REGION,TECHNOLOGY,FUEL,MODE_OF_OPERATION,YEAR,VALUE
GLOBAL,PWRBIOARGXX,BIOARGXX,1,2023,2.67
GLOBAL,PWRBIOARGXX,BIOARGXX,1,2024,2.67
GLOBAL,PWRBIOARGXX,BIOARGXX,1,2025,2.67
GLOBAL,PWRBIOARGXX,BIOARGXX,1,2026,2.67
GLOBAL,PWRBIOARGXX,BIOARGXX,1,2027,2.67
GLOBAL,PWRBIOARGXX,BIOARGXX,1,2028,2.67
GLOBAL,PWRBIOARGXX,BIOARGXX,1,2029,2.67
GLOBAL,PWRBIOARGXX,BIOARGXX,1,2030,2.67
GLOBAL,PWRBIOARGXX,BIOARGXX,1,2031,2.67
GLOBAL,PWRBIOARGXX,BIOARGXX,1,2032,2.67
GLOBAL,PWRBIOARGXX,BIOARGXX,1,2033,2.67
GLOBAL,PWRBIOARGXX,BIOARGXX,1,2034,2.67
GLOBAL,PWRBIOARGXX,BIOARGXX,1,2035,2.67
GLOBAL,PWRBIOARGXX,BIOARGXX,1,2036,2.67
GLOBAL,PWRBIOARGXX,BIOARGXX,1,2037,2.67
GLOBAL,PWRBIOARGXX,BIOARGXX,1,2038,2.67
GLOBAL,PWRBIOARGXX,BIOARGXX,1,2039,2.67
GLOBAL,PWRBIOARGXX,BIOARGXX,1,2040,2.67
GLOBAL,PWRBIOARGXX,BIOARGXX,1,2041,2.67
GLOBAL,PWRBIOARGXX,BIOARGXX,1,2042,2.67
GLOBAL,PWRBIOARGXX,BIOARGXX,1,2043,2.67
GLOBAL,PWRBIOARGXX,BIOARGXX,1,2044,2.67
GLOBAL,PWRBIOARGXX,BIOARGXX,1,2045,2.67
GLOBAL,PWRBIOARGXX,BIOARGXX,1,2046,2.67
GLOBAL,PWRBIOARGXX,BIOARGXX,1,2047,2.67
GLOBAL,PWRBIOARGXX,BIOARGXX,1,2048,2.67
GLOBAL,PWRBIOARGXX,BIOARGXX,1,2049,2.67
GLOBAL,PWRBIOARGXX,BIOARGXX,1,2050,2.67
GLOBAL,PWRBIOBOLXX,BIOBOLXX,1,2023,2.75
GLOBAL,PWRBIOBOLXX,BIOBOLXX,1,2024,2.75
GLOBAL,PWRBIOBOLXX,BIOBOLXX,1,2025,2.75
GLOBAL,PWRBIOBOLXX,BIOBOLXX,1,2026,2.75
GLOBAL,PWRBIOBOLXX,BIOBOLXX,1,2027,2.75
GLOBAL,PWRBIOBOLXX,BIOBOLXX,1,2028,2.75
GLOBAL,PWRBIOBOLXX,BIOBOLXX,1,2029,2.75
GLOBAL,PWRBIOBOLXX,BIOBOLXX,1,2030,2.75
GLOBAL,PWRBIOBOLXX,BIOBOLXX,1,2031,2.75
GLOBAL,PWRBIOBOLXX,BIOBOLXX,1,2032,2.75
GLOBAL,PWRBIOBOLXX,BIOBOLXX,1,2033,2.75
GLOBAL,PWRBIOBOLXX,BIOBOLXX,1,2034,2.75
GLOBAL,PWRBIOBOLXX,BIOBOLXX,1,2035,2.75
GLOBAL,PWRBIOBOLXX,BIOBOLXX,1,2036,2.75
GLOBAL,PWRBIOBOLXX,BIOBOLXX,1,2037,2.75
GLOBAL,PWRBIOBOLXX,BIOBOLXX,1,2038,2.75
GLOBAL,PWRBIOBOLXX,BIOBOLXX,1,2039,2.75
GLOBAL,PWRBIOBOLXX,BIOBOLXX,1,2040,2.75
GLOBAL,PWRBIOBOLXX,BIOBOLXX,1,2041,2.75
GLOBAL,PWRBIOBOLXX,BIOBOLXX,1,2042,2.75
GLOBAL,PWRBIOBOLXX,BIOBOLXX,1,2043,2.75
GLOBAL,PWRBIOBOLXX,BIOBOLXX,1,2044,2.75
GLOBAL,PWRBIOBOLXX,BIOBOLXX,1,2045,2.75
GLOBAL,PWRBIOBOLXX,BIOBOLXX,1,2046,2.75
GLOBAL,PWRBIOBOLXX,BIOBOLXX,1,2047,2.75
GLOBAL,PWRBIOBOLXX,BIOBOLXX,1,2048,2.75
GLOBAL,PWRBIOBOLXX,BIOBOLXX,1,2049,2.75
GLOBAL,PWRBIOBOLXX,BIOBOLXX,1,2050,2.75
GLOBAL,PWRBIOBRAXX,BIOBRAXX,1,2023,3.768571428571428
GLOBAL,PWRBIOBRAXX,BIOBRAXX,1,2024,3.768571428571428
GLOBAL,PWRBIOBRAXX,BIOBRAXX,1,2025,3.768571428571428
GLOBAL,PWRBIOBRAXX,BIOBRAXX,1,2026,3.768571428571428
GLOBAL,PWRBIOBRAXX,BIOBRAXX,1,2027,3.768571428571428
GLOBAL,PWRBIOBRAXX,BIOBRAXX,1,2028,3.768571428571428
GLOBAL,PWRBIOBRAXX,BIOBRAXX,1,2029,3.768571428571428
GLOBAL,PWRBIOBRAXX,BIOBRAXX,1,2030,3.768571428571428
GLOBAL,PWRBIOBRAXX,BIOBRAXX,1,2031,3.768571428571428
GLOBAL,PWRBIOBRAXX,BIOBRAXX,1,2032,3.768571428571428
GLOBAL,PWRBIOBRAXX,BIOBRAXX,1,2033,3.768571428571428
GLOBAL,PWRBIOBRAXX,BIOBRAXX,1,2034,3.768571428571428
GLOBAL,PWRBIOBRAXX,BIOBRAXX,1,2035,3.768571428571428
GLOBAL,PWRBIOBRAXX,BIOBRAXX,1,2036,3.768571428571428
GLOBAL,PWRBIOBRAXX,BIOBRAXX,1,2037,3.768571428571428
GLOBAL,PWRBIOBRAXX,BIOBRAXX,1,2038,3.768571428571428
GLOBAL,PWRBIOBRAXX,BIOBRAXX,1,2039,3.768571428571428
GLOBAL,PWRBIOBRAXX,BIOBRAXX,1,2040,3.768571428571428
GLOBAL,PWRBIOBRAXX,BIOBRAXX,1,2041,3.768571428571428
GLOBAL,PWRBIOBRAXX,BIOBRAXX,1,2042,3.768571428571428
GLOBAL,PWRBIOBRAXX,BIOBRAXX,1,2043,3.768571428571428
GLOBAL,PWRBIOBRAXX,BIOBRAXX,1,2044,3.768571428571428
GLOBAL,PWRBIOBRAXX,BIOBRAXX,1,2045,3.768571428571428
GLOBAL,PWRBIOBRAXX,BIOBRAXX,1,2046,3.768571428571428
GLOBAL,PWRBIOBRAXX,BIOBRAXX,1,2047,3.768571428571428
GLOBAL,PWRBIOBRAXX,BIOBRAXX,1,2048,3.768571428571428
GLOBAL,PWRBIOBRAXX,BIOBRAXX,1,2049,3.768571428571428
GLOBAL,PWRBIOBRAXX,BIOBRAXX,1,2050,3.768571428571428
GLOBAL,PWRBIOBRBXX,BIOBRBXX,1,2023,3.7
GLOBAL,PWRBIOBRBXX,BIOBRBXX,1,2024,3.7
GLOBAL,PWRBIOBRBXX,BIOBRBXX,1,2025,3.7
GLOBAL,PWRBIOBRBXX,BIOBRBXX,1,2026,3.7
GLOBAL,PWRBIOBRBXX,BIOBRBXX,1,2027,3.7
GLOBAL,PWRBIOBRBXX,BIOBRBXX,1,2028,3.7
GLOBAL,PWRBIOBRBXX,BIOBRBXX,1,2029,3.7
GLOBAL,PWRBIOBRBXX,BIOBRBXX,1,2030,3.7
GLOBAL,PWRBIOBRBXX,BIOBRBXX,1,2031,3.7
GLOBAL,PWRBIOBRBXX,BIOBRBXX,1,2032,3.7
GLOBAL,PWRBIOBRBXX,BIOBRBXX,1,2033,3.7
GLOBAL,PWRBIOBRBXX,BIOBRBXX,1,2034,3.7
GLOBAL,PWRBIOBRBXX,BIOBRBXX,1,2035,3.7
GLOBAL,PWRBIOBRBXX,BIOBRBXX,1,2036,3.7
GLOBAL,PWRBIOBRBXX,BIOBRBXX,1,2037,3.7
GLOBAL,PWRBIOBRBXX,BIOBRBXX,1,2038,3.7
GLOBAL,PWRBIOBRBXX,BIOBRBXX,1,2039,3.7
GLOBAL,PWRBIOBRBXX,BIOBRBXX,1,2040,3.7
GLOBAL,PWRBIOBRBXX,BIOBRBXX,1,2041,3.7
GLOBAL,PWRBIOBRBXX,BIOBRBXX,1,2042,3.7
GLOBAL,PWRBIOBRBXX,BIOBRBXX,1,2043,3.7
GLOBAL,PWRBIOBRBXX,BIOBRBXX,1,2044,3.7
GLOBAL,PWRBIOBRBXX,BIOBRBXX,1,2045,3.7
GLOBAL,PWRBIOBRBXX,BIOBRBXX,1,2046,3.7
GLOBAL,PWRBIOBRBXX,BIOBRBXX,1,2047,3.7
GLOBAL,PWRBIOBRBXX,BIOBRBXX,1,2048,3.7
GLOBAL,PWRBIOBRBXX,BIOBRBXX,1,2049,3.7
GLOBAL,PWRBIOBRBXX,BIOBRBXX,1,2050,3.7
GLOBAL,PWRBIOCHLXX,BIOCHLXX,1,2023,3.79
GLOBAL,PWRBIOCHLXX,BIOCHLXX,1,2024,3.79
GLOBAL,PWRBIOCHLXX,BIOCHLXX,1,2025,3.79
GLOBAL,PWRBIOCHLXX,BIOCHLXX,1,2026,3.79
GLOBAL,PWRBIOCHLXX,BIOCHLXX,1,2027,3.79
GLOBAL,PWRBIOCHLXX,BIOCHLXX,1,2028,3.79
GLOBAL,PWRBIOCHLXX,BIOCHLXX,1,2029,3.79
GLOBAL,PWRBIOCHLXX,BIOCHLXX,1,2030,3.79
GLOBAL,PWRBIOCHLXX,BIOCHLXX,1,2031,3.79
GLOBAL,PWRBIOCHLXX,BIOCHLXX,1,2032,3.79
GLOBAL,PWRBIOCHLXX,BIOCHLXX,1,2033,3.79
GLOBAL,PWRBIOCHLXX,BIOCHLXX,1,2034,3.79
GLOBAL,PWRBIOCHLXX,BIOCHLXX,1,2035,3.79
GLOBAL,PWRBIOCHLXX,BIOCHLXX,1,2036,3.79
GLOBAL,PWRBIOCHLXX,BIOCHLXX,1,2037,3.79
GLOBAL,PWRBIOCHLXX,BIOCHLXX,1,2038,3.79
GLOBAL,PWRBIOCHLXX,BIOCHLXX,1,2039,3.79
GLOBAL,PWRBIOCHLXX,BIOCHLXX,1,2040,3.79
GLOBAL,PWRBIOCHLXX,BIOCHLXX,1,2041,3.79
GLOBAL,PWRBIOCHLXX,BIOCHLXX,1,2042,3.79
GLOBAL,PWRBIOCHLXX,BIOCHLXX,1,2043,3.79
GLOBAL,PWRBIOCHLXX,BIOCHLXX,1,2044,3.79
GLOBAL,PWRBIOCHLXX,BIOCHLXX,1,2045,3.79
GLOBAL,PWRBIOCHLXX,BIOCHLXX,1,2046,3.79
GLOBAL,PWRBIOCHLXX,BIOCHLXX,1,2047,3.79
GLOBAL,PWRBIOCHLXX,BIOCHLXX,1,2048,3.79
GLOBAL,PWRBIOCHLXX,BIOCHLXX,1,2049,3.79
GLOBAL,PWRBIOCHLXX,BIOCHLXX,1,2050,3.79
GLOBAL,PWRBIOCOLXX,BIOCOLXX,1,2023,2.94
GLOBAL,PWRBIOCOLXX,BIOCOLXX,1,2024,2.94
GLOBAL,PWRBIOCOLXX,BIOCOLXX,1,2025,2.94
GLOBAL,PWRBIOCOLXX,BIOCOLXX,1,2026,2.94
GLOBAL,PWRBIOCOLXX,BIOCOLXX,1,2027,2.94
GLOBAL,PWRBIOCOLXX,BIOCOLXX,1,2028,2.94
GLOBAL,PWRBIOCOLXX,BIOCOLXX,1,2029,2.94
GLOBAL,PWRBIOCOLXX,BIOCOLXX,1,2030,2.94
GLOBAL,PWRBIOCOLXX,BIOCOLXX,1,2031,2.94
GLOBAL,PWRBIOCOLXX,BIOCOLXX,1,2032,2.94
GLOBAL,PWRBIOCOLXX,BIOCOLXX,1,2033,2.94
GLOBAL,PWRBIOCOLXX,BIOCOLXX,1,2034,2.94
GLOBAL,PWRBIOCOLXX,BIOCOLXX,1,2035,2.94
GLOBAL,PWRBIOCOLXX,BIOCOLXX,1,2036,2.94
GLOBAL,PWRBIOCOLXX,BIOCOLXX,1,2037,2.94
GLOBAL,PWRBIOCOLXX,BIOCOLXX,1,2038,2.94
GLOBAL,PWRBIOCOLXX,BIOCOLXX,1,2039,2.94
GLOBAL,PWRBIOCOLXX,BIOCOLXX,1,2040,2.94
GLOBAL,PWRBIOCOLXX,BIOCOLXX,1,2041,2.94
GLOBAL,PWRBIOCOLXX,BIOCOLXX,1,2042,2.94
GLOBAL,PWRBIOCOLXX,BIOCOLXX,1,2043,2.94
GLOBAL,PWRBIOCOLXX,BIOCOLXX,1,2044,2.94
GLOBAL,PWRBIOCOLXX,BIOCOLXX,1,2045,2.94
GLOBAL,PWRBIOCOLXX,BIOCOLXX,1,2046,2.94
GLOBAL,PWRBIOCOLXX,BIOCOLXX,1,2047,2.94
GLOBAL,PWRBIOCOLXX,BIOCOLXX,1,2048,2.94
GLOBAL,PWRBIOCOLXX,BIOCOLXX,1,2049,2.94
GLOBAL,PWRBIOCOLXX,BIOCOLXX,1,2050,2.94
GLOBAL,PWRBIOCRIXX,BIOCRIXX,1,2023,3.6
GLOBAL,PWRBIOCRIXX,BIOCRIXX,1,2024,3.6
GLOBAL,PWRBIOCRIXX,BIOCRIXX,1,2025,3.6
GLOBAL,PWRBIOCRIXX,BIOCRIXX,1,2026,3.6
GLOBAL,PWRBIOCRIXX,BIOCRIXX,1,2027,3.6
GLOBAL,PWRBIOCRIXX,BIOCRIXX,1,2028,3.6
GLOBAL,PWRBIOCRIXX,BIOCRIXX,1,2029,3.6
GLOBAL,PWRBIOCRIXX,BIOCRIXX,1,2030,3.6
GLOBAL,PWRBIOCRIXX,BIOCRIXX,1,2031,3.6
GLOBAL,PWRBIOCRIXX,BIOCRIXX,1,2032,3.6
GLOBAL,PWRBIOCRIXX,BIOCRIXX,1,2033,3.6
GLOBAL,PWRBIOCRIXX,BIOCRIXX,1,2034,3.6
GLOBAL,PWRBIOCRIXX,BIOCRIXX,1,2035,3.6
GLOBAL,PWRBIOCRIXX,BIOCRIXX,1,2036,3.6
GLOBAL,PWRBIOCRIXX,BIOCRIXX,1,2037,3.6
GLOBAL,PWRBIOCRIXX,BIOCRIXX,1,2038,3.6
GLOBAL,PWRBIOCRIXX,BIOCRIXX,1,2039,3.6
GLOBAL,PWRBIOCRIXX,BIOCRIXX,1,2040,3.6
GLOBAL,PWRBIOCRIXX,BIOCRIXX,1,2041,3.6
GLOBAL,PWRBIOCRIXX,BIOCRIXX,1,2042,3.6
GLOBAL,PWRBIOCRIXX,BIOCRIXX,1,2043,3.6
GLOBAL,PWRBIOCRIXX,BIOCRIXX,1,2044,3.6
GLOBAL,PWRBIOCRIXX,BIOCRIXX,1,2045,3.6
GLOBAL,PWRBIOCRIXX,BIOCRIXX,1,2046,3.6
GLOBAL,PWRBIOCRIXX,BIOCRIXX,1,2047,3.6
GLOBAL,PWRBIOCRIXX,BIOCRIXX,1,2048,3.6
GLOBAL,PWRBIOCRIXX,BIOCRIXX,1,2049,3.6
GLOBAL,PWRBIOCRIXX,BIOCRIXX,1,2050,3.6
GLOBAL,PWRBIODOMXX,BIODOMXX,1,2023,3.85
GLOBAL,PWRBIODOMXX,BIODOMXX,1,2024,3.85
GLOBAL,PWRBIODOMXX,BIODOMXX,1,2025,3.85
GLOBAL,PWRBIODOMXX,BIODOMXX,1,2026,3.85
GLOBAL,PWRBIODOMXX,BIODOMXX,1,2027,3.85
GLOBAL,PWRBIODOMXX,BIODOMXX,1,2028,3.85
GLOBAL,PWRBIODOMXX,BIODOMXX,1,2029,3.85
GLOBAL,PWRBIODOMXX,BIODOMXX,1,2030,3.85
GLOBAL,PWRBIODOMXX,BIODOMXX,1,2031,3.85
GLOBAL,PWRBIODOMXX,BIODOMXX,1,2032,3.85
GLOBAL,PWRBIODOMXX,BIODOMXX,1,2033,3.85
GLOBAL,PWRBIODOMXX,BIODOMXX,1,2034,3.85
GLOBAL,PWRBIODOMXX,BIODOMXX,1,2035,3.85
GLOBAL,PWRBIODOMXX,BIODOMXX,1,2036,3.85
GLOBAL,PWRBIODOMXX,BIODOMXX,1,2037,3.85
GLOBAL,PWRBIODOMXX,BIODOMXX,1,2038,3.85
GLOBAL,PWRBIODOMXX,BIODOMXX,1,2039,3.85
GLOBAL,PWRBIODOMXX,BIODOMXX,1,2040,3.85
GLOBAL,PWRBIODOMXX,BIODOMXX,1,2041,3.85
GLOBAL,PWRBIODOMXX,BIODOMXX,1,2042,3.85
GLOBAL,PWRBIODOMXX,BIODOMXX,1,2043,3.85
GLOBAL,PWRBIODOMXX,BIODOMXX,1,2044,3.85
GLOBAL,PWRBIODOMXX,BIODOMXX,1,2045,3.85
GLOBAL,PWRBIODOMXX,BIODOMXX,1,2046,3.85
GLOBAL,PWRBIODOMXX,BIODOMXX,1,2047,3.85
GLOBAL,PWRBIODOMXX,BIODOMXX,1,2048,3.85
GLOBAL,PWRBIODOMXX,BIODOMXX,1,2049,3.85
GLOBAL,PWRBIODOMXX,BIODOMXX,1,2050,3.85
GLOBAL,PWRBIOECUXX,BIOECUXX,1,2023,2.81
GLOBAL,PWRBIOECUXX,BIOECUXX,1,2024,2.81
GLOBAL,PWRBIOECUXX,BIOECUXX,1,2025,2.81
GLOBAL,PWRBIOECUXX,BIOECUXX,1,2026,2.81
GLOBAL,PWRBIOECUXX,BIOECUXX,1,2027,2.81
GLOBAL,PWRBIOECUXX,BIOECUXX,1,2028,2.81
GLOBAL,PWRBIOECUXX,BIOECUXX,1,2029,2.81
GLOBAL,PWRBIOECUXX,BIOECUXX,1,2030,2.81
GLOBAL,PWRBIOECUXX,BIOECUXX,1,2031,2.81
GLOBAL,PWRBIOECUXX,BIOECUXX,1,2032,2.81
GLOBAL,PWRBIOECUXX,BIOECUXX,1,2033,2.81
GLOBAL,PWRBIOECUXX,BIOECUXX,1,2034,2.81
GLOBAL,PWRBIOECUXX,BIOECUXX,1,2035,2.81
GLOBAL,PWRBIOECUXX,BIOECUXX,1,2036,2.81
GLOBAL,PWRBIOECUXX,BIOECUXX,1,2037,2.81
GLOBAL,PWRBIOECUXX,BIOECUXX,1,2038,2.81
GLOBAL,PWRBIOECUXX,BIOECUXX,1,2039,2.81
GLOBAL,PWRBIOECUXX,BIOECUXX,1,2040,2.81
GLOBAL,PWRBIOECUXX,BIOECUXX,1,2041,2.81
GLOBAL,PWRBIOECUXX,BIOECUXX,1,2042,2.81
GLOBAL,PWRBIOECUXX,BIOECUXX,1,2043,2.81
GLOBAL,PWRBIOECUXX,BIOECUXX,1,2044,2.81
GLOBAL,PWRBIOECUXX,BIOECUXX,1,2045,2.81
GLOBAL,PWRBIOECUXX,BIOECUXX,1,2046,2.81
GLOBAL,PWRBIOECUXX,BIOECUXX,1,2047,2.81
GLOBAL,PWRBIOECUXX,BIOECUXX,1,2048,2.81
GLOBAL,PWRBIOECUXX,BIOECUXX,1,2049,2.81
GLOBAL,PWRBIOECUXX,BIOECUXX,1,2050,2.81
GLOBAL,PWRBIOGTMXX,BIOGTMXX,1,2023,3.34
GLOBAL,PWRBIOGTMXX,BIOGTMXX,1,2024,3.34
GLOBAL,PWRBIOGTMXX,BIOGTMXX,1,2025,3.34
GLOBAL,PWRBIOGTMXX,BIOGTMXX,1,2026,3.34
GLOBAL,PWRBIOGTMXX,BIOGTMXX,1,2027,3.34
GLOBAL,PWRBIOGTMXX,BIOGTMXX,1,2028,3.34
GLOBAL,PWRBIOGTMXX,BIOGTMXX,1,2029,3.34
GLOBAL,PWRBIOGTMXX,BIOGTMXX,1,2030,3.34
GLOBAL,PWRBIOGTMXX,BIOGTMXX,1,2031,3.34
GLOBAL,PWRBIOGTMXX,BIOGTMXX,1,2032,3.34
GLOBAL,PWRBIOGTMXX,BIOGTMXX,1,2033,3.34
GLOBAL,PWRBIOGTMXX,BIOGTMXX,1,2034,3.34
GLOBAL,PWRBIOGTMXX,BIOGTMXX,1,2035,3.34
GLOBAL,PWRBIOGTMXX,BIOGTMXX,1,2036,3.34
GLOBAL,PWRBIOGTMXX,BIOGTMXX,1,2037,3.34
GLOBAL,PWRBIOGTMXX,BIOGTMXX,1,2038,3.34
GLOBAL,PWRBIOGTMXX,BIOGTMXX,1,2039,3.34
GLOBAL,PWRBIOGTMXX,BIOGTMXX,1,2040,3.34
GLOBAL,PWRBIOGTMXX,BIOGTMXX,1,2041,3.34
GLOBAL,PWRBIOGTMXX,BIOGTMXX,1,2042,3.34
GLOBAL,PWRBIOGTMXX,BIOGTMXX,1,2043,3.34
GLOBAL,PWRBIOGTMXX,BIOGTMXX,1,2044,3.34
GLOBAL,PWRBIOGTMXX,BIOGTMXX,1,2045,3.34
GLOBAL,PWRBIOGTMXX,BIOGTMXX,1,2046,3.34
GLOBAL,PWRBIOGTMXX,BIOGTMXX,1,2047,3.34
GLOBAL,PWRBIOGTMXX,BIOGTMXX,1,2048,3.34
GLOBAL,PWRBIOGTMXX,BIOGTMXX,1,2049,3.34
GLOBAL,PWRBIOGTMXX,BIOGTMXX,1,2050,3.34
GLOBAL,PWRBIOHNDXX,BIOHNDXX,1,2023,3.67
GLOBAL,PWRBIOHNDXX,BIOHNDXX,1,2024,3.67
GLOBAL,PWRBIOHNDXX,BIOHNDXX,1,2025,3.67
GLOBAL,PWRBIOHNDXX,BIOHNDXX,1,2026,3.67
GLOBAL,PWRBIOHNDXX,BIOHNDXX,1,2027,3.67
GLOBAL,PWRBIOHNDXX,BIOHNDXX,1,2028,3.67
GLOBAL,PWRBIOHNDXX,BIOHNDXX,1,2029,3.67
GLOBAL,PWRBIOHNDXX,BIOHNDXX,1,2030,3.67
GLOBAL,PWRBIOHNDXX,BIOHNDXX,1,2031,3.67
GLOBAL,PWRBIOHNDXX,BIOHNDXX,1,2032,3.67
GLOBAL,PWRBIOHNDXX,BIOHNDXX,1,2033,3.67
GLOBAL,PWRBIOHNDXX,BIOHNDXX,1,2034,3.67
GLOBAL,PWRBIOHNDXX,BIOHNDXX,1,2035,3.67
GLOBAL,PWRBIOHNDXX,BIOHNDXX,1,2036,3.67
GLOBAL,PWRBIOHNDXX,BIOHNDXX,1,2037,3.67
GLOBAL,PWRBIOHNDXX,BIOHNDXX,1,2038,3.67
GLOBAL,PWRBIOHNDXX,BIOHNDXX,1,2039,3.67
GLOBAL,PWRBIOHNDXX,BIOHNDXX,1,2040,3.67
GLOBAL,PWRBIOHNDXX,BIOHNDXX,1,2041,3.67
GLOBAL,PWRBIOHNDXX,BIOHNDXX,1,2042,3.67
GLOBAL,PWRBIOHNDXX,BIOHNDXX,1,2043,3.67
GLOBAL,PWRBIOHNDXX,BIOHNDXX,1,2044,3.67
GLOBAL,PWRBIOHNDXX,BIOHNDXX,1,2045,3.67
GLOBAL,PWRBIOHNDXX,BIOHNDXX,1,2046,3.67
GLOBAL,PWRBIOHNDXX,BIOHNDXX,1,2047,3.67
GLOBAL,PWRBIOHNDXX,BIOHNDXX,1,2048,3.67
GLOBAL,PWRBIOHNDXX,BIOHNDXX,1,2049,3.67
GLOBAL,PWRBIOHNDXX,BIOHNDXX,1,2050,3.67
GLOBAL,PWRBIOHTIXX,BIOHTIXX,1,2023,3.67
GLOBAL,PWRBIOHTIXX,BIOHTIXX,1,2024,3.67
GLOBAL,PWRBIOHTIXX,BIOHTIXX,1,2025,3.67
GLOBAL,PWRBIOHTIXX,BIOHTIXX,1,2026,3.67
GLOBAL,PWRBIOHTIXX,BIOHTIXX,1,2027,3.67
GLOBAL,PWRBIOHTIXX,BIOHTIXX,1,2028,3.67
GLOBAL,PWRBIOHTIXX,BIOHTIXX,1,2029,3.67
GLOBAL,PWRBIOHTIXX,BIOHTIXX,1,2030,3.67
GLOBAL,PWRBIOHTIXX,BIOHTIXX,1,2031,3.67
GLOBAL,PWRBIOHTIXX,BIOHTIXX,1,2032,3.67
GLOBAL,PWRBIOHTIXX,BIOHTIXX,1,2033,3.67
GLOBAL,PWRBIOHTIXX,BIOHTIXX,1,2034,3.67
GLOBAL,PWRBIOHTIXX,BIOHTIXX,1,2035,3.67
GLOBAL,PWRBIOHTIXX,BIOHTIXX,1,2036,3.67
GLOBAL,PWRBIOHTIXX,BIOHTIXX,1,2037,3.67
GLOBAL,PWRBIOHTIXX,BIOHTIXX,1,2038,3.67
GLOBAL,PWRBIOHTIXX,BIOHTIXX,1,2039,3.67
GLOBAL,PWRBIOHTIXX,BIOHTIXX,1,2040,3.67
GLOBAL,PWRBIOHTIXX,BIOHTIXX,1,2041,3.67
GLOBAL,PWRBIOHTIXX,BIOHTIXX,1,2042,3.67
GLOBAL,PWRBIOHTIXX,BIOHTIXX,1,2043,3.67
GLOBAL,PWRBIOHTIXX,BIOHTIXX,1,2044,3.67
GLOBAL,PWRBIOHTIXX,BIOHTIXX,1,2045,3.67
GLOBAL,PWRBIOHTIXX,BIOHTIXX,1,2046,3.67
GLOBAL,PWRBIOHTIXX,BIOHTIXX,1,2047,3.67
GLOBAL,PWRBIOHTIXX,BIOHTIXX,1,2048,3.67
GLOBAL,PWRBIOHTIXX,BIOHTIXX,1,2049,3.67
GLOBAL,PWRBIOHTIXX,BIOHTIXX,1,2050,3.67
GLOBAL,PWRBIOMEXXX,BIOMEXXX,1,2023,3.88
GLOBAL,PWRBIOMEXXX,BIOMEXXX,1,2024,3.88
GLOBAL,PWRBIOMEXXX,BIOMEXXX,1,2025,3.88
GLOBAL,PWRBIOMEXXX,BIOMEXXX,1,2026,3.88
GLOBAL,PWRBIOMEXXX,BIOMEXXX,1,2027,3.88
GLOBAL,PWRBIOMEXXX,BIOMEXXX,1,2028,3.88
GLOBAL,PWRBIOMEXXX,BIOMEXXX,1,2029,3.88
GLOBAL,PWRBIOMEXXX,BIOMEXXX,1,2030,3.88
GLOBAL,PWRBIOMEXXX,BIOMEXXX,1,2031,3.88
GLOBAL,PWRBIOMEXXX,BIOMEXXX,1,2032,3.88
GLOBAL,PWRBIOMEXXX,BIOMEXXX,1,2033,3.88
GLOBAL,PWRBIOMEXXX,BIOMEXXX,1,2034,3.88
GLOBAL,PWRBIOMEXXX,BIOMEXXX,1,2035,3.88
GLOBAL,PWRBIOMEXXX,BIOMEXXX,1,2036,3.88
GLOBAL,PWRBIOMEXXX,BIOMEXXX,1,2037,3.88
GLOBAL,PWRBIOMEXXX,BIOMEXXX,1,2038,3.88
GLOBAL,PWRBIOMEXXX,BIOMEXXX,1,2039,3.88
GLOBAL,PWRBIOMEXXX,BIOMEXXX,1,2040,3.88
GLOBAL,PWRBIOMEXXX,BIOMEXXX,1,2041,3.88
GLOBAL,PWRBIOMEXXX,BIOMEXXX,1,2042,3.88
GLOBAL,PWRBIOMEXXX,BIOMEXXX,1,2043,3.88
GLOBAL,PWRBIOMEXXX,BIOMEXXX,1,2044,3.88
GLOBAL,PWRBIOMEXXX,BIOMEXXX,1,2045,3.88
GLOBAL,PWRBIOMEXXX,BIOMEXXX,1,2046,3.88
GLOBAL,PWRBIOMEXXX,BIOMEXXX,1,2047,3.88
GLOBAL,PWRBIOMEXXX,BIOMEXXX,1,2048,3.88
GLOBAL,PWRBIOMEXXX,BIOMEXXX,1,2049,3.88
GLOBAL,PWRBIOMEXXX,BIOMEXXX,1,2050,3.88
GLOBAL,PWRBIONICXX,BIONICXX,1,2023,3.86
GLOBAL,PWRBIONICXX,BIONICXX,1,2024,3.86
GLOBAL,PWRBIONICXX,BIONICXX,1,2025,3.86
GLOBAL,PWRBIONICXX,BIONICXX,1,2026,3.86
GLOBAL,PWRBIONICXX,BIONICXX,1,2027,3.86
GLOBAL,PWRBIONICXX,BIONICXX,1,2028,3.86
GLOBAL,PWRBIONICXX,BIONICXX,1,2029,3.86
GLOBAL,PWRBIONICXX,BIONICXX,1,2030,3.86
GLOBAL,PWRBIONICXX,BIONICXX,1,2031,3.86
GLOBAL,PWRBIONICXX,BIONICXX,1,2032,3.86
GLOBAL,PWRBIONICXX,BIONICXX,1,2033,3.86
GLOBAL,PWRBIONICXX,BIONICXX,1,2034,3.86
GLOBAL,PWRBIONICXX,BIONICXX,1,2035,3.86
GLOBAL,PWRBIONICXX,BIONICXX,1,2036,3.86
GLOBAL,PWRBIONICXX,BIONICXX,1,2037,3.86
GLOBAL,PWRBIONICXX,BIONICXX,1,2038,3.86
GLOBAL,PWRBIONICXX,BIONICXX,1,2039,3.86
GLOBAL,PWRBIONICXX,BIONICXX,1,2040,3.86
GLOBAL,PWRBIONICXX,BIONICXX,1,2041,3.86
GLOBAL,PWRBIONICXX,BIONICXX,1,2042,3.86
GLOBAL,PWRBIONICXX,BIONICXX,1,2043,3.86
GLOBAL,PWRBIONICXX,BIONICXX,1,2044,3.86
GLOBAL,PWRBIONICXX,BIONICXX,1,2045,3.86
GLOBAL,PWRBIONICXX,BIONICXX,1,2046,3.86
GLOBAL,PWRBIONICXX,BIONICXX,1,2047,3.86
GLOBAL,PWRBIONICXX,BIONICXX,1,2048,3.86
GLOBAL,PWRBIONICXX,BIONICXX,1,2049,3.86
GLOBAL,PWRBIONICXX,BIONICXX,1,2050,3.86
GLOBAL,PWRBIOPANXX,BIOPANXX,1,2023,3.67
GLOBAL,PWRBIOPANXX,BIOPANXX,1,2024,3.67
GLOBAL,PWRBIOPANXX,BIOPANXX,1,2025,3.67
GLOBAL,PWRBIOPANXX,BIOPANXX,1,2026,3.67
GLOBAL,PWRBIOPANXX,BIOPANXX,1,2027,3.67
GLOBAL,PWRBIOPANXX,BIOPANXX,1,2028,3.67
GLOBAL,PWRBIOPANXX,BIOPANXX,1,2029,3.67
GLOBAL,PWRBIOPANXX,BIOPANXX,1,2030,3.67
GLOBAL,PWRBIOPANXX,BIOPANXX,1,2031,3.67
GLOBAL,PWRBIOPANXX,BIOPANXX,1,2032,3.67
GLOBAL,PWRBIOPANXX,BIOPANXX,1,2033,3.67
GLOBAL,PWRBIOPANXX,BIOPANXX,1,2034,3.67
GLOBAL,PWRBIOPANXX,BIOPANXX,1,2035,3.67
GLOBAL,PWRBIOPANXX,BIOPANXX,1,2036,3.67
GLOBAL,PWRBIOPANXX,BIOPANXX,1,2037,3.67
GLOBAL,PWRBIOPANXX,BIOPANXX,1,2038,3.67
GLOBAL,PWRBIOPANXX,BIOPANXX,1,2039,3.67
GLOBAL,PWRBIOPANXX,BIOPANXX,1,2040,3.67
GLOBAL,PWRBIOPANXX,BIOPANXX,1,2041,3.67
GLOBAL,PWRBIOPANXX,BIOPANXX,1,2042,3.67
GLOBAL,PWRBIOPANXX,BIOPANXX,1,2043,3.67
GLOBAL,PWRBIOPANXX,BIOPANXX,1,2044,3.67
GLOBAL,PWRBIOPANXX,BIOPANXX,1,2045,3.67
GLOBAL,PWRBIOPANXX,BIOPANXX,1,2046,3.67
GLOBAL,PWRBIOPANXX,BIOPANXX,1,2047,3.67
GLOBAL,PWRBIOPANXX,BIOPANXX,1,2048,3.67
GLOBAL,PWRBIOPANXX,BIOPANXX,1,2049,3.67
GLOBAL,PWRBIOPANXX,BIOPANXX,1,2050,3.67
GLOBAL,PWRBIOPERXX,BIOPERXX,1,2023,2.59
GLOBAL,PWRBIOPERXX,BIOPERXX,1,2024,2.59
GLOBAL,PWRBIOPERXX,BIOPERXX,1,2025,2.59
GLOBAL,PWRBIOPERXX,BIOPERXX,1,2026,2.59
GLOBAL,PWRBIOPERXX,BIOPERXX,1,2027,2.59
GLOBAL,PWRBIOPERXX,BIOPERXX,1,2028,2.59
GLOBAL,PWRBIOPERXX,BIOPERXX,1,2029,2.59
GLOBAL,PWRBIOPERXX,BIOPERXX,1,2030,2.59
GLOBAL,PWRBIOPERXX,BIOPERXX,1,2031,2.59
GLOBAL,PWRBIOPERXX,BIOPERXX,1,2032,2.59
GLOBAL,PWRBIOPERXX,BIOPERXX,1,2033,2.59
GLOBAL,PWRBIOPERXX,BIOPERXX,1,2034,2.59
GLOBAL,PWRBIOPERXX,BIOPERXX,1,2035,2.59
GLOBAL,PWRBIOPERXX,BIOPERXX,1,2036,2.59
GLOBAL,PWRBIOPERXX,BIOPERXX,1,2037,2.59
GLOBAL,PWRBIOPERXX,BIOPERXX,1,2038,2.59
GLOBAL,PWRBIOPERXX,BIOPERXX,1,2039,2.59
GLOBAL,PWRBIOPERXX,BIOPERXX,1,2040,2.59
GLOBAL,PWRBIOPERXX,BIOPERXX,1,2041,2.59
GLOBAL,PWRBIOPERXX,BIOPERXX,1,2042,2.59
GLOBAL,PWRBIOPERXX,BIOPERXX,1,2043,2.59
GLOBAL,PWRBIOPERXX,BIOPERXX,1,2044,2.59
GLOBAL,PWRBIOPERXX,BIOPERXX,1,2045,2.59
GLOBAL,PWRBIOPERXX,BIOPERXX,1,2046,2.59
GLOBAL,PWRBIOPERXX,BIOPERXX,1,2047,2.59
GLOBAL,PWRBIOPERXX,BIOPERXX,1,2048,2.59
GLOBAL,PWRBIOPERXX,BIOPERXX,1,2049,2.59
GLOBAL,PWRBIOPERXX,BIOPERXX,1,2050,2.59
GLOBAL,PWRBIOPRYXX,BIOPRYXX,1,2023,3.6
GLOBAL,PWRBIOPRYXX,BIOPRYXX,1,2024,3.6
GLOBAL,PWRBIOPRYXX,BIOPRYXX,1,2025,3.6
GLOBAL,PWRBIOPRYXX,BIOPRYXX,1,2026,3.6
GLOBAL,PWRBIOPRYXX,BIOPRYXX,1,2027,3.6
GLOBAL,PWRBIOPRYXX,BIOPRYXX,1,2028,3.6
GLOBAL,PWRBIOPRYXX,BIOPRYXX,1,2029,3.6
GLOBAL,PWRBIOPRYXX,BIOPRYXX,1,2030,3.6
GLOBAL,PWRBIOPRYXX,BIOPRYXX,1,2031,3.6
GLOBAL,PWRBIOPRYXX,BIOPRYXX,1,2032,3.6
GLOBAL,PWRBIOPRYXX,BIOPRYXX,1,2033,3.6
GLOBAL,PWRBIOPRYXX,BIOPRYXX,1,2034,3.6
GLOBAL,PWRBIOPRYXX,BIOPRYXX,1,2035,3.6
GLOBAL,PWRBIOPRYXX,BIOPRYXX,1,2036,3.6
GLOBAL,PWRBIOPRYXX,BIOPRYXX,1,2037,3.6
GLOBAL,PWRBIOPRYXX,BIOPRYXX,1,2038,3.6
GLOBAL,PWRBIOPRYXX,BIOPRYXX,1,2039,3.6
GLOBAL,PWRBIOPRYXX,BIOPRYXX,1,2040,3.6
GLOBAL,PWRBIOPRYXX,BIOPRYXX,1,2041,3.6
GLOBAL,PWRBIOPRYXX,BIOPRYXX,1,2042,3.6
GLOBAL,PWRBIOPRYXX,BIOPRYXX,1,2043,3.6
GLOBAL,PWRBIOPRYXX,BIOPRYXX,1,2044,3.6
GLOBAL,PWRBIOPRYXX,BIOPRYXX,1,2045,3.6
GLOBAL,PWRBIOPRYXX,BIOPRYXX,1,2046,3.6
GLOBAL,PWRBIOPRYXX,BIOPRYXX,1,2047,3.6
GLOBAL,PWRBIOPRYXX,BIOPRYXX,1,2048,3.6
GLOBAL,PWRBIOPRYXX,BIOPRYXX,1,2049,3.6
GLOBAL,PWRBIOPRYXX,BIOPRYXX,1,2050,3.6
GLOBAL,PWRBIOSLVXX,BIOSLVXX,1,2023,3.08
GLOBAL,PWRBIOSLVXX,BIOSLVXX,1,2024,3.08
GLOBAL,PWRBIOSLVXX,BIOSLVXX,1,2025,3.08
GLOBAL,PWRBIOSLVXX,BIOSLVXX,1,2026,3.08
GLOBAL,PWRBIOSLVXX,BIOSLVXX,1,2027,3.08
GLOBAL,PWRBIOSLVXX,BIOSLVXX,1,2028,3.08
GLOBAL,PWRBIOSLVXX,BIOSLVXX,1,2029,3.08
GLOBAL,PWRBIOSLVXX,BIOSLVXX,1,2030,3.08
GLOBAL,PWRBIOSLVXX,BIOSLVXX,1,2031,3.08
GLOBAL,PWRBIOSLVXX,BIOSLVXX,1,2032,3.08
GLOBAL,PWRBIOSLVXX,BIOSLVXX,1,2033,3.08
GLOBAL,PWRBIOSLVXX,BIOSLVXX,1,2034,3.08
GLOBAL,PWRBIOSLVXX,BIOSLVXX,1,2035,3.08
GLOBAL,PWRBIOSLVXX,BIOSLVXX,1,2036,3.08
GLOBAL,PWRBIOSLVXX,BIOSLVXX,1,2037,3.08
GLOBAL,PWRBIOSLVXX,BIOSLVXX,1,2038,3.08
GLOBAL,PWRBIOSLVXX,BIOSLVXX,1,2039,3.08
GLOBAL,PWRBIOSLVXX,BIOSLVXX,1,2040,3.08
GLOBAL,PWRBIOSLVXX,BIOSLVXX,1,2041,3.08
GLOBAL,PWRBIOSLVXX,BIOSLVXX,1,2042,3.08
GLOBAL,PWRBIOSLVXX,BIOSLVXX,1,2043,3.08
GLOBAL,PWRBIOSLVXX,BIOSLVXX,1,2044,3.08
GLOBAL,PWRBIOSLVXX,BIOSLVXX,1,2045,3.08
GLOBAL,PWRBIOSLVXX,BIOSLVXX,1,2046,3.08
GLOBAL,PWRBIOSLVXX,BIOSLVXX,1,2047,3.08
GLOBAL,PWRBIOSLVXX,BIOSLVXX,1,2048,3.08
GLOBAL,PWRBIOSLVXX,BIOSLVXX,1,2049,3.08
GLOBAL,PWRBIOSLVXX,BIOSLVXX,1,2050,3.08
GLOBAL,PWRBIOURYXX,BIOURYXX,1,2023,3.59
GLOBAL,PWRBIOURYXX,BIOURYXX,1,2024,3.59
GLOBAL,PWRBIOURYXX,BIOURYXX,1,2025,3.59
GLOBAL,PWRBIOURYXX,BIOURYXX,1,2026,3.59
GLOBAL,PWRBIOURYXX,BIOURYXX,1,2027,3.59
GLOBAL,PWRBIOURYXX,BIOURYXX,1,2028,3.59
GLOBAL,PWRBIOURYXX,BIOURYXX,1,2029,3.59
GLOBAL,PWRBIOURYXX,BIOURYXX,1,2030,3.59
GLOBAL,PWRBIOURYXX,BIOURYXX,1,2031,3.59
GLOBAL,PWRBIOURYXX,BIOURYXX,1,2032,3.59
GLOBAL,PWRBIOURYXX,BIOURYXX,1,2033,3.59
GLOBAL,PWRBIOURYXX,BIOURYXX,1,2034,3.59
GLOBAL,PWRBIOURYXX,BIOURYXX,1,2035,3.59
GLOBAL,PWRBIOURYXX,BIOURYXX,1,2036,3.59
GLOBAL,PWRBIOURYXX,BIOURYXX,1,2037,3.59
GLOBAL,PWRBIOURYXX,BIOURYXX,1,2038,3.59
GLOBAL,PWRBIOURYXX,BIOURYXX,1,2039,3.59
GLOBAL,PWRBIOURYXX,BIOURYXX,1,2040,3.59
GLOBAL,PWRBIOURYXX,BIOURYXX,1,2041,3.59
GLOBAL,PWRBIOURYXX,BIOURYXX,1,2042,3.59
GLOBAL,PWRBIOURYXX,BIOURYXX,1,2043,3.59
GLOBAL,PWRBIOURYXX,BIOURYXX,1,2044,3.59
GLOBAL,PWRBIOURYXX,BIOURYXX,1,2045,3.59
GLOBAL,PWRBIOURYXX,BIOURYXX,1,2046,3.59
GLOBAL,PWRBIOURYXX,BIOURYXX,1,2047,3.59
GLOBAL,PWRBIOURYXX,BIOURYXX,1,2048,3.59
GLOBAL,PWRBIOURYXX,BIOURYXX,1,2049,3.59
GLOBAL,PWRBIOURYXX,BIOURYXX,1,2050,3.59
GLOBAL,PWRCCSARGXX,COAARG,1,2023,3.0
GLOBAL,PWRCCSARGXX,COAARG,1,2024,3.0
GLOBAL,PWRCCSARGXX,COAARG,1,2025,3.0
GLOBAL,PWRCCSARGXX,COAARG,1,2026,3.0
GLOBAL,PWRCCSARGXX,COAARG,1,2027,3.0
GLOBAL,PWRCCSARGXX,COAARG,1,2028,3.0
GLOBAL,PWRCCSARGXX,COAARG,1,2029,3.0
GLOBAL,PWRCCSARGXX,COAARG,1,2030,3.0
GLOBAL,PWRCCSARGXX,COAARG,1,2031,3.0
GLOBAL,PWRCCSARGXX,COAARG,1,2032,3.0
GLOBAL,PWRCCSARGXX,COAARG,1,2033,3.0
GLOBAL,PWRCCSARGXX,COAARG,1,2034,3.0
GLOBAL,PWRCCSARGXX,COAARG,1,2035,3.0
GLOBAL,PWRCCSARGXX,COAARG,1,2036,3.0
GLOBAL,PWRCCSARGXX,COAARG,1,2037,3.0
GLOBAL,PWRCCSARGXX,COAARG,1,2038,3.0
GLOBAL,PWRCCSARGXX,COAARG,1,2039,3.0
GLOBAL,PWRCCSARGXX,COAARG,1,2040,3.0
GLOBAL,PWRCCSARGXX,COAARG,1,2041,3.0
GLOBAL,PWRCCSARGXX,COAARG,1,2042,3.0
GLOBAL,PWRCCSARGXX,COAARG,1,2043,3.0
GLOBAL,PWRCCSARGXX,COAARG,1,2044,3.0
GLOBAL,PWRCCSARGXX,COAARG,1,2045,3.0
GLOBAL,PWRCCSARGXX,COAARG,1,2046,3.0
GLOBAL,PWRCCSARGXX,COAARG,1,2047,3.0
GLOBAL,PWRCCSARGXX,COAARG,1,2048,3.0
GLOBAL,PWRCCSARGXX,COAARG,1,2049,3.0
GLOBAL,PWRCCSARGXX,COAARG,1,2050,3.0
GLOBAL,PWRCCSARGXX,COAINT,2,2023,3.0
GLOBAL,PWRCCSARGXX,COAINT,2,2024,3.0
GLOBAL,PWRCCSARGXX,COAINT,2,2025,3.0
GLOBAL,PWRCCSARGXX,COAINT,2,2026,3.0
GLOBAL,PWRCCSARGXX,COAINT,2,2027,3.0
GLOBAL,PWRCCSARGXX,COAINT,2,2028,3.0
GLOBAL,PWRCCSARGXX,COAINT,2,2029,3.0
GLOBAL,PWRCCSARGXX,COAINT,2,2030,3.0
GLOBAL,PWRCCSARGXX,COAINT,2,2031,3.0
GLOBAL,PWRCCSARGXX,COAINT,2,2032,3.0
GLOBAL,PWRCCSARGXX,COAINT,2,2033,3.0
GLOBAL,PWRCCSARGXX,COAINT,2,2034,3.0
GLOBAL,PWRCCSARGXX,COAINT,2,2035,3.0
GLOBAL,PWRCCSARGXX,COAINT,2,2036,3.0
GLOBAL,PWRCCSARGXX,COAINT,2,2037,3.0
GLOBAL,PWRCCSARGXX,COAINT,2,2038,3.0
GLOBAL,PWRCCSARGXX,COAINT,2,2039,3.0
GLOBAL,PWRCCSARGXX,COAINT,2,2040,3.0
GLOBAL,PWRCCSARGXX,COAINT,2,2041,3.0
GLOBAL,PWRCCSARGXX,COAINT,2,2042,3.0
GLOBAL,PWRCCSARGXX,COAINT,2,2043,3.0
GLOBAL,PWRCCSARGXX,COAINT,2,2044,3.0
GLOBAL,PWRCCSARGXX,COAINT,2,2045,3.0
GLOBAL,PWRCCSARGXX,COAINT,2,2046,3.0
GLOBAL,PWRCCSARGXX,COAINT,2,2047,3.0
GLOBAL,PWRCCSARGXX,COAINT,2,2048,3.0
GLOBAL,PWRCCSARGXX,COAINT,2,2049,3.0
GLOBAL,PWRCCSARGXX,COAINT,2,2050,3.0
GLOBAL,PWRCCSBOLXX,COABOL,1,2023,3.0
GLOBAL,PWRCCSBOLXX,COABOL,1,2024,3.0
GLOBAL,PWRCCSBOLXX,COABOL,1,2025,3.0
GLOBAL,PWRCCSBOLXX,COABOL,1,2026,3.0
GLOBAL,PWRCCSBOLXX,COABOL,1,2027,3.0
GLOBAL,PWRCCSBOLXX,COABOL,1,2028,3.0
GLOBAL,PWRCCSBOLXX,COABOL,1,2029,3.0
GLOBAL,PWRCCSBOLXX,COABOL,1,2030,3.0
GLOBAL,PWRCCSBOLXX,COABOL,1,2031,3.0
GLOBAL,PWRCCSBOLXX,COABOL,1,2032,3.0
GLOBAL,PWRCCSBOLXX,COABOL,1,2033,3.0
GLOBAL,PWRCCSBOLXX,COABOL,1,2034,3.0
GLOBAL,PWRCCSBOLXX,COABOL,1,2035,3.0
GLOBAL,PWRCCSBOLXX,COABOL,1,2036,3.0
GLOBAL,PWRCCSBOLXX,COABOL,1,2037,3.0
GLOBAL,PWRCCSBOLXX,COABOL,1,2038,3.0
GLOBAL,PWRCCSBOLXX,COABOL,1,2039,3.0
GLOBAL,PWRCCSBOLXX,COABOL,1,2040,3.0
GLOBAL,PWRCCSBOLXX,COABOL,1,2041,3.0
GLOBAL,PWRCCSBOLXX,COABOL,1,2042,3.0
GLOBAL,PWRCCSBOLXX,COABOL,1,2043,3.0
GLOBAL,PWRCCSBOLXX,COABOL,1,2044,3.0
GLOBAL,PWRCCSBOLXX,COABOL,1,2045,3.0
GLOBAL,PWRCCSBOLXX,COABOL,1,2046,3.0
GLOBAL,PWRCCSBOLXX,COABOL,1,2047,3.0
GLOBAL,PWRCCSBOLXX,COABOL,1,2048,3.0
GLOBAL,PWRCCSBOLXX,COABOL,1,2049,3.0
GLOBAL,PWRCCSBOLXX,COABOL,1,2050,3.0
GLOBAL,PWRCCSBOLXX,COAINT,2,2023,3.0
GLOBAL,PWRCCSBOLXX,COAINT,2,2024,3.0
GLOBAL,PWRCCSBOLXX,COAINT,2,2025,3.0
GLOBAL,PWRCCSBOLXX,COAINT,2,2026,3.0
GLOBAL,PWRCCSBOLXX,COAINT,2,2027,3.0
GLOBAL,PWRCCSBOLXX,COAINT,2,2028,3.0
GLOBAL,PWRCCSBOLXX,COAINT,2,2029,3.0
GLOBAL,PWRCCSBOLXX,COAINT,2,2030,3.0
GLOBAL,PWRCCSBOLXX,COAINT,2,2031,3.0
GLOBAL,PWRCCSBOLXX,COAINT,2,2032,3.0
GLOBAL,PWRCCSBOLXX,COAINT,2,2033,3.0
GLOBAL,PWRCCSBOLXX,COAINT,2,2034,3.0
GLOBAL,PWRCCSBOLXX,COAINT,2,2035,3.0
GLOBAL,PWRCCSBOLXX,COAINT,2,2036,3.0
GLOBAL,PWRCCSBOLXX,COAINT,2,2037,3.0
GLOBAL,PWRCCSBOLXX,COAINT,2,2038,3.0
GLOBAL,PWRCCSBOLXX,COAINT,2,2039,3.0
GLOBAL,PWRCCSBOLXX,COAINT,2,2040,3.0
GLOBAL,PWRCCSBOLXX,COAINT,2,2041,3.0
GLOBAL,PWRCCSBOLXX,COAINT,2,2042,3.0
GLOBAL,PWRCCSBOLXX,COAINT,2,2043,3.0
GLOBAL,PWRCCSBOLXX,COAINT,2,2044,3.0
GLOBAL,PWRCCSBOLXX,COAINT,2,2045,3.0
GLOBAL,PWRCCSBOLXX,COAINT,2,2046,3.0
GLOBAL,PWRCCSBOLXX,COAINT,2,2047,3.0
GLOBAL,PWRCCSBOLXX,COAINT,2,2048,3.0
GLOBAL,PWRCCSBOLXX,COAINT,2,2049,3.0
GLOBAL,PWRCCSBOLXX,COAINT,2,2050,3.0
GLOBAL,PWRCCSBRAXX,COABRA,1,2023,3.0
GLOBAL,PWRCCSBRAXX,COABRA,1,2024,3.0
GLOBAL,PWRCCSBRAXX,COABRA,1,2025,3.0
GLOBAL,PWRCCSBRAXX,COABRA,1,2026,3.0
GLOBAL,PWRCCSBRAXX,COABRA,1,2027,3.0
GLOBAL,PWRCCSBRAXX,COABRA,1,2028,3.0
GLOBAL,PWRCCSBRAXX,COABRA,1,2029,3.0
GLOBAL,PWRCCSBRAXX,COABRA,1,2030,3.0
GLOBAL,PWRCCSBRAXX,COABRA,1,2031,3.0
GLOBAL,PWRCCSBRAXX,COABRA,1,2032,3.0
GLOBAL,PWRCCSBRAXX,COABRA,1,2033,3.0
GLOBAL,PWRCCSBRAXX,COABRA,1,2034,3.0
GLOBAL,PWRCCSBRAXX,COABRA,1,2035,3.0
GLOBAL,PWRCCSBRAXX,COABRA,1,2036,3.0
GLOBAL,PWRCCSBRAXX,COABRA,1,2037,3.0
GLOBAL,PWRCCSBRAXX,COABRA,1,2038,3.0
GLOBAL,PWRCCSBRAXX,COABRA,1,2039,3.0
GLOBAL,PWRCCSBRAXX,COABRA,1,2040,3.0
GLOBAL,PWRCCSBRAXX,COABRA,1,2041,3.0
GLOBAL,PWRCCSBRAXX,COABRA,1,2042,3.0
GLOBAL,PWRCCSBRAXX,COABRA,1,2043,3.0
GLOBAL,PWRCCSBRAXX,COABRA,1,2044,3.0
GLOBAL,PWRCCSBRAXX,COABRA,1,2045,3.0
GLOBAL,PWRCCSBRAXX,COABRA,1,2046,3.0
GLOBAL,PWRCCSBRAXX,COABRA,1,2047,3.0
GLOBAL,PWRCCSBRAXX,COABRA,1,2048,3.0
GLOBAL,PWRCCSBRAXX,COABRA,1,2049,3.0
GLOBAL,PWRCCSBRAXX,COABRA,1,2050,3.0
GLOBAL,PWRCCSBRAXX,COAINT,2,2023,3.0
GLOBAL,PWRCCSBRAXX,COAINT,2,2024,3.0
GLOBAL,PWRCCSBRAXX,COAINT,2,2025,3.0
GLOBAL,PWRCCSBRAXX,COAINT,2,2026,3.0
GLOBAL,PWRCCSBRAXX,COAINT,2,2027,3.0
GLOBAL,PWRCCSBRAXX,COAINT,2,2028,3.0
GLOBAL,PWRCCSBRAXX,COAINT,2,2029,3.0
GLOBAL,PWRCCSBRAXX,COAINT,2,2030,3.0
GLOBAL,PWRCCSBRAXX,COAINT,2,2031,3.0
GLOBAL,PWRCCSBRAXX,COAINT,2,2032,3.0
GLOBAL,PWRCCSBRAXX,COAINT,2,2033,3.0
GLOBAL,PWRCCSBRAXX,COAINT,2,2034,3.0
GLOBAL,PWRCCSBRAXX,COAINT,2,2035,3.0
GLOBAL,PWRCCSBRAXX,COAINT,2,2036,3.0
GLOBAL,PWRCCSBRAXX,COAINT,2,2037,3.0
GLOBAL,PWRCCSBRAXX,COAINT,2,2038,3.0
GLOBAL,PWRCCSBRAXX,COAINT,2,2039,3.0
GLOBAL,PWRCCSBRAXX,COAINT,2,2040,3.0
GLOBAL,PWRCCSBRAXX,COAINT,2,2041,3.0
GLOBAL,PWRCCSBRAXX,COAINT,2,2042,3.0
GLOBAL,PWRCCSBRAXX,COAINT,2,2043,3.0
GLOBAL,PWRCCSBRAXX,COAINT,2,2044,3.0
GLOBAL,PWRCCSBRAXX,COAINT,2,2045,3.0
GLOBAL,PWRCCSBRAXX,COAINT,2,2046,3.0
GLOBAL,PWRCCSBRAXX,COAINT,2,2047,3.0
GLOBAL,PWRCCSBRAXX,COAINT,2,2048,3.0
GLOBAL,PWRCCSBRAXX,COAINT,2,2049,3.0
GLOBAL,PWRCCSBRAXX,COAINT,2,2050,3.0
GLOBAL,PWRCCSBRBXX,COABRB,1,2023,3.0
GLOBAL,PWRCCSBRBXX,COABRB,1,2024,3.0
GLOBAL,PWRCCSBRBXX,COABRB,1,2025,3.0
GLOBAL,PWRCCSBRBXX,COABRB,1,2026,3.0
GLOBAL,PWRCCSBRBXX,COABRB,1,2027,3.0
GLOBAL,PWRCCSBRBXX,COABRB,1,2028,3.0
GLOBAL,PWRCCSBRBXX,COABRB,1,2029,3.0
GLOBAL,PWRCCSBRBXX,COABRB,1,2030,3.0
GLOBAL,PWRCCSBRBXX,COABRB,1,2031,3.0
GLOBAL,PWRCCSBRBXX,COABRB,1,2032,3.0
GLOBAL,PWRCCSBRBXX,COABRB,1,2033,3.0
GLOBAL,PWRCCSBRBXX,COABRB,1,2034,3.0
GLOBAL,PWRCCSBRBXX,COABRB,1,2035,3.0
GLOBAL,PWRCCSBRBXX,COABRB,1,2036,3.0
GLOBAL,PWRCCSBRBXX,COABRB,1,2037,3.0
GLOBAL,PWRCCSBRBXX,COABRB,1,2038,3.0
GLOBAL,PWRCCSBRBXX,COABRB,1,2039,3.0
GLOBAL,PWRCCSBRBXX,COABRB,1,2040,3.0
GLOBAL,PWRCCSBRBXX,COABRB,1,2041,3.0
GLOBAL,PWRCCSBRBXX,COABRB,1,2042,3.0
GLOBAL,PWRCCSBRBXX,COABRB,1,2043,3.0
GLOBAL,PWRCCSBRBXX,COABRB,1,2044,3.0
GLOBAL,PWRCCSBRBXX,COABRB,1,2045,3.0
GLOBAL,PWRCCSBRBXX,COABRB,1,2046,3.0
GLOBAL,PWRCCSBRBXX,COABRB,1,2047,3.0
GLOBAL,PWRCCSBRBXX,COABRB,1,2048,3.0
GLOBAL,PWRCCSBRBXX,COABRB,1,2049,3.0
GLOBAL,PWRCCSBRBXX,COABRB,1,2050,3.0
GLOBAL,PWRCCSBRBXX,COAINT,2,2023,3.0
GLOBAL,PWRCCSBRBXX,COAINT,2,2024,3.0
GLOBAL,PWRCCSBRBXX,COAINT,2,2025,3.0
GLOBAL,PWRCCSBRBXX,COAINT,2,2026,3.0
GLOBAL,PWRCCSBRBXX,COAINT,2,2027,3.0
GLOBAL,PWRCCSBRBXX,COAINT,2,2028,3.0
GLOBAL,PWRCCSBRBXX,COAINT,2,2029,3.0
GLOBAL,PWRCCSBRBXX,COAINT,2,2030,3.0
GLOBAL,PWRCCSBRBXX,COAINT,2,2031,3.0
GLOBAL,PWRCCSBRBXX,COAINT,2,2032,3.0
GLOBAL,PWRCCSBRBXX,COAINT,2,2033,3.0
GLOBAL,PWRCCSBRBXX,COAINT,2,2034,3.0
GLOBAL,PWRCCSBRBXX,COAINT,2,2035,3.0
GLOBAL,PWRCCSBRBXX,COAINT,2,2036,3.0
GLOBAL,PWRCCSBRBXX,COAINT,2,2037,3.0
GLOBAL,PWRCCSBRBXX,COAINT,2,2038,3.0
GLOBAL,PWRCCSBRBXX,COAINT,2,2039,3.0
GLOBAL,PWRCCSBRBXX,COAINT,2,2040,3.0
GLOBAL,PWRCCSBRBXX,COAINT,2,2041,3.0
GLOBAL,PWRCCSBRBXX,COAINT,2,2042,3.0
GLOBAL,PWRCCSBRBXX,COAINT,2,2043,3.0
GLOBAL,PWRCCSBRBXX,COAINT,2,2044,3.0
GLOBAL,PWRCCSBRBXX,COAINT,2,2045,3.0
GLOBAL,PWRCCSBRBXX,COAINT,2,2046,3.0
GLOBAL,PWRCCSBRBXX,COAINT,2,2047,3.0
GLOBAL,PWRCCSBRBXX,COAINT,2,2048,3.0
GLOBAL,PWRCCSBRBXX,COAINT,2,2049,3.0
GLOBAL,PWRCCSBRBXX,COAINT,2,2050,3.0
GLOBAL,PWRCCSCHLXX,COACHL,1,2023,3.0
GLOBAL,PWRCCSCHLXX,COACHL,1,2024,3.0
GLOBAL,PWRCCSCHLXX,COACHL,1,2025,3.0
GLOBAL,PWRCCSCHLXX,COACHL,1,2026,3.0
GLOBAL,PWRCCSCHLXX,COACHL,1,2027,3.0
GLOBAL,PWRCCSCHLXX,COACHL,1,2028,3.0
GLOBAL,PWRCCSCHLXX,COACHL,1,2029,3.0
GLOBAL,PWRCCSCHLXX,COACHL,1,2030,3.0
GLOBAL,PWRCCSCHLXX,COACHL,1,2031,3.0
GLOBAL,PWRCCSCHLXX,COACHL,1,2032,3.0
GLOBAL,PWRCCSCHLXX,COACHL,1,2033,3.0
GLOBAL,PWRCCSCHLXX,COACHL,1,2034,3.0
GLOBAL,PWRCCSCHLXX,COACHL,1,2035,3.0
GLOBAL,PWRCCSCHLXX,COACHL,1,2036,3.0
GLOBAL,PWRCCSCHLXX,COACHL,1,2037,3.0
GLOBAL,PWRCCSCHLXX,COACHL,1,2038,3.0
GLOBAL,PWRCCSCHLXX,COACHL,1,2039,3.0
GLOBAL,PWRCCSCHLXX,COACHL,1,2040,3.0
GLOBAL,PWRCCSCHLXX,COACHL,1,2041,3.0
GLOBAL,PWRCCSCHLXX,COACHL,1,2042,3.0
GLOBAL,PWRCCSCHLXX,COACHL,1,2043,3.0
GLOBAL,PWRCCSCHLXX,COACHL,1,2044,3.0
GLOBAL,PWRCCSCHLXX,COACHL,1,2045,3.0
GLOBAL,PWRCCSCHLXX,COACHL,1,2046,3.0
GLOBAL,PWRCCSCHLXX,COACHL,1,2047,3.0
GLOBAL,PWRCCSCHLXX,COACHL,1,2048,3.0
GLOBAL,PWRCCSCHLXX,COACHL,1,2049,3.0
GLOBAL,PWRCCSCHLXX,COACHL,1,2050,3.0
GLOBAL,PWRCCSCHLXX,COAINT,2,2023,3.0
GLOBAL,PWRCCSCHLXX,COAINT,2,2024,3.0
GLOBAL,PWRCCSCHLXX,COAINT,2,2025,3.0
GLOBAL,PWRCCSCHLXX,COAINT,2,2026,3.0
GLOBAL,PWRCCSCHLXX,COAINT,2,2027,3.0
GLOBAL,PWRCCSCHLXX,COAINT,2,2028,3.0
GLOBAL,PWRCCSCHLXX,COAINT,2,2029,3.0
GLOBAL,PWRCCSCHLXX,COAINT,2,2030,3.0
GLOBAL,PWRCCSCHLXX,COAINT,2,2031,3.0
GLOBAL,PWRCCSCHLXX,COAINT,2,2032,3.0
GLOBAL,PWRCCSCHLXX,COAINT,2,2033,3.0
GLOBAL,PWRCCSCHLXX,COAINT,2,2034,3.0
GLOBAL,PWRCCSCHLXX,COAINT,2,2035,3.0
GLOBAL,PWRCCSCHLXX,COAINT,2,2036,3.0
GLOBAL,PWRCCSCHLXX,COAINT,2,2037,3.0
GLOBAL,PWRCCSCHLXX,COAINT,2,2038,3.0
GLOBAL,PWRCCSCHLXX,COAINT,2,2039,3.0
GLOBAL,PWRCCSCHLXX,COAINT,2,2040,3.0
GLOBAL,PWRCCSCHLXX,COAINT,2,2041,3.0
GLOBAL,PWRCCSCHLXX,COAINT,2,2042,3.0
GLOBAL,PWRCCSCHLXX,COAINT,2,2043,3.0
GLOBAL,PWRCCSCHLXX,COAINT,2,2044,3.0
GLOBAL,PWRCCSCHLXX,COAINT,2,2045,3.0
GLOBAL,PWRCCSCHLXX,COAINT,2,2046,3.0
GLOBAL,PWRCCSCHLXX,COAINT,2,2047,3.0
GLOBAL,PWRCCSCHLXX,COAINT,2,2048,3.0
GLOBAL,PWRCCSCHLXX,COAINT,2,2049,3.0
GLOBAL,PWRCCSCHLXX,COAINT,2,2050,3.0
GLOBAL,PWRCCSCOLXX,COACOL,1,2023,3.0
GLOBAL,PWRCCSCOLXX,COACOL,1,2024,3.0
GLOBAL,PWRCCSCOLXX,COACOL,1,2025,3.0
GLOBAL,PWRCCSCOLXX,COACOL,1,2026,3.0
GLOBAL,PWRCCSCOLXX,COACOL,1,2027,3.0
GLOBAL,PWRCCSCOLXX,COACOL,1,2028,3.0
GLOBAL,PWRCCSCOLXX,COACOL,1,2029,3.0
GLOBAL,PWRCCSCOLXX,COACOL,1,2030,3.0
GLOBAL,PWRCCSCOLXX,COACOL,1,2031,3.0
GLOBAL,PWRCCSCOLXX,COACOL,1,2032,3.0
GLOBAL,PWRCCSCOLXX,COACOL,1,2033,3.0
GLOBAL,PWRCCSCOLXX,COACOL,1,2034,3.0
GLOBAL,PWRCCSCOLXX,COACOL,1,2035,3.0
GLOBAL,PWRCCSCOLXX,COACOL,1,2036,3.0
GLOBAL,PWRCCSCOLXX,COACOL,1,2037,3.0
GLOBAL,PWRCCSCOLXX,COACOL,1,2038,3.0
GLOBAL,PWRCCSCOLXX,COACOL,1,2039,3.0
GLOBAL,PWRCCSCOLXX,COACOL,1,2040,3.0
GLOBAL,PWRCCSCOLXX,COACOL,1,2041,3.0
GLOBAL,PWRCCSCOLXX,COACOL,1,2042,3.0
GLOBAL,PWRCCSCOLXX,COACOL,1,2043,3.0
GLOBAL,PWRCCSCOLXX,COACOL,1,2044,3.0
GLOBAL,PWRCCSCOLXX,COACOL,1,2045,3.0
GLOBAL,PWRCCSCOLXX,COACOL,1,2046,3.0
GLOBAL,PWRCCSCOLXX,COACOL,1,2047,3.0
GLOBAL,PWRCCSCOLXX,COACOL,1,2048,3.0
GLOBAL,PWRCCSCOLXX,COACOL,1,2049,3.0
GLOBAL,PWRCCSCOLXX,COACOL,1,2050,3.0
GLOBAL,PWRCCSCOLXX,COAINT,2,2023,3.0
GLOBAL,PWRCCSCOLXX,COAINT,2,2024,3.0
GLOBAL,PWRCCSCOLXX,COAINT,2,2025,3.0
GLOBAL,PWRCCSCOLXX,COAINT,2,2026,3.0
GLOBAL,PWRCCSCOLXX,COAINT,2,2027,3.0
GLOBAL,PWRCCSCOLXX,COAINT,2,2028,3.0
GLOBAL,PWRCCSCOLXX,COAINT,2,2029,3.0
GLOBAL,PWRCCSCOLXX,COAINT,2,2030,3.0
GLOBAL,PWRCCSCOLXX,COAINT,2,2031,3.0
GLOBAL,PWRCCSCOLXX,COAINT,2,2032,3.0
GLOBAL,PWRCCSCOLXX,COAINT,2,2033,3.0
GLOBAL,PWRCCSCOLXX,COAINT,2,2034,3.0
GLOBAL,PWRCCSCOLXX,COAINT,2,2035,3.0
GLOBAL,PWRCCSCOLXX,COAINT,2,2036,3.0
GLOBAL,PWRCCSCOLXX,COAINT,2,2037,3.0
GLOBAL,PWRCCSCOLXX,COAINT,2,2038,3.0
GLOBAL,PWRCCSCOLXX,COAINT,2,2039,3.0
GLOBAL,PWRCCSCOLXX,COAINT,2,2040,3.0
GLOBAL,PWRCCSCOLXX,COAINT,2,2041,3.0
GLOBAL,PWRCCSCOLXX,COAINT,2,2042,3.0
GLOBAL,PWRCCSCOLXX,COAINT,2,2043,3.0
GLOBAL,PWRCCSCOLXX,COAINT,2,2044,3.0
GLOBAL,PWRCCSCOLXX,COAINT,2,2045,3.0
GLOBAL,PWRCCSCOLXX,COAINT,2,2046,3.0
GLOBAL,PWRCCSCOLXX,COAINT,2,2047,3.0
GLOBAL,PWRCCSCOLXX,COAINT,2,2048,3.0
GLOBAL,PWRCCSCOLXX,COAINT,2,2049,3.0
GLOBAL,PWRCCSCOLXX,COAINT,2,2050,3.0
GLOBAL,PWRCCSCRIXX,COACRI,1,2023,3.0
GLOBAL,PWRCCSCRIXX,COACRI,1,2024,3.0
GLOBAL,PWRCCSCRIXX,COACRI,1,2025,3.0
GLOBAL,PWRCCSCRIXX,COACRI,1,2026,3.0
GLOBAL,PWRCCSCRIXX,COACRI,1,2027,3.0
GLOBAL,PWRCCSCRIXX,COACRI,1,2028,3.0
GLOBAL,PWRCCSCRIXX,COACRI,1,2029,3.0
GLOBAL,PWRCCSCRIXX,COACRI,1,2030,3.0
GLOBAL,PWRCCSCRIXX,COACRI,1,2031,3.0
GLOBAL,PWRCCSCRIXX,COACRI,1,2032,3.0
GLOBAL,PWRCCSCRIXX,COACRI,1,2033,3.0
GLOBAL,PWRCCSCRIXX,COACRI,1,2034,3.0
GLOBAL,PWRCCSCRIXX,COACRI,1,2035,3.0
GLOBAL,PWRCCSCRIXX,COACRI,1,2036,3.0
GLOBAL,PWRCCSCRIXX,COACRI,1,2037,3.0
GLOBAL,PWRCCSCRIXX,COACRI,1,2038,3.0
GLOBAL,PWRCCSCRIXX,COACRI,1,2039,3.0
GLOBAL,PWRCCSCRIXX,COACRI,1,2040,3.0
GLOBAL,PWRCCSCRIXX,COACRI,1,2041,3.0
GLOBAL,PWRCCSCRIXX,COACRI,1,2042,3.0
GLOBAL,PWRCCSCRIXX,COACRI,1,2043,3.0
GLOBAL,PWRCCSCRIXX,COACRI,1,2044,3.0
GLOBAL,PWRCCSCRIXX,COACRI,1,2045,3.0
GLOBAL,PWRCCSCRIXX,COACRI,1,2046,3.0
GLOBAL,PWRCCSCRIXX,COACRI,1,2047,3.0
GLOBAL,PWRCCSCRIXX,COACRI,1,2048,3.0
GLOBAL,PWRCCSCRIXX,COACRI,1,2049,3.0
GLOBAL,PWRCCSCRIXX,COACRI,1,2050,3.0
GLOBAL,PWRCCSCRIXX,COAINT,2,2023,3.0
GLOBAL,PWRCCSCRIXX,COAINT,2,2024,3.0
GLOBAL,PWRCCSCRIXX,COAINT,2,2025,3.0
GLOBAL,PWRCCSCRIXX,COAINT,2,2026,3.0
GLOBAL,PWRCCSCRIXX,COAINT,2,2027,3.0
GLOBAL,PWRCCSCRIXX,COAINT,2,2028,3.0
GLOBAL,PWRCCSCRIXX,COAINT,2,2029,3.0
GLOBAL,PWRCCSCRIXX,COAINT,2,2030,3.0
GLOBAL,PWRCCSCRIXX,COAINT,2,2031,3.0
GLOBAL,PWRCCSCRIXX,COAINT,2,2032,3.0
GLOBAL,PWRCCSCRIXX,COAINT,2,2033,3.0
GLOBAL,PWRCCSCRIXX,COAINT,2,2034,3.0
GLOBAL,PWRCCSCRIXX,COAINT,2,2035,3.0
GLOBAL,PWRCCSCRIXX,COAINT,2,2036,3.0
GLOBAL,PWRCCSCRIXX,COAINT,2,2037,3.0
GLOBAL,PWRCCSCRIXX,COAINT,2,2038,3.0
GLOBAL,PWRCCSCRIXX,COAINT,2,2039,3.0
GLOBAL,PWRCCSCRIXX,COAINT,2,2040,3.0
GLOBAL,PWRCCSCRIXX,COAINT,2,2041,3.0
GLOBAL,PWRCCSCRIXX,COAINT,2,2042,3.0
GLOBAL,PWRCCSCRIXX,COAINT,2,2043,3.0
GLOBAL,PWRCCSCRIXX,COAINT,2,2044,3.0
GLOBAL,PWRCCSCRIXX,COAINT,2,2045,3.0
GLOBAL,PWRCCSCRIXX,COAINT,2,2046,3.0
GLOBAL,PWRCCSCRIXX,COAINT,2,2047,3.0
GLOBAL,PWRCCSCRIXX,COAINT,2,2048,3.0
GLOBAL,PWRCCSCRIXX,COAINT,2,2049,3.0
GLOBAL,PWRCCSCRIXX,COAINT,2,2050,3.0
GLOBAL,PWRCCSDOMXX,COADOM,1,2023,3.0
GLOBAL,PWRCCSDOMXX,COADOM,1,2024,3.0
GLOBAL,PWRCCSDOMXX,COADOM,1,2025,3.0
GLOBAL,PWRCCSDOMXX,COADOM,1,2026,3.0
GLOBAL,PWRCCSDOMXX,COADOM,1,2027,3.0
GLOBAL,PWRCCSDOMXX,COADOM,1,2028,3.0
GLOBAL,PWRCCSDOMXX,COADOM,1,2029,3.0
GLOBAL,PWRCCSDOMXX,COADOM,1,2030,3.0
GLOBAL,PWRCCSDOMXX,COADOM,1,2031,3.0
GLOBAL,PWRCCSDOMXX,COADOM,1,2032,3.0
GLOBAL,PWRCCSDOMXX,COADOM,1,2033,3.0
GLOBAL,PWRCCSDOMXX,COADOM,1,2034,3.0
GLOBAL,PWRCCSDOMXX,COADOM,1,2035,3.0
GLOBAL,PWRCCSDOMXX,COADOM,1,2036,3.0
GLOBAL,PWRCCSDOMXX,COADOM,1,2037,3.0
GLOBAL,PWRCCSDOMXX,COADOM,1,2038,3.0
GLOBAL,PWRCCSDOMXX,COADOM,1,2039,3.0
GLOBAL,PWRCCSDOMXX,COADOM,1,2040,3.0
GLOBAL,PWRCCSDOMXX,COADOM,1,2041,3.0
GLOBAL,PWRCCSDOMXX,COADOM,1,2042,3.0
GLOBAL,PWRCCSDOMXX,COADOM,1,2043,3.0
GLOBAL,PWRCCSDOMXX,COADOM,1,2044,3.0
GLOBAL,PWRCCSDOMXX,COADOM,1,2045,3.0
GLOBAL,PWRCCSDOMXX,COADOM,1,2046,3.0
GLOBAL,PWRCCSDOMXX,COADOM,1,2047,3.0
GLOBAL,PWRCCSDOMXX,COADOM,1,2048,3.0
GLOBAL,PWRCCSDOMXX,COADOM,1,2049,3.0
GLOBAL,PWRCCSDOMXX,COADOM,1,2050,3.0
GLOBAL,PWRCCSDOMXX,COAINT,2,2023,3.0
GLOBAL,PWRCCSDOMXX,COAINT,2,2024,3.0
GLOBAL,PWRCCSDOMXX,COAINT,2,2025,3.0
GLOBAL,PWRCCSDOMXX,COAINT,2,2026,3.0
GLOBAL,PWRCCSDOMXX,COAINT,2,2027,3.0
GLOBAL,PWRCCSDOMXX,COAINT,2,2028,3.0
GLOBAL,PWRCCSDOMXX,COAINT,2,2029,3.0
GLOBAL,PWRCCSDOMXX,COAINT,2,2030,3.0
GLOBAL,PWRCCSDOMXX,COAINT,2,2031,3.0
GLOBAL,PWRCCSDOMXX,COAINT,2,2032,3.0
GLOBAL,PWRCCSDOMXX,COAINT,2,2033,3.0
GLOBAL,PWRCCSDOMXX,COAINT,2,2034,3.0
GLOBAL,PWRCCSDOMXX,COAINT,2,2035,3.0
GLOBAL,PWRCCSDOMXX,COAINT,2,2036,3.0
GLOBAL,PWRCCSDOMXX,COAINT,2,2037,3.0
GLOBAL,PWRCCSDOMXX,COAINT,2,2038,3.0
GLOBAL,PWRCCSDOMXX,COAINT,2,2039,3.0
GLOBAL,PWRCCSDOMXX,COAINT,2,2040,3.0
GLOBAL,PWRCCSDOMXX,COAINT,2,2041,3.0
GLOBAL,PWRCCSDOMXX,COAINT,2,2042,3.0
GLOBAL,PWRCCSDOMXX,COAINT,2,2043,3.0
GLOBAL,PWRCCSDOMXX,COAINT,2,2044,3.0
GLOBAL,PWRCCSDOMXX,COAINT,2,2045,3.0
GLOBAL,PWRCCSDOMXX,COAINT,2,2046,3.0
GLOBAL,PWRCCSDOMXX,COAINT,2,2047,3.0
GLOBAL,PWRCCSDOMXX,COAINT,2,2048,3.0
GLOBAL,PWRCCSDOMXX,COAINT,2,2049,3.0
GLOBAL,PWRCCSDOMXX,COAINT,2,2050,3.0
GLOBAL,PWRCCSECUXX,COAECU,1,2023,3.0
GLOBAL,PWRCCSECUXX,COAECU,1,2024,3.0
GLOBAL,PWRCCSECUXX,COAECU,1,2025,3.0
GLOBAL,PWRCCSECUXX,COAECU,1,2026,3.0
GLOBAL,PWRCCSECUXX,COAECU,1,2027,3.0
GLOBAL,PWRCCSECUXX,COAECU,1,2028,3.0
GLOBAL,PWRCCSECUXX,COAECU,1,2029,3.0
GLOBAL,PWRCCSECUXX,COAECU,1,2030,3.0
GLOBAL,PWRCCSECUXX,COAECU,1,2031,3.0
GLOBAL,PWRCCSECUXX,COAECU,1,2032,3.0
GLOBAL,PWRCCSECUXX,COAECU,1,2033,3.0
GLOBAL,PWRCCSECUXX,COAECU,1,2034,3.0
GLOBAL,PWRCCSECUXX,COAECU,1,2035,3.0
GLOBAL,PWRCCSECUXX,COAECU,1,2036,3.0
GLOBAL,PWRCCSECUXX,COAECU,1,2037,3.0
GLOBAL,PWRCCSECUXX,COAECU,1,2038,3.0
GLOBAL,PWRCCSECUXX,COAECU,1,2039,3.0
GLOBAL,PWRCCSECUXX,COAECU,1,2040,3.0
GLOBAL,PWRCCSECUXX,COAECU,1,2041,3.0
GLOBAL,PWRCCSECUXX,COAECU,1,2042,3.0
GLOBAL,PWRCCSECUXX,COAECU,1,2043,3.0
GLOBAL,PWRCCSECUXX,COAECU,1,2044,3.0
GLOBAL,PWRCCSECUXX,COAECU,1,2045,3.0
GLOBAL,PWRCCSECUXX,COAECU,1,2046,3.0
GLOBAL,PWRCCSECUXX,COAECU,1,2047,3.0
GLOBAL,PWRCCSECUXX,COAECU,1,2048,3.0
GLOBAL,PWRCCSECUXX,COAECU,1,2049,3.0
GLOBAL,PWRCCSECUXX,COAECU,1,2050,3.0
GLOBAL,PWRCCSECUXX,COAINT,2,2023,3.0
GLOBAL,PWRCCSECUXX,COAINT,2,2024,3.0
GLOBAL,PWRCCSECUXX,COAINT,2,2025,3.0
GLOBAL,PWRCCSECUXX,COAINT,2,2026,3.0
GLOBAL,PWRCCSECUXX,COAINT,2,2027,3.0
GLOBAL,PWRCCSECUXX,COAINT,2,2028,3.0
GLOBAL,PWRCCSECUXX,COAINT,2,2029,3.0
GLOBAL,PWRCCSECUXX,COAINT,2,2030,3.0
GLOBAL,PWRCCSECUXX,COAINT,2,2031,3.0
GLOBAL,PWRCCSECUXX,COAINT,2,2032,3.0
GLOBAL,PWRCCSECUXX,COAINT,2,2033,3.0
GLOBAL,PWRCCSECUXX,COAINT,2,2034,3.0
GLOBAL,PWRCCSECUXX,COAINT,2,2035,3.0
GLOBAL,PWRCCSECUXX,COAINT,2,2036,3.0
GLOBAL,PWRCCSECUXX,COAINT,2,2037,3.0
GLOBAL,PWRCCSECUXX,COAINT,2,2038,3.0
GLOBAL,PWRCCSECUXX,COAINT,2,2039,3.0
GLOBAL,PWRCCSECUXX,COAINT,2,2040,3.0
GLOBAL,PWRCCSECUXX,COAINT,2,2041,3.0
GLOBAL,PWRCCSECUXX,COAINT,2,2042,3.0
GLOBAL,PWRCCSECUXX,COAINT,2,2043,3.0
GLOBAL,PWRCCSECUXX,COAINT,2,2044,3.0
GLOBAL,PWRCCSECUXX,COAINT,2,2045,3.0
GLOBAL,PWRCCSECUXX,COAINT,2,2046,3.0
GLOBAL,PWRCCSECUXX,COAINT,2,2047,3.0
GLOBAL,PWRCCSECUXX,COAINT,2,2048,3.0
GLOBAL,PWRCCSECUXX,COAINT,2,2049,3.0
GLOBAL,PWRCCSECUXX,COAINT,2,2050,3.0
GLOBAL,PWRCCSGTMXX,COAGTM,1,2023,3.0
GLOBAL,PWRCCSGTMXX,COAGTM,1,2024,3.0
GLOBAL,PWRCCSGTMXX,COAGTM,1,2025,3.0
GLOBAL,PWRCCSGTMXX,COAGTM,1,2026,3.0
GLOBAL,PWRCCSGTMXX,COAGTM,1,2027,3.0
GLOBAL,PWRCCSGTMXX,COAGTM,1,2028,3.0
GLOBAL,PWRCCSGTMXX,COAGTM,1,2029,3.0
GLOBAL,PWRCCSGTMXX,COAGTM,1,2030,3.0
GLOBAL,PWRCCSGTMXX,COAGTM,1,2031,3.0
GLOBAL,PWRCCSGTMXX,COAGTM,1,2032,3.0
GLOBAL,PWRCCSGTMXX,COAGTM,1,2033,3.0
GLOBAL,PWRCCSGTMXX,COAGTM,1,2034,3.0
GLOBAL,PWRCCSGTMXX,COAGTM,1,2035,3.0
GLOBAL,PWRCCSGTMXX,COAGTM,1,2036,3.0
GLOBAL,PWRCCSGTMXX,COAGTM,1,2037,3.0
GLOBAL,PWRCCSGTMXX,COAGTM,1,2038,3.0
GLOBAL,PWRCCSGTMXX,COAGTM,1,2039,3.0
GLOBAL,PWRCCSGTMXX,COAGTM,1,2040,3.0
GLOBAL,PWRCCSGTMXX,COAGTM,1,2041,3.0
GLOBAL,PWRCCSGTMXX,COAGTM,1,2042,3.0
GLOBAL,PWRCCSGTMXX,COAGTM,1,2043,3.0
GLOBAL,PWRCCSGTMXX,COAGTM,1,2044,3.0
GLOBAL,PWRCCSGTMXX,COAGTM,1,2045,3.0
GLOBAL,PWRCCSGTMXX,COAGTM,1,2046,3.0
GLOBAL,PWRCCSGTMXX,COAGTM,1,2047,3.0
GLOBAL,PWRCCSGTMXX,COAGTM,1,2048,3.0
GLOBAL,PWRCCSGTMXX,COAGTM,1,2049,3.0
GLOBAL,PWRCCSGTMXX,COAGTM,1,2050,3.0
GLOBAL,PWRCCSGTMXX,COAINT,2,2023,3.0
GLOBAL,PWRCCSGTMXX,COAINT,2,2024,3.0
GLOBAL,PWRCCSGTMXX,COAINT,2,2025,3.0
GLOBAL,PWRCCSGTMXX,COAINT,2,2026,3.0
GLOBAL,PWRCCSGTMXX,COAINT,2,2027,3.0
GLOBAL,PWRCCSGTMXX,COAINT,2,2028,3.0
GLOBAL,PWRCCSGTMXX,COAINT,2,2029,3.0
GLOBAL,PWRCCSGTMXX,COAINT,2,2030,3.0
GLOBAL,PWRCCSGTMXX,COAINT,2,2031,3.0
GLOBAL,PWRCCSGTMXX,COAINT,2,2032,3.0
GLOBAL,PWRCCSGTMXX,COAINT,2,2033,3.0
GLOBAL,PWRCCSGTMXX,COAINT,2,2034,3.0
GLOBAL,PWRCCSGTMXX,COAINT,2,2035,3.0
GLOBAL,PWRCCSGTMXX,COAINT,2,2036,3.0
GLOBAL,PWRCCSGTMXX,COAINT,2,2037,3.0
GLOBAL,PWRCCSGTMXX,COAINT,2,2038,3.0
GLOBAL,PWRCCSGTMXX,COAINT,2,2039,3.0
GLOBAL,PWRCCSGTMXX,COAINT,2,2040,3.0
GLOBAL,PWRCCSGTMXX,COAINT,2,2041,3.0
GLOBAL,PWRCCSGTMXX,COAINT,2,2042,3.0
GLOBAL,PWRCCSGTMXX,COAINT,2,2043,3.0
GLOBAL,PWRCCSGTMXX,COAINT,2,2044,3.0
GLOBAL,PWRCCSGTMXX,COAINT,2,2045,3.0
GLOBAL,PWRCCSGTMXX,COAINT,2,2046,3.0
GLOBAL,PWRCCSGTMXX,COAINT,2,2047,3.0
GLOBAL,PWRCCSGTMXX,COAINT,2,2048,3.0
GLOBAL,PWRCCSGTMXX,COAINT,2,2049,3.0
GLOBAL,PWRCCSGTMXX,COAINT,2,2050,3.0
GLOBAL,PWRCCSHNDXX,COAHND,1,2023,3.0
GLOBAL,PWRCCSHNDXX,COAHND,1,2024,3.0
GLOBAL,PWRCCSHNDXX,COAHND,1,2025,3.0
GLOBAL,PWRCCSHNDXX,COAHND,1,2026,3.0
GLOBAL,PWRCCSHNDXX,COAHND,1,2027,3.0
GLOBAL,PWRCCSHNDXX,COAHND,1,2028,3.0
GLOBAL,PWRCCSHNDXX,COAHND,1,2029,3.0
GLOBAL,PWRCCSHNDXX,COAHND,1,2030,3.0
GLOBAL,PWRCCSHNDXX,COAHND,1,2031,3.0
GLOBAL,PWRCCSHNDXX,COAHND,1,2032,3.0
GLOBAL,PWRCCSHNDXX,COAHND,1,2033,3.0
GLOBAL,PWRCCSHNDXX,COAHND,1,2034,3.0
GLOBAL,PWRCCSHNDXX,COAHND,1,2035,3.0
GLOBAL,PWRCCSHNDXX,COAHND,1,2036,3.0
GLOBAL,PWRCCSHNDXX,COAHND,1,2037,3.0
GLOBAL,PWRCCSHNDXX,COAHND,1,2038,3.0
GLOBAL,PWRCCSHNDXX,COAHND,1,2039,3.0
GLOBAL,PWRCCSHNDXX,COAHND,1,2040,3.0
GLOBAL,PWRCCSHNDXX,COAHND,1,2041,3.0
GLOBAL,PWRCCSHNDXX,COAHND,1,2042,3.0
GLOBAL,PWRCCSHNDXX,COAHND,1,2043,3.0
GLOBAL,PWRCCSHNDXX,COAHND,1,2044,3.0
GLOBAL,PWRCCSHNDXX,COAHND,1,2045,3.0
GLOBAL,PWRCCSHNDXX,COAHND,1,2046,3.0
GLOBAL,PWRCCSHNDXX,COAHND,1,2047,3.0
GLOBAL,PWRCCSHNDXX,COAHND,1,2048,3.0
GLOBAL,PWRCCSHNDXX,COAHND,1,2049,3.0
GLOBAL,PWRCCSHNDXX,COAHND,1,2050,3.0
GLOBAL,PWRCCSHNDXX,COAINT,2,2023,3.0
GLOBAL,PWRCCSHNDXX,COAINT,2,2024,3.0
GLOBAL,PWRCCSHNDXX,COAINT,2,2025,3.0
GLOBAL,PWRCCSHNDXX,COAINT,2,2026,3.0
GLOBAL,PWRCCSHNDXX,COAINT,2,2027,3.0
GLOBAL,PWRCCSHNDXX,COAINT,2,2028,3.0
GLOBAL,PWRCCSHNDXX,COAINT,2,2029,3.0
GLOBAL,PWRCCSHNDXX,COAINT,2,2030,3.0
GLOBAL,PWRCCSHNDXX,COAINT,2,2031,3.0
GLOBAL,PWRCCSHNDXX,COAINT,2,2032,3.0
GLOBAL,PWRCCSHNDXX,COAINT,2,2033,3.0
GLOBAL,PWRCCSHNDXX,COAINT,2,2034,3.0
GLOBAL,PWRCCSHNDXX,COAINT,2,2035,3.0
GLOBAL,PWRCCSHNDXX,COAINT,2,2036,3.0
GLOBAL,PWRCCSHNDXX,COAINT,2,2037,3.0
GLOBAL,PWRCCSHNDXX,COAINT,2,2038,3.0
GLOBAL,PWRCCSHNDXX,COAINT,2,2039,3.0
GLOBAL,PWRCCSHNDXX,COAINT,2,2040,3.0
GLOBAL,PWRCCSHNDXX,COAINT,2,2041,3.0
GLOBAL,PWRCCSHNDXX,COAINT,2,2042,3.0
GLOBAL,PWRCCSHNDXX,COAINT,2,2043,3.0
GLOBAL,PWRCCSHNDXX,COAINT,2,2044,3.0
GLOBAL,PWRCCSHNDXX,COAINT,2,2045,3.0
GLOBAL,PWRCCSHNDXX,COAINT,2,2046,3.0
GLOBAL,PWRCCSHNDXX,COAINT,2,2047,3.0
GLOBAL,PWRCCSHNDXX,COAINT,2,2048,3.0
GLOBAL,PWRCCSHNDXX,COAINT,2,2049,3.0
GLOBAL,PWRCCSHNDXX,COAINT,2,2050,3.0
GLOBAL,PWRCCSHTIXX,COAHTI,1,2023,3.0
GLOBAL,PWRCCSHTIXX,COAHTI,1,2024,3.0
GLOBAL,PWRCCSHTIXX,COAHTI,1,2025,3.0
GLOBAL,PWRCCSHTIXX,COAHTI,1,2026,3.0
GLOBAL,PWRCCSHTIXX,COAHTI,1,2027,3.0
GLOBAL,PWRCCSHTIXX,COAHTI,1,2028,3.0
GLOBAL,PWRCCSHTIXX,COAHTI,1,2029,3.0
GLOBAL,PWRCCSHTIXX,COAHTI,1,2030,3.0
GLOBAL,PWRCCSHTIXX,COAHTI,1,2031,3.0
GLOBAL,PWRCCSHTIXX,COAHTI,1,2032,3.0
GLOBAL,PWRCCSHTIXX,COAHTI,1,2033,3.0
GLOBAL,PWRCCSHTIXX,COAHTI,1,2034,3.0
GLOBAL,PWRCCSHTIXX,COAHTI,1,2035,3.0
GLOBAL,PWRCCSHTIXX,COAHTI,1,2036,3.0
GLOBAL,PWRCCSHTIXX,COAHTI,1,2037,3.0
GLOBAL,PWRCCSHTIXX,COAHTI,1,2038,3.0
GLOBAL,PWRCCSHTIXX,COAHTI,1,2039,3.0
GLOBAL,PWRCCSHTIXX,COAHTI,1,2040,3.0
GLOBAL,PWRCCSHTIXX,COAHTI,1,2041,3.0
GLOBAL,PWRCCSHTIXX,COAHTI,1,2042,3.0
GLOBAL,PWRCCSHTIXX,COAHTI,1,2043,3.0
GLOBAL,PWRCCSHTIXX,COAHTI,1,2044,3.0
GLOBAL,PWRCCSHTIXX,COAHTI,1,2045,3.0
GLOBAL,PWRCCSHTIXX,COAHTI,1,2046,3.0
GLOBAL,PWRCCSHTIXX,COAHTI,1,2047,3.0
GLOBAL,PWRCCSHTIXX,COAHTI,1,2048,3.0
GLOBAL,PWRCCSHTIXX,COAHTI,1,2049,3.0
GLOBAL,PWRCCSHTIXX,COAHTI,1,2050,3.0
GLOBAL,PWRCCSHTIXX,COAINT,2,2023,3.0
GLOBAL,PWRCCSHTIXX,COAINT,2,2024,3.0
GLOBAL,PWRCCSHTIXX,COAINT,2,2025,3.0
GLOBAL,PWRCCSHTIXX,COAINT,2,2026,3.0
GLOBAL,PWRCCSHTIXX,COAINT,2,2027,3.0
GLOBAL,PWRCCSHTIXX,COAINT,2,2028,3.0
GLOBAL,PWRCCSHTIXX,COAINT,2,2029,3.0
GLOBAL,PWRCCSHTIXX,COAINT,2,2030,3.0
GLOBAL,PWRCCSHTIXX,COAINT,2,2031,3.0
GLOBAL,PWRCCSHTIXX,COAINT,2,2032,3.0
GLOBAL,PWRCCSHTIXX,COAINT,2,2033,3.0
GLOBAL,PWRCCSHTIXX,COAINT,2,2034,3.0
GLOBAL,PWRCCSHTIXX,COAINT,2,2035,3.0
GLOBAL,PWRCCSHTIXX,COAINT,2,2036,3.0
GLOBAL,PWRCCSHTIXX,COAINT,2,2037,3.0
GLOBAL,PWRCCSHTIXX,COAINT,2,2038,3.0
GLOBAL,PWRCCSHTIXX,COAINT,2,2039,3.0
GLOBAL,PWRCCSHTIXX,COAINT,2,2040,3.0
GLOBAL,PWRCCSHTIXX,COAINT,2,2041,3.0
GLOBAL,PWRCCSHTIXX,COAINT,2,2042,3.0
GLOBAL,PWRCCSHTIXX,COAINT,2,2043,3.0
GLOBAL,PWRCCSHTIXX,COAINT,2,2044,3.0
GLOBAL,PWRCCSHTIXX,COAINT,2,2045,3.0
GLOBAL,PWRCCSHTIXX,COAINT,2,2046,3.0
GLOBAL,PWRCCSHTIXX,COAINT,2,2047,3.0
GLOBAL,PWRCCSHTIXX,COAINT,2,2048,3.0
GLOBAL,PWRCCSHTIXX,COAINT,2,2049,3.0
GLOBAL,PWRCCSHTIXX,COAINT,2,2050,3.0
GLOBAL,PWRCCSMEXXX,COAINT,2,2023,3.0
GLOBAL,PWRCCSMEXXX,COAINT,2,2024,3.0
GLOBAL,PWRCCSMEXXX,COAINT,2,2025,3.0
GLOBAL,PWRCCSMEXXX,COAINT,2,2026,3.0
GLOBAL,PWRCCSMEXXX,COAINT,2,2027,3.0
GLOBAL,PWRCCSMEXXX,COAINT,2,2028,3.0
GLOBAL,PWRCCSMEXXX,COAINT,2,2029,3.0
GLOBAL,PWRCCSMEXXX,COAINT,2,2030,3.0
GLOBAL,PWRCCSMEXXX,COAINT,2,2031,3.0
GLOBAL,PWRCCSMEXXX,COAINT,2,2032,3.0
GLOBAL,PWRCCSMEXXX,COAINT,2,2033,3.0
GLOBAL,PWRCCSMEXXX,COAINT,2,2034,3.0
GLOBAL,PWRCCSMEXXX,COAINT,2,2035,3.0
GLOBAL,PWRCCSMEXXX,COAINT,2,2036,3.0
GLOBAL,PWRCCSMEXXX,COAINT,2,2037,3.0
GLOBAL,PWRCCSMEXXX,COAINT,2,2038,3.0
GLOBAL,PWRCCSMEXXX,COAINT,2,2039,3.0
GLOBAL,PWRCCSMEXXX,COAINT,2,2040,3.0
GLOBAL,PWRCCSMEXXX,COAINT,2,2041,3.0
GLOBAL,PWRCCSMEXXX,COAINT,2,2042,3.0
GLOBAL,PWRCCSMEXXX,COAINT,2,2043,3.0
GLOBAL,PWRCCSMEXXX,COAINT,2,2044,3.0
GLOBAL,PWRCCSMEXXX,COAINT,2,2045,3.0
GLOBAL,PWRCCSMEXXX,COAINT,2,2046,3.0
GLOBAL,PWRCCSMEXXX,COAINT,2,2047,3.0
GLOBAL,PWRCCSMEXXX,COAINT,2,2048,3.0
GLOBAL,PWRCCSMEXXX,COAINT,2,2049,3.0
GLOBAL,PWRCCSMEXXX,COAINT,2,2050,3.0
GLOBAL,PWRCCSMEXXX,COAMEX,1,2023,3.0
GLOBAL,PWRCCSMEXXX,COAMEX,1,2024,3.0
GLOBAL,PWRCCSMEXXX,COAMEX,1,2025,3.0
GLOBAL,PWRCCSMEXXX,COAMEX,1,2026,3.0
GLOBAL,PWRCCSMEXXX,COAMEX,1,2027,3.0
GLOBAL,PWRCCSMEXXX,COAMEX,1,2028,3.0
GLOBAL,PWRCCSMEXXX,COAMEX,1,2029,3.0
GLOBAL,PWRCCSMEXXX,COAMEX,1,2030,3.0
GLOBAL,PWRCCSMEXXX,COAMEX,1,2031,3.0
GLOBAL,PWRCCSMEXXX,COAMEX,1,2032,3.0
GLOBAL,PWRCCSMEXXX,COAMEX,1,2033,3.0
GLOBAL,PWRCCSMEXXX,COAMEX,1,2034,3.0
GLOBAL,PWRCCSMEXXX,COAMEX,1,2035,3.0
GLOBAL,PWRCCSMEXXX,COAMEX,1,2036,3.0
GLOBAL,PWRCCSMEXXX,COAMEX,1,2037,3.0
GLOBAL,PWRCCSMEXXX,COAMEX,1,2038,3.0
GLOBAL,PWRCCSMEXXX,COAMEX,1,2039,3.0
GLOBAL,PWRCCSMEXXX,COAMEX,1,2040,3.0
GLOBAL,PWRCCSMEXXX,COAMEX,1,2041,3.0
GLOBAL,PWRCCSMEXXX,COAMEX,1,2042,3.0
GLOBAL,PWRCCSMEXXX,COAMEX,1,2043,3.0
GLOBAL,PWRCCSMEXXX,COAMEX,1,2044,3.0
GLOBAL,PWRCCSMEXXX,COAMEX,1,2045,3.0
GLOBAL,PWRCCSMEXXX,COAMEX,1,2046,3.0
GLOBAL,PWRCCSMEXXX,COAMEX,1,2047,3.0
GLOBAL,PWRCCSMEXXX,COAMEX,1,2048,3.0
GLOBAL,PWRCCSMEXXX,COAMEX,1,2049,3.0
GLOBAL,PWRCCSMEXXX,COAMEX,1,2050,3.0
GLOBAL,PWRCCSNICXX,COAINT,2,2023,3.0
GLOBAL,PWRCCSNICXX,COAINT,2,2024,3.0
GLOBAL,PWRCCSNICXX,COAINT,2,2025,3.0
GLOBAL,PWRCCSNICXX,COAINT,2,2026,3.0
GLOBAL,PWRCCSNICXX,COAINT,2,2027,3.0
GLOBAL,PWRCCSNICXX,COAINT,2,2028,3.0
GLOBAL,PWRCCSNICXX,COAINT,2,2029,3.0
GLOBAL,PWRCCSNICXX,COAINT,2,2030,3.0
GLOBAL,PWRCCSNICXX,COAINT,2,2031,3.0
GLOBAL,PWRCCSNICXX,COAINT,2,2032,3.0
GLOBAL,PWRCCSNICXX,COAINT,2,2033,3.0
GLOBAL,PWRCCSNICXX,COAINT,2,2034,3.0
GLOBAL,PWRCCSNICXX,COAINT,2,2035,3.0
GLOBAL,PWRCCSNICXX,COAINT,2,2036,3.0
GLOBAL,PWRCCSNICXX,COAINT,2,2037,3.0
GLOBAL,PWRCCSNICXX,COAINT,2,2038,3.0
GLOBAL,PWRCCSNICXX,COAINT,2,2039,3.0
GLOBAL,PWRCCSNICXX,COAINT,2,2040,3.0
GLOBAL,PWRCCSNICXX,COAINT,2,2041,3.0
GLOBAL,PWRCCSNICXX,COAINT,2,2042,3.0
GLOBAL,PWRCCSNICXX,COAINT,2,2043,3.0
GLOBAL,PWRCCSNICXX,COAINT,2,2044,3.0
GLOBAL,PWRCCSNICXX,COAINT,2,2045,3.0
GLOBAL,PWRCCSNICXX,COAINT,2,2046,3.0
GLOBAL,PWRCCSNICXX,COAINT,2,2047,3.0
GLOBAL,PWRCCSNICXX,COAINT,2,2048,3.0
GLOBAL,PWRCCSNICXX,COAINT,2,2049,3.0
GLOBAL,PWRCCSNICXX,COAINT,2,2050,3.0
GLOBAL,PWRCCSNICXX,COANIC,1,2023,3.0
GLOBAL,PWRCCSNICXX,COANIC,1,2024,3.0
GLOBAL,PWRCCSNICXX,COANIC,1,2025,3.0
GLOBAL,PWRCCSNICXX,COANIC,1,2026,3.0
GLOBAL,PWRCCSNICXX,COANIC,1,2027,3.0
GLOBAL,PWRCCSNICXX,COANIC,1,2028,3.0
GLOBAL,PWRCCSNICXX,COANIC,1,2029,3.0
GLOBAL,PWRCCSNICXX,COANIC,1,2030,3.0
GLOBAL,PWRCCSNICXX,COANIC,1,2031,3.0
GLOBAL,PWRCCSNICXX,COANIC,1,2032,3.0
GLOBAL,PWRCCSNICXX,COANIC,1,2033,3.0
GLOBAL,PWRCCSNICXX,COANIC,1,2034,3.0
GLOBAL,PWRCCSNICXX,COANIC,1,2035,3.0
GLOBAL,PWRCCSNICXX,COANIC,1,2036,3.0
GLOBAL,PWRCCSNICXX,COANIC,1,2037,3.0
GLOBAL,PWRCCSNICXX,COANIC,1,2038,3.0
GLOBAL,PWRCCSNICXX,COANIC,1,2039,3.0
GLOBAL,PWRCCSNICXX,COANIC,1,2040,3.0
GLOBAL,PWRCCSNICXX,COANIC,1,2041,3.0
GLOBAL,PWRCCSNICXX,COANIC,1,2042,3.0
GLOBAL,PWRCCSNICXX,COANIC,1,2043,3.0
GLOBAL,PWRCCSNICXX,COANIC,1,2044,3.0
GLOBAL,PWRCCSNICXX,COANIC,1,2045,3.0
GLOBAL,PWRCCSNICXX,COANIC,1,2046,3.0
GLOBAL,PWRCCSNICXX,COANIC,1,2047,3.0
GLOBAL,PWRCCSNICXX,COANIC,1,2048,3.0
GLOBAL,PWRCCSNICXX,COANIC,1,2049,3.0
GLOBAL,PWRCCSNICXX,COANIC,1,2050,3.0
GLOBAL,PWRCCSPANXX,COAINT,2,2023,3.0
GLOBAL,PWRCCSPANXX,COAINT,2,2024,3.0
GLOBAL,PWRCCSPANXX,COAINT,2,2025,3.0
GLOBAL,PWRCCSPANXX,COAINT,2,2026,3.0
GLOBAL,PWRCCSPANXX,COAINT,2,2027,3.0
GLOBAL,PWRCCSPANXX,COAINT,2,2028,3.0
GLOBAL,PWRCCSPANXX,COAINT,2,2029,3.0
GLOBAL,PWRCCSPANXX,COAINT,2,2030,3.0
GLOBAL,PWRCCSPANXX,COAINT,2,2031,3.0
GLOBAL,PWRCCSPANXX,COAINT,2,2032,3.0
GLOBAL,PWRCCSPANXX,COAINT,2,2033,3.0
GLOBAL,PWRCCSPANXX,COAINT,2,2034,3.0
GLOBAL,PWRCCSPANXX,COAINT,2,2035,3.0
GLOBAL,PWRCCSPANXX,COAINT,2,2036,3.0
GLOBAL,PWRCCSPANXX,COAINT,2,2037,3.0
GLOBAL,PWRCCSPANXX,COAINT,2,2038,3.0
GLOBAL,PWRCCSPANXX,COAINT,2,2039,3.0
GLOBAL,PWRCCSPANXX,COAINT,2,2040,3.0
GLOBAL,PWRCCSPANXX,COAINT,2,2041,3.0
GLOBAL,PWRCCSPANXX,COAINT,2,2042,3.0
GLOBAL,PWRCCSPANXX,COAINT,2,2043,3.0
GLOBAL,PWRCCSPANXX,COAINT,2,2044,3.0
GLOBAL,PWRCCSPANXX,COAINT,2,2045,3.0
GLOBAL,PWRCCSPANXX,COAINT,2,2046,3.0
GLOBAL,PWRCCSPANXX,COAINT,2,2047,3.0
GLOBAL,PWRCCSPANXX,COAINT,2,2048,3.0
GLOBAL,PWRCCSPANXX,COAINT,2,2049,3.0
GLOBAL,PWRCCSPANXX,COAINT,2,2050,3.0
GLOBAL,PWRCCSPANXX,COAPAN,1,2023,3.0
GLOBAL,PWRCCSPANXX,COAPAN,1,2024,3.0
GLOBAL,PWRCCSPANXX,COAPAN,1,2025,3.0
GLOBAL,PWRCCSPANXX,COAPAN,1,2026,3.0
GLOBAL,PWRCCSPANXX,COAPAN,1,2027,3.0
GLOBAL,PWRCCSPANXX,COAPAN,1,2028,3.0
GLOBAL,PWRCCSPANXX,COAPAN,1,2029,3.0
GLOBAL,PWRCCSPANXX,COAPAN,1,2030,3.0
GLOBAL,PWRCCSPANXX,COAPAN,1,2031,3.0
GLOBAL,PWRCCSPANXX,COAPAN,1,2032,3.0
GLOBAL,PWRCCSPANXX,COAPAN,1,2033,3.0
GLOBAL,PWRCCSPANXX,COAPAN,1,2034,3.0
GLOBAL,PWRCCSPANXX,COAPAN,1,2035,3.0
GLOBAL,PWRCCSPANXX,COAPAN,1,2036,3.0
GLOBAL,PWRCCSPANXX,COAPAN,1,2037,3.0
GLOBAL,PWRCCSPANXX,COAPAN,1,2038,3.0
GLOBAL,PWRCCSPANXX,COAPAN,1,2039,3.0
GLOBAL,PWRCCSPANXX,COAPAN,1,2040,3.0
GLOBAL,PWRCCSPANXX,COAPAN,1,2041,3.0
GLOBAL,PWRCCSPANXX,COAPAN,1,2042,3.0
GLOBAL,PWRCCSPANXX,COAPAN,1,2043,3.0
GLOBAL,PWRCCSPANXX,COAPAN,1,2044,3.0
GLOBAL,PWRCCSPANXX,COAPAN,1,2045,3.0
GLOBAL,PWRCCSPANXX,COAPAN,1,2046,3.0
GLOBAL,PWRCCSPANXX,COAPAN,1,2047,3.0
GLOBAL,PWRCCSPANXX,COAPAN,1,2048,3.0
GLOBAL,PWRCCSPANXX,COAPAN,1,2049,3.0
GLOBAL,PWRCCSPANXX,COAPAN,1,2050,3.0
GLOBAL,PWRCCSPERXX,COAINT,2,2023,3.0
GLOBAL,PWRCCSPERXX,COAINT,2,2024,3.0
GLOBAL,PWRCCSPERXX,COAINT,2,2025,3.0
GLOBAL,PWRCCSPERXX,COAINT,2,2026,3.0
GLOBAL,PWRCCSPERXX,COAINT,2,2027,3.0
GLOBAL,PWRCCSPERXX,COAINT,2,2028,3.0
GLOBAL,PWRCCSPERXX,COAINT,2,2029,3.0
GLOBAL,PWRCCSPERXX,COAINT,2,2030,3.0
GLOBAL,PWRCCSPERXX,COAINT,2,2031,3.0
GLOBAL,PWRCCSPERXX,COAINT,2,2032,3.0
GLOBAL,PWRCCSPERXX,COAINT,2,2033,3.0
GLOBAL,PWRCCSPERXX,COAINT,2,2034,3.0
GLOBAL,PWRCCSPERXX,COAINT,2,2035,3.0
GLOBAL,PWRCCSPERXX,COAINT,2,2036,3.0
GLOBAL,PWRCCSPERXX,COAINT,2,2037,3.0
GLOBAL,PWRCCSPERXX,COAINT,2,2038,3.0
GLOBAL,PWRCCSPERXX,COAINT,2,2039,3.0
GLOBAL,PWRCCSPERXX,COAINT,2,2040,3.0
GLOBAL,PWRCCSPERXX,COAINT,2,2041,3.0
GLOBAL,PWRCCSPERXX,COAINT,2,2042,3.0
GLOBAL,PWRCCSPERXX,COAINT,2,2043,3.0
GLOBAL,PWRCCSPERXX,COAINT,2,2044,3.0
GLOBAL,PWRCCSPERXX,COAINT,2,2045,3.0
GLOBAL,PWRCCSPERXX,COAINT,2,2046,3.0
GLOBAL,PWRCCSPERXX,COAINT,2,2047,3.0
GLOBAL,PWRCCSPERXX,COAINT,2,2048,3.0
GLOBAL,PWRCCSPERXX,COAINT,2,2049,3.0
GLOBAL,PWRCCSPERXX,COAINT,2,2050,3.0
GLOBAL,PWRCCSPERXX,COAPER,1,2023,3.0
GLOBAL,PWRCCSPERXX,COAPER,1,2024,3.0
GLOBAL,PWRCCSPERXX,COAPER,1,2025,3.0
GLOBAL,PWRCCSPERXX,COAPER,1,2026,3.0
GLOBAL,PWRCCSPERXX,COAPER,1,2027,3.0
GLOBAL,PWRCCSPERXX,COAPER,1,2028,3.0
GLOBAL,PWRCCSPERXX,COAPER,1,2029,3.0
GLOBAL,PWRCCSPERXX,COAPER,1,2030,3.0
GLOBAL,PWRCCSPERXX,COAPER,1,2031,3.0
GLOBAL,PWRCCSPERXX,COAPER,1,2032,3.0
GLOBAL,PWRCCSPERXX,COAPER,1,2033,3.0
GLOBAL,PWRCCSPERXX,COAPER,1,2034,3.0
GLOBAL,PWRCCSPERXX,COAPER,1,2035,3.0
GLOBAL,PWRCCSPERXX,COAPER,1,2036,3.0
GLOBAL,PWRCCSPERXX,COAPER,1,2037,3.0
GLOBAL,PWRCCSPERXX,COAPER,1,2038,3.0
GLOBAL,PWRCCSPERXX,COAPER,1,2039,3.0
GLOBAL,PWRCCSPERXX,COAPER,1,2040,3.0
GLOBAL,PWRCCSPERXX,COAPER,1,2041,3.0
GLOBAL,PWRCCSPERXX,COAPER,1,2042,3.0
GLOBAL,PWRCCSPERXX,COAPER,1,2043,3.0
GLOBAL,PWRCCSPERXX,COAPER,1,2044,3.0
GLOBAL,PWRCCSPERXX,COAPER,1,2045,3.0
GLOBAL,PWRCCSPERXX,COAPER,1,2046,3.0
GLOBAL,PWRCCSPERXX,COAPER,1,2047,3.0
GLOBAL,PWRCCSPERXX,COAPER,1,2048,3.0
GLOBAL,PWRCCSPERXX,COAPER,1,2049,3.0
GLOBAL,PWRCCSPERXX,COAPER,1,2050,3.0
GLOBAL,PWRCCSPRYXX,COAINT,2,2023,3.0
GLOBAL,PWRCCSPRYXX,COAINT,2,2024,3.0
GLOBAL,PWRCCSPRYXX,COAINT,2,2025,3.0
GLOBAL,PWRCCSPRYXX,COAINT,2,2026,3.0
GLOBAL,PWRCCSPRYXX,COAINT,2,2027,3.0
GLOBAL,PWRCCSPRYXX,COAINT,2,2028,3.0
GLOBAL,PWRCCSPRYXX,COAINT,2,2029,3.0
GLOBAL,PWRCCSPRYXX,COAINT,2,2030,3.0
GLOBAL,PWRCCSPRYXX,COAINT,2,2031,3.0
GLOBAL,PWRCCSPRYXX,COAINT,2,2032,3.0
GLOBAL,PWRCCSPRYXX,COAINT,2,2033,3.0
GLOBAL,PWRCCSPRYXX,COAINT,2,2034,3.0
GLOBAL,PWRCCSPRYXX,COAINT,2,2035,3.0
GLOBAL,PWRCCSPRYXX,COAINT,2,2036,3.0
GLOBAL,PWRCCSPRYXX,COAINT,2,2037,3.0
GLOBAL,PWRCCSPRYXX,COAINT,2,2038,3.0
GLOBAL,PWRCCSPRYXX,COAINT,2,2039,3.0
GLOBAL,PWRCCSPRYXX,COAINT,2,2040,3.0
GLOBAL,PWRCCSPRYXX,COAINT,2,2041,3.0
GLOBAL,PWRCCSPRYXX,COAINT,2,2042,3.0
GLOBAL,PWRCCSPRYXX,COAINT,2,2043,3.0
GLOBAL,PWRCCSPRYXX,COAINT,2,2044,3.0
GLOBAL,PWRCCSPRYXX,COAINT,2,2045,3.0
GLOBAL,PWRCCSPRYXX,COAINT,2,2046,3.0
GLOBAL,PWRCCSPRYXX,COAINT,2,2047,3.0
GLOBAL,PWRCCSPRYXX,COAINT,2,2048,3.0
GLOBAL,PWRCCSPRYXX,COAINT,2,2049,3.0
GLOBAL,PWRCCSPRYXX,COAINT,2,2050,3.0
GLOBAL,PWRCCSPRYXX,COAPRY,1,2023,3.0
GLOBAL,PWRCCSPRYXX,COAPRY,1,2024,3.0
GLOBAL,PWRCCSPRYXX,COAPRY,1,2025,3.0
GLOBAL,PWRCCSPRYXX,COAPRY,1,2026,3.0
GLOBAL,PWRCCSPRYXX,COAPRY,1,2027,3.0
GLOBAL,PWRCCSPRYXX,COAPRY,1,2028,3.0
GLOBAL,PWRCCSPRYXX,COAPRY,1,2029,3.0
GLOBAL,PWRCCSPRYXX,COAPRY,1,2030,3.0
GLOBAL,PWRCCSPRYXX,COAPRY,1,2031,3.0
GLOBAL,PWRCCSPRYXX,COAPRY,1,2032,3.0
GLOBAL,PWRCCSPRYXX,COAPRY,1,2033,3.0
GLOBAL,PWRCCSPRYXX,COAPRY,1,2034,3.0
GLOBAL,PWRCCSPRYXX,COAPRY,1,2035,3.0
GLOBAL,PWRCCSPRYXX,COAPRY,1,2036,3.0
GLOBAL,PWRCCSPRYXX,COAPRY,1,2037,3.0
GLOBAL,PWRCCSPRYXX,COAPRY,1,2038,3.0
GLOBAL,PWRCCSPRYXX,COAPRY,1,2039,3.0
GLOBAL,PWRCCSPRYXX,COAPRY,1,2040,3.0
GLOBAL,PWRCCSPRYXX,COAPRY,1,2041,3.0
GLOBAL,PWRCCSPRYXX,COAPRY,1,2042,3.0
GLOBAL,PWRCCSPRYXX,COAPRY,1,2043,3.0
GLOBAL,PWRCCSPRYXX,COAPRY,1,2044,3.0
GLOBAL,PWRCCSPRYXX,COAPRY,1,2045,3.0
GLOBAL,PWRCCSPRYXX,COAPRY,1,2046,3.0
GLOBAL,PWRCCSPRYXX,COAPRY,1,2047,3.0
GLOBAL,PWRCCSPRYXX,COAPRY,1,2048,3.0
GLOBAL,PWRCCSPRYXX,COAPRY,1,2049,3.0
GLOBAL,PWRCCSPRYXX,COAPRY,1,2050,3.0
GLOBAL,PWRCCSSLVXX,COAINT,2,2023,3.0
GLOBAL,PWRCCSSLVXX,COAINT,2,2024,3.0
GLOBAL,PWRCCSSLVXX,COAINT,2,2025,3.0
GLOBAL,PWRCCSSLVXX,COAINT,2,2026,3.0
GLOBAL,PWRCCSSLVXX,COAINT,2,2027,3.0
GLOBAL,PWRCCSSLVXX,COAINT,2,2028,3.0
GLOBAL,PWRCCSSLVXX,COAINT,2,2029,3.0
GLOBAL,PWRCCSSLVXX,COAINT,2,2030,3.0
GLOBAL,PWRCCSSLVXX,COAINT,2,2031,3.0
GLOBAL,PWRCCSSLVXX,COAINT,2,2032,3.0
GLOBAL,PWRCCSSLVXX,COAINT,2,2033,3.0
GLOBAL,PWRCCSSLVXX,COAINT,2,2034,3.0
GLOBAL,PWRCCSSLVXX,COAINT,2,2035,3.0
GLOBAL,PWRCCSSLVXX,COAINT,2,2036,3.0
GLOBAL,PWRCCSSLVXX,COAINT,2,2037,3.0
GLOBAL,PWRCCSSLVXX,COAINT,2,2038,3.0
GLOBAL,PWRCCSSLVXX,COAINT,2,2039,3.0
GLOBAL,PWRCCSSLVXX,COAINT,2,2040,3.0
GLOBAL,PWRCCSSLVXX,COAINT,2,2041,3.0
GLOBAL,PWRCCSSLVXX,COAINT,2,2042,3.0
GLOBAL,PWRCCSSLVXX,COAINT,2,2043,3.0
GLOBAL,PWRCCSSLVXX,COAINT,2,2044,3.0
GLOBAL,PWRCCSSLVXX,COAINT,2,2045,3.0
GLOBAL,PWRCCSSLVXX,COAINT,2,2046,3.0
GLOBAL,PWRCCSSLVXX,COAINT,2,2047,3.0
GLOBAL,PWRCCSSLVXX,COAINT,2,2048,3.0
GLOBAL,PWRCCSSLVXX,COAINT,2,2049,3.0
GLOBAL,PWRCCSSLVXX,COAINT,2,2050,3.0
GLOBAL,PWRCCSSLVXX,COASLV,1,2023,3.0
GLOBAL,PWRCCSSLVXX,COASLV,1,2024,3.0
GLOBAL,PWRCCSSLVXX,COASLV,1,2025,3.0
GLOBAL,PWRCCSSLVXX,COASLV,1,2026,3.0
GLOBAL,PWRCCSSLVXX,COASLV,1,2027,3.0
GLOBAL,PWRCCSSLVXX,COASLV,1,2028,3.0
GLOBAL,PWRCCSSLVXX,COASLV,1,2029,3.0
GLOBAL,PWRCCSSLVXX,COASLV,1,2030,3.0
GLOBAL,PWRCCSSLVXX,COASLV,1,2031,3.0
GLOBAL,PWRCCSSLVXX,COASLV,1,2032,3.0
GLOBAL,PWRCCSSLVXX,COASLV,1,2033,3.0
GLOBAL,PWRCCSSLVXX,COASLV,1,2034,3.0
GLOBAL,PWRCCSSLVXX,COASLV,1,2035,3.0
GLOBAL,PWRCCSSLVXX,COASLV,1,2036,3.0
GLOBAL,PWRCCSSLVXX,COASLV,1,2037,3.0
GLOBAL,PWRCCSSLVXX,COASLV,1,2038,3.0
GLOBAL,PWRCCSSLVXX,COASLV,1,2039,3.0
GLOBAL,PWRCCSSLVXX,COASLV,1,2040,3.0
GLOBAL,PWRCCSSLVXX,COASLV,1,2041,3.0
GLOBAL,PWRCCSSLVXX,COASLV,1,2042,3.0
GLOBAL,PWRCCSSLVXX,COASLV,1,2043,3.0
GLOBAL,PWRCCSSLVXX,COASLV,1,2044,3.0
GLOBAL,PWRCCSSLVXX,COASLV,1,2045,3.0
GLOBAL,PWRCCSSLVXX,COASLV,1,2046,3.0
GLOBAL,PWRCCSSLVXX,COASLV,1,2047,3.0
GLOBAL,PWRCCSSLVXX,COASLV,1,2048,3.0
GLOBAL,PWRCCSSLVXX,COASLV,1,2049,3.0
GLOBAL,PWRCCSSLVXX,COASLV,1,2050,3.0
GLOBAL,PWRCCSURYXX,COAINT,2,2023,3.0
GLOBAL,PWRCCSURYXX,COAINT,2,2024,3.0
GLOBAL,PWRCCSURYXX,COAINT,2,2025,3.0
GLOBAL,PWRCCSURYXX,COAINT,2,2026,3.0
GLOBAL,PWRCCSURYXX,COAINT,2,2027,3.0
GLOBAL,PWRCCSURYXX,COAINT,2,2028,3.0
GLOBAL,PWRCCSURYXX,COAINT,2,2029,3.0
GLOBAL,PWRCCSURYXX,COAINT,2,2030,3.0
GLOBAL,PWRCCSURYXX,COAINT,2,2031,3.0
GLOBAL,PWRCCSURYXX,COAINT,2,2032,3.0
GLOBAL,PWRCCSURYXX,COAINT,2,2033,3.0
GLOBAL,PWRCCSURYXX,COAINT,2,2034,3.0
GLOBAL,PWRCCSURYXX,COAINT,2,2035,3.0
GLOBAL,PWRCCSURYXX,COAINT,2,2036,3.0
GLOBAL,PWRCCSURYXX,COAINT,2,2037,3.0
GLOBAL,PWRCCSURYXX,COAINT,2,2038,3.0
GLOBAL,PWRCCSURYXX,COAINT,2,2039,3.0
GLOBAL,PWRCCSURYXX,COAINT,2,2040,3.0
GLOBAL,PWRCCSURYXX,COAINT,2,2041,3.0
GLOBAL,PWRCCSURYXX,COAINT,2,2042,3.0
GLOBAL,PWRCCSURYXX,COAINT,2,2043,3.0
GLOBAL,PWRCCSURYXX,COAINT,2,2044,3.0
GLOBAL,PWRCCSURYXX,COAINT,2,2045,3.0
GLOBAL,PWRCCSURYXX,COAINT,2,2046,3.0
GLOBAL,PWRCCSURYXX,COAINT,2,2047,3.0
GLOBAL,PWRCCSURYXX,COAINT,2,2048,3.0
GLOBAL,PWRCCSURYXX,COAINT,2,2049,3.0
GLOBAL,PWRCCSURYXX,COAINT,2,2050,3.0
GLOBAL,PWRCCSURYXX,COAURY,1,2023,3.0
GLOBAL,PWRCCSURYXX,COAURY,1,2024,3.0
GLOBAL,PWRCCSURYXX,COAURY,1,2025,3.0
GLOBAL,PWRCCSURYXX,COAURY,1,2026,3.0
GLOBAL,PWRCCSURYXX,COAURY,1,2027,3.0
GLOBAL,PWRCCSURYXX,COAURY,1,2028,3.0
GLOBAL,PWRCCSURYXX,COAURY,1,2029,3.0
GLOBAL,PWRCCSURYXX,COAURY,1,2030,3.0
GLOBAL,PWRCCSURYXX,COAURY,1,2031,3.0
GLOBAL,PWRCCSURYXX,COAURY,1,2032,3.0
GLOBAL,PWRCCSURYXX,COAURY,1,2033,3.0
GLOBAL,PWRCCSURYXX,COAURY,1,2034,3.0
GLOBAL,PWRCCSURYXX,COAURY,1,2035,3.0
GLOBAL,PWRCCSURYXX,COAURY,1,2036,3.0
GLOBAL,PWRCCSURYXX,COAURY,1,2037,3.0
GLOBAL,PWRCCSURYXX,COAURY,1,2038,3.0
GLOBAL,PWRCCSURYXX,COAURY,1,2039,3.0
GLOBAL,PWRCCSURYXX,COAURY,1,2040,3.0
GLOBAL,PWRCCSURYXX,COAURY,1,2041,3.0
GLOBAL,PWRCCSURYXX,COAURY,1,2042,3.0
GLOBAL,PWRCCSURYXX,COAURY,1,2043,3.0
GLOBAL,PWRCCSURYXX,COAURY,1,2044,3.0
GLOBAL,PWRCCSURYXX,COAURY,1,2045,3.0
GLOBAL,PWRCCSURYXX,COAURY,1,2046,3.0
GLOBAL,PWRCCSURYXX,COAURY,1,2047,3.0
GLOBAL,PWRCCSURYXX,COAURY,1,2048,3.0
GLOBAL,PWRCCSURYXX,COAURY,1,2049,3.0
GLOBAL,PWRCCSURYXX,COAURY,1,2050,3.0
GLOBAL,PWRCOAARGXX,COAARG,1,2023,2.93
GLOBAL,PWRCOAARGXX,COAARG,1,2024,2.93
GLOBAL,PWRCOAARGXX,COAARG,1,2025,2.93
GLOBAL,PWRCOAARGXX,COAARG,1,2026,2.93
GLOBAL,PWRCOAARGXX,COAARG,1,2027,2.93
GLOBAL,PWRCOAARGXX,COAARG,1,2028,2.93
GLOBAL,PWRCOAARGXX,COAARG,1,2029,2.93
GLOBAL,PWRCOAARGXX,COAARG,1,2030,2.93
GLOBAL,PWRCOAARGXX,COAARG,1,2031,2.93
GLOBAL,PWRCOAARGXX,COAARG,1,2032,2.93
GLOBAL,PWRCOAARGXX,COAARG,1,2033,2.93
GLOBAL,PWRCOAARGXX,COAARG,1,2034,2.93
GLOBAL,PWRCOAARGXX,COAARG,1,2035,2.93
GLOBAL,PWRCOAARGXX,COAARG,1,2036,2.93
GLOBAL,PWRCOAARGXX,COAARG,1,2037,2.93
GLOBAL,PWRCOAARGXX,COAARG,1,2038,2.93
GLOBAL,PWRCOAARGXX,COAARG,1,2039,2.93
GLOBAL,PWRCOAARGXX,COAARG,1,2040,2.93
GLOBAL,PWRCOAARGXX,COAARG,1,2041,2.93
GLOBAL,PWRCOAARGXX,COAARG,1,2042,2.93
GLOBAL,PWRCOAARGXX,COAARG,1,2043,2.93
GLOBAL,PWRCOAARGXX,COAARG,1,2044,2.93
GLOBAL,PWRCOAARGXX,COAARG,1,2045,2.93
GLOBAL,PWRCOAARGXX,COAARG,1,2046,2.93
GLOBAL,PWRCOAARGXX,COAARG,1,2047,2.93
GLOBAL,PWRCOAARGXX,COAARG,1,2048,2.93
GLOBAL,PWRCOAARGXX,COAARG,1,2049,2.93
GLOBAL,PWRCOAARGXX,COAARG,1,2050,2.93
GLOBAL,PWRCOAARGXX,COAINT,2,2023,2.93
GLOBAL,PWRCOAARGXX,COAINT,2,2024,2.93
GLOBAL,PWRCOAARGXX,COAINT,2,2025,2.93
GLOBAL,PWRCOAARGXX,COAINT,2,2026,2.93
GLOBAL,PWRCOAARGXX,COAINT,2,2027,2.93
GLOBAL,PWRCOAARGXX,COAINT,2,2028,2.93
GLOBAL,PWRCOAARGXX,COAINT,2,2029,2.93
GLOBAL,PWRCOAARGXX,COAINT,2,2030,2.93
GLOBAL,PWRCOAARGXX,COAINT,2,2031,2.93
GLOBAL,PWRCOAARGXX,COAINT,2,2032,2.93
GLOBAL,PWRCOAARGXX,COAINT,2,2033,2.93
GLOBAL,PWRCOAARGXX,COAINT,2,2034,2.93
GLOBAL,PWRCOAARGXX,COAINT,2,2035,2.93
GLOBAL,PWRCOAARGXX,COAINT,2,2036,2.93
GLOBAL,PWRCOAARGXX,COAINT,2,2037,2.93
GLOBAL,PWRCOAARGXX,COAINT,2,2038,2.93
GLOBAL,PWRCOAARGXX,COAINT,2,2039,2.93
GLOBAL,PWRCOAARGXX,COAINT,2,2040,2.93
GLOBAL,PWRCOAARGXX,COAINT,2,2041,2.93
GLOBAL,PWRCOAARGXX,COAINT,2,2042,2.93
GLOBAL,PWRCOAARGXX,COAINT,2,2043,2.93
GLOBAL,PWRCOAARGXX,COAINT,2,2044,2.93
GLOBAL,PWRCOAARGXX,COAINT,2,2045,2.93
GLOBAL,PWRCOAARGXX,COAINT,2,2046,2.93
GLOBAL,PWRCOAARGXX,COAINT,2,2047,2.93
GLOBAL,PWRCOAARGXX,COAINT,2,2048,2.93
GLOBAL,PWRCOAARGXX,COAINT,2,2049,2.93
GLOBAL,PWRCOAARGXX,COAINT,2,2050,2.93
GLOBAL,PWRCOABOLXX,COABOL,1,2023,2.92
GLOBAL,PWRCOABOLXX,COABOL,1,2024,2.92
GLOBAL,PWRCOABOLXX,COABOL,1,2025,2.92
GLOBAL,PWRCOABOLXX,COABOL,1,2026,2.92
GLOBAL,PWRCOABOLXX,COABOL,1,2027,2.92
GLOBAL,PWRCOABOLXX,COABOL,1,2028,2.92
GLOBAL,PWRCOABOLXX,COABOL,1,2029,2.92
GLOBAL,PWRCOABOLXX,COABOL,1,2030,2.92
GLOBAL,PWRCOABOLXX,COABOL,1,2031,2.92
GLOBAL,PWRCOABOLXX,COABOL,1,2032,2.92
GLOBAL,PWRCOABOLXX,COABOL,1,2033,2.92
GLOBAL,PWRCOABOLXX,COABOL,1,2034,2.92
GLOBAL,PWRCOABOLXX,COABOL,1,2035,2.92
GLOBAL,PWRCOABOLXX,COABOL,1,2036,2.92
GLOBAL,PWRCOABOLXX,COABOL,1,2037,2.92
GLOBAL,PWRCOABOLXX,COABOL,1,2038,2.92
GLOBAL,PWRCOABOLXX,COABOL,1,2039,2.92
GLOBAL,PWRCOABOLXX,COABOL,1,2040,2.92
GLOBAL,PWRCOABOLXX,COABOL,1,2041,2.92
GLOBAL,PWRCOABOLXX,COABOL,1,2042,2.92
GLOBAL,PWRCOABOLXX,COABOL,1,2043,2.92
GLOBAL,PWRCOABOLXX,COABOL,1,2044,2.92
GLOBAL,PWRCOABOLXX,COABOL,1,2045,2.92
GLOBAL,PWRCOABOLXX,COABOL,1,2046,2.92
GLOBAL,PWRCOABOLXX,COABOL,1,2047,2.92
GLOBAL,PWRCOABOLXX,COABOL,1,2048,2.92
GLOBAL,PWRCOABOLXX,COABOL,1,2049,2.92
GLOBAL,PWRCOABOLXX,COABOL,1,2050,2.92
GLOBAL,PWRCOABOLXX,COAINT,2,2023,2.92
GLOBAL,PWRCOABOLXX,COAINT,2,2024,2.92
GLOBAL,PWRCOABOLXX,COAINT,2,2025,2.92
GLOBAL,PWRCOABOLXX,COAINT,2,2026,2.92
GLOBAL,PWRCOABOLXX,COAINT,2,2027,2.92
GLOBAL,PWRCOABOLXX,COAINT,2,2028,2.92
GLOBAL,PWRCOABOLXX,COAINT,2,2029,2.92
GLOBAL,PWRCOABOLXX,COAINT,2,2030,2.92
GLOBAL,PWRCOABOLXX,COAINT,2,2031,2.92
GLOBAL,PWRCOABOLXX,COAINT,2,2032,2.92
GLOBAL,PWRCOABOLXX,COAINT,2,2033,2.92
GLOBAL,PWRCOABOLXX,COAINT,2,2034,2.92
GLOBAL,PWRCOABOLXX,COAINT,2,2035,2.92
GLOBAL,PWRCOABOLXX,COAINT,2,2036,2.92
GLOBAL,PWRCOABOLXX,COAINT,2,2037,2.92
GLOBAL,PWRCOABOLXX,COAINT,2,2038,2.92
GLOBAL,PWRCOABOLXX,COAINT,2,2039,2.92
GLOBAL,PWRCOABOLXX,COAINT,2,2040,2.92
GLOBAL,PWRCOABOLXX,COAINT,2,2041,2.92
GLOBAL,PWRCOABOLXX,COAINT,2,2042,2.92
GLOBAL,PWRCOABOLXX,COAINT,2,2043,2.92
GLOBAL,PWRCOABOLXX,COAINT,2,2044,2.92
GLOBAL,PWRCOABOLXX,COAINT,2,2045,2.92
GLOBAL,PWRCOABOLXX,COAINT,2,2046,2.92
GLOBAL,PWRCOABOLXX,COAINT,2,2047,2.92
GLOBAL,PWRCOABOLXX,COAINT,2,2048,2.92
GLOBAL,PWRCOABOLXX,COAINT,2,2049,2.92
GLOBAL,PWRCOABOLXX,COAINT,2,2050,2.92
GLOBAL,PWRCOABRAXX,COABRA,1,2023,2.95
GLOBAL,PWRCOABRAXX,COABRA,1,2024,2.95
GLOBAL,PWRCOABRAXX,COABRA,1,2025,2.95
GLOBAL,PWRCOABRAXX,COABRA,1,2026,2.95
GLOBAL,PWRCOABRAXX,COABRA,1,2027,2.95
GLOBAL,PWRCOABRAXX,COABRA,1,2028,2.95
GLOBAL,PWRCOABRAXX,COABRA,1,2029,2.95
GLOBAL,PWRCOABRAXX,COABRA,1,2030,2.95
GLOBAL,PWRCOABRAXX,COABRA,1,2031,2.95
GLOBAL,PWRCOABRAXX,COABRA,1,2032,2.95
GLOBAL,PWRCOABRAXX,COABRA,1,2033,2.95
GLOBAL,PWRCOABRAXX,COABRA,1,2034,2.95
GLOBAL,PWRCOABRAXX,COABRA,1,2035,2.95
GLOBAL,PWRCOABRAXX,COABRA,1,2036,2.95
GLOBAL,PWRCOABRAXX,COABRA,1,2037,2.95
GLOBAL,PWRCOABRAXX,COABRA,1,2038,2.95
GLOBAL,PWRCOABRAXX,COABRA,1,2039,2.95
GLOBAL,PWRCOABRAXX,COABRA,1,2040,2.95
GLOBAL,PWRCOABRAXX,COABRA,1,2041,2.95
GLOBAL,PWRCOABRAXX,COABRA,1,2042,2.95
GLOBAL,PWRCOABRAXX,COABRA,1,2043,2.95
GLOBAL,PWRCOABRAXX,COABRA,1,2044,2.95
GLOBAL,PWRCOABRAXX,COABRA,1,2045,2.95
GLOBAL,PWRCOABRAXX,COABRA,1,2046,2.95
GLOBAL,PWRCOABRAXX,COABRA,1,2047,2.95
GLOBAL,PWRCOABRAXX,COABRA,1,2048,2.95
GLOBAL,PWRCOABRAXX,COABRA,1,2049,2.95
GLOBAL,PWRCOABRAXX,COABRA,1,2050,2.95
GLOBAL,PWRCOABRAXX,COAINT,2,2023,2.95
GLOBAL,PWRCOABRAXX,COAINT,2,2024,2.95
GLOBAL,PWRCOABRAXX,COAINT,2,2025,2.95
GLOBAL,PWRCOABRAXX,COAINT,2,2026,2.95
GLOBAL,PWRCOABRAXX,COAINT,2,2027,2.95
GLOBAL,PWRCOABRAXX,COAINT,2,2028,2.95
GLOBAL,PWRCOABRAXX,COAINT,2,2029,2.95
GLOBAL,PWRCOABRAXX,COAINT,2,2030,2.95
GLOBAL,PWRCOABRAXX,COAINT,2,2031,2.95
GLOBAL,PWRCOABRAXX,COAINT,2,2032,2.95
GLOBAL,PWRCOABRAXX,COAINT,2,2033,2.95
GLOBAL,PWRCOABRAXX,COAINT,2,2034,2.95
GLOBAL,PWRCOABRAXX,COAINT,2,2035,2.95
GLOBAL,PWRCOABRAXX,COAINT,2,2036,2.95
GLOBAL,PWRCOABRAXX,COAINT,2,2037,2.95
GLOBAL,PWRCOABRAXX,COAINT,2,2038,2.95
GLOBAL,PWRCOABRAXX,COAINT,2,2039,2.95
GLOBAL,PWRCOABRAXX,COAINT,2,2040,2.95
GLOBAL,PWRCOABRAXX,COAINT,2,2041,2.95
GLOBAL,PWRCOABRAXX,COAINT,2,2042,2.95
GLOBAL,PWRCOABRAXX,COAINT,2,2043,2.95
GLOBAL,PWRCOABRAXX,COAINT,2,2044,2.95
GLOBAL,PWRCOABRAXX,COAINT,2,2045,2.95
GLOBAL,PWRCOABRAXX,COAINT,2,2046,2.95
GLOBAL,PWRCOABRAXX,COAINT,2,2047,2.95
GLOBAL,PWRCOABRAXX,COAINT,2,2048,2.95
GLOBAL,PWRCOABRAXX,COAINT,2,2049,2.95
GLOBAL,PWRCOABRAXX,COAINT,2,2050,2.95
GLOBAL,PWRCOABRBXX,COABRB,1,2023,2.92
GLOBAL,PWRCOABRBXX,COABRB,1,2024,2.92
GLOBAL,PWRCOABRBXX,COABRB,1,2025,2.92
GLOBAL,PWRCOABRBXX,COABRB,1,2026,2.92
GLOBAL,PWRCOABRBXX,COABRB,1,2027,2.92
GLOBAL,PWRCOABRBXX,COABRB,1,2028,2.92
GLOBAL,PWRCOABRBXX,COABRB,1,2029,2.92
GLOBAL,PWRCOABRBXX,COABRB,1,2030,2.92
GLOBAL,PWRCOABRBXX,COABRB,1,2031,2.92
GLOBAL,PWRCOABRBXX,COABRB,1,2032,2.92
GLOBAL,PWRCOABRBXX,COABRB,1,2033,2.92
GLOBAL,PWRCOABRBXX,COABRB,1,2034,2.92
GLOBAL,PWRCOABRBXX,COABRB,1,2035,2.92
GLOBAL,PWRCOABRBXX,COABRB,1,2036,2.92
GLOBAL,PWRCOABRBXX,COABRB,1,2037,2.92
GLOBAL,PWRCOABRBXX,COABRB,1,2038,2.92
GLOBAL,PWRCOABRBXX,COABRB,1,2039,2.92
GLOBAL,PWRCOABRBXX,COABRB,1,2040,2.92
GLOBAL,PWRCOABRBXX,COABRB,1,2041,2.92
GLOBAL,PWRCOABRBXX,COABRB,1,2042,2.92
GLOBAL,PWRCOABRBXX,COABRB,1,2043,2.92
GLOBAL,PWRCOABRBXX,COABRB,1,2044,2.92
GLOBAL,PWRCOABRBXX,COABRB,1,2045,2.92
GLOBAL,PWRCOABRBXX,COABRB,1,2046,2.92
GLOBAL,PWRCOABRBXX,COABRB,1,2047,2.92
GLOBAL,PWRCOABRBXX,COABRB,1,2048,2.92
GLOBAL,PWRCOABRBXX,COABRB,1,2049,2.92
GLOBAL,PWRCOABRBXX,COABRB,1,2050,2.92
GLOBAL,PWRCOABRBXX,COAINT,2,2023,2.92
GLOBAL,PWRCOABRBXX,COAINT,2,2024,2.92
GLOBAL,PWRCOABRBXX,COAINT,2,2025,2.92
GLOBAL,PWRCOABRBXX,COAINT,2,2026,2.92
GLOBAL,PWRCOABRBXX,COAINT,2,2027,2.92
GLOBAL,PWRCOABRBXX,COAINT,2,2028,2.92
GLOBAL,PWRCOABRBXX,COAINT,2,2029,2.92
GLOBAL,PWRCOABRBXX,COAINT,2,2030,2.92
GLOBAL,PWRCOABRBXX,COAINT,2,2031,2.92
GLOBAL,PWRCOABRBXX,COAINT,2,2032,2.92
GLOBAL,PWRCOABRBXX,COAINT,2,2033,2.92
GLOBAL,PWRCOABRBXX,COAINT,2,2034,2.92
GLOBAL,PWRCOABRBXX,COAINT,2,2035,2.92
GLOBAL,PWRCOABRBXX,COAINT,2,2036,2.92
GLOBAL,PWRCOABRBXX,COAINT,2,2037,2.92
GLOBAL,PWRCOABRBXX,COAINT,2,2038,2.92
GLOBAL,PWRCOABRBXX,COAINT,2,2039,2.92
GLOBAL,PWRCOABRBXX,COAINT,2,2040,2.92
GLOBAL,PWRCOABRBXX,COAINT,2,2041,2.92
GLOBAL,PWRCOABRBXX,COAINT,2,2042,2.92
GLOBAL,PWRCOABRBXX,COAINT,2,2043,2.92
GLOBAL,PWRCOABRBXX,COAINT,2,2044,2.92
GLOBAL,PWRCOABRBXX,COAINT,2,2045,2.92
GLOBAL,PWRCOABRBXX,COAINT,2,2046,2.92
GLOBAL,PWRCOABRBXX,COAINT,2,2047,2.92
GLOBAL,PWRCOABRBXX,COAINT,2,2048,2.92
GLOBAL,PWRCOABRBXX,COAINT,2,2049,2.92
GLOBAL,PWRCOABRBXX,COAINT,2,2050,2.92
GLOBAL,PWRCOACHLXX,COACHL,1,2023,2.94
GLOBAL,PWRCOACHLXX,COACHL,1,2024,2.94
GLOBAL,PWRCOACHLXX,COACHL,1,2025,2.94
GLOBAL,PWRCOACHLXX,COACHL,1,2026,2.94
GLOBAL,PWRCOACHLXX,COACHL,1,2027,2.94
GLOBAL,PWRCOACHLXX,COACHL,1,2028,2.94
GLOBAL,PWRCOACHLXX,COACHL,1,2029,2.94
GLOBAL,PWRCOACHLXX,COACHL,1,2030,2.94
GLOBAL,PWRCOACHLXX,COACHL,1,2031,2.94
GLOBAL,PWRCOACHLXX,COACHL,1,2032,2.94
GLOBAL,PWRCOACHLXX,COACHL,1,2033,2.94
GLOBAL,PWRCOACHLXX,COACHL,1,2034,2.94
GLOBAL,PWRCOACHLXX,COACHL,1,2035,2.94
GLOBAL,PWRCOACHLXX,COACHL,1,2036,2.94
GLOBAL,PWRCOACHLXX,COACHL,1,2037,2.94
GLOBAL,PWRCOACHLXX,COACHL,1,2038,2.94
GLOBAL,PWRCOACHLXX,COACHL,1,2039,2.94
GLOBAL,PWRCOACHLXX,COACHL,1,2040,2.94
GLOBAL,PWRCOACHLXX,COACHL,1,2041,2.94
GLOBAL,PWRCOACHLXX,COACHL,1,2042,2.94
GLOBAL,PWRCOACHLXX,COACHL,1,2043,2.94
GLOBAL,PWRCOACHLXX,COACHL,1,2044,2.94
GLOBAL,PWRCOACHLXX,COACHL,1,2045,2.94
GLOBAL,PWRCOACHLXX,COACHL,1,2046,2.94
GLOBAL,PWRCOACHLXX,COACHL,1,2047,2.94
GLOBAL,PWRCOACHLXX,COACHL,1,2048,2.94
GLOBAL,PWRCOACHLXX,COACHL,1,2049,2.94
GLOBAL,PWRCOACHLXX,COACHL,1,2050,2.94
GLOBAL,PWRCOACHLXX,COAINT,2,2023,2.94
GLOBAL,PWRCOACHLXX,COAINT,2,2024,2.94
GLOBAL,PWRCOACHLXX,COAINT,2,2025,2.94
GLOBAL,PWRCOACHLXX,COAINT,2,2026,2.94
GLOBAL,PWRCOACHLXX,COAINT,2,2027,2.94
GLOBAL,PWRCOACHLXX,COAINT,2,2028,2.94
GLOBAL,PWRCOACHLXX,COAINT,2,2029,2.94
GLOBAL,PWRCOACHLXX,COAINT,2,2030,2.94
GLOBAL,PWRCOACHLXX,COAINT,2,2031,2.94
GLOBAL,PWRCOACHLXX,COAINT,2,2032,2.94
GLOBAL,PWRCOACHLXX,COAINT,2,2033,2.94
GLOBAL,PWRCOACHLXX,COAINT,2,2034,2.94
GLOBAL,PWRCOACHLXX,COAINT,2,2035,2.94
GLOBAL,PWRCOACHLXX,COAINT,2,2036,2.94
GLOBAL,PWRCOACHLXX,COAINT,2,2037,2.94
GLOBAL,PWRCOACHLXX,COAINT,2,2038,2.94
GLOBAL,PWRCOACHLXX,COAINT,2,2039,2.94
GLOBAL,PWRCOACHLXX,COAINT,2,2040,2.94
GLOBAL,PWRCOACHLXX,COAINT,2,2041,2.94
GLOBAL,PWRCOACHLXX,COAINT,2,2042,2.94
GLOBAL,PWRCOACHLXX,COAINT,2,2043,2.94
GLOBAL,PWRCOACHLXX,COAINT,2,2044,2.94
GLOBAL,PWRCOACHLXX,COAINT,2,2045,2.94
GLOBAL,PWRCOACHLXX,COAINT,2,2046,2.94
GLOBAL,PWRCOACHLXX,COAINT,2,2047,2.94
GLOBAL,PWRCOACHLXX,COAINT,2,2048,2.94
GLOBAL,PWRCOACHLXX,COAINT,2,2049,2.94
GLOBAL,PWRCOACHLXX,COAINT,2,2050,2.94
GLOBAL,PWRCOACOLXX,COACOL,1,2023,2.93
GLOBAL,PWRCOACOLXX,COACOL,1,2024,2.93
GLOBAL,PWRCOACOLXX,COACOL,1,2025,2.93
GLOBAL,PWRCOACOLXX,COACOL,1,2026,2.93
GLOBAL,PWRCOACOLXX,COACOL,1,2027,2.93
GLOBAL,PWRCOACOLXX,COACOL,1,2028,2.93
GLOBAL,PWRCOACOLXX,COACOL,1,2029,2.93
GLOBAL,PWRCOACOLXX,COACOL,1,2030,2.93
GLOBAL,PWRCOACOLXX,COACOL,1,2031,2.93
GLOBAL,PWRCOACOLXX,COACOL,1,2032,2.93
GLOBAL,PWRCOACOLXX,COACOL,1,2033,2.93
GLOBAL,PWRCOACOLXX,COACOL,1,2034,2.93
GLOBAL,PWRCOACOLXX,COACOL,1,2035,2.93
GLOBAL,PWRCOACOLXX,COACOL,1,2036,2.93
GLOBAL,PWRCOACOLXX,COACOL,1,2037,2.93
GLOBAL,PWRCOACOLXX,COACOL,1,2038,2.93
GLOBAL,PWRCOACOLXX,COACOL,1,2039,2.93
GLOBAL,PWRCOACOLXX,COACOL,1,2040,2.93
GLOBAL,PWRCOACOLXX,COACOL,1,2041,2.93
GLOBAL,PWRCOACOLXX,COACOL,1,2042,2.93
GLOBAL,PWRCOACOLXX,COACOL,1,2043,2.93
GLOBAL,PWRCOACOLXX,COACOL,1,2044,2.93
GLOBAL,PWRCOACOLXX,COACOL,1,2045,2.93
GLOBAL,PWRCOACOLXX,COACOL,1,2046,2.93
GLOBAL,PWRCOACOLXX,COACOL,1,2047,2.93
GLOBAL,PWRCOACOLXX,COACOL,1,2048,2.93
GLOBAL,PWRCOACOLXX,COACOL,1,2049,2.93
GLOBAL,PWRCOACOLXX,COACOL,1,2050,2.93
GLOBAL,PWRCOACOLXX,COAINT,2,2023,2.93
GLOBAL,PWRCOACOLXX,COAINT,2,2024,2.93
GLOBAL,PWRCOACOLXX,COAINT,2,2025,2.93
GLOBAL,PWRCOACOLXX,COAINT,2,2026,2.93
GLOBAL,PWRCOACOLXX,COAINT,2,2027,2.93
GLOBAL,PWRCOACOLXX,COAINT,2,2028,2.93
GLOBAL,PWRCOACOLXX,COAINT,2,2029,2.93
GLOBAL,PWRCOACOLXX,COAINT,2,2030,2.93
GLOBAL,PWRCOACOLXX,COAINT,2,2031,2.93
GLOBAL,PWRCOACOLXX,COAINT,2,2032,2.93
GLOBAL,PWRCOACOLXX,COAINT,2,2033,2.93
GLOBAL,PWRCOACOLXX,COAINT,2,2034,2.93
GLOBAL,PWRCOACOLXX,COAINT,2,2035,2.93
GLOBAL,PWRCOACOLXX,COAINT,2,2036,2.93
GLOBAL,PWRCOACOLXX,COAINT,2,2037,2.93
GLOBAL,PWRCOACOLXX,COAINT,2,2038,2.93
GLOBAL,PWRCOACOLXX,COAINT,2,2039,2.93
GLOBAL,PWRCOACOLXX,COAINT,2,2040,2.93
GLOBAL,PWRCOACOLXX,COAINT,2,2041,2.93
GLOBAL,PWRCOACOLXX,COAINT,2,2042,2.93
GLOBAL,PWRCOACOLXX,COAINT,2,2043,2.93
GLOBAL,PWRCOACOLXX,COAINT,2,2044,2.93
GLOBAL,PWRCOACOLXX,COAINT,2,2045,2.93
GLOBAL,PWRCOACOLXX,COAINT,2,2046,2.93
GLOBAL,PWRCOACOLXX,COAINT,2,2047,2.93
GLOBAL,PWRCOACOLXX,COAINT,2,2048,2.93
GLOBAL,PWRCOACOLXX,COAINT,2,2049,2.93
GLOBAL,PWRCOACOLXX,COAINT,2,2050,2.93
GLOBAL,PWRCOACRIXX,COACRI,1,2023,2.92
GLOBAL,PWRCOACRIXX,COACRI,1,2024,2.92
GLOBAL,PWRCOACRIXX,COACRI,1,2025,2.92
GLOBAL,PWRCOACRIXX,COACRI,1,2026,2.92
GLOBAL,PWRCOACRIXX,COACRI,1,2027,2.92
GLOBAL,PWRCOACRIXX,COACRI,1,2028,2.92
GLOBAL,PWRCOACRIXX,COACRI,1,2029,2.92
GLOBAL,PWRCOACRIXX,COACRI,1,2030,2.92
GLOBAL,PWRCOACRIXX,COACRI,1,2031,2.92
GLOBAL,PWRCOACRIXX,COACRI,1,2032,2.92
GLOBAL,PWRCOACRIXX,COACRI,1,2033,2.92
GLOBAL,PWRCOACRIXX,COACRI,1,2034,2.92
GLOBAL,PWRCOACRIXX,COACRI,1,2035,2.92
GLOBAL,PWRCOACRIXX,COACRI,1,2036,2.92
GLOBAL,PWRCOACRIXX,COACRI,1,2037,2.92
GLOBAL,PWRCOACRIXX,COACRI,1,2038,2.92
GLOBAL,PWRCOACRIXX,COACRI,1,2039,2.92
GLOBAL,PWRCOACRIXX,COACRI,1,2040,2.92
GLOBAL,PWRCOACRIXX,COACRI,1,2041,2.92
GLOBAL,PWRCOACRIXX,COACRI,1,2042,2.92
GLOBAL,PWRCOACRIXX,COACRI,1,2043,2.92
GLOBAL,PWRCOACRIXX,COACRI,1,2044,2.92
GLOBAL,PWRCOACRIXX,COACRI,1,2045,2.92
GLOBAL,PWRCOACRIXX,COACRI,1,2046,2.92
GLOBAL,PWRCOACRIXX,COACRI,1,2047,2.92
GLOBAL,PWRCOACRIXX,COACRI,1,2048,2.92
GLOBAL,PWRCOACRIXX,COACRI,1,2049,2.92
GLOBAL,PWRCOACRIXX,COACRI,1,2050,2.92
GLOBAL,PWRCOACRIXX,COAINT,2,2023,2.92
GLOBAL,PWRCOACRIXX,COAINT,2,2024,2.92
GLOBAL,PWRCOACRIXX,COAINT,2,2025,2.92
GLOBAL,PWRCOACRIXX,COAINT,2,2026,2.92
GLOBAL,PWRCOACRIXX,COAINT,2,2027,2.92
GLOBAL,PWRCOACRIXX,COAINT,2,2028,2.92
GLOBAL,PWRCOACRIXX,COAINT,2,2029,2.92
GLOBAL,PWRCOACRIXX,COAINT,2,2030,2.92
GLOBAL,PWRCOACRIXX,COAINT,2,2031,2.92
GLOBAL,PWRCOACRIXX,COAINT,2,2032,2.92
GLOBAL,PWRCOACRIXX,COAINT,2,2033,2.92
GLOBAL,PWRCOACRIXX,COAINT,2,2034,2.92
GLOBAL,PWRCOACRIXX,COAINT,2,2035,2.92
GLOBAL,PWRCOACRIXX,COAINT,2,2036,2.92
GLOBAL,PWRCOACRIXX,COAINT,2,2037,2.92
GLOBAL,PWRCOACRIXX,COAINT,2,2038,2.92
GLOBAL,PWRCOACRIXX,COAINT,2,2039,2.92
GLOBAL,PWRCOACRIXX,COAINT,2,2040,2.92
GLOBAL,PWRCOACRIXX,COAINT,2,2041,2.92
GLOBAL,PWRCOACRIXX,COAINT,2,2042,2.92
GLOBAL,PWRCOACRIXX,COAINT,2,2043,2.92
GLOBAL,PWRCOACRIXX,COAINT,2,2044,2.92
GLOBAL,PWRCOACRIXX,COAINT,2,2045,2.92
GLOBAL,PWRCOACRIXX,COAINT,2,2046,2.92
GLOBAL,PWRCOACRIXX,COAINT,2,2047,2.92
GLOBAL,PWRCOACRIXX,COAINT,2,2048,2.92
GLOBAL,PWRCOACRIXX,COAINT,2,2049,2.92
GLOBAL,PWRCOACRIXX,COAINT,2,2050,2.92
GLOBAL,PWRCOADOMXX,COADOM,1,2023,2.96
GLOBAL,PWRCOADOMXX,COADOM,1,2024,2.96
GLOBAL,PWRCOADOMXX,COADOM,1,2025,2.96
GLOBAL,PWRCOADOMXX,COADOM,1,2026,2.96
GLOBAL,PWRCOADOMXX,COADOM,1,2027,2.96
GLOBAL,PWRCOADOMXX,COADOM,1,2028,2.96
GLOBAL,PWRCOADOMXX,COADOM,1,2029,2.96
GLOBAL,PWRCOADOMXX,COADOM,1,2030,2.96
GLOBAL,PWRCOADOMXX,COADOM,1,2031,2.96
GLOBAL,PWRCOADOMXX,COADOM,1,2032,2.96
GLOBAL,PWRCOADOMXX,COADOM,1,2033,2.96
GLOBAL,PWRCOADOMXX,COADOM,1,2034,2.96
GLOBAL,PWRCOADOMXX,COADOM,1,2035,2.96
GLOBAL,PWRCOADOMXX,COADOM,1,2036,2.96
GLOBAL,PWRCOADOMXX,COADOM,1,2037,2.96
GLOBAL,PWRCOADOMXX,COADOM,1,2038,2.96
GLOBAL,PWRCOADOMXX,COADOM,1,2039,2.96
GLOBAL,PWRCOADOMXX,COADOM,1,2040,2.96
GLOBAL,PWRCOADOMXX,COADOM,1,2041,2.96
GLOBAL,PWRCOADOMXX,COADOM,1,2042,2.96
GLOBAL,PWRCOADOMXX,COADOM,1,2043,2.96
GLOBAL,PWRCOADOMXX,COADOM,1,2044,2.96
GLOBAL,PWRCOADOMXX,COADOM,1,2045,2.96
GLOBAL,PWRCOADOMXX,COADOM,1,2046,2.96
GLOBAL,PWRCOADOMXX,COADOM,1,2047,2.96
GLOBAL,PWRCOADOMXX,COADOM,1,2048,2.96
GLOBAL,PWRCOADOMXX,COADOM,1,2049,2.96
GLOBAL,PWRCOADOMXX,COADOM,1,2050,2.96
GLOBAL,PWRCOADOMXX,COAINT,2,2023,2.96
GLOBAL,PWRCOADOMXX,COAINT,2,2024,2.96
GLOBAL,PWRCOADOMXX,COAINT,2,2025,2.96
GLOBAL,PWRCOADOMXX,COAINT,2,2026,2.96
GLOBAL,PWRCOADOMXX,COAINT,2,2027,2.96
GLOBAL,PWRCOADOMXX,COAINT,2,2028,2.96
GLOBAL,PWRCOADOMXX,COAINT,2,2029,2.96
GLOBAL,PWRCOADOMXX,COAINT,2,2030,2.96
GLOBAL,PWRCOADOMXX,COAINT,2,2031,2.96
GLOBAL,PWRCOADOMXX,COAINT,2,2032,2.96
GLOBAL,PWRCOADOMXX,COAINT,2,2033,2.96
GLOBAL,PWRCOADOMXX,COAINT,2,2034,2.96
GLOBAL,PWRCOADOMXX,COAINT,2,2035,2.96
GLOBAL,PWRCOADOMXX,COAINT,2,2036,2.96
GLOBAL,PWRCOADOMXX,COAINT,2,2037,2.96
GLOBAL,PWRCOADOMXX,COAINT,2,2038,2.96
GLOBAL,PWRCOADOMXX,COAINT,2,2039,2.96
GLOBAL,PWRCOADOMXX,COAINT,2,2040,2.96
GLOBAL,PWRCOADOMXX,COAINT,2,2041,2.96
GLOBAL,PWRCOADOMXX,COAINT,2,2042,2.96
GLOBAL,PWRCOADOMXX,COAINT,2,2043,2.96
GLOBAL,PWRCOADOMXX,COAINT,2,2044,2.96
GLOBAL,PWRCOADOMXX,COAINT,2,2045,2.96
GLOBAL,PWRCOADOMXX,COAINT,2,2046,2.96
GLOBAL,PWRCOADOMXX,COAINT,2,2047,2.96
GLOBAL,PWRCOADOMXX,COAINT,2,2048,2.96
GLOBAL,PWRCOADOMXX,COAINT,2,2049,2.96
GLOBAL,PWRCOADOMXX,COAINT,2,2050,2.96
GLOBAL,PWRCOAECUXX,COAECU,1,2023,2.92
GLOBAL,PWRCOAECUXX,COAECU,1,2024,2.92
GLOBAL,PWRCOAECUXX,COAECU,1,2025,2.92
GLOBAL,PWRCOAECUXX,COAECU,1,2026,2.92
GLOBAL,PWRCOAECUXX,COAECU,1,2027,2.92
GLOBAL,PWRCOAECUXX,COAECU,1,2028,2.92
GLOBAL,PWRCOAECUXX,COAECU,1,2029,2.92
GLOBAL,PWRCOAECUXX,COAECU,1,2030,2.92
GLOBAL,PWRCOAECUXX,COAECU,1,2031,2.92
GLOBAL,PWRCOAECUXX,COAECU,1,2032,2.92
GLOBAL,PWRCOAECUXX,COAECU,1,2033,2.92
GLOBAL,PWRCOAECUXX,COAECU,1,2034,2.92
GLOBAL,PWRCOAECUXX,COAECU,1,2035,2.92
GLOBAL,PWRCOAECUXX,COAECU,1,2036,2.92
GLOBAL,PWRCOAECUXX,COAECU,1,2037,2.92
GLOBAL,PWRCOAECUXX,COAECU,1,2038,2.92
GLOBAL,PWRCOAECUXX,COAECU,1,2039,2.92
GLOBAL,PWRCOAECUXX,COAECU,1,2040,2.92
GLOBAL,PWRCOAECUXX,COAECU,1,2041,2.92
GLOBAL,PWRCOAECUXX,COAECU,1,2042,2.92
GLOBAL,PWRCOAECUXX,COAECU,1,2043,2.92
GLOBAL,PWRCOAECUXX,COAECU,1,2044,2.92
GLOBAL,PWRCOAECUXX,COAECU,1,2045,2.92
GLOBAL,PWRCOAECUXX,COAECU,1,2046,2.92
GLOBAL,PWRCOAECUXX,COAECU,1,2047,2.92
GLOBAL,PWRCOAECUXX,COAECU,1,2048,2.92
GLOBAL,PWRCOAECUXX,COAECU,1,2049,2.92
GLOBAL,PWRCOAECUXX,COAECU,1,2050,2.92
GLOBAL,PWRCOAECUXX,COAINT,2,2023,2.92
GLOBAL,PWRCOAECUXX,COAINT,2,2024,2.92
GLOBAL,PWRCOAECUXX,COAINT,2,2025,2.92
GLOBAL,PWRCOAECUXX,COAINT,2,2026,2.92
GLOBAL,PWRCOAECUXX,COAINT,2,2027,2.92
GLOBAL,PWRCOAECUXX,COAINT,2,2028,2.92
GLOBAL,PWRCOAECUXX,COAINT,2,2029,2.92
GLOBAL,PWRCOAECUXX,COAINT,2,2030,2.92
GLOBAL,PWRCOAECUXX,COAINT,2,2031,2.92
GLOBAL,PWRCOAECUXX,COAINT,2,2032,2.92
GLOBAL,PWRCOAECUXX,COAINT,2,2033,2.92
GLOBAL,PWRCOAECUXX,COAINT,2,2034,2.92
GLOBAL,PWRCOAECUXX,COAINT,2,2035,2.92
GLOBAL,PWRCOAECUXX,COAINT,2,2036,2.92
GLOBAL,PWRCOAECUXX,COAINT,2,2037,2.92
GLOBAL,PWRCOAECUXX,COAINT,2,2038,2.92
GLOBAL,PWRCOAECUXX,COAINT,2,2039,2.92
GLOBAL,PWRCOAECUXX,COAINT,2,2040,2.92
GLOBAL,PWRCOAECUXX,COAINT,2,2041,2.92
GLOBAL,PWRCOAECUXX,COAINT,2,2042,2.92
GLOBAL,PWRCOAECUXX,COAINT,2,2043,2.92
GLOBAL,PWRCOAECUXX,COAINT,2,2044,2.92
GLOBAL,PWRCOAECUXX,COAINT,2,2045,2.92
GLOBAL,PWRCOAECUXX,COAINT,2,2046,2.92
GLOBAL,PWRCOAECUXX,COAINT,2,2047,2.92
GLOBAL,PWRCOAECUXX,COAINT,2,2048,2.92
GLOBAL,PWRCOAECUXX,COAINT,2,2049,2.92
GLOBAL,PWRCOAECUXX,COAINT,2,2050,2.92
GLOBAL,PWRCOAGTMXX,COAGTM,1,2023,2.98
GLOBAL,PWRCOAGTMXX,COAGTM,1,2024,2.98
GLOBAL,PWRCOAGTMXX,COAGTM,1,2025,2.98
GLOBAL,PWRCOAGTMXX,COAGTM,1,2026,2.98
GLOBAL,PWRCOAGTMXX,COAGTM,1,2027,2.98
GLOBAL,PWRCOAGTMXX,COAGTM,1,2028,2.98
GLOBAL,PWRCOAGTMXX,COAGTM,1,2029,2.98
GLOBAL,PWRCOAGTMXX,COAGTM,1,2030,2.98
GLOBAL,PWRCOAGTMXX,COAGTM,1,2031,2.98
GLOBAL,PWRCOAGTMXX,COAGTM,1,2032,2.98
GLOBAL,PWRCOAGTMXX,COAGTM,1,2033,2.98
GLOBAL,PWRCOAGTMXX,COAGTM,1,2034,2.98
GLOBAL,PWRCOAGTMXX,COAGTM,1,2035,2.98
GLOBAL,PWRCOAGTMXX,COAGTM,1,2036,2.98
GLOBAL,PWRCOAGTMXX,COAGTM,1,2037,2.98
GLOBAL,PWRCOAGTMXX,COAGTM,1,2038,2.98
GLOBAL,PWRCOAGTMXX,COAGTM,1,2039,2.98
GLOBAL,PWRCOAGTMXX,COAGTM,1,2040,2.98
GLOBAL,PWRCOAGTMXX,COAGTM,1,2041,2.98
GLOBAL,PWRCOAGTMXX,COAGTM,1,2042,2.98
GLOBAL,PWRCOAGTMXX,COAGTM,1,2043,2.98
GLOBAL,PWRCOAGTMXX,COAGTM,1,2044,2.98
GLOBAL,PWRCOAGTMXX,COAGTM,1,2045,2.98
GLOBAL,PWRCOAGTMXX,COAGTM,1,2046,2.98
GLOBAL,PWRCOAGTMXX,COAGTM,1,2047,2.98
GLOBAL,PWRCOAGTMXX,COAGTM,1,2048,2.98
GLOBAL,PWRCOAGTMXX,COAGTM,1,2049,2.98
GLOBAL,PWRCOAGTMXX,COAGTM,1,2050,2.98
GLOBAL,PWRCOAGTMXX,COAINT,2,2023,2.98
GLOBAL,PWRCOAGTMXX,COAINT,2,2024,2.98
GLOBAL,PWRCOAGTMXX,COAINT,2,2025,2.98
GLOBAL,PWRCOAGTMXX,COAINT,2,2026,2.98
GLOBAL,PWRCOAGTMXX,COAINT,2,2027,2.98
GLOBAL,PWRCOAGTMXX,COAINT,2,2028,2.98
GLOBAL,PWRCOAGTMXX,COAINT,2,2029,2.98
GLOBAL,PWRCOAGTMXX,COAINT,2,2030,2.98
GLOBAL,PWRCOAGTMXX,COAINT,2,2031,2.98
GLOBAL,PWRCOAGTMXX,COAINT,2,2032,2.98
GLOBAL,PWRCOAGTMXX,COAINT,2,2033,2.98
GLOBAL,PWRCOAGTMXX,COAINT,2,2034,2.98
GLOBAL,PWRCOAGTMXX,COAINT,2,2035,2.98
GLOBAL,PWRCOAGTMXX,COAINT,2,2036,2.98
GLOBAL,PWRCOAGTMXX,COAINT,2,2037,2.98
GLOBAL,PWRCOAGTMXX,COAINT,2,2038,2.98
GLOBAL,PWRCOAGTMXX,COAINT,2,2039,2.98
GLOBAL,PWRCOAGTMXX,COAINT,2,2040,2.98
GLOBAL,PWRCOAGTMXX,COAINT,2,2041,2.98
GLOBAL,PWRCOAGTMXX,COAINT,2,2042,2.98
GLOBAL,PWRCOAGTMXX,COAINT,2,2043,2.98
GLOBAL,PWRCOAGTMXX,COAINT,2,2044,2.98
GLOBAL,PWRCOAGTMXX,COAINT,2,2045,2.98
GLOBAL,PWRCOAGTMXX,COAINT,2,2046,2.98
GLOBAL,PWRCOAGTMXX,COAINT,2,2047,2.98
GLOBAL,PWRCOAGTMXX,COAINT,2,2048,2.98
GLOBAL,PWRCOAGTMXX,COAINT,2,2049,2.98
GLOBAL,PWRCOAGTMXX,COAINT,2,2050,2.98
GLOBAL,PWRCOAHNDXX,COAHND,1,2023,2.92
GLOBAL,PWRCOAHNDXX,COAHND,1,2024,2.92
GLOBAL,PWRCOAHNDXX,COAHND,1,2025,2.92
GLOBAL,PWRCOAHNDXX,COAHND,1,2026,2.92
GLOBAL,PWRCOAHNDXX,COAHND,1,2027,2.92
GLOBAL,PWRCOAHNDXX,COAHND,1,2028,2.92
GLOBAL,PWRCOAHNDXX,COAHND,1,2029,2.92
GLOBAL,PWRCOAHNDXX,COAHND,1,2030,2.92
GLOBAL,PWRCOAHNDXX,COAHND,1,2031,2.92
GLOBAL,PWRCOAHNDXX,COAHND,1,2032,2.92
GLOBAL,PWRCOAHNDXX,COAHND,1,2033,2.92
GLOBAL,PWRCOAHNDXX,COAHND,1,2034,2.92
GLOBAL,PWRCOAHNDXX,COAHND,1,2035,2.92
GLOBAL,PWRCOAHNDXX,COAHND,1,2036,2.92
GLOBAL,PWRCOAHNDXX,COAHND,1,2037,2.92
GLOBAL,PWRCOAHNDXX,COAHND,1,2038,2.92
GLOBAL,PWRCOAHNDXX,COAHND,1,2039,2.92
GLOBAL,PWRCOAHNDXX,COAHND,1,2040,2.92
GLOBAL,PWRCOAHNDXX,COAHND,1,2041,2.92
GLOBAL,PWRCOAHNDXX,COAHND,1,2042,2.92
GLOBAL,PWRCOAHNDXX,COAHND,1,2043,2.92
GLOBAL,PWRCOAHNDXX,COAHND,1,2044,2.92
GLOBAL,PWRCOAHNDXX,COAHND,1,2045,2.92
GLOBAL,PWRCOAHNDXX,COAHND,1,2046,2.92
GLOBAL,PWRCOAHNDXX,COAHND,1,2047,2.92
GLOBAL,PWRCOAHNDXX,COAHND,1,2048,2.92
GLOBAL,PWRCOAHNDXX,COAHND,1,2049,2.92
GLOBAL,PWRCOAHNDXX,COAHND,1,2050,2.92
GLOBAL,PWRCOAHNDXX,COAINT,2,2023,2.92
GLOBAL,PWRCOAHNDXX,COAINT,2,2024,2.92
GLOBAL,PWRCOAHNDXX,COAINT,2,2025,2.92
GLOBAL,PWRCOAHNDXX,COAINT,2,2026,2.92
GLOBAL,PWRCOAHNDXX,COAINT,2,2027,2.92
GLOBAL,PWRCOAHNDXX,COAINT,2,2028,2.92
GLOBAL,PWRCOAHNDXX,COAINT,2,2029,2.92
GLOBAL,PWRCOAHNDXX,COAINT,2,2030,2.92
GLOBAL,PWRCOAHNDXX,COAINT,2,2031,2.92
GLOBAL,PWRCOAHNDXX,COAINT,2,2032,2.92
GLOBAL,PWRCOAHNDXX,COAINT,2,2033,2.92
GLOBAL,PWRCOAHNDXX,COAINT,2,2034,2.92
GLOBAL,PWRCOAHNDXX,COAINT,2,2035,2.92
GLOBAL,PWRCOAHNDXX,COAINT,2,2036,2.92
GLOBAL,PWRCOAHNDXX,COAINT,2,2037,2.92
GLOBAL,PWRCOAHNDXX,COAINT,2,2038,2.92
GLOBAL,PWRCOAHNDXX,COAINT,2,2039,2.92
GLOBAL,PWRCOAHNDXX,COAINT,2,2040,2.92
GLOBAL,PWRCOAHNDXX,COAINT,2,2041,2.92
GLOBAL,PWRCOAHNDXX,COAINT,2,2042,2.92
GLOBAL,PWRCOAHNDXX,COAINT,2,2043,2.92
GLOBAL,PWRCOAHNDXX,COAINT,2,2044,2.92
GLOBAL,PWRCOAHNDXX,COAINT,2,2045,2.92
GLOBAL,PWRCOAHNDXX,COAINT,2,2046,2.92
GLOBAL,PWRCOAHNDXX,COAINT,2,2047,2.92
GLOBAL,PWRCOAHNDXX,COAINT,2,2048,2.92
GLOBAL,PWRCOAHNDXX,COAINT,2,2049,2.92
GLOBAL,PWRCOAHNDXX,COAINT,2,2050,2.92
GLOBAL,PWRCOAHTIXX,COAHTI,1,2023,2.92
GLOBAL,PWRCOAHTIXX,COAHTI,1,2024,2.92
GLOBAL,PWRCOAHTIXX,COAHTI,1,2025,2.92
GLOBAL,PWRCOAHTIXX,COAHTI,1,2026,2.92
GLOBAL,PWRCOAHTIXX,COAHTI,1,2027,2.92
GLOBAL,PWRCOAHTIXX,COAHTI,1,2028,2.92
GLOBAL,PWRCOAHTIXX,COAHTI,1,2029,2.92
GLOBAL,PWRCOAHTIXX,COAHTI,1,2030,2.92
GLOBAL,PWRCOAHTIXX,COAHTI,1,2031,2.92
GLOBAL,PWRCOAHTIXX,COAHTI,1,2032,2.92
GLOBAL,PWRCOAHTIXX,COAHTI,1,2033,2.92
GLOBAL,PWRCOAHTIXX,COAHTI,1,2034,2.92
GLOBAL,PWRCOAHTIXX,COAHTI,1,2035,2.92
GLOBAL,PWRCOAHTIXX,COAHTI,1,2036,2.92
GLOBAL,PWRCOAHTIXX,COAHTI,1,2037,2.92
GLOBAL,PWRCOAHTIXX,COAHTI,1,2038,2.92
GLOBAL,PWRCOAHTIXX,COAHTI,1,2039,2.92
GLOBAL,PWRCOAHTIXX,COAHTI,1,2040,2.92
GLOBAL,PWRCOAHTIXX,COAHTI,1,2041,2.92
GLOBAL,PWRCOAHTIXX,COAHTI,1,2042,2.92
GLOBAL,PWRCOAHTIXX,COAHTI,1,2043,2.92
GLOBAL,PWRCOAHTIXX,COAHTI,1,2044,2.92
GLOBAL,PWRCOAHTIXX,COAHTI,1,2045,2.92
GLOBAL,PWRCOAHTIXX,COAHTI,1,2046,2.92
GLOBAL,PWRCOAHTIXX,COAHTI,1,2047,2.92
GLOBAL,PWRCOAHTIXX,COAHTI,1,2048,2.92
GLOBAL,PWRCOAHTIXX,COAHTI,1,2049,2.92
GLOBAL,PWRCOAHTIXX,COAHTI,1,2050,2.92
GLOBAL,PWRCOAHTIXX,COAINT,2,2023,2.92
GLOBAL,PWRCOAHTIXX,COAINT,2,2024,2.92
GLOBAL,PWRCOAHTIXX,COAINT,2,2025,2.92
GLOBAL,PWRCOAHTIXX,COAINT,2,2026,2.92
GLOBAL,PWRCOAHTIXX,COAINT,2,2027,2.92
GLOBAL,PWRCOAHTIXX,COAINT,2,2028,2.92
GLOBAL,PWRCOAHTIXX,COAINT,2,2029,2.92
GLOBAL,PWRCOAHTIXX,COAINT,2,2030,2.92
GLOBAL,PWRCOAHTIXX,COAINT,2,2031,2.92
GLOBAL,PWRCOAHTIXX,COAINT,2,2032,2.92
GLOBAL,PWRCOAHTIXX,COAINT,2,2033,2.92
GLOBAL,PWRCOAHTIXX,COAINT,2,2034,2.92
GLOBAL,PWRCOAHTIXX,COAINT,2,2035,2.92
GLOBAL,PWRCOAHTIXX,COAINT,2,2036,2.92
GLOBAL,PWRCOAHTIXX,COAINT,2,2037,2.92
GLOBAL,PWRCOAHTIXX,COAINT,2,2038,2.92
GLOBAL,PWRCOAHTIXX,COAINT,2,2039,2.92
GLOBAL,PWRCOAHTIXX,COAINT,2,2040,2.92
GLOBAL,PWRCOAHTIXX,COAINT,2,2041,2.92
GLOBAL,PWRCOAHTIXX,COAINT,2,2042,2.92
GLOBAL,PWRCOAHTIXX,COAINT,2,2043,2.92
GLOBAL,PWRCOAHTIXX,COAINT,2,2044,2.92
GLOBAL,PWRCOAHTIXX,COAINT,2,2045,2.92
GLOBAL,PWRCOAHTIXX,COAINT,2,2046,2.92
GLOBAL,PWRCOAHTIXX,COAINT,2,2047,2.92
GLOBAL,PWRCOAHTIXX,COAINT,2,2048,2.92
GLOBAL,PWRCOAHTIXX,COAINT,2,2049,2.92
GLOBAL,PWRCOAHTIXX,COAINT,2,2050,2.92
GLOBAL,PWRCOAMEXXX,COAINT,2,2023,2.9
GLOBAL,PWRCOAMEXXX,COAINT,2,2024,2.9
GLOBAL,PWRCOAMEXXX,COAINT,2,2025,2.9
GLOBAL,PWRCOAMEXXX,COAINT,2,2026,2.9
GLOBAL,PWRCOAMEXXX,COAINT,2,2027,2.9
GLOBAL,PWRCOAMEXXX,COAINT,2,2028,2.9
GLOBAL,PWRCOAMEXXX,COAINT,2,2029,2.9
GLOBAL,PWRCOAMEXXX,COAINT,2,2030,2.9
GLOBAL,PWRCOAMEXXX,COAINT,2,2031,2.9
GLOBAL,PWRCOAMEXXX,COAINT,2,2032,2.9
GLOBAL,PWRCOAMEXXX,COAINT,2,2033,2.9
GLOBAL,PWRCOAMEXXX,COAINT,2,2034,2.9
GLOBAL,PWRCOAMEXXX,COAINT,2,2035,2.9
GLOBAL,PWRCOAMEXXX,COAINT,2,2036,2.9
GLOBAL,PWRCOAMEXXX,COAINT,2,2037,2.9
GLOBAL,PWRCOAMEXXX,COAINT,2,2038,2.9
GLOBAL,PWRCOAMEXXX,COAINT,2,2039,2.9
GLOBAL,PWRCOAMEXXX,COAINT,2,2040,2.9
GLOBAL,PWRCOAMEXXX,COAINT,2,2041,2.9
GLOBAL,PWRCOAMEXXX,COAINT,2,2042,2.9
GLOBAL,PWRCOAMEXXX,COAINT,2,2043,2.9
GLOBAL,PWRCOAMEXXX,COAINT,2,2044,2.9
GLOBAL,PWRCOAMEXXX,COAINT,2,2045,2.9
GLOBAL,PWRCOAMEXXX,COAINT,2,2046,2.9
GLOBAL,PWRCOAMEXXX,COAINT,2,2047,2.9
GLOBAL,PWRCOAMEXXX,COAINT,2,2048,2.9
GLOBAL,PWRCOAMEXXX,COAINT,2,2049,2.9
GLOBAL,PWRCOAMEXXX,COAINT,2,2050,2.9
GLOBAL,PWRCOAMEXXX,COAMEX,1,2023,2.9
GLOBAL,PWRCOAMEXXX,COAMEX,1,2024,2.9
GLOBAL,PWRCOAMEXXX,COAMEX,1,2025,2.9
GLOBAL,PWRCOAMEXXX,COAMEX,1,2026,2.9
GLOBAL,PWRCOAMEXXX,COAMEX,1,2027,2.9
GLOBAL,PWRCOAMEXXX,COAMEX,1,2028,2.9
GLOBAL,PWRCOAMEXXX,COAMEX,1,2029,2.9
GLOBAL,PWRCOAMEXXX,COAMEX,1,2030,2.9
GLOBAL,PWRCOAMEXXX,COAMEX,1,2031,2.9
GLOBAL,PWRCOAMEXXX,COAMEX,1,2032,2.9
GLOBAL,PWRCOAMEXXX,COAMEX,1,2033,2.9
GLOBAL,PWRCOAMEXXX,COAMEX,1,2034,2.9
GLOBAL,PWRCOAMEXXX,COAMEX,1,2035,2.9
GLOBAL,PWRCOAMEXXX,COAMEX,1,2036,2.9
GLOBAL,PWRCOAMEXXX,COAMEX,1,2037,2.9
GLOBAL,PWRCOAMEXXX,COAMEX,1,2038,2.9
GLOBAL,PWRCOAMEXXX,COAMEX,1,2039,2.9
GLOBAL,PWRCOAMEXXX,COAMEX,1,2040,2.9
GLOBAL,PWRCOAMEXXX,COAMEX,1,2041,2.9
GLOBAL,PWRCOAMEXXX,COAMEX,1,2042,2.9
GLOBAL,PWRCOAMEXXX,COAMEX,1,2043,2.9
GLOBAL,PWRCOAMEXXX,COAMEX,1,2044,2.9
GLOBAL,PWRCOAMEXXX,COAMEX,1,2045,2.9
GLOBAL,PWRCOAMEXXX,COAMEX,1,2046,2.9
GLOBAL,PWRCOAMEXXX,COAMEX,1,2047,2.9
GLOBAL,PWRCOAMEXXX,COAMEX,1,2048,2.9
GLOBAL,PWRCOAMEXXX,COAMEX,1,2049,2.9
GLOBAL,PWRCOAMEXXX,COAMEX,1,2050,2.9
GLOBAL,PWRCOANICXX,COAINT,2,2023,2.92
GLOBAL,PWRCOANICXX,COAINT,2,2024,2.92
GLOBAL,PWRCOANICXX,COAINT,2,2025,2.92
GLOBAL,PWRCOANICXX,COAINT,2,2026,2.92
GLOBAL,PWRCOANICXX,COAINT,2,2027,2.92
GLOBAL,PWRCOANICXX,COAINT,2,2028,2.92
GLOBAL,PWRCOANICXX,COAINT,2,2029,2.92
GLOBAL,PWRCOANICXX,COAINT,2,2030,2.92
GLOBAL,PWRCOANICXX,COAINT,2,2031,2.92
GLOBAL,PWRCOANICXX,COAINT,2,2032,2.92
GLOBAL,PWRCOANICXX,COAINT,2,2033,2.92
GLOBAL,PWRCOANICXX,COAINT,2,2034,2.92
GLOBAL,PWRCOANICXX,COAINT,2,2035,2.92
GLOBAL,PWRCOANICXX,COAINT,2,2036,2.92
GLOBAL,PWRCOANICXX,COAINT,2,2037,2.92
GLOBAL,PWRCOANICXX,COAINT,2,2038,2.92
GLOBAL,PWRCOANICXX,COAINT,2,2039,2.92
GLOBAL,PWRCOANICXX,COAINT,2,2040,2.92
GLOBAL,PWRCOANICXX,COAINT,2,2041,2.92
GLOBAL,PWRCOANICXX,COAINT,2,2042,2.92
GLOBAL,PWRCOANICXX,COAINT,2,2043,2.92
GLOBAL,PWRCOANICXX,COAINT,2,2044,2.92
GLOBAL,PWRCOANICXX,COAINT,2,2045,2.92
GLOBAL,PWRCOANICXX,COAINT,2,2046,2.92
GLOBAL,PWRCOANICXX,COAINT,2,2047,2.92
GLOBAL,PWRCOANICXX,COAINT,2,2048,2.92
GLOBAL,PWRCOANICXX,COAINT,2,2049,2.92
GLOBAL,PWRCOANICXX,COAINT,2,2050,2.92
GLOBAL,PWRCOANICXX,COANIC,1,2023,2.92
GLOBAL,PWRCOANICXX,COANIC,1,2024,2.92
GLOBAL,PWRCOANICXX,COANIC,1,2025,2.92
GLOBAL,PWRCOANICXX,COANIC,1,2026,2.92
GLOBAL,PWRCOANICXX,COANIC,1,2027,2.92
GLOBAL,PWRCOANICXX,COANIC,1,2028,2.92
GLOBAL,PWRCOANICXX,COANIC,1,2029,2.92
GLOBAL,PWRCOANICXX,COANIC,1,2030,2.92
GLOBAL,PWRCOANICXX,COANIC,1,2031,2.92
GLOBAL,PWRCOANICXX,COANIC,1,2032,2.92
GLOBAL,PWRCOANICXX,COANIC,1,2033,2.92
GLOBAL,PWRCOANICXX,COANIC,1,2034,2.92
GLOBAL,PWRCOANICXX,COANIC,1,2035,2.92
GLOBAL,PWRCOANICXX,COANIC,1,2036,2.92
GLOBAL,PWRCOANICXX,COANIC,1,2037,2.92
GLOBAL,PWRCOANICXX,COANIC,1,2038,2.92
GLOBAL,PWRCOANICXX,COANIC,1,2039,2.92
GLOBAL,PWRCOANICXX,COANIC,1,2040,2.92
GLOBAL,PWRCOANICXX,COANIC,1,2041,2.92
GLOBAL,PWRCOANICXX,COANIC,1,2042,2.92
GLOBAL,PWRCOANICXX,COANIC,1,2043,2.92
GLOBAL,PWRCOANICXX,COANIC,1,2044,2.92
GLOBAL,PWRCOANICXX,COANIC,1,2045,2.92
GLOBAL,PWRCOANICXX,COANIC,1,2046,2.92
GLOBAL,PWRCOANICXX,COANIC,1,2047,2.92
GLOBAL,PWRCOANICXX,COANIC,1,2048,2.92
GLOBAL,PWRCOANICXX,COANIC,1,2049,2.92
GLOBAL,PWRCOANICXX,COANIC,1,2050,2.92
GLOBAL,PWRCOAPANXX,COAINT,2,2023,2.97
GLOBAL,PWRCOAPANXX,COAINT,2,2024,2.97
GLOBAL,PWRCOAPANXX,COAINT,2,2025,2.97
GLOBAL,PWRCOAPANXX,COAINT,2,2026,2.97
GLOBAL,PWRCOAPANXX,COAINT,2,2027,2.97
GLOBAL,PWRCOAPANXX,COAINT,2,2028,2.97
GLOBAL,PWRCOAPANXX,COAINT,2,2029,2.97
GLOBAL,PWRCOAPANXX,COAINT,2,2030,2.97
GLOBAL,PWRCOAPANXX,COAINT,2,2031,2.97
GLOBAL,PWRCOAPANXX,COAINT,2,2032,2.97
GLOBAL,PWRCOAPANXX,COAINT,2,2033,2.97
GLOBAL,PWRCOAPANXX,COAINT,2,2034,2.97
GLOBAL,PWRCOAPANXX,COAINT,2,2035,2.97
GLOBAL,PWRCOAPANXX,COAINT,2,2036,2.97
GLOBAL,PWRCOAPANXX,COAINT,2,2037,2.97
GLOBAL,PWRCOAPANXX,COAINT,2,2038,2.97
GLOBAL,PWRCOAPANXX,COAINT,2,2039,2.97
GLOBAL,PWRCOAPANXX,COAINT,2,2040,2.97
GLOBAL,PWRCOAPANXX,COAINT,2,2041,2.97
GLOBAL,PWRCOAPANXX,COAINT,2,2042,2.97
GLOBAL,PWRCOAPANXX,COAINT,2,2043,2.97
GLOBAL,PWRCOAPANXX,COAINT,2,2044,2.97
GLOBAL,PWRCOAPANXX,COAINT,2,2045,2.97
GLOBAL,PWRCOAPANXX,COAINT,2,2046,2.97
GLOBAL,PWRCOAPANXX,COAINT,2,2047,2.97
GLOBAL,PWRCOAPANXX,COAINT,2,2048,2.97
GLOBAL,PWRCOAPANXX,COAINT,2,2049,2.97
GLOBAL,PWRCOAPANXX,COAINT,2,2050,2.97
GLOBAL,PWRCOAPANXX,COAPAN,1,2023,2.97
GLOBAL,PWRCOAPANXX,COAPAN,1,2024,2.97
GLOBAL,PWRCOAPANXX,COAPAN,1,2025,2.97
GLOBAL,PWRCOAPANXX,COAPAN,1,2026,2.97
GLOBAL,PWRCOAPANXX,COAPAN,1,2027,2.97
GLOBAL,PWRCOAPANXX,COAPAN,1,2028,2.97
GLOBAL,PWRCOAPANXX,COAPAN,1,2029,2.97
GLOBAL,PWRCOAPANXX,COAPAN,1,2030,2.97
GLOBAL,PWRCOAPANXX,COAPAN,1,2031,2.97
GLOBAL,PWRCOAPANXX,COAPAN,1,2032,2.97
GLOBAL,PWRCOAPANXX,COAPAN,1,2033,2.97
GLOBAL,PWRCOAPANXX,COAPAN,1,2034,2.97
GLOBAL,PWRCOAPANXX,COAPAN,1,2035,2.97
GLOBAL,PWRCOAPANXX,COAPAN,1,2036,2.97
GLOBAL,PWRCOAPANXX,COAPAN,1,2037,2.97
GLOBAL,PWRCOAPANXX,COAPAN,1,2038,2.97
GLOBAL,PWRCOAPANXX,COAPAN,1,2039,2.97
GLOBAL,PWRCOAPANXX,COAPAN,1,2040,2.97
GLOBAL,PWRCOAPANXX,COAPAN,1,2041,2.97
GLOBAL,PWRCOAPANXX,COAPAN,1,2042,2.97
GLOBAL,PWRCOAPANXX,COAPAN,1,2043,2.97
GLOBAL,PWRCOAPANXX,COAPAN,1,2044,2.97
GLOBAL,PWRCOAPANXX,COAPAN,1,2045,2.97
GLOBAL,PWRCOAPANXX,COAPAN,1,2046,2.97
GLOBAL,PWRCOAPANXX,COAPAN,1,2047,2.97
GLOBAL,PWRCOAPANXX,COAPAN,1,2048,2.97
GLOBAL,PWRCOAPANXX,COAPAN,1,2049,2.97
GLOBAL,PWRCOAPANXX,COAPAN,1,2050,2.97
GLOBAL,PWRCOAPERXX,COAINT,2,2023,2.98
GLOBAL,PWRCOAPERXX,COAINT,2,2024,2.98
GLOBAL,PWRCOAPERXX,COAINT,2,2025,2.98
GLOBAL,PWRCOAPERXX,COAINT,2,2026,2.98
GLOBAL,PWRCOAPERXX,COAINT,2,2027,2.98
GLOBAL,PWRCOAPERXX,COAINT,2,2028,2.98
GLOBAL,PWRCOAPERXX,COAINT,2,2029,2.98
GLOBAL,PWRCOAPERXX,COAINT,2,2030,2.98
GLOBAL,PWRCOAPERXX,COAINT,2,2031,2.98
GLOBAL,PWRCOAPERXX,COAINT,2,2032,2.98
GLOBAL,PWRCOAPERXX,COAINT,2,2033,2.98
GLOBAL,PWRCOAPERXX,COAINT,2,2034,2.98
GLOBAL,PWRCOAPERXX,COAINT,2,2035,2.98
GLOBAL,PWRCOAPERXX,COAINT,2,2036,2.98
GLOBAL,PWRCOAPERXX,COAINT,2,2037,2.98
GLOBAL,PWRCOAPERXX,COAINT,2,2038,2.98
GLOBAL,PWRCOAPERXX,COAINT,2,2039,2.98
GLOBAL,PWRCOAPERXX,COAINT,2,2040,2.98
GLOBAL,PWRCOAPERXX,COAINT,2,2041,2.98
GLOBAL,PWRCOAPERXX,COAINT,2,2042,2.98
GLOBAL,PWRCOAPERXX,COAINT,2,2043,2.98
GLOBAL,PWRCOAPERXX,COAINT,2,2044,2.98
GLOBAL,PWRCOAPERXX,COAINT,2,2045,2.98
GLOBAL,PWRCOAPERXX,COAINT,2,2046,2.98
GLOBAL,PWRCOAPERXX,COAINT,2,2047,2.98
GLOBAL,PWRCOAPERXX,COAINT,2,2048,2.98
GLOBAL,PWRCOAPERXX,COAINT,2,2049,2.98
GLOBAL,PWRCOAPERXX,COAINT,2,2050,2.98
GLOBAL,PWRCOAPERXX,COAPER,1,2023,2.98
GLOBAL,PWRCOAPERXX,COAPER,1,2024,2.98
GLOBAL,PWRCOAPERXX,COAPER,1,2025,2.98
GLOBAL,PWRCOAPERXX,COAPER,1,2026,2.98
GLOBAL,PWRCOAPERXX,COAPER,1,2027,2.98
GLOBAL,PWRCOAPERXX,COAPER,1,2028,2.98
GLOBAL,PWRCOAPERXX,COAPER,1,2029,2.98
GLOBAL,PWRCOAPERXX,COAPER,1,2030,2.98
GLOBAL,PWRCOAPERXX,COAPER,1,2031,2.98
GLOBAL,PWRCOAPERXX,COAPER,1,2032,2.98
GLOBAL,PWRCOAPERXX,COAPER,1,2033,2.98
GLOBAL,PWRCOAPERXX,COAPER,1,2034,2.98
GLOBAL,PWRCOAPERXX,COAPER,1,2035,2.98
GLOBAL,PWRCOAPERXX,COAPER,1,2036,2.98
GLOBAL,PWRCOAPERXX,COAPER,1,2037,2.98
GLOBAL,PWRCOAPERXX,COAPER,1,2038,2.98
GLOBAL,PWRCOAPERXX,COAPER,1,2039,2.98
GLOBAL,PWRCOAPERXX,COAPER,1,2040,2.98
GLOBAL,PWRCOAPERXX,COAPER,1,2041,2.98
GLOBAL,PWRCOAPERXX,COAPER,1,2042,2.98
GLOBAL,PWRCOAPERXX,COAPER,1,2043,2.98
GLOBAL,PWRCOAPERXX,COAPER,1,2044,2.98
GLOBAL,PWRCOAPERXX,COAPER,1,2045,2.98
GLOBAL,PWRCOAPERXX,COAPER,1,2046,2.98
GLOBAL,PWRCOAPERXX,COAPER,1,2047,2.98
GLOBAL,PWRCOAPERXX,COAPER,1,2048,2.98
GLOBAL,PWRCOAPERXX,COAPER,1,2049,2.98
GLOBAL,PWRCOAPERXX,COAPER,1,2050,2.98
GLOBAL,PWRCOAPRYXX,COAINT,2,2023,2.92
GLOBAL,PWRCOAPRYXX,COAINT,2,2024,2.92
GLOBAL,PWRCOAPRYXX,COAINT,2,2025,2.92
GLOBAL,PWRCOAPRYXX,COAINT,2,2026,2.92
GLOBAL,PWRCOAPRYXX,COAINT,2,2027,2.92
GLOBAL,PWRCOAPRYXX,COAINT,2,2028,2.92
GLOBAL,PWRCOAPRYXX,COAINT,2,2029,2.92
GLOBAL,PWRCOAPRYXX,COAINT,2,2030,2.92
GLOBAL,PWRCOAPRYXX,COAINT,2,2031,2.92
GLOBAL,PWRCOAPRYXX,COAINT,2,2032,2.92
GLOBAL,PWRCOAPRYXX,COAINT,2,2033,2.92
GLOBAL,PWRCOAPRYXX,COAINT,2,2034,2.92
GLOBAL,PWRCOAPRYXX,COAINT,2,2035,2.92
GLOBAL,PWRCOAPRYXX,COAINT,2,2036,2.92
GLOBAL,PWRCOAPRYXX,COAINT,2,2037,2.92
GLOBAL,PWRCOAPRYXX,COAINT,2,2038,2.92
GLOBAL,PWRCOAPRYXX,COAINT,2,2039,2.92
GLOBAL,PWRCOAPRYXX,COAINT,2,2040,2.92
GLOBAL,PWRCOAPRYXX,COAINT,2,2041,2.92
GLOBAL,PWRCOAPRYXX,COAINT,2,2042,2.92
GLOBAL,PWRCOAPRYXX,COAINT,2,2043,2.92
GLOBAL,PWRCOAPRYXX,COAINT,2,2044,2.92
GLOBAL,PWRCOAPRYXX,COAINT,2,2045,2.92
GLOBAL,PWRCOAPRYXX,COAINT,2,2046,2.92
GLOBAL,PWRCOAPRYXX,COAINT,2,2047,2.92
GLOBAL,PWRCOAPRYXX,COAINT,2,2048,2.92
GLOBAL,PWRCOAPRYXX,COAINT,2,2049,2.92
GLOBAL,PWRCOAPRYXX,COAINT,2,2050,2.92
GLOBAL,PWRCOAPRYXX,COAPRY,1,2023,2.92
GLOBAL,PWRCOAPRYXX,COAPRY,1,2024,2.92
GLOBAL,PWRCOAPRYXX,COAPRY,1,2025,2.92
GLOBAL,PWRCOAPRYXX,COAPRY,1,2026,2.92
GLOBAL,PWRCOAPRYXX,COAPRY,1,2027,2.92
GLOBAL,PWRCOAPRYXX,COAPRY,1,2028,2.92
GLOBAL,PWRCOAPRYXX,COAPRY,1,2029,2.92
GLOBAL,PWRCOAPRYXX,COAPRY,1,2030,2.92
GLOBAL,PWRCOAPRYXX,COAPRY,1,2031,2.92
GLOBAL,PWRCOAPRYXX,COAPRY,1,2032,2.92
GLOBAL,PWRCOAPRYXX,COAPRY,1,2033,2.92
GLOBAL,PWRCOAPRYXX,COAPRY,1,2034,2.92
GLOBAL,PWRCOAPRYXX,COAPRY,1,2035,2.92
GLOBAL,PWRCOAPRYXX,COAPRY,1,2036,2.92
GLOBAL,PWRCOAPRYXX,COAPRY,1,2037,2.92
GLOBAL,PWRCOAPRYXX,COAPRY,1,2038,2.92
GLOBAL,PWRCOAPRYXX,COAPRY,1,2039,2.92
GLOBAL,PWRCOAPRYXX,COAPRY,1,2040,2.92
GLOBAL,PWRCOAPRYXX,COAPRY,1,2041,2.92
GLOBAL,PWRCOAPRYXX,COAPRY,1,2042,2.92
GLOBAL,PWRCOAPRYXX,COAPRY,1,2043,2.92
GLOBAL,PWRCOAPRYXX,COAPRY,1,2044,2.92
GLOBAL,PWRCOAPRYXX,COAPRY,1,2045,2.92
GLOBAL,PWRCOAPRYXX,COAPRY,1,2046,2.92
GLOBAL,PWRCOAPRYXX,COAPRY,1,2047,2.92
GLOBAL,PWRCOAPRYXX,COAPRY,1,2048,2.92
GLOBAL,PWRCOAPRYXX,COAPRY,1,2049,2.92
GLOBAL,PWRCOAPRYXX,COAPRY,1,2050,2.92
GLOBAL,PWRCOASLVXX,COAINT,2,2023,2.92
GLOBAL,PWRCOASLVXX,COAINT,2,2024,2.92
GLOBAL,PWRCOASLVXX,COAINT,2,2025,2.92
GLOBAL,PWRCOASLVXX,COAINT,2,2026,2.92
GLOBAL,PWRCOASLVXX,COAINT,2,2027,2.92
GLOBAL,PWRCOASLVXX,COAINT,2,2028,2.92
GLOBAL,PWRCOASLVXX,COAINT,2,2029,2.92
GLOBAL,PWRCOASLVXX,COAINT,2,2030,2.92
GLOBAL,PWRCOASLVXX,COAINT,2,2031,2.92
GLOBAL,PWRCOASLVXX,COAINT,2,2032,2.92
GLOBAL,PWRCOASLVXX,COAINT,2,2033,2.92
GLOBAL,PWRCOASLVXX,COAINT,2,2034,2.92
GLOBAL,PWRCOASLVXX,COAINT,2,2035,2.92
GLOBAL,PWRCOASLVXX,COAINT,2,2036,2.92
GLOBAL,PWRCOASLVXX,COAINT,2,2037,2.92
GLOBAL,PWRCOASLVXX,COAINT,2,2038,2.92
GLOBAL,PWRCOASLVXX,COAINT,2,2039,2.92
GLOBAL,PWRCOASLVXX,COAINT,2,2040,2.92
GLOBAL,PWRCOASLVXX,COAINT,2,2041,2.92
GLOBAL,PWRCOASLVXX,COAINT,2,2042,2.92
GLOBAL,PWRCOASLVXX,COAINT,2,2043,2.92
GLOBAL,PWRCOASLVXX,COAINT,2,2044,2.92
GLOBAL,PWRCOASLVXX,COAINT,2,2045,2.92
GLOBAL,PWRCOASLVXX,COAINT,2,2046,2.92
GLOBAL,PWRCOASLVXX,COAINT,2,2047,2.92
GLOBAL,PWRCOASLVXX,COAINT,2,2048,2.92
GLOBAL,PWRCOASLVXX,COAINT,2,2049,2.92
GLOBAL,PWRCOASLVXX,COAINT,2,2050,2.92
GLOBAL,PWRCOASLVXX,COASLV,1,2023,2.92
GLOBAL,PWRCOASLVXX,COASLV,1,2024,2.92
GLOBAL,PWRCOASLVXX,COASLV,1,2025,2.92
GLOBAL,PWRCOASLVXX,COASLV,1,2026,2.92
GLOBAL,PWRCOASLVXX,COASLV,1,2027,2.92
GLOBAL,PWRCOASLVXX,COASLV,1,2028,2.92
GLOBAL,PWRCOASLVXX,COASLV,1,2029,2.92
GLOBAL,PWRCOASLVXX,COASLV,1,2030,2.92
GLOBAL,PWRCOASLVXX,COASLV,1,2031,2.92
GLOBAL,PWRCOASLVXX,COASLV,1,2032,2.92
GLOBAL,PWRCOASLVXX,COASLV,1,2033,2.92
GLOBAL,PWRCOASLVXX,COASLV,1,2034,2.92
GLOBAL,PWRCOASLVXX,COASLV,1,2035,2.92
GLOBAL,PWRCOASLVXX,COASLV,1,2036,2.92
GLOBAL,PWRCOASLVXX,COASLV,1,2037,2.92
GLOBAL,PWRCOASLVXX,COASLV,1,2038,2.92
GLOBAL,PWRCOASLVXX,COASLV,1,2039,2.92
GLOBAL,PWRCOASLVXX,COASLV,1,2040,2.92
GLOBAL,PWRCOASLVXX,COASLV,1,2041,2.92
GLOBAL,PWRCOASLVXX,COASLV,1,2042,2.92
GLOBAL,PWRCOASLVXX,COASLV,1,2043,2.92
GLOBAL,PWRCOASLVXX,COASLV,1,2044,2.92
GLOBAL,PWRCOASLVXX,COASLV,1,2045,2.92
GLOBAL,PWRCOASLVXX,COASLV,1,2046,2.92
GLOBAL,PWRCOASLVXX,COASLV,1,2047,2.92
GLOBAL,PWRCOASLVXX,COASLV,1,2048,2.92
GLOBAL,PWRCOASLVXX,COASLV,1,2049,2.92
GLOBAL,PWRCOASLVXX,COASLV,1,2050,2.92
GLOBAL,PWRCOAURYXX,COAINT,2,2023,2.92
GLOBAL,PWRCOAURYXX,COAINT,2,2024,2.92
GLOBAL,PWRCOAURYXX,COAINT,2,2025,2.92
GLOBAL,PWRCOAURYXX,COAINT,2,2026,2.92
GLOBAL,PWRCOAURYXX,COAINT,2,2027,2.92
GLOBAL,PWRCOAURYXX,COAINT,2,2028,2.92
GLOBAL,PWRCOAURYXX,COAINT,2,2029,2.92
GLOBAL,PWRCOAURYXX,COAINT,2,2030,2.92
GLOBAL,PWRCOAURYXX,COAINT,2,2031,2.92
GLOBAL,PWRCOAURYXX,COAINT,2,2032,2.92
GLOBAL,PWRCOAURYXX,COAINT,2,2033,2.92
GLOBAL,PWRCOAURYXX,COAINT,2,2034,2.92
GLOBAL,PWRCOAURYXX,COAINT,2,2035,2.92
GLOBAL,PWRCOAURYXX,COAINT,2,2036,2.92
GLOBAL,PWRCOAURYXX,COAINT,2,2037,2.92
GLOBAL,PWRCOAURYXX,COAINT,2,2038,2.92
GLOBAL,PWRCOAURYXX,COAINT,2,2039,2.92
GLOBAL,PWRCOAURYXX,COAINT,2,2040,2.92
GLOBAL,PWRCOAURYXX,COAINT,2,2041,2.92
GLOBAL,PWRCOAURYXX,COAINT,2,2042,2.92
GLOBAL,PWRCOAURYXX,COAINT,2,2043,2.92
GLOBAL,PWRCOAURYXX,COAINT,2,2044,2.92
GLOBAL,PWRCOAURYXX,COAINT,2,2045,2.92
GLOBAL,PWRCOAURYXX,COAINT,2,2046,2.92
GLOBAL,PWRCOAURYXX,COAINT,2,2047,2.92
GLOBAL,PWRCOAURYXX,COAINT,2,2048,2.92
GLOBAL,PWRCOAURYXX,COAINT,2,2049,2.92
GLOBAL,PWRCOAURYXX,COAINT,2,2050,2.92
GLOBAL,PWRCOAURYXX,COAURY,1,2023,2.92
GLOBAL,PWRCOAURYXX,COAURY,1,2024,2.92
GLOBAL,PWRCOAURYXX,COAURY,1,2025,2.92
GLOBAL,PWRCOAURYXX,COAURY,1,2026,2.92
GLOBAL,PWRCOAURYXX,COAURY,1,2027,2.92
GLOBAL,PWRCOAURYXX,COAURY,1,2028,2.92
GLOBAL,PWRCOAURYXX,COAURY,1,2029,2.92
GLOBAL,PWRCOAURYXX,COAURY,1,2030,2.92
GLOBAL,PWRCOAURYXX,COAURY,1,2031,2.92
GLOBAL,PWRCOAURYXX,COAURY,1,2032,2.92
GLOBAL,PWRCOAURYXX,COAURY,1,2033,2.92
GLOBAL,PWRCOAURYXX,COAURY,1,2034,2.92
GLOBAL,PWRCOAURYXX,COAURY,1,2035,2.92
GLOBAL,PWRCOAURYXX,COAURY,1,2036,2.92
GLOBAL,PWRCOAURYXX,COAURY,1,2037,2.92
GLOBAL,PWRCOAURYXX,COAURY,1,2038,2.92
GLOBAL,PWRCOAURYXX,COAURY,1,2039,2.92
GLOBAL,PWRCOAURYXX,COAURY,1,2040,2.92
GLOBAL,PWRCOAURYXX,COAURY,1,2041,2.92
GLOBAL,PWRCOAURYXX,COAURY,1,2042,2.92
GLOBAL,PWRCOAURYXX,COAURY,1,2043,2.92
GLOBAL,PWRCOAURYXX,COAURY,1,2044,2.92
GLOBAL,PWRCOAURYXX,COAURY,1,2045,2.92
GLOBAL,PWRCOAURYXX,COAURY,1,2046,2.92
GLOBAL,PWRCOAURYXX,COAURY,1,2047,2.92
GLOBAL,PWRCOAURYXX,COAURY,1,2048,2.92
GLOBAL,PWRCOAURYXX,COAURY,1,2049,2.92
GLOBAL,PWRCOAURYXX,COAURY,1,2050,2.92
GLOBAL,PWRCOGARGXX,COGARG,1,2023,2.92
GLOBAL,PWRCOGARGXX,COGARG,1,2024,2.92
GLOBAL,PWRCOGARGXX,COGARG,1,2025,2.92
GLOBAL,PWRCOGARGXX,COGARG,1,2026,2.92
GLOBAL,PWRCOGARGXX,COGARG,1,2027,2.92
GLOBAL,PWRCOGARGXX,COGARG,1,2028,2.92
GLOBAL,PWRCOGARGXX,COGARG,1,2029,2.92
GLOBAL,PWRCOGARGXX,COGARG,1,2030,2.92
GLOBAL,PWRCOGARGXX,COGARG,1,2031,2.92
GLOBAL,PWRCOGARGXX,COGARG,1,2032,2.92
GLOBAL,PWRCOGARGXX,COGARG,1,2033,2.92
GLOBAL,PWRCOGARGXX,COGARG,1,2034,2.92
GLOBAL,PWRCOGARGXX,COGARG,1,2035,2.92
GLOBAL,PWRCOGARGXX,COGARG,1,2036,2.92
GLOBAL,PWRCOGARGXX,COGARG,1,2037,2.92
GLOBAL,PWRCOGARGXX,COGARG,1,2038,2.92
GLOBAL,PWRCOGARGXX,COGARG,1,2039,2.92
GLOBAL,PWRCOGARGXX,COGARG,1,2040,2.92
GLOBAL,PWRCOGARGXX,COGARG,1,2041,2.92
GLOBAL,PWRCOGARGXX,COGARG,1,2042,2.92
GLOBAL,PWRCOGARGXX,COGARG,1,2043,2.92
GLOBAL,PWRCOGARGXX,COGARG,1,2044,2.92
GLOBAL,PWRCOGARGXX,COGARG,1,2045,2.92
GLOBAL,PWRCOGARGXX,COGARG,1,2046,2.92
GLOBAL,PWRCOGARGXX,COGARG,1,2047,2.92
GLOBAL,PWRCOGARGXX,COGARG,1,2048,2.92
GLOBAL,PWRCOGARGXX,COGARG,1,2049,2.92
GLOBAL,PWRCOGARGXX,COGARG,1,2050,2.92
GLOBAL,PWRCOGARGXX,COGINT,2,2023,2.92
GLOBAL,PWRCOGARGXX,COGINT,2,2024,2.92
GLOBAL,PWRCOGARGXX,COGINT,2,2025,2.92
GLOBAL,PWRCOGARGXX,COGINT,2,2026,2.92
GLOBAL,PWRCOGARGXX,COGINT,2,2027,2.92
GLOBAL,PWRCOGARGXX,COGINT,2,2028,2.92
GLOBAL,PWRCOGARGXX,COGINT,2,2029,2.92
GLOBAL,PWRCOGARGXX,COGINT,2,2030,2.92
GLOBAL,PWRCOGARGXX,COGINT,2,2031,2.92
GLOBAL,PWRCOGARGXX,COGINT,2,2032,2.92
GLOBAL,PWRCOGARGXX,COGINT,2,2033,2.92
GLOBAL,PWRCOGARGXX,COGINT,2,2034,2.92
GLOBAL,PWRCOGARGXX,COGINT,2,2035,2.92
GLOBAL,PWRCOGARGXX,COGINT,2,2036,2.92
GLOBAL,PWRCOGARGXX,COGINT,2,2037,2.92
GLOBAL,PWRCOGARGXX,COGINT,2,2038,2.92
GLOBAL,PWRCOGARGXX,COGINT,2,2039,2.92
GLOBAL,PWRCOGARGXX,COGINT,2,2040,2.92
GLOBAL,PWRCOGARGXX,COGINT,2,2041,2.92
GLOBAL,PWRCOGARGXX,COGINT,2,2042,2.92
GLOBAL,PWRCOGARGXX,COGINT,2,2043,2.92
GLOBAL,PWRCOGARGXX,COGINT,2,2044,2.92
GLOBAL,PWRCOGARGXX,COGINT,2,2045,2.92
GLOBAL,PWRCOGARGXX,COGINT,2,2046,2.92
GLOBAL,PWRCOGARGXX,COGINT,2,2047,2.92
GLOBAL,PWRCOGARGXX,COGINT,2,2048,2.92
GLOBAL,PWRCOGARGXX,COGINT,2,2049,2.92
GLOBAL,PWRCOGARGXX,COGINT,2,2050,2.92
GLOBAL,PWRCOGBOLXX,COGBOL,1,2023,2.92
GLOBAL,PWRCOGBOLXX,COGBOL,1,2024,2.92
GLOBAL,PWRCOGBOLXX,COGBOL,1,2025,2.92
GLOBAL,PWRCOGBOLXX,COGBOL,1,2026,2.92
GLOBAL,PWRCOGBOLXX,COGBOL,1,2027,2.92
GLOBAL,PWRCOGBOLXX,COGBOL,1,2028,2.92
GLOBAL,PWRCOGBOLXX,COGBOL,1,2029,2.92
GLOBAL,PWRCOGBOLXX,COGBOL,1,2030,2.92
GLOBAL,PWRCOGBOLXX,COGBOL,1,2031,2.92
GLOBAL,PWRCOGBOLXX,COGBOL,1,2032,2.92
GLOBAL,PWRCOGBOLXX,COGBOL,1,2033,2.92
GLOBAL,PWRCOGBOLXX,COGBOL,1,2034,2.92
GLOBAL,PWRCOGBOLXX,COGBOL,1,2035,2.92
GLOBAL,PWRCOGBOLXX,COGBOL,1,2036,2.92
GLOBAL,PWRCOGBOLXX,COGBOL,1,2037,2.92
GLOBAL,PWRCOGBOLXX,COGBOL,1,2038,2.92
GLOBAL,PWRCOGBOLXX,COGBOL,1,2039,2.92
GLOBAL,PWRCOGBOLXX,COGBOL,1,2040,2.92
GLOBAL,PWRCOGBOLXX,COGBOL,1,2041,2.92
GLOBAL,PWRCOGBOLXX,COGBOL,1,2042,2.92
GLOBAL,PWRCOGBOLXX,COGBOL,1,2043,2.92
GLOBAL,PWRCOGBOLXX,COGBOL,1,2044,2.92
GLOBAL,PWRCOGBOLXX,COGBOL,1,2045,2.92
GLOBAL,PWRCOGBOLXX,COGBOL,1,2046,2.92
GLOBAL,PWRCOGBOLXX,COGBOL,1,2047,2.92
GLOBAL,PWRCOGBOLXX,COGBOL,1,2048,2.92
GLOBAL,PWRCOGBOLXX,COGBOL,1,2049,2.92
GLOBAL,PWRCOGBOLXX,COGBOL,1,2050,2.92
GLOBAL,PWRCOGBOLXX,COGINT,2,2023,2.92
GLOBAL,PWRCOGBOLXX,COGINT,2,2024,2.92
GLOBAL,PWRCOGBOLXX,COGINT,2,2025,2.92
GLOBAL,PWRCOGBOLXX,COGINT,2,2026,2.92
GLOBAL,PWRCOGBOLXX,COGINT,2,2027,2.92
GLOBAL,PWRCOGBOLXX,COGINT,2,2028,2.92
GLOBAL,PWRCOGBOLXX,COGINT,2,2029,2.92
GLOBAL,PWRCOGBOLXX,COGINT,2,2030,2.92
GLOBAL,PWRCOGBOLXX,COGINT,2,2031,2.92
GLOBAL,PWRCOGBOLXX,COGINT,2,2032,2.92
GLOBAL,PWRCOGBOLXX,COGINT,2,2033,2.92
GLOBAL,PWRCOGBOLXX,COGINT,2,2034,2.92
GLOBAL,PWRCOGBOLXX,COGINT,2,2035,2.92
GLOBAL,PWRCOGBOLXX,COGINT,2,2036,2.92
GLOBAL,PWRCOGBOLXX,COGINT,2,2037,2.92
GLOBAL,PWRCOGBOLXX,COGINT,2,2038,2.92
GLOBAL,PWRCOGBOLXX,COGINT,2,2039,2.92
GLOBAL,PWRCOGBOLXX,COGINT,2,2040,2.92
GLOBAL,PWRCOGBOLXX,COGINT,2,2041,2.92
GLOBAL,PWRCOGBOLXX,COGINT,2,2042,2.92
GLOBAL,PWRCOGBOLXX,COGINT,2,2043,2.92
GLOBAL,PWRCOGBOLXX,COGINT,2,2044,2.92
GLOBAL,PWRCOGBOLXX,COGINT,2,2045,2.92
GLOBAL,PWRCOGBOLXX,COGINT,2,2046,2.92
GLOBAL,PWRCOGBOLXX,COGINT,2,2047,2.92
GLOBAL,PWRCOGBOLXX,COGINT,2,2048,2.92
GLOBAL,PWRCOGBOLXX,COGINT,2,2049,2.92
GLOBAL,PWRCOGBOLXX,COGINT,2,2050,2.92
GLOBAL,PWRCOGBRAXX,COGBRA,1,2023,2.9199999999999995
GLOBAL,PWRCOGBRAXX,COGBRA,1,2024,2.9199999999999995
GLOBAL,PWRCOGBRAXX,COGBRA,1,2025,2.9199999999999995
GLOBAL,PWRCOGBRAXX,COGBRA,1,2026,2.9199999999999995
GLOBAL,PWRCOGBRAXX,COGBRA,1,2027,2.9199999999999995
GLOBAL,PWRCOGBRAXX,COGBRA,1,2028,2.9199999999999995
GLOBAL,PWRCOGBRAXX,COGBRA,1,2029,2.9199999999999995
GLOBAL,PWRCOGBRAXX,COGBRA,1,2030,2.9199999999999995
GLOBAL,PWRCOGBRAXX,COGBRA,1,2031,2.9199999999999995
GLOBAL,PWRCOGBRAXX,COGBRA,1,2032,2.9199999999999995
GLOBAL,PWRCOGBRAXX,COGBRA,1,2033,2.9199999999999995
GLOBAL,PWRCOGBRAXX,COGBRA,1,2034,2.9199999999999995
GLOBAL,PWRCOGBRAXX,COGBRA,1,2035,2.9199999999999995
GLOBAL,PWRCOGBRAXX,COGBRA,1,2036,2.9199999999999995
GLOBAL,PWRCOGBRAXX,COGBRA,1,2037,2.9199999999999995
GLOBAL,PWRCOGBRAXX,COGBRA,1,2038,2.9199999999999995
GLOBAL,PWRCOGBRAXX,COGBRA,1,2039,2.9199999999999995
GLOBAL,PWRCOGBRAXX,COGBRA,1,2040,2.9199999999999995
GLOBAL,PWRCOGBRAXX,COGBRA,1,2041,2.9199999999999995
GLOBAL,PWRCOGBRAXX,COGBRA,1,2042,2.9199999999999995
GLOBAL,PWRCOGBRAXX,COGBRA,1,2043,2.9199999999999995
GLOBAL,PWRCOGBRAXX,COGBRA,1,2044,2.9199999999999995
GLOBAL,PWRCOGBRAXX,COGBRA,1,2045,2.9199999999999995
GLOBAL,PWRCOGBRAXX,COGBRA,1,2046,2.9199999999999995
GLOBAL,PWRCOGBRAXX,COGBRA,1,2047,2.9199999999999995
GLOBAL,PWRCOGBRAXX,COGBRA,1,2048,2.9199999999999995
GLOBAL,PWRCOGBRAXX,COGBRA,1,2049,2.9199999999999995
GLOBAL,PWRCOGBRAXX,COGBRA,1,2050,2.9199999999999995
GLOBAL,PWRCOGBRAXX,COGINT,2,2023,2.9199999999999995
GLOBAL,PWRCOGBRAXX,COGINT,2,2024,2.9199999999999995
GLOBAL,PWRCOGBRAXX,COGINT,2,2025,2.9199999999999995
GLOBAL,PWRCOGBRAXX,COGINT,2,2026,2.9199999999999995
GLOBAL,PWRCOGBRAXX,COGINT,2,2027,2.9199999999999995
GLOBAL,PWRCOGBRAXX,COGINT,2,2028,2.9199999999999995
GLOBAL,PWRCOGBRAXX,COGINT,2,2029,2.9199999999999995
GLOBAL,PWRCOGBRAXX,COGINT,2,2030,2.9199999999999995
GLOBAL,PWRCOGBRAXX,COGINT,2,2031,2.9199999999999995
GLOBAL,PWRCOGBRAXX,COGINT,2,2032,2.9199999999999995
GLOBAL,PWRCOGBRAXX,COGINT,2,2033,2.9199999999999995
GLOBAL,PWRCOGBRAXX,COGINT,2,2034,2.9199999999999995
GLOBAL,PWRCOGBRAXX,COGINT,2,2035,2.9199999999999995
GLOBAL,PWRCOGBRAXX,COGINT,2,2036,2.9199999999999995
GLOBAL,PWRCOGBRAXX,COGINT,2,2037,2.9199999999999995
GLOBAL,PWRCOGBRAXX,COGINT,2,2038,2.9199999999999995
GLOBAL,PWRCOGBRAXX,COGINT,2,2039,2.9199999999999995
GLOBAL,PWRCOGBRAXX,COGINT,2,2040,2.9199999999999995
GLOBAL,PWRCOGBRAXX,COGINT,2,2041,2.9199999999999995
GLOBAL,PWRCOGBRAXX,COGINT,2,2042,2.9199999999999995
GLOBAL,PWRCOGBRAXX,COGINT,2,2043,2.9199999999999995
GLOBAL,PWRCOGBRAXX,COGINT,2,2044,2.9199999999999995
GLOBAL,PWRCOGBRAXX,COGINT,2,2045,2.9199999999999995
GLOBAL,PWRCOGBRAXX,COGINT,2,2046,2.9199999999999995
GLOBAL,PWRCOGBRAXX,COGINT,2,2047,2.9199999999999995
GLOBAL,PWRCOGBRAXX,COGINT,2,2048,2.9199999999999995
GLOBAL,PWRCOGBRAXX,COGINT,2,2049,2.9199999999999995
GLOBAL,PWRCOGBRAXX,COGINT,2,2050,2.9199999999999995
GLOBAL,PWRCOGBRBXX,COGBRB,1,2023,2.92
GLOBAL,PWRCOGBRBXX,COGBRB,1,2024,2.92
GLOBAL,PWRCOGBRBXX,COGBRB,1,2025,2.92
GLOBAL,PWRCOGBRBXX,COGBRB,1,2026,2.92
GLOBAL,PWRCOGBRBXX,COGBRB,1,2027,2.92
GLOBAL,PWRCOGBRBXX,COGBRB,1,2028,2.92
GLOBAL,PWRCOGBRBXX,COGBRB,1,2029,2.92
GLOBAL,PWRCOGBRBXX,COGBRB,1,2030,2.92
GLOBAL,PWRCOGBRBXX,COGBRB,1,2031,2.92
GLOBAL,PWRCOGBRBXX,COGBRB,1,2032,2.92
GLOBAL,PWRCOGBRBXX,COGBRB,1,2033,2.92
GLOBAL,PWRCOGBRBXX,COGBRB,1,2034,2.92
GLOBAL,PWRCOGBRBXX,COGBRB,1,2035,2.92
GLOBAL,PWRCOGBRBXX,COGBRB,1,2036,2.92
GLOBAL,PWRCOGBRBXX,COGBRB,1,2037,2.92
GLOBAL,PWRCOGBRBXX,COGBRB,1,2038,2.92
GLOBAL,PWRCOGBRBXX,COGBRB,1,2039,2.92
GLOBAL,PWRCOGBRBXX,COGBRB,1,2040,2.92
GLOBAL,PWRCOGBRBXX,COGBRB,1,2041,2.92
GLOBAL,PWRCOGBRBXX,COGBRB,1,2042,2.92
GLOBAL,PWRCOGBRBXX,COGBRB,1,2043,2.92
GLOBAL,PWRCOGBRBXX,COGBRB,1,2044,2.92
GLOBAL,PWRCOGBRBXX,COGBRB,1,2045,2.92
GLOBAL,PWRCOGBRBXX,COGBRB,1,2046,2.92
GLOBAL,PWRCOGBRBXX,COGBRB,1,2047,2.92
GLOBAL,PWRCOGBRBXX,COGBRB,1,2048,2.92
GLOBAL,PWRCOGBRBXX,COGBRB,1,2049,2.92
GLOBAL,PWRCOGBRBXX,COGBRB,1,2050,2.92
GLOBAL,PWRCOGBRBXX,COGINT,2,2023,2.92
GLOBAL,PWRCOGBRBXX,COGINT,2,2024,2.92
GLOBAL,PWRCOGBRBXX,COGINT,2,2025,2.92
GLOBAL,PWRCOGBRBXX,COGINT,2,2026,2.92
GLOBAL,PWRCOGBRBXX,COGINT,2,2027,2.92
GLOBAL,PWRCOGBRBXX,COGINT,2,2028,2.92
GLOBAL,PWRCOGBRBXX,COGINT,2,2029,2.92
GLOBAL,PWRCOGBRBXX,COGINT,2,2030,2.92
GLOBAL,PWRCOGBRBXX,COGINT,2,2031,2.92
GLOBAL,PWRCOGBRBXX,COGINT,2,2032,2.92
GLOBAL,PWRCOGBRBXX,COGINT,2,2033,2.92
GLOBAL,PWRCOGBRBXX,COGINT,2,2034,2.92
GLOBAL,PWRCOGBRBXX,COGINT,2,2035,2.92
GLOBAL,PWRCOGBRBXX,COGINT,2,2036,2.92
GLOBAL,PWRCOGBRBXX,COGINT,2,2037,2.92
GLOBAL,PWRCOGBRBXX,COGINT,2,2038,2.92
GLOBAL,PWRCOGBRBXX,COGINT,2,2039,2.92
GLOBAL,PWRCOGBRBXX,COGINT,2,2040,2.92
GLOBAL,PWRCOGBRBXX,COGINT,2,2041,2.92
GLOBAL,PWRCOGBRBXX,COGINT,2,2042,2.92
GLOBAL,PWRCOGBRBXX,COGINT,2,2043,2.92
GLOBAL,PWRCOGBRBXX,COGINT,2,2044,2.92
GLOBAL,PWRCOGBRBXX,COGINT,2,2045,2.92
GLOBAL,PWRCOGBRBXX,COGINT,2,2046,2.92
GLOBAL,PWRCOGBRBXX,COGINT,2,2047,2.92
GLOBAL,PWRCOGBRBXX,COGINT,2,2048,2.92
GLOBAL,PWRCOGBRBXX,COGINT,2,2049,2.92
GLOBAL,PWRCOGBRBXX,COGINT,2,2050,2.92
GLOBAL,PWRCOGCHLXX,COGCHL,1,2023,2.92
GLOBAL,PWRCOGCHLXX,COGCHL,1,2024,2.92
GLOBAL,PWRCOGCHLXX,COGCHL,1,2025,2.92
GLOBAL,PWRCOGCHLXX,COGCHL,1,2026,2.92
GLOBAL,PWRCOGCHLXX,COGCHL,1,2027,2.92
GLOBAL,PWRCOGCHLXX,COGCHL,1,2028,2.92
GLOBAL,PWRCOGCHLXX,COGCHL,1,2029,2.92
GLOBAL,PWRCOGCHLXX,COGCHL,1,2030,2.92
GLOBAL,PWRCOGCHLXX,COGCHL,1,2031,2.92
GLOBAL,PWRCOGCHLXX,COGCHL,1,2032,2.92
GLOBAL,PWRCOGCHLXX,COGCHL,1,2033,2.92
GLOBAL,PWRCOGCHLXX,COGCHL,1,2034,2.92
GLOBAL,PWRCOGCHLXX,COGCHL,1,2035,2.92
GLOBAL,PWRCOGCHLXX,COGCHL,1,2036,2.92
GLOBAL,PWRCOGCHLXX,COGCHL,1,2037,2.92
GLOBAL,PWRCOGCHLXX,COGCHL,1,2038,2.92
GLOBAL,PWRCOGCHLXX,COGCHL,1,2039,2.92
GLOBAL,PWRCOGCHLXX,COGCHL,1,2040,2.92
GLOBAL,PWRCOGCHLXX,COGCHL,1,2041,2.92
GLOBAL,PWRCOGCHLXX,COGCHL,1,2042,2.92
GLOBAL,PWRCOGCHLXX,COGCHL,1,2043,2.92
GLOBAL,PWRCOGCHLXX,COGCHL,1,2044,2.92
GLOBAL,PWRCOGCHLXX,COGCHL,1,2045,2.92
GLOBAL,PWRCOGCHLXX,COGCHL,1,2046,2.92
GLOBAL,PWRCOGCHLXX,COGCHL,1,2047,2.92
GLOBAL,PWRCOGCHLXX,COGCHL,1,2048,2.92
GLOBAL,PWRCOGCHLXX,COGCHL,1,2049,2.92
GLOBAL,PWRCOGCHLXX,COGCHL,1,2050,2.92
GLOBAL,PWRCOGCHLXX,COGINT,2,2023,2.92
GLOBAL,PWRCOGCHLXX,COGINT,2,2024,2.92
GLOBAL,PWRCOGCHLXX,COGINT,2,2025,2.92
GLOBAL,PWRCOGCHLXX,COGINT,2,2026,2.92
GLOBAL,PWRCOGCHLXX,COGINT,2,2027,2.92
GLOBAL,PWRCOGCHLXX,COGINT,2,2028,2.92
GLOBAL,PWRCOGCHLXX,COGINT,2,2029,2.92
GLOBAL,PWRCOGCHLXX,COGINT,2,2030,2.92
GLOBAL,PWRCOGCHLXX,COGINT,2,2031,2.92
GLOBAL,PWRCOGCHLXX,COGINT,2,2032,2.92
GLOBAL,PWRCOGCHLXX,COGINT,2,2033,2.92
GLOBAL,PWRCOGCHLXX,COGINT,2,2034,2.92
GLOBAL,PWRCOGCHLXX,COGINT,2,2035,2.92
GLOBAL,PWRCOGCHLXX,COGINT,2,2036,2.92
GLOBAL,PWRCOGCHLXX,COGINT,2,2037,2.92
GLOBAL,PWRCOGCHLXX,COGINT,2,2038,2.92
GLOBAL,PWRCOGCHLXX,COGINT,2,2039,2.92
GLOBAL,PWRCOGCHLXX,COGINT,2,2040,2.92
GLOBAL,PWRCOGCHLXX,COGINT,2,2041,2.92
GLOBAL,PWRCOGCHLXX,COGINT,2,2042,2.92
GLOBAL,PWRCOGCHLXX,COGINT,2,2043,2.92
GLOBAL,PWRCOGCHLXX,COGINT,2,2044,2.92
GLOBAL,PWRCOGCHLXX,COGINT,2,2045,2.92
GLOBAL,PWRCOGCHLXX,COGINT,2,2046,2.92
GLOBAL,PWRCOGCHLXX,COGINT,2,2047,2.92
GLOBAL,PWRCOGCHLXX,COGINT,2,2048,2.92
GLOBAL,PWRCOGCHLXX,COGINT,2,2049,2.92
GLOBAL,PWRCOGCHLXX,COGINT,2,2050,2.92
GLOBAL,PWRCOGCOLXX,COGCOL,1,2023,2.92
GLOBAL,PWRCOGCOLXX,COGCOL,1,2024,2.92
GLOBAL,PWRCOGCOLXX,COGCOL,1,2025,2.92
GLOBAL,PWRCOGCOLXX,COGCOL,1,2026,2.92
GLOBAL,PWRCOGCOLXX,COGCOL,1,2027,2.92
GLOBAL,PWRCOGCOLXX,COGCOL,1,2028,2.92
GLOBAL,PWRCOGCOLXX,COGCOL,1,2029,2.92
GLOBAL,PWRCOGCOLXX,COGCOL,1,2030,2.92
GLOBAL,PWRCOGCOLXX,COGCOL,1,2031,2.92
GLOBAL,PWRCOGCOLXX,COGCOL,1,2032,2.92
GLOBAL,PWRCOGCOLXX,COGCOL,1,2033,2.92
GLOBAL,PWRCOGCOLXX,COGCOL,1,2034,2.92
GLOBAL,PWRCOGCOLXX,COGCOL,1,2035,2.92
GLOBAL,PWRCOGCOLXX,COGCOL,1,2036,2.92
GLOBAL,PWRCOGCOLXX,COGCOL,1,2037,2.92
GLOBAL,PWRCOGCOLXX,COGCOL,1,2038,2.92
GLOBAL,PWRCOGCOLXX,COGCOL,1,2039,2.92
GLOBAL,PWRCOGCOLXX,COGCOL,1,2040,2.92
GLOBAL,PWRCOGCOLXX,COGCOL,1,2041,2.92
GLOBAL,PWRCOGCOLXX,COGCOL,1,2042,2.92
GLOBAL,PWRCOGCOLXX,COGCOL,1,2043,2.92
GLOBAL,PWRCOGCOLXX,COGCOL,1,2044,2.92
GLOBAL,PWRCOGCOLXX,COGCOL,1,2045,2.92
GLOBAL,PWRCOGCOLXX,COGCOL,1,2046,2.92
GLOBAL,PWRCOGCOLXX,COGCOL,1,2047,2.92
GLOBAL,PWRCOGCOLXX,COGCOL,1,2048,2.92
GLOBAL,PWRCOGCOLXX,COGCOL,1,2049,2.92
GLOBAL,PWRCOGCOLXX,COGCOL,1,2050,2.92
GLOBAL,PWRCOGCOLXX,COGINT,2,2023,2.92
GLOBAL,PWRCOGCOLXX,COGINT,2,2024,2.92
GLOBAL,PWRCOGCOLXX,COGINT,2,2025,2.92
GLOBAL,PWRCOGCOLXX,COGINT,2,2026,2.92
GLOBAL,PWRCOGCOLXX,COGINT,2,2027,2.92
GLOBAL,PWRCOGCOLXX,COGINT,2,2028,2.92
GLOBAL,PWRCOGCOLXX,COGINT,2,2029,2.92
GLOBAL,PWRCOGCOLXX,COGINT,2,2030,2.92
GLOBAL,PWRCOGCOLXX,COGINT,2,2031,2.92
GLOBAL,PWRCOGCOLXX,COGINT,2,2032,2.92
GLOBAL,PWRCOGCOLXX,COGINT,2,2033,2.92
GLOBAL,PWRCOGCOLXX,COGINT,2,2034,2.92
GLOBAL,PWRCOGCOLXX,COGINT,2,2035,2.92
GLOBAL,PWRCOGCOLXX,COGINT,2,2036,2.92
GLOBAL,PWRCOGCOLXX,COGINT,2,2037,2.92
GLOBAL,PWRCOGCOLXX,COGINT,2,2038,2.92
GLOBAL,PWRCOGCOLXX,COGINT,2,2039,2.92
GLOBAL,PWRCOGCOLXX,COGINT,2,2040,2.92
GLOBAL,PWRCOGCOLXX,COGINT,2,2041,2.92
GLOBAL,PWRCOGCOLXX,COGINT,2,2042,2.92
GLOBAL,PWRCOGCOLXX,COGINT,2,2043,2.92
GLOBAL,PWRCOGCOLXX,COGINT,2,2044,2.92
GLOBAL,PWRCOGCOLXX,COGINT,2,2045,2.92
GLOBAL,PWRCOGCOLXX,COGINT,2,2046,2.92
GLOBAL,PWRCOGCOLXX,COGINT,2,2047,2.92
GLOBAL,PWRCOGCOLXX,COGINT,2,2048,2.92
GLOBAL,PWRCOGCOLXX,COGINT,2,2049,2.92
GLOBAL,PWRCOGCOLXX,COGINT,2,2050,2.92
GLOBAL,PWRCOGCRIXX,COGCRI,1,2023,2.92
GLOBAL,PWRCOGCRIXX,COGCRI,1,2024,2.92
GLOBAL,PWRCOGCRIXX,COGCRI,1,2025,2.92
GLOBAL,PWRCOGCRIXX,COGCRI,1,2026,2.92
GLOBAL,PWRCOGCRIXX,COGCRI,1,2027,2.92
GLOBAL,PWRCOGCRIXX,COGCRI,1,2028,2.92
GLOBAL,PWRCOGCRIXX,COGCRI,1,2029,2.92
GLOBAL,PWRCOGCRIXX,COGCRI,1,2030,2.92
GLOBAL,PWRCOGCRIXX,COGCRI,1,2031,2.92
GLOBAL,PWRCOGCRIXX,COGCRI,1,2032,2.92
GLOBAL,PWRCOGCRIXX,COGCRI,1,2033,2.92
GLOBAL,PWRCOGCRIXX,COGCRI,1,2034,2.92
GLOBAL,PWRCOGCRIXX,COGCRI,1,2035,2.92
GLOBAL,PWRCOGCRIXX,COGCRI,1,2036,2.92
GLOBAL,PWRCOGCRIXX,COGCRI,1,2037,2.92
GLOBAL,PWRCOGCRIXX,COGCRI,1,2038,2.92
GLOBAL,PWRCOGCRIXX,COGCRI,1,2039,2.92
GLOBAL,PWRCOGCRIXX,COGCRI,1,2040,2.92
GLOBAL,PWRCOGCRIXX,COGCRI,1,2041,2.92
GLOBAL,PWRCOGCRIXX,COGCRI,1,2042,2.92
GLOBAL,PWRCOGCRIXX,COGCRI,1,2043,2.92
GLOBAL,PWRCOGCRIXX,COGCRI,1,2044,2.92
GLOBAL,PWRCOGCRIXX,COGCRI,1,2045,2.92
GLOBAL,PWRCOGCRIXX,COGCRI,1,2046,2.92
GLOBAL,PWRCOGCRIXX,COGCRI,1,2047,2.92
GLOBAL,PWRCOGCRIXX,COGCRI,1,2048,2.92
GLOBAL,PWRCOGCRIXX,COGCRI,1,2049,2.92
GLOBAL,PWRCOGCRIXX,COGCRI,1,2050,2.92
GLOBAL,PWRCOGCRIXX,COGINT,2,2023,2.92
GLOBAL,PWRCOGCRIXX,COGINT,2,2024,2.92
GLOBAL,PWRCOGCRIXX,COGINT,2,2025,2.92
GLOBAL,PWRCOGCRIXX,COGINT,2,2026,2.92
GLOBAL,PWRCOGCRIXX,COGINT,2,2027,2.92
GLOBAL,PWRCOGCRIXX,COGINT,2,2028,2.92
GLOBAL,PWRCOGCRIXX,COGINT,2,2029,2.92
GLOBAL,PWRCOGCRIXX,COGINT,2,2030,2.92
GLOBAL,PWRCOGCRIXX,COGINT,2,2031,2.92
GLOBAL,PWRCOGCRIXX,COGINT,2,2032,2.92
GLOBAL,PWRCOGCRIXX,COGINT,2,2033,2.92
GLOBAL,PWRCOGCRIXX,COGINT,2,2034,2.92
GLOBAL,PWRCOGCRIXX,COGINT,2,2035,2.92
GLOBAL,PWRCOGCRIXX,COGINT,2,2036,2.92
GLOBAL,PWRCOGCRIXX,COGINT,2,2037,2.92
GLOBAL,PWRCOGCRIXX,COGINT,2,2038,2.92
GLOBAL,PWRCOGCRIXX,COGINT,2,2039,2.92
GLOBAL,PWRCOGCRIXX,COGINT,2,2040,2.92
GLOBAL,PWRCOGCRIXX,COGINT,2,2041,2.92
GLOBAL,PWRCOGCRIXX,COGINT,2,2042,2.92
GLOBAL,PWRCOGCRIXX,COGINT,2,2043,2.92
GLOBAL,PWRCOGCRIXX,COGINT,2,2044,2.92
GLOBAL,PWRCOGCRIXX,COGINT,2,2045,2.92
GLOBAL,PWRCOGCRIXX,COGINT,2,2046,2.92
GLOBAL,PWRCOGCRIXX,COGINT,2,2047,2.92
GLOBAL,PWRCOGCRIXX,COGINT,2,2048,2.92
GLOBAL,PWRCOGCRIXX,COGINT,2,2049,2.92
GLOBAL,PWRCOGCRIXX,COGINT,2,2050,2.92
GLOBAL,PWRCOGDOMXX,COGDOM,1,2023,2.92
GLOBAL,PWRCOGDOMXX,COGDOM,1,2024,2.92
GLOBAL,PWRCOGDOMXX,COGDOM,1,2025,2.92
GLOBAL,PWRCOGDOMXX,COGDOM,1,2026,2.92
GLOBAL,PWRCOGDOMXX,COGDOM,1,2027,2.92
GLOBAL,PWRCOGDOMXX,COGDOM,1,2028,2.92
GLOBAL,PWRCOGDOMXX,COGDOM,1,2029,2.92
GLOBAL,PWRCOGDOMXX,COGDOM,1,2030,2.92
GLOBAL,PWRCOGDOMXX,COGDOM,1,2031,2.92
GLOBAL,PWRCOGDOMXX,COGDOM,1,2032,2.92
GLOBAL,PWRCOGDOMXX,COGDOM,1,2033,2.92
GLOBAL,PWRCOGDOMXX,COGDOM,1,2034,2.92
GLOBAL,PWRCOGDOMXX,COGDOM,1,2035,2.92
GLOBAL,PWRCOGDOMXX,COGDOM,1,2036,2.92
GLOBAL,PWRCOGDOMXX,COGDOM,1,2037,2.92
GLOBAL,PWRCOGDOMXX,COGDOM,1,2038,2.92
GLOBAL,PWRCOGDOMXX,COGDOM,1,2039,2.92
GLOBAL,PWRCOGDOMXX,COGDOM,1,2040,2.92
GLOBAL,PWRCOGDOMXX,COGDOM,1,2041,2.92
GLOBAL,PWRCOGDOMXX,COGDOM,1,2042,2.92
GLOBAL,PWRCOGDOMXX,COGDOM,1,2043,2.92
GLOBAL,PWRCOGDOMXX,COGDOM,1,2044,2.92
GLOBAL,PWRCOGDOMXX,COGDOM,1,2045,2.92
GLOBAL,PWRCOGDOMXX,COGDOM,1,2046,2.92
GLOBAL,PWRCOGDOMXX,COGDOM,1,2047,2.92
GLOBAL,PWRCOGDOMXX,COGDOM,1,2048,2.92
GLOBAL,PWRCOGDOMXX,COGDOM,1,2049,2.92
GLOBAL,PWRCOGDOMXX,COGDOM,1,2050,2.92
GLOBAL,PWRCOGDOMXX,COGINT,2,2023,2.92
GLOBAL,PWRCOGDOMXX,COGINT,2,2024,2.92
GLOBAL,PWRCOGDOMXX,COGINT,2,2025,2.92
GLOBAL,PWRCOGDOMXX,COGINT,2,2026,2.92
GLOBAL,PWRCOGDOMXX,COGINT,2,2027,2.92
GLOBAL,PWRCOGDOMXX,COGINT,2,2028,2.92
GLOBAL,PWRCOGDOMXX,COGINT,2,2029,2.92
GLOBAL,PWRCOGDOMXX,COGINT,2,2030,2.92
GLOBAL,PWRCOGDOMXX,COGINT,2,2031,2.92
GLOBAL,PWRCOGDOMXX,COGINT,2,2032,2.92
GLOBAL,PWRCOGDOMXX,COGINT,2,2033,2.92
GLOBAL,PWRCOGDOMXX,COGINT,2,2034,2.92
GLOBAL,PWRCOGDOMXX,COGINT,2,2035,2.92
GLOBAL,PWRCOGDOMXX,COGINT,2,2036,2.92
GLOBAL,PWRCOGDOMXX,COGINT,2,2037,2.92
GLOBAL,PWRCOGDOMXX,COGINT,2,2038,2.92
GLOBAL,PWRCOGDOMXX,COGINT,2,2039,2.92
GLOBAL,PWRCOGDOMXX,COGINT,2,2040,2.92
GLOBAL,PWRCOGDOMXX,COGINT,2,2041,2.92
GLOBAL,PWRCOGDOMXX,COGINT,2,2042,2.92
GLOBAL,PWRCOGDOMXX,COGINT,2,2043,2.92
GLOBAL,PWRCOGDOMXX,COGINT,2,2044,2.92
GLOBAL,PWRCOGDOMXX,COGINT,2,2045,2.92
GLOBAL,PWRCOGDOMXX,COGINT,2,2046,2.92
GLOBAL,PWRCOGDOMXX,COGINT,2,2047,2.92
GLOBAL,PWRCOGDOMXX,COGINT,2,2048,2.92
GLOBAL,PWRCOGDOMXX,COGINT,2,2049,2.92
GLOBAL,PWRCOGDOMXX,COGINT,2,2050,2.92
GLOBAL,PWRCOGECUXX,COGECU,1,2023,2.92
GLOBAL,PWRCOGECUXX,COGECU,1,2024,2.92
GLOBAL,PWRCOGECUXX,COGECU,1,2025,2.92
GLOBAL,PWRCOGECUXX,COGECU,1,2026,2.92
GLOBAL,PWRCOGECUXX,COGECU,1,2027,2.92
GLOBAL,PWRCOGECUXX,COGECU,1,2028,2.92
GLOBAL,PWRCOGECUXX,COGECU,1,2029,2.92
GLOBAL,PWRCOGECUXX,COGECU,1,2030,2.92
GLOBAL,PWRCOGECUXX,COGECU,1,2031,2.92
GLOBAL,PWRCOGECUXX,COGECU,1,2032,2.92
GLOBAL,PWRCOGECUXX,COGECU,1,2033,2.92
GLOBAL,PWRCOGECUXX,COGECU,1,2034,2.92
GLOBAL,PWRCOGECUXX,COGECU,1,2035,2.92
GLOBAL,PWRCOGECUXX,COGECU,1,2036,2.92
GLOBAL,PWRCOGECUXX,COGECU,1,2037,2.92
GLOBAL,PWRCOGECUXX,COGECU,1,2038,2.92
GLOBAL,PWRCOGECUXX,COGECU,1,2039,2.92
GLOBAL,PWRCOGECUXX,COGECU,1,2040,2.92
GLOBAL,PWRCOGECUXX,COGECU,1,2041,2.92
GLOBAL,PWRCOGECUXX,COGECU,1,2042,2.92
GLOBAL,PWRCOGECUXX,COGECU,1,2043,2.92
GLOBAL,PWRCOGECUXX,COGECU,1,2044,2.92
GLOBAL,PWRCOGECUXX,COGECU,1,2045,2.92
GLOBAL,PWRCOGECUXX,COGECU,1,2046,2.92
GLOBAL,PWRCOGECUXX,COGECU,1,2047,2.92
GLOBAL,PWRCOGECUXX,COGECU,1,2048,2.92
GLOBAL,PWRCOGECUXX,COGECU,1,2049,2.92
GLOBAL,PWRCOGECUXX,COGECU,1,2050,2.92
GLOBAL,PWRCOGECUXX,COGINT,2,2023,2.92
GLOBAL,PWRCOGECUXX,COGINT,2,2024,2.92
GLOBAL,PWRCOGECUXX,COGINT,2,2025,2.92
GLOBAL,PWRCOGECUXX,COGINT,2,2026,2.92
GLOBAL,PWRCOGECUXX,COGINT,2,2027,2.92
GLOBAL,PWRCOGECUXX,COGINT,2,2028,2.92
GLOBAL,PWRCOGECUXX,COGINT,2,2029,2.92
GLOBAL,PWRCOGECUXX,COGINT,2,2030,2.92
GLOBAL,PWRCOGECUXX,COGINT,2,2031,2.92
GLOBAL,PWRCOGECUXX,COGINT,2,2032,2.92
GLOBAL,PWRCOGECUXX,COGINT,2,2033,2.92
GLOBAL,PWRCOGECUXX,COGINT,2,2034,2.92
GLOBAL,PWRCOGECUXX,COGINT,2,2035,2.92
GLOBAL,PWRCOGECUXX,COGINT,2,2036,2.92
GLOBAL,PWRCOGECUXX,COGINT,2,2037,2.92
GLOBAL,PWRCOGECUXX,COGINT,2,2038,2.92
GLOBAL,PWRCOGECUXX,COGINT,2,2039,2.92
GLOBAL,PWRCOGECUXX,COGINT,2,2040,2.92
GLOBAL,PWRCOGECUXX,COGINT,2,2041,2.92
GLOBAL,PWRCOGECUXX,COGINT,2,2042,2.92
GLOBAL,PWRCOGECUXX,COGINT,2,2043,2.92
GLOBAL,PWRCOGECUXX,COGINT,2,2044,2.92
GLOBAL,PWRCOGECUXX,COGINT,2,2045,2.92
GLOBAL,PWRCOGECUXX,COGINT,2,2046,2.92
GLOBAL,PWRCOGECUXX,COGINT,2,2047,2.92
GLOBAL,PWRCOGECUXX,COGINT,2,2048,2.92
GLOBAL,PWRCOGECUXX,COGINT,2,2049,2.92
GLOBAL,PWRCOGECUXX,COGINT,2,2050,2.92
GLOBAL,PWRCOGGTMXX,COGGTM,1,2023,2.92
GLOBAL,PWRCOGGTMXX,COGGTM,1,2024,2.92
GLOBAL,PWRCOGGTMXX,COGGTM,1,2025,2.92
GLOBAL,PWRCOGGTMXX,COGGTM,1,2026,2.92
GLOBAL,PWRCOGGTMXX,COGGTM,1,2027,2.92
GLOBAL,PWRCOGGTMXX,COGGTM,1,2028,2.92
GLOBAL,PWRCOGGTMXX,COGGTM,1,2029,2.92
GLOBAL,PWRCOGGTMXX,COGGTM,1,2030,2.92
GLOBAL,PWRCOGGTMXX,COGGTM,1,2031,2.92
GLOBAL,PWRCOGGTMXX,COGGTM,1,2032,2.92
GLOBAL,PWRCOGGTMXX,COGGTM,1,2033,2.92
GLOBAL,PWRCOGGTMXX,COGGTM,1,2034,2.92
GLOBAL,PWRCOGGTMXX,COGGTM,1,2035,2.92
GLOBAL,PWRCOGGTMXX,COGGTM,1,2036,2.92
GLOBAL,PWRCOGGTMXX,COGGTM,1,2037,2.92
GLOBAL,PWRCOGGTMXX,COGGTM,1,2038,2.92
GLOBAL,PWRCOGGTMXX,COGGTM,1,2039,2.92
GLOBAL,PWRCOGGTMXX,COGGTM,1,2040,2.92
GLOBAL,PWRCOGGTMXX,COGGTM,1,2041,2.92
GLOBAL,PWRCOGGTMXX,COGGTM,1,2042,2.92
GLOBAL,PWRCOGGTMXX,COGGTM,1,2043,2.92
GLOBAL,PWRCOGGTMXX,COGGTM,1,2044,2.92
GLOBAL,PWRCOGGTMXX,COGGTM,1,2045,2.92
GLOBAL,PWRCOGGTMXX,COGGTM,1,2046,2.92
GLOBAL,PWRCOGGTMXX,COGGTM,1,2047,2.92
GLOBAL,PWRCOGGTMXX,COGGTM,1,2048,2.92
GLOBAL,PWRCOGGTMXX,COGGTM,1,2049,2.92
GLOBAL,PWRCOGGTMXX,COGGTM,1,2050,2.92
GLOBAL,PWRCOGGTMXX,COGINT,2,2023,2.92
GLOBAL,PWRCOGGTMXX,COGINT,2,2024,2.92
GLOBAL,PWRCOGGTMXX,COGINT,2,2025,2.92
GLOBAL,PWRCOGGTMXX,COGINT,2,2026,2.92
GLOBAL,PWRCOGGTMXX,COGINT,2,2027,2.92
GLOBAL,PWRCOGGTMXX,COGINT,2,2028,2.92
GLOBAL,PWRCOGGTMXX,COGINT,2,2029,2.92
GLOBAL,PWRCOGGTMXX,COGINT,2,2030,2.92
GLOBAL,PWRCOGGTMXX,COGINT,2,2031,2.92
GLOBAL,PWRCOGGTMXX,COGINT,2,2032,2.92
GLOBAL,PWRCOGGTMXX,COGINT,2,2033,2.92
GLOBAL,PWRCOGGTMXX,COGINT,2,2034,2.92
GLOBAL,PWRCOGGTMXX,COGINT,2,2035,2.92
GLOBAL,PWRCOGGTMXX,COGINT,2,2036,2.92
GLOBAL,PWRCOGGTMXX,COGINT,2,2037,2.92
GLOBAL,PWRCOGGTMXX,COGINT,2,2038,2.92
GLOBAL,PWRCOGGTMXX,COGINT,2,2039,2.92
GLOBAL,PWRCOGGTMXX,COGINT,2,2040,2.92
GLOBAL,PWRCOGGTMXX,COGINT,2,2041,2.92
GLOBAL,PWRCOGGTMXX,COGINT,2,2042,2.92
GLOBAL,PWRCOGGTMXX,COGINT,2,2043,2.92
GLOBAL,PWRCOGGTMXX,COGINT,2,2044,2.92
GLOBAL,PWRCOGGTMXX,COGINT,2,2045,2.92
GLOBAL,PWRCOGGTMXX,COGINT,2,2046,2.92
GLOBAL,PWRCOGGTMXX,COGINT,2,2047,2.92
GLOBAL,PWRCOGGTMXX,COGINT,2,2048,2.92
GLOBAL,PWRCOGGTMXX,COGINT,2,2049,2.92
GLOBAL,PWRCOGGTMXX,COGINT,2,2050,2.92
GLOBAL,PWRCOGHNDXX,COGHND,1,2023,2.92
GLOBAL,PWRCOGHNDXX,COGHND,1,2024,2.92
GLOBAL,PWRCOGHNDXX,COGHND,1,2025,2.92
GLOBAL,PWRCOGHNDXX,COGHND,1,2026,2.92
GLOBAL,PWRCOGHNDXX,COGHND,1,2027,2.92
GLOBAL,PWRCOGHNDXX,COGHND,1,2028,2.92
GLOBAL,PWRCOGHNDXX,COGHND,1,2029,2.92
GLOBAL,PWRCOGHNDXX,COGHND,1,2030,2.92
GLOBAL,PWRCOGHNDXX,COGHND,1,2031,2.92
GLOBAL,PWRCOGHNDXX,COGHND,1,2032,2.92
GLOBAL,PWRCOGHNDXX,COGHND,1,2033,2.92
GLOBAL,PWRCOGHNDXX,COGHND,1,2034,2.92
GLOBAL,PWRCOGHNDXX,COGHND,1,2035,2.92
GLOBAL,PWRCOGHNDXX,COGHND,1,2036,2.92
GLOBAL,PWRCOGHNDXX,COGHND,1,2037,2.92
GLOBAL,PWRCOGHNDXX,COGHND,1,2038,2.92
GLOBAL,PWRCOGHNDXX,COGHND,1,2039,2.92
GLOBAL,PWRCOGHNDXX,COGHND,1,2040,2.92
GLOBAL,PWRCOGHNDXX,COGHND,1,2041,2.92
GLOBAL,PWRCOGHNDXX,COGHND,1,2042,2.92
GLOBAL,PWRCOGHNDXX,COGHND,1,2043,2.92
GLOBAL,PWRCOGHNDXX,COGHND,1,2044,2.92
GLOBAL,PWRCOGHNDXX,COGHND,1,2045,2.92
GLOBAL,PWRCOGHNDXX,COGHND,1,2046,2.92
GLOBAL,PWRCOGHNDXX,COGHND,1,2047,2.92
GLOBAL,PWRCOGHNDXX,COGHND,1,2048,2.92
GLOBAL,PWRCOGHNDXX,COGHND,1,2049,2.92
GLOBAL,PWRCOGHNDXX,COGHND,1,2050,2.92
GLOBAL,PWRCOGHNDXX,COGINT,2,2023,2.92
GLOBAL,PWRCOGHNDXX,COGINT,2,2024,2.92
GLOBAL,PWRCOGHNDXX,COGINT,2,2025,2.92
GLOBAL,PWRCOGHNDXX,COGINT,2,2026,2.92
GLOBAL,PWRCOGHNDXX,COGINT,2,2027,2.92
GLOBAL,PWRCOGHNDXX,COGINT,2,2028,2.92
GLOBAL,PWRCOGHNDXX,COGINT,2,2029,2.92
GLOBAL,PWRCOGHNDXX,COGINT,2,2030,2.92
GLOBAL,PWRCOGHNDXX,COGINT,2,2031,2.92
GLOBAL,PWRCOGHNDXX,COGINT,2,2032,2.92
GLOBAL,PWRCOGHNDXX,COGINT,2,2033,2.92
GLOBAL,PWRCOGHNDXX,COGINT,2,2034,2.92
GLOBAL,PWRCOGHNDXX,COGINT,2,2035,2.92
GLOBAL,PWRCOGHNDXX,COGINT,2,2036,2.92
GLOBAL,PWRCOGHNDXX,COGINT,2,2037,2.92
GLOBAL,PWRCOGHNDXX,COGINT,2,2038,2.92
GLOBAL,PWRCOGHNDXX,COGINT,2,2039,2.92
GLOBAL,PWRCOGHNDXX,COGINT,2,2040,2.92
GLOBAL,PWRCOGHNDXX,COGINT,2,2041,2.92
GLOBAL,PWRCOGHNDXX,COGINT,2,2042,2.92
GLOBAL,PWRCOGHNDXX,COGINT,2,2043,2.92
GLOBAL,PWRCOGHNDXX,COGINT,2,2044,2.92
GLOBAL,PWRCOGHNDXX,COGINT,2,2045,2.92
GLOBAL,PWRCOGHNDXX,COGINT,2,2046,2.92
GLOBAL,PWRCOGHNDXX,COGINT,2,2047,2.92
GLOBAL,PWRCOGHNDXX,COGINT,2,2048,2.92
GLOBAL,PWRCOGHNDXX,COGINT,2,2049,2.92
GLOBAL,PWRCOGHNDXX,COGINT,2,2050,2.92
GLOBAL,PWRCOGHTIXX,COGHTI,1,2023,2.92
GLOBAL,PWRCOGHTIXX,COGHTI,1,2024,2.92
GLOBAL,PWRCOGHTIXX,COGHTI,1,2025,2.92
GLOBAL,PWRCOGHTIXX,COGHTI,1,2026,2.92
GLOBAL,PWRCOGHTIXX,COGHTI,1,2027,2.92
GLOBAL,PWRCOGHTIXX,COGHTI,1,2028,2.92
GLOBAL,PWRCOGHTIXX,COGHTI,1,2029,2.92
GLOBAL,PWRCOGHTIXX,COGHTI,1,2030,2.92
GLOBAL,PWRCOGHTIXX,COGHTI,1,2031,2.92
GLOBAL,PWRCOGHTIXX,COGHTI,1,2032,2.92
GLOBAL,PWRCOGHTIXX,COGHTI,1,2033,2.92
GLOBAL,PWRCOGHTIXX,COGHTI,1,2034,2.92
GLOBAL,PWRCOGHTIXX,COGHTI,1,2035,2.92
GLOBAL,PWRCOGHTIXX,COGHTI,1,2036,2.92
GLOBAL,PWRCOGHTIXX,COGHTI,1,2037,2.92
GLOBAL,PWRCOGHTIXX,COGHTI,1,2038,2.92
GLOBAL,PWRCOGHTIXX,COGHTI,1,2039,2.92
GLOBAL,PWRCOGHTIXX,COGHTI,1,2040,2.92
GLOBAL,PWRCOGHTIXX,COGHTI,1,2041,2.92
GLOBAL,PWRCOGHTIXX,COGHTI,1,2042,2.92
GLOBAL,PWRCOGHTIXX,COGHTI,1,2043,2.92
GLOBAL,PWRCOGHTIXX,COGHTI,1,2044,2.92
GLOBAL,PWRCOGHTIXX,COGHTI,1,2045,2.92
GLOBAL,PWRCOGHTIXX,COGHTI,1,2046,2.92
GLOBAL,PWRCOGHTIXX,COGHTI,1,2047,2.92
GLOBAL,PWRCOGHTIXX,COGHTI,1,2048,2.92
GLOBAL,PWRCOGHTIXX,COGHTI,1,2049,2.92
GLOBAL,PWRCOGHTIXX,COGHTI,1,2050,2.92
GLOBAL,PWRCOGHTIXX,COGINT,2,2023,2.92
GLOBAL,PWRCOGHTIXX,COGINT,2,2024,2.92
GLOBAL,PWRCOGHTIXX,COGINT,2,2025,2.92
GLOBAL,PWRCOGHTIXX,COGINT,2,2026,2.92
GLOBAL,PWRCOGHTIXX,COGINT,2,2027,2.92
GLOBAL,PWRCOGHTIXX,COGINT,2,2028,2.92
GLOBAL,PWRCOGHTIXX,COGINT,2,2029,2.92
GLOBAL,PWRCOGHTIXX,COGINT,2,2030,2.92
GLOBAL,PWRCOGHTIXX,COGINT,2,2031,2.92
GLOBAL,PWRCOGHTIXX,COGINT,2,2032,2.92
GLOBAL,PWRCOGHTIXX,COGINT,2,2033,2.92
GLOBAL,PWRCOGHTIXX,COGINT,2,2034,2.92
GLOBAL,PWRCOGHTIXX,COGINT,2,2035,2.92
GLOBAL,PWRCOGHTIXX,COGINT,2,2036,2.92
GLOBAL,PWRCOGHTIXX,COGINT,2,2037,2.92
GLOBAL,PWRCOGHTIXX,COGINT,2,2038,2.92
GLOBAL,PWRCOGHTIXX,COGINT,2,2039,2.92
GLOBAL,PWRCOGHTIXX,COGINT,2,2040,2.92
GLOBAL,PWRCOGHTIXX,COGINT,2,2041,2.92
GLOBAL,PWRCOGHTIXX,COGINT,2,2042,2.92
GLOBAL,PWRCOGHTIXX,COGINT,2,2043,2.92
GLOBAL,PWRCOGHTIXX,COGINT,2,2044,2.92
GLOBAL,PWRCOGHTIXX,COGINT,2,2045,2.92
GLOBAL,PWRCOGHTIXX,COGINT,2,2046,2.92
GLOBAL,PWRCOGHTIXX,COGINT,2,2047,2.92
GLOBAL,PWRCOGHTIXX,COGINT,2,2048,2.92
GLOBAL,PWRCOGHTIXX,COGINT,2,2049,2.92
GLOBAL,PWRCOGHTIXX,COGINT,2,2050,2.92
GLOBAL,PWRCOGMEXXX,COGINT,2,2023,2.92
GLOBAL,PWRCOGMEXXX,COGINT,2,2024,2.92
GLOBAL,PWRCOGMEXXX,COGINT,2,2025,2.92
GLOBAL,PWRCOGMEXXX,COGINT,2,2026,2.92
GLOBAL,PWRCOGMEXXX,COGINT,2,2027,2.92
GLOBAL,PWRCOGMEXXX,COGINT,2,2028,2.92
GLOBAL,PWRCOGMEXXX,COGINT,2,2029,2.92
GLOBAL,PWRCOGMEXXX,COGINT,2,2030,2.92
GLOBAL,PWRCOGMEXXX,COGINT,2,2031,2.92
GLOBAL,PWRCOGMEXXX,COGINT,2,2032,2.92
GLOBAL,PWRCOGMEXXX,COGINT,2,2033,2.92
GLOBAL,PWRCOGMEXXX,COGINT,2,2034,2.92
GLOBAL,PWRCOGMEXXX,COGINT,2,2035,2.92
GLOBAL,PWRCOGMEXXX,COGINT,2,2036,2.92
GLOBAL,PWRCOGMEXXX,COGINT,2,2037,2.92
GLOBAL,PWRCOGMEXXX,COGINT,2,2038,2.92
GLOBAL,PWRCOGMEXXX,COGINT,2,2039,2.92
GLOBAL,PWRCOGMEXXX,COGINT,2,2040,2.92
GLOBAL,PWRCOGMEXXX,COGINT,2,2041,2.92
GLOBAL,PWRCOGMEXXX,COGINT,2,2042,2.92
GLOBAL,PWRCOGMEXXX,COGINT,2,2043,2.92
GLOBAL,PWRCOGMEXXX,COGINT,2,2044,2.92
GLOBAL,PWRCOGMEXXX,COGINT,2,2045,2.92
GLOBAL,PWRCOGMEXXX,COGINT,2,2046,2.92
GLOBAL,PWRCOGMEXXX,COGINT,2,2047,2.92
GLOBAL,PWRCOGMEXXX,COGINT,2,2048,2.92
GLOBAL,PWRCOGMEXXX,COGINT,2,2049,2.92
GLOBAL,PWRCOGMEXXX,COGINT,2,2050,2.92
GLOBAL,PWRCOGMEXXX,COGMEX,1,2023,2.92
GLOBAL,PWRCOGMEXXX,COGMEX,1,2024,2.92
GLOBAL,PWRCOGMEXXX,COGMEX,1,2025,2.92
GLOBAL,PWRCOGMEXXX,COGMEX,1,2026,2.92
GLOBAL,PWRCOGMEXXX,COGMEX,1,2027,2.92
GLOBAL,PWRCOGMEXXX,COGMEX,1,2028,2.92
GLOBAL,PWRCOGMEXXX,COGMEX,1,2029,2.92
GLOBAL,PWRCOGMEXXX,COGMEX,1,2030,2.92
GLOBAL,PWRCOGMEXXX,COGMEX,1,2031,2.92
GLOBAL,PWRCOGMEXXX,COGMEX,1,2032,2.92
GLOBAL,PWRCOGMEXXX,COGMEX,1,2033,2.92
GLOBAL,PWRCOGMEXXX,COGMEX,1,2034,2.92
GLOBAL,PWRCOGMEXXX,COGMEX,1,2035,2.92
GLOBAL,PWRCOGMEXXX,COGMEX,1,2036,2.92
GLOBAL,PWRCOGMEXXX,COGMEX,1,2037,2.92
GLOBAL,PWRCOGMEXXX,COGMEX,1,2038,2.92
GLOBAL,PWRCOGMEXXX,COGMEX,1,2039,2.92
GLOBAL,PWRCOGMEXXX,COGMEX,1,2040,2.92
GLOBAL,PWRCOGMEXXX,COGMEX,1,2041,2.92
GLOBAL,PWRCOGMEXXX,COGMEX,1,2042,2.92
GLOBAL,PWRCOGMEXXX,COGMEX,1,2043,2.92
GLOBAL,PWRCOGMEXXX,COGMEX,1,2044,2.92
GLOBAL,PWRCOGMEXXX,COGMEX,1,2045,2.92
GLOBAL,PWRCOGMEXXX,COGMEX,1,2046,2.92
GLOBAL,PWRCOGMEXXX,COGMEX,1,2047,2.92
GLOBAL,PWRCOGMEXXX,COGMEX,1,2048,2.92
GLOBAL,PWRCOGMEXXX,COGMEX,1,2049,2.92
GLOBAL,PWRCOGMEXXX,COGMEX,1,2050,2.92
GLOBAL,PWRCOGNICXX,COGINT,2,2023,2.92
GLOBAL,PWRCOGNICXX,COGINT,2,2024,2.92
GLOBAL,PWRCOGNICXX,COGINT,2,2025,2.92
GLOBAL,PWRCOGNICXX,COGINT,2,2026,2.92
GLOBAL,PWRCOGNICXX,COGINT,2,2027,2.92
GLOBAL,PWRCOGNICXX,COGINT,2,2028,2.92
GLOBAL,PWRCOGNICXX,COGINT,2,2029,2.92
GLOBAL,PWRCOGNICXX,COGINT,2,2030,2.92
GLOBAL,PWRCOGNICXX,COGINT,2,2031,2.92
GLOBAL,PWRCOGNICXX,COGINT,2,2032,2.92
GLOBAL,PWRCOGNICXX,COGINT,2,2033,2.92
GLOBAL,PWRCOGNICXX,COGINT,2,2034,2.92
GLOBAL,PWRCOGNICXX,COGINT,2,2035,2.92
GLOBAL,PWRCOGNICXX,COGINT,2,2036,2.92
GLOBAL,PWRCOGNICXX,COGINT,2,2037,2.92
GLOBAL,PWRCOGNICXX,COGINT,2,2038,2.92
GLOBAL,PWRCOGNICXX,COGINT,2,2039,2.92
GLOBAL,PWRCOGNICXX,COGINT,2,2040,2.92
GLOBAL,PWRCOGNICXX,COGINT,2,2041,2.92
GLOBAL,PWRCOGNICXX,COGINT,2,2042,2.92
GLOBAL,PWRCOGNICXX,COGINT,2,2043,2.92
GLOBAL,PWRCOGNICXX,COGINT,2,2044,2.92
GLOBAL,PWRCOGNICXX,COGINT,2,2045,2.92
GLOBAL,PWRCOGNICXX,COGINT,2,2046,2.92
GLOBAL,PWRCOGNICXX,COGINT,2,2047,2.92
GLOBAL,PWRCOGNICXX,COGINT,2,2048,2.92
GLOBAL,PWRCOGNICXX,COGINT,2,2049,2.92
GLOBAL,PWRCOGNICXX,COGINT,2,2050,2.92
GLOBAL,PWRCOGNICXX,COGNIC,1,2023,2.92
GLOBAL,PWRCOGNICXX,COGNIC,1,2024,2.92
GLOBAL,PWRCOGNICXX,COGNIC,1,2025,2.92
GLOBAL,PWRCOGNICXX,COGNIC,1,2026,2.92
GLOBAL,PWRCOGNICXX,COGNIC,1,2027,2.92
GLOBAL,PWRCOGNICXX,COGNIC,1,2028,2.92
GLOBAL,PWRCOGNICXX,COGNIC,1,2029,2.92
GLOBAL,PWRCOGNICXX,COGNIC,1,2030,2.92
GLOBAL,PWRCOGNICXX,COGNIC,1,2031,2.92
GLOBAL,PWRCOGNICXX,COGNIC,1,2032,2.92
GLOBAL,PWRCOGNICXX,COGNIC,1,2033,2.92
GLOBAL,PWRCOGNICXX,COGNIC,1,2034,2.92
GLOBAL,PWRCOGNICXX,COGNIC,1,2035,2.92
GLOBAL,PWRCOGNICXX,COGNIC,1,2036,2.92
GLOBAL,PWRCOGNICXX,COGNIC,1,2037,2.92
GLOBAL,PWRCOGNICXX,COGNIC,1,2038,2.92
GLOBAL,PWRCOGNICXX,COGNIC,1,2039,2.92
GLOBAL,PWRCOGNICXX,COGNIC,1,2040,2.92
GLOBAL,PWRCOGNICXX,COGNIC,1,2041,2.92
GLOBAL,PWRCOGNICXX,COGNIC,1,2042,2.92
GLOBAL,PWRCOGNICXX,COGNIC,1,2043,2.92
GLOBAL,PWRCOGNICXX,COGNIC,1,2044,2.92
GLOBAL,PWRCOGNICXX,COGNIC,1,2045,2.92
GLOBAL,PWRCOGNICXX,COGNIC,1,2046,2.92
GLOBAL,PWRCOGNICXX,COGNIC,1,2047,2.92
GLOBAL,PWRCOGNICXX,COGNIC,1,2048,2.92
GLOBAL,PWRCOGNICXX,COGNIC,1,2049,2.92
GLOBAL,PWRCOGNICXX,COGNIC,1,2050,2.92
GLOBAL,PWRCOGPANXX,COGINT,2,2023,2.92
GLOBAL,PWRCOGPANXX,COGINT,2,2024,2.92
GLOBAL,PWRCOGPANXX,COGINT,2,2025,2.92
GLOBAL,PWRCOGPANXX,COGINT,2,2026,2.92
GLOBAL,PWRCOGPANXX,COGINT,2,2027,2.92
GLOBAL,PWRCOGPANXX,COGINT,2,2028,2.92
GLOBAL,PWRCOGPANXX,COGINT,2,2029,2.92
GLOBAL,PWRCOGPANXX,COGINT,2,2030,2.92
GLOBAL,PWRCOGPANXX,COGINT,2,2031,2.92
GLOBAL,PWRCOGPANXX,COGINT,2,2032,2.92
GLOBAL,PWRCOGPANXX,COGINT,2,2033,2.92
GLOBAL,PWRCOGPANXX,COGINT,2,2034,2.92
GLOBAL,PWRCOGPANXX,COGINT,2,2035,2.92
GLOBAL,PWRCOGPANXX,COGINT,2,2036,2.92
GLOBAL,PWRCOGPANXX,COGINT,2,2037,2.92
GLOBAL,PWRCOGPANXX,COGINT,2,2038,2.92
GLOBAL,PWRCOGPANXX,COGINT,2,2039,2.92
GLOBAL,PWRCOGPANXX,COGINT,2,2040,2.92
GLOBAL,PWRCOGPANXX,COGINT,2,2041,2.92
GLOBAL,PWRCOGPANXX,COGINT,2,2042,2.92
GLOBAL,PWRCOGPANXX,COGINT,2,2043,2.92
GLOBAL,PWRCOGPANXX,COGINT,2,2044,2.92
GLOBAL,PWRCOGPANXX,COGINT,2,2045,2.92
GLOBAL,PWRCOGPANXX,COGINT,2,2046,2.92
GLOBAL,PWRCOGPANXX,COGINT,2,2047,2.92
GLOBAL,PWRCOGPANXX,COGINT,2,2048,2.92
GLOBAL,PWRCOGPANXX,COGINT,2,2049,2.92
GLOBAL,PWRCOGPANXX,COGINT,2,2050,2.92
GLOBAL,PWRCOGPANXX,COGPAN,1,2023,2.92
GLOBAL,PWRCOGPANXX,COGPAN,1,2024,2.92
GLOBAL,PWRCOGPANXX,COGPAN,1,2025,2.92
GLOBAL,PWRCOGPANXX,COGPAN,1,2026,2.92
GLOBAL,PWRCOGPANXX,COGPAN,1,2027,2.92
GLOBAL,PWRCOGPANXX,COGPAN,1,2028,2.92
GLOBAL,PWRCOGPANXX,COGPAN,1,2029,2.92
GLOBAL,PWRCOGPANXX,COGPAN,1,2030,2.92
GLOBAL,PWRCOGPANXX,COGPAN,1,2031,2.92
GLOBAL,PWRCOGPANXX,COGPAN,1,2032,2.92
GLOBAL,PWRCOGPANXX,COGPAN,1,2033,2.92
GLOBAL,PWRCOGPANXX,COGPAN,1,2034,2.92
GLOBAL,PWRCOGPANXX,COGPAN,1,2035,2.92
GLOBAL,PWRCOGPANXX,COGPAN,1,2036,2.92
GLOBAL,PWRCOGPANXX,COGPAN,1,2037,2.92
GLOBAL,PWRCOGPANXX,COGPAN,1,2038,2.92
GLOBAL,PWRCOGPANXX,COGPAN,1,2039,2.92
GLOBAL,PWRCOGPANXX,COGPAN,1,2040,2.92
GLOBAL,PWRCOGPANXX,COGPAN,1,2041,2.92
GLOBAL,PWRCOGPANXX,COGPAN,1,2042,2.92
GLOBAL,PWRCOGPANXX,COGPAN,1,2043,2.92
GLOBAL,PWRCOGPANXX,COGPAN,1,2044,2.92
GLOBAL,PWRCOGPANXX,COGPAN,1,2045,2.92
GLOBAL,PWRCOGPANXX,COGPAN,1,2046,2.92
GLOBAL,PWRCOGPANXX,COGPAN,1,2047,2.92
GLOBAL,PWRCOGPANXX,COGPAN,1,2048,2.92
GLOBAL,PWRCOGPANXX,COGPAN,1,2049,2.92
GLOBAL,PWRCOGPANXX,COGPAN,1,2050,2.92
GLOBAL,PWRCOGPERXX,COGINT,2,2023,2.92
GLOBAL,PWRCOGPERXX,COGINT,2,2024,2.92
GLOBAL,PWRCOGPERXX,COGINT,2,2025,2.92
GLOBAL,PWRCOGPERXX,COGINT,2,2026,2.92
GLOBAL,PWRCOGPERXX,COGINT,2,2027,2.92
GLOBAL,PWRCOGPERXX,COGINT,2,2028,2.92
GLOBAL,PWRCOGPERXX,COGINT,2,2029,2.92
GLOBAL,PWRCOGPERXX,COGINT,2,2030,2.92
GLOBAL,PWRCOGPERXX,COGINT,2,2031,2.92
GLOBAL,PWRCOGPERXX,COGINT,2,2032,2.92
GLOBAL,PWRCOGPERXX,COGINT,2,2033,2.92
GLOBAL,PWRCOGPERXX,COGINT,2,2034,2.92
GLOBAL,PWRCOGPERXX,COGINT,2,2035,2.92
GLOBAL,PWRCOGPERXX,COGINT,2,2036,2.92
GLOBAL,PWRCOGPERXX,COGINT,2,2037,2.92
GLOBAL,PWRCOGPERXX,COGINT,2,2038,2.92
GLOBAL,PWRCOGPERXX,COGINT,2,2039,2.92
GLOBAL,PWRCOGPERXX,COGINT,2,2040,2.92
GLOBAL,PWRCOGPERXX,COGINT,2,2041,2.92
GLOBAL,PWRCOGPERXX,COGINT,2,2042,2.92
GLOBAL,PWRCOGPERXX,COGINT,2,2043,2.92
GLOBAL,PWRCOGPERXX,COGINT,2,2044,2.92
GLOBAL,PWRCOGPERXX,COGINT,2,2045,2.92
GLOBAL,PWRCOGPERXX,COGINT,2,2046,2.92
GLOBAL,PWRCOGPERXX,COGINT,2,2047,2.92
GLOBAL,PWRCOGPERXX,COGINT,2,2048,2.92
GLOBAL,PWRCOGPERXX,COGINT,2,2049,2.92
GLOBAL,PWRCOGPERXX,COGINT,2,2050,2.92
GLOBAL,PWRCOGPERXX,COGPER,1,2023,2.92
GLOBAL,PWRCOGPERXX,COGPER,1,2024,2.92
GLOBAL,PWRCOGPERXX,COGPER,1,2025,2.92
GLOBAL,PWRCOGPERXX,COGPER,1,2026,2.92
GLOBAL,PWRCOGPERXX,COGPER,1,2027,2.92
GLOBAL,PWRCOGPERXX,COGPER,1,2028,2.92
GLOBAL,PWRCOGPERXX,COGPER,1,2029,2.92
GLOBAL,PWRCOGPERXX,COGPER,1,2030,2.92
GLOBAL,PWRCOGPERXX,COGPER,1,2031,2.92
GLOBAL,PWRCOGPERXX,COGPER,1,2032,2.92
GLOBAL,PWRCOGPERXX,COGPER,1,2033,2.92
GLOBAL,PWRCOGPERXX,COGPER,1,2034,2.92
GLOBAL,PWRCOGPERXX,COGPER,1,2035,2.92
GLOBAL,PWRCOGPERXX,COGPER,1,2036,2.92
GLOBAL,PWRCOGPERXX,COGPER,1,2037,2.92
GLOBAL,PWRCOGPERXX,COGPER,1,2038,2.92
GLOBAL,PWRCOGPERXX,COGPER,1,2039,2.92
GLOBAL,PWRCOGPERXX,COGPER,1,2040,2.92
GLOBAL,PWRCOGPERXX,COGPER,1,2041,2.92
GLOBAL,PWRCOGPERXX,COGPER,1,2042,2.92
GLOBAL,PWRCOGPERXX,COGPER,1,2043,2.92
GLOBAL,PWRCOGPERXX,COGPER,1,2044,2.92
GLOBAL,PWRCOGPERXX,COGPER,1,2045,2.92
GLOBAL,PWRCOGPERXX,COGPER,1,2046,2.92
GLOBAL,PWRCOGPERXX,COGPER,1,2047,2.92
GLOBAL,PWRCOGPERXX,COGPER,1,2048,2.92
GLOBAL,PWRCOGPERXX,COGPER,1,2049,2.92
GLOBAL,PWRCOGPERXX,COGPER,1,2050,2.92
GLOBAL,PWRCOGPRYXX,COGINT,2,2023,2.92
GLOBAL,PWRCOGPRYXX,COGINT,2,2024,2.92
GLOBAL,PWRCOGPRYXX,COGINT,2,2025,2.92
GLOBAL,PWRCOGPRYXX,COGINT,2,2026,2.92
GLOBAL,PWRCOGPRYXX,COGINT,2,2027,2.92
GLOBAL,PWRCOGPRYXX,COGINT,2,2028,2.92
GLOBAL,PWRCOGPRYXX,COGINT,2,2029,2.92
GLOBAL,PWRCOGPRYXX,COGINT,2,2030,2.92
GLOBAL,PWRCOGPRYXX,COGINT,2,2031,2.92
GLOBAL,PWRCOGPRYXX,COGINT,2,2032,2.92
GLOBAL,PWRCOGPRYXX,COGINT,2,2033,2.92
GLOBAL,PWRCOGPRYXX,COGINT,2,2034,2.92
GLOBAL,PWRCOGPRYXX,COGINT,2,2035,2.92
GLOBAL,PWRCOGPRYXX,COGINT,2,2036,2.92
GLOBAL,PWRCOGPRYXX,COGINT,2,2037,2.92
GLOBAL,PWRCOGPRYXX,COGINT,2,2038,2.92
GLOBAL,PWRCOGPRYXX,COGINT,2,2039,2.92
GLOBAL,PWRCOGPRYXX,COGINT,2,2040,2.92
GLOBAL,PWRCOGPRYXX,COGINT,2,2041,2.92
GLOBAL,PWRCOGPRYXX,COGINT,2,2042,2.92
GLOBAL,PWRCOGPRYXX,COGINT,2,2043,2.92
GLOBAL,PWRCOGPRYXX,COGINT,2,2044,2.92
GLOBAL,PWRCOGPRYXX,COGINT,2,2045,2.92
GLOBAL,PWRCOGPRYXX,COGINT,2,2046,2.92
GLOBAL,PWRCOGPRYXX,COGINT,2,2047,2.92
GLOBAL,PWRCOGPRYXX,COGINT,2,2048,2.92
GLOBAL,PWRCOGPRYXX,COGINT,2,2049,2.92
GLOBAL,PWRCOGPRYXX,COGINT,2,2050,2.92
GLOBAL,PWRCOGPRYXX,COGPRY,1,2023,2.92
GLOBAL,PWRCOGPRYXX,COGPRY,1,2024,2.92
GLOBAL,PWRCOGPRYXX,COGPRY,1,2025,2.92
GLOBAL,PWRCOGPRYXX,COGPRY,1,2026,2.92
GLOBAL,PWRCOGPRYXX,COGPRY,1,2027,2.92
GLOBAL,PWRCOGPRYXX,COGPRY,1,2028,2.92
GLOBAL,PWRCOGPRYXX,COGPRY,1,2029,2.92
GLOBAL,PWRCOGPRYXX,COGPRY,1,2030,2.92
GLOBAL,PWRCOGPRYXX,COGPRY,1,2031,2.92
GLOBAL,PWRCOGPRYXX,COGPRY,1,2032,2.92
GLOBAL,PWRCOGPRYXX,COGPRY,1,2033,2.92
GLOBAL,PWRCOGPRYXX,COGPRY,1,2034,2.92
GLOBAL,PWRCOGPRYXX,COGPRY,1,2035,2.92
GLOBAL,PWRCOGPRYXX,COGPRY,1,2036,2.92
GLOBAL,PWRCOGPRYXX,COGPRY,1,2037,2.92
GLOBAL,PWRCOGPRYXX,COGPRY,1,2038,2.92
GLOBAL,PWRCOGPRYXX,COGPRY,1,2039,2.92
GLOBAL,PWRCOGPRYXX,COGPRY,1,2040,2.92
GLOBAL,PWRCOGPRYXX,COGPRY,1,2041,2.92
GLOBAL,PWRCOGPRYXX,COGPRY,1,2042,2.92
GLOBAL,PWRCOGPRYXX,COGPRY,1,2043,2.92
GLOBAL,PWRCOGPRYXX,COGPRY,1,2044,2.92
GLOBAL,PWRCOGPRYXX,COGPRY,1,2045,2.92
GLOBAL,PWRCOGPRYXX,COGPRY,1,2046,2.92
GLOBAL,PWRCOGPRYXX,COGPRY,1,2047,2.92
GLOBAL,PWRCOGPRYXX,COGPRY,1,2048,2.92
GLOBAL,PWRCOGPRYXX,COGPRY,1,2049,2.92
GLOBAL,PWRCOGPRYXX,COGPRY,1,2050,2.92
GLOBAL,PWRCOGSLVXX,COGINT,2,2023,2.92
GLOBAL,PWRCOGSLVXX,COGINT,2,2024,2.92
GLOBAL,PWRCOGSLVXX,COGINT,2,2025,2.92
GLOBAL,PWRCOGSLVXX,COGINT,2,2026,2.92
GLOBAL,PWRCOGSLVXX,COGINT,2,2027,2.92
GLOBAL,PWRCOGSLVXX,COGINT,2,2028,2.92
GLOBAL,PWRCOGSLVXX,COGINT,2,2029,2.92
GLOBAL,PWRCOGSLVXX,COGINT,2,2030,2.92
GLOBAL,PWRCOGSLVXX,COGINT,2,2031,2.92
GLOBAL,PWRCOGSLVXX,COGINT,2,2032,2.92
GLOBAL,PWRCOGSLVXX,COGINT,2,2033,2.92
GLOBAL,PWRCOGSLVXX,COGINT,2,2034,2.92
GLOBAL,PWRCOGSLVXX,COGINT,2,2035,2.92
GLOBAL,PWRCOGSLVXX,COGINT,2,2036,2.92
GLOBAL,PWRCOGSLVXX,COGINT,2,2037,2.92
GLOBAL,PWRCOGSLVXX,COGINT,2,2038,2.92
GLOBAL,PWRCOGSLVXX,COGINT,2,2039,2.92
GLOBAL,PWRCOGSLVXX,COGINT,2,2040,2.92
GLOBAL,PWRCOGSLVXX,COGINT,2,2041,2.92
GLOBAL,PWRCOGSLVXX,COGINT,2,2042,2.92
GLOBAL,PWRCOGSLVXX,COGINT,2,2043,2.92
GLOBAL,PWRCOGSLVXX,COGINT,2,2044,2.92
GLOBAL,PWRCOGSLVXX,COGINT,2,2045,2.92
GLOBAL,PWRCOGSLVXX,COGINT,2,2046,2.92
GLOBAL,PWRCOGSLVXX,COGINT,2,2047,2.92
GLOBAL,PWRCOGSLVXX,COGINT,2,2048,2.92
GLOBAL,PWRCOGSLVXX,COGINT,2,2049,2.92
GLOBAL,PWRCOGSLVXX,COGINT,2,2050,2.92
GLOBAL,PWRCOGSLVXX,COGSLV,1,2023,2.92
GLOBAL,PWRCOGSLVXX,COGSLV,1,2024,2.92
GLOBAL,PWRCOGSLVXX,COGSLV,1,2025,2.92
GLOBAL,PWRCOGSLVXX,COGSLV,1,2026,2.92
GLOBAL,PWRCOGSLVXX,COGSLV,1,2027,2.92
GLOBAL,PWRCOGSLVXX,COGSLV,1,2028,2.92
GLOBAL,PWRCOGSLVXX,COGSLV,1,2029,2.92
GLOBAL,PWRCOGSLVXX,COGSLV,1,2030,2.92
GLOBAL,PWRCOGSLVXX,COGSLV,1,2031,2.92
GLOBAL,PWRCOGSLVXX,COGSLV,1,2032,2.92
GLOBAL,PWRCOGSLVXX,COGSLV,1,2033,2.92
GLOBAL,PWRCOGSLVXX,COGSLV,1,2034,2.92
GLOBAL,PWRCOGSLVXX,COGSLV,1,2035,2.92
GLOBAL,PWRCOGSLVXX,COGSLV,1,2036,2.92
GLOBAL,PWRCOGSLVXX,COGSLV,1,2037,2.92
GLOBAL,PWRCOGSLVXX,COGSLV,1,2038,2.92
GLOBAL,PWRCOGSLVXX,COGSLV,1,2039,2.92
GLOBAL,PWRCOGSLVXX,COGSLV,1,2040,2.92
GLOBAL,PWRCOGSLVXX,COGSLV,1,2041,2.92
GLOBAL,PWRCOGSLVXX,COGSLV,1,2042,2.92
GLOBAL,PWRCOGSLVXX,COGSLV,1,2043,2.92
GLOBAL,PWRCOGSLVXX,COGSLV,1,2044,2.92
GLOBAL,PWRCOGSLVXX,COGSLV,1,2045,2.92
GLOBAL,PWRCOGSLVXX,COGSLV,1,2046,2.92
GLOBAL,PWRCOGSLVXX,COGSLV,1,2047,2.92
GLOBAL,PWRCOGSLVXX,COGSLV,1,2048,2.92
GLOBAL,PWRCOGSLVXX,COGSLV,1,2049,2.92
GLOBAL,PWRCOGSLVXX,COGSLV,1,2050,2.92
GLOBAL,PWRCOGURYXX,COGINT,2,2023,2.92
GLOBAL,PWRCOGURYXX,COGINT,2,2024,2.92
GLOBAL,PWRCOGURYXX,COGINT,2,2025,2.92
GLOBAL,PWRCOGURYXX,COGINT,2,2026,2.92
GLOBAL,PWRCOGURYXX,COGINT,2,2027,2.92
GLOBAL,PWRCOGURYXX,COGINT,2,2028,2.92
GLOBAL,PWRCOGURYXX,COGINT,2,2029,2.92
GLOBAL,PWRCOGURYXX,COGINT,2,2030,2.92
GLOBAL,PWRCOGURYXX,COGINT,2,2031,2.92
GLOBAL,PWRCOGURYXX,COGINT,2,2032,2.92
GLOBAL,PWRCOGURYXX,COGINT,2,2033,2.92
GLOBAL,PWRCOGURYXX,COGINT,2,2034,2.92
GLOBAL,PWRCOGURYXX,COGINT,2,2035,2.92
GLOBAL,PWRCOGURYXX,COGINT,2,2036,2.92
GLOBAL,PWRCOGURYXX,COGINT,2,2037,2.92
GLOBAL,PWRCOGURYXX,COGINT,2,2038,2.92
GLOBAL,PWRCOGURYXX,COGINT,2,2039,2.92
GLOBAL,PWRCOGURYXX,COGINT,2,2040,2.92
GLOBAL,PWRCOGURYXX,COGINT,2,2041,2.92
GLOBAL,PWRCOGURYXX,COGINT,2,2042,2.92
GLOBAL,PWRCOGURYXX,COGINT,2,2043,2.92
GLOBAL,PWRCOGURYXX,COGINT,2,2044,2.92
GLOBAL,PWRCOGURYXX,COGINT,2,2045,2.92
GLOBAL,PWRCOGURYXX,COGINT,2,2046,2.92
GLOBAL,PWRCOGURYXX,COGINT,2,2047,2.92
GLOBAL,PWRCOGURYXX,COGINT,2,2048,2.92
GLOBAL,PWRCOGURYXX,COGINT,2,2049,2.92
GLOBAL,PWRCOGURYXX,COGINT,2,2050,2.92
GLOBAL,PWRCOGURYXX,COGURY,1,2023,2.92
GLOBAL,PWRCOGURYXX,COGURY,1,2024,2.92
GLOBAL,PWRCOGURYXX,COGURY,1,2025,2.92
GLOBAL,PWRCOGURYXX,COGURY,1,2026,2.92
GLOBAL,PWRCOGURYXX,COGURY,1,2027,2.92
GLOBAL,PWRCOGURYXX,COGURY,1,2028,2.92
GLOBAL,PWRCOGURYXX,COGURY,1,2029,2.92
GLOBAL,PWRCOGURYXX,COGURY,1,2030,2.92
GLOBAL,PWRCOGURYXX,COGURY,1,2031,2.92
GLOBAL,PWRCOGURYXX,COGURY,1,2032,2.92
GLOBAL,PWRCOGURYXX,COGURY,1,2033,2.92
GLOBAL,PWRCOGURYXX,COGURY,1,2034,2.92
GLOBAL,PWRCOGURYXX,COGURY,1,2035,2.92
GLOBAL,PWRCOGURYXX,COGURY,1,2036,2.92
GLOBAL,PWRCOGURYXX,COGURY,1,2037,2.92
GLOBAL,PWRCOGURYXX,COGURY,1,2038,2.92
GLOBAL,PWRCOGURYXX,COGURY,1,2039,2.92
GLOBAL,PWRCOGURYXX,COGURY,1,2040,2.92
GLOBAL,PWRCOGURYXX,COGURY,1,2041,2.92
GLOBAL,PWRCOGURYXX,COGURY,1,2042,2.92
GLOBAL,PWRCOGURYXX,COGURY,1,2043,2.92
GLOBAL,PWRCOGURYXX,COGURY,1,2044,2.92
GLOBAL,PWRCOGURYXX,COGURY,1,2045,2.92
GLOBAL,PWRCOGURYXX,COGURY,1,2046,2.92
GLOBAL,PWRCOGURYXX,COGURY,1,2047,2.92
GLOBAL,PWRCOGURYXX,COGURY,1,2048,2.92
GLOBAL,PWRCOGURYXX,COGURY,1,2049,2.92
GLOBAL,PWRCOGURYXX,COGURY,1,2050,2.92
GLOBAL,PWRCSPARGXX,CSPARGXX,1,2023,1.0
GLOBAL,PWRCSPARGXX,CSPARGXX,1,2024,1.0
GLOBAL,PWRCSPARGXX,CSPARGXX,1,2025,1.0
GLOBAL,PWRCSPARGXX,CSPARGXX,1,2026,1.0
GLOBAL,PWRCSPARGXX,CSPARGXX,1,2027,1.0
GLOBAL,PWRCSPARGXX,CSPARGXX,1,2028,1.0
GLOBAL,PWRCSPARGXX,CSPARGXX,1,2029,1.0
GLOBAL,PWRCSPARGXX,CSPARGXX,1,2030,1.0
GLOBAL,PWRCSPARGXX,CSPARGXX,1,2031,1.0
GLOBAL,PWRCSPARGXX,CSPARGXX,1,2032,1.0
GLOBAL,PWRCSPARGXX,CSPARGXX,1,2033,1.0
GLOBAL,PWRCSPARGXX,CSPARGXX,1,2034,1.0
GLOBAL,PWRCSPARGXX,CSPARGXX,1,2035,1.0
GLOBAL,PWRCSPARGXX,CSPARGXX,1,2036,1.0
GLOBAL,PWRCSPARGXX,CSPARGXX,1,2037,1.0
GLOBAL,PWRCSPARGXX,CSPARGXX,1,2038,1.0
GLOBAL,PWRCSPARGXX,CSPARGXX,1,2039,1.0
GLOBAL,PWRCSPARGXX,CSPARGXX,1,2040,1.0
GLOBAL,PWRCSPARGXX,CSPARGXX,1,2041,1.0
GLOBAL,PWRCSPARGXX,CSPARGXX,1,2042,1.0
GLOBAL,PWRCSPARGXX,CSPARGXX,1,2043,1.0
GLOBAL,PWRCSPARGXX,CSPARGXX,1,2044,1.0
GLOBAL,PWRCSPARGXX,CSPARGXX,1,2045,1.0
GLOBAL,PWRCSPARGXX,CSPARGXX,1,2046,1.0
GLOBAL,PWRCSPARGXX,CSPARGXX,1,2047,1.0
GLOBAL,PWRCSPARGXX,CSPARGXX,1,2048,1.0
GLOBAL,PWRCSPARGXX,CSPARGXX,1,2049,1.0
GLOBAL,PWRCSPARGXX,CSPARGXX,1,2050,1.0
GLOBAL,PWRCSPBOLXX,CSPBOLXX,1,2023,1.0
GLOBAL,PWRCSPBOLXX,CSPBOLXX,1,2024,1.0
GLOBAL,PWRCSPBOLXX,CSPBOLXX,1,2025,1.0
GLOBAL,PWRCSPBOLXX,CSPBOLXX,1,2026,1.0
GLOBAL,PWRCSPBOLXX,CSPBOLXX,1,2027,1.0
GLOBAL,PWRCSPBOLXX,CSPBOLXX,1,2028,1.0
GLOBAL,PWRCSPBOLXX,CSPBOLXX,1,2029,1.0
GLOBAL,PWRCSPBOLXX,CSPBOLXX,1,2030,1.0
GLOBAL,PWRCSPBOLXX,CSPBOLXX,1,2031,1.0
GLOBAL,PWRCSPBOLXX,CSPBOLXX,1,2032,1.0
GLOBAL,PWRCSPBOLXX,CSPBOLXX,1,2033,1.0
GLOBAL,PWRCSPBOLXX,CSPBOLXX,1,2034,1.0
GLOBAL,PWRCSPBOLXX,CSPBOLXX,1,2035,1.0
GLOBAL,PWRCSPBOLXX,CSPBOLXX,1,2036,1.0
GLOBAL,PWRCSPBOLXX,CSPBOLXX,1,2037,1.0
GLOBAL,PWRCSPBOLXX,CSPBOLXX,1,2038,1.0
GLOBAL,PWRCSPBOLXX,CSPBOLXX,1,2039,1.0
GLOBAL,PWRCSPBOLXX,CSPBOLXX,1,2040,1.0
GLOBAL,PWRCSPBOLXX,CSPBOLXX,1,2041,1.0
GLOBAL,PWRCSPBOLXX,CSPBOLXX,1,2042,1.0
GLOBAL,PWRCSPBOLXX,CSPBOLXX,1,2043,1.0
GLOBAL,PWRCSPBOLXX,CSPBOLXX,1,2044,1.0
GLOBAL,PWRCSPBOLXX,CSPBOLXX,1,2045,1.0
GLOBAL,PWRCSPBOLXX,CSPBOLXX,1,2046,1.0
GLOBAL,PWRCSPBOLXX,CSPBOLXX,1,2047,1.0
GLOBAL,PWRCSPBOLXX,CSPBOLXX,1,2048,1.0
GLOBAL,PWRCSPBOLXX,CSPBOLXX,1,2049,1.0
GLOBAL,PWRCSPBOLXX,CSPBOLXX,1,2050,1.0
GLOBAL,PWRCSPBRAXX,CSPBRAXX,1,2023,1.0
GLOBAL,PWRCSPBRAXX,CSPBRAXX,1,2024,1.0
GLOBAL,PWRCSPBRAXX,CSPBRAXX,1,2025,1.0
GLOBAL,PWRCSPBRAXX,CSPBRAXX,1,2026,1.0
GLOBAL,PWRCSPBRAXX,CSPBRAXX,1,2027,1.0
GLOBAL,PWRCSPBRAXX,CSPBRAXX,1,2028,1.0
GLOBAL,PWRCSPBRAXX,CSPBRAXX,1,2029,1.0
GLOBAL,PWRCSPBRAXX,CSPBRAXX,1,2030,1.0
GLOBAL,PWRCSPBRAXX,CSPBRAXX,1,2031,1.0
GLOBAL,PWRCSPBRAXX,CSPBRAXX,1,2032,1.0
GLOBAL,PWRCSPBRAXX,CSPBRAXX,1,2033,1.0
GLOBAL,PWRCSPBRAXX,CSPBRAXX,1,2034,1.0
GLOBAL,PWRCSPBRAXX,CSPBRAXX,1,2035,1.0
GLOBAL,PWRCSPBRAXX,CSPBRAXX,1,2036,1.0
GLOBAL,PWRCSPBRAXX,CSPBRAXX,1,2037,1.0
GLOBAL,PWRCSPBRAXX,CSPBRAXX,1,2038,1.0
GLOBAL,PWRCSPBRAXX,CSPBRAXX,1,2039,1.0
GLOBAL,PWRCSPBRAXX,CSPBRAXX,1,2040,1.0
GLOBAL,PWRCSPBRAXX,CSPBRAXX,1,2041,1.0
GLOBAL,PWRCSPBRAXX,CSPBRAXX,1,2042,1.0
GLOBAL,PWRCSPBRAXX,CSPBRAXX,1,2043,1.0
GLOBAL,PWRCSPBRAXX,CSPBRAXX,1,2044,1.0
GLOBAL,PWRCSPBRAXX,CSPBRAXX,1,2045,1.0
GLOBAL,PWRCSPBRAXX,CSPBRAXX,1,2046,1.0
GLOBAL,PWRCSPBRAXX,CSPBRAXX,1,2047,1.0
GLOBAL,PWRCSPBRAXX,CSPBRAXX,1,2048,1.0
GLOBAL,PWRCSPBRAXX,CSPBRAXX,1,2049,1.0
GLOBAL,PWRCSPBRAXX,CSPBRAXX,1,2050,1.0
GLOBAL,PWRCSPBRBXX,CSPBRBXX,1,2023,1.0
GLOBAL,PWRCSPBRBXX,CSPBRBXX,1,2024,1.0
GLOBAL,PWRCSPBRBXX,CSPBRBXX,1,2025,1.0
GLOBAL,PWRCSPBRBXX,CSPBRBXX,1,2026,1.0
GLOBAL,PWRCSPBRBXX,CSPBRBXX,1,2027,1.0
GLOBAL,PWRCSPBRBXX,CSPBRBXX,1,2028,1.0
GLOBAL,PWRCSPBRBXX,CSPBRBXX,1,2029,1.0
GLOBAL,PWRCSPBRBXX,CSPBRBXX,1,2030,1.0
GLOBAL,PWRCSPBRBXX,CSPBRBXX,1,2031,1.0
GLOBAL,PWRCSPBRBXX,CSPBRBXX,1,2032,1.0
GLOBAL,PWRCSPBRBXX,CSPBRBXX,1,2033,1.0
GLOBAL,PWRCSPBRBXX,CSPBRBXX,1,2034,1.0
GLOBAL,PWRCSPBRBXX,CSPBRBXX,1,2035,1.0
GLOBAL,PWRCSPBRBXX,CSPBRBXX,1,2036,1.0
GLOBAL,PWRCSPBRBXX,CSPBRBXX,1,2037,1.0
GLOBAL,PWRCSPBRBXX,CSPBRBXX,1,2038,1.0
GLOBAL,PWRCSPBRBXX,CSPBRBXX,1,2039,1.0
GLOBAL,PWRCSPBRBXX,CSPBRBXX,1,2040,1.0
GLOBAL,PWRCSPBRBXX,CSPBRBXX,1,2041,1.0
GLOBAL,PWRCSPBRBXX,CSPBRBXX,1,2042,1.0
GLOBAL,PWRCSPBRBXX,CSPBRBXX,1,2043,1.0
GLOBAL,PWRCSPBRBXX,CSPBRBXX,1,2044,1.0
GLOBAL,PWRCSPBRBXX,CSPBRBXX,1,2045,1.0
GLOBAL,PWRCSPBRBXX,CSPBRBXX,1,2046,1.0
GLOBAL,PWRCSPBRBXX,CSPBRBXX,1,2047,1.0
GLOBAL,PWRCSPBRBXX,CSPBRBXX,1,2048,1.0
GLOBAL,PWRCSPBRBXX,CSPBRBXX,1,2049,1.0
GLOBAL,PWRCSPBRBXX,CSPBRBXX,1,2050,1.0
GLOBAL,PWRCSPCHLXX,CSPCHLXX,1,2023,1.0
GLOBAL,PWRCSPCHLXX,CSPCHLXX,1,2024,1.0
GLOBAL,PWRCSPCHLXX,CSPCHLXX,1,2025,1.0
GLOBAL,PWRCSPCHLXX,CSPCHLXX,1,2026,1.0
GLOBAL,PWRCSPCHLXX,CSPCHLXX,1,2027,1.0
GLOBAL,PWRCSPCHLXX,CSPCHLXX,1,2028,1.0
GLOBAL,PWRCSPCHLXX,CSPCHLXX,1,2029,1.0
GLOBAL,PWRCSPCHLXX,CSPCHLXX,1,2030,1.0
GLOBAL,PWRCSPCHLXX,CSPCHLXX,1,2031,1.0
GLOBAL,PWRCSPCHLXX,CSPCHLXX,1,2032,1.0
GLOBAL,PWRCSPCHLXX,CSPCHLXX,1,2033,1.0
GLOBAL,PWRCSPCHLXX,CSPCHLXX,1,2034,1.0
GLOBAL,PWRCSPCHLXX,CSPCHLXX,1,2035,1.0
GLOBAL,PWRCSPCHLXX,CSPCHLXX,1,2036,1.0
GLOBAL,PWRCSPCHLXX,CSPCHLXX,1,2037,1.0
GLOBAL,PWRCSPCHLXX,CSPCHLXX,1,2038,1.0
GLOBAL,PWRCSPCHLXX,CSPCHLXX,1,2039,1.0
GLOBAL,PWRCSPCHLXX,CSPCHLXX,1,2040,1.0
GLOBAL,PWRCSPCHLXX,CSPCHLXX,1,2041,1.0
GLOBAL,PWRCSPCHLXX,CSPCHLXX,1,2042,1.0
GLOBAL,PWRCSPCHLXX,CSPCHLXX,1,2043,1.0
GLOBAL,PWRCSPCHLXX,CSPCHLXX,1,2044,1.0
GLOBAL,PWRCSPCHLXX,CSPCHLXX,1,2045,1.0
GLOBAL,PWRCSPCHLXX,CSPCHLXX,1,2046,1.0
GLOBAL,PWRCSPCHLXX,CSPCHLXX,1,2047,1.0
GLOBAL,PWRCSPCHLXX,CSPCHLXX,1,2048,1.0
GLOBAL,PWRCSPCHLXX,CSPCHLXX,1,2049,1.0
GLOBAL,PWRCSPCHLXX,CSPCHLXX,1,2050,1.0
GLOBAL,PWRCSPCOLXX,CSPCOLXX,1,2023,1.0
GLOBAL,PWRCSPCOLXX,CSPCOLXX,1,2024,1.0
GLOBAL,PWRCSPCOLXX,CSPCOLXX,1,2025,1.0
GLOBAL,PWRCSPCOLXX,CSPCOLXX,1,2026,1.0
GLOBAL,PWRCSPCOLXX,CSPCOLXX,1,2027,1.0
GLOBAL,PWRCSPCOLXX,CSPCOLXX,1,2028,1.0
GLOBAL,PWRCSPCOLXX,CSPCOLXX,1,2029,1.0
GLOBAL,PWRCSPCOLXX,CSPCOLXX,1,2030,1.0
GLOBAL,PWRCSPCOLXX,CSPCOLXX,1,2031,1.0
GLOBAL,PWRCSPCOLXX,CSPCOLXX,1,2032,1.0
GLOBAL,PWRCSPCOLXX,CSPCOLXX,1,2033,1.0
GLOBAL,PWRCSPCOLXX,CSPCOLXX,1,2034,1.0
GLOBAL,PWRCSPCOLXX,CSPCOLXX,1,2035,1.0
GLOBAL,PWRCSPCOLXX,CSPCOLXX,1,2036,1.0
GLOBAL,PWRCSPCOLXX,CSPCOLXX,1,2037,1.0
GLOBAL,PWRCSPCOLXX,CSPCOLXX,1,2038,1.0
GLOBAL,PWRCSPCOLXX,CSPCOLXX,1,2039,1.0
GLOBAL,PWRCSPCOLXX,CSPCOLXX,1,2040,1.0
GLOBAL,PWRCSPCOLXX,CSPCOLXX,1,2041,1.0
GLOBAL,PWRCSPCOLXX,CSPCOLXX,1,2042,1.0
GLOBAL,PWRCSPCOLXX,CSPCOLXX,1,2043,1.0
GLOBAL,PWRCSPCOLXX,CSPCOLXX,1,2044,1.0
GLOBAL,PWRCSPCOLXX,CSPCOLXX,1,2045,1.0
GLOBAL,PWRCSPCOLXX,CSPCOLXX,1,2046,1.0
GLOBAL,PWRCSPCOLXX,CSPCOLXX,1,2047,1.0
GLOBAL,PWRCSPCOLXX,CSPCOLXX,1,2048,1.0
GLOBAL,PWRCSPCOLXX,CSPCOLXX,1,2049,1.0
GLOBAL,PWRCSPCOLXX,CSPCOLXX,1,2050,1.0
GLOBAL,PWRCSPCRIXX,CSPCRIXX,1,2023,1.0
GLOBAL,PWRCSPCRIXX,CSPCRIXX,1,2024,1.0
GLOBAL,PWRCSPCRIXX,CSPCRIXX,1,2025,1.0
GLOBAL,PWRCSPCRIXX,CSPCRIXX,1,2026,1.0
GLOBAL,PWRCSPCRIXX,CSPCRIXX,1,2027,1.0
GLOBAL,PWRCSPCRIXX,CSPCRIXX,1,2028,1.0
GLOBAL,PWRCSPCRIXX,CSPCRIXX,1,2029,1.0
GLOBAL,PWRCSPCRIXX,CSPCRIXX,1,2030,1.0
GLOBAL,PWRCSPCRIXX,CSPCRIXX,1,2031,1.0
GLOBAL,PWRCSPCRIXX,CSPCRIXX,1,2032,1.0
GLOBAL,PWRCSPCRIXX,CSPCRIXX,1,2033,1.0
GLOBAL,PWRCSPCRIXX,CSPCRIXX,1,2034,1.0
GLOBAL,PWRCSPCRIXX,CSPCRIXX,1,2035,1.0
GLOBAL,PWRCSPCRIXX,CSPCRIXX,1,2036,1.0
GLOBAL,PWRCSPCRIXX,CSPCRIXX,1,2037,1.0
GLOBAL,PWRCSPCRIXX,CSPCRIXX,1,2038,1.0
GLOBAL,PWRCSPCRIXX,CSPCRIXX,1,2039,1.0
GLOBAL,PWRCSPCRIXX,CSPCRIXX,1,2040,1.0
GLOBAL,PWRCSPCRIXX,CSPCRIXX,1,2041,1.0
GLOBAL,PWRCSPCRIXX,CSPCRIXX,1,2042,1.0
GLOBAL,PWRCSPCRIXX,CSPCRIXX,1,2043,1.0
GLOBAL,PWRCSPCRIXX,CSPCRIXX,1,2044,1.0
GLOBAL,PWRCSPCRIXX,CSPCRIXX,1,2045,1.0
GLOBAL,PWRCSPCRIXX,CSPCRIXX,1,2046,1.0
GLOBAL,PWRCSPCRIXX,CSPCRIXX,1,2047,1.0
GLOBAL,PWRCSPCRIXX,CSPCRIXX,1,2048,1.0
GLOBAL,PWRCSPCRIXX,CSPCRIXX,1,2049,1.0
GLOBAL,PWRCSPCRIXX,CSPCRIXX,1,2050,1.0
GLOBAL,PWRCSPDOMXX,CSPDOMXX,1,2023,1.0
GLOBAL,PWRCSPDOMXX,CSPDOMXX,1,2024,1.0
GLOBAL,PWRCSPDOMXX,CSPDOMXX,1,2025,1.0
GLOBAL,PWRCSPDOMXX,CSPDOMXX,1,2026,1.0
GLOBAL,PWRCSPDOMXX,CSPDOMXX,1,2027,1.0
GLOBAL,PWRCSPDOMXX,CSPDOMXX,1,2028,1.0
GLOBAL,PWRCSPDOMXX,CSPDOMXX,1,2029,1.0
GLOBAL,PWRCSPDOMXX,CSPDOMXX,1,2030,1.0
GLOBAL,PWRCSPDOMXX,CSPDOMXX,1,2031,1.0
GLOBAL,PWRCSPDOMXX,CSPDOMXX,1,2032,1.0
GLOBAL,PWRCSPDOMXX,CSPDOMXX,1,2033,1.0
GLOBAL,PWRCSPDOMXX,CSPDOMXX,1,2034,1.0
GLOBAL,PWRCSPDOMXX,CSPDOMXX,1,2035,1.0
GLOBAL,PWRCSPDOMXX,CSPDOMXX,1,2036,1.0
GLOBAL,PWRCSPDOMXX,CSPDOMXX,1,2037,1.0
GLOBAL,PWRCSPDOMXX,CSPDOMXX,1,2038,1.0
GLOBAL,PWRCSPDOMXX,CSPDOMXX,1,2039,1.0
GLOBAL,PWRCSPDOMXX,CSPDOMXX,1,2040,1.0
GLOBAL,PWRCSPDOMXX,CSPDOMXX,1,2041,1.0
GLOBAL,PWRCSPDOMXX,CSPDOMXX,1,2042,1.0
GLOBAL,PWRCSPDOMXX,CSPDOMXX,1,2043,1.0
GLOBAL,PWRCSPDOMXX,CSPDOMXX,1,2044,1.0
GLOBAL,PWRCSPDOMXX,CSPDOMXX,1,2045,1.0
GLOBAL,PWRCSPDOMXX,CSPDOMXX,1,2046,1.0
GLOBAL,PWRCSPDOMXX,CSPDOMXX,1,2047,1.0
GLOBAL,PWRCSPDOMXX,CSPDOMXX,1,2048,1.0
GLOBAL,PWRCSPDOMXX,CSPDOMXX,1,2049,1.0
GLOBAL,PWRCSPDOMXX,CSPDOMXX,1,2050,1.0
GLOBAL,PWRCSPECUXX,CSPECUXX,1,2023,1.0
GLOBAL,PWRCSPECUXX,CSPECUXX,1,2024,1.0
GLOBAL,PWRCSPECUXX,CSPECUXX,1,2025,1.0
GLOBAL,PWRCSPECUXX,CSPECUXX,1,2026,1.0
GLOBAL,PWRCSPECUXX,CSPECUXX,1,2027,1.0
GLOBAL,PWRCSPECUXX,CSPECUXX,1,2028,1.0
GLOBAL,PWRCSPECUXX,CSPECUXX,1,2029,1.0
GLOBAL,PWRCSPECUXX,CSPECUXX,1,2030,1.0
GLOBAL,PWRCSPECUXX,CSPECUXX,1,2031,1.0
GLOBAL,PWRCSPECUXX,CSPECUXX,1,2032,1.0
GLOBAL,PWRCSPECUXX,CSPECUXX,1,2033,1.0
GLOBAL,PWRCSPECUXX,CSPECUXX,1,2034,1.0
GLOBAL,PWRCSPECUXX,CSPECUXX,1,2035,1.0
GLOBAL,PWRCSPECUXX,CSPECUXX,1,2036,1.0
GLOBAL,PWRCSPECUXX,CSPECUXX,1,2037,1.0
GLOBAL,PWRCSPECUXX,CSPECUXX,1,2038,1.0
GLOBAL,PWRCSPECUXX,CSPECUXX,1,2039,1.0
GLOBAL,PWRCSPECUXX,CSPECUXX,1,2040,1.0
GLOBAL,PWRCSPECUXX,CSPECUXX,1,2041,1.0
GLOBAL,PWRCSPECUXX,CSPECUXX,1,2042,1.0
GLOBAL,PWRCSPECUXX,CSPECUXX,1,2043,1.0
GLOBAL,PWRCSPECUXX,CSPECUXX,1,2044,1.0
GLOBAL,PWRCSPECUXX,CSPECUXX,1,2045,1.0
GLOBAL,PWRCSPECUXX,CSPECUXX,1,2046,1.0
GLOBAL,PWRCSPECUXX,CSPECUXX,1,2047,1.0
GLOBAL,PWRCSPECUXX,CSPECUXX,1,2048,1.0
GLOBAL,PWRCSPECUXX,CSPECUXX,1,2049,1.0
GLOBAL,PWRCSPECUXX,CSPECUXX,1,2050,1.0
GLOBAL,PWRCSPGTMXX,CSPGTMXX,1,2023,1.0
GLOBAL,PWRCSPGTMXX,CSPGTMXX,1,2024,1.0
GLOBAL,PWRCSPGTMXX,CSPGTMXX,1,2025,1.0
GLOBAL,PWRCSPGTMXX,CSPGTMXX,1,2026,1.0
GLOBAL,PWRCSPGTMXX,CSPGTMXX,1,2027,1.0
GLOBAL,PWRCSPGTMXX,CSPGTMXX,1,2028,1.0
GLOBAL,PWRCSPGTMXX,CSPGTMXX,1,2029,1.0
GLOBAL,PWRCSPGTMXX,CSPGTMXX,1,2030,1.0
GLOBAL,PWRCSPGTMXX,CSPGTMXX,1,2031,1.0
GLOBAL,PWRCSPGTMXX,CSPGTMXX,1,2032,1.0
GLOBAL,PWRCSPGTMXX,CSPGTMXX,1,2033,1.0
GLOBAL,PWRCSPGTMXX,CSPGTMXX,1,2034,1.0
GLOBAL,PWRCSPGTMXX,CSPGTMXX,1,2035,1.0
GLOBAL,PWRCSPGTMXX,CSPGTMXX,1,2036,1.0
GLOBAL,PWRCSPGTMXX,CSPGTMXX,1,2037,1.0
GLOBAL,PWRCSPGTMXX,CSPGTMXX,1,2038,1.0
GLOBAL,PWRCSPGTMXX,CSPGTMXX,1,2039,1.0
GLOBAL,PWRCSPGTMXX,CSPGTMXX,1,2040,1.0
GLOBAL,PWRCSPGTMXX,CSPGTMXX,1,2041,1.0
GLOBAL,PWRCSPGTMXX,CSPGTMXX,1,2042,1.0
GLOBAL,PWRCSPGTMXX,CSPGTMXX,1,2043,1.0
GLOBAL,PWRCSPGTMXX,CSPGTMXX,1,2044,1.0
GLOBAL,PWRCSPGTMXX,CSPGTMXX,1,2045,1.0
GLOBAL,PWRCSPGTMXX,CSPGTMXX,1,2046,1.0
GLOBAL,PWRCSPGTMXX,CSPGTMXX,1,2047,1.0
GLOBAL,PWRCSPGTMXX,CSPGTMXX,1,2048,1.0
GLOBAL,PWRCSPGTMXX,CSPGTMXX,1,2049,1.0
GLOBAL,PWRCSPGTMXX,CSPGTMXX,1,2050,1.0
GLOBAL,PWRCSPHNDXX,CSPHNDXX,1,2023,1.0
GLOBAL,PWRCSPHNDXX,CSPHNDXX,1,2024,1.0
GLOBAL,PWRCSPHNDXX,CSPHNDXX,1,2025,1.0
GLOBAL,PWRCSPHNDXX,CSPHNDXX,1,2026,1.0
GLOBAL,PWRCSPHNDXX,CSPHNDXX,1,2027,1.0
GLOBAL,PWRCSPHNDXX,CSPHNDXX,1,2028,1.0
GLOBAL,PWRCSPHNDXX,CSPHNDXX,1,2029,1.0
GLOBAL,PWRCSPHNDXX,CSPHNDXX,1,2030,1.0
GLOBAL,PWRCSPHNDXX,CSPHNDXX,1,2031,1.0
GLOBAL,PWRCSPHNDXX,CSPHNDXX,1,2032,1.0
GLOBAL,PWRCSPHNDXX,CSPHNDXX,1,2033,1.0
GLOBAL,PWRCSPHNDXX,CSPHNDXX,1,2034,1.0
GLOBAL,PWRCSPHNDXX,CSPHNDXX,1,2035,1.0
GLOBAL,PWRCSPHNDXX,CSPHNDXX,1,2036,1.0
GLOBAL,PWRCSPHNDXX,CSPHNDXX,1,2037,1.0
GLOBAL,PWRCSPHNDXX,CSPHNDXX,1,2038,1.0
GLOBAL,PWRCSPHNDXX,CSPHNDXX,1,2039,1.0
GLOBAL,PWRCSPHNDXX,CSPHNDXX,1,2040,1.0
GLOBAL,PWRCSPHNDXX,CSPHNDXX,1,2041,1.0
GLOBAL,PWRCSPHNDXX,CSPHNDXX,1,2042,1.0
GLOBAL,PWRCSPHNDXX,CSPHNDXX,1,2043,1.0
GLOBAL,PWRCSPHNDXX,CSPHNDXX,1,2044,1.0
GLOBAL,PWRCSPHNDXX,CSPHNDXX,1,2045,1.0
GLOBAL,PWRCSPHNDXX,CSPHNDXX,1,2046,1.0
GLOBAL,PWRCSPHNDXX,CSPHNDXX,1,2047,1.0
GLOBAL,PWRCSPHNDXX,CSPHNDXX,1,2048,1.0
GLOBAL,PWRCSPHNDXX,CSPHNDXX,1,2049,1.0
GLOBAL,PWRCSPHNDXX,CSPHNDXX,1,2050,1.0
GLOBAL,PWRCSPHTIXX,CSPHTIXX,1,2023,1.0
GLOBAL,PWRCSPHTIXX,CSPHTIXX,1,2024,1.0
GLOBAL,PWRCSPHTIXX,CSPHTIXX,1,2025,1.0
GLOBAL,PWRCSPHTIXX,CSPHTIXX,1,2026,1.0
GLOBAL,PWRCSPHTIXX,CSPHTIXX,1,2027,1.0
GLOBAL,PWRCSPHTIXX,CSPHTIXX,1,2028,1.0
GLOBAL,PWRCSPHTIXX,CSPHTIXX,1,2029,1.0
GLOBAL,PWRCSPHTIXX,CSPHTIXX,1,2030,1.0
GLOBAL,PWRCSPHTIXX,CSPHTIXX,1,2031,1.0
GLOBAL,PWRCSPHTIXX,CSPHTIXX,1,2032,1.0
GLOBAL,PWRCSPHTIXX,CSPHTIXX,1,2033,1.0
GLOBAL,PWRCSPHTIXX,CSPHTIXX,1,2034,1.0
GLOBAL,PWRCSPHTIXX,CSPHTIXX,1,2035,1.0
GLOBAL,PWRCSPHTIXX,CSPHTIXX,1,2036,1.0
GLOBAL,PWRCSPHTIXX,CSPHTIXX,1,2037,1.0
GLOBAL,PWRCSPHTIXX,CSPHTIXX,1,2038,1.0
GLOBAL,PWRCSPHTIXX,CSPHTIXX,1,2039,1.0
GLOBAL,PWRCSPHTIXX,CSPHTIXX,1,2040,1.0
GLOBAL,PWRCSPHTIXX,CSPHTIXX,1,2041,1.0
GLOBAL,PWRCSPHTIXX,CSPHTIXX,1,2042,1.0
GLOBAL,PWRCSPHTIXX,CSPHTIXX,1,2043,1.0
GLOBAL,PWRCSPHTIXX,CSPHTIXX,1,2044,1.0
GLOBAL,PWRCSPHTIXX,CSPHTIXX,1,2045,1.0
GLOBAL,PWRCSPHTIXX,CSPHTIXX,1,2046,1.0
GLOBAL,PWRCSPHTIXX,CSPHTIXX,1,2047,1.0
GLOBAL,PWRCSPHTIXX,CSPHTIXX,1,2048,1.0
GLOBAL,PWRCSPHTIXX,CSPHTIXX,1,2049,1.0
GLOBAL,PWRCSPHTIXX,CSPHTIXX,1,2050,1.0
GLOBAL,PWRCSPMEXXX,CSPMEXXX,1,2023,1.0
GLOBAL,PWRCSPMEXXX,CSPMEXXX,1,2024,1.0
GLOBAL,PWRCSPMEXXX,CSPMEXXX,1,2025,1.0
GLOBAL,PWRCSPMEXXX,CSPMEXXX,1,2026,1.0
GLOBAL,PWRCSPMEXXX,CSPMEXXX,1,2027,1.0
GLOBAL,PWRCSPMEXXX,CSPMEXXX,1,2028,1.0
GLOBAL,PWRCSPMEXXX,CSPMEXXX,1,2029,1.0
GLOBAL,PWRCSPMEXXX,CSPMEXXX,1,2030,1.0
GLOBAL,PWRCSPMEXXX,CSPMEXXX,1,2031,1.0
GLOBAL,PWRCSPMEXXX,CSPMEXXX,1,2032,1.0
GLOBAL,PWRCSPMEXXX,CSPMEXXX,1,2033,1.0
GLOBAL,PWRCSPMEXXX,CSPMEXXX,1,2034,1.0
GLOBAL,PWRCSPMEXXX,CSPMEXXX,1,2035,1.0
GLOBAL,PWRCSPMEXXX,CSPMEXXX,1,2036,1.0
GLOBAL,PWRCSPMEXXX,CSPMEXXX,1,2037,1.0
GLOBAL,PWRCSPMEXXX,CSPMEXXX,1,2038,1.0
GLOBAL,PWRCSPMEXXX,CSPMEXXX,1,2039,1.0
GLOBAL,PWRCSPMEXXX,CSPMEXXX,1,2040,1.0
GLOBAL,PWRCSPMEXXX,CSPMEXXX,1,2041,1.0
GLOBAL,PWRCSPMEXXX,CSPMEXXX,1,2042,1.0
GLOBAL,PWRCSPMEXXX,CSPMEXXX,1,2043,1.0
GLOBAL,PWRCSPMEXXX,CSPMEXXX,1,2044,1.0
GLOBAL,PWRCSPMEXXX,CSPMEXXX,1,2045,1.0
GLOBAL,PWRCSPMEXXX,CSPMEXXX,1,2046,1.0
GLOBAL,PWRCSPMEXXX,CSPMEXXX,1,2047,1.0
GLOBAL,PWRCSPMEXXX,CSPMEXXX,1,2048,1.0
GLOBAL,PWRCSPMEXXX,CSPMEXXX,1,2049,1.0
GLOBAL,PWRCSPMEXXX,CSPMEXXX,1,2050,1.0
GLOBAL,PWRCSPNICXX,CSPNICXX,1,2023,1.0
GLOBAL,PWRCSPNICXX,CSPNICXX,1,2024,1.0
GLOBAL,PWRCSPNICXX,CSPNICXX,1,2025,1.0
GLOBAL,PWRCSPNICXX,CSPNICXX,1,2026,1.0
GLOBAL,PWRCSPNICXX,CSPNICXX,1,2027,1.0
GLOBAL,PWRCSPNICXX,CSPNICXX,1,2028,1.0
GLOBAL,PWRCSPNICXX,CSPNICXX,1,2029,1.0
GLOBAL,PWRCSPNICXX,CSPNICXX,1,2030,1.0
GLOBAL,PWRCSPNICXX,CSPNICXX,1,2031,1.0
GLOBAL,PWRCSPNICXX,CSPNICXX,1,2032,1.0
GLOBAL,PWRCSPNICXX,CSPNICXX,1,2033,1.0
GLOBAL,PWRCSPNICXX,CSPNICXX,1,2034,1.0
GLOBAL,PWRCSPNICXX,CSPNICXX,1,2035,1.0
GLOBAL,PWRCSPNICXX,CSPNICXX,1,2036,1.0
GLOBAL,PWRCSPNICXX,CSPNICXX,1,2037,1.0
GLOBAL,PWRCSPNICXX,CSPNICXX,1,2038,1.0
GLOBAL,PWRCSPNICXX,CSPNICXX,1,2039,1.0
GLOBAL,PWRCSPNICXX,CSPNICXX,1,2040,1.0
GLOBAL,PWRCSPNICXX,CSPNICXX,1,2041,1.0
GLOBAL,PWRCSPNICXX,CSPNICXX,1,2042,1.0
GLOBAL,PWRCSPNICXX,CSPNICXX,1,2043,1.0
GLOBAL,PWRCSPNICXX,CSPNICXX,1,2044,1.0
GLOBAL,PWRCSPNICXX,CSPNICXX,1,2045,1.0
GLOBAL,PWRCSPNICXX,CSPNICXX,1,2046,1.0
GLOBAL,PWRCSPNICXX,CSPNICXX,1,2047,1.0
GLOBAL,PWRCSPNICXX,CSPNICXX,1,2048,1.0
GLOBAL,PWRCSPNICXX,CSPNICXX,1,2049,1.0
GLOBAL,PWRCSPNICXX,CSPNICXX,1,2050,1.0
GLOBAL,PWRCSPPANXX,CSPPANXX,1,2023,1.0
GLOBAL,PWRCSPPANXX,CSPPANXX,1,2024,1.0
GLOBAL,PWRCSPPANXX,CSPPANXX,1,2025,1.0
GLOBAL,PWRCSPPANXX,CSPPANXX,1,2026,1.0
GLOBAL,PWRCSPPANXX,CSPPANXX,1,2027,1.0
GLOBAL,PWRCSPPANXX,CSPPANXX,1,2028,1.0
GLOBAL,PWRCSPPANXX,CSPPANXX,1,2029,1.0
GLOBAL,PWRCSPPANXX,CSPPANXX,1,2030,1.0
GLOBAL,PWRCSPPANXX,CSPPANXX,1,2031,1.0
GLOBAL,PWRCSPPANXX,CSPPANXX,1,2032,1.0
GLOBAL,PWRCSPPANXX,CSPPANXX,1,2033,1.0
GLOBAL,PWRCSPPANXX,CSPPANXX,1,2034,1.0
GLOBAL,PWRCSPPANXX,CSPPANXX,1,2035,1.0
GLOBAL,PWRCSPPANXX,CSPPANXX,1,2036,1.0
GLOBAL,PWRCSPPANXX,CSPPANXX,1,2037,1.0
GLOBAL,PWRCSPPANXX,CSPPANXX,1,2038,1.0
GLOBAL,PWRCSPPANXX,CSPPANXX,1,2039,1.0
GLOBAL,PWRCSPPANXX,CSPPANXX,1,2040,1.0
GLOBAL,PWRCSPPANXX,CSPPANXX,1,2041,1.0
GLOBAL,PWRCSPPANXX,CSPPANXX,1,2042,1.0
GLOBAL,PWRCSPPANXX,CSPPANXX,1,2043,1.0
GLOBAL,PWRCSPPANXX,CSPPANXX,1,2044,1.0
GLOBAL,PWRCSPPANXX,CSPPANXX,1,2045,1.0
GLOBAL,PWRCSPPANXX,CSPPANXX,1,2046,1.0
GLOBAL,PWRCSPPANXX,CSPPANXX,1,2047,1.0
GLOBAL,PWRCSPPANXX,CSPPANXX,1,2048,1.0
GLOBAL,PWRCSPPANXX,CSPPANXX,1,2049,1.0
GLOBAL,PWRCSPPANXX,CSPPANXX,1,2050,1.0
GLOBAL,PWRCSPPERXX,CSPPERXX,1,2023,1.0
GLOBAL,PWRCSPPERXX,CSPPERXX,1,2024,1.0
GLOBAL,PWRCSPPERXX,CSPPERXX,1,2025,1.0
GLOBAL,PWRCSPPERXX,CSPPERXX,1,2026,1.0
GLOBAL,PWRCSPPERXX,CSPPERXX,1,2027,1.0
GLOBAL,PWRCSPPERXX,CSPPERXX,1,2028,1.0
GLOBAL,PWRCSPPERXX,CSPPERXX,1,2029,1.0
GLOBAL,PWRCSPPERXX,CSPPERXX,1,2030,1.0
GLOBAL,PWRCSPPERXX,CSPPERXX,1,2031,1.0
GLOBAL,PWRCSPPERXX,CSPPERXX,1,2032,1.0
GLOBAL,PWRCSPPERXX,CSPPERXX,1,2033,1.0
GLOBAL,PWRCSPPERXX,CSPPERXX,1,2034,1.0
GLOBAL,PWRCSPPERXX,CSPPERXX,1,2035,1.0
GLOBAL,PWRCSPPERXX,CSPPERXX,1,2036,1.0
GLOBAL,PWRCSPPERXX,CSPPERXX,1,2037,1.0
GLOBAL,PWRCSPPERXX,CSPPERXX,1,2038,1.0
GLOBAL,PWRCSPPERXX,CSPPERXX,1,2039,1.0
GLOBAL,PWRCSPPERXX,CSPPERXX,1,2040,1.0
GLOBAL,PWRCSPPERXX,CSPPERXX,1,2041,1.0
GLOBAL,PWRCSPPERXX,CSPPERXX,1,2042,1.0
GLOBAL,PWRCSPPERXX,CSPPERXX,1,2043,1.0
GLOBAL,PWRCSPPERXX,CSPPERXX,1,2044,1.0
GLOBAL,PWRCSPPERXX,CSPPERXX,1,2045,1.0
GLOBAL,PWRCSPPERXX,CSPPERXX,1,2046,1.0
GLOBAL,PWRCSPPERXX,CSPPERXX,1,2047,1.0
GLOBAL,PWRCSPPERXX,CSPPERXX,1,2048,1.0
GLOBAL,PWRCSPPERXX,CSPPERXX,1,2049,1.0
GLOBAL,PWRCSPPERXX,CSPPERXX,1,2050,1.0
GLOBAL,PWRCSPPRYXX,CSPPRYXX,1,2023,1.0
GLOBAL,PWRCSPPRYXX,CSPPRYXX,1,2024,1.0
GLOBAL,PWRCSPPRYXX,CSPPRYXX,1,2025,1.0
GLOBAL,PWRCSPPRYXX,CSPPRYXX,1,2026,1.0
GLOBAL,PWRCSPPRYXX,CSPPRYXX,1,2027,1.0
GLOBAL,PWRCSPPRYXX,CSPPRYXX,1,2028,1.0
GLOBAL,PWRCSPPRYXX,CSPPRYXX,1,2029,1.0
GLOBAL,PWRCSPPRYXX,CSPPRYXX,1,2030,1.0
GLOBAL,PWRCSPPRYXX,CSPPRYXX,1,2031,1.0
GLOBAL,PWRCSPPRYXX,CSPPRYXX,1,2032,1.0
GLOBAL,PWRCSPPRYXX,CSPPRYXX,1,2033,1.0
GLOBAL,PWRCSPPRYXX,CSPPRYXX,1,2034,1.0
GLOBAL,PWRCSPPRYXX,CSPPRYXX,1,2035,1.0
GLOBAL,PWRCSPPRYXX,CSPPRYXX,1,2036,1.0
GLOBAL,PWRCSPPRYXX,CSPPRYXX,1,2037,1.0
GLOBAL,PWRCSPPRYXX,CSPPRYXX,1,2038,1.0
GLOBAL,PWRCSPPRYXX,CSPPRYXX,1,2039,1.0
GLOBAL,PWRCSPPRYXX,CSPPRYXX,1,2040,1.0
GLOBAL,PWRCSPPRYXX,CSPPRYXX,1,2041,1.0
GLOBAL,PWRCSPPRYXX,CSPPRYXX,1,2042,1.0
GLOBAL,PWRCSPPRYXX,CSPPRYXX,1,2043,1.0
GLOBAL,PWRCSPPRYXX,CSPPRYXX,1,2044,1.0
GLOBAL,PWRCSPPRYXX,CSPPRYXX,1,2045,1.0
GLOBAL,PWRCSPPRYXX,CSPPRYXX,1,2046,1.0
GLOBAL,PWRCSPPRYXX,CSPPRYXX,1,2047,1.0
GLOBAL,PWRCSPPRYXX,CSPPRYXX,1,2048,1.0
GLOBAL,PWRCSPPRYXX,CSPPRYXX,1,2049,1.0
GLOBAL,PWRCSPPRYXX,CSPPRYXX,1,2050,1.0
GLOBAL,PWRCSPSLVXX,CSPSLVXX,1,2023,1.0
GLOBAL,PWRCSPSLVXX,CSPSLVXX,1,2024,1.0
GLOBAL,PWRCSPSLVXX,CSPSLVXX,1,2025,1.0
GLOBAL,PWRCSPSLVXX,CSPSLVXX,1,2026,1.0
GLOBAL,PWRCSPSLVXX,CSPSLVXX,1,2027,1.0
GLOBAL,PWRCSPSLVXX,CSPSLVXX,1,2028,1.0
GLOBAL,PWRCSPSLVXX,CSPSLVXX,1,2029,1.0
GLOBAL,PWRCSPSLVXX,CSPSLVXX,1,2030,1.0
GLOBAL,PWRCSPSLVXX,CSPSLVXX,1,2031,1.0
GLOBAL,PWRCSPSLVXX,CSPSLVXX,1,2032,1.0
GLOBAL,PWRCSPSLVXX,CSPSLVXX,1,2033,1.0
GLOBAL,PWRCSPSLVXX,CSPSLVXX,1,2034,1.0
GLOBAL,PWRCSPSLVXX,CSPSLVXX,1,2035,1.0
GLOBAL,PWRCSPSLVXX,CSPSLVXX,1,2036,1.0
GLOBAL,PWRCSPSLVXX,CSPSLVXX,1,2037,1.0
GLOBAL,PWRCSPSLVXX,CSPSLVXX,1,2038,1.0
GLOBAL,PWRCSPSLVXX,CSPSLVXX,1,2039,1.0
GLOBAL,PWRCSPSLVXX,CSPSLVXX,1,2040,1.0
GLOBAL,PWRCSPSLVXX,CSPSLVXX,1,2041,1.0
GLOBAL,PWRCSPSLVXX,CSPSLVXX,1,2042,1.0
GLOBAL,PWRCSPSLVXX,CSPSLVXX,1,2043,1.0
GLOBAL,PWRCSPSLVXX,CSPSLVXX,1,2044,1.0
GLOBAL,PWRCSPSLVXX,CSPSLVXX,1,2045,1.0
GLOBAL,PWRCSPSLVXX,CSPSLVXX,1,2046,1.0
GLOBAL,PWRCSPSLVXX,CSPSLVXX,1,2047,1.0
GLOBAL,PWRCSPSLVXX,CSPSLVXX,1,2048,1.0
GLOBAL,PWRCSPSLVXX,CSPSLVXX,1,2049,1.0
GLOBAL,PWRCSPSLVXX,CSPSLVXX,1,2050,1.0
GLOBAL,PWRCSPURYXX,CSPURYXX,1,2023,1.0
GLOBAL,PWRCSPURYXX,CSPURYXX,1,2024,1.0
GLOBAL,PWRCSPURYXX,CSPURYXX,1,2025,1.0
GLOBAL,PWRCSPURYXX,CSPURYXX,1,2026,1.0
GLOBAL,PWRCSPURYXX,CSPURYXX,1,2027,1.0
GLOBAL,PWRCSPURYXX,CSPURYXX,1,2028,1.0
GLOBAL,PWRCSPURYXX,CSPURYXX,1,2029,1.0
GLOBAL,PWRCSPURYXX,CSPURYXX,1,2030,1.0
GLOBAL,PWRCSPURYXX,CSPURYXX,1,2031,1.0
GLOBAL,PWRCSPURYXX,CSPURYXX,1,2032,1.0
GLOBAL,PWRCSPURYXX,CSPURYXX,1,2033,1.0
GLOBAL,PWRCSPURYXX,CSPURYXX,1,2034,1.0
GLOBAL,PWRCSPURYXX,CSPURYXX,1,2035,1.0
GLOBAL,PWRCSPURYXX,CSPURYXX,1,2036,1.0
GLOBAL,PWRCSPURYXX,CSPURYXX,1,2037,1.0
GLOBAL,PWRCSPURYXX,CSPURYXX,1,2038,1.0
GLOBAL,PWRCSPURYXX,CSPURYXX,1,2039,1.0
GLOBAL,PWRCSPURYXX,CSPURYXX,1,2040,1.0
GLOBAL,PWRCSPURYXX,CSPURYXX,1,2041,1.0
GLOBAL,PWRCSPURYXX,CSPURYXX,1,2042,1.0
GLOBAL,PWRCSPURYXX,CSPURYXX,1,2043,1.0
GLOBAL,PWRCSPURYXX,CSPURYXX,1,2044,1.0
GLOBAL,PWRCSPURYXX,CSPURYXX,1,2045,1.0
GLOBAL,PWRCSPURYXX,CSPURYXX,1,2046,1.0
GLOBAL,PWRCSPURYXX,CSPURYXX,1,2047,1.0
GLOBAL,PWRCSPURYXX,CSPURYXX,1,2048,1.0
GLOBAL,PWRCSPURYXX,CSPURYXX,1,2049,1.0
GLOBAL,PWRCSPURYXX,CSPURYXX,1,2050,1.0
GLOBAL,PWRGEOARGXX,GEOARGXX,1,2023,1.0
GLOBAL,PWRGEOARGXX,GEOARGXX,1,2024,1.0
GLOBAL,PWRGEOARGXX,GEOARGXX,1,2025,1.0
GLOBAL,PWRGEOARGXX,GEOARGXX,1,2026,1.0
GLOBAL,PWRGEOARGXX,GEOARGXX,1,2027,1.0
GLOBAL,PWRGEOARGXX,GEOARGXX,1,2028,1.0
GLOBAL,PWRGEOARGXX,GEOARGXX,1,2029,1.0
GLOBAL,PWRGEOARGXX,GEOARGXX,1,2030,1.0
GLOBAL,PWRGEOARGXX,GEOARGXX,1,2031,1.0
GLOBAL,PWRGEOARGXX,GEOARGXX,1,2032,1.0
GLOBAL,PWRGEOARGXX,GEOARGXX,1,2033,1.0
GLOBAL,PWRGEOARGXX,GEOARGXX,1,2034,1.0
GLOBAL,PWRGEOARGXX,GEOARGXX,1,2035,1.0
GLOBAL,PWRGEOARGXX,GEOARGXX,1,2036,1.0
GLOBAL,PWRGEOARGXX,GEOARGXX,1,2037,1.0
GLOBAL,PWRGEOARGXX,GEOARGXX,1,2038,1.0
GLOBAL,PWRGEOARGXX,GEOARGXX,1,2039,1.0
GLOBAL,PWRGEOARGXX,GEOARGXX,1,2040,1.0
GLOBAL,PWRGEOARGXX,GEOARGXX,1,2041,1.0
GLOBAL,PWRGEOARGXX,GEOARGXX,1,2042,1.0
GLOBAL,PWRGEOARGXX,GEOARGXX,1,2043,1.0
GLOBAL,PWRGEOARGXX,GEOARGXX,1,2044,1.0
GLOBAL,PWRGEOARGXX,GEOARGXX,1,2045,1.0
GLOBAL,PWRGEOARGXX,GEOARGXX,1,2046,1.0
GLOBAL,PWRGEOARGXX,GEOARGXX,1,2047,1.0
GLOBAL,PWRGEOARGXX,GEOARGXX,1,2048,1.0
GLOBAL,PWRGEOARGXX,GEOARGXX,1,2049,1.0
GLOBAL,PWRGEOARGXX,GEOARGXX,1,2050,1.0
GLOBAL,PWRGEOBOLXX,GEOBOLXX,1,2023,1.0
GLOBAL,PWRGEOBOLXX,GEOBOLXX,1,2024,1.0
GLOBAL,PWRGEOBOLXX,GEOBOLXX,1,2025,1.0
GLOBAL,PWRGEOBOLXX,GEOBOLXX,1,2026,1.0
GLOBAL,PWRGEOBOLXX,GEOBOLXX,1,2027,1.0
GLOBAL,PWRGEOBOLXX,GEOBOLXX,1,2028,1.0
GLOBAL,PWRGEOBOLXX,GEOBOLXX,1,2029,1.0
GLOBAL,PWRGEOBOLXX,GEOBOLXX,1,2030,1.0
GLOBAL,PWRGEOBOLXX,GEOBOLXX,1,2031,1.0
GLOBAL,PWRGEOBOLXX,GEOBOLXX,1,2032,1.0
GLOBAL,PWRGEOBOLXX,GEOBOLXX,1,2033,1.0
GLOBAL,PWRGEOBOLXX,GEOBOLXX,1,2034,1.0
GLOBAL,PWRGEOBOLXX,GEOBOLXX,1,2035,1.0
GLOBAL,PWRGEOBOLXX,GEOBOLXX,1,2036,1.0
GLOBAL,PWRGEOBOLXX,GEOBOLXX,1,2037,1.0
GLOBAL,PWRGEOBOLXX,GEOBOLXX,1,2038,1.0
GLOBAL,PWRGEOBOLXX,GEOBOLXX,1,2039,1.0
GLOBAL,PWRGEOBOLXX,GEOBOLXX,1,2040,1.0
GLOBAL,PWRGEOBOLXX,GEOBOLXX,1,2041,1.0
GLOBAL,PWRGEOBOLXX,GEOBOLXX,1,2042,1.0
GLOBAL,PWRGEOBOLXX,GEOBOLXX,1,2043,1.0
GLOBAL,PWRGEOBOLXX,GEOBOLXX,1,2044,1.0
GLOBAL,PWRGEOBOLXX,GEOBOLXX,1,2045,1.0
GLOBAL,PWRGEOBOLXX,GEOBOLXX,1,2046,1.0
GLOBAL,PWRGEOBOLXX,GEOBOLXX,1,2047,1.0
GLOBAL,PWRGEOBOLXX,GEOBOLXX,1,2048,1.0
GLOBAL,PWRGEOBOLXX,GEOBOLXX,1,2049,1.0
GLOBAL,PWRGEOBOLXX,GEOBOLXX,1,2050,1.0
GLOBAL,PWRGEOBRAXX,GEOBRAXX,1,2023,1.0
GLOBAL,PWRGEOBRAXX,GEOBRAXX,1,2024,1.0
GLOBAL,PWRGEOBRAXX,GEOBRAXX,1,2025,1.0
GLOBAL,PWRGEOBRAXX,GEOBRAXX,1,2026,1.0
GLOBAL,PWRGEOBRAXX,GEOBRAXX,1,2027,1.0
GLOBAL,PWRGEOBRAXX,GEOBRAXX,1,2028,1.0
GLOBAL,PWRGEOBRAXX,GEOBRAXX,1,2029,1.0
GLOBAL,PWRGEOBRAXX,GEOBRAXX,1,2030,1.0
GLOBAL,PWRGEOBRAXX,GEOBRAXX,1,2031,1.0
GLOBAL,PWRGEOBRAXX,GEOBRAXX,1,2032,1.0
GLOBAL,PWRGEOBRAXX,GEOBRAXX,1,2033,1.0
GLOBAL,PWRGEOBRAXX,GEOBRAXX,1,2034,1.0
GLOBAL,PWRGEOBRAXX,GEOBRAXX,1,2035,1.0
GLOBAL,PWRGEOBRAXX,GEOBRAXX,1,2036,1.0
GLOBAL,PWRGEOBRAXX,GEOBRAXX,1,2037,1.0
GLOBAL,PWRGEOBRAXX,GEOBRAXX,1,2038,1.0
GLOBAL,PWRGEOBRAXX,GEOBRAXX,1,2039,1.0
GLOBAL,PWRGEOBRAXX,GEOBRAXX,1,2040,1.0
GLOBAL,PWRGEOBRAXX,GEOBRAXX,1,2041,1.0
GLOBAL,PWRGEOBRAXX,GEOBRAXX,1,2042,1.0
GLOBAL,PWRGEOBRAXX,GEOBRAXX,1,2043,1.0
GLOBAL,PWRGEOBRAXX,GEOBRAXX,1,2044,1.0
GLOBAL,PWRGEOBRAXX,GEOBRAXX,1,2045,1.0
GLOBAL,PWRGEOBRAXX,GEOBRAXX,1,2046,1.0
GLOBAL,PWRGEOBRAXX,GEOBRAXX,1,2047,1.0
GLOBAL,PWRGEOBRAXX,GEOBRAXX,1,2048,1.0
GLOBAL,PWRGEOBRAXX,GEOBRAXX,1,2049,1.0
GLOBAL,PWRGEOBRAXX,GEOBRAXX,1,2050,1.0
GLOBAL,PWRGEOBRBXX,GEOBRBXX,1,2023,1.0
GLOBAL,PWRGEOBRBXX,GEOBRBXX,1,2024,1.0
GLOBAL,PWRGEOBRBXX,GEOBRBXX,1,2025,1.0
GLOBAL,PWRGEOBRBXX,GEOBRBXX,1,2026,1.0
GLOBAL,PWRGEOBRBXX,GEOBRBXX,1,2027,1.0
GLOBAL,PWRGEOBRBXX,GEOBRBXX,1,2028,1.0
GLOBAL,PWRGEOBRBXX,GEOBRBXX,1,2029,1.0
GLOBAL,PWRGEOBRBXX,GEOBRBXX,1,2030,1.0
GLOBAL,PWRGEOBRBXX,GEOBRBXX,1,2031,1.0
GLOBAL,PWRGEOBRBXX,GEOBRBXX,1,2032,1.0
GLOBAL,PWRGEOBRBXX,GEOBRBXX,1,2033,1.0
GLOBAL,PWRGEOBRBXX,GEOBRBXX,1,2034,1.0
GLOBAL,PWRGEOBRBXX,GEOBRBXX,1,2035,1.0
GLOBAL,PWRGEOBRBXX,GEOBRBXX,1,2036,1.0
GLOBAL,PWRGEOBRBXX,GEOBRBXX,1,2037,1.0
GLOBAL,PWRGEOBRBXX,GEOBRBXX,1,2038,1.0
GLOBAL,PWRGEOBRBXX,GEOBRBXX,1,2039,1.0
GLOBAL,PWRGEOBRBXX,GEOBRBXX,1,2040,1.0
GLOBAL,PWRGEOBRBXX,GEOBRBXX,1,2041,1.0
GLOBAL,PWRGEOBRBXX,GEOBRBXX,1,2042,1.0
GLOBAL,PWRGEOBRBXX,GEOBRBXX,1,2043,1.0
GLOBAL,PWRGEOBRBXX,GEOBRBXX,1,2044,1.0
GLOBAL,PWRGEOBRBXX,GEOBRBXX,1,2045,1.0
GLOBAL,PWRGEOBRBXX,GEOBRBXX,1,2046,1.0
GLOBAL,PWRGEOBRBXX,GEOBRBXX,1,2047,1.0
GLOBAL,PWRGEOBRBXX,GEOBRBXX,1,2048,1.0
GLOBAL,PWRGEOBRBXX,GEOBRBXX,1,2049,1.0
GLOBAL,PWRGEOBRBXX,GEOBRBXX,1,2050,1.0
GLOBAL,PWRGEOCHLXX,GEOCHLXX,1,2023,1.0
GLOBAL,PWRGEOCHLXX,GEOCHLXX,1,2024,1.0
GLOBAL,PWRGEOCHLXX,GEOCHLXX,1,2025,1.0
GLOBAL,PWRGEOCHLXX,GEOCHLXX,1,2026,1.0
GLOBAL,PWRGEOCHLXX,GEOCHLXX,1,2027,1.0
GLOBAL,PWRGEOCHLXX,GEOCHLXX,1,2028,1.0
GLOBAL,PWRGEOCHLXX,GEOCHLXX,1,2029,1.0
GLOBAL,PWRGEOCHLXX,GEOCHLXX,1,2030,1.0
GLOBAL,PWRGEOCHLXX,GEOCHLXX,1,2031,1.0
GLOBAL,PWRGEOCHLXX,GEOCHLXX,1,2032,1.0
GLOBAL,PWRGEOCHLXX,GEOCHLXX,1,2033,1.0
GLOBAL,PWRGEOCHLXX,GEOCHLXX,1,2034,1.0
GLOBAL,PWRGEOCHLXX,GEOCHLXX,1,2035,1.0
GLOBAL,PWRGEOCHLXX,GEOCHLXX,1,2036,1.0
GLOBAL,PWRGEOCHLXX,GEOCHLXX,1,2037,1.0
GLOBAL,PWRGEOCHLXX,GEOCHLXX,1,2038,1.0
GLOBAL,PWRGEOCHLXX,GEOCHLXX,1,2039,1.0
GLOBAL,PWRGEOCHLXX,GEOCHLXX,1,2040,1.0
GLOBAL,PWRGEOCHLXX,GEOCHLXX,1,2041,1.0
GLOBAL,PWRGEOCHLXX,GEOCHLXX,1,2042,1.0
GLOBAL,PWRGEOCHLXX,GEOCHLXX,1,2043,1.0
GLOBAL,PWRGEOCHLXX,GEOCHLXX,1,2044,1.0
GLOBAL,PWRGEOCHLXX,GEOCHLXX,1,2045,1.0
GLOBAL,PWRGEOCHLXX,GEOCHLXX,1,2046,1.0
GLOBAL,PWRGEOCHLXX,GEOCHLXX,1,2047,1.0
GLOBAL,PWRGEOCHLXX,GEOCHLXX,1,2048,1.0
GLOBAL,PWRGEOCHLXX,GEOCHLXX,1,2049,1.0
GLOBAL,PWRGEOCHLXX,GEOCHLXX,1,2050,1.0
GLOBAL,PWRGEOCOLXX,GEOCOLXX,1,2023,1.0
GLOBAL,PWRGEOCOLXX,GEOCOLXX,1,2024,1.0
GLOBAL,PWRGEOCOLXX,GEOCOLXX,1,2025,1.0
GLOBAL,PWRGEOCOLXX,GEOCOLXX,1,2026,1.0
GLOBAL,PWRGEOCOLXX,GEOCOLXX,1,2027,1.0
GLOBAL,PWRGEOCOLXX,GEOCOLXX,1,2028,1.0
GLOBAL,PWRGEOCOLXX,GEOCOLXX,1,2029,1.0
GLOBAL,PWRGEOCOLXX,GEOCOLXX,1,2030,1.0
GLOBAL,PWRGEOCOLXX,GEOCOLXX,1,2031,1.0
GLOBAL,PWRGEOCOLXX,GEOCOLXX,1,2032,1.0
GLOBAL,PWRGEOCOLXX,GEOCOLXX,1,2033,1.0
GLOBAL,PWRGEOCOLXX,GEOCOLXX,1,2034,1.0
GLOBAL,PWRGEOCOLXX,GEOCOLXX,1,2035,1.0
GLOBAL,PWRGEOCOLXX,GEOCOLXX,1,2036,1.0
GLOBAL,PWRGEOCOLXX,GEOCOLXX,1,2037,1.0
GLOBAL,PWRGEOCOLXX,GEOCOLXX,1,2038,1.0
GLOBAL,PWRGEOCOLXX,GEOCOLXX,1,2039,1.0
GLOBAL,PWRGEOCOLXX,GEOCOLXX,1,2040,1.0
GLOBAL,PWRGEOCOLXX,GEOCOLXX,1,2041,1.0
GLOBAL,PWRGEOCOLXX,GEOCOLXX,1,2042,1.0
GLOBAL,PWRGEOCOLXX,GEOCOLXX,1,2043,1.0
GLOBAL,PWRGEOCOLXX,GEOCOLXX,1,2044,1.0
GLOBAL,PWRGEOCOLXX,GEOCOLXX,1,2045,1.0
GLOBAL,PWRGEOCOLXX,GEOCOLXX,1,2046,1.0
GLOBAL,PWRGEOCOLXX,GEOCOLXX,1,2047,1.0
GLOBAL,PWRGEOCOLXX,GEOCOLXX,1,2048,1.0
GLOBAL,PWRGEOCOLXX,GEOCOLXX,1,2049,1.0
GLOBAL,PWRGEOCOLXX,GEOCOLXX,1,2050,1.0
GLOBAL,PWRGEOCRIXX,GEOCRIXX,1,2023,1.0
GLOBAL,PWRGEOCRIXX,GEOCRIXX,1,2024,1.0
GLOBAL,PWRGEOCRIXX,GEOCRIXX,1,2025,1.0
GLOBAL,PWRGEOCRIXX,GEOCRIXX,1,2026,1.0
GLOBAL,PWRGEOCRIXX,GEOCRIXX,1,2027,1.0
GLOBAL,PWRGEOCRIXX,GEOCRIXX,1,2028,1.0
GLOBAL,PWRGEOCRIXX,GEOCRIXX,1,2029,1.0
GLOBAL,PWRGEOCRIXX,GEOCRIXX,1,2030,1.0
GLOBAL,PWRGEOCRIXX,GEOCRIXX,1,2031,1.0
GLOBAL,PWRGEOCRIXX,GEOCRIXX,1,2032,1.0
GLOBAL,PWRGEOCRIXX,GEOCRIXX,1,2033,1.0
GLOBAL,PWRGEOCRIXX,GEOCRIXX,1,2034,1.0
GLOBAL,PWRGEOCRIXX,GEOCRIXX,1,2035,1.0
GLOBAL,PWRGEOCRIXX,GEOCRIXX,1,2036,1.0
GLOBAL,PWRGEOCRIXX,GEOCRIXX,1,2037,1.0
GLOBAL,PWRGEOCRIXX,GEOCRIXX,1,2038,1.0
GLOBAL,PWRGEOCRIXX,GEOCRIXX,1,2039,1.0
GLOBAL,PWRGEOCRIXX,GEOCRIXX,1,2040,1.0
GLOBAL,PWRGEOCRIXX,GEOCRIXX,1,2041,1.0
GLOBAL,PWRGEOCRIXX,GEOCRIXX,1,2042,1.0
GLOBAL,PWRGEOCRIXX,GEOCRIXX,1,2043,1.0
GLOBAL,PWRGEOCRIXX,GEOCRIXX,1,2044,1.0
GLOBAL,PWRGEOCRIXX,GEOCRIXX,1,2045,1.0
GLOBAL,PWRGEOCRIXX,GEOCRIXX,1,2046,1.0
GLOBAL,PWRGEOCRIXX,GEOCRIXX,1,2047,1.0
GLOBAL,PWRGEOCRIXX,GEOCRIXX,1,2048,1.0
GLOBAL,PWRGEOCRIXX,GEOCRIXX,1,2049,1.0
GLOBAL,PWRGEOCRIXX,GEOCRIXX,1,2050,1.0
GLOBAL,PWRGEODOMXX,GEODOMXX,1,2023,1.0
GLOBAL,PWRGEODOMXX,GEODOMXX,1,2024,1.0
GLOBAL,PWRGEODOMXX,GEODOMXX,1,2025,1.0
GLOBAL,PWRGEODOMXX,GEODOMXX,1,2026,1.0
GLOBAL,PWRGEODOMXX,GEODOMXX,1,2027,1.0
GLOBAL,PWRGEODOMXX,GEODOMXX,1,2028,1.0
GLOBAL,PWRGEODOMXX,GEODOMXX,1,2029,1.0
GLOBAL,PWRGEODOMXX,GEODOMXX,1,2030,1.0
GLOBAL,PWRGEODOMXX,GEODOMXX,1,2031,1.0
GLOBAL,PWRGEODOMXX,GEODOMXX,1,2032,1.0
GLOBAL,PWRGEODOMXX,GEODOMXX,1,2033,1.0
GLOBAL,PWRGEODOMXX,GEODOMXX,1,2034,1.0
GLOBAL,PWRGEODOMXX,GEODOMXX,1,2035,1.0
GLOBAL,PWRGEODOMXX,GEODOMXX,1,2036,1.0
GLOBAL,PWRGEODOMXX,GEODOMXX,1,2037,1.0
GLOBAL,PWRGEODOMXX,GEODOMXX,1,2038,1.0
GLOBAL,PWRGEODOMXX,GEODOMXX,1,2039,1.0
GLOBAL,PWRGEODOMXX,GEODOMXX,1,2040,1.0
GLOBAL,PWRGEODOMXX,GEODOMXX,1,2041,1.0
GLOBAL,PWRGEODOMXX,GEODOMXX,1,2042,1.0
GLOBAL,PWRGEODOMXX,GEODOMXX,1,2043,1.0
GLOBAL,PWRGEODOMXX,GEODOMXX,1,2044,1.0
GLOBAL,PWRGEODOMXX,GEODOMXX,1,2045,1.0
GLOBAL,PWRGEODOMXX,GEODOMXX,1,2046,1.0
GLOBAL,PWRGEODOMXX,GEODOMXX,1,2047,1.0
GLOBAL,PWRGEODOMXX,GEODOMXX,1,2048,1.0
GLOBAL,PWRGEODOMXX,GEODOMXX,1,2049,1.0
GLOBAL,PWRGEODOMXX,GEODOMXX,1,2050,1.0
GLOBAL,PWRGEOECUXX,GEOECUXX,1,2023,1.0
GLOBAL,PWRGEOECUXX,GEOECUXX,1,2024,1.0
GLOBAL,PWRGEOECUXX,GEOECUXX,1,2025,1.0
GLOBAL,PWRGEOECUXX,GEOECUXX,1,2026,1.0
GLOBAL,PWRGEOECUXX,GEOECUXX,1,2027,1.0
GLOBAL,PWRGEOECUXX,GEOECUXX,1,2028,1.0
GLOBAL,PWRGEOECUXX,GEOECUXX,1,2029,1.0
GLOBAL,PWRGEOECUXX,GEOECUXX,1,2030,1.0
GLOBAL,PWRGEOECUXX,GEOECUXX,1,2031,1.0
GLOBAL,PWRGEOECUXX,GEOECUXX,1,2032,1.0
GLOBAL,PWRGEOECUXX,GEOECUXX,1,2033,1.0
GLOBAL,PWRGEOECUXX,GEOECUXX,1,2034,1.0
GLOBAL,PWRGEOECUXX,GEOECUXX,1,2035,1.0
GLOBAL,PWRGEOECUXX,GEOECUXX,1,2036,1.0
GLOBAL,PWRGEOECUXX,GEOECUXX,1,2037,1.0
GLOBAL,PWRGEOECUXX,GEOECUXX,1,2038,1.0
GLOBAL,PWRGEOECUXX,GEOECUXX,1,2039,1.0
GLOBAL,PWRGEOECUXX,GEOECUXX,1,2040,1.0
GLOBAL,PWRGEOECUXX,GEOECUXX,1,2041,1.0
GLOBAL,PWRGEOECUXX,GEOECUXX,1,2042,1.0
GLOBAL,PWRGEOECUXX,GEOECUXX,1,2043,1.0
GLOBAL,PWRGEOECUXX,GEOECUXX,1,2044,1.0
GLOBAL,PWRGEOECUXX,GEOECUXX,1,2045,1.0
GLOBAL,PWRGEOECUXX,GEOECUXX,1,2046,1.0
GLOBAL,PWRGEOECUXX,GEOECUXX,1,2047,1.0
GLOBAL,PWRGEOECUXX,GEOECUXX,1,2048,1.0
GLOBAL,PWRGEOECUXX,GEOECUXX,1,2049,1.0
GLOBAL,PWRGEOECUXX,GEOECUXX,1,2050,1.0
GLOBAL,PWRGEOGTMXX,GEOGTMXX,1,2023,1.0
GLOBAL,PWRGEOGTMXX,GEOGTMXX,1,2024,1.0
GLOBAL,PWRGEOGTMXX,GEOGTMXX,1,2025,1.0
GLOBAL,PWRGEOGTMXX,GEOGTMXX,1,2026,1.0
GLOBAL,PWRGEOGTMXX,GEOGTMXX,1,2027,1.0
GLOBAL,PWRGEOGTMXX,GEOGTMXX,1,2028,1.0
GLOBAL,PWRGEOGTMXX,GEOGTMXX,1,2029,1.0
GLOBAL,PWRGEOGTMXX,GEOGTMXX,1,2030,1.0
GLOBAL,PWRGEOGTMXX,GEOGTMXX,1,2031,1.0
GLOBAL,PWRGEOGTMXX,GEOGTMXX,1,2032,1.0
GLOBAL,PWRGEOGTMXX,GEOGTMXX,1,2033,1.0
GLOBAL,PWRGEOGTMXX,GEOGTMXX,1,2034,1.0
GLOBAL,PWRGEOGTMXX,GEOGTMXX,1,2035,1.0
GLOBAL,PWRGEOGTMXX,GEOGTMXX,1,2036,1.0
GLOBAL,PWRGEOGTMXX,GEOGTMXX,1,2037,1.0
GLOBAL,PWRGEOGTMXX,GEOGTMXX,1,2038,1.0
GLOBAL,PWRGEOGTMXX,GEOGTMXX,1,2039,1.0
GLOBAL,PWRGEOGTMXX,GEOGTMXX,1,2040,1.0
GLOBAL,PWRGEOGTMXX,GEOGTMXX,1,2041,1.0
GLOBAL,PWRGEOGTMXX,GEOGTMXX,1,2042,1.0
GLOBAL,PWRGEOGTMXX,GEOGTMXX,1,2043,1.0
GLOBAL,PWRGEOGTMXX,GEOGTMXX,1,2044,1.0
GLOBAL,PWRGEOGTMXX,GEOGTMXX,1,2045,1.0
GLOBAL,PWRGEOGTMXX,GEOGTMXX,1,2046,1.0
GLOBAL,PWRGEOGTMXX,GEOGTMXX,1,2047,1.0
GLOBAL,PWRGEOGTMXX,GEOGTMXX,1,2048,1.0
GLOBAL,PWRGEOGTMXX,GEOGTMXX,1,2049,1.0
GLOBAL,PWRGEOGTMXX,GEOGTMXX,1,2050,1.0
GLOBAL,PWRGEOHNDXX,GEOHNDXX,1,2023,1.0
GLOBAL,PWRGEOHNDXX,GEOHNDXX,1,2024,1.0
GLOBAL,PWRGEOHNDXX,GEOHNDXX,1,2025,1.0
GLOBAL,PWRGEOHNDXX,GEOHNDXX,1,2026,1.0
GLOBAL,PWRGEOHNDXX,GEOHNDXX,1,2027,1.0
GLOBAL,PWRGEOHNDXX,GEOHNDXX,1,2028,1.0
GLOBAL,PWRGEOHNDXX,GEOHNDXX,1,2029,1.0
GLOBAL,PWRGEOHNDXX,GEOHNDXX,1,2030,1.0
GLOBAL,PWRGEOHNDXX,GEOHNDXX,1,2031,1.0
GLOBAL,PWRGEOHNDXX,GEOHNDXX,1,2032,1.0
GLOBAL,PWRGEOHNDXX,GEOHNDXX,1,2033,1.0
GLOBAL,PWRGEOHNDXX,GEOHNDXX,1,2034,1.0
GLOBAL,PWRGEOHNDXX,GEOHNDXX,1,2035,1.0
GLOBAL,PWRGEOHNDXX,GEOHNDXX,1,2036,1.0
GLOBAL,PWRGEOHNDXX,GEOHNDXX,1,2037,1.0
GLOBAL,PWRGEOHNDXX,GEOHNDXX,1,2038,1.0
GLOBAL,PWRGEOHNDXX,GEOHNDXX,1,2039,1.0
GLOBAL,PWRGEOHNDXX,GEOHNDXX,1,2040,1.0
GLOBAL,PWRGEOHNDXX,GEOHNDXX,1,2041,1.0
GLOBAL,PWRGEOHNDXX,GEOHNDXX,1,2042,1.0
GLOBAL,PWRGEOHNDXX,GEOHNDXX,1,2043,1.0
GLOBAL,PWRGEOHNDXX,GEOHNDXX,1,2044,1.0
GLOBAL,PWRGEOHNDXX,GEOHNDXX,1,2045,1.0
GLOBAL,PWRGEOHNDXX,GEOHNDXX,1,2046,1.0
GLOBAL,PWRGEOHNDXX,GEOHNDXX,1,2047,1.0
GLOBAL,PWRGEOHNDXX,GEOHNDXX,1,2048,1.0
GLOBAL,PWRGEOHNDXX,GEOHNDXX,1,2049,1.0
GLOBAL,PWRGEOHNDXX,GEOHNDXX,1,2050,1.0
GLOBAL,PWRGEOHTIXX,GEOHTIXX,1,2023,1.0
GLOBAL,PWRGEOHTIXX,GEOHTIXX,1,2024,1.0
GLOBAL,PWRGEOHTIXX,GEOHTIXX,1,2025,1.0
GLOBAL,PWRGEOHTIXX,GEOHTIXX,1,2026,1.0
GLOBAL,PWRGEOHTIXX,GEOHTIXX,1,2027,1.0
GLOBAL,PWRGEOHTIXX,GEOHTIXX,1,2028,1.0
GLOBAL,PWRGEOHTIXX,GEOHTIXX,1,2029,1.0
GLOBAL,PWRGEOHTIXX,GEOHTIXX,1,2030,1.0
GLOBAL,PWRGEOHTIXX,GEOHTIXX,1,2031,1.0
GLOBAL,PWRGEOHTIXX,GEOHTIXX,1,2032,1.0
GLOBAL,PWRGEOHTIXX,GEOHTIXX,1,2033,1.0
GLOBAL,PWRGEOHTIXX,GEOHTIXX,1,2034,1.0
GLOBAL,PWRGEOHTIXX,GEOHTIXX,1,2035,1.0
GLOBAL,PWRGEOHTIXX,GEOHTIXX,1,2036,1.0
GLOBAL,PWRGEOHTIXX,GEOHTIXX,1,2037,1.0
GLOBAL,PWRGEOHTIXX,GEOHTIXX,1,2038,1.0
GLOBAL,PWRGEOHTIXX,GEOHTIXX,1,2039,1.0
GLOBAL,PWRGEOHTIXX,GEOHTIXX,1,2040,1.0
GLOBAL,PWRGEOHTIXX,GEOHTIXX,1,2041,1.0
GLOBAL,PWRGEOHTIXX,GEOHTIXX,1,2042,1.0
GLOBAL,PWRGEOHTIXX,GEOHTIXX,1,2043,1.0
GLOBAL,PWRGEOHTIXX,GEOHTIXX,1,2044,1.0
GLOBAL,PWRGEOHTIXX,GEOHTIXX,1,2045,1.0
GLOBAL,PWRGEOHTIXX,GEOHTIXX,1,2046,1.0
GLOBAL,PWRGEOHTIXX,GEOHTIXX,1,2047,1.0
GLOBAL,PWRGEOHTIXX,GEOHTIXX,1,2048,1.0
GLOBAL,PWRGEOHTIXX,GEOHTIXX,1,2049,1.0
GLOBAL,PWRGEOHTIXX,GEOHTIXX,1,2050,1.0
GLOBAL,PWRGEOMEXXX,GEOMEXXX,1,2023,1.0
GLOBAL,PWRGEOMEXXX,GEOMEXXX,1,2024,1.0
GLOBAL,PWRGEOMEXXX,GEOMEXXX,1,2025,1.0
GLOBAL,PWRGEOMEXXX,GEOMEXXX,1,2026,1.0
GLOBAL,PWRGEOMEXXX,GEOMEXXX,1,2027,1.0
GLOBAL,PWRGEOMEXXX,GEOMEXXX,1,2028,1.0
GLOBAL,PWRGEOMEXXX,GEOMEXXX,1,2029,1.0
GLOBAL,PWRGEOMEXXX,GEOMEXXX,1,2030,1.0
GLOBAL,PWRGEOMEXXX,GEOMEXXX,1,2031,1.0
GLOBAL,PWRGEOMEXXX,GEOMEXXX,1,2032,1.0
GLOBAL,PWRGEOMEXXX,GEOMEXXX,1,2033,1.0
GLOBAL,PWRGEOMEXXX,GEOMEXXX,1,2034,1.0
GLOBAL,PWRGEOMEXXX,GEOMEXXX,1,2035,1.0
GLOBAL,PWRGEOMEXXX,GEOMEXXX,1,2036,1.0
GLOBAL,PWRGEOMEXXX,GEOMEXXX,1,2037,1.0
GLOBAL,PWRGEOMEXXX,GEOMEXXX,1,2038,1.0
GLOBAL,PWRGEOMEXXX,GEOMEXXX,1,2039,1.0
GLOBAL,PWRGEOMEXXX,GEOMEXXX,1,2040,1.0
GLOBAL,PWRGEOMEXXX,GEOMEXXX,1,2041,1.0
GLOBAL,PWRGEOMEXXX,GEOMEXXX,1,2042,1.0
GLOBAL,PWRGEOMEXXX,GEOMEXXX,1,2043,1.0
GLOBAL,PWRGEOMEXXX,GEOMEXXX,1,2044,1.0
GLOBAL,PWRGEOMEXXX,GEOMEXXX,1,2045,1.0
GLOBAL,PWRGEOMEXXX,GEOMEXXX,1,2046,1.0
GLOBAL,PWRGEOMEXXX,GEOMEXXX,1,2047,1.0
GLOBAL,PWRGEOMEXXX,GEOMEXXX,1,2048,1.0
GLOBAL,PWRGEOMEXXX,GEOMEXXX,1,2049,1.0
GLOBAL,PWRGEOMEXXX,GEOMEXXX,1,2050,1.0
GLOBAL,PWRGEONICXX,GEONICXX,1,2023,1.0
GLOBAL,PWRGEONICXX,GEONICXX,1,2024,1.0
GLOBAL,PWRGEONICXX,GEONICXX,1,2025,1.0
GLOBAL,PWRGEONICXX,GEONICXX,1,2026,1.0
GLOBAL,PWRGEONICXX,GEONICXX,1,2027,1.0
GLOBAL,PWRGEONICXX,GEONICXX,1,2028,1.0
GLOBAL,PWRGEONICXX,GEONICXX,1,2029,1.0
GLOBAL,PWRGEONICXX,GEONICXX,1,2030,1.0
GLOBAL,PWRGEONICXX,GEONICXX,1,2031,1.0
GLOBAL,PWRGEONICXX,GEONICXX,1,2032,1.0
GLOBAL,PWRGEONICXX,GEONICXX,1,2033,1.0
GLOBAL,PWRGEONICXX,GEONICXX,1,2034,1.0
GLOBAL,PWRGEONICXX,GEONICXX,1,2035,1.0
GLOBAL,PWRGEONICXX,GEONICXX,1,2036,1.0
GLOBAL,PWRGEONICXX,GEONICXX,1,2037,1.0
GLOBAL,PWRGEONICXX,GEONICXX,1,2038,1.0
GLOBAL,PWRGEONICXX,GEONICXX,1,2039,1.0
GLOBAL,PWRGEONICXX,GEONICXX,1,2040,1.0
GLOBAL,PWRGEONICXX,GEONICXX,1,2041,1.0
GLOBAL,PWRGEONICXX,GEONICXX,1,2042,1.0
GLOBAL,PWRGEONICXX,GEONICXX,1,2043,1.0
GLOBAL,PWRGEONICXX,GEONICXX,1,2044,1.0
GLOBAL,PWRGEONICXX,GEONICXX,1,2045,1.0
GLOBAL,PWRGEONICXX,GEONICXX,1,2046,1.0
GLOBAL,PWRGEONICXX,GEONICXX,1,2047,1.0
GLOBAL,PWRGEONICXX,GEONICXX,1,2048,1.0
GLOBAL,PWRGEONICXX,GEONICXX,1,2049,1.0
GLOBAL,PWRGEONICXX,GEONICXX,1,2050,1.0
GLOBAL,PWRGEOPANXX,GEOPANXX,1,2023,1.0
GLOBAL,PWRGEOPANXX,GEOPANXX,1,2024,1.0
GLOBAL,PWRGEOPANXX,GEOPANXX,1,2025,1.0
GLOBAL,PWRGEOPANXX,GEOPANXX,1,2026,1.0
GLOBAL,PWRGEOPANXX,GEOPANXX,1,2027,1.0
GLOBAL,PWRGEOPANXX,GEOPANXX,1,2028,1.0
GLOBAL,PWRGEOPANXX,GEOPANXX,1,2029,1.0
GLOBAL,PWRGEOPANXX,GEOPANXX,1,2030,1.0
GLOBAL,PWRGEOPANXX,GEOPANXX,1,2031,1.0
GLOBAL,PWRGEOPANXX,GEOPANXX,1,2032,1.0
GLOBAL,PWRGEOPANXX,GEOPANXX,1,2033,1.0
GLOBAL,PWRGEOPANXX,GEOPANXX,1,2034,1.0
GLOBAL,PWRGEOPANXX,GEOPANXX,1,2035,1.0
GLOBAL,PWRGEOPANXX,GEOPANXX,1,2036,1.0
GLOBAL,PWRGEOPANXX,GEOPANXX,1,2037,1.0
GLOBAL,PWRGEOPANXX,GEOPANXX,1,2038,1.0
GLOBAL,PWRGEOPANXX,GEOPANXX,1,2039,1.0
GLOBAL,PWRGEOPANXX,GEOPANXX,1,2040,1.0
GLOBAL,PWRGEOPANXX,GEOPANXX,1,2041,1.0
GLOBAL,PWRGEOPANXX,GEOPANXX,1,2042,1.0
GLOBAL,PWRGEOPANXX,GEOPANXX,1,2043,1.0
GLOBAL,PWRGEOPANXX,GEOPANXX,1,2044,1.0
GLOBAL,PWRGEOPANXX,GEOPANXX,1,2045,1.0
GLOBAL,PWRGEOPANXX,GEOPANXX,1,2046,1.0
GLOBAL,PWRGEOPANXX,GEOPANXX,1,2047,1.0
GLOBAL,PWRGEOPANXX,GEOPANXX,1,2048,1.0
GLOBAL,PWRGEOPANXX,GEOPANXX,1,2049,1.0
GLOBAL,PWRGEOPANXX,GEOPANXX,1,2050,1.0
GLOBAL,PWRGEOPERXX,GEOPERXX,1,2023,1.0
GLOBAL,PWRGEOPERXX,GEOPERXX,1,2024,1.0
GLOBAL,PWRGEOPERXX,GEOPERXX,1,2025,1.0
GLOBAL,PWRGEOPERXX,GEOPERXX,1,2026,1.0
GLOBAL,PWRGEOPERXX,GEOPERXX,1,2027,1.0
GLOBAL,PWRGEOPERXX,GEOPERXX,1,2028,1.0
GLOBAL,PWRGEOPERXX,GEOPERXX,1,2029,1.0
GLOBAL,PWRGEOPERXX,GEOPERXX,1,2030,1.0
GLOBAL,PWRGEOPERXX,GEOPERXX,1,2031,1.0
GLOBAL,PWRGEOPERXX,GEOPERXX,1,2032,1.0
GLOBAL,PWRGEOPERXX,GEOPERXX,1,2033,1.0
GLOBAL,PWRGEOPERXX,GEOPERXX,1,2034,1.0
GLOBAL,PWRGEOPERXX,GEOPERXX,1,2035,1.0
GLOBAL,PWRGEOPERXX,GEOPERXX,1,2036,1.0
GLOBAL,PWRGEOPERXX,GEOPERXX,1,2037,1.0
GLOBAL,PWRGEOPERXX,GEOPERXX,1,2038,1.0
GLOBAL,PWRGEOPERXX,GEOPERXX,1,2039,1.0
GLOBAL,PWRGEOPERXX,GEOPERXX,1,2040,1.0
GLOBAL,PWRGEOPERXX,GEOPERXX,1,2041,1.0
GLOBAL,PWRGEOPERXX,GEOPERXX,1,2042,1.0
GLOBAL,PWRGEOPERXX,GEOPERXX,1,2043,1.0
GLOBAL,PWRGEOPERXX,GEOPERXX,1,2044,1.0
GLOBAL,PWRGEOPERXX,GEOPERXX,1,2045,1.0
GLOBAL,PWRGEOPERXX,GEOPERXX,1,2046,1.0
GLOBAL,PWRGEOPERXX,GEOPERXX,1,2047,1.0
GLOBAL,PWRGEOPERXX,GEOPERXX,1,2048,1.0
GLOBAL,PWRGEOPERXX,GEOPERXX,1,2049,1.0
GLOBAL,PWRGEOPERXX,GEOPERXX,1,2050,1.0
GLOBAL,PWRGEOPRYXX,GEOPRYXX,1,2023,1.0
GLOBAL,PWRGEOPRYXX,GEOPRYXX,1,2024,1.0
GLOBAL,PWRGEOPRYXX,GEOPRYXX,1,2025,1.0
GLOBAL,PWRGEOPRYXX,GEOPRYXX,1,2026,1.0
GLOBAL,PWRGEOPRYXX,GEOPRYXX,1,2027,1.0
GLOBAL,PWRGEOPRYXX,GEOPRYXX,1,2028,1.0
GLOBAL,PWRGEOPRYXX,GEOPRYXX,1,2029,1.0
GLOBAL,PWRGEOPRYXX,GEOPRYXX,1,2030,1.0
GLOBAL,PWRGEOPRYXX,GEOPRYXX,1,2031,1.0
GLOBAL,PWRGEOPRYXX,GEOPRYXX,1,2032,1.0
GLOBAL,PWRGEOPRYXX,GEOPRYXX,1,2033,1.0
GLOBAL,PWRGEOPRYXX,GEOPRYXX,1,2034,1.0
GLOBAL,PWRGEOPRYXX,GEOPRYXX,1,2035,1.0
GLOBAL,PWRGEOPRYXX,GEOPRYXX,1,2036,1.0
GLOBAL,PWRGEOPRYXX,GEOPRYXX,1,2037,1.0
GLOBAL,PWRGEOPRYXX,GEOPRYXX,1,2038,1.0
GLOBAL,PWRGEOPRYXX,GEOPRYXX,1,2039,1.0
GLOBAL,PWRGEOPRYXX,GEOPRYXX,1,2040,1.0
GLOBAL,PWRGEOPRYXX,GEOPRYXX,1,2041,1.0
GLOBAL,PWRGEOPRYXX,GEOPRYXX,1,2042,1.0
GLOBAL,PWRGEOPRYXX,GEOPRYXX,1,2043,1.0
GLOBAL,PWRGEOPRYXX,GEOPRYXX,1,2044,1.0
GLOBAL,PWRGEOPRYXX,GEOPRYXX,1,2045,1.0
GLOBAL,PWRGEOPRYXX,GEOPRYXX,1,2046,1.0
GLOBAL,PWRGEOPRYXX,GEOPRYXX,1,2047,1.0
GLOBAL,PWRGEOPRYXX,GEOPRYXX,1,2048,1.0
GLOBAL,PWRGEOPRYXX,GEOPRYXX,1,2049,1.0
GLOBAL,PWRGEOPRYXX,GEOPRYXX,1,2050,1.0
GLOBAL,PWRGEOSLVXX,GEOSLVXX,1,2023,1.0
GLOBAL,PWRGEOSLVXX,GEOSLVXX,1,2024,1.0
GLOBAL,PWRGEOSLVXX,GEOSLVXX,1,2025,1.0
GLOBAL,PWRGEOSLVXX,GEOSLVXX,1,2026,1.0
GLOBAL,PWRGEOSLVXX,GEOSLVXX,1,2027,1.0
GLOBAL,PWRGEOSLVXX,GEOSLVXX,1,2028,1.0
GLOBAL,PWRGEOSLVXX,GEOSLVXX,1,2029,1.0
GLOBAL,PWRGEOSLVXX,GEOSLVXX,1,2030,1.0
GLOBAL,PWRGEOSLVXX,GEOSLVXX,1,2031,1.0
GLOBAL,PWRGEOSLVXX,GEOSLVXX,1,2032,1.0
GLOBAL,PWRGEOSLVXX,GEOSLVXX,1,2033,1.0
GLOBAL,PWRGEOSLVXX,GEOSLVXX,1,2034,1.0
GLOBAL,PWRGEOSLVXX,GEOSLVXX,1,2035,1.0
GLOBAL,PWRGEOSLVXX,GEOSLVXX,1,2036,1.0
GLOBAL,PWRGEOSLVXX,GEOSLVXX,1,2037,1.0
GLOBAL,PWRGEOSLVXX,GEOSLVXX,1,2038,1.0
GLOBAL,PWRGEOSLVXX,GEOSLVXX,1,2039,1.0
GLOBAL,PWRGEOSLVXX,GEOSLVXX,1,2040,1.0
GLOBAL,PWRGEOSLVXX,GEOSLVXX,1,2041,1.0
GLOBAL,PWRGEOSLVXX,GEOSLVXX,1,2042,1.0
GLOBAL,PWRGEOSLVXX,GEOSLVXX,1,2043,1.0
GLOBAL,PWRGEOSLVXX,GEOSLVXX,1,2044,1.0
GLOBAL,PWRGEOSLVXX,GEOSLVXX,1,2045,1.0
GLOBAL,PWRGEOSLVXX,GEOSLVXX,1,2046,1.0
GLOBAL,PWRGEOSLVXX,GEOSLVXX,1,2047,1.0
GLOBAL,PWRGEOSLVXX,GEOSLVXX,1,2048,1.0
GLOBAL,PWRGEOSLVXX,GEOSLVXX,1,2049,1.0
GLOBAL,PWRGEOSLVXX,GEOSLVXX,1,2050,1.0
GLOBAL,PWRGEOURYXX,GEOURYXX,1,2023,1.0
GLOBAL,PWRGEOURYXX,GEOURYXX,1,2024,1.0
GLOBAL,PWRGEOURYXX,GEOURYXX,1,2025,1.0
GLOBAL,PWRGEOURYXX,GEOURYXX,1,2026,1.0
GLOBAL,PWRGEOURYXX,GEOURYXX,1,2027,1.0
GLOBAL,PWRGEOURYXX,GEOURYXX,1,2028,1.0
GLOBAL,PWRGEOURYXX,GEOURYXX,1,2029,1.0
GLOBAL,PWRGEOURYXX,GEOURYXX,1,2030,1.0
GLOBAL,PWRGEOURYXX,GEOURYXX,1,2031,1.0
GLOBAL,PWRGEOURYXX,GEOURYXX,1,2032,1.0
GLOBAL,PWRGEOURYXX,GEOURYXX,1,2033,1.0
GLOBAL,PWRGEOURYXX,GEOURYXX,1,2034,1.0
GLOBAL,PWRGEOURYXX,GEOURYXX,1,2035,1.0
GLOBAL,PWRGEOURYXX,GEOURYXX,1,2036,1.0
GLOBAL,PWRGEOURYXX,GEOURYXX,1,2037,1.0
GLOBAL,PWRGEOURYXX,GEOURYXX,1,2038,1.0
GLOBAL,PWRGEOURYXX,GEOURYXX,1,2039,1.0
GLOBAL,PWRGEOURYXX,GEOURYXX,1,2040,1.0
GLOBAL,PWRGEOURYXX,GEOURYXX,1,2041,1.0
GLOBAL,PWRGEOURYXX,GEOURYXX,1,2042,1.0
GLOBAL,PWRGEOURYXX,GEOURYXX,1,2043,1.0
GLOBAL,PWRGEOURYXX,GEOURYXX,1,2044,1.0
GLOBAL,PWRGEOURYXX,GEOURYXX,1,2045,1.0
GLOBAL,PWRGEOURYXX,GEOURYXX,1,2046,1.0
GLOBAL,PWRGEOURYXX,GEOURYXX,1,2047,1.0
GLOBAL,PWRGEOURYXX,GEOURYXX,1,2048,1.0
GLOBAL,PWRGEOURYXX,GEOURYXX,1,2049,1.0
GLOBAL,PWRGEOURYXX,GEOURYXX,1,2050,1.0
GLOBAL,PWRHYDARGXX,HYDARGXX,1,2023,1.0
GLOBAL,PWRHYDARGXX,HYDARGXX,1,2024,1.0
GLOBAL,PWRHYDARGXX,HYDARGXX,1,2025,1.0
GLOBAL,PWRHYDARGXX,HYDARGXX,1,2026,1.0
GLOBAL,PWRHYDARGXX,HYDARGXX,1,2027,1.0
GLOBAL,PWRHYDARGXX,HYDARGXX,1,2028,1.0
GLOBAL,PWRHYDARGXX,HYDARGXX,1,2029,1.0
GLOBAL,PWRHYDARGXX,HYDARGXX,1,2030,1.0
GLOBAL,PWRHYDARGXX,HYDARGXX,1,2031,1.0
GLOBAL,PWRHYDARGXX,HYDARGXX,1,2032,1.0
GLOBAL,PWRHYDARGXX,HYDARGXX,1,2033,1.0
GLOBAL,PWRHYDARGXX,HYDARGXX,1,2034,1.0
GLOBAL,PWRHYDARGXX,HYDARGXX,1,2035,1.0
GLOBAL,PWRHYDARGXX,HYDARGXX,1,2036,1.0
GLOBAL,PWRHYDARGXX,HYDARGXX,1,2037,1.0
GLOBAL,PWRHYDARGXX,HYDARGXX,1,2038,1.0
GLOBAL,PWRHYDARGXX,HYDARGXX,1,2039,1.0
GLOBAL,PWRHYDARGXX,HYDARGXX,1,2040,1.0
GLOBAL,PWRHYDARGXX,HYDARGXX,1,2041,1.0
GLOBAL,PWRHYDARGXX,HYDARGXX,1,2042,1.0
GLOBAL,PWRHYDARGXX,HYDARGXX,1,2043,1.0
GLOBAL,PWRHYDARGXX,HYDARGXX,1,2044,1.0
GLOBAL,PWRHYDARGXX,HYDARGXX,1,2045,1.0
GLOBAL,PWRHYDARGXX,HYDARGXX,1,2046,1.0
GLOBAL,PWRHYDARGXX,HYDARGXX,1,2047,1.0
GLOBAL,PWRHYDARGXX,HYDARGXX,1,2048,1.0
GLOBAL,PWRHYDARGXX,HYDARGXX,1,2049,1.0
GLOBAL,PWRHYDARGXX,HYDARGXX,1,2050,1.0
GLOBAL,PWRHYDBOLXX,HYDBOLXX,1,2023,1.0
GLOBAL,PWRHYDBOLXX,HYDBOLXX,1,2024,1.0
GLOBAL,PWRHYDBOLXX,HYDBOLXX,1,2025,1.0
GLOBAL,PWRHYDBOLXX,HYDBOLXX,1,2026,1.0
GLOBAL,PWRHYDBOLXX,HYDBOLXX,1,2027,1.0
GLOBAL,PWRHYDBOLXX,HYDBOLXX,1,2028,1.0
GLOBAL,PWRHYDBOLXX,HYDBOLXX,1,2029,1.0
GLOBAL,PWRHYDBOLXX,HYDBOLXX,1,2030,1.0
GLOBAL,PWRHYDBOLXX,HYDBOLXX,1,2031,1.0
GLOBAL,PWRHYDBOLXX,HYDBOLXX,1,2032,1.0
GLOBAL,PWRHYDBOLXX,HYDBOLXX,1,2033,1.0
GLOBAL,PWRHYDBOLXX,HYDBOLXX,1,2034,1.0
GLOBAL,PWRHYDBOLXX,HYDBOLXX,1,2035,1.0
GLOBAL,PWRHYDBOLXX,HYDBOLXX,1,2036,1.0
GLOBAL,PWRHYDBOLXX,HYDBOLXX,1,2037,1.0
GLOBAL,PWRHYDBOLXX,HYDBOLXX,1,2038,1.0
GLOBAL,PWRHYDBOLXX,HYDBOLXX,1,2039,1.0
GLOBAL,PWRHYDBOLXX,HYDBOLXX,1,2040,1.0
GLOBAL,PWRHYDBOLXX,HYDBOLXX,1,2041,1.0
GLOBAL,PWRHYDBOLXX,HYDBOLXX,1,2042,1.0
GLOBAL,PWRHYDBOLXX,HYDBOLXX,1,2043,1.0
GLOBAL,PWRHYDBOLXX,HYDBOLXX,1,2044,1.0
GLOBAL,PWRHYDBOLXX,HYDBOLXX,1,2045,1.0
GLOBAL,PWRHYDBOLXX,HYDBOLXX,1,2046,1.0
GLOBAL,PWRHYDBOLXX,HYDBOLXX,1,2047,1.0
GLOBAL,PWRHYDBOLXX,HYDBOLXX,1,2048,1.0
GLOBAL,PWRHYDBOLXX,HYDBOLXX,1,2049,1.0
GLOBAL,PWRHYDBOLXX,HYDBOLXX,1,2050,1.0
GLOBAL,PWRHYDBRAXX,HYDBRAXX,1,2023,1.0
GLOBAL,PWRHYDBRAXX,HYDBRAXX,1,2024,1.0
GLOBAL,PWRHYDBRAXX,HYDBRAXX,1,2025,1.0
GLOBAL,PWRHYDBRAXX,HYDBRAXX,1,2026,1.0
GLOBAL,PWRHYDBRAXX,HYDBRAXX,1,2027,1.0
GLOBAL,PWRHYDBRAXX,HYDBRAXX,1,2028,1.0
GLOBAL,PWRHYDBRAXX,HYDBRAXX,1,2029,1.0
GLOBAL,PWRHYDBRAXX,HYDBRAXX,1,2030,1.0
GLOBAL,PWRHYDBRAXX,HYDBRAXX,1,2031,1.0
GLOBAL,PWRHYDBRAXX,HYDBRAXX,1,2032,1.0
GLOBAL,PWRHYDBRAXX,HYDBRAXX,1,2033,1.0
GLOBAL,PWRHYDBRAXX,HYDBRAXX,1,2034,1.0
GLOBAL,PWRHYDBRAXX,HYDBRAXX,1,2035,1.0
GLOBAL,PWRHYDBRAXX,HYDBRAXX,1,2036,1.0
GLOBAL,PWRHYDBRAXX,HYDBRAXX,1,2037,1.0
GLOBAL,PWRHYDBRAXX,HYDBRAXX,1,2038,1.0
GLOBAL,PWRHYDBRAXX,HYDBRAXX,1,2039,1.0
GLOBAL,PWRHYDBRAXX,HYDBRAXX,1,2040,1.0
GLOBAL,PWRHYDBRAXX,HYDBRAXX,1,2041,1.0
GLOBAL,PWRHYDBRAXX,HYDBRAXX,1,2042,1.0
GLOBAL,PWRHYDBRAXX,HYDBRAXX,1,2043,1.0
GLOBAL,PWRHYDBRAXX,HYDBRAXX,1,2044,1.0
GLOBAL,PWRHYDBRAXX,HYDBRAXX,1,2045,1.0
GLOBAL,PWRHYDBRAXX,HYDBRAXX,1,2046,1.0
GLOBAL,PWRHYDBRAXX,HYDBRAXX,1,2047,1.0
GLOBAL,PWRHYDBRAXX,HYDBRAXX,1,2048,1.0
GLOBAL,PWRHYDBRAXX,HYDBRAXX,1,2049,1.0
GLOBAL,PWRHYDBRAXX,HYDBRAXX,1,2050,1.0
GLOBAL,PWRHYDBRBXX,HYDBRBXX,1,2023,1.0
GLOBAL,PWRHYDBRBXX,HYDBRBXX,1,2024,1.0
GLOBAL,PWRHYDBRBXX,HYDBRBXX,1,2025,1.0
GLOBAL,PWRHYDBRBXX,HYDBRBXX,1,2026,1.0
GLOBAL,PWRHYDBRBXX,HYDBRBXX,1,2027,1.0
GLOBAL,PWRHYDBRBXX,HYDBRBXX,1,2028,1.0
GLOBAL,PWRHYDBRBXX,HYDBRBXX,1,2029,1.0
GLOBAL,PWRHYDBRBXX,HYDBRBXX,1,2030,1.0
GLOBAL,PWRHYDBRBXX,HYDBRBXX,1,2031,1.0
GLOBAL,PWRHYDBRBXX,HYDBRBXX,1,2032,1.0
GLOBAL,PWRHYDBRBXX,HYDBRBXX,1,2033,1.0
GLOBAL,PWRHYDBRBXX,HYDBRBXX,1,2034,1.0
GLOBAL,PWRHYDBRBXX,HYDBRBXX,1,2035,1.0
GLOBAL,PWRHYDBRBXX,HYDBRBXX,1,2036,1.0
GLOBAL,PWRHYDBRBXX,HYDBRBXX,1,2037,1.0
GLOBAL,PWRHYDBRBXX,HYDBRBXX,1,2038,1.0
GLOBAL,PWRHYDBRBXX,HYDBRBXX,1,2039,1.0
GLOBAL,PWRHYDBRBXX,HYDBRBXX,1,2040,1.0
GLOBAL,PWRHYDBRBXX,HYDBRBXX,1,2041,1.0
GLOBAL,PWRHYDBRBXX,HYDBRBXX,1,2042,1.0
GLOBAL,PWRHYDBRBXX,HYDBRBXX,1,2043,1.0
GLOBAL,PWRHYDBRBXX,HYDBRBXX,1,2044,1.0
GLOBAL,PWRHYDBRBXX,HYDBRBXX,1,2045,1.0
GLOBAL,PWRHYDBRBXX,HYDBRBXX,1,2046,1.0
GLOBAL,PWRHYDBRBXX,HYDBRBXX,1,2047,1.0
GLOBAL,PWRHYDBRBXX,HYDBRBXX,1,2048,1.0
GLOBAL,PWRHYDBRBXX,HYDBRBXX,1,2049,1.0
GLOBAL,PWRHYDBRBXX,HYDBRBXX,1,2050,1.0
GLOBAL,PWRHYDCHLXX,HYDCHLXX,1,2023,1.0
GLOBAL,PWRHYDCHLXX,HYDCHLXX,1,2024,1.0
GLOBAL,PWRHYDCHLXX,HYDCHLXX,1,2025,1.0
GLOBAL,PWRHYDCHLXX,HYDCHLXX,1,2026,1.0
GLOBAL,PWRHYDCHLXX,HYDCHLXX,1,2027,1.0
GLOBAL,PWRHYDCHLXX,HYDCHLXX,1,2028,1.0
GLOBAL,PWRHYDCHLXX,HYDCHLXX,1,2029,1.0
GLOBAL,PWRHYDCHLXX,HYDCHLXX,1,2030,1.0
GLOBAL,PWRHYDCHLXX,HYDCHLXX,1,2031,1.0
GLOBAL,PWRHYDCHLXX,HYDCHLXX,1,2032,1.0
GLOBAL,PWRHYDCHLXX,HYDCHLXX,1,2033,1.0
GLOBAL,PWRHYDCHLXX,HYDCHLXX,1,2034,1.0
GLOBAL,PWRHYDCHLXX,HYDCHLXX,1,2035,1.0
GLOBAL,PWRHYDCHLXX,HYDCHLXX,1,2036,1.0
GLOBAL,PWRHYDCHLXX,HYDCHLXX,1,2037,1.0
GLOBAL,PWRHYDCHLXX,HYDCHLXX,1,2038,1.0
GLOBAL,PWRHYDCHLXX,HYDCHLXX,1,2039,1.0
GLOBAL,PWRHYDCHLXX,HYDCHLXX,1,2040,1.0
GLOBAL,PWRHYDCHLXX,HYDCHLXX,1,2041,1.0
GLOBAL,PWRHYDCHLXX,HYDCHLXX,1,2042,1.0
GLOBAL,PWRHYDCHLXX,HYDCHLXX,1,2043,1.0
GLOBAL,PWRHYDCHLXX,HYDCHLXX,1,2044,1.0
GLOBAL,PWRHYDCHLXX,HYDCHLXX,1,2045,1.0
GLOBAL,PWRHYDCHLXX,HYDCHLXX,1,2046,1.0
GLOBAL,PWRHYDCHLXX,HYDCHLXX,1,2047,1.0
GLOBAL,PWRHYDCHLXX,HYDCHLXX,1,2048,1.0
GLOBAL,PWRHYDCHLXX,HYDCHLXX,1,2049,1.0
GLOBAL,PWRHYDCHLXX,HYDCHLXX,1,2050,1.0
GLOBAL,PWRHYDCOLXX,HYDCOLXX,1,2023,1.0
GLOBAL,PWRHYDCOLXX,HYDCOLXX,1,2024,1.0
GLOBAL,PWRHYDCOLXX,HYDCOLXX,1,2025,1.0
GLOBAL,PWRHYDCOLXX,HYDCOLXX,1,2026,1.0
GLOBAL,PWRHYDCOLXX,HYDCOLXX,1,2027,1.0
GLOBAL,PWRHYDCOLXX,HYDCOLXX,1,2028,1.0
GLOBAL,PWRHYDCOLXX,HYDCOLXX,1,2029,1.0
GLOBAL,PWRHYDCOLXX,HYDCOLXX,1,2030,1.0
GLOBAL,PWRHYDCOLXX,HYDCOLXX,1,2031,1.0
GLOBAL,PWRHYDCOLXX,HYDCOLXX,1,2032,1.0
GLOBAL,PWRHYDCOLXX,HYDCOLXX,1,2033,1.0
GLOBAL,PWRHYDCOLXX,HYDCOLXX,1,2034,1.0
GLOBAL,PWRHYDCOLXX,HYDCOLXX,1,2035,1.0
GLOBAL,PWRHYDCOLXX,HYDCOLXX,1,2036,1.0
GLOBAL,PWRHYDCOLXX,HYDCOLXX,1,2037,1.0
GLOBAL,PWRHYDCOLXX,HYDCOLXX,1,2038,1.0
GLOBAL,PWRHYDCOLXX,HYDCOLXX,1,2039,1.0
GLOBAL,PWRHYDCOLXX,HYDCOLXX,1,2040,1.0
GLOBAL,PWRHYDCOLXX,HYDCOLXX,1,2041,1.0
GLOBAL,PWRHYDCOLXX,HYDCOLXX,1,2042,1.0
GLOBAL,PWRHYDCOLXX,HYDCOLXX,1,2043,1.0
GLOBAL,PWRHYDCOLXX,HYDCOLXX,1,2044,1.0
GLOBAL,PWRHYDCOLXX,HYDCOLXX,1,2045,1.0
GLOBAL,PWRHYDCOLXX,HYDCOLXX,1,2046,1.0
GLOBAL,PWRHYDCOLXX,HYDCOLXX,1,2047,1.0
GLOBAL,PWRHYDCOLXX,HYDCOLXX,1,2048,1.0
GLOBAL,PWRHYDCOLXX,HYDCOLXX,1,2049,1.0
GLOBAL,PWRHYDCOLXX,HYDCOLXX,1,2050,1.0
GLOBAL,PWRHYDCRIXX,HYDCRIXX,1,2023,1.0
GLOBAL,PWRHYDCRIXX,HYDCRIXX,1,2024,1.0
GLOBAL,PWRHYDCRIXX,HYDCRIXX,1,2025,1.0
GLOBAL,PWRHYDCRIXX,HYDCRIXX,1,2026,1.0
GLOBAL,PWRHYDCRIXX,HYDCRIXX,1,2027,1.0
GLOBAL,PWRHYDCRIXX,HYDCRIXX,1,2028,1.0
GLOBAL,PWRHYDCRIXX,HYDCRIXX,1,2029,1.0
GLOBAL,PWRHYDCRIXX,HYDCRIXX,1,2030,1.0
GLOBAL,PWRHYDCRIXX,HYDCRIXX,1,2031,1.0
GLOBAL,PWRHYDCRIXX,HYDCRIXX,1,2032,1.0
GLOBAL,PWRHYDCRIXX,HYDCRIXX,1,2033,1.0
GLOBAL,PWRHYDCRIXX,HYDCRIXX,1,2034,1.0
GLOBAL,PWRHYDCRIXX,HYDCRIXX,1,2035,1.0
GLOBAL,PWRHYDCRIXX,HYDCRIXX,1,2036,1.0
GLOBAL,PWRHYDCRIXX,HYDCRIXX,1,2037,1.0
GLOBAL,PWRHYDCRIXX,HYDCRIXX,1,2038,1.0
GLOBAL,PWRHYDCRIXX,HYDCRIXX,1,2039,1.0
GLOBAL,PWRHYDCRIXX,HYDCRIXX,1,2040,1.0
GLOBAL,PWRHYDCRIXX,HYDCRIXX,1,2041,1.0
GLOBAL,PWRHYDCRIXX,HYDCRIXX,1,2042,1.0
GLOBAL,PWRHYDCRIXX,HYDCRIXX,1,2043,1.0
GLOBAL,PWRHYDCRIXX,HYDCRIXX,1,2044,1.0
GLOBAL,PWRHYDCRIXX,HYDCRIXX,1,2045,1.0
GLOBAL,PWRHYDCRIXX,HYDCRIXX,1,2046,1.0
GLOBAL,PWRHYDCRIXX,HYDCRIXX,1,2047,1.0
GLOBAL,PWRHYDCRIXX,HYDCRIXX,1,2048,1.0
GLOBAL,PWRHYDCRIXX,HYDCRIXX,1,2049,1.0
GLOBAL,PWRHYDCRIXX,HYDCRIXX,1,2050,1.0
GLOBAL,PWRHYDDOMXX,HYDDOMXX,1,2023,1.0
GLOBAL,PWRHYDDOMXX,HYDDOMXX,1,2024,1.0
GLOBAL,PWRHYDDOMXX,HYDDOMXX,1,2025,1.0
GLOBAL,PWRHYDDOMXX,HYDDOMXX,1,2026,1.0
GLOBAL,PWRHYDDOMXX,HYDDOMXX,1,2027,1.0
GLOBAL,PWRHYDDOMXX,HYDDOMXX,1,2028,1.0
GLOBAL,PWRHYDDOMXX,HYDDOMXX,1,2029,1.0
GLOBAL,PWRHYDDOMXX,HYDDOMXX,1,2030,1.0
GLOBAL,PWRHYDDOMXX,HYDDOMXX,1,2031,1.0
GLOBAL,PWRHYDDOMXX,HYDDOMXX,1,2032,1.0
GLOBAL,PWRHYDDOMXX,HYDDOMXX,1,2033,1.0
GLOBAL,PWRHYDDOMXX,HYDDOMXX,1,2034,1.0
GLOBAL,PWRHYDDOMXX,HYDDOMXX,1,2035,1.0
GLOBAL,PWRHYDDOMXX,HYDDOMXX,1,2036,1.0
GLOBAL,PWRHYDDOMXX,HYDDOMXX,1,2037,1.0
GLOBAL,PWRHYDDOMXX,HYDDOMXX,1,2038,1.0
GLOBAL,PWRHYDDOMXX,HYDDOMXX,1,2039,1.0
GLOBAL,PWRHYDDOMXX,HYDDOMXX,1,2040,1.0
GLOBAL,PWRHYDDOMXX,HYDDOMXX,1,2041,1.0
GLOBAL,PWRHYDDOMXX,HYDDOMXX,1,2042,1.0
GLOBAL,PWRHYDDOMXX,HYDDOMXX,1,2043,1.0
GLOBAL,PWRHYDDOMXX,HYDDOMXX,1,2044,1.0
GLOBAL,PWRHYDDOMXX,HYDDOMXX,1,2045,1.0
GLOBAL,PWRHYDDOMXX,HYDDOMXX,1,2046,1.0
GLOBAL,PWRHYDDOMXX,HYDDOMXX,1,2047,1.0
GLOBAL,PWRHYDDOMXX,HYDDOMXX,1,2048,1.0
GLOBAL,PWRHYDDOMXX,HYDDOMXX,1,2049,1.0
GLOBAL,PWRHYDDOMXX,HYDDOMXX,1,2050,1.0
GLOBAL,PWRHYDECUXX,HYDECUXX,1,2023,1.0
GLOBAL,PWRHYDECUXX,HYDECUXX,1,2024,1.0
GLOBAL,PWRHYDECUXX,HYDECUXX,1,2025,1.0
GLOBAL,PWRHYDECUXX,HYDECUXX,1,2026,1.0
GLOBAL,PWRHYDECUXX,HYDECUXX,1,2027,1.0
GLOBAL,PWRHYDECUXX,HYDECUXX,1,2028,1.0
GLOBAL,PWRHYDECUXX,HYDECUXX,1,2029,1.0
GLOBAL,PWRHYDECUXX,HYDECUXX,1,2030,1.0
GLOBAL,PWRHYDECUXX,HYDECUXX,1,2031,1.0
GLOBAL,PWRHYDECUXX,HYDECUXX,1,2032,1.0
GLOBAL,PWRHYDECUXX,HYDECUXX,1,2033,1.0
GLOBAL,PWRHYDECUXX,HYDECUXX,1,2034,1.0
GLOBAL,PWRHYDECUXX,HYDECUXX,1,2035,1.0
GLOBAL,PWRHYDECUXX,HYDECUXX,1,2036,1.0
GLOBAL,PWRHYDECUXX,HYDECUXX,1,2037,1.0
GLOBAL,PWRHYDECUXX,HYDECUXX,1,2038,1.0
GLOBAL,PWRHYDECUXX,HYDECUXX,1,2039,1.0
GLOBAL,PWRHYDECUXX,HYDECUXX,1,2040,1.0
GLOBAL,PWRHYDECUXX,HYDECUXX,1,2041,1.0
GLOBAL,PWRHYDECUXX,HYDECUXX,1,2042,1.0
GLOBAL,PWRHYDECUXX,HYDECUXX,1,2043,1.0
GLOBAL,PWRHYDECUXX,HYDECUXX,1,2044,1.0
GLOBAL,PWRHYDECUXX,HYDECUXX,1,2045,1.0
GLOBAL,PWRHYDECUXX,HYDECUXX,1,2046,1.0
GLOBAL,PWRHYDECUXX,HYDECUXX,1,2047,1.0
GLOBAL,PWRHYDECUXX,HYDECUXX,1,2048,1.0
GLOBAL,PWRHYDECUXX,HYDECUXX,1,2049,1.0
GLOBAL,PWRHYDECUXX,HYDECUXX,1,2050,1.0
GLOBAL,PWRHYDGTMXX,HYDGTMXX,1,2023,1.0
GLOBAL,PWRHYDGTMXX,HYDGTMXX,1,2024,1.0
GLOBAL,PWRHYDGTMXX,HYDGTMXX,1,2025,1.0
GLOBAL,PWRHYDGTMXX,HYDGTMXX,1,2026,1.0
GLOBAL,PWRHYDGTMXX,HYDGTMXX,1,2027,1.0
GLOBAL,PWRHYDGTMXX,HYDGTMXX,1,2028,1.0
GLOBAL,PWRHYDGTMXX,HYDGTMXX,1,2029,1.0
GLOBAL,PWRHYDGTMXX,HYDGTMXX,1,2030,1.0
GLOBAL,PWRHYDGTMXX,HYDGTMXX,1,2031,1.0
GLOBAL,PWRHYDGTMXX,HYDGTMXX,1,2032,1.0
GLOBAL,PWRHYDGTMXX,HYDGTMXX,1,2033,1.0
GLOBAL,PWRHYDGTMXX,HYDGTMXX,1,2034,1.0
GLOBAL,PWRHYDGTMXX,HYDGTMXX,1,2035,1.0
GLOBAL,PWRHYDGTMXX,HYDGTMXX,1,2036,1.0
GLOBAL,PWRHYDGTMXX,HYDGTMXX,1,2037,1.0
GLOBAL,PWRHYDGTMXX,HYDGTMXX,1,2038,1.0
GLOBAL,PWRHYDGTMXX,HYDGTMXX,1,2039,1.0
GLOBAL,PWRHYDGTMXX,HYDGTMXX,1,2040,1.0
GLOBAL,PWRHYDGTMXX,HYDGTMXX,1,2041,1.0
GLOBAL,PWRHYDGTMXX,HYDGTMXX,1,2042,1.0
GLOBAL,PWRHYDGTMXX,HYDGTMXX,1,2043,1.0
GLOBAL,PWRHYDGTMXX,HYDGTMXX,1,2044,1.0
GLOBAL,PWRHYDGTMXX,HYDGTMXX,1,2045,1.0
GLOBAL,PWRHYDGTMXX,HYDGTMXX,1,2046,1.0
GLOBAL,PWRHYDGTMXX,HYDGTMXX,1,2047,1.0
GLOBAL,PWRHYDGTMXX,HYDGTMXX,1,2048,1.0
GLOBAL,PWRHYDGTMXX,HYDGTMXX,1,2049,1.0
GLOBAL,PWRHYDGTMXX,HYDGTMXX,1,2050,1.0
GLOBAL,PWRHYDHNDXX,HYDHNDXX,1,2023,1.0
GLOBAL,PWRHYDHNDXX,HYDHNDXX,1,2024,1.0
GLOBAL,PWRHYDHNDXX,HYDHNDXX,1,2025,1.0
GLOBAL,PWRHYDHNDXX,HYDHNDXX,1,2026,1.0
GLOBAL,PWRHYDHNDXX,HYDHNDXX,1,2027,1.0
GLOBAL,PWRHYDHNDXX,HYDHNDXX,1,2028,1.0
GLOBAL,PWRHYDHNDXX,HYDHNDXX,1,2029,1.0
GLOBAL,PWRHYDHNDXX,HYDHNDXX,1,2030,1.0
GLOBAL,PWRHYDHNDXX,HYDHNDXX,1,2031,1.0
GLOBAL,PWRHYDHNDXX,HYDHNDXX,1,2032,1.0
GLOBAL,PWRHYDHNDXX,HYDHNDXX,1,2033,1.0
GLOBAL,PWRHYDHNDXX,HYDHNDXX,1,2034,1.0
GLOBAL,PWRHYDHNDXX,HYDHNDXX,1,2035,1.0
GLOBAL,PWRHYDHNDXX,HYDHNDXX,1,2036,1.0
GLOBAL,PWRHYDHNDXX,HYDHNDXX,1,2037,1.0
GLOBAL,PWRHYDHNDXX,HYDHNDXX,1,2038,1.0
GLOBAL,PWRHYDHNDXX,HYDHNDXX,1,2039,1.0
GLOBAL,PWRHYDHNDXX,HYDHNDXX,1,2040,1.0
GLOBAL,PWRHYDHNDXX,HYDHNDXX,1,2041,1.0
GLOBAL,PWRHYDHNDXX,HYDHNDXX,1,2042,1.0
GLOBAL,PWRHYDHNDXX,HYDHNDXX,1,2043,1.0
GLOBAL,PWRHYDHNDXX,HYDHNDXX,1,2044,1.0
GLOBAL,PWRHYDHNDXX,HYDHNDXX,1,2045,1.0
GLOBAL,PWRHYDHNDXX,HYDHNDXX,1,2046,1.0
GLOBAL,PWRHYDHNDXX,HYDHNDXX,1,2047,1.0
GLOBAL,PWRHYDHNDXX,HYDHNDXX,1,2048,1.0
GLOBAL,PWRHYDHNDXX,HYDHNDXX,1,2049,1.0
GLOBAL,PWRHYDHNDXX,HYDHNDXX,1,2050,1.0
GLOBAL,PWRHYDHTIXX,HYDHTIXX,1,2023,1.0
GLOBAL,PWRHYDHTIXX,HYDHTIXX,1,2024,1.0
GLOBAL,PWRHYDHTIXX,HYDHTIXX,1,2025,1.0
GLOBAL,PWRHYDHTIXX,HYDHTIXX,1,2026,1.0
GLOBAL,PWRHYDHTIXX,HYDHTIXX,1,2027,1.0
GLOBAL,PWRHYDHTIXX,HYDHTIXX,1,2028,1.0
GLOBAL,PWRHYDHTIXX,HYDHTIXX,1,2029,1.0
GLOBAL,PWRHYDHTIXX,HYDHTIXX,1,2030,1.0
GLOBAL,PWRHYDHTIXX,HYDHTIXX,1,2031,1.0
GLOBAL,PWRHYDHTIXX,HYDHTIXX,1,2032,1.0
GLOBAL,PWRHYDHTIXX,HYDHTIXX,1,2033,1.0
GLOBAL,PWRHYDHTIXX,HYDHTIXX,1,2034,1.0
GLOBAL,PWRHYDHTIXX,HYDHTIXX,1,2035,1.0
GLOBAL,PWRHYDHTIXX,HYDHTIXX,1,2036,1.0
GLOBAL,PWRHYDHTIXX,HYDHTIXX,1,2037,1.0
GLOBAL,PWRHYDHTIXX,HYDHTIXX,1,2038,1.0
GLOBAL,PWRHYDHTIXX,HYDHTIXX,1,2039,1.0
GLOBAL,PWRHYDHTIXX,HYDHTIXX,1,2040,1.0
GLOBAL,PWRHYDHTIXX,HYDHTIXX,1,2041,1.0
GLOBAL,PWRHYDHTIXX,HYDHTIXX,1,2042,1.0
GLOBAL,PWRHYDHTIXX,HYDHTIXX,1,2043,1.0
GLOBAL,PWRHYDHTIXX,HYDHTIXX,1,2044,1.0
GLOBAL,PWRHYDHTIXX,HYDHTIXX,1,2045,1.0
GLOBAL,PWRHYDHTIXX,HYDHTIXX,1,2046,1.0
GLOBAL,PWRHYDHTIXX,HYDHTIXX,1,2047,1.0
GLOBAL,PWRHYDHTIXX,HYDHTIXX,1,2048,1.0
GLOBAL,PWRHYDHTIXX,HYDHTIXX,1,2049,1.0
GLOBAL,PWRHYDHTIXX,HYDHTIXX,1,2050,1.0
GLOBAL,PWRHYDMEXXX,HYDMEXXX,1,2023,1.0
GLOBAL,PWRHYDMEXXX,HYDMEXXX,1,2024,1.0
GLOBAL,PWRHYDMEXXX,HYDMEXXX,1,2025,1.0
GLOBAL,PWRHYDMEXXX,HYDMEXXX,1,2026,1.0
GLOBAL,PWRHYDMEXXX,HYDMEXXX,1,2027,1.0
GLOBAL,PWRHYDMEXXX,HYDMEXXX,1,2028,1.0
GLOBAL,PWRHYDMEXXX,HYDMEXXX,1,2029,1.0
GLOBAL,PWRHYDMEXXX,HYDMEXXX,1,2030,1.0
GLOBAL,PWRHYDMEXXX,HYDMEXXX,1,2031,1.0
GLOBAL,PWRHYDMEXXX,HYDMEXXX,1,2032,1.0
GLOBAL,PWRHYDMEXXX,HYDMEXXX,1,2033,1.0
GLOBAL,PWRHYDMEXXX,HYDMEXXX,1,2034,1.0
GLOBAL,PWRHYDMEXXX,HYDMEXXX,1,2035,1.0
GLOBAL,PWRHYDMEXXX,HYDMEXXX,1,2036,1.0
GLOBAL,PWRHYDMEXXX,HYDMEXXX,1,2037,1.0
GLOBAL,PWRHYDMEXXX,HYDMEXXX,1,2038,1.0
GLOBAL,PWRHYDMEXXX,HYDMEXXX,1,2039,1.0
GLOBAL,PWRHYDMEXXX,HYDMEXXX,1,2040,1.0
GLOBAL,PWRHYDMEXXX,HYDMEXXX,1,2041,1.0
GLOBAL,PWRHYDMEXXX,HYDMEXXX,1,2042,1.0
GLOBAL,PWRHYDMEXXX,HYDMEXXX,1,2043,1.0
GLOBAL,PWRHYDMEXXX,HYDMEXXX,1,2044,1.0
GLOBAL,PWRHYDMEXXX,HYDMEXXX,1,2045,1.0
GLOBAL,PWRHYDMEXXX,HYDMEXXX,1,2046,1.0
GLOBAL,PWRHYDMEXXX,HYDMEXXX,1,2047,1.0
GLOBAL,PWRHYDMEXXX,HYDMEXXX,1,2048,1.0
GLOBAL,PWRHYDMEXXX,HYDMEXXX,1,2049,1.0
GLOBAL,PWRHYDMEXXX,HYDMEXXX,1,2050,1.0
GLOBAL,PWRHYDNICXX,HYDNICXX,1,2023,1.0
GLOBAL,PWRHYDNICXX,HYDNICXX,1,2024,1.0
GLOBAL,PWRHYDNICXX,HYDNICXX,1,2025,1.0
GLOBAL,PWRHYDNICXX,HYDNICXX,1,2026,1.0
GLOBAL,PWRHYDNICXX,HYDNICXX,1,2027,1.0
GLOBAL,PWRHYDNICXX,HYDNICXX,1,2028,1.0
GLOBAL,PWRHYDNICXX,HYDNICXX,1,2029,1.0
GLOBAL,PWRHYDNICXX,HYDNICXX,1,2030,1.0
GLOBAL,PWRHYDNICXX,HYDNICXX,1,2031,1.0
GLOBAL,PWRHYDNICXX,HYDNICXX,1,2032,1.0
GLOBAL,PWRHYDNICXX,HYDNICXX,1,2033,1.0
GLOBAL,PWRHYDNICXX,HYDNICXX,1,2034,1.0
GLOBAL,PWRHYDNICXX,HYDNICXX,1,2035,1.0
GLOBAL,PWRHYDNICXX,HYDNICXX,1,2036,1.0
GLOBAL,PWRHYDNICXX,HYDNICXX,1,2037,1.0
GLOBAL,PWRHYDNICXX,HYDNICXX,1,2038,1.0
GLOBAL,PWRHYDNICXX,HYDNICXX,1,2039,1.0
GLOBAL,PWRHYDNICXX,HYDNICXX,1,2040,1.0
GLOBAL,PWRHYDNICXX,HYDNICXX,1,2041,1.0
GLOBAL,PWRHYDNICXX,HYDNICXX,1,2042,1.0
GLOBAL,PWRHYDNICXX,HYDNICXX,1,2043,1.0
GLOBAL,PWRHYDNICXX,HYDNICXX,1,2044,1.0
GLOBAL,PWRHYDNICXX,HYDNICXX,1,2045,1.0
GLOBAL,PWRHYDNICXX,HYDNICXX,1,2046,1.0
GLOBAL,PWRHYDNICXX,HYDNICXX,1,2047,1.0
GLOBAL,PWRHYDNICXX,HYDNICXX,1,2048,1.0
GLOBAL,PWRHYDNICXX,HYDNICXX,1,2049,1.0
GLOBAL,PWRHYDNICXX,HYDNICXX,1,2050,1.0
GLOBAL,PWRHYDPANXX,HYDPANXX,1,2023,1.0
GLOBAL,PWRHYDPANXX,HYDPANXX,1,2024,1.0
GLOBAL,PWRHYDPANXX,HYDPANXX,1,2025,1.0
GLOBAL,PWRHYDPANXX,HYDPANXX,1,2026,1.0
GLOBAL,PWRHYDPANXX,HYDPANXX,1,2027,1.0
GLOBAL,PWRHYDPANXX,HYDPANXX,1,2028,1.0
GLOBAL,PWRHYDPANXX,HYDPANXX,1,2029,1.0
GLOBAL,PWRHYDPANXX,HYDPANXX,1,2030,1.0
GLOBAL,PWRHYDPANXX,HYDPANXX,1,2031,1.0
GLOBAL,PWRHYDPANXX,HYDPANXX,1,2032,1.0
GLOBAL,PWRHYDPANXX,HYDPANXX,1,2033,1.0
GLOBAL,PWRHYDPANXX,HYDPANXX,1,2034,1.0
GLOBAL,PWRHYDPANXX,HYDPANXX,1,2035,1.0
GLOBAL,PWRHYDPANXX,HYDPANXX,1,2036,1.0
GLOBAL,PWRHYDPANXX,HYDPANXX,1,2037,1.0
GLOBAL,PWRHYDPANXX,HYDPANXX,1,2038,1.0
GLOBAL,PWRHYDPANXX,HYDPANXX,1,2039,1.0
GLOBAL,PWRHYDPANXX,HYDPANXX,1,2040,1.0
GLOBAL,PWRHYDPANXX,HYDPANXX,1,2041,1.0
GLOBAL,PWRHYDPANXX,HYDPANXX,1,2042,1.0
GLOBAL,PWRHYDPANXX,HYDPANXX,1,2043,1.0
GLOBAL,PWRHYDPANXX,HYDPANXX,1,2044,1.0
GLOBAL,PWRHYDPANXX,HYDPANXX,1,2045,1.0
GLOBAL,PWRHYDPANXX,HYDPANXX,1,2046,1.0
GLOBAL,PWRHYDPANXX,HYDPANXX,1,2047,1.0
GLOBAL,PWRHYDPANXX,HYDPANXX,1,2048,1.0
GLOBAL,PWRHYDPANXX,HYDPANXX,1,2049,1.0
GLOBAL,PWRHYDPANXX,HYDPANXX,1,2050,1.0
GLOBAL,PWRHYDPERXX,HYDPERXX,1,2023,1.0
GLOBAL,PWRHYDPERXX,HYDPERXX,1,2024,1.0
GLOBAL,PWRHYDPERXX,HYDPERXX,1,2025,1.0
GLOBAL,PWRHYDPERXX,HYDPERXX,1,2026,1.0
GLOBAL,PWRHYDPERXX,HYDPERXX,1,2027,1.0
GLOBAL,PWRHYDPERXX,HYDPERXX,1,2028,1.0
GLOBAL,PWRHYDPERXX,HYDPERXX,1,2029,1.0
GLOBAL,PWRHYDPERXX,HYDPERXX,1,2030,1.0
GLOBAL,PWRHYDPERXX,HYDPERXX,1,2031,1.0
GLOBAL,PWRHYDPERXX,HYDPERXX,1,2032,1.0
GLOBAL,PWRHYDPERXX,HYDPERXX,1,2033,1.0
GLOBAL,PWRHYDPERXX,HYDPERXX,1,2034,1.0
GLOBAL,PWRHYDPERXX,HYDPERXX,1,2035,1.0
GLOBAL,PWRHYDPERXX,HYDPERXX,1,2036,1.0
GLOBAL,PWRHYDPERXX,HYDPERXX,1,2037,1.0
GLOBAL,PWRHYDPERXX,HYDPERXX,1,2038,1.0
GLOBAL,PWRHYDPERXX,HYDPERXX,1,2039,1.0
GLOBAL,PWRHYDPERXX,HYDPERXX,1,2040,1.0
GLOBAL,PWRHYDPERXX,HYDPERXX,1,2041,1.0
GLOBAL,PWRHYDPERXX,HYDPERXX,1,2042,1.0
GLOBAL,PWRHYDPERXX,HYDPERXX,1,2043,1.0
GLOBAL,PWRHYDPERXX,HYDPERXX,1,2044,1.0
GLOBAL,PWRHYDPERXX,HYDPERXX,1,2045,1.0
GLOBAL,PWRHYDPERXX,HYDPERXX,1,2046,1.0
GLOBAL,PWRHYDPERXX,HYDPERXX,1,2047,1.0
GLOBAL,PWRHYDPERXX,HYDPERXX,1,2048,1.0
GLOBAL,PWRHYDPERXX,HYDPERXX,1,2049,1.0
GLOBAL,PWRHYDPERXX,HYDPERXX,1,2050,1.0
GLOBAL,PWRHYDPRYXX,HYDPRYXX,1,2023,1.0
GLOBAL,PWRHYDPRYXX,HYDPRYXX,1,2024,1.0
GLOBAL,PWRHYDPRYXX,HYDPRYXX,1,2025,1.0
GLOBAL,PWRHYDPRYXX,HYDPRYXX,1,2026,1.0
GLOBAL,PWRHYDPRYXX,HYDPRYXX,1,2027,1.0
GLOBAL,PWRHYDPRYXX,HYDPRYXX,1,2028,1.0
GLOBAL,PWRHYDPRYXX,HYDPRYXX,1,2029,1.0
GLOBAL,PWRHYDPRYXX,HYDPRYXX,1,2030,1.0
GLOBAL,PWRHYDPRYXX,HYDPRYXX,1,2031,1.0
GLOBAL,PWRHYDPRYXX,HYDPRYXX,1,2032,1.0
GLOBAL,PWRHYDPRYXX,HYDPRYXX,1,2033,1.0
GLOBAL,PWRHYDPRYXX,HYDPRYXX,1,2034,1.0
GLOBAL,PWRHYDPRYXX,HYDPRYXX,1,2035,1.0
GLOBAL,PWRHYDPRYXX,HYDPRYXX,1,2036,1.0
GLOBAL,PWRHYDPRYXX,HYDPRYXX,1,2037,1.0
GLOBAL,PWRHYDPRYXX,HYDPRYXX,1,2038,1.0
GLOBAL,PWRHYDPRYXX,HYDPRYXX,1,2039,1.0
GLOBAL,PWRHYDPRYXX,HYDPRYXX,1,2040,1.0
GLOBAL,PWRHYDPRYXX,HYDPRYXX,1,2041,1.0
GLOBAL,PWRHYDPRYXX,HYDPRYXX,1,2042,1.0
GLOBAL,PWRHYDPRYXX,HYDPRYXX,1,2043,1.0
GLOBAL,PWRHYDPRYXX,HYDPRYXX,1,2044,1.0
GLOBAL,PWRHYDPRYXX,HYDPRYXX,1,2045,1.0
GLOBAL,PWRHYDPRYXX,HYDPRYXX,1,2046,1.0
GLOBAL,PWRHYDPRYXX,HYDPRYXX,1,2047,1.0
GLOBAL,PWRHYDPRYXX,HYDPRYXX,1,2048,1.0
GLOBAL,PWRHYDPRYXX,HYDPRYXX,1,2049,1.0
GLOBAL,PWRHYDPRYXX,HYDPRYXX,1,2050,1.0
GLOBAL,PWRHYDSLVXX,HYDSLVXX,1,2023,1.0
GLOBAL,PWRHYDSLVXX,HYDSLVXX,1,2024,1.0
GLOBAL,PWRHYDSLVXX,HYDSLVXX,1,2025,1.0
GLOBAL,PWRHYDSLVXX,HYDSLVXX,1,2026,1.0
GLOBAL,PWRHYDSLVXX,HYDSLVXX,1,2027,1.0
GLOBAL,PWRHYDSLVXX,HYDSLVXX,1,2028,1.0
GLOBAL,PWRHYDSLVXX,HYDSLVXX,1,2029,1.0
GLOBAL,PWRHYDSLVXX,HYDSLVXX,1,2030,1.0
GLOBAL,PWRHYDSLVXX,HYDSLVXX,1,2031,1.0
GLOBAL,PWRHYDSLVXX,HYDSLVXX,1,2032,1.0
GLOBAL,PWRHYDSLVXX,HYDSLVXX,1,2033,1.0
GLOBAL,PWRHYDSLVXX,HYDSLVXX,1,2034,1.0
GLOBAL,PWRHYDSLVXX,HYDSLVXX,1,2035,1.0
GLOBAL,PWRHYDSLVXX,HYDSLVXX,1,2036,1.0
GLOBAL,PWRHYDSLVXX,HYDSLVXX,1,2037,1.0
GLOBAL,PWRHYDSLVXX,HYDSLVXX,1,2038,1.0
GLOBAL,PWRHYDSLVXX,HYDSLVXX,1,2039,1.0
GLOBAL,PWRHYDSLVXX,HYDSLVXX,1,2040,1.0
GLOBAL,PWRHYDSLVXX,HYDSLVXX,1,2041,1.0
GLOBAL,PWRHYDSLVXX,HYDSLVXX,1,2042,1.0
GLOBAL,PWRHYDSLVXX,HYDSLVXX,1,2043,1.0
GLOBAL,PWRHYDSLVXX,HYDSLVXX,1,2044,1.0
GLOBAL,PWRHYDSLVXX,HYDSLVXX,1,2045,1.0
GLOBAL,PWRHYDSLVXX,HYDSLVXX,1,2046,1.0
GLOBAL,PWRHYDSLVXX,HYDSLVXX,1,2047,1.0
GLOBAL,PWRHYDSLVXX,HYDSLVXX,1,2048,1.0
GLOBAL,PWRHYDSLVXX,HYDSLVXX,1,2049,1.0
GLOBAL,PWRHYDSLVXX,HYDSLVXX,1,2050,1.0
GLOBAL,PWRHYDURYXX,HYDURYXX,1,2023,1.0
GLOBAL,PWRHYDURYXX,HYDURYXX,1,2024,1.0
GLOBAL,PWRHYDURYXX,HYDURYXX,1,2025,1.0
GLOBAL,PWRHYDURYXX,HYDURYXX,1,2026,1.0
GLOBAL,PWRHYDURYXX,HYDURYXX,1,2027,1.0
GLOBAL,PWRHYDURYXX,HYDURYXX,1,2028,1.0
GLOBAL,PWRHYDURYXX,HYDURYXX,1,2029,1.0
GLOBAL,PWRHYDURYXX,HYDURYXX,1,2030,1.0
GLOBAL,PWRHYDURYXX,HYDURYXX,1,2031,1.0
GLOBAL,PWRHYDURYXX,HYDURYXX,1,2032,1.0
GLOBAL,PWRHYDURYXX,HYDURYXX,1,2033,1.0
GLOBAL,PWRHYDURYXX,HYDURYXX,1,2034,1.0
GLOBAL,PWRHYDURYXX,HYDURYXX,1,2035,1.0
GLOBAL,PWRHYDURYXX,HYDURYXX,1,2036,1.0
GLOBAL,PWRHYDURYXX,HYDURYXX,1,2037,1.0
GLOBAL,PWRHYDURYXX,HYDURYXX,1,2038,1.0
GLOBAL,PWRHYDURYXX,HYDURYXX,1,2039,1.0
GLOBAL,PWRHYDURYXX,HYDURYXX,1,2040,1.0
GLOBAL,PWRHYDURYXX,HYDURYXX,1,2041,1.0
GLOBAL,PWRHYDURYXX,HYDURYXX,1,2042,1.0
GLOBAL,PWRHYDURYXX,HYDURYXX,1,2043,1.0
GLOBAL,PWRHYDURYXX,HYDURYXX,1,2044,1.0
GLOBAL,PWRHYDURYXX,HYDURYXX,1,2045,1.0
GLOBAL,PWRHYDURYXX,HYDURYXX,1,2046,1.0
GLOBAL,PWRHYDURYXX,HYDURYXX,1,2047,1.0
GLOBAL,PWRHYDURYXX,HYDURYXX,1,2048,1.0
GLOBAL,PWRHYDURYXX,HYDURYXX,1,2049,1.0
GLOBAL,PWRHYDURYXX,HYDURYXX,1,2050,1.0
GLOBAL,PWRLDSARGXX,ELCARGXX01,1,2023,1.0
GLOBAL,PWRLDSARGXX,ELCARGXX01,1,2024,1.0
GLOBAL,PWRLDSARGXX,ELCARGXX01,1,2025,1.0
GLOBAL,PWRLDSARGXX,ELCARGXX01,1,2026,1.0
GLOBAL,PWRLDSARGXX,ELCARGXX01,1,2027,1.0
GLOBAL,PWRLDSARGXX,ELCARGXX01,1,2028,1.0
GLOBAL,PWRLDSARGXX,ELCARGXX01,1,2029,1.0
GLOBAL,PWRLDSARGXX,ELCARGXX01,1,2030,1.0
GLOBAL,PWRLDSARGXX,ELCARGXX01,1,2031,1.0
GLOBAL,PWRLDSARGXX,ELCARGXX01,1,2032,1.0
GLOBAL,PWRLDSARGXX,ELCARGXX01,1,2033,1.0
GLOBAL,PWRLDSARGXX,ELCARGXX01,1,2034,1.0
GLOBAL,PWRLDSARGXX,ELCARGXX01,1,2035,1.0
GLOBAL,PWRLDSARGXX,ELCARGXX01,1,2036,1.0
GLOBAL,PWRLDSARGXX,ELCARGXX01,1,2037,1.0
GLOBAL,PWRLDSARGXX,ELCARGXX01,1,2038,1.0
GLOBAL,PWRLDSARGXX,ELCARGXX01,1,2039,1.0
GLOBAL,PWRLDSARGXX,ELCARGXX01,1,2040,1.0
GLOBAL,PWRLDSARGXX,ELCARGXX01,1,2041,1.0
GLOBAL,PWRLDSARGXX,ELCARGXX01,1,2042,1.0
GLOBAL,PWRLDSARGXX,ELCARGXX01,1,2043,1.0
GLOBAL,PWRLDSARGXX,ELCARGXX01,1,2044,1.0
GLOBAL,PWRLDSARGXX,ELCARGXX01,1,2045,1.0
GLOBAL,PWRLDSARGXX,ELCARGXX01,1,2046,1.0
GLOBAL,PWRLDSARGXX,ELCARGXX01,1,2047,1.0
GLOBAL,PWRLDSARGXX,ELCARGXX01,1,2048,1.0
GLOBAL,PWRLDSARGXX,ELCARGXX01,1,2049,1.0
GLOBAL,PWRLDSARGXX,ELCARGXX01,1,2050,1.0
GLOBAL,PWRLDSBOLXX,ELCBOLXX01,1,2023,1.0
GLOBAL,PWRLDSBOLXX,ELCBOLXX01,1,2024,1.0
GLOBAL,PWRLDSBOLXX,ELCBOLXX01,1,2025,1.0
GLOBAL,PWRLDSBOLXX,ELCBOLXX01,1,2026,1.0
GLOBAL,PWRLDSBOLXX,ELCBOLXX01,1,2027,1.0
GLOBAL,PWRLDSBOLXX,ELCBOLXX01,1,2028,1.0
GLOBAL,PWRLDSBOLXX,ELCBOLXX01,1,2029,1.0
GLOBAL,PWRLDSBOLXX,ELCBOLXX01,1,2030,1.0
GLOBAL,PWRLDSBOLXX,ELCBOLXX01,1,2031,1.0
GLOBAL,PWRLDSBOLXX,ELCBOLXX01,1,2032,1.0
GLOBAL,PWRLDSBOLXX,ELCBOLXX01,1,2033,1.0
GLOBAL,PWRLDSBOLXX,ELCBOLXX01,1,2034,1.0
GLOBAL,PWRLDSBOLXX,ELCBOLXX01,1,2035,1.0
GLOBAL,PWRLDSBOLXX,ELCBOLXX01,1,2036,1.0
GLOBAL,PWRLDSBOLXX,ELCBOLXX01,1,2037,1.0
GLOBAL,PWRLDSBOLXX,ELCBOLXX01,1,2038,1.0
GLOBAL,PWRLDSBOLXX,ELCBOLXX01,1,2039,1.0
GLOBAL,PWRLDSBOLXX,ELCBOLXX01,1,2040,1.0
GLOBAL,PWRLDSBOLXX,ELCBOLXX01,1,2041,1.0
GLOBAL,PWRLDSBOLXX,ELCBOLXX01,1,2042,1.0
GLOBAL,PWRLDSBOLXX,ELCBOLXX01,1,2043,1.0
GLOBAL,PWRLDSBOLXX,ELCBOLXX01,1,2044,1.0
GLOBAL,PWRLDSBOLXX,ELCBOLXX01,1,2045,1.0
GLOBAL,PWRLDSBOLXX,ELCBOLXX01,1,2046,1.0
GLOBAL,PWRLDSBOLXX,ELCBOLXX01,1,2047,1.0
GLOBAL,PWRLDSBOLXX,ELCBOLXX01,1,2048,1.0
GLOBAL,PWRLDSBOLXX,ELCBOLXX01,1,2049,1.0
GLOBAL,PWRLDSBOLXX,ELCBOLXX01,1,2050,1.0
GLOBAL,PWRLDSBRAXX,ELCBRAXX01,1,2023,1.0
GLOBAL,PWRLDSBRAXX,ELCBRAXX01,1,2024,1.0
GLOBAL,PWRLDSBRAXX,ELCBRAXX01,1,2025,1.0
GLOBAL,PWRLDSBRAXX,ELCBRAXX01,1,2026,1.0
GLOBAL,PWRLDSBRAXX,ELCBRAXX01,1,2027,1.0
GLOBAL,PWRLDSBRAXX,ELCBRAXX01,1,2028,1.0
GLOBAL,PWRLDSBRAXX,ELCBRAXX01,1,2029,1.0
GLOBAL,PWRLDSBRAXX,ELCBRAXX01,1,2030,1.0
GLOBAL,PWRLDSBRAXX,ELCBRAXX01,1,2031,1.0
GLOBAL,PWRLDSBRAXX,ELCBRAXX01,1,2032,1.0
GLOBAL,PWRLDSBRAXX,ELCBRAXX01,1,2033,1.0
GLOBAL,PWRLDSBRAXX,ELCBRAXX01,1,2034,1.0
GLOBAL,PWRLDSBRAXX,ELCBRAXX01,1,2035,1.0
GLOBAL,PWRLDSBRAXX,ELCBRAXX01,1,2036,1.0
GLOBAL,PWRLDSBRAXX,ELCBRAXX01,1,2037,1.0
GLOBAL,PWRLDSBRAXX,ELCBRAXX01,1,2038,1.0
GLOBAL,PWRLDSBRAXX,ELCBRAXX01,1,2039,1.0
GLOBAL,PWRLDSBRAXX,ELCBRAXX01,1,2040,1.0
GLOBAL,PWRLDSBRAXX,ELCBRAXX01,1,2041,1.0
GLOBAL,PWRLDSBRAXX,ELCBRAXX01,1,2042,1.0
GLOBAL,PWRLDSBRAXX,ELCBRAXX01,1,2043,1.0
GLOBAL,PWRLDSBRAXX,ELCBRAXX01,1,2044,1.0
GLOBAL,PWRLDSBRAXX,ELCBRAXX01,1,2045,1.0
GLOBAL,PWRLDSBRAXX,ELCBRAXX01,1,2046,1.0
GLOBAL,PWRLDSBRAXX,ELCBRAXX01,1,2047,1.0
GLOBAL,PWRLDSBRAXX,ELCBRAXX01,1,2048,1.0
GLOBAL,PWRLDSBRAXX,ELCBRAXX01,1,2049,1.0
GLOBAL,PWRLDSBRAXX,ELCBRAXX01,1,2050,1.0
GLOBAL,PWRLDSBRBXX,ELCBRBXX01,1,2023,1.0
GLOBAL,PWRLDSBRBXX,ELCBRBXX01,1,2024,1.0
GLOBAL,PWRLDSBRBXX,ELCBRBXX01,1,2025,1.0
GLOBAL,PWRLDSBRBXX,ELCBRBXX01,1,2026,1.0
GLOBAL,PWRLDSBRBXX,ELCBRBXX01,1,2027,1.0
GLOBAL,PWRLDSBRBXX,ELCBRBXX01,1,2028,1.0
GLOBAL,PWRLDSBRBXX,ELCBRBXX01,1,2029,1.0
GLOBAL,PWRLDSBRBXX,ELCBRBXX01,1,2030,1.0
GLOBAL,PWRLDSBRBXX,ELCBRBXX01,1,2031,1.0
GLOBAL,PWRLDSBRBXX,ELCBRBXX01,1,2032,1.0
GLOBAL,PWRLDSBRBXX,ELCBRBXX01,1,2033,1.0
GLOBAL,PWRLDSBRBXX,ELCBRBXX01,1,2034,1.0
GLOBAL,PWRLDSBRBXX,ELCBRBXX01,1,2035,1.0
GLOBAL,PWRLDSBRBXX,ELCBRBXX01,1,2036,1.0
GLOBAL,PWRLDSBRBXX,ELCBRBXX01,1,2037,1.0
GLOBAL,PWRLDSBRBXX,ELCBRBXX01,1,2038,1.0
GLOBAL,PWRLDSBRBXX,ELCBRBXX01,1,2039,1.0
GLOBAL,PWRLDSBRBXX,ELCBRBXX01,1,2040,1.0
GLOBAL,PWRLDSBRBXX,ELCBRBXX01,1,2041,1.0
GLOBAL,PWRLDSBRBXX,ELCBRBXX01,1,2042,1.0
GLOBAL,PWRLDSBRBXX,ELCBRBXX01,1,2043,1.0
GLOBAL,PWRLDSBRBXX,ELCBRBXX01,1,2044,1.0
GLOBAL,PWRLDSBRBXX,ELCBRBXX01,1,2045,1.0
GLOBAL,PWRLDSBRBXX,ELCBRBXX01,1,2046,1.0
GLOBAL,PWRLDSBRBXX,ELCBRBXX01,1,2047,1.0
GLOBAL,PWRLDSBRBXX,ELCBRBXX01,1,2048,1.0
GLOBAL,PWRLDSBRBXX,ELCBRBXX01,1,2049,1.0
GLOBAL,PWRLDSBRBXX,ELCBRBXX01,1,2050,1.0
GLOBAL,PWRLDSCHLXX,ELCCHLXX01,1,2023,1.0
GLOBAL,PWRLDSCHLXX,ELCCHLXX01,1,2024,1.0
GLOBAL,PWRLDSCHLXX,ELCCHLXX01,1,2025,1.0
GLOBAL,PWRLDSCHLXX,ELCCHLXX01,1,2026,1.0
GLOBAL,PWRLDSCHLXX,ELCCHLXX01,1,2027,1.0
GLOBAL,PWRLDSCHLXX,ELCCHLXX01,1,2028,1.0
GLOBAL,PWRLDSCHLXX,ELCCHLXX01,1,2029,1.0
GLOBAL,PWRLDSCHLXX,ELCCHLXX01,1,2030,1.0
GLOBAL,PWRLDSCHLXX,ELCCHLXX01,1,2031,1.0
GLOBAL,PWRLDSCHLXX,ELCCHLXX01,1,2032,1.0
GLOBAL,PWRLDSCHLXX,ELCCHLXX01,1,2033,1.0
GLOBAL,PWRLDSCHLXX,ELCCHLXX01,1,2034,1.0
GLOBAL,PWRLDSCHLXX,ELCCHLXX01,1,2035,1.0
GLOBAL,PWRLDSCHLXX,ELCCHLXX01,1,2036,1.0
GLOBAL,PWRLDSCHLXX,ELCCHLXX01,1,2037,1.0
GLOBAL,PWRLDSCHLXX,ELCCHLXX01,1,2038,1.0
GLOBAL,PWRLDSCHLXX,ELCCHLXX01,1,2039,1.0
GLOBAL,PWRLDSCHLXX,ELCCHLXX01,1,2040,1.0
GLOBAL,PWRLDSCHLXX,ELCCHLXX01,1,2041,1.0
GLOBAL,PWRLDSCHLXX,ELCCHLXX01,1,2042,1.0
GLOBAL,PWRLDSCHLXX,ELCCHLXX01,1,2043,1.0
GLOBAL,PWRLDSCHLXX,ELCCHLXX01,1,2044,1.0
GLOBAL,PWRLDSCHLXX,ELCCHLXX01,1,2045,1.0
GLOBAL,PWRLDSCHLXX,ELCCHLXX01,1,2046,1.0
GLOBAL,PWRLDSCHLXX,ELCCHLXX01,1,2047,1.0
GLOBAL,PWRLDSCHLXX,ELCCHLXX01,1,2048,1.0
GLOBAL,PWRLDSCHLXX,ELCCHLXX01,1,2049,1.0
GLOBAL,PWRLDSCHLXX,ELCCHLXX01,1,2050,1.0
GLOBAL,PWRLDSCOLXX,ELCCOLXX01,1,2023,1.0
GLOBAL,PWRLDSCOLXX,ELCCOLXX01,1,2024,1.0
GLOBAL,PWRLDSCOLXX,ELCCOLXX01,1,2025,1.0
GLOBAL,PWRLDSCOLXX,ELCCOLXX01,1,2026,1.0
GLOBAL,PWRLDSCOLXX,ELCCOLXX01,1,2027,1.0
GLOBAL,PWRLDSCOLXX,ELCCOLXX01,1,2028,1.0
GLOBAL,PWRLDSCOLXX,ELCCOLXX01,1,2029,1.0
GLOBAL,PWRLDSCOLXX,ELCCOLXX01,1,2030,1.0
GLOBAL,PWRLDSCOLXX,ELCCOLXX01,1,2031,1.0
GLOBAL,PWRLDSCOLXX,ELCCOLXX01,1,2032,1.0
GLOBAL,PWRLDSCOLXX,ELCCOLXX01,1,2033,1.0
GLOBAL,PWRLDSCOLXX,ELCCOLXX01,1,2034,1.0
GLOBAL,PWRLDSCOLXX,ELCCOLXX01,1,2035,1.0
GLOBAL,PWRLDSCOLXX,ELCCOLXX01,1,2036,1.0
GLOBAL,PWRLDSCOLXX,ELCCOLXX01,1,2037,1.0
GLOBAL,PWRLDSCOLXX,ELCCOLXX01,1,2038,1.0
GLOBAL,PWRLDSCOLXX,ELCCOLXX01,1,2039,1.0
GLOBAL,PWRLDSCOLXX,ELCCOLXX01,1,2040,1.0
GLOBAL,PWRLDSCOLXX,ELCCOLXX01,1,2041,1.0
GLOBAL,PWRLDSCOLXX,ELCCOLXX01,1,2042,1.0
GLOBAL,PWRLDSCOLXX,ELCCOLXX01,1,2043,1.0
GLOBAL,PWRLDSCOLXX,ELCCOLXX01,1,2044,1.0
GLOBAL,PWRLDSCOLXX,ELCCOLXX01,1,2045,1.0
GLOBAL,PWRLDSCOLXX,ELCCOLXX01,1,2046,1.0
GLOBAL,PWRLDSCOLXX,ELCCOLXX01,1,2047,1.0
GLOBAL,PWRLDSCOLXX,ELCCOLXX01,1,2048,1.0
GLOBAL,PWRLDSCOLXX,ELCCOLXX01,1,2049,1.0
GLOBAL,PWRLDSCOLXX,ELCCOLXX01,1,2050,1.0
GLOBAL,PWRLDSCRIXX,ELCCRIXX01,1,2023,1.0
GLOBAL,PWRLDSCRIXX,ELCCRIXX01,1,2024,1.0
GLOBAL,PWRLDSCRIXX,ELCCRIXX01,1,2025,1.0
GLOBAL,PWRLDSCRIXX,ELCCRIXX01,1,2026,1.0
GLOBAL,PWRLDSCRIXX,ELCCRIXX01,1,2027,1.0
GLOBAL,PWRLDSCRIXX,ELCCRIXX01,1,2028,1.0
GLOBAL,PWRLDSCRIXX,ELCCRIXX01,1,2029,1.0
GLOBAL,PWRLDSCRIXX,ELCCRIXX01,1,2030,1.0
GLOBAL,PWRLDSCRIXX,ELCCRIXX01,1,2031,1.0
GLOBAL,PWRLDSCRIXX,ELCCRIXX01,1,2032,1.0
GLOBAL,PWRLDSCRIXX,ELCCRIXX01,1,2033,1.0
GLOBAL,PWRLDSCRIXX,ELCCRIXX01,1,2034,1.0
GLOBAL,PWRLDSCRIXX,ELCCRIXX01,1,2035,1.0
GLOBAL,PWRLDSCRIXX,ELCCRIXX01,1,2036,1.0
GLOBAL,PWRLDSCRIXX,ELCCRIXX01,1,2037,1.0
GLOBAL,PWRLDSCRIXX,ELCCRIXX01,1,2038,1.0
GLOBAL,PWRLDSCRIXX,ELCCRIXX01,1,2039,1.0
GLOBAL,PWRLDSCRIXX,ELCCRIXX01,1,2040,1.0
GLOBAL,PWRLDSCRIXX,ELCCRIXX01,1,2041,1.0
GLOBAL,PWRLDSCRIXX,ELCCRIXX01,1,2042,1.0
GLOBAL,PWRLDSCRIXX,ELCCRIXX01,1,2043,1.0
GLOBAL,PWRLDSCRIXX,ELCCRIXX01,1,2044,1.0
GLOBAL,PWRLDSCRIXX,ELCCRIXX01,1,2045,1.0
GLOBAL,PWRLDSCRIXX,ELCCRIXX01,1,2046,1.0
GLOBAL,PWRLDSCRIXX,ELCCRIXX01,1,2047,1.0
GLOBAL,PWRLDSCRIXX,ELCCRIXX01,1,2048,1.0
GLOBAL,PWRLDSCRIXX,ELCCRIXX01,1,2049,1.0
GLOBAL,PWRLDSCRIXX,ELCCRIXX01,1,2050,1.0
GLOBAL,PWRLDSDOMXX,ELCDOMXX01,1,2023,1.0
GLOBAL,PWRLDSDOMXX,ELCDOMXX01,1,2024,1.0
GLOBAL,PWRLDSDOMXX,ELCDOMXX01,1,2025,1.0
GLOBAL,PWRLDSDOMXX,ELCDOMXX01,1,2026,1.0
GLOBAL,PWRLDSDOMXX,ELCDOMXX01,1,2027,1.0
GLOBAL,PWRLDSDOMXX,ELCDOMXX01,1,2028,1.0
GLOBAL,PWRLDSDOMXX,ELCDOMXX01,1,2029,1.0
GLOBAL,PWRLDSDOMXX,ELCDOMXX01,1,2030,1.0
GLOBAL,PWRLDSDOMXX,ELCDOMXX01,1,2031,1.0
GLOBAL,PWRLDSDOMXX,ELCDOMXX01,1,2032,1.0
GLOBAL,PWRLDSDOMXX,ELCDOMXX01,1,2033,1.0
GLOBAL,PWRLDSDOMXX,ELCDOMXX01,1,2034,1.0
GLOBAL,PWRLDSDOMXX,ELCDOMXX01,1,2035,1.0
GLOBAL,PWRLDSDOMXX,ELCDOMXX01,1,2036,1.0
GLOBAL,PWRLDSDOMXX,ELCDOMXX01,1,2037,1.0
GLOBAL,PWRLDSDOMXX,ELCDOMXX01,1,2038,1.0
GLOBAL,PWRLDSDOMXX,ELCDOMXX01,1,2039,1.0
GLOBAL,PWRLDSDOMXX,ELCDOMXX01,1,2040,1.0
GLOBAL,PWRLDSDOMXX,ELCDOMXX01,1,2041,1.0
GLOBAL,PWRLDSDOMXX,ELCDOMXX01,1,2042,1.0
GLOBAL,PWRLDSDOMXX,ELCDOMXX01,1,2043,1.0
GLOBAL,PWRLDSDOMXX,ELCDOMXX01,1,2044,1.0
GLOBAL,PWRLDSDOMXX,ELCDOMXX01,1,2045,1.0
GLOBAL,PWRLDSDOMXX,ELCDOMXX01,1,2046,1.0
GLOBAL,PWRLDSDOMXX,ELCDOMXX01,1,2047,1.0
GLOBAL,PWRLDSDOMXX,ELCDOMXX01,1,2048,1.0
GLOBAL,PWRLDSDOMXX,ELCDOMXX01,1,2049,1.0
GLOBAL,PWRLDSDOMXX,ELCDOMXX01,1,2050,1.0
GLOBAL,PWRLDSECUXX,ELCECUXX01,1,2023,1.0
GLOBAL,PWRLDSECUXX,ELCECUXX01,1,2024,1.0
GLOBAL,PWRLDSECUXX,ELCECUXX01,1,2025,1.0
GLOBAL,PWRLDSECUXX,ELCECUXX01,1,2026,1.0
GLOBAL,PWRLDSECUXX,ELCECUXX01,1,2027,1.0
GLOBAL,PWRLDSECUXX,ELCECUXX01,1,2028,1.0
GLOBAL,PWRLDSECUXX,ELCECUXX01,1,2029,1.0
GLOBAL,PWRLDSECUXX,ELCECUXX01,1,2030,1.0
GLOBAL,PWRLDSECUXX,ELCECUXX01,1,2031,1.0
GLOBAL,PWRLDSECUXX,ELCECUXX01,1,2032,1.0
GLOBAL,PWRLDSECUXX,ELCECUXX01,1,2033,1.0
GLOBAL,PWRLDSECUXX,ELCECUXX01,1,2034,1.0
GLOBAL,PWRLDSECUXX,ELCECUXX01,1,2035,1.0
GLOBAL,PWRLDSECUXX,ELCECUXX01,1,2036,1.0
GLOBAL,PWRLDSECUXX,ELCECUXX01,1,2037,1.0
GLOBAL,PWRLDSECUXX,ELCECUXX01,1,2038,1.0
GLOBAL,PWRLDSECUXX,ELCECUXX01,1,2039,1.0
GLOBAL,PWRLDSECUXX,ELCECUXX01,1,2040,1.0
GLOBAL,PWRLDSECUXX,ELCECUXX01,1,2041,1.0
GLOBAL,PWRLDSECUXX,ELCECUXX01,1,2042,1.0
GLOBAL,PWRLDSECUXX,ELCECUXX01,1,2043,1.0
GLOBAL,PWRLDSECUXX,ELCECUXX01,1,2044,1.0
GLOBAL,PWRLDSECUXX,ELCECUXX01,1,2045,1.0
GLOBAL,PWRLDSECUXX,ELCECUXX01,1,2046,1.0
GLOBAL,PWRLDSECUXX,ELCECUXX01,1,2047,1.0
GLOBAL,PWRLDSECUXX,ELCECUXX01,1,2048,1.0
GLOBAL,PWRLDSECUXX,ELCECUXX01,1,2049,1.0
GLOBAL,PWRLDSECUXX,ELCECUXX01,1,2050,1.0
GLOBAL,PWRLDSGTMXX,ELCGTMXX01,1,2023,1.0
GLOBAL,PWRLDSGTMXX,ELCGTMXX01,1,2024,1.0
GLOBAL,PWRLDSGTMXX,ELCGTMXX01,1,2025,1.0
GLOBAL,PWRLDSGTMXX,ELCGTMXX01,1,2026,1.0
GLOBAL,PWRLDSGTMXX,ELCGTMXX01,1,2027,1.0
GLOBAL,PWRLDSGTMXX,ELCGTMXX01,1,2028,1.0
GLOBAL,PWRLDSGTMXX,ELCGTMXX01,1,2029,1.0
GLOBAL,PWRLDSGTMXX,ELCGTMXX01,1,2030,1.0
GLOBAL,PWRLDSGTMXX,ELCGTMXX01,1,2031,1.0
GLOBAL,PWRLDSGTMXX,ELCGTMXX01,1,2032,1.0
GLOBAL,PWRLDSGTMXX,ELCGTMXX01,1,2033,1.0
GLOBAL,PWRLDSGTMXX,ELCGTMXX01,1,2034,1.0
GLOBAL,PWRLDSGTMXX,ELCGTMXX01,1,2035,1.0
GLOBAL,PWRLDSGTMXX,ELCGTMXX01,1,2036,1.0
GLOBAL,PWRLDSGTMXX,ELCGTMXX01,1,2037,1.0
GLOBAL,PWRLDSGTMXX,ELCGTMXX01,1,2038,1.0
GLOBAL,PWRLDSGTMXX,ELCGTMXX01,1,2039,1.0
GLOBAL,PWRLDSGTMXX,ELCGTMXX01,1,2040,1.0
GLOBAL,PWRLDSGTMXX,ELCGTMXX01,1,2041,1.0
GLOBAL,PWRLDSGTMXX,ELCGTMXX01,1,2042,1.0
GLOBAL,PWRLDSGTMXX,ELCGTMXX01,1,2043,1.0
GLOBAL,PWRLDSGTMXX,ELCGTMXX01,1,2044,1.0
GLOBAL,PWRLDSGTMXX,ELCGTMXX01,1,2045,1.0
GLOBAL,PWRLDSGTMXX,ELCGTMXX01,1,2046,1.0
GLOBAL,PWRLDSGTMXX,ELCGTMXX01,1,2047,1.0
GLOBAL,PWRLDSGTMXX,ELCGTMXX01,1,2048,1.0
GLOBAL,PWRLDSGTMXX,ELCGTMXX01,1,2049,1.0
GLOBAL,PWRLDSGTMXX,ELCGTMXX01,1,2050,1.0
GLOBAL,PWRLDSHNDXX,ELCHNDXX01,1,2023,1.0
GLOBAL,PWRLDSHNDXX,ELCHNDXX01,1,2024,1.0
GLOBAL,PWRLDSHNDXX,ELCHNDXX01,1,2025,1.0
GLOBAL,PWRLDSHNDXX,ELCHNDXX01,1,2026,1.0
GLOBAL,PWRLDSHNDXX,ELCHNDXX01,1,2027,1.0
GLOBAL,PWRLDSHNDXX,ELCHNDXX01,1,2028,1.0
GLOBAL,PWRLDSHNDXX,ELCHNDXX01,1,2029,1.0
GLOBAL,PWRLDSHNDXX,ELCHNDXX01,1,2030,1.0
GLOBAL,PWRLDSHNDXX,ELCHNDXX01,1,2031,1.0
GLOBAL,PWRLDSHNDXX,ELCHNDXX01,1,2032,1.0
GLOBAL,PWRLDSHNDXX,ELCHNDXX01,1,2033,1.0
GLOBAL,PWRLDSHNDXX,ELCHNDXX01,1,2034,1.0
GLOBAL,PWRLDSHNDXX,ELCHNDXX01,1,2035,1.0
GLOBAL,PWRLDSHNDXX,ELCHNDXX01,1,2036,1.0
GLOBAL,PWRLDSHNDXX,ELCHNDXX01,1,2037,1.0
GLOBAL,PWRLDSHNDXX,ELCHNDXX01,1,2038,1.0
GLOBAL,PWRLDSHNDXX,ELCHNDXX01,1,2039,1.0
GLOBAL,PWRLDSHNDXX,ELCHNDXX01,1,2040,1.0
GLOBAL,PWRLDSHNDXX,ELCHNDXX01,1,2041,1.0
GLOBAL,PWRLDSHNDXX,ELCHNDXX01,1,2042,1.0
GLOBAL,PWRLDSHNDXX,ELCHNDXX01,1,2043,1.0
GLOBAL,PWRLDSHNDXX,ELCHNDXX01,1,2044,1.0
GLOBAL,PWRLDSHNDXX,ELCHNDXX01,1,2045,1.0
GLOBAL,PWRLDSHNDXX,ELCHNDXX01,1,2046,1.0
GLOBAL,PWRLDSHNDXX,ELCHNDXX01,1,2047,1.0
GLOBAL,PWRLDSHNDXX,ELCHNDXX01,1,2048,1.0
GLOBAL,PWRLDSHNDXX,ELCHNDXX01,1,2049,1.0
GLOBAL,PWRLDSHNDXX,ELCHNDXX01,1,2050,1.0
GLOBAL,PWRLDSHTIXX,ELCHTIXX01,1,2023,1.0
GLOBAL,PWRLDSHTIXX,ELCHTIXX01,1,2024,1.0
GLOBAL,PWRLDSHTIXX,ELCHTIXX01,1,2025,1.0
GLOBAL,PWRLDSHTIXX,ELCHTIXX01,1,2026,1.0
GLOBAL,PWRLDSHTIXX,ELCHTIXX01,1,2027,1.0
GLOBAL,PWRLDSHTIXX,ELCHTIXX01,1,2028,1.0
GLOBAL,PWRLDSHTIXX,ELCHTIXX01,1,2029,1.0
GLOBAL,PWRLDSHTIXX,ELCHTIXX01,1,2030,1.0
GLOBAL,PWRLDSHTIXX,ELCHTIXX01,1,2031,1.0
GLOBAL,PWRLDSHTIXX,ELCHTIXX01,1,2032,1.0
GLOBAL,PWRLDSHTIXX,ELCHTIXX01,1,2033,1.0
GLOBAL,PWRLDSHTIXX,ELCHTIXX01,1,2034,1.0
GLOBAL,PWRLDSHTIXX,ELCHTIXX01,1,2035,1.0
GLOBAL,PWRLDSHTIXX,ELCHTIXX01,1,2036,1.0
GLOBAL,PWRLDSHTIXX,ELCHTIXX01,1,2037,1.0
GLOBAL,PWRLDSHTIXX,ELCHTIXX01,1,2038,1.0
GLOBAL,PWRLDSHTIXX,ELCHTIXX01,1,2039,1.0
GLOBAL,PWRLDSHTIXX,ELCHTIXX01,1,2040,1.0
GLOBAL,PWRLDSHTIXX,ELCHTIXX01,1,2041,1.0
GLOBAL,PWRLDSHTIXX,ELCHTIXX01,1,2042,1.0
GLOBAL,PWRLDSHTIXX,ELCHTIXX01,1,2043,1.0
GLOBAL,PWRLDSHTIXX,ELCHTIXX01,1,2044,1.0
GLOBAL,PWRLDSHTIXX,ELCHTIXX01,1,2045,1.0
GLOBAL,PWRLDSHTIXX,ELCHTIXX01,1,2046,1.0
GLOBAL,PWRLDSHTIXX,ELCHTIXX01,1,2047,1.0
GLOBAL,PWRLDSHTIXX,ELCHTIXX01,1,2048,1.0
GLOBAL,PWRLDSHTIXX,ELCHTIXX01,1,2049,1.0
GLOBAL,PWRLDSHTIXX,ELCHTIXX01,1,2050,1.0
GLOBAL,PWRLDSMEXXX,ELCMEXXX01,1,2023,1.0
GLOBAL,PWRLDSMEXXX,ELCMEXXX01,1,2024,1.0
GLOBAL,PWRLDSMEXXX,ELCMEXXX01,1,2025,1.0
GLOBAL,PWRLDSMEXXX,ELCMEXXX01,1,2026,1.0
GLOBAL,PWRLDSMEXXX,ELCMEXXX01,1,2027,1.0
GLOBAL,PWRLDSMEXXX,ELCMEXXX01,1,2028,1.0
GLOBAL,PWRLDSMEXXX,ELCMEXXX01,1,2029,1.0
GLOBAL,PWRLDSMEXXX,ELCMEXXX01,1,2030,1.0
GLOBAL,PWRLDSMEXXX,ELCMEXXX01,1,2031,1.0
GLOBAL,PWRLDSMEXXX,ELCMEXXX01,1,2032,1.0
GLOBAL,PWRLDSMEXXX,ELCMEXXX01,1,2033,1.0
GLOBAL,PWRLDSMEXXX,ELCMEXXX01,1,2034,1.0
GLOBAL,PWRLDSMEXXX,ELCMEXXX01,1,2035,1.0
GLOBAL,PWRLDSMEXXX,ELCMEXXX01,1,2036,1.0
GLOBAL,PWRLDSMEXXX,ELCMEXXX01,1,2037,1.0
GLOBAL,PWRLDSMEXXX,ELCMEXXX01,1,2038,1.0
GLOBAL,PWRLDSMEXXX,ELCMEXXX01,1,2039,1.0
GLOBAL,PWRLDSMEXXX,ELCMEXXX01,1,2040,1.0
GLOBAL,PWRLDSMEXXX,ELCMEXXX01,1,2041,1.0
GLOBAL,PWRLDSMEXXX,ELCMEXXX01,1,2042,1.0
GLOBAL,PWRLDSMEXXX,ELCMEXXX01,1,2043,1.0
GLOBAL,PWRLDSMEXXX,ELCMEXXX01,1,2044,1.0
GLOBAL,PWRLDSMEXXX,ELCMEXXX01,1,2045,1.0
GLOBAL,PWRLDSMEXXX,ELCMEXXX01,1,2046,1.0
GLOBAL,PWRLDSMEXXX,ELCMEXXX01,1,2047,1.0
GLOBAL,PWRLDSMEXXX,ELCMEXXX01,1,2048,1.0
GLOBAL,PWRLDSMEXXX,ELCMEXXX01,1,2049,1.0
GLOBAL,PWRLDSMEXXX,ELCMEXXX01,1,2050,1.0
GLOBAL,PWRLDSNICXX,ELCNICXX01,1,2023,1.0
GLOBAL,PWRLDSNICXX,ELCNICXX01,1,2024,1.0
GLOBAL,PWRLDSNICXX,ELCNICXX01,1,2025,1.0
GLOBAL,PWRLDSNICXX,ELCNICXX01,1,2026,1.0
GLOBAL,PWRLDSNICXX,ELCNICXX01,1,2027,1.0
GLOBAL,PWRLDSNICXX,ELCNICXX01,1,2028,1.0
GLOBAL,PWRLDSNICXX,ELCNICXX01,1,2029,1.0
GLOBAL,PWRLDSNICXX,ELCNICXX01,1,2030,1.0
GLOBAL,PWRLDSNICXX,ELCNICXX01,1,2031,1.0
GLOBAL,PWRLDSNICXX,ELCNICXX01,1,2032,1.0
GLOBAL,PWRLDSNICXX,ELCNICXX01,1,2033,1.0
GLOBAL,PWRLDSNICXX,ELCNICXX01,1,2034,1.0
GLOBAL,PWRLDSNICXX,ELCNICXX01,1,2035,1.0
GLOBAL,PWRLDSNICXX,ELCNICXX01,1,2036,1.0
GLOBAL,PWRLDSNICXX,ELCNICXX01,1,2037,1.0
GLOBAL,PWRLDSNICXX,ELCNICXX01,1,2038,1.0
GLOBAL,PWRLDSNICXX,ELCNICXX01,1,2039,1.0
GLOBAL,PWRLDSNICXX,ELCNICXX01,1,2040,1.0
GLOBAL,PWRLDSNICXX,ELCNICXX01,1,2041,1.0
GLOBAL,PWRLDSNICXX,ELCNICXX01,1,2042,1.0
GLOBAL,PWRLDSNICXX,ELCNICXX01,1,2043,1.0
GLOBAL,PWRLDSNICXX,ELCNICXX01,1,2044,1.0
GLOBAL,PWRLDSNICXX,ELCNICXX01,1,2045,1.0
GLOBAL,PWRLDSNICXX,ELCNICXX01,1,2046,1.0
GLOBAL,PWRLDSNICXX,ELCNICXX01,1,2047,1.0
GLOBAL,PWRLDSNICXX,ELCNICXX01,1,2048,1.0
GLOBAL,PWRLDSNICXX,ELCNICXX01,1,2049,1.0
GLOBAL,PWRLDSNICXX,ELCNICXX01,1,2050,1.0
GLOBAL,PWRLDSPANXX,ELCPANXX01,1,2023,1.0
GLOBAL,PWRLDSPANXX,ELCPANXX01,1,2024,1.0
GLOBAL,PWRLDSPANXX,ELCPANXX01,1,2025,1.0
GLOBAL,PWRLDSPANXX,ELCPANXX01,1,2026,1.0
GLOBAL,PWRLDSPANXX,ELCPANXX01,1,2027,1.0
GLOBAL,PWRLDSPANXX,ELCPANXX01,1,2028,1.0
GLOBAL,PWRLDSPANXX,ELCPANXX01,1,2029,1.0
GLOBAL,PWRLDSPANXX,ELCPANXX01,1,2030,1.0
GLOBAL,PWRLDSPANXX,ELCPANXX01,1,2031,1.0
GLOBAL,PWRLDSPANXX,ELCPANXX01,1,2032,1.0
GLOBAL,PWRLDSPANXX,ELCPANXX01,1,2033,1.0
GLOBAL,PWRLDSPANXX,ELCPANXX01,1,2034,1.0
GLOBAL,PWRLDSPANXX,ELCPANXX01,1,2035,1.0
GLOBAL,PWRLDSPANXX,ELCPANXX01,1,2036,1.0
GLOBAL,PWRLDSPANXX,ELCPANXX01,1,2037,1.0
GLOBAL,PWRLDSPANXX,ELCPANXX01,1,2038,1.0
GLOBAL,PWRLDSPANXX,ELCPANXX01,1,2039,1.0
GLOBAL,PWRLDSPANXX,ELCPANXX01,1,2040,1.0
GLOBAL,PWRLDSPANXX,ELCPANXX01,1,2041,1.0
GLOBAL,PWRLDSPANXX,ELCPANXX01,1,2042,1.0
GLOBAL,PWRLDSPANXX,ELCPANXX01,1,2043,1.0
GLOBAL,PWRLDSPANXX,ELCPANXX01,1,2044,1.0
GLOBAL,PWRLDSPANXX,ELCPANXX01,1,2045,1.0
GLOBAL,PWRLDSPANXX,ELCPANXX01,1,2046,1.0
GLOBAL,PWRLDSPANXX,ELCPANXX01,1,2047,1.0
GLOBAL,PWRLDSPANXX,ELCPANXX01,1,2048,1.0
GLOBAL,PWRLDSPANXX,ELCPANXX01,1,2049,1.0
GLOBAL,PWRLDSPANXX,ELCPANXX01,1,2050,1.0
GLOBAL,PWRLDSPERXX,ELCPERXX01,1,2023,1.0
GLOBAL,PWRLDSPERXX,ELCPERXX01,1,2024,1.0
GLOBAL,PWRLDSPERXX,ELCPERXX01,1,2025,1.0
GLOBAL,PWRLDSPERXX,ELCPERXX01,1,2026,1.0
GLOBAL,PWRLDSPERXX,ELCPERXX01,1,2027,1.0
GLOBAL,PWRLDSPERXX,ELCPERXX01,1,2028,1.0
GLOBAL,PWRLDSPERXX,ELCPERXX01,1,2029,1.0
GLOBAL,PWRLDSPERXX,ELCPERXX01,1,2030,1.0
GLOBAL,PWRLDSPERXX,ELCPERXX01,1,2031,1.0
GLOBAL,PWRLDSPERXX,ELCPERXX01,1,2032,1.0
GLOBAL,PWRLDSPERXX,ELCPERXX01,1,2033,1.0
GLOBAL,PWRLDSPERXX,ELCPERXX01,1,2034,1.0
GLOBAL,PWRLDSPERXX,ELCPERXX01,1,2035,1.0
GLOBAL,PWRLDSPERXX,ELCPERXX01,1,2036,1.0
GLOBAL,PWRLDSPERXX,ELCPERXX01,1,2037,1.0
GLOBAL,PWRLDSPERXX,ELCPERXX01,1,2038,1.0
GLOBAL,PWRLDSPERXX,ELCPERXX01,1,2039,1.0
GLOBAL,PWRLDSPERXX,ELCPERXX01,1,2040,1.0
GLOBAL,PWRLDSPERXX,ELCPERXX01,1,2041,1.0
GLOBAL,PWRLDSPERXX,ELCPERXX01,1,2042,1.0
GLOBAL,PWRLDSPERXX,ELCPERXX01,1,2043,1.0
GLOBAL,PWRLDSPERXX,ELCPERXX01,1,2044,1.0
GLOBAL,PWRLDSPERXX,ELCPERXX01,1,2045,1.0
GLOBAL,PWRLDSPERXX,ELCPERXX01,1,2046,1.0
GLOBAL,PWRLDSPERXX,ELCPERXX01,1,2047,1.0
GLOBAL,PWRLDSPERXX,ELCPERXX01,1,2048,1.0
GLOBAL,PWRLDSPERXX,ELCPERXX01,1,2049,1.0
GLOBAL,PWRLDSPERXX,ELCPERXX01,1,2050,1.0
GLOBAL,PWRLDSPRYXX,ELCPRYXX01,1,2023,1.0
GLOBAL,PWRLDSPRYXX,ELCPRYXX01,1,2024,1.0
GLOBAL,PWRLDSPRYXX,ELCPRYXX01,1,2025,1.0
GLOBAL,PWRLDSPRYXX,ELCPRYXX01,1,2026,1.0
GLOBAL,PWRLDSPRYXX,ELCPRYXX01,1,2027,1.0
GLOBAL,PWRLDSPRYXX,ELCPRYXX01,1,2028,1.0
GLOBAL,PWRLDSPRYXX,ELCPRYXX01,1,2029,1.0
GLOBAL,PWRLDSPRYXX,ELCPRYXX01,1,2030,1.0
GLOBAL,PWRLDSPRYXX,ELCPRYXX01,1,2031,1.0
GLOBAL,PWRLDSPRYXX,ELCPRYXX01,1,2032,1.0
GLOBAL,PWRLDSPRYXX,ELCPRYXX01,1,2033,1.0
GLOBAL,PWRLDSPRYXX,ELCPRYXX01,1,2034,1.0
GLOBAL,PWRLDSPRYXX,ELCPRYXX01,1,2035,1.0
GLOBAL,PWRLDSPRYXX,ELCPRYXX01,1,2036,1.0
GLOBAL,PWRLDSPRYXX,ELCPRYXX01,1,2037,1.0
GLOBAL,PWRLDSPRYXX,ELCPRYXX01,1,2038,1.0
GLOBAL,PWRLDSPRYXX,ELCPRYXX01,1,2039,1.0
GLOBAL,PWRLDSPRYXX,ELCPRYXX01,1,2040,1.0
GLOBAL,PWRLDSPRYXX,ELCPRYXX01,1,2041,1.0
GLOBAL,PWRLDSPRYXX,ELCPRYXX01,1,2042,1.0
GLOBAL,PWRLDSPRYXX,ELCPRYXX01,1,2043,1.0
GLOBAL,PWRLDSPRYXX,ELCPRYXX01,1,2044,1.0
GLOBAL,PWRLDSPRYXX,ELCPRYXX01,1,2045,1.0
GLOBAL,PWRLDSPRYXX,ELCPRYXX01,1,2046,1.0
GLOBAL,PWRLDSPRYXX,ELCPRYXX01,1,2047,1.0
GLOBAL,PWRLDSPRYXX,ELCPRYXX01,1,2048,1.0
GLOBAL,PWRLDSPRYXX,ELCPRYXX01,1,2049,1.0
GLOBAL,PWRLDSPRYXX,ELCPRYXX01,1,2050,1.0
GLOBAL,PWRLDSSLVXX,ELCSLVXX01,1,2023,1.0
GLOBAL,PWRLDSSLVXX,ELCSLVXX01,1,2024,1.0
GLOBAL,PWRLDSSLVXX,ELCSLVXX01,1,2025,1.0
GLOBAL,PWRLDSSLVXX,ELCSLVXX01,1,2026,1.0
GLOBAL,PWRLDSSLVXX,ELCSLVXX01,1,2027,1.0
GLOBAL,PWRLDSSLVXX,ELCSLVXX01,1,2028,1.0
GLOBAL,PWRLDSSLVXX,ELCSLVXX01,1,2029,1.0
GLOBAL,PWRLDSSLVXX,ELCSLVXX01,1,2030,1.0
GLOBAL,PWRLDSSLVXX,ELCSLVXX01,1,2031,1.0
GLOBAL,PWRLDSSLVXX,ELCSLVXX01,1,2032,1.0
GLOBAL,PWRLDSSLVXX,ELCSLVXX01,1,2033,1.0
GLOBAL,PWRLDSSLVXX,ELCSLVXX01,1,2034,1.0
GLOBAL,PWRLDSSLVXX,ELCSLVXX01,1,2035,1.0
GLOBAL,PWRLDSSLVXX,ELCSLVXX01,1,2036,1.0
GLOBAL,PWRLDSSLVXX,ELCSLVXX01,1,2037,1.0
GLOBAL,PWRLDSSLVXX,ELCSLVXX01,1,2038,1.0
GLOBAL,PWRLDSSLVXX,ELCSLVXX01,1,2039,1.0
GLOBAL,PWRLDSSLVXX,ELCSLVXX01,1,2040,1.0
GLOBAL,PWRLDSSLVXX,ELCSLVXX01,1,2041,1.0
GLOBAL,PWRLDSSLVXX,ELCSLVXX01,1,2042,1.0
GLOBAL,PWRLDSSLVXX,ELCSLVXX01,1,2043,1.0
GLOBAL,PWRLDSSLVXX,ELCSLVXX01,1,2044,1.0
GLOBAL,PWRLDSSLVXX,ELCSLVXX01,1,2045,1.0
GLOBAL,PWRLDSSLVXX,ELCSLVXX01,1,2046,1.0
GLOBAL,PWRLDSSLVXX,ELCSLVXX01,1,2047,1.0
GLOBAL,PWRLDSSLVXX,ELCSLVXX01,1,2048,1.0
GLOBAL,PWRLDSSLVXX,ELCSLVXX01,1,2049,1.0
GLOBAL,PWRLDSSLVXX,ELCSLVXX01,1,2050,1.0
GLOBAL,PWRLDSURYXX,ELCURYXX01,1,2023,1.0
GLOBAL,PWRLDSURYXX,ELCURYXX01,1,2024,1.0
GLOBAL,PWRLDSURYXX,ELCURYXX01,1,2025,1.0
GLOBAL,PWRLDSURYXX,ELCURYXX01,1,2026,1.0
GLOBAL,PWRLDSURYXX,ELCURYXX01,1,2027,1.0
GLOBAL,PWRLDSURYXX,ELCURYXX01,1,2028,1.0
GLOBAL,PWRLDSURYXX,ELCURYXX01,1,2029,1.0
GLOBAL,PWRLDSURYXX,ELCURYXX01,1,2030,1.0
GLOBAL,PWRLDSURYXX,ELCURYXX01,1,2031,1.0
GLOBAL,PWRLDSURYXX,ELCURYXX01,1,2032,1.0
GLOBAL,PWRLDSURYXX,ELCURYXX01,1,2033,1.0
GLOBAL,PWRLDSURYXX,ELCURYXX01,1,2034,1.0
GLOBAL,PWRLDSURYXX,ELCURYXX01,1,2035,1.0
GLOBAL,PWRLDSURYXX,ELCURYXX01,1,2036,1.0
GLOBAL,PWRLDSURYXX,ELCURYXX01,1,2037,1.0
GLOBAL,PWRLDSURYXX,ELCURYXX01,1,2038,1.0
GLOBAL,PWRLDSURYXX,ELCURYXX01,1,2039,1.0
GLOBAL,PWRLDSURYXX,ELCURYXX01,1,2040,1.0
GLOBAL,PWRLDSURYXX,ELCURYXX01,1,2041,1.0
GLOBAL,PWRLDSURYXX,ELCURYXX01,1,2042,1.0
GLOBAL,PWRLDSURYXX,ELCURYXX01,1,2043,1.0
GLOBAL,PWRLDSURYXX,ELCURYXX01,1,2044,1.0
GLOBAL,PWRLDSURYXX,ELCURYXX01,1,2045,1.0
GLOBAL,PWRLDSURYXX,ELCURYXX01,1,2046,1.0
GLOBAL,PWRLDSURYXX,ELCURYXX01,1,2047,1.0
GLOBAL,PWRLDSURYXX,ELCURYXX01,1,2048,1.0
GLOBAL,PWRLDSURYXX,ELCURYXX01,1,2049,1.0
GLOBAL,PWRLDSURYXX,ELCURYXX01,1,2050,1.0
GLOBAL,PWRNGSARGXX,GASARG,1,2023,2.57425
GLOBAL,PWRNGSARGXX,GASARG,1,2024,2.57425
GLOBAL,PWRNGSARGXX,GASARG,1,2025,2.57425
GLOBAL,PWRNGSARGXX,GASARG,1,2026,2.57425
GLOBAL,PWRNGSARGXX,GASARG,1,2027,2.57425
GLOBAL,PWRNGSARGXX,GASARG,1,2028,2.57425
GLOBAL,PWRNGSARGXX,GASARG,1,2029,2.57425
GLOBAL,PWRNGSARGXX,GASARG,1,2030,2.57425
GLOBAL,PWRNGSARGXX,GASARG,1,2031,2.57425
GLOBAL,PWRNGSARGXX,GASARG,1,2032,2.57425
GLOBAL,PWRNGSARGXX,GASARG,1,2033,2.57425
GLOBAL,PWRNGSARGXX,GASARG,1,2034,2.57425
GLOBAL,PWRNGSARGXX,GASARG,1,2035,2.57425
GLOBAL,PWRNGSARGXX,GASARG,1,2036,2.57425
GLOBAL,PWRNGSARGXX,GASARG,1,2037,2.57425
GLOBAL,PWRNGSARGXX,GASARG,1,2038,2.57425
GLOBAL,PWRNGSARGXX,GASARG,1,2039,2.57425
GLOBAL,PWRNGSARGXX,GASARG,1,2040,2.57425
GLOBAL,PWRNGSARGXX,GASARG,1,2041,2.57425
GLOBAL,PWRNGSARGXX,GASARG,1,2042,2.57425
GLOBAL,PWRNGSARGXX,GASARG,1,2043,2.57425
GLOBAL,PWRNGSARGXX,GASARG,1,2044,2.57425
GLOBAL,PWRNGSARGXX,GASARG,1,2045,2.57425
GLOBAL,PWRNGSARGXX,GASARG,1,2046,2.57425
GLOBAL,PWRNGSARGXX,GASARG,1,2047,2.57425
GLOBAL,PWRNGSARGXX,GASARG,1,2048,2.57425
GLOBAL,PWRNGSARGXX,GASARG,1,2049,2.57425
GLOBAL,PWRNGSARGXX,GASARG,1,2050,2.57425
GLOBAL,PWRNGSARGXX,GASINT,2,2023,2.57425
GLOBAL,PWRNGSARGXX,GASINT,2,2024,2.57425
GLOBAL,PWRNGSARGXX,GASINT,2,2025,2.57425
GLOBAL,PWRNGSARGXX,GASINT,2,2026,2.57425
GLOBAL,PWRNGSARGXX,GASINT,2,2027,2.57425
GLOBAL,PWRNGSARGXX,GASINT,2,2028,2.57425
GLOBAL,PWRNGSARGXX,GASINT,2,2029,2.57425
GLOBAL,PWRNGSARGXX,GASINT,2,2030,2.57425
GLOBAL,PWRNGSARGXX,GASINT,2,2031,2.57425
GLOBAL,PWRNGSARGXX,GASINT,2,2032,2.57425
GLOBAL,PWRNGSARGXX,GASINT,2,2033,2.57425
GLOBAL,PWRNGSARGXX,GASINT,2,2034,2.57425
GLOBAL,PWRNGSARGXX,GASINT,2,2035,2.57425
GLOBAL,PWRNGSARGXX,GASINT,2,2036,2.57425
GLOBAL,PWRNGSARGXX,GASINT,2,2037,2.57425
GLOBAL,PWRNGSARGXX,GASINT,2,2038,2.57425
GLOBAL,PWRNGSARGXX,GASINT,2,2039,2.57425
GLOBAL,PWRNGSARGXX,GASINT,2,2040,2.57425
GLOBAL,PWRNGSARGXX,GASINT,2,2041,2.57425
GLOBAL,PWRNGSARGXX,GASINT,2,2042,2.57425
GLOBAL,PWRNGSARGXX,GASINT,2,2043,2.57425
GLOBAL,PWRNGSARGXX,GASINT,2,2044,2.57425
GLOBAL,PWRNGSARGXX,GASINT,2,2045,2.57425
GLOBAL,PWRNGSARGXX,GASINT,2,2046,2.57425
GLOBAL,PWRNGSARGXX,GASINT,2,2047,2.57425
GLOBAL,PWRNGSARGXX,GASINT,2,2048,2.57425
GLOBAL,PWRNGSARGXX,GASINT,2,2049,2.57425
GLOBAL,PWRNGSARGXX,GASINT,2,2050,2.57425
GLOBAL,PWRNGSBOLXX,GASBOL,1,2023,2.5642500000000004
GLOBAL,PWRNGSBOLXX,GASBOL,1,2024,2.5642500000000004
GLOBAL,PWRNGSBOLXX,GASBOL,1,2025,2.5642500000000004
GLOBAL,PWRNGSBOLXX,GASBOL,1,2026,2.5642500000000004
GLOBAL,PWRNGSBOLXX,GASBOL,1,2027,2.5642500000000004
GLOBAL,PWRNGSBOLXX,GASBOL,1,2028,2.5642500000000004
GLOBAL,PWRNGSBOLXX,GASBOL,1,2029,2.5642500000000004
GLOBAL,PWRNGSBOLXX,GASBOL,1,2030,2.5642500000000004
GLOBAL,PWRNGSBOLXX,GASBOL,1,2031,2.5642500000000004
GLOBAL,PWRNGSBOLXX,GASBOL,1,2032,2.5642500000000004
GLOBAL,PWRNGSBOLXX,GASBOL,1,2033,2.5642500000000004
GLOBAL,PWRNGSBOLXX,GASBOL,1,2034,2.5642500000000004
GLOBAL,PWRNGSBOLXX,GASBOL,1,2035,2.5642500000000004
GLOBAL,PWRNGSBOLXX,GASBOL,1,2036,2.5642500000000004
GLOBAL,PWRNGSBOLXX,GASBOL,1,2037,2.5642500000000004
GLOBAL,PWRNGSBOLXX,GASBOL,1,2038,2.5642500000000004
GLOBAL,PWRNGSBOLXX,GASBOL,1,2039,2.5642500000000004
GLOBAL,PWRNGSBOLXX,GASBOL,1,2040,2.5642500000000004
GLOBAL,PWRNGSBOLXX,GASBOL,1,2041,2.5642500000000004
GLOBAL,PWRNGSBOLXX,GASBOL,1,2042,2.5642500000000004
GLOBAL,PWRNGSBOLXX,GASBOL,1,2043,2.5642500000000004
GLOBAL,PWRNGSBOLXX,GASBOL,1,2044,2.5642500000000004
GLOBAL,PWRNGSBOLXX,GASBOL,1,2045,2.5642500000000004
GLOBAL,PWRNGSBOLXX,GASBOL,1,2046,2.5642500000000004
GLOBAL,PWRNGSBOLXX,GASBOL,1,2047,2.5642500000000004
GLOBAL,PWRNGSBOLXX,GASBOL,1,2048,2.5642500000000004
GLOBAL,PWRNGSBOLXX,GASBOL,1,2049,2.5642500000000004
GLOBAL,PWRNGSBOLXX,GASBOL,1,2050,2.5642500000000004
GLOBAL,PWRNGSBOLXX,GASINT,2,2023,2.5642500000000004
GLOBAL,PWRNGSBOLXX,GASINT,2,2024,2.5642500000000004
GLOBAL,PWRNGSBOLXX,GASINT,2,2025,2.5642500000000004
GLOBAL,PWRNGSBOLXX,GASINT,2,2026,2.5642500000000004
GLOBAL,PWRNGSBOLXX,GASINT,2,2027,2.5642500000000004
GLOBAL,PWRNGSBOLXX,GASINT,2,2028,2.5642500000000004
GLOBAL,PWRNGSBOLXX,GASINT,2,2029,2.5642500000000004
GLOBAL,PWRNGSBOLXX,GASINT,2,2030,2.5642500000000004
GLOBAL,PWRNGSBOLXX,GASINT,2,2031,2.5642500000000004
GLOBAL,PWRNGSBOLXX,GASINT,2,2032,2.5642500000000004
GLOBAL,PWRNGSBOLXX,GASINT,2,2033,2.5642500000000004
GLOBAL,PWRNGSBOLXX,GASINT,2,2034,2.5642500000000004
GLOBAL,PWRNGSBOLXX,GASINT,2,2035,2.5642500000000004
GLOBAL,PWRNGSBOLXX,GASINT,2,2036,2.5642500000000004
GLOBAL,PWRNGSBOLXX,GASINT,2,2037,2.5642500000000004
GLOBAL,PWRNGSBOLXX,GASINT,2,2038,2.5642500000000004
GLOBAL,PWRNGSBOLXX,GASINT,2,2039,2.5642500000000004
GLOBAL,PWRNGSBOLXX,GASINT,2,2040,2.5642500000000004
GLOBAL,PWRNGSBOLXX,GASINT,2,2041,2.5642500000000004
GLOBAL,PWRNGSBOLXX,GASINT,2,2042,2.5642500000000004
GLOBAL,PWRNGSBOLXX,GASINT,2,2043,2.5642500000000004
GLOBAL,PWRNGSBOLXX,GASINT,2,2044,2.5642500000000004
GLOBAL,PWRNGSBOLXX,GASINT,2,2045,2.5642500000000004
GLOBAL,PWRNGSBOLXX,GASINT,2,2046,2.5642500000000004
GLOBAL,PWRNGSBOLXX,GASINT,2,2047,2.5642500000000004
GLOBAL,PWRNGSBOLXX,GASINT,2,2048,2.5642500000000004
GLOBAL,PWRNGSBOLXX,GASINT,2,2049,2.5642500000000004
GLOBAL,PWRNGSBOLXX,GASINT,2,2050,2.5642500000000004
GLOBAL,PWRNGSBRAXX,GASBRA,1,2023,2.626392857142857
GLOBAL,PWRNGSBRAXX,GASBRA,1,2024,2.626392857142857
GLOBAL,PWRNGSBRAXX,GASBRA,1,2025,2.626392857142857
GLOBAL,PWRNGSBRAXX,GASBRA,1,2026,2.626392857142857
GLOBAL,PWRNGSBRAXX,GASBRA,1,2027,2.626392857142857
GLOBAL,PWRNGSBRAXX,GASBRA,1,2028,2.626392857142857
GLOBAL,PWRNGSBRAXX,GASBRA,1,2029,2.626392857142857
GLOBAL,PWRNGSBRAXX,GASBRA,1,2030,2.626392857142857
GLOBAL,PWRNGSBRAXX,GASBRA,1,2031,2.626392857142857
GLOBAL,PWRNGSBRAXX,GASBRA,1,2032,2.626392857142857
GLOBAL,PWRNGSBRAXX,GASBRA,1,2033,2.626392857142857
GLOBAL,PWRNGSBRAXX,GASBRA,1,2034,2.626392857142857
GLOBAL,PWRNGSBRAXX,GASBRA,1,2035,2.626392857142857
GLOBAL,PWRNGSBRAXX,GASBRA,1,2036,2.626392857142857
GLOBAL,PWRNGSBRAXX,GASBRA,1,2037,2.626392857142857
GLOBAL,PWRNGSBRAXX,GASBRA,1,2038,2.626392857142857
GLOBAL,PWRNGSBRAXX,GASBRA,1,2039,2.626392857142857
GLOBAL,PWRNGSBRAXX,GASBRA,1,2040,2.626392857142857
GLOBAL,PWRNGSBRAXX,GASBRA,1,2041,2.626392857142857
GLOBAL,PWRNGSBRAXX,GASBRA,1,2042,2.626392857142857
GLOBAL,PWRNGSBRAXX,GASBRA,1,2043,2.626392857142857
GLOBAL,PWRNGSBRAXX,GASBRA,1,2044,2.626392857142857
GLOBAL,PWRNGSBRAXX,GASBRA,1,2045,2.626392857142857
GLOBAL,PWRNGSBRAXX,GASBRA,1,2046,2.626392857142857
GLOBAL,PWRNGSBRAXX,GASBRA,1,2047,2.626392857142857
GLOBAL,PWRNGSBRAXX,GASBRA,1,2048,2.626392857142857
GLOBAL,PWRNGSBRAXX,GASBRA,1,2049,2.626392857142857
GLOBAL,PWRNGSBRAXX,GASBRA,1,2050,2.626392857142857
GLOBAL,PWRNGSBRAXX,GASINT,2,2023,2.626392857142857
GLOBAL,PWRNGSBRAXX,GASINT,2,2024,2.626392857142857
GLOBAL,PWRNGSBRAXX,GASINT,2,2025,2.626392857142857
GLOBAL,PWRNGSBRAXX,GASINT,2,2026,2.626392857142857
GLOBAL,PWRNGSBRAXX,GASINT,2,2027,2.626392857142857
GLOBAL,PWRNGSBRAXX,GASINT,2,2028,2.626392857142857
GLOBAL,PWRNGSBRAXX,GASINT,2,2029,2.626392857142857
GLOBAL,PWRNGSBRAXX,GASINT,2,2030,2.626392857142857
GLOBAL,PWRNGSBRAXX,GASINT,2,2031,2.626392857142857
GLOBAL,PWRNGSBRAXX,GASINT,2,2032,2.626392857142857
GLOBAL,PWRNGSBRAXX,GASINT,2,2033,2.626392857142857
GLOBAL,PWRNGSBRAXX,GASINT,2,2034,2.626392857142857
GLOBAL,PWRNGSBRAXX,GASINT,2,2035,2.626392857142857
GLOBAL,PWRNGSBRAXX,GASINT,2,2036,2.626392857142857
GLOBAL,PWRNGSBRAXX,GASINT,2,2037,2.626392857142857
GLOBAL,PWRNGSBRAXX,GASINT,2,2038,2.626392857142857
GLOBAL,PWRNGSBRAXX,GASINT,2,2039,2.626392857142857
GLOBAL,PWRNGSBRAXX,GASINT,2,2040,2.626392857142857
GLOBAL,PWRNGSBRAXX,GASINT,2,2041,2.626392857142857
GLOBAL,PWRNGSBRAXX,GASINT,2,2042,2.626392857142857
GLOBAL,PWRNGSBRAXX,GASINT,2,2043,2.626392857142857
GLOBAL,PWRNGSBRAXX,GASINT,2,2044,2.626392857142857
GLOBAL,PWRNGSBRAXX,GASINT,2,2045,2.626392857142857
GLOBAL,PWRNGSBRAXX,GASINT,2,2046,2.626392857142857
GLOBAL,PWRNGSBRAXX,GASINT,2,2047,2.626392857142857
GLOBAL,PWRNGSBRAXX,GASINT,2,2048,2.626392857142857
GLOBAL,PWRNGSBRAXX,GASINT,2,2049,2.626392857142857
GLOBAL,PWRNGSBRAXX,GASINT,2,2050,2.626392857142857
GLOBAL,PWRNGSBRBXX,GASBRB,1,2023,2.53175
GLOBAL,PWRNGSBRBXX,GASBRB,1,2024,2.53175
GLOBAL,PWRNGSBRBXX,GASBRB,1,2025,2.53175
GLOBAL,PWRNGSBRBXX,GASBRB,1,2026,2.53175
GLOBAL,PWRNGSBRBXX,GASBRB,1,2027,2.53175
GLOBAL,PWRNGSBRBXX,GASBRB,1,2028,2.53175
GLOBAL,PWRNGSBRBXX,GASBRB,1,2029,2.53175
GLOBAL,PWRNGSBRBXX,GASBRB,1,2030,2.53175
GLOBAL,PWRNGSBRBXX,GASBRB,1,2031,2.53175
GLOBAL,PWRNGSBRBXX,GASBRB,1,2032,2.53175
GLOBAL,PWRNGSBRBXX,GASBRB,1,2033,2.53175
GLOBAL,PWRNGSBRBXX,GASBRB,1,2034,2.53175
GLOBAL,PWRNGSBRBXX,GASBRB,1,2035,2.53175
GLOBAL,PWRNGSBRBXX,GASBRB,1,2036,2.53175
GLOBAL,PWRNGSBRBXX,GASBRB,1,2037,2.53175
GLOBAL,PWRNGSBRBXX,GASBRB,1,2038,2.53175
GLOBAL,PWRNGSBRBXX,GASBRB,1,2039,2.53175
GLOBAL,PWRNGSBRBXX,GASBRB,1,2040,2.53175
GLOBAL,PWRNGSBRBXX,GASBRB,1,2041,2.53175
GLOBAL,PWRNGSBRBXX,GASBRB,1,2042,2.53175
GLOBAL,PWRNGSBRBXX,GASBRB,1,2043,2.53175
GLOBAL,PWRNGSBRBXX,GASBRB,1,2044,2.53175
GLOBAL,PWRNGSBRBXX,GASBRB,1,2045,2.53175
GLOBAL,PWRNGSBRBXX,GASBRB,1,2046,2.53175
GLOBAL,PWRNGSBRBXX,GASBRB,1,2047,2.53175
GLOBAL,PWRNGSBRBXX,GASBRB,1,2048,2.53175
GLOBAL,PWRNGSBRBXX,GASBRB,1,2049,2.53175
GLOBAL,PWRNGSBRBXX,GASBRB,1,2050,2.53175
GLOBAL,PWRNGSBRBXX,GASINT,2,2023,2.53175
GLOBAL,PWRNGSBRBXX,GASINT,2,2024,2.53175
GLOBAL,PWRNGSBRBXX,GASINT,2,2025,2.53175
GLOBAL,PWRNGSBRBXX,GASINT,2,2026,2.53175
GLOBAL,PWRNGSBRBXX,GASINT,2,2027,2.53175
GLOBAL,PWRNGSBRBXX,GASINT,2,2028,2.53175
GLOBAL,PWRNGSBRBXX,GASINT,2,2029,2.53175
GLOBAL,PWRNGSBRBXX,GASINT,2,2030,2.53175
GLOBAL,PWRNGSBRBXX,GASINT,2,2031,2.53175
GLOBAL,PWRNGSBRBXX,GASINT,2,2032,2.53175
GLOBAL,PWRNGSBRBXX,GASINT,2,2033,2.53175
GLOBAL,PWRNGSBRBXX,GASINT,2,2034,2.53175
GLOBAL,PWRNGSBRBXX,GASINT,2,2035,2.53175
GLOBAL,PWRNGSBRBXX,GASINT,2,2036,2.53175
GLOBAL,PWRNGSBRBXX,GASINT,2,2037,2.53175
GLOBAL,PWRNGSBRBXX,GASINT,2,2038,2.53175
GLOBAL,PWRNGSBRBXX,GASINT,2,2039,2.53175
GLOBAL,PWRNGSBRBXX,GASINT,2,2040,2.53175
GLOBAL,PWRNGSBRBXX,GASINT,2,2041,2.53175
GLOBAL,PWRNGSBRBXX,GASINT,2,2042,2.53175
GLOBAL,PWRNGSBRBXX,GASINT,2,2043,2.53175
GLOBAL,PWRNGSBRBXX,GASINT,2,2044,2.53175
GLOBAL,PWRNGSBRBXX,GASINT,2,2045,2.53175
GLOBAL,PWRNGSBRBXX,GASINT,2,2046,2.53175
GLOBAL,PWRNGSBRBXX,GASINT,2,2047,2.53175
GLOBAL,PWRNGSBRBXX,GASINT,2,2048,2.53175
GLOBAL,PWRNGSBRBXX,GASINT,2,2049,2.53175
GLOBAL,PWRNGSBRBXX,GASINT,2,2050,2.53175
GLOBAL,PWRNGSCHLXX,GASCHL,1,2023,2.63675
GLOBAL,PWRNGSCHLXX,GASCHL,1,2024,2.63675
GLOBAL,PWRNGSCHLXX,GASCHL,1,2025,2.63675
GLOBAL,PWRNGSCHLXX,GASCHL,1,2026,2.63675
GLOBAL,PWRNGSCHLXX,GASCHL,1,2027,2.63675
GLOBAL,PWRNGSCHLXX,GASCHL,1,2028,2.63675
GLOBAL,PWRNGSCHLXX,GASCHL,1,2029,2.63675
GLOBAL,PWRNGSCHLXX,GASCHL,1,2030,2.63675
GLOBAL,PWRNGSCHLXX,GASCHL,1,2031,2.63675
GLOBAL,PWRNGSCHLXX,GASCHL,1,2032,2.63675
GLOBAL,PWRNGSCHLXX,GASCHL,1,2033,2.63675
GLOBAL,PWRNGSCHLXX,GASCHL,1,2034,2.63675
GLOBAL,PWRNGSCHLXX,GASCHL,1,2035,2.63675
GLOBAL,PWRNGSCHLXX,GASCHL,1,2036,2.63675
GLOBAL,PWRNGSCHLXX,GASCHL,1,2037,2.63675
GLOBAL,PWRNGSCHLXX,GASCHL,1,2038,2.63675
GLOBAL,PWRNGSCHLXX,GASCHL,1,2039,2.63675
GLOBAL,PWRNGSCHLXX,GASCHL,1,2040,2.63675
GLOBAL,PWRNGSCHLXX,GASCHL,1,2041,2.63675
GLOBAL,PWRNGSCHLXX,GASCHL,1,2042,2.63675
GLOBAL,PWRNGSCHLXX,GASCHL,1,2043,2.63675
GLOBAL,PWRNGSCHLXX,GASCHL,1,2044,2.63675
GLOBAL,PWRNGSCHLXX,GASCHL,1,2045,2.63675
GLOBAL,PWRNGSCHLXX,GASCHL,1,2046,2.63675
GLOBAL,PWRNGSCHLXX,GASCHL,1,2047,2.63675
GLOBAL,PWRNGSCHLXX,GASCHL,1,2048,2.63675
GLOBAL,PWRNGSCHLXX,GASCHL,1,2049,2.63675
GLOBAL,PWRNGSCHLXX,GASCHL,1,2050,2.63675
GLOBAL,PWRNGSCHLXX,GASINT,2,2023,2.63675
GLOBAL,PWRNGSCHLXX,GASINT,2,2024,2.63675
GLOBAL,PWRNGSCHLXX,GASINT,2,2025,2.63675
GLOBAL,PWRNGSCHLXX,GASINT,2,2026,2.63675
GLOBAL,PWRNGSCHLXX,GASINT,2,2027,2.63675
GLOBAL,PWRNGSCHLXX,GASINT,2,2028,2.63675
GLOBAL,PWRNGSCHLXX,GASINT,2,2029,2.63675
GLOBAL,PWRNGSCHLXX,GASINT,2,2030,2.63675
GLOBAL,PWRNGSCHLXX,GASINT,2,2031,2.63675
GLOBAL,PWRNGSCHLXX,GASINT,2,2032,2.63675
GLOBAL,PWRNGSCHLXX,GASINT,2,2033,2.63675
GLOBAL,PWRNGSCHLXX,GASINT,2,2034,2.63675
GLOBAL,PWRNGSCHLXX,GASINT,2,2035,2.63675
GLOBAL,PWRNGSCHLXX,GASINT,2,2036,2.63675
GLOBAL,PWRNGSCHLXX,GASINT,2,2037,2.63675
GLOBAL,PWRNGSCHLXX,GASINT,2,2038,2.63675
GLOBAL,PWRNGSCHLXX,GASINT,2,2039,2.63675
GLOBAL,PWRNGSCHLXX,GASINT,2,2040,2.63675
GLOBAL,PWRNGSCHLXX,GASINT,2,2041,2.63675
GLOBAL,PWRNGSCHLXX,GASINT,2,2042,2.63675
GLOBAL,PWRNGSCHLXX,GASINT,2,2043,2.63675
GLOBAL,PWRNGSCHLXX,GASINT,2,2044,2.63675
GLOBAL,PWRNGSCHLXX,GASINT,2,2045,2.63675
GLOBAL,PWRNGSCHLXX,GASINT,2,2046,2.63675
GLOBAL,PWRNGSCHLXX,GASINT,2,2047,2.63675
GLOBAL,PWRNGSCHLXX,GASINT,2,2048,2.63675
GLOBAL,PWRNGSCHLXX,GASINT,2,2049,2.63675
GLOBAL,PWRNGSCHLXX,GASINT,2,2050,2.63675
GLOBAL,PWRNGSCOLXX,GASCOL,1,2023,2.59925
GLOBAL,PWRNGSCOLXX,GASCOL,1,2024,2.59925
GLOBAL,PWRNGSCOLXX,GASCOL,1,2025,2.59925
GLOBAL,PWRNGSCOLXX,GASCOL,1,2026,2.59925
GLOBAL,PWRNGSCOLXX,GASCOL,1,2027,2.59925
GLOBAL,PWRNGSCOLXX,GASCOL,1,2028,2.59925
GLOBAL,PWRNGSCOLXX,GASCOL,1,2029,2.59925
GLOBAL,PWRNGSCOLXX,GASCOL,1,2030,2.59925
GLOBAL,PWRNGSCOLXX,GASCOL,1,2031,2.59925
GLOBAL,PWRNGSCOLXX,GASCOL,1,2032,2.59925
GLOBAL,PWRNGSCOLXX,GASCOL,1,2033,2.59925
GLOBAL,PWRNGSCOLXX,GASCOL,1,2034,2.59925
GLOBAL,PWRNGSCOLXX,GASCOL,1,2035,2.59925
GLOBAL,PWRNGSCOLXX,GASCOL,1,2036,2.59925
GLOBAL,PWRNGSCOLXX,GASCOL,1,2037,2.59925
GLOBAL,PWRNGSCOLXX,GASCOL,1,2038,2.59925
GLOBAL,PWRNGSCOLXX,GASCOL,1,2039,2.59925
GLOBAL,PWRNGSCOLXX,GASCOL,1,2040,2.59925
GLOBAL,PWRNGSCOLXX,GASCOL,1,2041,2.59925
GLOBAL,PWRNGSCOLXX,GASCOL,1,2042,2.59925
GLOBAL,PWRNGSCOLXX,GASCOL,1,2043,2.59925
GLOBAL,PWRNGSCOLXX,GASCOL,1,2044,2.59925
GLOBAL,PWRNGSCOLXX,GASCOL,1,2045,2.59925
GLOBAL,PWRNGSCOLXX,GASCOL,1,2046,2.59925
GLOBAL,PWRNGSCOLXX,GASCOL,1,2047,2.59925
GLOBAL,PWRNGSCOLXX,GASCOL,1,2048,2.59925
GLOBAL,PWRNGSCOLXX,GASCOL,1,2049,2.59925
GLOBAL,PWRNGSCOLXX,GASCOL,1,2050,2.59925
GLOBAL,PWRNGSCOLXX,GASINT,2,2023,2.59925
GLOBAL,PWRNGSCOLXX,GASINT,2,2024,2.59925
GLOBAL,PWRNGSCOLXX,GASINT,2,2025,2.59925
GLOBAL,PWRNGSCOLXX,GASINT,2,2026,2.59925
GLOBAL,PWRNGSCOLXX,GASINT,2,2027,2.59925
GLOBAL,PWRNGSCOLXX,GASINT,2,2028,2.59925
GLOBAL,PWRNGSCOLXX,GASINT,2,2029,2.59925
GLOBAL,PWRNGSCOLXX,GASINT,2,2030,2.59925
GLOBAL,PWRNGSCOLXX,GASINT,2,2031,2.59925
GLOBAL,PWRNGSCOLXX,GASINT,2,2032,2.59925
GLOBAL,PWRNGSCOLXX,GASINT,2,2033,2.59925
GLOBAL,PWRNGSCOLXX,GASINT,2,2034,2.59925
GLOBAL,PWRNGSCOLXX,GASINT,2,2035,2.59925
GLOBAL,PWRNGSCOLXX,GASINT,2,2036,2.59925
GLOBAL,PWRNGSCOLXX,GASINT,2,2037,2.59925
GLOBAL,PWRNGSCOLXX,GASINT,2,2038,2.59925
GLOBAL,PWRNGSCOLXX,GASINT,2,2039,2.59925
GLOBAL,PWRNGSCOLXX,GASINT,2,2040,2.59925
GLOBAL,PWRNGSCOLXX,GASINT,2,2041,2.59925
GLOBAL,PWRNGSCOLXX,GASINT,2,2042,2.59925
GLOBAL,PWRNGSCOLXX,GASINT,2,2043,2.59925
GLOBAL,PWRNGSCOLXX,GASINT,2,2044,2.59925
GLOBAL,PWRNGSCOLXX,GASINT,2,2045,2.59925
GLOBAL,PWRNGSCOLXX,GASINT,2,2046,2.59925
GLOBAL,PWRNGSCOLXX,GASINT,2,2047,2.59925
GLOBAL,PWRNGSCOLXX,GASINT,2,2048,2.59925
GLOBAL,PWRNGSCOLXX,GASINT,2,2049,2.59925
GLOBAL,PWRNGSCOLXX,GASINT,2,2050,2.59925
GLOBAL,PWRNGSCRIXX,GASCRI,1,2023,2.59925
GLOBAL,PWRNGSCRIXX,GASCRI,1,2024,2.59925
GLOBAL,PWRNGSCRIXX,GASCRI,1,2025,2.59925
GLOBAL,PWRNGSCRIXX,GASCRI,1,2026,2.59925
GLOBAL,PWRNGSCRIXX,GASCRI,1,2027,2.59925
GLOBAL,PWRNGSCRIXX,GASCRI,1,2028,2.59925
GLOBAL,PWRNGSCRIXX,GASCRI,1,2029,2.59925
GLOBAL,PWRNGSCRIXX,GASCRI,1,2030,2.59925
GLOBAL,PWRNGSCRIXX,GASCRI,1,2031,2.59925
GLOBAL,PWRNGSCRIXX,GASCRI,1,2032,2.59925
GLOBAL,PWRNGSCRIXX,GASCRI,1,2033,2.59925
GLOBAL,PWRNGSCRIXX,GASCRI,1,2034,2.59925
GLOBAL,PWRNGSCRIXX,GASCRI,1,2035,2.59925
GLOBAL,PWRNGSCRIXX,GASCRI,1,2036,2.59925
GLOBAL,PWRNGSCRIXX,GASCRI,1,2037,2.59925
GLOBAL,PWRNGSCRIXX,GASCRI,1,2038,2.59925
GLOBAL,PWRNGSCRIXX,GASCRI,1,2039,2.59925
GLOBAL,PWRNGSCRIXX,GASCRI,1,2040,2.59925
GLOBAL,PWRNGSCRIXX,GASCRI,1,2041,2.59925
GLOBAL,PWRNGSCRIXX,GASCRI,1,2042,2.59925
GLOBAL,PWRNGSCRIXX,GASCRI,1,2043,2.59925
GLOBAL,PWRNGSCRIXX,GASCRI,1,2044,2.59925
GLOBAL,PWRNGSCRIXX,GASCRI,1,2045,2.59925
GLOBAL,PWRNGSCRIXX,GASCRI,1,2046,2.59925
GLOBAL,PWRNGSCRIXX,GASCRI,1,2047,2.59925
GLOBAL,PWRNGSCRIXX,GASCRI,1,2048,2.59925
GLOBAL,PWRNGSCRIXX,GASCRI,1,2049,2.59925
GLOBAL,PWRNGSCRIXX,GASCRI,1,2050,2.59925
GLOBAL,PWRNGSCRIXX,GASINT,2,2023,2.59925
GLOBAL,PWRNGSCRIXX,GASINT,2,2024,2.59925
GLOBAL,PWRNGSCRIXX,GASINT,2,2025,2.59925
GLOBAL,PWRNGSCRIXX,GASINT,2,2026,2.59925
GLOBAL,PWRNGSCRIXX,GASINT,2,2027,2.59925
GLOBAL,PWRNGSCRIXX,GASINT,2,2028,2.59925
GLOBAL,PWRNGSCRIXX,GASINT,2,2029,2.59925
GLOBAL,PWRNGSCRIXX,GASINT,2,2030,2.59925
GLOBAL,PWRNGSCRIXX,GASINT,2,2031,2.59925
GLOBAL,PWRNGSCRIXX,GASINT,2,2032,2.59925
GLOBAL,PWRNGSCRIXX,GASINT,2,2033,2.59925
GLOBAL,PWRNGSCRIXX,GASINT,2,2034,2.59925
GLOBAL,PWRNGSCRIXX,GASINT,2,2035,2.59925
GLOBAL,PWRNGSCRIXX,GASINT,2,2036,2.59925
GLOBAL,PWRNGSCRIXX,GASINT,2,2037,2.59925
GLOBAL,PWRNGSCRIXX,GASINT,2,2038,2.59925
GLOBAL,PWRNGSCRIXX,GASINT,2,2039,2.59925
GLOBAL,PWRNGSCRIXX,GASINT,2,2040,2.59925
GLOBAL,PWRNGSCRIXX,GASINT,2,2041,2.59925
GLOBAL,PWRNGSCRIXX,GASINT,2,2042,2.59925
GLOBAL,PWRNGSCRIXX,GASINT,2,2043,2.59925
GLOBAL,PWRNGSCRIXX,GASINT,2,2044,2.59925
GLOBAL,PWRNGSCRIXX,GASINT,2,2045,2.59925
GLOBAL,PWRNGSCRIXX,GASINT,2,2046,2.59925
GLOBAL,PWRNGSCRIXX,GASINT,2,2047,2.59925
GLOBAL,PWRNGSCRIXX,GASINT,2,2048,2.59925
GLOBAL,PWRNGSCRIXX,GASINT,2,2049,2.59925
GLOBAL,PWRNGSCRIXX,GASINT,2,2050,2.59925
GLOBAL,PWRNGSDOMXX,GASDOM,1,2023,2.6092500000000003
GLOBAL,PWRNGSDOMXX,GASDOM,1,2024,2.6092500000000003
GLOBAL,PWRNGSDOMXX,GASDOM,1,2025,2.6092500000000003
GLOBAL,PWRNGSDOMXX,GASDOM,1,2026,2.6092500000000003
GLOBAL,PWRNGSDOMXX,GASDOM,1,2027,2.6092500000000003
GLOBAL,PWRNGSDOMXX,GASDOM,1,2028,2.6092500000000003
GLOBAL,PWRNGSDOMXX,GASDOM,1,2029,2.6092500000000003
GLOBAL,PWRNGSDOMXX,GASDOM,1,2030,2.6092500000000003
GLOBAL,PWRNGSDOMXX,GASDOM,1,2031,2.6092500000000003
GLOBAL,PWRNGSDOMXX,GASDOM,1,2032,2.6092500000000003
GLOBAL,PWRNGSDOMXX,GASDOM,1,2033,2.6092500000000003
GLOBAL,PWRNGSDOMXX,GASDOM,1,2034,2.6092500000000003
GLOBAL,PWRNGSDOMXX,GASDOM,1,2035,2.6092500000000003
GLOBAL,PWRNGSDOMXX,GASDOM,1,2036,2.6092500000000003
GLOBAL,PWRNGSDOMXX,GASDOM,1,2037,2.6092500000000003
GLOBAL,PWRNGSDOMXX,GASDOM,1,2038,2.6092500000000003
GLOBAL,PWRNGSDOMXX,GASDOM,1,2039,2.6092500000000003
GLOBAL,PWRNGSDOMXX,GASDOM,1,2040,2.6092500000000003
GLOBAL,PWRNGSDOMXX,GASDOM,1,2041,2.6092500000000003
GLOBAL,PWRNGSDOMXX,GASDOM,1,2042,2.6092500000000003
GLOBAL,PWRNGSDOMXX,GASDOM,1,2043,2.6092500000000003
GLOBAL,PWRNGSDOMXX,GASDOM,1,2044,2.6092500000000003
GLOBAL,PWRNGSDOMXX,GASDOM,1,2045,2.6092500000000003
GLOBAL,PWRNGSDOMXX,GASDOM,1,2046,2.6092500000000003
GLOBAL,PWRNGSDOMXX,GASDOM,1,2047,2.6092500000000003
GLOBAL,PWRNGSDOMXX,GASDOM,1,2048,2.6092500000000003
GLOBAL,PWRNGSDOMXX,GASDOM,1,2049,2.6092500000000003
GLOBAL,PWRNGSDOMXX,GASDOM,1,2050,2.6092500000000003
GLOBAL,PWRNGSDOMXX,GASINT,2,2023,2.6092500000000003
GLOBAL,PWRNGSDOMXX,GASINT,2,2024,2.6092500000000003
GLOBAL,PWRNGSDOMXX,GASINT,2,2025,2.6092500000000003
GLOBAL,PWRNGSDOMXX,GASINT,2,2026,2.6092500000000003
GLOBAL,PWRNGSDOMXX,GASINT,2,2027,2.6092500000000003
GLOBAL,PWRNGSDOMXX,GASINT,2,2028,2.6092500000000003
GLOBAL,PWRNGSDOMXX,GASINT,2,2029,2.6092500000000003
GLOBAL,PWRNGSDOMXX,GASINT,2,2030,2.6092500000000003
GLOBAL,PWRNGSDOMXX,GASINT,2,2031,2.6092500000000003
GLOBAL,PWRNGSDOMXX,GASINT,2,2032,2.6092500000000003
GLOBAL,PWRNGSDOMXX,GASINT,2,2033,2.6092500000000003
GLOBAL,PWRNGSDOMXX,GASINT,2,2034,2.6092500000000003
GLOBAL,PWRNGSDOMXX,GASINT,2,2035,2.6092500000000003
GLOBAL,PWRNGSDOMXX,GASINT,2,2036,2.6092500000000003
GLOBAL,PWRNGSDOMXX,GASINT,2,2037,2.6092500000000003
GLOBAL,PWRNGSDOMXX,GASINT,2,2038,2.6092500000000003
GLOBAL,PWRNGSDOMXX,GASINT,2,2039,2.6092500000000003
GLOBAL,PWRNGSDOMXX,GASINT,2,2040,2.6092500000000003
GLOBAL,PWRNGSDOMXX,GASINT,2,2041,2.6092500000000003
GLOBAL,PWRNGSDOMXX,GASINT,2,2042,2.6092500000000003
GLOBAL,PWRNGSDOMXX,GASINT,2,2043,2.6092500000000003
GLOBAL,PWRNGSDOMXX,GASINT,2,2044,2.6092500000000003
GLOBAL,PWRNGSDOMXX,GASINT,2,2045,2.6092500000000003
GLOBAL,PWRNGSDOMXX,GASINT,2,2046,2.6092500000000003
GLOBAL,PWRNGSDOMXX,GASINT,2,2047,2.6092500000000003
GLOBAL,PWRNGSDOMXX,GASINT,2,2048,2.6092500000000003
GLOBAL,PWRNGSDOMXX,GASINT,2,2049,2.6092500000000003
GLOBAL,PWRNGSDOMXX,GASINT,2,2050,2.6092500000000003
GLOBAL,PWRNGSECUXX,GASECU,1,2023,2.5467500000000003
GLOBAL,PWRNGSECUXX,GASECU,1,2024,2.5467500000000003
GLOBAL,PWRNGSECUXX,GASECU,1,2025,2.5467500000000003
GLOBAL,PWRNGSECUXX,GASECU,1,2026,2.5467500000000003
GLOBAL,PWRNGSECUXX,GASECU,1,2027,2.5467500000000003
GLOBAL,PWRNGSECUXX,GASECU,1,2028,2.5467500000000003
GLOBAL,PWRNGSECUXX,GASECU,1,2029,2.5467500000000003
GLOBAL,PWRNGSECUXX,GASECU,1,2030,2.5467500000000003
GLOBAL,PWRNGSECUXX,GASECU,1,2031,2.5467500000000003
GLOBAL,PWRNGSECUXX,GASECU,1,2032,2.5467500000000003
GLOBAL,PWRNGSECUXX,GASECU,1,2033,2.5467500000000003
GLOBAL,PWRNGSECUXX,GASECU,1,2034,2.5467500000000003
GLOBAL,PWRNGSECUXX,GASECU,1,2035,2.5467500000000003
GLOBAL,PWRNGSECUXX,GASECU,1,2036,2.5467500000000003
GLOBAL,PWRNGSECUXX,GASECU,1,2037,2.5467500000000003
GLOBAL,PWRNGSECUXX,GASECU,1,2038,2.5467500000000003
GLOBAL,PWRNGSECUXX,GASECU,1,2039,2.5467500000000003
GLOBAL,PWRNGSECUXX,GASECU,1,2040,2.5467500000000003
GLOBAL,PWRNGSECUXX,GASECU,1,2041,2.5467500000000003
GLOBAL,PWRNGSECUXX,GASECU,1,2042,2.5467500000000003
GLOBAL,PWRNGSECUXX,GASECU,1,2043,2.5467500000000003
GLOBAL,PWRNGSECUXX,GASECU,1,2044,2.5467500000000003
GLOBAL,PWRNGSECUXX,GASECU,1,2045,2.5467500000000003
GLOBAL,PWRNGSECUXX,GASECU,1,2046,2.5467500000000003
GLOBAL,PWRNGSECUXX,GASECU,1,2047,2.5467500000000003
GLOBAL,PWRNGSECUXX,GASECU,1,2048,2.5467500000000003
GLOBAL,PWRNGSECUXX,GASECU,1,2049,2.5467500000000003
GLOBAL,PWRNGSECUXX,GASECU,1,2050,2.5467500000000003
GLOBAL,PWRNGSECUXX,GASINT,2,2023,2.5467500000000003
GLOBAL,PWRNGSECUXX,GASINT,2,2024,2.5467500000000003
GLOBAL,PWRNGSECUXX,GASINT,2,2025,2.5467500000000003
GLOBAL,PWRNGSECUXX,GASINT,2,2026,2.5467500000000003
GLOBAL,PWRNGSECUXX,GASINT,2,2027,2.5467500000000003
GLOBAL,PWRNGSECUXX,GASINT,2,2028,2.5467500000000003
GLOBAL,PWRNGSECUXX,GASINT,2,2029,2.5467500000000003
GLOBAL,PWRNGSECUXX,GASINT,2,2030,2.5467500000000003
GLOBAL,PWRNGSECUXX,GASINT,2,2031,2.5467500000000003
GLOBAL,PWRNGSECUXX,GASINT,2,2032,2.5467500000000003
GLOBAL,PWRNGSECUXX,GASINT,2,2033,2.5467500000000003
GLOBAL,PWRNGSECUXX,GASINT,2,2034,2.5467500000000003
GLOBAL,PWRNGSECUXX,GASINT,2,2035,2.5467500000000003
GLOBAL,PWRNGSECUXX,GASINT,2,2036,2.5467500000000003
GLOBAL,PWRNGSECUXX,GASINT,2,2037,2.5467500000000003
GLOBAL,PWRNGSECUXX,GASINT,2,2038,2.5467500000000003
GLOBAL,PWRNGSECUXX,GASINT,2,2039,2.5467500000000003
GLOBAL,PWRNGSECUXX,GASINT,2,2040,2.5467500000000003
GLOBAL,PWRNGSECUXX,GASINT,2,2041,2.5467500000000003
GLOBAL,PWRNGSECUXX,GASINT,2,2042,2.5467500000000003
GLOBAL,PWRNGSECUXX,GASINT,2,2043,2.5467500000000003
GLOBAL,PWRNGSECUXX,GASINT,2,2044,2.5467500000000003
GLOBAL,PWRNGSECUXX,GASINT,2,2045,2.5467500000000003
GLOBAL,PWRNGSECUXX,GASINT,2,2046,2.5467500000000003
GLOBAL,PWRNGSECUXX,GASINT,2,2047,2.5467500000000003
GLOBAL,PWRNGSECUXX,GASINT,2,2048,2.5467500000000003
GLOBAL,PWRNGSECUXX,GASINT,2,2049,2.5467500000000003
GLOBAL,PWRNGSECUXX,GASINT,2,2050,2.5467500000000003
GLOBAL,PWRNGSGTMXX,GASGTM,1,2023,2.59925
GLOBAL,PWRNGSGTMXX,GASGTM,1,2024,2.59925
GLOBAL,PWRNGSGTMXX,GASGTM,1,2025,2.59925
GLOBAL,PWRNGSGTMXX,GASGTM,1,2026,2.59925
GLOBAL,PWRNGSGTMXX,GASGTM,1,2027,2.59925
GLOBAL,PWRNGSGTMXX,GASGTM,1,2028,2.59925
GLOBAL,PWRNGSGTMXX,GASGTM,1,2029,2.59925
GLOBAL,PWRNGSGTMXX,GASGTM,1,2030,2.59925
GLOBAL,PWRNGSGTMXX,GASGTM,1,2031,2.59925
GLOBAL,PWRNGSGTMXX,GASGTM,1,2032,2.59925
GLOBAL,PWRNGSGTMXX,GASGTM,1,2033,2.59925
GLOBAL,PWRNGSGTMXX,GASGTM,1,2034,2.59925
GLOBAL,PWRNGSGTMXX,GASGTM,1,2035,2.59925
GLOBAL,PWRNGSGTMXX,GASGTM,1,2036,2.59925
GLOBAL,PWRNGSGTMXX,GASGTM,1,2037,2.59925
GLOBAL,PWRNGSGTMXX,GASGTM,1,2038,2.59925
GLOBAL,PWRNGSGTMXX,GASGTM,1,2039,2.59925
GLOBAL,PWRNGSGTMXX,GASGTM,1,2040,2.59925
GLOBAL,PWRNGSGTMXX,GASGTM,1,2041,2.59925
GLOBAL,PWRNGSGTMXX,GASGTM,1,2042,2.59925
GLOBAL,PWRNGSGTMXX,GASGTM,1,2043,2.59925
GLOBAL,PWRNGSGTMXX,GASGTM,1,2044,2.59925
GLOBAL,PWRNGSGTMXX,GASGTM,1,2045,2.59925
GLOBAL,PWRNGSGTMXX,GASGTM,1,2046,2.59925
GLOBAL,PWRNGSGTMXX,GASGTM,1,2047,2.59925
GLOBAL,PWRNGSGTMXX,GASGTM,1,2048,2.59925
GLOBAL,PWRNGSGTMXX,GASGTM,1,2049,2.59925
GLOBAL,PWRNGSGTMXX,GASGTM,1,2050,2.59925
GLOBAL,PWRNGSGTMXX,GASINT,2,2023,2.59925
GLOBAL,PWRNGSGTMXX,GASINT,2,2024,2.59925
GLOBAL,PWRNGSGTMXX,GASINT,2,2025,2.59925
GLOBAL,PWRNGSGTMXX,GASINT,2,2026,2.59925
GLOBAL,PWRNGSGTMXX,GASINT,2,2027,2.59925
GLOBAL,PWRNGSGTMXX,GASINT,2,2028,2.59925
GLOBAL,PWRNGSGTMXX,GASINT,2,2029,2.59925
GLOBAL,PWRNGSGTMXX,GASINT,2,2030,2.59925
GLOBAL,PWRNGSGTMXX,GASINT,2,2031,2.59925
GLOBAL,PWRNGSGTMXX,GASINT,2,2032,2.59925
GLOBAL,PWRNGSGTMXX,GASINT,2,2033,2.59925
GLOBAL,PWRNGSGTMXX,GASINT,2,2034,2.59925
GLOBAL,PWRNGSGTMXX,GASINT,2,2035,2.59925
GLOBAL,PWRNGSGTMXX,GASINT,2,2036,2.59925
GLOBAL,PWRNGSGTMXX,GASINT,2,2037,2.59925
GLOBAL,PWRNGSGTMXX,GASINT,2,2038,2.59925
GLOBAL,PWRNGSGTMXX,GASINT,2,2039,2.59925
GLOBAL,PWRNGSGTMXX,GASINT,2,2040,2.59925
GLOBAL,PWRNGSGTMXX,GASINT,2,2041,2.59925
GLOBAL,PWRNGSGTMXX,GASINT,2,2042,2.59925
GLOBAL,PWRNGSGTMXX,GASINT,2,2043,2.59925
GLOBAL,PWRNGSGTMXX,GASINT,2,2044,2.59925
GLOBAL,PWRNGSGTMXX,GASINT,2,2045,2.59925
GLOBAL,PWRNGSGTMXX,GASINT,2,2046,2.59925
GLOBAL,PWRNGSGTMXX,GASINT,2,2047,2.59925
GLOBAL,PWRNGSGTMXX,GASINT,2,2048,2.59925
GLOBAL,PWRNGSGTMXX,GASINT,2,2049,2.59925
GLOBAL,PWRNGSGTMXX,GASINT,2,2050,2.59925
GLOBAL,PWRNGSHNDXX,GASHND,1,2023,2.59425
GLOBAL,PWRNGSHNDXX,GASHND,1,2024,2.59425
GLOBAL,PWRNGSHNDXX,GASHND,1,2025,2.59425
GLOBAL,PWRNGSHNDXX,GASHND,1,2026,2.59425
GLOBAL,PWRNGSHNDXX,GASHND,1,2027,2.59425
GLOBAL,PWRNGSHNDXX,GASHND,1,2028,2.59425
GLOBAL,PWRNGSHNDXX,GASHND,1,2029,2.59425
GLOBAL,PWRNGSHNDXX,GASHND,1,2030,2.59425
GLOBAL,PWRNGSHNDXX,GASHND,1,2031,2.59425
GLOBAL,PWRNGSHNDXX,GASHND,1,2032,2.59425
GLOBAL,PWRNGSHNDXX,GASHND,1,2033,2.59425
GLOBAL,PWRNGSHNDXX,GASHND,1,2034,2.59425
GLOBAL,PWRNGSHNDXX,GASHND,1,2035,2.59425
GLOBAL,PWRNGSHNDXX,GASHND,1,2036,2.59425
GLOBAL,PWRNGSHNDXX,GASHND,1,2037,2.59425
GLOBAL,PWRNGSHNDXX,GASHND,1,2038,2.59425
GLOBAL,PWRNGSHNDXX,GASHND,1,2039,2.59425
GLOBAL,PWRNGSHNDXX,GASHND,1,2040,2.59425
GLOBAL,PWRNGSHNDXX,GASHND,1,2041,2.59425
GLOBAL,PWRNGSHNDXX,GASHND,1,2042,2.59425
GLOBAL,PWRNGSHNDXX,GASHND,1,2043,2.59425
GLOBAL,PWRNGSHNDXX,GASHND,1,2044,2.59425
GLOBAL,PWRNGSHNDXX,GASHND,1,2045,2.59425
GLOBAL,PWRNGSHNDXX,GASHND,1,2046,2.59425
GLOBAL,PWRNGSHNDXX,GASHND,1,2047,2.59425
GLOBAL,PWRNGSHNDXX,GASHND,1,2048,2.59425
GLOBAL,PWRNGSHNDXX,GASHND,1,2049,2.59425
GLOBAL,PWRNGSHNDXX,GASHND,1,2050,2.59425
GLOBAL,PWRNGSHNDXX,GASINT,2,2023,2.59425
GLOBAL,PWRNGSHNDXX,GASINT,2,2024,2.59425
GLOBAL,PWRNGSHNDXX,GASINT,2,2025,2.59425
GLOBAL,PWRNGSHNDXX,GASINT,2,2026,2.59425
GLOBAL,PWRNGSHNDXX,GASINT,2,2027,2.59425
GLOBAL,PWRNGSHNDXX,GASINT,2,2028,2.59425
GLOBAL,PWRNGSHNDXX,GASINT,2,2029,2.59425
GLOBAL,PWRNGSHNDXX,GASINT,2,2030,2.59425
GLOBAL,PWRNGSHNDXX,GASINT,2,2031,2.59425
GLOBAL,PWRNGSHNDXX,GASINT,2,2032,2.59425
GLOBAL,PWRNGSHNDXX,GASINT,2,2033,2.59425
GLOBAL,PWRNGSHNDXX,GASINT,2,2034,2.59425
GLOBAL,PWRNGSHNDXX,GASINT,2,2035,2.59425
GLOBAL,PWRNGSHNDXX,GASINT,2,2036,2.59425
GLOBAL,PWRNGSHNDXX,GASINT,2,2037,2.59425
GLOBAL,PWRNGSHNDXX,GASINT,2,2038,2.59425
GLOBAL,PWRNGSHNDXX,GASINT,2,2039,2.59425
GLOBAL,PWRNGSHNDXX,GASINT,2,2040,2.59425
GLOBAL,PWRNGSHNDXX,GASINT,2,2041,2.59425
GLOBAL,PWRNGSHNDXX,GASINT,2,2042,2.59425
GLOBAL,PWRNGSHNDXX,GASINT,2,2043,2.59425
GLOBAL,PWRNGSHNDXX,GASINT,2,2044,2.59425
GLOBAL,PWRNGSHNDXX,GASINT,2,2045,2.59425
GLOBAL,PWRNGSHNDXX,GASINT,2,2046,2.59425
GLOBAL,PWRNGSHNDXX,GASINT,2,2047,2.59425
GLOBAL,PWRNGSHNDXX,GASINT,2,2048,2.59425
GLOBAL,PWRNGSHNDXX,GASINT,2,2049,2.59425
GLOBAL,PWRNGSHNDXX,GASINT,2,2050,2.59425
GLOBAL,PWRNGSHTIXX,GASHTI,1,2023,2.59925
GLOBAL,PWRNGSHTIXX,GASHTI,1,2024,2.59925
GLOBAL,PWRNGSHTIXX,GASHTI,1,2025,2.59925
GLOBAL,PWRNGSHTIXX,GASHTI,1,2026,2.59925
GLOBAL,PWRNGSHTIXX,GASHTI,1,2027,2.59925
GLOBAL,PWRNGSHTIXX,GASHTI,1,2028,2.59925
GLOBAL,PWRNGSHTIXX,GASHTI,1,2029,2.59925
GLOBAL,PWRNGSHTIXX,GASHTI,1,2030,2.59925
GLOBAL,PWRNGSHTIXX,GASHTI,1,2031,2.59925
GLOBAL,PWRNGSHTIXX,GASHTI,1,2032,2.59925
GLOBAL,PWRNGSHTIXX,GASHTI,1,2033,2.59925
GLOBAL,PWRNGSHTIXX,GASHTI,1,2034,2.59925
GLOBAL,PWRNGSHTIXX,GASHTI,1,2035,2.59925
GLOBAL,PWRNGSHTIXX,GASHTI,1,2036,2.59925
GLOBAL,PWRNGSHTIXX,GASHTI,1,2037,2.59925
GLOBAL,PWRNGSHTIXX,GASHTI,1,2038,2.59925
GLOBAL,PWRNGSHTIXX,GASHTI,1,2039,2.59925
GLOBAL,PWRNGSHTIXX,GASHTI,1,2040,2.59925
GLOBAL,PWRNGSHTIXX,GASHTI,1,2041,2.59925
GLOBAL,PWRNGSHTIXX,GASHTI,1,2042,2.59925
GLOBAL,PWRNGSHTIXX,GASHTI,1,2043,2.59925
GLOBAL,PWRNGSHTIXX,GASHTI,1,2044,2.59925
GLOBAL,PWRNGSHTIXX,GASHTI,1,2045,2.59925
GLOBAL,PWRNGSHTIXX,GASHTI,1,2046,2.59925
GLOBAL,PWRNGSHTIXX,GASHTI,1,2047,2.59925
GLOBAL,PWRNGSHTIXX,GASHTI,1,2048,2.59925
GLOBAL,PWRNGSHTIXX,GASHTI,1,2049,2.59925
GLOBAL,PWRNGSHTIXX,GASHTI,1,2050,2.59925
GLOBAL,PWRNGSHTIXX,GASINT,2,2023,2.59925
GLOBAL,PWRNGSHTIXX,GASINT,2,2024,2.59925
GLOBAL,PWRNGSHTIXX,GASINT,2,2025,2.59925
GLOBAL,PWRNGSHTIXX,GASINT,2,2026,2.59925
GLOBAL,PWRNGSHTIXX,GASINT,2,2027,2.59925
GLOBAL,PWRNGSHTIXX,GASINT,2,2028,2.59925
GLOBAL,PWRNGSHTIXX,GASINT,2,2029,2.59925
GLOBAL,PWRNGSHTIXX,GASINT,2,2030,2.59925
GLOBAL,PWRNGSHTIXX,GASINT,2,2031,2.59925
GLOBAL,PWRNGSHTIXX,GASINT,2,2032,2.59925
GLOBAL,PWRNGSHTIXX,GASINT,2,2033,2.59925
GLOBAL,PWRNGSHTIXX,GASINT,2,2034,2.59925
GLOBAL,PWRNGSHTIXX,GASINT,2,2035,2.59925
GLOBAL,PWRNGSHTIXX,GASINT,2,2036,2.59925
GLOBAL,PWRNGSHTIXX,GASINT,2,2037,2.59925
GLOBAL,PWRNGSHTIXX,GASINT,2,2038,2.59925
GLOBAL,PWRNGSHTIXX,GASINT,2,2039,2.59925
GLOBAL,PWRNGSHTIXX,GASINT,2,2040,2.59925
GLOBAL,PWRNGSHTIXX,GASINT,2,2041,2.59925
GLOBAL,PWRNGSHTIXX,GASINT,2,2042,2.59925
GLOBAL,PWRNGSHTIXX,GASINT,2,2043,2.59925
GLOBAL,PWRNGSHTIXX,GASINT,2,2044,2.59925
GLOBAL,PWRNGSHTIXX,GASINT,2,2045,2.59925
GLOBAL,PWRNGSHTIXX,GASINT,2,2046,2.59925
GLOBAL,PWRNGSHTIXX,GASINT,2,2047,2.59925
GLOBAL,PWRNGSHTIXX,GASINT,2,2048,2.59925
GLOBAL,PWRNGSHTIXX,GASINT,2,2049,2.59925
GLOBAL,PWRNGSHTIXX,GASINT,2,2050,2.59925
GLOBAL,PWRNGSMEXXX,GASINT,2,2023,2.52925
GLOBAL,PWRNGSMEXXX,GASINT,2,2024,2.52925
GLOBAL,PWRNGSMEXXX,GASINT,2,2025,2.52925
GLOBAL,PWRNGSMEXXX,GASINT,2,2026,2.52925
GLOBAL,PWRNGSMEXXX,GASINT,2,2027,2.52925
GLOBAL,PWRNGSMEXXX,GASINT,2,2028,2.52925
GLOBAL,PWRNGSMEXXX,GASINT,2,2029,2.52925
GLOBAL,PWRNGSMEXXX,GASINT,2,2030,2.52925
GLOBAL,PWRNGSMEXXX,GASINT,2,2031,2.52925
GLOBAL,PWRNGSMEXXX,GASINT,2,2032,2.52925
GLOBAL,PWRNGSMEXXX,GASINT,2,2033,2.52925
GLOBAL,PWRNGSMEXXX,GASINT,2,2034,2.52925
GLOBAL,PWRNGSMEXXX,GASINT,2,2035,2.52925
GLOBAL,PWRNGSMEXXX,GASINT,2,2036,2.52925
GLOBAL,PWRNGSMEXXX,GASINT,2,2037,2.52925
GLOBAL,PWRNGSMEXXX,GASINT,2,2038,2.52925
GLOBAL,PWRNGSMEXXX,GASINT,2,2039,2.52925
GLOBAL,PWRNGSMEXXX,GASINT,2,2040,2.52925
GLOBAL,PWRNGSMEXXX,GASINT,2,2041,2.52925
GLOBAL,PWRNGSMEXXX,GASINT,2,2042,2.52925
GLOBAL,PWRNGSMEXXX,GASINT,2,2043,2.52925
GLOBAL,PWRNGSMEXXX,GASINT,2,2044,2.52925
GLOBAL,PWRNGSMEXXX,GASINT,2,2045,2.52925
GLOBAL,PWRNGSMEXXX,GASINT,2,2046,2.52925
GLOBAL,PWRNGSMEXXX,GASINT,2,2047,2.52925
GLOBAL,PWRNGSMEXXX,GASINT,2,2048,2.52925
GLOBAL,PWRNGSMEXXX,GASINT,2,2049,2.52925
GLOBAL,PWRNGSMEXXX,GASINT,2,2050,2.52925
GLOBAL,PWRNGSMEXXX,GASMEX,1,2023,2.52925
GLOBAL,PWRNGSMEXXX,GASMEX,1,2024,2.52925
GLOBAL,PWRNGSMEXXX,GASMEX,1,2025,2.52925
GLOBAL,PWRNGSMEXXX,GASMEX,1,2026,2.52925
GLOBAL,PWRNGSMEXXX,GASMEX,1,2027,2.52925
GLOBAL,PWRNGSMEXXX,GASMEX,1,2028,2.52925
GLOBAL,PWRNGSMEXXX,GASMEX,1,2029,2.52925
GLOBAL,PWRNGSMEXXX,GASMEX,1,2030,2.52925
GLOBAL,PWRNGSMEXXX,GASMEX,1,2031,2.52925
GLOBAL,PWRNGSMEXXX,GASMEX,1,2032,2.52925
GLOBAL,PWRNGSMEXXX,GASMEX,1,2033,2.52925
GLOBAL,PWRNGSMEXXX,GASMEX,1,2034,2.52925
GLOBAL,PWRNGSMEXXX,GASMEX,1,2035,2.52925
GLOBAL,PWRNGSMEXXX,GASMEX,1,2036,2.52925
GLOBAL,PWRNGSMEXXX,GASMEX,1,2037,2.52925
GLOBAL,PWRNGSMEXXX,GASMEX,1,2038,2.52925
GLOBAL,PWRNGSMEXXX,GASMEX,1,2039,2.52925
GLOBAL,PWRNGSMEXXX,GASMEX,1,2040,2.52925
GLOBAL,PWRNGSMEXXX,GASMEX,1,2041,2.52925
GLOBAL,PWRNGSMEXXX,GASMEX,1,2042,2.52925
GLOBAL,PWRNGSMEXXX,GASMEX,1,2043,2.52925
GLOBAL,PWRNGSMEXXX,GASMEX,1,2044,2.52925
GLOBAL,PWRNGSMEXXX,GASMEX,1,2045,2.52925
GLOBAL,PWRNGSMEXXX,GASMEX,1,2046,2.52925
GLOBAL,PWRNGSMEXXX,GASMEX,1,2047,2.52925
GLOBAL,PWRNGSMEXXX,GASMEX,1,2048,2.52925
GLOBAL,PWRNGSMEXXX,GASMEX,1,2049,2.52925
GLOBAL,PWRNGSMEXXX,GASMEX,1,2050,2.52925
GLOBAL,PWRNGSNICXX,GASINT,2,2023,2.49675
GLOBAL,PWRNGSNICXX,GASINT,2,2024,2.49675
GLOBAL,PWRNGSNICXX,GASINT,2,2025,2.49675
GLOBAL,PWRNGSNICXX,GASINT,2,2026,2.49675
GLOBAL,PWRNGSNICXX,GASINT,2,2027,2.49675
GLOBAL,PWRNGSNICXX,GASINT,2,2028,2.49675
GLOBAL,PWRNGSNICXX,GASINT,2,2029,2.49675
GLOBAL,PWRNGSNICXX,GASINT,2,2030,2.49675
GLOBAL,PWRNGSNICXX,GASINT,2,2031,2.49675
GLOBAL,PWRNGSNICXX,GASINT,2,2032,2.49675
GLOBAL,PWRNGSNICXX,GASINT,2,2033,2.49675
GLOBAL,PWRNGSNICXX,GASINT,2,2034,2.49675
GLOBAL,PWRNGSNICXX,GASINT,2,2035,2.49675
GLOBAL,PWRNGSNICXX,GASINT,2,2036,2.49675
GLOBAL,PWRNGSNICXX,GASINT,2,2037,2.49675
GLOBAL,PWRNGSNICXX,GASINT,2,2038,2.49675
GLOBAL,PWRNGSNICXX,GASINT,2,2039,2.49675
GLOBAL,PWRNGSNICXX,GASINT,2,2040,2.49675
GLOBAL,PWRNGSNICXX,GASINT,2,2041,2.49675
GLOBAL,PWRNGSNICXX,GASINT,2,2042,2.49675
GLOBAL,PWRNGSNICXX,GASINT,2,2043,2.49675
GLOBAL,PWRNGSNICXX,GASINT,2,2044,2.49675
GLOBAL,PWRNGSNICXX,GASINT,2,2045,2.49675
GLOBAL,PWRNGSNICXX,GASINT,2,2046,2.49675
GLOBAL,PWRNGSNICXX,GASINT,2,2047,2.49675
GLOBAL,PWRNGSNICXX,GASINT,2,2048,2.49675
GLOBAL,PWRNGSNICXX,GASINT,2,2049,2.49675
GLOBAL,PWRNGSNICXX,GASINT,2,2050,2.49675
GLOBAL,PWRNGSNICXX,GASNIC,1,2023,2.49675
GLOBAL,PWRNGSNICXX,GASNIC,1,2024,2.49675
GLOBAL,PWRNGSNICXX,GASNIC,1,2025,2.49675
GLOBAL,PWRNGSNICXX,GASNIC,1,2026,2.49675
GLOBAL,PWRNGSNICXX,GASNIC,1,2027,2.49675
GLOBAL,PWRNGSNICXX,GASNIC,1,2028,2.49675
GLOBAL,PWRNGSNICXX,GASNIC,1,2029,2.49675
GLOBAL,PWRNGSNICXX,GASNIC,1,2030,2.49675
GLOBAL,PWRNGSNICXX,GASNIC,1,2031,2.49675
GLOBAL,PWRNGSNICXX,GASNIC,1,2032,2.49675
GLOBAL,PWRNGSNICXX,GASNIC,1,2033,2.49675
GLOBAL,PWRNGSNICXX,GASNIC,1,2034,2.49675
GLOBAL,PWRNGSNICXX,GASNIC,1,2035,2.49675
GLOBAL,PWRNGSNICXX,GASNIC,1,2036,2.49675
GLOBAL,PWRNGSNICXX,GASNIC,1,2037,2.49675
GLOBAL,PWRNGSNICXX,GASNIC,1,2038,2.49675
GLOBAL,PWRNGSNICXX,GASNIC,1,2039,2.49675
GLOBAL,PWRNGSNICXX,GASNIC,1,2040,2.49675
GLOBAL,PWRNGSNICXX,GASNIC,1,2041,2.49675
GLOBAL,PWRNGSNICXX,GASNIC,1,2042,2.49675
GLOBAL,PWRNGSNICXX,GASNIC,1,2043,2.49675
GLOBAL,PWRNGSNICXX,GASNIC,1,2044,2.49675
GLOBAL,PWRNGSNICXX,GASNIC,1,2045,2.49675
GLOBAL,PWRNGSNICXX,GASNIC,1,2046,2.49675
GLOBAL,PWRNGSNICXX,GASNIC,1,2047,2.49675
GLOBAL,PWRNGSNICXX,GASNIC,1,2048,2.49675
GLOBAL,PWRNGSNICXX,GASNIC,1,2049,2.49675
GLOBAL,PWRNGSNICXX,GASNIC,1,2050,2.49675
GLOBAL,PWRNGSPANXX,GASINT,2,2023,2.57425
GLOBAL,PWRNGSPANXX,GASINT,2,2024,2.57425
GLOBAL,PWRNGSPANXX,GASINT,2,2025,2.57425
GLOBAL,PWRNGSPANXX,GASINT,2,2026,2.57425
GLOBAL,PWRNGSPANXX,GASINT,2,2027,2.57425
GLOBAL,PWRNGSPANXX,GASINT,2,2028,2.57425
GLOBAL,PWRNGSPANXX,GASINT,2,2029,2.57425
GLOBAL,PWRNGSPANXX,GASINT,2,2030,2.57425
GLOBAL,PWRNGSPANXX,GASINT,2,2031,2.57425
GLOBAL,PWRNGSPANXX,GASINT,2,2032,2.57425
GLOBAL,PWRNGSPANXX,GASINT,2,2033,2.57425
GLOBAL,PWRNGSPANXX,GASINT,2,2034,2.57425
GLOBAL,PWRNGSPANXX,GASINT,2,2035,2.57425
GLOBAL,PWRNGSPANXX,GASINT,2,2036,2.57425
GLOBAL,PWRNGSPANXX,GASINT,2,2037,2.57425
GLOBAL,PWRNGSPANXX,GASINT,2,2038,2.57425
GLOBAL,PWRNGSPANXX,GASINT,2,2039,2.57425
GLOBAL,PWRNGSPANXX,GASINT,2,2040,2.57425
GLOBAL,PWRNGSPANXX,GASINT,2,2041,2.57425
GLOBAL,PWRNGSPANXX,GASINT,2,2042,2.57425
GLOBAL,PWRNGSPANXX,GASINT,2,2043,2.57425
GLOBAL,PWRNGSPANXX,GASINT,2,2044,2.57425
GLOBAL,PWRNGSPANXX,GASINT,2,2045,2.57425
GLOBAL,PWRNGSPANXX,GASINT,2,2046,2.57425
GLOBAL,PWRNGSPANXX,GASINT,2,2047,2.57425
GLOBAL,PWRNGSPANXX,GASINT,2,2048,2.57425
GLOBAL,PWRNGSPANXX,GASINT,2,2049,2.57425
GLOBAL,PWRNGSPANXX,GASINT,2,2050,2.57425
GLOBAL,PWRNGSPANXX,GASPAN,1,2023,2.57425
GLOBAL,PWRNGSPANXX,GASPAN,1,2024,2.57425
GLOBAL,PWRNGSPANXX,GASPAN,1,2025,2.57425
GLOBAL,PWRNGSPANXX,GASPAN,1,2026,2.57425
GLOBAL,PWRNGSPANXX,GASPAN,1,2027,2.57425
GLOBAL,PWRNGSPANXX,GASPAN,1,2028,2.57425
GLOBAL,PWRNGSPANXX,GASPAN,1,2029,2.57425
GLOBAL,PWRNGSPANXX,GASPAN,1,2030,2.57425
GLOBAL,PWRNGSPANXX,GASPAN,1,2031,2.57425
GLOBAL,PWRNGSPANXX,GASPAN,1,2032,2.57425
GLOBAL,PWRNGSPANXX,GASPAN,1,2033,2.57425
GLOBAL,PWRNGSPANXX,GASPAN,1,2034,2.57425
GLOBAL,PWRNGSPANXX,GASPAN,1,2035,2.57425
GLOBAL,PWRNGSPANXX,GASPAN,1,2036,2.57425
GLOBAL,PWRNGSPANXX,GASPAN,1,2037,2.57425
GLOBAL,PWRNGSPANXX,GASPAN,1,2038,2.57425
GLOBAL,PWRNGSPANXX,GASPAN,1,2039,2.57425
GLOBAL,PWRNGSPANXX,GASPAN,1,2040,2.57425
GLOBAL,PWRNGSPANXX,GASPAN,1,2041,2.57425
GLOBAL,PWRNGSPANXX,GASPAN,1,2042,2.57425
GLOBAL,PWRNGSPANXX,GASPAN,1,2043,2.57425
GLOBAL,PWRNGSPANXX,GASPAN,1,2044,2.57425
GLOBAL,PWRNGSPANXX,GASPAN,1,2045,2.57425
GLOBAL,PWRNGSPANXX,GASPAN,1,2046,2.57425
GLOBAL,PWRNGSPANXX,GASPAN,1,2047,2.57425
GLOBAL,PWRNGSPANXX,GASPAN,1,2048,2.57425
GLOBAL,PWRNGSPANXX,GASPAN,1,2049,2.57425
GLOBAL,PWRNGSPANXX,GASPAN,1,2050,2.57425
GLOBAL,PWRNGSPERXX,GASINT,2,2023,2.55675
GLOBAL,PWRNGSPERXX,GASINT,2,2024,2.55675
GLOBAL,PWRNGSPERXX,GASINT,2,2025,2.55675
GLOBAL,PWRNGSPERXX,GASINT,2,2026,2.55675
GLOBAL,PWRNGSPERXX,GASINT,2,2027,2.55675
GLOBAL,PWRNGSPERXX,GASINT,2,2028,2.55675
GLOBAL,PWRNGSPERXX,GASINT,2,2029,2.55675
GLOBAL,PWRNGSPERXX,GASINT,2,2030,2.55675
GLOBAL,PWRNGSPERXX,GASINT,2,2031,2.55675
GLOBAL,PWRNGSPERXX,GASINT,2,2032,2.55675
GLOBAL,PWRNGSPERXX,GASINT,2,2033,2.55675
GLOBAL,PWRNGSPERXX,GASINT,2,2034,2.55675
GLOBAL,PWRNGSPERXX,GASINT,2,2035,2.55675
GLOBAL,PWRNGSPERXX,GASINT,2,2036,2.55675
GLOBAL,PWRNGSPERXX,GASINT,2,2037,2.55675
GLOBAL,PWRNGSPERXX,GASINT,2,2038,2.55675
GLOBAL,PWRNGSPERXX,GASINT,2,2039,2.55675
GLOBAL,PWRNGSPERXX,GASINT,2,2040,2.55675
GLOBAL,PWRNGSPERXX,GASINT,2,2041,2.55675
GLOBAL,PWRNGSPERXX,GASINT,2,2042,2.55675
GLOBAL,PWRNGSPERXX,GASINT,2,2043,2.55675
GLOBAL,PWRNGSPERXX,GASINT,2,2044,2.55675
GLOBAL,PWRNGSPERXX,GASINT,2,2045,2.55675
GLOBAL,PWRNGSPERXX,GASINT,2,2046,2.55675
GLOBAL,PWRNGSPERXX,GASINT,2,2047,2.55675
GLOBAL,PWRNGSPERXX,GASINT,2,2048,2.55675
GLOBAL,PWRNGSPERXX,GASINT,2,2049,2.55675
GLOBAL,PWRNGSPERXX,GASINT,2,2050,2.55675
GLOBAL,PWRNGSPERXX,GASPER,1,2023,2.55675
GLOBAL,PWRNGSPERXX,GASPER,1,2024,2.55675
GLOBAL,PWRNGSPERXX,GASPER,1,2025,2.55675
GLOBAL,PWRNGSPERXX,GASPER,1,2026,2.55675
GLOBAL,PWRNGSPERXX,GASPER,1,2027,2.55675
GLOBAL,PWRNGSPERXX,GASPER,1,2028,2.55675
GLOBAL,PWRNGSPERXX,GASPER,1,2029,2.55675
GLOBAL,PWRNGSPERXX,GASPER,1,2030,2.55675
GLOBAL,PWRNGSPERXX,GASPER,1,2031,2.55675
GLOBAL,PWRNGSPERXX,GASPER,1,2032,2.55675
GLOBAL,PWRNGSPERXX,GASPER,1,2033,2.55675
GLOBAL,PWRNGSPERXX,GASPER,1,2034,2.55675
GLOBAL,PWRNGSPERXX,GASPER,1,2035,2.55675
GLOBAL,PWRNGSPERXX,GASPER,1,2036,2.55675
GLOBAL,PWRNGSPERXX,GASPER,1,2037,2.55675
GLOBAL,PWRNGSPERXX,GASPER,1,2038,2.55675
GLOBAL,PWRNGSPERXX,GASPER,1,2039,2.55675
GLOBAL,PWRNGSPERXX,GASPER,1,2040,2.55675
GLOBAL,PWRNGSPERXX,GASPER,1,2041,2.55675
GLOBAL,PWRNGSPERXX,GASPER,1,2042,2.55675
GLOBAL,PWRNGSPERXX,GASPER,1,2043,2.55675
GLOBAL,PWRNGSPERXX,GASPER,1,2044,2.55675
GLOBAL,PWRNGSPERXX,GASPER,1,2045,2.55675
GLOBAL,PWRNGSPERXX,GASPER,1,2046,2.55675
GLOBAL,PWRNGSPERXX,GASPER,1,2047,2.55675
GLOBAL,PWRNGSPERXX,GASPER,1,2048,2.55675
GLOBAL,PWRNGSPERXX,GASPER,1,2049,2.55675
GLOBAL,PWRNGSPERXX,GASPER,1,2050,2.55675
GLOBAL,PWRNGSPRYXX,GASINT,2,2023,2.59925
GLOBAL,PWRNGSPRYXX,GASINT,2,2024,2.59925
GLOBAL,PWRNGSPRYXX,GASINT,2,2025,2.59925
GLOBAL,PWRNGSPRYXX,GASINT,2,2026,2.59925
GLOBAL,PWRNGSPRYXX,GASINT,2,2027,2.59925
GLOBAL,PWRNGSPRYXX,GASINT,2,2028,2.59925
GLOBAL,PWRNGSPRYXX,GASINT,2,2029,2.59925
GLOBAL,PWRNGSPRYXX,GASINT,2,2030,2.59925
GLOBAL,PWRNGSPRYXX,GASINT,2,2031,2.59925
GLOBAL,PWRNGSPRYXX,GASINT,2,2032,2.59925
GLOBAL,PWRNGSPRYXX,GASINT,2,2033,2.59925
GLOBAL,PWRNGSPRYXX,GASINT,2,2034,2.59925
GLOBAL,PWRNGSPRYXX,GASINT,2,2035,2.59925
GLOBAL,PWRNGSPRYXX,GASINT,2,2036,2.59925
GLOBAL,PWRNGSPRYXX,GASINT,2,2037,2.59925
GLOBAL,PWRNGSPRYXX,GASINT,2,2038,2.59925
GLOBAL,PWRNGSPRYXX,GASINT,2,2039,2.59925
GLOBAL,PWRNGSPRYXX,GASINT,2,2040,2.59925
GLOBAL,PWRNGSPRYXX,GASINT,2,2041,2.59925
GLOBAL,PWRNGSPRYXX,GASINT,2,2042,2.59925
GLOBAL,PWRNGSPRYXX,GASINT,2,2043,2.59925
GLOBAL,PWRNGSPRYXX,GASINT,2,2044,2.59925
GLOBAL,PWRNGSPRYXX,GASINT,2,2045,2.59925
GLOBAL,PWRNGSPRYXX,GASINT,2,2046,2.59925
GLOBAL,PWRNGSPRYXX,GASINT,2,2047,2.59925
GLOBAL,PWRNGSPRYXX,GASINT,2,2048,2.59925
GLOBAL,PWRNGSPRYXX,GASINT,2,2049,2.59925
GLOBAL,PWRNGSPRYXX,GASINT,2,2050,2.59925
GLOBAL,PWRNGSPRYXX,GASPRY,1,2023,2.59925
GLOBAL,PWRNGSPRYXX,GASPRY,1,2024,2.59925
GLOBAL,PWRNGSPRYXX,GASPRY,1,2025,2.59925
GLOBAL,PWRNGSPRYXX,GASPRY,1,2026,2.59925
GLOBAL,PWRNGSPRYXX,GASPRY,1,2027,2.59925
GLOBAL,PWRNGSPRYXX,GASPRY,1,2028,2.59925
GLOBAL,PWRNGSPRYXX,GASPRY,1,2029,2.59925
GLOBAL,PWRNGSPRYXX,GASPRY,1,2030,2.59925
GLOBAL,PWRNGSPRYXX,GASPRY,1,2031,2.59925
GLOBAL,PWRNGSPRYXX,GASPRY,1,2032,2.59925
GLOBAL,PWRNGSPRYXX,GASPRY,1,2033,2.59925
GLOBAL,PWRNGSPRYXX,GASPRY,1,2034,2.59925
GLOBAL,PWRNGSPRYXX,GASPRY,1,2035,2.59925
GLOBAL,PWRNGSPRYXX,GASPRY,1,2036,2.59925
GLOBAL,PWRNGSPRYXX,GASPRY,1,2037,2.59925
GLOBAL,PWRNGSPRYXX,GASPRY,1,2038,2.59925
GLOBAL,PWRNGSPRYXX,GASPRY,1,2039,2.59925
GLOBAL,PWRNGSPRYXX,GASPRY,1,2040,2.59925
GLOBAL,PWRNGSPRYXX,GASPRY,1,2041,2.59925
GLOBAL,PWRNGSPRYXX,GASPRY,1,2042,2.59925
GLOBAL,PWRNGSPRYXX,GASPRY,1,2043,2.59925
GLOBAL,PWRNGSPRYXX,GASPRY,1,2044,2.59925
GLOBAL,PWRNGSPRYXX,GASPRY,1,2045,2.59925
GLOBAL,PWRNGSPRYXX,GASPRY,1,2046,2.59925
GLOBAL,PWRNGSPRYXX,GASPRY,1,2047,2.59925
GLOBAL,PWRNGSPRYXX,GASPRY,1,2048,2.59925
GLOBAL,PWRNGSPRYXX,GASPRY,1,2049,2.59925
GLOBAL,PWRNGSPRYXX,GASPRY,1,2050,2.59925
GLOBAL,PWRNGSSLVXX,GASINT,2,2023,2.59925
GLOBAL,PWRNGSSLVXX,GASINT,2,2024,2.59925
GLOBAL,PWRNGSSLVXX,GASINT,2,2025,2.59925
GLOBAL,PWRNGSSLVXX,GASINT,2,2026,2.59925
GLOBAL,PWRNGSSLVXX,GASINT,2,2027,2.59925
GLOBAL,PWRNGSSLVXX,GASINT,2,2028,2.59925
GLOBAL,PWRNGSSLVXX,GASINT,2,2029,2.59925
GLOBAL,PWRNGSSLVXX,GASINT,2,2030,2.59925
GLOBAL,PWRNGSSLVXX,GASINT,2,2031,2.59925
GLOBAL,PWRNGSSLVXX,GASINT,2,2032,2.59925
GLOBAL,PWRNGSSLVXX,GASINT,2,2033,2.59925
GLOBAL,PWRNGSSLVXX,GASINT,2,2034,2.59925
GLOBAL,PWRNGSSLVXX,GASINT,2,2035,2.59925
GLOBAL,PWRNGSSLVXX,GASINT,2,2036,2.59925
GLOBAL,PWRNGSSLVXX,GASINT,2,2037,2.59925
GLOBAL,PWRNGSSLVXX,GASINT,2,2038,2.59925
GLOBAL,PWRNGSSLVXX,GASINT,2,2039,2.59925
GLOBAL,PWRNGSSLVXX,GASINT,2,2040,2.59925
GLOBAL,PWRNGSSLVXX,GASINT,2,2041,2.59925
GLOBAL,PWRNGSSLVXX,GASINT,2,2042,2.59925
GLOBAL,PWRNGSSLVXX,GASINT,2,2043,2.59925
GLOBAL,PWRNGSSLVXX,GASINT,2,2044,2.59925
GLOBAL,PWRNGSSLVXX,GASINT,2,2045,2.59925
GLOBAL,PWRNGSSLVXX,GASINT,2,2046,2.59925
GLOBAL,PWRNGSSLVXX,GASINT,2,2047,2.59925
GLOBAL,PWRNGSSLVXX,GASINT,2,2048,2.59925
GLOBAL,PWRNGSSLVXX,GASINT,2,2049,2.59925
GLOBAL,PWRNGSSLVXX,GASINT,2,2050,2.59925
GLOBAL,PWRNGSSLVXX,GASSLV,1,2023,2.59925
GLOBAL,PWRNGSSLVXX,GASSLV,1,2024,2.59925
GLOBAL,PWRNGSSLVXX,GASSLV,1,2025,2.59925
GLOBAL,PWRNGSSLVXX,GASSLV,1,2026,2.59925
GLOBAL,PWRNGSSLVXX,GASSLV,1,2027,2.59925
GLOBAL,PWRNGSSLVXX,GASSLV,1,2028,2.59925
GLOBAL,PWRNGSSLVXX,GASSLV,1,2029,2.59925
GLOBAL,PWRNGSSLVXX,GASSLV,1,2030,2.59925
GLOBAL,PWRNGSSLVXX,GASSLV,1,2031,2.59925
GLOBAL,PWRNGSSLVXX,GASSLV,1,2032,2.59925
GLOBAL,PWRNGSSLVXX,GASSLV,1,2033,2.59925
GLOBAL,PWRNGSSLVXX,GASSLV,1,2034,2.59925
GLOBAL,PWRNGSSLVXX,GASSLV,1,2035,2.59925
GLOBAL,PWRNGSSLVXX,GASSLV,1,2036,2.59925
GLOBAL,PWRNGSSLVXX,GASSLV,1,2037,2.59925
GLOBAL,PWRNGSSLVXX,GASSLV,1,2038,2.59925
GLOBAL,PWRNGSSLVXX,GASSLV,1,2039,2.59925
GLOBAL,PWRNGSSLVXX,GASSLV,1,2040,2.59925
GLOBAL,PWRNGSSLVXX,GASSLV,1,2041,2.59925
GLOBAL,PWRNGSSLVXX,GASSLV,1,2042,2.59925
GLOBAL,PWRNGSSLVXX,GASSLV,1,2043,2.59925
GLOBAL,PWRNGSSLVXX,GASSLV,1,2044,2.59925
GLOBAL,PWRNGSSLVXX,GASSLV,1,2045,2.59925
GLOBAL,PWRNGSSLVXX,GASSLV,1,2046,2.59925
GLOBAL,PWRNGSSLVXX,GASSLV,1,2047,2.59925
GLOBAL,PWRNGSSLVXX,GASSLV,1,2048,2.59925
GLOBAL,PWRNGSSLVXX,GASSLV,1,2049,2.59925
GLOBAL,PWRNGSSLVXX,GASSLV,1,2050,2.59925
GLOBAL,PWRNGSURYXX,GASINT,2,2023,2.61175
GLOBAL,PWRNGSURYXX,GASINT,2,2024,2.61175
GLOBAL,PWRNGSURYXX,GASINT,2,2025,2.61175
GLOBAL,PWRNGSURYXX,GASINT,2,2026,2.61175
GLOBAL,PWRNGSURYXX,GASINT,2,2027,2.61175
GLOBAL,PWRNGSURYXX,GASINT,2,2028,2.61175
GLOBAL,PWRNGSURYXX,GASINT,2,2029,2.61175
GLOBAL,PWRNGSURYXX,GASINT,2,2030,2.61175
GLOBAL,PWRNGSURYXX,GASINT,2,2031,2.61175
GLOBAL,PWRNGSURYXX,GASINT,2,2032,2.61175
GLOBAL,PWRNGSURYXX,GASINT,2,2033,2.61175
GLOBAL,PWRNGSURYXX,GASINT,2,2034,2.61175
GLOBAL,PWRNGSURYXX,GASINT,2,2035,2.61175
GLOBAL,PWRNGSURYXX,GASINT,2,2036,2.61175
GLOBAL,PWRNGSURYXX,GASINT,2,2037,2.61175
GLOBAL,PWRNGSURYXX,GASINT,2,2038,2.61175
GLOBAL,PWRNGSURYXX,GASINT,2,2039,2.61175
GLOBAL,PWRNGSURYXX,GASINT,2,2040,2.61175
GLOBAL,PWRNGSURYXX,GASINT,2,2041,2.61175
GLOBAL,PWRNGSURYXX,GASINT,2,2042,2.61175
GLOBAL,PWRNGSURYXX,GASINT,2,2043,2.61175
GLOBAL,PWRNGSURYXX,GASINT,2,2044,2.61175
GLOBAL,PWRNGSURYXX,GASINT,2,2045,2.61175
GLOBAL,PWRNGSURYXX,GASINT,2,2046,2.61175
GLOBAL,PWRNGSURYXX,GASINT,2,2047,2.61175
GLOBAL,PWRNGSURYXX,GASINT,2,2048,2.61175
GLOBAL,PWRNGSURYXX,GASINT,2,2049,2.61175
GLOBAL,PWRNGSURYXX,GASINT,2,2050,2.61175
GLOBAL,PWRNGSURYXX,GASURY,1,2023,2.61175
GLOBAL,PWRNGSURYXX,GASURY,1,2024,2.61175
GLOBAL,PWRNGSURYXX,GASURY,1,2025,2.61175
GLOBAL,PWRNGSURYXX,GASURY,1,2026,2.61175
GLOBAL,PWRNGSURYXX,GASURY,1,2027,2.61175
GLOBAL,PWRNGSURYXX,GASURY,1,2028,2.61175
GLOBAL,PWRNGSURYXX,GASURY,1,2029,2.61175
GLOBAL,PWRNGSURYXX,GASURY,1,2030,2.61175
GLOBAL,PWRNGSURYXX,GASURY,1,2031,2.61175
GLOBAL,PWRNGSURYXX,GASURY,1,2032,2.61175
GLOBAL,PWRNGSURYXX,GASURY,1,2033,2.61175
GLOBAL,PWRNGSURYXX,GASURY,1,2034,2.61175
GLOBAL,PWRNGSURYXX,GASURY,1,2035,2.61175
GLOBAL,PWRNGSURYXX,GASURY,1,2036,2.61175
GLOBAL,PWRNGSURYXX,GASURY,1,2037,2.61175
GLOBAL,PWRNGSURYXX,GASURY,1,2038,2.61175
GLOBAL,PWRNGSURYXX,GASURY,1,2039,2.61175
GLOBAL,PWRNGSURYXX,GASURY,1,2040,2.61175
GLOBAL,PWRNGSURYXX,GASURY,1,2041,2.61175
GLOBAL,PWRNGSURYXX,GASURY,1,2042,2.61175
GLOBAL,PWRNGSURYXX,GASURY,1,2043,2.61175
GLOBAL,PWRNGSURYXX,GASURY,1,2044,2.61175
GLOBAL,PWRNGSURYXX,GASURY,1,2045,2.61175
GLOBAL,PWRNGSURYXX,GASURY,1,2046,2.61175
GLOBAL,PWRNGSURYXX,GASURY,1,2047,2.61175
GLOBAL,PWRNGSURYXX,GASURY,1,2048,2.61175
GLOBAL,PWRNGSURYXX,GASURY,1,2049,2.61175
GLOBAL,PWRNGSURYXX,GASURY,1,2050,2.61175
GLOBAL,PWROILARGXX,OILARG,1,2023,3.12
GLOBAL,PWROILARGXX,OILARG,1,2024,3.12
GLOBAL,PWROILARGXX,OILARG,1,2025,3.12
GLOBAL,PWROILARGXX,OILARG,1,2026,3.12
GLOBAL,PWROILARGXX,OILARG,1,2027,3.12
GLOBAL,PWROILARGXX,OILARG,1,2028,3.12
GLOBAL,PWROILARGXX,OILARG,1,2029,3.12
GLOBAL,PWROILARGXX,OILARG,1,2030,3.12
GLOBAL,PWROILARGXX,OILARG,1,2031,3.12
GLOBAL,PWROILARGXX,OILARG,1,2032,3.12
GLOBAL,PWROILARGXX,OILARG,1,2033,3.12
GLOBAL,PWROILARGXX,OILARG,1,2034,3.12
GLOBAL,PWROILARGXX,OILARG,1,2035,3.12
GLOBAL,PWROILARGXX,OILARG,1,2036,3.12
GLOBAL,PWROILARGXX,OILARG,1,2037,3.12
GLOBAL,PWROILARGXX,OILARG,1,2038,3.12
GLOBAL,PWROILARGXX,OILARG,1,2039,3.12
GLOBAL,PWROILARGXX,OILARG,1,2040,3.12
GLOBAL,PWROILARGXX,OILARG,1,2041,3.12
GLOBAL,PWROILARGXX,OILARG,1,2042,3.12
GLOBAL,PWROILARGXX,OILARG,1,2043,3.12
GLOBAL,PWROILARGXX,OILARG,1,2044,3.12
GLOBAL,PWROILARGXX,OILARG,1,2045,3.12
GLOBAL,PWROILARGXX,OILARG,1,2046,3.12
GLOBAL,PWROILARGXX,OILARG,1,2047,3.12
GLOBAL,PWROILARGXX,OILARG,1,2048,3.12
GLOBAL,PWROILARGXX,OILARG,1,2049,3.12
GLOBAL,PWROILARGXX,OILARG,1,2050,3.12
GLOBAL,PWROILARGXX,OILINT,2,2023,3.12
GLOBAL,PWROILARGXX,OILINT,2,2024,3.12
GLOBAL,PWROILARGXX,OILINT,2,2025,3.12
GLOBAL,PWROILARGXX,OILINT,2,2026,3.12
GLOBAL,PWROILARGXX,OILINT,2,2027,3.12
GLOBAL,PWROILARGXX,OILINT,2,2028,3.12
GLOBAL,PWROILARGXX,OILINT,2,2029,3.12
GLOBAL,PWROILARGXX,OILINT,2,2030,3.12
GLOBAL,PWROILARGXX,OILINT,2,2031,3.12
GLOBAL,PWROILARGXX,OILINT,2,2032,3.12
GLOBAL,PWROILARGXX,OILINT,2,2033,3.12
GLOBAL,PWROILARGXX,OILINT,2,2034,3.12
GLOBAL,PWROILARGXX,OILINT,2,2035,3.12
GLOBAL,PWROILARGXX,OILINT,2,2036,3.12
GLOBAL,PWROILARGXX,OILINT,2,2037,3.12
GLOBAL,PWROILARGXX,OILINT,2,2038,3.12
GLOBAL,PWROILARGXX,OILINT,2,2039,3.12
GLOBAL,PWROILARGXX,OILINT,2,2040,3.12
GLOBAL,PWROILARGXX,OILINT,2,2041,3.12
GLOBAL,PWROILARGXX,OILINT,2,2042,3.12
GLOBAL,PWROILARGXX,OILINT,2,2043,3.12
GLOBAL,PWROILARGXX,OILINT,2,2044,3.12
GLOBAL,PWROILARGXX,OILINT,2,2045,3.12
GLOBAL,PWROILARGXX,OILINT,2,2046,3.12
GLOBAL,PWROILARGXX,OILINT,2,2047,3.12
GLOBAL,PWROILARGXX,OILINT,2,2048,3.12
GLOBAL,PWROILARGXX,OILINT,2,2049,3.12
GLOBAL,PWROILARGXX,OILINT,2,2050,3.12
GLOBAL,PWROILBOLXX,OILBOL,1,2023,3.07
GLOBAL,PWROILBOLXX,OILBOL,1,2024,3.07
GLOBAL,PWROILBOLXX,OILBOL,1,2025,3.07
GLOBAL,PWROILBOLXX,OILBOL,1,2026,3.07
GLOBAL,PWROILBOLXX,OILBOL,1,2027,3.07
GLOBAL,PWROILBOLXX,OILBOL,1,2028,3.07
GLOBAL,PWROILBOLXX,OILBOL,1,2029,3.07
GLOBAL,PWROILBOLXX,OILBOL,1,2030,3.07
GLOBAL,PWROILBOLXX,OILBOL,1,2031,3.07
GLOBAL,PWROILBOLXX,OILBOL,1,2032,3.07
GLOBAL,PWROILBOLXX,OILBOL,1,2033,3.07
GLOBAL,PWROILBOLXX,OILBOL,1,2034,3.07
GLOBAL,PWROILBOLXX,OILBOL,1,2035,3.07
GLOBAL,PWROILBOLXX,OILBOL,1,2036,3.07
GLOBAL,PWROILBOLXX,OILBOL,1,2037,3.07
GLOBAL,PWROILBOLXX,OILBOL,1,2038,3.07
GLOBAL,PWROILBOLXX,OILBOL,1,2039,3.07
GLOBAL,PWROILBOLXX,OILBOL,1,2040,3.07
GLOBAL,PWROILBOLXX,OILBOL,1,2041,3.07
GLOBAL,PWROILBOLXX,OILBOL,1,2042,3.07
GLOBAL,PWROILBOLXX,OILBOL,1,2043,3.07
GLOBAL,PWROILBOLXX,OILBOL,1,2044,3.07
GLOBAL,PWROILBOLXX,OILBOL,1,2045,3.07
GLOBAL,PWROILBOLXX,OILBOL,1,2046,3.07
GLOBAL,PWROILBOLXX,OILBOL,1,2047,3.07
GLOBAL,PWROILBOLXX,OILBOL,1,2048,3.07
GLOBAL,PWROILBOLXX,OILBOL,1,2049,3.07
GLOBAL,PWROILBOLXX,OILBOL,1,2050,3.07
GLOBAL,PWROILBOLXX,OILINT,2,2023,3.07
GLOBAL,PWROILBOLXX,OILINT,2,2024,3.07
GLOBAL,PWROILBOLXX,OILINT,2,2025,3.07
GLOBAL,PWROILBOLXX,OILINT,2,2026,3.07
GLOBAL,PWROILBOLXX,OILINT,2,2027,3.07
GLOBAL,PWROILBOLXX,OILINT,2,2028,3.07
GLOBAL,PWROILBOLXX,OILINT,2,2029,3.07
GLOBAL,PWROILBOLXX,OILINT,2,2030,3.07
GLOBAL,PWROILBOLXX,OILINT,2,2031,3.07
GLOBAL,PWROILBOLXX,OILINT,2,2032,3.07
GLOBAL,PWROILBOLXX,OILINT,2,2033,3.07
GLOBAL,PWROILBOLXX,OILINT,2,2034,3.07
GLOBAL,PWROILBOLXX,OILINT,2,2035,3.07
GLOBAL,PWROILBOLXX,OILINT,2,2036,3.07
GLOBAL,PWROILBOLXX,OILINT,2,2037,3.07
GLOBAL,PWROILBOLXX,OILINT,2,2038,3.07
GLOBAL,PWROILBOLXX,OILINT,2,2039,3.07
GLOBAL,PWROILBOLXX,OILINT,2,2040,3.07
GLOBAL,PWROILBOLXX,OILINT,2,2041,3.07
GLOBAL,PWROILBOLXX,OILINT,2,2042,3.07
GLOBAL,PWROILBOLXX,OILINT,2,2043,3.07
GLOBAL,PWROILBOLXX,OILINT,2,2044,3.07
GLOBAL,PWROILBOLXX,OILINT,2,2045,3.07
GLOBAL,PWROILBOLXX,OILINT,2,2046,3.07
GLOBAL,PWROILBOLXX,OILINT,2,2047,3.07
GLOBAL,PWROILBOLXX,OILINT,2,2048,3.07
GLOBAL,PWROILBOLXX,OILINT,2,2049,3.07
GLOBAL,PWROILBOLXX,OILINT,2,2050,3.07
GLOBAL,PWROILBRAXX,OILBRA,1,2023,3.1357142857142857
GLOBAL,PWROILBRAXX,OILBRA,1,2024,3.1357142857142857
GLOBAL,PWROILBRAXX,OILBRA,1,2025,3.1357142857142857
GLOBAL,PWROILBRAXX,OILBRA,1,2026,3.1357142857142857
GLOBAL,PWROILBRAXX,OILBRA,1,2027,3.1357142857142857
GLOBAL,PWROILBRAXX,OILBRA,1,2028,3.1357142857142857
GLOBAL,PWROILBRAXX,OILBRA,1,2029,3.1357142857142857
GLOBAL,PWROILBRAXX,OILBRA,1,2030,3.1357142857142857
GLOBAL,PWROILBRAXX,OILBRA,1,2031,3.1357142857142857
GLOBAL,PWROILBRAXX,OILBRA,1,2032,3.1357142857142857
GLOBAL,PWROILBRAXX,OILBRA,1,2033,3.1357142857142857
GLOBAL,PWROILBRAXX,OILBRA,1,2034,3.1357142857142857
GLOBAL,PWROILBRAXX,OILBRA,1,2035,3.1357142857142857
GLOBAL,PWROILBRAXX,OILBRA,1,2036,3.1357142857142857
GLOBAL,PWROILBRAXX,OILBRA,1,2037,3.1357142857142857
GLOBAL,PWROILBRAXX,OILBRA,1,2038,3.1357142857142857
GLOBAL,PWROILBRAXX,OILBRA,1,2039,3.1357142857142857
GLOBAL,PWROILBRAXX,OILBRA,1,2040,3.1357142857142857
GLOBAL,PWROILBRAXX,OILBRA,1,2041,3.1357142857142857
GLOBAL,PWROILBRAXX,OILBRA,1,2042,3.1357142857142857
GLOBAL,PWROILBRAXX,OILBRA,1,2043,3.1357142857142857
GLOBAL,PWROILBRAXX,OILBRA,1,2044,3.1357142857142857
GLOBAL,PWROILBRAXX,OILBRA,1,2045,3.1357142857142857
GLOBAL,PWROILBRAXX,OILBRA,1,2046,3.1357142857142857
GLOBAL,PWROILBRAXX,OILBRA,1,2047,3.1357142857142857
GLOBAL,PWROILBRAXX,OILBRA,1,2048,3.1357142857142857
GLOBAL,PWROILBRAXX,OILBRA,1,2049,3.1357142857142857
GLOBAL,PWROILBRAXX,OILBRA,1,2050,3.1357142857142857
GLOBAL,PWROILBRAXX,OILINT,2,2023,3.1357142857142857
GLOBAL,PWROILBRAXX,OILINT,2,2024,3.1357142857142857
GLOBAL,PWROILBRAXX,OILINT,2,2025,3.1357142857142857
GLOBAL,PWROILBRAXX,OILINT,2,2026,3.1357142857142857
GLOBAL,PWROILBRAXX,OILINT,2,2027,3.1357142857142857
GLOBAL,PWROILBRAXX,OILINT,2,2028,3.1357142857142857
GLOBAL,PWROILBRAXX,OILINT,2,2029,3.1357142857142857
GLOBAL,PWROILBRAXX,OILINT,2,2030,3.1357142857142857
GLOBAL,PWROILBRAXX,OILINT,2,2031,3.1357142857142857
GLOBAL,PWROILBRAXX,OILINT,2,2032,3.1357142857142857
GLOBAL,PWROILBRAXX,OILINT,2,2033,3.1357142857142857
GLOBAL,PWROILBRAXX,OILINT,2,2034,3.1357142857142857
GLOBAL,PWROILBRAXX,OILINT,2,2035,3.1357142857142857
GLOBAL,PWROILBRAXX,OILINT,2,2036,3.1357142857142857
GLOBAL,PWROILBRAXX,OILINT,2,2037,3.1357142857142857
GLOBAL,PWROILBRAXX,OILINT,2,2038,3.1357142857142857
GLOBAL,PWROILBRAXX,OILINT,2,2039,3.1357142857142857
GLOBAL,PWROILBRAXX,OILINT,2,2040,3.1357142857142857
GLOBAL,PWROILBRAXX,OILINT,2,2041,3.1357142857142857
GLOBAL,PWROILBRAXX,OILINT,2,2042,3.1357142857142857
GLOBAL,PWROILBRAXX,OILINT,2,2043,3.1357142857142857
GLOBAL,PWROILBRAXX,OILINT,2,2044,3.1357142857142857
GLOBAL,PWROILBRAXX,OILINT,2,2045,3.1357142857142857
GLOBAL,PWROILBRAXX,OILINT,2,2046,3.1357142857142857
GLOBAL,PWROILBRAXX,OILINT,2,2047,3.1357142857142857
GLOBAL,PWROILBRAXX,OILINT,2,2048,3.1357142857142857
GLOBAL,PWROILBRAXX,OILINT,2,2049,3.1357142857142857
GLOBAL,PWROILBRAXX,OILINT,2,2050,3.1357142857142857
GLOBAL,PWROILBRBXX,OILBRB,1,2023,2.78
GLOBAL,PWROILBRBXX,OILBRB,1,2024,2.78
GLOBAL,PWROILBRBXX,OILBRB,1,2025,2.78
GLOBAL,PWROILBRBXX,OILBRB,1,2026,2.78
GLOBAL,PWROILBRBXX,OILBRB,1,2027,2.78
GLOBAL,PWROILBRBXX,OILBRB,1,2028,2.78
GLOBAL,PWROILBRBXX,OILBRB,1,2029,2.78
GLOBAL,PWROILBRBXX,OILBRB,1,2030,2.78
GLOBAL,PWROILBRBXX,OILBRB,1,2031,2.78
GLOBAL,PWROILBRBXX,OILBRB,1,2032,2.78
GLOBAL,PWROILBRBXX,OILBRB,1,2033,2.78
GLOBAL,PWROILBRBXX,OILBRB,1,2034,2.78
GLOBAL,PWROILBRBXX,OILBRB,1,2035,2.78
GLOBAL,PWROILBRBXX,OILBRB,1,2036,2.78
GLOBAL,PWROILBRBXX,OILBRB,1,2037,2.78
GLOBAL,PWROILBRBXX,OILBRB,1,2038,2.78
GLOBAL,PWROILBRBXX,OILBRB,1,2039,2.78
GLOBAL,PWROILBRBXX,OILBRB,1,2040,2.78
GLOBAL,PWROILBRBXX,OILBRB,1,2041,2.78
GLOBAL,PWROILBRBXX,OILBRB,1,2042,2.78
GLOBAL,PWROILBRBXX,OILBRB,1,2043,2.78
GLOBAL,PWROILBRBXX,OILBRB,1,2044,2.78
GLOBAL,PWROILBRBXX,OILBRB,1,2045,2.78
GLOBAL,PWROILBRBXX,OILBRB,1,2046,2.78
GLOBAL,PWROILBRBXX,OILBRB,1,2047,2.78
GLOBAL,PWROILBRBXX,OILBRB,1,2048,2.78
GLOBAL,PWROILBRBXX,OILBRB,1,2049,2.78
GLOBAL,PWROILBRBXX,OILBRB,1,2050,2.78
GLOBAL,PWROILBRBXX,OILINT,2,2023,2.78
GLOBAL,PWROILBRBXX,OILINT,2,2024,2.78
GLOBAL,PWROILBRBXX,OILINT,2,2025,2.78
GLOBAL,PWROILBRBXX,OILINT,2,2026,2.78
GLOBAL,PWROILBRBXX,OILINT,2,2027,2.78
GLOBAL,PWROILBRBXX,OILINT,2,2028,2.78
GLOBAL,PWROILBRBXX,OILINT,2,2029,2.78
GLOBAL,PWROILBRBXX,OILINT,2,2030,2.78
GLOBAL,PWROILBRBXX,OILINT,2,2031,2.78
GLOBAL,PWROILBRBXX,OILINT,2,2032,2.78
GLOBAL,PWROILBRBXX,OILINT,2,2033,2.78
GLOBAL,PWROILBRBXX,OILINT,2,2034,2.78
GLOBAL,PWROILBRBXX,OILINT,2,2035,2.78
GLOBAL,PWROILBRBXX,OILINT,2,2036,2.78
GLOBAL,PWROILBRBXX,OILINT,2,2037,2.78
GLOBAL,PWROILBRBXX,OILINT,2,2038,2.78
GLOBAL,PWROILBRBXX,OILINT,2,2039,2.78
GLOBAL,PWROILBRBXX,OILINT,2,2040,2.78
GLOBAL,PWROILBRBXX,OILINT,2,2041,2.78
GLOBAL,PWROILBRBXX,OILINT,2,2042,2.78
GLOBAL,PWROILBRBXX,OILINT,2,2043,2.78
GLOBAL,PWROILBRBXX,OILINT,2,2044,2.78
GLOBAL,PWROILBRBXX,OILINT,2,2045,2.78
GLOBAL,PWROILBRBXX,OILINT,2,2046,2.78
GLOBAL,PWROILBRBXX,OILINT,2,2047,2.78
GLOBAL,PWROILBRBXX,OILINT,2,2048,2.78
GLOBAL,PWROILBRBXX,OILINT,2,2049,2.78
GLOBAL,PWROILBRBXX,OILINT,2,2050,2.78
GLOBAL,PWROILCHLXX,OILCHL,1,2023,3.04
GLOBAL,PWROILCHLXX,OILCHL,1,2024,3.04
GLOBAL,PWROILCHLXX,OILCHL,1,2025,3.04
GLOBAL,PWROILCHLXX,OILCHL,1,2026,3.04
GLOBAL,PWROILCHLXX,OILCHL,1,2027,3.04
GLOBAL,PWROILCHLXX,OILCHL,1,2028,3.04
GLOBAL,PWROILCHLXX,OILCHL,1,2029,3.04
GLOBAL,PWROILCHLXX,OILCHL,1,2030,3.04
GLOBAL,PWROILCHLXX,OILCHL,1,2031,3.04
GLOBAL,PWROILCHLXX,OILCHL,1,2032,3.04
GLOBAL,PWROILCHLXX,OILCHL,1,2033,3.04
GLOBAL,PWROILCHLXX,OILCHL,1,2034,3.04
GLOBAL,PWROILCHLXX,OILCHL,1,2035,3.04
GLOBAL,PWROILCHLXX,OILCHL,1,2036,3.04
GLOBAL,PWROILCHLXX,OILCHL,1,2037,3.04
GLOBAL,PWROILCHLXX,OILCHL,1,2038,3.04
GLOBAL,PWROILCHLXX,OILCHL,1,2039,3.04
GLOBAL,PWROILCHLXX,OILCHL,1,2040,3.04
GLOBAL,PWROILCHLXX,OILCHL,1,2041,3.04
GLOBAL,PWROILCHLXX,OILCHL,1,2042,3.04
GLOBAL,PWROILCHLXX,OILCHL,1,2043,3.04
GLOBAL,PWROILCHLXX,OILCHL,1,2044,3.04
GLOBAL,PWROILCHLXX,OILCHL,1,2045,3.04
GLOBAL,PWROILCHLXX,OILCHL,1,2046,3.04
GLOBAL,PWROILCHLXX,OILCHL,1,2047,3.04
GLOBAL,PWROILCHLXX,OILCHL,1,2048,3.04
GLOBAL,PWROILCHLXX,OILCHL,1,2049,3.04
GLOBAL,PWROILCHLXX,OILCHL,1,2050,3.04
GLOBAL,PWROILCHLXX,OILINT,2,2023,3.04
GLOBAL,PWROILCHLXX,OILINT,2,2024,3.04
GLOBAL,PWROILCHLXX,OILINT,2,2025,3.04
GLOBAL,PWROILCHLXX,OILINT,2,2026,3.04
GLOBAL,PWROILCHLXX,OILINT,2,2027,3.04
GLOBAL,PWROILCHLXX,OILINT,2,2028,3.04
GLOBAL,PWROILCHLXX,OILINT,2,2029,3.04
GLOBAL,PWROILCHLXX,OILINT,2,2030,3.04
GLOBAL,PWROILCHLXX,OILINT,2,2031,3.04
GLOBAL,PWROILCHLXX,OILINT,2,2032,3.04
GLOBAL,PWROILCHLXX,OILINT,2,2033,3.04
GLOBAL,PWROILCHLXX,OILINT,2,2034,3.04
GLOBAL,PWROILCHLXX,OILINT,2,2035,3.04
GLOBAL,PWROILCHLXX,OILINT,2,2036,3.04
GLOBAL,PWROILCHLXX,OILINT,2,2037,3.04
GLOBAL,PWROILCHLXX,OILINT,2,2038,3.04
GLOBAL,PWROILCHLXX,OILINT,2,2039,3.04
GLOBAL,PWROILCHLXX,OILINT,2,2040,3.04
GLOBAL,PWROILCHLXX,OILINT,2,2041,3.04
GLOBAL,PWROILCHLXX,OILINT,2,2042,3.04
GLOBAL,PWROILCHLXX,OILINT,2,2043,3.04
GLOBAL,PWROILCHLXX,OILINT,2,2044,3.04
GLOBAL,PWROILCHLXX,OILINT,2,2045,3.04
GLOBAL,PWROILCHLXX,OILINT,2,2046,3.04
GLOBAL,PWROILCHLXX,OILINT,2,2047,3.04
GLOBAL,PWROILCHLXX,OILINT,2,2048,3.04
GLOBAL,PWROILCHLXX,OILINT,2,2049,3.04
GLOBAL,PWROILCHLXX,OILINT,2,2050,3.04
GLOBAL,PWROILCOLXX,OILCOL,1,2023,2.75
GLOBAL,PWROILCOLXX,OILCOL,1,2024,2.75
GLOBAL,PWROILCOLXX,OILCOL,1,2025,2.75
GLOBAL,PWROILCOLXX,OILCOL,1,2026,2.75
GLOBAL,PWROILCOLXX,OILCOL,1,2027,2.75
GLOBAL,PWROILCOLXX,OILCOL,1,2028,2.75
GLOBAL,PWROILCOLXX,OILCOL,1,2029,2.75
GLOBAL,PWROILCOLXX,OILCOL,1,2030,2.75
GLOBAL,PWROILCOLXX,OILCOL,1,2031,2.75
GLOBAL,PWROILCOLXX,OILCOL,1,2032,2.75
GLOBAL,PWROILCOLXX,OILCOL,1,2033,2.75
GLOBAL,PWROILCOLXX,OILCOL,1,2034,2.75
GLOBAL,PWROILCOLXX,OILCOL,1,2035,2.75
GLOBAL,PWROILCOLXX,OILCOL,1,2036,2.75
GLOBAL,PWROILCOLXX,OILCOL,1,2037,2.75
GLOBAL,PWROILCOLXX,OILCOL,1,2038,2.75
GLOBAL,PWROILCOLXX,OILCOL,1,2039,2.75
GLOBAL,PWROILCOLXX,OILCOL,1,2040,2.75
GLOBAL,PWROILCOLXX,OILCOL,1,2041,2.75
GLOBAL,PWROILCOLXX,OILCOL,1,2042,2.75
GLOBAL,PWROILCOLXX,OILCOL,1,2043,2.75
GLOBAL,PWROILCOLXX,OILCOL,1,2044,2.75
GLOBAL,PWROILCOLXX,OILCOL,1,2045,2.75
GLOBAL,PWROILCOLXX,OILCOL,1,2046,2.75
GLOBAL,PWROILCOLXX,OILCOL,1,2047,2.75
GLOBAL,PWROILCOLXX,OILCOL,1,2048,2.75
GLOBAL,PWROILCOLXX,OILCOL,1,2049,2.75
GLOBAL,PWROILCOLXX,OILCOL,1,2050,2.75
GLOBAL,PWROILCOLXX,OILINT,2,2023,2.75
GLOBAL,PWROILCOLXX,OILINT,2,2024,2.75
GLOBAL,PWROILCOLXX,OILINT,2,2025,2.75
GLOBAL,PWROILCOLXX,OILINT,2,2026,2.75
GLOBAL,PWROILCOLXX,OILINT,2,2027,2.75
GLOBAL,PWROILCOLXX,OILINT,2,2028,2.75
GLOBAL,PWROILCOLXX,OILINT,2,2029,2.75
GLOBAL,PWROILCOLXX,OILINT,2,2030,2.75
GLOBAL,PWROILCOLXX,OILINT,2,2031,2.75
GLOBAL,PWROILCOLXX,OILINT,2,2032,2.75
GLOBAL,PWROILCOLXX,OILINT,2,2033,2.75
GLOBAL,PWROILCOLXX,OILINT,2,2034,2.75
GLOBAL,PWROILCOLXX,OILINT,2,2035,2.75
GLOBAL,PWROILCOLXX,OILINT,2,2036,2.75
GLOBAL,PWROILCOLXX,OILINT,2,2037,2.75
GLOBAL,PWROILCOLXX,OILINT,2,2038,2.75
GLOBAL,PWROILCOLXX,OILINT,2,2039,2.75
GLOBAL,PWROILCOLXX,OILINT,2,2040,2.75
GLOBAL,PWROILCOLXX,OILINT,2,2041,2.75
GLOBAL,PWROILCOLXX,OILINT,2,2042,2.75
GLOBAL,PWROILCOLXX,OILINT,2,2043,2.75
GLOBAL,PWROILCOLXX,OILINT,2,2044,2.75
GLOBAL,PWROILCOLXX,OILINT,2,2045,2.75
GLOBAL,PWROILCOLXX,OILINT,2,2046,2.75
GLOBAL,PWROILCOLXX,OILINT,2,2047,2.75
GLOBAL,PWROILCOLXX,OILINT,2,2048,2.75
GLOBAL,PWROILCOLXX,OILINT,2,2049,2.75
GLOBAL,PWROILCOLXX,OILINT,2,2050,2.75
GLOBAL,PWROILCRIXX,OILCRI,1,2023,2.85
GLOBAL,PWROILCRIXX,OILCRI,1,2024,2.85
GLOBAL,PWROILCRIXX,OILCRI,1,2025,2.85
GLOBAL,PWROILCRIXX,OILCRI,1,2026,2.85
GLOBAL,PWROILCRIXX,OILCRI,1,2027,2.85
GLOBAL,PWROILCRIXX,OILCRI,1,2028,2.85
GLOBAL,PWROILCRIXX,OILCRI,1,2029,2.85
GLOBAL,PWROILCRIXX,OILCRI,1,2030,2.85
GLOBAL,PWROILCRIXX,OILCRI,1,2031,2.85
GLOBAL,PWROILCRIXX,OILCRI,1,2032,2.85
GLOBAL,PWROILCRIXX,OILCRI,1,2033,2.85
GLOBAL,PWROILCRIXX,OILCRI,1,2034,2.85
GLOBAL,PWROILCRIXX,OILCRI,1,2035,2.85
GLOBAL,PWROILCRIXX,OILCRI,1,2036,2.85
GLOBAL,PWROILCRIXX,OILCRI,1,2037,2.85
GLOBAL,PWROILCRIXX,OILCRI,1,2038,2.85
GLOBAL,PWROILCRIXX,OILCRI,1,2039,2.85
GLOBAL,PWROILCRIXX,OILCRI,1,2040,2.85
GLOBAL,PWROILCRIXX,OILCRI,1,2041,2.85
GLOBAL,PWROILCRIXX,OILCRI,1,2042,2.85
GLOBAL,PWROILCRIXX,OILCRI,1,2043,2.85
GLOBAL,PWROILCRIXX,OILCRI,1,2044,2.85
GLOBAL,PWROILCRIXX,OILCRI,1,2045,2.85
GLOBAL,PWROILCRIXX,OILCRI,1,2046,2.85
GLOBAL,PWROILCRIXX,OILCRI,1,2047,2.85
GLOBAL,PWROILCRIXX,OILCRI,1,2048,2.85
GLOBAL,PWROILCRIXX,OILCRI,1,2049,2.85
GLOBAL,PWROILCRIXX,OILCRI,1,2050,2.85
GLOBAL,PWROILCRIXX,OILINT,2,2023,2.85
GLOBAL,PWROILCRIXX,OILINT,2,2024,2.85
GLOBAL,PWROILCRIXX,OILINT,2,2025,2.85
GLOBAL,PWROILCRIXX,OILINT,2,2026,2.85
GLOBAL,PWROILCRIXX,OILINT,2,2027,2.85
GLOBAL,PWROILCRIXX,OILINT,2,2028,2.85
GLOBAL,PWROILCRIXX,OILINT,2,2029,2.85
GLOBAL,PWROILCRIXX,OILINT,2,2030,2.85
GLOBAL,PWROILCRIXX,OILINT,2,2031,2.85
GLOBAL,PWROILCRIXX,OILINT,2,2032,2.85
GLOBAL,PWROILCRIXX,OILINT,2,2033,2.85
GLOBAL,PWROILCRIXX,OILINT,2,2034,2.85
GLOBAL,PWROILCRIXX,OILINT,2,2035,2.85
GLOBAL,PWROILCRIXX,OILINT,2,2036,2.85
GLOBAL,PWROILCRIXX,OILINT,2,2037,2.85
GLOBAL,PWROILCRIXX,OILINT,2,2038,2.85
GLOBAL,PWROILCRIXX,OILINT,2,2039,2.85
GLOBAL,PWROILCRIXX,OILINT,2,2040,2.85
GLOBAL,PWROILCRIXX,OILINT,2,2041,2.85
GLOBAL,PWROILCRIXX,OILINT,2,2042,2.85
GLOBAL,PWROILCRIXX,OILINT,2,2043,2.85
GLOBAL,PWROILCRIXX,OILINT,2,2044,2.85
GLOBAL,PWROILCRIXX,OILINT,2,2045,2.85
GLOBAL,PWROILCRIXX,OILINT,2,2046,2.85
GLOBAL,PWROILCRIXX,OILINT,2,2047,2.85
GLOBAL,PWROILCRIXX,OILINT,2,2048,2.85
GLOBAL,PWROILCRIXX,OILINT,2,2049,2.85
GLOBAL,PWROILCRIXX,OILINT,2,2050,2.85
GLOBAL,PWROILDOMXX,OILDOM,1,2023,2.88
GLOBAL,PWROILDOMXX,OILDOM,1,2024,2.88
GLOBAL,PWROILDOMXX,OILDOM,1,2025,2.88
GLOBAL,PWROILDOMXX,OILDOM,1,2026,2.88
GLOBAL,PWROILDOMXX,OILDOM,1,2027,2.88
GLOBAL,PWROILDOMXX,OILDOM,1,2028,2.88
GLOBAL,PWROILDOMXX,OILDOM,1,2029,2.88
GLOBAL,PWROILDOMXX,OILDOM,1,2030,2.88
GLOBAL,PWROILDOMXX,OILDOM,1,2031,2.88
GLOBAL,PWROILDOMXX,OILDOM,1,2032,2.88
GLOBAL,PWROILDOMXX,OILDOM,1,2033,2.88
GLOBAL,PWROILDOMXX,OILDOM,1,2034,2.88
GLOBAL,PWROILDOMXX,OILDOM,1,2035,2.88
GLOBAL,PWROILDOMXX,OILDOM,1,2036,2.88
GLOBAL,PWROILDOMXX,OILDOM,1,2037,2.88
GLOBAL,PWROILDOMXX,OILDOM,1,2038,2.88
GLOBAL,PWROILDOMXX,OILDOM,1,2039,2.88
GLOBAL,PWROILDOMXX,OILDOM,1,2040,2.88
GLOBAL,PWROILDOMXX,OILDOM,1,2041,2.88
GLOBAL,PWROILDOMXX,OILDOM,1,2042,2.88
GLOBAL,PWROILDOMXX,OILDOM,1,2043,2.88
GLOBAL,PWROILDOMXX,OILDOM,1,2044,2.88
GLOBAL,PWROILDOMXX,OILDOM,1,2045,2.88
GLOBAL,PWROILDOMXX,OILDOM,1,2046,2.88
GLOBAL,PWROILDOMXX,OILDOM,1,2047,2.88
GLOBAL,PWROILDOMXX,OILDOM,1,2048,2.88
GLOBAL,PWROILDOMXX,OILDOM,1,2049,2.88
GLOBAL,PWROILDOMXX,OILDOM,1,2050,2.88
GLOBAL,PWROILDOMXX,OILINT,2,2023,2.88
GLOBAL,PWROILDOMXX,OILINT,2,2024,2.88
GLOBAL,PWROILDOMXX,OILINT,2,2025,2.88
GLOBAL,PWROILDOMXX,OILINT,2,2026,2.88
GLOBAL,PWROILDOMXX,OILINT,2,2027,2.88
GLOBAL,PWROILDOMXX,OILINT,2,2028,2.88
GLOBAL,PWROILDOMXX,OILINT,2,2029,2.88
GLOBAL,PWROILDOMXX,OILINT,2,2030,2.88
GLOBAL,PWROILDOMXX,OILINT,2,2031,2.88
GLOBAL,PWROILDOMXX,OILINT,2,2032,2.88
GLOBAL,PWROILDOMXX,OILINT,2,2033,2.88
GLOBAL,PWROILDOMXX,OILINT,2,2034,2.88
GLOBAL,PWROILDOMXX,OILINT,2,2035,2.88
GLOBAL,PWROILDOMXX,OILINT,2,2036,2.88
GLOBAL,PWROILDOMXX,OILINT,2,2037,2.88
GLOBAL,PWROILDOMXX,OILINT,2,2038,2.88
GLOBAL,PWROILDOMXX,OILINT,2,2039,2.88
GLOBAL,PWROILDOMXX,OILINT,2,2040,2.88
GLOBAL,PWROILDOMXX,OILINT,2,2041,2.88
GLOBAL,PWROILDOMXX,OILINT,2,2042,2.88
GLOBAL,PWROILDOMXX,OILINT,2,2043,2.88
GLOBAL,PWROILDOMXX,OILINT,2,2044,2.88
GLOBAL,PWROILDOMXX,OILINT,2,2045,2.88
GLOBAL,PWROILDOMXX,OILINT,2,2046,2.88
GLOBAL,PWROILDOMXX,OILINT,2,2047,2.88
GLOBAL,PWROILDOMXX,OILINT,2,2048,2.88
GLOBAL,PWROILDOMXX,OILINT,2,2049,2.88
GLOBAL,PWROILDOMXX,OILINT,2,2050,2.88
GLOBAL,PWROILECUXX,OILECU,1,2023,2.87
GLOBAL,PWROILECUXX,OILECU,1,2024,2.87
GLOBAL,PWROILECUXX,OILECU,1,2025,2.87
GLOBAL,PWROILECUXX,OILECU,1,2026,2.87
GLOBAL,PWROILECUXX,OILECU,1,2027,2.87
GLOBAL,PWROILECUXX,OILECU,1,2028,2.87
GLOBAL,PWROILECUXX,OILECU,1,2029,2.87
GLOBAL,PWROILECUXX,OILECU,1,2030,2.87
GLOBAL,PWROILECUXX,OILECU,1,2031,2.87
GLOBAL,PWROILECUXX,OILECU,1,2032,2.87
GLOBAL,PWROILECUXX,OILECU,1,2033,2.87
GLOBAL,PWROILECUXX,OILECU,1,2034,2.87
GLOBAL,PWROILECUXX,OILECU,1,2035,2.87
GLOBAL,PWROILECUXX,OILECU,1,2036,2.87
GLOBAL,PWROILECUXX,OILECU,1,2037,2.87
GLOBAL,PWROILECUXX,OILECU,1,2038,2.87
GLOBAL,PWROILECUXX,OILECU,1,2039,2.87
GLOBAL,PWROILECUXX,OILECU,1,2040,2.87
GLOBAL,PWROILECUXX,OILECU,1,2041,2.87
GLOBAL,PWROILECUXX,OILECU,1,2042,2.87
GLOBAL,PWROILECUXX,OILECU,1,2043,2.87
GLOBAL,PWROILECUXX,OILECU,1,2044,2.87
GLOBAL,PWROILECUXX,OILECU,1,2045,2.87
GLOBAL,PWROILECUXX,OILECU,1,2046,2.87
GLOBAL,PWROILECUXX,OILECU,1,2047,2.87
GLOBAL,PWROILECUXX,OILECU,1,2048,2.87
GLOBAL,PWROILECUXX,OILECU,1,2049,2.87
GLOBAL,PWROILECUXX,OILECU,1,2050,2.87
GLOBAL,PWROILECUXX,OILINT,2,2023,2.87
GLOBAL,PWROILECUXX,OILINT,2,2024,2.87
GLOBAL,PWROILECUXX,OILINT,2,2025,2.87
GLOBAL,PWROILECUXX,OILINT,2,2026,2.87
GLOBAL,PWROILECUXX,OILINT,2,2027,2.87
GLOBAL,PWROILECUXX,OILINT,2,2028,2.87
GLOBAL,PWROILECUXX,OILINT,2,2029,2.87
GLOBAL,PWROILECUXX,OILINT,2,2030,2.87
GLOBAL,PWROILECUXX,OILINT,2,2031,2.87
GLOBAL,PWROILECUXX,OILINT,2,2032,2.87
GLOBAL,PWROILECUXX,OILINT,2,2033,2.87
GLOBAL,PWROILECUXX,OILINT,2,2034,2.87
GLOBAL,PWROILECUXX,OILINT,2,2035,2.87
GLOBAL,PWROILECUXX,OILINT,2,2036,2.87
GLOBAL,PWROILECUXX,OILINT,2,2037,2.87
GLOBAL,PWROILECUXX,OILINT,2,2038,2.87
GLOBAL,PWROILECUXX,OILINT,2,2039,2.87
GLOBAL,PWROILECUXX,OILINT,2,2040,2.87
GLOBAL,PWROILECUXX,OILINT,2,2041,2.87
GLOBAL,PWROILECUXX,OILINT,2,2042,2.87
GLOBAL,PWROILECUXX,OILINT,2,2043,2.87
GLOBAL,PWROILECUXX,OILINT,2,2044,2.87
GLOBAL,PWROILECUXX,OILINT,2,2045,2.87
GLOBAL,PWROILECUXX,OILINT,2,2046,2.87
GLOBAL,PWROILECUXX,OILINT,2,2047,2.87
GLOBAL,PWROILECUXX,OILINT,2,2048,2.87
GLOBAL,PWROILECUXX,OILINT,2,2049,2.87
GLOBAL,PWROILECUXX,OILINT,2,2050,2.87
GLOBAL,PWROILGTMXX,OILGTM,1,2023,2.95
GLOBAL,PWROILGTMXX,OILGTM,1,2024,2.95
GLOBAL,PWROILGTMXX,OILGTM,1,2025,2.95
GLOBAL,PWROILGTMXX,OILGTM,1,2026,2.95
GLOBAL,PWROILGTMXX,OILGTM,1,2027,2.95
GLOBAL,PWROILGTMXX,OILGTM,1,2028,2.95
GLOBAL,PWROILGTMXX,OILGTM,1,2029,2.95
GLOBAL,PWROILGTMXX,OILGTM,1,2030,2.95
GLOBAL,PWROILGTMXX,OILGTM,1,2031,2.95
GLOBAL,PWROILGTMXX,OILGTM,1,2032,2.95
GLOBAL,PWROILGTMXX,OILGTM,1,2033,2.95
GLOBAL,PWROILGTMXX,OILGTM,1,2034,2.95
GLOBAL,PWROILGTMXX,OILGTM,1,2035,2.95
GLOBAL,PWROILGTMXX,OILGTM,1,2036,2.95
GLOBAL,PWROILGTMXX,OILGTM,1,2037,2.95
GLOBAL,PWROILGTMXX,OILGTM,1,2038,2.95
GLOBAL,PWROILGTMXX,OILGTM,1,2039,2.95
GLOBAL,PWROILGTMXX,OILGTM,1,2040,2.95
GLOBAL,PWROILGTMXX,OILGTM,1,2041,2.95
GLOBAL,PWROILGTMXX,OILGTM,1,2042,2.95
GLOBAL,PWROILGTMXX,OILGTM,1,2043,2.95
GLOBAL,PWROILGTMXX,OILGTM,1,2044,2.95
GLOBAL,PWROILGTMXX,OILGTM,1,2045,2.95
GLOBAL,PWROILGTMXX,OILGTM,1,2046,2.95
GLOBAL,PWROILGTMXX,OILGTM,1,2047,2.95
GLOBAL,PWROILGTMXX,OILGTM,1,2048,2.95
GLOBAL,PWROILGTMXX,OILGTM,1,2049,2.95
GLOBAL,PWROILGTMXX,OILGTM,1,2050,2.95
GLOBAL,PWROILGTMXX,OILINT,2,2023,2.95
GLOBAL,PWROILGTMXX,OILINT,2,2024,2.95
GLOBAL,PWROILGTMXX,OILINT,2,2025,2.95
GLOBAL,PWROILGTMXX,OILINT,2,2026,2.95
GLOBAL,PWROILGTMXX,OILINT,2,2027,2.95
GLOBAL,PWROILGTMXX,OILINT,2,2028,2.95
GLOBAL,PWROILGTMXX,OILINT,2,2029,2.95
GLOBAL,PWROILGTMXX,OILINT,2,2030,2.95
GLOBAL,PWROILGTMXX,OILINT,2,2031,2.95
GLOBAL,PWROILGTMXX,OILINT,2,2032,2.95
GLOBAL,PWROILGTMXX,OILINT,2,2033,2.95
GLOBAL,PWROILGTMXX,OILINT,2,2034,2.95
GLOBAL,PWROILGTMXX,OILINT,2,2035,2.95
GLOBAL,PWROILGTMXX,OILINT,2,2036,2.95
GLOBAL,PWROILGTMXX,OILINT,2,2037,2.95
GLOBAL,PWROILGTMXX,OILINT,2,2038,2.95
GLOBAL,PWROILGTMXX,OILINT,2,2039,2.95
GLOBAL,PWROILGTMXX,OILINT,2,2040,2.95
GLOBAL,PWROILGTMXX,OILINT,2,2041,2.95
GLOBAL,PWROILGTMXX,OILINT,2,2042,2.95
GLOBAL,PWROILGTMXX,OILINT,2,2043,2.95
GLOBAL,PWROILGTMXX,OILINT,2,2044,2.95
GLOBAL,PWROILGTMXX,OILINT,2,2045,2.95
GLOBAL,PWROILGTMXX,OILINT,2,2046,2.95
GLOBAL,PWROILGTMXX,OILINT,2,2047,2.95
GLOBAL,PWROILGTMXX,OILINT,2,2048,2.95
GLOBAL,PWROILGTMXX,OILINT,2,2049,2.95
GLOBAL,PWROILGTMXX,OILINT,2,2050,2.95
GLOBAL,PWROILHNDXX,OILHND,1,2023,2.91
GLOBAL,PWROILHNDXX,OILHND,1,2024,2.91
GLOBAL,PWROILHNDXX,OILHND,1,2025,2.91
GLOBAL,PWROILHNDXX,OILHND,1,2026,2.91
GLOBAL,PWROILHNDXX,OILHND,1,2027,2.91
GLOBAL,PWROILHNDXX,OILHND,1,2028,2.91
GLOBAL,PWROILHNDXX,OILHND,1,2029,2.91
GLOBAL,PWROILHNDXX,OILHND,1,2030,2.91
GLOBAL,PWROILHNDXX,OILHND,1,2031,2.91
GLOBAL,PWROILHNDXX,OILHND,1,2032,2.91
GLOBAL,PWROILHNDXX,OILHND,1,2033,2.91
GLOBAL,PWROILHNDXX,OILHND,1,2034,2.91
GLOBAL,PWROILHNDXX,OILHND,1,2035,2.91
GLOBAL,PWROILHNDXX,OILHND,1,2036,2.91
GLOBAL,PWROILHNDXX,OILHND,1,2037,2.91
GLOBAL,PWROILHNDXX,OILHND,1,2038,2.91
GLOBAL,PWROILHNDXX,OILHND,1,2039,2.91
GLOBAL,PWROILHNDXX,OILHND,1,2040,2.91
GLOBAL,PWROILHNDXX,OILHND,1,2041,2.91
GLOBAL,PWROILHNDXX,OILHND,1,2042,2.91
GLOBAL,PWROILHNDXX,OILHND,1,2043,2.91
GLOBAL,PWROILHNDXX,OILHND,1,2044,2.91
GLOBAL,PWROILHNDXX,OILHND,1,2045,2.91
GLOBAL,PWROILHNDXX,OILHND,1,2046,2.91
GLOBAL,PWROILHNDXX,OILHND,1,2047,2.91
GLOBAL,PWROILHNDXX,OILHND,1,2048,2.91
GLOBAL,PWROILHNDXX,OILHND,1,2049,2.91
GLOBAL,PWROILHNDXX,OILHND,1,2050,2.91
GLOBAL,PWROILHNDXX,OILINT,2,2023,2.91
GLOBAL,PWROILHNDXX,OILINT,2,2024,2.91
GLOBAL,PWROILHNDXX,OILINT,2,2025,2.91
GLOBAL,PWROILHNDXX,OILINT,2,2026,2.91
GLOBAL,PWROILHNDXX,OILINT,2,2027,2.91
GLOBAL,PWROILHNDXX,OILINT,2,2028,2.91
GLOBAL,PWROILHNDXX,OILINT,2,2029,2.91
GLOBAL,PWROILHNDXX,OILINT,2,2030,2.91
GLOBAL,PWROILHNDXX,OILINT,2,2031,2.91
GLOBAL,PWROILHNDXX,OILINT,2,2032,2.91
GLOBAL,PWROILHNDXX,OILINT,2,2033,2.91
GLOBAL,PWROILHNDXX,OILINT,2,2034,2.91
GLOBAL,PWROILHNDXX,OILINT,2,2035,2.91
GLOBAL,PWROILHNDXX,OILINT,2,2036,2.91
GLOBAL,PWROILHNDXX,OILINT,2,2037,2.91
GLOBAL,PWROILHNDXX,OILINT,2,2038,2.91
GLOBAL,PWROILHNDXX,OILINT,2,2039,2.91
GLOBAL,PWROILHNDXX,OILINT,2,2040,2.91
GLOBAL,PWROILHNDXX,OILINT,2,2041,2.91
GLOBAL,PWROILHNDXX,OILINT,2,2042,2.91
GLOBAL,PWROILHNDXX,OILINT,2,2043,2.91
GLOBAL,PWROILHNDXX,OILINT,2,2044,2.91
GLOBAL,PWROILHNDXX,OILINT,2,2045,2.91
GLOBAL,PWROILHNDXX,OILINT,2,2046,2.91
GLOBAL,PWROILHNDXX,OILINT,2,2047,2.91
GLOBAL,PWROILHNDXX,OILINT,2,2048,2.91
GLOBAL,PWROILHNDXX,OILINT,2,2049,2.91
GLOBAL,PWROILHNDXX,OILINT,2,2050,2.91
GLOBAL,PWROILHTIXX,OILHTI,1,2023,3.07
GLOBAL,PWROILHTIXX,OILHTI,1,2024,3.07
GLOBAL,PWROILHTIXX,OILHTI,1,2025,3.07
GLOBAL,PWROILHTIXX,OILHTI,1,2026,3.07
GLOBAL,PWROILHTIXX,OILHTI,1,2027,3.07
GLOBAL,PWROILHTIXX,OILHTI,1,2028,3.07
GLOBAL,PWROILHTIXX,OILHTI,1,2029,3.07
GLOBAL,PWROILHTIXX,OILHTI,1,2030,3.07
GLOBAL,PWROILHTIXX,OILHTI,1,2031,3.07
GLOBAL,PWROILHTIXX,OILHTI,1,2032,3.07
GLOBAL,PWROILHTIXX,OILHTI,1,2033,3.07
GLOBAL,PWROILHTIXX,OILHTI,1,2034,3.07
GLOBAL,PWROILHTIXX,OILHTI,1,2035,3.07
GLOBAL,PWROILHTIXX,OILHTI,1,2036,3.07
GLOBAL,PWROILHTIXX,OILHTI,1,2037,3.07
GLOBAL,PWROILHTIXX,OILHTI,1,2038,3.07
GLOBAL,PWROILHTIXX,OILHTI,1,2039,3.07
GLOBAL,PWROILHTIXX,OILHTI,1,2040,3.07
GLOBAL,PWROILHTIXX,OILHTI,1,2041,3.07
GLOBAL,PWROILHTIXX,OILHTI,1,2042,3.07
GLOBAL,PWROILHTIXX,OILHTI,1,2043,3.07
GLOBAL,PWROILHTIXX,OILHTI,1,2044,3.07
GLOBAL,PWROILHTIXX,OILHTI,1,2045,3.07
GLOBAL,PWROILHTIXX,OILHTI,1,2046,3.07
GLOBAL,PWROILHTIXX,OILHTI,1,2047,3.07
GLOBAL,PWROILHTIXX,OILHTI,1,2048,3.07
GLOBAL,PWROILHTIXX,OILHTI,1,2049,3.07
GLOBAL,PWROILHTIXX,OILHTI,1,2050,3.07
GLOBAL,PWROILHTIXX,OILINT,2,2023,3.07
GLOBAL,PWROILHTIXX,OILINT,2,2024,3.07
GLOBAL,PWROILHTIXX,OILINT,2,2025,3.07
GLOBAL,PWROILHTIXX,OILINT,2,2026,3.07
GLOBAL,PWROILHTIXX,OILINT,2,2027,3.07
GLOBAL,PWROILHTIXX,OILINT,2,2028,3.07
GLOBAL,PWROILHTIXX,OILINT,2,2029,3.07
GLOBAL,PWROILHTIXX,OILINT,2,2030,3.07
GLOBAL,PWROILHTIXX,OILINT,2,2031,3.07
GLOBAL,PWROILHTIXX,OILINT,2,2032,3.07
GLOBAL,PWROILHTIXX,OILINT,2,2033,3.07
GLOBAL,PWROILHTIXX,OILINT,2,2034,3.07
GLOBAL,PWROILHTIXX,OILINT,2,2035,3.07
GLOBAL,PWROILHTIXX,OILINT,2,2036,3.07
GLOBAL,PWROILHTIXX,OILINT,2,2037,3.07
GLOBAL,PWROILHTIXX,OILINT,2,2038,3.07
GLOBAL,PWROILHTIXX,OILINT,2,2039,3.07
GLOBAL,PWROILHTIXX,OILINT,2,2040,3.07
GLOBAL,PWROILHTIXX,OILINT,2,2041,3.07
GLOBAL,PWROILHTIXX,OILINT,2,2042,3.07
GLOBAL,PWROILHTIXX,OILINT,2,2043,3.07
GLOBAL,PWROILHTIXX,OILINT,2,2044,3.07
GLOBAL,PWROILHTIXX,OILINT,2,2045,3.07
GLOBAL,PWROILHTIXX,OILINT,2,2046,3.07
GLOBAL,PWROILHTIXX,OILINT,2,2047,3.07
GLOBAL,PWROILHTIXX,OILINT,2,2048,3.07
GLOBAL,PWROILHTIXX,OILINT,2,2049,3.07
GLOBAL,PWROILHTIXX,OILINT,2,2050,3.07
GLOBAL,PWROILMEXXX,OILINT,2,2023,2.88
GLOBAL,PWROILMEXXX,OILINT,2,2024,2.88
GLOBAL,PWROILMEXXX,OILINT,2,2025,2.88
GLOBAL,PWROILMEXXX,OILINT,2,2026,2.88
GLOBAL,PWROILMEXXX,OILINT,2,2027,2.88
GLOBAL,PWROILMEXXX,OILINT,2,2028,2.88
GLOBAL,PWROILMEXXX,OILINT,2,2029,2.88
GLOBAL,PWROILMEXXX,OILINT,2,2030,2.88
GLOBAL,PWROILMEXXX,OILINT,2,2031,2.88
GLOBAL,PWROILMEXXX,OILINT,2,2032,2.88
GLOBAL,PWROILMEXXX,OILINT,2,2033,2.88
GLOBAL,PWROILMEXXX,OILINT,2,2034,2.88
GLOBAL,PWROILMEXXX,OILINT,2,2035,2.88
GLOBAL,PWROILMEXXX,OILINT,2,2036,2.88
GLOBAL,PWROILMEXXX,OILINT,2,2037,2.88
GLOBAL,PWROILMEXXX,OILINT,2,2038,2.88
GLOBAL,PWROILMEXXX,OILINT,2,2039,2.88
GLOBAL,PWROILMEXXX,OILINT,2,2040,2.88
GLOBAL,PWROILMEXXX,OILINT,2,2041,2.88
GLOBAL,PWROILMEXXX,OILINT,2,2042,2.88
GLOBAL,PWROILMEXXX,OILINT,2,2043,2.88
GLOBAL,PWROILMEXXX,OILINT,2,2044,2.88
GLOBAL,PWROILMEXXX,OILINT,2,2045,2.88
GLOBAL,PWROILMEXXX,OILINT,2,2046,2.88
GLOBAL,PWROILMEXXX,OILINT,2,2047,2.88
GLOBAL,PWROILMEXXX,OILINT,2,2048,2.88
GLOBAL,PWROILMEXXX,OILINT,2,2049,2.88
GLOBAL,PWROILMEXXX,OILINT,2,2050,2.88
GLOBAL,PWROILMEXXX,OILMEX,1,2023,2.88
GLOBAL,PWROILMEXXX,OILMEX,1,2024,2.88
GLOBAL,PWROILMEXXX,OILMEX,1,2025,2.88
GLOBAL,PWROILMEXXX,OILMEX,1,2026,2.88
GLOBAL,PWROILMEXXX,OILMEX,1,2027,2.88
GLOBAL,PWROILMEXXX,OILMEX,1,2028,2.88
GLOBAL,PWROILMEXXX,OILMEX,1,2029,2.88
GLOBAL,PWROILMEXXX,OILMEX,1,2030,2.88
GLOBAL,PWROILMEXXX,OILMEX,1,2031,2.88
GLOBAL,PWROILMEXXX,OILMEX,1,2032,2.88
GLOBAL,PWROILMEXXX,OILMEX,1,2033,2.88
GLOBAL,PWROILMEXXX,OILMEX,1,2034,2.88
GLOBAL,PWROILMEXXX,OILMEX,1,2035,2.88
GLOBAL,PWROILMEXXX,OILMEX,1,2036,2.88
GLOBAL,PWROILMEXXX,OILMEX,1,2037,2.88
GLOBAL,PWROILMEXXX,OILMEX,1,2038,2.88
GLOBAL,PWROILMEXXX,OILMEX,1,2039,2.88
GLOBAL,PWROILMEXXX,OILMEX,1,2040,2.88
GLOBAL,PWROILMEXXX,OILMEX,1,2041,2.88
GLOBAL,PWROILMEXXX,OILMEX,1,2042,2.88
GLOBAL,PWROILMEXXX,OILMEX,1,2043,2.88
GLOBAL,PWROILMEXXX,OILMEX,1,2044,2.88
GLOBAL,PWROILMEXXX,OILMEX,1,2045,2.88
GLOBAL,PWROILMEXXX,OILMEX,1,2046,2.88
GLOBAL,PWROILMEXXX,OILMEX,1,2047,2.88
GLOBAL,PWROILMEXXX,OILMEX,1,2048,2.88
GLOBAL,PWROILMEXXX,OILMEX,1,2049,2.88
GLOBAL,PWROILMEXXX,OILMEX,1,2050,2.88
GLOBAL,PWROILNICXX,OILINT,2,2023,2.91
GLOBAL,PWROILNICXX,OILINT,2,2024,2.91
GLOBAL,PWROILNICXX,OILINT,2,2025,2.91
GLOBAL,PWROILNICXX,OILINT,2,2026,2.91
GLOBAL,PWROILNICXX,OILINT,2,2027,2.91
GLOBAL,PWROILNICXX,OILINT,2,2028,2.91
GLOBAL,PWROILNICXX,OILINT,2,2029,2.91
GLOBAL,PWROILNICXX,OILINT,2,2030,2.91
GLOBAL,PWROILNICXX,OILINT,2,2031,2.91
GLOBAL,PWROILNICXX,OILINT,2,2032,2.91
GLOBAL,PWROILNICXX,OILINT,2,2033,2.91
GLOBAL,PWROILNICXX,OILINT,2,2034,2.91
GLOBAL,PWROILNICXX,OILINT,2,2035,2.91
GLOBAL,PWROILNICXX,OILINT,2,2036,2.91
GLOBAL,PWROILNICXX,OILINT,2,2037,2.91
GLOBAL,PWROILNICXX,OILINT,2,2038,2.91
GLOBAL,PWROILNICXX,OILINT,2,2039,2.91
GLOBAL,PWROILNICXX,OILINT,2,2040,2.91
GLOBAL,PWROILNICXX,OILINT,2,2041,2.91
GLOBAL,PWROILNICXX,OILINT,2,2042,2.91
GLOBAL,PWROILNICXX,OILINT,2,2043,2.91
GLOBAL,PWROILNICXX,OILINT,2,2044,2.91
GLOBAL,PWROILNICXX,OILINT,2,2045,2.91
GLOBAL,PWROILNICXX,OILINT,2,2046,2.91
GLOBAL,PWROILNICXX,OILINT,2,2047,2.91
GLOBAL,PWROILNICXX,OILINT,2,2048,2.91
GLOBAL,PWROILNICXX,OILINT,2,2049,2.91
GLOBAL,PWROILNICXX,OILINT,2,2050,2.91
GLOBAL,PWROILNICXX,OILNIC,1,2023,2.91
GLOBAL,PWROILNICXX,OILNIC,1,2024,2.91
GLOBAL,PWROILNICXX,OILNIC,1,2025,2.91
GLOBAL,PWROILNICXX,OILNIC,1,2026,2.91
GLOBAL,PWROILNICXX,OILNIC,1,2027,2.91
GLOBAL,PWROILNICXX,OILNIC,1,2028,2.91
GLOBAL,PWROILNICXX,OILNIC,1,2029,2.91
GLOBAL,PWROILNICXX,OILNIC,1,2030,2.91
GLOBAL,PWROILNICXX,OILNIC,1,2031,2.91
GLOBAL,PWROILNICXX,OILNIC,1,2032,2.91
GLOBAL,PWROILNICXX,OILNIC,1,2033,2.91
GLOBAL,PWROILNICXX,OILNIC,1,2034,2.91
GLOBAL,PWROILNICXX,OILNIC,1,2035,2.91
GLOBAL,PWROILNICXX,OILNIC,1,2036,2.91
GLOBAL,PWROILNICXX,OILNIC,1,2037,2.91
GLOBAL,PWROILNICXX,OILNIC,1,2038,2.91
GLOBAL,PWROILNICXX,OILNIC,1,2039,2.91
GLOBAL,PWROILNICXX,OILNIC,1,2040,2.91
GLOBAL,PWROILNICXX,OILNIC,1,2041,2.91
GLOBAL,PWROILNICXX,OILNIC,1,2042,2.91
GLOBAL,PWROILNICXX,OILNIC,1,2043,2.91
GLOBAL,PWROILNICXX,OILNIC,1,2044,2.91
GLOBAL,PWROILNICXX,OILNIC,1,2045,2.91
GLOBAL,PWROILNICXX,OILNIC,1,2046,2.91
GLOBAL,PWROILNICXX,OILNIC,1,2047,2.91
GLOBAL,PWROILNICXX,OILNIC,1,2048,2.91
GLOBAL,PWROILNICXX,OILNIC,1,2049,2.91
GLOBAL,PWROILNICXX,OILNIC,1,2050,2.91
GLOBAL,PWROILPANXX,OILINT,2,2023,2.93
GLOBAL,PWROILPANXX,OILINT,2,2024,2.93
GLOBAL,PWROILPANXX,OILINT,2,2025,2.93
GLOBAL,PWROILPANXX,OILINT,2,2026,2.93
GLOBAL,PWROILPANXX,OILINT,2,2027,2.93
GLOBAL,PWROILPANXX,OILINT,2,2028,2.93
GLOBAL,PWROILPANXX,OILINT,2,2029,2.93
GLOBAL,PWROILPANXX,OILINT,2,2030,2.93
GLOBAL,PWROILPANXX,OILINT,2,2031,2.93
GLOBAL,PWROILPANXX,OILINT,2,2032,2.93
GLOBAL,PWROILPANXX,OILINT,2,2033,2.93
GLOBAL,PWROILPANXX,OILINT,2,2034,2.93
GLOBAL,PWROILPANXX,OILINT,2,2035,2.93
GLOBAL,PWROILPANXX,OILINT,2,2036,2.93
GLOBAL,PWROILPANXX,OILINT,2,2037,2.93
GLOBAL,PWROILPANXX,OILINT,2,2038,2.93
GLOBAL,PWROILPANXX,OILINT,2,2039,2.93
GLOBAL,PWROILPANXX,OILINT,2,2040,2.93
GLOBAL,PWROILPANXX,OILINT,2,2041,2.93
GLOBAL,PWROILPANXX,OILINT,2,2042,2.93
GLOBAL,PWROILPANXX,OILINT,2,2043,2.93
GLOBAL,PWROILPANXX,OILINT,2,2044,2.93
GLOBAL,PWROILPANXX,OILINT,2,2045,2.93
GLOBAL,PWROILPANXX,OILINT,2,2046,2.93
GLOBAL,PWROILPANXX,OILINT,2,2047,2.93
GLOBAL,PWROILPANXX,OILINT,2,2048,2.93
GLOBAL,PWROILPANXX,OILINT,2,2049,2.93
GLOBAL,PWROILPANXX,OILINT,2,2050,2.93
GLOBAL,PWROILPANXX,OILPAN,1,2023,2.93
GLOBAL,PWROILPANXX,OILPAN,1,2024,2.93
GLOBAL,PWROILPANXX,OILPAN,1,2025,2.93
GLOBAL,PWROILPANXX,OILPAN,1,2026,2.93
GLOBAL,PWROILPANXX,OILPAN,1,2027,2.93
GLOBAL,PWROILPANXX,OILPAN,1,2028,2.93
GLOBAL,PWROILPANXX,OILPAN,1,2029,2.93
GLOBAL,PWROILPANXX,OILPAN,1,2030,2.93
GLOBAL,PWROILPANXX,OILPAN,1,2031,2.93
GLOBAL,PWROILPANXX,OILPAN,1,2032,2.93
GLOBAL,PWROILPANXX,OILPAN,1,2033,2.93
GLOBAL,PWROILPANXX,OILPAN,1,2034,2.93
GLOBAL,PWROILPANXX,OILPAN,1,2035,2.93
GLOBAL,PWROILPANXX,OILPAN,1,2036,2.93
GLOBAL,PWROILPANXX,OILPAN,1,2037,2.93
GLOBAL,PWROILPANXX,OILPAN,1,2038,2.93
GLOBAL,PWROILPANXX,OILPAN,1,2039,2.93
GLOBAL,PWROILPANXX,OILPAN,1,2040,2.93
GLOBAL,PWROILPANXX,OILPAN,1,2041,2.93
GLOBAL,PWROILPANXX,OILPAN,1,2042,2.93
GLOBAL,PWROILPANXX,OILPAN,1,2043,2.93
GLOBAL,PWROILPANXX,OILPAN,1,2044,2.93
GLOBAL,PWROILPANXX,OILPAN,1,2045,2.93
GLOBAL,PWROILPANXX,OILPAN,1,2046,2.93
GLOBAL,PWROILPANXX,OILPAN,1,2047,2.93
GLOBAL,PWROILPANXX,OILPAN,1,2048,2.93
GLOBAL,PWROILPANXX,OILPAN,1,2049,2.93
GLOBAL,PWROILPANXX,OILPAN,1,2050,2.93
GLOBAL,PWROILPERXX,OILINT,2,2023,3.07
GLOBAL,PWROILPERXX,OILINT,2,2024,3.07
GLOBAL,PWROILPERXX,OILINT,2,2025,3.07
GLOBAL,PWROILPERXX,OILINT,2,2026,3.07
GLOBAL,PWROILPERXX,OILINT,2,2027,3.07
GLOBAL,PWROILPERXX,OILINT,2,2028,3.07
GLOBAL,PWROILPERXX,OILINT,2,2029,3.07
GLOBAL,PWROILPERXX,OILINT,2,2030,3.07
GLOBAL,PWROILPERXX,OILINT,2,2031,3.07
GLOBAL,PWROILPERXX,OILINT,2,2032,3.07
GLOBAL,PWROILPERXX,OILINT,2,2033,3.07
GLOBAL,PWROILPERXX,OILINT,2,2034,3.07
GLOBAL,PWROILPERXX,OILINT,2,2035,3.07
GLOBAL,PWROILPERXX,OILINT,2,2036,3.07
GLOBAL,PWROILPERXX,OILINT,2,2037,3.07
GLOBAL,PWROILPERXX,OILINT,2,2038,3.07
GLOBAL,PWROILPERXX,OILINT,2,2039,3.07
GLOBAL,PWROILPERXX,OILINT,2,2040,3.07
GLOBAL,PWROILPERXX,OILINT,2,2041,3.07
GLOBAL,PWROILPERXX,OILINT,2,2042,3.07
GLOBAL,PWROILPERXX,OILINT,2,2043,3.07
GLOBAL,PWROILPERXX,OILINT,2,2044,3.07
GLOBAL,PWROILPERXX,OILINT,2,2045,3.07
GLOBAL,PWROILPERXX,OILINT,2,2046,3.07
GLOBAL,PWROILPERXX,OILINT,2,2047,3.07
GLOBAL,PWROILPERXX,OILINT,2,2048,3.07
GLOBAL,PWROILPERXX,OILINT,2,2049,3.07
GLOBAL,PWROILPERXX,OILINT,2,2050,3.07
GLOBAL,PWROILPERXX,OILPER,1,2023,3.07
GLOBAL,PWROILPERXX,OILPER,1,2024,3.07
GLOBAL,PWROILPERXX,OILPER,1,2025,3.07
GLOBAL,PWROILPERXX,OILPER,1,2026,3.07
GLOBAL,PWROILPERXX,OILPER,1,2027,3.07
GLOBAL,PWROILPERXX,OILPER,1,2028,3.07
GLOBAL,PWROILPERXX,OILPER,1,2029,3.07
GLOBAL,PWROILPERXX,OILPER,1,2030,3.07
GLOBAL,PWROILPERXX,OILPER,1,2031,3.07
GLOBAL,PWROILPERXX,OILPER,1,2032,3.07
GLOBAL,PWROILPERXX,OILPER,1,2033,3.07
GLOBAL,PWROILPERXX,OILPER,1,2034,3.07
GLOBAL,PWROILPERXX,OILPER,1,2035,3.07
GLOBAL,PWROILPERXX,OILPER,1,2036,3.07
GLOBAL,PWROILPERXX,OILPER,1,2037,3.07
GLOBAL,PWROILPERXX,OILPER,1,2038,3.07
GLOBAL,PWROILPERXX,OILPER,1,2039,3.07
GLOBAL,PWROILPERXX,OILPER,1,2040,3.07
GLOBAL,PWROILPERXX,OILPER,1,2041,3.07
GLOBAL,PWROILPERXX,OILPER,1,2042,3.07
GLOBAL,PWROILPERXX,OILPER,1,2043,3.07
GLOBAL,PWROILPERXX,OILPER,1,2044,3.07
GLOBAL,PWROILPERXX,OILPER,1,2045,3.07
GLOBAL,PWROILPERXX,OILPER,1,2046,3.07
GLOBAL,PWROILPERXX,OILPER,1,2047,3.07
GLOBAL,PWROILPERXX,OILPER,1,2048,3.07
GLOBAL,PWROILPERXX,OILPER,1,2049,3.07
GLOBAL,PWROILPERXX,OILPER,1,2050,3.07
GLOBAL,PWROILPRYXX,OILINT,2,2023,3.07
GLOBAL,PWROILPRYXX,OILINT,2,2024,3.07
GLOBAL,PWROILPRYXX,OILINT,2,2025,3.07
GLOBAL,PWROILPRYXX,OILINT,2,2026,3.07
GLOBAL,PWROILPRYXX,OILINT,2,2027,3.07
GLOBAL,PWROILPRYXX,OILINT,2,2028,3.07
GLOBAL,PWROILPRYXX,OILINT,2,2029,3.07
GLOBAL,PWROILPRYXX,OILINT,2,2030,3.07
GLOBAL,PWROILPRYXX,OILINT,2,2031,3.07
GLOBAL,PWROILPRYXX,OILINT,2,2032,3.07
GLOBAL,PWROILPRYXX,OILINT,2,2033,3.07
GLOBAL,PWROILPRYXX,OILINT,2,2034,3.07
GLOBAL,PWROILPRYXX,OILINT,2,2035,3.07
GLOBAL,PWROILPRYXX,OILINT,2,2036,3.07
GLOBAL,PWROILPRYXX,OILINT,2,2037,3.07
GLOBAL,PWROILPRYXX,OILINT,2,2038,3.07
GLOBAL,PWROILPRYXX,OILINT,2,2039,3.07
GLOBAL,PWROILPRYXX,OILINT,2,2040,3.07
GLOBAL,PWROILPRYXX,OILINT,2,2041,3.07
GLOBAL,PWROILPRYXX,OILINT,2,2042,3.07
GLOBAL,PWROILPRYXX,OILINT,2,2043,3.07
GLOBAL,PWROILPRYXX,OILINT,2,2044,3.07
GLOBAL,PWROILPRYXX,OILINT,2,2045,3.07
GLOBAL,PWROILPRYXX,OILINT,2,2046,3.07
GLOBAL,PWROILPRYXX,OILINT,2,2047,3.07
GLOBAL,PWROILPRYXX,OILINT,2,2048,3.07
GLOBAL,PWROILPRYXX,OILINT,2,2049,3.07
GLOBAL,PWROILPRYXX,OILINT,2,2050,3.07
GLOBAL,PWROILPRYXX,OILPRY,1,2023,3.07
GLOBAL,PWROILPRYXX,OILPRY,1,2024,3.07
GLOBAL,PWROILPRYXX,OILPRY,1,2025,3.07
GLOBAL,PWROILPRYXX,OILPRY,1,2026,3.07
GLOBAL,PWROILPRYXX,OILPRY,1,2027,3.07
GLOBAL,PWROILPRYXX,OILPRY,1,2028,3.07
GLOBAL,PWROILPRYXX,OILPRY,1,2029,3.07
GLOBAL,PWROILPRYXX,OILPRY,1,2030,3.07
GLOBAL,PWROILPRYXX,OILPRY,1,2031,3.07
GLOBAL,PWROILPRYXX,OILPRY,1,2032,3.07
GLOBAL,PWROILPRYXX,OILPRY,1,2033,3.07
GLOBAL,PWROILPRYXX,OILPRY,1,2034,3.07
GLOBAL,PWROILPRYXX,OILPRY,1,2035,3.07
GLOBAL,PWROILPRYXX,OILPRY,1,2036,3.07
GLOBAL,PWROILPRYXX,OILPRY,1,2037,3.07
GLOBAL,PWROILPRYXX,OILPRY,1,2038,3.07
GLOBAL,PWROILPRYXX,OILPRY,1,2039,3.07
GLOBAL,PWROILPRYXX,OILPRY,1,2040,3.07
GLOBAL,PWROILPRYXX,OILPRY,1,2041,3.07
GLOBAL,PWROILPRYXX,OILPRY,1,2042,3.07
GLOBAL,PWROILPRYXX,OILPRY,1,2043,3.07
GLOBAL,PWROILPRYXX,OILPRY,1,2044,3.07
GLOBAL,PWROILPRYXX,OILPRY,1,2045,3.07
GLOBAL,PWROILPRYXX,OILPRY,1,2046,3.07
GLOBAL,PWROILPRYXX,OILPRY,1,2047,3.07
GLOBAL,PWROILPRYXX,OILPRY,1,2048,3.07
GLOBAL,PWROILPRYXX,OILPRY,1,2049,3.07
GLOBAL,PWROILPRYXX,OILPRY,1,2050,3.07
GLOBAL,PWROILSLVXX,OILINT,2,2023,2.78
GLOBAL,PWROILSLVXX,OILINT,2,2024,2.78
GLOBAL,PWROILSLVXX,OILINT,2,2025,2.78
GLOBAL,PWROILSLVXX,OILINT,2,2026,2.78
GLOBAL,PWROILSLVXX,OILINT,2,2027,2.78
GLOBAL,PWROILSLVXX,OILINT,2,2028,2.78
GLOBAL,PWROILSLVXX,OILINT,2,2029,2.78
GLOBAL,PWROILSLVXX,OILINT,2,2030,2.78
GLOBAL,PWROILSLVXX,OILINT,2,2031,2.78
GLOBAL,PWROILSLVXX,OILINT,2,2032,2.78
GLOBAL,PWROILSLVXX,OILINT,2,2033,2.78
GLOBAL,PWROILSLVXX,OILINT,2,2034,2.78
GLOBAL,PWROILSLVXX,OILINT,2,2035,2.78
GLOBAL,PWROILSLVXX,OILINT,2,2036,2.78
GLOBAL,PWROILSLVXX,OILINT,2,2037,2.78
GLOBAL,PWROILSLVXX,OILINT,2,2038,2.78
GLOBAL,PWROILSLVXX,OILINT,2,2039,2.78
GLOBAL,PWROILSLVXX,OILINT,2,2040,2.78
GLOBAL,PWROILSLVXX,OILINT,2,2041,2.78
GLOBAL,PWROILSLVXX,OILINT,2,2042,2.78
GLOBAL,PWROILSLVXX,OILINT,2,2043,2.78
GLOBAL,PWROILSLVXX,OILINT,2,2044,2.78
GLOBAL,PWROILSLVXX,OILINT,2,2045,2.78
GLOBAL,PWROILSLVXX,OILINT,2,2046,2.78
GLOBAL,PWROILSLVXX,OILINT,2,2047,2.78
GLOBAL,PWROILSLVXX,OILINT,2,2048,2.78
GLOBAL,PWROILSLVXX,OILINT,2,2049,2.78
GLOBAL,PWROILSLVXX,OILINT,2,2050,2.78
GLOBAL,PWROILSLVXX,OILSLV,1,2023,2.78
GLOBAL,PWROILSLVXX,OILSLV,1,2024,2.78
GLOBAL,PWROILSLVXX,OILSLV,1,2025,2.78
GLOBAL,PWROILSLVXX,OILSLV,1,2026,2.78
GLOBAL,PWROILSLVXX,OILSLV,1,2027,2.78
GLOBAL,PWROILSLVXX,OILSLV,1,2028,2.78
GLOBAL,PWROILSLVXX,OILSLV,1,2029,2.78
GLOBAL,PWROILSLVXX,OILSLV,1,2030,2.78
GLOBAL,PWROILSLVXX,OILSLV,1,2031,2.78
GLOBAL,PWROILSLVXX,OILSLV,1,2032,2.78
GLOBAL,PWROILSLVXX,OILSLV,1,2033,2.78
GLOBAL,PWROILSLVXX,OILSLV,1,2034,2.78
GLOBAL,PWROILSLVXX,OILSLV,1,2035,2.78
GLOBAL,PWROILSLVXX,OILSLV,1,2036,2.78
GLOBAL,PWROILSLVXX,OILSLV,1,2037,2.78
GLOBAL,PWROILSLVXX,OILSLV,1,2038,2.78
GLOBAL,PWROILSLVXX,OILSLV,1,2039,2.78
GLOBAL,PWROILSLVXX,OILSLV,1,2040,2.78
GLOBAL,PWROILSLVXX,OILSLV,1,2041,2.78
GLOBAL,PWROILSLVXX,OILSLV,1,2042,2.78
GLOBAL,PWROILSLVXX,OILSLV,1,2043,2.78
GLOBAL,PWROILSLVXX,OILSLV,1,2044,2.78
GLOBAL,PWROILSLVXX,OILSLV,1,2045,2.78
GLOBAL,PWROILSLVXX,OILSLV,1,2046,2.78
GLOBAL,PWROILSLVXX,OILSLV,1,2047,2.78
GLOBAL,PWROILSLVXX,OILSLV,1,2048,2.78
GLOBAL,PWROILSLVXX,OILSLV,1,2049,2.78
GLOBAL,PWROILSLVXX,OILSLV,1,2050,2.78
GLOBAL,PWROILURYXX,OILINT,2,2023,3.08
GLOBAL,PWROILURYXX,OILINT,2,2024,3.08
GLOBAL,PWROILURYXX,OILINT,2,2025,3.08
GLOBAL,PWROILURYXX,OILINT,2,2026,3.08
GLOBAL,PWROILURYXX,OILINT,2,2027,3.08
GLOBAL,PWROILURYXX,OILINT,2,2028,3.08
GLOBAL,PWROILURYXX,OILINT,2,2029,3.08
GLOBAL,PWROILURYXX,OILINT,2,2030,3.08
GLOBAL,PWROILURYXX,OILINT,2,2031,3.08
GLOBAL,PWROILURYXX,OILINT,2,2032,3.08
GLOBAL,PWROILURYXX,OILINT,2,2033,3.08
GLOBAL,PWROILURYXX,OILINT,2,2034,3.08
GLOBAL,PWROILURYXX,OILINT,2,2035,3.08
GLOBAL,PWROILURYXX,OILINT,2,2036,3.08
GLOBAL,PWROILURYXX,OILINT,2,2037,3.08
GLOBAL,PWROILURYXX,OILINT,2,2038,3.08
GLOBAL,PWROILURYXX,OILINT,2,2039,3.08
GLOBAL,PWROILURYXX,OILINT,2,2040,3.08
GLOBAL,PWROILURYXX,OILINT,2,2041,3.08
GLOBAL,PWROILURYXX,OILINT,2,2042,3.08
GLOBAL,PWROILURYXX,OILINT,2,2043,3.08
GLOBAL,PWROILURYXX,OILINT,2,2044,3.08
GLOBAL,PWROILURYXX,OILINT,2,2045,3.08
GLOBAL,PWROILURYXX,OILINT,2,2046,3.08
GLOBAL,PWROILURYXX,OILINT,2,2047,3.08
GLOBAL,PWROILURYXX,OILINT,2,2048,3.08
GLOBAL,PWROILURYXX,OILINT,2,2049,3.08
GLOBAL,PWROILURYXX,OILINT,2,2050,3.08
GLOBAL,PWROILURYXX,OILURY,1,2023,3.08
GLOBAL,PWROILURYXX,OILURY,1,2024,3.08
GLOBAL,PWROILURYXX,OILURY,1,2025,3.08
GLOBAL,PWROILURYXX,OILURY,1,2026,3.08
GLOBAL,PWROILURYXX,OILURY,1,2027,3.08
GLOBAL,PWROILURYXX,OILURY,1,2028,3.08
GLOBAL,PWROILURYXX,OILURY,1,2029,3.08
GLOBAL,PWROILURYXX,OILURY,1,2030,3.08
GLOBAL,PWROILURYXX,OILURY,1,2031,3.08
GLOBAL,PWROILURYXX,OILURY,1,2032,3.08
GLOBAL,PWROILURYXX,OILURY,1,2033,3.08
GLOBAL,PWROILURYXX,OILURY,1,2034,3.08
GLOBAL,PWROILURYXX,OILURY,1,2035,3.08
GLOBAL,PWROILURYXX,OILURY,1,2036,3.08
GLOBAL,PWROILURYXX,OILURY,1,2037,3.08
GLOBAL,PWROILURYXX,OILURY,1,2038,3.08
GLOBAL,PWROILURYXX,OILURY,1,2039,3.08
GLOBAL,PWROILURYXX,OILURY,1,2040,3.08
GLOBAL,PWROILURYXX,OILURY,1,2041,3.08
GLOBAL,PWROILURYXX,OILURY,1,2042,3.08
GLOBAL,PWROILURYXX,OILURY,1,2043,3.08
GLOBAL,PWROILURYXX,OILURY,1,2044,3.08
GLOBAL,PWROILURYXX,OILURY,1,2045,3.08
GLOBAL,PWROILURYXX,OILURY,1,2046,3.08
GLOBAL,PWROILURYXX,OILURY,1,2047,3.08
GLOBAL,PWROILURYXX,OILURY,1,2048,3.08
GLOBAL,PWROILURYXX,OILURY,1,2049,3.08
GLOBAL,PWROILURYXX,OILURY,1,2050,3.08
GLOBAL,PWROTHARGXX,OTHARG,1,2023,1.0
GLOBAL,PWROTHARGXX,OTHARG,1,2024,1.0
GLOBAL,PWROTHARGXX,OTHARG,1,2025,1.0
GLOBAL,PWROTHARGXX,OTHARG,1,2026,1.0
GLOBAL,PWROTHARGXX,OTHARG,1,2027,1.0
GLOBAL,PWROTHARGXX,OTHARG,1,2028,1.0
GLOBAL,PWROTHARGXX,OTHARG,1,2029,1.0
GLOBAL,PWROTHARGXX,OTHARG,1,2030,1.0
GLOBAL,PWROTHARGXX,OTHARG,1,2031,1.0
GLOBAL,PWROTHARGXX,OTHARG,1,2032,1.0
GLOBAL,PWROTHARGXX,OTHARG,1,2033,1.0
GLOBAL,PWROTHARGXX,OTHARG,1,2034,1.0
GLOBAL,PWROTHARGXX,OTHARG,1,2035,1.0
GLOBAL,PWROTHARGXX,OTHARG,1,2036,1.0
GLOBAL,PWROTHARGXX,OTHARG,1,2037,1.0
GLOBAL,PWROTHARGXX,OTHARG,1,2038,1.0
GLOBAL,PWROTHARGXX,OTHARG,1,2039,1.0
GLOBAL,PWROTHARGXX,OTHARG,1,2040,1.0
GLOBAL,PWROTHARGXX,OTHARG,1,2041,1.0
GLOBAL,PWROTHARGXX,OTHARG,1,2042,1.0
GLOBAL,PWROTHARGXX,OTHARG,1,2043,1.0
GLOBAL,PWROTHARGXX,OTHARG,1,2044,1.0
GLOBAL,PWROTHARGXX,OTHARG,1,2045,1.0
GLOBAL,PWROTHARGXX,OTHARG,1,2046,1.0
GLOBAL,PWROTHARGXX,OTHARG,1,2047,1.0
GLOBAL,PWROTHARGXX,OTHARG,1,2048,1.0
GLOBAL,PWROTHARGXX,OTHARG,1,2049,1.0
GLOBAL,PWROTHARGXX,OTHARG,1,2050,1.0
GLOBAL,PWROTHARGXX,OTHINT,2,2023,1.0
GLOBAL,PWROTHARGXX,OTHINT,2,2024,1.0
GLOBAL,PWROTHARGXX,OTHINT,2,2025,1.0
GLOBAL,PWROTHARGXX,OTHINT,2,2026,1.0
GLOBAL,PWROTHARGXX,OTHINT,2,2027,1.0
GLOBAL,PWROTHARGXX,OTHINT,2,2028,1.0
GLOBAL,PWROTHARGXX,OTHINT,2,2029,1.0
GLOBAL,PWROTHARGXX,OTHINT,2,2030,1.0
GLOBAL,PWROTHARGXX,OTHINT,2,2031,1.0
GLOBAL,PWROTHARGXX,OTHINT,2,2032,1.0
GLOBAL,PWROTHARGXX,OTHINT,2,2033,1.0
GLOBAL,PWROTHARGXX,OTHINT,2,2034,1.0
GLOBAL,PWROTHARGXX,OTHINT,2,2035,1.0
GLOBAL,PWROTHARGXX,OTHINT,2,2036,1.0
GLOBAL,PWROTHARGXX,OTHINT,2,2037,1.0
GLOBAL,PWROTHARGXX,OTHINT,2,2038,1.0
GLOBAL,PWROTHARGXX,OTHINT,2,2039,1.0
GLOBAL,PWROTHARGXX,OTHINT,2,2040,1.0
GLOBAL,PWROTHARGXX,OTHINT,2,2041,1.0
GLOBAL,PWROTHARGXX,OTHINT,2,2042,1.0
GLOBAL,PWROTHARGXX,OTHINT,2,2043,1.0
GLOBAL,PWROTHARGXX,OTHINT,2,2044,1.0
GLOBAL,PWROTHARGXX,OTHINT,2,2045,1.0
GLOBAL,PWROTHARGXX,OTHINT,2,2046,1.0
GLOBAL,PWROTHARGXX,OTHINT,2,2047,1.0
GLOBAL,PWROTHARGXX,OTHINT,2,2048,1.0
GLOBAL,PWROTHARGXX,OTHINT,2,2049,1.0
GLOBAL,PWROTHARGXX,OTHINT,2,2050,1.0
GLOBAL,PWROTHBOLXX,OTHBOL,1,2023,1.0
GLOBAL,PWROTHBOLXX,OTHBOL,1,2024,1.0
GLOBAL,PWROTHBOLXX,OTHBOL,1,2025,1.0
GLOBAL,PWROTHBOLXX,OTHBOL,1,2026,1.0
GLOBAL,PWROTHBOLXX,OTHBOL,1,2027,1.0
GLOBAL,PWROTHBOLXX,OTHBOL,1,2028,1.0
GLOBAL,PWROTHBOLXX,OTHBOL,1,2029,1.0
GLOBAL,PWROTHBOLXX,OTHBOL,1,2030,1.0
GLOBAL,PWROTHBOLXX,OTHBOL,1,2031,1.0
GLOBAL,PWROTHBOLXX,OTHBOL,1,2032,1.0
GLOBAL,PWROTHBOLXX,OTHBOL,1,2033,1.0
GLOBAL,PWROTHBOLXX,OTHBOL,1,2034,1.0
GLOBAL,PWROTHBOLXX,OTHBOL,1,2035,1.0
GLOBAL,PWROTHBOLXX,OTHBOL,1,2036,1.0
GLOBAL,PWROTHBOLXX,OTHBOL,1,2037,1.0
GLOBAL,PWROTHBOLXX,OTHBOL,1,2038,1.0
GLOBAL,PWROTHBOLXX,OTHBOL,1,2039,1.0
GLOBAL,PWROTHBOLXX,OTHBOL,1,2040,1.0
GLOBAL,PWROTHBOLXX,OTHBOL,1,2041,1.0
GLOBAL,PWROTHBOLXX,OTHBOL,1,2042,1.0
GLOBAL,PWROTHBOLXX,OTHBOL,1,2043,1.0
GLOBAL,PWROTHBOLXX,OTHBOL,1,2044,1.0
GLOBAL,PWROTHBOLXX,OTHBOL,1,2045,1.0
GLOBAL,PWROTHBOLXX,OTHBOL,1,2046,1.0
GLOBAL,PWROTHBOLXX,OTHBOL,1,2047,1.0
GLOBAL,PWROTHBOLXX,OTHBOL,1,2048,1.0
GLOBAL,PWROTHBOLXX,OTHBOL,1,2049,1.0
GLOBAL,PWROTHBOLXX,OTHBOL,1,2050,1.0
GLOBAL,PWROTHBOLXX,OTHINT,2,2023,1.0
GLOBAL,PWROTHBOLXX,OTHINT,2,2024,1.0
GLOBAL,PWROTHBOLXX,OTHINT,2,2025,1.0
GLOBAL,PWROTHBOLXX,OTHINT,2,2026,1.0
GLOBAL,PWROTHBOLXX,OTHINT,2,2027,1.0
GLOBAL,PWROTHBOLXX,OTHINT,2,2028,1.0
GLOBAL,PWROTHBOLXX,OTHINT,2,2029,1.0
GLOBAL,PWROTHBOLXX,OTHINT,2,2030,1.0
GLOBAL,PWROTHBOLXX,OTHINT,2,2031,1.0
GLOBAL,PWROTHBOLXX,OTHINT,2,2032,1.0
GLOBAL,PWROTHBOLXX,OTHINT,2,2033,1.0
GLOBAL,PWROTHBOLXX,OTHINT,2,2034,1.0
GLOBAL,PWROTHBOLXX,OTHINT,2,2035,1.0
GLOBAL,PWROTHBOLXX,OTHINT,2,2036,1.0
GLOBAL,PWROTHBOLXX,OTHINT,2,2037,1.0
GLOBAL,PWROTHBOLXX,OTHINT,2,2038,1.0
GLOBAL,PWROTHBOLXX,OTHINT,2,2039,1.0
GLOBAL,PWROTHBOLXX,OTHINT,2,2040,1.0
GLOBAL,PWROTHBOLXX,OTHINT,2,2041,1.0
GLOBAL,PWROTHBOLXX,OTHINT,2,2042,1.0
GLOBAL,PWROTHBOLXX,OTHINT,2,2043,1.0
GLOBAL,PWROTHBOLXX,OTHINT,2,2044,1.0
GLOBAL,PWROTHBOLXX,OTHINT,2,2045,1.0
GLOBAL,PWROTHBOLXX,OTHINT,2,2046,1.0
GLOBAL,PWROTHBOLXX,OTHINT,2,2047,1.0
GLOBAL,PWROTHBOLXX,OTHINT,2,2048,1.0
GLOBAL,PWROTHBOLXX,OTHINT,2,2049,1.0
GLOBAL,PWROTHBOLXX,OTHINT,2,2050,1.0
GLOBAL,PWROTHBRAXX,OTHBRA,1,2023,1.0
GLOBAL,PWROTHBRAXX,OTHBRA,1,2024,1.0
GLOBAL,PWROTHBRAXX,OTHBRA,1,2025,1.0
GLOBAL,PWROTHBRAXX,OTHBRA,1,2026,1.0
GLOBAL,PWROTHBRAXX,OTHBRA,1,2027,1.0
GLOBAL,PWROTHBRAXX,OTHBRA,1,2028,1.0
GLOBAL,PWROTHBRAXX,OTHBRA,1,2029,1.0
GLOBAL,PWROTHBRAXX,OTHBRA,1,2030,1.0
GLOBAL,PWROTHBRAXX,OTHBRA,1,2031,1.0
GLOBAL,PWROTHBRAXX,OTHBRA,1,2032,1.0
GLOBAL,PWROTHBRAXX,OTHBRA,1,2033,1.0
GLOBAL,PWROTHBRAXX,OTHBRA,1,2034,1.0
GLOBAL,PWROTHBRAXX,OTHBRA,1,2035,1.0
GLOBAL,PWROTHBRAXX,OTHBRA,1,2036,1.0
GLOBAL,PWROTHBRAXX,OTHBRA,1,2037,1.0
GLOBAL,PWROTHBRAXX,OTHBRA,1,2038,1.0
GLOBAL,PWROTHBRAXX,OTHBRA,1,2039,1.0
GLOBAL,PWROTHBRAXX,OTHBRA,1,2040,1.0
GLOBAL,PWROTHBRAXX,OTHBRA,1,2041,1.0
GLOBAL,PWROTHBRAXX,OTHBRA,1,2042,1.0
GLOBAL,PWROTHBRAXX,OTHBRA,1,2043,1.0
GLOBAL,PWROTHBRAXX,OTHBRA,1,2044,1.0
GLOBAL,PWROTHBRAXX,OTHBRA,1,2045,1.0
GLOBAL,PWROTHBRAXX,OTHBRA,1,2046,1.0
GLOBAL,PWROTHBRAXX,OTHBRA,1,2047,1.0
GLOBAL,PWROTHBRAXX,OTHBRA,1,2048,1.0
GLOBAL,PWROTHBRAXX,OTHBRA,1,2049,1.0
GLOBAL,PWROTHBRAXX,OTHBRA,1,2050,1.0
GLOBAL,PWROTHBRAXX,OTHINT,2,2023,1.0
GLOBAL,PWROTHBRAXX,OTHINT,2,2024,1.0
GLOBAL,PWROTHBRAXX,OTHINT,2,2025,1.0
GLOBAL,PWROTHBRAXX,OTHINT,2,2026,1.0
GLOBAL,PWROTHBRAXX,OTHINT,2,2027,1.0
GLOBAL,PWROTHBRAXX,OTHINT,2,2028,1.0
GLOBAL,PWROTHBRAXX,OTHINT,2,2029,1.0
GLOBAL,PWROTHBRAXX,OTHINT,2,2030,1.0
GLOBAL,PWROTHBRAXX,OTHINT,2,2031,1.0
GLOBAL,PWROTHBRAXX,OTHINT,2,2032,1.0
GLOBAL,PWROTHBRAXX,OTHINT,2,2033,1.0
GLOBAL,PWROTHBRAXX,OTHINT,2,2034,1.0
GLOBAL,PWROTHBRAXX,OTHINT,2,2035,1.0
GLOBAL,PWROTHBRAXX,OTHINT,2,2036,1.0
GLOBAL,PWROTHBRAXX,OTHINT,2,2037,1.0
GLOBAL,PWROTHBRAXX,OTHINT,2,2038,1.0
GLOBAL,PWROTHBRAXX,OTHINT,2,2039,1.0
GLOBAL,PWROTHBRAXX,OTHINT,2,2040,1.0
GLOBAL,PWROTHBRAXX,OTHINT,2,2041,1.0
GLOBAL,PWROTHBRAXX,OTHINT,2,2042,1.0
GLOBAL,PWROTHBRAXX,OTHINT,2,2043,1.0
GLOBAL,PWROTHBRAXX,OTHINT,2,2044,1.0
GLOBAL,PWROTHBRAXX,OTHINT,2,2045,1.0
GLOBAL,PWROTHBRAXX,OTHINT,2,2046,1.0
GLOBAL,PWROTHBRAXX,OTHINT,2,2047,1.0
GLOBAL,PWROTHBRAXX,OTHINT,2,2048,1.0
GLOBAL,PWROTHBRAXX,OTHINT,2,2049,1.0
GLOBAL,PWROTHBRAXX,OTHINT,2,2050,1.0
GLOBAL,PWROTHBRBXX,OTHBRB,1,2023,1.0
GLOBAL,PWROTHBRBXX,OTHBRB,1,2024,1.0
GLOBAL,PWROTHBRBXX,OTHBRB,1,2025,1.0
GLOBAL,PWROTHBRBXX,OTHBRB,1,2026,1.0
GLOBAL,PWROTHBRBXX,OTHBRB,1,2027,1.0
GLOBAL,PWROTHBRBXX,OTHBRB,1,2028,1.0
GLOBAL,PWROTHBRBXX,OTHBRB,1,2029,1.0
GLOBAL,PWROTHBRBXX,OTHBRB,1,2030,1.0
GLOBAL,PWROTHBRBXX,OTHBRB,1,2031,1.0
GLOBAL,PWROTHBRBXX,OTHBRB,1,2032,1.0
GLOBAL,PWROTHBRBXX,OTHBRB,1,2033,1.0
GLOBAL,PWROTHBRBXX,OTHBRB,1,2034,1.0
GLOBAL,PWROTHBRBXX,OTHBRB,1,2035,1.0
GLOBAL,PWROTHBRBXX,OTHBRB,1,2036,1.0
GLOBAL,PWROTHBRBXX,OTHBRB,1,2037,1.0
GLOBAL,PWROTHBRBXX,OTHBRB,1,2038,1.0
GLOBAL,PWROTHBRBXX,OTHBRB,1,2039,1.0
GLOBAL,PWROTHBRBXX,OTHBRB,1,2040,1.0
GLOBAL,PWROTHBRBXX,OTHBRB,1,2041,1.0
GLOBAL,PWROTHBRBXX,OTHBRB,1,2042,1.0
GLOBAL,PWROTHBRBXX,OTHBRB,1,2043,1.0
GLOBAL,PWROTHBRBXX,OTHBRB,1,2044,1.0
GLOBAL,PWROTHBRBXX,OTHBRB,1,2045,1.0
GLOBAL,PWROTHBRBXX,OTHBRB,1,2046,1.0
GLOBAL,PWROTHBRBXX,OTHBRB,1,2047,1.0
GLOBAL,PWROTHBRBXX,OTHBRB,1,2048,1.0
GLOBAL,PWROTHBRBXX,OTHBRB,1,2049,1.0
GLOBAL,PWROTHBRBXX,OTHBRB,1,2050,1.0
GLOBAL,PWROTHBRBXX,OTHINT,2,2023,1.0
GLOBAL,PWROTHBRBXX,OTHINT,2,2024,1.0
GLOBAL,PWROTHBRBXX,OTHINT,2,2025,1.0
GLOBAL,PWROTHBRBXX,OTHINT,2,2026,1.0
GLOBAL,PWROTHBRBXX,OTHINT,2,2027,1.0
GLOBAL,PWROTHBRBXX,OTHINT,2,2028,1.0
GLOBAL,PWROTHBRBXX,OTHINT,2,2029,1.0
GLOBAL,PWROTHBRBXX,OTHINT,2,2030,1.0
GLOBAL,PWROTHBRBXX,OTHINT,2,2031,1.0
GLOBAL,PWROTHBRBXX,OTHINT,2,2032,1.0
GLOBAL,PWROTHBRBXX,OTHINT,2,2033,1.0
GLOBAL,PWROTHBRBXX,OTHINT,2,2034,1.0
GLOBAL,PWROTHBRBXX,OTHINT,2,2035,1.0
GLOBAL,PWROTHBRBXX,OTHINT,2,2036,1.0
GLOBAL,PWROTHBRBXX,OTHINT,2,2037,1.0
GLOBAL,PWROTHBRBXX,OTHINT,2,2038,1.0
GLOBAL,PWROTHBRBXX,OTHINT,2,2039,1.0
GLOBAL,PWROTHBRBXX,OTHINT,2,2040,1.0
GLOBAL,PWROTHBRBXX,OTHINT,2,2041,1.0
GLOBAL,PWROTHBRBXX,OTHINT,2,2042,1.0
GLOBAL,PWROTHBRBXX,OTHINT,2,2043,1.0
GLOBAL,PWROTHBRBXX,OTHINT,2,2044,1.0
GLOBAL,PWROTHBRBXX,OTHINT,2,2045,1.0
GLOBAL,PWROTHBRBXX,OTHINT,2,2046,1.0
GLOBAL,PWROTHBRBXX,OTHINT,2,2047,1.0
GLOBAL,PWROTHBRBXX,OTHINT,2,2048,1.0
GLOBAL,PWROTHBRBXX,OTHINT,2,2049,1.0
GLOBAL,PWROTHBRBXX,OTHINT,2,2050,1.0
GLOBAL,PWROTHCHLXX,OTHCHL,1,2023,1.0
GLOBAL,PWROTHCHLXX,OTHCHL,1,2024,1.0
GLOBAL,PWROTHCHLXX,OTHCHL,1,2025,1.0
GLOBAL,PWROTHCHLXX,OTHCHL,1,2026,1.0
GLOBAL,PWROTHCHLXX,OTHCHL,1,2027,1.0
GLOBAL,PWROTHCHLXX,OTHCHL,1,2028,1.0
GLOBAL,PWROTHCHLXX,OTHCHL,1,2029,1.0
GLOBAL,PWROTHCHLXX,OTHCHL,1,2030,1.0
GLOBAL,PWROTHCHLXX,OTHCHL,1,2031,1.0
GLOBAL,PWROTHCHLXX,OTHCHL,1,2032,1.0
GLOBAL,PWROTHCHLXX,OTHCHL,1,2033,1.0
GLOBAL,PWROTHCHLXX,OTHCHL,1,2034,1.0
GLOBAL,PWROTHCHLXX,OTHCHL,1,2035,1.0
GLOBAL,PWROTHCHLXX,OTHCHL,1,2036,1.0
GLOBAL,PWROTHCHLXX,OTHCHL,1,2037,1.0
GLOBAL,PWROTHCHLXX,OTHCHL,1,2038,1.0
GLOBAL,PWROTHCHLXX,OTHCHL,1,2039,1.0
GLOBAL,PWROTHCHLXX,OTHCHL,1,2040,1.0
GLOBAL,PWROTHCHLXX,OTHCHL,1,2041,1.0
GLOBAL,PWROTHCHLXX,OTHCHL,1,2042,1.0
GLOBAL,PWROTHCHLXX,OTHCHL,1,2043,1.0
GLOBAL,PWROTHCHLXX,OTHCHL,1,2044,1.0
GLOBAL,PWROTHCHLXX,OTHCHL,1,2045,1.0
GLOBAL,PWROTHCHLXX,OTHCHL,1,2046,1.0
GLOBAL,PWROTHCHLXX,OTHCHL,1,2047,1.0
GLOBAL,PWROTHCHLXX,OTHCHL,1,2048,1.0
GLOBAL,PWROTHCHLXX,OTHCHL,1,2049,1.0
GLOBAL,PWROTHCHLXX,OTHCHL,1,2050,1.0
GLOBAL,PWROTHCHLXX,OTHINT,2,2023,1.0
GLOBAL,PWROTHCHLXX,OTHINT,2,2024,1.0
GLOBAL,PWROTHCHLXX,OTHINT,2,2025,1.0
GLOBAL,PWROTHCHLXX,OTHINT,2,2026,1.0
GLOBAL,PWROTHCHLXX,OTHINT,2,2027,1.0
GLOBAL,PWROTHCHLXX,OTHINT,2,2028,1.0
GLOBAL,PWROTHCHLXX,OTHINT,2,2029,1.0
GLOBAL,PWROTHCHLXX,OTHINT,2,2030,1.0
GLOBAL,PWROTHCHLXX,OTHINT,2,2031,1.0
GLOBAL,PWROTHCHLXX,OTHINT,2,2032,1.0
GLOBAL,PWROTHCHLXX,OTHINT,2,2033,1.0
GLOBAL,PWROTHCHLXX,OTHINT,2,2034,1.0
GLOBAL,PWROTHCHLXX,OTHINT,2,2035,1.0
GLOBAL,PWROTHCHLXX,OTHINT,2,2036,1.0
GLOBAL,PWROTHCHLXX,OTHINT,2,2037,1.0
GLOBAL,PWROTHCHLXX,OTHINT,2,2038,1.0
GLOBAL,PWROTHCHLXX,OTHINT,2,2039,1.0
GLOBAL,PWROTHCHLXX,OTHINT,2,2040,1.0
GLOBAL,PWROTHCHLXX,OTHINT,2,2041,1.0
GLOBAL,PWROTHCHLXX,OTHINT,2,2042,1.0
GLOBAL,PWROTHCHLXX,OTHINT,2,2043,1.0
GLOBAL,PWROTHCHLXX,OTHINT,2,2044,1.0
GLOBAL,PWROTHCHLXX,OTHINT,2,2045,1.0
GLOBAL,PWROTHCHLXX,OTHINT,2,2046,1.0
GLOBAL,PWROTHCHLXX,OTHINT,2,2047,1.0
GLOBAL,PWROTHCHLXX,OTHINT,2,2048,1.0
GLOBAL,PWROTHCHLXX,OTHINT,2,2049,1.0
GLOBAL,PWROTHCHLXX,OTHINT,2,2050,1.0
GLOBAL,PWROTHCOLXX,OTHCOL,1,2023,1.0
GLOBAL,PWROTHCOLXX,OTHCOL,1,2024,1.0
GLOBAL,PWROTHCOLXX,OTHCOL,1,2025,1.0
GLOBAL,PWROTHCOLXX,OTHCOL,1,2026,1.0
GLOBAL,PWROTHCOLXX,OTHCOL,1,2027,1.0
GLOBAL,PWROTHCOLXX,OTHCOL,1,2028,1.0
GLOBAL,PWROTHCOLXX,OTHCOL,1,2029,1.0
GLOBAL,PWROTHCOLXX,OTHCOL,1,2030,1.0
GLOBAL,PWROTHCOLXX,OTHCOL,1,2031,1.0
GLOBAL,PWROTHCOLXX,OTHCOL,1,2032,1.0
GLOBAL,PWROTHCOLXX,OTHCOL,1,2033,1.0
GLOBAL,PWROTHCOLXX,OTHCOL,1,2034,1.0
GLOBAL,PWROTHCOLXX,OTHCOL,1,2035,1.0
GLOBAL,PWROTHCOLXX,OTHCOL,1,2036,1.0
GLOBAL,PWROTHCOLXX,OTHCOL,1,2037,1.0
GLOBAL,PWROTHCOLXX,OTHCOL,1,2038,1.0
GLOBAL,PWROTHCOLXX,OTHCOL,1,2039,1.0
GLOBAL,PWROTHCOLXX,OTHCOL,1,2040,1.0
GLOBAL,PWROTHCOLXX,OTHCOL,1,2041,1.0
GLOBAL,PWROTHCOLXX,OTHCOL,1,2042,1.0
GLOBAL,PWROTHCOLXX,OTHCOL,1,2043,1.0
GLOBAL,PWROTHCOLXX,OTHCOL,1,2044,1.0
GLOBAL,PWROTHCOLXX,OTHCOL,1,2045,1.0
GLOBAL,PWROTHCOLXX,OTHCOL,1,2046,1.0
GLOBAL,PWROTHCOLXX,OTHCOL,1,2047,1.0
GLOBAL,PWROTHCOLXX,OTHCOL,1,2048,1.0
GLOBAL,PWROTHCOLXX,OTHCOL,1,2049,1.0
GLOBAL,PWROTHCOLXX,OTHCOL,1,2050,1.0
GLOBAL,PWROTHCOLXX,OTHINT,2,2023,1.0
GLOBAL,PWROTHCOLXX,OTHINT,2,2024,1.0
GLOBAL,PWROTHCOLXX,OTHINT,2,2025,1.0
GLOBAL,PWROTHCOLXX,OTHINT,2,2026,1.0
GLOBAL,PWROTHCOLXX,OTHINT,2,2027,1.0
GLOBAL,PWROTHCOLXX,OTHINT,2,2028,1.0
GLOBAL,PWROTHCOLXX,OTHINT,2,2029,1.0
GLOBAL,PWROTHCOLXX,OTHINT,2,2030,1.0
GLOBAL,PWROTHCOLXX,OTHINT,2,2031,1.0
GLOBAL,PWROTHCOLXX,OTHINT,2,2032,1.0
GLOBAL,PWROTHCOLXX,OTHINT,2,2033,1.0
GLOBAL,PWROTHCOLXX,OTHINT,2,2034,1.0
GLOBAL,PWROTHCOLXX,OTHINT,2,2035,1.0
GLOBAL,PWROTHCOLXX,OTHINT,2,2036,1.0
GLOBAL,PWROTHCOLXX,OTHINT,2,2037,1.0
GLOBAL,PWROTHCOLXX,OTHINT,2,2038,1.0
GLOBAL,PWROTHCOLXX,OTHINT,2,2039,1.0
GLOBAL,PWROTHCOLXX,OTHINT,2,2040,1.0
GLOBAL,PWROTHCOLXX,OTHINT,2,2041,1.0
GLOBAL,PWROTHCOLXX,OTHINT,2,2042,1.0
GLOBAL,PWROTHCOLXX,OTHINT,2,2043,1.0
GLOBAL,PWROTHCOLXX,OTHINT,2,2044,1.0
GLOBAL,PWROTHCOLXX,OTHINT,2,2045,1.0
GLOBAL,PWROTHCOLXX,OTHINT,2,2046,1.0
GLOBAL,PWROTHCOLXX,OTHINT,2,2047,1.0
GLOBAL,PWROTHCOLXX,OTHINT,2,2048,1.0
GLOBAL,PWROTHCOLXX,OTHINT,2,2049,1.0
GLOBAL,PWROTHCOLXX,OTHINT,2,2050,1.0
GLOBAL,PWROTHCRIXX,OTHCRI,1,2023,1.0
GLOBAL,PWROTHCRIXX,OTHCRI,1,2024,1.0
GLOBAL,PWROTHCRIXX,OTHCRI,1,2025,1.0
GLOBAL,PWROTHCRIXX,OTHCRI,1,2026,1.0
GLOBAL,PWROTHCRIXX,OTHCRI,1,2027,1.0
GLOBAL,PWROTHCRIXX,OTHCRI,1,2028,1.0
GLOBAL,PWROTHCRIXX,OTHCRI,1,2029,1.0
GLOBAL,PWROTHCRIXX,OTHCRI,1,2030,1.0
GLOBAL,PWROTHCRIXX,OTHCRI,1,2031,1.0
GLOBAL,PWROTHCRIXX,OTHCRI,1,2032,1.0
GLOBAL,PWROTHCRIXX,OTHCRI,1,2033,1.0
GLOBAL,PWROTHCRIXX,OTHCRI,1,2034,1.0
GLOBAL,PWROTHCRIXX,OTHCRI,1,2035,1.0
GLOBAL,PWROTHCRIXX,OTHCRI,1,2036,1.0
GLOBAL,PWROTHCRIXX,OTHCRI,1,2037,1.0
GLOBAL,PWROTHCRIXX,OTHCRI,1,2038,1.0
GLOBAL,PWROTHCRIXX,OTHCRI,1,2039,1.0
GLOBAL,PWROTHCRIXX,OTHCRI,1,2040,1.0
GLOBAL,PWROTHCRIXX,OTHCRI,1,2041,1.0
GLOBAL,PWROTHCRIXX,OTHCRI,1,2042,1.0
GLOBAL,PWROTHCRIXX,OTHCRI,1,2043,1.0
GLOBAL,PWROTHCRIXX,OTHCRI,1,2044,1.0
GLOBAL,PWROTHCRIXX,OTHCRI,1,2045,1.0
GLOBAL,PWROTHCRIXX,OTHCRI,1,2046,1.0
GLOBAL,PWROTHCRIXX,OTHCRI,1,2047,1.0
GLOBAL,PWROTHCRIXX,OTHCRI,1,2048,1.0
GLOBAL,PWROTHCRIXX,OTHCRI,1,2049,1.0
GLOBAL,PWROTHCRIXX,OTHCRI,1,2050,1.0
GLOBAL,PWROTHCRIXX,OTHINT,2,2023,1.0
GLOBAL,PWROTHCRIXX,OTHINT,2,2024,1.0
GLOBAL,PWROTHCRIXX,OTHINT,2,2025,1.0
GLOBAL,PWROTHCRIXX,OTHINT,2,2026,1.0
GLOBAL,PWROTHCRIXX,OTHINT,2,2027,1.0
GLOBAL,PWROTHCRIXX,OTHINT,2,2028,1.0
GLOBAL,PWROTHCRIXX,OTHINT,2,2029,1.0
GLOBAL,PWROTHCRIXX,OTHINT,2,2030,1.0
GLOBAL,PWROTHCRIXX,OTHINT,2,2031,1.0
GLOBAL,PWROTHCRIXX,OTHINT,2,2032,1.0
GLOBAL,PWROTHCRIXX,OTHINT,2,2033,1.0
GLOBAL,PWROTHCRIXX,OTHINT,2,2034,1.0
GLOBAL,PWROTHCRIXX,OTHINT,2,2035,1.0
GLOBAL,PWROTHCRIXX,OTHINT,2,2036,1.0
GLOBAL,PWROTHCRIXX,OTHINT,2,2037,1.0
GLOBAL,PWROTHCRIXX,OTHINT,2,2038,1.0
GLOBAL,PWROTHCRIXX,OTHINT,2,2039,1.0
GLOBAL,PWROTHCRIXX,OTHINT,2,2040,1.0
GLOBAL,PWROTHCRIXX,OTHINT,2,2041,1.0
GLOBAL,PWROTHCRIXX,OTHINT,2,2042,1.0
GLOBAL,PWROTHCRIXX,OTHINT,2,2043,1.0
GLOBAL,PWROTHCRIXX,OTHINT,2,2044,1.0
GLOBAL,PWROTHCRIXX,OTHINT,2,2045,1.0
GLOBAL,PWROTHCRIXX,OTHINT,2,2046,1.0
GLOBAL,PWROTHCRIXX,OTHINT,2,2047,1.0
GLOBAL,PWROTHCRIXX,OTHINT,2,2048,1.0
GLOBAL,PWROTHCRIXX,OTHINT,2,2049,1.0
GLOBAL,PWROTHCRIXX,OTHINT,2,2050,1.0
GLOBAL,PWROTHDOMXX,OTHDOM,1,2023,1.0
GLOBAL,PWROTHDOMXX,OTHDOM,1,2024,1.0
GLOBAL,PWROTHDOMXX,OTHDOM,1,2025,1.0
GLOBAL,PWROTHDOMXX,OTHDOM,1,2026,1.0
GLOBAL,PWROTHDOMXX,OTHDOM,1,2027,1.0
GLOBAL,PWROTHDOMXX,OTHDOM,1,2028,1.0
GLOBAL,PWROTHDOMXX,OTHDOM,1,2029,1.0
GLOBAL,PWROTHDOMXX,OTHDOM,1,2030,1.0
GLOBAL,PWROTHDOMXX,OTHDOM,1,2031,1.0
GLOBAL,PWROTHDOMXX,OTHDOM,1,2032,1.0
GLOBAL,PWROTHDOMXX,OTHDOM,1,2033,1.0
GLOBAL,PWROTHDOMXX,OTHDOM,1,2034,1.0
GLOBAL,PWROTHDOMXX,OTHDOM,1,2035,1.0
GLOBAL,PWROTHDOMXX,OTHDOM,1,2036,1.0
GLOBAL,PWROTHDOMXX,OTHDOM,1,2037,1.0
GLOBAL,PWROTHDOMXX,OTHDOM,1,2038,1.0
GLOBAL,PWROTHDOMXX,OTHDOM,1,2039,1.0
GLOBAL,PWROTHDOMXX,OTHDOM,1,2040,1.0
GLOBAL,PWROTHDOMXX,OTHDOM,1,2041,1.0
GLOBAL,PWROTHDOMXX,OTHDOM,1,2042,1.0
GLOBAL,PWROTHDOMXX,OTHDOM,1,2043,1.0
GLOBAL,PWROTHDOMXX,OTHDOM,1,2044,1.0
GLOBAL,PWROTHDOMXX,OTHDOM,1,2045,1.0
GLOBAL,PWROTHDOMXX,OTHDOM,1,2046,1.0
GLOBAL,PWROTHDOMXX,OTHDOM,1,2047,1.0
GLOBAL,PWROTHDOMXX,OTHDOM,1,2048,1.0
GLOBAL,PWROTHDOMXX,OTHDOM,1,2049,1.0
GLOBAL,PWROTHDOMXX,OTHDOM,1,2050,1.0
GLOBAL,PWROTHDOMXX,OTHINT,2,2023,1.0
GLOBAL,PWROTHDOMXX,OTHINT,2,2024,1.0
GLOBAL,PWROTHDOMXX,OTHINT,2,2025,1.0
GLOBAL,PWROTHDOMXX,OTHINT,2,2026,1.0
GLOBAL,PWROTHDOMXX,OTHINT,2,2027,1.0
GLOBAL,PWROTHDOMXX,OTHINT,2,2028,1.0
GLOBAL,PWROTHDOMXX,OTHINT,2,2029,1.0
GLOBAL,PWROTHDOMXX,OTHINT,2,2030,1.0
GLOBAL,PWROTHDOMXX,OTHINT,2,2031,1.0
GLOBAL,PWROTHDOMXX,OTHINT,2,2032,1.0
GLOBAL,PWROTHDOMXX,OTHINT,2,2033,1.0
GLOBAL,PWROTHDOMXX,OTHINT,2,2034,1.0
GLOBAL,PWROTHDOMXX,OTHINT,2,2035,1.0
GLOBAL,PWROTHDOMXX,OTHINT,2,2036,1.0
GLOBAL,PWROTHDOMXX,OTHINT,2,2037,1.0
GLOBAL,PWROTHDOMXX,OTHINT,2,2038,1.0
GLOBAL,PWROTHDOMXX,OTHINT,2,2039,1.0
GLOBAL,PWROTHDOMXX,OTHINT,2,2040,1.0
GLOBAL,PWROTHDOMXX,OTHINT,2,2041,1.0
GLOBAL,PWROTHDOMXX,OTHINT,2,2042,1.0
GLOBAL,PWROTHDOMXX,OTHINT,2,2043,1.0
GLOBAL,PWROTHDOMXX,OTHINT,2,2044,1.0
GLOBAL,PWROTHDOMXX,OTHINT,2,2045,1.0
GLOBAL,PWROTHDOMXX,OTHINT,2,2046,1.0
GLOBAL,PWROTHDOMXX,OTHINT,2,2047,1.0
GLOBAL,PWROTHDOMXX,OTHINT,2,2048,1.0
GLOBAL,PWROTHDOMXX,OTHINT,2,2049,1.0
GLOBAL,PWROTHDOMXX,OTHINT,2,2050,1.0
GLOBAL,PWROTHECUXX,OTHECU,1,2023,1.0
GLOBAL,PWROTHECUXX,OTHECU,1,2024,1.0
GLOBAL,PWROTHECUXX,OTHECU,1,2025,1.0
GLOBAL,PWROTHECUXX,OTHECU,1,2026,1.0
GLOBAL,PWROTHECUXX,OTHECU,1,2027,1.0
GLOBAL,PWROTHECUXX,OTHECU,1,2028,1.0
GLOBAL,PWROTHECUXX,OTHECU,1,2029,1.0
GLOBAL,PWROTHECUXX,OTHECU,1,2030,1.0
GLOBAL,PWROTHECUXX,OTHECU,1,2031,1.0
GLOBAL,PWROTHECUXX,OTHECU,1,2032,1.0
GLOBAL,PWROTHECUXX,OTHECU,1,2033,1.0
GLOBAL,PWROTHECUXX,OTHECU,1,2034,1.0
GLOBAL,PWROTHECUXX,OTHECU,1,2035,1.0
GLOBAL,PWROTHECUXX,OTHECU,1,2036,1.0
GLOBAL,PWROTHECUXX,OTHECU,1,2037,1.0
GLOBAL,PWROTHECUXX,OTHECU,1,2038,1.0
GLOBAL,PWROTHECUXX,OTHECU,1,2039,1.0
GLOBAL,PWROTHECUXX,OTHECU,1,2040,1.0
GLOBAL,PWROTHECUXX,OTHECU,1,2041,1.0
GLOBAL,PWROTHECUXX,OTHECU,1,2042,1.0
GLOBAL,PWROTHECUXX,OTHECU,1,2043,1.0
GLOBAL,PWROTHECUXX,OTHECU,1,2044,1.0
GLOBAL,PWROTHECUXX,OTHECU,1,2045,1.0
GLOBAL,PWROTHECUXX,OTHECU,1,2046,1.0
GLOBAL,PWROTHECUXX,OTHECU,1,2047,1.0
GLOBAL,PWROTHECUXX,OTHECU,1,2048,1.0
GLOBAL,PWROTHECUXX,OTHECU,1,2049,1.0
GLOBAL,PWROTHECUXX,OTHECU,1,2050,1.0
GLOBAL,PWROTHECUXX,OTHINT,2,2023,1.0
GLOBAL,PWROTHECUXX,OTHINT,2,2024,1.0
GLOBAL,PWROTHECUXX,OTHINT,2,2025,1.0
GLOBAL,PWROTHECUXX,OTHINT,2,2026,1.0
GLOBAL,PWROTHECUXX,OTHINT,2,2027,1.0
GLOBAL,PWROTHECUXX,OTHINT,2,2028,1.0
GLOBAL,PWROTHECUXX,OTHINT,2,2029,1.0
GLOBAL,PWROTHECUXX,OTHINT,2,2030,1.0
GLOBAL,PWROTHECUXX,OTHINT,2,2031,1.0
GLOBAL,PWROTHECUXX,OTHINT,2,2032,1.0
GLOBAL,PWROTHECUXX,OTHINT,2,2033,1.0
GLOBAL,PWROTHECUXX,OTHINT,2,2034,1.0
GLOBAL,PWROTHECUXX,OTHINT,2,2035,1.0
GLOBAL,PWROTHECUXX,OTHINT,2,2036,1.0
GLOBAL,PWROTHECUXX,OTHINT,2,2037,1.0
GLOBAL,PWROTHECUXX,OTHINT,2,2038,1.0
GLOBAL,PWROTHECUXX,OTHINT,2,2039,1.0
GLOBAL,PWROTHECUXX,OTHINT,2,2040,1.0
GLOBAL,PWROTHECUXX,OTHINT,2,2041,1.0
GLOBAL,PWROTHECUXX,OTHINT,2,2042,1.0
GLOBAL,PWROTHECUXX,OTHINT,2,2043,1.0
GLOBAL,PWROTHECUXX,OTHINT,2,2044,1.0
GLOBAL,PWROTHECUXX,OTHINT,2,2045,1.0
GLOBAL,PWROTHECUXX,OTHINT,2,2046,1.0
GLOBAL,PWROTHECUXX,OTHINT,2,2047,1.0
GLOBAL,PWROTHECUXX,OTHINT,2,2048,1.0
GLOBAL,PWROTHECUXX,OTHINT,2,2049,1.0
GLOBAL,PWROTHECUXX,OTHINT,2,2050,1.0
GLOBAL,PWROTHGTMXX,OTHGTM,1,2023,1.0
GLOBAL,PWROTHGTMXX,OTHGTM,1,2024,1.0
GLOBAL,PWROTHGTMXX,OTHGTM,1,2025,1.0
GLOBAL,PWROTHGTMXX,OTHGTM,1,2026,1.0
GLOBAL,PWROTHGTMXX,OTHGTM,1,2027,1.0
GLOBAL,PWROTHGTMXX,OTHGTM,1,2028,1.0
GLOBAL,PWROTHGTMXX,OTHGTM,1,2029,1.0
GLOBAL,PWROTHGTMXX,OTHGTM,1,2030,1.0
GLOBAL,PWROTHGTMXX,OTHGTM,1,2031,1.0
GLOBAL,PWROTHGTMXX,OTHGTM,1,2032,1.0
GLOBAL,PWROTHGTMXX,OTHGTM,1,2033,1.0
GLOBAL,PWROTHGTMXX,OTHGTM,1,2034,1.0
GLOBAL,PWROTHGTMXX,OTHGTM,1,2035,1.0
GLOBAL,PWROTHGTMXX,OTHGTM,1,2036,1.0
GLOBAL,PWROTHGTMXX,OTHGTM,1,2037,1.0
GLOBAL,PWROTHGTMXX,OTHGTM,1,2038,1.0
GLOBAL,PWROTHGTMXX,OTHGTM,1,2039,1.0
GLOBAL,PWROTHGTMXX,OTHGTM,1,2040,1.0
GLOBAL,PWROTHGTMXX,OTHGTM,1,2041,1.0
GLOBAL,PWROTHGTMXX,OTHGTM,1,2042,1.0
GLOBAL,PWROTHGTMXX,OTHGTM,1,2043,1.0
GLOBAL,PWROTHGTMXX,OTHGTM,1,2044,1.0
GLOBAL,PWROTHGTMXX,OTHGTM,1,2045,1.0
GLOBAL,PWROTHGTMXX,OTHGTM,1,2046,1.0
GLOBAL,PWROTHGTMXX,OTHGTM,1,2047,1.0
GLOBAL,PWROTHGTMXX,OTHGTM,1,2048,1.0
GLOBAL,PWROTHGTMXX,OTHGTM,1,2049,1.0
GLOBAL,PWROTHGTMXX,OTHGTM,1,2050,1.0
GLOBAL,PWROTHGTMXX,OTHINT,2,2023,1.0
GLOBAL,PWROTHGTMXX,OTHINT,2,2024,1.0
GLOBAL,PWROTHGTMXX,OTHINT,2,2025,1.0
GLOBAL,PWROTHGTMXX,OTHINT,2,2026,1.0
GLOBAL,PWROTHGTMXX,OTHINT,2,2027,1.0
GLOBAL,PWROTHGTMXX,OTHINT,2,2028,1.0
GLOBAL,PWROTHGTMXX,OTHINT,2,2029,1.0
GLOBAL,PWROTHGTMXX,OTHINT,2,2030,1.0
GLOBAL,PWROTHGTMXX,OTHINT,2,2031,1.0
GLOBAL,PWROTHGTMXX,OTHINT,2,2032,1.0
GLOBAL,PWROTHGTMXX,OTHINT,2,2033,1.0
GLOBAL,PWROTHGTMXX,OTHINT,2,2034,1.0
GLOBAL,PWROTHGTMXX,OTHINT,2,2035,1.0
GLOBAL,PWROTHGTMXX,OTHINT,2,2036,1.0
GLOBAL,PWROTHGTMXX,OTHINT,2,2037,1.0
GLOBAL,PWROTHGTMXX,OTHINT,2,2038,1.0
GLOBAL,PWROTHGTMXX,OTHINT,2,2039,1.0
GLOBAL,PWROTHGTMXX,OTHINT,2,2040,1.0
GLOBAL,PWROTHGTMXX,OTHINT,2,2041,1.0
GLOBAL,PWROTHGTMXX,OTHINT,2,2042,1.0
GLOBAL,PWROTHGTMXX,OTHINT,2,2043,1.0
GLOBAL,PWROTHGTMXX,OTHINT,2,2044,1.0
GLOBAL,PWROTHGTMXX,OTHINT,2,2045,1.0
GLOBAL,PWROTHGTMXX,OTHINT,2,2046,1.0
GLOBAL,PWROTHGTMXX,OTHINT,2,2047,1.0
GLOBAL,PWROTHGTMXX,OTHINT,2,2048,1.0
GLOBAL,PWROTHGTMXX,OTHINT,2,2049,1.0
GLOBAL,PWROTHGTMXX,OTHINT,2,2050,1.0
GLOBAL,PWROTHHNDXX,OTHHND,1,2023,1.0
GLOBAL,PWROTHHNDXX,OTHHND,1,2024,1.0
GLOBAL,PWROTHHNDXX,OTHHND,1,2025,1.0
GLOBAL,PWROTHHNDXX,OTHHND,1,2026,1.0
GLOBAL,PWROTHHNDXX,OTHHND,1,2027,1.0
GLOBAL,PWROTHHNDXX,OTHHND,1,2028,1.0
GLOBAL,PWROTHHNDXX,OTHHND,1,2029,1.0
GLOBAL,PWROTHHNDXX,OTHHND,1,2030,1.0
GLOBAL,PWROTHHNDXX,OTHHND,1,2031,1.0
GLOBAL,PWROTHHNDXX,OTHHND,1,2032,1.0
GLOBAL,PWROTHHNDXX,OTHHND,1,2033,1.0
GLOBAL,PWROTHHNDXX,OTHHND,1,2034,1.0
GLOBAL,PWROTHHNDXX,OTHHND,1,2035,1.0
GLOBAL,PWROTHHNDXX,OTHHND,1,2036,1.0
GLOBAL,PWROTHHNDXX,OTHHND,1,2037,1.0
GLOBAL,PWROTHHNDXX,OTHHND,1,2038,1.0
GLOBAL,PWROTHHNDXX,OTHHND,1,2039,1.0
GLOBAL,PWROTHHNDXX,OTHHND,1,2040,1.0
GLOBAL,PWROTHHNDXX,OTHHND,1,2041,1.0
GLOBAL,PWROTHHNDXX,OTHHND,1,2042,1.0
GLOBAL,PWROTHHNDXX,OTHHND,1,2043,1.0
GLOBAL,PWROTHHNDXX,OTHHND,1,2044,1.0
GLOBAL,PWROTHHNDXX,OTHHND,1,2045,1.0
GLOBAL,PWROTHHNDXX,OTHHND,1,2046,1.0
GLOBAL,PWROTHHNDXX,OTHHND,1,2047,1.0
GLOBAL,PWROTHHNDXX,OTHHND,1,2048,1.0
GLOBAL,PWROTHHNDXX,OTHHND,1,2049,1.0
GLOBAL,PWROTHHNDXX,OTHHND,1,2050,1.0
GLOBAL,PWROTHHNDXX,OTHINT,2,2023,1.0
GLOBAL,PWROTHHNDXX,OTHINT,2,2024,1.0
GLOBAL,PWROTHHNDXX,OTHINT,2,2025,1.0
GLOBAL,PWROTHHNDXX,OTHINT,2,2026,1.0
GLOBAL,PWROTHHNDXX,OTHINT,2,2027,1.0
GLOBAL,PWROTHHNDXX,OTHINT,2,2028,1.0
GLOBAL,PWROTHHNDXX,OTHINT,2,2029,1.0
GLOBAL,PWROTHHNDXX,OTHINT,2,2030,1.0
GLOBAL,PWROTHHNDXX,OTHINT,2,2031,1.0
GLOBAL,PWROTHHNDXX,OTHINT,2,2032,1.0
GLOBAL,PWROTHHNDXX,OTHINT,2,2033,1.0
GLOBAL,PWROTHHNDXX,OTHINT,2,2034,1.0
GLOBAL,PWROTHHNDXX,OTHINT,2,2035,1.0
GLOBAL,PWROTHHNDXX,OTHINT,2,2036,1.0
GLOBAL,PWROTHHNDXX,OTHINT,2,2037,1.0
GLOBAL,PWROTHHNDXX,OTHINT,2,2038,1.0
GLOBAL,PWROTHHNDXX,OTHINT,2,2039,1.0
GLOBAL,PWROTHHNDXX,OTHINT,2,2040,1.0
GLOBAL,PWROTHHNDXX,OTHINT,2,2041,1.0
GLOBAL,PWROTHHNDXX,OTHINT,2,2042,1.0
GLOBAL,PWROTHHNDXX,OTHINT,2,2043,1.0
GLOBAL,PWROTHHNDXX,OTHINT,2,2044,1.0
GLOBAL,PWROTHHNDXX,OTHINT,2,2045,1.0
GLOBAL,PWROTHHNDXX,OTHINT,2,2046,1.0
GLOBAL,PWROTHHNDXX,OTHINT,2,2047,1.0
GLOBAL,PWROTHHNDXX,OTHINT,2,2048,1.0
GLOBAL,PWROTHHNDXX,OTHINT,2,2049,1.0
GLOBAL,PWROTHHNDXX,OTHINT,2,2050,1.0
GLOBAL,PWROTHHTIXX,OTHHTI,1,2023,1.0
GLOBAL,PWROTHHTIXX,OTHHTI,1,2024,1.0
GLOBAL,PWROTHHTIXX,OTHHTI,1,2025,1.0
GLOBAL,PWROTHHTIXX,OTHHTI,1,2026,1.0
GLOBAL,PWROTHHTIXX,OTHHTI,1,2027,1.0
GLOBAL,PWROTHHTIXX,OTHHTI,1,2028,1.0
GLOBAL,PWROTHHTIXX,OTHHTI,1,2029,1.0
GLOBAL,PWROTHHTIXX,OTHHTI,1,2030,1.0
GLOBAL,PWROTHHTIXX,OTHHTI,1,2031,1.0
GLOBAL,PWROTHHTIXX,OTHHTI,1,2032,1.0
GLOBAL,PWROTHHTIXX,OTHHTI,1,2033,1.0
GLOBAL,PWROTHHTIXX,OTHHTI,1,2034,1.0
GLOBAL,PWROTHHTIXX,OTHHTI,1,2035,1.0
GLOBAL,PWROTHHTIXX,OTHHTI,1,2036,1.0
GLOBAL,PWROTHHTIXX,OTHHTI,1,2037,1.0
GLOBAL,PWROTHHTIXX,OTHHTI,1,2038,1.0
GLOBAL,PWROTHHTIXX,OTHHTI,1,2039,1.0
GLOBAL,PWROTHHTIXX,OTHHTI,1,2040,1.0
GLOBAL,PWROTHHTIXX,OTHHTI,1,2041,1.0
GLOBAL,PWROTHHTIXX,OTHHTI,1,2042,1.0
GLOBAL,PWROTHHTIXX,OTHHTI,1,2043,1.0
GLOBAL,PWROTHHTIXX,OTHHTI,1,2044,1.0
GLOBAL,PWROTHHTIXX,OTHHTI,1,2045,1.0
GLOBAL,PWROTHHTIXX,OTHHTI,1,2046,1.0
GLOBAL,PWROTHHTIXX,OTHHTI,1,2047,1.0
GLOBAL,PWROTHHTIXX,OTHHTI,1,2048,1.0
GLOBAL,PWROTHHTIXX,OTHHTI,1,2049,1.0
GLOBAL,PWROTHHTIXX,OTHHTI,1,2050,1.0
GLOBAL,PWROTHHTIXX,OTHINT,2,2023,1.0
GLOBAL,PWROTHHTIXX,OTHINT,2,2024,1.0
GLOBAL,PWROTHHTIXX,OTHINT,2,2025,1.0
GLOBAL,PWROTHHTIXX,OTHINT,2,2026,1.0
GLOBAL,PWROTHHTIXX,OTHINT,2,2027,1.0
GLOBAL,PWROTHHTIXX,OTHINT,2,2028,1.0
GLOBAL,PWROTHHTIXX,OTHINT,2,2029,1.0
GLOBAL,PWROTHHTIXX,OTHINT,2,2030,1.0
GLOBAL,PWROTHHTIXX,OTHINT,2,2031,1.0
GLOBAL,PWROTHHTIXX,OTHINT,2,2032,1.0
GLOBAL,PWROTHHTIXX,OTHINT,2,2033,1.0
GLOBAL,PWROTHHTIXX,OTHINT,2,2034,1.0
GLOBAL,PWROTHHTIXX,OTHINT,2,2035,1.0
GLOBAL,PWROTHHTIXX,OTHINT,2,2036,1.0
GLOBAL,PWROTHHTIXX,OTHINT,2,2037,1.0
GLOBAL,PWROTHHTIXX,OTHINT,2,2038,1.0
GLOBAL,PWROTHHTIXX,OTHINT,2,2039,1.0
GLOBAL,PWROTHHTIXX,OTHINT,2,2040,1.0
GLOBAL,PWROTHHTIXX,OTHINT,2,2041,1.0
GLOBAL,PWROTHHTIXX,OTHINT,2,2042,1.0
GLOBAL,PWROTHHTIXX,OTHINT,2,2043,1.0
GLOBAL,PWROTHHTIXX,OTHINT,2,2044,1.0
GLOBAL,PWROTHHTIXX,OTHINT,2,2045,1.0
GLOBAL,PWROTHHTIXX,OTHINT,2,2046,1.0
GLOBAL,PWROTHHTIXX,OTHINT,2,2047,1.0
GLOBAL,PWROTHHTIXX,OTHINT,2,2048,1.0
GLOBAL,PWROTHHTIXX,OTHINT,2,2049,1.0
GLOBAL,PWROTHHTIXX,OTHINT,2,2050,1.0
GLOBAL,PWROTHMEXXX,OTHINT,2,2023,1.0
GLOBAL,PWROTHMEXXX,OTHINT,2,2024,1.0
GLOBAL,PWROTHMEXXX,OTHINT,2,2025,1.0
GLOBAL,PWROTHMEXXX,OTHINT,2,2026,1.0
GLOBAL,PWROTHMEXXX,OTHINT,2,2027,1.0
GLOBAL,PWROTHMEXXX,OTHINT,2,2028,1.0
GLOBAL,PWROTHMEXXX,OTHINT,2,2029,1.0
GLOBAL,PWROTHMEXXX,OTHINT,2,2030,1.0
GLOBAL,PWROTHMEXXX,OTHINT,2,2031,1.0
GLOBAL,PWROTHMEXXX,OTHINT,2,2032,1.0
GLOBAL,PWROTHMEXXX,OTHINT,2,2033,1.0
GLOBAL,PWROTHMEXXX,OTHINT,2,2034,1.0
GLOBAL,PWROTHMEXXX,OTHINT,2,2035,1.0
GLOBAL,PWROTHMEXXX,OTHINT,2,2036,1.0
GLOBAL,PWROTHMEXXX,OTHINT,2,2037,1.0
GLOBAL,PWROTHMEXXX,OTHINT,2,2038,1.0
GLOBAL,PWROTHMEXXX,OTHINT,2,2039,1.0
GLOBAL,PWROTHMEXXX,OTHINT,2,2040,1.0
GLOBAL,PWROTHMEXXX,OTHINT,2,2041,1.0
GLOBAL,PWROTHMEXXX,OTHINT,2,2042,1.0
GLOBAL,PWROTHMEXXX,OTHINT,2,2043,1.0
GLOBAL,PWROTHMEXXX,OTHINT,2,2044,1.0
GLOBAL,PWROTHMEXXX,OTHINT,2,2045,1.0
GLOBAL,PWROTHMEXXX,OTHINT,2,2046,1.0
GLOBAL,PWROTHMEXXX,OTHINT,2,2047,1.0
GLOBAL,PWROTHMEXXX,OTHINT,2,2048,1.0
GLOBAL,PWROTHMEXXX,OTHINT,2,2049,1.0
GLOBAL,PWROTHMEXXX,OTHINT,2,2050,1.0
GLOBAL,PWROTHMEXXX,OTHMEX,1,2023,1.0
GLOBAL,PWROTHMEXXX,OTHMEX,1,2024,1.0
GLOBAL,PWROTHMEXXX,OTHMEX,1,2025,1.0
GLOBAL,PWROTHMEXXX,OTHMEX,1,2026,1.0
GLOBAL,PWROTHMEXXX,OTHMEX,1,2027,1.0
GLOBAL,PWROTHMEXXX,OTHMEX,1,2028,1.0
GLOBAL,PWROTHMEXXX,OTHMEX,1,2029,1.0
GLOBAL,PWROTHMEXXX,OTHMEX,1,2030,1.0
GLOBAL,PWROTHMEXXX,OTHMEX,1,2031,1.0
GLOBAL,PWROTHMEXXX,OTHMEX,1,2032,1.0
GLOBAL,PWROTHMEXXX,OTHMEX,1,2033,1.0
GLOBAL,PWROTHMEXXX,OTHMEX,1,2034,1.0
GLOBAL,PWROTHMEXXX,OTHMEX,1,2035,1.0
GLOBAL,PWROTHMEXXX,OTHMEX,1,2036,1.0
GLOBAL,PWROTHMEXXX,OTHMEX,1,2037,1.0
GLOBAL,PWROTHMEXXX,OTHMEX,1,2038,1.0
GLOBAL,PWROTHMEXXX,OTHMEX,1,2039,1.0
GLOBAL,PWROTHMEXXX,OTHMEX,1,2040,1.0
GLOBAL,PWROTHMEXXX,OTHMEX,1,2041,1.0
GLOBAL,PWROTHMEXXX,OTHMEX,1,2042,1.0
GLOBAL,PWROTHMEXXX,OTHMEX,1,2043,1.0
GLOBAL,PWROTHMEXXX,OTHMEX,1,2044,1.0
GLOBAL,PWROTHMEXXX,OTHMEX,1,2045,1.0
GLOBAL,PWROTHMEXXX,OTHMEX,1,2046,1.0
GLOBAL,PWROTHMEXXX,OTHMEX,1,2047,1.0
GLOBAL,PWROTHMEXXX,OTHMEX,1,2048,1.0
GLOBAL,PWROTHMEXXX,OTHMEX,1,2049,1.0
GLOBAL,PWROTHMEXXX,OTHMEX,1,2050,1.0
GLOBAL,PWROTHNICXX,OTHINT,2,2023,1.0
GLOBAL,PWROTHNICXX,OTHINT,2,2024,1.0
GLOBAL,PWROTHNICXX,OTHINT,2,2025,1.0
GLOBAL,PWROTHNICXX,OTHINT,2,2026,1.0
GLOBAL,PWROTHNICXX,OTHINT,2,2027,1.0
GLOBAL,PWROTHNICXX,OTHINT,2,2028,1.0
GLOBAL,PWROTHNICXX,OTHINT,2,2029,1.0
GLOBAL,PWROTHNICXX,OTHINT,2,2030,1.0
GLOBAL,PWROTHNICXX,OTHINT,2,2031,1.0
GLOBAL,PWROTHNICXX,OTHINT,2,2032,1.0
GLOBAL,PWROTHNICXX,OTHINT,2,2033,1.0
GLOBAL,PWROTHNICXX,OTHINT,2,2034,1.0
GLOBAL,PWROTHNICXX,OTHINT,2,2035,1.0
GLOBAL,PWROTHNICXX,OTHINT,2,2036,1.0
GLOBAL,PWROTHNICXX,OTHINT,2,2037,1.0
GLOBAL,PWROTHNICXX,OTHINT,2,2038,1.0
GLOBAL,PWROTHNICXX,OTHINT,2,2039,1.0
GLOBAL,PWROTHNICXX,OTHINT,2,2040,1.0
GLOBAL,PWROTHNICXX,OTHINT,2,2041,1.0
GLOBAL,PWROTHNICXX,OTHINT,2,2042,1.0
GLOBAL,PWROTHNICXX,OTHINT,2,2043,1.0
GLOBAL,PWROTHNICXX,OTHINT,2,2044,1.0
GLOBAL,PWROTHNICXX,OTHINT,2,2045,1.0
GLOBAL,PWROTHNICXX,OTHINT,2,2046,1.0
GLOBAL,PWROTHNICXX,OTHINT,2,2047,1.0
GLOBAL,PWROTHNICXX,OTHINT,2,2048,1.0
GLOBAL,PWROTHNICXX,OTHINT,2,2049,1.0
GLOBAL,PWROTHNICXX,OTHINT,2,2050,1.0
GLOBAL,PWROTHNICXX,OTHNIC,1,2023,1.0
GLOBAL,PWROTHNICXX,OTHNIC,1,2024,1.0
GLOBAL,PWROTHNICXX,OTHNIC,1,2025,1.0
GLOBAL,PWROTHNICXX,OTHNIC,1,2026,1.0
GLOBAL,PWROTHNICXX,OTHNIC,1,2027,1.0
GLOBAL,PWROTHNICXX,OTHNIC,1,2028,1.0
GLOBAL,PWROTHNICXX,OTHNIC,1,2029,1.0
GLOBAL,PWROTHNICXX,OTHNIC,1,2030,1.0
GLOBAL,PWROTHNICXX,OTHNIC,1,2031,1.0
GLOBAL,PWROTHNICXX,OTHNIC,1,2032,1.0
GLOBAL,PWROTHNICXX,OTHNIC,1,2033,1.0
GLOBAL,PWROTHNICXX,OTHNIC,1,2034,1.0
GLOBAL,PWROTHNICXX,OTHNIC,1,2035,1.0
GLOBAL,PWROTHNICXX,OTHNIC,1,2036,1.0
GLOBAL,PWROTHNICXX,OTHNIC,1,2037,1.0
GLOBAL,PWROTHNICXX,OTHNIC,1,2038,1.0
GLOBAL,PWROTHNICXX,OTHNIC,1,2039,1.0
GLOBAL,PWROTHNICXX,OTHNIC,1,2040,1.0
GLOBAL,PWROTHNICXX,OTHNIC,1,2041,1.0
GLOBAL,PWROTHNICXX,OTHNIC,1,2042,1.0
GLOBAL,PWROTHNICXX,OTHNIC,1,2043,1.0
GLOBAL,PWROTHNICXX,OTHNIC,1,2044,1.0
GLOBAL,PWROTHNICXX,OTHNIC,1,2045,1.0
GLOBAL,PWROTHNICXX,OTHNIC,1,2046,1.0
GLOBAL,PWROTHNICXX,OTHNIC,1,2047,1.0
GLOBAL,PWROTHNICXX,OTHNIC,1,2048,1.0
GLOBAL,PWROTHNICXX,OTHNIC,1,2049,1.0
GLOBAL,PWROTHNICXX,OTHNIC,1,2050,1.0
GLOBAL,PWROTHPANXX,OTHINT,2,2023,1.0
GLOBAL,PWROTHPANXX,OTHINT,2,2024,1.0
GLOBAL,PWROTHPANXX,OTHINT,2,2025,1.0
GLOBAL,PWROTHPANXX,OTHINT,2,2026,1.0
GLOBAL,PWROTHPANXX,OTHINT,2,2027,1.0
GLOBAL,PWROTHPANXX,OTHINT,2,2028,1.0
GLOBAL,PWROTHPANXX,OTHINT,2,2029,1.0
GLOBAL,PWROTHPANXX,OTHINT,2,2030,1.0
GLOBAL,PWROTHPANXX,OTHINT,2,2031,1.0
GLOBAL,PWROTHPANXX,OTHINT,2,2032,1.0
GLOBAL,PWROTHPANXX,OTHINT,2,2033,1.0
GLOBAL,PWROTHPANXX,OTHINT,2,2034,1.0
GLOBAL,PWROTHPANXX,OTHINT,2,2035,1.0
GLOBAL,PWROTHPANXX,OTHINT,2,2036,1.0
GLOBAL,PWROTHPANXX,OTHINT,2,2037,1.0
GLOBAL,PWROTHPANXX,OTHINT,2,2038,1.0
GLOBAL,PWROTHPANXX,OTHINT,2,2039,1.0
GLOBAL,PWROTHPANXX,OTHINT,2,2040,1.0
GLOBAL,PWROTHPANXX,OTHINT,2,2041,1.0
GLOBAL,PWROTHPANXX,OTHINT,2,2042,1.0
GLOBAL,PWROTHPANXX,OTHINT,2,2043,1.0
GLOBAL,PWROTHPANXX,OTHINT,2,2044,1.0
GLOBAL,PWROTHPANXX,OTHINT,2,2045,1.0
GLOBAL,PWROTHPANXX,OTHINT,2,2046,1.0
GLOBAL,PWROTHPANXX,OTHINT,2,2047,1.0
GLOBAL,PWROTHPANXX,OTHINT,2,2048,1.0
GLOBAL,PWROTHPANXX,OTHINT,2,2049,1.0
GLOBAL,PWROTHPANXX,OTHINT,2,2050,1.0
GLOBAL,PWROTHPANXX,OTHPAN,1,2023,1.0
GLOBAL,PWROTHPANXX,OTHPAN,1,2024,1.0
GLOBAL,PWROTHPANXX,OTHPAN,1,2025,1.0
GLOBAL,PWROTHPANXX,OTHPAN,1,2026,1.0
GLOBAL,PWROTHPANXX,OTHPAN,1,2027,1.0
GLOBAL,PWROTHPANXX,OTHPAN,1,2028,1.0
GLOBAL,PWROTHPANXX,OTHPAN,1,2029,1.0
GLOBAL,PWROTHPANXX,OTHPAN,1,2030,1.0
GLOBAL,PWROTHPANXX,OTHPAN,1,2031,1.0
GLOBAL,PWROTHPANXX,OTHPAN,1,2032,1.0
GLOBAL,PWROTHPANXX,OTHPAN,1,2033,1.0
GLOBAL,PWROTHPANXX,OTHPAN,1,2034,1.0
GLOBAL,PWROTHPANXX,OTHPAN,1,2035,1.0
GLOBAL,PWROTHPANXX,OTHPAN,1,2036,1.0
GLOBAL,PWROTHPANXX,OTHPAN,1,2037,1.0
GLOBAL,PWROTHPANXX,OTHPAN,1,2038,1.0
GLOBAL,PWROTHPANXX,OTHPAN,1,2039,1.0
GLOBAL,PWROTHPANXX,OTHPAN,1,2040,1.0
GLOBAL,PWROTHPANXX,OTHPAN,1,2041,1.0
GLOBAL,PWROTHPANXX,OTHPAN,1,2042,1.0
GLOBAL,PWROTHPANXX,OTHPAN,1,2043,1.0
GLOBAL,PWROTHPANXX,OTHPAN,1,2044,1.0
GLOBAL,PWROTHPANXX,OTHPAN,1,2045,1.0
GLOBAL,PWROTHPANXX,OTHPAN,1,2046,1.0
GLOBAL,PWROTHPANXX,OTHPAN,1,2047,1.0
GLOBAL,PWROTHPANXX,OTHPAN,1,2048,1.0
GLOBAL,PWROTHPANXX,OTHPAN,1,2049,1.0
GLOBAL,PWROTHPANXX,OTHPAN,1,2050,1.0
GLOBAL,PWROTHPERXX,OTHINT,2,2023,1.0
GLOBAL,PWROTHPERXX,OTHINT,2,2024,1.0
GLOBAL,PWROTHPERXX,OTHINT,2,2025,1.0
GLOBAL,PWROTHPERXX,OTHINT,2,2026,1.0
GLOBAL,PWROTHPERXX,OTHINT,2,2027,1.0
GLOBAL,PWROTHPERXX,OTHINT,2,2028,1.0
GLOBAL,PWROTHPERXX,OTHINT,2,2029,1.0
GLOBAL,PWROTHPERXX,OTHINT,2,2030,1.0
GLOBAL,PWROTHPERXX,OTHINT,2,2031,1.0
GLOBAL,PWROTHPERXX,OTHINT,2,2032,1.0
GLOBAL,PWROTHPERXX,OTHINT,2,2033,1.0
GLOBAL,PWROTHPERXX,OTHINT,2,2034,1.0
GLOBAL,PWROTHPERXX,OTHINT,2,2035,1.0
GLOBAL,PWROTHPERXX,OTHINT,2,2036,1.0
GLOBAL,PWROTHPERXX,OTHINT,2,2037,1.0
GLOBAL,PWROTHPERXX,OTHINT,2,2038,1.0
GLOBAL,PWROTHPERXX,OTHINT,2,2039,1.0
GLOBAL,PWROTHPERXX,OTHINT,2,2040,1.0
GLOBAL,PWROTHPERXX,OTHINT,2,2041,1.0
GLOBAL,PWROTHPERXX,OTHINT,2,2042,1.0
GLOBAL,PWROTHPERXX,OTHINT,2,2043,1.0
GLOBAL,PWROTHPERXX,OTHINT,2,2044,1.0
GLOBAL,PWROTHPERXX,OTHINT,2,2045,1.0
GLOBAL,PWROTHPERXX,OTHINT,2,2046,1.0
GLOBAL,PWROTHPERXX,OTHINT,2,2047,1.0
GLOBAL,PWROTHPERXX,OTHINT,2,2048,1.0
GLOBAL,PWROTHPERXX,OTHINT,2,2049,1.0
GLOBAL,PWROTHPERXX,OTHINT,2,2050,1.0
GLOBAL,PWROTHPERXX,OTHPER,1,2023,1.0
GLOBAL,PWROTHPERXX,OTHPER,1,2024,1.0
GLOBAL,PWROTHPERXX,OTHPER,1,2025,1.0
GLOBAL,PWROTHPERXX,OTHPER,1,2026,1.0
GLOBAL,PWROTHPERXX,OTHPER,1,2027,1.0
GLOBAL,PWROTHPERXX,OTHPER,1,2028,1.0
GLOBAL,PWROTHPERXX,OTHPER,1,2029,1.0
GLOBAL,PWROTHPERXX,OTHPER,1,2030,1.0
GLOBAL,PWROTHPERXX,OTHPER,1,2031,1.0
GLOBAL,PWROTHPERXX,OTHPER,1,2032,1.0
GLOBAL,PWROTHPERXX,OTHPER,1,2033,1.0
GLOBAL,PWROTHPERXX,OTHPER,1,2034,1.0
GLOBAL,PWROTHPERXX,OTHPER,1,2035,1.0
GLOBAL,PWROTHPERXX,OTHPER,1,2036,1.0
GLOBAL,PWROTHPERXX,OTHPER,1,2037,1.0
GLOBAL,PWROTHPERXX,OTHPER,1,2038,1.0
GLOBAL,PWROTHPERXX,OTHPER,1,2039,1.0
GLOBAL,PWROTHPERXX,OTHPER,1,2040,1.0
GLOBAL,PWROTHPERXX,OTHPER,1,2041,1.0
GLOBAL,PWROTHPERXX,OTHPER,1,2042,1.0
GLOBAL,PWROTHPERXX,OTHPER,1,2043,1.0
GLOBAL,PWROTHPERXX,OTHPER,1,2044,1.0
GLOBAL,PWROTHPERXX,OTHPER,1,2045,1.0
GLOBAL,PWROTHPERXX,OTHPER,1,2046,1.0
GLOBAL,PWROTHPERXX,OTHPER,1,2047,1.0
GLOBAL,PWROTHPERXX,OTHPER,1,2048,1.0
GLOBAL,PWROTHPERXX,OTHPER,1,2049,1.0
GLOBAL,PWROTHPERXX,OTHPER,1,2050,1.0
GLOBAL,PWROTHPRYXX,OTHINT,2,2023,1.0
GLOBAL,PWROTHPRYXX,OTHINT,2,2024,1.0
GLOBAL,PWROTHPRYXX,OTHINT,2,2025,1.0
GLOBAL,PWROTHPRYXX,OTHINT,2,2026,1.0
GLOBAL,PWROTHPRYXX,OTHINT,2,2027,1.0
GLOBAL,PWROTHPRYXX,OTHINT,2,2028,1.0
GLOBAL,PWROTHPRYXX,OTHINT,2,2029,1.0
GLOBAL,PWROTHPRYXX,OTHINT,2,2030,1.0
GLOBAL,PWROTHPRYXX,OTHINT,2,2031,1.0
GLOBAL,PWROTHPRYXX,OTHINT,2,2032,1.0
GLOBAL,PWROTHPRYXX,OTHINT,2,2033,1.0
GLOBAL,PWROTHPRYXX,OTHINT,2,2034,1.0
GLOBAL,PWROTHPRYXX,OTHINT,2,2035,1.0
GLOBAL,PWROTHPRYXX,OTHINT,2,2036,1.0
GLOBAL,PWROTHPRYXX,OTHINT,2,2037,1.0
GLOBAL,PWROTHPRYXX,OTHINT,2,2038,1.0
GLOBAL,PWROTHPRYXX,OTHINT,2,2039,1.0
GLOBAL,PWROTHPRYXX,OTHINT,2,2040,1.0
GLOBAL,PWROTHPRYXX,OTHINT,2,2041,1.0
GLOBAL,PWROTHPRYXX,OTHINT,2,2042,1.0
GLOBAL,PWROTHPRYXX,OTHINT,2,2043,1.0
GLOBAL,PWROTHPRYXX,OTHINT,2,2044,1.0
GLOBAL,PWROTHPRYXX,OTHINT,2,2045,1.0
GLOBAL,PWROTHPRYXX,OTHINT,2,2046,1.0
GLOBAL,PWROTHPRYXX,OTHINT,2,2047,1.0
GLOBAL,PWROTHPRYXX,OTHINT,2,2048,1.0
GLOBAL,PWROTHPRYXX,OTHINT,2,2049,1.0
GLOBAL,PWROTHPRYXX,OTHINT,2,2050,1.0
GLOBAL,PWROTHPRYXX,OTHPRY,1,2023,1.0
GLOBAL,PWROTHPRYXX,OTHPRY,1,2024,1.0
GLOBAL,PWROTHPRYXX,OTHPRY,1,2025,1.0
GLOBAL,PWROTHPRYXX,OTHPRY,1,2026,1.0
GLOBAL,PWROTHPRYXX,OTHPRY,1,2027,1.0
GLOBAL,PWROTHPRYXX,OTHPRY,1,2028,1.0
GLOBAL,PWROTHPRYXX,OTHPRY,1,2029,1.0
GLOBAL,PWROTHPRYXX,OTHPRY,1,2030,1.0
GLOBAL,PWROTHPRYXX,OTHPRY,1,2031,1.0
GLOBAL,PWROTHPRYXX,OTHPRY,1,2032,1.0
GLOBAL,PWROTHPRYXX,OTHPRY,1,2033,1.0
GLOBAL,PWROTHPRYXX,OTHPRY,1,2034,1.0
GLOBAL,PWROTHPRYXX,OTHPRY,1,2035,1.0
GLOBAL,PWROTHPRYXX,OTHPRY,1,2036,1.0
GLOBAL,PWROTHPRYXX,OTHPRY,1,2037,1.0
GLOBAL,PWROTHPRYXX,OTHPRY,1,2038,1.0
GLOBAL,PWROTHPRYXX,OTHPRY,1,2039,1.0
GLOBAL,PWROTHPRYXX,OTHPRY,1,2040,1.0
GLOBAL,PWROTHPRYXX,OTHPRY,1,2041,1.0
GLOBAL,PWROTHPRYXX,OTHPRY,1,2042,1.0
GLOBAL,PWROTHPRYXX,OTHPRY,1,2043,1.0
GLOBAL,PWROTHPRYXX,OTHPRY,1,2044,1.0
GLOBAL,PWROTHPRYXX,OTHPRY,1,2045,1.0
GLOBAL,PWROTHPRYXX,OTHPRY,1,2046,1.0
GLOBAL,PWROTHPRYXX,OTHPRY,1,2047,1.0
GLOBAL,PWROTHPRYXX,OTHPRY,1,2048,1.0
GLOBAL,PWROTHPRYXX,OTHPRY,1,2049,1.0
GLOBAL,PWROTHPRYXX,OTHPRY,1,2050,1.0
GLOBAL,PWROTHSLVXX,OTHINT,2,2023,1.0
GLOBAL,PWROTHSLVXX,OTHINT,2,2024,1.0
GLOBAL,PWROTHSLVXX,OTHINT,2,2025,1.0
GLOBAL,PWROTHSLVXX,OTHINT,2,2026,1.0
GLOBAL,PWROTHSLVXX,OTHINT,2,2027,1.0
GLOBAL,PWROTHSLVXX,OTHINT,2,2028,1.0
GLOBAL,PWROTHSLVXX,OTHINT,2,2029,1.0
GLOBAL,PWROTHSLVXX,OTHINT,2,2030,1.0
GLOBAL,PWROTHSLVXX,OTHINT,2,2031,1.0
GLOBAL,PWROTHSLVXX,OTHINT,2,2032,1.0
GLOBAL,PWROTHSLVXX,OTHINT,2,2033,1.0
GLOBAL,PWROTHSLVXX,OTHINT,2,2034,1.0
GLOBAL,PWROTHSLVXX,OTHINT,2,2035,1.0
GLOBAL,PWROTHSLVXX,OTHINT,2,2036,1.0
GLOBAL,PWROTHSLVXX,OTHINT,2,2037,1.0
GLOBAL,PWROTHSLVXX,OTHINT,2,2038,1.0
GLOBAL,PWROTHSLVXX,OTHINT,2,2039,1.0
GLOBAL,PWROTHSLVXX,OTHINT,2,2040,1.0
GLOBAL,PWROTHSLVXX,OTHINT,2,2041,1.0
GLOBAL,PWROTHSLVXX,OTHINT,2,2042,1.0
GLOBAL,PWROTHSLVXX,OTHINT,2,2043,1.0
GLOBAL,PWROTHSLVXX,OTHINT,2,2044,1.0
GLOBAL,PWROTHSLVXX,OTHINT,2,2045,1.0
GLOBAL,PWROTHSLVXX,OTHINT,2,2046,1.0
GLOBAL,PWROTHSLVXX,OTHINT,2,2047,1.0
GLOBAL,PWROTHSLVXX,OTHINT,2,2048,1.0
GLOBAL,PWROTHSLVXX,OTHINT,2,2049,1.0
GLOBAL,PWROTHSLVXX,OTHINT,2,2050,1.0
GLOBAL,PWROTHSLVXX,OTHSLV,1,2023,1.0
GLOBAL,PWROTHSLVXX,OTHSLV,1,2024,1.0
GLOBAL,PWROTHSLVXX,OTHSLV,1,2025,1.0
GLOBAL,PWROTHSLVXX,OTHSLV,1,2026,1.0
GLOBAL,PWROTHSLVXX,OTHSLV,1,2027,1.0
GLOBAL,PWROTHSLVXX,OTHSLV,1,2028,1.0
GLOBAL,PWROTHSLVXX,OTHSLV,1,2029,1.0
GLOBAL,PWROTHSLVXX,OTHSLV,1,2030,1.0
GLOBAL,PWROTHSLVXX,OTHSLV,1,2031,1.0
GLOBAL,PWROTHSLVXX,OTHSLV,1,2032,1.0
GLOBAL,PWROTHSLVXX,OTHSLV,1,2033,1.0
GLOBAL,PWROTHSLVXX,OTHSLV,1,2034,1.0
GLOBAL,PWROTHSLVXX,OTHSLV,1,2035,1.0
GLOBAL,PWROTHSLVXX,OTHSLV,1,2036,1.0
GLOBAL,PWROTHSLVXX,OTHSLV,1,2037,1.0
GLOBAL,PWROTHSLVXX,OTHSLV,1,2038,1.0
GLOBAL,PWROTHSLVXX,OTHSLV,1,2039,1.0
GLOBAL,PWROTHSLVXX,OTHSLV,1,2040,1.0
GLOBAL,PWROTHSLVXX,OTHSLV,1,2041,1.0
GLOBAL,PWROTHSLVXX,OTHSLV,1,2042,1.0
GLOBAL,PWROTHSLVXX,OTHSLV,1,2043,1.0
GLOBAL,PWROTHSLVXX,OTHSLV,1,2044,1.0
GLOBAL,PWROTHSLVXX,OTHSLV,1,2045,1.0
GLOBAL,PWROTHSLVXX,OTHSLV,1,2046,1.0
GLOBAL,PWROTHSLVXX,OTHSLV,1,2047,1.0
GLOBAL,PWROTHSLVXX,OTHSLV,1,2048,1.0
GLOBAL,PWROTHSLVXX,OTHSLV,1,2049,1.0
GLOBAL,PWROTHSLVXX,OTHSLV,1,2050,1.0
GLOBAL,PWROTHURYXX,OTHINT,2,2023,1.0
GLOBAL,PWROTHURYXX,OTHINT,2,2024,1.0
GLOBAL,PWROTHURYXX,OTHINT,2,2025,1.0
GLOBAL,PWROTHURYXX,OTHINT,2,2026,1.0
GLOBAL,PWROTHURYXX,OTHINT,2,2027,1.0
GLOBAL,PWROTHURYXX,OTHINT,2,2028,1.0
GLOBAL,PWROTHURYXX,OTHINT,2,2029,1.0
GLOBAL,PWROTHURYXX,OTHINT,2,2030,1.0
GLOBAL,PWROTHURYXX,OTHINT,2,2031,1.0
GLOBAL,PWROTHURYXX,OTHINT,2,2032,1.0
GLOBAL,PWROTHURYXX,OTHINT,2,2033,1.0
GLOBAL,PWROTHURYXX,OTHINT,2,2034,1.0
GLOBAL,PWROTHURYXX,OTHINT,2,2035,1.0
GLOBAL,PWROTHURYXX,OTHINT,2,2036,1.0
GLOBAL,PWROTHURYXX,OTHINT,2,2037,1.0
GLOBAL,PWROTHURYXX,OTHINT,2,2038,1.0
GLOBAL,PWROTHURYXX,OTHINT,2,2039,1.0
GLOBAL,PWROTHURYXX,OTHINT,2,2040,1.0
GLOBAL,PWROTHURYXX,OTHINT,2,2041,1.0
GLOBAL,PWROTHURYXX,OTHINT,2,2042,1.0
GLOBAL,PWROTHURYXX,OTHINT,2,2043,1.0
GLOBAL,PWROTHURYXX,OTHINT,2,2044,1.0
GLOBAL,PWROTHURYXX,OTHINT,2,2045,1.0
GLOBAL,PWROTHURYXX,OTHINT,2,2046,1.0
GLOBAL,PWROTHURYXX,OTHINT,2,2047,1.0
GLOBAL,PWROTHURYXX,OTHINT,2,2048,1.0
GLOBAL,PWROTHURYXX,OTHINT,2,2049,1.0
GLOBAL,PWROTHURYXX,OTHINT,2,2050,1.0
GLOBAL,PWROTHURYXX,OTHURY,1,2023,1.0
GLOBAL,PWROTHURYXX,OTHURY,1,2024,1.0
GLOBAL,PWROTHURYXX,OTHURY,1,2025,1.0
GLOBAL,PWROTHURYXX,OTHURY,1,2026,1.0
GLOBAL,PWROTHURYXX,OTHURY,1,2027,1.0
GLOBAL,PWROTHURYXX,OTHURY,1,2028,1.0
GLOBAL,PWROTHURYXX,OTHURY,1,2029,1.0
GLOBAL,PWROTHURYXX,OTHURY,1,2030,1.0
GLOBAL,PWROTHURYXX,OTHURY,1,2031,1.0
GLOBAL,PWROTHURYXX,OTHURY,1,2032,1.0
GLOBAL,PWROTHURYXX,OTHURY,1,2033,1.0
GLOBAL,PWROTHURYXX,OTHURY,1,2034,1.0
GLOBAL,PWROTHURYXX,OTHURY,1,2035,1.0
GLOBAL,PWROTHURYXX,OTHURY,1,2036,1.0
GLOBAL,PWROTHURYXX,OTHURY,1,2037,1.0
GLOBAL,PWROTHURYXX,OTHURY,1,2038,1.0
GLOBAL,PWROTHURYXX,OTHURY,1,2039,1.0
GLOBAL,PWROTHURYXX,OTHURY,1,2040,1.0
GLOBAL,PWROTHURYXX,OTHURY,1,2041,1.0
GLOBAL,PWROTHURYXX,OTHURY,1,2042,1.0
GLOBAL,PWROTHURYXX,OTHURY,1,2043,1.0
GLOBAL,PWROTHURYXX,OTHURY,1,2044,1.0
GLOBAL,PWROTHURYXX,OTHURY,1,2045,1.0
GLOBAL,PWROTHURYXX,OTHURY,1,2046,1.0
GLOBAL,PWROTHURYXX,OTHURY,1,2047,1.0
GLOBAL,PWROTHURYXX,OTHURY,1,2048,1.0
GLOBAL,PWROTHURYXX,OTHURY,1,2049,1.0
GLOBAL,PWROTHURYXX,OTHURY,1,2050,1.0
GLOBAL,PWRPETARGXX,PETARG,1,2023,3.06
GLOBAL,PWRPETARGXX,PETARG,1,2024,3.06
GLOBAL,PWRPETARGXX,PETARG,1,2025,3.06
GLOBAL,PWRPETARGXX,PETARG,1,2026,3.06
GLOBAL,PWRPETARGXX,PETARG,1,2027,3.06
GLOBAL,PWRPETARGXX,PETARG,1,2028,3.06
GLOBAL,PWRPETARGXX,PETARG,1,2029,3.06
GLOBAL,PWRPETARGXX,PETARG,1,2030,3.06
GLOBAL,PWRPETARGXX,PETARG,1,2031,3.06
GLOBAL,PWRPETARGXX,PETARG,1,2032,3.06
GLOBAL,PWRPETARGXX,PETARG,1,2033,3.06
GLOBAL,PWRPETARGXX,PETARG,1,2034,3.06
GLOBAL,PWRPETARGXX,PETARG,1,2035,3.06
GLOBAL,PWRPETARGXX,PETARG,1,2036,3.06
GLOBAL,PWRPETARGXX,PETARG,1,2037,3.06
GLOBAL,PWRPETARGXX,PETARG,1,2038,3.06
GLOBAL,PWRPETARGXX,PETARG,1,2039,3.06
GLOBAL,PWRPETARGXX,PETARG,1,2040,3.06
GLOBAL,PWRPETARGXX,PETARG,1,2041,3.06
GLOBAL,PWRPETARGXX,PETARG,1,2042,3.06
GLOBAL,PWRPETARGXX,PETARG,1,2043,3.06
GLOBAL,PWRPETARGXX,PETARG,1,2044,3.06
GLOBAL,PWRPETARGXX,PETARG,1,2045,3.06
GLOBAL,PWRPETARGXX,PETARG,1,2046,3.06
GLOBAL,PWRPETARGXX,PETARG,1,2047,3.06
GLOBAL,PWRPETARGXX,PETARG,1,2048,3.06
GLOBAL,PWRPETARGXX,PETARG,1,2049,3.06
GLOBAL,PWRPETARGXX,PETARG,1,2050,3.06
GLOBAL,PWRPETARGXX,PETINT,2,2023,3.06
GLOBAL,PWRPETARGXX,PETINT,2,2024,3.06
GLOBAL,PWRPETARGXX,PETINT,2,2025,3.06
GLOBAL,PWRPETARGXX,PETINT,2,2026,3.06
GLOBAL,PWRPETARGXX,PETINT,2,2027,3.06
GLOBAL,PWRPETARGXX,PETINT,2,2028,3.06
GLOBAL,PWRPETARGXX,PETINT,2,2029,3.06
GLOBAL,PWRPETARGXX,PETINT,2,2030,3.06
GLOBAL,PWRPETARGXX,PETINT,2,2031,3.06
GLOBAL,PWRPETARGXX,PETINT,2,2032,3.06
GLOBAL,PWRPETARGXX,PETINT,2,2033,3.06
GLOBAL,PWRPETARGXX,PETINT,2,2034,3.06
GLOBAL,PWRPETARGXX,PETINT,2,2035,3.06
GLOBAL,PWRPETARGXX,PETINT,2,2036,3.06
GLOBAL,PWRPETARGXX,PETINT,2,2037,3.06
GLOBAL,PWRPETARGXX,PETINT,2,2038,3.06
GLOBAL,PWRPETARGXX,PETINT,2,2039,3.06
GLOBAL,PWRPETARGXX,PETINT,2,2040,3.06
GLOBAL,PWRPETARGXX,PETINT,2,2041,3.06
GLOBAL,PWRPETARGXX,PETINT,2,2042,3.06
GLOBAL,PWRPETARGXX,PETINT,2,2043,3.06
GLOBAL,PWRPETARGXX,PETINT,2,2044,3.06
GLOBAL,PWRPETARGXX,PETINT,2,2045,3.06
GLOBAL,PWRPETARGXX,PETINT,2,2046,3.06
GLOBAL,PWRPETARGXX,PETINT,2,2047,3.06
GLOBAL,PWRPETARGXX,PETINT,2,2048,3.06
GLOBAL,PWRPETARGXX,PETINT,2,2049,3.06
GLOBAL,PWRPETARGXX,PETINT,2,2050,3.06
GLOBAL,PWRPETBOLXX,PETBOL,1,2023,3.06
GLOBAL,PWRPETBOLXX,PETBOL,1,2024,3.06
GLOBAL,PWRPETBOLXX,PETBOL,1,2025,3.06
GLOBAL,PWRPETBOLXX,PETBOL,1,2026,3.06
GLOBAL,PWRPETBOLXX,PETBOL,1,2027,3.06
GLOBAL,PWRPETBOLXX,PETBOL,1,2028,3.06
GLOBAL,PWRPETBOLXX,PETBOL,1,2029,3.06
GLOBAL,PWRPETBOLXX,PETBOL,1,2030,3.06
GLOBAL,PWRPETBOLXX,PETBOL,1,2031,3.06
GLOBAL,PWRPETBOLXX,PETBOL,1,2032,3.06
GLOBAL,PWRPETBOLXX,PETBOL,1,2033,3.06
GLOBAL,PWRPETBOLXX,PETBOL,1,2034,3.06
GLOBAL,PWRPETBOLXX,PETBOL,1,2035,3.06
GLOBAL,PWRPETBOLXX,PETBOL,1,2036,3.06
GLOBAL,PWRPETBOLXX,PETBOL,1,2037,3.06
GLOBAL,PWRPETBOLXX,PETBOL,1,2038,3.06
GLOBAL,PWRPETBOLXX,PETBOL,1,2039,3.06
GLOBAL,PWRPETBOLXX,PETBOL,1,2040,3.06
GLOBAL,PWRPETBOLXX,PETBOL,1,2041,3.06
GLOBAL,PWRPETBOLXX,PETBOL,1,2042,3.06
GLOBAL,PWRPETBOLXX,PETBOL,1,2043,3.06
GLOBAL,PWRPETBOLXX,PETBOL,1,2044,3.06
GLOBAL,PWRPETBOLXX,PETBOL,1,2045,3.06
GLOBAL,PWRPETBOLXX,PETBOL,1,2046,3.06
GLOBAL,PWRPETBOLXX,PETBOL,1,2047,3.06
GLOBAL,PWRPETBOLXX,PETBOL,1,2048,3.06
GLOBAL,PWRPETBOLXX,PETBOL,1,2049,3.06
GLOBAL,PWRPETBOLXX,PETBOL,1,2050,3.06
GLOBAL,PWRPETBOLXX,PETINT,2,2023,3.06
GLOBAL,PWRPETBOLXX,PETINT,2,2024,3.06
GLOBAL,PWRPETBOLXX,PETINT,2,2025,3.06
GLOBAL,PWRPETBOLXX,PETINT,2,2026,3.06
GLOBAL,PWRPETBOLXX,PETINT,2,2027,3.06
GLOBAL,PWRPETBOLXX,PETINT,2,2028,3.06
GLOBAL,PWRPETBOLXX,PETINT,2,2029,3.06
GLOBAL,PWRPETBOLXX,PETINT,2,2030,3.06
GLOBAL,PWRPETBOLXX,PETINT,2,2031,3.06
GLOBAL,PWRPETBOLXX,PETINT,2,2032,3.06
GLOBAL,PWRPETBOLXX,PETINT,2,2033,3.06
GLOBAL,PWRPETBOLXX,PETINT,2,2034,3.06
GLOBAL,PWRPETBOLXX,PETINT,2,2035,3.06
GLOBAL,PWRPETBOLXX,PETINT,2,2036,3.06
GLOBAL,PWRPETBOLXX,PETINT,2,2037,3.06
GLOBAL,PWRPETBOLXX,PETINT,2,2038,3.06
GLOBAL,PWRPETBOLXX,PETINT,2,2039,3.06
GLOBAL,PWRPETBOLXX,PETINT,2,2040,3.06
GLOBAL,PWRPETBOLXX,PETINT,2,2041,3.06
GLOBAL,PWRPETBOLXX,PETINT,2,2042,3.06
GLOBAL,PWRPETBOLXX,PETINT,2,2043,3.06
GLOBAL,PWRPETBOLXX,PETINT,2,2044,3.06
GLOBAL,PWRPETBOLXX,PETINT,2,2045,3.06
GLOBAL,PWRPETBOLXX,PETINT,2,2046,3.06
GLOBAL,PWRPETBOLXX,PETINT,2,2047,3.06
GLOBAL,PWRPETBOLXX,PETINT,2,2048,3.06
GLOBAL,PWRPETBOLXX,PETINT,2,2049,3.06
GLOBAL,PWRPETBOLXX,PETINT,2,2050,3.06
GLOBAL,PWRPETBRAXX,PETBRA,1,2023,3.06
GLOBAL,PWRPETBRAXX,PETBRA,1,2024,3.06
GLOBAL,PWRPETBRAXX,PETBRA,1,2025,3.06
GLOBAL,PWRPETBRAXX,PETBRA,1,2026,3.06
GLOBAL,PWRPETBRAXX,PETBRA,1,2027,3.06
GLOBAL,PWRPETBRAXX,PETBRA,1,2028,3.06
GLOBAL,PWRPETBRAXX,PETBRA,1,2029,3.06
GLOBAL,PWRPETBRAXX,PETBRA,1,2030,3.06
GLOBAL,PWRPETBRAXX,PETBRA,1,2031,3.06
GLOBAL,PWRPETBRAXX,PETBRA,1,2032,3.06
GLOBAL,PWRPETBRAXX,PETBRA,1,2033,3.06
GLOBAL,PWRPETBRAXX,PETBRA,1,2034,3.06
GLOBAL,PWRPETBRAXX,PETBRA,1,2035,3.06
GLOBAL,PWRPETBRAXX,PETBRA,1,2036,3.06
GLOBAL,PWRPETBRAXX,PETBRA,1,2037,3.06
GLOBAL,PWRPETBRAXX,PETBRA,1,2038,3.06
GLOBAL,PWRPETBRAXX,PETBRA,1,2039,3.06
GLOBAL,PWRPETBRAXX,PETBRA,1,2040,3.06
GLOBAL,PWRPETBRAXX,PETBRA,1,2041,3.06
GLOBAL,PWRPETBRAXX,PETBRA,1,2042,3.06
GLOBAL,PWRPETBRAXX,PETBRA,1,2043,3.06
GLOBAL,PWRPETBRAXX,PETBRA,1,2044,3.06
GLOBAL,PWRPETBRAXX,PETBRA,1,2045,3.06
GLOBAL,PWRPETBRAXX,PETBRA,1,2046,3.06
GLOBAL,PWRPETBRAXX,PETBRA,1,2047,3.06
GLOBAL,PWRPETBRAXX,PETBRA,1,2048,3.06
GLOBAL,PWRPETBRAXX,PETBRA,1,2049,3.06
GLOBAL,PWRPETBRAXX,PETBRA,1,2050,3.06
GLOBAL,PWRPETBRAXX,PETINT,2,2023,3.06
GLOBAL,PWRPETBRAXX,PETINT,2,2024,3.06
GLOBAL,PWRPETBRAXX,PETINT,2,2025,3.06
GLOBAL,PWRPETBRAXX,PETINT,2,2026,3.06
GLOBAL,PWRPETBRAXX,PETINT,2,2027,3.06
GLOBAL,PWRPETBRAXX,PETINT,2,2028,3.06
GLOBAL,PWRPETBRAXX,PETINT,2,2029,3.06
GLOBAL,PWRPETBRAXX,PETINT,2,2030,3.06
GLOBAL,PWRPETBRAXX,PETINT,2,2031,3.06
GLOBAL,PWRPETBRAXX,PETINT,2,2032,3.06
GLOBAL,PWRPETBRAXX,PETINT,2,2033,3.06
GLOBAL,PWRPETBRAXX,PETINT,2,2034,3.06
GLOBAL,PWRPETBRAXX,PETINT,2,2035,3.06
GLOBAL,PWRPETBRAXX,PETINT,2,2036,3.06
GLOBAL,PWRPETBRAXX,PETINT,2,2037,3.06
GLOBAL,PWRPETBRAXX,PETINT,2,2038,3.06
GLOBAL,PWRPETBRAXX,PETINT,2,2039,3.06
GLOBAL,PWRPETBRAXX,PETINT,2,2040,3.06
GLOBAL,PWRPETBRAXX,PETINT,2,2041,3.06
GLOBAL,PWRPETBRAXX,PETINT,2,2042,3.06
GLOBAL,PWRPETBRAXX,PETINT,2,2043,3.06
GLOBAL,PWRPETBRAXX,PETINT,2,2044,3.06
GLOBAL,PWRPETBRAXX,PETINT,2,2045,3.06
GLOBAL,PWRPETBRAXX,PETINT,2,2046,3.06
GLOBAL,PWRPETBRAXX,PETINT,2,2047,3.06
GLOBAL,PWRPETBRAXX,PETINT,2,2048,3.06
GLOBAL,PWRPETBRAXX,PETINT,2,2049,3.06
GLOBAL,PWRPETBRAXX,PETINT,2,2050,3.06
GLOBAL,PWRPETBRBXX,PETBRB,1,2023,3.06
GLOBAL,PWRPETBRBXX,PETBRB,1,2024,3.06
GLOBAL,PWRPETBRBXX,PETBRB,1,2025,3.06
GLOBAL,PWRPETBRBXX,PETBRB,1,2026,3.06
GLOBAL,PWRPETBRBXX,PETBRB,1,2027,3.06
GLOBAL,PWRPETBRBXX,PETBRB,1,2028,3.06
GLOBAL,PWRPETBRBXX,PETBRB,1,2029,3.06
GLOBAL,PWRPETBRBXX,PETBRB,1,2030,3.06
GLOBAL,PWRPETBRBXX,PETBRB,1,2031,3.06
GLOBAL,PWRPETBRBXX,PETBRB,1,2032,3.06
GLOBAL,PWRPETBRBXX,PETBRB,1,2033,3.06
GLOBAL,PWRPETBRBXX,PETBRB,1,2034,3.06
GLOBAL,PWRPETBRBXX,PETBRB,1,2035,3.06
GLOBAL,PWRPETBRBXX,PETBRB,1,2036,3.06
GLOBAL,PWRPETBRBXX,PETBRB,1,2037,3.06
GLOBAL,PWRPETBRBXX,PETBRB,1,2038,3.06
GLOBAL,PWRPETBRBXX,PETBRB,1,2039,3.06
GLOBAL,PWRPETBRBXX,PETBRB,1,2040,3.06
GLOBAL,PWRPETBRBXX,PETBRB,1,2041,3.06
GLOBAL,PWRPETBRBXX,PETBRB,1,2042,3.06
GLOBAL,PWRPETBRBXX,PETBRB,1,2043,3.06
GLOBAL,PWRPETBRBXX,PETBRB,1,2044,3.06
GLOBAL,PWRPETBRBXX,PETBRB,1,2045,3.06
GLOBAL,PWRPETBRBXX,PETBRB,1,2046,3.06
GLOBAL,PWRPETBRBXX,PETBRB,1,2047,3.06
GLOBAL,PWRPETBRBXX,PETBRB,1,2048,3.06
GLOBAL,PWRPETBRBXX,PETBRB,1,2049,3.06
GLOBAL,PWRPETBRBXX,PETBRB,1,2050,3.06
GLOBAL,PWRPETBRBXX,PETINT,2,2023,3.06
GLOBAL,PWRPETBRBXX,PETINT,2,2024,3.06
GLOBAL,PWRPETBRBXX,PETINT,2,2025,3.06
GLOBAL,PWRPETBRBXX,PETINT,2,2026,3.06
GLOBAL,PWRPETBRBXX,PETINT,2,2027,3.06
GLOBAL,PWRPETBRBXX,PETINT,2,2028,3.06
GLOBAL,PWRPETBRBXX,PETINT,2,2029,3.06
GLOBAL,PWRPETBRBXX,PETINT,2,2030,3.06
GLOBAL,PWRPETBRBXX,PETINT,2,2031,3.06
GLOBAL,PWRPETBRBXX,PETINT,2,2032,3.06
GLOBAL,PWRPETBRBXX,PETINT,2,2033,3.06
GLOBAL,PWRPETBRBXX,PETINT,2,2034,3.06
GLOBAL,PWRPETBRBXX,PETINT,2,2035,3.06
GLOBAL,PWRPETBRBXX,PETINT,2,2036,3.06
GLOBAL,PWRPETBRBXX,PETINT,2,2037,3.06
GLOBAL,PWRPETBRBXX,PETINT,2,2038,3.06
GLOBAL,PWRPETBRBXX,PETINT,2,2039,3.06
GLOBAL,PWRPETBRBXX,PETINT,2,2040,3.06
GLOBAL,PWRPETBRBXX,PETINT,2,2041,3.06
GLOBAL,PWRPETBRBXX,PETINT,2,2042,3.06
GLOBAL,PWRPETBRBXX,PETINT,2,2043,3.06
GLOBAL,PWRPETBRBXX,PETINT,2,2044,3.06
GLOBAL,PWRPETBRBXX,PETINT,2,2045,3.06
GLOBAL,PWRPETBRBXX,PETINT,2,2046,3.06
GLOBAL,PWRPETBRBXX,PETINT,2,2047,3.06
GLOBAL,PWRPETBRBXX,PETINT,2,2048,3.06
GLOBAL,PWRPETBRBXX,PETINT,2,2049,3.06
GLOBAL,PWRPETBRBXX,PETINT,2,2050,3.06
GLOBAL,PWRPETCHLXX,PETCHL,1,2023,3.06
GLOBAL,PWRPETCHLXX,PETCHL,1,2024,3.06
GLOBAL,PWRPETCHLXX,PETCHL,1,2025,3.06
GLOBAL,PWRPETCHLXX,PETCHL,1,2026,3.06
GLOBAL,PWRPETCHLXX,PETCHL,1,2027,3.06
GLOBAL,PWRPETCHLXX,PETCHL,1,2028,3.06
GLOBAL,PWRPETCHLXX,PETCHL,1,2029,3.06
GLOBAL,PWRPETCHLXX,PETCHL,1,2030,3.06
GLOBAL,PWRPETCHLXX,PETCHL,1,2031,3.06
GLOBAL,PWRPETCHLXX,PETCHL,1,2032,3.06
GLOBAL,PWRPETCHLXX,PETCHL,1,2033,3.06
GLOBAL,PWRPETCHLXX,PETCHL,1,2034,3.06
GLOBAL,PWRPETCHLXX,PETCHL,1,2035,3.06
GLOBAL,PWRPETCHLXX,PETCHL,1,2036,3.06
GLOBAL,PWRPETCHLXX,PETCHL,1,2037,3.06
GLOBAL,PWRPETCHLXX,PETCHL,1,2038,3.06
GLOBAL,PWRPETCHLXX,PETCHL,1,2039,3.06
GLOBAL,PWRPETCHLXX,PETCHL,1,2040,3.06
GLOBAL,PWRPETCHLXX,PETCHL,1,2041,3.06
GLOBAL,PWRPETCHLXX,PETCHL,1,2042,3.06
GLOBAL,PWRPETCHLXX,PETCHL,1,2043,3.06
GLOBAL,PWRPETCHLXX,PETCHL,1,2044,3.06
GLOBAL,PWRPETCHLXX,PETCHL,1,2045,3.06
GLOBAL,PWRPETCHLXX,PETCHL,1,2046,3.06
GLOBAL,PWRPETCHLXX,PETCHL,1,2047,3.06
GLOBAL,PWRPETCHLXX,PETCHL,1,2048,3.06
GLOBAL,PWRPETCHLXX,PETCHL,1,2049,3.06
GLOBAL,PWRPETCHLXX,PETCHL,1,2050,3.06
GLOBAL,PWRPETCHLXX,PETINT,2,2023,3.06
GLOBAL,PWRPETCHLXX,PETINT,2,2024,3.06
GLOBAL,PWRPETCHLXX,PETINT,2,2025,3.06
GLOBAL,PWRPETCHLXX,PETINT,2,2026,3.06
GLOBAL,PWRPETCHLXX,PETINT,2,2027,3.06
GLOBAL,PWRPETCHLXX,PETINT,2,2028,3.06
GLOBAL,PWRPETCHLXX,PETINT,2,2029,3.06
GLOBAL,PWRPETCHLXX,PETINT,2,2030,3.06
GLOBAL,PWRPETCHLXX,PETINT,2,2031,3.06
GLOBAL,PWRPETCHLXX,PETINT,2,2032,3.06
GLOBAL,PWRPETCHLXX,PETINT,2,2033,3.06
GLOBAL,PWRPETCHLXX,PETINT,2,2034,3.06
GLOBAL,PWRPETCHLXX,PETINT,2,2035,3.06
GLOBAL,PWRPETCHLXX,PETINT,2,2036,3.06
GLOBAL,PWRPETCHLXX,PETINT,2,2037,3.06
GLOBAL,PWRPETCHLXX,PETINT,2,2038,3.06
GLOBAL,PWRPETCHLXX,PETINT,2,2039,3.06
GLOBAL,PWRPETCHLXX,PETINT,2,2040,3.06
GLOBAL,PWRPETCHLXX,PETINT,2,2041,3.06
GLOBAL,PWRPETCHLXX,PETINT,2,2042,3.06
GLOBAL,PWRPETCHLXX,PETINT,2,2043,3.06
GLOBAL,PWRPETCHLXX,PETINT,2,2044,3.06
GLOBAL,PWRPETCHLXX,PETINT,2,2045,3.06
GLOBAL,PWRPETCHLXX,PETINT,2,2046,3.06
GLOBAL,PWRPETCHLXX,PETINT,2,2047,3.06
GLOBAL,PWRPETCHLXX,PETINT,2,2048,3.06
GLOBAL,PWRPETCHLXX,PETINT,2,2049,3.06
GLOBAL,PWRPETCHLXX,PETINT,2,2050,3.06
GLOBAL,PWRPETCOLXX,PETCOL,1,2023,3.06
GLOBAL,PWRPETCOLXX,PETCOL,1,2024,3.06
GLOBAL,PWRPETCOLXX,PETCOL,1,2025,3.06
GLOBAL,PWRPETCOLXX,PETCOL,1,2026,3.06
GLOBAL,PWRPETCOLXX,PETCOL,1,2027,3.06
GLOBAL,PWRPETCOLXX,PETCOL,1,2028,3.06
GLOBAL,PWRPETCOLXX,PETCOL,1,2029,3.06
GLOBAL,PWRPETCOLXX,PETCOL,1,2030,3.06
GLOBAL,PWRPETCOLXX,PETCOL,1,2031,3.06
GLOBAL,PWRPETCOLXX,PETCOL,1,2032,3.06
GLOBAL,PWRPETCOLXX,PETCOL,1,2033,3.06
GLOBAL,PWRPETCOLXX,PETCOL,1,2034,3.06
GLOBAL,PWRPETCOLXX,PETCOL,1,2035,3.06
GLOBAL,PWRPETCOLXX,PETCOL,1,2036,3.06
GLOBAL,PWRPETCOLXX,PETCOL,1,2037,3.06
GLOBAL,PWRPETCOLXX,PETCOL,1,2038,3.06
GLOBAL,PWRPETCOLXX,PETCOL,1,2039,3.06
GLOBAL,PWRPETCOLXX,PETCOL,1,2040,3.06
GLOBAL,PWRPETCOLXX,PETCOL,1,2041,3.06
GLOBAL,PWRPETCOLXX,PETCOL,1,2042,3.06
GLOBAL,PWRPETCOLXX,PETCOL,1,2043,3.06
GLOBAL,PWRPETCOLXX,PETCOL,1,2044,3.06
GLOBAL,PWRPETCOLXX,PETCOL,1,2045,3.06
GLOBAL,PWRPETCOLXX,PETCOL,1,2046,3.06
GLOBAL,PWRPETCOLXX,PETCOL,1,2047,3.06
GLOBAL,PWRPETCOLXX,PETCOL,1,2048,3.06
GLOBAL,PWRPETCOLXX,PETCOL,1,2049,3.06
GLOBAL,PWRPETCOLXX,PETCOL,1,2050,3.06
GLOBAL,PWRPETCOLXX,PETINT,2,2023,3.06
GLOBAL,PWRPETCOLXX,PETINT,2,2024,3.06
GLOBAL,PWRPETCOLXX,PETINT,2,2025,3.06
GLOBAL,PWRPETCOLXX,PETINT,2,2026,3.06
GLOBAL,PWRPETCOLXX,PETINT,2,2027,3.06
GLOBAL,PWRPETCOLXX,PETINT,2,2028,3.06
GLOBAL,PWRPETCOLXX,PETINT,2,2029,3.06
GLOBAL,PWRPETCOLXX,PETINT,2,2030,3.06
GLOBAL,PWRPETCOLXX,PETINT,2,2031,3.06
GLOBAL,PWRPETCOLXX,PETINT,2,2032,3.06
GLOBAL,PWRPETCOLXX,PETINT,2,2033,3.06
GLOBAL,PWRPETCOLXX,PETINT,2,2034,3.06
GLOBAL,PWRPETCOLXX,PETINT,2,2035,3.06
GLOBAL,PWRPETCOLXX,PETINT,2,2036,3.06
GLOBAL,PWRPETCOLXX,PETINT,2,2037,3.06
GLOBAL,PWRPETCOLXX,PETINT,2,2038,3.06
GLOBAL,PWRPETCOLXX,PETINT,2,2039,3.06
GLOBAL,PWRPETCOLXX,PETINT,2,2040,3.06
GLOBAL,PWRPETCOLXX,PETINT,2,2041,3.06
GLOBAL,PWRPETCOLXX,PETINT,2,2042,3.06
GLOBAL,PWRPETCOLXX,PETINT,2,2043,3.06
GLOBAL,PWRPETCOLXX,PETINT,2,2044,3.06
GLOBAL,PWRPETCOLXX,PETINT,2,2045,3.06
GLOBAL,PWRPETCOLXX,PETINT,2,2046,3.06
GLOBAL,PWRPETCOLXX,PETINT,2,2047,3.06
GLOBAL,PWRPETCOLXX,PETINT,2,2048,3.06
GLOBAL,PWRPETCOLXX,PETINT,2,2049,3.06
GLOBAL,PWRPETCOLXX,PETINT,2,2050,3.06
GLOBAL,PWRPETCRIXX,PETCRI,1,2023,3.06
GLOBAL,PWRPETCRIXX,PETCRI,1,2024,3.06
GLOBAL,PWRPETCRIXX,PETCRI,1,2025,3.06
GLOBAL,PWRPETCRIXX,PETCRI,1,2026,3.06
GLOBAL,PWRPETCRIXX,PETCRI,1,2027,3.06
GLOBAL,PWRPETCRIXX,PETCRI,1,2028,3.06
GLOBAL,PWRPETCRIXX,PETCRI,1,2029,3.06
GLOBAL,PWRPETCRIXX,PETCRI,1,2030,3.06
GLOBAL,PWRPETCRIXX,PETCRI,1,2031,3.06
GLOBAL,PWRPETCRIXX,PETCRI,1,2032,3.06
GLOBAL,PWRPETCRIXX,PETCRI,1,2033,3.06
GLOBAL,PWRPETCRIXX,PETCRI,1,2034,3.06
GLOBAL,PWRPETCRIXX,PETCRI,1,2035,3.06
GLOBAL,PWRPETCRIXX,PETCRI,1,2036,3.06
GLOBAL,PWRPETCRIXX,PETCRI,1,2037,3.06
GLOBAL,PWRPETCRIXX,PETCRI,1,2038,3.06
GLOBAL,PWRPETCRIXX,PETCRI,1,2039,3.06
GLOBAL,PWRPETCRIXX,PETCRI,1,2040,3.06
GLOBAL,PWRPETCRIXX,PETCRI,1,2041,3.06
GLOBAL,PWRPETCRIXX,PETCRI,1,2042,3.06
GLOBAL,PWRPETCRIXX,PETCRI,1,2043,3.06
GLOBAL,PWRPETCRIXX,PETCRI,1,2044,3.06
GLOBAL,PWRPETCRIXX,PETCRI,1,2045,3.06
GLOBAL,PWRPETCRIXX,PETCRI,1,2046,3.06
GLOBAL,PWRPETCRIXX,PETCRI,1,2047,3.06
GLOBAL,PWRPETCRIXX,PETCRI,1,2048,3.06
GLOBAL,PWRPETCRIXX,PETCRI,1,2049,3.06
GLOBAL,PWRPETCRIXX,PETCRI,1,2050,3.06
GLOBAL,PWRPETCRIXX,PETINT,2,2023,3.06
GLOBAL,PWRPETCRIXX,PETINT,2,2024,3.06
GLOBAL,PWRPETCRIXX,PETINT,2,2025,3.06
GLOBAL,PWRPETCRIXX,PETINT,2,2026,3.06
GLOBAL,PWRPETCRIXX,PETINT,2,2027,3.06
GLOBAL,PWRPETCRIXX,PETINT,2,2028,3.06
GLOBAL,PWRPETCRIXX,PETINT,2,2029,3.06
GLOBAL,PWRPETCRIXX,PETINT,2,2030,3.06
GLOBAL,PWRPETCRIXX,PETINT,2,2031,3.06
GLOBAL,PWRPETCRIXX,PETINT,2,2032,3.06
GLOBAL,PWRPETCRIXX,PETINT,2,2033,3.06
GLOBAL,PWRPETCRIXX,PETINT,2,2034,3.06
GLOBAL,PWRPETCRIXX,PETINT,2,2035,3.06
GLOBAL,PWRPETCRIXX,PETINT,2,2036,3.06
GLOBAL,PWRPETCRIXX,PETINT,2,2037,3.06
GLOBAL,PWRPETCRIXX,PETINT,2,2038,3.06
GLOBAL,PWRPETCRIXX,PETINT,2,2039,3.06
GLOBAL,PWRPETCRIXX,PETINT,2,2040,3.06
GLOBAL,PWRPETCRIXX,PETINT,2,2041,3.06
GLOBAL,PWRPETCRIXX,PETINT,2,2042,3.06
GLOBAL,PWRPETCRIXX,PETINT,2,2043,3.06
GLOBAL,PWRPETCRIXX,PETINT,2,2044,3.06
GLOBAL,PWRPETCRIXX,PETINT,2,2045,3.06
GLOBAL,PWRPETCRIXX,PETINT,2,2046,3.06
GLOBAL,PWRPETCRIXX,PETINT,2,2047,3.06
GLOBAL,PWRPETCRIXX,PETINT,2,2048,3.06
GLOBAL,PWRPETCRIXX,PETINT,2,2049,3.06
GLOBAL,PWRPETCRIXX,PETINT,2,2050,3.06
GLOBAL,PWRPETDOMXX,PETDOM,1,2023,3.06
GLOBAL,PWRPETDOMXX,PETDOM,1,2024,3.06
GLOBAL,PWRPETDOMXX,PETDOM,1,2025,3.06
GLOBAL,PWRPETDOMXX,PETDOM,1,2026,3.06
GLOBAL,PWRPETDOMXX,PETDOM,1,2027,3.06
GLOBAL,PWRPETDOMXX,PETDOM,1,2028,3.06
GLOBAL,PWRPETDOMXX,PETDOM,1,2029,3.06
GLOBAL,PWRPETDOMXX,PETDOM,1,2030,3.06
GLOBAL,PWRPETDOMXX,PETDOM,1,2031,3.06
GLOBAL,PWRPETDOMXX,PETDOM,1,2032,3.06
GLOBAL,PWRPETDOMXX,PETDOM,1,2033,3.06
GLOBAL,PWRPETDOMXX,PETDOM,1,2034,3.06
GLOBAL,PWRPETDOMXX,PETDOM,1,2035,3.06
GLOBAL,PWRPETDOMXX,PETDOM,1,2036,3.06
GLOBAL,PWRPETDOMXX,PETDOM,1,2037,3.06
GLOBAL,PWRPETDOMXX,PETDOM,1,2038,3.06
GLOBAL,PWRPETDOMXX,PETDOM,1,2039,3.06
GLOBAL,PWRPETDOMXX,PETDOM,1,2040,3.06
GLOBAL,PWRPETDOMXX,PETDOM,1,2041,3.06
GLOBAL,PWRPETDOMXX,PETDOM,1,2042,3.06
GLOBAL,PWRPETDOMXX,PETDOM,1,2043,3.06
GLOBAL,PWRPETDOMXX,PETDOM,1,2044,3.06
GLOBAL,PWRPETDOMXX,PETDOM,1,2045,3.06
GLOBAL,PWRPETDOMXX,PETDOM,1,2046,3.06
GLOBAL,PWRPETDOMXX,PETDOM,1,2047,3.06
GLOBAL,PWRPETDOMXX,PETDOM,1,2048,3.06
GLOBAL,PWRPETDOMXX,PETDOM,1,2049,3.06
GLOBAL,PWRPETDOMXX,PETDOM,1,2050,3.06
GLOBAL,PWRPETDOMXX,PETINT,2,2023,3.06
GLOBAL,PWRPETDOMXX,PETINT,2,2024,3.06
GLOBAL,PWRPETDOMXX,PETINT,2,2025,3.06
GLOBAL,PWRPETDOMXX,PETINT,2,2026,3.06
GLOBAL,PWRPETDOMXX,PETINT,2,2027,3.06
GLOBAL,PWRPETDOMXX,PETINT,2,2028,3.06
GLOBAL,PWRPETDOMXX,PETINT,2,2029,3.06
GLOBAL,PWRPETDOMXX,PETINT,2,2030,3.06
GLOBAL,PWRPETDOMXX,PETINT,2,2031,3.06
GLOBAL,PWRPETDOMXX,PETINT,2,2032,3.06
GLOBAL,PWRPETDOMXX,PETINT,2,2033,3.06
GLOBAL,PWRPETDOMXX,PETINT,2,2034,3.06
GLOBAL,PWRPETDOMXX,PETINT,2,2035,3.06
GLOBAL,PWRPETDOMXX,PETINT,2,2036,3.06
GLOBAL,PWRPETDOMXX,PETINT,2,2037,3.06
GLOBAL,PWRPETDOMXX,PETINT,2,2038,3.06
GLOBAL,PWRPETDOMXX,PETINT,2,2039,3.06
GLOBAL,PWRPETDOMXX,PETINT,2,2040,3.06
GLOBAL,PWRPETDOMXX,PETINT,2,2041,3.06
GLOBAL,PWRPETDOMXX,PETINT,2,2042,3.06
GLOBAL,PWRPETDOMXX,PETINT,2,2043,3.06
GLOBAL,PWRPETDOMXX,PETINT,2,2044,3.06
GLOBAL,PWRPETDOMXX,PETINT,2,2045,3.06
GLOBAL,PWRPETDOMXX,PETINT,2,2046,3.06
GLOBAL,PWRPETDOMXX,PETINT,2,2047,3.06
GLOBAL,PWRPETDOMXX,PETINT,2,2048,3.06
GLOBAL,PWRPETDOMXX,PETINT,2,2049,3.06
GLOBAL,PWRPETDOMXX,PETINT,2,2050,3.06
GLOBAL,PWRPETECUXX,PETECU,1,2023,3.06
GLOBAL,PWRPETECUXX,PETECU,1,2024,3.06
GLOBAL,PWRPETECUXX,PETECU,1,2025,3.06
GLOBAL,PWRPETECUXX,PETECU,1,2026,3.06
GLOBAL,PWRPETECUXX,PETECU,1,2027,3.06
GLOBAL,PWRPETECUXX,PETECU,1,2028,3.06
GLOBAL,PWRPETECUXX,PETECU,1,2029,3.06
GLOBAL,PWRPETECUXX,PETECU,1,2030,3.06
GLOBAL,PWRPETECUXX,PETECU,1,2031,3.06
GLOBAL,PWRPETECUXX,PETECU,1,2032,3.06
GLOBAL,PWRPETECUXX,PETECU,1,2033,3.06
GLOBAL,PWRPETECUXX,PETECU,1,2034,3.06
GLOBAL,PWRPETECUXX,PETECU,1,2035,3.06
GLOBAL,PWRPETECUXX,PETECU,1,2036,3.06
GLOBAL,PWRPETECUXX,PETECU,1,2037,3.06
GLOBAL,PWRPETECUXX,PETECU,1,2038,3.06
GLOBAL,PWRPETECUXX,PETECU,1,2039,3.06
GLOBAL,PWRPETECUXX,PETECU,1,2040,3.06
GLOBAL,PWRPETECUXX,PETECU,1,2041,3.06
GLOBAL,PWRPETECUXX,PETECU,1,2042,3.06
GLOBAL,PWRPETECUXX,PETECU,1,2043,3.06
GLOBAL,PWRPETECUXX,PETECU,1,2044,3.06
GLOBAL,PWRPETECUXX,PETECU,1,2045,3.06
GLOBAL,PWRPETECUXX,PETECU,1,2046,3.06
GLOBAL,PWRPETECUXX,PETECU,1,2047,3.06
GLOBAL,PWRPETECUXX,PETECU,1,2048,3.06
GLOBAL,PWRPETECUXX,PETECU,1,2049,3.06
GLOBAL,PWRPETECUXX,PETECU,1,2050,3.06
GLOBAL,PWRPETECUXX,PETINT,2,2023,3.06
GLOBAL,PWRPETECUXX,PETINT,2,2024,3.06
GLOBAL,PWRPETECUXX,PETINT,2,2025,3.06
GLOBAL,PWRPETECUXX,PETINT,2,2026,3.06
GLOBAL,PWRPETECUXX,PETINT,2,2027,3.06
GLOBAL,PWRPETECUXX,PETINT,2,2028,3.06
GLOBAL,PWRPETECUXX,PETINT,2,2029,3.06
GLOBAL,PWRPETECUXX,PETINT,2,2030,3.06
GLOBAL,PWRPETECUXX,PETINT,2,2031,3.06
GLOBAL,PWRPETECUXX,PETINT,2,2032,3.06
GLOBAL,PWRPETECUXX,PETINT,2,2033,3.06
GLOBAL,PWRPETECUXX,PETINT,2,2034,3.06
GLOBAL,PWRPETECUXX,PETINT,2,2035,3.06
GLOBAL,PWRPETECUXX,PETINT,2,2036,3.06
GLOBAL,PWRPETECUXX,PETINT,2,2037,3.06
GLOBAL,PWRPETECUXX,PETINT,2,2038,3.06
GLOBAL,PWRPETECUXX,PETINT,2,2039,3.06
GLOBAL,PWRPETECUXX,PETINT,2,2040,3.06
GLOBAL,PWRPETECUXX,PETINT,2,2041,3.06
GLOBAL,PWRPETECUXX,PETINT,2,2042,3.06
GLOBAL,PWRPETECUXX,PETINT,2,2043,3.06
GLOBAL,PWRPETECUXX,PETINT,2,2044,3.06
GLOBAL,PWRPETECUXX,PETINT,2,2045,3.06
GLOBAL,PWRPETECUXX,PETINT,2,2046,3.06
GLOBAL,PWRPETECUXX,PETINT,2,2047,3.06
GLOBAL,PWRPETECUXX,PETINT,2,2048,3.06
GLOBAL,PWRPETECUXX,PETINT,2,2049,3.06
GLOBAL,PWRPETECUXX,PETINT,2,2050,3.06
GLOBAL,PWRPETGTMXX,PETGTM,1,2023,3.06
GLOBAL,PWRPETGTMXX,PETGTM,1,2024,3.06
GLOBAL,PWRPETGTMXX,PETGTM,1,2025,3.06
GLOBAL,PWRPETGTMXX,PETGTM,1,2026,3.06
GLOBAL,PWRPETGTMXX,PETGTM,1,2027,3.06
GLOBAL,PWRPETGTMXX,PETGTM,1,2028,3.06
GLOBAL,PWRPETGTMXX,PETGTM,1,2029,3.06
GLOBAL,PWRPETGTMXX,PETGTM,1,2030,3.06
GLOBAL,PWRPETGTMXX,PETGTM,1,2031,3.06
GLOBAL,PWRPETGTMXX,PETGTM,1,2032,3.06
GLOBAL,PWRPETGTMXX,PETGTM,1,2033,3.06
GLOBAL,PWRPETGTMXX,PETGTM,1,2034,3.06
GLOBAL,PWRPETGTMXX,PETGTM,1,2035,3.06
GLOBAL,PWRPETGTMXX,PETGTM,1,2036,3.06
GLOBAL,PWRPETGTMXX,PETGTM,1,2037,3.06
GLOBAL,PWRPETGTMXX,PETGTM,1,2038,3.06
GLOBAL,PWRPETGTMXX,PETGTM,1,2039,3.06
GLOBAL,PWRPETGTMXX,PETGTM,1,2040,3.06
GLOBAL,PWRPETGTMXX,PETGTM,1,2041,3.06
GLOBAL,PWRPETGTMXX,PETGTM,1,2042,3.06
GLOBAL,PWRPETGTMXX,PETGTM,1,2043,3.06
GLOBAL,PWRPETGTMXX,PETGTM,1,2044,3.06
GLOBAL,PWRPETGTMXX,PETGTM,1,2045,3.06
GLOBAL,PWRPETGTMXX,PETGTM,1,2046,3.06
GLOBAL,PWRPETGTMXX,PETGTM,1,2047,3.06
GLOBAL,PWRPETGTMXX,PETGTM,1,2048,3.06
GLOBAL,PWRPETGTMXX,PETGTM,1,2049,3.06
GLOBAL,PWRPETGTMXX,PETGTM,1,2050,3.06
GLOBAL,PWRPETGTMXX,PETINT,2,2023,3.06
GLOBAL,PWRPETGTMXX,PETINT,2,2024,3.06
GLOBAL,PWRPETGTMXX,PETINT,2,2025,3.06
GLOBAL,PWRPETGTMXX,PETINT,2,2026,3.06
GLOBAL,PWRPETGTMXX,PETINT,2,2027,3.06
GLOBAL,PWRPETGTMXX,PETINT,2,2028,3.06
GLOBAL,PWRPETGTMXX,PETINT,2,2029,3.06
GLOBAL,PWRPETGTMXX,PETINT,2,2030,3.06
GLOBAL,PWRPETGTMXX,PETINT,2,2031,3.06
GLOBAL,PWRPETGTMXX,PETINT,2,2032,3.06
GLOBAL,PWRPETGTMXX,PETINT,2,2033,3.06
GLOBAL,PWRPETGTMXX,PETINT,2,2034,3.06
GLOBAL,PWRPETGTMXX,PETINT,2,2035,3.06
GLOBAL,PWRPETGTMXX,PETINT,2,2036,3.06
GLOBAL,PWRPETGTMXX,PETINT,2,2037,3.06
GLOBAL,PWRPETGTMXX,PETINT,2,2038,3.06
GLOBAL,PWRPETGTMXX,PETINT,2,2039,3.06
GLOBAL,PWRPETGTMXX,PETINT,2,2040,3.06
GLOBAL,PWRPETGTMXX,PETINT,2,2041,3.06
GLOBAL,PWRPETGTMXX,PETINT,2,2042,3.06
GLOBAL,PWRPETGTMXX,PETINT,2,2043,3.06
GLOBAL,PWRPETGTMXX,PETINT,2,2044,3.06
GLOBAL,PWRPETGTMXX,PETINT,2,2045,3.06
GLOBAL,PWRPETGTMXX,PETINT,2,2046,3.06
GLOBAL,PWRPETGTMXX,PETINT,2,2047,3.06
GLOBAL,PWRPETGTMXX,PETINT,2,2048,3.06
GLOBAL,PWRPETGTMXX,PETINT,2,2049,3.06
GLOBAL,PWRPETGTMXX,PETINT,2,2050,3.06
GLOBAL,PWRPETHNDXX,PETHND,1,2023,3.06
GLOBAL,PWRPETHNDXX,PETHND,1,2024,3.06
GLOBAL,PWRPETHNDXX,PETHND,1,2025,3.06
GLOBAL,PWRPETHNDXX,PETHND,1,2026,3.06
GLOBAL,PWRPETHNDXX,PETHND,1,2027,3.06
GLOBAL,PWRPETHNDXX,PETHND,1,2028,3.06
GLOBAL,PWRPETHNDXX,PETHND,1,2029,3.06
GLOBAL,PWRPETHNDXX,PETHND,1,2030,3.06
GLOBAL,PWRPETHNDXX,PETHND,1,2031,3.06
GLOBAL,PWRPETHNDXX,PETHND,1,2032,3.06
GLOBAL,PWRPETHNDXX,PETHND,1,2033,3.06
GLOBAL,PWRPETHNDXX,PETHND,1,2034,3.06
GLOBAL,PWRPETHNDXX,PETHND,1,2035,3.06
GLOBAL,PWRPETHNDXX,PETHND,1,2036,3.06
GLOBAL,PWRPETHNDXX,PETHND,1,2037,3.06
GLOBAL,PWRPETHNDXX,PETHND,1,2038,3.06
GLOBAL,PWRPETHNDXX,PETHND,1,2039,3.06
GLOBAL,PWRPETHNDXX,PETHND,1,2040,3.06
GLOBAL,PWRPETHNDXX,PETHND,1,2041,3.06
GLOBAL,PWRPETHNDXX,PETHND,1,2042,3.06
GLOBAL,PWRPETHNDXX,PETHND,1,2043,3.06
GLOBAL,PWRPETHNDXX,PETHND,1,2044,3.06
GLOBAL,PWRPETHNDXX,PETHND,1,2045,3.06
GLOBAL,PWRPETHNDXX,PETHND,1,2046,3.06
GLOBAL,PWRPETHNDXX,PETHND,1,2047,3.06
GLOBAL,PWRPETHNDXX,PETHND,1,2048,3.06
GLOBAL,PWRPETHNDXX,PETHND,1,2049,3.06
GLOBAL,PWRPETHNDXX,PETHND,1,2050,3.06
GLOBAL,PWRPETHNDXX,PETINT,2,2023,3.06
GLOBAL,PWRPETHNDXX,PETINT,2,2024,3.06
GLOBAL,PWRPETHNDXX,PETINT,2,2025,3.06
GLOBAL,PWRPETHNDXX,PETINT,2,2026,3.06
GLOBAL,PWRPETHNDXX,PETINT,2,2027,3.06
GLOBAL,PWRPETHNDXX,PETINT,2,2028,3.06
GLOBAL,PWRPETHNDXX,PETINT,2,2029,3.06
GLOBAL,PWRPETHNDXX,PETINT,2,2030,3.06
GLOBAL,PWRPETHNDXX,PETINT,2,2031,3.06
GLOBAL,PWRPETHNDXX,PETINT,2,2032,3.06
GLOBAL,PWRPETHNDXX,PETINT,2,2033,3.06
GLOBAL,PWRPETHNDXX,PETINT,2,2034,3.06
GLOBAL,PWRPETHNDXX,PETINT,2,2035,3.06
GLOBAL,PWRPETHNDXX,PETINT,2,2036,3.06
GLOBAL,PWRPETHNDXX,PETINT,2,2037,3.06
GLOBAL,PWRPETHNDXX,PETINT,2,2038,3.06
GLOBAL,PWRPETHNDXX,PETINT,2,2039,3.06
GLOBAL,PWRPETHNDXX,PETINT,2,2040,3.06
GLOBAL,PWRPETHNDXX,PETINT,2,2041,3.06
GLOBAL,PWRPETHNDXX,PETINT,2,2042,3.06
GLOBAL,PWRPETHNDXX,PETINT,2,2043,3.06
GLOBAL,PWRPETHNDXX,PETINT,2,2044,3.06
GLOBAL,PWRPETHNDXX,PETINT,2,2045,3.06
GLOBAL,PWRPETHNDXX,PETINT,2,2046,3.06
GLOBAL,PWRPETHNDXX,PETINT,2,2047,3.06
GLOBAL,PWRPETHNDXX,PETINT,2,2048,3.06
GLOBAL,PWRPETHNDXX,PETINT,2,2049,3.06
GLOBAL,PWRPETHNDXX,PETINT,2,2050,3.06
GLOBAL,PWRPETHTIXX,PETHTI,1,2023,3.06
GLOBAL,PWRPETHTIXX,PETHTI,1,2024,3.06
GLOBAL,PWRPETHTIXX,PETHTI,1,2025,3.06
GLOBAL,PWRPETHTIXX,PETHTI,1,2026,3.06
GLOBAL,PWRPETHTIXX,PETHTI,1,2027,3.06
GLOBAL,PWRPETHTIXX,PETHTI,1,2028,3.06
GLOBAL,PWRPETHTIXX,PETHTI,1,2029,3.06
GLOBAL,PWRPETHTIXX,PETHTI,1,2030,3.06
GLOBAL,PWRPETHTIXX,PETHTI,1,2031,3.06
GLOBAL,PWRPETHTIXX,PETHTI,1,2032,3.06
GLOBAL,PWRPETHTIXX,PETHTI,1,2033,3.06
GLOBAL,PWRPETHTIXX,PETHTI,1,2034,3.06
GLOBAL,PWRPETHTIXX,PETHTI,1,2035,3.06
GLOBAL,PWRPETHTIXX,PETHTI,1,2036,3.06
GLOBAL,PWRPETHTIXX,PETHTI,1,2037,3.06
GLOBAL,PWRPETHTIXX,PETHTI,1,2038,3.06
GLOBAL,PWRPETHTIXX,PETHTI,1,2039,3.06
GLOBAL,PWRPETHTIXX,PETHTI,1,2040,3.06
GLOBAL,PWRPETHTIXX,PETHTI,1,2041,3.06
GLOBAL,PWRPETHTIXX,PETHTI,1,2042,3.06
GLOBAL,PWRPETHTIXX,PETHTI,1,2043,3.06
GLOBAL,PWRPETHTIXX,PETHTI,1,2044,3.06
GLOBAL,PWRPETHTIXX,PETHTI,1,2045,3.06
GLOBAL,PWRPETHTIXX,PETHTI,1,2046,3.06
GLOBAL,PWRPETHTIXX,PETHTI,1,2047,3.06
GLOBAL,PWRPETHTIXX,PETHTI,1,2048,3.06
GLOBAL,PWRPETHTIXX,PETHTI,1,2049,3.06
GLOBAL,PWRPETHTIXX,PETHTI,1,2050,3.06
GLOBAL,PWRPETHTIXX,PETINT,2,2023,3.06
GLOBAL,PWRPETHTIXX,PETINT,2,2024,3.06
GLOBAL,PWRPETHTIXX,PETINT,2,2025,3.06
GLOBAL,PWRPETHTIXX,PETINT,2,2026,3.06
GLOBAL,PWRPETHTIXX,PETINT,2,2027,3.06
GLOBAL,PWRPETHTIXX,PETINT,2,2028,3.06
GLOBAL,PWRPETHTIXX,PETINT,2,2029,3.06
GLOBAL,PWRPETHTIXX,PETINT,2,2030,3.06
GLOBAL,PWRPETHTIXX,PETINT,2,2031,3.06
GLOBAL,PWRPETHTIXX,PETINT,2,2032,3.06
GLOBAL,PWRPETHTIXX,PETINT,2,2033,3.06
GLOBAL,PWRPETHTIXX,PETINT,2,2034,3.06
GLOBAL,PWRPETHTIXX,PETINT,2,2035,3.06
GLOBAL,PWRPETHTIXX,PETINT,2,2036,3.06
GLOBAL,PWRPETHTIXX,PETINT,2,2037,3.06
GLOBAL,PWRPETHTIXX,PETINT,2,2038,3.06
GLOBAL,PWRPETHTIXX,PETINT,2,2039,3.06
GLOBAL,PWRPETHTIXX,PETINT,2,2040,3.06
GLOBAL,PWRPETHTIXX,PETINT,2,2041,3.06
GLOBAL,PWRPETHTIXX,PETINT,2,2042,3.06
GLOBAL,PWRPETHTIXX,PETINT,2,2043,3.06
GLOBAL,PWRPETHTIXX,PETINT,2,2044,3.06
GLOBAL,PWRPETHTIXX,PETINT,2,2045,3.06
GLOBAL,PWRPETHTIXX,PETINT,2,2046,3.06
GLOBAL,PWRPETHTIXX,PETINT,2,2047,3.06
GLOBAL,PWRPETHTIXX,PETINT,2,2048,3.06
GLOBAL,PWRPETHTIXX,PETINT,2,2049,3.06
GLOBAL,PWRPETHTIXX,PETINT,2,2050,3.06
GLOBAL,PWRPETMEXXX,PETINT,2,2023,3.06
GLOBAL,PWRPETMEXXX,PETINT,2,2024,3.06
GLOBAL,PWRPETMEXXX,PETINT,2,2025,3.06
GLOBAL,PWRPETMEXXX,PETINT,2,2026,3.06
GLOBAL,PWRPETMEXXX,PETINT,2,2027,3.06
GLOBAL,PWRPETMEXXX,PETINT,2,2028,3.06
GLOBAL,PWRPETMEXXX,PETINT,2,2029,3.06
GLOBAL,PWRPETMEXXX,PETINT,2,2030,3.06
GLOBAL,PWRPETMEXXX,PETINT,2,2031,3.06
GLOBAL,PWRPETMEXXX,PETINT,2,2032,3.06
GLOBAL,PWRPETMEXXX,PETINT,2,2033,3.06
GLOBAL,PWRPETMEXXX,PETINT,2,2034,3.06
GLOBAL,PWRPETMEXXX,PETINT,2,2035,3.06
GLOBAL,PWRPETMEXXX,PETINT,2,2036,3.06
GLOBAL,PWRPETMEXXX,PETINT,2,2037,3.06
GLOBAL,PWRPETMEXXX,PETINT,2,2038,3.06
GLOBAL,PWRPETMEXXX,PETINT,2,2039,3.06
GLOBAL,PWRPETMEXXX,PETINT,2,2040,3.06
GLOBAL,PWRPETMEXXX,PETINT,2,2041,3.06
GLOBAL,PWRPETMEXXX,PETINT,2,2042,3.06
GLOBAL,PWRPETMEXXX,PETINT,2,2043,3.06
GLOBAL,PWRPETMEXXX,PETINT,2,2044,3.06
GLOBAL,PWRPETMEXXX,PETINT,2,2045,3.06
GLOBAL,PWRPETMEXXX,PETINT,2,2046,3.06
GLOBAL,PWRPETMEXXX,PETINT,2,2047,3.06
GLOBAL,PWRPETMEXXX,PETINT,2,2048,3.06
GLOBAL,PWRPETMEXXX,PETINT,2,2049,3.06
GLOBAL,PWRPETMEXXX,PETINT,2,2050,3.06
GLOBAL,PWRPETMEXXX,PETMEX,1,2023,3.06
GLOBAL,PWRPETMEXXX,PETMEX,1,2024,3.06
GLOBAL,PWRPETMEXXX,PETMEX,1,2025,3.06
GLOBAL,PWRPETMEXXX,PETMEX,1,2026,3.06
GLOBAL,PWRPETMEXXX,PETMEX,1,2027,3.06
GLOBAL,PWRPETMEXXX,PETMEX,1,2028,3.06
GLOBAL,PWRPETMEXXX,PETMEX,1,2029,3.06
GLOBAL,PWRPETMEXXX,PETMEX,1,2030,3.06
GLOBAL,PWRPETMEXXX,PETMEX,1,2031,3.06
GLOBAL,PWRPETMEXXX,PETMEX,1,2032,3.06
GLOBAL,PWRPETMEXXX,PETMEX,1,2033,3.06
GLOBAL,PWRPETMEXXX,PETMEX,1,2034,3.06
GLOBAL,PWRPETMEXXX,PETMEX,1,2035,3.06
GLOBAL,PWRPETMEXXX,PETMEX,1,2036,3.06
GLOBAL,PWRPETMEXXX,PETMEX,1,2037,3.06
GLOBAL,PWRPETMEXXX,PETMEX,1,2038,3.06
GLOBAL,PWRPETMEXXX,PETMEX,1,2039,3.06
GLOBAL,PWRPETMEXXX,PETMEX,1,2040,3.06
GLOBAL,PWRPETMEXXX,PETMEX,1,2041,3.06
GLOBAL,PWRPETMEXXX,PETMEX,1,2042,3.06
GLOBAL,PWRPETMEXXX,PETMEX,1,2043,3.06
GLOBAL,PWRPETMEXXX,PETMEX,1,2044,3.06
GLOBAL,PWRPETMEXXX,PETMEX,1,2045,3.06
GLOBAL,PWRPETMEXXX,PETMEX,1,2046,3.06
GLOBAL,PWRPETMEXXX,PETMEX,1,2047,3.06
GLOBAL,PWRPETMEXXX,PETMEX,1,2048,3.06
GLOBAL,PWRPETMEXXX,PETMEX,1,2049,3.06
GLOBAL,PWRPETMEXXX,PETMEX,1,2050,3.06
GLOBAL,PWRPETNICXX,PETINT,2,2023,3.06
GLOBAL,PWRPETNICXX,PETINT,2,2024,3.06
GLOBAL,PWRPETNICXX,PETINT,2,2025,3.06
GLOBAL,PWRPETNICXX,PETINT,2,2026,3.06
GLOBAL,PWRPETNICXX,PETINT,2,2027,3.06
GLOBAL,PWRPETNICXX,PETINT,2,2028,3.06
GLOBAL,PWRPETNICXX,PETINT,2,2029,3.06
GLOBAL,PWRPETNICXX,PETINT,2,2030,3.06
GLOBAL,PWRPETNICXX,PETINT,2,2031,3.06
GLOBAL,PWRPETNICXX,PETINT,2,2032,3.06
GLOBAL,PWRPETNICXX,PETINT,2,2033,3.06
GLOBAL,PWRPETNICXX,PETINT,2,2034,3.06
GLOBAL,PWRPETNICXX,PETINT,2,2035,3.06
GLOBAL,PWRPETNICXX,PETINT,2,2036,3.06
GLOBAL,PWRPETNICXX,PETINT,2,2037,3.06
GLOBAL,PWRPETNICXX,PETINT,2,2038,3.06
GLOBAL,PWRPETNICXX,PETINT,2,2039,3.06
GLOBAL,PWRPETNICXX,PETINT,2,2040,3.06
GLOBAL,PWRPETNICXX,PETINT,2,2041,3.06
GLOBAL,PWRPETNICXX,PETINT,2,2042,3.06
GLOBAL,PWRPETNICXX,PETINT,2,2043,3.06
GLOBAL,PWRPETNICXX,PETINT,2,2044,3.06
GLOBAL,PWRPETNICXX,PETINT,2,2045,3.06
GLOBAL,PWRPETNICXX,PETINT,2,2046,3.06
GLOBAL,PWRPETNICXX,PETINT,2,2047,3.06
GLOBAL,PWRPETNICXX,PETINT,2,2048,3.06
GLOBAL,PWRPETNICXX,PETINT,2,2049,3.06
GLOBAL,PWRPETNICXX,PETINT,2,2050,3.06
GLOBAL,PWRPETNICXX,PETNIC,1,2023,3.06
GLOBAL,PWRPETNICXX,PETNIC,1,2024,3.06
GLOBAL,PWRPETNICXX,PETNIC,1,2025,3.06
GLOBAL,PWRPETNICXX,PETNIC,1,2026,3.06
GLOBAL,PWRPETNICXX,PETNIC,1,2027,3.06
GLOBAL,PWRPETNICXX,PETNIC,1,2028,3.06
GLOBAL,PWRPETNICXX,PETNIC,1,2029,3.06
GLOBAL,PWRPETNICXX,PETNIC,1,2030,3.06
GLOBAL,PWRPETNICXX,PETNIC,1,2031,3.06
GLOBAL,PWRPETNICXX,PETNIC,1,2032,3.06
GLOBAL,PWRPETNICXX,PETNIC,1,2033,3.06
GLOBAL,PWRPETNICXX,PETNIC,1,2034,3.06
GLOBAL,PWRPETNICXX,PETNIC,1,2035,3.06
GLOBAL,PWRPETNICXX,PETNIC,1,2036,3.06
GLOBAL,PWRPETNICXX,PETNIC,1,2037,3.06
GLOBAL,PWRPETNICXX,PETNIC,1,2038,3.06
GLOBAL,PWRPETNICXX,PETNIC,1,2039,3.06
GLOBAL,PWRPETNICXX,PETNIC,1,2040,3.06
GLOBAL,PWRPETNICXX,PETNIC,1,2041,3.06
GLOBAL,PWRPETNICXX,PETNIC,1,2042,3.06
GLOBAL,PWRPETNICXX,PETNIC,1,2043,3.06
GLOBAL,PWRPETNICXX,PETNIC,1,2044,3.06
GLOBAL,PWRPETNICXX,PETNIC,1,2045,3.06
GLOBAL,PWRPETNICXX,PETNIC,1,2046,3.06
GLOBAL,PWRPETNICXX,PETNIC,1,2047,3.06
GLOBAL,PWRPETNICXX,PETNIC,1,2048,3.06
GLOBAL,PWRPETNICXX,PETNIC,1,2049,3.06
GLOBAL,PWRPETNICXX,PETNIC,1,2050,3.06
GLOBAL,PWRPETPANXX,PETINT,2,2023,3.06
GLOBAL,PWRPETPANXX,PETINT,2,2024,3.06
GLOBAL,PWRPETPANXX,PETINT,2,2025,3.06
GLOBAL,PWRPETPANXX,PETINT,2,2026,3.06
GLOBAL,PWRPETPANXX,PETINT,2,2027,3.06
GLOBAL,PWRPETPANXX,PETINT,2,2028,3.06
GLOBAL,PWRPETPANXX,PETINT,2,2029,3.06
GLOBAL,PWRPETPANXX,PETINT,2,2030,3.06
GLOBAL,PWRPETPANXX,PETINT,2,2031,3.06
GLOBAL,PWRPETPANXX,PETINT,2,2032,3.06
GLOBAL,PWRPETPANXX,PETINT,2,2033,3.06
GLOBAL,PWRPETPANXX,PETINT,2,2034,3.06
GLOBAL,PWRPETPANXX,PETINT,2,2035,3.06
GLOBAL,PWRPETPANXX,PETINT,2,2036,3.06
GLOBAL,PWRPETPANXX,PETINT,2,2037,3.06
GLOBAL,PWRPETPANXX,PETINT,2,2038,3.06
GLOBAL,PWRPETPANXX,PETINT,2,2039,3.06
GLOBAL,PWRPETPANXX,PETINT,2,2040,3.06
GLOBAL,PWRPETPANXX,PETINT,2,2041,3.06
GLOBAL,PWRPETPANXX,PETINT,2,2042,3.06
GLOBAL,PWRPETPANXX,PETINT,2,2043,3.06
GLOBAL,PWRPETPANXX,PETINT,2,2044,3.06
GLOBAL,PWRPETPANXX,PETINT,2,2045,3.06
GLOBAL,PWRPETPANXX,PETINT,2,2046,3.06
GLOBAL,PWRPETPANXX,PETINT,2,2047,3.06
GLOBAL,PWRPETPANXX,PETINT,2,2048,3.06
GLOBAL,PWRPETPANXX,PETINT,2,2049,3.06
GLOBAL,PWRPETPANXX,PETINT,2,2050,3.06
GLOBAL,PWRPETPANXX,PETPAN,1,2023,3.06
GLOBAL,PWRPETPANXX,PETPAN,1,2024,3.06
GLOBAL,PWRPETPANXX,PETPAN,1,2025,3.06
GLOBAL,PWRPETPANXX,PETPAN,1,2026,3.06
GLOBAL,PWRPETPANXX,PETPAN,1,2027,3.06
GLOBAL,PWRPETPANXX,PETPAN,1,2028,3.06
GLOBAL,PWRPETPANXX,PETPAN,1,2029,3.06
GLOBAL,PWRPETPANXX,PETPAN,1,2030,3.06
GLOBAL,PWRPETPANXX,PETPAN,1,2031,3.06
GLOBAL,PWRPETPANXX,PETPAN,1,2032,3.06
GLOBAL,PWRPETPANXX,PETPAN,1,2033,3.06
GLOBAL,PWRPETPANXX,PETPAN,1,2034,3.06
GLOBAL,PWRPETPANXX,PETPAN,1,2035,3.06
GLOBAL,PWRPETPANXX,PETPAN,1,2036,3.06
GLOBAL,PWRPETPANXX,PETPAN,1,2037,3.06
GLOBAL,PWRPETPANXX,PETPAN,1,2038,3.06
GLOBAL,PWRPETPANXX,PETPAN,1,2039,3.06
GLOBAL,PWRPETPANXX,PETPAN,1,2040,3.06
GLOBAL,PWRPETPANXX,PETPAN,1,2041,3.06
GLOBAL,PWRPETPANXX,PETPAN,1,2042,3.06
GLOBAL,PWRPETPANXX,PETPAN,1,2043,3.06
GLOBAL,PWRPETPANXX,PETPAN,1,2044,3.06
GLOBAL,PWRPETPANXX,PETPAN,1,2045,3.06
GLOBAL,PWRPETPANXX,PETPAN,1,2046,3.06
GLOBAL,PWRPETPANXX,PETPAN,1,2047,3.06
GLOBAL,PWRPETPANXX,PETPAN,1,2048,3.06
GLOBAL,PWRPETPANXX,PETPAN,1,2049,3.06
GLOBAL,PWRPETPANXX,PETPAN,1,2050,3.06
GLOBAL,PWRPETPERXX,PETINT,2,2023,3.06
GLOBAL,PWRPETPERXX,PETINT,2,2024,3.06
GLOBAL,PWRPETPERXX,PETINT,2,2025,3.06
GLOBAL,PWRPETPERXX,PETINT,2,2026,3.06
GLOBAL,PWRPETPERXX,PETINT,2,2027,3.06
GLOBAL,PWRPETPERXX,PETINT,2,2028,3.06
GLOBAL,PWRPETPERXX,PETINT,2,2029,3.06
GLOBAL,PWRPETPERXX,PETINT,2,2030,3.06
GLOBAL,PWRPETPERXX,PETINT,2,2031,3.06
GLOBAL,PWRPETPERXX,PETINT,2,2032,3.06
GLOBAL,PWRPETPERXX,PETINT,2,2033,3.06
GLOBAL,PWRPETPERXX,PETINT,2,2034,3.06
GLOBAL,PWRPETPERXX,PETINT,2,2035,3.06
GLOBAL,PWRPETPERXX,PETINT,2,2036,3.06
GLOBAL,PWRPETPERXX,PETINT,2,2037,3.06
GLOBAL,PWRPETPERXX,PETINT,2,2038,3.06
GLOBAL,PWRPETPERXX,PETINT,2,2039,3.06
GLOBAL,PWRPETPERXX,PETINT,2,2040,3.06
GLOBAL,PWRPETPERXX,PETINT,2,2041,3.06
GLOBAL,PWRPETPERXX,PETINT,2,2042,3.06
GLOBAL,PWRPETPERXX,PETINT,2,2043,3.06
GLOBAL,PWRPETPERXX,PETINT,2,2044,3.06
GLOBAL,PWRPETPERXX,PETINT,2,2045,3.06
GLOBAL,PWRPETPERXX,PETINT,2,2046,3.06
GLOBAL,PWRPETPERXX,PETINT,2,2047,3.06
GLOBAL,PWRPETPERXX,PETINT,2,2048,3.06
GLOBAL,PWRPETPERXX,PETINT,2,2049,3.06
GLOBAL,PWRPETPERXX,PETINT,2,2050,3.06
GLOBAL,PWRPETPERXX,PETPER,1,2023,3.06
GLOBAL,PWRPETPERXX,PETPER,1,2024,3.06
GLOBAL,PWRPETPERXX,PETPER,1,2025,3.06
GLOBAL,PWRPETPERXX,PETPER,1,2026,3.06
GLOBAL,PWRPETPERXX,PETPER,1,2027,3.06
GLOBAL,PWRPETPERXX,PETPER,1,2028,3.06
GLOBAL,PWRPETPERXX,PETPER,1,2029,3.06
GLOBAL,PWRPETPERXX,PETPER,1,2030,3.06
GLOBAL,PWRPETPERXX,PETPER,1,2031,3.06
GLOBAL,PWRPETPERXX,PETPER,1,2032,3.06
GLOBAL,PWRPETPERXX,PETPER,1,2033,3.06
GLOBAL,PWRPETPERXX,PETPER,1,2034,3.06
GLOBAL,PWRPETPERXX,PETPER,1,2035,3.06
GLOBAL,PWRPETPERXX,PETPER,1,2036,3.06
GLOBAL,PWRPETPERXX,PETPER,1,2037,3.06
GLOBAL,PWRPETPERXX,PETPER,1,2038,3.06
GLOBAL,PWRPETPERXX,PETPER,1,2039,3.06
GLOBAL,PWRPETPERXX,PETPER,1,2040,3.06
GLOBAL,PWRPETPERXX,PETPER,1,2041,3.06
GLOBAL,PWRPETPERXX,PETPER,1,2042,3.06
GLOBAL,PWRPETPERXX,PETPER,1,2043,3.06
GLOBAL,PWRPETPERXX,PETPER,1,2044,3.06
GLOBAL,PWRPETPERXX,PETPER,1,2045,3.06
GLOBAL,PWRPETPERXX,PETPER,1,2046,3.06
GLOBAL,PWRPETPERXX,PETPER,1,2047,3.06
GLOBAL,PWRPETPERXX,PETPER,1,2048,3.06
GLOBAL,PWRPETPERXX,PETPER,1,2049,3.06
GLOBAL,PWRPETPERXX,PETPER,1,2050,3.06
GLOBAL,PWRPETPRYXX,PETINT,2,2023,3.06
GLOBAL,PWRPETPRYXX,PETINT,2,2024,3.06
GLOBAL,PWRPETPRYXX,PETINT,2,2025,3.06
GLOBAL,PWRPETPRYXX,PETINT,2,2026,3.06
GLOBAL,PWRPETPRYXX,PETINT,2,2027,3.06
GLOBAL,PWRPETPRYXX,PETINT,2,2028,3.06
GLOBAL,PWRPETPRYXX,PETINT,2,2029,3.06
GLOBAL,PWRPETPRYXX,PETINT,2,2030,3.06
GLOBAL,PWRPETPRYXX,PETINT,2,2031,3.06
GLOBAL,PWRPETPRYXX,PETINT,2,2032,3.06
GLOBAL,PWRPETPRYXX,PETINT,2,2033,3.06
GLOBAL,PWRPETPRYXX,PETINT,2,2034,3.06
GLOBAL,PWRPETPRYXX,PETINT,2,2035,3.06
GLOBAL,PWRPETPRYXX,PETINT,2,2036,3.06
GLOBAL,PWRPETPRYXX,PETINT,2,2037,3.06
GLOBAL,PWRPETPRYXX,PETINT,2,2038,3.06
GLOBAL,PWRPETPRYXX,PETINT,2,2039,3.06
GLOBAL,PWRPETPRYXX,PETINT,2,2040,3.06
GLOBAL,PWRPETPRYXX,PETINT,2,2041,3.06
GLOBAL,PWRPETPRYXX,PETINT,2,2042,3.06
GLOBAL,PWRPETPRYXX,PETINT,2,2043,3.06
GLOBAL,PWRPETPRYXX,PETINT,2,2044,3.06
GLOBAL,PWRPETPRYXX,PETINT,2,2045,3.06
GLOBAL,PWRPETPRYXX,PETINT,2,2046,3.06
GLOBAL,PWRPETPRYXX,PETINT,2,2047,3.06
GLOBAL,PWRPETPRYXX,PETINT,2,2048,3.06
GLOBAL,PWRPETPRYXX,PETINT,2,2049,3.06
GLOBAL,PWRPETPRYXX,PETINT,2,2050,3.06
GLOBAL,PWRPETPRYXX,PETPRY,1,2023,3.06
GLOBAL,PWRPETPRYXX,PETPRY,1,2024,3.06
GLOBAL,PWRPETPRYXX,PETPRY,1,2025,3.06
GLOBAL,PWRPETPRYXX,PETPRY,1,2026,3.06
GLOBAL,PWRPETPRYXX,PETPRY,1,2027,3.06
GLOBAL,PWRPETPRYXX,PETPRY,1,2028,3.06
GLOBAL,PWRPETPRYXX,PETPRY,1,2029,3.06
GLOBAL,PWRPETPRYXX,PETPRY,1,2030,3.06
GLOBAL,PWRPETPRYXX,PETPRY,1,2031,3.06
GLOBAL,PWRPETPRYXX,PETPRY,1,2032,3.06
GLOBAL,PWRPETPRYXX,PETPRY,1,2033,3.06
GLOBAL,PWRPETPRYXX,PETPRY,1,2034,3.06
GLOBAL,PWRPETPRYXX,PETPRY,1,2035,3.06
GLOBAL,PWRPETPRYXX,PETPRY,1,2036,3.06
GLOBAL,PWRPETPRYXX,PETPRY,1,2037,3.06
GLOBAL,PWRPETPRYXX,PETPRY,1,2038,3.06
GLOBAL,PWRPETPRYXX,PETPRY,1,2039,3.06
GLOBAL,PWRPETPRYXX,PETPRY,1,2040,3.06
GLOBAL,PWRPETPRYXX,PETPRY,1,2041,3.06
GLOBAL,PWRPETPRYXX,PETPRY,1,2042,3.06
GLOBAL,PWRPETPRYXX,PETPRY,1,2043,3.06
GLOBAL,PWRPETPRYXX,PETPRY,1,2044,3.06
GLOBAL,PWRPETPRYXX,PETPRY,1,2045,3.06
GLOBAL,PWRPETPRYXX,PETPRY,1,2046,3.06
GLOBAL,PWRPETPRYXX,PETPRY,1,2047,3.06
GLOBAL,PWRPETPRYXX,PETPRY,1,2048,3.06
GLOBAL,PWRPETPRYXX,PETPRY,1,2049,3.06
GLOBAL,PWRPETPRYXX,PETPRY,1,2050,3.06
GLOBAL,PWRPETSLVXX,PETINT,2,2023,3.06
GLOBAL,PWRPETSLVXX,PETINT,2,2024,3.06
GLOBAL,PWRPETSLVXX,PETINT,2,2025,3.06
GLOBAL,PWRPETSLVXX,PETINT,2,2026,3.06
GLOBAL,PWRPETSLVXX,PETINT,2,2027,3.06
GLOBAL,PWRPETSLVXX,PETINT,2,2028,3.06
GLOBAL,PWRPETSLVXX,PETINT,2,2029,3.06
GLOBAL,PWRPETSLVXX,PETINT,2,2030,3.06
GLOBAL,PWRPETSLVXX,PETINT,2,2031,3.06
GLOBAL,PWRPETSLVXX,PETINT,2,2032,3.06
GLOBAL,PWRPETSLVXX,PETINT,2,2033,3.06
GLOBAL,PWRPETSLVXX,PETINT,2,2034,3.06
GLOBAL,PWRPETSLVXX,PETINT,2,2035,3.06
GLOBAL,PWRPETSLVXX,PETINT,2,2036,3.06
GLOBAL,PWRPETSLVXX,PETINT,2,2037,3.06
GLOBAL,PWRPETSLVXX,PETINT,2,2038,3.06
GLOBAL,PWRPETSLVXX,PETINT,2,2039,3.06
GLOBAL,PWRPETSLVXX,PETINT,2,2040,3.06
GLOBAL,PWRPETSLVXX,PETINT,2,2041,3.06
GLOBAL,PWRPETSLVXX,PETINT,2,2042,3.06
GLOBAL,PWRPETSLVXX,PETINT,2,2043,3.06
GLOBAL,PWRPETSLVXX,PETINT,2,2044,3.06
GLOBAL,PWRPETSLVXX,PETINT,2,2045,3.06
GLOBAL,PWRPETSLVXX,PETINT,2,2046,3.06
GLOBAL,PWRPETSLVXX,PETINT,2,2047,3.06
GLOBAL,PWRPETSLVXX,PETINT,2,2048,3.06
GLOBAL,PWRPETSLVXX,PETINT,2,2049,3.06
GLOBAL,PWRPETSLVXX,PETINT,2,2050,3.06
GLOBAL,PWRPETSLVXX,PETSLV,1,2023,3.06
GLOBAL,PWRPETSLVXX,PETSLV,1,2024,3.06
GLOBAL,PWRPETSLVXX,PETSLV,1,2025,3.06
GLOBAL,PWRPETSLVXX,PETSLV,1,2026,3.06
GLOBAL,PWRPETSLVXX,PETSLV,1,2027,3.06
GLOBAL,PWRPETSLVXX,PETSLV,1,2028,3.06
GLOBAL,PWRPETSLVXX,PETSLV,1,2029,3.06
GLOBAL,PWRPETSLVXX,PETSLV,1,2030,3.06
GLOBAL,PWRPETSLVXX,PETSLV,1,2031,3.06
GLOBAL,PWRPETSLVXX,PETSLV,1,2032,3.06
GLOBAL,PWRPETSLVXX,PETSLV,1,2033,3.06
GLOBAL,PWRPETSLVXX,PETSLV,1,2034,3.06
GLOBAL,PWRPETSLVXX,PETSLV,1,2035,3.06
GLOBAL,PWRPETSLVXX,PETSLV,1,2036,3.06
GLOBAL,PWRPETSLVXX,PETSLV,1,2037,3.06
GLOBAL,PWRPETSLVXX,PETSLV,1,2038,3.06
GLOBAL,PWRPETSLVXX,PETSLV,1,2039,3.06
GLOBAL,PWRPETSLVXX,PETSLV,1,2040,3.06
GLOBAL,PWRPETSLVXX,PETSLV,1,2041,3.06
GLOBAL,PWRPETSLVXX,PETSLV,1,2042,3.06
GLOBAL,PWRPETSLVXX,PETSLV,1,2043,3.06
GLOBAL,PWRPETSLVXX,PETSLV,1,2044,3.06
GLOBAL,PWRPETSLVXX,PETSLV,1,2045,3.06
GLOBAL,PWRPETSLVXX,PETSLV,1,2046,3.06
GLOBAL,PWRPETSLVXX,PETSLV,1,2047,3.06
GLOBAL,PWRPETSLVXX,PETSLV,1,2048,3.06
GLOBAL,PWRPETSLVXX,PETSLV,1,2049,3.06
GLOBAL,PWRPETSLVXX,PETSLV,1,2050,3.06
GLOBAL,PWRPETURYXX,PETINT,2,2023,3.06
GLOBAL,PWRPETURYXX,PETINT,2,2024,3.06
GLOBAL,PWRPETURYXX,PETINT,2,2025,3.06
GLOBAL,PWRPETURYXX,PETINT,2,2026,3.06
GLOBAL,PWRPETURYXX,PETINT,2,2027,3.06
GLOBAL,PWRPETURYXX,PETINT,2,2028,3.06
GLOBAL,PWRPETURYXX,PETINT,2,2029,3.06
GLOBAL,PWRPETURYXX,PETINT,2,2030,3.06
GLOBAL,PWRPETURYXX,PETINT,2,2031,3.06
GLOBAL,PWRPETURYXX,PETINT,2,2032,3.06
GLOBAL,PWRPETURYXX,PETINT,2,2033,3.06
GLOBAL,PWRPETURYXX,PETINT,2,2034,3.06
GLOBAL,PWRPETURYXX,PETINT,2,2035,3.06
GLOBAL,PWRPETURYXX,PETINT,2,2036,3.06
GLOBAL,PWRPETURYXX,PETINT,2,2037,3.06
GLOBAL,PWRPETURYXX,PETINT,2,2038,3.06
GLOBAL,PWRPETURYXX,PETINT,2,2039,3.06
GLOBAL,PWRPETURYXX,PETINT,2,2040,3.06
GLOBAL,PWRPETURYXX,PETINT,2,2041,3.06
GLOBAL,PWRPETURYXX,PETINT,2,2042,3.06
GLOBAL,PWRPETURYXX,PETINT,2,2043,3.06
GLOBAL,PWRPETURYXX,PETINT,2,2044,3.06
GLOBAL,PWRPETURYXX,PETINT,2,2045,3.06
GLOBAL,PWRPETURYXX,PETINT,2,2046,3.06
GLOBAL,PWRPETURYXX,PETINT,2,2047,3.06
GLOBAL,PWRPETURYXX,PETINT,2,2048,3.06
GLOBAL,PWRPETURYXX,PETINT,2,2049,3.06
GLOBAL,PWRPETURYXX,PETINT,2,2050,3.06
GLOBAL,PWRPETURYXX,PETURY,1,2023,3.06
GLOBAL,PWRPETURYXX,PETURY,1,2024,3.06
GLOBAL,PWRPETURYXX,PETURY,1,2025,3.06
GLOBAL,PWRPETURYXX,PETURY,1,2026,3.06
GLOBAL,PWRPETURYXX,PETURY,1,2027,3.06
GLOBAL,PWRPETURYXX,PETURY,1,2028,3.06
GLOBAL,PWRPETURYXX,PETURY,1,2029,3.06
GLOBAL,PWRPETURYXX,PETURY,1,2030,3.06
GLOBAL,PWRPETURYXX,PETURY,1,2031,3.06
GLOBAL,PWRPETURYXX,PETURY,1,2032,3.06
GLOBAL,PWRPETURYXX,PETURY,1,2033,3.06
GLOBAL,PWRPETURYXX,PETURY,1,2034,3.06
GLOBAL,PWRPETURYXX,PETURY,1,2035,3.06
GLOBAL,PWRPETURYXX,PETURY,1,2036,3.06
GLOBAL,PWRPETURYXX,PETURY,1,2037,3.06
GLOBAL,PWRPETURYXX,PETURY,1,2038,3.06
GLOBAL,PWRPETURYXX,PETURY,1,2039,3.06
GLOBAL,PWRPETURYXX,PETURY,1,2040,3.06
GLOBAL,PWRPETURYXX,PETURY,1,2041,3.06
GLOBAL,PWRPETURYXX,PETURY,1,2042,3.06
GLOBAL,PWRPETURYXX,PETURY,1,2043,3.06
GLOBAL,PWRPETURYXX,PETURY,1,2044,3.06
GLOBAL,PWRPETURYXX,PETURY,1,2045,3.06
GLOBAL,PWRPETURYXX,PETURY,1,2046,3.06
GLOBAL,PWRPETURYXX,PETURY,1,2047,3.06
GLOBAL,PWRPETURYXX,PETURY,1,2048,3.06
GLOBAL,PWRPETURYXX,PETURY,1,2049,3.06
GLOBAL,PWRPETURYXX,PETURY,1,2050,3.06
GLOBAL,PWRSDSARGXX,ELCARGXX01,1,2023,1.0
GLOBAL,PWRSDSARGXX,ELCARGXX01,1,2024,1.0
GLOBAL,PWRSDSARGXX,ELCARGXX01,1,2025,1.0
GLOBAL,PWRSDSARGXX,ELCARGXX01,1,2026,1.0
GLOBAL,PWRSDSARGXX,ELCARGXX01,1,2027,1.0
GLOBAL,PWRSDSARGXX,ELCARGXX01,1,2028,1.0
GLOBAL,PWRSDSARGXX,ELCARGXX01,1,2029,1.0
GLOBAL,PWRSDSARGXX,ELCARGXX01,1,2030,1.0
GLOBAL,PWRSDSARGXX,ELCARGXX01,1,2031,1.0
GLOBAL,PWRSDSARGXX,ELCARGXX01,1,2032,1.0
GLOBAL,PWRSDSARGXX,ELCARGXX01,1,2033,1.0
GLOBAL,PWRSDSARGXX,ELCARGXX01,1,2034,1.0
GLOBAL,PWRSDSARGXX,ELCARGXX01,1,2035,1.0
GLOBAL,PWRSDSARGXX,ELCARGXX01,1,2036,1.0
GLOBAL,PWRSDSARGXX,ELCARGXX01,1,2037,1.0
GLOBAL,PWRSDSARGXX,ELCARGXX01,1,2038,1.0
GLOBAL,PWRSDSARGXX,ELCARGXX01,1,2039,1.0
GLOBAL,PWRSDSARGXX,ELCARGXX01,1,2040,1.0
GLOBAL,PWRSDSARGXX,ELCARGXX01,1,2041,1.0
GLOBAL,PWRSDSARGXX,ELCARGXX01,1,2042,1.0
GLOBAL,PWRSDSARGXX,ELCARGXX01,1,2043,1.0
GLOBAL,PWRSDSARGXX,ELCARGXX01,1,2044,1.0
GLOBAL,PWRSDSARGXX,ELCARGXX01,1,2045,1.0
GLOBAL,PWRSDSARGXX,ELCARGXX01,1,2046,1.0
GLOBAL,PWRSDSARGXX,ELCARGXX01,1,2047,1.0
GLOBAL,PWRSDSARGXX,ELCARGXX01,1,2048,1.0
GLOBAL,PWRSDSARGXX,ELCARGXX01,1,2049,1.0
GLOBAL,PWRSDSARGXX,ELCARGXX01,1,2050,1.0
GLOBAL,PWRSDSBOLXX,ELCBOLXX01,1,2023,1.0
GLOBAL,PWRSDSBOLXX,ELCBOLXX01,1,2024,1.0
GLOBAL,PWRSDSBOLXX,ELCBOLXX01,1,2025,1.0
GLOBAL,PWRSDSBOLXX,ELCBOLXX01,1,2026,1.0
GLOBAL,PWRSDSBOLXX,ELCBOLXX01,1,2027,1.0
GLOBAL,PWRSDSBOLXX,ELCBOLXX01,1,2028,1.0
GLOBAL,PWRSDSBOLXX,ELCBOLXX01,1,2029,1.0
GLOBAL,PWRSDSBOLXX,ELCBOLXX01,1,2030,1.0
GLOBAL,PWRSDSBOLXX,ELCBOLXX01,1,2031,1.0
GLOBAL,PWRSDSBOLXX,ELCBOLXX01,1,2032,1.0
GLOBAL,PWRSDSBOLXX,ELCBOLXX01,1,2033,1.0
GLOBAL,PWRSDSBOLXX,ELCBOLXX01,1,2034,1.0
GLOBAL,PWRSDSBOLXX,ELCBOLXX01,1,2035,1.0
GLOBAL,PWRSDSBOLXX,ELCBOLXX01,1,2036,1.0
GLOBAL,PWRSDSBOLXX,ELCBOLXX01,1,2037,1.0
GLOBAL,PWRSDSBOLXX,ELCBOLXX01,1,2038,1.0
GLOBAL,PWRSDSBOLXX,ELCBOLXX01,1,2039,1.0
GLOBAL,PWRSDSBOLXX,ELCBOLXX01,1,2040,1.0
GLOBAL,PWRSDSBOLXX,ELCBOLXX01,1,2041,1.0
GLOBAL,PWRSDSBOLXX,ELCBOLXX01,1,2042,1.0
GLOBAL,PWRSDSBOLXX,ELCBOLXX01,1,2043,1.0
GLOBAL,PWRSDSBOLXX,ELCBOLXX01,1,2044,1.0
GLOBAL,PWRSDSBOLXX,ELCBOLXX01,1,2045,1.0
GLOBAL,PWRSDSBOLXX,ELCBOLXX01,1,2046,1.0
GLOBAL,PWRSDSBOLXX,ELCBOLXX01,1,2047,1.0
GLOBAL,PWRSDSBOLXX,ELCBOLXX01,1,2048,1.0
GLOBAL,PWRSDSBOLXX,ELCBOLXX01,1,2049,1.0
GLOBAL,PWRSDSBOLXX,ELCBOLXX01,1,2050,1.0
GLOBAL,PWRSDSBRAXX,ELCBRAXX01,1,2023,1.0
GLOBAL,PWRSDSBRAXX,ELCBRAXX01,1,2024,1.0
GLOBAL,PWRSDSBRAXX,ELCBRAXX01,1,2025,1.0
GLOBAL,PWRSDSBRAXX,ELCBRAXX01,1,2026,1.0
GLOBAL,PWRSDSBRAXX,ELCBRAXX01,1,2027,1.0
GLOBAL,PWRSDSBRAXX,ELCBRAXX01,1,2028,1.0
GLOBAL,PWRSDSBRAXX,ELCBRAXX01,1,2029,1.0
GLOBAL,PWRSDSBRAXX,ELCBRAXX01,1,2030,1.0
GLOBAL,PWRSDSBRAXX,ELCBRAXX01,1,2031,1.0
GLOBAL,PWRSDSBRAXX,ELCBRAXX01,1,2032,1.0
GLOBAL,PWRSDSBRAXX,ELCBRAXX01,1,2033,1.0
GLOBAL,PWRSDSBRAXX,ELCBRAXX01,1,2034,1.0
GLOBAL,PWRSDSBRAXX,ELCBRAXX01,1,2035,1.0
GLOBAL,PWRSDSBRAXX,ELCBRAXX01,1,2036,1.0
GLOBAL,PWRSDSBRAXX,ELCBRAXX01,1,2037,1.0
GLOBAL,PWRSDSBRAXX,ELCBRAXX01,1,2038,1.0
GLOBAL,PWRSDSBRAXX,ELCBRAXX01,1,2039,1.0
GLOBAL,PWRSDSBRAXX,ELCBRAXX01,1,2040,1.0
GLOBAL,PWRSDSBRAXX,ELCBRAXX01,1,2041,1.0
GLOBAL,PWRSDSBRAXX,ELCBRAXX01,1,2042,1.0
GLOBAL,PWRSDSBRAXX,ELCBRAXX01,1,2043,1.0
GLOBAL,PWRSDSBRAXX,ELCBRAXX01,1,2044,1.0
GLOBAL,PWRSDSBRAXX,ELCBRAXX01,1,2045,1.0
GLOBAL,PWRSDSBRAXX,ELCBRAXX01,1,2046,1.0
GLOBAL,PWRSDSBRAXX,ELCBRAXX01,1,2047,1.0
GLOBAL,PWRSDSBRAXX,ELCBRAXX01,1,2048,1.0
GLOBAL,PWRSDSBRAXX,ELCBRAXX01,1,2049,1.0
GLOBAL,PWRSDSBRAXX,ELCBRAXX01,1,2050,1.0
GLOBAL,PWRSDSBRBXX,ELCBRBXX01,1,2023,1.0
GLOBAL,PWRSDSBRBXX,ELCBRBXX01,1,2024,1.0
GLOBAL,PWRSDSBRBXX,ELCBRBXX01,1,2025,1.0
GLOBAL,PWRSDSBRBXX,ELCBRBXX01,1,2026,1.0
GLOBAL,PWRSDSBRBXX,ELCBRBXX01,1,2027,1.0
GLOBAL,PWRSDSBRBXX,ELCBRBXX01,1,2028,1.0
GLOBAL,PWRSDSBRBXX,ELCBRBXX01,1,2029,1.0
GLOBAL,PWRSDSBRBXX,ELCBRBXX01,1,2030,1.0
GLOBAL,PWRSDSBRBXX,ELCBRBXX01,1,2031,1.0
GLOBAL,PWRSDSBRBXX,ELCBRBXX01,1,2032,1.0
GLOBAL,PWRSDSBRBXX,ELCBRBXX01,1,2033,1.0
GLOBAL,PWRSDSBRBXX,ELCBRBXX01,1,2034,1.0
GLOBAL,PWRSDSBRBXX,ELCBRBXX01,1,2035,1.0
GLOBAL,PWRSDSBRBXX,ELCBRBXX01,1,2036,1.0
GLOBAL,PWRSDSBRBXX,ELCBRBXX01,1,2037,1.0
GLOBAL,PWRSDSBRBXX,ELCBRBXX01,1,2038,1.0
GLOBAL,PWRSDSBRBXX,ELCBRBXX01,1,2039,1.0
GLOBAL,PWRSDSBRBXX,ELCBRBXX01,1,2040,1.0
GLOBAL,PWRSDSBRBXX,ELCBRBXX01,1,2041,1.0
GLOBAL,PWRSDSBRBXX,ELCBRBXX01,1,2042,1.0
GLOBAL,PWRSDSBRBXX,ELCBRBXX01,1,2043,1.0
GLOBAL,PWRSDSBRBXX,ELCBRBXX01,1,2044,1.0
GLOBAL,PWRSDSBRBXX,ELCBRBXX01,1,2045,1.0
GLOBAL,PWRSDSBRBXX,ELCBRBXX01,1,2046,1.0
GLOBAL,PWRSDSBRBXX,ELCBRBXX01,1,2047,1.0
GLOBAL,PWRSDSBRBXX,ELCBRBXX01,1,2048,1.0
GLOBAL,PWRSDSBRBXX,ELCBRBXX01,1,2049,1.0
GLOBAL,PWRSDSBRBXX,ELCBRBXX01,1,2050,1.0
GLOBAL,PWRSDSCHLXX,ELCCHLXX01,1,2023,1.0
GLOBAL,PWRSDSCHLXX,ELCCHLXX01,1,2024,1.0
GLOBAL,PWRSDSCHLXX,ELCCHLXX01,1,2025,1.0
GLOBAL,PWRSDSCHLXX,ELCCHLXX01,1,2026,1.0
GLOBAL,PWRSDSCHLXX,ELCCHLXX01,1,2027,1.0
GLOBAL,PWRSDSCHLXX,ELCCHLXX01,1,2028,1.0
GLOBAL,PWRSDSCHLXX,ELCCHLXX01,1,2029,1.0
GLOBAL,PWRSDSCHLXX,ELCCHLXX01,1,2030,1.0
GLOBAL,PWRSDSCHLXX,ELCCHLXX01,1,2031,1.0
GLOBAL,PWRSDSCHLXX,ELCCHLXX01,1,2032,1.0
GLOBAL,PWRSDSCHLXX,ELCCHLXX01,1,2033,1.0
GLOBAL,PWRSDSCHLXX,ELCCHLXX01,1,2034,1.0
GLOBAL,PWRSDSCHLXX,ELCCHLXX01,1,2035,1.0
GLOBAL,PWRSDSCHLXX,ELCCHLXX01,1,2036,1.0
GLOBAL,PWRSDSCHLXX,ELCCHLXX01,1,2037,1.0
GLOBAL,PWRSDSCHLXX,ELCCHLXX01,1,2038,1.0
GLOBAL,PWRSDSCHLXX,ELCCHLXX01,1,2039,1.0
GLOBAL,PWRSDSCHLXX,ELCCHLXX01,1,2040,1.0
GLOBAL,PWRSDSCHLXX,ELCCHLXX01,1,2041,1.0
GLOBAL,PWRSDSCHLXX,ELCCHLXX01,1,2042,1.0
GLOBAL,PWRSDSCHLXX,ELCCHLXX01,1,2043,1.0
GLOBAL,PWRSDSCHLXX,ELCCHLXX01,1,2044,1.0
GLOBAL,PWRSDSCHLXX,ELCCHLXX01,1,2045,1.0
GLOBAL,PWRSDSCHLXX,ELCCHLXX01,1,2046,1.0
GLOBAL,PWRSDSCHLXX,ELCCHLXX01,1,2047,1.0
GLOBAL,PWRSDSCHLXX,ELCCHLXX01,1,2048,1.0
GLOBAL,PWRSDSCHLXX,ELCCHLXX01,1,2049,1.0
GLOBAL,PWRSDSCHLXX,ELCCHLXX01,1,2050,1.0
GLOBAL,PWRSDSCOLXX,ELCCOLXX01,1,2023,1.0
GLOBAL,PWRSDSCOLXX,ELCCOLXX01,1,2024,1.0
GLOBAL,PWRSDSCOLXX,ELCCOLXX01,1,2025,1.0
GLOBAL,PWRSDSCOLXX,ELCCOLXX01,1,2026,1.0
GLOBAL,PWRSDSCOLXX,ELCCOLXX01,1,2027,1.0
GLOBAL,PWRSDSCOLXX,ELCCOLXX01,1,2028,1.0
GLOBAL,PWRSDSCOLXX,ELCCOLXX01,1,2029,1.0
GLOBAL,PWRSDSCOLXX,ELCCOLXX01,1,2030,1.0
GLOBAL,PWRSDSCOLXX,ELCCOLXX01,1,2031,1.0
GLOBAL,PWRSDSCOLXX,ELCCOLXX01,1,2032,1.0
GLOBAL,PWRSDSCOLXX,ELCCOLXX01,1,2033,1.0
GLOBAL,PWRSDSCOLXX,ELCCOLXX01,1,2034,1.0
GLOBAL,PWRSDSCOLXX,ELCCOLXX01,1,2035,1.0
GLOBAL,PWRSDSCOLXX,ELCCOLXX01,1,2036,1.0
GLOBAL,PWRSDSCOLXX,ELCCOLXX01,1,2037,1.0
GLOBAL,PWRSDSCOLXX,ELCCOLXX01,1,2038,1.0
GLOBAL,PWRSDSCOLXX,ELCCOLXX01,1,2039,1.0
GLOBAL,PWRSDSCOLXX,ELCCOLXX01,1,2040,1.0
GLOBAL,PWRSDSCOLXX,ELCCOLXX01,1,2041,1.0
GLOBAL,PWRSDSCOLXX,ELCCOLXX01,1,2042,1.0
GLOBAL,PWRSDSCOLXX,ELCCOLXX01,1,2043,1.0
GLOBAL,PWRSDSCOLXX,ELCCOLXX01,1,2044,1.0
GLOBAL,PWRSDSCOLXX,ELCCOLXX01,1,2045,1.0
GLOBAL,PWRSDSCOLXX,ELCCOLXX01,1,2046,1.0
GLOBAL,PWRSDSCOLXX,ELCCOLXX01,1,2047,1.0
GLOBAL,PWRSDSCOLXX,ELCCOLXX01,1,2048,1.0
GLOBAL,PWRSDSCOLXX,ELCCOLXX01,1,2049,1.0
GLOBAL,PWRSDSCOLXX,ELCCOLXX01,1,2050,1.0
GLOBAL,PWRSDSCRIXX,ELCCRIXX01,1,2023,1.0
GLOBAL,PWRSDSCRIXX,ELCCRIXX01,1,2024,1.0
GLOBAL,PWRSDSCRIXX,ELCCRIXX01,1,2025,1.0
GLOBAL,PWRSDSCRIXX,ELCCRIXX01,1,2026,1.0
GLOBAL,PWRSDSCRIXX,ELCCRIXX01,1,2027,1.0
GLOBAL,PWRSDSCRIXX,ELCCRIXX01,1,2028,1.0
GLOBAL,PWRSDSCRIXX,ELCCRIXX01,1,2029,1.0
GLOBAL,PWRSDSCRIXX,ELCCRIXX01,1,2030,1.0
GLOBAL,PWRSDSCRIXX,ELCCRIXX01,1,2031,1.0
GLOBAL,PWRSDSCRIXX,ELCCRIXX01,1,2032,1.0
GLOBAL,PWRSDSCRIXX,ELCCRIXX01,1,2033,1.0
GLOBAL,PWRSDSCRIXX,ELCCRIXX01,1,2034,1.0
GLOBAL,PWRSDSCRIXX,ELCCRIXX01,1,2035,1.0
GLOBAL,PWRSDSCRIXX,ELCCRIXX01,1,2036,1.0
GLOBAL,PWRSDSCRIXX,ELCCRIXX01,1,2037,1.0
GLOBAL,PWRSDSCRIXX,ELCCRIXX01,1,2038,1.0
GLOBAL,PWRSDSCRIXX,ELCCRIXX01,1,2039,1.0
GLOBAL,PWRSDSCRIXX,ELCCRIXX01,1,2040,1.0
GLOBAL,PWRSDSCRIXX,ELCCRIXX01,1,2041,1.0
GLOBAL,PWRSDSCRIXX,ELCCRIXX01,1,2042,1.0
GLOBAL,PWRSDSCRIXX,ELCCRIXX01,1,2043,1.0
GLOBAL,PWRSDSCRIXX,ELCCRIXX01,1,2044,1.0
GLOBAL,PWRSDSCRIXX,ELCCRIXX01,1,2045,1.0
GLOBAL,PWRSDSCRIXX,ELCCRIXX01,1,2046,1.0
GLOBAL,PWRSDSCRIXX,ELCCRIXX01,1,2047,1.0
GLOBAL,PWRSDSCRIXX,ELCCRIXX01,1,2048,1.0
GLOBAL,PWRSDSCRIXX,ELCCRIXX01,1,2049,1.0
GLOBAL,PWRSDSCRIXX,ELCCRIXX01,1,2050,1.0
GLOBAL,PWRSDSDOMXX,ELCDOMXX01,1,2023,1.0
GLOBAL,PWRSDSDOMXX,ELCDOMXX01,1,2024,1.0
GLOBAL,PWRSDSDOMXX,ELCDOMXX01,1,2025,1.0
GLOBAL,PWRSDSDOMXX,ELCDOMXX01,1,2026,1.0
GLOBAL,PWRSDSDOMXX,ELCDOMXX01,1,2027,1.0
GLOBAL,PWRSDSDOMXX,ELCDOMXX01,1,2028,1.0
GLOBAL,PWRSDSDOMXX,ELCDOMXX01,1,2029,1.0
GLOBAL,PWRSDSDOMXX,ELCDOMXX01,1,2030,1.0
GLOBAL,PWRSDSDOMXX,ELCDOMXX01,1,2031,1.0
GLOBAL,PWRSDSDOMXX,ELCDOMXX01,1,2032,1.0
GLOBAL,PWRSDSDOMXX,ELCDOMXX01,1,2033,1.0
GLOBAL,PWRSDSDOMXX,ELCDOMXX01,1,2034,1.0
GLOBAL,PWRSDSDOMXX,ELCDOMXX01,1,2035,1.0
GLOBAL,PWRSDSDOMXX,ELCDOMXX01,1,2036,1.0
GLOBAL,PWRSDSDOMXX,ELCDOMXX01,1,2037,1.0
GLOBAL,PWRSDSDOMXX,ELCDOMXX01,1,2038,1.0
GLOBAL,PWRSDSDOMXX,ELCDOMXX01,1,2039,1.0
GLOBAL,PWRSDSDOMXX,ELCDOMXX01,1,2040,1.0
GLOBAL,PWRSDSDOMXX,ELCDOMXX01,1,2041,1.0
GLOBAL,PWRSDSDOMXX,ELCDOMXX01,1,2042,1.0
GLOBAL,PWRSDSDOMXX,ELCDOMXX01,1,2043,1.0
GLOBAL,PWRSDSDOMXX,ELCDOMXX01,1,2044,1.0
GLOBAL,PWRSDSDOMXX,ELCDOMXX01,1,2045,1.0
GLOBAL,PWRSDSDOMXX,ELCDOMXX01,1,2046,1.0
GLOBAL,PWRSDSDOMXX,ELCDOMXX01,1,2047,1.0
GLOBAL,PWRSDSDOMXX,ELCDOMXX01,1,2048,1.0
GLOBAL,PWRSDSDOMXX,ELCDOMXX01,1,2049,1.0
GLOBAL,PWRSDSDOMXX,ELCDOMXX01,1,2050,1.0
GLOBAL,PWRSDSECUXX,ELCECUXX01,1,2023,1.0
GLOBAL,PWRSDSECUXX,ELCECUXX01,1,2024,1.0
GLOBAL,PWRSDSECUXX,ELCECUXX01,1,2025,1.0
GLOBAL,PWRSDSECUXX,ELCECUXX01,1,2026,1.0
GLOBAL,PWRSDSECUXX,ELCECUXX01,1,2027,1.0
GLOBAL,PWRSDSECUXX,ELCECUXX01,1,2028,1.0
GLOBAL,PWRSDSECUXX,ELCECUXX01,1,2029,1.0
GLOBAL,PWRSDSECUXX,ELCECUXX01,1,2030,1.0
GLOBAL,PWRSDSECUXX,ELCECUXX01,1,2031,1.0
GLOBAL,PWRSDSECUXX,ELCECUXX01,1,2032,1.0
GLOBAL,PWRSDSECUXX,ELCECUXX01,1,2033,1.0
GLOBAL,PWRSDSECUXX,ELCECUXX01,1,2034,1.0
GLOBAL,PWRSDSECUXX,ELCECUXX01,1,2035,1.0
GLOBAL,PWRSDSECUXX,ELCECUXX01,1,2036,1.0
GLOBAL,PWRSDSECUXX,ELCECUXX01,1,2037,1.0
GLOBAL,PWRSDSECUXX,ELCECUXX01,1,2038,1.0
GLOBAL,PWRSDSECUXX,ELCECUXX01,1,2039,1.0
GLOBAL,PWRSDSECUXX,ELCECUXX01,1,2040,1.0
GLOBAL,PWRSDSECUXX,ELCECUXX01,1,2041,1.0
GLOBAL,PWRSDSECUXX,ELCECUXX01,1,2042,1.0
GLOBAL,PWRSDSECUXX,ELCECUXX01,1,2043,1.0
GLOBAL,PWRSDSECUXX,ELCECUXX01,1,2044,1.0
GLOBAL,PWRSDSECUXX,ELCECUXX01,1,2045,1.0
GLOBAL,PWRSDSECUXX,ELCECUXX01,1,2046,1.0
GLOBAL,PWRSDSECUXX,ELCECUXX01,1,2047,1.0
GLOBAL,PWRSDSECUXX,ELCECUXX01,1,2048,1.0
GLOBAL,PWRSDSECUXX,ELCECUXX01,1,2049,1.0
GLOBAL,PWRSDSECUXX,ELCECUXX01,1,2050,1.0
GLOBAL,PWRSDSGTMXX,ELCGTMXX01,1,2023,1.0
GLOBAL,PWRSDSGTMXX,ELCGTMXX01,1,2024,1.0
GLOBAL,PWRSDSGTMXX,ELCGTMXX01,1,2025,1.0
GLOBAL,PWRSDSGTMXX,ELCGTMXX01,1,2026,1.0
GLOBAL,PWRSDSGTMXX,ELCGTMXX01,1,2027,1.0
GLOBAL,PWRSDSGTMXX,ELCGTMXX01,1,2028,1.0
GLOBAL,PWRSDSGTMXX,ELCGTMXX01,1,2029,1.0
GLOBAL,PWRSDSGTMXX,ELCGTMXX01,1,2030,1.0
GLOBAL,PWRSDSGTMXX,ELCGTMXX01,1,2031,1.0
GLOBAL,PWRSDSGTMXX,ELCGTMXX01,1,2032,1.0
GLOBAL,PWRSDSGTMXX,ELCGTMXX01,1,2033,1.0
GLOBAL,PWRSDSGTMXX,ELCGTMXX01,1,2034,1.0
GLOBAL,PWRSDSGTMXX,ELCGTMXX01,1,2035,1.0
GLOBAL,PWRSDSGTMXX,ELCGTMXX01,1,2036,1.0
GLOBAL,PWRSDSGTMXX,ELCGTMXX01,1,2037,1.0
GLOBAL,PWRSDSGTMXX,ELCGTMXX01,1,2038,1.0
GLOBAL,PWRSDSGTMXX,ELCGTMXX01,1,2039,1.0
GLOBAL,PWRSDSGTMXX,ELCGTMXX01,1,2040,1.0
GLOBAL,PWRSDSGTMXX,ELCGTMXX01,1,2041,1.0
GLOBAL,PWRSDSGTMXX,ELCGTMXX01,1,2042,1.0
GLOBAL,PWRSDSGTMXX,ELCGTMXX01,1,2043,1.0
GLOBAL,PWRSDSGTMXX,ELCGTMXX01,1,2044,1.0
GLOBAL,PWRSDSGTMXX,ELCGTMXX01,1,2045,1.0
GLOBAL,PWRSDSGTMXX,ELCGTMXX01,1,2046,1.0
GLOBAL,PWRSDSGTMXX,ELCGTMXX01,1,2047,1.0
GLOBAL,PWRSDSGTMXX,ELCGTMXX01,1,2048,1.0
GLOBAL,PWRSDSGTMXX,ELCGTMXX01,1,2049,1.0
GLOBAL,PWRSDSGTMXX,ELCGTMXX01,1,2050,1.0
GLOBAL,PWRSDSHNDXX,ELCHNDXX01,1,2023,1.0
GLOBAL,PWRSDSHNDXX,ELCHNDXX01,1,2024,1.0
GLOBAL,PWRSDSHNDXX,ELCHNDXX01,1,2025,1.0
GLOBAL,PWRSDSHNDXX,ELCHNDXX01,1,2026,1.0
GLOBAL,PWRSDSHNDXX,ELCHNDXX01,1,2027,1.0
GLOBAL,PWRSDSHNDXX,ELCHNDXX01,1,2028,1.0
GLOBAL,PWRSDSHNDXX,ELCHNDXX01,1,2029,1.0
GLOBAL,PWRSDSHNDXX,ELCHNDXX01,1,2030,1.0
GLOBAL,PWRSDSHNDXX,ELCHNDXX01,1,2031,1.0
GLOBAL,PWRSDSHNDXX,ELCHNDXX01,1,2032,1.0
GLOBAL,PWRSDSHNDXX,ELCHNDXX01,1,2033,1.0
GLOBAL,PWRSDSHNDXX,ELCHNDXX01,1,2034,1.0
GLOBAL,PWRSDSHNDXX,ELCHNDXX01,1,2035,1.0
GLOBAL,PWRSDSHNDXX,ELCHNDXX01,1,2036,1.0
GLOBAL,PWRSDSHNDXX,ELCHNDXX01,1,2037,1.0
GLOBAL,PWRSDSHNDXX,ELCHNDXX01,1,2038,1.0
GLOBAL,PWRSDSHNDXX,ELCHNDXX01,1,2039,1.0
GLOBAL,PWRSDSHNDXX,ELCHNDXX01,1,2040,1.0
GLOBAL,PWRSDSHNDXX,ELCHNDXX01,1,2041,1.0
GLOBAL,PWRSDSHNDXX,ELCHNDXX01,1,2042,1.0
GLOBAL,PWRSDSHNDXX,ELCHNDXX01,1,2043,1.0
GLOBAL,PWRSDSHNDXX,ELCHNDXX01,1,2044,1.0
GLOBAL,PWRSDSHNDXX,ELCHNDXX01,1,2045,1.0
GLOBAL,PWRSDSHNDXX,ELCHNDXX01,1,2046,1.0
GLOBAL,PWRSDSHNDXX,ELCHNDXX01,1,2047,1.0
GLOBAL,PWRSDSHNDXX,ELCHNDXX01,1,2048,1.0
GLOBAL,PWRSDSHNDXX,ELCHNDXX01,1,2049,1.0
GLOBAL,PWRSDSHNDXX,ELCHNDXX01,1,2050,1.0
GLOBAL,PWRSDSHTIXX,ELCHTIXX01,1,2023,1.0
GLOBAL,PWRSDSHTIXX,ELCHTIXX01,1,2024,1.0
GLOBAL,PWRSDSHTIXX,ELCHTIXX01,1,2025,1.0
GLOBAL,PWRSDSHTIXX,ELCHTIXX01,1,2026,1.0
GLOBAL,PWRSDSHTIXX,ELCHTIXX01,1,2027,1.0
GLOBAL,PWRSDSHTIXX,ELCHTIXX01,1,2028,1.0
GLOBAL,PWRSDSHTIXX,ELCHTIXX01,1,2029,1.0
GLOBAL,PWRSDSHTIXX,ELCHTIXX01,1,2030,1.0
GLOBAL,PWRSDSHTIXX,ELCHTIXX01,1,2031,1.0
GLOBAL,PWRSDSHTIXX,ELCHTIXX01,1,2032,1.0
GLOBAL,PWRSDSHTIXX,ELCHTIXX01,1,2033,1.0
GLOBAL,PWRSDSHTIXX,ELCHTIXX01,1,2034,1.0
GLOBAL,PWRSDSHTIXX,ELCHTIXX01,1,2035,1.0
GLOBAL,PWRSDSHTIXX,ELCHTIXX01,1,2036,1.0
GLOBAL,PWRSDSHTIXX,ELCHTIXX01,1,2037,1.0
GLOBAL,PWRSDSHTIXX,ELCHTIXX01,1,2038,1.0
GLOBAL,PWRSDSHTIXX,ELCHTIXX01,1,2039,1.0
GLOBAL,PWRSDSHTIXX,ELCHTIXX01,1,2040,1.0
GLOBAL,PWRSDSHTIXX,ELCHTIXX01,1,2041,1.0
GLOBAL,PWRSDSHTIXX,ELCHTIXX01,1,2042,1.0
GLOBAL,PWRSDSHTIXX,ELCHTIXX01,1,2043,1.0
GLOBAL,PWRSDSHTIXX,ELCHTIXX01,1,2044,1.0
GLOBAL,PWRSDSHTIXX,ELCHTIXX01,1,2045,1.0
GLOBAL,PWRSDSHTIXX,ELCHTIXX01,1,2046,1.0
GLOBAL,PWRSDSHTIXX,ELCHTIXX01,1,2047,1.0
GLOBAL,PWRSDSHTIXX,ELCHTIXX01,1,2048,1.0
GLOBAL,PWRSDSHTIXX,ELCHTIXX01,1,2049,1.0
GLOBAL,PWRSDSHTIXX,ELCHTIXX01,1,2050,1.0
GLOBAL,PWRSDSMEXXX,ELCMEXXX01,1,2023,1.0
GLOBAL,PWRSDSMEXXX,ELCMEXXX01,1,2024,1.0
GLOBAL,PWRSDSMEXXX,ELCMEXXX01,1,2025,1.0
GLOBAL,PWRSDSMEXXX,ELCMEXXX01,1,2026,1.0
GLOBAL,PWRSDSMEXXX,ELCMEXXX01,1,2027,1.0
GLOBAL,PWRSDSMEXXX,ELCMEXXX01,1,2028,1.0
GLOBAL,PWRSDSMEXXX,ELCMEXXX01,1,2029,1.0
GLOBAL,PWRSDSMEXXX,ELCMEXXX01,1,2030,1.0
GLOBAL,PWRSDSMEXXX,ELCMEXXX01,1,2031,1.0
GLOBAL,PWRSDSMEXXX,ELCMEXXX01,1,2032,1.0
GLOBAL,PWRSDSMEXXX,ELCMEXXX01,1,2033,1.0
GLOBAL,PWRSDSMEXXX,ELCMEXXX01,1,2034,1.0
GLOBAL,PWRSDSMEXXX,ELCMEXXX01,1,2035,1.0
GLOBAL,PWRSDSMEXXX,ELCMEXXX01,1,2036,1.0
GLOBAL,PWRSDSMEXXX,ELCMEXXX01,1,2037,1.0
GLOBAL,PWRSDSMEXXX,ELCMEXXX01,1,2038,1.0
GLOBAL,PWRSDSMEXXX,ELCMEXXX01,1,2039,1.0
GLOBAL,PWRSDSMEXXX,ELCMEXXX01,1,2040,1.0
GLOBAL,PWRSDSMEXXX,ELCMEXXX01,1,2041,1.0
GLOBAL,PWRSDSMEXXX,ELCMEXXX01,1,2042,1.0
GLOBAL,PWRSDSMEXXX,ELCMEXXX01,1,2043,1.0
GLOBAL,PWRSDSMEXXX,ELCMEXXX01,1,2044,1.0
GLOBAL,PWRSDSMEXXX,ELCMEXXX01,1,2045,1.0
GLOBAL,PWRSDSMEXXX,ELCMEXXX01,1,2046,1.0
GLOBAL,PWRSDSMEXXX,ELCMEXXX01,1,2047,1.0
GLOBAL,PWRSDSMEXXX,ELCMEXXX01,1,2048,1.0
GLOBAL,PWRSDSMEXXX,ELCMEXXX01,1,2049,1.0
GLOBAL,PWRSDSMEXXX,ELCMEXXX01,1,2050,1.0
GLOBAL,PWRSDSNICXX,ELCNICXX01,1,2023,1.0
GLOBAL,PWRSDSNICXX,ELCNICXX01,1,2024,1.0
GLOBAL,PWRSDSNICXX,ELCNICXX01,1,2025,1.0
GLOBAL,PWRSDSNICXX,ELCNICXX01,1,2026,1.0
GLOBAL,PWRSDSNICXX,ELCNICXX01,1,2027,1.0
GLOBAL,PWRSDSNICXX,ELCNICXX01,1,2028,1.0
GLOBAL,PWRSDSNICXX,ELCNICXX01,1,2029,1.0
GLOBAL,PWRSDSNICXX,ELCNICXX01,1,2030,1.0
GLOBAL,PWRSDSNICXX,ELCNICXX01,1,2031,1.0
GLOBAL,PWRSDSNICXX,ELCNICXX01,1,2032,1.0
GLOBAL,PWRSDSNICXX,ELCNICXX01,1,2033,1.0
GLOBAL,PWRSDSNICXX,ELCNICXX01,1,2034,1.0
GLOBAL,PWRSDSNICXX,ELCNICXX01,1,2035,1.0
GLOBAL,PWRSDSNICXX,ELCNICXX01,1,2036,1.0
GLOBAL,PWRSDSNICXX,ELCNICXX01,1,2037,1.0
GLOBAL,PWRSDSNICXX,ELCNICXX01,1,2038,1.0
GLOBAL,PWRSDSNICXX,ELCNICXX01,1,2039,1.0
GLOBAL,PWRSDSNICXX,ELCNICXX01,1,2040,1.0
GLOBAL,PWRSDSNICXX,ELCNICXX01,1,2041,1.0
GLOBAL,PWRSDSNICXX,ELCNICXX01,1,2042,1.0
GLOBAL,PWRSDSNICXX,ELCNICXX01,1,2043,1.0
GLOBAL,PWRSDSNICXX,ELCNICXX01,1,2044,1.0
GLOBAL,PWRSDSNICXX,ELCNICXX01,1,2045,1.0
GLOBAL,PWRSDSNICXX,ELCNICXX01,1,2046,1.0
GLOBAL,PWRSDSNICXX,ELCNICXX01,1,2047,1.0
GLOBAL,PWRSDSNICXX,ELCNICXX01,1,2048,1.0
GLOBAL,PWRSDSNICXX,ELCNICXX01,1,2049,1.0
GLOBAL,PWRSDSNICXX,ELCNICXX01,1,2050,1.0
GLOBAL,PWRSDSPANXX,ELCPANXX01,1,2023,1.0
GLOBAL,PWRSDSPANXX,ELCPANXX01,1,2024,1.0
GLOBAL,PWRSDSPANXX,ELCPANXX01,1,2025,1.0
GLOBAL,PWRSDSPANXX,ELCPANXX01,1,2026,1.0
GLOBAL,PWRSDSPANXX,ELCPANXX01,1,2027,1.0
GLOBAL,PWRSDSPANXX,ELCPANXX01,1,2028,1.0
GLOBAL,PWRSDSPANXX,ELCPANXX01,1,2029,1.0
GLOBAL,PWRSDSPANXX,ELCPANXX01,1,2030,1.0
GLOBAL,PWRSDSPANXX,ELCPANXX01,1,2031,1.0
GLOBAL,PWRSDSPANXX,ELCPANXX01,1,2032,1.0
GLOBAL,PWRSDSPANXX,ELCPANXX01,1,2033,1.0
GLOBAL,PWRSDSPANXX,ELCPANXX01,1,2034,1.0
GLOBAL,PWRSDSPANXX,ELCPANXX01,1,2035,1.0
GLOBAL,PWRSDSPANXX,ELCPANXX01,1,2036,1.0
GLOBAL,PWRSDSPANXX,ELCPANXX01,1,2037,1.0
GLOBAL,PWRSDSPANXX,ELCPANXX01,1,2038,1.0
GLOBAL,PWRSDSPANXX,ELCPANXX01,1,2039,1.0
GLOBAL,PWRSDSPANXX,ELCPANXX01,1,2040,1.0
GLOBAL,PWRSDSPANXX,ELCPANXX01,1,2041,1.0
GLOBAL,PWRSDSPANXX,ELCPANXX01,1,2042,1.0
GLOBAL,PWRSDSPANXX,ELCPANXX01,1,2043,1.0
GLOBAL,PWRSDSPANXX,ELCPANXX01,1,2044,1.0
GLOBAL,PWRSDSPANXX,ELCPANXX01,1,2045,1.0
GLOBAL,PWRSDSPANXX,ELCPANXX01,1,2046,1.0
GLOBAL,PWRSDSPANXX,ELCPANXX01,1,2047,1.0
GLOBAL,PWRSDSPANXX,ELCPANXX01,1,2048,1.0
GLOBAL,PWRSDSPANXX,ELCPANXX01,1,2049,1.0
GLOBAL,PWRSDSPANXX,ELCPANXX01,1,2050,1.0
GLOBAL,PWRSDSPERXX,ELCPERXX01,1,2023,1.0
GLOBAL,PWRSDSPERXX,ELCPERXX01,1,2024,1.0
GLOBAL,PWRSDSPERXX,ELCPERXX01,1,2025,1.0
GLOBAL,PWRSDSPERXX,ELCPERXX01,1,2026,1.0
GLOBAL,PWRSDSPERXX,ELCPERXX01,1,2027,1.0
GLOBAL,PWRSDSPERXX,ELCPERXX01,1,2028,1.0
GLOBAL,PWRSDSPERXX,ELCPERXX01,1,2029,1.0
GLOBAL,PWRSDSPERXX,ELCPERXX01,1,2030,1.0
GLOBAL,PWRSDSPERXX,ELCPERXX01,1,2031,1.0
GLOBAL,PWRSDSPERXX,ELCPERXX01,1,2032,1.0
GLOBAL,PWRSDSPERXX,ELCPERXX01,1,2033,1.0
GLOBAL,PWRSDSPERXX,ELCPERXX01,1,2034,1.0
GLOBAL,PWRSDSPERXX,ELCPERXX01,1,2035,1.0
GLOBAL,PWRSDSPERXX,ELCPERXX01,1,2036,1.0
GLOBAL,PWRSDSPERXX,ELCPERXX01,1,2037,1.0
GLOBAL,PWRSDSPERXX,ELCPERXX01,1,2038,1.0
GLOBAL,PWRSDSPERXX,ELCPERXX01,1,2039,1.0
GLOBAL,PWRSDSPERXX,ELCPERXX01,1,2040,1.0
GLOBAL,PWRSDSPERXX,ELCPERXX01,1,2041,1.0
GLOBAL,PWRSDSPERXX,ELCPERXX01,1,2042,1.0
GLOBAL,PWRSDSPERXX,ELCPERXX01,1,2043,1.0
GLOBAL,PWRSDSPERXX,ELCPERXX01,1,2044,1.0
GLOBAL,PWRSDSPERXX,ELCPERXX01,1,2045,1.0
GLOBAL,PWRSDSPERXX,ELCPERXX01,1,2046,1.0
GLOBAL,PWRSDSPERXX,ELCPERXX01,1,2047,1.0
GLOBAL,PWRSDSPERXX,ELCPERXX01,1,2048,1.0
GLOBAL,PWRSDSPERXX,ELCPERXX01,1,2049,1.0
GLOBAL,PWRSDSPERXX,ELCPERXX01,1,2050,1.0
GLOBAL,PWRSDSPRYXX,ELCPRYXX01,1,2023,1.0
GLOBAL,PWRSDSPRYXX,ELCPRYXX01,1,2024,1.0
GLOBAL,PWRSDSPRYXX,ELCPRYXX01,1,2025,1.0
GLOBAL,PWRSDSPRYXX,ELCPRYXX01,1,2026,1.0
GLOBAL,PWRSDSPRYXX,ELCPRYXX01,1,2027,1.0
GLOBAL,PWRSDSPRYXX,ELCPRYXX01,1,2028,1.0
GLOBAL,PWRSDSPRYXX,ELCPRYXX01,1,2029,1.0
GLOBAL,PWRSDSPRYXX,ELCPRYXX01,1,2030,1.0
GLOBAL,PWRSDSPRYXX,ELCPRYXX01,1,2031,1.0
GLOBAL,PWRSDSPRYXX,ELCPRYXX01,1,2032,1.0
GLOBAL,PWRSDSPRYXX,ELCPRYXX01,1,2033,1.0
GLOBAL,PWRSDSPRYXX,ELCPRYXX01,1,2034,1.0
GLOBAL,PWRSDSPRYXX,ELCPRYXX01,1,2035,1.0
GLOBAL,PWRSDSPRYXX,ELCPRYXX01,1,2036,1.0
GLOBAL,PWRSDSPRYXX,ELCPRYXX01,1,2037,1.0
GLOBAL,PWRSDSPRYXX,ELCPRYXX01,1,2038,1.0
GLOBAL,PWRSDSPRYXX,ELCPRYXX01,1,2039,1.0
GLOBAL,PWRSDSPRYXX,ELCPRYXX01,1,2040,1.0
GLOBAL,PWRSDSPRYXX,ELCPRYXX01,1,2041,1.0
GLOBAL,PWRSDSPRYXX,ELCPRYXX01,1,2042,1.0
GLOBAL,PWRSDSPRYXX,ELCPRYXX01,1,2043,1.0
GLOBAL,PWRSDSPRYXX,ELCPRYXX01,1,2044,1.0
GLOBAL,PWRSDSPRYXX,ELCPRYXX01,1,2045,1.0
GLOBAL,PWRSDSPRYXX,ELCPRYXX01,1,2046,1.0
GLOBAL,PWRSDSPRYXX,ELCPRYXX01,1,2047,1.0
GLOBAL,PWRSDSPRYXX,ELCPRYXX01,1,2048,1.0
GLOBAL,PWRSDSPRYXX,ELCPRYXX01,1,2049,1.0
GLOBAL,PWRSDSPRYXX,ELCPRYXX01,1,2050,1.0
GLOBAL,PWRSDSSLVXX,ELCSLVXX01,1,2023,1.0
GLOBAL,PWRSDSSLVXX,ELCSLVXX01,1,2024,1.0
GLOBAL,PWRSDSSLVXX,ELCSLVXX01,1,2025,1.0
GLOBAL,PWRSDSSLVXX,ELCSLVXX01,1,2026,1.0
GLOBAL,PWRSDSSLVXX,ELCSLVXX01,1,2027,1.0
GLOBAL,PWRSDSSLVXX,ELCSLVXX01,1,2028,1.0
GLOBAL,PWRSDSSLVXX,ELCSLVXX01,1,2029,1.0
GLOBAL,PWRSDSSLVXX,ELCSLVXX01,1,2030,1.0
GLOBAL,PWRSDSSLVXX,ELCSLVXX01,1,2031,1.0
GLOBAL,PWRSDSSLVXX,ELCSLVXX01,1,2032,1.0
GLOBAL,PWRSDSSLVXX,ELCSLVXX01,1,2033,1.0
GLOBAL,PWRSDSSLVXX,ELCSLVXX01,1,2034,1.0
GLOBAL,PWRSDSSLVXX,ELCSLVXX01,1,2035,1.0
GLOBAL,PWRSDSSLVXX,ELCSLVXX01,1,2036,1.0
GLOBAL,PWRSDSSLVXX,ELCSLVXX01,1,2037,1.0
GLOBAL,PWRSDSSLVXX,ELCSLVXX01,1,2038,1.0
GLOBAL,PWRSDSSLVXX,ELCSLVXX01,1,2039,1.0
GLOBAL,PWRSDSSLVXX,ELCSLVXX01,1,2040,1.0
GLOBAL,PWRSDSSLVXX,ELCSLVXX01,1,2041,1.0
GLOBAL,PWRSDSSLVXX,ELCSLVXX01,1,2042,1.0
GLOBAL,PWRSDSSLVXX,ELCSLVXX01,1,2043,1.0
GLOBAL,PWRSDSSLVXX,ELCSLVXX01,1,2044,1.0
GLOBAL,PWRSDSSLVXX,ELCSLVXX01,1,2045,1.0
GLOBAL,PWRSDSSLVXX,ELCSLVXX01,1,2046,1.0
GLOBAL,PWRSDSSLVXX,ELCSLVXX01,1,2047,1.0
GLOBAL,PWRSDSSLVXX,ELCSLVXX01,1,2048,1.0
GLOBAL,PWRSDSSLVXX,ELCSLVXX01,1,2049,1.0
GLOBAL,PWRSDSSLVXX,ELCSLVXX01,1,2050,1.0
GLOBAL,PWRSDSURYXX,ELCURYXX01,1,2023,1.0
GLOBAL,PWRSDSURYXX,ELCURYXX01,1,2024,1.0
GLOBAL,PWRSDSURYXX,ELCURYXX01,1,2025,1.0
GLOBAL,PWRSDSURYXX,ELCURYXX01,1,2026,1.0
GLOBAL,PWRSDSURYXX,ELCURYXX01,1,2027,1.0
GLOBAL,PWRSDSURYXX,ELCURYXX01,1,2028,1.0
GLOBAL,PWRSDSURYXX,ELCURYXX01,1,2029,1.0
GLOBAL,PWRSDSURYXX,ELCURYXX01,1,2030,1.0
GLOBAL,PWRSDSURYXX,ELCURYXX01,1,2031,1.0
GLOBAL,PWRSDSURYXX,ELCURYXX01,1,2032,1.0
GLOBAL,PWRSDSURYXX,ELCURYXX01,1,2033,1.0
GLOBAL,PWRSDSURYXX,ELCURYXX01,1,2034,1.0
GLOBAL,PWRSDSURYXX,ELCURYXX01,1,2035,1.0
GLOBAL,PWRSDSURYXX,ELCURYXX01,1,2036,1.0
GLOBAL,PWRSDSURYXX,ELCURYXX01,1,2037,1.0
GLOBAL,PWRSDSURYXX,ELCURYXX01,1,2038,1.0
GLOBAL,PWRSDSURYXX,ELCURYXX01,1,2039,1.0
GLOBAL,PWRSDSURYXX,ELCURYXX01,1,2040,1.0
GLOBAL,PWRSDSURYXX,ELCURYXX01,1,2041,1.0
GLOBAL,PWRSDSURYXX,ELCURYXX01,1,2042,1.0
GLOBAL,PWRSDSURYXX,ELCURYXX01,1,2043,1.0
GLOBAL,PWRSDSURYXX,ELCURYXX01,1,2044,1.0
GLOBAL,PWRSDSURYXX,ELCURYXX01,1,2045,1.0
GLOBAL,PWRSDSURYXX,ELCURYXX01,1,2046,1.0
GLOBAL,PWRSDSURYXX,ELCURYXX01,1,2047,1.0
GLOBAL,PWRSDSURYXX,ELCURYXX01,1,2048,1.0
GLOBAL,PWRSDSURYXX,ELCURYXX01,1,2049,1.0
GLOBAL,PWRSDSURYXX,ELCURYXX01,1,2050,1.0
GLOBAL,PWRSPVARGXX,SPVARGXX,1,2023,1.0
GLOBAL,PWRSPVARGXX,SPVARGXX,1,2024,1.0
GLOBAL,PWRSPVARGXX,SPVARGXX,1,2025,1.0
GLOBAL,PWRSPVARGXX,SPVARGXX,1,2026,1.0
GLOBAL,PWRSPVARGXX,SPVARGXX,1,2027,1.0
GLOBAL,PWRSPVARGXX,SPVARGXX,1,2028,1.0
GLOBAL,PWRSPVARGXX,SPVARGXX,1,2029,1.0
GLOBAL,PWRSPVARGXX,SPVARGXX,1,2030,1.0
GLOBAL,PWRSPVARGXX,SPVARGXX,1,2031,1.0
GLOBAL,PWRSPVARGXX,SPVARGXX,1,2032,1.0
GLOBAL,PWRSPVARGXX,SPVARGXX,1,2033,1.0
GLOBAL,PWRSPVARGXX,SPVARGXX,1,2034,1.0
GLOBAL,PWRSPVARGXX,SPVARGXX,1,2035,1.0
GLOBAL,PWRSPVARGXX,SPVARGXX,1,2036,1.0
GLOBAL,PWRSPVARGXX,SPVARGXX,1,2037,1.0
GLOBAL,PWRSPVARGXX,SPVARGXX,1,2038,1.0
GLOBAL,PWRSPVARGXX,SPVARGXX,1,2039,1.0
GLOBAL,PWRSPVARGXX,SPVARGXX,1,2040,1.0
GLOBAL,PWRSPVARGXX,SPVARGXX,1,2041,1.0
GLOBAL,PWRSPVARGXX,SPVARGXX,1,2042,1.0
GLOBAL,PWRSPVARGXX,SPVARGXX,1,2043,1.0
GLOBAL,PWRSPVARGXX,SPVARGXX,1,2044,1.0
GLOBAL,PWRSPVARGXX,SPVARGXX,1,2045,1.0
GLOBAL,PWRSPVARGXX,SPVARGXX,1,2046,1.0
GLOBAL,PWRSPVARGXX,SPVARGXX,1,2047,1.0
GLOBAL,PWRSPVARGXX,SPVARGXX,1,2048,1.0
GLOBAL,PWRSPVARGXX,SPVARGXX,1,2049,1.0
GLOBAL,PWRSPVARGXX,SPVARGXX,1,2050,1.0
GLOBAL,PWRSPVBOLXX,SPVBOLXX,1,2023,1.0
GLOBAL,PWRSPVBOLXX,SPVBOLXX,1,2024,1.0
GLOBAL,PWRSPVBOLXX,SPVBOLXX,1,2025,1.0
GLOBAL,PWRSPVBOLXX,SPVBOLXX,1,2026,1.0
GLOBAL,PWRSPVBOLXX,SPVBOLXX,1,2027,1.0
GLOBAL,PWRSPVBOLXX,SPVBOLXX,1,2028,1.0
GLOBAL,PWRSPVBOLXX,SPVBOLXX,1,2029,1.0
GLOBAL,PWRSPVBOLXX,SPVBOLXX,1,2030,1.0
GLOBAL,PWRSPVBOLXX,SPVBOLXX,1,2031,1.0
GLOBAL,PWRSPVBOLXX,SPVBOLXX,1,2032,1.0
GLOBAL,PWRSPVBOLXX,SPVBOLXX,1,2033,1.0
GLOBAL,PWRSPVBOLXX,SPVBOLXX,1,2034,1.0
GLOBAL,PWRSPVBOLXX,SPVBOLXX,1,2035,1.0
GLOBAL,PWRSPVBOLXX,SPVBOLXX,1,2036,1.0
GLOBAL,PWRSPVBOLXX,SPVBOLXX,1,2037,1.0
GLOBAL,PWRSPVBOLXX,SPVBOLXX,1,2038,1.0
GLOBAL,PWRSPVBOLXX,SPVBOLXX,1,2039,1.0
GLOBAL,PWRSPVBOLXX,SPVBOLXX,1,2040,1.0
GLOBAL,PWRSPVBOLXX,SPVBOLXX,1,2041,1.0
GLOBAL,PWRSPVBOLXX,SPVBOLXX,1,2042,1.0
GLOBAL,PWRSPVBOLXX,SPVBOLXX,1,2043,1.0
GLOBAL,PWRSPVBOLXX,SPVBOLXX,1,2044,1.0
GLOBAL,PWRSPVBOLXX,SPVBOLXX,1,2045,1.0
GLOBAL,PWRSPVBOLXX,SPVBOLXX,1,2046,1.0
GLOBAL,PWRSPVBOLXX,SPVBOLXX,1,2047,1.0
GLOBAL,PWRSPVBOLXX,SPVBOLXX,1,2048,1.0
GLOBAL,PWRSPVBOLXX,SPVBOLXX,1,2049,1.0
GLOBAL,PWRSPVBOLXX,SPVBOLXX,1,2050,1.0
GLOBAL,PWRSPVBRAXX,SPVBRAXX,1,2023,1.0
GLOBAL,PWRSPVBRAXX,SPVBRAXX,1,2024,1.0
GLOBAL,PWRSPVBRAXX,SPVBRAXX,1,2025,1.0
GLOBAL,PWRSPVBRAXX,SPVBRAXX,1,2026,1.0
GLOBAL,PWRSPVBRAXX,SPVBRAXX,1,2027,1.0
GLOBAL,PWRSPVBRAXX,SPVBRAXX,1,2028,1.0
GLOBAL,PWRSPVBRAXX,SPVBRAXX,1,2029,1.0
GLOBAL,PWRSPVBRAXX,SPVBRAXX,1,2030,1.0
GLOBAL,PWRSPVBRAXX,SPVBRAXX,1,2031,1.0
GLOBAL,PWRSPVBRAXX,SPVBRAXX,1,2032,1.0
GLOBAL,PWRSPVBRAXX,SPVBRAXX,1,2033,1.0
GLOBAL,PWRSPVBRAXX,SPVBRAXX,1,2034,1.0
GLOBAL,PWRSPVBRAXX,SPVBRAXX,1,2035,1.0
GLOBAL,PWRSPVBRAXX,SPVBRAXX,1,2036,1.0
GLOBAL,PWRSPVBRAXX,SPVBRAXX,1,2037,1.0
GLOBAL,PWRSPVBRAXX,SPVBRAXX,1,2038,1.0
GLOBAL,PWRSPVBRAXX,SPVBRAXX,1,2039,1.0
GLOBAL,PWRSPVBRAXX,SPVBRAXX,1,2040,1.0
GLOBAL,PWRSPVBRAXX,SPVBRAXX,1,2041,1.0
GLOBAL,PWRSPVBRAXX,SPVBRAXX,1,2042,1.0
GLOBAL,PWRSPVBRAXX,SPVBRAXX,1,2043,1.0
GLOBAL,PWRSPVBRAXX,SPVBRAXX,1,2044,1.0
GLOBAL,PWRSPVBRAXX,SPVBRAXX,1,2045,1.0
GLOBAL,PWRSPVBRAXX,SPVBRAXX,1,2046,1.0
GLOBAL,PWRSPVBRAXX,SPVBRAXX,1,2047,1.0
GLOBAL,PWRSPVBRAXX,SPVBRAXX,1,2048,1.0
GLOBAL,PWRSPVBRAXX,SPVBRAXX,1,2049,1.0
GLOBAL,PWRSPVBRAXX,SPVBRAXX,1,2050,1.0
GLOBAL,PWRSPVBRBXX,SPVBRBXX,1,2023,1.0
GLOBAL,PWRSPVBRBXX,SPVBRBXX,1,2024,1.0
GLOBAL,PWRSPVBRBXX,SPVBRBXX,1,2025,1.0
GLOBAL,PWRSPVBRBXX,SPVBRBXX,1,2026,1.0
GLOBAL,PWRSPVBRBXX,SPVBRBXX,1,2027,1.0
GLOBAL,PWRSPVBRBXX,SPVBRBXX,1,2028,1.0
GLOBAL,PWRSPVBRBXX,SPVBRBXX,1,2029,1.0
GLOBAL,PWRSPVBRBXX,SPVBRBXX,1,2030,1.0
GLOBAL,PWRSPVBRBXX,SPVBRBXX,1,2031,1.0
GLOBAL,PWRSPVBRBXX,SPVBRBXX,1,2032,1.0
GLOBAL,PWRSPVBRBXX,SPVBRBXX,1,2033,1.0
GLOBAL,PWRSPVBRBXX,SPVBRBXX,1,2034,1.0
GLOBAL,PWRSPVBRBXX,SPVBRBXX,1,2035,1.0
GLOBAL,PWRSPVBRBXX,SPVBRBXX,1,2036,1.0
GLOBAL,PWRSPVBRBXX,SPVBRBXX,1,2037,1.0
GLOBAL,PWRSPVBRBXX,SPVBRBXX,1,2038,1.0
GLOBAL,PWRSPVBRBXX,SPVBRBXX,1,2039,1.0
GLOBAL,PWRSPVBRBXX,SPVBRBXX,1,2040,1.0
GLOBAL,PWRSPVBRBXX,SPVBRBXX,1,2041,1.0
GLOBAL,PWRSPVBRBXX,SPVBRBXX,1,2042,1.0
GLOBAL,PWRSPVBRBXX,SPVBRBXX,1,2043,1.0
GLOBAL,PWRSPVBRBXX,SPVBRBXX,1,2044,1.0
GLOBAL,PWRSPVBRBXX,SPVBRBXX,1,2045,1.0
GLOBAL,PWRSPVBRBXX,SPVBRBXX,1,2046,1.0
GLOBAL,PWRSPVBRBXX,SPVBRBXX,1,2047,1.0
GLOBAL,PWRSPVBRBXX,SPVBRBXX,1,2048,1.0
GLOBAL,PWRSPVBRBXX,SPVBRBXX,1,2049,1.0
GLOBAL,PWRSPVBRBXX,SPVBRBXX,1,2050,1.0
GLOBAL,PWRSPVCHLXX,SPVCHLXX,1,2023,1.0
GLOBAL,PWRSPVCHLXX,SPVCHLXX,1,2024,1.0
GLOBAL,PWRSPVCHLXX,SPVCHLXX,1,2025,1.0
GLOBAL,PWRSPVCHLXX,SPVCHLXX,1,2026,1.0
GLOBAL,PWRSPVCHLXX,SPVCHLXX,1,2027,1.0
GLOBAL,PWRSPVCHLXX,SPVCHLXX,1,2028,1.0
GLOBAL,PWRSPVCHLXX,SPVCHLXX,1,2029,1.0
GLOBAL,PWRSPVCHLXX,SPVCHLXX,1,2030,1.0
GLOBAL,PWRSPVCHLXX,SPVCHLXX,1,2031,1.0
GLOBAL,PWRSPVCHLXX,SPVCHLXX,1,2032,1.0
GLOBAL,PWRSPVCHLXX,SPVCHLXX,1,2033,1.0
GLOBAL,PWRSPVCHLXX,SPVCHLXX,1,2034,1.0
GLOBAL,PWRSPVCHLXX,SPVCHLXX,1,2035,1.0
GLOBAL,PWRSPVCHLXX,SPVCHLXX,1,2036,1.0
GLOBAL,PWRSPVCHLXX,SPVCHLXX,1,2037,1.0
GLOBAL,PWRSPVCHLXX,SPVCHLXX,1,2038,1.0
GLOBAL,PWRSPVCHLXX,SPVCHLXX,1,2039,1.0
GLOBAL,PWRSPVCHLXX,SPVCHLXX,1,2040,1.0
GLOBAL,PWRSPVCHLXX,SPVCHLXX,1,2041,1.0
GLOBAL,PWRSPVCHLXX,SPVCHLXX,1,2042,1.0
GLOBAL,PWRSPVCHLXX,SPVCHLXX,1,2043,1.0
GLOBAL,PWRSPVCHLXX,SPVCHLXX,1,2044,1.0
GLOBAL,PWRSPVCHLXX,SPVCHLXX,1,2045,1.0
GLOBAL,PWRSPVCHLXX,SPVCHLXX,1,2046,1.0
GLOBAL,PWRSPVCHLXX,SPVCHLXX,1,2047,1.0
GLOBAL,PWRSPVCHLXX,SPVCHLXX,1,2048,1.0
GLOBAL,PWRSPVCHLXX,SPVCHLXX,1,2049,1.0
GLOBAL,PWRSPVCHLXX,SPVCHLXX,1,2050,1.0
GLOBAL,PWRSPVCOLXX,SPVCOLXX,1,2023,1.0
GLOBAL,PWRSPVCOLXX,SPVCOLXX,1,2024,1.0
GLOBAL,PWRSPVCOLXX,SPVCOLXX,1,2025,1.0
GLOBAL,PWRSPVCOLXX,SPVCOLXX,1,2026,1.0
GLOBAL,PWRSPVCOLXX,SPVCOLXX,1,2027,1.0
GLOBAL,PWRSPVCOLXX,SPVCOLXX,1,2028,1.0
GLOBAL,PWRSPVCOLXX,SPVCOLXX,1,2029,1.0
GLOBAL,PWRSPVCOLXX,SPVCOLXX,1,2030,1.0
GLOBAL,PWRSPVCOLXX,SPVCOLXX,1,2031,1.0
GLOBAL,PWRSPVCOLXX,SPVCOLXX,1,2032,1.0
GLOBAL,PWRSPVCOLXX,SPVCOLXX,1,2033,1.0
GLOBAL,PWRSPVCOLXX,SPVCOLXX,1,2034,1.0
GLOBAL,PWRSPVCOLXX,SPVCOLXX,1,2035,1.0
GLOBAL,PWRSPVCOLXX,SPVCOLXX,1,2036,1.0
GLOBAL,PWRSPVCOLXX,SPVCOLXX,1,2037,1.0
GLOBAL,PWRSPVCOLXX,SPVCOLXX,1,2038,1.0
GLOBAL,PWRSPVCOLXX,SPVCOLXX,1,2039,1.0
GLOBAL,PWRSPVCOLXX,SPVCOLXX,1,2040,1.0
GLOBAL,PWRSPVCOLXX,SPVCOLXX,1,2041,1.0
GLOBAL,PWRSPVCOLXX,SPVCOLXX,1,2042,1.0
GLOBAL,PWRSPVCOLXX,SPVCOLXX,1,2043,1.0
GLOBAL,PWRSPVCOLXX,SPVCOLXX,1,2044,1.0
GLOBAL,PWRSPVCOLXX,SPVCOLXX,1,2045,1.0
GLOBAL,PWRSPVCOLXX,SPVCOLXX,1,2046,1.0
GLOBAL,PWRSPVCOLXX,SPVCOLXX,1,2047,1.0
GLOBAL,PWRSPVCOLXX,SPVCOLXX,1,2048,1.0
GLOBAL,PWRSPVCOLXX,SPVCOLXX,1,2049,1.0
GLOBAL,PWRSPVCOLXX,SPVCOLXX,1,2050,1.0
GLOBAL,PWRSPVCRIXX,SPVCRIXX,1,2023,1.0
GLOBAL,PWRSPVCRIXX,SPVCRIXX,1,2024,1.0
GLOBAL,PWRSPVCRIXX,SPVCRIXX,1,2025,1.0
GLOBAL,PWRSPVCRIXX,SPVCRIXX,1,2026,1.0
GLOBAL,PWRSPVCRIXX,SPVCRIXX,1,2027,1.0
GLOBAL,PWRSPVCRIXX,SPVCRIXX,1,2028,1.0
GLOBAL,PWRSPVCRIXX,SPVCRIXX,1,2029,1.0
GLOBAL,PWRSPVCRIXX,SPVCRIXX,1,2030,1.0
GLOBAL,PWRSPVCRIXX,SPVCRIXX,1,2031,1.0
GLOBAL,PWRSPVCRIXX,SPVCRIXX,1,2032,1.0
GLOBAL,PWRSPVCRIXX,SPVCRIXX,1,2033,1.0
GLOBAL,PWRSPVCRIXX,SPVCRIXX,1,2034,1.0
GLOBAL,PWRSPVCRIXX,SPVCRIXX,1,2035,1.0
GLOBAL,PWRSPVCRIXX,SPVCRIXX,1,2036,1.0
GLOBAL,PWRSPVCRIXX,SPVCRIXX,1,2037,1.0
GLOBAL,PWRSPVCRIXX,SPVCRIXX,1,2038,1.0
GLOBAL,PWRSPVCRIXX,SPVCRIXX,1,2039,1.0
GLOBAL,PWRSPVCRIXX,SPVCRIXX,1,2040,1.0
GLOBAL,PWRSPVCRIXX,SPVCRIXX,1,2041,1.0
GLOBAL,PWRSPVCRIXX,SPVCRIXX,1,2042,1.0
GLOBAL,PWRSPVCRIXX,SPVCRIXX,1,2043,1.0
GLOBAL,PWRSPVCRIXX,SPVCRIXX,1,2044,1.0
GLOBAL,PWRSPVCRIXX,SPVCRIXX,1,2045,1.0
GLOBAL,PWRSPVCRIXX,SPVCRIXX,1,2046,1.0
GLOBAL,PWRSPVCRIXX,SPVCRIXX,1,2047,1.0
GLOBAL,PWRSPVCRIXX,SPVCRIXX,1,2048,1.0
GLOBAL,PWRSPVCRIXX,SPVCRIXX,1,2049,1.0
GLOBAL,PWRSPVCRIXX,SPVCRIXX,1,2050,1.0
GLOBAL,PWRSPVDOMXX,SPVDOMXX,1,2023,1.0
GLOBAL,PWRSPVDOMXX,SPVDOMXX,1,2024,1.0
GLOBAL,PWRSPVDOMXX,SPVDOMXX,1,2025,1.0
GLOBAL,PWRSPVDOMXX,SPVDOMXX,1,2026,1.0
GLOBAL,PWRSPVDOMXX,SPVDOMXX,1,2027,1.0
GLOBAL,PWRSPVDOMXX,SPVDOMXX,1,2028,1.0
GLOBAL,PWRSPVDOMXX,SPVDOMXX,1,2029,1.0
GLOBAL,PWRSPVDOMXX,SPVDOMXX,1,2030,1.0
GLOBAL,PWRSPVDOMXX,SPVDOMXX,1,2031,1.0
GLOBAL,PWRSPVDOMXX,SPVDOMXX,1,2032,1.0
GLOBAL,PWRSPVDOMXX,SPVDOMXX,1,2033,1.0
GLOBAL,PWRSPVDOMXX,SPVDOMXX,1,2034,1.0
GLOBAL,PWRSPVDOMXX,SPVDOMXX,1,2035,1.0
GLOBAL,PWRSPVDOMXX,SPVDOMXX,1,2036,1.0
GLOBAL,PWRSPVDOMXX,SPVDOMXX,1,2037,1.0
GLOBAL,PWRSPVDOMXX,SPVDOMXX,1,2038,1.0
GLOBAL,PWRSPVDOMXX,SPVDOMXX,1,2039,1.0
GLOBAL,PWRSPVDOMXX,SPVDOMXX,1,2040,1.0
GLOBAL,PWRSPVDOMXX,SPVDOMXX,1,2041,1.0
GLOBAL,PWRSPVDOMXX,SPVDOMXX,1,2042,1.0
GLOBAL,PWRSPVDOMXX,SPVDOMXX,1,2043,1.0
GLOBAL,PWRSPVDOMXX,SPVDOMXX,1,2044,1.0
GLOBAL,PWRSPVDOMXX,SPVDOMXX,1,2045,1.0
GLOBAL,PWRSPVDOMXX,SPVDOMXX,1,2046,1.0
GLOBAL,PWRSPVDOMXX,SPVDOMXX,1,2047,1.0
GLOBAL,PWRSPVDOMXX,SPVDOMXX,1,2048,1.0
GLOBAL,PWRSPVDOMXX,SPVDOMXX,1,2049,1.0
GLOBAL,PWRSPVDOMXX,SPVDOMXX,1,2050,1.0
GLOBAL,PWRSPVECUXX,SPVECUXX,1,2023,1.0
GLOBAL,PWRSPVECUXX,SPVECUXX,1,2024,1.0
GLOBAL,PWRSPVECUXX,SPVECUXX,1,2025,1.0
GLOBAL,PWRSPVECUXX,SPVECUXX,1,2026,1.0
GLOBAL,PWRSPVECUXX,SPVECUXX,1,2027,1.0
GLOBAL,PWRSPVECUXX,SPVECUXX,1,2028,1.0
GLOBAL,PWRSPVECUXX,SPVECUXX,1,2029,1.0
GLOBAL,PWRSPVECUXX,SPVECUXX,1,2030,1.0
GLOBAL,PWRSPVECUXX,SPVECUXX,1,2031,1.0
GLOBAL,PWRSPVECUXX,SPVECUXX,1,2032,1.0
GLOBAL,PWRSPVECUXX,SPVECUXX,1,2033,1.0
GLOBAL,PWRSPVECUXX,SPVECUXX,1,2034,1.0
GLOBAL,PWRSPVECUXX,SPVECUXX,1,2035,1.0
GLOBAL,PWRSPVECUXX,SPVECUXX,1,2036,1.0
GLOBAL,PWRSPVECUXX,SPVECUXX,1,2037,1.0
GLOBAL,PWRSPVECUXX,SPVECUXX,1,2038,1.0
GLOBAL,PWRSPVECUXX,SPVECUXX,1,2039,1.0
GLOBAL,PWRSPVECUXX,SPVECUXX,1,2040,1.0
GLOBAL,PWRSPVECUXX,SPVECUXX,1,2041,1.0
GLOBAL,PWRSPVECUXX,SPVECUXX,1,2042,1.0
GLOBAL,PWRSPVECUXX,SPVECUXX,1,2043,1.0
GLOBAL,PWRSPVECUXX,SPVECUXX,1,2044,1.0
GLOBAL,PWRSPVECUXX,SPVECUXX,1,2045,1.0
GLOBAL,PWRSPVECUXX,SPVECUXX,1,2046,1.0
GLOBAL,PWRSPVECUXX,SPVECUXX,1,2047,1.0
GLOBAL,PWRSPVECUXX,SPVECUXX,1,2048,1.0
GLOBAL,PWRSPVECUXX,SPVECUXX,1,2049,1.0
GLOBAL,PWRSPVECUXX,SPVECUXX,1,2050,1.0
GLOBAL,PWRSPVGTMXX,SPVGTMXX,1,2023,1.0
GLOBAL,PWRSPVGTMXX,SPVGTMXX,1,2024,1.0
GLOBAL,PWRSPVGTMXX,SPVGTMXX,1,2025,1.0
GLOBAL,PWRSPVGTMXX,SPVGTMXX,1,2026,1.0
GLOBAL,PWRSPVGTMXX,SPVGTMXX,1,2027,1.0
GLOBAL,PWRSPVGTMXX,SPVGTMXX,1,2028,1.0
GLOBAL,PWRSPVGTMXX,SPVGTMXX,1,2029,1.0
GLOBAL,PWRSPVGTMXX,SPVGTMXX,1,2030,1.0
GLOBAL,PWRSPVGTMXX,SPVGTMXX,1,2031,1.0
GLOBAL,PWRSPVGTMXX,SPVGTMXX,1,2032,1.0
GLOBAL,PWRSPVGTMXX,SPVGTMXX,1,2033,1.0
GLOBAL,PWRSPVGTMXX,SPVGTMXX,1,2034,1.0
GLOBAL,PWRSPVGTMXX,SPVGTMXX,1,2035,1.0
GLOBAL,PWRSPVGTMXX,SPVGTMXX,1,2036,1.0
GLOBAL,PWRSPVGTMXX,SPVGTMXX,1,2037,1.0
GLOBAL,PWRSPVGTMXX,SPVGTMXX,1,2038,1.0
GLOBAL,PWRSPVGTMXX,SPVGTMXX,1,2039,1.0
GLOBAL,PWRSPVGTMXX,SPVGTMXX,1,2040,1.0
GLOBAL,PWRSPVGTMXX,SPVGTMXX,1,2041,1.0
GLOBAL,PWRSPVGTMXX,SPVGTMXX,1,2042,1.0
GLOBAL,PWRSPVGTMXX,SPVGTMXX,1,2043,1.0
GLOBAL,PWRSPVGTMXX,SPVGTMXX,1,2044,1.0
GLOBAL,PWRSPVGTMXX,SPVGTMXX,1,2045,1.0
GLOBAL,PWRSPVGTMXX,SPVGTMXX,1,2046,1.0
GLOBAL,PWRSPVGTMXX,SPVGTMXX,1,2047,1.0
GLOBAL,PWRSPVGTMXX,SPVGTMXX,1,2048,1.0
GLOBAL,PWRSPVGTMXX,SPVGTMXX,1,2049,1.0
GLOBAL,PWRSPVGTMXX,SPVGTMXX,1,2050,1.0
GLOBAL,PWRSPVHNDXX,SPVHNDXX,1,2023,1.0
GLOBAL,PWRSPVHNDXX,SPVHNDXX,1,2024,1.0
GLOBAL,PWRSPVHNDXX,SPVHNDXX,1,2025,1.0
GLOBAL,PWRSPVHNDXX,SPVHNDXX,1,2026,1.0
GLOBAL,PWRSPVHNDXX,SPVHNDXX,1,2027,1.0
GLOBAL,PWRSPVHNDXX,SPVHNDXX,1,2028,1.0
GLOBAL,PWRSPVHNDXX,SPVHNDXX,1,2029,1.0
GLOBAL,PWRSPVHNDXX,SPVHNDXX,1,2030,1.0
GLOBAL,PWRSPVHNDXX,SPVHNDXX,1,2031,1.0
GLOBAL,PWRSPVHNDXX,SPVHNDXX,1,2032,1.0
GLOBAL,PWRSPVHNDXX,SPVHNDXX,1,2033,1.0
GLOBAL,PWRSPVHNDXX,SPVHNDXX,1,2034,1.0
GLOBAL,PWRSPVHNDXX,SPVHNDXX,1,2035,1.0
GLOBAL,PWRSPVHNDXX,SPVHNDXX,1,2036,1.0
GLOBAL,PWRSPVHNDXX,SPVHNDXX,1,2037,1.0
GLOBAL,PWRSPVHNDXX,SPVHNDXX,1,2038,1.0
GLOBAL,PWRSPVHNDXX,SPVHNDXX,1,2039,1.0
GLOBAL,PWRSPVHNDXX,SPVHNDXX,1,2040,1.0
GLOBAL,PWRSPVHNDXX,SPVHNDXX,1,2041,1.0
GLOBAL,PWRSPVHNDXX,SPVHNDXX,1,2042,1.0
GLOBAL,PWRSPVHNDXX,SPVHNDXX,1,2043,1.0
GLOBAL,PWRSPVHNDXX,SPVHNDXX,1,2044,1.0
GLOBAL,PWRSPVHNDXX,SPVHNDXX,1,2045,1.0
GLOBAL,PWRSPVHNDXX,SPVHNDXX,1,2046,1.0
GLOBAL,PWRSPVHNDXX,SPVHNDXX,1,2047,1.0
GLOBAL,PWRSPVHNDXX,SPVHNDXX,1,2048,1.0
GLOBAL,PWRSPVHNDXX,SPVHNDXX,1,2049,1.0
GLOBAL,PWRSPVHNDXX,SPVHNDXX,1,2050,1.0
GLOBAL,PWRSPVHTIXX,SPVHTIXX,1,2023,1.0
GLOBAL,PWRSPVHTIXX,SPVHTIXX,1,2024,1.0
GLOBAL,PWRSPVHTIXX,SPVHTIXX,1,2025,1.0
GLOBAL,PWRSPVHTIXX,SPVHTIXX,1,2026,1.0
GLOBAL,PWRSPVHTIXX,SPVHTIXX,1,2027,1.0
GLOBAL,PWRSPVHTIXX,SPVHTIXX,1,2028,1.0
GLOBAL,PWRSPVHTIXX,SPVHTIXX,1,2029,1.0
GLOBAL,PWRSPVHTIXX,SPVHTIXX,1,2030,1.0
GLOBAL,PWRSPVHTIXX,SPVHTIXX,1,2031,1.0
GLOBAL,PWRSPVHTIXX,SPVHTIXX,1,2032,1.0
GLOBAL,PWRSPVHTIXX,SPVHTIXX,1,2033,1.0
GLOBAL,PWRSPVHTIXX,SPVHTIXX,1,2034,1.0
GLOBAL,PWRSPVHTIXX,SPVHTIXX,1,2035,1.0
GLOBAL,PWRSPVHTIXX,SPVHTIXX,1,2036,1.0
GLOBAL,PWRSPVHTIXX,SPVHTIXX,1,2037,1.0
GLOBAL,PWRSPVHTIXX,SPVHTIXX,1,2038,1.0
GLOBAL,PWRSPVHTIXX,SPVHTIXX,1,2039,1.0
GLOBAL,PWRSPVHTIXX,SPVHTIXX,1,2040,1.0
GLOBAL,PWRSPVHTIXX,SPVHTIXX,1,2041,1.0
GLOBAL,PWRSPVHTIXX,SPVHTIXX,1,2042,1.0
GLOBAL,PWRSPVHTIXX,SPVHTIXX,1,2043,1.0
GLOBAL,PWRSPVHTIXX,SPVHTIXX,1,2044,1.0
GLOBAL,PWRSPVHTIXX,SPVHTIXX,1,2045,1.0
GLOBAL,PWRSPVHTIXX,SPVHTIXX,1,2046,1.0
GLOBAL,PWRSPVHTIXX,SPVHTIXX,1,2047,1.0
GLOBAL,PWRSPVHTIXX,SPVHTIXX,1,2048,1.0
GLOBAL,PWRSPVHTIXX,SPVHTIXX,1,2049,1.0
GLOBAL,PWRSPVHTIXX,SPVHTIXX,1,2050,1.0
GLOBAL,PWRSPVMEXXX,SPVMEXXX,1,2023,1.0
GLOBAL,PWRSPVMEXXX,SPVMEXXX,1,2024,1.0
GLOBAL,PWRSPVMEXXX,SPVMEXXX,1,2025,1.0
GLOBAL,PWRSPVMEXXX,SPVMEXXX,1,2026,1.0
GLOBAL,PWRSPVMEXXX,SPVMEXXX,1,2027,1.0
GLOBAL,PWRSPVMEXXX,SPVMEXXX,1,2028,1.0
GLOBAL,PWRSPVMEXXX,SPVMEXXX,1,2029,1.0
GLOBAL,PWRSPVMEXXX,SPVMEXXX,1,2030,1.0
GLOBAL,PWRSPVMEXXX,SPVMEXXX,1,2031,1.0
GLOBAL,PWRSPVMEXXX,SPVMEXXX,1,2032,1.0
GLOBAL,PWRSPVMEXXX,SPVMEXXX,1,2033,1.0
GLOBAL,PWRSPVMEXXX,SPVMEXXX,1,2034,1.0
GLOBAL,PWRSPVMEXXX,SPVMEXXX,1,2035,1.0
GLOBAL,PWRSPVMEXXX,SPVMEXXX,1,2036,1.0
GLOBAL,PWRSPVMEXXX,SPVMEXXX,1,2037,1.0
GLOBAL,PWRSPVMEXXX,SPVMEXXX,1,2038,1.0
GLOBAL,PWRSPVMEXXX,SPVMEXXX,1,2039,1.0
GLOBAL,PWRSPVMEXXX,SPVMEXXX,1,2040,1.0
GLOBAL,PWRSPVMEXXX,SPVMEXXX,1,2041,1.0
GLOBAL,PWRSPVMEXXX,SPVMEXXX,1,2042,1.0
GLOBAL,PWRSPVMEXXX,SPVMEXXX,1,2043,1.0
GLOBAL,PWRSPVMEXXX,SPVMEXXX,1,2044,1.0
GLOBAL,PWRSPVMEXXX,SPVMEXXX,1,2045,1.0
GLOBAL,PWRSPVMEXXX,SPVMEXXX,1,2046,1.0
GLOBAL,PWRSPVMEXXX,SPVMEXXX,1,2047,1.0
GLOBAL,PWRSPVMEXXX,SPVMEXXX,1,2048,1.0
GLOBAL,PWRSPVMEXXX,SPVMEXXX,1,2049,1.0
GLOBAL,PWRSPVMEXXX,SPVMEXXX,1,2050,1.0
GLOBAL,PWRSPVNICXX,SPVNICXX,1,2023,1.0
GLOBAL,PWRSPVNICXX,SPVNICXX,1,2024,1.0
GLOBAL,PWRSPVNICXX,SPVNICXX,1,2025,1.0
GLOBAL,PWRSPVNICXX,SPVNICXX,1,2026,1.0
GLOBAL,PWRSPVNICXX,SPVNICXX,1,2027,1.0
GLOBAL,PWRSPVNICXX,SPVNICXX,1,2028,1.0
GLOBAL,PWRSPVNICXX,SPVNICXX,1,2029,1.0
GLOBAL,PWRSPVNICXX,SPVNICXX,1,2030,1.0
GLOBAL,PWRSPVNICXX,SPVNICXX,1,2031,1.0
GLOBAL,PWRSPVNICXX,SPVNICXX,1,2032,1.0
GLOBAL,PWRSPVNICXX,SPVNICXX,1,2033,1.0
GLOBAL,PWRSPVNICXX,SPVNICXX,1,2034,1.0
GLOBAL,PWRSPVNICXX,SPVNICXX,1,2035,1.0
GLOBAL,PWRSPVNICXX,SPVNICXX,1,2036,1.0
GLOBAL,PWRSPVNICXX,SPVNICXX,1,2037,1.0
GLOBAL,PWRSPVNICXX,SPVNICXX,1,2038,1.0
GLOBAL,PWRSPVNICXX,SPVNICXX,1,2039,1.0
GLOBAL,PWRSPVNICXX,SPVNICXX,1,2040,1.0
GLOBAL,PWRSPVNICXX,SPVNICXX,1,2041,1.0
GLOBAL,PWRSPVNICXX,SPVNICXX,1,2042,1.0
GLOBAL,PWRSPVNICXX,SPVNICXX,1,2043,1.0
GLOBAL,PWRSPVNICXX,SPVNICXX,1,2044,1.0
GLOBAL,PWRSPVNICXX,SPVNICXX,1,2045,1.0
GLOBAL,PWRSPVNICXX,SPVNICXX,1,2046,1.0
GLOBAL,PWRSPVNICXX,SPVNICXX,1,2047,1.0
GLOBAL,PWRSPVNICXX,SPVNICXX,1,2048,1.0
GLOBAL,PWRSPVNICXX,SPVNICXX,1,2049,1.0
GLOBAL,PWRSPVNICXX,SPVNICXX,1,2050,1.0
GLOBAL,PWRSPVPANXX,SPVPANXX,1,2023,1.0
GLOBAL,PWRSPVPANXX,SPVPANXX,1,2024,1.0
GLOBAL,PWRSPVPANXX,SPVPANXX,1,2025,1.0
GLOBAL,PWRSPVPANXX,SPVPANXX,1,2026,1.0
GLOBAL,PWRSPVPANXX,SPVPANXX,1,2027,1.0
GLOBAL,PWRSPVPANXX,SPVPANXX,1,2028,1.0
GLOBAL,PWRSPVPANXX,SPVPANXX,1,2029,1.0
GLOBAL,PWRSPVPANXX,SPVPANXX,1,2030,1.0
GLOBAL,PWRSPVPANXX,SPVPANXX,1,2031,1.0
GLOBAL,PWRSPVPANXX,SPVPANXX,1,2032,1.0
GLOBAL,PWRSPVPANXX,SPVPANXX,1,2033,1.0
GLOBAL,PWRSPVPANXX,SPVPANXX,1,2034,1.0
GLOBAL,PWRSPVPANXX,SPVPANXX,1,2035,1.0
GLOBAL,PWRSPVPANXX,SPVPANXX,1,2036,1.0
GLOBAL,PWRSPVPANXX,SPVPANXX,1,2037,1.0
GLOBAL,PWRSPVPANXX,SPVPANXX,1,2038,1.0
GLOBAL,PWRSPVPANXX,SPVPANXX,1,2039,1.0
GLOBAL,PWRSPVPANXX,SPVPANXX,1,2040,1.0
GLOBAL,PWRSPVPANXX,SPVPANXX,1,2041,1.0
GLOBAL,PWRSPVPANXX,SPVPANXX,1,2042,1.0
GLOBAL,PWRSPVPANXX,SPVPANXX,1,2043,1.0
GLOBAL,PWRSPVPANXX,SPVPANXX,1,2044,1.0
GLOBAL,PWRSPVPANXX,SPVPANXX,1,2045,1.0
GLOBAL,PWRSPVPANXX,SPVPANXX,1,2046,1.0
GLOBAL,PWRSPVPANXX,SPVPANXX,1,2047,1.0
GLOBAL,PWRSPVPANXX,SPVPANXX,1,2048,1.0
GLOBAL,PWRSPVPANXX,SPVPANXX,1,2049,1.0
GLOBAL,PWRSPVPANXX,SPVPANXX,1,2050,1.0
GLOBAL,PWRSPVPERXX,SPVPERXX,1,2023,1.0
GLOBAL,PWRSPVPERXX,SPVPERXX,1,2024,1.0
GLOBAL,PWRSPVPERXX,SPVPERXX,1,2025,1.0
GLOBAL,PWRSPVPERXX,SPVPERXX,1,2026,1.0
GLOBAL,PWRSPVPERXX,SPVPERXX,1,2027,1.0
GLOBAL,PWRSPVPERXX,SPVPERXX,1,2028,1.0
GLOBAL,PWRSPVPERXX,SPVPERXX,1,2029,1.0
GLOBAL,PWRSPVPERXX,SPVPERXX,1,2030,1.0
GLOBAL,PWRSPVPERXX,SPVPERXX,1,2031,1.0
GLOBAL,PWRSPVPERXX,SPVPERXX,1,2032,1.0
GLOBAL,PWRSPVPERXX,SPVPERXX,1,2033,1.0
GLOBAL,PWRSPVPERXX,SPVPERXX,1,2034,1.0
GLOBAL,PWRSPVPERXX,SPVPERXX,1,2035,1.0
GLOBAL,PWRSPVPERXX,SPVPERXX,1,2036,1.0
GLOBAL,PWRSPVPERXX,SPVPERXX,1,2037,1.0
GLOBAL,PWRSPVPERXX,SPVPERXX,1,2038,1.0
GLOBAL,PWRSPVPERXX,SPVPERXX,1,2039,1.0
GLOBAL,PWRSPVPERXX,SPVPERXX,1,2040,1.0
GLOBAL,PWRSPVPERXX,SPVPERXX,1,2041,1.0
GLOBAL,PWRSPVPERXX,SPVPERXX,1,2042,1.0
GLOBAL,PWRSPVPERXX,SPVPERXX,1,2043,1.0
GLOBAL,PWRSPVPERXX,SPVPERXX,1,2044,1.0
GLOBAL,PWRSPVPERXX,SPVPERXX,1,2045,1.0
GLOBAL,PWRSPVPERXX,SPVPERXX,1,2046,1.0
GLOBAL,PWRSPVPERXX,SPVPERXX,1,2047,1.0
GLOBAL,PWRSPVPERXX,SPVPERXX,1,2048,1.0
GLOBAL,PWRSPVPERXX,SPVPERXX,1,2049,1.0
GLOBAL,PWRSPVPERXX,SPVPERXX,1,2050,1.0
GLOBAL,PWRSPVPRYXX,SPVPRYXX,1,2023,1.0
GLOBAL,PWRSPVPRYXX,SPVPRYXX,1,2024,1.0
GLOBAL,PWRSPVPRYXX,SPVPRYXX,1,2025,1.0
GLOBAL,PWRSPVPRYXX,SPVPRYXX,1,2026,1.0
GLOBAL,PWRSPVPRYXX,SPVPRYXX,1,2027,1.0
GLOBAL,PWRSPVPRYXX,SPVPRYXX,1,2028,1.0
GLOBAL,PWRSPVPRYXX,SPVPRYXX,1,2029,1.0
GLOBAL,PWRSPVPRYXX,SPVPRYXX,1,2030,1.0
GLOBAL,PWRSPVPRYXX,SPVPRYXX,1,2031,1.0
GLOBAL,PWRSPVPRYXX,SPVPRYXX,1,2032,1.0
GLOBAL,PWRSPVPRYXX,SPVPRYXX,1,2033,1.0
GLOBAL,PWRSPVPRYXX,SPVPRYXX,1,2034,1.0
GLOBAL,PWRSPVPRYXX,SPVPRYXX,1,2035,1.0
GLOBAL,PWRSPVPRYXX,SPVPRYXX,1,2036,1.0
GLOBAL,PWRSPVPRYXX,SPVPRYXX,1,2037,1.0
GLOBAL,PWRSPVPRYXX,SPVPRYXX,1,2038,1.0
GLOBAL,PWRSPVPRYXX,SPVPRYXX,1,2039,1.0
GLOBAL,PWRSPVPRYXX,SPVPRYXX,1,2040,1.0
GLOBAL,PWRSPVPRYXX,SPVPRYXX,1,2041,1.0
GLOBAL,PWRSPVPRYXX,SPVPRYXX,1,2042,1.0
GLOBAL,PWRSPVPRYXX,SPVPRYXX,1,2043,1.0
GLOBAL,PWRSPVPRYXX,SPVPRYXX,1,2044,1.0
GLOBAL,PWRSPVPRYXX,SPVPRYXX,1,2045,1.0
GLOBAL,PWRSPVPRYXX,SPVPRYXX,1,2046,1.0
GLOBAL,PWRSPVPRYXX,SPVPRYXX,1,2047,1.0
GLOBAL,PWRSPVPRYXX,SPVPRYXX,1,2048,1.0
GLOBAL,PWRSPVPRYXX,SPVPRYXX,1,2049,1.0
GLOBAL,PWRSPVPRYXX,SPVPRYXX,1,2050,1.0
GLOBAL,PWRSPVSLVXX,SPVSLVXX,1,2023,1.0
GLOBAL,PWRSPVSLVXX,SPVSLVXX,1,2024,1.0
GLOBAL,PWRSPVSLVXX,SPVSLVXX,1,2025,1.0
GLOBAL,PWRSPVSLVXX,SPVSLVXX,1,2026,1.0
GLOBAL,PWRSPVSLVXX,SPVSLVXX,1,2027,1.0
GLOBAL,PWRSPVSLVXX,SPVSLVXX,1,2028,1.0
GLOBAL,PWRSPVSLVXX,SPVSLVXX,1,2029,1.0
GLOBAL,PWRSPVSLVXX,SPVSLVXX,1,2030,1.0
GLOBAL,PWRSPVSLVXX,SPVSLVXX,1,2031,1.0
GLOBAL,PWRSPVSLVXX,SPVSLVXX,1,2032,1.0
GLOBAL,PWRSPVSLVXX,SPVSLVXX,1,2033,1.0
GLOBAL,PWRSPVSLVXX,SPVSLVXX,1,2034,1.0
GLOBAL,PWRSPVSLVXX,SPVSLVXX,1,2035,1.0
GLOBAL,PWRSPVSLVXX,SPVSLVXX,1,2036,1.0
GLOBAL,PWRSPVSLVXX,SPVSLVXX,1,2037,1.0
GLOBAL,PWRSPVSLVXX,SPVSLVXX,1,2038,1.0
GLOBAL,PWRSPVSLVXX,SPVSLVXX,1,2039,1.0
GLOBAL,PWRSPVSLVXX,SPVSLVXX,1,2040,1.0
GLOBAL,PWRSPVSLVXX,SPVSLVXX,1,2041,1.0
GLOBAL,PWRSPVSLVXX,SPVSLVXX,1,2042,1.0
GLOBAL,PWRSPVSLVXX,SPVSLVXX,1,2043,1.0
GLOBAL,PWRSPVSLVXX,SPVSLVXX,1,2044,1.0
GLOBAL,PWRSPVSLVXX,SPVSLVXX,1,2045,1.0
GLOBAL,PWRSPVSLVXX,SPVSLVXX,1,2046,1.0
GLOBAL,PWRSPVSLVXX,SPVSLVXX,1,2047,1.0
GLOBAL,PWRSPVSLVXX,SPVSLVXX,1,2048,1.0
GLOBAL,PWRSPVSLVXX,SPVSLVXX,1,2049,1.0
GLOBAL,PWRSPVSLVXX,SPVSLVXX,1,2050,1.0
GLOBAL,PWRSPVURYXX,SPVURYXX,1,2023,1.0
GLOBAL,PWRSPVURYXX,SPVURYXX,1,2024,1.0
GLOBAL,PWRSPVURYXX,SPVURYXX,1,2025,1.0
GLOBAL,PWRSPVURYXX,SPVURYXX,1,2026,1.0
GLOBAL,PWRSPVURYXX,SPVURYXX,1,2027,1.0
GLOBAL,PWRSPVURYXX,SPVURYXX,1,2028,1.0
GLOBAL,PWRSPVURYXX,SPVURYXX,1,2029,1.0
GLOBAL,PWRSPVURYXX,SPVURYXX,1,2030,1.0
GLOBAL,PWRSPVURYXX,SPVURYXX,1,2031,1.0
GLOBAL,PWRSPVURYXX,SPVURYXX,1,2032,1.0
GLOBAL,PWRSPVURYXX,SPVURYXX,1,2033,1.0
GLOBAL,PWRSPVURYXX,SPVURYXX,1,2034,1.0
GLOBAL,PWRSPVURYXX,SPVURYXX,1,2035,1.0
GLOBAL,PWRSPVURYXX,SPVURYXX,1,2036,1.0
GLOBAL,PWRSPVURYXX,SPVURYXX,1,2037,1.0
GLOBAL,PWRSPVURYXX,SPVURYXX,1,2038,1.0
GLOBAL,PWRSPVURYXX,SPVURYXX,1,2039,1.0
GLOBAL,PWRSPVURYXX,SPVURYXX,1,2040,1.0
GLOBAL,PWRSPVURYXX,SPVURYXX,1,2041,1.0
GLOBAL,PWRSPVURYXX,SPVURYXX,1,2042,1.0
GLOBAL,PWRSPVURYXX,SPVURYXX,1,2043,1.0
GLOBAL,PWRSPVURYXX,SPVURYXX,1,2044,1.0
GLOBAL,PWRSPVURYXX,SPVURYXX,1,2045,1.0
GLOBAL,PWRSPVURYXX,SPVURYXX,1,2046,1.0
GLOBAL,PWRSPVURYXX,SPVURYXX,1,2047,1.0
GLOBAL,PWRSPVURYXX,SPVURYXX,1,2048,1.0
GLOBAL,PWRSPVURYXX,SPVURYXX,1,2049,1.0
GLOBAL,PWRSPVURYXX,SPVURYXX,1,2050,1.0
GLOBAL,PWRTRNARGXX,ELCARGXX01,1,2023,1.0
GLOBAL,PWRTRNARGXX,ELCARGXX01,1,2024,1.0
GLOBAL,PWRTRNARGXX,ELCARGXX01,1,2025,1.0
GLOBAL,PWRTRNARGXX,ELCARGXX01,1,2026,1.0
GLOBAL,PWRTRNARGXX,ELCARGXX01,1,2027,1.0
GLOBAL,PWRTRNARGXX,ELCARGXX01,1,2028,1.0
GLOBAL,PWRTRNARGXX,ELCARGXX01,1,2029,1.0
GLOBAL,PWRTRNARGXX,ELCARGXX01,1,2030,1.0
GLOBAL,PWRTRNARGXX,ELCARGXX01,1,2031,1.0
GLOBAL,PWRTRNARGXX,ELCARGXX01,1,2032,1.0
GLOBAL,PWRTRNARGXX,ELCARGXX01,1,2033,1.0
GLOBAL,PWRTRNARGXX,ELCARGXX01,1,2034,1.0
GLOBAL,PWRTRNARGXX,ELCARGXX01,1,2035,1.0
GLOBAL,PWRTRNARGXX,ELCARGXX01,1,2036,1.0
GLOBAL,PWRTRNARGXX,ELCARGXX01,1,2037,1.0
GLOBAL,PWRTRNARGXX,ELCARGXX01,1,2038,1.0
GLOBAL,PWRTRNARGXX,ELCARGXX01,1,2039,1.0
GLOBAL,PWRTRNARGXX,ELCARGXX01,1,2040,1.0
GLOBAL,PWRTRNARGXX,ELCARGXX01,1,2041,1.0
GLOBAL,PWRTRNARGXX,ELCARGXX01,1,2042,1.0
GLOBAL,PWRTRNARGXX,ELCARGXX01,1,2043,1.0
GLOBAL,PWRTRNARGXX,ELCARGXX01,1,2044,1.0
GLOBAL,PWRTRNARGXX,ELCARGXX01,1,2045,1.0
GLOBAL,PWRTRNARGXX,ELCARGXX01,1,2046,1.0
GLOBAL,PWRTRNARGXX,ELCARGXX01,1,2047,1.0
GLOBAL,PWRTRNARGXX,ELCARGXX01,1,2048,1.0
GLOBAL,PWRTRNARGXX,ELCARGXX01,1,2049,1.0
GLOBAL,PWRTRNARGXX,ELCARGXX01,1,2050,1.0
GLOBAL,PWRTRNBOLXX,ELCBOLXX01,1,2023,1.0
GLOBAL,PWRTRNBOLXX,ELCBOLXX01,1,2024,1.0
GLOBAL,PWRTRNBOLXX,ELCBOLXX01,1,2025,1.0
GLOBAL,PWRTRNBOLXX,ELCBOLXX01,1,2026,1.0
GLOBAL,PWRTRNBOLXX,ELCBOLXX01,1,2027,1.0
GLOBAL,PWRTRNBOLXX,ELCBOLXX01,1,2028,1.0
GLOBAL,PWRTRNBOLXX,ELCBOLXX01,1,2029,1.0
GLOBAL,PWRTRNBOLXX,ELCBOLXX01,1,2030,1.0
GLOBAL,PWRTRNBOLXX,ELCBOLXX01,1,2031,1.0
GLOBAL,PWRTRNBOLXX,ELCBOLXX01,1,2032,1.0
GLOBAL,PWRTRNBOLXX,ELCBOLXX01,1,2033,1.0
GLOBAL,PWRTRNBOLXX,ELCBOLXX01,1,2034,1.0
GLOBAL,PWRTRNBOLXX,ELCBOLXX01,1,2035,1.0
GLOBAL,PWRTRNBOLXX,ELCBOLXX01,1,2036,1.0
GLOBAL,PWRTRNBOLXX,ELCBOLXX01,1,2037,1.0
GLOBAL,PWRTRNBOLXX,ELCBOLXX01,1,2038,1.0
GLOBAL,PWRTRNBOLXX,ELCBOLXX01,1,2039,1.0
GLOBAL,PWRTRNBOLXX,ELCBOLXX01,1,2040,1.0
GLOBAL,PWRTRNBOLXX,ELCBOLXX01,1,2041,1.0
GLOBAL,PWRTRNBOLXX,ELCBOLXX01,1,2042,1.0
GLOBAL,PWRTRNBOLXX,ELCBOLXX01,1,2043,1.0
GLOBAL,PWRTRNBOLXX,ELCBOLXX01,1,2044,1.0
GLOBAL,PWRTRNBOLXX,ELCBOLXX01,1,2045,1.0
GLOBAL,PWRTRNBOLXX,ELCBOLXX01,1,2046,1.0
GLOBAL,PWRTRNBOLXX,ELCBOLXX01,1,2047,1.0
GLOBAL,PWRTRNBOLXX,ELCBOLXX01,1,2048,1.0
GLOBAL,PWRTRNBOLXX,ELCBOLXX01,1,2049,1.0
GLOBAL,PWRTRNBOLXX,ELCBOLXX01,1,2050,1.0
GLOBAL,PWRTRNBRAXX,ELCBRAXX01,1,2023,1.0
GLOBAL,PWRTRNBRAXX,ELCBRAXX01,1,2024,1.0
GLOBAL,PWRTRNBRAXX,ELCBRAXX01,1,2025,1.0
GLOBAL,PWRTRNBRAXX,ELCBRAXX01,1,2026,1.0
GLOBAL,PWRTRNBRAXX,ELCBRAXX01,1,2027,1.0
GLOBAL,PWRTRNBRAXX,ELCBRAXX01,1,2028,1.0
GLOBAL,PWRTRNBRAXX,ELCBRAXX01,1,2029,1.0
GLOBAL,PWRTRNBRAXX,ELCBRAXX01,1,2030,1.0
GLOBAL,PWRTRNBRAXX,ELCBRAXX01,1,2031,1.0
GLOBAL,PWRTRNBRAXX,ELCBRAXX01,1,2032,1.0
GLOBAL,PWRTRNBRAXX,ELCBRAXX01,1,2033,1.0
GLOBAL,PWRTRNBRAXX,ELCBRAXX01,1,2034,1.0
GLOBAL,PWRTRNBRAXX,ELCBRAXX01,1,2035,1.0
GLOBAL,PWRTRNBRAXX,ELCBRAXX01,1,2036,1.0
GLOBAL,PWRTRNBRAXX,ELCBRAXX01,1,2037,1.0
GLOBAL,PWRTRNBRAXX,ELCBRAXX01,1,2038,1.0
GLOBAL,PWRTRNBRAXX,ELCBRAXX01,1,2039,1.0
GLOBAL,PWRTRNBRAXX,ELCBRAXX01,1,2040,1.0
GLOBAL,PWRTRNBRAXX,ELCBRAXX01,1,2041,1.0
GLOBAL,PWRTRNBRAXX,ELCBRAXX01,1,2042,1.0
GLOBAL,PWRTRNBRAXX,ELCBRAXX01,1,2043,1.0
GLOBAL,PWRTRNBRAXX,ELCBRAXX01,1,2044,1.0
GLOBAL,PWRTRNBRAXX,ELCBRAXX01,1,2045,1.0
GLOBAL,PWRTRNBRAXX,ELCBRAXX01,1,2046,1.0
GLOBAL,PWRTRNBRAXX,ELCBRAXX01,1,2047,1.0
GLOBAL,PWRTRNBRAXX,ELCBRAXX01,1,2048,1.0
GLOBAL,PWRTRNBRAXX,ELCBRAXX01,1,2049,1.0
GLOBAL,PWRTRNBRAXX,ELCBRAXX01,1,2050,1.0
GLOBAL,PWRTRNBRBXX,ELCBRBXX01,1,2023,1.0
GLOBAL,PWRTRNBRBXX,ELCBRBXX01,1,2024,1.0
GLOBAL,PWRTRNBRBXX,ELCBRBXX01,1,2025,1.0
GLOBAL,PWRTRNBRBXX,ELCBRBXX01,1,2026,1.0
GLOBAL,PWRTRNBRBXX,ELCBRBXX01,1,2027,1.0
GLOBAL,PWRTRNBRBXX,ELCBRBXX01,1,2028,1.0
GLOBAL,PWRTRNBRBXX,ELCBRBXX01,1,2029,1.0
GLOBAL,PWRTRNBRBXX,ELCBRBXX01,1,2030,1.0
GLOBAL,PWRTRNBRBXX,ELCBRBXX01,1,2031,1.0
GLOBAL,PWRTRNBRBXX,ELCBRBXX01,1,2032,1.0
GLOBAL,PWRTRNBRBXX,ELCBRBXX01,1,2033,1.0
GLOBAL,PWRTRNBRBXX,ELCBRBXX01,1,2034,1.0
GLOBAL,PWRTRNBRBXX,ELCBRBXX01,1,2035,1.0
GLOBAL,PWRTRNBRBXX,ELCBRBXX01,1,2036,1.0
GLOBAL,PWRTRNBRBXX,ELCBRBXX01,1,2037,1.0
GLOBAL,PWRTRNBRBXX,ELCBRBXX01,1,2038,1.0
GLOBAL,PWRTRNBRBXX,ELCBRBXX01,1,2039,1.0
GLOBAL,PWRTRNBRBXX,ELCBRBXX01,1,2040,1.0
GLOBAL,PWRTRNBRBXX,ELCBRBXX01,1,2041,1.0
GLOBAL,PWRTRNBRBXX,ELCBRBXX01,1,2042,1.0
GLOBAL,PWRTRNBRBXX,ELCBRBXX01,1,2043,1.0
GLOBAL,PWRTRNBRBXX,ELCBRBXX01,1,2044,1.0
GLOBAL,PWRTRNBRBXX,ELCBRBXX01,1,2045,1.0
GLOBAL,PWRTRNBRBXX,ELCBRBXX01,1,2046,1.0
GLOBAL,PWRTRNBRBXX,ELCBRBXX01,1,2047,1.0
GLOBAL,PWRTRNBRBXX,ELCBRBXX01,1,2048,1.0
GLOBAL,PWRTRNBRBXX,ELCBRBXX01,1,2049,1.0
GLOBAL,PWRTRNBRBXX,ELCBRBXX01,1,2050,1.0
GLOBAL,PWRTRNCHLXX,ELCCHLXX01,1,2023,1.0
GLOBAL,PWRTRNCHLXX,ELCCHLXX01,1,2024,1.0
GLOBAL,PWRTRNCHLXX,ELCCHLXX01,1,2025,1.0
GLOBAL,PWRTRNCHLXX,ELCCHLXX01,1,2026,1.0
GLOBAL,PWRTRNCHLXX,ELCCHLXX01,1,2027,1.0
GLOBAL,PWRTRNCHLXX,ELCCHLXX01,1,2028,1.0
GLOBAL,PWRTRNCHLXX,ELCCHLXX01,1,2029,1.0
GLOBAL,PWRTRNCHLXX,ELCCHLXX01,1,2030,1.0
GLOBAL,PWRTRNCHLXX,ELCCHLXX01,1,2031,1.0
GLOBAL,PWRTRNCHLXX,ELCCHLXX01,1,2032,1.0
GLOBAL,PWRTRNCHLXX,ELCCHLXX01,1,2033,1.0
GLOBAL,PWRTRNCHLXX,ELCCHLXX01,1,2034,1.0
GLOBAL,PWRTRNCHLXX,ELCCHLXX01,1,2035,1.0
GLOBAL,PWRTRNCHLXX,ELCCHLXX01,1,2036,1.0
GLOBAL,PWRTRNCHLXX,ELCCHLXX01,1,2037,1.0
GLOBAL,PWRTRNCHLXX,ELCCHLXX01,1,2038,1.0
GLOBAL,PWRTRNCHLXX,ELCCHLXX01,1,2039,1.0
GLOBAL,PWRTRNCHLXX,ELCCHLXX01,1,2040,1.0
GLOBAL,PWRTRNCHLXX,ELCCHLXX01,1,2041,1.0
GLOBAL,PWRTRNCHLXX,ELCCHLXX01,1,2042,1.0
GLOBAL,PWRTRNCHLXX,ELCCHLXX01,1,2043,1.0
GLOBAL,PWRTRNCHLXX,ELCCHLXX01,1,2044,1.0
GLOBAL,PWRTRNCHLXX,ELCCHLXX01,1,2045,1.0
GLOBAL,PWRTRNCHLXX,ELCCHLXX01,1,2046,1.0
GLOBAL,PWRTRNCHLXX,ELCCHLXX01,1,2047,1.0
GLOBAL,PWRTRNCHLXX,ELCCHLXX01,1,2048,1.0
GLOBAL,PWRTRNCHLXX,ELCCHLXX01,1,2049,1.0
GLOBAL,PWRTRNCHLXX,ELCCHLXX01,1,2050,1.0
GLOBAL,PWRTRNCOLXX,ELCCOLXX01,1,2023,1.0
GLOBAL,PWRTRNCOLXX,ELCCOLXX01,1,2024,1.0
GLOBAL,PWRTRNCOLXX,ELCCOLXX01,1,2025,1.0
GLOBAL,PWRTRNCOLXX,ELCCOLXX01,1,2026,1.0
GLOBAL,PWRTRNCOLXX,ELCCOLXX01,1,2027,1.0
GLOBAL,PWRTRNCOLXX,ELCCOLXX01,1,2028,1.0
GLOBAL,PWRTRNCOLXX,ELCCOLXX01,1,2029,1.0
GLOBAL,PWRTRNCOLXX,ELCCOLXX01,1,2030,1.0
GLOBAL,PWRTRNCOLXX,ELCCOLXX01,1,2031,1.0
GLOBAL,PWRTRNCOLXX,ELCCOLXX01,1,2032,1.0
GLOBAL,PWRTRNCOLXX,ELCCOLXX01,1,2033,1.0
GLOBAL,PWRTRNCOLXX,ELCCOLXX01,1,2034,1.0
GLOBAL,PWRTRNCOLXX,ELCCOLXX01,1,2035,1.0
GLOBAL,PWRTRNCOLXX,ELCCOLXX01,1,2036,1.0
GLOBAL,PWRTRNCOLXX,ELCCOLXX01,1,2037,1.0
GLOBAL,PWRTRNCOLXX,ELCCOLXX01,1,2038,1.0
GLOBAL,PWRTRNCOLXX,ELCCOLXX01,1,2039,1.0
GLOBAL,PWRTRNCOLXX,ELCCOLXX01,1,2040,1.0
GLOBAL,PWRTRNCOLXX,ELCCOLXX01,1,2041,1.0
GLOBAL,PWRTRNCOLXX,ELCCOLXX01,1,2042,1.0
GLOBAL,PWRTRNCOLXX,ELCCOLXX01,1,2043,1.0
GLOBAL,PWRTRNCOLXX,ELCCOLXX01,1,2044,1.0
GLOBAL,PWRTRNCOLXX,ELCCOLXX01,1,2045,1.0
GLOBAL,PWRTRNCOLXX,ELCCOLXX01,1,2046,1.0
GLOBAL,PWRTRNCOLXX,ELCCOLXX01,1,2047,1.0
GLOBAL,PWRTRNCOLXX,ELCCOLXX01,1,2048,1.0
GLOBAL,PWRTRNCOLXX,ELCCOLXX01,1,2049,1.0
GLOBAL,PWRTRNCOLXX,ELCCOLXX01,1,2050,1.0
GLOBAL,PWRTRNCRIXX,ELCCRIXX01,1,2023,1.0
GLOBAL,PWRTRNCRIXX,ELCCRIXX01,1,2024,1.0
GLOBAL,PWRTRNCRIXX,ELCCRIXX01,1,2025,1.0
GLOBAL,PWRTRNCRIXX,ELCCRIXX01,1,2026,1.0
GLOBAL,PWRTRNCRIXX,ELCCRIXX01,1,2027,1.0
GLOBAL,PWRTRNCRIXX,ELCCRIXX01,1,2028,1.0
GLOBAL,PWRTRNCRIXX,ELCCRIXX01,1,2029,1.0
GLOBAL,PWRTRNCRIXX,ELCCRIXX01,1,2030,1.0
GLOBAL,PWRTRNCRIXX,ELCCRIXX01,1,2031,1.0
GLOBAL,PWRTRNCRIXX,ELCCRIXX01,1,2032,1.0
GLOBAL,PWRTRNCRIXX,ELCCRIXX01,1,2033,1.0
GLOBAL,PWRTRNCRIXX,ELCCRIXX01,1,2034,1.0
GLOBAL,PWRTRNCRIXX,ELCCRIXX01,1,2035,1.0
GLOBAL,PWRTRNCRIXX,ELCCRIXX01,1,2036,1.0
GLOBAL,PWRTRNCRIXX,ELCCRIXX01,1,2037,1.0
GLOBAL,PWRTRNCRIXX,ELCCRIXX01,1,2038,1.0
GLOBAL,PWRTRNCRIXX,ELCCRIXX01,1,2039,1.0
GLOBAL,PWRTRNCRIXX,ELCCRIXX01,1,2040,1.0
GLOBAL,PWRTRNCRIXX,ELCCRIXX01,1,2041,1.0
GLOBAL,PWRTRNCRIXX,ELCCRIXX01,1,2042,1.0
GLOBAL,PWRTRNCRIXX,ELCCRIXX01,1,2043,1.0
GLOBAL,PWRTRNCRIXX,ELCCRIXX01,1,2044,1.0
GLOBAL,PWRTRNCRIXX,ELCCRIXX01,1,2045,1.0
GLOBAL,PWRTRNCRIXX,ELCCRIXX01,1,2046,1.0
GLOBAL,PWRTRNCRIXX,ELCCRIXX01,1,2047,1.0
GLOBAL,PWRTRNCRIXX,ELCCRIXX01,1,2048,1.0
GLOBAL,PWRTRNCRIXX,ELCCRIXX01,1,2049,1.0
GLOBAL,PWRTRNCRIXX,ELCCRIXX01,1,2050,1.0
GLOBAL,PWRTRNDOMXX,ELCDOMXX01,1,2023,1.0
GLOBAL,PWRTRNDOMXX,ELCDOMXX01,1,2024,1.0
GLOBAL,PWRTRNDOMXX,ELCDOMXX01,1,2025,1.0
GLOBAL,PWRTRNDOMXX,ELCDOMXX01,1,2026,1.0
GLOBAL,PWRTRNDOMXX,ELCDOMXX01,1,2027,1.0
GLOBAL,PWRTRNDOMXX,ELCDOMXX01,1,2028,1.0
GLOBAL,PWRTRNDOMXX,ELCDOMXX01,1,2029,1.0
GLOBAL,PWRTRNDOMXX,ELCDOMXX01,1,2030,1.0
GLOBAL,PWRTRNDOMXX,ELCDOMXX01,1,2031,1.0
GLOBAL,PWRTRNDOMXX,ELCDOMXX01,1,2032,1.0
GLOBAL,PWRTRNDOMXX,ELCDOMXX01,1,2033,1.0
GLOBAL,PWRTRNDOMXX,ELCDOMXX01,1,2034,1.0
GLOBAL,PWRTRNDOMXX,ELCDOMXX01,1,2035,1.0
GLOBAL,PWRTRNDOMXX,ELCDOMXX01,1,2036,1.0
GLOBAL,PWRTRNDOMXX,ELCDOMXX01,1,2037,1.0
GLOBAL,PWRTRNDOMXX,ELCDOMXX01,1,2038,1.0
GLOBAL,PWRTRNDOMXX,ELCDOMXX01,1,2039,1.0
GLOBAL,PWRTRNDOMXX,ELCDOMXX01,1,2040,1.0
GLOBAL,PWRTRNDOMXX,ELCDOMXX01,1,2041,1.0
GLOBAL,PWRTRNDOMXX,ELCDOMXX01,1,2042,1.0
GLOBAL,PWRTRNDOMXX,ELCDOMXX01,1,2043,1.0
GLOBAL,PWRTRNDOMXX,ELCDOMXX01,1,2044,1.0
GLOBAL,PWRTRNDOMXX,ELCDOMXX01,1,2045,1.0
GLOBAL,PWRTRNDOMXX,ELCDOMXX01,1,2046,1.0
GLOBAL,PWRTRNDOMXX,ELCDOMXX01,1,2047,1.0
GLOBAL,PWRTRNDOMXX,ELCDOMXX01,1,2048,1.0
GLOBAL,PWRTRNDOMXX,ELCDOMXX01,1,2049,1.0
GLOBAL,PWRTRNDOMXX,ELCDOMXX01,1,2050,1.0
GLOBAL,PWRTRNECUXX,ELCECUXX01,1,2023,1.0
GLOBAL,PWRTRNECUXX,ELCECUXX01,1,2024,1.0
GLOBAL,PWRTRNECUXX,ELCECUXX01,1,2025,1.0
GLOBAL,PWRTRNECUXX,ELCECUXX01,1,2026,1.0
GLOBAL,PWRTRNECUXX,ELCECUXX01,1,2027,1.0
GLOBAL,PWRTRNECUXX,ELCECUXX01,1,2028,1.0
GLOBAL,PWRTRNECUXX,ELCECUXX01,1,2029,1.0
GLOBAL,PWRTRNECUXX,ELCECUXX01,1,2030,1.0
GLOBAL,PWRTRNECUXX,ELCECUXX01,1,2031,1.0
GLOBAL,PWRTRNECUXX,ELCECUXX01,1,2032,1.0
GLOBAL,PWRTRNECUXX,ELCECUXX01,1,2033,1.0
GLOBAL,PWRTRNECUXX,ELCECUXX01,1,2034,1.0
GLOBAL,PWRTRNECUXX,ELCECUXX01,1,2035,1.0
GLOBAL,PWRTRNECUXX,ELCECUXX01,1,2036,1.0
GLOBAL,PWRTRNECUXX,ELCECUXX01,1,2037,1.0
GLOBAL,PWRTRNECUXX,ELCECUXX01,1,2038,1.0
GLOBAL,PWRTRNECUXX,ELCECUXX01,1,2039,1.0
GLOBAL,PWRTRNECUXX,ELCECUXX01,1,2040,1.0
GLOBAL,PWRTRNECUXX,ELCECUXX01,1,2041,1.0
GLOBAL,PWRTRNECUXX,ELCECUXX01,1,2042,1.0
GLOBAL,PWRTRNECUXX,ELCECUXX01,1,2043,1.0
GLOBAL,PWRTRNECUXX,ELCECUXX01,1,2044,1.0
GLOBAL,PWRTRNECUXX,ELCECUXX01,1,2045,1.0
GLOBAL,PWRTRNECUXX,ELCECUXX01,1,2046,1.0
GLOBAL,PWRTRNECUXX,ELCECUXX01,1,2047,1.0
GLOBAL,PWRTRNECUXX,ELCECUXX01,1,2048,1.0
GLOBAL,PWRTRNECUXX,ELCECUXX01,1,2049,1.0
GLOBAL,PWRTRNECUXX,ELCECUXX01,1,2050,1.0
GLOBAL,PWRTRNGTMXX,ELCGTMXX01,1,2023,1.0
GLOBAL,PWRTRNGTMXX,ELCGTMXX01,1,2024,1.0
GLOBAL,PWRTRNGTMXX,ELCGTMXX01,1,2025,1.0
GLOBAL,PWRTRNGTMXX,ELCGTMXX01,1,2026,1.0
GLOBAL,PWRTRNGTMXX,ELCGTMXX01,1,2027,1.0
GLOBAL,PWRTRNGTMXX,ELCGTMXX01,1,2028,1.0
GLOBAL,PWRTRNGTMXX,ELCGTMXX01,1,2029,1.0
GLOBAL,PWRTRNGTMXX,ELCGTMXX01,1,2030,1.0
GLOBAL,PWRTRNGTMXX,ELCGTMXX01,1,2031,1.0
GLOBAL,PWRTRNGTMXX,ELCGTMXX01,1,2032,1.0
GLOBAL,PWRTRNGTMXX,ELCGTMXX01,1,2033,1.0
GLOBAL,PWRTRNGTMXX,ELCGTMXX01,1,2034,1.0
GLOBAL,PWRTRNGTMXX,ELCGTMXX01,1,2035,1.0
GLOBAL,PWRTRNGTMXX,ELCGTMXX01,1,2036,1.0
GLOBAL,PWRTRNGTMXX,ELCGTMXX01,1,2037,1.0
GLOBAL,PWRTRNGTMXX,ELCGTMXX01,1,2038,1.0
GLOBAL,PWRTRNGTMXX,ELCGTMXX01,1,2039,1.0
GLOBAL,PWRTRNGTMXX,ELCGTMXX01,1,2040,1.0
GLOBAL,PWRTRNGTMXX,ELCGTMXX01,1,2041,1.0
GLOBAL,PWRTRNGTMXX,ELCGTMXX01,1,2042,1.0
GLOBAL,PWRTRNGTMXX,ELCGTMXX01,1,2043,1.0
GLOBAL,PWRTRNGTMXX,ELCGTMXX01,1,2044,1.0
GLOBAL,PWRTRNGTMXX,ELCGTMXX01,1,2045,1.0
GLOBAL,PWRTRNGTMXX,ELCGTMXX01,1,2046,1.0
GLOBAL,PWRTRNGTMXX,ELCGTMXX01,1,2047,1.0
GLOBAL,PWRTRNGTMXX,ELCGTMXX01,1,2048,1.0
GLOBAL,PWRTRNGTMXX,ELCGTMXX01,1,2049,1.0
GLOBAL,PWRTRNGTMXX,ELCGTMXX01,1,2050,1.0
GLOBAL,PWRTRNHNDXX,ELCHNDXX01,1,2023,1.0
GLOBAL,PWRTRNHNDXX,ELCHNDXX01,1,2024,1.0
GLOBAL,PWRTRNHNDXX,ELCHNDXX01,1,2025,1.0
GLOBAL,PWRTRNHNDXX,ELCHNDXX01,1,2026,1.0
GLOBAL,PWRTRNHNDXX,ELCHNDXX01,1,2027,1.0
GLOBAL,PWRTRNHNDXX,ELCHNDXX01,1,2028,1.0
GLOBAL,PWRTRNHNDXX,ELCHNDXX01,1,2029,1.0
GLOBAL,PWRTRNHNDXX,ELCHNDXX01,1,2030,1.0
GLOBAL,PWRTRNHNDXX,ELCHNDXX01,1,2031,1.0
GLOBAL,PWRTRNHNDXX,ELCHNDXX01,1,2032,1.0
GLOBAL,PWRTRNHNDXX,ELCHNDXX01,1,2033,1.0
GLOBAL,PWRTRNHNDXX,ELCHNDXX01,1,2034,1.0
GLOBAL,PWRTRNHNDXX,ELCHNDXX01,1,2035,1.0
GLOBAL,PWRTRNHNDXX,ELCHNDXX01,1,2036,1.0
GLOBAL,PWRTRNHNDXX,ELCHNDXX01,1,2037,1.0
GLOBAL,PWRTRNHNDXX,ELCHNDXX01,1,2038,1.0
GLOBAL,PWRTRNHNDXX,ELCHNDXX01,1,2039,1.0
GLOBAL,PWRTRNHNDXX,ELCHNDXX01,1,2040,1.0
GLOBAL,PWRTRNHNDXX,ELCHNDXX01,1,2041,1.0
GLOBAL,PWRTRNHNDXX,ELCHNDXX01,1,2042,1.0
GLOBAL,PWRTRNHNDXX,ELCHNDXX01,1,2043,1.0
GLOBAL,PWRTRNHNDXX,ELCHNDXX01,1,2044,1.0
GLOBAL,PWRTRNHNDXX,ELCHNDXX01,1,2045,1.0
GLOBAL,PWRTRNHNDXX,ELCHNDXX01,1,2046,1.0
GLOBAL,PWRTRNHNDXX,ELCHNDXX01,1,2047,1.0
GLOBAL,PWRTRNHNDXX,ELCHNDXX01,1,2048,1.0
GLOBAL,PWRTRNHNDXX,ELCHNDXX01,1,2049,1.0
GLOBAL,PWRTRNHNDXX,ELCHNDXX01,1,2050,1.0
GLOBAL,PWRTRNHTIXX,ELCHTIXX01,1,2023,1.0
GLOBAL,PWRTRNHTIXX,ELCHTIXX01,1,2024,1.0
GLOBAL,PWRTRNHTIXX,ELCHTIXX01,1,2025,1.0
GLOBAL,PWRTRNHTIXX,ELCHTIXX01,1,2026,1.0
GLOBAL,PWRTRNHTIXX,ELCHTIXX01,1,2027,1.0
GLOBAL,PWRTRNHTIXX,ELCHTIXX01,1,2028,1.0
GLOBAL,PWRTRNHTIXX,ELCHTIXX01,1,2029,1.0
GLOBAL,PWRTRNHTIXX,ELCHTIXX01,1,2030,1.0
GLOBAL,PWRTRNHTIXX,ELCHTIXX01,1,2031,1.0
GLOBAL,PWRTRNHTIXX,ELCHTIXX01,1,2032,1.0
GLOBAL,PWRTRNHTIXX,ELCHTIXX01,1,2033,1.0
GLOBAL,PWRTRNHTIXX,ELCHTIXX01,1,2034,1.0
GLOBAL,PWRTRNHTIXX,ELCHTIXX01,1,2035,1.0
GLOBAL,PWRTRNHTIXX,ELCHTIXX01,1,2036,1.0
GLOBAL,PWRTRNHTIXX,ELCHTIXX01,1,2037,1.0
GLOBAL,PWRTRNHTIXX,ELCHTIXX01,1,2038,1.0
GLOBAL,PWRTRNHTIXX,ELCHTIXX01,1,2039,1.0
GLOBAL,PWRTRNHTIXX,ELCHTIXX01,1,2040,1.0
GLOBAL,PWRTRNHTIXX,ELCHTIXX01,1,2041,1.0
GLOBAL,PWRTRNHTIXX,ELCHTIXX01,1,2042,1.0
GLOBAL,PWRTRNHTIXX,ELCHTIXX01,1,2043,1.0
GLOBAL,PWRTRNHTIXX,ELCHTIXX01,1,2044,1.0
GLOBAL,PWRTRNHTIXX,ELCHTIXX01,1,2045,1.0
GLOBAL,PWRTRNHTIXX,ELCHTIXX01,1,2046,1.0
GLOBAL,PWRTRNHTIXX,ELCHTIXX01,1,2047,1.0
GLOBAL,PWRTRNHTIXX,ELCHTIXX01,1,2048,1.0
GLOBAL,PWRTRNHTIXX,ELCHTIXX01,1,2049,1.0
GLOBAL,PWRTRNHTIXX,ELCHTIXX01,1,2050,1.0
GLOBAL,PWRTRNMEXXX,ELCMEXXX01,1,2023,1.0
GLOBAL,PWRTRNMEXXX,ELCMEXXX01,1,2024,1.0
GLOBAL,PWRTRNMEXXX,ELCMEXXX01,1,2025,1.0
GLOBAL,PWRTRNMEXXX,ELCMEXXX01,1,2026,1.0
GLOBAL,PWRTRNMEXXX,ELCMEXXX01,1,2027,1.0
GLOBAL,PWRTRNMEXXX,ELCMEXXX01,1,2028,1.0
GLOBAL,PWRTRNMEXXX,ELCMEXXX01,1,2029,1.0
GLOBAL,PWRTRNMEXXX,ELCMEXXX01,1,2030,1.0
GLOBAL,PWRTRNMEXXX,ELCMEXXX01,1,2031,1.0
GLOBAL,PWRTRNMEXXX,ELCMEXXX01,1,2032,1.0
GLOBAL,PWRTRNMEXXX,ELCMEXXX01,1,2033,1.0
GLOBAL,PWRTRNMEXXX,ELCMEXXX01,1,2034,1.0
GLOBAL,PWRTRNMEXXX,ELCMEXXX01,1,2035,1.0
GLOBAL,PWRTRNMEXXX,ELCMEXXX01,1,2036,1.0
GLOBAL,PWRTRNMEXXX,ELCMEXXX01,1,2037,1.0
GLOBAL,PWRTRNMEXXX,ELCMEXXX01,1,2038,1.0
GLOBAL,PWRTRNMEXXX,ELCMEXXX01,1,2039,1.0
GLOBAL,PWRTRNMEXXX,ELCMEXXX01,1,2040,1.0
GLOBAL,PWRTRNMEXXX,ELCMEXXX01,1,2041,1.0
GLOBAL,PWRTRNMEXXX,ELCMEXXX01,1,2042,1.0
GLOBAL,PWRTRNMEXXX,ELCMEXXX01,1,2043,1.0
GLOBAL,PWRTRNMEXXX,ELCMEXXX01,1,2044,1.0
GLOBAL,PWRTRNMEXXX,ELCMEXXX01,1,2045,1.0
GLOBAL,PWRTRNMEXXX,ELCMEXXX01,1,2046,1.0
GLOBAL,PWRTRNMEXXX,ELCMEXXX01,1,2047,1.0
GLOBAL,PWRTRNMEXXX,ELCMEXXX01,1,2048,1.0
GLOBAL,PWRTRNMEXXX,ELCMEXXX01,1,2049,1.0
GLOBAL,PWRTRNMEXXX,ELCMEXXX01,1,2050,1.0
GLOBAL,PWRTRNNICXX,ELCNICXX01,1,2023,1.0
GLOBAL,PWRTRNNICXX,ELCNICXX01,1,2024,1.0
GLOBAL,PWRTRNNICXX,ELCNICXX01,1,2025,1.0
GLOBAL,PWRTRNNICXX,ELCNICXX01,1,2026,1.0
GLOBAL,PWRTRNNICXX,ELCNICXX01,1,2027,1.0
GLOBAL,PWRTRNNICXX,ELCNICXX01,1,2028,1.0
GLOBAL,PWRTRNNICXX,ELCNICXX01,1,2029,1.0
GLOBAL,PWRTRNNICXX,ELCNICXX01,1,2030,1.0
GLOBAL,PWRTRNNICXX,ELCNICXX01,1,2031,1.0
GLOBAL,PWRTRNNICXX,ELCNICXX01,1,2032,1.0
GLOBAL,PWRTRNNICXX,ELCNICXX01,1,2033,1.0
GLOBAL,PWRTRNNICXX,ELCNICXX01,1,2034,1.0
GLOBAL,PWRTRNNICXX,ELCNICXX01,1,2035,1.0
GLOBAL,PWRTRNNICXX,ELCNICXX01,1,2036,1.0
GLOBAL,PWRTRNNICXX,ELCNICXX01,1,2037,1.0
GLOBAL,PWRTRNNICXX,ELCNICXX01,1,2038,1.0
GLOBAL,PWRTRNNICXX,ELCNICXX01,1,2039,1.0
GLOBAL,PWRTRNNICXX,ELCNICXX01,1,2040,1.0
GLOBAL,PWRTRNNICXX,ELCNICXX01,1,2041,1.0
GLOBAL,PWRTRNNICXX,ELCNICXX01,1,2042,1.0
GLOBAL,PWRTRNNICXX,ELCNICXX01,1,2043,1.0
GLOBAL,PWRTRNNICXX,ELCNICXX01,1,2044,1.0
GLOBAL,PWRTRNNICXX,ELCNICXX01,1,2045,1.0
GLOBAL,PWRTRNNICXX,ELCNICXX01,1,2046,1.0
GLOBAL,PWRTRNNICXX,ELCNICXX01,1,2047,1.0
GLOBAL,PWRTRNNICXX,ELCNICXX01,1,2048,1.0
GLOBAL,PWRTRNNICXX,ELCNICXX01,1,2049,1.0
GLOBAL,PWRTRNNICXX,ELCNICXX01,1,2050,1.0
GLOBAL,PWRTRNPANXX,ELCPANXX01,1,2023,1.0
GLOBAL,PWRTRNPANXX,ELCPANXX01,1,2024,1.0
GLOBAL,PWRTRNPANXX,ELCPANXX01,1,2025,1.0
GLOBAL,PWRTRNPANXX,ELCPANXX01,1,2026,1.0
GLOBAL,PWRTRNPANXX,ELCPANXX01,1,2027,1.0
GLOBAL,PWRTRNPANXX,ELCPANXX01,1,2028,1.0
GLOBAL,PWRTRNPANXX,ELCPANXX01,1,2029,1.0
GLOBAL,PWRTRNPANXX,ELCPANXX01,1,2030,1.0
GLOBAL,PWRTRNPANXX,ELCPANXX01,1,2031,1.0
GLOBAL,PWRTRNPANXX,ELCPANXX01,1,2032,1.0
GLOBAL,PWRTRNPANXX,ELCPANXX01,1,2033,1.0
GLOBAL,PWRTRNPANXX,ELCPANXX01,1,2034,1.0
GLOBAL,PWRTRNPANXX,ELCPANXX01,1,2035,1.0
GLOBAL,PWRTRNPANXX,ELCPANXX01,1,2036,1.0
GLOBAL,PWRTRNPANXX,ELCPANXX01,1,2037,1.0
GLOBAL,PWRTRNPANXX,ELCPANXX01,1,2038,1.0
GLOBAL,PWRTRNPANXX,ELCPANXX01,1,2039,1.0
GLOBAL,PWRTRNPANXX,ELCPANXX01,1,2040,1.0
GLOBAL,PWRTRNPANXX,ELCPANXX01,1,2041,1.0
GLOBAL,PWRTRNPANXX,ELCPANXX01,1,2042,1.0
GLOBAL,PWRTRNPANXX,ELCPANXX01,1,2043,1.0
GLOBAL,PWRTRNPANXX,ELCPANXX01,1,2044,1.0
GLOBAL,PWRTRNPANXX,ELCPANXX01,1,2045,1.0
GLOBAL,PWRTRNPANXX,ELCPANXX01,1,2046,1.0
GLOBAL,PWRTRNPANXX,ELCPANXX01,1,2047,1.0
GLOBAL,PWRTRNPANXX,ELCPANXX01,1,2048,1.0
GLOBAL,PWRTRNPANXX,ELCPANXX01,1,2049,1.0
GLOBAL,PWRTRNPANXX,ELCPANXX01,1,2050,1.0
GLOBAL,PWRTRNPERXX,ELCPERXX01,1,2023,1.0
GLOBAL,PWRTRNPERXX,ELCPERXX01,1,2024,1.0
GLOBAL,PWRTRNPERXX,ELCPERXX01,1,2025,1.0
GLOBAL,PWRTRNPERXX,ELCPERXX01,1,2026,1.0
GLOBAL,PWRTRNPERXX,ELCPERXX01,1,2027,1.0
GLOBAL,PWRTRNPERXX,ELCPERXX01,1,2028,1.0
GLOBAL,PWRTRNPERXX,ELCPERXX01,1,2029,1.0
GLOBAL,PWRTRNPERXX,ELCPERXX01,1,2030,1.0
GLOBAL,PWRTRNPERXX,ELCPERXX01,1,2031,1.0
GLOBAL,PWRTRNPERXX,ELCPERXX01,1,2032,1.0
GLOBAL,PWRTRNPERXX,ELCPERXX01,1,2033,1.0
GLOBAL,PWRTRNPERXX,ELCPERXX01,1,2034,1.0
GLOBAL,PWRTRNPERXX,ELCPERXX01,1,2035,1.0
GLOBAL,PWRTRNPERXX,ELCPERXX01,1,2036,1.0
GLOBAL,PWRTRNPERXX,ELCPERXX01,1,2037,1.0
GLOBAL,PWRTRNPERXX,ELCPERXX01,1,2038,1.0
GLOBAL,PWRTRNPERXX,ELCPERXX01,1,2039,1.0
GLOBAL,PWRTRNPERXX,ELCPERXX01,1,2040,1.0
GLOBAL,PWRTRNPERXX,ELCPERXX01,1,2041,1.0
GLOBAL,PWRTRNPERXX,ELCPERXX01,1,2042,1.0
GLOBAL,PWRTRNPERXX,ELCPERXX01,1,2043,1.0
GLOBAL,PWRTRNPERXX,ELCPERXX01,1,2044,1.0
GLOBAL,PWRTRNPERXX,ELCPERXX01,1,2045,1.0
GLOBAL,PWRTRNPERXX,ELCPERXX01,1,2046,1.0
GLOBAL,PWRTRNPERXX,ELCPERXX01,1,2047,1.0
GLOBAL,PWRTRNPERXX,ELCPERXX01,1,2048,1.0
GLOBAL,PWRTRNPERXX,ELCPERXX01,1,2049,1.0
GLOBAL,PWRTRNPERXX,ELCPERXX01,1,2050,1.0
GLOBAL,PWRTRNPRYXX,ELCPRYXX01,1,2023,1.0
GLOBAL,PWRTRNPRYXX,ELCPRYXX01,1,2024,1.0
GLOBAL,PWRTRNPRYXX,ELCPRYXX01,1,2025,1.0
GLOBAL,PWRTRNPRYXX,ELCPRYXX01,1,2026,1.0
GLOBAL,PWRTRNPRYXX,ELCPRYXX01,1,2027,1.0
GLOBAL,PWRTRNPRYXX,ELCPRYXX01,1,2028,1.0
GLOBAL,PWRTRNPRYXX,ELCPRYXX01,1,2029,1.0
GLOBAL,PWRTRNPRYXX,ELCPRYXX01,1,2030,1.0
GLOBAL,PWRTRNPRYXX,ELCPRYXX01,1,2031,1.0
GLOBAL,PWRTRNPRYXX,ELCPRYXX01,1,2032,1.0
GLOBAL,PWRTRNPRYXX,ELCPRYXX01,1,2033,1.0
GLOBAL,PWRTRNPRYXX,ELCPRYXX01,1,2034,1.0
GLOBAL,PWRTRNPRYXX,ELCPRYXX01,1,2035,1.0
GLOBAL,PWRTRNPRYXX,ELCPRYXX01,1,2036,1.0
GLOBAL,PWRTRNPRYXX,ELCPRYXX01,1,2037,1.0
GLOBAL,PWRTRNPRYXX,ELCPRYXX01,1,2038,1.0
GLOBAL,PWRTRNPRYXX,ELCPRYXX01,1,2039,1.0
GLOBAL,PWRTRNPRYXX,ELCPRYXX01,1,2040,1.0
GLOBAL,PWRTRNPRYXX,ELCPRYXX01,1,2041,1.0
GLOBAL,PWRTRNPRYXX,ELCPRYXX01,1,2042,1.0
GLOBAL,PWRTRNPRYXX,ELCPRYXX01,1,2043,1.0
GLOBAL,PWRTRNPRYXX,ELCPRYXX01,1,2044,1.0
GLOBAL,PWRTRNPRYXX,ELCPRYXX01,1,2045,1.0
GLOBAL,PWRTRNPRYXX,ELCPRYXX01,1,2046,1.0
GLOBAL,PWRTRNPRYXX,ELCPRYXX01,1,2047,1.0
GLOBAL,PWRTRNPRYXX,ELCPRYXX01,1,2048,1.0
GLOBAL,PWRTRNPRYXX,ELCPRYXX01,1,2049,1.0
GLOBAL,PWRTRNPRYXX,ELCPRYXX01,1,2050,1.0
GLOBAL,PWRTRNSLVXX,ELCSLVXX01,1,2023,1.0
GLOBAL,PWRTRNSLVXX,ELCSLVXX01,1,2024,1.0
GLOBAL,PWRTRNSLVXX,ELCSLVXX01,1,2025,1.0
GLOBAL,PWRTRNSLVXX,ELCSLVXX01,1,2026,1.0
GLOBAL,PWRTRNSLVXX,ELCSLVXX01,1,2027,1.0
GLOBAL,PWRTRNSLVXX,ELCSLVXX01,1,2028,1.0
GLOBAL,PWRTRNSLVXX,ELCSLVXX01,1,2029,1.0
GLOBAL,PWRTRNSLVXX,ELCSLVXX01,1,2030,1.0
GLOBAL,PWRTRNSLVXX,ELCSLVXX01,1,2031,1.0
GLOBAL,PWRTRNSLVXX,ELCSLVXX01,1,2032,1.0
GLOBAL,PWRTRNSLVXX,ELCSLVXX01,1,2033,1.0
GLOBAL,PWRTRNSLVXX,ELCSLVXX01,1,2034,1.0
GLOBAL,PWRTRNSLVXX,ELCSLVXX01,1,2035,1.0
GLOBAL,PWRTRNSLVXX,ELCSLVXX01,1,2036,1.0
GLOBAL,PWRTRNSLVXX,ELCSLVXX01,1,2037,1.0
GLOBAL,PWRTRNSLVXX,ELCSLVXX01,1,2038,1.0
GLOBAL,PWRTRNSLVXX,ELCSLVXX01,1,2039,1.0
GLOBAL,PWRTRNSLVXX,ELCSLVXX01,1,2040,1.0
GLOBAL,PWRTRNSLVXX,ELCSLVXX01,1,2041,1.0
GLOBAL,PWRTRNSLVXX,ELCSLVXX01,1,2042,1.0
GLOBAL,PWRTRNSLVXX,ELCSLVXX01,1,2043,1.0
GLOBAL,PWRTRNSLVXX,ELCSLVXX01,1,2044,1.0
GLOBAL,PWRTRNSLVXX,ELCSLVXX01,1,2045,1.0
GLOBAL,PWRTRNSLVXX,ELCSLVXX01,1,2046,1.0
GLOBAL,PWRTRNSLVXX,ELCSLVXX01,1,2047,1.0
GLOBAL,PWRTRNSLVXX,ELCSLVXX01,1,2048,1.0
GLOBAL,PWRTRNSLVXX,ELCSLVXX01,1,2049,1.0
GLOBAL,PWRTRNSLVXX,ELCSLVXX01,1,2050,1.0
GLOBAL,PWRTRNURYXX,ELCURYXX01,1,2023,1.0
GLOBAL,PWRTRNURYXX,ELCURYXX01,1,2024,1.0
GLOBAL,PWRTRNURYXX,ELCURYXX01,1,2025,1.0
GLOBAL,PWRTRNURYXX,ELCURYXX01,1,2026,1.0
GLOBAL,PWRTRNURYXX,ELCURYXX01,1,2027,1.0
GLOBAL,PWRTRNURYXX,ELCURYXX01,1,2028,1.0
GLOBAL,PWRTRNURYXX,ELCURYXX01,1,2029,1.0
GLOBAL,PWRTRNURYXX,ELCURYXX01,1,2030,1.0
GLOBAL,PWRTRNURYXX,ELCURYXX01,1,2031,1.0
GLOBAL,PWRTRNURYXX,ELCURYXX01,1,2032,1.0
GLOBAL,PWRTRNURYXX,ELCURYXX01,1,2033,1.0
GLOBAL,PWRTRNURYXX,ELCURYXX01,1,2034,1.0
GLOBAL,PWRTRNURYXX,ELCURYXX01,1,2035,1.0
GLOBAL,PWRTRNURYXX,ELCURYXX01,1,2036,1.0
GLOBAL,PWRTRNURYXX,ELCURYXX01,1,2037,1.0
GLOBAL,PWRTRNURYXX,ELCURYXX01,1,2038,1.0
GLOBAL,PWRTRNURYXX,ELCURYXX01,1,2039,1.0
GLOBAL,PWRTRNURYXX,ELCURYXX01,1,2040,1.0
GLOBAL,PWRTRNURYXX,ELCURYXX01,1,2041,1.0
GLOBAL,PWRTRNURYXX,ELCURYXX01,1,2042,1.0
GLOBAL,PWRTRNURYXX,ELCURYXX01,1,2043,1.0
GLOBAL,PWRTRNURYXX,ELCURYXX01,1,2044,1.0
GLOBAL,PWRTRNURYXX,ELCURYXX01,1,2045,1.0
GLOBAL,PWRTRNURYXX,ELCURYXX01,1,2046,1.0
GLOBAL,PWRTRNURYXX,ELCURYXX01,1,2047,1.0
GLOBAL,PWRTRNURYXX,ELCURYXX01,1,2048,1.0
GLOBAL,PWRTRNURYXX,ELCURYXX01,1,2049,1.0
GLOBAL,PWRTRNURYXX,ELCURYXX01,1,2050,1.0
GLOBAL,PWRURNARGXX,URNARG,1,2023,2.22
GLOBAL,PWRURNARGXX,URNARG,1,2024,2.22
GLOBAL,PWRURNARGXX,URNARG,1,2025,2.22
GLOBAL,PWRURNARGXX,URNARG,1,2026,2.22
GLOBAL,PWRURNARGXX,URNARG,1,2027,2.22
GLOBAL,PWRURNARGXX,URNARG,1,2028,2.22
GLOBAL,PWRURNARGXX,URNARG,1,2029,2.22
GLOBAL,PWRURNARGXX,URNARG,1,2030,2.22
GLOBAL,PWRURNARGXX,URNARG,1,2031,2.22
GLOBAL,PWRURNARGXX,URNARG,1,2032,2.22
GLOBAL,PWRURNARGXX,URNARG,1,2033,2.22
GLOBAL,PWRURNARGXX,URNARG,1,2034,2.22
GLOBAL,PWRURNARGXX,URNARG,1,2035,2.22
GLOBAL,PWRURNARGXX,URNARG,1,2036,2.22
GLOBAL,PWRURNARGXX,URNARG,1,2037,2.22
GLOBAL,PWRURNARGXX,URNARG,1,2038,2.22
GLOBAL,PWRURNARGXX,URNARG,1,2039,2.22
GLOBAL,PWRURNARGXX,URNARG,1,2040,2.22
GLOBAL,PWRURNARGXX,URNARG,1,2041,2.22
GLOBAL,PWRURNARGXX,URNARG,1,2042,2.22
GLOBAL,PWRURNARGXX,URNARG,1,2043,2.22
GLOBAL,PWRURNARGXX,URNARG,1,2044,2.22
GLOBAL,PWRURNARGXX,URNARG,1,2045,2.22
GLOBAL,PWRURNARGXX,URNARG,1,2046,2.22
GLOBAL,PWRURNARGXX,URNARG,1,2047,2.22
GLOBAL,PWRURNARGXX,URNARG,1,2048,2.22
GLOBAL,PWRURNARGXX,URNARG,1,2049,2.22
GLOBAL,PWRURNARGXX,URNARG,1,2050,2.22
GLOBAL,PWRURNARGXX,URNINT,2,2023,2.22
GLOBAL,PWRURNARGXX,URNINT,2,2024,2.22
GLOBAL,PWRURNARGXX,URNINT,2,2025,2.22
GLOBAL,PWRURNARGXX,URNINT,2,2026,2.22
GLOBAL,PWRURNARGXX,URNINT,2,2027,2.22
GLOBAL,PWRURNARGXX,URNINT,2,2028,2.22
GLOBAL,PWRURNARGXX,URNINT,2,2029,2.22
GLOBAL,PWRURNARGXX,URNINT,2,2030,2.22
GLOBAL,PWRURNARGXX,URNINT,2,2031,2.22
GLOBAL,PWRURNARGXX,URNINT,2,2032,2.22
GLOBAL,PWRURNARGXX,URNINT,2,2033,2.22
GLOBAL,PWRURNARGXX,URNINT,2,2034,2.22
GLOBAL,PWRURNARGXX,URNINT,2,2035,2.22
GLOBAL,PWRURNARGXX,URNINT,2,2036,2.22
GLOBAL,PWRURNARGXX,URNINT,2,2037,2.22
GLOBAL,PWRURNARGXX,URNINT,2,2038,2.22
GLOBAL,PWRURNARGXX,URNINT,2,2039,2.22
GLOBAL,PWRURNARGXX,URNINT,2,2040,2.22
GLOBAL,PWRURNARGXX,URNINT,2,2041,2.22
GLOBAL,PWRURNARGXX,URNINT,2,2042,2.22
GLOBAL,PWRURNARGXX,URNINT,2,2043,2.22
GLOBAL,PWRURNARGXX,URNINT,2,2044,2.22
GLOBAL,PWRURNARGXX,URNINT,2,2045,2.22
GLOBAL,PWRURNARGXX,URNINT,2,2046,2.22
GLOBAL,PWRURNARGXX,URNINT,2,2047,2.22
GLOBAL,PWRURNARGXX,URNINT,2,2048,2.22
GLOBAL,PWRURNARGXX,URNINT,2,2049,2.22
GLOBAL,PWRURNARGXX,URNINT,2,2050,2.22
GLOBAL,PWRURNBOLXX,URNBOL,1,2023,2.22
GLOBAL,PWRURNBOLXX,URNBOL,1,2024,2.22
GLOBAL,PWRURNBOLXX,URNBOL,1,2025,2.22
GLOBAL,PWRURNBOLXX,URNBOL,1,2026,2.22
GLOBAL,PWRURNBOLXX,URNBOL,1,2027,2.22
GLOBAL,PWRURNBOLXX,URNBOL,1,2028,2.22
GLOBAL,PWRURNBOLXX,URNBOL,1,2029,2.22
GLOBAL,PWRURNBOLXX,URNBOL,1,2030,2.22
GLOBAL,PWRURNBOLXX,URNBOL,1,2031,2.22
GLOBAL,PWRURNBOLXX,URNBOL,1,2032,2.22
GLOBAL,PWRURNBOLXX,URNBOL,1,2033,2.22
GLOBAL,PWRURNBOLXX,URNBOL,1,2034,2.22
GLOBAL,PWRURNBOLXX,URNBOL,1,2035,2.22
GLOBAL,PWRURNBOLXX,URNBOL,1,2036,2.22
GLOBAL,PWRURNBOLXX,URNBOL,1,2037,2.22
GLOBAL,PWRURNBOLXX,URNBOL,1,2038,2.22
GLOBAL,PWRURNBOLXX,URNBOL,1,2039,2.22
GLOBAL,PWRURNBOLXX,URNBOL,1,2040,2.22
GLOBAL,PWRURNBOLXX,URNBOL,1,2041,2.22
GLOBAL,PWRURNBOLXX,URNBOL,1,2042,2.22
GLOBAL,PWRURNBOLXX,URNBOL,1,2043,2.22
GLOBAL,PWRURNBOLXX,URNBOL,1,2044,2.22
GLOBAL,PWRURNBOLXX,URNBOL,1,2045,2.22
GLOBAL,PWRURNBOLXX,URNBOL,1,2046,2.22
GLOBAL,PWRURNBOLXX,URNBOL,1,2047,2.22
GLOBAL,PWRURNBOLXX,URNBOL,1,2048,2.22
GLOBAL,PWRURNBOLXX,URNBOL,1,2049,2.22
GLOBAL,PWRURNBOLXX,URNBOL,1,2050,2.22
GLOBAL,PWRURNBOLXX,URNINT,2,2023,2.22
GLOBAL,PWRURNBOLXX,URNINT,2,2024,2.22
GLOBAL,PWRURNBOLXX,URNINT,2,2025,2.22
GLOBAL,PWRURNBOLXX,URNINT,2,2026,2.22
GLOBAL,PWRURNBOLXX,URNINT,2,2027,2.22
GLOBAL,PWRURNBOLXX,URNINT,2,2028,2.22
GLOBAL,PWRURNBOLXX,URNINT,2,2029,2.22
GLOBAL,PWRURNBOLXX,URNINT,2,2030,2.22
GLOBAL,PWRURNBOLXX,URNINT,2,2031,2.22
GLOBAL,PWRURNBOLXX,URNINT,2,2032,2.22
GLOBAL,PWRURNBOLXX,URNINT,2,2033,2.22
GLOBAL,PWRURNBOLXX,URNINT,2,2034,2.22
GLOBAL,PWRURNBOLXX,URNINT,2,2035,2.22
GLOBAL,PWRURNBOLXX,URNINT,2,2036,2.22
GLOBAL,PWRURNBOLXX,URNINT,2,2037,2.22
GLOBAL,PWRURNBOLXX,URNINT,2,2038,2.22
GLOBAL,PWRURNBOLXX,URNINT,2,2039,2.22
GLOBAL,PWRURNBOLXX,URNINT,2,2040,2.22
GLOBAL,PWRURNBOLXX,URNINT,2,2041,2.22
GLOBAL,PWRURNBOLXX,URNINT,2,2042,2.22
GLOBAL,PWRURNBOLXX,URNINT,2,2043,2.22
GLOBAL,PWRURNBOLXX,URNINT,2,2044,2.22
GLOBAL,PWRURNBOLXX,URNINT,2,2045,2.22
GLOBAL,PWRURNBOLXX,URNINT,2,2046,2.22
GLOBAL,PWRURNBOLXX,URNINT,2,2047,2.22
GLOBAL,PWRURNBOLXX,URNINT,2,2048,2.22
GLOBAL,PWRURNBOLXX,URNINT,2,2049,2.22
GLOBAL,PWRURNBOLXX,URNINT,2,2050,2.22
GLOBAL,PWRURNBRAXX,URNBRA,1,2023,2.22
GLOBAL,PWRURNBRAXX,URNBRA,1,2024,2.22
GLOBAL,PWRURNBRAXX,URNBRA,1,2025,2.22
GLOBAL,PWRURNBRAXX,URNBRA,1,2026,2.22
GLOBAL,PWRURNBRAXX,URNBRA,1,2027,2.22
GLOBAL,PWRURNBRAXX,URNBRA,1,2028,2.22
GLOBAL,PWRURNBRAXX,URNBRA,1,2029,2.22
GLOBAL,PWRURNBRAXX,URNBRA,1,2030,2.22
GLOBAL,PWRURNBRAXX,URNBRA,1,2031,2.22
GLOBAL,PWRURNBRAXX,URNBRA,1,2032,2.22
GLOBAL,PWRURNBRAXX,URNBRA,1,2033,2.22
GLOBAL,PWRURNBRAXX,URNBRA,1,2034,2.22
GLOBAL,PWRURNBRAXX,URNBRA,1,2035,2.22
GLOBAL,PWRURNBRAXX,URNBRA,1,2036,2.22
GLOBAL,PWRURNBRAXX,URNBRA,1,2037,2.22
GLOBAL,PWRURNBRAXX,URNBRA,1,2038,2.22
GLOBAL,PWRURNBRAXX,URNBRA,1,2039,2.22
GLOBAL,PWRURNBRAXX,URNBRA,1,2040,2.22
GLOBAL,PWRURNBRAXX,URNBRA,1,2041,2.22
GLOBAL,PWRURNBRAXX,URNBRA,1,2042,2.22
GLOBAL,PWRURNBRAXX,URNBRA,1,2043,2.22
GLOBAL,PWRURNBRAXX,URNBRA,1,2044,2.22
GLOBAL,PWRURNBRAXX,URNBRA,1,2045,2.22
GLOBAL,PWRURNBRAXX,URNBRA,1,2046,2.22
GLOBAL,PWRURNBRAXX,URNBRA,1,2047,2.22
GLOBAL,PWRURNBRAXX,URNBRA,1,2048,2.22
GLOBAL,PWRURNBRAXX,URNBRA,1,2049,2.22
GLOBAL,PWRURNBRAXX,URNBRA,1,2050,2.22
GLOBAL,PWRURNBRAXX,URNINT,2,2023,2.22
GLOBAL,PWRURNBRAXX,URNINT,2,2024,2.22
GLOBAL,PWRURNBRAXX,URNINT,2,2025,2.22
GLOBAL,PWRURNBRAXX,URNINT,2,2026,2.22
GLOBAL,PWRURNBRAXX,URNINT,2,2027,2.22
GLOBAL,PWRURNBRAXX,URNINT,2,2028,2.22
GLOBAL,PWRURNBRAXX,URNINT,2,2029,2.22
GLOBAL,PWRURNBRAXX,URNINT,2,2030,2.22
GLOBAL,PWRURNBRAXX,URNINT,2,2031,2.22
GLOBAL,PWRURNBRAXX,URNINT,2,2032,2.22
GLOBAL,PWRURNBRAXX,URNINT,2,2033,2.22
GLOBAL,PWRURNBRAXX,URNINT,2,2034,2.22
GLOBAL,PWRURNBRAXX,URNINT,2,2035,2.22
GLOBAL,PWRURNBRAXX,URNINT,2,2036,2.22
GLOBAL,PWRURNBRAXX,URNINT,2,2037,2.22
GLOBAL,PWRURNBRAXX,URNINT,2,2038,2.22
GLOBAL,PWRURNBRAXX,URNINT,2,2039,2.22
GLOBAL,PWRURNBRAXX,URNINT,2,2040,2.22
GLOBAL,PWRURNBRAXX,URNINT,2,2041,2.22
GLOBAL,PWRURNBRAXX,URNINT,2,2042,2.22
GLOBAL,PWRURNBRAXX,URNINT,2,2043,2.22
GLOBAL,PWRURNBRAXX,URNINT,2,2044,2.22
GLOBAL,PWRURNBRAXX,URNINT,2,2045,2.22
GLOBAL,PWRURNBRAXX,URNINT,2,2046,2.22
GLOBAL,PWRURNBRAXX,URNINT,2,2047,2.22
GLOBAL,PWRURNBRAXX,URNINT,2,2048,2.22
GLOBAL,PWRURNBRAXX,URNINT,2,2049,2.22
GLOBAL,PWRURNBRAXX,URNINT,2,2050,2.22
GLOBAL,PWRURNBRBXX,URNBRB,1,2023,2.22
GLOBAL,PWRURNBRBXX,URNBRB,1,2024,2.22
GLOBAL,PWRURNBRBXX,URNBRB,1,2025,2.22
GLOBAL,PWRURNBRBXX,URNBRB,1,2026,2.22
GLOBAL,PWRURNBRBXX,URNBRB,1,2027,2.22
GLOBAL,PWRURNBRBXX,URNBRB,1,2028,2.22
GLOBAL,PWRURNBRBXX,URNBRB,1,2029,2.22
GLOBAL,PWRURNBRBXX,URNBRB,1,2030,2.22
GLOBAL,PWRURNBRBXX,URNBRB,1,2031,2.22
GLOBAL,PWRURNBRBXX,URNBRB,1,2032,2.22
GLOBAL,PWRURNBRBXX,URNBRB,1,2033,2.22
GLOBAL,PWRURNBRBXX,URNBRB,1,2034,2.22
GLOBAL,PWRURNBRBXX,URNBRB,1,2035,2.22
GLOBAL,PWRURNBRBXX,URNBRB,1,2036,2.22
GLOBAL,PWRURNBRBXX,URNBRB,1,2037,2.22
GLOBAL,PWRURNBRBXX,URNBRB,1,2038,2.22
GLOBAL,PWRURNBRBXX,URNBRB,1,2039,2.22
GLOBAL,PWRURNBRBXX,URNBRB,1,2040,2.22
GLOBAL,PWRURNBRBXX,URNBRB,1,2041,2.22
GLOBAL,PWRURNBRBXX,URNBRB,1,2042,2.22
GLOBAL,PWRURNBRBXX,URNBRB,1,2043,2.22
GLOBAL,PWRURNBRBXX,URNBRB,1,2044,2.22
GLOBAL,PWRURNBRBXX,URNBRB,1,2045,2.22
GLOBAL,PWRURNBRBXX,URNBRB,1,2046,2.22
GLOBAL,PWRURNBRBXX,URNBRB,1,2047,2.22
GLOBAL,PWRURNBRBXX,URNBRB,1,2048,2.22
GLOBAL,PWRURNBRBXX,URNBRB,1,2049,2.22
GLOBAL,PWRURNBRBXX,URNBRB,1,2050,2.22
GLOBAL,PWRURNBRBXX,URNINT,2,2023,2.22
GLOBAL,PWRURNBRBXX,URNINT,2,2024,2.22
GLOBAL,PWRURNBRBXX,URNINT,2,2025,2.22
GLOBAL,PWRURNBRBXX,URNINT,2,2026,2.22
GLOBAL,PWRURNBRBXX,URNINT,2,2027,2.22
GLOBAL,PWRURNBRBXX,URNINT,2,2028,2.22
GLOBAL,PWRURNBRBXX,URNINT,2,2029,2.22
GLOBAL,PWRURNBRBXX,URNINT,2,2030,2.22
GLOBAL,PWRURNBRBXX,URNINT,2,2031,2.22
GLOBAL,PWRURNBRBXX,URNINT,2,2032,2.22
GLOBAL,PWRURNBRBXX,URNINT,2,2033,2.22
GLOBAL,PWRURNBRBXX,URNINT,2,2034,2.22
GLOBAL,PWRURNBRBXX,URNINT,2,2035,2.22
GLOBAL,PWRURNBRBXX,URNINT,2,2036,2.22
GLOBAL,PWRURNBRBXX,URNINT,2,2037,2.22
GLOBAL,PWRURNBRBXX,URNINT,2,2038,2.22
GLOBAL,PWRURNBRBXX,URNINT,2,2039,2.22
GLOBAL,PWRURNBRBXX,URNINT,2,2040,2.22
GLOBAL,PWRURNBRBXX,URNINT,2,2041,2.22
GLOBAL,PWRURNBRBXX,URNINT,2,2042,2.22
GLOBAL,PWRURNBRBXX,URNINT,2,2043,2.22
GLOBAL,PWRURNBRBXX,URNINT,2,2044,2.22
GLOBAL,PWRURNBRBXX,URNINT,2,2045,2.22
GLOBAL,PWRURNBRBXX,URNINT,2,2046,2.22
GLOBAL,PWRURNBRBXX,URNINT,2,2047,2.22
GLOBAL,PWRURNBRBXX,URNINT,2,2048,2.22
GLOBAL,PWRURNBRBXX,URNINT,2,2049,2.22
GLOBAL,PWRURNBRBXX,URNINT,2,2050,2.22
GLOBAL,PWRURNCHLXX,URNCHL,1,2023,2.22
GLOBAL,PWRURNCHLXX,URNCHL,1,2024,2.22
GLOBAL,PWRURNCHLXX,URNCHL,1,2025,2.22
GLOBAL,PWRURNCHLXX,URNCHL,1,2026,2.22
GLOBAL,PWRURNCHLXX,URNCHL,1,2027,2.22
GLOBAL,PWRURNCHLXX,URNCHL,1,2028,2.22
GLOBAL,PWRURNCHLXX,URNCHL,1,2029,2.22
GLOBAL,PWRURNCHLXX,URNCHL,1,2030,2.22
GLOBAL,PWRURNCHLXX,URNCHL,1,2031,2.22
GLOBAL,PWRURNCHLXX,URNCHL,1,2032,2.22
GLOBAL,PWRURNCHLXX,URNCHL,1,2033,2.22
GLOBAL,PWRURNCHLXX,URNCHL,1,2034,2.22
GLOBAL,PWRURNCHLXX,URNCHL,1,2035,2.22
GLOBAL,PWRURNCHLXX,URNCHL,1,2036,2.22
GLOBAL,PWRURNCHLXX,URNCHL,1,2037,2.22
GLOBAL,PWRURNCHLXX,URNCHL,1,2038,2.22
GLOBAL,PWRURNCHLXX,URNCHL,1,2039,2.22
GLOBAL,PWRURNCHLXX,URNCHL,1,2040,2.22
GLOBAL,PWRURNCHLXX,URNCHL,1,2041,2.22
GLOBAL,PWRURNCHLXX,URNCHL,1,2042,2.22
GLOBAL,PWRURNCHLXX,URNCHL,1,2043,2.22
GLOBAL,PWRURNCHLXX,URNCHL,1,2044,2.22
GLOBAL,PWRURNCHLXX,URNCHL,1,2045,2.22
GLOBAL,PWRURNCHLXX,URNCHL,1,2046,2.22
GLOBAL,PWRURNCHLXX,URNCHL,1,2047,2.22
GLOBAL,PWRURNCHLXX,URNCHL,1,2048,2.22
GLOBAL,PWRURNCHLXX,URNCHL,1,2049,2.22
GLOBAL,PWRURNCHLXX,URNCHL,1,2050,2.22
GLOBAL,PWRURNCHLXX,URNINT,2,2023,2.22
GLOBAL,PWRURNCHLXX,URNINT,2,2024,2.22
GLOBAL,PWRURNCHLXX,URNINT,2,2025,2.22
GLOBAL,PWRURNCHLXX,URNINT,2,2026,2.22
GLOBAL,PWRURNCHLXX,URNINT,2,2027,2.22
GLOBAL,PWRURNCHLXX,URNINT,2,2028,2.22
GLOBAL,PWRURNCHLXX,URNINT,2,2029,2.22
GLOBAL,PWRURNCHLXX,URNINT,2,2030,2.22
GLOBAL,PWRURNCHLXX,URNINT,2,2031,2.22
GLOBAL,PWRURNCHLXX,URNINT,2,2032,2.22
GLOBAL,PWRURNCHLXX,URNINT,2,2033,2.22
GLOBAL,PWRURNCHLXX,URNINT,2,2034,2.22
GLOBAL,PWRURNCHLXX,URNINT,2,2035,2.22
GLOBAL,PWRURNCHLXX,URNINT,2,2036,2.22
GLOBAL,PWRURNCHLXX,URNINT,2,2037,2.22
GLOBAL,PWRURNCHLXX,URNINT,2,2038,2.22
GLOBAL,PWRURNCHLXX,URNINT,2,2039,2.22
GLOBAL,PWRURNCHLXX,URNINT,2,2040,2.22
GLOBAL,PWRURNCHLXX,URNINT,2,2041,2.22
GLOBAL,PWRURNCHLXX,URNINT,2,2042,2.22
GLOBAL,PWRURNCHLXX,URNINT,2,2043,2.22
GLOBAL,PWRURNCHLXX,URNINT,2,2044,2.22
GLOBAL,PWRURNCHLXX,URNINT,2,2045,2.22
GLOBAL,PWRURNCHLXX,URNINT,2,2046,2.22
GLOBAL,PWRURNCHLXX,URNINT,2,2047,2.22
GLOBAL,PWRURNCHLXX,URNINT,2,2048,2.22
GLOBAL,PWRURNCHLXX,URNINT,2,2049,2.22
GLOBAL,PWRURNCHLXX,URNINT,2,2050,2.22
GLOBAL,PWRURNCOLXX,URNCOL,1,2023,2.22
GLOBAL,PWRURNCOLXX,URNCOL,1,2024,2.22
GLOBAL,PWRURNCOLXX,URNCOL,1,2025,2.22
GLOBAL,PWRURNCOLXX,URNCOL,1,2026,2.22
GLOBAL,PWRURNCOLXX,URNCOL,1,2027,2.22
GLOBAL,PWRURNCOLXX,URNCOL,1,2028,2.22
GLOBAL,PWRURNCOLXX,URNCOL,1,2029,2.22
GLOBAL,PWRURNCOLXX,URNCOL,1,2030,2.22
GLOBAL,PWRURNCOLXX,URNCOL,1,2031,2.22
GLOBAL,PWRURNCOLXX,URNCOL,1,2032,2.22
GLOBAL,PWRURNCOLXX,URNCOL,1,2033,2.22
GLOBAL,PWRURNCOLXX,URNCOL,1,2034,2.22
GLOBAL,PWRURNCOLXX,URNCOL,1,2035,2.22
GLOBAL,PWRURNCOLXX,URNCOL,1,2036,2.22
GLOBAL,PWRURNCOLXX,URNCOL,1,2037,2.22
GLOBAL,PWRURNCOLXX,URNCOL,1,2038,2.22
GLOBAL,PWRURNCOLXX,URNCOL,1,2039,2.22
GLOBAL,PWRURNCOLXX,URNCOL,1,2040,2.22
GLOBAL,PWRURNCOLXX,URNCOL,1,2041,2.22
GLOBAL,PWRURNCOLXX,URNCOL,1,2042,2.22
GLOBAL,PWRURNCOLXX,URNCOL,1,2043,2.22
GLOBAL,PWRURNCOLXX,URNCOL,1,2044,2.22
GLOBAL,PWRURNCOLXX,URNCOL,1,2045,2.22
GLOBAL,PWRURNCOLXX,URNCOL,1,2046,2.22
GLOBAL,PWRURNCOLXX,URNCOL,1,2047,2.22
GLOBAL,PWRURNCOLXX,URNCOL,1,2048,2.22
GLOBAL,PWRURNCOLXX,URNCOL,1,2049,2.22
GLOBAL,PWRURNCOLXX,URNCOL,1,2050,2.22
GLOBAL,PWRURNCOLXX,URNINT,2,2023,2.22
GLOBAL,PWRURNCOLXX,URNINT,2,2024,2.22
GLOBAL,PWRURNCOLXX,URNINT,2,2025,2.22
GLOBAL,PWRURNCOLXX,URNINT,2,2026,2.22
GLOBAL,PWRURNCOLXX,URNINT,2,2027,2.22
GLOBAL,PWRURNCOLXX,URNINT,2,2028,2.22
GLOBAL,PWRURNCOLXX,URNINT,2,2029,2.22
GLOBAL,PWRURNCOLXX,URNINT,2,2030,2.22
GLOBAL,PWRURNCOLXX,URNINT,2,2031,2.22
GLOBAL,PWRURNCOLXX,URNINT,2,2032,2.22
GLOBAL,PWRURNCOLXX,URNINT,2,2033,2.22
GLOBAL,PWRURNCOLXX,URNINT,2,2034,2.22
GLOBAL,PWRURNCOLXX,URNINT,2,2035,2.22
GLOBAL,PWRURNCOLXX,URNINT,2,2036,2.22
GLOBAL,PWRURNCOLXX,URNINT,2,2037,2.22
GLOBAL,PWRURNCOLXX,URNINT,2,2038,2.22
GLOBAL,PWRURNCOLXX,URNINT,2,2039,2.22
GLOBAL,PWRURNCOLXX,URNINT,2,2040,2.22
GLOBAL,PWRURNCOLXX,URNINT,2,2041,2.22
GLOBAL,PWRURNCOLXX,URNINT,2,2042,2.22
GLOBAL,PWRURNCOLXX,URNINT,2,2043,2.22
GLOBAL,PWRURNCOLXX,URNINT,2,2044,2.22
GLOBAL,PWRURNCOLXX,URNINT,2,2045,2.22
GLOBAL,PWRURNCOLXX,URNINT,2,2046,2.22
GLOBAL,PWRURNCOLXX,URNINT,2,2047,2.22
GLOBAL,PWRURNCOLXX,URNINT,2,2048,2.22
GLOBAL,PWRURNCOLXX,URNINT,2,2049,2.22
GLOBAL,PWRURNCOLXX,URNINT,2,2050,2.22
GLOBAL,PWRURNCRIXX,URNCRI,1,2023,2.22
GLOBAL,PWRURNCRIXX,URNCRI,1,2024,2.22
GLOBAL,PWRURNCRIXX,URNCRI,1,2025,2.22
GLOBAL,PWRURNCRIXX,URNCRI,1,2026,2.22
GLOBAL,PWRURNCRIXX,URNCRI,1,2027,2.22
GLOBAL,PWRURNCRIXX,URNCRI,1,2028,2.22
GLOBAL,PWRURNCRIXX,URNCRI,1,2029,2.22
GLOBAL,PWRURNCRIXX,URNCRI,1,2030,2.22
GLOBAL,PWRURNCRIXX,URNCRI,1,2031,2.22
GLOBAL,PWRURNCRIXX,URNCRI,1,2032,2.22
GLOBAL,PWRURNCRIXX,URNCRI,1,2033,2.22
GLOBAL,PWRURNCRIXX,URNCRI,1,2034,2.22
GLOBAL,PWRURNCRIXX,URNCRI,1,2035,2.22
GLOBAL,PWRURNCRIXX,URNCRI,1,2036,2.22
GLOBAL,PWRURNCRIXX,URNCRI,1,2037,2.22
GLOBAL,PWRURNCRIXX,URNCRI,1,2038,2.22
GLOBAL,PWRURNCRIXX,URNCRI,1,2039,2.22
GLOBAL,PWRURNCRIXX,URNCRI,1,2040,2.22
GLOBAL,PWRURNCRIXX,URNCRI,1,2041,2.22
GLOBAL,PWRURNCRIXX,URNCRI,1,2042,2.22
GLOBAL,PWRURNCRIXX,URNCRI,1,2043,2.22
GLOBAL,PWRURNCRIXX,URNCRI,1,2044,2.22
GLOBAL,PWRURNCRIXX,URNCRI,1,2045,2.22
GLOBAL,PWRURNCRIXX,URNCRI,1,2046,2.22
GLOBAL,PWRURNCRIXX,URNCRI,1,2047,2.22
GLOBAL,PWRURNCRIXX,URNCRI,1,2048,2.22
GLOBAL,PWRURNCRIXX,URNCRI,1,2049,2.22
GLOBAL,PWRURNCRIXX,URNCRI,1,2050,2.22
GLOBAL,PWRURNCRIXX,URNINT,2,2023,2.22
GLOBAL,PWRURNCRIXX,URNINT,2,2024,2.22
GLOBAL,PWRURNCRIXX,URNINT,2,2025,2.22
GLOBAL,PWRURNCRIXX,URNINT,2,2026,2.22
GLOBAL,PWRURNCRIXX,URNINT,2,2027,2.22
GLOBAL,PWRURNCRIXX,URNINT,2,2028,2.22
GLOBAL,PWRURNCRIXX,URNINT,2,2029,2.22
GLOBAL,PWRURNCRIXX,URNINT,2,2030,2.22
GLOBAL,PWRURNCRIXX,URNINT,2,2031,2.22
GLOBAL,PWRURNCRIXX,URNINT,2,2032,2.22
GLOBAL,PWRURNCRIXX,URNINT,2,2033,2.22
GLOBAL,PWRURNCRIXX,URNINT,2,2034,2.22
GLOBAL,PWRURNCRIXX,URNINT,2,2035,2.22
GLOBAL,PWRURNCRIXX,URNINT,2,2036,2.22
GLOBAL,PWRURNCRIXX,URNINT,2,2037,2.22
GLOBAL,PWRURNCRIXX,URNINT,2,2038,2.22
GLOBAL,PWRURNCRIXX,URNINT,2,2039,2.22
GLOBAL,PWRURNCRIXX,URNINT,2,2040,2.22
GLOBAL,PWRURNCRIXX,URNINT,2,2041,2.22
GLOBAL,PWRURNCRIXX,URNINT,2,2042,2.22
GLOBAL,PWRURNCRIXX,URNINT,2,2043,2.22
GLOBAL,PWRURNCRIXX,URNINT,2,2044,2.22
GLOBAL,PWRURNCRIXX,URNINT,2,2045,2.22
GLOBAL,PWRURNCRIXX,URNINT,2,2046,2.22
GLOBAL,PWRURNCRIXX,URNINT,2,2047,2.22
GLOBAL,PWRURNCRIXX,URNINT,2,2048,2.22
GLOBAL,PWRURNCRIXX,URNINT,2,2049,2.22
GLOBAL,PWRURNCRIXX,URNINT,2,2050,2.22
GLOBAL,PWRURNDOMXX,URNDOM,1,2023,2.22
GLOBAL,PWRURNDOMXX,URNDOM,1,2024,2.22
GLOBAL,PWRURNDOMXX,URNDOM,1,2025,2.22
GLOBAL,PWRURNDOMXX,URNDOM,1,2026,2.22
GLOBAL,PWRURNDOMXX,URNDOM,1,2027,2.22
GLOBAL,PWRURNDOMXX,URNDOM,1,2028,2.22
GLOBAL,PWRURNDOMXX,URNDOM,1,2029,2.22
GLOBAL,PWRURNDOMXX,URNDOM,1,2030,2.22
GLOBAL,PWRURNDOMXX,URNDOM,1,2031,2.22
GLOBAL,PWRURNDOMXX,URNDOM,1,2032,2.22
GLOBAL,PWRURNDOMXX,URNDOM,1,2033,2.22
GLOBAL,PWRURNDOMXX,URNDOM,1,2034,2.22
GLOBAL,PWRURNDOMXX,URNDOM,1,2035,2.22
GLOBAL,PWRURNDOMXX,URNDOM,1,2036,2.22
GLOBAL,PWRURNDOMXX,URNDOM,1,2037,2.22
GLOBAL,PWRURNDOMXX,URNDOM,1,2038,2.22
GLOBAL,PWRURNDOMXX,URNDOM,1,2039,2.22
GLOBAL,PWRURNDOMXX,URNDOM,1,2040,2.22
GLOBAL,PWRURNDOMXX,URNDOM,1,2041,2.22
GLOBAL,PWRURNDOMXX,URNDOM,1,2042,2.22
GLOBAL,PWRURNDOMXX,URNDOM,1,2043,2.22
GLOBAL,PWRURNDOMXX,URNDOM,1,2044,2.22
GLOBAL,PWRURNDOMXX,URNDOM,1,2045,2.22
GLOBAL,PWRURNDOMXX,URNDOM,1,2046,2.22
GLOBAL,PWRURNDOMXX,URNDOM,1,2047,2.22
GLOBAL,PWRURNDOMXX,URNDOM,1,2048,2.22
GLOBAL,PWRURNDOMXX,URNDOM,1,2049,2.22
GLOBAL,PWRURNDOMXX,URNDOM,1,2050,2.22
GLOBAL,PWRURNDOMXX,URNINT,2,2023,2.22
GLOBAL,PWRURNDOMXX,URNINT,2,2024,2.22
GLOBAL,PWRURNDOMXX,URNINT,2,2025,2.22
GLOBAL,PWRURNDOMXX,URNINT,2,2026,2.22
GLOBAL,PWRURNDOMXX,URNINT,2,2027,2.22
GLOBAL,PWRURNDOMXX,URNINT,2,2028,2.22
GLOBAL,PWRURNDOMXX,URNINT,2,2029,2.22
GLOBAL,PWRURNDOMXX,URNINT,2,2030,2.22
GLOBAL,PWRURNDOMXX,URNINT,2,2031,2.22
GLOBAL,PWRURNDOMXX,URNINT,2,2032,2.22
GLOBAL,PWRURNDOMXX,URNINT,2,2033,2.22
GLOBAL,PWRURNDOMXX,URNINT,2,2034,2.22
GLOBAL,PWRURNDOMXX,URNINT,2,2035,2.22
GLOBAL,PWRURNDOMXX,URNINT,2,2036,2.22
GLOBAL,PWRURNDOMXX,URNINT,2,2037,2.22
GLOBAL,PWRURNDOMXX,URNINT,2,2038,2.22
GLOBAL,PWRURNDOMXX,URNINT,2,2039,2.22
GLOBAL,PWRURNDOMXX,URNINT,2,2040,2.22
GLOBAL,PWRURNDOMXX,URNINT,2,2041,2.22
GLOBAL,PWRURNDOMXX,URNINT,2,2042,2.22
GLOBAL,PWRURNDOMXX,URNINT,2,2043,2.22
GLOBAL,PWRURNDOMXX,URNINT,2,2044,2.22
GLOBAL,PWRURNDOMXX,URNINT,2,2045,2.22
GLOBAL,PWRURNDOMXX,URNINT,2,2046,2.22
GLOBAL,PWRURNDOMXX,URNINT,2,2047,2.22
GLOBAL,PWRURNDOMXX,URNINT,2,2048,2.22
GLOBAL,PWRURNDOMXX,URNINT,2,2049,2.22
GLOBAL,PWRURNDOMXX,URNINT,2,2050,2.22
GLOBAL,PWRURNECUXX,URNECU,1,2023,2.22
GLOBAL,PWRURNECUXX,URNECU,1,2024,2.22
GLOBAL,PWRURNECUXX,URNECU,1,2025,2.22
GLOBAL,PWRURNECUXX,URNECU,1,2026,2.22
GLOBAL,PWRURNECUXX,URNECU,1,2027,2.22
GLOBAL,PWRURNECUXX,URNECU,1,2028,2.22
GLOBAL,PWRURNECUXX,URNECU,1,2029,2.22
GLOBAL,PWRURNECUXX,URNECU,1,2030,2.22
GLOBAL,PWRURNECUXX,URNECU,1,2031,2.22
GLOBAL,PWRURNECUXX,URNECU,1,2032,2.22
GLOBAL,PWRURNECUXX,URNECU,1,2033,2.22
GLOBAL,PWRURNECUXX,URNECU,1,2034,2.22
GLOBAL,PWRURNECUXX,URNECU,1,2035,2.22
GLOBAL,PWRURNECUXX,URNECU,1,2036,2.22
GLOBAL,PWRURNECUXX,URNECU,1,2037,2.22
GLOBAL,PWRURNECUXX,URNECU,1,2038,2.22
GLOBAL,PWRURNECUXX,URNECU,1,2039,2.22
GLOBAL,PWRURNECUXX,URNECU,1,2040,2.22
GLOBAL,PWRURNECUXX,URNECU,1,2041,2.22
GLOBAL,PWRURNECUXX,URNECU,1,2042,2.22
GLOBAL,PWRURNECUXX,URNECU,1,2043,2.22
GLOBAL,PWRURNECUXX,URNECU,1,2044,2.22
GLOBAL,PWRURNECUXX,URNECU,1,2045,2.22
GLOBAL,PWRURNECUXX,URNECU,1,2046,2.22
GLOBAL,PWRURNECUXX,URNECU,1,2047,2.22
GLOBAL,PWRURNECUXX,URNECU,1,2048,2.22
GLOBAL,PWRURNECUXX,URNECU,1,2049,2.22
GLOBAL,PWRURNECUXX,URNECU,1,2050,2.22
GLOBAL,PWRURNECUXX,URNINT,2,2023,2.22
GLOBAL,PWRURNECUXX,URNINT,2,2024,2.22
GLOBAL,PWRURNECUXX,URNINT,2,2025,2.22
GLOBAL,PWRURNECUXX,URNINT,2,2026,2.22
GLOBAL,PWRURNECUXX,URNINT,2,2027,2.22
GLOBAL,PWRURNECUXX,URNINT,2,2028,2.22
GLOBAL,PWRURNECUXX,URNINT,2,2029,2.22
GLOBAL,PWRURNECUXX,URNINT,2,2030,2.22
GLOBAL,PWRURNECUXX,URNINT,2,2031,2.22
GLOBAL,PWRURNECUXX,URNINT,2,2032,2.22
GLOBAL,PWRURNECUXX,URNINT,2,2033,2.22
GLOBAL,PWRURNECUXX,URNINT,2,2034,2.22
GLOBAL,PWRURNECUXX,URNINT,2,2035,2.22
GLOBAL,PWRURNECUXX,URNINT,2,2036,2.22
GLOBAL,PWRURNECUXX,URNINT,2,2037,2.22
GLOBAL,PWRURNECUXX,URNINT,2,2038,2.22
GLOBAL,PWRURNECUXX,URNINT,2,2039,2.22
GLOBAL,PWRURNECUXX,URNINT,2,2040,2.22
GLOBAL,PWRURNECUXX,URNINT,2,2041,2.22
GLOBAL,PWRURNECUXX,URNINT,2,2042,2.22
GLOBAL,PWRURNECUXX,URNINT,2,2043,2.22
GLOBAL,PWRURNECUXX,URNINT,2,2044,2.22
GLOBAL,PWRURNECUXX,URNINT,2,2045,2.22
GLOBAL,PWRURNECUXX,URNINT,2,2046,2.22
GLOBAL,PWRURNECUXX,URNINT,2,2047,2.22
GLOBAL,PWRURNECUXX,URNINT,2,2048,2.22
GLOBAL,PWRURNECUXX,URNINT,2,2049,2.22
GLOBAL,PWRURNECUXX,URNINT,2,2050,2.22
GLOBAL,PWRURNGTMXX,URNGTM,1,2023,2.22
GLOBAL,PWRURNGTMXX,URNGTM,1,2024,2.22
GLOBAL,PWRURNGTMXX,URNGTM,1,2025,2.22
GLOBAL,PWRURNGTMXX,URNGTM,1,2026,2.22
GLOBAL,PWRURNGTMXX,URNGTM,1,2027,2.22
GLOBAL,PWRURNGTMXX,URNGTM,1,2028,2.22
GLOBAL,PWRURNGTMXX,URNGTM,1,2029,2.22
GLOBAL,PWRURNGTMXX,URNGTM,1,2030,2.22
GLOBAL,PWRURNGTMXX,URNGTM,1,2031,2.22
GLOBAL,PWRURNGTMXX,URNGTM,1,2032,2.22
GLOBAL,PWRURNGTMXX,URNGTM,1,2033,2.22
GLOBAL,PWRURNGTMXX,URNGTM,1,2034,2.22
GLOBAL,PWRURNGTMXX,URNGTM,1,2035,2.22
GLOBAL,PWRURNGTMXX,URNGTM,1,2036,2.22
GLOBAL,PWRURNGTMXX,URNGTM,1,2037,2.22
GLOBAL,PWRURNGTMXX,URNGTM,1,2038,2.22
GLOBAL,PWRURNGTMXX,URNGTM,1,2039,2.22
GLOBAL,PWRURNGTMXX,URNGTM,1,2040,2.22
GLOBAL,PWRURNGTMXX,URNGTM,1,2041,2.22
GLOBAL,PWRURNGTMXX,URNGTM,1,2042,2.22
GLOBAL,PWRURNGTMXX,URNGTM,1,2043,2.22
GLOBAL,PWRURNGTMXX,URNGTM,1,2044,2.22
GLOBAL,PWRURNGTMXX,URNGTM,1,2045,2.22
GLOBAL,PWRURNGTMXX,URNGTM,1,2046,2.22
GLOBAL,PWRURNGTMXX,URNGTM,1,2047,2.22
GLOBAL,PWRURNGTMXX,URNGTM,1,2048,2.22
GLOBAL,PWRURNGTMXX,URNGTM,1,2049,2.22
GLOBAL,PWRURNGTMXX,URNGTM,1,2050,2.22
GLOBAL,PWRURNGTMXX,URNINT,2,2023,2.22
GLOBAL,PWRURNGTMXX,URNINT,2,2024,2.22
GLOBAL,PWRURNGTMXX,URNINT,2,2025,2.22
GLOBAL,PWRURNGTMXX,URNINT,2,2026,2.22
GLOBAL,PWRURNGTMXX,URNINT,2,2027,2.22
GLOBAL,PWRURNGTMXX,URNINT,2,2028,2.22
GLOBAL,PWRURNGTMXX,URNINT,2,2029,2.22
GLOBAL,PWRURNGTMXX,URNINT,2,2030,2.22
GLOBAL,PWRURNGTMXX,URNINT,2,2031,2.22
GLOBAL,PWRURNGTMXX,URNINT,2,2032,2.22
GLOBAL,PWRURNGTMXX,URNINT,2,2033,2.22
GLOBAL,PWRURNGTMXX,URNINT,2,2034,2.22
GLOBAL,PWRURNGTMXX,URNINT,2,2035,2.22
GLOBAL,PWRURNGTMXX,URNINT,2,2036,2.22
GLOBAL,PWRURNGTMXX,URNINT,2,2037,2.22
GLOBAL,PWRURNGTMXX,URNINT,2,2038,2.22
GLOBAL,PWRURNGTMXX,URNINT,2,2039,2.22
GLOBAL,PWRURNGTMXX,URNINT,2,2040,2.22
GLOBAL,PWRURNGTMXX,URNINT,2,2041,2.22
GLOBAL,PWRURNGTMXX,URNINT,2,2042,2.22
GLOBAL,PWRURNGTMXX,URNINT,2,2043,2.22
GLOBAL,PWRURNGTMXX,URNINT,2,2044,2.22
GLOBAL,PWRURNGTMXX,URNINT,2,2045,2.22
GLOBAL,PWRURNGTMXX,URNINT,2,2046,2.22
GLOBAL,PWRURNGTMXX,URNINT,2,2047,2.22
GLOBAL,PWRURNGTMXX,URNINT,2,2048,2.22
GLOBAL,PWRURNGTMXX,URNINT,2,2049,2.22
GLOBAL,PWRURNGTMXX,URNINT,2,2050,2.22
GLOBAL,PWRURNHNDXX,URNHND,1,2023,2.22
GLOBAL,PWRURNHNDXX,URNHND,1,2024,2.22
GLOBAL,PWRURNHNDXX,URNHND,1,2025,2.22
GLOBAL,PWRURNHNDXX,URNHND,1,2026,2.22
GLOBAL,PWRURNHNDXX,URNHND,1,2027,2.22
GLOBAL,PWRURNHNDXX,URNHND,1,2028,2.22
GLOBAL,PWRURNHNDXX,URNHND,1,2029,2.22
GLOBAL,PWRURNHNDXX,URNHND,1,2030,2.22
GLOBAL,PWRURNHNDXX,URNHND,1,2031,2.22
GLOBAL,PWRURNHNDXX,URNHND,1,2032,2.22
GLOBAL,PWRURNHNDXX,URNHND,1,2033,2.22
GLOBAL,PWRURNHNDXX,URNHND,1,2034,2.22
GLOBAL,PWRURNHNDXX,URNHND,1,2035,2.22
GLOBAL,PWRURNHNDXX,URNHND,1,2036,2.22
GLOBAL,PWRURNHNDXX,URNHND,1,2037,2.22
GLOBAL,PWRURNHNDXX,URNHND,1,2038,2.22
GLOBAL,PWRURNHNDXX,URNHND,1,2039,2.22
GLOBAL,PWRURNHNDXX,URNHND,1,2040,2.22
GLOBAL,PWRURNHNDXX,URNHND,1,2041,2.22
GLOBAL,PWRURNHNDXX,URNHND,1,2042,2.22
GLOBAL,PWRURNHNDXX,URNHND,1,2043,2.22
GLOBAL,PWRURNHNDXX,URNHND,1,2044,2.22
GLOBAL,PWRURNHNDXX,URNHND,1,2045,2.22
GLOBAL,PWRURNHNDXX,URNHND,1,2046,2.22
GLOBAL,PWRURNHNDXX,URNHND,1,2047,2.22
GLOBAL,PWRURNHNDXX,URNHND,1,2048,2.22
GLOBAL,PWRURNHNDXX,URNHND,1,2049,2.22
GLOBAL,PWRURNHNDXX,URNHND,1,2050,2.22
GLOBAL,PWRURNHNDXX,URNINT,2,2023,2.22
GLOBAL,PWRURNHNDXX,URNINT,2,2024,2.22
GLOBAL,PWRURNHNDXX,URNINT,2,2025,2.22
GLOBAL,PWRURNHNDXX,URNINT,2,2026,2.22
GLOBAL,PWRURNHNDXX,URNINT,2,2027,2.22
GLOBAL,PWRURNHNDXX,URNINT,2,2028,2.22
GLOBAL,PWRURNHNDXX,URNINT,2,2029,2.22
GLOBAL,PWRURNHNDXX,URNINT,2,2030,2.22
GLOBAL,PWRURNHNDXX,URNINT,2,2031,2.22
GLOBAL,PWRURNHNDXX,URNINT,2,2032,2.22
GLOBAL,PWRURNHNDXX,URNINT,2,2033,2.22
GLOBAL,PWRURNHNDXX,URNINT,2,2034,2.22
GLOBAL,PWRURNHNDXX,URNINT,2,2035,2.22
GLOBAL,PWRURNHNDXX,URNINT,2,2036,2.22
GLOBAL,PWRURNHNDXX,URNINT,2,2037,2.22
GLOBAL,PWRURNHNDXX,URNINT,2,2038,2.22
GLOBAL,PWRURNHNDXX,URNINT,2,2039,2.22
GLOBAL,PWRURNHNDXX,URNINT,2,2040,2.22
GLOBAL,PWRURNHNDXX,URNINT,2,2041,2.22
GLOBAL,PWRURNHNDXX,URNINT,2,2042,2.22
GLOBAL,PWRURNHNDXX,URNINT,2,2043,2.22
GLOBAL,PWRURNHNDXX,URNINT,2,2044,2.22
GLOBAL,PWRURNHNDXX,URNINT,2,2045,2.22
GLOBAL,PWRURNHNDXX,URNINT,2,2046,2.22
GLOBAL,PWRURNHNDXX,URNINT,2,2047,2.22
GLOBAL,PWRURNHNDXX,URNINT,2,2048,2.22
GLOBAL,PWRURNHNDXX,URNINT,2,2049,2.22
GLOBAL,PWRURNHNDXX,URNINT,2,2050,2.22
GLOBAL,PWRURNHTIXX,URNHTI,1,2023,2.22
GLOBAL,PWRURNHTIXX,URNHTI,1,2024,2.22
GLOBAL,PWRURNHTIXX,URNHTI,1,2025,2.22
GLOBAL,PWRURNHTIXX,URNHTI,1,2026,2.22
GLOBAL,PWRURNHTIXX,URNHTI,1,2027,2.22
GLOBAL,PWRURNHTIXX,URNHTI,1,2028,2.22
GLOBAL,PWRURNHTIXX,URNHTI,1,2029,2.22
GLOBAL,PWRURNHTIXX,URNHTI,1,2030,2.22
GLOBAL,PWRURNHTIXX,URNHTI,1,2031,2.22
GLOBAL,PWRURNHTIXX,URNHTI,1,2032,2.22
GLOBAL,PWRURNHTIXX,URNHTI,1,2033,2.22
GLOBAL,PWRURNHTIXX,URNHTI,1,2034,2.22
GLOBAL,PWRURNHTIXX,URNHTI,1,2035,2.22
GLOBAL,PWRURNHTIXX,URNHTI,1,2036,2.22
GLOBAL,PWRURNHTIXX,URNHTI,1,2037,2.22
GLOBAL,PWRURNHTIXX,URNHTI,1,2038,2.22
GLOBAL,PWRURNHTIXX,URNHTI,1,2039,2.22
GLOBAL,PWRURNHTIXX,URNHTI,1,2040,2.22
GLOBAL,PWRURNHTIXX,URNHTI,1,2041,2.22
GLOBAL,PWRURNHTIXX,URNHTI,1,2042,2.22
GLOBAL,PWRURNHTIXX,URNHTI,1,2043,2.22
GLOBAL,PWRURNHTIXX,URNHTI,1,2044,2.22
GLOBAL,PWRURNHTIXX,URNHTI,1,2045,2.22
GLOBAL,PWRURNHTIXX,URNHTI,1,2046,2.22
GLOBAL,PWRURNHTIXX,URNHTI,1,2047,2.22
GLOBAL,PWRURNHTIXX,URNHTI,1,2048,2.22
GLOBAL,PWRURNHTIXX,URNHTI,1,2049,2.22
GLOBAL,PWRURNHTIXX,URNHTI,1,2050,2.22
GLOBAL,PWRURNHTIXX,URNINT,2,2023,2.22
GLOBAL,PWRURNHTIXX,URNINT,2,2024,2.22
GLOBAL,PWRURNHTIXX,URNINT,2,2025,2.22
GLOBAL,PWRURNHTIXX,URNINT,2,2026,2.22
GLOBAL,PWRURNHTIXX,URNINT,2,2027,2.22
GLOBAL,PWRURNHTIXX,URNINT,2,2028,2.22
GLOBAL,PWRURNHTIXX,URNINT,2,2029,2.22
GLOBAL,PWRURNHTIXX,URNINT,2,2030,2.22
GLOBAL,PWRURNHTIXX,URNINT,2,2031,2.22
GLOBAL,PWRURNHTIXX,URNINT,2,2032,2.22
GLOBAL,PWRURNHTIXX,URNINT,2,2033,2.22
GLOBAL,PWRURNHTIXX,URNINT,2,2034,2.22
GLOBAL,PWRURNHTIXX,URNINT,2,2035,2.22
GLOBAL,PWRURNHTIXX,URNINT,2,2036,2.22
GLOBAL,PWRURNHTIXX,URNINT,2,2037,2.22
GLOBAL,PWRURNHTIXX,URNINT,2,2038,2.22
GLOBAL,PWRURNHTIXX,URNINT,2,2039,2.22
GLOBAL,PWRURNHTIXX,URNINT,2,2040,2.22
GLOBAL,PWRURNHTIXX,URNINT,2,2041,2.22
GLOBAL,PWRURNHTIXX,URNINT,2,2042,2.22
GLOBAL,PWRURNHTIXX,URNINT,2,2043,2.22
GLOBAL,PWRURNHTIXX,URNINT,2,2044,2.22
GLOBAL,PWRURNHTIXX,URNINT,2,2045,2.22
GLOBAL,PWRURNHTIXX,URNINT,2,2046,2.22
GLOBAL,PWRURNHTIXX,URNINT,2,2047,2.22
GLOBAL,PWRURNHTIXX,URNINT,2,2048,2.22
GLOBAL,PWRURNHTIXX,URNINT,2,2049,2.22
GLOBAL,PWRURNHTIXX,URNINT,2,2050,2.22
GLOBAL,PWRURNMEXXX,URNINT,2,2023,2.22
GLOBAL,PWRURNMEXXX,URNINT,2,2024,2.22
GLOBAL,PWRURNMEXXX,URNINT,2,2025,2.22
GLOBAL,PWRURNMEXXX,URNINT,2,2026,2.22
GLOBAL,PWRURNMEXXX,URNINT,2,2027,2.22
GLOBAL,PWRURNMEXXX,URNINT,2,2028,2.22
GLOBAL,PWRURNMEXXX,URNINT,2,2029,2.22
GLOBAL,PWRURNMEXXX,URNINT,2,2030,2.22
GLOBAL,PWRURNMEXXX,URNINT,2,2031,2.22
GLOBAL,PWRURNMEXXX,URNINT,2,2032,2.22
GLOBAL,PWRURNMEXXX,URNINT,2,2033,2.22
GLOBAL,PWRURNMEXXX,URNINT,2,2034,2.22
GLOBAL,PWRURNMEXXX,URNINT,2,2035,2.22
GLOBAL,PWRURNMEXXX,URNINT,2,2036,2.22
GLOBAL,PWRURNMEXXX,URNINT,2,2037,2.22
GLOBAL,PWRURNMEXXX,URNINT,2,2038,2.22
GLOBAL,PWRURNMEXXX,URNINT,2,2039,2.22
GLOBAL,PWRURNMEXXX,URNINT,2,2040,2.22
GLOBAL,PWRURNMEXXX,URNINT,2,2041,2.22
GLOBAL,PWRURNMEXXX,URNINT,2,2042,2.22
GLOBAL,PWRURNMEXXX,URNINT,2,2043,2.22
GLOBAL,PWRURNMEXXX,URNINT,2,2044,2.22
GLOBAL,PWRURNMEXXX,URNINT,2,2045,2.22
GLOBAL,PWRURNMEXXX,URNINT,2,2046,2.22
GLOBAL,PWRURNMEXXX,URNINT,2,2047,2.22
GLOBAL,PWRURNMEXXX,URNINT,2,2048,2.22
GLOBAL,PWRURNMEXXX,URNINT,2,2049,2.22
GLOBAL,PWRURNMEXXX,URNINT,2,2050,2.22
GLOBAL,PWRURNMEXXX,URNMEX,1,2023,2.22
GLOBAL,PWRURNMEXXX,URNMEX,1,2024,2.22
GLOBAL,PWRURNMEXXX,URNMEX,1,2025,2.22
GLOBAL,PWRURNMEXXX,URNMEX,1,2026,2.22
GLOBAL,PWRURNMEXXX,URNMEX,1,2027,2.22
GLOBAL,PWRURNMEXXX,URNMEX,1,2028,2.22
GLOBAL,PWRURNMEXXX,URNMEX,1,2029,2.22
GLOBAL,PWRURNMEXXX,URNMEX,1,2030,2.22
GLOBAL,PWRURNMEXXX,URNMEX,1,2031,2.22
GLOBAL,PWRURNMEXXX,URNMEX,1,2032,2.22
GLOBAL,PWRURNMEXXX,URNMEX,1,2033,2.22
GLOBAL,PWRURNMEXXX,URNMEX,1,2034,2.22
GLOBAL,PWRURNMEXXX,URNMEX,1,2035,2.22
GLOBAL,PWRURNMEXXX,URNMEX,1,2036,2.22
GLOBAL,PWRURNMEXXX,URNMEX,1,2037,2.22
GLOBAL,PWRURNMEXXX,URNMEX,1,2038,2.22
GLOBAL,PWRURNMEXXX,URNMEX,1,2039,2.22
GLOBAL,PWRURNMEXXX,URNMEX,1,2040,2.22
GLOBAL,PWRURNMEXXX,URNMEX,1,2041,2.22
GLOBAL,PWRURNMEXXX,URNMEX,1,2042,2.22
GLOBAL,PWRURNMEXXX,URNMEX,1,2043,2.22
GLOBAL,PWRURNMEXXX,URNMEX,1,2044,2.22
GLOBAL,PWRURNMEXXX,URNMEX,1,2045,2.22
GLOBAL,PWRURNMEXXX,URNMEX,1,2046,2.22
GLOBAL,PWRURNMEXXX,URNMEX,1,2047,2.22
GLOBAL,PWRURNMEXXX,URNMEX,1,2048,2.22
GLOBAL,PWRURNMEXXX,URNMEX,1,2049,2.22
GLOBAL,PWRURNMEXXX,URNMEX,1,2050,2.22
GLOBAL,PWRURNNICXX,URNINT,2,2023,2.22
GLOBAL,PWRURNNICXX,URNINT,2,2024,2.22
GLOBAL,PWRURNNICXX,URNINT,2,2025,2.22
GLOBAL,PWRURNNICXX,URNINT,2,2026,2.22
GLOBAL,PWRURNNICXX,URNINT,2,2027,2.22
GLOBAL,PWRURNNICXX,URNINT,2,2028,2.22
GLOBAL,PWRURNNICXX,URNINT,2,2029,2.22
GLOBAL,PWRURNNICXX,URNINT,2,2030,2.22
GLOBAL,PWRURNNICXX,URNINT,2,2031,2.22
GLOBAL,PWRURNNICXX,URNINT,2,2032,2.22
GLOBAL,PWRURNNICXX,URNINT,2,2033,2.22
GLOBAL,PWRURNNICXX,URNINT,2,2034,2.22
GLOBAL,PWRURNNICXX,URNINT,2,2035,2.22
GLOBAL,PWRURNNICXX,URNINT,2,2036,2.22
GLOBAL,PWRURNNICXX,URNINT,2,2037,2.22
GLOBAL,PWRURNNICXX,URNINT,2,2038,2.22
GLOBAL,PWRURNNICXX,URNINT,2,2039,2.22
GLOBAL,PWRURNNICXX,URNINT,2,2040,2.22
GLOBAL,PWRURNNICXX,URNINT,2,2041,2.22
GLOBAL,PWRURNNICXX,URNINT,2,2042,2.22
GLOBAL,PWRURNNICXX,URNINT,2,2043,2.22
GLOBAL,PWRURNNICXX,URNINT,2,2044,2.22
GLOBAL,PWRURNNICXX,URNINT,2,2045,2.22
GLOBAL,PWRURNNICXX,URNINT,2,2046,2.22
GLOBAL,PWRURNNICXX,URNINT,2,2047,2.22
GLOBAL,PWRURNNICXX,URNINT,2,2048,2.22
GLOBAL,PWRURNNICXX,URNINT,2,2049,2.22
GLOBAL,PWRURNNICXX,URNINT,2,2050,2.22
GLOBAL,PWRURNNICXX,URNNIC,1,2023,2.22
GLOBAL,PWRURNNICXX,URNNIC,1,2024,2.22
GLOBAL,PWRURNNICXX,URNNIC,1,2025,2.22
GLOBAL,PWRURNNICXX,URNNIC,1,2026,2.22
GLOBAL,PWRURNNICXX,URNNIC,1,2027,2.22
GLOBAL,PWRURNNICXX,URNNIC,1,2028,2.22
GLOBAL,PWRURNNICXX,URNNIC,1,2029,2.22
GLOBAL,PWRURNNICXX,URNNIC,1,2030,2.22
GLOBAL,PWRURNNICXX,URNNIC,1,2031,2.22
GLOBAL,PWRURNNICXX,URNNIC,1,2032,2.22
GLOBAL,PWRURNNICXX,URNNIC,1,2033,2.22
GLOBAL,PWRURNNICXX,URNNIC,1,2034,2.22
GLOBAL,PWRURNNICXX,URNNIC,1,2035,2.22
GLOBAL,PWRURNNICXX,URNNIC,1,2036,2.22
GLOBAL,PWRURNNICXX,URNNIC,1,2037,2.22
GLOBAL,PWRURNNICXX,URNNIC,1,2038,2.22
GLOBAL,PWRURNNICXX,URNNIC,1,2039,2.22
GLOBAL,PWRURNNICXX,URNNIC,1,2040,2.22
GLOBAL,PWRURNNICXX,URNNIC,1,2041,2.22
GLOBAL,PWRURNNICXX,URNNIC,1,2042,2.22
GLOBAL,PWRURNNICXX,URNNIC,1,2043,2.22
GLOBAL,PWRURNNICXX,URNNIC,1,2044,2.22
GLOBAL,PWRURNNICXX,URNNIC,1,2045,2.22
GLOBAL,PWRURNNICXX,URNNIC,1,2046,2.22
GLOBAL,PWRURNNICXX,URNNIC,1,2047,2.22
GLOBAL,PWRURNNICXX,URNNIC,1,2048,2.22
GLOBAL,PWRURNNICXX,URNNIC,1,2049,2.22
GLOBAL,PWRURNNICXX,URNNIC,1,2050,2.22
GLOBAL,PWRURNPANXX,URNINT,2,2023,2.22
GLOBAL,PWRURNPANXX,URNINT,2,2024,2.22
GLOBAL,PWRURNPANXX,URNINT,2,2025,2.22
GLOBAL,PWRURNPANXX,URNINT,2,2026,2.22
GLOBAL,PWRURNPANXX,URNINT,2,2027,2.22
GLOBAL,PWRURNPANXX,URNINT,2,2028,2.22
GLOBAL,PWRURNPANXX,URNINT,2,2029,2.22
GLOBAL,PWRURNPANXX,URNINT,2,2030,2.22
GLOBAL,PWRURNPANXX,URNINT,2,2031,2.22
GLOBAL,PWRURNPANXX,URNINT,2,2032,2.22
GLOBAL,PWRURNPANXX,URNINT,2,2033,2.22
GLOBAL,PWRURNPANXX,URNINT,2,2034,2.22
GLOBAL,PWRURNPANXX,URNINT,2,2035,2.22
GLOBAL,PWRURNPANXX,URNINT,2,2036,2.22
GLOBAL,PWRURNPANXX,URNINT,2,2037,2.22
GLOBAL,PWRURNPANXX,URNINT,2,2038,2.22
GLOBAL,PWRURNPANXX,URNINT,2,2039,2.22
GLOBAL,PWRURNPANXX,URNINT,2,2040,2.22
GLOBAL,PWRURNPANXX,URNINT,2,2041,2.22
GLOBAL,PWRURNPANXX,URNINT,2,2042,2.22
GLOBAL,PWRURNPANXX,URNINT,2,2043,2.22
GLOBAL,PWRURNPANXX,URNINT,2,2044,2.22
GLOBAL,PWRURNPANXX,URNINT,2,2045,2.22
GLOBAL,PWRURNPANXX,URNINT,2,2046,2.22
GLOBAL,PWRURNPANXX,URNINT,2,2047,2.22
GLOBAL,PWRURNPANXX,URNINT,2,2048,2.22
GLOBAL,PWRURNPANXX,URNINT,2,2049,2.22
GLOBAL,PWRURNPANXX,URNINT,2,2050,2.22
GLOBAL,PWRURNPANXX,URNPAN,1,2023,2.22
GLOBAL,PWRURNPANXX,URNPAN,1,2024,2.22
GLOBAL,PWRURNPANXX,URNPAN,1,2025,2.22
GLOBAL,PWRURNPANXX,URNPAN,1,2026,2.22
GLOBAL,PWRURNPANXX,URNPAN,1,2027,2.22
GLOBAL,PWRURNPANXX,URNPAN,1,2028,2.22
GLOBAL,PWRURNPANXX,URNPAN,1,2029,2.22
GLOBAL,PWRURNPANXX,URNPAN,1,2030,2.22
GLOBAL,PWRURNPANXX,URNPAN,1,2031,2.22
GLOBAL,PWRURNPANXX,URNPAN,1,2032,2.22
GLOBAL,PWRURNPANXX,URNPAN,1,2033,2.22
GLOBAL,PWRURNPANXX,URNPAN,1,2034,2.22
GLOBAL,PWRURNPANXX,URNPAN,1,2035,2.22
GLOBAL,PWRURNPANXX,URNPAN,1,2036,2.22
GLOBAL,PWRURNPANXX,URNPAN,1,2037,2.22
GLOBAL,PWRURNPANXX,URNPAN,1,2038,2.22
GLOBAL,PWRURNPANXX,URNPAN,1,2039,2.22
GLOBAL,PWRURNPANXX,URNPAN,1,2040,2.22
GLOBAL,PWRURNPANXX,URNPAN,1,2041,2.22
GLOBAL,PWRURNPANXX,URNPAN,1,2042,2.22
GLOBAL,PWRURNPANXX,URNPAN,1,2043,2.22
GLOBAL,PWRURNPANXX,URNPAN,1,2044,2.22
GLOBAL,PWRURNPANXX,URNPAN,1,2045,2.22
GLOBAL,PWRURNPANXX,URNPAN,1,2046,2.22
GLOBAL,PWRURNPANXX,URNPAN,1,2047,2.22
GLOBAL,PWRURNPANXX,URNPAN,1,2048,2.22
GLOBAL,PWRURNPANXX,URNPAN,1,2049,2.22
GLOBAL,PWRURNPANXX,URNPAN,1,2050,2.22
GLOBAL,PWRURNPERXX,URNINT,2,2023,2.22
GLOBAL,PWRURNPERXX,URNINT,2,2024,2.22
GLOBAL,PWRURNPERXX,URNINT,2,2025,2.22
GLOBAL,PWRURNPERXX,URNINT,2,2026,2.22
GLOBAL,PWRURNPERXX,URNINT,2,2027,2.22
GLOBAL,PWRURNPERXX,URNINT,2,2028,2.22
GLOBAL,PWRURNPERXX,URNINT,2,2029,2.22
GLOBAL,PWRURNPERXX,URNINT,2,2030,2.22
GLOBAL,PWRURNPERXX,URNINT,2,2031,2.22
GLOBAL,PWRURNPERXX,URNINT,2,2032,2.22
GLOBAL,PWRURNPERXX,URNINT,2,2033,2.22
GLOBAL,PWRURNPERXX,URNINT,2,2034,2.22
GLOBAL,PWRURNPERXX,URNINT,2,2035,2.22
GLOBAL,PWRURNPERXX,URNINT,2,2036,2.22
GLOBAL,PWRURNPERXX,URNINT,2,2037,2.22
GLOBAL,PWRURNPERXX,URNINT,2,2038,2.22
GLOBAL,PWRURNPERXX,URNINT,2,2039,2.22
GLOBAL,PWRURNPERXX,URNINT,2,2040,2.22
GLOBAL,PWRURNPERXX,URNINT,2,2041,2.22
GLOBAL,PWRURNPERXX,URNINT,2,2042,2.22
GLOBAL,PWRURNPERXX,URNINT,2,2043,2.22
GLOBAL,PWRURNPERXX,URNINT,2,2044,2.22
GLOBAL,PWRURNPERXX,URNINT,2,2045,2.22
GLOBAL,PWRURNPERXX,URNINT,2,2046,2.22
GLOBAL,PWRURNPERXX,URNINT,2,2047,2.22
GLOBAL,PWRURNPERXX,URNINT,2,2048,2.22
GLOBAL,PWRURNPERXX,URNINT,2,2049,2.22
GLOBAL,PWRURNPERXX,URNINT,2,2050,2.22
GLOBAL,PWRURNPERXX,URNPER,1,2023,2.22
GLOBAL,PWRURNPERXX,URNPER,1,2024,2.22
GLOBAL,PWRURNPERXX,URNPER,1,2025,2.22
GLOBAL,PWRURNPERXX,URNPER,1,2026,2.22
GLOBAL,PWRURNPERXX,URNPER,1,2027,2.22
GLOBAL,PWRURNPERXX,URNPER,1,2028,2.22
GLOBAL,PWRURNPERXX,URNPER,1,2029,2.22
GLOBAL,PWRURNPERXX,URNPER,1,2030,2.22
GLOBAL,PWRURNPERXX,URNPER,1,2031,2.22
GLOBAL,PWRURNPERXX,URNPER,1,2032,2.22
GLOBAL,PWRURNPERXX,URNPER,1,2033,2.22
GLOBAL,PWRURNPERXX,URNPER,1,2034,2.22
GLOBAL,PWRURNPERXX,URNPER,1,2035,2.22
GLOBAL,PWRURNPERXX,URNPER,1,2036,2.22
GLOBAL,PWRURNPERXX,URNPER,1,2037,2.22
GLOBAL,PWRURNPERXX,URNPER,1,2038,2.22
GLOBAL,PWRURNPERXX,URNPER,1,2039,2.22
GLOBAL,PWRURNPERXX,URNPER,1,2040,2.22
GLOBAL,PWRURNPERXX,URNPER,1,2041,2.22
GLOBAL,PWRURNPERXX,URNPER,1,2042,2.22
GLOBAL,PWRURNPERXX,URNPER,1,2043,2.22
GLOBAL,PWRURNPERXX,URNPER,1,2044,2.22
GLOBAL,PWRURNPERXX,URNPER,1,2045,2.22
GLOBAL,PWRURNPERXX,URNPER,1,2046,2.22
GLOBAL,PWRURNPERXX,URNPER,1,2047,2.22
GLOBAL,PWRURNPERXX,URNPER,1,2048,2.22
GLOBAL,PWRURNPERXX,URNPER,1,2049,2.22
GLOBAL,PWRURNPERXX,URNPER,1,2050,2.22
GLOBAL,PWRURNPRYXX,URNINT,2,2023,2.22
GLOBAL,PWRURNPRYXX,URNINT,2,2024,2.22
GLOBAL,PWRURNPRYXX,URNINT,2,2025,2.22
GLOBAL,PWRURNPRYXX,URNINT,2,2026,2.22
GLOBAL,PWRURNPRYXX,URNINT,2,2027,2.22
GLOBAL,PWRURNPRYXX,URNINT,2,2028,2.22
GLOBAL,PWRURNPRYXX,URNINT,2,2029,2.22
GLOBAL,PWRURNPRYXX,URNINT,2,2030,2.22
GLOBAL,PWRURNPRYXX,URNINT,2,2031,2.22
GLOBAL,PWRURNPRYXX,URNINT,2,2032,2.22
GLOBAL,PWRURNPRYXX,URNINT,2,2033,2.22
GLOBAL,PWRURNPRYXX,URNINT,2,2034,2.22
GLOBAL,PWRURNPRYXX,URNINT,2,2035,2.22
GLOBAL,PWRURNPRYXX,URNINT,2,2036,2.22
GLOBAL,PWRURNPRYXX,URNINT,2,2037,2.22
GLOBAL,PWRURNPRYXX,URNINT,2,2038,2.22
GLOBAL,PWRURNPRYXX,URNINT,2,2039,2.22
GLOBAL,PWRURNPRYXX,URNINT,2,2040,2.22
GLOBAL,PWRURNPRYXX,URNINT,2,2041,2.22
GLOBAL,PWRURNPRYXX,URNINT,2,2042,2.22
GLOBAL,PWRURNPRYXX,URNINT,2,2043,2.22
GLOBAL,PWRURNPRYXX,URNINT,2,2044,2.22
GLOBAL,PWRURNPRYXX,URNINT,2,2045,2.22
GLOBAL,PWRURNPRYXX,URNINT,2,2046,2.22
GLOBAL,PWRURNPRYXX,URNINT,2,2047,2.22
GLOBAL,PWRURNPRYXX,URNINT,2,2048,2.22
GLOBAL,PWRURNPRYXX,URNINT,2,2049,2.22
GLOBAL,PWRURNPRYXX,URNINT,2,2050,2.22
GLOBAL,PWRURNPRYXX,URNPRY,1,2023,2.22
GLOBAL,PWRURNPRYXX,URNPRY,1,2024,2.22
GLOBAL,PWRURNPRYXX,URNPRY,1,2025,2.22
GLOBAL,PWRURNPRYXX,URNPRY,1,2026,2.22
GLOBAL,PWRURNPRYXX,URNPRY,1,2027,2.22
GLOBAL,PWRURNPRYXX,URNPRY,1,2028,2.22
GLOBAL,PWRURNPRYXX,URNPRY,1,2029,2.22
GLOBAL,PWRURNPRYXX,URNPRY,1,2030,2.22
GLOBAL,PWRURNPRYXX,URNPRY,1,2031,2.22
GLOBAL,PWRURNPRYXX,URNPRY,1,2032,2.22
GLOBAL,PWRURNPRYXX,URNPRY,1,2033,2.22
GLOBAL,PWRURNPRYXX,URNPRY,1,2034,2.22
GLOBAL,PWRURNPRYXX,URNPRY,1,2035,2.22
GLOBAL,PWRURNPRYXX,URNPRY,1,2036,2.22
GLOBAL,PWRURNPRYXX,URNPRY,1,2037,2.22
GLOBAL,PWRURNPRYXX,URNPRY,1,2038,2.22
GLOBAL,PWRURNPRYXX,URNPRY,1,2039,2.22
GLOBAL,PWRURNPRYXX,URNPRY,1,2040,2.22
GLOBAL,PWRURNPRYXX,URNPRY,1,2041,2.22
GLOBAL,PWRURNPRYXX,URNPRY,1,2042,2.22
GLOBAL,PWRURNPRYXX,URNPRY,1,2043,2.22
GLOBAL,PWRURNPRYXX,URNPRY,1,2044,2.22
GLOBAL,PWRURNPRYXX,URNPRY,1,2045,2.22
GLOBAL,PWRURNPRYXX,URNPRY,1,2046,2.22
GLOBAL,PWRURNPRYXX,URNPRY,1,2047,2.22
GLOBAL,PWRURNPRYXX,URNPRY,1,2048,2.22
GLOBAL,PWRURNPRYXX,URNPRY,1,2049,2.22
GLOBAL,PWRURNPRYXX,URNPRY,1,2050,2.22
GLOBAL,PWRURNSLVXX,URNINT,2,2023,2.22
GLOBAL,PWRURNSLVXX,URNINT,2,2024,2.22
GLOBAL,PWRURNSLVXX,URNINT,2,2025,2.22
GLOBAL,PWRURNSLVXX,URNINT,2,2026,2.22
GLOBAL,PWRURNSLVXX,URNINT,2,2027,2.22
GLOBAL,PWRURNSLVXX,URNINT,2,2028,2.22
GLOBAL,PWRURNSLVXX,URNINT,2,2029,2.22
GLOBAL,PWRURNSLVXX,URNINT,2,2030,2.22
GLOBAL,PWRURNSLVXX,URNINT,2,2031,2.22
GLOBAL,PWRURNSLVXX,URNINT,2,2032,2.22
GLOBAL,PWRURNSLVXX,URNINT,2,2033,2.22
GLOBAL,PWRURNSLVXX,URNINT,2,2034,2.22
GLOBAL,PWRURNSLVXX,URNINT,2,2035,2.22
GLOBAL,PWRURNSLVXX,URNINT,2,2036,2.22
GLOBAL,PWRURNSLVXX,URNINT,2,2037,2.22
GLOBAL,PWRURNSLVXX,URNINT,2,2038,2.22
GLOBAL,PWRURNSLVXX,URNINT,2,2039,2.22
GLOBAL,PWRURNSLVXX,URNINT,2,2040,2.22
GLOBAL,PWRURNSLVXX,URNINT,2,2041,2.22
GLOBAL,PWRURNSLVXX,URNINT,2,2042,2.22
GLOBAL,PWRURNSLVXX,URNINT,2,2043,2.22
GLOBAL,PWRURNSLVXX,URNINT,2,2044,2.22
GLOBAL,PWRURNSLVXX,URNINT,2,2045,2.22
GLOBAL,PWRURNSLVXX,URNINT,2,2046,2.22
GLOBAL,PWRURNSLVXX,URNINT,2,2047,2.22
GLOBAL,PWRURNSLVXX,URNINT,2,2048,2.22
GLOBAL,PWRURNSLVXX,URNINT,2,2049,2.22
GLOBAL,PWRURNSLVXX,URNINT,2,2050,2.22
GLOBAL,PWRURNSLVXX,URNSLV,1,2023,2.22
GLOBAL,PWRURNSLVXX,URNSLV,1,2024,2.22
GLOBAL,PWRURNSLVXX,URNSLV,1,2025,2.22
GLOBAL,PWRURNSLVXX,URNSLV,1,2026,2.22
GLOBAL,PWRURNSLVXX,URNSLV,1,2027,2.22
GLOBAL,PWRURNSLVXX,URNSLV,1,2028,2.22
GLOBAL,PWRURNSLVXX,URNSLV,1,2029,2.22
GLOBAL,PWRURNSLVXX,URNSLV,1,2030,2.22
GLOBAL,PWRURNSLVXX,URNSLV,1,2031,2.22
GLOBAL,PWRURNSLVXX,URNSLV,1,2032,2.22
GLOBAL,PWRURNSLVXX,URNSLV,1,2033,2.22
GLOBAL,PWRURNSLVXX,URNSLV,1,2034,2.22
GLOBAL,PWRURNSLVXX,URNSLV,1,2035,2.22
GLOBAL,PWRURNSLVXX,URNSLV,1,2036,2.22
GLOBAL,PWRURNSLVXX,URNSLV,1,2037,2.22
GLOBAL,PWRURNSLVXX,URNSLV,1,2038,2.22
GLOBAL,PWRURNSLVXX,URNSLV,1,2039,2.22
GLOBAL,PWRURNSLVXX,URNSLV,1,2040,2.22
GLOBAL,PWRURNSLVXX,URNSLV,1,2041,2.22
GLOBAL,PWRURNSLVXX,URNSLV,1,2042,2.22
GLOBAL,PWRURNSLVXX,URNSLV,1,2043,2.22
GLOBAL,PWRURNSLVXX,URNSLV,1,2044,2.22
GLOBAL,PWRURNSLVXX,URNSLV,1,2045,2.22
GLOBAL,PWRURNSLVXX,URNSLV,1,2046,2.22
GLOBAL,PWRURNSLVXX,URNSLV,1,2047,2.22
GLOBAL,PWRURNSLVXX,URNSLV,1,2048,2.22
GLOBAL,PWRURNSLVXX,URNSLV,1,2049,2.22
GLOBAL,PWRURNSLVXX,URNSLV,1,2050,2.22
GLOBAL,PWRURNURYXX,URNINT,2,2023,2.22
GLOBAL,PWRURNURYXX,URNINT,2,2024,2.22
GLOBAL,PWRURNURYXX,URNINT,2,2025,2.22
GLOBAL,PWRURNURYXX,URNINT,2,2026,2.22
GLOBAL,PWRURNURYXX,URNINT,2,2027,2.22
GLOBAL,PWRURNURYXX,URNINT,2,2028,2.22
GLOBAL,PWRURNURYXX,URNINT,2,2029,2.22
GLOBAL,PWRURNURYXX,URNINT,2,2030,2.22
GLOBAL,PWRURNURYXX,URNINT,2,2031,2.22
GLOBAL,PWRURNURYXX,URNINT,2,2032,2.22
GLOBAL,PWRURNURYXX,URNINT,2,2033,2.22
GLOBAL,PWRURNURYXX,URNINT,2,2034,2.22
GLOBAL,PWRURNURYXX,URNINT,2,2035,2.22
GLOBAL,PWRURNURYXX,URNINT,2,2036,2.22
GLOBAL,PWRURNURYXX,URNINT,2,2037,2.22
GLOBAL,PWRURNURYXX,URNINT,2,2038,2.22
GLOBAL,PWRURNURYXX,URNINT,2,2039,2.22
GLOBAL,PWRURNURYXX,URNINT,2,2040,2.22
GLOBAL,PWRURNURYXX,URNINT,2,2041,2.22
GLOBAL,PWRURNURYXX,URNINT,2,2042,2.22
GLOBAL,PWRURNURYXX,URNINT,2,2043,2.22
GLOBAL,PWRURNURYXX,URNINT,2,2044,2.22
GLOBAL,PWRURNURYXX,URNINT,2,2045,2.22
GLOBAL,PWRURNURYXX,URNINT,2,2046,2.22
GLOBAL,PWRURNURYXX,URNINT,2,2047,2.22
GLOBAL,PWRURNURYXX,URNINT,2,2048,2.22
GLOBAL,PWRURNURYXX,URNINT,2,2049,2.22
GLOBAL,PWRURNURYXX,URNINT,2,2050,2.22
GLOBAL,PWRURNURYXX,URNURY,1,2023,2.22
GLOBAL,PWRURNURYXX,URNURY,1,2024,2.22
GLOBAL,PWRURNURYXX,URNURY,1,2025,2.22
GLOBAL,PWRURNURYXX,URNURY,1,2026,2.22
GLOBAL,PWRURNURYXX,URNURY,1,2027,2.22
GLOBAL,PWRURNURYXX,URNURY,1,2028,2.22
GLOBAL,PWRURNURYXX,URNURY,1,2029,2.22
GLOBAL,PWRURNURYXX,URNURY,1,2030,2.22
GLOBAL,PWRURNURYXX,URNURY,1,2031,2.22
GLOBAL,PWRURNURYXX,URNURY,1,2032,2.22
GLOBAL,PWRURNURYXX,URNURY,1,2033,2.22
GLOBAL,PWRURNURYXX,URNURY,1,2034,2.22
GLOBAL,PWRURNURYXX,URNURY,1,2035,2.22
GLOBAL,PWRURNURYXX,URNURY,1,2036,2.22
GLOBAL,PWRURNURYXX,URNURY,1,2037,2.22
GLOBAL,PWRURNURYXX,URNURY,1,2038,2.22
GLOBAL,PWRURNURYXX,URNURY,1,2039,2.22
GLOBAL,PWRURNURYXX,URNURY,1,2040,2.22
GLOBAL,PWRURNURYXX,URNURY,1,2041,2.22
GLOBAL,PWRURNURYXX,URNURY,1,2042,2.22
GLOBAL,PWRURNURYXX,URNURY,1,2043,2.22
GLOBAL,PWRURNURYXX,URNURY,1,2044,2.22
GLOBAL,PWRURNURYXX,URNURY,1,2045,2.22
GLOBAL,PWRURNURYXX,URNURY,1,2046,2.22
GLOBAL,PWRURNURYXX,URNURY,1,2047,2.22
GLOBAL,PWRURNURYXX,URNURY,1,2048,2.22
GLOBAL,PWRURNURYXX,URNURY,1,2049,2.22
GLOBAL,PWRURNURYXX,URNURY,1,2050,2.22
GLOBAL,PWRWASARGXX,WASARGXX,1,2023,1.0
GLOBAL,PWRWASARGXX,WASARGXX,1,2024,1.0
GLOBAL,PWRWASARGXX,WASARGXX,1,2025,1.0
GLOBAL,PWRWASARGXX,WASARGXX,1,2026,1.0
GLOBAL,PWRWASARGXX,WASARGXX,1,2027,1.0
GLOBAL,PWRWASARGXX,WASARGXX,1,2028,1.0
GLOBAL,PWRWASARGXX,WASARGXX,1,2029,1.0
GLOBAL,PWRWASARGXX,WASARGXX,1,2030,1.0
GLOBAL,PWRWASARGXX,WASARGXX,1,2031,1.0
GLOBAL,PWRWASARGXX,WASARGXX,1,2032,1.0
GLOBAL,PWRWASARGXX,WASARGXX,1,2033,1.0
GLOBAL,PWRWASARGXX,WASARGXX,1,2034,1.0
GLOBAL,PWRWASARGXX,WASARGXX,1,2035,1.0
GLOBAL,PWRWASARGXX,WASARGXX,1,2036,1.0
GLOBAL,PWRWASARGXX,WASARGXX,1,2037,1.0
GLOBAL,PWRWASARGXX,WASARGXX,1,2038,1.0
GLOBAL,PWRWASARGXX,WASARGXX,1,2039,1.0
GLOBAL,PWRWASARGXX,WASARGXX,1,2040,1.0
GLOBAL,PWRWASARGXX,WASARGXX,1,2041,1.0
GLOBAL,PWRWASARGXX,WASARGXX,1,2042,1.0
GLOBAL,PWRWASARGXX,WASARGXX,1,2043,1.0
GLOBAL,PWRWASARGXX,WASARGXX,1,2044,1.0
GLOBAL,PWRWASARGXX,WASARGXX,1,2045,1.0
GLOBAL,PWRWASARGXX,WASARGXX,1,2046,1.0
GLOBAL,PWRWASARGXX,WASARGXX,1,2047,1.0
GLOBAL,PWRWASARGXX,WASARGXX,1,2048,1.0
GLOBAL,PWRWASARGXX,WASARGXX,1,2049,1.0
GLOBAL,PWRWASARGXX,WASARGXX,1,2050,1.0
GLOBAL,PWRWASBOLXX,WASBOLXX,1,2023,1.0
GLOBAL,PWRWASBOLXX,WASBOLXX,1,2024,1.0
GLOBAL,PWRWASBOLXX,WASBOLXX,1,2025,1.0
GLOBAL,PWRWASBOLXX,WASBOLXX,1,2026,1.0
GLOBAL,PWRWASBOLXX,WASBOLXX,1,2027,1.0
GLOBAL,PWRWASBOLXX,WASBOLXX,1,2028,1.0
GLOBAL,PWRWASBOLXX,WASBOLXX,1,2029,1.0
GLOBAL,PWRWASBOLXX,WASBOLXX,1,2030,1.0
GLOBAL,PWRWASBOLXX,WASBOLXX,1,2031,1.0
GLOBAL,PWRWASBOLXX,WASBOLXX,1,2032,1.0
GLOBAL,PWRWASBOLXX,WASBOLXX,1,2033,1.0
GLOBAL,PWRWASBOLXX,WASBOLXX,1,2034,1.0
GLOBAL,PWRWASBOLXX,WASBOLXX,1,2035,1.0
GLOBAL,PWRWASBOLXX,WASBOLXX,1,2036,1.0
GLOBAL,PWRWASBOLXX,WASBOLXX,1,2037,1.0
GLOBAL,PWRWASBOLXX,WASBOLXX,1,2038,1.0
GLOBAL,PWRWASBOLXX,WASBOLXX,1,2039,1.0
GLOBAL,PWRWASBOLXX,WASBOLXX,1,2040,1.0
GLOBAL,PWRWASBOLXX,WASBOLXX,1,2041,1.0
GLOBAL,PWRWASBOLXX,WASBOLXX,1,2042,1.0
GLOBAL,PWRWASBOLXX,WASBOLXX,1,2043,1.0
GLOBAL,PWRWASBOLXX,WASBOLXX,1,2044,1.0
GLOBAL,PWRWASBOLXX,WASBOLXX,1,2045,1.0
GLOBAL,PWRWASBOLXX,WASBOLXX,1,2046,1.0
GLOBAL,PWRWASBOLXX,WASBOLXX,1,2047,1.0
GLOBAL,PWRWASBOLXX,WASBOLXX,1,2048,1.0
GLOBAL,PWRWASBOLXX,WASBOLXX,1,2049,1.0
GLOBAL,PWRWASBOLXX,WASBOLXX,1,2050,1.0
GLOBAL,PWRWASBRAXX,WASBRAXX,1,2023,1.0
GLOBAL,PWRWASBRAXX,WASBRAXX,1,2024,1.0
GLOBAL,PWRWASBRAXX,WASBRAXX,1,2025,1.0
GLOBAL,PWRWASBRAXX,WASBRAXX,1,2026,1.0
GLOBAL,PWRWASBRAXX,WASBRAXX,1,2027,1.0
GLOBAL,PWRWASBRAXX,WASBRAXX,1,2028,1.0
GLOBAL,PWRWASBRAXX,WASBRAXX,1,2029,1.0
GLOBAL,PWRWASBRAXX,WASBRAXX,1,2030,1.0
GLOBAL,PWRWASBRAXX,WASBRAXX,1,2031,1.0
GLOBAL,PWRWASBRAXX,WASBRAXX,1,2032,1.0
GLOBAL,PWRWASBRAXX,WASBRAXX,1,2033,1.0
GLOBAL,PWRWASBRAXX,WASBRAXX,1,2034,1.0
GLOBAL,PWRWASBRAXX,WASBRAXX,1,2035,1.0
GLOBAL,PWRWASBRAXX,WASBRAXX,1,2036,1.0
GLOBAL,PWRWASBRAXX,WASBRAXX,1,2037,1.0
GLOBAL,PWRWASBRAXX,WASBRAXX,1,2038,1.0
GLOBAL,PWRWASBRAXX,WASBRAXX,1,2039,1.0
GLOBAL,PWRWASBRAXX,WASBRAXX,1,2040,1.0
GLOBAL,PWRWASBRAXX,WASBRAXX,1,2041,1.0
GLOBAL,PWRWASBRAXX,WASBRAXX,1,2042,1.0
GLOBAL,PWRWASBRAXX,WASBRAXX,1,2043,1.0
GLOBAL,PWRWASBRAXX,WASBRAXX,1,2044,1.0
GLOBAL,PWRWASBRAXX,WASBRAXX,1,2045,1.0
GLOBAL,PWRWASBRAXX,WASBRAXX,1,2046,1.0
GLOBAL,PWRWASBRAXX,WASBRAXX,1,2047,1.0
GLOBAL,PWRWASBRAXX,WASBRAXX,1,2048,1.0
GLOBAL,PWRWASBRAXX,WASBRAXX,1,2049,1.0
GLOBAL,PWRWASBRAXX,WASBRAXX,1,2050,1.0
GLOBAL,PWRWASBRBXX,WASBRBXX,1,2023,1.0
GLOBAL,PWRWASBRBXX,WASBRBXX,1,2024,1.0
GLOBAL,PWRWASBRBXX,WASBRBXX,1,2025,1.0
GLOBAL,PWRWASBRBXX,WASBRBXX,1,2026,1.0
GLOBAL,PWRWASBRBXX,WASBRBXX,1,2027,1.0
GLOBAL,PWRWASBRBXX,WASBRBXX,1,2028,1.0
GLOBAL,PWRWASBRBXX,WASBRBXX,1,2029,1.0
GLOBAL,PWRWASBRBXX,WASBRBXX,1,2030,1.0
GLOBAL,PWRWASBRBXX,WASBRBXX,1,2031,1.0
GLOBAL,PWRWASBRBXX,WASBRBXX,1,2032,1.0
GLOBAL,PWRWASBRBXX,WASBRBXX,1,2033,1.0
GLOBAL,PWRWASBRBXX,WASBRBXX,1,2034,1.0
GLOBAL,PWRWASBRBXX,WASBRBXX,1,2035,1.0
GLOBAL,PWRWASBRBXX,WASBRBXX,1,2036,1.0
GLOBAL,PWRWASBRBXX,WASBRBXX,1,2037,1.0
GLOBAL,PWRWASBRBXX,WASBRBXX,1,2038,1.0
GLOBAL,PWRWASBRBXX,WASBRBXX,1,2039,1.0
GLOBAL,PWRWASBRBXX,WASBRBXX,1,2040,1.0
GLOBAL,PWRWASBRBXX,WASBRBXX,1,2041,1.0
GLOBAL,PWRWASBRBXX,WASBRBXX,1,2042,1.0
GLOBAL,PWRWASBRBXX,WASBRBXX,1,2043,1.0
GLOBAL,PWRWASBRBXX,WASBRBXX,1,2044,1.0
GLOBAL,PWRWASBRBXX,WASBRBXX,1,2045,1.0
GLOBAL,PWRWASBRBXX,WASBRBXX,1,2046,1.0
GLOBAL,PWRWASBRBXX,WASBRBXX,1,2047,1.0
GLOBAL,PWRWASBRBXX,WASBRBXX,1,2048,1.0
GLOBAL,PWRWASBRBXX,WASBRBXX,1,2049,1.0
GLOBAL,PWRWASBRBXX,WASBRBXX,1,2050,1.0
GLOBAL,PWRWASCHLXX,WASCHLXX,1,2023,1.0
GLOBAL,PWRWASCHLXX,WASCHLXX,1,2024,1.0
GLOBAL,PWRWASCHLXX,WASCHLXX,1,2025,1.0
GLOBAL,PWRWASCHLXX,WASCHLXX,1,2026,1.0
GLOBAL,PWRWASCHLXX,WASCHLXX,1,2027,1.0
GLOBAL,PWRWASCHLXX,WASCHLXX,1,2028,1.0
GLOBAL,PWRWASCHLXX,WASCHLXX,1,2029,1.0
GLOBAL,PWRWASCHLXX,WASCHLXX,1,2030,1.0
GLOBAL,PWRWASCHLXX,WASCHLXX,1,2031,1.0
GLOBAL,PWRWASCHLXX,WASCHLXX,1,2032,1.0
GLOBAL,PWRWASCHLXX,WASCHLXX,1,2033,1.0
GLOBAL,PWRWASCHLXX,WASCHLXX,1,2034,1.0
GLOBAL,PWRWASCHLXX,WASCHLXX,1,2035,1.0
GLOBAL,PWRWASCHLXX,WASCHLXX,1,2036,1.0
GLOBAL,PWRWASCHLXX,WASCHLXX,1,2037,1.0
GLOBAL,PWRWASCHLXX,WASCHLXX,1,2038,1.0
GLOBAL,PWRWASCHLXX,WASCHLXX,1,2039,1.0
GLOBAL,PWRWASCHLXX,WASCHLXX,1,2040,1.0
GLOBAL,PWRWASCHLXX,WASCHLXX,1,2041,1.0
GLOBAL,PWRWASCHLXX,WASCHLXX,1,2042,1.0
GLOBAL,PWRWASCHLXX,WASCHLXX,1,2043,1.0
GLOBAL,PWRWASCHLXX,WASCHLXX,1,2044,1.0
GLOBAL,PWRWASCHLXX,WASCHLXX,1,2045,1.0
GLOBAL,PWRWASCHLXX,WASCHLXX,1,2046,1.0
GLOBAL,PWRWASCHLXX,WASCHLXX,1,2047,1.0
GLOBAL,PWRWASCHLXX,WASCHLXX,1,2048,1.0
GLOBAL,PWRWASCHLXX,WASCHLXX,1,2049,1.0
GLOBAL,PWRWASCHLXX,WASCHLXX,1,2050,1.0
GLOBAL,PWRWASCOLXX,WASCOLXX,1,2023,1.0
GLOBAL,PWRWASCOLXX,WASCOLXX,1,2024,1.0
GLOBAL,PWRWASCOLXX,WASCOLXX,1,2025,1.0
GLOBAL,PWRWASCOLXX,WASCOLXX,1,2026,1.0
GLOBAL,PWRWASCOLXX,WASCOLXX,1,2027,1.0
GLOBAL,PWRWASCOLXX,WASCOLXX,1,2028,1.0
GLOBAL,PWRWASCOLXX,WASCOLXX,1,2029,1.0
GLOBAL,PWRWASCOLXX,WASCOLXX,1,2030,1.0
GLOBAL,PWRWASCOLXX,WASCOLXX,1,2031,1.0
GLOBAL,PWRWASCOLXX,WASCOLXX,1,2032,1.0
GLOBAL,PWRWASCOLXX,WASCOLXX,1,2033,1.0
GLOBAL,PWRWASCOLXX,WASCOLXX,1,2034,1.0
GLOBAL,PWRWASCOLXX,WASCOLXX,1,2035,1.0
GLOBAL,PWRWASCOLXX,WASCOLXX,1,2036,1.0
GLOBAL,PWRWASCOLXX,WASCOLXX,1,2037,1.0
GLOBAL,PWRWASCOLXX,WASCOLXX,1,2038,1.0
GLOBAL,PWRWASCOLXX,WASCOLXX,1,2039,1.0
GLOBAL,PWRWASCOLXX,WASCOLXX,1,2040,1.0
GLOBAL,PWRWASCOLXX,WASCOLXX,1,2041,1.0
GLOBAL,PWRWASCOLXX,WASCOLXX,1,2042,1.0
GLOBAL,PWRWASCOLXX,WASCOLXX,1,2043,1.0
GLOBAL,PWRWASCOLXX,WASCOLXX,1,2044,1.0
GLOBAL,PWRWASCOLXX,WASCOLXX,1,2045,1.0
GLOBAL,PWRWASCOLXX,WASCOLXX,1,2046,1.0
GLOBAL,PWRWASCOLXX,WASCOLXX,1,2047,1.0
GLOBAL,PWRWASCOLXX,WASCOLXX,1,2048,1.0
GLOBAL,PWRWASCOLXX,WASCOLXX,1,2049,1.0
GLOBAL,PWRWASCOLXX,WASCOLXX,1,2050,1.0
GLOBAL,PWRWASCRIXX,WASCRIXX,1,2023,1.0
GLOBAL,PWRWASCRIXX,WASCRIXX,1,2024,1.0
GLOBAL,PWRWASCRIXX,WASCRIXX,1,2025,1.0
GLOBAL,PWRWASCRIXX,WASCRIXX,1,2026,1.0
GLOBAL,PWRWASCRIXX,WASCRIXX,1,2027,1.0
GLOBAL,PWRWASCRIXX,WASCRIXX,1,2028,1.0
GLOBAL,PWRWASCRIXX,WASCRIXX,1,2029,1.0
GLOBAL,PWRWASCRIXX,WASCRIXX,1,2030,1.0
GLOBAL,PWRWASCRIXX,WASCRIXX,1,2031,1.0
GLOBAL,PWRWASCRIXX,WASCRIXX,1,2032,1.0
GLOBAL,PWRWASCRIXX,WASCRIXX,1,2033,1.0
GLOBAL,PWRWASCRIXX,WASCRIXX,1,2034,1.0
GLOBAL,PWRWASCRIXX,WASCRIXX,1,2035,1.0
GLOBAL,PWRWASCRIXX,WASCRIXX,1,2036,1.0
GLOBAL,PWRWASCRIXX,WASCRIXX,1,2037,1.0
GLOBAL,PWRWASCRIXX,WASCRIXX,1,2038,1.0
GLOBAL,PWRWASCRIXX,WASCRIXX,1,2039,1.0
GLOBAL,PWRWASCRIXX,WASCRIXX,1,2040,1.0
GLOBAL,PWRWASCRIXX,WASCRIXX,1,2041,1.0
GLOBAL,PWRWASCRIXX,WASCRIXX,1,2042,1.0
GLOBAL,PWRWASCRIXX,WASCRIXX,1,2043,1.0
GLOBAL,PWRWASCRIXX,WASCRIXX,1,2044,1.0
GLOBAL,PWRWASCRIXX,WASCRIXX,1,2045,1.0
GLOBAL,PWRWASCRIXX,WASCRIXX,1,2046,1.0
GLOBAL,PWRWASCRIXX,WASCRIXX,1,2047,1.0
GLOBAL,PWRWASCRIXX,WASCRIXX,1,2048,1.0
GLOBAL,PWRWASCRIXX,WASCRIXX,1,2049,1.0
GLOBAL,PWRWASCRIXX,WASCRIXX,1,2050,1.0
GLOBAL,PWRWASDOMXX,WASDOMXX,1,2023,1.0
GLOBAL,PWRWASDOMXX,WASDOMXX,1,2024,1.0
GLOBAL,PWRWASDOMXX,WASDOMXX,1,2025,1.0
GLOBAL,PWRWASDOMXX,WASDOMXX,1,2026,1.0
GLOBAL,PWRWASDOMXX,WASDOMXX,1,2027,1.0
GLOBAL,PWRWASDOMXX,WASDOMXX,1,2028,1.0
GLOBAL,PWRWASDOMXX,WASDOMXX,1,2029,1.0
GLOBAL,PWRWASDOMXX,WASDOMXX,1,2030,1.0
GLOBAL,PWRWASDOMXX,WASDOMXX,1,2031,1.0
GLOBAL,PWRWASDOMXX,WASDOMXX,1,2032,1.0
GLOBAL,PWRWASDOMXX,WASDOMXX,1,2033,1.0
GLOBAL,PWRWASDOMXX,WASDOMXX,1,2034,1.0
GLOBAL,PWRWASDOMXX,WASDOMXX,1,2035,1.0
GLOBAL,PWRWASDOMXX,WASDOMXX,1,2036,1.0
GLOBAL,PWRWASDOMXX,WASDOMXX,1,2037,1.0
GLOBAL,PWRWASDOMXX,WASDOMXX,1,2038,1.0
GLOBAL,PWRWASDOMXX,WASDOMXX,1,2039,1.0
GLOBAL,PWRWASDOMXX,WASDOMXX,1,2040,1.0
GLOBAL,PWRWASDOMXX,WASDOMXX,1,2041,1.0
GLOBAL,PWRWASDOMXX,WASDOMXX,1,2042,1.0
GLOBAL,PWRWASDOMXX,WASDOMXX,1,2043,1.0
GLOBAL,PWRWASDOMXX,WASDOMXX,1,2044,1.0
GLOBAL,PWRWASDOMXX,WASDOMXX,1,2045,1.0
GLOBAL,PWRWASDOMXX,WASDOMXX,1,2046,1.0
GLOBAL,PWRWASDOMXX,WASDOMXX,1,2047,1.0
GLOBAL,PWRWASDOMXX,WASDOMXX,1,2048,1.0
GLOBAL,PWRWASDOMXX,WASDOMXX,1,2049,1.0
GLOBAL,PWRWASDOMXX,WASDOMXX,1,2050,1.0
GLOBAL,PWRWASECUXX,WASECUXX,1,2023,1.0
GLOBAL,PWRWASECUXX,WASECUXX,1,2024,1.0
GLOBAL,PWRWASECUXX,WASECUXX,1,2025,1.0
GLOBAL,PWRWASECUXX,WASECUXX,1,2026,1.0
GLOBAL,PWRWASECUXX,WASECUXX,1,2027,1.0
GLOBAL,PWRWASECUXX,WASECUXX,1,2028,1.0
GLOBAL,PWRWASECUXX,WASECUXX,1,2029,1.0
GLOBAL,PWRWASECUXX,WASECUXX,1,2030,1.0
GLOBAL,PWRWASECUXX,WASECUXX,1,2031,1.0
GLOBAL,PWRWASECUXX,WASECUXX,1,2032,1.0
GLOBAL,PWRWASECUXX,WASECUXX,1,2033,1.0
GLOBAL,PWRWASECUXX,WASECUXX,1,2034,1.0
GLOBAL,PWRWASECUXX,WASECUXX,1,2035,1.0
GLOBAL,PWRWASECUXX,WASECUXX,1,2036,1.0
GLOBAL,PWRWASECUXX,WASECUXX,1,2037,1.0
GLOBAL,PWRWASECUXX,WASECUXX,1,2038,1.0
GLOBAL,PWRWASECUXX,WASECUXX,1,2039,1.0
GLOBAL,PWRWASECUXX,WASECUXX,1,2040,1.0
GLOBAL,PWRWASECUXX,WASECUXX,1,2041,1.0
GLOBAL,PWRWASECUXX,WASECUXX,1,2042,1.0
GLOBAL,PWRWASECUXX,WASECUXX,1,2043,1.0
GLOBAL,PWRWASECUXX,WASECUXX,1,2044,1.0
GLOBAL,PWRWASECUXX,WASECUXX,1,2045,1.0
GLOBAL,PWRWASECUXX,WASECUXX,1,2046,1.0
GLOBAL,PWRWASECUXX,WASECUXX,1,2047,1.0
GLOBAL,PWRWASECUXX,WASECUXX,1,2048,1.0
GLOBAL,PWRWASECUXX,WASECUXX,1,2049,1.0
GLOBAL,PWRWASECUXX,WASECUXX,1,2050,1.0
GLOBAL,PWRWASGTMXX,WASGTMXX,1,2023,1.0
GLOBAL,PWRWASGTMXX,WASGTMXX,1,2024,1.0
GLOBAL,PWRWASGTMXX,WASGTMXX,1,2025,1.0
GLOBAL,PWRWASGTMXX,WASGTMXX,1,2026,1.0
GLOBAL,PWRWASGTMXX,WASGTMXX,1,2027,1.0
GLOBAL,PWRWASGTMXX,WASGTMXX,1,2028,1.0
GLOBAL,PWRWASGTMXX,WASGTMXX,1,2029,1.0
GLOBAL,PWRWASGTMXX,WASGTMXX,1,2030,1.0
GLOBAL,PWRWASGTMXX,WASGTMXX,1,2031,1.0
GLOBAL,PWRWASGTMXX,WASGTMXX,1,2032,1.0
GLOBAL,PWRWASGTMXX,WASGTMXX,1,2033,1.0
GLOBAL,PWRWASGTMXX,WASGTMXX,1,2034,1.0
GLOBAL,PWRWASGTMXX,WASGTMXX,1,2035,1.0
GLOBAL,PWRWASGTMXX,WASGTMXX,1,2036,1.0
GLOBAL,PWRWASGTMXX,WASGTMXX,1,2037,1.0
GLOBAL,PWRWASGTMXX,WASGTMXX,1,2038,1.0
GLOBAL,PWRWASGTMXX,WASGTMXX,1,2039,1.0
GLOBAL,PWRWASGTMXX,WASGTMXX,1,2040,1.0
GLOBAL,PWRWASGTMXX,WASGTMXX,1,2041,1.0
GLOBAL,PWRWASGTMXX,WASGTMXX,1,2042,1.0
GLOBAL,PWRWASGTMXX,WASGTMXX,1,2043,1.0
GLOBAL,PWRWASGTMXX,WASGTMXX,1,2044,1.0
GLOBAL,PWRWASGTMXX,WASGTMXX,1,2045,1.0
GLOBAL,PWRWASGTMXX,WASGTMXX,1,2046,1.0
GLOBAL,PWRWASGTMXX,WASGTMXX,1,2047,1.0
GLOBAL,PWRWASGTMXX,WASGTMXX,1,2048,1.0
GLOBAL,PWRWASGTMXX,WASGTMXX,1,2049,1.0
GLOBAL,PWRWASGTMXX,WASGTMXX,1,2050,1.0
GLOBAL,PWRWASHNDXX,WASHNDXX,1,2023,1.0
GLOBAL,PWRWASHNDXX,WASHNDXX,1,2024,1.0
GLOBAL,PWRWASHNDXX,WASHNDXX,1,2025,1.0
GLOBAL,PWRWASHNDXX,WASHNDXX,1,2026,1.0
GLOBAL,PWRWASHNDXX,WASHNDXX,1,2027,1.0
GLOBAL,PWRWASHNDXX,WASHNDXX,1,2028,1.0
GLOBAL,PWRWASHNDXX,WASHNDXX,1,2029,1.0
GLOBAL,PWRWASHNDXX,WASHNDXX,1,2030,1.0
GLOBAL,PWRWASHNDXX,WASHNDXX,1,2031,1.0
GLOBAL,PWRWASHNDXX,WASHNDXX,1,2032,1.0
GLOBAL,PWRWASHNDXX,WASHNDXX,1,2033,1.0
GLOBAL,PWRWASHNDXX,WASHNDXX,1,2034,1.0
GLOBAL,PWRWASHNDXX,WASHNDXX,1,2035,1.0
GLOBAL,PWRWASHNDXX,WASHNDXX,1,2036,1.0
GLOBAL,PWRWASHNDXX,WASHNDXX,1,2037,1.0
GLOBAL,PWRWASHNDXX,WASHNDXX,1,2038,1.0
GLOBAL,PWRWASHNDXX,WASHNDXX,1,2039,1.0
GLOBAL,PWRWASHNDXX,WASHNDXX,1,2040,1.0
GLOBAL,PWRWASHNDXX,WASHNDXX,1,2041,1.0
GLOBAL,PWRWASHNDXX,WASHNDXX,1,2042,1.0
GLOBAL,PWRWASHNDXX,WASHNDXX,1,2043,1.0
GLOBAL,PWRWASHNDXX,WASHNDXX,1,2044,1.0
GLOBAL,PWRWASHNDXX,WASHNDXX,1,2045,1.0
GLOBAL,PWRWASHNDXX,WASHNDXX,1,2046,1.0
GLOBAL,PWRWASHNDXX,WASHNDXX,1,2047,1.0
GLOBAL,PWRWASHNDXX,WASHNDXX,1,2048,1.0
GLOBAL,PWRWASHNDXX,WASHNDXX,1,2049,1.0
GLOBAL,PWRWASHNDXX,WASHNDXX,1,2050,1.0
GLOBAL,PWRWASHTIXX,WASHTIXX,1,2023,1.0
GLOBAL,PWRWASHTIXX,WASHTIXX,1,2024,1.0
GLOBAL,PWRWASHTIXX,WASHTIXX,1,2025,1.0
GLOBAL,PWRWASHTIXX,WASHTIXX,1,2026,1.0
GLOBAL,PWRWASHTIXX,WASHTIXX,1,2027,1.0
GLOBAL,PWRWASHTIXX,WASHTIXX,1,2028,1.0
GLOBAL,PWRWASHTIXX,WASHTIXX,1,2029,1.0
GLOBAL,PWRWASHTIXX,WASHTIXX,1,2030,1.0
GLOBAL,PWRWASHTIXX,WASHTIXX,1,2031,1.0
GLOBAL,PWRWASHTIXX,WASHTIXX,1,2032,1.0
GLOBAL,PWRWASHTIXX,WASHTIXX,1,2033,1.0
GLOBAL,PWRWASHTIXX,WASHTIXX,1,2034,1.0
GLOBAL,PWRWASHTIXX,WASHTIXX,1,2035,1.0
GLOBAL,PWRWASHTIXX,WASHTIXX,1,2036,1.0
GLOBAL,PWRWASHTIXX,WASHTIXX,1,2037,1.0
GLOBAL,PWRWASHTIXX,WASHTIXX,1,2038,1.0
GLOBAL,PWRWASHTIXX,WASHTIXX,1,2039,1.0
GLOBAL,PWRWASHTIXX,WASHTIXX,1,2040,1.0
GLOBAL,PWRWASHTIXX,WASHTIXX,1,2041,1.0
GLOBAL,PWRWASHTIXX,WASHTIXX,1,2042,1.0
GLOBAL,PWRWASHTIXX,WASHTIXX,1,2043,1.0
GLOBAL,PWRWASHTIXX,WASHTIXX,1,2044,1.0
GLOBAL,PWRWASHTIXX,WASHTIXX,1,2045,1.0
GLOBAL,PWRWASHTIXX,WASHTIXX,1,2046,1.0
GLOBAL,PWRWASHTIXX,WASHTIXX,1,2047,1.0
GLOBAL,PWRWASHTIXX,WASHTIXX,1,2048,1.0
GLOBAL,PWRWASHTIXX,WASHTIXX,1,2049,1.0
GLOBAL,PWRWASHTIXX,WASHTIXX,1,2050,1.0
GLOBAL,PWRWASMEXXX,WASMEXXX,1,2023,1.0
GLOBAL,PWRWASMEXXX,WASMEXXX,1,2024,1.0
GLOBAL,PWRWASMEXXX,WASMEXXX,1,2025,1.0
GLOBAL,PWRWASMEXXX,WASMEXXX,1,2026,1.0
GLOBAL,PWRWASMEXXX,WASMEXXX,1,2027,1.0
GLOBAL,PWRWASMEXXX,WASMEXXX,1,2028,1.0
GLOBAL,PWRWASMEXXX,WASMEXXX,1,2029,1.0
GLOBAL,PWRWASMEXXX,WASMEXXX,1,2030,1.0
GLOBAL,PWRWASMEXXX,WASMEXXX,1,2031,1.0
GLOBAL,PWRWASMEXXX,WASMEXXX,1,2032,1.0
GLOBAL,PWRWASMEXXX,WASMEXXX,1,2033,1.0
GLOBAL,PWRWASMEXXX,WASMEXXX,1,2034,1.0
GLOBAL,PWRWASMEXXX,WASMEXXX,1,2035,1.0
GLOBAL,PWRWASMEXXX,WASMEXXX,1,2036,1.0
GLOBAL,PWRWASMEXXX,WASMEXXX,1,2037,1.0
GLOBAL,PWRWASMEXXX,WASMEXXX,1,2038,1.0
GLOBAL,PWRWASMEXXX,WASMEXXX,1,2039,1.0
GLOBAL,PWRWASMEXXX,WASMEXXX,1,2040,1.0
GLOBAL,PWRWASMEXXX,WASMEXXX,1,2041,1.0
GLOBAL,PWRWASMEXXX,WASMEXXX,1,2042,1.0
GLOBAL,PWRWASMEXXX,WASMEXXX,1,2043,1.0
GLOBAL,PWRWASMEXXX,WASMEXXX,1,2044,1.0
GLOBAL,PWRWASMEXXX,WASMEXXX,1,2045,1.0
GLOBAL,PWRWASMEXXX,WASMEXXX,1,2046,1.0
GLOBAL,PWRWASMEXXX,WASMEXXX,1,2047,1.0
GLOBAL,PWRWASMEXXX,WASMEXXX,1,2048,1.0
GLOBAL,PWRWASMEXXX,WASMEXXX,1,2049,1.0
GLOBAL,PWRWASMEXXX,WASMEXXX,1,2050,1.0
GLOBAL,PWRWASNICXX,WASNICXX,1,2023,1.0
GLOBAL,PWRWASNICXX,WASNICXX,1,2024,1.0
GLOBAL,PWRWASNICXX,WASNICXX,1,2025,1.0
GLOBAL,PWRWASNICXX,WASNICXX,1,2026,1.0
GLOBAL,PWRWASNICXX,WASNICXX,1,2027,1.0
GLOBAL,PWRWASNICXX,WASNICXX,1,2028,1.0
GLOBAL,PWRWASNICXX,WASNICXX,1,2029,1.0
GLOBAL,PWRWASNICXX,WASNICXX,1,2030,1.0
GLOBAL,PWRWASNICXX,WASNICXX,1,2031,1.0
GLOBAL,PWRWASNICXX,WASNICXX,1,2032,1.0
GLOBAL,PWRWASNICXX,WASNICXX,1,2033,1.0
GLOBAL,PWRWASNICXX,WASNICXX,1,2034,1.0
GLOBAL,PWRWASNICXX,WASNICXX,1,2035,1.0
GLOBAL,PWRWASNICXX,WASNICXX,1,2036,1.0
GLOBAL,PWRWASNICXX,WASNICXX,1,2037,1.0
GLOBAL,PWRWASNICXX,WASNICXX,1,2038,1.0
GLOBAL,PWRWASNICXX,WASNICXX,1,2039,1.0
GLOBAL,PWRWASNICXX,WASNICXX,1,2040,1.0
GLOBAL,PWRWASNICXX,WASNICXX,1,2041,1.0
GLOBAL,PWRWASNICXX,WASNICXX,1,2042,1.0
GLOBAL,PWRWASNICXX,WASNICXX,1,2043,1.0
GLOBAL,PWRWASNICXX,WASNICXX,1,2044,1.0
GLOBAL,PWRWASNICXX,WASNICXX,1,2045,1.0
GLOBAL,PWRWASNICXX,WASNICXX,1,2046,1.0
GLOBAL,PWRWASNICXX,WASNICXX,1,2047,1.0
GLOBAL,PWRWASNICXX,WASNICXX,1,2048,1.0
GLOBAL,PWRWASNICXX,WASNICXX,1,2049,1.0
GLOBAL,PWRWASNICXX,WASNICXX,1,2050,1.0
GLOBAL,PWRWASPANXX,WASPANXX,1,2023,1.0
GLOBAL,PWRWASPANXX,WASPANXX,1,2024,1.0
GLOBAL,PWRWASPANXX,WASPANXX,1,2025,1.0
GLOBAL,PWRWASPANXX,WASPANXX,1,2026,1.0
GLOBAL,PWRWASPANXX,WASPANXX,1,2027,1.0
GLOBAL,PWRWASPANXX,WASPANXX,1,2028,1.0
GLOBAL,PWRWASPANXX,WASPANXX,1,2029,1.0
GLOBAL,PWRWASPANXX,WASPANXX,1,2030,1.0
GLOBAL,PWRWASPANXX,WASPANXX,1,2031,1.0
GLOBAL,PWRWASPANXX,WASPANXX,1,2032,1.0
GLOBAL,PWRWASPANXX,WASPANXX,1,2033,1.0
GLOBAL,PWRWASPANXX,WASPANXX,1,2034,1.0
GLOBAL,PWRWASPANXX,WASPANXX,1,2035,1.0
GLOBAL,PWRWASPANXX,WASPANXX,1,2036,1.0
GLOBAL,PWRWASPANXX,WASPANXX,1,2037,1.0
GLOBAL,PWRWASPANXX,WASPANXX,1,2038,1.0
GLOBAL,PWRWASPANXX,WASPANXX,1,2039,1.0
GLOBAL,PWRWASPANXX,WASPANXX,1,2040,1.0
GLOBAL,PWRWASPANXX,WASPANXX,1,2041,1.0
GLOBAL,PWRWASPANXX,WASPANXX,1,2042,1.0
GLOBAL,PWRWASPANXX,WASPANXX,1,2043,1.0
GLOBAL,PWRWASPANXX,WASPANXX,1,2044,1.0
GLOBAL,PWRWASPANXX,WASPANXX,1,2045,1.0
GLOBAL,PWRWASPANXX,WASPANXX,1,2046,1.0
GLOBAL,PWRWASPANXX,WASPANXX,1,2047,1.0
GLOBAL,PWRWASPANXX,WASPANXX,1,2048,1.0
GLOBAL,PWRWASPANXX,WASPANXX,1,2049,1.0
GLOBAL,PWRWASPANXX,WASPANXX,1,2050,1.0
GLOBAL,PWRWASPERXX,WASPERXX,1,2023,1.0
GLOBAL,PWRWASPERXX,WASPERXX,1,2024,1.0
GLOBAL,PWRWASPERXX,WASPERXX,1,2025,1.0
GLOBAL,PWRWASPERXX,WASPERXX,1,2026,1.0
GLOBAL,PWRWASPERXX,WASPERXX,1,2027,1.0
GLOBAL,PWRWASPERXX,WASPERXX,1,2028,1.0
GLOBAL,PWRWASPERXX,WASPERXX,1,2029,1.0
GLOBAL,PWRWASPERXX,WASPERXX,1,2030,1.0
GLOBAL,PWRWASPERXX,WASPERXX,1,2031,1.0
GLOBAL,PWRWASPERXX,WASPERXX,1,2032,1.0
GLOBAL,PWRWASPERXX,WASPERXX,1,2033,1.0
GLOBAL,PWRWASPERXX,WASPERXX,1,2034,1.0
GLOBAL,PWRWASPERXX,WASPERXX,1,2035,1.0
GLOBAL,PWRWASPERXX,WASPERXX,1,2036,1.0
GLOBAL,PWRWASPERXX,WASPERXX,1,2037,1.0
GLOBAL,PWRWASPERXX,WASPERXX,1,2038,1.0
GLOBAL,PWRWASPERXX,WASPERXX,1,2039,1.0
GLOBAL,PWRWASPERXX,WASPERXX,1,2040,1.0
GLOBAL,PWRWASPERXX,WASPERXX,1,2041,1.0
GLOBAL,PWRWASPERXX,WASPERXX,1,2042,1.0
GLOBAL,PWRWASPERXX,WASPERXX,1,2043,1.0
GLOBAL,PWRWASPERXX,WASPERXX,1,2044,1.0
GLOBAL,PWRWASPERXX,WASPERXX,1,2045,1.0
GLOBAL,PWRWASPERXX,WASPERXX,1,2046,1.0
GLOBAL,PWRWASPERXX,WASPERXX,1,2047,1.0
GLOBAL,PWRWASPERXX,WASPERXX,1,2048,1.0
GLOBAL,PWRWASPERXX,WASPERXX,1,2049,1.0
GLOBAL,PWRWASPERXX,WASPERXX,1,2050,1.0
GLOBAL,PWRWASPRYXX,WASPRYXX,1,2023,1.0
GLOBAL,PWRWASPRYXX,WASPRYXX,1,2024,1.0
GLOBAL,PWRWASPRYXX,WASPRYXX,1,2025,1.0
GLOBAL,PWRWASPRYXX,WASPRYXX,1,2026,1.0
GLOBAL,PWRWASPRYXX,WASPRYXX,1,2027,1.0
GLOBAL,PWRWASPRYXX,WASPRYXX,1,2028,1.0
GLOBAL,PWRWASPRYXX,WASPRYXX,1,2029,1.0
GLOBAL,PWRWASPRYXX,WASPRYXX,1,2030,1.0
GLOBAL,PWRWASPRYXX,WASPRYXX,1,2031,1.0
GLOBAL,PWRWASPRYXX,WASPRYXX,1,2032,1.0
GLOBAL,PWRWASPRYXX,WASPRYXX,1,2033,1.0
GLOBAL,PWRWASPRYXX,WASPRYXX,1,2034,1.0
GLOBAL,PWRWASPRYXX,WASPRYXX,1,2035,1.0
GLOBAL,PWRWASPRYXX,WASPRYXX,1,2036,1.0
GLOBAL,PWRWASPRYXX,WASPRYXX,1,2037,1.0
GLOBAL,PWRWASPRYXX,WASPRYXX,1,2038,1.0
GLOBAL,PWRWASPRYXX,WASPRYXX,1,2039,1.0
GLOBAL,PWRWASPRYXX,WASPRYXX,1,2040,1.0
GLOBAL,PWRWASPRYXX,WASPRYXX,1,2041,1.0
GLOBAL,PWRWASPRYXX,WASPRYXX,1,2042,1.0
GLOBAL,PWRWASPRYXX,WASPRYXX,1,2043,1.0
GLOBAL,PWRWASPRYXX,WASPRYXX,1,2044,1.0
GLOBAL,PWRWASPRYXX,WASPRYXX,1,2045,1.0
GLOBAL,PWRWASPRYXX,WASPRYXX,1,2046,1.0
GLOBAL,PWRWASPRYXX,WASPRYXX,1,2047,1.0
GLOBAL,PWRWASPRYXX,WASPRYXX,1,2048,1.0
GLOBAL,PWRWASPRYXX,WASPRYXX,1,2049,1.0
GLOBAL,PWRWASPRYXX,WASPRYXX,1,2050,1.0
GLOBAL,PWRWASSLVXX,WASSLVXX,1,2023,1.0
GLOBAL,PWRWASSLVXX,WASSLVXX,1,2024,1.0
GLOBAL,PWRWASSLVXX,WASSLVXX,1,2025,1.0
GLOBAL,PWRWASSLVXX,WASSLVXX,1,2026,1.0
GLOBAL,PWRWASSLVXX,WASSLVXX,1,2027,1.0
GLOBAL,PWRWASSLVXX,WASSLVXX,1,2028,1.0
GLOBAL,PWRWASSLVXX,WASSLVXX,1,2029,1.0
GLOBAL,PWRWASSLVXX,WASSLVXX,1,2030,1.0
GLOBAL,PWRWASSLVXX,WASSLVXX,1,2031,1.0
GLOBAL,PWRWASSLVXX,WASSLVXX,1,2032,1.0
GLOBAL,PWRWASSLVXX,WASSLVXX,1,2033,1.0
GLOBAL,PWRWASSLVXX,WASSLVXX,1,2034,1.0
GLOBAL,PWRWASSLVXX,WASSLVXX,1,2035,1.0
GLOBAL,PWRWASSLVXX,WASSLVXX,1,2036,1.0
GLOBAL,PWRWASSLVXX,WASSLVXX,1,2037,1.0
GLOBAL,PWRWASSLVXX,WASSLVXX,1,2038,1.0
GLOBAL,PWRWASSLVXX,WASSLVXX,1,2039,1.0
GLOBAL,PWRWASSLVXX,WASSLVXX,1,2040,1.0
GLOBAL,PWRWASSLVXX,WASSLVXX,1,2041,1.0
GLOBAL,PWRWASSLVXX,WASSLVXX,1,2042,1.0
GLOBAL,PWRWASSLVXX,WASSLVXX,1,2043,1.0
GLOBAL,PWRWASSLVXX,WASSLVXX,1,2044,1.0
GLOBAL,PWRWASSLVXX,WASSLVXX,1,2045,1.0
GLOBAL,PWRWASSLVXX,WASSLVXX,1,2046,1.0
GLOBAL,PWRWASSLVXX,WASSLVXX,1,2047,1.0
GLOBAL,PWRWASSLVXX,WASSLVXX,1,2048,1.0
GLOBAL,PWRWASSLVXX,WASSLVXX,1,2049,1.0
GLOBAL,PWRWASSLVXX,WASSLVXX,1,2050,1.0
GLOBAL,PWRWASURYXX,WASURYXX,1,2023,1.0
GLOBAL,PWRWASURYXX,WASURYXX,1,2024,1.0
GLOBAL,PWRWASURYXX,WASURYXX,1,2025,1.0
GLOBAL,PWRWASURYXX,WASURYXX,1,2026,1.0
GLOBAL,PWRWASURYXX,WASURYXX,1,2027,1.0
GLOBAL,PWRWASURYXX,WASURYXX,1,2028,1.0
GLOBAL,PWRWASURYXX,WASURYXX,1,2029,1.0
GLOBAL,PWRWASURYXX,WASURYXX,1,2030,1.0
GLOBAL,PWRWASURYXX,WASURYXX,1,2031,1.0
GLOBAL,PWRWASURYXX,WASURYXX,1,2032,1.0
GLOBAL,PWRWASURYXX,WASURYXX,1,2033,1.0
GLOBAL,PWRWASURYXX,WASURYXX,1,2034,1.0
GLOBAL,PWRWASURYXX,WASURYXX,1,2035,1.0
GLOBAL,PWRWASURYXX,WASURYXX,1,2036,1.0
GLOBAL,PWRWASURYXX,WASURYXX,1,2037,1.0
GLOBAL,PWRWASURYXX,WASURYXX,1,2038,1.0
GLOBAL,PWRWASURYXX,WASURYXX,1,2039,1.0
GLOBAL,PWRWASURYXX,WASURYXX,1,2040,1.0
GLOBAL,PWRWASURYXX,WASURYXX,1,2041,1.0
GLOBAL,PWRWASURYXX,WASURYXX,1,2042,1.0
GLOBAL,PWRWASURYXX,WASURYXX,1,2043,1.0
GLOBAL,PWRWASURYXX,WASURYXX,1,2044,1.0
GLOBAL,PWRWASURYXX,WASURYXX,1,2045,1.0
GLOBAL,PWRWASURYXX,WASURYXX,1,2046,1.0
GLOBAL,PWRWASURYXX,WASURYXX,1,2047,1.0
GLOBAL,PWRWASURYXX,WASURYXX,1,2048,1.0
GLOBAL,PWRWASURYXX,WASURYXX,1,2049,1.0
GLOBAL,PWRWASURYXX,WASURYXX,1,2050,1.0
GLOBAL,PWRWAVARGXX,WAVARGXX,1,2023,1.0
GLOBAL,PWRWAVARGXX,WAVARGXX,1,2024,1.0
GLOBAL,PWRWAVARGXX,WAVARGXX,1,2025,1.0
GLOBAL,PWRWAVARGXX,WAVARGXX,1,2026,1.0
GLOBAL,PWRWAVARGXX,WAVARGXX,1,2027,1.0
GLOBAL,PWRWAVARGXX,WAVARGXX,1,2028,1.0
GLOBAL,PWRWAVARGXX,WAVARGXX,1,2029,1.0
GLOBAL,PWRWAVARGXX,WAVARGXX,1,2030,1.0
GLOBAL,PWRWAVARGXX,WAVARGXX,1,2031,1.0
GLOBAL,PWRWAVARGXX,WAVARGXX,1,2032,1.0
GLOBAL,PWRWAVARGXX,WAVARGXX,1,2033,1.0
GLOBAL,PWRWAVARGXX,WAVARGXX,1,2034,1.0
GLOBAL,PWRWAVARGXX,WAVARGXX,1,2035,1.0
GLOBAL,PWRWAVARGXX,WAVARGXX,1,2036,1.0
GLOBAL,PWRWAVARGXX,WAVARGXX,1,2037,1.0
GLOBAL,PWRWAVARGXX,WAVARGXX,1,2038,1.0
GLOBAL,PWRWAVARGXX,WAVARGXX,1,2039,1.0
GLOBAL,PWRWAVARGXX,WAVARGXX,1,2040,1.0
GLOBAL,PWRWAVARGXX,WAVARGXX,1,2041,1.0
GLOBAL,PWRWAVARGXX,WAVARGXX,1,2042,1.0
GLOBAL,PWRWAVARGXX,WAVARGXX,1,2043,1.0
GLOBAL,PWRWAVARGXX,WAVARGXX,1,2044,1.0
GLOBAL,PWRWAVARGXX,WAVARGXX,1,2045,1.0
GLOBAL,PWRWAVARGXX,WAVARGXX,1,2046,1.0
GLOBAL,PWRWAVARGXX,WAVARGXX,1,2047,1.0
GLOBAL,PWRWAVARGXX,WAVARGXX,1,2048,1.0
GLOBAL,PWRWAVARGXX,WAVARGXX,1,2049,1.0
GLOBAL,PWRWAVARGXX,WAVARGXX,1,2050,1.0
GLOBAL,PWRWAVBOLXX,WAVBOLXX,1,2023,1.0
GLOBAL,PWRWAVBOLXX,WAVBOLXX,1,2024,1.0
GLOBAL,PWRWAVBOLXX,WAVBOLXX,1,2025,1.0
GLOBAL,PWRWAVBOLXX,WAVBOLXX,1,2026,1.0
GLOBAL,PWRWAVBOLXX,WAVBOLXX,1,2027,1.0
GLOBAL,PWRWAVBOLXX,WAVBOLXX,1,2028,1.0
GLOBAL,PWRWAVBOLXX,WAVBOLXX,1,2029,1.0
GLOBAL,PWRWAVBOLXX,WAVBOLXX,1,2030,1.0
GLOBAL,PWRWAVBOLXX,WAVBOLXX,1,2031,1.0
GLOBAL,PWRWAVBOLXX,WAVBOLXX,1,2032,1.0
GLOBAL,PWRWAVBOLXX,WAVBOLXX,1,2033,1.0
GLOBAL,PWRWAVBOLXX,WAVBOLXX,1,2034,1.0
GLOBAL,PWRWAVBOLXX,WAVBOLXX,1,2035,1.0
GLOBAL,PWRWAVBOLXX,WAVBOLXX,1,2036,1.0
GLOBAL,PWRWAVBOLXX,WAVBOLXX,1,2037,1.0
GLOBAL,PWRWAVBOLXX,WAVBOLXX,1,2038,1.0
GLOBAL,PWRWAVBOLXX,WAVBOLXX,1,2039,1.0
GLOBAL,PWRWAVBOLXX,WAVBOLXX,1,2040,1.0
GLOBAL,PWRWAVBOLXX,WAVBOLXX,1,2041,1.0
GLOBAL,PWRWAVBOLXX,WAVBOLXX,1,2042,1.0
GLOBAL,PWRWAVBOLXX,WAVBOLXX,1,2043,1.0
GLOBAL,PWRWAVBOLXX,WAVBOLXX,1,2044,1.0
GLOBAL,PWRWAVBOLXX,WAVBOLXX,1,2045,1.0
GLOBAL,PWRWAVBOLXX,WAVBOLXX,1,2046,1.0
GLOBAL,PWRWAVBOLXX,WAVBOLXX,1,2047,1.0
GLOBAL,PWRWAVBOLXX,WAVBOLXX,1,2048,1.0
GLOBAL,PWRWAVBOLXX,WAVBOLXX,1,2049,1.0
GLOBAL,PWRWAVBOLXX,WAVBOLXX,1,2050,1.0
GLOBAL,PWRWAVBRAXX,WAVBRAXX,1,2023,1.0
GLOBAL,PWRWAVBRAXX,WAVBRAXX,1,2024,1.0
GLOBAL,PWRWAVBRAXX,WAVBRAXX,1,2025,1.0
GLOBAL,PWRWAVBRAXX,WAVBRAXX,1,2026,1.0
GLOBAL,PWRWAVBRAXX,WAVBRAXX,1,2027,1.0
GLOBAL,PWRWAVBRAXX,WAVBRAXX,1,2028,1.0
GLOBAL,PWRWAVBRAXX,WAVBRAXX,1,2029,1.0
GLOBAL,PWRWAVBRAXX,WAVBRAXX,1,2030,1.0
GLOBAL,PWRWAVBRAXX,WAVBRAXX,1,2031,1.0
GLOBAL,PWRWAVBRAXX,WAVBRAXX,1,2032,1.0
GLOBAL,PWRWAVBRAXX,WAVBRAXX,1,2033,1.0
GLOBAL,PWRWAVBRAXX,WAVBRAXX,1,2034,1.0
GLOBAL,PWRWAVBRAXX,WAVBRAXX,1,2035,1.0
GLOBAL,PWRWAVBRAXX,WAVBRAXX,1,2036,1.0
GLOBAL,PWRWAVBRAXX,WAVBRAXX,1,2037,1.0
GLOBAL,PWRWAVBRAXX,WAVBRAXX,1,2038,1.0
GLOBAL,PWRWAVBRAXX,WAVBRAXX,1,2039,1.0
GLOBAL,PWRWAVBRAXX,WAVBRAXX,1,2040,1.0
GLOBAL,PWRWAVBRAXX,WAVBRAXX,1,2041,1.0
GLOBAL,PWRWAVBRAXX,WAVBRAXX,1,2042,1.0
GLOBAL,PWRWAVBRAXX,WAVBRAXX,1,2043,1.0
GLOBAL,PWRWAVBRAXX,WAVBRAXX,1,2044,1.0
GLOBAL,PWRWAVBRAXX,WAVBRAXX,1,2045,1.0
GLOBAL,PWRWAVBRAXX,WAVBRAXX,1,2046,1.0
GLOBAL,PWRWAVBRAXX,WAVBRAXX,1,2047,1.0
GLOBAL,PWRWAVBRAXX,WAVBRAXX,1,2048,1.0
GLOBAL,PWRWAVBRAXX,WAVBRAXX,1,2049,1.0
GLOBAL,PWRWAVBRAXX,WAVBRAXX,1,2050,1.0
GLOBAL,PWRWAVBRBXX,WAVBRBXX,1,2023,1.0
GLOBAL,PWRWAVBRBXX,WAVBRBXX,1,2024,1.0
GLOBAL,PWRWAVBRBXX,WAVBRBXX,1,2025,1.0
GLOBAL,PWRWAVBRBXX,WAVBRBXX,1,2026,1.0
GLOBAL,PWRWAVBRBXX,WAVBRBXX,1,2027,1.0
GLOBAL,PWRWAVBRBXX,WAVBRBXX,1,2028,1.0
GLOBAL,PWRWAVBRBXX,WAVBRBXX,1,2029,1.0
GLOBAL,PWRWAVBRBXX,WAVBRBXX,1,2030,1.0
GLOBAL,PWRWAVBRBXX,WAVBRBXX,1,2031,1.0
GLOBAL,PWRWAVBRBXX,WAVBRBXX,1,2032,1.0
GLOBAL,PWRWAVBRBXX,WAVBRBXX,1,2033,1.0
GLOBAL,PWRWAVBRBXX,WAVBRBXX,1,2034,1.0
GLOBAL,PWRWAVBRBXX,WAVBRBXX,1,2035,1.0
GLOBAL,PWRWAVBRBXX,WAVBRBXX,1,2036,1.0
GLOBAL,PWRWAVBRBXX,WAVBRBXX,1,2037,1.0
GLOBAL,PWRWAVBRBXX,WAVBRBXX,1,2038,1.0
GLOBAL,PWRWAVBRBXX,WAVBRBXX,1,2039,1.0
GLOBAL,PWRWAVBRBXX,WAVBRBXX,1,2040,1.0
GLOBAL,PWRWAVBRBXX,WAVBRBXX,1,2041,1.0
GLOBAL,PWRWAVBRBXX,WAVBRBXX,1,2042,1.0
GLOBAL,PWRWAVBRBXX,WAVBRBXX,1,2043,1.0
GLOBAL,PWRWAVBRBXX,WAVBRBXX,1,2044,1.0
GLOBAL,PWRWAVBRBXX,WAVBRBXX,1,2045,1.0
GLOBAL,PWRWAVBRBXX,WAVBRBXX,1,2046,1.0
GLOBAL,PWRWAVBRBXX,WAVBRBXX,1,2047,1.0
GLOBAL,PWRWAVBRBXX,WAVBRBXX,1,2048,1.0
GLOBAL,PWRWAVBRBXX,WAVBRBXX,1,2049,1.0
GLOBAL,PWRWAVBRBXX,WAVBRBXX,1,2050,1.0
GLOBAL,PWRWAVCHLXX,WAVCHLXX,1,2023,1.0
GLOBAL,PWRWAVCHLXX,WAVCHLXX,1,2024,1.0
GLOBAL,PWRWAVCHLXX,WAVCHLXX,1,2025,1.0
GLOBAL,PWRWAVCHLXX,WAVCHLXX,1,2026,1.0
GLOBAL,PWRWAVCHLXX,WAVCHLXX,1,2027,1.0
GLOBAL,PWRWAVCHLXX,WAVCHLXX,1,2028,1.0
GLOBAL,PWRWAVCHLXX,WAVCHLXX,1,2029,1.0
GLOBAL,PWRWAVCHLXX,WAVCHLXX,1,2030,1.0
GLOBAL,PWRWAVCHLXX,WAVCHLXX,1,2031,1.0
GLOBAL,PWRWAVCHLXX,WAVCHLXX,1,2032,1.0
GLOBAL,PWRWAVCHLXX,WAVCHLXX,1,2033,1.0
GLOBAL,PWRWAVCHLXX,WAVCHLXX,1,2034,1.0
GLOBAL,PWRWAVCHLXX,WAVCHLXX,1,2035,1.0
GLOBAL,PWRWAVCHLXX,WAVCHLXX,1,2036,1.0
GLOBAL,PWRWAVCHLXX,WAVCHLXX,1,2037,1.0
GLOBAL,PWRWAVCHLXX,WAVCHLXX,1,2038,1.0
GLOBAL,PWRWAVCHLXX,WAVCHLXX,1,2039,1.0
GLOBAL,PWRWAVCHLXX,WAVCHLXX,1,2040,1.0
GLOBAL,PWRWAVCHLXX,WAVCHLXX,1,2041,1.0
GLOBAL,PWRWAVCHLXX,WAVCHLXX,1,2042,1.0
GLOBAL,PWRWAVCHLXX,WAVCHLXX,1,2043,1.0
GLOBAL,PWRWAVCHLXX,WAVCHLXX,1,2044,1.0
GLOBAL,PWRWAVCHLXX,WAVCHLXX,1,2045,1.0
GLOBAL,PWRWAVCHLXX,WAVCHLXX,1,2046,1.0
GLOBAL,PWRWAVCHLXX,WAVCHLXX,1,2047,1.0
GLOBAL,PWRWAVCHLXX,WAVCHLXX,1,2048,1.0
GLOBAL,PWRWAVCHLXX,WAVCHLXX,1,2049,1.0
GLOBAL,PWRWAVCHLXX,WAVCHLXX,1,2050,1.0
GLOBAL,PWRWAVCOLXX,WAVCOLXX,1,2023,1.0
GLOBAL,PWRWAVCOLXX,WAVCOLXX,1,2024,1.0
GLOBAL,PWRWAVCOLXX,WAVCOLXX,1,2025,1.0
GLOBAL,PWRWAVCOLXX,WAVCOLXX,1,2026,1.0
GLOBAL,PWRWAVCOLXX,WAVCOLXX,1,2027,1.0
GLOBAL,PWRWAVCOLXX,WAVCOLXX,1,2028,1.0
GLOBAL,PWRWAVCOLXX,WAVCOLXX,1,2029,1.0
GLOBAL,PWRWAVCOLXX,WAVCOLXX,1,2030,1.0
GLOBAL,PWRWAVCOLXX,WAVCOLXX,1,2031,1.0
GLOBAL,PWRWAVCOLXX,WAVCOLXX,1,2032,1.0
GLOBAL,PWRWAVCOLXX,WAVCOLXX,1,2033,1.0
GLOBAL,PWRWAVCOLXX,WAVCOLXX,1,2034,1.0
GLOBAL,PWRWAVCOLXX,WAVCOLXX,1,2035,1.0
GLOBAL,PWRWAVCOLXX,WAVCOLXX,1,2036,1.0
GLOBAL,PWRWAVCOLXX,WAVCOLXX,1,2037,1.0
GLOBAL,PWRWAVCOLXX,WAVCOLXX,1,2038,1.0
GLOBAL,PWRWAVCOLXX,WAVCOLXX,1,2039,1.0
GLOBAL,PWRWAVCOLXX,WAVCOLXX,1,2040,1.0
GLOBAL,PWRWAVCOLXX,WAVCOLXX,1,2041,1.0
GLOBAL,PWRWAVCOLXX,WAVCOLXX,1,2042,1.0
GLOBAL,PWRWAVCOLXX,WAVCOLXX,1,2043,1.0
GLOBAL,PWRWAVCOLXX,WAVCOLXX,1,2044,1.0
GLOBAL,PWRWAVCOLXX,WAVCOLXX,1,2045,1.0
GLOBAL,PWRWAVCOLXX,WAVCOLXX,1,2046,1.0
GLOBAL,PWRWAVCOLXX,WAVCOLXX,1,2047,1.0
GLOBAL,PWRWAVCOLXX,WAVCOLXX,1,2048,1.0
GLOBAL,PWRWAVCOLXX,WAVCOLXX,1,2049,1.0
GLOBAL,PWRWAVCOLXX,WAVCOLXX,1,2050,1.0
GLOBAL,PWRWAVCRIXX,WAVCRIXX,1,2023,1.0
GLOBAL,PWRWAVCRIXX,WAVCRIXX,1,2024,1.0
GLOBAL,PWRWAVCRIXX,WAVCRIXX,1,2025,1.0
GLOBAL,PWRWAVCRIXX,WAVCRIXX,1,2026,1.0
GLOBAL,PWRWAVCRIXX,WAVCRIXX,1,2027,1.0
GLOBAL,PWRWAVCRIXX,WAVCRIXX,1,2028,1.0
GLOBAL,PWRWAVCRIXX,WAVCRIXX,1,2029,1.0
GLOBAL,PWRWAVCRIXX,WAVCRIXX,1,2030,1.0
GLOBAL,PWRWAVCRIXX,WAVCRIXX,1,2031,1.0
GLOBAL,PWRWAVCRIXX,WAVCRIXX,1,2032,1.0
GLOBAL,PWRWAVCRIXX,WAVCRIXX,1,2033,1.0
GLOBAL,PWRWAVCRIXX,WAVCRIXX,1,2034,1.0
GLOBAL,PWRWAVCRIXX,WAVCRIXX,1,2035,1.0
GLOBAL,PWRWAVCRIXX,WAVCRIXX,1,2036,1.0
GLOBAL,PWRWAVCRIXX,WAVCRIXX,1,2037,1.0
GLOBAL,PWRWAVCRIXX,WAVCRIXX,1,2038,1.0
GLOBAL,PWRWAVCRIXX,WAVCRIXX,1,2039,1.0
GLOBAL,PWRWAVCRIXX,WAVCRIXX,1,2040,1.0
GLOBAL,PWRWAVCRIXX,WAVCRIXX,1,2041,1.0
GLOBAL,PWRWAVCRIXX,WAVCRIXX,1,2042,1.0
GLOBAL,PWRWAVCRIXX,WAVCRIXX,1,2043,1.0
GLOBAL,PWRWAVCRIXX,WAVCRIXX,1,2044,1.0
GLOBAL,PWRWAVCRIXX,WAVCRIXX,1,2045,1.0
GLOBAL,PWRWAVCRIXX,WAVCRIXX,1,2046,1.0
GLOBAL,PWRWAVCRIXX,WAVCRIXX,1,2047,1.0
GLOBAL,PWRWAVCRIXX,WAVCRIXX,1,2048,1.0
GLOBAL,PWRWAVCRIXX,WAVCRIXX,1,2049,1.0
GLOBAL,PWRWAVCRIXX,WAVCRIXX,1,2050,1.0
GLOBAL,PWRWAVDOMXX,WAVDOMXX,1,2023,1.0
GLOBAL,PWRWAVDOMXX,WAVDOMXX,1,2024,1.0
GLOBAL,PWRWAVDOMXX,WAVDOMXX,1,2025,1.0
GLOBAL,PWRWAVDOMXX,WAVDOMXX,1,2026,1.0
GLOBAL,PWRWAVDOMXX,WAVDOMXX,1,2027,1.0
GLOBAL,PWRWAVDOMXX,WAVDOMXX,1,2028,1.0
GLOBAL,PWRWAVDOMXX,WAVDOMXX,1,2029,1.0
GLOBAL,PWRWAVDOMXX,WAVDOMXX,1,2030,1.0
GLOBAL,PWRWAVDOMXX,WAVDOMXX,1,2031,1.0
GLOBAL,PWRWAVDOMXX,WAVDOMXX,1,2032,1.0
GLOBAL,PWRWAVDOMXX,WAVDOMXX,1,2033,1.0
GLOBAL,PWRWAVDOMXX,WAVDOMXX,1,2034,1.0
GLOBAL,PWRWAVDOMXX,WAVDOMXX,1,2035,1.0
GLOBAL,PWRWAVDOMXX,WAVDOMXX,1,2036,1.0
GLOBAL,PWRWAVDOMXX,WAVDOMXX,1,2037,1.0
GLOBAL,PWRWAVDOMXX,WAVDOMXX,1,2038,1.0
GLOBAL,PWRWAVDOMXX,WAVDOMXX,1,2039,1.0
GLOBAL,PWRWAVDOMXX,WAVDOMXX,1,2040,1.0
GLOBAL,PWRWAVDOMXX,WAVDOMXX,1,2041,1.0
GLOBAL,PWRWAVDOMXX,WAVDOMXX,1,2042,1.0
GLOBAL,PWRWAVDOMXX,WAVDOMXX,1,2043,1.0
GLOBAL,PWRWAVDOMXX,WAVDOMXX,1,2044,1.0
GLOBAL,PWRWAVDOMXX,WAVDOMXX,1,2045,1.0
GLOBAL,PWRWAVDOMXX,WAVDOMXX,1,2046,1.0
GLOBAL,PWRWAVDOMXX,WAVDOMXX,1,2047,1.0
GLOBAL,PWRWAVDOMXX,WAVDOMXX,1,2048,1.0
GLOBAL,PWRWAVDOMXX,WAVDOMXX,1,2049,1.0
GLOBAL,PWRWAVDOMXX,WAVDOMXX,1,2050,1.0
GLOBAL,PWRWAVECUXX,WAVECUXX,1,2023,1.0
GLOBAL,PWRWAVECUXX,WAVECUXX,1,2024,1.0
GLOBAL,PWRWAVECUXX,WAVECUXX,1,2025,1.0
GLOBAL,PWRWAVECUXX,WAVECUXX,1,2026,1.0
GLOBAL,PWRWAVECUXX,WAVECUXX,1,2027,1.0
GLOBAL,PWRWAVECUXX,WAVECUXX,1,2028,1.0
GLOBAL,PWRWAVECUXX,WAVECUXX,1,2029,1.0
GLOBAL,PWRWAVECUXX,WAVECUXX,1,2030,1.0
GLOBAL,PWRWAVECUXX,WAVECUXX,1,2031,1.0
GLOBAL,PWRWAVECUXX,WAVECUXX,1,2032,1.0
GLOBAL,PWRWAVECUXX,WAVECUXX,1,2033,1.0
GLOBAL,PWRWAVECUXX,WAVECUXX,1,2034,1.0
GLOBAL,PWRWAVECUXX,WAVECUXX,1,2035,1.0
GLOBAL,PWRWAVECUXX,WAVECUXX,1,2036,1.0
GLOBAL,PWRWAVECUXX,WAVECUXX,1,2037,1.0
GLOBAL,PWRWAVECUXX,WAVECUXX,1,2038,1.0
GLOBAL,PWRWAVECUXX,WAVECUXX,1,2039,1.0
GLOBAL,PWRWAVECUXX,WAVECUXX,1,2040,1.0
GLOBAL,PWRWAVECUXX,WAVECUXX,1,2041,1.0
GLOBAL,PWRWAVECUXX,WAVECUXX,1,2042,1.0
GLOBAL,PWRWAVECUXX,WAVECUXX,1,2043,1.0
GLOBAL,PWRWAVECUXX,WAVECUXX,1,2044,1.0
GLOBAL,PWRWAVECUXX,WAVECUXX,1,2045,1.0
GLOBAL,PWRWAVECUXX,WAVECUXX,1,2046,1.0
GLOBAL,PWRWAVECUXX,WAVECUXX,1,2047,1.0
GLOBAL,PWRWAVECUXX,WAVECUXX,1,2048,1.0
GLOBAL,PWRWAVECUXX,WAVECUXX,1,2049,1.0
GLOBAL,PWRWAVECUXX,WAVECUXX,1,2050,1.0
GLOBAL,PWRWAVGTMXX,WAVGTMXX,1,2023,1.0
GLOBAL,PWRWAVGTMXX,WAVGTMXX,1,2024,1.0
GLOBAL,PWRWAVGTMXX,WAVGTMXX,1,2025,1.0
GLOBAL,PWRWAVGTMXX,WAVGTMXX,1,2026,1.0
GLOBAL,PWRWAVGTMXX,WAVGTMXX,1,2027,1.0
GLOBAL,PWRWAVGTMXX,WAVGTMXX,1,2028,1.0
GLOBAL,PWRWAVGTMXX,WAVGTMXX,1,2029,1.0
GLOBAL,PWRWAVGTMXX,WAVGTMXX,1,2030,1.0
GLOBAL,PWRWAVGTMXX,WAVGTMXX,1,2031,1.0
GLOBAL,PWRWAVGTMXX,WAVGTMXX,1,2032,1.0
GLOBAL,PWRWAVGTMXX,WAVGTMXX,1,2033,1.0
GLOBAL,PWRWAVGTMXX,WAVGTMXX,1,2034,1.0
GLOBAL,PWRWAVGTMXX,WAVGTMXX,1,2035,1.0
GLOBAL,PWRWAVGTMXX,WAVGTMXX,1,2036,1.0
GLOBAL,PWRWAVGTMXX,WAVGTMXX,1,2037,1.0
GLOBAL,PWRWAVGTMXX,WAVGTMXX,1,2038,1.0
GLOBAL,PWRWAVGTMXX,WAVGTMXX,1,2039,1.0
GLOBAL,PWRWAVGTMXX,WAVGTMXX,1,2040,1.0
GLOBAL,PWRWAVGTMXX,WAVGTMXX,1,2041,1.0
GLOBAL,PWRWAVGTMXX,WAVGTMXX,1,2042,1.0
GLOBAL,PWRWAVGTMXX,WAVGTMXX,1,2043,1.0
GLOBAL,PWRWAVGTMXX,WAVGTMXX,1,2044,1.0
GLOBAL,PWRWAVGTMXX,WAVGTMXX,1,2045,1.0
GLOBAL,PWRWAVGTMXX,WAVGTMXX,1,2046,1.0
GLOBAL,PWRWAVGTMXX,WAVGTMXX,1,2047,1.0
GLOBAL,PWRWAVGTMXX,WAVGTMXX,1,2048,1.0
GLOBAL,PWRWAVGTMXX,WAVGTMXX,1,2049,1.0
GLOBAL,PWRWAVGTMXX,WAVGTMXX,1,2050,1.0
GLOBAL,PWRWAVHNDXX,WAVHNDXX,1,2023,1.0
GLOBAL,PWRWAVHNDXX,WAVHNDXX,1,2024,1.0
GLOBAL,PWRWAVHNDXX,WAVHNDXX,1,2025,1.0
GLOBAL,PWRWAVHNDXX,WAVHNDXX,1,2026,1.0
GLOBAL,PWRWAVHNDXX,WAVHNDXX,1,2027,1.0
GLOBAL,PWRWAVHNDXX,WAVHNDXX,1,2028,1.0
GLOBAL,PWRWAVHNDXX,WAVHNDXX,1,2029,1.0
GLOBAL,PWRWAVHNDXX,WAVHNDXX,1,2030,1.0
GLOBAL,PWRWAVHNDXX,WAVHNDXX,1,2031,1.0
GLOBAL,PWRWAVHNDXX,WAVHNDXX,1,2032,1.0
GLOBAL,PWRWAVHNDXX,WAVHNDXX,1,2033,1.0
GLOBAL,PWRWAVHNDXX,WAVHNDXX,1,2034,1.0
GLOBAL,PWRWAVHNDXX,WAVHNDXX,1,2035,1.0
GLOBAL,PWRWAVHNDXX,WAVHNDXX,1,2036,1.0
GLOBAL,PWRWAVHNDXX,WAVHNDXX,1,2037,1.0
GLOBAL,PWRWAVHNDXX,WAVHNDXX,1,2038,1.0
GLOBAL,PWRWAVHNDXX,WAVHNDXX,1,2039,1.0
GLOBAL,PWRWAVHNDXX,WAVHNDXX,1,2040,1.0
GLOBAL,PWRWAVHNDXX,WAVHNDXX,1,2041,1.0
GLOBAL,PWRWAVHNDXX,WAVHNDXX,1,2042,1.0
GLOBAL,PWRWAVHNDXX,WAVHNDXX,1,2043,1.0
GLOBAL,PWRWAVHNDXX,WAVHNDXX,1,2044,1.0
GLOBAL,PWRWAVHNDXX,WAVHNDXX,1,2045,1.0
GLOBAL,PWRWAVHNDXX,WAVHNDXX,1,2046,1.0
GLOBAL,PWRWAVHNDXX,WAVHNDXX,1,2047,1.0
GLOBAL,PWRWAVHNDXX,WAVHNDXX,1,2048,1.0
GLOBAL,PWRWAVHNDXX,WAVHNDXX,1,2049,1.0
GLOBAL,PWRWAVHNDXX,WAVHNDXX,1,2050,1.0
GLOBAL,PWRWAVHTIXX,WAVHTIXX,1,2023,1.0
GLOBAL,PWRWAVHTIXX,WAVHTIXX,1,2024,1.0
GLOBAL,PWRWAVHTIXX,WAVHTIXX,1,2025,1.0
GLOBAL,PWRWAVHTIXX,WAVHTIXX,1,2026,1.0
GLOBAL,PWRWAVHTIXX,WAVHTIXX,1,2027,1.0
GLOBAL,PWRWAVHTIXX,WAVHTIXX,1,2028,1.0
GLOBAL,PWRWAVHTIXX,WAVHTIXX,1,2029,1.0
GLOBAL,PWRWAVHTIXX,WAVHTIXX,1,2030,1.0
GLOBAL,PWRWAVHTIXX,WAVHTIXX,1,2031,1.0
GLOBAL,PWRWAVHTIXX,WAVHTIXX,1,2032,1.0
GLOBAL,PWRWAVHTIXX,WAVHTIXX,1,2033,1.0
GLOBAL,PWRWAVHTIXX,WAVHTIXX,1,2034,1.0
GLOBAL,PWRWAVHTIXX,WAVHTIXX,1,2035,1.0
GLOBAL,PWRWAVHTIXX,WAVHTIXX,1,2036,1.0
GLOBAL,PWRWAVHTIXX,WAVHTIXX,1,2037,1.0
GLOBAL,PWRWAVHTIXX,WAVHTIXX,1,2038,1.0
GLOBAL,PWRWAVHTIXX,WAVHTIXX,1,2039,1.0
GLOBAL,PWRWAVHTIXX,WAVHTIXX,1,2040,1.0
GLOBAL,PWRWAVHTIXX,WAVHTIXX,1,2041,1.0
GLOBAL,PWRWAVHTIXX,WAVHTIXX,1,2042,1.0
GLOBAL,PWRWAVHTIXX,WAVHTIXX,1,2043,1.0
GLOBAL,PWRWAVHTIXX,WAVHTIXX,1,2044,1.0
GLOBAL,PWRWAVHTIXX,WAVHTIXX,1,2045,1.0
GLOBAL,PWRWAVHTIXX,WAVHTIXX,1,2046,1.0
GLOBAL,PWRWAVHTIXX,WAVHTIXX,1,2047,1.0
GLOBAL,PWRWAVHTIXX,WAVHTIXX,1,2048,1.0
GLOBAL,PWRWAVHTIXX,WAVHTIXX,1,2049,1.0
GLOBAL,PWRWAVHTIXX,WAVHTIXX,1,2050,1.0
GLOBAL,PWRWAVMEXXX,WAVMEXXX,1,2023,1.0
GLOBAL,PWRWAVMEXXX,WAVMEXXX,1,2024,1.0
GLOBAL,PWRWAVMEXXX,WAVMEXXX,1,2025,1.0
GLOBAL,PWRWAVMEXXX,WAVMEXXX,1,2026,1.0
GLOBAL,PWRWAVMEXXX,WAVMEXXX,1,2027,1.0
GLOBAL,PWRWAVMEXXX,WAVMEXXX,1,2028,1.0
GLOBAL,PWRWAVMEXXX,WAVMEXXX,1,2029,1.0
GLOBAL,PWRWAVMEXXX,WAVMEXXX,1,2030,1.0
GLOBAL,PWRWAVMEXXX,WAVMEXXX,1,2031,1.0
GLOBAL,PWRWAVMEXXX,WAVMEXXX,1,2032,1.0
GLOBAL,PWRWAVMEXXX,WAVMEXXX,1,2033,1.0
GLOBAL,PWRWAVMEXXX,WAVMEXXX,1,2034,1.0
GLOBAL,PWRWAVMEXXX,WAVMEXXX,1,2035,1.0
GLOBAL,PWRWAVMEXXX,WAVMEXXX,1,2036,1.0
GLOBAL,PWRWAVMEXXX,WAVMEXXX,1,2037,1.0
GLOBAL,PWRWAVMEXXX,WAVMEXXX,1,2038,1.0
GLOBAL,PWRWAVMEXXX,WAVMEXXX,1,2039,1.0
GLOBAL,PWRWAVMEXXX,WAVMEXXX,1,2040,1.0
GLOBAL,PWRWAVMEXXX,WAVMEXXX,1,2041,1.0
GLOBAL,PWRWAVMEXXX,WAVMEXXX,1,2042,1.0
GLOBAL,PWRWAVMEXXX,WAVMEXXX,1,2043,1.0
GLOBAL,PWRWAVMEXXX,WAVMEXXX,1,2044,1.0
GLOBAL,PWRWAVMEXXX,WAVMEXXX,1,2045,1.0
GLOBAL,PWRWAVMEXXX,WAVMEXXX,1,2046,1.0
GLOBAL,PWRWAVMEXXX,WAVMEXXX,1,2047,1.0
GLOBAL,PWRWAVMEXXX,WAVMEXXX,1,2048,1.0
GLOBAL,PWRWAVMEXXX,WAVMEXXX,1,2049,1.0
GLOBAL,PWRWAVMEXXX,WAVMEXXX,1,2050,1.0
GLOBAL,PWRWAVNICXX,WAVNICXX,1,2023,1.0
GLOBAL,PWRWAVNICXX,WAVNICXX,1,2024,1.0
GLOBAL,PWRWAVNICXX,WAVNICXX,1,2025,1.0
GLOBAL,PWRWAVNICXX,WAVNICXX,1,2026,1.0
GLOBAL,PWRWAVNICXX,WAVNICXX,1,2027,1.0
GLOBAL,PWRWAVNICXX,WAVNICXX,1,2028,1.0
GLOBAL,PWRWAVNICXX,WAVNICXX,1,2029,1.0
GLOBAL,PWRWAVNICXX,WAVNICXX,1,2030,1.0
GLOBAL,PWRWAVNICXX,WAVNICXX,1,2031,1.0
GLOBAL,PWRWAVNICXX,WAVNICXX,1,2032,1.0
GLOBAL,PWRWAVNICXX,WAVNICXX,1,2033,1.0
GLOBAL,PWRWAVNICXX,WAVNICXX,1,2034,1.0
GLOBAL,PWRWAVNICXX,WAVNICXX,1,2035,1.0
GLOBAL,PWRWAVNICXX,WAVNICXX,1,2036,1.0
GLOBAL,PWRWAVNICXX,WAVNICXX,1,2037,1.0
GLOBAL,PWRWAVNICXX,WAVNICXX,1,2038,1.0
GLOBAL,PWRWAVNICXX,WAVNICXX,1,2039,1.0
GLOBAL,PWRWAVNICXX,WAVNICXX,1,2040,1.0
GLOBAL,PWRWAVNICXX,WAVNICXX,1,2041,1.0
GLOBAL,PWRWAVNICXX,WAVNICXX,1,2042,1.0
GLOBAL,PWRWAVNICXX,WAVNICXX,1,2043,1.0
GLOBAL,PWRWAVNICXX,WAVNICXX,1,2044,1.0
GLOBAL,PWRWAVNICXX,WAVNICXX,1,2045,1.0
GLOBAL,PWRWAVNICXX,WAVNICXX,1,2046,1.0
GLOBAL,PWRWAVNICXX,WAVNICXX,1,2047,1.0
GLOBAL,PWRWAVNICXX,WAVNICXX,1,2048,1.0
GLOBAL,PWRWAVNICXX,WAVNICXX,1,2049,1.0
GLOBAL,PWRWAVNICXX,WAVNICXX,1,2050,1.0
GLOBAL,PWRWAVPANXX,WAVPANXX,1,2023,1.0
GLOBAL,PWRWAVPANXX,WAVPANXX,1,2024,1.0
GLOBAL,PWRWAVPANXX,WAVPANXX,1,2025,1.0
GLOBAL,PWRWAVPANXX,WAVPANXX,1,2026,1.0
GLOBAL,PWRWAVPANXX,WAVPANXX,1,2027,1.0
GLOBAL,PWRWAVPANXX,WAVPANXX,1,2028,1.0
GLOBAL,PWRWAVPANXX,WAVPANXX,1,2029,1.0
GLOBAL,PWRWAVPANXX,WAVPANXX,1,2030,1.0
GLOBAL,PWRWAVPANXX,WAVPANXX,1,2031,1.0
GLOBAL,PWRWAVPANXX,WAVPANXX,1,2032,1.0
GLOBAL,PWRWAVPANXX,WAVPANXX,1,2033,1.0
GLOBAL,PWRWAVPANXX,WAVPANXX,1,2034,1.0
GLOBAL,PWRWAVPANXX,WAVPANXX,1,2035,1.0
GLOBAL,PWRWAVPANXX,WAVPANXX,1,2036,1.0
GLOBAL,PWRWAVPANXX,WAVPANXX,1,2037,1.0
GLOBAL,PWRWAVPANXX,WAVPANXX,1,2038,1.0
GLOBAL,PWRWAVPANXX,WAVPANXX,1,2039,1.0
GLOBAL,PWRWAVPANXX,WAVPANXX,1,2040,1.0
GLOBAL,PWRWAVPANXX,WAVPANXX,1,2041,1.0
GLOBAL,PWRWAVPANXX,WAVPANXX,1,2042,1.0
GLOBAL,PWRWAVPANXX,WAVPANXX,1,2043,1.0
GLOBAL,PWRWAVPANXX,WAVPANXX,1,2044,1.0
GLOBAL,PWRWAVPANXX,WAVPANXX,1,2045,1.0
GLOBAL,PWRWAVPANXX,WAVPANXX,1,2046,1.0
GLOBAL,PWRWAVPANXX,WAVPANXX,1,2047,1.0
GLOBAL,PWRWAVPANXX,WAVPANXX,1,2048,1.0
GLOBAL,PWRWAVPANXX,WAVPANXX,1,2049,1.0
GLOBAL,PWRWAVPANXX,WAVPANXX,1,2050,1.0
GLOBAL,PWRWAVPERXX,WAVPERXX,1,2023,1.0
GLOBAL,PWRWAVPERXX,WAVPERXX,1,2024,1.0
GLOBAL,PWRWAVPERXX,WAVPERXX,1,2025,1.0
GLOBAL,PWRWAVPERXX,WAVPERXX,1,2026,1.0
GLOBAL,PWRWAVPERXX,WAVPERXX,1,2027,1.0
GLOBAL,PWRWAVPERXX,WAVPERXX,1,2028,1.0
GLOBAL,PWRWAVPERXX,WAVPERXX,1,2029,1.0
GLOBAL,PWRWAVPERXX,WAVPERXX,1,2030,1.0
GLOBAL,PWRWAVPERXX,WAVPERXX,1,2031,1.0
GLOBAL,PWRWAVPERXX,WAVPERXX,1,2032,1.0
GLOBAL,PWRWAVPERXX,WAVPERXX,1,2033,1.0
GLOBAL,PWRWAVPERXX,WAVPERXX,1,2034,1.0
GLOBAL,PWRWAVPERXX,WAVPERXX,1,2035,1.0
GLOBAL,PWRWAVPERXX,WAVPERXX,1,2036,1.0
GLOBAL,PWRWAVPERXX,WAVPERXX,1,2037,1.0
GLOBAL,PWRWAVPERXX,WAVPERXX,1,2038,1.0
GLOBAL,PWRWAVPERXX,WAVPERXX,1,2039,1.0
GLOBAL,PWRWAVPERXX,WAVPERXX,1,2040,1.0
GLOBAL,PWRWAVPERXX,WAVPERXX,1,2041,1.0
GLOBAL,PWRWAVPERXX,WAVPERXX,1,2042,1.0
GLOBAL,PWRWAVPERXX,WAVPERXX,1,2043,1.0
GLOBAL,PWRWAVPERXX,WAVPERXX,1,2044,1.0
GLOBAL,PWRWAVPERXX,WAVPERXX,1,2045,1.0
GLOBAL,PWRWAVPERXX,WAVPERXX,1,2046,1.0
GLOBAL,PWRWAVPERXX,WAVPERXX,1,2047,1.0
GLOBAL,PWRWAVPERXX,WAVPERXX,1,2048,1.0
GLOBAL,PWRWAVPERXX,WAVPERXX,1,2049,1.0
GLOBAL,PWRWAVPERXX,WAVPERXX,1,2050,1.0
GLOBAL,PWRWAVPRYXX,WAVPRYXX,1,2023,1.0
GLOBAL,PWRWAVPRYXX,WAVPRYXX,1,2024,1.0
GLOBAL,PWRWAVPRYXX,WAVPRYXX,1,2025,1.0
GLOBAL,PWRWAVPRYXX,WAVPRYXX,1,2026,1.0
GLOBAL,PWRWAVPRYXX,WAVPRYXX,1,2027,1.0
GLOBAL,PWRWAVPRYXX,WAVPRYXX,1,2028,1.0
GLOBAL,PWRWAVPRYXX,WAVPRYXX,1,2029,1.0
GLOBAL,PWRWAVPRYXX,WAVPRYXX,1,2030,1.0
GLOBAL,PWRWAVPRYXX,WAVPRYXX,1,2031,1.0
GLOBAL,PWRWAVPRYXX,WAVPRYXX,1,2032,1.0
GLOBAL,PWRWAVPRYXX,WAVPRYXX,1,2033,1.0
GLOBAL,PWRWAVPRYXX,WAVPRYXX,1,2034,1.0
GLOBAL,PWRWAVPRYXX,WAVPRYXX,1,2035,1.0
GLOBAL,PWRWAVPRYXX,WAVPRYXX,1,2036,1.0
GLOBAL,PWRWAVPRYXX,WAVPRYXX,1,2037,1.0
GLOBAL,PWRWAVPRYXX,WAVPRYXX,1,2038,1.0
GLOBAL,PWRWAVPRYXX,WAVPRYXX,1,2039,1.0
GLOBAL,PWRWAVPRYXX,WAVPRYXX,1,2040,1.0
GLOBAL,PWRWAVPRYXX,WAVPRYXX,1,2041,1.0
GLOBAL,PWRWAVPRYXX,WAVPRYXX,1,2042,1.0
GLOBAL,PWRWAVPRYXX,WAVPRYXX,1,2043,1.0
GLOBAL,PWRWAVPRYXX,WAVPRYXX,1,2044,1.0
GLOBAL,PWRWAVPRYXX,WAVPRYXX,1,2045,1.0
GLOBAL,PWRWAVPRYXX,WAVPRYXX,1,2046,1.0
GLOBAL,PWRWAVPRYXX,WAVPRYXX,1,2047,1.0
GLOBAL,PWRWAVPRYXX,WAVPRYXX,1,2048,1.0
GLOBAL,PWRWAVPRYXX,WAVPRYXX,1,2049,1.0
GLOBAL,PWRWAVPRYXX,WAVPRYXX,1,2050,1.0
GLOBAL,PWRWAVSLVXX,WAVSLVXX,1,2023,1.0
GLOBAL,PWRWAVSLVXX,WAVSLVXX,1,2024,1.0
GLOBAL,PWRWAVSLVXX,WAVSLVXX,1,2025,1.0
GLOBAL,PWRWAVSLVXX,WAVSLVXX,1,2026,1.0
GLOBAL,PWRWAVSLVXX,WAVSLVXX,1,2027,1.0
GLOBAL,PWRWAVSLVXX,WAVSLVXX,1,2028,1.0
GLOBAL,PWRWAVSLVXX,WAVSLVXX,1,2029,1.0
GLOBAL,PWRWAVSLVXX,WAVSLVXX,1,2030,1.0
GLOBAL,PWRWAVSLVXX,WAVSLVXX,1,2031,1.0
GLOBAL,PWRWAVSLVXX,WAVSLVXX,1,2032,1.0
GLOBAL,PWRWAVSLVXX,WAVSLVXX,1,2033,1.0
GLOBAL,PWRWAVSLVXX,WAVSLVXX,1,2034,1.0
GLOBAL,PWRWAVSLVXX,WAVSLVXX,1,2035,1.0
GLOBAL,PWRWAVSLVXX,WAVSLVXX,1,2036,1.0
GLOBAL,PWRWAVSLVXX,WAVSLVXX,1,2037,1.0
GLOBAL,PWRWAVSLVXX,WAVSLVXX,1,2038,1.0
GLOBAL,PWRWAVSLVXX,WAVSLVXX,1,2039,1.0
GLOBAL,PWRWAVSLVXX,WAVSLVXX,1,2040,1.0
GLOBAL,PWRWAVSLVXX,WAVSLVXX,1,2041,1.0
GLOBAL,PWRWAVSLVXX,WAVSLVXX,1,2042,1.0
GLOBAL,PWRWAVSLVXX,WAVSLVXX,1,2043,1.0
GLOBAL,PWRWAVSLVXX,WAVSLVXX,1,2044,1.0
GLOBAL,PWRWAVSLVXX,WAVSLVXX,1,2045,1.0
GLOBAL,PWRWAVSLVXX,WAVSLVXX,1,2046,1.0
GLOBAL,PWRWAVSLVXX,WAVSLVXX,1,2047,1.0
GLOBAL,PWRWAVSLVXX,WAVSLVXX,1,2048,1.0
GLOBAL,PWRWAVSLVXX,WAVSLVXX,1,2049,1.0
GLOBAL,PWRWAVSLVXX,WAVSLVXX,1,2050,1.0
GLOBAL,PWRWAVURYXX,WAVURYXX,1,2023,1.0
GLOBAL,PWRWAVURYXX,WAVURYXX,1,2024,1.0
GLOBAL,PWRWAVURYXX,WAVURYXX,1,2025,1.0
GLOBAL,PWRWAVURYXX,WAVURYXX,1,2026,1.0
GLOBAL,PWRWAVURYXX,WAVURYXX,1,2027,1.0
GLOBAL,PWRWAVURYXX,WAVURYXX,1,2028,1.0
GLOBAL,PWRWAVURYXX,WAVURYXX,1,2029,1.0
GLOBAL,PWRWAVURYXX,WAVURYXX,1,2030,1.0
GLOBAL,PWRWAVURYXX,WAVURYXX,1,2031,1.0
GLOBAL,PWRWAVURYXX,WAVURYXX,1,2032,1.0
GLOBAL,PWRWAVURYXX,WAVURYXX,1,2033,1.0
GLOBAL,PWRWAVURYXX,WAVURYXX,1,2034,1.0
GLOBAL,PWRWAVURYXX,WAVURYXX,1,2035,1.0
GLOBAL,PWRWAVURYXX,WAVURYXX,1,2036,1.0
GLOBAL,PWRWAVURYXX,WAVURYXX,1,2037,1.0
GLOBAL,PWRWAVURYXX,WAVURYXX,1,2038,1.0
GLOBAL,PWRWAVURYXX,WAVURYXX,1,2039,1.0
GLOBAL,PWRWAVURYXX,WAVURYXX,1,2040,1.0
GLOBAL,PWRWAVURYXX,WAVURYXX,1,2041,1.0
GLOBAL,PWRWAVURYXX,WAVURYXX,1,2042,1.0
GLOBAL,PWRWAVURYXX,WAVURYXX,1,2043,1.0
GLOBAL,PWRWAVURYXX,WAVURYXX,1,2044,1.0
GLOBAL,PWRWAVURYXX,WAVURYXX,1,2045,1.0
GLOBAL,PWRWAVURYXX,WAVURYXX,1,2046,1.0
GLOBAL,PWRWAVURYXX,WAVURYXX,1,2047,1.0
GLOBAL,PWRWAVURYXX,WAVURYXX,1,2048,1.0
GLOBAL,PWRWAVURYXX,WAVURYXX,1,2049,1.0
GLOBAL,PWRWAVURYXX,WAVURYXX,1,2050,1.0
GLOBAL,PWRWOFARGXX,WOFARGXX,1,2023,1.0
GLOBAL,PWRWOFARGXX,WOFARGXX,1,2024,1.0
GLOBAL,PWRWOFARGXX,WOFARGXX,1,2025,1.0
GLOBAL,PWRWOFARGXX,WOFARGXX,1,2026,1.0
GLOBAL,PWRWOFARGXX,WOFARGXX,1,2027,1.0
GLOBAL,PWRWOFARGXX,WOFARGXX,1,2028,1.0
GLOBAL,PWRWOFARGXX,WOFARGXX,1,2029,1.0
GLOBAL,PWRWOFARGXX,WOFARGXX,1,2030,1.0
GLOBAL,PWRWOFARGXX,WOFARGXX,1,2031,1.0
GLOBAL,PWRWOFARGXX,WOFARGXX,1,2032,1.0
GLOBAL,PWRWOFARGXX,WOFARGXX,1,2033,1.0
GLOBAL,PWRWOFARGXX,WOFARGXX,1,2034,1.0
GLOBAL,PWRWOFARGXX,WOFARGXX,1,2035,1.0
GLOBAL,PWRWOFARGXX,WOFARGXX,1,2036,1.0
GLOBAL,PWRWOFARGXX,WOFARGXX,1,2037,1.0
GLOBAL,PWRWOFARGXX,WOFARGXX,1,2038,1.0
GLOBAL,PWRWOFARGXX,WOFARGXX,1,2039,1.0
GLOBAL,PWRWOFARGXX,WOFARGXX,1,2040,1.0
GLOBAL,PWRWOFARGXX,WOFARGXX,1,2041,1.0
GLOBAL,PWRWOFARGXX,WOFARGXX,1,2042,1.0
GLOBAL,PWRWOFARGXX,WOFARGXX,1,2043,1.0
GLOBAL,PWRWOFARGXX,WOFARGXX,1,2044,1.0
GLOBAL,PWRWOFARGXX,WOFARGXX,1,2045,1.0
GLOBAL,PWRWOFARGXX,WOFARGXX,1,2046,1.0
GLOBAL,PWRWOFARGXX,WOFARGXX,1,2047,1.0
GLOBAL,PWRWOFARGXX,WOFARGXX,1,2048,1.0
GLOBAL,PWRWOFARGXX,WOFARGXX,1,2049,1.0
GLOBAL,PWRWOFARGXX,WOFARGXX,1,2050,1.0
GLOBAL,PWRWOFBOLXX,WOFBOLXX,1,2023,1.0
GLOBAL,PWRWOFBOLXX,WOFBOLXX,1,2024,1.0
GLOBAL,PWRWOFBOLXX,WOFBOLXX,1,2025,1.0
GLOBAL,PWRWOFBOLXX,WOFBOLXX,1,2026,1.0
GLOBAL,PWRWOFBOLXX,WOFBOLXX,1,2027,1.0
GLOBAL,PWRWOFBOLXX,WOFBOLXX,1,2028,1.0
GLOBAL,PWRWOFBOLXX,WOFBOLXX,1,2029,1.0
GLOBAL,PWRWOFBOLXX,WOFBOLXX,1,2030,1.0
GLOBAL,PWRWOFBOLXX,WOFBOLXX,1,2031,1.0
GLOBAL,PWRWOFBOLXX,WOFBOLXX,1,2032,1.0
GLOBAL,PWRWOFBOLXX,WOFBOLXX,1,2033,1.0
GLOBAL,PWRWOFBOLXX,WOFBOLXX,1,2034,1.0
GLOBAL,PWRWOFBOLXX,WOFBOLXX,1,2035,1.0
GLOBAL,PWRWOFBOLXX,WOFBOLXX,1,2036,1.0
GLOBAL,PWRWOFBOLXX,WOFBOLXX,1,2037,1.0
GLOBAL,PWRWOFBOLXX,WOFBOLXX,1,2038,1.0
GLOBAL,PWRWOFBOLXX,WOFBOLXX,1,2039,1.0
GLOBAL,PWRWOFBOLXX,WOFBOLXX,1,2040,1.0
GLOBAL,PWRWOFBOLXX,WOFBOLXX,1,2041,1.0
GLOBAL,PWRWOFBOLXX,WOFBOLXX,1,2042,1.0
GLOBAL,PWRWOFBOLXX,WOFBOLXX,1,2043,1.0
GLOBAL,PWRWOFBOLXX,WOFBOLXX,1,2044,1.0
GLOBAL,PWRWOFBOLXX,WOFBOLXX,1,2045,1.0
GLOBAL,PWRWOFBOLXX,WOFBOLXX,1,2046,1.0
GLOBAL,PWRWOFBOLXX,WOFBOLXX,1,2047,1.0
GLOBAL,PWRWOFBOLXX,WOFBOLXX,1,2048,1.0
GLOBAL,PWRWOFBOLXX,WOFBOLXX,1,2049,1.0
GLOBAL,PWRWOFBOLXX,WOFBOLXX,1,2050,1.0
GLOBAL,PWRWOFBRAXX,WOFBRAXX,1,2023,1.0
GLOBAL,PWRWOFBRAXX,WOFBRAXX,1,2024,1.0
GLOBAL,PWRWOFBRAXX,WOFBRAXX,1,2025,1.0
GLOBAL,PWRWOFBRAXX,WOFBRAXX,1,2026,1.0
GLOBAL,PWRWOFBRAXX,WOFBRAXX,1,2027,1.0
GLOBAL,PWRWOFBRAXX,WOFBRAXX,1,2028,1.0
GLOBAL,PWRWOFBRAXX,WOFBRAXX,1,2029,1.0
GLOBAL,PWRWOFBRAXX,WOFBRAXX,1,2030,1.0
GLOBAL,PWRWOFBRAXX,WOFBRAXX,1,2031,1.0
GLOBAL,PWRWOFBRAXX,WOFBRAXX,1,2032,1.0
GLOBAL,PWRWOFBRAXX,WOFBRAXX,1,2033,1.0
GLOBAL,PWRWOFBRAXX,WOFBRAXX,1,2034,1.0
GLOBAL,PWRWOFBRAXX,WOFBRAXX,1,2035,1.0
GLOBAL,PWRWOFBRAXX,WOFBRAXX,1,2036,1.0
GLOBAL,PWRWOFBRAXX,WOFBRAXX,1,2037,1.0
GLOBAL,PWRWOFBRAXX,WOFBRAXX,1,2038,1.0
GLOBAL,PWRWOFBRAXX,WOFBRAXX,1,2039,1.0
GLOBAL,PWRWOFBRAXX,WOFBRAXX,1,2040,1.0
GLOBAL,PWRWOFBRAXX,WOFBRAXX,1,2041,1.0
GLOBAL,PWRWOFBRAXX,WOFBRAXX,1,2042,1.0
GLOBAL,PWRWOFBRAXX,WOFBRAXX,1,2043,1.0
GLOBAL,PWRWOFBRAXX,WOFBRAXX,1,2044,1.0
GLOBAL,PWRWOFBRAXX,WOFBRAXX,1,2045,1.0
GLOBAL,PWRWOFBRAXX,WOFBRAXX,1,2046,1.0
GLOBAL,PWRWOFBRAXX,WOFBRAXX,1,2047,1.0
GLOBAL,PWRWOFBRAXX,WOFBRAXX,1,2048,1.0
GLOBAL,PWRWOFBRAXX,WOFBRAXX,1,2049,1.0
GLOBAL,PWRWOFBRAXX,WOFBRAXX,1,2050,1.0
GLOBAL,PWRWOFBRBXX,WOFBRBXX,1,2023,1.0
GLOBAL,PWRWOFBRBXX,WOFBRBXX,1,2024,1.0
GLOBAL,PWRWOFBRBXX,WOFBRBXX,1,2025,1.0
GLOBAL,PWRWOFBRBXX,WOFBRBXX,1,2026,1.0
GLOBAL,PWRWOFBRBXX,WOFBRBXX,1,2027,1.0
GLOBAL,PWRWOFBRBXX,WOFBRBXX,1,2028,1.0
GLOBAL,PWRWOFBRBXX,WOFBRBXX,1,2029,1.0
GLOBAL,PWRWOFBRBXX,WOFBRBXX,1,2030,1.0
GLOBAL,PWRWOFBRBXX,WOFBRBXX,1,2031,1.0
GLOBAL,PWRWOFBRBXX,WOFBRBXX,1,2032,1.0
GLOBAL,PWRWOFBRBXX,WOFBRBXX,1,2033,1.0
GLOBAL,PWRWOFBRBXX,WOFBRBXX,1,2034,1.0
GLOBAL,PWRWOFBRBXX,WOFBRBXX,1,2035,1.0
GLOBAL,PWRWOFBRBXX,WOFBRBXX,1,2036,1.0
GLOBAL,PWRWOFBRBXX,WOFBRBXX,1,2037,1.0
GLOBAL,PWRWOFBRBXX,WOFBRBXX,1,2038,1.0
GLOBAL,PWRWOFBRBXX,WOFBRBXX,1,2039,1.0
GLOBAL,PWRWOFBRBXX,WOFBRBXX,1,2040,1.0
GLOBAL,PWRWOFBRBXX,WOFBRBXX,1,2041,1.0
GLOBAL,PWRWOFBRBXX,WOFBRBXX,1,2042,1.0
GLOBAL,PWRWOFBRBXX,WOFBRBXX,1,2043,1.0
GLOBAL,PWRWOFBRBXX,WOFBRBXX,1,2044,1.0
GLOBAL,PWRWOFBRBXX,WOFBRBXX,1,2045,1.0
GLOBAL,PWRWOFBRBXX,WOFBRBXX,1,2046,1.0
GLOBAL,PWRWOFBRBXX,WOFBRBXX,1,2047,1.0
GLOBAL,PWRWOFBRBXX,WOFBRBXX,1,2048,1.0
GLOBAL,PWRWOFBRBXX,WOFBRBXX,1,2049,1.0
GLOBAL,PWRWOFBRBXX,WOFBRBXX,1,2050,1.0
GLOBAL,PWRWOFCHLXX,WOFCHLXX,1,2023,1.0
GLOBAL,PWRWOFCHLXX,WOFCHLXX,1,2024,1.0
GLOBAL,PWRWOFCHLXX,WOFCHLXX,1,2025,1.0
GLOBAL,PWRWOFCHLXX,WOFCHLXX,1,2026,1.0
GLOBAL,PWRWOFCHLXX,WOFCHLXX,1,2027,1.0
GLOBAL,PWRWOFCHLXX,WOFCHLXX,1,2028,1.0
GLOBAL,PWRWOFCHLXX,WOFCHLXX,1,2029,1.0
GLOBAL,PWRWOFCHLXX,WOFCHLXX,1,2030,1.0
GLOBAL,PWRWOFCHLXX,WOFCHLXX,1,2031,1.0
GLOBAL,PWRWOFCHLXX,WOFCHLXX,1,2032,1.0
GLOBAL,PWRWOFCHLXX,WOFCHLXX,1,2033,1.0
GLOBAL,PWRWOFCHLXX,WOFCHLXX,1,2034,1.0
GLOBAL,PWRWOFCHLXX,WOFCHLXX,1,2035,1.0
GLOBAL,PWRWOFCHLXX,WOFCHLXX,1,2036,1.0
GLOBAL,PWRWOFCHLXX,WOFCHLXX,1,2037,1.0
GLOBAL,PWRWOFCHLXX,WOFCHLXX,1,2038,1.0
GLOBAL,PWRWOFCHLXX,WOFCHLXX,1,2039,1.0
GLOBAL,PWRWOFCHLXX,WOFCHLXX,1,2040,1.0
GLOBAL,PWRWOFCHLXX,WOFCHLXX,1,2041,1.0
GLOBAL,PWRWOFCHLXX,WOFCHLXX,1,2042,1.0
GLOBAL,PWRWOFCHLXX,WOFCHLXX,1,2043,1.0
GLOBAL,PWRWOFCHLXX,WOFCHLXX,1,2044,1.0
GLOBAL,PWRWOFCHLXX,WOFCHLXX,1,2045,1.0
GLOBAL,PWRWOFCHLXX,WOFCHLXX,1,2046,1.0
GLOBAL,PWRWOFCHLXX,WOFCHLXX,1,2047,1.0
GLOBAL,PWRWOFCHLXX,WOFCHLXX,1,2048,1.0
GLOBAL,PWRWOFCHLXX,WOFCHLXX,1,2049,1.0
GLOBAL,PWRWOFCHLXX,WOFCHLXX,1,2050,1.0
GLOBAL,PWRWOFCOLXX,WOFCOLXX,1,2023,1.0
GLOBAL,PWRWOFCOLXX,WOFCOLXX,1,2024,1.0
GLOBAL,PWRWOFCOLXX,WOFCOLXX,1,2025,1.0
GLOBAL,PWRWOFCOLXX,WOFCOLXX,1,2026,1.0
GLOBAL,PWRWOFCOLXX,WOFCOLXX,1,2027,1.0
GLOBAL,PWRWOFCOLXX,WOFCOLXX,1,2028,1.0
GLOBAL,PWRWOFCOLXX,WOFCOLXX,1,2029,1.0
GLOBAL,PWRWOFCOLXX,WOFCOLXX,1,2030,1.0
GLOBAL,PWRWOFCOLXX,WOFCOLXX,1,2031,1.0
GLOBAL,PWRWOFCOLXX,WOFCOLXX,1,2032,1.0
GLOBAL,PWRWOFCOLXX,WOFCOLXX,1,2033,1.0
GLOBAL,PWRWOFCOLXX,WOFCOLXX,1,2034,1.0
GLOBAL,PWRWOFCOLXX,WOFCOLXX,1,2035,1.0
GLOBAL,PWRWOFCOLXX,WOFCOLXX,1,2036,1.0
GLOBAL,PWRWOFCOLXX,WOFCOLXX,1,2037,1.0
GLOBAL,PWRWOFCOLXX,WOFCOLXX,1,2038,1.0
GLOBAL,PWRWOFCOLXX,WOFCOLXX,1,2039,1.0
GLOBAL,PWRWOFCOLXX,WOFCOLXX,1,2040,1.0
GLOBAL,PWRWOFCOLXX,WOFCOLXX,1,2041,1.0
GLOBAL,PWRWOFCOLXX,WOFCOLXX,1,2042,1.0
GLOBAL,PWRWOFCOLXX,WOFCOLXX,1,2043,1.0
GLOBAL,PWRWOFCOLXX,WOFCOLXX,1,2044,1.0
GLOBAL,PWRWOFCOLXX,WOFCOLXX,1,2045,1.0
GLOBAL,PWRWOFCOLXX,WOFCOLXX,1,2046,1.0
GLOBAL,PWRWOFCOLXX,WOFCOLXX,1,2047,1.0
GLOBAL,PWRWOFCOLXX,WOFCOLXX,1,2048,1.0
GLOBAL,PWRWOFCOLXX,WOFCOLXX,1,2049,1.0
GLOBAL,PWRWOFCOLXX,WOFCOLXX,1,2050,1.0
GLOBAL,PWRWOFCRIXX,WOFCRIXX,1,2023,1.0
GLOBAL,PWRWOFCRIXX,WOFCRIXX,1,2024,1.0
GLOBAL,PWRWOFCRIXX,WOFCRIXX,1,2025,1.0
GLOBAL,PWRWOFCRIXX,WOFCRIXX,1,2026,1.0
GLOBAL,PWRWOFCRIXX,WOFCRIXX,1,2027,1.0
GLOBAL,PWRWOFCRIXX,WOFCRIXX,1,2028,1.0
GLOBAL,PWRWOFCRIXX,WOFCRIXX,1,2029,1.0
GLOBAL,PWRWOFCRIXX,WOFCRIXX,1,2030,1.0
GLOBAL,PWRWOFCRIXX,WOFCRIXX,1,2031,1.0
GLOBAL,PWRWOFCRIXX,WOFCRIXX,1,2032,1.0
GLOBAL,PWRWOFCRIXX,WOFCRIXX,1,2033,1.0
GLOBAL,PWRWOFCRIXX,WOFCRIXX,1,2034,1.0
GLOBAL,PWRWOFCRIXX,WOFCRIXX,1,2035,1.0
GLOBAL,PWRWOFCRIXX,WOFCRIXX,1,2036,1.0
GLOBAL,PWRWOFCRIXX,WOFCRIXX,1,2037,1.0
GLOBAL,PWRWOFCRIXX,WOFCRIXX,1,2038,1.0
GLOBAL,PWRWOFCRIXX,WOFCRIXX,1,2039,1.0
GLOBAL,PWRWOFCRIXX,WOFCRIXX,1,2040,1.0
GLOBAL,PWRWOFCRIXX,WOFCRIXX,1,2041,1.0
GLOBAL,PWRWOFCRIXX,WOFCRIXX,1,2042,1.0
GLOBAL,PWRWOFCRIXX,WOFCRIXX,1,2043,1.0
GLOBAL,PWRWOFCRIXX,WOFCRIXX,1,2044,1.0
GLOBAL,PWRWOFCRIXX,WOFCRIXX,1,2045,1.0
GLOBAL,PWRWOFCRIXX,WOFCRIXX,1,2046,1.0
GLOBAL,PWRWOFCRIXX,WOFCRIXX,1,2047,1.0
GLOBAL,PWRWOFCRIXX,WOFCRIXX,1,2048,1.0
GLOBAL,PWRWOFCRIXX,WOFCRIXX,1,2049,1.0
GLOBAL,PWRWOFCRIXX,WOFCRIXX,1,2050,1.0
GLOBAL,PWRWOFDOMXX,WOFDOMXX,1,2023,1.0
GLOBAL,PWRWOFDOMXX,WOFDOMXX,1,2024,1.0
GLOBAL,PWRWOFDOMXX,WOFDOMXX,1,2025,1.0
GLOBAL,PWRWOFDOMXX,WOFDOMXX,1,2026,1.0
GLOBAL,PWRWOFDOMXX,WOFDOMXX,1,2027,1.0
GLOBAL,PWRWOFDOMXX,WOFDOMXX,1,2028,1.0
GLOBAL,PWRWOFDOMXX,WOFDOMXX,1,2029,1.0
GLOBAL,PWRWOFDOMXX,WOFDOMXX,1,2030,1.0
GLOBAL,PWRWOFDOMXX,WOFDOMXX,1,2031,1.0
GLOBAL,PWRWOFDOMXX,WOFDOMXX,1,2032,1.0
GLOBAL,PWRWOFDOMXX,WOFDOMXX,1,2033,1.0
GLOBAL,PWRWOFDOMXX,WOFDOMXX,1,2034,1.0
GLOBAL,PWRWOFDOMXX,WOFDOMXX,1,2035,1.0
GLOBAL,PWRWOFDOMXX,WOFDOMXX,1,2036,1.0
GLOBAL,PWRWOFDOMXX,WOFDOMXX,1,2037,1.0
GLOBAL,PWRWOFDOMXX,WOFDOMXX,1,2038,1.0
GLOBAL,PWRWOFDOMXX,WOFDOMXX,1,2039,1.0
GLOBAL,PWRWOFDOMXX,WOFDOMXX,1,2040,1.0
GLOBAL,PWRWOFDOMXX,WOFDOMXX,1,2041,1.0
GLOBAL,PWRWOFDOMXX,WOFDOMXX,1,2042,1.0
GLOBAL,PWRWOFDOMXX,WOFDOMXX,1,2043,1.0
GLOBAL,PWRWOFDOMXX,WOFDOMXX,1,2044,1.0
GLOBAL,PWRWOFDOMXX,WOFDOMXX,1,2045,1.0
GLOBAL,PWRWOFDOMXX,WOFDOMXX,1,2046,1.0
GLOBAL,PWRWOFDOMXX,WOFDOMXX,1,2047,1.0
GLOBAL,PWRWOFDOMXX,WOFDOMXX,1,2048,1.0
GLOBAL,PWRWOFDOMXX,WOFDOMXX,1,2049,1.0
GLOBAL,PWRWOFDOMXX,WOFDOMXX,1,2050,1.0
GLOBAL,PWRWOFECUXX,WOFECUXX,1,2023,1.0
GLOBAL,PWRWOFECUXX,WOFECUXX,1,2024,1.0
GLOBAL,PWRWOFECUXX,WOFECUXX,1,2025,1.0
GLOBAL,PWRWOFECUXX,WOFECUXX,1,2026,1.0
GLOBAL,PWRWOFECUXX,WOFECUXX,1,2027,1.0
GLOBAL,PWRWOFECUXX,WOFECUXX,1,2028,1.0
GLOBAL,PWRWOFECUXX,WOFECUXX,1,2029,1.0
GLOBAL,PWRWOFECUXX,WOFECUXX,1,2030,1.0
GLOBAL,PWRWOFECUXX,WOFECUXX,1,2031,1.0
GLOBAL,PWRWOFECUXX,WOFECUXX,1,2032,1.0
GLOBAL,PWRWOFECUXX,WOFECUXX,1,2033,1.0
GLOBAL,PWRWOFECUXX,WOFECUXX,1,2034,1.0
GLOBAL,PWRWOFECUXX,WOFECUXX,1,2035,1.0
GLOBAL,PWRWOFECUXX,WOFECUXX,1,2036,1.0
GLOBAL,PWRWOFECUXX,WOFECUXX,1,2037,1.0
GLOBAL,PWRWOFECUXX,WOFECUXX,1,2038,1.0
GLOBAL,PWRWOFECUXX,WOFECUXX,1,2039,1.0
GLOBAL,PWRWOFECUXX,WOFECUXX,1,2040,1.0
GLOBAL,PWRWOFECUXX,WOFECUXX,1,2041,1.0
GLOBAL,PWRWOFECUXX,WOFECUXX,1,2042,1.0
GLOBAL,PWRWOFECUXX,WOFECUXX,1,2043,1.0
GLOBAL,PWRWOFECUXX,WOFECUXX,1,2044,1.0
GLOBAL,PWRWOFECUXX,WOFECUXX,1,2045,1.0
GLOBAL,PWRWOFECUXX,WOFECUXX,1,2046,1.0
GLOBAL,PWRWOFECUXX,WOFECUXX,1,2047,1.0
GLOBAL,PWRWOFECUXX,WOFECUXX,1,2048,1.0
GLOBAL,PWRWOFECUXX,WOFECUXX,1,2049,1.0
GLOBAL,PWRWOFECUXX,WOFECUXX,1,2050,1.0
GLOBAL,PWRWOFGTMXX,WOFGTMXX,1,2023,1.0
GLOBAL,PWRWOFGTMXX,WOFGTMXX,1,2024,1.0
GLOBAL,PWRWOFGTMXX,WOFGTMXX,1,2025,1.0
GLOBAL,PWRWOFGTMXX,WOFGTMXX,1,2026,1.0
GLOBAL,PWRWOFGTMXX,WOFGTMXX,1,2027,1.0
GLOBAL,PWRWOFGTMXX,WOFGTMXX,1,2028,1.0
GLOBAL,PWRWOFGTMXX,WOFGTMXX,1,2029,1.0
GLOBAL,PWRWOFGTMXX,WOFGTMXX,1,2030,1.0
GLOBAL,PWRWOFGTMXX,WOFGTMXX,1,2031,1.0
GLOBAL,PWRWOFGTMXX,WOFGTMXX,1,2032,1.0
GLOBAL,PWRWOFGTMXX,WOFGTMXX,1,2033,1.0
GLOBAL,PWRWOFGTMXX,WOFGTMXX,1,2034,1.0
GLOBAL,PWRWOFGTMXX,WOFGTMXX,1,2035,1.0
GLOBAL,PWRWOFGTMXX,WOFGTMXX,1,2036,1.0
GLOBAL,PWRWOFGTMXX,WOFGTMXX,1,2037,1.0
GLOBAL,PWRWOFGTMXX,WOFGTMXX,1,2038,1.0
GLOBAL,PWRWOFGTMXX,WOFGTMXX,1,2039,1.0
GLOBAL,PWRWOFGTMXX,WOFGTMXX,1,2040,1.0
GLOBAL,PWRWOFGTMXX,WOFGTMXX,1,2041,1.0
GLOBAL,PWRWOFGTMXX,WOFGTMXX,1,2042,1.0
GLOBAL,PWRWOFGTMXX,WOFGTMXX,1,2043,1.0
GLOBAL,PWRWOFGTMXX,WOFGTMXX,1,2044,1.0
GLOBAL,PWRWOFGTMXX,WOFGTMXX,1,2045,1.0
GLOBAL,PWRWOFGTMXX,WOFGTMXX,1,2046,1.0
GLOBAL,PWRWOFGTMXX,WOFGTMXX,1,2047,1.0
GLOBAL,PWRWOFGTMXX,WOFGTMXX,1,2048,1.0
GLOBAL,PWRWOFGTMXX,WOFGTMXX,1,2049,1.0
GLOBAL,PWRWOFGTMXX,WOFGTMXX,1,2050,1.0
GLOBAL,PWRWOFHNDXX,WOFHNDXX,1,2023,1.0
GLOBAL,PWRWOFHNDXX,WOFHNDXX,1,2024,1.0
GLOBAL,PWRWOFHNDXX,WOFHNDXX,1,2025,1.0
GLOBAL,PWRWOFHNDXX,WOFHNDXX,1,2026,1.0
GLOBAL,PWRWOFHNDXX,WOFHNDXX,1,2027,1.0
GLOBAL,PWRWOFHNDXX,WOFHNDXX,1,2028,1.0
GLOBAL,PWRWOFHNDXX,WOFHNDXX,1,2029,1.0
GLOBAL,PWRWOFHNDXX,WOFHNDXX,1,2030,1.0
GLOBAL,PWRWOFHNDXX,WOFHNDXX,1,2031,1.0
GLOBAL,PWRWOFHNDXX,WOFHNDXX,1,2032,1.0
GLOBAL,PWRWOFHNDXX,WOFHNDXX,1,2033,1.0
GLOBAL,PWRWOFHNDXX,WOFHNDXX,1,2034,1.0
GLOBAL,PWRWOFHNDXX,WOFHNDXX,1,2035,1.0
GLOBAL,PWRWOFHNDXX,WOFHNDXX,1,2036,1.0
GLOBAL,PWRWOFHNDXX,WOFHNDXX,1,2037,1.0
GLOBAL,PWRWOFHNDXX,WOFHNDXX,1,2038,1.0
GLOBAL,PWRWOFHNDXX,WOFHNDXX,1,2039,1.0
GLOBAL,PWRWOFHNDXX,WOFHNDXX,1,2040,1.0
GLOBAL,PWRWOFHNDXX,WOFHNDXX,1,2041,1.0
GLOBAL,PWRWOFHNDXX,WOFHNDXX,1,2042,1.0
GLOBAL,PWRWOFHNDXX,WOFHNDXX,1,2043,1.0
GLOBAL,PWRWOFHNDXX,WOFHNDXX,1,2044,1.0
GLOBAL,PWRWOFHNDXX,WOFHNDXX,1,2045,1.0
GLOBAL,PWRWOFHNDXX,WOFHNDXX,1,2046,1.0
GLOBAL,PWRWOFHNDXX,WOFHNDXX,1,2047,1.0
GLOBAL,PWRWOFHNDXX,WOFHNDXX,1,2048,1.0
GLOBAL,PWRWOFHNDXX,WOFHNDXX,1,2049,1.0
GLOBAL,PWRWOFHNDXX,WOFHNDXX,1,2050,1.0
GLOBAL,PWRWOFHTIXX,WOFHTIXX,1,2023,1.0
GLOBAL,PWRWOFHTIXX,WOFHTIXX,1,2024,1.0
GLOBAL,PWRWOFHTIXX,WOFHTIXX,1,2025,1.0
GLOBAL,PWRWOFHTIXX,WOFHTIXX,1,2026,1.0
GLOBAL,PWRWOFHTIXX,WOFHTIXX,1,2027,1.0
GLOBAL,PWRWOFHTIXX,WOFHTIXX,1,2028,1.0
GLOBAL,PWRWOFHTIXX,WOFHTIXX,1,2029,1.0
GLOBAL,PWRWOFHTIXX,WOFHTIXX,1,2030,1.0
GLOBAL,PWRWOFHTIXX,WOFHTIXX,1,2031,1.0
GLOBAL,PWRWOFHTIXX,WOFHTIXX,1,2032,1.0
GLOBAL,PWRWOFHTIXX,WOFHTIXX,1,2033,1.0
GLOBAL,PWRWOFHTIXX,WOFHTIXX,1,2034,1.0
GLOBAL,PWRWOFHTIXX,WOFHTIXX,1,2035,1.0
GLOBAL,PWRWOFHTIXX,WOFHTIXX,1,2036,1.0
GLOBAL,PWRWOFHTIXX,WOFHTIXX,1,2037,1.0
GLOBAL,PWRWOFHTIXX,WOFHTIXX,1,2038,1.0
GLOBAL,PWRWOFHTIXX,WOFHTIXX,1,2039,1.0
GLOBAL,PWRWOFHTIXX,WOFHTIXX,1,2040,1.0
GLOBAL,PWRWOFHTIXX,WOFHTIXX,1,2041,1.0
GLOBAL,PWRWOFHTIXX,WOFHTIXX,1,2042,1.0
GLOBAL,PWRWOFHTIXX,WOFHTIXX,1,2043,1.0
GLOBAL,PWRWOFHTIXX,WOFHTIXX,1,2044,1.0
GLOBAL,PWRWOFHTIXX,WOFHTIXX,1,2045,1.0
GLOBAL,PWRWOFHTIXX,WOFHTIXX,1,2046,1.0
GLOBAL,PWRWOFHTIXX,WOFHTIXX,1,2047,1.0
GLOBAL,PWRWOFHTIXX,WOFHTIXX,1,2048,1.0
GLOBAL,PWRWOFHTIXX,WOFHTIXX,1,2049,1.0
GLOBAL,PWRWOFHTIXX,WOFHTIXX,1,2050,1.0
GLOBAL,PWRWOFMEXXX,WOFMEXXX,1,2023,1.0
GLOBAL,PWRWOFMEXXX,WOFMEXXX,1,2024,1.0
GLOBAL,PWRWOFMEXXX,WOFMEXXX,1,2025,1.0
GLOBAL,PWRWOFMEXXX,WOFMEXXX,1,2026,1.0
GLOBAL,PWRWOFMEXXX,WOFMEXXX,1,2027,1.0
GLOBAL,PWRWOFMEXXX,WOFMEXXX,1,2028,1.0
GLOBAL,PWRWOFMEXXX,WOFMEXXX,1,2029,1.0
GLOBAL,PWRWOFMEXXX,WOFMEXXX,1,2030,1.0
GLOBAL,PWRWOFMEXXX,WOFMEXXX,1,2031,1.0
GLOBAL,PWRWOFMEXXX,WOFMEXXX,1,2032,1.0
GLOBAL,PWRWOFMEXXX,WOFMEXXX,1,2033,1.0
GLOBAL,PWRWOFMEXXX,WOFMEXXX,1,2034,1.0
GLOBAL,PWRWOFMEXXX,WOFMEXXX,1,2035,1.0
GLOBAL,PWRWOFMEXXX,WOFMEXXX,1,2036,1.0
GLOBAL,PWRWOFMEXXX,WOFMEXXX,1,2037,1.0
GLOBAL,PWRWOFMEXXX,WOFMEXXX,1,2038,1.0
GLOBAL,PWRWOFMEXXX,WOFMEXXX,1,2039,1.0
GLOBAL,PWRWOFMEXXX,WOFMEXXX,1,2040,1.0
GLOBAL,PWRWOFMEXXX,WOFMEXXX,1,2041,1.0
GLOBAL,PWRWOFMEXXX,WOFMEXXX,1,2042,1.0
GLOBAL,PWRWOFMEXXX,WOFMEXXX,1,2043,1.0
GLOBAL,PWRWOFMEXXX,WOFMEXXX,1,2044,1.0
GLOBAL,PWRWOFMEXXX,WOFMEXXX,1,2045,1.0
GLOBAL,PWRWOFMEXXX,WOFMEXXX,1,2046,1.0
GLOBAL,PWRWOFMEXXX,WOFMEXXX,1,2047,1.0
GLOBAL,PWRWOFMEXXX,WOFMEXXX,1,2048,1.0
GLOBAL,PWRWOFMEXXX,WOFMEXXX,1,2049,1.0
GLOBAL,PWRWOFMEXXX,WOFMEXXX,1,2050,1.0
GLOBAL,PWRWOFNICXX,WOFNICXX,1,2023,1.0
GLOBAL,PWRWOFNICXX,WOFNICXX,1,2024,1.0
GLOBAL,PWRWOFNICXX,WOFNICXX,1,2025,1.0
GLOBAL,PWRWOFNICXX,WOFNICXX,1,2026,1.0
GLOBAL,PWRWOFNICXX,WOFNICXX,1,2027,1.0
GLOBAL,PWRWOFNICXX,WOFNICXX,1,2028,1.0
GLOBAL,PWRWOFNICXX,WOFNICXX,1,2029,1.0
GLOBAL,PWRWOFNICXX,WOFNICXX,1,2030,1.0
GLOBAL,PWRWOFNICXX,WOFNICXX,1,2031,1.0
GLOBAL,PWRWOFNICXX,WOFNICXX,1,2032,1.0
GLOBAL,PWRWOFNICXX,WOFNICXX,1,2033,1.0
GLOBAL,PWRWOFNICXX,WOFNICXX,1,2034,1.0
GLOBAL,PWRWOFNICXX,WOFNICXX,1,2035,1.0
GLOBAL,PWRWOFNICXX,WOFNICXX,1,2036,1.0
GLOBAL,PWRWOFNICXX,WOFNICXX,1,2037,1.0
GLOBAL,PWRWOFNICXX,WOFNICXX,1,2038,1.0
GLOBAL,PWRWOFNICXX,WOFNICXX,1,2039,1.0
GLOBAL,PWRWOFNICXX,WOFNICXX,1,2040,1.0
GLOBAL,PWRWOFNICXX,WOFNICXX,1,2041,1.0
GLOBAL,PWRWOFNICXX,WOFNICXX,1,2042,1.0
GLOBAL,PWRWOFNICXX,WOFNICXX,1,2043,1.0
GLOBAL,PWRWOFNICXX,WOFNICXX,1,2044,1.0
GLOBAL,PWRWOFNICXX,WOFNICXX,1,2045,1.0
GLOBAL,PWRWOFNICXX,WOFNICXX,1,2046,1.0
GLOBAL,PWRWOFNICXX,WOFNICXX,1,2047,1.0
GLOBAL,PWRWOFNICXX,WOFNICXX,1,2048,1.0
GLOBAL,PWRWOFNICXX,WOFNICXX,1,2049,1.0
GLOBAL,PWRWOFNICXX,WOFNICXX,1,2050,1.0
GLOBAL,PWRWOFPANXX,WOFPANXX,1,2023,1.0
GLOBAL,PWRWOFPANXX,WOFPANXX,1,2024,1.0
GLOBAL,PWRWOFPANXX,WOFPANXX,1,2025,1.0
GLOBAL,PWRWOFPANXX,WOFPANXX,1,2026,1.0
GLOBAL,PWRWOFPANXX,WOFPANXX,1,2027,1.0
GLOBAL,PWRWOFPANXX,WOFPANXX,1,2028,1.0
GLOBAL,PWRWOFPANXX,WOFPANXX,1,2029,1.0
GLOBAL,PWRWOFPANXX,WOFPANXX,1,2030,1.0
GLOBAL,PWRWOFPANXX,WOFPANXX,1,2031,1.0
GLOBAL,PWRWOFPANXX,WOFPANXX,1,2032,1.0
GLOBAL,PWRWOFPANXX,WOFPANXX,1,2033,1.0
GLOBAL,PWRWOFPANXX,WOFPANXX,1,2034,1.0
GLOBAL,PWRWOFPANXX,WOFPANXX,1,2035,1.0
GLOBAL,PWRWOFPANXX,WOFPANXX,1,2036,1.0
GLOBAL,PWRWOFPANXX,WOFPANXX,1,2037,1.0
GLOBAL,PWRWOFPANXX,WOFPANXX,1,2038,1.0
GLOBAL,PWRWOFPANXX,WOFPANXX,1,2039,1.0
GLOBAL,PWRWOFPANXX,WOFPANXX,1,2040,1.0
GLOBAL,PWRWOFPANXX,WOFPANXX,1,2041,1.0
GLOBAL,PWRWOFPANXX,WOFPANXX,1,2042,1.0
GLOBAL,PWRWOFPANXX,WOFPANXX,1,2043,1.0
GLOBAL,PWRWOFPANXX,WOFPANXX,1,2044,1.0
GLOBAL,PWRWOFPANXX,WOFPANXX,1,2045,1.0
GLOBAL,PWRWOFPANXX,WOFPANXX,1,2046,1.0
GLOBAL,PWRWOFPANXX,WOFPANXX,1,2047,1.0
GLOBAL,PWRWOFPANXX,WOFPANXX,1,2048,1.0
GLOBAL,PWRWOFPANXX,WOFPANXX,1,2049,1.0
GLOBAL,PWRWOFPANXX,WOFPANXX,1,2050,1.0
GLOBAL,PWRWOFPERXX,WOFPERXX,1,2023,1.0
GLOBAL,PWRWOFPERXX,WOFPERXX,1,2024,1.0
GLOBAL,PWRWOFPERXX,WOFPERXX,1,2025,1.0
GLOBAL,PWRWOFPERXX,WOFPERXX,1,2026,1.0
GLOBAL,PWRWOFPERXX,WOFPERXX,1,2027,1.0
GLOBAL,PWRWOFPERXX,WOFPERXX,1,2028,1.0
GLOBAL,PWRWOFPERXX,WOFPERXX,1,2029,1.0
GLOBAL,PWRWOFPERXX,WOFPERXX,1,2030,1.0
GLOBAL,PWRWOFPERXX,WOFPERXX,1,2031,1.0
GLOBAL,PWRWOFPERXX,WOFPERXX,1,2032,1.0
GLOBAL,PWRWOFPERXX,WOFPERXX,1,2033,1.0
GLOBAL,PWRWOFPERXX,WOFPERXX,1,2034,1.0
GLOBAL,PWRWOFPERXX,WOFPERXX,1,2035,1.0
GLOBAL,PWRWOFPERXX,WOFPERXX,1,2036,1.0
GLOBAL,PWRWOFPERXX,WOFPERXX,1,2037,1.0
GLOBAL,PWRWOFPERXX,WOFPERXX,1,2038,1.0
GLOBAL,PWRWOFPERXX,WOFPERXX,1,2039,1.0
GLOBAL,PWRWOFPERXX,WOFPERXX,1,2040,1.0
GLOBAL,PWRWOFPERXX,WOFPERXX,1,2041,1.0
GLOBAL,PWRWOFPERXX,WOFPERXX,1,2042,1.0
GLOBAL,PWRWOFPERXX,WOFPERXX,1,2043,1.0
GLOBAL,PWRWOFPERXX,WOFPERXX,1,2044,1.0
GLOBAL,PWRWOFPERXX,WOFPERXX,1,2045,1.0
GLOBAL,PWRWOFPERXX,WOFPERXX,1,2046,1.0
GLOBAL,PWRWOFPERXX,WOFPERXX,1,2047,1.0
GLOBAL,PWRWOFPERXX,WOFPERXX,1,2048,1.0
GLOBAL,PWRWOFPERXX,WOFPERXX,1,2049,1.0
GLOBAL,PWRWOFPERXX,WOFPERXX,1,2050,1.0
GLOBAL,PWRWOFPRYXX,WOFPRYXX,1,2023,1.0
GLOBAL,PWRWOFPRYXX,WOFPRYXX,1,2024,1.0
GLOBAL,PWRWOFPRYXX,WOFPRYXX,1,2025,1.0
GLOBAL,PWRWOFPRYXX,WOFPRYXX,1,2026,1.0
GLOBAL,PWRWOFPRYXX,WOFPRYXX,1,2027,1.0
GLOBAL,PWRWOFPRYXX,WOFPRYXX,1,2028,1.0
GLOBAL,PWRWOFPRYXX,WOFPRYXX,1,2029,1.0
GLOBAL,PWRWOFPRYXX,WOFPRYXX,1,2030,1.0
GLOBAL,PWRWOFPRYXX,WOFPRYXX,1,2031,1.0
GLOBAL,PWRWOFPRYXX,WOFPRYXX,1,2032,1.0
GLOBAL,PWRWOFPRYXX,WOFPRYXX,1,2033,1.0
GLOBAL,PWRWOFPRYXX,WOFPRYXX,1,2034,1.0
GLOBAL,PWRWOFPRYXX,WOFPRYXX,1,2035,1.0
GLOBAL,PWRWOFPRYXX,WOFPRYXX,1,2036,1.0
GLOBAL,PWRWOFPRYXX,WOFPRYXX,1,2037,1.0
GLOBAL,PWRWOFPRYXX,WOFPRYXX,1,2038,1.0
GLOBAL,PWRWOFPRYXX,WOFPRYXX,1,2039,1.0
GLOBAL,PWRWOFPRYXX,WOFPRYXX,1,2040,1.0
GLOBAL,PWRWOFPRYXX,WOFPRYXX,1,2041,1.0
GLOBAL,PWRWOFPRYXX,WOFPRYXX,1,2042,1.0
GLOBAL,PWRWOFPRYXX,WOFPRYXX,1,2043,1.0
GLOBAL,PWRWOFPRYXX,WOFPRYXX,1,2044,1.0
GLOBAL,PWRWOFPRYXX,WOFPRYXX,1,2045,1.0
GLOBAL,PWRWOFPRYXX,WOFPRYXX,1,2046,1.0
GLOBAL,PWRWOFPRYXX,WOFPRYXX,1,2047,1.0
GLOBAL,PWRWOFPRYXX,WOFPRYXX,1,2048,1.0
GLOBAL,PWRWOFPRYXX,WOFPRYXX,1,2049,1.0
GLOBAL,PWRWOFPRYXX,WOFPRYXX,1,2050,1.0
GLOBAL,PWRWOFSLVXX,WOFSLVXX,1,2023,1.0
GLOBAL,PWRWOFSLVXX,WOFSLVXX,1,2024,1.0
GLOBAL,PWRWOFSLVXX,WOFSLVXX,1,2025,1.0
GLOBAL,PWRWOFSLVXX,WOFSLVXX,1,2026,1.0
GLOBAL,PWRWOFSLVXX,WOFSLVXX,1,2027,1.0
GLOBAL,PWRWOFSLVXX,WOFSLVXX,1,2028,1.0
GLOBAL,PWRWOFSLVXX,WOFSLVXX,1,2029,1.0
GLOBAL,PWRWOFSLVXX,WOFSLVXX,1,2030,1.0
GLOBAL,PWRWOFSLVXX,WOFSLVXX,1,2031,1.0
GLOBAL,PWRWOFSLVXX,WOFSLVXX,1,2032,1.0
GLOBAL,PWRWOFSLVXX,WOFSLVXX,1,2033,1.0
GLOBAL,PWRWOFSLVXX,WOFSLVXX,1,2034,1.0
GLOBAL,PWRWOFSLVXX,WOFSLVXX,1,2035,1.0
GLOBAL,PWRWOFSLVXX,WOFSLVXX,1,2036,1.0
GLOBAL,PWRWOFSLVXX,WOFSLVXX,1,2037,1.0
GLOBAL,PWRWOFSLVXX,WOFSLVXX,1,2038,1.0
GLOBAL,PWRWOFSLVXX,WOFSLVXX,1,2039,1.0
GLOBAL,PWRWOFSLVXX,WOFSLVXX,1,2040,1.0
GLOBAL,PWRWOFSLVXX,WOFSLVXX,1,2041,1.0
GLOBAL,PWRWOFSLVXX,WOFSLVXX,1,2042,1.0
GLOBAL,PWRWOFSLVXX,WOFSLVXX,1,2043,1.0
GLOBAL,PWRWOFSLVXX,WOFSLVXX,1,2044,1.0
GLOBAL,PWRWOFSLVXX,WOFSLVXX,1,2045,1.0
GLOBAL,PWRWOFSLVXX,WOFSLVXX,1,2046,1.0
GLOBAL,PWRWOFSLVXX,WOFSLVXX,1,2047,1.0
GLOBAL,PWRWOFSLVXX,WOFSLVXX,1,2048,1.0
GLOBAL,PWRWOFSLVXX,WOFSLVXX,1,2049,1.0
GLOBAL,PWRWOFSLVXX,WOFSLVXX,1,2050,1.0
GLOBAL,PWRWOFURYXX,WOFURYXX,1,2023,1.0
GLOBAL,PWRWOFURYXX,WOFURYXX,1,2024,1.0
GLOBAL,PWRWOFURYXX,WOFURYXX,1,2025,1.0
GLOBAL,PWRWOFURYXX,WOFURYXX,1,2026,1.0
GLOBAL,PWRWOFURYXX,WOFURYXX,1,2027,1.0
GLOBAL,PWRWOFURYXX,WOFURYXX,1,2028,1.0
GLOBAL,PWRWOFURYXX,WOFURYXX,1,2029,1.0
GLOBAL,PWRWOFURYXX,WOFURYXX,1,2030,1.0
GLOBAL,PWRWOFURYXX,WOFURYXX,1,2031,1.0
GLOBAL,PWRWOFURYXX,WOFURYXX,1,2032,1.0
GLOBAL,PWRWOFURYXX,WOFURYXX,1,2033,1.0
GLOBAL,PWRWOFURYXX,WOFURYXX,1,2034,1.0
GLOBAL,PWRWOFURYXX,WOFURYXX,1,2035,1.0
GLOBAL,PWRWOFURYXX,WOFURYXX,1,2036,1.0
GLOBAL,PWRWOFURYXX,WOFURYXX,1,2037,1.0
GLOBAL,PWRWOFURYXX,WOFURYXX,1,2038,1.0
GLOBAL,PWRWOFURYXX,WOFURYXX,1,2039,1.0
GLOBAL,PWRWOFURYXX,WOFURYXX,1,2040,1.0
GLOBAL,PWRWOFURYXX,WOFURYXX,1,2041,1.0
GLOBAL,PWRWOFURYXX,WOFURYXX,1,2042,1.0
GLOBAL,PWRWOFURYXX,WOFURYXX,1,2043,1.0
GLOBAL,PWRWOFURYXX,WOFURYXX,1,2044,1.0
GLOBAL,PWRWOFURYXX,WOFURYXX,1,2045,1.0
GLOBAL,PWRWOFURYXX,WOFURYXX,1,2046,1.0
GLOBAL,PWRWOFURYXX,WOFURYXX,1,2047,1.0
GLOBAL,PWRWOFURYXX,WOFURYXX,1,2048,1.0
GLOBAL,PWRWOFURYXX,WOFURYXX,1,2049,1.0
GLOBAL,PWRWOFURYXX,WOFURYXX,1,2050,1.0
GLOBAL,PWRWONARGXX,WONARGXX,1,2023,1.0
GLOBAL,PWRWONARGXX,WONARGXX,1,2024,1.0
GLOBAL,PWRWONARGXX,WONARGXX,1,2025,1.0
GLOBAL,PWRWONARGXX,WONARGXX,1,2026,1.0
GLOBAL,PWRWONARGXX,WONARGXX,1,2027,1.0
GLOBAL,PWRWONARGXX,WONARGXX,1,2028,1.0
GLOBAL,PWRWONARGXX,WONARGXX,1,2029,1.0
GLOBAL,PWRWONARGXX,WONARGXX,1,2030,1.0
GLOBAL,PWRWONARGXX,WONARGXX,1,2031,1.0
GLOBAL,PWRWONARGXX,WONARGXX,1,2032,1.0
GLOBAL,PWRWONARGXX,WONARGXX,1,2033,1.0
GLOBAL,PWRWONARGXX,WONARGXX,1,2034,1.0
GLOBAL,PWRWONARGXX,WONARGXX,1,2035,1.0
GLOBAL,PWRWONARGXX,WONARGXX,1,2036,1.0
GLOBAL,PWRWONARGXX,WONARGXX,1,2037,1.0
GLOBAL,PWRWONARGXX,WONARGXX,1,2038,1.0
GLOBAL,PWRWONARGXX,WONARGXX,1,2039,1.0
GLOBAL,PWRWONARGXX,WONARGXX,1,2040,1.0
GLOBAL,PWRWONARGXX,WONARGXX,1,2041,1.0
GLOBAL,PWRWONARGXX,WONARGXX,1,2042,1.0
GLOBAL,PWRWONARGXX,WONARGXX,1,2043,1.0
GLOBAL,PWRWONARGXX,WONARGXX,1,2044,1.0
GLOBAL,PWRWONARGXX,WONARGXX,1,2045,1.0
GLOBAL,PWRWONARGXX,WONARGXX,1,2046,1.0
GLOBAL,PWRWONARGXX,WONARGXX,1,2047,1.0
GLOBAL,PWRWONARGXX,WONARGXX,1,2048,1.0
GLOBAL,PWRWONARGXX,WONARGXX,1,2049,1.0
GLOBAL,PWRWONARGXX,WONARGXX,1,2050,1.0
GLOBAL,PWRWONBOLXX,WONBOLXX,1,2023,1.0
GLOBAL,PWRWONBOLXX,WONBOLXX,1,2024,1.0
GLOBAL,PWRWONBOLXX,WONBOLXX,1,2025,1.0
GLOBAL,PWRWONBOLXX,WONBOLXX,1,2026,1.0
GLOBAL,PWRWONBOLXX,WONBOLXX,1,2027,1.0
GLOBAL,PWRWONBOLXX,WONBOLXX,1,2028,1.0
GLOBAL,PWRWONBOLXX,WONBOLXX,1,2029,1.0
GLOBAL,PWRWONBOLXX,WONBOLXX,1,2030,1.0
GLOBAL,PWRWONBOLXX,WONBOLXX,1,2031,1.0
GLOBAL,PWRWONBOLXX,WONBOLXX,1,2032,1.0
GLOBAL,PWRWONBOLXX,WONBOLXX,1,2033,1.0
GLOBAL,PWRWONBOLXX,WONBOLXX,1,2034,1.0
GLOBAL,PWRWONBOLXX,WONBOLXX,1,2035,1.0
GLOBAL,PWRWONBOLXX,WONBOLXX,1,2036,1.0
GLOBAL,PWRWONBOLXX,WONBOLXX,1,2037,1.0
GLOBAL,PWRWONBOLXX,WONBOLXX,1,2038,1.0
GLOBAL,PWRWONBOLXX,WONBOLXX,1,2039,1.0
GLOBAL,PWRWONBOLXX,WONBOLXX,1,2040,1.0
GLOBAL,PWRWONBOLXX,WONBOLXX,1,2041,1.0
GLOBAL,PWRWONBOLXX,WONBOLXX,1,2042,1.0
GLOBAL,PWRWONBOLXX,WONBOLXX,1,2043,1.0
GLOBAL,PWRWONBOLXX,WONBOLXX,1,2044,1.0
GLOBAL,PWRWONBOLXX,WONBOLXX,1,2045,1.0
GLOBAL,PWRWONBOLXX,WONBOLXX,1,2046,1.0
GLOBAL,PWRWONBOLXX,WONBOLXX,1,2047,1.0
GLOBAL,PWRWONBOLXX,WONBOLXX,1,2048,1.0
GLOBAL,PWRWONBOLXX,WONBOLXX,1,2049,1.0
GLOBAL,PWRWONBOLXX,WONBOLXX,1,2050,1.0
GLOBAL,PWRWONBRAXX,WONBRAXX,1,2023,1.0
GLOBAL,PWRWONBRAXX,WONBRAXX,1,2024,1.0
GLOBAL,PWRWONBRAXX,WONBRAXX,1,2025,1.0
GLOBAL,PWRWONBRAXX,WONBRAXX,1,2026,1.0
GLOBAL,PWRWONBRAXX,WONBRAXX,1,2027,1.0
GLOBAL,PWRWONBRAXX,WONBRAXX,1,2028,1.0
GLOBAL,PWRWONBRAXX,WONBRAXX,1,2029,1.0
GLOBAL,PWRWONBRAXX,WONBRAXX,1,2030,1.0
GLOBAL,PWRWONBRAXX,WONBRAXX,1,2031,1.0
GLOBAL,PWRWONBRAXX,WONBRAXX,1,2032,1.0
GLOBAL,PWRWONBRAXX,WONBRAXX,1,2033,1.0
GLOBAL,PWRWONBRAXX,WONBRAXX,1,2034,1.0
GLOBAL,PWRWONBRAXX,WONBRAXX,1,2035,1.0
GLOBAL,PWRWONBRAXX,WONBRAXX,1,2036,1.0
GLOBAL,PWRWONBRAXX,WONBRAXX,1,2037,1.0
GLOBAL,PWRWONBRAXX,WONBRAXX,1,2038,1.0
GLOBAL,PWRWONBRAXX,WONBRAXX,1,2039,1.0
GLOBAL,PWRWONBRAXX,WONBRAXX,1,2040,1.0
GLOBAL,PWRWONBRAXX,WONBRAXX,1,2041,1.0
GLOBAL,PWRWONBRAXX,WONBRAXX,1,2042,1.0
GLOBAL,PWRWONBRAXX,WONBRAXX,1,2043,1.0
GLOBAL,PWRWONBRAXX,WONBRAXX,1,2044,1.0
GLOBAL,PWRWONBRAXX,WONBRAXX,1,2045,1.0
GLOBAL,PWRWONBRAXX,WONBRAXX,1,2046,1.0
GLOBAL,PWRWONBRAXX,WONBRAXX,1,2047,1.0
GLOBAL,PWRWONBRAXX,WONBRAXX,1,2048,1.0
GLOBAL,PWRWONBRAXX,WONBRAXX,1,2049,1.0
GLOBAL,PWRWONBRAXX,WONBRAXX,1,2050,1.0
GLOBAL,PWRWONBRBXX,WONBRBXX,1,2023,1.0
GLOBAL,PWRWONBRBXX,WONBRBXX,1,2024,1.0
GLOBAL,PWRWONBRBXX,WONBRBXX,1,2025,1.0
GLOBAL,PWRWONBRBXX,WONBRBXX,1,2026,1.0
GLOBAL,PWRWONBRBXX,WONBRBXX,1,2027,1.0
GLOBAL,PWRWONBRBXX,WONBRBXX,1,2028,1.0
GLOBAL,PWRWONBRBXX,WONBRBXX,1,2029,1.0
GLOBAL,PWRWONBRBXX,WONBRBXX,1,2030,1.0
GLOBAL,PWRWONBRBXX,WONBRBXX,1,2031,1.0
GLOBAL,PWRWONBRBXX,WONBRBXX,1,2032,1.0
GLOBAL,PWRWONBRBXX,WONBRBXX,1,2033,1.0
GLOBAL,PWRWONBRBXX,WONBRBXX,1,2034,1.0
GLOBAL,PWRWONBRBXX,WONBRBXX,1,2035,1.0
GLOBAL,PWRWONBRBXX,WONBRBXX,1,2036,1.0
GLOBAL,PWRWONBRBXX,WONBRBXX,1,2037,1.0
GLOBAL,PWRWONBRBXX,WONBRBXX,1,2038,1.0
GLOBAL,PWRWONBRBXX,WONBRBXX,1,2039,1.0
GLOBAL,PWRWONBRBXX,WONBRBXX,1,2040,1.0
GLOBAL,PWRWONBRBXX,WONBRBXX,1,2041,1.0
GLOBAL,PWRWONBRBXX,WONBRBXX,1,2042,1.0
GLOBAL,PWRWONBRBXX,WONBRBXX,1,2043,1.0
GLOBAL,PWRWONBRBXX,WONBRBXX,1,2044,1.0
GLOBAL,PWRWONBRBXX,WONBRBXX,1,2045,1.0
GLOBAL,PWRWONBRBXX,WONBRBXX,1,2046,1.0
GLOBAL,PWRWONBRBXX,WONBRBXX,1,2047,1.0
GLOBAL,PWRWONBRBXX,WONBRBXX,1,2048,1.0
GLOBAL,PWRWONBRBXX,WONBRBXX,1,2049,1.0
GLOBAL,PWRWONBRBXX,WONBRBXX,1,2050,1.0
GLOBAL,PWRWONCHLXX,WONCHLXX,1,2023,1.0
GLOBAL,PWRWONCHLXX,WONCHLXX,1,2024,1.0
GLOBAL,PWRWONCHLXX,WONCHLXX,1,2025,1.0
GLOBAL,PWRWONCHLXX,WONCHLXX,1,2026,1.0
GLOBAL,PWRWONCHLXX,WONCHLXX,1,2027,1.0
GLOBAL,PWRWONCHLXX,WONCHLXX,1,2028,1.0
GLOBAL,PWRWONCHLXX,WONCHLXX,1,2029,1.0
GLOBAL,PWRWONCHLXX,WONCHLXX,1,2030,1.0
GLOBAL,PWRWONCHLXX,WONCHLXX,1,2031,1.0
GLOBAL,PWRWONCHLXX,WONCHLXX,1,2032,1.0
GLOBAL,PWRWONCHLXX,WONCHLXX,1,2033,1.0
GLOBAL,PWRWONCHLXX,WONCHLXX,1,2034,1.0
GLOBAL,PWRWONCHLXX,WONCHLXX,1,2035,1.0
GLOBAL,PWRWONCHLXX,WONCHLXX,1,2036,1.0
GLOBAL,PWRWONCHLXX,WONCHLXX,1,2037,1.0
GLOBAL,PWRWONCHLXX,WONCHLXX,1,2038,1.0
GLOBAL,PWRWONCHLXX,WONCHLXX,1,2039,1.0
GLOBAL,PWRWONCHLXX,WONCHLXX,1,2040,1.0
GLOBAL,PWRWONCHLXX,WONCHLXX,1,2041,1.0
GLOBAL,PWRWONCHLXX,WONCHLXX,1,2042,1.0
GLOBAL,PWRWONCHLXX,WONCHLXX,1,2043,1.0
GLOBAL,PWRWONCHLXX,WONCHLXX,1,2044,1.0
GLOBAL,PWRWONCHLXX,WONCHLXX,1,2045,1.0
GLOBAL,PWRWONCHLXX,WONCHLXX,1,2046,1.0
GLOBAL,PWRWONCHLXX,WONCHLXX,1,2047,1.0
GLOBAL,PWRWONCHLXX,WONCHLXX,1,2048,1.0
GLOBAL,PWRWONCHLXX,WONCHLXX,1,2049,1.0
GLOBAL,PWRWONCHLXX,WONCHLXX,1,2050,1.0
GLOBAL,PWRWONCOLXX,WONCOLXX,1,2023,1.0
GLOBAL,PWRWONCOLXX,WONCOLXX,1,2024,1.0
GLOBAL,PWRWONCOLXX,WONCOLXX,1,2025,1.0
GLOBAL,PWRWONCOLXX,WONCOLXX,1,2026,1.0
GLOBAL,PWRWONCOLXX,WONCOLXX,1,2027,1.0
GLOBAL,PWRWONCOLXX,WONCOLXX,1,2028,1.0
GLOBAL,PWRWONCOLXX,WONCOLXX,1,2029,1.0
GLOBAL,PWRWONCOLXX,WONCOLXX,1,2030,1.0
GLOBAL,PWRWONCOLXX,WONCOLXX,1,2031,1.0
GLOBAL,PWRWONCOLXX,WONCOLXX,1,2032,1.0
GLOBAL,PWRWONCOLXX,WONCOLXX,1,2033,1.0
GLOBAL,PWRWONCOLXX,WONCOLXX,1,2034,1.0
GLOBAL,PWRWONCOLXX,WONCOLXX,1,2035,1.0
GLOBAL,PWRWONCOLXX,WONCOLXX,1,2036,1.0
GLOBAL,PWRWONCOLXX,WONCOLXX,1,2037,1.0
GLOBAL,PWRWONCOLXX,WONCOLXX,1,2038,1.0
GLOBAL,PWRWONCOLXX,WONCOLXX,1,2039,1.0
GLOBAL,PWRWONCOLXX,WONCOLXX,1,2040,1.0
GLOBAL,PWRWONCOLXX,WONCOLXX,1,2041,1.0
GLOBAL,PWRWONCOLXX,WONCOLXX,1,2042,1.0
GLOBAL,PWRWONCOLXX,WONCOLXX,1,2043,1.0
GLOBAL,PWRWONCOLXX,WONCOLXX,1,2044,1.0
GLOBAL,PWRWONCOLXX,WONCOLXX,1,2045,1.0
GLOBAL,PWRWONCOLXX,WONCOLXX,1,2046,1.0
GLOBAL,PWRWONCOLXX,WONCOLXX,1,2047,1.0
GLOBAL,PWRWONCOLXX,WONCOLXX,1,2048,1.0
GLOBAL,PWRWONCOLXX,WONCOLXX,1,2049,1.0
GLOBAL,PWRWONCOLXX,WONCOLXX,1,2050,1.0
GLOBAL,PWRWONCRIXX,WONCRIXX,1,2023,1.0
GLOBAL,PWRWONCRIXX,WONCRIXX,1,2024,1.0
GLOBAL,PWRWONCRIXX,WONCRIXX,1,2025,1.0
GLOBAL,PWRWONCRIXX,WONCRIXX,1,2026,1.0
GLOBAL,PWRWONCRIXX,WONCRIXX,1,2027,1.0
GLOBAL,PWRWONCRIXX,WONCRIXX,1,2028,1.0
GLOBAL,PWRWONCRIXX,WONCRIXX,1,2029,1.0
GLOBAL,PWRWONCRIXX,WONCRIXX,1,2030,1.0
GLOBAL,PWRWONCRIXX,WONCRIXX,1,2031,1.0
GLOBAL,PWRWONCRIXX,WONCRIXX,1,2032,1.0
GLOBAL,PWRWONCRIXX,WONCRIXX,1,2033,1.0
GLOBAL,PWRWONCRIXX,WONCRIXX,1,2034,1.0
GLOBAL,PWRWONCRIXX,WONCRIXX,1,2035,1.0
GLOBAL,PWRWONCRIXX,WONCRIXX,1,2036,1.0
GLOBAL,PWRWONCRIXX,WONCRIXX,1,2037,1.0
GLOBAL,PWRWONCRIXX,WONCRIXX,1,2038,1.0
GLOBAL,PWRWONCRIXX,WONCRIXX,1,2039,1.0
GLOBAL,PWRWONCRIXX,WONCRIXX,1,2040,1.0
GLOBAL,PWRWONCRIXX,WONCRIXX,1,2041,1.0
GLOBAL,PWRWONCRIXX,WONCRIXX,1,2042,1.0
GLOBAL,PWRWONCRIXX,WONCRIXX,1,2043,1.0
GLOBAL,PWRWONCRIXX,WONCRIXX,1,2044,1.0
GLOBAL,PWRWONCRIXX,WONCRIXX,1,2045,1.0
GLOBAL,PWRWONCRIXX,WONCRIXX,1,2046,1.0
GLOBAL,PWRWONCRIXX,WONCRIXX,1,2047,1.0
GLOBAL,PWRWONCRIXX,WONCRIXX,1,2048,1.0
GLOBAL,PWRWONCRIXX,WONCRIXX,1,2049,1.0
GLOBAL,PWRWONCRIXX,WONCRIXX,1,2050,1.0
GLOBAL,PWRWONDOMXX,WONDOMXX,1,2023,1.0
GLOBAL,PWRWONDOMXX,WONDOMXX,1,2024,1.0
GLOBAL,PWRWONDOMXX,WONDOMXX,1,2025,1.0
GLOBAL,PWRWONDOMXX,WONDOMXX,1,2026,1.0
GLOBAL,PWRWONDOMXX,WONDOMXX,1,2027,1.0
GLOBAL,PWRWONDOMXX,WONDOMXX,1,2028,1.0
GLOBAL,PWRWONDOMXX,WONDOMXX,1,2029,1.0
GLOBAL,PWRWONDOMXX,WONDOMXX,1,2030,1.0
GLOBAL,PWRWONDOMXX,WONDOMXX,1,2031,1.0
GLOBAL,PWRWONDOMXX,WONDOMXX,1,2032,1.0
GLOBAL,PWRWONDOMXX,WONDOMXX,1,2033,1.0
GLOBAL,PWRWONDOMXX,WONDOMXX,1,2034,1.0
GLOBAL,PWRWONDOMXX,WONDOMXX,1,2035,1.0
GLOBAL,PWRWONDOMXX,WONDOMXX,1,2036,1.0
GLOBAL,PWRWONDOMXX,WONDOMXX,1,2037,1.0
GLOBAL,PWRWONDOMXX,WONDOMXX,1,2038,1.0
GLOBAL,PWRWONDOMXX,WONDOMXX,1,2039,1.0
GLOBAL,PWRWONDOMXX,WONDOMXX,1,2040,1.0
GLOBAL,PWRWONDOMXX,WONDOMXX,1,2041,1.0
GLOBAL,PWRWONDOMXX,WONDOMXX,1,2042,1.0
GLOBAL,PWRWONDOMXX,WONDOMXX,1,2043,1.0
GLOBAL,PWRWONDOMXX,WONDOMXX,1,2044,1.0
GLOBAL,PWRWONDOMXX,WONDOMXX,1,2045,1.0
GLOBAL,PWRWONDOMXX,WONDOMXX,1,2046,1.0
GLOBAL,PWRWONDOMXX,WONDOMXX,1,2047,1.0
GLOBAL,PWRWONDOMXX,WONDOMXX,1,2048,1.0
GLOBAL,PWRWONDOMXX,WONDOMXX,1,2049,1.0
GLOBAL,PWRWONDOMXX,WONDOMXX,1,2050,1.0
GLOBAL,PWRWONECUXX,WONECUXX,1,2023,1.0
GLOBAL,PWRWONECUXX,WONECUXX,1,2024,1.0
GLOBAL,PWRWONECUXX,WONECUXX,1,2025,1.0
GLOBAL,PWRWONECUXX,WONECUXX,1,2026,1.0
GLOBAL,PWRWONECUXX,WONECUXX,1,2027,1.0
GLOBAL,PWRWONECUXX,WONECUXX,1,2028,1.0
GLOBAL,PWRWONECUXX,WONECUXX,1,2029,1.0
GLOBAL,PWRWONECUXX,WONECUXX,1,2030,1.0
GLOBAL,PWRWONECUXX,WONECUXX,1,2031,1.0
GLOBAL,PWRWONECUXX,WONECUXX,1,2032,1.0
GLOBAL,PWRWONECUXX,WONECUXX,1,2033,1.0
GLOBAL,PWRWONECUXX,WONECUXX,1,2034,1.0
GLOBAL,PWRWONECUXX,WONECUXX,1,2035,1.0
GLOBAL,PWRWONECUXX,WONECUXX,1,2036,1.0
GLOBAL,PWRWONECUXX,WONECUXX,1,2037,1.0
GLOBAL,PWRWONECUXX,WONECUXX,1,2038,1.0
GLOBAL,PWRWONECUXX,WONECUXX,1,2039,1.0
GLOBAL,PWRWONECUXX,WONECUXX,1,2040,1.0
GLOBAL,PWRWONECUXX,WONECUXX,1,2041,1.0
GLOBAL,PWRWONECUXX,WONECUXX,1,2042,1.0
GLOBAL,PWRWONECUXX,WONECUXX,1,2043,1.0
GLOBAL,PWRWONECUXX,WONECUXX,1,2044,1.0
GLOBAL,PWRWONECUXX,WONECUXX,1,2045,1.0
GLOBAL,PWRWONECUXX,WONECUXX,1,2046,1.0
GLOBAL,PWRWONECUXX,WONECUXX,1,2047,1.0
GLOBAL,PWRWONECUXX,WONECUXX,1,2048,1.0
GLOBAL,PWRWONECUXX,WONECUXX,1,2049,1.0
GLOBAL,PWRWONECUXX,WONECUXX,1,2050,1.0
GLOBAL,PWRWONGTMXX,WONGTMXX,1,2023,1.0
GLOBAL,PWRWONGTMXX,WONGTMXX,1,2024,1.0
GLOBAL,PWRWONGTMXX,WONGTMXX,1,2025,1.0
GLOBAL,PWRWONGTMXX,WONGTMXX,1,2026,1.0
GLOBAL,PWRWONGTMXX,WONGTMXX,1,2027,1.0
GLOBAL,PWRWONGTMXX,WONGTMXX,1,2028,1.0
GLOBAL,PWRWONGTMXX,WONGTMXX,1,2029,1.0
GLOBAL,PWRWONGTMXX,WONGTMXX,1,2030,1.0
GLOBAL,PWRWONGTMXX,WONGTMXX,1,2031,1.0
GLOBAL,PWRWONGTMXX,WONGTMXX,1,2032,1.0
GLOBAL,PWRWONGTMXX,WONGTMXX,1,2033,1.0
GLOBAL,PWRWONGTMXX,WONGTMXX,1,2034,1.0
GLOBAL,PWRWONGTMXX,WONGTMXX,1,2035,1.0
GLOBAL,PWRWONGTMXX,WONGTMXX,1,2036,1.0
GLOBAL,PWRWONGTMXX,WONGTMXX,1,2037,1.0
GLOBAL,PWRWONGTMXX,WONGTMXX,1,2038,1.0
GLOBAL,PWRWONGTMXX,WONGTMXX,1,2039,1.0
GLOBAL,PWRWONGTMXX,WONGTMXX,1,2040,1.0
GLOBAL,PWRWONGTMXX,WONGTMXX,1,2041,1.0
GLOBAL,PWRWONGTMXX,WONGTMXX,1,2042,1.0
GLOBAL,PWRWONGTMXX,WONGTMXX,1,2043,1.0
GLOBAL,PWRWONGTMXX,WONGTMXX,1,2044,1.0
GLOBAL,PWRWONGTMXX,WONGTMXX,1,2045,1.0
GLOBAL,PWRWONGTMXX,WONGTMXX,1,2046,1.0
GLOBAL,PWRWONGTMXX,WONGTMXX,1,2047,1.0
GLOBAL,PWRWONGTMXX,WONGTMXX,1,2048,1.0
GLOBAL,PWRWONGTMXX,WONGTMXX,1,2049,1.0
GLOBAL,PWRWONGTMXX,WONGTMXX,1,2050,1.0
GLOBAL,PWRWONHNDXX,WONHNDXX,1,2023,1.0
GLOBAL,PWRWONHNDXX,WONHNDXX,1,2024,1.0
GLOBAL,PWRWONHNDXX,WONHNDXX,1,2025,1.0
GLOBAL,PWRWONHNDXX,WONHNDXX,1,2026,1.0
GLOBAL,PWRWONHNDXX,WONHNDXX,1,2027,1.0
GLOBAL,PWRWONHNDXX,WONHNDXX,1,2028,1.0
GLOBAL,PWRWONHNDXX,WONHNDXX,1,2029,1.0
GLOBAL,PWRWONHNDXX,WONHNDXX,1,2030,1.0
GLOBAL,PWRWONHNDXX,WONHNDXX,1,2031,1.0
GLOBAL,PWRWONHNDXX,WONHNDXX,1,2032,1.0
GLOBAL,PWRWONHNDXX,WONHNDXX,1,2033,1.0
GLOBAL,PWRWONHNDXX,WONHNDXX,1,2034,1.0
GLOBAL,PWRWONHNDXX,WONHNDXX,1,2035,1.0
GLOBAL,PWRWONHNDXX,WONHNDXX,1,2036,1.0
GLOBAL,PWRWONHNDXX,WONHNDXX,1,2037,1.0
GLOBAL,PWRWONHNDXX,WONHNDXX,1,2038,1.0
GLOBAL,PWRWONHNDXX,WONHNDXX,1,2039,1.0
GLOBAL,PWRWONHNDXX,WONHNDXX,1,2040,1.0
GLOBAL,PWRWONHNDXX,WONHNDXX,1,2041,1.0
GLOBAL,PWRWONHNDXX,WONHNDXX,1,2042,1.0
GLOBAL,PWRWONHNDXX,WONHNDXX,1,2043,1.0
GLOBAL,PWRWONHNDXX,WONHNDXX,1,2044,1.0
GLOBAL,PWRWONHNDXX,WONHNDXX,1,2045,1.0
GLOBAL,PWRWONHNDXX,WONHNDXX,1,2046,1.0
GLOBAL,PWRWONHNDXX,WONHNDXX,1,2047,1.0
GLOBAL,PWRWONHNDXX,WONHNDXX,1,2048,1.0
GLOBAL,PWRWONHNDXX,WONHNDXX,1,2049,1.0
GLOBAL,PWRWONHNDXX,WONHNDXX,1,2050,1.0
GLOBAL,PWRWONHTIXX,WONHTIXX,1,2023,1.0
GLOBAL,PWRWONHTIXX,WONHTIXX,1,2024,1.0
GLOBAL,PWRWONHTIXX,WONHTIXX,1,2025,1.0
GLOBAL,PWRWONHTIXX,WONHTIXX,1,2026,1.0
GLOBAL,PWRWONHTIXX,WONHTIXX,1,2027,1.0
GLOBAL,PWRWONHTIXX,WONHTIXX,1,2028,1.0
GLOBAL,PWRWONHTIXX,WONHTIXX,1,2029,1.0
GLOBAL,PWRWONHTIXX,WONHTIXX,1,2030,1.0
GLOBAL,PWRWONHTIXX,WONHTIXX,1,2031,1.0
GLOBAL,PWRWONHTIXX,WONHTIXX,1,2032,1.0
GLOBAL,PWRWONHTIXX,WONHTIXX,1,2033,1.0
GLOBAL,PWRWONHTIXX,WONHTIXX,1,2034,1.0
GLOBAL,PWRWONHTIXX,WONHTIXX,1,2035,1.0
GLOBAL,PWRWONHTIXX,WONHTIXX,1,2036,1.0
GLOBAL,PWRWONHTIXX,WONHTIXX,1,2037,1.0
GLOBAL,PWRWONHTIXX,WONHTIXX,1,2038,1.0
GLOBAL,PWRWONHTIXX,WONHTIXX,1,2039,1.0
GLOBAL,PWRWONHTIXX,WONHTIXX,1,2040,1.0
GLOBAL,PWRWONHTIXX,WONHTIXX,1,2041,1.0
GLOBAL,PWRWONHTIXX,WONHTIXX,1,2042,1.0
GLOBAL,PWRWONHTIXX,WONHTIXX,1,2043,1.0
GLOBAL,PWRWONHTIXX,WONHTIXX,1,2044,1.0
GLOBAL,PWRWONHTIXX,WONHTIXX,1,2045,1.0
GLOBAL,PWRWONHTIXX,WONHTIXX,1,2046,1.0
GLOBAL,PWRWONHTIXX,WONHTIXX,1,2047,1.0
GLOBAL,PWRWONHTIXX,WONHTIXX,1,2048,1.0
GLOBAL,PWRWONHTIXX,WONHTIXX,1,2049,1.0
GLOBAL,PWRWONHTIXX,WONHTIXX,1,2050,1.0
GLOBAL,PWRWONMEXXX,WONMEXXX,1,2023,1.0
GLOBAL,PWRWONMEXXX,WONMEXXX,1,2024,1.0
GLOBAL,PWRWONMEXXX,WONMEXXX,1,2025,1.0
GLOBAL,PWRWONMEXXX,WONMEXXX,1,2026,1.0
GLOBAL,PWRWONMEXXX,WONMEXXX,1,2027,1.0
GLOBAL,PWRWONMEXXX,WONMEXXX,1,2028,1.0
GLOBAL,PWRWONMEXXX,WONMEXXX,1,2029,1.0
GLOBAL,PWRWONMEXXX,WONMEXXX,1,2030,1.0
GLOBAL,PWRWONMEXXX,WONMEXXX,1,2031,1.0
GLOBAL,PWRWONMEXXX,WONMEXXX,1,2032,1.0
GLOBAL,PWRWONMEXXX,WONMEXXX,1,2033,1.0
GLOBAL,PWRWONMEXXX,WONMEXXX,1,2034,1.0
GLOBAL,PWRWONMEXXX,WONMEXXX,1,2035,1.0
GLOBAL,PWRWONMEXXX,WONMEXXX,1,2036,1.0
GLOBAL,PWRWONMEXXX,WONMEXXX,1,2037,1.0
GLOBAL,PWRWONMEXXX,WONMEXXX,1,2038,1.0
GLOBAL,PWRWONMEXXX,WONMEXXX,1,2039,1.0
GLOBAL,PWRWONMEXXX,WONMEXXX,1,2040,1.0
GLOBAL,PWRWONMEXXX,WONMEXXX,1,2041,1.0
GLOBAL,PWRWONMEXXX,WONMEXXX,1,2042,1.0
GLOBAL,PWRWONMEXXX,WONMEXXX,1,2043,1.0
GLOBAL,PWRWONMEXXX,WONMEXXX,1,2044,1.0
GLOBAL,PWRWONMEXXX,WONMEXXX,1,2045,1.0
GLOBAL,PWRWONMEXXX,WONMEXXX,1,2046,1.0
GLOBAL,PWRWONMEXXX,WONMEXXX,1,2047,1.0
GLOBAL,PWRWONMEXXX,WONMEXXX,1,2048,1.0
GLOBAL,PWRWONMEXXX,WONMEXXX,1,2049,1.0
GLOBAL,PWRWONMEXXX,WONMEXXX,1,2050,1.0
GLOBAL,PWRWONNICXX,WONNICXX,1,2023,1.0
GLOBAL,PWRWONNICXX,WONNICXX,1,2024,1.0
GLOBAL,PWRWONNICXX,WONNICXX,1,2025,1.0
GLOBAL,PWRWONNICXX,WONNICXX,1,2026,1.0
GLOBAL,PWRWONNICXX,WONNICXX,1,2027,1.0
GLOBAL,PWRWONNICXX,WONNICXX,1,2028,1.0
GLOBAL,PWRWONNICXX,WONNICXX,1,2029,1.0
GLOBAL,PWRWONNICXX,WONNICXX,1,2030,1.0
GLOBAL,PWRWONNICXX,WONNICXX,1,2031,1.0
GLOBAL,PWRWONNICXX,WONNICXX,1,2032,1.0
GLOBAL,PWRWONNICXX,WONNICXX,1,2033,1.0
GLOBAL,PWRWONNICXX,WONNICXX,1,2034,1.0
GLOBAL,PWRWONNICXX,WONNICXX,1,2035,1.0
GLOBAL,PWRWONNICXX,WONNICXX,1,2036,1.0
GLOBAL,PWRWONNICXX,WONNICXX,1,2037,1.0
GLOBAL,PWRWONNICXX,WONNICXX,1,2038,1.0
GLOBAL,PWRWONNICXX,WONNICXX,1,2039,1.0
GLOBAL,PWRWONNICXX,WONNICXX,1,2040,1.0
GLOBAL,PWRWONNICXX,WONNICXX,1,2041,1.0
GLOBAL,PWRWONNICXX,WONNICXX,1,2042,1.0
GLOBAL,PWRWONNICXX,WONNICXX,1,2043,1.0
GLOBAL,PWRWONNICXX,WONNICXX,1,2044,1.0
GLOBAL,PWRWONNICXX,WONNICXX,1,2045,1.0
GLOBAL,PWRWONNICXX,WONNICXX,1,2046,1.0
GLOBAL,PWRWONNICXX,WONNICXX,1,2047,1.0
GLOBAL,PWRWONNICXX,WONNICXX,1,2048,1.0
GLOBAL,PWRWONNICXX,WONNICXX,1,2049,1.0
GLOBAL,PWRWONNICXX,WONNICXX,1,2050,1.0
GLOBAL,PWRWONPANXX,WONPANXX,1,2023,1.0
GLOBAL,PWRWONPANXX,WONPANXX,1,2024,1.0
GLOBAL,PWRWONPANXX,WONPANXX,1,2025,1.0
GLOBAL,PWRWONPANXX,WONPANXX,1,2026,1.0
GLOBAL,PWRWONPANXX,WONPANXX,1,2027,1.0
GLOBAL,PWRWONPANXX,WONPANXX,1,2028,1.0
GLOBAL,PWRWONPANXX,WONPANXX,1,2029,1.0
GLOBAL,PWRWONPANXX,WONPANXX,1,2030,1.0
GLOBAL,PWRWONPANXX,WONPANXX,1,2031,1.0
GLOBAL,PWRWONPANXX,WONPANXX,1,2032,1.0
GLOBAL,PWRWONPANXX,WONPANXX,1,2033,1.0
GLOBAL,PWRWONPANXX,WONPANXX,1,2034,1.0
GLOBAL,PWRWONPANXX,WONPANXX,1,2035,1.0
GLOBAL,PWRWONPANXX,WONPANXX,1,2036,1.0
GLOBAL,PWRWONPANXX,WONPANXX,1,2037,1.0
GLOBAL,PWRWONPANXX,WONPANXX,1,2038,1.0
GLOBAL,PWRWONPANXX,WONPANXX,1,2039,1.0
GLOBAL,PWRWONPANXX,WONPANXX,1,2040,1.0
GLOBAL,PWRWONPANXX,WONPANXX,1,2041,1.0
GLOBAL,PWRWONPANXX,WONPANXX,1,2042,1.0
GLOBAL,PWRWONPANXX,WONPANXX,1,2043,1.0
GLOBAL,PWRWONPANXX,WONPANXX,1,2044,1.0
GLOBAL,PWRWONPANXX,WONPANXX,1,2045,1.0
GLOBAL,PWRWONPANXX,WONPANXX,1,2046,1.0
GLOBAL,PWRWONPANXX,WONPANXX,1,2047,1.0
GLOBAL,PWRWONPANXX,WONPANXX,1,2048,1.0
GLOBAL,PWRWONPANXX,WONPANXX,1,2049,1.0
GLOBAL,PWRWONPANXX,WONPANXX,1,2050,1.0
GLOBAL,PWRWONPERXX,WONPERXX,1,2023,1.0
GLOBAL,PWRWONPERXX,WONPERXX,1,2024,1.0
GLOBAL,PWRWONPERXX,WONPERXX,1,2025,1.0
GLOBAL,PWRWONPERXX,WONPERXX,1,2026,1.0
GLOBAL,PWRWONPERXX,WONPERXX,1,2027,1.0
GLOBAL,PWRWONPERXX,WONPERXX,1,2028,1.0
GLOBAL,PWRWONPERXX,WONPERXX,1,2029,1.0
GLOBAL,PWRWONPERXX,WONPERXX,1,2030,1.0
GLOBAL,PWRWONPERXX,WONPERXX,1,2031,1.0
GLOBAL,PWRWONPERXX,WONPERXX,1,2032,1.0
GLOBAL,PWRWONPERXX,WONPERXX,1,2033,1.0
GLOBAL,PWRWONPERXX,WONPERXX,1,2034,1.0
GLOBAL,PWRWONPERXX,WONPERXX,1,2035,1.0
GLOBAL,PWRWONPERXX,WONPERXX,1,2036,1.0
GLOBAL,PWRWONPERXX,WONPERXX,1,2037,1.0
GLOBAL,PWRWONPERXX,WONPERXX,1,2038,1.0
GLOBAL,PWRWONPERXX,WONPERXX,1,2039,1.0
GLOBAL,PWRWONPERXX,WONPERXX,1,2040,1.0
GLOBAL,PWRWONPERXX,WONPERXX,1,2041,1.0
GLOBAL,PWRWONPERXX,WONPERXX,1,2042,1.0
GLOBAL,PWRWONPERXX,WONPERXX,1,2043,1.0
GLOBAL,PWRWONPERXX,WONPERXX,1,2044,1.0
GLOBAL,PWRWONPERXX,WONPERXX,1,2045,1.0
GLOBAL,PWRWONPERXX,WONPERXX,1,2046,1.0
GLOBAL,PWRWONPERXX,WONPERXX,1,2047,1.0
GLOBAL,PWRWONPERXX,WONPERXX,1,2048,1.0
GLOBAL,PWRWONPERXX,WONPERXX,1,2049,1.0
GLOBAL,PWRWONPERXX,WONPERXX,1,2050,1.0
GLOBAL,PWRWONPRYXX,WONPRYXX,1,2023,1.0
GLOBAL,PWRWONPRYXX,WONPRYXX,1,2024,1.0
GLOBAL,PWRWONPRYXX,WONPRYXX,1,2025,1.0
GLOBAL,PWRWONPRYXX,WONPRYXX,1,2026,1.0
GLOBAL,PWRWONPRYXX,WONPRYXX,1,2027,1.0
GLOBAL,PWRWONPRYXX,WONPRYXX,1,2028,1.0
GLOBAL,PWRWONPRYXX,WONPRYXX,1,2029,1.0
GLOBAL,PWRWONPRYXX,WONPRYXX,1,2030,1.0
GLOBAL,PWRWONPRYXX,WONPRYXX,1,2031,1.0
GLOBAL,PWRWONPRYXX,WONPRYXX,1,2032,1.0
GLOBAL,PWRWONPRYXX,WONPRYXX,1,2033,1.0
GLOBAL,PWRWONPRYXX,WONPRYXX,1,2034,1.0
GLOBAL,PWRWONPRYXX,WONPRYXX,1,2035,1.0
GLOBAL,PWRWONPRYXX,WONPRYXX,1,2036,1.0
GLOBAL,PWRWONPRYXX,WONPRYXX,1,2037,1.0
GLOBAL,PWRWONPRYXX,WONPRYXX,1,2038,1.0
GLOBAL,PWRWONPRYXX,WONPRYXX,1,2039,1.0
GLOBAL,PWRWONPRYXX,WONPRYXX,1,2040,1.0
GLOBAL,PWRWONPRYXX,WONPRYXX,1,2041,1.0
GLOBAL,PWRWONPRYXX,WONPRYXX,1,2042,1.0
GLOBAL,PWRWONPRYXX,WONPRYXX,1,2043,1.0
GLOBAL,PWRWONPRYXX,WONPRYXX,1,2044,1.0
GLOBAL,PWRWONPRYXX,WONPRYXX,1,2045,1.0
GLOBAL,PWRWONPRYXX,WONPRYXX,1,2046,1.0
GLOBAL,PWRWONPRYXX,WONPRYXX,1,2047,1.0
GLOBAL,PWRWONPRYXX,WONPRYXX,1,2048,1.0
GLOBAL,PWRWONPRYXX,WONPRYXX,1,2049,1.0
GLOBAL,PWRWONPRYXX,WONPRYXX,1,2050,1.0
GLOBAL,PWRWONSLVXX,WONSLVXX,1,2023,1.0
GLOBAL,PWRWONSLVXX,WONSLVXX,1,2024,1.0
GLOBAL,PWRWONSLVXX,WONSLVXX,1,2025,1.0
GLOBAL,PWRWONSLVXX,WONSLVXX,1,2026,1.0
GLOBAL,PWRWONSLVXX,WONSLVXX,1,2027,1.0
GLOBAL,PWRWONSLVXX,WONSLVXX,1,2028,1.0
GLOBAL,PWRWONSLVXX,WONSLVXX,1,2029,1.0
GLOBAL,PWRWONSLVXX,WONSLVXX,1,2030,1.0
GLOBAL,PWRWONSLVXX,WONSLVXX,1,2031,1.0
GLOBAL,PWRWONSLVXX,WONSLVXX,1,2032,1.0
GLOBAL,PWRWONSLVXX,WONSLVXX,1,2033,1.0
GLOBAL,PWRWONSLVXX,WONSLVXX,1,2034,1.0
GLOBAL,PWRWONSLVXX,WONSLVXX,1,2035,1.0
GLOBAL,PWRWONSLVXX,WONSLVXX,1,2036,1.0
GLOBAL,PWRWONSLVXX,WONSLVXX,1,2037,1.0
GLOBAL,PWRWONSLVXX,WONSLVXX,1,2038,1.0
GLOBAL,PWRWONSLVXX,WONSLVXX,1,2039,1.0
GLOBAL,PWRWONSLVXX,WONSLVXX,1,2040,1.0
GLOBAL,PWRWONSLVXX,WONSLVXX,1,2041,1.0
GLOBAL,PWRWONSLVXX,WONSLVXX,1,2042,1.0
GLOBAL,PWRWONSLVXX,WONSLVXX,1,2043,1.0
GLOBAL,PWRWONSLVXX,WONSLVXX,1,2044,1.0
GLOBAL,PWRWONSLVXX,WONSLVXX,1,2045,1.0
GLOBAL,PWRWONSLVXX,WONSLVXX,1,2046,1.0
GLOBAL,PWRWONSLVXX,WONSLVXX,1,2047,1.0
GLOBAL,PWRWONSLVXX,WONSLVXX,1,2048,1.0
GLOBAL,PWRWONSLVXX,WONSLVXX,1,2049,1.0
GLOBAL,PWRWONSLVXX,WONSLVXX,1,2050,1.0
GLOBAL,PWRWONURYXX,WONURYXX,1,2023,1.0
GLOBAL,PWRWONURYXX,WONURYXX,1,2024,1.0
GLOBAL,PWRWONURYXX,WONURYXX,1,2025,1.0
GLOBAL,PWRWONURYXX,WONURYXX,1,2026,1.0
GLOBAL,PWRWONURYXX,WONURYXX,1,2027,1.0
GLOBAL,PWRWONURYXX,WONURYXX,1,2028,1.0
GLOBAL,PWRWONURYXX,WONURYXX,1,2029,1.0
GLOBAL,PWRWONURYXX,WONURYXX,1,2030,1.0
GLOBAL,PWRWONURYXX,WONURYXX,1,2031,1.0
GLOBAL,PWRWONURYXX,WONURYXX,1,2032,1.0
GLOBAL,PWRWONURYXX,WONURYXX,1,2033,1.0
GLOBAL,PWRWONURYXX,WONURYXX,1,2034,1.0
GLOBAL,PWRWONURYXX,WONURYXX,1,2035,1.0
GLOBAL,PWRWONURYXX,WONURYXX,1,2036,1.0
GLOBAL,PWRWONURYXX,WONURYXX,1,2037,1.0
GLOBAL,PWRWONURYXX,WONURYXX,1,2038,1.0
GLOBAL,PWRWONURYXX,WONURYXX,1,2039,1.0
GLOBAL,PWRWONURYXX,WONURYXX,1,2040,1.0
GLOBAL,PWRWONURYXX,WONURYXX,1,2041,1.0
GLOBAL,PWRWONURYXX,WONURYXX,1,2042,1.0
GLOBAL,PWRWONURYXX,WONURYXX,1,2043,1.0
GLOBAL,PWRWONURYXX,WONURYXX,1,2044,1.0
GLOBAL,PWRWONURYXX,WONURYXX,1,2045,1.0
GLOBAL,PWRWONURYXX,WONURYXX,1,2046,1.0
GLOBAL,PWRWONURYXX,WONURYXX,1,2047,1.0
GLOBAL,PWRWONURYXX,WONURYXX,1,2048,1.0
GLOBAL,PWRWONURYXX,WONURYXX,1,2049,1.0
GLOBAL,PWRWONURYXX,WONURYXX,1,2050,1.0
GLOBAL,TRNARGXXBOLXX,ELCARGXX02,1,2023,1.0
GLOBAL,TRNARGXXBOLXX,ELCARGXX02,1,2024,1.0
GLOBAL,TRNARGXXBOLXX,ELCARGXX02,1,2025,1.0
GLOBAL,TRNARGXXBOLXX,ELCARGXX02,1,2026,1.0
GLOBAL,TRNARGXXBOLXX,ELCARGXX02,1,2027,1.0
GLOBAL,TRNARGXXBOLXX,ELCARGXX02,1,2028,1.0
GLOBAL,TRNARGXXBOLXX,ELCARGXX02,1,2029,1.0
GLOBAL,TRNARGXXBOLXX,ELCARGXX02,1,2030,1.0
GLOBAL,TRNARGXXBOLXX,ELCARGXX02,1,2031,1.0
GLOBAL,TRNARGXXBOLXX,ELCARGXX02,1,2032,1.0
GLOBAL,TRNARGXXBOLXX,ELCARGXX02,1,2033,1.0
GLOBAL,TRNARGXXBOLXX,ELCARGXX02,1,2034,1.0
GLOBAL,TRNARGXXBOLXX,ELCARGXX02,1,2035,1.0
GLOBAL,TRNARGXXBOLXX,ELCARGXX02,1,2036,1.0
GLOBAL,TRNARGXXBOLXX,ELCARGXX02,1,2037,1.0
GLOBAL,TRNARGXXBOLXX,ELCARGXX02,1,2038,1.0
GLOBAL,TRNARGXXBOLXX,ELCARGXX02,1,2039,1.0
GLOBAL,TRNARGXXBOLXX,ELCARGXX02,1,2040,1.0
GLOBAL,TRNARGXXBOLXX,ELCARGXX02,1,2041,1.0
GLOBAL,TRNARGXXBOLXX,ELCARGXX02,1,2042,1.0
GLOBAL,TRNARGXXBOLXX,ELCARGXX02,1,2043,1.0
GLOBAL,TRNARGXXBOLXX,ELCARGXX02,1,2044,1.0
GLOBAL,TRNARGXXBOLXX,ELCARGXX02,1,2045,1.0
GLOBAL,TRNARGXXBOLXX,ELCARGXX02,1,2046,1.0
GLOBAL,TRNARGXXBOLXX,ELCARGXX02,1,2047,1.0
GLOBAL,TRNARGXXBOLXX,ELCARGXX02,1,2048,1.0
GLOBAL,TRNARGXXBOLXX,ELCARGXX02,1,2049,1.0
GLOBAL,TRNARGXXBOLXX,ELCARGXX02,1,2050,1.0
GLOBAL,TRNARGXXBOLXX,ELCBOLXX02,2,2023,1.0
GLOBAL,TRNARGXXBOLXX,ELCBOLXX02,2,2024,1.0
GLOBAL,TRNARGXXBOLXX,ELCBOLXX02,2,2025,1.0
GLOBAL,TRNARGXXBOLXX,ELCBOLXX02,2,2026,1.0
GLOBAL,TRNARGXXBOLXX,ELCBOLXX02,2,2027,1.0
GLOBAL,TRNARGXXBOLXX,ELCBOLXX02,2,2028,1.0
GLOBAL,TRNARGXXBOLXX,ELCBOLXX02,2,2029,1.0
GLOBAL,TRNARGXXBOLXX,ELCBOLXX02,2,2030,1.0
GLOBAL,TRNARGXXBOLXX,ELCBOLXX02,2,2031,1.0
GLOBAL,TRNARGXXBOLXX,ELCBOLXX02,2,2032,1.0
GLOBAL,TRNARGXXBOLXX,ELCBOLXX02,2,2033,1.0
GLOBAL,TRNARGXXBOLXX,ELCBOLXX02,2,2034,1.0
GLOBAL,TRNARGXXBOLXX,ELCBOLXX02,2,2035,1.0
GLOBAL,TRNARGXXBOLXX,ELCBOLXX02,2,2036,1.0
GLOBAL,TRNARGXXBOLXX,ELCBOLXX02,2,2037,1.0
GLOBAL,TRNARGXXBOLXX,ELCBOLXX02,2,2038,1.0
GLOBAL,TRNARGXXBOLXX,ELCBOLXX02,2,2039,1.0
GLOBAL,TRNARGXXBOLXX,ELCBOLXX02,2,2040,1.0
GLOBAL,TRNARGXXBOLXX,ELCBOLXX02,2,2041,1.0
GLOBAL,TRNARGXXBOLXX,ELCBOLXX02,2,2042,1.0
GLOBAL,TRNARGXXBOLXX,ELCBOLXX02,2,2043,1.0
GLOBAL,TRNARGXXBOLXX,ELCBOLXX02,2,2044,1.0
GLOBAL,TRNARGXXBOLXX,ELCBOLXX02,2,2045,1.0
GLOBAL,TRNARGXXBOLXX,ELCBOLXX02,2,2046,1.0
GLOBAL,TRNARGXXBOLXX,ELCBOLXX02,2,2047,1.0
GLOBAL,TRNARGXXBOLXX,ELCBOLXX02,2,2048,1.0
GLOBAL,TRNARGXXBOLXX,ELCBOLXX02,2,2049,1.0
GLOBAL,TRNARGXXBOLXX,ELCBOLXX02,2,2050,1.0
GLOBAL,TRNARGXXBRAXX,ELCARGXX02,1,2023,1.0
GLOBAL,TRNARGXXBRAXX,ELCARGXX02,1,2024,1.0
GLOBAL,TRNARGXXBRAXX,ELCARGXX02,1,2025,1.0
GLOBAL,TRNARGXXBRAXX,ELCARGXX02,1,2026,1.0
GLOBAL,TRNARGXXBRAXX,ELCARGXX02,1,2027,1.0
GLOBAL,TRNARGXXBRAXX,ELCARGXX02,1,2028,1.0
GLOBAL,TRNARGXXBRAXX,ELCARGXX02,1,2029,1.0
GLOBAL,TRNARGXXBRAXX,ELCARGXX02,1,2030,1.0
GLOBAL,TRNARGXXBRAXX,ELCARGXX02,1,2031,1.0
GLOBAL,TRNARGXXBRAXX,ELCARGXX02,1,2032,1.0
GLOBAL,TRNARGXXBRAXX,ELCARGXX02,1,2033,1.0
GLOBAL,TRNARGXXBRAXX,ELCARGXX02,1,2034,1.0
GLOBAL,TRNARGXXBRAXX,ELCARGXX02,1,2035,1.0
GLOBAL,TRNARGXXBRAXX,ELCARGXX02,1,2036,1.0
GLOBAL,TRNARGXXBRAXX,ELCARGXX02,1,2037,1.0
GLOBAL,TRNARGXXBRAXX,ELCARGXX02,1,2038,1.0
GLOBAL,TRNARGXXBRAXX,ELCARGXX02,1,2039,1.0
GLOBAL,TRNARGXXBRAXX,ELCARGXX02,1,2040,1.0
GLOBAL,TRNARGXXBRAXX,ELCARGXX02,1,2041,1.0
GLOBAL,TRNARGXXBRAXX,ELCARGXX02,1,2042,1.0
GLOBAL,TRNARGXXBRAXX,ELCARGXX02,1,2043,1.0
GLOBAL,TRNARGXXBRAXX,ELCARGXX02,1,2044,1.0
GLOBAL,TRNARGXXBRAXX,ELCARGXX02,1,2045,1.0
GLOBAL,TRNARGXXBRAXX,ELCARGXX02,1,2046,1.0
GLOBAL,TRNARGXXBRAXX,ELCARGXX02,1,2047,1.0
GLOBAL,TRNARGXXBRAXX,ELCARGXX02,1,2048,1.0
GLOBAL,TRNARGXXBRAXX,ELCARGXX02,1,2049,1.0
GLOBAL,TRNARGXXBRAXX,ELCARGXX02,1,2050,1.0
GLOBAL,TRNARGXXBRAXX,ELCBRAXX02,2,2023,1.0
GLOBAL,TRNARGXXBRAXX,ELCBRAXX02,2,2024,1.0
GLOBAL,TRNARGXXBRAXX,ELCBRAXX02,2,2025,1.0
GLOBAL,TRNARGXXBRAXX,ELCBRAXX02,2,2026,1.0
GLOBAL,TRNARGXXBRAXX,ELCBRAXX02,2,2027,1.0
GLOBAL,TRNARGXXBRAXX,ELCBRAXX02,2,2028,1.0
GLOBAL,TRNARGXXBRAXX,ELCBRAXX02,2,2029,1.0
GLOBAL,TRNARGXXBRAXX,ELCBRAXX02,2,2030,1.0
GLOBAL,TRNARGXXBRAXX,ELCBRAXX02,2,2031,1.0
GLOBAL,TRNARGXXBRAXX,ELCBRAXX02,2,2032,1.0
GLOBAL,TRNARGXXBRAXX,ELCBRAXX02,2,2033,1.0
GLOBAL,TRNARGXXBRAXX,ELCBRAXX02,2,2034,1.0
GLOBAL,TRNARGXXBRAXX,ELCBRAXX02,2,2035,1.0
GLOBAL,TRNARGXXBRAXX,ELCBRAXX02,2,2036,1.0
GLOBAL,TRNARGXXBRAXX,ELCBRAXX02,2,2037,1.0
GLOBAL,TRNARGXXBRAXX,ELCBRAXX02,2,2038,1.0
GLOBAL,TRNARGXXBRAXX,ELCBRAXX02,2,2039,1.0
GLOBAL,TRNARGXXBRAXX,ELCBRAXX02,2,2040,1.0
GLOBAL,TRNARGXXBRAXX,ELCBRAXX02,2,2041,1.0
GLOBAL,TRNARGXXBRAXX,ELCBRAXX02,2,2042,1.0
GLOBAL,TRNARGXXBRAXX,ELCBRAXX02,2,2043,1.0
GLOBAL,TRNARGXXBRAXX,ELCBRAXX02,2,2044,1.0
GLOBAL,TRNARGXXBRAXX,ELCBRAXX02,2,2045,1.0
GLOBAL,TRNARGXXBRAXX,ELCBRAXX02,2,2046,1.0
GLOBAL,TRNARGXXBRAXX,ELCBRAXX02,2,2047,1.0
GLOBAL,TRNARGXXBRAXX,ELCBRAXX02,2,2048,1.0
GLOBAL,TRNARGXXBRAXX,ELCBRAXX02,2,2049,1.0
GLOBAL,TRNARGXXBRAXX,ELCBRAXX02,2,2050,1.0
GLOBAL,TRNARGXXCHLXX,ELCARGXX02,1,2023,1.0
GLOBAL,TRNARGXXCHLXX,ELCARGXX02,1,2024,1.0
GLOBAL,TRNARGXXCHLXX,ELCARGXX02,1,2025,1.0
GLOBAL,TRNARGXXCHLXX,ELCARGXX02,1,2026,1.0
GLOBAL,TRNARGXXCHLXX,ELCARGXX02,1,2027,1.0
GLOBAL,TRNARGXXCHLXX,ELCARGXX02,1,2028,1.0
GLOBAL,TRNARGXXCHLXX,ELCARGXX02,1,2029,1.0
GLOBAL,TRNARGXXCHLXX,ELCARGXX02,1,2030,1.0
GLOBAL,TRNARGXXCHLXX,ELCARGXX02,1,2031,1.0
GLOBAL,TRNARGXXCHLXX,ELCARGXX02,1,2032,1.0
GLOBAL,TRNARGXXCHLXX,ELCARGXX02,1,2033,1.0
GLOBAL,TRNARGXXCHLXX,ELCARGXX02,1,2034,1.0
GLOBAL,TRNARGXXCHLXX,ELCARGXX02,1,2035,1.0
GLOBAL,TRNARGXXCHLXX,ELCARGXX02,1,2036,1.0
GLOBAL,TRNARGXXCHLXX,ELCARGXX02,1,2037,1.0
GLOBAL,TRNARGXXCHLXX,ELCARGXX02,1,2038,1.0
GLOBAL,TRNARGXXCHLXX,ELCARGXX02,1,2039,1.0
GLOBAL,TRNARGXXCHLXX,ELCARGXX02,1,2040,1.0
GLOBAL,TRNARGXXCHLXX,ELCARGXX02,1,2041,1.0
GLOBAL,TRNARGXXCHLXX,ELCARGXX02,1,2042,1.0
GLOBAL,TRNARGXXCHLXX,ELCARGXX02,1,2043,1.0
GLOBAL,TRNARGXXCHLXX,ELCARGXX02,1,2044,1.0
GLOBAL,TRNARGXXCHLXX,ELCARGXX02,1,2045,1.0
GLOBAL,TRNARGXXCHLXX,ELCARGXX02,1,2046,1.0
GLOBAL,TRNARGXXCHLXX,ELCARGXX02,1,2047,1.0
GLOBAL,TRNARGXXCHLXX,ELCARGXX02,1,2048,1.0
GLOBAL,TRNARGXXCHLXX,ELCARGXX02,1,2049,1.0
GLOBAL,TRNARGXXCHLXX,ELCARGXX02,1,2050,1.0
GLOBAL,TRNARGXXCHLXX,ELCCHLXX02,2,2023,1.0
GLOBAL,TRNARGXXCHLXX,ELCCHLXX02,2,2024,1.0
GLOBAL,TRNARGXXCHLXX,ELCCHLXX02,2,2025,1.0
GLOBAL,TRNARGXXCHLXX,ELCCHLXX02,2,2026,1.0
GLOBAL,TRNARGXXCHLXX,ELCCHLXX02,2,2027,1.0
GLOBAL,TRNARGXXCHLXX,ELCCHLXX02,2,2028,1.0
GLOBAL,TRNARGXXCHLXX,ELCCHLXX02,2,2029,1.0
GLOBAL,TRNARGXXCHLXX,ELCCHLXX02,2,2030,1.0
GLOBAL,TRNARGXXCHLXX,ELCCHLXX02,2,2031,1.0
GLOBAL,TRNARGXXCHLXX,ELCCHLXX02,2,2032,1.0
GLOBAL,TRNARGXXCHLXX,ELCCHLXX02,2,2033,1.0
GLOBAL,TRNARGXXCHLXX,ELCCHLXX02,2,2034,1.0
GLOBAL,TRNARGXXCHLXX,ELCCHLXX02,2,2035,1.0
GLOBAL,TRNARGXXCHLXX,ELCCHLXX02,2,2036,1.0
GLOBAL,TRNARGXXCHLXX,ELCCHLXX02,2,2037,1.0
GLOBAL,TRNARGXXCHLXX,ELCCHLXX02,2,2038,1.0
GLOBAL,TRNARGXXCHLXX,ELCCHLXX02,2,2039,1.0
GLOBAL,TRNARGXXCHLXX,ELCCHLXX02,2,2040,1.0
GLOBAL,TRNARGXXCHLXX,ELCCHLXX02,2,2041,1.0
GLOBAL,TRNARGXXCHLXX,ELCCHLXX02,2,2042,1.0
GLOBAL,TRNARGXXCHLXX,ELCCHLXX02,2,2043,1.0
GLOBAL,TRNARGXXCHLXX,ELCCHLXX02,2,2044,1.0
GLOBAL,TRNARGXXCHLXX,ELCCHLXX02,2,2045,1.0
GLOBAL,TRNARGXXCHLXX,ELCCHLXX02,2,2046,1.0
GLOBAL,TRNARGXXCHLXX,ELCCHLXX02,2,2047,1.0
GLOBAL,TRNARGXXCHLXX,ELCCHLXX02,2,2048,1.0
GLOBAL,TRNARGXXCHLXX,ELCCHLXX02,2,2049,1.0
GLOBAL,TRNARGXXCHLXX,ELCCHLXX02,2,2050,1.0
GLOBAL,TRNARGXXPRYXX,ELCARGXX02,1,2023,1.0
GLOBAL,TRNARGXXPRYXX,ELCARGXX02,1,2024,1.0
GLOBAL,TRNARGXXPRYXX,ELCARGXX02,1,2025,1.0
GLOBAL,TRNARGXXPRYXX,ELCARGXX02,1,2026,1.0
GLOBAL,TRNARGXXPRYXX,ELCARGXX02,1,2027,1.0
GLOBAL,TRNARGXXPRYXX,ELCARGXX02,1,2028,1.0
GLOBAL,TRNARGXXPRYXX,ELCARGXX02,1,2029,1.0
GLOBAL,TRNARGXXPRYXX,ELCARGXX02,1,2030,1.0
GLOBAL,TRNARGXXPRYXX,ELCARGXX02,1,2031,1.0
GLOBAL,TRNARGXXPRYXX,ELCARGXX02,1,2032,1.0
GLOBAL,TRNARGXXPRYXX,ELCARGXX02,1,2033,1.0
GLOBAL,TRNARGXXPRYXX,ELCARGXX02,1,2034,1.0
GLOBAL,TRNARGXXPRYXX,ELCARGXX02,1,2035,1.0
GLOBAL,TRNARGXXPRYXX,ELCARGXX02,1,2036,1.0
GLOBAL,TRNARGXXPRYXX,ELCARGXX02,1,2037,1.0
GLOBAL,TRNARGXXPRYXX,ELCARGXX02,1,2038,1.0
GLOBAL,TRNARGXXPRYXX,ELCARGXX02,1,2039,1.0
GLOBAL,TRNARGXXPRYXX,ELCARGXX02,1,2040,1.0
GLOBAL,TRNARGXXPRYXX,ELCARGXX02,1,2041,1.0
GLOBAL,TRNARGXXPRYXX,ELCARGXX02,1,2042,1.0
GLOBAL,TRNARGXXPRYXX,ELCARGXX02,1,2043,1.0
GLOBAL,TRNARGXXPRYXX,ELCARGXX02,1,2044,1.0
GLOBAL,TRNARGXXPRYXX,ELCARGXX02,1,2045,1.0
GLOBAL,TRNARGXXPRYXX,ELCARGXX02,1,2046,1.0
GLOBAL,TRNARGXXPRYXX,ELCARGXX02,1,2047,1.0
GLOBAL,TRNARGXXPRYXX,ELCARGXX02,1,2048,1.0
GLOBAL,TRNARGXXPRYXX,ELCARGXX02,1,2049,1.0
GLOBAL,TRNARGXXPRYXX,ELCARGXX02,1,2050,1.0
GLOBAL,TRNARGXXPRYXX,ELCPRYXX02,2,2023,1.0
GLOBAL,TRNARGXXPRYXX,ELCPRYXX02,2,2024,1.0
GLOBAL,TRNARGXXPRYXX,ELCPRYXX02,2,2025,1.0
GLOBAL,TRNARGXXPRYXX,ELCPRYXX02,2,2026,1.0
GLOBAL,TRNARGXXPRYXX,ELCPRYXX02,2,2027,1.0
GLOBAL,TRNARGXXPRYXX,ELCPRYXX02,2,2028,1.0
GLOBAL,TRNARGXXPRYXX,ELCPRYXX02,2,2029,1.0
GLOBAL,TRNARGXXPRYXX,ELCPRYXX02,2,2030,1.0
GLOBAL,TRNARGXXPRYXX,ELCPRYXX02,2,2031,1.0
GLOBAL,TRNARGXXPRYXX,ELCPRYXX02,2,2032,1.0
GLOBAL,TRNARGXXPRYXX,ELCPRYXX02,2,2033,1.0
GLOBAL,TRNARGXXPRYXX,ELCPRYXX02,2,2034,1.0
GLOBAL,TRNARGXXPRYXX,ELCPRYXX02,2,2035,1.0
GLOBAL,TRNARGXXPRYXX,ELCPRYXX02,2,2036,1.0
GLOBAL,TRNARGXXPRYXX,ELCPRYXX02,2,2037,1.0
GLOBAL,TRNARGXXPRYXX,ELCPRYXX02,2,2038,1.0
GLOBAL,TRNARGXXPRYXX,ELCPRYXX02,2,2039,1.0
GLOBAL,TRNARGXXPRYXX,ELCPRYXX02,2,2040,1.0
GLOBAL,TRNARGXXPRYXX,ELCPRYXX02,2,2041,1.0
GLOBAL,TRNARGXXPRYXX,ELCPRYXX02,2,2042,1.0
GLOBAL,TRNARGXXPRYXX,ELCPRYXX02,2,2043,1.0
GLOBAL,TRNARGXXPRYXX,ELCPRYXX02,2,2044,1.0
GLOBAL,TRNARGXXPRYXX,ELCPRYXX02,2,2045,1.0
GLOBAL,TRNARGXXPRYXX,ELCPRYXX02,2,2046,1.0
GLOBAL,TRNARGXXPRYXX,ELCPRYXX02,2,2047,1.0
GLOBAL,TRNARGXXPRYXX,ELCPRYXX02,2,2048,1.0
GLOBAL,TRNARGXXPRYXX,ELCPRYXX02,2,2049,1.0
GLOBAL,TRNARGXXPRYXX,ELCPRYXX02,2,2050,1.0
GLOBAL,TRNARGXXURYXX,ELCARGXX02,1,2023,1.0
GLOBAL,TRNARGXXURYXX,ELCARGXX02,1,2024,1.0
GLOBAL,TRNARGXXURYXX,ELCARGXX02,1,2025,1.0
GLOBAL,TRNARGXXURYXX,ELCARGXX02,1,2026,1.0
GLOBAL,TRNARGXXURYXX,ELCARGXX02,1,2027,1.0
GLOBAL,TRNARGXXURYXX,ELCARGXX02,1,2028,1.0
GLOBAL,TRNARGXXURYXX,ELCARGXX02,1,2029,1.0
GLOBAL,TRNARGXXURYXX,ELCARGXX02,1,2030,1.0
GLOBAL,TRNARGXXURYXX,ELCARGXX02,1,2031,1.0
GLOBAL,TRNARGXXURYXX,ELCARGXX02,1,2032,1.0
GLOBAL,TRNARGXXURYXX,ELCARGXX02,1,2033,1.0
GLOBAL,TRNARGXXURYXX,ELCARGXX02,1,2034,1.0
GLOBAL,TRNARGXXURYXX,ELCARGXX02,1,2035,1.0
GLOBAL,TRNARGXXURYXX,ELCARGXX02,1,2036,1.0
GLOBAL,TRNARGXXURYXX,ELCARGXX02,1,2037,1.0
GLOBAL,TRNARGXXURYXX,ELCARGXX02,1,2038,1.0
GLOBAL,TRNARGXXURYXX,ELCARGXX02,1,2039,1.0
GLOBAL,TRNARGXXURYXX,ELCARGXX02,1,2040,1.0
GLOBAL,TRNARGXXURYXX,ELCARGXX02,1,2041,1.0
GLOBAL,TRNARGXXURYXX,ELCARGXX02,1,2042,1.0
GLOBAL,TRNARGXXURYXX,ELCARGXX02,1,2043,1.0
GLOBAL,TRNARGXXURYXX,ELCARGXX02,1,2044,1.0
GLOBAL,TRNARGXXURYXX,ELCARGXX02,1,2045,1.0
GLOBAL,TRNARGXXURYXX,ELCARGXX02,1,2046,1.0
GLOBAL,TRNARGXXURYXX,ELCARGXX02,1,2047,1.0
GLOBAL,TRNARGXXURYXX,ELCARGXX02,1,2048,1.0
GLOBAL,TRNARGXXURYXX,ELCARGXX02,1,2049,1.0
GLOBAL,TRNARGXXURYXX,ELCARGXX02,1,2050,1.0
GLOBAL,TRNARGXXURYXX,ELCURYXX02,2,2023,1.0
GLOBAL,TRNARGXXURYXX,ELCURYXX02,2,2024,1.0
GLOBAL,TRNARGXXURYXX,ELCURYXX02,2,2025,1.0
GLOBAL,TRNARGXXURYXX,ELCURYXX02,2,2026,1.0
GLOBAL,TRNARGXXURYXX,ELCURYXX02,2,2027,1.0
GLOBAL,TRNARGXXURYXX,ELCURYXX02,2,2028,1.0
GLOBAL,TRNARGXXURYXX,ELCURYXX02,2,2029,1.0
GLOBAL,TRNARGXXURYXX,ELCURYXX02,2,2030,1.0
GLOBAL,TRNARGXXURYXX,ELCURYXX02,2,2031,1.0
GLOBAL,TRNARGXXURYXX,ELCURYXX02,2,2032,1.0
GLOBAL,TRNARGXXURYXX,ELCURYXX02,2,2033,1.0
GLOBAL,TRNARGXXURYXX,ELCURYXX02,2,2034,1.0
GLOBAL,TRNARGXXURYXX,ELCURYXX02,2,2035,1.0
GLOBAL,TRNARGXXURYXX,ELCURYXX02,2,2036,1.0
GLOBAL,TRNARGXXURYXX,ELCURYXX02,2,2037,1.0
GLOBAL,TRNARGXXURYXX,ELCURYXX02,2,2038,1.0
GLOBAL,TRNARGXXURYXX,ELCURYXX02,2,2039,1.0
GLOBAL,TRNARGXXURYXX,ELCURYXX02,2,2040,1.0
GLOBAL,TRNARGXXURYXX,ELCURYXX02,2,2041,1.0
GLOBAL,TRNARGXXURYXX,ELCURYXX02,2,2042,1.0
GLOBAL,TRNARGXXURYXX,ELCURYXX02,2,2043,1.0
GLOBAL,TRNARGXXURYXX,ELCURYXX02,2,2044,1.0
GLOBAL,TRNARGXXURYXX,ELCURYXX02,2,2045,1.0
GLOBAL,TRNARGXXURYXX,ELCURYXX02,2,2046,1.0
GLOBAL,TRNARGXXURYXX,ELCURYXX02,2,2047,1.0
GLOBAL,TRNARGXXURYXX,ELCURYXX02,2,2048,1.0
GLOBAL,TRNARGXXURYXX,ELCURYXX02,2,2049,1.0
GLOBAL,TRNARGXXURYXX,ELCURYXX02,2,2050,1.0
GLOBAL,TRNBOLXXBRAXX,ELCBOLXX02,1,2023,1.0
GLOBAL,TRNBOLXXBRAXX,ELCBOLXX02,1,2024,1.0
GLOBAL,TRNBOLXXBRAXX,ELCBOLXX02,1,2025,1.0
GLOBAL,TRNBOLXXBRAXX,ELCBOLXX02,1,2026,1.0
GLOBAL,TRNBOLXXBRAXX,ELCBOLXX02,1,2027,1.0
GLOBAL,TRNBOLXXBRAXX,ELCBOLXX02,1,2028,1.0
GLOBAL,TRNBOLXXBRAXX,ELCBOLXX02,1,2029,1.0
GLOBAL,TRNBOLXXBRAXX,ELCBOLXX02,1,2030,1.0
GLOBAL,TRNBOLXXBRAXX,ELCBOLXX02,1,2031,1.0
GLOBAL,TRNBOLXXBRAXX,ELCBOLXX02,1,2032,1.0
GLOBAL,TRNBOLXXBRAXX,ELCBOLXX02,1,2033,1.0
GLOBAL,TRNBOLXXBRAXX,ELCBOLXX02,1,2034,1.0
GLOBAL,TRNBOLXXBRAXX,ELCBOLXX02,1,2035,1.0
GLOBAL,TRNBOLXXBRAXX,ELCBOLXX02,1,2036,1.0
GLOBAL,TRNBOLXXBRAXX,ELCBOLXX02,1,2037,1.0
GLOBAL,TRNBOLXXBRAXX,ELCBOLXX02,1,2038,1.0
GLOBAL,TRNBOLXXBRAXX,ELCBOLXX02,1,2039,1.0
GLOBAL,TRNBOLXXBRAXX,ELCBOLXX02,1,2040,1.0
GLOBAL,TRNBOLXXBRAXX,ELCBOLXX02,1,2041,1.0
GLOBAL,TRNBOLXXBRAXX,ELCBOLXX02,1,2042,1.0
GLOBAL,TRNBOLXXBRAXX,ELCBOLXX02,1,2043,1.0
GLOBAL,TRNBOLXXBRAXX,ELCBOLXX02,1,2044,1.0
GLOBAL,TRNBOLXXBRAXX,ELCBOLXX02,1,2045,1.0
GLOBAL,TRNBOLXXBRAXX,ELCBOLXX02,1,2046,1.0
GLOBAL,TRNBOLXXBRAXX,ELCBOLXX02,1,2047,1.0
GLOBAL,TRNBOLXXBRAXX,ELCBOLXX02,1,2048,1.0
GLOBAL,TRNBOLXXBRAXX,ELCBOLXX02,1,2049,1.0
GLOBAL,TRNBOLXXBRAXX,ELCBOLXX02,1,2050,1.0
GLOBAL,TRNBOLXXBRAXX,ELCBRAXX02,2,2023,1.0
GLOBAL,TRNBOLXXBRAXX,ELCBRAXX02,2,2024,1.0
GLOBAL,TRNBOLXXBRAXX,ELCBRAXX02,2,2025,1.0
GLOBAL,TRNBOLXXBRAXX,ELCBRAXX02,2,2026,1.0
GLOBAL,TRNBOLXXBRAXX,ELCBRAXX02,2,2027,1.0
GLOBAL,TRNBOLXXBRAXX,ELCBRAXX02,2,2028,1.0
GLOBAL,TRNBOLXXBRAXX,ELCBRAXX02,2,2029,1.0
GLOBAL,TRNBOLXXBRAXX,ELCBRAXX02,2,2030,1.0
GLOBAL,TRNBOLXXBRAXX,ELCBRAXX02,2,2031,1.0
GLOBAL,TRNBOLXXBRAXX,ELCBRAXX02,2,2032,1.0
GLOBAL,TRNBOLXXBRAXX,ELCBRAXX02,2,2033,1.0
GLOBAL,TRNBOLXXBRAXX,ELCBRAXX02,2,2034,1.0
GLOBAL,TRNBOLXXBRAXX,ELCBRAXX02,2,2035,1.0
GLOBAL,TRNBOLXXBRAXX,ELCBRAXX02,2,2036,1.0
GLOBAL,TRNBOLXXBRAXX,ELCBRAXX02,2,2037,1.0
GLOBAL,TRNBOLXXBRAXX,ELCBRAXX02,2,2038,1.0
GLOBAL,TRNBOLXXBRAXX,ELCBRAXX02,2,2039,1.0
GLOBAL,TRNBOLXXBRAXX,ELCBRAXX02,2,2040,1.0
GLOBAL,TRNBOLXXBRAXX,ELCBRAXX02,2,2041,1.0
GLOBAL,TRNBOLXXBRAXX,ELCBRAXX02,2,2042,1.0
GLOBAL,TRNBOLXXBRAXX,ELCBRAXX02,2,2043,1.0
GLOBAL,TRNBOLXXBRAXX,ELCBRAXX02,2,2044,1.0
GLOBAL,TRNBOLXXBRAXX,ELCBRAXX02,2,2045,1.0
GLOBAL,TRNBOLXXBRAXX,ELCBRAXX02,2,2046,1.0
GLOBAL,TRNBOLXXBRAXX,ELCBRAXX02,2,2047,1.0
GLOBAL,TRNBOLXXBRAXX,ELCBRAXX02,2,2048,1.0
GLOBAL,TRNBOLXXBRAXX,ELCBRAXX02,2,2049,1.0
GLOBAL,TRNBOLXXBRAXX,ELCBRAXX02,2,2050,1.0
GLOBAL,TRNBOLXXCHLXX,ELCBOLXX02,1,2023,1.0
GLOBAL,TRNBOLXXCHLXX,ELCBOLXX02,1,2024,1.0
GLOBAL,TRNBOLXXCHLXX,ELCBOLXX02,1,2025,1.0
GLOBAL,TRNBOLXXCHLXX,ELCBOLXX02,1,2026,1.0
GLOBAL,TRNBOLXXCHLXX,ELCBOLXX02,1,2027,1.0
GLOBAL,TRNBOLXXCHLXX,ELCBOLXX02,1,2028,1.0
GLOBAL,TRNBOLXXCHLXX,ELCBOLXX02,1,2029,1.0
GLOBAL,TRNBOLXXCHLXX,ELCBOLXX02,1,2030,1.0
GLOBAL,TRNBOLXXCHLXX,ELCBOLXX02,1,2031,1.0
GLOBAL,TRNBOLXXCHLXX,ELCBOLXX02,1,2032,1.0
GLOBAL,TRNBOLXXCHLXX,ELCBOLXX02,1,2033,1.0
GLOBAL,TRNBOLXXCHLXX,ELCBOLXX02,1,2034,1.0
GLOBAL,TRNBOLXXCHLXX,ELCBOLXX02,1,2035,1.0
GLOBAL,TRNBOLXXCHLXX,ELCBOLXX02,1,2036,1.0
GLOBAL,TRNBOLXXCHLXX,ELCBOLXX02,1,2037,1.0
GLOBAL,TRNBOLXXCHLXX,ELCBOLXX02,1,2038,1.0
GLOBAL,TRNBOLXXCHLXX,ELCBOLXX02,1,2039,1.0
GLOBAL,TRNBOLXXCHLXX,ELCBOLXX02,1,2040,1.0
GLOBAL,TRNBOLXXCHLXX,ELCBOLXX02,1,2041,1.0
GLOBAL,TRNBOLXXCHLXX,ELCBOLXX02,1,2042,1.0
GLOBAL,TRNBOLXXCHLXX,ELCBOLXX02,1,2043,1.0
GLOBAL,TRNBOLXXCHLXX,ELCBOLXX02,1,2044,1.0
GLOBAL,TRNBOLXXCHLXX,ELCBOLXX02,1,2045,1.0
GLOBAL,TRNBOLXXCHLXX,ELCBOLXX02,1,2046,1.0
GLOBAL,TRNBOLXXCHLXX,ELCBOLXX02,1,2047,1.0
GLOBAL,TRNBOLXXCHLXX,ELCBOLXX02,1,2048,1.0
GLOBAL,TRNBOLXXCHLXX,ELCBOLXX02,1,2049,1.0
GLOBAL,TRNBOLXXCHLXX,ELCBOLXX02,1,2050,1.0
GLOBAL,TRNBOLXXCHLXX,ELCCHLXX02,2,2023,1.0
GLOBAL,TRNBOLXXCHLXX,ELCCHLXX02,2,2024,1.0
GLOBAL,TRNBOLXXCHLXX,ELCCHLXX02,2,2025,1.0
GLOBAL,TRNBOLXXCHLXX,ELCCHLXX02,2,2026,1.0
GLOBAL,TRNBOLXXCHLXX,ELCCHLXX02,2,2027,1.0
GLOBAL,TRNBOLXXCHLXX,ELCCHLXX02,2,2028,1.0
GLOBAL,TRNBOLXXCHLXX,ELCCHLXX02,2,2029,1.0
GLOBAL,TRNBOLXXCHLXX,ELCCHLXX02,2,2030,1.0
GLOBAL,TRNBOLXXCHLXX,ELCCHLXX02,2,2031,1.0
GLOBAL,TRNBOLXXCHLXX,ELCCHLXX02,2,2032,1.0
GLOBAL,TRNBOLXXCHLXX,ELCCHLXX02,2,2033,1.0
GLOBAL,TRNBOLXXCHLXX,ELCCHLXX02,2,2034,1.0
GLOBAL,TRNBOLXXCHLXX,ELCCHLXX02,2,2035,1.0
GLOBAL,TRNBOLXXCHLXX,ELCCHLXX02,2,2036,1.0
GLOBAL,TRNBOLXXCHLXX,ELCCHLXX02,2,2037,1.0
GLOBAL,TRNBOLXXCHLXX,ELCCHLXX02,2,2038,1.0
GLOBAL,TRNBOLXXCHLXX,ELCCHLXX02,2,2039,1.0
GLOBAL,TRNBOLXXCHLXX,ELCCHLXX02,2,2040,1.0
GLOBAL,TRNBOLXXCHLXX,ELCCHLXX02,2,2041,1.0
GLOBAL,TRNBOLXXCHLXX,ELCCHLXX02,2,2042,1.0
GLOBAL,TRNBOLXXCHLXX,ELCCHLXX02,2,2043,1.0
GLOBAL,TRNBOLXXCHLXX,ELCCHLXX02,2,2044,1.0
GLOBAL,TRNBOLXXCHLXX,ELCCHLXX02,2,2045,1.0
GLOBAL,TRNBOLXXCHLXX,ELCCHLXX02,2,2046,1.0
GLOBAL,TRNBOLXXCHLXX,ELCCHLXX02,2,2047,1.0
GLOBAL,TRNBOLXXCHLXX,ELCCHLXX02,2,2048,1.0
GLOBAL,TRNBOLXXCHLXX,ELCCHLXX02,2,2049,1.0
GLOBAL,TRNBOLXXCHLXX,ELCCHLXX02,2,2050,1.0
GLOBAL,TRNBOLXXPERXX,ELCBOLXX02,1,2023,1.0
GLOBAL,TRNBOLXXPERXX,ELCBOLXX02,1,2024,1.0
GLOBAL,TRNBOLXXPERXX,ELCBOLXX02,1,2025,1.0
GLOBAL,TRNBOLXXPERXX,ELCBOLXX02,1,2026,1.0
GLOBAL,TRNBOLXXPERXX,ELCBOLXX02,1,2027,1.0
GLOBAL,TRNBOLXXPERXX,ELCBOLXX02,1,2028,1.0
GLOBAL,TRNBOLXXPERXX,ELCBOLXX02,1,2029,1.0
GLOBAL,TRNBOLXXPERXX,ELCBOLXX02,1,2030,1.0
GLOBAL,TRNBOLXXPERXX,ELCBOLXX02,1,2031,1.0
GLOBAL,TRNBOLXXPERXX,ELCBOLXX02,1,2032,1.0
GLOBAL,TRNBOLXXPERXX,ELCBOLXX02,1,2033,1.0
GLOBAL,TRNBOLXXPERXX,ELCBOLXX02,1,2034,1.0
GLOBAL,TRNBOLXXPERXX,ELCBOLXX02,1,2035,1.0
GLOBAL,TRNBOLXXPERXX,ELCBOLXX02,1,2036,1.0
GLOBAL,TRNBOLXXPERXX,ELCBOLXX02,1,2037,1.0
GLOBAL,TRNBOLXXPERXX,ELCBOLXX02,1,2038,1.0
GLOBAL,TRNBOLXXPERXX,ELCBOLXX02,1,2039,1.0
GLOBAL,TRNBOLXXPERXX,ELCBOLXX02,1,2040,1.0
GLOBAL,TRNBOLXXPERXX,ELCBOLXX02,1,2041,1.0
GLOBAL,TRNBOLXXPERXX,ELCBOLXX02,1,2042,1.0
GLOBAL,TRNBOLXXPERXX,ELCBOLXX02,1,2043,1.0
GLOBAL,TRNBOLXXPERXX,ELCBOLXX02,1,2044,1.0
GLOBAL,TRNBOLXXPERXX,ELCBOLXX02,1,2045,1.0
GLOBAL,TRNBOLXXPERXX,ELCBOLXX02,1,2046,1.0
GLOBAL,TRNBOLXXPERXX,ELCBOLXX02,1,2047,1.0
GLOBAL,TRNBOLXXPERXX,ELCBOLXX02,1,2048,1.0
GLOBAL,TRNBOLXXPERXX,ELCBOLXX02,1,2049,1.0
GLOBAL,TRNBOLXXPERXX,ELCBOLXX02,1,2050,1.0
GLOBAL,TRNBOLXXPERXX,ELCPERXX02,2,2023,1.0
GLOBAL,TRNBOLXXPERXX,ELCPERXX02,2,2024,1.0
GLOBAL,TRNBOLXXPERXX,ELCPERXX02,2,2025,1.0
GLOBAL,TRNBOLXXPERXX,ELCPERXX02,2,2026,1.0
GLOBAL,TRNBOLXXPERXX,ELCPERXX02,2,2027,1.0
GLOBAL,TRNBOLXXPERXX,ELCPERXX02,2,2028,1.0
GLOBAL,TRNBOLXXPERXX,ELCPERXX02,2,2029,1.0
GLOBAL,TRNBOLXXPERXX,ELCPERXX02,2,2030,1.0
GLOBAL,TRNBOLXXPERXX,ELCPERXX02,2,2031,1.0
GLOBAL,TRNBOLXXPERXX,ELCPERXX02,2,2032,1.0
GLOBAL,TRNBOLXXPERXX,ELCPERXX02,2,2033,1.0
GLOBAL,TRNBOLXXPERXX,ELCPERXX02,2,2034,1.0
GLOBAL,TRNBOLXXPERXX,ELCPERXX02,2,2035,1.0
GLOBAL,TRNBOLXXPERXX,ELCPERXX02,2,2036,1.0
GLOBAL,TRNBOLXXPERXX,ELCPERXX02,2,2037,1.0
GLOBAL,TRNBOLXXPERXX,ELCPERXX02,2,2038,1.0
GLOBAL,TRNBOLXXPERXX,ELCPERXX02,2,2039,1.0
GLOBAL,TRNBOLXXPERXX,ELCPERXX02,2,2040,1.0
GLOBAL,TRNBOLXXPERXX,ELCPERXX02,2,2041,1.0
GLOBAL,TRNBOLXXPERXX,ELCPERXX02,2,2042,1.0
GLOBAL,TRNBOLXXPERXX,ELCPERXX02,2,2043,1.0
GLOBAL,TRNBOLXXPERXX,ELCPERXX02,2,2044,1.0
GLOBAL,TRNBOLXXPERXX,ELCPERXX02,2,2045,1.0
GLOBAL,TRNBOLXXPERXX,ELCPERXX02,2,2046,1.0
GLOBAL,TRNBOLXXPERXX,ELCPERXX02,2,2047,1.0
GLOBAL,TRNBOLXXPERXX,ELCPERXX02,2,2048,1.0
GLOBAL,TRNBOLXXPERXX,ELCPERXX02,2,2049,1.0
GLOBAL,TRNBOLXXPERXX,ELCPERXX02,2,2050,1.0
GLOBAL,TRNBOLXXPRYXX,ELCBOLXX02,1,2023,1.0
GLOBAL,TRNBOLXXPRYXX,ELCBOLXX02,1,2024,1.0
GLOBAL,TRNBOLXXPRYXX,ELCBOLXX02,1,2025,1.0
GLOBAL,TRNBOLXXPRYXX,ELCBOLXX02,1,2026,1.0
GLOBAL,TRNBOLXXPRYXX,ELCBOLXX02,1,2027,1.0
GLOBAL,TRNBOLXXPRYXX,ELCBOLXX02,1,2028,1.0
GLOBAL,TRNBOLXXPRYXX,ELCBOLXX02,1,2029,1.0
GLOBAL,TRNBOLXXPRYXX,ELCBOLXX02,1,2030,1.0
GLOBAL,TRNBOLXXPRYXX,ELCBOLXX02,1,2031,1.0
GLOBAL,TRNBOLXXPRYXX,ELCBOLXX02,1,2032,1.0
GLOBAL,TRNBOLXXPRYXX,ELCBOLXX02,1,2033,1.0
GLOBAL,TRNBOLXXPRYXX,ELCBOLXX02,1,2034,1.0
GLOBAL,TRNBOLXXPRYXX,ELCBOLXX02,1,2035,1.0
GLOBAL,TRNBOLXXPRYXX,ELCBOLXX02,1,2036,1.0
GLOBAL,TRNBOLXXPRYXX,ELCBOLXX02,1,2037,1.0
GLOBAL,TRNBOLXXPRYXX,ELCBOLXX02,1,2038,1.0
GLOBAL,TRNBOLXXPRYXX,ELCBOLXX02,1,2039,1.0
GLOBAL,TRNBOLXXPRYXX,ELCBOLXX02,1,2040,1.0
GLOBAL,TRNBOLXXPRYXX,ELCBOLXX02,1,2041,1.0
GLOBAL,TRNBOLXXPRYXX,ELCBOLXX02,1,2042,1.0
GLOBAL,TRNBOLXXPRYXX,ELCBOLXX02,1,2043,1.0
GLOBAL,TRNBOLXXPRYXX,ELCBOLXX02,1,2044,1.0
GLOBAL,TRNBOLXXPRYXX,ELCBOLXX02,1,2045,1.0
GLOBAL,TRNBOLXXPRYXX,ELCBOLXX02,1,2046,1.0
GLOBAL,TRNBOLXXPRYXX,ELCBOLXX02,1,2047,1.0
GLOBAL,TRNBOLXXPRYXX,ELCBOLXX02,1,2048,1.0
GLOBAL,TRNBOLXXPRYXX,ELCBOLXX02,1,2049,1.0
GLOBAL,TRNBOLXXPRYXX,ELCBOLXX02,1,2050,1.0
GLOBAL,TRNBOLXXPRYXX,ELCPRYXX02,2,2023,1.0
GLOBAL,TRNBOLXXPRYXX,ELCPRYXX02,2,2024,1.0
GLOBAL,TRNBOLXXPRYXX,ELCPRYXX02,2,2025,1.0
GLOBAL,TRNBOLXXPRYXX,ELCPRYXX02,2,2026,1.0
GLOBAL,TRNBOLXXPRYXX,ELCPRYXX02,2,2027,1.0
GLOBAL,TRNBOLXXPRYXX,ELCPRYXX02,2,2028,1.0
GLOBAL,TRNBOLXXPRYXX,ELCPRYXX02,2,2029,1.0
GLOBAL,TRNBOLXXPRYXX,ELCPRYXX02,2,2030,1.0
GLOBAL,TRNBOLXXPRYXX,ELCPRYXX02,2,2031,1.0
GLOBAL,TRNBOLXXPRYXX,ELCPRYXX02,2,2032,1.0
GLOBAL,TRNBOLXXPRYXX,ELCPRYXX02,2,2033,1.0
GLOBAL,TRNBOLXXPRYXX,ELCPRYXX02,2,2034,1.0
GLOBAL,TRNBOLXXPRYXX,ELCPRYXX02,2,2035,1.0
GLOBAL,TRNBOLXXPRYXX,ELCPRYXX02,2,2036,1.0
GLOBAL,TRNBOLXXPRYXX,ELCPRYXX02,2,2037,1.0
GLOBAL,TRNBOLXXPRYXX,ELCPRYXX02,2,2038,1.0
GLOBAL,TRNBOLXXPRYXX,ELCPRYXX02,2,2039,1.0
GLOBAL,TRNBOLXXPRYXX,ELCPRYXX02,2,2040,1.0
GLOBAL,TRNBOLXXPRYXX,ELCPRYXX02,2,2041,1.0
GLOBAL,TRNBOLXXPRYXX,ELCPRYXX02,2,2042,1.0
GLOBAL,TRNBOLXXPRYXX,ELCPRYXX02,2,2043,1.0
GLOBAL,TRNBOLXXPRYXX,ELCPRYXX02,2,2044,1.0
GLOBAL,TRNBOLXXPRYXX,ELCPRYXX02,2,2045,1.0
GLOBAL,TRNBOLXXPRYXX,ELCPRYXX02,2,2046,1.0
GLOBAL,TRNBOLXXPRYXX,ELCPRYXX02,2,2047,1.0
GLOBAL,TRNBOLXXPRYXX,ELCPRYXX02,2,2048,1.0
GLOBAL,TRNBOLXXPRYXX,ELCPRYXX02,2,2049,1.0
GLOBAL,TRNBOLXXPRYXX,ELCPRYXX02,2,2050,1.0
GLOBAL,TRNBRAXXCOLXX,ELCBRAXX02,1,2023,1.0
GLOBAL,TRNBRAXXCOLXX,ELCBRAXX02,1,2024,1.0
GLOBAL,TRNBRAXXCOLXX,ELCBRAXX02,1,2025,1.0
GLOBAL,TRNBRAXXCOLXX,ELCBRAXX02,1,2026,1.0
GLOBAL,TRNBRAXXCOLXX,ELCBRAXX02,1,2027,1.0
GLOBAL,TRNBRAXXCOLXX,ELCBRAXX02,1,2028,1.0
GLOBAL,TRNBRAXXCOLXX,ELCBRAXX02,1,2029,1.0
GLOBAL,TRNBRAXXCOLXX,ELCBRAXX02,1,2030,1.0
GLOBAL,TRNBRAXXCOLXX,ELCBRAXX02,1,2031,1.0
GLOBAL,TRNBRAXXCOLXX,ELCBRAXX02,1,2032,1.0
GLOBAL,TRNBRAXXCOLXX,ELCBRAXX02,1,2033,1.0
GLOBAL,TRNBRAXXCOLXX,ELCBRAXX02,1,2034,1.0
GLOBAL,TRNBRAXXCOLXX,ELCBRAXX02,1,2035,1.0
GLOBAL,TRNBRAXXCOLXX,ELCBRAXX02,1,2036,1.0
GLOBAL,TRNBRAXXCOLXX,ELCBRAXX02,1,2037,1.0
GLOBAL,TRNBRAXXCOLXX,ELCBRAXX02,1,2038,1.0
GLOBAL,TRNBRAXXCOLXX,ELCBRAXX02,1,2039,1.0
GLOBAL,TRNBRAXXCOLXX,ELCBRAXX02,1,2040,1.0
GLOBAL,TRNBRAXXCOLXX,ELCBRAXX02,1,2041,1.0
GLOBAL,TRNBRAXXCOLXX,ELCBRAXX02,1,2042,1.0
GLOBAL,TRNBRAXXCOLXX,ELCBRAXX02,1,2043,1.0
GLOBAL,TRNBRAXXCOLXX,ELCBRAXX02,1,2044,1.0
GLOBAL,TRNBRAXXCOLXX,ELCBRAXX02,1,2045,1.0
GLOBAL,TRNBRAXXCOLXX,ELCBRAXX02,1,2046,1.0
GLOBAL,TRNBRAXXCOLXX,ELCBRAXX02,1,2047,1.0
GLOBAL,TRNBRAXXCOLXX,ELCBRAXX02,1,2048,1.0
GLOBAL,TRNBRAXXCOLXX,ELCBRAXX02,1,2049,1.0
GLOBAL,TRNBRAXXCOLXX,ELCBRAXX02,1,2050,1.0
GLOBAL,TRNBRAXXCOLXX,ELCCOLXX02,2,2023,1.0
GLOBAL,TRNBRAXXCOLXX,ELCCOLXX02,2,2024,1.0
GLOBAL,TRNBRAXXCOLXX,ELCCOLXX02,2,2025,1.0
GLOBAL,TRNBRAXXCOLXX,ELCCOLXX02,2,2026,1.0
GLOBAL,TRNBRAXXCOLXX,ELCCOLXX02,2,2027,1.0
GLOBAL,TRNBRAXXCOLXX,ELCCOLXX02,2,2028,1.0
GLOBAL,TRNBRAXXCOLXX,ELCCOLXX02,2,2029,1.0
GLOBAL,TRNBRAXXCOLXX,ELCCOLXX02,2,2030,1.0
GLOBAL,TRNBRAXXCOLXX,ELCCOLXX02,2,2031,1.0
GLOBAL,TRNBRAXXCOLXX,ELCCOLXX02,2,2032,1.0
GLOBAL,TRNBRAXXCOLXX,ELCCOLXX02,2,2033,1.0
GLOBAL,TRNBRAXXCOLXX,ELCCOLXX02,2,2034,1.0
GLOBAL,TRNBRAXXCOLXX,ELCCOLXX02,2,2035,1.0
GLOBAL,TRNBRAXXCOLXX,ELCCOLXX02,2,2036,1.0
GLOBAL,TRNBRAXXCOLXX,ELCCOLXX02,2,2037,1.0
GLOBAL,TRNBRAXXCOLXX,ELCCOLXX02,2,2038,1.0
GLOBAL,TRNBRAXXCOLXX,ELCCOLXX02,2,2039,1.0
GLOBAL,TRNBRAXXCOLXX,ELCCOLXX02,2,2040,1.0
GLOBAL,TRNBRAXXCOLXX,ELCCOLXX02,2,2041,1.0
GLOBAL,TRNBRAXXCOLXX,ELCCOLXX02,2,2042,1.0
GLOBAL,TRNBRAXXCOLXX,ELCCOLXX02,2,2043,1.0
GLOBAL,TRNBRAXXCOLXX,ELCCOLXX02,2,2044,1.0
GLOBAL,TRNBRAXXCOLXX,ELCCOLXX02,2,2045,1.0
GLOBAL,TRNBRAXXCOLXX,ELCCOLXX02,2,2046,1.0
GLOBAL,TRNBRAXXCOLXX,ELCCOLXX02,2,2047,1.0
GLOBAL,TRNBRAXXCOLXX,ELCCOLXX02,2,2048,1.0
GLOBAL,TRNBRAXXCOLXX,ELCCOLXX02,2,2049,1.0
GLOBAL,TRNBRAXXCOLXX,ELCCOLXX02,2,2050,1.0
GLOBAL,TRNBRAXXPERXX,ELCBRAXX02,1,2023,1.0
GLOBAL,TRNBRAXXPERXX,ELCBRAXX02,1,2024,1.0
GLOBAL,TRNBRAXXPERXX,ELCBRAXX02,1,2025,1.0
GLOBAL,TRNBRAXXPERXX,ELCBRAXX02,1,2026,1.0
GLOBAL,TRNBRAXXPERXX,ELCBRAXX02,1,2027,1.0
GLOBAL,TRNBRAXXPERXX,ELCBRAXX02,1,2028,1.0
GLOBAL,TRNBRAXXPERXX,ELCBRAXX02,1,2029,1.0
GLOBAL,TRNBRAXXPERXX,ELCBRAXX02,1,2030,1.0
GLOBAL,TRNBRAXXPERXX,ELCBRAXX02,1,2031,1.0
GLOBAL,TRNBRAXXPERXX,ELCBRAXX02,1,2032,1.0
GLOBAL,TRNBRAXXPERXX,ELCBRAXX02,1,2033,1.0
GLOBAL,TRNBRAXXPERXX,ELCBRAXX02,1,2034,1.0
GLOBAL,TRNBRAXXPERXX,ELCBRAXX02,1,2035,1.0
GLOBAL,TRNBRAXXPERXX,ELCBRAXX02,1,2036,1.0
GLOBAL,TRNBRAXXPERXX,ELCBRAXX02,1,2037,1.0
GLOBAL,TRNBRAXXPERXX,ELCBRAXX02,1,2038,1.0
GLOBAL,TRNBRAXXPERXX,ELCBRAXX02,1,2039,1.0
GLOBAL,TRNBRAXXPERXX,ELCBRAXX02,1,2040,1.0
GLOBAL,TRNBRAXXPERXX,ELCBRAXX02,1,2041,1.0
GLOBAL,TRNBRAXXPERXX,ELCBRAXX02,1,2042,1.0
GLOBAL,TRNBRAXXPERXX,ELCBRAXX02,1,2043,1.0
GLOBAL,TRNBRAXXPERXX,ELCBRAXX02,1,2044,1.0
GLOBAL,TRNBRAXXPERXX,ELCBRAXX02,1,2045,1.0
GLOBAL,TRNBRAXXPERXX,ELCBRAXX02,1,2046,1.0
GLOBAL,TRNBRAXXPERXX,ELCBRAXX02,1,2047,1.0
GLOBAL,TRNBRAXXPERXX,ELCBRAXX02,1,2048,1.0
GLOBAL,TRNBRAXXPERXX,ELCBRAXX02,1,2049,1.0
GLOBAL,TRNBRAXXPERXX,ELCBRAXX02,1,2050,1.0
GLOBAL,TRNBRAXXPERXX,ELCPERXX02,2,2023,1.0
GLOBAL,TRNBRAXXPERXX,ELCPERXX02,2,2024,1.0
GLOBAL,TRNBRAXXPERXX,ELCPERXX02,2,2025,1.0
GLOBAL,TRNBRAXXPERXX,ELCPERXX02,2,2026,1.0
GLOBAL,TRNBRAXXPERXX,ELCPERXX02,2,2027,1.0
GLOBAL,TRNBRAXXPERXX,ELCPERXX02,2,2028,1.0
GLOBAL,TRNBRAXXPERXX,ELCPERXX02,2,2029,1.0
GLOBAL,TRNBRAXXPERXX,ELCPERXX02,2,2030,1.0
GLOBAL,TRNBRAXXPERXX,ELCPERXX02,2,2031,1.0
GLOBAL,TRNBRAXXPERXX,ELCPERXX02,2,2032,1.0
GLOBAL,TRNBRAXXPERXX,ELCPERXX02,2,2033,1.0
GLOBAL,TRNBRAXXPERXX,ELCPERXX02,2,2034,1.0
GLOBAL,TRNBRAXXPERXX,ELCPERXX02,2,2035,1.0
GLOBAL,TRNBRAXXPERXX,ELCPERXX02,2,2036,1.0
GLOBAL,TRNBRAXXPERXX,ELCPERXX02,2,2037,1.0
GLOBAL,TRNBRAXXPERXX,ELCPERXX02,2,2038,1.0
GLOBAL,TRNBRAXXPERXX,ELCPERXX02,2,2039,1.0
GLOBAL,TRNBRAXXPERXX,ELCPERXX02,2,2040,1.0
GLOBAL,TRNBRAXXPERXX,ELCPERXX02,2,2041,1.0
GLOBAL,TRNBRAXXPERXX,ELCPERXX02,2,2042,1.0
GLOBAL,TRNBRAXXPERXX,ELCPERXX02,2,2043,1.0
GLOBAL,TRNBRAXXPERXX,ELCPERXX02,2,2044,1.0
GLOBAL,TRNBRAXXPERXX,ELCPERXX02,2,2045,1.0
GLOBAL,TRNBRAXXPERXX,ELCPERXX02,2,2046,1.0
GLOBAL,TRNBRAXXPERXX,ELCPERXX02,2,2047,1.0
GLOBAL,TRNBRAXXPERXX,ELCPERXX02,2,2048,1.0
GLOBAL,TRNBRAXXPERXX,ELCPERXX02,2,2049,1.0
GLOBAL,TRNBRAXXPERXX,ELCPERXX02,2,2050,1.0
GLOBAL,TRNBRAXXPRYXX,ELCBRAXX02,1,2023,1.0
GLOBAL,TRNBRAXXPRYXX,ELCBRAXX02,1,2024,1.0
GLOBAL,TRNBRAXXPRYXX,ELCBRAXX02,1,2025,1.0
GLOBAL,TRNBRAXXPRYXX,ELCBRAXX02,1,2026,1.0
GLOBAL,TRNBRAXXPRYXX,ELCBRAXX02,1,2027,1.0
GLOBAL,TRNBRAXXPRYXX,ELCBRAXX02,1,2028,1.0
GLOBAL,TRNBRAXXPRYXX,ELCBRAXX02,1,2029,1.0
GLOBAL,TRNBRAXXPRYXX,ELCBRAXX02,1,2030,1.0
GLOBAL,TRNBRAXXPRYXX,ELCBRAXX02,1,2031,1.0
GLOBAL,TRNBRAXXPRYXX,ELCBRAXX02,1,2032,1.0
GLOBAL,TRNBRAXXPRYXX,ELCBRAXX02,1,2033,1.0
GLOBAL,TRNBRAXXPRYXX,ELCBRAXX02,1,2034,1.0
GLOBAL,TRNBRAXXPRYXX,ELCBRAXX02,1,2035,1.0
GLOBAL,TRNBRAXXPRYXX,ELCBRAXX02,1,2036,1.0
GLOBAL,TRNBRAXXPRYXX,ELCBRAXX02,1,2037,1.0
GLOBAL,TRNBRAXXPRYXX,ELCBRAXX02,1,2038,1.0
GLOBAL,TRNBRAXXPRYXX,ELCBRAXX02,1,2039,1.0
GLOBAL,TRNBRAXXPRYXX,ELCBRAXX02,1,2040,1.0
GLOBAL,TRNBRAXXPRYXX,ELCBRAXX02,1,2041,1.0
GLOBAL,TRNBRAXXPRYXX,ELCBRAXX02,1,2042,1.0
GLOBAL,TRNBRAXXPRYXX,ELCBRAXX02,1,2043,1.0
GLOBAL,TRNBRAXXPRYXX,ELCBRAXX02,1,2044,1.0
GLOBAL,TRNBRAXXPRYXX,ELCBRAXX02,1,2045,1.0
GLOBAL,TRNBRAXXPRYXX,ELCBRAXX02,1,2046,1.0
GLOBAL,TRNBRAXXPRYXX,ELCBRAXX02,1,2047,1.0
GLOBAL,TRNBRAXXPRYXX,ELCBRAXX02,1,2048,1.0
GLOBAL,TRNBRAXXPRYXX,ELCBRAXX02,1,2049,1.0
GLOBAL,TRNBRAXXPRYXX,ELCBRAXX02,1,2050,1.0
GLOBAL,TRNBRAXXPRYXX,ELCPRYXX02,2,2023,1.0
GLOBAL,TRNBRAXXPRYXX,ELCPRYXX02,2,2024,1.0
GLOBAL,TRNBRAXXPRYXX,ELCPRYXX02,2,2025,1.0
GLOBAL,TRNBRAXXPRYXX,ELCPRYXX02,2,2026,1.0
GLOBAL,TRNBRAXXPRYXX,ELCPRYXX02,2,2027,1.0
GLOBAL,TRNBRAXXPRYXX,ELCPRYXX02,2,2028,1.0
GLOBAL,TRNBRAXXPRYXX,ELCPRYXX02,2,2029,1.0
GLOBAL,TRNBRAXXPRYXX,ELCPRYXX02,2,2030,1.0
GLOBAL,TRNBRAXXPRYXX,ELCPRYXX02,2,2031,1.0
GLOBAL,TRNBRAXXPRYXX,ELCPRYXX02,2,2032,1.0
GLOBAL,TRNBRAXXPRYXX,ELCPRYXX02,2,2033,1.0
GLOBAL,TRNBRAXXPRYXX,ELCPRYXX02,2,2034,1.0
GLOBAL,TRNBRAXXPRYXX,ELCPRYXX02,2,2035,1.0
GLOBAL,TRNBRAXXPRYXX,ELCPRYXX02,2,2036,1.0
GLOBAL,TRNBRAXXPRYXX,ELCPRYXX02,2,2037,1.0
GLOBAL,TRNBRAXXPRYXX,ELCPRYXX02,2,2038,1.0
GLOBAL,TRNBRAXXPRYXX,ELCPRYXX02,2,2039,1.0
GLOBAL,TRNBRAXXPRYXX,ELCPRYXX02,2,2040,1.0
GLOBAL,TRNBRAXXPRYXX,ELCPRYXX02,2,2041,1.0
GLOBAL,TRNBRAXXPRYXX,ELCPRYXX02,2,2042,1.0
GLOBAL,TRNBRAXXPRYXX,ELCPRYXX02,2,2043,1.0
GLOBAL,TRNBRAXXPRYXX,ELCPRYXX02,2,2044,1.0
GLOBAL,TRNBRAXXPRYXX,ELCPRYXX02,2,2045,1.0
GLOBAL,TRNBRAXXPRYXX,ELCPRYXX02,2,2046,1.0
GLOBAL,TRNBRAXXPRYXX,ELCPRYXX02,2,2047,1.0
GLOBAL,TRNBRAXXPRYXX,ELCPRYXX02,2,2048,1.0
GLOBAL,TRNBRAXXPRYXX,ELCPRYXX02,2,2049,1.0
GLOBAL,TRNBRAXXPRYXX,ELCPRYXX02,2,2050,1.0
GLOBAL,TRNBRAXXURYXX,ELCBRAXX02,1,2023,1.0
GLOBAL,TRNBRAXXURYXX,ELCBRAXX02,1,2024,1.0
GLOBAL,TRNBRAXXURYXX,ELCBRAXX02,1,2025,1.0
GLOBAL,TRNBRAXXURYXX,ELCBRAXX02,1,2026,1.0
GLOBAL,TRNBRAXXURYXX,ELCBRAXX02,1,2027,1.0
GLOBAL,TRNBRAXXURYXX,ELCBRAXX02,1,2028,1.0
GLOBAL,TRNBRAXXURYXX,ELCBRAXX02,1,2029,1.0
GLOBAL,TRNBRAXXURYXX,ELCBRAXX02,1,2030,1.0
GLOBAL,TRNBRAXXURYXX,ELCBRAXX02,1,2031,1.0
GLOBAL,TRNBRAXXURYXX,ELCBRAXX02,1,2032,1.0
GLOBAL,TRNBRAXXURYXX,ELCBRAXX02,1,2033,1.0
GLOBAL,TRNBRAXXURYXX,ELCBRAXX02,1,2034,1.0
GLOBAL,TRNBRAXXURYXX,ELCBRAXX02,1,2035,1.0
GLOBAL,TRNBRAXXURYXX,ELCBRAXX02,1,2036,1.0
GLOBAL,TRNBRAXXURYXX,ELCBRAXX02,1,2037,1.0
GLOBAL,TRNBRAXXURYXX,ELCBRAXX02,1,2038,1.0
GLOBAL,TRNBRAXXURYXX,ELCBRAXX02,1,2039,1.0
GLOBAL,TRNBRAXXURYXX,ELCBRAXX02,1,2040,1.0
GLOBAL,TRNBRAXXURYXX,ELCBRAXX02,1,2041,1.0
GLOBAL,TRNBRAXXURYXX,ELCBRAXX02,1,2042,1.0
GLOBAL,TRNBRAXXURYXX,ELCBRAXX02,1,2043,1.0
GLOBAL,TRNBRAXXURYXX,ELCBRAXX02,1,2044,1.0
GLOBAL,TRNBRAXXURYXX,ELCBRAXX02,1,2045,1.0
GLOBAL,TRNBRAXXURYXX,ELCBRAXX02,1,2046,1.0
GLOBAL,TRNBRAXXURYXX,ELCBRAXX02,1,2047,1.0
GLOBAL,TRNBRAXXURYXX,ELCBRAXX02,1,2048,1.0
GLOBAL,TRNBRAXXURYXX,ELCBRAXX02,1,2049,1.0
GLOBAL,TRNBRAXXURYXX,ELCBRAXX02,1,2050,1.0
GLOBAL,TRNBRAXXURYXX,ELCURYXX02,2,2023,1.0
GLOBAL,TRNBRAXXURYXX,ELCURYXX02,2,2024,1.0
GLOBAL,TRNBRAXXURYXX,ELCURYXX02,2,2025,1.0
GLOBAL,TRNBRAXXURYXX,ELCURYXX02,2,2026,1.0
GLOBAL,TRNBRAXXURYXX,ELCURYXX02,2,2027,1.0
GLOBAL,TRNBRAXXURYXX,ELCURYXX02,2,2028,1.0
GLOBAL,TRNBRAXXURYXX,ELCURYXX02,2,2029,1.0
GLOBAL,TRNBRAXXURYXX,ELCURYXX02,2,2030,1.0
GLOBAL,TRNBRAXXURYXX,ELCURYXX02,2,2031,1.0
GLOBAL,TRNBRAXXURYXX,ELCURYXX02,2,2032,1.0
GLOBAL,TRNBRAXXURYXX,ELCURYXX02,2,2033,1.0
GLOBAL,TRNBRAXXURYXX,ELCURYXX02,2,2034,1.0
GLOBAL,TRNBRAXXURYXX,ELCURYXX02,2,2035,1.0
GLOBAL,TRNBRAXXURYXX,ELCURYXX02,2,2036,1.0
GLOBAL,TRNBRAXXURYXX,ELCURYXX02,2,2037,1.0
GLOBAL,TRNBRAXXURYXX,ELCURYXX02,2,2038,1.0
GLOBAL,TRNBRAXXURYXX,ELCURYXX02,2,2039,1.0
GLOBAL,TRNBRAXXURYXX,ELCURYXX02,2,2040,1.0
GLOBAL,TRNBRAXXURYXX,ELCURYXX02,2,2041,1.0
GLOBAL,TRNBRAXXURYXX,ELCURYXX02,2,2042,1.0
GLOBAL,TRNBRAXXURYXX,ELCURYXX02,2,2043,1.0
GLOBAL,TRNBRAXXURYXX,ELCURYXX02,2,2044,1.0
GLOBAL,TRNBRAXXURYXX,ELCURYXX02,2,2045,1.0
GLOBAL,TRNBRAXXURYXX,ELCURYXX02,2,2046,1.0
GLOBAL,TRNBRAXXURYXX,ELCURYXX02,2,2047,1.0
GLOBAL,TRNBRAXXURYXX,ELCURYXX02,2,2048,1.0
GLOBAL,TRNBRAXXURYXX,ELCURYXX02,2,2049,1.0
GLOBAL,TRNBRAXXURYXX,ELCURYXX02,2,2050,1.0
GLOBAL,TRNCHLXXPERXX,ELCCHLXX02,1,2023,1.0
GLOBAL,TRNCHLXXPERXX,ELCCHLXX02,1,2024,1.0
GLOBAL,TRNCHLXXPERXX,ELCCHLXX02,1,2025,1.0
GLOBAL,TRNCHLXXPERXX,ELCCHLXX02,1,2026,1.0
GLOBAL,TRNCHLXXPERXX,ELCCHLXX02,1,2027,1.0
GLOBAL,TRNCHLXXPERXX,ELCCHLXX02,1,2028,1.0
GLOBAL,TRNCHLXXPERXX,ELCCHLXX02,1,2029,1.0
GLOBAL,TRNCHLXXPERXX,ELCCHLXX02,1,2030,1.0
GLOBAL,TRNCHLXXPERXX,ELCCHLXX02,1,2031,1.0
GLOBAL,TRNCHLXXPERXX,ELCCHLXX02,1,2032,1.0
GLOBAL,TRNCHLXXPERXX,ELCCHLXX02,1,2033,1.0
GLOBAL,TRNCHLXXPERXX,ELCCHLXX02,1,2034,1.0
GLOBAL,TRNCHLXXPERXX,ELCCHLXX02,1,2035,1.0
GLOBAL,TRNCHLXXPERXX,ELCCHLXX02,1,2036,1.0
GLOBAL,TRNCHLXXPERXX,ELCCHLXX02,1,2037,1.0
GLOBAL,TRNCHLXXPERXX,ELCCHLXX02,1,2038,1.0
GLOBAL,TRNCHLXXPERXX,ELCCHLXX02,1,2039,1.0
GLOBAL,TRNCHLXXPERXX,ELCCHLXX02,1,2040,1.0
GLOBAL,TRNCHLXXPERXX,ELCCHLXX02,1,2041,1.0
GLOBAL,TRNCHLXXPERXX,ELCCHLXX02,1,2042,1.0
GLOBAL,TRNCHLXXPERXX,ELCCHLXX02,1,2043,1.0
GLOBAL,TRNCHLXXPERXX,ELCCHLXX02,1,2044,1.0
GLOBAL,TRNCHLXXPERXX,ELCCHLXX02,1,2045,1.0
GLOBAL,TRNCHLXXPERXX,ELCCHLXX02,1,2046,1.0
GLOBAL,TRNCHLXXPERXX,ELCCHLXX02,1,2047,1.0
GLOBAL,TRNCHLXXPERXX,ELCCHLXX02,1,2048,1.0
GLOBAL,TRNCHLXXPERXX,ELCCHLXX02,1,2049,1.0
GLOBAL,TRNCHLXXPERXX,ELCCHLXX02,1,2050,1.0
GLOBAL,TRNCHLXXPERXX,ELCPERXX02,2,2023,1.0
GLOBAL,TRNCHLXXPERXX,ELCPERXX02,2,2024,1.0
GLOBAL,TRNCHLXXPERXX,ELCPERXX02,2,2025,1.0
GLOBAL,TRNCHLXXPERXX,ELCPERXX02,2,2026,1.0
GLOBAL,TRNCHLXXPERXX,ELCPERXX02,2,2027,1.0
GLOBAL,TRNCHLXXPERXX,ELCPERXX02,2,2028,1.0
GLOBAL,TRNCHLXXPERXX,ELCPERXX02,2,2029,1.0
GLOBAL,TRNCHLXXPERXX,ELCPERXX02,2,2030,1.0
GLOBAL,TRNCHLXXPERXX,ELCPERXX02,2,2031,1.0
GLOBAL,TRNCHLXXPERXX,ELCPERXX02,2,2032,1.0
GLOBAL,TRNCHLXXPERXX,ELCPERXX02,2,2033,1.0
GLOBAL,TRNCHLXXPERXX,ELCPERXX02,2,2034,1.0
GLOBAL,TRNCHLXXPERXX,ELCPERXX02,2,2035,1.0
GLOBAL,TRNCHLXXPERXX,ELCPERXX02,2,2036,1.0
GLOBAL,TRNCHLXXPERXX,ELCPERXX02,2,2037,1.0
GLOBAL,TRNCHLXXPERXX,ELCPERXX02,2,2038,1.0
GLOBAL,TRNCHLXXPERXX,ELCPERXX02,2,2039,1.0
GLOBAL,TRNCHLXXPERXX,ELCPERXX02,2,2040,1.0
GLOBAL,TRNCHLXXPERXX,ELCPERXX02,2,2041,1.0
GLOBAL,TRNCHLXXPERXX,ELCPERXX02,2,2042,1.0
GLOBAL,TRNCHLXXPERXX,ELCPERXX02,2,2043,1.0
GLOBAL,TRNCHLXXPERXX,ELCPERXX02,2,2044,1.0
GLOBAL,TRNCHLXXPERXX,ELCPERXX02,2,2045,1.0
GLOBAL,TRNCHLXXPERXX,ELCPERXX02,2,2046,1.0
GLOBAL,TRNCHLXXPERXX,ELCPERXX02,2,2047,1.0
GLOBAL,TRNCHLXXPERXX,ELCPERXX02,2,2048,1.0
GLOBAL,TRNCHLXXPERXX,ELCPERXX02,2,2049,1.0
GLOBAL,TRNCHLXXPERXX,ELCPERXX02,2,2050,1.0
GLOBAL,TRNCOLXXECUXX,ELCCOLXX02,1,2023,1.0
GLOBAL,TRNCOLXXECUXX,ELCCOLXX02,1,2024,1.0
GLOBAL,TRNCOLXXECUXX,ELCCOLXX02,1,2025,1.0
GLOBAL,TRNCOLXXECUXX,ELCCOLXX02,1,2026,1.0
GLOBAL,TRNCOLXXECUXX,ELCCOLXX02,1,2027,1.0
GLOBAL,TRNCOLXXECUXX,ELCCOLXX02,1,2028,1.0
GLOBAL,TRNCOLXXECUXX,ELCCOLXX02,1,2029,1.0
GLOBAL,TRNCOLXXECUXX,ELCCOLXX02,1,2030,1.0
GLOBAL,TRNCOLXXECUXX,ELCCOLXX02,1,2031,1.0
GLOBAL,TRNCOLXXECUXX,ELCCOLXX02,1,2032,1.0
GLOBAL,TRNCOLXXECUXX,ELCCOLXX02,1,2033,1.0
GLOBAL,TRNCOLXXECUXX,ELCCOLXX02,1,2034,1.0
GLOBAL,TRNCOLXXECUXX,ELCCOLXX02,1,2035,1.0
GLOBAL,TRNCOLXXECUXX,ELCCOLXX02,1,2036,1.0
GLOBAL,TRNCOLXXECUXX,ELCCOLXX02,1,2037,1.0
GLOBAL,TRNCOLXXECUXX,ELCCOLXX02,1,2038,1.0
GLOBAL,TRNCOLXXECUXX,ELCCOLXX02,1,2039,1.0
GLOBAL,TRNCOLXXECUXX,ELCCOLXX02,1,2040,1.0
GLOBAL,TRNCOLXXECUXX,ELCCOLXX02,1,2041,1.0
GLOBAL,TRNCOLXXECUXX,ELCCOLXX02,1,2042,1.0
GLOBAL,TRNCOLXXECUXX,ELCCOLXX02,1,2043,1.0
GLOBAL,TRNCOLXXECUXX,ELCCOLXX02,1,2044,1.0
GLOBAL,TRNCOLXXECUXX,ELCCOLXX02,1,2045,1.0
GLOBAL,TRNCOLXXECUXX,ELCCOLXX02,1,2046,1.0
GLOBAL,TRNCOLXXECUXX,ELCCOLXX02,1,2047,1.0
GLOBAL,TRNCOLXXECUXX,ELCCOLXX02,1,2048,1.0
GLOBAL,TRNCOLXXECUXX,ELCCOLXX02,1,2049,1.0
GLOBAL,TRNCOLXXECUXX,ELCCOLXX02,1,2050,1.0
GLOBAL,TRNCOLXXECUXX,ELCECUXX02,2,2023,1.0
GLOBAL,TRNCOLXXECUXX,ELCECUXX02,2,2024,1.0
GLOBAL,TRNCOLXXECUXX,ELCECUXX02,2,2025,1.0
GLOBAL,TRNCOLXXECUXX,ELCECUXX02,2,2026,1.0
GLOBAL,TRNCOLXXECUXX,ELCECUXX02,2,2027,1.0
GLOBAL,TRNCOLXXECUXX,ELCECUXX02,2,2028,1.0
GLOBAL,TRNCOLXXECUXX,ELCECUXX02,2,2029,1.0
GLOBAL,TRNCOLXXECUXX,ELCECUXX02,2,2030,1.0
GLOBAL,TRNCOLXXECUXX,ELCECUXX02,2,2031,1.0
GLOBAL,TRNCOLXXECUXX,ELCECUXX02,2,2032,1.0
GLOBAL,TRNCOLXXECUXX,ELCECUXX02,2,2033,1.0
GLOBAL,TRNCOLXXECUXX,ELCECUXX02,2,2034,1.0
GLOBAL,TRNCOLXXECUXX,ELCECUXX02,2,2035,1.0
GLOBAL,TRNCOLXXECUXX,ELCECUXX02,2,2036,1.0
GLOBAL,TRNCOLXXECUXX,ELCECUXX02,2,2037,1.0
GLOBAL,TRNCOLXXECUXX,ELCECUXX02,2,2038,1.0
GLOBAL,TRNCOLXXECUXX,ELCECUXX02,2,2039,1.0
GLOBAL,TRNCOLXXECUXX,ELCECUXX02,2,2040,1.0
GLOBAL,TRNCOLXXECUXX,ELCECUXX02,2,2041,1.0
GLOBAL,TRNCOLXXECUXX,ELCECUXX02,2,2042,1.0
GLOBAL,TRNCOLXXECUXX,ELCECUXX02,2,2043,1.0
GLOBAL,TRNCOLXXECUXX,ELCECUXX02,2,2044,1.0
GLOBAL,TRNCOLXXECUXX,ELCECUXX02,2,2045,1.0
GLOBAL,TRNCOLXXECUXX,ELCECUXX02,2,2046,1.0
GLOBAL,TRNCOLXXECUXX,ELCECUXX02,2,2047,1.0
GLOBAL,TRNCOLXXECUXX,ELCECUXX02,2,2048,1.0
GLOBAL,TRNCOLXXECUXX,ELCECUXX02,2,2049,1.0
GLOBAL,TRNCOLXXECUXX,ELCECUXX02,2,2050,1.0
GLOBAL,TRNCOLXXPANXX,ELCCOLXX02,1,2023,1.0
GLOBAL,TRNCOLXXPANXX,ELCCOLXX02,1,2024,1.0
GLOBAL,TRNCOLXXPANXX,ELCCOLXX02,1,2025,1.0
GLOBAL,TRNCOLXXPANXX,ELCCOLXX02,1,2026,1.0
GLOBAL,TRNCOLXXPANXX,ELCCOLXX02,1,2027,1.0
GLOBAL,TRNCOLXXPANXX,ELCCOLXX02,1,2028,1.0
GLOBAL,TRNCOLXXPANXX,ELCCOLXX02,1,2029,1.0
GLOBAL,TRNCOLXXPANXX,ELCCOLXX02,1,2030,1.0
GLOBAL,TRNCOLXXPANXX,ELCCOLXX02,1,2031,1.0
GLOBAL,TRNCOLXXPANXX,ELCCOLXX02,1,2032,1.0
GLOBAL,TRNCOLXXPANXX,ELCCOLXX02,1,2033,1.0
GLOBAL,TRNCOLXXPANXX,ELCCOLXX02,1,2034,1.0
GLOBAL,TRNCOLXXPANXX,ELCCOLXX02,1,2035,1.0
GLOBAL,TRNCOLXXPANXX,ELCCOLXX02,1,2036,1.0
GLOBAL,TRNCOLXXPANXX,ELCCOLXX02,1,2037,1.0
GLOBAL,TRNCOLXXPANXX,ELCCOLXX02,1,2038,1.0
GLOBAL,TRNCOLXXPANXX,ELCCOLXX02,1,2039,1.0
GLOBAL,TRNCOLXXPANXX,ELCCOLXX02,1,2040,1.0
GLOBAL,TRNCOLXXPANXX,ELCCOLXX02,1,2041,1.0
GLOBAL,TRNCOLXXPANXX,ELCCOLXX02,1,2042,1.0
GLOBAL,TRNCOLXXPANXX,ELCCOLXX02,1,2043,1.0
GLOBAL,TRNCOLXXPANXX,ELCCOLXX02,1,2044,1.0
GLOBAL,TRNCOLXXPANXX,ELCCOLXX02,1,2045,1.0
GLOBAL,TRNCOLXXPANXX,ELCCOLXX02,1,2046,1.0
GLOBAL,TRNCOLXXPANXX,ELCCOLXX02,1,2047,1.0
GLOBAL,TRNCOLXXPANXX,ELCCOLXX02,1,2048,1.0
GLOBAL,TRNCOLXXPANXX,ELCCOLXX02,1,2049,1.0
GLOBAL,TRNCOLXXPANXX,ELCCOLXX02,1,2050,1.0
GLOBAL,TRNCOLXXPANXX,ELCPANXX02,2,2023,1.0
GLOBAL,TRNCOLXXPANXX,ELCPANXX02,2,2024,1.0
GLOBAL,TRNCOLXXPANXX,ELCPANXX02,2,2025,1.0
GLOBAL,TRNCOLXXPANXX,ELCPANXX02,2,2026,1.0
GLOBAL,TRNCOLXXPANXX,ELCPANXX02,2,2027,1.0
GLOBAL,TRNCOLXXPANXX,ELCPANXX02,2,2028,1.0
GLOBAL,TRNCOLXXPANXX,ELCPANXX02,2,2029,1.0
GLOBAL,TRNCOLXXPANXX,ELCPANXX02,2,2030,1.0
GLOBAL,TRNCOLXXPANXX,ELCPANXX02,2,2031,1.0
GLOBAL,TRNCOLXXPANXX,ELCPANXX02,2,2032,1.0
GLOBAL,TRNCOLXXPANXX,ELCPANXX02,2,2033,1.0
GLOBAL,TRNCOLXXPANXX,ELCPANXX02,2,2034,1.0
GLOBAL,TRNCOLXXPANXX,ELCPANXX02,2,2035,1.0
GLOBAL,TRNCOLXXPANXX,ELCPANXX02,2,2036,1.0
GLOBAL,TRNCOLXXPANXX,ELCPANXX02,2,2037,1.0
GLOBAL,TRNCOLXXPANXX,ELCPANXX02,2,2038,1.0
GLOBAL,TRNCOLXXPANXX,ELCPANXX02,2,2039,1.0
GLOBAL,TRNCOLXXPANXX,ELCPANXX02,2,2040,1.0
GLOBAL,TRNCOLXXPANXX,ELCPANXX02,2,2041,1.0
GLOBAL,TRNCOLXXPANXX,ELCPANXX02,2,2042,1.0
GLOBAL,TRNCOLXXPANXX,ELCPANXX02,2,2043,1.0
GLOBAL,TRNCOLXXPANXX,ELCPANXX02,2,2044,1.0
GLOBAL,TRNCOLXXPANXX,ELCPANXX02,2,2045,1.0
GLOBAL,TRNCOLXXPANXX,ELCPANXX02,2,2046,1.0
GLOBAL,TRNCOLXXPANXX,ELCPANXX02,2,2047,1.0
GLOBAL,TRNCOLXXPANXX,ELCPANXX02,2,2048,1.0
GLOBAL,TRNCOLXXPANXX,ELCPANXX02,2,2049,1.0
GLOBAL,TRNCOLXXPANXX,ELCPANXX02,2,2050,1.0
GLOBAL,TRNCOLXXPERXX,ELCCOLXX02,1,2023,1.0
GLOBAL,TRNCOLXXPERXX,ELCCOLXX02,1,2024,1.0
GLOBAL,TRNCOLXXPERXX,ELCCOLXX02,1,2025,1.0
GLOBAL,TRNCOLXXPERXX,ELCCOLXX02,1,2026,1.0
GLOBAL,TRNCOLXXPERXX,ELCCOLXX02,1,2027,1.0
GLOBAL,TRNCOLXXPERXX,ELCCOLXX02,1,2028,1.0
GLOBAL,TRNCOLXXPERXX,ELCCOLXX02,1,2029,1.0
GLOBAL,TRNCOLXXPERXX,ELCCOLXX02,1,2030,1.0
GLOBAL,TRNCOLXXPERXX,ELCCOLXX02,1,2031,1.0
GLOBAL,TRNCOLXXPERXX,ELCCOLXX02,1,2032,1.0
GLOBAL,TRNCOLXXPERXX,ELCCOLXX02,1,2033,1.0
GLOBAL,TRNCOLXXPERXX,ELCCOLXX02,1,2034,1.0
GLOBAL,TRNCOLXXPERXX,ELCCOLXX02,1,2035,1.0
GLOBAL,TRNCOLXXPERXX,ELCCOLXX02,1,2036,1.0
GLOBAL,TRNCOLXXPERXX,ELCCOLXX02,1,2037,1.0
GLOBAL,TRNCOLXXPERXX,ELCCOLXX02,1,2038,1.0
GLOBAL,TRNCOLXXPERXX,ELCCOLXX02,1,2039,1.0
GLOBAL,TRNCOLXXPERXX,ELCCOLXX02,1,2040,1.0
GLOBAL,TRNCOLXXPERXX,ELCCOLXX02,1,2041,1.0
GLOBAL,TRNCOLXXPERXX,ELCCOLXX02,1,2042,1.0
GLOBAL,TRNCOLXXPERXX,ELCCOLXX02,1,2043,1.0
GLOBAL,TRNCOLXXPERXX,ELCCOLXX02,1,2044,1.0
GLOBAL,TRNCOLXXPERXX,ELCCOLXX02,1,2045,1.0
GLOBAL,TRNCOLXXPERXX,ELCCOLXX02,1,2046,1.0
GLOBAL,TRNCOLXXPERXX,ELCCOLXX02,1,2047,1.0
GLOBAL,TRNCOLXXPERXX,ELCCOLXX02,1,2048,1.0
GLOBAL,TRNCOLXXPERXX,ELCCOLXX02,1,2049,1.0
GLOBAL,TRNCOLXXPERXX,ELCCOLXX02,1,2050,1.0
GLOBAL,TRNCOLXXPERXX,ELCPERXX02,2,2023,1.0
GLOBAL,TRNCOLXXPERXX,ELCPERXX02,2,2024,1.0
GLOBAL,TRNCOLXXPERXX,ELCPERXX02,2,2025,1.0
GLOBAL,TRNCOLXXPERXX,ELCPERXX02,2,2026,1.0
GLOBAL,TRNCOLXXPERXX,ELCPERXX02,2,2027,1.0
GLOBAL,TRNCOLXXPERXX,ELCPERXX02,2,2028,1.0
GLOBAL,TRNCOLXXPERXX,ELCPERXX02,2,2029,1.0
GLOBAL,TRNCOLXXPERXX,ELCPERXX02,2,2030,1.0
GLOBAL,TRNCOLXXPERXX,ELCPERXX02,2,2031,1.0
GLOBAL,TRNCOLXXPERXX,ELCPERXX02,2,2032,1.0
GLOBAL,TRNCOLXXPERXX,ELCPERXX02,2,2033,1.0
GLOBAL,TRNCOLXXPERXX,ELCPERXX02,2,2034,1.0
GLOBAL,TRNCOLXXPERXX,ELCPERXX02,2,2035,1.0
GLOBAL,TRNCOLXXPERXX,ELCPERXX02,2,2036,1.0
GLOBAL,TRNCOLXXPERXX,ELCPERXX02,2,2037,1.0
GLOBAL,TRNCOLXXPERXX,ELCPERXX02,2,2038,1.0
GLOBAL,TRNCOLXXPERXX,ELCPERXX02,2,2039,1.0
GLOBAL,TRNCOLXXPERXX,ELCPERXX02,2,2040,1.0
GLOBAL,TRNCOLXXPERXX,ELCPERXX02,2,2041,1.0
GLOBAL,TRNCOLXXPERXX,ELCPERXX02,2,2042,1.0
GLOBAL,TRNCOLXXPERXX,ELCPERXX02,2,2043,1.0
GLOBAL,TRNCOLXXPERXX,ELCPERXX02,2,2044,1.0
GLOBAL,TRNCOLXXPERXX,ELCPERXX02,2,2045,1.0
GLOBAL,TRNCOLXXPERXX,ELCPERXX02,2,2046,1.0
GLOBAL,TRNCOLXXPERXX,ELCPERXX02,2,2047,1.0
GLOBAL,TRNCOLXXPERXX,ELCPERXX02,2,2048,1.0
GLOBAL,TRNCOLXXPERXX,ELCPERXX02,2,2049,1.0
GLOBAL,TRNCOLXXPERXX,ELCPERXX02,2,2050,1.0
GLOBAL,TRNCRIXXNICXX,ELCCRIXX02,1,2023,1.0
GLOBAL,TRNCRIXXNICXX,ELCCRIXX02,1,2024,1.0
GLOBAL,TRNCRIXXNICXX,ELCCRIXX02,1,2025,1.0
GLOBAL,TRNCRIXXNICXX,ELCCRIXX02,1,2026,1.0
GLOBAL,TRNCRIXXNICXX,ELCCRIXX02,1,2027,1.0
GLOBAL,TRNCRIXXNICXX,ELCCRIXX02,1,2028,1.0
GLOBAL,TRNCRIXXNICXX,ELCCRIXX02,1,2029,1.0
GLOBAL,TRNCRIXXNICXX,ELCCRIXX02,1,2030,1.0
GLOBAL,TRNCRIXXNICXX,ELCCRIXX02,1,2031,1.0
GLOBAL,TRNCRIXXNICXX,ELCCRIXX02,1,2032,1.0
GLOBAL,TRNCRIXXNICXX,ELCCRIXX02,1,2033,1.0
GLOBAL,TRNCRIXXNICXX,ELCCRIXX02,1,2034,1.0
GLOBAL,TRNCRIXXNICXX,ELCCRIXX02,1,2035,1.0
GLOBAL,TRNCRIXXNICXX,ELCCRIXX02,1,2036,1.0
GLOBAL,TRNCRIXXNICXX,ELCCRIXX02,1,2037,1.0
GLOBAL,TRNCRIXXNICXX,ELCCRIXX02,1,2038,1.0
GLOBAL,TRNCRIXXNICXX,ELCCRIXX02,1,2039,1.0
GLOBAL,TRNCRIXXNICXX,ELCCRIXX02,1,2040,1.0
GLOBAL,TRNCRIXXNICXX,ELCCRIXX02,1,2041,1.0
GLOBAL,TRNCRIXXNICXX,ELCCRIXX02,1,2042,1.0
GLOBAL,TRNCRIXXNICXX,ELCCRIXX02,1,2043,1.0
GLOBAL,TRNCRIXXNICXX,ELCCRIXX02,1,2044,1.0
GLOBAL,TRNCRIXXNICXX,ELCCRIXX02,1,2045,1.0
GLOBAL,TRNCRIXXNICXX,ELCCRIXX02,1,2046,1.0
GLOBAL,TRNCRIXXNICXX,ELCCRIXX02,1,2047,1.0
GLOBAL,TRNCRIXXNICXX,ELCCRIXX02,1,2048,1.0
GLOBAL,TRNCRIXXNICXX,ELCCRIXX02,1,2049,1.0
GLOBAL,TRNCRIXXNICXX,ELCCRIXX02,1,2050,1.0
GLOBAL,TRNCRIXXNICXX,ELCNICXX02,2,2023,1.0
GLOBAL,TRNCRIXXNICXX,ELCNICXX02,2,2024,1.0
GLOBAL,TRNCRIXXNICXX,ELCNICXX02,2,2025,1.0
GLOBAL,TRNCRIXXNICXX,ELCNICXX02,2,2026,1.0
GLOBAL,TRNCRIXXNICXX,ELCNICXX02,2,2027,1.0
GLOBAL,TRNCRIXXNICXX,ELCNICXX02,2,2028,1.0
GLOBAL,TRNCRIXXNICXX,ELCNICXX02,2,2029,1.0
GLOBAL,TRNCRIXXNICXX,ELCNICXX02,2,2030,1.0
GLOBAL,TRNCRIXXNICXX,ELCNICXX02,2,2031,1.0
GLOBAL,TRNCRIXXNICXX,ELCNICXX02,2,2032,1.0
GLOBAL,TRNCRIXXNICXX,ELCNICXX02,2,2033,1.0
GLOBAL,TRNCRIXXNICXX,ELCNICXX02,2,2034,1.0
GLOBAL,TRNCRIXXNICXX,ELCNICXX02,2,2035,1.0
GLOBAL,TRNCRIXXNICXX,ELCNICXX02,2,2036,1.0
GLOBAL,TRNCRIXXNICXX,ELCNICXX02,2,2037,1.0
GLOBAL,TRNCRIXXNICXX,ELCNICXX02,2,2038,1.0
GLOBAL,TRNCRIXXNICXX,ELCNICXX02,2,2039,1.0
GLOBAL,TRNCRIXXNICXX,ELCNICXX02,2,2040,1.0
GLOBAL,TRNCRIXXNICXX,ELCNICXX02,2,2041,1.0
GLOBAL,TRNCRIXXNICXX,ELCNICXX02,2,2042,1.0
GLOBAL,TRNCRIXXNICXX,ELCNICXX02,2,2043,1.0
GLOBAL,TRNCRIXXNICXX,ELCNICXX02,2,2044,1.0
GLOBAL,TRNCRIXXNICXX,ELCNICXX02,2,2045,1.0
GLOBAL,TRNCRIXXNICXX,ELCNICXX02,2,2046,1.0
GLOBAL,TRNCRIXXNICXX,ELCNICXX02,2,2047,1.0
GLOBAL,TRNCRIXXNICXX,ELCNICXX02,2,2048,1.0
GLOBAL,TRNCRIXXNICXX,ELCNICXX02,2,2049,1.0
GLOBAL,TRNCRIXXNICXX,ELCNICXX02,2,2050,1.0
GLOBAL,TRNCRIXXPANXX,ELCCRIXX02,1,2023,1.0
GLOBAL,TRNCRIXXPANXX,ELCCRIXX02,1,2024,1.0
GLOBAL,TRNCRIXXPANXX,ELCCRIXX02,1,2025,1.0
GLOBAL,TRNCRIXXPANXX,ELCCRIXX02,1,2026,1.0
GLOBAL,TRNCRIXXPANXX,ELCCRIXX02,1,2027,1.0
GLOBAL,TRNCRIXXPANXX,ELCCRIXX02,1,2028,1.0
GLOBAL,TRNCRIXXPANXX,ELCCRIXX02,1,2029,1.0
GLOBAL,TRNCRIXXPANXX,ELCCRIXX02,1,2030,1.0
GLOBAL,TRNCRIXXPANXX,ELCCRIXX02,1,2031,1.0
GLOBAL,TRNCRIXXPANXX,ELCCRIXX02,1,2032,1.0
GLOBAL,TRNCRIXXPANXX,ELCCRIXX02,1,2033,1.0
GLOBAL,TRNCRIXXPANXX,ELCCRIXX02,1,2034,1.0
GLOBAL,TRNCRIXXPANXX,ELCCRIXX02,1,2035,1.0
GLOBAL,TRNCRIXXPANXX,ELCCRIXX02,1,2036,1.0
GLOBAL,TRNCRIXXPANXX,ELCCRIXX02,1,2037,1.0
GLOBAL,TRNCRIXXPANXX,ELCCRIXX02,1,2038,1.0
GLOBAL,TRNCRIXXPANXX,ELCCRIXX02,1,2039,1.0
GLOBAL,TRNCRIXXPANXX,ELCCRIXX02,1,2040,1.0
GLOBAL,TRNCRIXXPANXX,ELCCRIXX02,1,2041,1.0
GLOBAL,TRNCRIXXPANXX,ELCCRIXX02,1,2042,1.0
GLOBAL,TRNCRIXXPANXX,ELCCRIXX02,1,2043,1.0
GLOBAL,TRNCRIXXPANXX,ELCCRIXX02,1,2044,1.0
GLOBAL,TRNCRIXXPANXX,ELCCRIXX02,1,2045,1.0
GLOBAL,TRNCRIXXPANXX,ELCCRIXX02,1,2046,1.0
GLOBAL,TRNCRIXXPANXX,ELCCRIXX02,1,2047,1.0
GLOBAL,TRNCRIXXPANXX,ELCCRIXX02,1,2048,1.0
GLOBAL,TRNCRIXXPANXX,ELCCRIXX02,1,2049,1.0
GLOBAL,TRNCRIXXPANXX,ELCCRIXX02,1,2050,1.0
GLOBAL,TRNCRIXXPANXX,ELCPANXX02,2,2023,1.0
GLOBAL,TRNCRIXXPANXX,ELCPANXX02,2,2024,1.0
GLOBAL,TRNCRIXXPANXX,ELCPANXX02,2,2025,1.0
GLOBAL,TRNCRIXXPANXX,ELCPANXX02,2,2026,1.0
GLOBAL,TRNCRIXXPANXX,ELCPANXX02,2,2027,1.0
GLOBAL,TRNCRIXXPANXX,ELCPANXX02,2,2028,1.0
GLOBAL,TRNCRIXXPANXX,ELCPANXX02,2,2029,1.0
GLOBAL,TRNCRIXXPANXX,ELCPANXX02,2,2030,1.0
GLOBAL,TRNCRIXXPANXX,ELCPANXX02,2,2031,1.0
GLOBAL,TRNCRIXXPANXX,ELCPANXX02,2,2032,1.0
GLOBAL,TRNCRIXXPANXX,ELCPANXX02,2,2033,1.0
GLOBAL,TRNCRIXXPANXX,ELCPANXX02,2,2034,1.0
GLOBAL,TRNCRIXXPANXX,ELCPANXX02,2,2035,1.0
GLOBAL,TRNCRIXXPANXX,ELCPANXX02,2,2036,1.0
GLOBAL,TRNCRIXXPANXX,ELCPANXX02,2,2037,1.0
GLOBAL,TRNCRIXXPANXX,ELCPANXX02,2,2038,1.0
GLOBAL,TRNCRIXXPANXX,ELCPANXX02,2,2039,1.0
GLOBAL,TRNCRIXXPANXX,ELCPANXX02,2,2040,1.0
GLOBAL,TRNCRIXXPANXX,ELCPANXX02,2,2041,1.0
GLOBAL,TRNCRIXXPANXX,ELCPANXX02,2,2042,1.0
GLOBAL,TRNCRIXXPANXX,ELCPANXX02,2,2043,1.0
GLOBAL,TRNCRIXXPANXX,ELCPANXX02,2,2044,1.0
GLOBAL,TRNCRIXXPANXX,ELCPANXX02,2,2045,1.0
GLOBAL,TRNCRIXXPANXX,ELCPANXX02,2,2046,1.0
GLOBAL,TRNCRIXXPANXX,ELCPANXX02,2,2047,1.0
GLOBAL,TRNCRIXXPANXX,ELCPANXX02,2,2048,1.0
GLOBAL,TRNCRIXXPANXX,ELCPANXX02,2,2049,1.0
GLOBAL,TRNCRIXXPANXX,ELCPANXX02,2,2050,1.0
GLOBAL,TRNDOMXXHTIXX,ELCDOMXX02,1,2023,1.0
GLOBAL,TRNDOMXXHTIXX,ELCDOMXX02,1,2024,1.0
GLOBAL,TRNDOMXXHTIXX,ELCDOMXX02,1,2025,1.0
GLOBAL,TRNDOMXXHTIXX,ELCDOMXX02,1,2026,1.0
GLOBAL,TRNDOMXXHTIXX,ELCDOMXX02,1,2027,1.0
GLOBAL,TRNDOMXXHTIXX,ELCDOMXX02,1,2028,1.0
GLOBAL,TRNDOMXXHTIXX,ELCDOMXX02,1,2029,1.0
GLOBAL,TRNDOMXXHTIXX,ELCDOMXX02,1,2030,1.0
GLOBAL,TRNDOMXXHTIXX,ELCDOMXX02,1,2031,1.0
GLOBAL,TRNDOMXXHTIXX,ELCDOMXX02,1,2032,1.0
GLOBAL,TRNDOMXXHTIXX,ELCDOMXX02,1,2033,1.0
GLOBAL,TRNDOMXXHTIXX,ELCDOMXX02,1,2034,1.0
GLOBAL,TRNDOMXXHTIXX,ELCDOMXX02,1,2035,1.0
GLOBAL,TRNDOMXXHTIXX,ELCDOMXX02,1,2036,1.0
GLOBAL,TRNDOMXXHTIXX,ELCDOMXX02,1,2037,1.0
GLOBAL,TRNDOMXXHTIXX,ELCDOMXX02,1,2038,1.0
GLOBAL,TRNDOMXXHTIXX,ELCDOMXX02,1,2039,1.0
GLOBAL,TRNDOMXXHTIXX,ELCDOMXX02,1,2040,1.0
GLOBAL,TRNDOMXXHTIXX,ELCDOMXX02,1,2041,1.0
GLOBAL,TRNDOMXXHTIXX,ELCDOMXX02,1,2042,1.0
GLOBAL,TRNDOMXXHTIXX,ELCDOMXX02,1,2043,1.0
GLOBAL,TRNDOMXXHTIXX,ELCDOMXX02,1,2044,1.0
GLOBAL,TRNDOMXXHTIXX,ELCDOMXX02,1,2045,1.0
GLOBAL,TRNDOMXXHTIXX,ELCDOMXX02,1,2046,1.0
GLOBAL,TRNDOMXXHTIXX,ELCDOMXX02,1,2047,1.0
GLOBAL,TRNDOMXXHTIXX,ELCDOMXX02,1,2048,1.0
GLOBAL,TRNDOMXXHTIXX,ELCDOMXX02,1,2049,1.0
GLOBAL,TRNDOMXXHTIXX,ELCDOMXX02,1,2050,1.0
GLOBAL,TRNDOMXXHTIXX,ELCHTIXX02,2,2023,1.0
GLOBAL,TRNDOMXXHTIXX,ELCHTIXX02,2,2024,1.0
GLOBAL,TRNDOMXXHTIXX,ELCHTIXX02,2,2025,1.0
GLOBAL,TRNDOMXXHTIXX,ELCHTIXX02,2,2026,1.0
GLOBAL,TRNDOMXXHTIXX,ELCHTIXX02,2,2027,1.0
GLOBAL,TRNDOMXXHTIXX,ELCHTIXX02,2,2028,1.0
GLOBAL,TRNDOMXXHTIXX,ELCHTIXX02,2,2029,1.0
GLOBAL,TRNDOMXXHTIXX,ELCHTIXX02,2,2030,1.0
GLOBAL,TRNDOMXXHTIXX,ELCHTIXX02,2,2031,1.0
GLOBAL,TRNDOMXXHTIXX,ELCHTIXX02,2,2032,1.0
GLOBAL,TRNDOMXXHTIXX,ELCHTIXX02,2,2033,1.0
GLOBAL,TRNDOMXXHTIXX,ELCHTIXX02,2,2034,1.0
GLOBAL,TRNDOMXXHTIXX,ELCHTIXX02,2,2035,1.0
GLOBAL,TRNDOMXXHTIXX,ELCHTIXX02,2,2036,1.0
GLOBAL,TRNDOMXXHTIXX,ELCHTIXX02,2,2037,1.0
GLOBAL,TRNDOMXXHTIXX,ELCHTIXX02,2,2038,1.0
GLOBAL,TRNDOMXXHTIXX,ELCHTIXX02,2,2039,1.0
GLOBAL,TRNDOMXXHTIXX,ELCHTIXX02,2,2040,1.0
GLOBAL,TRNDOMXXHTIXX,ELCHTIXX02,2,2041,1.0
GLOBAL,TRNDOMXXHTIXX,ELCHTIXX02,2,2042,1.0
GLOBAL,TRNDOMXXHTIXX,ELCHTIXX02,2,2043,1.0
GLOBAL,TRNDOMXXHTIXX,ELCHTIXX02,2,2044,1.0
GLOBAL,TRNDOMXXHTIXX,ELCHTIXX02,2,2045,1.0
GLOBAL,TRNDOMXXHTIXX,ELCHTIXX02,2,2046,1.0
GLOBAL,TRNDOMXXHTIXX,ELCHTIXX02,2,2047,1.0
GLOBAL,TRNDOMXXHTIXX,ELCHTIXX02,2,2048,1.0
GLOBAL,TRNDOMXXHTIXX,ELCHTIXX02,2,2049,1.0
GLOBAL,TRNDOMXXHTIXX,ELCHTIXX02,2,2050,1.0
GLOBAL,TRNECUXXPERXX,ELCECUXX02,1,2023,1.0
GLOBAL,TRNECUXXPERXX,ELCECUXX02,1,2024,1.0
GLOBAL,TRNECUXXPERXX,ELCECUXX02,1,2025,1.0
GLOBAL,TRNECUXXPERXX,ELCECUXX02,1,2026,1.0
GLOBAL,TRNECUXXPERXX,ELCECUXX02,1,2027,1.0
GLOBAL,TRNECUXXPERXX,ELCECUXX02,1,2028,1.0
GLOBAL,TRNECUXXPERXX,ELCECUXX02,1,2029,1.0
GLOBAL,TRNECUXXPERXX,ELCECUXX02,1,2030,1.0
GLOBAL,TRNECUXXPERXX,ELCECUXX02,1,2031,1.0
GLOBAL,TRNECUXXPERXX,ELCECUXX02,1,2032,1.0
GLOBAL,TRNECUXXPERXX,ELCECUXX02,1,2033,1.0
GLOBAL,TRNECUXXPERXX,ELCECUXX02,1,2034,1.0
GLOBAL,TRNECUXXPERXX,ELCECUXX02,1,2035,1.0
GLOBAL,TRNECUXXPERXX,ELCECUXX02,1,2036,1.0
GLOBAL,TRNECUXXPERXX,ELCECUXX02,1,2037,1.0
GLOBAL,TRNECUXXPERXX,ELCECUXX02,1,2038,1.0
GLOBAL,TRNECUXXPERXX,ELCECUXX02,1,2039,1.0
GLOBAL,TRNECUXXPERXX,ELCECUXX02,1,2040,1.0
GLOBAL,TRNECUXXPERXX,ELCECUXX02,1,2041,1.0
GLOBAL,TRNECUXXPERXX,ELCECUXX02,1,2042,1.0
GLOBAL,TRNECUXXPERXX,ELCECUXX02,1,2043,1.0
GLOBAL,TRNECUXXPERXX,ELCECUXX02,1,2044,1.0
GLOBAL,TRNECUXXPERXX,ELCECUXX02,1,2045,1.0
GLOBAL,TRNECUXXPERXX,ELCECUXX02,1,2046,1.0
GLOBAL,TRNECUXXPERXX,ELCECUXX02,1,2047,1.0
GLOBAL,TRNECUXXPERXX,ELCECUXX02,1,2048,1.0
GLOBAL,TRNECUXXPERXX,ELCECUXX02,1,2049,1.0
GLOBAL,TRNECUXXPERXX,ELCECUXX02,1,2050,1.0
GLOBAL,TRNECUXXPERXX,ELCPERXX02,2,2023,1.0
GLOBAL,TRNECUXXPERXX,ELCPERXX02,2,2024,1.0
GLOBAL,TRNECUXXPERXX,ELCPERXX02,2,2025,1.0
GLOBAL,TRNECUXXPERXX,ELCPERXX02,2,2026,1.0
GLOBAL,TRNECUXXPERXX,ELCPERXX02,2,2027,1.0
GLOBAL,TRNECUXXPERXX,ELCPERXX02,2,2028,1.0
GLOBAL,TRNECUXXPERXX,ELCPERXX02,2,2029,1.0
GLOBAL,TRNECUXXPERXX,ELCPERXX02,2,2030,1.0
GLOBAL,TRNECUXXPERXX,ELCPERXX02,2,2031,1.0
GLOBAL,TRNECUXXPERXX,ELCPERXX02,2,2032,1.0
GLOBAL,TRNECUXXPERXX,ELCPERXX02,2,2033,1.0
GLOBAL,TRNECUXXPERXX,ELCPERXX02,2,2034,1.0
GLOBAL,TRNECUXXPERXX,ELCPERXX02,2,2035,1.0
GLOBAL,TRNECUXXPERXX,ELCPERXX02,2,2036,1.0
GLOBAL,TRNECUXXPERXX,ELCPERXX02,2,2037,1.0
GLOBAL,TRNECUXXPERXX,ELCPERXX02,2,2038,1.0
GLOBAL,TRNECUXXPERXX,ELCPERXX02,2,2039,1.0
GLOBAL,TRNECUXXPERXX,ELCPERXX02,2,2040,1.0
GLOBAL,TRNECUXXPERXX,ELCPERXX02,2,2041,1.0
GLOBAL,TRNECUXXPERXX,ELCPERXX02,2,2042,1.0
GLOBAL,TRNECUXXPERXX,ELCPERXX02,2,2043,1.0
GLOBAL,TRNECUXXPERXX,ELCPERXX02,2,2044,1.0
GLOBAL,TRNECUXXPERXX,ELCPERXX02,2,2045,1.0
GLOBAL,TRNECUXXPERXX,ELCPERXX02,2,2046,1.0
GLOBAL,TRNECUXXPERXX,ELCPERXX02,2,2047,1.0
GLOBAL,TRNECUXXPERXX,ELCPERXX02,2,2048,1.0
GLOBAL,TRNECUXXPERXX,ELCPERXX02,2,2049,1.0
GLOBAL,TRNECUXXPERXX,ELCPERXX02,2,2050,1.0
GLOBAL,TRNGTMXXHNDXX,ELCGTMXX02,1,2023,1.0
GLOBAL,TRNGTMXXHNDXX,ELCGTMXX02,1,2024,1.0
GLOBAL,TRNGTMXXHNDXX,ELCGTMXX02,1,2025,1.0
GLOBAL,TRNGTMXXHNDXX,ELCGTMXX02,1,2026,1.0
GLOBAL,TRNGTMXXHNDXX,ELCGTMXX02,1,2027,1.0
GLOBAL,TRNGTMXXHNDXX,ELCGTMXX02,1,2028,1.0
GLOBAL,TRNGTMXXHNDXX,ELCGTMXX02,1,2029,1.0
GLOBAL,TRNGTMXXHNDXX,ELCGTMXX02,1,2030,1.0
GLOBAL,TRNGTMXXHNDXX,ELCGTMXX02,1,2031,1.0
GLOBAL,TRNGTMXXHNDXX,ELCGTMXX02,1,2032,1.0
GLOBAL,TRNGTMXXHNDXX,ELCGTMXX02,1,2033,1.0
GLOBAL,TRNGTMXXHNDXX,ELCGTMXX02,1,2034,1.0
GLOBAL,TRNGTMXXHNDXX,ELCGTMXX02,1,2035,1.0
GLOBAL,TRNGTMXXHNDXX,ELCGTMXX02,1,2036,1.0
GLOBAL,TRNGTMXXHNDXX,ELCGTMXX02,1,2037,1.0
GLOBAL,TRNGTMXXHNDXX,ELCGTMXX02,1,2038,1.0
GLOBAL,TRNGTMXXHNDXX,ELCGTMXX02,1,2039,1.0
GLOBAL,TRNGTMXXHNDXX,ELCGTMXX02,1,2040,1.0
GLOBAL,TRNGTMXXHNDXX,ELCGTMXX02,1,2041,1.0
GLOBAL,TRNGTMXXHNDXX,ELCGTMXX02,1,2042,1.0
GLOBAL,TRNGTMXXHNDXX,ELCGTMXX02,1,2043,1.0
GLOBAL,TRNGTMXXHNDXX,ELCGTMXX02,1,2044,1.0
GLOBAL,TRNGTMXXHNDXX,ELCGTMXX02,1,2045,1.0
GLOBAL,TRNGTMXXHNDXX,ELCGTMXX02,1,2046,1.0
GLOBAL,TRNGTMXXHNDXX,ELCGTMXX02,1,2047,1.0
GLOBAL,TRNGTMXXHNDXX,ELCGTMXX02,1,2048,1.0
GLOBAL,TRNGTMXXHNDXX,ELCGTMXX02,1,2049,1.0
GLOBAL,TRNGTMXXHNDXX,ELCGTMXX02,1,2050,1.0
GLOBAL,TRNGTMXXHNDXX,ELCHNDXX02,2,2023,1.0
GLOBAL,TRNGTMXXHNDXX,ELCHNDXX02,2,2024,1.0
GLOBAL,TRNGTMXXHNDXX,ELCHNDXX02,2,2025,1.0
GLOBAL,TRNGTMXXHNDXX,ELCHNDXX02,2,2026,1.0
GLOBAL,TRNGTMXXHNDXX,ELCHNDXX02,2,2027,1.0
GLOBAL,TRNGTMXXHNDXX,ELCHNDXX02,2,2028,1.0
GLOBAL,TRNGTMXXHNDXX,ELCHNDXX02,2,2029,1.0
GLOBAL,TRNGTMXXHNDXX,ELCHNDXX02,2,2030,1.0
GLOBAL,TRNGTMXXHNDXX,ELCHNDXX02,2,2031,1.0
GLOBAL,TRNGTMXXHNDXX,ELCHNDXX02,2,2032,1.0
GLOBAL,TRNGTMXXHNDXX,ELCHNDXX02,2,2033,1.0
GLOBAL,TRNGTMXXHNDXX,ELCHNDXX02,2,2034,1.0
GLOBAL,TRNGTMXXHNDXX,ELCHNDXX02,2,2035,1.0
GLOBAL,TRNGTMXXHNDXX,ELCHNDXX02,2,2036,1.0
GLOBAL,TRNGTMXXHNDXX,ELCHNDXX02,2,2037,1.0
GLOBAL,TRNGTMXXHNDXX,ELCHNDXX02,2,2038,1.0
GLOBAL,TRNGTMXXHNDXX,ELCHNDXX02,2,2039,1.0
GLOBAL,TRNGTMXXHNDXX,ELCHNDXX02,2,2040,1.0
GLOBAL,TRNGTMXXHNDXX,ELCHNDXX02,2,2041,1.0
GLOBAL,TRNGTMXXHNDXX,ELCHNDXX02,2,2042,1.0
GLOBAL,TRNGTMXXHNDXX,ELCHNDXX02,2,2043,1.0
GLOBAL,TRNGTMXXHNDXX,ELCHNDXX02,2,2044,1.0
GLOBAL,TRNGTMXXHNDXX,ELCHNDXX02,2,2045,1.0
GLOBAL,TRNGTMXXHNDXX,ELCHNDXX02,2,2046,1.0
GLOBAL,TRNGTMXXHNDXX,ELCHNDXX02,2,2047,1.0
GLOBAL,TRNGTMXXHNDXX,ELCHNDXX02,2,2048,1.0
GLOBAL,TRNGTMXXHNDXX,ELCHNDXX02,2,2049,1.0
GLOBAL,TRNGTMXXHNDXX,ELCHNDXX02,2,2050,1.0
GLOBAL,TRNGTMXXMEXXX,ELCGTMXX02,1,2023,1.0
GLOBAL,TRNGTMXXMEXXX,ELCGTMXX02,1,2024,1.0
GLOBAL,TRNGTMXXMEXXX,ELCGTMXX02,1,2025,1.0
GLOBAL,TRNGTMXXMEXXX,ELCGTMXX02,1,2026,1.0
GLOBAL,TRNGTMXXMEXXX,ELCGTMXX02,1,2027,1.0
GLOBAL,TRNGTMXXMEXXX,ELCGTMXX02,1,2028,1.0
GLOBAL,TRNGTMXXMEXXX,ELCGTMXX02,1,2029,1.0
GLOBAL,TRNGTMXXMEXXX,ELCGTMXX02,1,2030,1.0
GLOBAL,TRNGTMXXMEXXX,ELCGTMXX02,1,2031,1.0
GLOBAL,TRNGTMXXMEXXX,ELCGTMXX02,1,2032,1.0
GLOBAL,TRNGTMXXMEXXX,ELCGTMXX02,1,2033,1.0
GLOBAL,TRNGTMXXMEXXX,ELCGTMXX02,1,2034,1.0
GLOBAL,TRNGTMXXMEXXX,ELCGTMXX02,1,2035,1.0
GLOBAL,TRNGTMXXMEXXX,ELCGTMXX02,1,2036,1.0
GLOBAL,TRNGTMXXMEXXX,ELCGTMXX02,1,2037,1.0
GLOBAL,TRNGTMXXMEXXX,ELCGTMXX02,1,2038,1.0
GLOBAL,TRNGTMXXMEXXX,ELCGTMXX02,1,2039,1.0
GLOBAL,TRNGTMXXMEXXX,ELCGTMXX02,1,2040,1.0
GLOBAL,TRNGTMXXMEXXX,ELCGTMXX02,1,2041,1.0
GLOBAL,TRNGTMXXMEXXX,ELCGTMXX02,1,2042,1.0
GLOBAL,TRNGTMXXMEXXX,ELCGTMXX02,1,2043,1.0
GLOBAL,TRNGTMXXMEXXX,ELCGTMXX02,1,2044,1.0
GLOBAL,TRNGTMXXMEXXX,ELCGTMXX02,1,2045,1.0
GLOBAL,TRNGTMXXMEXXX,ELCGTMXX02,1,2046,1.0
GLOBAL,TRNGTMXXMEXXX,ELCGTMXX02,1,2047,1.0
GLOBAL,TRNGTMXXMEXXX,ELCGTMXX02,1,2048,1.0
GLOBAL,TRNGTMXXMEXXX,ELCGTMXX02,1,2049,1.0
GLOBAL,TRNGTMXXMEXXX,ELCGTMXX02,1,2050,1.0
GLOBAL,TRNGTMXXMEXXX,ELCMEXXX02,2,2023,1.0
GLOBAL,TRNGTMXXMEXXX,ELCMEXXX02,2,2024,1.0
GLOBAL,TRNGTMXXMEXXX,ELCMEXXX02,2,2025,1.0
GLOBAL,TRNGTMXXMEXXX,ELCMEXXX02,2,2026,1.0
GLOBAL,TRNGTMXXMEXXX,ELCMEXXX02,2,2027,1.0
GLOBAL,TRNGTMXXMEXXX,ELCMEXXX02,2,2028,1.0
GLOBAL,TRNGTMXXMEXXX,ELCMEXXX02,2,2029,1.0
GLOBAL,TRNGTMXXMEXXX,ELCMEXXX02,2,2030,1.0
GLOBAL,TRNGTMXXMEXXX,ELCMEXXX02,2,2031,1.0
GLOBAL,TRNGTMXXMEXXX,ELCMEXXX02,2,2032,1.0
GLOBAL,TRNGTMXXMEXXX,ELCMEXXX02,2,2033,1.0
GLOBAL,TRNGTMXXMEXXX,ELCMEXXX02,2,2034,1.0
GLOBAL,TRNGTMXXMEXXX,ELCMEXXX02,2,2035,1.0
GLOBAL,TRNGTMXXMEXXX,ELCMEXXX02,2,2036,1.0
GLOBAL,TRNGTMXXMEXXX,ELCMEXXX02,2,2037,1.0
GLOBAL,TRNGTMXXMEXXX,ELCMEXXX02,2,2038,1.0
GLOBAL,TRNGTMXXMEXXX,ELCMEXXX02,2,2039,1.0
GLOBAL,TRNGTMXXMEXXX,ELCMEXXX02,2,2040,1.0
GLOBAL,TRNGTMXXMEXXX,ELCMEXXX02,2,2041,1.0
GLOBAL,TRNGTMXXMEXXX,ELCMEXXX02,2,2042,1.0
GLOBAL,TRNGTMXXMEXXX,ELCMEXXX02,2,2043,1.0
GLOBAL,TRNGTMXXMEXXX,ELCMEXXX02,2,2044,1.0
GLOBAL,TRNGTMXXMEXXX,ELCMEXXX02,2,2045,1.0
GLOBAL,TRNGTMXXMEXXX,ELCMEXXX02,2,2046,1.0
GLOBAL,TRNGTMXXMEXXX,ELCMEXXX02,2,2047,1.0
GLOBAL,TRNGTMXXMEXXX,ELCMEXXX02,2,2048,1.0
GLOBAL,TRNGTMXXMEXXX,ELCMEXXX02,2,2049,1.0
GLOBAL,TRNGTMXXMEXXX,ELCMEXXX02,2,2050,1.0
GLOBAL,TRNGTMXXSLVXX,ELCGTMXX02,1,2023,1.0
GLOBAL,TRNGTMXXSLVXX,ELCGTMXX02,1,2024,1.0
GLOBAL,TRNGTMXXSLVXX,ELCGTMXX02,1,2025,1.0
GLOBAL,TRNGTMXXSLVXX,ELCGTMXX02,1,2026,1.0
GLOBAL,TRNGTMXXSLVXX,ELCGTMXX02,1,2027,1.0
GLOBAL,TRNGTMXXSLVXX,ELCGTMXX02,1,2028,1.0
GLOBAL,TRNGTMXXSLVXX,ELCGTMXX02,1,2029,1.0
GLOBAL,TRNGTMXXSLVXX,ELCGTMXX02,1,2030,1.0
GLOBAL,TRNGTMXXSLVXX,ELCGTMXX02,1,2031,1.0
GLOBAL,TRNGTMXXSLVXX,ELCGTMXX02,1,2032,1.0
GLOBAL,TRNGTMXXSLVXX,ELCGTMXX02,1,2033,1.0
GLOBAL,TRNGTMXXSLVXX,ELCGTMXX02,1,2034,1.0
GLOBAL,TRNGTMXXSLVXX,ELCGTMXX02,1,2035,1.0
GLOBAL,TRNGTMXXSLVXX,ELCGTMXX02,1,2036,1.0
GLOBAL,TRNGTMXXSLVXX,ELCGTMXX02,1,2037,1.0
GLOBAL,TRNGTMXXSLVXX,ELCGTMXX02,1,2038,1.0
GLOBAL,TRNGTMXXSLVXX,ELCGTMXX02,1,2039,1.0
GLOBAL,TRNGTMXXSLVXX,ELCGTMXX02,1,2040,1.0
GLOBAL,TRNGTMXXSLVXX,ELCGTMXX02,1,2041,1.0
GLOBAL,TRNGTMXXSLVXX,ELCGTMXX02,1,2042,1.0
GLOBAL,TRNGTMXXSLVXX,ELCGTMXX02,1,2043,1.0
GLOBAL,TRNGTMXXSLVXX,ELCGTMXX02,1,2044,1.0
GLOBAL,TRNGTMXXSLVXX,ELCGTMXX02,1,2045,1.0
GLOBAL,TRNGTMXXSLVXX,ELCGTMXX02,1,2046,1.0
GLOBAL,TRNGTMXXSLVXX,ELCGTMXX02,1,2047,1.0
GLOBAL,TRNGTMXXSLVXX,ELCGTMXX02,1,2048,1.0
GLOBAL,TRNGTMXXSLVXX,ELCGTMXX02,1,2049,1.0
GLOBAL,TRNGTMXXSLVXX,ELCGTMXX02,1,2050,1.0
GLOBAL,TRNGTMXXSLVXX,ELCSLVXX02,2,2023,1.0
GLOBAL,TRNGTMXXSLVXX,ELCSLVXX02,2,2024,1.0
GLOBAL,TRNGTMXXSLVXX,ELCSLVXX02,2,2025,1.0
GLOBAL,TRNGTMXXSLVXX,ELCSLVXX02,2,2026,1.0
GLOBAL,TRNGTMXXSLVXX,ELCSLVXX02,2,2027,1.0
GLOBAL,TRNGTMXXSLVXX,ELCSLVXX02,2,2028,1.0
GLOBAL,TRNGTMXXSLVXX,ELCSLVXX02,2,2029,1.0
GLOBAL,TRNGTMXXSLVXX,ELCSLVXX02,2,2030,1.0
GLOBAL,TRNGTMXXSLVXX,ELCSLVXX02,2,2031,1.0
GLOBAL,TRNGTMXXSLVXX,ELCSLVXX02,2,2032,1.0
GLOBAL,TRNGTMXXSLVXX,ELCSLVXX02,2,2033,1.0
GLOBAL,TRNGTMXXSLVXX,ELCSLVXX02,2,2034,1.0
GLOBAL,TRNGTMXXSLVXX,ELCSLVXX02,2,2035,1.0
GLOBAL,TRNGTMXXSLVXX,ELCSLVXX02,2,2036,1.0
GLOBAL,TRNGTMXXSLVXX,ELCSLVXX02,2,2037,1.0
GLOBAL,TRNGTMXXSLVXX,ELCSLVXX02,2,2038,1.0
GLOBAL,TRNGTMXXSLVXX,ELCSLVXX02,2,2039,1.0
GLOBAL,TRNGTMXXSLVXX,ELCSLVXX02,2,2040,1.0
GLOBAL,TRNGTMXXSLVXX,ELCSLVXX02,2,2041,1.0
GLOBAL,TRNGTMXXSLVXX,ELCSLVXX02,2,2042,1.0
GLOBAL,TRNGTMXXSLVXX,ELCSLVXX02,2,2043,1.0
GLOBAL,TRNGTMXXSLVXX,ELCSLVXX02,2,2044,1.0
GLOBAL,TRNGTMXXSLVXX,ELCSLVXX02,2,2045,1.0
GLOBAL,TRNGTMXXSLVXX,ELCSLVXX02,2,2046,1.0
GLOBAL,TRNGTMXXSLVXX,ELCSLVXX02,2,2047,1.0
GLOBAL,TRNGTMXXSLVXX,ELCSLVXX02,2,2048,1.0
GLOBAL,TRNGTMXXSLVXX,ELCSLVXX02,2,2049,1.0
GLOBAL,TRNGTMXXSLVXX,ELCSLVXX02,2,2050,1.0
GLOBAL,TRNHNDXXNICXX,ELCHNDXX02,1,2023,1.0
GLOBAL,TRNHNDXXNICXX,ELCHNDXX02,1,2024,1.0
GLOBAL,TRNHNDXXNICXX,ELCHNDXX02,1,2025,1.0
GLOBAL,TRNHNDXXNICXX,ELCHNDXX02,1,2026,1.0
GLOBAL,TRNHNDXXNICXX,ELCHNDXX02,1,2027,1.0
GLOBAL,TRNHNDXXNICXX,ELCHNDXX02,1,2028,1.0
GLOBAL,TRNHNDXXNICXX,ELCHNDXX02,1,2029,1.0
GLOBAL,TRNHNDXXNICXX,ELCHNDXX02,1,2030,1.0
GLOBAL,TRNHNDXXNICXX,ELCHNDXX02,1,2031,1.0
GLOBAL,TRNHNDXXNICXX,ELCHNDXX02,1,2032,1.0
GLOBAL,TRNHNDXXNICXX,ELCHNDXX02,1,2033,1.0
GLOBAL,TRNHNDXXNICXX,ELCHNDXX02,1,2034,1.0
GLOBAL,TRNHNDXXNICXX,ELCHNDXX02,1,2035,1.0
GLOBAL,TRNHNDXXNICXX,ELCHNDXX02,1,2036,1.0
GLOBAL,TRNHNDXXNICXX,ELCHNDXX02,1,2037,1.0
GLOBAL,TRNHNDXXNICXX,ELCHNDXX02,1,2038,1.0
GLOBAL,TRNHNDXXNICXX,ELCHNDXX02,1,2039,1.0
GLOBAL,TRNHNDXXNICXX,ELCHNDXX02,1,2040,1.0
GLOBAL,TRNHNDXXNICXX,ELCHNDXX02,1,2041,1.0
GLOBAL,TRNHNDXXNICXX,ELCHNDXX02,1,2042,1.0
GLOBAL,TRNHNDXXNICXX,ELCHNDXX02,1,2043,1.0
GLOBAL,TRNHNDXXNICXX,ELCHNDXX02,1,2044,1.0
GLOBAL,TRNHNDXXNICXX,ELCHNDXX02,1,2045,1.0
GLOBAL,TRNHNDXXNICXX,ELCHNDXX02,1,2046,1.0
GLOBAL,TRNHNDXXNICXX,ELCHNDXX02,1,2047,1.0
GLOBAL,TRNHNDXXNICXX,ELCHNDXX02,1,2048,1.0
GLOBAL,TRNHNDXXNICXX,ELCHNDXX02,1,2049,1.0
GLOBAL,TRNHNDXXNICXX,ELCHNDXX02,1,2050,1.0
GLOBAL,TRNHNDXXNICXX,ELCNICXX02,2,2023,1.0
GLOBAL,TRNHNDXXNICXX,ELCNICXX02,2,2024,1.0
GLOBAL,TRNHNDXXNICXX,ELCNICXX02,2,2025,1.0
GLOBAL,TRNHNDXXNICXX,ELCNICXX02,2,2026,1.0
GLOBAL,TRNHNDXXNICXX,ELCNICXX02,2,2027,1.0
GLOBAL,TRNHNDXXNICXX,ELCNICXX02,2,2028,1.0
GLOBAL,TRNHNDXXNICXX,ELCNICXX02,2,2029,1.0
GLOBAL,TRNHNDXXNICXX,ELCNICXX02,2,2030,1.0
GLOBAL,TRNHNDXXNICXX,ELCNICXX02,2,2031,1.0
GLOBAL,TRNHNDXXNICXX,ELCNICXX02,2,2032,1.0
GLOBAL,TRNHNDXXNICXX,ELCNICXX02,2,2033,1.0
GLOBAL,TRNHNDXXNICXX,ELCNICXX02,2,2034,1.0
GLOBAL,TRNHNDXXNICXX,ELCNICXX02,2,2035,1.0
GLOBAL,TRNHNDXXNICXX,ELCNICXX02,2,2036,1.0
GLOBAL,TRNHNDXXNICXX,ELCNICXX02,2,2037,1.0
GLOBAL,TRNHNDXXNICXX,ELCNICXX02,2,2038,1.0
GLOBAL,TRNHNDXXNICXX,ELCNICXX02,2,2039,1.0
GLOBAL,TRNHNDXXNICXX,ELCNICXX02,2,2040,1.0
GLOBAL,TRNHNDXXNICXX,ELCNICXX02,2,2041,1.0
GLOBAL,TRNHNDXXNICXX,ELCNICXX02,2,2042,1.0
GLOBAL,TRNHNDXXNICXX,ELCNICXX02,2,2043,1.0
GLOBAL,TRNHNDXXNICXX,ELCNICXX02,2,2044,1.0
GLOBAL,TRNHNDXXNICXX,ELCNICXX02,2,2045,1.0
GLOBAL,TRNHNDXXNICXX,ELCNICXX02,2,2046,1.0
GLOBAL,TRNHNDXXNICXX,ELCNICXX02,2,2047,1.0
GLOBAL,TRNHNDXXNICXX,ELCNICXX02,2,2048,1.0
GLOBAL,TRNHNDXXNICXX,ELCNICXX02,2,2049,1.0
GLOBAL,TRNHNDXXNICXX,ELCNICXX02,2,2050,1.0
GLOBAL,TRNHNDXXSLVXX,ELCHNDXX02,1,2023,1.0
GLOBAL,TRNHNDXXSLVXX,ELCHNDXX02,1,2024,1.0
GLOBAL,TRNHNDXXSLVXX,ELCHNDXX02,1,2025,1.0
GLOBAL,TRNHNDXXSLVXX,ELCHNDXX02,1,2026,1.0
GLOBAL,TRNHNDXXSLVXX,ELCHNDXX02,1,2027,1.0
GLOBAL,TRNHNDXXSLVXX,ELCHNDXX02,1,2028,1.0
GLOBAL,TRNHNDXXSLVXX,ELCHNDXX02,1,2029,1.0
GLOBAL,TRNHNDXXSLVXX,ELCHNDXX02,1,2030,1.0
GLOBAL,TRNHNDXXSLVXX,ELCHNDXX02,1,2031,1.0
GLOBAL,TRNHNDXXSLVXX,ELCHNDXX02,1,2032,1.0
GLOBAL,TRNHNDXXSLVXX,ELCHNDXX02,1,2033,1.0
GLOBAL,TRNHNDXXSLVXX,ELCHNDXX02,1,2034,1.0
GLOBAL,TRNHNDXXSLVXX,ELCHNDXX02,1,2035,1.0
GLOBAL,TRNHNDXXSLVXX,ELCHNDXX02,1,2036,1.0
GLOBAL,TRNHNDXXSLVXX,ELCHNDXX02,1,2037,1.0
GLOBAL,TRNHNDXXSLVXX,ELCHNDXX02,1,2038,1.0
GLOBAL,TRNHNDXXSLVXX,ELCHNDXX02,1,2039,1.0
GLOBAL,TRNHNDXXSLVXX,ELCHNDXX02,1,2040,1.0
GLOBAL,TRNHNDXXSLVXX,ELCHNDXX02,1,2041,1.0
GLOBAL,TRNHNDXXSLVXX,ELCHNDXX02,1,2042,1.0
GLOBAL,TRNHNDXXSLVXX,ELCHNDXX02,1,2043,1.0
GLOBAL,TRNHNDXXSLVXX,ELCHNDXX02,1,2044,1.0
GLOBAL,TRNHNDXXSLVXX,ELCHNDXX02,1,2045,1.0
GLOBAL,TRNHNDXXSLVXX,ELCHNDXX02,1,2046,1.0
GLOBAL,TRNHNDXXSLVXX,ELCHNDXX02,1,2047,1.0
GLOBAL,TRNHNDXXSLVXX,ELCHNDXX02,1,2048,1.0
GLOBAL,TRNHNDXXSLVXX,ELCHNDXX02,1,2049,1.0
GLOBAL,TRNHNDXXSLVXX,ELCHNDXX02,1,2050,1.0
GLOBAL,TRNHNDXXSLVXX,ELCSLVXX02,2,2023,1.0
GLOBAL,TRNHNDXXSLVXX,ELCSLVXX02,2,2024,1.0
GLOBAL,TRNHNDXXSLVXX,ELCSLVXX02,2,2025,1.0
GLOBAL,TRNHNDXXSLVXX,ELCSLVXX02,2,2026,1.0
GLOBAL,TRNHNDXXSLVXX,ELCSLVXX02,2,2027,1.0
GLOBAL,TRNHNDXXSLVXX,ELCSLVXX02,2,2028,1.0
GLOBAL,TRNHNDXXSLVXX,ELCSLVXX02,2,2029,1.0
GLOBAL,TRNHNDXXSLVXX,ELCSLVXX02,2,2030,1.0
GLOBAL,TRNHNDXXSLVXX,ELCSLVXX02,2,2031,1.0
GLOBAL,TRNHNDXXSLVXX,ELCSLVXX02,2,2032,1.0
GLOBAL,TRNHNDXXSLVXX,ELCSLVXX02,2,2033,1.0
GLOBAL,TRNHNDXXSLVXX,ELCSLVXX02,2,2034,1.0
GLOBAL,TRNHNDXXSLVXX,ELCSLVXX02,2,2035,1.0
GLOBAL,TRNHNDXXSLVXX,ELCSLVXX02,2,2036,1.0
GLOBAL,TRNHNDXXSLVXX,ELCSLVXX02,2,2037,1.0
GLOBAL,TRNHNDXXSLVXX,ELCSLVXX02,2,2038,1.0
GLOBAL,TRNHNDXXSLVXX,ELCSLVXX02,2,2039,1.0
GLOBAL,TRNHNDXXSLVXX,ELCSLVXX02,2,2040,1.0
GLOBAL,TRNHNDXXSLVXX,ELCSLVXX02,2,2041,1.0
GLOBAL,TRNHNDXXSLVXX,ELCSLVXX02,2,2042,1.0
GLOBAL,TRNHNDXXSLVXX,ELCSLVXX02,2,2043,1.0
GLOBAL,TRNHNDXXSLVXX,ELCSLVXX02,2,2044,1.0
GLOBAL,TRNHNDXXSLVXX,ELCSLVXX02,2,2045,1.0
GLOBAL,TRNHNDXXSLVXX,ELCSLVXX02,2,2046,1.0
GLOBAL,TRNHNDXXSLVXX,ELCSLVXX02,2,2047,1.0
GLOBAL,TRNHNDXXSLVXX,ELCSLVXX02,2,2048,1.0
GLOBAL,TRNHNDXXSLVXX,ELCSLVXX02,2,2049,1.0
GLOBAL,TRNHNDXXSLVXX,ELCSLVXX02,2,2050,1.0
