REGION,TECHNOLOGY,YEAR,VALUE
GLOBAL,PWRBIOARGXX,2023,0.0
GLOBAL,PWRBIOARGXX,2024,0.0
GLOBAL,PWRBIOARGXX,2025,0.0
GLOBAL,PWRBIOARGXX,2026,0.0
GLOBAL,PWRBIOARGXX,2027,0.0
GLOBAL,PWRBIOARGXX,2028,0.0
GLOBAL,PWRBIOARGXX,2029,0.0
GLOBAL,PWRBIOARGXX,2030,0.0
GLOBAL,PWRBIOARGXX,2031,0.0
GLOBAL,PWRBIOARGXX,2032,0.0
GLOBAL,PWRBIOARGXX,2033,0.0
GLOBAL,PWRBIOARGXX,2034,0.0
GLOBAL,PWRBIOARGXX,2035,0.0
GLOBAL,PWRBIOARGXX,2036,0.0
GLOBAL,PWRBIOARGXX,2037,0.0
GLOBAL,PWRBIOARGXX,2038,0.0
GLOBAL,PWRBIOARGXX,2039,0.0
GLOBAL,PWRBIOARGXX,2040,0.0
GLOBAL,PWRBIOARGXX,2041,0.0
GLOBAL,PWRBIOARGXX,2042,0.0
GLOBAL,PWRBIOARGXX,2043,0.0
GLOBAL,PWRBIOARGXX,2044,0.0
GLOBAL,PWRBIOARGXX,2045,0.0
GLOBAL,PWRBIOARGXX,2046,0.0
GLOBAL,PWRBIOARGXX,2047,0.0
GLOBAL,PWRBIOARGXX,2048,0.0
GLOBAL,PWRBIOARGXX,2049,0.0
GLOBAL,PWRBIOARGXX,2050,0.0
GLOBAL,PWRBIOBOLXX,2023,0.0
GLOBAL,PWRBIOBOLXX,2024,0.0
GLOBAL,PWRBIOBOLXX,2025,0.0
GLOBAL,PWRBIOBOLXX,2026,0.0
GLOBAL,PWRBIOBOLXX,2027,0.0
GLOBAL,PWRBIOBOLXX,2028,0.0
GLOBAL,PWRBIOBOLXX,2029,0.0
GLOBAL,PWRBIOBOLXX,2030,0.0
GLOBAL,PWRBIOBOLXX,2031,0.0
GLOBAL,PWRBIOBOLXX,2032,0.0
GLOBAL,PWRBIOBOLXX,2033,0.0
GLOBAL,PWRBIOBOLXX,2034,0.0
GLOBAL,PWRBIOBOLXX,2035,0.0
GLOBAL,PWRBIOBOLXX,2036,0.0
GLOBAL,PWRBIOBOLXX,2037,0.0
GLOBAL,PWRBIOBOLXX,2038,0.0
GLOBAL,PWRBIOBOLXX,2039,0.0
GLOBAL,PWRBIOBOLXX,2040,0.0
GLOBAL,PWRBIOBOLXX,2041,0.0
GLOBAL,PWRBIOBOLXX,2042,0.0
GLOBAL,PWRBIOBOLXX,2043,0.0
GLOBAL,PWRBIOBOLXX,2044,0.0
GLOBAL,PWRBIOBOLXX,2045,0.0
GLOBAL,PWRBIOBOLXX,2046,0.0
GLOBAL,PWRBIOBOLXX,2047,0.0
GLOBAL,PWRBIOBOLXX,2048,0.0
GLOBAL,PWRBIOBOLXX,2049,0.0
GLOBAL,PWRBIOBOLXX,2050,0.0
GLOBAL,PWRBIOBRAXX,2023,0.0
GLOBAL,PWRBIOBRAXX,2024,0.0
GLOBAL,PWRBIOBRAXX,2025,0.0
GLOBAL,PWRBIOBRAXX,2026,0.0
GLOBAL,PWRBIOBRAXX,2027,0.0
GLOBAL,PWRBIOBRAXX,2028,0.0
GLOBAL,PWRBIOBRAXX,2029,0.0
GLOBAL,PWRBIOBRAXX,2030,0.0
GLOBAL,PWRBIOBRAXX,2031,0.0
GLOBAL,PWRBIOBRAXX,2032,0.0
GLOBAL,PWRBIOBRAXX,2033,0.0
GLOBAL,PWRBIOBRAXX,2034,0.0
GLOBAL,PWRBIOBRAXX,2035,0.0
GLOBAL,PWRBIOBRAXX,2036,0.0
GLOBAL,PWRBIOBRAXX,2037,0.0
GLOBAL,PWRBIOBRAXX,2038,0.0
GLOBAL,PWRBIOBRAXX,2039,0.0
GLOBAL,PWRBIOBRAXX,2040,0.0
GLOBAL,PWRBIOBRAXX,2041,0.0
GLOBAL,PWRBIOBRAXX,2042,0.0
GLOBAL,PWRBIOBRAXX,2043,0.0
GLOBAL,PWRBIOBRAXX,2044,0.0
GLOBAL,PWRBIOBRAXX,2045,0.0
GLOBAL,PWRBIOBRAXX,2046,0.0
GLOBAL,PWRBIOBRAXX,2047,0.0
GLOBAL,PWRBIOBRAXX,2048,0.0
GLOBAL,PWRBIOBRAXX,2049,0.0
GLOBAL,PWRBIOBRAXX,2050,0.0
GLOBAL,PWRBIOBRBXX,2023,0.0
GLOBAL,PWRBIOBRBXX,2024,0.0
GLOBAL,PWRBIOBRBXX,2025,0.0
GLOBAL,PWRBIOBRBXX,2026,0.0
GLOBAL,PWRBIOBRBXX,2027,0.0
GLOBAL,PWRBIOBRBXX,2028,0.0
GLOBAL,PWRBIOBRBXX,2029,0.0
GLOBAL,PWRBIOBRBXX,2030,0.0
GLOBAL,PWRBIOBRBXX,2031,0.0
GLOBAL,PWRBIOBRBXX,2032,0.0
GLOBAL,PWRBIOBRBXX,2033,0.0
GLOBAL,PWRBIOBRBXX,2034,0.0
GLOBAL,PWRBIOBRBXX,2035,0.0
GLOBAL,PWRBIOBRBXX,2036,0.0
GLOBAL,PWRBIOBRBXX,2037,0.0
GLOBAL,PWRBIOBRBXX,2038,0.0
GLOBAL,PWRBIOBRBXX,2039,0.0
GLOBAL,PWRBIOBRBXX,2040,0.0
GLOBAL,PWRBIOBRBXX,2041,0.0
GLOBAL,PWRBIOBRBXX,2042,0.0
GLOBAL,PWRBIOBRBXX,2043,0.0
GLOBAL,PWRBIOBRBXX,2044,0.0
GLOBAL,PWRBIOBRBXX,2045,0.0
GLOBAL,PWRBIOBRBXX,2046,0.0
GLOBAL,PWRBIOBRBXX,2047,0.0
GLOBAL,PWRBIOBRBXX,2048,0.0
GLOBAL,PWRBIOBRBXX,2049,0.0
GLOBAL,PWRBIOBRBXX,2050,0.0
GLOBAL,PWRBIOCHLXX,2023,0.0
GLOBAL,PWRBIOCHLXX,2024,0.0
GLOBAL,PWRBIOCHLXX,2025,0.0
GLOBAL,PWRBIOCHLXX,2026,0.0
GLOBAL,PWRBIOCHLXX,2027,0.0
GLOBAL,PWRBIOCHLXX,2028,0.0
GLOBAL,PWRBIOCHLXX,2029,0.0
GLOBAL,PWRBIOCHLXX,2030,0.0
GLOBAL,PWRBIOCHLXX,2031,0.0
GLOBAL,PWRBIOCHLXX,2032,0.0
GLOBAL,PWRBIOCHLXX,2033,0.0
GLOBAL,PWRBIOCHLXX,2034,0.0
GLOBAL,PWRBIOCHLXX,2035,0.0
GLOBAL,PWRBIOCHLXX,2036,0.0
GLOBAL,PWRBIOCHLXX,2037,0.0
GLOBAL,PWRBIOCHLXX,2038,0.0
GLOBAL,PWRBIOCHLXX,2039,0.0
GLOBAL,PWRBIOCHLXX,2040,0.0
GLOBAL,PWRBIOCHLXX,2041,0.0
GLOBAL,PWRBIOCHLXX,2042,0.0
GLOBAL,PWRBIOCHLXX,2043,0.0
GLOBAL,PWRBIOCHLXX,2044,0.0
GLOBAL,PWRBIOCHLXX,2045,0.0
GLOBAL,PWRBIOCHLXX,2046,0.0
GLOBAL,PWRBIOCHLXX,2047,0.0
GLOBAL,PWRBIOCHLXX,2048,0.0
GLOBAL,PWRBIOCHLXX,2049,0.0
GLOBAL,PWRBIOCHLXX,2050,0.0
GLOBAL,PWRBIOCOLXX,2023,0.0
GLOBAL,PWRBIOCOLXX,2024,0.0
GLOBAL,PWRBIOCOLXX,2025,0.0
GLOBAL,PWRBIOCOLXX,2026,0.0
GLOBAL,PWRBIOCOLXX,2027,0.0
GLOBAL,PWRBIOCOLXX,2028,0.0
GLOBAL,PWRBIOCOLXX,2029,0.0
GLOBAL,PWRBIOCOLXX,2030,0.0
GLOBAL,PWRBIOCOLXX,2031,0.0
GLOBAL,PWRBIOCOLXX,2032,0.0
GLOBAL,PWRBIOCOLXX,2033,0.0
GLOBAL,PWRBIOCOLXX,2034,0.0
GLOBAL,PWRBIOCOLXX,2035,0.0
GLOBAL,PWRBIOCOLXX,2036,0.0
GLOBAL,PWRBIOCOLXX,2037,0.0
GLOBAL,PWRBIOCOLXX,2038,0.0
GLOBAL,PWRBIOCOLXX,2039,0.0
GLOBAL,PWRBIOCOLXX,2040,0.0
GLOBAL,PWRBIOCOLXX,2041,0.0
GLOBAL,PWRBIOCOLXX,2042,0.0
GLOBAL,PWRBIOCOLXX,2043,0.0
GLOBAL,PWRBIOCOLXX,2044,0.0
GLOBAL,PWRBIOCOLXX,2045,0.0
GLOBAL,PWRBIOCOLXX,2046,0.0
GLOBAL,PWRBIOCOLXX,2047,0.0
GLOBAL,PWRBIOCOLXX,2048,0.0
GLOBAL,PWRBIOCOLXX,2049,0.0
GLOBAL,PWRBIOCOLXX,2050,0.0
GLOBAL,PWRBIOCRIXX,2023,0.0
GLOBAL,PWRBIOCRIXX,2024,0.0
GLOBAL,PWRBIOCRIXX,2025,0.0
GLOBAL,PWRBIOCRIXX,2026,0.0
GLOBAL,PWRBIOCRIXX,2027,0.0
GLOBAL,PWRBIOCRIXX,2028,0.0
GLOBAL,PWRBIOCRIXX,2029,0.0
GLOBAL,PWRBIOCRIXX,2030,0.0
GLOBAL,PWRBIOCRIXX,2031,0.0
GLOBAL,PWRBIOCRIXX,2032,0.0
GLOBAL,PWRBIOCRIXX,2033,0.0
GLOBAL,PWRBIOCRIXX,2034,0.0
GLOBAL,PWRBIOCRIXX,2035,0.0
GLOBAL,PWRBIOCRIXX,2036,0.0
GLOBAL,PWRBIOCRIXX,2037,0.0
GLOBAL,PWRBIOCRIXX,2038,0.0
GLOBAL,PWRBIOCRIXX,2039,0.0
GLOBAL,PWRBIOCRIXX,2040,0.0
GLOBAL,PWRBIOCRIXX,2041,0.0
GLOBAL,PWRBIOCRIXX,2042,0.0
GLOBAL,PWRBIOCRIXX,2043,0.0
GLOBAL,PWRBIOCRIXX,2044,0.0
GLOBAL,PWRBIOCRIXX,2045,0.0
GLOBAL,PWRBIOCRIXX,2046,0.0
GLOBAL,PWRBIOCRIXX,2047,0.0
GLOBAL,PWRBIOCRIXX,2048,0.0
GLOBAL,PWRBIOCRIXX,2049,0.0
GLOBAL,PWRBIOCRIXX,2050,0.0
GLOBAL,PWRBIODOMXX,2023,0.0
GLOBAL,PWRBIODOMXX,2024,0.0
GLOBAL,PWRBIODOMXX,2025,0.0
GLOBAL,PWRBIODOMXX,2026,0.0
GLOBAL,PWRBIODOMXX,2027,0.0
GLOBAL,PWRBIODOMXX,2028,0.0
GLOBAL,PWRBIODOMXX,2029,0.0
GLOBAL,PWRBIODOMXX,2030,0.0
GLOBAL,PWRBIODOMXX,2031,0.0
GLOBAL,PWRBIODOMXX,2032,0.0
GLOBAL,PWRBIODOMXX,2033,0.0
GLOBAL,PWRBIODOMXX,2034,0.0
GLOBAL,PWRBIODOMXX,2035,0.0
GLOBAL,PWRBIODOMXX,2036,0.0
GLOBAL,PWRBIODOMXX,2037,0.0
GLOBAL,PWRBIODOMXX,2038,0.0
GLOBAL,PWRBIODOMXX,2039,0.0
GLOBAL,PWRBIODOMXX,2040,0.0
GLOBAL,PWRBIODOMXX,2041,0.0
GLOBAL,PWRBIODOMXX,2042,0.0
GLOBAL,PWRBIODOMXX,2043,0.0
GLOBAL,PWRBIODOMXX,2044,0.0
GLOBAL,PWRBIODOMXX,2045,0.0
GLOBAL,PWRBIODOMXX,2046,0.0
GLOBAL,PWRBIODOMXX,2047,0.0
GLOBAL,PWRBIODOMXX,2048,0.0
GLOBAL,PWRBIODOMXX,2049,0.0
GLOBAL,PWRBIODOMXX,2050,0.0
GLOBAL,PWRBIOECUXX,2023,0.0
GLOBAL,PWRBIOECUXX,2024,0.0
GLOBAL,PWRBIOECUXX,2025,0.0
GLOBAL,PWRBIOECUXX,2026,0.0
GLOBAL,PWRBIOECUXX,2027,0.0
GLOBAL,PWRBIOECUXX,2028,0.0
GLOBAL,PWRBIOECUXX,2029,0.0
GLOBAL,PWRBIOECUXX,2030,0.0
GLOBAL,PWRBIOECUXX,2031,0.0
GLOBAL,PWRBIOECUXX,2032,0.0
GLOBAL,PWRBIOECUXX,2033,0.0
GLOBAL,PWRBIOECUXX,2034,0.0
GLOBAL,PWRBIOECUXX,2035,0.0
GLOBAL,PWRBIOECUXX,2036,0.0
GLOBAL,PWRBIOECUXX,2037,0.0
GLOBAL,PWRBIOECUXX,2038,0.0
GLOBAL,PWRBIOECUXX,2039,0.0
GLOBAL,PWRBIOECUXX,2040,0.0
GLOBAL,PWRBIOECUXX,2041,0.0
GLOBAL,PWRBIOECUXX,2042,0.0
GLOBAL,PWRBIOECUXX,2043,0.0
GLOBAL,PWRBIOECUXX,2044,0.0
GLOBAL,PWRBIOECUXX,2045,0.0
GLOBAL,PWRBIOECUXX,2046,0.0
GLOBAL,PWRBIOECUXX,2047,0.0
GLOBAL,PWRBIOECUXX,2048,0.0
GLOBAL,PWRBIOECUXX,2049,0.0
GLOBAL,PWRBIOECUXX,2050,0.0
GLOBAL,PWRBIOGTMXX,2023,0.0
GLOBAL,PWRBIOGTMXX,2024,0.0
GLOBAL,PWRBIOGTMXX,2025,0.0
GLOBAL,PWRBIOGTMXX,2026,0.0
GLOBAL,PWRBIOGTMXX,2027,0.0
GLOBAL,PWRBIOGTMXX,2028,0.0
GLOBAL,PWRBIOGTMXX,2029,0.0
GLOBAL,PWRBIOGTMXX,2030,0.0
GLOBAL,PWRBIOGTMXX,2031,0.0
GLOBAL,PWRBIOGTMXX,2032,0.0
GLOBAL,PWRBIOGTMXX,2033,0.0
GLOBAL,PWRBIOGTMXX,2034,0.0
GLOBAL,PWRBIOGTMXX,2035,0.0
GLOBAL,PWRBIOGTMXX,2036,0.0
GLOBAL,PWRBIOGTMXX,2037,0.0
GLOBAL,PWRBIOGTMXX,2038,0.0
GLOBAL,PWRBIOGTMXX,2039,0.0
GLOBAL,PWRBIOGTMXX,2040,0.0
GLOBAL,PWRBIOGTMXX,2041,0.0
GLOBAL,PWRBIOGTMXX,2042,0.0
GLOBAL,PWRBIOGTMXX,2043,0.0
GLOBAL,PWRBIOGTMXX,2044,0.0
GLOBAL,PWRBIOGTMXX,2045,0.0
GLOBAL,PWRBIOGTMXX,2046,0.0
GLOBAL,PWRBIOGTMXX,2047,0.0
GLOBAL,PWRBIOGTMXX,2048,0.0
GLOBAL,PWRBIOGTMXX,2049,0.0
GLOBAL,PWRBIOGTMXX,2050,0.0
GLOBAL,PWRBIOHNDXX,2023,0.0
GLOBAL,PWRBIOHNDXX,2024,0.0
GLOBAL,PWRBIOHNDXX,2025,0.0
GLOBAL,PWRBIOHNDXX,2026,0.0
GLOBAL,PWRBIOHNDXX,2027,0.0
GLOBAL,PWRBIOHNDXX,2028,0.0
GLOBAL,PWRBIOHNDXX,2029,0.0
GLOBAL,PWRBIOHNDXX,2030,0.0
GLOBAL,PWRBIOHNDXX,2031,0.0
GLOBAL,PWRBIOHNDXX,2032,0.0
GLOBAL,PWRBIOHNDXX,2033,0.0
GLOBAL,PWRBIOHNDXX,2034,0.0
GLOBAL,PWRBIOHNDXX,2035,0.0
GLOBAL,PWRBIOHNDXX,2036,0.0
GLOBAL,PWRBIOHNDXX,2037,0.0
GLOBAL,PWRBIOHNDXX,2038,0.0
GLOBAL,PWRBIOHNDXX,2039,0.0
GLOBAL,PWRBIOHNDXX,2040,0.0
GLOBAL,PWRBIOHNDXX,2041,0.0
GLOBAL,PWRBIOHNDXX,2042,0.0
GLOBAL,PWRBIOHNDXX,2043,0.0
GLOBAL,PWRBIOHNDXX,2044,0.0
GLOBAL,PWRBIOHNDXX,2045,0.0
GLOBAL,PWRBIOHNDXX,2046,0.0
GLOBAL,PWRBIOHNDXX,2047,0.0
GLOBAL,PWRBIOHNDXX,2048,0.0
GLOBAL,PWRBIOHNDXX,2049,0.0
GLOBAL,PWRBIOHNDXX,2050,0.0
GLOBAL,PWRBIOHTIXX,2023,0.0
GLOBAL,PWRBIOHTIXX,2024,0.0
GLOBAL,PWRBIOHTIXX,2025,0.0
GLOBAL,PWRBIOHTIXX,2026,0.0
GLOBAL,PWRBIOHTIXX,2027,0.0
GLOBAL,PWRBIOHTIXX,2028,0.0
GLOBAL,PWRBIOHTIXX,2029,0.0
GLOBAL,PWRBIOHTIXX,2030,0.0
GLOBAL,PWRBIOHTIXX,2031,0.0
GLOBAL,PWRBIOHTIXX,2032,0.0
GLOBAL,PWRBIOHTIXX,2033,0.0
GLOBAL,PWRBIOHTIXX,2034,0.0
GLOBAL,PWRBIOHTIXX,2035,0.0
GLOBAL,PWRBIOHTIXX,2036,0.0
GLOBAL,PWRBIOHTIXX,2037,0.0
GLOBAL,PWRBIOHTIXX,2038,0.0
GLOBAL,PWRBIOHTIXX,2039,0.0
GLOBAL,PWRBIOHTIXX,2040,0.0
GLOBAL,PWRBIOHTIXX,2041,0.0
GLOBAL,PWRBIOHTIXX,2042,0.0
GLOBAL,PWRBIOHTIXX,2043,0.0
GLOBAL,PWRBIOHTIXX,2044,0.0
GLOBAL,PWRBIOHTIXX,2045,0.0
GLOBAL,PWRBIOHTIXX,2046,0.0
GLOBAL,PWRBIOHTIXX,2047,0.0
GLOBAL,PWRBIOHTIXX,2048,0.0
GLOBAL,PWRBIOHTIXX,2049,0.0
GLOBAL,PWRBIOHTIXX,2050,0.0
GLOBAL,PWRBIOMEXXX,2023,0.0
GLOBAL,PWRBIOMEXXX,2024,0.0
GLOBAL,PWRBIOMEXXX,2025,0.0
GLOBAL,PWRBIOMEXXX,2026,0.0
GLOBAL,PWRBIOMEXXX,2027,0.0
GLOBAL,PWRBIOMEXXX,2028,0.0
GLOBAL,PWRBIOMEXXX,2029,0.0
GLOBAL,PWRBIOMEXXX,2030,0.0
GLOBAL,PWRBIOMEXXX,2031,0.0
GLOBAL,PWRBIOMEXXX,2032,0.0
GLOBAL,PWRBIOMEXXX,2033,0.0
GLOBAL,PWRBIOMEXXX,2034,0.0
GLOBAL,PWRBIOMEXXX,2035,0.0
GLOBAL,PWRBIOMEXXX,2036,0.0
GLOBAL,PWRBIOMEXXX,2037,0.0
GLOBAL,PWRBIOMEXXX,2038,0.0
GLOBAL,PWRBIOMEXXX,2039,0.0
GLOBAL,PWRBIOMEXXX,2040,0.0
GLOBAL,PWRBIOMEXXX,2041,0.0
GLOBAL,PWRBIOMEXXX,2042,0.0
GLOBAL,PWRBIOMEXXX,2043,0.0
GLOBAL,PWRBIOMEXXX,2044,0.0
GLOBAL,PWRBIOMEXXX,2045,0.0
GLOBAL,PWRBIOMEXXX,2046,0.0
GLOBAL,PWRBIOMEXXX,2047,0.0
GLOBAL,PWRBIOMEXXX,2048,0.0
GLOBAL,PWRBIOMEXXX,2049,0.0
GLOBAL,PWRBIOMEXXX,2050,0.0
GLOBAL,PWRBIONICXX,2023,0.0
GLOBAL,PWRBIONICXX,2024,0.0
GLOBAL,PWRBIONICXX,2025,0.0
GLOBAL,PWRBIONICXX,2026,0.0
GLOBAL,PWRBIONICXX,2027,0.0
GLOBAL,PWRBIONICXX,2028,0.0
GLOBAL,PWRBIONICXX,2029,0.0
GLOBAL,PWRBIONICXX,2030,0.0
GLOBAL,PWRBIONICXX,2031,0.0
GLOBAL,PWRBIONICXX,2032,0.0
GLOBAL,PWRBIONICXX,2033,0.0
GLOBAL,PWRBIONICXX,2034,0.0
GLOBAL,PWRBIONICXX,2035,0.0
GLOBAL,PWRBIONICXX,2036,0.0
GLOBAL,PWRBIONICXX,2037,0.0
GLOBAL,PWRBIONICXX,2038,0.0
GLOBAL,PWRBIONICXX,2039,0.0
GLOBAL,PWRBIONICXX,2040,0.0
GLOBAL,PWRBIONICXX,2041,0.0
GLOBAL,PWRBIONICXX,2042,0.0
GLOBAL,PWRBIONICXX,2043,0.0
GLOBAL,PWRBIONICXX,2044,0.0
GLOBAL,PWRBIONICXX,2045,0.0
GLOBAL,PWRBIONICXX,2046,0.0
GLOBAL,PWRBIONICXX,2047,0.0
GLOBAL,PWRBIONICXX,2048,0.0
GLOBAL,PWRBIONICXX,2049,0.0
GLOBAL,PWRBIONICXX,2050,0.0
GLOBAL,PWRBIOPANXX,2023,0.0
GLOBAL,PWRBIOPANXX,2024,0.0
GLOBAL,PWRBIOPANXX,2025,0.0
GLOBAL,PWRBIOPANXX,2026,0.0
GLOBAL,PWRBIOPANXX,2027,0.0
GLOBAL,PWRBIOPANXX,2028,0.0
GLOBAL,PWRBIOPANXX,2029,0.0
GLOBAL,PWRBIOPANXX,2030,0.0
GLOBAL,PWRBIOPANXX,2031,0.0
GLOBAL,PWRBIOPANXX,2032,0.0
GLOBAL,PWRBIOPANXX,2033,0.0
GLOBAL,PWRBIOPANXX,2034,0.0
GLOBAL,PWRBIOPANXX,2035,0.0
GLOBAL,PWRBIOPANXX,2036,0.0
GLOBAL,PWRBIOPANXX,2037,0.0
GLOBAL,PWRBIOPANXX,2038,0.0
GLOBAL,PWRBIOPANXX,2039,0.0
GLOBAL,PWRBIOPANXX,2040,0.0
GLOBAL,PWRBIOPANXX,2041,0.0
GLOBAL,PWRBIOPANXX,2042,0.0
GLOBAL,PWRBIOPANXX,2043,0.0
GLOBAL,PWRBIOPANXX,2044,0.0
GLOBAL,PWRBIOPANXX,2045,0.0
GLOBAL,PWRBIOPANXX,2046,0.0
GLOBAL,PWRBIOPANXX,2047,0.0
GLOBAL,PWRBIOPANXX,2048,0.0
GLOBAL,PWRBIOPANXX,2049,0.0
GLOBAL,PWRBIOPANXX,2050,0.0
GLOBAL,PWRBIOPERXX,2023,0.0
GLOBAL,PWRBIOPERXX,2024,0.0
GLOBAL,PWRBIOPERXX,2025,0.0
GLOBAL,PWRBIOPERXX,2026,0.0
GLOBAL,PWRBIOPERXX,2027,0.0
GLOBAL,PWRBIOPERXX,2028,0.0
GLOBAL,PWRBIOPERXX,2029,0.0
GLOBAL,PWRBIOPERXX,2030,0.0
GLOBAL,PWRBIOPERXX,2031,0.0
GLOBAL,PWRBIOPERXX,2032,0.0
GLOBAL,PWRBIOPERXX,2033,0.0
GLOBAL,PWRBIOPERXX,2034,0.0
GLOBAL,PWRBIOPERXX,2035,0.0
GLOBAL,PWRBIOPERXX,2036,0.0
GLOBAL,PWRBIOPERXX,2037,0.0
GLOBAL,PWRBIOPERXX,2038,0.0
GLOBAL,PWRBIOPERXX,2039,0.0
GLOBAL,PWRBIOPERXX,2040,0.0
GLOBAL,PWRBIOPERXX,2041,0.0
GLOBAL,PWRBIOPERXX,2042,0.0
GLOBAL,PWRBIOPERXX,2043,0.0
GLOBAL,PWRBIOPERXX,2044,0.0
GLOBAL,PWRBIOPERXX,2045,0.0
GLOBAL,PWRBIOPERXX,2046,0.0
GLOBAL,PWRBIOPERXX,2047,0.0
GLOBAL,PWRBIOPERXX,2048,0.0
GLOBAL,PWRBIOPERXX,2049,0.0
GLOBAL,PWRBIOPERXX,2050,0.0
GLOBAL,PWRBIOPRYXX,2023,0.0
GLOBAL,PWRBIOPRYXX,2024,0.0
GLOBAL,PWRBIOPRYXX,2025,0.0
GLOBAL,PWRBIOPRYXX,2026,0.0
GLOBAL,PWRBIOPRYXX,2027,0.0
GLOBAL,PWRBIOPRYXX,2028,0.0
GLOBAL,PWRBIOPRYXX,2029,0.0
GLOBAL,PWRBIOPRYXX,2030,0.0
GLOBAL,PWRBIOPRYXX,2031,0.0
GLOBAL,PWRBIOPRYXX,2032,0.0
GLOBAL,PWRBIOPRYXX,2033,0.0
GLOBAL,PWRBIOPRYXX,2034,0.0
GLOBAL,PWRBIOPRYXX,2035,0.0
GLOBAL,PWRBIOPRYXX,2036,0.0
GLOBAL,PWRBIOPRYXX,2037,0.0
GLOBAL,PWRBIOPRYXX,2038,0.0
GLOBAL,PWRBIOPRYXX,2039,0.0
GLOBAL,PWRBIOPRYXX,2040,0.0
GLOBAL,PWRBIOPRYXX,2041,0.0
GLOBAL,PWRBIOPRYXX,2042,0.0
GLOBAL,PWRBIOPRYXX,2043,0.0
GLOBAL,PWRBIOPRYXX,2044,0.0
GLOBAL,PWRBIOPRYXX,2045,0.0
GLOBAL,PWRBIOPRYXX,2046,0.0
GLOBAL,PWRBIOPRYXX,2047,0.0
GLOBAL,PWRBIOPRYXX,2048,0.0
GLOBAL,PWRBIOPRYXX,2049,0.0
GLOBAL,PWRBIOPRYXX,2050,0.0
GLOBAL,PWRBIOSLVXX,2023,0.0
GLOBAL,PWRBIOSLVXX,2024,0.0
GLOBAL,PWRBIOSLVXX,2025,0.0
GLOBAL,PWRBIOSLVXX,2026,0.0
GLOBAL,PWRBIOSLVXX,2027,0.0
GLOBAL,PWRBIOSLVXX,2028,0.0
GLOBAL,PWRBIOSLVXX,2029,0.0
GLOBAL,PWRBIOSLVXX,2030,0.0
GLOBAL,PWRBIOSLVXX,2031,0.0
GLOBAL,PWRBIOSLVXX,2032,0.0
GLOBAL,PWRBIOSLVXX,2033,0.0
GLOBAL,PWRBIOSLVXX,2034,0.0
GLOBAL,PWRBIOSLVXX,2035,0.0
GLOBAL,PWRBIOSLVXX,2036,0.0
GLOBAL,PWRBIOSLVXX,2037,0.0
GLOBAL,PWRBIOSLVXX,2038,0.0
GLOBAL,PWRBIOSLVXX,2039,0.0
GLOBAL,PWRBIOSLVXX,2040,0.0
GLOBAL,PWRBIOSLVXX,2041,0.0
GLOBAL,PWRBIOSLVXX,2042,0.0
GLOBAL,PWRBIOSLVXX,2043,0.0
GLOBAL,PWRBIOSLVXX,2044,0.0
GLOBAL,PWRBIOSLVXX,2045,0.0
GLOBAL,PWRBIOSLVXX,2046,0.0
GLOBAL,PWRBIOSLVXX,2047,0.0
GLOBAL,PWRBIOSLVXX,2048,0.0
GLOBAL,PWRBIOSLVXX,2049,0.0
GLOBAL,PWRBIOSLVXX,2050,0.0
GLOBAL,PWRBIOURYXX,2023,0.0
GLOBAL,PWRBIOURYXX,2024,0.0
GLOBAL,PWRBIOURYXX,2025,0.0
GLOBAL,PWRBIOURYXX,2026,0.0
GLOBAL,PWRBIOURYXX,2027,0.0
GLOBAL,PWRBIOURYXX,2028,0.0
GLOBAL,PWRBIOURYXX,2029,0.0
GLOBAL,PWRBIOURYXX,2030,0.0
GLOBAL,PWRBIOURYXX,2031,0.0
GLOBAL,PWRBIOURYXX,2032,0.0
GLOBAL,PWRBIOURYXX,2033,0.0
GLOBAL,PWRBIOURYXX,2034,0.0
GLOBAL,PWRBIOURYXX,2035,0.0
GLOBAL,PWRBIOURYXX,2036,0.0
GLOBAL,PWRBIOURYXX,2037,0.0
GLOBAL,PWRBIOURYXX,2038,0.0
GLOBAL,PWRBIOURYXX,2039,0.0
GLOBAL,PWRBIOURYXX,2040,0.0
GLOBAL,PWRBIOURYXX,2041,0.0
GLOBAL,PWRBIOURYXX,2042,0.0
GLOBAL,PWRBIOURYXX,2043,0.0
GLOBAL,PWRBIOURYXX,2044,0.0
GLOBAL,PWRBIOURYXX,2045,0.0
GLOBAL,PWRBIOURYXX,2046,0.0
GLOBAL,PWRBIOURYXX,2047,0.0
GLOBAL,PWRBIOURYXX,2048,0.0
GLOBAL,PWRBIOURYXX,2049,0.0
GLOBAL,PWRBIOURYXX,2050,0.0
GLOBAL,PWRCOGARGXX,2023,0.0
GLOBAL,PWRCOGARGXX,2024,0.0
GLOBAL,PWRCOGARGXX,2025,0.0
GLOBAL,PWRCOGARGXX,2026,0.0
GLOBAL,PWRCOGARGXX,2027,0.0
GLOBAL,PWRCOGARGXX,2028,0.0
GLOBAL,PWRCOGARGXX,2029,0.0
GLOBAL,PWRCOGARGXX,2030,0.0
GLOBAL,PWRCOGARGXX,2031,0.0
GLOBAL,PWRCOGARGXX,2032,0.0
GLOBAL,PWRCOGARGXX,2033,0.0
GLOBAL,PWRCOGARGXX,2034,0.0
GLOBAL,PWRCOGARGXX,2035,0.0
GLOBAL,PWRCOGARGXX,2036,0.0
GLOBAL,PWRCOGARGXX,2037,0.0
GLOBAL,PWRCOGARGXX,2038,0.0
GLOBAL,PWRCOGARGXX,2039,0.0
GLOBAL,PWRCOGARGXX,2040,0.0
GLOBAL,PWRCOGARGXX,2041,0.0
GLOBAL,PWRCOGARGXX,2042,0.0
GLOBAL,PWRCOGARGXX,2043,0.0
GLOBAL,PWRCOGARGXX,2044,0.0
GLOBAL,PWRCOGARGXX,2045,0.0
GLOBAL,PWRCOGARGXX,2046,0.0
GLOBAL,PWRCOGARGXX,2047,0.0
GLOBAL,PWRCOGARGXX,2048,0.0
GLOBAL,PWRCOGARGXX,2049,0.0
GLOBAL,PWRCOGARGXX,2050,0.0
GLOBAL,PWRCOGBOLXX,2023,0.0
GLOBAL,PWRCOGBOLXX,2024,0.0
GLOBAL,PWRCOGBOLXX,2025,0.0
GLOBAL,PWRCOGBOLXX,2026,0.0
GLOBAL,PWRCOGBOLXX,2027,0.0
GLOBAL,PWRCOGBOLXX,2028,0.0
GLOBAL,PWRCOGBOLXX,2029,0.0
GLOBAL,PWRCOGBOLXX,2030,0.0
GLOBAL,PWRCOGBOLXX,2031,0.0
GLOBAL,PWRCOGBOLXX,2032,0.0
GLOBAL,PWRCOGBOLXX,2033,0.0
GLOBAL,PWRCOGBOLXX,2034,0.0
GLOBAL,PWRCOGBOLXX,2035,0.0
GLOBAL,PWRCOGBOLXX,2036,0.0
GLOBAL,PWRCOGBOLXX,2037,0.0
GLOBAL,PWRCOGBOLXX,2038,0.0
GLOBAL,PWRCOGBOLXX,2039,0.0
GLOBAL,PWRCOGBOLXX,2040,0.0
GLOBAL,PWRCOGBOLXX,2041,0.0
GLOBAL,PWRCOGBOLXX,2042,0.0
GLOBAL,PWRCOGBOLXX,2043,0.0
GLOBAL,PWRCOGBOLXX,2044,0.0
GLOBAL,PWRCOGBOLXX,2045,0.0
GLOBAL,PWRCOGBOLXX,2046,0.0
GLOBAL,PWRCOGBOLXX,2047,0.0
GLOBAL,PWRCOGBOLXX,2048,0.0
GLOBAL,PWRCOGBOLXX,2049,0.0
GLOBAL,PWRCOGBOLXX,2050,0.0
GLOBAL,PWRCOGBRAXX,2023,0.0
GLOBAL,PWRCOGBRAXX,2024,0.0
GLOBAL,PWRCOGBRAXX,2025,0.0
GLOBAL,PWRCOGBRAXX,2026,0.0
GLOBAL,PWRCOGBRAXX,2027,0.0
GLOBAL,PWRCOGBRAXX,2028,0.0
GLOBAL,PWRCOGBRAXX,2029,0.0
GLOBAL,PWRCOGBRAXX,2030,0.0
GLOBAL,PWRCOGBRAXX,2031,0.0
GLOBAL,PWRCOGBRAXX,2032,0.0
GLOBAL,PWRCOGBRAXX,2033,0.0
GLOBAL,PWRCOGBRAXX,2034,0.0
GLOBAL,PWRCOGBRAXX,2035,0.0
GLOBAL,PWRCOGBRAXX,2036,0.0
GLOBAL,PWRCOGBRAXX,2037,0.0
GLOBAL,PWRCOGBRAXX,2038,0.0
GLOBAL,PWRCOGBRAXX,2039,0.0
GLOBAL,PWRCOGBRAXX,2040,0.0
GLOBAL,PWRCOGBRAXX,2041,0.0
GLOBAL,PWRCOGBRAXX,2042,0.0
GLOBAL,PWRCOGBRAXX,2043,0.0
GLOBAL,PWRCOGBRAXX,2044,0.0
GLOBAL,PWRCOGBRAXX,2045,0.0
GLOBAL,PWRCOGBRAXX,2046,0.0
GLOBAL,PWRCOGBRAXX,2047,0.0
GLOBAL,PWRCOGBRAXX,2048,0.0
GLOBAL,PWRCOGBRAXX,2049,0.0
GLOBAL,PWRCOGBRAXX,2050,0.0
GLOBAL,PWRCOGBRBXX,2023,0.0
GLOBAL,PWRCOGBRBXX,2024,0.0
GLOBAL,PWRCOGBRBXX,2025,0.0
GLOBAL,PWRCOGBRBXX,2026,0.0
GLOBAL,PWRCOGBRBXX,2027,0.0
GLOBAL,PWRCOGBRBXX,2028,0.0
GLOBAL,PWRCOGBRBXX,2029,0.0
GLOBAL,PWRCOGBRBXX,2030,0.0
GLOBAL,PWRCOGBRBXX,2031,0.0
GLOBAL,PWRCOGBRBXX,2032,0.0
GLOBAL,PWRCOGBRBXX,2033,0.0
GLOBAL,PWRCOGBRBXX,2034,0.0
GLOBAL,PWRCOGBRBXX,2035,0.0
GLOBAL,PWRCOGBRBXX,2036,0.0
GLOBAL,PWRCOGBRBXX,2037,0.0
GLOBAL,PWRCOGBRBXX,2038,0.0
GLOBAL,PWRCOGBRBXX,2039,0.0
GLOBAL,PWRCOGBRBXX,2040,0.0
GLOBAL,PWRCOGBRBXX,2041,0.0
GLOBAL,PWRCOGBRBXX,2042,0.0
GLOBAL,PWRCOGBRBXX,2043,0.0
GLOBAL,PWRCOGBRBXX,2044,0.0
GLOBAL,PWRCOGBRBXX,2045,0.0
GLOBAL,PWRCOGBRBXX,2046,0.0
GLOBAL,PWRCOGBRBXX,2047,0.0
GLOBAL,PWRCOGBRBXX,2048,0.0
GLOBAL,PWRCOGBRBXX,2049,0.0
GLOBAL,PWRCOGBRBXX,2050,0.0
GLOBAL,PWRCOGCHLXX,2023,0.0
GLOBAL,PWRCOGCHLXX,2024,0.0
GLOBAL,PWRCOGCHLXX,2025,0.0
GLOBAL,PWRCOGCHLXX,2026,0.0
GLOBAL,PWRCOGCHLXX,2027,0.0
GLOBAL,PWRCOGCHLXX,2028,0.0
GLOBAL,PWRCOGCHLXX,2029,0.0
GLOBAL,PWRCOGCHLXX,2030,0.0
GLOBAL,PWRCOGCHLXX,2031,0.0
GLOBAL,PWRCOGCHLXX,2032,0.0
GLOBAL,PWRCOGCHLXX,2033,0.0
GLOBAL,PWRCOGCHLXX,2034,0.0
GLOBAL,PWRCOGCHLXX,2035,0.0
GLOBAL,PWRCOGCHLXX,2036,0.0
GLOBAL,PWRCOGCHLXX,2037,0.0
GLOBAL,PWRCOGCHLXX,2038,0.0
GLOBAL,PWRCOGCHLXX,2039,0.0
GLOBAL,PWRCOGCHLXX,2040,0.0
GLOBAL,PWRCOGCHLXX,2041,0.0
GLOBAL,PWRCOGCHLXX,2042,0.0
GLOBAL,PWRCOGCHLXX,2043,0.0
GLOBAL,PWRCOGCHLXX,2044,0.0
GLOBAL,PWRCOGCHLXX,2045,0.0
GLOBAL,PWRCOGCHLXX,2046,0.0
GLOBAL,PWRCOGCHLXX,2047,0.0
GLOBAL,PWRCOGCHLXX,2048,0.0
GLOBAL,PWRCOGCHLXX,2049,0.0
GLOBAL,PWRCOGCHLXX,2050,0.0
GLOBAL,PWRCOGCOLXX,2023,0.0
GLOBAL,PWRCOGCOLXX,2024,0.0
GLOBAL,PWRCOGCOLXX,2025,0.0
GLOBAL,PWRCOGCOLXX,2026,0.0
GLOBAL,PWRCOGCOLXX,2027,0.0
GLOBAL,PWRCOGCOLXX,2028,0.0
GLOBAL,PWRCOGCOLXX,2029,0.0
GLOBAL,PWRCOGCOLXX,2030,0.0
GLOBAL,PWRCOGCOLXX,2031,0.0
GLOBAL,PWRCOGCOLXX,2032,0.0
GLOBAL,PWRCOGCOLXX,2033,0.0
GLOBAL,PWRCOGCOLXX,2034,0.0
GLOBAL,PWRCOGCOLXX,2035,0.0
GLOBAL,PWRCOGCOLXX,2036,0.0
GLOBAL,PWRCOGCOLXX,2037,0.0
GLOBAL,PWRCOGCOLXX,2038,0.0
GLOBAL,PWRCOGCOLXX,2039,0.0
GLOBAL,PWRCOGCOLXX,2040,0.0
GLOBAL,PWRCOGCOLXX,2041,0.0
GLOBAL,PWRCOGCOLXX,2042,0.0
GLOBAL,PWRCOGCOLXX,2043,0.0
GLOBAL,PWRCOGCOLXX,2044,0.0
GLOBAL,PWRCOGCOLXX,2045,0.0
GLOBAL,PWRCOGCOLXX,2046,0.0
GLOBAL,PWRCOGCOLXX,2047,0.0
GLOBAL,PWRCOGCOLXX,2048,0.0
GLOBAL,PWRCOGCOLXX,2049,0.0
GLOBAL,PWRCOGCOLXX,2050,0.0
GLOBAL,PWRCOGCRIXX,2023,0.0
GLOBAL,PWRCOGCRIXX,2024,0.0
GLOBAL,PWRCOGCRIXX,2025,0.0
GLOBAL,PWRCOGCRIXX,2026,0.0
GLOBAL,PWRCOGCRIXX,2027,0.0
GLOBAL,PWRCOGCRIXX,2028,0.0
GLOBAL,PWRCOGCRIXX,2029,0.0
GLOBAL,PWRCOGCRIXX,2030,0.0
GLOBAL,PWRCOGCRIXX,2031,0.0
GLOBAL,PWRCOGCRIXX,2032,0.0
GLOBAL,PWRCOGCRIXX,2033,0.0
GLOBAL,PWRCOGCRIXX,2034,0.0
GLOBAL,PWRCOGCRIXX,2035,0.0
GLOBAL,PWRCOGCRIXX,2036,0.0
GLOBAL,PWRCOGCRIXX,2037,0.0
GLOBAL,PWRCOGCRIXX,2038,0.0
GLOBAL,PWRCOGCRIXX,2039,0.0
GLOBAL,PWRCOGCRIXX,2040,0.0
GLOBAL,PWRCOGCRIXX,2041,0.0
GLOBAL,PWRCOGCRIXX,2042,0.0
GLOBAL,PWRCOGCRIXX,2043,0.0
GLOBAL,PWRCOGCRIXX,2044,0.0
GLOBAL,PWRCOGCRIXX,2045,0.0
GLOBAL,PWRCOGCRIXX,2046,0.0
GLOBAL,PWRCOGCRIXX,2047,0.0
GLOBAL,PWRCOGCRIXX,2048,0.0
GLOBAL,PWRCOGCRIXX,2049,0.0
GLOBAL,PWRCOGCRIXX,2050,0.0
GLOBAL,PWRCOGDOMXX,2023,0.0
GLOBAL,PWRCOGDOMXX,2024,0.0
GLOBAL,PWRCOGDOMXX,2025,0.0
GLOBAL,PWRCOGDOMXX,2026,0.0
GLOBAL,PWRCOGDOMXX,2027,0.0
GLOBAL,PWRCOGDOMXX,2028,0.0
GLOBAL,PWRCOGDOMXX,2029,0.0
GLOBAL,PWRCOGDOMXX,2030,0.0
GLOBAL,PWRCOGDOMXX,2031,0.0
GLOBAL,PWRCOGDOMXX,2032,0.0
GLOBAL,PWRCOGDOMXX,2033,0.0
GLOBAL,PWRCOGDOMXX,2034,0.0
GLOBAL,PWRCOGDOMXX,2035,0.0
GLOBAL,PWRCOGDOMXX,2036,0.0
GLOBAL,PWRCOGDOMXX,2037,0.0
GLOBAL,PWRCOGDOMXX,2038,0.0
GLOBAL,PWRCOGDOMXX,2039,0.0
GLOBAL,PWRCOGDOMXX,2040,0.0
GLOBAL,PWRCOGDOMXX,2041,0.0
GLOBAL,PWRCOGDOMXX,2042,0.0
GLOBAL,PWRCOGDOMXX,2043,0.0
GLOBAL,PWRCOGDOMXX,2044,0.0
GLOBAL,PWRCOGDOMXX,2045,0.0
GLOBAL,PWRCOGDOMXX,2046,0.0
GLOBAL,PWRCOGDOMXX,2047,0.0
GLOBAL,PWRCOGDOMXX,2048,0.0
GLOBAL,PWRCOGDOMXX,2049,0.0
GLOBAL,PWRCOGDOMXX,2050,0.0
GLOBAL,PWRCOGECUXX,2023,0.0
GLOBAL,PWRCOGECUXX,2024,0.0
GLOBAL,PWRCOGECUXX,2025,0.0
GLOBAL,PWRCOGECUXX,2026,0.0
GLOBAL,PWRCOGECUXX,2027,0.0
GLOBAL,PWRCOGECUXX,2028,0.0
GLOBAL,PWRCOGECUXX,2029,0.0
GLOBAL,PWRCOGECUXX,2030,0.0
GLOBAL,PWRCOGECUXX,2031,0.0
GLOBAL,PWRCOGECUXX,2032,0.0
GLOBAL,PWRCOGECUXX,2033,0.0
GLOBAL,PWRCOGECUXX,2034,0.0
GLOBAL,PWRCOGECUXX,2035,0.0
GLOBAL,PWRCOGECUXX,2036,0.0
GLOBAL,PWRCOGECUXX,2037,0.0
GLOBAL,PWRCOGECUXX,2038,0.0
GLOBAL,PWRCOGECUXX,2039,0.0
GLOBAL,PWRCOGECUXX,2040,0.0
GLOBAL,PWRCOGECUXX,2041,0.0
GLOBAL,PWRCOGECUXX,2042,0.0
GLOBAL,PWRCOGECUXX,2043,0.0
GLOBAL,PWRCOGECUXX,2044,0.0
GLOBAL,PWRCOGECUXX,2045,0.0
GLOBAL,PWRCOGECUXX,2046,0.0
GLOBAL,PWRCOGECUXX,2047,0.0
GLOBAL,PWRCOGECUXX,2048,0.0
GLOBAL,PWRCOGECUXX,2049,0.0
GLOBAL,PWRCOGECUXX,2050,0.0
GLOBAL,PWRCOGGTMXX,2023,0.0
GLOBAL,PWRCOGGTMXX,2024,0.0
GLOBAL,PWRCOGGTMXX,2025,0.0
GLOBAL,PWRCOGGTMXX,2026,0.0
GLOBAL,PWRCOGGTMXX,2027,0.0
GLOBAL,PWRCOGGTMXX,2028,0.0
GLOBAL,PWRCOGGTMXX,2029,0.0
GLOBAL,PWRCOGGTMXX,2030,0.0
GLOBAL,PWRCOGGTMXX,2031,0.0
GLOBAL,PWRCOGGTMXX,2032,0.0
GLOBAL,PWRCOGGTMXX,2033,0.0
GLOBAL,PWRCOGGTMXX,2034,0.0
GLOBAL,PWRCOGGTMXX,2035,0.0
GLOBAL,PWRCOGGTMXX,2036,0.0
GLOBAL,PWRCOGGTMXX,2037,0.0
GLOBAL,PWRCOGGTMXX,2038,0.0
GLOBAL,PWRCOGGTMXX,2039,0.0
GLOBAL,PWRCOGGTMXX,2040,0.0
GLOBAL,PWRCOGGTMXX,2041,0.0
GLOBAL,PWRCOGGTMXX,2042,0.0
GLOBAL,PWRCOGGTMXX,2043,0.0
GLOBAL,PWRCOGGTMXX,2044,0.0
GLOBAL,PWRCOGGTMXX,2045,0.0
GLOBAL,PWRCOGGTMXX,2046,0.0
GLOBAL,PWRCOGGTMXX,2047,0.0
GLOBAL,PWRCOGGTMXX,2048,0.0
GLOBAL,PWRCOGGTMXX,2049,0.0
GLOBAL,PWRCOGGTMXX,2050,0.0
GLOBAL,PWRCOGHNDXX,2023,0.0
GLOBAL,PWRCOGHNDXX,2024,0.0
GLOBAL,PWRCOGHNDXX,2025,0.0
GLOBAL,PWRCOGHNDXX,2026,0.0
GLOBAL,PWRCOGHNDXX,2027,0.0
GLOBAL,PWRCOGHNDXX,2028,0.0
GLOBAL,PWRCOGHNDXX,2029,0.0
GLOBAL,PWRCOGHNDXX,2030,0.0
GLOBAL,PWRCOGHNDXX,2031,0.0
GLOBAL,PWRCOGHNDXX,2032,0.0
GLOBAL,PWRCOGHNDXX,2033,0.0
GLOBAL,PWRCOGHNDXX,2034,0.0
GLOBAL,PWRCOGHNDXX,2035,0.0
GLOBAL,PWRCOGHNDXX,2036,0.0
GLOBAL,PWRCOGHNDXX,2037,0.0
GLOBAL,PWRCOGHNDXX,2038,0.0
GLOBAL,PWRCOGHNDXX,2039,0.0
GLOBAL,PWRCOGHNDXX,2040,0.0
GLOBAL,PWRCOGHNDXX,2041,0.0
GLOBAL,PWRCOGHNDXX,2042,0.0
GLOBAL,PWRCOGHNDXX,2043,0.0
GLOBAL,PWRCOGHNDXX,2044,0.0
GLOBAL,PWRCOGHNDXX,2045,0.0
GLOBAL,PWRCOGHNDXX,2046,0.0
GLOBAL,PWRCOGHNDXX,2047,0.0
GLOBAL,PWRCOGHNDXX,2048,0.0
GLOBAL,PWRCOGHNDXX,2049,0.0
GLOBAL,PWRCOGHNDXX,2050,0.0
GLOBAL,PWRCOGHTIXX,2023,0.0
GLOBAL,PWRCOGHTIXX,2024,0.0
GLOBAL,PWRCOGHTIXX,2025,0.0
GLOBAL,PWRCOGHTIXX,2026,0.0
GLOBAL,PWRCOGHTIXX,2027,0.0
GLOBAL,PWRCOGHTIXX,2028,0.0
GLOBAL,PWRCOGHTIXX,2029,0.0
GLOBAL,PWRCOGHTIXX,2030,0.0
GLOBAL,PWRCOGHTIXX,2031,0.0
GLOBAL,PWRCOGHTIXX,2032,0.0
GLOBAL,PWRCOGHTIXX,2033,0.0
GLOBAL,PWRCOGHTIXX,2034,0.0
GLOBAL,PWRCOGHTIXX,2035,0.0
GLOBAL,PWRCOGHTIXX,2036,0.0
GLOBAL,PWRCOGHTIXX,2037,0.0
GLOBAL,PWRCOGHTIXX,2038,0.0
GLOBAL,PWRCOGHTIXX,2039,0.0
GLOBAL,PWRCOGHTIXX,2040,0.0
GLOBAL,PWRCOGHTIXX,2041,0.0
GLOBAL,PWRCOGHTIXX,2042,0.0
GLOBAL,PWRCOGHTIXX,2043,0.0
GLOBAL,PWRCOGHTIXX,2044,0.0
GLOBAL,PWRCOGHTIXX,2045,0.0
GLOBAL,PWRCOGHTIXX,2046,0.0
GLOBAL,PWRCOGHTIXX,2047,0.0
GLOBAL,PWRCOGHTIXX,2048,0.0
GLOBAL,PWRCOGHTIXX,2049,0.0
GLOBAL,PWRCOGHTIXX,2050,0.0
GLOBAL,PWRCOGMEXXX,2023,0.0
GLOBAL,PWRCOGMEXXX,2024,0.0
GLOBAL,PWRCOGMEXXX,2025,0.0
GLOBAL,PWRCOGMEXXX,2026,0.0
GLOBAL,PWRCOGMEXXX,2027,0.0
GLOBAL,PWRCOGMEXXX,2028,0.0
GLOBAL,PWRCOGMEXXX,2029,0.0
GLOBAL,PWRCOGMEXXX,2030,0.0
GLOBAL,PWRCOGMEXXX,2031,0.0
GLOBAL,PWRCOGMEXXX,2032,0.0
GLOBAL,PWRCOGMEXXX,2033,0.0
GLOBAL,PWRCOGMEXXX,2034,0.0
GLOBAL,PWRCOGMEXXX,2035,0.0
GLOBAL,PWRCOGMEXXX,2036,0.0
GLOBAL,PWRCOGMEXXX,2037,0.0
GLOBAL,PWRCOGMEXXX,2038,0.0
GLOBAL,PWRCOGMEXXX,2039,0.0
GLOBAL,PWRCOGMEXXX,2040,0.0
GLOBAL,PWRCOGMEXXX,2041,0.0
GLOBAL,PWRCOGMEXXX,2042,0.0
GLOBAL,PWRCOGMEXXX,2043,0.0
GLOBAL,PWRCOGMEXXX,2044,0.0
GLOBAL,PWRCOGMEXXX,2045,0.0
GLOBAL,PWRCOGMEXXX,2046,0.0
GLOBAL,PWRCOGMEXXX,2047,0.0
GLOBAL,PWRCOGMEXXX,2048,0.0
GLOBAL,PWRCOGMEXXX,2049,0.0
GLOBAL,PWRCOGMEXXX,2050,0.0
GLOBAL,PWRCOGNICXX,2023,0.0
GLOBAL,PWRCOGNICXX,2024,0.0
GLOBAL,PWRCOGNICXX,2025,0.0
GLOBAL,PWRCOGNICXX,2026,0.0
GLOBAL,PWRCOGNICXX,2027,0.0
GLOBAL,PWRCOGNICXX,2028,0.0
GLOBAL,PWRCOGNICXX,2029,0.0
GLOBAL,PWRCOGNICXX,2030,0.0
GLOBAL,PWRCOGNICXX,2031,0.0
GLOBAL,PWRCOGNICXX,2032,0.0
GLOBAL,PWRCOGNICXX,2033,0.0
GLOBAL,PWRCOGNICXX,2034,0.0
GLOBAL,PWRCOGNICXX,2035,0.0
GLOBAL,PWRCOGNICXX,2036,0.0
GLOBAL,PWRCOGNICXX,2037,0.0
GLOBAL,PWRCOGNICXX,2038,0.0
GLOBAL,PWRCOGNICXX,2039,0.0
GLOBAL,PWRCOGNICXX,2040,0.0
GLOBAL,PWRCOGNICXX,2041,0.0
GLOBAL,PWRCOGNICXX,2042,0.0
GLOBAL,PWRCOGNICXX,2043,0.0
GLOBAL,PWRCOGNICXX,2044,0.0
GLOBAL,PWRCOGNICXX,2045,0.0
GLOBAL,PWRCOGNICXX,2046,0.0
GLOBAL,PWRCOGNICXX,2047,0.0
GLOBAL,PWRCOGNICXX,2048,0.0
GLOBAL,PWRCOGNICXX,2049,0.0
GLOBAL,PWRCOGNICXX,2050,0.0
GLOBAL,PWRCOGPANXX,2023,0.0
GLOBAL,PWRCOGPANXX,2024,0.0
GLOBAL,PWRCOGPANXX,2025,0.0
GLOBAL,PWRCOGPANXX,2026,0.0
GLOBAL,PWRCOGPANXX,2027,0.0
GLOBAL,PWRCOGPANXX,2028,0.0
GLOBAL,PWRCOGPANXX,2029,0.0
GLOBAL,PWRCOGPANXX,2030,0.0
GLOBAL,PWRCOGPANXX,2031,0.0
GLOBAL,PWRCOGPANXX,2032,0.0
GLOBAL,PWRCOGPANXX,2033,0.0
GLOBAL,PWRCOGPANXX,2034,0.0
GLOBAL,PWRCOGPANXX,2035,0.0
GLOBAL,PWRCOGPANXX,2036,0.0
GLOBAL,PWRCOGPANXX,2037,0.0
GLOBAL,PWRCOGPANXX,2038,0.0
GLOBAL,PWRCOGPANXX,2039,0.0
GLOBAL,PWRCOGPANXX,2040,0.0
GLOBAL,PWRCOGPANXX,2041,0.0
GLOBAL,PWRCOGPANXX,2042,0.0
GLOBAL,PWRCOGPANXX,2043,0.0
GLOBAL,PWRCOGPANXX,2044,0.0
GLOBAL,PWRCOGPANXX,2045,0.0
GLOBAL,PWRCOGPANXX,2046,0.0
GLOBAL,PWRCOGPANXX,2047,0.0
GLOBAL,PWRCOGPANXX,2048,0.0
GLOBAL,PWRCOGPANXX,2049,0.0
GLOBAL,PWRCOGPANXX,2050,0.0
GLOBAL,PWRCOGPERXX,2023,0.0
GLOBAL,PWRCOGPERXX,2024,0.0
GLOBAL,PWRCOGPERXX,2025,0.0
GLOBAL,PWRCOGPERXX,2026,0.0
GLOBAL,PWRCOGPERXX,2027,0.0
GLOBAL,PWRCOGPERXX,2028,0.0
GLOBAL,PWRCOGPERXX,2029,0.0
GLOBAL,PWRCOGPERXX,2030,0.0
GLOBAL,PWRCOGPERXX,2031,0.0
GLOBAL,PWRCOGPERXX,2032,0.0
GLOBAL,PWRCOGPERXX,2033,0.0
GLOBAL,PWRCOGPERXX,2034,0.0
GLOBAL,PWRCOGPERXX,2035,0.0
GLOBAL,PWRCOGPERXX,2036,0.0
GLOBAL,PWRCOGPERXX,2037,0.0
GLOBAL,PWRCOGPERXX,2038,0.0
GLOBAL,PWRCOGPERXX,2039,0.0
GLOBAL,PWRCOGPERXX,2040,0.0
GLOBAL,PWRCOGPERXX,2041,0.0
GLOBAL,PWRCOGPERXX,2042,0.0
GLOBAL,PWRCOGPERXX,2043,0.0
GLOBAL,PWRCOGPERXX,2044,0.0
GLOBAL,PWRCOGPERXX,2045,0.0
GLOBAL,PWRCOGPERXX,2046,0.0
GLOBAL,PWRCOGPERXX,2047,0.0
GLOBAL,PWRCOGPERXX,2048,0.0
GLOBAL,PWRCOGPERXX,2049,0.0
GLOBAL,PWRCOGPERXX,2050,0.0
GLOBAL,PWRCOGPRYXX,2023,0.0
GLOBAL,PWRCOGPRYXX,2024,0.0
GLOBAL,PWRCOGPRYXX,2025,0.0
GLOBAL,PWRCOGPRYXX,2026,0.0
GLOBAL,PWRCOGPRYXX,2027,0.0
GLOBAL,PWRCOGPRYXX,2028,0.0
GLOBAL,PWRCOGPRYXX,2029,0.0
GLOBAL,PWRCOGPRYXX,2030,0.0
GLOBAL,PWRCOGPRYXX,2031,0.0
GLOBAL,PWRCOGPRYXX,2032,0.0
GLOBAL,PWRCOGPRYXX,2033,0.0
GLOBAL,PWRCOGPRYXX,2034,0.0
GLOBAL,PWRCOGPRYXX,2035,0.0
GLOBAL,PWRCOGPRYXX,2036,0.0
GLOBAL,PWRCOGPRYXX,2037,0.0
GLOBAL,PWRCOGPRYXX,2038,0.0
GLOBAL,PWRCOGPRYXX,2039,0.0
GLOBAL,PWRCOGPRYXX,2040,0.0
GLOBAL,PWRCOGPRYXX,2041,0.0
GLOBAL,PWRCOGPRYXX,2042,0.0
GLOBAL,PWRCOGPRYXX,2043,0.0
GLOBAL,PWRCOGPRYXX,2044,0.0
GLOBAL,PWRCOGPRYXX,2045,0.0
GLOBAL,PWRCOGPRYXX,2046,0.0
GLOBAL,PWRCOGPRYXX,2047,0.0
GLOBAL,PWRCOGPRYXX,2048,0.0
GLOBAL,PWRCOGPRYXX,2049,0.0
GLOBAL,PWRCOGPRYXX,2050,0.0
GLOBAL,PWRCOGSLVXX,2023,0.0
GLOBAL,PWRCOGSLVXX,2024,0.0
GLOBAL,PWRCOGSLVXX,2025,0.0
GLOBAL,PWRCOGSLVXX,2026,0.0
GLOBAL,PWRCOGSLVXX,2027,0.0
GLOBAL,PWRCOGSLVXX,2028,0.0
GLOBAL,PWRCOGSLVXX,2029,0.0
GLOBAL,PWRCOGSLVXX,2030,0.0
GLOBAL,PWRCOGSLVXX,2031,0.0
GLOBAL,PWRCOGSLVXX,2032,0.0
GLOBAL,PWRCOGSLVXX,2033,0.0
GLOBAL,PWRCOGSLVXX,2034,0.0
GLOBAL,PWRCOGSLVXX,2035,0.0
GLOBAL,PWRCOGSLVXX,2036,0.0
GLOBAL,PWRCOGSLVXX,2037,0.0
GLOBAL,PWRCOGSLVXX,2038,0.0
GLOBAL,PWRCOGSLVXX,2039,0.0
GLOBAL,PWRCOGSLVXX,2040,0.0
GLOBAL,PWRCOGSLVXX,2041,0.0
GLOBAL,PWRCOGSLVXX,2042,0.0
GLOBAL,PWRCOGSLVXX,2043,0.0
GLOBAL,PWRCOGSLVXX,2044,0.0
GLOBAL,PWRCOGSLVXX,2045,0.0
GLOBAL,PWRCOGSLVXX,2046,0.0
GLOBAL,PWRCOGSLVXX,2047,0.0
GLOBAL,PWRCOGSLVXX,2048,0.0
GLOBAL,PWRCOGSLVXX,2049,0.0
GLOBAL,PWRCOGSLVXX,2050,0.0
GLOBAL,PWRCOGURYXX,2023,0.0
GLOBAL,PWRCOGURYXX,2024,0.0
GLOBAL,PWRCOGURYXX,2025,0.0
GLOBAL,PWRCOGURYXX,2026,0.0
GLOBAL,PWRCOGURYXX,2027,0.0
GLOBAL,PWRCOGURYXX,2028,0.0
GLOBAL,PWRCOGURYXX,2029,0.0
GLOBAL,PWRCOGURYXX,2030,0.0
GLOBAL,PWRCOGURYXX,2031,0.0
GLOBAL,PWRCOGURYXX,2032,0.0
GLOBAL,PWRCOGURYXX,2033,0.0
GLOBAL,PWRCOGURYXX,2034,0.0
GLOBAL,PWRCOGURYXX,2035,0.0
GLOBAL,PWRCOGURYXX,2036,0.0
GLOBAL,PWRCOGURYXX,2037,0.0
GLOBAL,PWRCOGURYXX,2038,0.0
GLOBAL,PWRCOGURYXX,2039,0.0
GLOBAL,PWRCOGURYXX,2040,0.0
GLOBAL,PWRCOGURYXX,2041,0.0
GLOBAL,PWRCOGURYXX,2042,0.0
GLOBAL,PWRCOGURYXX,2043,0.0
GLOBAL,PWRCOGURYXX,2044,0.0
GLOBAL,PWRCOGURYXX,2045,0.0
GLOBAL,PWRCOGURYXX,2046,0.0
GLOBAL,PWRCOGURYXX,2047,0.0
GLOBAL,PWRCOGURYXX,2048,0.0
GLOBAL,PWRCOGURYXX,2049,0.0
GLOBAL,PWRCOGURYXX,2050,0.0
GLOBAL,PWRCSPARGXX,2023,0.0
GLOBAL,PWRCSPARGXX,2024,0.0
GLOBAL,PWRCSPARGXX,2025,0.0
GLOBAL,PWRCSPARGXX,2026,0.0
GLOBAL,PWRCSPARGXX,2027,0.0
GLOBAL,PWRCSPARGXX,2028,0.0
GLOBAL,PWRCSPARGXX,2029,0.0
GLOBAL,PWRCSPARGXX,2030,0.0
GLOBAL,PWRCSPARGXX,2031,0.0
GLOBAL,PWRCSPARGXX,2032,0.0
GLOBAL,PWRCSPARGXX,2033,0.0
GLOBAL,PWRCSPARGXX,2034,0.0
GLOBAL,PWRCSPARGXX,2035,0.0
GLOBAL,PWRCSPARGXX,2036,0.0
GLOBAL,PWRCSPARGXX,2037,0.0
GLOBAL,PWRCSPARGXX,2038,0.0
GLOBAL,PWRCSPARGXX,2039,0.0
GLOBAL,PWRCSPARGXX,2040,0.0
GLOBAL,PWRCSPARGXX,2041,0.0
GLOBAL,PWRCSPARGXX,2042,0.0
GLOBAL,PWRCSPARGXX,2043,0.0
GLOBAL,PWRCSPARGXX,2044,0.0
GLOBAL,PWRCSPARGXX,2045,0.0
GLOBAL,PWRCSPARGXX,2046,0.0
GLOBAL,PWRCSPARGXX,2047,0.0
GLOBAL,PWRCSPARGXX,2048,0.0
GLOBAL,PWRCSPARGXX,2049,0.0
GLOBAL,PWRCSPARGXX,2050,0.0
GLOBAL,PWRCSPBOLXX,2023,0.0
GLOBAL,PWRCSPBOLXX,2024,0.0
GLOBAL,PWRCSPBOLXX,2025,0.0
GLOBAL,PWRCSPBOLXX,2026,0.0
GLOBAL,PWRCSPBOLXX,2027,0.0
GLOBAL,PWRCSPBOLXX,2028,0.0
GLOBAL,PWRCSPBOLXX,2029,0.0
GLOBAL,PWRCSPBOLXX,2030,0.0
GLOBAL,PWRCSPBOLXX,2031,0.0
GLOBAL,PWRCSPBOLXX,2032,0.0
GLOBAL,PWRCSPBOLXX,2033,0.0
GLOBAL,PWRCSPBOLXX,2034,0.0
GLOBAL,PWRCSPBOLXX,2035,0.0
GLOBAL,PWRCSPBOLXX,2036,0.0
GLOBAL,PWRCSPBOLXX,2037,0.0
GLOBAL,PWRCSPBOLXX,2038,0.0
GLOBAL,PWRCSPBOLXX,2039,0.0
GLOBAL,PWRCSPBOLXX,2040,0.0
GLOBAL,PWRCSPBOLXX,2041,0.0
GLOBAL,PWRCSPBOLXX,2042,0.0
GLOBAL,PWRCSPBOLXX,2043,0.0
GLOBAL,PWRCSPBOLXX,2044,0.0
GLOBAL,PWRCSPBOLXX,2045,0.0
GLOBAL,PWRCSPBOLXX,2046,0.0
GLOBAL,PWRCSPBOLXX,2047,0.0
GLOBAL,PWRCSPBOLXX,2048,0.0
GLOBAL,PWRCSPBOLXX,2049,0.0
GLOBAL,PWRCSPBOLXX,2050,0.0
GLOBAL,PWRCSPBRAXX,2023,0.0
GLOBAL,PWRCSPBRAXX,2024,0.0
GLOBAL,PWRCSPBRAXX,2025,0.0
GLOBAL,PWRCSPBRAXX,2026,0.0
GLOBAL,PWRCSPBRAXX,2027,0.0
GLOBAL,PWRCSPBRAXX,2028,0.0
GLOBAL,PWRCSPBRAXX,2029,0.0
GLOBAL,PWRCSPBRAXX,2030,0.0
GLOBAL,PWRCSPBRAXX,2031,0.0
GLOBAL,PWRCSPBRAXX,2032,0.0
GLOBAL,PWRCSPBRAXX,2033,0.0
GLOBAL,PWRCSPBRAXX,2034,0.0
GLOBAL,PWRCSPBRAXX,2035,0.0
GLOBAL,PWRCSPBRAXX,2036,0.0
GLOBAL,PWRCSPBRAXX,2037,0.0
GLOBAL,PWRCSPBRAXX,2038,0.0
GLOBAL,PWRCSPBRAXX,2039,0.0
GLOBAL,PWRCSPBRAXX,2040,0.0
GLOBAL,PWRCSPBRAXX,2041,0.0
GLOBAL,PWRCSPBRAXX,2042,0.0
GLOBAL,PWRCSPBRAXX,2043,0.0
GLOBAL,PWRCSPBRAXX,2044,0.0
GLOBAL,PWRCSPBRAXX,2045,0.0
GLOBAL,PWRCSPBRAXX,2046,0.0
GLOBAL,PWRCSPBRAXX,2047,0.0
GLOBAL,PWRCSPBRAXX,2048,0.0
GLOBAL,PWRCSPBRAXX,2049,0.0
GLOBAL,PWRCSPBRAXX,2050,0.0
GLOBAL,PWRCSPBRBXX,2023,0.0
GLOBAL,PWRCSPBRBXX,2024,0.0
GLOBAL,PWRCSPBRBXX,2025,0.0
GLOBAL,PWRCSPBRBXX,2026,0.0
GLOBAL,PWRCSPBRBXX,2027,0.0
GLOBAL,PWRCSPBRBXX,2028,0.0
GLOBAL,PWRCSPBRBXX,2029,0.0
GLOBAL,PWRCSPBRBXX,2030,0.0
GLOBAL,PWRCSPBRBXX,2031,0.0
GLOBAL,PWRCSPBRBXX,2032,0.0
GLOBAL,PWRCSPBRBXX,2033,0.0
GLOBAL,PWRCSPBRBXX,2034,0.0
GLOBAL,PWRCSPBRBXX,2035,0.0
GLOBAL,PWRCSPBRBXX,2036,0.0
GLOBAL,PWRCSPBRBXX,2037,0.0
GLOBAL,PWRCSPBRBXX,2038,0.0
GLOBAL,PWRCSPBRBXX,2039,0.0
GLOBAL,PWRCSPBRBXX,2040,0.0
GLOBAL,PWRCSPBRBXX,2041,0.0
GLOBAL,PWRCSPBRBXX,2042,0.0
GLOBAL,PWRCSPBRBXX,2043,0.0
GLOBAL,PWRCSPBRBXX,2044,0.0
GLOBAL,PWRCSPBRBXX,2045,0.0
GLOBAL,PWRCSPBRBXX,2046,0.0
GLOBAL,PWRCSPBRBXX,2047,0.0
GLOBAL,PWRCSPBRBXX,2048,0.0
GLOBAL,PWRCSPBRBXX,2049,0.0
GLOBAL,PWRCSPBRBXX,2050,0.0
GLOBAL,PWRCSPCHLXX,2023,0.0
GLOBAL,PWRCSPCHLXX,2024,0.0
GLOBAL,PWRCSPCHLXX,2025,0.0
GLOBAL,PWRCSPCHLXX,2026,0.0
GLOBAL,PWRCSPCHLXX,2027,0.0
GLOBAL,PWRCSPCHLXX,2028,0.0
GLOBAL,PWRCSPCHLXX,2029,0.0
GLOBAL,PWRCSPCHLXX,2030,0.0
GLOBAL,PWRCSPCHLXX,2031,0.0
GLOBAL,PWRCSPCHLXX,2032,0.0
GLOBAL,PWRCSPCHLXX,2033,0.0
GLOBAL,PWRCSPCHLXX,2034,0.0
GLOBAL,PWRCSPCHLXX,2035,0.0
GLOBAL,PWRCSPCHLXX,2036,0.0
GLOBAL,PWRCSPCHLXX,2037,0.0
GLOBAL,PWRCSPCHLXX,2038,0.0
GLOBAL,PWRCSPCHLXX,2039,0.0
GLOBAL,PWRCSPCHLXX,2040,0.0
GLOBAL,PWRCSPCHLXX,2041,0.0
GLOBAL,PWRCSPCHLXX,2042,0.0
GLOBAL,PWRCSPCHLXX,2043,0.0
GLOBAL,PWRCSPCHLXX,2044,0.0
GLOBAL,PWRCSPCHLXX,2045,0.0
GLOBAL,PWRCSPCHLXX,2046,0.0
GLOBAL,PWRCSPCHLXX,2047,0.0
GLOBAL,PWRCSPCHLXX,2048,0.0
GLOBAL,PWRCSPCHLXX,2049,0.0
GLOBAL,PWRCSPCHLXX,2050,0.0
GLOBAL,PWRCSPCOLXX,2023,0.0
GLOBAL,PWRCSPCOLXX,2024,0.0
GLOBAL,PWRCSPCOLXX,2025,0.0
GLOBAL,PWRCSPCOLXX,2026,0.0
GLOBAL,PWRCSPCOLXX,2027,0.0
GLOBAL,PWRCSPCOLXX,2028,0.0
GLOBAL,PWRCSPCOLXX,2029,0.0
GLOBAL,PWRCSPCOLXX,2030,0.0
GLOBAL,PWRCSPCOLXX,2031,0.0
GLOBAL,PWRCSPCOLXX,2032,0.0
GLOBAL,PWRCSPCOLXX,2033,0.0
GLOBAL,PWRCSPCOLXX,2034,0.0
GLOBAL,PWRCSPCOLXX,2035,0.0
GLOBAL,PWRCSPCOLXX,2036,0.0
GLOBAL,PWRCSPCOLXX,2037,0.0
GLOBAL,PWRCSPCOLXX,2038,0.0
GLOBAL,PWRCSPCOLXX,2039,0.0
GLOBAL,PWRCSPCOLXX,2040,0.0
GLOBAL,PWRCSPCOLXX,2041,0.0
GLOBAL,PWRCSPCOLXX,2042,0.0
GLOBAL,PWRCSPCOLXX,2043,0.0
GLOBAL,PWRCSPCOLXX,2044,0.0
GLOBAL,PWRCSPCOLXX,2045,0.0
GLOBAL,PWRCSPCOLXX,2046,0.0
GLOBAL,PWRCSPCOLXX,2047,0.0
GLOBAL,PWRCSPCOLXX,2048,0.0
GLOBAL,PWRCSPCOLXX,2049,0.0
GLOBAL,PWRCSPCOLXX,2050,0.0
GLOBAL,PWRCSPCRIXX,2023,0.0
GLOBAL,PWRCSPCRIXX,2024,0.0
GLOBAL,PWRCSPCRIXX,2025,0.0
GLOBAL,PWRCSPCRIXX,2026,0.0
GLOBAL,PWRCSPCRIXX,2027,0.0
GLOBAL,PWRCSPCRIXX,2028,0.0
GLOBAL,PWRCSPCRIXX,2029,0.0
GLOBAL,PWRCSPCRIXX,2030,0.0
GLOBAL,PWRCSPCRIXX,2031,0.0
GLOBAL,PWRCSPCRIXX,2032,0.0
GLOBAL,PWRCSPCRIXX,2033,0.0
GLOBAL,PWRCSPCRIXX,2034,0.0
GLOBAL,PWRCSPCRIXX,2035,0.0
GLOBAL,PWRCSPCRIXX,2036,0.0
GLOBAL,PWRCSPCRIXX,2037,0.0
GLOBAL,PWRCSPCRIXX,2038,0.0
GLOBAL,PWRCSPCRIXX,2039,0.0
GLOBAL,PWRCSPCRIXX,2040,0.0
GLOBAL,PWRCSPCRIXX,2041,0.0
GLOBAL,PWRCSPCRIXX,2042,0.0
GLOBAL,PWRCSPCRIXX,2043,0.0
GLOBAL,PWRCSPCRIXX,2044,0.0
GLOBAL,PWRCSPCRIXX,2045,0.0
GLOBAL,PWRCSPCRIXX,2046,0.0
GLOBAL,PWRCSPCRIXX,2047,0.0
GLOBAL,PWRCSPCRIXX,2048,0.0
GLOBAL,PWRCSPCRIXX,2049,0.0
GLOBAL,PWRCSPCRIXX,2050,0.0
GLOBAL,PWRCSPDOMXX,2023,0.0
GLOBAL,PWRCSPDOMXX,2024,0.0
GLOBAL,PWRCSPDOMXX,2025,0.0
GLOBAL,PWRCSPDOMXX,2026,0.0
GLOBAL,PWRCSPDOMXX,2027,0.0
GLOBAL,PWRCSPDOMXX,2028,0.0
GLOBAL,PWRCSPDOMXX,2029,0.0
GLOBAL,PWRCSPDOMXX,2030,0.0
GLOBAL,PWRCSPDOMXX,2031,0.0
GLOBAL,PWRCSPDOMXX,2032,0.0
GLOBAL,PWRCSPDOMXX,2033,0.0
GLOBAL,PWRCSPDOMXX,2034,0.0
GLOBAL,PWRCSPDOMXX,2035,0.0
GLOBAL,PWRCSPDOMXX,2036,0.0
GLOBAL,PWRCSPDOMXX,2037,0.0
GLOBAL,PWRCSPDOMXX,2038,0.0
GLOBAL,PWRCSPDOMXX,2039,0.0
GLOBAL,PWRCSPDOMXX,2040,0.0
GLOBAL,PWRCSPDOMXX,2041,0.0
GLOBAL,PWRCSPDOMXX,2042,0.0
GLOBAL,PWRCSPDOMXX,2043,0.0
GLOBAL,PWRCSPDOMXX,2044,0.0
GLOBAL,PWRCSPDOMXX,2045,0.0
GLOBAL,PWRCSPDOMXX,2046,0.0
GLOBAL,PWRCSPDOMXX,2047,0.0
GLOBAL,PWRCSPDOMXX,2048,0.0
GLOBAL,PWRCSPDOMXX,2049,0.0
GLOBAL,PWRCSPDOMXX,2050,0.0
GLOBAL,PWRCSPECUXX,2023,0.0
GLOBAL,PWRCSPECUXX,2024,0.0
GLOBAL,PWRCSPECUXX,2025,0.0
GLOBAL,PWRCSPECUXX,2026,0.0
GLOBAL,PWRCSPECUXX,2027,0.0
GLOBAL,PWRCSPECUXX,2028,0.0
GLOBAL,PWRCSPECUXX,2029,0.0
GLOBAL,PWRCSPECUXX,2030,0.0
GLOBAL,PWRCSPECUXX,2031,0.0
GLOBAL,PWRCSPECUXX,2032,0.0
GLOBAL,PWRCSPECUXX,2033,0.0
GLOBAL,PWRCSPECUXX,2034,0.0
GLOBAL,PWRCSPECUXX,2035,0.0
GLOBAL,PWRCSPECUXX,2036,0.0
GLOBAL,PWRCSPECUXX,2037,0.0
GLOBAL,PWRCSPECUXX,2038,0.0
GLOBAL,PWRCSPECUXX,2039,0.0
GLOBAL,PWRCSPECUXX,2040,0.0
GLOBAL,PWRCSPECUXX,2041,0.0
GLOBAL,PWRCSPECUXX,2042,0.0
GLOBAL,PWRCSPECUXX,2043,0.0
GLOBAL,PWRCSPECUXX,2044,0.0
GLOBAL,PWRCSPECUXX,2045,0.0
GLOBAL,PWRCSPECUXX,2046,0.0
GLOBAL,PWRCSPECUXX,2047,0.0
GLOBAL,PWRCSPECUXX,2048,0.0
GLOBAL,PWRCSPECUXX,2049,0.0
GLOBAL,PWRCSPECUXX,2050,0.0
GLOBAL,PWRCSPGTMXX,2023,0.0
GLOBAL,PWRCSPGTMXX,2024,0.0
GLOBAL,PWRCSPGTMXX,2025,0.0
GLOBAL,PWRCSPGTMXX,2026,0.0
GLOBAL,PWRCSPGTMXX,2027,0.0
GLOBAL,PWRCSPGTMXX,2028,0.0
GLOBAL,PWRCSPGTMXX,2029,0.0
GLOBAL,PWRCSPGTMXX,2030,0.0
GLOBAL,PWRCSPGTMXX,2031,0.0
GLOBAL,PWRCSPGTMXX,2032,0.0
GLOBAL,PWRCSPGTMXX,2033,0.0
GLOBAL,PWRCSPGTMXX,2034,0.0
GLOBAL,PWRCSPGTMXX,2035,0.0
GLOBAL,PWRCSPGTMXX,2036,0.0
GLOBAL,PWRCSPGTMXX,2037,0.0
GLOBAL,PWRCSPGTMXX,2038,0.0
GLOBAL,PWRCSPGTMXX,2039,0.0
GLOBAL,PWRCSPGTMXX,2040,0.0
GLOBAL,PWRCSPGTMXX,2041,0.0
GLOBAL,PWRCSPGTMXX,2042,0.0
GLOBAL,PWRCSPGTMXX,2043,0.0
GLOBAL,PWRCSPGTMXX,2044,0.0
GLOBAL,PWRCSPGTMXX,2045,0.0
GLOBAL,PWRCSPGTMXX,2046,0.0
GLOBAL,PWRCSPGTMXX,2047,0.0
GLOBAL,PWRCSPGTMXX,2048,0.0
GLOBAL,PWRCSPGTMXX,2049,0.0
GLOBAL,PWRCSPGTMXX,2050,0.0
GLOBAL,PWRCSPHNDXX,2023,0.0
GLOBAL,PWRCSPHNDXX,2024,0.0
GLOBAL,PWRCSPHNDXX,2025,0.0
GLOBAL,PWRCSPHNDXX,2026,0.0
GLOBAL,PWRCSPHNDXX,2027,0.0
GLOBAL,PWRCSPHNDXX,2028,0.0
GLOBAL,PWRCSPHNDXX,2029,0.0
GLOBAL,PWRCSPHNDXX,2030,0.0
GLOBAL,PWRCSPHNDXX,2031,0.0
GLOBAL,PWRCSPHNDXX,2032,0.0
GLOBAL,PWRCSPHNDXX,2033,0.0
GLOBAL,PWRCSPHNDXX,2034,0.0
GLOBAL,PWRCSPHNDXX,2035,0.0
GLOBAL,PWRCSPHNDXX,2036,0.0
GLOBAL,PWRCSPHNDXX,2037,0.0
GLOBAL,PWRCSPHNDXX,2038,0.0
GLOBAL,PWRCSPHNDXX,2039,0.0
GLOBAL,PWRCSPHNDXX,2040,0.0
GLOBAL,PWRCSPHNDXX,2041,0.0
GLOBAL,PWRCSPHNDXX,2042,0.0
GLOBAL,PWRCSPHNDXX,2043,0.0
GLOBAL,PWRCSPHNDXX,2044,0.0
GLOBAL,PWRCSPHNDXX,2045,0.0
GLOBAL,PWRCSPHNDXX,2046,0.0
GLOBAL,PWRCSPHNDXX,2047,0.0
GLOBAL,PWRCSPHNDXX,2048,0.0
GLOBAL,PWRCSPHNDXX,2049,0.0
GLOBAL,PWRCSPHNDXX,2050,0.0
GLOBAL,PWRCSPHTIXX,2023,0.0
GLOBAL,PWRCSPHTIXX,2024,0.0
GLOBAL,PWRCSPHTIXX,2025,0.0
GLOBAL,PWRCSPHTIXX,2026,0.0
GLOBAL,PWRCSPHTIXX,2027,0.0
GLOBAL,PWRCSPHTIXX,2028,0.0
GLOBAL,PWRCSPHTIXX,2029,0.0
GLOBAL,PWRCSPHTIXX,2030,0.0
GLOBAL,PWRCSPHTIXX,2031,0.0
GLOBAL,PWRCSPHTIXX,2032,0.0
GLOBAL,PWRCSPHTIXX,2033,0.0
GLOBAL,PWRCSPHTIXX,2034,0.0
GLOBAL,PWRCSPHTIXX,2035,0.0
GLOBAL,PWRCSPHTIXX,2036,0.0
GLOBAL,PWRCSPHTIXX,2037,0.0
GLOBAL,PWRCSPHTIXX,2038,0.0
GLOBAL,PWRCSPHTIXX,2039,0.0
GLOBAL,PWRCSPHTIXX,2040,0.0
GLOBAL,PWRCSPHTIXX,2041,0.0
GLOBAL,PWRCSPHTIXX,2042,0.0
GLOBAL,PWRCSPHTIXX,2043,0.0
GLOBAL,PWRCSPHTIXX,2044,0.0
GLOBAL,PWRCSPHTIXX,2045,0.0
GLOBAL,PWRCSPHTIXX,2046,0.0
GLOBAL,PWRCSPHTIXX,2047,0.0
GLOBAL,PWRCSPHTIXX,2048,0.0
GLOBAL,PWRCSPHTIXX,2049,0.0
GLOBAL,PWRCSPHTIXX,2050,0.0
GLOBAL,PWRCSPMEXXX,2023,0.0
GLOBAL,PWRCSPMEXXX,2024,0.0
GLOBAL,PWRCSPMEXXX,2025,0.0
GLOBAL,PWRCSPMEXXX,2026,0.0
GLOBAL,PWRCSPMEXXX,2027,0.0
GLOBAL,PWRCSPMEXXX,2028,0.0
GLOBAL,PWRCSPMEXXX,2029,0.0
GLOBAL,PWRCSPMEXXX,2030,0.0
GLOBAL,PWRCSPMEXXX,2031,0.0
GLOBAL,PWRCSPMEXXX,2032,0.0
GLOBAL,PWRCSPMEXXX,2033,0.0
GLOBAL,PWRCSPMEXXX,2034,0.0
GLOBAL,PWRCSPMEXXX,2035,0.0
GLOBAL,PWRCSPMEXXX,2036,0.0
GLOBAL,PWRCSPMEXXX,2037,0.0
GLOBAL,PWRCSPMEXXX,2038,0.0
GLOBAL,PWRCSPMEXXX,2039,0.0
GLOBAL,PWRCSPMEXXX,2040,0.0
GLOBAL,PWRCSPMEXXX,2041,0.0
GLOBAL,PWRCSPMEXXX,2042,0.0
GLOBAL,PWRCSPMEXXX,2043,0.0
GLOBAL,PWRCSPMEXXX,2044,0.0
GLOBAL,PWRCSPMEXXX,2045,0.0
GLOBAL,PWRCSPMEXXX,2046,0.0
GLOBAL,PWRCSPMEXXX,2047,0.0
GLOBAL,PWRCSPMEXXX,2048,0.0
GLOBAL,PWRCSPMEXXX,2049,0.0
GLOBAL,PWRCSPMEXXX,2050,0.0
GLOBAL,PWRCSPNICXX,2023,0.0
GLOBAL,PWRCSPNICXX,2024,0.0
GLOBAL,PWRCSPNICXX,2025,0.0
GLOBAL,PWRCSPNICXX,2026,0.0
GLOBAL,PWRCSPNICXX,2027,0.0
GLOBAL,PWRCSPNICXX,2028,0.0
GLOBAL,PWRCSPNICXX,2029,0.0
GLOBAL,PWRCSPNICXX,2030,0.0
GLOBAL,PWRCSPNICXX,2031,0.0
GLOBAL,PWRCSPNICXX,2032,0.0
GLOBAL,PWRCSPNICXX,2033,0.0
GLOBAL,PWRCSPNICXX,2034,0.0
GLOBAL,PWRCSPNICXX,2035,0.0
GLOBAL,PWRCSPNICXX,2036,0.0
GLOBAL,PWRCSPNICXX,2037,0.0
GLOBAL,PWRCSPNICXX,2038,0.0
GLOBAL,PWRCSPNICXX,2039,0.0
GLOBAL,PWRCSPNICXX,2040,0.0
GLOBAL,PWRCSPNICXX,2041,0.0
GLOBAL,PWRCSPNICXX,2042,0.0
GLOBAL,PWRCSPNICXX,2043,0.0
GLOBAL,PWRCSPNICXX,2044,0.0
GLOBAL,PWRCSPNICXX,2045,0.0
GLOBAL,PWRCSPNICXX,2046,0.0
GLOBAL,PWRCSPNICXX,2047,0.0
GLOBAL,PWRCSPNICXX,2048,0.0
GLOBAL,PWRCSPNICXX,2049,0.0
GLOBAL,PWRCSPNICXX,2050,0.0
GLOBAL,PWRCSPPANXX,2023,0.0
GLOBAL,PWRCSPPANXX,2024,0.0
GLOBAL,PWRCSPPANXX,2025,0.0
GLOBAL,PWRCSPPANXX,2026,0.0
GLOBAL,PWRCSPPANXX,2027,0.0
GLOBAL,PWRCSPPANXX,2028,0.0
GLOBAL,PWRCSPPANXX,2029,0.0
GLOBAL,PWRCSPPANXX,2030,0.0
GLOBAL,PWRCSPPANXX,2031,0.0
GLOBAL,PWRCSPPANXX,2032,0.0
GLOBAL,PWRCSPPANXX,2033,0.0
GLOBAL,PWRCSPPANXX,2034,0.0
GLOBAL,PWRCSPPANXX,2035,0.0
GLOBAL,PWRCSPPANXX,2036,0.0
GLOBAL,PWRCSPPANXX,2037,0.0
GLOBAL,PWRCSPPANXX,2038,0.0
GLOBAL,PWRCSPPANXX,2039,0.0
GLOBAL,PWRCSPPANXX,2040,0.0
GLOBAL,PWRCSPPANXX,2041,0.0
GLOBAL,PWRCSPPANXX,2042,0.0
GLOBAL,PWRCSPPANXX,2043,0.0
GLOBAL,PWRCSPPANXX,2044,0.0
GLOBAL,PWRCSPPANXX,2045,0.0
GLOBAL,PWRCSPPANXX,2046,0.0
GLOBAL,PWRCSPPANXX,2047,0.0
GLOBAL,PWRCSPPANXX,2048,0.0
GLOBAL,PWRCSPPANXX,2049,0.0
GLOBAL,PWRCSPPANXX,2050,0.0
GLOBAL,PWRCSPPERXX,2023,0.0
GLOBAL,PWRCSPPERXX,2024,0.0
GLOBAL,PWRCSPPERXX,2025,0.0
GLOBAL,PWRCSPPERXX,2026,0.0
GLOBAL,PWRCSPPERXX,2027,0.0
GLOBAL,PWRCSPPERXX,2028,0.0
GLOBAL,PWRCSPPERXX,2029,0.0
GLOBAL,PWRCSPPERXX,2030,0.0
GLOBAL,PWRCSPPERXX,2031,0.0
GLOBAL,PWRCSPPERXX,2032,0.0
GLOBAL,PWRCSPPERXX,2033,0.0
GLOBAL,PWRCSPPERXX,2034,0.0
GLOBAL,PWRCSPPERXX,2035,0.0
GLOBAL,PWRCSPPERXX,2036,0.0
GLOBAL,PWRCSPPERXX,2037,0.0
GLOBAL,PWRCSPPERXX,2038,0.0
GLOBAL,PWRCSPPERXX,2039,0.0
GLOBAL,PWRCSPPERXX,2040,0.0
GLOBAL,PWRCSPPERXX,2041,0.0
GLOBAL,PWRCSPPERXX,2042,0.0
GLOBAL,PWRCSPPERXX,2043,0.0
GLOBAL,PWRCSPPERXX,2044,0.0
GLOBAL,PWRCSPPERXX,2045,0.0
GLOBAL,PWRCSPPERXX,2046,0.0
GLOBAL,PWRCSPPERXX,2047,0.0
GLOBAL,PWRCSPPERXX,2048,0.0
GLOBAL,PWRCSPPERXX,2049,0.0
GLOBAL,PWRCSPPERXX,2050,0.0
GLOBAL,PWRCSPPRYXX,2023,0.0
GLOBAL,PWRCSPPRYXX,2024,0.0
GLOBAL,PWRCSPPRYXX,2025,0.0
GLOBAL,PWRCSPPRYXX,2026,0.0
GLOBAL,PWRCSPPRYXX,2027,0.0
GLOBAL,PWRCSPPRYXX,2028,0.0
GLOBAL,PWRCSPPRYXX,2029,0.0
GLOBAL,PWRCSPPRYXX,2030,0.0
GLOBAL,PWRCSPPRYXX,2031,0.0
GLOBAL,PWRCSPPRYXX,2032,0.0
GLOBAL,PWRCSPPRYXX,2033,0.0
GLOBAL,PWRCSPPRYXX,2034,0.0
GLOBAL,PWRCSPPRYXX,2035,0.0
GLOBAL,PWRCSPPRYXX,2036,0.0
GLOBAL,PWRCSPPRYXX,2037,0.0
GLOBAL,PWRCSPPRYXX,2038,0.0
GLOBAL,PWRCSPPRYXX,2039,0.0
GLOBAL,PWRCSPPRYXX,2040,0.0
GLOBAL,PWRCSPPRYXX,2041,0.0
GLOBAL,PWRCSPPRYXX,2042,0.0
GLOBAL,PWRCSPPRYXX,2043,0.0
GLOBAL,PWRCSPPRYXX,2044,0.0
GLOBAL,PWRCSPPRYXX,2045,0.0
GLOBAL,PWRCSPPRYXX,2046,0.0
GLOBAL,PWRCSPPRYXX,2047,0.0
GLOBAL,PWRCSPPRYXX,2048,0.0
GLOBAL,PWRCSPPRYXX,2049,0.0
GLOBAL,PWRCSPPRYXX,2050,0.0
GLOBAL,PWRCSPSLVXX,2023,0.0
GLOBAL,PWRCSPSLVXX,2024,0.0
GLOBAL,PWRCSPSLVXX,2025,0.0
GLOBAL,PWRCSPSLVXX,2026,0.0
GLOBAL,PWRCSPSLVXX,2027,0.0
GLOBAL,PWRCSPSLVXX,2028,0.0
GLOBAL,PWRCSPSLVXX,2029,0.0
GLOBAL,PWRCSPSLVXX,2030,0.0
GLOBAL,PWRCSPSLVXX,2031,0.0
GLOBAL,PWRCSPSLVXX,2032,0.0
GLOBAL,PWRCSPSLVXX,2033,0.0
GLOBAL,PWRCSPSLVXX,2034,0.0
GLOBAL,PWRCSPSLVXX,2035,0.0
GLOBAL,PWRCSPSLVXX,2036,0.0
GLOBAL,PWRCSPSLVXX,2037,0.0
GLOBAL,PWRCSPSLVXX,2038,0.0
GLOBAL,PWRCSPSLVXX,2039,0.0
GLOBAL,PWRCSPSLVXX,2040,0.0
GLOBAL,PWRCSPSLVXX,2041,0.0
GLOBAL,PWRCSPSLVXX,2042,0.0
GLOBAL,PWRCSPSLVXX,2043,0.0
GLOBAL,PWRCSPSLVXX,2044,0.0
GLOBAL,PWRCSPSLVXX,2045,0.0
GLOBAL,PWRCSPSLVXX,2046,0.0
GLOBAL,PWRCSPSLVXX,2047,0.0
GLOBAL,PWRCSPSLVXX,2048,0.0
GLOBAL,PWRCSPSLVXX,2049,0.0
GLOBAL,PWRCSPSLVXX,2050,0.0
GLOBAL,PWRCSPURYXX,2023,0.0
GLOBAL,PWRCSPURYXX,2024,0.0
GLOBAL,PWRCSPURYXX,2025,0.0
GLOBAL,PWRCSPURYXX,2026,0.0
GLOBAL,PWRCSPURYXX,2027,0.0
GLOBAL,PWRCSPURYXX,2028,0.0
GLOBAL,PWRCSPURYXX,2029,0.0
GLOBAL,PWRCSPURYXX,2030,0.0
GLOBAL,PWRCSPURYXX,2031,0.0
GLOBAL,PWRCSPURYXX,2032,0.0
GLOBAL,PWRCSPURYXX,2033,0.0
GLOBAL,PWRCSPURYXX,2034,0.0
GLOBAL,PWRCSPURYXX,2035,0.0
GLOBAL,PWRCSPURYXX,2036,0.0
GLOBAL,PWRCSPURYXX,2037,0.0
GLOBAL,PWRCSPURYXX,2038,0.0
GLOBAL,PWRCSPURYXX,2039,0.0
GLOBAL,PWRCSPURYXX,2040,0.0
GLOBAL,PWRCSPURYXX,2041,0.0
GLOBAL,PWRCSPURYXX,2042,0.0
GLOBAL,PWRCSPURYXX,2043,0.0
GLOBAL,PWRCSPURYXX,2044,0.0
GLOBAL,PWRCSPURYXX,2045,0.0
GLOBAL,PWRCSPURYXX,2046,0.0
GLOBAL,PWRCSPURYXX,2047,0.0
GLOBAL,PWRCSPURYXX,2048,0.0
GLOBAL,PWRCSPURYXX,2049,0.0
GLOBAL,PWRCSPURYXX,2050,0.0
GLOBAL,PWRGEOARGXX,2023,0.0
GLOBAL,PWRGEOARGXX,2024,0.0
GLOBAL,PWRGEOARGXX,2025,0.0
GLOBAL,PWRGEOARGXX,2026,0.0
GLOBAL,PWRGEOARGXX,2027,0.0
GLOBAL,PWRGEOARGXX,2028,0.0
GLOBAL,PWRGEOARGXX,2029,0.0
GLOBAL,PWRGEOARGXX,2030,0.0
GLOBAL,PWRGEOARGXX,2031,0.0
GLOBAL,PWRGEOARGXX,2032,0.0
GLOBAL,PWRGEOARGXX,2033,0.0
GLOBAL,PWRGEOARGXX,2034,0.0
GLOBAL,PWRGEOARGXX,2035,0.0
GLOBAL,PWRGEOARGXX,2036,0.0
GLOBAL,PWRGEOARGXX,2037,0.0
GLOBAL,PWRGEOARGXX,2038,0.0
GLOBAL,PWRGEOARGXX,2039,0.0
GLOBAL,PWRGEOARGXX,2040,0.0
GLOBAL,PWRGEOARGXX,2041,0.0
GLOBAL,PWRGEOARGXX,2042,0.0
GLOBAL,PWRGEOARGXX,2043,0.0
GLOBAL,PWRGEOARGXX,2044,0.0
GLOBAL,PWRGEOARGXX,2045,0.0
GLOBAL,PWRGEOARGXX,2046,0.0
GLOBAL,PWRGEOARGXX,2047,0.0
GLOBAL,PWRGEOARGXX,2048,0.0
GLOBAL,PWRGEOARGXX,2049,0.0
GLOBAL,PWRGEOARGXX,2050,0.0
GLOBAL,PWRGEOBOLXX,2023,0.0
GLOBAL,PWRGEOBOLXX,2024,0.0
GLOBAL,PWRGEOBOLXX,2025,0.0
GLOBAL,PWRGEOBOLXX,2026,0.0
GLOBAL,PWRGEOBOLXX,2027,0.0
GLOBAL,PWRGEOBOLXX,2028,0.0
GLOBAL,PWRGEOBOLXX,2029,0.0
GLOBAL,PWRGEOBOLXX,2030,0.0
GLOBAL,PWRGEOBOLXX,2031,0.0
GLOBAL,PWRGEOBOLXX,2032,0.0
GLOBAL,PWRGEOBOLXX,2033,0.0
GLOBAL,PWRGEOBOLXX,2034,0.0
GLOBAL,PWRGEOBOLXX,2035,0.0
GLOBAL,PWRGEOBOLXX,2036,0.0
GLOBAL,PWRGEOBOLXX,2037,0.0
GLOBAL,PWRGEOBOLXX,2038,0.0
GLOBAL,PWRGEOBOLXX,2039,0.0
GLOBAL,PWRGEOBOLXX,2040,0.0
GLOBAL,PWRGEOBOLXX,2041,0.0
GLOBAL,PWRGEOBOLXX,2042,0.0
GLOBAL,PWRGEOBOLXX,2043,0.0
GLOBAL,PWRGEOBOLXX,2044,0.0
GLOBAL,PWRGEOBOLXX,2045,0.0
GLOBAL,PWRGEOBOLXX,2046,0.0
GLOBAL,PWRGEOBOLXX,2047,0.0
GLOBAL,PWRGEOBOLXX,2048,0.0
GLOBAL,PWRGEOBOLXX,2049,0.0
GLOBAL,PWRGEOBOLXX,2050,0.0
GLOBAL,PWRGEOBRAXX,2023,0.0
GLOBAL,PWRGEOBRAXX,2024,0.0
GLOBAL,PWRGEOBRAXX,2025,0.0
GLOBAL,PWRGEOBRAXX,2026,0.0
GLOBAL,PWRGEOBRAXX,2027,0.0
GLOBAL,PWRGEOBRAXX,2028,0.0
GLOBAL,PWRGEOBRAXX,2029,0.0
GLOBAL,PWRGEOBRAXX,2030,0.0
GLOBAL,PWRGEOBRAXX,2031,0.0
GLOBAL,PWRGEOBRAXX,2032,0.0
GLOBAL,PWRGEOBRAXX,2033,0.0
GLOBAL,PWRGEOBRAXX,2034,0.0
GLOBAL,PWRGEOBRAXX,2035,0.0
GLOBAL,PWRGEOBRAXX,2036,0.0
GLOBAL,PWRGEOBRAXX,2037,0.0
GLOBAL,PWRGEOBRAXX,2038,0.0
GLOBAL,PWRGEOBRAXX,2039,0.0
GLOBAL,PWRGEOBRAXX,2040,0.0
GLOBAL,PWRGEOBRAXX,2041,0.0
GLOBAL,PWRGEOBRAXX,2042,0.0
GLOBAL,PWRGEOBRAXX,2043,0.0
GLOBAL,PWRGEOBRAXX,2044,0.0
GLOBAL,PWRGEOBRAXX,2045,0.0
GLOBAL,PWRGEOBRAXX,2046,0.0
GLOBAL,PWRGEOBRAXX,2047,0.0
GLOBAL,PWRGEOBRAXX,2048,0.0
GLOBAL,PWRGEOBRAXX,2049,0.0
GLOBAL,PWRGEOBRAXX,2050,0.0
GLOBAL,PWRGEOBRBXX,2023,0.0
GLOBAL,PWRGEOBRBXX,2024,0.0
GLOBAL,PWRGEOBRBXX,2025,0.0
GLOBAL,PWRGEOBRBXX,2026,0.0
GLOBAL,PWRGEOBRBXX,2027,0.0
GLOBAL,PWRGEOBRBXX,2028,0.0
GLOBAL,PWRGEOBRBXX,2029,0.0
GLOBAL,PWRGEOBRBXX,2030,0.0
GLOBAL,PWRGEOBRBXX,2031,0.0
GLOBAL,PWRGEOBRBXX,2032,0.0
GLOBAL,PWRGEOBRBXX,2033,0.0
GLOBAL,PWRGEOBRBXX,2034,0.0
GLOBAL,PWRGEOBRBXX,2035,0.0
GLOBAL,PWRGEOBRBXX,2036,0.0
GLOBAL,PWRGEOBRBXX,2037,0.0
GLOBAL,PWRGEOBRBXX,2038,0.0
GLOBAL,PWRGEOBRBXX,2039,0.0
GLOBAL,PWRGEOBRBXX,2040,0.0
GLOBAL,PWRGEOBRBXX,2041,0.0
GLOBAL,PWRGEOBRBXX,2042,0.0
GLOBAL,PWRGEOBRBXX,2043,0.0
GLOBAL,PWRGEOBRBXX,2044,0.0
GLOBAL,PWRGEOBRBXX,2045,0.0
GLOBAL,PWRGEOBRBXX,2046,0.0
GLOBAL,PWRGEOBRBXX,2047,0.0
GLOBAL,PWRGEOBRBXX,2048,0.0
GLOBAL,PWRGEOBRBXX,2049,0.0
GLOBAL,PWRGEOBRBXX,2050,0.0
GLOBAL,PWRGEOCHLXX,2023,0.0
GLOBAL,PWRGEOCHLXX,2024,0.0
GLOBAL,PWRGEOCHLXX,2025,0.0
GLOBAL,PWRGEOCHLXX,2026,0.0
GLOBAL,PWRGEOCHLXX,2027,0.0
GLOBAL,PWRGEOCHLXX,2028,0.0
GLOBAL,PWRGEOCHLXX,2029,0.0
GLOBAL,PWRGEOCHLXX,2030,0.0
GLOBAL,PWRGEOCHLXX,2031,0.0
GLOBAL,PWRGEOCHLXX,2032,0.0
GLOBAL,PWRGEOCHLXX,2033,0.0
GLOBAL,PWRGEOCHLXX,2034,0.0
GLOBAL,PWRGEOCHLXX,2035,0.0
GLOBAL,PWRGEOCHLXX,2036,0.0
GLOBAL,PWRGEOCHLXX,2037,0.0
GLOBAL,PWRGEOCHLXX,2038,0.0
GLOBAL,PWRGEOCHLXX,2039,0.0
GLOBAL,PWRGEOCHLXX,2040,0.0
GLOBAL,PWRGEOCHLXX,2041,0.0
GLOBAL,PWRGEOCHLXX,2042,0.0
GLOBAL,PWRGEOCHLXX,2043,0.0
GLOBAL,PWRGEOCHLXX,2044,0.0
GLOBAL,PWRGEOCHLXX,2045,0.0
GLOBAL,PWRGEOCHLXX,2046,0.0
GLOBAL,PWRGEOCHLXX,2047,0.0
GLOBAL,PWRGEOCHLXX,2048,0.0
GLOBAL,PWRGEOCHLXX,2049,0.0
GLOBAL,PWRGEOCHLXX,2050,0.0
GLOBAL,PWRGEOCOLXX,2023,0.0
GLOBAL,PWRGEOCOLXX,2024,0.0
GLOBAL,PWRGEOCOLXX,2025,0.0
GLOBAL,PWRGEOCOLXX,2026,0.0
GLOBAL,PWRGEOCOLXX,2027,0.0
GLOBAL,PWRGEOCOLXX,2028,0.0
GLOBAL,PWRGEOCOLXX,2029,0.0
GLOBAL,PWRGEOCOLXX,2030,0.0
GLOBAL,PWRGEOCOLXX,2031,0.0
GLOBAL,PWRGEOCOLXX,2032,0.0
GLOBAL,PWRGEOCOLXX,2033,0.0
GLOBAL,PWRGEOCOLXX,2034,0.0
GLOBAL,PWRGEOCOLXX,2035,0.0
GLOBAL,PWRGEOCOLXX,2036,0.0
GLOBAL,PWRGEOCOLXX,2037,0.0
GLOBAL,PWRGEOCOLXX,2038,0.0
GLOBAL,PWRGEOCOLXX,2039,0.0
GLOBAL,PWRGEOCOLXX,2040,0.0
GLOBAL,PWRGEOCOLXX,2041,0.0
GLOBAL,PWRGEOCOLXX,2042,0.0
GLOBAL,PWRGEOCOLXX,2043,0.0
GLOBAL,PWRGEOCOLXX,2044,0.0
GLOBAL,PWRGEOCOLXX,2045,0.0
GLOBAL,PWRGEOCOLXX,2046,0.0
GLOBAL,PWRGEOCOLXX,2047,0.0
GLOBAL,PWRGEOCOLXX,2048,0.0
GLOBAL,PWRGEOCOLXX,2049,0.0
GLOBAL,PWRGEOCOLXX,2050,0.0
GLOBAL,PWRGEOCRIXX,2023,0.0
GLOBAL,PWRGEOCRIXX,2024,0.0
GLOBAL,PWRGEOCRIXX,2025,0.0
GLOBAL,PWRGEOCRIXX,2026,0.0
GLOBAL,PWRGEOCRIXX,2027,0.0
GLOBAL,PWRGEOCRIXX,2028,0.0
GLOBAL,PWRGEOCRIXX,2029,0.0
GLOBAL,PWRGEOCRIXX,2030,0.0
GLOBAL,PWRGEOCRIXX,2031,0.0
GLOBAL,PWRGEOCRIXX,2032,0.0
GLOBAL,PWRGEOCRIXX,2033,0.0
GLOBAL,PWRGEOCRIXX,2034,0.0
GLOBAL,PWRGEOCRIXX,2035,0.0
GLOBAL,PWRGEOCRIXX,2036,0.0
GLOBAL,PWRGEOCRIXX,2037,0.0
GLOBAL,PWRGEOCRIXX,2038,0.0
GLOBAL,PWRGEOCRIXX,2039,0.0
GLOBAL,PWRGEOCRIXX,2040,0.0
GLOBAL,PWRGEOCRIXX,2041,0.0
GLOBAL,PWRGEOCRIXX,2042,0.0
GLOBAL,PWRGEOCRIXX,2043,0.0
GLOBAL,PWRGEOCRIXX,2044,0.0
GLOBAL,PWRGEOCRIXX,2045,0.0
GLOBAL,PWRGEOCRIXX,2046,0.0
GLOBAL,PWRGEOCRIXX,2047,0.0
GLOBAL,PWRGEOCRIXX,2048,0.0
GLOBAL,PWRGEOCRIXX,2049,0.0
GLOBAL,PWRGEOCRIXX,2050,0.0
GLOBAL,PWRGEODOMXX,2023,0.0
GLOBAL,PWRGEODOMXX,2024,0.0
GLOBAL,PWRGEODOMXX,2025,0.0
GLOBAL,PWRGEODOMXX,2026,0.0
GLOBAL,PWRGEODOMXX,2027,0.0
GLOBAL,PWRGEODOMXX,2028,0.0
GLOBAL,PWRGEODOMXX,2029,0.0
GLOBAL,PWRGEODOMXX,2030,0.0
GLOBAL,PWRGEODOMXX,2031,0.0
GLOBAL,PWRGEODOMXX,2032,0.0
GLOBAL,PWRGEODOMXX,2033,0.0
GLOBAL,PWRGEODOMXX,2034,0.0
GLOBAL,PWRGEODOMXX,2035,0.0
GLOBAL,PWRGEODOMXX,2036,0.0
GLOBAL,PWRGEODOMXX,2037,0.0
GLOBAL,PWRGEODOMXX,2038,0.0
GLOBAL,PWRGEODOMXX,2039,0.0
GLOBAL,PWRGEODOMXX,2040,0.0
GLOBAL,PWRGEODOMXX,2041,0.0
GLOBAL,PWRGEODOMXX,2042,0.0
GLOBAL,PWRGEODOMXX,2043,0.0
GLOBAL,PWRGEODOMXX,2044,0.0
GLOBAL,PWRGEODOMXX,2045,0.0
GLOBAL,PWRGEODOMXX,2046,0.0
GLOBAL,PWRGEODOMXX,2047,0.0
GLOBAL,PWRGEODOMXX,2048,0.0
GLOBAL,PWRGEODOMXX,2049,0.0
GLOBAL,PWRGEODOMXX,2050,0.0
GLOBAL,PWRGEOECUXX,2023,0.0
GLOBAL,PWRGEOECUXX,2024,0.0
GLOBAL,PWRGEOECUXX,2025,0.0
GLOBAL,PWRGEOECUXX,2026,0.0
GLOBAL,PWRGEOECUXX,2027,0.0
GLOBAL,PWRGEOECUXX,2028,0.0
GLOBAL,PWRGEOECUXX,2029,0.0
GLOBAL,PWRGEOECUXX,2030,0.0
GLOBAL,PWRGEOECUXX,2031,0.0
GLOBAL,PWRGEOECUXX,2032,0.0
GLOBAL,PWRGEOECUXX,2033,0.0
GLOBAL,PWRGEOECUXX,2034,0.0
GLOBAL,PWRGEOECUXX,2035,0.0
GLOBAL,PWRGEOECUXX,2036,0.0
GLOBAL,PWRGEOECUXX,2037,0.0
GLOBAL,PWRGEOECUXX,2038,0.0
GLOBAL,PWRGEOECUXX,2039,0.0
GLOBAL,PWRGEOECUXX,2040,0.0
GLOBAL,PWRGEOECUXX,2041,0.0
GLOBAL,PWRGEOECUXX,2042,0.0
GLOBAL,PWRGEOECUXX,2043,0.0
GLOBAL,PWRGEOECUXX,2044,0.0
GLOBAL,PWRGEOECUXX,2045,0.0
GLOBAL,PWRGEOECUXX,2046,0.0
GLOBAL,PWRGEOECUXX,2047,0.0
GLOBAL,PWRGEOECUXX,2048,0.0
GLOBAL,PWRGEOECUXX,2049,0.0
GLOBAL,PWRGEOECUXX,2050,0.0
GLOBAL,PWRGEOGTMXX,2023,0.0
GLOBAL,PWRGEOGTMXX,2024,0.0
GLOBAL,PWRGEOGTMXX,2025,0.0
GLOBAL,PWRGEOGTMXX,2026,0.0
GLOBAL,PWRGEOGTMXX,2027,0.0
GLOBAL,PWRGEOGTMXX,2028,0.0
GLOBAL,PWRGEOGTMXX,2029,0.0
GLOBAL,PWRGEOGTMXX,2030,0.0
GLOBAL,PWRGEOGTMXX,2031,0.0
GLOBAL,PWRGEOGTMXX,2032,0.0
GLOBAL,PWRGEOGTMXX,2033,0.0
GLOBAL,PWRGEOGTMXX,2034,0.0
GLOBAL,PWRGEOGTMXX,2035,0.0
GLOBAL,PWRGEOGTMXX,2036,0.0
GLOBAL,PWRGEOGTMXX,2037,0.0
GLOBAL,PWRGEOGTMXX,2038,0.0
GLOBAL,PWRGEOGTMXX,2039,0.0
GLOBAL,PWRGEOGTMXX,2040,0.0
GLOBAL,PWRGEOGTMXX,2041,0.0
GLOBAL,PWRGEOGTMXX,2042,0.0
GLOBAL,PWRGEOGTMXX,2043,0.0
GLOBAL,PWRGEOGTMXX,2044,0.0
GLOBAL,PWRGEOGTMXX,2045,0.0
GLOBAL,PWRGEOGTMXX,2046,0.0
GLOBAL,PWRGEOGTMXX,2047,0.0
GLOBAL,PWRGEOGTMXX,2048,0.0
GLOBAL,PWRGEOGTMXX,2049,0.0
GLOBAL,PWRGEOGTMXX,2050,0.0
GLOBAL,PWRGEOHNDXX,2023,0.0
GLOBAL,PWRGEOHNDXX,2024,0.0
GLOBAL,PWRGEOHNDXX,2025,0.0
GLOBAL,PWRGEOHNDXX,2026,0.0
GLOBAL,PWRGEOHNDXX,2027,0.0
GLOBAL,PWRGEOHNDXX,2028,0.0
GLOBAL,PWRGEOHNDXX,2029,0.0
GLOBAL,PWRGEOHNDXX,2030,0.0
GLOBAL,PWRGEOHNDXX,2031,0.0
GLOBAL,PWRGEOHNDXX,2032,0.0
GLOBAL,PWRGEOHNDXX,2033,0.0
GLOBAL,PWRGEOHNDXX,2034,0.0
GLOBAL,PWRGEOHNDXX,2035,0.0
GLOBAL,PWRGEOHNDXX,2036,0.0
GLOBAL,PWRGEOHNDXX,2037,0.0
GLOBAL,PWRGEOHNDXX,2038,0.0
GLOBAL,PWRGEOHNDXX,2039,0.0
GLOBAL,PWRGEOHNDXX,2040,0.0
GLOBAL,PWRGEOHNDXX,2041,0.0
GLOBAL,PWRGEOHNDXX,2042,0.0
GLOBAL,PWRGEOHNDXX,2043,0.0
GLOBAL,PWRGEOHNDXX,2044,0.0
GLOBAL,PWRGEOHNDXX,2045,0.0
GLOBAL,PWRGEOHNDXX,2046,0.0
GLOBAL,PWRGEOHNDXX,2047,0.0
GLOBAL,PWRGEOHNDXX,2048,0.0
GLOBAL,PWRGEOHNDXX,2049,0.0
GLOBAL,PWRGEOHNDXX,2050,0.0
GLOBAL,PWRGEOHTIXX,2023,0.0
GLOBAL,PWRGEOHTIXX,2024,0.0
GLOBAL,PWRGEOHTIXX,2025,0.0
GLOBAL,PWRGEOHTIXX,2026,0.0
GLOBAL,PWRGEOHTIXX,2027,0.0
GLOBAL,PWRGEOHTIXX,2028,0.0
GLOBAL,PWRGEOHTIXX,2029,0.0
GLOBAL,PWRGEOHTIXX,2030,0.0
GLOBAL,PWRGEOHTIXX,2031,0.0
GLOBAL,PWRGEOHTIXX,2032,0.0
GLOBAL,PWRGEOHTIXX,2033,0.0
GLOBAL,PWRGEOHTIXX,2034,0.0
GLOBAL,PWRGEOHTIXX,2035,0.0
GLOBAL,PWRGEOHTIXX,2036,0.0
GLOBAL,PWRGEOHTIXX,2037,0.0
GLOBAL,PWRGEOHTIXX,2038,0.0
GLOBAL,PWRGEOHTIXX,2039,0.0
GLOBAL,PWRGEOHTIXX,2040,0.0
GLOBAL,PWRGEOHTIXX,2041,0.0
GLOBAL,PWRGEOHTIXX,2042,0.0
GLOBAL,PWRGEOHTIXX,2043,0.0
GLOBAL,PWRGEOHTIXX,2044,0.0
GLOBAL,PWRGEOHTIXX,2045,0.0
GLOBAL,PWRGEOHTIXX,2046,0.0
GLOBAL,PWRGEOHTIXX,2047,0.0
GLOBAL,PWRGEOHTIXX,2048,0.0
GLOBAL,PWRGEOHTIXX,2049,0.0
GLOBAL,PWRGEOHTIXX,2050,0.0
GLOBAL,PWRGEOMEXXX,2023,0.0
GLOBAL,PWRGEOMEXXX,2024,0.0
GLOBAL,PWRGEOMEXXX,2025,0.0
GLOBAL,PWRGEOMEXXX,2026,0.0
GLOBAL,PWRGEOMEXXX,2027,0.0
GLOBAL,PWRGEOMEXXX,2028,0.0
GLOBAL,PWRGEOMEXXX,2029,0.0
GLOBAL,PWRGEOMEXXX,2030,0.0
GLOBAL,PWRGEOMEXXX,2031,0.0
GLOBAL,PWRGEOMEXXX,2032,0.0
GLOBAL,PWRGEOMEXXX,2033,0.0
GLOBAL,PWRGEOMEXXX,2034,0.0
GLOBAL,PWRGEOMEXXX,2035,0.0
GLOBAL,PWRGEOMEXXX,2036,0.0
GLOBAL,PWRGEOMEXXX,2037,0.0
GLOBAL,PWRGEOMEXXX,2038,0.0
GLOBAL,PWRGEOMEXXX,2039,0.0
GLOBAL,PWRGEOMEXXX,2040,0.0
GLOBAL,PWRGEOMEXXX,2041,0.0
GLOBAL,PWRGEOMEXXX,2042,0.0
GLOBAL,PWRGEOMEXXX,2043,0.0
GLOBAL,PWRGEOMEXXX,2044,0.0
GLOBAL,PWRGEOMEXXX,2045,0.0
GLOBAL,PWRGEOMEXXX,2046,0.0
GLOBAL,PWRGEOMEXXX,2047,0.0
GLOBAL,PWRGEOMEXXX,2048,0.0
GLOBAL,PWRGEOMEXXX,2049,0.0
GLOBAL,PWRGEOMEXXX,2050,0.0
GLOBAL,PWRGEONICXX,2023,0.0
GLOBAL,PWRGEONICXX,2024,0.0
GLOBAL,PWRGEONICXX,2025,0.0
GLOBAL,PWRGEONICXX,2026,0.0
GLOBAL,PWRGEONICXX,2027,0.0
GLOBAL,PWRGEONICXX,2028,0.0
GLOBAL,PWRGEONICXX,2029,0.0
GLOBAL,PWRGEONICXX,2030,0.0
GLOBAL,PWRGEONICXX,2031,0.0
GLOBAL,PWRGEONICXX,2032,0.0
GLOBAL,PWRGEONICXX,2033,0.0
GLOBAL,PWRGEONICXX,2034,0.0
GLOBAL,PWRGEONICXX,2035,0.0
GLOBAL,PWRGEONICXX,2036,0.0
GLOBAL,PWRGEONICXX,2037,0.0
GLOBAL,PWRGEONICXX,2038,0.0
GLOBAL,PWRGEONICXX,2039,0.0
GLOBAL,PWRGEONICXX,2040,0.0
GLOBAL,PWRGEONICXX,2041,0.0
GLOBAL,PWRGEONICXX,2042,0.0
GLOBAL,PWRGEONICXX,2043,0.0
GLOBAL,PWRGEONICXX,2044,0.0
GLOBAL,PWRGEONICXX,2045,0.0
GLOBAL,PWRGEONICXX,2046,0.0
GLOBAL,PWRGEONICXX,2047,0.0
GLOBAL,PWRGEONICXX,2048,0.0
GLOBAL,PWRGEONICXX,2049,0.0
GLOBAL,PWRGEONICXX,2050,0.0
GLOBAL,PWRGEOPANXX,2023,0.0
GLOBAL,PWRGEOPANXX,2024,0.0
GLOBAL,PWRGEOPANXX,2025,0.0
GLOBAL,PWRGEOPANXX,2026,0.0
GLOBAL,PWRGEOPANXX,2027,0.0
GLOBAL,PWRGEOPANXX,2028,0.0
GLOBAL,PWRGEOPANXX,2029,0.0
GLOBAL,PWRGEOPANXX,2030,0.0
GLOBAL,PWRGEOPANXX,2031,0.0
GLOBAL,PWRGEOPANXX,2032,0.0
GLOBAL,PWRGEOPANXX,2033,0.0
GLOBAL,PWRGEOPANXX,2034,0.0
GLOBAL,PWRGEOPANXX,2035,0.0
GLOBAL,PWRGEOPANXX,2036,0.0
GLOBAL,PWRGEOPANXX,2037,0.0
GLOBAL,PWRGEOPANXX,2038,0.0
GLOBAL,PWRGEOPANXX,2039,0.0
GLOBAL,PWRGEOPANXX,2040,0.0
GLOBAL,PWRGEOPANXX,2041,0.0
GLOBAL,PWRGEOPANXX,2042,0.0
GLOBAL,PWRGEOPANXX,2043,0.0
GLOBAL,PWRGEOPANXX,2044,0.0
GLOBAL,PWRGEOPANXX,2045,0.0
GLOBAL,PWRGEOPANXX,2046,0.0
GLOBAL,PWRGEOPANXX,2047,0.0
GLOBAL,PWRGEOPANXX,2048,0.0
GLOBAL,PWRGEOPANXX,2049,0.0
GLOBAL,PWRGEOPANXX,2050,0.0
GLOBAL,PWRGEOPERXX,2023,0.0
GLOBAL,PWRGEOPERXX,2024,0.0
GLOBAL,PWRGEOPERXX,2025,0.0
GLOBAL,PWRGEOPERXX,2026,0.0
GLOBAL,PWRGEOPERXX,2027,0.0
GLOBAL,PWRGEOPERXX,2028,0.0
GLOBAL,PWRGEOPERXX,2029,0.0
GLOBAL,PWRGEOPERXX,2030,0.0
GLOBAL,PWRGEOPERXX,2031,0.0
GLOBAL,PWRGEOPERXX,2032,0.0
GLOBAL,PWRGEOPERXX,2033,0.0
GLOBAL,PWRGEOPERXX,2034,0.0
GLOBAL,PWRGEOPERXX,2035,0.0
GLOBAL,PWRGEOPERXX,2036,0.0
GLOBAL,PWRGEOPERXX,2037,0.0
GLOBAL,PWRGEOPERXX,2038,0.0
GLOBAL,PWRGEOPERXX,2039,0.0
GLOBAL,PWRGEOPERXX,2040,0.0
GLOBAL,PWRGEOPERXX,2041,0.0
GLOBAL,PWRGEOPERXX,2042,0.0
GLOBAL,PWRGEOPERXX,2043,0.0
GLOBAL,PWRGEOPERXX,2044,0.0
GLOBAL,PWRGEOPERXX,2045,0.0
GLOBAL,PWRGEOPERXX,2046,0.0
GLOBAL,PWRGEOPERXX,2047,0.0
GLOBAL,PWRGEOPERXX,2048,0.0
GLOBAL,PWRGEOPERXX,2049,0.0
GLOBAL,PWRGEOPERXX,2050,0.0
GLOBAL,PWRGEOPRYXX,2023,0.0
GLOBAL,PWRGEOPRYXX,2024,0.0
GLOBAL,PWRGEOPRYXX,2025,0.0
GLOBAL,PWRGEOPRYXX,2026,0.0
GLOBAL,PWRGEOPRYXX,2027,0.0
GLOBAL,PWRGEOPRYXX,2028,0.0
GLOBAL,PWRGEOPRYXX,2029,0.0
GLOBAL,PWRGEOPRYXX,2030,0.0
GLOBAL,PWRGEOPRYXX,2031,0.0
GLOBAL,PWRGEOPRYXX,2032,0.0
GLOBAL,PWRGEOPRYXX,2033,0.0
GLOBAL,PWRGEOPRYXX,2034,0.0
GLOBAL,PWRGEOPRYXX,2035,0.0
GLOBAL,PWRGEOPRYXX,2036,0.0
GLOBAL,PWRGEOPRYXX,2037,0.0
GLOBAL,PWRGEOPRYXX,2038,0.0
GLOBAL,PWRGEOPRYXX,2039,0.0
GLOBAL,PWRGEOPRYXX,2040,0.0
GLOBAL,PWRGEOPRYXX,2041,0.0
GLOBAL,PWRGEOPRYXX,2042,0.0
GLOBAL,PWRGEOPRYXX,2043,0.0
GLOBAL,PWRGEOPRYXX,2044,0.0
GLOBAL,PWRGEOPRYXX,2045,0.0
GLOBAL,PWRGEOPRYXX,2046,0.0
GLOBAL,PWRGEOPRYXX,2047,0.0
GLOBAL,PWRGEOPRYXX,2048,0.0
GLOBAL,PWRGEOPRYXX,2049,0.0
GLOBAL,PWRGEOPRYXX,2050,0.0
GLOBAL,PWRGEOSLVXX,2023,0.0
GLOBAL,PWRGEOSLVXX,2024,0.0
GLOBAL,PWRGEOSLVXX,2025,0.0
GLOBAL,PWRGEOSLVXX,2026,0.0
GLOBAL,PWRGEOSLVXX,2027,0.0
GLOBAL,PWRGEOSLVXX,2028,0.0
GLOBAL,PWRGEOSLVXX,2029,0.0
GLOBAL,PWRGEOSLVXX,2030,0.0
GLOBAL,PWRGEOSLVXX,2031,0.0
GLOBAL,PWRGEOSLVXX,2032,0.0
GLOBAL,PWRGEOSLVXX,2033,0.0
GLOBAL,PWRGEOSLVXX,2034,0.0
GLOBAL,PWRGEOSLVXX,2035,0.0
GLOBAL,PWRGEOSLVXX,2036,0.0
GLOBAL,PWRGEOSLVXX,2037,0.0
GLOBAL,PWRGEOSLVXX,2038,0.0
GLOBAL,PWRGEOSLVXX,2039,0.0
GLOBAL,PWRGEOSLVXX,2040,0.0
GLOBAL,PWRGEOSLVXX,2041,0.0
GLOBAL,PWRGEOSLVXX,2042,0.0
GLOBAL,PWRGEOSLVXX,2043,0.0
GLOBAL,PWRGEOSLVXX,2044,0.0
GLOBAL,PWRGEOSLVXX,2045,0.0
GLOBAL,PWRGEOSLVXX,2046,0.0
GLOBAL,PWRGEOSLVXX,2047,0.0
GLOBAL,PWRGEOSLVXX,2048,0.0
GLOBAL,PWRGEOSLVXX,2049,0.0
GLOBAL,PWRGEOSLVXX,2050,0.0
GLOBAL,PWRGEOURYXX,2023,0.0
GLOBAL,PWRGEOURYXX,2024,0.0
GLOBAL,PWRGEOURYXX,2025,0.0
GLOBAL,PWRGEOURYXX,2026,0.0
GLOBAL,PWRGEOURYXX,2027,0.0
GLOBAL,PWRGEOURYXX,2028,0.0
GLOBAL,PWRGEOURYXX,2029,0.0
GLOBAL,PWRGEOURYXX,2030,0.0
GLOBAL,PWRGEOURYXX,2031,0.0
GLOBAL,PWRGEOURYXX,2032,0.0
GLOBAL,PWRGEOURYXX,2033,0.0
GLOBAL,PWRGEOURYXX,2034,0.0
GLOBAL,PWRGEOURYXX,2035,0.0
GLOBAL,PWRGEOURYXX,2036,0.0
GLOBAL,PWRGEOURYXX,2037,0.0
GLOBAL,PWRGEOURYXX,2038,0.0
GLOBAL,PWRGEOURYXX,2039,0.0
GLOBAL,PWRGEOURYXX,2040,0.0
GLOBAL,PWRGEOURYXX,2041,0.0
GLOBAL,PWRGEOURYXX,2042,0.0
GLOBAL,PWRGEOURYXX,2043,0.0
GLOBAL,PWRGEOURYXX,2044,0.0
GLOBAL,PWRGEOURYXX,2045,0.0
GLOBAL,PWRGEOURYXX,2046,0.0
GLOBAL,PWRGEOURYXX,2047,0.0
GLOBAL,PWRGEOURYXX,2048,0.0
GLOBAL,PWRGEOURYXX,2049,0.0
GLOBAL,PWRGEOURYXX,2050,0.0
GLOBAL,PWRNGSARGXX,2023,0.0
GLOBAL,PWRNGSARGXX,2024,0.0
GLOBAL,PWRNGSARGXX,2025,0.0
GLOBAL,PWRNGSARGXX,2026,0.0
GLOBAL,PWRNGSARGXX,2027,0.0
GLOBAL,PWRNGSARGXX,2028,0.0
GLOBAL,PWRNGSARGXX,2029,0.0
GLOBAL,PWRNGSARGXX,2030,0.0
GLOBAL,PWRNGSARGXX,2031,0.0
GLOBAL,PWRNGSARGXX,2032,0.0
GLOBAL,PWRNGSARGXX,2033,0.0
GLOBAL,PWRNGSARGXX,2034,0.0
GLOBAL,PWRNGSARGXX,2035,0.0
GLOBAL,PWRNGSARGXX,2036,0.0
GLOBAL,PWRNGSARGXX,2037,0.0
GLOBAL,PWRNGSARGXX,2038,0.0
GLOBAL,PWRNGSARGXX,2039,0.0
GLOBAL,PWRNGSARGXX,2040,0.0
GLOBAL,PWRNGSARGXX,2041,0.0
GLOBAL,PWRNGSARGXX,2042,0.0
GLOBAL,PWRNGSARGXX,2043,0.0
GLOBAL,PWRNGSARGXX,2044,0.0
GLOBAL,PWRNGSARGXX,2045,0.0
GLOBAL,PWRNGSARGXX,2046,0.0
GLOBAL,PWRNGSARGXX,2047,0.0
GLOBAL,PWRNGSARGXX,2048,0.0
GLOBAL,PWRNGSARGXX,2049,0.0
GLOBAL,PWRNGSARGXX,2050,0.0
GLOBAL,PWRNGSBOLXX,2023,0.0
GLOBAL,PWRNGSBOLXX,2024,0.0
GLOBAL,PWRNGSBOLXX,2025,0.0
GLOBAL,PWRNGSBOLXX,2026,0.0
GLOBAL,PWRNGSBOLXX,2027,0.0
GLOBAL,PWRNGSBOLXX,2028,0.0
GLOBAL,PWRNGSBOLXX,2029,0.0
GLOBAL,PWRNGSBOLXX,2030,0.0
GLOBAL,PWRNGSBOLXX,2031,0.0
GLOBAL,PWRNGSBOLXX,2032,0.0
GLOBAL,PWRNGSBOLXX,2033,0.0
GLOBAL,PWRNGSBOLXX,2034,0.0
GLOBAL,PWRNGSBOLXX,2035,0.0
GLOBAL,PWRNGSBOLXX,2036,0.0
GLOBAL,PWRNGSBOLXX,2037,0.0
GLOBAL,PWRNGSBOLXX,2038,0.0
GLOBAL,PWRNGSBOLXX,2039,0.0
GLOBAL,PWRNGSBOLXX,2040,0.0
GLOBAL,PWRNGSBOLXX,2041,0.0
GLOBAL,PWRNGSBOLXX,2042,0.0
GLOBAL,PWRNGSBOLXX,2043,0.0
GLOBAL,PWRNGSBOLXX,2044,0.0
GLOBAL,PWRNGSBOLXX,2045,0.0
GLOBAL,PWRNGSBOLXX,2046,0.0
GLOBAL,PWRNGSBOLXX,2047,0.0
GLOBAL,PWRNGSBOLXX,2048,0.0
GLOBAL,PWRNGSBOLXX,2049,0.0
GLOBAL,PWRNGSBOLXX,2050,0.0
GLOBAL,PWRNGSBRAXX,2023,0.0
GLOBAL,PWRNGSBRAXX,2024,0.0
GLOBAL,PWRNGSBRAXX,2025,0.0
GLOBAL,PWRNGSBRAXX,2026,0.0
GLOBAL,PWRNGSBRAXX,2027,0.0
GLOBAL,PWRNGSBRAXX,2028,0.0
GLOBAL,PWRNGSBRAXX,2029,0.0
GLOBAL,PWRNGSBRAXX,2030,0.0
GLOBAL,PWRNGSBRAXX,2031,0.0
GLOBAL,PWRNGSBRAXX,2032,0.0
GLOBAL,PWRNGSBRAXX,2033,0.0
GLOBAL,PWRNGSBRAXX,2034,0.0
GLOBAL,PWRNGSBRAXX,2035,0.0
GLOBAL,PWRNGSBRAXX,2036,0.0
GLOBAL,PWRNGSBRAXX,2037,0.0
GLOBAL,PWRNGSBRAXX,2038,0.0
GLOBAL,PWRNGSBRAXX,2039,0.0
GLOBAL,PWRNGSBRAXX,2040,0.0
GLOBAL,PWRNGSBRAXX,2041,0.0
GLOBAL,PWRNGSBRAXX,2042,0.0
GLOBAL,PWRNGSBRAXX,2043,0.0
GLOBAL,PWRNGSBRAXX,2044,0.0
GLOBAL,PWRNGSBRAXX,2045,0.0
GLOBAL,PWRNGSBRAXX,2046,0.0
GLOBAL,PWRNGSBRAXX,2047,0.0
GLOBAL,PWRNGSBRAXX,2048,0.0
GLOBAL,PWRNGSBRAXX,2049,0.0
GLOBAL,PWRNGSBRAXX,2050,0.0
GLOBAL,PWRNGSBRBXX,2023,0.0
GLOBAL,PWRNGSBRBXX,2024,0.0
GLOBAL,PWRNGSBRBXX,2025,0.0
GLOBAL,PWRNGSBRBXX,2026,0.0
GLOBAL,PWRNGSBRBXX,2027,0.0
GLOBAL,PWRNGSBRBXX,2028,0.0
GLOBAL,PWRNGSBRBXX,2029,0.0
GLOBAL,PWRNGSBRBXX,2030,0.0
GLOBAL,PWRNGSBRBXX,2031,0.0
GLOBAL,PWRNGSBRBXX,2032,0.0
GLOBAL,PWRNGSBRBXX,2033,0.0
GLOBAL,PWRNGSBRBXX,2034,0.0
GLOBAL,PWRNGSBRBXX,2035,0.0
GLOBAL,PWRNGSBRBXX,2036,0.0
GLOBAL,PWRNGSBRBXX,2037,0.0
GLOBAL,PWRNGSBRBXX,2038,0.0
GLOBAL,PWRNGSBRBXX,2039,0.0
GLOBAL,PWRNGSBRBXX,2040,0.0
GLOBAL,PWRNGSBRBXX,2041,0.0
GLOBAL,PWRNGSBRBXX,2042,0.0
GLOBAL,PWRNGSBRBXX,2043,0.0
GLOBAL,PWRNGSBRBXX,2044,0.0
GLOBAL,PWRNGSBRBXX,2045,0.0
GLOBAL,PWRNGSBRBXX,2046,0.0
GLOBAL,PWRNGSBRBXX,2047,0.0
GLOBAL,PWRNGSBRBXX,2048,0.0
GLOBAL,PWRNGSBRBXX,2049,0.0
GLOBAL,PWRNGSBRBXX,2050,0.0
GLOBAL,PWRNGSCHLXX,2023,0.0
GLOBAL,PWRNGSCHLXX,2024,0.0
GLOBAL,PWRNGSCHLXX,2025,0.0
GLOBAL,PWRNGSCHLXX,2026,0.0
GLOBAL,PWRNGSCHLXX,2027,0.0
GLOBAL,PWRNGSCHLXX,2028,0.0
GLOBAL,PWRNGSCHLXX,2029,0.0
GLOBAL,PWRNGSCHLXX,2030,0.0
GLOBAL,PWRNGSCHLXX,2031,0.0
GLOBAL,PWRNGSCHLXX,2032,0.0
GLOBAL,PWRNGSCHLXX,2033,0.0
GLOBAL,PWRNGSCHLXX,2034,0.0
GLOBAL,PWRNGSCHLXX,2035,0.0
GLOBAL,PWRNGSCHLXX,2036,0.0
GLOBAL,PWRNGSCHLXX,2037,0.0
GLOBAL,PWRNGSCHLXX,2038,0.0
GLOBAL,PWRNGSCHLXX,2039,0.0
GLOBAL,PWRNGSCHLXX,2040,0.0
GLOBAL,PWRNGSCHLXX,2041,0.0
GLOBAL,PWRNGSCHLXX,2042,0.0
GLOBAL,PWRNGSCHLXX,2043,0.0
GLOBAL,PWRNGSCHLXX,2044,0.0
GLOBAL,PWRNGSCHLXX,2045,0.0
GLOBAL,PWRNGSCHLXX,2046,0.0
GLOBAL,PWRNGSCHLXX,2047,0.0
GLOBAL,PWRNGSCHLXX,2048,0.0
GLOBAL,PWRNGSCHLXX,2049,0.0
GLOBAL,PWRNGSCHLXX,2050,0.0
GLOBAL,PWRNGSCOLXX,2023,0.0
GLOBAL,PWRNGSCOLXX,2024,0.0
GLOBAL,PWRNGSCOLXX,2025,0.0
GLOBAL,PWRNGSCOLXX,2026,0.0
GLOBAL,PWRNGSCOLXX,2027,0.0
GLOBAL,PWRNGSCOLXX,2028,0.0
GLOBAL,PWRNGSCOLXX,2029,0.0
GLOBAL,PWRNGSCOLXX,2030,0.0
GLOBAL,PWRNGSCOLXX,2031,0.0
GLOBAL,PWRNGSCOLXX,2032,0.0
GLOBAL,PWRNGSCOLXX,2033,0.0
GLOBAL,PWRNGSCOLXX,2034,0.0
GLOBAL,PWRNGSCOLXX,2035,0.0
GLOBAL,PWRNGSCOLXX,2036,0.0
GLOBAL,PWRNGSCOLXX,2037,0.0
GLOBAL,PWRNGSCOLXX,2038,0.0
GLOBAL,PWRNGSCOLXX,2039,0.0
GLOBAL,PWRNGSCOLXX,2040,0.0
GLOBAL,PWRNGSCOLXX,2041,0.0
GLOBAL,PWRNGSCOLXX,2042,0.0
GLOBAL,PWRNGSCOLXX,2043,0.0
GLOBAL,PWRNGSCOLXX,2044,0.0
GLOBAL,PWRNGSCOLXX,2045,0.0
GLOBAL,PWRNGSCOLXX,2046,0.0
GLOBAL,PWRNGSCOLXX,2047,0.0
GLOBAL,PWRNGSCOLXX,2048,0.0
GLOBAL,PWRNGSCOLXX,2049,0.0
GLOBAL,PWRNGSCOLXX,2050,0.0
GLOBAL,PWRNGSCRIXX,2023,0.0
GLOBAL,PWRNGSCRIXX,2024,0.0
GLOBAL,PWRNGSCRIXX,2025,0.0
GLOBAL,PWRNGSCRIXX,2026,0.0
GLOBAL,PWRNGSCRIXX,2027,0.0
GLOBAL,PWRNGSCRIXX,2028,0.0
GLOBAL,PWRNGSCRIXX,2029,0.0
GLOBAL,PWRNGSCRIXX,2030,0.0
GLOBAL,PWRNGSCRIXX,2031,0.0
GLOBAL,PWRNGSCRIXX,2032,0.0
GLOBAL,PWRNGSCRIXX,2033,0.0
GLOBAL,PWRNGSCRIXX,2034,0.0
GLOBAL,PWRNGSCRIXX,2035,0.0
GLOBAL,PWRNGSCRIXX,2036,0.0
GLOBAL,PWRNGSCRIXX,2037,0.0
GLOBAL,PWRNGSCRIXX,2038,0.0
GLOBAL,PWRNGSCRIXX,2039,0.0
GLOBAL,PWRNGSCRIXX,2040,0.0
GLOBAL,PWRNGSCRIXX,2041,0.0
GLOBAL,PWRNGSCRIXX,2042,0.0
GLOBAL,PWRNGSCRIXX,2043,0.0
GLOBAL,PWRNGSCRIXX,2044,0.0
GLOBAL,PWRNGSCRIXX,2045,0.0
GLOBAL,PWRNGSCRIXX,2046,0.0
GLOBAL,PWRNGSCRIXX,2047,0.0
GLOBAL,PWRNGSCRIXX,2048,0.0
GLOBAL,PWRNGSCRIXX,2049,0.0
GLOBAL,PWRNGSCRIXX,2050,0.0
GLOBAL,PWRNGSDOMXX,2023,0.0
GLOBAL,PWRNGSDOMXX,2024,0.0
GLOBAL,PWRNGSDOMXX,2025,0.0
GLOBAL,PWRNGSDOMXX,2026,0.0
GLOBAL,PWRNGSDOMXX,2027,0.0
GLOBAL,PWRNGSDOMXX,2028,0.0
GLOBAL,PWRNGSDOMXX,2029,0.0
GLOBAL,PWRNGSDOMXX,2030,0.0
GLOBAL,PWRNGSDOMXX,2031,0.0
GLOBAL,PWRNGSDOMXX,2032,0.0
GLOBAL,PWRNGSDOMXX,2033,0.0
GLOBAL,PWRNGSDOMXX,2034,0.0
GLOBAL,PWRNGSDOMXX,2035,0.0
GLOBAL,PWRNGSDOMXX,2036,0.0
GLOBAL,PWRNGSDOMXX,2037,0.0
GLOBAL,PWRNGSDOMXX,2038,0.0
GLOBAL,PWRNGSDOMXX,2039,0.0
GLOBAL,PWRNGSDOMXX,2040,0.0
GLOBAL,PWRNGSDOMXX,2041,0.0
GLOBAL,PWRNGSDOMXX,2042,0.0
GLOBAL,PWRNGSDOMXX,2043,0.0
GLOBAL,PWRNGSDOMXX,2044,0.0
GLOBAL,PWRNGSDOMXX,2045,0.0
GLOBAL,PWRNGSDOMXX,2046,0.0
GLOBAL,PWRNGSDOMXX,2047,0.0
GLOBAL,PWRNGSDOMXX,2048,0.0
GLOBAL,PWRNGSDOMXX,2049,0.0
GLOBAL,PWRNGSDOMXX,2050,0.0
GLOBAL,PWRNGSECUXX,2023,0.0
GLOBAL,PWRNGSECUXX,2024,0.0
GLOBAL,PWRNGSECUXX,2025,0.0
GLOBAL,PWRNGSECUXX,2026,0.0
GLOBAL,PWRNGSECUXX,2027,0.0
GLOBAL,PWRNGSECUXX,2028,0.0
GLOBAL,PWRNGSECUXX,2029,0.0
GLOBAL,PWRNGSECUXX,2030,0.0
GLOBAL,PWRNGSECUXX,2031,0.0
GLOBAL,PWRNGSECUXX,2032,0.0
GLOBAL,PWRNGSECUXX,2033,0.0
GLOBAL,PWRNGSECUXX,2034,0.0
GLOBAL,PWRNGSECUXX,2035,0.0
GLOBAL,PWRNGSECUXX,2036,0.0
GLOBAL,PWRNGSECUXX,2037,0.0
GLOBAL,PWRNGSECUXX,2038,0.0
GLOBAL,PWRNGSECUXX,2039,0.0
GLOBAL,PWRNGSECUXX,2040,0.0
GLOBAL,PWRNGSECUXX,2041,0.0
GLOBAL,PWRNGSECUXX,2042,0.0
GLOBAL,PWRNGSECUXX,2043,0.0
GLOBAL,PWRNGSECUXX,2044,0.0
GLOBAL,PWRNGSECUXX,2045,0.0
GLOBAL,PWRNGSECUXX,2046,0.0
GLOBAL,PWRNGSECUXX,2047,0.0
GLOBAL,PWRNGSECUXX,2048,0.0
GLOBAL,PWRNGSECUXX,2049,0.0
GLOBAL,PWRNGSECUXX,2050,0.0
GLOBAL,PWRNGSGTMXX,2023,0.0
GLOBAL,PWRNGSGTMXX,2024,0.0
GLOBAL,PWRNGSGTMXX,2025,0.0
GLOBAL,PWRNGSGTMXX,2026,0.0
GLOBAL,PWRNGSGTMXX,2027,0.0
GLOBAL,PWRNGSGTMXX,2028,0.0
GLOBAL,PWRNGSGTMXX,2029,0.0
GLOBAL,PWRNGSGTMXX,2030,0.0
GLOBAL,PWRNGSGTMXX,2031,0.0
GLOBAL,PWRNGSGTMXX,2032,0.0
GLOBAL,PWRNGSGTMXX,2033,0.0
GLOBAL,PWRNGSGTMXX,2034,0.0
GLOBAL,PWRNGSGTMXX,2035,0.0
GLOBAL,PWRNGSGTMXX,2036,0.0
GLOBAL,PWRNGSGTMXX,2037,0.0
GLOBAL,PWRNGSGTMXX,2038,0.0
GLOBAL,PWRNGSGTMXX,2039,0.0
GLOBAL,PWRNGSGTMXX,2040,0.0
GLOBAL,PWRNGSGTMXX,2041,0.0
GLOBAL,PWRNGSGTMXX,2042,0.0
GLOBAL,PWRNGSGTMXX,2043,0.0
GLOBAL,PWRNGSGTMXX,2044,0.0
GLOBAL,PWRNGSGTMXX,2045,0.0
GLOBAL,PWRNGSGTMXX,2046,0.0
GLOBAL,PWRNGSGTMXX,2047,0.0
GLOBAL,PWRNGSGTMXX,2048,0.0
GLOBAL,PWRNGSGTMXX,2049,0.0
GLOBAL,PWRNGSGTMXX,2050,0.0
GLOBAL,PWRNGSHNDXX,2023,0.0
GLOBAL,PWRNGSHNDXX,2024,0.0
GLOBAL,PWRNGSHNDXX,2025,0.0
GLOBAL,PWRNGSHNDXX,2026,0.0
GLOBAL,PWRNGSHNDXX,2027,0.0
GLOBAL,PWRNGSHNDXX,2028,0.0
GLOBAL,PWRNGSHNDXX,2029,0.0
GLOBAL,PWRNGSHNDXX,2030,0.0
GLOBAL,PWRNGSHNDXX,2031,0.0
GLOBAL,PWRNGSHNDXX,2032,0.0
GLOBAL,PWRNGSHNDXX,2033,0.0
GLOBAL,PWRNGSHNDXX,2034,0.0
GLOBAL,PWRNGSHNDXX,2035,0.0
GLOBAL,PWRNGSHNDXX,2036,0.0
GLOBAL,PWRNGSHNDXX,2037,0.0
GLOBAL,PWRNGSHNDXX,2038,0.0
GLOBAL,PWRNGSHNDXX,2039,0.0
GLOBAL,PWRNGSHNDXX,2040,0.0
GLOBAL,PWRNGSHNDXX,2041,0.0
GLOBAL,PWRNGSHNDXX,2042,0.0
GLOBAL,PWRNGSHNDXX,2043,0.0
GLOBAL,PWRNGSHNDXX,2044,0.0
GLOBAL,PWRNGSHNDXX,2045,0.0
GLOBAL,PWRNGSHNDXX,2046,0.0
GLOBAL,PWRNGSHNDXX,2047,0.0
GLOBAL,PWRNGSHNDXX,2048,0.0
GLOBAL,PWRNGSHNDXX,2049,0.0
GLOBAL,PWRNGSHNDXX,2050,0.0
GLOBAL,PWRNGSHTIXX,2023,0.0
GLOBAL,PWRNGSHTIXX,2024,0.0
GLOBAL,PWRNGSHTIXX,2025,0.0
GLOBAL,PWRNGSHTIXX,2026,0.0
GLOBAL,PWRNGSHTIXX,2027,0.0
GLOBAL,PWRNGSHTIXX,2028,0.0
GLOBAL,PWRNGSHTIXX,2029,0.0
GLOBAL,PWRNGSHTIXX,2030,0.0
GLOBAL,PWRNGSHTIXX,2031,0.0
GLOBAL,PWRNGSHTIXX,2032,0.0
GLOBAL,PWRNGSHTIXX,2033,0.0
GLOBAL,PWRNGSHTIXX,2034,0.0
GLOBAL,PWRNGSHTIXX,2035,0.0
GLOBAL,PWRNGSHTIXX,2036,0.0
GLOBAL,PWRNGSHTIXX,2037,0.0
GLOBAL,PWRNGSHTIXX,2038,0.0
GLOBAL,PWRNGSHTIXX,2039,0.0
GLOBAL,PWRNGSHTIXX,2040,0.0
GLOBAL,PWRNGSHTIXX,2041,0.0
GLOBAL,PWRNGSHTIXX,2042,0.0
GLOBAL,PWRNGSHTIXX,2043,0.0
GLOBAL,PWRNGSHTIXX,2044,0.0
GLOBAL,PWRNGSHTIXX,2045,0.0
GLOBAL,PWRNGSHTIXX,2046,0.0
GLOBAL,PWRNGSHTIXX,2047,0.0
GLOBAL,PWRNGSHTIXX,2048,0.0
GLOBAL,PWRNGSHTIXX,2049,0.0
GLOBAL,PWRNGSHTIXX,2050,0.0
GLOBAL,PWRNGSMEXXX,2023,0.0
GLOBAL,PWRNGSMEXXX,2024,0.0
GLOBAL,PWRNGSMEXXX,2025,0.0
GLOBAL,PWRNGSMEXXX,2026,0.0
GLOBAL,PWRNGSMEXXX,2027,0.0
GLOBAL,PWRNGSMEXXX,2028,0.0
GLOBAL,PWRNGSMEXXX,2029,0.0
GLOBAL,PWRNGSMEXXX,2030,0.0
GLOBAL,PWRNGSMEXXX,2031,0.0
GLOBAL,PWRNGSMEXXX,2032,0.0
GLOBAL,PWRNGSMEXXX,2033,0.0
GLOBAL,PWRNGSMEXXX,2034,0.0
GLOBAL,PWRNGSMEXXX,2035,0.0
GLOBAL,PWRNGSMEXXX,2036,0.0
GLOBAL,PWRNGSMEXXX,2037,0.0
GLOBAL,PWRNGSMEXXX,2038,0.0
GLOBAL,PWRNGSMEXXX,2039,0.0
GLOBAL,PWRNGSMEXXX,2040,0.0
GLOBAL,PWRNGSMEXXX,2041,0.0
GLOBAL,PWRNGSMEXXX,2042,0.0
GLOBAL,PWRNGSMEXXX,2043,0.0
GLOBAL,PWRNGSMEXXX,2044,0.0
GLOBAL,PWRNGSMEXXX,2045,0.0
GLOBAL,PWRNGSMEXXX,2046,0.0
GLOBAL,PWRNGSMEXXX,2047,0.0
GLOBAL,PWRNGSMEXXX,2048,0.0
GLOBAL,PWRNGSMEXXX,2049,0.0
GLOBAL,PWRNGSMEXXX,2050,0.0
GLOBAL,PWRNGSNICXX,2023,0.0
GLOBAL,PWRNGSNICXX,2024,0.0
GLOBAL,PWRNGSNICXX,2025,0.0
GLOBAL,PWRNGSNICXX,2026,0.0
GLOBAL,PWRNGSNICXX,2027,0.0
GLOBAL,PWRNGSNICXX,2028,0.0
GLOBAL,PWRNGSNICXX,2029,0.0
GLOBAL,PWRNGSNICXX,2030,0.0
GLOBAL,PWRNGSNICXX,2031,0.0
GLOBAL,PWRNGSNICXX,2032,0.0
GLOBAL,PWRNGSNICXX,2033,0.0
GLOBAL,PWRNGSNICXX,2034,0.0
GLOBAL,PWRNGSNICXX,2035,0.0
GLOBAL,PWRNGSNICXX,2036,0.0
GLOBAL,PWRNGSNICXX,2037,0.0
GLOBAL,PWRNGSNICXX,2038,0.0
GLOBAL,PWRNGSNICXX,2039,0.0
GLOBAL,PWRNGSNICXX,2040,0.0
GLOBAL,PWRNGSNICXX,2041,0.0
GLOBAL,PWRNGSNICXX,2042,0.0
GLOBAL,PWRNGSNICXX,2043,0.0
GLOBAL,PWRNGSNICXX,2044,0.0
GLOBAL,PWRNGSNICXX,2045,0.0
GLOBAL,PWRNGSNICXX,2046,0.0
GLOBAL,PWRNGSNICXX,2047,0.0
GLOBAL,PWRNGSNICXX,2048,0.0
GLOBAL,PWRNGSNICXX,2049,0.0
GLOBAL,PWRNGSNICXX,2050,0.0
GLOBAL,PWRNGSPANXX,2023,0.0
GLOBAL,PWRNGSPANXX,2024,0.0
GLOBAL,PWRNGSPANXX,2025,0.0
GLOBAL,PWRNGSPANXX,2026,0.0
GLOBAL,PWRNGSPANXX,2027,0.0
GLOBAL,PWRNGSPANXX,2028,0.0
GLOBAL,PWRNGSPANXX,2029,0.0
GLOBAL,PWRNGSPANXX,2030,0.0
GLOBAL,PWRNGSPANXX,2031,0.0
GLOBAL,PWRNGSPANXX,2032,0.0
GLOBAL,PWRNGSPANXX,2033,0.0
GLOBAL,PWRNGSPANXX,2034,0.0
GLOBAL,PWRNGSPANXX,2035,0.0
GLOBAL,PWRNGSPANXX,2036,0.0
GLOBAL,PWRNGSPANXX,2037,0.0
GLOBAL,PWRNGSPANXX,2038,0.0
GLOBAL,PWRNGSPANXX,2039,0.0
GLOBAL,PWRNGSPANXX,2040,0.0
GLOBAL,PWRNGSPANXX,2041,0.0
GLOBAL,PWRNGSPANXX,2042,0.0
GLOBAL,PWRNGSPANXX,2043,0.0
GLOBAL,PWRNGSPANXX,2044,0.0
GLOBAL,PWRNGSPANXX,2045,0.0
GLOBAL,PWRNGSPANXX,2046,0.0
GLOBAL,PWRNGSPANXX,2047,0.0
GLOBAL,PWRNGSPANXX,2048,0.0
GLOBAL,PWRNGSPANXX,2049,0.0
GLOBAL,PWRNGSPANXX,2050,0.0
GLOBAL,PWRNGSPERXX,2023,0.0
GLOBAL,PWRNGSPERXX,2024,0.0
GLOBAL,PWRNGSPERXX,2025,0.0
GLOBAL,PWRNGSPERXX,2026,0.0
GLOBAL,PWRNGSPERXX,2027,0.0
GLOBAL,PWRNGSPERXX,2028,0.0
GLOBAL,PWRNGSPERXX,2029,0.0
GLOBAL,PWRNGSPERXX,2030,0.0
GLOBAL,PWRNGSPERXX,2031,0.0
GLOBAL,PWRNGSPERXX,2032,0.0
GLOBAL,PWRNGSPERXX,2033,0.0
GLOBAL,PWRNGSPERXX,2034,0.0
GLOBAL,PWRNGSPERXX,2035,0.0
GLOBAL,PWRNGSPERXX,2036,0.0
GLOBAL,PWRNGSPERXX,2037,0.0
GLOBAL,PWRNGSPERXX,2038,0.0
GLOBAL,PWRNGSPERXX,2039,0.0
GLOBAL,PWRNGSPERXX,2040,0.0
GLOBAL,PWRNGSPERXX,2041,0.0
GLOBAL,PWRNGSPERXX,2042,0.0
GLOBAL,PWRNGSPERXX,2043,0.0
GLOBAL,PWRNGSPERXX,2044,0.0
GLOBAL,PWRNGSPERXX,2045,0.0
GLOBAL,PWRNGSPERXX,2046,0.0
GLOBAL,PWRNGSPERXX,2047,0.0
GLOBAL,PWRNGSPERXX,2048,0.0
GLOBAL,PWRNGSPERXX,2049,0.0
GLOBAL,PWRNGSPERXX,2050,0.0
GLOBAL,PWRNGSPRYXX,2023,0.0
GLOBAL,PWRNGSPRYXX,2024,0.0
GLOBAL,PWRNGSPRYXX,2025,0.0
GLOBAL,PWRNGSPRYXX,2026,0.0
GLOBAL,PWRNGSPRYXX,2027,0.0
GLOBAL,PWRNGSPRYXX,2028,0.0
GLOBAL,PWRNGSPRYXX,2029,0.0
GLOBAL,PWRNGSPRYXX,2030,0.0
GLOBAL,PWRNGSPRYXX,2031,0.0
GLOBAL,PWRNGSPRYXX,2032,0.0
GLOBAL,PWRNGSPRYXX,2033,0.0
GLOBAL,PWRNGSPRYXX,2034,0.0
GLOBAL,PWRNGSPRYXX,2035,0.0
GLOBAL,PWRNGSPRYXX,2036,0.0
GLOBAL,PWRNGSPRYXX,2037,0.0
GLOBAL,PWRNGSPRYXX,2038,0.0
GLOBAL,PWRNGSPRYXX,2039,0.0
GLOBAL,PWRNGSPRYXX,2040,0.0
GLOBAL,PWRNGSPRYXX,2041,0.0
GLOBAL,PWRNGSPRYXX,2042,0.0
GLOBAL,PWRNGSPRYXX,2043,0.0
GLOBAL,PWRNGSPRYXX,2044,0.0
GLOBAL,PWRNGSPRYXX,2045,0.0
GLOBAL,PWRNGSPRYXX,2046,0.0
GLOBAL,PWRNGSPRYXX,2047,0.0
GLOBAL,PWRNGSPRYXX,2048,0.0
GLOBAL,PWRNGSPRYXX,2049,0.0
GLOBAL,PWRNGSPRYXX,2050,0.0
GLOBAL,PWRNGSSLVXX,2023,0.0
GLOBAL,PWRNGSSLVXX,2024,0.0
GLOBAL,PWRNGSSLVXX,2025,0.0
GLOBAL,PWRNGSSLVXX,2026,0.0
GLOBAL,PWRNGSSLVXX,2027,0.0
GLOBAL,PWRNGSSLVXX,2028,0.0
GLOBAL,PWRNGSSLVXX,2029,0.0
GLOBAL,PWRNGSSLVXX,2030,0.0
GLOBAL,PWRNGSSLVXX,2031,0.0
GLOBAL,PWRNGSSLVXX,2032,0.0
GLOBAL,PWRNGSSLVXX,2033,0.0
GLOBAL,PWRNGSSLVXX,2034,0.0
GLOBAL,PWRNGSSLVXX,2035,0.0
GLOBAL,PWRNGSSLVXX,2036,0.0
GLOBAL,PWRNGSSLVXX,2037,0.0
GLOBAL,PWRNGSSLVXX,2038,0.0
GLOBAL,PWRNGSSLVXX,2039,0.0
GLOBAL,PWRNGSSLVXX,2040,0.0
GLOBAL,PWRNGSSLVXX,2041,0.0
GLOBAL,PWRNGSSLVXX,2042,0.0
GLOBAL,PWRNGSSLVXX,2043,0.0
GLOBAL,PWRNGSSLVXX,2044,0.0
GLOBAL,PWRNGSSLVXX,2045,0.0
GLOBAL,PWRNGSSLVXX,2046,0.0
GLOBAL,PWRNGSSLVXX,2047,0.0
GLOBAL,PWRNGSSLVXX,2048,0.0
GLOBAL,PWRNGSSLVXX,2049,0.0
GLOBAL,PWRNGSSLVXX,2050,0.0
GLOBAL,PWRNGSURYXX,2023,0.0
GLOBAL,PWRNGSURYXX,2024,0.0
GLOBAL,PWRNGSURYXX,2025,0.0
GLOBAL,PWRNGSURYXX,2026,0.0
GLOBAL,PWRNGSURYXX,2027,0.0
GLOBAL,PWRNGSURYXX,2028,0.0
GLOBAL,PWRNGSURYXX,2029,0.0
GLOBAL,PWRNGSURYXX,2030,0.0
GLOBAL,PWRNGSURYXX,2031,0.0
GLOBAL,PWRNGSURYXX,2032,0.0
GLOBAL,PWRNGSURYXX,2033,0.0
GLOBAL,PWRNGSURYXX,2034,0.0
GLOBAL,PWRNGSURYXX,2035,0.0
GLOBAL,PWRNGSURYXX,2036,0.0
GLOBAL,PWRNGSURYXX,2037,0.0
GLOBAL,PWRNGSURYXX,2038,0.0
GLOBAL,PWRNGSURYXX,2039,0.0
GLOBAL,PWRNGSURYXX,2040,0.0
GLOBAL,PWRNGSURYXX,2041,0.0
GLOBAL,PWRNGSURYXX,2042,0.0
GLOBAL,PWRNGSURYXX,2043,0.0
GLOBAL,PWRNGSURYXX,2044,0.0
GLOBAL,PWRNGSURYXX,2045,0.0
GLOBAL,PWRNGSURYXX,2046,0.0
GLOBAL,PWRNGSURYXX,2047,0.0
GLOBAL,PWRNGSURYXX,2048,0.0
GLOBAL,PWRNGSURYXX,2049,0.0
GLOBAL,PWRNGSURYXX,2050,0.0
GLOBAL,PWROTHARGXX,2023,0.0
GLOBAL,PWROTHARGXX,2024,0.0
GLOBAL,PWROTHARGXX,2025,0.0
GLOBAL,PWROTHARGXX,2026,0.0
GLOBAL,PWROTHARGXX,2027,0.0
GLOBAL,PWROTHARGXX,2028,0.0
GLOBAL,PWROTHARGXX,2029,0.0
GLOBAL,PWROTHARGXX,2030,0.0
GLOBAL,PWROTHARGXX,2031,0.0
GLOBAL,PWROTHARGXX,2032,0.0
GLOBAL,PWROTHARGXX,2033,0.0
GLOBAL,PWROTHARGXX,2034,0.0
GLOBAL,PWROTHARGXX,2035,0.0
GLOBAL,PWROTHARGXX,2036,0.0
GLOBAL,PWROTHARGXX,2037,0.0
GLOBAL,PWROTHARGXX,2038,0.0
GLOBAL,PWROTHARGXX,2039,0.0
GLOBAL,PWROTHARGXX,2040,0.0
GLOBAL,PWROTHARGXX,2041,0.0
GLOBAL,PWROTHARGXX,2042,0.0
GLOBAL,PWROTHARGXX,2043,0.0
GLOBAL,PWROTHARGXX,2044,0.0
GLOBAL,PWROTHARGXX,2045,0.0
GLOBAL,PWROTHARGXX,2046,0.0
GLOBAL,PWROTHARGXX,2047,0.0
GLOBAL,PWROTHARGXX,2048,0.0
GLOBAL,PWROTHARGXX,2049,0.0
GLOBAL,PWROTHARGXX,2050,0.0
GLOBAL,PWROTHBOLXX,2023,0.0
GLOBAL,PWROTHBOLXX,2024,0.0
GLOBAL,PWROTHBOLXX,2025,0.0
GLOBAL,PWROTHBOLXX,2026,0.0
GLOBAL,PWROTHBOLXX,2027,0.0
GLOBAL,PWROTHBOLXX,2028,0.0
GLOBAL,PWROTHBOLXX,2029,0.0
GLOBAL,PWROTHBOLXX,2030,0.0
GLOBAL,PWROTHBOLXX,2031,0.0
GLOBAL,PWROTHBOLXX,2032,0.0
GLOBAL,PWROTHBOLXX,2033,0.0
GLOBAL,PWROTHBOLXX,2034,0.0
GLOBAL,PWROTHBOLXX,2035,0.0
GLOBAL,PWROTHBOLXX,2036,0.0
GLOBAL,PWROTHBOLXX,2037,0.0
GLOBAL,PWROTHBOLXX,2038,0.0
GLOBAL,PWROTHBOLXX,2039,0.0
GLOBAL,PWROTHBOLXX,2040,0.0
GLOBAL,PWROTHBOLXX,2041,0.0
GLOBAL,PWROTHBOLXX,2042,0.0
GLOBAL,PWROTHBOLXX,2043,0.0
GLOBAL,PWROTHBOLXX,2044,0.0
GLOBAL,PWROTHBOLXX,2045,0.0
GLOBAL,PWROTHBOLXX,2046,0.0
GLOBAL,PWROTHBOLXX,2047,0.0
GLOBAL,PWROTHBOLXX,2048,0.0
GLOBAL,PWROTHBOLXX,2049,0.0
GLOBAL,PWROTHBOLXX,2050,0.0
GLOBAL,PWROTHBRAXX,2023,0.0
GLOBAL,PWROTHBRAXX,2024,0.0
GLOBAL,PWROTHBRAXX,2025,0.0
GLOBAL,PWROTHBRAXX,2026,0.0
GLOBAL,PWROTHBRAXX,2027,0.0
GLOBAL,PWROTHBRAXX,2028,0.0
GLOBAL,PWROTHBRAXX,2029,0.0
GLOBAL,PWROTHBRAXX,2030,0.0
GLOBAL,PWROTHBRAXX,2031,0.0
GLOBAL,PWROTHBRAXX,2032,0.0
GLOBAL,PWROTHBRAXX,2033,0.0
GLOBAL,PWROTHBRAXX,2034,0.0
GLOBAL,PWROTHBRAXX,2035,0.0
GLOBAL,PWROTHBRAXX,2036,0.0
GLOBAL,PWROTHBRAXX,2037,0.0
GLOBAL,PWROTHBRAXX,2038,0.0
GLOBAL,PWROTHBRAXX,2039,0.0
GLOBAL,PWROTHBRAXX,2040,0.0
GLOBAL,PWROTHBRAXX,2041,0.0
GLOBAL,PWROTHBRAXX,2042,0.0
GLOBAL,PWROTHBRAXX,2043,0.0
GLOBAL,PWROTHBRAXX,2044,0.0
GLOBAL,PWROTHBRAXX,2045,0.0
GLOBAL,PWROTHBRAXX,2046,0.0
GLOBAL,PWROTHBRAXX,2047,0.0
GLOBAL,PWROTHBRAXX,2048,0.0
GLOBAL,PWROTHBRAXX,2049,0.0
GLOBAL,PWROTHBRAXX,2050,0.0
GLOBAL,PWROTHBRBXX,2023,0.0
GLOBAL,PWROTHBRBXX,2024,0.0
GLOBAL,PWROTHBRBXX,2025,0.0
GLOBAL,PWROTHBRBXX,2026,0.0
GLOBAL,PWROTHBRBXX,2027,0.0
GLOBAL,PWROTHBRBXX,2028,0.0
GLOBAL,PWROTHBRBXX,2029,0.0
GLOBAL,PWROTHBRBXX,2030,0.0
GLOBAL,PWROTHBRBXX,2031,0.0
GLOBAL,PWROTHBRBXX,2032,0.0
GLOBAL,PWROTHBRBXX,2033,0.0
GLOBAL,PWROTHBRBXX,2034,0.0
GLOBAL,PWROTHBRBXX,2035,0.0
GLOBAL,PWROTHBRBXX,2036,0.0
GLOBAL,PWROTHBRBXX,2037,0.0
GLOBAL,PWROTHBRBXX,2038,0.0
GLOBAL,PWROTHBRBXX,2039,0.0
GLOBAL,PWROTHBRBXX,2040,0.0
GLOBAL,PWROTHBRBXX,2041,0.0
GLOBAL,PWROTHBRBXX,2042,0.0
GLOBAL,PWROTHBRBXX,2043,0.0
GLOBAL,PWROTHBRBXX,2044,0.0
GLOBAL,PWROTHBRBXX,2045,0.0
GLOBAL,PWROTHBRBXX,2046,0.0
GLOBAL,PWROTHBRBXX,2047,0.0
GLOBAL,PWROTHBRBXX,2048,0.0
GLOBAL,PWROTHBRBXX,2049,0.0
GLOBAL,PWROTHBRBXX,2050,0.0
GLOBAL,PWROTHCHLXX,2023,0.0
GLOBAL,PWROTHCHLXX,2024,0.0
GLOBAL,PWROTHCHLXX,2025,0.0
GLOBAL,PWROTHCHLXX,2026,0.0
GLOBAL,PWROTHCHLXX,2027,0.0
GLOBAL,PWROTHCHLXX,2028,0.0
GLOBAL,PWROTHCHLXX,2029,0.0
GLOBAL,PWROTHCHLXX,2030,0.0
GLOBAL,PWROTHCHLXX,2031,0.0
GLOBAL,PWROTHCHLXX,2032,0.0
GLOBAL,PWROTHCHLXX,2033,0.0
GLOBAL,PWROTHCHLXX,2034,0.0
GLOBAL,PWROTHCHLXX,2035,0.0
GLOBAL,PWROTHCHLXX,2036,0.0
GLOBAL,PWROTHCHLXX,2037,0.0
GLOBAL,PWROTHCHLXX,2038,0.0
GLOBAL,PWROTHCHLXX,2039,0.0
GLOBAL,PWROTHCHLXX,2040,0.0
GLOBAL,PWROTHCHLXX,2041,0.0
GLOBAL,PWROTHCHLXX,2042,0.0
GLOBAL,PWROTHCHLXX,2043,0.0
GLOBAL,PWROTHCHLXX,2044,0.0
GLOBAL,PWROTHCHLXX,2045,0.0
GLOBAL,PWROTHCHLXX,2046,0.0
GLOBAL,PWROTHCHLXX,2047,0.0
GLOBAL,PWROTHCHLXX,2048,0.0
GLOBAL,PWROTHCHLXX,2049,0.0
GLOBAL,PWROTHCHLXX,2050,0.0
GLOBAL,PWROTHCOLXX,2023,0.0
GLOBAL,PWROTHCOLXX,2024,0.0
GLOBAL,PWROTHCOLXX,2025,0.0
GLOBAL,PWROTHCOLXX,2026,0.0
GLOBAL,PWROTHCOLXX,2027,0.0
GLOBAL,PWROTHCOLXX,2028,0.0
GLOBAL,PWROTHCOLXX,2029,0.0
GLOBAL,PWROTHCOLXX,2030,0.0
GLOBAL,PWROTHCOLXX,2031,0.0
GLOBAL,PWROTHCOLXX,2032,0.0
GLOBAL,PWROTHCOLXX,2033,0.0
GLOBAL,PWROTHCOLXX,2034,0.0
GLOBAL,PWROTHCOLXX,2035,0.0
GLOBAL,PWROTHCOLXX,2036,0.0
GLOBAL,PWROTHCOLXX,2037,0.0
GLOBAL,PWROTHCOLXX,2038,0.0
GLOBAL,PWROTHCOLXX,2039,0.0
GLOBAL,PWROTHCOLXX,2040,0.0
GLOBAL,PWROTHCOLXX,2041,0.0
GLOBAL,PWROTHCOLXX,2042,0.0
GLOBAL,PWROTHCOLXX,2043,0.0
GLOBAL,PWROTHCOLXX,2044,0.0
GLOBAL,PWROTHCOLXX,2045,0.0
GLOBAL,PWROTHCOLXX,2046,0.0
GLOBAL,PWROTHCOLXX,2047,0.0
GLOBAL,PWROTHCOLXX,2048,0.0
GLOBAL,PWROTHCOLXX,2049,0.0
GLOBAL,PWROTHCOLXX,2050,0.0
GLOBAL,PWROTHCRIXX,2023,0.0
GLOBAL,PWROTHCRIXX,2024,0.0
GLOBAL,PWROTHCRIXX,2025,0.0
GLOBAL,PWROTHCRIXX,2026,0.0
GLOBAL,PWROTHCRIXX,2027,0.0
GLOBAL,PWROTHCRIXX,2028,0.0
GLOBAL,PWROTHCRIXX,2029,0.0
GLOBAL,PWROTHCRIXX,2030,0.0
GLOBAL,PWROTHCRIXX,2031,0.0
GLOBAL,PWROTHCRIXX,2032,0.0
GLOBAL,PWROTHCRIXX,2033,0.0
GLOBAL,PWROTHCRIXX,2034,0.0
GLOBAL,PWROTHCRIXX,2035,0.0
GLOBAL,PWROTHCRIXX,2036,0.0
GLOBAL,PWROTHCRIXX,2037,0.0
GLOBAL,PWROTHCRIXX,2038,0.0
GLOBAL,PWROTHCRIXX,2039,0.0
GLOBAL,PWROTHCRIXX,2040,0.0
GLOBAL,PWROTHCRIXX,2041,0.0
GLOBAL,PWROTHCRIXX,2042,0.0
GLOBAL,PWROTHCRIXX,2043,0.0
GLOBAL,PWROTHCRIXX,2044,0.0
GLOBAL,PWROTHCRIXX,2045,0.0
GLOBAL,PWROTHCRIXX,2046,0.0
GLOBAL,PWROTHCRIXX,2047,0.0
GLOBAL,PWROTHCRIXX,2048,0.0
GLOBAL,PWROTHCRIXX,2049,0.0
GLOBAL,PWROTHCRIXX,2050,0.0
GLOBAL,PWROTHDOMXX,2023,0.0
GLOBAL,PWROTHDOMXX,2024,0.0
GLOBAL,PWROTHDOMXX,2025,0.0
GLOBAL,PWROTHDOMXX,2026,0.0
GLOBAL,PWROTHDOMXX,2027,0.0
GLOBAL,PWROTHDOMXX,2028,0.0
GLOBAL,PWROTHDOMXX,2029,0.0
GLOBAL,PWROTHDOMXX,2030,0.0
GLOBAL,PWROTHDOMXX,2031,0.0
GLOBAL,PWROTHDOMXX,2032,0.0
GLOBAL,PWROTHDOMXX,2033,0.0
GLOBAL,PWROTHDOMXX,2034,0.0
GLOBAL,PWROTHDOMXX,2035,0.0
GLOBAL,PWROTHDOMXX,2036,0.0
GLOBAL,PWROTHDOMXX,2037,0.0
GLOBAL,PWROTHDOMXX,2038,0.0
GLOBAL,PWROTHDOMXX,2039,0.0
GLOBAL,PWROTHDOMXX,2040,0.0
GLOBAL,PWROTHDOMXX,2041,0.0
GLOBAL,PWROTHDOMXX,2042,0.0
GLOBAL,PWROTHDOMXX,2043,0.0
GLOBAL,PWROTHDOMXX,2044,0.0
GLOBAL,PWROTHDOMXX,2045,0.0
GLOBAL,PWROTHDOMXX,2046,0.0
GLOBAL,PWROTHDOMXX,2047,0.0
GLOBAL,PWROTHDOMXX,2048,0.0
GLOBAL,PWROTHDOMXX,2049,0.0
GLOBAL,PWROTHDOMXX,2050,0.0
GLOBAL,PWROTHECUXX,2023,0.0
GLOBAL,PWROTHECUXX,2024,0.0
GLOBAL,PWROTHECUXX,2025,0.0
GLOBAL,PWROTHECUXX,2026,0.0
GLOBAL,PWROTHECUXX,2027,0.0
GLOBAL,PWROTHECUXX,2028,0.0
GLOBAL,PWROTHECUXX,2029,0.0
GLOBAL,PWROTHECUXX,2030,0.0
GLOBAL,PWROTHECUXX,2031,0.0
GLOBAL,PWROTHECUXX,2032,0.0
GLOBAL,PWROTHECUXX,2033,0.0
GLOBAL,PWROTHECUXX,2034,0.0
GLOBAL,PWROTHECUXX,2035,0.0
GLOBAL,PWROTHECUXX,2036,0.0
GLOBAL,PWROTHECUXX,2037,0.0
GLOBAL,PWROTHECUXX,2038,0.0
GLOBAL,PWROTHECUXX,2039,0.0
GLOBAL,PWROTHECUXX,2040,0.0
GLOBAL,PWROTHECUXX,2041,0.0
GLOBAL,PWROTHECUXX,2042,0.0
GLOBAL,PWROTHECUXX,2043,0.0
GLOBAL,PWROTHECUXX,2044,0.0
GLOBAL,PWROTHECUXX,2045,0.0
GLOBAL,PWROTHECUXX,2046,0.0
GLOBAL,PWROTHECUXX,2047,0.0
GLOBAL,PWROTHECUXX,2048,0.0
GLOBAL,PWROTHECUXX,2049,0.0
GLOBAL,PWROTHECUXX,2050,0.0
GLOBAL,PWROTHGTMXX,2023,0.0
GLOBAL,PWROTHGTMXX,2024,0.0
GLOBAL,PWROTHGTMXX,2025,0.0
GLOBAL,PWROTHGTMXX,2026,0.0
GLOBAL,PWROTHGTMXX,2027,0.0
GLOBAL,PWROTHGTMXX,2028,0.0
GLOBAL,PWROTHGTMXX,2029,0.0
GLOBAL,PWROTHGTMXX,2030,0.0
GLOBAL,PWROTHGTMXX,2031,0.0
GLOBAL,PWROTHGTMXX,2032,0.0
GLOBAL,PWROTHGTMXX,2033,0.0
GLOBAL,PWROTHGTMXX,2034,0.0
GLOBAL,PWROTHGTMXX,2035,0.0
GLOBAL,PWROTHGTMXX,2036,0.0
GLOBAL,PWROTHGTMXX,2037,0.0
GLOBAL,PWROTHGTMXX,2038,0.0
GLOBAL,PWROTHGTMXX,2039,0.0
GLOBAL,PWROTHGTMXX,2040,0.0
GLOBAL,PWROTHGTMXX,2041,0.0
GLOBAL,PWROTHGTMXX,2042,0.0
GLOBAL,PWROTHGTMXX,2043,0.0
GLOBAL,PWROTHGTMXX,2044,0.0
GLOBAL,PWROTHGTMXX,2045,0.0
GLOBAL,PWROTHGTMXX,2046,0.0
GLOBAL,PWROTHGTMXX,2047,0.0
GLOBAL,PWROTHGTMXX,2048,0.0
GLOBAL,PWROTHGTMXX,2049,0.0
GLOBAL,PWROTHGTMXX,2050,0.0
GLOBAL,PWROTHHNDXX,2023,0.0
GLOBAL,PWROTHHNDXX,2024,0.0
GLOBAL,PWROTHHNDXX,2025,0.0
GLOBAL,PWROTHHNDXX,2026,0.0
GLOBAL,PWROTHHNDXX,2027,0.0
GLOBAL,PWROTHHNDXX,2028,0.0
GLOBAL,PWROTHHNDXX,2029,0.0
GLOBAL,PWROTHHNDXX,2030,0.0
GLOBAL,PWROTHHNDXX,2031,0.0
GLOBAL,PWROTHHNDXX,2032,0.0
GLOBAL,PWROTHHNDXX,2033,0.0
GLOBAL,PWROTHHNDXX,2034,0.0
GLOBAL,PWROTHHNDXX,2035,0.0
GLOBAL,PWROTHHNDXX,2036,0.0
GLOBAL,PWROTHHNDXX,2037,0.0
GLOBAL,PWROTHHNDXX,2038,0.0
GLOBAL,PWROTHHNDXX,2039,0.0
GLOBAL,PWROTHHNDXX,2040,0.0
GLOBAL,PWROTHHNDXX,2041,0.0
GLOBAL,PWROTHHNDXX,2042,0.0
GLOBAL,PWROTHHNDXX,2043,0.0
GLOBAL,PWROTHHNDXX,2044,0.0
GLOBAL,PWROTHHNDXX,2045,0.0
GLOBAL,PWROTHHNDXX,2046,0.0
GLOBAL,PWROTHHNDXX,2047,0.0
GLOBAL,PWROTHHNDXX,2048,0.0
GLOBAL,PWROTHHNDXX,2049,0.0
GLOBAL,PWROTHHNDXX,2050,0.0
GLOBAL,PWROTHHTIXX,2023,0.0
GLOBAL,PWROTHHTIXX,2024,0.0
GLOBAL,PWROTHHTIXX,2025,0.0
GLOBAL,PWROTHHTIXX,2026,0.0
GLOBAL,PWROTHHTIXX,2027,0.0
GLOBAL,PWROTHHTIXX,2028,0.0
GLOBAL,PWROTHHTIXX,2029,0.0
GLOBAL,PWROTHHTIXX,2030,0.0
GLOBAL,PWROTHHTIXX,2031,0.0
GLOBAL,PWROTHHTIXX,2032,0.0
GLOBAL,PWROTHHTIXX,2033,0.0
GLOBAL,PWROTHHTIXX,2034,0.0
GLOBAL,PWROTHHTIXX,2035,0.0
GLOBAL,PWROTHHTIXX,2036,0.0
GLOBAL,PWROTHHTIXX,2037,0.0
GLOBAL,PWROTHHTIXX,2038,0.0
GLOBAL,PWROTHHTIXX,2039,0.0
GLOBAL,PWROTHHTIXX,2040,0.0
GLOBAL,PWROTHHTIXX,2041,0.0
GLOBAL,PWROTHHTIXX,2042,0.0
GLOBAL,PWROTHHTIXX,2043,0.0
GLOBAL,PWROTHHTIXX,2044,0.0
GLOBAL,PWROTHHTIXX,2045,0.0
GLOBAL,PWROTHHTIXX,2046,0.0
GLOBAL,PWROTHHTIXX,2047,0.0
GLOBAL,PWROTHHTIXX,2048,0.0
GLOBAL,PWROTHHTIXX,2049,0.0
GLOBAL,PWROTHHTIXX,2050,0.0
GLOBAL,PWROTHMEXXX,2023,0.0
GLOBAL,PWROTHMEXXX,2024,0.0
GLOBAL,PWROTHMEXXX,2025,0.0
GLOBAL,PWROTHMEXXX,2026,0.0
GLOBAL,PWROTHMEXXX,2027,0.0
GLOBAL,PWROTHMEXXX,2028,0.0
GLOBAL,PWROTHMEXXX,2029,0.0
GLOBAL,PWROTHMEXXX,2030,0.0
GLOBAL,PWROTHMEXXX,2031,0.0
GLOBAL,PWROTHMEXXX,2032,0.0
GLOBAL,PWROTHMEXXX,2033,0.0
GLOBAL,PWROTHMEXXX,2034,0.0
GLOBAL,PWROTHMEXXX,2035,0.0
GLOBAL,PWROTHMEXXX,2036,0.0
GLOBAL,PWROTHMEXXX,2037,0.0
GLOBAL,PWROTHMEXXX,2038,0.0
GLOBAL,PWROTHMEXXX,2039,0.0
GLOBAL,PWROTHMEXXX,2040,0.0
GLOBAL,PWROTHMEXXX,2041,0.0
GLOBAL,PWROTHMEXXX,2042,0.0
GLOBAL,PWROTHMEXXX,2043,0.0
GLOBAL,PWROTHMEXXX,2044,0.0
GLOBAL,PWROTHMEXXX,2045,0.0
GLOBAL,PWROTHMEXXX,2046,0.0
GLOBAL,PWROTHMEXXX,2047,0.0
GLOBAL,PWROTHMEXXX,2048,0.0
GLOBAL,PWROTHMEXXX,2049,0.0
GLOBAL,PWROTHMEXXX,2050,0.0
GLOBAL,PWROTHNICXX,2023,0.0
GLOBAL,PWROTHNICXX,2024,0.0
GLOBAL,PWROTHNICXX,2025,0.0
GLOBAL,PWROTHNICXX,2026,0.0
GLOBAL,PWROTHNICXX,2027,0.0
GLOBAL,PWROTHNICXX,2028,0.0
GLOBAL,PWROTHNICXX,2029,0.0
GLOBAL,PWROTHNICXX,2030,0.0
GLOBAL,PWROTHNICXX,2031,0.0
GLOBAL,PWROTHNICXX,2032,0.0
GLOBAL,PWROTHNICXX,2033,0.0
GLOBAL,PWROTHNICXX,2034,0.0
GLOBAL,PWROTHNICXX,2035,0.0
GLOBAL,PWROTHNICXX,2036,0.0
GLOBAL,PWROTHNICXX,2037,0.0
GLOBAL,PWROTHNICXX,2038,0.0
GLOBAL,PWROTHNICXX,2039,0.0
GLOBAL,PWROTHNICXX,2040,0.0
GLOBAL,PWROTHNICXX,2041,0.0
GLOBAL,PWROTHNICXX,2042,0.0
GLOBAL,PWROTHNICXX,2043,0.0
GLOBAL,PWROTHNICXX,2044,0.0
GLOBAL,PWROTHNICXX,2045,0.0
GLOBAL,PWROTHNICXX,2046,0.0
GLOBAL,PWROTHNICXX,2047,0.0
GLOBAL,PWROTHNICXX,2048,0.0
GLOBAL,PWROTHNICXX,2049,0.0
GLOBAL,PWROTHNICXX,2050,0.0
GLOBAL,PWROTHPANXX,2023,0.0
GLOBAL,PWROTHPANXX,2024,0.0
GLOBAL,PWROTHPANXX,2025,0.0
GLOBAL,PWROTHPANXX,2026,0.0
GLOBAL,PWROTHPANXX,2027,0.0
GLOBAL,PWROTHPANXX,2028,0.0
GLOBAL,PWROTHPANXX,2029,0.0
GLOBAL,PWROTHPANXX,2030,0.0
GLOBAL,PWROTHPANXX,2031,0.0
GLOBAL,PWROTHPANXX,2032,0.0
GLOBAL,PWROTHPANXX,2033,0.0
GLOBAL,PWROTHPANXX,2034,0.0
GLOBAL,PWROTHPANXX,2035,0.0
GLOBAL,PWROTHPANXX,2036,0.0
GLOBAL,PWROTHPANXX,2037,0.0
GLOBAL,PWROTHPANXX,2038,0.0
GLOBAL,PWROTHPANXX,2039,0.0
GLOBAL,PWROTHPANXX,2040,0.0
GLOBAL,PWROTHPANXX,2041,0.0
GLOBAL,PWROTHPANXX,2042,0.0
GLOBAL,PWROTHPANXX,2043,0.0
GLOBAL,PWROTHPANXX,2044,0.0
GLOBAL,PWROTHPANXX,2045,0.0
GLOBAL,PWROTHPANXX,2046,0.0
GLOBAL,PWROTHPANXX,2047,0.0
GLOBAL,PWROTHPANXX,2048,0.0
GLOBAL,PWROTHPANXX,2049,0.0
GLOBAL,PWROTHPANXX,2050,0.0
GLOBAL,PWROTHPERXX,2023,0.0
GLOBAL,PWROTHPERXX,2024,0.0
GLOBAL,PWROTHPERXX,2025,0.0
GLOBAL,PWROTHPERXX,2026,0.0
GLOBAL,PWROTHPERXX,2027,0.0
GLOBAL,PWROTHPERXX,2028,0.0
GLOBAL,PWROTHPERXX,2029,0.0
GLOBAL,PWROTHPERXX,2030,0.0
GLOBAL,PWROTHPERXX,2031,0.0
GLOBAL,PWROTHPERXX,2032,0.0
GLOBAL,PWROTHPERXX,2033,0.0
GLOBAL,PWROTHPERXX,2034,0.0
GLOBAL,PWROTHPERXX,2035,0.0
GLOBAL,PWROTHPERXX,2036,0.0
GLOBAL,PWROTHPERXX,2037,0.0
GLOBAL,PWROTHPERXX,2038,0.0
GLOBAL,PWROTHPERXX,2039,0.0
GLOBAL,PWROTHPERXX,2040,0.0
GLOBAL,PWROTHPERXX,2041,0.0
GLOBAL,PWROTHPERXX,2042,0.0
GLOBAL,PWROTHPERXX,2043,0.0
GLOBAL,PWROTHPERXX,2044,0.0
GLOBAL,PWROTHPERXX,2045,0.0
GLOBAL,PWROTHPERXX,2046,0.0
GLOBAL,PWROTHPERXX,2047,0.0
GLOBAL,PWROTHPERXX,2048,0.0
GLOBAL,PWROTHPERXX,2049,0.0
GLOBAL,PWROTHPERXX,2050,0.0
GLOBAL,PWROTHPRYXX,2023,0.0
GLOBAL,PWROTHPRYXX,2024,0.0
GLOBAL,PWROTHPRYXX,2025,0.0
GLOBAL,PWROTHPRYXX,2026,0.0
GLOBAL,PWROTHPRYXX,2027,0.0
GLOBAL,PWROTHPRYXX,2028,0.0
GLOBAL,PWROTHPRYXX,2029,0.0
GLOBAL,PWROTHPRYXX,2030,0.0
GLOBAL,PWROTHPRYXX,2031,0.0
GLOBAL,PWROTHPRYXX,2032,0.0
GLOBAL,PWROTHPRYXX,2033,0.0
GLOBAL,PWROTHPRYXX,2034,0.0
GLOBAL,PWROTHPRYXX,2035,0.0
GLOBAL,PWROTHPRYXX,2036,0.0
GLOBAL,PWROTHPRYXX,2037,0.0
GLOBAL,PWROTHPRYXX,2038,0.0
GLOBAL,PWROTHPRYXX,2039,0.0
GLOBAL,PWROTHPRYXX,2040,0.0
GLOBAL,PWROTHPRYXX,2041,0.0
GLOBAL,PWROTHPRYXX,2042,0.0
GLOBAL,PWROTHPRYXX,2043,0.0
GLOBAL,PWROTHPRYXX,2044,0.0
GLOBAL,PWROTHPRYXX,2045,0.0
GLOBAL,PWROTHPRYXX,2046,0.0
GLOBAL,PWROTHPRYXX,2047,0.0
GLOBAL,PWROTHPRYXX,2048,0.0
GLOBAL,PWROTHPRYXX,2049,0.0
GLOBAL,PWROTHPRYXX,2050,0.0
GLOBAL,PWROTHSLVXX,2023,0.0
GLOBAL,PWROTHSLVXX,2024,0.0
GLOBAL,PWROTHSLVXX,2025,0.0
GLOBAL,PWROTHSLVXX,2026,0.0
GLOBAL,PWROTHSLVXX,2027,0.0
GLOBAL,PWROTHSLVXX,2028,0.0
GLOBAL,PWROTHSLVXX,2029,0.0
GLOBAL,PWROTHSLVXX,2030,0.0
GLOBAL,PWROTHSLVXX,2031,0.0
GLOBAL,PWROTHSLVXX,2032,0.0
GLOBAL,PWROTHSLVXX,2033,0.0
GLOBAL,PWROTHSLVXX,2034,0.0
GLOBAL,PWROTHSLVXX,2035,0.0
GLOBAL,PWROTHSLVXX,2036,0.0
GLOBAL,PWROTHSLVXX,2037,0.0
GLOBAL,PWROTHSLVXX,2038,0.0
GLOBAL,PWROTHSLVXX,2039,0.0
GLOBAL,PWROTHSLVXX,2040,0.0
GLOBAL,PWROTHSLVXX,2041,0.0
GLOBAL,PWROTHSLVXX,2042,0.0
GLOBAL,PWROTHSLVXX,2043,0.0
GLOBAL,PWROTHSLVXX,2044,0.0
GLOBAL,PWROTHSLVXX,2045,0.0
GLOBAL,PWROTHSLVXX,2046,0.0
GLOBAL,PWROTHSLVXX,2047,0.0
GLOBAL,PWROTHSLVXX,2048,0.0
GLOBAL,PWROTHSLVXX,2049,0.0
GLOBAL,PWROTHSLVXX,2050,0.0
GLOBAL,PWROTHURYXX,2023,0.0
GLOBAL,PWROTHURYXX,2024,0.0
GLOBAL,PWROTHURYXX,2025,0.0
GLOBAL,PWROTHURYXX,2026,0.0
GLOBAL,PWROTHURYXX,2027,0.0
GLOBAL,PWROTHURYXX,2028,0.0
GLOBAL,PWROTHURYXX,2029,0.0
GLOBAL,PWROTHURYXX,2030,0.0
GLOBAL,PWROTHURYXX,2031,0.0
GLOBAL,PWROTHURYXX,2032,0.0
GLOBAL,PWROTHURYXX,2033,0.0
GLOBAL,PWROTHURYXX,2034,0.0
GLOBAL,PWROTHURYXX,2035,0.0
GLOBAL,PWROTHURYXX,2036,0.0
GLOBAL,PWROTHURYXX,2037,0.0
GLOBAL,PWROTHURYXX,2038,0.0
GLOBAL,PWROTHURYXX,2039,0.0
GLOBAL,PWROTHURYXX,2040,0.0
GLOBAL,PWROTHURYXX,2041,0.0
GLOBAL,PWROTHURYXX,2042,0.0
GLOBAL,PWROTHURYXX,2043,0.0
GLOBAL,PWROTHURYXX,2044,0.0
GLOBAL,PWROTHURYXX,2045,0.0
GLOBAL,PWROTHURYXX,2046,0.0
GLOBAL,PWROTHURYXX,2047,0.0
GLOBAL,PWROTHURYXX,2048,0.0
GLOBAL,PWROTHURYXX,2049,0.0
GLOBAL,PWROTHURYXX,2050,0.0
GLOBAL,PWRPETARGXX,2023,0.0
GLOBAL,PWRPETARGXX,2024,0.0
GLOBAL,PWRPETARGXX,2025,0.0
GLOBAL,PWRPETARGXX,2026,0.0
GLOBAL,PWRPETARGXX,2027,0.0
GLOBAL,PWRPETARGXX,2028,0.0
GLOBAL,PWRPETARGXX,2029,0.0
GLOBAL,PWRPETARGXX,2030,0.0
GLOBAL,PWRPETARGXX,2031,0.0
GLOBAL,PWRPETARGXX,2032,0.0
GLOBAL,PWRPETARGXX,2033,0.0
GLOBAL,PWRPETARGXX,2034,0.0
GLOBAL,PWRPETARGXX,2035,0.0
GLOBAL,PWRPETARGXX,2036,0.0
GLOBAL,PWRPETARGXX,2037,0.0
GLOBAL,PWRPETARGXX,2038,0.0
GLOBAL,PWRPETARGXX,2039,0.0
GLOBAL,PWRPETARGXX,2040,0.0
GLOBAL,PWRPETARGXX,2041,0.0
GLOBAL,PWRPETARGXX,2042,0.0
GLOBAL,PWRPETARGXX,2043,0.0
GLOBAL,PWRPETARGXX,2044,0.0
GLOBAL,PWRPETARGXX,2045,0.0
GLOBAL,PWRPETARGXX,2046,0.0
GLOBAL,PWRPETARGXX,2047,0.0
GLOBAL,PWRPETARGXX,2048,0.0
GLOBAL,PWRPETARGXX,2049,0.0
GLOBAL,PWRPETARGXX,2050,0.0
GLOBAL,PWRPETBOLXX,2023,0.0
GLOBAL,PWRPETBOLXX,2024,0.0
GLOBAL,PWRPETBOLXX,2025,0.0
GLOBAL,PWRPETBOLXX,2026,0.0
GLOBAL,PWRPETBOLXX,2027,0.0
GLOBAL,PWRPETBOLXX,2028,0.0
GLOBAL,PWRPETBOLXX,2029,0.0
GLOBAL,PWRPETBOLXX,2030,0.0
GLOBAL,PWRPETBOLXX,2031,0.0
GLOBAL,PWRPETBOLXX,2032,0.0
GLOBAL,PWRPETBOLXX,2033,0.0
GLOBAL,PWRPETBOLXX,2034,0.0
GLOBAL,PWRPETBOLXX,2035,0.0
GLOBAL,PWRPETBOLXX,2036,0.0
GLOBAL,PWRPETBOLXX,2037,0.0
GLOBAL,PWRPETBOLXX,2038,0.0
GLOBAL,PWRPETBOLXX,2039,0.0
GLOBAL,PWRPETBOLXX,2040,0.0
GLOBAL,PWRPETBOLXX,2041,0.0
GLOBAL,PWRPETBOLXX,2042,0.0
GLOBAL,PWRPETBOLXX,2043,0.0
GLOBAL,PWRPETBOLXX,2044,0.0
GLOBAL,PWRPETBOLXX,2045,0.0
GLOBAL,PWRPETBOLXX,2046,0.0
GLOBAL,PWRPETBOLXX,2047,0.0
GLOBAL,PWRPETBOLXX,2048,0.0
GLOBAL,PWRPETBOLXX,2049,0.0
GLOBAL,PWRPETBOLXX,2050,0.0
GLOBAL,PWRPETBRAXX,2023,0.0
GLOBAL,PWRPETBRAXX,2024,0.0
GLOBAL,PWRPETBRAXX,2025,0.0
GLOBAL,PWRPETBRAXX,2026,0.0
GLOBAL,PWRPETBRAXX,2027,0.0
GLOBAL,PWRPETBRAXX,2028,0.0
GLOBAL,PWRPETBRAXX,2029,0.0
GLOBAL,PWRPETBRAXX,2030,0.0
GLOBAL,PWRPETBRAXX,2031,0.0
GLOBAL,PWRPETBRAXX,2032,0.0
GLOBAL,PWRPETBRAXX,2033,0.0
GLOBAL,PWRPETBRAXX,2034,0.0
GLOBAL,PWRPETBRAXX,2035,0.0
GLOBAL,PWRPETBRAXX,2036,0.0
GLOBAL,PWRPETBRAXX,2037,0.0
GLOBAL,PWRPETBRAXX,2038,0.0
GLOBAL,PWRPETBRAXX,2039,0.0
GLOBAL,PWRPETBRAXX,2040,0.0
GLOBAL,PWRPETBRAXX,2041,0.0
GLOBAL,PWRPETBRAXX,2042,0.0
GLOBAL,PWRPETBRAXX,2043,0.0
GLOBAL,PWRPETBRAXX,2044,0.0
GLOBAL,PWRPETBRAXX,2045,0.0
GLOBAL,PWRPETBRAXX,2046,0.0
GLOBAL,PWRPETBRAXX,2047,0.0
GLOBAL,PWRPETBRAXX,2048,0.0
GLOBAL,PWRPETBRAXX,2049,0.0
GLOBAL,PWRPETBRAXX,2050,0.0
GLOBAL,PWRPETBRBXX,2023,0.0
GLOBAL,PWRPETBRBXX,2024,0.0
GLOBAL,PWRPETBRBXX,2025,0.0
GLOBAL,PWRPETBRBXX,2026,0.0
GLOBAL,PWRPETBRBXX,2027,0.0
GLOBAL,PWRPETBRBXX,2028,0.0
GLOBAL,PWRPETBRBXX,2029,0.0
GLOBAL,PWRPETBRBXX,2030,0.0
GLOBAL,PWRPETBRBXX,2031,0.0
GLOBAL,PWRPETBRBXX,2032,0.0
GLOBAL,PWRPETBRBXX,2033,0.0
GLOBAL,PWRPETBRBXX,2034,0.0
GLOBAL,PWRPETBRBXX,2035,0.0
GLOBAL,PWRPETBRBXX,2036,0.0
GLOBAL,PWRPETBRBXX,2037,0.0
GLOBAL,PWRPETBRBXX,2038,0.0
GLOBAL,PWRPETBRBXX,2039,0.0
GLOBAL,PWRPETBRBXX,2040,0.0
GLOBAL,PWRPETBRBXX,2041,0.0
GLOBAL,PWRPETBRBXX,2042,0.0
GLOBAL,PWRPETBRBXX,2043,0.0
GLOBAL,PWRPETBRBXX,2044,0.0
GLOBAL,PWRPETBRBXX,2045,0.0
GLOBAL,PWRPETBRBXX,2046,0.0
GLOBAL,PWRPETBRBXX,2047,0.0
GLOBAL,PWRPETBRBXX,2048,0.0
GLOBAL,PWRPETBRBXX,2049,0.0
GLOBAL,PWRPETBRBXX,2050,0.0
GLOBAL,PWRPETCHLXX,2023,0.0
GLOBAL,PWRPETCHLXX,2024,0.0
GLOBAL,PWRPETCHLXX,2025,0.0
GLOBAL,PWRPETCHLXX,2026,0.0
GLOBAL,PWRPETCHLXX,2027,0.0
GLOBAL,PWRPETCHLXX,2028,0.0
GLOBAL,PWRPETCHLXX,2029,0.0
GLOBAL,PWRPETCHLXX,2030,0.0
GLOBAL,PWRPETCHLXX,2031,0.0
GLOBAL,PWRPETCHLXX,2032,0.0
GLOBAL,PWRPETCHLXX,2033,0.0
GLOBAL,PWRPETCHLXX,2034,0.0
GLOBAL,PWRPETCHLXX,2035,0.0
GLOBAL,PWRPETCHLXX,2036,0.0
GLOBAL,PWRPETCHLXX,2037,0.0
GLOBAL,PWRPETCHLXX,2038,0.0
GLOBAL,PWRPETCHLXX,2039,0.0
GLOBAL,PWRPETCHLXX,2040,0.0
GLOBAL,PWRPETCHLXX,2041,0.0
GLOBAL,PWRPETCHLXX,2042,0.0
GLOBAL,PWRPETCHLXX,2043,0.0
GLOBAL,PWRPETCHLXX,2044,0.0
GLOBAL,PWRPETCHLXX,2045,0.0
GLOBAL,PWRPETCHLXX,2046,0.0
GLOBAL,PWRPETCHLXX,2047,0.0
GLOBAL,PWRPETCHLXX,2048,0.0
GLOBAL,PWRPETCHLXX,2049,0.0
GLOBAL,PWRPETCHLXX,2050,0.0
GLOBAL,PWRPETCOLXX,2023,0.0
GLOBAL,PWRPETCOLXX,2024,0.0
GLOBAL,PWRPETCOLXX,2025,0.0
GLOBAL,PWRPETCOLXX,2026,0.0
GLOBAL,PWRPETCOLXX,2027,0.0
GLOBAL,PWRPETCOLXX,2028,0.0
GLOBAL,PWRPETCOLXX,2029,0.0
GLOBAL,PWRPETCOLXX,2030,0.0
GLOBAL,PWRPETCOLXX,2031,0.0
GLOBAL,PWRPETCOLXX,2032,0.0
GLOBAL,PWRPETCOLXX,2033,0.0
GLOBAL,PWRPETCOLXX,2034,0.0
GLOBAL,PWRPETCOLXX,2035,0.0
GLOBAL,PWRPETCOLXX,2036,0.0
GLOBAL,PWRPETCOLXX,2037,0.0
GLOBAL,PWRPETCOLXX,2038,0.0
GLOBAL,PWRPETCOLXX,2039,0.0
GLOBAL,PWRPETCOLXX,2040,0.0
GLOBAL,PWRPETCOLXX,2041,0.0
GLOBAL,PWRPETCOLXX,2042,0.0
GLOBAL,PWRPETCOLXX,2043,0.0
GLOBAL,PWRPETCOLXX,2044,0.0
GLOBAL,PWRPETCOLXX,2045,0.0
GLOBAL,PWRPETCOLXX,2046,0.0
GLOBAL,PWRPETCOLXX,2047,0.0
GLOBAL,PWRPETCOLXX,2048,0.0
GLOBAL,PWRPETCOLXX,2049,0.0
GLOBAL,PWRPETCOLXX,2050,0.0
GLOBAL,PWRPETCRIXX,2023,0.0
GLOBAL,PWRPETCRIXX,2024,0.0
GLOBAL,PWRPETCRIXX,2025,0.0
GLOBAL,PWRPETCRIXX,2026,0.0
GLOBAL,PWRPETCRIXX,2027,0.0
GLOBAL,PWRPETCRIXX,2028,0.0
GLOBAL,PWRPETCRIXX,2029,0.0
GLOBAL,PWRPETCRIXX,2030,0.0
GLOBAL,PWRPETCRIXX,2031,0.0
GLOBAL,PWRPETCRIXX,2032,0.0
GLOBAL,PWRPETCRIXX,2033,0.0
GLOBAL,PWRPETCRIXX,2034,0.0
GLOBAL,PWRPETCRIXX,2035,0.0
GLOBAL,PWRPETCRIXX,2036,0.0
GLOBAL,PWRPETCRIXX,2037,0.0
GLOBAL,PWRPETCRIXX,2038,0.0
GLOBAL,PWRPETCRIXX,2039,0.0
GLOBAL,PWRPETCRIXX,2040,0.0
GLOBAL,PWRPETCRIXX,2041,0.0
GLOBAL,PWRPETCRIXX,2042,0.0
GLOBAL,PWRPETCRIXX,2043,0.0
GLOBAL,PWRPETCRIXX,2044,0.0
GLOBAL,PWRPETCRIXX,2045,0.0
GLOBAL,PWRPETCRIXX,2046,0.0
GLOBAL,PWRPETCRIXX,2047,0.0
GLOBAL,PWRPETCRIXX,2048,0.0
GLOBAL,PWRPETCRIXX,2049,0.0
GLOBAL,PWRPETCRIXX,2050,0.0
GLOBAL,PWRPETDOMXX,2023,0.0
GLOBAL,PWRPETDOMXX,2024,0.0
GLOBAL,PWRPETDOMXX,2025,0.0
GLOBAL,PWRPETDOMXX,2026,0.0
GLOBAL,PWRPETDOMXX,2027,0.0
GLOBAL,PWRPETDOMXX,2028,0.0
GLOBAL,PWRPETDOMXX,2029,0.0
GLOBAL,PWRPETDOMXX,2030,0.0
GLOBAL,PWRPETDOMXX,2031,0.0
GLOBAL,PWRPETDOMXX,2032,0.0
GLOBAL,PWRPETDOMXX,2033,0.0
GLOBAL,PWRPETDOMXX,2034,0.0
GLOBAL,PWRPETDOMXX,2035,0.0
GLOBAL,PWRPETDOMXX,2036,0.0
GLOBAL,PWRPETDOMXX,2037,0.0
GLOBAL,PWRPETDOMXX,2038,0.0
GLOBAL,PWRPETDOMXX,2039,0.0
GLOBAL,PWRPETDOMXX,2040,0.0
GLOBAL,PWRPETDOMXX,2041,0.0
GLOBAL,PWRPETDOMXX,2042,0.0
GLOBAL,PWRPETDOMXX,2043,0.0
GLOBAL,PWRPETDOMXX,2044,0.0
GLOBAL,PWRPETDOMXX,2045,0.0
GLOBAL,PWRPETDOMXX,2046,0.0
GLOBAL,PWRPETDOMXX,2047,0.0
GLOBAL,PWRPETDOMXX,2048,0.0
GLOBAL,PWRPETDOMXX,2049,0.0
GLOBAL,PWRPETDOMXX,2050,0.0
GLOBAL,PWRPETECUXX,2023,0.0
GLOBAL,PWRPETECUXX,2024,0.0
GLOBAL,PWRPETECUXX,2025,0.0
GLOBAL,PWRPETECUXX,2026,0.0
GLOBAL,PWRPETECUXX,2027,0.0
GLOBAL,PWRPETECUXX,2028,0.0
GLOBAL,PWRPETECUXX,2029,0.0
GLOBAL,PWRPETECUXX,2030,0.0
GLOBAL,PWRPETECUXX,2031,0.0
GLOBAL,PWRPETECUXX,2032,0.0
GLOBAL,PWRPETECUXX,2033,0.0
GLOBAL,PWRPETECUXX,2034,0.0
GLOBAL,PWRPETECUXX,2035,0.0
GLOBAL,PWRPETECUXX,2036,0.0
GLOBAL,PWRPETECUXX,2037,0.0
GLOBAL,PWRPETECUXX,2038,0.0
GLOBAL,PWRPETECUXX,2039,0.0
GLOBAL,PWRPETECUXX,2040,0.0
GLOBAL,PWRPETECUXX,2041,0.0
GLOBAL,PWRPETECUXX,2042,0.0
GLOBAL,PWRPETECUXX,2043,0.0
GLOBAL,PWRPETECUXX,2044,0.0
GLOBAL,PWRPETECUXX,2045,0.0
GLOBAL,PWRPETECUXX,2046,0.0
GLOBAL,PWRPETECUXX,2047,0.0
GLOBAL,PWRPETECUXX,2048,0.0
GLOBAL,PWRPETECUXX,2049,0.0
GLOBAL,PWRPETECUXX,2050,0.0
GLOBAL,PWRPETGTMXX,2023,0.0
GLOBAL,PWRPETGTMXX,2024,0.0
GLOBAL,PWRPETGTMXX,2025,0.0
GLOBAL,PWRPETGTMXX,2026,0.0
GLOBAL,PWRPETGTMXX,2027,0.0
GLOBAL,PWRPETGTMXX,2028,0.0
GLOBAL,PWRPETGTMXX,2029,0.0
GLOBAL,PWRPETGTMXX,2030,0.0
GLOBAL,PWRPETGTMXX,2031,0.0
GLOBAL,PWRPETGTMXX,2032,0.0
GLOBAL,PWRPETGTMXX,2033,0.0
GLOBAL,PWRPETGTMXX,2034,0.0
GLOBAL,PWRPETGTMXX,2035,0.0
GLOBAL,PWRPETGTMXX,2036,0.0
GLOBAL,PWRPETGTMXX,2037,0.0
GLOBAL,PWRPETGTMXX,2038,0.0
GLOBAL,PWRPETGTMXX,2039,0.0
GLOBAL,PWRPETGTMXX,2040,0.0
GLOBAL,PWRPETGTMXX,2041,0.0
GLOBAL,PWRPETGTMXX,2042,0.0
GLOBAL,PWRPETGTMXX,2043,0.0
GLOBAL,PWRPETGTMXX,2044,0.0
GLOBAL,PWRPETGTMXX,2045,0.0
GLOBAL,PWRPETGTMXX,2046,0.0
GLOBAL,PWRPETGTMXX,2047,0.0
GLOBAL,PWRPETGTMXX,2048,0.0
GLOBAL,PWRPETGTMXX,2049,0.0
GLOBAL,PWRPETGTMXX,2050,0.0
GLOBAL,PWRPETHNDXX,2023,0.0
GLOBAL,PWRPETHNDXX,2024,0.0
GLOBAL,PWRPETHNDXX,2025,0.0
GLOBAL,PWRPETHNDXX,2026,0.0
GLOBAL,PWRPETHNDXX,2027,0.0
GLOBAL,PWRPETHNDXX,2028,0.0
GLOBAL,PWRPETHNDXX,2029,0.0
GLOBAL,PWRPETHNDXX,2030,0.0
GLOBAL,PWRPETHNDXX,2031,0.0
GLOBAL,PWRPETHNDXX,2032,0.0
GLOBAL,PWRPETHNDXX,2033,0.0
GLOBAL,PWRPETHNDXX,2034,0.0
GLOBAL,PWRPETHNDXX,2035,0.0
GLOBAL,PWRPETHNDXX,2036,0.0
GLOBAL,PWRPETHNDXX,2037,0.0
GLOBAL,PWRPETHNDXX,2038,0.0
GLOBAL,PWRPETHNDXX,2039,0.0
GLOBAL,PWRPETHNDXX,2040,0.0
GLOBAL,PWRPETHNDXX,2041,0.0
GLOBAL,PWRPETHNDXX,2042,0.0
GLOBAL,PWRPETHNDXX,2043,0.0
GLOBAL,PWRPETHNDXX,2044,0.0
GLOBAL,PWRPETHNDXX,2045,0.0
GLOBAL,PWRPETHNDXX,2046,0.0
GLOBAL,PWRPETHNDXX,2047,0.0
GLOBAL,PWRPETHNDXX,2048,0.0
GLOBAL,PWRPETHNDXX,2049,0.0
GLOBAL,PWRPETHNDXX,2050,0.0
GLOBAL,PWRPETHTIXX,2023,0.0
GLOBAL,PWRPETHTIXX,2024,0.0
GLOBAL,PWRPETHTIXX,2025,0.0
GLOBAL,PWRPETHTIXX,2026,0.0
GLOBAL,PWRPETHTIXX,2027,0.0
GLOBAL,PWRPETHTIXX,2028,0.0
GLOBAL,PWRPETHTIXX,2029,0.0
GLOBAL,PWRPETHTIXX,2030,0.0
GLOBAL,PWRPETHTIXX,2031,0.0
GLOBAL,PWRPETHTIXX,2032,0.0
GLOBAL,PWRPETHTIXX,2033,0.0
GLOBAL,PWRPETHTIXX,2034,0.0
GLOBAL,PWRPETHTIXX,2035,0.0
GLOBAL,PWRPETHTIXX,2036,0.0
GLOBAL,PWRPETHTIXX,2037,0.0
GLOBAL,PWRPETHTIXX,2038,0.0
GLOBAL,PWRPETHTIXX,2039,0.0
GLOBAL,PWRPETHTIXX,2040,0.0
GLOBAL,PWRPETHTIXX,2041,0.0
GLOBAL,PWRPETHTIXX,2042,0.0
GLOBAL,PWRPETHTIXX,2043,0.0
GLOBAL,PWRPETHTIXX,2044,0.0
GLOBAL,PWRPETHTIXX,2045,0.0
GLOBAL,PWRPETHTIXX,2046,0.0
GLOBAL,PWRPETHTIXX,2047,0.0
GLOBAL,PWRPETHTIXX,2048,0.0
GLOBAL,PWRPETHTIXX,2049,0.0
GLOBAL,PWRPETHTIXX,2050,0.0
GLOBAL,PWRPETMEXXX,2023,0.0
GLOBAL,PWRPETMEXXX,2024,0.0
GLOBAL,PWRPETMEXXX,2025,0.0
GLOBAL,PWRPETMEXXX,2026,0.0
GLOBAL,PWRPETMEXXX,2027,0.0
GLOBAL,PWRPETMEXXX,2028,0.0
GLOBAL,PWRPETMEXXX,2029,0.0
GLOBAL,PWRPETMEXXX,2030,0.0
GLOBAL,PWRPETMEXXX,2031,0.0
GLOBAL,PWRPETMEXXX,2032,0.0
GLOBAL,PWRPETMEXXX,2033,0.0
GLOBAL,PWRPETMEXXX,2034,0.0
GLOBAL,PWRPETMEXXX,2035,0.0
GLOBAL,PWRPETMEXXX,2036,0.0
GLOBAL,PWRPETMEXXX,2037,0.0
GLOBAL,PWRPETMEXXX,2038,0.0
GLOBAL,PWRPETMEXXX,2039,0.0
GLOBAL,PWRPETMEXXX,2040,0.0
GLOBAL,PWRPETMEXXX,2041,0.0
GLOBAL,PWRPETMEXXX,2042,0.0
GLOBAL,PWRPETMEXXX,2043,0.0
GLOBAL,PWRPETMEXXX,2044,0.0
GLOBAL,PWRPETMEXXX,2045,0.0
GLOBAL,PWRPETMEXXX,2046,0.0
GLOBAL,PWRPETMEXXX,2047,0.0
GLOBAL,PWRPETMEXXX,2048,0.0
GLOBAL,PWRPETMEXXX,2049,0.0
GLOBAL,PWRPETMEXXX,2050,0.0
GLOBAL,PWRPETNICXX,2023,0.0
GLOBAL,PWRPETNICXX,2024,0.0
GLOBAL,PWRPETNICXX,2025,0.0
GLOBAL,PWRPETNICXX,2026,0.0
GLOBAL,PWRPETNICXX,2027,0.0
GLOBAL,PWRPETNICXX,2028,0.0
GLOBAL,PWRPETNICXX,2029,0.0
GLOBAL,PWRPETNICXX,2030,0.0
GLOBAL,PWRPETNICXX,2031,0.0
GLOBAL,PWRPETNICXX,2032,0.0
GLOBAL,PWRPETNICXX,2033,0.0
GLOBAL,PWRPETNICXX,2034,0.0
GLOBAL,PWRPETNICXX,2035,0.0
GLOBAL,PWRPETNICXX,2036,0.0
GLOBAL,PWRPETNICXX,2037,0.0
GLOBAL,PWRPETNICXX,2038,0.0
GLOBAL,PWRPETNICXX,2039,0.0
GLOBAL,PWRPETNICXX,2040,0.0
GLOBAL,PWRPETNICXX,2041,0.0
GLOBAL,PWRPETNICXX,2042,0.0
GLOBAL,PWRPETNICXX,2043,0.0
GLOBAL,PWRPETNICXX,2044,0.0
GLOBAL,PWRPETNICXX,2045,0.0
GLOBAL,PWRPETNICXX,2046,0.0
GLOBAL,PWRPETNICXX,2047,0.0
GLOBAL,PWRPETNICXX,2048,0.0
GLOBAL,PWRPETNICXX,2049,0.0
GLOBAL,PWRPETNICXX,2050,0.0
GLOBAL,PWRPETPANXX,2023,0.0
GLOBAL,PWRPETPANXX,2024,0.0
GLOBAL,PWRPETPANXX,2025,0.0
GLOBAL,PWRPETPANXX,2026,0.0
GLOBAL,PWRPETPANXX,2027,0.0
GLOBAL,PWRPETPANXX,2028,0.0
GLOBAL,PWRPETPANXX,2029,0.0
GLOBAL,PWRPETPANXX,2030,0.0
GLOBAL,PWRPETPANXX,2031,0.0
GLOBAL,PWRPETPANXX,2032,0.0
GLOBAL,PWRPETPANXX,2033,0.0
GLOBAL,PWRPETPANXX,2034,0.0
GLOBAL,PWRPETPANXX,2035,0.0
GLOBAL,PWRPETPANXX,2036,0.0
GLOBAL,PWRPETPANXX,2037,0.0
GLOBAL,PWRPETPANXX,2038,0.0
GLOBAL,PWRPETPANXX,2039,0.0
GLOBAL,PWRPETPANXX,2040,0.0
GLOBAL,PWRPETPANXX,2041,0.0
GLOBAL,PWRPETPANXX,2042,0.0
GLOBAL,PWRPETPANXX,2043,0.0
GLOBAL,PWRPETPANXX,2044,0.0
GLOBAL,PWRPETPANXX,2045,0.0
GLOBAL,PWRPETPANXX,2046,0.0
GLOBAL,PWRPETPANXX,2047,0.0
GLOBAL,PWRPETPANXX,2048,0.0
GLOBAL,PWRPETPANXX,2049,0.0
GLOBAL,PWRPETPANXX,2050,0.0
GLOBAL,PWRPETPERXX,2023,0.0
GLOBAL,PWRPETPERXX,2024,0.0
GLOBAL,PWRPETPERXX,2025,0.0
GLOBAL,PWRPETPERXX,2026,0.0
GLOBAL,PWRPETPERXX,2027,0.0
GLOBAL,PWRPETPERXX,2028,0.0
GLOBAL,PWRPETPERXX,2029,0.0
GLOBAL,PWRPETPERXX,2030,0.0
GLOBAL,PWRPETPERXX,2031,0.0
GLOBAL,PWRPETPERXX,2032,0.0
GLOBAL,PWRPETPERXX,2033,0.0
GLOBAL,PWRPETPERXX,2034,0.0
GLOBAL,PWRPETPERXX,2035,0.0
GLOBAL,PWRPETPERXX,2036,0.0
GLOBAL,PWRPETPERXX,2037,0.0
GLOBAL,PWRPETPERXX,2038,0.0
GLOBAL,PWRPETPERXX,2039,0.0
GLOBAL,PWRPETPERXX,2040,0.0
GLOBAL,PWRPETPERXX,2041,0.0
GLOBAL,PWRPETPERXX,2042,0.0
GLOBAL,PWRPETPERXX,2043,0.0
GLOBAL,PWRPETPERXX,2044,0.0
GLOBAL,PWRPETPERXX,2045,0.0
GLOBAL,PWRPETPERXX,2046,0.0
GLOBAL,PWRPETPERXX,2047,0.0
GLOBAL,PWRPETPERXX,2048,0.0
GLOBAL,PWRPETPERXX,2049,0.0
GLOBAL,PWRPETPERXX,2050,0.0
GLOBAL,PWRPETPRYXX,2023,0.0
GLOBAL,PWRPETPRYXX,2024,0.0
GLOBAL,PWRPETPRYXX,2025,0.0
GLOBAL,PWRPETPRYXX,2026,0.0
GLOBAL,PWRPETPRYXX,2027,0.0
GLOBAL,PWRPETPRYXX,2028,0.0
GLOBAL,PWRPETPRYXX,2029,0.0
GLOBAL,PWRPETPRYXX,2030,0.0
GLOBAL,PWRPETPRYXX,2031,0.0
GLOBAL,PWRPETPRYXX,2032,0.0
GLOBAL,PWRPETPRYXX,2033,0.0
GLOBAL,PWRPETPRYXX,2034,0.0
GLOBAL,PWRPETPRYXX,2035,0.0
GLOBAL,PWRPETPRYXX,2036,0.0
GLOBAL,PWRPETPRYXX,2037,0.0
GLOBAL,PWRPETPRYXX,2038,0.0
GLOBAL,PWRPETPRYXX,2039,0.0
GLOBAL,PWRPETPRYXX,2040,0.0
GLOBAL,PWRPETPRYXX,2041,0.0
GLOBAL,PWRPETPRYXX,2042,0.0
GLOBAL,PWRPETPRYXX,2043,0.0
GLOBAL,PWRPETPRYXX,2044,0.0
GLOBAL,PWRPETPRYXX,2045,0.0
GLOBAL,PWRPETPRYXX,2046,0.0
GLOBAL,PWRPETPRYXX,2047,0.0
GLOBAL,PWRPETPRYXX,2048,0.0
GLOBAL,PWRPETPRYXX,2049,0.0
GLOBAL,PWRPETPRYXX,2050,0.0
GLOBAL,PWRPETSLVXX,2023,0.0
GLOBAL,PWRPETSLVXX,2024,0.0
GLOBAL,PWRPETSLVXX,2025,0.0
GLOBAL,PWRPETSLVXX,2026,0.0
GLOBAL,PWRPETSLVXX,2027,0.0
GLOBAL,PWRPETSLVXX,2028,0.0
GLOBAL,PWRPETSLVXX,2029,0.0
GLOBAL,PWRPETSLVXX,2030,0.0
GLOBAL,PWRPETSLVXX,2031,0.0
GLOBAL,PWRPETSLVXX,2032,0.0
GLOBAL,PWRPETSLVXX,2033,0.0
GLOBAL,PWRPETSLVXX,2034,0.0
GLOBAL,PWRPETSLVXX,2035,0.0
GLOBAL,PWRPETSLVXX,2036,0.0
GLOBAL,PWRPETSLVXX,2037,0.0
GLOBAL,PWRPETSLVXX,2038,0.0
GLOBAL,PWRPETSLVXX,2039,0.0
GLOBAL,PWRPETSLVXX,2040,0.0
GLOBAL,PWRPETSLVXX,2041,0.0
GLOBAL,PWRPETSLVXX,2042,0.0
GLOBAL,PWRPETSLVXX,2043,0.0
GLOBAL,PWRPETSLVXX,2044,0.0
GLOBAL,PWRPETSLVXX,2045,0.0
GLOBAL,PWRPETSLVXX,2046,0.0
GLOBAL,PWRPETSLVXX,2047,0.0
GLOBAL,PWRPETSLVXX,2048,0.0
GLOBAL,PWRPETSLVXX,2049,0.0
GLOBAL,PWRPETSLVXX,2050,0.0
GLOBAL,PWRPETURYXX,2023,0.0
GLOBAL,PWRPETURYXX,2024,0.0
GLOBAL,PWRPETURYXX,2025,0.0
GLOBAL,PWRPETURYXX,2026,0.0
GLOBAL,PWRPETURYXX,2027,0.0
GLOBAL,PWRPETURYXX,2028,0.0
GLOBAL,PWRPETURYXX,2029,0.0
GLOBAL,PWRPETURYXX,2030,0.0
GLOBAL,PWRPETURYXX,2031,0.0
GLOBAL,PWRPETURYXX,2032,0.0
GLOBAL,PWRPETURYXX,2033,0.0
GLOBAL,PWRPETURYXX,2034,0.0
GLOBAL,PWRPETURYXX,2035,0.0
GLOBAL,PWRPETURYXX,2036,0.0
GLOBAL,PWRPETURYXX,2037,0.0
GLOBAL,PWRPETURYXX,2038,0.0
GLOBAL,PWRPETURYXX,2039,0.0
GLOBAL,PWRPETURYXX,2040,0.0
GLOBAL,PWRPETURYXX,2041,0.0
GLOBAL,PWRPETURYXX,2042,0.0
GLOBAL,PWRPETURYXX,2043,0.0
GLOBAL,PWRPETURYXX,2044,0.0
GLOBAL,PWRPETURYXX,2045,0.0
GLOBAL,PWRPETURYXX,2046,0.0
GLOBAL,PWRPETURYXX,2047,0.0
GLOBAL,PWRPETURYXX,2048,0.0
GLOBAL,PWRPETURYXX,2049,0.0
GLOBAL,PWRPETURYXX,2050,0.0
GLOBAL,PWRURNARGXX,2023,0.0
GLOBAL,PWRURNARGXX,2024,0.0
GLOBAL,PWRURNARGXX,2025,0.0
GLOBAL,PWRURNARGXX,2026,0.0
GLOBAL,PWRURNARGXX,2027,0.0
GLOBAL,PWRURNARGXX,2028,0.0
GLOBAL,PWRURNARGXX,2029,0.0
GLOBAL,PWRURNARGXX,2030,0.0
GLOBAL,PWRURNARGXX,2031,0.0
GLOBAL,PWRURNARGXX,2032,0.0
GLOBAL,PWRURNARGXX,2033,0.0
GLOBAL,PWRURNARGXX,2034,0.0
GLOBAL,PWRURNARGXX,2035,0.0
GLOBAL,PWRURNARGXX,2036,0.0
GLOBAL,PWRURNARGXX,2037,0.0
GLOBAL,PWRURNARGXX,2038,0.0
GLOBAL,PWRURNARGXX,2039,0.0
GLOBAL,PWRURNARGXX,2040,0.0
GLOBAL,PWRURNARGXX,2041,0.0
GLOBAL,PWRURNARGXX,2042,0.0
GLOBAL,PWRURNARGXX,2043,0.0
GLOBAL,PWRURNARGXX,2044,0.0
GLOBAL,PWRURNARGXX,2045,0.0
GLOBAL,PWRURNARGXX,2046,0.0
GLOBAL,PWRURNARGXX,2047,0.0
GLOBAL,PWRURNARGXX,2048,0.0
GLOBAL,PWRURNARGXX,2049,0.0
GLOBAL,PWRURNARGXX,2050,0.0
GLOBAL,PWRURNBOLXX,2023,0.0
GLOBAL,PWRURNBOLXX,2024,0.0
GLOBAL,PWRURNBOLXX,2025,0.0
GLOBAL,PWRURNBOLXX,2026,0.0
GLOBAL,PWRURNBOLXX,2027,0.0
GLOBAL,PWRURNBOLXX,2028,0.0
GLOBAL,PWRURNBOLXX,2029,0.0
GLOBAL,PWRURNBOLXX,2030,0.0
GLOBAL,PWRURNBOLXX,2031,0.0
GLOBAL,PWRURNBOLXX,2032,0.0
GLOBAL,PWRURNBOLXX,2033,0.0
GLOBAL,PWRURNBOLXX,2034,0.0
GLOBAL,PWRURNBOLXX,2035,0.0
GLOBAL,PWRURNBOLXX,2036,0.0
GLOBAL,PWRURNBOLXX,2037,0.0
GLOBAL,PWRURNBOLXX,2038,0.0
GLOBAL,PWRURNBOLXX,2039,0.0
GLOBAL,PWRURNBOLXX,2040,0.0
GLOBAL,PWRURNBOLXX,2041,0.0
GLOBAL,PWRURNBOLXX,2042,0.0
GLOBAL,PWRURNBOLXX,2043,0.0
GLOBAL,PWRURNBOLXX,2044,0.0
GLOBAL,PWRURNBOLXX,2045,0.0
GLOBAL,PWRURNBOLXX,2046,0.0
GLOBAL,PWRURNBOLXX,2047,0.0
GLOBAL,PWRURNBOLXX,2048,0.0
GLOBAL,PWRURNBOLXX,2049,0.0
GLOBAL,PWRURNBOLXX,2050,0.0
GLOBAL,PWRURNBRAXX,2023,0.0
GLOBAL,PWRURNBRAXX,2024,0.0
GLOBAL,PWRURNBRAXX,2025,0.0
GLOBAL,PWRURNBRAXX,2026,0.0
GLOBAL,PWRURNBRAXX,2027,0.0
GLOBAL,PWRURNBRAXX,2028,0.0
GLOBAL,PWRURNBRAXX,2029,0.0
GLOBAL,PWRURNBRAXX,2030,0.0
GLOBAL,PWRURNBRAXX,2031,0.0
GLOBAL,PWRURNBRAXX,2032,0.0
GLOBAL,PWRURNBRAXX,2033,0.0
GLOBAL,PWRURNBRAXX,2034,0.0
GLOBAL,PWRURNBRAXX,2035,0.0
GLOBAL,PWRURNBRAXX,2036,0.0
GLOBAL,PWRURNBRAXX,2037,0.0
GLOBAL,PWRURNBRAXX,2038,0.0
GLOBAL,PWRURNBRAXX,2039,0.0
GLOBAL,PWRURNBRAXX,2040,0.0
GLOBAL,PWRURNBRAXX,2041,0.0
GLOBAL,PWRURNBRAXX,2042,0.0
GLOBAL,PWRURNBRAXX,2043,0.0
GLOBAL,PWRURNBRAXX,2044,0.0
GLOBAL,PWRURNBRAXX,2045,0.0
GLOBAL,PWRURNBRAXX,2046,0.0
GLOBAL,PWRURNBRAXX,2047,0.0
GLOBAL,PWRURNBRAXX,2048,0.0
GLOBAL,PWRURNBRAXX,2049,0.0
GLOBAL,PWRURNBRAXX,2050,0.0
GLOBAL,PWRURNBRBXX,2023,0.0
GLOBAL,PWRURNBRBXX,2024,0.0
GLOBAL,PWRURNBRBXX,2025,0.0
GLOBAL,PWRURNBRBXX,2026,0.0
GLOBAL,PWRURNBRBXX,2027,0.0
GLOBAL,PWRURNBRBXX,2028,0.0
GLOBAL,PWRURNBRBXX,2029,0.0
GLOBAL,PWRURNBRBXX,2030,0.0
GLOBAL,PWRURNBRBXX,2031,0.0
GLOBAL,PWRURNBRBXX,2032,0.0
GLOBAL,PWRURNBRBXX,2033,0.0
GLOBAL,PWRURNBRBXX,2034,0.0
GLOBAL,PWRURNBRBXX,2035,0.0
GLOBAL,PWRURNBRBXX,2036,0.0
GLOBAL,PWRURNBRBXX,2037,0.0
GLOBAL,PWRURNBRBXX,2038,0.0
GLOBAL,PWRURNBRBXX,2039,0.0
GLOBAL,PWRURNBRBXX,2040,0.0
GLOBAL,PWRURNBRBXX,2041,0.0
GLOBAL,PWRURNBRBXX,2042,0.0
GLOBAL,PWRURNBRBXX,2043,0.0
GLOBAL,PWRURNBRBXX,2044,0.0
GLOBAL,PWRURNBRBXX,2045,0.0
GLOBAL,PWRURNBRBXX,2046,0.0
GLOBAL,PWRURNBRBXX,2047,0.0
GLOBAL,PWRURNBRBXX,2048,0.0
GLOBAL,PWRURNBRBXX,2049,0.0
GLOBAL,PWRURNBRBXX,2050,0.0
GLOBAL,PWRURNCHLXX,2023,0.0
GLOBAL,PWRURNCHLXX,2024,0.0
GLOBAL,PWRURNCHLXX,2025,0.0
GLOBAL,PWRURNCHLXX,2026,0.0
GLOBAL,PWRURNCHLXX,2027,0.0
GLOBAL,PWRURNCHLXX,2028,0.0
GLOBAL,PWRURNCHLXX,2029,0.0
GLOBAL,PWRURNCHLXX,2030,0.0
GLOBAL,PWRURNCHLXX,2031,0.0
GLOBAL,PWRURNCHLXX,2032,0.0
GLOBAL,PWRURNCHLXX,2033,0.0
GLOBAL,PWRURNCHLXX,2034,0.0
GLOBAL,PWRURNCHLXX,2035,0.0
GLOBAL,PWRURNCHLXX,2036,0.0
GLOBAL,PWRURNCHLXX,2037,0.0
GLOBAL,PWRURNCHLXX,2038,0.0
GLOBAL,PWRURNCHLXX,2039,0.0
GLOBAL,PWRURNCHLXX,2040,0.0
GLOBAL,PWRURNCHLXX,2041,0.0
GLOBAL,PWRURNCHLXX,2042,0.0
GLOBAL,PWRURNCHLXX,2043,0.0
GLOBAL,PWRURNCHLXX,2044,0.0
GLOBAL,PWRURNCHLXX,2045,0.0
GLOBAL,PWRURNCHLXX,2046,0.0
GLOBAL,PWRURNCHLXX,2047,0.0
GLOBAL,PWRURNCHLXX,2048,0.0
GLOBAL,PWRURNCHLXX,2049,0.0
GLOBAL,PWRURNCHLXX,2050,0.0
GLOBAL,PWRURNCOLXX,2023,0.0
GLOBAL,PWRURNCOLXX,2024,0.0
GLOBAL,PWRURNCOLXX,2025,0.0
GLOBAL,PWRURNCOLXX,2026,0.0
GLOBAL,PWRURNCOLXX,2027,0.0
GLOBAL,PWRURNCOLXX,2028,0.0
GLOBAL,PWRURNCOLXX,2029,0.0
GLOBAL,PWRURNCOLXX,2030,0.0
GLOBAL,PWRURNCOLXX,2031,0.0
GLOBAL,PWRURNCOLXX,2032,0.0
GLOBAL,PWRURNCOLXX,2033,0.0
GLOBAL,PWRURNCOLXX,2034,0.0
GLOBAL,PWRURNCOLXX,2035,0.0
GLOBAL,PWRURNCOLXX,2036,0.0
GLOBAL,PWRURNCOLXX,2037,0.0
GLOBAL,PWRURNCOLXX,2038,0.0
GLOBAL,PWRURNCOLXX,2039,0.0
GLOBAL,PWRURNCOLXX,2040,0.0
GLOBAL,PWRURNCOLXX,2041,0.0
GLOBAL,PWRURNCOLXX,2042,0.0
GLOBAL,PWRURNCOLXX,2043,0.0
GLOBAL,PWRURNCOLXX,2044,0.0
GLOBAL,PWRURNCOLXX,2045,0.0
GLOBAL,PWRURNCOLXX,2046,0.0
GLOBAL,PWRURNCOLXX,2047,0.0
GLOBAL,PWRURNCOLXX,2048,0.0
GLOBAL,PWRURNCOLXX,2049,0.0
GLOBAL,PWRURNCOLXX,2050,0.0
GLOBAL,PWRURNCRIXX,2023,0.0
GLOBAL,PWRURNCRIXX,2024,0.0
GLOBAL,PWRURNCRIXX,2025,0.0
GLOBAL,PWRURNCRIXX,2026,0.0
GLOBAL,PWRURNCRIXX,2027,0.0
GLOBAL,PWRURNCRIXX,2028,0.0
GLOBAL,PWRURNCRIXX,2029,0.0
GLOBAL,PWRURNCRIXX,2030,0.0
GLOBAL,PWRURNCRIXX,2031,0.0
GLOBAL,PWRURNCRIXX,2032,0.0
GLOBAL,PWRURNCRIXX,2033,0.0
GLOBAL,PWRURNCRIXX,2034,0.0
GLOBAL,PWRURNCRIXX,2035,0.0
GLOBAL,PWRURNCRIXX,2036,0.0
GLOBAL,PWRURNCRIXX,2037,0.0
GLOBAL,PWRURNCRIXX,2038,0.0
GLOBAL,PWRURNCRIXX,2039,0.0
GLOBAL,PWRURNCRIXX,2040,0.0
GLOBAL,PWRURNCRIXX,2041,0.0
GLOBAL,PWRURNCRIXX,2042,0.0
GLOBAL,PWRURNCRIXX,2043,0.0
GLOBAL,PWRURNCRIXX,2044,0.0
GLOBAL,PWRURNCRIXX,2045,0.0
GLOBAL,PWRURNCRIXX,2046,0.0
GLOBAL,PWRURNCRIXX,2047,0.0
GLOBAL,PWRURNCRIXX,2048,0.0
GLOBAL,PWRURNCRIXX,2049,0.0
GLOBAL,PWRURNCRIXX,2050,0.0
GLOBAL,PWRURNDOMXX,2023,0.0
GLOBAL,PWRURNDOMXX,2024,0.0
GLOBAL,PWRURNDOMXX,2025,0.0
GLOBAL,PWRURNDOMXX,2026,0.0
GLOBAL,PWRURNDOMXX,2027,0.0
GLOBAL,PWRURNDOMXX,2028,0.0
GLOBAL,PWRURNDOMXX,2029,0.0
GLOBAL,PWRURNDOMXX,2030,0.0
GLOBAL,PWRURNDOMXX,2031,0.0
GLOBAL,PWRURNDOMXX,2032,0.0
GLOBAL,PWRURNDOMXX,2033,0.0
GLOBAL,PWRURNDOMXX,2034,0.0
GLOBAL,PWRURNDOMXX,2035,0.0
GLOBAL,PWRURNDOMXX,2036,0.0
GLOBAL,PWRURNDOMXX,2037,0.0
GLOBAL,PWRURNDOMXX,2038,0.0
GLOBAL,PWRURNDOMXX,2039,0.0
GLOBAL,PWRURNDOMXX,2040,0.0
GLOBAL,PWRURNDOMXX,2041,0.0
GLOBAL,PWRURNDOMXX,2042,0.0
GLOBAL,PWRURNDOMXX,2043,0.0
GLOBAL,PWRURNDOMXX,2044,0.0
GLOBAL,PWRURNDOMXX,2045,0.0
GLOBAL,PWRURNDOMXX,2046,0.0
GLOBAL,PWRURNDOMXX,2047,0.0
GLOBAL,PWRURNDOMXX,2048,0.0
GLOBAL,PWRURNDOMXX,2049,0.0
GLOBAL,PWRURNDOMXX,2050,0.0
GLOBAL,PWRURNECUXX,2023,0.0
GLOBAL,PWRURNECUXX,2024,0.0
GLOBAL,PWRURNECUXX,2025,0.0
GLOBAL,PWRURNECUXX,2026,0.0
GLOBAL,PWRURNECUXX,2027,0.0
GLOBAL,PWRURNECUXX,2028,0.0
GLOBAL,PWRURNECUXX,2029,0.0
GLOBAL,PWRURNECUXX,2030,0.0
GLOBAL,PWRURNECUXX,2031,0.0
GLOBAL,PWRURNECUXX,2032,0.0
GLOBAL,PWRURNECUXX,2033,0.0
GLOBAL,PWRURNECUXX,2034,0.0
GLOBAL,PWRURNECUXX,2035,0.0
GLOBAL,PWRURNECUXX,2036,0.0
GLOBAL,PWRURNECUXX,2037,0.0
GLOBAL,PWRURNECUXX,2038,0.0
GLOBAL,PWRURNECUXX,2039,0.0
GLOBAL,PWRURNECUXX,2040,0.0
GLOBAL,PWRURNECUXX,2041,0.0
GLOBAL,PWRURNECUXX,2042,0.0
GLOBAL,PWRURNECUXX,2043,0.0
GLOBAL,PWRURNECUXX,2044,0.0
GLOBAL,PWRURNECUXX,2045,0.0
GLOBAL,PWRURNECUXX,2046,0.0
GLOBAL,PWRURNECUXX,2047,0.0
GLOBAL,PWRURNECUXX,2048,0.0
GLOBAL,PWRURNECUXX,2049,0.0
GLOBAL,PWRURNECUXX,2050,0.0
GLOBAL,PWRURNGTMXX,2023,0.0
GLOBAL,PWRURNGTMXX,2024,0.0
GLOBAL,PWRURNGTMXX,2025,0.0
GLOBAL,PWRURNGTMXX,2026,0.0
GLOBAL,PWRURNGTMXX,2027,0.0
GLOBAL,PWRURNGTMXX,2028,0.0
GLOBAL,PWRURNGTMXX,2029,0.0
GLOBAL,PWRURNGTMXX,2030,0.0
GLOBAL,PWRURNGTMXX,2031,0.0
GLOBAL,PWRURNGTMXX,2032,0.0
GLOBAL,PWRURNGTMXX,2033,0.0
GLOBAL,PWRURNGTMXX,2034,0.0
GLOBAL,PWRURNGTMXX,2035,0.0
GLOBAL,PWRURNGTMXX,2036,0.0
GLOBAL,PWRURNGTMXX,2037,0.0
GLOBAL,PWRURNGTMXX,2038,0.0
GLOBAL,PWRURNGTMXX,2039,0.0
GLOBAL,PWRURNGTMXX,2040,0.0
GLOBAL,PWRURNGTMXX,2041,0.0
GLOBAL,PWRURNGTMXX,2042,0.0
GLOBAL,PWRURNGTMXX,2043,0.0
GLOBAL,PWRURNGTMXX,2044,0.0
GLOBAL,PWRURNGTMXX,2045,0.0
GLOBAL,PWRURNGTMXX,2046,0.0
GLOBAL,PWRURNGTMXX,2047,0.0
GLOBAL,PWRURNGTMXX,2048,0.0
GLOBAL,PWRURNGTMXX,2049,0.0
GLOBAL,PWRURNGTMXX,2050,0.0
GLOBAL,PWRURNHNDXX,2023,0.0
GLOBAL,PWRURNHNDXX,2024,0.0
GLOBAL,PWRURNHNDXX,2025,0.0
GLOBAL,PWRURNHNDXX,2026,0.0
GLOBAL,PWRURNHNDXX,2027,0.0
GLOBAL,PWRURNHNDXX,2028,0.0
GLOBAL,PWRURNHNDXX,2029,0.0
GLOBAL,PWRURNHNDXX,2030,0.0
GLOBAL,PWRURNHNDXX,2031,0.0
GLOBAL,PWRURNHNDXX,2032,0.0
GLOBAL,PWRURNHNDXX,2033,0.0
GLOBAL,PWRURNHNDXX,2034,0.0
GLOBAL,PWRURNHNDXX,2035,0.0
GLOBAL,PWRURNHNDXX,2036,0.0
GLOBAL,PWRURNHNDXX,2037,0.0
GLOBAL,PWRURNHNDXX,2038,0.0
GLOBAL,PWRURNHNDXX,2039,0.0
GLOBAL,PWRURNHNDXX,2040,0.0
GLOBAL,PWRURNHNDXX,2041,0.0
GLOBAL,PWRURNHNDXX,2042,0.0
GLOBAL,PWRURNHNDXX,2043,0.0
GLOBAL,PWRURNHNDXX,2044,0.0
GLOBAL,PWRURNHNDXX,2045,0.0
GLOBAL,PWRURNHNDXX,2046,0.0
GLOBAL,PWRURNHNDXX,2047,0.0
GLOBAL,PWRURNHNDXX,2048,0.0
GLOBAL,PWRURNHNDXX,2049,0.0
GLOBAL,PWRURNHNDXX,2050,0.0
GLOBAL,PWRURNHTIXX,2023,0.0
GLOBAL,PWRURNHTIXX,2024,0.0
GLOBAL,PWRURNHTIXX,2025,0.0
GLOBAL,PWRURNHTIXX,2026,0.0
GLOBAL,PWRURNHTIXX,2027,0.0
GLOBAL,PWRURNHTIXX,2028,0.0
GLOBAL,PWRURNHTIXX,2029,0.0
GLOBAL,PWRURNHTIXX,2030,0.0
GLOBAL,PWRURNHTIXX,2031,0.0
GLOBAL,PWRURNHTIXX,2032,0.0
GLOBAL,PWRURNHTIXX,2033,0.0
GLOBAL,PWRURNHTIXX,2034,0.0
GLOBAL,PWRURNHTIXX,2035,0.0
GLOBAL,PWRURNHTIXX,2036,0.0
GLOBAL,PWRURNHTIXX,2037,0.0
GLOBAL,PWRURNHTIXX,2038,0.0
GLOBAL,PWRURNHTIXX,2039,0.0
GLOBAL,PWRURNHTIXX,2040,0.0
GLOBAL,PWRURNHTIXX,2041,0.0
GLOBAL,PWRURNHTIXX,2042,0.0
GLOBAL,PWRURNHTIXX,2043,0.0
GLOBAL,PWRURNHTIXX,2044,0.0
GLOBAL,PWRURNHTIXX,2045,0.0
GLOBAL,PWRURNHTIXX,2046,0.0
GLOBAL,PWRURNHTIXX,2047,0.0
GLOBAL,PWRURNHTIXX,2048,0.0
GLOBAL,PWRURNHTIXX,2049,0.0
GLOBAL,PWRURNHTIXX,2050,0.0
GLOBAL,PWRURNMEXXX,2023,0.0
GLOBAL,PWRURNMEXXX,2024,0.0
GLOBAL,PWRURNMEXXX,2025,0.0
GLOBAL,PWRURNMEXXX,2026,0.0
GLOBAL,PWRURNMEXXX,2027,0.0
GLOBAL,PWRURNMEXXX,2028,0.0
GLOBAL,PWRURNMEXXX,2029,0.0
GLOBAL,PWRURNMEXXX,2030,0.0
GLOBAL,PWRURNMEXXX,2031,0.0
GLOBAL,PWRURNMEXXX,2032,0.0
GLOBAL,PWRURNMEXXX,2033,0.0
GLOBAL,PWRURNMEXXX,2034,0.0
GLOBAL,PWRURNMEXXX,2035,0.0
GLOBAL,PWRURNMEXXX,2036,0.0
GLOBAL,PWRURNMEXXX,2037,0.0
GLOBAL,PWRURNMEXXX,2038,0.0
GLOBAL,PWRURNMEXXX,2039,0.0
GLOBAL,PWRURNMEXXX,2040,0.0
GLOBAL,PWRURNMEXXX,2041,0.0
GLOBAL,PWRURNMEXXX,2042,0.0
GLOBAL,PWRURNMEXXX,2043,0.0
GLOBAL,PWRURNMEXXX,2044,0.0
GLOBAL,PWRURNMEXXX,2045,0.0
GLOBAL,PWRURNMEXXX,2046,0.0
GLOBAL,PWRURNMEXXX,2047,0.0
GLOBAL,PWRURNMEXXX,2048,0.0
GLOBAL,PWRURNMEXXX,2049,0.0
GLOBAL,PWRURNMEXXX,2050,0.0
GLOBAL,PWRURNNICXX,2023,0.0
GLOBAL,PWRURNNICXX,2024,0.0
GLOBAL,PWRURNNICXX,2025,0.0
GLOBAL,PWRURNNICXX,2026,0.0
GLOBAL,PWRURNNICXX,2027,0.0
GLOBAL,PWRURNNICXX,2028,0.0
GLOBAL,PWRURNNICXX,2029,0.0
GLOBAL,PWRURNNICXX,2030,0.0
GLOBAL,PWRURNNICXX,2031,0.0
GLOBAL,PWRURNNICXX,2032,0.0
GLOBAL,PWRURNNICXX,2033,0.0
GLOBAL,PWRURNNICXX,2034,0.0
GLOBAL,PWRURNNICXX,2035,0.0
GLOBAL,PWRURNNICXX,2036,0.0
GLOBAL,PWRURNNICXX,2037,0.0
GLOBAL,PWRURNNICXX,2038,0.0
GLOBAL,PWRURNNICXX,2039,0.0
GLOBAL,PWRURNNICXX,2040,0.0
GLOBAL,PWRURNNICXX,2041,0.0
GLOBAL,PWRURNNICXX,2042,0.0
GLOBAL,PWRURNNICXX,2043,0.0
GLOBAL,PWRURNNICXX,2044,0.0
GLOBAL,PWRURNNICXX,2045,0.0
GLOBAL,PWRURNNICXX,2046,0.0
GLOBAL,PWRURNNICXX,2047,0.0
GLOBAL,PWRURNNICXX,2048,0.0
GLOBAL,PWRURNNICXX,2049,0.0
GLOBAL,PWRURNNICXX,2050,0.0
GLOBAL,PWRURNPANXX,2023,0.0
GLOBAL,PWRURNPANXX,2024,0.0
GLOBAL,PWRURNPANXX,2025,0.0
GLOBAL,PWRURNPANXX,2026,0.0
GLOBAL,PWRURNPANXX,2027,0.0
GLOBAL,PWRURNPANXX,2028,0.0
GLOBAL,PWRURNPANXX,2029,0.0
GLOBAL,PWRURNPANXX,2030,0.0
GLOBAL,PWRURNPANXX,2031,0.0
GLOBAL,PWRURNPANXX,2032,0.0
GLOBAL,PWRURNPANXX,2033,0.0
GLOBAL,PWRURNPANXX,2034,0.0
GLOBAL,PWRURNPANXX,2035,0.0
GLOBAL,PWRURNPANXX,2036,0.0
GLOBAL,PWRURNPANXX,2037,0.0
GLOBAL,PWRURNPANXX,2038,0.0
GLOBAL,PWRURNPANXX,2039,0.0
GLOBAL,PWRURNPANXX,2040,0.0
GLOBAL,PWRURNPANXX,2041,0.0
GLOBAL,PWRURNPANXX,2042,0.0
GLOBAL,PWRURNPANXX,2043,0.0
GLOBAL,PWRURNPANXX,2044,0.0
GLOBAL,PWRURNPANXX,2045,0.0
GLOBAL,PWRURNPANXX,2046,0.0
GLOBAL,PWRURNPANXX,2047,0.0
GLOBAL,PWRURNPANXX,2048,0.0
GLOBAL,PWRURNPANXX,2049,0.0
GLOBAL,PWRURNPANXX,2050,0.0
GLOBAL,PWRURNPERXX,2023,0.0
GLOBAL,PWRURNPERXX,2024,0.0
GLOBAL,PWRURNPERXX,2025,0.0
GLOBAL,PWRURNPERXX,2026,0.0
GLOBAL,PWRURNPERXX,2027,0.0
GLOBAL,PWRURNPERXX,2028,0.0
GLOBAL,PWRURNPERXX,2029,0.0
GLOBAL,PWRURNPERXX,2030,0.0
GLOBAL,PWRURNPERXX,2031,0.0
GLOBAL,PWRURNPERXX,2032,0.0
GLOBAL,PWRURNPERXX,2033,0.0
GLOBAL,PWRURNPERXX,2034,0.0
GLOBAL,PWRURNPERXX,2035,0.0
GLOBAL,PWRURNPERXX,2036,0.0
GLOBAL,PWRURNPERXX,2037,0.0
GLOBAL,PWRURNPERXX,2038,0.0
GLOBAL,PWRURNPERXX,2039,0.0
GLOBAL,PWRURNPERXX,2040,0.0
GLOBAL,PWRURNPERXX,2041,0.0
GLOBAL,PWRURNPERXX,2042,0.0
GLOBAL,PWRURNPERXX,2043,0.0
GLOBAL,PWRURNPERXX,2044,0.0
GLOBAL,PWRURNPERXX,2045,0.0
GLOBAL,PWRURNPERXX,2046,0.0
GLOBAL,PWRURNPERXX,2047,0.0
GLOBAL,PWRURNPERXX,2048,0.0
GLOBAL,PWRURNPERXX,2049,0.0
GLOBAL,PWRURNPERXX,2050,0.0
GLOBAL,PWRURNPRYXX,2023,0.0
GLOBAL,PWRURNPRYXX,2024,0.0
GLOBAL,PWRURNPRYXX,2025,0.0
GLOBAL,PWRURNPRYXX,2026,0.0
GLOBAL,PWRURNPRYXX,2027,0.0
GLOBAL,PWRURNPRYXX,2028,0.0
GLOBAL,PWRURNPRYXX,2029,0.0
GLOBAL,PWRURNPRYXX,2030,0.0
GLOBAL,PWRURNPRYXX,2031,0.0
GLOBAL,PWRURNPRYXX,2032,0.0
GLOBAL,PWRURNPRYXX,2033,0.0
GLOBAL,PWRURNPRYXX,2034,0.0
GLOBAL,PWRURNPRYXX,2035,0.0
GLOBAL,PWRURNPRYXX,2036,0.0
GLOBAL,PWRURNPRYXX,2037,0.0
GLOBAL,PWRURNPRYXX,2038,0.0
GLOBAL,PWRURNPRYXX,2039,0.0
GLOBAL,PWRURNPRYXX,2040,0.0
GLOBAL,PWRURNPRYXX,2041,0.0
GLOBAL,PWRURNPRYXX,2042,0.0
GLOBAL,PWRURNPRYXX,2043,0.0
GLOBAL,PWRURNPRYXX,2044,0.0
GLOBAL,PWRURNPRYXX,2045,0.0
GLOBAL,PWRURNPRYXX,2046,0.0
GLOBAL,PWRURNPRYXX,2047,0.0
GLOBAL,PWRURNPRYXX,2048,0.0
GLOBAL,PWRURNPRYXX,2049,0.0
GLOBAL,PWRURNPRYXX,2050,0.0
GLOBAL,PWRURNSLVXX,2023,0.0
GLOBAL,PWRURNSLVXX,2024,0.0
GLOBAL,PWRURNSLVXX,2025,0.0
GLOBAL,PWRURNSLVXX,2026,0.0
GLOBAL,PWRURNSLVXX,2027,0.0
GLOBAL,PWRURNSLVXX,2028,0.0
GLOBAL,PWRURNSLVXX,2029,0.0
GLOBAL,PWRURNSLVXX,2030,0.0
GLOBAL,PWRURNSLVXX,2031,0.0
GLOBAL,PWRURNSLVXX,2032,0.0
GLOBAL,PWRURNSLVXX,2033,0.0
GLOBAL,PWRURNSLVXX,2034,0.0
GLOBAL,PWRURNSLVXX,2035,0.0
GLOBAL,PWRURNSLVXX,2036,0.0
GLOBAL,PWRURNSLVXX,2037,0.0
GLOBAL,PWRURNSLVXX,2038,0.0
GLOBAL,PWRURNSLVXX,2039,0.0
GLOBAL,PWRURNSLVXX,2040,0.0
GLOBAL,PWRURNSLVXX,2041,0.0
GLOBAL,PWRURNSLVXX,2042,0.0
GLOBAL,PWRURNSLVXX,2043,0.0
GLOBAL,PWRURNSLVXX,2044,0.0
GLOBAL,PWRURNSLVXX,2045,0.0
GLOBAL,PWRURNSLVXX,2046,0.0
GLOBAL,PWRURNSLVXX,2047,0.0
GLOBAL,PWRURNSLVXX,2048,0.0
GLOBAL,PWRURNSLVXX,2049,0.0
GLOBAL,PWRURNSLVXX,2050,0.0
GLOBAL,PWRURNURYXX,2023,0.0
GLOBAL,PWRURNURYXX,2024,0.0
GLOBAL,PWRURNURYXX,2025,0.0
GLOBAL,PWRURNURYXX,2026,0.0
GLOBAL,PWRURNURYXX,2027,0.0
GLOBAL,PWRURNURYXX,2028,0.0
GLOBAL,PWRURNURYXX,2029,0.0
GLOBAL,PWRURNURYXX,2030,0.0
GLOBAL,PWRURNURYXX,2031,0.0
GLOBAL,PWRURNURYXX,2032,0.0
GLOBAL,PWRURNURYXX,2033,0.0
GLOBAL,PWRURNURYXX,2034,0.0
GLOBAL,PWRURNURYXX,2035,0.0
GLOBAL,PWRURNURYXX,2036,0.0
GLOBAL,PWRURNURYXX,2037,0.0
GLOBAL,PWRURNURYXX,2038,0.0
GLOBAL,PWRURNURYXX,2039,0.0
GLOBAL,PWRURNURYXX,2040,0.0
GLOBAL,PWRURNURYXX,2041,0.0
GLOBAL,PWRURNURYXX,2042,0.0
GLOBAL,PWRURNURYXX,2043,0.0
GLOBAL,PWRURNURYXX,2044,0.0
GLOBAL,PWRURNURYXX,2045,0.0
GLOBAL,PWRURNURYXX,2046,0.0
GLOBAL,PWRURNURYXX,2047,0.0
GLOBAL,PWRURNURYXX,2048,0.0
GLOBAL,PWRURNURYXX,2049,0.0
GLOBAL,PWRURNURYXX,2050,0.0
GLOBAL,PWRWASARGXX,2023,0.0
GLOBAL,PWRWASARGXX,2024,0.0
GLOBAL,PWRWASARGXX,2025,0.0
GLOBAL,PWRWASARGXX,2026,0.0
GLOBAL,PWRWASARGXX,2027,0.0
GLOBAL,PWRWASARGXX,2028,0.0
GLOBAL,PWRWASARGXX,2029,0.0
GLOBAL,PWRWASARGXX,2030,0.0
GLOBAL,PWRWASARGXX,2031,0.0
GLOBAL,PWRWASARGXX,2032,0.0
GLOBAL,PWRWASARGXX,2033,0.0
GLOBAL,PWRWASARGXX,2034,0.0
GLOBAL,PWRWASARGXX,2035,0.0
GLOBAL,PWRWASARGXX,2036,0.0
GLOBAL,PWRWASARGXX,2037,0.0
GLOBAL,PWRWASARGXX,2038,0.0
GLOBAL,PWRWASARGXX,2039,0.0
GLOBAL,PWRWASARGXX,2040,0.0
GLOBAL,PWRWASARGXX,2041,0.0
GLOBAL,PWRWASARGXX,2042,0.0
GLOBAL,PWRWASARGXX,2043,0.0
GLOBAL,PWRWASARGXX,2044,0.0
GLOBAL,PWRWASARGXX,2045,0.0
GLOBAL,PWRWASARGXX,2046,0.0
GLOBAL,PWRWASARGXX,2047,0.0
GLOBAL,PWRWASARGXX,2048,0.0
GLOBAL,PWRWASARGXX,2049,0.0
GLOBAL,PWRWASARGXX,2050,0.0
GLOBAL,PWRWASBOLXX,2023,0.0
GLOBAL,PWRWASBOLXX,2024,0.0
GLOBAL,PWRWASBOLXX,2025,0.0
GLOBAL,PWRWASBOLXX,2026,0.0
GLOBAL,PWRWASBOLXX,2027,0.0
GLOBAL,PWRWASBOLXX,2028,0.0
GLOBAL,PWRWASBOLXX,2029,0.0
GLOBAL,PWRWASBOLXX,2030,0.0
GLOBAL,PWRWASBOLXX,2031,0.0
GLOBAL,PWRWASBOLXX,2032,0.0
GLOBAL,PWRWASBOLXX,2033,0.0
GLOBAL,PWRWASBOLXX,2034,0.0
GLOBAL,PWRWASBOLXX,2035,0.0
GLOBAL,PWRWASBOLXX,2036,0.0
GLOBAL,PWRWASBOLXX,2037,0.0
GLOBAL,PWRWASBOLXX,2038,0.0
GLOBAL,PWRWASBOLXX,2039,0.0
GLOBAL,PWRWASBOLXX,2040,0.0
GLOBAL,PWRWASBOLXX,2041,0.0
GLOBAL,PWRWASBOLXX,2042,0.0
GLOBAL,PWRWASBOLXX,2043,0.0
GLOBAL,PWRWASBOLXX,2044,0.0
GLOBAL,PWRWASBOLXX,2045,0.0
GLOBAL,PWRWASBOLXX,2046,0.0
GLOBAL,PWRWASBOLXX,2047,0.0
GLOBAL,PWRWASBOLXX,2048,0.0
GLOBAL,PWRWASBOLXX,2049,0.0
GLOBAL,PWRWASBOLXX,2050,0.0
GLOBAL,PWRWASBRAXX,2023,0.0
GLOBAL,PWRWASBRAXX,2024,0.0
GLOBAL,PWRWASBRAXX,2025,0.0
GLOBAL,PWRWASBRAXX,2026,0.0
GLOBAL,PWRWASBRAXX,2027,0.0
GLOBAL,PWRWASBRAXX,2028,0.0
GLOBAL,PWRWASBRAXX,2029,0.0
GLOBAL,PWRWASBRAXX,2030,0.0
GLOBAL,PWRWASBRAXX,2031,0.0
GLOBAL,PWRWASBRAXX,2032,0.0
GLOBAL,PWRWASBRAXX,2033,0.0
GLOBAL,PWRWASBRAXX,2034,0.0
GLOBAL,PWRWASBRAXX,2035,0.0
GLOBAL,PWRWASBRAXX,2036,0.0
GLOBAL,PWRWASBRAXX,2037,0.0
GLOBAL,PWRWASBRAXX,2038,0.0
GLOBAL,PWRWASBRAXX,2039,0.0
GLOBAL,PWRWASBRAXX,2040,0.0
GLOBAL,PWRWASBRAXX,2041,0.0
GLOBAL,PWRWASBRAXX,2042,0.0
GLOBAL,PWRWASBRAXX,2043,0.0
GLOBAL,PWRWASBRAXX,2044,0.0
GLOBAL,PWRWASBRAXX,2045,0.0
GLOBAL,PWRWASBRAXX,2046,0.0
GLOBAL,PWRWASBRAXX,2047,0.0
GLOBAL,PWRWASBRAXX,2048,0.0
GLOBAL,PWRWASBRAXX,2049,0.0
GLOBAL,PWRWASBRAXX,2050,0.0
GLOBAL,PWRWASBRBXX,2023,0.0
GLOBAL,PWRWASBRBXX,2024,0.0
GLOBAL,PWRWASBRBXX,2025,0.0
GLOBAL,PWRWASBRBXX,2026,0.0
GLOBAL,PWRWASBRBXX,2027,0.0
GLOBAL,PWRWASBRBXX,2028,0.0
GLOBAL,PWRWASBRBXX,2029,0.0
GLOBAL,PWRWASBRBXX,2030,0.0
GLOBAL,PWRWASBRBXX,2031,0.0
GLOBAL,PWRWASBRBXX,2032,0.0
GLOBAL,PWRWASBRBXX,2033,0.0
GLOBAL,PWRWASBRBXX,2034,0.0
GLOBAL,PWRWASBRBXX,2035,0.0
GLOBAL,PWRWASBRBXX,2036,0.0
GLOBAL,PWRWASBRBXX,2037,0.0
GLOBAL,PWRWASBRBXX,2038,0.0
GLOBAL,PWRWASBRBXX,2039,0.0
GLOBAL,PWRWASBRBXX,2040,0.0
GLOBAL,PWRWASBRBXX,2041,0.0
GLOBAL,PWRWASBRBXX,2042,0.0
GLOBAL,PWRWASBRBXX,2043,0.0
GLOBAL,PWRWASBRBXX,2044,0.0
GLOBAL,PWRWASBRBXX,2045,0.0
GLOBAL,PWRWASBRBXX,2046,0.0
GLOBAL,PWRWASBRBXX,2047,0.0
GLOBAL,PWRWASBRBXX,2048,0.0
GLOBAL,PWRWASBRBXX,2049,0.0
GLOBAL,PWRWASBRBXX,2050,0.0
GLOBAL,PWRWASCHLXX,2023,0.0
GLOBAL,PWRWASCHLXX,2024,0.0
GLOBAL,PWRWASCHLXX,2025,0.0
GLOBAL,PWRWASCHLXX,2026,0.0
GLOBAL,PWRWASCHLXX,2027,0.0
GLOBAL,PWRWASCHLXX,2028,0.0
GLOBAL,PWRWASCHLXX,2029,0.0
GLOBAL,PWRWASCHLXX,2030,0.0
GLOBAL,PWRWASCHLXX,2031,0.0
GLOBAL,PWRWASCHLXX,2032,0.0
GLOBAL,PWRWASCHLXX,2033,0.0
GLOBAL,PWRWASCHLXX,2034,0.0
GLOBAL,PWRWASCHLXX,2035,0.0
GLOBAL,PWRWASCHLXX,2036,0.0
GLOBAL,PWRWASCHLXX,2037,0.0
GLOBAL,PWRWASCHLXX,2038,0.0
GLOBAL,PWRWASCHLXX,2039,0.0
GLOBAL,PWRWASCHLXX,2040,0.0
GLOBAL,PWRWASCHLXX,2041,0.0
GLOBAL,PWRWASCHLXX,2042,0.0
GLOBAL,PWRWASCHLXX,2043,0.0
GLOBAL,PWRWASCHLXX,2044,0.0
GLOBAL,PWRWASCHLXX,2045,0.0
GLOBAL,PWRWASCHLXX,2046,0.0
GLOBAL,PWRWASCHLXX,2047,0.0
GLOBAL,PWRWASCHLXX,2048,0.0
GLOBAL,PWRWASCHLXX,2049,0.0
GLOBAL,PWRWASCHLXX,2050,0.0
GLOBAL,PWRWASCOLXX,2023,0.0
GLOBAL,PWRWASCOLXX,2024,0.0
GLOBAL,PWRWASCOLXX,2025,0.0
GLOBAL,PWRWASCOLXX,2026,0.0
GLOBAL,PWRWASCOLXX,2027,0.0
GLOBAL,PWRWASCOLXX,2028,0.0
GLOBAL,PWRWASCOLXX,2029,0.0
GLOBAL,PWRWASCOLXX,2030,0.0
GLOBAL,PWRWASCOLXX,2031,0.0
GLOBAL,PWRWASCOLXX,2032,0.0
GLOBAL,PWRWASCOLXX,2033,0.0
GLOBAL,PWRWASCOLXX,2034,0.0
GLOBAL,PWRWASCOLXX,2035,0.0
GLOBAL,PWRWASCOLXX,2036,0.0
GLOBAL,PWRWASCOLXX,2037,0.0
GLOBAL,PWRWASCOLXX,2038,0.0
GLOBAL,PWRWASCOLXX,2039,0.0
GLOBAL,PWRWASCOLXX,2040,0.0
GLOBAL,PWRWASCOLXX,2041,0.0
GLOBAL,PWRWASCOLXX,2042,0.0
GLOBAL,PWRWASCOLXX,2043,0.0
GLOBAL,PWRWASCOLXX,2044,0.0
GLOBAL,PWRWASCOLXX,2045,0.0
GLOBAL,PWRWASCOLXX,2046,0.0
GLOBAL,PWRWASCOLXX,2047,0.0
GLOBAL,PWRWASCOLXX,2048,0.0
GLOBAL,PWRWASCOLXX,2049,0.0
GLOBAL,PWRWASCOLXX,2050,0.0
GLOBAL,PWRWASCRIXX,2023,0.0
GLOBAL,PWRWASCRIXX,2024,0.0
GLOBAL,PWRWASCRIXX,2025,0.0
GLOBAL,PWRWASCRIXX,2026,0.0
GLOBAL,PWRWASCRIXX,2027,0.0
GLOBAL,PWRWASCRIXX,2028,0.0
GLOBAL,PWRWASCRIXX,2029,0.0
GLOBAL,PWRWASCRIXX,2030,0.0
GLOBAL,PWRWASCRIXX,2031,0.0
GLOBAL,PWRWASCRIXX,2032,0.0
GLOBAL,PWRWASCRIXX,2033,0.0
GLOBAL,PWRWASCRIXX,2034,0.0
GLOBAL,PWRWASCRIXX,2035,0.0
GLOBAL,PWRWASCRIXX,2036,0.0
GLOBAL,PWRWASCRIXX,2037,0.0
GLOBAL,PWRWASCRIXX,2038,0.0
GLOBAL,PWRWASCRIXX,2039,0.0
GLOBAL,PWRWASCRIXX,2040,0.0
GLOBAL,PWRWASCRIXX,2041,0.0
GLOBAL,PWRWASCRIXX,2042,0.0
GLOBAL,PWRWASCRIXX,2043,0.0
GLOBAL,PWRWASCRIXX,2044,0.0
GLOBAL,PWRWASCRIXX,2045,0.0
GLOBAL,PWRWASCRIXX,2046,0.0
GLOBAL,PWRWASCRIXX,2047,0.0
GLOBAL,PWRWASCRIXX,2048,0.0
GLOBAL,PWRWASCRIXX,2049,0.0
GLOBAL,PWRWASCRIXX,2050,0.0
GLOBAL,PWRWASDOMXX,2023,0.0
GLOBAL,PWRWASDOMXX,2024,0.0
GLOBAL,PWRWASDOMXX,2025,0.0
GLOBAL,PWRWASDOMXX,2026,0.0
GLOBAL,PWRWASDOMXX,2027,0.0
GLOBAL,PWRWASDOMXX,2028,0.0
GLOBAL,PWRWASDOMXX,2029,0.0
GLOBAL,PWRWASDOMXX,2030,0.0
GLOBAL,PWRWASDOMXX,2031,0.0
GLOBAL,PWRWASDOMXX,2032,0.0
GLOBAL,PWRWASDOMXX,2033,0.0
GLOBAL,PWRWASDOMXX,2034,0.0
GLOBAL,PWRWASDOMXX,2035,0.0
GLOBAL,PWRWASDOMXX,2036,0.0
GLOBAL,PWRWASDOMXX,2037,0.0
GLOBAL,PWRWASDOMXX,2038,0.0
GLOBAL,PWRWASDOMXX,2039,0.0
GLOBAL,PWRWASDOMXX,2040,0.0
GLOBAL,PWRWASDOMXX,2041,0.0
GLOBAL,PWRWASDOMXX,2042,0.0
GLOBAL,PWRWASDOMXX,2043,0.0
GLOBAL,PWRWASDOMXX,2044,0.0
GLOBAL,PWRWASDOMXX,2045,0.0
GLOBAL,PWRWASDOMXX,2046,0.0
GLOBAL,PWRWASDOMXX,2047,0.0
GLOBAL,PWRWASDOMXX,2048,0.0
GLOBAL,PWRWASDOMXX,2049,0.0
GLOBAL,PWRWASDOMXX,2050,0.0
GLOBAL,PWRWASECUXX,2023,0.0
GLOBAL,PWRWASECUXX,2024,0.0
GLOBAL,PWRWASECUXX,2025,0.0
GLOBAL,PWRWASECUXX,2026,0.0
GLOBAL,PWRWASECUXX,2027,0.0
GLOBAL,PWRWASECUXX,2028,0.0
GLOBAL,PWRWASECUXX,2029,0.0
GLOBAL,PWRWASECUXX,2030,0.0
GLOBAL,PWRWASECUXX,2031,0.0
GLOBAL,PWRWASECUXX,2032,0.0
GLOBAL,PWRWASECUXX,2033,0.0
GLOBAL,PWRWASECUXX,2034,0.0
GLOBAL,PWRWASECUXX,2035,0.0
GLOBAL,PWRWASECUXX,2036,0.0
GLOBAL,PWRWASECUXX,2037,0.0
GLOBAL,PWRWASECUXX,2038,0.0
GLOBAL,PWRWASECUXX,2039,0.0
GLOBAL,PWRWASECUXX,2040,0.0
GLOBAL,PWRWASECUXX,2041,0.0
GLOBAL,PWRWASECUXX,2042,0.0
GLOBAL,PWRWASECUXX,2043,0.0
GLOBAL,PWRWASECUXX,2044,0.0
GLOBAL,PWRWASECUXX,2045,0.0
GLOBAL,PWRWASECUXX,2046,0.0
GLOBAL,PWRWASECUXX,2047,0.0
GLOBAL,PWRWASECUXX,2048,0.0
GLOBAL,PWRWASECUXX,2049,0.0
GLOBAL,PWRWASECUXX,2050,0.0
GLOBAL,PWRWASGTMXX,2023,0.0
GLOBAL,PWRWASGTMXX,2024,0.0
GLOBAL,PWRWASGTMXX,2025,0.0
GLOBAL,PWRWASGTMXX,2026,0.0
GLOBAL,PWRWASGTMXX,2027,0.0
GLOBAL,PWRWASGTMXX,2028,0.0
GLOBAL,PWRWASGTMXX,2029,0.0
GLOBAL,PWRWASGTMXX,2030,0.0
GLOBAL,PWRWASGTMXX,2031,0.0
GLOBAL,PWRWASGTMXX,2032,0.0
GLOBAL,PWRWASGTMXX,2033,0.0
GLOBAL,PWRWASGTMXX,2034,0.0
GLOBAL,PWRWASGTMXX,2035,0.0
GLOBAL,PWRWASGTMXX,2036,0.0
GLOBAL,PWRWASGTMXX,2037,0.0
GLOBAL,PWRWASGTMXX,2038,0.0
GLOBAL,PWRWASGTMXX,2039,0.0
GLOBAL,PWRWASGTMXX,2040,0.0
GLOBAL,PWRWASGTMXX,2041,0.0
GLOBAL,PWRWASGTMXX,2042,0.0
GLOBAL,PWRWASGTMXX,2043,0.0
GLOBAL,PWRWASGTMXX,2044,0.0
GLOBAL,PWRWASGTMXX,2045,0.0
GLOBAL,PWRWASGTMXX,2046,0.0
GLOBAL,PWRWASGTMXX,2047,0.0
GLOBAL,PWRWASGTMXX,2048,0.0
GLOBAL,PWRWASGTMXX,2049,0.0
GLOBAL,PWRWASGTMXX,2050,0.0
GLOBAL,PWRWASHNDXX,2023,0.0
GLOBAL,PWRWASHNDXX,2024,0.0
GLOBAL,PWRWASHNDXX,2025,0.0
GLOBAL,PWRWASHNDXX,2026,0.0
GLOBAL,PWRWASHNDXX,2027,0.0
GLOBAL,PWRWASHNDXX,2028,0.0
GLOBAL,PWRWASHNDXX,2029,0.0
GLOBAL,PWRWASHNDXX,2030,0.0
GLOBAL,PWRWASHNDXX,2031,0.0
GLOBAL,PWRWASHNDXX,2032,0.0
GLOBAL,PWRWASHNDXX,2033,0.0
GLOBAL,PWRWASHNDXX,2034,0.0
GLOBAL,PWRWASHNDXX,2035,0.0
GLOBAL,PWRWASHNDXX,2036,0.0
GLOBAL,PWRWASHNDXX,2037,0.0
GLOBAL,PWRWASHNDXX,2038,0.0
GLOBAL,PWRWASHNDXX,2039,0.0
GLOBAL,PWRWASHNDXX,2040,0.0
GLOBAL,PWRWASHNDXX,2041,0.0
GLOBAL,PWRWASHNDXX,2042,0.0
GLOBAL,PWRWASHNDXX,2043,0.0
GLOBAL,PWRWASHNDXX,2044,0.0
GLOBAL,PWRWASHNDXX,2045,0.0
GLOBAL,PWRWASHNDXX,2046,0.0
GLOBAL,PWRWASHNDXX,2047,0.0
GLOBAL,PWRWASHNDXX,2048,0.0
GLOBAL,PWRWASHNDXX,2049,0.0
GLOBAL,PWRWASHNDXX,2050,0.0
GLOBAL,PWRWASHTIXX,2023,0.0
GLOBAL,PWRWASHTIXX,2024,0.0
GLOBAL,PWRWASHTIXX,2025,0.0
GLOBAL,PWRWASHTIXX,2026,0.0
GLOBAL,PWRWASHTIXX,2027,0.0
GLOBAL,PWRWASHTIXX,2028,0.0
GLOBAL,PWRWASHTIXX,2029,0.0
GLOBAL,PWRWASHTIXX,2030,0.0
GLOBAL,PWRWASHTIXX,2031,0.0
GLOBAL,PWRWASHTIXX,2032,0.0
GLOBAL,PWRWASHTIXX,2033,0.0
GLOBAL,PWRWASHTIXX,2034,0.0
GLOBAL,PWRWASHTIXX,2035,0.0
GLOBAL,PWRWASHTIXX,2036,0.0
GLOBAL,PWRWASHTIXX,2037,0.0
GLOBAL,PWRWASHTIXX,2038,0.0
GLOBAL,PWRWASHTIXX,2039,0.0
GLOBAL,PWRWASHTIXX,2040,0.0
GLOBAL,PWRWASHTIXX,2041,0.0
GLOBAL,PWRWASHTIXX,2042,0.0
GLOBAL,PWRWASHTIXX,2043,0.0
GLOBAL,PWRWASHTIXX,2044,0.0
GLOBAL,PWRWASHTIXX,2045,0.0
GLOBAL,PWRWASHTIXX,2046,0.0
GLOBAL,PWRWASHTIXX,2047,0.0
GLOBAL,PWRWASHTIXX,2048,0.0
GLOBAL,PWRWASHTIXX,2049,0.0
GLOBAL,PWRWASHTIXX,2050,0.0
GLOBAL,PWRWASMEXXX,2023,0.0
GLOBAL,PWRWASMEXXX,2024,0.0
GLOBAL,PWRWASMEXXX,2025,0.0
GLOBAL,PWRWASMEXXX,2026,0.0
GLOBAL,PWRWASMEXXX,2027,0.0
GLOBAL,PWRWASMEXXX,2028,0.0
GLOBAL,PWRWASMEXXX,2029,0.0
GLOBAL,PWRWASMEXXX,2030,0.0
GLOBAL,PWRWASMEXXX,2031,0.0
GLOBAL,PWRWASMEXXX,2032,0.0
GLOBAL,PWRWASMEXXX,2033,0.0
GLOBAL,PWRWASMEXXX,2034,0.0
GLOBAL,PWRWASMEXXX,2035,0.0
GLOBAL,PWRWASMEXXX,2036,0.0
GLOBAL,PWRWASMEXXX,2037,0.0
GLOBAL,PWRWASMEXXX,2038,0.0
GLOBAL,PWRWASMEXXX,2039,0.0
GLOBAL,PWRWASMEXXX,2040,0.0
GLOBAL,PWRWASMEXXX,2041,0.0
GLOBAL,PWRWASMEXXX,2042,0.0
GLOBAL,PWRWASMEXXX,2043,0.0
GLOBAL,PWRWASMEXXX,2044,0.0
GLOBAL,PWRWASMEXXX,2045,0.0
GLOBAL,PWRWASMEXXX,2046,0.0
GLOBAL,PWRWASMEXXX,2047,0.0
GLOBAL,PWRWASMEXXX,2048,0.0
GLOBAL,PWRWASMEXXX,2049,0.0
GLOBAL,PWRWASMEXXX,2050,0.0
GLOBAL,PWRWASNICXX,2023,0.0
GLOBAL,PWRWASNICXX,2024,0.0
GLOBAL,PWRWASNICXX,2025,0.0
GLOBAL,PWRWASNICXX,2026,0.0
GLOBAL,PWRWASNICXX,2027,0.0
GLOBAL,PWRWASNICXX,2028,0.0
GLOBAL,PWRWASNICXX,2029,0.0
GLOBAL,PWRWASNICXX,2030,0.0
GLOBAL,PWRWASNICXX,2031,0.0
GLOBAL,PWRWASNICXX,2032,0.0
GLOBAL,PWRWASNICXX,2033,0.0
GLOBAL,PWRWASNICXX,2034,0.0
GLOBAL,PWRWASNICXX,2035,0.0
GLOBAL,PWRWASNICXX,2036,0.0
GLOBAL,PWRWASNICXX,2037,0.0
GLOBAL,PWRWASNICXX,2038,0.0
GLOBAL,PWRWASNICXX,2039,0.0
GLOBAL,PWRWASNICXX,2040,0.0
GLOBAL,PWRWASNICXX,2041,0.0
GLOBAL,PWRWASNICXX,2042,0.0
GLOBAL,PWRWASNICXX,2043,0.0
GLOBAL,PWRWASNICXX,2044,0.0
GLOBAL,PWRWASNICXX,2045,0.0
GLOBAL,PWRWASNICXX,2046,0.0
GLOBAL,PWRWASNICXX,2047,0.0
GLOBAL,PWRWASNICXX,2048,0.0
GLOBAL,PWRWASNICXX,2049,0.0
GLOBAL,PWRWASNICXX,2050,0.0
GLOBAL,PWRWASPANXX,2023,0.0
GLOBAL,PWRWASPANXX,2024,0.0
GLOBAL,PWRWASPANXX,2025,0.0
GLOBAL,PWRWASPANXX,2026,0.0
GLOBAL,PWRWASPANXX,2027,0.0
GLOBAL,PWRWASPANXX,2028,0.0
GLOBAL,PWRWASPANXX,2029,0.0
GLOBAL,PWRWASPANXX,2030,0.0
GLOBAL,PWRWASPANXX,2031,0.0
GLOBAL,PWRWASPANXX,2032,0.0
GLOBAL,PWRWASPANXX,2033,0.0
GLOBAL,PWRWASPANXX,2034,0.0
GLOBAL,PWRWASPANXX,2035,0.0
GLOBAL,PWRWASPANXX,2036,0.0
GLOBAL,PWRWASPANXX,2037,0.0
GLOBAL,PWRWASPANXX,2038,0.0
GLOBAL,PWRWASPANXX,2039,0.0
GLOBAL,PWRWASPANXX,2040,0.0
GLOBAL,PWRWASPANXX,2041,0.0
GLOBAL,PWRWASPANXX,2042,0.0
GLOBAL,PWRWASPANXX,2043,0.0
GLOBAL,PWRWASPANXX,2044,0.0
GLOBAL,PWRWASPANXX,2045,0.0
GLOBAL,PWRWASPANXX,2046,0.0
GLOBAL,PWRWASPANXX,2047,0.0
GLOBAL,PWRWASPANXX,2048,0.0
GLOBAL,PWRWASPANXX,2049,0.0
GLOBAL,PWRWASPANXX,2050,0.0
GLOBAL,PWRWASPERXX,2023,0.0
GLOBAL,PWRWASPERXX,2024,0.0
GLOBAL,PWRWASPERXX,2025,0.0
GLOBAL,PWRWASPERXX,2026,0.0
GLOBAL,PWRWASPERXX,2027,0.0
GLOBAL,PWRWASPERXX,2028,0.0
GLOBAL,PWRWASPERXX,2029,0.0
GLOBAL,PWRWASPERXX,2030,0.0
GLOBAL,PWRWASPERXX,2031,0.0
GLOBAL,PWRWASPERXX,2032,0.0
GLOBAL,PWRWASPERXX,2033,0.0
GLOBAL,PWRWASPERXX,2034,0.0
GLOBAL,PWRWASPERXX,2035,0.0
GLOBAL,PWRWASPERXX,2036,0.0
GLOBAL,PWRWASPERXX,2037,0.0
GLOBAL,PWRWASPERXX,2038,0.0
GLOBAL,PWRWASPERXX,2039,0.0
GLOBAL,PWRWASPERXX,2040,0.0
GLOBAL,PWRWASPERXX,2041,0.0
GLOBAL,PWRWASPERXX,2042,0.0
GLOBAL,PWRWASPERXX,2043,0.0
GLOBAL,PWRWASPERXX,2044,0.0
GLOBAL,PWRWASPERXX,2045,0.0
GLOBAL,PWRWASPERXX,2046,0.0
GLOBAL,PWRWASPERXX,2047,0.0
GLOBAL,PWRWASPERXX,2048,0.0
GLOBAL,PWRWASPERXX,2049,0.0
GLOBAL,PWRWASPERXX,2050,0.0
GLOBAL,PWRWASPRYXX,2023,0.0
GLOBAL,PWRWASPRYXX,2024,0.0
GLOBAL,PWRWASPRYXX,2025,0.0
GLOBAL,PWRWASPRYXX,2026,0.0
GLOBAL,PWRWASPRYXX,2027,0.0
GLOBAL,PWRWASPRYXX,2028,0.0
GLOBAL,PWRWASPRYXX,2029,0.0
GLOBAL,PWRWASPRYXX,2030,0.0
GLOBAL,PWRWASPRYXX,2031,0.0
GLOBAL,PWRWASPRYXX,2032,0.0
GLOBAL,PWRWASPRYXX,2033,0.0
GLOBAL,PWRWASPRYXX,2034,0.0
GLOBAL,PWRWASPRYXX,2035,0.0
GLOBAL,PWRWASPRYXX,2036,0.0
GLOBAL,PWRWASPRYXX,2037,0.0
GLOBAL,PWRWASPRYXX,2038,0.0
GLOBAL,PWRWASPRYXX,2039,0.0
GLOBAL,PWRWASPRYXX,2040,0.0
GLOBAL,PWRWASPRYXX,2041,0.0
GLOBAL,PWRWASPRYXX,2042,0.0
GLOBAL,PWRWASPRYXX,2043,0.0
GLOBAL,PWRWASPRYXX,2044,0.0
GLOBAL,PWRWASPRYXX,2045,0.0
GLOBAL,PWRWASPRYXX,2046,0.0
GLOBAL,PWRWASPRYXX,2047,0.0
GLOBAL,PWRWASPRYXX,2048,0.0
GLOBAL,PWRWASPRYXX,2049,0.0
GLOBAL,PWRWASPRYXX,2050,0.0
GLOBAL,PWRWASSLVXX,2023,0.0
GLOBAL,PWRWASSLVXX,2024,0.0
GLOBAL,PWRWASSLVXX,2025,0.0
GLOBAL,PWRWASSLVXX,2026,0.0
GLOBAL,PWRWASSLVXX,2027,0.0
GLOBAL,PWRWASSLVXX,2028,0.0
GLOBAL,PWRWASSLVXX,2029,0.0
GLOBAL,PWRWASSLVXX,2030,0.0
GLOBAL,PWRWASSLVXX,2031,0.0
GLOBAL,PWRWASSLVXX,2032,0.0
GLOBAL,PWRWASSLVXX,2033,0.0
GLOBAL,PWRWASSLVXX,2034,0.0
GLOBAL,PWRWASSLVXX,2035,0.0
GLOBAL,PWRWASSLVXX,2036,0.0
GLOBAL,PWRWASSLVXX,2037,0.0
GLOBAL,PWRWASSLVXX,2038,0.0
GLOBAL,PWRWASSLVXX,2039,0.0
GLOBAL,PWRWASSLVXX,2040,0.0
GLOBAL,PWRWASSLVXX,2041,0.0
GLOBAL,PWRWASSLVXX,2042,0.0
GLOBAL,PWRWASSLVXX,2043,0.0
GLOBAL,PWRWASSLVXX,2044,0.0
GLOBAL,PWRWASSLVXX,2045,0.0
GLOBAL,PWRWASSLVXX,2046,0.0
GLOBAL,PWRWASSLVXX,2047,0.0
GLOBAL,PWRWASSLVXX,2048,0.0
GLOBAL,PWRWASSLVXX,2049,0.0
GLOBAL,PWRWASSLVXX,2050,0.0
GLOBAL,PWRWASURYXX,2023,0.0
GLOBAL,PWRWASURYXX,2024,0.0
GLOBAL,PWRWASURYXX,2025,0.0
GLOBAL,PWRWASURYXX,2026,0.0
GLOBAL,PWRWASURYXX,2027,0.0
GLOBAL,PWRWASURYXX,2028,0.0
GLOBAL,PWRWASURYXX,2029,0.0
GLOBAL,PWRWASURYXX,2030,0.0
GLOBAL,PWRWASURYXX,2031,0.0
GLOBAL,PWRWASURYXX,2032,0.0
GLOBAL,PWRWASURYXX,2033,0.0
GLOBAL,PWRWASURYXX,2034,0.0
GLOBAL,PWRWASURYXX,2035,0.0
GLOBAL,PWRWASURYXX,2036,0.0
GLOBAL,PWRWASURYXX,2037,0.0
GLOBAL,PWRWASURYXX,2038,0.0
GLOBAL,PWRWASURYXX,2039,0.0
GLOBAL,PWRWASURYXX,2040,0.0
GLOBAL,PWRWASURYXX,2041,0.0
GLOBAL,PWRWASURYXX,2042,0.0
GLOBAL,PWRWASURYXX,2043,0.0
GLOBAL,PWRWASURYXX,2044,0.0
GLOBAL,PWRWASURYXX,2045,0.0
GLOBAL,PWRWASURYXX,2046,0.0
GLOBAL,PWRWASURYXX,2047,0.0
GLOBAL,PWRWASURYXX,2048,0.0
GLOBAL,PWRWASURYXX,2049,0.0
GLOBAL,PWRWASURYXX,2050,0.0
GLOBAL,PWRWAVARGXX,2023,0.0
GLOBAL,PWRWAVARGXX,2024,0.0
GLOBAL,PWRWAVARGXX,2025,0.0
GLOBAL,PWRWAVARGXX,2026,0.0
GLOBAL,PWRWAVARGXX,2027,0.0
GLOBAL,PWRWAVARGXX,2028,0.0
GLOBAL,PWRWAVARGXX,2029,0.0
GLOBAL,PWRWAVARGXX,2030,0.0
GLOBAL,PWRWAVARGXX,2031,0.0
GLOBAL,PWRWAVARGXX,2032,0.0
GLOBAL,PWRWAVARGXX,2033,0.0
GLOBAL,PWRWAVARGXX,2034,0.0
GLOBAL,PWRWAVARGXX,2035,0.0
GLOBAL,PWRWAVARGXX,2036,0.0
GLOBAL,PWRWAVARGXX,2037,0.0
GLOBAL,PWRWAVARGXX,2038,0.0
GLOBAL,PWRWAVARGXX,2039,0.0
GLOBAL,PWRWAVARGXX,2040,0.0
GLOBAL,PWRWAVARGXX,2041,0.0
GLOBAL,PWRWAVARGXX,2042,0.0
GLOBAL,PWRWAVARGXX,2043,0.0
GLOBAL,PWRWAVARGXX,2044,0.0
GLOBAL,PWRWAVARGXX,2045,0.0
GLOBAL,PWRWAVARGXX,2046,0.0
GLOBAL,PWRWAVARGXX,2047,0.0
GLOBAL,PWRWAVARGXX,2048,0.0
GLOBAL,PWRWAVARGXX,2049,0.0
GLOBAL,PWRWAVARGXX,2050,0.0
GLOBAL,PWRWAVBOLXX,2023,0.0
GLOBAL,PWRWAVBOLXX,2024,0.0
GLOBAL,PWRWAVBOLXX,2025,0.0
GLOBAL,PWRWAVBOLXX,2026,0.0
GLOBAL,PWRWAVBOLXX,2027,0.0
GLOBAL,PWRWAVBOLXX,2028,0.0
GLOBAL,PWRWAVBOLXX,2029,0.0
GLOBAL,PWRWAVBOLXX,2030,0.0
GLOBAL,PWRWAVBOLXX,2031,0.0
GLOBAL,PWRWAVBOLXX,2032,0.0
GLOBAL,PWRWAVBOLXX,2033,0.0
GLOBAL,PWRWAVBOLXX,2034,0.0
GLOBAL,PWRWAVBOLXX,2035,0.0
GLOBAL,PWRWAVBOLXX,2036,0.0
GLOBAL,PWRWAVBOLXX,2037,0.0
GLOBAL,PWRWAVBOLXX,2038,0.0
GLOBAL,PWRWAVBOLXX,2039,0.0
GLOBAL,PWRWAVBOLXX,2040,0.0
GLOBAL,PWRWAVBOLXX,2041,0.0
GLOBAL,PWRWAVBOLXX,2042,0.0
GLOBAL,PWRWAVBOLXX,2043,0.0
GLOBAL,PWRWAVBOLXX,2044,0.0
GLOBAL,PWRWAVBOLXX,2045,0.0
GLOBAL,PWRWAVBOLXX,2046,0.0
GLOBAL,PWRWAVBOLXX,2047,0.0
GLOBAL,PWRWAVBOLXX,2048,0.0
GLOBAL,PWRWAVBOLXX,2049,0.0
GLOBAL,PWRWAVBOLXX,2050,0.0
GLOBAL,PWRWAVBRAXX,2023,0.0
GLOBAL,PWRWAVBRAXX,2024,0.0
GLOBAL,PWRWAVBRAXX,2025,0.0
GLOBAL,PWRWAVBRAXX,2026,0.0
GLOBAL,PWRWAVBRAXX,2027,0.0
GLOBAL,PWRWAVBRAXX,2028,0.0
GLOBAL,PWRWAVBRAXX,2029,0.0
GLOBAL,PWRWAVBRAXX,2030,0.0
GLOBAL,PWRWAVBRAXX,2031,0.0
GLOBAL,PWRWAVBRAXX,2032,0.0
GLOBAL,PWRWAVBRAXX,2033,0.0
GLOBAL,PWRWAVBRAXX,2034,0.0
GLOBAL,PWRWAVBRAXX,2035,0.0
GLOBAL,PWRWAVBRAXX,2036,0.0
GLOBAL,PWRWAVBRAXX,2037,0.0
GLOBAL,PWRWAVBRAXX,2038,0.0
GLOBAL,PWRWAVBRAXX,2039,0.0
GLOBAL,PWRWAVBRAXX,2040,0.0
GLOBAL,PWRWAVBRAXX,2041,0.0
GLOBAL,PWRWAVBRAXX,2042,0.0
GLOBAL,PWRWAVBRAXX,2043,0.0
GLOBAL,PWRWAVBRAXX,2044,0.0
GLOBAL,PWRWAVBRAXX,2045,0.0
GLOBAL,PWRWAVBRAXX,2046,0.0
GLOBAL,PWRWAVBRAXX,2047,0.0
GLOBAL,PWRWAVBRAXX,2048,0.0
GLOBAL,PWRWAVBRAXX,2049,0.0
GLOBAL,PWRWAVBRAXX,2050,0.0
GLOBAL,PWRWAVBRBXX,2023,0.0
GLOBAL,PWRWAVBRBXX,2024,0.0
GLOBAL,PWRWAVBRBXX,2025,0.0
GLOBAL,PWRWAVBRBXX,2026,0.0
GLOBAL,PWRWAVBRBXX,2027,0.0
GLOBAL,PWRWAVBRBXX,2028,0.0
GLOBAL,PWRWAVBRBXX,2029,0.0
GLOBAL,PWRWAVBRBXX,2030,0.0
GLOBAL,PWRWAVBRBXX,2031,0.0
GLOBAL,PWRWAVBRBXX,2032,0.0
GLOBAL,PWRWAVBRBXX,2033,0.0
GLOBAL,PWRWAVBRBXX,2034,0.0
GLOBAL,PWRWAVBRBXX,2035,0.0
GLOBAL,PWRWAVBRBXX,2036,0.0
GLOBAL,PWRWAVBRBXX,2037,0.0
GLOBAL,PWRWAVBRBXX,2038,0.0
GLOBAL,PWRWAVBRBXX,2039,0.0
GLOBAL,PWRWAVBRBXX,2040,0.0
GLOBAL,PWRWAVBRBXX,2041,0.0
GLOBAL,PWRWAVBRBXX,2042,0.0
GLOBAL,PWRWAVBRBXX,2043,0.0
GLOBAL,PWRWAVBRBXX,2044,0.0
GLOBAL,PWRWAVBRBXX,2045,0.0
GLOBAL,PWRWAVBRBXX,2046,0.0
GLOBAL,PWRWAVBRBXX,2047,0.0
GLOBAL,PWRWAVBRBXX,2048,0.0
GLOBAL,PWRWAVBRBXX,2049,0.0
GLOBAL,PWRWAVBRBXX,2050,0.0
GLOBAL,PWRWAVCHLXX,2023,0.0
GLOBAL,PWRWAVCHLXX,2024,0.0
GLOBAL,PWRWAVCHLXX,2025,0.0
GLOBAL,PWRWAVCHLXX,2026,0.0
GLOBAL,PWRWAVCHLXX,2027,0.0
GLOBAL,PWRWAVCHLXX,2028,0.0
GLOBAL,PWRWAVCHLXX,2029,0.0
GLOBAL,PWRWAVCHLXX,2030,0.0
GLOBAL,PWRWAVCHLXX,2031,0.0
GLOBAL,PWRWAVCHLXX,2032,0.0
GLOBAL,PWRWAVCHLXX,2033,0.0
GLOBAL,PWRWAVCHLXX,2034,0.0
GLOBAL,PWRWAVCHLXX,2035,0.0
GLOBAL,PWRWAVCHLXX,2036,0.0
GLOBAL,PWRWAVCHLXX,2037,0.0
GLOBAL,PWRWAVCHLXX,2038,0.0
GLOBAL,PWRWAVCHLXX,2039,0.0
GLOBAL,PWRWAVCHLXX,2040,0.0
GLOBAL,PWRWAVCHLXX,2041,0.0
GLOBAL,PWRWAVCHLXX,2042,0.0
GLOBAL,PWRWAVCHLXX,2043,0.0
GLOBAL,PWRWAVCHLXX,2044,0.0
GLOBAL,PWRWAVCHLXX,2045,0.0
GLOBAL,PWRWAVCHLXX,2046,0.0
GLOBAL,PWRWAVCHLXX,2047,0.0
GLOBAL,PWRWAVCHLXX,2048,0.0
GLOBAL,PWRWAVCHLXX,2049,0.0
GLOBAL,PWRWAVCHLXX,2050,0.0
GLOBAL,PWRWAVCOLXX,2023,0.0
GLOBAL,PWRWAVCOLXX,2024,0.0
GLOBAL,PWRWAVCOLXX,2025,0.0
GLOBAL,PWRWAVCOLXX,2026,0.0
GLOBAL,PWRWAVCOLXX,2027,0.0
GLOBAL,PWRWAVCOLXX,2028,0.0
GLOBAL,PWRWAVCOLXX,2029,0.0
GLOBAL,PWRWAVCOLXX,2030,0.0
GLOBAL,PWRWAVCOLXX,2031,0.0
GLOBAL,PWRWAVCOLXX,2032,0.0
GLOBAL,PWRWAVCOLXX,2033,0.0
GLOBAL,PWRWAVCOLXX,2034,0.0
GLOBAL,PWRWAVCOLXX,2035,0.0
GLOBAL,PWRWAVCOLXX,2036,0.0
GLOBAL,PWRWAVCOLXX,2037,0.0
GLOBAL,PWRWAVCOLXX,2038,0.0
GLOBAL,PWRWAVCOLXX,2039,0.0
GLOBAL,PWRWAVCOLXX,2040,0.0
GLOBAL,PWRWAVCOLXX,2041,0.0
GLOBAL,PWRWAVCOLXX,2042,0.0
GLOBAL,PWRWAVCOLXX,2043,0.0
GLOBAL,PWRWAVCOLXX,2044,0.0
GLOBAL,PWRWAVCOLXX,2045,0.0
GLOBAL,PWRWAVCOLXX,2046,0.0
GLOBAL,PWRWAVCOLXX,2047,0.0
GLOBAL,PWRWAVCOLXX,2048,0.0
GLOBAL,PWRWAVCOLXX,2049,0.0
GLOBAL,PWRWAVCOLXX,2050,0.0
GLOBAL,PWRWAVCRIXX,2023,0.0
GLOBAL,PWRWAVCRIXX,2024,0.0
GLOBAL,PWRWAVCRIXX,2025,0.0
GLOBAL,PWRWAVCRIXX,2026,0.0
GLOBAL,PWRWAVCRIXX,2027,0.0
GLOBAL,PWRWAVCRIXX,2028,0.0
GLOBAL,PWRWAVCRIXX,2029,0.0
GLOBAL,PWRWAVCRIXX,2030,0.0
GLOBAL,PWRWAVCRIXX,2031,0.0
GLOBAL,PWRWAVCRIXX,2032,0.0
GLOBAL,PWRWAVCRIXX,2033,0.0
GLOBAL,PWRWAVCRIXX,2034,0.0
GLOBAL,PWRWAVCRIXX,2035,0.0
GLOBAL,PWRWAVCRIXX,2036,0.0
GLOBAL,PWRWAVCRIXX,2037,0.0
GLOBAL,PWRWAVCRIXX,2038,0.0
GLOBAL,PWRWAVCRIXX,2039,0.0
GLOBAL,PWRWAVCRIXX,2040,0.0
GLOBAL,PWRWAVCRIXX,2041,0.0
GLOBAL,PWRWAVCRIXX,2042,0.0
GLOBAL,PWRWAVCRIXX,2043,0.0
GLOBAL,PWRWAVCRIXX,2044,0.0
GLOBAL,PWRWAVCRIXX,2045,0.0
GLOBAL,PWRWAVCRIXX,2046,0.0
GLOBAL,PWRWAVCRIXX,2047,0.0
GLOBAL,PWRWAVCRIXX,2048,0.0
GLOBAL,PWRWAVCRIXX,2049,0.0
GLOBAL,PWRWAVCRIXX,2050,0.0
GLOBAL,PWRWAVDOMXX,2023,0.0
GLOBAL,PWRWAVDOMXX,2024,0.0
GLOBAL,PWRWAVDOMXX,2025,0.0
GLOBAL,PWRWAVDOMXX,2026,0.0
GLOBAL,PWRWAVDOMXX,2027,0.0
GLOBAL,PWRWAVDOMXX,2028,0.0
GLOBAL,PWRWAVDOMXX,2029,0.0
GLOBAL,PWRWAVDOMXX,2030,0.0
GLOBAL,PWRWAVDOMXX,2031,0.0
GLOBAL,PWRWAVDOMXX,2032,0.0
GLOBAL,PWRWAVDOMXX,2033,0.0
GLOBAL,PWRWAVDOMXX,2034,0.0
GLOBAL,PWRWAVDOMXX,2035,0.0
GLOBAL,PWRWAVDOMXX,2036,0.0
GLOBAL,PWRWAVDOMXX,2037,0.0
GLOBAL,PWRWAVDOMXX,2038,0.0
GLOBAL,PWRWAVDOMXX,2039,0.0
GLOBAL,PWRWAVDOMXX,2040,0.0
GLOBAL,PWRWAVDOMXX,2041,0.0
GLOBAL,PWRWAVDOMXX,2042,0.0
GLOBAL,PWRWAVDOMXX,2043,0.0
GLOBAL,PWRWAVDOMXX,2044,0.0
GLOBAL,PWRWAVDOMXX,2045,0.0
GLOBAL,PWRWAVDOMXX,2046,0.0
GLOBAL,PWRWAVDOMXX,2047,0.0
GLOBAL,PWRWAVDOMXX,2048,0.0
GLOBAL,PWRWAVDOMXX,2049,0.0
GLOBAL,PWRWAVDOMXX,2050,0.0
GLOBAL,PWRWAVECUXX,2023,0.0
GLOBAL,PWRWAVECUXX,2024,0.0
GLOBAL,PWRWAVECUXX,2025,0.0
GLOBAL,PWRWAVECUXX,2026,0.0
GLOBAL,PWRWAVECUXX,2027,0.0
GLOBAL,PWRWAVECUXX,2028,0.0
GLOBAL,PWRWAVECUXX,2029,0.0
GLOBAL,PWRWAVECUXX,2030,0.0
GLOBAL,PWRWAVECUXX,2031,0.0
GLOBAL,PWRWAVECUXX,2032,0.0
GLOBAL,PWRWAVECUXX,2033,0.0
GLOBAL,PWRWAVECUXX,2034,0.0
GLOBAL,PWRWAVECUXX,2035,0.0
GLOBAL,PWRWAVECUXX,2036,0.0
GLOBAL,PWRWAVECUXX,2037,0.0
GLOBAL,PWRWAVECUXX,2038,0.0
GLOBAL,PWRWAVECUXX,2039,0.0
GLOBAL,PWRWAVECUXX,2040,0.0
GLOBAL,PWRWAVECUXX,2041,0.0
GLOBAL,PWRWAVECUXX,2042,0.0
GLOBAL,PWRWAVECUXX,2043,0.0
GLOBAL,PWRWAVECUXX,2044,0.0
GLOBAL,PWRWAVECUXX,2045,0.0
GLOBAL,PWRWAVECUXX,2046,0.0
GLOBAL,PWRWAVECUXX,2047,0.0
GLOBAL,PWRWAVECUXX,2048,0.0
GLOBAL,PWRWAVECUXX,2049,0.0
GLOBAL,PWRWAVECUXX,2050,0.0
GLOBAL,PWRWAVGTMXX,2023,0.0
GLOBAL,PWRWAVGTMXX,2024,0.0
GLOBAL,PWRWAVGTMXX,2025,0.0
GLOBAL,PWRWAVGTMXX,2026,0.0
GLOBAL,PWRWAVGTMXX,2027,0.0
GLOBAL,PWRWAVGTMXX,2028,0.0
GLOBAL,PWRWAVGTMXX,2029,0.0
GLOBAL,PWRWAVGTMXX,2030,0.0
GLOBAL,PWRWAVGTMXX,2031,0.0
GLOBAL,PWRWAVGTMXX,2032,0.0
GLOBAL,PWRWAVGTMXX,2033,0.0
GLOBAL,PWRWAVGTMXX,2034,0.0
GLOBAL,PWRWAVGTMXX,2035,0.0
GLOBAL,PWRWAVGTMXX,2036,0.0
GLOBAL,PWRWAVGTMXX,2037,0.0
GLOBAL,PWRWAVGTMXX,2038,0.0
GLOBAL,PWRWAVGTMXX,2039,0.0
GLOBAL,PWRWAVGTMXX,2040,0.0
GLOBAL,PWRWAVGTMXX,2041,0.0
GLOBAL,PWRWAVGTMXX,2042,0.0
GLOBAL,PWRWAVGTMXX,2043,0.0
GLOBAL,PWRWAVGTMXX,2044,0.0
GLOBAL,PWRWAVGTMXX,2045,0.0
GLOBAL,PWRWAVGTMXX,2046,0.0
GLOBAL,PWRWAVGTMXX,2047,0.0
GLOBAL,PWRWAVGTMXX,2048,0.0
GLOBAL,PWRWAVGTMXX,2049,0.0
GLOBAL,PWRWAVGTMXX,2050,0.0
GLOBAL,PWRWAVHNDXX,2023,0.0
GLOBAL,PWRWAVHNDXX,2024,0.0
GLOBAL,PWRWAVHNDXX,2025,0.0
GLOBAL,PWRWAVHNDXX,2026,0.0
GLOBAL,PWRWAVHNDXX,2027,0.0
GLOBAL,PWRWAVHNDXX,2028,0.0
GLOBAL,PWRWAVHNDXX,2029,0.0
GLOBAL,PWRWAVHNDXX,2030,0.0
GLOBAL,PWRWAVHNDXX,2031,0.0
GLOBAL,PWRWAVHNDXX,2032,0.0
GLOBAL,PWRWAVHNDXX,2033,0.0
GLOBAL,PWRWAVHNDXX,2034,0.0
GLOBAL,PWRWAVHNDXX,2035,0.0
GLOBAL,PWRWAVHNDXX,2036,0.0
GLOBAL,PWRWAVHNDXX,2037,0.0
GLOBAL,PWRWAVHNDXX,2038,0.0
GLOBAL,PWRWAVHNDXX,2039,0.0
GLOBAL,PWRWAVHNDXX,2040,0.0
GLOBAL,PWRWAVHNDXX,2041,0.0
GLOBAL,PWRWAVHNDXX,2042,0.0
GLOBAL,PWRWAVHNDXX,2043,0.0
GLOBAL,PWRWAVHNDXX,2044,0.0
GLOBAL,PWRWAVHNDXX,2045,0.0
GLOBAL,PWRWAVHNDXX,2046,0.0
GLOBAL,PWRWAVHNDXX,2047,0.0
GLOBAL,PWRWAVHNDXX,2048,0.0
GLOBAL,PWRWAVHNDXX,2049,0.0
GLOBAL,PWRWAVHNDXX,2050,0.0
GLOBAL,PWRWAVHTIXX,2023,0.0
GLOBAL,PWRWAVHTIXX,2024,0.0
GLOBAL,PWRWAVHTIXX,2025,0.0
GLOBAL,PWRWAVHTIXX,2026,0.0
GLOBAL,PWRWAVHTIXX,2027,0.0
GLOBAL,PWRWAVHTIXX,2028,0.0
GLOBAL,PWRWAVHTIXX,2029,0.0
GLOBAL,PWRWAVHTIXX,2030,0.0
GLOBAL,PWRWAVHTIXX,2031,0.0
GLOBAL,PWRWAVHTIXX,2032,0.0
GLOBAL,PWRWAVHTIXX,2033,0.0
GLOBAL,PWRWAVHTIXX,2034,0.0
GLOBAL,PWRWAVHTIXX,2035,0.0
GLOBAL,PWRWAVHTIXX,2036,0.0
GLOBAL,PWRWAVHTIXX,2037,0.0
GLOBAL,PWRWAVHTIXX,2038,0.0
GLOBAL,PWRWAVHTIXX,2039,0.0
GLOBAL,PWRWAVHTIXX,2040,0.0
GLOBAL,PWRWAVHTIXX,2041,0.0
GLOBAL,PWRWAVHTIXX,2042,0.0
GLOBAL,PWRWAVHTIXX,2043,0.0
GLOBAL,PWRWAVHTIXX,2044,0.0
GLOBAL,PWRWAVHTIXX,2045,0.0
GLOBAL,PWRWAVHTIXX,2046,0.0
GLOBAL,PWRWAVHTIXX,2047,0.0
GLOBAL,PWRWAVHTIXX,2048,0.0
GLOBAL,PWRWAVHTIXX,2049,0.0
GLOBAL,PWRWAVHTIXX,2050,0.0
GLOBAL,PWRWAVMEXXX,2023,0.0
GLOBAL,PWRWAVMEXXX,2024,0.0
GLOBAL,PWRWAVMEXXX,2025,0.0
GLOBAL,PWRWAVMEXXX,2026,0.0
GLOBAL,PWRWAVMEXXX,2027,0.0
GLOBAL,PWRWAVMEXXX,2028,0.0
GLOBAL,PWRWAVMEXXX,2029,0.0
GLOBAL,PWRWAVMEXXX,2030,0.0
GLOBAL,PWRWAVMEXXX,2031,0.0
GLOBAL,PWRWAVMEXXX,2032,0.0
GLOBAL,PWRWAVMEXXX,2033,0.0
GLOBAL,PWRWAVMEXXX,2034,0.0
GLOBAL,PWRWAVMEXXX,2035,0.0
GLOBAL,PWRWAVMEXXX,2036,0.0
GLOBAL,PWRWAVMEXXX,2037,0.0
GLOBAL,PWRWAVMEXXX,2038,0.0
GLOBAL,PWRWAVMEXXX,2039,0.0
GLOBAL,PWRWAVMEXXX,2040,0.0
GLOBAL,PWRWAVMEXXX,2041,0.0
GLOBAL,PWRWAVMEXXX,2042,0.0
GLOBAL,PWRWAVMEXXX,2043,0.0
GLOBAL,PWRWAVMEXXX,2044,0.0
GLOBAL,PWRWAVMEXXX,2045,0.0
GLOBAL,PWRWAVMEXXX,2046,0.0
GLOBAL,PWRWAVMEXXX,2047,0.0
GLOBAL,PWRWAVMEXXX,2048,0.0
GLOBAL,PWRWAVMEXXX,2049,0.0
GLOBAL,PWRWAVMEXXX,2050,0.0
GLOBAL,PWRWAVNICXX,2023,0.0
GLOBAL,PWRWAVNICXX,2024,0.0
GLOBAL,PWRWAVNICXX,2025,0.0
GLOBAL,PWRWAVNICXX,2026,0.0
GLOBAL,PWRWAVNICXX,2027,0.0
GLOBAL,PWRWAVNICXX,2028,0.0
GLOBAL,PWRWAVNICXX,2029,0.0
GLOBAL,PWRWAVNICXX,2030,0.0
GLOBAL,PWRWAVNICXX,2031,0.0
GLOBAL,PWRWAVNICXX,2032,0.0
GLOBAL,PWRWAVNICXX,2033,0.0
GLOBAL,PWRWAVNICXX,2034,0.0
GLOBAL,PWRWAVNICXX,2035,0.0
GLOBAL,PWRWAVNICXX,2036,0.0
GLOBAL,PWRWAVNICXX,2037,0.0
GLOBAL,PWRWAVNICXX,2038,0.0
GLOBAL,PWRWAVNICXX,2039,0.0
GLOBAL,PWRWAVNICXX,2040,0.0
GLOBAL,PWRWAVNICXX,2041,0.0
GLOBAL,PWRWAVNICXX,2042,0.0
GLOBAL,PWRWAVNICXX,2043,0.0
GLOBAL,PWRWAVNICXX,2044,0.0
GLOBAL,PWRWAVNICXX,2045,0.0
GLOBAL,PWRWAVNICXX,2046,0.0
GLOBAL,PWRWAVNICXX,2047,0.0
GLOBAL,PWRWAVNICXX,2048,0.0
GLOBAL,PWRWAVNICXX,2049,0.0
GLOBAL,PWRWAVNICXX,2050,0.0
GLOBAL,PWRWAVPANXX,2023,0.0
GLOBAL,PWRWAVPANXX,2024,0.0
GLOBAL,PWRWAVPANXX,2025,0.0
GLOBAL,PWRWAVPANXX,2026,0.0
GLOBAL,PWRWAVPANXX,2027,0.0
GLOBAL,PWRWAVPANXX,2028,0.0
GLOBAL,PWRWAVPANXX,2029,0.0
GLOBAL,PWRWAVPANXX,2030,0.0
GLOBAL,PWRWAVPANXX,2031,0.0
GLOBAL,PWRWAVPANXX,2032,0.0
GLOBAL,PWRWAVPANXX,2033,0.0
GLOBAL,PWRWAVPANXX,2034,0.0
GLOBAL,PWRWAVPANXX,2035,0.0
GLOBAL,PWRWAVPANXX,2036,0.0
GLOBAL,PWRWAVPANXX,2037,0.0
GLOBAL,PWRWAVPANXX,2038,0.0
GLOBAL,PWRWAVPANXX,2039,0.0
GLOBAL,PWRWAVPANXX,2040,0.0
GLOBAL,PWRWAVPANXX,2041,0.0
GLOBAL,PWRWAVPANXX,2042,0.0
GLOBAL,PWRWAVPANXX,2043,0.0
GLOBAL,PWRWAVPANXX,2044,0.0
GLOBAL,PWRWAVPANXX,2045,0.0
GLOBAL,PWRWAVPANXX,2046,0.0
GLOBAL,PWRWAVPANXX,2047,0.0
GLOBAL,PWRWAVPANXX,2048,0.0
GLOBAL,PWRWAVPANXX,2049,0.0
GLOBAL,PWRWAVPANXX,2050,0.0
GLOBAL,PWRWAVPERXX,2023,0.0
GLOBAL,PWRWAVPERXX,2024,0.0
GLOBAL,PWRWAVPERXX,2025,0.0
GLOBAL,PWRWAVPERXX,2026,0.0
GLOBAL,PWRWAVPERXX,2027,0.0
GLOBAL,PWRWAVPERXX,2028,0.0
GLOBAL,PWRWAVPERXX,2029,0.0
GLOBAL,PWRWAVPERXX,2030,0.0
GLOBAL,PWRWAVPERXX,2031,0.0
GLOBAL,PWRWAVPERXX,2032,0.0
GLOBAL,PWRWAVPERXX,2033,0.0
GLOBAL,PWRWAVPERXX,2034,0.0
GLOBAL,PWRWAVPERXX,2035,0.0
GLOBAL,PWRWAVPERXX,2036,0.0
GLOBAL,PWRWAVPERXX,2037,0.0
GLOBAL,PWRWAVPERXX,2038,0.0
GLOBAL,PWRWAVPERXX,2039,0.0
GLOBAL,PWRWAVPERXX,2040,0.0
GLOBAL,PWRWAVPERXX,2041,0.0
GLOBAL,PWRWAVPERXX,2042,0.0
GLOBAL,PWRWAVPERXX,2043,0.0
GLOBAL,PWRWAVPERXX,2044,0.0
GLOBAL,PWRWAVPERXX,2045,0.0
GLOBAL,PWRWAVPERXX,2046,0.0
GLOBAL,PWRWAVPERXX,2047,0.0
GLOBAL,PWRWAVPERXX,2048,0.0
GLOBAL,PWRWAVPERXX,2049,0.0
GLOBAL,PWRWAVPERXX,2050,0.0
GLOBAL,PWRWAVPRYXX,2023,0.0
GLOBAL,PWRWAVPRYXX,2024,0.0
GLOBAL,PWRWAVPRYXX,2025,0.0
GLOBAL,PWRWAVPRYXX,2026,0.0
GLOBAL,PWRWAVPRYXX,2027,0.0
GLOBAL,PWRWAVPRYXX,2028,0.0
GLOBAL,PWRWAVPRYXX,2029,0.0
GLOBAL,PWRWAVPRYXX,2030,0.0
GLOBAL,PWRWAVPRYXX,2031,0.0
GLOBAL,PWRWAVPRYXX,2032,0.0
GLOBAL,PWRWAVPRYXX,2033,0.0
GLOBAL,PWRWAVPRYXX,2034,0.0
GLOBAL,PWRWAVPRYXX,2035,0.0
GLOBAL,PWRWAVPRYXX,2036,0.0
GLOBAL,PWRWAVPRYXX,2037,0.0
GLOBAL,PWRWAVPRYXX,2038,0.0
GLOBAL,PWRWAVPRYXX,2039,0.0
GLOBAL,PWRWAVPRYXX,2040,0.0
GLOBAL,PWRWAVPRYXX,2041,0.0
GLOBAL,PWRWAVPRYXX,2042,0.0
GLOBAL,PWRWAVPRYXX,2043,0.0
GLOBAL,PWRWAVPRYXX,2044,0.0
GLOBAL,PWRWAVPRYXX,2045,0.0
GLOBAL,PWRWAVPRYXX,2046,0.0
GLOBAL,PWRWAVPRYXX,2047,0.0
GLOBAL,PWRWAVPRYXX,2048,0.0
GLOBAL,PWRWAVPRYXX,2049,0.0
GLOBAL,PWRWAVPRYXX,2050,0.0
GLOBAL,PWRWAVSLVXX,2023,0.0
GLOBAL,PWRWAVSLVXX,2024,0.0
GLOBAL,PWRWAVSLVXX,2025,0.0
GLOBAL,PWRWAVSLVXX,2026,0.0
GLOBAL,PWRWAVSLVXX,2027,0.0
GLOBAL,PWRWAVSLVXX,2028,0.0
GLOBAL,PWRWAVSLVXX,2029,0.0
GLOBAL,PWRWAVSLVXX,2030,0.0
GLOBAL,PWRWAVSLVXX,2031,0.0
GLOBAL,PWRWAVSLVXX,2032,0.0
GLOBAL,PWRWAVSLVXX,2033,0.0
GLOBAL,PWRWAVSLVXX,2034,0.0
GLOBAL,PWRWAVSLVXX,2035,0.0
GLOBAL,PWRWAVSLVXX,2036,0.0
GLOBAL,PWRWAVSLVXX,2037,0.0
GLOBAL,PWRWAVSLVXX,2038,0.0
GLOBAL,PWRWAVSLVXX,2039,0.0
GLOBAL,PWRWAVSLVXX,2040,0.0
GLOBAL,PWRWAVSLVXX,2041,0.0
GLOBAL,PWRWAVSLVXX,2042,0.0
GLOBAL,PWRWAVSLVXX,2043,0.0
GLOBAL,PWRWAVSLVXX,2044,0.0
GLOBAL,PWRWAVSLVXX,2045,0.0
GLOBAL,PWRWAVSLVXX,2046,0.0
GLOBAL,PWRWAVSLVXX,2047,0.0
GLOBAL,PWRWAVSLVXX,2048,0.0
GLOBAL,PWRWAVSLVXX,2049,0.0
GLOBAL,PWRWAVSLVXX,2050,0.0
GLOBAL,PWRWAVURYXX,2023,0.0
GLOBAL,PWRWAVURYXX,2024,0.0
GLOBAL,PWRWAVURYXX,2025,0.0
GLOBAL,PWRWAVURYXX,2026,0.0
GLOBAL,PWRWAVURYXX,2027,0.0
GLOBAL,PWRWAVURYXX,2028,0.0
GLOBAL,PWRWAVURYXX,2029,0.0
GLOBAL,PWRWAVURYXX,2030,0.0
GLOBAL,PWRWAVURYXX,2031,0.0
GLOBAL,PWRWAVURYXX,2032,0.0
GLOBAL,PWRWAVURYXX,2033,0.0
GLOBAL,PWRWAVURYXX,2034,0.0
GLOBAL,PWRWAVURYXX,2035,0.0
GLOBAL,PWRWAVURYXX,2036,0.0
GLOBAL,PWRWAVURYXX,2037,0.0
GLOBAL,PWRWAVURYXX,2038,0.0
GLOBAL,PWRWAVURYXX,2039,0.0
GLOBAL,PWRWAVURYXX,2040,0.0
GLOBAL,PWRWAVURYXX,2041,0.0
GLOBAL,PWRWAVURYXX,2042,0.0
GLOBAL,PWRWAVURYXX,2043,0.0
GLOBAL,PWRWAVURYXX,2044,0.0
GLOBAL,PWRWAVURYXX,2045,0.0
GLOBAL,PWRWAVURYXX,2046,0.0
GLOBAL,PWRWAVURYXX,2047,0.0
GLOBAL,PWRWAVURYXX,2048,0.0
GLOBAL,PWRWAVURYXX,2049,0.0
GLOBAL,PWRWAVURYXX,2050,0.0
