PARAMETER,Scenario,REGION,TECHNOLOGY,FUEL,EMISSION,MODE_OF_OPERATION,YEAR,TIMESLICE,SEASON,DAYTYPE,DAILYTIMEBRACKET,STORAGE,Value
AvailabilityFactor,INV,GLOBAL,PWRBIOBRBXX,,,,2023,,,,,,0.5
AvailabilityFactor,INV,GLOBAL,PWRBIOBRBXX,,,,2024,,,,,,0.5
AvailabilityFactor,INV,GLOBAL,PWRBIOBRBXX,,,,2025,,,,,,0.5
AvailabilityFactor,INV,GLOBAL,PWRBIOBRBXX,,,,2026,,,,,,0.5
AvailabilityFactor,INV,GLOBAL,PWRBIOBRBXX,,,,2027,,,,,,0.5
AvailabilityFactor,INV,GLOBAL,PWRBIOBRBXX,,,,2028,,,,,,0.5
AvailabilityFactor,INV,GLOBAL,PWRBIOBRBXX,,,,2029,,,,,,0.5
AvailabilityFactor,INV,GLOBAL,PWRBIOBRBXX,,,,2030,,,,,,0.5
AvailabilityFactor,INV,GLOBAL,PWRBIOBRBXX,,,,2031,,,,,,0.5
AvailabilityFactor,INV,GLOBAL,PWRBIOBRBXX,,,,2032,,,,,,0.5
AvailabilityFactor,INV,GLOBAL,PWRBIOBRBXX,,,,2033,,,,,,0.5
AvailabilityFactor,INV,GLOBAL,PWRBIOBRBXX,,,,2034,,,,,,0.5
AvailabilityFactor,INV,GLOBAL,PWRBIOBRBXX,,,,2035,,,,,,0.5
AvailabilityFactor,INV,GLOBAL,PWRBIOBRBXX,,,,2036,,,,,,0.5
AvailabilityFactor,INV,GLOBAL,PWRBIOBRBXX,,,,2037,,,,,,0.5
AvailabilityFactor,INV,GLOBAL,PWRBIOBRBXX,,,,2038,,,,,,0.5
AvailabilityFactor,INV,GLOBAL,PWRBIOBRBXX,,,,2039,,,,,,0.5
AvailabilityFactor,INV,GLOBAL,PWRBIOBRBXX,,,,2040,,,,,,0.5
AvailabilityFactor,INV,GLOBAL,PWRBIOBRBXX,,,,2041,,,,,,0.5
AvailabilityFactor,INV,GLOBAL,PWRBIOBRBXX,,,,2042,,,,,,0.5
AvailabilityFactor,INV,GLOBAL,PWRBIOBRBXX,,,,2043,,,,,,0.5
AvailabilityFactor,INV,GLOBAL,PWRBIOBRBXX,,,,2044,,,,,,0.5
AvailabilityFactor,INV,GLOBAL,PWRBIOBRBXX,,,,2045,,,,,,0.5
AvailabilityFactor,INV,GLOBAL,PWRBIOBRBXX,,,,2046,,,,,,0.5
AvailabilityFactor,INV,GLOBAL,PWRBIOBRBXX,,,,2047,,,,,,0.5
AvailabilityFactor,INV,GLOBAL,PWRBIOBRBXX,,,,2048,,,,,,0.5
AvailabilityFactor,INV,GLOBAL,PWRBIOBRBXX,,,,2049,,,,,,0.5
AvailabilityFactor,INV,GLOBAL,PWRBIOBRBXX,,,,2050,,,,,,0.5
AvailabilityFactor,INV,GLOBAL,PWRPETPANXX,,,,2023,,,,,,0.8
AvailabilityFactor,INV,GLOBAL,PWRPETPANXX,,,,2024,,,,,,0.8
AvailabilityFactor,INV,GLOBAL,PWRPETPANXX,,,,2025,,,,,,0.8
AvailabilityFactor,INV,GLOBAL,PWRPETPANXX,,,,2026,,,,,,0.8
AvailabilityFactor,INV,GLOBAL,PWRPETPANXX,,,,2027,,,,,,0.8
AvailabilityFactor,INV,GLOBAL,PWRPETPANXX,,,,2028,,,,,,0.8
AvailabilityFactor,INV,GLOBAL,PWRPETPANXX,,,,2029,,,,,,0.8
AvailabilityFactor,INV,GLOBAL,PWRPETPANXX,,,,2030,,,,,,0.8
AvailabilityFactor,INV,GLOBAL,PWRPETPANXX,,,,2031,,,,,,0.8
AvailabilityFactor,INV,GLOBAL,PWRPETPANXX,,,,2032,,,,,,0.8
AvailabilityFactor,INV,GLOBAL,PWRPETPANXX,,,,2033,,,,,,0.8
AvailabilityFactor,INV,GLOBAL,PWRPETPANXX,,,,2034,,,,,,0.8
AvailabilityFactor,INV,GLOBAL,PWRPETPANXX,,,,2035,,,,,,0.8
AvailabilityFactor,INV,GLOBAL,PWRPETPANXX,,,,2036,,,,,,0.8
AvailabilityFactor,INV,GLOBAL,PWRPETPANXX,,,,2037,,,,,,0.8
AvailabilityFactor,INV,GLOBAL,PWRPETPANXX,,,,2038,,,,,,0.8
AvailabilityFactor,INV,GLOBAL,PWRPETPANXX,,,,2039,,,,,,0.8
AvailabilityFactor,INV,GLOBAL,PWRPETPANXX,,,,2040,,,,,,0.8
AvailabilityFactor,INV,GLOBAL,PWRPETPANXX,,,,2041,,,,,,0.8
AvailabilityFactor,INV,GLOBAL,PWRPETPANXX,,,,2042,,,,,,0.8
AvailabilityFactor,INV,GLOBAL,PWRPETPANXX,,,,2043,,,,,,0.8
AvailabilityFactor,INV,GLOBAL,PWRPETPANXX,,,,2044,,,,,,0.8
AvailabilityFactor,INV,GLOBAL,PWRPETPANXX,,,,2045,,,,,,0.8
AvailabilityFactor,INV,GLOBAL,PWRPETPANXX,,,,2046,,,,,,0.8
AvailabilityFactor,INV,GLOBAL,PWRPETPANXX,,,,2047,,,,,,0.8
AvailabilityFactor,INV,GLOBAL,PWRPETPANXX,,,,2048,,,,,,0.8
AvailabilityFactor,INV,GLOBAL,PWRPETPANXX,,,,2049,,,,,,0.8
AvailabilityFactor,INV,GLOBAL,PWRPETPANXX,,,,2050,,,,,,0.8
AvailabilityFactor,INV,GLOBAL,PWRSPVBRAXX,,,,2023,,,,,,0.9
AvailabilityFactor,INV,GLOBAL,PWRSPVBRAXX,,,,2024,,,,,,0.9
AvailabilityFactor,INV,GLOBAL,PWRSPVBRAXX,,,,2025,,,,,,0.9
AvailabilityFactor,INV,GLOBAL,PWRSPVBRAXX,,,,2026,,,,,,0.9
AvailabilityFactor,INV,GLOBAL,PWRSPVBRAXX,,,,2027,,,,,,0.9
AvailabilityFactor,INV,GLOBAL,PWRSPVBRAXX,,,,2028,,,,,,0.9
AvailabilityFactor,INV,GLOBAL,PWRSPVBRAXX,,,,2029,,,,,,0.9
AvailabilityFactor,INV,GLOBAL,PWRSPVBRAXX,,,,2030,,,,,,0.9
AvailabilityFactor,INV,GLOBAL,PWRSPVBRAXX,,,,2031,,,,,,0.9
AvailabilityFactor,INV,GLOBAL,PWRSPVBRAXX,,,,2032,,,,,,0.9
AvailabilityFactor,INV,GLOBAL,PWRSPVBRAXX,,,,2033,,,,,,0.9
AvailabilityFactor,INV,GLOBAL,PWRSPVBRAXX,,,,2034,,,,,,0.9
AvailabilityFactor,INV,GLOBAL,PWRSPVBRAXX,,,,2035,,,,,,0.9
AvailabilityFactor,INV,GLOBAL,PWRSPVBRAXX,,,,2036,,,,,,0.9
AvailabilityFactor,INV,GLOBAL,PWRSPVBRAXX,,,,2037,,,,,,0.9
AvailabilityFactor,INV,GLOBAL,PWRSPVBRAXX,,,,2038,,,,,,0.9
AvailabilityFactor,INV,GLOBAL,PWRSPVBRAXX,,,,2039,,,,,,0.9
AvailabilityFactor,INV,GLOBAL,PWRSPVBRAXX,,,,2040,,,,,,0.9
AvailabilityFactor,INV,GLOBAL,PWRSPVBRAXX,,,,2041,,,,,,0.9
AvailabilityFactor,INV,GLOBAL,PWRSPVBRAXX,,,,2042,,,,,,0.9
AvailabilityFactor,INV,GLOBAL,PWRSPVBRAXX,,,,2043,,,,,,0.9
AvailabilityFactor,INV,GLOBAL,PWRSPVBRAXX,,,,2044,,,,,,0.9
AvailabilityFactor,INV,GLOBAL,PWRSPVBRAXX,,,,2045,,,,,,0.9
AvailabilityFactor,INV,GLOBAL,PWRSPVBRAXX,,,,2046,,,,,,0.9
AvailabilityFactor,INV,GLOBAL,PWRSPVBRAXX,,,,2047,,,,,,0.9
AvailabilityFactor,INV,GLOBAL,PWRSPVBRAXX,,,,2048,,,,,,0.9
AvailabilityFactor,INV,GLOBAL,PWRSPVBRAXX,,,,2049,,,,,,0.9
AvailabilityFactor,INV,GLOBAL,PWRSPVBRAXX,,,,2050,,,,,,0.9
AvailabilityFactor,INV,GLOBAL,PWRWOFMEXXX,,,,2023,,,,,,0.9
AvailabilityFactor,INV,GLOBAL,PWRWOFMEXXX,,,,2024,,,,,,0.9
AvailabilityFactor,INV,GLOBAL,PWRWOFMEXXX,,,,2025,,,,,,0.9
AvailabilityFactor,INV,GLOBAL,PWRWOFMEXXX,,,,2026,,,,,,0.9
AvailabilityFactor,INV,GLOBAL,PWRWOFMEXXX,,,,2027,,,,,,0.9
AvailabilityFactor,INV,GLOBAL,PWRWOFMEXXX,,,,2028,,,,,,0.9
AvailabilityFactor,INV,GLOBAL,PWRWOFMEXXX,,,,2029,,,,,,0.9
AvailabilityFactor,INV,GLOBAL,PWRWOFMEXXX,,,,2030,,,,,,0.9
AvailabilityFactor,INV,GLOBAL,PWRWOFMEXXX,,,,2031,,,,,,0.9
AvailabilityFactor,INV,GLOBAL,PWRWOFMEXXX,,,,2032,,,,,,0.9
AvailabilityFactor,INV,GLOBAL,PWRWOFMEXXX,,,,2033,,,,,,0.9
AvailabilityFactor,INV,GLOBAL,PWRWOFMEXXX,,,,2034,,,,,,0.9
AvailabilityFactor,INV,GLOBAL,PWRWOFMEXXX,,,,2035,,,,,,0.9
AvailabilityFactor,INV,GLOBAL,PWRWOFMEXXX,,,,2036,,,,,,0.9
AvailabilityFactor,INV,GLOBAL,PWRWOFMEXXX,,,,2037,,,,,,0.9
AvailabilityFactor,INV,GLOBAL,PWRWOFMEXXX,,,,2038,,,,,,0.9
AvailabilityFactor,INV,GLOBAL,PWRWOFMEXXX,,,,2039,,,,,,0.9
AvailabilityFactor,INV,GLOBAL,PWRWOFMEXXX,,,,2040,,,,,,0.9
AvailabilityFactor,INV,GLOBAL,PWRWOFMEXXX,,,,2041,,,,,,0.9
AvailabilityFactor,INV,GLOBAL,PWRWOFMEXXX,,,,2042,,,,,,0.9
AvailabilityFactor,INV,GLOBAL,PWRWOFMEXXX,,,,2043,,,,,,0.9
AvailabilityFactor,INV,GLOBAL,PWRWOFMEXXX,,,,2044,,,,,,0.9
AvailabilityFactor,INV,GLOBAL,PWRWOFMEXXX,,,,2045,,,,,,0.9
AvailabilityFactor,INV,GLOBAL,PWRWOFMEXXX,,,,2046,,,,,,0.9
AvailabilityFactor,INV,GLOBAL,PWRWOFMEXXX,,,,2047,,,,,,0.9
AvailabilityFactor,INV,GLOBAL,PWRWOFMEXXX,,,,2048,,,,,,0.9
AvailabilityFactor,INV,GLOBAL,PWRWOFMEXXX,,,,2049,,,,,,0.9
AvailabilityFactor,INV,GLOBAL,PWRWOFMEXXX,,,,2050,,,,,,0.9
AvailabilityFactor,INV,GLOBAL,PWRCOAECUXX,,,,2023,,,,,,0.9
AvailabilityFactor,INV,GLOBAL,PWRCOAECUXX,,,,2024,,,,,,0.9
AvailabilityFactor,INV,GLOBAL,PWRCOAECUXX,,,,2025,,,,,,0.9
AvailabilityFactor,INV,GLOBAL,PWRCOAECUXX,,,,2026,,,,,,0.9
AvailabilityFactor,INV,GLOBAL,PWRCOAECUXX,,,,2027,,,,,,0.9
AvailabilityFactor,INV,GLOBAL,PWRCOAECUXX,,,,2028,,,,,,0.9
AvailabilityFactor,INV,GLOBAL,PWRCOAECUXX,,,,2029,,,,,,0.9
AvailabilityFactor,INV,GLOBAL,PWRCOAECUXX,,,,2030,,,,,,0.9
AvailabilityFactor,INV,GLOBAL,PWRCOAECUXX,,,,2031,,,,,,0.9
AvailabilityFactor,INV,GLOBAL,PWRCOAECUXX,,,,2032,,,,,,0.9
AvailabilityFactor,INV,GLOBAL,PWRCOAECUXX,,,,2033,,,,,,0.9
AvailabilityFactor,INV,GLOBAL,PWRCOAECUXX,,,,2034,,,,,,0.9
AvailabilityFactor,INV,GLOBAL,PWRCOAECUXX,,,,2035,,,,,,0.9
AvailabilityFactor,INV,GLOBAL,PWRCOAECUXX,,,,2036,,,,,,0.9
AvailabilityFactor,INV,GLOBAL,PWRCOAECUXX,,,,2037,,,,,,0.9
AvailabilityFactor,INV,GLOBAL,PWRCOAECUXX,,,,2038,,,,,,0.9
AvailabilityFactor,INV,GLOBAL,PWRCOAECUXX,,,,2039,,,,,,0.9
AvailabilityFactor,INV,GLOBAL,PWRCOAECUXX,,,,2040,,,,,,0.9
AvailabilityFactor,INV,GLOBAL,PWRCOAECUXX,,,,2041,,,,,,0.9
AvailabilityFactor,INV,GLOBAL,PWRCOAECUXX,,,,2042,,,,,,0.9
AvailabilityFactor,INV,GLOBAL,PWRCOAECUXX,,,,2043,,,,,,0.9
AvailabilityFactor,INV,GLOBAL,PWRCOAECUXX,,,,2044,,,,,,0.9
AvailabilityFactor,INV,GLOBAL,PWRCOAECUXX,,,,2045,,,,,,0.9
AvailabilityFactor,INV,GLOBAL,PWRCOAECUXX,,,,2046,,,,,,0.9
AvailabilityFactor,INV,GLOBAL,PWRCOAECUXX,,,,2047,,,,,,0.9
AvailabilityFactor,INV,GLOBAL,PWRCOAECUXX,,,,2048,,,,,,0.9
AvailabilityFactor,INV,GLOBAL,PWRCOAECUXX,,,,2049,,,,,,0.9
AvailabilityFactor,INV,GLOBAL,PWRCOAECUXX,,,,2050,,,,,,0.9
AvailabilityFactor,INV,GLOBAL,PWRSPVMEXXX,,,,2023,,,,,,0.9
AvailabilityFactor,INV,GLOBAL,PWRSPVMEXXX,,,,2024,,,,,,0.9
AvailabilityFactor,INV,GLOBAL,PWRSPVMEXXX,,,,2025,,,,,,0.9
AvailabilityFactor,INV,GLOBAL,PWRSPVMEXXX,,,,2026,,,,,,0.9
AvailabilityFactor,INV,GLOBAL,PWRSPVMEXXX,,,,2027,,,,,,0.9
AvailabilityFactor,INV,GLOBAL,PWRSPVMEXXX,,,,2028,,,,,,0.9
AvailabilityFactor,INV,GLOBAL,PWRSPVMEXXX,,,,2029,,,,,,0.9
AvailabilityFactor,INV,GLOBAL,PWRSPVMEXXX,,,,2030,,,,,,0.9
AvailabilityFactor,INV,GLOBAL,PWRSPVMEXXX,,,,2031,,,,,,0.9
AvailabilityFactor,INV,GLOBAL,PWRSPVMEXXX,,,,2032,,,,,,0.9
AvailabilityFactor,INV,GLOBAL,PWRSPVMEXXX,,,,2033,,,,,,0.9
AvailabilityFactor,INV,GLOBAL,PWRSPVMEXXX,,,,2034,,,,,,0.9
AvailabilityFactor,INV,GLOBAL,PWRSPVMEXXX,,,,2035,,,,,,0.9
AvailabilityFactor,INV,GLOBAL,PWRSPVMEXXX,,,,2036,,,,,,0.9
AvailabilityFactor,INV,GLOBAL,PWRSPVMEXXX,,,,2037,,,,,,0.9
AvailabilityFactor,INV,GLOBAL,PWRSPVMEXXX,,,,2038,,,,,,0.9
AvailabilityFactor,INV,GLOBAL,PWRSPVMEXXX,,,,2039,,,,,,0.9
AvailabilityFactor,INV,GLOBAL,PWRSPVMEXXX,,,,2040,,,,,,0.9
AvailabilityFactor,INV,GLOBAL,PWRSPVMEXXX,,,,2041,,,,,,0.9
AvailabilityFactor,INV,GLOBAL,PWRSPVMEXXX,,,,2042,,,,,,0.9
AvailabilityFactor,INV,GLOBAL,PWRSPVMEXXX,,,,2043,,,,,,0.9
AvailabilityFactor,INV,GLOBAL,PWRSPVMEXXX,,,,2044,,,,,,0.9
AvailabilityFactor,INV,GLOBAL,PWRSPVMEXXX,,,,2045,,,,,,0.9
AvailabilityFactor,INV,GLOBAL,PWRSPVMEXXX,,,,2046,,,,,,0.9
AvailabilityFactor,INV,GLOBAL,PWRSPVMEXXX,,,,2047,,,,,,0.9
AvailabilityFactor,INV,GLOBAL,PWRSPVMEXXX,,,,2048,,,,,,0.9
AvailabilityFactor,INV,GLOBAL,PWRSPVMEXXX,,,,2049,,,,,,0.9
AvailabilityFactor,INV,GLOBAL,PWRSPVMEXXX,,,,2050,,,,,,0.9
AvailabilityFactor,INV,GLOBAL,PWRGEODOMXX,,,,2023,,,,,,0.9
AvailabilityFactor,INV,GLOBAL,PWRGEODOMXX,,,,2024,,,,,,0.9
AvailabilityFactor,INV,GLOBAL,PWRGEODOMXX,,,,2025,,,,,,0.9
AvailabilityFactor,INV,GLOBAL,PWRGEODOMXX,,,,2026,,,,,,0.9
AvailabilityFactor,INV,GLOBAL,PWRGEODOMXX,,,,2027,,,,,,0.9
AvailabilityFactor,INV,GLOBAL,PWRGEODOMXX,,,,2028,,,,,,0.9
AvailabilityFactor,INV,GLOBAL,PWRGEODOMXX,,,,2029,,,,,,0.9
AvailabilityFactor,INV,GLOBAL,PWRGEODOMXX,,,,2030,,,,,,0.9
AvailabilityFactor,INV,GLOBAL,PWRGEODOMXX,,,,2031,,,,,,0.9
AvailabilityFactor,INV,GLOBAL,PWRGEODOMXX,,,,2032,,,,,,0.9
AvailabilityFactor,INV,GLOBAL,PWRGEODOMXX,,,,2033,,,,,,0.9
AvailabilityFactor,INV,GLOBAL,PWRGEODOMXX,,,,2034,,,,,,0.9
AvailabilityFactor,INV,GLOBAL,PWRGEODOMXX,,,,2035,,,,,,0.9
AvailabilityFactor,INV,GLOBAL,PWRGEODOMXX,,,,2036,,,,,,0.9
AvailabilityFactor,INV,GLOBAL,PWRGEODOMXX,,,,2037,,,,,,0.9
AvailabilityFactor,INV,GLOBAL,PWRGEODOMXX,,,,2038,,,,,,0.9
AvailabilityFactor,INV,GLOBAL,PWRGEODOMXX,,,,2039,,,,,,0.9
AvailabilityFactor,INV,GLOBAL,PWRGEODOMXX,,,,2040,,,,,,0.9
AvailabilityFactor,INV,GLOBAL,PWRGEODOMXX,,,,2041,,,,,,0.9
AvailabilityFactor,INV,GLOBAL,PWRGEODOMXX,,,,2042,,,,,,0.9
AvailabilityFactor,INV,GLOBAL,PWRGEODOMXX,,,,2043,,,,,,0.9
AvailabilityFactor,INV,GLOBAL,PWRGEODOMXX,,,,2044,,,,,,0.9
AvailabilityFactor,INV,GLOBAL,PWRGEODOMXX,,,,2045,,,,,,0.9
AvailabilityFactor,INV,GLOBAL,PWRGEODOMXX,,,,2046,,,,,,0.9
AvailabilityFactor,INV,GLOBAL,PWRGEODOMXX,,,,2047,,,,,,0.9
AvailabilityFactor,INV,GLOBAL,PWRGEODOMXX,,,,2048,,,,,,0.9
AvailabilityFactor,INV,GLOBAL,PWRGEODOMXX,,,,2049,,,,,,0.9
AvailabilityFactor,INV,GLOBAL,PWRGEODOMXX,,,,2050,,,,,,0.9
AvailabilityFactor,INV,GLOBAL,PWROILBRBXX,,,,2023,,,,,,0.8
AvailabilityFactor,INV,GLOBAL,PWROILBRBXX,,,,2024,,,,,,0.8
AvailabilityFactor,INV,GLOBAL,PWROILBRBXX,,,,2025,,,,,,0.8
AvailabilityFactor,INV,GLOBAL,PWROILBRBXX,,,,2026,,,,,,0.8
AvailabilityFactor,INV,GLOBAL,PWROILBRBXX,,,,2027,,,,,,0.8
AvailabilityFactor,INV,GLOBAL,PWROILBRBXX,,,,2028,,,,,,0.8
AvailabilityFactor,INV,GLOBAL,PWROILBRBXX,,,,2029,,,,,,0.8
AvailabilityFactor,INV,GLOBAL,PWROILBRBXX,,,,2030,,,,,,0.8
AvailabilityFactor,INV,GLOBAL,PWROILBRBXX,,,,2031,,,,,,0.8
AvailabilityFactor,INV,GLOBAL,PWROILBRBXX,,,,2032,,,,,,0.8
AvailabilityFactor,INV,GLOBAL,PWROILBRBXX,,,,2033,,,,,,0.8
AvailabilityFactor,INV,GLOBAL,PWROILBRBXX,,,,2034,,,,,,0.8
AvailabilityFactor,INV,GLOBAL,PWROILBRBXX,,,,2035,,,,,,0.8
AvailabilityFactor,INV,GLOBAL,PWROILBRBXX,,,,2036,,,,,,0.8
AvailabilityFactor,INV,GLOBAL,PWROILBRBXX,,,,2037,,,,,,0.8
AvailabilityFactor,INV,GLOBAL,PWROILBRBXX,,,,2038,,,,,,0.8
AvailabilityFactor,INV,GLOBAL,PWROILBRBXX,,,,2039,,,,,,0.8
AvailabilityFactor,INV,GLOBAL,PWROILBRBXX,,,,2040,,,,,,0.8
AvailabilityFactor,INV,GLOBAL,PWROILBRBXX,,,,2041,,,,,,0.8
AvailabilityFactor,INV,GLOBAL,PWROILBRBXX,,,,2042,,,,,,0.8
AvailabilityFactor,INV,GLOBAL,PWROILBRBXX,,,,2043,,,,,,0.8
AvailabilityFactor,INV,GLOBAL,PWROILBRBXX,,,,2044,,,,,,0.8
AvailabilityFactor,INV,GLOBAL,PWROILBRBXX,,,,2045,,,,,,0.8
AvailabilityFactor,INV,GLOBAL,PWROILBRBXX,,,,2046,,,,,,0.8
AvailabilityFactor,INV,GLOBAL,PWROILBRBXX,,,,2047,,,,,,0.8
AvailabilityFactor,INV,GLOBAL,PWROILBRBXX,,,,2048,,,,,,0.8
AvailabilityFactor,INV,GLOBAL,PWROILBRBXX,,,,2049,,,,,,0.8
AvailabilityFactor,INV,GLOBAL,PWROILBRBXX,,,,2050,,,,,,0.8
AvailabilityFactor,INV,GLOBAL,PWRCCSCRIXX,,,,2023,,,,,,0.9
AvailabilityFactor,INV,GLOBAL,PWRCCSCRIXX,,,,2024,,,,,,0.9
AvailabilityFactor,INV,GLOBAL,PWRCCSCRIXX,,,,2025,,,,,,0.9
AvailabilityFactor,INV,GLOBAL,PWRCCSCRIXX,,,,2026,,,,,,0.9
AvailabilityFactor,INV,GLOBAL,PWRCCSCRIXX,,,,2027,,,,,,0.9
AvailabilityFactor,INV,GLOBAL,PWRCCSCRIXX,,,,2028,,,,,,0.9
AvailabilityFactor,INV,GLOBAL,PWRCCSCRIXX,,,,2029,,,,,,0.9
AvailabilityFactor,INV,GLOBAL,PWRCCSCRIXX,,,,2030,,,,,,0.9
AvailabilityFactor,INV,GLOBAL,PWRCCSCRIXX,,,,2031,,,,,,0.9
AvailabilityFactor,INV,GLOBAL,PWRCCSCRIXX,,,,2032,,,,,,0.9
AvailabilityFactor,INV,GLOBAL,PWRCCSCRIXX,,,,2033,,,,,,0.9
AvailabilityFactor,INV,GLOBAL,PWRCCSCRIXX,,,,2034,,,,,,0.9
AvailabilityFactor,INV,GLOBAL,PWRCCSCRIXX,,,,2035,,,,,,0.9
AvailabilityFactor,INV,GLOBAL,PWRCCSCRIXX,,,,2036,,,,,,0.9
AvailabilityFactor,INV,GLOBAL,PWRCCSCRIXX,,,,2037,,,,,,0.9
AvailabilityFactor,INV,GLOBAL,PWRCCSCRIXX,,,,2038,,,,,,0.9
AvailabilityFactor,INV,GLOBAL,PWRCCSCRIXX,,,,2039,,,,,,0.9
AvailabilityFactor,INV,GLOBAL,PWRCCSCRIXX,,,,2040,,,,,,0.9
AvailabilityFactor,INV,GLOBAL,PWRCCSCRIXX,,,,2041,,,,,,0.9
AvailabilityFactor,INV,GLOBAL,PWRCCSCRIXX,,,,2042,,,,,,0.9
AvailabilityFactor,INV,GLOBAL,PWRCCSCRIXX,,,,2043,,,,,,0.9
AvailabilityFactor,INV,GLOBAL,PWRCCSCRIXX,,,,2044,,,,,,0.9
AvailabilityFactor,INV,GLOBAL,PWRCCSCRIXX,,,,2045,,,,,,0.9
AvailabilityFactor,INV,GLOBAL,PWRCCSCRIXX,,,,2046,,,,,,0.9
AvailabilityFactor,INV,GLOBAL,PWRCCSCRIXX,,,,2047,,,,,,0.9
AvailabilityFactor,INV,GLOBAL,PWRCCSCRIXX,,,,2048,,,,,,0.9
AvailabilityFactor,INV,GLOBAL,PWRCCSCRIXX,,,,2049,,,,,,0.9
AvailabilityFactor,INV,GLOBAL,PWRCCSCRIXX,,,,2050,,,,,,0.9
AvailabilityFactor,INV,GLOBAL,PWRWOFNICXX,,,,2023,,,,,,0.9
AvailabilityFactor,INV,GLOBAL,PWRWOFNICXX,,,,2024,,,,,,0.9
AvailabilityFactor,INV,GLOBAL,PWRWOFNICXX,,,,2025,,,,,,0.9
AvailabilityFactor,INV,GLOBAL,PWRWOFNICXX,,,,2026,,,,,,0.9
AvailabilityFactor,INV,GLOBAL,PWRWOFNICXX,,,,2027,,,,,,0.9
AvailabilityFactor,INV,GLOBAL,PWRWOFNICXX,,,,2028,,,,,,0.9
AvailabilityFactor,INV,GLOBAL,PWRWOFNICXX,,,,2029,,,,,,0.9
AvailabilityFactor,INV,GLOBAL,PWRWOFNICXX,,,,2030,,,,,,0.9
AvailabilityFactor,INV,GLOBAL,PWRWOFNICXX,,,,2031,,,,,,0.9
AvailabilityFactor,INV,GLOBAL,PWRWOFNICXX,,,,2032,,,,,,0.9
AvailabilityFactor,INV,GLOBAL,PWRWOFNICXX,,,,2033,,,,,,0.9
AvailabilityFactor,INV,GLOBAL,PWRWOFNICXX,,,,2034,,,,,,0.9
AvailabilityFactor,INV,GLOBAL,PWRWOFNICXX,,,,2035,,,,,,0.9
AvailabilityFactor,INV,GLOBAL,PWRWOFNICXX,,,,2036,,,,,,0.9
AvailabilityFactor,INV,GLOBAL,PWRWOFNICXX,,,,2037,,,,,,0.9
AvailabilityFactor,INV,GLOBAL,PWRWOFNICXX,,,,2038,,,,,,0.9
AvailabilityFactor,INV,GLOBAL,PWRWOFNICXX,,,,2039,,,,,,0.9
AvailabilityFactor,INV,GLOBAL,PWRWOFNICXX,,,,2040,,,,,,0.9
AvailabilityFactor,INV,GLOBAL,PWRWOFNICXX,,,,2041,,,,,,0.9
AvailabilityFactor,INV,GLOBAL,PWRWOFNICXX,,,,2042,,,,,,0.9
AvailabilityFactor,INV,GLOBAL,PWRWOFNICXX,,,,2043,,,,,,0.9
AvailabilityFactor,INV,GLOBAL,PWRWOFNICXX,,,,2044,,,,,,0.9
AvailabilityFactor,INV,GLOBAL,PWRWOFNICXX,,,,2045,,,,,,0.9
AvailabilityFactor,INV,GLOBAL,PWRWOFNICXX,,,,2046,,,,,,0.9
AvailabilityFactor,INV,GLOBAL,PWRWOFNICXX,,,,2047,,,,,,0.9
AvailabilityFactor,INV,GLOBAL,PWRWOFNICXX,,,,2048,,,,,,0.9
AvailabilityFactor,INV,GLOBAL,PWRWOFNICXX,,,,2049,,,,,,0.9
AvailabilityFactor,INV,GLOBAL,PWRWOFNICXX,,,,2050,,,,,,0.9
AvailabilityFactor,INV,GLOBAL,PWROILECUXX,,,,2023,,,,,,0.8
AvailabilityFactor,INV,GLOBAL,PWROILECUXX,,,,2024,,,,,,0.8
AvailabilityFactor,INV,GLOBAL,PWROILECUXX,,,,2025,,,,,,0.8
AvailabilityFactor,INV,GLOBAL,PWROILECUXX,,,,2026,,,,,,0.8
AvailabilityFactor,INV,GLOBAL,PWROILECUXX,,,,2027,,,,,,0.8
AvailabilityFactor,INV,GLOBAL,PWROILECUXX,,,,2028,,,,,,0.8
AvailabilityFactor,INV,GLOBAL,PWROILECUXX,,,,2029,,,,,,0.8
AvailabilityFactor,INV,GLOBAL,PWROILECUXX,,,,2030,,,,,,0.8
AvailabilityFactor,INV,GLOBAL,PWROILECUXX,,,,2031,,,,,,0.8
AvailabilityFactor,INV,GLOBAL,PWROILECUXX,,,,2032,,,,,,0.8
AvailabilityFactor,INV,GLOBAL,PWROILECUXX,,,,2033,,,,,,0.8
AvailabilityFactor,INV,GLOBAL,PWROILECUXX,,,,2034,,,,,,0.8
AvailabilityFactor,INV,GLOBAL,PWROILECUXX,,,,2035,,,,,,0.8
AvailabilityFactor,INV,GLOBAL,PWROILECUXX,,,,2036,,,,,,0.8
AvailabilityFactor,INV,GLOBAL,PWROILECUXX,,,,2037,,,,,,0.8
AvailabilityFactor,INV,GLOBAL,PWROILECUXX,,,,2038,,,,,,0.8
AvailabilityFactor,INV,GLOBAL,PWROILECUXX,,,,2039,,,,,,0.8
AvailabilityFactor,INV,GLOBAL,PWROILECUXX,,,,2040,,,,,,0.8
AvailabilityFactor,INV,GLOBAL,PWROILECUXX,,,,2041,,,,,,0.8
AvailabilityFactor,INV,GLOBAL,PWROILECUXX,,,,2042,,,,,,0.8
AvailabilityFactor,INV,GLOBAL,PWROILECUXX,,,,2043,,,,,,0.8
AvailabilityFactor,INV,GLOBAL,PWROILECUXX,,,,2044,,,,,,0.8
AvailabilityFactor,INV,GLOBAL,PWROILECUXX,,,,2045,,,,,,0.8
AvailabilityFactor,INV,GLOBAL,PWROILECUXX,,,,2046,,,,,,0.8
AvailabilityFactor,INV,GLOBAL,PWROILECUXX,,,,2047,,,,,,0.8
AvailabilityFactor,INV,GLOBAL,PWROILECUXX,,,,2048,,,,,,0.8
AvailabilityFactor,INV,GLOBAL,PWROILECUXX,,,,2049,,,,,,0.8
AvailabilityFactor,INV,GLOBAL,PWROILECUXX,,,,2050,,,,,,0.8
AvailabilityFactor,INV,GLOBAL,PWRURNARGXX,,,,2023,,,,,,0.9
AvailabilityFactor,INV,GLOBAL,PWRURNARGXX,,,,2024,,,,,,0.9
AvailabilityFactor,INV,GLOBAL,PWRURNARGXX,,,,2025,,,,,,0.9
AvailabilityFactor,INV,GLOBAL,PWRURNARGXX,,,,2026,,,,,,0.9
AvailabilityFactor,INV,GLOBAL,PWRURNARGXX,,,,2027,,,,,,0.9
AvailabilityFactor,INV,GLOBAL,PWRURNARGXX,,,,2028,,,,,,0.9
AvailabilityFactor,INV,GLOBAL,PWRURNARGXX,,,,2029,,,,,,0.9
AvailabilityFactor,INV,GLOBAL,PWRURNARGXX,,,,2030,,,,,,0.9
AvailabilityFactor,INV,GLOBAL,PWRURNARGXX,,,,2031,,,,,,0.9
AvailabilityFactor,INV,GLOBAL,PWRURNARGXX,,,,2032,,,,,,0.9
AvailabilityFactor,INV,GLOBAL,PWRURNARGXX,,,,2033,,,,,,0.9
AvailabilityFactor,INV,GLOBAL,PWRURNARGXX,,,,2034,,,,,,0.9
AvailabilityFactor,INV,GLOBAL,PWRURNARGXX,,,,2035,,,,,,0.9
AvailabilityFactor,INV,GLOBAL,PWRURNARGXX,,,,2036,,,,,,0.9
AvailabilityFactor,INV,GLOBAL,PWRURNARGXX,,,,2037,,,,,,0.9
AvailabilityFactor,INV,GLOBAL,PWRURNARGXX,,,,2038,,,,,,0.9
AvailabilityFactor,INV,GLOBAL,PWRURNARGXX,,,,2039,,,,,,0.9
AvailabilityFactor,INV,GLOBAL,PWRURNARGXX,,,,2040,,,,,,0.9
AvailabilityFactor,INV,GLOBAL,PWRURNARGXX,,,,2041,,,,,,0.9
AvailabilityFactor,INV,GLOBAL,PWRURNARGXX,,,,2042,,,,,,0.9
AvailabilityFactor,INV,GLOBAL,PWRURNARGXX,,,,2043,,,,,,0.9
AvailabilityFactor,INV,GLOBAL,PWRURNARGXX,,,,2044,,,,,,0.9
AvailabilityFactor,INV,GLOBAL,PWRURNARGXX,,,,2045,,,,,,0.9
AvailabilityFactor,INV,GLOBAL,PWRURNARGXX,,,,2046,,,,,,0.9
AvailabilityFactor,INV,GLOBAL,PWRURNARGXX,,,,2047,,,,,,0.9
AvailabilityFactor,INV,GLOBAL,PWRURNARGXX,,,,2048,,,,,,0.9
AvailabilityFactor,INV,GLOBAL,PWRURNARGXX,,,,2049,,,,,,0.9
AvailabilityFactor,INV,GLOBAL,PWRURNARGXX,,,,2050,,,,,,0.9
AvailabilityFactor,INV,GLOBAL,PWRWONPERXX,,,,2023,,,,,,0.9
AvailabilityFactor,INV,GLOBAL,PWRWONPERXX,,,,2024,,,,,,0.9
AvailabilityFactor,INV,GLOBAL,PWRWONPERXX,,,,2025,,,,,,0.9
AvailabilityFactor,INV,GLOBAL,PWRWONPERXX,,,,2026,,,,,,0.9
AvailabilityFactor,INV,GLOBAL,PWRWONPERXX,,,,2027,,,,,,0.9
AvailabilityFactor,INV,GLOBAL,PWRWONPERXX,,,,2028,,,,,,0.9
AvailabilityFactor,INV,GLOBAL,PWRWONPERXX,,,,2029,,,,,,0.9
AvailabilityFactor,INV,GLOBAL,PWRWONPERXX,,,,2030,,,,,,0.9
AvailabilityFactor,INV,GLOBAL,PWRWONPERXX,,,,2031,,,,,,0.9
AvailabilityFactor,INV,GLOBAL,PWRWONPERXX,,,,2032,,,,,,0.9
AvailabilityFactor,INV,GLOBAL,PWRWONPERXX,,,,2033,,,,,,0.9
AvailabilityFactor,INV,GLOBAL,PWRWONPERXX,,,,2034,,,,,,0.9
AvailabilityFactor,INV,GLOBAL,PWRWONPERXX,,,,2035,,,,,,0.9
AvailabilityFactor,INV,GLOBAL,PWRWONPERXX,,,,2036,,,,,,0.9
AvailabilityFactor,INV,GLOBAL,PWRWONPERXX,,,,2037,,,,,,0.9
AvailabilityFactor,INV,GLOBAL,PWRWONPERXX,,,,2038,,,,,,0.9
AvailabilityFactor,INV,GLOBAL,PWRWONPERXX,,,,2039,,,,,,0.9
AvailabilityFactor,INV,GLOBAL,PWRWONPERXX,,,,2040,,,,,,0.9
AvailabilityFactor,INV,GLOBAL,PWRWONPERXX,,,,2041,,,,,,0.9
AvailabilityFactor,INV,GLOBAL,PWRWONPERXX,,,,2042,,,,,,0.9
AvailabilityFactor,INV,GLOBAL,PWRWONPERXX,,,,2043,,,,,,0.9
AvailabilityFactor,INV,GLOBAL,PWRWONPERXX,,,,2044,,,,,,0.9
AvailabilityFactor,INV,GLOBAL,PWRWONPERXX,,,,2045,,,,,,0.9
AvailabilityFactor,INV,GLOBAL,PWRWONPERXX,,,,2046,,,,,,0.9
AvailabilityFactor,INV,GLOBAL,PWRWONPERXX,,,,2047,,,,,,0.9
AvailabilityFactor,INV,GLOBAL,PWRWONPERXX,,,,2048,,,,,,0.9
AvailabilityFactor,INV,GLOBAL,PWRWONPERXX,,,,2049,,,,,,0.9
AvailabilityFactor,INV,GLOBAL,PWRWONPERXX,,,,2050,,,,,,0.9
AvailabilityFactor,INV,GLOBAL,PWRWOFBRBXX,,,,2023,,,,,,0.9
AvailabilityFactor,INV,GLOBAL,PWRWOFBRBXX,,,,2024,,,,,,0.9
AvailabilityFactor,INV,GLOBAL,PWRWOFBRBXX,,,,2025,,,,,,0.9
AvailabilityFactor,INV,GLOBAL,PWRWOFBRBXX,,,,2026,,,,,,0.9
AvailabilityFactor,INV,GLOBAL,PWRWOFBRBXX,,,,2027,,,,,,0.9
AvailabilityFactor,INV,GLOBAL,PWRWOFBRBXX,,,,2028,,,,,,0.9
AvailabilityFactor,INV,GLOBAL,PWRWOFBRBXX,,,,2029,,,,,,0.9
AvailabilityFactor,INV,GLOBAL,PWRWOFBRBXX,,,,2030,,,,,,0.9
AvailabilityFactor,INV,GLOBAL,PWRWOFBRBXX,,,,2031,,,,,,0.9
AvailabilityFactor,INV,GLOBAL,PWRWOFBRBXX,,,,2032,,,,,,0.9
AvailabilityFactor,INV,GLOBAL,PWRWOFBRBXX,,,,2033,,,,,,0.9
AvailabilityFactor,INV,GLOBAL,PWRWOFBRBXX,,,,2034,,,,,,0.9
AvailabilityFactor,INV,GLOBAL,PWRWOFBRBXX,,,,2035,,,,,,0.9
AvailabilityFactor,INV,GLOBAL,PWRWOFBRBXX,,,,2036,,,,,,0.9
AvailabilityFactor,INV,GLOBAL,PWRWOFBRBXX,,,,2037,,,,,,0.9
AvailabilityFactor,INV,GLOBAL,PWRWOFBRBXX,,,,2038,,,,,,0.9
AvailabilityFactor,INV,GLOBAL,PWRWOFBRBXX,,,,2039,,,,,,0.9
AvailabilityFactor,INV,GLOBAL,PWRWOFBRBXX,,,,2040,,,,,,0.9
AvailabilityFactor,INV,GLOBAL,PWRWOFBRBXX,,,,2041,,,,,,0.9
AvailabilityFactor,INV,GLOBAL,PWRWOFBRBXX,,,,2042,,,,,,0.9
AvailabilityFactor,INV,GLOBAL,PWRWOFBRBXX,,,,2043,,,,,,0.9
AvailabilityFactor,INV,GLOBAL,PWRWOFBRBXX,,,,2044,,,,,,0.9
AvailabilityFactor,INV,GLOBAL,PWRWOFBRBXX,,,,2045,,,,,,0.9
AvailabilityFactor,INV,GLOBAL,PWRWOFBRBXX,,,,2046,,,,,,0.9
AvailabilityFactor,INV,GLOBAL,PWRWOFBRBXX,,,,2047,,,,,,0.9
AvailabilityFactor,INV,GLOBAL,PWRWOFBRBXX,,,,2048,,,,,,0.9
AvailabilityFactor,INV,GLOBAL,PWRWOFBRBXX,,,,2049,,,,,,0.9
AvailabilityFactor,INV,GLOBAL,PWRWOFBRBXX,,,,2050,,,,,,0.9
AvailabilityFactor,INV,GLOBAL,PWRNGSPANXX,,,,2023,,,,,,0.9
AvailabilityFactor,INV,GLOBAL,PWRNGSPANXX,,,,2024,,,,,,0.9
AvailabilityFactor,INV,GLOBAL,PWRNGSPANXX,,,,2025,,,,,,0.9
AvailabilityFactor,INV,GLOBAL,PWRNGSPANXX,,,,2026,,,,,,0.9
AvailabilityFactor,INV,GLOBAL,PWRNGSPANXX,,,,2027,,,,,,0.9
AvailabilityFactor,INV,GLOBAL,PWRNGSPANXX,,,,2028,,,,,,0.9
AvailabilityFactor,INV,GLOBAL,PWRNGSPANXX,,,,2029,,,,,,0.9
AvailabilityFactor,INV,GLOBAL,PWRNGSPANXX,,,,2030,,,,,,0.9
AvailabilityFactor,INV,GLOBAL,PWRNGSPANXX,,,,2031,,,,,,0.9
AvailabilityFactor,INV,GLOBAL,PWRNGSPANXX,,,,2032,,,,,,0.9
AvailabilityFactor,INV,GLOBAL,PWRNGSPANXX,,,,2033,,,,,,0.9
AvailabilityFactor,INV,GLOBAL,PWRNGSPANXX,,,,2034,,,,,,0.9
AvailabilityFactor,INV,GLOBAL,PWRNGSPANXX,,,,2035,,,,,,0.9
AvailabilityFactor,INV,GLOBAL,PWRNGSPANXX,,,,2036,,,,,,0.9
AvailabilityFactor,INV,GLOBAL,PWRNGSPANXX,,,,2037,,,,,,0.9
AvailabilityFactor,INV,GLOBAL,PWRNGSPANXX,,,,2038,,,,,,0.9
AvailabilityFactor,INV,GLOBAL,PWRNGSPANXX,,,,2039,,,,,,0.9
AvailabilityFactor,INV,GLOBAL,PWRNGSPANXX,,,,2040,,,,,,0.9
AvailabilityFactor,INV,GLOBAL,PWRNGSPANXX,,,,2041,,,,,,0.9
AvailabilityFactor,INV,GLOBAL,PWRNGSPANXX,,,,2042,,,,,,0.9
AvailabilityFactor,INV,GLOBAL,PWRNGSPANXX,,,,2043,,,,,,0.9
AvailabilityFactor,INV,GLOBAL,PWRNGSPANXX,,,,2044,,,,,,0.9
AvailabilityFactor,INV,GLOBAL,PWRNGSPANXX,,,,2045,,,,,,0.9
AvailabilityFactor,INV,GLOBAL,PWRNGSPANXX,,,,2046,,,,,,0.9
AvailabilityFactor,INV,GLOBAL,PWRNGSPANXX,,,,2047,,,,,,0.9
AvailabilityFactor,INV,GLOBAL,PWRNGSPANXX,,,,2048,,,,,,0.9
AvailabilityFactor,INV,GLOBAL,PWRNGSPANXX,,,,2049,,,,,,0.9
AvailabilityFactor,INV,GLOBAL,PWRNGSPANXX,,,,2050,,,,,,0.9
AvailabilityFactor,INV,GLOBAL,PWRGEOGTMXX,,,,2023,,,,,,0.9
AvailabilityFactor,INV,GLOBAL,PWRGEOGTMXX,,,,2024,,,,,,0.9
AvailabilityFactor,INV,GLOBAL,PWRGEOGTMXX,,,,2025,,,,,,0.9
AvailabilityFactor,INV,GLOBAL,PWRGEOGTMXX,,,,2026,,,,,,0.9
AvailabilityFactor,INV,GLOBAL,PWRGEOGTMXX,,,,2027,,,,,,0.9
AvailabilityFactor,INV,GLOBAL,PWRGEOGTMXX,,,,2028,,,,,,0.9
AvailabilityFactor,INV,GLOBAL,PWRGEOGTMXX,,,,2029,,,,,,0.9
AvailabilityFactor,INV,GLOBAL,PWRGEOGTMXX,,,,2030,,,,,,0.9
AvailabilityFactor,INV,GLOBAL,PWRGEOGTMXX,,,,2031,,,,,,0.9
AvailabilityFactor,INV,GLOBAL,PWRGEOGTMXX,,,,2032,,,,,,0.9
AvailabilityFactor,INV,GLOBAL,PWRGEOGTMXX,,,,2033,,,,,,0.9
AvailabilityFactor,INV,GLOBAL,PWRGEOGTMXX,,,,2034,,,,,,0.9
AvailabilityFactor,INV,GLOBAL,PWRGEOGTMXX,,,,2035,,,,,,0.9
AvailabilityFactor,INV,GLOBAL,PWRGEOGTMXX,,,,2036,,,,,,0.9
AvailabilityFactor,INV,GLOBAL,PWRGEOGTMXX,,,,2037,,,,,,0.9
AvailabilityFactor,INV,GLOBAL,PWRGEOGTMXX,,,,2038,,,,,,0.9
AvailabilityFactor,INV,GLOBAL,PWRGEOGTMXX,,,,2039,,,,,,0.9
AvailabilityFactor,INV,GLOBAL,PWRGEOGTMXX,,,,2040,,,,,,0.9
AvailabilityFactor,INV,GLOBAL,PWRGEOGTMXX,,,,2041,,,,,,0.9
AvailabilityFactor,INV,GLOBAL,PWRGEOGTMXX,,,,2042,,,,,,0.9
AvailabilityFactor,INV,GLOBAL,PWRGEOGTMXX,,,,2043,,,,,,0.9
AvailabilityFactor,INV,GLOBAL,PWRGEOGTMXX,,,,2044,,,,,,0.9
AvailabilityFactor,INV,GLOBAL,PWRGEOGTMXX,,,,2045,,,,,,0.9
AvailabilityFactor,INV,GLOBAL,PWRGEOGTMXX,,,,2046,,,,,,0.9
AvailabilityFactor,INV,GLOBAL,PWRGEOGTMXX,,,,2047,,,,,,0.9
AvailabilityFactor,INV,GLOBAL,PWRGEOGTMXX,,,,2048,,,,,,0.9
AvailabilityFactor,INV,GLOBAL,PWRGEOGTMXX,,,,2049,,,,,,0.9
AvailabilityFactor,INV,GLOBAL,PWRGEOGTMXX,,,,2050,,,,,,0.9
AvailabilityFactor,INV,GLOBAL,PWRHYDHTIXX,,,,2023,,,,,,0.9
AvailabilityFactor,INV,GLOBAL,PWRHYDHTIXX,,,,2024,,,,,,0.9
AvailabilityFactor,INV,GLOBAL,PWRHYDHTIXX,,,,2025,,,,,,0.9
AvailabilityFactor,INV,GLOBAL,PWRHYDHTIXX,,,,2026,,,,,,0.9
AvailabilityFactor,INV,GLOBAL,PWRHYDHTIXX,,,,2027,,,,,,0.9
AvailabilityFactor,INV,GLOBAL,PWRHYDHTIXX,,,,2028,,,,,,0.9
AvailabilityFactor,INV,GLOBAL,PWRHYDHTIXX,,,,2029,,,,,,0.9
AvailabilityFactor,INV,GLOBAL,PWRHYDHTIXX,,,,2030,,,,,,0.9
AvailabilityFactor,INV,GLOBAL,PWRHYDHTIXX,,,,2031,,,,,,0.9
AvailabilityFactor,INV,GLOBAL,PWRHYDHTIXX,,,,2032,,,,,,0.9
AvailabilityFactor,INV,GLOBAL,PWRHYDHTIXX,,,,2033,,,,,,0.9
AvailabilityFactor,INV,GLOBAL,PWRHYDHTIXX,,,,2034,,,,,,0.9
AvailabilityFactor,INV,GLOBAL,PWRHYDHTIXX,,,,2035,,,,,,0.9
AvailabilityFactor,INV,GLOBAL,PWRHYDHTIXX,,,,2036,,,,,,0.9
AvailabilityFactor,INV,GLOBAL,PWRHYDHTIXX,,,,2037,,,,,,0.9
AvailabilityFactor,INV,GLOBAL,PWRHYDHTIXX,,,,2038,,,,,,0.9
AvailabilityFactor,INV,GLOBAL,PWRHYDHTIXX,,,,2039,,,,,,0.9
AvailabilityFactor,INV,GLOBAL,PWRHYDHTIXX,,,,2040,,,,,,0.9
AvailabilityFactor,INV,GLOBAL,PWRHYDHTIXX,,,,2041,,,,,,0.9
AvailabilityFactor,INV,GLOBAL,PWRHYDHTIXX,,,,2042,,,,,,0.9
AvailabilityFactor,INV,GLOBAL,PWRHYDHTIXX,,,,2043,,,,,,0.9
AvailabilityFactor,INV,GLOBAL,PWRHYDHTIXX,,,,2044,,,,,,0.9
AvailabilityFactor,INV,GLOBAL,PWRHYDHTIXX,,,,2045,,,,,,0.9
AvailabilityFactor,INV,GLOBAL,PWRHYDHTIXX,,,,2046,,,,,,0.9
AvailabilityFactor,INV,GLOBAL,PWRHYDHTIXX,,,,2047,,,,,,0.9
AvailabilityFactor,INV,GLOBAL,PWRHYDHTIXX,,,,2048,,,,,,0.9
AvailabilityFactor,INV,GLOBAL,PWRHYDHTIXX,,,,2049,,,,,,0.9
AvailabilityFactor,INV,GLOBAL,PWRHYDHTIXX,,,,2050,,,,,,0.9
AvailabilityFactor,INV,GLOBAL,PWRGEOARGXX,,,,2023,,,,,,0.9
AvailabilityFactor,INV,GLOBAL,PWRGEOARGXX,,,,2024,,,,,,0.9
AvailabilityFactor,INV,GLOBAL,PWRGEOARGXX,,,,2025,,,,,,0.9
AvailabilityFactor,INV,GLOBAL,PWRGEOARGXX,,,,2026,,,,,,0.9
AvailabilityFactor,INV,GLOBAL,PWRGEOARGXX,,,,2027,,,,,,0.9
AvailabilityFactor,INV,GLOBAL,PWRGEOARGXX,,,,2028,,,,,,0.9
AvailabilityFactor,INV,GLOBAL,PWRGEOARGXX,,,,2029,,,,,,0.9
AvailabilityFactor,INV,GLOBAL,PWRGEOARGXX,,,,2030,,,,,,0.9
AvailabilityFactor,INV,GLOBAL,PWRGEOARGXX,,,,2031,,,,,,0.9
AvailabilityFactor,INV,GLOBAL,PWRGEOARGXX,,,,2032,,,,,,0.9
AvailabilityFactor,INV,GLOBAL,PWRGEOARGXX,,,,2033,,,,,,0.9
AvailabilityFactor,INV,GLOBAL,PWRGEOARGXX,,,,2034,,,,,,0.9
AvailabilityFactor,INV,GLOBAL,PWRGEOARGXX,,,,2035,,,,,,0.9
AvailabilityFactor,INV,GLOBAL,PWRGEOARGXX,,,,2036,,,,,,0.9
AvailabilityFactor,INV,GLOBAL,PWRGEOARGXX,,,,2037,,,,,,0.9
AvailabilityFactor,INV,GLOBAL,PWRGEOARGXX,,,,2038,,,,,,0.9
AvailabilityFactor,INV,GLOBAL,PWRGEOARGXX,,,,2039,,,,,,0.9
AvailabilityFactor,INV,GLOBAL,PWRGEOARGXX,,,,2040,,,,,,0.9
AvailabilityFactor,INV,GLOBAL,PWRGEOARGXX,,,,2041,,,,,,0.9
AvailabilityFactor,INV,GLOBAL,PWRGEOARGXX,,,,2042,,,,,,0.9
AvailabilityFactor,INV,GLOBAL,PWRGEOARGXX,,,,2043,,,,,,0.9
AvailabilityFactor,INV,GLOBAL,PWRGEOARGXX,,,,2044,,,,,,0.9
AvailabilityFactor,INV,GLOBAL,PWRGEOARGXX,,,,2045,,,,,,0.9
AvailabilityFactor,INV,GLOBAL,PWRGEOARGXX,,,,2046,,,,,,0.9
AvailabilityFactor,INV,GLOBAL,PWRGEOARGXX,,,,2047,,,,,,0.9
AvailabilityFactor,INV,GLOBAL,PWRGEOARGXX,,,,2048,,,,,,0.9
AvailabilityFactor,INV,GLOBAL,PWRGEOARGXX,,,,2049,,,,,,0.9
AvailabilityFactor,INV,GLOBAL,PWRGEOARGXX,,,,2050,,,,,,0.9
AvailabilityFactor,INV,GLOBAL,PWRWOFPERXX,,,,2023,,,,,,0.9
AvailabilityFactor,INV,GLOBAL,PWRWOFPERXX,,,,2024,,,,,,0.9
AvailabilityFactor,INV,GLOBAL,PWRWOFPERXX,,,,2025,,,,,,0.9
AvailabilityFactor,INV,GLOBAL,PWRWOFPERXX,,,,2026,,,,,,0.9
AvailabilityFactor,INV,GLOBAL,PWRWOFPERXX,,,,2027,,,,,,0.9
AvailabilityFactor,INV,GLOBAL,PWRWOFPERXX,,,,2028,,,,,,0.9
AvailabilityFactor,INV,GLOBAL,PWRWOFPERXX,,,,2029,,,,,,0.9
AvailabilityFactor,INV,GLOBAL,PWRWOFPERXX,,,,2030,,,,,,0.9
AvailabilityFactor,INV,GLOBAL,PWRWOFPERXX,,,,2031,,,,,,0.9
AvailabilityFactor,INV,GLOBAL,PWRWOFPERXX,,,,2032,,,,,,0.9
AvailabilityFactor,INV,GLOBAL,PWRWOFPERXX,,,,2033,,,,,,0.9
AvailabilityFactor,INV,GLOBAL,PWRWOFPERXX,,,,2034,,,,,,0.9
AvailabilityFactor,INV,GLOBAL,PWRWOFPERXX,,,,2035,,,,,,0.9
AvailabilityFactor,INV,GLOBAL,PWRWOFPERXX,,,,2036,,,,,,0.9
AvailabilityFactor,INV,GLOBAL,PWRWOFPERXX,,,,2037,,,,,,0.9
AvailabilityFactor,INV,GLOBAL,PWRWOFPERXX,,,,2038,,,,,,0.9
AvailabilityFactor,INV,GLOBAL,PWRWOFPERXX,,,,2039,,,,,,0.9
AvailabilityFactor,INV,GLOBAL,PWRWOFPERXX,,,,2040,,,,,,0.9
AvailabilityFactor,INV,GLOBAL,PWRWOFPERXX,,,,2041,,,,,,0.9
AvailabilityFactor,INV,GLOBAL,PWRWOFPERXX,,,,2042,,,,,,0.9
AvailabilityFactor,INV,GLOBAL,PWRWOFPERXX,,,,2043,,,,,,0.9
AvailabilityFactor,INV,GLOBAL,PWRWOFPERXX,,,,2044,,,,,,0.9
AvailabilityFactor,INV,GLOBAL,PWRWOFPERXX,,,,2045,,,,,,0.9
AvailabilityFactor,INV,GLOBAL,PWRWOFPERXX,,,,2046,,,,,,0.9
AvailabilityFactor,INV,GLOBAL,PWRWOFPERXX,,,,2047,,,,,,0.9
AvailabilityFactor,INV,GLOBAL,PWRWOFPERXX,,,,2048,,,,,,0.9
AvailabilityFactor,INV,GLOBAL,PWRWOFPERXX,,,,2049,,,,,,0.9
AvailabilityFactor,INV,GLOBAL,PWRWOFPERXX,,,,2050,,,,,,0.9
AvailabilityFactor,INV,GLOBAL,PWRCOGPRYXX,,,,2023,,,,,,0.8
AvailabilityFactor,INV,GLOBAL,PWRCOGPRYXX,,,,2024,,,,,,0.8
AvailabilityFactor,INV,GLOBAL,PWRCOGPRYXX,,,,2025,,,,,,0.8
AvailabilityFactor,INV,GLOBAL,PWRCOGPRYXX,,,,2026,,,,,,0.8
AvailabilityFactor,INV,GLOBAL,PWRCOGPRYXX,,,,2027,,,,,,0.8
AvailabilityFactor,INV,GLOBAL,PWRCOGPRYXX,,,,2028,,,,,,0.8
AvailabilityFactor,INV,GLOBAL,PWRCOGPRYXX,,,,2029,,,,,,0.8
AvailabilityFactor,INV,GLOBAL,PWRCOGPRYXX,,,,2030,,,,,,0.8
AvailabilityFactor,INV,GLOBAL,PWRCOGPRYXX,,,,2031,,,,,,0.8
AvailabilityFactor,INV,GLOBAL,PWRCOGPRYXX,,,,2032,,,,,,0.8
AvailabilityFactor,INV,GLOBAL,PWRCOGPRYXX,,,,2033,,,,,,0.8
AvailabilityFactor,INV,GLOBAL,PWRCOGPRYXX,,,,2034,,,,,,0.8
AvailabilityFactor,INV,GLOBAL,PWRCOGPRYXX,,,,2035,,,,,,0.8
AvailabilityFactor,INV,GLOBAL,PWRCOGPRYXX,,,,2036,,,,,,0.8
AvailabilityFactor,INV,GLOBAL,PWRCOGPRYXX,,,,2037,,,,,,0.8
AvailabilityFactor,INV,GLOBAL,PWRCOGPRYXX,,,,2038,,,,,,0.8
AvailabilityFactor,INV,GLOBAL,PWRCOGPRYXX,,,,2039,,,,,,0.8
AvailabilityFactor,INV,GLOBAL,PWRCOGPRYXX,,,,2040,,,,,,0.8
AvailabilityFactor,INV,GLOBAL,PWRCOGPRYXX,,,,2041,,,,,,0.8
AvailabilityFactor,INV,GLOBAL,PWRCOGPRYXX,,,,2042,,,,,,0.8
AvailabilityFactor,INV,GLOBAL,PWRCOGPRYXX,,,,2043,,,,,,0.8
AvailabilityFactor,INV,GLOBAL,PWRCOGPRYXX,,,,2044,,,,,,0.8
AvailabilityFactor,INV,GLOBAL,PWRCOGPRYXX,,,,2045,,,,,,0.8
AvailabilityFactor,INV,GLOBAL,PWRCOGPRYXX,,,,2046,,,,,,0.8
AvailabilityFactor,INV,GLOBAL,PWRCOGPRYXX,,,,2047,,,,,,0.8
AvailabilityFactor,INV,GLOBAL,PWRCOGPRYXX,,,,2048,,,,,,0.8
AvailabilityFactor,INV,GLOBAL,PWRCOGPRYXX,,,,2049,,,,,,0.8
AvailabilityFactor,INV,GLOBAL,PWRCOGPRYXX,,,,2050,,,,,,0.8
AvailabilityFactor,INV,GLOBAL,PWRWOFPANXX,,,,2023,,,,,,0.9
AvailabilityFactor,INV,GLOBAL,PWRWOFPANXX,,,,2024,,,,,,0.9
AvailabilityFactor,INV,GLOBAL,PWRWOFPANXX,,,,2025,,,,,,0.9
AvailabilityFactor,INV,GLOBAL,PWRWOFPANXX,,,,2026,,,,,,0.9
AvailabilityFactor,INV,GLOBAL,PWRWOFPANXX,,,,2027,,,,,,0.9
AvailabilityFactor,INV,GLOBAL,PWRWOFPANXX,,,,2028,,,,,,0.9
AvailabilityFactor,INV,GLOBAL,PWRWOFPANXX,,,,2029,,,,,,0.9
AvailabilityFactor,INV,GLOBAL,PWRWOFPANXX,,,,2030,,,,,,0.9
AvailabilityFactor,INV,GLOBAL,PWRWOFPANXX,,,,2031,,,,,,0.9
AvailabilityFactor,INV,GLOBAL,PWRWOFPANXX,,,,2032,,,,,,0.9
AvailabilityFactor,INV,GLOBAL,PWRWOFPANXX,,,,2033,,,,,,0.9
AvailabilityFactor,INV,GLOBAL,PWRWOFPANXX,,,,2034,,,,,,0.9
AvailabilityFactor,INV,GLOBAL,PWRWOFPANXX,,,,2035,,,,,,0.9
AvailabilityFactor,INV,GLOBAL,PWRWOFPANXX,,,,2036,,,,,,0.9
AvailabilityFactor,INV,GLOBAL,PWRWOFPANXX,,,,2037,,,,,,0.9
AvailabilityFactor,INV,GLOBAL,PWRWOFPANXX,,,,2038,,,,,,0.9
AvailabilityFactor,INV,GLOBAL,PWRWOFPANXX,,,,2039,,,,,,0.9
AvailabilityFactor,INV,GLOBAL,PWRWOFPANXX,,,,2040,,,,,,0.9
AvailabilityFactor,INV,GLOBAL,PWRWOFPANXX,,,,2041,,,,,,0.9
AvailabilityFactor,INV,GLOBAL,PWRWOFPANXX,,,,2042,,,,,,0.9
AvailabilityFactor,INV,GLOBAL,PWRWOFPANXX,,,,2043,,,,,,0.9
AvailabilityFactor,INV,GLOBAL,PWRWOFPANXX,,,,2044,,,,,,0.9
AvailabilityFactor,INV,GLOBAL,PWRWOFPANXX,,,,2045,,,,,,0.9
AvailabilityFactor,INV,GLOBAL,PWRWOFPANXX,,,,2046,,,,,,0.9
AvailabilityFactor,INV,GLOBAL,PWRWOFPANXX,,,,2047,,,,,,0.9
AvailabilityFactor,INV,GLOBAL,PWRWOFPANXX,,,,2048,,,,,,0.9
AvailabilityFactor,INV,GLOBAL,PWRWOFPANXX,,,,2049,,,,,,0.9
AvailabilityFactor,INV,GLOBAL,PWRWOFPANXX,,,,2050,,,,,,0.9
AvailabilityFactor,INV,GLOBAL,PWROILPERXX,,,,2023,,,,,,0.8
AvailabilityFactor,INV,GLOBAL,PWROILPERXX,,,,2024,,,,,,0.8
AvailabilityFactor,INV,GLOBAL,PWROILPERXX,,,,2025,,,,,,0.8
AvailabilityFactor,INV,GLOBAL,PWROILPERXX,,,,2026,,,,,,0.8
AvailabilityFactor,INV,GLOBAL,PWROILPERXX,,,,2027,,,,,,0.8
AvailabilityFactor,INV,GLOBAL,PWROILPERXX,,,,2028,,,,,,0.8
AvailabilityFactor,INV,GLOBAL,PWROILPERXX,,,,2029,,,,,,0.8
AvailabilityFactor,INV,GLOBAL,PWROILPERXX,,,,2030,,,,,,0.8
AvailabilityFactor,INV,GLOBAL,PWROILPERXX,,,,2031,,,,,,0.8
AvailabilityFactor,INV,GLOBAL,PWROILPERXX,,,,2032,,,,,,0.8
AvailabilityFactor,INV,GLOBAL,PWROILPERXX,,,,2033,,,,,,0.8
AvailabilityFactor,INV,GLOBAL,PWROILPERXX,,,,2034,,,,,,0.8
AvailabilityFactor,INV,GLOBAL,PWROILPERXX,,,,2035,,,,,,0.8
AvailabilityFactor,INV,GLOBAL,PWROILPERXX,,,,2036,,,,,,0.8
AvailabilityFactor,INV,GLOBAL,PWROILPERXX,,,,2037,,,,,,0.8
AvailabilityFactor,INV,GLOBAL,PWROILPERXX,,,,2038,,,,,,0.8
AvailabilityFactor,INV,GLOBAL,PWROILPERXX,,,,2039,,,,,,0.8
AvailabilityFactor,INV,GLOBAL,PWROILPERXX,,,,2040,,,,,,0.8
AvailabilityFactor,INV,GLOBAL,PWROILPERXX,,,,2041,,,,,,0.8
AvailabilityFactor,INV,GLOBAL,PWROILPERXX,,,,2042,,,,,,0.8
AvailabilityFactor,INV,GLOBAL,PWROILPERXX,,,,2043,,,,,,0.8
AvailabilityFactor,INV,GLOBAL,PWROILPERXX,,,,2044,,,,,,0.8
AvailabilityFactor,INV,GLOBAL,PWROILPERXX,,,,2045,,,,,,0.8
AvailabilityFactor,INV,GLOBAL,PWROILPERXX,,,,2046,,,,,,0.8
AvailabilityFactor,INV,GLOBAL,PWROILPERXX,,,,2047,,,,,,0.8
AvailabilityFactor,INV,GLOBAL,PWROILPERXX,,,,2048,,,,,,0.8
AvailabilityFactor,INV,GLOBAL,PWROILPERXX,,,,2049,,,,,,0.8
AvailabilityFactor,INV,GLOBAL,PWROILPERXX,,,,2050,,,,,,0.8
AvailabilityFactor,INV,GLOBAL,PWRPETBOLXX,,,,2023,,,,,,0.8
AvailabilityFactor,INV,GLOBAL,PWRPETBOLXX,,,,2024,,,,,,0.8
AvailabilityFactor,INV,GLOBAL,PWRPETBOLXX,,,,2025,,,,,,0.8
AvailabilityFactor,INV,GLOBAL,PWRPETBOLXX,,,,2026,,,,,,0.8
AvailabilityFactor,INV,GLOBAL,PWRPETBOLXX,,,,2027,,,,,,0.8
AvailabilityFactor,INV,GLOBAL,PWRPETBOLXX,,,,2028,,,,,,0.8
AvailabilityFactor,INV,GLOBAL,PWRPETBOLXX,,,,2029,,,,,,0.8
AvailabilityFactor,INV,GLOBAL,PWRPETBOLXX,,,,2030,,,,,,0.8
AvailabilityFactor,INV,GLOBAL,PWRPETBOLXX,,,,2031,,,,,,0.8
AvailabilityFactor,INV,GLOBAL,PWRPETBOLXX,,,,2032,,,,,,0.8
AvailabilityFactor,INV,GLOBAL,PWRPETBOLXX,,,,2033,,,,,,0.8
AvailabilityFactor,INV,GLOBAL,PWRPETBOLXX,,,,2034,,,,,,0.8
AvailabilityFactor,INV,GLOBAL,PWRPETBOLXX,,,,2035,,,,,,0.8
AvailabilityFactor,INV,GLOBAL,PWRPETBOLXX,,,,2036,,,,,,0.8
AvailabilityFactor,INV,GLOBAL,PWRPETBOLXX,,,,2037,,,,,,0.8
AvailabilityFactor,INV,GLOBAL,PWRPETBOLXX,,,,2038,,,,,,0.8
AvailabilityFactor,INV,GLOBAL,PWRPETBOLXX,,,,2039,,,,,,0.8
AvailabilityFactor,INV,GLOBAL,PWRPETBOLXX,,,,2040,,,,,,0.8
AvailabilityFactor,INV,GLOBAL,PWRPETBOLXX,,,,2041,,,,,,0.8
AvailabilityFactor,INV,GLOBAL,PWRPETBOLXX,,,,2042,,,,,,0.8
AvailabilityFactor,INV,GLOBAL,PWRPETBOLXX,,,,2043,,,,,,0.8
AvailabilityFactor,INV,GLOBAL,PWRPETBOLXX,,,,2044,,,,,,0.8
AvailabilityFactor,INV,GLOBAL,PWRPETBOLXX,,,,2045,,,,,,0.8
AvailabilityFactor,INV,GLOBAL,PWRPETBOLXX,,,,2046,,,,,,0.8
AvailabilityFactor,INV,GLOBAL,PWRPETBOLXX,,,,2047,,,,,,0.8
AvailabilityFactor,INV,GLOBAL,PWRPETBOLXX,,,,2048,,,,,,0.8
AvailabilityFactor,INV,GLOBAL,PWRPETBOLXX,,,,2049,,,,,,0.8
AvailabilityFactor,INV,GLOBAL,PWRPETBOLXX,,,,2050,,,,,,0.8
AvailabilityFactor,INV,GLOBAL,PWRHYDECUXX,,,,2023,,,,,,0.9
AvailabilityFactor,INV,GLOBAL,PWRHYDECUXX,,,,2024,,,,,,0.9
AvailabilityFactor,INV,GLOBAL,PWRHYDECUXX,,,,2025,,,,,,0.9
AvailabilityFactor,INV,GLOBAL,PWRHYDECUXX,,,,2026,,,,,,0.9
AvailabilityFactor,INV,GLOBAL,PWRHYDECUXX,,,,2027,,,,,,0.9
AvailabilityFactor,INV,GLOBAL,PWRHYDECUXX,,,,2028,,,,,,0.9
AvailabilityFactor,INV,GLOBAL,PWRHYDECUXX,,,,2029,,,,,,0.9
AvailabilityFactor,INV,GLOBAL,PWRHYDECUXX,,,,2030,,,,,,0.9
AvailabilityFactor,INV,GLOBAL,PWRHYDECUXX,,,,2031,,,,,,0.9
AvailabilityFactor,INV,GLOBAL,PWRHYDECUXX,,,,2032,,,,,,0.9
AvailabilityFactor,INV,GLOBAL,PWRHYDECUXX,,,,2033,,,,,,0.9
AvailabilityFactor,INV,GLOBAL,PWRHYDECUXX,,,,2034,,,,,,0.9
AvailabilityFactor,INV,GLOBAL,PWRHYDECUXX,,,,2035,,,,,,0.9
AvailabilityFactor,INV,GLOBAL,PWRHYDECUXX,,,,2036,,,,,,0.9
AvailabilityFactor,INV,GLOBAL,PWRHYDECUXX,,,,2037,,,,,,0.9
AvailabilityFactor,INV,GLOBAL,PWRHYDECUXX,,,,2038,,,,,,0.9
AvailabilityFactor,INV,GLOBAL,PWRHYDECUXX,,,,2039,,,,,,0.9
AvailabilityFactor,INV,GLOBAL,PWRHYDECUXX,,,,2040,,,,,,0.9
AvailabilityFactor,INV,GLOBAL,PWRHYDECUXX,,,,2041,,,,,,0.9
AvailabilityFactor,INV,GLOBAL,PWRHYDECUXX,,,,2042,,,,,,0.9
AvailabilityFactor,INV,GLOBAL,PWRHYDECUXX,,,,2043,,,,,,0.9
AvailabilityFactor,INV,GLOBAL,PWRHYDECUXX,,,,2044,,,,,,0.9
AvailabilityFactor,INV,GLOBAL,PWRHYDECUXX,,,,2045,,,,,,0.9
AvailabilityFactor,INV,GLOBAL,PWRHYDECUXX,,,,2046,,,,,,0.9
AvailabilityFactor,INV,GLOBAL,PWRHYDECUXX,,,,2047,,,,,,0.9
AvailabilityFactor,INV,GLOBAL,PWRHYDECUXX,,,,2048,,,,,,0.9
AvailabilityFactor,INV,GLOBAL,PWRHYDECUXX,,,,2049,,,,,,0.9
AvailabilityFactor,INV,GLOBAL,PWRHYDECUXX,,,,2050,,,,,,0.9
AvailabilityFactor,INV,GLOBAL,PWRNGSSLVXX,,,,2023,,,,,,0.9
AvailabilityFactor,INV,GLOBAL,PWRNGSSLVXX,,,,2024,,,,,,0.9
AvailabilityFactor,INV,GLOBAL,PWRNGSSLVXX,,,,2025,,,,,,0.9
AvailabilityFactor,INV,GLOBAL,PWRNGSSLVXX,,,,2026,,,,,,0.9
AvailabilityFactor,INV,GLOBAL,PWRNGSSLVXX,,,,2027,,,,,,0.9
AvailabilityFactor,INV,GLOBAL,PWRNGSSLVXX,,,,2028,,,,,,0.9
AvailabilityFactor,INV,GLOBAL,PWRNGSSLVXX,,,,2029,,,,,,0.9
AvailabilityFactor,INV,GLOBAL,PWRNGSSLVXX,,,,2030,,,,,,0.9
AvailabilityFactor,INV,GLOBAL,PWRNGSSLVXX,,,,2031,,,,,,0.9
AvailabilityFactor,INV,GLOBAL,PWRNGSSLVXX,,,,2032,,,,,,0.9
AvailabilityFactor,INV,GLOBAL,PWRNGSSLVXX,,,,2033,,,,,,0.9
AvailabilityFactor,INV,GLOBAL,PWRNGSSLVXX,,,,2034,,,,,,0.9
AvailabilityFactor,INV,GLOBAL,PWRNGSSLVXX,,,,2035,,,,,,0.9
AvailabilityFactor,INV,GLOBAL,PWRNGSSLVXX,,,,2036,,,,,,0.9
AvailabilityFactor,INV,GLOBAL,PWRNGSSLVXX,,,,2037,,,,,,0.9
AvailabilityFactor,INV,GLOBAL,PWRNGSSLVXX,,,,2038,,,,,,0.9
AvailabilityFactor,INV,GLOBAL,PWRNGSSLVXX,,,,2039,,,,,,0.9
AvailabilityFactor,INV,GLOBAL,PWRNGSSLVXX,,,,2040,,,,,,0.9
AvailabilityFactor,INV,GLOBAL,PWRNGSSLVXX,,,,2041,,,,,,0.9
AvailabilityFactor,INV,GLOBAL,PWRNGSSLVXX,,,,2042,,,,,,0.9
AvailabilityFactor,INV,GLOBAL,PWRNGSSLVXX,,,,2043,,,,,,0.9
AvailabilityFactor,INV,GLOBAL,PWRNGSSLVXX,,,,2044,,,,,,0.9
AvailabilityFactor,INV,GLOBAL,PWRNGSSLVXX,,,,2045,,,,,,0.9
AvailabilityFactor,INV,GLOBAL,PWRNGSSLVXX,,,,2046,,,,,,0.9
AvailabilityFactor,INV,GLOBAL,PWRNGSSLVXX,,,,2047,,,,,,0.9
AvailabilityFactor,INV,GLOBAL,PWRNGSSLVXX,,,,2048,,,,,,0.9
AvailabilityFactor,INV,GLOBAL,PWRNGSSLVXX,,,,2049,,,,,,0.9
AvailabilityFactor,INV,GLOBAL,PWRNGSSLVXX,,,,2050,,,,,,0.9
AvailabilityFactor,INV,GLOBAL,PWRGEOSLVXX,,,,2023,,,,,,0.9
AvailabilityFactor,INV,GLOBAL,PWRGEOSLVXX,,,,2024,,,,,,0.9
AvailabilityFactor,INV,GLOBAL,PWRGEOSLVXX,,,,2025,,,,,,0.9
AvailabilityFactor,INV,GLOBAL,PWRGEOSLVXX,,,,2026,,,,,,0.9
AvailabilityFactor,INV,GLOBAL,PWRGEOSLVXX,,,,2027,,,,,,0.9
AvailabilityFactor,INV,GLOBAL,PWRGEOSLVXX,,,,2028,,,,,,0.9
AvailabilityFactor,INV,GLOBAL,PWRGEOSLVXX,,,,2029,,,,,,0.9
AvailabilityFactor,INV,GLOBAL,PWRGEOSLVXX,,,,2030,,,,,,0.9
AvailabilityFactor,INV,GLOBAL,PWRGEOSLVXX,,,,2031,,,,,,0.9
AvailabilityFactor,INV,GLOBAL,PWRGEOSLVXX,,,,2032,,,,,,0.9
AvailabilityFactor,INV,GLOBAL,PWRGEOSLVXX,,,,2033,,,,,,0.9
AvailabilityFactor,INV,GLOBAL,PWRGEOSLVXX,,,,2034,,,,,,0.9
AvailabilityFactor,INV,GLOBAL,PWRGEOSLVXX,,,,2035,,,,,,0.9
AvailabilityFactor,INV,GLOBAL,PWRGEOSLVXX,,,,2036,,,,,,0.9
AvailabilityFactor,INV,GLOBAL,PWRGEOSLVXX,,,,2037,,,,,,0.9
AvailabilityFactor,INV,GLOBAL,PWRGEOSLVXX,,,,2038,,,,,,0.9
AvailabilityFactor,INV,GLOBAL,PWRGEOSLVXX,,,,2039,,,,,,0.9
AvailabilityFactor,INV,GLOBAL,PWRGEOSLVXX,,,,2040,,,,,,0.9
AvailabilityFactor,INV,GLOBAL,PWRGEOSLVXX,,,,2041,,,,,,0.9
AvailabilityFactor,INV,GLOBAL,PWRGEOSLVXX,,,,2042,,,,,,0.9
AvailabilityFactor,INV,GLOBAL,PWRGEOSLVXX,,,,2043,,,,,,0.9
AvailabilityFactor,INV,GLOBAL,PWRGEOSLVXX,,,,2044,,,,,,0.9
AvailabilityFactor,INV,GLOBAL,PWRGEOSLVXX,,,,2045,,,,,,0.9
AvailabilityFactor,INV,GLOBAL,PWRGEOSLVXX,,,,2046,,,,,,0.9
AvailabilityFactor,INV,GLOBAL,PWRGEOSLVXX,,,,2047,,,,,,0.9
AvailabilityFactor,INV,GLOBAL,PWRGEOSLVXX,,,,2048,,,,,,0.9
AvailabilityFactor,INV,GLOBAL,PWRGEOSLVXX,,,,2049,,,,,,0.9
AvailabilityFactor,INV,GLOBAL,PWRGEOSLVXX,,,,2050,,,,,,0.9
AvailabilityFactor,INV,GLOBAL,PWRCOACOLXX,,,,2023,,,,,,0.9
AvailabilityFactor,INV,GLOBAL,PWRCOACOLXX,,,,2024,,,,,,0.9
AvailabilityFactor,INV,GLOBAL,PWRCOACOLXX,,,,2025,,,,,,0.9
AvailabilityFactor,INV,GLOBAL,PWRCOACOLXX,,,,2026,,,,,,0.9
AvailabilityFactor,INV,GLOBAL,PWRCOACOLXX,,,,2027,,,,,,0.9
AvailabilityFactor,INV,GLOBAL,PWRCOACOLXX,,,,2028,,,,,,0.9
AvailabilityFactor,INV,GLOBAL,PWRCOACOLXX,,,,2029,,,,,,0.9
AvailabilityFactor,INV,GLOBAL,PWRCOACOLXX,,,,2030,,,,,,0.9
AvailabilityFactor,INV,GLOBAL,PWRCOACOLXX,,,,2031,,,,,,0.9
AvailabilityFactor,INV,GLOBAL,PWRCOACOLXX,,,,2032,,,,,,0.9
AvailabilityFactor,INV,GLOBAL,PWRCOACOLXX,,,,2033,,,,,,0.9
AvailabilityFactor,INV,GLOBAL,PWRCOACOLXX,,,,2034,,,,,,0.9
AvailabilityFactor,INV,GLOBAL,PWRCOACOLXX,,,,2035,,,,,,0.9
AvailabilityFactor,INV,GLOBAL,PWRCOACOLXX,,,,2036,,,,,,0.9
AvailabilityFactor,INV,GLOBAL,PWRCOACOLXX,,,,2037,,,,,,0.9
AvailabilityFactor,INV,GLOBAL,PWRCOACOLXX,,,,2038,,,,,,0.9
AvailabilityFactor,INV,GLOBAL,PWRCOACOLXX,,,,2039,,,,,,0.9
AvailabilityFactor,INV,GLOBAL,PWRCOACOLXX,,,,2040,,,,,,0.9
AvailabilityFactor,INV,GLOBAL,PWRCOACOLXX,,,,2041,,,,,,0.9
AvailabilityFactor,INV,GLOBAL,PWRCOACOLXX,,,,2042,,,,,,0.9
AvailabilityFactor,INV,GLOBAL,PWRCOACOLXX,,,,2043,,,,,,0.9
AvailabilityFactor,INV,GLOBAL,PWRCOACOLXX,,,,2044,,,,,,0.9
AvailabilityFactor,INV,GLOBAL,PWRCOACOLXX,,,,2045,,,,,,0.9
AvailabilityFactor,INV,GLOBAL,PWRCOACOLXX,,,,2046,,,,,,0.9
AvailabilityFactor,INV,GLOBAL,PWRCOACOLXX,,,,2047,,,,,,0.9
AvailabilityFactor,INV,GLOBAL,PWRCOACOLXX,,,,2048,,,,,,0.9
AvailabilityFactor,INV,GLOBAL,PWRCOACOLXX,,,,2049,,,,,,0.9
AvailabilityFactor,INV,GLOBAL,PWRCOACOLXX,,,,2050,,,,,,0.9
AvailabilityFactor,INV,GLOBAL,PWRWOFBRAXX,,,,2023,,,,,,0.9
AvailabilityFactor,INV,GLOBAL,PWRWOFBRAXX,,,,2024,,,,,,0.9
AvailabilityFactor,INV,GLOBAL,PWRWOFBRAXX,,,,2025,,,,,,0.9
AvailabilityFactor,INV,GLOBAL,PWRWOFBRAXX,,,,2026,,,,,,0.9
AvailabilityFactor,INV,GLOBAL,PWRWOFBRAXX,,,,2027,,,,,,0.9
AvailabilityFactor,INV,GLOBAL,PWRWOFBRAXX,,,,2028,,,,,,0.9
AvailabilityFactor,INV,GLOBAL,PWRWOFBRAXX,,,,2029,,,,,,0.9
AvailabilityFactor,INV,GLOBAL,PWRWOFBRAXX,,,,2030,,,,,,0.9
AvailabilityFactor,INV,GLOBAL,PWRWOFBRAXX,,,,2031,,,,,,0.9
AvailabilityFactor,INV,GLOBAL,PWRWOFBRAXX,,,,2032,,,,,,0.9
AvailabilityFactor,INV,GLOBAL,PWRWOFBRAXX,,,,2033,,,,,,0.9
AvailabilityFactor,INV,GLOBAL,PWRWOFBRAXX,,,,2034,,,,,,0.9
AvailabilityFactor,INV,GLOBAL,PWRWOFBRAXX,,,,2035,,,,,,0.9
AvailabilityFactor,INV,GLOBAL,PWRWOFBRAXX,,,,2036,,,,,,0.9
AvailabilityFactor,INV,GLOBAL,PWRWOFBRAXX,,,,2037,,,,,,0.9
AvailabilityFactor,INV,GLOBAL,PWRWOFBRAXX,,,,2038,,,,,,0.9
AvailabilityFactor,INV,GLOBAL,PWRWOFBRAXX,,,,2039,,,,,,0.9
AvailabilityFactor,INV,GLOBAL,PWRWOFBRAXX,,,,2040,,,,,,0.9
AvailabilityFactor,INV,GLOBAL,PWRWOFBRAXX,,,,2041,,,,,,0.9
AvailabilityFactor,INV,GLOBAL,PWRWOFBRAXX,,,,2042,,,,,,0.9
AvailabilityFactor,INV,GLOBAL,PWRWOFBRAXX,,,,2043,,,,,,0.9
AvailabilityFactor,INV,GLOBAL,PWRWOFBRAXX,,,,2044,,,,,,0.9
AvailabilityFactor,INV,GLOBAL,PWRWOFBRAXX,,,,2045,,,,,,0.9
AvailabilityFactor,INV,GLOBAL,PWRWOFBRAXX,,,,2046,,,,,,0.9
AvailabilityFactor,INV,GLOBAL,PWRWOFBRAXX,,,,2047,,,,,,0.9
AvailabilityFactor,INV,GLOBAL,PWRWOFBRAXX,,,,2048,,,,,,0.9
AvailabilityFactor,INV,GLOBAL,PWRWOFBRAXX,,,,2049,,,,,,0.9
AvailabilityFactor,INV,GLOBAL,PWRWOFBRAXX,,,,2050,,,,,,0.9
AvailabilityFactor,INV,GLOBAL,PWRWONMEXXX,,,,2023,,,,,,0.9
AvailabilityFactor,INV,GLOBAL,PWRWONMEXXX,,,,2024,,,,,,0.9
AvailabilityFactor,INV,GLOBAL,PWRWONMEXXX,,,,2025,,,,,,0.9
AvailabilityFactor,INV,GLOBAL,PWRWONMEXXX,,,,2026,,,,,,0.9
AvailabilityFactor,INV,GLOBAL,PWRWONMEXXX,,,,2027,,,,,,0.9
AvailabilityFactor,INV,GLOBAL,PWRWONMEXXX,,,,2028,,,,,,0.9
AvailabilityFactor,INV,GLOBAL,PWRWONMEXXX,,,,2029,,,,,,0.9
AvailabilityFactor,INV,GLOBAL,PWRWONMEXXX,,,,2030,,,,,,0.9
AvailabilityFactor,INV,GLOBAL,PWRWONMEXXX,,,,2031,,,,,,0.9
AvailabilityFactor,INV,GLOBAL,PWRWONMEXXX,,,,2032,,,,,,0.9
AvailabilityFactor,INV,GLOBAL,PWRWONMEXXX,,,,2033,,,,,,0.9
AvailabilityFactor,INV,GLOBAL,PWRWONMEXXX,,,,2034,,,,,,0.9
AvailabilityFactor,INV,GLOBAL,PWRWONMEXXX,,,,2035,,,,,,0.9
AvailabilityFactor,INV,GLOBAL,PWRWONMEXXX,,,,2036,,,,,,0.9
AvailabilityFactor,INV,GLOBAL,PWRWONMEXXX,,,,2037,,,,,,0.9
AvailabilityFactor,INV,GLOBAL,PWRWONMEXXX,,,,2038,,,,,,0.9
AvailabilityFactor,INV,GLOBAL,PWRWONMEXXX,,,,2039,,,,,,0.9
AvailabilityFactor,INV,GLOBAL,PWRWONMEXXX,,,,2040,,,,,,0.9
AvailabilityFactor,INV,GLOBAL,PWRWONMEXXX,,,,2041,,,,,,0.9
AvailabilityFactor,INV,GLOBAL,PWRWONMEXXX,,,,2042,,,,,,0.9
AvailabilityFactor,INV,GLOBAL,PWRWONMEXXX,,,,2043,,,,,,0.9
AvailabilityFactor,INV,GLOBAL,PWRWONMEXXX,,,,2044,,,,,,0.9
AvailabilityFactor,INV,GLOBAL,PWRWONMEXXX,,,,2045,,,,,,0.9
AvailabilityFactor,INV,GLOBAL,PWRWONMEXXX,,,,2046,,,,,,0.9
AvailabilityFactor,INV,GLOBAL,PWRWONMEXXX,,,,2047,,,,,,0.9
AvailabilityFactor,INV,GLOBAL,PWRWONMEXXX,,,,2048,,,,,,0.9
AvailabilityFactor,INV,GLOBAL,PWRWONMEXXX,,,,2049,,,,,,0.9
AvailabilityFactor,INV,GLOBAL,PWRWONMEXXX,,,,2050,,,,,,0.9
AvailabilityFactor,INV,GLOBAL,PWROILHTIXX,,,,2023,,,,,,0.8
AvailabilityFactor,INV,GLOBAL,PWROILHTIXX,,,,2024,,,,,,0.8
AvailabilityFactor,INV,GLOBAL,PWROILHTIXX,,,,2025,,,,,,0.8
AvailabilityFactor,INV,GLOBAL,PWROILHTIXX,,,,2026,,,,,,0.8
AvailabilityFactor,INV,GLOBAL,PWROILHTIXX,,,,2027,,,,,,0.8
AvailabilityFactor,INV,GLOBAL,PWROILHTIXX,,,,2028,,,,,,0.8
AvailabilityFactor,INV,GLOBAL,PWROILHTIXX,,,,2029,,,,,,0.8
AvailabilityFactor,INV,GLOBAL,PWROILHTIXX,,,,2030,,,,,,0.8
AvailabilityFactor,INV,GLOBAL,PWROILHTIXX,,,,2031,,,,,,0.8
AvailabilityFactor,INV,GLOBAL,PWROILHTIXX,,,,2032,,,,,,0.8
AvailabilityFactor,INV,GLOBAL,PWROILHTIXX,,,,2033,,,,,,0.8
AvailabilityFactor,INV,GLOBAL,PWROILHTIXX,,,,2034,,,,,,0.8
AvailabilityFactor,INV,GLOBAL,PWROILHTIXX,,,,2035,,,,,,0.8
AvailabilityFactor,INV,GLOBAL,PWROILHTIXX,,,,2036,,,,,,0.8
AvailabilityFactor,INV,GLOBAL,PWROILHTIXX,,,,2037,,,,,,0.8
AvailabilityFactor,INV,GLOBAL,PWROILHTIXX,,,,2038,,,,,,0.8
AvailabilityFactor,INV,GLOBAL,PWROILHTIXX,,,,2039,,,,,,0.8
AvailabilityFactor,INV,GLOBAL,PWROILHTIXX,,,,2040,,,,,,0.8
AvailabilityFactor,INV,GLOBAL,PWROILHTIXX,,,,2041,,,,,,0.8
AvailabilityFactor,INV,GLOBAL,PWROILHTIXX,,,,2042,,,,,,0.8
AvailabilityFactor,INV,GLOBAL,PWROILHTIXX,,,,2043,,,,,,0.8
AvailabilityFactor,INV,GLOBAL,PWROILHTIXX,,,,2044,,,,,,0.8
AvailabilityFactor,INV,GLOBAL,PWROILHTIXX,,,,2045,,,,,,0.8
AvailabilityFactor,INV,GLOBAL,PWROILHTIXX,,,,2046,,,,,,0.8
AvailabilityFactor,INV,GLOBAL,PWROILHTIXX,,,,2047,,,,,,0.8
AvailabilityFactor,INV,GLOBAL,PWROILHTIXX,,,,2048,,,,,,0.8
AvailabilityFactor,INV,GLOBAL,PWROILHTIXX,,,,2049,,,,,,0.8
AvailabilityFactor,INV,GLOBAL,PWROILHTIXX,,,,2050,,,,,,0.8
AvailabilityFactor,INV,GLOBAL,PWROILPRYXX,,,,2023,,,,,,0.8
AvailabilityFactor,INV,GLOBAL,PWROILPRYXX,,,,2024,,,,,,0.8
AvailabilityFactor,INV,GLOBAL,PWROILPRYXX,,,,2025,,,,,,0.8
AvailabilityFactor,INV,GLOBAL,PWROILPRYXX,,,,2026,,,,,,0.8
AvailabilityFactor,INV,GLOBAL,PWROILPRYXX,,,,2027,,,,,,0.8
AvailabilityFactor,INV,GLOBAL,PWROILPRYXX,,,,2028,,,,,,0.8
AvailabilityFactor,INV,GLOBAL,PWROILPRYXX,,,,2029,,,,,,0.8
AvailabilityFactor,INV,GLOBAL,PWROILPRYXX,,,,2030,,,,,,0.8
AvailabilityFactor,INV,GLOBAL,PWROILPRYXX,,,,2031,,,,,,0.8
AvailabilityFactor,INV,GLOBAL,PWROILPRYXX,,,,2032,,,,,,0.8
AvailabilityFactor,INV,GLOBAL,PWROILPRYXX,,,,2033,,,,,,0.8
AvailabilityFactor,INV,GLOBAL,PWROILPRYXX,,,,2034,,,,,,0.8
AvailabilityFactor,INV,GLOBAL,PWROILPRYXX,,,,2035,,,,,,0.8
AvailabilityFactor,INV,GLOBAL,PWROILPRYXX,,,,2036,,,,,,0.8
AvailabilityFactor,INV,GLOBAL,PWROILPRYXX,,,,2037,,,,,,0.8
AvailabilityFactor,INV,GLOBAL,PWROILPRYXX,,,,2038,,,,,,0.8
AvailabilityFactor,INV,GLOBAL,PWROILPRYXX,,,,2039,,,,,,0.8
AvailabilityFactor,INV,GLOBAL,PWROILPRYXX,,,,2040,,,,,,0.8
AvailabilityFactor,INV,GLOBAL,PWROILPRYXX,,,,2041,,,,,,0.8
AvailabilityFactor,INV,GLOBAL,PWROILPRYXX,,,,2042,,,,,,0.8
AvailabilityFactor,INV,GLOBAL,PWROILPRYXX,,,,2043,,,,,,0.8
AvailabilityFactor,INV,GLOBAL,PWROILPRYXX,,,,2044,,,,,,0.8
AvailabilityFactor,INV,GLOBAL,PWROILPRYXX,,,,2045,,,,,,0.8
AvailabilityFactor,INV,GLOBAL,PWROILPRYXX,,,,2046,,,,,,0.8
AvailabilityFactor,INV,GLOBAL,PWROILPRYXX,,,,2047,,,,,,0.8
AvailabilityFactor,INV,GLOBAL,PWROILPRYXX,,,,2048,,,,,,0.8
AvailabilityFactor,INV,GLOBAL,PWROILPRYXX,,,,2049,,,,,,0.8
AvailabilityFactor,INV,GLOBAL,PWROILPRYXX,,,,2050,,,,,,0.8
AvailabilityFactor,INV,GLOBAL,PWRCCSARGXX,,,,2023,,,,,,0.9
AvailabilityFactor,INV,GLOBAL,PWRCCSARGXX,,,,2024,,,,,,0.9
AvailabilityFactor,INV,GLOBAL,PWRCCSARGXX,,,,2025,,,,,,0.9
AvailabilityFactor,INV,GLOBAL,PWRCCSARGXX,,,,2026,,,,,,0.9
AvailabilityFactor,INV,GLOBAL,PWRCCSARGXX,,,,2027,,,,,,0.9
AvailabilityFactor,INV,GLOBAL,PWRCCSARGXX,,,,2028,,,,,,0.9
AvailabilityFactor,INV,GLOBAL,PWRCCSARGXX,,,,2029,,,,,,0.9
AvailabilityFactor,INV,GLOBAL,PWRCCSARGXX,,,,2030,,,,,,0.9
AvailabilityFactor,INV,GLOBAL,PWRCCSARGXX,,,,2031,,,,,,0.9
AvailabilityFactor,INV,GLOBAL,PWRCCSARGXX,,,,2032,,,,,,0.9
AvailabilityFactor,INV,GLOBAL,PWRCCSARGXX,,,,2033,,,,,,0.9
AvailabilityFactor,INV,GLOBAL,PWRCCSARGXX,,,,2034,,,,,,0.9
AvailabilityFactor,INV,GLOBAL,PWRCCSARGXX,,,,2035,,,,,,0.9
AvailabilityFactor,INV,GLOBAL,PWRCCSARGXX,,,,2036,,,,,,0.9
AvailabilityFactor,INV,GLOBAL,PWRCCSARGXX,,,,2037,,,,,,0.9
AvailabilityFactor,INV,GLOBAL,PWRCCSARGXX,,,,2038,,,,,,0.9
AvailabilityFactor,INV,GLOBAL,PWRCCSARGXX,,,,2039,,,,,,0.9
AvailabilityFactor,INV,GLOBAL,PWRCCSARGXX,,,,2040,,,,,,0.9
AvailabilityFactor,INV,GLOBAL,PWRCCSARGXX,,,,2041,,,,,,0.9
AvailabilityFactor,INV,GLOBAL,PWRCCSARGXX,,,,2042,,,,,,0.9
AvailabilityFactor,INV,GLOBAL,PWRCCSARGXX,,,,2043,,,,,,0.9
AvailabilityFactor,INV,GLOBAL,PWRCCSARGXX,,,,2044,,,,,,0.9
AvailabilityFactor,INV,GLOBAL,PWRCCSARGXX,,,,2045,,,,,,0.9
AvailabilityFactor,INV,GLOBAL,PWRCCSARGXX,,,,2046,,,,,,0.9
AvailabilityFactor,INV,GLOBAL,PWRCCSARGXX,,,,2047,,,,,,0.9
AvailabilityFactor,INV,GLOBAL,PWRCCSARGXX,,,,2048,,,,,,0.9
AvailabilityFactor,INV,GLOBAL,PWRCCSARGXX,,,,2049,,,,,,0.9
AvailabilityFactor,INV,GLOBAL,PWRCCSARGXX,,,,2050,,,,,,0.9
AvailabilityFactor,INV,GLOBAL,PWROTHPANXX,,,,2023,,,,,,0.8
AvailabilityFactor,INV,GLOBAL,PWROTHPANXX,,,,2024,,,,,,0.8
AvailabilityFactor,INV,GLOBAL,PWROTHPANXX,,,,2025,,,,,,0.8
AvailabilityFactor,INV,GLOBAL,PWROTHPANXX,,,,2026,,,,,,0.8
AvailabilityFactor,INV,GLOBAL,PWROTHPANXX,,,,2027,,,,,,0.8
AvailabilityFactor,INV,GLOBAL,PWROTHPANXX,,,,2028,,,,,,0.8
AvailabilityFactor,INV,GLOBAL,PWROTHPANXX,,,,2029,,,,,,0.8
AvailabilityFactor,INV,GLOBAL,PWROTHPANXX,,,,2030,,,,,,0.8
AvailabilityFactor,INV,GLOBAL,PWROTHPANXX,,,,2031,,,,,,0.8
AvailabilityFactor,INV,GLOBAL,PWROTHPANXX,,,,2032,,,,,,0.8
AvailabilityFactor,INV,GLOBAL,PWROTHPANXX,,,,2033,,,,,,0.8
AvailabilityFactor,INV,GLOBAL,PWROTHPANXX,,,,2034,,,,,,0.8
AvailabilityFactor,INV,GLOBAL,PWROTHPANXX,,,,2035,,,,,,0.8
AvailabilityFactor,INV,GLOBAL,PWROTHPANXX,,,,2036,,,,,,0.8
AvailabilityFactor,INV,GLOBAL,PWROTHPANXX,,,,2037,,,,,,0.8
AvailabilityFactor,INV,GLOBAL,PWROTHPANXX,,,,2038,,,,,,0.8
AvailabilityFactor,INV,GLOBAL,PWROTHPANXX,,,,2039,,,,,,0.8
AvailabilityFactor,INV,GLOBAL,PWROTHPANXX,,,,2040,,,,,,0.8
AvailabilityFactor,INV,GLOBAL,PWROTHPANXX,,,,2041,,,,,,0.8
AvailabilityFactor,INV,GLOBAL,PWROTHPANXX,,,,2042,,,,,,0.8
AvailabilityFactor,INV,GLOBAL,PWROTHPANXX,,,,2043,,,,,,0.8
AvailabilityFactor,INV,GLOBAL,PWROTHPANXX,,,,2044,,,,,,0.8
AvailabilityFactor,INV,GLOBAL,PWROTHPANXX,,,,2045,,,,,,0.8
AvailabilityFactor,INV,GLOBAL,PWROTHPANXX,,,,2046,,,,,,0.8
AvailabilityFactor,INV,GLOBAL,PWROTHPANXX,,,,2047,,,,,,0.8
AvailabilityFactor,INV,GLOBAL,PWROTHPANXX,,,,2048,,,,,,0.8
AvailabilityFactor,INV,GLOBAL,PWROTHPANXX,,,,2049,,,,,,0.8
AvailabilityFactor,INV,GLOBAL,PWROTHPANXX,,,,2050,,,,,,0.8
AvailabilityFactor,INV,GLOBAL,PWRGEONICXX,,,,2023,,,,,,0.9
AvailabilityFactor,INV,GLOBAL,PWRGEONICXX,,,,2024,,,,,,0.9
AvailabilityFactor,INV,GLOBAL,PWRGEONICXX,,,,2025,,,,,,0.9
AvailabilityFactor,INV,GLOBAL,PWRGEONICXX,,,,2026,,,,,,0.9
AvailabilityFactor,INV,GLOBAL,PWRGEONICXX,,,,2027,,,,,,0.9
AvailabilityFactor,INV,GLOBAL,PWRGEONICXX,,,,2028,,,,,,0.9
AvailabilityFactor,INV,GLOBAL,PWRGEONICXX,,,,2029,,,,,,0.9
AvailabilityFactor,INV,GLOBAL,PWRGEONICXX,,,,2030,,,,,,0.9
AvailabilityFactor,INV,GLOBAL,PWRGEONICXX,,,,2031,,,,,,0.9
AvailabilityFactor,INV,GLOBAL,PWRGEONICXX,,,,2032,,,,,,0.9
AvailabilityFactor,INV,GLOBAL,PWRGEONICXX,,,,2033,,,,,,0.9
AvailabilityFactor,INV,GLOBAL,PWRGEONICXX,,,,2034,,,,,,0.9
AvailabilityFactor,INV,GLOBAL,PWRGEONICXX,,,,2035,,,,,,0.9
AvailabilityFactor,INV,GLOBAL,PWRGEONICXX,,,,2036,,,,,,0.9
AvailabilityFactor,INV,GLOBAL,PWRGEONICXX,,,,2037,,,,,,0.9
AvailabilityFactor,INV,GLOBAL,PWRGEONICXX,,,,2038,,,,,,0.9
AvailabilityFactor,INV,GLOBAL,PWRGEONICXX,,,,2039,,,,,,0.9
AvailabilityFactor,INV,GLOBAL,PWRGEONICXX,,,,2040,,,,,,0.9
AvailabilityFactor,INV,GLOBAL,PWRGEONICXX,,,,2041,,,,,,0.9
AvailabilityFactor,INV,GLOBAL,PWRGEONICXX,,,,2042,,,,,,0.9
AvailabilityFactor,INV,GLOBAL,PWRGEONICXX,,,,2043,,,,,,0.9
AvailabilityFactor,INV,GLOBAL,PWRGEONICXX,,,,2044,,,,,,0.9
AvailabilityFactor,INV,GLOBAL,PWRGEONICXX,,,,2045,,,,,,0.9
AvailabilityFactor,INV,GLOBAL,PWRGEONICXX,,,,2046,,,,,,0.9
AvailabilityFactor,INV,GLOBAL,PWRGEONICXX,,,,2047,,,,,,0.9
AvailabilityFactor,INV,GLOBAL,PWRGEONICXX,,,,2048,,,,,,0.9
AvailabilityFactor,INV,GLOBAL,PWRGEONICXX,,,,2049,,,,,,0.9
AvailabilityFactor,INV,GLOBAL,PWRGEONICXX,,,,2050,,,,,,0.9
AvailabilityFactor,INV,GLOBAL,PWRCOABOLXX,,,,2023,,,,,,0.9
AvailabilityFactor,INV,GLOBAL,PWRCOABOLXX,,,,2024,,,,,,0.9
AvailabilityFactor,INV,GLOBAL,PWRCOABOLXX,,,,2025,,,,,,0.9
AvailabilityFactor,INV,GLOBAL,PWRCOABOLXX,,,,2026,,,,,,0.9
AvailabilityFactor,INV,GLOBAL,PWRCOABOLXX,,,,2027,,,,,,0.9
AvailabilityFactor,INV,GLOBAL,PWRCOABOLXX,,,,2028,,,,,,0.9
AvailabilityFactor,INV,GLOBAL,PWRCOABOLXX,,,,2029,,,,,,0.9
AvailabilityFactor,INV,GLOBAL,PWRCOABOLXX,,,,2030,,,,,,0.9
AvailabilityFactor,INV,GLOBAL,PWRCOABOLXX,,,,2031,,,,,,0.9
AvailabilityFactor,INV,GLOBAL,PWRCOABOLXX,,,,2032,,,,,,0.9
AvailabilityFactor,INV,GLOBAL,PWRCOABOLXX,,,,2033,,,,,,0.9
AvailabilityFactor,INV,GLOBAL,PWRCOABOLXX,,,,2034,,,,,,0.9
AvailabilityFactor,INV,GLOBAL,PWRCOABOLXX,,,,2035,,,,,,0.9
AvailabilityFactor,INV,GLOBAL,PWRCOABOLXX,,,,2036,,,,,,0.9
AvailabilityFactor,INV,GLOBAL,PWRCOABOLXX,,,,2037,,,,,,0.9
AvailabilityFactor,INV,GLOBAL,PWRCOABOLXX,,,,2038,,,,,,0.9
AvailabilityFactor,INV,GLOBAL,PWRCOABOLXX,,,,2039,,,,,,0.9
AvailabilityFactor,INV,GLOBAL,PWRCOABOLXX,,,,2040,,,,,,0.9
AvailabilityFactor,INV,GLOBAL,PWRCOABOLXX,,,,2041,,,,,,0.9
AvailabilityFactor,INV,GLOBAL,PWRCOABOLXX,,,,2042,,,,,,0.9
AvailabilityFactor,INV,GLOBAL,PWRCOABOLXX,,,,2043,,,,,,0.9
AvailabilityFactor,INV,GLOBAL,PWRCOABOLXX,,,,2044,,,,,,0.9
AvailabilityFactor,INV,GLOBAL,PWRCOABOLXX,,,,2045,,,,,,0.9
AvailabilityFactor,INV,GLOBAL,PWRCOABOLXX,,,,2046,,,,,,0.9
AvailabilityFactor,INV,GLOBAL,PWRCOABOLXX,,,,2047,,,,,,0.9
AvailabilityFactor,INV,GLOBAL,PWRCOABOLXX,,,,2048,,,,,,0.9
AvailabilityFactor,INV,GLOBAL,PWRCOABOLXX,,,,2049,,,,,,0.9
AvailabilityFactor,INV,GLOBAL,PWRCOABOLXX,,,,2050,,,,,,0.9
AvailabilityFactor,INV,GLOBAL,PWRCOAPANXX,,,,2023,,,,,,0.9
AvailabilityFactor,INV,GLOBAL,PWRCOAPANXX,,,,2024,,,,,,0.9
AvailabilityFactor,INV,GLOBAL,PWRCOAPANXX,,,,2025,,,,,,0.9
AvailabilityFactor,INV,GLOBAL,PWRCOAPANXX,,,,2026,,,,,,0.9
AvailabilityFactor,INV,GLOBAL,PWRCOAPANXX,,,,2027,,,,,,0.9
AvailabilityFactor,INV,GLOBAL,PWRCOAPANXX,,,,2028,,,,,,0.9
AvailabilityFactor,INV,GLOBAL,PWRCOAPANXX,,,,2029,,,,,,0.9
AvailabilityFactor,INV,GLOBAL,PWRCOAPANXX,,,,2030,,,,,,0.9
AvailabilityFactor,INV,GLOBAL,PWRCOAPANXX,,,,2031,,,,,,0.9
AvailabilityFactor,INV,GLOBAL,PWRCOAPANXX,,,,2032,,,,,,0.9
AvailabilityFactor,INV,GLOBAL,PWRCOAPANXX,,,,2033,,,,,,0.9
AvailabilityFactor,INV,GLOBAL,PWRCOAPANXX,,,,2034,,,,,,0.9
AvailabilityFactor,INV,GLOBAL,PWRCOAPANXX,,,,2035,,,,,,0.9
AvailabilityFactor,INV,GLOBAL,PWRCOAPANXX,,,,2036,,,,,,0.9
AvailabilityFactor,INV,GLOBAL,PWRCOAPANXX,,,,2037,,,,,,0.9
AvailabilityFactor,INV,GLOBAL,PWRCOAPANXX,,,,2038,,,,,,0.9
AvailabilityFactor,INV,GLOBAL,PWRCOAPANXX,,,,2039,,,,,,0.9
AvailabilityFactor,INV,GLOBAL,PWRCOAPANXX,,,,2040,,,,,,0.9
AvailabilityFactor,INV,GLOBAL,PWRCOAPANXX,,,,2041,,,,,,0.9
AvailabilityFactor,INV,GLOBAL,PWRCOAPANXX,,,,2042,,,,,,0.9
AvailabilityFactor,INV,GLOBAL,PWRCOAPANXX,,,,2043,,,,,,0.9
AvailabilityFactor,INV,GLOBAL,PWRCOAPANXX,,,,2044,,,,,,0.9
AvailabilityFactor,INV,GLOBAL,PWRCOAPANXX,,,,2045,,,,,,0.9
AvailabilityFactor,INV,GLOBAL,PWRCOAPANXX,,,,2046,,,,,,0.9
AvailabilityFactor,INV,GLOBAL,PWRCOAPANXX,,,,2047,,,,,,0.9
AvailabilityFactor,INV,GLOBAL,PWRCOAPANXX,,,,2048,,,,,,0.9
AvailabilityFactor,INV,GLOBAL,PWRCOAPANXX,,,,2049,,,,,,0.9
AvailabilityFactor,INV,GLOBAL,PWRCOAPANXX,,,,2050,,,,,,0.9
AvailabilityFactor,INV,GLOBAL,PWROILARGXX,,,,2023,,,,,,0.8
AvailabilityFactor,INV,GLOBAL,PWROILARGXX,,,,2024,,,,,,0.8
AvailabilityFactor,INV,GLOBAL,PWROILARGXX,,,,2025,,,,,,0.8
AvailabilityFactor,INV,GLOBAL,PWROILARGXX,,,,2026,,,,,,0.8
AvailabilityFactor,INV,GLOBAL,PWROILARGXX,,,,2027,,,,,,0.8
AvailabilityFactor,INV,GLOBAL,PWROILARGXX,,,,2028,,,,,,0.8
AvailabilityFactor,INV,GLOBAL,PWROILARGXX,,,,2029,,,,,,0.8
AvailabilityFactor,INV,GLOBAL,PWROILARGXX,,,,2030,,,,,,0.8
AvailabilityFactor,INV,GLOBAL,PWROILARGXX,,,,2031,,,,,,0.8
AvailabilityFactor,INV,GLOBAL,PWROILARGXX,,,,2032,,,,,,0.8
AvailabilityFactor,INV,GLOBAL,PWROILARGXX,,,,2033,,,,,,0.8
AvailabilityFactor,INV,GLOBAL,PWROILARGXX,,,,2034,,,,,,0.8
AvailabilityFactor,INV,GLOBAL,PWROILARGXX,,,,2035,,,,,,0.8
AvailabilityFactor,INV,GLOBAL,PWROILARGXX,,,,2036,,,,,,0.8
AvailabilityFactor,INV,GLOBAL,PWROILARGXX,,,,2037,,,,,,0.8
AvailabilityFactor,INV,GLOBAL,PWROILARGXX,,,,2038,,,,,,0.8
AvailabilityFactor,INV,GLOBAL,PWROILARGXX,,,,2039,,,,,,0.8
AvailabilityFactor,INV,GLOBAL,PWROILARGXX,,,,2040,,,,,,0.8
AvailabilityFactor,INV,GLOBAL,PWROILARGXX,,,,2041,,,,,,0.8
AvailabilityFactor,INV,GLOBAL,PWROILARGXX,,,,2042,,,,,,0.8
AvailabilityFactor,INV,GLOBAL,PWROILARGXX,,,,2043,,,,,,0.8
AvailabilityFactor,INV,GLOBAL,PWROILARGXX,,,,2044,,,,,,0.8
AvailabilityFactor,INV,GLOBAL,PWROILARGXX,,,,2045,,,,,,0.8
AvailabilityFactor,INV,GLOBAL,PWROILARGXX,,,,2046,,,,,,0.8
AvailabilityFactor,INV,GLOBAL,PWROILARGXX,,,,2047,,,,,,0.8
AvailabilityFactor,INV,GLOBAL,PWROILARGXX,,,,2048,,,,,,0.8
AvailabilityFactor,INV,GLOBAL,PWROILARGXX,,,,2049,,,,,,0.8
AvailabilityFactor,INV,GLOBAL,PWROILARGXX,,,,2050,,,,,,0.8
AvailabilityFactor,INV,GLOBAL,PWROTHCRIXX,,,,2023,,,,,,0.8
AvailabilityFactor,INV,GLOBAL,PWROTHCRIXX,,,,2024,,,,,,0.8
AvailabilityFactor,INV,GLOBAL,PWROTHCRIXX,,,,2025,,,,,,0.8
AvailabilityFactor,INV,GLOBAL,PWROTHCRIXX,,,,2026,,,,,,0.8
AvailabilityFactor,INV,GLOBAL,PWROTHCRIXX,,,,2027,,,,,,0.8
AvailabilityFactor,INV,GLOBAL,PWROTHCRIXX,,,,2028,,,,,,0.8
AvailabilityFactor,INV,GLOBAL,PWROTHCRIXX,,,,2029,,,,,,0.8
AvailabilityFactor,INV,GLOBAL,PWROTHCRIXX,,,,2030,,,,,,0.8
AvailabilityFactor,INV,GLOBAL,PWROTHCRIXX,,,,2031,,,,,,0.8
AvailabilityFactor,INV,GLOBAL,PWROTHCRIXX,,,,2032,,,,,,0.8
AvailabilityFactor,INV,GLOBAL,PWROTHCRIXX,,,,2033,,,,,,0.8
AvailabilityFactor,INV,GLOBAL,PWROTHCRIXX,,,,2034,,,,,,0.8
AvailabilityFactor,INV,GLOBAL,PWROTHCRIXX,,,,2035,,,,,,0.8
AvailabilityFactor,INV,GLOBAL,PWROTHCRIXX,,,,2036,,,,,,0.8
AvailabilityFactor,INV,GLOBAL,PWROTHCRIXX,,,,2037,,,,,,0.8
AvailabilityFactor,INV,GLOBAL,PWROTHCRIXX,,,,2038,,,,,,0.8
AvailabilityFactor,INV,GLOBAL,PWROTHCRIXX,,,,2039,,,,,,0.8
AvailabilityFactor,INV,GLOBAL,PWROTHCRIXX,,,,2040,,,,,,0.8
AvailabilityFactor,INV,GLOBAL,PWROTHCRIXX,,,,2041,,,,,,0.8
AvailabilityFactor,INV,GLOBAL,PWROTHCRIXX,,,,2042,,,,,,0.8
AvailabilityFactor,INV,GLOBAL,PWROTHCRIXX,,,,2043,,,,,,0.8
AvailabilityFactor,INV,GLOBAL,PWROTHCRIXX,,,,2044,,,,,,0.8
AvailabilityFactor,INV,GLOBAL,PWROTHCRIXX,,,,2045,,,,,,0.8
AvailabilityFactor,INV,GLOBAL,PWROTHCRIXX,,,,2046,,,,,,0.8
AvailabilityFactor,INV,GLOBAL,PWROTHCRIXX,,,,2047,,,,,,0.8
AvailabilityFactor,INV,GLOBAL,PWROTHCRIXX,,,,2048,,,,,,0.8
AvailabilityFactor,INV,GLOBAL,PWROTHCRIXX,,,,2049,,,,,,0.8
AvailabilityFactor,INV,GLOBAL,PWROTHCRIXX,,,,2050,,,,,,0.8
AvailabilityFactor,INV,GLOBAL,PWRHYDCRIXX,,,,2023,,,,,,0.9
AvailabilityFactor,INV,GLOBAL,PWRHYDCRIXX,,,,2024,,,,,,0.9
AvailabilityFactor,INV,GLOBAL,PWRHYDCRIXX,,,,2025,,,,,,0.9
AvailabilityFactor,INV,GLOBAL,PWRHYDCRIXX,,,,2026,,,,,,0.9
AvailabilityFactor,INV,GLOBAL,PWRHYDCRIXX,,,,2027,,,,,,0.9
AvailabilityFactor,INV,GLOBAL,PWRHYDCRIXX,,,,2028,,,,,,0.9
AvailabilityFactor,INV,GLOBAL,PWRHYDCRIXX,,,,2029,,,,,,0.9
AvailabilityFactor,INV,GLOBAL,PWRHYDCRIXX,,,,2030,,,,,,0.9
AvailabilityFactor,INV,GLOBAL,PWRHYDCRIXX,,,,2031,,,,,,0.9
AvailabilityFactor,INV,GLOBAL,PWRHYDCRIXX,,,,2032,,,,,,0.9
AvailabilityFactor,INV,GLOBAL,PWRHYDCRIXX,,,,2033,,,,,,0.9
AvailabilityFactor,INV,GLOBAL,PWRHYDCRIXX,,,,2034,,,,,,0.9
AvailabilityFactor,INV,GLOBAL,PWRHYDCRIXX,,,,2035,,,,,,0.9
AvailabilityFactor,INV,GLOBAL,PWRHYDCRIXX,,,,2036,,,,,,0.9
AvailabilityFactor,INV,GLOBAL,PWRHYDCRIXX,,,,2037,,,,,,0.9
AvailabilityFactor,INV,GLOBAL,PWRHYDCRIXX,,,,2038,,,,,,0.9
AvailabilityFactor,INV,GLOBAL,PWRHYDCRIXX,,,,2039,,,,,,0.9
AvailabilityFactor,INV,GLOBAL,PWRHYDCRIXX,,,,2040,,,,,,0.9
AvailabilityFactor,INV,GLOBAL,PWRHYDCRIXX,,,,2041,,,,,,0.9
AvailabilityFactor,INV,GLOBAL,PWRHYDCRIXX,,,,2042,,,,,,0.9
AvailabilityFactor,INV,GLOBAL,PWRHYDCRIXX,,,,2043,,,,,,0.9
AvailabilityFactor,INV,GLOBAL,PWRHYDCRIXX,,,,2044,,,,,,0.9
AvailabilityFactor,INV,GLOBAL,PWRHYDCRIXX,,,,2045,,,,,,0.9
AvailabilityFactor,INV,GLOBAL,PWRHYDCRIXX,,,,2046,,,,,,0.9
AvailabilityFactor,INV,GLOBAL,PWRHYDCRIXX,,,,2047,,,,,,0.9
AvailabilityFactor,INV,GLOBAL,PWRHYDCRIXX,,,,2048,,,,,,0.9
AvailabilityFactor,INV,GLOBAL,PWRHYDCRIXX,,,,2049,,,,,,0.9
AvailabilityFactor,INV,GLOBAL,PWRHYDCRIXX,,,,2050,,,,,,0.9
AvailabilityFactor,INV,GLOBAL,PWROTHNICXX,,,,2023,,,,,,0.8
AvailabilityFactor,INV,GLOBAL,PWROTHNICXX,,,,2024,,,,,,0.8
AvailabilityFactor,INV,GLOBAL,PWROTHNICXX,,,,2025,,,,,,0.8
AvailabilityFactor,INV,GLOBAL,PWROTHNICXX,,,,2026,,,,,,0.8
AvailabilityFactor,INV,GLOBAL,PWROTHNICXX,,,,2027,,,,,,0.8
AvailabilityFactor,INV,GLOBAL,PWROTHNICXX,,,,2028,,,,,,0.8
AvailabilityFactor,INV,GLOBAL,PWROTHNICXX,,,,2029,,,,,,0.8
AvailabilityFactor,INV,GLOBAL,PWROTHNICXX,,,,2030,,,,,,0.8
AvailabilityFactor,INV,GLOBAL,PWROTHNICXX,,,,2031,,,,,,0.8
AvailabilityFactor,INV,GLOBAL,PWROTHNICXX,,,,2032,,,,,,0.8
AvailabilityFactor,INV,GLOBAL,PWROTHNICXX,,,,2033,,,,,,0.8
AvailabilityFactor,INV,GLOBAL,PWROTHNICXX,,,,2034,,,,,,0.8
AvailabilityFactor,INV,GLOBAL,PWROTHNICXX,,,,2035,,,,,,0.8
AvailabilityFactor,INV,GLOBAL,PWROTHNICXX,,,,2036,,,,,,0.8
AvailabilityFactor,INV,GLOBAL,PWROTHNICXX,,,,2037,,,,,,0.8
AvailabilityFactor,INV,GLOBAL,PWROTHNICXX,,,,2038,,,,,,0.8
AvailabilityFactor,INV,GLOBAL,PWROTHNICXX,,,,2039,,,,,,0.8
AvailabilityFactor,INV,GLOBAL,PWROTHNICXX,,,,2040,,,,,,0.8
AvailabilityFactor,INV,GLOBAL,PWROTHNICXX,,,,2041,,,,,,0.8
AvailabilityFactor,INV,GLOBAL,PWROTHNICXX,,,,2042,,,,,,0.8
AvailabilityFactor,INV,GLOBAL,PWROTHNICXX,,,,2043,,,,,,0.8
AvailabilityFactor,INV,GLOBAL,PWROTHNICXX,,,,2044,,,,,,0.8
AvailabilityFactor,INV,GLOBAL,PWROTHNICXX,,,,2045,,,,,,0.8
AvailabilityFactor,INV,GLOBAL,PWROTHNICXX,,,,2046,,,,,,0.8
AvailabilityFactor,INV,GLOBAL,PWROTHNICXX,,,,2047,,,,,,0.8
AvailabilityFactor,INV,GLOBAL,PWROTHNICXX,,,,2048,,,,,,0.8
AvailabilityFactor,INV,GLOBAL,PWROTHNICXX,,,,2049,,,,,,0.8
AvailabilityFactor,INV,GLOBAL,PWROTHNICXX,,,,2050,,,,,,0.8
AvailabilityFactor,INV,GLOBAL,PWRURNBRAXX,,,,2023,,,,,,0.9
AvailabilityFactor,INV,GLOBAL,PWRURNBRAXX,,,,2024,,,,,,0.9
AvailabilityFactor,INV,GLOBAL,PWRURNBRAXX,,,,2025,,,,,,0.9
AvailabilityFactor,INV,GLOBAL,PWRURNBRAXX,,,,2026,,,,,,0.9
AvailabilityFactor,INV,GLOBAL,PWRURNBRAXX,,,,2027,,,,,,0.9
AvailabilityFactor,INV,GLOBAL,PWRURNBRAXX,,,,2028,,,,,,0.9
AvailabilityFactor,INV,GLOBAL,PWRURNBRAXX,,,,2029,,,,,,0.9
AvailabilityFactor,INV,GLOBAL,PWRURNBRAXX,,,,2030,,,,,,0.9
AvailabilityFactor,INV,GLOBAL,PWRURNBRAXX,,,,2031,,,,,,0.9
AvailabilityFactor,INV,GLOBAL,PWRURNBRAXX,,,,2032,,,,,,0.9
AvailabilityFactor,INV,GLOBAL,PWRURNBRAXX,,,,2033,,,,,,0.9
AvailabilityFactor,INV,GLOBAL,PWRURNBRAXX,,,,2034,,,,,,0.9
AvailabilityFactor,INV,GLOBAL,PWRURNBRAXX,,,,2035,,,,,,0.9
AvailabilityFactor,INV,GLOBAL,PWRURNBRAXX,,,,2036,,,,,,0.9
AvailabilityFactor,INV,GLOBAL,PWRURNBRAXX,,,,2037,,,,,,0.9
AvailabilityFactor,INV,GLOBAL,PWRURNBRAXX,,,,2038,,,,,,0.9
AvailabilityFactor,INV,GLOBAL,PWRURNBRAXX,,,,2039,,,,,,0.9
AvailabilityFactor,INV,GLOBAL,PWRURNBRAXX,,,,2040,,,,,,0.9
AvailabilityFactor,INV,GLOBAL,PWRURNBRAXX,,,,2041,,,,,,0.9
AvailabilityFactor,INV,GLOBAL,PWRURNBRAXX,,,,2042,,,,,,0.9
AvailabilityFactor,INV,GLOBAL,PWRURNBRAXX,,,,2043,,,,,,0.9
AvailabilityFactor,INV,GLOBAL,PWRURNBRAXX,,,,2044,,,,,,0.9
AvailabilityFactor,INV,GLOBAL,PWRURNBRAXX,,,,2045,,,,,,0.9
AvailabilityFactor,INV,GLOBAL,PWRURNBRAXX,,,,2046,,,,,,0.9
AvailabilityFactor,INV,GLOBAL,PWRURNBRAXX,,,,2047,,,,,,0.9
AvailabilityFactor,INV,GLOBAL,PWRURNBRAXX,,,,2048,,,,,,0.9
AvailabilityFactor,INV,GLOBAL,PWRURNBRAXX,,,,2049,,,,,,0.9
AvailabilityFactor,INV,GLOBAL,PWRURNBRAXX,,,,2050,,,,,,0.9
AvailabilityFactor,INV,GLOBAL,PWRBIOCHLXX,,,,2023,,,,,,0.5
AvailabilityFactor,INV,GLOBAL,PWRBIOCHLXX,,,,2024,,,,,,0.5
AvailabilityFactor,INV,GLOBAL,PWRBIOCHLXX,,,,2025,,,,,,0.5
AvailabilityFactor,INV,GLOBAL,PWRBIOCHLXX,,,,2026,,,,,,0.5
AvailabilityFactor,INV,GLOBAL,PWRBIOCHLXX,,,,2027,,,,,,0.5
AvailabilityFactor,INV,GLOBAL,PWRBIOCHLXX,,,,2028,,,,,,0.5
AvailabilityFactor,INV,GLOBAL,PWRBIOCHLXX,,,,2029,,,,,,0.5
AvailabilityFactor,INV,GLOBAL,PWRBIOCHLXX,,,,2030,,,,,,0.5
AvailabilityFactor,INV,GLOBAL,PWRBIOCHLXX,,,,2031,,,,,,0.5
AvailabilityFactor,INV,GLOBAL,PWRBIOCHLXX,,,,2032,,,,,,0.5
AvailabilityFactor,INV,GLOBAL,PWRBIOCHLXX,,,,2033,,,,,,0.5
AvailabilityFactor,INV,GLOBAL,PWRBIOCHLXX,,,,2034,,,,,,0.5
AvailabilityFactor,INV,GLOBAL,PWRBIOCHLXX,,,,2035,,,,,,0.5
AvailabilityFactor,INV,GLOBAL,PWRBIOCHLXX,,,,2036,,,,,,0.5
AvailabilityFactor,INV,GLOBAL,PWRBIOCHLXX,,,,2037,,,,,,0.5
AvailabilityFactor,INV,GLOBAL,PWRBIOCHLXX,,,,2038,,,,,,0.5
AvailabilityFactor,INV,GLOBAL,PWRBIOCHLXX,,,,2039,,,,,,0.5
AvailabilityFactor,INV,GLOBAL,PWRBIOCHLXX,,,,2040,,,,,,0.5
AvailabilityFactor,INV,GLOBAL,PWRBIOCHLXX,,,,2041,,,,,,0.5
AvailabilityFactor,INV,GLOBAL,PWRBIOCHLXX,,,,2042,,,,,,0.5
AvailabilityFactor,INV,GLOBAL,PWRBIOCHLXX,,,,2043,,,,,,0.5
AvailabilityFactor,INV,GLOBAL,PWRBIOCHLXX,,,,2044,,,,,,0.5
AvailabilityFactor,INV,GLOBAL,PWRBIOCHLXX,,,,2045,,,,,,0.5
AvailabilityFactor,INV,GLOBAL,PWRBIOCHLXX,,,,2046,,,,,,0.5
AvailabilityFactor,INV,GLOBAL,PWRBIOCHLXX,,,,2047,,,,,,0.5
AvailabilityFactor,INV,GLOBAL,PWRBIOCHLXX,,,,2048,,,,,,0.5
AvailabilityFactor,INV,GLOBAL,PWRBIOCHLXX,,,,2049,,,,,,0.5
AvailabilityFactor,INV,GLOBAL,PWRBIOCHLXX,,,,2050,,,,,,0.5
AvailabilityFactor,INV,GLOBAL,PWRCOGARGXX,,,,2023,,,,,,0.8
AvailabilityFactor,INV,GLOBAL,PWRCOGARGXX,,,,2024,,,,,,0.8
AvailabilityFactor,INV,GLOBAL,PWRCOGARGXX,,,,2025,,,,,,0.8
AvailabilityFactor,INV,GLOBAL,PWRCOGARGXX,,,,2026,,,,,,0.8
AvailabilityFactor,INV,GLOBAL,PWRCOGARGXX,,,,2027,,,,,,0.8
AvailabilityFactor,INV,GLOBAL,PWRCOGARGXX,,,,2028,,,,,,0.8
AvailabilityFactor,INV,GLOBAL,PWRCOGARGXX,,,,2029,,,,,,0.8
AvailabilityFactor,INV,GLOBAL,PWRCOGARGXX,,,,2030,,,,,,0.8
AvailabilityFactor,INV,GLOBAL,PWRCOGARGXX,,,,2031,,,,,,0.8
AvailabilityFactor,INV,GLOBAL,PWRCOGARGXX,,,,2032,,,,,,0.8
AvailabilityFactor,INV,GLOBAL,PWRCOGARGXX,,,,2033,,,,,,0.8
AvailabilityFactor,INV,GLOBAL,PWRCOGARGXX,,,,2034,,,,,,0.8
AvailabilityFactor,INV,GLOBAL,PWRCOGARGXX,,,,2035,,,,,,0.8
AvailabilityFactor,INV,GLOBAL,PWRCOGARGXX,,,,2036,,,,,,0.8
AvailabilityFactor,INV,GLOBAL,PWRCOGARGXX,,,,2037,,,,,,0.8
AvailabilityFactor,INV,GLOBAL,PWRCOGARGXX,,,,2038,,,,,,0.8
AvailabilityFactor,INV,GLOBAL,PWRCOGARGXX,,,,2039,,,,,,0.8
AvailabilityFactor,INV,GLOBAL,PWRCOGARGXX,,,,2040,,,,,,0.8
AvailabilityFactor,INV,GLOBAL,PWRCOGARGXX,,,,2041,,,,,,0.8
AvailabilityFactor,INV,GLOBAL,PWRCOGARGXX,,,,2042,,,,,,0.8
AvailabilityFactor,INV,GLOBAL,PWRCOGARGXX,,,,2043,,,,,,0.8
AvailabilityFactor,INV,GLOBAL,PWRCOGARGXX,,,,2044,,,,,,0.8
AvailabilityFactor,INV,GLOBAL,PWRCOGARGXX,,,,2045,,,,,,0.8
AvailabilityFactor,INV,GLOBAL,PWRCOGARGXX,,,,2046,,,,,,0.8
AvailabilityFactor,INV,GLOBAL,PWRCOGARGXX,,,,2047,,,,,,0.8
AvailabilityFactor,INV,GLOBAL,PWRCOGARGXX,,,,2048,,,,,,0.8
AvailabilityFactor,INV,GLOBAL,PWRCOGARGXX,,,,2049,,,,,,0.8
AvailabilityFactor,INV,GLOBAL,PWRCOGARGXX,,,,2050,,,,,,0.8
AvailabilityFactor,INV,GLOBAL,PWRWONHNDXX,,,,2023,,,,,,0.9
AvailabilityFactor,INV,GLOBAL,PWRWONHNDXX,,,,2024,,,,,,0.9
AvailabilityFactor,INV,GLOBAL,PWRWONHNDXX,,,,2025,,,,,,0.9
AvailabilityFactor,INV,GLOBAL,PWRWONHNDXX,,,,2026,,,,,,0.9
AvailabilityFactor,INV,GLOBAL,PWRWONHNDXX,,,,2027,,,,,,0.9
AvailabilityFactor,INV,GLOBAL,PWRWONHNDXX,,,,2028,,,,,,0.9
AvailabilityFactor,INV,GLOBAL,PWRWONHNDXX,,,,2029,,,,,,0.9
AvailabilityFactor,INV,GLOBAL,PWRWONHNDXX,,,,2030,,,,,,0.9
AvailabilityFactor,INV,GLOBAL,PWRWONHNDXX,,,,2031,,,,,,0.9
AvailabilityFactor,INV,GLOBAL,PWRWONHNDXX,,,,2032,,,,,,0.9
AvailabilityFactor,INV,GLOBAL,PWRWONHNDXX,,,,2033,,,,,,0.9
AvailabilityFactor,INV,GLOBAL,PWRWONHNDXX,,,,2034,,,,,,0.9
AvailabilityFactor,INV,GLOBAL,PWRWONHNDXX,,,,2035,,,,,,0.9
AvailabilityFactor,INV,GLOBAL,PWRWONHNDXX,,,,2036,,,,,,0.9
AvailabilityFactor,INV,GLOBAL,PWRWONHNDXX,,,,2037,,,,,,0.9
AvailabilityFactor,INV,GLOBAL,PWRWONHNDXX,,,,2038,,,,,,0.9
AvailabilityFactor,INV,GLOBAL,PWRWONHNDXX,,,,2039,,,,,,0.9
AvailabilityFactor,INV,GLOBAL,PWRWONHNDXX,,,,2040,,,,,,0.9
AvailabilityFactor,INV,GLOBAL,PWRWONHNDXX,,,,2041,,,,,,0.9
AvailabilityFactor,INV,GLOBAL,PWRWONHNDXX,,,,2042,,,,,,0.9
AvailabilityFactor,INV,GLOBAL,PWRWONHNDXX,,,,2043,,,,,,0.9
AvailabilityFactor,INV,GLOBAL,PWRWONHNDXX,,,,2044,,,,,,0.9
AvailabilityFactor,INV,GLOBAL,PWRWONHNDXX,,,,2045,,,,,,0.9
AvailabilityFactor,INV,GLOBAL,PWRWONHNDXX,,,,2046,,,,,,0.9
AvailabilityFactor,INV,GLOBAL,PWRWONHNDXX,,,,2047,,,,,,0.9
AvailabilityFactor,INV,GLOBAL,PWRWONHNDXX,,,,2048,,,,,,0.9
AvailabilityFactor,INV,GLOBAL,PWRWONHNDXX,,,,2049,,,,,,0.9
AvailabilityFactor,INV,GLOBAL,PWRWONHNDXX,,,,2050,,,,,,0.9
AvailabilityFactor,INV,GLOBAL,PWRBIOPANXX,,,,2023,,,,,,0.5
AvailabilityFactor,INV,GLOBAL,PWRBIOPANXX,,,,2024,,,,,,0.5
AvailabilityFactor,INV,GLOBAL,PWRBIOPANXX,,,,2025,,,,,,0.5
AvailabilityFactor,INV,GLOBAL,PWRBIOPANXX,,,,2026,,,,,,0.5
AvailabilityFactor,INV,GLOBAL,PWRBIOPANXX,,,,2027,,,,,,0.5
AvailabilityFactor,INV,GLOBAL,PWRBIOPANXX,,,,2028,,,,,,0.5
AvailabilityFactor,INV,GLOBAL,PWRBIOPANXX,,,,2029,,,,,,0.5
AvailabilityFactor,INV,GLOBAL,PWRBIOPANXX,,,,2030,,,,,,0.5
AvailabilityFactor,INV,GLOBAL,PWRBIOPANXX,,,,2031,,,,,,0.5
AvailabilityFactor,INV,GLOBAL,PWRBIOPANXX,,,,2032,,,,,,0.5
AvailabilityFactor,INV,GLOBAL,PWRBIOPANXX,,,,2033,,,,,,0.5
AvailabilityFactor,INV,GLOBAL,PWRBIOPANXX,,,,2034,,,,,,0.5
AvailabilityFactor,INV,GLOBAL,PWRBIOPANXX,,,,2035,,,,,,0.5
AvailabilityFactor,INV,GLOBAL,PWRBIOPANXX,,,,2036,,,,,,0.5
AvailabilityFactor,INV,GLOBAL,PWRBIOPANXX,,,,2037,,,,,,0.5
AvailabilityFactor,INV,GLOBAL,PWRBIOPANXX,,,,2038,,,,,,0.5
AvailabilityFactor,INV,GLOBAL,PWRBIOPANXX,,,,2039,,,,,,0.5
AvailabilityFactor,INV,GLOBAL,PWRBIOPANXX,,,,2040,,,,,,0.5
AvailabilityFactor,INV,GLOBAL,PWRBIOPANXX,,,,2041,,,,,,0.5
AvailabilityFactor,INV,GLOBAL,PWRBIOPANXX,,,,2042,,,,,,0.5
AvailabilityFactor,INV,GLOBAL,PWRBIOPANXX,,,,2043,,,,,,0.5
AvailabilityFactor,INV,GLOBAL,PWRBIOPANXX,,,,2044,,,,,,0.5
AvailabilityFactor,INV,GLOBAL,PWRBIOPANXX,,,,2045,,,,,,0.5
AvailabilityFactor,INV,GLOBAL,PWRBIOPANXX,,,,2046,,,,,,0.5
AvailabilityFactor,INV,GLOBAL,PWRBIOPANXX,,,,2047,,,,,,0.5
AvailabilityFactor,INV,GLOBAL,PWRBIOPANXX,,,,2048,,,,,,0.5
AvailabilityFactor,INV,GLOBAL,PWRBIOPANXX,,,,2049,,,,,,0.5
AvailabilityFactor,INV,GLOBAL,PWRBIOPANXX,,,,2050,,,,,,0.5
AvailabilityFactor,INV,GLOBAL,PWRCOAPRYXX,,,,2023,,,,,,0.9
AvailabilityFactor,INV,GLOBAL,PWRCOAPRYXX,,,,2024,,,,,,0.9
AvailabilityFactor,INV,GLOBAL,PWRCOAPRYXX,,,,2025,,,,,,0.9
AvailabilityFactor,INV,GLOBAL,PWRCOAPRYXX,,,,2026,,,,,,0.9
AvailabilityFactor,INV,GLOBAL,PWRCOAPRYXX,,,,2027,,,,,,0.9
AvailabilityFactor,INV,GLOBAL,PWRCOAPRYXX,,,,2028,,,,,,0.9
AvailabilityFactor,INV,GLOBAL,PWRCOAPRYXX,,,,2029,,,,,,0.9
AvailabilityFactor,INV,GLOBAL,PWRCOAPRYXX,,,,2030,,,,,,0.9
AvailabilityFactor,INV,GLOBAL,PWRCOAPRYXX,,,,2031,,,,,,0.9
AvailabilityFactor,INV,GLOBAL,PWRCOAPRYXX,,,,2032,,,,,,0.9
AvailabilityFactor,INV,GLOBAL,PWRCOAPRYXX,,,,2033,,,,,,0.9
AvailabilityFactor,INV,GLOBAL,PWRCOAPRYXX,,,,2034,,,,,,0.9
AvailabilityFactor,INV,GLOBAL,PWRCOAPRYXX,,,,2035,,,,,,0.9
AvailabilityFactor,INV,GLOBAL,PWRCOAPRYXX,,,,2036,,,,,,0.9
AvailabilityFactor,INV,GLOBAL,PWRCOAPRYXX,,,,2037,,,,,,0.9
AvailabilityFactor,INV,GLOBAL,PWRCOAPRYXX,,,,2038,,,,,,0.9
AvailabilityFactor,INV,GLOBAL,PWRCOAPRYXX,,,,2039,,,,,,0.9
AvailabilityFactor,INV,GLOBAL,PWRCOAPRYXX,,,,2040,,,,,,0.9
AvailabilityFactor,INV,GLOBAL,PWRCOAPRYXX,,,,2041,,,,,,0.9
AvailabilityFactor,INV,GLOBAL,PWRCOAPRYXX,,,,2042,,,,,,0.9
AvailabilityFactor,INV,GLOBAL,PWRCOAPRYXX,,,,2043,,,,,,0.9
AvailabilityFactor,INV,GLOBAL,PWRCOAPRYXX,,,,2044,,,,,,0.9
AvailabilityFactor,INV,GLOBAL,PWRCOAPRYXX,,,,2045,,,,,,0.9
AvailabilityFactor,INV,GLOBAL,PWRCOAPRYXX,,,,2046,,,,,,0.9
AvailabilityFactor,INV,GLOBAL,PWRCOAPRYXX,,,,2047,,,,,,0.9
AvailabilityFactor,INV,GLOBAL,PWRCOAPRYXX,,,,2048,,,,,,0.9
AvailabilityFactor,INV,GLOBAL,PWRCOAPRYXX,,,,2049,,,,,,0.9
AvailabilityFactor,INV,GLOBAL,PWRCOAPRYXX,,,,2050,,,,,,0.9
AvailabilityFactor,INV,GLOBAL,PWRGEOPERXX,,,,2023,,,,,,0.9
AvailabilityFactor,INV,GLOBAL,PWRGEOPERXX,,,,2024,,,,,,0.9
AvailabilityFactor,INV,GLOBAL,PWRGEOPERXX,,,,2025,,,,,,0.9
AvailabilityFactor,INV,GLOBAL,PWRGEOPERXX,,,,2026,,,,,,0.9
AvailabilityFactor,INV,GLOBAL,PWRGEOPERXX,,,,2027,,,,,,0.9
AvailabilityFactor,INV,GLOBAL,PWRGEOPERXX,,,,2028,,,,,,0.9
AvailabilityFactor,INV,GLOBAL,PWRGEOPERXX,,,,2029,,,,,,0.9
AvailabilityFactor,INV,GLOBAL,PWRGEOPERXX,,,,2030,,,,,,0.9
AvailabilityFactor,INV,GLOBAL,PWRGEOPERXX,,,,2031,,,,,,0.9
AvailabilityFactor,INV,GLOBAL,PWRGEOPERXX,,,,2032,,,,,,0.9
AvailabilityFactor,INV,GLOBAL,PWRGEOPERXX,,,,2033,,,,,,0.9
AvailabilityFactor,INV,GLOBAL,PWRGEOPERXX,,,,2034,,,,,,0.9
AvailabilityFactor,INV,GLOBAL,PWRGEOPERXX,,,,2035,,,,,,0.9
AvailabilityFactor,INV,GLOBAL,PWRGEOPERXX,,,,2036,,,,,,0.9
AvailabilityFactor,INV,GLOBAL,PWRGEOPERXX,,,,2037,,,,,,0.9
AvailabilityFactor,INV,GLOBAL,PWRGEOPERXX,,,,2038,,,,,,0.9
AvailabilityFactor,INV,GLOBAL,PWRGEOPERXX,,,,2039,,,,,,0.9
AvailabilityFactor,INV,GLOBAL,PWRGEOPERXX,,,,2040,,,,,,0.9
AvailabilityFactor,INV,GLOBAL,PWRGEOPERXX,,,,2041,,,,,,0.9
AvailabilityFactor,INV,GLOBAL,PWRGEOPERXX,,,,2042,,,,,,0.9
AvailabilityFactor,INV,GLOBAL,PWRGEOPERXX,,,,2043,,,,,,0.9
AvailabilityFactor,INV,GLOBAL,PWRGEOPERXX,,,,2044,,,,,,0.9
AvailabilityFactor,INV,GLOBAL,PWRGEOPERXX,,,,2045,,,,,,0.9
AvailabilityFactor,INV,GLOBAL,PWRGEOPERXX,,,,2046,,,,,,0.9
AvailabilityFactor,INV,GLOBAL,PWRGEOPERXX,,,,2047,,,,,,0.9
AvailabilityFactor,INV,GLOBAL,PWRGEOPERXX,,,,2048,,,,,,0.9
AvailabilityFactor,INV,GLOBAL,PWRGEOPERXX,,,,2049,,,,,,0.9
AvailabilityFactor,INV,GLOBAL,PWRGEOPERXX,,,,2050,,,,,,0.9
AvailabilityFactor,INV,GLOBAL,PWRGEOPANXX,,,,2023,,,,,,0.9
AvailabilityFactor,INV,GLOBAL,PWRGEOPANXX,,,,2024,,,,,,0.9
AvailabilityFactor,INV,GLOBAL,PWRGEOPANXX,,,,2025,,,,,,0.9
AvailabilityFactor,INV,GLOBAL,PWRGEOPANXX,,,,2026,,,,,,0.9
AvailabilityFactor,INV,GLOBAL,PWRGEOPANXX,,,,2027,,,,,,0.9
AvailabilityFactor,INV,GLOBAL,PWRGEOPANXX,,,,2028,,,,,,0.9
AvailabilityFactor,INV,GLOBAL,PWRGEOPANXX,,,,2029,,,,,,0.9
AvailabilityFactor,INV,GLOBAL,PWRGEOPANXX,,,,2030,,,,,,0.9
AvailabilityFactor,INV,GLOBAL,PWRGEOPANXX,,,,2031,,,,,,0.9
AvailabilityFactor,INV,GLOBAL,PWRGEOPANXX,,,,2032,,,,,,0.9
AvailabilityFactor,INV,GLOBAL,PWRGEOPANXX,,,,2033,,,,,,0.9
AvailabilityFactor,INV,GLOBAL,PWRGEOPANXX,,,,2034,,,,,,0.9
AvailabilityFactor,INV,GLOBAL,PWRGEOPANXX,,,,2035,,,,,,0.9
AvailabilityFactor,INV,GLOBAL,PWRGEOPANXX,,,,2036,,,,,,0.9
AvailabilityFactor,INV,GLOBAL,PWRGEOPANXX,,,,2037,,,,,,0.9
AvailabilityFactor,INV,GLOBAL,PWRGEOPANXX,,,,2038,,,,,,0.9
AvailabilityFactor,INV,GLOBAL,PWRGEOPANXX,,,,2039,,,,,,0.9
AvailabilityFactor,INV,GLOBAL,PWRGEOPANXX,,,,2040,,,,,,0.9
AvailabilityFactor,INV,GLOBAL,PWRGEOPANXX,,,,2041,,,,,,0.9
AvailabilityFactor,INV,GLOBAL,PWRGEOPANXX,,,,2042,,,,,,0.9
AvailabilityFactor,INV,GLOBAL,PWRGEOPANXX,,,,2043,,,,,,0.9
AvailabilityFactor,INV,GLOBAL,PWRGEOPANXX,,,,2044,,,,,,0.9
AvailabilityFactor,INV,GLOBAL,PWRGEOPANXX,,,,2045,,,,,,0.9
AvailabilityFactor,INV,GLOBAL,PWRGEOPANXX,,,,2046,,,,,,0.9
AvailabilityFactor,INV,GLOBAL,PWRGEOPANXX,,,,2047,,,,,,0.9
AvailabilityFactor,INV,GLOBAL,PWRGEOPANXX,,,,2048,,,,,,0.9
AvailabilityFactor,INV,GLOBAL,PWRGEOPANXX,,,,2049,,,,,,0.9
AvailabilityFactor,INV,GLOBAL,PWRGEOPANXX,,,,2050,,,,,,0.9
AvailabilityFactor,INV,GLOBAL,PWRCCSECUXX,,,,2023,,,,,,0.9
AvailabilityFactor,INV,GLOBAL,PWRCCSECUXX,,,,2024,,,,,,0.9
AvailabilityFactor,INV,GLOBAL,PWRCCSECUXX,,,,2025,,,,,,0.9
AvailabilityFactor,INV,GLOBAL,PWRCCSECUXX,,,,2026,,,,,,0.9
AvailabilityFactor,INV,GLOBAL,PWRCCSECUXX,,,,2027,,,,,,0.9
AvailabilityFactor,INV,GLOBAL,PWRCCSECUXX,,,,2028,,,,,,0.9
AvailabilityFactor,INV,GLOBAL,PWRCCSECUXX,,,,2029,,,,,,0.9
AvailabilityFactor,INV,GLOBAL,PWRCCSECUXX,,,,2030,,,,,,0.9
AvailabilityFactor,INV,GLOBAL,PWRCCSECUXX,,,,2031,,,,,,0.9
AvailabilityFactor,INV,GLOBAL,PWRCCSECUXX,,,,2032,,,,,,0.9
AvailabilityFactor,INV,GLOBAL,PWRCCSECUXX,,,,2033,,,,,,0.9
AvailabilityFactor,INV,GLOBAL,PWRCCSECUXX,,,,2034,,,,,,0.9
AvailabilityFactor,INV,GLOBAL,PWRCCSECUXX,,,,2035,,,,,,0.9
AvailabilityFactor,INV,GLOBAL,PWRCCSECUXX,,,,2036,,,,,,0.9
AvailabilityFactor,INV,GLOBAL,PWRCCSECUXX,,,,2037,,,,,,0.9
AvailabilityFactor,INV,GLOBAL,PWRCCSECUXX,,,,2038,,,,,,0.9
AvailabilityFactor,INV,GLOBAL,PWRCCSECUXX,,,,2039,,,,,,0.9
AvailabilityFactor,INV,GLOBAL,PWRCCSECUXX,,,,2040,,,,,,0.9
AvailabilityFactor,INV,GLOBAL,PWRCCSECUXX,,,,2041,,,,,,0.9
AvailabilityFactor,INV,GLOBAL,PWRCCSECUXX,,,,2042,,,,,,0.9
AvailabilityFactor,INV,GLOBAL,PWRCCSECUXX,,,,2043,,,,,,0.9
AvailabilityFactor,INV,GLOBAL,PWRCCSECUXX,,,,2044,,,,,,0.9
AvailabilityFactor,INV,GLOBAL,PWRCCSECUXX,,,,2045,,,,,,0.9
AvailabilityFactor,INV,GLOBAL,PWRCCSECUXX,,,,2046,,,,,,0.9
AvailabilityFactor,INV,GLOBAL,PWRCCSECUXX,,,,2047,,,,,,0.9
AvailabilityFactor,INV,GLOBAL,PWRCCSECUXX,,,,2048,,,,,,0.9
AvailabilityFactor,INV,GLOBAL,PWRCCSECUXX,,,,2049,,,,,,0.9
AvailabilityFactor,INV,GLOBAL,PWRCCSECUXX,,,,2050,,,,,,0.9
AvailabilityFactor,INV,GLOBAL,PWRSPVHNDXX,,,,2023,,,,,,0.9
AvailabilityFactor,INV,GLOBAL,PWRSPVHNDXX,,,,2024,,,,,,0.9
AvailabilityFactor,INV,GLOBAL,PWRSPVHNDXX,,,,2025,,,,,,0.9
AvailabilityFactor,INV,GLOBAL,PWRSPVHNDXX,,,,2026,,,,,,0.9
AvailabilityFactor,INV,GLOBAL,PWRSPVHNDXX,,,,2027,,,,,,0.9
AvailabilityFactor,INV,GLOBAL,PWRSPVHNDXX,,,,2028,,,,,,0.9
AvailabilityFactor,INV,GLOBAL,PWRSPVHNDXX,,,,2029,,,,,,0.9
AvailabilityFactor,INV,GLOBAL,PWRSPVHNDXX,,,,2030,,,,,,0.9
AvailabilityFactor,INV,GLOBAL,PWRSPVHNDXX,,,,2031,,,,,,0.9
AvailabilityFactor,INV,GLOBAL,PWRSPVHNDXX,,,,2032,,,,,,0.9
AvailabilityFactor,INV,GLOBAL,PWRSPVHNDXX,,,,2033,,,,,,0.9
AvailabilityFactor,INV,GLOBAL,PWRSPVHNDXX,,,,2034,,,,,,0.9
AvailabilityFactor,INV,GLOBAL,PWRSPVHNDXX,,,,2035,,,,,,0.9
AvailabilityFactor,INV,GLOBAL,PWRSPVHNDXX,,,,2036,,,,,,0.9
AvailabilityFactor,INV,GLOBAL,PWRSPVHNDXX,,,,2037,,,,,,0.9
AvailabilityFactor,INV,GLOBAL,PWRSPVHNDXX,,,,2038,,,,,,0.9
AvailabilityFactor,INV,GLOBAL,PWRSPVHNDXX,,,,2039,,,,,,0.9
AvailabilityFactor,INV,GLOBAL,PWRSPVHNDXX,,,,2040,,,,,,0.9
AvailabilityFactor,INV,GLOBAL,PWRSPVHNDXX,,,,2041,,,,,,0.9
AvailabilityFactor,INV,GLOBAL,PWRSPVHNDXX,,,,2042,,,,,,0.9
AvailabilityFactor,INV,GLOBAL,PWRSPVHNDXX,,,,2043,,,,,,0.9
AvailabilityFactor,INV,GLOBAL,PWRSPVHNDXX,,,,2044,,,,,,0.9
AvailabilityFactor,INV,GLOBAL,PWRSPVHNDXX,,,,2045,,,,,,0.9
AvailabilityFactor,INV,GLOBAL,PWRSPVHNDXX,,,,2046,,,,,,0.9
AvailabilityFactor,INV,GLOBAL,PWRSPVHNDXX,,,,2047,,,,,,0.9
AvailabilityFactor,INV,GLOBAL,PWRSPVHNDXX,,,,2048,,,,,,0.9
AvailabilityFactor,INV,GLOBAL,PWRSPVHNDXX,,,,2049,,,,,,0.9
AvailabilityFactor,INV,GLOBAL,PWRSPVHNDXX,,,,2050,,,,,,0.9
AvailabilityFactor,INV,GLOBAL,PWRWOFGTMXX,,,,2023,,,,,,0.9
AvailabilityFactor,INV,GLOBAL,PWRWOFGTMXX,,,,2024,,,,,,0.9
AvailabilityFactor,INV,GLOBAL,PWRWOFGTMXX,,,,2025,,,,,,0.9
AvailabilityFactor,INV,GLOBAL,PWRWOFGTMXX,,,,2026,,,,,,0.9
AvailabilityFactor,INV,GLOBAL,PWRWOFGTMXX,,,,2027,,,,,,0.9
AvailabilityFactor,INV,GLOBAL,PWRWOFGTMXX,,,,2028,,,,,,0.9
AvailabilityFactor,INV,GLOBAL,PWRWOFGTMXX,,,,2029,,,,,,0.9
AvailabilityFactor,INV,GLOBAL,PWRWOFGTMXX,,,,2030,,,,,,0.9
AvailabilityFactor,INV,GLOBAL,PWRWOFGTMXX,,,,2031,,,,,,0.9
AvailabilityFactor,INV,GLOBAL,PWRWOFGTMXX,,,,2032,,,,,,0.9
AvailabilityFactor,INV,GLOBAL,PWRWOFGTMXX,,,,2033,,,,,,0.9
AvailabilityFactor,INV,GLOBAL,PWRWOFGTMXX,,,,2034,,,,,,0.9
AvailabilityFactor,INV,GLOBAL,PWRWOFGTMXX,,,,2035,,,,,,0.9
AvailabilityFactor,INV,GLOBAL,PWRWOFGTMXX,,,,2036,,,,,,0.9
AvailabilityFactor,INV,GLOBAL,PWRWOFGTMXX,,,,2037,,,,,,0.9
AvailabilityFactor,INV,GLOBAL,PWRWOFGTMXX,,,,2038,,,,,,0.9
AvailabilityFactor,INV,GLOBAL,PWRWOFGTMXX,,,,2039,,,,,,0.9
AvailabilityFactor,INV,GLOBAL,PWRWOFGTMXX,,,,2040,,,,,,0.9
AvailabilityFactor,INV,GLOBAL,PWRWOFGTMXX,,,,2041,,,,,,0.9
AvailabilityFactor,INV,GLOBAL,PWRWOFGTMXX,,,,2042,,,,,,0.9
AvailabilityFactor,INV,GLOBAL,PWRWOFGTMXX,,,,2043,,,,,,0.9
AvailabilityFactor,INV,GLOBAL,PWRWOFGTMXX,,,,2044,,,,,,0.9
AvailabilityFactor,INV,GLOBAL,PWRWOFGTMXX,,,,2045,,,,,,0.9
AvailabilityFactor,INV,GLOBAL,PWRWOFGTMXX,,,,2046,,,,,,0.9
AvailabilityFactor,INV,GLOBAL,PWRWOFGTMXX,,,,2047,,,,,,0.9
AvailabilityFactor,INV,GLOBAL,PWRWOFGTMXX,,,,2048,,,,,,0.9
AvailabilityFactor,INV,GLOBAL,PWRWOFGTMXX,,,,2049,,,,,,0.9
AvailabilityFactor,INV,GLOBAL,PWRWOFGTMXX,,,,2050,,,,,,0.9
AvailabilityFactor,INV,GLOBAL,PWRBIOBOLXX,,,,2023,,,,,,0.5
AvailabilityFactor,INV,GLOBAL,PWRBIOBOLXX,,,,2024,,,,,,0.5
AvailabilityFactor,INV,GLOBAL,PWRBIOBOLXX,,,,2025,,,,,,0.5
AvailabilityFactor,INV,GLOBAL,PWRBIOBOLXX,,,,2026,,,,,,0.5
AvailabilityFactor,INV,GLOBAL,PWRBIOBOLXX,,,,2027,,,,,,0.5
AvailabilityFactor,INV,GLOBAL,PWRBIOBOLXX,,,,2028,,,,,,0.5
AvailabilityFactor,INV,GLOBAL,PWRBIOBOLXX,,,,2029,,,,,,0.5
AvailabilityFactor,INV,GLOBAL,PWRBIOBOLXX,,,,2030,,,,,,0.5
AvailabilityFactor,INV,GLOBAL,PWRBIOBOLXX,,,,2031,,,,,,0.5
AvailabilityFactor,INV,GLOBAL,PWRBIOBOLXX,,,,2032,,,,,,0.5
AvailabilityFactor,INV,GLOBAL,PWRBIOBOLXX,,,,2033,,,,,,0.5
AvailabilityFactor,INV,GLOBAL,PWRBIOBOLXX,,,,2034,,,,,,0.5
AvailabilityFactor,INV,GLOBAL,PWRBIOBOLXX,,,,2035,,,,,,0.5
AvailabilityFactor,INV,GLOBAL,PWRBIOBOLXX,,,,2036,,,,,,0.5
AvailabilityFactor,INV,GLOBAL,PWRBIOBOLXX,,,,2037,,,,,,0.5
AvailabilityFactor,INV,GLOBAL,PWRBIOBOLXX,,,,2038,,,,,,0.5
AvailabilityFactor,INV,GLOBAL,PWRBIOBOLXX,,,,2039,,,,,,0.5
AvailabilityFactor,INV,GLOBAL,PWRBIOBOLXX,,,,2040,,,,,,0.5
AvailabilityFactor,INV,GLOBAL,PWRBIOBOLXX,,,,2041,,,,,,0.5
AvailabilityFactor,INV,GLOBAL,PWRBIOBOLXX,,,,2042,,,,,,0.5
AvailabilityFactor,INV,GLOBAL,PWRBIOBOLXX,,,,2043,,,,,,0.5
AvailabilityFactor,INV,GLOBAL,PWRBIOBOLXX,,,,2044,,,,,,0.5
AvailabilityFactor,INV,GLOBAL,PWRBIOBOLXX,,,,2045,,,,,,0.5
AvailabilityFactor,INV,GLOBAL,PWRBIOBOLXX,,,,2046,,,,,,0.5
AvailabilityFactor,INV,GLOBAL,PWRBIOBOLXX,,,,2047,,,,,,0.5
AvailabilityFactor,INV,GLOBAL,PWRBIOBOLXX,,,,2048,,,,,,0.5
AvailabilityFactor,INV,GLOBAL,PWRBIOBOLXX,,,,2049,,,,,,0.5
AvailabilityFactor,INV,GLOBAL,PWRBIOBOLXX,,,,2050,,,,,,0.5
AvailabilityFactor,INV,GLOBAL,PWRPETMEXXX,,,,2023,,,,,,0.8
AvailabilityFactor,INV,GLOBAL,PWRPETMEXXX,,,,2024,,,,,,0.8
AvailabilityFactor,INV,GLOBAL,PWRPETMEXXX,,,,2025,,,,,,0.8
AvailabilityFactor,INV,GLOBAL,PWRPETMEXXX,,,,2026,,,,,,0.8
AvailabilityFactor,INV,GLOBAL,PWRPETMEXXX,,,,2027,,,,,,0.8
AvailabilityFactor,INV,GLOBAL,PWRPETMEXXX,,,,2028,,,,,,0.8
AvailabilityFactor,INV,GLOBAL,PWRPETMEXXX,,,,2029,,,,,,0.8
AvailabilityFactor,INV,GLOBAL,PWRPETMEXXX,,,,2030,,,,,,0.8
AvailabilityFactor,INV,GLOBAL,PWRPETMEXXX,,,,2031,,,,,,0.8
AvailabilityFactor,INV,GLOBAL,PWRPETMEXXX,,,,2032,,,,,,0.8
AvailabilityFactor,INV,GLOBAL,PWRPETMEXXX,,,,2033,,,,,,0.8
AvailabilityFactor,INV,GLOBAL,PWRPETMEXXX,,,,2034,,,,,,0.8
AvailabilityFactor,INV,GLOBAL,PWRPETMEXXX,,,,2035,,,,,,0.8
AvailabilityFactor,INV,GLOBAL,PWRPETMEXXX,,,,2036,,,,,,0.8
AvailabilityFactor,INV,GLOBAL,PWRPETMEXXX,,,,2037,,,,,,0.8
AvailabilityFactor,INV,GLOBAL,PWRPETMEXXX,,,,2038,,,,,,0.8
AvailabilityFactor,INV,GLOBAL,PWRPETMEXXX,,,,2039,,,,,,0.8
AvailabilityFactor,INV,GLOBAL,PWRPETMEXXX,,,,2040,,,,,,0.8
AvailabilityFactor,INV,GLOBAL,PWRPETMEXXX,,,,2041,,,,,,0.8
AvailabilityFactor,INV,GLOBAL,PWRPETMEXXX,,,,2042,,,,,,0.8
AvailabilityFactor,INV,GLOBAL,PWRPETMEXXX,,,,2043,,,,,,0.8
AvailabilityFactor,INV,GLOBAL,PWRPETMEXXX,,,,2044,,,,,,0.8
AvailabilityFactor,INV,GLOBAL,PWRPETMEXXX,,,,2045,,,,,,0.8
AvailabilityFactor,INV,GLOBAL,PWRPETMEXXX,,,,2046,,,,,,0.8
AvailabilityFactor,INV,GLOBAL,PWRPETMEXXX,,,,2047,,,,,,0.8
AvailabilityFactor,INV,GLOBAL,PWRPETMEXXX,,,,2048,,,,,,0.8
AvailabilityFactor,INV,GLOBAL,PWRPETMEXXX,,,,2049,,,,,,0.8
AvailabilityFactor,INV,GLOBAL,PWRPETMEXXX,,,,2050,,,,,,0.8
AvailabilityFactor,INV,GLOBAL,PWRCOADOMXX,,,,2023,,,,,,0.9
AvailabilityFactor,INV,GLOBAL,PWRCOADOMXX,,,,2024,,,,,,0.9
AvailabilityFactor,INV,GLOBAL,PWRCOADOMXX,,,,2025,,,,,,0.9
AvailabilityFactor,INV,GLOBAL,PWRCOADOMXX,,,,2026,,,,,,0.9
AvailabilityFactor,INV,GLOBAL,PWRCOADOMXX,,,,2027,,,,,,0.9
AvailabilityFactor,INV,GLOBAL,PWRCOADOMXX,,,,2028,,,,,,0.9
AvailabilityFactor,INV,GLOBAL,PWRCOADOMXX,,,,2029,,,,,,0.9
AvailabilityFactor,INV,GLOBAL,PWRCOADOMXX,,,,2030,,,,,,0.9
AvailabilityFactor,INV,GLOBAL,PWRCOADOMXX,,,,2031,,,,,,0.9
AvailabilityFactor,INV,GLOBAL,PWRCOADOMXX,,,,2032,,,,,,0.9
AvailabilityFactor,INV,GLOBAL,PWRCOADOMXX,,,,2033,,,,,,0.9
AvailabilityFactor,INV,GLOBAL,PWRCOADOMXX,,,,2034,,,,,,0.9
AvailabilityFactor,INV,GLOBAL,PWRCOADOMXX,,,,2035,,,,,,0.9
AvailabilityFactor,INV,GLOBAL,PWRCOADOMXX,,,,2036,,,,,,0.9
AvailabilityFactor,INV,GLOBAL,PWRCOADOMXX,,,,2037,,,,,,0.9
AvailabilityFactor,INV,GLOBAL,PWRCOADOMXX,,,,2038,,,,,,0.9
AvailabilityFactor,INV,GLOBAL,PWRCOADOMXX,,,,2039,,,,,,0.9
AvailabilityFactor,INV,GLOBAL,PWRCOADOMXX,,,,2040,,,,,,0.9
AvailabilityFactor,INV,GLOBAL,PWRCOADOMXX,,,,2041,,,,,,0.9
AvailabilityFactor,INV,GLOBAL,PWRCOADOMXX,,,,2042,,,,,,0.9
AvailabilityFactor,INV,GLOBAL,PWRCOADOMXX,,,,2043,,,,,,0.9
AvailabilityFactor,INV,GLOBAL,PWRCOADOMXX,,,,2044,,,,,,0.9
AvailabilityFactor,INV,GLOBAL,PWRCOADOMXX,,,,2045,,,,,,0.9
AvailabilityFactor,INV,GLOBAL,PWRCOADOMXX,,,,2046,,,,,,0.9
AvailabilityFactor,INV,GLOBAL,PWRCOADOMXX,,,,2047,,,,,,0.9
AvailabilityFactor,INV,GLOBAL,PWRCOADOMXX,,,,2048,,,,,,0.9
AvailabilityFactor,INV,GLOBAL,PWRCOADOMXX,,,,2049,,,,,,0.9
AvailabilityFactor,INV,GLOBAL,PWRCOADOMXX,,,,2050,,,,,,0.9
AvailabilityFactor,INV,GLOBAL,PWRBIOCOLXX,,,,2023,,,,,,0.5
AvailabilityFactor,INV,GLOBAL,PWRBIOCOLXX,,,,2024,,,,,,0.5
AvailabilityFactor,INV,GLOBAL,PWRBIOCOLXX,,,,2025,,,,,,0.5
AvailabilityFactor,INV,GLOBAL,PWRBIOCOLXX,,,,2026,,,,,,0.5
AvailabilityFactor,INV,GLOBAL,PWRBIOCOLXX,,,,2027,,,,,,0.5
AvailabilityFactor,INV,GLOBAL,PWRBIOCOLXX,,,,2028,,,,,,0.5
AvailabilityFactor,INV,GLOBAL,PWRBIOCOLXX,,,,2029,,,,,,0.5
AvailabilityFactor,INV,GLOBAL,PWRBIOCOLXX,,,,2030,,,,,,0.5
AvailabilityFactor,INV,GLOBAL,PWRBIOCOLXX,,,,2031,,,,,,0.5
AvailabilityFactor,INV,GLOBAL,PWRBIOCOLXX,,,,2032,,,,,,0.5
AvailabilityFactor,INV,GLOBAL,PWRBIOCOLXX,,,,2033,,,,,,0.5
AvailabilityFactor,INV,GLOBAL,PWRBIOCOLXX,,,,2034,,,,,,0.5
AvailabilityFactor,INV,GLOBAL,PWRBIOCOLXX,,,,2035,,,,,,0.5
AvailabilityFactor,INV,GLOBAL,PWRBIOCOLXX,,,,2036,,,,,,0.5
AvailabilityFactor,INV,GLOBAL,PWRBIOCOLXX,,,,2037,,,,,,0.5
AvailabilityFactor,INV,GLOBAL,PWRBIOCOLXX,,,,2038,,,,,,0.5
AvailabilityFactor,INV,GLOBAL,PWRBIOCOLXX,,,,2039,,,,,,0.5
AvailabilityFactor,INV,GLOBAL,PWRBIOCOLXX,,,,2040,,,,,,0.5
AvailabilityFactor,INV,GLOBAL,PWRBIOCOLXX,,,,2041,,,,,,0.5
AvailabilityFactor,INV,GLOBAL,PWRBIOCOLXX,,,,2042,,,,,,0.5
AvailabilityFactor,INV,GLOBAL,PWRBIOCOLXX,,,,2043,,,,,,0.5
AvailabilityFactor,INV,GLOBAL,PWRBIOCOLXX,,,,2044,,,,,,0.5
AvailabilityFactor,INV,GLOBAL,PWRBIOCOLXX,,,,2045,,,,,,0.5
AvailabilityFactor,INV,GLOBAL,PWRBIOCOLXX,,,,2046,,,,,,0.5
AvailabilityFactor,INV,GLOBAL,PWRBIOCOLXX,,,,2047,,,,,,0.5
AvailabilityFactor,INV,GLOBAL,PWRBIOCOLXX,,,,2048,,,,,,0.5
AvailabilityFactor,INV,GLOBAL,PWRBIOCOLXX,,,,2049,,,,,,0.5
AvailabilityFactor,INV,GLOBAL,PWRBIOCOLXX,,,,2050,,,,,,0.5
AvailabilityFactor,INV,GLOBAL,PWRHYDARGXX,,,,2023,,,,,,0.9
AvailabilityFactor,INV,GLOBAL,PWRHYDARGXX,,,,2024,,,,,,0.9
AvailabilityFactor,INV,GLOBAL,PWRHYDARGXX,,,,2025,,,,,,0.9
AvailabilityFactor,INV,GLOBAL,PWRHYDARGXX,,,,2026,,,,,,0.9
AvailabilityFactor,INV,GLOBAL,PWRHYDARGXX,,,,2027,,,,,,0.9
AvailabilityFactor,INV,GLOBAL,PWRHYDARGXX,,,,2028,,,,,,0.9
AvailabilityFactor,INV,GLOBAL,PWRHYDARGXX,,,,2029,,,,,,0.9
AvailabilityFactor,INV,GLOBAL,PWRHYDARGXX,,,,2030,,,,,,0.9
AvailabilityFactor,INV,GLOBAL,PWRHYDARGXX,,,,2031,,,,,,0.9
AvailabilityFactor,INV,GLOBAL,PWRHYDARGXX,,,,2032,,,,,,0.9
AvailabilityFactor,INV,GLOBAL,PWRHYDARGXX,,,,2033,,,,,,0.9
AvailabilityFactor,INV,GLOBAL,PWRHYDARGXX,,,,2034,,,,,,0.9
AvailabilityFactor,INV,GLOBAL,PWRHYDARGXX,,,,2035,,,,,,0.9
AvailabilityFactor,INV,GLOBAL,PWRHYDARGXX,,,,2036,,,,,,0.9
AvailabilityFactor,INV,GLOBAL,PWRHYDARGXX,,,,2037,,,,,,0.9
AvailabilityFactor,INV,GLOBAL,PWRHYDARGXX,,,,2038,,,,,,0.9
AvailabilityFactor,INV,GLOBAL,PWRHYDARGXX,,,,2039,,,,,,0.9
AvailabilityFactor,INV,GLOBAL,PWRHYDARGXX,,,,2040,,,,,,0.9
AvailabilityFactor,INV,GLOBAL,PWRHYDARGXX,,,,2041,,,,,,0.9
AvailabilityFactor,INV,GLOBAL,PWRHYDARGXX,,,,2042,,,,,,0.9
AvailabilityFactor,INV,GLOBAL,PWRHYDARGXX,,,,2043,,,,,,0.9
AvailabilityFactor,INV,GLOBAL,PWRHYDARGXX,,,,2044,,,,,,0.9
AvailabilityFactor,INV,GLOBAL,PWRHYDARGXX,,,,2045,,,,,,0.9
AvailabilityFactor,INV,GLOBAL,PWRHYDARGXX,,,,2046,,,,,,0.9
AvailabilityFactor,INV,GLOBAL,PWRHYDARGXX,,,,2047,,,,,,0.9
AvailabilityFactor,INV,GLOBAL,PWRHYDARGXX,,,,2048,,,,,,0.9
AvailabilityFactor,INV,GLOBAL,PWRHYDARGXX,,,,2049,,,,,,0.9
AvailabilityFactor,INV,GLOBAL,PWRHYDARGXX,,,,2050,,,,,,0.9
AvailabilityFactor,INV,GLOBAL,PWRWONCOLXX,,,,2023,,,,,,0.9
AvailabilityFactor,INV,GLOBAL,PWRWONCOLXX,,,,2024,,,,,,0.9
AvailabilityFactor,INV,GLOBAL,PWRWONCOLXX,,,,2025,,,,,,0.9
AvailabilityFactor,INV,GLOBAL,PWRWONCOLXX,,,,2026,,,,,,0.9
AvailabilityFactor,INV,GLOBAL,PWRWONCOLXX,,,,2027,,,,,,0.9
AvailabilityFactor,INV,GLOBAL,PWRWONCOLXX,,,,2028,,,,,,0.9
AvailabilityFactor,INV,GLOBAL,PWRWONCOLXX,,,,2029,,,,,,0.9
AvailabilityFactor,INV,GLOBAL,PWRWONCOLXX,,,,2030,,,,,,0.9
AvailabilityFactor,INV,GLOBAL,PWRWONCOLXX,,,,2031,,,,,,0.9
AvailabilityFactor,INV,GLOBAL,PWRWONCOLXX,,,,2032,,,,,,0.9
AvailabilityFactor,INV,GLOBAL,PWRWONCOLXX,,,,2033,,,,,,0.9
AvailabilityFactor,INV,GLOBAL,PWRWONCOLXX,,,,2034,,,,,,0.9
AvailabilityFactor,INV,GLOBAL,PWRWONCOLXX,,,,2035,,,,,,0.9
AvailabilityFactor,INV,GLOBAL,PWRWONCOLXX,,,,2036,,,,,,0.9
AvailabilityFactor,INV,GLOBAL,PWRWONCOLXX,,,,2037,,,,,,0.9
AvailabilityFactor,INV,GLOBAL,PWRWONCOLXX,,,,2038,,,,,,0.9
AvailabilityFactor,INV,GLOBAL,PWRWONCOLXX,,,,2039,,,,,,0.9
AvailabilityFactor,INV,GLOBAL,PWRWONCOLXX,,,,2040,,,,,,0.9
AvailabilityFactor,INV,GLOBAL,PWRWONCOLXX,,,,2041,,,,,,0.9
AvailabilityFactor,INV,GLOBAL,PWRWONCOLXX,,,,2042,,,,,,0.9
AvailabilityFactor,INV,GLOBAL,PWRWONCOLXX,,,,2043,,,,,,0.9
AvailabilityFactor,INV,GLOBAL,PWRWONCOLXX,,,,2044,,,,,,0.9
AvailabilityFactor,INV,GLOBAL,PWRWONCOLXX,,,,2045,,,,,,0.9
AvailabilityFactor,INV,GLOBAL,PWRWONCOLXX,,,,2046,,,,,,0.9
AvailabilityFactor,INV,GLOBAL,PWRWONCOLXX,,,,2047,,,,,,0.9
AvailabilityFactor,INV,GLOBAL,PWRWONCOLXX,,,,2048,,,,,,0.9
AvailabilityFactor,INV,GLOBAL,PWRWONCOLXX,,,,2049,,,,,,0.9
AvailabilityFactor,INV,GLOBAL,PWRWONCOLXX,,,,2050,,,,,,0.9
AvailabilityFactor,INV,GLOBAL,PWRCOGSLVXX,,,,2023,,,,,,0.8
AvailabilityFactor,INV,GLOBAL,PWRCOGSLVXX,,,,2024,,,,,,0.8
AvailabilityFactor,INV,GLOBAL,PWRCOGSLVXX,,,,2025,,,,,,0.8
AvailabilityFactor,INV,GLOBAL,PWRCOGSLVXX,,,,2026,,,,,,0.8
AvailabilityFactor,INV,GLOBAL,PWRCOGSLVXX,,,,2027,,,,,,0.8
AvailabilityFactor,INV,GLOBAL,PWRCOGSLVXX,,,,2028,,,,,,0.8
AvailabilityFactor,INV,GLOBAL,PWRCOGSLVXX,,,,2029,,,,,,0.8
AvailabilityFactor,INV,GLOBAL,PWRCOGSLVXX,,,,2030,,,,,,0.8
AvailabilityFactor,INV,GLOBAL,PWRCOGSLVXX,,,,2031,,,,,,0.8
AvailabilityFactor,INV,GLOBAL,PWRCOGSLVXX,,,,2032,,,,,,0.8
AvailabilityFactor,INV,GLOBAL,PWRCOGSLVXX,,,,2033,,,,,,0.8
AvailabilityFactor,INV,GLOBAL,PWRCOGSLVXX,,,,2034,,,,,,0.8
AvailabilityFactor,INV,GLOBAL,PWRCOGSLVXX,,,,2035,,,,,,0.8
AvailabilityFactor,INV,GLOBAL,PWRCOGSLVXX,,,,2036,,,,,,0.8
AvailabilityFactor,INV,GLOBAL,PWRCOGSLVXX,,,,2037,,,,,,0.8
AvailabilityFactor,INV,GLOBAL,PWRCOGSLVXX,,,,2038,,,,,,0.8
AvailabilityFactor,INV,GLOBAL,PWRCOGSLVXX,,,,2039,,,,,,0.8
AvailabilityFactor,INV,GLOBAL,PWRCOGSLVXX,,,,2040,,,,,,0.8
AvailabilityFactor,INV,GLOBAL,PWRCOGSLVXX,,,,2041,,,,,,0.8
AvailabilityFactor,INV,GLOBAL,PWRCOGSLVXX,,,,2042,,,,,,0.8
AvailabilityFactor,INV,GLOBAL,PWRCOGSLVXX,,,,2043,,,,,,0.8
AvailabilityFactor,INV,GLOBAL,PWRCOGSLVXX,,,,2044,,,,,,0.8
AvailabilityFactor,INV,GLOBAL,PWRCOGSLVXX,,,,2045,,,,,,0.8
AvailabilityFactor,INV,GLOBAL,PWRCOGSLVXX,,,,2046,,,,,,0.8
AvailabilityFactor,INV,GLOBAL,PWRCOGSLVXX,,,,2047,,,,,,0.8
AvailabilityFactor,INV,GLOBAL,PWRCOGSLVXX,,,,2048,,,,,,0.8
AvailabilityFactor,INV,GLOBAL,PWRCOGSLVXX,,,,2049,,,,,,0.8
AvailabilityFactor,INV,GLOBAL,PWRCOGSLVXX,,,,2050,,,,,,0.8
AvailabilityFactor,INV,GLOBAL,PWRPETSLVXX,,,,2023,,,,,,0.8
AvailabilityFactor,INV,GLOBAL,PWRPETSLVXX,,,,2024,,,,,,0.8
AvailabilityFactor,INV,GLOBAL,PWRPETSLVXX,,,,2025,,,,,,0.8
AvailabilityFactor,INV,GLOBAL,PWRPETSLVXX,,,,2026,,,,,,0.8
AvailabilityFactor,INV,GLOBAL,PWRPETSLVXX,,,,2027,,,,,,0.8
AvailabilityFactor,INV,GLOBAL,PWRPETSLVXX,,,,2028,,,,,,0.8
AvailabilityFactor,INV,GLOBAL,PWRPETSLVXX,,,,2029,,,,,,0.8
AvailabilityFactor,INV,GLOBAL,PWRPETSLVXX,,,,2030,,,,,,0.8
AvailabilityFactor,INV,GLOBAL,PWRPETSLVXX,,,,2031,,,,,,0.8
AvailabilityFactor,INV,GLOBAL,PWRPETSLVXX,,,,2032,,,,,,0.8
AvailabilityFactor,INV,GLOBAL,PWRPETSLVXX,,,,2033,,,,,,0.8
AvailabilityFactor,INV,GLOBAL,PWRPETSLVXX,,,,2034,,,,,,0.8
AvailabilityFactor,INV,GLOBAL,PWRPETSLVXX,,,,2035,,,,,,0.8
AvailabilityFactor,INV,GLOBAL,PWRPETSLVXX,,,,2036,,,,,,0.8
AvailabilityFactor,INV,GLOBAL,PWRPETSLVXX,,,,2037,,,,,,0.8
AvailabilityFactor,INV,GLOBAL,PWRPETSLVXX,,,,2038,,,,,,0.8
AvailabilityFactor,INV,GLOBAL,PWRPETSLVXX,,,,2039,,,,,,0.8
AvailabilityFactor,INV,GLOBAL,PWRPETSLVXX,,,,2040,,,,,,0.8
AvailabilityFactor,INV,GLOBAL,PWRPETSLVXX,,,,2041,,,,,,0.8
AvailabilityFactor,INV,GLOBAL,PWRPETSLVXX,,,,2042,,,,,,0.8
AvailabilityFactor,INV,GLOBAL,PWRPETSLVXX,,,,2043,,,,,,0.8
AvailabilityFactor,INV,GLOBAL,PWRPETSLVXX,,,,2044,,,,,,0.8
AvailabilityFactor,INV,GLOBAL,PWRPETSLVXX,,,,2045,,,,,,0.8
AvailabilityFactor,INV,GLOBAL,PWRPETSLVXX,,,,2046,,,,,,0.8
AvailabilityFactor,INV,GLOBAL,PWRPETSLVXX,,,,2047,,,,,,0.8
AvailabilityFactor,INV,GLOBAL,PWRPETSLVXX,,,,2048,,,,,,0.8
AvailabilityFactor,INV,GLOBAL,PWRPETSLVXX,,,,2049,,,,,,0.8
AvailabilityFactor,INV,GLOBAL,PWRPETSLVXX,,,,2050,,,,,,0.8
AvailabilityFactor,INV,GLOBAL,PWRPETCRIXX,,,,2023,,,,,,0.8
AvailabilityFactor,INV,GLOBAL,PWRPETCRIXX,,,,2024,,,,,,0.8
AvailabilityFactor,INV,GLOBAL,PWRPETCRIXX,,,,2025,,,,,,0.8
AvailabilityFactor,INV,GLOBAL,PWRPETCRIXX,,,,2026,,,,,,0.8
AvailabilityFactor,INV,GLOBAL,PWRPETCRIXX,,,,2027,,,,,,0.8
AvailabilityFactor,INV,GLOBAL,PWRPETCRIXX,,,,2028,,,,,,0.8
AvailabilityFactor,INV,GLOBAL,PWRPETCRIXX,,,,2029,,,,,,0.8
AvailabilityFactor,INV,GLOBAL,PWRPETCRIXX,,,,2030,,,,,,0.8
AvailabilityFactor,INV,GLOBAL,PWRPETCRIXX,,,,2031,,,,,,0.8
AvailabilityFactor,INV,GLOBAL,PWRPETCRIXX,,,,2032,,,,,,0.8
AvailabilityFactor,INV,GLOBAL,PWRPETCRIXX,,,,2033,,,,,,0.8
AvailabilityFactor,INV,GLOBAL,PWRPETCRIXX,,,,2034,,,,,,0.8
AvailabilityFactor,INV,GLOBAL,PWRPETCRIXX,,,,2035,,,,,,0.8
AvailabilityFactor,INV,GLOBAL,PWRPETCRIXX,,,,2036,,,,,,0.8
AvailabilityFactor,INV,GLOBAL,PWRPETCRIXX,,,,2037,,,,,,0.8
AvailabilityFactor,INV,GLOBAL,PWRPETCRIXX,,,,2038,,,,,,0.8
AvailabilityFactor,INV,GLOBAL,PWRPETCRIXX,,,,2039,,,,,,0.8
AvailabilityFactor,INV,GLOBAL,PWRPETCRIXX,,,,2040,,,,,,0.8
AvailabilityFactor,INV,GLOBAL,PWRPETCRIXX,,,,2041,,,,,,0.8
AvailabilityFactor,INV,GLOBAL,PWRPETCRIXX,,,,2042,,,,,,0.8
AvailabilityFactor,INV,GLOBAL,PWRPETCRIXX,,,,2043,,,,,,0.8
AvailabilityFactor,INV,GLOBAL,PWRPETCRIXX,,,,2044,,,,,,0.8
AvailabilityFactor,INV,GLOBAL,PWRPETCRIXX,,,,2045,,,,,,0.8
AvailabilityFactor,INV,GLOBAL,PWRPETCRIXX,,,,2046,,,,,,0.8
AvailabilityFactor,INV,GLOBAL,PWRPETCRIXX,,,,2047,,,,,,0.8
AvailabilityFactor,INV,GLOBAL,PWRPETCRIXX,,,,2048,,,,,,0.8
AvailabilityFactor,INV,GLOBAL,PWRPETCRIXX,,,,2049,,,,,,0.8
AvailabilityFactor,INV,GLOBAL,PWRPETCRIXX,,,,2050,,,,,,0.8
AvailabilityFactor,INV,GLOBAL,PWRWOFPRYXX,,,,2023,,,,,,0.9
AvailabilityFactor,INV,GLOBAL,PWRWOFPRYXX,,,,2024,,,,,,0.9
AvailabilityFactor,INV,GLOBAL,PWRWOFPRYXX,,,,2025,,,,,,0.9
AvailabilityFactor,INV,GLOBAL,PWRWOFPRYXX,,,,2026,,,,,,0.9
AvailabilityFactor,INV,GLOBAL,PWRWOFPRYXX,,,,2027,,,,,,0.9
AvailabilityFactor,INV,GLOBAL,PWRWOFPRYXX,,,,2028,,,,,,0.9
AvailabilityFactor,INV,GLOBAL,PWRWOFPRYXX,,,,2029,,,,,,0.9
AvailabilityFactor,INV,GLOBAL,PWRWOFPRYXX,,,,2030,,,,,,0.9
AvailabilityFactor,INV,GLOBAL,PWRWOFPRYXX,,,,2031,,,,,,0.9
AvailabilityFactor,INV,GLOBAL,PWRWOFPRYXX,,,,2032,,,,,,0.9
AvailabilityFactor,INV,GLOBAL,PWRWOFPRYXX,,,,2033,,,,,,0.9
AvailabilityFactor,INV,GLOBAL,PWRWOFPRYXX,,,,2034,,,,,,0.9
AvailabilityFactor,INV,GLOBAL,PWRWOFPRYXX,,,,2035,,,,,,0.9
AvailabilityFactor,INV,GLOBAL,PWRWOFPRYXX,,,,2036,,,,,,0.9
AvailabilityFactor,INV,GLOBAL,PWRWOFPRYXX,,,,2037,,,,,,0.9
AvailabilityFactor,INV,GLOBAL,PWRWOFPRYXX,,,,2038,,,,,,0.9
AvailabilityFactor,INV,GLOBAL,PWRWOFPRYXX,,,,2039,,,,,,0.9
AvailabilityFactor,INV,GLOBAL,PWRWOFPRYXX,,,,2040,,,,,,0.9
AvailabilityFactor,INV,GLOBAL,PWRWOFPRYXX,,,,2041,,,,,,0.9
AvailabilityFactor,INV,GLOBAL,PWRWOFPRYXX,,,,2042,,,,,,0.9
AvailabilityFactor,INV,GLOBAL,PWRWOFPRYXX,,,,2043,,,,,,0.9
AvailabilityFactor,INV,GLOBAL,PWRWOFPRYXX,,,,2044,,,,,,0.9
AvailabilityFactor,INV,GLOBAL,PWRWOFPRYXX,,,,2045,,,,,,0.9
AvailabilityFactor,INV,GLOBAL,PWRWOFPRYXX,,,,2046,,,,,,0.9
AvailabilityFactor,INV,GLOBAL,PWRWOFPRYXX,,,,2047,,,,,,0.9
AvailabilityFactor,INV,GLOBAL,PWRWOFPRYXX,,,,2048,,,,,,0.9
AvailabilityFactor,INV,GLOBAL,PWRWOFPRYXX,,,,2049,,,,,,0.9
AvailabilityFactor,INV,GLOBAL,PWRWOFPRYXX,,,,2050,,,,,,0.9
AvailabilityFactor,INV,GLOBAL,PWRNGSGTMXX,,,,2023,,,,,,0.9
AvailabilityFactor,INV,GLOBAL,PWRNGSGTMXX,,,,2024,,,,,,0.9
AvailabilityFactor,INV,GLOBAL,PWRNGSGTMXX,,,,2025,,,,,,0.9
AvailabilityFactor,INV,GLOBAL,PWRNGSGTMXX,,,,2026,,,,,,0.9
AvailabilityFactor,INV,GLOBAL,PWRNGSGTMXX,,,,2027,,,,,,0.9
AvailabilityFactor,INV,GLOBAL,PWRNGSGTMXX,,,,2028,,,,,,0.9
AvailabilityFactor,INV,GLOBAL,PWRNGSGTMXX,,,,2029,,,,,,0.9
AvailabilityFactor,INV,GLOBAL,PWRNGSGTMXX,,,,2030,,,,,,0.9
AvailabilityFactor,INV,GLOBAL,PWRNGSGTMXX,,,,2031,,,,,,0.9
AvailabilityFactor,INV,GLOBAL,PWRNGSGTMXX,,,,2032,,,,,,0.9
AvailabilityFactor,INV,GLOBAL,PWRNGSGTMXX,,,,2033,,,,,,0.9
AvailabilityFactor,INV,GLOBAL,PWRNGSGTMXX,,,,2034,,,,,,0.9
AvailabilityFactor,INV,GLOBAL,PWRNGSGTMXX,,,,2035,,,,,,0.9
AvailabilityFactor,INV,GLOBAL,PWRNGSGTMXX,,,,2036,,,,,,0.9
AvailabilityFactor,INV,GLOBAL,PWRNGSGTMXX,,,,2037,,,,,,0.9
AvailabilityFactor,INV,GLOBAL,PWRNGSGTMXX,,,,2038,,,,,,0.9
AvailabilityFactor,INV,GLOBAL,PWRNGSGTMXX,,,,2039,,,,,,0.9
AvailabilityFactor,INV,GLOBAL,PWRNGSGTMXX,,,,2040,,,,,,0.9
AvailabilityFactor,INV,GLOBAL,PWRNGSGTMXX,,,,2041,,,,,,0.9
AvailabilityFactor,INV,GLOBAL,PWRNGSGTMXX,,,,2042,,,,,,0.9
AvailabilityFactor,INV,GLOBAL,PWRNGSGTMXX,,,,2043,,,,,,0.9
AvailabilityFactor,INV,GLOBAL,PWRNGSGTMXX,,,,2044,,,,,,0.9
AvailabilityFactor,INV,GLOBAL,PWRNGSGTMXX,,,,2045,,,,,,0.9
AvailabilityFactor,INV,GLOBAL,PWRNGSGTMXX,,,,2046,,,,,,0.9
AvailabilityFactor,INV,GLOBAL,PWRNGSGTMXX,,,,2047,,,,,,0.9
AvailabilityFactor,INV,GLOBAL,PWRNGSGTMXX,,,,2048,,,,,,0.9
AvailabilityFactor,INV,GLOBAL,PWRNGSGTMXX,,,,2049,,,,,,0.9
AvailabilityFactor,INV,GLOBAL,PWRNGSGTMXX,,,,2050,,,,,,0.9
AvailabilityFactor,INV,GLOBAL,PWRSPVGTMXX,,,,2023,,,,,,0.9
AvailabilityFactor,INV,GLOBAL,PWRSPVGTMXX,,,,2024,,,,,,0.9
AvailabilityFactor,INV,GLOBAL,PWRSPVGTMXX,,,,2025,,,,,,0.9
AvailabilityFactor,INV,GLOBAL,PWRSPVGTMXX,,,,2026,,,,,,0.9
AvailabilityFactor,INV,GLOBAL,PWRSPVGTMXX,,,,2027,,,,,,0.9
AvailabilityFactor,INV,GLOBAL,PWRSPVGTMXX,,,,2028,,,,,,0.9
AvailabilityFactor,INV,GLOBAL,PWRSPVGTMXX,,,,2029,,,,,,0.9
AvailabilityFactor,INV,GLOBAL,PWRSPVGTMXX,,,,2030,,,,,,0.9
AvailabilityFactor,INV,GLOBAL,PWRSPVGTMXX,,,,2031,,,,,,0.9
AvailabilityFactor,INV,GLOBAL,PWRSPVGTMXX,,,,2032,,,,,,0.9
AvailabilityFactor,INV,GLOBAL,PWRSPVGTMXX,,,,2033,,,,,,0.9
AvailabilityFactor,INV,GLOBAL,PWRSPVGTMXX,,,,2034,,,,,,0.9
AvailabilityFactor,INV,GLOBAL,PWRSPVGTMXX,,,,2035,,,,,,0.9
AvailabilityFactor,INV,GLOBAL,PWRSPVGTMXX,,,,2036,,,,,,0.9
AvailabilityFactor,INV,GLOBAL,PWRSPVGTMXX,,,,2037,,,,,,0.9
AvailabilityFactor,INV,GLOBAL,PWRSPVGTMXX,,,,2038,,,,,,0.9
AvailabilityFactor,INV,GLOBAL,PWRSPVGTMXX,,,,2039,,,,,,0.9
AvailabilityFactor,INV,GLOBAL,PWRSPVGTMXX,,,,2040,,,,,,0.9
AvailabilityFactor,INV,GLOBAL,PWRSPVGTMXX,,,,2041,,,,,,0.9
AvailabilityFactor,INV,GLOBAL,PWRSPVGTMXX,,,,2042,,,,,,0.9
AvailabilityFactor,INV,GLOBAL,PWRSPVGTMXX,,,,2043,,,,,,0.9
AvailabilityFactor,INV,GLOBAL,PWRSPVGTMXX,,,,2044,,,,,,0.9
AvailabilityFactor,INV,GLOBAL,PWRSPVGTMXX,,,,2045,,,,,,0.9
AvailabilityFactor,INV,GLOBAL,PWRSPVGTMXX,,,,2046,,,,,,0.9
AvailabilityFactor,INV,GLOBAL,PWRSPVGTMXX,,,,2047,,,,,,0.9
AvailabilityFactor,INV,GLOBAL,PWRSPVGTMXX,,,,2048,,,,,,0.9
AvailabilityFactor,INV,GLOBAL,PWRSPVGTMXX,,,,2049,,,,,,0.9
AvailabilityFactor,INV,GLOBAL,PWRSPVGTMXX,,,,2050,,,,,,0.9
AvailabilityFactor,INV,GLOBAL,PWRHYDPRYXX,,,,2023,,,,,,1.0
AvailabilityFactor,INV,GLOBAL,PWRHYDPRYXX,,,,2024,,,,,,0.9
AvailabilityFactor,INV,GLOBAL,PWRHYDPRYXX,,,,2025,,,,,,0.9
AvailabilityFactor,INV,GLOBAL,PWRHYDPRYXX,,,,2026,,,,,,0.9
AvailabilityFactor,INV,GLOBAL,PWRHYDPRYXX,,,,2027,,,,,,0.9
AvailabilityFactor,INV,GLOBAL,PWRHYDPRYXX,,,,2028,,,,,,0.9
AvailabilityFactor,INV,GLOBAL,PWRHYDPRYXX,,,,2029,,,,,,0.9
AvailabilityFactor,INV,GLOBAL,PWRHYDPRYXX,,,,2030,,,,,,0.9
AvailabilityFactor,INV,GLOBAL,PWRHYDPRYXX,,,,2031,,,,,,0.9
AvailabilityFactor,INV,GLOBAL,PWRHYDPRYXX,,,,2032,,,,,,0.9
AvailabilityFactor,INV,GLOBAL,PWRHYDPRYXX,,,,2033,,,,,,0.9
AvailabilityFactor,INV,GLOBAL,PWRHYDPRYXX,,,,2034,,,,,,0.9
AvailabilityFactor,INV,GLOBAL,PWRHYDPRYXX,,,,2035,,,,,,0.9
AvailabilityFactor,INV,GLOBAL,PWRHYDPRYXX,,,,2036,,,,,,0.9
AvailabilityFactor,INV,GLOBAL,PWRHYDPRYXX,,,,2037,,,,,,0.9
AvailabilityFactor,INV,GLOBAL,PWRHYDPRYXX,,,,2038,,,,,,0.9
AvailabilityFactor,INV,GLOBAL,PWRHYDPRYXX,,,,2039,,,,,,0.9
AvailabilityFactor,INV,GLOBAL,PWRHYDPRYXX,,,,2040,,,,,,0.9
AvailabilityFactor,INV,GLOBAL,PWRHYDPRYXX,,,,2041,,,,,,0.9
AvailabilityFactor,INV,GLOBAL,PWRHYDPRYXX,,,,2042,,,,,,0.9
AvailabilityFactor,INV,GLOBAL,PWRHYDPRYXX,,,,2043,,,,,,0.9
AvailabilityFactor,INV,GLOBAL,PWRHYDPRYXX,,,,2044,,,,,,0.9
AvailabilityFactor,INV,GLOBAL,PWRHYDPRYXX,,,,2045,,,,,,0.9
AvailabilityFactor,INV,GLOBAL,PWRHYDPRYXX,,,,2046,,,,,,0.9
AvailabilityFactor,INV,GLOBAL,PWRHYDPRYXX,,,,2047,,,,,,0.9
AvailabilityFactor,INV,GLOBAL,PWRHYDPRYXX,,,,2048,,,,,,0.9
AvailabilityFactor,INV,GLOBAL,PWRHYDPRYXX,,,,2049,,,,,,0.9
AvailabilityFactor,INV,GLOBAL,PWRHYDPRYXX,,,,2050,,,,,,0.9
AvailabilityFactor,INV,GLOBAL,PWROILMEXXX,,,,2023,,,,,,0.8
AvailabilityFactor,INV,GLOBAL,PWROILMEXXX,,,,2024,,,,,,0.8
AvailabilityFactor,INV,GLOBAL,PWROILMEXXX,,,,2025,,,,,,0.8
AvailabilityFactor,INV,GLOBAL,PWROILMEXXX,,,,2026,,,,,,0.8
AvailabilityFactor,INV,GLOBAL,PWROILMEXXX,,,,2027,,,,,,0.8
AvailabilityFactor,INV,GLOBAL,PWROILMEXXX,,,,2028,,,,,,0.8
AvailabilityFactor,INV,GLOBAL,PWROILMEXXX,,,,2029,,,,,,0.8
AvailabilityFactor,INV,GLOBAL,PWROILMEXXX,,,,2030,,,,,,0.8
AvailabilityFactor,INV,GLOBAL,PWROILMEXXX,,,,2031,,,,,,0.8
AvailabilityFactor,INV,GLOBAL,PWROILMEXXX,,,,2032,,,,,,0.8
AvailabilityFactor,INV,GLOBAL,PWROILMEXXX,,,,2033,,,,,,0.8
AvailabilityFactor,INV,GLOBAL,PWROILMEXXX,,,,2034,,,,,,0.8
AvailabilityFactor,INV,GLOBAL,PWROILMEXXX,,,,2035,,,,,,0.8
AvailabilityFactor,INV,GLOBAL,PWROILMEXXX,,,,2036,,,,,,0.8
AvailabilityFactor,INV,GLOBAL,PWROILMEXXX,,,,2037,,,,,,0.8
AvailabilityFactor,INV,GLOBAL,PWROILMEXXX,,,,2038,,,,,,0.8
AvailabilityFactor,INV,GLOBAL,PWROILMEXXX,,,,2039,,,,,,0.8
AvailabilityFactor,INV,GLOBAL,PWROILMEXXX,,,,2040,,,,,,0.8
AvailabilityFactor,INV,GLOBAL,PWROILMEXXX,,,,2041,,,,,,0.8
AvailabilityFactor,INV,GLOBAL,PWROILMEXXX,,,,2042,,,,,,0.8
AvailabilityFactor,INV,GLOBAL,PWROILMEXXX,,,,2043,,,,,,0.8
AvailabilityFactor,INV,GLOBAL,PWROILMEXXX,,,,2044,,,,,,0.8
AvailabilityFactor,INV,GLOBAL,PWROILMEXXX,,,,2045,,,,,,0.8
AvailabilityFactor,INV,GLOBAL,PWROILMEXXX,,,,2046,,,,,,0.8
AvailabilityFactor,INV,GLOBAL,PWROILMEXXX,,,,2047,,,,,,0.8
AvailabilityFactor,INV,GLOBAL,PWROILMEXXX,,,,2048,,,,,,0.8
AvailabilityFactor,INV,GLOBAL,PWROILMEXXX,,,,2049,,,,,,0.8
AvailabilityFactor,INV,GLOBAL,PWROILMEXXX,,,,2050,,,,,,0.8
AvailabilityFactor,INV,GLOBAL,PWRPETHNDXX,,,,2023,,,,,,0.8
AvailabilityFactor,INV,GLOBAL,PWRPETHNDXX,,,,2024,,,,,,0.8
AvailabilityFactor,INV,GLOBAL,PWRPETHNDXX,,,,2025,,,,,,0.8
AvailabilityFactor,INV,GLOBAL,PWRPETHNDXX,,,,2026,,,,,,0.8
AvailabilityFactor,INV,GLOBAL,PWRPETHNDXX,,,,2027,,,,,,0.8
AvailabilityFactor,INV,GLOBAL,PWRPETHNDXX,,,,2028,,,,,,0.8
AvailabilityFactor,INV,GLOBAL,PWRPETHNDXX,,,,2029,,,,,,0.8
AvailabilityFactor,INV,GLOBAL,PWRPETHNDXX,,,,2030,,,,,,0.8
AvailabilityFactor,INV,GLOBAL,PWRPETHNDXX,,,,2031,,,,,,0.8
AvailabilityFactor,INV,GLOBAL,PWRPETHNDXX,,,,2032,,,,,,0.8
AvailabilityFactor,INV,GLOBAL,PWRPETHNDXX,,,,2033,,,,,,0.8
AvailabilityFactor,INV,GLOBAL,PWRPETHNDXX,,,,2034,,,,,,0.8
AvailabilityFactor,INV,GLOBAL,PWRPETHNDXX,,,,2035,,,,,,0.8
AvailabilityFactor,INV,GLOBAL,PWRPETHNDXX,,,,2036,,,,,,0.8
AvailabilityFactor,INV,GLOBAL,PWRPETHNDXX,,,,2037,,,,,,0.8
AvailabilityFactor,INV,GLOBAL,PWRPETHNDXX,,,,2038,,,,,,0.8
AvailabilityFactor,INV,GLOBAL,PWRPETHNDXX,,,,2039,,,,,,0.8
AvailabilityFactor,INV,GLOBAL,PWRPETHNDXX,,,,2040,,,,,,0.8
AvailabilityFactor,INV,GLOBAL,PWRPETHNDXX,,,,2041,,,,,,0.8
AvailabilityFactor,INV,GLOBAL,PWRPETHNDXX,,,,2042,,,,,,0.8
AvailabilityFactor,INV,GLOBAL,PWRPETHNDXX,,,,2043,,,,,,0.8
AvailabilityFactor,INV,GLOBAL,PWRPETHNDXX,,,,2044,,,,,,0.8
AvailabilityFactor,INV,GLOBAL,PWRPETHNDXX,,,,2045,,,,,,0.8
AvailabilityFactor,INV,GLOBAL,PWRPETHNDXX,,,,2046,,,,,,0.8
AvailabilityFactor,INV,GLOBAL,PWRPETHNDXX,,,,2047,,,,,,0.8
AvailabilityFactor,INV,GLOBAL,PWRPETHNDXX,,,,2048,,,,,,0.8
AvailabilityFactor,INV,GLOBAL,PWRPETHNDXX,,,,2049,,,,,,0.8
AvailabilityFactor,INV,GLOBAL,PWRPETHNDXX,,,,2050,,,,,,0.8
AvailabilityFactor,INV,GLOBAL,PWRBIOHTIXX,,,,2023,,,,,,0.5
AvailabilityFactor,INV,GLOBAL,PWRBIOHTIXX,,,,2024,,,,,,0.5
AvailabilityFactor,INV,GLOBAL,PWRBIOHTIXX,,,,2025,,,,,,0.5
AvailabilityFactor,INV,GLOBAL,PWRBIOHTIXX,,,,2026,,,,,,0.5
AvailabilityFactor,INV,GLOBAL,PWRBIOHTIXX,,,,2027,,,,,,0.5
AvailabilityFactor,INV,GLOBAL,PWRBIOHTIXX,,,,2028,,,,,,0.5
AvailabilityFactor,INV,GLOBAL,PWRBIOHTIXX,,,,2029,,,,,,0.5
AvailabilityFactor,INV,GLOBAL,PWRBIOHTIXX,,,,2030,,,,,,0.5
AvailabilityFactor,INV,GLOBAL,PWRBIOHTIXX,,,,2031,,,,,,0.5
AvailabilityFactor,INV,GLOBAL,PWRBIOHTIXX,,,,2032,,,,,,0.5
AvailabilityFactor,INV,GLOBAL,PWRBIOHTIXX,,,,2033,,,,,,0.5
AvailabilityFactor,INV,GLOBAL,PWRBIOHTIXX,,,,2034,,,,,,0.5
AvailabilityFactor,INV,GLOBAL,PWRBIOHTIXX,,,,2035,,,,,,0.5
AvailabilityFactor,INV,GLOBAL,PWRBIOHTIXX,,,,2036,,,,,,0.5
AvailabilityFactor,INV,GLOBAL,PWRBIOHTIXX,,,,2037,,,,,,0.5
AvailabilityFactor,INV,GLOBAL,PWRBIOHTIXX,,,,2038,,,,,,0.5
AvailabilityFactor,INV,GLOBAL,PWRBIOHTIXX,,,,2039,,,,,,0.5
AvailabilityFactor,INV,GLOBAL,PWRBIOHTIXX,,,,2040,,,,,,0.5
AvailabilityFactor,INV,GLOBAL,PWRBIOHTIXX,,,,2041,,,,,,0.5
AvailabilityFactor,INV,GLOBAL,PWRBIOHTIXX,,,,2042,,,,,,0.5
AvailabilityFactor,INV,GLOBAL,PWRBIOHTIXX,,,,2043,,,,,,0.5
AvailabilityFactor,INV,GLOBAL,PWRBIOHTIXX,,,,2044,,,,,,0.5
AvailabilityFactor,INV,GLOBAL,PWRBIOHTIXX,,,,2045,,,,,,0.5
AvailabilityFactor,INV,GLOBAL,PWRBIOHTIXX,,,,2046,,,,,,0.5
AvailabilityFactor,INV,GLOBAL,PWRBIOHTIXX,,,,2047,,,,,,0.5
AvailabilityFactor,INV,GLOBAL,PWRBIOHTIXX,,,,2048,,,,,,0.5
AvailabilityFactor,INV,GLOBAL,PWRBIOHTIXX,,,,2049,,,,,,0.5
AvailabilityFactor,INV,GLOBAL,PWRBIOHTIXX,,,,2050,,,,,,0.5
AvailabilityFactor,INV,GLOBAL,PWRCCSURYXX,,,,2023,,,,,,0.9
AvailabilityFactor,INV,GLOBAL,PWRCCSURYXX,,,,2024,,,,,,0.9
AvailabilityFactor,INV,GLOBAL,PWRCCSURYXX,,,,2025,,,,,,0.9
AvailabilityFactor,INV,GLOBAL,PWRCCSURYXX,,,,2026,,,,,,0.9
AvailabilityFactor,INV,GLOBAL,PWRCCSURYXX,,,,2027,,,,,,0.9
AvailabilityFactor,INV,GLOBAL,PWRCCSURYXX,,,,2028,,,,,,0.9
AvailabilityFactor,INV,GLOBAL,PWRCCSURYXX,,,,2029,,,,,,0.9
AvailabilityFactor,INV,GLOBAL,PWRCCSURYXX,,,,2030,,,,,,0.9
AvailabilityFactor,INV,GLOBAL,PWRCCSURYXX,,,,2031,,,,,,0.9
AvailabilityFactor,INV,GLOBAL,PWRCCSURYXX,,,,2032,,,,,,0.9
AvailabilityFactor,INV,GLOBAL,PWRCCSURYXX,,,,2033,,,,,,0.9
AvailabilityFactor,INV,GLOBAL,PWRCCSURYXX,,,,2034,,,,,,0.9
AvailabilityFactor,INV,GLOBAL,PWRCCSURYXX,,,,2035,,,,,,0.9
AvailabilityFactor,INV,GLOBAL,PWRCCSURYXX,,,,2036,,,,,,0.9
AvailabilityFactor,INV,GLOBAL,PWRCCSURYXX,,,,2037,,,,,,0.9
AvailabilityFactor,INV,GLOBAL,PWRCCSURYXX,,,,2038,,,,,,0.9
AvailabilityFactor,INV,GLOBAL,PWRCCSURYXX,,,,2039,,,,,,0.9
AvailabilityFactor,INV,GLOBAL,PWRCCSURYXX,,,,2040,,,,,,0.9
AvailabilityFactor,INV,GLOBAL,PWRCCSURYXX,,,,2041,,,,,,0.9
AvailabilityFactor,INV,GLOBAL,PWRCCSURYXX,,,,2042,,,,,,0.9
AvailabilityFactor,INV,GLOBAL,PWRCCSURYXX,,,,2043,,,,,,0.9
AvailabilityFactor,INV,GLOBAL,PWRCCSURYXX,,,,2044,,,,,,0.9
AvailabilityFactor,INV,GLOBAL,PWRCCSURYXX,,,,2045,,,,,,0.9
AvailabilityFactor,INV,GLOBAL,PWRCCSURYXX,,,,2046,,,,,,0.9
AvailabilityFactor,INV,GLOBAL,PWRCCSURYXX,,,,2047,,,,,,0.9
AvailabilityFactor,INV,GLOBAL,PWRCCSURYXX,,,,2048,,,,,,0.9
AvailabilityFactor,INV,GLOBAL,PWRCCSURYXX,,,,2049,,,,,,0.9
AvailabilityFactor,INV,GLOBAL,PWRCCSURYXX,,,,2050,,,,,,0.9
AvailabilityFactor,INV,GLOBAL,PWROTHCOLXX,,,,2023,,,,,,0.8
AvailabilityFactor,INV,GLOBAL,PWROTHCOLXX,,,,2024,,,,,,0.8
AvailabilityFactor,INV,GLOBAL,PWROTHCOLXX,,,,2025,,,,,,0.8
AvailabilityFactor,INV,GLOBAL,PWROTHCOLXX,,,,2026,,,,,,0.8
AvailabilityFactor,INV,GLOBAL,PWROTHCOLXX,,,,2027,,,,,,0.8
AvailabilityFactor,INV,GLOBAL,PWROTHCOLXX,,,,2028,,,,,,0.8
AvailabilityFactor,INV,GLOBAL,PWROTHCOLXX,,,,2029,,,,,,0.8
AvailabilityFactor,INV,GLOBAL,PWROTHCOLXX,,,,2030,,,,,,0.8
AvailabilityFactor,INV,GLOBAL,PWROTHCOLXX,,,,2031,,,,,,0.8
AvailabilityFactor,INV,GLOBAL,PWROTHCOLXX,,,,2032,,,,,,0.8
AvailabilityFactor,INV,GLOBAL,PWROTHCOLXX,,,,2033,,,,,,0.8
AvailabilityFactor,INV,GLOBAL,PWROTHCOLXX,,,,2034,,,,,,0.8
AvailabilityFactor,INV,GLOBAL,PWROTHCOLXX,,,,2035,,,,,,0.8
AvailabilityFactor,INV,GLOBAL,PWROTHCOLXX,,,,2036,,,,,,0.8
AvailabilityFactor,INV,GLOBAL,PWROTHCOLXX,,,,2037,,,,,,0.8
AvailabilityFactor,INV,GLOBAL,PWROTHCOLXX,,,,2038,,,,,,0.8
AvailabilityFactor,INV,GLOBAL,PWROTHCOLXX,,,,2039,,,,,,0.8
AvailabilityFactor,INV,GLOBAL,PWROTHCOLXX,,,,2040,,,,,,0.8
AvailabilityFactor,INV,GLOBAL,PWROTHCOLXX,,,,2041,,,,,,0.8
AvailabilityFactor,INV,GLOBAL,PWROTHCOLXX,,,,2042,,,,,,0.8
AvailabilityFactor,INV,GLOBAL,PWROTHCOLXX,,,,2043,,,,,,0.8
AvailabilityFactor,INV,GLOBAL,PWROTHCOLXX,,,,2044,,,,,,0.8
AvailabilityFactor,INV,GLOBAL,PWROTHCOLXX,,,,2045,,,,,,0.8
AvailabilityFactor,INV,GLOBAL,PWROTHCOLXX,,,,2046,,,,,,0.8
AvailabilityFactor,INV,GLOBAL,PWROTHCOLXX,,,,2047,,,,,,0.8
AvailabilityFactor,INV,GLOBAL,PWROTHCOLXX,,,,2048,,,,,,0.8
AvailabilityFactor,INV,GLOBAL,PWROTHCOLXX,,,,2049,,,,,,0.8
AvailabilityFactor,INV,GLOBAL,PWROTHCOLXX,,,,2050,,,,,,0.8
AvailabilityFactor,INV,GLOBAL,PWRPETDOMXX,,,,2023,,,,,,0.8
AvailabilityFactor,INV,GLOBAL,PWRPETDOMXX,,,,2024,,,,,,0.8
AvailabilityFactor,INV,GLOBAL,PWRPETDOMXX,,,,2025,,,,,,0.8
AvailabilityFactor,INV,GLOBAL,PWRPETDOMXX,,,,2026,,,,,,0.8
AvailabilityFactor,INV,GLOBAL,PWRPETDOMXX,,,,2027,,,,,,0.8
AvailabilityFactor,INV,GLOBAL,PWRPETDOMXX,,,,2028,,,,,,0.8
AvailabilityFactor,INV,GLOBAL,PWRPETDOMXX,,,,2029,,,,,,0.8
AvailabilityFactor,INV,GLOBAL,PWRPETDOMXX,,,,2030,,,,,,0.8
AvailabilityFactor,INV,GLOBAL,PWRPETDOMXX,,,,2031,,,,,,0.8
AvailabilityFactor,INV,GLOBAL,PWRPETDOMXX,,,,2032,,,,,,0.8
AvailabilityFactor,INV,GLOBAL,PWRPETDOMXX,,,,2033,,,,,,0.8
AvailabilityFactor,INV,GLOBAL,PWRPETDOMXX,,,,2034,,,,,,0.8
AvailabilityFactor,INV,GLOBAL,PWRPETDOMXX,,,,2035,,,,,,0.8
AvailabilityFactor,INV,GLOBAL,PWRPETDOMXX,,,,2036,,,,,,0.8
AvailabilityFactor,INV,GLOBAL,PWRPETDOMXX,,,,2037,,,,,,0.8
AvailabilityFactor,INV,GLOBAL,PWRPETDOMXX,,,,2038,,,,,,0.8
AvailabilityFactor,INV,GLOBAL,PWRPETDOMXX,,,,2039,,,,,,0.8
AvailabilityFactor,INV,GLOBAL,PWRPETDOMXX,,,,2040,,,,,,0.8
AvailabilityFactor,INV,GLOBAL,PWRPETDOMXX,,,,2041,,,,,,0.8
AvailabilityFactor,INV,GLOBAL,PWRPETDOMXX,,,,2042,,,,,,0.8
AvailabilityFactor,INV,GLOBAL,PWRPETDOMXX,,,,2043,,,,,,0.8
AvailabilityFactor,INV,GLOBAL,PWRPETDOMXX,,,,2044,,,,,,0.8
AvailabilityFactor,INV,GLOBAL,PWRPETDOMXX,,,,2045,,,,,,0.8
AvailabilityFactor,INV,GLOBAL,PWRPETDOMXX,,,,2046,,,,,,0.8
AvailabilityFactor,INV,GLOBAL,PWRPETDOMXX,,,,2047,,,,,,0.8
AvailabilityFactor,INV,GLOBAL,PWRPETDOMXX,,,,2048,,,,,,0.8
AvailabilityFactor,INV,GLOBAL,PWRPETDOMXX,,,,2049,,,,,,0.8
AvailabilityFactor,INV,GLOBAL,PWRPETDOMXX,,,,2050,,,,,,0.8
AvailabilityFactor,INV,GLOBAL,PWROTHDOMXX,,,,2023,,,,,,0.8
AvailabilityFactor,INV,GLOBAL,PWROTHDOMXX,,,,2024,,,,,,0.8
AvailabilityFactor,INV,GLOBAL,PWROTHDOMXX,,,,2025,,,,,,0.8
AvailabilityFactor,INV,GLOBAL,PWROTHDOMXX,,,,2026,,,,,,0.8
AvailabilityFactor,INV,GLOBAL,PWROTHDOMXX,,,,2027,,,,,,0.8
AvailabilityFactor,INV,GLOBAL,PWROTHDOMXX,,,,2028,,,,,,0.8
AvailabilityFactor,INV,GLOBAL,PWROTHDOMXX,,,,2029,,,,,,0.8
AvailabilityFactor,INV,GLOBAL,PWROTHDOMXX,,,,2030,,,,,,0.8
AvailabilityFactor,INV,GLOBAL,PWROTHDOMXX,,,,2031,,,,,,0.8
AvailabilityFactor,INV,GLOBAL,PWROTHDOMXX,,,,2032,,,,,,0.8
AvailabilityFactor,INV,GLOBAL,PWROTHDOMXX,,,,2033,,,,,,0.8
AvailabilityFactor,INV,GLOBAL,PWROTHDOMXX,,,,2034,,,,,,0.8
AvailabilityFactor,INV,GLOBAL,PWROTHDOMXX,,,,2035,,,,,,0.8
AvailabilityFactor,INV,GLOBAL,PWROTHDOMXX,,,,2036,,,,,,0.8
AvailabilityFactor,INV,GLOBAL,PWROTHDOMXX,,,,2037,,,,,,0.8
AvailabilityFactor,INV,GLOBAL,PWROTHDOMXX,,,,2038,,,,,,0.8
AvailabilityFactor,INV,GLOBAL,PWROTHDOMXX,,,,2039,,,,,,0.8
AvailabilityFactor,INV,GLOBAL,PWROTHDOMXX,,,,2040,,,,,,0.8
AvailabilityFactor,INV,GLOBAL,PWROTHDOMXX,,,,2041,,,,,,0.8
AvailabilityFactor,INV,GLOBAL,PWROTHDOMXX,,,,2042,,,,,,0.8
AvailabilityFactor,INV,GLOBAL,PWROTHDOMXX,,,,2043,,,,,,0.8
AvailabilityFactor,INV,GLOBAL,PWROTHDOMXX,,,,2044,,,,,,0.8
AvailabilityFactor,INV,GLOBAL,PWROTHDOMXX,,,,2045,,,,,,0.8
AvailabilityFactor,INV,GLOBAL,PWROTHDOMXX,,,,2046,,,,,,0.8
AvailabilityFactor,INV,GLOBAL,PWROTHDOMXX,,,,2047,,,,,,0.8
AvailabilityFactor,INV,GLOBAL,PWROTHDOMXX,,,,2048,,,,,,0.8
AvailabilityFactor,INV,GLOBAL,PWROTHDOMXX,,,,2049,,,,,,0.8
AvailabilityFactor,INV,GLOBAL,PWROTHDOMXX,,,,2050,,,,,,0.8
AvailabilityFactor,INV,GLOBAL,PWRWONPANXX,,,,2023,,,,,,0.9
AvailabilityFactor,INV,GLOBAL,PWRWONPANXX,,,,2024,,,,,,0.9
AvailabilityFactor,INV,GLOBAL,PWRWONPANXX,,,,2025,,,,,,0.9
AvailabilityFactor,INV,GLOBAL,PWRWONPANXX,,,,2026,,,,,,0.9
AvailabilityFactor,INV,GLOBAL,PWRWONPANXX,,,,2027,,,,,,0.9
AvailabilityFactor,INV,GLOBAL,PWRWONPANXX,,,,2028,,,,,,0.9
AvailabilityFactor,INV,GLOBAL,PWRWONPANXX,,,,2029,,,,,,0.9
AvailabilityFactor,INV,GLOBAL,PWRWONPANXX,,,,2030,,,,,,0.9
AvailabilityFactor,INV,GLOBAL,PWRWONPANXX,,,,2031,,,,,,0.9
AvailabilityFactor,INV,GLOBAL,PWRWONPANXX,,,,2032,,,,,,0.9
AvailabilityFactor,INV,GLOBAL,PWRWONPANXX,,,,2033,,,,,,0.9
AvailabilityFactor,INV,GLOBAL,PWRWONPANXX,,,,2034,,,,,,0.9
AvailabilityFactor,INV,GLOBAL,PWRWONPANXX,,,,2035,,,,,,0.9
AvailabilityFactor,INV,GLOBAL,PWRWONPANXX,,,,2036,,,,,,0.9
AvailabilityFactor,INV,GLOBAL,PWRWONPANXX,,,,2037,,,,,,0.9
AvailabilityFactor,INV,GLOBAL,PWRWONPANXX,,,,2038,,,,,,0.9
AvailabilityFactor,INV,GLOBAL,PWRWONPANXX,,,,2039,,,,,,0.9
AvailabilityFactor,INV,GLOBAL,PWRWONPANXX,,,,2040,,,,,,0.9
AvailabilityFactor,INV,GLOBAL,PWRWONPANXX,,,,2041,,,,,,0.9
AvailabilityFactor,INV,GLOBAL,PWRWONPANXX,,,,2042,,,,,,0.9
AvailabilityFactor,INV,GLOBAL,PWRWONPANXX,,,,2043,,,,,,0.9
AvailabilityFactor,INV,GLOBAL,PWRWONPANXX,,,,2044,,,,,,0.9
AvailabilityFactor,INV,GLOBAL,PWRWONPANXX,,,,2045,,,,,,0.9
AvailabilityFactor,INV,GLOBAL,PWRWONPANXX,,,,2046,,,,,,0.9
AvailabilityFactor,INV,GLOBAL,PWRWONPANXX,,,,2047,,,,,,0.9
AvailabilityFactor,INV,GLOBAL,PWRWONPANXX,,,,2048,,,,,,0.9
AvailabilityFactor,INV,GLOBAL,PWRWONPANXX,,,,2049,,,,,,0.9
AvailabilityFactor,INV,GLOBAL,PWRWONPANXX,,,,2050,,,,,,0.9
AvailabilityFactor,INV,GLOBAL,PWRCOGGTMXX,,,,2023,,,,,,0.8
AvailabilityFactor,INV,GLOBAL,PWRCOGGTMXX,,,,2024,,,,,,0.8
AvailabilityFactor,INV,GLOBAL,PWRCOGGTMXX,,,,2025,,,,,,0.8
AvailabilityFactor,INV,GLOBAL,PWRCOGGTMXX,,,,2026,,,,,,0.8
AvailabilityFactor,INV,GLOBAL,PWRCOGGTMXX,,,,2027,,,,,,0.8
AvailabilityFactor,INV,GLOBAL,PWRCOGGTMXX,,,,2028,,,,,,0.8
AvailabilityFactor,INV,GLOBAL,PWRCOGGTMXX,,,,2029,,,,,,0.8
AvailabilityFactor,INV,GLOBAL,PWRCOGGTMXX,,,,2030,,,,,,0.8
AvailabilityFactor,INV,GLOBAL,PWRCOGGTMXX,,,,2031,,,,,,0.8
AvailabilityFactor,INV,GLOBAL,PWRCOGGTMXX,,,,2032,,,,,,0.8
AvailabilityFactor,INV,GLOBAL,PWRCOGGTMXX,,,,2033,,,,,,0.8
AvailabilityFactor,INV,GLOBAL,PWRCOGGTMXX,,,,2034,,,,,,0.8
AvailabilityFactor,INV,GLOBAL,PWRCOGGTMXX,,,,2035,,,,,,0.8
AvailabilityFactor,INV,GLOBAL,PWRCOGGTMXX,,,,2036,,,,,,0.8
AvailabilityFactor,INV,GLOBAL,PWRCOGGTMXX,,,,2037,,,,,,0.8
AvailabilityFactor,INV,GLOBAL,PWRCOGGTMXX,,,,2038,,,,,,0.8
AvailabilityFactor,INV,GLOBAL,PWRCOGGTMXX,,,,2039,,,,,,0.8
AvailabilityFactor,INV,GLOBAL,PWRCOGGTMXX,,,,2040,,,,,,0.8
AvailabilityFactor,INV,GLOBAL,PWRCOGGTMXX,,,,2041,,,,,,0.8
AvailabilityFactor,INV,GLOBAL,PWRCOGGTMXX,,,,2042,,,,,,0.8
AvailabilityFactor,INV,GLOBAL,PWRCOGGTMXX,,,,2043,,,,,,0.8
AvailabilityFactor,INV,GLOBAL,PWRCOGGTMXX,,,,2044,,,,,,0.8
AvailabilityFactor,INV,GLOBAL,PWRCOGGTMXX,,,,2045,,,,,,0.8
AvailabilityFactor,INV,GLOBAL,PWRCOGGTMXX,,,,2046,,,,,,0.8
AvailabilityFactor,INV,GLOBAL,PWRCOGGTMXX,,,,2047,,,,,,0.8
AvailabilityFactor,INV,GLOBAL,PWRCOGGTMXX,,,,2048,,,,,,0.8
AvailabilityFactor,INV,GLOBAL,PWRCOGGTMXX,,,,2049,,,,,,0.8
AvailabilityFactor,INV,GLOBAL,PWRCOGGTMXX,,,,2050,,,,,,0.8
AvailabilityFactor,INV,GLOBAL,PWROILPANXX,,,,2023,,,,,,0.8
AvailabilityFactor,INV,GLOBAL,PWROILPANXX,,,,2024,,,,,,0.8
AvailabilityFactor,INV,GLOBAL,PWROILPANXX,,,,2025,,,,,,0.8
AvailabilityFactor,INV,GLOBAL,PWROILPANXX,,,,2026,,,,,,0.8
AvailabilityFactor,INV,GLOBAL,PWROILPANXX,,,,2027,,,,,,0.8
AvailabilityFactor,INV,GLOBAL,PWROILPANXX,,,,2028,,,,,,0.8
AvailabilityFactor,INV,GLOBAL,PWROILPANXX,,,,2029,,,,,,0.8
AvailabilityFactor,INV,GLOBAL,PWROILPANXX,,,,2030,,,,,,0.8
AvailabilityFactor,INV,GLOBAL,PWROILPANXX,,,,2031,,,,,,0.8
AvailabilityFactor,INV,GLOBAL,PWROILPANXX,,,,2032,,,,,,0.8
AvailabilityFactor,INV,GLOBAL,PWROILPANXX,,,,2033,,,,,,0.8
AvailabilityFactor,INV,GLOBAL,PWROILPANXX,,,,2034,,,,,,0.8
AvailabilityFactor,INV,GLOBAL,PWROILPANXX,,,,2035,,,,,,0.8
AvailabilityFactor,INV,GLOBAL,PWROILPANXX,,,,2036,,,,,,0.8
AvailabilityFactor,INV,GLOBAL,PWROILPANXX,,,,2037,,,,,,0.8
AvailabilityFactor,INV,GLOBAL,PWROILPANXX,,,,2038,,,,,,0.8
AvailabilityFactor,INV,GLOBAL,PWROILPANXX,,,,2039,,,,,,0.8
AvailabilityFactor,INV,GLOBAL,PWROILPANXX,,,,2040,,,,,,0.8
AvailabilityFactor,INV,GLOBAL,PWROILPANXX,,,,2041,,,,,,0.8
AvailabilityFactor,INV,GLOBAL,PWROILPANXX,,,,2042,,,,,,0.8
AvailabilityFactor,INV,GLOBAL,PWROILPANXX,,,,2043,,,,,,0.8
AvailabilityFactor,INV,GLOBAL,PWROILPANXX,,,,2044,,,,,,0.8
AvailabilityFactor,INV,GLOBAL,PWROILPANXX,,,,2045,,,,,,0.8
AvailabilityFactor,INV,GLOBAL,PWROILPANXX,,,,2046,,,,,,0.8
AvailabilityFactor,INV,GLOBAL,PWROILPANXX,,,,2047,,,,,,0.8
AvailabilityFactor,INV,GLOBAL,PWROILPANXX,,,,2048,,,,,,0.8
AvailabilityFactor,INV,GLOBAL,PWROILPANXX,,,,2049,,,,,,0.8
AvailabilityFactor,INV,GLOBAL,PWROILPANXX,,,,2050,,,,,,0.8
AvailabilityFactor,INV,GLOBAL,PWRWONSLVXX,,,,2023,,,,,,0.9
AvailabilityFactor,INV,GLOBAL,PWRWONSLVXX,,,,2024,,,,,,0.9
AvailabilityFactor,INV,GLOBAL,PWRWONSLVXX,,,,2025,,,,,,0.9
AvailabilityFactor,INV,GLOBAL,PWRWONSLVXX,,,,2026,,,,,,0.9
AvailabilityFactor,INV,GLOBAL,PWRWONSLVXX,,,,2027,,,,,,0.9
AvailabilityFactor,INV,GLOBAL,PWRWONSLVXX,,,,2028,,,,,,0.9
AvailabilityFactor,INV,GLOBAL,PWRWONSLVXX,,,,2029,,,,,,0.9
AvailabilityFactor,INV,GLOBAL,PWRWONSLVXX,,,,2030,,,,,,0.9
AvailabilityFactor,INV,GLOBAL,PWRWONSLVXX,,,,2031,,,,,,0.9
AvailabilityFactor,INV,GLOBAL,PWRWONSLVXX,,,,2032,,,,,,0.9
AvailabilityFactor,INV,GLOBAL,PWRWONSLVXX,,,,2033,,,,,,0.9
AvailabilityFactor,INV,GLOBAL,PWRWONSLVXX,,,,2034,,,,,,0.9
AvailabilityFactor,INV,GLOBAL,PWRWONSLVXX,,,,2035,,,,,,0.9
AvailabilityFactor,INV,GLOBAL,PWRWONSLVXX,,,,2036,,,,,,0.9
AvailabilityFactor,INV,GLOBAL,PWRWONSLVXX,,,,2037,,,,,,0.9
AvailabilityFactor,INV,GLOBAL,PWRWONSLVXX,,,,2038,,,,,,0.9
AvailabilityFactor,INV,GLOBAL,PWRWONSLVXX,,,,2039,,,,,,0.9
AvailabilityFactor,INV,GLOBAL,PWRWONSLVXX,,,,2040,,,,,,0.9
AvailabilityFactor,INV,GLOBAL,PWRWONSLVXX,,,,2041,,,,,,0.9
AvailabilityFactor,INV,GLOBAL,PWRWONSLVXX,,,,2042,,,,,,0.9
AvailabilityFactor,INV,GLOBAL,PWRWONSLVXX,,,,2043,,,,,,0.9
AvailabilityFactor,INV,GLOBAL,PWRWONSLVXX,,,,2044,,,,,,0.9
AvailabilityFactor,INV,GLOBAL,PWRWONSLVXX,,,,2045,,,,,,0.9
AvailabilityFactor,INV,GLOBAL,PWRWONSLVXX,,,,2046,,,,,,0.9
AvailabilityFactor,INV,GLOBAL,PWRWONSLVXX,,,,2047,,,,,,0.9
AvailabilityFactor,INV,GLOBAL,PWRWONSLVXX,,,,2048,,,,,,0.9
AvailabilityFactor,INV,GLOBAL,PWRWONSLVXX,,,,2049,,,,,,0.9
AvailabilityFactor,INV,GLOBAL,PWRWONSLVXX,,,,2050,,,,,,0.9
AvailabilityFactor,INV,GLOBAL,PWRCOABRAXX,,,,2023,,,,,,0.9
AvailabilityFactor,INV,GLOBAL,PWRCOABRAXX,,,,2024,,,,,,0.9
AvailabilityFactor,INV,GLOBAL,PWRCOABRAXX,,,,2025,,,,,,0.9
AvailabilityFactor,INV,GLOBAL,PWRCOABRAXX,,,,2026,,,,,,0.9
AvailabilityFactor,INV,GLOBAL,PWRCOABRAXX,,,,2027,,,,,,0.9
AvailabilityFactor,INV,GLOBAL,PWRCOABRAXX,,,,2028,,,,,,0.9
AvailabilityFactor,INV,GLOBAL,PWRCOABRAXX,,,,2029,,,,,,0.9
AvailabilityFactor,INV,GLOBAL,PWRCOABRAXX,,,,2030,,,,,,0.9
AvailabilityFactor,INV,GLOBAL,PWRCOABRAXX,,,,2031,,,,,,0.9
AvailabilityFactor,INV,GLOBAL,PWRCOABRAXX,,,,2032,,,,,,0.9
AvailabilityFactor,INV,GLOBAL,PWRCOABRAXX,,,,2033,,,,,,0.9
AvailabilityFactor,INV,GLOBAL,PWRCOABRAXX,,,,2034,,,,,,0.9
AvailabilityFactor,INV,GLOBAL,PWRCOABRAXX,,,,2035,,,,,,0.9
AvailabilityFactor,INV,GLOBAL,PWRCOABRAXX,,,,2036,,,,,,0.9
AvailabilityFactor,INV,GLOBAL,PWRCOABRAXX,,,,2037,,,,,,0.9
AvailabilityFactor,INV,GLOBAL,PWRCOABRAXX,,,,2038,,,,,,0.9
AvailabilityFactor,INV,GLOBAL,PWRCOABRAXX,,,,2039,,,,,,0.9
AvailabilityFactor,INV,GLOBAL,PWRCOABRAXX,,,,2040,,,,,,0.9
AvailabilityFactor,INV,GLOBAL,PWRCOABRAXX,,,,2041,,,,,,0.9
AvailabilityFactor,INV,GLOBAL,PWRCOABRAXX,,,,2042,,,,,,0.9
AvailabilityFactor,INV,GLOBAL,PWRCOABRAXX,,,,2043,,,,,,0.9
AvailabilityFactor,INV,GLOBAL,PWRCOABRAXX,,,,2044,,,,,,0.9
AvailabilityFactor,INV,GLOBAL,PWRCOABRAXX,,,,2045,,,,,,0.9
AvailabilityFactor,INV,GLOBAL,PWRCOABRAXX,,,,2046,,,,,,0.9
AvailabilityFactor,INV,GLOBAL,PWRCOABRAXX,,,,2047,,,,,,0.9
AvailabilityFactor,INV,GLOBAL,PWRCOABRAXX,,,,2048,,,,,,0.9
AvailabilityFactor,INV,GLOBAL,PWRCOABRAXX,,,,2049,,,,,,0.9
AvailabilityFactor,INV,GLOBAL,PWRCOABRAXX,,,,2050,,,,,,0.9
AvailabilityFactor,INV,GLOBAL,PWRCCSBOLXX,,,,2023,,,,,,0.9
AvailabilityFactor,INV,GLOBAL,PWRCCSBOLXX,,,,2024,,,,,,0.9
AvailabilityFactor,INV,GLOBAL,PWRCCSBOLXX,,,,2025,,,,,,0.9
AvailabilityFactor,INV,GLOBAL,PWRCCSBOLXX,,,,2026,,,,,,0.9
AvailabilityFactor,INV,GLOBAL,PWRCCSBOLXX,,,,2027,,,,,,0.9
AvailabilityFactor,INV,GLOBAL,PWRCCSBOLXX,,,,2028,,,,,,0.9
AvailabilityFactor,INV,GLOBAL,PWRCCSBOLXX,,,,2029,,,,,,0.9
AvailabilityFactor,INV,GLOBAL,PWRCCSBOLXX,,,,2030,,,,,,0.9
AvailabilityFactor,INV,GLOBAL,PWRCCSBOLXX,,,,2031,,,,,,0.9
AvailabilityFactor,INV,GLOBAL,PWRCCSBOLXX,,,,2032,,,,,,0.9
AvailabilityFactor,INV,GLOBAL,PWRCCSBOLXX,,,,2033,,,,,,0.9
AvailabilityFactor,INV,GLOBAL,PWRCCSBOLXX,,,,2034,,,,,,0.9
AvailabilityFactor,INV,GLOBAL,PWRCCSBOLXX,,,,2035,,,,,,0.9
AvailabilityFactor,INV,GLOBAL,PWRCCSBOLXX,,,,2036,,,,,,0.9
AvailabilityFactor,INV,GLOBAL,PWRCCSBOLXX,,,,2037,,,,,,0.9
AvailabilityFactor,INV,GLOBAL,PWRCCSBOLXX,,,,2038,,,,,,0.9
AvailabilityFactor,INV,GLOBAL,PWRCCSBOLXX,,,,2039,,,,,,0.9
AvailabilityFactor,INV,GLOBAL,PWRCCSBOLXX,,,,2040,,,,,,0.9
AvailabilityFactor,INV,GLOBAL,PWRCCSBOLXX,,,,2041,,,,,,0.9
AvailabilityFactor,INV,GLOBAL,PWRCCSBOLXX,,,,2042,,,,,,0.9
AvailabilityFactor,INV,GLOBAL,PWRCCSBOLXX,,,,2043,,,,,,0.9
AvailabilityFactor,INV,GLOBAL,PWRCCSBOLXX,,,,2044,,,,,,0.9
AvailabilityFactor,INV,GLOBAL,PWRCCSBOLXX,,,,2045,,,,,,0.9
AvailabilityFactor,INV,GLOBAL,PWRCCSBOLXX,,,,2046,,,,,,0.9
AvailabilityFactor,INV,GLOBAL,PWRCCSBOLXX,,,,2047,,,,,,0.9
AvailabilityFactor,INV,GLOBAL,PWRCCSBOLXX,,,,2048,,,,,,0.9
AvailabilityFactor,INV,GLOBAL,PWRCCSBOLXX,,,,2049,,,,,,0.9
AvailabilityFactor,INV,GLOBAL,PWRCCSBOLXX,,,,2050,,,,,,0.9
AvailabilityFactor,INV,GLOBAL,PWRHYDCHLXX,,,,2023,,,,,,0.9
AvailabilityFactor,INV,GLOBAL,PWRHYDCHLXX,,,,2024,,,,,,0.9
AvailabilityFactor,INV,GLOBAL,PWRHYDCHLXX,,,,2025,,,,,,0.9
AvailabilityFactor,INV,GLOBAL,PWRHYDCHLXX,,,,2026,,,,,,0.9
AvailabilityFactor,INV,GLOBAL,PWRHYDCHLXX,,,,2027,,,,,,0.9
AvailabilityFactor,INV,GLOBAL,PWRHYDCHLXX,,,,2028,,,,,,0.9
AvailabilityFactor,INV,GLOBAL,PWRHYDCHLXX,,,,2029,,,,,,0.9
AvailabilityFactor,INV,GLOBAL,PWRHYDCHLXX,,,,2030,,,,,,0.9
AvailabilityFactor,INV,GLOBAL,PWRHYDCHLXX,,,,2031,,,,,,0.9
AvailabilityFactor,INV,GLOBAL,PWRHYDCHLXX,,,,2032,,,,,,0.9
AvailabilityFactor,INV,GLOBAL,PWRHYDCHLXX,,,,2033,,,,,,0.9
AvailabilityFactor,INV,GLOBAL,PWRHYDCHLXX,,,,2034,,,,,,0.9
AvailabilityFactor,INV,GLOBAL,PWRHYDCHLXX,,,,2035,,,,,,0.9
AvailabilityFactor,INV,GLOBAL,PWRHYDCHLXX,,,,2036,,,,,,0.9
AvailabilityFactor,INV,GLOBAL,PWRHYDCHLXX,,,,2037,,,,,,0.9
AvailabilityFactor,INV,GLOBAL,PWRHYDCHLXX,,,,2038,,,,,,0.9
AvailabilityFactor,INV,GLOBAL,PWRHYDCHLXX,,,,2039,,,,,,0.9
AvailabilityFactor,INV,GLOBAL,PWRHYDCHLXX,,,,2040,,,,,,0.9
AvailabilityFactor,INV,GLOBAL,PWRHYDCHLXX,,,,2041,,,,,,0.9
AvailabilityFactor,INV,GLOBAL,PWRHYDCHLXX,,,,2042,,,,,,0.9
AvailabilityFactor,INV,GLOBAL,PWRHYDCHLXX,,,,2043,,,,,,0.9
AvailabilityFactor,INV,GLOBAL,PWRHYDCHLXX,,,,2044,,,,,,0.9
AvailabilityFactor,INV,GLOBAL,PWRHYDCHLXX,,,,2045,,,,,,0.9
AvailabilityFactor,INV,GLOBAL,PWRHYDCHLXX,,,,2046,,,,,,0.9
AvailabilityFactor,INV,GLOBAL,PWRHYDCHLXX,,,,2047,,,,,,0.9
AvailabilityFactor,INV,GLOBAL,PWRHYDCHLXX,,,,2048,,,,,,0.9
AvailabilityFactor,INV,GLOBAL,PWRHYDCHLXX,,,,2049,,,,,,0.9
AvailabilityFactor,INV,GLOBAL,PWRHYDCHLXX,,,,2050,,,,,,0.9
AvailabilityFactor,INV,GLOBAL,PWRBIOSLVXX,,,,2023,,,,,,0.5
AvailabilityFactor,INV,GLOBAL,PWRBIOSLVXX,,,,2024,,,,,,0.5
AvailabilityFactor,INV,GLOBAL,PWRBIOSLVXX,,,,2025,,,,,,0.5
AvailabilityFactor,INV,GLOBAL,PWRBIOSLVXX,,,,2026,,,,,,0.5
AvailabilityFactor,INV,GLOBAL,PWRBIOSLVXX,,,,2027,,,,,,0.5
AvailabilityFactor,INV,GLOBAL,PWRBIOSLVXX,,,,2028,,,,,,0.5
AvailabilityFactor,INV,GLOBAL,PWRBIOSLVXX,,,,2029,,,,,,0.5
AvailabilityFactor,INV,GLOBAL,PWRBIOSLVXX,,,,2030,,,,,,0.5
AvailabilityFactor,INV,GLOBAL,PWRBIOSLVXX,,,,2031,,,,,,0.5
AvailabilityFactor,INV,GLOBAL,PWRBIOSLVXX,,,,2032,,,,,,0.5
AvailabilityFactor,INV,GLOBAL,PWRBIOSLVXX,,,,2033,,,,,,0.5
AvailabilityFactor,INV,GLOBAL,PWRBIOSLVXX,,,,2034,,,,,,0.5
AvailabilityFactor,INV,GLOBAL,PWRBIOSLVXX,,,,2035,,,,,,0.5
AvailabilityFactor,INV,GLOBAL,PWRBIOSLVXX,,,,2036,,,,,,0.5
AvailabilityFactor,INV,GLOBAL,PWRBIOSLVXX,,,,2037,,,,,,0.5
AvailabilityFactor,INV,GLOBAL,PWRBIOSLVXX,,,,2038,,,,,,0.5
AvailabilityFactor,INV,GLOBAL,PWRBIOSLVXX,,,,2039,,,,,,0.5
AvailabilityFactor,INV,GLOBAL,PWRBIOSLVXX,,,,2040,,,,,,0.5
AvailabilityFactor,INV,GLOBAL,PWRBIOSLVXX,,,,2041,,,,,,0.5
AvailabilityFactor,INV,GLOBAL,PWRBIOSLVXX,,,,2042,,,,,,0.5
AvailabilityFactor,INV,GLOBAL,PWRBIOSLVXX,,,,2043,,,,,,0.5
AvailabilityFactor,INV,GLOBAL,PWRBIOSLVXX,,,,2044,,,,,,0.5
AvailabilityFactor,INV,GLOBAL,PWRBIOSLVXX,,,,2045,,,,,,0.5
AvailabilityFactor,INV,GLOBAL,PWRBIOSLVXX,,,,2046,,,,,,0.5
AvailabilityFactor,INV,GLOBAL,PWRBIOSLVXX,,,,2047,,,,,,0.5
AvailabilityFactor,INV,GLOBAL,PWRBIOSLVXX,,,,2048,,,,,,0.5
AvailabilityFactor,INV,GLOBAL,PWRBIOSLVXX,,,,2049,,,,,,0.5
AvailabilityFactor,INV,GLOBAL,PWRBIOSLVXX,,,,2050,,,,,,0.5
AvailabilityFactor,INV,GLOBAL,PWRGEOBRAXX,,,,2023,,,,,,0.9
AvailabilityFactor,INV,GLOBAL,PWRGEOBRAXX,,,,2024,,,,,,0.9
AvailabilityFactor,INV,GLOBAL,PWRGEOBRAXX,,,,2025,,,,,,0.9
AvailabilityFactor,INV,GLOBAL,PWRGEOBRAXX,,,,2026,,,,,,0.9
AvailabilityFactor,INV,GLOBAL,PWRGEOBRAXX,,,,2027,,,,,,0.9
AvailabilityFactor,INV,GLOBAL,PWRGEOBRAXX,,,,2028,,,,,,0.9
AvailabilityFactor,INV,GLOBAL,PWRGEOBRAXX,,,,2029,,,,,,0.9
AvailabilityFactor,INV,GLOBAL,PWRGEOBRAXX,,,,2030,,,,,,0.9
AvailabilityFactor,INV,GLOBAL,PWRGEOBRAXX,,,,2031,,,,,,0.9
AvailabilityFactor,INV,GLOBAL,PWRGEOBRAXX,,,,2032,,,,,,0.9
AvailabilityFactor,INV,GLOBAL,PWRGEOBRAXX,,,,2033,,,,,,0.9
AvailabilityFactor,INV,GLOBAL,PWRGEOBRAXX,,,,2034,,,,,,0.9
AvailabilityFactor,INV,GLOBAL,PWRGEOBRAXX,,,,2035,,,,,,0.9
AvailabilityFactor,INV,GLOBAL,PWRGEOBRAXX,,,,2036,,,,,,0.9
AvailabilityFactor,INV,GLOBAL,PWRGEOBRAXX,,,,2037,,,,,,0.9
AvailabilityFactor,INV,GLOBAL,PWRGEOBRAXX,,,,2038,,,,,,0.9
AvailabilityFactor,INV,GLOBAL,PWRGEOBRAXX,,,,2039,,,,,,0.9
AvailabilityFactor,INV,GLOBAL,PWRGEOBRAXX,,,,2040,,,,,,0.9
AvailabilityFactor,INV,GLOBAL,PWRGEOBRAXX,,,,2041,,,,,,0.9
AvailabilityFactor,INV,GLOBAL,PWRGEOBRAXX,,,,2042,,,,,,0.9
AvailabilityFactor,INV,GLOBAL,PWRGEOBRAXX,,,,2043,,,,,,0.9
AvailabilityFactor,INV,GLOBAL,PWRGEOBRAXX,,,,2044,,,,,,0.9
AvailabilityFactor,INV,GLOBAL,PWRGEOBRAXX,,,,2045,,,,,,0.9
AvailabilityFactor,INV,GLOBAL,PWRGEOBRAXX,,,,2046,,,,,,0.9
AvailabilityFactor,INV,GLOBAL,PWRGEOBRAXX,,,,2047,,,,,,0.9
AvailabilityFactor,INV,GLOBAL,PWRGEOBRAXX,,,,2048,,,,,,0.9
AvailabilityFactor,INV,GLOBAL,PWRGEOBRAXX,,,,2049,,,,,,0.9
AvailabilityFactor,INV,GLOBAL,PWRGEOBRAXX,,,,2050,,,,,,0.9
AvailabilityFactor,INV,GLOBAL,PWRWOFCRIXX,,,,2023,,,,,,0.9
AvailabilityFactor,INV,GLOBAL,PWRWOFCRIXX,,,,2024,,,,,,0.9
AvailabilityFactor,INV,GLOBAL,PWRWOFCRIXX,,,,2025,,,,,,0.9
AvailabilityFactor,INV,GLOBAL,PWRWOFCRIXX,,,,2026,,,,,,0.9
AvailabilityFactor,INV,GLOBAL,PWRWOFCRIXX,,,,2027,,,,,,0.9
AvailabilityFactor,INV,GLOBAL,PWRWOFCRIXX,,,,2028,,,,,,0.9
AvailabilityFactor,INV,GLOBAL,PWRWOFCRIXX,,,,2029,,,,,,0.9
AvailabilityFactor,INV,GLOBAL,PWRWOFCRIXX,,,,2030,,,,,,0.9
AvailabilityFactor,INV,GLOBAL,PWRWOFCRIXX,,,,2031,,,,,,0.9
AvailabilityFactor,INV,GLOBAL,PWRWOFCRIXX,,,,2032,,,,,,0.9
AvailabilityFactor,INV,GLOBAL,PWRWOFCRIXX,,,,2033,,,,,,0.9
AvailabilityFactor,INV,GLOBAL,PWRWOFCRIXX,,,,2034,,,,,,0.9
AvailabilityFactor,INV,GLOBAL,PWRWOFCRIXX,,,,2035,,,,,,0.9
AvailabilityFactor,INV,GLOBAL,PWRWOFCRIXX,,,,2036,,,,,,0.9
AvailabilityFactor,INV,GLOBAL,PWRWOFCRIXX,,,,2037,,,,,,0.9
AvailabilityFactor,INV,GLOBAL,PWRWOFCRIXX,,,,2038,,,,,,0.9
AvailabilityFactor,INV,GLOBAL,PWRWOFCRIXX,,,,2039,,,,,,0.9
AvailabilityFactor,INV,GLOBAL,PWRWOFCRIXX,,,,2040,,,,,,0.9
AvailabilityFactor,INV,GLOBAL,PWRWOFCRIXX,,,,2041,,,,,,0.9
AvailabilityFactor,INV,GLOBAL,PWRWOFCRIXX,,,,2042,,,,,,0.9
AvailabilityFactor,INV,GLOBAL,PWRWOFCRIXX,,,,2043,,,,,,0.9
AvailabilityFactor,INV,GLOBAL,PWRWOFCRIXX,,,,2044,,,,,,0.9
AvailabilityFactor,INV,GLOBAL,PWRWOFCRIXX,,,,2045,,,,,,0.9
AvailabilityFactor,INV,GLOBAL,PWRWOFCRIXX,,,,2046,,,,,,0.9
AvailabilityFactor,INV,GLOBAL,PWRWOFCRIXX,,,,2047,,,,,,0.9
AvailabilityFactor,INV,GLOBAL,PWRWOFCRIXX,,,,2048,,,,,,0.9
AvailabilityFactor,INV,GLOBAL,PWRWOFCRIXX,,,,2049,,,,,,0.9
AvailabilityFactor,INV,GLOBAL,PWRWOFCRIXX,,,,2050,,,,,,0.9
AvailabilityFactor,INV,GLOBAL,PWRPETBRBXX,,,,2023,,,,,,0.8
AvailabilityFactor,INV,GLOBAL,PWRPETBRBXX,,,,2024,,,,,,0.8
AvailabilityFactor,INV,GLOBAL,PWRPETBRBXX,,,,2025,,,,,,0.8
AvailabilityFactor,INV,GLOBAL,PWRPETBRBXX,,,,2026,,,,,,0.8
AvailabilityFactor,INV,GLOBAL,PWRPETBRBXX,,,,2027,,,,,,0.8
AvailabilityFactor,INV,GLOBAL,PWRPETBRBXX,,,,2028,,,,,,0.8
AvailabilityFactor,INV,GLOBAL,PWRPETBRBXX,,,,2029,,,,,,0.8
AvailabilityFactor,INV,GLOBAL,PWRPETBRBXX,,,,2030,,,,,,0.8
AvailabilityFactor,INV,GLOBAL,PWRPETBRBXX,,,,2031,,,,,,0.8
AvailabilityFactor,INV,GLOBAL,PWRPETBRBXX,,,,2032,,,,,,0.8
AvailabilityFactor,INV,GLOBAL,PWRPETBRBXX,,,,2033,,,,,,0.8
AvailabilityFactor,INV,GLOBAL,PWRPETBRBXX,,,,2034,,,,,,0.8
AvailabilityFactor,INV,GLOBAL,PWRPETBRBXX,,,,2035,,,,,,0.8
AvailabilityFactor,INV,GLOBAL,PWRPETBRBXX,,,,2036,,,,,,0.8
AvailabilityFactor,INV,GLOBAL,PWRPETBRBXX,,,,2037,,,,,,0.8
AvailabilityFactor,INV,GLOBAL,PWRPETBRBXX,,,,2038,,,,,,0.8
AvailabilityFactor,INV,GLOBAL,PWRPETBRBXX,,,,2039,,,,,,0.8
AvailabilityFactor,INV,GLOBAL,PWRPETBRBXX,,,,2040,,,,,,0.8
AvailabilityFactor,INV,GLOBAL,PWRPETBRBXX,,,,2041,,,,,,0.8
AvailabilityFactor,INV,GLOBAL,PWRPETBRBXX,,,,2042,,,,,,0.8
AvailabilityFactor,INV,GLOBAL,PWRPETBRBXX,,,,2043,,,,,,0.8
AvailabilityFactor,INV,GLOBAL,PWRPETBRBXX,,,,2044,,,,,,0.8
AvailabilityFactor,INV,GLOBAL,PWRPETBRBXX,,,,2045,,,,,,0.8
AvailabilityFactor,INV,GLOBAL,PWRPETBRBXX,,,,2046,,,,,,0.8
AvailabilityFactor,INV,GLOBAL,PWRPETBRBXX,,,,2047,,,,,,0.8
AvailabilityFactor,INV,GLOBAL,PWRPETBRBXX,,,,2048,,,,,,0.8
AvailabilityFactor,INV,GLOBAL,PWRPETBRBXX,,,,2049,,,,,,0.8
AvailabilityFactor,INV,GLOBAL,PWRPETBRBXX,,,,2050,,,,,,0.8
AvailabilityFactor,INV,GLOBAL,PWRURNHTIXX,,,,2023,,,,,,0.9
AvailabilityFactor,INV,GLOBAL,PWRURNHTIXX,,,,2024,,,,,,0.9
AvailabilityFactor,INV,GLOBAL,PWRURNHTIXX,,,,2025,,,,,,0.9
AvailabilityFactor,INV,GLOBAL,PWRURNHTIXX,,,,2026,,,,,,0.9
AvailabilityFactor,INV,GLOBAL,PWRURNHTIXX,,,,2027,,,,,,0.9
AvailabilityFactor,INV,GLOBAL,PWRURNHTIXX,,,,2028,,,,,,0.9
AvailabilityFactor,INV,GLOBAL,PWRURNHTIXX,,,,2029,,,,,,0.9
AvailabilityFactor,INV,GLOBAL,PWRURNHTIXX,,,,2030,,,,,,0.9
AvailabilityFactor,INV,GLOBAL,PWRURNHTIXX,,,,2031,,,,,,0.9
AvailabilityFactor,INV,GLOBAL,PWRURNHTIXX,,,,2032,,,,,,0.9
AvailabilityFactor,INV,GLOBAL,PWRURNHTIXX,,,,2033,,,,,,0.9
AvailabilityFactor,INV,GLOBAL,PWRURNHTIXX,,,,2034,,,,,,0.9
AvailabilityFactor,INV,GLOBAL,PWRURNHTIXX,,,,2035,,,,,,0.9
AvailabilityFactor,INV,GLOBAL,PWRURNHTIXX,,,,2036,,,,,,0.9
AvailabilityFactor,INV,GLOBAL,PWRURNHTIXX,,,,2037,,,,,,0.9
AvailabilityFactor,INV,GLOBAL,PWRURNHTIXX,,,,2038,,,,,,0.9
AvailabilityFactor,INV,GLOBAL,PWRURNHTIXX,,,,2039,,,,,,0.9
AvailabilityFactor,INV,GLOBAL,PWRURNHTIXX,,,,2040,,,,,,0.9
AvailabilityFactor,INV,GLOBAL,PWRURNHTIXX,,,,2041,,,,,,0.9
AvailabilityFactor,INV,GLOBAL,PWRURNHTIXX,,,,2042,,,,,,0.9
AvailabilityFactor,INV,GLOBAL,PWRURNHTIXX,,,,2043,,,,,,0.9
AvailabilityFactor,INV,GLOBAL,PWRURNHTIXX,,,,2044,,,,,,0.9
AvailabilityFactor,INV,GLOBAL,PWRURNHTIXX,,,,2045,,,,,,0.9
AvailabilityFactor,INV,GLOBAL,PWRURNHTIXX,,,,2046,,,,,,0.9
AvailabilityFactor,INV,GLOBAL,PWRURNHTIXX,,,,2047,,,,,,0.9
AvailabilityFactor,INV,GLOBAL,PWRURNHTIXX,,,,2048,,,,,,0.9
AvailabilityFactor,INV,GLOBAL,PWRURNHTIXX,,,,2049,,,,,,0.9
AvailabilityFactor,INV,GLOBAL,PWRURNHTIXX,,,,2050,,,,,,0.9
AvailabilityFactor,INV,GLOBAL,PWROILSLVXX,,,,2023,,,,,,0.8
AvailabilityFactor,INV,GLOBAL,PWROILSLVXX,,,,2024,,,,,,0.8
AvailabilityFactor,INV,GLOBAL,PWROILSLVXX,,,,2025,,,,,,0.8
AvailabilityFactor,INV,GLOBAL,PWROILSLVXX,,,,2026,,,,,,0.8
AvailabilityFactor,INV,GLOBAL,PWROILSLVXX,,,,2027,,,,,,0.8
AvailabilityFactor,INV,GLOBAL,PWROILSLVXX,,,,2028,,,,,,0.8
AvailabilityFactor,INV,GLOBAL,PWROILSLVXX,,,,2029,,,,,,0.8
AvailabilityFactor,INV,GLOBAL,PWROILSLVXX,,,,2030,,,,,,0.8
AvailabilityFactor,INV,GLOBAL,PWROILSLVXX,,,,2031,,,,,,0.8
AvailabilityFactor,INV,GLOBAL,PWROILSLVXX,,,,2032,,,,,,0.8
AvailabilityFactor,INV,GLOBAL,PWROILSLVXX,,,,2033,,,,,,0.8
AvailabilityFactor,INV,GLOBAL,PWROILSLVXX,,,,2034,,,,,,0.8
AvailabilityFactor,INV,GLOBAL,PWROILSLVXX,,,,2035,,,,,,0.8
AvailabilityFactor,INV,GLOBAL,PWROILSLVXX,,,,2036,,,,,,0.8
AvailabilityFactor,INV,GLOBAL,PWROILSLVXX,,,,2037,,,,,,0.8
AvailabilityFactor,INV,GLOBAL,PWROILSLVXX,,,,2038,,,,,,0.8
AvailabilityFactor,INV,GLOBAL,PWROILSLVXX,,,,2039,,,,,,0.8
AvailabilityFactor,INV,GLOBAL,PWROILSLVXX,,,,2040,,,,,,0.8
AvailabilityFactor,INV,GLOBAL,PWROILSLVXX,,,,2041,,,,,,0.8
AvailabilityFactor,INV,GLOBAL,PWROILSLVXX,,,,2042,,,,,,0.8
AvailabilityFactor,INV,GLOBAL,PWROILSLVXX,,,,2043,,,,,,0.8
AvailabilityFactor,INV,GLOBAL,PWROILSLVXX,,,,2044,,,,,,0.8
AvailabilityFactor,INV,GLOBAL,PWROILSLVXX,,,,2045,,,,,,0.8
AvailabilityFactor,INV,GLOBAL,PWROILSLVXX,,,,2046,,,,,,0.8
AvailabilityFactor,INV,GLOBAL,PWROILSLVXX,,,,2047,,,,,,0.8
AvailabilityFactor,INV,GLOBAL,PWROILSLVXX,,,,2048,,,,,,0.8
AvailabilityFactor,INV,GLOBAL,PWROILSLVXX,,,,2049,,,,,,0.8
AvailabilityFactor,INV,GLOBAL,PWROILSLVXX,,,,2050,,,,,,0.8
AvailabilityFactor,INV,GLOBAL,PWRPETCHLXX,,,,2023,,,,,,0.8
AvailabilityFactor,INV,GLOBAL,PWRPETCHLXX,,,,2024,,,,,,0.8
AvailabilityFactor,INV,GLOBAL,PWRPETCHLXX,,,,2025,,,,,,0.8
AvailabilityFactor,INV,GLOBAL,PWRPETCHLXX,,,,2026,,,,,,0.8
AvailabilityFactor,INV,GLOBAL,PWRPETCHLXX,,,,2027,,,,,,0.8
AvailabilityFactor,INV,GLOBAL,PWRPETCHLXX,,,,2028,,,,,,0.8
AvailabilityFactor,INV,GLOBAL,PWRPETCHLXX,,,,2029,,,,,,0.8
AvailabilityFactor,INV,GLOBAL,PWRPETCHLXX,,,,2030,,,,,,0.8
AvailabilityFactor,INV,GLOBAL,PWRPETCHLXX,,,,2031,,,,,,0.8
AvailabilityFactor,INV,GLOBAL,PWRPETCHLXX,,,,2032,,,,,,0.8
AvailabilityFactor,INV,GLOBAL,PWRPETCHLXX,,,,2033,,,,,,0.8
AvailabilityFactor,INV,GLOBAL,PWRPETCHLXX,,,,2034,,,,,,0.8
AvailabilityFactor,INV,GLOBAL,PWRPETCHLXX,,,,2035,,,,,,0.8
AvailabilityFactor,INV,GLOBAL,PWRPETCHLXX,,,,2036,,,,,,0.8
AvailabilityFactor,INV,GLOBAL,PWRPETCHLXX,,,,2037,,,,,,0.8
AvailabilityFactor,INV,GLOBAL,PWRPETCHLXX,,,,2038,,,,,,0.8
AvailabilityFactor,INV,GLOBAL,PWRPETCHLXX,,,,2039,,,,,,0.8
AvailabilityFactor,INV,GLOBAL,PWRPETCHLXX,,,,2040,,,,,,0.8
AvailabilityFactor,INV,GLOBAL,PWRPETCHLXX,,,,2041,,,,,,0.8
AvailabilityFactor,INV,GLOBAL,PWRPETCHLXX,,,,2042,,,,,,0.8
AvailabilityFactor,INV,GLOBAL,PWRPETCHLXX,,,,2043,,,,,,0.8
AvailabilityFactor,INV,GLOBAL,PWRPETCHLXX,,,,2044,,,,,,0.8
AvailabilityFactor,INV,GLOBAL,PWRPETCHLXX,,,,2045,,,,,,0.8
AvailabilityFactor,INV,GLOBAL,PWRPETCHLXX,,,,2046,,,,,,0.8
AvailabilityFactor,INV,GLOBAL,PWRPETCHLXX,,,,2047,,,,,,0.8
AvailabilityFactor,INV,GLOBAL,PWRPETCHLXX,,,,2048,,,,,,0.8
AvailabilityFactor,INV,GLOBAL,PWRPETCHLXX,,,,2049,,,,,,0.8
AvailabilityFactor,INV,GLOBAL,PWRPETCHLXX,,,,2050,,,,,,0.8
AvailabilityFactor,INV,GLOBAL,PWRGEOCRIXX,,,,2023,,,,,,0.9
AvailabilityFactor,INV,GLOBAL,PWRGEOCRIXX,,,,2024,,,,,,0.9
AvailabilityFactor,INV,GLOBAL,PWRGEOCRIXX,,,,2025,,,,,,0.9
AvailabilityFactor,INV,GLOBAL,PWRGEOCRIXX,,,,2026,,,,,,0.9
AvailabilityFactor,INV,GLOBAL,PWRGEOCRIXX,,,,2027,,,,,,0.9
AvailabilityFactor,INV,GLOBAL,PWRGEOCRIXX,,,,2028,,,,,,0.9
AvailabilityFactor,INV,GLOBAL,PWRGEOCRIXX,,,,2029,,,,,,0.9
AvailabilityFactor,INV,GLOBAL,PWRGEOCRIXX,,,,2030,,,,,,0.9
AvailabilityFactor,INV,GLOBAL,PWRGEOCRIXX,,,,2031,,,,,,0.9
AvailabilityFactor,INV,GLOBAL,PWRGEOCRIXX,,,,2032,,,,,,0.9
AvailabilityFactor,INV,GLOBAL,PWRGEOCRIXX,,,,2033,,,,,,0.9
AvailabilityFactor,INV,GLOBAL,PWRGEOCRIXX,,,,2034,,,,,,0.9
AvailabilityFactor,INV,GLOBAL,PWRGEOCRIXX,,,,2035,,,,,,0.9
AvailabilityFactor,INV,GLOBAL,PWRGEOCRIXX,,,,2036,,,,,,0.9
AvailabilityFactor,INV,GLOBAL,PWRGEOCRIXX,,,,2037,,,,,,0.9
AvailabilityFactor,INV,GLOBAL,PWRGEOCRIXX,,,,2038,,,,,,0.9
AvailabilityFactor,INV,GLOBAL,PWRGEOCRIXX,,,,2039,,,,,,0.9
AvailabilityFactor,INV,GLOBAL,PWRGEOCRIXX,,,,2040,,,,,,0.9
AvailabilityFactor,INV,GLOBAL,PWRGEOCRIXX,,,,2041,,,,,,0.9
AvailabilityFactor,INV,GLOBAL,PWRGEOCRIXX,,,,2042,,,,,,0.9
AvailabilityFactor,INV,GLOBAL,PWRGEOCRIXX,,,,2043,,,,,,0.9
AvailabilityFactor,INV,GLOBAL,PWRGEOCRIXX,,,,2044,,,,,,0.9
AvailabilityFactor,INV,GLOBAL,PWRGEOCRIXX,,,,2045,,,,,,0.9
AvailabilityFactor,INV,GLOBAL,PWRGEOCRIXX,,,,2046,,,,,,0.9
AvailabilityFactor,INV,GLOBAL,PWRGEOCRIXX,,,,2047,,,,,,0.9
AvailabilityFactor,INV,GLOBAL,PWRGEOCRIXX,,,,2048,,,,,,0.9
AvailabilityFactor,INV,GLOBAL,PWRGEOCRIXX,,,,2049,,,,,,0.9
AvailabilityFactor,INV,GLOBAL,PWRGEOCRIXX,,,,2050,,,,,,0.9
AvailabilityFactor,INV,GLOBAL,PWRCOANICXX,,,,2023,,,,,,0.9
AvailabilityFactor,INV,GLOBAL,PWRCOANICXX,,,,2024,,,,,,0.9
AvailabilityFactor,INV,GLOBAL,PWRCOANICXX,,,,2025,,,,,,0.9
AvailabilityFactor,INV,GLOBAL,PWRCOANICXX,,,,2026,,,,,,0.9
AvailabilityFactor,INV,GLOBAL,PWRCOANICXX,,,,2027,,,,,,0.9
AvailabilityFactor,INV,GLOBAL,PWRCOANICXX,,,,2028,,,,,,0.9
AvailabilityFactor,INV,GLOBAL,PWRCOANICXX,,,,2029,,,,,,0.9
AvailabilityFactor,INV,GLOBAL,PWRCOANICXX,,,,2030,,,,,,0.9
AvailabilityFactor,INV,GLOBAL,PWRCOANICXX,,,,2031,,,,,,0.9
AvailabilityFactor,INV,GLOBAL,PWRCOANICXX,,,,2032,,,,,,0.9
AvailabilityFactor,INV,GLOBAL,PWRCOANICXX,,,,2033,,,,,,0.9
AvailabilityFactor,INV,GLOBAL,PWRCOANICXX,,,,2034,,,,,,0.9
AvailabilityFactor,INV,GLOBAL,PWRCOANICXX,,,,2035,,,,,,0.9
AvailabilityFactor,INV,GLOBAL,PWRCOANICXX,,,,2036,,,,,,0.9
AvailabilityFactor,INV,GLOBAL,PWRCOANICXX,,,,2037,,,,,,0.9
AvailabilityFactor,INV,GLOBAL,PWRCOANICXX,,,,2038,,,,,,0.9
AvailabilityFactor,INV,GLOBAL,PWRCOANICXX,,,,2039,,,,,,0.9
AvailabilityFactor,INV,GLOBAL,PWRCOANICXX,,,,2040,,,,,,0.9
AvailabilityFactor,INV,GLOBAL,PWRCOANICXX,,,,2041,,,,,,0.9
AvailabilityFactor,INV,GLOBAL,PWRCOANICXX,,,,2042,,,,,,0.9
AvailabilityFactor,INV,GLOBAL,PWRCOANICXX,,,,2043,,,,,,0.9
AvailabilityFactor,INV,GLOBAL,PWRCOANICXX,,,,2044,,,,,,0.9
AvailabilityFactor,INV,GLOBAL,PWRCOANICXX,,,,2045,,,,,,0.9
AvailabilityFactor,INV,GLOBAL,PWRCOANICXX,,,,2046,,,,,,0.9
AvailabilityFactor,INV,GLOBAL,PWRCOANICXX,,,,2047,,,,,,0.9
AvailabilityFactor,INV,GLOBAL,PWRCOANICXX,,,,2048,,,,,,0.9
AvailabilityFactor,INV,GLOBAL,PWRCOANICXX,,,,2049,,,,,,0.9
AvailabilityFactor,INV,GLOBAL,PWRCOANICXX,,,,2050,,,,,,0.9
AvailabilityFactor,INV,GLOBAL,PWRNGSBRAXX,,,,2023,,,,,,0.9
AvailabilityFactor,INV,GLOBAL,PWRNGSBRAXX,,,,2024,,,,,,0.9
AvailabilityFactor,INV,GLOBAL,PWRNGSBRAXX,,,,2025,,,,,,0.9
AvailabilityFactor,INV,GLOBAL,PWRNGSBRAXX,,,,2026,,,,,,0.9
AvailabilityFactor,INV,GLOBAL,PWRNGSBRAXX,,,,2027,,,,,,0.9
AvailabilityFactor,INV,GLOBAL,PWRNGSBRAXX,,,,2028,,,,,,0.9
AvailabilityFactor,INV,GLOBAL,PWRNGSBRAXX,,,,2029,,,,,,0.9
AvailabilityFactor,INV,GLOBAL,PWRNGSBRAXX,,,,2030,,,,,,0.9
AvailabilityFactor,INV,GLOBAL,PWRNGSBRAXX,,,,2031,,,,,,0.9
AvailabilityFactor,INV,GLOBAL,PWRNGSBRAXX,,,,2032,,,,,,0.9
AvailabilityFactor,INV,GLOBAL,PWRNGSBRAXX,,,,2033,,,,,,0.9
AvailabilityFactor,INV,GLOBAL,PWRNGSBRAXX,,,,2034,,,,,,0.9
AvailabilityFactor,INV,GLOBAL,PWRNGSBRAXX,,,,2035,,,,,,0.9
AvailabilityFactor,INV,GLOBAL,PWRNGSBRAXX,,,,2036,,,,,,0.9
AvailabilityFactor,INV,GLOBAL,PWRNGSBRAXX,,,,2037,,,,,,0.9
AvailabilityFactor,INV,GLOBAL,PWRNGSBRAXX,,,,2038,,,,,,0.9
AvailabilityFactor,INV,GLOBAL,PWRNGSBRAXX,,,,2039,,,,,,0.9
AvailabilityFactor,INV,GLOBAL,PWRNGSBRAXX,,,,2040,,,,,,0.9
AvailabilityFactor,INV,GLOBAL,PWRNGSBRAXX,,,,2041,,,,,,0.9
AvailabilityFactor,INV,GLOBAL,PWRNGSBRAXX,,,,2042,,,,,,0.9
AvailabilityFactor,INV,GLOBAL,PWRNGSBRAXX,,,,2043,,,,,,0.9
AvailabilityFactor,INV,GLOBAL,PWRNGSBRAXX,,,,2044,,,,,,0.9
AvailabilityFactor,INV,GLOBAL,PWRNGSBRAXX,,,,2045,,,,,,0.9
AvailabilityFactor,INV,GLOBAL,PWRNGSBRAXX,,,,2046,,,,,,0.9
AvailabilityFactor,INV,GLOBAL,PWRNGSBRAXX,,,,2047,,,,,,0.9
AvailabilityFactor,INV,GLOBAL,PWRNGSBRAXX,,,,2048,,,,,,0.9
AvailabilityFactor,INV,GLOBAL,PWRNGSBRAXX,,,,2049,,,,,,0.9
AvailabilityFactor,INV,GLOBAL,PWRNGSBRAXX,,,,2050,,,,,,0.9
AvailabilityFactor,INV,GLOBAL,PWRCOGHNDXX,,,,2023,,,,,,0.8
AvailabilityFactor,INV,GLOBAL,PWRCOGHNDXX,,,,2024,,,,,,0.8
AvailabilityFactor,INV,GLOBAL,PWRCOGHNDXX,,,,2025,,,,,,0.8
AvailabilityFactor,INV,GLOBAL,PWRCOGHNDXX,,,,2026,,,,,,0.8
AvailabilityFactor,INV,GLOBAL,PWRCOGHNDXX,,,,2027,,,,,,0.8
AvailabilityFactor,INV,GLOBAL,PWRCOGHNDXX,,,,2028,,,,,,0.8
AvailabilityFactor,INV,GLOBAL,PWRCOGHNDXX,,,,2029,,,,,,0.8
AvailabilityFactor,INV,GLOBAL,PWRCOGHNDXX,,,,2030,,,,,,0.8
AvailabilityFactor,INV,GLOBAL,PWRCOGHNDXX,,,,2031,,,,,,0.8
AvailabilityFactor,INV,GLOBAL,PWRCOGHNDXX,,,,2032,,,,,,0.8
AvailabilityFactor,INV,GLOBAL,PWRCOGHNDXX,,,,2033,,,,,,0.8
AvailabilityFactor,INV,GLOBAL,PWRCOGHNDXX,,,,2034,,,,,,0.8
AvailabilityFactor,INV,GLOBAL,PWRCOGHNDXX,,,,2035,,,,,,0.8
AvailabilityFactor,INV,GLOBAL,PWRCOGHNDXX,,,,2036,,,,,,0.8
AvailabilityFactor,INV,GLOBAL,PWRCOGHNDXX,,,,2037,,,,,,0.8
AvailabilityFactor,INV,GLOBAL,PWRCOGHNDXX,,,,2038,,,,,,0.8
AvailabilityFactor,INV,GLOBAL,PWRCOGHNDXX,,,,2039,,,,,,0.8
AvailabilityFactor,INV,GLOBAL,PWRCOGHNDXX,,,,2040,,,,,,0.8
AvailabilityFactor,INV,GLOBAL,PWRCOGHNDXX,,,,2041,,,,,,0.8
AvailabilityFactor,INV,GLOBAL,PWRCOGHNDXX,,,,2042,,,,,,0.8
AvailabilityFactor,INV,GLOBAL,PWRCOGHNDXX,,,,2043,,,,,,0.8
AvailabilityFactor,INV,GLOBAL,PWRCOGHNDXX,,,,2044,,,,,,0.8
AvailabilityFactor,INV,GLOBAL,PWRCOGHNDXX,,,,2045,,,,,,0.8
AvailabilityFactor,INV,GLOBAL,PWRCOGHNDXX,,,,2046,,,,,,0.8
AvailabilityFactor,INV,GLOBAL,PWRCOGHNDXX,,,,2047,,,,,,0.8
AvailabilityFactor,INV,GLOBAL,PWRCOGHNDXX,,,,2048,,,,,,0.8
AvailabilityFactor,INV,GLOBAL,PWRCOGHNDXX,,,,2049,,,,,,0.8
AvailabilityFactor,INV,GLOBAL,PWRCOGHNDXX,,,,2050,,,,,,0.8
AvailabilityFactor,INV,GLOBAL,PWRSPVDOMXX,,,,2023,,,,,,0.9
AvailabilityFactor,INV,GLOBAL,PWRSPVDOMXX,,,,2024,,,,,,0.9
AvailabilityFactor,INV,GLOBAL,PWRSPVDOMXX,,,,2025,,,,,,0.9
AvailabilityFactor,INV,GLOBAL,PWRSPVDOMXX,,,,2026,,,,,,0.9
AvailabilityFactor,INV,GLOBAL,PWRSPVDOMXX,,,,2027,,,,,,0.9
AvailabilityFactor,INV,GLOBAL,PWRSPVDOMXX,,,,2028,,,,,,0.9
AvailabilityFactor,INV,GLOBAL,PWRSPVDOMXX,,,,2029,,,,,,0.9
AvailabilityFactor,INV,GLOBAL,PWRSPVDOMXX,,,,2030,,,,,,0.9
AvailabilityFactor,INV,GLOBAL,PWRSPVDOMXX,,,,2031,,,,,,0.9
AvailabilityFactor,INV,GLOBAL,PWRSPVDOMXX,,,,2032,,,,,,0.9
AvailabilityFactor,INV,GLOBAL,PWRSPVDOMXX,,,,2033,,,,,,0.9
AvailabilityFactor,INV,GLOBAL,PWRSPVDOMXX,,,,2034,,,,,,0.9
AvailabilityFactor,INV,GLOBAL,PWRSPVDOMXX,,,,2035,,,,,,0.9
AvailabilityFactor,INV,GLOBAL,PWRSPVDOMXX,,,,2036,,,,,,0.9
AvailabilityFactor,INV,GLOBAL,PWRSPVDOMXX,,,,2037,,,,,,0.9
AvailabilityFactor,INV,GLOBAL,PWRSPVDOMXX,,,,2038,,,,,,0.9
AvailabilityFactor,INV,GLOBAL,PWRSPVDOMXX,,,,2039,,,,,,0.9
AvailabilityFactor,INV,GLOBAL,PWRSPVDOMXX,,,,2040,,,,,,0.9
AvailabilityFactor,INV,GLOBAL,PWRSPVDOMXX,,,,2041,,,,,,0.9
AvailabilityFactor,INV,GLOBAL,PWRSPVDOMXX,,,,2042,,,,,,0.9
AvailabilityFactor,INV,GLOBAL,PWRSPVDOMXX,,,,2043,,,,,,0.9
AvailabilityFactor,INV,GLOBAL,PWRSPVDOMXX,,,,2044,,,,,,0.9
AvailabilityFactor,INV,GLOBAL,PWRSPVDOMXX,,,,2045,,,,,,0.9
AvailabilityFactor,INV,GLOBAL,PWRSPVDOMXX,,,,2046,,,,,,0.9
AvailabilityFactor,INV,GLOBAL,PWRSPVDOMXX,,,,2047,,,,,,0.9
AvailabilityFactor,INV,GLOBAL,PWRSPVDOMXX,,,,2048,,,,,,0.9
AvailabilityFactor,INV,GLOBAL,PWRSPVDOMXX,,,,2049,,,,,,0.9
AvailabilityFactor,INV,GLOBAL,PWRSPVDOMXX,,,,2050,,,,,,0.9
AvailabilityFactor,INV,GLOBAL,PWRURNPRYXX,,,,2023,,,,,,0.9
AvailabilityFactor,INV,GLOBAL,PWRURNPRYXX,,,,2024,,,,,,0.9
AvailabilityFactor,INV,GLOBAL,PWRURNPRYXX,,,,2025,,,,,,0.9
AvailabilityFactor,INV,GLOBAL,PWRURNPRYXX,,,,2026,,,,,,0.9
AvailabilityFactor,INV,GLOBAL,PWRURNPRYXX,,,,2027,,,,,,0.9
AvailabilityFactor,INV,GLOBAL,PWRURNPRYXX,,,,2028,,,,,,0.9
AvailabilityFactor,INV,GLOBAL,PWRURNPRYXX,,,,2029,,,,,,0.9
AvailabilityFactor,INV,GLOBAL,PWRURNPRYXX,,,,2030,,,,,,0.9
AvailabilityFactor,INV,GLOBAL,PWRURNPRYXX,,,,2031,,,,,,0.9
AvailabilityFactor,INV,GLOBAL,PWRURNPRYXX,,,,2032,,,,,,0.9
AvailabilityFactor,INV,GLOBAL,PWRURNPRYXX,,,,2033,,,,,,0.9
AvailabilityFactor,INV,GLOBAL,PWRURNPRYXX,,,,2034,,,,,,0.9
AvailabilityFactor,INV,GLOBAL,PWRURNPRYXX,,,,2035,,,,,,0.9
AvailabilityFactor,INV,GLOBAL,PWRURNPRYXX,,,,2036,,,,,,0.9
AvailabilityFactor,INV,GLOBAL,PWRURNPRYXX,,,,2037,,,,,,0.9
AvailabilityFactor,INV,GLOBAL,PWRURNPRYXX,,,,2038,,,,,,0.9
AvailabilityFactor,INV,GLOBAL,PWRURNPRYXX,,,,2039,,,,,,0.9
AvailabilityFactor,INV,GLOBAL,PWRURNPRYXX,,,,2040,,,,,,0.9
AvailabilityFactor,INV,GLOBAL,PWRURNPRYXX,,,,2041,,,,,,0.9
AvailabilityFactor,INV,GLOBAL,PWRURNPRYXX,,,,2042,,,,,,0.9
AvailabilityFactor,INV,GLOBAL,PWRURNPRYXX,,,,2043,,,,,,0.9
AvailabilityFactor,INV,GLOBAL,PWRURNPRYXX,,,,2044,,,,,,0.9
AvailabilityFactor,INV,GLOBAL,PWRURNPRYXX,,,,2045,,,,,,0.9
AvailabilityFactor,INV,GLOBAL,PWRURNPRYXX,,,,2046,,,,,,0.9
AvailabilityFactor,INV,GLOBAL,PWRURNPRYXX,,,,2047,,,,,,0.9
AvailabilityFactor,INV,GLOBAL,PWRURNPRYXX,,,,2048,,,,,,0.9
AvailabilityFactor,INV,GLOBAL,PWRURNPRYXX,,,,2049,,,,,,0.9
AvailabilityFactor,INV,GLOBAL,PWRURNPRYXX,,,,2050,,,,,,0.9
AvailabilityFactor,INV,GLOBAL,PWROTHARGXX,,,,2023,,,,,,0.8
AvailabilityFactor,INV,GLOBAL,PWROTHARGXX,,,,2024,,,,,,0.8
AvailabilityFactor,INV,GLOBAL,PWROTHARGXX,,,,2025,,,,,,0.8
AvailabilityFactor,INV,GLOBAL,PWROTHARGXX,,,,2026,,,,,,0.8
AvailabilityFactor,INV,GLOBAL,PWROTHARGXX,,,,2027,,,,,,0.8
AvailabilityFactor,INV,GLOBAL,PWROTHARGXX,,,,2028,,,,,,0.8
AvailabilityFactor,INV,GLOBAL,PWROTHARGXX,,,,2029,,,,,,0.8
AvailabilityFactor,INV,GLOBAL,PWROTHARGXX,,,,2030,,,,,,0.8
AvailabilityFactor,INV,GLOBAL,PWROTHARGXX,,,,2031,,,,,,0.8
AvailabilityFactor,INV,GLOBAL,PWROTHARGXX,,,,2032,,,,,,0.8
AvailabilityFactor,INV,GLOBAL,PWROTHARGXX,,,,2033,,,,,,0.8
AvailabilityFactor,INV,GLOBAL,PWROTHARGXX,,,,2034,,,,,,0.8
AvailabilityFactor,INV,GLOBAL,PWROTHARGXX,,,,2035,,,,,,0.8
AvailabilityFactor,INV,GLOBAL,PWROTHARGXX,,,,2036,,,,,,0.8
AvailabilityFactor,INV,GLOBAL,PWROTHARGXX,,,,2037,,,,,,0.8
AvailabilityFactor,INV,GLOBAL,PWROTHARGXX,,,,2038,,,,,,0.8
AvailabilityFactor,INV,GLOBAL,PWROTHARGXX,,,,2039,,,,,,0.8
AvailabilityFactor,INV,GLOBAL,PWROTHARGXX,,,,2040,,,,,,0.8
AvailabilityFactor,INV,GLOBAL,PWROTHARGXX,,,,2041,,,,,,0.8
AvailabilityFactor,INV,GLOBAL,PWROTHARGXX,,,,2042,,,,,,0.8
AvailabilityFactor,INV,GLOBAL,PWROTHARGXX,,,,2043,,,,,,0.8
AvailabilityFactor,INV,GLOBAL,PWROTHARGXX,,,,2044,,,,,,0.8
AvailabilityFactor,INV,GLOBAL,PWROTHARGXX,,,,2045,,,,,,0.8
AvailabilityFactor,INV,GLOBAL,PWROTHARGXX,,,,2046,,,,,,0.8
AvailabilityFactor,INV,GLOBAL,PWROTHARGXX,,,,2047,,,,,,0.8
AvailabilityFactor,INV,GLOBAL,PWROTHARGXX,,,,2048,,,,,,0.8
AvailabilityFactor,INV,GLOBAL,PWROTHARGXX,,,,2049,,,,,,0.8
AvailabilityFactor,INV,GLOBAL,PWROTHARGXX,,,,2050,,,,,,0.8
AvailabilityFactor,INV,GLOBAL,PWRPETGTMXX,,,,2023,,,,,,0.8
AvailabilityFactor,INV,GLOBAL,PWRPETGTMXX,,,,2024,,,,,,0.8
AvailabilityFactor,INV,GLOBAL,PWRPETGTMXX,,,,2025,,,,,,0.8
AvailabilityFactor,INV,GLOBAL,PWRPETGTMXX,,,,2026,,,,,,0.8
AvailabilityFactor,INV,GLOBAL,PWRPETGTMXX,,,,2027,,,,,,0.8
AvailabilityFactor,INV,GLOBAL,PWRPETGTMXX,,,,2028,,,,,,0.8
AvailabilityFactor,INV,GLOBAL,PWRPETGTMXX,,,,2029,,,,,,0.8
AvailabilityFactor,INV,GLOBAL,PWRPETGTMXX,,,,2030,,,,,,0.8
AvailabilityFactor,INV,GLOBAL,PWRPETGTMXX,,,,2031,,,,,,0.8
AvailabilityFactor,INV,GLOBAL,PWRPETGTMXX,,,,2032,,,,,,0.8
AvailabilityFactor,INV,GLOBAL,PWRPETGTMXX,,,,2033,,,,,,0.8
AvailabilityFactor,INV,GLOBAL,PWRPETGTMXX,,,,2034,,,,,,0.8
AvailabilityFactor,INV,GLOBAL,PWRPETGTMXX,,,,2035,,,,,,0.8
AvailabilityFactor,INV,GLOBAL,PWRPETGTMXX,,,,2036,,,,,,0.8
AvailabilityFactor,INV,GLOBAL,PWRPETGTMXX,,,,2037,,,,,,0.8
AvailabilityFactor,INV,GLOBAL,PWRPETGTMXX,,,,2038,,,,,,0.8
AvailabilityFactor,INV,GLOBAL,PWRPETGTMXX,,,,2039,,,,,,0.8
AvailabilityFactor,INV,GLOBAL,PWRPETGTMXX,,,,2040,,,,,,0.8
AvailabilityFactor,INV,GLOBAL,PWRPETGTMXX,,,,2041,,,,,,0.8
AvailabilityFactor,INV,GLOBAL,PWRPETGTMXX,,,,2042,,,,,,0.8
AvailabilityFactor,INV,GLOBAL,PWRPETGTMXX,,,,2043,,,,,,0.8
AvailabilityFactor,INV,GLOBAL,PWRPETGTMXX,,,,2044,,,,,,0.8
AvailabilityFactor,INV,GLOBAL,PWRPETGTMXX,,,,2045,,,,,,0.8
AvailabilityFactor,INV,GLOBAL,PWRPETGTMXX,,,,2046,,,,,,0.8
AvailabilityFactor,INV,GLOBAL,PWRPETGTMXX,,,,2047,,,,,,0.8
AvailabilityFactor,INV,GLOBAL,PWRPETGTMXX,,,,2048,,,,,,0.8
AvailabilityFactor,INV,GLOBAL,PWRPETGTMXX,,,,2049,,,,,,0.8
AvailabilityFactor,INV,GLOBAL,PWRPETGTMXX,,,,2050,,,,,,0.8
AvailabilityFactor,INV,GLOBAL,PWRHYDNICXX,,,,2023,,,,,,0.9
AvailabilityFactor,INV,GLOBAL,PWRHYDNICXX,,,,2024,,,,,,0.9
AvailabilityFactor,INV,GLOBAL,PWRHYDNICXX,,,,2025,,,,,,0.9
AvailabilityFactor,INV,GLOBAL,PWRHYDNICXX,,,,2026,,,,,,0.9
AvailabilityFactor,INV,GLOBAL,PWRHYDNICXX,,,,2027,,,,,,0.9
AvailabilityFactor,INV,GLOBAL,PWRHYDNICXX,,,,2028,,,,,,0.9
AvailabilityFactor,INV,GLOBAL,PWRHYDNICXX,,,,2029,,,,,,0.9
AvailabilityFactor,INV,GLOBAL,PWRHYDNICXX,,,,2030,,,,,,0.9
AvailabilityFactor,INV,GLOBAL,PWRHYDNICXX,,,,2031,,,,,,0.9
AvailabilityFactor,INV,GLOBAL,PWRHYDNICXX,,,,2032,,,,,,0.9
AvailabilityFactor,INV,GLOBAL,PWRHYDNICXX,,,,2033,,,,,,0.9
AvailabilityFactor,INV,GLOBAL,PWRHYDNICXX,,,,2034,,,,,,0.9
AvailabilityFactor,INV,GLOBAL,PWRHYDNICXX,,,,2035,,,,,,0.9
AvailabilityFactor,INV,GLOBAL,PWRHYDNICXX,,,,2036,,,,,,0.9
AvailabilityFactor,INV,GLOBAL,PWRHYDNICXX,,,,2037,,,,,,0.9
AvailabilityFactor,INV,GLOBAL,PWRHYDNICXX,,,,2038,,,,,,0.9
AvailabilityFactor,INV,GLOBAL,PWRHYDNICXX,,,,2039,,,,,,0.9
AvailabilityFactor,INV,GLOBAL,PWRHYDNICXX,,,,2040,,,,,,0.9
AvailabilityFactor,INV,GLOBAL,PWRHYDNICXX,,,,2041,,,,,,0.9
AvailabilityFactor,INV,GLOBAL,PWRHYDNICXX,,,,2042,,,,,,0.9
AvailabilityFactor,INV,GLOBAL,PWRHYDNICXX,,,,2043,,,,,,0.9
AvailabilityFactor,INV,GLOBAL,PWRHYDNICXX,,,,2044,,,,,,0.9
AvailabilityFactor,INV,GLOBAL,PWRHYDNICXX,,,,2045,,,,,,0.9
AvailabilityFactor,INV,GLOBAL,PWRHYDNICXX,,,,2046,,,,,,0.9
AvailabilityFactor,INV,GLOBAL,PWRHYDNICXX,,,,2047,,,,,,0.9
AvailabilityFactor,INV,GLOBAL,PWRHYDNICXX,,,,2048,,,,,,0.9
AvailabilityFactor,INV,GLOBAL,PWRHYDNICXX,,,,2049,,,,,,0.9
AvailabilityFactor,INV,GLOBAL,PWRHYDNICXX,,,,2050,,,,,,0.9
AvailabilityFactor,INV,GLOBAL,PWRWONBOLXX,,,,2023,,,,,,0.975
AvailabilityFactor,INV,GLOBAL,PWRWONBOLXX,,,,2024,,,,,,0.975
AvailabilityFactor,INV,GLOBAL,PWRWONBOLXX,,,,2025,,,,,,0.975
AvailabilityFactor,INV,GLOBAL,PWRWONBOLXX,,,,2026,,,,,,0.975
AvailabilityFactor,INV,GLOBAL,PWRWONBOLXX,,,,2027,,,,,,0.975
AvailabilityFactor,INV,GLOBAL,PWRWONBOLXX,,,,2028,,,,,,0.975
AvailabilityFactor,INV,GLOBAL,PWRWONBOLXX,,,,2029,,,,,,0.975
AvailabilityFactor,INV,GLOBAL,PWRWONBOLXX,,,,2030,,,,,,0.975
AvailabilityFactor,INV,GLOBAL,PWRWONBOLXX,,,,2031,,,,,,0.975
AvailabilityFactor,INV,GLOBAL,PWRWONBOLXX,,,,2032,,,,,,0.975
AvailabilityFactor,INV,GLOBAL,PWRWONBOLXX,,,,2033,,,,,,0.975
AvailabilityFactor,INV,GLOBAL,PWRWONBOLXX,,,,2034,,,,,,0.975
AvailabilityFactor,INV,GLOBAL,PWRWONBOLXX,,,,2035,,,,,,0.975
AvailabilityFactor,INV,GLOBAL,PWRWONBOLXX,,,,2036,,,,,,0.975
AvailabilityFactor,INV,GLOBAL,PWRWONBOLXX,,,,2037,,,,,,0.975
AvailabilityFactor,INV,GLOBAL,PWRWONBOLXX,,,,2038,,,,,,0.975
AvailabilityFactor,INV,GLOBAL,PWRWONBOLXX,,,,2039,,,,,,0.975
AvailabilityFactor,INV,GLOBAL,PWRWONBOLXX,,,,2040,,,,,,0.975
AvailabilityFactor,INV,GLOBAL,PWRWONBOLXX,,,,2041,,,,,,0.975
AvailabilityFactor,INV,GLOBAL,PWRWONBOLXX,,,,2042,,,,,,0.975
AvailabilityFactor,INV,GLOBAL,PWRWONBOLXX,,,,2043,,,,,,0.975
AvailabilityFactor,INV,GLOBAL,PWRWONBOLXX,,,,2044,,,,,,0.975
AvailabilityFactor,INV,GLOBAL,PWRWONBOLXX,,,,2045,,,,,,0.975
AvailabilityFactor,INV,GLOBAL,PWRWONBOLXX,,,,2046,,,,,,0.975
AvailabilityFactor,INV,GLOBAL,PWRWONBOLXX,,,,2047,,,,,,0.975
AvailabilityFactor,INV,GLOBAL,PWRWONBOLXX,,,,2048,,,,,,0.975
AvailabilityFactor,INV,GLOBAL,PWRWONBOLXX,,,,2049,,,,,,0.975
AvailabilityFactor,INV,GLOBAL,PWRWONBOLXX,,,,2050,,,,,,0.975
AvailabilityFactor,INV,GLOBAL,PWRCOGBOLXX,,,,2023,,,,,,0.8
AvailabilityFactor,INV,GLOBAL,PWRCOGBOLXX,,,,2024,,,,,,0.8
AvailabilityFactor,INV,GLOBAL,PWRCOGBOLXX,,,,2025,,,,,,0.8
AvailabilityFactor,INV,GLOBAL,PWRCOGBOLXX,,,,2026,,,,,,0.8
AvailabilityFactor,INV,GLOBAL,PWRCOGBOLXX,,,,2027,,,,,,0.8
AvailabilityFactor,INV,GLOBAL,PWRCOGBOLXX,,,,2028,,,,,,0.8
AvailabilityFactor,INV,GLOBAL,PWRCOGBOLXX,,,,2029,,,,,,0.8
AvailabilityFactor,INV,GLOBAL,PWRCOGBOLXX,,,,2030,,,,,,0.8
AvailabilityFactor,INV,GLOBAL,PWRCOGBOLXX,,,,2031,,,,,,0.8
AvailabilityFactor,INV,GLOBAL,PWRCOGBOLXX,,,,2032,,,,,,0.8
AvailabilityFactor,INV,GLOBAL,PWRCOGBOLXX,,,,2033,,,,,,0.8
AvailabilityFactor,INV,GLOBAL,PWRCOGBOLXX,,,,2034,,,,,,0.8
AvailabilityFactor,INV,GLOBAL,PWRCOGBOLXX,,,,2035,,,,,,0.8
AvailabilityFactor,INV,GLOBAL,PWRCOGBOLXX,,,,2036,,,,,,0.8
AvailabilityFactor,INV,GLOBAL,PWRCOGBOLXX,,,,2037,,,,,,0.8
AvailabilityFactor,INV,GLOBAL,PWRCOGBOLXX,,,,2038,,,,,,0.8
AvailabilityFactor,INV,GLOBAL,PWRCOGBOLXX,,,,2039,,,,,,0.8
AvailabilityFactor,INV,GLOBAL,PWRCOGBOLXX,,,,2040,,,,,,0.8
AvailabilityFactor,INV,GLOBAL,PWRCOGBOLXX,,,,2041,,,,,,0.8
AvailabilityFactor,INV,GLOBAL,PWRCOGBOLXX,,,,2042,,,,,,0.8
AvailabilityFactor,INV,GLOBAL,PWRCOGBOLXX,,,,2043,,,,,,0.8
AvailabilityFactor,INV,GLOBAL,PWRCOGBOLXX,,,,2044,,,,,,0.8
AvailabilityFactor,INV,GLOBAL,PWRCOGBOLXX,,,,2045,,,,,,0.8
AvailabilityFactor,INV,GLOBAL,PWRCOGBOLXX,,,,2046,,,,,,0.8
AvailabilityFactor,INV,GLOBAL,PWRCOGBOLXX,,,,2047,,,,,,0.8
AvailabilityFactor,INV,GLOBAL,PWRCOGBOLXX,,,,2048,,,,,,0.8
AvailabilityFactor,INV,GLOBAL,PWRCOGBOLXX,,,,2049,,,,,,0.8
AvailabilityFactor,INV,GLOBAL,PWRCOGBOLXX,,,,2050,,,,,,0.8
AvailabilityFactor,INV,GLOBAL,PWRURNPERXX,,,,2023,,,,,,0.9
AvailabilityFactor,INV,GLOBAL,PWRURNPERXX,,,,2024,,,,,,0.9
AvailabilityFactor,INV,GLOBAL,PWRURNPERXX,,,,2025,,,,,,0.9
AvailabilityFactor,INV,GLOBAL,PWRURNPERXX,,,,2026,,,,,,0.9
AvailabilityFactor,INV,GLOBAL,PWRURNPERXX,,,,2027,,,,,,0.9
AvailabilityFactor,INV,GLOBAL,PWRURNPERXX,,,,2028,,,,,,0.9
AvailabilityFactor,INV,GLOBAL,PWRURNPERXX,,,,2029,,,,,,0.9
AvailabilityFactor,INV,GLOBAL,PWRURNPERXX,,,,2030,,,,,,0.9
AvailabilityFactor,INV,GLOBAL,PWRURNPERXX,,,,2031,,,,,,0.9
AvailabilityFactor,INV,GLOBAL,PWRURNPERXX,,,,2032,,,,,,0.9
AvailabilityFactor,INV,GLOBAL,PWRURNPERXX,,,,2033,,,,,,0.9
AvailabilityFactor,INV,GLOBAL,PWRURNPERXX,,,,2034,,,,,,0.9
AvailabilityFactor,INV,GLOBAL,PWRURNPERXX,,,,2035,,,,,,0.9
AvailabilityFactor,INV,GLOBAL,PWRURNPERXX,,,,2036,,,,,,0.9
AvailabilityFactor,INV,GLOBAL,PWRURNPERXX,,,,2037,,,,,,0.9
AvailabilityFactor,INV,GLOBAL,PWRURNPERXX,,,,2038,,,,,,0.9
AvailabilityFactor,INV,GLOBAL,PWRURNPERXX,,,,2039,,,,,,0.9
AvailabilityFactor,INV,GLOBAL,PWRURNPERXX,,,,2040,,,,,,0.9
AvailabilityFactor,INV,GLOBAL,PWRURNPERXX,,,,2041,,,,,,0.9
AvailabilityFactor,INV,GLOBAL,PWRURNPERXX,,,,2042,,,,,,0.9
AvailabilityFactor,INV,GLOBAL,PWRURNPERXX,,,,2043,,,,,,0.9
AvailabilityFactor,INV,GLOBAL,PWRURNPERXX,,,,2044,,,,,,0.9
AvailabilityFactor,INV,GLOBAL,PWRURNPERXX,,,,2045,,,,,,0.9
AvailabilityFactor,INV,GLOBAL,PWRURNPERXX,,,,2046,,,,,,0.9
AvailabilityFactor,INV,GLOBAL,PWRURNPERXX,,,,2047,,,,,,0.9
AvailabilityFactor,INV,GLOBAL,PWRURNPERXX,,,,2048,,,,,,0.9
AvailabilityFactor,INV,GLOBAL,PWRURNPERXX,,,,2049,,,,,,0.9
AvailabilityFactor,INV,GLOBAL,PWRURNPERXX,,,,2050,,,,,,0.9
AvailabilityFactor,INV,GLOBAL,PWRWONDOMXX,,,,2023,,,,,,0.9
AvailabilityFactor,INV,GLOBAL,PWRWONDOMXX,,,,2024,,,,,,0.9
AvailabilityFactor,INV,GLOBAL,PWRWONDOMXX,,,,2025,,,,,,0.9
AvailabilityFactor,INV,GLOBAL,PWRWONDOMXX,,,,2026,,,,,,0.9
AvailabilityFactor,INV,GLOBAL,PWRWONDOMXX,,,,2027,,,,,,0.9
AvailabilityFactor,INV,GLOBAL,PWRWONDOMXX,,,,2028,,,,,,0.9
AvailabilityFactor,INV,GLOBAL,PWRWONDOMXX,,,,2029,,,,,,0.9
AvailabilityFactor,INV,GLOBAL,PWRWONDOMXX,,,,2030,,,,,,0.9
AvailabilityFactor,INV,GLOBAL,PWRWONDOMXX,,,,2031,,,,,,0.9
AvailabilityFactor,INV,GLOBAL,PWRWONDOMXX,,,,2032,,,,,,0.9
AvailabilityFactor,INV,GLOBAL,PWRWONDOMXX,,,,2033,,,,,,0.9
AvailabilityFactor,INV,GLOBAL,PWRWONDOMXX,,,,2034,,,,,,0.9
AvailabilityFactor,INV,GLOBAL,PWRWONDOMXX,,,,2035,,,,,,0.9
AvailabilityFactor,INV,GLOBAL,PWRWONDOMXX,,,,2036,,,,,,0.9
AvailabilityFactor,INV,GLOBAL,PWRWONDOMXX,,,,2037,,,,,,0.9
AvailabilityFactor,INV,GLOBAL,PWRWONDOMXX,,,,2038,,,,,,0.9
AvailabilityFactor,INV,GLOBAL,PWRWONDOMXX,,,,2039,,,,,,0.9
AvailabilityFactor,INV,GLOBAL,PWRWONDOMXX,,,,2040,,,,,,0.9
AvailabilityFactor,INV,GLOBAL,PWRWONDOMXX,,,,2041,,,,,,0.9
AvailabilityFactor,INV,GLOBAL,PWRWONDOMXX,,,,2042,,,,,,0.9
AvailabilityFactor,INV,GLOBAL,PWRWONDOMXX,,,,2043,,,,,,0.9
AvailabilityFactor,INV,GLOBAL,PWRWONDOMXX,,,,2044,,,,,,0.9
AvailabilityFactor,INV,GLOBAL,PWRWONDOMXX,,,,2045,,,,,,0.9
AvailabilityFactor,INV,GLOBAL,PWRWONDOMXX,,,,2046,,,,,,0.9
AvailabilityFactor,INV,GLOBAL,PWRWONDOMXX,,,,2047,,,,,,0.9
AvailabilityFactor,INV,GLOBAL,PWRWONDOMXX,,,,2048,,,,,,0.9
AvailabilityFactor,INV,GLOBAL,PWRWONDOMXX,,,,2049,,,,,,0.9
AvailabilityFactor,INV,GLOBAL,PWRWONDOMXX,,,,2050,,,,,,0.9
AvailabilityFactor,INV,GLOBAL,PWRBIOCRIXX,,,,2023,,,,,,0.5
AvailabilityFactor,INV,GLOBAL,PWRBIOCRIXX,,,,2024,,,,,,0.5
AvailabilityFactor,INV,GLOBAL,PWRBIOCRIXX,,,,2025,,,,,,0.5
AvailabilityFactor,INV,GLOBAL,PWRBIOCRIXX,,,,2026,,,,,,0.5
AvailabilityFactor,INV,GLOBAL,PWRBIOCRIXX,,,,2027,,,,,,0.5
AvailabilityFactor,INV,GLOBAL,PWRBIOCRIXX,,,,2028,,,,,,0.5
AvailabilityFactor,INV,GLOBAL,PWRBIOCRIXX,,,,2029,,,,,,0.5
AvailabilityFactor,INV,GLOBAL,PWRBIOCRIXX,,,,2030,,,,,,0.5
AvailabilityFactor,INV,GLOBAL,PWRBIOCRIXX,,,,2031,,,,,,0.5
AvailabilityFactor,INV,GLOBAL,PWRBIOCRIXX,,,,2032,,,,,,0.5
AvailabilityFactor,INV,GLOBAL,PWRBIOCRIXX,,,,2033,,,,,,0.5
AvailabilityFactor,INV,GLOBAL,PWRBIOCRIXX,,,,2034,,,,,,0.5
AvailabilityFactor,INV,GLOBAL,PWRBIOCRIXX,,,,2035,,,,,,0.5
AvailabilityFactor,INV,GLOBAL,PWRBIOCRIXX,,,,2036,,,,,,0.5
AvailabilityFactor,INV,GLOBAL,PWRBIOCRIXX,,,,2037,,,,,,0.5
AvailabilityFactor,INV,GLOBAL,PWRBIOCRIXX,,,,2038,,,,,,0.5
AvailabilityFactor,INV,GLOBAL,PWRBIOCRIXX,,,,2039,,,,,,0.5
AvailabilityFactor,INV,GLOBAL,PWRBIOCRIXX,,,,2040,,,,,,0.5
AvailabilityFactor,INV,GLOBAL,PWRBIOCRIXX,,,,2041,,,,,,0.5
AvailabilityFactor,INV,GLOBAL,PWRBIOCRIXX,,,,2042,,,,,,0.5
AvailabilityFactor,INV,GLOBAL,PWRBIOCRIXX,,,,2043,,,,,,0.5
AvailabilityFactor,INV,GLOBAL,PWRBIOCRIXX,,,,2044,,,,,,0.5
AvailabilityFactor,INV,GLOBAL,PWRBIOCRIXX,,,,2045,,,,,,0.5
AvailabilityFactor,INV,GLOBAL,PWRBIOCRIXX,,,,2046,,,,,,0.5
AvailabilityFactor,INV,GLOBAL,PWRBIOCRIXX,,,,2047,,,,,,0.5
AvailabilityFactor,INV,GLOBAL,PWRBIOCRIXX,,,,2048,,,,,,0.5
AvailabilityFactor,INV,GLOBAL,PWRBIOCRIXX,,,,2049,,,,,,0.5
AvailabilityFactor,INV,GLOBAL,PWRBIOCRIXX,,,,2050,,,,,,0.5
AvailabilityFactor,INV,GLOBAL,PWRGEOPRYXX,,,,2023,,,,,,0.9
AvailabilityFactor,INV,GLOBAL,PWRGEOPRYXX,,,,2024,,,,,,0.9
AvailabilityFactor,INV,GLOBAL,PWRGEOPRYXX,,,,2025,,,,,,0.9
AvailabilityFactor,INV,GLOBAL,PWRGEOPRYXX,,,,2026,,,,,,0.9
AvailabilityFactor,INV,GLOBAL,PWRGEOPRYXX,,,,2027,,,,,,0.9
AvailabilityFactor,INV,GLOBAL,PWRGEOPRYXX,,,,2028,,,,,,0.9
AvailabilityFactor,INV,GLOBAL,PWRGEOPRYXX,,,,2029,,,,,,0.9
AvailabilityFactor,INV,GLOBAL,PWRGEOPRYXX,,,,2030,,,,,,0.9
AvailabilityFactor,INV,GLOBAL,PWRGEOPRYXX,,,,2031,,,,,,0.9
AvailabilityFactor,INV,GLOBAL,PWRGEOPRYXX,,,,2032,,,,,,0.9
AvailabilityFactor,INV,GLOBAL,PWRGEOPRYXX,,,,2033,,,,,,0.9
AvailabilityFactor,INV,GLOBAL,PWRGEOPRYXX,,,,2034,,,,,,0.9
AvailabilityFactor,INV,GLOBAL,PWRGEOPRYXX,,,,2035,,,,,,0.9
AvailabilityFactor,INV,GLOBAL,PWRGEOPRYXX,,,,2036,,,,,,0.9
AvailabilityFactor,INV,GLOBAL,PWRGEOPRYXX,,,,2037,,,,,,0.9
AvailabilityFactor,INV,GLOBAL,PWRGEOPRYXX,,,,2038,,,,,,0.9
AvailabilityFactor,INV,GLOBAL,PWRGEOPRYXX,,,,2039,,,,,,0.9
AvailabilityFactor,INV,GLOBAL,PWRGEOPRYXX,,,,2040,,,,,,0.9
AvailabilityFactor,INV,GLOBAL,PWRGEOPRYXX,,,,2041,,,,,,0.9
AvailabilityFactor,INV,GLOBAL,PWRGEOPRYXX,,,,2042,,,,,,0.9
AvailabilityFactor,INV,GLOBAL,PWRGEOPRYXX,,,,2043,,,,,,0.9
AvailabilityFactor,INV,GLOBAL,PWRGEOPRYXX,,,,2044,,,,,,0.9
AvailabilityFactor,INV,GLOBAL,PWRGEOPRYXX,,,,2045,,,,,,0.9
AvailabilityFactor,INV,GLOBAL,PWRGEOPRYXX,,,,2046,,,,,,0.9
AvailabilityFactor,INV,GLOBAL,PWRGEOPRYXX,,,,2047,,,,,,0.9
AvailabilityFactor,INV,GLOBAL,PWRGEOPRYXX,,,,2048,,,,,,0.9
AvailabilityFactor,INV,GLOBAL,PWRGEOPRYXX,,,,2049,,,,,,0.9
AvailabilityFactor,INV,GLOBAL,PWRGEOPRYXX,,,,2050,,,,,,0.9
AvailabilityFactor,INV,GLOBAL,PWRCCSBRAXX,,,,2023,,,,,,0.9
AvailabilityFactor,INV,GLOBAL,PWRCCSBRAXX,,,,2024,,,,,,0.9
AvailabilityFactor,INV,GLOBAL,PWRCCSBRAXX,,,,2025,,,,,,0.9
AvailabilityFactor,INV,GLOBAL,PWRCCSBRAXX,,,,2026,,,,,,0.9
AvailabilityFactor,INV,GLOBAL,PWRCCSBRAXX,,,,2027,,,,,,0.9
AvailabilityFactor,INV,GLOBAL,PWRCCSBRAXX,,,,2028,,,,,,0.9
AvailabilityFactor,INV,GLOBAL,PWRCCSBRAXX,,,,2029,,,,,,0.9
AvailabilityFactor,INV,GLOBAL,PWRCCSBRAXX,,,,2030,,,,,,0.9
AvailabilityFactor,INV,GLOBAL,PWRCCSBRAXX,,,,2031,,,,,,0.9
AvailabilityFactor,INV,GLOBAL,PWRCCSBRAXX,,,,2032,,,,,,0.9
AvailabilityFactor,INV,GLOBAL,PWRCCSBRAXX,,,,2033,,,,,,0.9
AvailabilityFactor,INV,GLOBAL,PWRCCSBRAXX,,,,2034,,,,,,0.9
AvailabilityFactor,INV,GLOBAL,PWRCCSBRAXX,,,,2035,,,,,,0.9
AvailabilityFactor,INV,GLOBAL,PWRCCSBRAXX,,,,2036,,,,,,0.9
AvailabilityFactor,INV,GLOBAL,PWRCCSBRAXX,,,,2037,,,,,,0.9
AvailabilityFactor,INV,GLOBAL,PWRCCSBRAXX,,,,2038,,,,,,0.9
AvailabilityFactor,INV,GLOBAL,PWRCCSBRAXX,,,,2039,,,,,,0.9
AvailabilityFactor,INV,GLOBAL,PWRCCSBRAXX,,,,2040,,,,,,0.9
AvailabilityFactor,INV,GLOBAL,PWRCCSBRAXX,,,,2041,,,,,,0.9
AvailabilityFactor,INV,GLOBAL,PWRCCSBRAXX,,,,2042,,,,,,0.9
AvailabilityFactor,INV,GLOBAL,PWRCCSBRAXX,,,,2043,,,,,,0.9
AvailabilityFactor,INV,GLOBAL,PWRCCSBRAXX,,,,2044,,,,,,0.9
AvailabilityFactor,INV,GLOBAL,PWRCCSBRAXX,,,,2045,,,,,,0.9
AvailabilityFactor,INV,GLOBAL,PWRCCSBRAXX,,,,2046,,,,,,0.9
AvailabilityFactor,INV,GLOBAL,PWRCCSBRAXX,,,,2047,,,,,,0.9
AvailabilityFactor,INV,GLOBAL,PWRCCSBRAXX,,,,2048,,,,,,0.9
AvailabilityFactor,INV,GLOBAL,PWRCCSBRAXX,,,,2049,,,,,,0.9
AvailabilityFactor,INV,GLOBAL,PWRCCSBRAXX,,,,2050,,,,,,0.9
AvailabilityFactor,INV,GLOBAL,PWROTHURYXX,,,,2023,,,,,,0.8
AvailabilityFactor,INV,GLOBAL,PWROTHURYXX,,,,2024,,,,,,0.8
AvailabilityFactor,INV,GLOBAL,PWROTHURYXX,,,,2025,,,,,,0.8
AvailabilityFactor,INV,GLOBAL,PWROTHURYXX,,,,2026,,,,,,0.8
AvailabilityFactor,INV,GLOBAL,PWROTHURYXX,,,,2027,,,,,,0.8
AvailabilityFactor,INV,GLOBAL,PWROTHURYXX,,,,2028,,,,,,0.8
AvailabilityFactor,INV,GLOBAL,PWROTHURYXX,,,,2029,,,,,,0.8
AvailabilityFactor,INV,GLOBAL,PWROTHURYXX,,,,2030,,,,,,0.8
AvailabilityFactor,INV,GLOBAL,PWROTHURYXX,,,,2031,,,,,,0.8
AvailabilityFactor,INV,GLOBAL,PWROTHURYXX,,,,2032,,,,,,0.8
AvailabilityFactor,INV,GLOBAL,PWROTHURYXX,,,,2033,,,,,,0.8
AvailabilityFactor,INV,GLOBAL,PWROTHURYXX,,,,2034,,,,,,0.8
AvailabilityFactor,INV,GLOBAL,PWROTHURYXX,,,,2035,,,,,,0.8
AvailabilityFactor,INV,GLOBAL,PWROTHURYXX,,,,2036,,,,,,0.8
AvailabilityFactor,INV,GLOBAL,PWROTHURYXX,,,,2037,,,,,,0.8
AvailabilityFactor,INV,GLOBAL,PWROTHURYXX,,,,2038,,,,,,0.8
AvailabilityFactor,INV,GLOBAL,PWROTHURYXX,,,,2039,,,,,,0.8
AvailabilityFactor,INV,GLOBAL,PWROTHURYXX,,,,2040,,,,,,0.8
AvailabilityFactor,INV,GLOBAL,PWROTHURYXX,,,,2041,,,,,,0.8
AvailabilityFactor,INV,GLOBAL,PWROTHURYXX,,,,2042,,,,,,0.8
AvailabilityFactor,INV,GLOBAL,PWROTHURYXX,,,,2043,,,,,,0.8
AvailabilityFactor,INV,GLOBAL,PWROTHURYXX,,,,2044,,,,,,0.8
AvailabilityFactor,INV,GLOBAL,PWROTHURYXX,,,,2045,,,,,,0.8
AvailabilityFactor,INV,GLOBAL,PWROTHURYXX,,,,2046,,,,,,0.8
AvailabilityFactor,INV,GLOBAL,PWROTHURYXX,,,,2047,,,,,,0.8
AvailabilityFactor,INV,GLOBAL,PWROTHURYXX,,,,2048,,,,,,0.8
AvailabilityFactor,INV,GLOBAL,PWROTHURYXX,,,,2049,,,,,,0.8
AvailabilityFactor,INV,GLOBAL,PWROTHURYXX,,,,2050,,,,,,0.8
AvailabilityFactor,INV,GLOBAL,PWRNGSCHLXX,,,,2023,,,,,,0.9
AvailabilityFactor,INV,GLOBAL,PWRNGSCHLXX,,,,2024,,,,,,0.9
AvailabilityFactor,INV,GLOBAL,PWRNGSCHLXX,,,,2025,,,,,,0.9
AvailabilityFactor,INV,GLOBAL,PWRNGSCHLXX,,,,2026,,,,,,0.9
AvailabilityFactor,INV,GLOBAL,PWRNGSCHLXX,,,,2027,,,,,,0.9
AvailabilityFactor,INV,GLOBAL,PWRNGSCHLXX,,,,2028,,,,,,0.9
AvailabilityFactor,INV,GLOBAL,PWRNGSCHLXX,,,,2029,,,,,,0.9
AvailabilityFactor,INV,GLOBAL,PWRNGSCHLXX,,,,2030,,,,,,0.9
AvailabilityFactor,INV,GLOBAL,PWRNGSCHLXX,,,,2031,,,,,,0.9
AvailabilityFactor,INV,GLOBAL,PWRNGSCHLXX,,,,2032,,,,,,0.9
AvailabilityFactor,INV,GLOBAL,PWRNGSCHLXX,,,,2033,,,,,,0.9
AvailabilityFactor,INV,GLOBAL,PWRNGSCHLXX,,,,2034,,,,,,0.9
AvailabilityFactor,INV,GLOBAL,PWRNGSCHLXX,,,,2035,,,,,,0.9
AvailabilityFactor,INV,GLOBAL,PWRNGSCHLXX,,,,2036,,,,,,0.9
AvailabilityFactor,INV,GLOBAL,PWRNGSCHLXX,,,,2037,,,,,,0.9
AvailabilityFactor,INV,GLOBAL,PWRNGSCHLXX,,,,2038,,,,,,0.9
AvailabilityFactor,INV,GLOBAL,PWRNGSCHLXX,,,,2039,,,,,,0.9
AvailabilityFactor,INV,GLOBAL,PWRNGSCHLXX,,,,2040,,,,,,0.9
AvailabilityFactor,INV,GLOBAL,PWRNGSCHLXX,,,,2041,,,,,,0.9
AvailabilityFactor,INV,GLOBAL,PWRNGSCHLXX,,,,2042,,,,,,0.9
AvailabilityFactor,INV,GLOBAL,PWRNGSCHLXX,,,,2043,,,,,,0.9
AvailabilityFactor,INV,GLOBAL,PWRNGSCHLXX,,,,2044,,,,,,0.9
AvailabilityFactor,INV,GLOBAL,PWRNGSCHLXX,,,,2045,,,,,,0.9
AvailabilityFactor,INV,GLOBAL,PWRNGSCHLXX,,,,2046,,,,,,0.9
AvailabilityFactor,INV,GLOBAL,PWRNGSCHLXX,,,,2047,,,,,,0.9
AvailabilityFactor,INV,GLOBAL,PWRNGSCHLXX,,,,2048,,,,,,0.9
AvailabilityFactor,INV,GLOBAL,PWRNGSCHLXX,,,,2049,,,,,,0.9
AvailabilityFactor,INV,GLOBAL,PWRNGSCHLXX,,,,2050,,,,,,0.9
AvailabilityFactor,INV,GLOBAL,PWRCOAMEXXX,,,,2023,,,,,,0.9
AvailabilityFactor,INV,GLOBAL,PWRCOAMEXXX,,,,2024,,,,,,0.9
AvailabilityFactor,INV,GLOBAL,PWRCOAMEXXX,,,,2025,,,,,,0.9
AvailabilityFactor,INV,GLOBAL,PWRCOAMEXXX,,,,2026,,,,,,0.9
AvailabilityFactor,INV,GLOBAL,PWRCOAMEXXX,,,,2027,,,,,,0.9
AvailabilityFactor,INV,GLOBAL,PWRCOAMEXXX,,,,2028,,,,,,0.9
AvailabilityFactor,INV,GLOBAL,PWRCOAMEXXX,,,,2029,,,,,,0.9
AvailabilityFactor,INV,GLOBAL,PWRCOAMEXXX,,,,2030,,,,,,0.9
AvailabilityFactor,INV,GLOBAL,PWRCOAMEXXX,,,,2031,,,,,,0.9
AvailabilityFactor,INV,GLOBAL,PWRCOAMEXXX,,,,2032,,,,,,0.9
AvailabilityFactor,INV,GLOBAL,PWRCOAMEXXX,,,,2033,,,,,,0.9
AvailabilityFactor,INV,GLOBAL,PWRCOAMEXXX,,,,2034,,,,,,0.9
AvailabilityFactor,INV,GLOBAL,PWRCOAMEXXX,,,,2035,,,,,,0.9
AvailabilityFactor,INV,GLOBAL,PWRCOAMEXXX,,,,2036,,,,,,0.9
AvailabilityFactor,INV,GLOBAL,PWRCOAMEXXX,,,,2037,,,,,,0.9
AvailabilityFactor,INV,GLOBAL,PWRCOAMEXXX,,,,2038,,,,,,0.9
AvailabilityFactor,INV,GLOBAL,PWRCOAMEXXX,,,,2039,,,,,,0.9
AvailabilityFactor,INV,GLOBAL,PWRCOAMEXXX,,,,2040,,,,,,0.9
AvailabilityFactor,INV,GLOBAL,PWRCOAMEXXX,,,,2041,,,,,,0.9
AvailabilityFactor,INV,GLOBAL,PWRCOAMEXXX,,,,2042,,,,,,0.9
AvailabilityFactor,INV,GLOBAL,PWRCOAMEXXX,,,,2043,,,,,,0.9
AvailabilityFactor,INV,GLOBAL,PWRCOAMEXXX,,,,2044,,,,,,0.9
AvailabilityFactor,INV,GLOBAL,PWRCOAMEXXX,,,,2045,,,,,,0.9
AvailabilityFactor,INV,GLOBAL,PWRCOAMEXXX,,,,2046,,,,,,0.9
AvailabilityFactor,INV,GLOBAL,PWRCOAMEXXX,,,,2047,,,,,,0.9
AvailabilityFactor,INV,GLOBAL,PWRCOAMEXXX,,,,2048,,,,,,0.9
AvailabilityFactor,INV,GLOBAL,PWRCOAMEXXX,,,,2049,,,,,,0.9
AvailabilityFactor,INV,GLOBAL,PWRCOAMEXXX,,,,2050,,,,,,0.9
AvailabilityFactor,INV,GLOBAL,PWRPETARGXX,,,,2023,,,,,,0.8
AvailabilityFactor,INV,GLOBAL,PWRPETARGXX,,,,2024,,,,,,0.8
AvailabilityFactor,INV,GLOBAL,PWRPETARGXX,,,,2025,,,,,,0.8
AvailabilityFactor,INV,GLOBAL,PWRPETARGXX,,,,2026,,,,,,0.8
AvailabilityFactor,INV,GLOBAL,PWRPETARGXX,,,,2027,,,,,,0.8
AvailabilityFactor,INV,GLOBAL,PWRPETARGXX,,,,2028,,,,,,0.8
AvailabilityFactor,INV,GLOBAL,PWRPETARGXX,,,,2029,,,,,,0.8
AvailabilityFactor,INV,GLOBAL,PWRPETARGXX,,,,2030,,,,,,0.8
AvailabilityFactor,INV,GLOBAL,PWRPETARGXX,,,,2031,,,,,,0.8
AvailabilityFactor,INV,GLOBAL,PWRPETARGXX,,,,2032,,,,,,0.8
AvailabilityFactor,INV,GLOBAL,PWRPETARGXX,,,,2033,,,,,,0.8
AvailabilityFactor,INV,GLOBAL,PWRPETARGXX,,,,2034,,,,,,0.8
AvailabilityFactor,INV,GLOBAL,PWRPETARGXX,,,,2035,,,,,,0.8
AvailabilityFactor,INV,GLOBAL,PWRPETARGXX,,,,2036,,,,,,0.8
AvailabilityFactor,INV,GLOBAL,PWRPETARGXX,,,,2037,,,,,,0.8
AvailabilityFactor,INV,GLOBAL,PWRPETARGXX,,,,2038,,,,,,0.8
AvailabilityFactor,INV,GLOBAL,PWRPETARGXX,,,,2039,,,,,,0.8
AvailabilityFactor,INV,GLOBAL,PWRPETARGXX,,,,2040,,,,,,0.8
AvailabilityFactor,INV,GLOBAL,PWRPETARGXX,,,,2041,,,,,,0.8
AvailabilityFactor,INV,GLOBAL,PWRPETARGXX,,,,2042,,,,,,0.8
AvailabilityFactor,INV,GLOBAL,PWRPETARGXX,,,,2043,,,,,,0.8
AvailabilityFactor,INV,GLOBAL,PWRPETARGXX,,,,2044,,,,,,0.8
AvailabilityFactor,INV,GLOBAL,PWRPETARGXX,,,,2045,,,,,,0.8
AvailabilityFactor,INV,GLOBAL,PWRPETARGXX,,,,2046,,,,,,0.8
AvailabilityFactor,INV,GLOBAL,PWRPETARGXX,,,,2047,,,,,,0.8
AvailabilityFactor,INV,GLOBAL,PWRPETARGXX,,,,2048,,,,,,0.8
AvailabilityFactor,INV,GLOBAL,PWRPETARGXX,,,,2049,,,,,,0.8
AvailabilityFactor,INV,GLOBAL,PWRPETARGXX,,,,2050,,,,,,0.8
AvailabilityFactor,INV,GLOBAL,PWRBIOGTMXX,,,,2023,,,,,,0.5
AvailabilityFactor,INV,GLOBAL,PWRBIOGTMXX,,,,2024,,,,,,0.5
AvailabilityFactor,INV,GLOBAL,PWRBIOGTMXX,,,,2025,,,,,,0.5
AvailabilityFactor,INV,GLOBAL,PWRBIOGTMXX,,,,2026,,,,,,0.5
AvailabilityFactor,INV,GLOBAL,PWRBIOGTMXX,,,,2027,,,,,,0.5
AvailabilityFactor,INV,GLOBAL,PWRBIOGTMXX,,,,2028,,,,,,0.5
AvailabilityFactor,INV,GLOBAL,PWRBIOGTMXX,,,,2029,,,,,,0.5
AvailabilityFactor,INV,GLOBAL,PWRBIOGTMXX,,,,2030,,,,,,0.5
AvailabilityFactor,INV,GLOBAL,PWRBIOGTMXX,,,,2031,,,,,,0.5
AvailabilityFactor,INV,GLOBAL,PWRBIOGTMXX,,,,2032,,,,,,0.5
AvailabilityFactor,INV,GLOBAL,PWRBIOGTMXX,,,,2033,,,,,,0.5
AvailabilityFactor,INV,GLOBAL,PWRBIOGTMXX,,,,2034,,,,,,0.5
AvailabilityFactor,INV,GLOBAL,PWRBIOGTMXX,,,,2035,,,,,,0.5
AvailabilityFactor,INV,GLOBAL,PWRBIOGTMXX,,,,2036,,,,,,0.5
AvailabilityFactor,INV,GLOBAL,PWRBIOGTMXX,,,,2037,,,,,,0.5
AvailabilityFactor,INV,GLOBAL,PWRBIOGTMXX,,,,2038,,,,,,0.5
AvailabilityFactor,INV,GLOBAL,PWRBIOGTMXX,,,,2039,,,,,,0.5
AvailabilityFactor,INV,GLOBAL,PWRBIOGTMXX,,,,2040,,,,,,0.5
AvailabilityFactor,INV,GLOBAL,PWRBIOGTMXX,,,,2041,,,,,,0.5
AvailabilityFactor,INV,GLOBAL,PWRBIOGTMXX,,,,2042,,,,,,0.5
AvailabilityFactor,INV,GLOBAL,PWRBIOGTMXX,,,,2043,,,,,,0.5
AvailabilityFactor,INV,GLOBAL,PWRBIOGTMXX,,,,2044,,,,,,0.5
AvailabilityFactor,INV,GLOBAL,PWRBIOGTMXX,,,,2045,,,,,,0.5
AvailabilityFactor,INV,GLOBAL,PWRBIOGTMXX,,,,2046,,,,,,0.5
AvailabilityFactor,INV,GLOBAL,PWRBIOGTMXX,,,,2047,,,,,,0.5
AvailabilityFactor,INV,GLOBAL,PWRBIOGTMXX,,,,2048,,,,,,0.5
AvailabilityFactor,INV,GLOBAL,PWRBIOGTMXX,,,,2049,,,,,,0.5
AvailabilityFactor,INV,GLOBAL,PWRBIOGTMXX,,,,2050,,,,,,0.5
AvailabilityFactor,INV,GLOBAL,PWROILURYXX,,,,2023,,,,,,0.8
AvailabilityFactor,INV,GLOBAL,PWROILURYXX,,,,2024,,,,,,0.8
AvailabilityFactor,INV,GLOBAL,PWROILURYXX,,,,2025,,,,,,0.8
AvailabilityFactor,INV,GLOBAL,PWROILURYXX,,,,2026,,,,,,0.8
AvailabilityFactor,INV,GLOBAL,PWROILURYXX,,,,2027,,,,,,0.8
AvailabilityFactor,INV,GLOBAL,PWROILURYXX,,,,2028,,,,,,0.8
AvailabilityFactor,INV,GLOBAL,PWROILURYXX,,,,2029,,,,,,0.8
AvailabilityFactor,INV,GLOBAL,PWROILURYXX,,,,2030,,,,,,0.8
AvailabilityFactor,INV,GLOBAL,PWROILURYXX,,,,2031,,,,,,0.8
AvailabilityFactor,INV,GLOBAL,PWROILURYXX,,,,2032,,,,,,0.8
AvailabilityFactor,INV,GLOBAL,PWROILURYXX,,,,2033,,,,,,0.8
AvailabilityFactor,INV,GLOBAL,PWROILURYXX,,,,2034,,,,,,0.8
AvailabilityFactor,INV,GLOBAL,PWROILURYXX,,,,2035,,,,,,0.8
AvailabilityFactor,INV,GLOBAL,PWROILURYXX,,,,2036,,,,,,0.8
AvailabilityFactor,INV,GLOBAL,PWROILURYXX,,,,2037,,,,,,0.8
AvailabilityFactor,INV,GLOBAL,PWROILURYXX,,,,2038,,,,,,0.8
AvailabilityFactor,INV,GLOBAL,PWROILURYXX,,,,2039,,,,,,0.8
AvailabilityFactor,INV,GLOBAL,PWROILURYXX,,,,2040,,,,,,0.8
AvailabilityFactor,INV,GLOBAL,PWROILURYXX,,,,2041,,,,,,0.8
AvailabilityFactor,INV,GLOBAL,PWROILURYXX,,,,2042,,,,,,0.8
AvailabilityFactor,INV,GLOBAL,PWROILURYXX,,,,2043,,,,,,0.8
AvailabilityFactor,INV,GLOBAL,PWROILURYXX,,,,2044,,,,,,0.8
AvailabilityFactor,INV,GLOBAL,PWROILURYXX,,,,2045,,,,,,0.8
AvailabilityFactor,INV,GLOBAL,PWROILURYXX,,,,2046,,,,,,0.8
AvailabilityFactor,INV,GLOBAL,PWROILURYXX,,,,2047,,,,,,0.8
AvailabilityFactor,INV,GLOBAL,PWROILURYXX,,,,2048,,,,,,0.8
AvailabilityFactor,INV,GLOBAL,PWROILURYXX,,,,2049,,,,,,0.8
AvailabilityFactor,INV,GLOBAL,PWROILURYXX,,,,2050,,,,,,0.8
AvailabilityFactor,INV,GLOBAL,PWRPETECUXX,,,,2023,,,,,,0.8
AvailabilityFactor,INV,GLOBAL,PWRPETECUXX,,,,2024,,,,,,0.8
AvailabilityFactor,INV,GLOBAL,PWRPETECUXX,,,,2025,,,,,,0.8
AvailabilityFactor,INV,GLOBAL,PWRPETECUXX,,,,2026,,,,,,0.8
AvailabilityFactor,INV,GLOBAL,PWRPETECUXX,,,,2027,,,,,,0.8
AvailabilityFactor,INV,GLOBAL,PWRPETECUXX,,,,2028,,,,,,0.8
AvailabilityFactor,INV,GLOBAL,PWRPETECUXX,,,,2029,,,,,,0.8
AvailabilityFactor,INV,GLOBAL,PWRPETECUXX,,,,2030,,,,,,0.8
AvailabilityFactor,INV,GLOBAL,PWRPETECUXX,,,,2031,,,,,,0.8
AvailabilityFactor,INV,GLOBAL,PWRPETECUXX,,,,2032,,,,,,0.8
AvailabilityFactor,INV,GLOBAL,PWRPETECUXX,,,,2033,,,,,,0.8
AvailabilityFactor,INV,GLOBAL,PWRPETECUXX,,,,2034,,,,,,0.8
AvailabilityFactor,INV,GLOBAL,PWRPETECUXX,,,,2035,,,,,,0.8
AvailabilityFactor,INV,GLOBAL,PWRPETECUXX,,,,2036,,,,,,0.8
AvailabilityFactor,INV,GLOBAL,PWRPETECUXX,,,,2037,,,,,,0.8
AvailabilityFactor,INV,GLOBAL,PWRPETECUXX,,,,2038,,,,,,0.8
AvailabilityFactor,INV,GLOBAL,PWRPETECUXX,,,,2039,,,,,,0.8
AvailabilityFactor,INV,GLOBAL,PWRPETECUXX,,,,2040,,,,,,0.8
AvailabilityFactor,INV,GLOBAL,PWRPETECUXX,,,,2041,,,,,,0.8
AvailabilityFactor,INV,GLOBAL,PWRPETECUXX,,,,2042,,,,,,0.8
AvailabilityFactor,INV,GLOBAL,PWRPETECUXX,,,,2043,,,,,,0.8
AvailabilityFactor,INV,GLOBAL,PWRPETECUXX,,,,2044,,,,,,0.8
AvailabilityFactor,INV,GLOBAL,PWRPETECUXX,,,,2045,,,,,,0.8
AvailabilityFactor,INV,GLOBAL,PWRPETECUXX,,,,2046,,,,,,0.8
AvailabilityFactor,INV,GLOBAL,PWRPETECUXX,,,,2047,,,,,,0.8
AvailabilityFactor,INV,GLOBAL,PWRPETECUXX,,,,2048,,,,,,0.8
AvailabilityFactor,INV,GLOBAL,PWRPETECUXX,,,,2049,,,,,,0.8
AvailabilityFactor,INV,GLOBAL,PWRPETECUXX,,,,2050,,,,,,0.8
AvailabilityFactor,INV,GLOBAL,PWROTHHNDXX,,,,2023,,,,,,0.8
AvailabilityFactor,INV,GLOBAL,PWROTHHNDXX,,,,2024,,,,,,0.8
AvailabilityFactor,INV,GLOBAL,PWROTHHNDXX,,,,2025,,,,,,0.8
AvailabilityFactor,INV,GLOBAL,PWROTHHNDXX,,,,2026,,,,,,0.8
AvailabilityFactor,INV,GLOBAL,PWROTHHNDXX,,,,2027,,,,,,0.8
AvailabilityFactor,INV,GLOBAL,PWROTHHNDXX,,,,2028,,,,,,0.8
AvailabilityFactor,INV,GLOBAL,PWROTHHNDXX,,,,2029,,,,,,0.8
AvailabilityFactor,INV,GLOBAL,PWROTHHNDXX,,,,2030,,,,,,0.8
AvailabilityFactor,INV,GLOBAL,PWROTHHNDXX,,,,2031,,,,,,0.8
AvailabilityFactor,INV,GLOBAL,PWROTHHNDXX,,,,2032,,,,,,0.8
AvailabilityFactor,INV,GLOBAL,PWROTHHNDXX,,,,2033,,,,,,0.8
AvailabilityFactor,INV,GLOBAL,PWROTHHNDXX,,,,2034,,,,,,0.8
AvailabilityFactor,INV,GLOBAL,PWROTHHNDXX,,,,2035,,,,,,0.8
AvailabilityFactor,INV,GLOBAL,PWROTHHNDXX,,,,2036,,,,,,0.8
AvailabilityFactor,INV,GLOBAL,PWROTHHNDXX,,,,2037,,,,,,0.8
AvailabilityFactor,INV,GLOBAL,PWROTHHNDXX,,,,2038,,,,,,0.8
AvailabilityFactor,INV,GLOBAL,PWROTHHNDXX,,,,2039,,,,,,0.8
AvailabilityFactor,INV,GLOBAL,PWROTHHNDXX,,,,2040,,,,,,0.8
AvailabilityFactor,INV,GLOBAL,PWROTHHNDXX,,,,2041,,,,,,0.8
AvailabilityFactor,INV,GLOBAL,PWROTHHNDXX,,,,2042,,,,,,0.8
AvailabilityFactor,INV,GLOBAL,PWROTHHNDXX,,,,2043,,,,,,0.8
AvailabilityFactor,INV,GLOBAL,PWROTHHNDXX,,,,2044,,,,,,0.8
AvailabilityFactor,INV,GLOBAL,PWROTHHNDXX,,,,2045,,,,,,0.8
AvailabilityFactor,INV,GLOBAL,PWROTHHNDXX,,,,2046,,,,,,0.8
AvailabilityFactor,INV,GLOBAL,PWROTHHNDXX,,,,2047,,,,,,0.8
AvailabilityFactor,INV,GLOBAL,PWROTHHNDXX,,,,2048,,,,,,0.8
AvailabilityFactor,INV,GLOBAL,PWROTHHNDXX,,,,2049,,,,,,0.8
AvailabilityFactor,INV,GLOBAL,PWROTHHNDXX,,,,2050,,,,,,0.8
AvailabilityFactor,INV,GLOBAL,PWROILGTMXX,,,,2023,,,,,,0.8
AvailabilityFactor,INV,GLOBAL,PWROILGTMXX,,,,2024,,,,,,0.8
AvailabilityFactor,INV,GLOBAL,PWROILGTMXX,,,,2025,,,,,,0.8
AvailabilityFactor,INV,GLOBAL,PWROILGTMXX,,,,2026,,,,,,0.8
AvailabilityFactor,INV,GLOBAL,PWROILGTMXX,,,,2027,,,,,,0.8
AvailabilityFactor,INV,GLOBAL,PWROILGTMXX,,,,2028,,,,,,0.8
AvailabilityFactor,INV,GLOBAL,PWROILGTMXX,,,,2029,,,,,,0.8
AvailabilityFactor,INV,GLOBAL,PWROILGTMXX,,,,2030,,,,,,0.8
AvailabilityFactor,INV,GLOBAL,PWROILGTMXX,,,,2031,,,,,,0.8
AvailabilityFactor,INV,GLOBAL,PWROILGTMXX,,,,2032,,,,,,0.8
AvailabilityFactor,INV,GLOBAL,PWROILGTMXX,,,,2033,,,,,,0.8
AvailabilityFactor,INV,GLOBAL,PWROILGTMXX,,,,2034,,,,,,0.8
AvailabilityFactor,INV,GLOBAL,PWROILGTMXX,,,,2035,,,,,,0.8
AvailabilityFactor,INV,GLOBAL,PWROILGTMXX,,,,2036,,,,,,0.8
AvailabilityFactor,INV,GLOBAL,PWROILGTMXX,,,,2037,,,,,,0.8
AvailabilityFactor,INV,GLOBAL,PWROILGTMXX,,,,2038,,,,,,0.8
AvailabilityFactor,INV,GLOBAL,PWROILGTMXX,,,,2039,,,,,,0.8
AvailabilityFactor,INV,GLOBAL,PWROILGTMXX,,,,2040,,,,,,0.8
AvailabilityFactor,INV,GLOBAL,PWROILGTMXX,,,,2041,,,,,,0.8
AvailabilityFactor,INV,GLOBAL,PWROILGTMXX,,,,2042,,,,,,0.8
AvailabilityFactor,INV,GLOBAL,PWROILGTMXX,,,,2043,,,,,,0.8
AvailabilityFactor,INV,GLOBAL,PWROILGTMXX,,,,2044,,,,,,0.8
AvailabilityFactor,INV,GLOBAL,PWROILGTMXX,,,,2045,,,,,,0.8
AvailabilityFactor,INV,GLOBAL,PWROILGTMXX,,,,2046,,,,,,0.8
AvailabilityFactor,INV,GLOBAL,PWROILGTMXX,,,,2047,,,,,,0.8
AvailabilityFactor,INV,GLOBAL,PWROILGTMXX,,,,2048,,,,,,0.8
AvailabilityFactor,INV,GLOBAL,PWROILGTMXX,,,,2049,,,,,,0.8
AvailabilityFactor,INV,GLOBAL,PWROILGTMXX,,,,2050,,,,,,0.8
AvailabilityFactor,INV,GLOBAL,PWROTHBRAXX,,,,2023,,,,,,0.8
AvailabilityFactor,INV,GLOBAL,PWROTHBRAXX,,,,2024,,,,,,0.8
AvailabilityFactor,INV,GLOBAL,PWROTHBRAXX,,,,2025,,,,,,0.8
AvailabilityFactor,INV,GLOBAL,PWROTHBRAXX,,,,2026,,,,,,0.8
AvailabilityFactor,INV,GLOBAL,PWROTHBRAXX,,,,2027,,,,,,0.8
AvailabilityFactor,INV,GLOBAL,PWROTHBRAXX,,,,2028,,,,,,0.8
AvailabilityFactor,INV,GLOBAL,PWROTHBRAXX,,,,2029,,,,,,0.8
AvailabilityFactor,INV,GLOBAL,PWROTHBRAXX,,,,2030,,,,,,0.8
AvailabilityFactor,INV,GLOBAL,PWROTHBRAXX,,,,2031,,,,,,0.8
AvailabilityFactor,INV,GLOBAL,PWROTHBRAXX,,,,2032,,,,,,0.8
AvailabilityFactor,INV,GLOBAL,PWROTHBRAXX,,,,2033,,,,,,0.8
AvailabilityFactor,INV,GLOBAL,PWROTHBRAXX,,,,2034,,,,,,0.8
AvailabilityFactor,INV,GLOBAL,PWROTHBRAXX,,,,2035,,,,,,0.8
AvailabilityFactor,INV,GLOBAL,PWROTHBRAXX,,,,2036,,,,,,0.8
AvailabilityFactor,INV,GLOBAL,PWROTHBRAXX,,,,2037,,,,,,0.8
AvailabilityFactor,INV,GLOBAL,PWROTHBRAXX,,,,2038,,,,,,0.8
AvailabilityFactor,INV,GLOBAL,PWROTHBRAXX,,,,2039,,,,,,0.8
AvailabilityFactor,INV,GLOBAL,PWROTHBRAXX,,,,2040,,,,,,0.8
AvailabilityFactor,INV,GLOBAL,PWROTHBRAXX,,,,2041,,,,,,0.8
AvailabilityFactor,INV,GLOBAL,PWROTHBRAXX,,,,2042,,,,,,0.8
AvailabilityFactor,INV,GLOBAL,PWROTHBRAXX,,,,2043,,,,,,0.8
AvailabilityFactor,INV,GLOBAL,PWROTHBRAXX,,,,2044,,,,,,0.8
AvailabilityFactor,INV,GLOBAL,PWROTHBRAXX,,,,2045,,,,,,0.8
AvailabilityFactor,INV,GLOBAL,PWROTHBRAXX,,,,2046,,,,,,0.8
AvailabilityFactor,INV,GLOBAL,PWROTHBRAXX,,,,2047,,,,,,0.8
AvailabilityFactor,INV,GLOBAL,PWROTHBRAXX,,,,2048,,,,,,0.8
AvailabilityFactor,INV,GLOBAL,PWROTHBRAXX,,,,2049,,,,,,0.8
AvailabilityFactor,INV,GLOBAL,PWROTHBRAXX,,,,2050,,,,,,0.8
AvailabilityFactor,INV,GLOBAL,PWRCCSNICXX,,,,2023,,,,,,0.9
AvailabilityFactor,INV,GLOBAL,PWRCCSNICXX,,,,2024,,,,,,0.9
AvailabilityFactor,INV,GLOBAL,PWRCCSNICXX,,,,2025,,,,,,0.9
AvailabilityFactor,INV,GLOBAL,PWRCCSNICXX,,,,2026,,,,,,0.9
AvailabilityFactor,INV,GLOBAL,PWRCCSNICXX,,,,2027,,,,,,0.9
AvailabilityFactor,INV,GLOBAL,PWRCCSNICXX,,,,2028,,,,,,0.9
AvailabilityFactor,INV,GLOBAL,PWRCCSNICXX,,,,2029,,,,,,0.9
AvailabilityFactor,INV,GLOBAL,PWRCCSNICXX,,,,2030,,,,,,0.9
AvailabilityFactor,INV,GLOBAL,PWRCCSNICXX,,,,2031,,,,,,0.9
AvailabilityFactor,INV,GLOBAL,PWRCCSNICXX,,,,2032,,,,,,0.9
AvailabilityFactor,INV,GLOBAL,PWRCCSNICXX,,,,2033,,,,,,0.9
AvailabilityFactor,INV,GLOBAL,PWRCCSNICXX,,,,2034,,,,,,0.9
AvailabilityFactor,INV,GLOBAL,PWRCCSNICXX,,,,2035,,,,,,0.9
AvailabilityFactor,INV,GLOBAL,PWRCCSNICXX,,,,2036,,,,,,0.9
AvailabilityFactor,INV,GLOBAL,PWRCCSNICXX,,,,2037,,,,,,0.9
AvailabilityFactor,INV,GLOBAL,PWRCCSNICXX,,,,2038,,,,,,0.9
AvailabilityFactor,INV,GLOBAL,PWRCCSNICXX,,,,2039,,,,,,0.9
AvailabilityFactor,INV,GLOBAL,PWRCCSNICXX,,,,2040,,,,,,0.9
AvailabilityFactor,INV,GLOBAL,PWRCCSNICXX,,,,2041,,,,,,0.9
AvailabilityFactor,INV,GLOBAL,PWRCCSNICXX,,,,2042,,,,,,0.9
AvailabilityFactor,INV,GLOBAL,PWRCCSNICXX,,,,2043,,,,,,0.9
AvailabilityFactor,INV,GLOBAL,PWRCCSNICXX,,,,2044,,,,,,0.9
AvailabilityFactor,INV,GLOBAL,PWRCCSNICXX,,,,2045,,,,,,0.9
AvailabilityFactor,INV,GLOBAL,PWRCCSNICXX,,,,2046,,,,,,0.9
AvailabilityFactor,INV,GLOBAL,PWRCCSNICXX,,,,2047,,,,,,0.9
AvailabilityFactor,INV,GLOBAL,PWRCCSNICXX,,,,2048,,,,,,0.9
AvailabilityFactor,INV,GLOBAL,PWRCCSNICXX,,,,2049,,,,,,0.9
AvailabilityFactor,INV,GLOBAL,PWRCCSNICXX,,,,2050,,,,,,0.9
AvailabilityFactor,INV,GLOBAL,PWROTHBOLXX,,,,2023,,,,,,0.8
AvailabilityFactor,INV,GLOBAL,PWROTHBOLXX,,,,2024,,,,,,0.8
AvailabilityFactor,INV,GLOBAL,PWROTHBOLXX,,,,2025,,,,,,0.8
AvailabilityFactor,INV,GLOBAL,PWROTHBOLXX,,,,2026,,,,,,0.8
AvailabilityFactor,INV,GLOBAL,PWROTHBOLXX,,,,2027,,,,,,0.8
AvailabilityFactor,INV,GLOBAL,PWROTHBOLXX,,,,2028,,,,,,0.8
AvailabilityFactor,INV,GLOBAL,PWROTHBOLXX,,,,2029,,,,,,0.8
AvailabilityFactor,INV,GLOBAL,PWROTHBOLXX,,,,2030,,,,,,0.8
AvailabilityFactor,INV,GLOBAL,PWROTHBOLXX,,,,2031,,,,,,0.8
AvailabilityFactor,INV,GLOBAL,PWROTHBOLXX,,,,2032,,,,,,0.8
AvailabilityFactor,INV,GLOBAL,PWROTHBOLXX,,,,2033,,,,,,0.8
AvailabilityFactor,INV,GLOBAL,PWROTHBOLXX,,,,2034,,,,,,0.8
AvailabilityFactor,INV,GLOBAL,PWROTHBOLXX,,,,2035,,,,,,0.8
AvailabilityFactor,INV,GLOBAL,PWROTHBOLXX,,,,2036,,,,,,0.8
AvailabilityFactor,INV,GLOBAL,PWROTHBOLXX,,,,2037,,,,,,0.8
AvailabilityFactor,INV,GLOBAL,PWROTHBOLXX,,,,2038,,,,,,0.8
AvailabilityFactor,INV,GLOBAL,PWROTHBOLXX,,,,2039,,,,,,0.8
AvailabilityFactor,INV,GLOBAL,PWROTHBOLXX,,,,2040,,,,,,0.8
AvailabilityFactor,INV,GLOBAL,PWROTHBOLXX,,,,2041,,,,,,0.8
AvailabilityFactor,INV,GLOBAL,PWROTHBOLXX,,,,2042,,,,,,0.8
AvailabilityFactor,INV,GLOBAL,PWROTHBOLXX,,,,2043,,,,,,0.8
AvailabilityFactor,INV,GLOBAL,PWROTHBOLXX,,,,2044,,,,,,0.8
AvailabilityFactor,INV,GLOBAL,PWROTHBOLXX,,,,2045,,,,,,0.8
AvailabilityFactor,INV,GLOBAL,PWROTHBOLXX,,,,2046,,,,,,0.8
AvailabilityFactor,INV,GLOBAL,PWROTHBOLXX,,,,2047,,,,,,0.8
AvailabilityFactor,INV,GLOBAL,PWROTHBOLXX,,,,2048,,,,,,0.8
AvailabilityFactor,INV,GLOBAL,PWROTHBOLXX,,,,2049,,,,,,0.8
AvailabilityFactor,INV,GLOBAL,PWROTHBOLXX,,,,2050,,,,,,0.8
AvailabilityFactor,INV,GLOBAL,PWROILBOLXX,,,,2023,,,,,,0.8
AvailabilityFactor,INV,GLOBAL,PWROILBOLXX,,,,2024,,,,,,0.8
AvailabilityFactor,INV,GLOBAL,PWROILBOLXX,,,,2025,,,,,,0.8
AvailabilityFactor,INV,GLOBAL,PWROILBOLXX,,,,2026,,,,,,0.8
AvailabilityFactor,INV,GLOBAL,PWROILBOLXX,,,,2027,,,,,,0.8
AvailabilityFactor,INV,GLOBAL,PWROILBOLXX,,,,2028,,,,,,0.8
AvailabilityFactor,INV,GLOBAL,PWROILBOLXX,,,,2029,,,,,,0.8
AvailabilityFactor,INV,GLOBAL,PWROILBOLXX,,,,2030,,,,,,0.8
AvailabilityFactor,INV,GLOBAL,PWROILBOLXX,,,,2031,,,,,,0.8
AvailabilityFactor,INV,GLOBAL,PWROILBOLXX,,,,2032,,,,,,0.8
AvailabilityFactor,INV,GLOBAL,PWROILBOLXX,,,,2033,,,,,,0.8
AvailabilityFactor,INV,GLOBAL,PWROILBOLXX,,,,2034,,,,,,0.8
AvailabilityFactor,INV,GLOBAL,PWROILBOLXX,,,,2035,,,,,,0.8
AvailabilityFactor,INV,GLOBAL,PWROILBOLXX,,,,2036,,,,,,0.8
AvailabilityFactor,INV,GLOBAL,PWROILBOLXX,,,,2037,,,,,,0.8
AvailabilityFactor,INV,GLOBAL,PWROILBOLXX,,,,2038,,,,,,0.8
AvailabilityFactor,INV,GLOBAL,PWROILBOLXX,,,,2039,,,,,,0.8
AvailabilityFactor,INV,GLOBAL,PWROILBOLXX,,,,2040,,,,,,0.8
AvailabilityFactor,INV,GLOBAL,PWROILBOLXX,,,,2041,,,,,,0.8
AvailabilityFactor,INV,GLOBAL,PWROILBOLXX,,,,2042,,,,,,0.8
AvailabilityFactor,INV,GLOBAL,PWROILBOLXX,,,,2043,,,,,,0.8
AvailabilityFactor,INV,GLOBAL,PWROILBOLXX,,,,2044,,,,,,0.8
AvailabilityFactor,INV,GLOBAL,PWROILBOLXX,,,,2045,,,,,,0.8
AvailabilityFactor,INV,GLOBAL,PWROILBOLXX,,,,2046,,,,,,0.8
AvailabilityFactor,INV,GLOBAL,PWROILBOLXX,,,,2047,,,,,,0.8
AvailabilityFactor,INV,GLOBAL,PWROILBOLXX,,,,2048,,,,,,0.8
AvailabilityFactor,INV,GLOBAL,PWROILBOLXX,,,,2049,,,,,,0.8
AvailabilityFactor,INV,GLOBAL,PWROILBOLXX,,,,2050,,,,,,0.8
AvailabilityFactor,INV,GLOBAL,PWRCCSDOMXX,,,,2023,,,,,,0.9
AvailabilityFactor,INV,GLOBAL,PWRCCSDOMXX,,,,2024,,,,,,0.9
AvailabilityFactor,INV,GLOBAL,PWRCCSDOMXX,,,,2025,,,,,,0.9
AvailabilityFactor,INV,GLOBAL,PWRCCSDOMXX,,,,2026,,,,,,0.9
AvailabilityFactor,INV,GLOBAL,PWRCCSDOMXX,,,,2027,,,,,,0.9
AvailabilityFactor,INV,GLOBAL,PWRCCSDOMXX,,,,2028,,,,,,0.9
AvailabilityFactor,INV,GLOBAL,PWRCCSDOMXX,,,,2029,,,,,,0.9
AvailabilityFactor,INV,GLOBAL,PWRCCSDOMXX,,,,2030,,,,,,0.9
AvailabilityFactor,INV,GLOBAL,PWRCCSDOMXX,,,,2031,,,,,,0.9
AvailabilityFactor,INV,GLOBAL,PWRCCSDOMXX,,,,2032,,,,,,0.9
AvailabilityFactor,INV,GLOBAL,PWRCCSDOMXX,,,,2033,,,,,,0.9
AvailabilityFactor,INV,GLOBAL,PWRCCSDOMXX,,,,2034,,,,,,0.9
AvailabilityFactor,INV,GLOBAL,PWRCCSDOMXX,,,,2035,,,,,,0.9
AvailabilityFactor,INV,GLOBAL,PWRCCSDOMXX,,,,2036,,,,,,0.9
AvailabilityFactor,INV,GLOBAL,PWRCCSDOMXX,,,,2037,,,,,,0.9
AvailabilityFactor,INV,GLOBAL,PWRCCSDOMXX,,,,2038,,,,,,0.9
AvailabilityFactor,INV,GLOBAL,PWRCCSDOMXX,,,,2039,,,,,,0.9
AvailabilityFactor,INV,GLOBAL,PWRCCSDOMXX,,,,2040,,,,,,0.9
AvailabilityFactor,INV,GLOBAL,PWRCCSDOMXX,,,,2041,,,,,,0.9
AvailabilityFactor,INV,GLOBAL,PWRCCSDOMXX,,,,2042,,,,,,0.9
AvailabilityFactor,INV,GLOBAL,PWRCCSDOMXX,,,,2043,,,,,,0.9
AvailabilityFactor,INV,GLOBAL,PWRCCSDOMXX,,,,2044,,,,,,0.9
AvailabilityFactor,INV,GLOBAL,PWRCCSDOMXX,,,,2045,,,,,,0.9
AvailabilityFactor,INV,GLOBAL,PWRCCSDOMXX,,,,2046,,,,,,0.9
AvailabilityFactor,INV,GLOBAL,PWRCCSDOMXX,,,,2047,,,,,,0.9
AvailabilityFactor,INV,GLOBAL,PWRCCSDOMXX,,,,2048,,,,,,0.9
AvailabilityFactor,INV,GLOBAL,PWRCCSDOMXX,,,,2049,,,,,,0.9
AvailabilityFactor,INV,GLOBAL,PWRCCSDOMXX,,,,2050,,,,,,0.9
AvailabilityFactor,INV,GLOBAL,PWRCOGCHLXX,,,,2023,,,,,,0.8
AvailabilityFactor,INV,GLOBAL,PWRCOGCHLXX,,,,2024,,,,,,0.8
AvailabilityFactor,INV,GLOBAL,PWRCOGCHLXX,,,,2025,,,,,,0.8
AvailabilityFactor,INV,GLOBAL,PWRCOGCHLXX,,,,2026,,,,,,0.8
AvailabilityFactor,INV,GLOBAL,PWRCOGCHLXX,,,,2027,,,,,,0.8
AvailabilityFactor,INV,GLOBAL,PWRCOGCHLXX,,,,2028,,,,,,0.8
AvailabilityFactor,INV,GLOBAL,PWRCOGCHLXX,,,,2029,,,,,,0.8
AvailabilityFactor,INV,GLOBAL,PWRCOGCHLXX,,,,2030,,,,,,0.8
AvailabilityFactor,INV,GLOBAL,PWRCOGCHLXX,,,,2031,,,,,,0.8
AvailabilityFactor,INV,GLOBAL,PWRCOGCHLXX,,,,2032,,,,,,0.8
AvailabilityFactor,INV,GLOBAL,PWRCOGCHLXX,,,,2033,,,,,,0.8
AvailabilityFactor,INV,GLOBAL,PWRCOGCHLXX,,,,2034,,,,,,0.8
AvailabilityFactor,INV,GLOBAL,PWRCOGCHLXX,,,,2035,,,,,,0.8
AvailabilityFactor,INV,GLOBAL,PWRCOGCHLXX,,,,2036,,,,,,0.8
AvailabilityFactor,INV,GLOBAL,PWRCOGCHLXX,,,,2037,,,,,,0.8
AvailabilityFactor,INV,GLOBAL,PWRCOGCHLXX,,,,2038,,,,,,0.8
AvailabilityFactor,INV,GLOBAL,PWRCOGCHLXX,,,,2039,,,,,,0.8
AvailabilityFactor,INV,GLOBAL,PWRCOGCHLXX,,,,2040,,,,,,0.8
AvailabilityFactor,INV,GLOBAL,PWRCOGCHLXX,,,,2041,,,,,,0.8
AvailabilityFactor,INV,GLOBAL,PWRCOGCHLXX,,,,2042,,,,,,0.8
AvailabilityFactor,INV,GLOBAL,PWRCOGCHLXX,,,,2043,,,,,,0.8
AvailabilityFactor,INV,GLOBAL,PWRCOGCHLXX,,,,2044,,,,,,0.8
AvailabilityFactor,INV,GLOBAL,PWRCOGCHLXX,,,,2045,,,,,,0.8
AvailabilityFactor,INV,GLOBAL,PWRCOGCHLXX,,,,2046,,,,,,0.8
AvailabilityFactor,INV,GLOBAL,PWRCOGCHLXX,,,,2047,,,,,,0.8
AvailabilityFactor,INV,GLOBAL,PWRCOGCHLXX,,,,2048,,,,,,0.8
AvailabilityFactor,INV,GLOBAL,PWRCOGCHLXX,,,,2049,,,,,,0.8
AvailabilityFactor,INV,GLOBAL,PWRCOGCHLXX,,,,2050,,,,,,0.8
AvailabilityFactor,INV,GLOBAL,PWRURNDOMXX,,,,2023,,,,,,0.9
AvailabilityFactor,INV,GLOBAL,PWRURNDOMXX,,,,2024,,,,,,0.9
AvailabilityFactor,INV,GLOBAL,PWRURNDOMXX,,,,2025,,,,,,0.9
AvailabilityFactor,INV,GLOBAL,PWRURNDOMXX,,,,2026,,,,,,0.9
AvailabilityFactor,INV,GLOBAL,PWRURNDOMXX,,,,2027,,,,,,0.9
AvailabilityFactor,INV,GLOBAL,PWRURNDOMXX,,,,2028,,,,,,0.9
AvailabilityFactor,INV,GLOBAL,PWRURNDOMXX,,,,2029,,,,,,0.9
AvailabilityFactor,INV,GLOBAL,PWRURNDOMXX,,,,2030,,,,,,0.9
AvailabilityFactor,INV,GLOBAL,PWRURNDOMXX,,,,2031,,,,,,0.9
AvailabilityFactor,INV,GLOBAL,PWRURNDOMXX,,,,2032,,,,,,0.9
AvailabilityFactor,INV,GLOBAL,PWRURNDOMXX,,,,2033,,,,,,0.9
AvailabilityFactor,INV,GLOBAL,PWRURNDOMXX,,,,2034,,,,,,0.9
AvailabilityFactor,INV,GLOBAL,PWRURNDOMXX,,,,2035,,,,,,0.9
AvailabilityFactor,INV,GLOBAL,PWRURNDOMXX,,,,2036,,,,,,0.9
AvailabilityFactor,INV,GLOBAL,PWRURNDOMXX,,,,2037,,,,,,0.9
AvailabilityFactor,INV,GLOBAL,PWRURNDOMXX,,,,2038,,,,,,0.9
AvailabilityFactor,INV,GLOBAL,PWRURNDOMXX,,,,2039,,,,,,0.9
AvailabilityFactor,INV,GLOBAL,PWRURNDOMXX,,,,2040,,,,,,0.9
AvailabilityFactor,INV,GLOBAL,PWRURNDOMXX,,,,2041,,,,,,0.9
AvailabilityFactor,INV,GLOBAL,PWRURNDOMXX,,,,2042,,,,,,0.9
AvailabilityFactor,INV,GLOBAL,PWRURNDOMXX,,,,2043,,,,,,0.9
AvailabilityFactor,INV,GLOBAL,PWRURNDOMXX,,,,2044,,,,,,0.9
AvailabilityFactor,INV,GLOBAL,PWRURNDOMXX,,,,2045,,,,,,0.9
AvailabilityFactor,INV,GLOBAL,PWRURNDOMXX,,,,2046,,,,,,0.9
AvailabilityFactor,INV,GLOBAL,PWRURNDOMXX,,,,2047,,,,,,0.9
AvailabilityFactor,INV,GLOBAL,PWRURNDOMXX,,,,2048,,,,,,0.9
AvailabilityFactor,INV,GLOBAL,PWRURNDOMXX,,,,2049,,,,,,0.9
AvailabilityFactor,INV,GLOBAL,PWRURNDOMXX,,,,2050,,,,,,0.9
AvailabilityFactor,INV,GLOBAL,PWRWOFCHLXX,,,,2023,,,,,,0.9
AvailabilityFactor,INV,GLOBAL,PWRWOFCHLXX,,,,2024,,,,,,0.9
AvailabilityFactor,INV,GLOBAL,PWRWOFCHLXX,,,,2025,,,,,,0.9
AvailabilityFactor,INV,GLOBAL,PWRWOFCHLXX,,,,2026,,,,,,0.9
AvailabilityFactor,INV,GLOBAL,PWRWOFCHLXX,,,,2027,,,,,,0.9
AvailabilityFactor,INV,GLOBAL,PWRWOFCHLXX,,,,2028,,,,,,0.9
AvailabilityFactor,INV,GLOBAL,PWRWOFCHLXX,,,,2029,,,,,,0.9
AvailabilityFactor,INV,GLOBAL,PWRWOFCHLXX,,,,2030,,,,,,0.9
AvailabilityFactor,INV,GLOBAL,PWRWOFCHLXX,,,,2031,,,,,,0.9
AvailabilityFactor,INV,GLOBAL,PWRWOFCHLXX,,,,2032,,,,,,0.9
AvailabilityFactor,INV,GLOBAL,PWRWOFCHLXX,,,,2033,,,,,,0.9
AvailabilityFactor,INV,GLOBAL,PWRWOFCHLXX,,,,2034,,,,,,0.9
AvailabilityFactor,INV,GLOBAL,PWRWOFCHLXX,,,,2035,,,,,,0.9
AvailabilityFactor,INV,GLOBAL,PWRWOFCHLXX,,,,2036,,,,,,0.9
AvailabilityFactor,INV,GLOBAL,PWRWOFCHLXX,,,,2037,,,,,,0.9
AvailabilityFactor,INV,GLOBAL,PWRWOFCHLXX,,,,2038,,,,,,0.9
AvailabilityFactor,INV,GLOBAL,PWRWOFCHLXX,,,,2039,,,,,,0.9
AvailabilityFactor,INV,GLOBAL,PWRWOFCHLXX,,,,2040,,,,,,0.9
AvailabilityFactor,INV,GLOBAL,PWRWOFCHLXX,,,,2041,,,,,,0.9
AvailabilityFactor,INV,GLOBAL,PWRWOFCHLXX,,,,2042,,,,,,0.9
AvailabilityFactor,INV,GLOBAL,PWRWOFCHLXX,,,,2043,,,,,,0.9
AvailabilityFactor,INV,GLOBAL,PWRWOFCHLXX,,,,2044,,,,,,0.9
AvailabilityFactor,INV,GLOBAL,PWRWOFCHLXX,,,,2045,,,,,,0.9
AvailabilityFactor,INV,GLOBAL,PWRWOFCHLXX,,,,2046,,,,,,0.9
AvailabilityFactor,INV,GLOBAL,PWRWOFCHLXX,,,,2047,,,,,,0.9
AvailabilityFactor,INV,GLOBAL,PWRWOFCHLXX,,,,2048,,,,,,0.9
AvailabilityFactor,INV,GLOBAL,PWRWOFCHLXX,,,,2049,,,,,,0.9
AvailabilityFactor,INV,GLOBAL,PWRWOFCHLXX,,,,2050,,,,,,0.9
AvailabilityFactor,INV,GLOBAL,PWRCCSHTIXX,,,,2023,,,,,,0.9
AvailabilityFactor,INV,GLOBAL,PWRCCSHTIXX,,,,2024,,,,,,0.9
AvailabilityFactor,INV,GLOBAL,PWRCCSHTIXX,,,,2025,,,,,,0.9
AvailabilityFactor,INV,GLOBAL,PWRCCSHTIXX,,,,2026,,,,,,0.9
AvailabilityFactor,INV,GLOBAL,PWRCCSHTIXX,,,,2027,,,,,,0.9
AvailabilityFactor,INV,GLOBAL,PWRCCSHTIXX,,,,2028,,,,,,0.9
AvailabilityFactor,INV,GLOBAL,PWRCCSHTIXX,,,,2029,,,,,,0.9
AvailabilityFactor,INV,GLOBAL,PWRCCSHTIXX,,,,2030,,,,,,0.9
AvailabilityFactor,INV,GLOBAL,PWRCCSHTIXX,,,,2031,,,,,,0.9
AvailabilityFactor,INV,GLOBAL,PWRCCSHTIXX,,,,2032,,,,,,0.9
AvailabilityFactor,INV,GLOBAL,PWRCCSHTIXX,,,,2033,,,,,,0.9
AvailabilityFactor,INV,GLOBAL,PWRCCSHTIXX,,,,2034,,,,,,0.9
AvailabilityFactor,INV,GLOBAL,PWRCCSHTIXX,,,,2035,,,,,,0.9
AvailabilityFactor,INV,GLOBAL,PWRCCSHTIXX,,,,2036,,,,,,0.9
AvailabilityFactor,INV,GLOBAL,PWRCCSHTIXX,,,,2037,,,,,,0.9
AvailabilityFactor,INV,GLOBAL,PWRCCSHTIXX,,,,2038,,,,,,0.9
AvailabilityFactor,INV,GLOBAL,PWRCCSHTIXX,,,,2039,,,,,,0.9
AvailabilityFactor,INV,GLOBAL,PWRCCSHTIXX,,,,2040,,,,,,0.9
AvailabilityFactor,INV,GLOBAL,PWRCCSHTIXX,,,,2041,,,,,,0.9
AvailabilityFactor,INV,GLOBAL,PWRCCSHTIXX,,,,2042,,,,,,0.9
AvailabilityFactor,INV,GLOBAL,PWRCCSHTIXX,,,,2043,,,,,,0.9
AvailabilityFactor,INV,GLOBAL,PWRCCSHTIXX,,,,2044,,,,,,0.9
AvailabilityFactor,INV,GLOBAL,PWRCCSHTIXX,,,,2045,,,,,,0.9
AvailabilityFactor,INV,GLOBAL,PWRCCSHTIXX,,,,2046,,,,,,0.9
AvailabilityFactor,INV,GLOBAL,PWRCCSHTIXX,,,,2047,,,,,,0.9
AvailabilityFactor,INV,GLOBAL,PWRCCSHTIXX,,,,2048,,,,,,0.9
AvailabilityFactor,INV,GLOBAL,PWRCCSHTIXX,,,,2049,,,,,,0.9
AvailabilityFactor,INV,GLOBAL,PWRCCSHTIXX,,,,2050,,,,,,0.9
AvailabilityFactor,INV,GLOBAL,PWRCOGNICXX,,,,2023,,,,,,0.8
AvailabilityFactor,INV,GLOBAL,PWRCOGNICXX,,,,2024,,,,,,0.8
AvailabilityFactor,INV,GLOBAL,PWRCOGNICXX,,,,2025,,,,,,0.8
AvailabilityFactor,INV,GLOBAL,PWRCOGNICXX,,,,2026,,,,,,0.8
AvailabilityFactor,INV,GLOBAL,PWRCOGNICXX,,,,2027,,,,,,0.8
AvailabilityFactor,INV,GLOBAL,PWRCOGNICXX,,,,2028,,,,,,0.8
AvailabilityFactor,INV,GLOBAL,PWRCOGNICXX,,,,2029,,,,,,0.8
AvailabilityFactor,INV,GLOBAL,PWRCOGNICXX,,,,2030,,,,,,0.8
AvailabilityFactor,INV,GLOBAL,PWRCOGNICXX,,,,2031,,,,,,0.8
AvailabilityFactor,INV,GLOBAL,PWRCOGNICXX,,,,2032,,,,,,0.8
AvailabilityFactor,INV,GLOBAL,PWRCOGNICXX,,,,2033,,,,,,0.8
AvailabilityFactor,INV,GLOBAL,PWRCOGNICXX,,,,2034,,,,,,0.8
AvailabilityFactor,INV,GLOBAL,PWRCOGNICXX,,,,2035,,,,,,0.8
AvailabilityFactor,INV,GLOBAL,PWRCOGNICXX,,,,2036,,,,,,0.8
AvailabilityFactor,INV,GLOBAL,PWRCOGNICXX,,,,2037,,,,,,0.8
AvailabilityFactor,INV,GLOBAL,PWRCOGNICXX,,,,2038,,,,,,0.8
AvailabilityFactor,INV,GLOBAL,PWRCOGNICXX,,,,2039,,,,,,0.8
AvailabilityFactor,INV,GLOBAL,PWRCOGNICXX,,,,2040,,,,,,0.8
AvailabilityFactor,INV,GLOBAL,PWRCOGNICXX,,,,2041,,,,,,0.8
AvailabilityFactor,INV,GLOBAL,PWRCOGNICXX,,,,2042,,,,,,0.8
AvailabilityFactor,INV,GLOBAL,PWRCOGNICXX,,,,2043,,,,,,0.8
AvailabilityFactor,INV,GLOBAL,PWRCOGNICXX,,,,2044,,,,,,0.8
AvailabilityFactor,INV,GLOBAL,PWRCOGNICXX,,,,2045,,,,,,0.8
AvailabilityFactor,INV,GLOBAL,PWRCOGNICXX,,,,2046,,,,,,0.8
AvailabilityFactor,INV,GLOBAL,PWRCOGNICXX,,,,2047,,,,,,0.8
AvailabilityFactor,INV,GLOBAL,PWRCOGNICXX,,,,2048,,,,,,0.8
AvailabilityFactor,INV,GLOBAL,PWRCOGNICXX,,,,2049,,,,,,0.8
AvailabilityFactor,INV,GLOBAL,PWRCOGNICXX,,,,2050,,,,,,0.8
AvailabilityFactor,INV,GLOBAL,PWRSPVHTIXX,,,,2023,,,,,,0.9
AvailabilityFactor,INV,GLOBAL,PWRSPVHTIXX,,,,2024,,,,,,0.9
AvailabilityFactor,INV,GLOBAL,PWRSPVHTIXX,,,,2025,,,,,,0.9
AvailabilityFactor,INV,GLOBAL,PWRSPVHTIXX,,,,2026,,,,,,0.9
AvailabilityFactor,INV,GLOBAL,PWRSPVHTIXX,,,,2027,,,,,,0.9
AvailabilityFactor,INV,GLOBAL,PWRSPVHTIXX,,,,2028,,,,,,0.9
AvailabilityFactor,INV,GLOBAL,PWRSPVHTIXX,,,,2029,,,,,,0.9
AvailabilityFactor,INV,GLOBAL,PWRSPVHTIXX,,,,2030,,,,,,0.9
AvailabilityFactor,INV,GLOBAL,PWRSPVHTIXX,,,,2031,,,,,,0.9
AvailabilityFactor,INV,GLOBAL,PWRSPVHTIXX,,,,2032,,,,,,0.9
AvailabilityFactor,INV,GLOBAL,PWRSPVHTIXX,,,,2033,,,,,,0.9
AvailabilityFactor,INV,GLOBAL,PWRSPVHTIXX,,,,2034,,,,,,0.9
AvailabilityFactor,INV,GLOBAL,PWRSPVHTIXX,,,,2035,,,,,,0.9
AvailabilityFactor,INV,GLOBAL,PWRSPVHTIXX,,,,2036,,,,,,0.9
AvailabilityFactor,INV,GLOBAL,PWRSPVHTIXX,,,,2037,,,,,,0.9
AvailabilityFactor,INV,GLOBAL,PWRSPVHTIXX,,,,2038,,,,,,0.9
AvailabilityFactor,INV,GLOBAL,PWRSPVHTIXX,,,,2039,,,,,,0.9
AvailabilityFactor,INV,GLOBAL,PWRSPVHTIXX,,,,2040,,,,,,0.9
AvailabilityFactor,INV,GLOBAL,PWRSPVHTIXX,,,,2041,,,,,,0.9
AvailabilityFactor,INV,GLOBAL,PWRSPVHTIXX,,,,2042,,,,,,0.9
AvailabilityFactor,INV,GLOBAL,PWRSPVHTIXX,,,,2043,,,,,,0.9
AvailabilityFactor,INV,GLOBAL,PWRSPVHTIXX,,,,2044,,,,,,0.9
AvailabilityFactor,INV,GLOBAL,PWRSPVHTIXX,,,,2045,,,,,,0.9
AvailabilityFactor,INV,GLOBAL,PWRSPVHTIXX,,,,2046,,,,,,0.9
AvailabilityFactor,INV,GLOBAL,PWRSPVHTIXX,,,,2047,,,,,,0.9
AvailabilityFactor,INV,GLOBAL,PWRSPVHTIXX,,,,2048,,,,,,0.9
AvailabilityFactor,INV,GLOBAL,PWRSPVHTIXX,,,,2049,,,,,,0.9
AvailabilityFactor,INV,GLOBAL,PWRSPVHTIXX,,,,2050,,,,,,0.9
AvailabilityFactor,INV,GLOBAL,PWROTHSLVXX,,,,2023,,,,,,0.8
AvailabilityFactor,INV,GLOBAL,PWROTHSLVXX,,,,2024,,,,,,0.8
AvailabilityFactor,INV,GLOBAL,PWROTHSLVXX,,,,2025,,,,,,0.8
AvailabilityFactor,INV,GLOBAL,PWROTHSLVXX,,,,2026,,,,,,0.8
AvailabilityFactor,INV,GLOBAL,PWROTHSLVXX,,,,2027,,,,,,0.8
AvailabilityFactor,INV,GLOBAL,PWROTHSLVXX,,,,2028,,,,,,0.8
AvailabilityFactor,INV,GLOBAL,PWROTHSLVXX,,,,2029,,,,,,0.8
AvailabilityFactor,INV,GLOBAL,PWROTHSLVXX,,,,2030,,,,,,0.8
AvailabilityFactor,INV,GLOBAL,PWROTHSLVXX,,,,2031,,,,,,0.8
AvailabilityFactor,INV,GLOBAL,PWROTHSLVXX,,,,2032,,,,,,0.8
AvailabilityFactor,INV,GLOBAL,PWROTHSLVXX,,,,2033,,,,,,0.8
AvailabilityFactor,INV,GLOBAL,PWROTHSLVXX,,,,2034,,,,,,0.8
AvailabilityFactor,INV,GLOBAL,PWROTHSLVXX,,,,2035,,,,,,0.8
AvailabilityFactor,INV,GLOBAL,PWROTHSLVXX,,,,2036,,,,,,0.8
AvailabilityFactor,INV,GLOBAL,PWROTHSLVXX,,,,2037,,,,,,0.8
AvailabilityFactor,INV,GLOBAL,PWROTHSLVXX,,,,2038,,,,,,0.8
AvailabilityFactor,INV,GLOBAL,PWROTHSLVXX,,,,2039,,,,,,0.8
AvailabilityFactor,INV,GLOBAL,PWROTHSLVXX,,,,2040,,,,,,0.8
AvailabilityFactor,INV,GLOBAL,PWROTHSLVXX,,,,2041,,,,,,0.8
AvailabilityFactor,INV,GLOBAL,PWROTHSLVXX,,,,2042,,,,,,0.8
AvailabilityFactor,INV,GLOBAL,PWROTHSLVXX,,,,2043,,,,,,0.8
AvailabilityFactor,INV,GLOBAL,PWROTHSLVXX,,,,2044,,,,,,0.8
AvailabilityFactor,INV,GLOBAL,PWROTHSLVXX,,,,2045,,,,,,0.8
AvailabilityFactor,INV,GLOBAL,PWROTHSLVXX,,,,2046,,,,,,0.8
AvailabilityFactor,INV,GLOBAL,PWROTHSLVXX,,,,2047,,,,,,0.8
AvailabilityFactor,INV,GLOBAL,PWROTHSLVXX,,,,2048,,,,,,0.8
AvailabilityFactor,INV,GLOBAL,PWROTHSLVXX,,,,2049,,,,,,0.8
AvailabilityFactor,INV,GLOBAL,PWROTHSLVXX,,,,2050,,,,,,0.8
AvailabilityFactor,INV,GLOBAL,PWRCOAPERXX,,,,2023,,,,,,0.9
AvailabilityFactor,INV,GLOBAL,PWRCOAPERXX,,,,2024,,,,,,0.9
AvailabilityFactor,INV,GLOBAL,PWRCOAPERXX,,,,2025,,,,,,0.9
AvailabilityFactor,INV,GLOBAL,PWRCOAPERXX,,,,2026,,,,,,0.9
AvailabilityFactor,INV,GLOBAL,PWRCOAPERXX,,,,2027,,,,,,0.9
AvailabilityFactor,INV,GLOBAL,PWRCOAPERXX,,,,2028,,,,,,0.9
AvailabilityFactor,INV,GLOBAL,PWRCOAPERXX,,,,2029,,,,,,0.9
AvailabilityFactor,INV,GLOBAL,PWRCOAPERXX,,,,2030,,,,,,0.9
AvailabilityFactor,INV,GLOBAL,PWRCOAPERXX,,,,2031,,,,,,0.9
AvailabilityFactor,INV,GLOBAL,PWRCOAPERXX,,,,2032,,,,,,0.9
AvailabilityFactor,INV,GLOBAL,PWRCOAPERXX,,,,2033,,,,,,0.9
AvailabilityFactor,INV,GLOBAL,PWRCOAPERXX,,,,2034,,,,,,0.9
AvailabilityFactor,INV,GLOBAL,PWRCOAPERXX,,,,2035,,,,,,0.9
AvailabilityFactor,INV,GLOBAL,PWRCOAPERXX,,,,2036,,,,,,0.9
AvailabilityFactor,INV,GLOBAL,PWRCOAPERXX,,,,2037,,,,,,0.9
AvailabilityFactor,INV,GLOBAL,PWRCOAPERXX,,,,2038,,,,,,0.9
AvailabilityFactor,INV,GLOBAL,PWRCOAPERXX,,,,2039,,,,,,0.9
AvailabilityFactor,INV,GLOBAL,PWRCOAPERXX,,,,2040,,,,,,0.9
AvailabilityFactor,INV,GLOBAL,PWRCOAPERXX,,,,2041,,,,,,0.9
AvailabilityFactor,INV,GLOBAL,PWRCOAPERXX,,,,2042,,,,,,0.9
AvailabilityFactor,INV,GLOBAL,PWRCOAPERXX,,,,2043,,,,,,0.9
AvailabilityFactor,INV,GLOBAL,PWRCOAPERXX,,,,2044,,,,,,0.9
AvailabilityFactor,INV,GLOBAL,PWRCOAPERXX,,,,2045,,,,,,0.9
AvailabilityFactor,INV,GLOBAL,PWRCOAPERXX,,,,2046,,,,,,0.9
AvailabilityFactor,INV,GLOBAL,PWRCOAPERXX,,,,2047,,,,,,0.9
AvailabilityFactor,INV,GLOBAL,PWRCOAPERXX,,,,2048,,,,,,0.9
AvailabilityFactor,INV,GLOBAL,PWRCOAPERXX,,,,2049,,,,,,0.9
AvailabilityFactor,INV,GLOBAL,PWRCOAPERXX,,,,2050,,,,,,0.9
AvailabilityFactor,INV,GLOBAL,PWRURNHNDXX,,,,2023,,,,,,0.9
AvailabilityFactor,INV,GLOBAL,PWRURNHNDXX,,,,2024,,,,,,0.9
AvailabilityFactor,INV,GLOBAL,PWRURNHNDXX,,,,2025,,,,,,0.9
AvailabilityFactor,INV,GLOBAL,PWRURNHNDXX,,,,2026,,,,,,0.9
AvailabilityFactor,INV,GLOBAL,PWRURNHNDXX,,,,2027,,,,,,0.9
AvailabilityFactor,INV,GLOBAL,PWRURNHNDXX,,,,2028,,,,,,0.9
AvailabilityFactor,INV,GLOBAL,PWRURNHNDXX,,,,2029,,,,,,0.9
AvailabilityFactor,INV,GLOBAL,PWRURNHNDXX,,,,2030,,,,,,0.9
AvailabilityFactor,INV,GLOBAL,PWRURNHNDXX,,,,2031,,,,,,0.9
AvailabilityFactor,INV,GLOBAL,PWRURNHNDXX,,,,2032,,,,,,0.9
AvailabilityFactor,INV,GLOBAL,PWRURNHNDXX,,,,2033,,,,,,0.9
AvailabilityFactor,INV,GLOBAL,PWRURNHNDXX,,,,2034,,,,,,0.9
AvailabilityFactor,INV,GLOBAL,PWRURNHNDXX,,,,2035,,,,,,0.9
AvailabilityFactor,INV,GLOBAL,PWRURNHNDXX,,,,2036,,,,,,0.9
AvailabilityFactor,INV,GLOBAL,PWRURNHNDXX,,,,2037,,,,,,0.9
AvailabilityFactor,INV,GLOBAL,PWRURNHNDXX,,,,2038,,,,,,0.9
AvailabilityFactor,INV,GLOBAL,PWRURNHNDXX,,,,2039,,,,,,0.9
AvailabilityFactor,INV,GLOBAL,PWRURNHNDXX,,,,2040,,,,,,0.9
AvailabilityFactor,INV,GLOBAL,PWRURNHNDXX,,,,2041,,,,,,0.9
AvailabilityFactor,INV,GLOBAL,PWRURNHNDXX,,,,2042,,,,,,0.9
AvailabilityFactor,INV,GLOBAL,PWRURNHNDXX,,,,2043,,,,,,0.9
AvailabilityFactor,INV,GLOBAL,PWRURNHNDXX,,,,2044,,,,,,0.9
AvailabilityFactor,INV,GLOBAL,PWRURNHNDXX,,,,2045,,,,,,0.9
AvailabilityFactor,INV,GLOBAL,PWRURNHNDXX,,,,2046,,,,,,0.9
AvailabilityFactor,INV,GLOBAL,PWRURNHNDXX,,,,2047,,,,,,0.9
AvailabilityFactor,INV,GLOBAL,PWRURNHNDXX,,,,2048,,,,,,0.9
AvailabilityFactor,INV,GLOBAL,PWRURNHNDXX,,,,2049,,,,,,0.9
AvailabilityFactor,INV,GLOBAL,PWRURNHNDXX,,,,2050,,,,,,0.9
AvailabilityFactor,INV,GLOBAL,PWRWONARGXX,,,,2023,,,,,,0.9
AvailabilityFactor,INV,GLOBAL,PWRWONARGXX,,,,2024,,,,,,0.9
AvailabilityFactor,INV,GLOBAL,PWRWONARGXX,,,,2025,,,,,,0.9
AvailabilityFactor,INV,GLOBAL,PWRWONARGXX,,,,2026,,,,,,0.9
AvailabilityFactor,INV,GLOBAL,PWRWONARGXX,,,,2027,,,,,,0.9
AvailabilityFactor,INV,GLOBAL,PWRWONARGXX,,,,2028,,,,,,0.9
AvailabilityFactor,INV,GLOBAL,PWRWONARGXX,,,,2029,,,,,,0.9
AvailabilityFactor,INV,GLOBAL,PWRWONARGXX,,,,2030,,,,,,0.9
AvailabilityFactor,INV,GLOBAL,PWRWONARGXX,,,,2031,,,,,,0.9
AvailabilityFactor,INV,GLOBAL,PWRWONARGXX,,,,2032,,,,,,0.9
AvailabilityFactor,INV,GLOBAL,PWRWONARGXX,,,,2033,,,,,,0.9
AvailabilityFactor,INV,GLOBAL,PWRWONARGXX,,,,2034,,,,,,0.9
AvailabilityFactor,INV,GLOBAL,PWRWONARGXX,,,,2035,,,,,,0.9
AvailabilityFactor,INV,GLOBAL,PWRWONARGXX,,,,2036,,,,,,0.9
AvailabilityFactor,INV,GLOBAL,PWRWONARGXX,,,,2037,,,,,,0.9
AvailabilityFactor,INV,GLOBAL,PWRWONARGXX,,,,2038,,,,,,0.9
AvailabilityFactor,INV,GLOBAL,PWRWONARGXX,,,,2039,,,,,,0.9
AvailabilityFactor,INV,GLOBAL,PWRWONARGXX,,,,2040,,,,,,0.9
AvailabilityFactor,INV,GLOBAL,PWRWONARGXX,,,,2041,,,,,,0.9
AvailabilityFactor,INV,GLOBAL,PWRWONARGXX,,,,2042,,,,,,0.9
AvailabilityFactor,INV,GLOBAL,PWRWONARGXX,,,,2043,,,,,,0.9
AvailabilityFactor,INV,GLOBAL,PWRWONARGXX,,,,2044,,,,,,0.9
AvailabilityFactor,INV,GLOBAL,PWRWONARGXX,,,,2045,,,,,,0.9
AvailabilityFactor,INV,GLOBAL,PWRWONARGXX,,,,2046,,,,,,0.9
AvailabilityFactor,INV,GLOBAL,PWRWONARGXX,,,,2047,,,,,,0.9
AvailabilityFactor,INV,GLOBAL,PWRWONARGXX,,,,2048,,,,,,0.9
AvailabilityFactor,INV,GLOBAL,PWRWONARGXX,,,,2049,,,,,,0.9
AvailabilityFactor,INV,GLOBAL,PWRWONARGXX,,,,2050,,,,,,0.9
AvailabilityFactor,INV,GLOBAL,PWRBIOARGXX,,,,2023,,,,,,0.5
AvailabilityFactor,INV,GLOBAL,PWRBIOARGXX,,,,2024,,,,,,0.5
AvailabilityFactor,INV,GLOBAL,PWRBIOARGXX,,,,2025,,,,,,0.5
AvailabilityFactor,INV,GLOBAL,PWRBIOARGXX,,,,2026,,,,,,0.5
AvailabilityFactor,INV,GLOBAL,PWRBIOARGXX,,,,2027,,,,,,0.5
AvailabilityFactor,INV,GLOBAL,PWRBIOARGXX,,,,2028,,,,,,0.5
AvailabilityFactor,INV,GLOBAL,PWRBIOARGXX,,,,2029,,,,,,0.5
AvailabilityFactor,INV,GLOBAL,PWRBIOARGXX,,,,2030,,,,,,0.5
AvailabilityFactor,INV,GLOBAL,PWRBIOARGXX,,,,2031,,,,,,0.5
AvailabilityFactor,INV,GLOBAL,PWRBIOARGXX,,,,2032,,,,,,0.5
AvailabilityFactor,INV,GLOBAL,PWRBIOARGXX,,,,2033,,,,,,0.5
AvailabilityFactor,INV,GLOBAL,PWRBIOARGXX,,,,2034,,,,,,0.5
AvailabilityFactor,INV,GLOBAL,PWRBIOARGXX,,,,2035,,,,,,0.5
AvailabilityFactor,INV,GLOBAL,PWRBIOARGXX,,,,2036,,,,,,0.5
AvailabilityFactor,INV,GLOBAL,PWRBIOARGXX,,,,2037,,,,,,0.5
AvailabilityFactor,INV,GLOBAL,PWRBIOARGXX,,,,2038,,,,,,0.5
AvailabilityFactor,INV,GLOBAL,PWRBIOARGXX,,,,2039,,,,,,0.5
AvailabilityFactor,INV,GLOBAL,PWRBIOARGXX,,,,2040,,,,,,0.5
AvailabilityFactor,INV,GLOBAL,PWRBIOARGXX,,,,2041,,,,,,0.5
AvailabilityFactor,INV,GLOBAL,PWRBIOARGXX,,,,2042,,,,,,0.5
AvailabilityFactor,INV,GLOBAL,PWRBIOARGXX,,,,2043,,,,,,0.5
AvailabilityFactor,INV,GLOBAL,PWRBIOARGXX,,,,2044,,,,,,0.5
AvailabilityFactor,INV,GLOBAL,PWRBIOARGXX,,,,2045,,,,,,0.5
AvailabilityFactor,INV,GLOBAL,PWRBIOARGXX,,,,2046,,,,,,0.5
AvailabilityFactor,INV,GLOBAL,PWRBIOARGXX,,,,2047,,,,,,0.5
AvailabilityFactor,INV,GLOBAL,PWRBIOARGXX,,,,2048,,,,,,0.5
AvailabilityFactor,INV,GLOBAL,PWRBIOARGXX,,,,2049,,,,,,0.5
AvailabilityFactor,INV,GLOBAL,PWRBIOARGXX,,,,2050,,,,,,0.5
AvailabilityFactor,INV,GLOBAL,PWRCCSMEXXX,,,,2023,,,,,,0.9
AvailabilityFactor,INV,GLOBAL,PWRCCSMEXXX,,,,2024,,,,,,0.9
AvailabilityFactor,INV,GLOBAL,PWRCCSMEXXX,,,,2025,,,,,,0.9
AvailabilityFactor,INV,GLOBAL,PWRCCSMEXXX,,,,2026,,,,,,0.9
AvailabilityFactor,INV,GLOBAL,PWRCCSMEXXX,,,,2027,,,,,,0.9
AvailabilityFactor,INV,GLOBAL,PWRCCSMEXXX,,,,2028,,,,,,0.9
AvailabilityFactor,INV,GLOBAL,PWRCCSMEXXX,,,,2029,,,,,,0.9
AvailabilityFactor,INV,GLOBAL,PWRCCSMEXXX,,,,2030,,,,,,0.9
AvailabilityFactor,INV,GLOBAL,PWRCCSMEXXX,,,,2031,,,,,,0.9
AvailabilityFactor,INV,GLOBAL,PWRCCSMEXXX,,,,2032,,,,,,0.9
AvailabilityFactor,INV,GLOBAL,PWRCCSMEXXX,,,,2033,,,,,,0.9
AvailabilityFactor,INV,GLOBAL,PWRCCSMEXXX,,,,2034,,,,,,0.9
AvailabilityFactor,INV,GLOBAL,PWRCCSMEXXX,,,,2035,,,,,,0.9
AvailabilityFactor,INV,GLOBAL,PWRCCSMEXXX,,,,2036,,,,,,0.9
AvailabilityFactor,INV,GLOBAL,PWRCCSMEXXX,,,,2037,,,,,,0.9
AvailabilityFactor,INV,GLOBAL,PWRCCSMEXXX,,,,2038,,,,,,0.9
AvailabilityFactor,INV,GLOBAL,PWRCCSMEXXX,,,,2039,,,,,,0.9
AvailabilityFactor,INV,GLOBAL,PWRCCSMEXXX,,,,2040,,,,,,0.9
AvailabilityFactor,INV,GLOBAL,PWRCCSMEXXX,,,,2041,,,,,,0.9
AvailabilityFactor,INV,GLOBAL,PWRCCSMEXXX,,,,2042,,,,,,0.9
AvailabilityFactor,INV,GLOBAL,PWRCCSMEXXX,,,,2043,,,,,,0.9
AvailabilityFactor,INV,GLOBAL,PWRCCSMEXXX,,,,2044,,,,,,0.9
AvailabilityFactor,INV,GLOBAL,PWRCCSMEXXX,,,,2045,,,,,,0.9
AvailabilityFactor,INV,GLOBAL,PWRCCSMEXXX,,,,2046,,,,,,0.9
AvailabilityFactor,INV,GLOBAL,PWRCCSMEXXX,,,,2047,,,,,,0.9
AvailabilityFactor,INV,GLOBAL,PWRCCSMEXXX,,,,2048,,,,,,0.9
AvailabilityFactor,INV,GLOBAL,PWRCCSMEXXX,,,,2049,,,,,,0.9
AvailabilityFactor,INV,GLOBAL,PWRCCSMEXXX,,,,2050,,,,,,0.9
AvailabilityFactor,INV,GLOBAL,PWRHYDURYXX,,,,2023,,,,,,0.9
AvailabilityFactor,INV,GLOBAL,PWRHYDURYXX,,,,2024,,,,,,0.9
AvailabilityFactor,INV,GLOBAL,PWRHYDURYXX,,,,2025,,,,,,0.9
AvailabilityFactor,INV,GLOBAL,PWRHYDURYXX,,,,2026,,,,,,0.9
AvailabilityFactor,INV,GLOBAL,PWRHYDURYXX,,,,2027,,,,,,0.9
AvailabilityFactor,INV,GLOBAL,PWRHYDURYXX,,,,2028,,,,,,0.9
AvailabilityFactor,INV,GLOBAL,PWRHYDURYXX,,,,2029,,,,,,0.9
AvailabilityFactor,INV,GLOBAL,PWRHYDURYXX,,,,2030,,,,,,0.9
AvailabilityFactor,INV,GLOBAL,PWRHYDURYXX,,,,2031,,,,,,0.9
AvailabilityFactor,INV,GLOBAL,PWRHYDURYXX,,,,2032,,,,,,0.9
AvailabilityFactor,INV,GLOBAL,PWRHYDURYXX,,,,2033,,,,,,0.9
AvailabilityFactor,INV,GLOBAL,PWRHYDURYXX,,,,2034,,,,,,0.9
AvailabilityFactor,INV,GLOBAL,PWRHYDURYXX,,,,2035,,,,,,0.9
AvailabilityFactor,INV,GLOBAL,PWRHYDURYXX,,,,2036,,,,,,0.9
AvailabilityFactor,INV,GLOBAL,PWRHYDURYXX,,,,2037,,,,,,0.9
AvailabilityFactor,INV,GLOBAL,PWRHYDURYXX,,,,2038,,,,,,0.9
AvailabilityFactor,INV,GLOBAL,PWRHYDURYXX,,,,2039,,,,,,0.9
AvailabilityFactor,INV,GLOBAL,PWRHYDURYXX,,,,2040,,,,,,0.9
AvailabilityFactor,INV,GLOBAL,PWRHYDURYXX,,,,2041,,,,,,0.9
AvailabilityFactor,INV,GLOBAL,PWRHYDURYXX,,,,2042,,,,,,0.9
AvailabilityFactor,INV,GLOBAL,PWRHYDURYXX,,,,2043,,,,,,0.9
AvailabilityFactor,INV,GLOBAL,PWRHYDURYXX,,,,2044,,,,,,0.9
AvailabilityFactor,INV,GLOBAL,PWRHYDURYXX,,,,2045,,,,,,0.9
AvailabilityFactor,INV,GLOBAL,PWRHYDURYXX,,,,2046,,,,,,0.9
AvailabilityFactor,INV,GLOBAL,PWRHYDURYXX,,,,2047,,,,,,0.9
AvailabilityFactor,INV,GLOBAL,PWRHYDURYXX,,,,2048,,,,,,0.9
AvailabilityFactor,INV,GLOBAL,PWRHYDURYXX,,,,2049,,,,,,0.9
AvailabilityFactor,INV,GLOBAL,PWRHYDURYXX,,,,2050,,,,,,0.9
AvailabilityFactor,INV,GLOBAL,PWRHYDBOLXX,,,,2023,,,,,,0.9
AvailabilityFactor,INV,GLOBAL,PWRHYDBOLXX,,,,2024,,,,,,0.9
AvailabilityFactor,INV,GLOBAL,PWRHYDBOLXX,,,,2025,,,,,,0.9
AvailabilityFactor,INV,GLOBAL,PWRHYDBOLXX,,,,2026,,,,,,0.9
AvailabilityFactor,INV,GLOBAL,PWRHYDBOLXX,,,,2027,,,,,,0.9
AvailabilityFactor,INV,GLOBAL,PWRHYDBOLXX,,,,2028,,,,,,0.9
AvailabilityFactor,INV,GLOBAL,PWRHYDBOLXX,,,,2029,,,,,,0.9
AvailabilityFactor,INV,GLOBAL,PWRHYDBOLXX,,,,2030,,,,,,0.9
AvailabilityFactor,INV,GLOBAL,PWRHYDBOLXX,,,,2031,,,,,,0.9
AvailabilityFactor,INV,GLOBAL,PWRHYDBOLXX,,,,2032,,,,,,0.9
AvailabilityFactor,INV,GLOBAL,PWRHYDBOLXX,,,,2033,,,,,,0.9
AvailabilityFactor,INV,GLOBAL,PWRHYDBOLXX,,,,2034,,,,,,0.9
AvailabilityFactor,INV,GLOBAL,PWRHYDBOLXX,,,,2035,,,,,,0.9
AvailabilityFactor,INV,GLOBAL,PWRHYDBOLXX,,,,2036,,,,,,0.9
AvailabilityFactor,INV,GLOBAL,PWRHYDBOLXX,,,,2037,,,,,,0.9
AvailabilityFactor,INV,GLOBAL,PWRHYDBOLXX,,,,2038,,,,,,0.9
AvailabilityFactor,INV,GLOBAL,PWRHYDBOLXX,,,,2039,,,,,,0.9
AvailabilityFactor,INV,GLOBAL,PWRHYDBOLXX,,,,2040,,,,,,0.9
AvailabilityFactor,INV,GLOBAL,PWRHYDBOLXX,,,,2041,,,,,,0.9
AvailabilityFactor,INV,GLOBAL,PWRHYDBOLXX,,,,2042,,,,,,0.9
AvailabilityFactor,INV,GLOBAL,PWRHYDBOLXX,,,,2043,,,,,,0.9
AvailabilityFactor,INV,GLOBAL,PWRHYDBOLXX,,,,2044,,,,,,0.9
AvailabilityFactor,INV,GLOBAL,PWRHYDBOLXX,,,,2045,,,,,,0.9
AvailabilityFactor,INV,GLOBAL,PWRHYDBOLXX,,,,2046,,,,,,0.9
AvailabilityFactor,INV,GLOBAL,PWRHYDBOLXX,,,,2047,,,,,,0.9
AvailabilityFactor,INV,GLOBAL,PWRHYDBOLXX,,,,2048,,,,,,0.9
AvailabilityFactor,INV,GLOBAL,PWRHYDBOLXX,,,,2049,,,,,,0.9
AvailabilityFactor,INV,GLOBAL,PWRHYDBOLXX,,,,2050,,,,,,0.9
AvailabilityFactor,INV,GLOBAL,PWROILDOMXX,,,,2023,,,,,,0.8
AvailabilityFactor,INV,GLOBAL,PWROILDOMXX,,,,2024,,,,,,0.8
AvailabilityFactor,INV,GLOBAL,PWROILDOMXX,,,,2025,,,,,,0.8
AvailabilityFactor,INV,GLOBAL,PWROILDOMXX,,,,2026,,,,,,0.8
AvailabilityFactor,INV,GLOBAL,PWROILDOMXX,,,,2027,,,,,,0.8
AvailabilityFactor,INV,GLOBAL,PWROILDOMXX,,,,2028,,,,,,0.8
AvailabilityFactor,INV,GLOBAL,PWROILDOMXX,,,,2029,,,,,,0.8
AvailabilityFactor,INV,GLOBAL,PWROILDOMXX,,,,2030,,,,,,0.8
AvailabilityFactor,INV,GLOBAL,PWROILDOMXX,,,,2031,,,,,,0.8
AvailabilityFactor,INV,GLOBAL,PWROILDOMXX,,,,2032,,,,,,0.8
AvailabilityFactor,INV,GLOBAL,PWROILDOMXX,,,,2033,,,,,,0.8
AvailabilityFactor,INV,GLOBAL,PWROILDOMXX,,,,2034,,,,,,0.8
AvailabilityFactor,INV,GLOBAL,PWROILDOMXX,,,,2035,,,,,,0.8
AvailabilityFactor,INV,GLOBAL,PWROILDOMXX,,,,2036,,,,,,0.8
AvailabilityFactor,INV,GLOBAL,PWROILDOMXX,,,,2037,,,,,,0.8
AvailabilityFactor,INV,GLOBAL,PWROILDOMXX,,,,2038,,,,,,0.8
AvailabilityFactor,INV,GLOBAL,PWROILDOMXX,,,,2039,,,,,,0.8
AvailabilityFactor,INV,GLOBAL,PWROILDOMXX,,,,2040,,,,,,0.8
AvailabilityFactor,INV,GLOBAL,PWROILDOMXX,,,,2041,,,,,,0.8
AvailabilityFactor,INV,GLOBAL,PWROILDOMXX,,,,2042,,,,,,0.8
AvailabilityFactor,INV,GLOBAL,PWROILDOMXX,,,,2043,,,,,,0.8
AvailabilityFactor,INV,GLOBAL,PWROILDOMXX,,,,2044,,,,,,0.8
AvailabilityFactor,INV,GLOBAL,PWROILDOMXX,,,,2045,,,,,,0.8
AvailabilityFactor,INV,GLOBAL,PWROILDOMXX,,,,2046,,,,,,0.8
AvailabilityFactor,INV,GLOBAL,PWROILDOMXX,,,,2047,,,,,,0.8
AvailabilityFactor,INV,GLOBAL,PWROILDOMXX,,,,2048,,,,,,0.8
AvailabilityFactor,INV,GLOBAL,PWROILDOMXX,,,,2049,,,,,,0.8
AvailabilityFactor,INV,GLOBAL,PWROILDOMXX,,,,2050,,,,,,0.8
AvailabilityFactor,INV,GLOBAL,PWRCOGCOLXX,,,,2023,,,,,,0.8
AvailabilityFactor,INV,GLOBAL,PWRCOGCOLXX,,,,2024,,,,,,0.8
AvailabilityFactor,INV,GLOBAL,PWRCOGCOLXX,,,,2025,,,,,,0.8
AvailabilityFactor,INV,GLOBAL,PWRCOGCOLXX,,,,2026,,,,,,0.8
AvailabilityFactor,INV,GLOBAL,PWRCOGCOLXX,,,,2027,,,,,,0.8
AvailabilityFactor,INV,GLOBAL,PWRCOGCOLXX,,,,2028,,,,,,0.8
AvailabilityFactor,INV,GLOBAL,PWRCOGCOLXX,,,,2029,,,,,,0.8
AvailabilityFactor,INV,GLOBAL,PWRCOGCOLXX,,,,2030,,,,,,0.8
AvailabilityFactor,INV,GLOBAL,PWRCOGCOLXX,,,,2031,,,,,,0.8
AvailabilityFactor,INV,GLOBAL,PWRCOGCOLXX,,,,2032,,,,,,0.8
AvailabilityFactor,INV,GLOBAL,PWRCOGCOLXX,,,,2033,,,,,,0.8
AvailabilityFactor,INV,GLOBAL,PWRCOGCOLXX,,,,2034,,,,,,0.8
AvailabilityFactor,INV,GLOBAL,PWRCOGCOLXX,,,,2035,,,,,,0.8
AvailabilityFactor,INV,GLOBAL,PWRCOGCOLXX,,,,2036,,,,,,0.8
AvailabilityFactor,INV,GLOBAL,PWRCOGCOLXX,,,,2037,,,,,,0.8
AvailabilityFactor,INV,GLOBAL,PWRCOGCOLXX,,,,2038,,,,,,0.8
AvailabilityFactor,INV,GLOBAL,PWRCOGCOLXX,,,,2039,,,,,,0.8
AvailabilityFactor,INV,GLOBAL,PWRCOGCOLXX,,,,2040,,,,,,0.8
AvailabilityFactor,INV,GLOBAL,PWRCOGCOLXX,,,,2041,,,,,,0.8
AvailabilityFactor,INV,GLOBAL,PWRCOGCOLXX,,,,2042,,,,,,0.8
AvailabilityFactor,INV,GLOBAL,PWRCOGCOLXX,,,,2043,,,,,,0.8
AvailabilityFactor,INV,GLOBAL,PWRCOGCOLXX,,,,2044,,,,,,0.8
AvailabilityFactor,INV,GLOBAL,PWRCOGCOLXX,,,,2045,,,,,,0.8
AvailabilityFactor,INV,GLOBAL,PWRCOGCOLXX,,,,2046,,,,,,0.8
AvailabilityFactor,INV,GLOBAL,PWRCOGCOLXX,,,,2047,,,,,,0.8
AvailabilityFactor,INV,GLOBAL,PWRCOGCOLXX,,,,2048,,,,,,0.8
AvailabilityFactor,INV,GLOBAL,PWRCOGCOLXX,,,,2049,,,,,,0.8
AvailabilityFactor,INV,GLOBAL,PWRCOGCOLXX,,,,2050,,,,,,0.8
AvailabilityFactor,INV,GLOBAL,PWROTHPERXX,,,,2023,,,,,,0.8
AvailabilityFactor,INV,GLOBAL,PWROTHPERXX,,,,2024,,,,,,0.8
AvailabilityFactor,INV,GLOBAL,PWROTHPERXX,,,,2025,,,,,,0.8
AvailabilityFactor,INV,GLOBAL,PWROTHPERXX,,,,2026,,,,,,0.8
AvailabilityFactor,INV,GLOBAL,PWROTHPERXX,,,,2027,,,,,,0.8
AvailabilityFactor,INV,GLOBAL,PWROTHPERXX,,,,2028,,,,,,0.8
AvailabilityFactor,INV,GLOBAL,PWROTHPERXX,,,,2029,,,,,,0.8
AvailabilityFactor,INV,GLOBAL,PWROTHPERXX,,,,2030,,,,,,0.8
AvailabilityFactor,INV,GLOBAL,PWROTHPERXX,,,,2031,,,,,,0.8
AvailabilityFactor,INV,GLOBAL,PWROTHPERXX,,,,2032,,,,,,0.8
AvailabilityFactor,INV,GLOBAL,PWROTHPERXX,,,,2033,,,,,,0.8
AvailabilityFactor,INV,GLOBAL,PWROTHPERXX,,,,2034,,,,,,0.8
AvailabilityFactor,INV,GLOBAL,PWROTHPERXX,,,,2035,,,,,,0.8
AvailabilityFactor,INV,GLOBAL,PWROTHPERXX,,,,2036,,,,,,0.8
AvailabilityFactor,INV,GLOBAL,PWROTHPERXX,,,,2037,,,,,,0.8
AvailabilityFactor,INV,GLOBAL,PWROTHPERXX,,,,2038,,,,,,0.8
AvailabilityFactor,INV,GLOBAL,PWROTHPERXX,,,,2039,,,,,,0.8
AvailabilityFactor,INV,GLOBAL,PWROTHPERXX,,,,2040,,,,,,0.8
AvailabilityFactor,INV,GLOBAL,PWROTHPERXX,,,,2041,,,,,,0.8
AvailabilityFactor,INV,GLOBAL,PWROTHPERXX,,,,2042,,,,,,0.8
AvailabilityFactor,INV,GLOBAL,PWROTHPERXX,,,,2043,,,,,,0.8
AvailabilityFactor,INV,GLOBAL,PWROTHPERXX,,,,2044,,,,,,0.8
AvailabilityFactor,INV,GLOBAL,PWROTHPERXX,,,,2045,,,,,,0.8
AvailabilityFactor,INV,GLOBAL,PWROTHPERXX,,,,2046,,,,,,0.8
AvailabilityFactor,INV,GLOBAL,PWROTHPERXX,,,,2047,,,,,,0.8
AvailabilityFactor,INV,GLOBAL,PWROTHPERXX,,,,2048,,,,,,0.8
AvailabilityFactor,INV,GLOBAL,PWROTHPERXX,,,,2049,,,,,,0.8
AvailabilityFactor,INV,GLOBAL,PWROTHPERXX,,,,2050,,,,,,0.8
AvailabilityFactor,INV,GLOBAL,PWRGEOCHLXX,,,,2023,,,,,,0.95
AvailabilityFactor,INV,GLOBAL,PWRGEOCHLXX,,,,2024,,,,,,0.95
AvailabilityFactor,INV,GLOBAL,PWRGEOCHLXX,,,,2025,,,,,,0.95
AvailabilityFactor,INV,GLOBAL,PWRGEOCHLXX,,,,2026,,,,,,0.95
AvailabilityFactor,INV,GLOBAL,PWRGEOCHLXX,,,,2027,,,,,,0.95
AvailabilityFactor,INV,GLOBAL,PWRGEOCHLXX,,,,2028,,,,,,0.95
AvailabilityFactor,INV,GLOBAL,PWRGEOCHLXX,,,,2029,,,,,,0.95
AvailabilityFactor,INV,GLOBAL,PWRGEOCHLXX,,,,2030,,,,,,0.95
AvailabilityFactor,INV,GLOBAL,PWRGEOCHLXX,,,,2031,,,,,,0.95
AvailabilityFactor,INV,GLOBAL,PWRGEOCHLXX,,,,2032,,,,,,0.95
AvailabilityFactor,INV,GLOBAL,PWRGEOCHLXX,,,,2033,,,,,,0.95
AvailabilityFactor,INV,GLOBAL,PWRGEOCHLXX,,,,2034,,,,,,0.95
AvailabilityFactor,INV,GLOBAL,PWRGEOCHLXX,,,,2035,,,,,,0.95
AvailabilityFactor,INV,GLOBAL,PWRGEOCHLXX,,,,2036,,,,,,0.95
AvailabilityFactor,INV,GLOBAL,PWRGEOCHLXX,,,,2037,,,,,,0.95
AvailabilityFactor,INV,GLOBAL,PWRGEOCHLXX,,,,2038,,,,,,0.95
AvailabilityFactor,INV,GLOBAL,PWRGEOCHLXX,,,,2039,,,,,,0.95
AvailabilityFactor,INV,GLOBAL,PWRGEOCHLXX,,,,2040,,,,,,0.95
AvailabilityFactor,INV,GLOBAL,PWRGEOCHLXX,,,,2041,,,,,,0.95
AvailabilityFactor,INV,GLOBAL,PWRGEOCHLXX,,,,2042,,,,,,0.95
AvailabilityFactor,INV,GLOBAL,PWRGEOCHLXX,,,,2043,,,,,,0.95
AvailabilityFactor,INV,GLOBAL,PWRGEOCHLXX,,,,2044,,,,,,0.95
AvailabilityFactor,INV,GLOBAL,PWRGEOCHLXX,,,,2045,,,,,,0.95
AvailabilityFactor,INV,GLOBAL,PWRGEOCHLXX,,,,2046,,,,,,0.95
AvailabilityFactor,INV,GLOBAL,PWRGEOCHLXX,,,,2047,,,,,,0.95
AvailabilityFactor,INV,GLOBAL,PWRGEOCHLXX,,,,2048,,,,,,0.95
AvailabilityFactor,INV,GLOBAL,PWRGEOCHLXX,,,,2049,,,,,,0.95
AvailabilityFactor,INV,GLOBAL,PWRGEOCHLXX,,,,2050,,,,,,0.95
AvailabilityFactor,INV,GLOBAL,PWRGEOCOLXX,,,,2023,,,,,,0.9
AvailabilityFactor,INV,GLOBAL,PWRGEOCOLXX,,,,2024,,,,,,0.9
AvailabilityFactor,INV,GLOBAL,PWRGEOCOLXX,,,,2025,,,,,,0.9
AvailabilityFactor,INV,GLOBAL,PWRGEOCOLXX,,,,2026,,,,,,0.9
AvailabilityFactor,INV,GLOBAL,PWRGEOCOLXX,,,,2027,,,,,,0.9
AvailabilityFactor,INV,GLOBAL,PWRGEOCOLXX,,,,2028,,,,,,0.9
AvailabilityFactor,INV,GLOBAL,PWRGEOCOLXX,,,,2029,,,,,,0.9
AvailabilityFactor,INV,GLOBAL,PWRGEOCOLXX,,,,2030,,,,,,0.9
AvailabilityFactor,INV,GLOBAL,PWRGEOCOLXX,,,,2031,,,,,,0.9
AvailabilityFactor,INV,GLOBAL,PWRGEOCOLXX,,,,2032,,,,,,0.9
AvailabilityFactor,INV,GLOBAL,PWRGEOCOLXX,,,,2033,,,,,,0.9
AvailabilityFactor,INV,GLOBAL,PWRGEOCOLXX,,,,2034,,,,,,0.9
AvailabilityFactor,INV,GLOBAL,PWRGEOCOLXX,,,,2035,,,,,,0.9
AvailabilityFactor,INV,GLOBAL,PWRGEOCOLXX,,,,2036,,,,,,0.9
AvailabilityFactor,INV,GLOBAL,PWRGEOCOLXX,,,,2037,,,,,,0.9
AvailabilityFactor,INV,GLOBAL,PWRGEOCOLXX,,,,2038,,,,,,0.9
AvailabilityFactor,INV,GLOBAL,PWRGEOCOLXX,,,,2039,,,,,,0.9
AvailabilityFactor,INV,GLOBAL,PWRGEOCOLXX,,,,2040,,,,,,0.9
AvailabilityFactor,INV,GLOBAL,PWRGEOCOLXX,,,,2041,,,,,,0.9
AvailabilityFactor,INV,GLOBAL,PWRGEOCOLXX,,,,2042,,,,,,0.9
AvailabilityFactor,INV,GLOBAL,PWRGEOCOLXX,,,,2043,,,,,,0.9
AvailabilityFactor,INV,GLOBAL,PWRGEOCOLXX,,,,2044,,,,,,0.9
AvailabilityFactor,INV,GLOBAL,PWRGEOCOLXX,,,,2045,,,,,,0.9
AvailabilityFactor,INV,GLOBAL,PWRGEOCOLXX,,,,2046,,,,,,0.9
AvailabilityFactor,INV,GLOBAL,PWRGEOCOLXX,,,,2047,,,,,,0.9
AvailabilityFactor,INV,GLOBAL,PWRGEOCOLXX,,,,2048,,,,,,0.9
AvailabilityFactor,INV,GLOBAL,PWRGEOCOLXX,,,,2049,,,,,,0.9
AvailabilityFactor,INV,GLOBAL,PWRGEOCOLXX,,,,2050,,,,,,0.9
AvailabilityFactor,INV,GLOBAL,PWRGEOHNDXX,,,,2023,,,,,,0.9
AvailabilityFactor,INV,GLOBAL,PWRGEOHNDXX,,,,2024,,,,,,0.9
AvailabilityFactor,INV,GLOBAL,PWRGEOHNDXX,,,,2025,,,,,,0.9
AvailabilityFactor,INV,GLOBAL,PWRGEOHNDXX,,,,2026,,,,,,0.9
AvailabilityFactor,INV,GLOBAL,PWRGEOHNDXX,,,,2027,,,,,,0.9
AvailabilityFactor,INV,GLOBAL,PWRGEOHNDXX,,,,2028,,,,,,0.9
AvailabilityFactor,INV,GLOBAL,PWRGEOHNDXX,,,,2029,,,,,,0.9
AvailabilityFactor,INV,GLOBAL,PWRGEOHNDXX,,,,2030,,,,,,0.9
AvailabilityFactor,INV,GLOBAL,PWRGEOHNDXX,,,,2031,,,,,,0.9
AvailabilityFactor,INV,GLOBAL,PWRGEOHNDXX,,,,2032,,,,,,0.9
AvailabilityFactor,INV,GLOBAL,PWRGEOHNDXX,,,,2033,,,,,,0.9
AvailabilityFactor,INV,GLOBAL,PWRGEOHNDXX,,,,2034,,,,,,0.9
AvailabilityFactor,INV,GLOBAL,PWRGEOHNDXX,,,,2035,,,,,,0.9
AvailabilityFactor,INV,GLOBAL,PWRGEOHNDXX,,,,2036,,,,,,0.9
AvailabilityFactor,INV,GLOBAL,PWRGEOHNDXX,,,,2037,,,,,,0.9
AvailabilityFactor,INV,GLOBAL,PWRGEOHNDXX,,,,2038,,,,,,0.9
AvailabilityFactor,INV,GLOBAL,PWRGEOHNDXX,,,,2039,,,,,,0.9
AvailabilityFactor,INV,GLOBAL,PWRGEOHNDXX,,,,2040,,,,,,0.9
AvailabilityFactor,INV,GLOBAL,PWRGEOHNDXX,,,,2041,,,,,,0.9
AvailabilityFactor,INV,GLOBAL,PWRGEOHNDXX,,,,2042,,,,,,0.9
AvailabilityFactor,INV,GLOBAL,PWRGEOHNDXX,,,,2043,,,,,,0.9
AvailabilityFactor,INV,GLOBAL,PWRGEOHNDXX,,,,2044,,,,,,0.9
AvailabilityFactor,INV,GLOBAL,PWRGEOHNDXX,,,,2045,,,,,,0.9
AvailabilityFactor,INV,GLOBAL,PWRGEOHNDXX,,,,2046,,,,,,0.9
AvailabilityFactor,INV,GLOBAL,PWRGEOHNDXX,,,,2047,,,,,,0.9
AvailabilityFactor,INV,GLOBAL,PWRGEOHNDXX,,,,2048,,,,,,0.9
AvailabilityFactor,INV,GLOBAL,PWRGEOHNDXX,,,,2049,,,,,,0.9
AvailabilityFactor,INV,GLOBAL,PWRGEOHNDXX,,,,2050,,,,,,0.9
AvailabilityFactor,INV,GLOBAL,PWRCCSCHLXX,,,,2023,,,,,,0.9
AvailabilityFactor,INV,GLOBAL,PWRCCSCHLXX,,,,2024,,,,,,0.9
AvailabilityFactor,INV,GLOBAL,PWRCCSCHLXX,,,,2025,,,,,,0.9
AvailabilityFactor,INV,GLOBAL,PWRCCSCHLXX,,,,2026,,,,,,0.9
AvailabilityFactor,INV,GLOBAL,PWRCCSCHLXX,,,,2027,,,,,,0.9
AvailabilityFactor,INV,GLOBAL,PWRCCSCHLXX,,,,2028,,,,,,0.9
AvailabilityFactor,INV,GLOBAL,PWRCCSCHLXX,,,,2029,,,,,,0.9
AvailabilityFactor,INV,GLOBAL,PWRCCSCHLXX,,,,2030,,,,,,0.9
AvailabilityFactor,INV,GLOBAL,PWRCCSCHLXX,,,,2031,,,,,,0.9
AvailabilityFactor,INV,GLOBAL,PWRCCSCHLXX,,,,2032,,,,,,0.9
AvailabilityFactor,INV,GLOBAL,PWRCCSCHLXX,,,,2033,,,,,,0.9
AvailabilityFactor,INV,GLOBAL,PWRCCSCHLXX,,,,2034,,,,,,0.9
AvailabilityFactor,INV,GLOBAL,PWRCCSCHLXX,,,,2035,,,,,,0.9
AvailabilityFactor,INV,GLOBAL,PWRCCSCHLXX,,,,2036,,,,,,0.9
AvailabilityFactor,INV,GLOBAL,PWRCCSCHLXX,,,,2037,,,,,,0.9
AvailabilityFactor,INV,GLOBAL,PWRCCSCHLXX,,,,2038,,,,,,0.9
AvailabilityFactor,INV,GLOBAL,PWRCCSCHLXX,,,,2039,,,,,,0.9
AvailabilityFactor,INV,GLOBAL,PWRCCSCHLXX,,,,2040,,,,,,0.9
AvailabilityFactor,INV,GLOBAL,PWRCCSCHLXX,,,,2041,,,,,,0.9
AvailabilityFactor,INV,GLOBAL,PWRCCSCHLXX,,,,2042,,,,,,0.9
AvailabilityFactor,INV,GLOBAL,PWRCCSCHLXX,,,,2043,,,,,,0.9
AvailabilityFactor,INV,GLOBAL,PWRCCSCHLXX,,,,2044,,,,,,0.9
AvailabilityFactor,INV,GLOBAL,PWRCCSCHLXX,,,,2045,,,,,,0.9
AvailabilityFactor,INV,GLOBAL,PWRCCSCHLXX,,,,2046,,,,,,0.9
AvailabilityFactor,INV,GLOBAL,PWRCCSCHLXX,,,,2047,,,,,,0.9
AvailabilityFactor,INV,GLOBAL,PWRCCSCHLXX,,,,2048,,,,,,0.9
AvailabilityFactor,INV,GLOBAL,PWRCCSCHLXX,,,,2049,,,,,,0.9
AvailabilityFactor,INV,GLOBAL,PWRCCSCHLXX,,,,2050,,,,,,0.9
AvailabilityFactor,INV,GLOBAL,PWRSPVCHLXX,,,,2023,,,,,,0.9
AvailabilityFactor,INV,GLOBAL,PWRSPVCHLXX,,,,2024,,,,,,0.9
AvailabilityFactor,INV,GLOBAL,PWRSPVCHLXX,,,,2025,,,,,,0.9
AvailabilityFactor,INV,GLOBAL,PWRSPVCHLXX,,,,2026,,,,,,0.9
AvailabilityFactor,INV,GLOBAL,PWRSPVCHLXX,,,,2027,,,,,,0.9
AvailabilityFactor,INV,GLOBAL,PWRSPVCHLXX,,,,2028,,,,,,0.9
AvailabilityFactor,INV,GLOBAL,PWRSPVCHLXX,,,,2029,,,,,,0.9
AvailabilityFactor,INV,GLOBAL,PWRSPVCHLXX,,,,2030,,,,,,0.9
AvailabilityFactor,INV,GLOBAL,PWRSPVCHLXX,,,,2031,,,,,,0.9
AvailabilityFactor,INV,GLOBAL,PWRSPVCHLXX,,,,2032,,,,,,0.9
AvailabilityFactor,INV,GLOBAL,PWRSPVCHLXX,,,,2033,,,,,,0.9
AvailabilityFactor,INV,GLOBAL,PWRSPVCHLXX,,,,2034,,,,,,0.9
AvailabilityFactor,INV,GLOBAL,PWRSPVCHLXX,,,,2035,,,,,,0.9
AvailabilityFactor,INV,GLOBAL,PWRSPVCHLXX,,,,2036,,,,,,0.9
AvailabilityFactor,INV,GLOBAL,PWRSPVCHLXX,,,,2037,,,,,,0.9
AvailabilityFactor,INV,GLOBAL,PWRSPVCHLXX,,,,2038,,,,,,0.9
AvailabilityFactor,INV,GLOBAL,PWRSPVCHLXX,,,,2039,,,,,,0.9
AvailabilityFactor,INV,GLOBAL,PWRSPVCHLXX,,,,2040,,,,,,0.9
AvailabilityFactor,INV,GLOBAL,PWRSPVCHLXX,,,,2041,,,,,,0.9
AvailabilityFactor,INV,GLOBAL,PWRSPVCHLXX,,,,2042,,,,,,0.9
AvailabilityFactor,INV,GLOBAL,PWRSPVCHLXX,,,,2043,,,,,,0.9
AvailabilityFactor,INV,GLOBAL,PWRSPVCHLXX,,,,2044,,,,,,0.9
AvailabilityFactor,INV,GLOBAL,PWRSPVCHLXX,,,,2045,,,,,,0.9
AvailabilityFactor,INV,GLOBAL,PWRSPVCHLXX,,,,2046,,,,,,0.9
AvailabilityFactor,INV,GLOBAL,PWRSPVCHLXX,,,,2047,,,,,,0.9
AvailabilityFactor,INV,GLOBAL,PWRSPVCHLXX,,,,2048,,,,,,0.9
AvailabilityFactor,INV,GLOBAL,PWRSPVCHLXX,,,,2049,,,,,,0.9
AvailabilityFactor,INV,GLOBAL,PWRSPVCHLXX,,,,2050,,,,,,0.9
AvailabilityFactor,INV,GLOBAL,PWRBIOHNDXX,,,,2023,,,,,,0.5
AvailabilityFactor,INV,GLOBAL,PWRBIOHNDXX,,,,2024,,,,,,0.5
AvailabilityFactor,INV,GLOBAL,PWRBIOHNDXX,,,,2025,,,,,,0.5
AvailabilityFactor,INV,GLOBAL,PWRBIOHNDXX,,,,2026,,,,,,0.5
AvailabilityFactor,INV,GLOBAL,PWRBIOHNDXX,,,,2027,,,,,,0.5
AvailabilityFactor,INV,GLOBAL,PWRBIOHNDXX,,,,2028,,,,,,0.5
AvailabilityFactor,INV,GLOBAL,PWRBIOHNDXX,,,,2029,,,,,,0.5
AvailabilityFactor,INV,GLOBAL,PWRBIOHNDXX,,,,2030,,,,,,0.5
AvailabilityFactor,INV,GLOBAL,PWRBIOHNDXX,,,,2031,,,,,,0.5
AvailabilityFactor,INV,GLOBAL,PWRBIOHNDXX,,,,2032,,,,,,0.5
AvailabilityFactor,INV,GLOBAL,PWRBIOHNDXX,,,,2033,,,,,,0.5
AvailabilityFactor,INV,GLOBAL,PWRBIOHNDXX,,,,2034,,,,,,0.5
AvailabilityFactor,INV,GLOBAL,PWRBIOHNDXX,,,,2035,,,,,,0.5
AvailabilityFactor,INV,GLOBAL,PWRBIOHNDXX,,,,2036,,,,,,0.5
AvailabilityFactor,INV,GLOBAL,PWRBIOHNDXX,,,,2037,,,,,,0.5
AvailabilityFactor,INV,GLOBAL,PWRBIOHNDXX,,,,2038,,,,,,0.5
AvailabilityFactor,INV,GLOBAL,PWRBIOHNDXX,,,,2039,,,,,,0.5
AvailabilityFactor,INV,GLOBAL,PWRBIOHNDXX,,,,2040,,,,,,0.5
AvailabilityFactor,INV,GLOBAL,PWRBIOHNDXX,,,,2041,,,,,,0.5
AvailabilityFactor,INV,GLOBAL,PWRBIOHNDXX,,,,2042,,,,,,0.5
AvailabilityFactor,INV,GLOBAL,PWRBIOHNDXX,,,,2043,,,,,,0.5
AvailabilityFactor,INV,GLOBAL,PWRBIOHNDXX,,,,2044,,,,,,0.5
AvailabilityFactor,INV,GLOBAL,PWRBIOHNDXX,,,,2045,,,,,,0.5
AvailabilityFactor,INV,GLOBAL,PWRBIOHNDXX,,,,2046,,,,,,0.5
AvailabilityFactor,INV,GLOBAL,PWRBIOHNDXX,,,,2047,,,,,,0.5
AvailabilityFactor,INV,GLOBAL,PWRBIOHNDXX,,,,2048,,,,,,0.5
AvailabilityFactor,INV,GLOBAL,PWRBIOHNDXX,,,,2049,,,,,,0.5
AvailabilityFactor,INV,GLOBAL,PWRBIOHNDXX,,,,2050,,,,,,0.5
AvailabilityFactor,INV,GLOBAL,PWRURNNICXX,,,,2023,,,,,,0.9
AvailabilityFactor,INV,GLOBAL,PWRURNNICXX,,,,2024,,,,,,0.9
AvailabilityFactor,INV,GLOBAL,PWRURNNICXX,,,,2025,,,,,,0.9
AvailabilityFactor,INV,GLOBAL,PWRURNNICXX,,,,2026,,,,,,0.9
AvailabilityFactor,INV,GLOBAL,PWRURNNICXX,,,,2027,,,,,,0.9
AvailabilityFactor,INV,GLOBAL,PWRURNNICXX,,,,2028,,,,,,0.9
AvailabilityFactor,INV,GLOBAL,PWRURNNICXX,,,,2029,,,,,,0.9
AvailabilityFactor,INV,GLOBAL,PWRURNNICXX,,,,2030,,,,,,0.9
AvailabilityFactor,INV,GLOBAL,PWRURNNICXX,,,,2031,,,,,,0.9
AvailabilityFactor,INV,GLOBAL,PWRURNNICXX,,,,2032,,,,,,0.9
AvailabilityFactor,INV,GLOBAL,PWRURNNICXX,,,,2033,,,,,,0.9
AvailabilityFactor,INV,GLOBAL,PWRURNNICXX,,,,2034,,,,,,0.9
AvailabilityFactor,INV,GLOBAL,PWRURNNICXX,,,,2035,,,,,,0.9
AvailabilityFactor,INV,GLOBAL,PWRURNNICXX,,,,2036,,,,,,0.9
AvailabilityFactor,INV,GLOBAL,PWRURNNICXX,,,,2037,,,,,,0.9
AvailabilityFactor,INV,GLOBAL,PWRURNNICXX,,,,2038,,,,,,0.9
AvailabilityFactor,INV,GLOBAL,PWRURNNICXX,,,,2039,,,,,,0.9
AvailabilityFactor,INV,GLOBAL,PWRURNNICXX,,,,2040,,,,,,0.9
AvailabilityFactor,INV,GLOBAL,PWRURNNICXX,,,,2041,,,,,,0.9
AvailabilityFactor,INV,GLOBAL,PWRURNNICXX,,,,2042,,,,,,0.9
AvailabilityFactor,INV,GLOBAL,PWRURNNICXX,,,,2043,,,,,,0.9
AvailabilityFactor,INV,GLOBAL,PWRURNNICXX,,,,2044,,,,,,0.9
AvailabilityFactor,INV,GLOBAL,PWRURNNICXX,,,,2045,,,,,,0.9
AvailabilityFactor,INV,GLOBAL,PWRURNNICXX,,,,2046,,,,,,0.9
AvailabilityFactor,INV,GLOBAL,PWRURNNICXX,,,,2047,,,,,,0.9
AvailabilityFactor,INV,GLOBAL,PWRURNNICXX,,,,2048,,,,,,0.9
AvailabilityFactor,INV,GLOBAL,PWRURNNICXX,,,,2049,,,,,,0.9
AvailabilityFactor,INV,GLOBAL,PWRURNNICXX,,,,2050,,,,,,0.9
AvailabilityFactor,INV,GLOBAL,PWRWONCRIXX,,,,2023,,,,,,0.9
AvailabilityFactor,INV,GLOBAL,PWRWONCRIXX,,,,2024,,,,,,0.9
AvailabilityFactor,INV,GLOBAL,PWRWONCRIXX,,,,2025,,,,,,0.9
AvailabilityFactor,INV,GLOBAL,PWRWONCRIXX,,,,2026,,,,,,0.9
AvailabilityFactor,INV,GLOBAL,PWRWONCRIXX,,,,2027,,,,,,0.9
AvailabilityFactor,INV,GLOBAL,PWRWONCRIXX,,,,2028,,,,,,0.9
AvailabilityFactor,INV,GLOBAL,PWRWONCRIXX,,,,2029,,,,,,0.9
AvailabilityFactor,INV,GLOBAL,PWRWONCRIXX,,,,2030,,,,,,0.9
AvailabilityFactor,INV,GLOBAL,PWRWONCRIXX,,,,2031,,,,,,0.9
AvailabilityFactor,INV,GLOBAL,PWRWONCRIXX,,,,2032,,,,,,0.9
AvailabilityFactor,INV,GLOBAL,PWRWONCRIXX,,,,2033,,,,,,0.9
AvailabilityFactor,INV,GLOBAL,PWRWONCRIXX,,,,2034,,,,,,0.9
AvailabilityFactor,INV,GLOBAL,PWRWONCRIXX,,,,2035,,,,,,0.9
AvailabilityFactor,INV,GLOBAL,PWRWONCRIXX,,,,2036,,,,,,0.9
AvailabilityFactor,INV,GLOBAL,PWRWONCRIXX,,,,2037,,,,,,0.9
AvailabilityFactor,INV,GLOBAL,PWRWONCRIXX,,,,2038,,,,,,0.9
AvailabilityFactor,INV,GLOBAL,PWRWONCRIXX,,,,2039,,,,,,0.9
AvailabilityFactor,INV,GLOBAL,PWRWONCRIXX,,,,2040,,,,,,0.9
AvailabilityFactor,INV,GLOBAL,PWRWONCRIXX,,,,2041,,,,,,0.9
AvailabilityFactor,INV,GLOBAL,PWRWONCRIXX,,,,2042,,,,,,0.9
AvailabilityFactor,INV,GLOBAL,PWRWONCRIXX,,,,2043,,,,,,0.9
AvailabilityFactor,INV,GLOBAL,PWRWONCRIXX,,,,2044,,,,,,0.9
AvailabilityFactor,INV,GLOBAL,PWRWONCRIXX,,,,2045,,,,,,0.9
AvailabilityFactor,INV,GLOBAL,PWRWONCRIXX,,,,2046,,,,,,0.9
AvailabilityFactor,INV,GLOBAL,PWRWONCRIXX,,,,2047,,,,,,0.9
AvailabilityFactor,INV,GLOBAL,PWRWONCRIXX,,,,2048,,,,,,0.9
AvailabilityFactor,INV,GLOBAL,PWRWONCRIXX,,,,2049,,,,,,0.9
AvailabilityFactor,INV,GLOBAL,PWRWONCRIXX,,,,2050,,,,,,0.9
AvailabilityFactor,INV,GLOBAL,PWRNGSURYXX,,,,2023,,,,,,0.9
AvailabilityFactor,INV,GLOBAL,PWRNGSURYXX,,,,2024,,,,,,0.9
AvailabilityFactor,INV,GLOBAL,PWRNGSURYXX,,,,2025,,,,,,0.9
AvailabilityFactor,INV,GLOBAL,PWRNGSURYXX,,,,2026,,,,,,0.9
AvailabilityFactor,INV,GLOBAL,PWRNGSURYXX,,,,2027,,,,,,0.9
AvailabilityFactor,INV,GLOBAL,PWRNGSURYXX,,,,2028,,,,,,0.9
AvailabilityFactor,INV,GLOBAL,PWRNGSURYXX,,,,2029,,,,,,0.9
AvailabilityFactor,INV,GLOBAL,PWRNGSURYXX,,,,2030,,,,,,0.9
AvailabilityFactor,INV,GLOBAL,PWRNGSURYXX,,,,2031,,,,,,0.9
AvailabilityFactor,INV,GLOBAL,PWRNGSURYXX,,,,2032,,,,,,0.9
AvailabilityFactor,INV,GLOBAL,PWRNGSURYXX,,,,2033,,,,,,0.9
AvailabilityFactor,INV,GLOBAL,PWRNGSURYXX,,,,2034,,,,,,0.9
AvailabilityFactor,INV,GLOBAL,PWRNGSURYXX,,,,2035,,,,,,0.9
AvailabilityFactor,INV,GLOBAL,PWRNGSURYXX,,,,2036,,,,,,0.9
AvailabilityFactor,INV,GLOBAL,PWRNGSURYXX,,,,2037,,,,,,0.9
AvailabilityFactor,INV,GLOBAL,PWRNGSURYXX,,,,2038,,,,,,0.9
AvailabilityFactor,INV,GLOBAL,PWRNGSURYXX,,,,2039,,,,,,0.9
AvailabilityFactor,INV,GLOBAL,PWRNGSURYXX,,,,2040,,,,,,0.9
AvailabilityFactor,INV,GLOBAL,PWRNGSURYXX,,,,2041,,,,,,0.9
AvailabilityFactor,INV,GLOBAL,PWRNGSURYXX,,,,2042,,,,,,0.9
AvailabilityFactor,INV,GLOBAL,PWRNGSURYXX,,,,2043,,,,,,0.9
AvailabilityFactor,INV,GLOBAL,PWRNGSURYXX,,,,2044,,,,,,0.9
AvailabilityFactor,INV,GLOBAL,PWRNGSURYXX,,,,2045,,,,,,0.9
AvailabilityFactor,INV,GLOBAL,PWRNGSURYXX,,,,2046,,,,,,0.9
AvailabilityFactor,INV,GLOBAL,PWRNGSURYXX,,,,2047,,,,,,0.9
AvailabilityFactor,INV,GLOBAL,PWRNGSURYXX,,,,2048,,,,,,0.9
AvailabilityFactor,INV,GLOBAL,PWRNGSURYXX,,,,2049,,,,,,0.9
AvailabilityFactor,INV,GLOBAL,PWRNGSURYXX,,,,2050,,,,,,0.9
AvailabilityFactor,INV,GLOBAL,PWROILHNDXX,,,,2023,,,,,,0.8
AvailabilityFactor,INV,GLOBAL,PWROILHNDXX,,,,2024,,,,,,0.8
AvailabilityFactor,INV,GLOBAL,PWROILHNDXX,,,,2025,,,,,,0.8
AvailabilityFactor,INV,GLOBAL,PWROILHNDXX,,,,2026,,,,,,0.8
AvailabilityFactor,INV,GLOBAL,PWROILHNDXX,,,,2027,,,,,,0.8
AvailabilityFactor,INV,GLOBAL,PWROILHNDXX,,,,2028,,,,,,0.8
AvailabilityFactor,INV,GLOBAL,PWROILHNDXX,,,,2029,,,,,,0.8
AvailabilityFactor,INV,GLOBAL,PWROILHNDXX,,,,2030,,,,,,0.8
AvailabilityFactor,INV,GLOBAL,PWROILHNDXX,,,,2031,,,,,,0.8
AvailabilityFactor,INV,GLOBAL,PWROILHNDXX,,,,2032,,,,,,0.8
AvailabilityFactor,INV,GLOBAL,PWROILHNDXX,,,,2033,,,,,,0.8
AvailabilityFactor,INV,GLOBAL,PWROILHNDXX,,,,2034,,,,,,0.8
AvailabilityFactor,INV,GLOBAL,PWROILHNDXX,,,,2035,,,,,,0.8
AvailabilityFactor,INV,GLOBAL,PWROILHNDXX,,,,2036,,,,,,0.8
AvailabilityFactor,INV,GLOBAL,PWROILHNDXX,,,,2037,,,,,,0.8
AvailabilityFactor,INV,GLOBAL,PWROILHNDXX,,,,2038,,,,,,0.8
AvailabilityFactor,INV,GLOBAL,PWROILHNDXX,,,,2039,,,,,,0.8
AvailabilityFactor,INV,GLOBAL,PWROILHNDXX,,,,2040,,,,,,0.8
AvailabilityFactor,INV,GLOBAL,PWROILHNDXX,,,,2041,,,,,,0.8
AvailabilityFactor,INV,GLOBAL,PWROILHNDXX,,,,2042,,,,,,0.8
AvailabilityFactor,INV,GLOBAL,PWROILHNDXX,,,,2043,,,,,,0.8
AvailabilityFactor,INV,GLOBAL,PWROILHNDXX,,,,2044,,,,,,0.8
AvailabilityFactor,INV,GLOBAL,PWROILHNDXX,,,,2045,,,,,,0.8
AvailabilityFactor,INV,GLOBAL,PWROILHNDXX,,,,2046,,,,,,0.8
AvailabilityFactor,INV,GLOBAL,PWROILHNDXX,,,,2047,,,,,,0.8
AvailabilityFactor,INV,GLOBAL,PWROILHNDXX,,,,2048,,,,,,0.8
AvailabilityFactor,INV,GLOBAL,PWROILHNDXX,,,,2049,,,,,,0.8
AvailabilityFactor,INV,GLOBAL,PWROILHNDXX,,,,2050,,,,,,0.8
AvailabilityFactor,INV,GLOBAL,PWRNGSCRIXX,,,,2023,,,,,,0.9
AvailabilityFactor,INV,GLOBAL,PWRNGSCRIXX,,,,2024,,,,,,0.9
AvailabilityFactor,INV,GLOBAL,PWRNGSCRIXX,,,,2025,,,,,,0.9
AvailabilityFactor,INV,GLOBAL,PWRNGSCRIXX,,,,2026,,,,,,0.9
AvailabilityFactor,INV,GLOBAL,PWRNGSCRIXX,,,,2027,,,,,,0.9
AvailabilityFactor,INV,GLOBAL,PWRNGSCRIXX,,,,2028,,,,,,0.9
AvailabilityFactor,INV,GLOBAL,PWRNGSCRIXX,,,,2029,,,,,,0.9
AvailabilityFactor,INV,GLOBAL,PWRNGSCRIXX,,,,2030,,,,,,0.9
AvailabilityFactor,INV,GLOBAL,PWRNGSCRIXX,,,,2031,,,,,,0.9
AvailabilityFactor,INV,GLOBAL,PWRNGSCRIXX,,,,2032,,,,,,0.9
AvailabilityFactor,INV,GLOBAL,PWRNGSCRIXX,,,,2033,,,,,,0.9
AvailabilityFactor,INV,GLOBAL,PWRNGSCRIXX,,,,2034,,,,,,0.9
AvailabilityFactor,INV,GLOBAL,PWRNGSCRIXX,,,,2035,,,,,,0.9
AvailabilityFactor,INV,GLOBAL,PWRNGSCRIXX,,,,2036,,,,,,0.9
AvailabilityFactor,INV,GLOBAL,PWRNGSCRIXX,,,,2037,,,,,,0.9
AvailabilityFactor,INV,GLOBAL,PWRNGSCRIXX,,,,2038,,,,,,0.9
AvailabilityFactor,INV,GLOBAL,PWRNGSCRIXX,,,,2039,,,,,,0.9
AvailabilityFactor,INV,GLOBAL,PWRNGSCRIXX,,,,2040,,,,,,0.9
AvailabilityFactor,INV,GLOBAL,PWRNGSCRIXX,,,,2041,,,,,,0.9
AvailabilityFactor,INV,GLOBAL,PWRNGSCRIXX,,,,2042,,,,,,0.9
AvailabilityFactor,INV,GLOBAL,PWRNGSCRIXX,,,,2043,,,,,,0.9
AvailabilityFactor,INV,GLOBAL,PWRNGSCRIXX,,,,2044,,,,,,0.9
AvailabilityFactor,INV,GLOBAL,PWRNGSCRIXX,,,,2045,,,,,,0.9
AvailabilityFactor,INV,GLOBAL,PWRNGSCRIXX,,,,2046,,,,,,0.9
AvailabilityFactor,INV,GLOBAL,PWRNGSCRIXX,,,,2047,,,,,,0.9
AvailabilityFactor,INV,GLOBAL,PWRNGSCRIXX,,,,2048,,,,,,0.9
AvailabilityFactor,INV,GLOBAL,PWRNGSCRIXX,,,,2049,,,,,,0.9
AvailabilityFactor,INV,GLOBAL,PWRNGSCRIXX,,,,2050,,,,,,0.9
AvailabilityFactor,INV,GLOBAL,PWRNGSBRBXX,,,,2023,,,,,,0.9
AvailabilityFactor,INV,GLOBAL,PWRNGSBRBXX,,,,2024,,,,,,0.9
AvailabilityFactor,INV,GLOBAL,PWRNGSBRBXX,,,,2025,,,,,,0.9
AvailabilityFactor,INV,GLOBAL,PWRNGSBRBXX,,,,2026,,,,,,0.9
AvailabilityFactor,INV,GLOBAL,PWRNGSBRBXX,,,,2027,,,,,,0.9
AvailabilityFactor,INV,GLOBAL,PWRNGSBRBXX,,,,2028,,,,,,0.9
AvailabilityFactor,INV,GLOBAL,PWRNGSBRBXX,,,,2029,,,,,,0.9
AvailabilityFactor,INV,GLOBAL,PWRNGSBRBXX,,,,2030,,,,,,0.9
AvailabilityFactor,INV,GLOBAL,PWRNGSBRBXX,,,,2031,,,,,,0.9
AvailabilityFactor,INV,GLOBAL,PWRNGSBRBXX,,,,2032,,,,,,0.9
AvailabilityFactor,INV,GLOBAL,PWRNGSBRBXX,,,,2033,,,,,,0.9
AvailabilityFactor,INV,GLOBAL,PWRNGSBRBXX,,,,2034,,,,,,0.9
AvailabilityFactor,INV,GLOBAL,PWRNGSBRBXX,,,,2035,,,,,,0.9
AvailabilityFactor,INV,GLOBAL,PWRNGSBRBXX,,,,2036,,,,,,0.9
AvailabilityFactor,INV,GLOBAL,PWRNGSBRBXX,,,,2037,,,,,,0.9
AvailabilityFactor,INV,GLOBAL,PWRNGSBRBXX,,,,2038,,,,,,0.9
AvailabilityFactor,INV,GLOBAL,PWRNGSBRBXX,,,,2039,,,,,,0.9
AvailabilityFactor,INV,GLOBAL,PWRNGSBRBXX,,,,2040,,,,,,0.9
AvailabilityFactor,INV,GLOBAL,PWRNGSBRBXX,,,,2041,,,,,,0.9
AvailabilityFactor,INV,GLOBAL,PWRNGSBRBXX,,,,2042,,,,,,0.9
AvailabilityFactor,INV,GLOBAL,PWRNGSBRBXX,,,,2043,,,,,,0.9
AvailabilityFactor,INV,GLOBAL,PWRNGSBRBXX,,,,2044,,,,,,0.9
AvailabilityFactor,INV,GLOBAL,PWRNGSBRBXX,,,,2045,,,,,,0.9
AvailabilityFactor,INV,GLOBAL,PWRNGSBRBXX,,,,2046,,,,,,0.9
AvailabilityFactor,INV,GLOBAL,PWRNGSBRBXX,,,,2047,,,,,,0.9
AvailabilityFactor,INV,GLOBAL,PWRNGSBRBXX,,,,2048,,,,,,0.9
AvailabilityFactor,INV,GLOBAL,PWRNGSBRBXX,,,,2049,,,,,,0.9
AvailabilityFactor,INV,GLOBAL,PWRNGSBRBXX,,,,2050,,,,,,0.9
AvailabilityFactor,INV,GLOBAL,PWRURNCOLXX,,,,2023,,,,,,0.9
AvailabilityFactor,INV,GLOBAL,PWRURNCOLXX,,,,2024,,,,,,0.9
AvailabilityFactor,INV,GLOBAL,PWRURNCOLXX,,,,2025,,,,,,0.9
AvailabilityFactor,INV,GLOBAL,PWRURNCOLXX,,,,2026,,,,,,0.9
AvailabilityFactor,INV,GLOBAL,PWRURNCOLXX,,,,2027,,,,,,0.9
AvailabilityFactor,INV,GLOBAL,PWRURNCOLXX,,,,2028,,,,,,0.9
AvailabilityFactor,INV,GLOBAL,PWRURNCOLXX,,,,2029,,,,,,0.9
AvailabilityFactor,INV,GLOBAL,PWRURNCOLXX,,,,2030,,,,,,0.9
AvailabilityFactor,INV,GLOBAL,PWRURNCOLXX,,,,2031,,,,,,0.9
AvailabilityFactor,INV,GLOBAL,PWRURNCOLXX,,,,2032,,,,,,0.9
AvailabilityFactor,INV,GLOBAL,PWRURNCOLXX,,,,2033,,,,,,0.9
AvailabilityFactor,INV,GLOBAL,PWRURNCOLXX,,,,2034,,,,,,0.9
AvailabilityFactor,INV,GLOBAL,PWRURNCOLXX,,,,2035,,,,,,0.9
AvailabilityFactor,INV,GLOBAL,PWRURNCOLXX,,,,2036,,,,,,0.9
AvailabilityFactor,INV,GLOBAL,PWRURNCOLXX,,,,2037,,,,,,0.9
AvailabilityFactor,INV,GLOBAL,PWRURNCOLXX,,,,2038,,,,,,0.9
AvailabilityFactor,INV,GLOBAL,PWRURNCOLXX,,,,2039,,,,,,0.9
AvailabilityFactor,INV,GLOBAL,PWRURNCOLXX,,,,2040,,,,,,0.9
AvailabilityFactor,INV,GLOBAL,PWRURNCOLXX,,,,2041,,,,,,0.9
AvailabilityFactor,INV,GLOBAL,PWRURNCOLXX,,,,2042,,,,,,0.9
AvailabilityFactor,INV,GLOBAL,PWRURNCOLXX,,,,2043,,,,,,0.9
AvailabilityFactor,INV,GLOBAL,PWRURNCOLXX,,,,2044,,,,,,0.9
AvailabilityFactor,INV,GLOBAL,PWRURNCOLXX,,,,2045,,,,,,0.9
AvailabilityFactor,INV,GLOBAL,PWRURNCOLXX,,,,2046,,,,,,0.9
AvailabilityFactor,INV,GLOBAL,PWRURNCOLXX,,,,2047,,,,,,0.9
AvailabilityFactor,INV,GLOBAL,PWRURNCOLXX,,,,2048,,,,,,0.9
AvailabilityFactor,INV,GLOBAL,PWRURNCOLXX,,,,2049,,,,,,0.9
AvailabilityFactor,INV,GLOBAL,PWRURNCOLXX,,,,2050,,,,,,0.9
AvailabilityFactor,INV,GLOBAL,PWRHYDPANXX,,,,2023,,,,,,0.9
AvailabilityFactor,INV,GLOBAL,PWRHYDPANXX,,,,2024,,,,,,0.9
AvailabilityFactor,INV,GLOBAL,PWRHYDPANXX,,,,2025,,,,,,0.9
AvailabilityFactor,INV,GLOBAL,PWRHYDPANXX,,,,2026,,,,,,0.9
AvailabilityFactor,INV,GLOBAL,PWRHYDPANXX,,,,2027,,,,,,0.9
AvailabilityFactor,INV,GLOBAL,PWRHYDPANXX,,,,2028,,,,,,0.9
AvailabilityFactor,INV,GLOBAL,PWRHYDPANXX,,,,2029,,,,,,0.9
AvailabilityFactor,INV,GLOBAL,PWRHYDPANXX,,,,2030,,,,,,0.9
AvailabilityFactor,INV,GLOBAL,PWRHYDPANXX,,,,2031,,,,,,0.9
AvailabilityFactor,INV,GLOBAL,PWRHYDPANXX,,,,2032,,,,,,0.9
AvailabilityFactor,INV,GLOBAL,PWRHYDPANXX,,,,2033,,,,,,0.9
AvailabilityFactor,INV,GLOBAL,PWRHYDPANXX,,,,2034,,,,,,0.9
AvailabilityFactor,INV,GLOBAL,PWRHYDPANXX,,,,2035,,,,,,0.9
AvailabilityFactor,INV,GLOBAL,PWRHYDPANXX,,,,2036,,,,,,0.9
AvailabilityFactor,INV,GLOBAL,PWRHYDPANXX,,,,2037,,,,,,0.9
AvailabilityFactor,INV,GLOBAL,PWRHYDPANXX,,,,2038,,,,,,0.9
AvailabilityFactor,INV,GLOBAL,PWRHYDPANXX,,,,2039,,,,,,0.9
AvailabilityFactor,INV,GLOBAL,PWRHYDPANXX,,,,2040,,,,,,0.9
AvailabilityFactor,INV,GLOBAL,PWRHYDPANXX,,,,2041,,,,,,0.9
AvailabilityFactor,INV,GLOBAL,PWRHYDPANXX,,,,2042,,,,,,0.9
AvailabilityFactor,INV,GLOBAL,PWRHYDPANXX,,,,2043,,,,,,0.9
AvailabilityFactor,INV,GLOBAL,PWRHYDPANXX,,,,2044,,,,,,0.9
AvailabilityFactor,INV,GLOBAL,PWRHYDPANXX,,,,2045,,,,,,0.9
AvailabilityFactor,INV,GLOBAL,PWRHYDPANXX,,,,2046,,,,,,0.9
AvailabilityFactor,INV,GLOBAL,PWRHYDPANXX,,,,2047,,,,,,0.9
AvailabilityFactor,INV,GLOBAL,PWRHYDPANXX,,,,2048,,,,,,0.9
AvailabilityFactor,INV,GLOBAL,PWRHYDPANXX,,,,2049,,,,,,0.9
AvailabilityFactor,INV,GLOBAL,PWRHYDPANXX,,,,2050,,,,,,0.9
AvailabilityFactor,INV,GLOBAL,PWRSPVECUXX,,,,2023,,,,,,0.9
AvailabilityFactor,INV,GLOBAL,PWRSPVECUXX,,,,2024,,,,,,0.9
AvailabilityFactor,INV,GLOBAL,PWRSPVECUXX,,,,2025,,,,,,0.9
AvailabilityFactor,INV,GLOBAL,PWRSPVECUXX,,,,2026,,,,,,0.9
AvailabilityFactor,INV,GLOBAL,PWRSPVECUXX,,,,2027,,,,,,0.9
AvailabilityFactor,INV,GLOBAL,PWRSPVECUXX,,,,2028,,,,,,0.9
AvailabilityFactor,INV,GLOBAL,PWRSPVECUXX,,,,2029,,,,,,0.9
AvailabilityFactor,INV,GLOBAL,PWRSPVECUXX,,,,2030,,,,,,0.9
AvailabilityFactor,INV,GLOBAL,PWRSPVECUXX,,,,2031,,,,,,0.9
AvailabilityFactor,INV,GLOBAL,PWRSPVECUXX,,,,2032,,,,,,0.9
AvailabilityFactor,INV,GLOBAL,PWRSPVECUXX,,,,2033,,,,,,0.9
AvailabilityFactor,INV,GLOBAL,PWRSPVECUXX,,,,2034,,,,,,0.9
AvailabilityFactor,INV,GLOBAL,PWRSPVECUXX,,,,2035,,,,,,0.9
AvailabilityFactor,INV,GLOBAL,PWRSPVECUXX,,,,2036,,,,,,0.9
AvailabilityFactor,INV,GLOBAL,PWRSPVECUXX,,,,2037,,,,,,0.9
AvailabilityFactor,INV,GLOBAL,PWRSPVECUXX,,,,2038,,,,,,0.9
AvailabilityFactor,INV,GLOBAL,PWRSPVECUXX,,,,2039,,,,,,0.9
AvailabilityFactor,INV,GLOBAL,PWRSPVECUXX,,,,2040,,,,,,0.9
AvailabilityFactor,INV,GLOBAL,PWRSPVECUXX,,,,2041,,,,,,0.9
AvailabilityFactor,INV,GLOBAL,PWRSPVECUXX,,,,2042,,,,,,0.9
AvailabilityFactor,INV,GLOBAL,PWRSPVECUXX,,,,2043,,,,,,0.9
AvailabilityFactor,INV,GLOBAL,PWRSPVECUXX,,,,2044,,,,,,0.9
AvailabilityFactor,INV,GLOBAL,PWRSPVECUXX,,,,2045,,,,,,0.9
AvailabilityFactor,INV,GLOBAL,PWRSPVECUXX,,,,2046,,,,,,0.9
AvailabilityFactor,INV,GLOBAL,PWRSPVECUXX,,,,2047,,,,,,0.9
AvailabilityFactor,INV,GLOBAL,PWRSPVECUXX,,,,2048,,,,,,0.9
AvailabilityFactor,INV,GLOBAL,PWRSPVECUXX,,,,2049,,,,,,0.9
AvailabilityFactor,INV,GLOBAL,PWRSPVECUXX,,,,2050,,,,,,0.9
AvailabilityFactor,INV,GLOBAL,PWRURNURYXX,,,,2023,,,,,,0.9
AvailabilityFactor,INV,GLOBAL,PWRURNURYXX,,,,2024,,,,,,0.9
AvailabilityFactor,INV,GLOBAL,PWRURNURYXX,,,,2025,,,,,,0.9
AvailabilityFactor,INV,GLOBAL,PWRURNURYXX,,,,2026,,,,,,0.9
AvailabilityFactor,INV,GLOBAL,PWRURNURYXX,,,,2027,,,,,,0.9
AvailabilityFactor,INV,GLOBAL,PWRURNURYXX,,,,2028,,,,,,0.9
AvailabilityFactor,INV,GLOBAL,PWRURNURYXX,,,,2029,,,,,,0.9
AvailabilityFactor,INV,GLOBAL,PWRURNURYXX,,,,2030,,,,,,0.9
AvailabilityFactor,INV,GLOBAL,PWRURNURYXX,,,,2031,,,,,,0.9
AvailabilityFactor,INV,GLOBAL,PWRURNURYXX,,,,2032,,,,,,0.9
AvailabilityFactor,INV,GLOBAL,PWRURNURYXX,,,,2033,,,,,,0.9
AvailabilityFactor,INV,GLOBAL,PWRURNURYXX,,,,2034,,,,,,0.9
AvailabilityFactor,INV,GLOBAL,PWRURNURYXX,,,,2035,,,,,,0.9
AvailabilityFactor,INV,GLOBAL,PWRURNURYXX,,,,2036,,,,,,0.9
AvailabilityFactor,INV,GLOBAL,PWRURNURYXX,,,,2037,,,,,,0.9
AvailabilityFactor,INV,GLOBAL,PWRURNURYXX,,,,2038,,,,,,0.9
AvailabilityFactor,INV,GLOBAL,PWRURNURYXX,,,,2039,,,,,,0.9
AvailabilityFactor,INV,GLOBAL,PWRURNURYXX,,,,2040,,,,,,0.9
AvailabilityFactor,INV,GLOBAL,PWRURNURYXX,,,,2041,,,,,,0.9
AvailabilityFactor,INV,GLOBAL,PWRURNURYXX,,,,2042,,,,,,0.9
AvailabilityFactor,INV,GLOBAL,PWRURNURYXX,,,,2043,,,,,,0.9
AvailabilityFactor,INV,GLOBAL,PWRURNURYXX,,,,2044,,,,,,0.9
AvailabilityFactor,INV,GLOBAL,PWRURNURYXX,,,,2045,,,,,,0.9
AvailabilityFactor,INV,GLOBAL,PWRURNURYXX,,,,2046,,,,,,0.9
AvailabilityFactor,INV,GLOBAL,PWRURNURYXX,,,,2047,,,,,,0.9
AvailabilityFactor,INV,GLOBAL,PWRURNURYXX,,,,2048,,,,,,0.9
AvailabilityFactor,INV,GLOBAL,PWRURNURYXX,,,,2049,,,,,,0.9
AvailabilityFactor,INV,GLOBAL,PWRURNURYXX,,,,2050,,,,,,0.9
AvailabilityFactor,INV,GLOBAL,PWRWOFHNDXX,,,,2023,,,,,,0.9
AvailabilityFactor,INV,GLOBAL,PWRWOFHNDXX,,,,2024,,,,,,0.9
AvailabilityFactor,INV,GLOBAL,PWRWOFHNDXX,,,,2025,,,,,,0.9
AvailabilityFactor,INV,GLOBAL,PWRWOFHNDXX,,,,2026,,,,,,0.9
AvailabilityFactor,INV,GLOBAL,PWRWOFHNDXX,,,,2027,,,,,,0.9
AvailabilityFactor,INV,GLOBAL,PWRWOFHNDXX,,,,2028,,,,,,0.9
AvailabilityFactor,INV,GLOBAL,PWRWOFHNDXX,,,,2029,,,,,,0.9
AvailabilityFactor,INV,GLOBAL,PWRWOFHNDXX,,,,2030,,,,,,0.9
AvailabilityFactor,INV,GLOBAL,PWRWOFHNDXX,,,,2031,,,,,,0.9
AvailabilityFactor,INV,GLOBAL,PWRWOFHNDXX,,,,2032,,,,,,0.9
AvailabilityFactor,INV,GLOBAL,PWRWOFHNDXX,,,,2033,,,,,,0.9
AvailabilityFactor,INV,GLOBAL,PWRWOFHNDXX,,,,2034,,,,,,0.9
AvailabilityFactor,INV,GLOBAL,PWRWOFHNDXX,,,,2035,,,,,,0.9
AvailabilityFactor,INV,GLOBAL,PWRWOFHNDXX,,,,2036,,,,,,0.9
AvailabilityFactor,INV,GLOBAL,PWRWOFHNDXX,,,,2037,,,,,,0.9
AvailabilityFactor,INV,GLOBAL,PWRWOFHNDXX,,,,2038,,,,,,0.9
AvailabilityFactor,INV,GLOBAL,PWRWOFHNDXX,,,,2039,,,,,,0.9
AvailabilityFactor,INV,GLOBAL,PWRWOFHNDXX,,,,2040,,,,,,0.9
AvailabilityFactor,INV,GLOBAL,PWRWOFHNDXX,,,,2041,,,,,,0.9
AvailabilityFactor,INV,GLOBAL,PWRWOFHNDXX,,,,2042,,,,,,0.9
AvailabilityFactor,INV,GLOBAL,PWRWOFHNDXX,,,,2043,,,,,,0.9
AvailabilityFactor,INV,GLOBAL,PWRWOFHNDXX,,,,2044,,,,,,0.9
AvailabilityFactor,INV,GLOBAL,PWRWOFHNDXX,,,,2045,,,,,,0.9
AvailabilityFactor,INV,GLOBAL,PWRWOFHNDXX,,,,2046,,,,,,0.9
AvailabilityFactor,INV,GLOBAL,PWRWOFHNDXX,,,,2047,,,,,,0.9
AvailabilityFactor,INV,GLOBAL,PWRWOFHNDXX,,,,2048,,,,,,0.9
AvailabilityFactor,INV,GLOBAL,PWRWOFHNDXX,,,,2049,,,,,,0.9
AvailabilityFactor,INV,GLOBAL,PWRWOFHNDXX,,,,2050,,,,,,0.9
AvailabilityFactor,INV,GLOBAL,PWRCCSHNDXX,,,,2023,,,,,,0.9
AvailabilityFactor,INV,GLOBAL,PWRCCSHNDXX,,,,2024,,,,,,0.9
AvailabilityFactor,INV,GLOBAL,PWRCCSHNDXX,,,,2025,,,,,,0.9
AvailabilityFactor,INV,GLOBAL,PWRCCSHNDXX,,,,2026,,,,,,0.9
AvailabilityFactor,INV,GLOBAL,PWRCCSHNDXX,,,,2027,,,,,,0.9
AvailabilityFactor,INV,GLOBAL,PWRCCSHNDXX,,,,2028,,,,,,0.9
AvailabilityFactor,INV,GLOBAL,PWRCCSHNDXX,,,,2029,,,,,,0.9
AvailabilityFactor,INV,GLOBAL,PWRCCSHNDXX,,,,2030,,,,,,0.9
AvailabilityFactor,INV,GLOBAL,PWRCCSHNDXX,,,,2031,,,,,,0.9
AvailabilityFactor,INV,GLOBAL,PWRCCSHNDXX,,,,2032,,,,,,0.9
AvailabilityFactor,INV,GLOBAL,PWRCCSHNDXX,,,,2033,,,,,,0.9
AvailabilityFactor,INV,GLOBAL,PWRCCSHNDXX,,,,2034,,,,,,0.9
AvailabilityFactor,INV,GLOBAL,PWRCCSHNDXX,,,,2035,,,,,,0.9
AvailabilityFactor,INV,GLOBAL,PWRCCSHNDXX,,,,2036,,,,,,0.9
AvailabilityFactor,INV,GLOBAL,PWRCCSHNDXX,,,,2037,,,,,,0.9
AvailabilityFactor,INV,GLOBAL,PWRCCSHNDXX,,,,2038,,,,,,0.9
AvailabilityFactor,INV,GLOBAL,PWRCCSHNDXX,,,,2039,,,,,,0.9
AvailabilityFactor,INV,GLOBAL,PWRCCSHNDXX,,,,2040,,,,,,0.9
AvailabilityFactor,INV,GLOBAL,PWRCCSHNDXX,,,,2041,,,,,,0.9
AvailabilityFactor,INV,GLOBAL,PWRCCSHNDXX,,,,2042,,,,,,0.9
AvailabilityFactor,INV,GLOBAL,PWRCCSHNDXX,,,,2043,,,,,,0.9
AvailabilityFactor,INV,GLOBAL,PWRCCSHNDXX,,,,2044,,,,,,0.9
AvailabilityFactor,INV,GLOBAL,PWRCCSHNDXX,,,,2045,,,,,,0.9
AvailabilityFactor,INV,GLOBAL,PWRCCSHNDXX,,,,2046,,,,,,0.9
AvailabilityFactor,INV,GLOBAL,PWRCCSHNDXX,,,,2047,,,,,,0.9
AvailabilityFactor,INV,GLOBAL,PWRCCSHNDXX,,,,2048,,,,,,0.9
AvailabilityFactor,INV,GLOBAL,PWRCCSHNDXX,,,,2049,,,,,,0.9
AvailabilityFactor,INV,GLOBAL,PWRCCSHNDXX,,,,2050,,,,,,0.9
AvailabilityFactor,INV,GLOBAL,PWRNGSMEXXX,,,,2023,,,,,,0.9
AvailabilityFactor,INV,GLOBAL,PWRNGSMEXXX,,,,2024,,,,,,0.9
AvailabilityFactor,INV,GLOBAL,PWRNGSMEXXX,,,,2025,,,,,,0.9
AvailabilityFactor,INV,GLOBAL,PWRNGSMEXXX,,,,2026,,,,,,0.9
AvailabilityFactor,INV,GLOBAL,PWRNGSMEXXX,,,,2027,,,,,,0.9
AvailabilityFactor,INV,GLOBAL,PWRNGSMEXXX,,,,2028,,,,,,0.9
AvailabilityFactor,INV,GLOBAL,PWRNGSMEXXX,,,,2029,,,,,,0.9
AvailabilityFactor,INV,GLOBAL,PWRNGSMEXXX,,,,2030,,,,,,0.9
AvailabilityFactor,INV,GLOBAL,PWRNGSMEXXX,,,,2031,,,,,,0.9
AvailabilityFactor,INV,GLOBAL,PWRNGSMEXXX,,,,2032,,,,,,0.9
AvailabilityFactor,INV,GLOBAL,PWRNGSMEXXX,,,,2033,,,,,,0.9
AvailabilityFactor,INV,GLOBAL,PWRNGSMEXXX,,,,2034,,,,,,0.9
AvailabilityFactor,INV,GLOBAL,PWRNGSMEXXX,,,,2035,,,,,,0.9
AvailabilityFactor,INV,GLOBAL,PWRNGSMEXXX,,,,2036,,,,,,0.9
AvailabilityFactor,INV,GLOBAL,PWRNGSMEXXX,,,,2037,,,,,,0.9
AvailabilityFactor,INV,GLOBAL,PWRNGSMEXXX,,,,2038,,,,,,0.9
AvailabilityFactor,INV,GLOBAL,PWRNGSMEXXX,,,,2039,,,,,,0.9
AvailabilityFactor,INV,GLOBAL,PWRNGSMEXXX,,,,2040,,,,,,0.9
AvailabilityFactor,INV,GLOBAL,PWRNGSMEXXX,,,,2041,,,,,,0.9
AvailabilityFactor,INV,GLOBAL,PWRNGSMEXXX,,,,2042,,,,,,0.9
AvailabilityFactor,INV,GLOBAL,PWRNGSMEXXX,,,,2043,,,,,,0.9
AvailabilityFactor,INV,GLOBAL,PWRNGSMEXXX,,,,2044,,,,,,0.9
AvailabilityFactor,INV,GLOBAL,PWRNGSMEXXX,,,,2045,,,,,,0.9
AvailabilityFactor,INV,GLOBAL,PWRNGSMEXXX,,,,2046,,,,,,0.9
AvailabilityFactor,INV,GLOBAL,PWRNGSMEXXX,,,,2047,,,,,,0.9
AvailabilityFactor,INV,GLOBAL,PWRNGSMEXXX,,,,2048,,,,,,0.9
AvailabilityFactor,INV,GLOBAL,PWRNGSMEXXX,,,,2049,,,,,,0.9
AvailabilityFactor,INV,GLOBAL,PWRNGSMEXXX,,,,2050,,,,,,0.9
AvailabilityFactor,INV,GLOBAL,PWRWONBRBXX,,,,2023,,,,,,0.9
AvailabilityFactor,INV,GLOBAL,PWRWONBRBXX,,,,2024,,,,,,0.9
AvailabilityFactor,INV,GLOBAL,PWRWONBRBXX,,,,2025,,,,,,0.9
AvailabilityFactor,INV,GLOBAL,PWRWONBRBXX,,,,2026,,,,,,0.9
AvailabilityFactor,INV,GLOBAL,PWRWONBRBXX,,,,2027,,,,,,0.9
AvailabilityFactor,INV,GLOBAL,PWRWONBRBXX,,,,2028,,,,,,0.9
AvailabilityFactor,INV,GLOBAL,PWRWONBRBXX,,,,2029,,,,,,0.9
AvailabilityFactor,INV,GLOBAL,PWRWONBRBXX,,,,2030,,,,,,0.9
AvailabilityFactor,INV,GLOBAL,PWRWONBRBXX,,,,2031,,,,,,0.9
AvailabilityFactor,INV,GLOBAL,PWRWONBRBXX,,,,2032,,,,,,0.9
AvailabilityFactor,INV,GLOBAL,PWRWONBRBXX,,,,2033,,,,,,0.9
AvailabilityFactor,INV,GLOBAL,PWRWONBRBXX,,,,2034,,,,,,0.9
AvailabilityFactor,INV,GLOBAL,PWRWONBRBXX,,,,2035,,,,,,0.9
AvailabilityFactor,INV,GLOBAL,PWRWONBRBXX,,,,2036,,,,,,0.9
AvailabilityFactor,INV,GLOBAL,PWRWONBRBXX,,,,2037,,,,,,0.9
AvailabilityFactor,INV,GLOBAL,PWRWONBRBXX,,,,2038,,,,,,0.9
AvailabilityFactor,INV,GLOBAL,PWRWONBRBXX,,,,2039,,,,,,0.9
AvailabilityFactor,INV,GLOBAL,PWRWONBRBXX,,,,2040,,,,,,0.9
AvailabilityFactor,INV,GLOBAL,PWRWONBRBXX,,,,2041,,,,,,0.9
AvailabilityFactor,INV,GLOBAL,PWRWONBRBXX,,,,2042,,,,,,0.9
AvailabilityFactor,INV,GLOBAL,PWRWONBRBXX,,,,2043,,,,,,0.9
AvailabilityFactor,INV,GLOBAL,PWRWONBRBXX,,,,2044,,,,,,0.9
AvailabilityFactor,INV,GLOBAL,PWRWONBRBXX,,,,2045,,,,,,0.9
AvailabilityFactor,INV,GLOBAL,PWRWONBRBXX,,,,2046,,,,,,0.9
AvailabilityFactor,INV,GLOBAL,PWRWONBRBXX,,,,2047,,,,,,0.9
AvailabilityFactor,INV,GLOBAL,PWRWONBRBXX,,,,2048,,,,,,0.9
AvailabilityFactor,INV,GLOBAL,PWRWONBRBXX,,,,2049,,,,,,0.9
AvailabilityFactor,INV,GLOBAL,PWRWONBRBXX,,,,2050,,,,,,0.9
AvailabilityFactor,INV,GLOBAL,PWRHYDMEXXX,,,,2023,,,,,,0.9
AvailabilityFactor,INV,GLOBAL,PWRHYDMEXXX,,,,2024,,,,,,0.9
AvailabilityFactor,INV,GLOBAL,PWRHYDMEXXX,,,,2025,,,,,,0.9
AvailabilityFactor,INV,GLOBAL,PWRHYDMEXXX,,,,2026,,,,,,0.9
AvailabilityFactor,INV,GLOBAL,PWRHYDMEXXX,,,,2027,,,,,,0.9
AvailabilityFactor,INV,GLOBAL,PWRHYDMEXXX,,,,2028,,,,,,0.9
AvailabilityFactor,INV,GLOBAL,PWRHYDMEXXX,,,,2029,,,,,,0.9
AvailabilityFactor,INV,GLOBAL,PWRHYDMEXXX,,,,2030,,,,,,0.9
AvailabilityFactor,INV,GLOBAL,PWRHYDMEXXX,,,,2031,,,,,,0.9
AvailabilityFactor,INV,GLOBAL,PWRHYDMEXXX,,,,2032,,,,,,0.9
AvailabilityFactor,INV,GLOBAL,PWRHYDMEXXX,,,,2033,,,,,,0.9
AvailabilityFactor,INV,GLOBAL,PWRHYDMEXXX,,,,2034,,,,,,0.9
AvailabilityFactor,INV,GLOBAL,PWRHYDMEXXX,,,,2035,,,,,,0.9
AvailabilityFactor,INV,GLOBAL,PWRHYDMEXXX,,,,2036,,,,,,0.9
AvailabilityFactor,INV,GLOBAL,PWRHYDMEXXX,,,,2037,,,,,,0.9
AvailabilityFactor,INV,GLOBAL,PWRHYDMEXXX,,,,2038,,,,,,0.9
AvailabilityFactor,INV,GLOBAL,PWRHYDMEXXX,,,,2039,,,,,,0.9
AvailabilityFactor,INV,GLOBAL,PWRHYDMEXXX,,,,2040,,,,,,0.9
AvailabilityFactor,INV,GLOBAL,PWRHYDMEXXX,,,,2041,,,,,,0.9
AvailabilityFactor,INV,GLOBAL,PWRHYDMEXXX,,,,2042,,,,,,0.9
AvailabilityFactor,INV,GLOBAL,PWRHYDMEXXX,,,,2043,,,,,,0.9
AvailabilityFactor,INV,GLOBAL,PWRHYDMEXXX,,,,2044,,,,,,0.9
AvailabilityFactor,INV,GLOBAL,PWRHYDMEXXX,,,,2045,,,,,,0.9
AvailabilityFactor,INV,GLOBAL,PWRHYDMEXXX,,,,2046,,,,,,0.9
AvailabilityFactor,INV,GLOBAL,PWRHYDMEXXX,,,,2047,,,,,,0.9
AvailabilityFactor,INV,GLOBAL,PWRHYDMEXXX,,,,2048,,,,,,0.9
AvailabilityFactor,INV,GLOBAL,PWRHYDMEXXX,,,,2049,,,,,,0.9
AvailabilityFactor,INV,GLOBAL,PWRHYDMEXXX,,,,2050,,,,,,0.9
AvailabilityFactor,INV,GLOBAL,PWRCCSPERXX,,,,2023,,,,,,0.9
AvailabilityFactor,INV,GLOBAL,PWRCCSPERXX,,,,2024,,,,,,0.9
AvailabilityFactor,INV,GLOBAL,PWRCCSPERXX,,,,2025,,,,,,0.9
AvailabilityFactor,INV,GLOBAL,PWRCCSPERXX,,,,2026,,,,,,0.9
AvailabilityFactor,INV,GLOBAL,PWRCCSPERXX,,,,2027,,,,,,0.9
AvailabilityFactor,INV,GLOBAL,PWRCCSPERXX,,,,2028,,,,,,0.9
AvailabilityFactor,INV,GLOBAL,PWRCCSPERXX,,,,2029,,,,,,0.9
AvailabilityFactor,INV,GLOBAL,PWRCCSPERXX,,,,2030,,,,,,0.9
AvailabilityFactor,INV,GLOBAL,PWRCCSPERXX,,,,2031,,,,,,0.9
AvailabilityFactor,INV,GLOBAL,PWRCCSPERXX,,,,2032,,,,,,0.9
AvailabilityFactor,INV,GLOBAL,PWRCCSPERXX,,,,2033,,,,,,0.9
AvailabilityFactor,INV,GLOBAL,PWRCCSPERXX,,,,2034,,,,,,0.9
AvailabilityFactor,INV,GLOBAL,PWRCCSPERXX,,,,2035,,,,,,0.9
AvailabilityFactor,INV,GLOBAL,PWRCCSPERXX,,,,2036,,,,,,0.9
AvailabilityFactor,INV,GLOBAL,PWRCCSPERXX,,,,2037,,,,,,0.9
AvailabilityFactor,INV,GLOBAL,PWRCCSPERXX,,,,2038,,,,,,0.9
AvailabilityFactor,INV,GLOBAL,PWRCCSPERXX,,,,2039,,,,,,0.9
AvailabilityFactor,INV,GLOBAL,PWRCCSPERXX,,,,2040,,,,,,0.9
AvailabilityFactor,INV,GLOBAL,PWRCCSPERXX,,,,2041,,,,,,0.9
AvailabilityFactor,INV,GLOBAL,PWRCCSPERXX,,,,2042,,,,,,0.9
AvailabilityFactor,INV,GLOBAL,PWRCCSPERXX,,,,2043,,,,,,0.9
AvailabilityFactor,INV,GLOBAL,PWRCCSPERXX,,,,2044,,,,,,0.9
AvailabilityFactor,INV,GLOBAL,PWRCCSPERXX,,,,2045,,,,,,0.9
AvailabilityFactor,INV,GLOBAL,PWRCCSPERXX,,,,2046,,,,,,0.9
AvailabilityFactor,INV,GLOBAL,PWRCCSPERXX,,,,2047,,,,,,0.9
AvailabilityFactor,INV,GLOBAL,PWRCCSPERXX,,,,2048,,,,,,0.9
AvailabilityFactor,INV,GLOBAL,PWRCCSPERXX,,,,2049,,,,,,0.9
AvailabilityFactor,INV,GLOBAL,PWRCCSPERXX,,,,2050,,,,,,0.9
AvailabilityFactor,INV,GLOBAL,PWROILNICXX,,,,2023,,,,,,0.8
AvailabilityFactor,INV,GLOBAL,PWROILNICXX,,,,2024,,,,,,0.8
AvailabilityFactor,INV,GLOBAL,PWROILNICXX,,,,2025,,,,,,0.8
AvailabilityFactor,INV,GLOBAL,PWROILNICXX,,,,2026,,,,,,0.8
AvailabilityFactor,INV,GLOBAL,PWROILNICXX,,,,2027,,,,,,0.8
AvailabilityFactor,INV,GLOBAL,PWROILNICXX,,,,2028,,,,,,0.8
AvailabilityFactor,INV,GLOBAL,PWROILNICXX,,,,2029,,,,,,0.8
AvailabilityFactor,INV,GLOBAL,PWROILNICXX,,,,2030,,,,,,0.8
AvailabilityFactor,INV,GLOBAL,PWROILNICXX,,,,2031,,,,,,0.8
AvailabilityFactor,INV,GLOBAL,PWROILNICXX,,,,2032,,,,,,0.8
AvailabilityFactor,INV,GLOBAL,PWROILNICXX,,,,2033,,,,,,0.8
AvailabilityFactor,INV,GLOBAL,PWROILNICXX,,,,2034,,,,,,0.8
AvailabilityFactor,INV,GLOBAL,PWROILNICXX,,,,2035,,,,,,0.8
AvailabilityFactor,INV,GLOBAL,PWROILNICXX,,,,2036,,,,,,0.8
AvailabilityFactor,INV,GLOBAL,PWROILNICXX,,,,2037,,,,,,0.8
AvailabilityFactor,INV,GLOBAL,PWROILNICXX,,,,2038,,,,,,0.8
AvailabilityFactor,INV,GLOBAL,PWROILNICXX,,,,2039,,,,,,0.8
AvailabilityFactor,INV,GLOBAL,PWROILNICXX,,,,2040,,,,,,0.8
AvailabilityFactor,INV,GLOBAL,PWROILNICXX,,,,2041,,,,,,0.8
AvailabilityFactor,INV,GLOBAL,PWROILNICXX,,,,2042,,,,,,0.8
AvailabilityFactor,INV,GLOBAL,PWROILNICXX,,,,2043,,,,,,0.8
AvailabilityFactor,INV,GLOBAL,PWROILNICXX,,,,2044,,,,,,0.8
AvailabilityFactor,INV,GLOBAL,PWROILNICXX,,,,2045,,,,,,0.8
AvailabilityFactor,INV,GLOBAL,PWROILNICXX,,,,2046,,,,,,0.8
AvailabilityFactor,INV,GLOBAL,PWROILNICXX,,,,2047,,,,,,0.8
AvailabilityFactor,INV,GLOBAL,PWROILNICXX,,,,2048,,,,,,0.8
AvailabilityFactor,INV,GLOBAL,PWROILNICXX,,,,2049,,,,,,0.8
AvailabilityFactor,INV,GLOBAL,PWROILNICXX,,,,2050,,,,,,0.8
AvailabilityFactor,INV,GLOBAL,PWRHYDGTMXX,,,,2023,,,,,,0.9
AvailabilityFactor,INV,GLOBAL,PWRHYDGTMXX,,,,2024,,,,,,0.9
AvailabilityFactor,INV,GLOBAL,PWRHYDGTMXX,,,,2025,,,,,,0.9
AvailabilityFactor,INV,GLOBAL,PWRHYDGTMXX,,,,2026,,,,,,0.9
AvailabilityFactor,INV,GLOBAL,PWRHYDGTMXX,,,,2027,,,,,,0.9
AvailabilityFactor,INV,GLOBAL,PWRHYDGTMXX,,,,2028,,,,,,0.9
AvailabilityFactor,INV,GLOBAL,PWRHYDGTMXX,,,,2029,,,,,,0.9
AvailabilityFactor,INV,GLOBAL,PWRHYDGTMXX,,,,2030,,,,,,0.9
AvailabilityFactor,INV,GLOBAL,PWRHYDGTMXX,,,,2031,,,,,,0.9
AvailabilityFactor,INV,GLOBAL,PWRHYDGTMXX,,,,2032,,,,,,0.9
AvailabilityFactor,INV,GLOBAL,PWRHYDGTMXX,,,,2033,,,,,,0.9
AvailabilityFactor,INV,GLOBAL,PWRHYDGTMXX,,,,2034,,,,,,0.9
AvailabilityFactor,INV,GLOBAL,PWRHYDGTMXX,,,,2035,,,,,,0.9
AvailabilityFactor,INV,GLOBAL,PWRHYDGTMXX,,,,2036,,,,,,0.9
AvailabilityFactor,INV,GLOBAL,PWRHYDGTMXX,,,,2037,,,,,,0.9
AvailabilityFactor,INV,GLOBAL,PWRHYDGTMXX,,,,2038,,,,,,0.9
AvailabilityFactor,INV,GLOBAL,PWRHYDGTMXX,,,,2039,,,,,,0.9
AvailabilityFactor,INV,GLOBAL,PWRHYDGTMXX,,,,2040,,,,,,0.9
AvailabilityFactor,INV,GLOBAL,PWRHYDGTMXX,,,,2041,,,,,,0.9
AvailabilityFactor,INV,GLOBAL,PWRHYDGTMXX,,,,2042,,,,,,0.9
AvailabilityFactor,INV,GLOBAL,PWRHYDGTMXX,,,,2043,,,,,,0.9
AvailabilityFactor,INV,GLOBAL,PWRHYDGTMXX,,,,2044,,,,,,0.9
AvailabilityFactor,INV,GLOBAL,PWRHYDGTMXX,,,,2045,,,,,,0.9
AvailabilityFactor,INV,GLOBAL,PWRHYDGTMXX,,,,2046,,,,,,0.9
AvailabilityFactor,INV,GLOBAL,PWRHYDGTMXX,,,,2047,,,,,,0.9
AvailabilityFactor,INV,GLOBAL,PWRHYDGTMXX,,,,2048,,,,,,0.9
AvailabilityFactor,INV,GLOBAL,PWRHYDGTMXX,,,,2049,,,,,,0.9
AvailabilityFactor,INV,GLOBAL,PWRHYDGTMXX,,,,2050,,,,,,0.9
AvailabilityFactor,INV,GLOBAL,PWRWONCHLXX,,,,2023,,,,,,0.975
AvailabilityFactor,INV,GLOBAL,PWRWONCHLXX,,,,2024,,,,,,0.975
AvailabilityFactor,INV,GLOBAL,PWRWONCHLXX,,,,2025,,,,,,0.975
AvailabilityFactor,INV,GLOBAL,PWRWONCHLXX,,,,2026,,,,,,0.975
AvailabilityFactor,INV,GLOBAL,PWRWONCHLXX,,,,2027,,,,,,0.975
AvailabilityFactor,INV,GLOBAL,PWRWONCHLXX,,,,2028,,,,,,0.975
AvailabilityFactor,INV,GLOBAL,PWRWONCHLXX,,,,2029,,,,,,0.975
AvailabilityFactor,INV,GLOBAL,PWRWONCHLXX,,,,2030,,,,,,0.975
AvailabilityFactor,INV,GLOBAL,PWRWONCHLXX,,,,2031,,,,,,0.975
AvailabilityFactor,INV,GLOBAL,PWRWONCHLXX,,,,2032,,,,,,0.975
AvailabilityFactor,INV,GLOBAL,PWRWONCHLXX,,,,2033,,,,,,0.975
AvailabilityFactor,INV,GLOBAL,PWRWONCHLXX,,,,2034,,,,,,0.975
AvailabilityFactor,INV,GLOBAL,PWRWONCHLXX,,,,2035,,,,,,0.975
AvailabilityFactor,INV,GLOBAL,PWRWONCHLXX,,,,2036,,,,,,0.975
AvailabilityFactor,INV,GLOBAL,PWRWONCHLXX,,,,2037,,,,,,0.975
AvailabilityFactor,INV,GLOBAL,PWRWONCHLXX,,,,2038,,,,,,0.975
AvailabilityFactor,INV,GLOBAL,PWRWONCHLXX,,,,2039,,,,,,0.975
AvailabilityFactor,INV,GLOBAL,PWRWONCHLXX,,,,2040,,,,,,0.975
AvailabilityFactor,INV,GLOBAL,PWRWONCHLXX,,,,2041,,,,,,0.975
AvailabilityFactor,INV,GLOBAL,PWRWONCHLXX,,,,2042,,,,,,0.975
AvailabilityFactor,INV,GLOBAL,PWRWONCHLXX,,,,2043,,,,,,0.975
AvailabilityFactor,INV,GLOBAL,PWRWONCHLXX,,,,2044,,,,,,0.975
AvailabilityFactor,INV,GLOBAL,PWRWONCHLXX,,,,2045,,,,,,0.975
AvailabilityFactor,INV,GLOBAL,PWRWONCHLXX,,,,2046,,,,,,0.975
AvailabilityFactor,INV,GLOBAL,PWRWONCHLXX,,,,2047,,,,,,0.975
AvailabilityFactor,INV,GLOBAL,PWRWONCHLXX,,,,2048,,,,,,0.975
AvailabilityFactor,INV,GLOBAL,PWRWONCHLXX,,,,2049,,,,,,0.975
AvailabilityFactor,INV,GLOBAL,PWRWONCHLXX,,,,2050,,,,,,0.975
AvailabilityFactor,INV,GLOBAL,PWRCOAARGXX,,,,2023,,,,,,0.9
AvailabilityFactor,INV,GLOBAL,PWRCOAARGXX,,,,2024,,,,,,0.9
AvailabilityFactor,INV,GLOBAL,PWRCOAARGXX,,,,2025,,,,,,0.9
AvailabilityFactor,INV,GLOBAL,PWRCOAARGXX,,,,2026,,,,,,0.9
AvailabilityFactor,INV,GLOBAL,PWRCOAARGXX,,,,2027,,,,,,0.9
AvailabilityFactor,INV,GLOBAL,PWRCOAARGXX,,,,2028,,,,,,0.9
AvailabilityFactor,INV,GLOBAL,PWRCOAARGXX,,,,2029,,,,,,0.9
AvailabilityFactor,INV,GLOBAL,PWRCOAARGXX,,,,2030,,,,,,0.9
AvailabilityFactor,INV,GLOBAL,PWRCOAARGXX,,,,2031,,,,,,0.9
AvailabilityFactor,INV,GLOBAL,PWRCOAARGXX,,,,2032,,,,,,0.9
AvailabilityFactor,INV,GLOBAL,PWRCOAARGXX,,,,2033,,,,,,0.9
AvailabilityFactor,INV,GLOBAL,PWRCOAARGXX,,,,2034,,,,,,0.9
AvailabilityFactor,INV,GLOBAL,PWRCOAARGXX,,,,2035,,,,,,0.9
AvailabilityFactor,INV,GLOBAL,PWRCOAARGXX,,,,2036,,,,,,0.9
AvailabilityFactor,INV,GLOBAL,PWRCOAARGXX,,,,2037,,,,,,0.9
AvailabilityFactor,INV,GLOBAL,PWRCOAARGXX,,,,2038,,,,,,0.9
AvailabilityFactor,INV,GLOBAL,PWRCOAARGXX,,,,2039,,,,,,0.9
AvailabilityFactor,INV,GLOBAL,PWRCOAARGXX,,,,2040,,,,,,0.9
AvailabilityFactor,INV,GLOBAL,PWRCOAARGXX,,,,2041,,,,,,0.9
AvailabilityFactor,INV,GLOBAL,PWRCOAARGXX,,,,2042,,,,,,0.9
AvailabilityFactor,INV,GLOBAL,PWRCOAARGXX,,,,2043,,,,,,0.9
AvailabilityFactor,INV,GLOBAL,PWRCOAARGXX,,,,2044,,,,,,0.9
AvailabilityFactor,INV,GLOBAL,PWRCOAARGXX,,,,2045,,,,,,0.9
AvailabilityFactor,INV,GLOBAL,PWRCOAARGXX,,,,2046,,,,,,0.9
AvailabilityFactor,INV,GLOBAL,PWRCOAARGXX,,,,2047,,,,,,0.9
AvailabilityFactor,INV,GLOBAL,PWRCOAARGXX,,,,2048,,,,,,0.9
AvailabilityFactor,INV,GLOBAL,PWRCOAARGXX,,,,2049,,,,,,0.9
AvailabilityFactor,INV,GLOBAL,PWRCOAARGXX,,,,2050,,,,,,0.9
AvailabilityFactor,INV,GLOBAL,PWRURNECUXX,,,,2023,,,,,,0.9
AvailabilityFactor,INV,GLOBAL,PWRURNECUXX,,,,2024,,,,,,0.9
AvailabilityFactor,INV,GLOBAL,PWRURNECUXX,,,,2025,,,,,,0.9
AvailabilityFactor,INV,GLOBAL,PWRURNECUXX,,,,2026,,,,,,0.9
AvailabilityFactor,INV,GLOBAL,PWRURNECUXX,,,,2027,,,,,,0.9
AvailabilityFactor,INV,GLOBAL,PWRURNECUXX,,,,2028,,,,,,0.9
AvailabilityFactor,INV,GLOBAL,PWRURNECUXX,,,,2029,,,,,,0.9
AvailabilityFactor,INV,GLOBAL,PWRURNECUXX,,,,2030,,,,,,0.9
AvailabilityFactor,INV,GLOBAL,PWRURNECUXX,,,,2031,,,,,,0.9
AvailabilityFactor,INV,GLOBAL,PWRURNECUXX,,,,2032,,,,,,0.9
AvailabilityFactor,INV,GLOBAL,PWRURNECUXX,,,,2033,,,,,,0.9
AvailabilityFactor,INV,GLOBAL,PWRURNECUXX,,,,2034,,,,,,0.9
AvailabilityFactor,INV,GLOBAL,PWRURNECUXX,,,,2035,,,,,,0.9
AvailabilityFactor,INV,GLOBAL,PWRURNECUXX,,,,2036,,,,,,0.9
AvailabilityFactor,INV,GLOBAL,PWRURNECUXX,,,,2037,,,,,,0.9
AvailabilityFactor,INV,GLOBAL,PWRURNECUXX,,,,2038,,,,,,0.9
AvailabilityFactor,INV,GLOBAL,PWRURNECUXX,,,,2039,,,,,,0.9
AvailabilityFactor,INV,GLOBAL,PWRURNECUXX,,,,2040,,,,,,0.9
AvailabilityFactor,INV,GLOBAL,PWRURNECUXX,,,,2041,,,,,,0.9
AvailabilityFactor,INV,GLOBAL,PWRURNECUXX,,,,2042,,,,,,0.9
AvailabilityFactor,INV,GLOBAL,PWRURNECUXX,,,,2043,,,,,,0.9
AvailabilityFactor,INV,GLOBAL,PWRURNECUXX,,,,2044,,,,,,0.9
AvailabilityFactor,INV,GLOBAL,PWRURNECUXX,,,,2045,,,,,,0.9
AvailabilityFactor,INV,GLOBAL,PWRURNECUXX,,,,2046,,,,,,0.9
AvailabilityFactor,INV,GLOBAL,PWRURNECUXX,,,,2047,,,,,,0.9
AvailabilityFactor,INV,GLOBAL,PWRURNECUXX,,,,2048,,,,,,0.9
AvailabilityFactor,INV,GLOBAL,PWRURNECUXX,,,,2049,,,,,,0.9
AvailabilityFactor,INV,GLOBAL,PWRURNECUXX,,,,2050,,,,,,0.9
AvailabilityFactor,INV,GLOBAL,PWRPETPERXX,,,,2023,,,,,,0.8
AvailabilityFactor,INV,GLOBAL,PWRPETPERXX,,,,2024,,,,,,0.8
AvailabilityFactor,INV,GLOBAL,PWRPETPERXX,,,,2025,,,,,,0.8
AvailabilityFactor,INV,GLOBAL,PWRPETPERXX,,,,2026,,,,,,0.8
AvailabilityFactor,INV,GLOBAL,PWRPETPERXX,,,,2027,,,,,,0.8
AvailabilityFactor,INV,GLOBAL,PWRPETPERXX,,,,2028,,,,,,0.8
AvailabilityFactor,INV,GLOBAL,PWRPETPERXX,,,,2029,,,,,,0.8
AvailabilityFactor,INV,GLOBAL,PWRPETPERXX,,,,2030,,,,,,0.8
AvailabilityFactor,INV,GLOBAL,PWRPETPERXX,,,,2031,,,,,,0.8
AvailabilityFactor,INV,GLOBAL,PWRPETPERXX,,,,2032,,,,,,0.8
AvailabilityFactor,INV,GLOBAL,PWRPETPERXX,,,,2033,,,,,,0.8
AvailabilityFactor,INV,GLOBAL,PWRPETPERXX,,,,2034,,,,,,0.8
AvailabilityFactor,INV,GLOBAL,PWRPETPERXX,,,,2035,,,,,,0.8
AvailabilityFactor,INV,GLOBAL,PWRPETPERXX,,,,2036,,,,,,0.8
AvailabilityFactor,INV,GLOBAL,PWRPETPERXX,,,,2037,,,,,,0.8
AvailabilityFactor,INV,GLOBAL,PWRPETPERXX,,,,2038,,,,,,0.8
AvailabilityFactor,INV,GLOBAL,PWRPETPERXX,,,,2039,,,,,,0.8
AvailabilityFactor,INV,GLOBAL,PWRPETPERXX,,,,2040,,,,,,0.8
AvailabilityFactor,INV,GLOBAL,PWRPETPERXX,,,,2041,,,,,,0.8
AvailabilityFactor,INV,GLOBAL,PWRPETPERXX,,,,2042,,,,,,0.8
AvailabilityFactor,INV,GLOBAL,PWRPETPERXX,,,,2043,,,,,,0.8
AvailabilityFactor,INV,GLOBAL,PWRPETPERXX,,,,2044,,,,,,0.8
AvailabilityFactor,INV,GLOBAL,PWRPETPERXX,,,,2045,,,,,,0.8
AvailabilityFactor,INV,GLOBAL,PWRPETPERXX,,,,2046,,,,,,0.8
AvailabilityFactor,INV,GLOBAL,PWRPETPERXX,,,,2047,,,,,,0.8
AvailabilityFactor,INV,GLOBAL,PWRPETPERXX,,,,2048,,,,,,0.8
AvailabilityFactor,INV,GLOBAL,PWRPETPERXX,,,,2049,,,,,,0.8
AvailabilityFactor,INV,GLOBAL,PWRPETPERXX,,,,2050,,,,,,0.8
AvailabilityFactor,INV,GLOBAL,PWRHYDDOMXX,,,,2023,,,,,,0.9
AvailabilityFactor,INV,GLOBAL,PWRHYDDOMXX,,,,2024,,,,,,0.9
AvailabilityFactor,INV,GLOBAL,PWRHYDDOMXX,,,,2025,,,,,,0.9
AvailabilityFactor,INV,GLOBAL,PWRHYDDOMXX,,,,2026,,,,,,0.9
AvailabilityFactor,INV,GLOBAL,PWRHYDDOMXX,,,,2027,,,,,,0.9
AvailabilityFactor,INV,GLOBAL,PWRHYDDOMXX,,,,2028,,,,,,0.9
AvailabilityFactor,INV,GLOBAL,PWRHYDDOMXX,,,,2029,,,,,,0.9
AvailabilityFactor,INV,GLOBAL,PWRHYDDOMXX,,,,2030,,,,,,0.9
AvailabilityFactor,INV,GLOBAL,PWRHYDDOMXX,,,,2031,,,,,,0.9
AvailabilityFactor,INV,GLOBAL,PWRHYDDOMXX,,,,2032,,,,,,0.9
AvailabilityFactor,INV,GLOBAL,PWRHYDDOMXX,,,,2033,,,,,,0.9
AvailabilityFactor,INV,GLOBAL,PWRHYDDOMXX,,,,2034,,,,,,0.9
AvailabilityFactor,INV,GLOBAL,PWRHYDDOMXX,,,,2035,,,,,,0.9
AvailabilityFactor,INV,GLOBAL,PWRHYDDOMXX,,,,2036,,,,,,0.9
AvailabilityFactor,INV,GLOBAL,PWRHYDDOMXX,,,,2037,,,,,,0.9
AvailabilityFactor,INV,GLOBAL,PWRHYDDOMXX,,,,2038,,,,,,0.9
AvailabilityFactor,INV,GLOBAL,PWRHYDDOMXX,,,,2039,,,,,,0.9
AvailabilityFactor,INV,GLOBAL,PWRHYDDOMXX,,,,2040,,,,,,0.9
AvailabilityFactor,INV,GLOBAL,PWRHYDDOMXX,,,,2041,,,,,,0.9
AvailabilityFactor,INV,GLOBAL,PWRHYDDOMXX,,,,2042,,,,,,0.9
AvailabilityFactor,INV,GLOBAL,PWRHYDDOMXX,,,,2043,,,,,,0.9
AvailabilityFactor,INV,GLOBAL,PWRHYDDOMXX,,,,2044,,,,,,0.9
AvailabilityFactor,INV,GLOBAL,PWRHYDDOMXX,,,,2045,,,,,,0.9
AvailabilityFactor,INV,GLOBAL,PWRHYDDOMXX,,,,2046,,,,,,0.9
AvailabilityFactor,INV,GLOBAL,PWRHYDDOMXX,,,,2047,,,,,,0.9
AvailabilityFactor,INV,GLOBAL,PWRHYDDOMXX,,,,2048,,,,,,0.9
AvailabilityFactor,INV,GLOBAL,PWRHYDDOMXX,,,,2049,,,,,,0.9
AvailabilityFactor,INV,GLOBAL,PWRHYDDOMXX,,,,2050,,,,,,0.9
AvailabilityFactor,INV,GLOBAL,PWRCOGBRBXX,,,,2023,,,,,,0.8
AvailabilityFactor,INV,GLOBAL,PWRCOGBRBXX,,,,2024,,,,,,0.8
AvailabilityFactor,INV,GLOBAL,PWRCOGBRBXX,,,,2025,,,,,,0.8
AvailabilityFactor,INV,GLOBAL,PWRCOGBRBXX,,,,2026,,,,,,0.8
AvailabilityFactor,INV,GLOBAL,PWRCOGBRBXX,,,,2027,,,,,,0.8
AvailabilityFactor,INV,GLOBAL,PWRCOGBRBXX,,,,2028,,,,,,0.8
AvailabilityFactor,INV,GLOBAL,PWRCOGBRBXX,,,,2029,,,,,,0.8
AvailabilityFactor,INV,GLOBAL,PWRCOGBRBXX,,,,2030,,,,,,0.8
AvailabilityFactor,INV,GLOBAL,PWRCOGBRBXX,,,,2031,,,,,,0.8
AvailabilityFactor,INV,GLOBAL,PWRCOGBRBXX,,,,2032,,,,,,0.8
AvailabilityFactor,INV,GLOBAL,PWRCOGBRBXX,,,,2033,,,,,,0.8
AvailabilityFactor,INV,GLOBAL,PWRCOGBRBXX,,,,2034,,,,,,0.8
AvailabilityFactor,INV,GLOBAL,PWRCOGBRBXX,,,,2035,,,,,,0.8
AvailabilityFactor,INV,GLOBAL,PWRCOGBRBXX,,,,2036,,,,,,0.8
AvailabilityFactor,INV,GLOBAL,PWRCOGBRBXX,,,,2037,,,,,,0.8
AvailabilityFactor,INV,GLOBAL,PWRCOGBRBXX,,,,2038,,,,,,0.8
AvailabilityFactor,INV,GLOBAL,PWRCOGBRBXX,,,,2039,,,,,,0.8
AvailabilityFactor,INV,GLOBAL,PWRCOGBRBXX,,,,2040,,,,,,0.8
AvailabilityFactor,INV,GLOBAL,PWRCOGBRBXX,,,,2041,,,,,,0.8
AvailabilityFactor,INV,GLOBAL,PWRCOGBRBXX,,,,2042,,,,,,0.8
AvailabilityFactor,INV,GLOBAL,PWRCOGBRBXX,,,,2043,,,,,,0.8
AvailabilityFactor,INV,GLOBAL,PWRCOGBRBXX,,,,2044,,,,,,0.8
AvailabilityFactor,INV,GLOBAL,PWRCOGBRBXX,,,,2045,,,,,,0.8
AvailabilityFactor,INV,GLOBAL,PWRCOGBRBXX,,,,2046,,,,,,0.8
AvailabilityFactor,INV,GLOBAL,PWRCOGBRBXX,,,,2047,,,,,,0.8
AvailabilityFactor,INV,GLOBAL,PWRCOGBRBXX,,,,2048,,,,,,0.8
AvailabilityFactor,INV,GLOBAL,PWRCOGBRBXX,,,,2049,,,,,,0.8
AvailabilityFactor,INV,GLOBAL,PWRCOGBRBXX,,,,2050,,,,,,0.8
AvailabilityFactor,INV,GLOBAL,PWRCOGECUXX,,,,2023,,,,,,0.8
AvailabilityFactor,INV,GLOBAL,PWRCOGECUXX,,,,2024,,,,,,0.8
AvailabilityFactor,INV,GLOBAL,PWRCOGECUXX,,,,2025,,,,,,0.8
AvailabilityFactor,INV,GLOBAL,PWRCOGECUXX,,,,2026,,,,,,0.8
AvailabilityFactor,INV,GLOBAL,PWRCOGECUXX,,,,2027,,,,,,0.8
AvailabilityFactor,INV,GLOBAL,PWRCOGECUXX,,,,2028,,,,,,0.8
AvailabilityFactor,INV,GLOBAL,PWRCOGECUXX,,,,2029,,,,,,0.8
AvailabilityFactor,INV,GLOBAL,PWRCOGECUXX,,,,2030,,,,,,0.8
AvailabilityFactor,INV,GLOBAL,PWRCOGECUXX,,,,2031,,,,,,0.8
AvailabilityFactor,INV,GLOBAL,PWRCOGECUXX,,,,2032,,,,,,0.8
AvailabilityFactor,INV,GLOBAL,PWRCOGECUXX,,,,2033,,,,,,0.8
AvailabilityFactor,INV,GLOBAL,PWRCOGECUXX,,,,2034,,,,,,0.8
AvailabilityFactor,INV,GLOBAL,PWRCOGECUXX,,,,2035,,,,,,0.8
AvailabilityFactor,INV,GLOBAL,PWRCOGECUXX,,,,2036,,,,,,0.8
AvailabilityFactor,INV,GLOBAL,PWRCOGECUXX,,,,2037,,,,,,0.8
AvailabilityFactor,INV,GLOBAL,PWRCOGECUXX,,,,2038,,,,,,0.8
AvailabilityFactor,INV,GLOBAL,PWRCOGECUXX,,,,2039,,,,,,0.8
AvailabilityFactor,INV,GLOBAL,PWRCOGECUXX,,,,2040,,,,,,0.8
AvailabilityFactor,INV,GLOBAL,PWRCOGECUXX,,,,2041,,,,,,0.8
AvailabilityFactor,INV,GLOBAL,PWRCOGECUXX,,,,2042,,,,,,0.8
AvailabilityFactor,INV,GLOBAL,PWRCOGECUXX,,,,2043,,,,,,0.8
AvailabilityFactor,INV,GLOBAL,PWRCOGECUXX,,,,2044,,,,,,0.8
AvailabilityFactor,INV,GLOBAL,PWRCOGECUXX,,,,2045,,,,,,0.8
AvailabilityFactor,INV,GLOBAL,PWRCOGECUXX,,,,2046,,,,,,0.8
AvailabilityFactor,INV,GLOBAL,PWRCOGECUXX,,,,2047,,,,,,0.8
AvailabilityFactor,INV,GLOBAL,PWRCOGECUXX,,,,2048,,,,,,0.8
AvailabilityFactor,INV,GLOBAL,PWRCOGECUXX,,,,2049,,,,,,0.8
AvailabilityFactor,INV,GLOBAL,PWRCOGECUXX,,,,2050,,,,,,0.8
AvailabilityFactor,INV,GLOBAL,PWRBIONICXX,,,,2023,,,,,,0.5
AvailabilityFactor,INV,GLOBAL,PWRBIONICXX,,,,2024,,,,,,0.5
AvailabilityFactor,INV,GLOBAL,PWRBIONICXX,,,,2025,,,,,,0.5
AvailabilityFactor,INV,GLOBAL,PWRBIONICXX,,,,2026,,,,,,0.5
AvailabilityFactor,INV,GLOBAL,PWRBIONICXX,,,,2027,,,,,,0.5
AvailabilityFactor,INV,GLOBAL,PWRBIONICXX,,,,2028,,,,,,0.5
AvailabilityFactor,INV,GLOBAL,PWRBIONICXX,,,,2029,,,,,,0.5
AvailabilityFactor,INV,GLOBAL,PWRBIONICXX,,,,2030,,,,,,0.5
AvailabilityFactor,INV,GLOBAL,PWRBIONICXX,,,,2031,,,,,,0.5
AvailabilityFactor,INV,GLOBAL,PWRBIONICXX,,,,2032,,,,,,0.5
AvailabilityFactor,INV,GLOBAL,PWRBIONICXX,,,,2033,,,,,,0.5
AvailabilityFactor,INV,GLOBAL,PWRBIONICXX,,,,2034,,,,,,0.5
AvailabilityFactor,INV,GLOBAL,PWRBIONICXX,,,,2035,,,,,,0.5
AvailabilityFactor,INV,GLOBAL,PWRBIONICXX,,,,2036,,,,,,0.5
AvailabilityFactor,INV,GLOBAL,PWRBIONICXX,,,,2037,,,,,,0.5
AvailabilityFactor,INV,GLOBAL,PWRBIONICXX,,,,2038,,,,,,0.5
AvailabilityFactor,INV,GLOBAL,PWRBIONICXX,,,,2039,,,,,,0.5
AvailabilityFactor,INV,GLOBAL,PWRBIONICXX,,,,2040,,,,,,0.5
AvailabilityFactor,INV,GLOBAL,PWRBIONICXX,,,,2041,,,,,,0.5
AvailabilityFactor,INV,GLOBAL,PWRBIONICXX,,,,2042,,,,,,0.5
AvailabilityFactor,INV,GLOBAL,PWRBIONICXX,,,,2043,,,,,,0.5
AvailabilityFactor,INV,GLOBAL,PWRBIONICXX,,,,2044,,,,,,0.5
AvailabilityFactor,INV,GLOBAL,PWRBIONICXX,,,,2045,,,,,,0.5
AvailabilityFactor,INV,GLOBAL,PWRBIONICXX,,,,2046,,,,,,0.5
AvailabilityFactor,INV,GLOBAL,PWRBIONICXX,,,,2047,,,,,,0.5
AvailabilityFactor,INV,GLOBAL,PWRBIONICXX,,,,2048,,,,,,0.5
AvailabilityFactor,INV,GLOBAL,PWRBIONICXX,,,,2049,,,,,,0.5
AvailabilityFactor,INV,GLOBAL,PWRBIONICXX,,,,2050,,,,,,0.5
AvailabilityFactor,INV,GLOBAL,PWRNGSHTIXX,,,,2023,,,,,,0.9
AvailabilityFactor,INV,GLOBAL,PWRNGSHTIXX,,,,2024,,,,,,0.9
AvailabilityFactor,INV,GLOBAL,PWRNGSHTIXX,,,,2025,,,,,,0.9
AvailabilityFactor,INV,GLOBAL,PWRNGSHTIXX,,,,2026,,,,,,0.9
AvailabilityFactor,INV,GLOBAL,PWRNGSHTIXX,,,,2027,,,,,,0.9
AvailabilityFactor,INV,GLOBAL,PWRNGSHTIXX,,,,2028,,,,,,0.9
AvailabilityFactor,INV,GLOBAL,PWRNGSHTIXX,,,,2029,,,,,,0.9
AvailabilityFactor,INV,GLOBAL,PWRNGSHTIXX,,,,2030,,,,,,0.9
AvailabilityFactor,INV,GLOBAL,PWRNGSHTIXX,,,,2031,,,,,,0.9
AvailabilityFactor,INV,GLOBAL,PWRNGSHTIXX,,,,2032,,,,,,0.9
AvailabilityFactor,INV,GLOBAL,PWRNGSHTIXX,,,,2033,,,,,,0.9
AvailabilityFactor,INV,GLOBAL,PWRNGSHTIXX,,,,2034,,,,,,0.9
AvailabilityFactor,INV,GLOBAL,PWRNGSHTIXX,,,,2035,,,,,,0.9
AvailabilityFactor,INV,GLOBAL,PWRNGSHTIXX,,,,2036,,,,,,0.9
AvailabilityFactor,INV,GLOBAL,PWRNGSHTIXX,,,,2037,,,,,,0.9
AvailabilityFactor,INV,GLOBAL,PWRNGSHTIXX,,,,2038,,,,,,0.9
AvailabilityFactor,INV,GLOBAL,PWRNGSHTIXX,,,,2039,,,,,,0.9
AvailabilityFactor,INV,GLOBAL,PWRNGSHTIXX,,,,2040,,,,,,0.9
AvailabilityFactor,INV,GLOBAL,PWRNGSHTIXX,,,,2041,,,,,,0.9
AvailabilityFactor,INV,GLOBAL,PWRNGSHTIXX,,,,2042,,,,,,0.9
AvailabilityFactor,INV,GLOBAL,PWRNGSHTIXX,,,,2043,,,,,,0.9
AvailabilityFactor,INV,GLOBAL,PWRNGSHTIXX,,,,2044,,,,,,0.9
AvailabilityFactor,INV,GLOBAL,PWRNGSHTIXX,,,,2045,,,,,,0.9
AvailabilityFactor,INV,GLOBAL,PWRNGSHTIXX,,,,2046,,,,,,0.9
AvailabilityFactor,INV,GLOBAL,PWRNGSHTIXX,,,,2047,,,,,,0.9
AvailabilityFactor,INV,GLOBAL,PWRNGSHTIXX,,,,2048,,,,,,0.9
AvailabilityFactor,INV,GLOBAL,PWRNGSHTIXX,,,,2049,,,,,,0.9
AvailabilityFactor,INV,GLOBAL,PWRNGSHTIXX,,,,2050,,,,,,0.9
AvailabilityFactor,INV,GLOBAL,PWRWONGTMXX,,,,2023,,,,,,0.9
AvailabilityFactor,INV,GLOBAL,PWRWONGTMXX,,,,2024,,,,,,0.9
AvailabilityFactor,INV,GLOBAL,PWRWONGTMXX,,,,2025,,,,,,0.9
AvailabilityFactor,INV,GLOBAL,PWRWONGTMXX,,,,2026,,,,,,0.9
AvailabilityFactor,INV,GLOBAL,PWRWONGTMXX,,,,2027,,,,,,0.9
AvailabilityFactor,INV,GLOBAL,PWRWONGTMXX,,,,2028,,,,,,0.9
AvailabilityFactor,INV,GLOBAL,PWRWONGTMXX,,,,2029,,,,,,0.9
AvailabilityFactor,INV,GLOBAL,PWRWONGTMXX,,,,2030,,,,,,0.9
AvailabilityFactor,INV,GLOBAL,PWRWONGTMXX,,,,2031,,,,,,0.9
AvailabilityFactor,INV,GLOBAL,PWRWONGTMXX,,,,2032,,,,,,0.9
AvailabilityFactor,INV,GLOBAL,PWRWONGTMXX,,,,2033,,,,,,0.9
AvailabilityFactor,INV,GLOBAL,PWRWONGTMXX,,,,2034,,,,,,0.9
AvailabilityFactor,INV,GLOBAL,PWRWONGTMXX,,,,2035,,,,,,0.9
AvailabilityFactor,INV,GLOBAL,PWRWONGTMXX,,,,2036,,,,,,0.9
AvailabilityFactor,INV,GLOBAL,PWRWONGTMXX,,,,2037,,,,,,0.9
AvailabilityFactor,INV,GLOBAL,PWRWONGTMXX,,,,2038,,,,,,0.9
AvailabilityFactor,INV,GLOBAL,PWRWONGTMXX,,,,2039,,,,,,0.9
AvailabilityFactor,INV,GLOBAL,PWRWONGTMXX,,,,2040,,,,,,0.9
AvailabilityFactor,INV,GLOBAL,PWRWONGTMXX,,,,2041,,,,,,0.9
AvailabilityFactor,INV,GLOBAL,PWRWONGTMXX,,,,2042,,,,,,0.9
AvailabilityFactor,INV,GLOBAL,PWRWONGTMXX,,,,2043,,,,,,0.9
AvailabilityFactor,INV,GLOBAL,PWRWONGTMXX,,,,2044,,,,,,0.9
AvailabilityFactor,INV,GLOBAL,PWRWONGTMXX,,,,2045,,,,,,0.9
AvailabilityFactor,INV,GLOBAL,PWRWONGTMXX,,,,2046,,,,,,0.9
AvailabilityFactor,INV,GLOBAL,PWRWONGTMXX,,,,2047,,,,,,0.9
AvailabilityFactor,INV,GLOBAL,PWRWONGTMXX,,,,2048,,,,,,0.9
AvailabilityFactor,INV,GLOBAL,PWRWONGTMXX,,,,2049,,,,,,0.9
AvailabilityFactor,INV,GLOBAL,PWRWONGTMXX,,,,2050,,,,,,0.9
AvailabilityFactor,INV,GLOBAL,PWROTHMEXXX,,,,2023,,,,,,0.8
AvailabilityFactor,INV,GLOBAL,PWROTHMEXXX,,,,2024,,,,,,0.8
AvailabilityFactor,INV,GLOBAL,PWROTHMEXXX,,,,2025,,,,,,0.8
AvailabilityFactor,INV,GLOBAL,PWROTHMEXXX,,,,2026,,,,,,0.8
AvailabilityFactor,INV,GLOBAL,PWROTHMEXXX,,,,2027,,,,,,0.8
AvailabilityFactor,INV,GLOBAL,PWROTHMEXXX,,,,2028,,,,,,0.8
AvailabilityFactor,INV,GLOBAL,PWROTHMEXXX,,,,2029,,,,,,0.8
AvailabilityFactor,INV,GLOBAL,PWROTHMEXXX,,,,2030,,,,,,0.8
AvailabilityFactor,INV,GLOBAL,PWROTHMEXXX,,,,2031,,,,,,0.8
AvailabilityFactor,INV,GLOBAL,PWROTHMEXXX,,,,2032,,,,,,0.8
AvailabilityFactor,INV,GLOBAL,PWROTHMEXXX,,,,2033,,,,,,0.8
AvailabilityFactor,INV,GLOBAL,PWROTHMEXXX,,,,2034,,,,,,0.8
AvailabilityFactor,INV,GLOBAL,PWROTHMEXXX,,,,2035,,,,,,0.8
AvailabilityFactor,INV,GLOBAL,PWROTHMEXXX,,,,2036,,,,,,0.8
AvailabilityFactor,INV,GLOBAL,PWROTHMEXXX,,,,2037,,,,,,0.8
AvailabilityFactor,INV,GLOBAL,PWROTHMEXXX,,,,2038,,,,,,0.8
AvailabilityFactor,INV,GLOBAL,PWROTHMEXXX,,,,2039,,,,,,0.8
AvailabilityFactor,INV,GLOBAL,PWROTHMEXXX,,,,2040,,,,,,0.8
AvailabilityFactor,INV,GLOBAL,PWROTHMEXXX,,,,2041,,,,,,0.8
AvailabilityFactor,INV,GLOBAL,PWROTHMEXXX,,,,2042,,,,,,0.8
AvailabilityFactor,INV,GLOBAL,PWROTHMEXXX,,,,2043,,,,,,0.8
AvailabilityFactor,INV,GLOBAL,PWROTHMEXXX,,,,2044,,,,,,0.8
AvailabilityFactor,INV,GLOBAL,PWROTHMEXXX,,,,2045,,,,,,0.8
AvailabilityFactor,INV,GLOBAL,PWROTHMEXXX,,,,2046,,,,,,0.8
AvailabilityFactor,INV,GLOBAL,PWROTHMEXXX,,,,2047,,,,,,0.8
AvailabilityFactor,INV,GLOBAL,PWROTHMEXXX,,,,2048,,,,,,0.8
AvailabilityFactor,INV,GLOBAL,PWROTHMEXXX,,,,2049,,,,,,0.8
AvailabilityFactor,INV,GLOBAL,PWROTHMEXXX,,,,2050,,,,,,0.8
AvailabilityFactor,INV,GLOBAL,PWRURNBRBXX,,,,2023,,,,,,0.9
AvailabilityFactor,INV,GLOBAL,PWRURNBRBXX,,,,2024,,,,,,0.9
AvailabilityFactor,INV,GLOBAL,PWRURNBRBXX,,,,2025,,,,,,0.9
AvailabilityFactor,INV,GLOBAL,PWRURNBRBXX,,,,2026,,,,,,0.9
AvailabilityFactor,INV,GLOBAL,PWRURNBRBXX,,,,2027,,,,,,0.9
AvailabilityFactor,INV,GLOBAL,PWRURNBRBXX,,,,2028,,,,,,0.9
AvailabilityFactor,INV,GLOBAL,PWRURNBRBXX,,,,2029,,,,,,0.9
AvailabilityFactor,INV,GLOBAL,PWRURNBRBXX,,,,2030,,,,,,0.9
AvailabilityFactor,INV,GLOBAL,PWRURNBRBXX,,,,2031,,,,,,0.9
AvailabilityFactor,INV,GLOBAL,PWRURNBRBXX,,,,2032,,,,,,0.9
AvailabilityFactor,INV,GLOBAL,PWRURNBRBXX,,,,2033,,,,,,0.9
AvailabilityFactor,INV,GLOBAL,PWRURNBRBXX,,,,2034,,,,,,0.9
AvailabilityFactor,INV,GLOBAL,PWRURNBRBXX,,,,2035,,,,,,0.9
AvailabilityFactor,INV,GLOBAL,PWRURNBRBXX,,,,2036,,,,,,0.9
AvailabilityFactor,INV,GLOBAL,PWRURNBRBXX,,,,2037,,,,,,0.9
AvailabilityFactor,INV,GLOBAL,PWRURNBRBXX,,,,2038,,,,,,0.9
AvailabilityFactor,INV,GLOBAL,PWRURNBRBXX,,,,2039,,,,,,0.9
AvailabilityFactor,INV,GLOBAL,PWRURNBRBXX,,,,2040,,,,,,0.9
AvailabilityFactor,INV,GLOBAL,PWRURNBRBXX,,,,2041,,,,,,0.9
AvailabilityFactor,INV,GLOBAL,PWRURNBRBXX,,,,2042,,,,,,0.9
AvailabilityFactor,INV,GLOBAL,PWRURNBRBXX,,,,2043,,,,,,0.9
AvailabilityFactor,INV,GLOBAL,PWRURNBRBXX,,,,2044,,,,,,0.9
AvailabilityFactor,INV,GLOBAL,PWRURNBRBXX,,,,2045,,,,,,0.9
AvailabilityFactor,INV,GLOBAL,PWRURNBRBXX,,,,2046,,,,,,0.9
AvailabilityFactor,INV,GLOBAL,PWRURNBRBXX,,,,2047,,,,,,0.9
AvailabilityFactor,INV,GLOBAL,PWRURNBRBXX,,,,2048,,,,,,0.9
AvailabilityFactor,INV,GLOBAL,PWRURNBRBXX,,,,2049,,,,,,0.9
AvailabilityFactor,INV,GLOBAL,PWRURNBRBXX,,,,2050,,,,,,0.9
AvailabilityFactor,INV,GLOBAL,PWRSPVBRBXX,,,,2023,,,,,,0.9
AvailabilityFactor,INV,GLOBAL,PWRSPVBRBXX,,,,2024,,,,,,0.9
AvailabilityFactor,INV,GLOBAL,PWRSPVBRBXX,,,,2025,,,,,,0.9
AvailabilityFactor,INV,GLOBAL,PWRSPVBRBXX,,,,2026,,,,,,0.9
AvailabilityFactor,INV,GLOBAL,PWRSPVBRBXX,,,,2027,,,,,,0.9
AvailabilityFactor,INV,GLOBAL,PWRSPVBRBXX,,,,2028,,,,,,0.9
AvailabilityFactor,INV,GLOBAL,PWRSPVBRBXX,,,,2029,,,,,,0.9
AvailabilityFactor,INV,GLOBAL,PWRSPVBRBXX,,,,2030,,,,,,0.9
AvailabilityFactor,INV,GLOBAL,PWRSPVBRBXX,,,,2031,,,,,,0.9
AvailabilityFactor,INV,GLOBAL,PWRSPVBRBXX,,,,2032,,,,,,0.9
AvailabilityFactor,INV,GLOBAL,PWRSPVBRBXX,,,,2033,,,,,,0.9
AvailabilityFactor,INV,GLOBAL,PWRSPVBRBXX,,,,2034,,,,,,0.9
AvailabilityFactor,INV,GLOBAL,PWRSPVBRBXX,,,,2035,,,,,,0.9
AvailabilityFactor,INV,GLOBAL,PWRSPVBRBXX,,,,2036,,,,,,0.9
AvailabilityFactor,INV,GLOBAL,PWRSPVBRBXX,,,,2037,,,,,,0.9
AvailabilityFactor,INV,GLOBAL,PWRSPVBRBXX,,,,2038,,,,,,0.9
AvailabilityFactor,INV,GLOBAL,PWRSPVBRBXX,,,,2039,,,,,,0.9
AvailabilityFactor,INV,GLOBAL,PWRSPVBRBXX,,,,2040,,,,,,0.9
AvailabilityFactor,INV,GLOBAL,PWRSPVBRBXX,,,,2041,,,,,,0.9
AvailabilityFactor,INV,GLOBAL,PWRSPVBRBXX,,,,2042,,,,,,0.9
AvailabilityFactor,INV,GLOBAL,PWRSPVBRBXX,,,,2043,,,,,,0.9
AvailabilityFactor,INV,GLOBAL,PWRSPVBRBXX,,,,2044,,,,,,0.9
AvailabilityFactor,INV,GLOBAL,PWRSPVBRBXX,,,,2045,,,,,,0.9
AvailabilityFactor,INV,GLOBAL,PWRSPVBRBXX,,,,2046,,,,,,0.9
AvailabilityFactor,INV,GLOBAL,PWRSPVBRBXX,,,,2047,,,,,,0.9
AvailabilityFactor,INV,GLOBAL,PWRSPVBRBXX,,,,2048,,,,,,0.9
AvailabilityFactor,INV,GLOBAL,PWRSPVBRBXX,,,,2049,,,,,,0.9
AvailabilityFactor,INV,GLOBAL,PWRSPVBRBXX,,,,2050,,,,,,0.9
AvailabilityFactor,INV,GLOBAL,PWRPETHTIXX,,,,2023,,,,,,0.8
AvailabilityFactor,INV,GLOBAL,PWRPETHTIXX,,,,2024,,,,,,0.8
AvailabilityFactor,INV,GLOBAL,PWRPETHTIXX,,,,2025,,,,,,0.8
AvailabilityFactor,INV,GLOBAL,PWRPETHTIXX,,,,2026,,,,,,0.8
AvailabilityFactor,INV,GLOBAL,PWRPETHTIXX,,,,2027,,,,,,0.8
AvailabilityFactor,INV,GLOBAL,PWRPETHTIXX,,,,2028,,,,,,0.8
AvailabilityFactor,INV,GLOBAL,PWRPETHTIXX,,,,2029,,,,,,0.8
AvailabilityFactor,INV,GLOBAL,PWRPETHTIXX,,,,2030,,,,,,0.8
AvailabilityFactor,INV,GLOBAL,PWRPETHTIXX,,,,2031,,,,,,0.8
AvailabilityFactor,INV,GLOBAL,PWRPETHTIXX,,,,2032,,,,,,0.8
AvailabilityFactor,INV,GLOBAL,PWRPETHTIXX,,,,2033,,,,,,0.8
AvailabilityFactor,INV,GLOBAL,PWRPETHTIXX,,,,2034,,,,,,0.8
AvailabilityFactor,INV,GLOBAL,PWRPETHTIXX,,,,2035,,,,,,0.8
AvailabilityFactor,INV,GLOBAL,PWRPETHTIXX,,,,2036,,,,,,0.8
AvailabilityFactor,INV,GLOBAL,PWRPETHTIXX,,,,2037,,,,,,0.8
AvailabilityFactor,INV,GLOBAL,PWRPETHTIXX,,,,2038,,,,,,0.8
AvailabilityFactor,INV,GLOBAL,PWRPETHTIXX,,,,2039,,,,,,0.8
AvailabilityFactor,INV,GLOBAL,PWRPETHTIXX,,,,2040,,,,,,0.8
AvailabilityFactor,INV,GLOBAL,PWRPETHTIXX,,,,2041,,,,,,0.8
AvailabilityFactor,INV,GLOBAL,PWRPETHTIXX,,,,2042,,,,,,0.8
AvailabilityFactor,INV,GLOBAL,PWRPETHTIXX,,,,2043,,,,,,0.8
AvailabilityFactor,INV,GLOBAL,PWRPETHTIXX,,,,2044,,,,,,0.8
AvailabilityFactor,INV,GLOBAL,PWRPETHTIXX,,,,2045,,,,,,0.8
AvailabilityFactor,INV,GLOBAL,PWRPETHTIXX,,,,2046,,,,,,0.8
AvailabilityFactor,INV,GLOBAL,PWRPETHTIXX,,,,2047,,,,,,0.8
AvailabilityFactor,INV,GLOBAL,PWRPETHTIXX,,,,2048,,,,,,0.8
AvailabilityFactor,INV,GLOBAL,PWRPETHTIXX,,,,2049,,,,,,0.8
AvailabilityFactor,INV,GLOBAL,PWRPETHTIXX,,,,2050,,,,,,0.8
AvailabilityFactor,INV,GLOBAL,PWRCOASLVXX,,,,2023,,,,,,0.9
AvailabilityFactor,INV,GLOBAL,PWRCOASLVXX,,,,2024,,,,,,0.9
AvailabilityFactor,INV,GLOBAL,PWRCOASLVXX,,,,2025,,,,,,0.9
AvailabilityFactor,INV,GLOBAL,PWRCOASLVXX,,,,2026,,,,,,0.9
AvailabilityFactor,INV,GLOBAL,PWRCOASLVXX,,,,2027,,,,,,0.9
AvailabilityFactor,INV,GLOBAL,PWRCOASLVXX,,,,2028,,,,,,0.9
AvailabilityFactor,INV,GLOBAL,PWRCOASLVXX,,,,2029,,,,,,0.9
AvailabilityFactor,INV,GLOBAL,PWRCOASLVXX,,,,2030,,,,,,0.9
AvailabilityFactor,INV,GLOBAL,PWRCOASLVXX,,,,2031,,,,,,0.9
AvailabilityFactor,INV,GLOBAL,PWRCOASLVXX,,,,2032,,,,,,0.9
AvailabilityFactor,INV,GLOBAL,PWRCOASLVXX,,,,2033,,,,,,0.9
AvailabilityFactor,INV,GLOBAL,PWRCOASLVXX,,,,2034,,,,,,0.9
AvailabilityFactor,INV,GLOBAL,PWRCOASLVXX,,,,2035,,,,,,0.9
AvailabilityFactor,INV,GLOBAL,PWRCOASLVXX,,,,2036,,,,,,0.9
AvailabilityFactor,INV,GLOBAL,PWRCOASLVXX,,,,2037,,,,,,0.9
AvailabilityFactor,INV,GLOBAL,PWRCOASLVXX,,,,2038,,,,,,0.9
AvailabilityFactor,INV,GLOBAL,PWRCOASLVXX,,,,2039,,,,,,0.9
AvailabilityFactor,INV,GLOBAL,PWRCOASLVXX,,,,2040,,,,,,0.9
AvailabilityFactor,INV,GLOBAL,PWRCOASLVXX,,,,2041,,,,,,0.9
AvailabilityFactor,INV,GLOBAL,PWRCOASLVXX,,,,2042,,,,,,0.9
AvailabilityFactor,INV,GLOBAL,PWRCOASLVXX,,,,2043,,,,,,0.9
AvailabilityFactor,INV,GLOBAL,PWRCOASLVXX,,,,2044,,,,,,0.9
AvailabilityFactor,INV,GLOBAL,PWRCOASLVXX,,,,2045,,,,,,0.9
AvailabilityFactor,INV,GLOBAL,PWRCOASLVXX,,,,2046,,,,,,0.9
AvailabilityFactor,INV,GLOBAL,PWRCOASLVXX,,,,2047,,,,,,0.9
AvailabilityFactor,INV,GLOBAL,PWRCOASLVXX,,,,2048,,,,,,0.9
AvailabilityFactor,INV,GLOBAL,PWRCOASLVXX,,,,2049,,,,,,0.9
AvailabilityFactor,INV,GLOBAL,PWRCOASLVXX,,,,2050,,,,,,0.9
AvailabilityFactor,INV,GLOBAL,PWRURNSLVXX,,,,2023,,,,,,0.9
AvailabilityFactor,INV,GLOBAL,PWRURNSLVXX,,,,2024,,,,,,0.9
AvailabilityFactor,INV,GLOBAL,PWRURNSLVXX,,,,2025,,,,,,0.9
AvailabilityFactor,INV,GLOBAL,PWRURNSLVXX,,,,2026,,,,,,0.9
AvailabilityFactor,INV,GLOBAL,PWRURNSLVXX,,,,2027,,,,,,0.9
AvailabilityFactor,INV,GLOBAL,PWRURNSLVXX,,,,2028,,,,,,0.9
AvailabilityFactor,INV,GLOBAL,PWRURNSLVXX,,,,2029,,,,,,0.9
AvailabilityFactor,INV,GLOBAL,PWRURNSLVXX,,,,2030,,,,,,0.9
AvailabilityFactor,INV,GLOBAL,PWRURNSLVXX,,,,2031,,,,,,0.9
AvailabilityFactor,INV,GLOBAL,PWRURNSLVXX,,,,2032,,,,,,0.9
AvailabilityFactor,INV,GLOBAL,PWRURNSLVXX,,,,2033,,,,,,0.9
AvailabilityFactor,INV,GLOBAL,PWRURNSLVXX,,,,2034,,,,,,0.9
AvailabilityFactor,INV,GLOBAL,PWRURNSLVXX,,,,2035,,,,,,0.9
AvailabilityFactor,INV,GLOBAL,PWRURNSLVXX,,,,2036,,,,,,0.9
AvailabilityFactor,INV,GLOBAL,PWRURNSLVXX,,,,2037,,,,,,0.9
AvailabilityFactor,INV,GLOBAL,PWRURNSLVXX,,,,2038,,,,,,0.9
AvailabilityFactor,INV,GLOBAL,PWRURNSLVXX,,,,2039,,,,,,0.9
AvailabilityFactor,INV,GLOBAL,PWRURNSLVXX,,,,2040,,,,,,0.9
AvailabilityFactor,INV,GLOBAL,PWRURNSLVXX,,,,2041,,,,,,0.9
AvailabilityFactor,INV,GLOBAL,PWRURNSLVXX,,,,2042,,,,,,0.9
AvailabilityFactor,INV,GLOBAL,PWRURNSLVXX,,,,2043,,,,,,0.9
AvailabilityFactor,INV,GLOBAL,PWRURNSLVXX,,,,2044,,,,,,0.9
AvailabilityFactor,INV,GLOBAL,PWRURNSLVXX,,,,2045,,,,,,0.9
AvailabilityFactor,INV,GLOBAL,PWRURNSLVXX,,,,2046,,,,,,0.9
AvailabilityFactor,INV,GLOBAL,PWRURNSLVXX,,,,2047,,,,,,0.9
AvailabilityFactor,INV,GLOBAL,PWRURNSLVXX,,,,2048,,,,,,0.9
AvailabilityFactor,INV,GLOBAL,PWRURNSLVXX,,,,2049,,,,,,0.9
AvailabilityFactor,INV,GLOBAL,PWRURNSLVXX,,,,2050,,,,,,0.9
AvailabilityFactor,INV,GLOBAL,PWRSPVBOLXX,,,,2023,,,,,,0.9
AvailabilityFactor,INV,GLOBAL,PWRSPVBOLXX,,,,2024,,,,,,0.9
AvailabilityFactor,INV,GLOBAL,PWRSPVBOLXX,,,,2025,,,,,,0.9
AvailabilityFactor,INV,GLOBAL,PWRSPVBOLXX,,,,2026,,,,,,0.9
AvailabilityFactor,INV,GLOBAL,PWRSPVBOLXX,,,,2027,,,,,,0.9
AvailabilityFactor,INV,GLOBAL,PWRSPVBOLXX,,,,2028,,,,,,0.9
AvailabilityFactor,INV,GLOBAL,PWRSPVBOLXX,,,,2029,,,,,,0.9
AvailabilityFactor,INV,GLOBAL,PWRSPVBOLXX,,,,2030,,,,,,0.9
AvailabilityFactor,INV,GLOBAL,PWRSPVBOLXX,,,,2031,,,,,,0.9
AvailabilityFactor,INV,GLOBAL,PWRSPVBOLXX,,,,2032,,,,,,0.9
AvailabilityFactor,INV,GLOBAL,PWRSPVBOLXX,,,,2033,,,,,,0.9
AvailabilityFactor,INV,GLOBAL,PWRSPVBOLXX,,,,2034,,,,,,0.9
AvailabilityFactor,INV,GLOBAL,PWRSPVBOLXX,,,,2035,,,,,,0.9
AvailabilityFactor,INV,GLOBAL,PWRSPVBOLXX,,,,2036,,,,,,0.9
AvailabilityFactor,INV,GLOBAL,PWRSPVBOLXX,,,,2037,,,,,,0.9
AvailabilityFactor,INV,GLOBAL,PWRSPVBOLXX,,,,2038,,,,,,0.9
AvailabilityFactor,INV,GLOBAL,PWRSPVBOLXX,,,,2039,,,,,,0.9
AvailabilityFactor,INV,GLOBAL,PWRSPVBOLXX,,,,2040,,,,,,0.9
AvailabilityFactor,INV,GLOBAL,PWRSPVBOLXX,,,,2041,,,,,,0.9
AvailabilityFactor,INV,GLOBAL,PWRSPVBOLXX,,,,2042,,,,,,0.9
AvailabilityFactor,INV,GLOBAL,PWRSPVBOLXX,,,,2043,,,,,,0.9
AvailabilityFactor,INV,GLOBAL,PWRSPVBOLXX,,,,2044,,,,,,0.9
AvailabilityFactor,INV,GLOBAL,PWRSPVBOLXX,,,,2045,,,,,,0.9
AvailabilityFactor,INV,GLOBAL,PWRSPVBOLXX,,,,2046,,,,,,0.9
AvailabilityFactor,INV,GLOBAL,PWRSPVBOLXX,,,,2047,,,,,,0.9
AvailabilityFactor,INV,GLOBAL,PWRSPVBOLXX,,,,2048,,,,,,0.9
AvailabilityFactor,INV,GLOBAL,PWRSPVBOLXX,,,,2049,,,,,,0.9
AvailabilityFactor,INV,GLOBAL,PWRSPVBOLXX,,,,2050,,,,,,0.9
AvailabilityFactor,INV,GLOBAL,PWRWONURYXX,,,,2023,,,,,,0.9
AvailabilityFactor,INV,GLOBAL,PWRWONURYXX,,,,2024,,,,,,0.9
AvailabilityFactor,INV,GLOBAL,PWRWONURYXX,,,,2025,,,,,,0.9
AvailabilityFactor,INV,GLOBAL,PWRWONURYXX,,,,2026,,,,,,0.9
AvailabilityFactor,INV,GLOBAL,PWRWONURYXX,,,,2027,,,,,,0.9
AvailabilityFactor,INV,GLOBAL,PWRWONURYXX,,,,2028,,,,,,0.9
AvailabilityFactor,INV,GLOBAL,PWRWONURYXX,,,,2029,,,,,,0.9
AvailabilityFactor,INV,GLOBAL,PWRWONURYXX,,,,2030,,,,,,0.9
AvailabilityFactor,INV,GLOBAL,PWRWONURYXX,,,,2031,,,,,,0.9
AvailabilityFactor,INV,GLOBAL,PWRWONURYXX,,,,2032,,,,,,0.9
AvailabilityFactor,INV,GLOBAL,PWRWONURYXX,,,,2033,,,,,,0.9
AvailabilityFactor,INV,GLOBAL,PWRWONURYXX,,,,2034,,,,,,0.9
AvailabilityFactor,INV,GLOBAL,PWRWONURYXX,,,,2035,,,,,,0.9
AvailabilityFactor,INV,GLOBAL,PWRWONURYXX,,,,2036,,,,,,0.9
AvailabilityFactor,INV,GLOBAL,PWRWONURYXX,,,,2037,,,,,,0.9
AvailabilityFactor,INV,GLOBAL,PWRWONURYXX,,,,2038,,,,,,0.9
AvailabilityFactor,INV,GLOBAL,PWRWONURYXX,,,,2039,,,,,,0.9
AvailabilityFactor,INV,GLOBAL,PWRWONURYXX,,,,2040,,,,,,0.9
AvailabilityFactor,INV,GLOBAL,PWRWONURYXX,,,,2041,,,,,,0.9
AvailabilityFactor,INV,GLOBAL,PWRWONURYXX,,,,2042,,,,,,0.9
AvailabilityFactor,INV,GLOBAL,PWRWONURYXX,,,,2043,,,,,,0.9
AvailabilityFactor,INV,GLOBAL,PWRWONURYXX,,,,2044,,,,,,0.9
AvailabilityFactor,INV,GLOBAL,PWRWONURYXX,,,,2045,,,,,,0.9
AvailabilityFactor,INV,GLOBAL,PWRWONURYXX,,,,2046,,,,,,0.9
AvailabilityFactor,INV,GLOBAL,PWRWONURYXX,,,,2047,,,,,,0.9
AvailabilityFactor,INV,GLOBAL,PWRWONURYXX,,,,2048,,,,,,0.9
AvailabilityFactor,INV,GLOBAL,PWRWONURYXX,,,,2049,,,,,,0.9
AvailabilityFactor,INV,GLOBAL,PWRWONURYXX,,,,2050,,,,,,0.9
AvailabilityFactor,INV,GLOBAL,PWRCCSSLVXX,,,,2023,,,,,,0.9
AvailabilityFactor,INV,GLOBAL,PWRCCSSLVXX,,,,2024,,,,,,0.9
AvailabilityFactor,INV,GLOBAL,PWRCCSSLVXX,,,,2025,,,,,,0.9
AvailabilityFactor,INV,GLOBAL,PWRCCSSLVXX,,,,2026,,,,,,0.9
AvailabilityFactor,INV,GLOBAL,PWRCCSSLVXX,,,,2027,,,,,,0.9
AvailabilityFactor,INV,GLOBAL,PWRCCSSLVXX,,,,2028,,,,,,0.9
AvailabilityFactor,INV,GLOBAL,PWRCCSSLVXX,,,,2029,,,,,,0.9
AvailabilityFactor,INV,GLOBAL,PWRCCSSLVXX,,,,2030,,,,,,0.9
AvailabilityFactor,INV,GLOBAL,PWRCCSSLVXX,,,,2031,,,,,,0.9
AvailabilityFactor,INV,GLOBAL,PWRCCSSLVXX,,,,2032,,,,,,0.9
AvailabilityFactor,INV,GLOBAL,PWRCCSSLVXX,,,,2033,,,,,,0.9
AvailabilityFactor,INV,GLOBAL,PWRCCSSLVXX,,,,2034,,,,,,0.9
AvailabilityFactor,INV,GLOBAL,PWRCCSSLVXX,,,,2035,,,,,,0.9
AvailabilityFactor,INV,GLOBAL,PWRCCSSLVXX,,,,2036,,,,,,0.9
AvailabilityFactor,INV,GLOBAL,PWRCCSSLVXX,,,,2037,,,,,,0.9
AvailabilityFactor,INV,GLOBAL,PWRCCSSLVXX,,,,2038,,,,,,0.9
AvailabilityFactor,INV,GLOBAL,PWRCCSSLVXX,,,,2039,,,,,,0.9
AvailabilityFactor,INV,GLOBAL,PWRCCSSLVXX,,,,2040,,,,,,0.9
AvailabilityFactor,INV,GLOBAL,PWRCCSSLVXX,,,,2041,,,,,,0.9
AvailabilityFactor,INV,GLOBAL,PWRCCSSLVXX,,,,2042,,,,,,0.9
AvailabilityFactor,INV,GLOBAL,PWRCCSSLVXX,,,,2043,,,,,,0.9
AvailabilityFactor,INV,GLOBAL,PWRCCSSLVXX,,,,2044,,,,,,0.9
AvailabilityFactor,INV,GLOBAL,PWRCCSSLVXX,,,,2045,,,,,,0.9
AvailabilityFactor,INV,GLOBAL,PWRCCSSLVXX,,,,2046,,,,,,0.9
AvailabilityFactor,INV,GLOBAL,PWRCCSSLVXX,,,,2047,,,,,,0.9
AvailabilityFactor,INV,GLOBAL,PWRCCSSLVXX,,,,2048,,,,,,0.9
AvailabilityFactor,INV,GLOBAL,PWRCCSSLVXX,,,,2049,,,,,,0.9
AvailabilityFactor,INV,GLOBAL,PWRCCSSLVXX,,,,2050,,,,,,0.9
AvailabilityFactor,INV,GLOBAL,PWRCOGPANXX,,,,2023,,,,,,0.8
AvailabilityFactor,INV,GLOBAL,PWRCOGPANXX,,,,2024,,,,,,0.8
AvailabilityFactor,INV,GLOBAL,PWRCOGPANXX,,,,2025,,,,,,0.8
AvailabilityFactor,INV,GLOBAL,PWRCOGPANXX,,,,2026,,,,,,0.8
AvailabilityFactor,INV,GLOBAL,PWRCOGPANXX,,,,2027,,,,,,0.8
AvailabilityFactor,INV,GLOBAL,PWRCOGPANXX,,,,2028,,,,,,0.8
AvailabilityFactor,INV,GLOBAL,PWRCOGPANXX,,,,2029,,,,,,0.8
AvailabilityFactor,INV,GLOBAL,PWRCOGPANXX,,,,2030,,,,,,0.8
AvailabilityFactor,INV,GLOBAL,PWRCOGPANXX,,,,2031,,,,,,0.8
AvailabilityFactor,INV,GLOBAL,PWRCOGPANXX,,,,2032,,,,,,0.8
AvailabilityFactor,INV,GLOBAL,PWRCOGPANXX,,,,2033,,,,,,0.8
AvailabilityFactor,INV,GLOBAL,PWRCOGPANXX,,,,2034,,,,,,0.8
AvailabilityFactor,INV,GLOBAL,PWRCOGPANXX,,,,2035,,,,,,0.8
AvailabilityFactor,INV,GLOBAL,PWRCOGPANXX,,,,2036,,,,,,0.8
AvailabilityFactor,INV,GLOBAL,PWRCOGPANXX,,,,2037,,,,,,0.8
AvailabilityFactor,INV,GLOBAL,PWRCOGPANXX,,,,2038,,,,,,0.8
AvailabilityFactor,INV,GLOBAL,PWRCOGPANXX,,,,2039,,,,,,0.8
AvailabilityFactor,INV,GLOBAL,PWRCOGPANXX,,,,2040,,,,,,0.8
AvailabilityFactor,INV,GLOBAL,PWRCOGPANXX,,,,2041,,,,,,0.8
AvailabilityFactor,INV,GLOBAL,PWRCOGPANXX,,,,2042,,,,,,0.8
AvailabilityFactor,INV,GLOBAL,PWRCOGPANXX,,,,2043,,,,,,0.8
AvailabilityFactor,INV,GLOBAL,PWRCOGPANXX,,,,2044,,,,,,0.8
AvailabilityFactor,INV,GLOBAL,PWRCOGPANXX,,,,2045,,,,,,0.8
AvailabilityFactor,INV,GLOBAL,PWRCOGPANXX,,,,2046,,,,,,0.8
AvailabilityFactor,INV,GLOBAL,PWRCOGPANXX,,,,2047,,,,,,0.8
AvailabilityFactor,INV,GLOBAL,PWRCOGPANXX,,,,2048,,,,,,0.8
AvailabilityFactor,INV,GLOBAL,PWRCOGPANXX,,,,2049,,,,,,0.8
AvailabilityFactor,INV,GLOBAL,PWRCOGPANXX,,,,2050,,,,,,0.8
AvailabilityFactor,INV,GLOBAL,PWRCOAHTIXX,,,,2023,,,,,,0.9
AvailabilityFactor,INV,GLOBAL,PWRCOAHTIXX,,,,2024,,,,,,0.9
AvailabilityFactor,INV,GLOBAL,PWRCOAHTIXX,,,,2025,,,,,,0.9
AvailabilityFactor,INV,GLOBAL,PWRCOAHTIXX,,,,2026,,,,,,0.9
AvailabilityFactor,INV,GLOBAL,PWRCOAHTIXX,,,,2027,,,,,,0.9
AvailabilityFactor,INV,GLOBAL,PWRCOAHTIXX,,,,2028,,,,,,0.9
AvailabilityFactor,INV,GLOBAL,PWRCOAHTIXX,,,,2029,,,,,,0.9
AvailabilityFactor,INV,GLOBAL,PWRCOAHTIXX,,,,2030,,,,,,0.9
AvailabilityFactor,INV,GLOBAL,PWRCOAHTIXX,,,,2031,,,,,,0.9
AvailabilityFactor,INV,GLOBAL,PWRCOAHTIXX,,,,2032,,,,,,0.9
AvailabilityFactor,INV,GLOBAL,PWRCOAHTIXX,,,,2033,,,,,,0.9
AvailabilityFactor,INV,GLOBAL,PWRCOAHTIXX,,,,2034,,,,,,0.9
AvailabilityFactor,INV,GLOBAL,PWRCOAHTIXX,,,,2035,,,,,,0.9
AvailabilityFactor,INV,GLOBAL,PWRCOAHTIXX,,,,2036,,,,,,0.9
AvailabilityFactor,INV,GLOBAL,PWRCOAHTIXX,,,,2037,,,,,,0.9
AvailabilityFactor,INV,GLOBAL,PWRCOAHTIXX,,,,2038,,,,,,0.9
AvailabilityFactor,INV,GLOBAL,PWRCOAHTIXX,,,,2039,,,,,,0.9
AvailabilityFactor,INV,GLOBAL,PWRCOAHTIXX,,,,2040,,,,,,0.9
AvailabilityFactor,INV,GLOBAL,PWRCOAHTIXX,,,,2041,,,,,,0.9
AvailabilityFactor,INV,GLOBAL,PWRCOAHTIXX,,,,2042,,,,,,0.9
AvailabilityFactor,INV,GLOBAL,PWRCOAHTIXX,,,,2043,,,,,,0.9
AvailabilityFactor,INV,GLOBAL,PWRCOAHTIXX,,,,2044,,,,,,0.9
AvailabilityFactor,INV,GLOBAL,PWRCOAHTIXX,,,,2045,,,,,,0.9
AvailabilityFactor,INV,GLOBAL,PWRCOAHTIXX,,,,2046,,,,,,0.9
AvailabilityFactor,INV,GLOBAL,PWRCOAHTIXX,,,,2047,,,,,,0.9
AvailabilityFactor,INV,GLOBAL,PWRCOAHTIXX,,,,2048,,,,,,0.9
AvailabilityFactor,INV,GLOBAL,PWRCOAHTIXX,,,,2049,,,,,,0.9
AvailabilityFactor,INV,GLOBAL,PWRCOAHTIXX,,,,2050,,,,,,0.9
AvailabilityFactor,INV,GLOBAL,PWRCOGCRIXX,,,,2023,,,,,,0.8
AvailabilityFactor,INV,GLOBAL,PWRCOGCRIXX,,,,2024,,,,,,0.8
AvailabilityFactor,INV,GLOBAL,PWRCOGCRIXX,,,,2025,,,,,,0.8
AvailabilityFactor,INV,GLOBAL,PWRCOGCRIXX,,,,2026,,,,,,0.8
AvailabilityFactor,INV,GLOBAL,PWRCOGCRIXX,,,,2027,,,,,,0.8
AvailabilityFactor,INV,GLOBAL,PWRCOGCRIXX,,,,2028,,,,,,0.8
AvailabilityFactor,INV,GLOBAL,PWRCOGCRIXX,,,,2029,,,,,,0.8
AvailabilityFactor,INV,GLOBAL,PWRCOGCRIXX,,,,2030,,,,,,0.8
AvailabilityFactor,INV,GLOBAL,PWRCOGCRIXX,,,,2031,,,,,,0.8
AvailabilityFactor,INV,GLOBAL,PWRCOGCRIXX,,,,2032,,,,,,0.8
AvailabilityFactor,INV,GLOBAL,PWRCOGCRIXX,,,,2033,,,,,,0.8
AvailabilityFactor,INV,GLOBAL,PWRCOGCRIXX,,,,2034,,,,,,0.8
AvailabilityFactor,INV,GLOBAL,PWRCOGCRIXX,,,,2035,,,,,,0.8
AvailabilityFactor,INV,GLOBAL,PWRCOGCRIXX,,,,2036,,,,,,0.8
AvailabilityFactor,INV,GLOBAL,PWRCOGCRIXX,,,,2037,,,,,,0.8
AvailabilityFactor,INV,GLOBAL,PWRCOGCRIXX,,,,2038,,,,,,0.8
AvailabilityFactor,INV,GLOBAL,PWRCOGCRIXX,,,,2039,,,,,,0.8
AvailabilityFactor,INV,GLOBAL,PWRCOGCRIXX,,,,2040,,,,,,0.8
AvailabilityFactor,INV,GLOBAL,PWRCOGCRIXX,,,,2041,,,,,,0.8
AvailabilityFactor,INV,GLOBAL,PWRCOGCRIXX,,,,2042,,,,,,0.8
AvailabilityFactor,INV,GLOBAL,PWRCOGCRIXX,,,,2043,,,,,,0.8
AvailabilityFactor,INV,GLOBAL,PWRCOGCRIXX,,,,2044,,,,,,0.8
AvailabilityFactor,INV,GLOBAL,PWRCOGCRIXX,,,,2045,,,,,,0.8
AvailabilityFactor,INV,GLOBAL,PWRCOGCRIXX,,,,2046,,,,,,0.8
AvailabilityFactor,INV,GLOBAL,PWRCOGCRIXX,,,,2047,,,,,,0.8
AvailabilityFactor,INV,GLOBAL,PWRCOGCRIXX,,,,2048,,,,,,0.8
AvailabilityFactor,INV,GLOBAL,PWRCOGCRIXX,,,,2049,,,,,,0.8
AvailabilityFactor,INV,GLOBAL,PWRCOGCRIXX,,,,2050,,,,,,0.8
AvailabilityFactor,INV,GLOBAL,PWRSPVSLVXX,,,,2023,,,,,,0.9
AvailabilityFactor,INV,GLOBAL,PWRSPVSLVXX,,,,2024,,,,,,0.9
AvailabilityFactor,INV,GLOBAL,PWRSPVSLVXX,,,,2025,,,,,,0.9
AvailabilityFactor,INV,GLOBAL,PWRSPVSLVXX,,,,2026,,,,,,0.9
AvailabilityFactor,INV,GLOBAL,PWRSPVSLVXX,,,,2027,,,,,,0.9
AvailabilityFactor,INV,GLOBAL,PWRSPVSLVXX,,,,2028,,,,,,0.9
AvailabilityFactor,INV,GLOBAL,PWRSPVSLVXX,,,,2029,,,,,,0.9
AvailabilityFactor,INV,GLOBAL,PWRSPVSLVXX,,,,2030,,,,,,0.9
AvailabilityFactor,INV,GLOBAL,PWRSPVSLVXX,,,,2031,,,,,,0.9
AvailabilityFactor,INV,GLOBAL,PWRSPVSLVXX,,,,2032,,,,,,0.9
AvailabilityFactor,INV,GLOBAL,PWRSPVSLVXX,,,,2033,,,,,,0.9
AvailabilityFactor,INV,GLOBAL,PWRSPVSLVXX,,,,2034,,,,,,0.9
AvailabilityFactor,INV,GLOBAL,PWRSPVSLVXX,,,,2035,,,,,,0.9
AvailabilityFactor,INV,GLOBAL,PWRSPVSLVXX,,,,2036,,,,,,0.9
AvailabilityFactor,INV,GLOBAL,PWRSPVSLVXX,,,,2037,,,,,,0.9
AvailabilityFactor,INV,GLOBAL,PWRSPVSLVXX,,,,2038,,,,,,0.9
AvailabilityFactor,INV,GLOBAL,PWRSPVSLVXX,,,,2039,,,,,,0.9
AvailabilityFactor,INV,GLOBAL,PWRSPVSLVXX,,,,2040,,,,,,0.9
AvailabilityFactor,INV,GLOBAL,PWRSPVSLVXX,,,,2041,,,,,,0.9
AvailabilityFactor,INV,GLOBAL,PWRSPVSLVXX,,,,2042,,,,,,0.9
AvailabilityFactor,INV,GLOBAL,PWRSPVSLVXX,,,,2043,,,,,,0.9
AvailabilityFactor,INV,GLOBAL,PWRSPVSLVXX,,,,2044,,,,,,0.9
AvailabilityFactor,INV,GLOBAL,PWRSPVSLVXX,,,,2045,,,,,,0.9
AvailabilityFactor,INV,GLOBAL,PWRSPVSLVXX,,,,2046,,,,,,0.9
AvailabilityFactor,INV,GLOBAL,PWRSPVSLVXX,,,,2047,,,,,,0.9
AvailabilityFactor,INV,GLOBAL,PWRSPVSLVXX,,,,2048,,,,,,0.9
AvailabilityFactor,INV,GLOBAL,PWRSPVSLVXX,,,,2049,,,,,,0.9
AvailabilityFactor,INV,GLOBAL,PWRSPVSLVXX,,,,2050,,,,,,0.9
AvailabilityFactor,INV,GLOBAL,PWRCCSGTMXX,,,,2023,,,,,,0.9
AvailabilityFactor,INV,GLOBAL,PWRCCSGTMXX,,,,2024,,,,,,0.9
AvailabilityFactor,INV,GLOBAL,PWRCCSGTMXX,,,,2025,,,,,,0.9
AvailabilityFactor,INV,GLOBAL,PWRCCSGTMXX,,,,2026,,,,,,0.9
AvailabilityFactor,INV,GLOBAL,PWRCCSGTMXX,,,,2027,,,,,,0.9
AvailabilityFactor,INV,GLOBAL,PWRCCSGTMXX,,,,2028,,,,,,0.9
AvailabilityFactor,INV,GLOBAL,PWRCCSGTMXX,,,,2029,,,,,,0.9
AvailabilityFactor,INV,GLOBAL,PWRCCSGTMXX,,,,2030,,,,,,0.9
AvailabilityFactor,INV,GLOBAL,PWRCCSGTMXX,,,,2031,,,,,,0.9
AvailabilityFactor,INV,GLOBAL,PWRCCSGTMXX,,,,2032,,,,,,0.9
AvailabilityFactor,INV,GLOBAL,PWRCCSGTMXX,,,,2033,,,,,,0.9
AvailabilityFactor,INV,GLOBAL,PWRCCSGTMXX,,,,2034,,,,,,0.9
AvailabilityFactor,INV,GLOBAL,PWRCCSGTMXX,,,,2035,,,,,,0.9
AvailabilityFactor,INV,GLOBAL,PWRCCSGTMXX,,,,2036,,,,,,0.9
AvailabilityFactor,INV,GLOBAL,PWRCCSGTMXX,,,,2037,,,,,,0.9
AvailabilityFactor,INV,GLOBAL,PWRCCSGTMXX,,,,2038,,,,,,0.9
AvailabilityFactor,INV,GLOBAL,PWRCCSGTMXX,,,,2039,,,,,,0.9
AvailabilityFactor,INV,GLOBAL,PWRCCSGTMXX,,,,2040,,,,,,0.9
AvailabilityFactor,INV,GLOBAL,PWRCCSGTMXX,,,,2041,,,,,,0.9
AvailabilityFactor,INV,GLOBAL,PWRCCSGTMXX,,,,2042,,,,,,0.9
AvailabilityFactor,INV,GLOBAL,PWRCCSGTMXX,,,,2043,,,,,,0.9
AvailabilityFactor,INV,GLOBAL,PWRCCSGTMXX,,,,2044,,,,,,0.9
AvailabilityFactor,INV,GLOBAL,PWRCCSGTMXX,,,,2045,,,,,,0.9
AvailabilityFactor,INV,GLOBAL,PWRCCSGTMXX,,,,2046,,,,,,0.9
AvailabilityFactor,INV,GLOBAL,PWRCCSGTMXX,,,,2047,,,,,,0.9
AvailabilityFactor,INV,GLOBAL,PWRCCSGTMXX,,,,2048,,,,,,0.9
AvailabilityFactor,INV,GLOBAL,PWRCCSGTMXX,,,,2049,,,,,,0.9
AvailabilityFactor,INV,GLOBAL,PWRCCSGTMXX,,,,2050,,,,,,0.9
AvailabilityFactor,INV,GLOBAL,PWRSPVURYXX,,,,2023,,,,,,0.9
AvailabilityFactor,INV,GLOBAL,PWRSPVURYXX,,,,2024,,,,,,0.9
AvailabilityFactor,INV,GLOBAL,PWRSPVURYXX,,,,2025,,,,,,0.9
AvailabilityFactor,INV,GLOBAL,PWRSPVURYXX,,,,2026,,,,,,0.9
AvailabilityFactor,INV,GLOBAL,PWRSPVURYXX,,,,2027,,,,,,0.9
AvailabilityFactor,INV,GLOBAL,PWRSPVURYXX,,,,2028,,,,,,0.9
AvailabilityFactor,INV,GLOBAL,PWRSPVURYXX,,,,2029,,,,,,0.9
AvailabilityFactor,INV,GLOBAL,PWRSPVURYXX,,,,2030,,,,,,0.9
AvailabilityFactor,INV,GLOBAL,PWRSPVURYXX,,,,2031,,,,,,0.9
AvailabilityFactor,INV,GLOBAL,PWRSPVURYXX,,,,2032,,,,,,0.9
AvailabilityFactor,INV,GLOBAL,PWRSPVURYXX,,,,2033,,,,,,0.9
AvailabilityFactor,INV,GLOBAL,PWRSPVURYXX,,,,2034,,,,,,0.9
AvailabilityFactor,INV,GLOBAL,PWRSPVURYXX,,,,2035,,,,,,0.9
AvailabilityFactor,INV,GLOBAL,PWRSPVURYXX,,,,2036,,,,,,0.9
AvailabilityFactor,INV,GLOBAL,PWRSPVURYXX,,,,2037,,,,,,0.9
AvailabilityFactor,INV,GLOBAL,PWRSPVURYXX,,,,2038,,,,,,0.9
AvailabilityFactor,INV,GLOBAL,PWRSPVURYXX,,,,2039,,,,,,0.9
AvailabilityFactor,INV,GLOBAL,PWRSPVURYXX,,,,2040,,,,,,0.9
AvailabilityFactor,INV,GLOBAL,PWRSPVURYXX,,,,2041,,,,,,0.9
AvailabilityFactor,INV,GLOBAL,PWRSPVURYXX,,,,2042,,,,,,0.9
AvailabilityFactor,INV,GLOBAL,PWRSPVURYXX,,,,2043,,,,,,0.9
AvailabilityFactor,INV,GLOBAL,PWRSPVURYXX,,,,2044,,,,,,0.9
AvailabilityFactor,INV,GLOBAL,PWRSPVURYXX,,,,2045,,,,,,0.9
AvailabilityFactor,INV,GLOBAL,PWRSPVURYXX,,,,2046,,,,,,0.9
AvailabilityFactor,INV,GLOBAL,PWRSPVURYXX,,,,2047,,,,,,0.9
AvailabilityFactor,INV,GLOBAL,PWRSPVURYXX,,,,2048,,,,,,0.9
AvailabilityFactor,INV,GLOBAL,PWRSPVURYXX,,,,2049,,,,,,0.9
AvailabilityFactor,INV,GLOBAL,PWRSPVURYXX,,,,2050,,,,,,0.9
AvailabilityFactor,INV,GLOBAL,PWRWOFBOLXX,,,,2023,,,,,,0.9
AvailabilityFactor,INV,GLOBAL,PWRWOFBOLXX,,,,2024,,,,,,0.9
AvailabilityFactor,INV,GLOBAL,PWRWOFBOLXX,,,,2025,,,,,,0.9
AvailabilityFactor,INV,GLOBAL,PWRWOFBOLXX,,,,2026,,,,,,0.9
AvailabilityFactor,INV,GLOBAL,PWRWOFBOLXX,,,,2027,,,,,,0.9
AvailabilityFactor,INV,GLOBAL,PWRWOFBOLXX,,,,2028,,,,,,0.9
AvailabilityFactor,INV,GLOBAL,PWRWOFBOLXX,,,,2029,,,,,,0.9
AvailabilityFactor,INV,GLOBAL,PWRWOFBOLXX,,,,2030,,,,,,0.9
AvailabilityFactor,INV,GLOBAL,PWRWOFBOLXX,,,,2031,,,,,,0.9
AvailabilityFactor,INV,GLOBAL,PWRWOFBOLXX,,,,2032,,,,,,0.9
AvailabilityFactor,INV,GLOBAL,PWRWOFBOLXX,,,,2033,,,,,,0.9
AvailabilityFactor,INV,GLOBAL,PWRWOFBOLXX,,,,2034,,,,,,0.9
AvailabilityFactor,INV,GLOBAL,PWRWOFBOLXX,,,,2035,,,,,,0.9
AvailabilityFactor,INV,GLOBAL,PWRWOFBOLXX,,,,2036,,,,,,0.9
AvailabilityFactor,INV,GLOBAL,PWRWOFBOLXX,,,,2037,,,,,,0.9
AvailabilityFactor,INV,GLOBAL,PWRWOFBOLXX,,,,2038,,,,,,0.9
AvailabilityFactor,INV,GLOBAL,PWRWOFBOLXX,,,,2039,,,,,,0.9
AvailabilityFactor,INV,GLOBAL,PWRWOFBOLXX,,,,2040,,,,,,0.9
AvailabilityFactor,INV,GLOBAL,PWRWOFBOLXX,,,,2041,,,,,,0.9
AvailabilityFactor,INV,GLOBAL,PWRWOFBOLXX,,,,2042,,,,,,0.9
AvailabilityFactor,INV,GLOBAL,PWRWOFBOLXX,,,,2043,,,,,,0.9
AvailabilityFactor,INV,GLOBAL,PWRWOFBOLXX,,,,2044,,,,,,0.9
AvailabilityFactor,INV,GLOBAL,PWRWOFBOLXX,,,,2045,,,,,,0.9
AvailabilityFactor,INV,GLOBAL,PWRWOFBOLXX,,,,2046,,,,,,0.9
AvailabilityFactor,INV,GLOBAL,PWRWOFBOLXX,,,,2047,,,,,,0.9
AvailabilityFactor,INV,GLOBAL,PWRWOFBOLXX,,,,2048,,,,,,0.9
AvailabilityFactor,INV,GLOBAL,PWRWOFBOLXX,,,,2049,,,,,,0.9
AvailabilityFactor,INV,GLOBAL,PWRWOFBOLXX,,,,2050,,,,,,0.9
AvailabilityFactor,INV,GLOBAL,PWROILCRIXX,,,,2023,,,,,,0.8
AvailabilityFactor,INV,GLOBAL,PWROILCRIXX,,,,2024,,,,,,0.8
AvailabilityFactor,INV,GLOBAL,PWROILCRIXX,,,,2025,,,,,,0.8
AvailabilityFactor,INV,GLOBAL,PWROILCRIXX,,,,2026,,,,,,0.8
AvailabilityFactor,INV,GLOBAL,PWROILCRIXX,,,,2027,,,,,,0.8
AvailabilityFactor,INV,GLOBAL,PWROILCRIXX,,,,2028,,,,,,0.8
AvailabilityFactor,INV,GLOBAL,PWROILCRIXX,,,,2029,,,,,,0.8
AvailabilityFactor,INV,GLOBAL,PWROILCRIXX,,,,2030,,,,,,0.8
AvailabilityFactor,INV,GLOBAL,PWROILCRIXX,,,,2031,,,,,,0.8
AvailabilityFactor,INV,GLOBAL,PWROILCRIXX,,,,2032,,,,,,0.8
AvailabilityFactor,INV,GLOBAL,PWROILCRIXX,,,,2033,,,,,,0.8
AvailabilityFactor,INV,GLOBAL,PWROILCRIXX,,,,2034,,,,,,0.8
AvailabilityFactor,INV,GLOBAL,PWROILCRIXX,,,,2035,,,,,,0.8
AvailabilityFactor,INV,GLOBAL,PWROILCRIXX,,,,2036,,,,,,0.8
AvailabilityFactor,INV,GLOBAL,PWROILCRIXX,,,,2037,,,,,,0.8
AvailabilityFactor,INV,GLOBAL,PWROILCRIXX,,,,2038,,,,,,0.8
AvailabilityFactor,INV,GLOBAL,PWROILCRIXX,,,,2039,,,,,,0.8
AvailabilityFactor,INV,GLOBAL,PWROILCRIXX,,,,2040,,,,,,0.8
AvailabilityFactor,INV,GLOBAL,PWROILCRIXX,,,,2041,,,,,,0.8
AvailabilityFactor,INV,GLOBAL,PWROILCRIXX,,,,2042,,,,,,0.8
AvailabilityFactor,INV,GLOBAL,PWROILCRIXX,,,,2043,,,,,,0.8
AvailabilityFactor,INV,GLOBAL,PWROILCRIXX,,,,2044,,,,,,0.8
AvailabilityFactor,INV,GLOBAL,PWROILCRIXX,,,,2045,,,,,,0.8
AvailabilityFactor,INV,GLOBAL,PWROILCRIXX,,,,2046,,,,,,0.8
AvailabilityFactor,INV,GLOBAL,PWROILCRIXX,,,,2047,,,,,,0.8
AvailabilityFactor,INV,GLOBAL,PWROILCRIXX,,,,2048,,,,,,0.8
AvailabilityFactor,INV,GLOBAL,PWROILCRIXX,,,,2049,,,,,,0.8
AvailabilityFactor,INV,GLOBAL,PWROILCRIXX,,,,2050,,,,,,0.8
AvailabilityFactor,INV,GLOBAL,PWRURNPANXX,,,,2023,,,,,,0.9
AvailabilityFactor,INV,GLOBAL,PWRURNPANXX,,,,2024,,,,,,0.9
AvailabilityFactor,INV,GLOBAL,PWRURNPANXX,,,,2025,,,,,,0.9
AvailabilityFactor,INV,GLOBAL,PWRURNPANXX,,,,2026,,,,,,0.9
AvailabilityFactor,INV,GLOBAL,PWRURNPANXX,,,,2027,,,,,,0.9
AvailabilityFactor,INV,GLOBAL,PWRURNPANXX,,,,2028,,,,,,0.9
AvailabilityFactor,INV,GLOBAL,PWRURNPANXX,,,,2029,,,,,,0.9
AvailabilityFactor,INV,GLOBAL,PWRURNPANXX,,,,2030,,,,,,0.9
AvailabilityFactor,INV,GLOBAL,PWRURNPANXX,,,,2031,,,,,,0.9
AvailabilityFactor,INV,GLOBAL,PWRURNPANXX,,,,2032,,,,,,0.9
AvailabilityFactor,INV,GLOBAL,PWRURNPANXX,,,,2033,,,,,,0.9
AvailabilityFactor,INV,GLOBAL,PWRURNPANXX,,,,2034,,,,,,0.9
AvailabilityFactor,INV,GLOBAL,PWRURNPANXX,,,,2035,,,,,,0.9
AvailabilityFactor,INV,GLOBAL,PWRURNPANXX,,,,2036,,,,,,0.9
AvailabilityFactor,INV,GLOBAL,PWRURNPANXX,,,,2037,,,,,,0.9
AvailabilityFactor,INV,GLOBAL,PWRURNPANXX,,,,2038,,,,,,0.9
AvailabilityFactor,INV,GLOBAL,PWRURNPANXX,,,,2039,,,,,,0.9
AvailabilityFactor,INV,GLOBAL,PWRURNPANXX,,,,2040,,,,,,0.9
AvailabilityFactor,INV,GLOBAL,PWRURNPANXX,,,,2041,,,,,,0.9
AvailabilityFactor,INV,GLOBAL,PWRURNPANXX,,,,2042,,,,,,0.9
AvailabilityFactor,INV,GLOBAL,PWRURNPANXX,,,,2043,,,,,,0.9
AvailabilityFactor,INV,GLOBAL,PWRURNPANXX,,,,2044,,,,,,0.9
AvailabilityFactor,INV,GLOBAL,PWRURNPANXX,,,,2045,,,,,,0.9
AvailabilityFactor,INV,GLOBAL,PWRURNPANXX,,,,2046,,,,,,0.9
AvailabilityFactor,INV,GLOBAL,PWRURNPANXX,,,,2047,,,,,,0.9
AvailabilityFactor,INV,GLOBAL,PWRURNPANXX,,,,2048,,,,,,0.9
AvailabilityFactor,INV,GLOBAL,PWRURNPANXX,,,,2049,,,,,,0.9
AvailabilityFactor,INV,GLOBAL,PWRURNPANXX,,,,2050,,,,,,0.9
AvailabilityFactor,INV,GLOBAL,PWRURNGTMXX,,,,2023,,,,,,0.9
AvailabilityFactor,INV,GLOBAL,PWRURNGTMXX,,,,2024,,,,,,0.9
AvailabilityFactor,INV,GLOBAL,PWRURNGTMXX,,,,2025,,,,,,0.9
AvailabilityFactor,INV,GLOBAL,PWRURNGTMXX,,,,2026,,,,,,0.9
AvailabilityFactor,INV,GLOBAL,PWRURNGTMXX,,,,2027,,,,,,0.9
AvailabilityFactor,INV,GLOBAL,PWRURNGTMXX,,,,2028,,,,,,0.9
AvailabilityFactor,INV,GLOBAL,PWRURNGTMXX,,,,2029,,,,,,0.9
AvailabilityFactor,INV,GLOBAL,PWRURNGTMXX,,,,2030,,,,,,0.9
AvailabilityFactor,INV,GLOBAL,PWRURNGTMXX,,,,2031,,,,,,0.9
AvailabilityFactor,INV,GLOBAL,PWRURNGTMXX,,,,2032,,,,,,0.9
AvailabilityFactor,INV,GLOBAL,PWRURNGTMXX,,,,2033,,,,,,0.9
AvailabilityFactor,INV,GLOBAL,PWRURNGTMXX,,,,2034,,,,,,0.9
AvailabilityFactor,INV,GLOBAL,PWRURNGTMXX,,,,2035,,,,,,0.9
AvailabilityFactor,INV,GLOBAL,PWRURNGTMXX,,,,2036,,,,,,0.9
AvailabilityFactor,INV,GLOBAL,PWRURNGTMXX,,,,2037,,,,,,0.9
AvailabilityFactor,INV,GLOBAL,PWRURNGTMXX,,,,2038,,,,,,0.9
AvailabilityFactor,INV,GLOBAL,PWRURNGTMXX,,,,2039,,,,,,0.9
AvailabilityFactor,INV,GLOBAL,PWRURNGTMXX,,,,2040,,,,,,0.9
AvailabilityFactor,INV,GLOBAL,PWRURNGTMXX,,,,2041,,,,,,0.9
AvailabilityFactor,INV,GLOBAL,PWRURNGTMXX,,,,2042,,,,,,0.9
AvailabilityFactor,INV,GLOBAL,PWRURNGTMXX,,,,2043,,,,,,0.9
AvailabilityFactor,INV,GLOBAL,PWRURNGTMXX,,,,2044,,,,,,0.9
AvailabilityFactor,INV,GLOBAL,PWRURNGTMXX,,,,2045,,,,,,0.9
AvailabilityFactor,INV,GLOBAL,PWRURNGTMXX,,,,2046,,,,,,0.9
AvailabilityFactor,INV,GLOBAL,PWRURNGTMXX,,,,2047,,,,,,0.9
AvailabilityFactor,INV,GLOBAL,PWRURNGTMXX,,,,2048,,,,,,0.9
AvailabilityFactor,INV,GLOBAL,PWRURNGTMXX,,,,2049,,,,,,0.9
AvailabilityFactor,INV,GLOBAL,PWRURNGTMXX,,,,2050,,,,,,0.9
AvailabilityFactor,INV,GLOBAL,PWRHYDPERXX,,,,2023,,,,,,0.9
AvailabilityFactor,INV,GLOBAL,PWRHYDPERXX,,,,2024,,,,,,0.9
AvailabilityFactor,INV,GLOBAL,PWRHYDPERXX,,,,2025,,,,,,0.9
AvailabilityFactor,INV,GLOBAL,PWRHYDPERXX,,,,2026,,,,,,0.9
AvailabilityFactor,INV,GLOBAL,PWRHYDPERXX,,,,2027,,,,,,0.9
AvailabilityFactor,INV,GLOBAL,PWRHYDPERXX,,,,2028,,,,,,0.9
AvailabilityFactor,INV,GLOBAL,PWRHYDPERXX,,,,2029,,,,,,0.9
AvailabilityFactor,INV,GLOBAL,PWRHYDPERXX,,,,2030,,,,,,0.9
AvailabilityFactor,INV,GLOBAL,PWRHYDPERXX,,,,2031,,,,,,0.9
AvailabilityFactor,INV,GLOBAL,PWRHYDPERXX,,,,2032,,,,,,0.9
AvailabilityFactor,INV,GLOBAL,PWRHYDPERXX,,,,2033,,,,,,0.9
AvailabilityFactor,INV,GLOBAL,PWRHYDPERXX,,,,2034,,,,,,0.9
AvailabilityFactor,INV,GLOBAL,PWRHYDPERXX,,,,2035,,,,,,0.9
AvailabilityFactor,INV,GLOBAL,PWRHYDPERXX,,,,2036,,,,,,0.9
AvailabilityFactor,INV,GLOBAL,PWRHYDPERXX,,,,2037,,,,,,0.9
AvailabilityFactor,INV,GLOBAL,PWRHYDPERXX,,,,2038,,,,,,0.9
AvailabilityFactor,INV,GLOBAL,PWRHYDPERXX,,,,2039,,,,,,0.9
AvailabilityFactor,INV,GLOBAL,PWRHYDPERXX,,,,2040,,,,,,0.9
AvailabilityFactor,INV,GLOBAL,PWRHYDPERXX,,,,2041,,,,,,0.9
AvailabilityFactor,INV,GLOBAL,PWRHYDPERXX,,,,2042,,,,,,0.9
AvailabilityFactor,INV,GLOBAL,PWRHYDPERXX,,,,2043,,,,,,0.9
AvailabilityFactor,INV,GLOBAL,PWRHYDPERXX,,,,2044,,,,,,0.9
AvailabilityFactor,INV,GLOBAL,PWRHYDPERXX,,,,2045,,,,,,0.9
AvailabilityFactor,INV,GLOBAL,PWRHYDPERXX,,,,2046,,,,,,0.9
AvailabilityFactor,INV,GLOBAL,PWRHYDPERXX,,,,2047,,,,,,0.9
AvailabilityFactor,INV,GLOBAL,PWRHYDPERXX,,,,2048,,,,,,0.9
AvailabilityFactor,INV,GLOBAL,PWRHYDPERXX,,,,2049,,,,,,0.9
AvailabilityFactor,INV,GLOBAL,PWRHYDPERXX,,,,2050,,,,,,0.9
AvailabilityFactor,INV,GLOBAL,PWROTHGTMXX,,,,2023,,,,,,0.8
AvailabilityFactor,INV,GLOBAL,PWROTHGTMXX,,,,2024,,,,,,0.8
AvailabilityFactor,INV,GLOBAL,PWROTHGTMXX,,,,2025,,,,,,0.8
AvailabilityFactor,INV,GLOBAL,PWROTHGTMXX,,,,2026,,,,,,0.8
AvailabilityFactor,INV,GLOBAL,PWROTHGTMXX,,,,2027,,,,,,0.8
AvailabilityFactor,INV,GLOBAL,PWROTHGTMXX,,,,2028,,,,,,0.8
AvailabilityFactor,INV,GLOBAL,PWROTHGTMXX,,,,2029,,,,,,0.8
AvailabilityFactor,INV,GLOBAL,PWROTHGTMXX,,,,2030,,,,,,0.8
AvailabilityFactor,INV,GLOBAL,PWROTHGTMXX,,,,2031,,,,,,0.8
AvailabilityFactor,INV,GLOBAL,PWROTHGTMXX,,,,2032,,,,,,0.8
AvailabilityFactor,INV,GLOBAL,PWROTHGTMXX,,,,2033,,,,,,0.8
AvailabilityFactor,INV,GLOBAL,PWROTHGTMXX,,,,2034,,,,,,0.8
AvailabilityFactor,INV,GLOBAL,PWROTHGTMXX,,,,2035,,,,,,0.8
AvailabilityFactor,INV,GLOBAL,PWROTHGTMXX,,,,2036,,,,,,0.8
AvailabilityFactor,INV,GLOBAL,PWROTHGTMXX,,,,2037,,,,,,0.8
AvailabilityFactor,INV,GLOBAL,PWROTHGTMXX,,,,2038,,,,,,0.8
AvailabilityFactor,INV,GLOBAL,PWROTHGTMXX,,,,2039,,,,,,0.8
AvailabilityFactor,INV,GLOBAL,PWROTHGTMXX,,,,2040,,,,,,0.8
AvailabilityFactor,INV,GLOBAL,PWROTHGTMXX,,,,2041,,,,,,0.8
AvailabilityFactor,INV,GLOBAL,PWROTHGTMXX,,,,2042,,,,,,0.8
AvailabilityFactor,INV,GLOBAL,PWROTHGTMXX,,,,2043,,,,,,0.8
AvailabilityFactor,INV,GLOBAL,PWROTHGTMXX,,,,2044,,,,,,0.8
AvailabilityFactor,INV,GLOBAL,PWROTHGTMXX,,,,2045,,,,,,0.8
AvailabilityFactor,INV,GLOBAL,PWROTHGTMXX,,,,2046,,,,,,0.8
AvailabilityFactor,INV,GLOBAL,PWROTHGTMXX,,,,2047,,,,,,0.8
AvailabilityFactor,INV,GLOBAL,PWROTHGTMXX,,,,2048,,,,,,0.8
AvailabilityFactor,INV,GLOBAL,PWROTHGTMXX,,,,2049,,,,,,0.8
AvailabilityFactor,INV,GLOBAL,PWROTHGTMXX,,,,2050,,,,,,0.8
AvailabilityFactor,INV,GLOBAL,PWRCOGURYXX,,,,2023,,,,,,0.8
AvailabilityFactor,INV,GLOBAL,PWRCOGURYXX,,,,2024,,,,,,0.8
AvailabilityFactor,INV,GLOBAL,PWRCOGURYXX,,,,2025,,,,,,0.8
AvailabilityFactor,INV,GLOBAL,PWRCOGURYXX,,,,2026,,,,,,0.8
AvailabilityFactor,INV,GLOBAL,PWRCOGURYXX,,,,2027,,,,,,0.8
AvailabilityFactor,INV,GLOBAL,PWRCOGURYXX,,,,2028,,,,,,0.8
AvailabilityFactor,INV,GLOBAL,PWRCOGURYXX,,,,2029,,,,,,0.8
AvailabilityFactor,INV,GLOBAL,PWRCOGURYXX,,,,2030,,,,,,0.8
AvailabilityFactor,INV,GLOBAL,PWRCOGURYXX,,,,2031,,,,,,0.8
AvailabilityFactor,INV,GLOBAL,PWRCOGURYXX,,,,2032,,,,,,0.8
AvailabilityFactor,INV,GLOBAL,PWRCOGURYXX,,,,2033,,,,,,0.8
AvailabilityFactor,INV,GLOBAL,PWRCOGURYXX,,,,2034,,,,,,0.8
AvailabilityFactor,INV,GLOBAL,PWRCOGURYXX,,,,2035,,,,,,0.8
AvailabilityFactor,INV,GLOBAL,PWRCOGURYXX,,,,2036,,,,,,0.8
AvailabilityFactor,INV,GLOBAL,PWRCOGURYXX,,,,2037,,,,,,0.8
AvailabilityFactor,INV,GLOBAL,PWRCOGURYXX,,,,2038,,,,,,0.8
AvailabilityFactor,INV,GLOBAL,PWRCOGURYXX,,,,2039,,,,,,0.8
AvailabilityFactor,INV,GLOBAL,PWRCOGURYXX,,,,2040,,,,,,0.8
AvailabilityFactor,INV,GLOBAL,PWRCOGURYXX,,,,2041,,,,,,0.8
AvailabilityFactor,INV,GLOBAL,PWRCOGURYXX,,,,2042,,,,,,0.8
AvailabilityFactor,INV,GLOBAL,PWRCOGURYXX,,,,2043,,,,,,0.8
AvailabilityFactor,INV,GLOBAL,PWRCOGURYXX,,,,2044,,,,,,0.8
AvailabilityFactor,INV,GLOBAL,PWRCOGURYXX,,,,2045,,,,,,0.8
AvailabilityFactor,INV,GLOBAL,PWRCOGURYXX,,,,2046,,,,,,0.8
AvailabilityFactor,INV,GLOBAL,PWRCOGURYXX,,,,2047,,,,,,0.8
AvailabilityFactor,INV,GLOBAL,PWRCOGURYXX,,,,2048,,,,,,0.8
AvailabilityFactor,INV,GLOBAL,PWRCOGURYXX,,,,2049,,,,,,0.8
AvailabilityFactor,INV,GLOBAL,PWRCOGURYXX,,,,2050,,,,,,0.8
AvailabilityFactor,INV,GLOBAL,PWRURNCHLXX,,,,2023,,,,,,0.9
AvailabilityFactor,INV,GLOBAL,PWRURNCHLXX,,,,2024,,,,,,0.9
AvailabilityFactor,INV,GLOBAL,PWRURNCHLXX,,,,2025,,,,,,0.9
AvailabilityFactor,INV,GLOBAL,PWRURNCHLXX,,,,2026,,,,,,0.9
AvailabilityFactor,INV,GLOBAL,PWRURNCHLXX,,,,2027,,,,,,0.9
AvailabilityFactor,INV,GLOBAL,PWRURNCHLXX,,,,2028,,,,,,0.9
AvailabilityFactor,INV,GLOBAL,PWRURNCHLXX,,,,2029,,,,,,0.9
AvailabilityFactor,INV,GLOBAL,PWRURNCHLXX,,,,2030,,,,,,0.9
AvailabilityFactor,INV,GLOBAL,PWRURNCHLXX,,,,2031,,,,,,0.9
AvailabilityFactor,INV,GLOBAL,PWRURNCHLXX,,,,2032,,,,,,0.9
AvailabilityFactor,INV,GLOBAL,PWRURNCHLXX,,,,2033,,,,,,0.9
AvailabilityFactor,INV,GLOBAL,PWRURNCHLXX,,,,2034,,,,,,0.9
AvailabilityFactor,INV,GLOBAL,PWRURNCHLXX,,,,2035,,,,,,0.9
AvailabilityFactor,INV,GLOBAL,PWRURNCHLXX,,,,2036,,,,,,0.9
AvailabilityFactor,INV,GLOBAL,PWRURNCHLXX,,,,2037,,,,,,0.9
AvailabilityFactor,INV,GLOBAL,PWRURNCHLXX,,,,2038,,,,,,0.9
AvailabilityFactor,INV,GLOBAL,PWRURNCHLXX,,,,2039,,,,,,0.9
AvailabilityFactor,INV,GLOBAL,PWRURNCHLXX,,,,2040,,,,,,0.9
AvailabilityFactor,INV,GLOBAL,PWRURNCHLXX,,,,2041,,,,,,0.9
AvailabilityFactor,INV,GLOBAL,PWRURNCHLXX,,,,2042,,,,,,0.9
AvailabilityFactor,INV,GLOBAL,PWRURNCHLXX,,,,2043,,,,,,0.9
AvailabilityFactor,INV,GLOBAL,PWRURNCHLXX,,,,2044,,,,,,0.9
AvailabilityFactor,INV,GLOBAL,PWRURNCHLXX,,,,2045,,,,,,0.9
AvailabilityFactor,INV,GLOBAL,PWRURNCHLXX,,,,2046,,,,,,0.9
AvailabilityFactor,INV,GLOBAL,PWRURNCHLXX,,,,2047,,,,,,0.9
AvailabilityFactor,INV,GLOBAL,PWRURNCHLXX,,,,2048,,,,,,0.9
AvailabilityFactor,INV,GLOBAL,PWRURNCHLXX,,,,2049,,,,,,0.9
AvailabilityFactor,INV,GLOBAL,PWRURNCHLXX,,,,2050,,,,,,0.9
AvailabilityFactor,INV,GLOBAL,PWRHYDBRBXX,,,,2023,,,,,,0.9
AvailabilityFactor,INV,GLOBAL,PWRHYDBRBXX,,,,2024,,,,,,0.9
AvailabilityFactor,INV,GLOBAL,PWRHYDBRBXX,,,,2025,,,,,,0.9
AvailabilityFactor,INV,GLOBAL,PWRHYDBRBXX,,,,2026,,,,,,0.9
AvailabilityFactor,INV,GLOBAL,PWRHYDBRBXX,,,,2027,,,,,,0.9
AvailabilityFactor,INV,GLOBAL,PWRHYDBRBXX,,,,2028,,,,,,0.9
AvailabilityFactor,INV,GLOBAL,PWRHYDBRBXX,,,,2029,,,,,,0.9
AvailabilityFactor,INV,GLOBAL,PWRHYDBRBXX,,,,2030,,,,,,0.9
AvailabilityFactor,INV,GLOBAL,PWRHYDBRBXX,,,,2031,,,,,,0.9
AvailabilityFactor,INV,GLOBAL,PWRHYDBRBXX,,,,2032,,,,,,0.9
AvailabilityFactor,INV,GLOBAL,PWRHYDBRBXX,,,,2033,,,,,,0.9
AvailabilityFactor,INV,GLOBAL,PWRHYDBRBXX,,,,2034,,,,,,0.9
AvailabilityFactor,INV,GLOBAL,PWRHYDBRBXX,,,,2035,,,,,,0.9
AvailabilityFactor,INV,GLOBAL,PWRHYDBRBXX,,,,2036,,,,,,0.9
AvailabilityFactor,INV,GLOBAL,PWRHYDBRBXX,,,,2037,,,,,,0.9
AvailabilityFactor,INV,GLOBAL,PWRHYDBRBXX,,,,2038,,,,,,0.9
AvailabilityFactor,INV,GLOBAL,PWRHYDBRBXX,,,,2039,,,,,,0.9
AvailabilityFactor,INV,GLOBAL,PWRHYDBRBXX,,,,2040,,,,,,0.9
AvailabilityFactor,INV,GLOBAL,PWRHYDBRBXX,,,,2041,,,,,,0.9
AvailabilityFactor,INV,GLOBAL,PWRHYDBRBXX,,,,2042,,,,,,0.9
AvailabilityFactor,INV,GLOBAL,PWRHYDBRBXX,,,,2043,,,,,,0.9
AvailabilityFactor,INV,GLOBAL,PWRHYDBRBXX,,,,2044,,,,,,0.9
AvailabilityFactor,INV,GLOBAL,PWRHYDBRBXX,,,,2045,,,,,,0.9
AvailabilityFactor,INV,GLOBAL,PWRHYDBRBXX,,,,2046,,,,,,0.9
AvailabilityFactor,INV,GLOBAL,PWRHYDBRBXX,,,,2047,,,,,,0.9
AvailabilityFactor,INV,GLOBAL,PWRHYDBRBXX,,,,2048,,,,,,0.9
AvailabilityFactor,INV,GLOBAL,PWRHYDBRBXX,,,,2049,,,,,,0.9
AvailabilityFactor,INV,GLOBAL,PWRHYDBRBXX,,,,2050,,,,,,0.9
AvailabilityFactor,INV,GLOBAL,PWRPETBRAXX,,,,2023,,,,,,0.8
AvailabilityFactor,INV,GLOBAL,PWRPETBRAXX,,,,2024,,,,,,0.8
AvailabilityFactor,INV,GLOBAL,PWRPETBRAXX,,,,2025,,,,,,0.8
AvailabilityFactor,INV,GLOBAL,PWRPETBRAXX,,,,2026,,,,,,0.8
AvailabilityFactor,INV,GLOBAL,PWRPETBRAXX,,,,2027,,,,,,0.8
AvailabilityFactor,INV,GLOBAL,PWRPETBRAXX,,,,2028,,,,,,0.8
AvailabilityFactor,INV,GLOBAL,PWRPETBRAXX,,,,2029,,,,,,0.8
AvailabilityFactor,INV,GLOBAL,PWRPETBRAXX,,,,2030,,,,,,0.8
AvailabilityFactor,INV,GLOBAL,PWRPETBRAXX,,,,2031,,,,,,0.8
AvailabilityFactor,INV,GLOBAL,PWRPETBRAXX,,,,2032,,,,,,0.8
AvailabilityFactor,INV,GLOBAL,PWRPETBRAXX,,,,2033,,,,,,0.8
AvailabilityFactor,INV,GLOBAL,PWRPETBRAXX,,,,2034,,,,,,0.8
AvailabilityFactor,INV,GLOBAL,PWRPETBRAXX,,,,2035,,,,,,0.8
AvailabilityFactor,INV,GLOBAL,PWRPETBRAXX,,,,2036,,,,,,0.8
AvailabilityFactor,INV,GLOBAL,PWRPETBRAXX,,,,2037,,,,,,0.8
AvailabilityFactor,INV,GLOBAL,PWRPETBRAXX,,,,2038,,,,,,0.8
AvailabilityFactor,INV,GLOBAL,PWRPETBRAXX,,,,2039,,,,,,0.8
AvailabilityFactor,INV,GLOBAL,PWRPETBRAXX,,,,2040,,,,,,0.8
AvailabilityFactor,INV,GLOBAL,PWRPETBRAXX,,,,2041,,,,,,0.8
AvailabilityFactor,INV,GLOBAL,PWRPETBRAXX,,,,2042,,,,,,0.8
AvailabilityFactor,INV,GLOBAL,PWRPETBRAXX,,,,2043,,,,,,0.8
AvailabilityFactor,INV,GLOBAL,PWRPETBRAXX,,,,2044,,,,,,0.8
AvailabilityFactor,INV,GLOBAL,PWRPETBRAXX,,,,2045,,,,,,0.8
AvailabilityFactor,INV,GLOBAL,PWRPETBRAXX,,,,2046,,,,,,0.8
AvailabilityFactor,INV,GLOBAL,PWRPETBRAXX,,,,2047,,,,,,0.8
AvailabilityFactor,INV,GLOBAL,PWRPETBRAXX,,,,2048,,,,,,0.8
AvailabilityFactor,INV,GLOBAL,PWRPETBRAXX,,,,2049,,,,,,0.8
AvailabilityFactor,INV,GLOBAL,PWRPETBRAXX,,,,2050,,,,,,0.8
AvailabilityFactor,INV,GLOBAL,PWRHYDCOLXX,,,,2023,,,,,,0.9
AvailabilityFactor,INV,GLOBAL,PWRHYDCOLXX,,,,2024,,,,,,0.9
AvailabilityFactor,INV,GLOBAL,PWRHYDCOLXX,,,,2025,,,,,,0.9
AvailabilityFactor,INV,GLOBAL,PWRHYDCOLXX,,,,2026,,,,,,0.9
AvailabilityFactor,INV,GLOBAL,PWRHYDCOLXX,,,,2027,,,,,,0.9
AvailabilityFactor,INV,GLOBAL,PWRHYDCOLXX,,,,2028,,,,,,0.9
AvailabilityFactor,INV,GLOBAL,PWRHYDCOLXX,,,,2029,,,,,,0.9
AvailabilityFactor,INV,GLOBAL,PWRHYDCOLXX,,,,2030,,,,,,0.9
AvailabilityFactor,INV,GLOBAL,PWRHYDCOLXX,,,,2031,,,,,,0.9
AvailabilityFactor,INV,GLOBAL,PWRHYDCOLXX,,,,2032,,,,,,0.9
AvailabilityFactor,INV,GLOBAL,PWRHYDCOLXX,,,,2033,,,,,,0.9
AvailabilityFactor,INV,GLOBAL,PWRHYDCOLXX,,,,2034,,,,,,0.9
AvailabilityFactor,INV,GLOBAL,PWRHYDCOLXX,,,,2035,,,,,,0.9
AvailabilityFactor,INV,GLOBAL,PWRHYDCOLXX,,,,2036,,,,,,0.9
AvailabilityFactor,INV,GLOBAL,PWRHYDCOLXX,,,,2037,,,,,,0.9
AvailabilityFactor,INV,GLOBAL,PWRHYDCOLXX,,,,2038,,,,,,0.9
AvailabilityFactor,INV,GLOBAL,PWRHYDCOLXX,,,,2039,,,,,,0.9
AvailabilityFactor,INV,GLOBAL,PWRHYDCOLXX,,,,2040,,,,,,0.9
AvailabilityFactor,INV,GLOBAL,PWRHYDCOLXX,,,,2041,,,,,,0.9
AvailabilityFactor,INV,GLOBAL,PWRHYDCOLXX,,,,2042,,,,,,0.9
AvailabilityFactor,INV,GLOBAL,PWRHYDCOLXX,,,,2043,,,,,,0.9
AvailabilityFactor,INV,GLOBAL,PWRHYDCOLXX,,,,2044,,,,,,0.9
AvailabilityFactor,INV,GLOBAL,PWRHYDCOLXX,,,,2045,,,,,,0.9
AvailabilityFactor,INV,GLOBAL,PWRHYDCOLXX,,,,2046,,,,,,0.9
AvailabilityFactor,INV,GLOBAL,PWRHYDCOLXX,,,,2047,,,,,,0.9
AvailabilityFactor,INV,GLOBAL,PWRHYDCOLXX,,,,2048,,,,,,0.9
AvailabilityFactor,INV,GLOBAL,PWRHYDCOLXX,,,,2049,,,,,,0.9
AvailabilityFactor,INV,GLOBAL,PWRHYDCOLXX,,,,2050,,,,,,0.9
AvailabilityFactor,INV,GLOBAL,PWROTHECUXX,,,,2023,,,,,,0.8
AvailabilityFactor,INV,GLOBAL,PWROTHECUXX,,,,2024,,,,,,0.8
AvailabilityFactor,INV,GLOBAL,PWROTHECUXX,,,,2025,,,,,,0.8
AvailabilityFactor,INV,GLOBAL,PWROTHECUXX,,,,2026,,,,,,0.8
AvailabilityFactor,INV,GLOBAL,PWROTHECUXX,,,,2027,,,,,,0.8
AvailabilityFactor,INV,GLOBAL,PWROTHECUXX,,,,2028,,,,,,0.8
AvailabilityFactor,INV,GLOBAL,PWROTHECUXX,,,,2029,,,,,,0.8
AvailabilityFactor,INV,GLOBAL,PWROTHECUXX,,,,2030,,,,,,0.8
AvailabilityFactor,INV,GLOBAL,PWROTHECUXX,,,,2031,,,,,,0.8
AvailabilityFactor,INV,GLOBAL,PWROTHECUXX,,,,2032,,,,,,0.8
AvailabilityFactor,INV,GLOBAL,PWROTHECUXX,,,,2033,,,,,,0.8
AvailabilityFactor,INV,GLOBAL,PWROTHECUXX,,,,2034,,,,,,0.8
AvailabilityFactor,INV,GLOBAL,PWROTHECUXX,,,,2035,,,,,,0.8
AvailabilityFactor,INV,GLOBAL,PWROTHECUXX,,,,2036,,,,,,0.8
AvailabilityFactor,INV,GLOBAL,PWROTHECUXX,,,,2037,,,,,,0.8
AvailabilityFactor,INV,GLOBAL,PWROTHECUXX,,,,2038,,,,,,0.8
AvailabilityFactor,INV,GLOBAL,PWROTHECUXX,,,,2039,,,,,,0.8
AvailabilityFactor,INV,GLOBAL,PWROTHECUXX,,,,2040,,,,,,0.8
AvailabilityFactor,INV,GLOBAL,PWROTHECUXX,,,,2041,,,,,,0.8
AvailabilityFactor,INV,GLOBAL,PWROTHECUXX,,,,2042,,,,,,0.8
AvailabilityFactor,INV,GLOBAL,PWROTHECUXX,,,,2043,,,,,,0.8
AvailabilityFactor,INV,GLOBAL,PWROTHECUXX,,,,2044,,,,,,0.8
AvailabilityFactor,INV,GLOBAL,PWROTHECUXX,,,,2045,,,,,,0.8
AvailabilityFactor,INV,GLOBAL,PWROTHECUXX,,,,2046,,,,,,0.8
AvailabilityFactor,INV,GLOBAL,PWROTHECUXX,,,,2047,,,,,,0.8
AvailabilityFactor,INV,GLOBAL,PWROTHECUXX,,,,2048,,,,,,0.8
AvailabilityFactor,INV,GLOBAL,PWROTHECUXX,,,,2049,,,,,,0.8
AvailabilityFactor,INV,GLOBAL,PWROTHECUXX,,,,2050,,,,,,0.8
AvailabilityFactor,INV,GLOBAL,PWRNGSECUXX,,,,2023,,,,,,0.9
AvailabilityFactor,INV,GLOBAL,PWRNGSECUXX,,,,2024,,,,,,0.9
AvailabilityFactor,INV,GLOBAL,PWRNGSECUXX,,,,2025,,,,,,0.9
AvailabilityFactor,INV,GLOBAL,PWRNGSECUXX,,,,2026,,,,,,0.9
AvailabilityFactor,INV,GLOBAL,PWRNGSECUXX,,,,2027,,,,,,0.9
AvailabilityFactor,INV,GLOBAL,PWRNGSECUXX,,,,2028,,,,,,0.9
AvailabilityFactor,INV,GLOBAL,PWRNGSECUXX,,,,2029,,,,,,0.9
AvailabilityFactor,INV,GLOBAL,PWRNGSECUXX,,,,2030,,,,,,0.9
AvailabilityFactor,INV,GLOBAL,PWRNGSECUXX,,,,2031,,,,,,0.9
AvailabilityFactor,INV,GLOBAL,PWRNGSECUXX,,,,2032,,,,,,0.9
AvailabilityFactor,INV,GLOBAL,PWRNGSECUXX,,,,2033,,,,,,0.9
AvailabilityFactor,INV,GLOBAL,PWRNGSECUXX,,,,2034,,,,,,0.9
AvailabilityFactor,INV,GLOBAL,PWRNGSECUXX,,,,2035,,,,,,0.9
AvailabilityFactor,INV,GLOBAL,PWRNGSECUXX,,,,2036,,,,,,0.9
AvailabilityFactor,INV,GLOBAL,PWRNGSECUXX,,,,2037,,,,,,0.9
AvailabilityFactor,INV,GLOBAL,PWRNGSECUXX,,,,2038,,,,,,0.9
AvailabilityFactor,INV,GLOBAL,PWRNGSECUXX,,,,2039,,,,,,0.9
AvailabilityFactor,INV,GLOBAL,PWRNGSECUXX,,,,2040,,,,,,0.9
AvailabilityFactor,INV,GLOBAL,PWRNGSECUXX,,,,2041,,,,,,0.9
AvailabilityFactor,INV,GLOBAL,PWRNGSECUXX,,,,2042,,,,,,0.9
AvailabilityFactor,INV,GLOBAL,PWRNGSECUXX,,,,2043,,,,,,0.9
AvailabilityFactor,INV,GLOBAL,PWRNGSECUXX,,,,2044,,,,,,0.9
AvailabilityFactor,INV,GLOBAL,PWRNGSECUXX,,,,2045,,,,,,0.9
AvailabilityFactor,INV,GLOBAL,PWRNGSECUXX,,,,2046,,,,,,0.9
AvailabilityFactor,INV,GLOBAL,PWRNGSECUXX,,,,2047,,,,,,0.9
AvailabilityFactor,INV,GLOBAL,PWRNGSECUXX,,,,2048,,,,,,0.9
AvailabilityFactor,INV,GLOBAL,PWRNGSECUXX,,,,2049,,,,,,0.9
AvailabilityFactor,INV,GLOBAL,PWRNGSECUXX,,,,2050,,,,,,0.9
AvailabilityFactor,INV,GLOBAL,PWRSPVARGXX,,,,2023,,,,,,0.9
AvailabilityFactor,INV,GLOBAL,PWRSPVARGXX,,,,2024,,,,,,0.9
AvailabilityFactor,INV,GLOBAL,PWRSPVARGXX,,,,2025,,,,,,0.9
AvailabilityFactor,INV,GLOBAL,PWRSPVARGXX,,,,2026,,,,,,0.9
AvailabilityFactor,INV,GLOBAL,PWRSPVARGXX,,,,2027,,,,,,0.9
AvailabilityFactor,INV,GLOBAL,PWRSPVARGXX,,,,2028,,,,,,0.9
AvailabilityFactor,INV,GLOBAL,PWRSPVARGXX,,,,2029,,,,,,0.9
AvailabilityFactor,INV,GLOBAL,PWRSPVARGXX,,,,2030,,,,,,0.9
AvailabilityFactor,INV,GLOBAL,PWRSPVARGXX,,,,2031,,,,,,0.9
AvailabilityFactor,INV,GLOBAL,PWRSPVARGXX,,,,2032,,,,,,0.9
AvailabilityFactor,INV,GLOBAL,PWRSPVARGXX,,,,2033,,,,,,0.9
AvailabilityFactor,INV,GLOBAL,PWRSPVARGXX,,,,2034,,,,,,0.9
AvailabilityFactor,INV,GLOBAL,PWRSPVARGXX,,,,2035,,,,,,0.9
AvailabilityFactor,INV,GLOBAL,PWRSPVARGXX,,,,2036,,,,,,0.9
AvailabilityFactor,INV,GLOBAL,PWRSPVARGXX,,,,2037,,,,,,0.9
AvailabilityFactor,INV,GLOBAL,PWRSPVARGXX,,,,2038,,,,,,0.9
AvailabilityFactor,INV,GLOBAL,PWRSPVARGXX,,,,2039,,,,,,0.9
AvailabilityFactor,INV,GLOBAL,PWRSPVARGXX,,,,2040,,,,,,0.9
AvailabilityFactor,INV,GLOBAL,PWRSPVARGXX,,,,2041,,,,,,0.9
AvailabilityFactor,INV,GLOBAL,PWRSPVARGXX,,,,2042,,,,,,0.9
AvailabilityFactor,INV,GLOBAL,PWRSPVARGXX,,,,2043,,,,,,0.9
AvailabilityFactor,INV,GLOBAL,PWRSPVARGXX,,,,2044,,,,,,0.9
AvailabilityFactor,INV,GLOBAL,PWRSPVARGXX,,,,2045,,,,,,0.9
AvailabilityFactor,INV,GLOBAL,PWRSPVARGXX,,,,2046,,,,,,0.9
AvailabilityFactor,INV,GLOBAL,PWRSPVARGXX,,,,2047,,,,,,0.9
AvailabilityFactor,INV,GLOBAL,PWRSPVARGXX,,,,2048,,,,,,0.9
AvailabilityFactor,INV,GLOBAL,PWRSPVARGXX,,,,2049,,,,,,0.9
AvailabilityFactor,INV,GLOBAL,PWRSPVARGXX,,,,2050,,,,,,0.9
AvailabilityFactor,INV,GLOBAL,PWRWONHTIXX,,,,2023,,,,,,0.9
AvailabilityFactor,INV,GLOBAL,PWRWONHTIXX,,,,2024,,,,,,0.9
AvailabilityFactor,INV,GLOBAL,PWRWONHTIXX,,,,2025,,,,,,0.9
AvailabilityFactor,INV,GLOBAL,PWRWONHTIXX,,,,2026,,,,,,0.9
AvailabilityFactor,INV,GLOBAL,PWRWONHTIXX,,,,2027,,,,,,0.9
AvailabilityFactor,INV,GLOBAL,PWRWONHTIXX,,,,2028,,,,,,0.9
AvailabilityFactor,INV,GLOBAL,PWRWONHTIXX,,,,2029,,,,,,0.9
AvailabilityFactor,INV,GLOBAL,PWRWONHTIXX,,,,2030,,,,,,0.9
AvailabilityFactor,INV,GLOBAL,PWRWONHTIXX,,,,2031,,,,,,0.9
AvailabilityFactor,INV,GLOBAL,PWRWONHTIXX,,,,2032,,,,,,0.9
AvailabilityFactor,INV,GLOBAL,PWRWONHTIXX,,,,2033,,,,,,0.9
AvailabilityFactor,INV,GLOBAL,PWRWONHTIXX,,,,2034,,,,,,0.9
AvailabilityFactor,INV,GLOBAL,PWRWONHTIXX,,,,2035,,,,,,0.9
AvailabilityFactor,INV,GLOBAL,PWRWONHTIXX,,,,2036,,,,,,0.9
AvailabilityFactor,INV,GLOBAL,PWRWONHTIXX,,,,2037,,,,,,0.9
AvailabilityFactor,INV,GLOBAL,PWRWONHTIXX,,,,2038,,,,,,0.9
AvailabilityFactor,INV,GLOBAL,PWRWONHTIXX,,,,2039,,,,,,0.9
AvailabilityFactor,INV,GLOBAL,PWRWONHTIXX,,,,2040,,,,,,0.9
AvailabilityFactor,INV,GLOBAL,PWRWONHTIXX,,,,2041,,,,,,0.9
AvailabilityFactor,INV,GLOBAL,PWRWONHTIXX,,,,2042,,,,,,0.9
AvailabilityFactor,INV,GLOBAL,PWRWONHTIXX,,,,2043,,,,,,0.9
AvailabilityFactor,INV,GLOBAL,PWRWONHTIXX,,,,2044,,,,,,0.9
AvailabilityFactor,INV,GLOBAL,PWRWONHTIXX,,,,2045,,,,,,0.9
AvailabilityFactor,INV,GLOBAL,PWRWONHTIXX,,,,2046,,,,,,0.9
AvailabilityFactor,INV,GLOBAL,PWRWONHTIXX,,,,2047,,,,,,0.9
AvailabilityFactor,INV,GLOBAL,PWRWONHTIXX,,,,2048,,,,,,0.9
AvailabilityFactor,INV,GLOBAL,PWRWONHTIXX,,,,2049,,,,,,0.9
AvailabilityFactor,INV,GLOBAL,PWRWONHTIXX,,,,2050,,,,,,0.9
AvailabilityFactor,INV,GLOBAL,PWRNGSPRYXX,,,,2023,,,,,,0.9
AvailabilityFactor,INV,GLOBAL,PWRNGSPRYXX,,,,2024,,,,,,0.9
AvailabilityFactor,INV,GLOBAL,PWRNGSPRYXX,,,,2025,,,,,,0.9
AvailabilityFactor,INV,GLOBAL,PWRNGSPRYXX,,,,2026,,,,,,0.9
AvailabilityFactor,INV,GLOBAL,PWRNGSPRYXX,,,,2027,,,,,,0.9
AvailabilityFactor,INV,GLOBAL,PWRNGSPRYXX,,,,2028,,,,,,0.9
AvailabilityFactor,INV,GLOBAL,PWRNGSPRYXX,,,,2029,,,,,,0.9
AvailabilityFactor,INV,GLOBAL,PWRNGSPRYXX,,,,2030,,,,,,0.9
AvailabilityFactor,INV,GLOBAL,PWRNGSPRYXX,,,,2031,,,,,,0.9
AvailabilityFactor,INV,GLOBAL,PWRNGSPRYXX,,,,2032,,,,,,0.9
AvailabilityFactor,INV,GLOBAL,PWRNGSPRYXX,,,,2033,,,,,,0.9
AvailabilityFactor,INV,GLOBAL,PWRNGSPRYXX,,,,2034,,,,,,0.9
AvailabilityFactor,INV,GLOBAL,PWRNGSPRYXX,,,,2035,,,,,,0.9
AvailabilityFactor,INV,GLOBAL,PWRNGSPRYXX,,,,2036,,,,,,0.9
AvailabilityFactor,INV,GLOBAL,PWRNGSPRYXX,,,,2037,,,,,,0.9
AvailabilityFactor,INV,GLOBAL,PWRNGSPRYXX,,,,2038,,,,,,0.9
AvailabilityFactor,INV,GLOBAL,PWRNGSPRYXX,,,,2039,,,,,,0.9
AvailabilityFactor,INV,GLOBAL,PWRNGSPRYXX,,,,2040,,,,,,0.9
AvailabilityFactor,INV,GLOBAL,PWRNGSPRYXX,,,,2041,,,,,,0.9
AvailabilityFactor,INV,GLOBAL,PWRNGSPRYXX,,,,2042,,,,,,0.9
AvailabilityFactor,INV,GLOBAL,PWRNGSPRYXX,,,,2043,,,,,,0.9
AvailabilityFactor,INV,GLOBAL,PWRNGSPRYXX,,,,2044,,,,,,0.9
AvailabilityFactor,INV,GLOBAL,PWRNGSPRYXX,,,,2045,,,,,,0.9
AvailabilityFactor,INV,GLOBAL,PWRNGSPRYXX,,,,2046,,,,,,0.9
AvailabilityFactor,INV,GLOBAL,PWRNGSPRYXX,,,,2047,,,,,,0.9
AvailabilityFactor,INV,GLOBAL,PWRNGSPRYXX,,,,2048,,,,,,0.9
AvailabilityFactor,INV,GLOBAL,PWRNGSPRYXX,,,,2049,,,,,,0.9
AvailabilityFactor,INV,GLOBAL,PWRNGSPRYXX,,,,2050,,,,,,0.9
AvailabilityFactor,INV,GLOBAL,PWRHYDBRAXX,,,,2023,,,,,,0.9
AvailabilityFactor,INV,GLOBAL,PWRHYDBRAXX,,,,2024,,,,,,0.9
AvailabilityFactor,INV,GLOBAL,PWRHYDBRAXX,,,,2025,,,,,,0.9
AvailabilityFactor,INV,GLOBAL,PWRHYDBRAXX,,,,2026,,,,,,0.9
AvailabilityFactor,INV,GLOBAL,PWRHYDBRAXX,,,,2027,,,,,,0.9
AvailabilityFactor,INV,GLOBAL,PWRHYDBRAXX,,,,2028,,,,,,0.9
AvailabilityFactor,INV,GLOBAL,PWRHYDBRAXX,,,,2029,,,,,,0.9
AvailabilityFactor,INV,GLOBAL,PWRHYDBRAXX,,,,2030,,,,,,0.9
AvailabilityFactor,INV,GLOBAL,PWRHYDBRAXX,,,,2031,,,,,,0.9
AvailabilityFactor,INV,GLOBAL,PWRHYDBRAXX,,,,2032,,,,,,0.9
AvailabilityFactor,INV,GLOBAL,PWRHYDBRAXX,,,,2033,,,,,,0.9
AvailabilityFactor,INV,GLOBAL,PWRHYDBRAXX,,,,2034,,,,,,0.9
AvailabilityFactor,INV,GLOBAL,PWRHYDBRAXX,,,,2035,,,,,,0.9
AvailabilityFactor,INV,GLOBAL,PWRHYDBRAXX,,,,2036,,,,,,0.9
AvailabilityFactor,INV,GLOBAL,PWRHYDBRAXX,,,,2037,,,,,,0.9
AvailabilityFactor,INV,GLOBAL,PWRHYDBRAXX,,,,2038,,,,,,0.9
AvailabilityFactor,INV,GLOBAL,PWRHYDBRAXX,,,,2039,,,,,,0.9
AvailabilityFactor,INV,GLOBAL,PWRHYDBRAXX,,,,2040,,,,,,0.9
AvailabilityFactor,INV,GLOBAL,PWRHYDBRAXX,,,,2041,,,,,,0.9
AvailabilityFactor,INV,GLOBAL,PWRHYDBRAXX,,,,2042,,,,,,0.9
AvailabilityFactor,INV,GLOBAL,PWRHYDBRAXX,,,,2043,,,,,,0.9
AvailabilityFactor,INV,GLOBAL,PWRHYDBRAXX,,,,2044,,,,,,0.9
AvailabilityFactor,INV,GLOBAL,PWRHYDBRAXX,,,,2045,,,,,,0.9
AvailabilityFactor,INV,GLOBAL,PWRHYDBRAXX,,,,2046,,,,,,0.9
AvailabilityFactor,INV,GLOBAL,PWRHYDBRAXX,,,,2047,,,,,,0.9
AvailabilityFactor,INV,GLOBAL,PWRHYDBRAXX,,,,2048,,,,,,0.9
AvailabilityFactor,INV,GLOBAL,PWRHYDBRAXX,,,,2049,,,,,,0.9
AvailabilityFactor,INV,GLOBAL,PWRHYDBRAXX,,,,2050,,,,,,0.9
AvailabilityFactor,INV,GLOBAL,PWROTHHTIXX,,,,2023,,,,,,0.8
AvailabilityFactor,INV,GLOBAL,PWROTHHTIXX,,,,2024,,,,,,0.8
AvailabilityFactor,INV,GLOBAL,PWROTHHTIXX,,,,2025,,,,,,0.8
AvailabilityFactor,INV,GLOBAL,PWROTHHTIXX,,,,2026,,,,,,0.8
AvailabilityFactor,INV,GLOBAL,PWROTHHTIXX,,,,2027,,,,,,0.8
AvailabilityFactor,INV,GLOBAL,PWROTHHTIXX,,,,2028,,,,,,0.8
AvailabilityFactor,INV,GLOBAL,PWROTHHTIXX,,,,2029,,,,,,0.8
AvailabilityFactor,INV,GLOBAL,PWROTHHTIXX,,,,2030,,,,,,0.8
AvailabilityFactor,INV,GLOBAL,PWROTHHTIXX,,,,2031,,,,,,0.8
AvailabilityFactor,INV,GLOBAL,PWROTHHTIXX,,,,2032,,,,,,0.8
AvailabilityFactor,INV,GLOBAL,PWROTHHTIXX,,,,2033,,,,,,0.8
AvailabilityFactor,INV,GLOBAL,PWROTHHTIXX,,,,2034,,,,,,0.8
AvailabilityFactor,INV,GLOBAL,PWROTHHTIXX,,,,2035,,,,,,0.8
AvailabilityFactor,INV,GLOBAL,PWROTHHTIXX,,,,2036,,,,,,0.8
AvailabilityFactor,INV,GLOBAL,PWROTHHTIXX,,,,2037,,,,,,0.8
AvailabilityFactor,INV,GLOBAL,PWROTHHTIXX,,,,2038,,,,,,0.8
AvailabilityFactor,INV,GLOBAL,PWROTHHTIXX,,,,2039,,,,,,0.8
AvailabilityFactor,INV,GLOBAL,PWROTHHTIXX,,,,2040,,,,,,0.8
AvailabilityFactor,INV,GLOBAL,PWROTHHTIXX,,,,2041,,,,,,0.8
AvailabilityFactor,INV,GLOBAL,PWROTHHTIXX,,,,2042,,,,,,0.8
AvailabilityFactor,INV,GLOBAL,PWROTHHTIXX,,,,2043,,,,,,0.8
AvailabilityFactor,INV,GLOBAL,PWROTHHTIXX,,,,2044,,,,,,0.8
AvailabilityFactor,INV,GLOBAL,PWROTHHTIXX,,,,2045,,,,,,0.8
AvailabilityFactor,INV,GLOBAL,PWROTHHTIXX,,,,2046,,,,,,0.8
AvailabilityFactor,INV,GLOBAL,PWROTHHTIXX,,,,2047,,,,,,0.8
AvailabilityFactor,INV,GLOBAL,PWROTHHTIXX,,,,2048,,,,,,0.8
AvailabilityFactor,INV,GLOBAL,PWROTHHTIXX,,,,2049,,,,,,0.8
AvailabilityFactor,INV,GLOBAL,PWROTHHTIXX,,,,2050,,,,,,0.8
AvailabilityFactor,INV,GLOBAL,PWRWOFSLVXX,,,,2023,,,,,,0.9
AvailabilityFactor,INV,GLOBAL,PWRWOFSLVXX,,,,2024,,,,,,0.9
AvailabilityFactor,INV,GLOBAL,PWRWOFSLVXX,,,,2025,,,,,,0.9
AvailabilityFactor,INV,GLOBAL,PWRWOFSLVXX,,,,2026,,,,,,0.9
AvailabilityFactor,INV,GLOBAL,PWRWOFSLVXX,,,,2027,,,,,,0.9
AvailabilityFactor,INV,GLOBAL,PWRWOFSLVXX,,,,2028,,,,,,0.9
AvailabilityFactor,INV,GLOBAL,PWRWOFSLVXX,,,,2029,,,,,,0.9
AvailabilityFactor,INV,GLOBAL,PWRWOFSLVXX,,,,2030,,,,,,0.9
AvailabilityFactor,INV,GLOBAL,PWRWOFSLVXX,,,,2031,,,,,,0.9
AvailabilityFactor,INV,GLOBAL,PWRWOFSLVXX,,,,2032,,,,,,0.9
AvailabilityFactor,INV,GLOBAL,PWRWOFSLVXX,,,,2033,,,,,,0.9
AvailabilityFactor,INV,GLOBAL,PWRWOFSLVXX,,,,2034,,,,,,0.9
AvailabilityFactor,INV,GLOBAL,PWRWOFSLVXX,,,,2035,,,,,,0.9
AvailabilityFactor,INV,GLOBAL,PWRWOFSLVXX,,,,2036,,,,,,0.9
AvailabilityFactor,INV,GLOBAL,PWRWOFSLVXX,,,,2037,,,,,,0.9
AvailabilityFactor,INV,GLOBAL,PWRWOFSLVXX,,,,2038,,,,,,0.9
AvailabilityFactor,INV,GLOBAL,PWRWOFSLVXX,,,,2039,,,,,,0.9
AvailabilityFactor,INV,GLOBAL,PWRWOFSLVXX,,,,2040,,,,,,0.9
AvailabilityFactor,INV,GLOBAL,PWRWOFSLVXX,,,,2041,,,,,,0.9
AvailabilityFactor,INV,GLOBAL,PWRWOFSLVXX,,,,2042,,,,,,0.9
AvailabilityFactor,INV,GLOBAL,PWRWOFSLVXX,,,,2043,,,,,,0.9
AvailabilityFactor,INV,GLOBAL,PWRWOFSLVXX,,,,2044,,,,,,0.9
AvailabilityFactor,INV,GLOBAL,PWRWOFSLVXX,,,,2045,,,,,,0.9
AvailabilityFactor,INV,GLOBAL,PWRWOFSLVXX,,,,2046,,,,,,0.9
AvailabilityFactor,INV,GLOBAL,PWRWOFSLVXX,,,,2047,,,,,,0.9
AvailabilityFactor,INV,GLOBAL,PWRWOFSLVXX,,,,2048,,,,,,0.9
AvailabilityFactor,INV,GLOBAL,PWRWOFSLVXX,,,,2049,,,,,,0.9
AvailabilityFactor,INV,GLOBAL,PWRWOFSLVXX,,,,2050,,,,,,0.9
AvailabilityFactor,INV,GLOBAL,PWRGEOURYXX,,,,2023,,,,,,0.9
AvailabilityFactor,INV,GLOBAL,PWRGEOURYXX,,,,2024,,,,,,0.9
AvailabilityFactor,INV,GLOBAL,PWRGEOURYXX,,,,2025,,,,,,0.9
AvailabilityFactor,INV,GLOBAL,PWRGEOURYXX,,,,2026,,,,,,0.9
AvailabilityFactor,INV,GLOBAL,PWRGEOURYXX,,,,2027,,,,,,0.9
AvailabilityFactor,INV,GLOBAL,PWRGEOURYXX,,,,2028,,,,,,0.9
AvailabilityFactor,INV,GLOBAL,PWRGEOURYXX,,,,2029,,,,,,0.9
AvailabilityFactor,INV,GLOBAL,PWRGEOURYXX,,,,2030,,,,,,0.9
AvailabilityFactor,INV,GLOBAL,PWRGEOURYXX,,,,2031,,,,,,0.9
AvailabilityFactor,INV,GLOBAL,PWRGEOURYXX,,,,2032,,,,,,0.9
AvailabilityFactor,INV,GLOBAL,PWRGEOURYXX,,,,2033,,,,,,0.9
AvailabilityFactor,INV,GLOBAL,PWRGEOURYXX,,,,2034,,,,,,0.9
AvailabilityFactor,INV,GLOBAL,PWRGEOURYXX,,,,2035,,,,,,0.9
AvailabilityFactor,INV,GLOBAL,PWRGEOURYXX,,,,2036,,,,,,0.9
AvailabilityFactor,INV,GLOBAL,PWRGEOURYXX,,,,2037,,,,,,0.9
AvailabilityFactor,INV,GLOBAL,PWRGEOURYXX,,,,2038,,,,,,0.9
AvailabilityFactor,INV,GLOBAL,PWRGEOURYXX,,,,2039,,,,,,0.9
AvailabilityFactor,INV,GLOBAL,PWRGEOURYXX,,,,2040,,,,,,0.9
AvailabilityFactor,INV,GLOBAL,PWRGEOURYXX,,,,2041,,,,,,0.9
AvailabilityFactor,INV,GLOBAL,PWRGEOURYXX,,,,2042,,,,,,0.9
AvailabilityFactor,INV,GLOBAL,PWRGEOURYXX,,,,2043,,,,,,0.9
AvailabilityFactor,INV,GLOBAL,PWRGEOURYXX,,,,2044,,,,,,0.9
AvailabilityFactor,INV,GLOBAL,PWRGEOURYXX,,,,2045,,,,,,0.9
AvailabilityFactor,INV,GLOBAL,PWRGEOURYXX,,,,2046,,,,,,0.9
AvailabilityFactor,INV,GLOBAL,PWRGEOURYXX,,,,2047,,,,,,0.9
AvailabilityFactor,INV,GLOBAL,PWRGEOURYXX,,,,2048,,,,,,0.9
AvailabilityFactor,INV,GLOBAL,PWRGEOURYXX,,,,2049,,,,,,0.9
AvailabilityFactor,INV,GLOBAL,PWRGEOURYXX,,,,2050,,,,,,0.9
AvailabilityFactor,INV,GLOBAL,PWRCOAGTMXX,,,,2023,,,,,,0.9
AvailabilityFactor,INV,GLOBAL,PWRCOAGTMXX,,,,2024,,,,,,0.9
AvailabilityFactor,INV,GLOBAL,PWRCOAGTMXX,,,,2025,,,,,,0.9
AvailabilityFactor,INV,GLOBAL,PWRCOAGTMXX,,,,2026,,,,,,0.9
AvailabilityFactor,INV,GLOBAL,PWRCOAGTMXX,,,,2027,,,,,,0.9
AvailabilityFactor,INV,GLOBAL,PWRCOAGTMXX,,,,2028,,,,,,0.9
AvailabilityFactor,INV,GLOBAL,PWRCOAGTMXX,,,,2029,,,,,,0.9
AvailabilityFactor,INV,GLOBAL,PWRCOAGTMXX,,,,2030,,,,,,0.9
AvailabilityFactor,INV,GLOBAL,PWRCOAGTMXX,,,,2031,,,,,,0.9
AvailabilityFactor,INV,GLOBAL,PWRCOAGTMXX,,,,2032,,,,,,0.9
AvailabilityFactor,INV,GLOBAL,PWRCOAGTMXX,,,,2033,,,,,,0.9
AvailabilityFactor,INV,GLOBAL,PWRCOAGTMXX,,,,2034,,,,,,0.9
AvailabilityFactor,INV,GLOBAL,PWRCOAGTMXX,,,,2035,,,,,,0.9
AvailabilityFactor,INV,GLOBAL,PWRCOAGTMXX,,,,2036,,,,,,0.9
AvailabilityFactor,INV,GLOBAL,PWRCOAGTMXX,,,,2037,,,,,,0.9
AvailabilityFactor,INV,GLOBAL,PWRCOAGTMXX,,,,2038,,,,,,0.9
AvailabilityFactor,INV,GLOBAL,PWRCOAGTMXX,,,,2039,,,,,,0.9
AvailabilityFactor,INV,GLOBAL,PWRCOAGTMXX,,,,2040,,,,,,0.9
AvailabilityFactor,INV,GLOBAL,PWRCOAGTMXX,,,,2041,,,,,,0.9
AvailabilityFactor,INV,GLOBAL,PWRCOAGTMXX,,,,2042,,,,,,0.9
AvailabilityFactor,INV,GLOBAL,PWRCOAGTMXX,,,,2043,,,,,,0.9
AvailabilityFactor,INV,GLOBAL,PWRCOAGTMXX,,,,2044,,,,,,0.9
AvailabilityFactor,INV,GLOBAL,PWRCOAGTMXX,,,,2045,,,,,,0.9
AvailabilityFactor,INV,GLOBAL,PWRCOAGTMXX,,,,2046,,,,,,0.9
AvailabilityFactor,INV,GLOBAL,PWRCOAGTMXX,,,,2047,,,,,,0.9
AvailabilityFactor,INV,GLOBAL,PWRCOAGTMXX,,,,2048,,,,,,0.9
AvailabilityFactor,INV,GLOBAL,PWRCOAGTMXX,,,,2049,,,,,,0.9
AvailabilityFactor,INV,GLOBAL,PWRCOAGTMXX,,,,2050,,,,,,0.9
AvailabilityFactor,INV,GLOBAL,PWRWOFCOLXX,,,,2023,,,,,,0.9
AvailabilityFactor,INV,GLOBAL,PWRWOFCOLXX,,,,2024,,,,,,0.9
AvailabilityFactor,INV,GLOBAL,PWRWOFCOLXX,,,,2025,,,,,,0.9
AvailabilityFactor,INV,GLOBAL,PWRWOFCOLXX,,,,2026,,,,,,0.9
AvailabilityFactor,INV,GLOBAL,PWRWOFCOLXX,,,,2027,,,,,,0.9
AvailabilityFactor,INV,GLOBAL,PWRWOFCOLXX,,,,2028,,,,,,0.9
AvailabilityFactor,INV,GLOBAL,PWRWOFCOLXX,,,,2029,,,,,,0.9
AvailabilityFactor,INV,GLOBAL,PWRWOFCOLXX,,,,2030,,,,,,0.9
AvailabilityFactor,INV,GLOBAL,PWRWOFCOLXX,,,,2031,,,,,,0.9
AvailabilityFactor,INV,GLOBAL,PWRWOFCOLXX,,,,2032,,,,,,0.9
AvailabilityFactor,INV,GLOBAL,PWRWOFCOLXX,,,,2033,,,,,,0.9
AvailabilityFactor,INV,GLOBAL,PWRWOFCOLXX,,,,2034,,,,,,0.9
AvailabilityFactor,INV,GLOBAL,PWRWOFCOLXX,,,,2035,,,,,,0.9
AvailabilityFactor,INV,GLOBAL,PWRWOFCOLXX,,,,2036,,,,,,0.9
AvailabilityFactor,INV,GLOBAL,PWRWOFCOLXX,,,,2037,,,,,,0.9
AvailabilityFactor,INV,GLOBAL,PWRWOFCOLXX,,,,2038,,,,,,0.9
AvailabilityFactor,INV,GLOBAL,PWRWOFCOLXX,,,,2039,,,,,,0.9
AvailabilityFactor,INV,GLOBAL,PWRWOFCOLXX,,,,2040,,,,,,0.9
AvailabilityFactor,INV,GLOBAL,PWRWOFCOLXX,,,,2041,,,,,,0.9
AvailabilityFactor,INV,GLOBAL,PWRWOFCOLXX,,,,2042,,,,,,0.9
AvailabilityFactor,INV,GLOBAL,PWRWOFCOLXX,,,,2043,,,,,,0.9
AvailabilityFactor,INV,GLOBAL,PWRWOFCOLXX,,,,2044,,,,,,0.9
AvailabilityFactor,INV,GLOBAL,PWRWOFCOLXX,,,,2045,,,,,,0.9
AvailabilityFactor,INV,GLOBAL,PWRWOFCOLXX,,,,2046,,,,,,0.9
AvailabilityFactor,INV,GLOBAL,PWRWOFCOLXX,,,,2047,,,,,,0.9
AvailabilityFactor,INV,GLOBAL,PWRWOFCOLXX,,,,2048,,,,,,0.9
AvailabilityFactor,INV,GLOBAL,PWRWOFCOLXX,,,,2049,,,,,,0.9
AvailabilityFactor,INV,GLOBAL,PWRWOFCOLXX,,,,2050,,,,,,0.9
AvailabilityFactor,INV,GLOBAL,PWRCOGMEXXX,,,,2023,,,,,,0.8
AvailabilityFactor,INV,GLOBAL,PWRCOGMEXXX,,,,2024,,,,,,0.8
AvailabilityFactor,INV,GLOBAL,PWRCOGMEXXX,,,,2025,,,,,,0.8
AvailabilityFactor,INV,GLOBAL,PWRCOGMEXXX,,,,2026,,,,,,0.8
AvailabilityFactor,INV,GLOBAL,PWRCOGMEXXX,,,,2027,,,,,,0.8
AvailabilityFactor,INV,GLOBAL,PWRCOGMEXXX,,,,2028,,,,,,0.8
AvailabilityFactor,INV,GLOBAL,PWRCOGMEXXX,,,,2029,,,,,,0.8
AvailabilityFactor,INV,GLOBAL,PWRCOGMEXXX,,,,2030,,,,,,0.8
AvailabilityFactor,INV,GLOBAL,PWRCOGMEXXX,,,,2031,,,,,,0.8
AvailabilityFactor,INV,GLOBAL,PWRCOGMEXXX,,,,2032,,,,,,0.8
AvailabilityFactor,INV,GLOBAL,PWRCOGMEXXX,,,,2033,,,,,,0.8
AvailabilityFactor,INV,GLOBAL,PWRCOGMEXXX,,,,2034,,,,,,0.8
AvailabilityFactor,INV,GLOBAL,PWRCOGMEXXX,,,,2035,,,,,,0.8
AvailabilityFactor,INV,GLOBAL,PWRCOGMEXXX,,,,2036,,,,,,0.8
AvailabilityFactor,INV,GLOBAL,PWRCOGMEXXX,,,,2037,,,,,,0.8
AvailabilityFactor,INV,GLOBAL,PWRCOGMEXXX,,,,2038,,,,,,0.8
AvailabilityFactor,INV,GLOBAL,PWRCOGMEXXX,,,,2039,,,,,,0.8
AvailabilityFactor,INV,GLOBAL,PWRCOGMEXXX,,,,2040,,,,,,0.8
AvailabilityFactor,INV,GLOBAL,PWRCOGMEXXX,,,,2041,,,,,,0.8
AvailabilityFactor,INV,GLOBAL,PWRCOGMEXXX,,,,2042,,,,,,0.8
AvailabilityFactor,INV,GLOBAL,PWRCOGMEXXX,,,,2043,,,,,,0.8
AvailabilityFactor,INV,GLOBAL,PWRCOGMEXXX,,,,2044,,,,,,0.8
AvailabilityFactor,INV,GLOBAL,PWRCOGMEXXX,,,,2045,,,,,,0.8
AvailabilityFactor,INV,GLOBAL,PWRCOGMEXXX,,,,2046,,,,,,0.8
AvailabilityFactor,INV,GLOBAL,PWRCOGMEXXX,,,,2047,,,,,,0.8
AvailabilityFactor,INV,GLOBAL,PWRCOGMEXXX,,,,2048,,,,,,0.8
AvailabilityFactor,INV,GLOBAL,PWRCOGMEXXX,,,,2049,,,,,,0.8
AvailabilityFactor,INV,GLOBAL,PWRCOGMEXXX,,,,2050,,,,,,0.8
AvailabilityFactor,INV,GLOBAL,PWRSPVPRYXX,,,,2023,,,,,,0.9
AvailabilityFactor,INV,GLOBAL,PWRSPVPRYXX,,,,2024,,,,,,0.9
AvailabilityFactor,INV,GLOBAL,PWRSPVPRYXX,,,,2025,,,,,,0.9
AvailabilityFactor,INV,GLOBAL,PWRSPVPRYXX,,,,2026,,,,,,0.9
AvailabilityFactor,INV,GLOBAL,PWRSPVPRYXX,,,,2027,,,,,,0.9
AvailabilityFactor,INV,GLOBAL,PWRSPVPRYXX,,,,2028,,,,,,0.9
AvailabilityFactor,INV,GLOBAL,PWRSPVPRYXX,,,,2029,,,,,,0.9
AvailabilityFactor,INV,GLOBAL,PWRSPVPRYXX,,,,2030,,,,,,0.9
AvailabilityFactor,INV,GLOBAL,PWRSPVPRYXX,,,,2031,,,,,,0.9
AvailabilityFactor,INV,GLOBAL,PWRSPVPRYXX,,,,2032,,,,,,0.9
AvailabilityFactor,INV,GLOBAL,PWRSPVPRYXX,,,,2033,,,,,,0.9
AvailabilityFactor,INV,GLOBAL,PWRSPVPRYXX,,,,2034,,,,,,0.9
AvailabilityFactor,INV,GLOBAL,PWRSPVPRYXX,,,,2035,,,,,,0.9
AvailabilityFactor,INV,GLOBAL,PWRSPVPRYXX,,,,2036,,,,,,0.9
AvailabilityFactor,INV,GLOBAL,PWRSPVPRYXX,,,,2037,,,,,,0.9
AvailabilityFactor,INV,GLOBAL,PWRSPVPRYXX,,,,2038,,,,,,0.9
AvailabilityFactor,INV,GLOBAL,PWRSPVPRYXX,,,,2039,,,,,,0.9
AvailabilityFactor,INV,GLOBAL,PWRSPVPRYXX,,,,2040,,,,,,0.9
AvailabilityFactor,INV,GLOBAL,PWRSPVPRYXX,,,,2041,,,,,,0.9
AvailabilityFactor,INV,GLOBAL,PWRSPVPRYXX,,,,2042,,,,,,0.9
AvailabilityFactor,INV,GLOBAL,PWRSPVPRYXX,,,,2043,,,,,,0.9
AvailabilityFactor,INV,GLOBAL,PWRSPVPRYXX,,,,2044,,,,,,0.9
AvailabilityFactor,INV,GLOBAL,PWRSPVPRYXX,,,,2045,,,,,,0.9
AvailabilityFactor,INV,GLOBAL,PWRSPVPRYXX,,,,2046,,,,,,0.9
AvailabilityFactor,INV,GLOBAL,PWRSPVPRYXX,,,,2047,,,,,,0.9
AvailabilityFactor,INV,GLOBAL,PWRSPVPRYXX,,,,2048,,,,,,0.9
AvailabilityFactor,INV,GLOBAL,PWRSPVPRYXX,,,,2049,,,,,,0.9
AvailabilityFactor,INV,GLOBAL,PWRSPVPRYXX,,,,2050,,,,,,0.9
AvailabilityFactor,INV,GLOBAL,PWRGEOHTIXX,,,,2023,,,,,,0.9
AvailabilityFactor,INV,GLOBAL,PWRGEOHTIXX,,,,2024,,,,,,0.9
AvailabilityFactor,INV,GLOBAL,PWRGEOHTIXX,,,,2025,,,,,,0.9
AvailabilityFactor,INV,GLOBAL,PWRGEOHTIXX,,,,2026,,,,,,0.9
AvailabilityFactor,INV,GLOBAL,PWRGEOHTIXX,,,,2027,,,,,,0.9
AvailabilityFactor,INV,GLOBAL,PWRGEOHTIXX,,,,2028,,,,,,0.9
AvailabilityFactor,INV,GLOBAL,PWRGEOHTIXX,,,,2029,,,,,,0.9
AvailabilityFactor,INV,GLOBAL,PWRGEOHTIXX,,,,2030,,,,,,0.9
AvailabilityFactor,INV,GLOBAL,PWRGEOHTIXX,,,,2031,,,,,,0.9
AvailabilityFactor,INV,GLOBAL,PWRGEOHTIXX,,,,2032,,,,,,0.9
AvailabilityFactor,INV,GLOBAL,PWRGEOHTIXX,,,,2033,,,,,,0.9
AvailabilityFactor,INV,GLOBAL,PWRGEOHTIXX,,,,2034,,,,,,0.9
AvailabilityFactor,INV,GLOBAL,PWRGEOHTIXX,,,,2035,,,,,,0.9
AvailabilityFactor,INV,GLOBAL,PWRGEOHTIXX,,,,2036,,,,,,0.9
AvailabilityFactor,INV,GLOBAL,PWRGEOHTIXX,,,,2037,,,,,,0.9
AvailabilityFactor,INV,GLOBAL,PWRGEOHTIXX,,,,2038,,,,,,0.9
AvailabilityFactor,INV,GLOBAL,PWRGEOHTIXX,,,,2039,,,,,,0.9
AvailabilityFactor,INV,GLOBAL,PWRGEOHTIXX,,,,2040,,,,,,0.9
AvailabilityFactor,INV,GLOBAL,PWRGEOHTIXX,,,,2041,,,,,,0.9
AvailabilityFactor,INV,GLOBAL,PWRGEOHTIXX,,,,2042,,,,,,0.9
AvailabilityFactor,INV,GLOBAL,PWRGEOHTIXX,,,,2043,,,,,,0.9
AvailabilityFactor,INV,GLOBAL,PWRGEOHTIXX,,,,2044,,,,,,0.9
AvailabilityFactor,INV,GLOBAL,PWRGEOHTIXX,,,,2045,,,,,,0.9
AvailabilityFactor,INV,GLOBAL,PWRGEOHTIXX,,,,2046,,,,,,0.9
AvailabilityFactor,INV,GLOBAL,PWRGEOHTIXX,,,,2047,,,,,,0.9
AvailabilityFactor,INV,GLOBAL,PWRGEOHTIXX,,,,2048,,,,,,0.9
AvailabilityFactor,INV,GLOBAL,PWRGEOHTIXX,,,,2049,,,,,,0.9
AvailabilityFactor,INV,GLOBAL,PWRGEOHTIXX,,,,2050,,,,,,0.9
AvailabilityFactor,INV,GLOBAL,PWRGEOBOLXX,,,,2023,,,,,,0.9
AvailabilityFactor,INV,GLOBAL,PWRGEOBOLXX,,,,2024,,,,,,0.9
AvailabilityFactor,INV,GLOBAL,PWRGEOBOLXX,,,,2025,,,,,,0.9
AvailabilityFactor,INV,GLOBAL,PWRGEOBOLXX,,,,2026,,,,,,0.9
AvailabilityFactor,INV,GLOBAL,PWRGEOBOLXX,,,,2027,,,,,,0.9
AvailabilityFactor,INV,GLOBAL,PWRGEOBOLXX,,,,2028,,,,,,0.9
AvailabilityFactor,INV,GLOBAL,PWRGEOBOLXX,,,,2029,,,,,,0.9
AvailabilityFactor,INV,GLOBAL,PWRGEOBOLXX,,,,2030,,,,,,0.9
AvailabilityFactor,INV,GLOBAL,PWRGEOBOLXX,,,,2031,,,,,,0.9
AvailabilityFactor,INV,GLOBAL,PWRGEOBOLXX,,,,2032,,,,,,0.9
AvailabilityFactor,INV,GLOBAL,PWRGEOBOLXX,,,,2033,,,,,,0.9
AvailabilityFactor,INV,GLOBAL,PWRGEOBOLXX,,,,2034,,,,,,0.9
AvailabilityFactor,INV,GLOBAL,PWRGEOBOLXX,,,,2035,,,,,,0.9
AvailabilityFactor,INV,GLOBAL,PWRGEOBOLXX,,,,2036,,,,,,0.9
AvailabilityFactor,INV,GLOBAL,PWRGEOBOLXX,,,,2037,,,,,,0.9
AvailabilityFactor,INV,GLOBAL,PWRGEOBOLXX,,,,2038,,,,,,0.9
AvailabilityFactor,INV,GLOBAL,PWRGEOBOLXX,,,,2039,,,,,,0.9
AvailabilityFactor,INV,GLOBAL,PWRGEOBOLXX,,,,2040,,,,,,0.9
AvailabilityFactor,INV,GLOBAL,PWRGEOBOLXX,,,,2041,,,,,,0.9
AvailabilityFactor,INV,GLOBAL,PWRGEOBOLXX,,,,2042,,,,,,0.9
AvailabilityFactor,INV,GLOBAL,PWRGEOBOLXX,,,,2043,,,,,,0.9
AvailabilityFactor,INV,GLOBAL,PWRGEOBOLXX,,,,2044,,,,,,0.9
AvailabilityFactor,INV,GLOBAL,PWRGEOBOLXX,,,,2045,,,,,,0.9
AvailabilityFactor,INV,GLOBAL,PWRGEOBOLXX,,,,2046,,,,,,0.9
AvailabilityFactor,INV,GLOBAL,PWRGEOBOLXX,,,,2047,,,,,,0.9
AvailabilityFactor,INV,GLOBAL,PWRGEOBOLXX,,,,2048,,,,,,0.9
AvailabilityFactor,INV,GLOBAL,PWRGEOBOLXX,,,,2049,,,,,,0.9
AvailabilityFactor,INV,GLOBAL,PWRGEOBOLXX,,,,2050,,,,,,0.9
AvailabilityFactor,INV,GLOBAL,PWRGEOMEXXX,,,,2023,,,,,,0.9
AvailabilityFactor,INV,GLOBAL,PWRGEOMEXXX,,,,2024,,,,,,0.9
AvailabilityFactor,INV,GLOBAL,PWRGEOMEXXX,,,,2025,,,,,,0.9
AvailabilityFactor,INV,GLOBAL,PWRGEOMEXXX,,,,2026,,,,,,0.9
AvailabilityFactor,INV,GLOBAL,PWRGEOMEXXX,,,,2027,,,,,,0.9
AvailabilityFactor,INV,GLOBAL,PWRGEOMEXXX,,,,2028,,,,,,0.9
AvailabilityFactor,INV,GLOBAL,PWRGEOMEXXX,,,,2029,,,,,,0.9
AvailabilityFactor,INV,GLOBAL,PWRGEOMEXXX,,,,2030,,,,,,0.9
AvailabilityFactor,INV,GLOBAL,PWRGEOMEXXX,,,,2031,,,,,,0.9
AvailabilityFactor,INV,GLOBAL,PWRGEOMEXXX,,,,2032,,,,,,0.9
AvailabilityFactor,INV,GLOBAL,PWRGEOMEXXX,,,,2033,,,,,,0.9
AvailabilityFactor,INV,GLOBAL,PWRGEOMEXXX,,,,2034,,,,,,0.9
AvailabilityFactor,INV,GLOBAL,PWRGEOMEXXX,,,,2035,,,,,,0.9
AvailabilityFactor,INV,GLOBAL,PWRGEOMEXXX,,,,2036,,,,,,0.9
AvailabilityFactor,INV,GLOBAL,PWRGEOMEXXX,,,,2037,,,,,,0.9
AvailabilityFactor,INV,GLOBAL,PWRGEOMEXXX,,,,2038,,,,,,0.9
AvailabilityFactor,INV,GLOBAL,PWRGEOMEXXX,,,,2039,,,,,,0.9
AvailabilityFactor,INV,GLOBAL,PWRGEOMEXXX,,,,2040,,,,,,0.9
AvailabilityFactor,INV,GLOBAL,PWRGEOMEXXX,,,,2041,,,,,,0.9
AvailabilityFactor,INV,GLOBAL,PWRGEOMEXXX,,,,2042,,,,,,0.9
AvailabilityFactor,INV,GLOBAL,PWRGEOMEXXX,,,,2043,,,,,,0.9
AvailabilityFactor,INV,GLOBAL,PWRGEOMEXXX,,,,2044,,,,,,0.9
AvailabilityFactor,INV,GLOBAL,PWRGEOMEXXX,,,,2045,,,,,,0.9
AvailabilityFactor,INV,GLOBAL,PWRGEOMEXXX,,,,2046,,,,,,0.9
AvailabilityFactor,INV,GLOBAL,PWRGEOMEXXX,,,,2047,,,,,,0.9
AvailabilityFactor,INV,GLOBAL,PWRGEOMEXXX,,,,2048,,,,,,0.9
AvailabilityFactor,INV,GLOBAL,PWRGEOMEXXX,,,,2049,,,,,,0.9
AvailabilityFactor,INV,GLOBAL,PWRGEOMEXXX,,,,2050,,,,,,0.9
AvailabilityFactor,INV,GLOBAL,PWROTHCHLXX,,,,2023,,,,,,0.8
AvailabilityFactor,INV,GLOBAL,PWROTHCHLXX,,,,2024,,,,,,0.8
AvailabilityFactor,INV,GLOBAL,PWROTHCHLXX,,,,2025,,,,,,0.8
AvailabilityFactor,INV,GLOBAL,PWROTHCHLXX,,,,2026,,,,,,0.8
AvailabilityFactor,INV,GLOBAL,PWROTHCHLXX,,,,2027,,,,,,0.8
AvailabilityFactor,INV,GLOBAL,PWROTHCHLXX,,,,2028,,,,,,0.8
AvailabilityFactor,INV,GLOBAL,PWROTHCHLXX,,,,2029,,,,,,0.8
AvailabilityFactor,INV,GLOBAL,PWROTHCHLXX,,,,2030,,,,,,0.8
AvailabilityFactor,INV,GLOBAL,PWROTHCHLXX,,,,2031,,,,,,0.8
AvailabilityFactor,INV,GLOBAL,PWROTHCHLXX,,,,2032,,,,,,0.8
AvailabilityFactor,INV,GLOBAL,PWROTHCHLXX,,,,2033,,,,,,0.8
AvailabilityFactor,INV,GLOBAL,PWROTHCHLXX,,,,2034,,,,,,0.8
AvailabilityFactor,INV,GLOBAL,PWROTHCHLXX,,,,2035,,,,,,0.8
AvailabilityFactor,INV,GLOBAL,PWROTHCHLXX,,,,2036,,,,,,0.8
AvailabilityFactor,INV,GLOBAL,PWROTHCHLXX,,,,2037,,,,,,0.8
AvailabilityFactor,INV,GLOBAL,PWROTHCHLXX,,,,2038,,,,,,0.8
AvailabilityFactor,INV,GLOBAL,PWROTHCHLXX,,,,2039,,,,,,0.8
AvailabilityFactor,INV,GLOBAL,PWROTHCHLXX,,,,2040,,,,,,0.8
AvailabilityFactor,INV,GLOBAL,PWROTHCHLXX,,,,2041,,,,,,0.8
AvailabilityFactor,INV,GLOBAL,PWROTHCHLXX,,,,2042,,,,,,0.8
AvailabilityFactor,INV,GLOBAL,PWROTHCHLXX,,,,2043,,,,,,0.8
AvailabilityFactor,INV,GLOBAL,PWROTHCHLXX,,,,2044,,,,,,0.8
AvailabilityFactor,INV,GLOBAL,PWROTHCHLXX,,,,2045,,,,,,0.8
AvailabilityFactor,INV,GLOBAL,PWROTHCHLXX,,,,2046,,,,,,0.8
AvailabilityFactor,INV,GLOBAL,PWROTHCHLXX,,,,2047,,,,,,0.8
AvailabilityFactor,INV,GLOBAL,PWROTHCHLXX,,,,2048,,,,,,0.8
AvailabilityFactor,INV,GLOBAL,PWROTHCHLXX,,,,2049,,,,,,0.8
AvailabilityFactor,INV,GLOBAL,PWROTHCHLXX,,,,2050,,,,,,0.8
AvailabilityFactor,INV,GLOBAL,PWRWONBRAXX,,,,2023,,,,,,0.9
AvailabilityFactor,INV,GLOBAL,PWRWONBRAXX,,,,2024,,,,,,0.9
AvailabilityFactor,INV,GLOBAL,PWRWONBRAXX,,,,2025,,,,,,0.9
AvailabilityFactor,INV,GLOBAL,PWRWONBRAXX,,,,2026,,,,,,0.9
AvailabilityFactor,INV,GLOBAL,PWRWONBRAXX,,,,2027,,,,,,0.9
AvailabilityFactor,INV,GLOBAL,PWRWONBRAXX,,,,2028,,,,,,0.9
AvailabilityFactor,INV,GLOBAL,PWRWONBRAXX,,,,2029,,,,,,0.9
AvailabilityFactor,INV,GLOBAL,PWRWONBRAXX,,,,2030,,,,,,0.9
AvailabilityFactor,INV,GLOBAL,PWRWONBRAXX,,,,2031,,,,,,0.9
AvailabilityFactor,INV,GLOBAL,PWRWONBRAXX,,,,2032,,,,,,0.9
AvailabilityFactor,INV,GLOBAL,PWRWONBRAXX,,,,2033,,,,,,0.9
AvailabilityFactor,INV,GLOBAL,PWRWONBRAXX,,,,2034,,,,,,0.9
AvailabilityFactor,INV,GLOBAL,PWRWONBRAXX,,,,2035,,,,,,0.9
AvailabilityFactor,INV,GLOBAL,PWRWONBRAXX,,,,2036,,,,,,0.9
AvailabilityFactor,INV,GLOBAL,PWRWONBRAXX,,,,2037,,,,,,0.9
AvailabilityFactor,INV,GLOBAL,PWRWONBRAXX,,,,2038,,,,,,0.9
AvailabilityFactor,INV,GLOBAL,PWRWONBRAXX,,,,2039,,,,,,0.9
AvailabilityFactor,INV,GLOBAL,PWRWONBRAXX,,,,2040,,,,,,0.9
AvailabilityFactor,INV,GLOBAL,PWRWONBRAXX,,,,2041,,,,,,0.9
AvailabilityFactor,INV,GLOBAL,PWRWONBRAXX,,,,2042,,,,,,0.9
AvailabilityFactor,INV,GLOBAL,PWRWONBRAXX,,,,2043,,,,,,0.9
AvailabilityFactor,INV,GLOBAL,PWRWONBRAXX,,,,2044,,,,,,0.9
AvailabilityFactor,INV,GLOBAL,PWRWONBRAXX,,,,2045,,,,,,0.9
AvailabilityFactor,INV,GLOBAL,PWRWONBRAXX,,,,2046,,,,,,0.9
AvailabilityFactor,INV,GLOBAL,PWRWONBRAXX,,,,2047,,,,,,0.9
AvailabilityFactor,INV,GLOBAL,PWRWONBRAXX,,,,2048,,,,,,0.9
AvailabilityFactor,INV,GLOBAL,PWRWONBRAXX,,,,2049,,,,,,0.9
AvailabilityFactor,INV,GLOBAL,PWRWONBRAXX,,,,2050,,,,,,0.9
AvailabilityFactor,INV,GLOBAL,PWRPETCOLXX,,,,2023,,,,,,0.8
AvailabilityFactor,INV,GLOBAL,PWRPETCOLXX,,,,2024,,,,,,0.8
AvailabilityFactor,INV,GLOBAL,PWRPETCOLXX,,,,2025,,,,,,0.8
AvailabilityFactor,INV,GLOBAL,PWRPETCOLXX,,,,2026,,,,,,0.8
AvailabilityFactor,INV,GLOBAL,PWRPETCOLXX,,,,2027,,,,,,0.8
AvailabilityFactor,INV,GLOBAL,PWRPETCOLXX,,,,2028,,,,,,0.8
AvailabilityFactor,INV,GLOBAL,PWRPETCOLXX,,,,2029,,,,,,0.8
AvailabilityFactor,INV,GLOBAL,PWRPETCOLXX,,,,2030,,,,,,0.8
AvailabilityFactor,INV,GLOBAL,PWRPETCOLXX,,,,2031,,,,,,0.8
AvailabilityFactor,INV,GLOBAL,PWRPETCOLXX,,,,2032,,,,,,0.8
AvailabilityFactor,INV,GLOBAL,PWRPETCOLXX,,,,2033,,,,,,0.8
AvailabilityFactor,INV,GLOBAL,PWRPETCOLXX,,,,2034,,,,,,0.8
AvailabilityFactor,INV,GLOBAL,PWRPETCOLXX,,,,2035,,,,,,0.8
AvailabilityFactor,INV,GLOBAL,PWRPETCOLXX,,,,2036,,,,,,0.8
AvailabilityFactor,INV,GLOBAL,PWRPETCOLXX,,,,2037,,,,,,0.8
AvailabilityFactor,INV,GLOBAL,PWRPETCOLXX,,,,2038,,,,,,0.8
AvailabilityFactor,INV,GLOBAL,PWRPETCOLXX,,,,2039,,,,,,0.8
AvailabilityFactor,INV,GLOBAL,PWRPETCOLXX,,,,2040,,,,,,0.8
AvailabilityFactor,INV,GLOBAL,PWRPETCOLXX,,,,2041,,,,,,0.8
AvailabilityFactor,INV,GLOBAL,PWRPETCOLXX,,,,2042,,,,,,0.8
AvailabilityFactor,INV,GLOBAL,PWRPETCOLXX,,,,2043,,,,,,0.8
AvailabilityFactor,INV,GLOBAL,PWRPETCOLXX,,,,2044,,,,,,0.8
AvailabilityFactor,INV,GLOBAL,PWRPETCOLXX,,,,2045,,,,,,0.8
AvailabilityFactor,INV,GLOBAL,PWRPETCOLXX,,,,2046,,,,,,0.8
AvailabilityFactor,INV,GLOBAL,PWRPETCOLXX,,,,2047,,,,,,0.8
AvailabilityFactor,INV,GLOBAL,PWRPETCOLXX,,,,2048,,,,,,0.8
AvailabilityFactor,INV,GLOBAL,PWRPETCOLXX,,,,2049,,,,,,0.8
AvailabilityFactor,INV,GLOBAL,PWRPETCOLXX,,,,2050,,,,,,0.8
AvailabilityFactor,INV,GLOBAL,PWRURNCRIXX,,,,2023,,,,,,0.9
AvailabilityFactor,INV,GLOBAL,PWRURNCRIXX,,,,2024,,,,,,0.9
AvailabilityFactor,INV,GLOBAL,PWRURNCRIXX,,,,2025,,,,,,0.9
AvailabilityFactor,INV,GLOBAL,PWRURNCRIXX,,,,2026,,,,,,0.9
AvailabilityFactor,INV,GLOBAL,PWRURNCRIXX,,,,2027,,,,,,0.9
AvailabilityFactor,INV,GLOBAL,PWRURNCRIXX,,,,2028,,,,,,0.9
AvailabilityFactor,INV,GLOBAL,PWRURNCRIXX,,,,2029,,,,,,0.9
AvailabilityFactor,INV,GLOBAL,PWRURNCRIXX,,,,2030,,,,,,0.9
AvailabilityFactor,INV,GLOBAL,PWRURNCRIXX,,,,2031,,,,,,0.9
AvailabilityFactor,INV,GLOBAL,PWRURNCRIXX,,,,2032,,,,,,0.9
AvailabilityFactor,INV,GLOBAL,PWRURNCRIXX,,,,2033,,,,,,0.9
AvailabilityFactor,INV,GLOBAL,PWRURNCRIXX,,,,2034,,,,,,0.9
AvailabilityFactor,INV,GLOBAL,PWRURNCRIXX,,,,2035,,,,,,0.9
AvailabilityFactor,INV,GLOBAL,PWRURNCRIXX,,,,2036,,,,,,0.9
AvailabilityFactor,INV,GLOBAL,PWRURNCRIXX,,,,2037,,,,,,0.9
AvailabilityFactor,INV,GLOBAL,PWRURNCRIXX,,,,2038,,,,,,0.9
AvailabilityFactor,INV,GLOBAL,PWRURNCRIXX,,,,2039,,,,,,0.9
AvailabilityFactor,INV,GLOBAL,PWRURNCRIXX,,,,2040,,,,,,0.9
AvailabilityFactor,INV,GLOBAL,PWRURNCRIXX,,,,2041,,,,,,0.9
AvailabilityFactor,INV,GLOBAL,PWRURNCRIXX,,,,2042,,,,,,0.9
AvailabilityFactor,INV,GLOBAL,PWRURNCRIXX,,,,2043,,,,,,0.9
AvailabilityFactor,INV,GLOBAL,PWRURNCRIXX,,,,2044,,,,,,0.9
AvailabilityFactor,INV,GLOBAL,PWRURNCRIXX,,,,2045,,,,,,0.9
AvailabilityFactor,INV,GLOBAL,PWRURNCRIXX,,,,2046,,,,,,0.9
AvailabilityFactor,INV,GLOBAL,PWRURNCRIXX,,,,2047,,,,,,0.9
AvailabilityFactor,INV,GLOBAL,PWRURNCRIXX,,,,2048,,,,,,0.9
AvailabilityFactor,INV,GLOBAL,PWRURNCRIXX,,,,2049,,,,,,0.9
AvailabilityFactor,INV,GLOBAL,PWRURNCRIXX,,,,2050,,,,,,0.9
AvailabilityFactor,INV,GLOBAL,PWRSPVPERXX,,,,2023,,,,,,0.9
AvailabilityFactor,INV,GLOBAL,PWRSPVPERXX,,,,2024,,,,,,0.9
AvailabilityFactor,INV,GLOBAL,PWRSPVPERXX,,,,2025,,,,,,0.9
AvailabilityFactor,INV,GLOBAL,PWRSPVPERXX,,,,2026,,,,,,0.9
AvailabilityFactor,INV,GLOBAL,PWRSPVPERXX,,,,2027,,,,,,0.9
AvailabilityFactor,INV,GLOBAL,PWRSPVPERXX,,,,2028,,,,,,0.9
AvailabilityFactor,INV,GLOBAL,PWRSPVPERXX,,,,2029,,,,,,0.9
AvailabilityFactor,INV,GLOBAL,PWRSPVPERXX,,,,2030,,,,,,0.9
AvailabilityFactor,INV,GLOBAL,PWRSPVPERXX,,,,2031,,,,,,0.9
AvailabilityFactor,INV,GLOBAL,PWRSPVPERXX,,,,2032,,,,,,0.9
AvailabilityFactor,INV,GLOBAL,PWRSPVPERXX,,,,2033,,,,,,0.9
AvailabilityFactor,INV,GLOBAL,PWRSPVPERXX,,,,2034,,,,,,0.9
AvailabilityFactor,INV,GLOBAL,PWRSPVPERXX,,,,2035,,,,,,0.9
AvailabilityFactor,INV,GLOBAL,PWRSPVPERXX,,,,2036,,,,,,0.9
AvailabilityFactor,INV,GLOBAL,PWRSPVPERXX,,,,2037,,,,,,0.9
AvailabilityFactor,INV,GLOBAL,PWRSPVPERXX,,,,2038,,,,,,0.9
AvailabilityFactor,INV,GLOBAL,PWRSPVPERXX,,,,2039,,,,,,0.9
AvailabilityFactor,INV,GLOBAL,PWRSPVPERXX,,,,2040,,,,,,0.9
AvailabilityFactor,INV,GLOBAL,PWRSPVPERXX,,,,2041,,,,,,0.9
AvailabilityFactor,INV,GLOBAL,PWRSPVPERXX,,,,2042,,,,,,0.9
AvailabilityFactor,INV,GLOBAL,PWRSPVPERXX,,,,2043,,,,,,0.9
AvailabilityFactor,INV,GLOBAL,PWRSPVPERXX,,,,2044,,,,,,0.9
AvailabilityFactor,INV,GLOBAL,PWRSPVPERXX,,,,2045,,,,,,0.9
AvailabilityFactor,INV,GLOBAL,PWRSPVPERXX,,,,2046,,,,,,0.9
AvailabilityFactor,INV,GLOBAL,PWRSPVPERXX,,,,2047,,,,,,0.9
AvailabilityFactor,INV,GLOBAL,PWRSPVPERXX,,,,2048,,,,,,0.9
AvailabilityFactor,INV,GLOBAL,PWRSPVPERXX,,,,2049,,,,,,0.9
AvailabilityFactor,INV,GLOBAL,PWRSPVPERXX,,,,2050,,,,,,0.9
AvailabilityFactor,INV,GLOBAL,PWRSPVPANXX,,,,2023,,,,,,0.9
AvailabilityFactor,INV,GLOBAL,PWRSPVPANXX,,,,2024,,,,,,0.9
AvailabilityFactor,INV,GLOBAL,PWRSPVPANXX,,,,2025,,,,,,0.9
AvailabilityFactor,INV,GLOBAL,PWRSPVPANXX,,,,2026,,,,,,0.9
AvailabilityFactor,INV,GLOBAL,PWRSPVPANXX,,,,2027,,,,,,0.9
AvailabilityFactor,INV,GLOBAL,PWRSPVPANXX,,,,2028,,,,,,0.9
AvailabilityFactor,INV,GLOBAL,PWRSPVPANXX,,,,2029,,,,,,0.9
AvailabilityFactor,INV,GLOBAL,PWRSPVPANXX,,,,2030,,,,,,0.9
AvailabilityFactor,INV,GLOBAL,PWRSPVPANXX,,,,2031,,,,,,0.9
AvailabilityFactor,INV,GLOBAL,PWRSPVPANXX,,,,2032,,,,,,0.9
AvailabilityFactor,INV,GLOBAL,PWRSPVPANXX,,,,2033,,,,,,0.9
AvailabilityFactor,INV,GLOBAL,PWRSPVPANXX,,,,2034,,,,,,0.9
AvailabilityFactor,INV,GLOBAL,PWRSPVPANXX,,,,2035,,,,,,0.9
AvailabilityFactor,INV,GLOBAL,PWRSPVPANXX,,,,2036,,,,,,0.9
AvailabilityFactor,INV,GLOBAL,PWRSPVPANXX,,,,2037,,,,,,0.9
AvailabilityFactor,INV,GLOBAL,PWRSPVPANXX,,,,2038,,,,,,0.9
AvailabilityFactor,INV,GLOBAL,PWRSPVPANXX,,,,2039,,,,,,0.9
AvailabilityFactor,INV,GLOBAL,PWRSPVPANXX,,,,2040,,,,,,0.9
AvailabilityFactor,INV,GLOBAL,PWRSPVPANXX,,,,2041,,,,,,0.9
AvailabilityFactor,INV,GLOBAL,PWRSPVPANXX,,,,2042,,,,,,0.9
AvailabilityFactor,INV,GLOBAL,PWRSPVPANXX,,,,2043,,,,,,0.9
AvailabilityFactor,INV,GLOBAL,PWRSPVPANXX,,,,2044,,,,,,0.9
AvailabilityFactor,INV,GLOBAL,PWRSPVPANXX,,,,2045,,,,,,0.9
AvailabilityFactor,INV,GLOBAL,PWRSPVPANXX,,,,2046,,,,,,0.9
AvailabilityFactor,INV,GLOBAL,PWRSPVPANXX,,,,2047,,,,,,0.9
AvailabilityFactor,INV,GLOBAL,PWRSPVPANXX,,,,2048,,,,,,0.9
AvailabilityFactor,INV,GLOBAL,PWRSPVPANXX,,,,2049,,,,,,0.9
AvailabilityFactor,INV,GLOBAL,PWRSPVPANXX,,,,2050,,,,,,0.9
AvailabilityFactor,INV,GLOBAL,PWRNGSPERXX,,,,2023,,,,,,0.9
AvailabilityFactor,INV,GLOBAL,PWRNGSPERXX,,,,2024,,,,,,0.9
AvailabilityFactor,INV,GLOBAL,PWRNGSPERXX,,,,2025,,,,,,0.9
AvailabilityFactor,INV,GLOBAL,PWRNGSPERXX,,,,2026,,,,,,0.9
AvailabilityFactor,INV,GLOBAL,PWRNGSPERXX,,,,2027,,,,,,0.9
AvailabilityFactor,INV,GLOBAL,PWRNGSPERXX,,,,2028,,,,,,0.9
AvailabilityFactor,INV,GLOBAL,PWRNGSPERXX,,,,2029,,,,,,0.9
AvailabilityFactor,INV,GLOBAL,PWRNGSPERXX,,,,2030,,,,,,0.9
AvailabilityFactor,INV,GLOBAL,PWRNGSPERXX,,,,2031,,,,,,0.9
AvailabilityFactor,INV,GLOBAL,PWRNGSPERXX,,,,2032,,,,,,0.9
AvailabilityFactor,INV,GLOBAL,PWRNGSPERXX,,,,2033,,,,,,0.9
AvailabilityFactor,INV,GLOBAL,PWRNGSPERXX,,,,2034,,,,,,0.9
AvailabilityFactor,INV,GLOBAL,PWRNGSPERXX,,,,2035,,,,,,0.9
AvailabilityFactor,INV,GLOBAL,PWRNGSPERXX,,,,2036,,,,,,0.9
AvailabilityFactor,INV,GLOBAL,PWRNGSPERXX,,,,2037,,,,,,0.9
AvailabilityFactor,INV,GLOBAL,PWRNGSPERXX,,,,2038,,,,,,0.9
AvailabilityFactor,INV,GLOBAL,PWRNGSPERXX,,,,2039,,,,,,0.9
AvailabilityFactor,INV,GLOBAL,PWRNGSPERXX,,,,2040,,,,,,0.9
AvailabilityFactor,INV,GLOBAL,PWRNGSPERXX,,,,2041,,,,,,0.9
AvailabilityFactor,INV,GLOBAL,PWRNGSPERXX,,,,2042,,,,,,0.9
AvailabilityFactor,INV,GLOBAL,PWRNGSPERXX,,,,2043,,,,,,0.9
AvailabilityFactor,INV,GLOBAL,PWRNGSPERXX,,,,2044,,,,,,0.9
AvailabilityFactor,INV,GLOBAL,PWRNGSPERXX,,,,2045,,,,,,0.9
AvailabilityFactor,INV,GLOBAL,PWRNGSPERXX,,,,2046,,,,,,0.9
AvailabilityFactor,INV,GLOBAL,PWRNGSPERXX,,,,2047,,,,,,0.9
AvailabilityFactor,INV,GLOBAL,PWRNGSPERXX,,,,2048,,,,,,0.9
AvailabilityFactor,INV,GLOBAL,PWRNGSPERXX,,,,2049,,,,,,0.9
AvailabilityFactor,INV,GLOBAL,PWRNGSPERXX,,,,2050,,,,,,0.9
AvailabilityFactor,INV,GLOBAL,PWRCOGDOMXX,,,,2023,,,,,,0.8
AvailabilityFactor,INV,GLOBAL,PWRCOGDOMXX,,,,2024,,,,,,0.8
AvailabilityFactor,INV,GLOBAL,PWRCOGDOMXX,,,,2025,,,,,,0.8
AvailabilityFactor,INV,GLOBAL,PWRCOGDOMXX,,,,2026,,,,,,0.8
AvailabilityFactor,INV,GLOBAL,PWRCOGDOMXX,,,,2027,,,,,,0.8
AvailabilityFactor,INV,GLOBAL,PWRCOGDOMXX,,,,2028,,,,,,0.8
AvailabilityFactor,INV,GLOBAL,PWRCOGDOMXX,,,,2029,,,,,,0.8
AvailabilityFactor,INV,GLOBAL,PWRCOGDOMXX,,,,2030,,,,,,0.8
AvailabilityFactor,INV,GLOBAL,PWRCOGDOMXX,,,,2031,,,,,,0.8
AvailabilityFactor,INV,GLOBAL,PWRCOGDOMXX,,,,2032,,,,,,0.8
AvailabilityFactor,INV,GLOBAL,PWRCOGDOMXX,,,,2033,,,,,,0.8
AvailabilityFactor,INV,GLOBAL,PWRCOGDOMXX,,,,2034,,,,,,0.8
AvailabilityFactor,INV,GLOBAL,PWRCOGDOMXX,,,,2035,,,,,,0.8
AvailabilityFactor,INV,GLOBAL,PWRCOGDOMXX,,,,2036,,,,,,0.8
AvailabilityFactor,INV,GLOBAL,PWRCOGDOMXX,,,,2037,,,,,,0.8
AvailabilityFactor,INV,GLOBAL,PWRCOGDOMXX,,,,2038,,,,,,0.8
AvailabilityFactor,INV,GLOBAL,PWRCOGDOMXX,,,,2039,,,,,,0.8
AvailabilityFactor,INV,GLOBAL,PWRCOGDOMXX,,,,2040,,,,,,0.8
AvailabilityFactor,INV,GLOBAL,PWRCOGDOMXX,,,,2041,,,,,,0.8
AvailabilityFactor,INV,GLOBAL,PWRCOGDOMXX,,,,2042,,,,,,0.8
AvailabilityFactor,INV,GLOBAL,PWRCOGDOMXX,,,,2043,,,,,,0.8
AvailabilityFactor,INV,GLOBAL,PWRCOGDOMXX,,,,2044,,,,,,0.8
AvailabilityFactor,INV,GLOBAL,PWRCOGDOMXX,,,,2045,,,,,,0.8
AvailabilityFactor,INV,GLOBAL,PWRCOGDOMXX,,,,2046,,,,,,0.8
AvailabilityFactor,INV,GLOBAL,PWRCOGDOMXX,,,,2047,,,,,,0.8
AvailabilityFactor,INV,GLOBAL,PWRCOGDOMXX,,,,2048,,,,,,0.8
AvailabilityFactor,INV,GLOBAL,PWRCOGDOMXX,,,,2049,,,,,,0.8
AvailabilityFactor,INV,GLOBAL,PWRCOGDOMXX,,,,2050,,,,,,0.8
AvailabilityFactor,INV,GLOBAL,PWRCOGBRAXX,,,,2023,,,,,,0.8
AvailabilityFactor,INV,GLOBAL,PWRCOGBRAXX,,,,2024,,,,,,0.8
AvailabilityFactor,INV,GLOBAL,PWRCOGBRAXX,,,,2025,,,,,,0.8
AvailabilityFactor,INV,GLOBAL,PWRCOGBRAXX,,,,2026,,,,,,0.8
AvailabilityFactor,INV,GLOBAL,PWRCOGBRAXX,,,,2027,,,,,,0.8
AvailabilityFactor,INV,GLOBAL,PWRCOGBRAXX,,,,2028,,,,,,0.8
AvailabilityFactor,INV,GLOBAL,PWRCOGBRAXX,,,,2029,,,,,,0.8
AvailabilityFactor,INV,GLOBAL,PWRCOGBRAXX,,,,2030,,,,,,0.8
AvailabilityFactor,INV,GLOBAL,PWRCOGBRAXX,,,,2031,,,,,,0.8
AvailabilityFactor,INV,GLOBAL,PWRCOGBRAXX,,,,2032,,,,,,0.8
AvailabilityFactor,INV,GLOBAL,PWRCOGBRAXX,,,,2033,,,,,,0.8
AvailabilityFactor,INV,GLOBAL,PWRCOGBRAXX,,,,2034,,,,,,0.8
AvailabilityFactor,INV,GLOBAL,PWRCOGBRAXX,,,,2035,,,,,,0.8
AvailabilityFactor,INV,GLOBAL,PWRCOGBRAXX,,,,2036,,,,,,0.8
AvailabilityFactor,INV,GLOBAL,PWRCOGBRAXX,,,,2037,,,,,,0.8
AvailabilityFactor,INV,GLOBAL,PWRCOGBRAXX,,,,2038,,,,,,0.8
AvailabilityFactor,INV,GLOBAL,PWRCOGBRAXX,,,,2039,,,,,,0.8
AvailabilityFactor,INV,GLOBAL,PWRCOGBRAXX,,,,2040,,,,,,0.8
AvailabilityFactor,INV,GLOBAL,PWRCOGBRAXX,,,,2041,,,,,,0.8
AvailabilityFactor,INV,GLOBAL,PWRCOGBRAXX,,,,2042,,,,,,0.8
AvailabilityFactor,INV,GLOBAL,PWRCOGBRAXX,,,,2043,,,,,,0.8
AvailabilityFactor,INV,GLOBAL,PWRCOGBRAXX,,,,2044,,,,,,0.8
AvailabilityFactor,INV,GLOBAL,PWRCOGBRAXX,,,,2045,,,,,,0.8
AvailabilityFactor,INV,GLOBAL,PWRCOGBRAXX,,,,2046,,,,,,0.8
AvailabilityFactor,INV,GLOBAL,PWRCOGBRAXX,,,,2047,,,,,,0.8
AvailabilityFactor,INV,GLOBAL,PWRCOGBRAXX,,,,2048,,,,,,0.8
AvailabilityFactor,INV,GLOBAL,PWRCOGBRAXX,,,,2049,,,,,,0.8
AvailabilityFactor,INV,GLOBAL,PWRCOGBRAXX,,,,2050,,,,,,0.8
AvailabilityFactor,INV,GLOBAL,PWRCCSPRYXX,,,,2023,,,,,,0.9
AvailabilityFactor,INV,GLOBAL,PWRCCSPRYXX,,,,2024,,,,,,0.9
AvailabilityFactor,INV,GLOBAL,PWRCCSPRYXX,,,,2025,,,,,,0.9
AvailabilityFactor,INV,GLOBAL,PWRCCSPRYXX,,,,2026,,,,,,0.9
AvailabilityFactor,INV,GLOBAL,PWRCCSPRYXX,,,,2027,,,,,,0.9
AvailabilityFactor,INV,GLOBAL,PWRCCSPRYXX,,,,2028,,,,,,0.9
AvailabilityFactor,INV,GLOBAL,PWRCCSPRYXX,,,,2029,,,,,,0.9
AvailabilityFactor,INV,GLOBAL,PWRCCSPRYXX,,,,2030,,,,,,0.9
AvailabilityFactor,INV,GLOBAL,PWRCCSPRYXX,,,,2031,,,,,,0.9
AvailabilityFactor,INV,GLOBAL,PWRCCSPRYXX,,,,2032,,,,,,0.9
AvailabilityFactor,INV,GLOBAL,PWRCCSPRYXX,,,,2033,,,,,,0.9
AvailabilityFactor,INV,GLOBAL,PWRCCSPRYXX,,,,2034,,,,,,0.9
AvailabilityFactor,INV,GLOBAL,PWRCCSPRYXX,,,,2035,,,,,,0.9
AvailabilityFactor,INV,GLOBAL,PWRCCSPRYXX,,,,2036,,,,,,0.9
AvailabilityFactor,INV,GLOBAL,PWRCCSPRYXX,,,,2037,,,,,,0.9
AvailabilityFactor,INV,GLOBAL,PWRCCSPRYXX,,,,2038,,,,,,0.9
AvailabilityFactor,INV,GLOBAL,PWRCCSPRYXX,,,,2039,,,,,,0.9
AvailabilityFactor,INV,GLOBAL,PWRCCSPRYXX,,,,2040,,,,,,0.9
AvailabilityFactor,INV,GLOBAL,PWRCCSPRYXX,,,,2041,,,,,,0.9
AvailabilityFactor,INV,GLOBAL,PWRCCSPRYXX,,,,2042,,,,,,0.9
AvailabilityFactor,INV,GLOBAL,PWRCCSPRYXX,,,,2043,,,,,,0.9
AvailabilityFactor,INV,GLOBAL,PWRCCSPRYXX,,,,2044,,,,,,0.9
AvailabilityFactor,INV,GLOBAL,PWRCCSPRYXX,,,,2045,,,,,,0.9
AvailabilityFactor,INV,GLOBAL,PWRCCSPRYXX,,,,2046,,,,,,0.9
AvailabilityFactor,INV,GLOBAL,PWRCCSPRYXX,,,,2047,,,,,,0.9
AvailabilityFactor,INV,GLOBAL,PWRCCSPRYXX,,,,2048,,,,,,0.9
AvailabilityFactor,INV,GLOBAL,PWRCCSPRYXX,,,,2049,,,,,,0.9
AvailabilityFactor,INV,GLOBAL,PWRCCSPRYXX,,,,2050,,,,,,0.9
AvailabilityFactor,INV,GLOBAL,PWRPETURYXX,,,,2023,,,,,,0.8
AvailabilityFactor,INV,GLOBAL,PWRPETURYXX,,,,2024,,,,,,0.8
AvailabilityFactor,INV,GLOBAL,PWRPETURYXX,,,,2025,,,,,,0.8
AvailabilityFactor,INV,GLOBAL,PWRPETURYXX,,,,2026,,,,,,0.8
AvailabilityFactor,INV,GLOBAL,PWRPETURYXX,,,,2027,,,,,,0.8
AvailabilityFactor,INV,GLOBAL,PWRPETURYXX,,,,2028,,,,,,0.8
AvailabilityFactor,INV,GLOBAL,PWRPETURYXX,,,,2029,,,,,,0.8
AvailabilityFactor,INV,GLOBAL,PWRPETURYXX,,,,2030,,,,,,0.8
AvailabilityFactor,INV,GLOBAL,PWRPETURYXX,,,,2031,,,,,,0.8
AvailabilityFactor,INV,GLOBAL,PWRPETURYXX,,,,2032,,,,,,0.8
AvailabilityFactor,INV,GLOBAL,PWRPETURYXX,,,,2033,,,,,,0.8
AvailabilityFactor,INV,GLOBAL,PWRPETURYXX,,,,2034,,,,,,0.8
AvailabilityFactor,INV,GLOBAL,PWRPETURYXX,,,,2035,,,,,,0.8
AvailabilityFactor,INV,GLOBAL,PWRPETURYXX,,,,2036,,,,,,0.8
AvailabilityFactor,INV,GLOBAL,PWRPETURYXX,,,,2037,,,,,,0.8
AvailabilityFactor,INV,GLOBAL,PWRPETURYXX,,,,2038,,,,,,0.8
AvailabilityFactor,INV,GLOBAL,PWRPETURYXX,,,,2039,,,,,,0.8
AvailabilityFactor,INV,GLOBAL,PWRPETURYXX,,,,2040,,,,,,0.8
AvailabilityFactor,INV,GLOBAL,PWRPETURYXX,,,,2041,,,,,,0.8
AvailabilityFactor,INV,GLOBAL,PWRPETURYXX,,,,2042,,,,,,0.8
AvailabilityFactor,INV,GLOBAL,PWRPETURYXX,,,,2043,,,,,,0.8
AvailabilityFactor,INV,GLOBAL,PWRPETURYXX,,,,2044,,,,,,0.8
AvailabilityFactor,INV,GLOBAL,PWRPETURYXX,,,,2045,,,,,,0.8
AvailabilityFactor,INV,GLOBAL,PWRPETURYXX,,,,2046,,,,,,0.8
AvailabilityFactor,INV,GLOBAL,PWRPETURYXX,,,,2047,,,,,,0.8
AvailabilityFactor,INV,GLOBAL,PWRPETURYXX,,,,2048,,,,,,0.8
AvailabilityFactor,INV,GLOBAL,PWRPETURYXX,,,,2049,,,,,,0.8
AvailabilityFactor,INV,GLOBAL,PWRPETURYXX,,,,2050,,,,,,0.8
AvailabilityFactor,INV,GLOBAL,PWRSPVNICXX,,,,2023,,,,,,0.9
AvailabilityFactor,INV,GLOBAL,PWRSPVNICXX,,,,2024,,,,,,0.9
AvailabilityFactor,INV,GLOBAL,PWRSPVNICXX,,,,2025,,,,,,0.9
AvailabilityFactor,INV,GLOBAL,PWRSPVNICXX,,,,2026,,,,,,0.9
AvailabilityFactor,INV,GLOBAL,PWRSPVNICXX,,,,2027,,,,,,0.9
AvailabilityFactor,INV,GLOBAL,PWRSPVNICXX,,,,2028,,,,,,0.9
AvailabilityFactor,INV,GLOBAL,PWRSPVNICXX,,,,2029,,,,,,0.9
AvailabilityFactor,INV,GLOBAL,PWRSPVNICXX,,,,2030,,,,,,0.9
AvailabilityFactor,INV,GLOBAL,PWRSPVNICXX,,,,2031,,,,,,0.9
AvailabilityFactor,INV,GLOBAL,PWRSPVNICXX,,,,2032,,,,,,0.9
AvailabilityFactor,INV,GLOBAL,PWRSPVNICXX,,,,2033,,,,,,0.9
AvailabilityFactor,INV,GLOBAL,PWRSPVNICXX,,,,2034,,,,,,0.9
AvailabilityFactor,INV,GLOBAL,PWRSPVNICXX,,,,2035,,,,,,0.9
AvailabilityFactor,INV,GLOBAL,PWRSPVNICXX,,,,2036,,,,,,0.9
AvailabilityFactor,INV,GLOBAL,PWRSPVNICXX,,,,2037,,,,,,0.9
AvailabilityFactor,INV,GLOBAL,PWRSPVNICXX,,,,2038,,,,,,0.9
AvailabilityFactor,INV,GLOBAL,PWRSPVNICXX,,,,2039,,,,,,0.9
AvailabilityFactor,INV,GLOBAL,PWRSPVNICXX,,,,2040,,,,,,0.9
AvailabilityFactor,INV,GLOBAL,PWRSPVNICXX,,,,2041,,,,,,0.9
AvailabilityFactor,INV,GLOBAL,PWRSPVNICXX,,,,2042,,,,,,0.9
AvailabilityFactor,INV,GLOBAL,PWRSPVNICXX,,,,2043,,,,,,0.9
AvailabilityFactor,INV,GLOBAL,PWRSPVNICXX,,,,2044,,,,,,0.9
AvailabilityFactor,INV,GLOBAL,PWRSPVNICXX,,,,2045,,,,,,0.9
AvailabilityFactor,INV,GLOBAL,PWRSPVNICXX,,,,2046,,,,,,0.9
AvailabilityFactor,INV,GLOBAL,PWRSPVNICXX,,,,2047,,,,,,0.9
AvailabilityFactor,INV,GLOBAL,PWRSPVNICXX,,,,2048,,,,,,0.9
AvailabilityFactor,INV,GLOBAL,PWRSPVNICXX,,,,2049,,,,,,0.9
AvailabilityFactor,INV,GLOBAL,PWRSPVNICXX,,,,2050,,,,,,0.9
AvailabilityFactor,INV,GLOBAL,PWRNGSNICXX,,,,2023,,,,,,0.9
AvailabilityFactor,INV,GLOBAL,PWRNGSNICXX,,,,2024,,,,,,0.9
AvailabilityFactor,INV,GLOBAL,PWRNGSNICXX,,,,2025,,,,,,0.9
AvailabilityFactor,INV,GLOBAL,PWRNGSNICXX,,,,2026,,,,,,0.9
AvailabilityFactor,INV,GLOBAL,PWRNGSNICXX,,,,2027,,,,,,0.9
AvailabilityFactor,INV,GLOBAL,PWRNGSNICXX,,,,2028,,,,,,0.9
AvailabilityFactor,INV,GLOBAL,PWRNGSNICXX,,,,2029,,,,,,0.9
AvailabilityFactor,INV,GLOBAL,PWRNGSNICXX,,,,2030,,,,,,0.9
AvailabilityFactor,INV,GLOBAL,PWRNGSNICXX,,,,2031,,,,,,0.9
AvailabilityFactor,INV,GLOBAL,PWRNGSNICXX,,,,2032,,,,,,0.9
AvailabilityFactor,INV,GLOBAL,PWRNGSNICXX,,,,2033,,,,,,0.9
AvailabilityFactor,INV,GLOBAL,PWRNGSNICXX,,,,2034,,,,,,0.9
AvailabilityFactor,INV,GLOBAL,PWRNGSNICXX,,,,2035,,,,,,0.9
AvailabilityFactor,INV,GLOBAL,PWRNGSNICXX,,,,2036,,,,,,0.9
AvailabilityFactor,INV,GLOBAL,PWRNGSNICXX,,,,2037,,,,,,0.9
AvailabilityFactor,INV,GLOBAL,PWRNGSNICXX,,,,2038,,,,,,0.9
AvailabilityFactor,INV,GLOBAL,PWRNGSNICXX,,,,2039,,,,,,0.9
AvailabilityFactor,INV,GLOBAL,PWRNGSNICXX,,,,2040,,,,,,0.9
AvailabilityFactor,INV,GLOBAL,PWRNGSNICXX,,,,2041,,,,,,0.9
AvailabilityFactor,INV,GLOBAL,PWRNGSNICXX,,,,2042,,,,,,0.9
AvailabilityFactor,INV,GLOBAL,PWRNGSNICXX,,,,2043,,,,,,0.9
AvailabilityFactor,INV,GLOBAL,PWRNGSNICXX,,,,2044,,,,,,0.9
AvailabilityFactor,INV,GLOBAL,PWRNGSNICXX,,,,2045,,,,,,0.9
AvailabilityFactor,INV,GLOBAL,PWRNGSNICXX,,,,2046,,,,,,0.9
AvailabilityFactor,INV,GLOBAL,PWRNGSNICXX,,,,2047,,,,,,0.9
AvailabilityFactor,INV,GLOBAL,PWRNGSNICXX,,,,2048,,,,,,0.9
AvailabilityFactor,INV,GLOBAL,PWRNGSNICXX,,,,2049,,,,,,0.9
AvailabilityFactor,INV,GLOBAL,PWRNGSNICXX,,,,2050,,,,,,0.9
AvailabilityFactor,INV,GLOBAL,PWRWOFURYXX,,,,2023,,,,,,0.9
AvailabilityFactor,INV,GLOBAL,PWRWOFURYXX,,,,2024,,,,,,0.9
AvailabilityFactor,INV,GLOBAL,PWRWOFURYXX,,,,2025,,,,,,0.9
AvailabilityFactor,INV,GLOBAL,PWRWOFURYXX,,,,2026,,,,,,0.9
AvailabilityFactor,INV,GLOBAL,PWRWOFURYXX,,,,2027,,,,,,0.9
AvailabilityFactor,INV,GLOBAL,PWRWOFURYXX,,,,2028,,,,,,0.9
AvailabilityFactor,INV,GLOBAL,PWRWOFURYXX,,,,2029,,,,,,0.9
AvailabilityFactor,INV,GLOBAL,PWRWOFURYXX,,,,2030,,,,,,0.9
AvailabilityFactor,INV,GLOBAL,PWRWOFURYXX,,,,2031,,,,,,0.9
AvailabilityFactor,INV,GLOBAL,PWRWOFURYXX,,,,2032,,,,,,0.9
AvailabilityFactor,INV,GLOBAL,PWRWOFURYXX,,,,2033,,,,,,0.9
AvailabilityFactor,INV,GLOBAL,PWRWOFURYXX,,,,2034,,,,,,0.9
AvailabilityFactor,INV,GLOBAL,PWRWOFURYXX,,,,2035,,,,,,0.9
AvailabilityFactor,INV,GLOBAL,PWRWOFURYXX,,,,2036,,,,,,0.9
AvailabilityFactor,INV,GLOBAL,PWRWOFURYXX,,,,2037,,,,,,0.9
AvailabilityFactor,INV,GLOBAL,PWRWOFURYXX,,,,2038,,,,,,0.9
AvailabilityFactor,INV,GLOBAL,PWRWOFURYXX,,,,2039,,,,,,0.9
AvailabilityFactor,INV,GLOBAL,PWRWOFURYXX,,,,2040,,,,,,0.9
AvailabilityFactor,INV,GLOBAL,PWRWOFURYXX,,,,2041,,,,,,0.9
AvailabilityFactor,INV,GLOBAL,PWRWOFURYXX,,,,2042,,,,,,0.9
AvailabilityFactor,INV,GLOBAL,PWRWOFURYXX,,,,2043,,,,,,0.9
AvailabilityFactor,INV,GLOBAL,PWRWOFURYXX,,,,2044,,,,,,0.9
AvailabilityFactor,INV,GLOBAL,PWRWOFURYXX,,,,2045,,,,,,0.9
AvailabilityFactor,INV,GLOBAL,PWRWOFURYXX,,,,2046,,,,,,0.9
AvailabilityFactor,INV,GLOBAL,PWRWOFURYXX,,,,2047,,,,,,0.9
AvailabilityFactor,INV,GLOBAL,PWRWOFURYXX,,,,2048,,,,,,0.9
AvailabilityFactor,INV,GLOBAL,PWRWOFURYXX,,,,2049,,,,,,0.9
AvailabilityFactor,INV,GLOBAL,PWRWOFURYXX,,,,2050,,,,,,0.9
AvailabilityFactor,INV,GLOBAL,PWRWOFDOMXX,,,,2023,,,,,,0.9
AvailabilityFactor,INV,GLOBAL,PWRWOFDOMXX,,,,2024,,,,,,0.9
AvailabilityFactor,INV,GLOBAL,PWRWOFDOMXX,,,,2025,,,,,,0.9
AvailabilityFactor,INV,GLOBAL,PWRWOFDOMXX,,,,2026,,,,,,0.9
AvailabilityFactor,INV,GLOBAL,PWRWOFDOMXX,,,,2027,,,,,,0.9
AvailabilityFactor,INV,GLOBAL,PWRWOFDOMXX,,,,2028,,,,,,0.9
AvailabilityFactor,INV,GLOBAL,PWRWOFDOMXX,,,,2029,,,,,,0.9
AvailabilityFactor,INV,GLOBAL,PWRWOFDOMXX,,,,2030,,,,,,0.9
AvailabilityFactor,INV,GLOBAL,PWRWOFDOMXX,,,,2031,,,,,,0.9
AvailabilityFactor,INV,GLOBAL,PWRWOFDOMXX,,,,2032,,,,,,0.9
AvailabilityFactor,INV,GLOBAL,PWRWOFDOMXX,,,,2033,,,,,,0.9
AvailabilityFactor,INV,GLOBAL,PWRWOFDOMXX,,,,2034,,,,,,0.9
AvailabilityFactor,INV,GLOBAL,PWRWOFDOMXX,,,,2035,,,,,,0.9
AvailabilityFactor,INV,GLOBAL,PWRWOFDOMXX,,,,2036,,,,,,0.9
AvailabilityFactor,INV,GLOBAL,PWRWOFDOMXX,,,,2037,,,,,,0.9
AvailabilityFactor,INV,GLOBAL,PWRWOFDOMXX,,,,2038,,,,,,0.9
AvailabilityFactor,INV,GLOBAL,PWRWOFDOMXX,,,,2039,,,,,,0.9
AvailabilityFactor,INV,GLOBAL,PWRWOFDOMXX,,,,2040,,,,,,0.9
AvailabilityFactor,INV,GLOBAL,PWRWOFDOMXX,,,,2041,,,,,,0.9
AvailabilityFactor,INV,GLOBAL,PWRWOFDOMXX,,,,2042,,,,,,0.9
AvailabilityFactor,INV,GLOBAL,PWRWOFDOMXX,,,,2043,,,,,,0.9
AvailabilityFactor,INV,GLOBAL,PWRWOFDOMXX,,,,2044,,,,,,0.9
AvailabilityFactor,INV,GLOBAL,PWRWOFDOMXX,,,,2045,,,,,,0.9
AvailabilityFactor,INV,GLOBAL,PWRWOFDOMXX,,,,2046,,,,,,0.9
AvailabilityFactor,INV,GLOBAL,PWRWOFDOMXX,,,,2047,,,,,,0.9
AvailabilityFactor,INV,GLOBAL,PWRWOFDOMXX,,,,2048,,,,,,0.9
AvailabilityFactor,INV,GLOBAL,PWRWOFDOMXX,,,,2049,,,,,,0.9
AvailabilityFactor,INV,GLOBAL,PWRWOFDOMXX,,,,2050,,,,,,0.9
AvailabilityFactor,INV,GLOBAL,PWRBIOPERXX,,,,2023,,,,,,0.5
AvailabilityFactor,INV,GLOBAL,PWRBIOPERXX,,,,2024,,,,,,0.5
AvailabilityFactor,INV,GLOBAL,PWRBIOPERXX,,,,2025,,,,,,0.5
AvailabilityFactor,INV,GLOBAL,PWRBIOPERXX,,,,2026,,,,,,0.5
AvailabilityFactor,INV,GLOBAL,PWRBIOPERXX,,,,2027,,,,,,0.5
AvailabilityFactor,INV,GLOBAL,PWRBIOPERXX,,,,2028,,,,,,0.5
AvailabilityFactor,INV,GLOBAL,PWRBIOPERXX,,,,2029,,,,,,0.5
AvailabilityFactor,INV,GLOBAL,PWRBIOPERXX,,,,2030,,,,,,0.5
AvailabilityFactor,INV,GLOBAL,PWRBIOPERXX,,,,2031,,,,,,0.5
AvailabilityFactor,INV,GLOBAL,PWRBIOPERXX,,,,2032,,,,,,0.5
AvailabilityFactor,INV,GLOBAL,PWRBIOPERXX,,,,2033,,,,,,0.5
AvailabilityFactor,INV,GLOBAL,PWRBIOPERXX,,,,2034,,,,,,0.5
AvailabilityFactor,INV,GLOBAL,PWRBIOPERXX,,,,2035,,,,,,0.5
AvailabilityFactor,INV,GLOBAL,PWRBIOPERXX,,,,2036,,,,,,0.5
AvailabilityFactor,INV,GLOBAL,PWRBIOPERXX,,,,2037,,,,,,0.5
AvailabilityFactor,INV,GLOBAL,PWRBIOPERXX,,,,2038,,,,,,0.5
AvailabilityFactor,INV,GLOBAL,PWRBIOPERXX,,,,2039,,,,,,0.5
AvailabilityFactor,INV,GLOBAL,PWRBIOPERXX,,,,2040,,,,,,0.5
AvailabilityFactor,INV,GLOBAL,PWRBIOPERXX,,,,2041,,,,,,0.5
AvailabilityFactor,INV,GLOBAL,PWRBIOPERXX,,,,2042,,,,,,0.5
AvailabilityFactor,INV,GLOBAL,PWRBIOPERXX,,,,2043,,,,,,0.5
AvailabilityFactor,INV,GLOBAL,PWRBIOPERXX,,,,2044,,,,,,0.5
AvailabilityFactor,INV,GLOBAL,PWRBIOPERXX,,,,2045,,,,,,0.5
AvailabilityFactor,INV,GLOBAL,PWRBIOPERXX,,,,2046,,,,,,0.5
AvailabilityFactor,INV,GLOBAL,PWRBIOPERXX,,,,2047,,,,,,0.5
AvailabilityFactor,INV,GLOBAL,PWRBIOPERXX,,,,2048,,,,,,0.5
AvailabilityFactor,INV,GLOBAL,PWRBIOPERXX,,,,2049,,,,,,0.5
AvailabilityFactor,INV,GLOBAL,PWRBIOPERXX,,,,2050,,,,,,0.5
AvailabilityFactor,INV,GLOBAL,PWRWOFARGXX,,,,2023,,,,,,0.9
AvailabilityFactor,INV,GLOBAL,PWRWOFARGXX,,,,2024,,,,,,0.9
AvailabilityFactor,INV,GLOBAL,PWRWOFARGXX,,,,2025,,,,,,0.9
AvailabilityFactor,INV,GLOBAL,PWRWOFARGXX,,,,2026,,,,,,0.9
AvailabilityFactor,INV,GLOBAL,PWRWOFARGXX,,,,2027,,,,,,0.9
AvailabilityFactor,INV,GLOBAL,PWRWOFARGXX,,,,2028,,,,,,0.9
AvailabilityFactor,INV,GLOBAL,PWRWOFARGXX,,,,2029,,,,,,0.9
AvailabilityFactor,INV,GLOBAL,PWRWOFARGXX,,,,2030,,,,,,0.9
AvailabilityFactor,INV,GLOBAL,PWRWOFARGXX,,,,2031,,,,,,0.9
AvailabilityFactor,INV,GLOBAL,PWRWOFARGXX,,,,2032,,,,,,0.9
AvailabilityFactor,INV,GLOBAL,PWRWOFARGXX,,,,2033,,,,,,0.9
AvailabilityFactor,INV,GLOBAL,PWRWOFARGXX,,,,2034,,,,,,0.9
AvailabilityFactor,INV,GLOBAL,PWRWOFARGXX,,,,2035,,,,,,0.9
AvailabilityFactor,INV,GLOBAL,PWRWOFARGXX,,,,2036,,,,,,0.9
AvailabilityFactor,INV,GLOBAL,PWRWOFARGXX,,,,2037,,,,,,0.9
AvailabilityFactor,INV,GLOBAL,PWRWOFARGXX,,,,2038,,,,,,0.9
AvailabilityFactor,INV,GLOBAL,PWRWOFARGXX,,,,2039,,,,,,0.9
AvailabilityFactor,INV,GLOBAL,PWRWOFARGXX,,,,2040,,,,,,0.9
AvailabilityFactor,INV,GLOBAL,PWRWOFARGXX,,,,2041,,,,,,0.9
AvailabilityFactor,INV,GLOBAL,PWRWOFARGXX,,,,2042,,,,,,0.9
AvailabilityFactor,INV,GLOBAL,PWRWOFARGXX,,,,2043,,,,,,0.9
AvailabilityFactor,INV,GLOBAL,PWRWOFARGXX,,,,2044,,,,,,0.9
AvailabilityFactor,INV,GLOBAL,PWRWOFARGXX,,,,2045,,,,,,0.9
AvailabilityFactor,INV,GLOBAL,PWRWOFARGXX,,,,2046,,,,,,0.9
AvailabilityFactor,INV,GLOBAL,PWRWOFARGXX,,,,2047,,,,,,0.9
AvailabilityFactor,INV,GLOBAL,PWRWOFARGXX,,,,2048,,,,,,0.9
AvailabilityFactor,INV,GLOBAL,PWRWOFARGXX,,,,2049,,,,,,0.9
AvailabilityFactor,INV,GLOBAL,PWRWOFARGXX,,,,2050,,,,,,0.9
AvailabilityFactor,INV,GLOBAL,PWRGEOBRBXX,,,,2023,,,,,,0.9
AvailabilityFactor,INV,GLOBAL,PWRGEOBRBXX,,,,2024,,,,,,0.9
AvailabilityFactor,INV,GLOBAL,PWRGEOBRBXX,,,,2025,,,,,,0.9
AvailabilityFactor,INV,GLOBAL,PWRGEOBRBXX,,,,2026,,,,,,0.9
AvailabilityFactor,INV,GLOBAL,PWRGEOBRBXX,,,,2027,,,,,,0.9
AvailabilityFactor,INV,GLOBAL,PWRGEOBRBXX,,,,2028,,,,,,0.9
AvailabilityFactor,INV,GLOBAL,PWRGEOBRBXX,,,,2029,,,,,,0.9
AvailabilityFactor,INV,GLOBAL,PWRGEOBRBXX,,,,2030,,,,,,0.9
AvailabilityFactor,INV,GLOBAL,PWRGEOBRBXX,,,,2031,,,,,,0.9
AvailabilityFactor,INV,GLOBAL,PWRGEOBRBXX,,,,2032,,,,,,0.9
AvailabilityFactor,INV,GLOBAL,PWRGEOBRBXX,,,,2033,,,,,,0.9
AvailabilityFactor,INV,GLOBAL,PWRGEOBRBXX,,,,2034,,,,,,0.9
AvailabilityFactor,INV,GLOBAL,PWRGEOBRBXX,,,,2035,,,,,,0.9
AvailabilityFactor,INV,GLOBAL,PWRGEOBRBXX,,,,2036,,,,,,0.9
AvailabilityFactor,INV,GLOBAL,PWRGEOBRBXX,,,,2037,,,,,,0.9
AvailabilityFactor,INV,GLOBAL,PWRGEOBRBXX,,,,2038,,,,,,0.9
AvailabilityFactor,INV,GLOBAL,PWRGEOBRBXX,,,,2039,,,,,,0.9
AvailabilityFactor,INV,GLOBAL,PWRGEOBRBXX,,,,2040,,,,,,0.9
AvailabilityFactor,INV,GLOBAL,PWRGEOBRBXX,,,,2041,,,,,,0.9
AvailabilityFactor,INV,GLOBAL,PWRGEOBRBXX,,,,2042,,,,,,0.9
AvailabilityFactor,INV,GLOBAL,PWRGEOBRBXX,,,,2043,,,,,,0.9
AvailabilityFactor,INV,GLOBAL,PWRGEOBRBXX,,,,2044,,,,,,0.9
AvailabilityFactor,INV,GLOBAL,PWRGEOBRBXX,,,,2045,,,,,,0.9
AvailabilityFactor,INV,GLOBAL,PWRGEOBRBXX,,,,2046,,,,,,0.9
AvailabilityFactor,INV,GLOBAL,PWRGEOBRBXX,,,,2047,,,,,,0.9
AvailabilityFactor,INV,GLOBAL,PWRGEOBRBXX,,,,2048,,,,,,0.9
AvailabilityFactor,INV,GLOBAL,PWRGEOBRBXX,,,,2049,,,,,,0.9
AvailabilityFactor,INV,GLOBAL,PWRGEOBRBXX,,,,2050,,,,,,0.9
AvailabilityFactor,INV,GLOBAL,PWRCOABRBXX,,,,2023,,,,,,0.9
AvailabilityFactor,INV,GLOBAL,PWRCOABRBXX,,,,2024,,,,,,0.9
AvailabilityFactor,INV,GLOBAL,PWRCOABRBXX,,,,2025,,,,,,0.9
AvailabilityFactor,INV,GLOBAL,PWRCOABRBXX,,,,2026,,,,,,0.9
AvailabilityFactor,INV,GLOBAL,PWRCOABRBXX,,,,2027,,,,,,0.9
AvailabilityFactor,INV,GLOBAL,PWRCOABRBXX,,,,2028,,,,,,0.9
AvailabilityFactor,INV,GLOBAL,PWRCOABRBXX,,,,2029,,,,,,0.9
AvailabilityFactor,INV,GLOBAL,PWRCOABRBXX,,,,2030,,,,,,0.9
AvailabilityFactor,INV,GLOBAL,PWRCOABRBXX,,,,2031,,,,,,0.9
AvailabilityFactor,INV,GLOBAL,PWRCOABRBXX,,,,2032,,,,,,0.9
AvailabilityFactor,INV,GLOBAL,PWRCOABRBXX,,,,2033,,,,,,0.9
AvailabilityFactor,INV,GLOBAL,PWRCOABRBXX,,,,2034,,,,,,0.9
AvailabilityFactor,INV,GLOBAL,PWRCOABRBXX,,,,2035,,,,,,0.9
AvailabilityFactor,INV,GLOBAL,PWRCOABRBXX,,,,2036,,,,,,0.9
AvailabilityFactor,INV,GLOBAL,PWRCOABRBXX,,,,2037,,,,,,0.9
AvailabilityFactor,INV,GLOBAL,PWRCOABRBXX,,,,2038,,,,,,0.9
AvailabilityFactor,INV,GLOBAL,PWRCOABRBXX,,,,2039,,,,,,0.9
AvailabilityFactor,INV,GLOBAL,PWRCOABRBXX,,,,2040,,,,,,0.9
AvailabilityFactor,INV,GLOBAL,PWRCOABRBXX,,,,2041,,,,,,0.9
AvailabilityFactor,INV,GLOBAL,PWRCOABRBXX,,,,2042,,,,,,0.9
AvailabilityFactor,INV,GLOBAL,PWRCOABRBXX,,,,2043,,,,,,0.9
AvailabilityFactor,INV,GLOBAL,PWRCOABRBXX,,,,2044,,,,,,0.9
AvailabilityFactor,INV,GLOBAL,PWRCOABRBXX,,,,2045,,,,,,0.9
AvailabilityFactor,INV,GLOBAL,PWRCOABRBXX,,,,2046,,,,,,0.9
AvailabilityFactor,INV,GLOBAL,PWRCOABRBXX,,,,2047,,,,,,0.9
AvailabilityFactor,INV,GLOBAL,PWRCOABRBXX,,,,2048,,,,,,0.9
AvailabilityFactor,INV,GLOBAL,PWRCOABRBXX,,,,2049,,,,,,0.9
AvailabilityFactor,INV,GLOBAL,PWRCOABRBXX,,,,2050,,,,,,0.9
AvailabilityFactor,INV,GLOBAL,PWRCOGPERXX,,,,2023,,,,,,0.8
AvailabilityFactor,INV,GLOBAL,PWRCOGPERXX,,,,2024,,,,,,0.8
AvailabilityFactor,INV,GLOBAL,PWRCOGPERXX,,,,2025,,,,,,0.8
AvailabilityFactor,INV,GLOBAL,PWRCOGPERXX,,,,2026,,,,,,0.8
AvailabilityFactor,INV,GLOBAL,PWRCOGPERXX,,,,2027,,,,,,0.8
AvailabilityFactor,INV,GLOBAL,PWRCOGPERXX,,,,2028,,,,,,0.8
AvailabilityFactor,INV,GLOBAL,PWRCOGPERXX,,,,2029,,,,,,0.8
AvailabilityFactor,INV,GLOBAL,PWRCOGPERXX,,,,2030,,,,,,0.8
AvailabilityFactor,INV,GLOBAL,PWRCOGPERXX,,,,2031,,,,,,0.8
AvailabilityFactor,INV,GLOBAL,PWRCOGPERXX,,,,2032,,,,,,0.8
AvailabilityFactor,INV,GLOBAL,PWRCOGPERXX,,,,2033,,,,,,0.8
AvailabilityFactor,INV,GLOBAL,PWRCOGPERXX,,,,2034,,,,,,0.8
AvailabilityFactor,INV,GLOBAL,PWRCOGPERXX,,,,2035,,,,,,0.8
AvailabilityFactor,INV,GLOBAL,PWRCOGPERXX,,,,2036,,,,,,0.8
AvailabilityFactor,INV,GLOBAL,PWRCOGPERXX,,,,2037,,,,,,0.8
AvailabilityFactor,INV,GLOBAL,PWRCOGPERXX,,,,2038,,,,,,0.8
AvailabilityFactor,INV,GLOBAL,PWRCOGPERXX,,,,2039,,,,,,0.8
AvailabilityFactor,INV,GLOBAL,PWRCOGPERXX,,,,2040,,,,,,0.8
AvailabilityFactor,INV,GLOBAL,PWRCOGPERXX,,,,2041,,,,,,0.8
AvailabilityFactor,INV,GLOBAL,PWRCOGPERXX,,,,2042,,,,,,0.8
AvailabilityFactor,INV,GLOBAL,PWRCOGPERXX,,,,2043,,,,,,0.8
AvailabilityFactor,INV,GLOBAL,PWRCOGPERXX,,,,2044,,,,,,0.8
AvailabilityFactor,INV,GLOBAL,PWRCOGPERXX,,,,2045,,,,,,0.8
AvailabilityFactor,INV,GLOBAL,PWRCOGPERXX,,,,2046,,,,,,0.8
AvailabilityFactor,INV,GLOBAL,PWRCOGPERXX,,,,2047,,,,,,0.8
AvailabilityFactor,INV,GLOBAL,PWRCOGPERXX,,,,2048,,,,,,0.8
AvailabilityFactor,INV,GLOBAL,PWRCOGPERXX,,,,2049,,,,,,0.8
AvailabilityFactor,INV,GLOBAL,PWRCOGPERXX,,,,2050,,,,,,0.8
AvailabilityFactor,INV,GLOBAL,PWRCOACRIXX,,,,2023,,,,,,0.9
AvailabilityFactor,INV,GLOBAL,PWRCOACRIXX,,,,2024,,,,,,0.9
AvailabilityFactor,INV,GLOBAL,PWRCOACRIXX,,,,2025,,,,,,0.9
AvailabilityFactor,INV,GLOBAL,PWRCOACRIXX,,,,2026,,,,,,0.9
AvailabilityFactor,INV,GLOBAL,PWRCOACRIXX,,,,2027,,,,,,0.9
AvailabilityFactor,INV,GLOBAL,PWRCOACRIXX,,,,2028,,,,,,0.9
AvailabilityFactor,INV,GLOBAL,PWRCOACRIXX,,,,2029,,,,,,0.9
AvailabilityFactor,INV,GLOBAL,PWRCOACRIXX,,,,2030,,,,,,0.9
AvailabilityFactor,INV,GLOBAL,PWRCOACRIXX,,,,2031,,,,,,0.9
AvailabilityFactor,INV,GLOBAL,PWRCOACRIXX,,,,2032,,,,,,0.9
AvailabilityFactor,INV,GLOBAL,PWRCOACRIXX,,,,2033,,,,,,0.9
AvailabilityFactor,INV,GLOBAL,PWRCOACRIXX,,,,2034,,,,,,0.9
AvailabilityFactor,INV,GLOBAL,PWRCOACRIXX,,,,2035,,,,,,0.9
AvailabilityFactor,INV,GLOBAL,PWRCOACRIXX,,,,2036,,,,,,0.9
AvailabilityFactor,INV,GLOBAL,PWRCOACRIXX,,,,2037,,,,,,0.9
AvailabilityFactor,INV,GLOBAL,PWRCOACRIXX,,,,2038,,,,,,0.9
AvailabilityFactor,INV,GLOBAL,PWRCOACRIXX,,,,2039,,,,,,0.9
AvailabilityFactor,INV,GLOBAL,PWRCOACRIXX,,,,2040,,,,,,0.9
AvailabilityFactor,INV,GLOBAL,PWRCOACRIXX,,,,2041,,,,,,0.9
AvailabilityFactor,INV,GLOBAL,PWRCOACRIXX,,,,2042,,,,,,0.9
AvailabilityFactor,INV,GLOBAL,PWRCOACRIXX,,,,2043,,,,,,0.9
AvailabilityFactor,INV,GLOBAL,PWRCOACRIXX,,,,2044,,,,,,0.9
AvailabilityFactor,INV,GLOBAL,PWRCOACRIXX,,,,2045,,,,,,0.9
AvailabilityFactor,INV,GLOBAL,PWRCOACRIXX,,,,2046,,,,,,0.9
AvailabilityFactor,INV,GLOBAL,PWRCOACRIXX,,,,2047,,,,,,0.9
AvailabilityFactor,INV,GLOBAL,PWRCOACRIXX,,,,2048,,,,,,0.9
AvailabilityFactor,INV,GLOBAL,PWRCOACRIXX,,,,2049,,,,,,0.9
AvailabilityFactor,INV,GLOBAL,PWRCOACRIXX,,,,2050,,,,,,0.9
AvailabilityFactor,INV,GLOBAL,PWRBIOPRYXX,,,,2023,,,,,,0.5
AvailabilityFactor,INV,GLOBAL,PWRBIOPRYXX,,,,2024,,,,,,0.5
AvailabilityFactor,INV,GLOBAL,PWRBIOPRYXX,,,,2025,,,,,,0.5
AvailabilityFactor,INV,GLOBAL,PWRBIOPRYXX,,,,2026,,,,,,0.5
AvailabilityFactor,INV,GLOBAL,PWRBIOPRYXX,,,,2027,,,,,,0.5
AvailabilityFactor,INV,GLOBAL,PWRBIOPRYXX,,,,2028,,,,,,0.5
AvailabilityFactor,INV,GLOBAL,PWRBIOPRYXX,,,,2029,,,,,,0.5
AvailabilityFactor,INV,GLOBAL,PWRBIOPRYXX,,,,2030,,,,,,0.5
AvailabilityFactor,INV,GLOBAL,PWRBIOPRYXX,,,,2031,,,,,,0.5
AvailabilityFactor,INV,GLOBAL,PWRBIOPRYXX,,,,2032,,,,,,0.5
AvailabilityFactor,INV,GLOBAL,PWRBIOPRYXX,,,,2033,,,,,,0.5
AvailabilityFactor,INV,GLOBAL,PWRBIOPRYXX,,,,2034,,,,,,0.5
AvailabilityFactor,INV,GLOBAL,PWRBIOPRYXX,,,,2035,,,,,,0.5
AvailabilityFactor,INV,GLOBAL,PWRBIOPRYXX,,,,2036,,,,,,0.5
AvailabilityFactor,INV,GLOBAL,PWRBIOPRYXX,,,,2037,,,,,,0.5
AvailabilityFactor,INV,GLOBAL,PWRBIOPRYXX,,,,2038,,,,,,0.5
AvailabilityFactor,INV,GLOBAL,PWRBIOPRYXX,,,,2039,,,,,,0.5
AvailabilityFactor,INV,GLOBAL,PWRBIOPRYXX,,,,2040,,,,,,0.5
AvailabilityFactor,INV,GLOBAL,PWRBIOPRYXX,,,,2041,,,,,,0.5
AvailabilityFactor,INV,GLOBAL,PWRBIOPRYXX,,,,2042,,,,,,0.5
AvailabilityFactor,INV,GLOBAL,PWRBIOPRYXX,,,,2043,,,,,,0.5
AvailabilityFactor,INV,GLOBAL,PWRBIOPRYXX,,,,2044,,,,,,0.5
AvailabilityFactor,INV,GLOBAL,PWRBIOPRYXX,,,,2045,,,,,,0.5
AvailabilityFactor,INV,GLOBAL,PWRBIOPRYXX,,,,2046,,,,,,0.5
AvailabilityFactor,INV,GLOBAL,PWRBIOPRYXX,,,,2047,,,,,,0.5
AvailabilityFactor,INV,GLOBAL,PWRBIOPRYXX,,,,2048,,,,,,0.5
AvailabilityFactor,INV,GLOBAL,PWRBIOPRYXX,,,,2049,,,,,,0.5
AvailabilityFactor,INV,GLOBAL,PWRBIOPRYXX,,,,2050,,,,,,0.5
AvailabilityFactor,INV,GLOBAL,PWRCOACHLXX,,,,2023,,,,,,0.9
AvailabilityFactor,INV,GLOBAL,PWRCOACHLXX,,,,2024,,,,,,0.9
AvailabilityFactor,INV,GLOBAL,PWRCOACHLXX,,,,2025,,,,,,0.9
AvailabilityFactor,INV,GLOBAL,PWRCOACHLXX,,,,2026,,,,,,0.9
AvailabilityFactor,INV,GLOBAL,PWRCOACHLXX,,,,2027,,,,,,0.9
AvailabilityFactor,INV,GLOBAL,PWRCOACHLXX,,,,2028,,,,,,0.9
AvailabilityFactor,INV,GLOBAL,PWRCOACHLXX,,,,2029,,,,,,0.9
AvailabilityFactor,INV,GLOBAL,PWRCOACHLXX,,,,2030,,,,,,0.9
AvailabilityFactor,INV,GLOBAL,PWRCOACHLXX,,,,2031,,,,,,0.9
AvailabilityFactor,INV,GLOBAL,PWRCOACHLXX,,,,2032,,,,,,0.9
AvailabilityFactor,INV,GLOBAL,PWRCOACHLXX,,,,2033,,,,,,0.9
AvailabilityFactor,INV,GLOBAL,PWRCOACHLXX,,,,2034,,,,,,0.9
AvailabilityFactor,INV,GLOBAL,PWRCOACHLXX,,,,2035,,,,,,0.9
AvailabilityFactor,INV,GLOBAL,PWRCOACHLXX,,,,2036,,,,,,0.9
AvailabilityFactor,INV,GLOBAL,PWRCOACHLXX,,,,2037,,,,,,0.9
AvailabilityFactor,INV,GLOBAL,PWRCOACHLXX,,,,2038,,,,,,0.9
AvailabilityFactor,INV,GLOBAL,PWRCOACHLXX,,,,2039,,,,,,0.9
AvailabilityFactor,INV,GLOBAL,PWRCOACHLXX,,,,2040,,,,,,0.9
AvailabilityFactor,INV,GLOBAL,PWRCOACHLXX,,,,2041,,,,,,0.9
AvailabilityFactor,INV,GLOBAL,PWRCOACHLXX,,,,2042,,,,,,0.9
AvailabilityFactor,INV,GLOBAL,PWRCOACHLXX,,,,2043,,,,,,0.9
AvailabilityFactor,INV,GLOBAL,PWRCOACHLXX,,,,2044,,,,,,0.9
AvailabilityFactor,INV,GLOBAL,PWRCOACHLXX,,,,2045,,,,,,0.9
AvailabilityFactor,INV,GLOBAL,PWRCOACHLXX,,,,2046,,,,,,0.9
AvailabilityFactor,INV,GLOBAL,PWRCOACHLXX,,,,2047,,,,,,0.9
AvailabilityFactor,INV,GLOBAL,PWRCOACHLXX,,,,2048,,,,,,0.9
AvailabilityFactor,INV,GLOBAL,PWRCOACHLXX,,,,2049,,,,,,0.9
AvailabilityFactor,INV,GLOBAL,PWRCOACHLXX,,,,2050,,,,,,0.9
AvailabilityFactor,INV,GLOBAL,PWRSPVCOLXX,,,,2023,,,,,,1.0
AvailabilityFactor,INV,GLOBAL,PWRSPVCOLXX,,,,2024,,,,,,1.0
AvailabilityFactor,INV,GLOBAL,PWRSPVCOLXX,,,,2025,,,,,,1.0
AvailabilityFactor,INV,GLOBAL,PWRSPVCOLXX,,,,2026,,,,,,1.0
AvailabilityFactor,INV,GLOBAL,PWRSPVCOLXX,,,,2027,,,,,,1.0
AvailabilityFactor,INV,GLOBAL,PWRSPVCOLXX,,,,2028,,,,,,1.0
AvailabilityFactor,INV,GLOBAL,PWRSPVCOLXX,,,,2029,,,,,,1.0
AvailabilityFactor,INV,GLOBAL,PWRSPVCOLXX,,,,2030,,,,,,1.0
AvailabilityFactor,INV,GLOBAL,PWRSPVCOLXX,,,,2031,,,,,,1.0
AvailabilityFactor,INV,GLOBAL,PWRSPVCOLXX,,,,2032,,,,,,1.0
AvailabilityFactor,INV,GLOBAL,PWRSPVCOLXX,,,,2033,,,,,,1.0
AvailabilityFactor,INV,GLOBAL,PWRSPVCOLXX,,,,2034,,,,,,1.0
AvailabilityFactor,INV,GLOBAL,PWRSPVCOLXX,,,,2035,,,,,,1.0
AvailabilityFactor,INV,GLOBAL,PWRSPVCOLXX,,,,2036,,,,,,1.0
AvailabilityFactor,INV,GLOBAL,PWRSPVCOLXX,,,,2037,,,,,,1.0
AvailabilityFactor,INV,GLOBAL,PWRSPVCOLXX,,,,2038,,,,,,1.0
AvailabilityFactor,INV,GLOBAL,PWRSPVCOLXX,,,,2039,,,,,,1.0
AvailabilityFactor,INV,GLOBAL,PWRSPVCOLXX,,,,2040,,,,,,1.0
AvailabilityFactor,INV,GLOBAL,PWRSPVCOLXX,,,,2041,,,,,,1.0
AvailabilityFactor,INV,GLOBAL,PWRSPVCOLXX,,,,2042,,,,,,1.0
AvailabilityFactor,INV,GLOBAL,PWRSPVCOLXX,,,,2043,,,,,,1.0
AvailabilityFactor,INV,GLOBAL,PWRSPVCOLXX,,,,2044,,,,,,1.0
AvailabilityFactor,INV,GLOBAL,PWRSPVCOLXX,,,,2045,,,,,,1.0
AvailabilityFactor,INV,GLOBAL,PWRSPVCOLXX,,,,2046,,,,,,1.0
AvailabilityFactor,INV,GLOBAL,PWRSPVCOLXX,,,,2047,,,,,,1.0
AvailabilityFactor,INV,GLOBAL,PWRSPVCOLXX,,,,2048,,,,,,1.0
AvailabilityFactor,INV,GLOBAL,PWRSPVCOLXX,,,,2049,,,,,,1.0
AvailabilityFactor,INV,GLOBAL,PWRSPVCOLXX,,,,2050,,,,,,1.0
AvailabilityFactor,INV,GLOBAL,PWRCOAURYXX,,,,2023,,,,,,0.9
AvailabilityFactor,INV,GLOBAL,PWRCOAURYXX,,,,2024,,,,,,0.9
AvailabilityFactor,INV,GLOBAL,PWRCOAURYXX,,,,2025,,,,,,0.9
AvailabilityFactor,INV,GLOBAL,PWRCOAURYXX,,,,2026,,,,,,0.9
AvailabilityFactor,INV,GLOBAL,PWRCOAURYXX,,,,2027,,,,,,0.9
AvailabilityFactor,INV,GLOBAL,PWRCOAURYXX,,,,2028,,,,,,0.9
AvailabilityFactor,INV,GLOBAL,PWRCOAURYXX,,,,2029,,,,,,0.9
AvailabilityFactor,INV,GLOBAL,PWRCOAURYXX,,,,2030,,,,,,0.9
AvailabilityFactor,INV,GLOBAL,PWRCOAURYXX,,,,2031,,,,,,0.9
AvailabilityFactor,INV,GLOBAL,PWRCOAURYXX,,,,2032,,,,,,0.9
AvailabilityFactor,INV,GLOBAL,PWRCOAURYXX,,,,2033,,,,,,0.9
AvailabilityFactor,INV,GLOBAL,PWRCOAURYXX,,,,2034,,,,,,0.9
AvailabilityFactor,INV,GLOBAL,PWRCOAURYXX,,,,2035,,,,,,0.9
AvailabilityFactor,INV,GLOBAL,PWRCOAURYXX,,,,2036,,,,,,0.9
AvailabilityFactor,INV,GLOBAL,PWRCOAURYXX,,,,2037,,,,,,0.9
AvailabilityFactor,INV,GLOBAL,PWRCOAURYXX,,,,2038,,,,,,0.9
AvailabilityFactor,INV,GLOBAL,PWRCOAURYXX,,,,2039,,,,,,0.9
AvailabilityFactor,INV,GLOBAL,PWRCOAURYXX,,,,2040,,,,,,0.9
AvailabilityFactor,INV,GLOBAL,PWRCOAURYXX,,,,2041,,,,,,0.9
AvailabilityFactor,INV,GLOBAL,PWRCOAURYXX,,,,2042,,,,,,0.9
AvailabilityFactor,INV,GLOBAL,PWRCOAURYXX,,,,2043,,,,,,0.9
AvailabilityFactor,INV,GLOBAL,PWRCOAURYXX,,,,2044,,,,,,0.9
AvailabilityFactor,INV,GLOBAL,PWRCOAURYXX,,,,2045,,,,,,0.9
AvailabilityFactor,INV,GLOBAL,PWRCOAURYXX,,,,2046,,,,,,0.9
AvailabilityFactor,INV,GLOBAL,PWRCOAURYXX,,,,2047,,,,,,0.9
AvailabilityFactor,INV,GLOBAL,PWRCOAURYXX,,,,2048,,,,,,0.9
AvailabilityFactor,INV,GLOBAL,PWRCOAURYXX,,,,2049,,,,,,0.9
AvailabilityFactor,INV,GLOBAL,PWRCOAURYXX,,,,2050,,,,,,0.9
AvailabilityFactor,INV,GLOBAL,PWRWONPRYXX,,,,2023,,,,,,0.9
AvailabilityFactor,INV,GLOBAL,PWRWONPRYXX,,,,2024,,,,,,0.9
AvailabilityFactor,INV,GLOBAL,PWRWONPRYXX,,,,2025,,,,,,0.9
AvailabilityFactor,INV,GLOBAL,PWRWONPRYXX,,,,2026,,,,,,0.9
AvailabilityFactor,INV,GLOBAL,PWRWONPRYXX,,,,2027,,,,,,0.9
AvailabilityFactor,INV,GLOBAL,PWRWONPRYXX,,,,2028,,,,,,0.9
AvailabilityFactor,INV,GLOBAL,PWRWONPRYXX,,,,2029,,,,,,0.9
AvailabilityFactor,INV,GLOBAL,PWRWONPRYXX,,,,2030,,,,,,0.9
AvailabilityFactor,INV,GLOBAL,PWRWONPRYXX,,,,2031,,,,,,0.9
AvailabilityFactor,INV,GLOBAL,PWRWONPRYXX,,,,2032,,,,,,0.9
AvailabilityFactor,INV,GLOBAL,PWRWONPRYXX,,,,2033,,,,,,0.9
AvailabilityFactor,INV,GLOBAL,PWRWONPRYXX,,,,2034,,,,,,0.9
AvailabilityFactor,INV,GLOBAL,PWRWONPRYXX,,,,2035,,,,,,0.9
AvailabilityFactor,INV,GLOBAL,PWRWONPRYXX,,,,2036,,,,,,0.9
AvailabilityFactor,INV,GLOBAL,PWRWONPRYXX,,,,2037,,,,,,0.9
AvailabilityFactor,INV,GLOBAL,PWRWONPRYXX,,,,2038,,,,,,0.9
AvailabilityFactor,INV,GLOBAL,PWRWONPRYXX,,,,2039,,,,,,0.9
AvailabilityFactor,INV,GLOBAL,PWRWONPRYXX,,,,2040,,,,,,0.9
AvailabilityFactor,INV,GLOBAL,PWRWONPRYXX,,,,2041,,,,,,0.9
AvailabilityFactor,INV,GLOBAL,PWRWONPRYXX,,,,2042,,,,,,0.9
AvailabilityFactor,INV,GLOBAL,PWRWONPRYXX,,,,2043,,,,,,0.9
AvailabilityFactor,INV,GLOBAL,PWRWONPRYXX,,,,2044,,,,,,0.9
AvailabilityFactor,INV,GLOBAL,PWRWONPRYXX,,,,2045,,,,,,0.9
AvailabilityFactor,INV,GLOBAL,PWRWONPRYXX,,,,2046,,,,,,0.9
AvailabilityFactor,INV,GLOBAL,PWRWONPRYXX,,,,2047,,,,,,0.9
AvailabilityFactor,INV,GLOBAL,PWRWONPRYXX,,,,2048,,,,,,0.9
AvailabilityFactor,INV,GLOBAL,PWRWONPRYXX,,,,2049,,,,,,0.9
AvailabilityFactor,INV,GLOBAL,PWRWONPRYXX,,,,2050,,,,,,0.9
AvailabilityFactor,INV,GLOBAL,PWRCCSBRBXX,,,,2023,,,,,,0.9
AvailabilityFactor,INV,GLOBAL,PWRCCSBRBXX,,,,2024,,,,,,0.9
AvailabilityFactor,INV,GLOBAL,PWRCCSBRBXX,,,,2025,,,,,,0.9
AvailabilityFactor,INV,GLOBAL,PWRCCSBRBXX,,,,2026,,,,,,0.9
AvailabilityFactor,INV,GLOBAL,PWRCCSBRBXX,,,,2027,,,,,,0.9
AvailabilityFactor,INV,GLOBAL,PWRCCSBRBXX,,,,2028,,,,,,0.9
AvailabilityFactor,INV,GLOBAL,PWRCCSBRBXX,,,,2029,,,,,,0.9
AvailabilityFactor,INV,GLOBAL,PWRCCSBRBXX,,,,2030,,,,,,0.9
AvailabilityFactor,INV,GLOBAL,PWRCCSBRBXX,,,,2031,,,,,,0.9
AvailabilityFactor,INV,GLOBAL,PWRCCSBRBXX,,,,2032,,,,,,0.9
AvailabilityFactor,INV,GLOBAL,PWRCCSBRBXX,,,,2033,,,,,,0.9
AvailabilityFactor,INV,GLOBAL,PWRCCSBRBXX,,,,2034,,,,,,0.9
AvailabilityFactor,INV,GLOBAL,PWRCCSBRBXX,,,,2035,,,,,,0.9
AvailabilityFactor,INV,GLOBAL,PWRCCSBRBXX,,,,2036,,,,,,0.9
AvailabilityFactor,INV,GLOBAL,PWRCCSBRBXX,,,,2037,,,,,,0.9
AvailabilityFactor,INV,GLOBAL,PWRCCSBRBXX,,,,2038,,,,,,0.9
AvailabilityFactor,INV,GLOBAL,PWRCCSBRBXX,,,,2039,,,,,,0.9
AvailabilityFactor,INV,GLOBAL,PWRCCSBRBXX,,,,2040,,,,,,0.9
AvailabilityFactor,INV,GLOBAL,PWRCCSBRBXX,,,,2041,,,,,,0.9
AvailabilityFactor,INV,GLOBAL,PWRCCSBRBXX,,,,2042,,,,,,0.9
AvailabilityFactor,INV,GLOBAL,PWRCCSBRBXX,,,,2043,,,,,,0.9
AvailabilityFactor,INV,GLOBAL,PWRCCSBRBXX,,,,2044,,,,,,0.9
AvailabilityFactor,INV,GLOBAL,PWRCCSBRBXX,,,,2045,,,,,,0.9
AvailabilityFactor,INV,GLOBAL,PWRCCSBRBXX,,,,2046,,,,,,0.9
AvailabilityFactor,INV,GLOBAL,PWRCCSBRBXX,,,,2047,,,,,,0.9
AvailabilityFactor,INV,GLOBAL,PWRCCSBRBXX,,,,2048,,,,,,0.9
AvailabilityFactor,INV,GLOBAL,PWRCCSBRBXX,,,,2049,,,,,,0.9
AvailabilityFactor,INV,GLOBAL,PWRCCSBRBXX,,,,2050,,,,,,0.9
AvailabilityFactor,INV,GLOBAL,PWRBIOBRAXX,,,,2023,,,,,,0.5
AvailabilityFactor,INV,GLOBAL,PWRBIOBRAXX,,,,2024,,,,,,0.5
AvailabilityFactor,INV,GLOBAL,PWRBIOBRAXX,,,,2025,,,,,,0.5
AvailabilityFactor,INV,GLOBAL,PWRBIOBRAXX,,,,2026,,,,,,0.5
AvailabilityFactor,INV,GLOBAL,PWRBIOBRAXX,,,,2027,,,,,,0.5
AvailabilityFactor,INV,GLOBAL,PWRBIOBRAXX,,,,2028,,,,,,0.5
AvailabilityFactor,INV,GLOBAL,PWRBIOBRAXX,,,,2029,,,,,,0.5
AvailabilityFactor,INV,GLOBAL,PWRBIOBRAXX,,,,2030,,,,,,0.5
AvailabilityFactor,INV,GLOBAL,PWRBIOBRAXX,,,,2031,,,,,,0.5
AvailabilityFactor,INV,GLOBAL,PWRBIOBRAXX,,,,2032,,,,,,0.5
AvailabilityFactor,INV,GLOBAL,PWRBIOBRAXX,,,,2033,,,,,,0.5
AvailabilityFactor,INV,GLOBAL,PWRBIOBRAXX,,,,2034,,,,,,0.5
AvailabilityFactor,INV,GLOBAL,PWRBIOBRAXX,,,,2035,,,,,,0.5
AvailabilityFactor,INV,GLOBAL,PWRBIOBRAXX,,,,2036,,,,,,0.5
AvailabilityFactor,INV,GLOBAL,PWRBIOBRAXX,,,,2037,,,,,,0.5
AvailabilityFactor,INV,GLOBAL,PWRBIOBRAXX,,,,2038,,,,,,0.5
AvailabilityFactor,INV,GLOBAL,PWRBIOBRAXX,,,,2039,,,,,,0.5
AvailabilityFactor,INV,GLOBAL,PWRBIOBRAXX,,,,2040,,,,,,0.5
AvailabilityFactor,INV,GLOBAL,PWRBIOBRAXX,,,,2041,,,,,,0.5
AvailabilityFactor,INV,GLOBAL,PWRBIOBRAXX,,,,2042,,,,,,0.5
AvailabilityFactor,INV,GLOBAL,PWRBIOBRAXX,,,,2043,,,,,,0.5
AvailabilityFactor,INV,GLOBAL,PWRBIOBRAXX,,,,2044,,,,,,0.5
AvailabilityFactor,INV,GLOBAL,PWRBIOBRAXX,,,,2045,,,,,,0.5
AvailabilityFactor,INV,GLOBAL,PWRBIOBRAXX,,,,2046,,,,,,0.5
AvailabilityFactor,INV,GLOBAL,PWRBIOBRAXX,,,,2047,,,,,,0.5
AvailabilityFactor,INV,GLOBAL,PWRBIOBRAXX,,,,2048,,,,,,0.5
AvailabilityFactor,INV,GLOBAL,PWRBIOBRAXX,,,,2049,,,,,,0.5
AvailabilityFactor,INV,GLOBAL,PWRBIOBRAXX,,,,2050,,,,,,0.5
AvailabilityFactor,INV,GLOBAL,PWROTHPRYXX,,,,2023,,,,,,0.8
AvailabilityFactor,INV,GLOBAL,PWROTHPRYXX,,,,2024,,,,,,0.8
AvailabilityFactor,INV,GLOBAL,PWROTHPRYXX,,,,2025,,,,,,0.8
AvailabilityFactor,INV,GLOBAL,PWROTHPRYXX,,,,2026,,,,,,0.8
AvailabilityFactor,INV,GLOBAL,PWROTHPRYXX,,,,2027,,,,,,0.8
AvailabilityFactor,INV,GLOBAL,PWROTHPRYXX,,,,2028,,,,,,0.8
AvailabilityFactor,INV,GLOBAL,PWROTHPRYXX,,,,2029,,,,,,0.8
AvailabilityFactor,INV,GLOBAL,PWROTHPRYXX,,,,2030,,,,,,0.8
AvailabilityFactor,INV,GLOBAL,PWROTHPRYXX,,,,2031,,,,,,0.8
AvailabilityFactor,INV,GLOBAL,PWROTHPRYXX,,,,2032,,,,,,0.8
AvailabilityFactor,INV,GLOBAL,PWROTHPRYXX,,,,2033,,,,,,0.8
AvailabilityFactor,INV,GLOBAL,PWROTHPRYXX,,,,2034,,,,,,0.8
AvailabilityFactor,INV,GLOBAL,PWROTHPRYXX,,,,2035,,,,,,0.8
AvailabilityFactor,INV,GLOBAL,PWROTHPRYXX,,,,2036,,,,,,0.8
AvailabilityFactor,INV,GLOBAL,PWROTHPRYXX,,,,2037,,,,,,0.8
AvailabilityFactor,INV,GLOBAL,PWROTHPRYXX,,,,2038,,,,,,0.8
AvailabilityFactor,INV,GLOBAL,PWROTHPRYXX,,,,2039,,,,,,0.8
AvailabilityFactor,INV,GLOBAL,PWROTHPRYXX,,,,2040,,,,,,0.8
AvailabilityFactor,INV,GLOBAL,PWROTHPRYXX,,,,2041,,,,,,0.8
AvailabilityFactor,INV,GLOBAL,PWROTHPRYXX,,,,2042,,,,,,0.8
AvailabilityFactor,INV,GLOBAL,PWROTHPRYXX,,,,2043,,,,,,0.8
AvailabilityFactor,INV,GLOBAL,PWROTHPRYXX,,,,2044,,,,,,0.8
AvailabilityFactor,INV,GLOBAL,PWROTHPRYXX,,,,2045,,,,,,0.8
AvailabilityFactor,INV,GLOBAL,PWROTHPRYXX,,,,2046,,,,,,0.8
AvailabilityFactor,INV,GLOBAL,PWROTHPRYXX,,,,2047,,,,,,0.8
AvailabilityFactor,INV,GLOBAL,PWROTHPRYXX,,,,2048,,,,,,0.8
AvailabilityFactor,INV,GLOBAL,PWROTHPRYXX,,,,2049,,,,,,0.8
AvailabilityFactor,INV,GLOBAL,PWROTHPRYXX,,,,2050,,,,,,0.8
AvailabilityFactor,INV,GLOBAL,PWRURNMEXXX,,,,2023,,,,,,0.9
AvailabilityFactor,INV,GLOBAL,PWRURNMEXXX,,,,2024,,,,,,0.9
AvailabilityFactor,INV,GLOBAL,PWRURNMEXXX,,,,2025,,,,,,0.9
AvailabilityFactor,INV,GLOBAL,PWRURNMEXXX,,,,2026,,,,,,0.9
AvailabilityFactor,INV,GLOBAL,PWRURNMEXXX,,,,2027,,,,,,0.9
AvailabilityFactor,INV,GLOBAL,PWRURNMEXXX,,,,2028,,,,,,0.9
AvailabilityFactor,INV,GLOBAL,PWRURNMEXXX,,,,2029,,,,,,0.9
AvailabilityFactor,INV,GLOBAL,PWRURNMEXXX,,,,2030,,,,,,0.9
AvailabilityFactor,INV,GLOBAL,PWRURNMEXXX,,,,2031,,,,,,0.9
AvailabilityFactor,INV,GLOBAL,PWRURNMEXXX,,,,2032,,,,,,0.9
AvailabilityFactor,INV,GLOBAL,PWRURNMEXXX,,,,2033,,,,,,0.9
AvailabilityFactor,INV,GLOBAL,PWRURNMEXXX,,,,2034,,,,,,0.9
AvailabilityFactor,INV,GLOBAL,PWRURNMEXXX,,,,2035,,,,,,0.9
AvailabilityFactor,INV,GLOBAL,PWRURNMEXXX,,,,2036,,,,,,0.9
AvailabilityFactor,INV,GLOBAL,PWRURNMEXXX,,,,2037,,,,,,0.9
AvailabilityFactor,INV,GLOBAL,PWRURNMEXXX,,,,2038,,,,,,0.9
AvailabilityFactor,INV,GLOBAL,PWRURNMEXXX,,,,2039,,,,,,0.9
AvailabilityFactor,INV,GLOBAL,PWRURNMEXXX,,,,2040,,,,,,0.9
AvailabilityFactor,INV,GLOBAL,PWRURNMEXXX,,,,2041,,,,,,0.9
AvailabilityFactor,INV,GLOBAL,PWRURNMEXXX,,,,2042,,,,,,0.9
AvailabilityFactor,INV,GLOBAL,PWRURNMEXXX,,,,2043,,,,,,0.9
AvailabilityFactor,INV,GLOBAL,PWRURNMEXXX,,,,2044,,,,,,0.9
AvailabilityFactor,INV,GLOBAL,PWRURNMEXXX,,,,2045,,,,,,0.9
AvailabilityFactor,INV,GLOBAL,PWRURNMEXXX,,,,2046,,,,,,0.9
AvailabilityFactor,INV,GLOBAL,PWRURNMEXXX,,,,2047,,,,,,0.9
AvailabilityFactor,INV,GLOBAL,PWRURNMEXXX,,,,2048,,,,,,0.9
AvailabilityFactor,INV,GLOBAL,PWRURNMEXXX,,,,2049,,,,,,0.9
AvailabilityFactor,INV,GLOBAL,PWRURNMEXXX,,,,2050,,,,,,0.9
AvailabilityFactor,INV,GLOBAL,PWRSPVCRIXX,,,,2023,,,,,,0.9
AvailabilityFactor,INV,GLOBAL,PWRSPVCRIXX,,,,2024,,,,,,0.9
AvailabilityFactor,INV,GLOBAL,PWRSPVCRIXX,,,,2025,,,,,,0.9
AvailabilityFactor,INV,GLOBAL,PWRSPVCRIXX,,,,2026,,,,,,0.9
AvailabilityFactor,INV,GLOBAL,PWRSPVCRIXX,,,,2027,,,,,,0.9
AvailabilityFactor,INV,GLOBAL,PWRSPVCRIXX,,,,2028,,,,,,0.9
AvailabilityFactor,INV,GLOBAL,PWRSPVCRIXX,,,,2029,,,,,,0.9
AvailabilityFactor,INV,GLOBAL,PWRSPVCRIXX,,,,2030,,,,,,0.9
AvailabilityFactor,INV,GLOBAL,PWRSPVCRIXX,,,,2031,,,,,,0.9
AvailabilityFactor,INV,GLOBAL,PWRSPVCRIXX,,,,2032,,,,,,0.9
AvailabilityFactor,INV,GLOBAL,PWRSPVCRIXX,,,,2033,,,,,,0.9
AvailabilityFactor,INV,GLOBAL,PWRSPVCRIXX,,,,2034,,,,,,0.9
AvailabilityFactor,INV,GLOBAL,PWRSPVCRIXX,,,,2035,,,,,,0.9
AvailabilityFactor,INV,GLOBAL,PWRSPVCRIXX,,,,2036,,,,,,0.9
AvailabilityFactor,INV,GLOBAL,PWRSPVCRIXX,,,,2037,,,,,,0.9
AvailabilityFactor,INV,GLOBAL,PWRSPVCRIXX,,,,2038,,,,,,0.9
AvailabilityFactor,INV,GLOBAL,PWRSPVCRIXX,,,,2039,,,,,,0.9
AvailabilityFactor,INV,GLOBAL,PWRSPVCRIXX,,,,2040,,,,,,0.9
AvailabilityFactor,INV,GLOBAL,PWRSPVCRIXX,,,,2041,,,,,,0.9
AvailabilityFactor,INV,GLOBAL,PWRSPVCRIXX,,,,2042,,,,,,0.9
AvailabilityFactor,INV,GLOBAL,PWRSPVCRIXX,,,,2043,,,,,,0.9
AvailabilityFactor,INV,GLOBAL,PWRSPVCRIXX,,,,2044,,,,,,0.9
AvailabilityFactor,INV,GLOBAL,PWRSPVCRIXX,,,,2045,,,,,,0.9
AvailabilityFactor,INV,GLOBAL,PWRSPVCRIXX,,,,2046,,,,,,0.9
AvailabilityFactor,INV,GLOBAL,PWRSPVCRIXX,,,,2047,,,,,,0.9
AvailabilityFactor,INV,GLOBAL,PWRSPVCRIXX,,,,2048,,,,,,0.9
AvailabilityFactor,INV,GLOBAL,PWRSPVCRIXX,,,,2049,,,,,,0.9
AvailabilityFactor,INV,GLOBAL,PWRSPVCRIXX,,,,2050,,,,,,0.9
AvailabilityFactor,INV,GLOBAL,PWRCCSPANXX,,,,2023,,,,,,0.9
AvailabilityFactor,INV,GLOBAL,PWRCCSPANXX,,,,2024,,,,,,0.9
AvailabilityFactor,INV,GLOBAL,PWRCCSPANXX,,,,2025,,,,,,0.9
AvailabilityFactor,INV,GLOBAL,PWRCCSPANXX,,,,2026,,,,,,0.9
AvailabilityFactor,INV,GLOBAL,PWRCCSPANXX,,,,2027,,,,,,0.9
AvailabilityFactor,INV,GLOBAL,PWRCCSPANXX,,,,2028,,,,,,0.9
AvailabilityFactor,INV,GLOBAL,PWRCCSPANXX,,,,2029,,,,,,0.9
AvailabilityFactor,INV,GLOBAL,PWRCCSPANXX,,,,2030,,,,,,0.9
AvailabilityFactor,INV,GLOBAL,PWRCCSPANXX,,,,2031,,,,,,0.9
AvailabilityFactor,INV,GLOBAL,PWRCCSPANXX,,,,2032,,,,,,0.9
AvailabilityFactor,INV,GLOBAL,PWRCCSPANXX,,,,2033,,,,,,0.9
AvailabilityFactor,INV,GLOBAL,PWRCCSPANXX,,,,2034,,,,,,0.9
AvailabilityFactor,INV,GLOBAL,PWRCCSPANXX,,,,2035,,,,,,0.9
AvailabilityFactor,INV,GLOBAL,PWRCCSPANXX,,,,2036,,,,,,0.9
AvailabilityFactor,INV,GLOBAL,PWRCCSPANXX,,,,2037,,,,,,0.9
AvailabilityFactor,INV,GLOBAL,PWRCCSPANXX,,,,2038,,,,,,0.9
AvailabilityFactor,INV,GLOBAL,PWRCCSPANXX,,,,2039,,,,,,0.9
AvailabilityFactor,INV,GLOBAL,PWRCCSPANXX,,,,2040,,,,,,0.9
AvailabilityFactor,INV,GLOBAL,PWRCCSPANXX,,,,2041,,,,,,0.9
AvailabilityFactor,INV,GLOBAL,PWRCCSPANXX,,,,2042,,,,,,0.9
AvailabilityFactor,INV,GLOBAL,PWRCCSPANXX,,,,2043,,,,,,0.9
AvailabilityFactor,INV,GLOBAL,PWRCCSPANXX,,,,2044,,,,,,0.9
AvailabilityFactor,INV,GLOBAL,PWRCCSPANXX,,,,2045,,,,,,0.9
AvailabilityFactor,INV,GLOBAL,PWRCCSPANXX,,,,2046,,,,,,0.9
AvailabilityFactor,INV,GLOBAL,PWRCCSPANXX,,,,2047,,,,,,0.9
AvailabilityFactor,INV,GLOBAL,PWRCCSPANXX,,,,2048,,,,,,0.9
AvailabilityFactor,INV,GLOBAL,PWRCCSPANXX,,,,2049,,,,,,0.9
AvailabilityFactor,INV,GLOBAL,PWRCCSPANXX,,,,2050,,,,,,0.9
AvailabilityFactor,INV,GLOBAL,PWRNGSHNDXX,,,,2023,,,,,,0.9
AvailabilityFactor,INV,GLOBAL,PWRNGSHNDXX,,,,2024,,,,,,0.9
AvailabilityFactor,INV,GLOBAL,PWRNGSHNDXX,,,,2025,,,,,,0.9
AvailabilityFactor,INV,GLOBAL,PWRNGSHNDXX,,,,2026,,,,,,0.9
AvailabilityFactor,INV,GLOBAL,PWRNGSHNDXX,,,,2027,,,,,,0.9
AvailabilityFactor,INV,GLOBAL,PWRNGSHNDXX,,,,2028,,,,,,0.9
AvailabilityFactor,INV,GLOBAL,PWRNGSHNDXX,,,,2029,,,,,,0.9
AvailabilityFactor,INV,GLOBAL,PWRNGSHNDXX,,,,2030,,,,,,0.9
AvailabilityFactor,INV,GLOBAL,PWRNGSHNDXX,,,,2031,,,,,,0.9
AvailabilityFactor,INV,GLOBAL,PWRNGSHNDXX,,,,2032,,,,,,0.9
AvailabilityFactor,INV,GLOBAL,PWRNGSHNDXX,,,,2033,,,,,,0.9
AvailabilityFactor,INV,GLOBAL,PWRNGSHNDXX,,,,2034,,,,,,0.9
AvailabilityFactor,INV,GLOBAL,PWRNGSHNDXX,,,,2035,,,,,,0.9
AvailabilityFactor,INV,GLOBAL,PWRNGSHNDXX,,,,2036,,,,,,0.9
AvailabilityFactor,INV,GLOBAL,PWRNGSHNDXX,,,,2037,,,,,,0.9
AvailabilityFactor,INV,GLOBAL,PWRNGSHNDXX,,,,2038,,,,,,0.9
AvailabilityFactor,INV,GLOBAL,PWRNGSHNDXX,,,,2039,,,,,,0.9
AvailabilityFactor,INV,GLOBAL,PWRNGSHNDXX,,,,2040,,,,,,0.9
AvailabilityFactor,INV,GLOBAL,PWRNGSHNDXX,,,,2041,,,,,,0.9
AvailabilityFactor,INV,GLOBAL,PWRNGSHNDXX,,,,2042,,,,,,0.9
AvailabilityFactor,INV,GLOBAL,PWRNGSHNDXX,,,,2043,,,,,,0.9
AvailabilityFactor,INV,GLOBAL,PWRNGSHNDXX,,,,2044,,,,,,0.9
AvailabilityFactor,INV,GLOBAL,PWRNGSHNDXX,,,,2045,,,,,,0.9
AvailabilityFactor,INV,GLOBAL,PWRNGSHNDXX,,,,2046,,,,,,0.9
AvailabilityFactor,INV,GLOBAL,PWRNGSHNDXX,,,,2047,,,,,,0.9
AvailabilityFactor,INV,GLOBAL,PWRNGSHNDXX,,,,2048,,,,,,0.9
AvailabilityFactor,INV,GLOBAL,PWRNGSHNDXX,,,,2049,,,,,,0.9
AvailabilityFactor,INV,GLOBAL,PWRNGSHNDXX,,,,2050,,,,,,0.9
AvailabilityFactor,INV,GLOBAL,PWRCOAHNDXX,,,,2023,,,,,,0.9
AvailabilityFactor,INV,GLOBAL,PWRCOAHNDXX,,,,2024,,,,,,0.9
AvailabilityFactor,INV,GLOBAL,PWRCOAHNDXX,,,,2025,,,,,,0.9
AvailabilityFactor,INV,GLOBAL,PWRCOAHNDXX,,,,2026,,,,,,0.9
AvailabilityFactor,INV,GLOBAL,PWRCOAHNDXX,,,,2027,,,,,,0.9
AvailabilityFactor,INV,GLOBAL,PWRCOAHNDXX,,,,2028,,,,,,0.9
AvailabilityFactor,INV,GLOBAL,PWRCOAHNDXX,,,,2029,,,,,,0.9
AvailabilityFactor,INV,GLOBAL,PWRCOAHNDXX,,,,2030,,,,,,0.9
AvailabilityFactor,INV,GLOBAL,PWRCOAHNDXX,,,,2031,,,,,,0.9
AvailabilityFactor,INV,GLOBAL,PWRCOAHNDXX,,,,2032,,,,,,0.9
AvailabilityFactor,INV,GLOBAL,PWRCOAHNDXX,,,,2033,,,,,,0.9
AvailabilityFactor,INV,GLOBAL,PWRCOAHNDXX,,,,2034,,,,,,0.9
AvailabilityFactor,INV,GLOBAL,PWRCOAHNDXX,,,,2035,,,,,,0.9
AvailabilityFactor,INV,GLOBAL,PWRCOAHNDXX,,,,2036,,,,,,0.9
AvailabilityFactor,INV,GLOBAL,PWRCOAHNDXX,,,,2037,,,,,,0.9
AvailabilityFactor,INV,GLOBAL,PWRCOAHNDXX,,,,2038,,,,,,0.9
AvailabilityFactor,INV,GLOBAL,PWRCOAHNDXX,,,,2039,,,,,,0.9
AvailabilityFactor,INV,GLOBAL,PWRCOAHNDXX,,,,2040,,,,,,0.9
AvailabilityFactor,INV,GLOBAL,PWRCOAHNDXX,,,,2041,,,,,,0.9
AvailabilityFactor,INV,GLOBAL,PWRCOAHNDXX,,,,2042,,,,,,0.9
AvailabilityFactor,INV,GLOBAL,PWRCOAHNDXX,,,,2043,,,,,,0.9
AvailabilityFactor,INV,GLOBAL,PWRCOAHNDXX,,,,2044,,,,,,0.9
AvailabilityFactor,INV,GLOBAL,PWRCOAHNDXX,,,,2045,,,,,,0.9
AvailabilityFactor,INV,GLOBAL,PWRCOAHNDXX,,,,2046,,,,,,0.9
AvailabilityFactor,INV,GLOBAL,PWRCOAHNDXX,,,,2047,,,,,,0.9
AvailabilityFactor,INV,GLOBAL,PWRCOAHNDXX,,,,2048,,,,,,0.9
AvailabilityFactor,INV,GLOBAL,PWRCOAHNDXX,,,,2049,,,,,,0.9
AvailabilityFactor,INV,GLOBAL,PWRCOAHNDXX,,,,2050,,,,,,0.9
AvailabilityFactor,INV,GLOBAL,PWRNGSCOLXX,,,,2023,,,,,,0.9
AvailabilityFactor,INV,GLOBAL,PWRNGSCOLXX,,,,2024,,,,,,0.9
AvailabilityFactor,INV,GLOBAL,PWRNGSCOLXX,,,,2025,,,,,,0.9
AvailabilityFactor,INV,GLOBAL,PWRNGSCOLXX,,,,2026,,,,,,0.9
AvailabilityFactor,INV,GLOBAL,PWRNGSCOLXX,,,,2027,,,,,,0.9
AvailabilityFactor,INV,GLOBAL,PWRNGSCOLXX,,,,2028,,,,,,0.9
AvailabilityFactor,INV,GLOBAL,PWRNGSCOLXX,,,,2029,,,,,,0.9
AvailabilityFactor,INV,GLOBAL,PWRNGSCOLXX,,,,2030,,,,,,0.9
AvailabilityFactor,INV,GLOBAL,PWRNGSCOLXX,,,,2031,,,,,,0.9
AvailabilityFactor,INV,GLOBAL,PWRNGSCOLXX,,,,2032,,,,,,0.9
AvailabilityFactor,INV,GLOBAL,PWRNGSCOLXX,,,,2033,,,,,,0.9
AvailabilityFactor,INV,GLOBAL,PWRNGSCOLXX,,,,2034,,,,,,0.9
AvailabilityFactor,INV,GLOBAL,PWRNGSCOLXX,,,,2035,,,,,,0.9
AvailabilityFactor,INV,GLOBAL,PWRNGSCOLXX,,,,2036,,,,,,0.9
AvailabilityFactor,INV,GLOBAL,PWRNGSCOLXX,,,,2037,,,,,,0.9
AvailabilityFactor,INV,GLOBAL,PWRNGSCOLXX,,,,2038,,,,,,0.9
AvailabilityFactor,INV,GLOBAL,PWRNGSCOLXX,,,,2039,,,,,,0.9
AvailabilityFactor,INV,GLOBAL,PWRNGSCOLXX,,,,2040,,,,,,0.9
AvailabilityFactor,INV,GLOBAL,PWRNGSCOLXX,,,,2041,,,,,,0.9
AvailabilityFactor,INV,GLOBAL,PWRNGSCOLXX,,,,2042,,,,,,0.9
AvailabilityFactor,INV,GLOBAL,PWRNGSCOLXX,,,,2043,,,,,,0.9
AvailabilityFactor,INV,GLOBAL,PWRNGSCOLXX,,,,2044,,,,,,0.9
AvailabilityFactor,INV,GLOBAL,PWRNGSCOLXX,,,,2045,,,,,,0.9
AvailabilityFactor,INV,GLOBAL,PWRNGSCOLXX,,,,2046,,,,,,0.9
AvailabilityFactor,INV,GLOBAL,PWRNGSCOLXX,,,,2047,,,,,,0.9
AvailabilityFactor,INV,GLOBAL,PWRNGSCOLXX,,,,2048,,,,,,0.9
AvailabilityFactor,INV,GLOBAL,PWRNGSCOLXX,,,,2049,,,,,,0.9
AvailabilityFactor,INV,GLOBAL,PWRNGSCOLXX,,,,2050,,,,,,0.9
AvailabilityFactor,INV,GLOBAL,PWRPETPRYXX,,,,2023,,,,,,0.8
AvailabilityFactor,INV,GLOBAL,PWRPETPRYXX,,,,2024,,,,,,0.8
AvailabilityFactor,INV,GLOBAL,PWRPETPRYXX,,,,2025,,,,,,0.8
AvailabilityFactor,INV,GLOBAL,PWRPETPRYXX,,,,2026,,,,,,0.8
AvailabilityFactor,INV,GLOBAL,PWRPETPRYXX,,,,2027,,,,,,0.8
AvailabilityFactor,INV,GLOBAL,PWRPETPRYXX,,,,2028,,,,,,0.8
AvailabilityFactor,INV,GLOBAL,PWRPETPRYXX,,,,2029,,,,,,0.8
AvailabilityFactor,INV,GLOBAL,PWRPETPRYXX,,,,2030,,,,,,0.8
AvailabilityFactor,INV,GLOBAL,PWRPETPRYXX,,,,2031,,,,,,0.8
AvailabilityFactor,INV,GLOBAL,PWRPETPRYXX,,,,2032,,,,,,0.8
AvailabilityFactor,INV,GLOBAL,PWRPETPRYXX,,,,2033,,,,,,0.8
AvailabilityFactor,INV,GLOBAL,PWRPETPRYXX,,,,2034,,,,,,0.8
AvailabilityFactor,INV,GLOBAL,PWRPETPRYXX,,,,2035,,,,,,0.8
AvailabilityFactor,INV,GLOBAL,PWRPETPRYXX,,,,2036,,,,,,0.8
AvailabilityFactor,INV,GLOBAL,PWRPETPRYXX,,,,2037,,,,,,0.8
AvailabilityFactor,INV,GLOBAL,PWRPETPRYXX,,,,2038,,,,,,0.8
AvailabilityFactor,INV,GLOBAL,PWRPETPRYXX,,,,2039,,,,,,0.8
AvailabilityFactor,INV,GLOBAL,PWRPETPRYXX,,,,2040,,,,,,0.8
AvailabilityFactor,INV,GLOBAL,PWRPETPRYXX,,,,2041,,,,,,0.8
AvailabilityFactor,INV,GLOBAL,PWRPETPRYXX,,,,2042,,,,,,0.8
AvailabilityFactor,INV,GLOBAL,PWRPETPRYXX,,,,2043,,,,,,0.8
AvailabilityFactor,INV,GLOBAL,PWRPETPRYXX,,,,2044,,,,,,0.8
AvailabilityFactor,INV,GLOBAL,PWRPETPRYXX,,,,2045,,,,,,0.8
AvailabilityFactor,INV,GLOBAL,PWRPETPRYXX,,,,2046,,,,,,0.8
AvailabilityFactor,INV,GLOBAL,PWRPETPRYXX,,,,2047,,,,,,0.8
AvailabilityFactor,INV,GLOBAL,PWRPETPRYXX,,,,2048,,,,,,0.8
AvailabilityFactor,INV,GLOBAL,PWRPETPRYXX,,,,2049,,,,,,0.8
AvailabilityFactor,INV,GLOBAL,PWRPETPRYXX,,,,2050,,,,,,0.8
AvailabilityFactor,INV,GLOBAL,PWRCOGHTIXX,,,,2023,,,,,,0.8
AvailabilityFactor,INV,GLOBAL,PWRCOGHTIXX,,,,2024,,,,,,0.8
AvailabilityFactor,INV,GLOBAL,PWRCOGHTIXX,,,,2025,,,,,,0.8
AvailabilityFactor,INV,GLOBAL,PWRCOGHTIXX,,,,2026,,,,,,0.8
AvailabilityFactor,INV,GLOBAL,PWRCOGHTIXX,,,,2027,,,,,,0.8
AvailabilityFactor,INV,GLOBAL,PWRCOGHTIXX,,,,2028,,,,,,0.8
AvailabilityFactor,INV,GLOBAL,PWRCOGHTIXX,,,,2029,,,,,,0.8
AvailabilityFactor,INV,GLOBAL,PWRCOGHTIXX,,,,2030,,,,,,0.8
AvailabilityFactor,INV,GLOBAL,PWRCOGHTIXX,,,,2031,,,,,,0.8
AvailabilityFactor,INV,GLOBAL,PWRCOGHTIXX,,,,2032,,,,,,0.8
AvailabilityFactor,INV,GLOBAL,PWRCOGHTIXX,,,,2033,,,,,,0.8
AvailabilityFactor,INV,GLOBAL,PWRCOGHTIXX,,,,2034,,,,,,0.8
AvailabilityFactor,INV,GLOBAL,PWRCOGHTIXX,,,,2035,,,,,,0.8
AvailabilityFactor,INV,GLOBAL,PWRCOGHTIXX,,,,2036,,,,,,0.8
AvailabilityFactor,INV,GLOBAL,PWRCOGHTIXX,,,,2037,,,,,,0.8
AvailabilityFactor,INV,GLOBAL,PWRCOGHTIXX,,,,2038,,,,,,0.8
AvailabilityFactor,INV,GLOBAL,PWRCOGHTIXX,,,,2039,,,,,,0.8
AvailabilityFactor,INV,GLOBAL,PWRCOGHTIXX,,,,2040,,,,,,0.8
AvailabilityFactor,INV,GLOBAL,PWRCOGHTIXX,,,,2041,,,,,,0.8
AvailabilityFactor,INV,GLOBAL,PWRCOGHTIXX,,,,2042,,,,,,0.8
AvailabilityFactor,INV,GLOBAL,PWRCOGHTIXX,,,,2043,,,,,,0.8
AvailabilityFactor,INV,GLOBAL,PWRCOGHTIXX,,,,2044,,,,,,0.8
AvailabilityFactor,INV,GLOBAL,PWRCOGHTIXX,,,,2045,,,,,,0.8
AvailabilityFactor,INV,GLOBAL,PWRCOGHTIXX,,,,2046,,,,,,0.8
AvailabilityFactor,INV,GLOBAL,PWRCOGHTIXX,,,,2047,,,,,,0.8
AvailabilityFactor,INV,GLOBAL,PWRCOGHTIXX,,,,2048,,,,,,0.8
AvailabilityFactor,INV,GLOBAL,PWRCOGHTIXX,,,,2049,,,,,,0.8
AvailabilityFactor,INV,GLOBAL,PWRCOGHTIXX,,,,2050,,,,,,0.8
AvailabilityFactor,INV,GLOBAL,PWRWONECUXX,,,,2023,,,,,,0.9
AvailabilityFactor,INV,GLOBAL,PWRWONECUXX,,,,2024,,,,,,0.9
AvailabilityFactor,INV,GLOBAL,PWRWONECUXX,,,,2025,,,,,,0.9
AvailabilityFactor,INV,GLOBAL,PWRWONECUXX,,,,2026,,,,,,0.9
AvailabilityFactor,INV,GLOBAL,PWRWONECUXX,,,,2027,,,,,,0.9
AvailabilityFactor,INV,GLOBAL,PWRWONECUXX,,,,2028,,,,,,0.9
AvailabilityFactor,INV,GLOBAL,PWRWONECUXX,,,,2029,,,,,,0.9
AvailabilityFactor,INV,GLOBAL,PWRWONECUXX,,,,2030,,,,,,0.9
AvailabilityFactor,INV,GLOBAL,PWRWONECUXX,,,,2031,,,,,,0.9
AvailabilityFactor,INV,GLOBAL,PWRWONECUXX,,,,2032,,,,,,0.9
AvailabilityFactor,INV,GLOBAL,PWRWONECUXX,,,,2033,,,,,,0.9
AvailabilityFactor,INV,GLOBAL,PWRWONECUXX,,,,2034,,,,,,0.9
AvailabilityFactor,INV,GLOBAL,PWRWONECUXX,,,,2035,,,,,,0.9
AvailabilityFactor,INV,GLOBAL,PWRWONECUXX,,,,2036,,,,,,0.9
AvailabilityFactor,INV,GLOBAL,PWRWONECUXX,,,,2037,,,,,,0.9
AvailabilityFactor,INV,GLOBAL,PWRWONECUXX,,,,2038,,,,,,0.9
AvailabilityFactor,INV,GLOBAL,PWRWONECUXX,,,,2039,,,,,,0.9
AvailabilityFactor,INV,GLOBAL,PWRWONECUXX,,,,2040,,,,,,0.9
AvailabilityFactor,INV,GLOBAL,PWRWONECUXX,,,,2041,,,,,,0.9
AvailabilityFactor,INV,GLOBAL,PWRWONECUXX,,,,2042,,,,,,0.9
AvailabilityFactor,INV,GLOBAL,PWRWONECUXX,,,,2043,,,,,,0.9
AvailabilityFactor,INV,GLOBAL,PWRWONECUXX,,,,2044,,,,,,0.9
AvailabilityFactor,INV,GLOBAL,PWRWONECUXX,,,,2045,,,,,,0.9
AvailabilityFactor,INV,GLOBAL,PWRWONECUXX,,,,2046,,,,,,0.9
AvailabilityFactor,INV,GLOBAL,PWRWONECUXX,,,,2047,,,,,,0.9
AvailabilityFactor,INV,GLOBAL,PWRWONECUXX,,,,2048,,,,,,0.9
AvailabilityFactor,INV,GLOBAL,PWRWONECUXX,,,,2049,,,,,,0.9
AvailabilityFactor,INV,GLOBAL,PWRWONECUXX,,,,2050,,,,,,0.9
AvailabilityFactor,INV,GLOBAL,PWROTHBRBXX,,,,2023,,,,,,0.8
AvailabilityFactor,INV,GLOBAL,PWROTHBRBXX,,,,2024,,,,,,0.8
AvailabilityFactor,INV,GLOBAL,PWROTHBRBXX,,,,2025,,,,,,0.8
AvailabilityFactor,INV,GLOBAL,PWROTHBRBXX,,,,2026,,,,,,0.8
AvailabilityFactor,INV,GLOBAL,PWROTHBRBXX,,,,2027,,,,,,0.8
AvailabilityFactor,INV,GLOBAL,PWROTHBRBXX,,,,2028,,,,,,0.8
AvailabilityFactor,INV,GLOBAL,PWROTHBRBXX,,,,2029,,,,,,0.8
AvailabilityFactor,INV,GLOBAL,PWROTHBRBXX,,,,2030,,,,,,0.8
AvailabilityFactor,INV,GLOBAL,PWROTHBRBXX,,,,2031,,,,,,0.8
AvailabilityFactor,INV,GLOBAL,PWROTHBRBXX,,,,2032,,,,,,0.8
AvailabilityFactor,INV,GLOBAL,PWROTHBRBXX,,,,2033,,,,,,0.8
AvailabilityFactor,INV,GLOBAL,PWROTHBRBXX,,,,2034,,,,,,0.8
AvailabilityFactor,INV,GLOBAL,PWROTHBRBXX,,,,2035,,,,,,0.8
AvailabilityFactor,INV,GLOBAL,PWROTHBRBXX,,,,2036,,,,,,0.8
AvailabilityFactor,INV,GLOBAL,PWROTHBRBXX,,,,2037,,,,,,0.8
AvailabilityFactor,INV,GLOBAL,PWROTHBRBXX,,,,2038,,,,,,0.8
AvailabilityFactor,INV,GLOBAL,PWROTHBRBXX,,,,2039,,,,,,0.8
AvailabilityFactor,INV,GLOBAL,PWROTHBRBXX,,,,2040,,,,,,0.8
AvailabilityFactor,INV,GLOBAL,PWROTHBRBXX,,,,2041,,,,,,0.8
AvailabilityFactor,INV,GLOBAL,PWROTHBRBXX,,,,2042,,,,,,0.8
AvailabilityFactor,INV,GLOBAL,PWROTHBRBXX,,,,2043,,,,,,0.8
AvailabilityFactor,INV,GLOBAL,PWROTHBRBXX,,,,2044,,,,,,0.8
AvailabilityFactor,INV,GLOBAL,PWROTHBRBXX,,,,2045,,,,,,0.8
AvailabilityFactor,INV,GLOBAL,PWROTHBRBXX,,,,2046,,,,,,0.8
AvailabilityFactor,INV,GLOBAL,PWROTHBRBXX,,,,2047,,,,,,0.8
AvailabilityFactor,INV,GLOBAL,PWROTHBRBXX,,,,2048,,,,,,0.8
AvailabilityFactor,INV,GLOBAL,PWROTHBRBXX,,,,2049,,,,,,0.8
AvailabilityFactor,INV,GLOBAL,PWROTHBRBXX,,,,2050,,,,,,0.8
AvailabilityFactor,INV,GLOBAL,PWRBIOMEXXX,,,,2023,,,,,,0.5
AvailabilityFactor,INV,GLOBAL,PWRBIOMEXXX,,,,2024,,,,,,0.5
AvailabilityFactor,INV,GLOBAL,PWRBIOMEXXX,,,,2025,,,,,,0.5
AvailabilityFactor,INV,GLOBAL,PWRBIOMEXXX,,,,2026,,,,,,0.5
AvailabilityFactor,INV,GLOBAL,PWRBIOMEXXX,,,,2027,,,,,,0.5
AvailabilityFactor,INV,GLOBAL,PWRBIOMEXXX,,,,2028,,,,,,0.5
AvailabilityFactor,INV,GLOBAL,PWRBIOMEXXX,,,,2029,,,,,,0.5
AvailabilityFactor,INV,GLOBAL,PWRBIOMEXXX,,,,2030,,,,,,0.5
AvailabilityFactor,INV,GLOBAL,PWRBIOMEXXX,,,,2031,,,,,,0.5
AvailabilityFactor,INV,GLOBAL,PWRBIOMEXXX,,,,2032,,,,,,0.5
AvailabilityFactor,INV,GLOBAL,PWRBIOMEXXX,,,,2033,,,,,,0.5
AvailabilityFactor,INV,GLOBAL,PWRBIOMEXXX,,,,2034,,,,,,0.5
AvailabilityFactor,INV,GLOBAL,PWRBIOMEXXX,,,,2035,,,,,,0.5
AvailabilityFactor,INV,GLOBAL,PWRBIOMEXXX,,,,2036,,,,,,0.5
AvailabilityFactor,INV,GLOBAL,PWRBIOMEXXX,,,,2037,,,,,,0.5
AvailabilityFactor,INV,GLOBAL,PWRBIOMEXXX,,,,2038,,,,,,0.5
AvailabilityFactor,INV,GLOBAL,PWRBIOMEXXX,,,,2039,,,,,,0.5
AvailabilityFactor,INV,GLOBAL,PWRBIOMEXXX,,,,2040,,,,,,0.5
AvailabilityFactor,INV,GLOBAL,PWRBIOMEXXX,,,,2041,,,,,,0.5
AvailabilityFactor,INV,GLOBAL,PWRBIOMEXXX,,,,2042,,,,,,0.5
AvailabilityFactor,INV,GLOBAL,PWRBIOMEXXX,,,,2043,,,,,,0.5
AvailabilityFactor,INV,GLOBAL,PWRBIOMEXXX,,,,2044,,,,,,0.5
AvailabilityFactor,INV,GLOBAL,PWRBIOMEXXX,,,,2045,,,,,,0.5
AvailabilityFactor,INV,GLOBAL,PWRBIOMEXXX,,,,2046,,,,,,0.5
AvailabilityFactor,INV,GLOBAL,PWRBIOMEXXX,,,,2047,,,,,,0.5
AvailabilityFactor,INV,GLOBAL,PWRBIOMEXXX,,,,2048,,,,,,0.5
AvailabilityFactor,INV,GLOBAL,PWRBIOMEXXX,,,,2049,,,,,,0.5
AvailabilityFactor,INV,GLOBAL,PWRBIOMEXXX,,,,2050,,,,,,0.5
AvailabilityFactor,INV,GLOBAL,PWRBIODOMXX,,,,2023,,,,,,0.5
AvailabilityFactor,INV,GLOBAL,PWRBIODOMXX,,,,2024,,,,,,0.5
AvailabilityFactor,INV,GLOBAL,PWRBIODOMXX,,,,2025,,,,,,0.5
AvailabilityFactor,INV,GLOBAL,PWRBIODOMXX,,,,2026,,,,,,0.5
AvailabilityFactor,INV,GLOBAL,PWRBIODOMXX,,,,2027,,,,,,0.5
AvailabilityFactor,INV,GLOBAL,PWRBIODOMXX,,,,2028,,,,,,0.5
AvailabilityFactor,INV,GLOBAL,PWRBIODOMXX,,,,2029,,,,,,0.5
AvailabilityFactor,INV,GLOBAL,PWRBIODOMXX,,,,2030,,,,,,0.5
AvailabilityFactor,INV,GLOBAL,PWRBIODOMXX,,,,2031,,,,,,0.5
AvailabilityFactor,INV,GLOBAL,PWRBIODOMXX,,,,2032,,,,,,0.5
AvailabilityFactor,INV,GLOBAL,PWRBIODOMXX,,,,2033,,,,,,0.5
AvailabilityFactor,INV,GLOBAL,PWRBIODOMXX,,,,2034,,,,,,0.5
AvailabilityFactor,INV,GLOBAL,PWRBIODOMXX,,,,2035,,,,,,0.5
AvailabilityFactor,INV,GLOBAL,PWRBIODOMXX,,,,2036,,,,,,0.5
AvailabilityFactor,INV,GLOBAL,PWRBIODOMXX,,,,2037,,,,,,0.5
AvailabilityFactor,INV,GLOBAL,PWRBIODOMXX,,,,2038,,,,,,0.5
AvailabilityFactor,INV,GLOBAL,PWRBIODOMXX,,,,2039,,,,,,0.5
AvailabilityFactor,INV,GLOBAL,PWRBIODOMXX,,,,2040,,,,,,0.5
AvailabilityFactor,INV,GLOBAL,PWRBIODOMXX,,,,2041,,,,,,0.5
AvailabilityFactor,INV,GLOBAL,PWRBIODOMXX,,,,2042,,,,,,0.5
AvailabilityFactor,INV,GLOBAL,PWRBIODOMXX,,,,2043,,,,,,0.5
AvailabilityFactor,INV,GLOBAL,PWRBIODOMXX,,,,2044,,,,,,0.5
AvailabilityFactor,INV,GLOBAL,PWRBIODOMXX,,,,2045,,,,,,0.5
AvailabilityFactor,INV,GLOBAL,PWRBIODOMXX,,,,2046,,,,,,0.5
AvailabilityFactor,INV,GLOBAL,PWRBIODOMXX,,,,2047,,,,,,0.5
AvailabilityFactor,INV,GLOBAL,PWRBIODOMXX,,,,2048,,,,,,0.5
AvailabilityFactor,INV,GLOBAL,PWRBIODOMXX,,,,2049,,,,,,0.5
AvailabilityFactor,INV,GLOBAL,PWRBIODOMXX,,,,2050,,,,,,0.5
AvailabilityFactor,INV,GLOBAL,PWRWOFHTIXX,,,,2023,,,,,,0.9
AvailabilityFactor,INV,GLOBAL,PWRWOFHTIXX,,,,2024,,,,,,0.9
AvailabilityFactor,INV,GLOBAL,PWRWOFHTIXX,,,,2025,,,,,,0.9
AvailabilityFactor,INV,GLOBAL,PWRWOFHTIXX,,,,2026,,,,,,0.9
AvailabilityFactor,INV,GLOBAL,PWRWOFHTIXX,,,,2027,,,,,,0.9
AvailabilityFactor,INV,GLOBAL,PWRWOFHTIXX,,,,2028,,,,,,0.9
AvailabilityFactor,INV,GLOBAL,PWRWOFHTIXX,,,,2029,,,,,,0.9
AvailabilityFactor,INV,GLOBAL,PWRWOFHTIXX,,,,2030,,,,,,0.9
AvailabilityFactor,INV,GLOBAL,PWRWOFHTIXX,,,,2031,,,,,,0.9
AvailabilityFactor,INV,GLOBAL,PWRWOFHTIXX,,,,2032,,,,,,0.9
AvailabilityFactor,INV,GLOBAL,PWRWOFHTIXX,,,,2033,,,,,,0.9
AvailabilityFactor,INV,GLOBAL,PWRWOFHTIXX,,,,2034,,,,,,0.9
AvailabilityFactor,INV,GLOBAL,PWRWOFHTIXX,,,,2035,,,,,,0.9
AvailabilityFactor,INV,GLOBAL,PWRWOFHTIXX,,,,2036,,,,,,0.9
AvailabilityFactor,INV,GLOBAL,PWRWOFHTIXX,,,,2037,,,,,,0.9
AvailabilityFactor,INV,GLOBAL,PWRWOFHTIXX,,,,2038,,,,,,0.9
AvailabilityFactor,INV,GLOBAL,PWRWOFHTIXX,,,,2039,,,,,,0.9
AvailabilityFactor,INV,GLOBAL,PWRWOFHTIXX,,,,2040,,,,,,0.9
AvailabilityFactor,INV,GLOBAL,PWRWOFHTIXX,,,,2041,,,,,,0.9
AvailabilityFactor,INV,GLOBAL,PWRWOFHTIXX,,,,2042,,,,,,0.9
AvailabilityFactor,INV,GLOBAL,PWRWOFHTIXX,,,,2043,,,,,,0.9
AvailabilityFactor,INV,GLOBAL,PWRWOFHTIXX,,,,2044,,,,,,0.9
AvailabilityFactor,INV,GLOBAL,PWRWOFHTIXX,,,,2045,,,,,,0.9
AvailabilityFactor,INV,GLOBAL,PWRWOFHTIXX,,,,2046,,,,,,0.9
AvailabilityFactor,INV,GLOBAL,PWRWOFHTIXX,,,,2047,,,,,,0.9
AvailabilityFactor,INV,GLOBAL,PWRWOFHTIXX,,,,2048,,,,,,0.9
AvailabilityFactor,INV,GLOBAL,PWRWOFHTIXX,,,,2049,,,,,,0.9
AvailabilityFactor,INV,GLOBAL,PWRWOFHTIXX,,,,2050,,,,,,0.9
AvailabilityFactor,INV,GLOBAL,PWRNGSDOMXX,,,,2023,,,,,,0.9
AvailabilityFactor,INV,GLOBAL,PWRNGSDOMXX,,,,2024,,,,,,0.9
AvailabilityFactor,INV,GLOBAL,PWRNGSDOMXX,,,,2025,,,,,,0.9
AvailabilityFactor,INV,GLOBAL,PWRNGSDOMXX,,,,2026,,,,,,0.9
AvailabilityFactor,INV,GLOBAL,PWRNGSDOMXX,,,,2027,,,,,,0.9
AvailabilityFactor,INV,GLOBAL,PWRNGSDOMXX,,,,2028,,,,,,0.9
AvailabilityFactor,INV,GLOBAL,PWRNGSDOMXX,,,,2029,,,,,,0.9
AvailabilityFactor,INV,GLOBAL,PWRNGSDOMXX,,,,2030,,,,,,0.9
AvailabilityFactor,INV,GLOBAL,PWRNGSDOMXX,,,,2031,,,,,,0.9
AvailabilityFactor,INV,GLOBAL,PWRNGSDOMXX,,,,2032,,,,,,0.9
AvailabilityFactor,INV,GLOBAL,PWRNGSDOMXX,,,,2033,,,,,,0.9
AvailabilityFactor,INV,GLOBAL,PWRNGSDOMXX,,,,2034,,,,,,0.9
AvailabilityFactor,INV,GLOBAL,PWRNGSDOMXX,,,,2035,,,,,,0.9
AvailabilityFactor,INV,GLOBAL,PWRNGSDOMXX,,,,2036,,,,,,0.9
AvailabilityFactor,INV,GLOBAL,PWRNGSDOMXX,,,,2037,,,,,,0.9
AvailabilityFactor,INV,GLOBAL,PWRNGSDOMXX,,,,2038,,,,,,0.9
AvailabilityFactor,INV,GLOBAL,PWRNGSDOMXX,,,,2039,,,,,,0.9
AvailabilityFactor,INV,GLOBAL,PWRNGSDOMXX,,,,2040,,,,,,0.9
AvailabilityFactor,INV,GLOBAL,PWRNGSDOMXX,,,,2041,,,,,,0.9
AvailabilityFactor,INV,GLOBAL,PWRNGSDOMXX,,,,2042,,,,,,0.9
AvailabilityFactor,INV,GLOBAL,PWRNGSDOMXX,,,,2043,,,,,,0.9
AvailabilityFactor,INV,GLOBAL,PWRNGSDOMXX,,,,2044,,,,,,0.9
AvailabilityFactor,INV,GLOBAL,PWRNGSDOMXX,,,,2045,,,,,,0.9
AvailabilityFactor,INV,GLOBAL,PWRNGSDOMXX,,,,2046,,,,,,0.9
AvailabilityFactor,INV,GLOBAL,PWRNGSDOMXX,,,,2047,,,,,,0.9
AvailabilityFactor,INV,GLOBAL,PWRNGSDOMXX,,,,2048,,,,,,0.9
AvailabilityFactor,INV,GLOBAL,PWRNGSDOMXX,,,,2049,,,,,,0.9
AvailabilityFactor,INV,GLOBAL,PWRNGSDOMXX,,,,2050,,,,,,0.9
AvailabilityFactor,INV,GLOBAL,PWROILCHLXX,,,,2023,,,,,,0.8
AvailabilityFactor,INV,GLOBAL,PWROILCHLXX,,,,2024,,,,,,0.8
AvailabilityFactor,INV,GLOBAL,PWROILCHLXX,,,,2025,,,,,,0.8
AvailabilityFactor,INV,GLOBAL,PWROILCHLXX,,,,2026,,,,,,0.8
AvailabilityFactor,INV,GLOBAL,PWROILCHLXX,,,,2027,,,,,,0.8
AvailabilityFactor,INV,GLOBAL,PWROILCHLXX,,,,2028,,,,,,0.8
AvailabilityFactor,INV,GLOBAL,PWROILCHLXX,,,,2029,,,,,,0.8
AvailabilityFactor,INV,GLOBAL,PWROILCHLXX,,,,2030,,,,,,0.8
AvailabilityFactor,INV,GLOBAL,PWROILCHLXX,,,,2031,,,,,,0.8
AvailabilityFactor,INV,GLOBAL,PWROILCHLXX,,,,2032,,,,,,0.8
AvailabilityFactor,INV,GLOBAL,PWROILCHLXX,,,,2033,,,,,,0.8
AvailabilityFactor,INV,GLOBAL,PWROILCHLXX,,,,2034,,,,,,0.8
AvailabilityFactor,INV,GLOBAL,PWROILCHLXX,,,,2035,,,,,,0.8
AvailabilityFactor,INV,GLOBAL,PWROILCHLXX,,,,2036,,,,,,0.8
AvailabilityFactor,INV,GLOBAL,PWROILCHLXX,,,,2037,,,,,,0.8
AvailabilityFactor,INV,GLOBAL,PWROILCHLXX,,,,2038,,,,,,0.8
AvailabilityFactor,INV,GLOBAL,PWROILCHLXX,,,,2039,,,,,,0.8
AvailabilityFactor,INV,GLOBAL,PWROILCHLXX,,,,2040,,,,,,0.8
AvailabilityFactor,INV,GLOBAL,PWROILCHLXX,,,,2041,,,,,,0.8
AvailabilityFactor,INV,GLOBAL,PWROILCHLXX,,,,2042,,,,,,0.8
AvailabilityFactor,INV,GLOBAL,PWROILCHLXX,,,,2043,,,,,,0.8
AvailabilityFactor,INV,GLOBAL,PWROILCHLXX,,,,2044,,,,,,0.8
AvailabilityFactor,INV,GLOBAL,PWROILCHLXX,,,,2045,,,,,,0.8
AvailabilityFactor,INV,GLOBAL,PWROILCHLXX,,,,2046,,,,,,0.8
AvailabilityFactor,INV,GLOBAL,PWROILCHLXX,,,,2047,,,,,,0.8
AvailabilityFactor,INV,GLOBAL,PWROILCHLXX,,,,2048,,,,,,0.8
AvailabilityFactor,INV,GLOBAL,PWROILCHLXX,,,,2049,,,,,,0.8
AvailabilityFactor,INV,GLOBAL,PWROILCHLXX,,,,2050,,,,,,0.8
AvailabilityFactor,INV,GLOBAL,PWRWONNICXX,,,,2023,,,,,,0.9
AvailabilityFactor,INV,GLOBAL,PWRWONNICXX,,,,2024,,,,,,0.9
AvailabilityFactor,INV,GLOBAL,PWRWONNICXX,,,,2025,,,,,,0.9
AvailabilityFactor,INV,GLOBAL,PWRWONNICXX,,,,2026,,,,,,0.9
AvailabilityFactor,INV,GLOBAL,PWRWONNICXX,,,,2027,,,,,,0.9
AvailabilityFactor,INV,GLOBAL,PWRWONNICXX,,,,2028,,,,,,0.9
AvailabilityFactor,INV,GLOBAL,PWRWONNICXX,,,,2029,,,,,,0.9
AvailabilityFactor,INV,GLOBAL,PWRWONNICXX,,,,2030,,,,,,0.9
AvailabilityFactor,INV,GLOBAL,PWRWONNICXX,,,,2031,,,,,,0.9
AvailabilityFactor,INV,GLOBAL,PWRWONNICXX,,,,2032,,,,,,0.9
AvailabilityFactor,INV,GLOBAL,PWRWONNICXX,,,,2033,,,,,,0.9
AvailabilityFactor,INV,GLOBAL,PWRWONNICXX,,,,2034,,,,,,0.9
AvailabilityFactor,INV,GLOBAL,PWRWONNICXX,,,,2035,,,,,,0.9
AvailabilityFactor,INV,GLOBAL,PWRWONNICXX,,,,2036,,,,,,0.9
AvailabilityFactor,INV,GLOBAL,PWRWONNICXX,,,,2037,,,,,,0.9
AvailabilityFactor,INV,GLOBAL,PWRWONNICXX,,,,2038,,,,,,0.9
AvailabilityFactor,INV,GLOBAL,PWRWONNICXX,,,,2039,,,,,,0.9
AvailabilityFactor,INV,GLOBAL,PWRWONNICXX,,,,2040,,,,,,0.9
AvailabilityFactor,INV,GLOBAL,PWRWONNICXX,,,,2041,,,,,,0.9
AvailabilityFactor,INV,GLOBAL,PWRWONNICXX,,,,2042,,,,,,0.9
AvailabilityFactor,INV,GLOBAL,PWRWONNICXX,,,,2043,,,,,,0.9
AvailabilityFactor,INV,GLOBAL,PWRWONNICXX,,,,2044,,,,,,0.9
AvailabilityFactor,INV,GLOBAL,PWRWONNICXX,,,,2045,,,,,,0.9
AvailabilityFactor,INV,GLOBAL,PWRWONNICXX,,,,2046,,,,,,0.9
AvailabilityFactor,INV,GLOBAL,PWRWONNICXX,,,,2047,,,,,,0.9
AvailabilityFactor,INV,GLOBAL,PWRWONNICXX,,,,2048,,,,,,0.9
AvailabilityFactor,INV,GLOBAL,PWRWONNICXX,,,,2049,,,,,,0.9
AvailabilityFactor,INV,GLOBAL,PWRWONNICXX,,,,2050,,,,,,0.9
AvailabilityFactor,INV,GLOBAL,PWRURNBOLXX,,,,2023,,,,,,0.9
AvailabilityFactor,INV,GLOBAL,PWRURNBOLXX,,,,2024,,,,,,0.9
AvailabilityFactor,INV,GLOBAL,PWRURNBOLXX,,,,2025,,,,,,0.9
AvailabilityFactor,INV,GLOBAL,PWRURNBOLXX,,,,2026,,,,,,0.9
AvailabilityFactor,INV,GLOBAL,PWRURNBOLXX,,,,2027,,,,,,0.9
AvailabilityFactor,INV,GLOBAL,PWRURNBOLXX,,,,2028,,,,,,0.9
AvailabilityFactor,INV,GLOBAL,PWRURNBOLXX,,,,2029,,,,,,0.9
AvailabilityFactor,INV,GLOBAL,PWRURNBOLXX,,,,2030,,,,,,0.9
AvailabilityFactor,INV,GLOBAL,PWRURNBOLXX,,,,2031,,,,,,0.9
AvailabilityFactor,INV,GLOBAL,PWRURNBOLXX,,,,2032,,,,,,0.9
AvailabilityFactor,INV,GLOBAL,PWRURNBOLXX,,,,2033,,,,,,0.9
AvailabilityFactor,INV,GLOBAL,PWRURNBOLXX,,,,2034,,,,,,0.9
AvailabilityFactor,INV,GLOBAL,PWRURNBOLXX,,,,2035,,,,,,0.9
AvailabilityFactor,INV,GLOBAL,PWRURNBOLXX,,,,2036,,,,,,0.9
AvailabilityFactor,INV,GLOBAL,PWRURNBOLXX,,,,2037,,,,,,0.9
AvailabilityFactor,INV,GLOBAL,PWRURNBOLXX,,,,2038,,,,,,0.9
AvailabilityFactor,INV,GLOBAL,PWRURNBOLXX,,,,2039,,,,,,0.9
AvailabilityFactor,INV,GLOBAL,PWRURNBOLXX,,,,2040,,,,,,0.9
AvailabilityFactor,INV,GLOBAL,PWRURNBOLXX,,,,2041,,,,,,0.9
AvailabilityFactor,INV,GLOBAL,PWRURNBOLXX,,,,2042,,,,,,0.9
AvailabilityFactor,INV,GLOBAL,PWRURNBOLXX,,,,2043,,,,,,0.9
AvailabilityFactor,INV,GLOBAL,PWRURNBOLXX,,,,2044,,,,,,0.9
AvailabilityFactor,INV,GLOBAL,PWRURNBOLXX,,,,2045,,,,,,0.9
AvailabilityFactor,INV,GLOBAL,PWRURNBOLXX,,,,2046,,,,,,0.9
AvailabilityFactor,INV,GLOBAL,PWRURNBOLXX,,,,2047,,,,,,0.9
AvailabilityFactor,INV,GLOBAL,PWRURNBOLXX,,,,2048,,,,,,0.9
AvailabilityFactor,INV,GLOBAL,PWRURNBOLXX,,,,2049,,,,,,0.9
AvailabilityFactor,INV,GLOBAL,PWRURNBOLXX,,,,2050,,,,,,0.9
AvailabilityFactor,INV,GLOBAL,PWRNGSBOLXX,,,,2023,,,,,,0.9
AvailabilityFactor,INV,GLOBAL,PWRNGSBOLXX,,,,2024,,,,,,0.9
AvailabilityFactor,INV,GLOBAL,PWRNGSBOLXX,,,,2025,,,,,,0.9
AvailabilityFactor,INV,GLOBAL,PWRNGSBOLXX,,,,2026,,,,,,0.9
AvailabilityFactor,INV,GLOBAL,PWRNGSBOLXX,,,,2027,,,,,,0.9
AvailabilityFactor,INV,GLOBAL,PWRNGSBOLXX,,,,2028,,,,,,0.9
AvailabilityFactor,INV,GLOBAL,PWRNGSBOLXX,,,,2029,,,,,,0.9
AvailabilityFactor,INV,GLOBAL,PWRNGSBOLXX,,,,2030,,,,,,0.9
AvailabilityFactor,INV,GLOBAL,PWRNGSBOLXX,,,,2031,,,,,,0.9
AvailabilityFactor,INV,GLOBAL,PWRNGSBOLXX,,,,2032,,,,,,0.9
AvailabilityFactor,INV,GLOBAL,PWRNGSBOLXX,,,,2033,,,,,,0.9
AvailabilityFactor,INV,GLOBAL,PWRNGSBOLXX,,,,2034,,,,,,0.9
AvailabilityFactor,INV,GLOBAL,PWRNGSBOLXX,,,,2035,,,,,,0.9
AvailabilityFactor,INV,GLOBAL,PWRNGSBOLXX,,,,2036,,,,,,0.9
AvailabilityFactor,INV,GLOBAL,PWRNGSBOLXX,,,,2037,,,,,,0.9
AvailabilityFactor,INV,GLOBAL,PWRNGSBOLXX,,,,2038,,,,,,0.9
AvailabilityFactor,INV,GLOBAL,PWRNGSBOLXX,,,,2039,,,,,,0.9
AvailabilityFactor,INV,GLOBAL,PWRNGSBOLXX,,,,2040,,,,,,0.9
AvailabilityFactor,INV,GLOBAL,PWRNGSBOLXX,,,,2041,,,,,,0.9
AvailabilityFactor,INV,GLOBAL,PWRNGSBOLXX,,,,2042,,,,,,0.9
AvailabilityFactor,INV,GLOBAL,PWRNGSBOLXX,,,,2043,,,,,,0.9
AvailabilityFactor,INV,GLOBAL,PWRNGSBOLXX,,,,2044,,,,,,0.9
AvailabilityFactor,INV,GLOBAL,PWRNGSBOLXX,,,,2045,,,,,,0.9
AvailabilityFactor,INV,GLOBAL,PWRNGSBOLXX,,,,2046,,,,,,0.9
AvailabilityFactor,INV,GLOBAL,PWRNGSBOLXX,,,,2047,,,,,,0.9
AvailabilityFactor,INV,GLOBAL,PWRNGSBOLXX,,,,2048,,,,,,0.9
AvailabilityFactor,INV,GLOBAL,PWRNGSBOLXX,,,,2049,,,,,,0.9
AvailabilityFactor,INV,GLOBAL,PWRNGSBOLXX,,,,2050,,,,,,0.9
AvailabilityFactor,INV,GLOBAL,PWRHYDSLVXX,,,,2023,,,,,,0.9
AvailabilityFactor,INV,GLOBAL,PWRHYDSLVXX,,,,2024,,,,,,0.9
AvailabilityFactor,INV,GLOBAL,PWRHYDSLVXX,,,,2025,,,,,,0.9
AvailabilityFactor,INV,GLOBAL,PWRHYDSLVXX,,,,2026,,,,,,0.9
AvailabilityFactor,INV,GLOBAL,PWRHYDSLVXX,,,,2027,,,,,,0.9
AvailabilityFactor,INV,GLOBAL,PWRHYDSLVXX,,,,2028,,,,,,0.9
AvailabilityFactor,INV,GLOBAL,PWRHYDSLVXX,,,,2029,,,,,,0.9
AvailabilityFactor,INV,GLOBAL,PWRHYDSLVXX,,,,2030,,,,,,0.9
AvailabilityFactor,INV,GLOBAL,PWRHYDSLVXX,,,,2031,,,,,,0.9
AvailabilityFactor,INV,GLOBAL,PWRHYDSLVXX,,,,2032,,,,,,0.9
AvailabilityFactor,INV,GLOBAL,PWRHYDSLVXX,,,,2033,,,,,,0.9
AvailabilityFactor,INV,GLOBAL,PWRHYDSLVXX,,,,2034,,,,,,0.9
AvailabilityFactor,INV,GLOBAL,PWRHYDSLVXX,,,,2035,,,,,,0.9
AvailabilityFactor,INV,GLOBAL,PWRHYDSLVXX,,,,2036,,,,,,0.9
AvailabilityFactor,INV,GLOBAL,PWRHYDSLVXX,,,,2037,,,,,,0.9
AvailabilityFactor,INV,GLOBAL,PWRHYDSLVXX,,,,2038,,,,,,0.9
AvailabilityFactor,INV,GLOBAL,PWRHYDSLVXX,,,,2039,,,,,,0.9
AvailabilityFactor,INV,GLOBAL,PWRHYDSLVXX,,,,2040,,,,,,0.9
AvailabilityFactor,INV,GLOBAL,PWRHYDSLVXX,,,,2041,,,,,,0.9
AvailabilityFactor,INV,GLOBAL,PWRHYDSLVXX,,,,2042,,,,,,0.9
AvailabilityFactor,INV,GLOBAL,PWRHYDSLVXX,,,,2043,,,,,,0.9
AvailabilityFactor,INV,GLOBAL,PWRHYDSLVXX,,,,2044,,,,,,0.9
AvailabilityFactor,INV,GLOBAL,PWRHYDSLVXX,,,,2045,,,,,,0.9
AvailabilityFactor,INV,GLOBAL,PWRHYDSLVXX,,,,2046,,,,,,0.9
AvailabilityFactor,INV,GLOBAL,PWRHYDSLVXX,,,,2047,,,,,,0.9
AvailabilityFactor,INV,GLOBAL,PWRHYDSLVXX,,,,2048,,,,,,0.9
AvailabilityFactor,INV,GLOBAL,PWRHYDSLVXX,,,,2049,,,,,,0.9
AvailabilityFactor,INV,GLOBAL,PWRHYDSLVXX,,,,2050,,,,,,0.9
AvailabilityFactor,INV,GLOBAL,PWRGEOECUXX,,,,2023,,,,,,0.9
AvailabilityFactor,INV,GLOBAL,PWRGEOECUXX,,,,2024,,,,,,0.9
AvailabilityFactor,INV,GLOBAL,PWRGEOECUXX,,,,2025,,,,,,0.9
AvailabilityFactor,INV,GLOBAL,PWRGEOECUXX,,,,2026,,,,,,0.9
AvailabilityFactor,INV,GLOBAL,PWRGEOECUXX,,,,2027,,,,,,0.9
AvailabilityFactor,INV,GLOBAL,PWRGEOECUXX,,,,2028,,,,,,0.9
AvailabilityFactor,INV,GLOBAL,PWRGEOECUXX,,,,2029,,,,,,0.9
AvailabilityFactor,INV,GLOBAL,PWRGEOECUXX,,,,2030,,,,,,0.9
AvailabilityFactor,INV,GLOBAL,PWRGEOECUXX,,,,2031,,,,,,0.9
AvailabilityFactor,INV,GLOBAL,PWRGEOECUXX,,,,2032,,,,,,0.9
AvailabilityFactor,INV,GLOBAL,PWRGEOECUXX,,,,2033,,,,,,0.9
AvailabilityFactor,INV,GLOBAL,PWRGEOECUXX,,,,2034,,,,,,0.9
AvailabilityFactor,INV,GLOBAL,PWRGEOECUXX,,,,2035,,,,,,0.9
AvailabilityFactor,INV,GLOBAL,PWRGEOECUXX,,,,2036,,,,,,0.9
AvailabilityFactor,INV,GLOBAL,PWRGEOECUXX,,,,2037,,,,,,0.9
AvailabilityFactor,INV,GLOBAL,PWRGEOECUXX,,,,2038,,,,,,0.9
AvailabilityFactor,INV,GLOBAL,PWRGEOECUXX,,,,2039,,,,,,0.9
AvailabilityFactor,INV,GLOBAL,PWRGEOECUXX,,,,2040,,,,,,0.9
AvailabilityFactor,INV,GLOBAL,PWRGEOECUXX,,,,2041,,,,,,0.9
AvailabilityFactor,INV,GLOBAL,PWRGEOECUXX,,,,2042,,,,,,0.9
AvailabilityFactor,INV,GLOBAL,PWRGEOECUXX,,,,2043,,,,,,0.9
AvailabilityFactor,INV,GLOBAL,PWRGEOECUXX,,,,2044,,,,,,0.9
AvailabilityFactor,INV,GLOBAL,PWRGEOECUXX,,,,2045,,,,,,0.9
AvailabilityFactor,INV,GLOBAL,PWRGEOECUXX,,,,2046,,,,,,0.9
AvailabilityFactor,INV,GLOBAL,PWRGEOECUXX,,,,2047,,,,,,0.9
AvailabilityFactor,INV,GLOBAL,PWRGEOECUXX,,,,2048,,,,,,0.9
AvailabilityFactor,INV,GLOBAL,PWRGEOECUXX,,,,2049,,,,,,0.9
AvailabilityFactor,INV,GLOBAL,PWRGEOECUXX,,,,2050,,,,,,0.9
AvailabilityFactor,INV,GLOBAL,PWRCCSCOLXX,,,,2023,,,,,,0.9
AvailabilityFactor,INV,GLOBAL,PWRCCSCOLXX,,,,2024,,,,,,0.9
AvailabilityFactor,INV,GLOBAL,PWRCCSCOLXX,,,,2025,,,,,,0.9
AvailabilityFactor,INV,GLOBAL,PWRCCSCOLXX,,,,2026,,,,,,0.9
AvailabilityFactor,INV,GLOBAL,PWRCCSCOLXX,,,,2027,,,,,,0.9
AvailabilityFactor,INV,GLOBAL,PWRCCSCOLXX,,,,2028,,,,,,0.9
AvailabilityFactor,INV,GLOBAL,PWRCCSCOLXX,,,,2029,,,,,,0.9
AvailabilityFactor,INV,GLOBAL,PWRCCSCOLXX,,,,2030,,,,,,0.9
AvailabilityFactor,INV,GLOBAL,PWRCCSCOLXX,,,,2031,,,,,,0.9
AvailabilityFactor,INV,GLOBAL,PWRCCSCOLXX,,,,2032,,,,,,0.9
AvailabilityFactor,INV,GLOBAL,PWRCCSCOLXX,,,,2033,,,,,,0.9
AvailabilityFactor,INV,GLOBAL,PWRCCSCOLXX,,,,2034,,,,,,0.9
AvailabilityFactor,INV,GLOBAL,PWRCCSCOLXX,,,,2035,,,,,,0.9
AvailabilityFactor,INV,GLOBAL,PWRCCSCOLXX,,,,2036,,,,,,0.9
AvailabilityFactor,INV,GLOBAL,PWRCCSCOLXX,,,,2037,,,,,,0.9
AvailabilityFactor,INV,GLOBAL,PWRCCSCOLXX,,,,2038,,,,,,0.9
AvailabilityFactor,INV,GLOBAL,PWRCCSCOLXX,,,,2039,,,,,,0.9
AvailabilityFactor,INV,GLOBAL,PWRCCSCOLXX,,,,2040,,,,,,0.9
AvailabilityFactor,INV,GLOBAL,PWRCCSCOLXX,,,,2041,,,,,,0.9
AvailabilityFactor,INV,GLOBAL,PWRCCSCOLXX,,,,2042,,,,,,0.9
AvailabilityFactor,INV,GLOBAL,PWRCCSCOLXX,,,,2043,,,,,,0.9
AvailabilityFactor,INV,GLOBAL,PWRCCSCOLXX,,,,2044,,,,,,0.9
AvailabilityFactor,INV,GLOBAL,PWRCCSCOLXX,,,,2045,,,,,,0.9
AvailabilityFactor,INV,GLOBAL,PWRCCSCOLXX,,,,2046,,,,,,0.9
AvailabilityFactor,INV,GLOBAL,PWRCCSCOLXX,,,,2047,,,,,,0.9
AvailabilityFactor,INV,GLOBAL,PWRCCSCOLXX,,,,2048,,,,,,0.9
AvailabilityFactor,INV,GLOBAL,PWRCCSCOLXX,,,,2049,,,,,,0.9
AvailabilityFactor,INV,GLOBAL,PWRCCSCOLXX,,,,2050,,,,,,0.9
AvailabilityFactor,INV,GLOBAL,PWRWOFECUXX,,,,2023,,,,,,0.9
AvailabilityFactor,INV,GLOBAL,PWRWOFECUXX,,,,2024,,,,,,0.9
AvailabilityFactor,INV,GLOBAL,PWRWOFECUXX,,,,2025,,,,,,0.9
AvailabilityFactor,INV,GLOBAL,PWRWOFECUXX,,,,2026,,,,,,0.9
AvailabilityFactor,INV,GLOBAL,PWRWOFECUXX,,,,2027,,,,,,0.9
AvailabilityFactor,INV,GLOBAL,PWRWOFECUXX,,,,2028,,,,,,0.9
AvailabilityFactor,INV,GLOBAL,PWRWOFECUXX,,,,2029,,,,,,0.9
AvailabilityFactor,INV,GLOBAL,PWRWOFECUXX,,,,2030,,,,,,0.9
AvailabilityFactor,INV,GLOBAL,PWRWOFECUXX,,,,2031,,,,,,0.9
AvailabilityFactor,INV,GLOBAL,PWRWOFECUXX,,,,2032,,,,,,0.9
AvailabilityFactor,INV,GLOBAL,PWRWOFECUXX,,,,2033,,,,,,0.9
AvailabilityFactor,INV,GLOBAL,PWRWOFECUXX,,,,2034,,,,,,0.9
AvailabilityFactor,INV,GLOBAL,PWRWOFECUXX,,,,2035,,,,,,0.9
AvailabilityFactor,INV,GLOBAL,PWRWOFECUXX,,,,2036,,,,,,0.9
AvailabilityFactor,INV,GLOBAL,PWRWOFECUXX,,,,2037,,,,,,0.9
AvailabilityFactor,INV,GLOBAL,PWRWOFECUXX,,,,2038,,,,,,0.9
AvailabilityFactor,INV,GLOBAL,PWRWOFECUXX,,,,2039,,,,,,0.9
AvailabilityFactor,INV,GLOBAL,PWRWOFECUXX,,,,2040,,,,,,0.9
AvailabilityFactor,INV,GLOBAL,PWRWOFECUXX,,,,2041,,,,,,0.9
AvailabilityFactor,INV,GLOBAL,PWRWOFECUXX,,,,2042,,,,,,0.9
AvailabilityFactor,INV,GLOBAL,PWRWOFECUXX,,,,2043,,,,,,0.9
AvailabilityFactor,INV,GLOBAL,PWRWOFECUXX,,,,2044,,,,,,0.9
AvailabilityFactor,INV,GLOBAL,PWRWOFECUXX,,,,2045,,,,,,0.9
AvailabilityFactor,INV,GLOBAL,PWRWOFECUXX,,,,2046,,,,,,0.9
AvailabilityFactor,INV,GLOBAL,PWRWOFECUXX,,,,2047,,,,,,0.9
AvailabilityFactor,INV,GLOBAL,PWRWOFECUXX,,,,2048,,,,,,0.9
AvailabilityFactor,INV,GLOBAL,PWRWOFECUXX,,,,2049,,,,,,0.9
AvailabilityFactor,INV,GLOBAL,PWRWOFECUXX,,,,2050,,,,,,0.9
AvailabilityFactor,INV,GLOBAL,PWROILCOLXX,,,,2023,,,,,,0.8
AvailabilityFactor,INV,GLOBAL,PWROILCOLXX,,,,2024,,,,,,0.8
AvailabilityFactor,INV,GLOBAL,PWROILCOLXX,,,,2025,,,,,,0.8
AvailabilityFactor,INV,GLOBAL,PWROILCOLXX,,,,2026,,,,,,0.8
AvailabilityFactor,INV,GLOBAL,PWROILCOLXX,,,,2027,,,,,,0.8
AvailabilityFactor,INV,GLOBAL,PWROILCOLXX,,,,2028,,,,,,0.8
AvailabilityFactor,INV,GLOBAL,PWROILCOLXX,,,,2029,,,,,,0.8
AvailabilityFactor,INV,GLOBAL,PWROILCOLXX,,,,2030,,,,,,0.8
AvailabilityFactor,INV,GLOBAL,PWROILCOLXX,,,,2031,,,,,,0.8
AvailabilityFactor,INV,GLOBAL,PWROILCOLXX,,,,2032,,,,,,0.8
AvailabilityFactor,INV,GLOBAL,PWROILCOLXX,,,,2033,,,,,,0.8
AvailabilityFactor,INV,GLOBAL,PWROILCOLXX,,,,2034,,,,,,0.8
AvailabilityFactor,INV,GLOBAL,PWROILCOLXX,,,,2035,,,,,,0.8
AvailabilityFactor,INV,GLOBAL,PWROILCOLXX,,,,2036,,,,,,0.8
AvailabilityFactor,INV,GLOBAL,PWROILCOLXX,,,,2037,,,,,,0.8
AvailabilityFactor,INV,GLOBAL,PWROILCOLXX,,,,2038,,,,,,0.8
AvailabilityFactor,INV,GLOBAL,PWROILCOLXX,,,,2039,,,,,,0.8
AvailabilityFactor,INV,GLOBAL,PWROILCOLXX,,,,2040,,,,,,0.8
AvailabilityFactor,INV,GLOBAL,PWROILCOLXX,,,,2041,,,,,,0.8
AvailabilityFactor,INV,GLOBAL,PWROILCOLXX,,,,2042,,,,,,0.8
AvailabilityFactor,INV,GLOBAL,PWROILCOLXX,,,,2043,,,,,,0.8
AvailabilityFactor,INV,GLOBAL,PWROILCOLXX,,,,2044,,,,,,0.8
AvailabilityFactor,INV,GLOBAL,PWROILCOLXX,,,,2045,,,,,,0.8
AvailabilityFactor,INV,GLOBAL,PWROILCOLXX,,,,2046,,,,,,0.8
AvailabilityFactor,INV,GLOBAL,PWROILCOLXX,,,,2047,,,,,,0.8
AvailabilityFactor,INV,GLOBAL,PWROILCOLXX,,,,2048,,,,,,0.8
AvailabilityFactor,INV,GLOBAL,PWROILCOLXX,,,,2049,,,,,,0.8
AvailabilityFactor,INV,GLOBAL,PWROILCOLXX,,,,2050,,,,,,0.8
AvailabilityFactor,INV,GLOBAL,PWRBIOECUXX,,,,2023,,,,,,0.5
AvailabilityFactor,INV,GLOBAL,PWRBIOECUXX,,,,2024,,,,,,0.5
AvailabilityFactor,INV,GLOBAL,PWRBIOECUXX,,,,2025,,,,,,0.5
AvailabilityFactor,INV,GLOBAL,PWRBIOECUXX,,,,2026,,,,,,0.5
AvailabilityFactor,INV,GLOBAL,PWRBIOECUXX,,,,2027,,,,,,0.5
AvailabilityFactor,INV,GLOBAL,PWRBIOECUXX,,,,2028,,,,,,0.5
AvailabilityFactor,INV,GLOBAL,PWRBIOECUXX,,,,2029,,,,,,0.5
AvailabilityFactor,INV,GLOBAL,PWRBIOECUXX,,,,2030,,,,,,0.5
AvailabilityFactor,INV,GLOBAL,PWRBIOECUXX,,,,2031,,,,,,0.5
AvailabilityFactor,INV,GLOBAL,PWRBIOECUXX,,,,2032,,,,,,0.5
AvailabilityFactor,INV,GLOBAL,PWRBIOECUXX,,,,2033,,,,,,0.5
AvailabilityFactor,INV,GLOBAL,PWRBIOECUXX,,,,2034,,,,,,0.5
AvailabilityFactor,INV,GLOBAL,PWRBIOECUXX,,,,2035,,,,,,0.5
AvailabilityFactor,INV,GLOBAL,PWRBIOECUXX,,,,2036,,,,,,0.5
AvailabilityFactor,INV,GLOBAL,PWRBIOECUXX,,,,2037,,,,,,0.5
AvailabilityFactor,INV,GLOBAL,PWRBIOECUXX,,,,2038,,,,,,0.5
AvailabilityFactor,INV,GLOBAL,PWRBIOECUXX,,,,2039,,,,,,0.5
AvailabilityFactor,INV,GLOBAL,PWRBIOECUXX,,,,2040,,,,,,0.5
AvailabilityFactor,INV,GLOBAL,PWRBIOECUXX,,,,2041,,,,,,0.5
AvailabilityFactor,INV,GLOBAL,PWRBIOECUXX,,,,2042,,,,,,0.5
AvailabilityFactor,INV,GLOBAL,PWRBIOECUXX,,,,2043,,,,,,0.5
AvailabilityFactor,INV,GLOBAL,PWRBIOECUXX,,,,2044,,,,,,0.5
AvailabilityFactor,INV,GLOBAL,PWRBIOECUXX,,,,2045,,,,,,0.5
AvailabilityFactor,INV,GLOBAL,PWRBIOECUXX,,,,2046,,,,,,0.5
AvailabilityFactor,INV,GLOBAL,PWRBIOECUXX,,,,2047,,,,,,0.5
AvailabilityFactor,INV,GLOBAL,PWRBIOECUXX,,,,2048,,,,,,0.5
AvailabilityFactor,INV,GLOBAL,PWRBIOECUXX,,,,2049,,,,,,0.5
AvailabilityFactor,INV,GLOBAL,PWRBIOECUXX,,,,2050,,,,,,0.5
AvailabilityFactor,INV,GLOBAL,PWRHYDHNDXX,,,,2023,,,,,,0.9
AvailabilityFactor,INV,GLOBAL,PWRHYDHNDXX,,,,2024,,,,,,0.9
AvailabilityFactor,INV,GLOBAL,PWRHYDHNDXX,,,,2025,,,,,,0.9
AvailabilityFactor,INV,GLOBAL,PWRHYDHNDXX,,,,2026,,,,,,0.9
AvailabilityFactor,INV,GLOBAL,PWRHYDHNDXX,,,,2027,,,,,,0.9
AvailabilityFactor,INV,GLOBAL,PWRHYDHNDXX,,,,2028,,,,,,0.9
AvailabilityFactor,INV,GLOBAL,PWRHYDHNDXX,,,,2029,,,,,,0.9
AvailabilityFactor,INV,GLOBAL,PWRHYDHNDXX,,,,2030,,,,,,0.9
AvailabilityFactor,INV,GLOBAL,PWRHYDHNDXX,,,,2031,,,,,,0.9
AvailabilityFactor,INV,GLOBAL,PWRHYDHNDXX,,,,2032,,,,,,0.9
AvailabilityFactor,INV,GLOBAL,PWRHYDHNDXX,,,,2033,,,,,,0.9
AvailabilityFactor,INV,GLOBAL,PWRHYDHNDXX,,,,2034,,,,,,0.9
AvailabilityFactor,INV,GLOBAL,PWRHYDHNDXX,,,,2035,,,,,,0.9
AvailabilityFactor,INV,GLOBAL,PWRHYDHNDXX,,,,2036,,,,,,0.9
AvailabilityFactor,INV,GLOBAL,PWRHYDHNDXX,,,,2037,,,,,,0.9
AvailabilityFactor,INV,GLOBAL,PWRHYDHNDXX,,,,2038,,,,,,0.9
AvailabilityFactor,INV,GLOBAL,PWRHYDHNDXX,,,,2039,,,,,,0.9
AvailabilityFactor,INV,GLOBAL,PWRHYDHNDXX,,,,2040,,,,,,0.9
AvailabilityFactor,INV,GLOBAL,PWRHYDHNDXX,,,,2041,,,,,,0.9
AvailabilityFactor,INV,GLOBAL,PWRHYDHNDXX,,,,2042,,,,,,0.9
AvailabilityFactor,INV,GLOBAL,PWRHYDHNDXX,,,,2043,,,,,,0.9
AvailabilityFactor,INV,GLOBAL,PWRHYDHNDXX,,,,2044,,,,,,0.9
AvailabilityFactor,INV,GLOBAL,PWRHYDHNDXX,,,,2045,,,,,,0.9
AvailabilityFactor,INV,GLOBAL,PWRHYDHNDXX,,,,2046,,,,,,0.9
AvailabilityFactor,INV,GLOBAL,PWRHYDHNDXX,,,,2047,,,,,,0.9
AvailabilityFactor,INV,GLOBAL,PWRHYDHNDXX,,,,2048,,,,,,0.9
AvailabilityFactor,INV,GLOBAL,PWRHYDHNDXX,,,,2049,,,,,,0.9
AvailabilityFactor,INV,GLOBAL,PWRHYDHNDXX,,,,2050,,,,,,0.9
AvailabilityFactor,INV,GLOBAL,PWRPETNICXX,,,,2023,,,,,,0.8
AvailabilityFactor,INV,GLOBAL,PWRPETNICXX,,,,2024,,,,,,0.8
AvailabilityFactor,INV,GLOBAL,PWRPETNICXX,,,,2025,,,,,,0.8
AvailabilityFactor,INV,GLOBAL,PWRPETNICXX,,,,2026,,,,,,0.8
AvailabilityFactor,INV,GLOBAL,PWRPETNICXX,,,,2027,,,,,,0.8
AvailabilityFactor,INV,GLOBAL,PWRPETNICXX,,,,2028,,,,,,0.8
AvailabilityFactor,INV,GLOBAL,PWRPETNICXX,,,,2029,,,,,,0.8
AvailabilityFactor,INV,GLOBAL,PWRPETNICXX,,,,2030,,,,,,0.8
AvailabilityFactor,INV,GLOBAL,PWRPETNICXX,,,,2031,,,,,,0.8
AvailabilityFactor,INV,GLOBAL,PWRPETNICXX,,,,2032,,,,,,0.8
AvailabilityFactor,INV,GLOBAL,PWRPETNICXX,,,,2033,,,,,,0.8
AvailabilityFactor,INV,GLOBAL,PWRPETNICXX,,,,2034,,,,,,0.8
AvailabilityFactor,INV,GLOBAL,PWRPETNICXX,,,,2035,,,,,,0.8
AvailabilityFactor,INV,GLOBAL,PWRPETNICXX,,,,2036,,,,,,0.8
AvailabilityFactor,INV,GLOBAL,PWRPETNICXX,,,,2037,,,,,,0.8
AvailabilityFactor,INV,GLOBAL,PWRPETNICXX,,,,2038,,,,,,0.8
AvailabilityFactor,INV,GLOBAL,PWRPETNICXX,,,,2039,,,,,,0.8
AvailabilityFactor,INV,GLOBAL,PWRPETNICXX,,,,2040,,,,,,0.8
AvailabilityFactor,INV,GLOBAL,PWRPETNICXX,,,,2041,,,,,,0.8
AvailabilityFactor,INV,GLOBAL,PWRPETNICXX,,,,2042,,,,,,0.8
AvailabilityFactor,INV,GLOBAL,PWRPETNICXX,,,,2043,,,,,,0.8
AvailabilityFactor,INV,GLOBAL,PWRPETNICXX,,,,2044,,,,,,0.8
AvailabilityFactor,INV,GLOBAL,PWRPETNICXX,,,,2045,,,,,,0.8
AvailabilityFactor,INV,GLOBAL,PWRPETNICXX,,,,2046,,,,,,0.8
AvailabilityFactor,INV,GLOBAL,PWRPETNICXX,,,,2047,,,,,,0.8
AvailabilityFactor,INV,GLOBAL,PWRPETNICXX,,,,2048,,,,,,0.8
AvailabilityFactor,INV,GLOBAL,PWRPETNICXX,,,,2049,,,,,,0.8
AvailabilityFactor,INV,GLOBAL,PWRPETNICXX,,,,2050,,,,,,0.8
AvailabilityFactor,INV,GLOBAL,PWRNGSARGXX,,,,2023,,,,,,0.9
AvailabilityFactor,INV,GLOBAL,PWRNGSARGXX,,,,2024,,,,,,0.9
AvailabilityFactor,INV,GLOBAL,PWRNGSARGXX,,,,2025,,,,,,0.9
AvailabilityFactor,INV,GLOBAL,PWRNGSARGXX,,,,2026,,,,,,0.9
AvailabilityFactor,INV,GLOBAL,PWRNGSARGXX,,,,2027,,,,,,0.9
AvailabilityFactor,INV,GLOBAL,PWRNGSARGXX,,,,2028,,,,,,0.9
AvailabilityFactor,INV,GLOBAL,PWRNGSARGXX,,,,2029,,,,,,0.9
AvailabilityFactor,INV,GLOBAL,PWRNGSARGXX,,,,2030,,,,,,0.9
AvailabilityFactor,INV,GLOBAL,PWRNGSARGXX,,,,2031,,,,,,0.9
AvailabilityFactor,INV,GLOBAL,PWRNGSARGXX,,,,2032,,,,,,0.9
AvailabilityFactor,INV,GLOBAL,PWRNGSARGXX,,,,2033,,,,,,0.9
AvailabilityFactor,INV,GLOBAL,PWRNGSARGXX,,,,2034,,,,,,0.9
AvailabilityFactor,INV,GLOBAL,PWRNGSARGXX,,,,2035,,,,,,0.9
AvailabilityFactor,INV,GLOBAL,PWRNGSARGXX,,,,2036,,,,,,0.9
AvailabilityFactor,INV,GLOBAL,PWRNGSARGXX,,,,2037,,,,,,0.9
AvailabilityFactor,INV,GLOBAL,PWRNGSARGXX,,,,2038,,,,,,0.9
AvailabilityFactor,INV,GLOBAL,PWRNGSARGXX,,,,2039,,,,,,0.9
AvailabilityFactor,INV,GLOBAL,PWRNGSARGXX,,,,2040,,,,,,0.9
AvailabilityFactor,INV,GLOBAL,PWRNGSARGXX,,,,2041,,,,,,0.9
AvailabilityFactor,INV,GLOBAL,PWRNGSARGXX,,,,2042,,,,,,0.9
AvailabilityFactor,INV,GLOBAL,PWRNGSARGXX,,,,2043,,,,,,0.9
AvailabilityFactor,INV,GLOBAL,PWRNGSARGXX,,,,2044,,,,,,0.9
AvailabilityFactor,INV,GLOBAL,PWRNGSARGXX,,,,2045,,,,,,0.9
AvailabilityFactor,INV,GLOBAL,PWRNGSARGXX,,,,2046,,,,,,0.9
AvailabilityFactor,INV,GLOBAL,PWRNGSARGXX,,,,2047,,,,,,0.9
AvailabilityFactor,INV,GLOBAL,PWRNGSARGXX,,,,2048,,,,,,0.9
AvailabilityFactor,INV,GLOBAL,PWRNGSARGXX,,,,2049,,,,,,0.9
AvailabilityFactor,INV,GLOBAL,PWRNGSARGXX,,,,2050,,,,,,0.9
AvailabilityFactor,INV,GLOBAL,PWRBIOURYXX,,,,2023,,,,,,0.5
AvailabilityFactor,INV,GLOBAL,PWRBIOURYXX,,,,2024,,,,,,0.5
AvailabilityFactor,INV,GLOBAL,PWRBIOURYXX,,,,2025,,,,,,0.5
AvailabilityFactor,INV,GLOBAL,PWRBIOURYXX,,,,2026,,,,,,0.5
AvailabilityFactor,INV,GLOBAL,PWRBIOURYXX,,,,2027,,,,,,0.5
AvailabilityFactor,INV,GLOBAL,PWRBIOURYXX,,,,2028,,,,,,0.5
AvailabilityFactor,INV,GLOBAL,PWRBIOURYXX,,,,2029,,,,,,0.5
AvailabilityFactor,INV,GLOBAL,PWRBIOURYXX,,,,2030,,,,,,0.5
AvailabilityFactor,INV,GLOBAL,PWRBIOURYXX,,,,2031,,,,,,0.5
AvailabilityFactor,INV,GLOBAL,PWRBIOURYXX,,,,2032,,,,,,0.5
AvailabilityFactor,INV,GLOBAL,PWRBIOURYXX,,,,2033,,,,,,0.5
AvailabilityFactor,INV,GLOBAL,PWRBIOURYXX,,,,2034,,,,,,0.5
AvailabilityFactor,INV,GLOBAL,PWRBIOURYXX,,,,2035,,,,,,0.5
AvailabilityFactor,INV,GLOBAL,PWRBIOURYXX,,,,2036,,,,,,0.5
AvailabilityFactor,INV,GLOBAL,PWRBIOURYXX,,,,2037,,,,,,0.5
AvailabilityFactor,INV,GLOBAL,PWRBIOURYXX,,,,2038,,,,,,0.5
AvailabilityFactor,INV,GLOBAL,PWRBIOURYXX,,,,2039,,,,,,0.5
AvailabilityFactor,INV,GLOBAL,PWRBIOURYXX,,,,2040,,,,,,0.5
AvailabilityFactor,INV,GLOBAL,PWRBIOURYXX,,,,2041,,,,,,0.5
AvailabilityFactor,INV,GLOBAL,PWRBIOURYXX,,,,2042,,,,,,0.5
AvailabilityFactor,INV,GLOBAL,PWRBIOURYXX,,,,2043,,,,,,0.5
AvailabilityFactor,INV,GLOBAL,PWRBIOURYXX,,,,2044,,,,,,0.5
AvailabilityFactor,INV,GLOBAL,PWRBIOURYXX,,,,2045,,,,,,0.5
AvailabilityFactor,INV,GLOBAL,PWRBIOURYXX,,,,2046,,,,,,0.5
AvailabilityFactor,INV,GLOBAL,PWRBIOURYXX,,,,2047,,,,,,0.5
AvailabilityFactor,INV,GLOBAL,PWRBIOURYXX,,,,2048,,,,,,0.5
AvailabilityFactor,INV,GLOBAL,PWRBIOURYXX,,,,2049,,,,,,0.5
AvailabilityFactor,INV,GLOBAL,PWRBIOURYXX,,,,2050,,,,,,0.5
AvailabilityFactor,INV,GLOBAL,PWROILBRAXX,,,,2023,,,,,,0.8
AvailabilityFactor,INV,GLOBAL,PWROILBRAXX,,,,2024,,,,,,0.8
AvailabilityFactor,INV,GLOBAL,PWROILBRAXX,,,,2025,,,,,,0.8
AvailabilityFactor,INV,GLOBAL,PWROILBRAXX,,,,2026,,,,,,0.8
AvailabilityFactor,INV,GLOBAL,PWROILBRAXX,,,,2027,,,,,,0.8
AvailabilityFactor,INV,GLOBAL,PWROILBRAXX,,,,2028,,,,,,0.8
AvailabilityFactor,INV,GLOBAL,PWROILBRAXX,,,,2029,,,,,,0.8
AvailabilityFactor,INV,GLOBAL,PWROILBRAXX,,,,2030,,,,,,0.8
AvailabilityFactor,INV,GLOBAL,PWROILBRAXX,,,,2031,,,,,,0.8
AvailabilityFactor,INV,GLOBAL,PWROILBRAXX,,,,2032,,,,,,0.8
AvailabilityFactor,INV,GLOBAL,PWROILBRAXX,,,,2033,,,,,,0.8
AvailabilityFactor,INV,GLOBAL,PWROILBRAXX,,,,2034,,,,,,0.8
AvailabilityFactor,INV,GLOBAL,PWROILBRAXX,,,,2035,,,,,,0.8
AvailabilityFactor,INV,GLOBAL,PWROILBRAXX,,,,2036,,,,,,0.8
AvailabilityFactor,INV,GLOBAL,PWROILBRAXX,,,,2037,,,,,,0.8
AvailabilityFactor,INV,GLOBAL,PWROILBRAXX,,,,2038,,,,,,0.8
AvailabilityFactor,INV,GLOBAL,PWROILBRAXX,,,,2039,,,,,,0.8
AvailabilityFactor,INV,GLOBAL,PWROILBRAXX,,,,2040,,,,,,0.8
AvailabilityFactor,INV,GLOBAL,PWROILBRAXX,,,,2041,,,,,,0.8
AvailabilityFactor,INV,GLOBAL,PWROILBRAXX,,,,2042,,,,,,0.8
AvailabilityFactor,INV,GLOBAL,PWROILBRAXX,,,,2043,,,,,,0.8
AvailabilityFactor,INV,GLOBAL,PWROILBRAXX,,,,2044,,,,,,0.8
AvailabilityFactor,INV,GLOBAL,PWROILBRAXX,,,,2045,,,,,,0.8
AvailabilityFactor,INV,GLOBAL,PWROILBRAXX,,,,2046,,,,,,0.8
AvailabilityFactor,INV,GLOBAL,PWROILBRAXX,,,,2047,,,,,,0.8
AvailabilityFactor,INV,GLOBAL,PWROILBRAXX,,,,2048,,,,,,0.8
AvailabilityFactor,INV,GLOBAL,PWROILBRAXX,,,,2049,,,,,,0.8
AvailabilityFactor,INV,GLOBAL,PWROILBRAXX,,,,2050,,,,,,0.8
