# THE SWAPPABLE INPUT of the dispatch-floor pipeline. write_floors.py,
# input_comparison_report and test_outputs.py read floors from THIS FILE
# ONLY. Floors the full fossil fleet (relac_io.nonren_floor_techs), on a
# residual+forced basis, 2027-2050 only (2023-2026 frozen). COMMITTED
# scenarios (OPT,VGB) use a flat plan-grounded/historical CF; PERMISSIVE
# scenarios (BAU,INV) start at the committed plan-grounded/historical CF
# and decline after HOLD_UNTIL=2030 to KEEP_WARM=0.05 by 2050. To change
# a CF: edit PLAN_GROUNDED / CF_BY_FUEL_FALLBACK
# in make_candidates.py and re-run it, then re-run write_floors.py.
Scenario,TECHNOLOGY,country,fuel,YEAR,fleet_GW,forced_GW,residual_GW,contracted_CF,cf_source,cf_quality,floor_PJ,profile,status,commissioning_year
BAU,PWRCOAARGXX,ARG,COA,2027,0.65,0.0,0.65,0.37,plan_grounded,proxy,7.5844,PERMISSIVE,CALIBRATED - pending PI sign-off,
BAU,PWRCOAARGXX,ARG,COA,2028,0.65,0.0,0.65,0.37,plan_grounded,proxy,7.5844,PERMISSIVE,CALIBRATED - pending PI sign-off,
BAU,PWRCOAARGXX,ARG,COA,2029,0.65,0.0,0.65,0.37,plan_grounded,proxy,7.5844,PERMISSIVE,CALIBRATED - pending PI sign-off,
BAU,PWRCOAARGXX,ARG,COA,2030,0.65,0.0,0.65,0.37,plan_grounded,proxy,7.5844,PERMISSIVE,CALIBRATED - pending PI sign-off,
BAU,PWRCOAARGXX,ARG,COA,2031,0.65,0.0,0.65,0.354,plan_grounded,proxy,7.2564,PERMISSIVE,CALIBRATED - pending PI sign-off,
BAU,PWRCOAARGXX,ARG,COA,2032,0.65,0.0,0.65,0.338,plan_grounded,proxy,6.9285,PERMISSIVE,CALIBRATED - pending PI sign-off,
BAU,PWRCOAARGXX,ARG,COA,2033,0.65,0.0,0.65,0.322,plan_grounded,proxy,6.6005,PERMISSIVE,CALIBRATED - pending PI sign-off,
BAU,PWRCOAARGXX,ARG,COA,2034,0.65,0.0,0.65,0.306,plan_grounded,proxy,6.2725,PERMISSIVE,CALIBRATED - pending PI sign-off,
BAU,PWRCOAARGXX,ARG,COA,2035,0.65,0.0,0.65,0.29,plan_grounded,proxy,5.9445,PERMISSIVE,CALIBRATED - pending PI sign-off,
BAU,PWRCOAARGXX,ARG,COA,2036,0.65,0.0,0.65,0.274,plan_grounded,proxy,5.6166,PERMISSIVE,CALIBRATED - pending PI sign-off,
BAU,PWRCOAARGXX,ARG,COA,2037,0.65,0.0,0.65,0.258,plan_grounded,proxy,5.2886,PERMISSIVE,CALIBRATED - pending PI sign-off,
BAU,PWRCOAARGXX,ARG,COA,2038,0.65,0.0,0.65,0.242,plan_grounded,proxy,4.9606,PERMISSIVE,CALIBRATED - pending PI sign-off,
BAU,PWRCOAARGXX,ARG,COA,2039,0.65,0.0,0.65,0.226,plan_grounded,proxy,4.6326,PERMISSIVE,CALIBRATED - pending PI sign-off,
BAU,PWRCOAARGXX,ARG,COA,2040,0.65,0.0,0.65,0.21,plan_grounded,proxy,4.3047,PERMISSIVE,CALIBRATED - pending PI sign-off,
BAU,PWRCOAARGXX,ARG,COA,2041,0.65,0.0,0.65,0.194,plan_grounded,proxy,3.9767,PERMISSIVE,CALIBRATED - pending PI sign-off,
BAU,PWRCOAARGXX,ARG,COA,2042,0.65,0.0,0.65,0.178,plan_grounded,proxy,3.6487,PERMISSIVE,CALIBRATED - pending PI sign-off,
BAU,PWRCOAARGXX,ARG,COA,2043,0.65,0.0,0.65,0.162,plan_grounded,proxy,3.3207,PERMISSIVE,CALIBRATED - pending PI sign-off,
BAU,PWRCOAARGXX,ARG,COA,2044,0.65,0.0,0.65,0.146,plan_grounded,proxy,2.9928,PERMISSIVE,CALIBRATED - pending PI sign-off,
BAU,PWRCOAARGXX,ARG,COA,2045,0.65,0.0,0.65,0.13,plan_grounded,proxy,2.6648,PERMISSIVE,CALIBRATED - pending PI sign-off,
BAU,PWRCOAARGXX,ARG,COA,2046,0.65,0.0,0.65,0.114,plan_grounded,proxy,2.3368,PERMISSIVE,CALIBRATED - pending PI sign-off,
BAU,PWRCOAARGXX,ARG,COA,2047,0.65,0.0,0.65,0.098,plan_grounded,proxy,2.0088,PERMISSIVE,CALIBRATED - pending PI sign-off,
BAU,PWRCOAARGXX,ARG,COA,2048,0.65,0.0,0.65,0.082,plan_grounded,proxy,1.6809,PERMISSIVE,CALIBRATED - pending PI sign-off,
BAU,PWRCOAARGXX,ARG,COA,2049,0.65,0.0,0.65,0.066,plan_grounded,proxy,1.3529,PERMISSIVE,CALIBRATED - pending PI sign-off,
BAU,PWRCOAARGXX,ARG,COA,2050,0.65,0.0,0.65,0.05,plan_grounded,proxy,1.0249,PERMISSIVE,CALIBRATED - pending PI sign-off,
BAU,PWRCOABRAXX,BRA,COA,2027,3.086,0.0,3.086,0.2,plan_grounded,grounded,19.464,PERMISSIVE,CALIBRATED - pending PI sign-off,
BAU,PWRCOABRAXX,BRA,COA,2028,3.086,0.0,3.086,0.2,plan_grounded,grounded,19.464,PERMISSIVE,CALIBRATED - pending PI sign-off,
BAU,PWRCOABRAXX,BRA,COA,2029,3.086,0.0,3.086,0.2,plan_grounded,grounded,19.464,PERMISSIVE,CALIBRATED - pending PI sign-off,
BAU,PWRCOABRAXX,BRA,COA,2030,3.086,0.0,3.086,0.2,plan_grounded,grounded,19.464,PERMISSIVE,CALIBRATED - pending PI sign-off,
BAU,PWRCOABRAXX,BRA,COA,2031,3.086,0.0,3.086,0.1925,plan_grounded,grounded,18.7341,PERMISSIVE,CALIBRATED - pending PI sign-off,
BAU,PWRCOABRAXX,BRA,COA,2032,3.086,0.0,3.086,0.185,plan_grounded,grounded,18.0042,PERMISSIVE,CALIBRATED - pending PI sign-off,
BAU,PWRCOABRAXX,BRA,COA,2033,3.086,0.0,3.086,0.1775,plan_grounded,grounded,17.2743,PERMISSIVE,CALIBRATED - pending PI sign-off,
BAU,PWRCOABRAXX,BRA,COA,2034,3.086,0.0,3.086,0.17,plan_grounded,grounded,16.5444,PERMISSIVE,CALIBRATED - pending PI sign-off,
BAU,PWRCOABRAXX,BRA,COA,2035,3.086,0.0,3.086,0.1625,plan_grounded,grounded,15.8145,PERMISSIVE,CALIBRATED - pending PI sign-off,
BAU,PWRCOABRAXX,BRA,COA,2036,3.086,0.0,3.086,0.155,plan_grounded,grounded,15.0846,PERMISSIVE,CALIBRATED - pending PI sign-off,
BAU,PWRCOABRAXX,BRA,COA,2037,3.086,0.0,3.086,0.1475,plan_grounded,grounded,14.3547,PERMISSIVE,CALIBRATED - pending PI sign-off,
BAU,PWRCOABRAXX,BRA,COA,2038,3.086,0.0,3.086,0.14,plan_grounded,grounded,13.6248,PERMISSIVE,CALIBRATED - pending PI sign-off,
BAU,PWRCOABRAXX,BRA,COA,2039,3.086,0.0,3.086,0.1325,plan_grounded,grounded,12.8949,PERMISSIVE,CALIBRATED - pending PI sign-off,
BAU,PWRCOABRAXX,BRA,COA,2040,3.086,0.0,3.086,0.125,plan_grounded,grounded,12.165,PERMISSIVE,CALIBRATED - pending PI sign-off,
BAU,PWRCOABRAXX,BRA,COA,2041,3.086,0.0,3.086,0.1175,plan_grounded,grounded,11.4351,PERMISSIVE,CALIBRATED - pending PI sign-off,
BAU,PWRCOABRAXX,BRA,COA,2042,3.086,0.0,3.086,0.11,plan_grounded,grounded,10.7052,PERMISSIVE,CALIBRATED - pending PI sign-off,
BAU,PWRCOABRAXX,BRA,COA,2043,3.086,0.0,3.086,0.1025,plan_grounded,grounded,9.9753,PERMISSIVE,CALIBRATED - pending PI sign-off,
BAU,PWRCOABRAXX,BRA,COA,2044,3.086,0.0,3.086,0.095,plan_grounded,grounded,9.2454,PERMISSIVE,CALIBRATED - pending PI sign-off,
BAU,PWRCOABRAXX,BRA,COA,2045,3.086,0.0,3.086,0.0875,plan_grounded,grounded,8.5155,PERMISSIVE,CALIBRATED - pending PI sign-off,
BAU,PWRCOABRAXX,BRA,COA,2046,3.086,0.0,3.086,0.08,plan_grounded,grounded,7.7856,PERMISSIVE,CALIBRATED - pending PI sign-off,
BAU,PWRCOABRAXX,BRA,COA,2047,3.086,0.0,3.086,0.0725,plan_grounded,grounded,7.0557,PERMISSIVE,CALIBRATED - pending PI sign-off,
BAU,PWRCOABRAXX,BRA,COA,2048,3.086,0.0,3.086,0.065,plan_grounded,grounded,6.3258,PERMISSIVE,CALIBRATED - pending PI sign-off,
BAU,PWRCOABRAXX,BRA,COA,2049,3.086,0.0,3.086,0.0575,plan_grounded,grounded,5.5959,PERMISSIVE,CALIBRATED - pending PI sign-off,
BAU,PWRCOABRAXX,BRA,COA,2050,3.086,0.0,3.086,0.05,plan_grounded,grounded,4.866,PERMISSIVE,CALIBRATED - pending PI sign-off,
BAU,PWRCOACHLXX,CHL,COA,2027,3.7953,0.0,3.7953,0.35,plan_grounded,proxy,41.891,PERMISSIVE,CALIBRATED - pending PI sign-off,
BAU,PWRCOACHLXX,CHL,COA,2028,3.7953,0.0,3.7953,0.35,plan_grounded,proxy,41.891,PERMISSIVE,CALIBRATED - pending PI sign-off,
BAU,PWRCOACHLXX,CHL,COA,2029,3.7953,0.0,3.7953,0.35,plan_grounded,proxy,41.891,PERMISSIVE,CALIBRATED - pending PI sign-off,
BAU,PWRCOACHLXX,CHL,COA,2030,3.7953,0.0,3.7953,0.35,plan_grounded,proxy,41.891,PERMISSIVE,CALIBRATED - pending PI sign-off,
BAU,PWRCOACHLXX,CHL,COA,2031,3.7953,0.0,3.7953,0.335,plan_grounded,proxy,40.0957,PERMISSIVE,CALIBRATED - pending PI sign-off,
BAU,PWRCOACHLXX,CHL,COA,2032,3.7953,0.0,3.7953,0.32,plan_grounded,proxy,38.3003,PERMISSIVE,CALIBRATED - pending PI sign-off,
BAU,PWRCOACHLXX,CHL,COA,2033,3.7953,0.0,3.7953,0.305,plan_grounded,proxy,36.505,PERMISSIVE,CALIBRATED - pending PI sign-off,
BAU,PWRCOACHLXX,CHL,COA,2034,3.7953,0.0,3.7953,0.29,plan_grounded,proxy,34.7097,PERMISSIVE,CALIBRATED - pending PI sign-off,
BAU,PWRCOACHLXX,CHL,COA,2035,3.7953,0.0,3.7953,0.275,plan_grounded,proxy,32.9144,PERMISSIVE,CALIBRATED - pending PI sign-off,
BAU,PWRCOACHLXX,CHL,COA,2036,3.7953,0.0,3.7953,0.26,plan_grounded,proxy,31.119,PERMISSIVE,CALIBRATED - pending PI sign-off,
BAU,PWRCOACHLXX,CHL,COA,2037,3.7953,0.0,3.7953,0.245,plan_grounded,proxy,29.3237,PERMISSIVE,CALIBRATED - pending PI sign-off,
BAU,PWRCOACHLXX,CHL,COA,2038,3.7953,0.0,3.7953,0.23,plan_grounded,proxy,27.5284,PERMISSIVE,CALIBRATED - pending PI sign-off,
BAU,PWRCOACHLXX,CHL,COA,2039,3.7953,0.0,3.7953,0.215,plan_grounded,proxy,25.733,PERMISSIVE,CALIBRATED - pending PI sign-off,
BAU,PWRCOACHLXX,CHL,COA,2040,3.7953,0.0,3.7953,0.2,plan_grounded,proxy,23.9377,PERMISSIVE,CALIBRATED - pending PI sign-off,
BAU,PWRCOACHLXX,CHL,COA,2041,3.7953,0.0,3.7953,0.185,plan_grounded,proxy,22.1424,PERMISSIVE,CALIBRATED - pending PI sign-off,
BAU,PWRCOACHLXX,CHL,COA,2042,3.7953,0.0,3.7953,0.17,plan_grounded,proxy,20.3471,PERMISSIVE,CALIBRATED - pending PI sign-off,
BAU,PWRCOACHLXX,CHL,COA,2043,3.7953,0.0,3.7953,0.155,plan_grounded,proxy,18.5517,PERMISSIVE,CALIBRATED - pending PI sign-off,
BAU,PWRCOACHLXX,CHL,COA,2044,3.7953,0.0,3.7953,0.14,plan_grounded,proxy,16.7564,PERMISSIVE,CALIBRATED - pending PI sign-off,
BAU,PWRCOACHLXX,CHL,COA,2045,3.7953,0.0,3.7953,0.125,plan_grounded,proxy,14.9611,PERMISSIVE,CALIBRATED - pending PI sign-off,
BAU,PWRCOACHLXX,CHL,COA,2046,3.7953,0.0,3.7953,0.11,plan_grounded,proxy,13.1657,PERMISSIVE,CALIBRATED - pending PI sign-off,
BAU,PWRCOACHLXX,CHL,COA,2047,3.7953,0.0,3.7953,0.095,plan_grounded,proxy,11.3704,PERMISSIVE,CALIBRATED - pending PI sign-off,
BAU,PWRCOACHLXX,CHL,COA,2048,3.7953,0.0,3.7953,0.08,plan_grounded,proxy,9.5751,PERMISSIVE,CALIBRATED - pending PI sign-off,
BAU,PWRCOACHLXX,CHL,COA,2049,3.7953,0.0,3.7953,0.065,plan_grounded,proxy,7.7798,PERMISSIVE,CALIBRATED - pending PI sign-off,
BAU,PWRCOACHLXX,CHL,COA,2050,3.7953,0.0,3.7953,0.05,plan_grounded,proxy,5.9844,PERMISSIVE,CALIBRATED - pending PI sign-off,
BAU,PWRCOACOLXX,COL,COA,2027,1.6759,0.0,1.6759,0.28,plan_grounded,grounded,14.7983,PERMISSIVE,CALIBRATED - pending PI sign-off,
BAU,PWRCOACOLXX,COL,COA,2028,1.6759,0.0,1.6759,0.28,plan_grounded,grounded,14.7983,PERMISSIVE,CALIBRATED - pending PI sign-off,
BAU,PWRCOACOLXX,COL,COA,2029,1.6759,0.0,1.6759,0.28,plan_grounded,grounded,14.7983,PERMISSIVE,CALIBRATED - pending PI sign-off,
BAU,PWRCOACOLXX,COL,COA,2030,1.6759,0.0,1.6759,0.28,plan_grounded,grounded,14.7983,PERMISSIVE,CALIBRATED - pending PI sign-off,
BAU,PWRCOACOLXX,COL,COA,2031,1.6759,0.0,1.6759,0.2685,plan_grounded,grounded,14.1905,PERMISSIVE,CALIBRATED - pending PI sign-off,
BAU,PWRCOACOLXX,COL,COA,2032,1.6759,0.0,1.6759,0.257,plan_grounded,grounded,13.5828,PERMISSIVE,CALIBRATED - pending PI sign-off,
BAU,PWRCOACOLXX,COL,COA,2033,1.6759,0.0,1.6759,0.2455,plan_grounded,grounded,12.975,PERMISSIVE,CALIBRATED - pending PI sign-off,
BAU,PWRCOACOLXX,COL,COA,2034,1.6759,0.0,1.6759,0.234,plan_grounded,grounded,12.3672,PERMISSIVE,CALIBRATED - pending PI sign-off,
BAU,PWRCOACOLXX,COL,COA,2035,1.6759,0.0,1.6759,0.2225,plan_grounded,grounded,11.7594,PERMISSIVE,CALIBRATED - pending PI sign-off,
BAU,PWRCOACOLXX,COL,COA,2036,1.6759,0.0,1.6759,0.211,plan_grounded,grounded,11.1516,PERMISSIVE,CALIBRATED - pending PI sign-off,
BAU,PWRCOACOLXX,COL,COA,2037,1.6759,0.0,1.6759,0.1995,plan_grounded,grounded,10.5438,PERMISSIVE,CALIBRATED - pending PI sign-off,
BAU,PWRCOACOLXX,COL,COA,2038,1.6759,0.0,1.6759,0.188,plan_grounded,grounded,9.936,PERMISSIVE,CALIBRATED - pending PI sign-off,
BAU,PWRCOACOLXX,COL,COA,2039,1.6759,0.0,1.6759,0.1765,plan_grounded,grounded,9.3282,PERMISSIVE,CALIBRATED - pending PI sign-off,
BAU,PWRCOACOLXX,COL,COA,2040,1.6759,0.0,1.6759,0.165,plan_grounded,grounded,8.7204,PERMISSIVE,CALIBRATED - pending PI sign-off,
BAU,PWRCOACOLXX,COL,COA,2041,1.6759,0.0,1.6759,0.1535,plan_grounded,grounded,8.1127,PERMISSIVE,CALIBRATED - pending PI sign-off,
BAU,PWRCOACOLXX,COL,COA,2042,1.6759,0.0,1.6759,0.142,plan_grounded,grounded,7.5049,PERMISSIVE,CALIBRATED - pending PI sign-off,
BAU,PWRCOACOLXX,COL,COA,2043,1.6759,0.0,1.6759,0.1305,plan_grounded,grounded,6.8971,PERMISSIVE,CALIBRATED - pending PI sign-off,
BAU,PWRCOACOLXX,COL,COA,2044,1.6759,0.0,1.6759,0.119,plan_grounded,grounded,6.2893,PERMISSIVE,CALIBRATED - pending PI sign-off,
BAU,PWRCOACOLXX,COL,COA,2045,1.6759,0.0,1.6759,0.1075,plan_grounded,grounded,5.6815,PERMISSIVE,CALIBRATED - pending PI sign-off,
BAU,PWRCOACOLXX,COL,COA,2046,1.6759,0.0,1.6759,0.096,plan_grounded,grounded,5.0737,PERMISSIVE,CALIBRATED - pending PI sign-off,
BAU,PWRCOACOLXX,COL,COA,2047,1.6759,0.0,1.6759,0.0845,plan_grounded,grounded,4.4659,PERMISSIVE,CALIBRATED - pending PI sign-off,
BAU,PWRCOACOLXX,COL,COA,2048,1.6759,0.0,1.6759,0.073,plan_grounded,grounded,3.8581,PERMISSIVE,CALIBRATED - pending PI sign-off,
BAU,PWRCOACOLXX,COL,COA,2049,1.6759,0.0,1.6759,0.0615,plan_grounded,grounded,3.2503,PERMISSIVE,CALIBRATED - pending PI sign-off,
BAU,PWRCOACOLXX,COL,COA,2050,1.6759,0.0,1.6759,0.05,plan_grounded,grounded,2.6426,PERMISSIVE,CALIBRATED - pending PI sign-off,
BAU,PWRCOADOMXX,DOM,COA,2027,1.064,0.0,1.064,0.7,plan_grounded,grounded,23.488,PERMISSIVE,CALIBRATED - pending PI sign-off,
BAU,PWRCOADOMXX,DOM,COA,2028,1.064,0.0,1.064,0.7,plan_grounded,grounded,23.488,PERMISSIVE,CALIBRATED - pending PI sign-off,
BAU,PWRCOADOMXX,DOM,COA,2029,1.064,0.0,1.064,0.7,plan_grounded,grounded,23.488,PERMISSIVE,CALIBRATED - pending PI sign-off,
BAU,PWRCOADOMXX,DOM,COA,2030,1.064,0.0,1.064,0.7,plan_grounded,grounded,23.488,PERMISSIVE,CALIBRATED - pending PI sign-off,
BAU,PWRCOADOMXX,DOM,COA,2031,1.064,0.0,1.064,0.6675,plan_grounded,grounded,22.3975,PERMISSIVE,CALIBRATED - pending PI sign-off,
BAU,PWRCOADOMXX,DOM,COA,2032,1.064,0.0,1.064,0.635,plan_grounded,grounded,21.307,PERMISSIVE,CALIBRATED - pending PI sign-off,
BAU,PWRCOADOMXX,DOM,COA,2033,1.064,0.0,1.064,0.6025,plan_grounded,grounded,20.2165,PERMISSIVE,CALIBRATED - pending PI sign-off,
BAU,PWRCOADOMXX,DOM,COA,2034,1.064,0.0,1.064,0.57,plan_grounded,grounded,19.126,PERMISSIVE,CALIBRATED - pending PI sign-off,
BAU,PWRCOADOMXX,DOM,COA,2035,1.064,0.0,1.064,0.5375,plan_grounded,grounded,18.0354,PERMISSIVE,CALIBRATED - pending PI sign-off,
BAU,PWRCOADOMXX,DOM,COA,2036,1.064,0.0,1.064,0.505,plan_grounded,grounded,16.9449,PERMISSIVE,CALIBRATED - pending PI sign-off,
BAU,PWRCOADOMXX,DOM,COA,2037,1.064,0.0,1.064,0.4725,plan_grounded,grounded,15.8544,PERMISSIVE,CALIBRATED - pending PI sign-off,
BAU,PWRCOADOMXX,DOM,COA,2038,1.064,0.0,1.064,0.44,plan_grounded,grounded,14.7639,PERMISSIVE,CALIBRATED - pending PI sign-off,
BAU,PWRCOADOMXX,DOM,COA,2039,1.064,0.0,1.064,0.4075,plan_grounded,grounded,13.6734,PERMISSIVE,CALIBRATED - pending PI sign-off,
BAU,PWRCOADOMXX,DOM,COA,2040,1.064,0.0,1.064,0.375,plan_grounded,grounded,12.5829,PERMISSIVE,CALIBRATED - pending PI sign-off,
BAU,PWRCOADOMXX,DOM,COA,2041,1.064,0.0,1.064,0.3425,plan_grounded,grounded,11.4923,PERMISSIVE,CALIBRATED - pending PI sign-off,
BAU,PWRCOADOMXX,DOM,COA,2042,1.064,0.0,1.064,0.31,plan_grounded,grounded,10.4018,PERMISSIVE,CALIBRATED - pending PI sign-off,
BAU,PWRCOADOMXX,DOM,COA,2043,1.064,0.0,1.064,0.2775,plan_grounded,grounded,9.3113,PERMISSIVE,CALIBRATED - pending PI sign-off,
BAU,PWRCOADOMXX,DOM,COA,2044,1.064,0.0,1.064,0.245,plan_grounded,grounded,8.2208,PERMISSIVE,CALIBRATED - pending PI sign-off,
BAU,PWRCOADOMXX,DOM,COA,2045,1.064,0.0,1.064,0.2125,plan_grounded,grounded,7.1303,PERMISSIVE,CALIBRATED - pending PI sign-off,
BAU,PWRCOADOMXX,DOM,COA,2046,1.064,0.0,1.064,0.18,plan_grounded,grounded,6.0398,PERMISSIVE,CALIBRATED - pending PI sign-off,
BAU,PWRCOADOMXX,DOM,COA,2047,1.064,0.0,1.064,0.1475,plan_grounded,grounded,4.9493,PERMISSIVE,CALIBRATED - pending PI sign-off,
BAU,PWRCOADOMXX,DOM,COA,2048,1.064,0.0,1.064,0.115,plan_grounded,grounded,3.8587,PERMISSIVE,CALIBRATED - pending PI sign-off,
BAU,PWRCOADOMXX,DOM,COA,2049,1.064,0.0,1.064,0.0825,plan_grounded,grounded,2.7682,PERMISSIVE,CALIBRATED - pending PI sign-off,
BAU,PWRCOADOMXX,DOM,COA,2050,1.064,0.0,1.064,0.05,plan_grounded,grounded,1.6777,PERMISSIVE,CALIBRATED - pending PI sign-off,
BAU,PWRCOAGTMXX,GTM,COA,2027,0.5282,0.0,0.5282,0.5,plan_grounded,grounded,8.3287,PERMISSIVE,CALIBRATED - pending PI sign-off,
BAU,PWRCOAGTMXX,GTM,COA,2028,0.5282,0.0,0.5282,0.5,plan_grounded,grounded,8.3287,PERMISSIVE,CALIBRATED - pending PI sign-off,
BAU,PWRCOAGTMXX,GTM,COA,2029,0.5282,0.0,0.5282,0.5,plan_grounded,grounded,8.3287,PERMISSIVE,CALIBRATED - pending PI sign-off,
BAU,PWRCOAGTMXX,GTM,COA,2030,0.5282,0.0,0.5282,0.5,plan_grounded,grounded,8.3287,PERMISSIVE,CALIBRATED - pending PI sign-off,
BAU,PWRCOAGTMXX,GTM,COA,2031,0.5282,0.0,0.5282,0.4775,plan_grounded,grounded,7.9539,PERMISSIVE,CALIBRATED - pending PI sign-off,
BAU,PWRCOAGTMXX,GTM,COA,2032,0.5282,0.0,0.5282,0.455,plan_grounded,grounded,7.5791,PERMISSIVE,CALIBRATED - pending PI sign-off,
BAU,PWRCOAGTMXX,GTM,COA,2033,0.5282,0.0,0.5282,0.4325,plan_grounded,grounded,7.2043,PERMISSIVE,CALIBRATED - pending PI sign-off,
BAU,PWRCOAGTMXX,GTM,COA,2034,0.5282,0.0,0.5282,0.41,plan_grounded,grounded,6.8295,PERMISSIVE,CALIBRATED - pending PI sign-off,
BAU,PWRCOAGTMXX,GTM,COA,2035,0.5282,0.0,0.5282,0.3875,plan_grounded,grounded,6.4547,PERMISSIVE,CALIBRATED - pending PI sign-off,
BAU,PWRCOAGTMXX,GTM,COA,2036,0.5282,0.0,0.5282,0.365,plan_grounded,grounded,6.0799,PERMISSIVE,CALIBRATED - pending PI sign-off,
BAU,PWRCOAGTMXX,GTM,COA,2037,0.5282,0.0,0.5282,0.3425,plan_grounded,grounded,5.7051,PERMISSIVE,CALIBRATED - pending PI sign-off,
BAU,PWRCOAGTMXX,GTM,COA,2038,0.5282,0.0,0.5282,0.32,plan_grounded,grounded,5.3303,PERMISSIVE,CALIBRATED - pending PI sign-off,
BAU,PWRCOAGTMXX,GTM,COA,2039,0.5282,0.0,0.5282,0.2975,plan_grounded,grounded,4.9556,PERMISSIVE,CALIBRATED - pending PI sign-off,
BAU,PWRCOAGTMXX,GTM,COA,2040,0.5282,0.0,0.5282,0.275,plan_grounded,grounded,4.5808,PERMISSIVE,CALIBRATED - pending PI sign-off,
BAU,PWRCOAGTMXX,GTM,COA,2041,0.5282,0.0,0.5282,0.2525,plan_grounded,grounded,4.206,PERMISSIVE,CALIBRATED - pending PI sign-off,
BAU,PWRCOAGTMXX,GTM,COA,2042,0.5282,0.0,0.5282,0.23,plan_grounded,grounded,3.8312,PERMISSIVE,CALIBRATED - pending PI sign-off,
BAU,PWRCOAGTMXX,GTM,COA,2043,0.5282,0.0,0.5282,0.2075,plan_grounded,grounded,3.4564,PERMISSIVE,CALIBRATED - pending PI sign-off,
BAU,PWRCOAGTMXX,GTM,COA,2044,0.5282,0.0,0.5282,0.185,plan_grounded,grounded,3.0816,PERMISSIVE,CALIBRATED - pending PI sign-off,
BAU,PWRCOAGTMXX,GTM,COA,2045,0.5282,0.0,0.5282,0.1625,plan_grounded,grounded,2.7068,PERMISSIVE,CALIBRATED - pending PI sign-off,
BAU,PWRCOAGTMXX,GTM,COA,2046,0.5282,0.0,0.5282,0.14,plan_grounded,grounded,2.332,PERMISSIVE,CALIBRATED - pending PI sign-off,
BAU,PWRCOAGTMXX,GTM,COA,2047,0.5282,0.0,0.5282,0.1175,plan_grounded,grounded,1.9572,PERMISSIVE,CALIBRATED - pending PI sign-off,
BAU,PWRCOAGTMXX,GTM,COA,2048,0.5282,0.0,0.5282,0.095,plan_grounded,grounded,1.5824,PERMISSIVE,CALIBRATED - pending PI sign-off,
BAU,PWRCOAGTMXX,GTM,COA,2049,0.5282,0.0,0.5282,0.0725,plan_grounded,grounded,1.2077,PERMISSIVE,CALIBRATED - pending PI sign-off,
BAU,PWRCOAGTMXX,GTM,COA,2050,0.5282,0.0,0.5282,0.05,plan_grounded,grounded,0.8329,PERMISSIVE,CALIBRATED - pending PI sign-off,
BAU,PWRCOAMEXXX,MEX,COA,2027,5.463,0.0,5.463,0.3061,historical_implied,historical,52.7313,PERMISSIVE,CALIBRATED - pending PI sign-off,
BAU,PWRCOAMEXXX,MEX,COA,2028,5.463,0.0,5.463,0.3061,historical_implied,historical,52.7313,PERMISSIVE,CALIBRATED - pending PI sign-off,
BAU,PWRCOAMEXXX,MEX,COA,2029,5.463,0.0,5.463,0.3061,historical_implied,historical,52.7313,PERMISSIVE,CALIBRATED - pending PI sign-off,
BAU,PWRCOAMEXXX,MEX,COA,2030,5.463,0.0,5.463,0.3061,historical_implied,historical,52.7313,PERMISSIVE,CALIBRATED - pending PI sign-off,
BAU,PWRCOAMEXXX,MEX,COA,2031,5.463,0.0,5.463,0.2933,historical_implied,historical,50.5254,PERMISSIVE,CALIBRATED - pending PI sign-off,
BAU,PWRCOAMEXXX,MEX,COA,2032,5.463,0.0,5.463,0.2805,historical_implied,historical,48.3196,PERMISSIVE,CALIBRATED - pending PI sign-off,
BAU,PWRCOAMEXXX,MEX,COA,2033,5.463,0.0,5.463,0.2677,historical_implied,historical,46.1137,PERMISSIVE,CALIBRATED - pending PI sign-off,
BAU,PWRCOAMEXXX,MEX,COA,2034,5.463,0.0,5.463,0.2549,historical_implied,historical,43.9079,PERMISSIVE,CALIBRATED - pending PI sign-off,
BAU,PWRCOAMEXXX,MEX,COA,2035,5.463,0.0,5.463,0.2421,historical_implied,historical,41.702,PERMISSIVE,CALIBRATED - pending PI sign-off,
BAU,PWRCOAMEXXX,MEX,COA,2036,5.463,0.0,5.463,0.2293,historical_implied,historical,39.4961,PERMISSIVE,CALIBRATED - pending PI sign-off,
BAU,PWRCOAMEXXX,MEX,COA,2037,5.463,0.0,5.463,0.2165,historical_implied,historical,37.2903,PERMISSIVE,CALIBRATED - pending PI sign-off,
BAU,PWRCOAMEXXX,MEX,COA,2038,5.463,0.0,5.463,0.2036,historical_implied,historical,35.0844,PERMISSIVE,CALIBRATED - pending PI sign-off,
BAU,PWRCOAMEXXX,MEX,COA,2039,5.463,0.0,5.463,0.1908,historical_implied,historical,32.8785,PERMISSIVE,CALIBRATED - pending PI sign-off,
BAU,PWRCOAMEXXX,MEX,COA,2040,5.463,0.0,5.463,0.178,historical_implied,historical,30.6727,PERMISSIVE,CALIBRATED - pending PI sign-off,
BAU,PWRCOAMEXXX,MEX,COA,2041,5.463,0.0,5.463,0.1652,historical_implied,historical,28.4668,PERMISSIVE,CALIBRATED - pending PI sign-off,
BAU,PWRCOAMEXXX,MEX,COA,2042,5.463,0.0,5.463,0.1524,historical_implied,historical,26.261,PERMISSIVE,CALIBRATED - pending PI sign-off,
BAU,PWRCOAMEXXX,MEX,COA,2043,5.463,0.0,5.463,0.1396,historical_implied,historical,24.0551,PERMISSIVE,CALIBRATED - pending PI sign-off,
BAU,PWRCOAMEXXX,MEX,COA,2044,5.463,0.0,5.463,0.1268,historical_implied,historical,21.8492,PERMISSIVE,CALIBRATED - pending PI sign-off,
BAU,PWRCOAMEXXX,MEX,COA,2045,5.463,0.0,5.463,0.114,historical_implied,historical,19.6434,PERMISSIVE,CALIBRATED - pending PI sign-off,
BAU,PWRCOAMEXXX,MEX,COA,2046,5.463,0.0,5.463,0.1012,historical_implied,historical,17.4375,PERMISSIVE,CALIBRATED - pending PI sign-off,
BAU,PWRCOAMEXXX,MEX,COA,2047,5.463,0.0,5.463,0.0884,historical_implied,historical,15.2316,PERMISSIVE,CALIBRATED - pending PI sign-off,
BAU,PWRCOAMEXXX,MEX,COA,2048,5.463,0.0,5.463,0.0756,historical_implied,historical,13.0258,PERMISSIVE,CALIBRATED - pending PI sign-off,
BAU,PWRCOAMEXXX,MEX,COA,2049,5.463,0.0,5.463,0.0628,historical_implied,historical,10.8199,PERMISSIVE,CALIBRATED - pending PI sign-off,
BAU,PWRCOAMEXXX,MEX,COA,2050,5.463,0.0,5.463,0.05,historical_implied,historical,8.6141,PERMISSIVE,CALIBRATED - pending PI sign-off,
BAU,PWRCOAPANXX,PAN,COA,2027,0.3,0.0,0.3,0.01,plan_grounded,grounded,0.0946,PERMISSIVE,CALIBRATED - pending PI sign-off,
BAU,PWRCOAPANXX,PAN,COA,2028,0.3,0.0,0.3,0.01,plan_grounded,grounded,0.0946,PERMISSIVE,CALIBRATED - pending PI sign-off,
BAU,PWRCOAPANXX,PAN,COA,2029,0.3,0.0,0.3,0.01,plan_grounded,grounded,0.0946,PERMISSIVE,CALIBRATED - pending PI sign-off,
BAU,PWRCOAPANXX,PAN,COA,2030,0.3,0.0,0.3,0.01,plan_grounded,grounded,0.0946,PERMISSIVE,CALIBRATED - pending PI sign-off,
BAU,PWRCOAPANXX,PAN,COA,2031,0.3,0.0,0.3,0.01,plan_grounded,grounded,0.0946,PERMISSIVE,CALIBRATED - pending PI sign-off,
BAU,PWRCOAPANXX,PAN,COA,2032,0.3,0.0,0.3,0.01,plan_grounded,grounded,0.0946,PERMISSIVE,CALIBRATED - pending PI sign-off,
BAU,PWRCOAPANXX,PAN,COA,2033,0.3,0.0,0.3,0.01,plan_grounded,grounded,0.0946,PERMISSIVE,CALIBRATED - pending PI sign-off,
BAU,PWRCOAPANXX,PAN,COA,2034,0.3,0.0,0.3,0.01,plan_grounded,grounded,0.0946,PERMISSIVE,CALIBRATED - pending PI sign-off,
BAU,PWRCOAPANXX,PAN,COA,2035,0.3,0.0,0.3,0.01,plan_grounded,grounded,0.0946,PERMISSIVE,CALIBRATED - pending PI sign-off,
BAU,PWRCOAPANXX,PAN,COA,2036,0.3,0.0,0.3,0.01,plan_grounded,grounded,0.0946,PERMISSIVE,CALIBRATED - pending PI sign-off,
BAU,PWRCOAPANXX,PAN,COA,2037,0.3,0.0,0.3,0.01,plan_grounded,grounded,0.0946,PERMISSIVE,CALIBRATED - pending PI sign-off,
BAU,PWRCOAPANXX,PAN,COA,2038,0.3,0.0,0.3,0.01,plan_grounded,grounded,0.0946,PERMISSIVE,CALIBRATED - pending PI sign-off,
BAU,PWRCOAPANXX,PAN,COA,2039,0.3,0.0,0.3,0.01,plan_grounded,grounded,0.0946,PERMISSIVE,CALIBRATED - pending PI sign-off,
BAU,PWRCOAPANXX,PAN,COA,2040,0.3,0.0,0.3,0.01,plan_grounded,grounded,0.0946,PERMISSIVE,CALIBRATED - pending PI sign-off,
BAU,PWRCOAPANXX,PAN,COA,2041,0.3,0.0,0.3,0.01,plan_grounded,grounded,0.0946,PERMISSIVE,CALIBRATED - pending PI sign-off,
BAU,PWRCOAPANXX,PAN,COA,2042,0.3,0.0,0.3,0.01,plan_grounded,grounded,0.0946,PERMISSIVE,CALIBRATED - pending PI sign-off,
BAU,PWRCOAPANXX,PAN,COA,2043,0.3,0.0,0.3,0.01,plan_grounded,grounded,0.0946,PERMISSIVE,CALIBRATED - pending PI sign-off,
BAU,PWRCOAPANXX,PAN,COA,2044,0.3,0.0,0.3,0.01,plan_grounded,grounded,0.0946,PERMISSIVE,CALIBRATED - pending PI sign-off,
BAU,PWRCOAPANXX,PAN,COA,2045,0.3,0.0,0.3,0.01,plan_grounded,grounded,0.0946,PERMISSIVE,CALIBRATED - pending PI sign-off,
BAU,PWRCOAPANXX,PAN,COA,2046,0.3,0.0,0.3,0.01,plan_grounded,grounded,0.0946,PERMISSIVE,CALIBRATED - pending PI sign-off,
BAU,PWRCOAPANXX,PAN,COA,2047,0.3,0.0,0.3,0.01,plan_grounded,grounded,0.0946,PERMISSIVE,CALIBRATED - pending PI sign-off,
BAU,PWRCOAPANXX,PAN,COA,2048,0.3,0.0,0.3,0.01,plan_grounded,grounded,0.0946,PERMISSIVE,CALIBRATED - pending PI sign-off,
BAU,PWRCOAPANXX,PAN,COA,2049,0.3,0.0,0.3,0.01,plan_grounded,grounded,0.0946,PERMISSIVE,CALIBRATED - pending PI sign-off,
BAU,PWRCOAPANXX,PAN,COA,2050,0.3,0.0,0.3,0.01,plan_grounded,grounded,0.0946,PERMISSIVE,CALIBRATED - pending PI sign-off,
BAU,PWRCOAPERXX,PER,COA,2027,0.015,0.0,0.015,0.1733,historical_implied,historical,0.082,PERMISSIVE,CALIBRATED - pending PI sign-off,
BAU,PWRCOAPERXX,PER,COA,2028,0.015,0.0,0.015,0.1733,historical_implied,historical,0.082,PERMISSIVE,CALIBRATED - pending PI sign-off,
BAU,PWRCOAPERXX,PER,COA,2029,0.015,0.0,0.015,0.1733,historical_implied,historical,0.082,PERMISSIVE,CALIBRATED - pending PI sign-off,
BAU,PWRCOAPERXX,PER,COA,2030,0.015,0.0,0.015,0.1733,historical_implied,historical,0.082,PERMISSIVE,CALIBRATED - pending PI sign-off,
BAU,PWRCOAPERXX,PER,COA,2031,0.015,0.0,0.015,0.1672,historical_implied,historical,0.0791,PERMISSIVE,CALIBRATED - pending PI sign-off,
BAU,PWRCOAPERXX,PER,COA,2032,0.015,0.0,0.015,0.161,historical_implied,historical,0.0762,PERMISSIVE,CALIBRATED - pending PI sign-off,
BAU,PWRCOAPERXX,PER,COA,2033,0.015,0.0,0.015,0.1548,historical_implied,historical,0.0732,PERMISSIVE,CALIBRATED - pending PI sign-off,
BAU,PWRCOAPERXX,PER,COA,2034,0.015,0.0,0.015,0.1487,historical_implied,historical,0.0703,PERMISSIVE,CALIBRATED - pending PI sign-off,
BAU,PWRCOAPERXX,PER,COA,2035,0.015,0.0,0.015,0.1425,historical_implied,historical,0.0674,PERMISSIVE,CALIBRATED - pending PI sign-off,
BAU,PWRCOAPERXX,PER,COA,2036,0.015,0.0,0.015,0.1363,historical_implied,historical,0.0645,PERMISSIVE,CALIBRATED - pending PI sign-off,
BAU,PWRCOAPERXX,PER,COA,2037,0.015,0.0,0.015,0.1302,historical_implied,historical,0.0616,PERMISSIVE,CALIBRATED - pending PI sign-off,
BAU,PWRCOAPERXX,PER,COA,2038,0.015,0.0,0.015,0.124,historical_implied,historical,0.0587,PERMISSIVE,CALIBRATED - pending PI sign-off,
BAU,PWRCOAPERXX,PER,COA,2039,0.015,0.0,0.015,0.1178,historical_implied,historical,0.0557,PERMISSIVE,CALIBRATED - pending PI sign-off,
BAU,PWRCOAPERXX,PER,COA,2040,0.015,0.0,0.015,0.1117,historical_implied,historical,0.0528,PERMISSIVE,CALIBRATED - pending PI sign-off,
BAU,PWRCOAPERXX,PER,COA,2041,0.015,0.0,0.015,0.1055,historical_implied,historical,0.0499,PERMISSIVE,CALIBRATED - pending PI sign-off,
BAU,PWRCOAPERXX,PER,COA,2042,0.015,0.0,0.015,0.0993,historical_implied,historical,0.047,PERMISSIVE,CALIBRATED - pending PI sign-off,
BAU,PWRCOAPERXX,PER,COA,2043,0.015,0.0,0.015,0.0932,historical_implied,historical,0.0441,PERMISSIVE,CALIBRATED - pending PI sign-off,
BAU,PWRCOAPERXX,PER,COA,2044,0.015,0.0,0.015,0.087,historical_implied,historical,0.0412,PERMISSIVE,CALIBRATED - pending PI sign-off,
BAU,PWRCOAPERXX,PER,COA,2045,0.015,0.0,0.015,0.0808,historical_implied,historical,0.0382,PERMISSIVE,CALIBRATED - pending PI sign-off,
BAU,PWRCOAPERXX,PER,COA,2046,0.015,0.0,0.015,0.0747,historical_implied,historical,0.0353,PERMISSIVE,CALIBRATED - pending PI sign-off,
BAU,PWRCOAPERXX,PER,COA,2047,0.015,0.0,0.015,0.0685,historical_implied,historical,0.0324,PERMISSIVE,CALIBRATED - pending PI sign-off,
BAU,PWRCOAPERXX,PER,COA,2048,0.015,0.0,0.015,0.0623,historical_implied,historical,0.0295,PERMISSIVE,CALIBRATED - pending PI sign-off,
BAU,PWRCOAPERXX,PER,COA,2049,0.015,0.0,0.015,0.0562,historical_implied,historical,0.0266,PERMISSIVE,CALIBRATED - pending PI sign-off,
BAU,PWRCOAPERXX,PER,COA,2050,0.015,0.0,0.015,0.05,historical_implied,historical,0.0237,PERMISSIVE,CALIBRATED - pending PI sign-off,
BAU,PWRNGSARGXX,ARG,NGS,2027,19.526,0.0,19.526,0.37,plan_grounded,grounded,227.8356,PERMISSIVE,CALIBRATED - pending PI sign-off,
BAU,PWRNGSARGXX,ARG,NGS,2028,19.526,0.0,19.526,0.37,plan_grounded,grounded,227.8356,PERMISSIVE,CALIBRATED - pending PI sign-off,
BAU,PWRNGSARGXX,ARG,NGS,2029,19.526,0.0,19.526,0.37,plan_grounded,grounded,227.8356,PERMISSIVE,CALIBRATED - pending PI sign-off,
BAU,PWRNGSARGXX,ARG,NGS,2030,19.526,0.0,19.526,0.37,plan_grounded,grounded,227.8356,PERMISSIVE,CALIBRATED - pending PI sign-off,
BAU,PWRNGSARGXX,ARG,NGS,2031,19.526,0.0,19.526,0.354,plan_grounded,grounded,217.9833,PERMISSIVE,CALIBRATED - pending PI sign-off,
BAU,PWRNGSARGXX,ARG,NGS,2032,19.526,0.0,19.526,0.338,plan_grounded,grounded,208.1309,PERMISSIVE,CALIBRATED - pending PI sign-off,
BAU,PWRNGSARGXX,ARG,NGS,2033,19.526,0.0,19.526,0.322,plan_grounded,grounded,198.2786,PERMISSIVE,CALIBRATED - pending PI sign-off,
BAU,PWRNGSARGXX,ARG,NGS,2034,19.526,0.0,19.526,0.306,plan_grounded,grounded,188.4262,PERMISSIVE,CALIBRATED - pending PI sign-off,
BAU,PWRNGSARGXX,ARG,NGS,2035,19.526,0.0,19.526,0.29,plan_grounded,grounded,178.5739,PERMISSIVE,CALIBRATED - pending PI sign-off,
BAU,PWRNGSARGXX,ARG,NGS,2036,19.526,0.0,19.526,0.274,plan_grounded,grounded,168.7215,PERMISSIVE,CALIBRATED - pending PI sign-off,
BAU,PWRNGSARGXX,ARG,NGS,2037,19.526,0.0,19.526,0.258,plan_grounded,grounded,158.8692,PERMISSIVE,CALIBRATED - pending PI sign-off,
BAU,PWRNGSARGXX,ARG,NGS,2038,19.526,0.0,19.526,0.242,plan_grounded,grounded,149.0168,PERMISSIVE,CALIBRATED - pending PI sign-off,
BAU,PWRNGSARGXX,ARG,NGS,2039,19.526,0.0,19.526,0.226,plan_grounded,grounded,139.1645,PERMISSIVE,CALIBRATED - pending PI sign-off,
BAU,PWRNGSARGXX,ARG,NGS,2040,19.526,0.0,19.526,0.21,plan_grounded,grounded,129.3121,PERMISSIVE,CALIBRATED - pending PI sign-off,
BAU,PWRNGSARGXX,ARG,NGS,2041,19.526,0.0,19.526,0.194,plan_grounded,grounded,119.4598,PERMISSIVE,CALIBRATED - pending PI sign-off,
BAU,PWRNGSARGXX,ARG,NGS,2042,19.526,0.0,19.526,0.178,plan_grounded,grounded,109.6074,PERMISSIVE,CALIBRATED - pending PI sign-off,
BAU,PWRNGSARGXX,ARG,NGS,2043,19.526,0.0,19.526,0.162,plan_grounded,grounded,99.7551,PERMISSIVE,CALIBRATED - pending PI sign-off,
BAU,PWRNGSARGXX,ARG,NGS,2044,19.526,0.0,19.526,0.146,plan_grounded,grounded,89.9027,PERMISSIVE,CALIBRATED - pending PI sign-off,
BAU,PWRNGSARGXX,ARG,NGS,2045,19.526,0.0,19.526,0.13,plan_grounded,grounded,80.0504,PERMISSIVE,CALIBRATED - pending PI sign-off,
BAU,PWRNGSARGXX,ARG,NGS,2046,19.526,0.0,19.526,0.114,plan_grounded,grounded,70.198,PERMISSIVE,CALIBRATED - pending PI sign-off,
BAU,PWRNGSARGXX,ARG,NGS,2047,19.526,0.0,19.526,0.098,plan_grounded,grounded,60.3456,PERMISSIVE,CALIBRATED - pending PI sign-off,
BAU,PWRNGSARGXX,ARG,NGS,2048,19.526,0.0,19.526,0.082,plan_grounded,grounded,50.4933,PERMISSIVE,CALIBRATED - pending PI sign-off,
BAU,PWRNGSARGXX,ARG,NGS,2049,19.526,0.0,19.526,0.066,plan_grounded,grounded,40.6409,PERMISSIVE,CALIBRATED - pending PI sign-off,
BAU,PWRNGSARGXX,ARG,NGS,2050,19.526,0.0,19.526,0.05,plan_grounded,grounded,30.7886,PERMISSIVE,CALIBRATED - pending PI sign-off,
BAU,PWRNGSBOLXX,BOL,NGS,2027,2.7192,0.0,2.7192,0.36,plan_grounded,grounded,30.871,PERMISSIVE,CALIBRATED - pending PI sign-off,
BAU,PWRNGSBOLXX,BOL,NGS,2028,2.7192,0.0,2.7192,0.36,plan_grounded,grounded,30.871,PERMISSIVE,CALIBRATED - pending PI sign-off,
BAU,PWRNGSBOLXX,BOL,NGS,2029,2.7192,0.0,2.7192,0.36,plan_grounded,grounded,30.871,PERMISSIVE,CALIBRATED - pending PI sign-off,
BAU,PWRNGSBOLXX,BOL,NGS,2030,2.7192,0.0,2.7192,0.36,plan_grounded,grounded,30.871,PERMISSIVE,CALIBRATED - pending PI sign-off,
BAU,PWRNGSBOLXX,BOL,NGS,2031,2.7192,0.0,2.7192,0.3445,plan_grounded,grounded,29.5418,PERMISSIVE,CALIBRATED - pending PI sign-off,
BAU,PWRNGSBOLXX,BOL,NGS,2032,2.7192,0.0,2.7192,0.329,plan_grounded,grounded,28.2126,PERMISSIVE,CALIBRATED - pending PI sign-off,
BAU,PWRNGSBOLXX,BOL,NGS,2033,2.7192,0.0,2.7192,0.3135,plan_grounded,grounded,26.8835,PERMISSIVE,CALIBRATED - pending PI sign-off,
BAU,PWRNGSBOLXX,BOL,NGS,2034,2.7192,0.0,2.7192,0.298,plan_grounded,grounded,25.5543,PERMISSIVE,CALIBRATED - pending PI sign-off,
BAU,PWRNGSBOLXX,BOL,NGS,2035,2.7192,0.0,2.7192,0.2825,plan_grounded,grounded,24.2251,PERMISSIVE,CALIBRATED - pending PI sign-off,
BAU,PWRNGSBOLXX,BOL,NGS,2036,2.7192,0.0,2.7192,0.267,plan_grounded,grounded,22.896,PERMISSIVE,CALIBRATED - pending PI sign-off,
BAU,PWRNGSBOLXX,BOL,NGS,2037,2.7192,0.0,2.7192,0.2515,plan_grounded,grounded,21.5668,PERMISSIVE,CALIBRATED - pending PI sign-off,
BAU,PWRNGSBOLXX,BOL,NGS,2038,2.7192,0.0,2.7192,0.236,plan_grounded,grounded,20.2376,PERMISSIVE,CALIBRATED - pending PI sign-off,
BAU,PWRNGSBOLXX,BOL,NGS,2039,2.7192,0.0,2.7192,0.2205,plan_grounded,grounded,18.9085,PERMISSIVE,CALIBRATED - pending PI sign-off,
BAU,PWRNGSBOLXX,BOL,NGS,2040,2.7192,0.0,2.7192,0.205,plan_grounded,grounded,17.5793,PERMISSIVE,CALIBRATED - pending PI sign-off,
BAU,PWRNGSBOLXX,BOL,NGS,2041,2.7192,0.0,2.7192,0.1895,plan_grounded,grounded,16.2501,PERMISSIVE,CALIBRATED - pending PI sign-off,
BAU,PWRNGSBOLXX,BOL,NGS,2042,2.7192,0.0,2.7192,0.174,plan_grounded,grounded,14.921,PERMISSIVE,CALIBRATED - pending PI sign-off,
BAU,PWRNGSBOLXX,BOL,NGS,2043,2.7192,0.0,2.7192,0.1585,plan_grounded,grounded,13.5918,PERMISSIVE,CALIBRATED - pending PI sign-off,
BAU,PWRNGSBOLXX,BOL,NGS,2044,2.7192,0.0,2.7192,0.143,plan_grounded,grounded,12.2626,PERMISSIVE,CALIBRATED - pending PI sign-off,
BAU,PWRNGSBOLXX,BOL,NGS,2045,2.7192,0.0,2.7192,0.1275,plan_grounded,grounded,10.9335,PERMISSIVE,CALIBRATED - pending PI sign-off,
BAU,PWRNGSBOLXX,BOL,NGS,2046,2.7192,0.0,2.7192,0.112,plan_grounded,grounded,9.6043,PERMISSIVE,CALIBRATED - pending PI sign-off,
BAU,PWRNGSBOLXX,BOL,NGS,2047,2.7192,0.0,2.7192,0.0965,plan_grounded,grounded,8.2751,PERMISSIVE,CALIBRATED - pending PI sign-off,
BAU,PWRNGSBOLXX,BOL,NGS,2048,2.7192,0.0,2.7192,0.081,plan_grounded,grounded,6.946,PERMISSIVE,CALIBRATED - pending PI sign-off,
BAU,PWRNGSBOLXX,BOL,NGS,2049,2.7192,0.0,2.7192,0.0655,plan_grounded,grounded,5.6168,PERMISSIVE,CALIBRATED - pending PI sign-off,
BAU,PWRNGSBOLXX,BOL,NGS,2050,2.7192,0.0,2.7192,0.05,plan_grounded,grounded,4.2876,PERMISSIVE,CALIBRATED - pending PI sign-off,
BAU,PWRNGSBRAXX,BRA,NGS,2027,18.865,0.605,18.26,0.12,plan_grounded,grounded,71.3912,PERMISSIVE,CALIBRATED - pending PI sign-off,2025.0
BAU,PWRNGSBRAXX,BRA,NGS,2028,18.865,0.605,18.26,0.12,plan_grounded,grounded,71.3912,PERMISSIVE,CALIBRATED - pending PI sign-off,2025.0
BAU,PWRNGSBRAXX,BRA,NGS,2029,18.865,0.605,18.26,0.12,plan_grounded,grounded,71.3912,PERMISSIVE,CALIBRATED - pending PI sign-off,2025.0
BAU,PWRNGSBRAXX,BRA,NGS,2030,18.865,0.605,18.26,0.12,plan_grounded,grounded,71.3912,PERMISSIVE,CALIBRATED - pending PI sign-off,2025.0
BAU,PWRNGSBRAXX,BRA,NGS,2031,18.865,0.605,18.26,0.1165,plan_grounded,grounded,69.309,PERMISSIVE,CALIBRATED - pending PI sign-off,2025.0
BAU,PWRNGSBRAXX,BRA,NGS,2032,18.865,0.605,18.26,0.113,plan_grounded,grounded,67.2267,PERMISSIVE,CALIBRATED - pending PI sign-off,2025.0
BAU,PWRNGSBRAXX,BRA,NGS,2033,18.865,0.605,18.26,0.1095,plan_grounded,grounded,65.1445,PERMISSIVE,CALIBRATED - pending PI sign-off,2025.0
BAU,PWRNGSBRAXX,BRA,NGS,2034,18.865,0.605,18.26,0.106,plan_grounded,grounded,63.0622,PERMISSIVE,CALIBRATED - pending PI sign-off,2025.0
BAU,PWRNGSBRAXX,BRA,NGS,2035,18.865,0.605,18.26,0.1025,plan_grounded,grounded,60.98,PERMISSIVE,CALIBRATED - pending PI sign-off,2025.0
BAU,PWRNGSBRAXX,BRA,NGS,2036,18.865,0.605,18.26,0.099,plan_grounded,grounded,58.8977,PERMISSIVE,CALIBRATED - pending PI sign-off,2025.0
BAU,PWRNGSBRAXX,BRA,NGS,2037,18.865,0.605,18.26,0.0955,plan_grounded,grounded,56.8155,PERMISSIVE,CALIBRATED - pending PI sign-off,2025.0
BAU,PWRNGSBRAXX,BRA,NGS,2038,18.865,0.605,18.26,0.092,plan_grounded,grounded,54.7333,PERMISSIVE,CALIBRATED - pending PI sign-off,2025.0
BAU,PWRNGSBRAXX,BRA,NGS,2039,18.865,0.605,18.26,0.0885,plan_grounded,grounded,52.651,PERMISSIVE,CALIBRATED - pending PI sign-off,2025.0
BAU,PWRNGSBRAXX,BRA,NGS,2040,18.865,0.605,18.26,0.085,plan_grounded,grounded,50.5688,PERMISSIVE,CALIBRATED - pending PI sign-off,2025.0
BAU,PWRNGSBRAXX,BRA,NGS,2041,18.865,0.605,18.26,0.0815,plan_grounded,grounded,48.4865,PERMISSIVE,CALIBRATED - pending PI sign-off,2025.0
BAU,PWRNGSBRAXX,BRA,NGS,2042,18.865,0.605,18.26,0.078,plan_grounded,grounded,46.4043,PERMISSIVE,CALIBRATED - pending PI sign-off,2025.0
BAU,PWRNGSBRAXX,BRA,NGS,2043,18.865,0.605,18.26,0.0745,plan_grounded,grounded,44.322,PERMISSIVE,CALIBRATED - pending PI sign-off,2025.0
BAU,PWRNGSBRAXX,BRA,NGS,2044,18.865,0.605,18.26,0.071,plan_grounded,grounded,42.2398,PERMISSIVE,CALIBRATED - pending PI sign-off,2025.0
BAU,PWRNGSBRAXX,BRA,NGS,2045,18.865,0.605,18.26,0.0675,plan_grounded,grounded,40.1575,PERMISSIVE,CALIBRATED - pending PI sign-off,2025.0
BAU,PWRNGSBRAXX,BRA,NGS,2046,18.865,0.605,18.26,0.064,plan_grounded,grounded,38.0753,PERMISSIVE,CALIBRATED - pending PI sign-off,2025.0
BAU,PWRNGSBRAXX,BRA,NGS,2047,18.865,0.605,18.26,0.0605,plan_grounded,grounded,35.9931,PERMISSIVE,CALIBRATED - pending PI sign-off,2025.0
BAU,PWRNGSBRAXX,BRA,NGS,2048,18.865,0.605,18.26,0.057,plan_grounded,grounded,33.9108,PERMISSIVE,CALIBRATED - pending PI sign-off,2025.0
BAU,PWRNGSBRAXX,BRA,NGS,2049,18.865,0.605,18.26,0.0535,plan_grounded,grounded,31.8286,PERMISSIVE,CALIBRATED - pending PI sign-off,2025.0
BAU,PWRNGSBRAXX,BRA,NGS,2050,18.865,0.605,18.26,0.05,plan_grounded,grounded,29.7463,PERMISSIVE,CALIBRATED - pending PI sign-off,2025.0
BAU,PWRNGSCHLXX,CHL,NGS,2027,5.5205,0.0,5.5205,0.3,plan_grounded,proxy,52.2283,PERMISSIVE,CALIBRATED - pending PI sign-off,
BAU,PWRNGSCHLXX,CHL,NGS,2028,5.5205,0.0,5.5205,0.3,plan_grounded,proxy,52.2283,PERMISSIVE,CALIBRATED - pending PI sign-off,
BAU,PWRNGSCHLXX,CHL,NGS,2029,5.5205,0.0,5.5205,0.3,plan_grounded,proxy,52.2283,PERMISSIVE,CALIBRATED - pending PI sign-off,
BAU,PWRNGSCHLXX,CHL,NGS,2030,5.5205,0.0,5.5205,0.3,plan_grounded,proxy,52.2283,PERMISSIVE,CALIBRATED - pending PI sign-off,
BAU,PWRNGSCHLXX,CHL,NGS,2031,5.5205,0.0,5.5205,0.2875,plan_grounded,proxy,50.0522,PERMISSIVE,CALIBRATED - pending PI sign-off,
BAU,PWRNGSCHLXX,CHL,NGS,2032,5.5205,0.0,5.5205,0.275,plan_grounded,proxy,47.876,PERMISSIVE,CALIBRATED - pending PI sign-off,
BAU,PWRNGSCHLXX,CHL,NGS,2033,5.5205,0.0,5.5205,0.2625,plan_grounded,proxy,45.6998,PERMISSIVE,CALIBRATED - pending PI sign-off,
BAU,PWRNGSCHLXX,CHL,NGS,2034,5.5205,0.0,5.5205,0.25,plan_grounded,proxy,43.5236,PERMISSIVE,CALIBRATED - pending PI sign-off,
BAU,PWRNGSCHLXX,CHL,NGS,2035,5.5205,0.0,5.5205,0.2375,plan_grounded,proxy,41.3474,PERMISSIVE,CALIBRATED - pending PI sign-off,
BAU,PWRNGSCHLXX,CHL,NGS,2036,5.5205,0.0,5.5205,0.225,plan_grounded,proxy,39.1713,PERMISSIVE,CALIBRATED - pending PI sign-off,
BAU,PWRNGSCHLXX,CHL,NGS,2037,5.5205,0.0,5.5205,0.2125,plan_grounded,proxy,36.9951,PERMISSIVE,CALIBRATED - pending PI sign-off,
BAU,PWRNGSCHLXX,CHL,NGS,2038,5.5205,0.0,5.5205,0.2,plan_grounded,proxy,34.8189,PERMISSIVE,CALIBRATED - pending PI sign-off,
BAU,PWRNGSCHLXX,CHL,NGS,2039,5.5205,0.0,5.5205,0.1875,plan_grounded,proxy,32.6427,PERMISSIVE,CALIBRATED - pending PI sign-off,
BAU,PWRNGSCHLXX,CHL,NGS,2040,5.5205,0.0,5.5205,0.175,plan_grounded,proxy,30.4665,PERMISSIVE,CALIBRATED - pending PI sign-off,
BAU,PWRNGSCHLXX,CHL,NGS,2041,5.5205,0.0,5.5205,0.1625,plan_grounded,proxy,28.2904,PERMISSIVE,CALIBRATED - pending PI sign-off,
BAU,PWRNGSCHLXX,CHL,NGS,2042,5.5205,0.0,5.5205,0.15,plan_grounded,proxy,26.1142,PERMISSIVE,CALIBRATED - pending PI sign-off,
BAU,PWRNGSCHLXX,CHL,NGS,2043,5.5205,0.0,5.5205,0.1375,plan_grounded,proxy,23.938,PERMISSIVE,CALIBRATED - pending PI sign-off,
BAU,PWRNGSCHLXX,CHL,NGS,2044,5.5205,0.0,5.5205,0.125,plan_grounded,proxy,21.7618,PERMISSIVE,CALIBRATED - pending PI sign-off,
BAU,PWRNGSCHLXX,CHL,NGS,2045,5.5205,0.0,5.5205,0.1125,plan_grounded,proxy,19.5856,PERMISSIVE,CALIBRATED - pending PI sign-off,
BAU,PWRNGSCHLXX,CHL,NGS,2046,5.5205,0.0,5.5205,0.1,plan_grounded,proxy,17.4094,PERMISSIVE,CALIBRATED - pending PI sign-off,
BAU,PWRNGSCHLXX,CHL,NGS,2047,5.5205,0.0,5.5205,0.0875,plan_grounded,proxy,15.2333,PERMISSIVE,CALIBRATED - pending PI sign-off,
BAU,PWRNGSCHLXX,CHL,NGS,2048,5.5205,0.0,5.5205,0.075,plan_grounded,proxy,13.0571,PERMISSIVE,CALIBRATED - pending PI sign-off,
BAU,PWRNGSCHLXX,CHL,NGS,2049,5.5205,0.0,5.5205,0.0625,plan_grounded,proxy,10.8809,PERMISSIVE,CALIBRATED - pending PI sign-off,
BAU,PWRNGSCHLXX,CHL,NGS,2050,5.5205,0.0,5.5205,0.05,plan_grounded,proxy,8.7047,PERMISSIVE,CALIBRATED - pending PI sign-off,
BAU,PWRNGSCOLXX,COL,NGS,2027,3.1041,0.0,3.1041,0.15,plan_grounded,grounded,14.6836,PERMISSIVE,CALIBRATED - pending PI sign-off,
BAU,PWRNGSCOLXX,COL,NGS,2028,3.1041,0.0,3.1041,0.15,plan_grounded,grounded,14.6836,PERMISSIVE,CALIBRATED - pending PI sign-off,
BAU,PWRNGSCOLXX,COL,NGS,2029,3.1041,0.0,3.1041,0.15,plan_grounded,grounded,14.6836,PERMISSIVE,CALIBRATED - pending PI sign-off,
BAU,PWRNGSCOLXX,COL,NGS,2030,3.1041,0.0,3.1041,0.15,plan_grounded,grounded,14.6836,PERMISSIVE,CALIBRATED - pending PI sign-off,
BAU,PWRNGSCOLXX,COL,NGS,2031,3.1041,0.0,3.1041,0.145,plan_grounded,grounded,14.1942,PERMISSIVE,CALIBRATED - pending PI sign-off,
BAU,PWRNGSCOLXX,COL,NGS,2032,3.1041,0.0,3.1041,0.14,plan_grounded,grounded,13.7047,PERMISSIVE,CALIBRATED - pending PI sign-off,
BAU,PWRNGSCOLXX,COL,NGS,2033,3.1041,0.0,3.1041,0.135,plan_grounded,grounded,13.2153,PERMISSIVE,CALIBRATED - pending PI sign-off,
BAU,PWRNGSCOLXX,COL,NGS,2034,3.1041,0.0,3.1041,0.13,plan_grounded,grounded,12.7258,PERMISSIVE,CALIBRATED - pending PI sign-off,
BAU,PWRNGSCOLXX,COL,NGS,2035,3.1041,0.0,3.1041,0.125,plan_grounded,grounded,12.2364,PERMISSIVE,CALIBRATED - pending PI sign-off,
BAU,PWRNGSCOLXX,COL,NGS,2036,3.1041,0.0,3.1041,0.12,plan_grounded,grounded,11.7469,PERMISSIVE,CALIBRATED - pending PI sign-off,
BAU,PWRNGSCOLXX,COL,NGS,2037,3.1041,0.0,3.1041,0.115,plan_grounded,grounded,11.2575,PERMISSIVE,CALIBRATED - pending PI sign-off,
BAU,PWRNGSCOLXX,COL,NGS,2038,3.1041,0.0,3.1041,0.11,plan_grounded,grounded,10.768,PERMISSIVE,CALIBRATED - pending PI sign-off,
BAU,PWRNGSCOLXX,COL,NGS,2039,3.1041,0.0,3.1041,0.105,plan_grounded,grounded,10.2785,PERMISSIVE,CALIBRATED - pending PI sign-off,
BAU,PWRNGSCOLXX,COL,NGS,2040,3.1041,0.0,3.1041,0.1,plan_grounded,grounded,9.7891,PERMISSIVE,CALIBRATED - pending PI sign-off,
BAU,PWRNGSCOLXX,COL,NGS,2041,3.1041,0.0,3.1041,0.095,plan_grounded,grounded,9.2996,PERMISSIVE,CALIBRATED - pending PI sign-off,
BAU,PWRNGSCOLXX,COL,NGS,2042,3.1041,0.0,3.1041,0.09,plan_grounded,grounded,8.8102,PERMISSIVE,CALIBRATED - pending PI sign-off,
BAU,PWRNGSCOLXX,COL,NGS,2043,3.1041,0.0,3.1041,0.085,plan_grounded,grounded,8.3207,PERMISSIVE,CALIBRATED - pending PI sign-off,
BAU,PWRNGSCOLXX,COL,NGS,2044,3.1041,0.0,3.1041,0.08,plan_grounded,grounded,7.8313,PERMISSIVE,CALIBRATED - pending PI sign-off,
BAU,PWRNGSCOLXX,COL,NGS,2045,3.1041,0.0,3.1041,0.075,plan_grounded,grounded,7.3418,PERMISSIVE,CALIBRATED - pending PI sign-off,
BAU,PWRNGSCOLXX,COL,NGS,2046,3.1041,0.0,3.1041,0.07,plan_grounded,grounded,6.8524,PERMISSIVE,CALIBRATED - pending PI sign-off,
BAU,PWRNGSCOLXX,COL,NGS,2047,3.1041,0.0,3.1041,0.065,plan_grounded,grounded,6.3629,PERMISSIVE,CALIBRATED - pending PI sign-off,
BAU,PWRNGSCOLXX,COL,NGS,2048,3.1041,0.0,3.1041,0.06,plan_grounded,grounded,5.8735,PERMISSIVE,CALIBRATED - pending PI sign-off,
BAU,PWRNGSCOLXX,COL,NGS,2049,3.1041,0.0,3.1041,0.055,plan_grounded,grounded,5.384,PERMISSIVE,CALIBRATED - pending PI sign-off,
BAU,PWRNGSCOLXX,COL,NGS,2050,3.1041,0.0,3.1041,0.05,plan_grounded,grounded,4.8945,PERMISSIVE,CALIBRATED - pending PI sign-off,
BAU,PWRNGSDOMXX,DOM,NGS,2027,1.825,0.0,1.825,0.53,plan_grounded,grounded,30.5032,PERMISSIVE,CALIBRATED - pending PI sign-off,
BAU,PWRNGSDOMXX,DOM,NGS,2028,1.825,0.0,1.825,0.53,plan_grounded,grounded,30.5032,PERMISSIVE,CALIBRATED - pending PI sign-off,
BAU,PWRNGSDOMXX,DOM,NGS,2029,1.825,0.0,1.825,0.53,plan_grounded,grounded,30.5032,PERMISSIVE,CALIBRATED - pending PI sign-off,
BAU,PWRNGSDOMXX,DOM,NGS,2030,1.825,0.0,1.825,0.53,plan_grounded,grounded,30.5032,PERMISSIVE,CALIBRATED - pending PI sign-off,
BAU,PWRNGSDOMXX,DOM,NGS,2031,1.825,0.0,1.825,0.506,plan_grounded,grounded,29.1219,PERMISSIVE,CALIBRATED - pending PI sign-off,
BAU,PWRNGSDOMXX,DOM,NGS,2032,1.825,0.0,1.825,0.482,plan_grounded,grounded,27.7406,PERMISSIVE,CALIBRATED - pending PI sign-off,
BAU,PWRNGSDOMXX,DOM,NGS,2033,1.825,0.0,1.825,0.458,plan_grounded,grounded,26.3594,PERMISSIVE,CALIBRATED - pending PI sign-off,
BAU,PWRNGSDOMXX,DOM,NGS,2034,1.825,0.0,1.825,0.434,plan_grounded,grounded,24.9781,PERMISSIVE,CALIBRATED - pending PI sign-off,
BAU,PWRNGSDOMXX,DOM,NGS,2035,1.825,0.0,1.825,0.41,plan_grounded,grounded,23.5968,PERMISSIVE,CALIBRATED - pending PI sign-off,
BAU,PWRNGSDOMXX,DOM,NGS,2036,1.825,0.0,1.825,0.386,plan_grounded,grounded,22.2155,PERMISSIVE,CALIBRATED - pending PI sign-off,
BAU,PWRNGSDOMXX,DOM,NGS,2037,1.825,0.0,1.825,0.362,plan_grounded,grounded,20.8343,PERMISSIVE,CALIBRATED - pending PI sign-off,
BAU,PWRNGSDOMXX,DOM,NGS,2038,1.825,0.0,1.825,0.338,plan_grounded,grounded,19.453,PERMISSIVE,CALIBRATED - pending PI sign-off,
BAU,PWRNGSDOMXX,DOM,NGS,2039,1.825,0.0,1.825,0.314,plan_grounded,grounded,18.0717,PERMISSIVE,CALIBRATED - pending PI sign-off,
BAU,PWRNGSDOMXX,DOM,NGS,2040,1.825,0.0,1.825,0.29,plan_grounded,grounded,16.6904,PERMISSIVE,CALIBRATED - pending PI sign-off,
BAU,PWRNGSDOMXX,DOM,NGS,2041,1.825,0.0,1.825,0.266,plan_grounded,grounded,15.3092,PERMISSIVE,CALIBRATED - pending PI sign-off,
BAU,PWRNGSDOMXX,DOM,NGS,2042,1.825,0.0,1.825,0.242,plan_grounded,grounded,13.9279,PERMISSIVE,CALIBRATED - pending PI sign-off,
BAU,PWRNGSDOMXX,DOM,NGS,2043,1.825,0.0,1.825,0.218,plan_grounded,grounded,12.5466,PERMISSIVE,CALIBRATED - pending PI sign-off,
BAU,PWRNGSDOMXX,DOM,NGS,2044,1.825,0.0,1.825,0.194,plan_grounded,grounded,11.1653,PERMISSIVE,CALIBRATED - pending PI sign-off,
BAU,PWRNGSDOMXX,DOM,NGS,2045,1.825,0.0,1.825,0.17,plan_grounded,grounded,9.784,PERMISSIVE,CALIBRATED - pending PI sign-off,
BAU,PWRNGSDOMXX,DOM,NGS,2046,1.825,0.0,1.825,0.146,plan_grounded,grounded,8.4028,PERMISSIVE,CALIBRATED - pending PI sign-off,
BAU,PWRNGSDOMXX,DOM,NGS,2047,1.825,0.0,1.825,0.122,plan_grounded,grounded,7.0215,PERMISSIVE,CALIBRATED - pending PI sign-off,
BAU,PWRNGSDOMXX,DOM,NGS,2048,1.825,0.0,1.825,0.098,plan_grounded,grounded,5.6402,PERMISSIVE,CALIBRATED - pending PI sign-off,
BAU,PWRNGSDOMXX,DOM,NGS,2049,1.825,0.0,1.825,0.074,plan_grounded,grounded,4.2589,PERMISSIVE,CALIBRATED - pending PI sign-off,
BAU,PWRNGSDOMXX,DOM,NGS,2050,1.825,0.0,1.825,0.05,plan_grounded,grounded,2.8777,PERMISSIVE,CALIBRATED - pending PI sign-off,
BAU,PWRNGSECUXX,ECU,NGS,2027,0.9448,0.0,0.9448,0.2055,plan_grounded,grounded,6.1229,PERMISSIVE,CALIBRATED - pending PI sign-off,
BAU,PWRNGSECUXX,ECU,NGS,2028,0.9448,0.0,0.9448,0.2055,plan_grounded,grounded,6.1229,PERMISSIVE,CALIBRATED - pending PI sign-off,
BAU,PWRNGSECUXX,ECU,NGS,2029,0.9448,0.0,0.9448,0.2055,plan_grounded,grounded,6.1229,PERMISSIVE,CALIBRATED - pending PI sign-off,
BAU,PWRNGSECUXX,ECU,NGS,2030,0.9448,0.0,0.9448,0.2055,plan_grounded,grounded,6.1229,PERMISSIVE,CALIBRATED - pending PI sign-off,
BAU,PWRNGSECUXX,ECU,NGS,2031,0.9448,0.0,0.9448,0.1977,plan_grounded,grounded,5.8913,PERMISSIVE,CALIBRATED - pending PI sign-off,
BAU,PWRNGSECUXX,ECU,NGS,2032,0.9448,0.0,0.9448,0.1899,plan_grounded,grounded,5.6596,PERMISSIVE,CALIBRATED - pending PI sign-off,
BAU,PWRNGSECUXX,ECU,NGS,2033,0.9448,0.0,0.9448,0.1822,plan_grounded,grounded,5.4279,PERMISSIVE,CALIBRATED - pending PI sign-off,
BAU,PWRNGSECUXX,ECU,NGS,2034,0.9448,0.0,0.9448,0.1744,plan_grounded,grounded,5.1963,PERMISSIVE,CALIBRATED - pending PI sign-off,
BAU,PWRNGSECUXX,ECU,NGS,2035,0.9448,0.0,0.9448,0.1666,plan_grounded,grounded,4.9646,PERMISSIVE,CALIBRATED - pending PI sign-off,
BAU,PWRNGSECUXX,ECU,NGS,2036,0.9448,0.0,0.9448,0.1588,plan_grounded,grounded,4.733,PERMISSIVE,CALIBRATED - pending PI sign-off,
BAU,PWRNGSECUXX,ECU,NGS,2037,0.9448,0.0,0.9448,0.1511,plan_grounded,grounded,4.5013,PERMISSIVE,CALIBRATED - pending PI sign-off,
BAU,PWRNGSECUXX,ECU,NGS,2038,0.9448,0.0,0.9448,0.1433,plan_grounded,grounded,4.2697,PERMISSIVE,CALIBRATED - pending PI sign-off,
BAU,PWRNGSECUXX,ECU,NGS,2039,0.9448,0.0,0.9448,0.1355,plan_grounded,grounded,4.038,PERMISSIVE,CALIBRATED - pending PI sign-off,
BAU,PWRNGSECUXX,ECU,NGS,2040,0.9448,0.0,0.9448,0.1278,plan_grounded,grounded,3.8063,PERMISSIVE,CALIBRATED - pending PI sign-off,
BAU,PWRNGSECUXX,ECU,NGS,2041,0.9448,0.0,0.9448,0.12,plan_grounded,grounded,3.5747,PERMISSIVE,CALIBRATED - pending PI sign-off,
BAU,PWRNGSECUXX,ECU,NGS,2042,0.9448,0.0,0.9448,0.1122,plan_grounded,grounded,3.343,PERMISSIVE,CALIBRATED - pending PI sign-off,
BAU,PWRNGSECUXX,ECU,NGS,2043,0.9448,0.0,0.9448,0.1044,plan_grounded,grounded,3.1114,PERMISSIVE,CALIBRATED - pending PI sign-off,
BAU,PWRNGSECUXX,ECU,NGS,2044,0.9448,0.0,0.9448,0.0967,plan_grounded,grounded,2.8797,PERMISSIVE,CALIBRATED - pending PI sign-off,
BAU,PWRNGSECUXX,ECU,NGS,2045,0.9448,0.0,0.9448,0.0889,plan_grounded,grounded,2.648,PERMISSIVE,CALIBRATED - pending PI sign-off,
BAU,PWRNGSECUXX,ECU,NGS,2046,0.9448,0.0,0.9448,0.0811,plan_grounded,grounded,2.4164,PERMISSIVE,CALIBRATED - pending PI sign-off,
BAU,PWRNGSECUXX,ECU,NGS,2047,0.9448,0.0,0.9448,0.0733,plan_grounded,grounded,2.1847,PERMISSIVE,CALIBRATED - pending PI sign-off,
BAU,PWRNGSECUXX,ECU,NGS,2048,0.9448,0.0,0.9448,0.0655,plan_grounded,grounded,1.9531,PERMISSIVE,CALIBRATED - pending PI sign-off,
BAU,PWRNGSECUXX,ECU,NGS,2049,0.9448,0.0,0.9448,0.0578,plan_grounded,grounded,1.7214,PERMISSIVE,CALIBRATED - pending PI sign-off,
BAU,PWRNGSECUXX,ECU,NGS,2050,0.9448,0.0,0.9448,0.05,plan_grounded,grounded,1.4898,PERMISSIVE,CALIBRATED - pending PI sign-off,
BAU,PWRNGSGTMXX,GTM,NGS,2027,0.0026,0.0,0.0026,0.15,plan_grounded,proxy,0.0123,PERMISSIVE,CALIBRATED - pending PI sign-off,
BAU,PWRNGSGTMXX,GTM,NGS,2028,0.0026,0.0,0.0026,0.15,plan_grounded,proxy,0.0123,PERMISSIVE,CALIBRATED - pending PI sign-off,
BAU,PWRNGSGTMXX,GTM,NGS,2029,0.0026,0.0,0.0026,0.15,plan_grounded,proxy,0.0123,PERMISSIVE,CALIBRATED - pending PI sign-off,
BAU,PWRNGSGTMXX,GTM,NGS,2030,0.0026,0.0,0.0026,0.15,plan_grounded,proxy,0.0123,PERMISSIVE,CALIBRATED - pending PI sign-off,
BAU,PWRNGSGTMXX,GTM,NGS,2031,0.0026,0.0,0.0026,0.145,plan_grounded,proxy,0.0119,PERMISSIVE,CALIBRATED - pending PI sign-off,
BAU,PWRNGSGTMXX,GTM,NGS,2032,0.0026,0.0,0.0026,0.14,plan_grounded,proxy,0.0115,PERMISSIVE,CALIBRATED - pending PI sign-off,
BAU,PWRNGSGTMXX,GTM,NGS,2033,0.0026,0.0,0.0026,0.135,plan_grounded,proxy,0.0111,PERMISSIVE,CALIBRATED - pending PI sign-off,
BAU,PWRNGSGTMXX,GTM,NGS,2034,0.0026,0.0,0.0026,0.13,plan_grounded,proxy,0.0107,PERMISSIVE,CALIBRATED - pending PI sign-off,
BAU,PWRNGSGTMXX,GTM,NGS,2035,0.0026,0.0,0.0026,0.125,plan_grounded,proxy,0.0102,PERMISSIVE,CALIBRATED - pending PI sign-off,
BAU,PWRNGSGTMXX,GTM,NGS,2036,0.0026,0.0,0.0026,0.12,plan_grounded,proxy,0.0098,PERMISSIVE,CALIBRATED - pending PI sign-off,
BAU,PWRNGSGTMXX,GTM,NGS,2037,0.0026,0.0,0.0026,0.115,plan_grounded,proxy,0.0094,PERMISSIVE,CALIBRATED - pending PI sign-off,
BAU,PWRNGSGTMXX,GTM,NGS,2038,0.0026,0.0,0.0026,0.11,plan_grounded,proxy,0.009,PERMISSIVE,CALIBRATED - pending PI sign-off,
BAU,PWRNGSGTMXX,GTM,NGS,2039,0.0026,0.0,0.0026,0.105,plan_grounded,proxy,0.0086,PERMISSIVE,CALIBRATED - pending PI sign-off,
BAU,PWRNGSGTMXX,GTM,NGS,2040,0.0026,0.0,0.0026,0.1,plan_grounded,proxy,0.0082,PERMISSIVE,CALIBRATED - pending PI sign-off,
BAU,PWRNGSGTMXX,GTM,NGS,2041,0.0026,0.0,0.0026,0.095,plan_grounded,proxy,0.0078,PERMISSIVE,CALIBRATED - pending PI sign-off,
BAU,PWRNGSGTMXX,GTM,NGS,2042,0.0026,0.0,0.0026,0.09,plan_grounded,proxy,0.0074,PERMISSIVE,CALIBRATED - pending PI sign-off,
BAU,PWRNGSGTMXX,GTM,NGS,2043,0.0026,0.0,0.0026,0.085,plan_grounded,proxy,0.007,PERMISSIVE,CALIBRATED - pending PI sign-off,
BAU,PWRNGSGTMXX,GTM,NGS,2044,0.0026,0.0,0.0026,0.08,plan_grounded,proxy,0.0066,PERMISSIVE,CALIBRATED - pending PI sign-off,
BAU,PWRNGSGTMXX,GTM,NGS,2045,0.0026,0.0,0.0026,0.075,plan_grounded,proxy,0.0061,PERMISSIVE,CALIBRATED - pending PI sign-off,
BAU,PWRNGSGTMXX,GTM,NGS,2046,0.0026,0.0,0.0026,0.07,plan_grounded,proxy,0.0057,PERMISSIVE,CALIBRATED - pending PI sign-off,
BAU,PWRNGSGTMXX,GTM,NGS,2047,0.0026,0.0,0.0026,0.065,plan_grounded,proxy,0.0053,PERMISSIVE,CALIBRATED - pending PI sign-off,
BAU,PWRNGSGTMXX,GTM,NGS,2048,0.0026,0.0,0.0026,0.06,plan_grounded,proxy,0.0049,PERMISSIVE,CALIBRATED - pending PI sign-off,
BAU,PWRNGSGTMXX,GTM,NGS,2049,0.0026,0.0,0.0026,0.055,plan_grounded,proxy,0.0045,PERMISSIVE,CALIBRATED - pending PI sign-off,
BAU,PWRNGSGTMXX,GTM,NGS,2050,0.0026,0.0,0.0026,0.05,plan_grounded,proxy,0.0041,PERMISSIVE,CALIBRATED - pending PI sign-off,
BAU,PWRNGSMEXXX,MEX,NGS,2027,43.5375,3.7425,39.795,0.45,plan_grounded,grounded,617.8494,PERMISSIVE,CALIBRATED - pending PI sign-off,2025.0
BAU,PWRNGSMEXXX,MEX,NGS,2028,43.5375,3.7425,39.795,0.45,plan_grounded,grounded,617.8494,PERMISSIVE,CALIBRATED - pending PI sign-off,2025.0
BAU,PWRNGSMEXXX,MEX,NGS,2029,43.5375,3.7425,39.795,0.45,plan_grounded,grounded,617.8494,PERMISSIVE,CALIBRATED - pending PI sign-off,2025.0
BAU,PWRNGSMEXXX,MEX,NGS,2030,43.5375,3.7425,39.795,0.45,plan_grounded,grounded,617.8494,PERMISSIVE,CALIBRATED - pending PI sign-off,2025.0
BAU,PWRNGSMEXXX,MEX,NGS,2031,43.5375,3.7425,39.795,0.43,plan_grounded,grounded,590.3894,PERMISSIVE,CALIBRATED - pending PI sign-off,2025.0
BAU,PWRNGSMEXXX,MEX,NGS,2032,43.5375,3.7425,39.795,0.41,plan_grounded,grounded,562.9294,PERMISSIVE,CALIBRATED - pending PI sign-off,2025.0
BAU,PWRNGSMEXXX,MEX,NGS,2033,43.5375,3.7425,39.795,0.39,plan_grounded,grounded,535.4695,PERMISSIVE,CALIBRATED - pending PI sign-off,2025.0
BAU,PWRNGSMEXXX,MEX,NGS,2034,43.5375,3.7425,39.795,0.37,plan_grounded,grounded,508.0095,PERMISSIVE,CALIBRATED - pending PI sign-off,2025.0
BAU,PWRNGSMEXXX,MEX,NGS,2035,43.5375,3.7425,39.795,0.35,plan_grounded,grounded,480.5495,PERMISSIVE,CALIBRATED - pending PI sign-off,2025.0
BAU,PWRNGSMEXXX,MEX,NGS,2036,43.5375,3.7425,39.795,0.33,plan_grounded,grounded,453.0895,PERMISSIVE,CALIBRATED - pending PI sign-off,2025.0
BAU,PWRNGSMEXXX,MEX,NGS,2037,43.5375,3.7425,39.795,0.31,plan_grounded,grounded,425.6296,PERMISSIVE,CALIBRATED - pending PI sign-off,2025.0
BAU,PWRNGSMEXXX,MEX,NGS,2038,43.5375,3.7425,39.795,0.29,plan_grounded,grounded,398.1696,PERMISSIVE,CALIBRATED - pending PI sign-off,2025.0
BAU,PWRNGSMEXXX,MEX,NGS,2039,43.5375,3.7425,39.795,0.27,plan_grounded,grounded,370.7096,PERMISSIVE,CALIBRATED - pending PI sign-off,2025.0
BAU,PWRNGSMEXXX,MEX,NGS,2040,43.5375,3.7425,39.795,0.25,plan_grounded,grounded,343.2497,PERMISSIVE,CALIBRATED - pending PI sign-off,2025.0
BAU,PWRNGSMEXXX,MEX,NGS,2041,43.5375,3.7425,39.795,0.23,plan_grounded,grounded,315.7897,PERMISSIVE,CALIBRATED - pending PI sign-off,2025.0
BAU,PWRNGSMEXXX,MEX,NGS,2042,43.5375,3.7425,39.795,0.21,plan_grounded,grounded,288.3297,PERMISSIVE,CALIBRATED - pending PI sign-off,2025.0
BAU,PWRNGSMEXXX,MEX,NGS,2043,43.5375,3.7425,39.795,0.19,plan_grounded,grounded,260.8697,PERMISSIVE,CALIBRATED - pending PI sign-off,2025.0
BAU,PWRNGSMEXXX,MEX,NGS,2044,43.5375,3.7425,39.795,0.17,plan_grounded,grounded,233.4098,PERMISSIVE,CALIBRATED - pending PI sign-off,2025.0
BAU,PWRNGSMEXXX,MEX,NGS,2045,43.5375,3.7425,39.795,0.15,plan_grounded,grounded,205.9498,PERMISSIVE,CALIBRATED - pending PI sign-off,2025.0
BAU,PWRNGSMEXXX,MEX,NGS,2046,43.5375,3.7425,39.795,0.13,plan_grounded,grounded,178.4898,PERMISSIVE,CALIBRATED - pending PI sign-off,2025.0
BAU,PWRNGSMEXXX,MEX,NGS,2047,43.5375,3.7425,39.795,0.11,plan_grounded,grounded,151.0298,PERMISSIVE,CALIBRATED - pending PI sign-off,2025.0
BAU,PWRNGSMEXXX,MEX,NGS,2048,43.5375,3.7425,39.795,0.09,plan_grounded,grounded,123.5699,PERMISSIVE,CALIBRATED - pending PI sign-off,2025.0
BAU,PWRNGSMEXXX,MEX,NGS,2049,43.5375,3.7425,39.795,0.07,plan_grounded,grounded,96.1099,PERMISSIVE,CALIBRATED - pending PI sign-off,2025.0
BAU,PWRNGSMEXXX,MEX,NGS,2050,43.5375,3.7425,39.795,0.05,plan_grounded,grounded,68.6499,PERMISSIVE,CALIBRATED - pending PI sign-off,2025.0
BAU,PWRNGSPANXX,PAN,NGS,2027,0.381,0.0,0.381,0.35,plan_grounded,grounded,4.2053,PERMISSIVE,CALIBRATED - pending PI sign-off,
BAU,PWRNGSPANXX,PAN,NGS,2028,0.381,0.0,0.381,0.35,plan_grounded,grounded,4.2053,PERMISSIVE,CALIBRATED - pending PI sign-off,
BAU,PWRNGSPANXX,PAN,NGS,2029,0.381,0.0,0.381,0.35,plan_grounded,grounded,4.2053,PERMISSIVE,CALIBRATED - pending PI sign-off,
BAU,PWRNGSPANXX,PAN,NGS,2030,0.381,0.0,0.381,0.35,plan_grounded,grounded,4.2053,PERMISSIVE,CALIBRATED - pending PI sign-off,
BAU,PWRNGSPANXX,PAN,NGS,2031,0.381,0.0,0.381,0.335,plan_grounded,grounded,4.0251,PERMISSIVE,CALIBRATED - pending PI sign-off,
BAU,PWRNGSPANXX,PAN,NGS,2032,0.381,0.0,0.381,0.32,plan_grounded,grounded,3.8449,PERMISSIVE,CALIBRATED - pending PI sign-off,
BAU,PWRNGSPANXX,PAN,NGS,2033,0.381,0.0,0.381,0.305,plan_grounded,grounded,3.6646,PERMISSIVE,CALIBRATED - pending PI sign-off,
BAU,PWRNGSPANXX,PAN,NGS,2034,0.381,0.0,0.381,0.29,plan_grounded,grounded,3.4844,PERMISSIVE,CALIBRATED - pending PI sign-off,
BAU,PWRNGSPANXX,PAN,NGS,2035,0.381,0.0,0.381,0.275,plan_grounded,grounded,3.3042,PERMISSIVE,CALIBRATED - pending PI sign-off,
BAU,PWRNGSPANXX,PAN,NGS,2036,0.381,0.0,0.381,0.26,plan_grounded,grounded,3.124,PERMISSIVE,CALIBRATED - pending PI sign-off,
BAU,PWRNGSPANXX,PAN,NGS,2037,0.381,0.0,0.381,0.245,plan_grounded,grounded,2.9437,PERMISSIVE,CALIBRATED - pending PI sign-off,
BAU,PWRNGSPANXX,PAN,NGS,2038,0.381,0.0,0.381,0.23,plan_grounded,grounded,2.7635,PERMISSIVE,CALIBRATED - pending PI sign-off,
BAU,PWRNGSPANXX,PAN,NGS,2039,0.381,0.0,0.381,0.215,plan_grounded,grounded,2.5833,PERMISSIVE,CALIBRATED - pending PI sign-off,
BAU,PWRNGSPANXX,PAN,NGS,2040,0.381,0.0,0.381,0.2,plan_grounded,grounded,2.403,PERMISSIVE,CALIBRATED - pending PI sign-off,
BAU,PWRNGSPANXX,PAN,NGS,2041,0.381,0.0,0.381,0.185,plan_grounded,grounded,2.2228,PERMISSIVE,CALIBRATED - pending PI sign-off,
BAU,PWRNGSPANXX,PAN,NGS,2042,0.381,0.0,0.381,0.17,plan_grounded,grounded,2.0426,PERMISSIVE,CALIBRATED - pending PI sign-off,
BAU,PWRNGSPANXX,PAN,NGS,2043,0.381,0.0,0.381,0.155,plan_grounded,grounded,1.8624,PERMISSIVE,CALIBRATED - pending PI sign-off,
BAU,PWRNGSPANXX,PAN,NGS,2044,0.381,0.0,0.381,0.14,plan_grounded,grounded,1.6821,PERMISSIVE,CALIBRATED - pending PI sign-off,
BAU,PWRNGSPANXX,PAN,NGS,2045,0.381,0.0,0.381,0.125,plan_grounded,grounded,1.5019,PERMISSIVE,CALIBRATED - pending PI sign-off,
BAU,PWRNGSPANXX,PAN,NGS,2046,0.381,0.0,0.381,0.11,plan_grounded,grounded,1.3217,PERMISSIVE,CALIBRATED - pending PI sign-off,
BAU,PWRNGSPANXX,PAN,NGS,2047,0.381,0.0,0.381,0.095,plan_grounded,grounded,1.1414,PERMISSIVE,CALIBRATED - pending PI sign-off,
BAU,PWRNGSPANXX,PAN,NGS,2048,0.381,0.0,0.381,0.08,plan_grounded,grounded,0.9612,PERMISSIVE,CALIBRATED - pending PI sign-off,
BAU,PWRNGSPANXX,PAN,NGS,2049,0.381,0.0,0.381,0.065,plan_grounded,grounded,0.781,PERMISSIVE,CALIBRATED - pending PI sign-off,
BAU,PWRNGSPANXX,PAN,NGS,2050,0.381,0.0,0.381,0.05,plan_grounded,grounded,0.6008,PERMISSIVE,CALIBRATED - pending PI sign-off,
BAU,PWRNGSPERXX,PER,NGS,2027,5.1548,0.0,5.1548,0.2779,plan_grounded,proxy,45.1759,PERMISSIVE,CALIBRATED - pending PI sign-off,
BAU,PWRNGSPERXX,PER,NGS,2028,5.1548,0.0,5.1548,0.2779,plan_grounded,proxy,45.1759,PERMISSIVE,CALIBRATED - pending PI sign-off,
BAU,PWRNGSPERXX,PER,NGS,2029,5.1548,0.0,5.1548,0.2779,plan_grounded,proxy,45.1759,PERMISSIVE,CALIBRATED - pending PI sign-off,
BAU,PWRNGSPERXX,PER,NGS,2030,5.1548,0.0,5.1548,0.2779,plan_grounded,proxy,45.1759,PERMISSIVE,CALIBRATED - pending PI sign-off,
BAU,PWRNGSPERXX,PER,NGS,2031,5.1548,0.0,5.1548,0.2665,plan_grounded,proxy,43.3235,PERMISSIVE,CALIBRATED - pending PI sign-off,
BAU,PWRNGSPERXX,PER,NGS,2032,5.1548,0.0,5.1548,0.2551,plan_grounded,proxy,41.4711,PERMISSIVE,CALIBRATED - pending PI sign-off,
BAU,PWRNGSPERXX,PER,NGS,2033,5.1548,0.0,5.1548,0.2437,plan_grounded,proxy,39.6187,PERMISSIVE,CALIBRATED - pending PI sign-off,
BAU,PWRNGSPERXX,PER,NGS,2034,5.1548,0.0,5.1548,0.2323,plan_grounded,proxy,37.7664,PERMISSIVE,CALIBRATED - pending PI sign-off,
BAU,PWRNGSPERXX,PER,NGS,2035,5.1548,0.0,5.1548,0.2209,plan_grounded,proxy,35.914,PERMISSIVE,CALIBRATED - pending PI sign-off,
BAU,PWRNGSPERXX,PER,NGS,2036,5.1548,0.0,5.1548,0.2095,plan_grounded,proxy,34.0616,PERMISSIVE,CALIBRATED - pending PI sign-off,
BAU,PWRNGSPERXX,PER,NGS,2037,5.1548,0.0,5.1548,0.1981,plan_grounded,proxy,32.2092,PERMISSIVE,CALIBRATED - pending PI sign-off,
BAU,PWRNGSPERXX,PER,NGS,2038,5.1548,0.0,5.1548,0.1867,plan_grounded,proxy,30.3568,PERMISSIVE,CALIBRATED - pending PI sign-off,
BAU,PWRNGSPERXX,PER,NGS,2039,5.1548,0.0,5.1548,0.1753,plan_grounded,proxy,28.5044,PERMISSIVE,CALIBRATED - pending PI sign-off,
BAU,PWRNGSPERXX,PER,NGS,2040,5.1548,0.0,5.1548,0.1639,plan_grounded,proxy,26.652,PERMISSIVE,CALIBRATED - pending PI sign-off,
BAU,PWRNGSPERXX,PER,NGS,2041,5.1548,0.0,5.1548,0.1526,plan_grounded,proxy,24.7996,PERMISSIVE,CALIBRATED - pending PI sign-off,
BAU,PWRNGSPERXX,PER,NGS,2042,5.1548,0.0,5.1548,0.1412,plan_grounded,proxy,22.9472,PERMISSIVE,CALIBRATED - pending PI sign-off,
BAU,PWRNGSPERXX,PER,NGS,2043,5.1548,0.0,5.1548,0.1298,plan_grounded,proxy,21.0948,PERMISSIVE,CALIBRATED - pending PI sign-off,
BAU,PWRNGSPERXX,PER,NGS,2044,5.1548,0.0,5.1548,0.1184,plan_grounded,proxy,19.2424,PERMISSIVE,CALIBRATED - pending PI sign-off,
BAU,PWRNGSPERXX,PER,NGS,2045,5.1548,0.0,5.1548,0.107,plan_grounded,proxy,17.39,PERMISSIVE,CALIBRATED - pending PI sign-off,
BAU,PWRNGSPERXX,PER,NGS,2046,5.1548,0.0,5.1548,0.0956,plan_grounded,proxy,15.5377,PERMISSIVE,CALIBRATED - pending PI sign-off,
BAU,PWRNGSPERXX,PER,NGS,2047,5.1548,0.0,5.1548,0.0842,plan_grounded,proxy,13.6853,PERMISSIVE,CALIBRATED - pending PI sign-off,
BAU,PWRNGSPERXX,PER,NGS,2048,5.1548,0.0,5.1548,0.0728,plan_grounded,proxy,11.8329,PERMISSIVE,CALIBRATED - pending PI sign-off,
BAU,PWRNGSPERXX,PER,NGS,2049,5.1548,0.0,5.1548,0.0614,plan_grounded,proxy,9.9805,PERMISSIVE,CALIBRATED - pending PI sign-off,
BAU,PWRNGSPERXX,PER,NGS,2050,5.1548,0.0,5.1548,0.05,plan_grounded,proxy,8.1281,PERMISSIVE,CALIBRATED - pending PI sign-off,
BAU,PWRNGSSLVXX,SLV,NGS,2027,0.3877,0.0,0.3877,0.15,plan_grounded,grounded,1.834,PERMISSIVE,CALIBRATED - pending PI sign-off,
BAU,PWRNGSSLVXX,SLV,NGS,2028,0.3877,0.0,0.3877,0.15,plan_grounded,grounded,1.834,PERMISSIVE,CALIBRATED - pending PI sign-off,
BAU,PWRNGSSLVXX,SLV,NGS,2029,0.3877,0.0,0.3877,0.15,plan_grounded,grounded,1.834,PERMISSIVE,CALIBRATED - pending PI sign-off,
BAU,PWRNGSSLVXX,SLV,NGS,2030,0.3877,0.0,0.3877,0.15,plan_grounded,grounded,1.834,PERMISSIVE,CALIBRATED - pending PI sign-off,
BAU,PWRNGSSLVXX,SLV,NGS,2031,0.3877,0.0,0.3877,0.145,plan_grounded,grounded,1.7728,PERMISSIVE,CALIBRATED - pending PI sign-off,
BAU,PWRNGSSLVXX,SLV,NGS,2032,0.3877,0.0,0.3877,0.14,plan_grounded,grounded,1.7117,PERMISSIVE,CALIBRATED - pending PI sign-off,
BAU,PWRNGSSLVXX,SLV,NGS,2033,0.3877,0.0,0.3877,0.135,plan_grounded,grounded,1.6506,PERMISSIVE,CALIBRATED - pending PI sign-off,
BAU,PWRNGSSLVXX,SLV,NGS,2034,0.3877,0.0,0.3877,0.13,plan_grounded,grounded,1.5894,PERMISSIVE,CALIBRATED - pending PI sign-off,
BAU,PWRNGSSLVXX,SLV,NGS,2035,0.3877,0.0,0.3877,0.125,plan_grounded,grounded,1.5283,PERMISSIVE,CALIBRATED - pending PI sign-off,
BAU,PWRNGSSLVXX,SLV,NGS,2036,0.3877,0.0,0.3877,0.12,plan_grounded,grounded,1.4672,PERMISSIVE,CALIBRATED - pending PI sign-off,
BAU,PWRNGSSLVXX,SLV,NGS,2037,0.3877,0.0,0.3877,0.115,plan_grounded,grounded,1.406,PERMISSIVE,CALIBRATED - pending PI sign-off,
BAU,PWRNGSSLVXX,SLV,NGS,2038,0.3877,0.0,0.3877,0.11,plan_grounded,grounded,1.3449,PERMISSIVE,CALIBRATED - pending PI sign-off,
BAU,PWRNGSSLVXX,SLV,NGS,2039,0.3877,0.0,0.3877,0.105,plan_grounded,grounded,1.2838,PERMISSIVE,CALIBRATED - pending PI sign-off,
BAU,PWRNGSSLVXX,SLV,NGS,2040,0.3877,0.0,0.3877,0.1,plan_grounded,grounded,1.2227,PERMISSIVE,CALIBRATED - pending PI sign-off,
BAU,PWRNGSSLVXX,SLV,NGS,2041,0.3877,0.0,0.3877,0.095,plan_grounded,grounded,1.1615,PERMISSIVE,CALIBRATED - pending PI sign-off,
BAU,PWRNGSSLVXX,SLV,NGS,2042,0.3877,0.0,0.3877,0.09,plan_grounded,grounded,1.1004,PERMISSIVE,CALIBRATED - pending PI sign-off,
BAU,PWRNGSSLVXX,SLV,NGS,2043,0.3877,0.0,0.3877,0.085,plan_grounded,grounded,1.0393,PERMISSIVE,CALIBRATED - pending PI sign-off,
BAU,PWRNGSSLVXX,SLV,NGS,2044,0.3877,0.0,0.3877,0.08,plan_grounded,grounded,0.9781,PERMISSIVE,CALIBRATED - pending PI sign-off,
BAU,PWRNGSSLVXX,SLV,NGS,2045,0.3877,0.0,0.3877,0.075,plan_grounded,grounded,0.917,PERMISSIVE,CALIBRATED - pending PI sign-off,
BAU,PWRNGSSLVXX,SLV,NGS,2046,0.3877,0.0,0.3877,0.07,plan_grounded,grounded,0.8559,PERMISSIVE,CALIBRATED - pending PI sign-off,
BAU,PWRNGSSLVXX,SLV,NGS,2047,0.3877,0.0,0.3877,0.065,plan_grounded,grounded,0.7947,PERMISSIVE,CALIBRATED - pending PI sign-off,
BAU,PWRNGSSLVXX,SLV,NGS,2048,0.3877,0.0,0.3877,0.06,plan_grounded,grounded,0.7336,PERMISSIVE,CALIBRATED - pending PI sign-off,
BAU,PWRNGSSLVXX,SLV,NGS,2049,0.3877,0.0,0.3877,0.055,plan_grounded,grounded,0.6725,PERMISSIVE,CALIBRATED - pending PI sign-off,
BAU,PWRNGSSLVXX,SLV,NGS,2050,0.3877,0.0,0.3877,0.05,plan_grounded,grounded,0.6113,PERMISSIVE,CALIBRATED - pending PI sign-off,
BAU,PWROILBRBXX,BRB,OIL,2027,0.2186,0.0,0.2186,0.53,historical_implied,historical,3.6539,PERMISSIVE,CALIBRATED - pending PI sign-off,
BAU,PWROILBRBXX,BRB,OIL,2028,0.2186,0.0,0.2186,0.53,historical_implied,historical,3.6539,PERMISSIVE,CALIBRATED - pending PI sign-off,
BAU,PWROILBRBXX,BRB,OIL,2029,0.2186,0.0,0.2186,0.53,historical_implied,historical,3.6539,PERMISSIVE,CALIBRATED - pending PI sign-off,
BAU,PWROILBRBXX,BRB,OIL,2030,0.2186,0.0,0.2186,0.53,historical_implied,historical,3.6539,PERMISSIVE,CALIBRATED - pending PI sign-off,
BAU,PWROILBRBXX,BRB,OIL,2031,0.2186,0.0,0.2186,0.506,historical_implied,historical,3.4884,PERMISSIVE,CALIBRATED - pending PI sign-off,
BAU,PWROILBRBXX,BRB,OIL,2032,0.2186,0.0,0.2186,0.482,historical_implied,historical,3.323,PERMISSIVE,CALIBRATED - pending PI sign-off,
BAU,PWROILBRBXX,BRB,OIL,2033,0.2186,0.0,0.2186,0.458,historical_implied,historical,3.1575,PERMISSIVE,CALIBRATED - pending PI sign-off,
BAU,PWROILBRBXX,BRB,OIL,2034,0.2186,0.0,0.2186,0.434,historical_implied,historical,2.9921,PERMISSIVE,CALIBRATED - pending PI sign-off,
BAU,PWROILBRBXX,BRB,OIL,2035,0.2186,0.0,0.2186,0.41,historical_implied,historical,2.8266,PERMISSIVE,CALIBRATED - pending PI sign-off,
BAU,PWROILBRBXX,BRB,OIL,2036,0.2186,0.0,0.2186,0.386,historical_implied,historical,2.6611,PERMISSIVE,CALIBRATED - pending PI sign-off,
BAU,PWROILBRBXX,BRB,OIL,2037,0.2186,0.0,0.2186,0.362,historical_implied,historical,2.4957,PERMISSIVE,CALIBRATED - pending PI sign-off,
BAU,PWROILBRBXX,BRB,OIL,2038,0.2186,0.0,0.2186,0.338,historical_implied,historical,2.3302,PERMISSIVE,CALIBRATED - pending PI sign-off,
BAU,PWROILBRBXX,BRB,OIL,2039,0.2186,0.0,0.2186,0.314,historical_implied,historical,2.1648,PERMISSIVE,CALIBRATED - pending PI sign-off,
BAU,PWROILBRBXX,BRB,OIL,2040,0.2186,0.0,0.2186,0.29,historical_implied,historical,1.9993,PERMISSIVE,CALIBRATED - pending PI sign-off,
BAU,PWROILBRBXX,BRB,OIL,2041,0.2186,0.0,0.2186,0.266,historical_implied,historical,1.8338,PERMISSIVE,CALIBRATED - pending PI sign-off,
BAU,PWROILBRBXX,BRB,OIL,2042,0.2186,0.0,0.2186,0.242,historical_implied,historical,1.6684,PERMISSIVE,CALIBRATED - pending PI sign-off,
BAU,PWROILBRBXX,BRB,OIL,2043,0.2186,0.0,0.2186,0.218,historical_implied,historical,1.5029,PERMISSIVE,CALIBRATED - pending PI sign-off,
BAU,PWROILBRBXX,BRB,OIL,2044,0.2186,0.0,0.2186,0.194,historical_implied,historical,1.3375,PERMISSIVE,CALIBRATED - pending PI sign-off,
BAU,PWROILBRBXX,BRB,OIL,2045,0.2186,0.0,0.2186,0.17,historical_implied,historical,1.172,PERMISSIVE,CALIBRATED - pending PI sign-off,
BAU,PWROILBRBXX,BRB,OIL,2046,0.252,0.0,0.252,0.146,historical_implied,historical,1.1603,PERMISSIVE,CALIBRATED - pending PI sign-off,
BAU,PWROILBRBXX,BRB,OIL,2047,0.252,0.0,0.252,0.122,historical_implied,historical,0.9696,PERMISSIVE,CALIBRATED - pending PI sign-off,
BAU,PWROILBRBXX,BRB,OIL,2048,0.252,0.0,0.252,0.098,historical_implied,historical,0.7788,PERMISSIVE,CALIBRATED - pending PI sign-off,
BAU,PWROILBRBXX,BRB,OIL,2049,0.252,0.0,0.252,0.074,historical_implied,historical,0.5881,PERMISSIVE,CALIBRATED - pending PI sign-off,
BAU,PWROILBRBXX,BRB,OIL,2050,0.252,0.0,0.252,0.05,historical_implied,historical,0.3974,PERMISSIVE,CALIBRATED - pending PI sign-off,
BAU,PWROILCHLXX,CHL,OIL,2046,2.125,0.0,2.125,0.03,plan_grounded,proxy,2.0104,PERMISSIVE,CALIBRATED - pending PI sign-off,
BAU,PWROILCHLXX,CHL,OIL,2047,2.125,0.0,2.125,0.03,plan_grounded,proxy,2.0104,PERMISSIVE,CALIBRATED - pending PI sign-off,
BAU,PWROILCHLXX,CHL,OIL,2048,2.125,0.0,2.125,0.03,plan_grounded,proxy,2.0104,PERMISSIVE,CALIBRATED - pending PI sign-off,
BAU,PWROILCHLXX,CHL,OIL,2049,2.125,0.0,2.125,0.03,plan_grounded,proxy,2.0104,PERMISSIVE,CALIBRATED - pending PI sign-off,
BAU,PWROILCHLXX,CHL,OIL,2050,2.125,0.0,2.125,0.03,plan_grounded,proxy,2.0104,PERMISSIVE,CALIBRATED - pending PI sign-off,
BAU,PWROILCOLXX,COL,OIL,2046,0.6877,0.0,0.6877,0.0577,fuel_fallback,proxy,1.2505,PERMISSIVE,CALIBRATED - pending PI sign-off,
BAU,PWROILCOLXX,COL,OIL,2047,0.6877,0.0,0.6877,0.0557,fuel_fallback,proxy,1.209,PERMISSIVE,CALIBRATED - pending PI sign-off,
BAU,PWROILCOLXX,COL,OIL,2048,0.6877,0.0,0.6877,0.0538,fuel_fallback,proxy,1.1674,PERMISSIVE,CALIBRATED - pending PI sign-off,
BAU,PWROILCOLXX,COL,OIL,2049,0.6877,0.0,0.6877,0.0519,fuel_fallback,proxy,1.1259,PERMISSIVE,CALIBRATED - pending PI sign-off,
BAU,PWROILCOLXX,COL,OIL,2050,0.6877,0.0,0.6877,0.05,fuel_fallback,proxy,1.0844,PERMISSIVE,CALIBRATED - pending PI sign-off,
BAU,PWROILCRIXX,CRI,OIL,2046,0.3792,0.0,0.3792,0.03,plan_grounded,grounded,0.3588,PERMISSIVE,CALIBRATED - pending PI sign-off,
BAU,PWROILCRIXX,CRI,OIL,2047,0.3792,0.0,0.3792,0.03,plan_grounded,grounded,0.3588,PERMISSIVE,CALIBRATED - pending PI sign-off,
BAU,PWROILCRIXX,CRI,OIL,2048,0.3792,0.0,0.3792,0.03,plan_grounded,grounded,0.3588,PERMISSIVE,CALIBRATED - pending PI sign-off,
BAU,PWROILCRIXX,CRI,OIL,2049,0.3792,0.0,0.3792,0.03,plan_grounded,grounded,0.3588,PERMISSIVE,CALIBRATED - pending PI sign-off,
BAU,PWROILCRIXX,CRI,OIL,2050,0.3792,0.0,0.3792,0.03,plan_grounded,grounded,0.3588,PERMISSIVE,CALIBRATED - pending PI sign-off,
BAU,PWROILDOMXX,DOM,OIL,2046,0.5446,0.0,0.5446,0.11,plan_grounded,grounded,1.8892,PERMISSIVE,CALIBRATED - pending PI sign-off,
BAU,PWROILDOMXX,DOM,OIL,2047,0.5446,0.0,0.5446,0.095,plan_grounded,grounded,1.6316,PERMISSIVE,CALIBRATED - pending PI sign-off,
BAU,PWROILDOMXX,DOM,OIL,2048,0.5446,0.0,0.5446,0.08,plan_grounded,grounded,1.374,PERMISSIVE,CALIBRATED - pending PI sign-off,
BAU,PWROILDOMXX,DOM,OIL,2049,0.5446,0.0,0.5446,0.065,plan_grounded,grounded,1.1163,PERMISSIVE,CALIBRATED - pending PI sign-off,
BAU,PWROILDOMXX,DOM,OIL,2050,0.5446,0.0,0.5446,0.05,plan_grounded,grounded,0.8587,PERMISSIVE,CALIBRATED - pending PI sign-off,
BAU,PWROILECUXX,ECU,OIL,2027,1.2524,0.0,1.2524,0.437,plan_grounded,grounded,17.2596,PERMISSIVE,CALIBRATED - pending PI sign-off,
BAU,PWROILECUXX,ECU,OIL,2028,1.2524,0.0,1.2524,0.437,plan_grounded,grounded,17.2596,PERMISSIVE,CALIBRATED - pending PI sign-off,
BAU,PWROILECUXX,ECU,OIL,2029,1.2524,0.0,1.2524,0.437,plan_grounded,grounded,17.2596,PERMISSIVE,CALIBRATED - pending PI sign-off,
BAU,PWROILECUXX,ECU,OIL,2030,1.2524,0.0,1.2524,0.437,plan_grounded,grounded,17.2596,PERMISSIVE,CALIBRATED - pending PI sign-off,
BAU,PWROILECUXX,ECU,OIL,2031,1.2524,0.0,1.2524,0.4177,plan_grounded,grounded,16.4954,PERMISSIVE,CALIBRATED - pending PI sign-off,
BAU,PWROILECUXX,ECU,OIL,2032,1.2524,0.0,1.2524,0.3983,plan_grounded,grounded,15.7311,PERMISSIVE,CALIBRATED - pending PI sign-off,
BAU,PWROILECUXX,ECU,OIL,2033,1.2524,0.0,1.2524,0.379,plan_grounded,grounded,14.9669,PERMISSIVE,CALIBRATED - pending PI sign-off,
BAU,PWROILECUXX,ECU,OIL,2034,1.2524,0.0,1.2524,0.3596,plan_grounded,grounded,14.2026,PERMISSIVE,CALIBRATED - pending PI sign-off,
BAU,PWROILECUXX,ECU,OIL,2035,1.2524,0.0,1.2524,0.3402,plan_grounded,grounded,13.4384,PERMISSIVE,CALIBRATED - pending PI sign-off,
BAU,PWROILECUXX,ECU,OIL,2036,1.2524,0.0,1.2524,0.3209,plan_grounded,grounded,12.6742,PERMISSIVE,CALIBRATED - pending PI sign-off,
BAU,PWROILECUXX,ECU,OIL,2037,1.2524,0.0,1.2524,0.3015,plan_grounded,grounded,11.9099,PERMISSIVE,CALIBRATED - pending PI sign-off,
BAU,PWROILECUXX,ECU,OIL,2038,1.2524,0.0,1.2524,0.2822,plan_grounded,grounded,11.1457,PERMISSIVE,CALIBRATED - pending PI sign-off,
BAU,PWROILECUXX,ECU,OIL,2039,1.2524,0.0,1.2524,0.2629,plan_grounded,grounded,10.3814,PERMISSIVE,CALIBRATED - pending PI sign-off,
BAU,PWROILECUXX,ECU,OIL,2040,1.2524,0.0,1.2524,0.2435,plan_grounded,grounded,9.6172,PERMISSIVE,CALIBRATED - pending PI sign-off,
BAU,PWROILECUXX,ECU,OIL,2041,1.2524,0.0,1.2524,0.2241,plan_grounded,grounded,8.853,PERMISSIVE,CALIBRATED - pending PI sign-off,
BAU,PWROILECUXX,ECU,OIL,2042,1.2524,0.0,1.2524,0.2048,plan_grounded,grounded,8.0887,PERMISSIVE,CALIBRATED - pending PI sign-off,
BAU,PWROILECUXX,ECU,OIL,2043,1.2524,0.0,1.2524,0.1855,plan_grounded,grounded,7.3245,PERMISSIVE,CALIBRATED - pending PI sign-off,
BAU,PWROILECUXX,ECU,OIL,2044,1.2524,0.0,1.2524,0.1661,plan_grounded,grounded,6.5602,PERMISSIVE,CALIBRATED - pending PI sign-off,
BAU,PWROILECUXX,ECU,OIL,2046,1.0686,0.0,1.0686,0.1274,plan_grounded,grounded,4.2933,PERMISSIVE,CALIBRATED - pending PI sign-off,
BAU,PWROILECUXX,ECU,OIL,2047,1.0686,0.0,1.0686,0.108,plan_grounded,grounded,3.6412,PERMISSIVE,CALIBRATED - pending PI sign-off,
BAU,PWROILECUXX,ECU,OIL,2048,1.0686,0.0,1.0686,0.0887,plan_grounded,grounded,2.9891,PERMISSIVE,CALIBRATED - pending PI sign-off,
BAU,PWROILECUXX,ECU,OIL,2049,1.0686,0.0,1.0686,0.0694,plan_grounded,grounded,2.3371,PERMISSIVE,CALIBRATED - pending PI sign-off,
BAU,PWROILECUXX,ECU,OIL,2050,1.0686,0.0,1.0686,0.05,plan_grounded,grounded,1.685,PERMISSIVE,CALIBRATED - pending PI sign-off,
BAU,PWROILGTMXX,GTM,OIL,2027,0.5137,0.0,0.5137,0.08,plan_grounded,grounded,1.296,PERMISSIVE,CALIBRATED - pending PI sign-off,
BAU,PWROILGTMXX,GTM,OIL,2028,0.5137,0.0,0.5137,0.08,plan_grounded,grounded,1.296,PERMISSIVE,CALIBRATED - pending PI sign-off,
BAU,PWROILGTMXX,GTM,OIL,2029,0.4986,0.0,0.4986,0.08,plan_grounded,grounded,1.2579,PERMISSIVE,CALIBRATED - pending PI sign-off,
BAU,PWROILGTMXX,GTM,OIL,2030,0.4986,0.0,0.4986,0.08,plan_grounded,grounded,1.2579,PERMISSIVE,CALIBRATED - pending PI sign-off,
BAU,PWROILGTMXX,GTM,OIL,2031,0.4739,0.0,0.4739,0.0785,plan_grounded,grounded,1.1732,PERMISSIVE,CALIBRATED - pending PI sign-off,
BAU,PWROILGTMXX,GTM,OIL,2032,0.4739,0.0,0.4739,0.077,plan_grounded,grounded,1.1508,PERMISSIVE,CALIBRATED - pending PI sign-off,
BAU,PWROILGTMXX,GTM,OIL,2033,0.4739,0.0,0.4739,0.0755,plan_grounded,grounded,1.1283,PERMISSIVE,CALIBRATED - pending PI sign-off,
BAU,PWROILGTMXX,GTM,OIL,2034,0.456,0.0,0.456,0.074,plan_grounded,grounded,1.0642,PERMISSIVE,CALIBRATED - pending PI sign-off,
BAU,PWROILGTMXX,GTM,OIL,2035,0.456,0.0,0.456,0.0725,plan_grounded,grounded,1.0426,PERMISSIVE,CALIBRATED - pending PI sign-off,
BAU,PWROILGTMXX,GTM,OIL,2036,0.456,0.0,0.456,0.071,plan_grounded,grounded,1.021,PERMISSIVE,CALIBRATED - pending PI sign-off,
BAU,PWROILGTMXX,GTM,OIL,2037,0.456,0.0,0.456,0.0695,plan_grounded,grounded,0.9994,PERMISSIVE,CALIBRATED - pending PI sign-off,
BAU,PWROILGTMXX,GTM,OIL,2038,0.4321,0.0,0.4321,0.068,plan_grounded,grounded,0.9266,PERMISSIVE,CALIBRATED - pending PI sign-off,
BAU,PWROILGTMXX,GTM,OIL,2039,0.1597,0.0,0.1597,0.0665,plan_grounded,grounded,0.3349,PERMISSIVE,CALIBRATED - pending PI sign-off,
BAU,PWROILGTMXX,GTM,OIL,2040,0.1597,0.0,0.1597,0.065,plan_grounded,grounded,0.3274,PERMISSIVE,CALIBRATED - pending PI sign-off,
BAU,PWROILGTMXX,GTM,OIL,2041,0.1597,0.0,0.1597,0.0635,plan_grounded,grounded,0.3198,PERMISSIVE,CALIBRATED - pending PI sign-off,
BAU,PWROILGTMXX,GTM,OIL,2042,0.1597,0.0,0.1597,0.062,plan_grounded,grounded,0.3123,PERMISSIVE,CALIBRATED - pending PI sign-off,
BAU,PWROILGTMXX,GTM,OIL,2043,0.1597,0.0,0.1597,0.0605,plan_grounded,grounded,0.3047,PERMISSIVE,CALIBRATED - pending PI sign-off,
BAU,PWROILGTMXX,GTM,OIL,2046,0.4003,0.0,0.4003,0.056,plan_grounded,grounded,0.7069,PERMISSIVE,CALIBRATED - pending PI sign-off,
BAU,PWROILGTMXX,GTM,OIL,2047,0.4003,0.0,0.4003,0.0545,plan_grounded,grounded,0.688,PERMISSIVE,CALIBRATED - pending PI sign-off,
BAU,PWROILGTMXX,GTM,OIL,2048,0.4003,0.0,0.4003,0.053,plan_grounded,grounded,0.6691,PERMISSIVE,CALIBRATED - pending PI sign-off,
BAU,PWROILGTMXX,GTM,OIL,2049,0.4003,0.0,0.4003,0.0515,plan_grounded,grounded,0.6501,PERMISSIVE,CALIBRATED - pending PI sign-off,
BAU,PWROILGTMXX,GTM,OIL,2050,0.4003,0.0,0.4003,0.05,plan_grounded,grounded,0.6312,PERMISSIVE,CALIBRATED - pending PI sign-off,
BAU,PWROILHNDXX,HND,OIL,2046,0.387,0.0,0.387,0.11,plan_grounded,grounded,1.3425,PERMISSIVE,CALIBRATED - pending PI sign-off,
BAU,PWROILHNDXX,HND,OIL,2047,0.387,0.0,0.387,0.095,plan_grounded,grounded,1.1594,PERMISSIVE,CALIBRATED - pending PI sign-off,
BAU,PWROILHNDXX,HND,OIL,2048,0.387,0.0,0.387,0.08,plan_grounded,grounded,0.9764,PERMISSIVE,CALIBRATED - pending PI sign-off,
BAU,PWROILHNDXX,HND,OIL,2049,0.387,0.0,0.387,0.065,plan_grounded,grounded,0.7933,PERMISSIVE,CALIBRATED - pending PI sign-off,
BAU,PWROILHNDXX,HND,OIL,2050,0.387,0.0,0.387,0.05,plan_grounded,grounded,0.6102,PERMISSIVE,CALIBRATED - pending PI sign-off,
BAU,PWROILHTIXX,HTI,OIL,2027,0.4004,0.0,0.4004,0.2016,historical_implied,historical,2.5462,PERMISSIVE,CALIBRATED - pending PI sign-off,
BAU,PWROILHTIXX,HTI,OIL,2028,0.4004,0.0,0.4004,0.2016,historical_implied,historical,2.5462,PERMISSIVE,CALIBRATED - pending PI sign-off,
BAU,PWROILHTIXX,HTI,OIL,2029,0.4004,0.0,0.4004,0.2016,historical_implied,historical,2.5462,PERMISSIVE,CALIBRATED - pending PI sign-off,
BAU,PWROILHTIXX,HTI,OIL,2030,0.4004,0.0,0.4004,0.2016,historical_implied,historical,2.5462,PERMISSIVE,CALIBRATED - pending PI sign-off,
BAU,PWROILHTIXX,HTI,OIL,2031,0.4004,0.0,0.4004,0.1941,historical_implied,historical,2.4505,PERMISSIVE,CALIBRATED - pending PI sign-off,
BAU,PWROILHTIXX,HTI,OIL,2032,0.4004,0.0,0.4004,0.1865,historical_implied,historical,2.3547,PERMISSIVE,CALIBRATED - pending PI sign-off,
BAU,PWROILHTIXX,HTI,OIL,2033,0.4004,0.0,0.4004,0.1789,historical_implied,historical,2.259,PERMISSIVE,CALIBRATED - pending PI sign-off,
BAU,PWROILHTIXX,HTI,OIL,2034,0.4004,0.0,0.4004,0.1713,historical_implied,historical,2.1632,PERMISSIVE,CALIBRATED - pending PI sign-off,
BAU,PWROILHTIXX,HTI,OIL,2035,0.4004,0.0,0.4004,0.1637,historical_implied,historical,2.0675,PERMISSIVE,CALIBRATED - pending PI sign-off,
BAU,PWROILHTIXX,HTI,OIL,2036,0.4004,0.0,0.4004,0.1562,historical_implied,historical,1.9717,PERMISSIVE,CALIBRATED - pending PI sign-off,
BAU,PWROILHTIXX,HTI,OIL,2037,0.4004,0.0,0.4004,0.1486,historical_implied,historical,1.876,PERMISSIVE,CALIBRATED - pending PI sign-off,
BAU,PWROILHTIXX,HTI,OIL,2038,0.4004,0.0,0.4004,0.141,historical_implied,historical,1.7803,PERMISSIVE,CALIBRATED - pending PI sign-off,
BAU,PWROILHTIXX,HTI,OIL,2039,0.4004,0.0,0.4004,0.1334,historical_implied,historical,1.6845,PERMISSIVE,CALIBRATED - pending PI sign-off,
BAU,PWROILHTIXX,HTI,OIL,2040,0.4004,0.0,0.4004,0.1258,historical_implied,historical,1.5888,PERMISSIVE,CALIBRATED - pending PI sign-off,
BAU,PWROILHTIXX,HTI,OIL,2041,0.4004,0.0,0.4004,0.1182,historical_implied,historical,1.493,PERMISSIVE,CALIBRATED - pending PI sign-off,
BAU,PWROILHTIXX,HTI,OIL,2042,0.4004,0.0,0.4004,0.1107,historical_implied,historical,1.3973,PERMISSIVE,CALIBRATED - pending PI sign-off,
BAU,PWROILHTIXX,HTI,OIL,2043,0.4004,0.0,0.4004,0.1031,historical_implied,historical,1.3015,PERMISSIVE,CALIBRATED - pending PI sign-off,
BAU,PWROILHTIXX,HTI,OIL,2044,0.4004,0.0,0.4004,0.0955,historical_implied,historical,1.2058,PERMISSIVE,CALIBRATED - pending PI sign-off,
BAU,PWROILHTIXX,HTI,OIL,2045,0.4004,0.0,0.4004,0.0879,historical_implied,historical,1.1101,PERMISSIVE,CALIBRATED - pending PI sign-off,
BAU,PWROILHTIXX,HTI,OIL,2046,0.1533,0.0,0.1533,0.0803,historical_implied,historical,0.3884,PERMISSIVE,CALIBRATED - pending PI sign-off,
BAU,PWROILHTIXX,HTI,OIL,2047,0.1533,0.0,0.1533,0.0727,historical_implied,historical,0.3517,PERMISSIVE,CALIBRATED - pending PI sign-off,
BAU,PWROILHTIXX,HTI,OIL,2048,0.1533,0.0,0.1533,0.0652,historical_implied,historical,0.315,PERMISSIVE,CALIBRATED - pending PI sign-off,
BAU,PWROILHTIXX,HTI,OIL,2049,0.1533,0.0,0.1533,0.0576,historical_implied,historical,0.2784,PERMISSIVE,CALIBRATED - pending PI sign-off,
BAU,PWROILHTIXX,HTI,OIL,2050,0.1533,0.0,0.1533,0.05,historical_implied,historical,0.2417,PERMISSIVE,CALIBRATED - pending PI sign-off,
BAU,PWROILNICXX,NIC,OIL,2046,0.8829,0.0,0.8829,0.0674,plan_grounded,grounded,1.8777,PERMISSIVE,CALIBRATED - pending PI sign-off,
BAU,PWROILNICXX,NIC,OIL,2047,0.8829,0.0,0.8829,0.0631,plan_grounded,grounded,1.7563,PERMISSIVE,CALIBRATED - pending PI sign-off,
BAU,PWROILNICXX,NIC,OIL,2048,0.8829,0.0,0.8829,0.0587,plan_grounded,grounded,1.6349,PERMISSIVE,CALIBRATED - pending PI sign-off,
BAU,PWROILNICXX,NIC,OIL,2049,0.8829,0.0,0.8829,0.0544,plan_grounded,grounded,1.5136,PERMISSIVE,CALIBRATED - pending PI sign-off,
BAU,PWROILNICXX,NIC,OIL,2050,0.8829,0.0,0.8829,0.05,plan_grounded,grounded,1.3922,PERMISSIVE,CALIBRATED - pending PI sign-off,
BAU,PWROILPANXX,PAN,OIL,2046,0.5008,0.0,0.5008,0.02,plan_grounded,grounded,0.3159,PERMISSIVE,CALIBRATED - pending PI sign-off,
BAU,PWROILPANXX,PAN,OIL,2047,0.5008,0.0,0.5008,0.02,plan_grounded,grounded,0.3159,PERMISSIVE,CALIBRATED - pending PI sign-off,
BAU,PWROILPANXX,PAN,OIL,2048,0.5008,0.0,0.5008,0.02,plan_grounded,grounded,0.3159,PERMISSIVE,CALIBRATED - pending PI sign-off,
BAU,PWROILPANXX,PAN,OIL,2049,0.5008,0.0,0.5008,0.02,plan_grounded,grounded,0.3159,PERMISSIVE,CALIBRATED - pending PI sign-off,
BAU,PWROILPANXX,PAN,OIL,2050,0.5008,0.0,0.5008,0.02,plan_grounded,grounded,0.3159,PERMISSIVE,CALIBRATED - pending PI sign-off,
BAU,PWROILPERXX,PER,OIL,2046,2.6845,0.0,2.6845,0.0577,fuel_fallback,proxy,4.8814,PERMISSIVE,CALIBRATED - pending PI sign-off,
BAU,PWROILPERXX,PER,OIL,2047,2.6845,0.0,2.6845,0.0557,fuel_fallback,proxy,4.7193,PERMISSIVE,CALIBRATED - pending PI sign-off,
BAU,PWROILPERXX,PER,OIL,2048,2.6845,0.0,2.6845,0.0538,fuel_fallback,proxy,4.5572,PERMISSIVE,CALIBRATED - pending PI sign-off,
BAU,PWROILPERXX,PER,OIL,2049,2.6845,0.0,2.6845,0.0519,fuel_fallback,proxy,4.395,PERMISSIVE,CALIBRATED - pending PI sign-off,
BAU,PWROILPERXX,PER,OIL,2050,2.6845,0.0,2.6845,0.05,fuel_fallback,proxy,4.2329,PERMISSIVE,CALIBRATED - pending PI sign-off,
BAU,PWROILSLVXX,SLV,OIL,2046,0.7717,0.0,0.7717,0.1,plan_grounded,grounded,2.4336,PERMISSIVE,CALIBRATED - pending PI sign-off,
BAU,PWROILSLVXX,SLV,OIL,2047,0.7717,0.0,0.7717,0.0875,plan_grounded,grounded,2.1294,PERMISSIVE,CALIBRATED - pending PI sign-off,
BAU,PWROILSLVXX,SLV,OIL,2048,0.7717,0.0,0.7717,0.075,plan_grounded,grounded,1.8252,PERMISSIVE,CALIBRATED - pending PI sign-off,
BAU,PWROILSLVXX,SLV,OIL,2049,0.7717,0.0,0.7717,0.0625,plan_grounded,grounded,1.521,PERMISSIVE,CALIBRATED - pending PI sign-off,
BAU,PWROILSLVXX,SLV,OIL,2050,0.7717,0.0,0.7717,0.05,plan_grounded,grounded,1.2168,PERMISSIVE,CALIBRATED - pending PI sign-off,
BAU,PWRPETARGXX,ARG,PET,2027,5.912,0.0,5.912,0.33,plan_grounded,grounded,61.5255,PERMISSIVE,CALIBRATED - pending PI sign-off,
BAU,PWRPETARGXX,ARG,PET,2028,5.912,0.0,5.912,0.33,plan_grounded,grounded,61.5255,PERMISSIVE,CALIBRATED - pending PI sign-off,
BAU,PWRPETARGXX,ARG,PET,2029,5.912,0.0,5.912,0.33,plan_grounded,grounded,61.5255,PERMISSIVE,CALIBRATED - pending PI sign-off,
BAU,PWRPETARGXX,ARG,PET,2030,5.912,0.0,5.912,0.33,plan_grounded,grounded,61.5255,PERMISSIVE,CALIBRATED - pending PI sign-off,
BAU,PWRPETARGXX,ARG,PET,2031,5.912,0.0,5.912,0.316,plan_grounded,grounded,58.9153,PERMISSIVE,CALIBRATED - pending PI sign-off,
BAU,PWRPETARGXX,ARG,PET,2032,5.912,0.0,5.912,0.302,plan_grounded,grounded,56.3051,PERMISSIVE,CALIBRATED - pending PI sign-off,
BAU,PWRPETARGXX,ARG,PET,2033,5.912,0.0,5.912,0.288,plan_grounded,grounded,53.695,PERMISSIVE,CALIBRATED - pending PI sign-off,
BAU,PWRPETARGXX,ARG,PET,2034,5.912,0.0,5.912,0.274,plan_grounded,grounded,51.0848,PERMISSIVE,CALIBRATED - pending PI sign-off,
BAU,PWRPETARGXX,ARG,PET,2035,5.912,0.0,5.912,0.26,plan_grounded,grounded,48.4746,PERMISSIVE,CALIBRATED - pending PI sign-off,
BAU,PWRPETARGXX,ARG,PET,2036,5.912,0.0,5.912,0.246,plan_grounded,grounded,45.8644,PERMISSIVE,CALIBRATED - pending PI sign-off,
BAU,PWRPETARGXX,ARG,PET,2037,5.912,0.0,5.912,0.232,plan_grounded,grounded,43.2543,PERMISSIVE,CALIBRATED - pending PI sign-off,
BAU,PWRPETARGXX,ARG,PET,2038,5.912,0.0,5.912,0.218,plan_grounded,grounded,40.6441,PERMISSIVE,CALIBRATED - pending PI sign-off,
BAU,PWRPETARGXX,ARG,PET,2039,5.912,0.0,5.912,0.204,plan_grounded,grounded,38.0339,PERMISSIVE,CALIBRATED - pending PI sign-off,
BAU,PWRPETARGXX,ARG,PET,2040,5.912,0.0,5.912,0.19,plan_grounded,grounded,35.4238,PERMISSIVE,CALIBRATED - pending PI sign-off,
BAU,PWRPETARGXX,ARG,PET,2041,5.912,0.0,5.912,0.176,plan_grounded,grounded,32.8136,PERMISSIVE,CALIBRATED - pending PI sign-off,
BAU,PWRPETARGXX,ARG,PET,2042,5.912,0.0,5.912,0.162,plan_grounded,grounded,30.2034,PERMISSIVE,CALIBRATED - pending PI sign-off,
BAU,PWRPETARGXX,ARG,PET,2043,5.912,0.0,5.912,0.148,plan_grounded,grounded,27.5932,PERMISSIVE,CALIBRATED - pending PI sign-off,
BAU,PWRPETARGXX,ARG,PET,2044,5.912,0.0,5.912,0.134,plan_grounded,grounded,24.9831,PERMISSIVE,CALIBRATED - pending PI sign-off,
BAU,PWRPETARGXX,ARG,PET,2045,5.912,0.0,5.912,0.12,plan_grounded,grounded,22.3729,PERMISSIVE,CALIBRATED - pending PI sign-off,
BAU,PWRPETBOLXX,BOL,PET,2027,0.1451,0.0,0.1451,0.1633,historical_implied,historical,0.7472,PERMISSIVE,CALIBRATED - pending PI sign-off,
BAU,PWRPETBOLXX,BOL,PET,2028,0.1451,0.0,0.1451,0.1633,historical_implied,historical,0.7472,PERMISSIVE,CALIBRATED - pending PI sign-off,
BAU,PWRPETBOLXX,BOL,PET,2029,0.1451,0.0,0.1451,0.1633,historical_implied,historical,0.7472,PERMISSIVE,CALIBRATED - pending PI sign-off,
BAU,PWRPETBOLXX,BOL,PET,2030,0.1451,0.0,0.1451,0.1633,historical_implied,historical,0.7472,PERMISSIVE,CALIBRATED - pending PI sign-off,
BAU,PWRPETBOLXX,BOL,PET,2031,0.1451,0.0,0.1451,0.1576,historical_implied,historical,0.7213,PERMISSIVE,CALIBRATED - pending PI sign-off,
BAU,PWRPETBOLXX,BOL,PET,2032,0.1451,0.0,0.1451,0.152,historical_implied,historical,0.6954,PERMISSIVE,CALIBRATED - pending PI sign-off,
BAU,PWRPETBOLXX,BOL,PET,2033,0.1451,0.0,0.1451,0.1463,historical_implied,historical,0.6694,PERMISSIVE,CALIBRATED - pending PI sign-off,
BAU,PWRPETBOLXX,BOL,PET,2034,0.1451,0.0,0.1451,0.1406,historical_implied,historical,0.6435,PERMISSIVE,CALIBRATED - pending PI sign-off,
BAU,PWRPETBOLXX,BOL,PET,2035,0.1451,0.0,0.1451,0.135,historical_implied,historical,0.6176,PERMISSIVE,CALIBRATED - pending PI sign-off,
BAU,PWRPETBOLXX,BOL,PET,2036,0.1451,0.0,0.1451,0.1293,historical_implied,historical,0.5917,PERMISSIVE,CALIBRATED - pending PI sign-off,
BAU,PWRPETBOLXX,BOL,PET,2037,0.1451,0.0,0.1451,0.1236,historical_implied,historical,0.5658,PERMISSIVE,CALIBRATED - pending PI sign-off,
BAU,PWRPETBOLXX,BOL,PET,2038,0.1451,0.0,0.1451,0.118,historical_implied,historical,0.5398,PERMISSIVE,CALIBRATED - pending PI sign-off,
BAU,PWRPETBOLXX,BOL,PET,2039,0.1451,0.0,0.1451,0.1123,historical_implied,historical,0.5139,PERMISSIVE,CALIBRATED - pending PI sign-off,
BAU,PWRPETBOLXX,BOL,PET,2040,0.1451,0.0,0.1451,0.1066,historical_implied,historical,0.488,PERMISSIVE,CALIBRATED - pending PI sign-off,
BAU,PWRPETBOLXX,BOL,PET,2041,0.1451,0.0,0.1451,0.101,historical_implied,historical,0.4621,PERMISSIVE,CALIBRATED - pending PI sign-off,
BAU,PWRPETBOLXX,BOL,PET,2042,0.1451,0.0,0.1451,0.0953,historical_implied,historical,0.4362,PERMISSIVE,CALIBRATED - pending PI sign-off,
BAU,PWRPETBOLXX,BOL,PET,2043,0.1451,0.0,0.1451,0.0897,historical_implied,historical,0.4102,PERMISSIVE,CALIBRATED - pending PI sign-off,
BAU,PWRPETBOLXX,BOL,PET,2044,0.1451,0.0,0.1451,0.084,historical_implied,historical,0.3843,PERMISSIVE,CALIBRATED - pending PI sign-off,
BAU,PWRPETBOLXX,BOL,PET,2045,0.1451,0.0,0.1451,0.0783,historical_implied,historical,0.3584,PERMISSIVE,CALIBRATED - pending PI sign-off,
BAU,PWRPETBOLXX,BOL,PET,2046,0.1451,0.0,0.1451,0.0727,historical_implied,historical,0.3325,PERMISSIVE,CALIBRATED - pending PI sign-off,
BAU,PWRPETBOLXX,BOL,PET,2047,0.1451,0.0,0.1451,0.067,historical_implied,historical,0.3066,PERMISSIVE,CALIBRATED - pending PI sign-off,
BAU,PWRPETBOLXX,BOL,PET,2048,0.1451,0.0,0.1451,0.0613,historical_implied,historical,0.2806,PERMISSIVE,CALIBRATED - pending PI sign-off,
BAU,PWRPETBOLXX,BOL,PET,2049,0.1451,0.0,0.1451,0.0557,historical_implied,historical,0.2547,PERMISSIVE,CALIBRATED - pending PI sign-off,
BAU,PWRPETBOLXX,BOL,PET,2050,0.1451,0.0,0.1451,0.05,historical_implied,historical,0.2288,PERMISSIVE,CALIBRATED - pending PI sign-off,
BAU,PWRPETBRAXX,BRA,PET,2027,9.198,0.0,9.198,0.2053,historical_implied,historical,59.5553,PERMISSIVE,CALIBRATED - pending PI sign-off,
BAU,PWRPETBRAXX,BRA,PET,2028,9.198,0.0,9.198,0.2053,historical_implied,historical,59.5553,PERMISSIVE,CALIBRATED - pending PI sign-off,
BAU,PWRPETBRAXX,BRA,PET,2029,9.198,0.0,9.198,0.2053,historical_implied,historical,59.5553,PERMISSIVE,CALIBRATED - pending PI sign-off,
BAU,PWRPETBRAXX,BRA,PET,2030,9.198,0.0,9.198,0.2053,historical_implied,historical,59.5553,PERMISSIVE,CALIBRATED - pending PI sign-off,
BAU,PWRPETBRAXX,BRA,PET,2031,9.198,0.0,9.198,0.1975,historical_implied,historical,57.3027,PERMISSIVE,CALIBRATED - pending PI sign-off,
BAU,PWRPETBRAXX,BRA,PET,2032,9.198,0.0,9.198,0.1898,historical_implied,historical,55.0501,PERMISSIVE,CALIBRATED - pending PI sign-off,
BAU,PWRPETBRAXX,BRA,PET,2033,9.198,0.0,9.198,0.182,historical_implied,historical,52.7975,PERMISSIVE,CALIBRATED - pending PI sign-off,
BAU,PWRPETBRAXX,BRA,PET,2034,9.198,0.0,9.198,0.1743,historical_implied,historical,50.5449,PERMISSIVE,CALIBRATED - pending PI sign-off,
BAU,PWRPETBRAXX,BRA,PET,2035,9.198,0.0,9.198,0.1665,historical_implied,historical,48.2923,PERMISSIVE,CALIBRATED - pending PI sign-off,
BAU,PWRPETBRAXX,BRA,PET,2036,9.198,0.0,9.198,0.1587,historical_implied,historical,46.0397,PERMISSIVE,CALIBRATED - pending PI sign-off,
BAU,PWRPETBRAXX,BRA,PET,2037,9.198,0.0,9.198,0.151,historical_implied,historical,43.7871,PERMISSIVE,CALIBRATED - pending PI sign-off,
BAU,PWRPETBRAXX,BRA,PET,2038,9.198,0.0,9.198,0.1432,historical_implied,historical,41.5345,PERMISSIVE,CALIBRATED - pending PI sign-off,
BAU,PWRPETBRAXX,BRA,PET,2039,9.198,0.0,9.198,0.1354,historical_implied,historical,39.2819,PERMISSIVE,CALIBRATED - pending PI sign-off,
BAU,PWRPETBRAXX,BRA,PET,2040,9.198,0.0,9.198,0.1277,historical_implied,historical,37.0294,PERMISSIVE,CALIBRATED - pending PI sign-off,
BAU,PWRPETBRAXX,BRA,PET,2041,9.198,0.0,9.198,0.1199,historical_implied,historical,34.7768,PERMISSIVE,CALIBRATED - pending PI sign-off,
BAU,PWRPETBRAXX,BRA,PET,2042,9.198,0.0,9.198,0.1121,historical_implied,historical,32.5242,PERMISSIVE,CALIBRATED - pending PI sign-off,
BAU,PWRPETBRAXX,BRA,PET,2043,9.198,0.0,9.198,0.1044,historical_implied,historical,30.2716,PERMISSIVE,CALIBRATED - pending PI sign-off,
BAU,PWRPETBRAXX,BRA,PET,2044,9.198,0.0,9.198,0.0966,historical_implied,historical,28.019,PERMISSIVE,CALIBRATED - pending PI sign-off,
BAU,PWRPETBRAXX,BRA,PET,2045,9.198,0.0,9.198,0.0888,historical_implied,historical,25.7664,PERMISSIVE,CALIBRATED - pending PI sign-off,
BAU,PWRPETBRBXX,BRB,PET,2027,0.0334,0.0,0.0334,0.1,plan_grounded,proxy,0.1053,PERMISSIVE,CALIBRATED - pending PI sign-off,
BAU,PWRPETBRBXX,BRB,PET,2028,0.0334,0.0,0.0334,0.1,plan_grounded,proxy,0.1053,PERMISSIVE,CALIBRATED - pending PI sign-off,
BAU,PWRPETBRBXX,BRB,PET,2029,0.0334,0.0,0.0334,0.1,plan_grounded,proxy,0.1053,PERMISSIVE,CALIBRATED - pending PI sign-off,
BAU,PWRPETBRBXX,BRB,PET,2030,0.0334,0.0,0.0334,0.1,plan_grounded,proxy,0.1053,PERMISSIVE,CALIBRATED - pending PI sign-off,
BAU,PWRPETBRBXX,BRB,PET,2031,0.0334,0.0,0.0334,0.0975,plan_grounded,proxy,0.1027,PERMISSIVE,CALIBRATED - pending PI sign-off,
BAU,PWRPETBRBXX,BRB,PET,2032,0.0334,0.0,0.0334,0.095,plan_grounded,proxy,0.1001,PERMISSIVE,CALIBRATED - pending PI sign-off,
BAU,PWRPETBRBXX,BRB,PET,2033,0.0334,0.0,0.0334,0.0925,plan_grounded,proxy,0.0974,PERMISSIVE,CALIBRATED - pending PI sign-off,
BAU,PWRPETBRBXX,BRB,PET,2034,0.0334,0.0,0.0334,0.09,plan_grounded,proxy,0.0948,PERMISSIVE,CALIBRATED - pending PI sign-off,
BAU,PWRPETBRBXX,BRB,PET,2035,0.0334,0.0,0.0334,0.0875,plan_grounded,proxy,0.0922,PERMISSIVE,CALIBRATED - pending PI sign-off,
BAU,PWRPETBRBXX,BRB,PET,2036,0.0334,0.0,0.0334,0.085,plan_grounded,proxy,0.0895,PERMISSIVE,CALIBRATED - pending PI sign-off,
BAU,PWRPETBRBXX,BRB,PET,2037,0.0334,0.0,0.0334,0.0825,plan_grounded,proxy,0.0869,PERMISSIVE,CALIBRATED - pending PI sign-off,
BAU,PWRPETBRBXX,BRB,PET,2038,0.0334,0.0,0.0334,0.08,plan_grounded,proxy,0.0843,PERMISSIVE,CALIBRATED - pending PI sign-off,
BAU,PWRPETBRBXX,BRB,PET,2039,0.0334,0.0,0.0334,0.0775,plan_grounded,proxy,0.0816,PERMISSIVE,CALIBRATED - pending PI sign-off,
BAU,PWRPETBRBXX,BRB,PET,2040,0.0334,0.0,0.0334,0.075,plan_grounded,proxy,0.079,PERMISSIVE,CALIBRATED - pending PI sign-off,
BAU,PWRPETBRBXX,BRB,PET,2041,0.0334,0.0,0.0334,0.0725,plan_grounded,proxy,0.0764,PERMISSIVE,CALIBRATED - pending PI sign-off,
BAU,PWRPETBRBXX,BRB,PET,2042,0.0334,0.0,0.0334,0.07,plan_grounded,proxy,0.0737,PERMISSIVE,CALIBRATED - pending PI sign-off,
BAU,PWRPETBRBXX,BRB,PET,2043,0.0334,0.0,0.0334,0.0675,plan_grounded,proxy,0.0711,PERMISSIVE,CALIBRATED - pending PI sign-off,
BAU,PWRPETBRBXX,BRB,PET,2044,0.0334,0.0,0.0334,0.065,plan_grounded,proxy,0.0685,PERMISSIVE,CALIBRATED - pending PI sign-off,
BAU,PWRPETBRBXX,BRB,PET,2045,0.0334,0.0,0.0334,0.0625,plan_grounded,proxy,0.0658,PERMISSIVE,CALIBRATED - pending PI sign-off,
BAU,PWRPETCHLXX,CHL,PET,2027,3.1053,0.0,3.1053,0.0791,historical_implied,historical,7.7435,PERMISSIVE,CALIBRATED - pending PI sign-off,
BAU,PWRPETCHLXX,CHL,PET,2028,3.1053,0.0,3.1053,0.0791,historical_implied,historical,7.7435,PERMISSIVE,CALIBRATED - pending PI sign-off,
BAU,PWRPETCHLXX,CHL,PET,2029,3.1053,0.0,3.1053,0.0791,historical_implied,historical,7.7435,PERMISSIVE,CALIBRATED - pending PI sign-off,
BAU,PWRPETCHLXX,CHL,PET,2030,3.1053,0.0,3.1053,0.0791,historical_implied,historical,7.7435,PERMISSIVE,CALIBRATED - pending PI sign-off,
BAU,PWRPETCHLXX,CHL,PET,2031,3.1053,0.0,3.1053,0.0776,historical_implied,historical,7.6011,PERMISSIVE,CALIBRATED - pending PI sign-off,
BAU,PWRPETCHLXX,CHL,PET,2032,3.1053,0.0,3.1053,0.0762,historical_implied,historical,7.4588,PERMISSIVE,CALIBRATED - pending PI sign-off,
BAU,PWRPETCHLXX,CHL,PET,2033,3.1053,0.0,3.1053,0.0747,historical_implied,historical,7.3164,PERMISSIVE,CALIBRATED - pending PI sign-off,
BAU,PWRPETCHLXX,CHL,PET,2046,0.9802,0.0,0.9802,0.0558,historical_implied,historical,1.7253,PERMISSIVE,CALIBRATED - pending PI sign-off,
BAU,PWRPETCHLXX,CHL,PET,2047,0.9802,0.0,0.9802,0.0544,historical_implied,historical,1.6804,PERMISSIVE,CALIBRATED - pending PI sign-off,
BAU,PWRPETCHLXX,CHL,PET,2048,0.9802,0.0,0.9802,0.0529,historical_implied,historical,1.6354,PERMISSIVE,CALIBRATED - pending PI sign-off,
BAU,PWRPETCHLXX,CHL,PET,2049,0.9802,0.0,0.9802,0.0515,historical_implied,historical,1.5905,PERMISSIVE,CALIBRATED - pending PI sign-off,
BAU,PWRPETCHLXX,CHL,PET,2050,0.9802,0.0,0.9802,0.05,historical_implied,historical,1.5456,PERMISSIVE,CALIBRATED - pending PI sign-off,
BAU,PWRPETCOLXX,COL,PET,2027,1.257,0.0,1.257,0.01,plan_grounded,grounded,0.3964,PERMISSIVE,CALIBRATED - pending PI sign-off,
BAU,PWRPETCOLXX,COL,PET,2028,1.257,0.0,1.257,0.01,plan_grounded,grounded,0.3964,PERMISSIVE,CALIBRATED - pending PI sign-off,
BAU,PWRPETCOLXX,COL,PET,2029,1.257,0.0,1.257,0.01,plan_grounded,grounded,0.3964,PERMISSIVE,CALIBRATED - pending PI sign-off,
BAU,PWRPETCOLXX,COL,PET,2030,1.257,0.0,1.257,0.01,plan_grounded,grounded,0.3964,PERMISSIVE,CALIBRATED - pending PI sign-off,
BAU,PWRPETCOLXX,COL,PET,2031,1.257,0.0,1.257,0.01,plan_grounded,grounded,0.3964,PERMISSIVE,CALIBRATED - pending PI sign-off,
BAU,PWRPETCOLXX,COL,PET,2032,1.257,0.0,1.257,0.01,plan_grounded,grounded,0.3964,PERMISSIVE,CALIBRATED - pending PI sign-off,
BAU,PWRPETCOLXX,COL,PET,2033,1.257,0.0,1.257,0.01,plan_grounded,grounded,0.3964,PERMISSIVE,CALIBRATED - pending PI sign-off,
BAU,PWRPETCOLXX,COL,PET,2034,1.257,0.0,1.257,0.01,plan_grounded,grounded,0.3964,PERMISSIVE,CALIBRATED - pending PI sign-off,
BAU,PWRPETCOLXX,COL,PET,2035,1.257,0.0,1.257,0.01,plan_grounded,grounded,0.3964,PERMISSIVE,CALIBRATED - pending PI sign-off,
BAU,PWRPETCOLXX,COL,PET,2036,1.257,0.0,1.257,0.01,plan_grounded,grounded,0.3964,PERMISSIVE,CALIBRATED - pending PI sign-off,
BAU,PWRPETCOLXX,COL,PET,2037,1.257,0.0,1.257,0.01,plan_grounded,grounded,0.3964,PERMISSIVE,CALIBRATED - pending PI sign-off,
BAU,PWRPETCOLXX,COL,PET,2038,1.257,0.0,1.257,0.01,plan_grounded,grounded,0.3964,PERMISSIVE,CALIBRATED - pending PI sign-off,
BAU,PWRPETCOLXX,COL,PET,2039,1.257,0.0,1.257,0.01,plan_grounded,grounded,0.3964,PERMISSIVE,CALIBRATED - pending PI sign-off,
BAU,PWRPETCOLXX,COL,PET,2040,1.257,0.0,1.257,0.01,plan_grounded,grounded,0.3964,PERMISSIVE,CALIBRATED - pending PI sign-off,
BAU,PWRPETCOLXX,COL,PET,2041,1.257,0.0,1.257,0.01,plan_grounded,grounded,0.3964,PERMISSIVE,CALIBRATED - pending PI sign-off,
BAU,PWRPETCOLXX,COL,PET,2042,1.257,0.0,1.257,0.01,plan_grounded,grounded,0.3964,PERMISSIVE,CALIBRATED - pending PI sign-off,
BAU,PWRPETCOLXX,COL,PET,2043,1.257,0.0,1.257,0.01,plan_grounded,grounded,0.3964,PERMISSIVE,CALIBRATED - pending PI sign-off,
BAU,PWRPETCOLXX,COL,PET,2044,1.257,0.0,1.257,0.01,plan_grounded,grounded,0.3964,PERMISSIVE,CALIBRATED - pending PI sign-off,
BAU,PWRPETCOLXX,COL,PET,2045,1.257,0.0,1.257,0.01,plan_grounded,grounded,0.3964,PERMISSIVE,CALIBRATED - pending PI sign-off,
BAU,PWRPETCOLXX,COL,PET,2046,0.5693,0.0,0.5693,0.01,plan_grounded,grounded,0.1795,PERMISSIVE,CALIBRATED - pending PI sign-off,
BAU,PWRPETCOLXX,COL,PET,2047,0.5693,0.0,0.5693,0.01,plan_grounded,grounded,0.1795,PERMISSIVE,CALIBRATED - pending PI sign-off,
BAU,PWRPETCOLXX,COL,PET,2048,0.5693,0.0,0.5693,0.01,plan_grounded,grounded,0.1795,PERMISSIVE,CALIBRATED - pending PI sign-off,
BAU,PWRPETCOLXX,COL,PET,2049,0.5693,0.0,0.5693,0.01,plan_grounded,grounded,0.1795,PERMISSIVE,CALIBRATED - pending PI sign-off,
BAU,PWRPETCOLXX,COL,PET,2050,0.5693,0.0,0.5693,0.01,plan_grounded,grounded,0.1795,PERMISSIVE,CALIBRATED - pending PI sign-off,
BAU,PWRPETCRIXX,CRI,PET,2027,0.381,0.0,0.381,0.1,fuel_fallback,proxy,1.2015,PERMISSIVE,CALIBRATED - pending PI sign-off,
BAU,PWRPETCRIXX,CRI,PET,2028,0.381,0.0,0.381,0.1,fuel_fallback,proxy,1.2015,PERMISSIVE,CALIBRATED - pending PI sign-off,
BAU,PWRPETCRIXX,CRI,PET,2029,0.381,0.0,0.381,0.1,fuel_fallback,proxy,1.2015,PERMISSIVE,CALIBRATED - pending PI sign-off,
BAU,PWRPETCRIXX,CRI,PET,2030,0.381,0.0,0.381,0.1,fuel_fallback,proxy,1.2015,PERMISSIVE,CALIBRATED - pending PI sign-off,
BAU,PWRPETCRIXX,CRI,PET,2031,0.381,0.0,0.381,0.0975,fuel_fallback,proxy,1.1715,PERMISSIVE,CALIBRATED - pending PI sign-off,
BAU,PWRPETCRIXX,CRI,PET,2032,0.381,0.0,0.381,0.095,fuel_fallback,proxy,1.1414,PERMISSIVE,CALIBRATED - pending PI sign-off,
BAU,PWRPETCRIXX,CRI,PET,2033,0.381,0.0,0.381,0.0925,fuel_fallback,proxy,1.1114,PERMISSIVE,CALIBRATED - pending PI sign-off,
BAU,PWRPETCRIXX,CRI,PET,2034,0.381,0.0,0.381,0.09,fuel_fallback,proxy,1.0814,PERMISSIVE,CALIBRATED - pending PI sign-off,
BAU,PWRPETCRIXX,CRI,PET,2035,0.381,0.0,0.381,0.0875,fuel_fallback,proxy,1.0513,PERMISSIVE,CALIBRATED - pending PI sign-off,
BAU,PWRPETCRIXX,CRI,PET,2036,0.381,0.0,0.381,0.085,fuel_fallback,proxy,1.0213,PERMISSIVE,CALIBRATED - pending PI sign-off,
BAU,PWRPETCRIXX,CRI,PET,2037,0.381,0.0,0.381,0.0825,fuel_fallback,proxy,0.9913,PERMISSIVE,CALIBRATED - pending PI sign-off,
BAU,PWRPETCRIXX,CRI,PET,2038,0.381,0.0,0.381,0.08,fuel_fallback,proxy,0.9612,PERMISSIVE,CALIBRATED - pending PI sign-off,
BAU,PWRPETCRIXX,CRI,PET,2039,0.381,0.0,0.381,0.0775,fuel_fallback,proxy,0.9312,PERMISSIVE,CALIBRATED - pending PI sign-off,
BAU,PWRPETCRIXX,CRI,PET,2040,0.381,0.0,0.381,0.075,fuel_fallback,proxy,0.9011,PERMISSIVE,CALIBRATED - pending PI sign-off,
BAU,PWRPETCRIXX,CRI,PET,2041,0.381,0.0,0.381,0.0725,fuel_fallback,proxy,0.8711,PERMISSIVE,CALIBRATED - pending PI sign-off,
BAU,PWRPETCRIXX,CRI,PET,2042,0.381,0.0,0.381,0.07,fuel_fallback,proxy,0.8411,PERMISSIVE,CALIBRATED - pending PI sign-off,
BAU,PWRPETCRIXX,CRI,PET,2043,0.381,0.0,0.381,0.0675,fuel_fallback,proxy,0.811,PERMISSIVE,CALIBRATED - pending PI sign-off,
BAU,PWRPETCRIXX,CRI,PET,2044,0.381,0.0,0.381,0.065,fuel_fallback,proxy,0.781,PERMISSIVE,CALIBRATED - pending PI sign-off,
BAU,PWRPETCRIXX,CRI,PET,2045,0.381,0.0,0.381,0.0625,fuel_fallback,proxy,0.751,PERMISSIVE,CALIBRATED - pending PI sign-off,
BAU,PWRPETCRIXX,CRI,PET,2046,0.0017,0.0,0.0017,0.06,fuel_fallback,proxy,0.0032,PERMISSIVE,CALIBRATED - pending PI sign-off,
BAU,PWRPETCRIXX,CRI,PET,2047,0.0017,0.0,0.0017,0.0575,fuel_fallback,proxy,0.0031,PERMISSIVE,CALIBRATED - pending PI sign-off,
BAU,PWRPETCRIXX,CRI,PET,2048,0.0017,0.0,0.0017,0.055,fuel_fallback,proxy,0.0029,PERMISSIVE,CALIBRATED - pending PI sign-off,
BAU,PWRPETCRIXX,CRI,PET,2049,0.0017,0.0,0.0017,0.0525,fuel_fallback,proxy,0.0028,PERMISSIVE,CALIBRATED - pending PI sign-off,
BAU,PWRPETCRIXX,CRI,PET,2050,0.0017,0.0,0.0017,0.05,fuel_fallback,proxy,0.0027,PERMISSIVE,CALIBRATED - pending PI sign-off,
BAU,PWRPETDOMXX,DOM,PET,2046,0.4964,0.0,0.4964,0.06,fuel_fallback,proxy,0.9393,PERMISSIVE,CALIBRATED - pending PI sign-off,
BAU,PWRPETDOMXX,DOM,PET,2047,0.4964,0.0,0.4964,0.0575,fuel_fallback,proxy,0.9001,PERMISSIVE,CALIBRATED - pending PI sign-off,
BAU,PWRPETDOMXX,DOM,PET,2048,0.4964,0.0,0.4964,0.055,fuel_fallback,proxy,0.861,PERMISSIVE,CALIBRATED - pending PI sign-off,
BAU,PWRPETDOMXX,DOM,PET,2049,0.4964,0.0,0.4964,0.0525,fuel_fallback,proxy,0.8219,PERMISSIVE,CALIBRATED - pending PI sign-off,
BAU,PWRPETDOMXX,DOM,PET,2050,0.4964,0.0,0.4964,0.05,fuel_fallback,proxy,0.7827,PERMISSIVE,CALIBRATED - pending PI sign-off,
BAU,PWRPETECUXX,ECU,PET,2027,2.1442,0.887,1.2572,0.3,plan_grounded,grounded,20.2858,PERMISSIVE,CALIBRATED - pending PI sign-off,2024.0
BAU,PWRPETECUXX,ECU,PET,2028,2.2442,0.987,1.2572,0.3,plan_grounded,grounded,21.2319,PERMISSIVE,CALIBRATED - pending PI sign-off,2024.0
BAU,PWRPETECUXX,ECU,PET,2029,2.2442,0.987,1.2572,0.3,plan_grounded,grounded,21.2319,PERMISSIVE,CALIBRATED - pending PI sign-off,2024.0
BAU,PWRPETECUXX,ECU,PET,2030,2.2442,0.987,1.2572,0.3,plan_grounded,grounded,21.2319,PERMISSIVE,CALIBRATED - pending PI sign-off,2024.0
BAU,PWRPETECUXX,ECU,PET,2031,2.2442,0.987,1.2572,0.2875,plan_grounded,grounded,20.3473,PERMISSIVE,CALIBRATED - pending PI sign-off,2024.0
BAU,PWRPETECUXX,ECU,PET,2032,2.2442,0.987,1.2572,0.275,plan_grounded,grounded,19.4626,PERMISSIVE,CALIBRATED - pending PI sign-off,2024.0
BAU,PWRPETECUXX,ECU,PET,2033,2.2442,0.987,1.2572,0.2625,plan_grounded,grounded,18.5779,PERMISSIVE,CALIBRATED - pending PI sign-off,2024.0
BAU,PWRPETECUXX,ECU,PET,2034,2.2442,0.987,1.2572,0.25,plan_grounded,grounded,17.6933,PERMISSIVE,CALIBRATED - pending PI sign-off,2024.0
BAU,PWRPETECUXX,ECU,PET,2035,2.2442,0.987,1.2572,0.2375,plan_grounded,grounded,16.8086,PERMISSIVE,CALIBRATED - pending PI sign-off,2024.0
BAU,PWRPETECUXX,ECU,PET,2036,2.2442,0.987,1.2572,0.225,plan_grounded,grounded,15.9239,PERMISSIVE,CALIBRATED - pending PI sign-off,2024.0
BAU,PWRPETECUXX,ECU,PET,2037,2.2442,0.987,1.2572,0.2125,plan_grounded,grounded,15.0393,PERMISSIVE,CALIBRATED - pending PI sign-off,2024.0
BAU,PWRPETECUXX,ECU,PET,2038,2.2442,0.987,1.2572,0.2,plan_grounded,grounded,14.1546,PERMISSIVE,CALIBRATED - pending PI sign-off,2024.0
BAU,PWRPETECUXX,ECU,PET,2039,2.2442,0.987,1.2572,0.1875,plan_grounded,grounded,13.27,PERMISSIVE,CALIBRATED - pending PI sign-off,2024.0
BAU,PWRPETECUXX,ECU,PET,2040,2.2442,0.987,1.2572,0.175,plan_grounded,grounded,12.3853,PERMISSIVE,CALIBRATED - pending PI sign-off,2024.0
BAU,PWRPETECUXX,ECU,PET,2041,2.2442,0.987,1.2572,0.1625,plan_grounded,grounded,11.5006,PERMISSIVE,CALIBRATED - pending PI sign-off,2024.0
BAU,PWRPETECUXX,ECU,PET,2042,2.2442,0.987,1.2572,0.15,plan_grounded,grounded,10.616,PERMISSIVE,CALIBRATED - pending PI sign-off,2024.0
BAU,PWRPETECUXX,ECU,PET,2043,2.2442,0.987,1.2572,0.1375,plan_grounded,grounded,9.7313,PERMISSIVE,CALIBRATED - pending PI sign-off,2024.0
BAU,PWRPETECUXX,ECU,PET,2044,2.2442,0.987,1.2572,0.125,plan_grounded,grounded,8.8466,PERMISSIVE,CALIBRATED - pending PI sign-off,2024.0
BAU,PWRPETECUXX,ECU,PET,2045,3.4966,0.987,2.5096,0.1125,plan_grounded,grounded,12.4052,PERMISSIVE,CALIBRATED - pending PI sign-off,2024.0
BAU,PWRPETECUXX,ECU,PET,2046,2.428,0.987,1.441,0.1,plan_grounded,grounded,7.6569,PERMISSIVE,CALIBRATED - pending PI sign-off,2024.0
BAU,PWRPETECUXX,ECU,PET,2047,2.428,0.987,1.441,0.0875,plan_grounded,grounded,6.6998,PERMISSIVE,CALIBRATED - pending PI sign-off,2024.0
BAU,PWRPETECUXX,ECU,PET,2048,2.428,0.987,1.441,0.075,plan_grounded,grounded,5.7427,PERMISSIVE,CALIBRATED - pending PI sign-off,2024.0
BAU,PWRPETECUXX,ECU,PET,2049,2.428,0.987,1.441,0.0625,plan_grounded,grounded,4.7856,PERMISSIVE,CALIBRATED - pending PI sign-off,2024.0
BAU,PWRPETECUXX,ECU,PET,2050,2.428,0.987,1.441,0.05,plan_grounded,grounded,3.8285,PERMISSIVE,CALIBRATED - pending PI sign-off,2024.0
BAU,PWRPETGTMXX,GTM,PET,2027,0.0555,0.0,0.0555,0.1,plan_grounded,proxy,0.175,PERMISSIVE,CALIBRATED - pending PI sign-off,
BAU,PWRPETGTMXX,GTM,PET,2028,0.0555,0.0,0.0555,0.1,plan_grounded,proxy,0.175,PERMISSIVE,CALIBRATED - pending PI sign-off,
BAU,PWRPETGTMXX,GTM,PET,2029,0.0706,0.0,0.0706,0.1,plan_grounded,proxy,0.2226,PERMISSIVE,CALIBRATED - pending PI sign-off,
BAU,PWRPETGTMXX,GTM,PET,2030,0.0706,0.0,0.0706,0.1,plan_grounded,proxy,0.2226,PERMISSIVE,CALIBRATED - pending PI sign-off,
BAU,PWRPETGTMXX,GTM,PET,2031,0.0953,0.0,0.0953,0.0975,plan_grounded,proxy,0.293,PERMISSIVE,CALIBRATED - pending PI sign-off,
BAU,PWRPETGTMXX,GTM,PET,2032,0.0953,0.0,0.0953,0.095,plan_grounded,proxy,0.2855,PERMISSIVE,CALIBRATED - pending PI sign-off,
BAU,PWRPETGTMXX,GTM,PET,2033,0.0953,0.0,0.0953,0.0925,plan_grounded,proxy,0.278,PERMISSIVE,CALIBRATED - pending PI sign-off,
BAU,PWRPETGTMXX,GTM,PET,2034,0.1132,0.0,0.1132,0.09,plan_grounded,proxy,0.3213,PERMISSIVE,CALIBRATED - pending PI sign-off,
BAU,PWRPETGTMXX,GTM,PET,2035,0.1132,0.0,0.1132,0.0875,plan_grounded,proxy,0.3124,PERMISSIVE,CALIBRATED - pending PI sign-off,
BAU,PWRPETGTMXX,GTM,PET,2036,0.1132,0.0,0.1132,0.085,plan_grounded,proxy,0.3034,PERMISSIVE,CALIBRATED - pending PI sign-off,
BAU,PWRPETGTMXX,GTM,PET,2037,0.1132,0.0,0.1132,0.0825,plan_grounded,proxy,0.2945,PERMISSIVE,CALIBRATED - pending PI sign-off,
BAU,PWRPETGTMXX,GTM,PET,2038,0.1371,0.0,0.1371,0.08,plan_grounded,proxy,0.3459,PERMISSIVE,CALIBRATED - pending PI sign-off,
BAU,PWRPETGTMXX,GTM,PET,2039,0.4095,0.0,0.4095,0.0775,plan_grounded,proxy,1.0008,PERMISSIVE,CALIBRATED - pending PI sign-off,
BAU,PWRPETGTMXX,GTM,PET,2040,0.4095,0.0,0.4095,0.075,plan_grounded,proxy,0.9685,PERMISSIVE,CALIBRATED - pending PI sign-off,
BAU,PWRPETGTMXX,GTM,PET,2041,0.4095,0.0,0.4095,0.0725,plan_grounded,proxy,0.9363,PERMISSIVE,CALIBRATED - pending PI sign-off,
BAU,PWRPETGTMXX,GTM,PET,2042,0.4095,0.0,0.4095,0.07,plan_grounded,proxy,0.904,PERMISSIVE,CALIBRATED - pending PI sign-off,
BAU,PWRPETGTMXX,GTM,PET,2043,0.4095,0.0,0.4095,0.0675,plan_grounded,proxy,0.8717,PERMISSIVE,CALIBRATED - pending PI sign-off,
BAU,PWRPETGTMXX,GTM,PET,2044,0.5692,0.0,0.5692,0.065,plan_grounded,proxy,1.1668,PERMISSIVE,CALIBRATED - pending PI sign-off,
BAU,PWRPETGTMXX,GTM,PET,2045,0.5692,0.0,0.5692,0.0625,plan_grounded,proxy,1.1219,PERMISSIVE,CALIBRATED - pending PI sign-off,
BAU,PWRPETGTMXX,GTM,PET,2046,0.1689,0.0,0.1689,0.06,plan_grounded,proxy,0.3196,PERMISSIVE,CALIBRATED - pending PI sign-off,
BAU,PWRPETGTMXX,GTM,PET,2047,0.1689,0.0,0.1689,0.0575,plan_grounded,proxy,0.3063,PERMISSIVE,CALIBRATED - pending PI sign-off,
BAU,PWRPETGTMXX,GTM,PET,2048,0.1689,0.0,0.1689,0.055,plan_grounded,proxy,0.293,PERMISSIVE,CALIBRATED - pending PI sign-off,
BAU,PWRPETGTMXX,GTM,PET,2049,0.1689,0.0,0.1689,0.0525,plan_grounded,proxy,0.2796,PERMISSIVE,CALIBRATED - pending PI sign-off,
BAU,PWRPETGTMXX,GTM,PET,2050,0.1689,0.0,0.1689,0.05,plan_grounded,proxy,0.2663,PERMISSIVE,CALIBRATED - pending PI sign-off,
BAU,PWRPETHNDXX,HND,PET,2027,1.1918,0.0,1.1918,0.35,plan_grounded,grounded,13.1546,PERMISSIVE,CALIBRATED - pending PI sign-off,
BAU,PWRPETHNDXX,HND,PET,2028,1.1918,0.0,1.1918,0.35,plan_grounded,grounded,13.1546,PERMISSIVE,CALIBRATED - pending PI sign-off,
BAU,PWRPETHNDXX,HND,PET,2029,1.1918,0.0,1.1918,0.35,plan_grounded,grounded,13.1546,PERMISSIVE,CALIBRATED - pending PI sign-off,
BAU,PWRPETHNDXX,HND,PET,2030,1.1918,0.0,1.1918,0.35,plan_grounded,grounded,13.1546,PERMISSIVE,CALIBRATED - pending PI sign-off,
BAU,PWRPETHNDXX,HND,PET,2031,1.1918,0.0,1.1918,0.335,plan_grounded,grounded,12.5908,PERMISSIVE,CALIBRATED - pending PI sign-off,
BAU,PWRPETHNDXX,HND,PET,2032,1.1918,0.0,1.1918,0.32,plan_grounded,grounded,12.0271,PERMISSIVE,CALIBRATED - pending PI sign-off,
BAU,PWRPETHNDXX,HND,PET,2033,1.1918,0.0,1.1918,0.305,plan_grounded,grounded,11.4633,PERMISSIVE,CALIBRATED - pending PI sign-off,
BAU,PWRPETHNDXX,HND,PET,2034,1.1918,0.0,1.1918,0.29,plan_grounded,grounded,10.8995,PERMISSIVE,CALIBRATED - pending PI sign-off,
BAU,PWRPETHNDXX,HND,PET,2035,1.1918,0.0,1.1918,0.275,plan_grounded,grounded,10.3358,PERMISSIVE,CALIBRATED - pending PI sign-off,
BAU,PWRPETHNDXX,HND,PET,2036,1.1918,0.0,1.1918,0.26,plan_grounded,grounded,9.772,PERMISSIVE,CALIBRATED - pending PI sign-off,
BAU,PWRPETHNDXX,HND,PET,2037,1.1918,0.0,1.1918,0.245,plan_grounded,grounded,9.2082,PERMISSIVE,CALIBRATED - pending PI sign-off,
BAU,PWRPETHNDXX,HND,PET,2038,1.1918,0.0,1.1918,0.23,plan_grounded,grounded,8.6445,PERMISSIVE,CALIBRATED - pending PI sign-off,
BAU,PWRPETHNDXX,HND,PET,2039,1.1918,0.0,1.1918,0.215,plan_grounded,grounded,8.0807,PERMISSIVE,CALIBRATED - pending PI sign-off,
BAU,PWRPETHNDXX,HND,PET,2040,1.1918,0.0,1.1918,0.2,plan_grounded,grounded,7.5169,PERMISSIVE,CALIBRATED - pending PI sign-off,
BAU,PWRPETHNDXX,HND,PET,2041,1.1918,0.0,1.1918,0.185,plan_grounded,grounded,6.9532,PERMISSIVE,CALIBRATED - pending PI sign-off,
BAU,PWRPETHNDXX,HND,PET,2042,1.1918,0.0,1.1918,0.17,plan_grounded,grounded,6.3894,PERMISSIVE,CALIBRATED - pending PI sign-off,
BAU,PWRPETHNDXX,HND,PET,2043,1.1918,0.0,1.1918,0.155,plan_grounded,grounded,5.8256,PERMISSIVE,CALIBRATED - pending PI sign-off,
BAU,PWRPETHNDXX,HND,PET,2044,1.1918,0.0,1.1918,0.14,plan_grounded,grounded,5.2618,PERMISSIVE,CALIBRATED - pending PI sign-off,
BAU,PWRPETHNDXX,HND,PET,2045,1.1918,0.0,1.1918,0.125,plan_grounded,grounded,4.6981,PERMISSIVE,CALIBRATED - pending PI sign-off,
BAU,PWRPETHNDXX,HND,PET,2046,0.8048,0.0,0.8048,0.11,plan_grounded,grounded,2.7918,PERMISSIVE,CALIBRATED - pending PI sign-off,
BAU,PWRPETHNDXX,HND,PET,2047,0.8048,0.0,0.8048,0.095,plan_grounded,grounded,2.4111,PERMISSIVE,CALIBRATED - pending PI sign-off,
BAU,PWRPETHNDXX,HND,PET,2048,0.8048,0.0,0.8048,0.08,plan_grounded,grounded,2.0304,PERMISSIVE,CALIBRATED - pending PI sign-off,
BAU,PWRPETHNDXX,HND,PET,2049,0.8048,0.0,0.8048,0.065,plan_grounded,grounded,1.6497,PERMISSIVE,CALIBRATED - pending PI sign-off,
BAU,PWRPETHNDXX,HND,PET,2050,0.8048,0.0,0.8048,0.05,plan_grounded,grounded,1.269,PERMISSIVE,CALIBRATED - pending PI sign-off,
BAU,PWRPETHTIXX,HTI,PET,2046,0.247,0.0,0.247,0.06,fuel_fallback,proxy,0.4674,PERMISSIVE,CALIBRATED - pending PI sign-off,
BAU,PWRPETHTIXX,HTI,PET,2047,0.247,0.0,0.247,0.0575,fuel_fallback,proxy,0.4479,PERMISSIVE,CALIBRATED - pending PI sign-off,
BAU,PWRPETHTIXX,HTI,PET,2048,0.247,0.0,0.247,0.055,fuel_fallback,proxy,0.4284,PERMISSIVE,CALIBRATED - pending PI sign-off,
BAU,PWRPETHTIXX,HTI,PET,2049,0.247,0.0,0.247,0.0525,fuel_fallback,proxy,0.4089,PERMISSIVE,CALIBRATED - pending PI sign-off,
BAU,PWRPETHTIXX,HTI,PET,2050,0.247,0.0,0.247,0.05,fuel_fallback,proxy,0.3895,PERMISSIVE,CALIBRATED - pending PI sign-off,
BAU,PWRPETMEXXX,MEX,PET,2027,11.301,0.0,11.301,0.0944,historical_implied,historical,33.6466,PERMISSIVE,CALIBRATED - pending PI sign-off,
BAU,PWRPETMEXXX,MEX,PET,2028,11.301,0.0,11.301,0.0944,historical_implied,historical,33.6466,PERMISSIVE,CALIBRATED - pending PI sign-off,
BAU,PWRPETMEXXX,MEX,PET,2029,11.301,0.0,11.301,0.0944,historical_implied,historical,33.6466,PERMISSIVE,CALIBRATED - pending PI sign-off,
BAU,PWRPETMEXXX,MEX,PET,2030,11.301,0.0,11.301,0.0944,historical_implied,historical,33.6466,PERMISSIVE,CALIBRATED - pending PI sign-off,
BAU,PWRPETMEXXX,MEX,PET,2031,11.301,0.0,11.301,0.0922,historical_implied,historical,32.8553,PERMISSIVE,CALIBRATED - pending PI sign-off,
BAU,PWRPETMEXXX,MEX,PET,2032,11.301,0.0,11.301,0.09,historical_implied,historical,32.0639,PERMISSIVE,CALIBRATED - pending PI sign-off,
BAU,PWRPETMEXXX,MEX,PET,2033,11.301,0.0,11.301,0.0877,historical_implied,historical,31.2725,PERMISSIVE,CALIBRATED - pending PI sign-off,
BAU,PWRPETMEXXX,MEX,PET,2034,11.301,0.0,11.301,0.0855,historical_implied,historical,30.4812,PERMISSIVE,CALIBRATED - pending PI sign-off,
BAU,PWRPETMEXXX,MEX,PET,2035,11.301,0.0,11.301,0.0833,historical_implied,historical,29.6898,PERMISSIVE,CALIBRATED - pending PI sign-off,
BAU,PWRPETMEXXX,MEX,PET,2036,11.301,0.0,11.301,0.0811,historical_implied,historical,28.8985,PERMISSIVE,CALIBRATED - pending PI sign-off,
BAU,PWRPETMEXXX,MEX,PET,2037,11.301,0.0,11.301,0.0789,historical_implied,historical,28.1071,PERMISSIVE,CALIBRATED - pending PI sign-off,
BAU,PWRPETMEXXX,MEX,PET,2038,11.301,0.0,11.301,0.0766,historical_implied,historical,27.3157,PERMISSIVE,CALIBRATED - pending PI sign-off,
BAU,PWRPETMEXXX,MEX,PET,2039,11.301,0.0,11.301,0.0744,historical_implied,historical,26.5244,PERMISSIVE,CALIBRATED - pending PI sign-off,
BAU,PWRPETMEXXX,MEX,PET,2040,11.301,0.0,11.301,0.0722,historical_implied,historical,25.733,PERMISSIVE,CALIBRATED - pending PI sign-off,
BAU,PWRPETMEXXX,MEX,PET,2041,11.301,0.0,11.301,0.07,historical_implied,historical,24.9417,PERMISSIVE,CALIBRATED - pending PI sign-off,
BAU,PWRPETMEXXX,MEX,PET,2042,11.301,0.0,11.301,0.0678,historical_implied,historical,24.1503,PERMISSIVE,CALIBRATED - pending PI sign-off,
BAU,PWRPETMEXXX,MEX,PET,2043,11.301,0.0,11.301,0.0655,historical_implied,historical,23.3589,PERMISSIVE,CALIBRATED - pending PI sign-off,
BAU,PWRPETMEXXX,MEX,PET,2044,11.301,0.0,11.301,0.0633,historical_implied,historical,22.5676,PERMISSIVE,CALIBRATED - pending PI sign-off,
BAU,PWRPETMEXXX,MEX,PET,2045,11.301,0.0,11.301,0.0611,historical_implied,historical,21.7762,PERMISSIVE,CALIBRATED - pending PI sign-off,
BAU,PWRPETPANXX,PAN,PET,2046,0.1497,0.0,0.1497,0.1098,historical_implied,historical,0.5183,PERMISSIVE,CALIBRATED - pending PI sign-off,
BAU,PWRPETPANXX,PAN,PET,2047,0.1497,0.0,0.1497,0.0948,historical_implied,historical,0.4478,PERMISSIVE,CALIBRATED - pending PI sign-off,
BAU,PWRPETPANXX,PAN,PET,2048,0.1497,0.0,0.1497,0.0799,historical_implied,historical,0.3772,PERMISSIVE,CALIBRATED - pending PI sign-off,
BAU,PWRPETPANXX,PAN,PET,2049,0.1497,0.0,0.1497,0.0649,historical_implied,historical,0.3066,PERMISSIVE,CALIBRATED - pending PI sign-off,
BAU,PWRPETPANXX,PAN,PET,2050,0.1497,0.0,0.1497,0.05,historical_implied,historical,0.236,PERMISSIVE,CALIBRATED - pending PI sign-off,
BAU,PWRPETPERXX,PER,PET,2027,4.0268,0.0,4.0268,0.0236,historical_implied,historical,3.002,PERMISSIVE,CALIBRATED - pending PI sign-off,
BAU,PWRPETPERXX,PER,PET,2028,4.0268,0.0,4.0268,0.0236,historical_implied,historical,3.002,PERMISSIVE,CALIBRATED - pending PI sign-off,
BAU,PWRPETPERXX,PER,PET,2029,4.0268,0.0,4.0268,0.0236,historical_implied,historical,3.002,PERMISSIVE,CALIBRATED - pending PI sign-off,
BAU,PWRPETPERXX,PER,PET,2030,4.0268,0.0,4.0268,0.0236,historical_implied,historical,3.002,PERMISSIVE,CALIBRATED - pending PI sign-off,
BAU,PWRPETPERXX,PER,PET,2031,4.0268,0.0,4.0268,0.0236,historical_implied,historical,3.002,PERMISSIVE,CALIBRATED - pending PI sign-off,
BAU,PWRPETPERXX,PER,PET,2032,4.0268,0.0,4.0268,0.0236,historical_implied,historical,3.002,PERMISSIVE,CALIBRATED - pending PI sign-off,
BAU,PWRPETPERXX,PER,PET,2033,4.0268,0.0,4.0268,0.0236,historical_implied,historical,3.002,PERMISSIVE,CALIBRATED - pending PI sign-off,
BAU,PWRPETPERXX,PER,PET,2034,4.0268,0.0,4.0268,0.0236,historical_implied,historical,3.002,PERMISSIVE,CALIBRATED - pending PI sign-off,
BAU,PWRPETPERXX,PER,PET,2035,4.0268,0.0,4.0268,0.0236,historical_implied,historical,3.002,PERMISSIVE,CALIBRATED - pending PI sign-off,
BAU,PWRPETPERXX,PER,PET,2036,4.0268,0.0,4.0268,0.0236,historical_implied,historical,3.002,PERMISSIVE,CALIBRATED - pending PI sign-off,
BAU,PWRPETPERXX,PER,PET,2037,4.0268,0.0,4.0268,0.0236,historical_implied,historical,3.002,PERMISSIVE,CALIBRATED - pending PI sign-off,
BAU,PWRPETPERXX,PER,PET,2038,4.0268,0.0,4.0268,0.0236,historical_implied,historical,3.002,PERMISSIVE,CALIBRATED - pending PI sign-off,
BAU,PWRPETPERXX,PER,PET,2039,4.0268,0.0,4.0268,0.0236,historical_implied,historical,3.002,PERMISSIVE,CALIBRATED - pending PI sign-off,
BAU,PWRPETPERXX,PER,PET,2040,4.0268,0.0,4.0268,0.0236,historical_implied,historical,3.002,PERMISSIVE,CALIBRATED - pending PI sign-off,
BAU,PWRPETPERXX,PER,PET,2041,4.0268,0.0,4.0268,0.0236,historical_implied,historical,3.002,PERMISSIVE,CALIBRATED - pending PI sign-off,
BAU,PWRPETPERXX,PER,PET,2042,4.0268,0.0,4.0268,0.0236,historical_implied,historical,3.002,PERMISSIVE,CALIBRATED - pending PI sign-off,
BAU,PWRPETPERXX,PER,PET,2043,4.0268,0.0,4.0268,0.0236,historical_implied,historical,3.002,PERMISSIVE,CALIBRATED - pending PI sign-off,
BAU,PWRPETPERXX,PER,PET,2044,4.0268,0.0,4.0268,0.0236,historical_implied,historical,3.002,PERMISSIVE,CALIBRATED - pending PI sign-off,
BAU,PWRPETPERXX,PER,PET,2045,4.0268,0.0,4.0268,0.0236,historical_implied,historical,3.002,PERMISSIVE,CALIBRATED - pending PI sign-off,
BAU,PWRPETPERXX,PER,PET,2046,1.3423,0.0,1.3423,0.0236,historical_implied,historical,1.0007,PERMISSIVE,CALIBRATED - pending PI sign-off,
BAU,PWRPETPERXX,PER,PET,2047,1.3423,0.0,1.3423,0.0236,historical_implied,historical,1.0007,PERMISSIVE,CALIBRATED - pending PI sign-off,
BAU,PWRPETPERXX,PER,PET,2048,1.3423,0.0,1.3423,0.0236,historical_implied,historical,1.0007,PERMISSIVE,CALIBRATED - pending PI sign-off,
BAU,PWRPETPERXX,PER,PET,2049,1.3423,0.0,1.3423,0.0236,historical_implied,historical,1.0007,PERMISSIVE,CALIBRATED - pending PI sign-off,
BAU,PWRPETPERXX,PER,PET,2050,1.3423,0.0,1.3423,0.0236,historical_implied,historical,1.0007,PERMISSIVE,CALIBRATED - pending PI sign-off,
BAU,PWRPETPRYXX,PRY,PET,2027,0.0005,0.0,0.0005,0.1966,historical_implied,historical,0.0031,PERMISSIVE,CALIBRATED - pending PI sign-off,
BAU,PWRPETPRYXX,PRY,PET,2028,0.0005,0.0,0.0005,0.1966,historical_implied,historical,0.0031,PERMISSIVE,CALIBRATED - pending PI sign-off,
BAU,PWRPETPRYXX,PRY,PET,2029,0.0005,0.0,0.0005,0.1966,historical_implied,historical,0.0031,PERMISSIVE,CALIBRATED - pending PI sign-off,
BAU,PWRPETPRYXX,PRY,PET,2030,0.0005,0.0,0.0005,0.1966,historical_implied,historical,0.0031,PERMISSIVE,CALIBRATED - pending PI sign-off,
BAU,PWRPETPRYXX,PRY,PET,2031,0.0005,0.0,0.0005,0.1893,historical_implied,historical,0.003,PERMISSIVE,CALIBRATED - pending PI sign-off,
BAU,PWRPETPRYXX,PRY,PET,2032,0.0005,0.0,0.0005,0.1819,historical_implied,historical,0.0029,PERMISSIVE,CALIBRATED - pending PI sign-off,
BAU,PWRPETPRYXX,PRY,PET,2033,0.0005,0.0,0.0005,0.1746,historical_implied,historical,0.0028,PERMISSIVE,CALIBRATED - pending PI sign-off,
BAU,PWRPETPRYXX,PRY,PET,2034,0.0005,0.0,0.0005,0.1673,historical_implied,historical,0.0026,PERMISSIVE,CALIBRATED - pending PI sign-off,
BAU,PWRPETPRYXX,PRY,PET,2035,0.0005,0.0,0.0005,0.16,historical_implied,historical,0.0025,PERMISSIVE,CALIBRATED - pending PI sign-off,
BAU,PWRPETPRYXX,PRY,PET,2036,0.0005,0.0,0.0005,0.1526,historical_implied,historical,0.0024,PERMISSIVE,CALIBRATED - pending PI sign-off,
BAU,PWRPETPRYXX,PRY,PET,2037,0.0005,0.0,0.0005,0.1453,historical_implied,historical,0.0023,PERMISSIVE,CALIBRATED - pending PI sign-off,
BAU,PWRPETPRYXX,PRY,PET,2038,0.0005,0.0,0.0005,0.138,historical_implied,historical,0.0022,PERMISSIVE,CALIBRATED - pending PI sign-off,
BAU,PWRPETPRYXX,PRY,PET,2039,0.0005,0.0,0.0005,0.1306,historical_implied,historical,0.0021,PERMISSIVE,CALIBRATED - pending PI sign-off,
BAU,PWRPETPRYXX,PRY,PET,2040,0.0005,0.0,0.0005,0.1233,historical_implied,historical,0.0019,PERMISSIVE,CALIBRATED - pending PI sign-off,
BAU,PWRPETPRYXX,PRY,PET,2041,0.0005,0.0,0.0005,0.116,historical_implied,historical,0.0018,PERMISSIVE,CALIBRATED - pending PI sign-off,
BAU,PWRPETPRYXX,PRY,PET,2042,0.0005,0.0,0.0005,0.1086,historical_implied,historical,0.0017,PERMISSIVE,CALIBRATED - pending PI sign-off,
BAU,PWRPETPRYXX,PRY,PET,2043,0.0005,0.0,0.0005,0.1013,historical_implied,historical,0.0016,PERMISSIVE,CALIBRATED - pending PI sign-off,
BAU,PWRPETPRYXX,PRY,PET,2044,0.0005,0.0,0.0005,0.094,historical_implied,historical,0.0015,PERMISSIVE,CALIBRATED - pending PI sign-off,
BAU,PWRPETPRYXX,PRY,PET,2045,0.0005,0.0,0.0005,0.0867,historical_implied,historical,0.0014,PERMISSIVE,CALIBRATED - pending PI sign-off,
BAU,PWRPETPRYXX,PRY,PET,2046,0.0005,0.0,0.0005,0.0793,historical_implied,historical,0.0013,PERMISSIVE,CALIBRATED - pending PI sign-off,
BAU,PWRPETPRYXX,PRY,PET,2047,0.0005,0.0,0.0005,0.072,historical_implied,historical,0.0011,PERMISSIVE,CALIBRATED - pending PI sign-off,
BAU,PWRPETPRYXX,PRY,PET,2048,0.0005,0.0,0.0005,0.0647,historical_implied,historical,0.001,PERMISSIVE,CALIBRATED - pending PI sign-off,
BAU,PWRPETPRYXX,PRY,PET,2049,0.0005,0.0,0.0005,0.0573,historical_implied,historical,0.0009,PERMISSIVE,CALIBRATED - pending PI sign-off,
BAU,PWRPETPRYXX,PRY,PET,2050,0.0005,0.0,0.0005,0.05,historical_implied,historical,0.0008,PERMISSIVE,CALIBRATED - pending PI sign-off,
BAU,PWRPETURYXX,URY,PET,2027,1.1767,0.0,1.1767,0.045,plan_grounded,grounded,1.6699,PERMISSIVE,CALIBRATED - pending PI sign-off,
BAU,PWRPETURYXX,URY,PET,2028,1.1767,0.0,1.1767,0.045,plan_grounded,grounded,1.6699,PERMISSIVE,CALIBRATED - pending PI sign-off,
BAU,PWRPETURYXX,URY,PET,2029,1.1767,0.0,1.1767,0.045,plan_grounded,grounded,1.6699,PERMISSIVE,CALIBRATED - pending PI sign-off,
BAU,PWRPETURYXX,URY,PET,2030,1.1767,0.0,1.1767,0.045,plan_grounded,grounded,1.6699,PERMISSIVE,CALIBRATED - pending PI sign-off,
BAU,PWRPETURYXX,URY,PET,2031,1.1767,0.0,1.1767,0.045,plan_grounded,grounded,1.6699,PERMISSIVE,CALIBRATED - pending PI sign-off,
BAU,PWRPETURYXX,URY,PET,2032,1.1767,0.0,1.1767,0.045,plan_grounded,grounded,1.6699,PERMISSIVE,CALIBRATED - pending PI sign-off,
BAU,PWRPETURYXX,URY,PET,2033,1.1767,0.0,1.1767,0.045,plan_grounded,grounded,1.6699,PERMISSIVE,CALIBRATED - pending PI sign-off,
BAU,PWRPETURYXX,URY,PET,2034,1.1767,0.0,1.1767,0.045,plan_grounded,grounded,1.6699,PERMISSIVE,CALIBRATED - pending PI sign-off,
BAU,PWRPETURYXX,URY,PET,2035,1.1767,0.0,1.1767,0.045,plan_grounded,grounded,1.6699,PERMISSIVE,CALIBRATED - pending PI sign-off,
BAU,PWRPETURYXX,URY,PET,2036,1.1767,0.0,1.1767,0.045,plan_grounded,grounded,1.6699,PERMISSIVE,CALIBRATED - pending PI sign-off,
BAU,PWRPETURYXX,URY,PET,2037,1.1767,0.0,1.1767,0.045,plan_grounded,grounded,1.6699,PERMISSIVE,CALIBRATED - pending PI sign-off,
BAU,PWRPETURYXX,URY,PET,2038,1.1767,0.0,1.1767,0.045,plan_grounded,grounded,1.6699,PERMISSIVE,CALIBRATED - pending PI sign-off,
BAU,PWRPETURYXX,URY,PET,2039,1.1767,0.0,1.1767,0.045,plan_grounded,grounded,1.6699,PERMISSIVE,CALIBRATED - pending PI sign-off,
BAU,PWRPETURYXX,URY,PET,2040,1.1767,0.0,1.1767,0.045,plan_grounded,grounded,1.6699,PERMISSIVE,CALIBRATED - pending PI sign-off,
BAU,PWRPETURYXX,URY,PET,2041,1.1767,0.0,1.1767,0.045,plan_grounded,grounded,1.6699,PERMISSIVE,CALIBRATED - pending PI sign-off,
BAU,PWRPETURYXX,URY,PET,2042,1.1767,0.0,1.1767,0.045,plan_grounded,grounded,1.6699,PERMISSIVE,CALIBRATED - pending PI sign-off,
BAU,PWRPETURYXX,URY,PET,2043,1.1767,0.0,1.1767,0.045,plan_grounded,grounded,1.6699,PERMISSIVE,CALIBRATED - pending PI sign-off,
BAU,PWRPETURYXX,URY,PET,2044,1.1767,0.0,1.1767,0.045,plan_grounded,grounded,1.6699,PERMISSIVE,CALIBRATED - pending PI sign-off,
BAU,PWRPETURYXX,URY,PET,2045,1.1767,0.0,1.1767,0.045,plan_grounded,grounded,1.6699,PERMISSIVE,CALIBRATED - pending PI sign-off,
BAU,PWRPETURYXX,URY,PET,2046,1.1767,0.0,1.1767,0.045,plan_grounded,grounded,1.6699,PERMISSIVE,CALIBRATED - pending PI sign-off,
BAU,PWRPETURYXX,URY,PET,2047,1.1767,0.0,1.1767,0.045,plan_grounded,grounded,1.6699,PERMISSIVE,CALIBRATED - pending PI sign-off,
BAU,PWRPETURYXX,URY,PET,2048,1.1767,0.0,1.1767,0.045,plan_grounded,grounded,1.6699,PERMISSIVE,CALIBRATED - pending PI sign-off,
BAU,PWRPETURYXX,URY,PET,2049,1.1767,0.0,1.1767,0.045,plan_grounded,grounded,1.6699,PERMISSIVE,CALIBRATED - pending PI sign-off,
BAU,PWRPETURYXX,URY,PET,2050,1.1767,0.0,1.1767,0.045,plan_grounded,grounded,1.6699,PERMISSIVE,CALIBRATED - pending PI sign-off,
INV,PWRCOAARGXX,ARG,COA,2027,0.65,0.0,0.65,0.37,plan_grounded,proxy,7.5844,PERMISSIVE,CALIBRATED - pending PI sign-off,
INV,PWRCOAARGXX,ARG,COA,2028,0.65,0.0,0.65,0.37,plan_grounded,proxy,7.5844,PERMISSIVE,CALIBRATED - pending PI sign-off,
INV,PWRCOAARGXX,ARG,COA,2029,0.65,0.0,0.65,0.37,plan_grounded,proxy,7.5844,PERMISSIVE,CALIBRATED - pending PI sign-off,
INV,PWRCOAARGXX,ARG,COA,2030,0.65,0.0,0.65,0.37,plan_grounded,proxy,7.5844,PERMISSIVE,CALIBRATED - pending PI sign-off,
INV,PWRCOAARGXX,ARG,COA,2031,0.65,0.0,0.65,0.354,plan_grounded,proxy,7.2564,PERMISSIVE,CALIBRATED - pending PI sign-off,
INV,PWRCOAARGXX,ARG,COA,2032,0.65,0.0,0.65,0.338,plan_grounded,proxy,6.9285,PERMISSIVE,CALIBRATED - pending PI sign-off,
INV,PWRCOAARGXX,ARG,COA,2033,0.65,0.0,0.65,0.322,plan_grounded,proxy,6.6005,PERMISSIVE,CALIBRATED - pending PI sign-off,
INV,PWRCOAARGXX,ARG,COA,2034,0.65,0.0,0.65,0.306,plan_grounded,proxy,6.2725,PERMISSIVE,CALIBRATED - pending PI sign-off,
INV,PWRCOAARGXX,ARG,COA,2035,0.65,0.0,0.65,0.29,plan_grounded,proxy,5.9445,PERMISSIVE,CALIBRATED - pending PI sign-off,
INV,PWRCOAARGXX,ARG,COA,2036,0.65,0.0,0.65,0.274,plan_grounded,proxy,5.6166,PERMISSIVE,CALIBRATED - pending PI sign-off,
INV,PWRCOAARGXX,ARG,COA,2037,0.65,0.0,0.65,0.258,plan_grounded,proxy,5.2886,PERMISSIVE,CALIBRATED - pending PI sign-off,
INV,PWRCOAARGXX,ARG,COA,2038,0.65,0.0,0.65,0.242,plan_grounded,proxy,4.9606,PERMISSIVE,CALIBRATED - pending PI sign-off,
INV,PWRCOAARGXX,ARG,COA,2039,0.65,0.0,0.65,0.226,plan_grounded,proxy,4.6326,PERMISSIVE,CALIBRATED - pending PI sign-off,
INV,PWRCOAARGXX,ARG,COA,2040,0.65,0.0,0.65,0.21,plan_grounded,proxy,4.3047,PERMISSIVE,CALIBRATED - pending PI sign-off,
INV,PWRCOAARGXX,ARG,COA,2041,0.65,0.0,0.65,0.194,plan_grounded,proxy,3.9767,PERMISSIVE,CALIBRATED - pending PI sign-off,
INV,PWRCOAARGXX,ARG,COA,2042,0.65,0.0,0.65,0.178,plan_grounded,proxy,3.6487,PERMISSIVE,CALIBRATED - pending PI sign-off,
INV,PWRCOAARGXX,ARG,COA,2043,0.65,0.0,0.65,0.162,plan_grounded,proxy,3.3207,PERMISSIVE,CALIBRATED - pending PI sign-off,
INV,PWRCOAARGXX,ARG,COA,2044,0.65,0.0,0.65,0.146,plan_grounded,proxy,2.9928,PERMISSIVE,CALIBRATED - pending PI sign-off,
INV,PWRCOAARGXX,ARG,COA,2045,0.65,0.0,0.65,0.13,plan_grounded,proxy,2.6648,PERMISSIVE,CALIBRATED - pending PI sign-off,
INV,PWRCOAARGXX,ARG,COA,2046,0.65,0.0,0.65,0.114,plan_grounded,proxy,2.3368,PERMISSIVE,CALIBRATED - pending PI sign-off,
INV,PWRCOAARGXX,ARG,COA,2047,0.65,0.0,0.65,0.098,plan_grounded,proxy,2.0088,PERMISSIVE,CALIBRATED - pending PI sign-off,
INV,PWRCOAARGXX,ARG,COA,2048,0.65,0.0,0.65,0.082,plan_grounded,proxy,1.6809,PERMISSIVE,CALIBRATED - pending PI sign-off,
INV,PWRCOAARGXX,ARG,COA,2049,0.65,0.0,0.65,0.066,plan_grounded,proxy,1.3529,PERMISSIVE,CALIBRATED - pending PI sign-off,
INV,PWRCOAARGXX,ARG,COA,2050,0.65,0.0,0.65,0.05,plan_grounded,proxy,1.0249,PERMISSIVE,CALIBRATED - pending PI sign-off,
INV,PWRCOABRAXX,BRA,COA,2027,3.086,0.0,3.086,0.2,plan_grounded,grounded,19.464,PERMISSIVE,CALIBRATED - pending PI sign-off,
INV,PWRCOABRAXX,BRA,COA,2028,3.086,0.0,3.086,0.2,plan_grounded,grounded,19.464,PERMISSIVE,CALIBRATED - pending PI sign-off,
INV,PWRCOABRAXX,BRA,COA,2029,3.086,0.0,3.086,0.2,plan_grounded,grounded,19.464,PERMISSIVE,CALIBRATED - pending PI sign-off,
INV,PWRCOABRAXX,BRA,COA,2030,3.086,0.0,3.086,0.2,plan_grounded,grounded,19.464,PERMISSIVE,CALIBRATED - pending PI sign-off,
INV,PWRCOABRAXX,BRA,COA,2031,3.086,0.0,3.086,0.1925,plan_grounded,grounded,18.7341,PERMISSIVE,CALIBRATED - pending PI sign-off,
INV,PWRCOABRAXX,BRA,COA,2032,3.086,0.0,3.086,0.185,plan_grounded,grounded,18.0042,PERMISSIVE,CALIBRATED - pending PI sign-off,
INV,PWRCOABRAXX,BRA,COA,2033,3.086,0.0,3.086,0.1775,plan_grounded,grounded,17.2743,PERMISSIVE,CALIBRATED - pending PI sign-off,
INV,PWRCOABRAXX,BRA,COA,2034,3.086,0.0,3.086,0.17,plan_grounded,grounded,16.5444,PERMISSIVE,CALIBRATED - pending PI sign-off,
INV,PWRCOABRAXX,BRA,COA,2035,3.086,0.0,3.086,0.1625,plan_grounded,grounded,15.8145,PERMISSIVE,CALIBRATED - pending PI sign-off,
INV,PWRCOABRAXX,BRA,COA,2036,3.086,0.0,3.086,0.155,plan_grounded,grounded,15.0846,PERMISSIVE,CALIBRATED - pending PI sign-off,
INV,PWRCOABRAXX,BRA,COA,2037,3.086,0.0,3.086,0.1475,plan_grounded,grounded,14.3547,PERMISSIVE,CALIBRATED - pending PI sign-off,
INV,PWRCOABRAXX,BRA,COA,2038,3.086,0.0,3.086,0.14,plan_grounded,grounded,13.6248,PERMISSIVE,CALIBRATED - pending PI sign-off,
INV,PWRCOABRAXX,BRA,COA,2039,3.086,0.0,3.086,0.1325,plan_grounded,grounded,12.8949,PERMISSIVE,CALIBRATED - pending PI sign-off,
INV,PWRCOABRAXX,BRA,COA,2040,3.086,0.0,3.086,0.125,plan_grounded,grounded,12.165,PERMISSIVE,CALIBRATED - pending PI sign-off,
INV,PWRCOABRAXX,BRA,COA,2041,3.086,0.0,3.086,0.1175,plan_grounded,grounded,11.4351,PERMISSIVE,CALIBRATED - pending PI sign-off,
INV,PWRCOABRAXX,BRA,COA,2042,3.086,0.0,3.086,0.11,plan_grounded,grounded,10.7052,PERMISSIVE,CALIBRATED - pending PI sign-off,
INV,PWRCOABRAXX,BRA,COA,2043,3.086,0.0,3.086,0.1025,plan_grounded,grounded,9.9753,PERMISSIVE,CALIBRATED - pending PI sign-off,
INV,PWRCOABRAXX,BRA,COA,2044,3.086,0.0,3.086,0.095,plan_grounded,grounded,9.2454,PERMISSIVE,CALIBRATED - pending PI sign-off,
INV,PWRCOABRAXX,BRA,COA,2045,3.086,0.0,3.086,0.0875,plan_grounded,grounded,8.5155,PERMISSIVE,CALIBRATED - pending PI sign-off,
INV,PWRCOABRAXX,BRA,COA,2046,3.086,0.0,3.086,0.08,plan_grounded,grounded,7.7856,PERMISSIVE,CALIBRATED - pending PI sign-off,
INV,PWRCOABRAXX,BRA,COA,2047,3.086,0.0,3.086,0.0725,plan_grounded,grounded,7.0557,PERMISSIVE,CALIBRATED - pending PI sign-off,
INV,PWRCOABRAXX,BRA,COA,2048,3.086,0.0,3.086,0.065,plan_grounded,grounded,6.3258,PERMISSIVE,CALIBRATED - pending PI sign-off,
INV,PWRCOABRAXX,BRA,COA,2049,3.086,0.0,3.086,0.0575,plan_grounded,grounded,5.5959,PERMISSIVE,CALIBRATED - pending PI sign-off,
INV,PWRCOABRAXX,BRA,COA,2050,3.086,0.0,3.086,0.05,plan_grounded,grounded,4.866,PERMISSIVE,CALIBRATED - pending PI sign-off,
INV,PWRCOACHLXX,CHL,COA,2027,3.7953,0.0,3.7953,0.35,plan_grounded,proxy,41.891,PERMISSIVE,CALIBRATED - pending PI sign-off,
INV,PWRCOACHLXX,CHL,COA,2028,3.7953,0.0,3.7953,0.35,plan_grounded,proxy,41.891,PERMISSIVE,CALIBRATED - pending PI sign-off,
INV,PWRCOACHLXX,CHL,COA,2029,3.7953,0.0,3.7953,0.35,plan_grounded,proxy,41.891,PERMISSIVE,CALIBRATED - pending PI sign-off,
INV,PWRCOACHLXX,CHL,COA,2030,3.7953,0.0,3.7953,0.35,plan_grounded,proxy,41.891,PERMISSIVE,CALIBRATED - pending PI sign-off,
INV,PWRCOACHLXX,CHL,COA,2031,3.7953,0.0,3.7953,0.335,plan_grounded,proxy,40.0957,PERMISSIVE,CALIBRATED - pending PI sign-off,
INV,PWRCOACHLXX,CHL,COA,2032,3.7953,0.0,3.7953,0.32,plan_grounded,proxy,38.3003,PERMISSIVE,CALIBRATED - pending PI sign-off,
INV,PWRCOACHLXX,CHL,COA,2033,3.7953,0.0,3.7953,0.305,plan_grounded,proxy,36.505,PERMISSIVE,CALIBRATED - pending PI sign-off,
INV,PWRCOACHLXX,CHL,COA,2034,3.7953,0.0,3.7953,0.29,plan_grounded,proxy,34.7097,PERMISSIVE,CALIBRATED - pending PI sign-off,
INV,PWRCOACHLXX,CHL,COA,2035,3.7953,0.0,3.7953,0.275,plan_grounded,proxy,32.9144,PERMISSIVE,CALIBRATED - pending PI sign-off,
INV,PWRCOACHLXX,CHL,COA,2036,3.7953,0.0,3.7953,0.26,plan_grounded,proxy,31.119,PERMISSIVE,CALIBRATED - pending PI sign-off,
INV,PWRCOACHLXX,CHL,COA,2037,3.7953,0.0,3.7953,0.245,plan_grounded,proxy,29.3237,PERMISSIVE,CALIBRATED - pending PI sign-off,
INV,PWRCOACHLXX,CHL,COA,2038,3.7953,0.0,3.7953,0.23,plan_grounded,proxy,27.5284,PERMISSIVE,CALIBRATED - pending PI sign-off,
INV,PWRCOACHLXX,CHL,COA,2039,3.7953,0.0,3.7953,0.215,plan_grounded,proxy,25.733,PERMISSIVE,CALIBRATED - pending PI sign-off,
INV,PWRCOACHLXX,CHL,COA,2040,3.7953,0.0,3.7953,0.2,plan_grounded,proxy,23.9377,PERMISSIVE,CALIBRATED - pending PI sign-off,
INV,PWRCOACHLXX,CHL,COA,2041,3.7953,0.0,3.7953,0.185,plan_grounded,proxy,22.1424,PERMISSIVE,CALIBRATED - pending PI sign-off,
INV,PWRCOACHLXX,CHL,COA,2042,3.7953,0.0,3.7953,0.17,plan_grounded,proxy,20.3471,PERMISSIVE,CALIBRATED - pending PI sign-off,
INV,PWRCOACHLXX,CHL,COA,2043,3.7953,0.0,3.7953,0.155,plan_grounded,proxy,18.5517,PERMISSIVE,CALIBRATED - pending PI sign-off,
INV,PWRCOACHLXX,CHL,COA,2044,3.7953,0.0,3.7953,0.14,plan_grounded,proxy,16.7564,PERMISSIVE,CALIBRATED - pending PI sign-off,
INV,PWRCOACHLXX,CHL,COA,2045,3.7953,0.0,3.7953,0.125,plan_grounded,proxy,14.9611,PERMISSIVE,CALIBRATED - pending PI sign-off,
INV,PWRCOACHLXX,CHL,COA,2046,3.7953,0.0,3.7953,0.11,plan_grounded,proxy,13.1657,PERMISSIVE,CALIBRATED - pending PI sign-off,
INV,PWRCOACHLXX,CHL,COA,2047,3.7953,0.0,3.7953,0.095,plan_grounded,proxy,11.3704,PERMISSIVE,CALIBRATED - pending PI sign-off,
INV,PWRCOACHLXX,CHL,COA,2048,3.7953,0.0,3.7953,0.08,plan_grounded,proxy,9.5751,PERMISSIVE,CALIBRATED - pending PI sign-off,
INV,PWRCOACHLXX,CHL,COA,2049,3.7953,0.0,3.7953,0.065,plan_grounded,proxy,7.7798,PERMISSIVE,CALIBRATED - pending PI sign-off,
INV,PWRCOACHLXX,CHL,COA,2050,3.7953,0.0,3.7953,0.05,plan_grounded,proxy,5.9844,PERMISSIVE,CALIBRATED - pending PI sign-off,
INV,PWRCOACOLXX,COL,COA,2027,1.6759,0.0,1.6759,0.28,plan_grounded,grounded,14.7983,PERMISSIVE,CALIBRATED - pending PI sign-off,
INV,PWRCOACOLXX,COL,COA,2028,1.6759,0.0,1.6759,0.28,plan_grounded,grounded,14.7983,PERMISSIVE,CALIBRATED - pending PI sign-off,
INV,PWRCOACOLXX,COL,COA,2029,1.6759,0.0,1.6759,0.28,plan_grounded,grounded,14.7983,PERMISSIVE,CALIBRATED - pending PI sign-off,
INV,PWRCOACOLXX,COL,COA,2030,1.6759,0.0,1.6759,0.28,plan_grounded,grounded,14.7983,PERMISSIVE,CALIBRATED - pending PI sign-off,
INV,PWRCOACOLXX,COL,COA,2031,1.6759,0.0,1.6759,0.2685,plan_grounded,grounded,14.1905,PERMISSIVE,CALIBRATED - pending PI sign-off,
INV,PWRCOACOLXX,COL,COA,2032,1.6759,0.0,1.6759,0.257,plan_grounded,grounded,13.5828,PERMISSIVE,CALIBRATED - pending PI sign-off,
INV,PWRCOACOLXX,COL,COA,2033,1.6759,0.0,1.6759,0.2455,plan_grounded,grounded,12.975,PERMISSIVE,CALIBRATED - pending PI sign-off,
INV,PWRCOACOLXX,COL,COA,2034,1.6759,0.0,1.6759,0.234,plan_grounded,grounded,12.3672,PERMISSIVE,CALIBRATED - pending PI sign-off,
INV,PWRCOACOLXX,COL,COA,2035,1.6759,0.0,1.6759,0.2225,plan_grounded,grounded,11.7594,PERMISSIVE,CALIBRATED - pending PI sign-off,
INV,PWRCOACOLXX,COL,COA,2036,1.6759,0.0,1.6759,0.211,plan_grounded,grounded,11.1516,PERMISSIVE,CALIBRATED - pending PI sign-off,
INV,PWRCOACOLXX,COL,COA,2037,1.6759,0.0,1.6759,0.1995,plan_grounded,grounded,10.5438,PERMISSIVE,CALIBRATED - pending PI sign-off,
INV,PWRCOACOLXX,COL,COA,2038,1.6759,0.0,1.6759,0.188,plan_grounded,grounded,9.936,PERMISSIVE,CALIBRATED - pending PI sign-off,
INV,PWRCOACOLXX,COL,COA,2039,1.6759,0.0,1.6759,0.1765,plan_grounded,grounded,9.3282,PERMISSIVE,CALIBRATED - pending PI sign-off,
INV,PWRCOACOLXX,COL,COA,2040,1.6759,0.0,1.6759,0.165,plan_grounded,grounded,8.7204,PERMISSIVE,CALIBRATED - pending PI sign-off,
INV,PWRCOACOLXX,COL,COA,2041,1.6759,0.0,1.6759,0.1535,plan_grounded,grounded,8.1127,PERMISSIVE,CALIBRATED - pending PI sign-off,
INV,PWRCOACOLXX,COL,COA,2042,1.6759,0.0,1.6759,0.142,plan_grounded,grounded,7.5049,PERMISSIVE,CALIBRATED - pending PI sign-off,
INV,PWRCOACOLXX,COL,COA,2043,1.6759,0.0,1.6759,0.1305,plan_grounded,grounded,6.8971,PERMISSIVE,CALIBRATED - pending PI sign-off,
INV,PWRCOACOLXX,COL,COA,2044,1.6759,0.0,1.6759,0.119,plan_grounded,grounded,6.2893,PERMISSIVE,CALIBRATED - pending PI sign-off,
INV,PWRCOACOLXX,COL,COA,2045,1.6759,0.0,1.6759,0.1075,plan_grounded,grounded,5.6815,PERMISSIVE,CALIBRATED - pending PI sign-off,
INV,PWRCOACOLXX,COL,COA,2046,1.6759,0.0,1.6759,0.096,plan_grounded,grounded,5.0737,PERMISSIVE,CALIBRATED - pending PI sign-off,
INV,PWRCOACOLXX,COL,COA,2047,1.6759,0.0,1.6759,0.0845,plan_grounded,grounded,4.4659,PERMISSIVE,CALIBRATED - pending PI sign-off,
INV,PWRCOACOLXX,COL,COA,2048,1.6759,0.0,1.6759,0.073,plan_grounded,grounded,3.8581,PERMISSIVE,CALIBRATED - pending PI sign-off,
INV,PWRCOACOLXX,COL,COA,2049,1.6759,0.0,1.6759,0.0615,plan_grounded,grounded,3.2503,PERMISSIVE,CALIBRATED - pending PI sign-off,
INV,PWRCOACOLXX,COL,COA,2050,1.6759,0.0,1.6759,0.05,plan_grounded,grounded,2.6426,PERMISSIVE,CALIBRATED - pending PI sign-off,
INV,PWRCOADOMXX,DOM,COA,2027,1.064,0.0,1.064,0.7,plan_grounded,grounded,23.488,PERMISSIVE,CALIBRATED - pending PI sign-off,
INV,PWRCOADOMXX,DOM,COA,2028,1.064,0.0,1.064,0.7,plan_grounded,grounded,23.488,PERMISSIVE,CALIBRATED - pending PI sign-off,
INV,PWRCOADOMXX,DOM,COA,2029,1.064,0.0,1.064,0.7,plan_grounded,grounded,23.488,PERMISSIVE,CALIBRATED - pending PI sign-off,
INV,PWRCOADOMXX,DOM,COA,2030,1.064,0.0,1.064,0.7,plan_grounded,grounded,23.488,PERMISSIVE,CALIBRATED - pending PI sign-off,
INV,PWRCOADOMXX,DOM,COA,2031,1.064,0.0,1.064,0.6675,plan_grounded,grounded,22.3975,PERMISSIVE,CALIBRATED - pending PI sign-off,
INV,PWRCOADOMXX,DOM,COA,2032,1.064,0.0,1.064,0.635,plan_grounded,grounded,21.307,PERMISSIVE,CALIBRATED - pending PI sign-off,
INV,PWRCOADOMXX,DOM,COA,2033,1.064,0.0,1.064,0.6025,plan_grounded,grounded,20.2165,PERMISSIVE,CALIBRATED - pending PI sign-off,
INV,PWRCOADOMXX,DOM,COA,2034,1.064,0.0,1.064,0.57,plan_grounded,grounded,19.126,PERMISSIVE,CALIBRATED - pending PI sign-off,
INV,PWRCOADOMXX,DOM,COA,2035,1.064,0.0,1.064,0.5375,plan_grounded,grounded,18.0354,PERMISSIVE,CALIBRATED - pending PI sign-off,
INV,PWRCOADOMXX,DOM,COA,2036,1.064,0.0,1.064,0.505,plan_grounded,grounded,16.9449,PERMISSIVE,CALIBRATED - pending PI sign-off,
INV,PWRCOADOMXX,DOM,COA,2037,1.064,0.0,1.064,0.4725,plan_grounded,grounded,15.8544,PERMISSIVE,CALIBRATED - pending PI sign-off,
INV,PWRCOADOMXX,DOM,COA,2038,1.064,0.0,1.064,0.44,plan_grounded,grounded,14.7639,PERMISSIVE,CALIBRATED - pending PI sign-off,
INV,PWRCOADOMXX,DOM,COA,2039,1.064,0.0,1.064,0.4075,plan_grounded,grounded,13.6734,PERMISSIVE,CALIBRATED - pending PI sign-off,
INV,PWRCOADOMXX,DOM,COA,2040,1.064,0.0,1.064,0.375,plan_grounded,grounded,12.5829,PERMISSIVE,CALIBRATED - pending PI sign-off,
INV,PWRCOADOMXX,DOM,COA,2041,1.064,0.0,1.064,0.3425,plan_grounded,grounded,11.4923,PERMISSIVE,CALIBRATED - pending PI sign-off,
INV,PWRCOADOMXX,DOM,COA,2042,1.064,0.0,1.064,0.31,plan_grounded,grounded,10.4018,PERMISSIVE,CALIBRATED - pending PI sign-off,
INV,PWRCOADOMXX,DOM,COA,2043,1.064,0.0,1.064,0.2775,plan_grounded,grounded,9.3113,PERMISSIVE,CALIBRATED - pending PI sign-off,
INV,PWRCOADOMXX,DOM,COA,2044,1.064,0.0,1.064,0.245,plan_grounded,grounded,8.2208,PERMISSIVE,CALIBRATED - pending PI sign-off,
INV,PWRCOADOMXX,DOM,COA,2045,1.064,0.0,1.064,0.2125,plan_grounded,grounded,7.1303,PERMISSIVE,CALIBRATED - pending PI sign-off,
INV,PWRCOADOMXX,DOM,COA,2046,1.064,0.0,1.064,0.18,plan_grounded,grounded,6.0398,PERMISSIVE,CALIBRATED - pending PI sign-off,
INV,PWRCOADOMXX,DOM,COA,2047,1.064,0.0,1.064,0.1475,plan_grounded,grounded,4.9493,PERMISSIVE,CALIBRATED - pending PI sign-off,
INV,PWRCOADOMXX,DOM,COA,2048,1.064,0.0,1.064,0.115,plan_grounded,grounded,3.8587,PERMISSIVE,CALIBRATED - pending PI sign-off,
INV,PWRCOADOMXX,DOM,COA,2049,1.064,0.0,1.064,0.0825,plan_grounded,grounded,2.7682,PERMISSIVE,CALIBRATED - pending PI sign-off,
INV,PWRCOADOMXX,DOM,COA,2050,1.064,0.0,1.064,0.05,plan_grounded,grounded,1.6777,PERMISSIVE,CALIBRATED - pending PI sign-off,
INV,PWRCOAGTMXX,GTM,COA,2027,0.5282,0.0,0.5282,0.5,plan_grounded,grounded,8.3287,PERMISSIVE,CALIBRATED - pending PI sign-off,
INV,PWRCOAGTMXX,GTM,COA,2028,0.5282,0.0,0.5282,0.5,plan_grounded,grounded,8.3287,PERMISSIVE,CALIBRATED - pending PI sign-off,
INV,PWRCOAGTMXX,GTM,COA,2029,0.5282,0.0,0.5282,0.5,plan_grounded,grounded,8.3287,PERMISSIVE,CALIBRATED - pending PI sign-off,
INV,PWRCOAGTMXX,GTM,COA,2030,0.5282,0.0,0.5282,0.5,plan_grounded,grounded,8.3287,PERMISSIVE,CALIBRATED - pending PI sign-off,
INV,PWRCOAGTMXX,GTM,COA,2031,0.5282,0.0,0.5282,0.4775,plan_grounded,grounded,7.9539,PERMISSIVE,CALIBRATED - pending PI sign-off,
INV,PWRCOAGTMXX,GTM,COA,2032,0.5282,0.0,0.5282,0.455,plan_grounded,grounded,7.5791,PERMISSIVE,CALIBRATED - pending PI sign-off,
INV,PWRCOAGTMXX,GTM,COA,2033,0.5282,0.0,0.5282,0.4325,plan_grounded,grounded,7.2043,PERMISSIVE,CALIBRATED - pending PI sign-off,
INV,PWRCOAGTMXX,GTM,COA,2034,0.5282,0.0,0.5282,0.41,plan_grounded,grounded,6.8295,PERMISSIVE,CALIBRATED - pending PI sign-off,
INV,PWRCOAGTMXX,GTM,COA,2035,0.5282,0.0,0.5282,0.3875,plan_grounded,grounded,6.4547,PERMISSIVE,CALIBRATED - pending PI sign-off,
INV,PWRCOAGTMXX,GTM,COA,2036,0.5282,0.0,0.5282,0.365,plan_grounded,grounded,6.0799,PERMISSIVE,CALIBRATED - pending PI sign-off,
INV,PWRCOAGTMXX,GTM,COA,2037,0.5282,0.0,0.5282,0.3425,plan_grounded,grounded,5.7051,PERMISSIVE,CALIBRATED - pending PI sign-off,
INV,PWRCOAGTMXX,GTM,COA,2038,0.5282,0.0,0.5282,0.32,plan_grounded,grounded,5.3303,PERMISSIVE,CALIBRATED - pending PI sign-off,
INV,PWRCOAGTMXX,GTM,COA,2039,0.5282,0.0,0.5282,0.2975,plan_grounded,grounded,4.9556,PERMISSIVE,CALIBRATED - pending PI sign-off,
INV,PWRCOAGTMXX,GTM,COA,2040,0.5282,0.0,0.5282,0.275,plan_grounded,grounded,4.5808,PERMISSIVE,CALIBRATED - pending PI sign-off,
INV,PWRCOAGTMXX,GTM,COA,2041,0.5282,0.0,0.5282,0.2525,plan_grounded,grounded,4.206,PERMISSIVE,CALIBRATED - pending PI sign-off,
INV,PWRCOAGTMXX,GTM,COA,2042,0.5282,0.0,0.5282,0.23,plan_grounded,grounded,3.8312,PERMISSIVE,CALIBRATED - pending PI sign-off,
INV,PWRCOAGTMXX,GTM,COA,2043,0.5282,0.0,0.5282,0.2075,plan_grounded,grounded,3.4564,PERMISSIVE,CALIBRATED - pending PI sign-off,
INV,PWRCOAGTMXX,GTM,COA,2044,0.5282,0.0,0.5282,0.185,plan_grounded,grounded,3.0816,PERMISSIVE,CALIBRATED - pending PI sign-off,
INV,PWRCOAGTMXX,GTM,COA,2045,0.5282,0.0,0.5282,0.1625,plan_grounded,grounded,2.7068,PERMISSIVE,CALIBRATED - pending PI sign-off,
INV,PWRCOAGTMXX,GTM,COA,2046,0.5282,0.0,0.5282,0.14,plan_grounded,grounded,2.332,PERMISSIVE,CALIBRATED - pending PI sign-off,
INV,PWRCOAGTMXX,GTM,COA,2047,0.5282,0.0,0.5282,0.1175,plan_grounded,grounded,1.9572,PERMISSIVE,CALIBRATED - pending PI sign-off,
INV,PWRCOAGTMXX,GTM,COA,2048,0.5282,0.0,0.5282,0.095,plan_grounded,grounded,1.5824,PERMISSIVE,CALIBRATED - pending PI sign-off,
INV,PWRCOAGTMXX,GTM,COA,2049,0.5282,0.0,0.5282,0.0725,plan_grounded,grounded,1.2077,PERMISSIVE,CALIBRATED - pending PI sign-off,
INV,PWRCOAGTMXX,GTM,COA,2050,0.5282,0.0,0.5282,0.05,plan_grounded,grounded,0.8329,PERMISSIVE,CALIBRATED - pending PI sign-off,
INV,PWRCOAMEXXX,MEX,COA,2027,5.463,0.0,5.463,0.3061,historical_implied,historical,52.7313,PERMISSIVE,CALIBRATED - pending PI sign-off,
INV,PWRCOAMEXXX,MEX,COA,2028,5.463,0.0,5.463,0.3061,historical_implied,historical,52.7313,PERMISSIVE,CALIBRATED - pending PI sign-off,
INV,PWRCOAMEXXX,MEX,COA,2029,5.463,0.0,5.463,0.3061,historical_implied,historical,52.7313,PERMISSIVE,CALIBRATED - pending PI sign-off,
INV,PWRCOAMEXXX,MEX,COA,2030,5.463,0.0,5.463,0.3061,historical_implied,historical,52.7313,PERMISSIVE,CALIBRATED - pending PI sign-off,
INV,PWRCOAMEXXX,MEX,COA,2031,5.463,0.0,5.463,0.2933,historical_implied,historical,50.5254,PERMISSIVE,CALIBRATED - pending PI sign-off,
INV,PWRCOAMEXXX,MEX,COA,2032,5.463,0.0,5.463,0.2805,historical_implied,historical,48.3196,PERMISSIVE,CALIBRATED - pending PI sign-off,
INV,PWRCOAMEXXX,MEX,COA,2033,5.463,0.0,5.463,0.2677,historical_implied,historical,46.1137,PERMISSIVE,CALIBRATED - pending PI sign-off,
INV,PWRCOAMEXXX,MEX,COA,2034,5.463,0.0,5.463,0.2549,historical_implied,historical,43.9079,PERMISSIVE,CALIBRATED - pending PI sign-off,
INV,PWRCOAMEXXX,MEX,COA,2035,5.463,0.0,5.463,0.2421,historical_implied,historical,41.702,PERMISSIVE,CALIBRATED - pending PI sign-off,
INV,PWRCOAMEXXX,MEX,COA,2036,5.463,0.0,5.463,0.2293,historical_implied,historical,39.4961,PERMISSIVE,CALIBRATED - pending PI sign-off,
INV,PWRCOAMEXXX,MEX,COA,2037,5.463,0.0,5.463,0.2165,historical_implied,historical,37.2903,PERMISSIVE,CALIBRATED - pending PI sign-off,
INV,PWRCOAMEXXX,MEX,COA,2038,5.463,0.0,5.463,0.2036,historical_implied,historical,35.0844,PERMISSIVE,CALIBRATED - pending PI sign-off,
INV,PWRCOAMEXXX,MEX,COA,2039,5.463,0.0,5.463,0.1908,historical_implied,historical,32.8785,PERMISSIVE,CALIBRATED - pending PI sign-off,
INV,PWRCOAMEXXX,MEX,COA,2040,5.463,0.0,5.463,0.178,historical_implied,historical,30.6727,PERMISSIVE,CALIBRATED - pending PI sign-off,
INV,PWRCOAMEXXX,MEX,COA,2041,5.463,0.0,5.463,0.1652,historical_implied,historical,28.4668,PERMISSIVE,CALIBRATED - pending PI sign-off,
INV,PWRCOAMEXXX,MEX,COA,2042,5.463,0.0,5.463,0.1524,historical_implied,historical,26.261,PERMISSIVE,CALIBRATED - pending PI sign-off,
INV,PWRCOAMEXXX,MEX,COA,2043,5.463,0.0,5.463,0.1396,historical_implied,historical,24.0551,PERMISSIVE,CALIBRATED - pending PI sign-off,
INV,PWRCOAMEXXX,MEX,COA,2044,5.463,0.0,5.463,0.1268,historical_implied,historical,21.8492,PERMISSIVE,CALIBRATED - pending PI sign-off,
INV,PWRCOAMEXXX,MEX,COA,2045,5.463,0.0,5.463,0.114,historical_implied,historical,19.6434,PERMISSIVE,CALIBRATED - pending PI sign-off,
INV,PWRCOAMEXXX,MEX,COA,2046,5.463,0.0,5.463,0.1012,historical_implied,historical,17.4375,PERMISSIVE,CALIBRATED - pending PI sign-off,
INV,PWRCOAMEXXX,MEX,COA,2047,5.463,0.0,5.463,0.0884,historical_implied,historical,15.2316,PERMISSIVE,CALIBRATED - pending PI sign-off,
INV,PWRCOAMEXXX,MEX,COA,2048,5.463,0.0,5.463,0.0756,historical_implied,historical,13.0258,PERMISSIVE,CALIBRATED - pending PI sign-off,
INV,PWRCOAMEXXX,MEX,COA,2049,5.463,0.0,5.463,0.0628,historical_implied,historical,10.8199,PERMISSIVE,CALIBRATED - pending PI sign-off,
INV,PWRCOAMEXXX,MEX,COA,2050,5.463,0.0,5.463,0.05,historical_implied,historical,8.6141,PERMISSIVE,CALIBRATED - pending PI sign-off,
INV,PWRCOAPANXX,PAN,COA,2027,0.3,0.0,0.3,0.01,plan_grounded,grounded,0.0946,PERMISSIVE,CALIBRATED - pending PI sign-off,
INV,PWRCOAPANXX,PAN,COA,2028,0.3,0.0,0.3,0.01,plan_grounded,grounded,0.0946,PERMISSIVE,CALIBRATED - pending PI sign-off,
INV,PWRCOAPANXX,PAN,COA,2029,0.3,0.0,0.3,0.01,plan_grounded,grounded,0.0946,PERMISSIVE,CALIBRATED - pending PI sign-off,
INV,PWRCOAPANXX,PAN,COA,2030,0.3,0.0,0.3,0.01,plan_grounded,grounded,0.0946,PERMISSIVE,CALIBRATED - pending PI sign-off,
INV,PWRCOAPANXX,PAN,COA,2031,0.3,0.0,0.3,0.01,plan_grounded,grounded,0.0946,PERMISSIVE,CALIBRATED - pending PI sign-off,
INV,PWRCOAPANXX,PAN,COA,2032,0.3,0.0,0.3,0.01,plan_grounded,grounded,0.0946,PERMISSIVE,CALIBRATED - pending PI sign-off,
INV,PWRCOAPANXX,PAN,COA,2033,0.3,0.0,0.3,0.01,plan_grounded,grounded,0.0946,PERMISSIVE,CALIBRATED - pending PI sign-off,
INV,PWRCOAPANXX,PAN,COA,2034,0.3,0.0,0.3,0.01,plan_grounded,grounded,0.0946,PERMISSIVE,CALIBRATED - pending PI sign-off,
INV,PWRCOAPANXX,PAN,COA,2035,0.3,0.0,0.3,0.01,plan_grounded,grounded,0.0946,PERMISSIVE,CALIBRATED - pending PI sign-off,
INV,PWRCOAPANXX,PAN,COA,2036,0.3,0.0,0.3,0.01,plan_grounded,grounded,0.0946,PERMISSIVE,CALIBRATED - pending PI sign-off,
INV,PWRCOAPANXX,PAN,COA,2037,0.3,0.0,0.3,0.01,plan_grounded,grounded,0.0946,PERMISSIVE,CALIBRATED - pending PI sign-off,
INV,PWRCOAPANXX,PAN,COA,2038,0.3,0.0,0.3,0.01,plan_grounded,grounded,0.0946,PERMISSIVE,CALIBRATED - pending PI sign-off,
INV,PWRCOAPANXX,PAN,COA,2039,0.3,0.0,0.3,0.01,plan_grounded,grounded,0.0946,PERMISSIVE,CALIBRATED - pending PI sign-off,
INV,PWRCOAPANXX,PAN,COA,2040,0.3,0.0,0.3,0.01,plan_grounded,grounded,0.0946,PERMISSIVE,CALIBRATED - pending PI sign-off,
INV,PWRCOAPANXX,PAN,COA,2041,0.3,0.0,0.3,0.01,plan_grounded,grounded,0.0946,PERMISSIVE,CALIBRATED - pending PI sign-off,
INV,PWRCOAPANXX,PAN,COA,2042,0.3,0.0,0.3,0.01,plan_grounded,grounded,0.0946,PERMISSIVE,CALIBRATED - pending PI sign-off,
INV,PWRCOAPANXX,PAN,COA,2043,0.3,0.0,0.3,0.01,plan_grounded,grounded,0.0946,PERMISSIVE,CALIBRATED - pending PI sign-off,
INV,PWRCOAPANXX,PAN,COA,2044,0.3,0.0,0.3,0.01,plan_grounded,grounded,0.0946,PERMISSIVE,CALIBRATED - pending PI sign-off,
INV,PWRCOAPANXX,PAN,COA,2045,0.3,0.0,0.3,0.01,plan_grounded,grounded,0.0946,PERMISSIVE,CALIBRATED - pending PI sign-off,
INV,PWRCOAPANXX,PAN,COA,2046,0.3,0.0,0.3,0.01,plan_grounded,grounded,0.0946,PERMISSIVE,CALIBRATED - pending PI sign-off,
INV,PWRCOAPANXX,PAN,COA,2047,0.3,0.0,0.3,0.01,plan_grounded,grounded,0.0946,PERMISSIVE,CALIBRATED - pending PI sign-off,
INV,PWRCOAPANXX,PAN,COA,2048,0.3,0.0,0.3,0.01,plan_grounded,grounded,0.0946,PERMISSIVE,CALIBRATED - pending PI sign-off,
INV,PWRCOAPANXX,PAN,COA,2049,0.3,0.0,0.3,0.01,plan_grounded,grounded,0.0946,PERMISSIVE,CALIBRATED - pending PI sign-off,
INV,PWRCOAPANXX,PAN,COA,2050,0.3,0.0,0.3,0.01,plan_grounded,grounded,0.0946,PERMISSIVE,CALIBRATED - pending PI sign-off,
INV,PWRCOAPERXX,PER,COA,2027,0.015,0.0,0.015,0.1733,historical_implied,historical,0.082,PERMISSIVE,CALIBRATED - pending PI sign-off,
INV,PWRCOAPERXX,PER,COA,2028,0.015,0.0,0.015,0.1733,historical_implied,historical,0.082,PERMISSIVE,CALIBRATED - pending PI sign-off,
INV,PWRCOAPERXX,PER,COA,2029,0.015,0.0,0.015,0.1733,historical_implied,historical,0.082,PERMISSIVE,CALIBRATED - pending PI sign-off,
INV,PWRCOAPERXX,PER,COA,2030,0.015,0.0,0.015,0.1733,historical_implied,historical,0.082,PERMISSIVE,CALIBRATED - pending PI sign-off,
INV,PWRCOAPERXX,PER,COA,2031,0.015,0.0,0.015,0.1672,historical_implied,historical,0.0791,PERMISSIVE,CALIBRATED - pending PI sign-off,
INV,PWRCOAPERXX,PER,COA,2032,0.015,0.0,0.015,0.161,historical_implied,historical,0.0762,PERMISSIVE,CALIBRATED - pending PI sign-off,
INV,PWRCOAPERXX,PER,COA,2033,0.015,0.0,0.015,0.1548,historical_implied,historical,0.0732,PERMISSIVE,CALIBRATED - pending PI sign-off,
INV,PWRCOAPERXX,PER,COA,2034,0.015,0.0,0.015,0.1487,historical_implied,historical,0.0703,PERMISSIVE,CALIBRATED - pending PI sign-off,
INV,PWRCOAPERXX,PER,COA,2035,0.015,0.0,0.015,0.1425,historical_implied,historical,0.0674,PERMISSIVE,CALIBRATED - pending PI sign-off,
INV,PWRCOAPERXX,PER,COA,2036,0.015,0.0,0.015,0.1363,historical_implied,historical,0.0645,PERMISSIVE,CALIBRATED - pending PI sign-off,
INV,PWRCOAPERXX,PER,COA,2037,0.015,0.0,0.015,0.1302,historical_implied,historical,0.0616,PERMISSIVE,CALIBRATED - pending PI sign-off,
INV,PWRCOAPERXX,PER,COA,2038,0.015,0.0,0.015,0.124,historical_implied,historical,0.0587,PERMISSIVE,CALIBRATED - pending PI sign-off,
INV,PWRCOAPERXX,PER,COA,2039,0.015,0.0,0.015,0.1178,historical_implied,historical,0.0557,PERMISSIVE,CALIBRATED - pending PI sign-off,
INV,PWRCOAPERXX,PER,COA,2040,0.015,0.0,0.015,0.1117,historical_implied,historical,0.0528,PERMISSIVE,CALIBRATED - pending PI sign-off,
INV,PWRCOAPERXX,PER,COA,2041,0.015,0.0,0.015,0.1055,historical_implied,historical,0.0499,PERMISSIVE,CALIBRATED - pending PI sign-off,
INV,PWRCOAPERXX,PER,COA,2042,0.015,0.0,0.015,0.0993,historical_implied,historical,0.047,PERMISSIVE,CALIBRATED - pending PI sign-off,
INV,PWRCOAPERXX,PER,COA,2043,0.015,0.0,0.015,0.0932,historical_implied,historical,0.0441,PERMISSIVE,CALIBRATED - pending PI sign-off,
INV,PWRCOAPERXX,PER,COA,2044,0.015,0.0,0.015,0.087,historical_implied,historical,0.0412,PERMISSIVE,CALIBRATED - pending PI sign-off,
INV,PWRCOAPERXX,PER,COA,2045,0.015,0.0,0.015,0.0808,historical_implied,historical,0.0382,PERMISSIVE,CALIBRATED - pending PI sign-off,
INV,PWRCOAPERXX,PER,COA,2046,0.015,0.0,0.015,0.0747,historical_implied,historical,0.0353,PERMISSIVE,CALIBRATED - pending PI sign-off,
INV,PWRCOAPERXX,PER,COA,2047,0.015,0.0,0.015,0.0685,historical_implied,historical,0.0324,PERMISSIVE,CALIBRATED - pending PI sign-off,
INV,PWRCOAPERXX,PER,COA,2048,0.015,0.0,0.015,0.0623,historical_implied,historical,0.0295,PERMISSIVE,CALIBRATED - pending PI sign-off,
INV,PWRCOAPERXX,PER,COA,2049,0.015,0.0,0.015,0.0562,historical_implied,historical,0.0266,PERMISSIVE,CALIBRATED - pending PI sign-off,
INV,PWRCOAPERXX,PER,COA,2050,0.015,0.0,0.015,0.05,historical_implied,historical,0.0237,PERMISSIVE,CALIBRATED - pending PI sign-off,
INV,PWRNGSARGXX,ARG,NGS,2027,19.526,0.0,19.526,0.37,plan_grounded,grounded,227.8356,PERMISSIVE,CALIBRATED - pending PI sign-off,
INV,PWRNGSARGXX,ARG,NGS,2028,19.526,0.0,19.526,0.37,plan_grounded,grounded,227.8356,PERMISSIVE,CALIBRATED - pending PI sign-off,
INV,PWRNGSARGXX,ARG,NGS,2029,19.526,0.0,19.526,0.37,plan_grounded,grounded,227.8356,PERMISSIVE,CALIBRATED - pending PI sign-off,
INV,PWRNGSARGXX,ARG,NGS,2030,19.526,0.0,19.526,0.37,plan_grounded,grounded,227.8356,PERMISSIVE,CALIBRATED - pending PI sign-off,
INV,PWRNGSARGXX,ARG,NGS,2031,19.526,0.0,19.526,0.354,plan_grounded,grounded,217.9833,PERMISSIVE,CALIBRATED - pending PI sign-off,
INV,PWRNGSARGXX,ARG,NGS,2032,19.526,0.0,19.526,0.338,plan_grounded,grounded,208.1309,PERMISSIVE,CALIBRATED - pending PI sign-off,
INV,PWRNGSARGXX,ARG,NGS,2033,19.526,0.0,19.526,0.322,plan_grounded,grounded,198.2786,PERMISSIVE,CALIBRATED - pending PI sign-off,
INV,PWRNGSARGXX,ARG,NGS,2034,19.526,0.0,19.526,0.306,plan_grounded,grounded,188.4262,PERMISSIVE,CALIBRATED - pending PI sign-off,
INV,PWRNGSARGXX,ARG,NGS,2035,19.526,0.0,19.526,0.29,plan_grounded,grounded,178.5739,PERMISSIVE,CALIBRATED - pending PI sign-off,
INV,PWRNGSARGXX,ARG,NGS,2036,19.526,0.0,19.526,0.274,plan_grounded,grounded,168.7215,PERMISSIVE,CALIBRATED - pending PI sign-off,
INV,PWRNGSARGXX,ARG,NGS,2037,19.526,0.0,19.526,0.258,plan_grounded,grounded,158.8692,PERMISSIVE,CALIBRATED - pending PI sign-off,
INV,PWRNGSARGXX,ARG,NGS,2038,19.526,0.0,19.526,0.242,plan_grounded,grounded,149.0168,PERMISSIVE,CALIBRATED - pending PI sign-off,
INV,PWRNGSARGXX,ARG,NGS,2039,19.526,0.0,19.526,0.226,plan_grounded,grounded,139.1645,PERMISSIVE,CALIBRATED - pending PI sign-off,
INV,PWRNGSARGXX,ARG,NGS,2040,19.526,0.0,19.526,0.21,plan_grounded,grounded,129.3121,PERMISSIVE,CALIBRATED - pending PI sign-off,
INV,PWRNGSARGXX,ARG,NGS,2041,19.526,0.0,19.526,0.194,plan_grounded,grounded,119.4598,PERMISSIVE,CALIBRATED - pending PI sign-off,
INV,PWRNGSARGXX,ARG,NGS,2042,19.526,0.0,19.526,0.178,plan_grounded,grounded,109.6074,PERMISSIVE,CALIBRATED - pending PI sign-off,
INV,PWRNGSARGXX,ARG,NGS,2043,19.526,0.0,19.526,0.162,plan_grounded,grounded,99.7551,PERMISSIVE,CALIBRATED - pending PI sign-off,
INV,PWRNGSARGXX,ARG,NGS,2044,19.526,0.0,19.526,0.146,plan_grounded,grounded,89.9027,PERMISSIVE,CALIBRATED - pending PI sign-off,
INV,PWRNGSARGXX,ARG,NGS,2045,19.526,0.0,19.526,0.13,plan_grounded,grounded,80.0504,PERMISSIVE,CALIBRATED - pending PI sign-off,
INV,PWRNGSARGXX,ARG,NGS,2046,19.526,0.0,19.526,0.114,plan_grounded,grounded,70.198,PERMISSIVE,CALIBRATED - pending PI sign-off,
INV,PWRNGSARGXX,ARG,NGS,2047,19.526,0.0,19.526,0.098,plan_grounded,grounded,60.3456,PERMISSIVE,CALIBRATED - pending PI sign-off,
INV,PWRNGSARGXX,ARG,NGS,2048,19.526,0.0,19.526,0.082,plan_grounded,grounded,50.4933,PERMISSIVE,CALIBRATED - pending PI sign-off,
INV,PWRNGSARGXX,ARG,NGS,2049,19.526,0.0,19.526,0.066,plan_grounded,grounded,40.6409,PERMISSIVE,CALIBRATED - pending PI sign-off,
INV,PWRNGSARGXX,ARG,NGS,2050,19.526,0.0,19.526,0.05,plan_grounded,grounded,30.7886,PERMISSIVE,CALIBRATED - pending PI sign-off,
INV,PWRNGSBOLXX,BOL,NGS,2027,2.7192,0.0,2.7192,0.36,plan_grounded,grounded,30.871,PERMISSIVE,CALIBRATED - pending PI sign-off,
INV,PWRNGSBOLXX,BOL,NGS,2028,2.7192,0.0,2.7192,0.36,plan_grounded,grounded,30.871,PERMISSIVE,CALIBRATED - pending PI sign-off,
INV,PWRNGSBOLXX,BOL,NGS,2029,2.7192,0.0,2.7192,0.36,plan_grounded,grounded,30.871,PERMISSIVE,CALIBRATED - pending PI sign-off,
INV,PWRNGSBOLXX,BOL,NGS,2030,2.7192,0.0,2.7192,0.36,plan_grounded,grounded,30.871,PERMISSIVE,CALIBRATED - pending PI sign-off,
INV,PWRNGSBOLXX,BOL,NGS,2031,2.7192,0.0,2.7192,0.3445,plan_grounded,grounded,29.5418,PERMISSIVE,CALIBRATED - pending PI sign-off,
INV,PWRNGSBOLXX,BOL,NGS,2032,2.7192,0.0,2.7192,0.329,plan_grounded,grounded,28.2126,PERMISSIVE,CALIBRATED - pending PI sign-off,
INV,PWRNGSBOLXX,BOL,NGS,2033,2.7192,0.0,2.7192,0.3135,plan_grounded,grounded,26.8835,PERMISSIVE,CALIBRATED - pending PI sign-off,
INV,PWRNGSBOLXX,BOL,NGS,2034,2.7192,0.0,2.7192,0.298,plan_grounded,grounded,25.5543,PERMISSIVE,CALIBRATED - pending PI sign-off,
INV,PWRNGSBOLXX,BOL,NGS,2035,2.7192,0.0,2.7192,0.2825,plan_grounded,grounded,24.2251,PERMISSIVE,CALIBRATED - pending PI sign-off,
INV,PWRNGSBOLXX,BOL,NGS,2036,2.7192,0.0,2.7192,0.267,plan_grounded,grounded,22.896,PERMISSIVE,CALIBRATED - pending PI sign-off,
INV,PWRNGSBOLXX,BOL,NGS,2037,2.7192,0.0,2.7192,0.2515,plan_grounded,grounded,21.5668,PERMISSIVE,CALIBRATED - pending PI sign-off,
INV,PWRNGSBOLXX,BOL,NGS,2038,2.7192,0.0,2.7192,0.236,plan_grounded,grounded,20.2376,PERMISSIVE,CALIBRATED - pending PI sign-off,
INV,PWRNGSBOLXX,BOL,NGS,2039,2.7192,0.0,2.7192,0.2205,plan_grounded,grounded,18.9085,PERMISSIVE,CALIBRATED - pending PI sign-off,
INV,PWRNGSBOLXX,BOL,NGS,2040,2.7192,0.0,2.7192,0.205,plan_grounded,grounded,17.5793,PERMISSIVE,CALIBRATED - pending PI sign-off,
INV,PWRNGSBOLXX,BOL,NGS,2041,2.7192,0.0,2.7192,0.1895,plan_grounded,grounded,16.2501,PERMISSIVE,CALIBRATED - pending PI sign-off,
INV,PWRNGSBOLXX,BOL,NGS,2042,2.7192,0.0,2.7192,0.174,plan_grounded,grounded,14.921,PERMISSIVE,CALIBRATED - pending PI sign-off,
INV,PWRNGSBOLXX,BOL,NGS,2043,2.7192,0.0,2.7192,0.1585,plan_grounded,grounded,13.5918,PERMISSIVE,CALIBRATED - pending PI sign-off,
INV,PWRNGSBOLXX,BOL,NGS,2044,2.7192,0.0,2.7192,0.143,plan_grounded,grounded,12.2626,PERMISSIVE,CALIBRATED - pending PI sign-off,
INV,PWRNGSBOLXX,BOL,NGS,2045,2.7192,0.0,2.7192,0.1275,plan_grounded,grounded,10.9335,PERMISSIVE,CALIBRATED - pending PI sign-off,
INV,PWRNGSBOLXX,BOL,NGS,2046,2.7192,0.0,2.7192,0.112,plan_grounded,grounded,9.6043,PERMISSIVE,CALIBRATED - pending PI sign-off,
INV,PWRNGSBOLXX,BOL,NGS,2047,2.7192,0.0,2.7192,0.0965,plan_grounded,grounded,8.2751,PERMISSIVE,CALIBRATED - pending PI sign-off,
INV,PWRNGSBOLXX,BOL,NGS,2048,2.7192,0.0,2.7192,0.081,plan_grounded,grounded,6.946,PERMISSIVE,CALIBRATED - pending PI sign-off,
INV,PWRNGSBOLXX,BOL,NGS,2049,2.7192,0.0,2.7192,0.0655,plan_grounded,grounded,5.6168,PERMISSIVE,CALIBRATED - pending PI sign-off,
INV,PWRNGSBOLXX,BOL,NGS,2050,2.7192,0.0,2.7192,0.05,plan_grounded,grounded,4.2876,PERMISSIVE,CALIBRATED - pending PI sign-off,
INV,PWRNGSBRAXX,BRA,NGS,2027,18.865,0.605,18.26,0.12,plan_grounded,grounded,71.3912,PERMISSIVE,CALIBRATED - pending PI sign-off,2025.0
INV,PWRNGSBRAXX,BRA,NGS,2028,18.865,0.605,18.26,0.12,plan_grounded,grounded,71.3912,PERMISSIVE,CALIBRATED - pending PI sign-off,2025.0
INV,PWRNGSBRAXX,BRA,NGS,2029,18.865,0.605,18.26,0.12,plan_grounded,grounded,71.3912,PERMISSIVE,CALIBRATED - pending PI sign-off,2025.0
INV,PWRNGSBRAXX,BRA,NGS,2030,18.865,0.605,18.26,0.12,plan_grounded,grounded,71.3912,PERMISSIVE,CALIBRATED - pending PI sign-off,2025.0
INV,PWRNGSBRAXX,BRA,NGS,2031,18.865,0.605,18.26,0.1165,plan_grounded,grounded,69.309,PERMISSIVE,CALIBRATED - pending PI sign-off,2025.0
INV,PWRNGSBRAXX,BRA,NGS,2032,18.865,0.605,18.26,0.113,plan_grounded,grounded,67.2267,PERMISSIVE,CALIBRATED - pending PI sign-off,2025.0
INV,PWRNGSBRAXX,BRA,NGS,2033,18.865,0.605,18.26,0.1095,plan_grounded,grounded,65.1445,PERMISSIVE,CALIBRATED - pending PI sign-off,2025.0
INV,PWRNGSBRAXX,BRA,NGS,2034,18.865,0.605,18.26,0.106,plan_grounded,grounded,63.0622,PERMISSIVE,CALIBRATED - pending PI sign-off,2025.0
INV,PWRNGSBRAXX,BRA,NGS,2035,18.865,0.605,18.26,0.1025,plan_grounded,grounded,60.98,PERMISSIVE,CALIBRATED - pending PI sign-off,2025.0
INV,PWRNGSBRAXX,BRA,NGS,2036,18.865,0.605,18.26,0.099,plan_grounded,grounded,58.8977,PERMISSIVE,CALIBRATED - pending PI sign-off,2025.0
INV,PWRNGSBRAXX,BRA,NGS,2037,18.865,0.605,18.26,0.0955,plan_grounded,grounded,56.8155,PERMISSIVE,CALIBRATED - pending PI sign-off,2025.0
INV,PWRNGSBRAXX,BRA,NGS,2038,18.865,0.605,18.26,0.092,plan_grounded,grounded,54.7333,PERMISSIVE,CALIBRATED - pending PI sign-off,2025.0
INV,PWRNGSBRAXX,BRA,NGS,2039,18.865,0.605,18.26,0.0885,plan_grounded,grounded,52.651,PERMISSIVE,CALIBRATED - pending PI sign-off,2025.0
INV,PWRNGSBRAXX,BRA,NGS,2040,18.865,0.605,18.26,0.085,plan_grounded,grounded,50.5688,PERMISSIVE,CALIBRATED - pending PI sign-off,2025.0
INV,PWRNGSBRAXX,BRA,NGS,2041,18.865,0.605,18.26,0.0815,plan_grounded,grounded,48.4865,PERMISSIVE,CALIBRATED - pending PI sign-off,2025.0
INV,PWRNGSBRAXX,BRA,NGS,2042,18.865,0.605,18.26,0.078,plan_grounded,grounded,46.4043,PERMISSIVE,CALIBRATED - pending PI sign-off,2025.0
INV,PWRNGSBRAXX,BRA,NGS,2043,18.865,0.605,18.26,0.0745,plan_grounded,grounded,44.322,PERMISSIVE,CALIBRATED - pending PI sign-off,2025.0
INV,PWRNGSBRAXX,BRA,NGS,2044,18.865,0.605,18.26,0.071,plan_grounded,grounded,42.2398,PERMISSIVE,CALIBRATED - pending PI sign-off,2025.0
INV,PWRNGSBRAXX,BRA,NGS,2045,18.865,0.605,18.26,0.0675,plan_grounded,grounded,40.1575,PERMISSIVE,CALIBRATED - pending PI sign-off,2025.0
INV,PWRNGSBRAXX,BRA,NGS,2046,18.865,0.605,18.26,0.064,plan_grounded,grounded,38.0753,PERMISSIVE,CALIBRATED - pending PI sign-off,2025.0
INV,PWRNGSBRAXX,BRA,NGS,2047,18.865,0.605,18.26,0.0605,plan_grounded,grounded,35.9931,PERMISSIVE,CALIBRATED - pending PI sign-off,2025.0
INV,PWRNGSBRAXX,BRA,NGS,2048,18.865,0.605,18.26,0.057,plan_grounded,grounded,33.9108,PERMISSIVE,CALIBRATED - pending PI sign-off,2025.0
INV,PWRNGSBRAXX,BRA,NGS,2049,18.865,0.605,18.26,0.0535,plan_grounded,grounded,31.8286,PERMISSIVE,CALIBRATED - pending PI sign-off,2025.0
INV,PWRNGSBRAXX,BRA,NGS,2050,18.865,0.605,18.26,0.05,plan_grounded,grounded,29.7463,PERMISSIVE,CALIBRATED - pending PI sign-off,2025.0
INV,PWRNGSCHLXX,CHL,NGS,2027,5.5205,0.0,5.5205,0.3,plan_grounded,proxy,52.2283,PERMISSIVE,CALIBRATED - pending PI sign-off,
INV,PWRNGSCHLXX,CHL,NGS,2028,5.5205,0.0,5.5205,0.3,plan_grounded,proxy,52.2283,PERMISSIVE,CALIBRATED - pending PI sign-off,
INV,PWRNGSCHLXX,CHL,NGS,2029,5.5205,0.0,5.5205,0.3,plan_grounded,proxy,52.2283,PERMISSIVE,CALIBRATED - pending PI sign-off,
INV,PWRNGSCHLXX,CHL,NGS,2030,5.5205,0.0,5.5205,0.3,plan_grounded,proxy,52.2283,PERMISSIVE,CALIBRATED - pending PI sign-off,
INV,PWRNGSCHLXX,CHL,NGS,2031,5.5205,0.0,5.5205,0.2875,plan_grounded,proxy,50.0522,PERMISSIVE,CALIBRATED - pending PI sign-off,
INV,PWRNGSCHLXX,CHL,NGS,2032,5.5205,0.0,5.5205,0.275,plan_grounded,proxy,47.876,PERMISSIVE,CALIBRATED - pending PI sign-off,
INV,PWRNGSCHLXX,CHL,NGS,2033,5.5205,0.0,5.5205,0.2625,plan_grounded,proxy,45.6998,PERMISSIVE,CALIBRATED - pending PI sign-off,
INV,PWRNGSCHLXX,CHL,NGS,2034,5.5205,0.0,5.5205,0.25,plan_grounded,proxy,43.5236,PERMISSIVE,CALIBRATED - pending PI sign-off,
INV,PWRNGSCHLXX,CHL,NGS,2035,5.5205,0.0,5.5205,0.2375,plan_grounded,proxy,41.3474,PERMISSIVE,CALIBRATED - pending PI sign-off,
INV,PWRNGSCHLXX,CHL,NGS,2036,5.5205,0.0,5.5205,0.225,plan_grounded,proxy,39.1713,PERMISSIVE,CALIBRATED - pending PI sign-off,
INV,PWRNGSCHLXX,CHL,NGS,2037,5.5205,0.0,5.5205,0.2125,plan_grounded,proxy,36.9951,PERMISSIVE,CALIBRATED - pending PI sign-off,
INV,PWRNGSCHLXX,CHL,NGS,2038,5.5205,0.0,5.5205,0.2,plan_grounded,proxy,34.8189,PERMISSIVE,CALIBRATED - pending PI sign-off,
INV,PWRNGSCHLXX,CHL,NGS,2039,5.5205,0.0,5.5205,0.1875,plan_grounded,proxy,32.6427,PERMISSIVE,CALIBRATED - pending PI sign-off,
INV,PWRNGSCHLXX,CHL,NGS,2040,5.5205,0.0,5.5205,0.175,plan_grounded,proxy,30.4665,PERMISSIVE,CALIBRATED - pending PI sign-off,
INV,PWRNGSCHLXX,CHL,NGS,2041,5.5205,0.0,5.5205,0.1625,plan_grounded,proxy,28.2904,PERMISSIVE,CALIBRATED - pending PI sign-off,
INV,PWRNGSCHLXX,CHL,NGS,2042,5.5205,0.0,5.5205,0.15,plan_grounded,proxy,26.1142,PERMISSIVE,CALIBRATED - pending PI sign-off,
INV,PWRNGSCHLXX,CHL,NGS,2043,5.5205,0.0,5.5205,0.1375,plan_grounded,proxy,23.938,PERMISSIVE,CALIBRATED - pending PI sign-off,
INV,PWRNGSCHLXX,CHL,NGS,2044,5.5205,0.0,5.5205,0.125,plan_grounded,proxy,21.7618,PERMISSIVE,CALIBRATED - pending PI sign-off,
INV,PWRNGSCHLXX,CHL,NGS,2045,5.5205,0.0,5.5205,0.1125,plan_grounded,proxy,19.5856,PERMISSIVE,CALIBRATED - pending PI sign-off,
INV,PWRNGSCHLXX,CHL,NGS,2046,5.5205,0.0,5.5205,0.1,plan_grounded,proxy,17.4094,PERMISSIVE,CALIBRATED - pending PI sign-off,
INV,PWRNGSCHLXX,CHL,NGS,2047,5.5205,0.0,5.5205,0.0875,plan_grounded,proxy,15.2333,PERMISSIVE,CALIBRATED - pending PI sign-off,
INV,PWRNGSCHLXX,CHL,NGS,2048,5.5205,0.0,5.5205,0.075,plan_grounded,proxy,13.0571,PERMISSIVE,CALIBRATED - pending PI sign-off,
INV,PWRNGSCHLXX,CHL,NGS,2049,5.5205,0.0,5.5205,0.0625,plan_grounded,proxy,10.8809,PERMISSIVE,CALIBRATED - pending PI sign-off,
INV,PWRNGSCHLXX,CHL,NGS,2050,5.5205,0.0,5.5205,0.05,plan_grounded,proxy,8.7047,PERMISSIVE,CALIBRATED - pending PI sign-off,
INV,PWRNGSCOLXX,COL,NGS,2027,3.1041,0.0,3.1041,0.15,plan_grounded,grounded,14.6836,PERMISSIVE,CALIBRATED - pending PI sign-off,
INV,PWRNGSCOLXX,COL,NGS,2028,3.1041,0.0,3.1041,0.15,plan_grounded,grounded,14.6836,PERMISSIVE,CALIBRATED - pending PI sign-off,
INV,PWRNGSCOLXX,COL,NGS,2029,3.1041,0.0,3.1041,0.15,plan_grounded,grounded,14.6836,PERMISSIVE,CALIBRATED - pending PI sign-off,
INV,PWRNGSCOLXX,COL,NGS,2030,3.1041,0.0,3.1041,0.15,plan_grounded,grounded,14.6836,PERMISSIVE,CALIBRATED - pending PI sign-off,
INV,PWRNGSCOLXX,COL,NGS,2031,3.1041,0.0,3.1041,0.145,plan_grounded,grounded,14.1942,PERMISSIVE,CALIBRATED - pending PI sign-off,
INV,PWRNGSCOLXX,COL,NGS,2032,3.1041,0.0,3.1041,0.14,plan_grounded,grounded,13.7047,PERMISSIVE,CALIBRATED - pending PI sign-off,
INV,PWRNGSCOLXX,COL,NGS,2033,3.1041,0.0,3.1041,0.135,plan_grounded,grounded,13.2153,PERMISSIVE,CALIBRATED - pending PI sign-off,
INV,PWRNGSCOLXX,COL,NGS,2034,3.1041,0.0,3.1041,0.13,plan_grounded,grounded,12.7258,PERMISSIVE,CALIBRATED - pending PI sign-off,
INV,PWRNGSCOLXX,COL,NGS,2035,3.1041,0.0,3.1041,0.125,plan_grounded,grounded,12.2364,PERMISSIVE,CALIBRATED - pending PI sign-off,
INV,PWRNGSCOLXX,COL,NGS,2036,3.1041,0.0,3.1041,0.12,plan_grounded,grounded,11.7469,PERMISSIVE,CALIBRATED - pending PI sign-off,
INV,PWRNGSCOLXX,COL,NGS,2037,3.1041,0.0,3.1041,0.115,plan_grounded,grounded,11.2575,PERMISSIVE,CALIBRATED - pending PI sign-off,
INV,PWRNGSCOLXX,COL,NGS,2038,3.1041,0.0,3.1041,0.11,plan_grounded,grounded,10.768,PERMISSIVE,CALIBRATED - pending PI sign-off,
INV,PWRNGSCOLXX,COL,NGS,2039,3.1041,0.0,3.1041,0.105,plan_grounded,grounded,10.2785,PERMISSIVE,CALIBRATED - pending PI sign-off,
INV,PWRNGSCOLXX,COL,NGS,2040,3.1041,0.0,3.1041,0.1,plan_grounded,grounded,9.7891,PERMISSIVE,CALIBRATED - pending PI sign-off,
INV,PWRNGSCOLXX,COL,NGS,2041,3.1041,0.0,3.1041,0.095,plan_grounded,grounded,9.2996,PERMISSIVE,CALIBRATED - pending PI sign-off,
INV,PWRNGSCOLXX,COL,NGS,2042,3.1041,0.0,3.1041,0.09,plan_grounded,grounded,8.8102,PERMISSIVE,CALIBRATED - pending PI sign-off,
INV,PWRNGSCOLXX,COL,NGS,2043,3.1041,0.0,3.1041,0.085,plan_grounded,grounded,8.3207,PERMISSIVE,CALIBRATED - pending PI sign-off,
INV,PWRNGSCOLXX,COL,NGS,2044,3.1041,0.0,3.1041,0.08,plan_grounded,grounded,7.8313,PERMISSIVE,CALIBRATED - pending PI sign-off,
INV,PWRNGSCOLXX,COL,NGS,2045,3.1041,0.0,3.1041,0.075,plan_grounded,grounded,7.3418,PERMISSIVE,CALIBRATED - pending PI sign-off,
INV,PWRNGSCOLXX,COL,NGS,2046,3.1041,0.0,3.1041,0.07,plan_grounded,grounded,6.8524,PERMISSIVE,CALIBRATED - pending PI sign-off,
INV,PWRNGSCOLXX,COL,NGS,2047,3.1041,0.0,3.1041,0.065,plan_grounded,grounded,6.3629,PERMISSIVE,CALIBRATED - pending PI sign-off,
INV,PWRNGSCOLXX,COL,NGS,2048,3.1041,0.0,3.1041,0.06,plan_grounded,grounded,5.8735,PERMISSIVE,CALIBRATED - pending PI sign-off,
INV,PWRNGSCOLXX,COL,NGS,2049,3.1041,0.0,3.1041,0.055,plan_grounded,grounded,5.384,PERMISSIVE,CALIBRATED - pending PI sign-off,
INV,PWRNGSCOLXX,COL,NGS,2050,3.1041,0.0,3.1041,0.05,plan_grounded,grounded,4.8945,PERMISSIVE,CALIBRATED - pending PI sign-off,
INV,PWRNGSDOMXX,DOM,NGS,2027,1.825,0.0,1.825,0.53,plan_grounded,grounded,30.5032,PERMISSIVE,CALIBRATED - pending PI sign-off,
INV,PWRNGSDOMXX,DOM,NGS,2028,1.825,0.0,1.825,0.53,plan_grounded,grounded,30.5032,PERMISSIVE,CALIBRATED - pending PI sign-off,
INV,PWRNGSDOMXX,DOM,NGS,2029,1.825,0.0,1.825,0.53,plan_grounded,grounded,30.5032,PERMISSIVE,CALIBRATED - pending PI sign-off,
INV,PWRNGSDOMXX,DOM,NGS,2030,1.825,0.0,1.825,0.53,plan_grounded,grounded,30.5032,PERMISSIVE,CALIBRATED - pending PI sign-off,
INV,PWRNGSDOMXX,DOM,NGS,2031,1.825,0.0,1.825,0.506,plan_grounded,grounded,29.1219,PERMISSIVE,CALIBRATED - pending PI sign-off,
INV,PWRNGSDOMXX,DOM,NGS,2032,1.825,0.0,1.825,0.482,plan_grounded,grounded,27.7406,PERMISSIVE,CALIBRATED - pending PI sign-off,
INV,PWRNGSDOMXX,DOM,NGS,2033,1.825,0.0,1.825,0.458,plan_grounded,grounded,26.3594,PERMISSIVE,CALIBRATED - pending PI sign-off,
INV,PWRNGSDOMXX,DOM,NGS,2034,1.825,0.0,1.825,0.434,plan_grounded,grounded,24.9781,PERMISSIVE,CALIBRATED - pending PI sign-off,
INV,PWRNGSDOMXX,DOM,NGS,2035,1.825,0.0,1.825,0.41,plan_grounded,grounded,23.5968,PERMISSIVE,CALIBRATED - pending PI sign-off,
INV,PWRNGSDOMXX,DOM,NGS,2036,1.825,0.0,1.825,0.386,plan_grounded,grounded,22.2155,PERMISSIVE,CALIBRATED - pending PI sign-off,
INV,PWRNGSDOMXX,DOM,NGS,2037,1.825,0.0,1.825,0.362,plan_grounded,grounded,20.8343,PERMISSIVE,CALIBRATED - pending PI sign-off,
INV,PWRNGSDOMXX,DOM,NGS,2038,1.825,0.0,1.825,0.338,plan_grounded,grounded,19.453,PERMISSIVE,CALIBRATED - pending PI sign-off,
INV,PWRNGSDOMXX,DOM,NGS,2039,1.825,0.0,1.825,0.314,plan_grounded,grounded,18.0717,PERMISSIVE,CALIBRATED - pending PI sign-off,
INV,PWRNGSDOMXX,DOM,NGS,2040,1.825,0.0,1.825,0.29,plan_grounded,grounded,16.6904,PERMISSIVE,CALIBRATED - pending PI sign-off,
INV,PWRNGSDOMXX,DOM,NGS,2041,1.825,0.0,1.825,0.266,plan_grounded,grounded,15.3092,PERMISSIVE,CALIBRATED - pending PI sign-off,
INV,PWRNGSDOMXX,DOM,NGS,2042,1.825,0.0,1.825,0.242,plan_grounded,grounded,13.9279,PERMISSIVE,CALIBRATED - pending PI sign-off,
INV,PWRNGSDOMXX,DOM,NGS,2043,1.825,0.0,1.825,0.218,plan_grounded,grounded,12.5466,PERMISSIVE,CALIBRATED - pending PI sign-off,
INV,PWRNGSDOMXX,DOM,NGS,2044,1.825,0.0,1.825,0.194,plan_grounded,grounded,11.1653,PERMISSIVE,CALIBRATED - pending PI sign-off,
INV,PWRNGSDOMXX,DOM,NGS,2045,1.825,0.0,1.825,0.17,plan_grounded,grounded,9.784,PERMISSIVE,CALIBRATED - pending PI sign-off,
INV,PWRNGSDOMXX,DOM,NGS,2046,1.825,0.0,1.825,0.146,plan_grounded,grounded,8.4028,PERMISSIVE,CALIBRATED - pending PI sign-off,
INV,PWRNGSDOMXX,DOM,NGS,2047,1.825,0.0,1.825,0.122,plan_grounded,grounded,7.0215,PERMISSIVE,CALIBRATED - pending PI sign-off,
INV,PWRNGSDOMXX,DOM,NGS,2048,1.825,0.0,1.825,0.098,plan_grounded,grounded,5.6402,PERMISSIVE,CALIBRATED - pending PI sign-off,
INV,PWRNGSDOMXX,DOM,NGS,2049,1.825,0.0,1.825,0.074,plan_grounded,grounded,4.2589,PERMISSIVE,CALIBRATED - pending PI sign-off,
INV,PWRNGSDOMXX,DOM,NGS,2050,1.825,0.0,1.825,0.05,plan_grounded,grounded,2.8777,PERMISSIVE,CALIBRATED - pending PI sign-off,
INV,PWRNGSECUXX,ECU,NGS,2027,0.9448,0.0,0.9448,0.2055,plan_grounded,grounded,6.1229,PERMISSIVE,CALIBRATED - pending PI sign-off,
INV,PWRNGSECUXX,ECU,NGS,2028,0.9448,0.0,0.9448,0.2055,plan_grounded,grounded,6.1229,PERMISSIVE,CALIBRATED - pending PI sign-off,
INV,PWRNGSECUXX,ECU,NGS,2029,0.9448,0.0,0.9448,0.2055,plan_grounded,grounded,6.1229,PERMISSIVE,CALIBRATED - pending PI sign-off,
INV,PWRNGSECUXX,ECU,NGS,2030,0.9448,0.0,0.9448,0.2055,plan_grounded,grounded,6.1229,PERMISSIVE,CALIBRATED - pending PI sign-off,
INV,PWRNGSECUXX,ECU,NGS,2031,0.9448,0.0,0.9448,0.1977,plan_grounded,grounded,5.8913,PERMISSIVE,CALIBRATED - pending PI sign-off,
INV,PWRNGSECUXX,ECU,NGS,2032,0.9448,0.0,0.9448,0.1899,plan_grounded,grounded,5.6596,PERMISSIVE,CALIBRATED - pending PI sign-off,
INV,PWRNGSECUXX,ECU,NGS,2033,0.9448,0.0,0.9448,0.1822,plan_grounded,grounded,5.4279,PERMISSIVE,CALIBRATED - pending PI sign-off,
INV,PWRNGSECUXX,ECU,NGS,2034,0.9448,0.0,0.9448,0.1744,plan_grounded,grounded,5.1963,PERMISSIVE,CALIBRATED - pending PI sign-off,
INV,PWRNGSECUXX,ECU,NGS,2035,0.9448,0.0,0.9448,0.1666,plan_grounded,grounded,4.9646,PERMISSIVE,CALIBRATED - pending PI sign-off,
INV,PWRNGSECUXX,ECU,NGS,2036,0.9448,0.0,0.9448,0.1588,plan_grounded,grounded,4.733,PERMISSIVE,CALIBRATED - pending PI sign-off,
INV,PWRNGSECUXX,ECU,NGS,2037,0.9448,0.0,0.9448,0.1511,plan_grounded,grounded,4.5013,PERMISSIVE,CALIBRATED - pending PI sign-off,
INV,PWRNGSECUXX,ECU,NGS,2038,0.9448,0.0,0.9448,0.1433,plan_grounded,grounded,4.2697,PERMISSIVE,CALIBRATED - pending PI sign-off,
INV,PWRNGSECUXX,ECU,NGS,2039,0.9448,0.0,0.9448,0.1355,plan_grounded,grounded,4.038,PERMISSIVE,CALIBRATED - pending PI sign-off,
INV,PWRNGSECUXX,ECU,NGS,2040,0.9448,0.0,0.9448,0.1278,plan_grounded,grounded,3.8063,PERMISSIVE,CALIBRATED - pending PI sign-off,
INV,PWRNGSECUXX,ECU,NGS,2041,0.9448,0.0,0.9448,0.12,plan_grounded,grounded,3.5747,PERMISSIVE,CALIBRATED - pending PI sign-off,
INV,PWRNGSECUXX,ECU,NGS,2042,0.9448,0.0,0.9448,0.1122,plan_grounded,grounded,3.343,PERMISSIVE,CALIBRATED - pending PI sign-off,
INV,PWRNGSECUXX,ECU,NGS,2043,0.9448,0.0,0.9448,0.1044,plan_grounded,grounded,3.1114,PERMISSIVE,CALIBRATED - pending PI sign-off,
INV,PWRNGSECUXX,ECU,NGS,2044,0.9448,0.0,0.9448,0.0967,plan_grounded,grounded,2.8797,PERMISSIVE,CALIBRATED - pending PI sign-off,
INV,PWRNGSECUXX,ECU,NGS,2045,0.9448,0.0,0.9448,0.0889,plan_grounded,grounded,2.648,PERMISSIVE,CALIBRATED - pending PI sign-off,
INV,PWRNGSECUXX,ECU,NGS,2046,0.9448,0.0,0.9448,0.0811,plan_grounded,grounded,2.4164,PERMISSIVE,CALIBRATED - pending PI sign-off,
INV,PWRNGSECUXX,ECU,NGS,2047,0.9448,0.0,0.9448,0.0733,plan_grounded,grounded,2.1847,PERMISSIVE,CALIBRATED - pending PI sign-off,
INV,PWRNGSECUXX,ECU,NGS,2048,0.9448,0.0,0.9448,0.0655,plan_grounded,grounded,1.9531,PERMISSIVE,CALIBRATED - pending PI sign-off,
INV,PWRNGSECUXX,ECU,NGS,2049,0.9448,0.0,0.9448,0.0578,plan_grounded,grounded,1.7214,PERMISSIVE,CALIBRATED - pending PI sign-off,
INV,PWRNGSECUXX,ECU,NGS,2050,0.9448,0.0,0.9448,0.05,plan_grounded,grounded,1.4898,PERMISSIVE,CALIBRATED - pending PI sign-off,
INV,PWRNGSGTMXX,GTM,NGS,2027,0.0026,0.0,0.0026,0.15,plan_grounded,proxy,0.0123,PERMISSIVE,CALIBRATED - pending PI sign-off,
INV,PWRNGSGTMXX,GTM,NGS,2028,0.0026,0.0,0.0026,0.15,plan_grounded,proxy,0.0123,PERMISSIVE,CALIBRATED - pending PI sign-off,
INV,PWRNGSGTMXX,GTM,NGS,2029,0.0026,0.0,0.0026,0.15,plan_grounded,proxy,0.0123,PERMISSIVE,CALIBRATED - pending PI sign-off,
INV,PWRNGSGTMXX,GTM,NGS,2030,0.0026,0.0,0.0026,0.15,plan_grounded,proxy,0.0123,PERMISSIVE,CALIBRATED - pending PI sign-off,
INV,PWRNGSGTMXX,GTM,NGS,2031,0.0026,0.0,0.0026,0.145,plan_grounded,proxy,0.0119,PERMISSIVE,CALIBRATED - pending PI sign-off,
INV,PWRNGSGTMXX,GTM,NGS,2032,0.0026,0.0,0.0026,0.14,plan_grounded,proxy,0.0115,PERMISSIVE,CALIBRATED - pending PI sign-off,
INV,PWRNGSGTMXX,GTM,NGS,2033,0.0026,0.0,0.0026,0.135,plan_grounded,proxy,0.0111,PERMISSIVE,CALIBRATED - pending PI sign-off,
INV,PWRNGSGTMXX,GTM,NGS,2034,0.0026,0.0,0.0026,0.13,plan_grounded,proxy,0.0107,PERMISSIVE,CALIBRATED - pending PI sign-off,
INV,PWRNGSGTMXX,GTM,NGS,2035,0.0026,0.0,0.0026,0.125,plan_grounded,proxy,0.0102,PERMISSIVE,CALIBRATED - pending PI sign-off,
INV,PWRNGSGTMXX,GTM,NGS,2036,0.0026,0.0,0.0026,0.12,plan_grounded,proxy,0.0098,PERMISSIVE,CALIBRATED - pending PI sign-off,
INV,PWRNGSGTMXX,GTM,NGS,2037,0.0026,0.0,0.0026,0.115,plan_grounded,proxy,0.0094,PERMISSIVE,CALIBRATED - pending PI sign-off,
INV,PWRNGSGTMXX,GTM,NGS,2038,0.0026,0.0,0.0026,0.11,plan_grounded,proxy,0.009,PERMISSIVE,CALIBRATED - pending PI sign-off,
INV,PWRNGSGTMXX,GTM,NGS,2039,0.0026,0.0,0.0026,0.105,plan_grounded,proxy,0.0086,PERMISSIVE,CALIBRATED - pending PI sign-off,
INV,PWRNGSGTMXX,GTM,NGS,2040,0.0026,0.0,0.0026,0.1,plan_grounded,proxy,0.0082,PERMISSIVE,CALIBRATED - pending PI sign-off,
INV,PWRNGSGTMXX,GTM,NGS,2041,0.0026,0.0,0.0026,0.095,plan_grounded,proxy,0.0078,PERMISSIVE,CALIBRATED - pending PI sign-off,
INV,PWRNGSGTMXX,GTM,NGS,2042,0.0026,0.0,0.0026,0.09,plan_grounded,proxy,0.0074,PERMISSIVE,CALIBRATED - pending PI sign-off,
INV,PWRNGSGTMXX,GTM,NGS,2043,0.0026,0.0,0.0026,0.085,plan_grounded,proxy,0.007,PERMISSIVE,CALIBRATED - pending PI sign-off,
INV,PWRNGSGTMXX,GTM,NGS,2044,0.0026,0.0,0.0026,0.08,plan_grounded,proxy,0.0066,PERMISSIVE,CALIBRATED - pending PI sign-off,
INV,PWRNGSGTMXX,GTM,NGS,2045,0.0026,0.0,0.0026,0.075,plan_grounded,proxy,0.0061,PERMISSIVE,CALIBRATED - pending PI sign-off,
INV,PWRNGSGTMXX,GTM,NGS,2046,0.0026,0.0,0.0026,0.07,plan_grounded,proxy,0.0057,PERMISSIVE,CALIBRATED - pending PI sign-off,
INV,PWRNGSGTMXX,GTM,NGS,2047,0.0026,0.0,0.0026,0.065,plan_grounded,proxy,0.0053,PERMISSIVE,CALIBRATED - pending PI sign-off,
INV,PWRNGSGTMXX,GTM,NGS,2048,0.0026,0.0,0.0026,0.06,plan_grounded,proxy,0.0049,PERMISSIVE,CALIBRATED - pending PI sign-off,
INV,PWRNGSGTMXX,GTM,NGS,2049,0.0026,0.0,0.0026,0.055,plan_grounded,proxy,0.0045,PERMISSIVE,CALIBRATED - pending PI sign-off,
INV,PWRNGSGTMXX,GTM,NGS,2050,0.0026,0.0,0.0026,0.05,plan_grounded,proxy,0.0041,PERMISSIVE,CALIBRATED - pending PI sign-off,
INV,PWRNGSMEXXX,MEX,NGS,2027,43.5375,3.7425,39.795,0.45,plan_grounded,grounded,617.8494,PERMISSIVE,CALIBRATED - pending PI sign-off,2025.0
INV,PWRNGSMEXXX,MEX,NGS,2028,43.5375,3.7425,39.795,0.45,plan_grounded,grounded,617.8494,PERMISSIVE,CALIBRATED - pending PI sign-off,2025.0
INV,PWRNGSMEXXX,MEX,NGS,2029,43.5375,3.7425,39.795,0.45,plan_grounded,grounded,617.8494,PERMISSIVE,CALIBRATED - pending PI sign-off,2025.0
INV,PWRNGSMEXXX,MEX,NGS,2030,43.5375,3.7425,39.795,0.45,plan_grounded,grounded,617.8494,PERMISSIVE,CALIBRATED - pending PI sign-off,2025.0
INV,PWRNGSMEXXX,MEX,NGS,2031,43.5375,3.7425,39.795,0.43,plan_grounded,grounded,590.3894,PERMISSIVE,CALIBRATED - pending PI sign-off,2025.0
INV,PWRNGSMEXXX,MEX,NGS,2032,43.5375,3.7425,39.795,0.41,plan_grounded,grounded,562.9294,PERMISSIVE,CALIBRATED - pending PI sign-off,2025.0
INV,PWRNGSMEXXX,MEX,NGS,2033,43.5375,3.7425,39.795,0.39,plan_grounded,grounded,535.4695,PERMISSIVE,CALIBRATED - pending PI sign-off,2025.0
INV,PWRNGSMEXXX,MEX,NGS,2034,43.5375,3.7425,39.795,0.37,plan_grounded,grounded,508.0095,PERMISSIVE,CALIBRATED - pending PI sign-off,2025.0
INV,PWRNGSMEXXX,MEX,NGS,2035,43.5375,3.7425,39.795,0.35,plan_grounded,grounded,480.5495,PERMISSIVE,CALIBRATED - pending PI sign-off,2025.0
INV,PWRNGSMEXXX,MEX,NGS,2036,43.5375,3.7425,39.795,0.33,plan_grounded,grounded,453.0895,PERMISSIVE,CALIBRATED - pending PI sign-off,2025.0
INV,PWRNGSMEXXX,MEX,NGS,2037,43.5375,3.7425,39.795,0.31,plan_grounded,grounded,425.6296,PERMISSIVE,CALIBRATED - pending PI sign-off,2025.0
INV,PWRNGSMEXXX,MEX,NGS,2038,43.5375,3.7425,39.795,0.29,plan_grounded,grounded,398.1696,PERMISSIVE,CALIBRATED - pending PI sign-off,2025.0
INV,PWRNGSMEXXX,MEX,NGS,2039,43.5375,3.7425,39.795,0.27,plan_grounded,grounded,370.7096,PERMISSIVE,CALIBRATED - pending PI sign-off,2025.0
INV,PWRNGSMEXXX,MEX,NGS,2040,43.5375,3.7425,39.795,0.25,plan_grounded,grounded,343.2497,PERMISSIVE,CALIBRATED - pending PI sign-off,2025.0
INV,PWRNGSMEXXX,MEX,NGS,2041,43.5375,3.7425,39.795,0.23,plan_grounded,grounded,315.7897,PERMISSIVE,CALIBRATED - pending PI sign-off,2025.0
INV,PWRNGSMEXXX,MEX,NGS,2042,43.5375,3.7425,39.795,0.21,plan_grounded,grounded,288.3297,PERMISSIVE,CALIBRATED - pending PI sign-off,2025.0
INV,PWRNGSMEXXX,MEX,NGS,2043,43.5375,3.7425,39.795,0.19,plan_grounded,grounded,260.8697,PERMISSIVE,CALIBRATED - pending PI sign-off,2025.0
INV,PWRNGSMEXXX,MEX,NGS,2044,43.5375,3.7425,39.795,0.17,plan_grounded,grounded,233.4098,PERMISSIVE,CALIBRATED - pending PI sign-off,2025.0
INV,PWRNGSMEXXX,MEX,NGS,2045,43.5375,3.7425,39.795,0.15,plan_grounded,grounded,205.9498,PERMISSIVE,CALIBRATED - pending PI sign-off,2025.0
INV,PWRNGSMEXXX,MEX,NGS,2046,43.5375,3.7425,39.795,0.13,plan_grounded,grounded,178.4898,PERMISSIVE,CALIBRATED - pending PI sign-off,2025.0
INV,PWRNGSMEXXX,MEX,NGS,2047,43.5375,3.7425,39.795,0.11,plan_grounded,grounded,151.0298,PERMISSIVE,CALIBRATED - pending PI sign-off,2025.0
INV,PWRNGSMEXXX,MEX,NGS,2048,43.5375,3.7425,39.795,0.09,plan_grounded,grounded,123.5699,PERMISSIVE,CALIBRATED - pending PI sign-off,2025.0
INV,PWRNGSMEXXX,MEX,NGS,2049,43.5375,3.7425,39.795,0.07,plan_grounded,grounded,96.1099,PERMISSIVE,CALIBRATED - pending PI sign-off,2025.0
INV,PWRNGSMEXXX,MEX,NGS,2050,43.5375,3.7425,39.795,0.05,plan_grounded,grounded,68.6499,PERMISSIVE,CALIBRATED - pending PI sign-off,2025.0
INV,PWRNGSPANXX,PAN,NGS,2027,0.381,0.0,0.381,0.35,plan_grounded,grounded,4.2053,PERMISSIVE,CALIBRATED - pending PI sign-off,
INV,PWRNGSPANXX,PAN,NGS,2028,0.381,0.0,0.381,0.35,plan_grounded,grounded,4.2053,PERMISSIVE,CALIBRATED - pending PI sign-off,
INV,PWRNGSPANXX,PAN,NGS,2029,0.381,0.0,0.381,0.35,plan_grounded,grounded,4.2053,PERMISSIVE,CALIBRATED - pending PI sign-off,
INV,PWRNGSPANXX,PAN,NGS,2030,0.381,0.0,0.381,0.35,plan_grounded,grounded,4.2053,PERMISSIVE,CALIBRATED - pending PI sign-off,
INV,PWRNGSPANXX,PAN,NGS,2031,0.381,0.0,0.381,0.335,plan_grounded,grounded,4.0251,PERMISSIVE,CALIBRATED - pending PI sign-off,
INV,PWRNGSPANXX,PAN,NGS,2032,0.381,0.0,0.381,0.32,plan_grounded,grounded,3.8449,PERMISSIVE,CALIBRATED - pending PI sign-off,
INV,PWRNGSPANXX,PAN,NGS,2033,0.381,0.0,0.381,0.305,plan_grounded,grounded,3.6646,PERMISSIVE,CALIBRATED - pending PI sign-off,
INV,PWRNGSPANXX,PAN,NGS,2034,0.381,0.0,0.381,0.29,plan_grounded,grounded,3.4844,PERMISSIVE,CALIBRATED - pending PI sign-off,
INV,PWRNGSPANXX,PAN,NGS,2035,0.381,0.0,0.381,0.275,plan_grounded,grounded,3.3042,PERMISSIVE,CALIBRATED - pending PI sign-off,
INV,PWRNGSPANXX,PAN,NGS,2036,0.381,0.0,0.381,0.26,plan_grounded,grounded,3.124,PERMISSIVE,CALIBRATED - pending PI sign-off,
INV,PWRNGSPANXX,PAN,NGS,2037,0.381,0.0,0.381,0.245,plan_grounded,grounded,2.9437,PERMISSIVE,CALIBRATED - pending PI sign-off,
INV,PWRNGSPANXX,PAN,NGS,2038,0.381,0.0,0.381,0.23,plan_grounded,grounded,2.7635,PERMISSIVE,CALIBRATED - pending PI sign-off,
INV,PWRNGSPANXX,PAN,NGS,2039,0.381,0.0,0.381,0.215,plan_grounded,grounded,2.5833,PERMISSIVE,CALIBRATED - pending PI sign-off,
INV,PWRNGSPANXX,PAN,NGS,2040,0.381,0.0,0.381,0.2,plan_grounded,grounded,2.403,PERMISSIVE,CALIBRATED - pending PI sign-off,
INV,PWRNGSPANXX,PAN,NGS,2041,0.381,0.0,0.381,0.185,plan_grounded,grounded,2.2228,PERMISSIVE,CALIBRATED - pending PI sign-off,
INV,PWRNGSPANXX,PAN,NGS,2042,0.381,0.0,0.381,0.17,plan_grounded,grounded,2.0426,PERMISSIVE,CALIBRATED - pending PI sign-off,
INV,PWRNGSPANXX,PAN,NGS,2043,0.381,0.0,0.381,0.155,plan_grounded,grounded,1.8624,PERMISSIVE,CALIBRATED - pending PI sign-off,
INV,PWRNGSPANXX,PAN,NGS,2044,0.381,0.0,0.381,0.14,plan_grounded,grounded,1.6821,PERMISSIVE,CALIBRATED - pending PI sign-off,
INV,PWRNGSPANXX,PAN,NGS,2045,0.381,0.0,0.381,0.125,plan_grounded,grounded,1.5019,PERMISSIVE,CALIBRATED - pending PI sign-off,
INV,PWRNGSPANXX,PAN,NGS,2046,0.381,0.0,0.381,0.11,plan_grounded,grounded,1.3217,PERMISSIVE,CALIBRATED - pending PI sign-off,
INV,PWRNGSPANXX,PAN,NGS,2047,0.381,0.0,0.381,0.095,plan_grounded,grounded,1.1414,PERMISSIVE,CALIBRATED - pending PI sign-off,
INV,PWRNGSPANXX,PAN,NGS,2048,0.381,0.0,0.381,0.08,plan_grounded,grounded,0.9612,PERMISSIVE,CALIBRATED - pending PI sign-off,
INV,PWRNGSPANXX,PAN,NGS,2049,0.381,0.0,0.381,0.065,plan_grounded,grounded,0.781,PERMISSIVE,CALIBRATED - pending PI sign-off,
INV,PWRNGSPANXX,PAN,NGS,2050,0.381,0.0,0.381,0.05,plan_grounded,grounded,0.6008,PERMISSIVE,CALIBRATED - pending PI sign-off,
INV,PWRNGSPERXX,PER,NGS,2027,5.1548,0.0,5.1548,0.2779,plan_grounded,proxy,45.1759,PERMISSIVE,CALIBRATED - pending PI sign-off,
INV,PWRNGSPERXX,PER,NGS,2028,5.1548,0.0,5.1548,0.2779,plan_grounded,proxy,45.1759,PERMISSIVE,CALIBRATED - pending PI sign-off,
INV,PWRNGSPERXX,PER,NGS,2029,5.1548,0.0,5.1548,0.2779,plan_grounded,proxy,45.1759,PERMISSIVE,CALIBRATED - pending PI sign-off,
INV,PWRNGSPERXX,PER,NGS,2030,5.1548,0.0,5.1548,0.2779,plan_grounded,proxy,45.1759,PERMISSIVE,CALIBRATED - pending PI sign-off,
INV,PWRNGSPERXX,PER,NGS,2031,5.1548,0.0,5.1548,0.2665,plan_grounded,proxy,43.3235,PERMISSIVE,CALIBRATED - pending PI sign-off,
INV,PWRNGSPERXX,PER,NGS,2032,5.1548,0.0,5.1548,0.2551,plan_grounded,proxy,41.4711,PERMISSIVE,CALIBRATED - pending PI sign-off,
INV,PWRNGSPERXX,PER,NGS,2033,5.1548,0.0,5.1548,0.2437,plan_grounded,proxy,39.6187,PERMISSIVE,CALIBRATED - pending PI sign-off,
INV,PWRNGSPERXX,PER,NGS,2034,5.1548,0.0,5.1548,0.2323,plan_grounded,proxy,37.7664,PERMISSIVE,CALIBRATED - pending PI sign-off,
INV,PWRNGSPERXX,PER,NGS,2035,5.1548,0.0,5.1548,0.2209,plan_grounded,proxy,35.914,PERMISSIVE,CALIBRATED - pending PI sign-off,
INV,PWRNGSPERXX,PER,NGS,2036,5.1548,0.0,5.1548,0.2095,plan_grounded,proxy,34.0616,PERMISSIVE,CALIBRATED - pending PI sign-off,
INV,PWRNGSPERXX,PER,NGS,2037,5.1548,0.0,5.1548,0.1981,plan_grounded,proxy,32.2092,PERMISSIVE,CALIBRATED - pending PI sign-off,
INV,PWRNGSPERXX,PER,NGS,2038,5.1548,0.0,5.1548,0.1867,plan_grounded,proxy,30.3568,PERMISSIVE,CALIBRATED - pending PI sign-off,
INV,PWRNGSPERXX,PER,NGS,2039,5.1548,0.0,5.1548,0.1753,plan_grounded,proxy,28.5044,PERMISSIVE,CALIBRATED - pending PI sign-off,
INV,PWRNGSPERXX,PER,NGS,2040,5.1548,0.0,5.1548,0.1639,plan_grounded,proxy,26.652,PERMISSIVE,CALIBRATED - pending PI sign-off,
INV,PWRNGSPERXX,PER,NGS,2041,5.1548,0.0,5.1548,0.1526,plan_grounded,proxy,24.7996,PERMISSIVE,CALIBRATED - pending PI sign-off,
INV,PWRNGSPERXX,PER,NGS,2042,5.1548,0.0,5.1548,0.1412,plan_grounded,proxy,22.9472,PERMISSIVE,CALIBRATED - pending PI sign-off,
INV,PWRNGSPERXX,PER,NGS,2043,5.1548,0.0,5.1548,0.1298,plan_grounded,proxy,21.0948,PERMISSIVE,CALIBRATED - pending PI sign-off,
INV,PWRNGSPERXX,PER,NGS,2044,5.1548,0.0,5.1548,0.1184,plan_grounded,proxy,19.2424,PERMISSIVE,CALIBRATED - pending PI sign-off,
INV,PWRNGSPERXX,PER,NGS,2045,5.1548,0.0,5.1548,0.107,plan_grounded,proxy,17.39,PERMISSIVE,CALIBRATED - pending PI sign-off,
INV,PWRNGSPERXX,PER,NGS,2046,5.1548,0.0,5.1548,0.0956,plan_grounded,proxy,15.5377,PERMISSIVE,CALIBRATED - pending PI sign-off,
INV,PWRNGSPERXX,PER,NGS,2047,5.1548,0.0,5.1548,0.0842,plan_grounded,proxy,13.6853,PERMISSIVE,CALIBRATED - pending PI sign-off,
INV,PWRNGSPERXX,PER,NGS,2048,5.1548,0.0,5.1548,0.0728,plan_grounded,proxy,11.8329,PERMISSIVE,CALIBRATED - pending PI sign-off,
INV,PWRNGSPERXX,PER,NGS,2049,5.1548,0.0,5.1548,0.0614,plan_grounded,proxy,9.9805,PERMISSIVE,CALIBRATED - pending PI sign-off,
INV,PWRNGSPERXX,PER,NGS,2050,5.1548,0.0,5.1548,0.05,plan_grounded,proxy,8.1281,PERMISSIVE,CALIBRATED - pending PI sign-off,
INV,PWRNGSSLVXX,SLV,NGS,2027,0.3877,0.0,0.3877,0.15,plan_grounded,grounded,1.834,PERMISSIVE,CALIBRATED - pending PI sign-off,
INV,PWRNGSSLVXX,SLV,NGS,2028,0.3877,0.0,0.3877,0.15,plan_grounded,grounded,1.834,PERMISSIVE,CALIBRATED - pending PI sign-off,
INV,PWRNGSSLVXX,SLV,NGS,2029,0.3877,0.0,0.3877,0.15,plan_grounded,grounded,1.834,PERMISSIVE,CALIBRATED - pending PI sign-off,
INV,PWRNGSSLVXX,SLV,NGS,2030,0.3877,0.0,0.3877,0.15,plan_grounded,grounded,1.834,PERMISSIVE,CALIBRATED - pending PI sign-off,
INV,PWRNGSSLVXX,SLV,NGS,2031,0.3877,0.0,0.3877,0.145,plan_grounded,grounded,1.7728,PERMISSIVE,CALIBRATED - pending PI sign-off,
INV,PWRNGSSLVXX,SLV,NGS,2032,0.3877,0.0,0.3877,0.14,plan_grounded,grounded,1.7117,PERMISSIVE,CALIBRATED - pending PI sign-off,
INV,PWRNGSSLVXX,SLV,NGS,2033,0.3877,0.0,0.3877,0.135,plan_grounded,grounded,1.6506,PERMISSIVE,CALIBRATED - pending PI sign-off,
INV,PWRNGSSLVXX,SLV,NGS,2034,0.3877,0.0,0.3877,0.13,plan_grounded,grounded,1.5894,PERMISSIVE,CALIBRATED - pending PI sign-off,
INV,PWRNGSSLVXX,SLV,NGS,2035,0.3877,0.0,0.3877,0.125,plan_grounded,grounded,1.5283,PERMISSIVE,CALIBRATED - pending PI sign-off,
INV,PWRNGSSLVXX,SLV,NGS,2036,0.3877,0.0,0.3877,0.12,plan_grounded,grounded,1.4672,PERMISSIVE,CALIBRATED - pending PI sign-off,
INV,PWRNGSSLVXX,SLV,NGS,2037,0.3877,0.0,0.3877,0.115,plan_grounded,grounded,1.406,PERMISSIVE,CALIBRATED - pending PI sign-off,
INV,PWRNGSSLVXX,SLV,NGS,2038,0.3877,0.0,0.3877,0.11,plan_grounded,grounded,1.3449,PERMISSIVE,CALIBRATED - pending PI sign-off,
INV,PWRNGSSLVXX,SLV,NGS,2039,0.3877,0.0,0.3877,0.105,plan_grounded,grounded,1.2838,PERMISSIVE,CALIBRATED - pending PI sign-off,
INV,PWRNGSSLVXX,SLV,NGS,2040,0.3877,0.0,0.3877,0.1,plan_grounded,grounded,1.2227,PERMISSIVE,CALIBRATED - pending PI sign-off,
INV,PWRNGSSLVXX,SLV,NGS,2041,0.3877,0.0,0.3877,0.095,plan_grounded,grounded,1.1615,PERMISSIVE,CALIBRATED - pending PI sign-off,
INV,PWRNGSSLVXX,SLV,NGS,2042,0.3877,0.0,0.3877,0.09,plan_grounded,grounded,1.1004,PERMISSIVE,CALIBRATED - pending PI sign-off,
INV,PWRNGSSLVXX,SLV,NGS,2043,0.3877,0.0,0.3877,0.085,plan_grounded,grounded,1.0393,PERMISSIVE,CALIBRATED - pending PI sign-off,
INV,PWRNGSSLVXX,SLV,NGS,2044,0.3877,0.0,0.3877,0.08,plan_grounded,grounded,0.9781,PERMISSIVE,CALIBRATED - pending PI sign-off,
INV,PWRNGSSLVXX,SLV,NGS,2045,0.3877,0.0,0.3877,0.075,plan_grounded,grounded,0.917,PERMISSIVE,CALIBRATED - pending PI sign-off,
INV,PWRNGSSLVXX,SLV,NGS,2046,0.3877,0.0,0.3877,0.07,plan_grounded,grounded,0.8559,PERMISSIVE,CALIBRATED - pending PI sign-off,
INV,PWRNGSSLVXX,SLV,NGS,2047,0.3877,0.0,0.3877,0.065,plan_grounded,grounded,0.7947,PERMISSIVE,CALIBRATED - pending PI sign-off,
INV,PWRNGSSLVXX,SLV,NGS,2048,0.3877,0.0,0.3877,0.06,plan_grounded,grounded,0.7336,PERMISSIVE,CALIBRATED - pending PI sign-off,
INV,PWRNGSSLVXX,SLV,NGS,2049,0.3877,0.0,0.3877,0.055,plan_grounded,grounded,0.6725,PERMISSIVE,CALIBRATED - pending PI sign-off,
INV,PWRNGSSLVXX,SLV,NGS,2050,0.3877,0.0,0.3877,0.05,plan_grounded,grounded,0.6113,PERMISSIVE,CALIBRATED - pending PI sign-off,
INV,PWROILBRBXX,BRB,OIL,2027,0.2186,0.0,0.2186,0.53,historical_implied,historical,3.6539,PERMISSIVE,CALIBRATED - pending PI sign-off,
INV,PWROILBRBXX,BRB,OIL,2028,0.2186,0.0,0.2186,0.53,historical_implied,historical,3.6539,PERMISSIVE,CALIBRATED - pending PI sign-off,
INV,PWROILBRBXX,BRB,OIL,2029,0.2186,0.0,0.2186,0.53,historical_implied,historical,3.6539,PERMISSIVE,CALIBRATED - pending PI sign-off,
INV,PWROILBRBXX,BRB,OIL,2030,0.2186,0.0,0.2186,0.53,historical_implied,historical,3.6539,PERMISSIVE,CALIBRATED - pending PI sign-off,
INV,PWROILBRBXX,BRB,OIL,2031,0.2186,0.0,0.2186,0.506,historical_implied,historical,3.4884,PERMISSIVE,CALIBRATED - pending PI sign-off,
INV,PWROILBRBXX,BRB,OIL,2032,0.2186,0.0,0.2186,0.482,historical_implied,historical,3.323,PERMISSIVE,CALIBRATED - pending PI sign-off,
INV,PWROILBRBXX,BRB,OIL,2033,0.2186,0.0,0.2186,0.458,historical_implied,historical,3.1575,PERMISSIVE,CALIBRATED - pending PI sign-off,
INV,PWROILBRBXX,BRB,OIL,2034,0.2186,0.0,0.2186,0.434,historical_implied,historical,2.9921,PERMISSIVE,CALIBRATED - pending PI sign-off,
INV,PWROILBRBXX,BRB,OIL,2035,0.2186,0.0,0.2186,0.41,historical_implied,historical,2.8266,PERMISSIVE,CALIBRATED - pending PI sign-off,
INV,PWROILBRBXX,BRB,OIL,2036,0.2186,0.0,0.2186,0.386,historical_implied,historical,2.6611,PERMISSIVE,CALIBRATED - pending PI sign-off,
INV,PWROILBRBXX,BRB,OIL,2037,0.2186,0.0,0.2186,0.362,historical_implied,historical,2.4957,PERMISSIVE,CALIBRATED - pending PI sign-off,
INV,PWROILBRBXX,BRB,OIL,2038,0.2186,0.0,0.2186,0.338,historical_implied,historical,2.3302,PERMISSIVE,CALIBRATED - pending PI sign-off,
INV,PWROILBRBXX,BRB,OIL,2039,0.2186,0.0,0.2186,0.314,historical_implied,historical,2.1648,PERMISSIVE,CALIBRATED - pending PI sign-off,
INV,PWROILBRBXX,BRB,OIL,2040,0.2186,0.0,0.2186,0.29,historical_implied,historical,1.9993,PERMISSIVE,CALIBRATED - pending PI sign-off,
INV,PWROILBRBXX,BRB,OIL,2041,0.2186,0.0,0.2186,0.266,historical_implied,historical,1.8338,PERMISSIVE,CALIBRATED - pending PI sign-off,
INV,PWROILBRBXX,BRB,OIL,2042,0.2186,0.0,0.2186,0.242,historical_implied,historical,1.6684,PERMISSIVE,CALIBRATED - pending PI sign-off,
INV,PWROILBRBXX,BRB,OIL,2043,0.2186,0.0,0.2186,0.218,historical_implied,historical,1.5029,PERMISSIVE,CALIBRATED - pending PI sign-off,
INV,PWROILBRBXX,BRB,OIL,2044,0.2186,0.0,0.2186,0.194,historical_implied,historical,1.3375,PERMISSIVE,CALIBRATED - pending PI sign-off,
INV,PWROILBRBXX,BRB,OIL,2045,0.2186,0.0,0.2186,0.17,historical_implied,historical,1.172,PERMISSIVE,CALIBRATED - pending PI sign-off,
INV,PWROILBRBXX,BRB,OIL,2046,0.252,0.0,0.252,0.146,historical_implied,historical,1.1603,PERMISSIVE,CALIBRATED - pending PI sign-off,
INV,PWROILBRBXX,BRB,OIL,2047,0.252,0.0,0.252,0.122,historical_implied,historical,0.9696,PERMISSIVE,CALIBRATED - pending PI sign-off,
INV,PWROILBRBXX,BRB,OIL,2048,0.252,0.0,0.252,0.098,historical_implied,historical,0.7788,PERMISSIVE,CALIBRATED - pending PI sign-off,
INV,PWROILBRBXX,BRB,OIL,2049,0.252,0.0,0.252,0.074,historical_implied,historical,0.5881,PERMISSIVE,CALIBRATED - pending PI sign-off,
INV,PWROILBRBXX,BRB,OIL,2050,0.252,0.0,0.252,0.05,historical_implied,historical,0.3974,PERMISSIVE,CALIBRATED - pending PI sign-off,
INV,PWROILCHLXX,CHL,OIL,2046,2.125,0.0,2.125,0.03,plan_grounded,proxy,2.0104,PERMISSIVE,CALIBRATED - pending PI sign-off,
INV,PWROILCHLXX,CHL,OIL,2047,2.125,0.0,2.125,0.03,plan_grounded,proxy,2.0104,PERMISSIVE,CALIBRATED - pending PI sign-off,
INV,PWROILCHLXX,CHL,OIL,2048,2.125,0.0,2.125,0.03,plan_grounded,proxy,2.0104,PERMISSIVE,CALIBRATED - pending PI sign-off,
INV,PWROILCHLXX,CHL,OIL,2049,2.125,0.0,2.125,0.03,plan_grounded,proxy,2.0104,PERMISSIVE,CALIBRATED - pending PI sign-off,
INV,PWROILCHLXX,CHL,OIL,2050,2.125,0.0,2.125,0.03,plan_grounded,proxy,2.0104,PERMISSIVE,CALIBRATED - pending PI sign-off,
INV,PWROILCOLXX,COL,OIL,2046,0.6877,0.0,0.6877,0.0577,fuel_fallback,proxy,1.2505,PERMISSIVE,CALIBRATED - pending PI sign-off,
INV,PWROILCOLXX,COL,OIL,2047,0.6877,0.0,0.6877,0.0557,fuel_fallback,proxy,1.209,PERMISSIVE,CALIBRATED - pending PI sign-off,
INV,PWROILCOLXX,COL,OIL,2048,0.6877,0.0,0.6877,0.0538,fuel_fallback,proxy,1.1674,PERMISSIVE,CALIBRATED - pending PI sign-off,
INV,PWROILCOLXX,COL,OIL,2049,0.6877,0.0,0.6877,0.0519,fuel_fallback,proxy,1.1259,PERMISSIVE,CALIBRATED - pending PI sign-off,
INV,PWROILCOLXX,COL,OIL,2050,0.6877,0.0,0.6877,0.05,fuel_fallback,proxy,1.0844,PERMISSIVE,CALIBRATED - pending PI sign-off,
INV,PWROILCRIXX,CRI,OIL,2046,0.3792,0.0,0.3792,0.03,plan_grounded,grounded,0.3588,PERMISSIVE,CALIBRATED - pending PI sign-off,
INV,PWROILCRIXX,CRI,OIL,2047,0.3792,0.0,0.3792,0.03,plan_grounded,grounded,0.3588,PERMISSIVE,CALIBRATED - pending PI sign-off,
INV,PWROILCRIXX,CRI,OIL,2048,0.3792,0.0,0.3792,0.03,plan_grounded,grounded,0.3588,PERMISSIVE,CALIBRATED - pending PI sign-off,
INV,PWROILCRIXX,CRI,OIL,2049,0.3792,0.0,0.3792,0.03,plan_grounded,grounded,0.3588,PERMISSIVE,CALIBRATED - pending PI sign-off,
INV,PWROILCRIXX,CRI,OIL,2050,0.3792,0.0,0.3792,0.03,plan_grounded,grounded,0.3588,PERMISSIVE,CALIBRATED - pending PI sign-off,
INV,PWROILDOMXX,DOM,OIL,2046,0.5446,0.0,0.5446,0.11,plan_grounded,grounded,1.8892,PERMISSIVE,CALIBRATED - pending PI sign-off,
INV,PWROILDOMXX,DOM,OIL,2047,0.5446,0.0,0.5446,0.095,plan_grounded,grounded,1.6316,PERMISSIVE,CALIBRATED - pending PI sign-off,
INV,PWROILDOMXX,DOM,OIL,2048,0.5446,0.0,0.5446,0.08,plan_grounded,grounded,1.374,PERMISSIVE,CALIBRATED - pending PI sign-off,
INV,PWROILDOMXX,DOM,OIL,2049,0.5446,0.0,0.5446,0.065,plan_grounded,grounded,1.1163,PERMISSIVE,CALIBRATED - pending PI sign-off,
INV,PWROILDOMXX,DOM,OIL,2050,0.5446,0.0,0.5446,0.05,plan_grounded,grounded,0.8587,PERMISSIVE,CALIBRATED - pending PI sign-off,
INV,PWROILECUXX,ECU,OIL,2027,1.2524,0.0,1.2524,0.437,plan_grounded,grounded,17.2596,PERMISSIVE,CALIBRATED - pending PI sign-off,
INV,PWROILECUXX,ECU,OIL,2028,1.2524,0.0,1.2524,0.437,plan_grounded,grounded,17.2596,PERMISSIVE,CALIBRATED - pending PI sign-off,
INV,PWROILECUXX,ECU,OIL,2029,1.2524,0.0,1.2524,0.437,plan_grounded,grounded,17.2596,PERMISSIVE,CALIBRATED - pending PI sign-off,
INV,PWROILECUXX,ECU,OIL,2030,1.2524,0.0,1.2524,0.437,plan_grounded,grounded,17.2596,PERMISSIVE,CALIBRATED - pending PI sign-off,
INV,PWROILECUXX,ECU,OIL,2031,1.2524,0.0,1.2524,0.4177,plan_grounded,grounded,16.4954,PERMISSIVE,CALIBRATED - pending PI sign-off,
INV,PWROILECUXX,ECU,OIL,2032,1.2524,0.0,1.2524,0.3983,plan_grounded,grounded,15.7311,PERMISSIVE,CALIBRATED - pending PI sign-off,
INV,PWROILECUXX,ECU,OIL,2033,1.2524,0.0,1.2524,0.379,plan_grounded,grounded,14.9669,PERMISSIVE,CALIBRATED - pending PI sign-off,
INV,PWROILECUXX,ECU,OIL,2034,1.2524,0.0,1.2524,0.3596,plan_grounded,grounded,14.2026,PERMISSIVE,CALIBRATED - pending PI sign-off,
INV,PWROILECUXX,ECU,OIL,2035,1.2524,0.0,1.2524,0.3402,plan_grounded,grounded,13.4384,PERMISSIVE,CALIBRATED - pending PI sign-off,
INV,PWROILECUXX,ECU,OIL,2036,1.2524,0.0,1.2524,0.3209,plan_grounded,grounded,12.6742,PERMISSIVE,CALIBRATED - pending PI sign-off,
INV,PWROILECUXX,ECU,OIL,2037,1.2524,0.0,1.2524,0.3015,plan_grounded,grounded,11.9099,PERMISSIVE,CALIBRATED - pending PI sign-off,
INV,PWROILECUXX,ECU,OIL,2038,1.2524,0.0,1.2524,0.2822,plan_grounded,grounded,11.1457,PERMISSIVE,CALIBRATED - pending PI sign-off,
INV,PWROILECUXX,ECU,OIL,2039,1.2524,0.0,1.2524,0.2629,plan_grounded,grounded,10.3814,PERMISSIVE,CALIBRATED - pending PI sign-off,
INV,PWROILECUXX,ECU,OIL,2040,1.2524,0.0,1.2524,0.2435,plan_grounded,grounded,9.6172,PERMISSIVE,CALIBRATED - pending PI sign-off,
INV,PWROILECUXX,ECU,OIL,2041,1.2524,0.0,1.2524,0.2241,plan_grounded,grounded,8.853,PERMISSIVE,CALIBRATED - pending PI sign-off,
INV,PWROILECUXX,ECU,OIL,2042,1.2524,0.0,1.2524,0.2048,plan_grounded,grounded,8.0887,PERMISSIVE,CALIBRATED - pending PI sign-off,
INV,PWROILECUXX,ECU,OIL,2043,1.2524,0.0,1.2524,0.1855,plan_grounded,grounded,7.3245,PERMISSIVE,CALIBRATED - pending PI sign-off,
INV,PWROILECUXX,ECU,OIL,2044,1.2524,0.0,1.2524,0.1661,plan_grounded,grounded,6.5602,PERMISSIVE,CALIBRATED - pending PI sign-off,
INV,PWROILECUXX,ECU,OIL,2046,1.0686,0.0,1.0686,0.1274,plan_grounded,grounded,4.2933,PERMISSIVE,CALIBRATED - pending PI sign-off,
INV,PWROILECUXX,ECU,OIL,2047,1.0686,0.0,1.0686,0.108,plan_grounded,grounded,3.6412,PERMISSIVE,CALIBRATED - pending PI sign-off,
INV,PWROILECUXX,ECU,OIL,2048,1.0686,0.0,1.0686,0.0887,plan_grounded,grounded,2.9891,PERMISSIVE,CALIBRATED - pending PI sign-off,
INV,PWROILECUXX,ECU,OIL,2049,1.0686,0.0,1.0686,0.0694,plan_grounded,grounded,2.3371,PERMISSIVE,CALIBRATED - pending PI sign-off,
INV,PWROILECUXX,ECU,OIL,2050,1.0686,0.0,1.0686,0.05,plan_grounded,grounded,1.685,PERMISSIVE,CALIBRATED - pending PI sign-off,
INV,PWROILGTMXX,GTM,OIL,2027,0.5137,0.0,0.5137,0.08,plan_grounded,grounded,1.296,PERMISSIVE,CALIBRATED - pending PI sign-off,
INV,PWROILGTMXX,GTM,OIL,2028,0.5137,0.0,0.5137,0.08,plan_grounded,grounded,1.296,PERMISSIVE,CALIBRATED - pending PI sign-off,
INV,PWROILGTMXX,GTM,OIL,2029,0.4986,0.0,0.4986,0.08,plan_grounded,grounded,1.2579,PERMISSIVE,CALIBRATED - pending PI sign-off,
INV,PWROILGTMXX,GTM,OIL,2030,0.4986,0.0,0.4986,0.08,plan_grounded,grounded,1.2579,PERMISSIVE,CALIBRATED - pending PI sign-off,
INV,PWROILGTMXX,GTM,OIL,2031,0.4739,0.0,0.4739,0.0785,plan_grounded,grounded,1.1732,PERMISSIVE,CALIBRATED - pending PI sign-off,
INV,PWROILGTMXX,GTM,OIL,2032,0.4739,0.0,0.4739,0.077,plan_grounded,grounded,1.1508,PERMISSIVE,CALIBRATED - pending PI sign-off,
INV,PWROILGTMXX,GTM,OIL,2033,0.4739,0.0,0.4739,0.0755,plan_grounded,grounded,1.1283,PERMISSIVE,CALIBRATED - pending PI sign-off,
INV,PWROILGTMXX,GTM,OIL,2034,0.456,0.0,0.456,0.074,plan_grounded,grounded,1.0642,PERMISSIVE,CALIBRATED - pending PI sign-off,
INV,PWROILGTMXX,GTM,OIL,2035,0.456,0.0,0.456,0.0725,plan_grounded,grounded,1.0426,PERMISSIVE,CALIBRATED - pending PI sign-off,
INV,PWROILGTMXX,GTM,OIL,2036,0.456,0.0,0.456,0.071,plan_grounded,grounded,1.021,PERMISSIVE,CALIBRATED - pending PI sign-off,
INV,PWROILGTMXX,GTM,OIL,2037,0.456,0.0,0.456,0.0695,plan_grounded,grounded,0.9994,PERMISSIVE,CALIBRATED - pending PI sign-off,
INV,PWROILGTMXX,GTM,OIL,2038,0.4321,0.0,0.4321,0.068,plan_grounded,grounded,0.9266,PERMISSIVE,CALIBRATED - pending PI sign-off,
INV,PWROILGTMXX,GTM,OIL,2039,0.1597,0.0,0.1597,0.0665,plan_grounded,grounded,0.3349,PERMISSIVE,CALIBRATED - pending PI sign-off,
INV,PWROILGTMXX,GTM,OIL,2040,0.1597,0.0,0.1597,0.065,plan_grounded,grounded,0.3274,PERMISSIVE,CALIBRATED - pending PI sign-off,
INV,PWROILGTMXX,GTM,OIL,2041,0.1597,0.0,0.1597,0.0635,plan_grounded,grounded,0.3198,PERMISSIVE,CALIBRATED - pending PI sign-off,
INV,PWROILGTMXX,GTM,OIL,2042,0.1597,0.0,0.1597,0.062,plan_grounded,grounded,0.3123,PERMISSIVE,CALIBRATED - pending PI sign-off,
INV,PWROILGTMXX,GTM,OIL,2043,0.1597,0.0,0.1597,0.0605,plan_grounded,grounded,0.3047,PERMISSIVE,CALIBRATED - pending PI sign-off,
INV,PWROILGTMXX,GTM,OIL,2046,0.4003,0.0,0.4003,0.056,plan_grounded,grounded,0.7069,PERMISSIVE,CALIBRATED - pending PI sign-off,
INV,PWROILGTMXX,GTM,OIL,2047,0.4003,0.0,0.4003,0.0545,plan_grounded,grounded,0.688,PERMISSIVE,CALIBRATED - pending PI sign-off,
INV,PWROILGTMXX,GTM,OIL,2048,0.4003,0.0,0.4003,0.053,plan_grounded,grounded,0.6691,PERMISSIVE,CALIBRATED - pending PI sign-off,
INV,PWROILGTMXX,GTM,OIL,2049,0.4003,0.0,0.4003,0.0515,plan_grounded,grounded,0.6501,PERMISSIVE,CALIBRATED - pending PI sign-off,
INV,PWROILGTMXX,GTM,OIL,2050,0.4003,0.0,0.4003,0.05,plan_grounded,grounded,0.6312,PERMISSIVE,CALIBRATED - pending PI sign-off,
INV,PWROILHNDXX,HND,OIL,2046,0.387,0.0,0.387,0.11,plan_grounded,grounded,1.3425,PERMISSIVE,CALIBRATED - pending PI sign-off,
INV,PWROILHNDXX,HND,OIL,2047,0.387,0.0,0.387,0.095,plan_grounded,grounded,1.1594,PERMISSIVE,CALIBRATED - pending PI sign-off,
INV,PWROILHNDXX,HND,OIL,2048,0.387,0.0,0.387,0.08,plan_grounded,grounded,0.9764,PERMISSIVE,CALIBRATED - pending PI sign-off,
INV,PWROILHNDXX,HND,OIL,2049,0.387,0.0,0.387,0.065,plan_grounded,grounded,0.7933,PERMISSIVE,CALIBRATED - pending PI sign-off,
INV,PWROILHNDXX,HND,OIL,2050,0.387,0.0,0.387,0.05,plan_grounded,grounded,0.6102,PERMISSIVE,CALIBRATED - pending PI sign-off,
INV,PWROILHTIXX,HTI,OIL,2027,0.4004,0.0,0.4004,0.2016,historical_implied,historical,2.5462,PERMISSIVE,CALIBRATED - pending PI sign-off,
INV,PWROILHTIXX,HTI,OIL,2028,0.4004,0.0,0.4004,0.2016,historical_implied,historical,2.5462,PERMISSIVE,CALIBRATED - pending PI sign-off,
INV,PWROILHTIXX,HTI,OIL,2029,0.4004,0.0,0.4004,0.2016,historical_implied,historical,2.5462,PERMISSIVE,CALIBRATED - pending PI sign-off,
INV,PWROILHTIXX,HTI,OIL,2030,0.4004,0.0,0.4004,0.2016,historical_implied,historical,2.5462,PERMISSIVE,CALIBRATED - pending PI sign-off,
INV,PWROILHTIXX,HTI,OIL,2031,0.4004,0.0,0.4004,0.1941,historical_implied,historical,2.4505,PERMISSIVE,CALIBRATED - pending PI sign-off,
INV,PWROILHTIXX,HTI,OIL,2032,0.4004,0.0,0.4004,0.1865,historical_implied,historical,2.3547,PERMISSIVE,CALIBRATED - pending PI sign-off,
INV,PWROILHTIXX,HTI,OIL,2033,0.4004,0.0,0.4004,0.1789,historical_implied,historical,2.259,PERMISSIVE,CALIBRATED - pending PI sign-off,
INV,PWROILHTIXX,HTI,OIL,2034,0.4004,0.0,0.4004,0.1713,historical_implied,historical,2.1632,PERMISSIVE,CALIBRATED - pending PI sign-off,
INV,PWROILHTIXX,HTI,OIL,2035,0.4004,0.0,0.4004,0.1637,historical_implied,historical,2.0675,PERMISSIVE,CALIBRATED - pending PI sign-off,
INV,PWROILHTIXX,HTI,OIL,2036,0.4004,0.0,0.4004,0.1562,historical_implied,historical,1.9717,PERMISSIVE,CALIBRATED - pending PI sign-off,
INV,PWROILHTIXX,HTI,OIL,2037,0.4004,0.0,0.4004,0.1486,historical_implied,historical,1.876,PERMISSIVE,CALIBRATED - pending PI sign-off,
INV,PWROILHTIXX,HTI,OIL,2038,0.4004,0.0,0.4004,0.141,historical_implied,historical,1.7803,PERMISSIVE,CALIBRATED - pending PI sign-off,
INV,PWROILHTIXX,HTI,OIL,2039,0.4004,0.0,0.4004,0.1334,historical_implied,historical,1.6845,PERMISSIVE,CALIBRATED - pending PI sign-off,
INV,PWROILHTIXX,HTI,OIL,2040,0.4004,0.0,0.4004,0.1258,historical_implied,historical,1.5888,PERMISSIVE,CALIBRATED - pending PI sign-off,
INV,PWROILHTIXX,HTI,OIL,2041,0.4004,0.0,0.4004,0.1182,historical_implied,historical,1.493,PERMISSIVE,CALIBRATED - pending PI sign-off,
INV,PWROILHTIXX,HTI,OIL,2042,0.4004,0.0,0.4004,0.1107,historical_implied,historical,1.3973,PERMISSIVE,CALIBRATED - pending PI sign-off,
INV,PWROILHTIXX,HTI,OIL,2043,0.4004,0.0,0.4004,0.1031,historical_implied,historical,1.3015,PERMISSIVE,CALIBRATED - pending PI sign-off,
INV,PWROILHTIXX,HTI,OIL,2044,0.4004,0.0,0.4004,0.0955,historical_implied,historical,1.2058,PERMISSIVE,CALIBRATED - pending PI sign-off,
INV,PWROILHTIXX,HTI,OIL,2045,0.4004,0.0,0.4004,0.0879,historical_implied,historical,1.1101,PERMISSIVE,CALIBRATED - pending PI sign-off,
INV,PWROILHTIXX,HTI,OIL,2046,0.1533,0.0,0.1533,0.0803,historical_implied,historical,0.3884,PERMISSIVE,CALIBRATED - pending PI sign-off,
INV,PWROILHTIXX,HTI,OIL,2047,0.1533,0.0,0.1533,0.0727,historical_implied,historical,0.3517,PERMISSIVE,CALIBRATED - pending PI sign-off,
INV,PWROILHTIXX,HTI,OIL,2048,0.1533,0.0,0.1533,0.0652,historical_implied,historical,0.315,PERMISSIVE,CALIBRATED - pending PI sign-off,
INV,PWROILHTIXX,HTI,OIL,2049,0.1533,0.0,0.1533,0.0576,historical_implied,historical,0.2784,PERMISSIVE,CALIBRATED - pending PI sign-off,
INV,PWROILHTIXX,HTI,OIL,2050,0.1533,0.0,0.1533,0.05,historical_implied,historical,0.2417,PERMISSIVE,CALIBRATED - pending PI sign-off,
INV,PWROILNICXX,NIC,OIL,2046,0.8829,0.0,0.8829,0.0674,plan_grounded,grounded,1.8777,PERMISSIVE,CALIBRATED - pending PI sign-off,
INV,PWROILNICXX,NIC,OIL,2047,0.8829,0.0,0.8829,0.0631,plan_grounded,grounded,1.7563,PERMISSIVE,CALIBRATED - pending PI sign-off,
INV,PWROILNICXX,NIC,OIL,2048,0.8829,0.0,0.8829,0.0587,plan_grounded,grounded,1.6349,PERMISSIVE,CALIBRATED - pending PI sign-off,
INV,PWROILNICXX,NIC,OIL,2049,0.8829,0.0,0.8829,0.0544,plan_grounded,grounded,1.5136,PERMISSIVE,CALIBRATED - pending PI sign-off,
INV,PWROILNICXX,NIC,OIL,2050,0.8829,0.0,0.8829,0.05,plan_grounded,grounded,1.3922,PERMISSIVE,CALIBRATED - pending PI sign-off,
INV,PWROILPANXX,PAN,OIL,2046,0.5008,0.0,0.5008,0.02,plan_grounded,grounded,0.3159,PERMISSIVE,CALIBRATED - pending PI sign-off,
INV,PWROILPANXX,PAN,OIL,2047,0.5008,0.0,0.5008,0.02,plan_grounded,grounded,0.3159,PERMISSIVE,CALIBRATED - pending PI sign-off,
INV,PWROILPANXX,PAN,OIL,2048,0.5008,0.0,0.5008,0.02,plan_grounded,grounded,0.3159,PERMISSIVE,CALIBRATED - pending PI sign-off,
INV,PWROILPANXX,PAN,OIL,2049,0.5008,0.0,0.5008,0.02,plan_grounded,grounded,0.3159,PERMISSIVE,CALIBRATED - pending PI sign-off,
INV,PWROILPANXX,PAN,OIL,2050,0.5008,0.0,0.5008,0.02,plan_grounded,grounded,0.3159,PERMISSIVE,CALIBRATED - pending PI sign-off,
INV,PWROILPERXX,PER,OIL,2046,2.6845,0.0,2.6845,0.0577,fuel_fallback,proxy,4.8814,PERMISSIVE,CALIBRATED - pending PI sign-off,
INV,PWROILPERXX,PER,OIL,2047,2.6845,0.0,2.6845,0.0557,fuel_fallback,proxy,4.7193,PERMISSIVE,CALIBRATED - pending PI sign-off,
INV,PWROILPERXX,PER,OIL,2048,2.6845,0.0,2.6845,0.0538,fuel_fallback,proxy,4.5572,PERMISSIVE,CALIBRATED - pending PI sign-off,
INV,PWROILPERXX,PER,OIL,2049,2.6845,0.0,2.6845,0.0519,fuel_fallback,proxy,4.395,PERMISSIVE,CALIBRATED - pending PI sign-off,
INV,PWROILPERXX,PER,OIL,2050,2.6845,0.0,2.6845,0.05,fuel_fallback,proxy,4.2329,PERMISSIVE,CALIBRATED - pending PI sign-off,
INV,PWROILSLVXX,SLV,OIL,2046,0.7717,0.0,0.7717,0.1,plan_grounded,grounded,2.4336,PERMISSIVE,CALIBRATED - pending PI sign-off,
INV,PWROILSLVXX,SLV,OIL,2047,0.7717,0.0,0.7717,0.0875,plan_grounded,grounded,2.1294,PERMISSIVE,CALIBRATED - pending PI sign-off,
INV,PWROILSLVXX,SLV,OIL,2048,0.7717,0.0,0.7717,0.075,plan_grounded,grounded,1.8252,PERMISSIVE,CALIBRATED - pending PI sign-off,
INV,PWROILSLVXX,SLV,OIL,2049,0.7717,0.0,0.7717,0.0625,plan_grounded,grounded,1.521,PERMISSIVE,CALIBRATED - pending PI sign-off,
INV,PWROILSLVXX,SLV,OIL,2050,0.7717,0.0,0.7717,0.05,plan_grounded,grounded,1.2168,PERMISSIVE,CALIBRATED - pending PI sign-off,
INV,PWRPETARGXX,ARG,PET,2027,5.912,0.0,5.912,0.33,plan_grounded,grounded,61.5255,PERMISSIVE,CALIBRATED - pending PI sign-off,
INV,PWRPETARGXX,ARG,PET,2028,5.912,0.0,5.912,0.33,plan_grounded,grounded,61.5255,PERMISSIVE,CALIBRATED - pending PI sign-off,
INV,PWRPETARGXX,ARG,PET,2029,5.912,0.0,5.912,0.33,plan_grounded,grounded,61.5255,PERMISSIVE,CALIBRATED - pending PI sign-off,
INV,PWRPETARGXX,ARG,PET,2030,5.912,0.0,5.912,0.33,plan_grounded,grounded,61.5255,PERMISSIVE,CALIBRATED - pending PI sign-off,
INV,PWRPETARGXX,ARG,PET,2031,5.912,0.0,5.912,0.316,plan_grounded,grounded,58.9153,PERMISSIVE,CALIBRATED - pending PI sign-off,
INV,PWRPETARGXX,ARG,PET,2032,5.912,0.0,5.912,0.302,plan_grounded,grounded,56.3051,PERMISSIVE,CALIBRATED - pending PI sign-off,
INV,PWRPETARGXX,ARG,PET,2033,5.912,0.0,5.912,0.288,plan_grounded,grounded,53.695,PERMISSIVE,CALIBRATED - pending PI sign-off,
INV,PWRPETARGXX,ARG,PET,2034,5.912,0.0,5.912,0.274,plan_grounded,grounded,51.0848,PERMISSIVE,CALIBRATED - pending PI sign-off,
INV,PWRPETARGXX,ARG,PET,2035,5.912,0.0,5.912,0.26,plan_grounded,grounded,48.4746,PERMISSIVE,CALIBRATED - pending PI sign-off,
INV,PWRPETARGXX,ARG,PET,2036,5.912,0.0,5.912,0.246,plan_grounded,grounded,45.8644,PERMISSIVE,CALIBRATED - pending PI sign-off,
INV,PWRPETARGXX,ARG,PET,2037,5.912,0.0,5.912,0.232,plan_grounded,grounded,43.2543,PERMISSIVE,CALIBRATED - pending PI sign-off,
INV,PWRPETARGXX,ARG,PET,2038,5.912,0.0,5.912,0.218,plan_grounded,grounded,40.6441,PERMISSIVE,CALIBRATED - pending PI sign-off,
INV,PWRPETARGXX,ARG,PET,2039,5.912,0.0,5.912,0.204,plan_grounded,grounded,38.0339,PERMISSIVE,CALIBRATED - pending PI sign-off,
INV,PWRPETARGXX,ARG,PET,2040,5.912,0.0,5.912,0.19,plan_grounded,grounded,35.4238,PERMISSIVE,CALIBRATED - pending PI sign-off,
INV,PWRPETARGXX,ARG,PET,2041,5.912,0.0,5.912,0.176,plan_grounded,grounded,32.8136,PERMISSIVE,CALIBRATED - pending PI sign-off,
INV,PWRPETARGXX,ARG,PET,2042,5.912,0.0,5.912,0.162,plan_grounded,grounded,30.2034,PERMISSIVE,CALIBRATED - pending PI sign-off,
INV,PWRPETARGXX,ARG,PET,2043,5.912,0.0,5.912,0.148,plan_grounded,grounded,27.5932,PERMISSIVE,CALIBRATED - pending PI sign-off,
INV,PWRPETARGXX,ARG,PET,2044,5.912,0.0,5.912,0.134,plan_grounded,grounded,24.9831,PERMISSIVE,CALIBRATED - pending PI sign-off,
INV,PWRPETARGXX,ARG,PET,2045,5.912,0.0,5.912,0.12,plan_grounded,grounded,22.3729,PERMISSIVE,CALIBRATED - pending PI sign-off,
INV,PWRPETBOLXX,BOL,PET,2027,0.1451,0.0,0.1451,0.1633,historical_implied,historical,0.7472,PERMISSIVE,CALIBRATED - pending PI sign-off,
INV,PWRPETBOLXX,BOL,PET,2028,0.1451,0.0,0.1451,0.1633,historical_implied,historical,0.7472,PERMISSIVE,CALIBRATED - pending PI sign-off,
INV,PWRPETBOLXX,BOL,PET,2029,0.1451,0.0,0.1451,0.1633,historical_implied,historical,0.7472,PERMISSIVE,CALIBRATED - pending PI sign-off,
INV,PWRPETBOLXX,BOL,PET,2030,0.1451,0.0,0.1451,0.1633,historical_implied,historical,0.7472,PERMISSIVE,CALIBRATED - pending PI sign-off,
INV,PWRPETBOLXX,BOL,PET,2031,0.1451,0.0,0.1451,0.1576,historical_implied,historical,0.7213,PERMISSIVE,CALIBRATED - pending PI sign-off,
INV,PWRPETBOLXX,BOL,PET,2032,0.1451,0.0,0.1451,0.152,historical_implied,historical,0.6954,PERMISSIVE,CALIBRATED - pending PI sign-off,
INV,PWRPETBOLXX,BOL,PET,2033,0.1451,0.0,0.1451,0.1463,historical_implied,historical,0.6694,PERMISSIVE,CALIBRATED - pending PI sign-off,
INV,PWRPETBOLXX,BOL,PET,2034,0.1451,0.0,0.1451,0.1406,historical_implied,historical,0.6435,PERMISSIVE,CALIBRATED - pending PI sign-off,
INV,PWRPETBOLXX,BOL,PET,2035,0.1451,0.0,0.1451,0.135,historical_implied,historical,0.6176,PERMISSIVE,CALIBRATED - pending PI sign-off,
INV,PWRPETBOLXX,BOL,PET,2036,0.1451,0.0,0.1451,0.1293,historical_implied,historical,0.5917,PERMISSIVE,CALIBRATED - pending PI sign-off,
INV,PWRPETBOLXX,BOL,PET,2037,0.1451,0.0,0.1451,0.1236,historical_implied,historical,0.5658,PERMISSIVE,CALIBRATED - pending PI sign-off,
INV,PWRPETBOLXX,BOL,PET,2038,0.1451,0.0,0.1451,0.118,historical_implied,historical,0.5398,PERMISSIVE,CALIBRATED - pending PI sign-off,
INV,PWRPETBOLXX,BOL,PET,2039,0.1451,0.0,0.1451,0.1123,historical_implied,historical,0.5139,PERMISSIVE,CALIBRATED - pending PI sign-off,
INV,PWRPETBOLXX,BOL,PET,2040,0.1451,0.0,0.1451,0.1066,historical_implied,historical,0.488,PERMISSIVE,CALIBRATED - pending PI sign-off,
INV,PWRPETBOLXX,BOL,PET,2041,0.1451,0.0,0.1451,0.101,historical_implied,historical,0.4621,PERMISSIVE,CALIBRATED - pending PI sign-off,
INV,PWRPETBOLXX,BOL,PET,2042,0.1451,0.0,0.1451,0.0953,historical_implied,historical,0.4362,PERMISSIVE,CALIBRATED - pending PI sign-off,
INV,PWRPETBOLXX,BOL,PET,2043,0.1451,0.0,0.1451,0.0897,historical_implied,historical,0.4102,PERMISSIVE,CALIBRATED - pending PI sign-off,
INV,PWRPETBOLXX,BOL,PET,2044,0.1451,0.0,0.1451,0.084,historical_implied,historical,0.3843,PERMISSIVE,CALIBRATED - pending PI sign-off,
INV,PWRPETBOLXX,BOL,PET,2045,0.1451,0.0,0.1451,0.0783,historical_implied,historical,0.3584,PERMISSIVE,CALIBRATED - pending PI sign-off,
INV,PWRPETBOLXX,BOL,PET,2046,0.1451,0.0,0.1451,0.0727,historical_implied,historical,0.3325,PERMISSIVE,CALIBRATED - pending PI sign-off,
INV,PWRPETBOLXX,BOL,PET,2047,0.1451,0.0,0.1451,0.067,historical_implied,historical,0.3066,PERMISSIVE,CALIBRATED - pending PI sign-off,
INV,PWRPETBOLXX,BOL,PET,2048,0.1451,0.0,0.1451,0.0613,historical_implied,historical,0.2806,PERMISSIVE,CALIBRATED - pending PI sign-off,
INV,PWRPETBOLXX,BOL,PET,2049,0.1451,0.0,0.1451,0.0557,historical_implied,historical,0.2547,PERMISSIVE,CALIBRATED - pending PI sign-off,
INV,PWRPETBOLXX,BOL,PET,2050,0.1451,0.0,0.1451,0.05,historical_implied,historical,0.2288,PERMISSIVE,CALIBRATED - pending PI sign-off,
INV,PWRPETBRAXX,BRA,PET,2027,9.198,0.0,9.198,0.2053,historical_implied,historical,59.5553,PERMISSIVE,CALIBRATED - pending PI sign-off,
INV,PWRPETBRAXX,BRA,PET,2028,9.198,0.0,9.198,0.2053,historical_implied,historical,59.5553,PERMISSIVE,CALIBRATED - pending PI sign-off,
INV,PWRPETBRAXX,BRA,PET,2029,9.198,0.0,9.198,0.2053,historical_implied,historical,59.5553,PERMISSIVE,CALIBRATED - pending PI sign-off,
INV,PWRPETBRAXX,BRA,PET,2030,9.198,0.0,9.198,0.2053,historical_implied,historical,59.5553,PERMISSIVE,CALIBRATED - pending PI sign-off,
INV,PWRPETBRAXX,BRA,PET,2031,9.198,0.0,9.198,0.1975,historical_implied,historical,57.3027,PERMISSIVE,CALIBRATED - pending PI sign-off,
INV,PWRPETBRAXX,BRA,PET,2032,9.198,0.0,9.198,0.1898,historical_implied,historical,55.0501,PERMISSIVE,CALIBRATED - pending PI sign-off,
INV,PWRPETBRAXX,BRA,PET,2033,9.198,0.0,9.198,0.182,historical_implied,historical,52.7975,PERMISSIVE,CALIBRATED - pending PI sign-off,
INV,PWRPETBRAXX,BRA,PET,2034,9.198,0.0,9.198,0.1743,historical_implied,historical,50.5449,PERMISSIVE,CALIBRATED - pending PI sign-off,
INV,PWRPETBRAXX,BRA,PET,2035,9.198,0.0,9.198,0.1665,historical_implied,historical,48.2923,PERMISSIVE,CALIBRATED - pending PI sign-off,
INV,PWRPETBRAXX,BRA,PET,2036,9.198,0.0,9.198,0.1587,historical_implied,historical,46.0397,PERMISSIVE,CALIBRATED - pending PI sign-off,
INV,PWRPETBRAXX,BRA,PET,2037,9.198,0.0,9.198,0.151,historical_implied,historical,43.7871,PERMISSIVE,CALIBRATED - pending PI sign-off,
INV,PWRPETBRAXX,BRA,PET,2038,9.198,0.0,9.198,0.1432,historical_implied,historical,41.5345,PERMISSIVE,CALIBRATED - pending PI sign-off,
INV,PWRPETBRAXX,BRA,PET,2039,9.198,0.0,9.198,0.1354,historical_implied,historical,39.2819,PERMISSIVE,CALIBRATED - pending PI sign-off,
INV,PWRPETBRAXX,BRA,PET,2040,9.198,0.0,9.198,0.1277,historical_implied,historical,37.0294,PERMISSIVE,CALIBRATED - pending PI sign-off,
INV,PWRPETBRAXX,BRA,PET,2041,9.198,0.0,9.198,0.1199,historical_implied,historical,34.7768,PERMISSIVE,CALIBRATED - pending PI sign-off,
INV,PWRPETBRAXX,BRA,PET,2042,9.198,0.0,9.198,0.1121,historical_implied,historical,32.5242,PERMISSIVE,CALIBRATED - pending PI sign-off,
INV,PWRPETBRAXX,BRA,PET,2043,9.198,0.0,9.198,0.1044,historical_implied,historical,30.2716,PERMISSIVE,CALIBRATED - pending PI sign-off,
INV,PWRPETBRAXX,BRA,PET,2044,9.198,0.0,9.198,0.0966,historical_implied,historical,28.019,PERMISSIVE,CALIBRATED - pending PI sign-off,
INV,PWRPETBRAXX,BRA,PET,2045,9.198,0.0,9.198,0.0888,historical_implied,historical,25.7664,PERMISSIVE,CALIBRATED - pending PI sign-off,
INV,PWRPETBRBXX,BRB,PET,2027,0.0334,0.0,0.0334,0.1,plan_grounded,proxy,0.1053,PERMISSIVE,CALIBRATED - pending PI sign-off,
INV,PWRPETBRBXX,BRB,PET,2028,0.0334,0.0,0.0334,0.1,plan_grounded,proxy,0.1053,PERMISSIVE,CALIBRATED - pending PI sign-off,
INV,PWRPETBRBXX,BRB,PET,2029,0.0334,0.0,0.0334,0.1,plan_grounded,proxy,0.1053,PERMISSIVE,CALIBRATED - pending PI sign-off,
INV,PWRPETBRBXX,BRB,PET,2030,0.0334,0.0,0.0334,0.1,plan_grounded,proxy,0.1053,PERMISSIVE,CALIBRATED - pending PI sign-off,
INV,PWRPETBRBXX,BRB,PET,2031,0.0334,0.0,0.0334,0.0975,plan_grounded,proxy,0.1027,PERMISSIVE,CALIBRATED - pending PI sign-off,
INV,PWRPETBRBXX,BRB,PET,2032,0.0334,0.0,0.0334,0.095,plan_grounded,proxy,0.1001,PERMISSIVE,CALIBRATED - pending PI sign-off,
INV,PWRPETBRBXX,BRB,PET,2033,0.0334,0.0,0.0334,0.0925,plan_grounded,proxy,0.0974,PERMISSIVE,CALIBRATED - pending PI sign-off,
INV,PWRPETBRBXX,BRB,PET,2034,0.0334,0.0,0.0334,0.09,plan_grounded,proxy,0.0948,PERMISSIVE,CALIBRATED - pending PI sign-off,
INV,PWRPETBRBXX,BRB,PET,2035,0.0334,0.0,0.0334,0.0875,plan_grounded,proxy,0.0922,PERMISSIVE,CALIBRATED - pending PI sign-off,
INV,PWRPETBRBXX,BRB,PET,2036,0.0334,0.0,0.0334,0.085,plan_grounded,proxy,0.0895,PERMISSIVE,CALIBRATED - pending PI sign-off,
INV,PWRPETBRBXX,BRB,PET,2037,0.0334,0.0,0.0334,0.0825,plan_grounded,proxy,0.0869,PERMISSIVE,CALIBRATED - pending PI sign-off,
INV,PWRPETBRBXX,BRB,PET,2038,0.0334,0.0,0.0334,0.08,plan_grounded,proxy,0.0843,PERMISSIVE,CALIBRATED - pending PI sign-off,
INV,PWRPETBRBXX,BRB,PET,2039,0.0334,0.0,0.0334,0.0775,plan_grounded,proxy,0.0816,PERMISSIVE,CALIBRATED - pending PI sign-off,
INV,PWRPETBRBXX,BRB,PET,2040,0.0334,0.0,0.0334,0.075,plan_grounded,proxy,0.079,PERMISSIVE,CALIBRATED - pending PI sign-off,
INV,PWRPETBRBXX,BRB,PET,2041,0.0334,0.0,0.0334,0.0725,plan_grounded,proxy,0.0764,PERMISSIVE,CALIBRATED - pending PI sign-off,
INV,PWRPETBRBXX,BRB,PET,2042,0.0334,0.0,0.0334,0.07,plan_grounded,proxy,0.0737,PERMISSIVE,CALIBRATED - pending PI sign-off,
INV,PWRPETBRBXX,BRB,PET,2043,0.0334,0.0,0.0334,0.0675,plan_grounded,proxy,0.0711,PERMISSIVE,CALIBRATED - pending PI sign-off,
INV,PWRPETBRBXX,BRB,PET,2044,0.0334,0.0,0.0334,0.065,plan_grounded,proxy,0.0685,PERMISSIVE,CALIBRATED - pending PI sign-off,
INV,PWRPETBRBXX,BRB,PET,2045,0.0334,0.0,0.0334,0.0625,plan_grounded,proxy,0.0658,PERMISSIVE,CALIBRATED - pending PI sign-off,
INV,PWRPETCHLXX,CHL,PET,2027,3.1053,0.0,3.1053,0.0791,historical_implied,historical,7.7435,PERMISSIVE,CALIBRATED - pending PI sign-off,
INV,PWRPETCHLXX,CHL,PET,2028,3.1053,0.0,3.1053,0.0791,historical_implied,historical,7.7435,PERMISSIVE,CALIBRATED - pending PI sign-off,
INV,PWRPETCHLXX,CHL,PET,2029,3.1053,0.0,3.1053,0.0791,historical_implied,historical,7.7435,PERMISSIVE,CALIBRATED - pending PI sign-off,
INV,PWRPETCHLXX,CHL,PET,2030,3.1053,0.0,3.1053,0.0791,historical_implied,historical,7.7435,PERMISSIVE,CALIBRATED - pending PI sign-off,
INV,PWRPETCHLXX,CHL,PET,2031,3.1053,0.0,3.1053,0.0776,historical_implied,historical,7.6011,PERMISSIVE,CALIBRATED - pending PI sign-off,
INV,PWRPETCHLXX,CHL,PET,2032,3.1053,0.0,3.1053,0.0762,historical_implied,historical,7.4588,PERMISSIVE,CALIBRATED - pending PI sign-off,
INV,PWRPETCHLXX,CHL,PET,2033,3.1053,0.0,3.1053,0.0747,historical_implied,historical,7.3164,PERMISSIVE,CALIBRATED - pending PI sign-off,
INV,PWRPETCHLXX,CHL,PET,2046,0.9802,0.0,0.9802,0.0558,historical_implied,historical,1.7253,PERMISSIVE,CALIBRATED - pending PI sign-off,
INV,PWRPETCHLXX,CHL,PET,2047,0.9802,0.0,0.9802,0.0544,historical_implied,historical,1.6804,PERMISSIVE,CALIBRATED - pending PI sign-off,
INV,PWRPETCHLXX,CHL,PET,2048,0.9802,0.0,0.9802,0.0529,historical_implied,historical,1.6354,PERMISSIVE,CALIBRATED - pending PI sign-off,
INV,PWRPETCHLXX,CHL,PET,2049,0.9802,0.0,0.9802,0.0515,historical_implied,historical,1.5905,PERMISSIVE,CALIBRATED - pending PI sign-off,
INV,PWRPETCHLXX,CHL,PET,2050,0.9802,0.0,0.9802,0.05,historical_implied,historical,1.5456,PERMISSIVE,CALIBRATED - pending PI sign-off,
INV,PWRPETCOLXX,COL,PET,2027,1.257,0.0,1.257,0.01,plan_grounded,grounded,0.3964,PERMISSIVE,CALIBRATED - pending PI sign-off,
INV,PWRPETCOLXX,COL,PET,2028,1.257,0.0,1.257,0.01,plan_grounded,grounded,0.3964,PERMISSIVE,CALIBRATED - pending PI sign-off,
INV,PWRPETCOLXX,COL,PET,2029,1.257,0.0,1.257,0.01,plan_grounded,grounded,0.3964,PERMISSIVE,CALIBRATED - pending PI sign-off,
INV,PWRPETCOLXX,COL,PET,2030,1.257,0.0,1.257,0.01,plan_grounded,grounded,0.3964,PERMISSIVE,CALIBRATED - pending PI sign-off,
INV,PWRPETCOLXX,COL,PET,2031,1.257,0.0,1.257,0.01,plan_grounded,grounded,0.3964,PERMISSIVE,CALIBRATED - pending PI sign-off,
INV,PWRPETCOLXX,COL,PET,2032,1.257,0.0,1.257,0.01,plan_grounded,grounded,0.3964,PERMISSIVE,CALIBRATED - pending PI sign-off,
INV,PWRPETCOLXX,COL,PET,2033,1.257,0.0,1.257,0.01,plan_grounded,grounded,0.3964,PERMISSIVE,CALIBRATED - pending PI sign-off,
INV,PWRPETCOLXX,COL,PET,2034,1.257,0.0,1.257,0.01,plan_grounded,grounded,0.3964,PERMISSIVE,CALIBRATED - pending PI sign-off,
INV,PWRPETCOLXX,COL,PET,2035,1.257,0.0,1.257,0.01,plan_grounded,grounded,0.3964,PERMISSIVE,CALIBRATED - pending PI sign-off,
INV,PWRPETCOLXX,COL,PET,2036,1.257,0.0,1.257,0.01,plan_grounded,grounded,0.3964,PERMISSIVE,CALIBRATED - pending PI sign-off,
INV,PWRPETCOLXX,COL,PET,2037,1.257,0.0,1.257,0.01,plan_grounded,grounded,0.3964,PERMISSIVE,CALIBRATED - pending PI sign-off,
INV,PWRPETCOLXX,COL,PET,2038,1.257,0.0,1.257,0.01,plan_grounded,grounded,0.3964,PERMISSIVE,CALIBRATED - pending PI sign-off,
INV,PWRPETCOLXX,COL,PET,2039,1.257,0.0,1.257,0.01,plan_grounded,grounded,0.3964,PERMISSIVE,CALIBRATED - pending PI sign-off,
INV,PWRPETCOLXX,COL,PET,2040,1.257,0.0,1.257,0.01,plan_grounded,grounded,0.3964,PERMISSIVE,CALIBRATED - pending PI sign-off,
INV,PWRPETCOLXX,COL,PET,2041,1.257,0.0,1.257,0.01,plan_grounded,grounded,0.3964,PERMISSIVE,CALIBRATED - pending PI sign-off,
INV,PWRPETCOLXX,COL,PET,2042,1.257,0.0,1.257,0.01,plan_grounded,grounded,0.3964,PERMISSIVE,CALIBRATED - pending PI sign-off,
INV,PWRPETCOLXX,COL,PET,2043,1.257,0.0,1.257,0.01,plan_grounded,grounded,0.3964,PERMISSIVE,CALIBRATED - pending PI sign-off,
INV,PWRPETCOLXX,COL,PET,2044,1.257,0.0,1.257,0.01,plan_grounded,grounded,0.3964,PERMISSIVE,CALIBRATED - pending PI sign-off,
INV,PWRPETCOLXX,COL,PET,2045,1.257,0.0,1.257,0.01,plan_grounded,grounded,0.3964,PERMISSIVE,CALIBRATED - pending PI sign-off,
INV,PWRPETCOLXX,COL,PET,2046,0.5693,0.0,0.5693,0.01,plan_grounded,grounded,0.1795,PERMISSIVE,CALIBRATED - pending PI sign-off,
INV,PWRPETCOLXX,COL,PET,2047,0.5693,0.0,0.5693,0.01,plan_grounded,grounded,0.1795,PERMISSIVE,CALIBRATED - pending PI sign-off,
INV,PWRPETCOLXX,COL,PET,2048,0.5693,0.0,0.5693,0.01,plan_grounded,grounded,0.1795,PERMISSIVE,CALIBRATED - pending PI sign-off,
INV,PWRPETCOLXX,COL,PET,2049,0.5693,0.0,0.5693,0.01,plan_grounded,grounded,0.1795,PERMISSIVE,CALIBRATED - pending PI sign-off,
INV,PWRPETCOLXX,COL,PET,2050,0.5693,0.0,0.5693,0.01,plan_grounded,grounded,0.1795,PERMISSIVE,CALIBRATED - pending PI sign-off,
INV,PWRPETCRIXX,CRI,PET,2027,0.381,0.0,0.381,0.1,fuel_fallback,proxy,1.2015,PERMISSIVE,CALIBRATED - pending PI sign-off,
INV,PWRPETCRIXX,CRI,PET,2028,0.381,0.0,0.381,0.1,fuel_fallback,proxy,1.2015,PERMISSIVE,CALIBRATED - pending PI sign-off,
INV,PWRPETCRIXX,CRI,PET,2029,0.381,0.0,0.381,0.1,fuel_fallback,proxy,1.2015,PERMISSIVE,CALIBRATED - pending PI sign-off,
INV,PWRPETCRIXX,CRI,PET,2030,0.381,0.0,0.381,0.1,fuel_fallback,proxy,1.2015,PERMISSIVE,CALIBRATED - pending PI sign-off,
INV,PWRPETCRIXX,CRI,PET,2031,0.381,0.0,0.381,0.0975,fuel_fallback,proxy,1.1715,PERMISSIVE,CALIBRATED - pending PI sign-off,
INV,PWRPETCRIXX,CRI,PET,2032,0.381,0.0,0.381,0.095,fuel_fallback,proxy,1.1414,PERMISSIVE,CALIBRATED - pending PI sign-off,
INV,PWRPETCRIXX,CRI,PET,2033,0.381,0.0,0.381,0.0925,fuel_fallback,proxy,1.1114,PERMISSIVE,CALIBRATED - pending PI sign-off,
INV,PWRPETCRIXX,CRI,PET,2034,0.381,0.0,0.381,0.09,fuel_fallback,proxy,1.0814,PERMISSIVE,CALIBRATED - pending PI sign-off,
INV,PWRPETCRIXX,CRI,PET,2035,0.381,0.0,0.381,0.0875,fuel_fallback,proxy,1.0513,PERMISSIVE,CALIBRATED - pending PI sign-off,
INV,PWRPETCRIXX,CRI,PET,2036,0.381,0.0,0.381,0.085,fuel_fallback,proxy,1.0213,PERMISSIVE,CALIBRATED - pending PI sign-off,
INV,PWRPETCRIXX,CRI,PET,2037,0.381,0.0,0.381,0.0825,fuel_fallback,proxy,0.9913,PERMISSIVE,CALIBRATED - pending PI sign-off,
INV,PWRPETCRIXX,CRI,PET,2038,0.381,0.0,0.381,0.08,fuel_fallback,proxy,0.9612,PERMISSIVE,CALIBRATED - pending PI sign-off,
INV,PWRPETCRIXX,CRI,PET,2039,0.381,0.0,0.381,0.0775,fuel_fallback,proxy,0.9312,PERMISSIVE,CALIBRATED - pending PI sign-off,
INV,PWRPETCRIXX,CRI,PET,2040,0.381,0.0,0.381,0.075,fuel_fallback,proxy,0.9011,PERMISSIVE,CALIBRATED - pending PI sign-off,
INV,PWRPETCRIXX,CRI,PET,2041,0.381,0.0,0.381,0.0725,fuel_fallback,proxy,0.8711,PERMISSIVE,CALIBRATED - pending PI sign-off,
INV,PWRPETCRIXX,CRI,PET,2042,0.381,0.0,0.381,0.07,fuel_fallback,proxy,0.8411,PERMISSIVE,CALIBRATED - pending PI sign-off,
INV,PWRPETCRIXX,CRI,PET,2043,0.381,0.0,0.381,0.0675,fuel_fallback,proxy,0.811,PERMISSIVE,CALIBRATED - pending PI sign-off,
INV,PWRPETCRIXX,CRI,PET,2044,0.381,0.0,0.381,0.065,fuel_fallback,proxy,0.781,PERMISSIVE,CALIBRATED - pending PI sign-off,
INV,PWRPETCRIXX,CRI,PET,2045,0.381,0.0,0.381,0.0625,fuel_fallback,proxy,0.751,PERMISSIVE,CALIBRATED - pending PI sign-off,
INV,PWRPETCRIXX,CRI,PET,2046,0.0017,0.0,0.0017,0.06,fuel_fallback,proxy,0.0032,PERMISSIVE,CALIBRATED - pending PI sign-off,
INV,PWRPETCRIXX,CRI,PET,2047,0.0017,0.0,0.0017,0.0575,fuel_fallback,proxy,0.0031,PERMISSIVE,CALIBRATED - pending PI sign-off,
INV,PWRPETCRIXX,CRI,PET,2048,0.0017,0.0,0.0017,0.055,fuel_fallback,proxy,0.0029,PERMISSIVE,CALIBRATED - pending PI sign-off,
INV,PWRPETCRIXX,CRI,PET,2049,0.0017,0.0,0.0017,0.0525,fuel_fallback,proxy,0.0028,PERMISSIVE,CALIBRATED - pending PI sign-off,
INV,PWRPETCRIXX,CRI,PET,2050,0.0017,0.0,0.0017,0.05,fuel_fallback,proxy,0.0027,PERMISSIVE,CALIBRATED - pending PI sign-off,
INV,PWRPETDOMXX,DOM,PET,2046,0.4964,0.0,0.4964,0.06,fuel_fallback,proxy,0.9393,PERMISSIVE,CALIBRATED - pending PI sign-off,
INV,PWRPETDOMXX,DOM,PET,2047,0.4964,0.0,0.4964,0.0575,fuel_fallback,proxy,0.9001,PERMISSIVE,CALIBRATED - pending PI sign-off,
INV,PWRPETDOMXX,DOM,PET,2048,0.4964,0.0,0.4964,0.055,fuel_fallback,proxy,0.861,PERMISSIVE,CALIBRATED - pending PI sign-off,
INV,PWRPETDOMXX,DOM,PET,2049,0.4964,0.0,0.4964,0.0525,fuel_fallback,proxy,0.8219,PERMISSIVE,CALIBRATED - pending PI sign-off,
INV,PWRPETDOMXX,DOM,PET,2050,0.4964,0.0,0.4964,0.05,fuel_fallback,proxy,0.7827,PERMISSIVE,CALIBRATED - pending PI sign-off,
INV,PWRPETECUXX,ECU,PET,2027,2.1442,0.887,1.2572,0.3,plan_grounded,grounded,20.2858,PERMISSIVE,CALIBRATED - pending PI sign-off,2024.0
INV,PWRPETECUXX,ECU,PET,2028,2.2442,0.987,1.2572,0.3,plan_grounded,grounded,21.2319,PERMISSIVE,CALIBRATED - pending PI sign-off,2024.0
INV,PWRPETECUXX,ECU,PET,2029,2.2442,0.987,1.2572,0.3,plan_grounded,grounded,21.2319,PERMISSIVE,CALIBRATED - pending PI sign-off,2024.0
INV,PWRPETECUXX,ECU,PET,2030,2.2442,0.987,1.2572,0.3,plan_grounded,grounded,21.2319,PERMISSIVE,CALIBRATED - pending PI sign-off,2024.0
INV,PWRPETECUXX,ECU,PET,2031,2.2442,0.987,1.2572,0.2875,plan_grounded,grounded,20.3473,PERMISSIVE,CALIBRATED - pending PI sign-off,2024.0
INV,PWRPETECUXX,ECU,PET,2032,2.2442,0.987,1.2572,0.275,plan_grounded,grounded,19.4626,PERMISSIVE,CALIBRATED - pending PI sign-off,2024.0
INV,PWRPETECUXX,ECU,PET,2033,2.2442,0.987,1.2572,0.2625,plan_grounded,grounded,18.5779,PERMISSIVE,CALIBRATED - pending PI sign-off,2024.0
INV,PWRPETECUXX,ECU,PET,2034,2.2442,0.987,1.2572,0.25,plan_grounded,grounded,17.6933,PERMISSIVE,CALIBRATED - pending PI sign-off,2024.0
INV,PWRPETECUXX,ECU,PET,2035,2.2442,0.987,1.2572,0.2375,plan_grounded,grounded,16.8086,PERMISSIVE,CALIBRATED - pending PI sign-off,2024.0
INV,PWRPETECUXX,ECU,PET,2036,2.2442,0.987,1.2572,0.225,plan_grounded,grounded,15.9239,PERMISSIVE,CALIBRATED - pending PI sign-off,2024.0
INV,PWRPETECUXX,ECU,PET,2037,2.2442,0.987,1.2572,0.2125,plan_grounded,grounded,15.0393,PERMISSIVE,CALIBRATED - pending PI sign-off,2024.0
INV,PWRPETECUXX,ECU,PET,2038,2.2442,0.987,1.2572,0.2,plan_grounded,grounded,14.1546,PERMISSIVE,CALIBRATED - pending PI sign-off,2024.0
INV,PWRPETECUXX,ECU,PET,2039,2.2442,0.987,1.2572,0.1875,plan_grounded,grounded,13.27,PERMISSIVE,CALIBRATED - pending PI sign-off,2024.0
INV,PWRPETECUXX,ECU,PET,2040,2.2442,0.987,1.2572,0.175,plan_grounded,grounded,12.3853,PERMISSIVE,CALIBRATED - pending PI sign-off,2024.0
INV,PWRPETECUXX,ECU,PET,2041,2.2442,0.987,1.2572,0.1625,plan_grounded,grounded,11.5006,PERMISSIVE,CALIBRATED - pending PI sign-off,2024.0
INV,PWRPETECUXX,ECU,PET,2042,2.2442,0.987,1.2572,0.15,plan_grounded,grounded,10.616,PERMISSIVE,CALIBRATED - pending PI sign-off,2024.0
INV,PWRPETECUXX,ECU,PET,2043,2.2442,0.987,1.2572,0.1375,plan_grounded,grounded,9.7313,PERMISSIVE,CALIBRATED - pending PI sign-off,2024.0
INV,PWRPETECUXX,ECU,PET,2044,2.2442,0.987,1.2572,0.125,plan_grounded,grounded,8.8466,PERMISSIVE,CALIBRATED - pending PI sign-off,2024.0
INV,PWRPETECUXX,ECU,PET,2045,3.4966,0.987,2.5096,0.1125,plan_grounded,grounded,12.4052,PERMISSIVE,CALIBRATED - pending PI sign-off,2024.0
INV,PWRPETECUXX,ECU,PET,2046,2.428,0.987,1.441,0.1,plan_grounded,grounded,7.6569,PERMISSIVE,CALIBRATED - pending PI sign-off,2024.0
INV,PWRPETECUXX,ECU,PET,2047,2.428,0.987,1.441,0.0875,plan_grounded,grounded,6.6998,PERMISSIVE,CALIBRATED - pending PI sign-off,2024.0
INV,PWRPETECUXX,ECU,PET,2048,2.428,0.987,1.441,0.075,plan_grounded,grounded,5.7427,PERMISSIVE,CALIBRATED - pending PI sign-off,2024.0
INV,PWRPETECUXX,ECU,PET,2049,2.428,0.987,1.441,0.0625,plan_grounded,grounded,4.7856,PERMISSIVE,CALIBRATED - pending PI sign-off,2024.0
INV,PWRPETECUXX,ECU,PET,2050,2.428,0.987,1.441,0.05,plan_grounded,grounded,3.8285,PERMISSIVE,CALIBRATED - pending PI sign-off,2024.0
INV,PWRPETGTMXX,GTM,PET,2027,0.0555,0.0,0.0555,0.1,plan_grounded,proxy,0.175,PERMISSIVE,CALIBRATED - pending PI sign-off,
INV,PWRPETGTMXX,GTM,PET,2028,0.0555,0.0,0.0555,0.1,plan_grounded,proxy,0.175,PERMISSIVE,CALIBRATED - pending PI sign-off,
INV,PWRPETGTMXX,GTM,PET,2029,0.0706,0.0,0.0706,0.1,plan_grounded,proxy,0.2226,PERMISSIVE,CALIBRATED - pending PI sign-off,
INV,PWRPETGTMXX,GTM,PET,2030,0.0706,0.0,0.0706,0.1,plan_grounded,proxy,0.2226,PERMISSIVE,CALIBRATED - pending PI sign-off,
INV,PWRPETGTMXX,GTM,PET,2031,0.0953,0.0,0.0953,0.0975,plan_grounded,proxy,0.293,PERMISSIVE,CALIBRATED - pending PI sign-off,
INV,PWRPETGTMXX,GTM,PET,2032,0.0953,0.0,0.0953,0.095,plan_grounded,proxy,0.2855,PERMISSIVE,CALIBRATED - pending PI sign-off,
INV,PWRPETGTMXX,GTM,PET,2033,0.0953,0.0,0.0953,0.0925,plan_grounded,proxy,0.278,PERMISSIVE,CALIBRATED - pending PI sign-off,
INV,PWRPETGTMXX,GTM,PET,2034,0.1132,0.0,0.1132,0.09,plan_grounded,proxy,0.3213,PERMISSIVE,CALIBRATED - pending PI sign-off,
INV,PWRPETGTMXX,GTM,PET,2035,0.1132,0.0,0.1132,0.0875,plan_grounded,proxy,0.3124,PERMISSIVE,CALIBRATED - pending PI sign-off,
INV,PWRPETGTMXX,GTM,PET,2036,0.1132,0.0,0.1132,0.085,plan_grounded,proxy,0.3034,PERMISSIVE,CALIBRATED - pending PI sign-off,
INV,PWRPETGTMXX,GTM,PET,2037,0.1132,0.0,0.1132,0.0825,plan_grounded,proxy,0.2945,PERMISSIVE,CALIBRATED - pending PI sign-off,
INV,PWRPETGTMXX,GTM,PET,2038,0.1371,0.0,0.1371,0.08,plan_grounded,proxy,0.3459,PERMISSIVE,CALIBRATED - pending PI sign-off,
INV,PWRPETGTMXX,GTM,PET,2039,0.4095,0.0,0.4095,0.0775,plan_grounded,proxy,1.0008,PERMISSIVE,CALIBRATED - pending PI sign-off,
INV,PWRPETGTMXX,GTM,PET,2040,0.4095,0.0,0.4095,0.075,plan_grounded,proxy,0.9685,PERMISSIVE,CALIBRATED - pending PI sign-off,
INV,PWRPETGTMXX,GTM,PET,2041,0.4095,0.0,0.4095,0.0725,plan_grounded,proxy,0.9363,PERMISSIVE,CALIBRATED - pending PI sign-off,
INV,PWRPETGTMXX,GTM,PET,2042,0.4095,0.0,0.4095,0.07,plan_grounded,proxy,0.904,PERMISSIVE,CALIBRATED - pending PI sign-off,
INV,PWRPETGTMXX,GTM,PET,2043,0.4095,0.0,0.4095,0.0675,plan_grounded,proxy,0.8717,PERMISSIVE,CALIBRATED - pending PI sign-off,
INV,PWRPETGTMXX,GTM,PET,2044,0.5692,0.0,0.5692,0.065,plan_grounded,proxy,1.1668,PERMISSIVE,CALIBRATED - pending PI sign-off,
INV,PWRPETGTMXX,GTM,PET,2045,0.5692,0.0,0.5692,0.0625,plan_grounded,proxy,1.1219,PERMISSIVE,CALIBRATED - pending PI sign-off,
INV,PWRPETGTMXX,GTM,PET,2046,0.1689,0.0,0.1689,0.06,plan_grounded,proxy,0.3196,PERMISSIVE,CALIBRATED - pending PI sign-off,
INV,PWRPETGTMXX,GTM,PET,2047,0.1689,0.0,0.1689,0.0575,plan_grounded,proxy,0.3063,PERMISSIVE,CALIBRATED - pending PI sign-off,
INV,PWRPETGTMXX,GTM,PET,2048,0.1689,0.0,0.1689,0.055,plan_grounded,proxy,0.293,PERMISSIVE,CALIBRATED - pending PI sign-off,
INV,PWRPETGTMXX,GTM,PET,2049,0.1689,0.0,0.1689,0.0525,plan_grounded,proxy,0.2796,PERMISSIVE,CALIBRATED - pending PI sign-off,
INV,PWRPETGTMXX,GTM,PET,2050,0.1689,0.0,0.1689,0.05,plan_grounded,proxy,0.2663,PERMISSIVE,CALIBRATED - pending PI sign-off,
INV,PWRPETHNDXX,HND,PET,2027,1.1918,0.0,1.1918,0.35,plan_grounded,grounded,13.1546,PERMISSIVE,CALIBRATED - pending PI sign-off,
INV,PWRPETHNDXX,HND,PET,2028,1.1918,0.0,1.1918,0.35,plan_grounded,grounded,13.1546,PERMISSIVE,CALIBRATED - pending PI sign-off,
INV,PWRPETHNDXX,HND,PET,2029,1.1918,0.0,1.1918,0.35,plan_grounded,grounded,13.1546,PERMISSIVE,CALIBRATED - pending PI sign-off,
INV,PWRPETHNDXX,HND,PET,2030,1.1918,0.0,1.1918,0.35,plan_grounded,grounded,13.1546,PERMISSIVE,CALIBRATED - pending PI sign-off,
INV,PWRPETHNDXX,HND,PET,2031,1.1918,0.0,1.1918,0.335,plan_grounded,grounded,12.5908,PERMISSIVE,CALIBRATED - pending PI sign-off,
INV,PWRPETHNDXX,HND,PET,2032,1.1918,0.0,1.1918,0.32,plan_grounded,grounded,12.0271,PERMISSIVE,CALIBRATED - pending PI sign-off,
INV,PWRPETHNDXX,HND,PET,2033,1.1918,0.0,1.1918,0.305,plan_grounded,grounded,11.4633,PERMISSIVE,CALIBRATED - pending PI sign-off,
INV,PWRPETHNDXX,HND,PET,2034,1.1918,0.0,1.1918,0.29,plan_grounded,grounded,10.8995,PERMISSIVE,CALIBRATED - pending PI sign-off,
INV,PWRPETHNDXX,HND,PET,2035,1.1918,0.0,1.1918,0.275,plan_grounded,grounded,10.3358,PERMISSIVE,CALIBRATED - pending PI sign-off,
INV,PWRPETHNDXX,HND,PET,2036,1.1918,0.0,1.1918,0.26,plan_grounded,grounded,9.772,PERMISSIVE,CALIBRATED - pending PI sign-off,
INV,PWRPETHNDXX,HND,PET,2037,1.1918,0.0,1.1918,0.245,plan_grounded,grounded,9.2082,PERMISSIVE,CALIBRATED - pending PI sign-off,
INV,PWRPETHNDXX,HND,PET,2038,1.1918,0.0,1.1918,0.23,plan_grounded,grounded,8.6445,PERMISSIVE,CALIBRATED - pending PI sign-off,
INV,PWRPETHNDXX,HND,PET,2039,1.1918,0.0,1.1918,0.215,plan_grounded,grounded,8.0807,PERMISSIVE,CALIBRATED - pending PI sign-off,
INV,PWRPETHNDXX,HND,PET,2040,1.1918,0.0,1.1918,0.2,plan_grounded,grounded,7.5169,PERMISSIVE,CALIBRATED - pending PI sign-off,
INV,PWRPETHNDXX,HND,PET,2041,1.1918,0.0,1.1918,0.185,plan_grounded,grounded,6.9532,PERMISSIVE,CALIBRATED - pending PI sign-off,
INV,PWRPETHNDXX,HND,PET,2042,1.1918,0.0,1.1918,0.17,plan_grounded,grounded,6.3894,PERMISSIVE,CALIBRATED - pending PI sign-off,
INV,PWRPETHNDXX,HND,PET,2043,1.1918,0.0,1.1918,0.155,plan_grounded,grounded,5.8256,PERMISSIVE,CALIBRATED - pending PI sign-off,
INV,PWRPETHNDXX,HND,PET,2044,1.1918,0.0,1.1918,0.14,plan_grounded,grounded,5.2618,PERMISSIVE,CALIBRATED - pending PI sign-off,
INV,PWRPETHNDXX,HND,PET,2045,1.1918,0.0,1.1918,0.125,plan_grounded,grounded,4.6981,PERMISSIVE,CALIBRATED - pending PI sign-off,
INV,PWRPETHNDXX,HND,PET,2046,0.8048,0.0,0.8048,0.11,plan_grounded,grounded,2.7918,PERMISSIVE,CALIBRATED - pending PI sign-off,
INV,PWRPETHNDXX,HND,PET,2047,0.8048,0.0,0.8048,0.095,plan_grounded,grounded,2.4111,PERMISSIVE,CALIBRATED - pending PI sign-off,
INV,PWRPETHNDXX,HND,PET,2048,0.8048,0.0,0.8048,0.08,plan_grounded,grounded,2.0304,PERMISSIVE,CALIBRATED - pending PI sign-off,
INV,PWRPETHNDXX,HND,PET,2049,0.8048,0.0,0.8048,0.065,plan_grounded,grounded,1.6497,PERMISSIVE,CALIBRATED - pending PI sign-off,
INV,PWRPETHNDXX,HND,PET,2050,0.8048,0.0,0.8048,0.05,plan_grounded,grounded,1.269,PERMISSIVE,CALIBRATED - pending PI sign-off,
INV,PWRPETHTIXX,HTI,PET,2046,0.247,0.0,0.247,0.06,fuel_fallback,proxy,0.4674,PERMISSIVE,CALIBRATED - pending PI sign-off,
INV,PWRPETHTIXX,HTI,PET,2047,0.247,0.0,0.247,0.0575,fuel_fallback,proxy,0.4479,PERMISSIVE,CALIBRATED - pending PI sign-off,
INV,PWRPETHTIXX,HTI,PET,2048,0.247,0.0,0.247,0.055,fuel_fallback,proxy,0.4284,PERMISSIVE,CALIBRATED - pending PI sign-off,
INV,PWRPETHTIXX,HTI,PET,2049,0.247,0.0,0.247,0.0525,fuel_fallback,proxy,0.4089,PERMISSIVE,CALIBRATED - pending PI sign-off,
INV,PWRPETHTIXX,HTI,PET,2050,0.247,0.0,0.247,0.05,fuel_fallback,proxy,0.3895,PERMISSIVE,CALIBRATED - pending PI sign-off,
INV,PWRPETMEXXX,MEX,PET,2027,11.301,0.0,11.301,0.0944,historical_implied,historical,33.6466,PERMISSIVE,CALIBRATED - pending PI sign-off,
INV,PWRPETMEXXX,MEX,PET,2028,11.301,0.0,11.301,0.0944,historical_implied,historical,33.6466,PERMISSIVE,CALIBRATED - pending PI sign-off,
INV,PWRPETMEXXX,MEX,PET,2029,11.301,0.0,11.301,0.0944,historical_implied,historical,33.6466,PERMISSIVE,CALIBRATED - pending PI sign-off,
INV,PWRPETMEXXX,MEX,PET,2030,11.301,0.0,11.301,0.0944,historical_implied,historical,33.6466,PERMISSIVE,CALIBRATED - pending PI sign-off,
INV,PWRPETMEXXX,MEX,PET,2031,11.301,0.0,11.301,0.0922,historical_implied,historical,32.8553,PERMISSIVE,CALIBRATED - pending PI sign-off,
INV,PWRPETMEXXX,MEX,PET,2032,11.301,0.0,11.301,0.09,historical_implied,historical,32.0639,PERMISSIVE,CALIBRATED - pending PI sign-off,
INV,PWRPETMEXXX,MEX,PET,2033,11.301,0.0,11.301,0.0877,historical_implied,historical,31.2725,PERMISSIVE,CALIBRATED - pending PI sign-off,
INV,PWRPETMEXXX,MEX,PET,2034,11.301,0.0,11.301,0.0855,historical_implied,historical,30.4812,PERMISSIVE,CALIBRATED - pending PI sign-off,
INV,PWRPETMEXXX,MEX,PET,2035,11.301,0.0,11.301,0.0833,historical_implied,historical,29.6898,PERMISSIVE,CALIBRATED - pending PI sign-off,
INV,PWRPETMEXXX,MEX,PET,2036,11.301,0.0,11.301,0.0811,historical_implied,historical,28.8985,PERMISSIVE,CALIBRATED - pending PI sign-off,
INV,PWRPETMEXXX,MEX,PET,2037,11.301,0.0,11.301,0.0789,historical_implied,historical,28.1071,PERMISSIVE,CALIBRATED - pending PI sign-off,
INV,PWRPETMEXXX,MEX,PET,2038,11.301,0.0,11.301,0.0766,historical_implied,historical,27.3157,PERMISSIVE,CALIBRATED - pending PI sign-off,
INV,PWRPETMEXXX,MEX,PET,2039,11.301,0.0,11.301,0.0744,historical_implied,historical,26.5244,PERMISSIVE,CALIBRATED - pending PI sign-off,
INV,PWRPETMEXXX,MEX,PET,2040,11.301,0.0,11.301,0.0722,historical_implied,historical,25.733,PERMISSIVE,CALIBRATED - pending PI sign-off,
INV,PWRPETMEXXX,MEX,PET,2041,11.301,0.0,11.301,0.07,historical_implied,historical,24.9417,PERMISSIVE,CALIBRATED - pending PI sign-off,
INV,PWRPETMEXXX,MEX,PET,2042,11.301,0.0,11.301,0.0678,historical_implied,historical,24.1503,PERMISSIVE,CALIBRATED - pending PI sign-off,
INV,PWRPETMEXXX,MEX,PET,2043,11.301,0.0,11.301,0.0655,historical_implied,historical,23.3589,PERMISSIVE,CALIBRATED - pending PI sign-off,
INV,PWRPETMEXXX,MEX,PET,2044,11.301,0.0,11.301,0.0633,historical_implied,historical,22.5676,PERMISSIVE,CALIBRATED - pending PI sign-off,
INV,PWRPETMEXXX,MEX,PET,2045,11.301,0.0,11.301,0.0611,historical_implied,historical,21.7762,PERMISSIVE,CALIBRATED - pending PI sign-off,
INV,PWRPETPANXX,PAN,PET,2046,0.1497,0.0,0.1497,0.1098,historical_implied,historical,0.5183,PERMISSIVE,CALIBRATED - pending PI sign-off,
INV,PWRPETPANXX,PAN,PET,2047,0.1497,0.0,0.1497,0.0948,historical_implied,historical,0.4478,PERMISSIVE,CALIBRATED - pending PI sign-off,
INV,PWRPETPANXX,PAN,PET,2048,0.1497,0.0,0.1497,0.0799,historical_implied,historical,0.3772,PERMISSIVE,CALIBRATED - pending PI sign-off,
INV,PWRPETPANXX,PAN,PET,2049,0.1497,0.0,0.1497,0.0649,historical_implied,historical,0.3066,PERMISSIVE,CALIBRATED - pending PI sign-off,
INV,PWRPETPANXX,PAN,PET,2050,0.1497,0.0,0.1497,0.05,historical_implied,historical,0.236,PERMISSIVE,CALIBRATED - pending PI sign-off,
INV,PWRPETPERXX,PER,PET,2027,4.0268,0.0,4.0268,0.0236,historical_implied,historical,3.002,PERMISSIVE,CALIBRATED - pending PI sign-off,
INV,PWRPETPERXX,PER,PET,2028,4.0268,0.0,4.0268,0.0236,historical_implied,historical,3.002,PERMISSIVE,CALIBRATED - pending PI sign-off,
INV,PWRPETPERXX,PER,PET,2029,4.0268,0.0,4.0268,0.0236,historical_implied,historical,3.002,PERMISSIVE,CALIBRATED - pending PI sign-off,
INV,PWRPETPERXX,PER,PET,2030,4.0268,0.0,4.0268,0.0236,historical_implied,historical,3.002,PERMISSIVE,CALIBRATED - pending PI sign-off,
INV,PWRPETPERXX,PER,PET,2031,4.0268,0.0,4.0268,0.0236,historical_implied,historical,3.002,PERMISSIVE,CALIBRATED - pending PI sign-off,
INV,PWRPETPERXX,PER,PET,2032,4.0268,0.0,4.0268,0.0236,historical_implied,historical,3.002,PERMISSIVE,CALIBRATED - pending PI sign-off,
INV,PWRPETPERXX,PER,PET,2033,4.0268,0.0,4.0268,0.0236,historical_implied,historical,3.002,PERMISSIVE,CALIBRATED - pending PI sign-off,
INV,PWRPETPERXX,PER,PET,2034,4.0268,0.0,4.0268,0.0236,historical_implied,historical,3.002,PERMISSIVE,CALIBRATED - pending PI sign-off,
INV,PWRPETPERXX,PER,PET,2035,4.0268,0.0,4.0268,0.0236,historical_implied,historical,3.002,PERMISSIVE,CALIBRATED - pending PI sign-off,
INV,PWRPETPERXX,PER,PET,2036,4.0268,0.0,4.0268,0.0236,historical_implied,historical,3.002,PERMISSIVE,CALIBRATED - pending PI sign-off,
INV,PWRPETPERXX,PER,PET,2037,4.0268,0.0,4.0268,0.0236,historical_implied,historical,3.002,PERMISSIVE,CALIBRATED - pending PI sign-off,
INV,PWRPETPERXX,PER,PET,2038,4.0268,0.0,4.0268,0.0236,historical_implied,historical,3.002,PERMISSIVE,CALIBRATED - pending PI sign-off,
INV,PWRPETPERXX,PER,PET,2039,4.0268,0.0,4.0268,0.0236,historical_implied,historical,3.002,PERMISSIVE,CALIBRATED - pending PI sign-off,
INV,PWRPETPERXX,PER,PET,2040,4.0268,0.0,4.0268,0.0236,historical_implied,historical,3.002,PERMISSIVE,CALIBRATED - pending PI sign-off,
INV,PWRPETPERXX,PER,PET,2041,4.0268,0.0,4.0268,0.0236,historical_implied,historical,3.002,PERMISSIVE,CALIBRATED - pending PI sign-off,
INV,PWRPETPERXX,PER,PET,2042,4.0268,0.0,4.0268,0.0236,historical_implied,historical,3.002,PERMISSIVE,CALIBRATED - pending PI sign-off,
INV,PWRPETPERXX,PER,PET,2043,4.0268,0.0,4.0268,0.0236,historical_implied,historical,3.002,PERMISSIVE,CALIBRATED - pending PI sign-off,
INV,PWRPETPERXX,PER,PET,2044,4.0268,0.0,4.0268,0.0236,historical_implied,historical,3.002,PERMISSIVE,CALIBRATED - pending PI sign-off,
INV,PWRPETPERXX,PER,PET,2045,4.0268,0.0,4.0268,0.0236,historical_implied,historical,3.002,PERMISSIVE,CALIBRATED - pending PI sign-off,
INV,PWRPETPERXX,PER,PET,2046,1.3423,0.0,1.3423,0.0236,historical_implied,historical,1.0007,PERMISSIVE,CALIBRATED - pending PI sign-off,
INV,PWRPETPERXX,PER,PET,2047,1.3423,0.0,1.3423,0.0236,historical_implied,historical,1.0007,PERMISSIVE,CALIBRATED - pending PI sign-off,
INV,PWRPETPERXX,PER,PET,2048,1.3423,0.0,1.3423,0.0236,historical_implied,historical,1.0007,PERMISSIVE,CALIBRATED - pending PI sign-off,
INV,PWRPETPERXX,PER,PET,2049,1.3423,0.0,1.3423,0.0236,historical_implied,historical,1.0007,PERMISSIVE,CALIBRATED - pending PI sign-off,
INV,PWRPETPERXX,PER,PET,2050,1.3423,0.0,1.3423,0.0236,historical_implied,historical,1.0007,PERMISSIVE,CALIBRATED - pending PI sign-off,
INV,PWRPETPRYXX,PRY,PET,2027,0.0005,0.0,0.0005,0.1966,historical_implied,historical,0.0031,PERMISSIVE,CALIBRATED - pending PI sign-off,
INV,PWRPETPRYXX,PRY,PET,2028,0.0005,0.0,0.0005,0.1966,historical_implied,historical,0.0031,PERMISSIVE,CALIBRATED - pending PI sign-off,
INV,PWRPETPRYXX,PRY,PET,2029,0.0005,0.0,0.0005,0.1966,historical_implied,historical,0.0031,PERMISSIVE,CALIBRATED - pending PI sign-off,
INV,PWRPETPRYXX,PRY,PET,2030,0.0005,0.0,0.0005,0.1966,historical_implied,historical,0.0031,PERMISSIVE,CALIBRATED - pending PI sign-off,
INV,PWRPETPRYXX,PRY,PET,2031,0.0005,0.0,0.0005,0.1893,historical_implied,historical,0.003,PERMISSIVE,CALIBRATED - pending PI sign-off,
INV,PWRPETPRYXX,PRY,PET,2032,0.0005,0.0,0.0005,0.1819,historical_implied,historical,0.0029,PERMISSIVE,CALIBRATED - pending PI sign-off,
INV,PWRPETPRYXX,PRY,PET,2033,0.0005,0.0,0.0005,0.1746,historical_implied,historical,0.0028,PERMISSIVE,CALIBRATED - pending PI sign-off,
INV,PWRPETPRYXX,PRY,PET,2034,0.0005,0.0,0.0005,0.1673,historical_implied,historical,0.0026,PERMISSIVE,CALIBRATED - pending PI sign-off,
INV,PWRPETPRYXX,PRY,PET,2035,0.0005,0.0,0.0005,0.16,historical_implied,historical,0.0025,PERMISSIVE,CALIBRATED - pending PI sign-off,
INV,PWRPETPRYXX,PRY,PET,2036,0.0005,0.0,0.0005,0.1526,historical_implied,historical,0.0024,PERMISSIVE,CALIBRATED - pending PI sign-off,
INV,PWRPETPRYXX,PRY,PET,2037,0.0005,0.0,0.0005,0.1453,historical_implied,historical,0.0023,PERMISSIVE,CALIBRATED - pending PI sign-off,
INV,PWRPETPRYXX,PRY,PET,2038,0.0005,0.0,0.0005,0.138,historical_implied,historical,0.0022,PERMISSIVE,CALIBRATED - pending PI sign-off,
INV,PWRPETPRYXX,PRY,PET,2039,0.0005,0.0,0.0005,0.1306,historical_implied,historical,0.0021,PERMISSIVE,CALIBRATED - pending PI sign-off,
INV,PWRPETPRYXX,PRY,PET,2040,0.0005,0.0,0.0005,0.1233,historical_implied,historical,0.0019,PERMISSIVE,CALIBRATED - pending PI sign-off,
INV,PWRPETPRYXX,PRY,PET,2041,0.0005,0.0,0.0005,0.116,historical_implied,historical,0.0018,PERMISSIVE,CALIBRATED - pending PI sign-off,
INV,PWRPETPRYXX,PRY,PET,2042,0.0005,0.0,0.0005,0.1086,historical_implied,historical,0.0017,PERMISSIVE,CALIBRATED - pending PI sign-off,
INV,PWRPETPRYXX,PRY,PET,2043,0.0005,0.0,0.0005,0.1013,historical_implied,historical,0.0016,PERMISSIVE,CALIBRATED - pending PI sign-off,
INV,PWRPETPRYXX,PRY,PET,2044,0.0005,0.0,0.0005,0.094,historical_implied,historical,0.0015,PERMISSIVE,CALIBRATED - pending PI sign-off,
INV,PWRPETPRYXX,PRY,PET,2045,0.0005,0.0,0.0005,0.0867,historical_implied,historical,0.0014,PERMISSIVE,CALIBRATED - pending PI sign-off,
INV,PWRPETPRYXX,PRY,PET,2046,0.0005,0.0,0.0005,0.0793,historical_implied,historical,0.0013,PERMISSIVE,CALIBRATED - pending PI sign-off,
INV,PWRPETPRYXX,PRY,PET,2047,0.0005,0.0,0.0005,0.072,historical_implied,historical,0.0011,PERMISSIVE,CALIBRATED - pending PI sign-off,
INV,PWRPETPRYXX,PRY,PET,2048,0.0005,0.0,0.0005,0.0647,historical_implied,historical,0.001,PERMISSIVE,CALIBRATED - pending PI sign-off,
INV,PWRPETPRYXX,PRY,PET,2049,0.0005,0.0,0.0005,0.0573,historical_implied,historical,0.0009,PERMISSIVE,CALIBRATED - pending PI sign-off,
INV,PWRPETPRYXX,PRY,PET,2050,0.0005,0.0,0.0005,0.05,historical_implied,historical,0.0008,PERMISSIVE,CALIBRATED - pending PI sign-off,
INV,PWRPETURYXX,URY,PET,2027,1.1767,0.0,1.1767,0.045,plan_grounded,grounded,1.6699,PERMISSIVE,CALIBRATED - pending PI sign-off,
INV,PWRPETURYXX,URY,PET,2028,1.1767,0.0,1.1767,0.045,plan_grounded,grounded,1.6699,PERMISSIVE,CALIBRATED - pending PI sign-off,
INV,PWRPETURYXX,URY,PET,2029,1.1767,0.0,1.1767,0.045,plan_grounded,grounded,1.6699,PERMISSIVE,CALIBRATED - pending PI sign-off,
INV,PWRPETURYXX,URY,PET,2030,1.1767,0.0,1.1767,0.045,plan_grounded,grounded,1.6699,PERMISSIVE,CALIBRATED - pending PI sign-off,
INV,PWRPETURYXX,URY,PET,2031,1.1767,0.0,1.1767,0.045,plan_grounded,grounded,1.6699,PERMISSIVE,CALIBRATED - pending PI sign-off,
INV,PWRPETURYXX,URY,PET,2032,1.1767,0.0,1.1767,0.045,plan_grounded,grounded,1.6699,PERMISSIVE,CALIBRATED - pending PI sign-off,
INV,PWRPETURYXX,URY,PET,2033,1.1767,0.0,1.1767,0.045,plan_grounded,grounded,1.6699,PERMISSIVE,CALIBRATED - pending PI sign-off,
INV,PWRPETURYXX,URY,PET,2034,1.1767,0.0,1.1767,0.045,plan_grounded,grounded,1.6699,PERMISSIVE,CALIBRATED - pending PI sign-off,
INV,PWRPETURYXX,URY,PET,2035,1.1767,0.0,1.1767,0.045,plan_grounded,grounded,1.6699,PERMISSIVE,CALIBRATED - pending PI sign-off,
INV,PWRPETURYXX,URY,PET,2036,1.1767,0.0,1.1767,0.045,plan_grounded,grounded,1.6699,PERMISSIVE,CALIBRATED - pending PI sign-off,
INV,PWRPETURYXX,URY,PET,2037,1.1767,0.0,1.1767,0.045,plan_grounded,grounded,1.6699,PERMISSIVE,CALIBRATED - pending PI sign-off,
INV,PWRPETURYXX,URY,PET,2038,1.1767,0.0,1.1767,0.045,plan_grounded,grounded,1.6699,PERMISSIVE,CALIBRATED - pending PI sign-off,
INV,PWRPETURYXX,URY,PET,2039,1.1767,0.0,1.1767,0.045,plan_grounded,grounded,1.6699,PERMISSIVE,CALIBRATED - pending PI sign-off,
INV,PWRPETURYXX,URY,PET,2040,1.1767,0.0,1.1767,0.045,plan_grounded,grounded,1.6699,PERMISSIVE,CALIBRATED - pending PI sign-off,
INV,PWRPETURYXX,URY,PET,2041,1.1767,0.0,1.1767,0.045,plan_grounded,grounded,1.6699,PERMISSIVE,CALIBRATED - pending PI sign-off,
INV,PWRPETURYXX,URY,PET,2042,1.1767,0.0,1.1767,0.045,plan_grounded,grounded,1.6699,PERMISSIVE,CALIBRATED - pending PI sign-off,
INV,PWRPETURYXX,URY,PET,2043,1.1767,0.0,1.1767,0.045,plan_grounded,grounded,1.6699,PERMISSIVE,CALIBRATED - pending PI sign-off,
INV,PWRPETURYXX,URY,PET,2044,1.1767,0.0,1.1767,0.045,plan_grounded,grounded,1.6699,PERMISSIVE,CALIBRATED - pending PI sign-off,
INV,PWRPETURYXX,URY,PET,2045,1.1767,0.0,1.1767,0.045,plan_grounded,grounded,1.6699,PERMISSIVE,CALIBRATED - pending PI sign-off,
INV,PWRPETURYXX,URY,PET,2046,1.1767,0.0,1.1767,0.045,plan_grounded,grounded,1.6699,PERMISSIVE,CALIBRATED - pending PI sign-off,
INV,PWRPETURYXX,URY,PET,2047,1.1767,0.0,1.1767,0.045,plan_grounded,grounded,1.6699,PERMISSIVE,CALIBRATED - pending PI sign-off,
INV,PWRPETURYXX,URY,PET,2048,1.1767,0.0,1.1767,0.045,plan_grounded,grounded,1.6699,PERMISSIVE,CALIBRATED - pending PI sign-off,
INV,PWRPETURYXX,URY,PET,2049,1.1767,0.0,1.1767,0.045,plan_grounded,grounded,1.6699,PERMISSIVE,CALIBRATED - pending PI sign-off,
INV,PWRPETURYXX,URY,PET,2050,1.1767,0.0,1.1767,0.045,plan_grounded,grounded,1.6699,PERMISSIVE,CALIBRATED - pending PI sign-off,
OPT,PWRCOAARGXX,ARG,COA,2027,0.65,0.0,0.65,0.37,plan_grounded,proxy,7.5844,COMMITTED,CALIBRATED - pending PI sign-off,
OPT,PWRCOAARGXX,ARG,COA,2028,0.65,0.0,0.65,0.37,plan_grounded,proxy,7.5844,COMMITTED,CALIBRATED - pending PI sign-off,
OPT,PWRCOAARGXX,ARG,COA,2029,0.65,0.0,0.65,0.37,plan_grounded,proxy,7.5844,COMMITTED,CALIBRATED - pending PI sign-off,
OPT,PWRCOAARGXX,ARG,COA,2030,0.65,0.0,0.65,0.37,plan_grounded,proxy,7.5844,COMMITTED,CALIBRATED - pending PI sign-off,
OPT,PWRCOAARGXX,ARG,COA,2031,0.65,0.0,0.65,0.37,plan_grounded,proxy,7.5844,COMMITTED,CALIBRATED - pending PI sign-off,
OPT,PWRCOAARGXX,ARG,COA,2032,0.65,0.0,0.65,0.37,plan_grounded,proxy,7.5844,COMMITTED,CALIBRATED - pending PI sign-off,
OPT,PWRCOAARGXX,ARG,COA,2033,0.65,0.0,0.65,0.37,plan_grounded,proxy,7.5844,COMMITTED,CALIBRATED - pending PI sign-off,
OPT,PWRCOAARGXX,ARG,COA,2034,0.65,0.0,0.65,0.37,plan_grounded,proxy,7.5844,COMMITTED,CALIBRATED - pending PI sign-off,
OPT,PWRCOAARGXX,ARG,COA,2035,0.65,0.0,0.65,0.37,plan_grounded,proxy,7.5844,COMMITTED,CALIBRATED - pending PI sign-off,
OPT,PWRCOAARGXX,ARG,COA,2036,0.65,0.0,0.65,0.37,plan_grounded,proxy,7.5844,COMMITTED,CALIBRATED - pending PI sign-off,
OPT,PWRCOAARGXX,ARG,COA,2037,0.65,0.0,0.65,0.37,plan_grounded,proxy,7.5844,COMMITTED,CALIBRATED - pending PI sign-off,
OPT,PWRCOAARGXX,ARG,COA,2038,0.65,0.0,0.65,0.37,plan_grounded,proxy,7.5844,COMMITTED,CALIBRATED - pending PI sign-off,
OPT,PWRCOAARGXX,ARG,COA,2039,0.65,0.0,0.65,0.37,plan_grounded,proxy,7.5844,COMMITTED,CALIBRATED - pending PI sign-off,
OPT,PWRCOAARGXX,ARG,COA,2040,0.65,0.0,0.65,0.37,plan_grounded,proxy,7.5844,COMMITTED,CALIBRATED - pending PI sign-off,
OPT,PWRCOAARGXX,ARG,COA,2041,0.65,0.0,0.65,0.37,plan_grounded,proxy,7.5844,COMMITTED,CALIBRATED - pending PI sign-off,
OPT,PWRCOAARGXX,ARG,COA,2042,0.65,0.0,0.65,0.37,plan_grounded,proxy,7.5844,COMMITTED,CALIBRATED - pending PI sign-off,
OPT,PWRCOAARGXX,ARG,COA,2043,0.65,0.0,0.65,0.37,plan_grounded,proxy,7.5844,COMMITTED,CALIBRATED - pending PI sign-off,
OPT,PWRCOAARGXX,ARG,COA,2044,0.65,0.0,0.65,0.37,plan_grounded,proxy,7.5844,COMMITTED,CALIBRATED - pending PI sign-off,
OPT,PWRCOAARGXX,ARG,COA,2045,0.65,0.0,0.65,0.37,plan_grounded,proxy,7.5844,COMMITTED,CALIBRATED - pending PI sign-off,
OPT,PWRCOAARGXX,ARG,COA,2046,0.65,0.0,0.65,0.37,plan_grounded,proxy,7.5844,COMMITTED,CALIBRATED - pending PI sign-off,
OPT,PWRCOAARGXX,ARG,COA,2047,0.65,0.0,0.65,0.37,plan_grounded,proxy,7.5844,COMMITTED,CALIBRATED - pending PI sign-off,
OPT,PWRCOAARGXX,ARG,COA,2048,0.65,0.0,0.65,0.37,plan_grounded,proxy,7.5844,COMMITTED,CALIBRATED - pending PI sign-off,
OPT,PWRCOAARGXX,ARG,COA,2049,0.65,0.0,0.65,0.37,plan_grounded,proxy,7.5844,COMMITTED,CALIBRATED - pending PI sign-off,
OPT,PWRCOAARGXX,ARG,COA,2050,0.65,0.0,0.65,0.37,plan_grounded,proxy,7.5844,COMMITTED,CALIBRATED - pending PI sign-off,
OPT,PWRCOABRAXX,BRA,COA,2027,3.086,0.0,3.086,0.2,plan_grounded,grounded,19.464,COMMITTED,CALIBRATED - pending PI sign-off,
OPT,PWRCOABRAXX,BRA,COA,2028,3.086,0.0,3.086,0.2,plan_grounded,grounded,19.464,COMMITTED,CALIBRATED - pending PI sign-off,
OPT,PWRCOABRAXX,BRA,COA,2029,3.086,0.0,3.086,0.2,plan_grounded,grounded,19.464,COMMITTED,CALIBRATED - pending PI sign-off,
OPT,PWRCOABRAXX,BRA,COA,2030,3.086,0.0,3.086,0.2,plan_grounded,grounded,19.464,COMMITTED,CALIBRATED - pending PI sign-off,
OPT,PWRCOABRAXX,BRA,COA,2031,3.086,0.0,3.086,0.2,plan_grounded,grounded,19.464,COMMITTED,CALIBRATED - pending PI sign-off,
OPT,PWRCOABRAXX,BRA,COA,2032,3.086,0.0,3.086,0.2,plan_grounded,grounded,19.464,COMMITTED,CALIBRATED - pending PI sign-off,
OPT,PWRCOABRAXX,BRA,COA,2033,3.086,0.0,3.086,0.2,plan_grounded,grounded,19.464,COMMITTED,CALIBRATED - pending PI sign-off,
OPT,PWRCOABRAXX,BRA,COA,2034,3.086,0.0,3.086,0.2,plan_grounded,grounded,19.464,COMMITTED,CALIBRATED - pending PI sign-off,
OPT,PWRCOABRAXX,BRA,COA,2035,3.086,0.0,3.086,0.2,plan_grounded,grounded,19.464,COMMITTED,CALIBRATED - pending PI sign-off,
OPT,PWRCOABRAXX,BRA,COA,2036,3.086,0.0,3.086,0.2,plan_grounded,grounded,19.464,COMMITTED,CALIBRATED - pending PI sign-off,
OPT,PWRCOABRAXX,BRA,COA,2037,3.086,0.0,3.086,0.2,plan_grounded,grounded,19.464,COMMITTED,CALIBRATED - pending PI sign-off,
OPT,PWRCOABRAXX,BRA,COA,2038,3.086,0.0,3.086,0.2,plan_grounded,grounded,19.464,COMMITTED,CALIBRATED - pending PI sign-off,
OPT,PWRCOABRAXX,BRA,COA,2039,3.086,0.0,3.086,0.2,plan_grounded,grounded,19.464,COMMITTED,CALIBRATED - pending PI sign-off,
OPT,PWRCOABRAXX,BRA,COA,2040,3.086,0.0,3.086,0.2,plan_grounded,grounded,19.464,COMMITTED,CALIBRATED - pending PI sign-off,
OPT,PWRCOABRAXX,BRA,COA,2041,3.086,0.0,3.086,0.2,plan_grounded,grounded,19.464,COMMITTED,CALIBRATED - pending PI sign-off,
OPT,PWRCOABRAXX,BRA,COA,2042,3.086,0.0,3.086,0.2,plan_grounded,grounded,19.464,COMMITTED,CALIBRATED - pending PI sign-off,
OPT,PWRCOABRAXX,BRA,COA,2043,3.086,0.0,3.086,0.2,plan_grounded,grounded,19.464,COMMITTED,CALIBRATED - pending PI sign-off,
OPT,PWRCOABRAXX,BRA,COA,2044,3.086,0.0,3.086,0.2,plan_grounded,grounded,19.464,COMMITTED,CALIBRATED - pending PI sign-off,
OPT,PWRCOABRAXX,BRA,COA,2045,3.086,0.0,3.086,0.2,plan_grounded,grounded,19.464,COMMITTED,CALIBRATED - pending PI sign-off,
OPT,PWRCOABRAXX,BRA,COA,2046,3.086,0.0,3.086,0.2,plan_grounded,grounded,19.464,COMMITTED,CALIBRATED - pending PI sign-off,
OPT,PWRCOABRAXX,BRA,COA,2047,3.086,0.0,3.086,0.2,plan_grounded,grounded,19.464,COMMITTED,CALIBRATED - pending PI sign-off,
OPT,PWRCOABRAXX,BRA,COA,2048,3.086,0.0,3.086,0.2,plan_grounded,grounded,19.464,COMMITTED,CALIBRATED - pending PI sign-off,
OPT,PWRCOABRAXX,BRA,COA,2049,3.086,0.0,3.086,0.2,plan_grounded,grounded,19.464,COMMITTED,CALIBRATED - pending PI sign-off,
OPT,PWRCOABRAXX,BRA,COA,2050,3.086,0.0,3.086,0.2,plan_grounded,grounded,19.464,COMMITTED,CALIBRATED - pending PI sign-off,
OPT,PWRCOACHLXX,CHL,COA,2027,3.7953,0.0,3.7953,0.35,plan_grounded,proxy,41.891,COMMITTED,CALIBRATED - pending PI sign-off,
OPT,PWRCOACHLXX,CHL,COA,2028,3.7953,0.0,3.7953,0.35,plan_grounded,proxy,41.891,COMMITTED,CALIBRATED - pending PI sign-off,
OPT,PWRCOACHLXX,CHL,COA,2029,3.7953,0.0,3.7953,0.35,plan_grounded,proxy,41.891,COMMITTED,CALIBRATED - pending PI sign-off,
OPT,PWRCOACHLXX,CHL,COA,2030,3.7953,0.0,3.7953,0.35,plan_grounded,proxy,41.891,COMMITTED,CALIBRATED - pending PI sign-off,
OPT,PWRCOACHLXX,CHL,COA,2031,3.7953,0.0,3.7953,0.35,plan_grounded,proxy,41.891,COMMITTED,CALIBRATED - pending PI sign-off,
OPT,PWRCOACHLXX,CHL,COA,2032,3.7953,0.0,3.7953,0.35,plan_grounded,proxy,41.891,COMMITTED,CALIBRATED - pending PI sign-off,
OPT,PWRCOACHLXX,CHL,COA,2033,3.7953,0.0,3.7953,0.35,plan_grounded,proxy,41.891,COMMITTED,CALIBRATED - pending PI sign-off,
OPT,PWRCOACHLXX,CHL,COA,2034,3.7953,0.0,3.7953,0.35,plan_grounded,proxy,41.891,COMMITTED,CALIBRATED - pending PI sign-off,
OPT,PWRCOACHLXX,CHL,COA,2035,3.7953,0.0,3.7953,0.35,plan_grounded,proxy,41.891,COMMITTED,CALIBRATED - pending PI sign-off,
OPT,PWRCOACHLXX,CHL,COA,2036,3.7953,0.0,3.7953,0.35,plan_grounded,proxy,41.891,COMMITTED,CALIBRATED - pending PI sign-off,
OPT,PWRCOACHLXX,CHL,COA,2037,3.7953,0.0,3.7953,0.35,plan_grounded,proxy,41.891,COMMITTED,CALIBRATED - pending PI sign-off,
OPT,PWRCOACHLXX,CHL,COA,2038,3.7953,0.0,3.7953,0.35,plan_grounded,proxy,41.891,COMMITTED,CALIBRATED - pending PI sign-off,
OPT,PWRCOACHLXX,CHL,COA,2039,3.7953,0.0,3.7953,0.35,plan_grounded,proxy,41.891,COMMITTED,CALIBRATED - pending PI sign-off,
OPT,PWRCOACHLXX,CHL,COA,2040,3.7953,0.0,3.7953,0.35,plan_grounded,proxy,41.891,COMMITTED,CALIBRATED - pending PI sign-off,
OPT,PWRCOACHLXX,CHL,COA,2041,3.7953,0.0,3.7953,0.35,plan_grounded,proxy,41.891,COMMITTED,CALIBRATED - pending PI sign-off,
OPT,PWRCOACHLXX,CHL,COA,2042,3.7953,0.0,3.7953,0.35,plan_grounded,proxy,41.891,COMMITTED,CALIBRATED - pending PI sign-off,
OPT,PWRCOACHLXX,CHL,COA,2043,3.7953,0.0,3.7953,0.35,plan_grounded,proxy,41.891,COMMITTED,CALIBRATED - pending PI sign-off,
OPT,PWRCOACHLXX,CHL,COA,2044,3.7953,0.0,3.7953,0.35,plan_grounded,proxy,41.891,COMMITTED,CALIBRATED - pending PI sign-off,
OPT,PWRCOACHLXX,CHL,COA,2045,3.7953,0.0,3.7953,0.35,plan_grounded,proxy,41.891,COMMITTED,CALIBRATED - pending PI sign-off,
OPT,PWRCOACHLXX,CHL,COA,2046,3.7953,0.0,3.7953,0.35,plan_grounded,proxy,41.891,COMMITTED,CALIBRATED - pending PI sign-off,
OPT,PWRCOACHLXX,CHL,COA,2047,3.7953,0.0,3.7953,0.35,plan_grounded,proxy,41.891,COMMITTED,CALIBRATED - pending PI sign-off,
OPT,PWRCOACHLXX,CHL,COA,2048,3.7953,0.0,3.7953,0.35,plan_grounded,proxy,41.891,COMMITTED,CALIBRATED - pending PI sign-off,
OPT,PWRCOACHLXX,CHL,COA,2049,3.7953,0.0,3.7953,0.35,plan_grounded,proxy,41.891,COMMITTED,CALIBRATED - pending PI sign-off,
OPT,PWRCOACHLXX,CHL,COA,2050,3.7953,0.0,3.7953,0.35,plan_grounded,proxy,41.891,COMMITTED,CALIBRATED - pending PI sign-off,
OPT,PWRCOACOLXX,COL,COA,2027,1.6759,0.0,1.6759,0.28,plan_grounded,grounded,14.7983,COMMITTED,CALIBRATED - pending PI sign-off,
OPT,PWRCOACOLXX,COL,COA,2028,1.6759,0.0,1.6759,0.28,plan_grounded,grounded,14.7983,COMMITTED,CALIBRATED - pending PI sign-off,
OPT,PWRCOACOLXX,COL,COA,2029,1.6759,0.0,1.6759,0.28,plan_grounded,grounded,14.7983,COMMITTED,CALIBRATED - pending PI sign-off,
OPT,PWRCOACOLXX,COL,COA,2030,1.6759,0.0,1.6759,0.28,plan_grounded,grounded,14.7983,COMMITTED,CALIBRATED - pending PI sign-off,
OPT,PWRCOACOLXX,COL,COA,2031,1.6759,0.0,1.6759,0.28,plan_grounded,grounded,14.7983,COMMITTED,CALIBRATED - pending PI sign-off,
OPT,PWRCOACOLXX,COL,COA,2032,1.6759,0.0,1.6759,0.28,plan_grounded,grounded,14.7983,COMMITTED,CALIBRATED - pending PI sign-off,
OPT,PWRCOACOLXX,COL,COA,2033,1.6759,0.0,1.6759,0.28,plan_grounded,grounded,14.7983,COMMITTED,CALIBRATED - pending PI sign-off,
OPT,PWRCOACOLXX,COL,COA,2034,1.6759,0.0,1.6759,0.28,plan_grounded,grounded,14.7983,COMMITTED,CALIBRATED - pending PI sign-off,
OPT,PWRCOACOLXX,COL,COA,2035,1.6759,0.0,1.6759,0.28,plan_grounded,grounded,14.7983,COMMITTED,CALIBRATED - pending PI sign-off,
OPT,PWRCOACOLXX,COL,COA,2036,1.6759,0.0,1.6759,0.28,plan_grounded,grounded,14.7983,COMMITTED,CALIBRATED - pending PI sign-off,
OPT,PWRCOACOLXX,COL,COA,2037,1.6759,0.0,1.6759,0.28,plan_grounded,grounded,14.7983,COMMITTED,CALIBRATED - pending PI sign-off,
OPT,PWRCOACOLXX,COL,COA,2038,1.6759,0.0,1.6759,0.28,plan_grounded,grounded,14.7983,COMMITTED,CALIBRATED - pending PI sign-off,
OPT,PWRCOACOLXX,COL,COA,2039,1.6759,0.0,1.6759,0.28,plan_grounded,grounded,14.7983,COMMITTED,CALIBRATED - pending PI sign-off,
OPT,PWRCOACOLXX,COL,COA,2040,1.6759,0.0,1.6759,0.28,plan_grounded,grounded,14.7983,COMMITTED,CALIBRATED - pending PI sign-off,
OPT,PWRCOACOLXX,COL,COA,2041,1.6759,0.0,1.6759,0.28,plan_grounded,grounded,14.7983,COMMITTED,CALIBRATED - pending PI sign-off,
OPT,PWRCOACOLXX,COL,COA,2042,1.6759,0.0,1.6759,0.28,plan_grounded,grounded,14.7983,COMMITTED,CALIBRATED - pending PI sign-off,
OPT,PWRCOACOLXX,COL,COA,2043,1.6759,0.0,1.6759,0.28,plan_grounded,grounded,14.7983,COMMITTED,CALIBRATED - pending PI sign-off,
OPT,PWRCOACOLXX,COL,COA,2044,1.6759,0.0,1.6759,0.28,plan_grounded,grounded,14.7983,COMMITTED,CALIBRATED - pending PI sign-off,
OPT,PWRCOACOLXX,COL,COA,2045,1.6759,0.0,1.6759,0.28,plan_grounded,grounded,14.7983,COMMITTED,CALIBRATED - pending PI sign-off,
OPT,PWRCOACOLXX,COL,COA,2046,1.6759,0.0,1.6759,0.28,plan_grounded,grounded,14.7983,COMMITTED,CALIBRATED - pending PI sign-off,
OPT,PWRCOACOLXX,COL,COA,2047,1.6759,0.0,1.6759,0.28,plan_grounded,grounded,14.7983,COMMITTED,CALIBRATED - pending PI sign-off,
OPT,PWRCOACOLXX,COL,COA,2048,1.6759,0.0,1.6759,0.28,plan_grounded,grounded,14.7983,COMMITTED,CALIBRATED - pending PI sign-off,
OPT,PWRCOACOLXX,COL,COA,2049,1.6759,0.0,1.6759,0.28,plan_grounded,grounded,14.7983,COMMITTED,CALIBRATED - pending PI sign-off,
OPT,PWRCOACOLXX,COL,COA,2050,1.6759,0.0,1.6759,0.28,plan_grounded,grounded,14.7983,COMMITTED,CALIBRATED - pending PI sign-off,
OPT,PWRCOADOMXX,DOM,COA,2027,1.064,0.0,1.064,0.7,plan_grounded,grounded,23.488,COMMITTED,CALIBRATED - pending PI sign-off,
OPT,PWRCOADOMXX,DOM,COA,2028,1.064,0.0,1.064,0.7,plan_grounded,grounded,23.488,COMMITTED,CALIBRATED - pending PI sign-off,
OPT,PWRCOADOMXX,DOM,COA,2029,1.064,0.0,1.064,0.7,plan_grounded,grounded,23.488,COMMITTED,CALIBRATED - pending PI sign-off,
OPT,PWRCOADOMXX,DOM,COA,2030,1.064,0.0,1.064,0.7,plan_grounded,grounded,23.488,COMMITTED,CALIBRATED - pending PI sign-off,
OPT,PWRCOADOMXX,DOM,COA,2031,1.064,0.0,1.064,0.7,plan_grounded,grounded,23.488,COMMITTED,CALIBRATED - pending PI sign-off,
OPT,PWRCOADOMXX,DOM,COA,2032,1.064,0.0,1.064,0.7,plan_grounded,grounded,23.488,COMMITTED,CALIBRATED - pending PI sign-off,
OPT,PWRCOADOMXX,DOM,COA,2033,1.064,0.0,1.064,0.7,plan_grounded,grounded,23.488,COMMITTED,CALIBRATED - pending PI sign-off,
OPT,PWRCOADOMXX,DOM,COA,2034,1.064,0.0,1.064,0.7,plan_grounded,grounded,23.488,COMMITTED,CALIBRATED - pending PI sign-off,
OPT,PWRCOADOMXX,DOM,COA,2035,1.064,0.0,1.064,0.7,plan_grounded,grounded,23.488,COMMITTED,CALIBRATED - pending PI sign-off,
OPT,PWRCOADOMXX,DOM,COA,2036,1.064,0.0,1.064,0.7,plan_grounded,grounded,23.488,COMMITTED,CALIBRATED - pending PI sign-off,
OPT,PWRCOADOMXX,DOM,COA,2037,1.064,0.0,1.064,0.7,plan_grounded,grounded,23.488,COMMITTED,CALIBRATED - pending PI sign-off,
OPT,PWRCOADOMXX,DOM,COA,2038,1.064,0.0,1.064,0.7,plan_grounded,grounded,23.488,COMMITTED,CALIBRATED - pending PI sign-off,
OPT,PWRCOADOMXX,DOM,COA,2039,1.064,0.0,1.064,0.7,plan_grounded,grounded,23.488,COMMITTED,CALIBRATED - pending PI sign-off,
OPT,PWRCOADOMXX,DOM,COA,2040,1.064,0.0,1.064,0.7,plan_grounded,grounded,23.488,COMMITTED,CALIBRATED - pending PI sign-off,
OPT,PWRCOADOMXX,DOM,COA,2041,1.064,0.0,1.064,0.7,plan_grounded,grounded,23.488,COMMITTED,CALIBRATED - pending PI sign-off,
OPT,PWRCOADOMXX,DOM,COA,2042,1.064,0.0,1.064,0.7,plan_grounded,grounded,23.488,COMMITTED,CALIBRATED - pending PI sign-off,
OPT,PWRCOADOMXX,DOM,COA,2043,1.064,0.0,1.064,0.7,plan_grounded,grounded,23.488,COMMITTED,CALIBRATED - pending PI sign-off,
OPT,PWRCOADOMXX,DOM,COA,2044,1.064,0.0,1.064,0.7,plan_grounded,grounded,23.488,COMMITTED,CALIBRATED - pending PI sign-off,
OPT,PWRCOADOMXX,DOM,COA,2045,1.064,0.0,1.064,0.7,plan_grounded,grounded,23.488,COMMITTED,CALIBRATED - pending PI sign-off,
OPT,PWRCOADOMXX,DOM,COA,2046,1.064,0.0,1.064,0.7,plan_grounded,grounded,23.488,COMMITTED,CALIBRATED - pending PI sign-off,
OPT,PWRCOADOMXX,DOM,COA,2047,1.064,0.0,1.064,0.7,plan_grounded,grounded,23.488,COMMITTED,CALIBRATED - pending PI sign-off,
OPT,PWRCOADOMXX,DOM,COA,2048,1.064,0.0,1.064,0.7,plan_grounded,grounded,23.488,COMMITTED,CALIBRATED - pending PI sign-off,
OPT,PWRCOADOMXX,DOM,COA,2049,1.064,0.0,1.064,0.7,plan_grounded,grounded,23.488,COMMITTED,CALIBRATED - pending PI sign-off,
OPT,PWRCOADOMXX,DOM,COA,2050,1.064,0.0,1.064,0.7,plan_grounded,grounded,23.488,COMMITTED,CALIBRATED - pending PI sign-off,
OPT,PWRCOAGTMXX,GTM,COA,2027,0.5282,0.0,0.5282,0.5,plan_grounded,grounded,8.3287,COMMITTED,CALIBRATED - pending PI sign-off,
OPT,PWRCOAGTMXX,GTM,COA,2028,0.5282,0.0,0.5282,0.5,plan_grounded,grounded,8.3287,COMMITTED,CALIBRATED - pending PI sign-off,
OPT,PWRCOAGTMXX,GTM,COA,2029,0.5282,0.0,0.5282,0.5,plan_grounded,grounded,8.3287,COMMITTED,CALIBRATED - pending PI sign-off,
OPT,PWRCOAGTMXX,GTM,COA,2030,0.5282,0.0,0.5282,0.5,plan_grounded,grounded,8.3287,COMMITTED,CALIBRATED - pending PI sign-off,
OPT,PWRCOAGTMXX,GTM,COA,2031,0.5282,0.0,0.5282,0.5,plan_grounded,grounded,8.3287,COMMITTED,CALIBRATED - pending PI sign-off,
OPT,PWRCOAGTMXX,GTM,COA,2032,0.5282,0.0,0.5282,0.5,plan_grounded,grounded,8.3287,COMMITTED,CALIBRATED - pending PI sign-off,
OPT,PWRCOAGTMXX,GTM,COA,2033,0.5282,0.0,0.5282,0.5,plan_grounded,grounded,8.3287,COMMITTED,CALIBRATED - pending PI sign-off,
OPT,PWRCOAGTMXX,GTM,COA,2034,0.5282,0.0,0.5282,0.5,plan_grounded,grounded,8.3287,COMMITTED,CALIBRATED - pending PI sign-off,
OPT,PWRCOAGTMXX,GTM,COA,2035,0.5282,0.0,0.5282,0.5,plan_grounded,grounded,8.3287,COMMITTED,CALIBRATED - pending PI sign-off,
OPT,PWRCOAGTMXX,GTM,COA,2036,0.5282,0.0,0.5282,0.5,plan_grounded,grounded,8.3287,COMMITTED,CALIBRATED - pending PI sign-off,
OPT,PWRCOAGTMXX,GTM,COA,2037,0.5282,0.0,0.5282,0.5,plan_grounded,grounded,8.3287,COMMITTED,CALIBRATED - pending PI sign-off,
OPT,PWRCOAGTMXX,GTM,COA,2038,0.5282,0.0,0.5282,0.5,plan_grounded,grounded,8.3287,COMMITTED,CALIBRATED - pending PI sign-off,
OPT,PWRCOAGTMXX,GTM,COA,2039,0.5282,0.0,0.5282,0.5,plan_grounded,grounded,8.3287,COMMITTED,CALIBRATED - pending PI sign-off,
OPT,PWRCOAGTMXX,GTM,COA,2040,0.5282,0.0,0.5282,0.5,plan_grounded,grounded,8.3287,COMMITTED,CALIBRATED - pending PI sign-off,
OPT,PWRCOAGTMXX,GTM,COA,2041,0.5282,0.0,0.5282,0.5,plan_grounded,grounded,8.3287,COMMITTED,CALIBRATED - pending PI sign-off,
OPT,PWRCOAGTMXX,GTM,COA,2042,0.5282,0.0,0.5282,0.5,plan_grounded,grounded,8.3287,COMMITTED,CALIBRATED - pending PI sign-off,
OPT,PWRCOAGTMXX,GTM,COA,2043,0.5282,0.0,0.5282,0.5,plan_grounded,grounded,8.3287,COMMITTED,CALIBRATED - pending PI sign-off,
OPT,PWRCOAGTMXX,GTM,COA,2044,0.5282,0.0,0.5282,0.5,plan_grounded,grounded,8.3287,COMMITTED,CALIBRATED - pending PI sign-off,
OPT,PWRCOAGTMXX,GTM,COA,2045,0.5282,0.0,0.5282,0.5,plan_grounded,grounded,8.3287,COMMITTED,CALIBRATED - pending PI sign-off,
OPT,PWRCOAGTMXX,GTM,COA,2046,0.5282,0.0,0.5282,0.5,plan_grounded,grounded,8.3287,COMMITTED,CALIBRATED - pending PI sign-off,
OPT,PWRCOAGTMXX,GTM,COA,2047,0.5282,0.0,0.5282,0.5,plan_grounded,grounded,8.3287,COMMITTED,CALIBRATED - pending PI sign-off,
OPT,PWRCOAGTMXX,GTM,COA,2048,0.5282,0.0,0.5282,0.5,plan_grounded,grounded,8.3287,COMMITTED,CALIBRATED - pending PI sign-off,
OPT,PWRCOAGTMXX,GTM,COA,2049,0.5282,0.0,0.5282,0.5,plan_grounded,grounded,8.3287,COMMITTED,CALIBRATED - pending PI sign-off,
OPT,PWRCOAGTMXX,GTM,COA,2050,0.5282,0.0,0.5282,0.5,plan_grounded,grounded,8.3287,COMMITTED,CALIBRATED - pending PI sign-off,
OPT,PWRCOAMEXXX,MEX,COA,2027,5.463,0.0,5.463,0.3061,historical_implied,historical,52.7313,COMMITTED,CALIBRATED - pending PI sign-off,
OPT,PWRCOAMEXXX,MEX,COA,2028,5.463,0.0,5.463,0.3061,historical_implied,historical,52.7313,COMMITTED,CALIBRATED - pending PI sign-off,
OPT,PWRCOAMEXXX,MEX,COA,2029,5.463,0.0,5.463,0.3061,historical_implied,historical,52.7313,COMMITTED,CALIBRATED - pending PI sign-off,
OPT,PWRCOAMEXXX,MEX,COA,2030,5.463,0.0,5.463,0.3061,historical_implied,historical,52.7313,COMMITTED,CALIBRATED - pending PI sign-off,
OPT,PWRCOAMEXXX,MEX,COA,2031,5.463,0.0,5.463,0.3061,historical_implied,historical,52.7313,COMMITTED,CALIBRATED - pending PI sign-off,
OPT,PWRCOAMEXXX,MEX,COA,2032,5.463,0.0,5.463,0.3061,historical_implied,historical,52.7313,COMMITTED,CALIBRATED - pending PI sign-off,
OPT,PWRCOAMEXXX,MEX,COA,2033,5.463,0.0,5.463,0.3061,historical_implied,historical,52.7313,COMMITTED,CALIBRATED - pending PI sign-off,
OPT,PWRCOAMEXXX,MEX,COA,2034,5.463,0.0,5.463,0.3061,historical_implied,historical,52.7313,COMMITTED,CALIBRATED - pending PI sign-off,
OPT,PWRCOAMEXXX,MEX,COA,2035,5.463,0.0,5.463,0.3061,historical_implied,historical,52.7313,COMMITTED,CALIBRATED - pending PI sign-off,
OPT,PWRCOAMEXXX,MEX,COA,2036,5.463,0.0,5.463,0.3061,historical_implied,historical,52.7313,COMMITTED,CALIBRATED - pending PI sign-off,
OPT,PWRCOAMEXXX,MEX,COA,2037,5.463,0.0,5.463,0.3061,historical_implied,historical,52.7313,COMMITTED,CALIBRATED - pending PI sign-off,
OPT,PWRCOAMEXXX,MEX,COA,2038,5.463,0.0,5.463,0.3061,historical_implied,historical,52.7313,COMMITTED,CALIBRATED - pending PI sign-off,
OPT,PWRCOAMEXXX,MEX,COA,2039,5.463,0.0,5.463,0.3061,historical_implied,historical,52.7313,COMMITTED,CALIBRATED - pending PI sign-off,
OPT,PWRCOAMEXXX,MEX,COA,2040,5.463,0.0,5.463,0.3061,historical_implied,historical,52.7313,COMMITTED,CALIBRATED - pending PI sign-off,
OPT,PWRCOAMEXXX,MEX,COA,2041,5.463,0.0,5.463,0.3061,historical_implied,historical,52.7313,COMMITTED,CALIBRATED - pending PI sign-off,
OPT,PWRCOAMEXXX,MEX,COA,2042,5.463,0.0,5.463,0.3061,historical_implied,historical,52.7313,COMMITTED,CALIBRATED - pending PI sign-off,
OPT,PWRCOAMEXXX,MEX,COA,2043,5.463,0.0,5.463,0.3061,historical_implied,historical,52.7313,COMMITTED,CALIBRATED - pending PI sign-off,
OPT,PWRCOAMEXXX,MEX,COA,2044,5.463,0.0,5.463,0.3061,historical_implied,historical,52.7313,COMMITTED,CALIBRATED - pending PI sign-off,
OPT,PWRCOAMEXXX,MEX,COA,2045,5.463,0.0,5.463,0.3061,historical_implied,historical,52.7313,COMMITTED,CALIBRATED - pending PI sign-off,
OPT,PWRCOAMEXXX,MEX,COA,2046,5.463,0.0,5.463,0.3061,historical_implied,historical,52.7313,COMMITTED,CALIBRATED - pending PI sign-off,
OPT,PWRCOAMEXXX,MEX,COA,2047,5.463,0.0,5.463,0.3061,historical_implied,historical,52.7313,COMMITTED,CALIBRATED - pending PI sign-off,
OPT,PWRCOAMEXXX,MEX,COA,2048,5.463,0.0,5.463,0.3061,historical_implied,historical,52.7313,COMMITTED,CALIBRATED - pending PI sign-off,
OPT,PWRCOAMEXXX,MEX,COA,2049,5.463,0.0,5.463,0.3061,historical_implied,historical,52.7313,COMMITTED,CALIBRATED - pending PI sign-off,
OPT,PWRCOAMEXXX,MEX,COA,2050,5.463,0.0,5.463,0.3061,historical_implied,historical,52.7313,COMMITTED,CALIBRATED - pending PI sign-off,
OPT,PWRCOAPANXX,PAN,COA,2027,0.3,0.0,0.3,0.01,plan_grounded,grounded,0.0946,COMMITTED,CALIBRATED - pending PI sign-off,
OPT,PWRCOAPANXX,PAN,COA,2028,0.3,0.0,0.3,0.01,plan_grounded,grounded,0.0946,COMMITTED,CALIBRATED - pending PI sign-off,
OPT,PWRCOAPANXX,PAN,COA,2029,0.3,0.0,0.3,0.01,plan_grounded,grounded,0.0946,COMMITTED,CALIBRATED - pending PI sign-off,
OPT,PWRCOAPANXX,PAN,COA,2030,0.3,0.0,0.3,0.01,plan_grounded,grounded,0.0946,COMMITTED,CALIBRATED - pending PI sign-off,
OPT,PWRCOAPANXX,PAN,COA,2031,0.3,0.0,0.3,0.01,plan_grounded,grounded,0.0946,COMMITTED,CALIBRATED - pending PI sign-off,
OPT,PWRCOAPANXX,PAN,COA,2032,0.3,0.0,0.3,0.01,plan_grounded,grounded,0.0946,COMMITTED,CALIBRATED - pending PI sign-off,
OPT,PWRCOAPANXX,PAN,COA,2033,0.3,0.0,0.3,0.01,plan_grounded,grounded,0.0946,COMMITTED,CALIBRATED - pending PI sign-off,
OPT,PWRCOAPANXX,PAN,COA,2034,0.3,0.0,0.3,0.01,plan_grounded,grounded,0.0946,COMMITTED,CALIBRATED - pending PI sign-off,
OPT,PWRCOAPANXX,PAN,COA,2035,0.3,0.0,0.3,0.01,plan_grounded,grounded,0.0946,COMMITTED,CALIBRATED - pending PI sign-off,
OPT,PWRCOAPANXX,PAN,COA,2036,0.3,0.0,0.3,0.01,plan_grounded,grounded,0.0946,COMMITTED,CALIBRATED - pending PI sign-off,
OPT,PWRCOAPANXX,PAN,COA,2037,0.3,0.0,0.3,0.01,plan_grounded,grounded,0.0946,COMMITTED,CALIBRATED - pending PI sign-off,
OPT,PWRCOAPANXX,PAN,COA,2038,0.3,0.0,0.3,0.01,plan_grounded,grounded,0.0946,COMMITTED,CALIBRATED - pending PI sign-off,
OPT,PWRCOAPANXX,PAN,COA,2039,0.3,0.0,0.3,0.01,plan_grounded,grounded,0.0946,COMMITTED,CALIBRATED - pending PI sign-off,
OPT,PWRCOAPANXX,PAN,COA,2040,0.3,0.0,0.3,0.01,plan_grounded,grounded,0.0946,COMMITTED,CALIBRATED - pending PI sign-off,
OPT,PWRCOAPANXX,PAN,COA,2041,0.3,0.0,0.3,0.01,plan_grounded,grounded,0.0946,COMMITTED,CALIBRATED - pending PI sign-off,
OPT,PWRCOAPANXX,PAN,COA,2042,0.3,0.0,0.3,0.01,plan_grounded,grounded,0.0946,COMMITTED,CALIBRATED - pending PI sign-off,
OPT,PWRCOAPANXX,PAN,COA,2043,0.3,0.0,0.3,0.01,plan_grounded,grounded,0.0946,COMMITTED,CALIBRATED - pending PI sign-off,
OPT,PWRCOAPANXX,PAN,COA,2044,0.3,0.0,0.3,0.01,plan_grounded,grounded,0.0946,COMMITTED,CALIBRATED - pending PI sign-off,
OPT,PWRCOAPANXX,PAN,COA,2045,0.3,0.0,0.3,0.01,plan_grounded,grounded,0.0946,COMMITTED,CALIBRATED - pending PI sign-off,
OPT,PWRCOAPANXX,PAN,COA,2046,0.3,0.0,0.3,0.01,plan_grounded,grounded,0.0946,COMMITTED,CALIBRATED - pending PI sign-off,
OPT,PWRCOAPANXX,PAN,COA,2047,0.3,0.0,0.3,0.01,plan_grounded,grounded,0.0946,COMMITTED,CALIBRATED - pending PI sign-off,
OPT,PWRCOAPANXX,PAN,COA,2048,0.3,0.0,0.3,0.01,plan_grounded,grounded,0.0946,COMMITTED,CALIBRATED - pending PI sign-off,
OPT,PWRCOAPANXX,PAN,COA,2049,0.3,0.0,0.3,0.01,plan_grounded,grounded,0.0946,COMMITTED,CALIBRATED - pending PI sign-off,
OPT,PWRCOAPANXX,PAN,COA,2050,0.3,0.0,0.3,0.01,plan_grounded,grounded,0.0946,COMMITTED,CALIBRATED - pending PI sign-off,
OPT,PWRCOAPERXX,PER,COA,2027,0.015,0.0,0.015,0.1733,historical_implied,historical,0.082,COMMITTED,CALIBRATED - pending PI sign-off,
OPT,PWRCOAPERXX,PER,COA,2028,0.015,0.0,0.015,0.1733,historical_implied,historical,0.082,COMMITTED,CALIBRATED - pending PI sign-off,
OPT,PWRCOAPERXX,PER,COA,2029,0.015,0.0,0.015,0.1733,historical_implied,historical,0.082,COMMITTED,CALIBRATED - pending PI sign-off,
OPT,PWRCOAPERXX,PER,COA,2030,0.015,0.0,0.015,0.1733,historical_implied,historical,0.082,COMMITTED,CALIBRATED - pending PI sign-off,
OPT,PWRCOAPERXX,PER,COA,2031,0.015,0.0,0.015,0.1733,historical_implied,historical,0.082,COMMITTED,CALIBRATED - pending PI sign-off,
OPT,PWRCOAPERXX,PER,COA,2032,0.015,0.0,0.015,0.1733,historical_implied,historical,0.082,COMMITTED,CALIBRATED - pending PI sign-off,
OPT,PWRCOAPERXX,PER,COA,2033,0.015,0.0,0.015,0.1733,historical_implied,historical,0.082,COMMITTED,CALIBRATED - pending PI sign-off,
OPT,PWRCOAPERXX,PER,COA,2034,0.015,0.0,0.015,0.1733,historical_implied,historical,0.082,COMMITTED,CALIBRATED - pending PI sign-off,
OPT,PWRCOAPERXX,PER,COA,2035,0.015,0.0,0.015,0.1733,historical_implied,historical,0.082,COMMITTED,CALIBRATED - pending PI sign-off,
OPT,PWRCOAPERXX,PER,COA,2036,0.015,0.0,0.015,0.1733,historical_implied,historical,0.082,COMMITTED,CALIBRATED - pending PI sign-off,
OPT,PWRCOAPERXX,PER,COA,2037,0.015,0.0,0.015,0.1733,historical_implied,historical,0.082,COMMITTED,CALIBRATED - pending PI sign-off,
OPT,PWRCOAPERXX,PER,COA,2038,0.015,0.0,0.015,0.1733,historical_implied,historical,0.082,COMMITTED,CALIBRATED - pending PI sign-off,
OPT,PWRCOAPERXX,PER,COA,2039,0.015,0.0,0.015,0.1733,historical_implied,historical,0.082,COMMITTED,CALIBRATED - pending PI sign-off,
OPT,PWRCOAPERXX,PER,COA,2040,0.015,0.0,0.015,0.1733,historical_implied,historical,0.082,COMMITTED,CALIBRATED - pending PI sign-off,
OPT,PWRCOAPERXX,PER,COA,2041,0.015,0.0,0.015,0.1733,historical_implied,historical,0.082,COMMITTED,CALIBRATED - pending PI sign-off,
OPT,PWRCOAPERXX,PER,COA,2042,0.015,0.0,0.015,0.1733,historical_implied,historical,0.082,COMMITTED,CALIBRATED - pending PI sign-off,
OPT,PWRCOAPERXX,PER,COA,2043,0.015,0.0,0.015,0.1733,historical_implied,historical,0.082,COMMITTED,CALIBRATED - pending PI sign-off,
OPT,PWRCOAPERXX,PER,COA,2044,0.015,0.0,0.015,0.1733,historical_implied,historical,0.082,COMMITTED,CALIBRATED - pending PI sign-off,
OPT,PWRCOAPERXX,PER,COA,2045,0.015,0.0,0.015,0.1733,historical_implied,historical,0.082,COMMITTED,CALIBRATED - pending PI sign-off,
OPT,PWRCOAPERXX,PER,COA,2046,0.015,0.0,0.015,0.1733,historical_implied,historical,0.082,COMMITTED,CALIBRATED - pending PI sign-off,
OPT,PWRCOAPERXX,PER,COA,2047,0.015,0.0,0.015,0.1733,historical_implied,historical,0.082,COMMITTED,CALIBRATED - pending PI sign-off,
OPT,PWRCOAPERXX,PER,COA,2048,0.015,0.0,0.015,0.1733,historical_implied,historical,0.082,COMMITTED,CALIBRATED - pending PI sign-off,
OPT,PWRCOAPERXX,PER,COA,2049,0.015,0.0,0.015,0.1733,historical_implied,historical,0.082,COMMITTED,CALIBRATED - pending PI sign-off,
OPT,PWRCOAPERXX,PER,COA,2050,0.015,0.0,0.015,0.1733,historical_implied,historical,0.082,COMMITTED,CALIBRATED - pending PI sign-off,
OPT,PWRNGSARGXX,ARG,NGS,2027,19.526,0.0,19.526,0.37,plan_grounded,grounded,227.8356,COMMITTED,CALIBRATED - pending PI sign-off,
OPT,PWRNGSARGXX,ARG,NGS,2028,19.526,0.0,19.526,0.37,plan_grounded,grounded,227.8356,COMMITTED,CALIBRATED - pending PI sign-off,
OPT,PWRNGSARGXX,ARG,NGS,2029,19.526,0.0,19.526,0.37,plan_grounded,grounded,227.8356,COMMITTED,CALIBRATED - pending PI sign-off,
OPT,PWRNGSARGXX,ARG,NGS,2030,19.526,0.0,19.526,0.37,plan_grounded,grounded,227.8356,COMMITTED,CALIBRATED - pending PI sign-off,
OPT,PWRNGSARGXX,ARG,NGS,2031,19.526,0.0,19.526,0.37,plan_grounded,grounded,227.8356,COMMITTED,CALIBRATED - pending PI sign-off,
OPT,PWRNGSARGXX,ARG,NGS,2032,19.526,0.0,19.526,0.37,plan_grounded,grounded,227.8356,COMMITTED,CALIBRATED - pending PI sign-off,
OPT,PWRNGSARGXX,ARG,NGS,2033,19.526,0.0,19.526,0.37,plan_grounded,grounded,227.8356,COMMITTED,CALIBRATED - pending PI sign-off,
OPT,PWRNGSARGXX,ARG,NGS,2034,19.526,0.0,19.526,0.37,plan_grounded,grounded,227.8356,COMMITTED,CALIBRATED - pending PI sign-off,
OPT,PWRNGSARGXX,ARG,NGS,2035,19.526,0.0,19.526,0.37,plan_grounded,grounded,227.8356,COMMITTED,CALIBRATED - pending PI sign-off,
OPT,PWRNGSARGXX,ARG,NGS,2036,19.526,0.0,19.526,0.37,plan_grounded,grounded,227.8356,COMMITTED,CALIBRATED - pending PI sign-off,
OPT,PWRNGSARGXX,ARG,NGS,2037,19.526,0.0,19.526,0.37,plan_grounded,grounded,227.8356,COMMITTED,CALIBRATED - pending PI sign-off,
OPT,PWRNGSARGXX,ARG,NGS,2038,19.526,0.0,19.526,0.37,plan_grounded,grounded,227.8356,COMMITTED,CALIBRATED - pending PI sign-off,
OPT,PWRNGSARGXX,ARG,NGS,2039,19.526,0.0,19.526,0.37,plan_grounded,grounded,227.8356,COMMITTED,CALIBRATED - pending PI sign-off,
OPT,PWRNGSARGXX,ARG,NGS,2040,19.526,0.0,19.526,0.37,plan_grounded,grounded,227.8356,COMMITTED,CALIBRATED - pending PI sign-off,
OPT,PWRNGSARGXX,ARG,NGS,2041,19.526,0.0,19.526,0.37,plan_grounded,grounded,227.8356,COMMITTED,CALIBRATED - pending PI sign-off,
OPT,PWRNGSARGXX,ARG,NGS,2042,19.526,0.0,19.526,0.37,plan_grounded,grounded,227.8356,COMMITTED,CALIBRATED - pending PI sign-off,
OPT,PWRNGSARGXX,ARG,NGS,2043,19.526,0.0,19.526,0.37,plan_grounded,grounded,227.8356,COMMITTED,CALIBRATED - pending PI sign-off,
OPT,PWRNGSARGXX,ARG,NGS,2044,19.526,0.0,19.526,0.37,plan_grounded,grounded,227.8356,COMMITTED,CALIBRATED - pending PI sign-off,
OPT,PWRNGSARGXX,ARG,NGS,2045,19.526,0.0,19.526,0.37,plan_grounded,grounded,227.8356,COMMITTED,CALIBRATED - pending PI sign-off,
OPT,PWRNGSARGXX,ARG,NGS,2046,19.526,0.0,19.526,0.37,plan_grounded,grounded,227.8356,COMMITTED,CALIBRATED - pending PI sign-off,
OPT,PWRNGSARGXX,ARG,NGS,2047,19.526,0.0,19.526,0.37,plan_grounded,grounded,227.8356,COMMITTED,CALIBRATED - pending PI sign-off,
OPT,PWRNGSARGXX,ARG,NGS,2048,19.526,0.0,19.526,0.37,plan_grounded,grounded,227.8356,COMMITTED,CALIBRATED - pending PI sign-off,
OPT,PWRNGSARGXX,ARG,NGS,2049,19.526,0.0,19.526,0.37,plan_grounded,grounded,227.8356,COMMITTED,CALIBRATED - pending PI sign-off,
OPT,PWRNGSARGXX,ARG,NGS,2050,19.526,0.0,19.526,0.37,plan_grounded,grounded,227.8356,COMMITTED,CALIBRATED - pending PI sign-off,
OPT,PWRNGSBOLXX,BOL,NGS,2027,2.7192,0.0,2.7192,0.36,plan_grounded,grounded,30.871,COMMITTED,CALIBRATED - pending PI sign-off,
OPT,PWRNGSBOLXX,BOL,NGS,2028,2.7192,0.0,2.7192,0.36,plan_grounded,grounded,30.871,COMMITTED,CALIBRATED - pending PI sign-off,
OPT,PWRNGSBOLXX,BOL,NGS,2029,2.7192,0.0,2.7192,0.36,plan_grounded,grounded,30.871,COMMITTED,CALIBRATED - pending PI sign-off,
OPT,PWRNGSBOLXX,BOL,NGS,2030,2.7192,0.0,2.7192,0.36,plan_grounded,grounded,30.871,COMMITTED,CALIBRATED - pending PI sign-off,
OPT,PWRNGSBOLXX,BOL,NGS,2031,2.7192,0.0,2.7192,0.36,plan_grounded,grounded,30.871,COMMITTED,CALIBRATED - pending PI sign-off,
OPT,PWRNGSBOLXX,BOL,NGS,2032,2.7192,0.0,2.7192,0.36,plan_grounded,grounded,30.871,COMMITTED,CALIBRATED - pending PI sign-off,
OPT,PWRNGSBOLXX,BOL,NGS,2033,2.7192,0.0,2.7192,0.36,plan_grounded,grounded,30.871,COMMITTED,CALIBRATED - pending PI sign-off,
OPT,PWRNGSBOLXX,BOL,NGS,2034,2.7192,0.0,2.7192,0.36,plan_grounded,grounded,30.871,COMMITTED,CALIBRATED - pending PI sign-off,
OPT,PWRNGSBOLXX,BOL,NGS,2035,2.7192,0.0,2.7192,0.36,plan_grounded,grounded,30.871,COMMITTED,CALIBRATED - pending PI sign-off,
OPT,PWRNGSBOLXX,BOL,NGS,2036,2.7192,0.0,2.7192,0.36,plan_grounded,grounded,30.871,COMMITTED,CALIBRATED - pending PI sign-off,
OPT,PWRNGSBOLXX,BOL,NGS,2037,2.7192,0.0,2.7192,0.36,plan_grounded,grounded,30.871,COMMITTED,CALIBRATED - pending PI sign-off,
OPT,PWRNGSBOLXX,BOL,NGS,2038,2.7192,0.0,2.7192,0.36,plan_grounded,grounded,30.871,COMMITTED,CALIBRATED - pending PI sign-off,
OPT,PWRNGSBOLXX,BOL,NGS,2039,2.7192,0.0,2.7192,0.36,plan_grounded,grounded,30.871,COMMITTED,CALIBRATED - pending PI sign-off,
OPT,PWRNGSBOLXX,BOL,NGS,2040,2.7192,0.0,2.7192,0.36,plan_grounded,grounded,30.871,COMMITTED,CALIBRATED - pending PI sign-off,
OPT,PWRNGSBOLXX,BOL,NGS,2041,2.7192,0.0,2.7192,0.36,plan_grounded,grounded,30.871,COMMITTED,CALIBRATED - pending PI sign-off,
OPT,PWRNGSBOLXX,BOL,NGS,2042,2.7192,0.0,2.7192,0.36,plan_grounded,grounded,30.871,COMMITTED,CALIBRATED - pending PI sign-off,
OPT,PWRNGSBOLXX,BOL,NGS,2043,2.7192,0.0,2.7192,0.36,plan_grounded,grounded,30.871,COMMITTED,CALIBRATED - pending PI sign-off,
OPT,PWRNGSBOLXX,BOL,NGS,2044,2.7192,0.0,2.7192,0.36,plan_grounded,grounded,30.871,COMMITTED,CALIBRATED - pending PI sign-off,
OPT,PWRNGSBOLXX,BOL,NGS,2045,2.7192,0.0,2.7192,0.36,plan_grounded,grounded,30.871,COMMITTED,CALIBRATED - pending PI sign-off,
OPT,PWRNGSBOLXX,BOL,NGS,2046,2.7192,0.0,2.7192,0.36,plan_grounded,grounded,30.871,COMMITTED,CALIBRATED - pending PI sign-off,
OPT,PWRNGSBOLXX,BOL,NGS,2047,2.7192,0.0,2.7192,0.36,plan_grounded,grounded,30.871,COMMITTED,CALIBRATED - pending PI sign-off,
OPT,PWRNGSBOLXX,BOL,NGS,2048,2.7192,0.0,2.7192,0.36,plan_grounded,grounded,30.871,COMMITTED,CALIBRATED - pending PI sign-off,
OPT,PWRNGSBOLXX,BOL,NGS,2049,2.7192,0.0,2.7192,0.36,plan_grounded,grounded,30.871,COMMITTED,CALIBRATED - pending PI sign-off,
OPT,PWRNGSBOLXX,BOL,NGS,2050,2.7192,0.0,2.7192,0.36,plan_grounded,grounded,30.871,COMMITTED,CALIBRATED - pending PI sign-off,
OPT,PWRNGSBRAXX,BRA,NGS,2027,18.865,0.605,18.26,0.12,plan_grounded,grounded,71.3912,COMMITTED,CALIBRATED - pending PI sign-off,2025.0
OPT,PWRNGSBRAXX,BRA,NGS,2028,18.865,0.605,18.26,0.12,plan_grounded,grounded,71.3912,COMMITTED,CALIBRATED - pending PI sign-off,2025.0
OPT,PWRNGSBRAXX,BRA,NGS,2029,18.865,0.605,18.26,0.12,plan_grounded,grounded,71.3912,COMMITTED,CALIBRATED - pending PI sign-off,2025.0
OPT,PWRNGSBRAXX,BRA,NGS,2030,18.865,0.605,18.26,0.12,plan_grounded,grounded,71.3912,COMMITTED,CALIBRATED - pending PI sign-off,2025.0
OPT,PWRNGSBRAXX,BRA,NGS,2031,18.865,0.605,18.26,0.12,plan_grounded,grounded,71.3912,COMMITTED,CALIBRATED - pending PI sign-off,2025.0
OPT,PWRNGSBRAXX,BRA,NGS,2032,18.865,0.605,18.26,0.12,plan_grounded,grounded,71.3912,COMMITTED,CALIBRATED - pending PI sign-off,2025.0
OPT,PWRNGSBRAXX,BRA,NGS,2033,18.865,0.605,18.26,0.12,plan_grounded,grounded,71.3912,COMMITTED,CALIBRATED - pending PI sign-off,2025.0
OPT,PWRNGSBRAXX,BRA,NGS,2034,18.865,0.605,18.26,0.12,plan_grounded,grounded,71.3912,COMMITTED,CALIBRATED - pending PI sign-off,2025.0
OPT,PWRNGSBRAXX,BRA,NGS,2035,18.865,0.605,18.26,0.12,plan_grounded,grounded,71.3912,COMMITTED,CALIBRATED - pending PI sign-off,2025.0
OPT,PWRNGSBRAXX,BRA,NGS,2036,18.865,0.605,18.26,0.12,plan_grounded,grounded,71.3912,COMMITTED,CALIBRATED - pending PI sign-off,2025.0
OPT,PWRNGSBRAXX,BRA,NGS,2037,18.865,0.605,18.26,0.12,plan_grounded,grounded,71.3912,COMMITTED,CALIBRATED - pending PI sign-off,2025.0
OPT,PWRNGSBRAXX,BRA,NGS,2038,18.865,0.605,18.26,0.12,plan_grounded,grounded,71.3912,COMMITTED,CALIBRATED - pending PI sign-off,2025.0
OPT,PWRNGSBRAXX,BRA,NGS,2039,18.865,0.605,18.26,0.12,plan_grounded,grounded,71.3912,COMMITTED,CALIBRATED - pending PI sign-off,2025.0
OPT,PWRNGSBRAXX,BRA,NGS,2040,18.865,0.605,18.26,0.12,plan_grounded,grounded,71.3912,COMMITTED,CALIBRATED - pending PI sign-off,2025.0
OPT,PWRNGSBRAXX,BRA,NGS,2041,18.865,0.605,18.26,0.12,plan_grounded,grounded,71.3912,COMMITTED,CALIBRATED - pending PI sign-off,2025.0
OPT,PWRNGSBRAXX,BRA,NGS,2042,18.865,0.605,18.26,0.12,plan_grounded,grounded,71.3912,COMMITTED,CALIBRATED - pending PI sign-off,2025.0
OPT,PWRNGSBRAXX,BRA,NGS,2043,18.865,0.605,18.26,0.12,plan_grounded,grounded,71.3912,COMMITTED,CALIBRATED - pending PI sign-off,2025.0
OPT,PWRNGSBRAXX,BRA,NGS,2044,18.865,0.605,18.26,0.12,plan_grounded,grounded,71.3912,COMMITTED,CALIBRATED - pending PI sign-off,2025.0
OPT,PWRNGSBRAXX,BRA,NGS,2045,18.865,0.605,18.26,0.12,plan_grounded,grounded,71.3912,COMMITTED,CALIBRATED - pending PI sign-off,2025.0
OPT,PWRNGSBRAXX,BRA,NGS,2046,18.865,0.605,18.26,0.12,plan_grounded,grounded,71.3912,COMMITTED,CALIBRATED - pending PI sign-off,2025.0
OPT,PWRNGSBRAXX,BRA,NGS,2047,18.865,0.605,18.26,0.12,plan_grounded,grounded,71.3912,COMMITTED,CALIBRATED - pending PI sign-off,2025.0
OPT,PWRNGSBRAXX,BRA,NGS,2048,18.865,0.605,18.26,0.12,plan_grounded,grounded,71.3912,COMMITTED,CALIBRATED - pending PI sign-off,2025.0
OPT,PWRNGSBRAXX,BRA,NGS,2049,18.865,0.605,18.26,0.12,plan_grounded,grounded,71.3912,COMMITTED,CALIBRATED - pending PI sign-off,2025.0
OPT,PWRNGSBRAXX,BRA,NGS,2050,18.865,0.605,18.26,0.12,plan_grounded,grounded,71.3912,COMMITTED,CALIBRATED - pending PI sign-off,2025.0
OPT,PWRNGSCHLXX,CHL,NGS,2027,5.5205,0.0,5.5205,0.3,plan_grounded,proxy,52.2283,COMMITTED,CALIBRATED - pending PI sign-off,
OPT,PWRNGSCHLXX,CHL,NGS,2028,5.5205,0.0,5.5205,0.3,plan_grounded,proxy,52.2283,COMMITTED,CALIBRATED - pending PI sign-off,
OPT,PWRNGSCHLXX,CHL,NGS,2029,5.5205,0.0,5.5205,0.3,plan_grounded,proxy,52.2283,COMMITTED,CALIBRATED - pending PI sign-off,
OPT,PWRNGSCHLXX,CHL,NGS,2030,5.5205,0.0,5.5205,0.3,plan_grounded,proxy,52.2283,COMMITTED,CALIBRATED - pending PI sign-off,
OPT,PWRNGSCHLXX,CHL,NGS,2031,5.5205,0.0,5.5205,0.3,plan_grounded,proxy,52.2283,COMMITTED,CALIBRATED - pending PI sign-off,
OPT,PWRNGSCHLXX,CHL,NGS,2032,5.5205,0.0,5.5205,0.3,plan_grounded,proxy,52.2283,COMMITTED,CALIBRATED - pending PI sign-off,
OPT,PWRNGSCHLXX,CHL,NGS,2033,5.5205,0.0,5.5205,0.3,plan_grounded,proxy,52.2283,COMMITTED,CALIBRATED - pending PI sign-off,
OPT,PWRNGSCHLXX,CHL,NGS,2034,5.5205,0.0,5.5205,0.3,plan_grounded,proxy,52.2283,COMMITTED,CALIBRATED - pending PI sign-off,
OPT,PWRNGSCHLXX,CHL,NGS,2035,5.5205,0.0,5.5205,0.3,plan_grounded,proxy,52.2283,COMMITTED,CALIBRATED - pending PI sign-off,
OPT,PWRNGSCHLXX,CHL,NGS,2036,5.5205,0.0,5.5205,0.3,plan_grounded,proxy,52.2283,COMMITTED,CALIBRATED - pending PI sign-off,
OPT,PWRNGSCHLXX,CHL,NGS,2037,5.5205,0.0,5.5205,0.3,plan_grounded,proxy,52.2283,COMMITTED,CALIBRATED - pending PI sign-off,
OPT,PWRNGSCHLXX,CHL,NGS,2038,5.5205,0.0,5.5205,0.3,plan_grounded,proxy,52.2283,COMMITTED,CALIBRATED - pending PI sign-off,
OPT,PWRNGSCHLXX,CHL,NGS,2039,5.5205,0.0,5.5205,0.3,plan_grounded,proxy,52.2283,COMMITTED,CALIBRATED - pending PI sign-off,
OPT,PWRNGSCHLXX,CHL,NGS,2040,5.5205,0.0,5.5205,0.3,plan_grounded,proxy,52.2283,COMMITTED,CALIBRATED - pending PI sign-off,
OPT,PWRNGSCHLXX,CHL,NGS,2041,5.5205,0.0,5.5205,0.3,plan_grounded,proxy,52.2283,COMMITTED,CALIBRATED - pending PI sign-off,
OPT,PWRNGSCHLXX,CHL,NGS,2042,5.5205,0.0,5.5205,0.3,plan_grounded,proxy,52.2283,COMMITTED,CALIBRATED - pending PI sign-off,
OPT,PWRNGSCHLXX,CHL,NGS,2043,5.5205,0.0,5.5205,0.3,plan_grounded,proxy,52.2283,COMMITTED,CALIBRATED - pending PI sign-off,
OPT,PWRNGSCHLXX,CHL,NGS,2044,5.5205,0.0,5.5205,0.3,plan_grounded,proxy,52.2283,COMMITTED,CALIBRATED - pending PI sign-off,
OPT,PWRNGSCHLXX,CHL,NGS,2045,5.5205,0.0,5.5205,0.3,plan_grounded,proxy,52.2283,COMMITTED,CALIBRATED - pending PI sign-off,
OPT,PWRNGSCHLXX,CHL,NGS,2046,5.5205,0.0,5.5205,0.3,plan_grounded,proxy,52.2283,COMMITTED,CALIBRATED - pending PI sign-off,
OPT,PWRNGSCHLXX,CHL,NGS,2047,5.5205,0.0,5.5205,0.3,plan_grounded,proxy,52.2283,COMMITTED,CALIBRATED - pending PI sign-off,
OPT,PWRNGSCHLXX,CHL,NGS,2048,5.5205,0.0,5.5205,0.3,plan_grounded,proxy,52.2283,COMMITTED,CALIBRATED - pending PI sign-off,
OPT,PWRNGSCHLXX,CHL,NGS,2049,5.5205,0.0,5.5205,0.3,plan_grounded,proxy,52.2283,COMMITTED,CALIBRATED - pending PI sign-off,
OPT,PWRNGSCHLXX,CHL,NGS,2050,5.5205,0.0,5.5205,0.3,plan_grounded,proxy,52.2283,COMMITTED,CALIBRATED - pending PI sign-off,
OPT,PWRNGSCOLXX,COL,NGS,2027,3.1041,0.0,3.1041,0.15,plan_grounded,grounded,14.6836,COMMITTED,CALIBRATED - pending PI sign-off,
OPT,PWRNGSCOLXX,COL,NGS,2028,3.1041,0.0,3.1041,0.15,plan_grounded,grounded,14.6836,COMMITTED,CALIBRATED - pending PI sign-off,
OPT,PWRNGSCOLXX,COL,NGS,2029,3.1041,0.0,3.1041,0.15,plan_grounded,grounded,14.6836,COMMITTED,CALIBRATED - pending PI sign-off,
OPT,PWRNGSCOLXX,COL,NGS,2030,3.1041,0.0,3.1041,0.15,plan_grounded,grounded,14.6836,COMMITTED,CALIBRATED - pending PI sign-off,
OPT,PWRNGSCOLXX,COL,NGS,2031,3.1041,0.0,3.1041,0.15,plan_grounded,grounded,14.6836,COMMITTED,CALIBRATED - pending PI sign-off,
OPT,PWRNGSCOLXX,COL,NGS,2032,3.1041,0.0,3.1041,0.15,plan_grounded,grounded,14.6836,COMMITTED,CALIBRATED - pending PI sign-off,
OPT,PWRNGSCOLXX,COL,NGS,2033,3.1041,0.0,3.1041,0.15,plan_grounded,grounded,14.6836,COMMITTED,CALIBRATED - pending PI sign-off,
OPT,PWRNGSCOLXX,COL,NGS,2034,3.1041,0.0,3.1041,0.15,plan_grounded,grounded,14.6836,COMMITTED,CALIBRATED - pending PI sign-off,
OPT,PWRNGSCOLXX,COL,NGS,2035,3.1041,0.0,3.1041,0.15,plan_grounded,grounded,14.6836,COMMITTED,CALIBRATED - pending PI sign-off,
OPT,PWRNGSCOLXX,COL,NGS,2036,3.1041,0.0,3.1041,0.15,plan_grounded,grounded,14.6836,COMMITTED,CALIBRATED - pending PI sign-off,
OPT,PWRNGSCOLXX,COL,NGS,2037,3.1041,0.0,3.1041,0.15,plan_grounded,grounded,14.6836,COMMITTED,CALIBRATED - pending PI sign-off,
OPT,PWRNGSCOLXX,COL,NGS,2038,3.1041,0.0,3.1041,0.15,plan_grounded,grounded,14.6836,COMMITTED,CALIBRATED - pending PI sign-off,
OPT,PWRNGSCOLXX,COL,NGS,2039,3.1041,0.0,3.1041,0.15,plan_grounded,grounded,14.6836,COMMITTED,CALIBRATED - pending PI sign-off,
OPT,PWRNGSCOLXX,COL,NGS,2040,3.1041,0.0,3.1041,0.15,plan_grounded,grounded,14.6836,COMMITTED,CALIBRATED - pending PI sign-off,
OPT,PWRNGSCOLXX,COL,NGS,2041,3.1041,0.0,3.1041,0.15,plan_grounded,grounded,14.6836,COMMITTED,CALIBRATED - pending PI sign-off,
OPT,PWRNGSCOLXX,COL,NGS,2042,3.1041,0.0,3.1041,0.15,plan_grounded,grounded,14.6836,COMMITTED,CALIBRATED - pending PI sign-off,
OPT,PWRNGSCOLXX,COL,NGS,2043,3.1041,0.0,3.1041,0.15,plan_grounded,grounded,14.6836,COMMITTED,CALIBRATED - pending PI sign-off,
OPT,PWRNGSCOLXX,COL,NGS,2044,3.1041,0.0,3.1041,0.15,plan_grounded,grounded,14.6836,COMMITTED,CALIBRATED - pending PI sign-off,
OPT,PWRNGSCOLXX,COL,NGS,2045,3.1041,0.0,3.1041,0.15,plan_grounded,grounded,14.6836,COMMITTED,CALIBRATED - pending PI sign-off,
OPT,PWRNGSCOLXX,COL,NGS,2046,3.1041,0.0,3.1041,0.15,plan_grounded,grounded,14.6836,COMMITTED,CALIBRATED - pending PI sign-off,
OPT,PWRNGSCOLXX,COL,NGS,2047,3.1041,0.0,3.1041,0.15,plan_grounded,grounded,14.6836,COMMITTED,CALIBRATED - pending PI sign-off,
OPT,PWRNGSCOLXX,COL,NGS,2048,3.1041,0.0,3.1041,0.15,plan_grounded,grounded,14.6836,COMMITTED,CALIBRATED - pending PI sign-off,
OPT,PWRNGSCOLXX,COL,NGS,2049,3.1041,0.0,3.1041,0.15,plan_grounded,grounded,14.6836,COMMITTED,CALIBRATED - pending PI sign-off,
OPT,PWRNGSCOLXX,COL,NGS,2050,3.1041,0.0,3.1041,0.15,plan_grounded,grounded,14.6836,COMMITTED,CALIBRATED - pending PI sign-off,
OPT,PWRNGSDOMXX,DOM,NGS,2027,1.825,0.0,1.825,0.53,plan_grounded,grounded,30.5032,COMMITTED,CALIBRATED - pending PI sign-off,2033.0
OPT,PWRNGSDOMXX,DOM,NGS,2028,1.825,0.0,1.825,0.53,plan_grounded,grounded,30.5032,COMMITTED,CALIBRATED - pending PI sign-off,2033.0
OPT,PWRNGSDOMXX,DOM,NGS,2029,1.825,0.0,1.825,0.53,plan_grounded,grounded,30.5032,COMMITTED,CALIBRATED - pending PI sign-off,2033.0
OPT,PWRNGSDOMXX,DOM,NGS,2030,1.825,0.0,1.825,0.53,plan_grounded,grounded,30.5032,COMMITTED,CALIBRATED - pending PI sign-off,2033.0
OPT,PWRNGSDOMXX,DOM,NGS,2031,1.825,0.0,1.825,0.53,plan_grounded,grounded,30.5032,COMMITTED,CALIBRATED - pending PI sign-off,2033.0
OPT,PWRNGSDOMXX,DOM,NGS,2032,1.825,0.0,1.825,0.53,plan_grounded,grounded,30.5032,COMMITTED,CALIBRATED - pending PI sign-off,2033.0
OPT,PWRNGSDOMXX,DOM,NGS,2033,1.885,0.06,1.825,0.53,plan_grounded,grounded,31.506,COMMITTED,CALIBRATED - pending PI sign-off,2033.0
OPT,PWRNGSDOMXX,DOM,NGS,2034,1.885,0.06,1.825,0.53,plan_grounded,grounded,31.506,COMMITTED,CALIBRATED - pending PI sign-off,2033.0
OPT,PWRNGSDOMXX,DOM,NGS,2035,1.885,0.06,1.825,0.53,plan_grounded,grounded,31.506,COMMITTED,CALIBRATED - pending PI sign-off,2033.0
OPT,PWRNGSDOMXX,DOM,NGS,2036,1.885,0.06,1.825,0.53,plan_grounded,grounded,31.506,COMMITTED,CALIBRATED - pending PI sign-off,2033.0
OPT,PWRNGSDOMXX,DOM,NGS,2037,1.885,0.06,1.825,0.53,plan_grounded,grounded,31.506,COMMITTED,CALIBRATED - pending PI sign-off,2033.0
OPT,PWRNGSDOMXX,DOM,NGS,2038,2.065,0.24,1.825,0.53,plan_grounded,grounded,34.5146,COMMITTED,CALIBRATED - pending PI sign-off,2033.0
OPT,PWRNGSDOMXX,DOM,NGS,2039,2.065,0.24,1.825,0.53,plan_grounded,grounded,34.5146,COMMITTED,CALIBRATED - pending PI sign-off,2033.0
OPT,PWRNGSDOMXX,DOM,NGS,2040,2.245,0.42,1.825,0.53,plan_grounded,grounded,37.5231,COMMITTED,CALIBRATED - pending PI sign-off,2033.0
OPT,PWRNGSDOMXX,DOM,NGS,2041,2.245,0.42,1.825,0.53,plan_grounded,grounded,37.5231,COMMITTED,CALIBRATED - pending PI sign-off,2033.0
OPT,PWRNGSDOMXX,DOM,NGS,2042,2.245,0.42,1.825,0.53,plan_grounded,grounded,37.5231,COMMITTED,CALIBRATED - pending PI sign-off,2033.0
OPT,PWRNGSDOMXX,DOM,NGS,2043,2.245,0.42,1.825,0.53,plan_grounded,grounded,37.5231,COMMITTED,CALIBRATED - pending PI sign-off,2033.0
OPT,PWRNGSDOMXX,DOM,NGS,2044,2.245,0.42,1.825,0.53,plan_grounded,grounded,37.5231,COMMITTED,CALIBRATED - pending PI sign-off,2033.0
OPT,PWRNGSDOMXX,DOM,NGS,2045,2.245,0.42,1.825,0.53,plan_grounded,grounded,37.5231,COMMITTED,CALIBRATED - pending PI sign-off,2033.0
OPT,PWRNGSDOMXX,DOM,NGS,2046,2.245,0.42,1.825,0.53,plan_grounded,grounded,37.5231,COMMITTED,CALIBRATED - pending PI sign-off,2033.0
OPT,PWRNGSDOMXX,DOM,NGS,2047,2.245,0.42,1.825,0.53,plan_grounded,grounded,37.5231,COMMITTED,CALIBRATED - pending PI sign-off,2033.0
OPT,PWRNGSDOMXX,DOM,NGS,2048,2.245,0.42,1.825,0.53,plan_grounded,grounded,37.5231,COMMITTED,CALIBRATED - pending PI sign-off,2033.0
OPT,PWRNGSDOMXX,DOM,NGS,2049,2.245,0.42,1.825,0.53,plan_grounded,grounded,37.5231,COMMITTED,CALIBRATED - pending PI sign-off,2033.0
OPT,PWRNGSDOMXX,DOM,NGS,2050,2.245,0.42,1.825,0.53,plan_grounded,grounded,37.5231,COMMITTED,CALIBRATED - pending PI sign-off,2033.0
OPT,PWRNGSECUXX,ECU,NGS,2027,0.9448,0.0,0.9448,0.2055,plan_grounded,grounded,6.1229,COMMITTED,CALIBRATED - pending PI sign-off,
OPT,PWRNGSECUXX,ECU,NGS,2028,0.9448,0.0,0.9448,0.2055,plan_grounded,grounded,6.1229,COMMITTED,CALIBRATED - pending PI sign-off,
OPT,PWRNGSECUXX,ECU,NGS,2029,0.9448,0.0,0.9448,0.2055,plan_grounded,grounded,6.1229,COMMITTED,CALIBRATED - pending PI sign-off,
OPT,PWRNGSECUXX,ECU,NGS,2030,0.9448,0.0,0.9448,0.2055,plan_grounded,grounded,6.1229,COMMITTED,CALIBRATED - pending PI sign-off,
OPT,PWRNGSECUXX,ECU,NGS,2031,0.9448,0.0,0.9448,0.2055,plan_grounded,grounded,6.1229,COMMITTED,CALIBRATED - pending PI sign-off,
OPT,PWRNGSECUXX,ECU,NGS,2032,0.9448,0.0,0.9448,0.2055,plan_grounded,grounded,6.1229,COMMITTED,CALIBRATED - pending PI sign-off,
OPT,PWRNGSECUXX,ECU,NGS,2033,0.9448,0.0,0.9448,0.2055,plan_grounded,grounded,6.1229,COMMITTED,CALIBRATED - pending PI sign-off,
OPT,PWRNGSECUXX,ECU,NGS,2034,0.9448,0.0,0.9448,0.2055,plan_grounded,grounded,6.1229,COMMITTED,CALIBRATED - pending PI sign-off,
OPT,PWRNGSECUXX,ECU,NGS,2035,0.9448,0.0,0.9448,0.2055,plan_grounded,grounded,6.1229,COMMITTED,CALIBRATED - pending PI sign-off,
OPT,PWRNGSECUXX,ECU,NGS,2036,0.9448,0.0,0.9448,0.2055,plan_grounded,grounded,6.1229,COMMITTED,CALIBRATED - pending PI sign-off,
OPT,PWRNGSECUXX,ECU,NGS,2037,0.9448,0.0,0.9448,0.2055,plan_grounded,grounded,6.1229,COMMITTED,CALIBRATED - pending PI sign-off,
OPT,PWRNGSECUXX,ECU,NGS,2038,0.9448,0.0,0.9448,0.2055,plan_grounded,grounded,6.1229,COMMITTED,CALIBRATED - pending PI sign-off,
OPT,PWRNGSECUXX,ECU,NGS,2039,0.9448,0.0,0.9448,0.2055,plan_grounded,grounded,6.1229,COMMITTED,CALIBRATED - pending PI sign-off,
OPT,PWRNGSECUXX,ECU,NGS,2040,0.9448,0.0,0.9448,0.2055,plan_grounded,grounded,6.1229,COMMITTED,CALIBRATED - pending PI sign-off,
OPT,PWRNGSECUXX,ECU,NGS,2041,0.9448,0.0,0.9448,0.2055,plan_grounded,grounded,6.1229,COMMITTED,CALIBRATED - pending PI sign-off,
OPT,PWRNGSECUXX,ECU,NGS,2042,0.9448,0.0,0.9448,0.2055,plan_grounded,grounded,6.1229,COMMITTED,CALIBRATED - pending PI sign-off,
OPT,PWRNGSECUXX,ECU,NGS,2043,0.9448,0.0,0.9448,0.2055,plan_grounded,grounded,6.1229,COMMITTED,CALIBRATED - pending PI sign-off,
OPT,PWRNGSECUXX,ECU,NGS,2044,0.9448,0.0,0.9448,0.2055,plan_grounded,grounded,6.1229,COMMITTED,CALIBRATED - pending PI sign-off,
OPT,PWRNGSECUXX,ECU,NGS,2045,0.9448,0.0,0.9448,0.2055,plan_grounded,grounded,6.1229,COMMITTED,CALIBRATED - pending PI sign-off,
OPT,PWRNGSECUXX,ECU,NGS,2046,0.9448,0.0,0.9448,0.2055,plan_grounded,grounded,6.1229,COMMITTED,CALIBRATED - pending PI sign-off,
OPT,PWRNGSECUXX,ECU,NGS,2047,0.9448,0.0,0.9448,0.2055,plan_grounded,grounded,6.1229,COMMITTED,CALIBRATED - pending PI sign-off,
OPT,PWRNGSECUXX,ECU,NGS,2048,0.9448,0.0,0.9448,0.2055,plan_grounded,grounded,6.1229,COMMITTED,CALIBRATED - pending PI sign-off,
OPT,PWRNGSECUXX,ECU,NGS,2049,0.9448,0.0,0.9448,0.2055,plan_grounded,grounded,6.1229,COMMITTED,CALIBRATED - pending PI sign-off,
OPT,PWRNGSECUXX,ECU,NGS,2050,0.9448,0.0,0.9448,0.2055,plan_grounded,grounded,6.1229,COMMITTED,CALIBRATED - pending PI sign-off,
OPT,PWRNGSGTMXX,GTM,NGS,2027,0.0026,0.0,0.0026,0.15,plan_grounded,proxy,0.0123,COMMITTED,CALIBRATED - pending PI sign-off,2035.0
OPT,PWRNGSGTMXX,GTM,NGS,2028,0.0026,0.0,0.0026,0.15,plan_grounded,proxy,0.0123,COMMITTED,CALIBRATED - pending PI sign-off,2035.0
OPT,PWRNGSGTMXX,GTM,NGS,2029,0.0026,0.0,0.0026,0.15,plan_grounded,proxy,0.0123,COMMITTED,CALIBRATED - pending PI sign-off,2035.0
OPT,PWRNGSGTMXX,GTM,NGS,2030,0.0026,0.0,0.0026,0.15,plan_grounded,proxy,0.0123,COMMITTED,CALIBRATED - pending PI sign-off,2035.0
OPT,PWRNGSGTMXX,GTM,NGS,2031,0.0026,0.0,0.0026,0.15,plan_grounded,proxy,0.0123,COMMITTED,CALIBRATED - pending PI sign-off,2035.0
OPT,PWRNGSGTMXX,GTM,NGS,2032,0.0026,0.0,0.0026,0.15,plan_grounded,proxy,0.0123,COMMITTED,CALIBRATED - pending PI sign-off,2035.0
OPT,PWRNGSGTMXX,GTM,NGS,2033,0.0026,0.0,0.0026,0.15,plan_grounded,proxy,0.0123,COMMITTED,CALIBRATED - pending PI sign-off,2035.0
OPT,PWRNGSGTMXX,GTM,NGS,2034,0.0026,0.0,0.0026,0.15,plan_grounded,proxy,0.0123,COMMITTED,CALIBRATED - pending PI sign-off,2035.0
OPT,PWRNGSGTMXX,GTM,NGS,2035,0.0526,0.05,0.0026,0.15,plan_grounded,proxy,0.2488,COMMITTED,CALIBRATED - pending PI sign-off,2035.0
OPT,PWRNGSGTMXX,GTM,NGS,2036,0.0526,0.05,0.0026,0.15,plan_grounded,proxy,0.2488,COMMITTED,CALIBRATED - pending PI sign-off,2035.0
OPT,PWRNGSGTMXX,GTM,NGS,2037,0.0526,0.05,0.0026,0.15,plan_grounded,proxy,0.2488,COMMITTED,CALIBRATED - pending PI sign-off,2035.0
OPT,PWRNGSGTMXX,GTM,NGS,2038,0.0526,0.05,0.0026,0.15,plan_grounded,proxy,0.2488,COMMITTED,CALIBRATED - pending PI sign-off,2035.0
OPT,PWRNGSGTMXX,GTM,NGS,2039,0.0526,0.05,0.0026,0.15,plan_grounded,proxy,0.2488,COMMITTED,CALIBRATED - pending PI sign-off,2035.0
OPT,PWRNGSGTMXX,GTM,NGS,2040,0.0526,0.05,0.0026,0.15,plan_grounded,proxy,0.2488,COMMITTED,CALIBRATED - pending PI sign-off,2035.0
OPT,PWRNGSGTMXX,GTM,NGS,2041,0.0526,0.05,0.0026,0.15,plan_grounded,proxy,0.2488,COMMITTED,CALIBRATED - pending PI sign-off,2035.0
OPT,PWRNGSGTMXX,GTM,NGS,2042,0.0526,0.05,0.0026,0.15,plan_grounded,proxy,0.2488,COMMITTED,CALIBRATED - pending PI sign-off,2035.0
OPT,PWRNGSGTMXX,GTM,NGS,2043,0.0526,0.05,0.0026,0.15,plan_grounded,proxy,0.2488,COMMITTED,CALIBRATED - pending PI sign-off,2035.0
OPT,PWRNGSGTMXX,GTM,NGS,2044,0.0526,0.05,0.0026,0.15,plan_grounded,proxy,0.2488,COMMITTED,CALIBRATED - pending PI sign-off,2035.0
OPT,PWRNGSGTMXX,GTM,NGS,2045,0.0526,0.05,0.0026,0.15,plan_grounded,proxy,0.2488,COMMITTED,CALIBRATED - pending PI sign-off,2035.0
OPT,PWRNGSGTMXX,GTM,NGS,2046,0.6526,0.65,0.0026,0.15,plan_grounded,proxy,3.0871,COMMITTED,CALIBRATED - pending PI sign-off,2035.0
OPT,PWRNGSGTMXX,GTM,NGS,2047,0.6526,0.65,0.0026,0.15,plan_grounded,proxy,3.0871,COMMITTED,CALIBRATED - pending PI sign-off,2035.0
OPT,PWRNGSGTMXX,GTM,NGS,2048,0.6526,0.65,0.0026,0.15,plan_grounded,proxy,3.0871,COMMITTED,CALIBRATED - pending PI sign-off,2035.0
OPT,PWRNGSGTMXX,GTM,NGS,2049,0.6526,0.65,0.0026,0.15,plan_grounded,proxy,3.0871,COMMITTED,CALIBRATED - pending PI sign-off,2035.0
OPT,PWRNGSGTMXX,GTM,NGS,2050,0.6526,0.65,0.0026,0.15,plan_grounded,proxy,3.0871,COMMITTED,CALIBRATED - pending PI sign-off,2035.0
OPT,PWRNGSMEXXX,MEX,NGS,2027,43.5375,3.7425,39.795,0.45,plan_grounded,grounded,617.8494,COMMITTED,CALIBRATED - pending PI sign-off,2025.0
OPT,PWRNGSMEXXX,MEX,NGS,2028,46.0285,6.2335,39.795,0.45,plan_grounded,grounded,653.1996,COMMITTED,CALIBRATED - pending PI sign-off,2025.0
OPT,PWRNGSMEXXX,MEX,NGS,2029,46.9625,7.1675,39.795,0.45,plan_grounded,grounded,666.4542,COMMITTED,CALIBRATED - pending PI sign-off,2025.0
OPT,PWRNGSMEXXX,MEX,NGS,2030,46.9625,7.1675,39.795,0.45,plan_grounded,grounded,666.4542,COMMITTED,CALIBRATED - pending PI sign-off,2025.0
OPT,PWRNGSMEXXX,MEX,NGS,2031,46.9625,7.1675,39.795,0.45,plan_grounded,grounded,666.4542,COMMITTED,CALIBRATED - pending PI sign-off,2025.0
OPT,PWRNGSMEXXX,MEX,NGS,2032,46.9625,7.1675,39.795,0.45,plan_grounded,grounded,666.4542,COMMITTED,CALIBRATED - pending PI sign-off,2025.0
OPT,PWRNGSMEXXX,MEX,NGS,2033,46.9625,7.1675,39.795,0.45,plan_grounded,grounded,666.4542,COMMITTED,CALIBRATED - pending PI sign-off,2025.0
OPT,PWRNGSMEXXX,MEX,NGS,2034,46.9625,7.1675,39.795,0.45,plan_grounded,grounded,666.4542,COMMITTED,CALIBRATED - pending PI sign-off,2025.0
OPT,PWRNGSMEXXX,MEX,NGS,2035,46.9625,7.1675,39.795,0.45,plan_grounded,grounded,666.4542,COMMITTED,CALIBRATED - pending PI sign-off,2025.0
OPT,PWRNGSMEXXX,MEX,NGS,2036,46.9625,7.1675,39.795,0.45,plan_grounded,grounded,666.4542,COMMITTED,CALIBRATED - pending PI sign-off,2025.0
OPT,PWRNGSMEXXX,MEX,NGS,2037,46.9625,7.1675,39.795,0.45,plan_grounded,grounded,666.4542,COMMITTED,CALIBRATED - pending PI sign-off,2025.0
OPT,PWRNGSMEXXX,MEX,NGS,2038,46.9625,7.1675,39.795,0.45,plan_grounded,grounded,666.4542,COMMITTED,CALIBRATED - pending PI sign-off,2025.0
OPT,PWRNGSMEXXX,MEX,NGS,2039,46.9625,7.1675,39.795,0.45,plan_grounded,grounded,666.4542,COMMITTED,CALIBRATED - pending PI sign-off,2025.0
OPT,PWRNGSMEXXX,MEX,NGS,2040,46.9625,7.1675,39.795,0.45,plan_grounded,grounded,666.4542,COMMITTED,CALIBRATED - pending PI sign-off,2025.0
OPT,PWRNGSMEXXX,MEX,NGS,2041,46.9625,7.1675,39.795,0.45,plan_grounded,grounded,666.4542,COMMITTED,CALIBRATED - pending PI sign-off,2025.0
OPT,PWRNGSMEXXX,MEX,NGS,2042,46.9625,7.1675,39.795,0.45,plan_grounded,grounded,666.4542,COMMITTED,CALIBRATED - pending PI sign-off,2025.0
OPT,PWRNGSMEXXX,MEX,NGS,2043,46.9625,7.1675,39.795,0.45,plan_grounded,grounded,666.4542,COMMITTED,CALIBRATED - pending PI sign-off,2025.0
OPT,PWRNGSMEXXX,MEX,NGS,2044,46.9625,7.1675,39.795,0.45,plan_grounded,grounded,666.4542,COMMITTED,CALIBRATED - pending PI sign-off,2025.0
OPT,PWRNGSMEXXX,MEX,NGS,2045,46.9625,7.1675,39.795,0.45,plan_grounded,grounded,666.4542,COMMITTED,CALIBRATED - pending PI sign-off,2025.0
OPT,PWRNGSMEXXX,MEX,NGS,2046,46.9625,7.1675,39.795,0.45,plan_grounded,grounded,666.4542,COMMITTED,CALIBRATED - pending PI sign-off,2025.0
OPT,PWRNGSMEXXX,MEX,NGS,2047,46.9625,7.1675,39.795,0.45,plan_grounded,grounded,666.4542,COMMITTED,CALIBRATED - pending PI sign-off,2025.0
OPT,PWRNGSMEXXX,MEX,NGS,2048,46.9625,7.1675,39.795,0.45,plan_grounded,grounded,666.4542,COMMITTED,CALIBRATED - pending PI sign-off,2025.0
OPT,PWRNGSMEXXX,MEX,NGS,2049,46.9625,7.1675,39.795,0.45,plan_grounded,grounded,666.4542,COMMITTED,CALIBRATED - pending PI sign-off,2025.0
OPT,PWRNGSMEXXX,MEX,NGS,2050,46.9625,7.1675,39.795,0.45,plan_grounded,grounded,666.4542,COMMITTED,CALIBRATED - pending PI sign-off,2025.0
OPT,PWRNGSPANXX,PAN,NGS,2027,0.381,0.0,0.381,0.35,plan_grounded,grounded,4.2053,COMMITTED,CALIBRATED - pending PI sign-off,2028.0
OPT,PWRNGSPANXX,PAN,NGS,2028,0.631,0.25,0.381,0.35,plan_grounded,grounded,6.9647,COMMITTED,CALIBRATED - pending PI sign-off,2028.0
OPT,PWRNGSPANXX,PAN,NGS,2029,0.631,0.25,0.381,0.35,plan_grounded,grounded,6.9647,COMMITTED,CALIBRATED - pending PI sign-off,2028.0
OPT,PWRNGSPANXX,PAN,NGS,2030,0.631,0.25,0.381,0.35,plan_grounded,grounded,6.9647,COMMITTED,CALIBRATED - pending PI sign-off,2028.0
OPT,PWRNGSPANXX,PAN,NGS,2031,0.631,0.25,0.381,0.35,plan_grounded,grounded,6.9647,COMMITTED,CALIBRATED - pending PI sign-off,2028.0
OPT,PWRNGSPANXX,PAN,NGS,2032,0.941,0.56,0.381,0.35,plan_grounded,grounded,10.3864,COMMITTED,CALIBRATED - pending PI sign-off,2028.0
OPT,PWRNGSPANXX,PAN,NGS,2033,0.941,0.56,0.381,0.35,plan_grounded,grounded,10.3864,COMMITTED,CALIBRATED - pending PI sign-off,2028.0
OPT,PWRNGSPANXX,PAN,NGS,2034,1.191,0.81,0.381,0.35,plan_grounded,grounded,13.1458,COMMITTED,CALIBRATED - pending PI sign-off,2028.0
OPT,PWRNGSPANXX,PAN,NGS,2035,1.241,0.86,0.381,0.35,plan_grounded,grounded,13.6977,COMMITTED,CALIBRATED - pending PI sign-off,2028.0
OPT,PWRNGSPANXX,PAN,NGS,2036,1.241,0.86,0.381,0.35,plan_grounded,grounded,13.6977,COMMITTED,CALIBRATED - pending PI sign-off,2028.0
OPT,PWRNGSPANXX,PAN,NGS,2037,1.241,0.86,0.381,0.35,plan_grounded,grounded,13.6977,COMMITTED,CALIBRATED - pending PI sign-off,2028.0
OPT,PWRNGSPANXX,PAN,NGS,2038,1.241,0.86,0.381,0.35,plan_grounded,grounded,13.6977,COMMITTED,CALIBRATED - pending PI sign-off,2028.0
OPT,PWRNGSPANXX,PAN,NGS,2039,1.241,0.86,0.381,0.35,plan_grounded,grounded,13.6977,COMMITTED,CALIBRATED - pending PI sign-off,2028.0
OPT,PWRNGSPANXX,PAN,NGS,2040,1.241,0.86,0.381,0.35,plan_grounded,grounded,13.6977,COMMITTED,CALIBRATED - pending PI sign-off,2028.0
OPT,PWRNGSPANXX,PAN,NGS,2041,1.241,0.86,0.381,0.35,plan_grounded,grounded,13.6977,COMMITTED,CALIBRATED - pending PI sign-off,2028.0
OPT,PWRNGSPANXX,PAN,NGS,2042,1.241,0.86,0.381,0.35,plan_grounded,grounded,13.6977,COMMITTED,CALIBRATED - pending PI sign-off,2028.0
OPT,PWRNGSPANXX,PAN,NGS,2043,1.241,0.86,0.381,0.35,plan_grounded,grounded,13.6977,COMMITTED,CALIBRATED - pending PI sign-off,2028.0
OPT,PWRNGSPANXX,PAN,NGS,2044,1.241,0.86,0.381,0.35,plan_grounded,grounded,13.6977,COMMITTED,CALIBRATED - pending PI sign-off,2028.0
OPT,PWRNGSPANXX,PAN,NGS,2045,1.241,0.86,0.381,0.35,plan_grounded,grounded,13.6977,COMMITTED,CALIBRATED - pending PI sign-off,2028.0
OPT,PWRNGSPANXX,PAN,NGS,2046,1.241,0.86,0.381,0.35,plan_grounded,grounded,13.6977,COMMITTED,CALIBRATED - pending PI sign-off,2028.0
OPT,PWRNGSPANXX,PAN,NGS,2047,1.241,0.86,0.381,0.35,plan_grounded,grounded,13.6977,COMMITTED,CALIBRATED - pending PI sign-off,2028.0
OPT,PWRNGSPANXX,PAN,NGS,2048,1.241,0.86,0.381,0.35,plan_grounded,grounded,13.6977,COMMITTED,CALIBRATED - pending PI sign-off,2028.0
OPT,PWRNGSPANXX,PAN,NGS,2049,1.241,0.86,0.381,0.35,plan_grounded,grounded,13.6977,COMMITTED,CALIBRATED - pending PI sign-off,2028.0
OPT,PWRNGSPANXX,PAN,NGS,2050,1.241,0.86,0.381,0.35,plan_grounded,grounded,13.6977,COMMITTED,CALIBRATED - pending PI sign-off,2028.0
OPT,PWRNGSPERXX,PER,NGS,2027,5.1548,0.0,5.1548,0.2779,plan_grounded,proxy,45.1759,COMMITTED,CALIBRATED - pending PI sign-off,2031.0
OPT,PWRNGSPERXX,PER,NGS,2028,5.1548,0.0,5.1548,0.2779,plan_grounded,proxy,45.1759,COMMITTED,CALIBRATED - pending PI sign-off,2031.0
OPT,PWRNGSPERXX,PER,NGS,2029,5.1548,0.0,5.1548,0.2779,plan_grounded,proxy,45.1759,COMMITTED,CALIBRATED - pending PI sign-off,2031.0
OPT,PWRNGSPERXX,PER,NGS,2030,5.1548,0.0,5.1548,0.2779,plan_grounded,proxy,45.1759,COMMITTED,CALIBRATED - pending PI sign-off,2031.0
OPT,PWRNGSPERXX,PER,NGS,2031,6.5798,1.425,5.1548,0.2779,plan_grounded,proxy,57.6644,COMMITTED,CALIBRATED - pending PI sign-off,2031.0
OPT,PWRNGSPERXX,PER,NGS,2032,6.5798,1.425,5.1548,0.2779,plan_grounded,proxy,57.6644,COMMITTED,CALIBRATED - pending PI sign-off,2031.0
OPT,PWRNGSPERXX,PER,NGS,2033,6.5798,1.425,5.1548,0.2779,plan_grounded,proxy,57.6644,COMMITTED,CALIBRATED - pending PI sign-off,2031.0
OPT,PWRNGSPERXX,PER,NGS,2034,6.5798,1.425,5.1548,0.2779,plan_grounded,proxy,57.6644,COMMITTED,CALIBRATED - pending PI sign-off,2031.0
OPT,PWRNGSPERXX,PER,NGS,2035,6.5798,1.425,5.1548,0.2779,plan_grounded,proxy,57.6644,COMMITTED,CALIBRATED - pending PI sign-off,2031.0
OPT,PWRNGSPERXX,PER,NGS,2036,6.5798,1.425,5.1548,0.2779,plan_grounded,proxy,57.6644,COMMITTED,CALIBRATED - pending PI sign-off,2031.0
OPT,PWRNGSPERXX,PER,NGS,2037,6.5798,1.425,5.1548,0.2779,plan_grounded,proxy,57.6644,COMMITTED,CALIBRATED - pending PI sign-off,2031.0
OPT,PWRNGSPERXX,PER,NGS,2038,6.5798,1.425,5.1548,0.2779,plan_grounded,proxy,57.6644,COMMITTED,CALIBRATED - pending PI sign-off,2031.0
OPT,PWRNGSPERXX,PER,NGS,2039,6.5798,1.425,5.1548,0.2779,plan_grounded,proxy,57.6644,COMMITTED,CALIBRATED - pending PI sign-off,2031.0
OPT,PWRNGSPERXX,PER,NGS,2040,6.5798,1.425,5.1548,0.2779,plan_grounded,proxy,57.6644,COMMITTED,CALIBRATED - pending PI sign-off,2031.0
OPT,PWRNGSPERXX,PER,NGS,2041,6.5798,1.425,5.1548,0.2779,plan_grounded,proxy,57.6644,COMMITTED,CALIBRATED - pending PI sign-off,2031.0
OPT,PWRNGSPERXX,PER,NGS,2042,6.5798,1.425,5.1548,0.2779,plan_grounded,proxy,57.6644,COMMITTED,CALIBRATED - pending PI sign-off,2031.0
OPT,PWRNGSPERXX,PER,NGS,2043,6.5798,1.425,5.1548,0.2779,plan_grounded,proxy,57.6644,COMMITTED,CALIBRATED - pending PI sign-off,2031.0
OPT,PWRNGSPERXX,PER,NGS,2044,6.5798,1.425,5.1548,0.2779,plan_grounded,proxy,57.6644,COMMITTED,CALIBRATED - pending PI sign-off,2031.0
OPT,PWRNGSPERXX,PER,NGS,2045,6.5798,1.425,5.1548,0.2779,plan_grounded,proxy,57.6644,COMMITTED,CALIBRATED - pending PI sign-off,2031.0
OPT,PWRNGSPERXX,PER,NGS,2046,6.5798,1.425,5.1548,0.2779,plan_grounded,proxy,57.6644,COMMITTED,CALIBRATED - pending PI sign-off,2031.0
OPT,PWRNGSPERXX,PER,NGS,2047,6.5798,1.425,5.1548,0.2779,plan_grounded,proxy,57.6644,COMMITTED,CALIBRATED - pending PI sign-off,2031.0
OPT,PWRNGSPERXX,PER,NGS,2048,6.5798,1.425,5.1548,0.2779,plan_grounded,proxy,57.6644,COMMITTED,CALIBRATED - pending PI sign-off,2031.0
OPT,PWRNGSPERXX,PER,NGS,2049,6.5798,1.425,5.1548,0.2779,plan_grounded,proxy,57.6644,COMMITTED,CALIBRATED - pending PI sign-off,2031.0
OPT,PWRNGSPERXX,PER,NGS,2050,6.5798,1.425,5.1548,0.2779,plan_grounded,proxy,57.6644,COMMITTED,CALIBRATED - pending PI sign-off,2031.0
OPT,PWRNGSSLVXX,SLV,NGS,2027,0.3877,0.0,0.3877,0.15,plan_grounded,grounded,1.834,COMMITTED,CALIBRATED - pending PI sign-off,2030.0
OPT,PWRNGSSLVXX,SLV,NGS,2028,0.3877,0.0,0.3877,0.15,plan_grounded,grounded,1.834,COMMITTED,CALIBRATED - pending PI sign-off,2030.0
OPT,PWRNGSSLVXX,SLV,NGS,2029,0.3877,0.0,0.3877,0.15,plan_grounded,grounded,1.834,COMMITTED,CALIBRATED - pending PI sign-off,2030.0
OPT,PWRNGSSLVXX,SLV,NGS,2030,0.4877,0.1,0.3877,0.15,plan_grounded,grounded,2.307,COMMITTED,CALIBRATED - pending PI sign-off,2030.0
OPT,PWRNGSSLVXX,SLV,NGS,2031,0.4877,0.1,0.3877,0.15,plan_grounded,grounded,2.307,COMMITTED,CALIBRATED - pending PI sign-off,2030.0
OPT,PWRNGSSLVXX,SLV,NGS,2032,0.7877,0.4,0.3877,0.15,plan_grounded,grounded,3.7261,COMMITTED,CALIBRATED - pending PI sign-off,2030.0
OPT,PWRNGSSLVXX,SLV,NGS,2033,0.7877,0.4,0.3877,0.15,plan_grounded,grounded,3.7261,COMMITTED,CALIBRATED - pending PI sign-off,2030.0
OPT,PWRNGSSLVXX,SLV,NGS,2034,0.7877,0.4,0.3877,0.15,plan_grounded,grounded,3.7261,COMMITTED,CALIBRATED - pending PI sign-off,2030.0
OPT,PWRNGSSLVXX,SLV,NGS,2035,1.1377,0.75,0.3877,0.15,plan_grounded,grounded,5.3818,COMMITTED,CALIBRATED - pending PI sign-off,2030.0
OPT,PWRNGSSLVXX,SLV,NGS,2036,1.1377,0.75,0.3877,0.15,plan_grounded,grounded,5.3818,COMMITTED,CALIBRATED - pending PI sign-off,2030.0
OPT,PWRNGSSLVXX,SLV,NGS,2037,1.1377,0.75,0.3877,0.15,plan_grounded,grounded,5.3818,COMMITTED,CALIBRATED - pending PI sign-off,2030.0
OPT,PWRNGSSLVXX,SLV,NGS,2038,1.1377,0.75,0.3877,0.15,plan_grounded,grounded,5.3818,COMMITTED,CALIBRATED - pending PI sign-off,2030.0
OPT,PWRNGSSLVXX,SLV,NGS,2039,1.1377,0.75,0.3877,0.15,plan_grounded,grounded,5.3818,COMMITTED,CALIBRATED - pending PI sign-off,2030.0
OPT,PWRNGSSLVXX,SLV,NGS,2040,1.1377,0.75,0.3877,0.15,plan_grounded,grounded,5.3818,COMMITTED,CALIBRATED - pending PI sign-off,2030.0
OPT,PWRNGSSLVXX,SLV,NGS,2041,1.1377,0.75,0.3877,0.15,plan_grounded,grounded,5.3818,COMMITTED,CALIBRATED - pending PI sign-off,2030.0
OPT,PWRNGSSLVXX,SLV,NGS,2042,1.1377,0.75,0.3877,0.15,plan_grounded,grounded,5.3818,COMMITTED,CALIBRATED - pending PI sign-off,2030.0
OPT,PWRNGSSLVXX,SLV,NGS,2043,1.1377,0.75,0.3877,0.15,plan_grounded,grounded,5.3818,COMMITTED,CALIBRATED - pending PI sign-off,2030.0
OPT,PWRNGSSLVXX,SLV,NGS,2044,1.1377,0.75,0.3877,0.15,plan_grounded,grounded,5.3818,COMMITTED,CALIBRATED - pending PI sign-off,2030.0
OPT,PWRNGSSLVXX,SLV,NGS,2045,1.1377,0.75,0.3877,0.15,plan_grounded,grounded,5.3818,COMMITTED,CALIBRATED - pending PI sign-off,2030.0
OPT,PWRNGSSLVXX,SLV,NGS,2046,1.1377,0.75,0.3877,0.15,plan_grounded,grounded,5.3818,COMMITTED,CALIBRATED - pending PI sign-off,2030.0
OPT,PWRNGSSLVXX,SLV,NGS,2047,1.1377,0.75,0.3877,0.15,plan_grounded,grounded,5.3818,COMMITTED,CALIBRATED - pending PI sign-off,2030.0
OPT,PWRNGSSLVXX,SLV,NGS,2048,1.1377,0.75,0.3877,0.15,plan_grounded,grounded,5.3818,COMMITTED,CALIBRATED - pending PI sign-off,2030.0
OPT,PWRNGSSLVXX,SLV,NGS,2049,1.1377,0.75,0.3877,0.15,plan_grounded,grounded,5.3818,COMMITTED,CALIBRATED - pending PI sign-off,2030.0
OPT,PWRNGSSLVXX,SLV,NGS,2050,1.1377,0.75,0.3877,0.15,plan_grounded,grounded,5.3818,COMMITTED,CALIBRATED - pending PI sign-off,2030.0
OPT,PWROILBRBXX,BRB,OIL,2027,0.2186,0.0,0.2186,0.53,historical_implied,historical,3.6539,COMMITTED,CALIBRATED - pending PI sign-off,
OPT,PWROILBRBXX,BRB,OIL,2028,0.2186,0.0,0.2186,0.53,historical_implied,historical,3.6539,COMMITTED,CALIBRATED - pending PI sign-off,
OPT,PWROILBRBXX,BRB,OIL,2029,0.2186,0.0,0.2186,0.53,historical_implied,historical,3.6539,COMMITTED,CALIBRATED - pending PI sign-off,
OPT,PWROILBRBXX,BRB,OIL,2030,0.2186,0.0,0.2186,0.53,historical_implied,historical,3.6539,COMMITTED,CALIBRATED - pending PI sign-off,
OPT,PWROILBRBXX,BRB,OIL,2031,0.2186,0.0,0.2186,0.53,historical_implied,historical,3.6539,COMMITTED,CALIBRATED - pending PI sign-off,
OPT,PWROILBRBXX,BRB,OIL,2032,0.2186,0.0,0.2186,0.53,historical_implied,historical,3.6539,COMMITTED,CALIBRATED - pending PI sign-off,
OPT,PWROILBRBXX,BRB,OIL,2033,0.2186,0.0,0.2186,0.53,historical_implied,historical,3.6539,COMMITTED,CALIBRATED - pending PI sign-off,
OPT,PWROILBRBXX,BRB,OIL,2034,0.2186,0.0,0.2186,0.53,historical_implied,historical,3.6539,COMMITTED,CALIBRATED - pending PI sign-off,
OPT,PWROILBRBXX,BRB,OIL,2035,0.2186,0.0,0.2186,0.53,historical_implied,historical,3.6539,COMMITTED,CALIBRATED - pending PI sign-off,
OPT,PWROILBRBXX,BRB,OIL,2036,0.2186,0.0,0.2186,0.53,historical_implied,historical,3.6539,COMMITTED,CALIBRATED - pending PI sign-off,
OPT,PWROILBRBXX,BRB,OIL,2037,0.2186,0.0,0.2186,0.53,historical_implied,historical,3.6539,COMMITTED,CALIBRATED - pending PI sign-off,
OPT,PWROILBRBXX,BRB,OIL,2038,0.2186,0.0,0.2186,0.53,historical_implied,historical,3.6539,COMMITTED,CALIBRATED - pending PI sign-off,
OPT,PWROILBRBXX,BRB,OIL,2039,0.2186,0.0,0.2186,0.53,historical_implied,historical,3.6539,COMMITTED,CALIBRATED - pending PI sign-off,
OPT,PWROILBRBXX,BRB,OIL,2040,0.2186,0.0,0.2186,0.53,historical_implied,historical,3.6539,COMMITTED,CALIBRATED - pending PI sign-off,
OPT,PWROILBRBXX,BRB,OIL,2041,0.2186,0.0,0.2186,0.53,historical_implied,historical,3.6539,COMMITTED,CALIBRATED - pending PI sign-off,
OPT,PWROILBRBXX,BRB,OIL,2042,0.2186,0.0,0.2186,0.53,historical_implied,historical,3.6539,COMMITTED,CALIBRATED - pending PI sign-off,
OPT,PWROILBRBXX,BRB,OIL,2043,0.2186,0.0,0.2186,0.53,historical_implied,historical,3.6539,COMMITTED,CALIBRATED - pending PI sign-off,
OPT,PWROILBRBXX,BRB,OIL,2044,0.2186,0.0,0.2186,0.53,historical_implied,historical,3.6539,COMMITTED,CALIBRATED - pending PI sign-off,
OPT,PWROILBRBXX,BRB,OIL,2045,0.2186,0.0,0.2186,0.53,historical_implied,historical,3.6539,COMMITTED,CALIBRATED - pending PI sign-off,
OPT,PWROILBRBXX,BRB,OIL,2046,0.252,0.0,0.252,0.53,historical_implied,historical,4.2122,COMMITTED,CALIBRATED - pending PI sign-off,
OPT,PWROILBRBXX,BRB,OIL,2047,0.252,0.0,0.252,0.53,historical_implied,historical,4.2122,COMMITTED,CALIBRATED - pending PI sign-off,
OPT,PWROILBRBXX,BRB,OIL,2048,0.252,0.0,0.252,0.53,historical_implied,historical,4.2122,COMMITTED,CALIBRATED - pending PI sign-off,
OPT,PWROILBRBXX,BRB,OIL,2049,0.252,0.0,0.252,0.53,historical_implied,historical,4.2122,COMMITTED,CALIBRATED - pending PI sign-off,
OPT,PWROILBRBXX,BRB,OIL,2050,0.252,0.0,0.252,0.53,historical_implied,historical,4.2122,COMMITTED,CALIBRATED - pending PI sign-off,
OPT,PWROILCHLXX,CHL,OIL,2046,2.125,0.0,2.125,0.03,plan_grounded,proxy,2.0104,COMMITTED,CALIBRATED - pending PI sign-off,
OPT,PWROILCHLXX,CHL,OIL,2047,2.125,0.0,2.125,0.03,plan_grounded,proxy,2.0104,COMMITTED,CALIBRATED - pending PI sign-off,
OPT,PWROILCHLXX,CHL,OIL,2048,2.125,0.0,2.125,0.03,plan_grounded,proxy,2.0104,COMMITTED,CALIBRATED - pending PI sign-off,
OPT,PWROILCHLXX,CHL,OIL,2049,2.125,0.0,2.125,0.03,plan_grounded,proxy,2.0104,COMMITTED,CALIBRATED - pending PI sign-off,
OPT,PWROILCHLXX,CHL,OIL,2050,2.125,0.0,2.125,0.03,plan_grounded,proxy,2.0104,COMMITTED,CALIBRATED - pending PI sign-off,
OPT,PWROILCOLXX,COL,OIL,2046,0.6877,0.0,0.6877,0.0883,fuel_fallback,proxy,1.915,COMMITTED,CALIBRATED - pending PI sign-off,
OPT,PWROILCOLXX,COL,OIL,2047,0.6877,0.0,0.6877,0.0883,fuel_fallback,proxy,1.915,COMMITTED,CALIBRATED - pending PI sign-off,
OPT,PWROILCOLXX,COL,OIL,2048,0.6877,0.0,0.6877,0.0883,fuel_fallback,proxy,1.915,COMMITTED,CALIBRATED - pending PI sign-off,
OPT,PWROILCOLXX,COL,OIL,2049,0.6877,0.0,0.6877,0.0883,fuel_fallback,proxy,1.915,COMMITTED,CALIBRATED - pending PI sign-off,
OPT,PWROILCOLXX,COL,OIL,2050,0.6877,0.0,0.6877,0.0883,fuel_fallback,proxy,1.915,COMMITTED,CALIBRATED - pending PI sign-off,
OPT,PWROILCRIXX,CRI,OIL,2028,0.75,0.75,0.0,0.03,plan_grounded,grounded,0.7096,COMMITTED,CALIBRATED - pending PI sign-off,2028.0
OPT,PWROILCRIXX,CRI,OIL,2029,0.75,0.75,0.0,0.03,plan_grounded,grounded,0.7096,COMMITTED,CALIBRATED - pending PI sign-off,2028.0
OPT,PWROILCRIXX,CRI,OIL,2030,0.75,0.75,0.0,0.03,plan_grounded,grounded,0.7096,COMMITTED,CALIBRATED - pending PI sign-off,2028.0
OPT,PWROILCRIXX,CRI,OIL,2031,0.75,0.75,0.0,0.03,plan_grounded,grounded,0.7096,COMMITTED,CALIBRATED - pending PI sign-off,2028.0
OPT,PWROILCRIXX,CRI,OIL,2032,0.75,0.75,0.0,0.03,plan_grounded,grounded,0.7096,COMMITTED,CALIBRATED - pending PI sign-off,2028.0
OPT,PWROILCRIXX,CRI,OIL,2033,0.75,0.75,0.0,0.03,plan_grounded,grounded,0.7096,COMMITTED,CALIBRATED - pending PI sign-off,2028.0
OPT,PWROILCRIXX,CRI,OIL,2034,0.75,0.75,0.0,0.03,plan_grounded,grounded,0.7096,COMMITTED,CALIBRATED - pending PI sign-off,2028.0
OPT,PWROILCRIXX,CRI,OIL,2035,0.75,0.75,0.0,0.03,plan_grounded,grounded,0.7096,COMMITTED,CALIBRATED - pending PI sign-off,2028.0
OPT,PWROILCRIXX,CRI,OIL,2036,0.75,0.75,0.0,0.03,plan_grounded,grounded,0.7096,COMMITTED,CALIBRATED - pending PI sign-off,2028.0
OPT,PWROILCRIXX,CRI,OIL,2037,0.75,0.75,0.0,0.03,plan_grounded,grounded,0.7096,COMMITTED,CALIBRATED - pending PI sign-off,2028.0
OPT,PWROILCRIXX,CRI,OIL,2038,0.75,0.75,0.0,0.03,plan_grounded,grounded,0.7096,COMMITTED,CALIBRATED - pending PI sign-off,2028.0
OPT,PWROILCRIXX,CRI,OIL,2039,0.75,0.75,0.0,0.03,plan_grounded,grounded,0.7096,COMMITTED,CALIBRATED - pending PI sign-off,2028.0
OPT,PWROILCRIXX,CRI,OIL,2040,0.75,0.75,0.0,0.03,plan_grounded,grounded,0.7096,COMMITTED,CALIBRATED - pending PI sign-off,2028.0
OPT,PWROILCRIXX,CRI,OIL,2041,0.75,0.75,0.0,0.03,plan_grounded,grounded,0.7096,COMMITTED,CALIBRATED - pending PI sign-off,2028.0
OPT,PWROILCRIXX,CRI,OIL,2042,0.75,0.75,0.0,0.03,plan_grounded,grounded,0.7096,COMMITTED,CALIBRATED - pending PI sign-off,2028.0
OPT,PWROILCRIXX,CRI,OIL,2043,0.75,0.75,0.0,0.03,plan_grounded,grounded,0.7096,COMMITTED,CALIBRATED - pending PI sign-off,2028.0
OPT,PWROILCRIXX,CRI,OIL,2044,0.75,0.75,0.0,0.03,plan_grounded,grounded,0.7096,COMMITTED,CALIBRATED - pending PI sign-off,2028.0
OPT,PWROILCRIXX,CRI,OIL,2045,0.75,0.75,0.0,0.03,plan_grounded,grounded,0.7096,COMMITTED,CALIBRATED - pending PI sign-off,2028.0
OPT,PWROILCRIXX,CRI,OIL,2046,1.1292,0.75,0.3792,0.03,plan_grounded,grounded,1.0683,COMMITTED,CALIBRATED - pending PI sign-off,2028.0
OPT,PWROILCRIXX,CRI,OIL,2047,1.1292,0.75,0.3792,0.03,plan_grounded,grounded,1.0683,COMMITTED,CALIBRATED - pending PI sign-off,2028.0
OPT,PWROILCRIXX,CRI,OIL,2048,1.1292,0.75,0.3792,0.03,plan_grounded,grounded,1.0683,COMMITTED,CALIBRATED - pending PI sign-off,2028.0
OPT,PWROILCRIXX,CRI,OIL,2049,1.1292,0.75,0.3792,0.03,plan_grounded,grounded,1.0683,COMMITTED,CALIBRATED - pending PI sign-off,2028.0
OPT,PWROILCRIXX,CRI,OIL,2050,1.1292,0.75,0.3792,0.03,plan_grounded,grounded,1.0683,COMMITTED,CALIBRATED - pending PI sign-off,2028.0
OPT,PWROILDOMXX,DOM,OIL,2046,0.5446,0.0,0.5446,0.35,plan_grounded,grounded,6.0111,COMMITTED,CALIBRATED - pending PI sign-off,
OPT,PWROILDOMXX,DOM,OIL,2047,0.5446,0.0,0.5446,0.35,plan_grounded,grounded,6.0111,COMMITTED,CALIBRATED - pending PI sign-off,
OPT,PWROILDOMXX,DOM,OIL,2048,0.5446,0.0,0.5446,0.35,plan_grounded,grounded,6.0111,COMMITTED,CALIBRATED - pending PI sign-off,
OPT,PWROILDOMXX,DOM,OIL,2049,0.5446,0.0,0.5446,0.35,plan_grounded,grounded,6.0111,COMMITTED,CALIBRATED - pending PI sign-off,
OPT,PWROILDOMXX,DOM,OIL,2050,0.5446,0.0,0.5446,0.35,plan_grounded,grounded,6.0111,COMMITTED,CALIBRATED - pending PI sign-off,
OPT,PWROILECUXX,ECU,OIL,2027,1.2524,0.0,1.2524,0.437,plan_grounded,grounded,17.2596,COMMITTED,CALIBRATED - pending PI sign-off,
OPT,PWROILECUXX,ECU,OIL,2028,1.2524,0.0,1.2524,0.437,plan_grounded,grounded,17.2596,COMMITTED,CALIBRATED - pending PI sign-off,
OPT,PWROILECUXX,ECU,OIL,2029,1.2524,0.0,1.2524,0.437,plan_grounded,grounded,17.2596,COMMITTED,CALIBRATED - pending PI sign-off,
OPT,PWROILECUXX,ECU,OIL,2030,1.2524,0.0,1.2524,0.437,plan_grounded,grounded,17.2596,COMMITTED,CALIBRATED - pending PI sign-off,
OPT,PWROILECUXX,ECU,OIL,2031,1.2524,0.0,1.2524,0.437,plan_grounded,grounded,17.2596,COMMITTED,CALIBRATED - pending PI sign-off,
OPT,PWROILECUXX,ECU,OIL,2032,1.2524,0.0,1.2524,0.437,plan_grounded,grounded,17.2596,COMMITTED,CALIBRATED - pending PI sign-off,
OPT,PWROILECUXX,ECU,OIL,2033,1.2524,0.0,1.2524,0.437,plan_grounded,grounded,17.2596,COMMITTED,CALIBRATED - pending PI sign-off,
OPT,PWROILECUXX,ECU,OIL,2034,1.2524,0.0,1.2524,0.437,plan_grounded,grounded,17.2596,COMMITTED,CALIBRATED - pending PI sign-off,
OPT,PWROILECUXX,ECU,OIL,2035,1.2524,0.0,1.2524,0.437,plan_grounded,grounded,17.2596,COMMITTED,CALIBRATED - pending PI sign-off,
OPT,PWROILECUXX,ECU,OIL,2036,1.2524,0.0,1.2524,0.437,plan_grounded,grounded,17.2596,COMMITTED,CALIBRATED - pending PI sign-off,
OPT,PWROILECUXX,ECU,OIL,2037,1.2524,0.0,1.2524,0.437,plan_grounded,grounded,17.2596,COMMITTED,CALIBRATED - pending PI sign-off,
OPT,PWROILECUXX,ECU,OIL,2038,1.2524,0.0,1.2524,0.437,plan_grounded,grounded,17.2596,COMMITTED,CALIBRATED - pending PI sign-off,
OPT,PWROILECUXX,ECU,OIL,2039,1.2524,0.0,1.2524,0.437,plan_grounded,grounded,17.2596,COMMITTED,CALIBRATED - pending PI sign-off,
OPT,PWROILECUXX,ECU,OIL,2040,1.2524,0.0,1.2524,0.437,plan_grounded,grounded,17.2596,COMMITTED,CALIBRATED - pending PI sign-off,
OPT,PWROILECUXX,ECU,OIL,2041,1.2524,0.0,1.2524,0.437,plan_grounded,grounded,17.2596,COMMITTED,CALIBRATED - pending PI sign-off,
OPT,PWROILECUXX,ECU,OIL,2042,1.2524,0.0,1.2524,0.437,plan_grounded,grounded,17.2596,COMMITTED,CALIBRATED - pending PI sign-off,
OPT,PWROILECUXX,ECU,OIL,2043,1.2524,0.0,1.2524,0.437,plan_grounded,grounded,17.2596,COMMITTED,CALIBRATED - pending PI sign-off,
OPT,PWROILECUXX,ECU,OIL,2044,1.2524,0.0,1.2524,0.437,plan_grounded,grounded,17.2596,COMMITTED,CALIBRATED - pending PI sign-off,
OPT,PWROILECUXX,ECU,OIL,2046,1.0686,0.0,1.0686,0.437,plan_grounded,grounded,14.7266,COMMITTED,CALIBRATED - pending PI sign-off,
OPT,PWROILECUXX,ECU,OIL,2047,1.0686,0.0,1.0686,0.437,plan_grounded,grounded,14.7266,COMMITTED,CALIBRATED - pending PI sign-off,
OPT,PWROILECUXX,ECU,OIL,2048,1.0686,0.0,1.0686,0.437,plan_grounded,grounded,14.7266,COMMITTED,CALIBRATED - pending PI sign-off,
OPT,PWROILECUXX,ECU,OIL,2049,1.0686,0.0,1.0686,0.437,plan_grounded,grounded,14.7266,COMMITTED,CALIBRATED - pending PI sign-off,
OPT,PWROILECUXX,ECU,OIL,2050,1.0686,0.0,1.0686,0.437,plan_grounded,grounded,14.7266,COMMITTED,CALIBRATED - pending PI sign-off,
OPT,PWROILGTMXX,GTM,OIL,2027,0.5137,0.0,0.5137,0.08,plan_grounded,grounded,1.296,COMMITTED,CALIBRATED - pending PI sign-off,
OPT,PWROILGTMXX,GTM,OIL,2028,0.5137,0.0,0.5137,0.08,plan_grounded,grounded,1.296,COMMITTED,CALIBRATED - pending PI sign-off,
OPT,PWROILGTMXX,GTM,OIL,2029,0.4986,0.0,0.4986,0.08,plan_grounded,grounded,1.2579,COMMITTED,CALIBRATED - pending PI sign-off,
OPT,PWROILGTMXX,GTM,OIL,2030,0.4986,0.0,0.4986,0.08,plan_grounded,grounded,1.2579,COMMITTED,CALIBRATED - pending PI sign-off,
OPT,PWROILGTMXX,GTM,OIL,2031,0.4739,0.0,0.4739,0.08,plan_grounded,grounded,1.1956,COMMITTED,CALIBRATED - pending PI sign-off,
OPT,PWROILGTMXX,GTM,OIL,2032,0.4739,0.0,0.4739,0.08,plan_grounded,grounded,1.1956,COMMITTED,CALIBRATED - pending PI sign-off,
OPT,PWROILGTMXX,GTM,OIL,2033,0.4739,0.0,0.4739,0.08,plan_grounded,grounded,1.1956,COMMITTED,CALIBRATED - pending PI sign-off,
OPT,PWROILGTMXX,GTM,OIL,2034,0.456,0.0,0.456,0.08,plan_grounded,grounded,1.1504,COMMITTED,CALIBRATED - pending PI sign-off,
OPT,PWROILGTMXX,GTM,OIL,2035,0.456,0.0,0.456,0.08,plan_grounded,grounded,1.1504,COMMITTED,CALIBRATED - pending PI sign-off,
OPT,PWROILGTMXX,GTM,OIL,2036,0.456,0.0,0.456,0.08,plan_grounded,grounded,1.1504,COMMITTED,CALIBRATED - pending PI sign-off,
OPT,PWROILGTMXX,GTM,OIL,2037,0.456,0.0,0.456,0.08,plan_grounded,grounded,1.1504,COMMITTED,CALIBRATED - pending PI sign-off,
OPT,PWROILGTMXX,GTM,OIL,2038,0.4321,0.0,0.4321,0.08,plan_grounded,grounded,1.0901,COMMITTED,CALIBRATED - pending PI sign-off,
OPT,PWROILGTMXX,GTM,OIL,2039,0.1597,0.0,0.1597,0.08,plan_grounded,grounded,0.4029,COMMITTED,CALIBRATED - pending PI sign-off,
OPT,PWROILGTMXX,GTM,OIL,2040,0.1597,0.0,0.1597,0.08,plan_grounded,grounded,0.4029,COMMITTED,CALIBRATED - pending PI sign-off,
OPT,PWROILGTMXX,GTM,OIL,2041,0.1597,0.0,0.1597,0.08,plan_grounded,grounded,0.4029,COMMITTED,CALIBRATED - pending PI sign-off,
OPT,PWROILGTMXX,GTM,OIL,2042,0.1597,0.0,0.1597,0.08,plan_grounded,grounded,0.4029,COMMITTED,CALIBRATED - pending PI sign-off,
OPT,PWROILGTMXX,GTM,OIL,2043,0.1597,0.0,0.1597,0.08,plan_grounded,grounded,0.4029,COMMITTED,CALIBRATED - pending PI sign-off,
OPT,PWROILGTMXX,GTM,OIL,2046,0.4003,0.0,0.4003,0.08,plan_grounded,grounded,1.0099,COMMITTED,CALIBRATED - pending PI sign-off,
OPT,PWROILGTMXX,GTM,OIL,2047,0.4003,0.0,0.4003,0.08,plan_grounded,grounded,1.0099,COMMITTED,CALIBRATED - pending PI sign-off,
OPT,PWROILGTMXX,GTM,OIL,2048,0.4003,0.0,0.4003,0.08,plan_grounded,grounded,1.0099,COMMITTED,CALIBRATED - pending PI sign-off,
OPT,PWROILGTMXX,GTM,OIL,2049,0.4003,0.0,0.4003,0.08,plan_grounded,grounded,1.0099,COMMITTED,CALIBRATED - pending PI sign-off,
OPT,PWROILGTMXX,GTM,OIL,2050,0.4003,0.0,0.4003,0.08,plan_grounded,grounded,1.0099,COMMITTED,CALIBRATED - pending PI sign-off,
OPT,PWROILHNDXX,HND,OIL,2029,0.1,0.1,0.0,0.35,plan_grounded,grounded,1.1038,COMMITTED,CALIBRATED - pending PI sign-off,2029.0
OPT,PWROILHNDXX,HND,OIL,2030,0.1,0.1,0.0,0.35,plan_grounded,grounded,1.1038,COMMITTED,CALIBRATED - pending PI sign-off,2029.0
OPT,PWROILHNDXX,HND,OIL,2031,0.2,0.2,0.0,0.35,plan_grounded,grounded,2.2075,COMMITTED,CALIBRATED - pending PI sign-off,2029.0
OPT,PWROILHNDXX,HND,OIL,2032,0.3,0.3,0.0,0.35,plan_grounded,grounded,3.3113,COMMITTED,CALIBRATED - pending PI sign-off,2029.0
OPT,PWROILHNDXX,HND,OIL,2033,0.4,0.4,0.0,0.35,plan_grounded,grounded,4.415,COMMITTED,CALIBRATED - pending PI sign-off,2029.0
OPT,PWROILHNDXX,HND,OIL,2034,0.4,0.4,0.0,0.35,plan_grounded,grounded,4.415,COMMITTED,CALIBRATED - pending PI sign-off,2029.0
OPT,PWROILHNDXX,HND,OIL,2035,0.4,0.4,0.0,0.35,plan_grounded,grounded,4.415,COMMITTED,CALIBRATED - pending PI sign-off,2029.0
OPT,PWROILHNDXX,HND,OIL,2036,0.4,0.4,0.0,0.35,plan_grounded,grounded,4.415,COMMITTED,CALIBRATED - pending PI sign-off,2029.0
OPT,PWROILHNDXX,HND,OIL,2037,0.4,0.4,0.0,0.35,plan_grounded,grounded,4.415,COMMITTED,CALIBRATED - pending PI sign-off,2029.0
OPT,PWROILHNDXX,HND,OIL,2038,0.4,0.4,0.0,0.35,plan_grounded,grounded,4.415,COMMITTED,CALIBRATED - pending PI sign-off,2029.0
OPT,PWROILHNDXX,HND,OIL,2039,0.4,0.4,0.0,0.35,plan_grounded,grounded,4.415,COMMITTED,CALIBRATED - pending PI sign-off,2029.0
OPT,PWROILHNDXX,HND,OIL,2040,0.4,0.4,0.0,0.35,plan_grounded,grounded,4.415,COMMITTED,CALIBRATED - pending PI sign-off,2029.0
OPT,PWROILHNDXX,HND,OIL,2041,0.4,0.4,0.0,0.35,plan_grounded,grounded,4.415,COMMITTED,CALIBRATED - pending PI sign-off,2029.0
OPT,PWROILHNDXX,HND,OIL,2042,0.4,0.4,0.0,0.35,plan_grounded,grounded,4.415,COMMITTED,CALIBRATED - pending PI sign-off,2029.0
OPT,PWROILHNDXX,HND,OIL,2043,0.4,0.4,0.0,0.35,plan_grounded,grounded,4.415,COMMITTED,CALIBRATED - pending PI sign-off,2029.0
OPT,PWROILHNDXX,HND,OIL,2044,0.4,0.4,0.0,0.35,plan_grounded,grounded,4.415,COMMITTED,CALIBRATED - pending PI sign-off,2029.0
OPT,PWROILHNDXX,HND,OIL,2045,0.4,0.4,0.0,0.35,plan_grounded,grounded,4.415,COMMITTED,CALIBRATED - pending PI sign-off,2029.0
OPT,PWROILHNDXX,HND,OIL,2046,0.787,0.4,0.387,0.35,plan_grounded,grounded,8.6866,COMMITTED,CALIBRATED - pending PI sign-off,2029.0
OPT,PWROILHNDXX,HND,OIL,2047,0.787,0.4,0.387,0.35,plan_grounded,grounded,8.6866,COMMITTED,CALIBRATED - pending PI sign-off,2029.0
OPT,PWROILHNDXX,HND,OIL,2048,0.787,0.4,0.387,0.35,plan_grounded,grounded,8.6866,COMMITTED,CALIBRATED - pending PI sign-off,2029.0
OPT,PWROILHNDXX,HND,OIL,2049,0.787,0.4,0.387,0.35,plan_grounded,grounded,8.6866,COMMITTED,CALIBRATED - pending PI sign-off,2029.0
OPT,PWROILHNDXX,HND,OIL,2050,0.787,0.4,0.387,0.35,plan_grounded,grounded,8.6866,COMMITTED,CALIBRATED - pending PI sign-off,2029.0
OPT,PWROILHTIXX,HTI,OIL,2027,0.4004,0.0,0.4004,0.2016,historical_implied,historical,2.5462,COMMITTED,CALIBRATED - pending PI sign-off,
OPT,PWROILHTIXX,HTI,OIL,2028,0.4004,0.0,0.4004,0.2016,historical_implied,historical,2.5462,COMMITTED,CALIBRATED - pending PI sign-off,
OPT,PWROILHTIXX,HTI,OIL,2029,0.4004,0.0,0.4004,0.2016,historical_implied,historical,2.5462,COMMITTED,CALIBRATED - pending PI sign-off,
OPT,PWROILHTIXX,HTI,OIL,2030,0.4004,0.0,0.4004,0.2016,historical_implied,historical,2.5462,COMMITTED,CALIBRATED - pending PI sign-off,
OPT,PWROILHTIXX,HTI,OIL,2031,0.4004,0.0,0.4004,0.2016,historical_implied,historical,2.5462,COMMITTED,CALIBRATED - pending PI sign-off,
OPT,PWROILHTIXX,HTI,OIL,2032,0.4004,0.0,0.4004,0.2016,historical_implied,historical,2.5462,COMMITTED,CALIBRATED - pending PI sign-off,
OPT,PWROILHTIXX,HTI,OIL,2033,0.4004,0.0,0.4004,0.2016,historical_implied,historical,2.5462,COMMITTED,CALIBRATED - pending PI sign-off,
OPT,PWROILHTIXX,HTI,OIL,2034,0.4004,0.0,0.4004,0.2016,historical_implied,historical,2.5462,COMMITTED,CALIBRATED - pending PI sign-off,
OPT,PWROILHTIXX,HTI,OIL,2035,0.4004,0.0,0.4004,0.2016,historical_implied,historical,2.5462,COMMITTED,CALIBRATED - pending PI sign-off,
OPT,PWROILHTIXX,HTI,OIL,2036,0.4004,0.0,0.4004,0.2016,historical_implied,historical,2.5462,COMMITTED,CALIBRATED - pending PI sign-off,
OPT,PWROILHTIXX,HTI,OIL,2037,0.4004,0.0,0.4004,0.2016,historical_implied,historical,2.5462,COMMITTED,CALIBRATED - pending PI sign-off,
OPT,PWROILHTIXX,HTI,OIL,2038,0.4004,0.0,0.4004,0.2016,historical_implied,historical,2.5462,COMMITTED,CALIBRATED - pending PI sign-off,
OPT,PWROILHTIXX,HTI,OIL,2039,0.4004,0.0,0.4004,0.2016,historical_implied,historical,2.5462,COMMITTED,CALIBRATED - pending PI sign-off,
OPT,PWROILHTIXX,HTI,OIL,2040,0.4004,0.0,0.4004,0.2016,historical_implied,historical,2.5462,COMMITTED,CALIBRATED - pending PI sign-off,
OPT,PWROILHTIXX,HTI,OIL,2041,0.4004,0.0,0.4004,0.2016,historical_implied,historical,2.5462,COMMITTED,CALIBRATED - pending PI sign-off,
OPT,PWROILHTIXX,HTI,OIL,2042,0.4004,0.0,0.4004,0.2016,historical_implied,historical,2.5462,COMMITTED,CALIBRATED - pending PI sign-off,
OPT,PWROILHTIXX,HTI,OIL,2043,0.4004,0.0,0.4004,0.2016,historical_implied,historical,2.5462,COMMITTED,CALIBRATED - pending PI sign-off,
OPT,PWROILHTIXX,HTI,OIL,2044,0.4004,0.0,0.4004,0.2016,historical_implied,historical,2.5462,COMMITTED,CALIBRATED - pending PI sign-off,
OPT,PWROILHTIXX,HTI,OIL,2045,0.4004,0.0,0.4004,0.2016,historical_implied,historical,2.5462,COMMITTED,CALIBRATED - pending PI sign-off,
OPT,PWROILHTIXX,HTI,OIL,2046,0.1533,0.0,0.1533,0.2016,historical_implied,historical,0.9749,COMMITTED,CALIBRATED - pending PI sign-off,
OPT,PWROILHTIXX,HTI,OIL,2047,0.1533,0.0,0.1533,0.2016,historical_implied,historical,0.9749,COMMITTED,CALIBRATED - pending PI sign-off,
OPT,PWROILHTIXX,HTI,OIL,2048,0.1533,0.0,0.1533,0.2016,historical_implied,historical,0.9749,COMMITTED,CALIBRATED - pending PI sign-off,
OPT,PWROILHTIXX,HTI,OIL,2049,0.1533,0.0,0.1533,0.2016,historical_implied,historical,0.9749,COMMITTED,CALIBRATED - pending PI sign-off,
OPT,PWROILHTIXX,HTI,OIL,2050,0.1533,0.0,0.1533,0.2016,historical_implied,historical,0.9749,COMMITTED,CALIBRATED - pending PI sign-off,
OPT,PWROILNICXX,NIC,OIL,2046,0.8829,0.0,0.8829,0.1372,plan_grounded,grounded,3.8201,COMMITTED,CALIBRATED - pending PI sign-off,
OPT,PWROILNICXX,NIC,OIL,2047,0.8829,0.0,0.8829,0.1372,plan_grounded,grounded,3.8201,COMMITTED,CALIBRATED - pending PI sign-off,
OPT,PWROILNICXX,NIC,OIL,2048,0.8829,0.0,0.8829,0.1372,plan_grounded,grounded,3.8201,COMMITTED,CALIBRATED - pending PI sign-off,
OPT,PWROILNICXX,NIC,OIL,2049,0.8829,0.0,0.8829,0.1372,plan_grounded,grounded,3.8201,COMMITTED,CALIBRATED - pending PI sign-off,
OPT,PWROILNICXX,NIC,OIL,2050,0.8829,0.0,0.8829,0.1372,plan_grounded,grounded,3.8201,COMMITTED,CALIBRATED - pending PI sign-off,
OPT,PWROILPANXX,PAN,OIL,2046,0.5008,0.0,0.5008,0.02,plan_grounded,grounded,0.3159,COMMITTED,CALIBRATED - pending PI sign-off,
OPT,PWROILPANXX,PAN,OIL,2047,0.5008,0.0,0.5008,0.02,plan_grounded,grounded,0.3159,COMMITTED,CALIBRATED - pending PI sign-off,
OPT,PWROILPANXX,PAN,OIL,2048,0.5008,0.0,0.5008,0.02,plan_grounded,grounded,0.3159,COMMITTED,CALIBRATED - pending PI sign-off,
OPT,PWROILPANXX,PAN,OIL,2049,0.5008,0.0,0.5008,0.02,plan_grounded,grounded,0.3159,COMMITTED,CALIBRATED - pending PI sign-off,
OPT,PWROILPANXX,PAN,OIL,2050,0.5008,0.0,0.5008,0.02,plan_grounded,grounded,0.3159,COMMITTED,CALIBRATED - pending PI sign-off,
OPT,PWROILPERXX,PER,OIL,2046,2.6845,0.0,2.6845,0.0883,fuel_fallback,proxy,7.4753,COMMITTED,CALIBRATED - pending PI sign-off,
OPT,PWROILPERXX,PER,OIL,2047,2.6845,0.0,2.6845,0.0883,fuel_fallback,proxy,7.4753,COMMITTED,CALIBRATED - pending PI sign-off,
OPT,PWROILPERXX,PER,OIL,2048,2.6845,0.0,2.6845,0.0883,fuel_fallback,proxy,7.4753,COMMITTED,CALIBRATED - pending PI sign-off,
OPT,PWROILPERXX,PER,OIL,2049,2.6845,0.0,2.6845,0.0883,fuel_fallback,proxy,7.4753,COMMITTED,CALIBRATED - pending PI sign-off,
OPT,PWROILPERXX,PER,OIL,2050,2.6845,0.0,2.6845,0.0883,fuel_fallback,proxy,7.4753,COMMITTED,CALIBRATED - pending PI sign-off,
OPT,PWROILSLVXX,SLV,OIL,2030,0.3,0.3,0.0,0.3,plan_grounded,grounded,2.8382,COMMITTED,CALIBRATED - pending PI sign-off,2030.0
OPT,PWROILSLVXX,SLV,OIL,2031,0.3,0.3,0.0,0.3,plan_grounded,grounded,2.8382,COMMITTED,CALIBRATED - pending PI sign-off,2030.0
OPT,PWROILSLVXX,SLV,OIL,2032,0.3,0.3,0.0,0.3,plan_grounded,grounded,2.8382,COMMITTED,CALIBRATED - pending PI sign-off,2030.0
OPT,PWROILSLVXX,SLV,OIL,2033,0.3,0.3,0.0,0.3,plan_grounded,grounded,2.8382,COMMITTED,CALIBRATED - pending PI sign-off,2030.0
OPT,PWROILSLVXX,SLV,OIL,2034,0.3,0.3,0.0,0.3,plan_grounded,grounded,2.8382,COMMITTED,CALIBRATED - pending PI sign-off,2030.0
OPT,PWROILSLVXX,SLV,OIL,2035,0.3,0.3,0.0,0.3,plan_grounded,grounded,2.8382,COMMITTED,CALIBRATED - pending PI sign-off,2030.0
OPT,PWROILSLVXX,SLV,OIL,2036,0.3,0.3,0.0,0.3,plan_grounded,grounded,2.8382,COMMITTED,CALIBRATED - pending PI sign-off,2030.0
OPT,PWROILSLVXX,SLV,OIL,2037,0.3,0.3,0.0,0.3,plan_grounded,grounded,2.8382,COMMITTED,CALIBRATED - pending PI sign-off,2030.0
OPT,PWROILSLVXX,SLV,OIL,2038,0.3,0.3,0.0,0.3,plan_grounded,grounded,2.8382,COMMITTED,CALIBRATED - pending PI sign-off,2030.0
OPT,PWROILSLVXX,SLV,OIL,2039,0.3,0.3,0.0,0.3,plan_grounded,grounded,2.8382,COMMITTED,CALIBRATED - pending PI sign-off,2030.0
OPT,PWROILSLVXX,SLV,OIL,2040,0.3,0.3,0.0,0.3,plan_grounded,grounded,2.8382,COMMITTED,CALIBRATED - pending PI sign-off,2030.0
OPT,PWROILSLVXX,SLV,OIL,2041,0.3,0.3,0.0,0.3,plan_grounded,grounded,2.8382,COMMITTED,CALIBRATED - pending PI sign-off,2030.0
OPT,PWROILSLVXX,SLV,OIL,2042,0.3,0.3,0.0,0.3,plan_grounded,grounded,2.8382,COMMITTED,CALIBRATED - pending PI sign-off,2030.0
OPT,PWROILSLVXX,SLV,OIL,2043,0.3,0.3,0.0,0.3,plan_grounded,grounded,2.8382,COMMITTED,CALIBRATED - pending PI sign-off,2030.0
OPT,PWROILSLVXX,SLV,OIL,2044,0.3,0.3,0.0,0.3,plan_grounded,grounded,2.8382,COMMITTED,CALIBRATED - pending PI sign-off,2030.0
OPT,PWROILSLVXX,SLV,OIL,2045,0.3,0.3,0.0,0.3,plan_grounded,grounded,2.8382,COMMITTED,CALIBRATED - pending PI sign-off,2030.0
OPT,PWROILSLVXX,SLV,OIL,2046,1.0717,0.3,0.7717,0.3,plan_grounded,grounded,10.1391,COMMITTED,CALIBRATED - pending PI sign-off,2030.0
OPT,PWROILSLVXX,SLV,OIL,2047,1.0717,0.3,0.7717,0.3,plan_grounded,grounded,10.1391,COMMITTED,CALIBRATED - pending PI sign-off,2030.0
OPT,PWROILSLVXX,SLV,OIL,2048,1.0717,0.3,0.7717,0.3,plan_grounded,grounded,10.1391,COMMITTED,CALIBRATED - pending PI sign-off,2030.0
OPT,PWROILSLVXX,SLV,OIL,2049,1.0717,0.3,0.7717,0.3,plan_grounded,grounded,10.1391,COMMITTED,CALIBRATED - pending PI sign-off,2030.0
OPT,PWROILSLVXX,SLV,OIL,2050,1.0717,0.3,0.7717,0.3,plan_grounded,grounded,10.1391,COMMITTED,CALIBRATED - pending PI sign-off,2030.0
OPT,PWRPETARGXX,ARG,PET,2027,5.912,0.0,5.912,0.33,plan_grounded,grounded,61.5255,COMMITTED,CALIBRATED - pending PI sign-off,
OPT,PWRPETARGXX,ARG,PET,2028,5.912,0.0,5.912,0.33,plan_grounded,grounded,61.5255,COMMITTED,CALIBRATED - pending PI sign-off,
OPT,PWRPETARGXX,ARG,PET,2029,5.912,0.0,5.912,0.33,plan_grounded,grounded,61.5255,COMMITTED,CALIBRATED - pending PI sign-off,
OPT,PWRPETARGXX,ARG,PET,2030,5.912,0.0,5.912,0.33,plan_grounded,grounded,61.5255,COMMITTED,CALIBRATED - pending PI sign-off,
OPT,PWRPETARGXX,ARG,PET,2031,5.912,0.0,5.912,0.33,plan_grounded,grounded,61.5255,COMMITTED,CALIBRATED - pending PI sign-off,
OPT,PWRPETARGXX,ARG,PET,2032,5.912,0.0,5.912,0.33,plan_grounded,grounded,61.5255,COMMITTED,CALIBRATED - pending PI sign-off,
OPT,PWRPETARGXX,ARG,PET,2033,5.912,0.0,5.912,0.33,plan_grounded,grounded,61.5255,COMMITTED,CALIBRATED - pending PI sign-off,
OPT,PWRPETARGXX,ARG,PET,2034,5.912,0.0,5.912,0.33,plan_grounded,grounded,61.5255,COMMITTED,CALIBRATED - pending PI sign-off,
OPT,PWRPETARGXX,ARG,PET,2035,5.912,0.0,5.912,0.33,plan_grounded,grounded,61.5255,COMMITTED,CALIBRATED - pending PI sign-off,
OPT,PWRPETARGXX,ARG,PET,2036,5.912,0.0,5.912,0.33,plan_grounded,grounded,61.5255,COMMITTED,CALIBRATED - pending PI sign-off,
OPT,PWRPETARGXX,ARG,PET,2037,5.912,0.0,5.912,0.33,plan_grounded,grounded,61.5255,COMMITTED,CALIBRATED - pending PI sign-off,
OPT,PWRPETARGXX,ARG,PET,2038,5.912,0.0,5.912,0.33,plan_grounded,grounded,61.5255,COMMITTED,CALIBRATED - pending PI sign-off,
OPT,PWRPETARGXX,ARG,PET,2039,5.912,0.0,5.912,0.33,plan_grounded,grounded,61.5255,COMMITTED,CALIBRATED - pending PI sign-off,
OPT,PWRPETARGXX,ARG,PET,2040,5.912,0.0,5.912,0.33,plan_grounded,grounded,61.5255,COMMITTED,CALIBRATED - pending PI sign-off,
OPT,PWRPETARGXX,ARG,PET,2041,5.912,0.0,5.912,0.33,plan_grounded,grounded,61.5255,COMMITTED,CALIBRATED - pending PI sign-off,
OPT,PWRPETARGXX,ARG,PET,2042,5.912,0.0,5.912,0.33,plan_grounded,grounded,61.5255,COMMITTED,CALIBRATED - pending PI sign-off,
OPT,PWRPETARGXX,ARG,PET,2043,5.912,0.0,5.912,0.33,plan_grounded,grounded,61.5255,COMMITTED,CALIBRATED - pending PI sign-off,
OPT,PWRPETARGXX,ARG,PET,2044,5.912,0.0,5.912,0.33,plan_grounded,grounded,61.5255,COMMITTED,CALIBRATED - pending PI sign-off,
OPT,PWRPETARGXX,ARG,PET,2045,5.912,0.0,5.912,0.33,plan_grounded,grounded,61.5255,COMMITTED,CALIBRATED - pending PI sign-off,
OPT,PWRPETBOLXX,BOL,PET,2027,0.1451,0.0,0.1451,0.1633,historical_implied,historical,0.7472,COMMITTED,CALIBRATED - pending PI sign-off,
OPT,PWRPETBOLXX,BOL,PET,2028,0.1451,0.0,0.1451,0.1633,historical_implied,historical,0.7472,COMMITTED,CALIBRATED - pending PI sign-off,
OPT,PWRPETBOLXX,BOL,PET,2029,0.1451,0.0,0.1451,0.1633,historical_implied,historical,0.7472,COMMITTED,CALIBRATED - pending PI sign-off,
OPT,PWRPETBOLXX,BOL,PET,2030,0.1451,0.0,0.1451,0.1633,historical_implied,historical,0.7472,COMMITTED,CALIBRATED - pending PI sign-off,
OPT,PWRPETBOLXX,BOL,PET,2031,0.1451,0.0,0.1451,0.1633,historical_implied,historical,0.7472,COMMITTED,CALIBRATED - pending PI sign-off,
OPT,PWRPETBOLXX,BOL,PET,2032,0.1451,0.0,0.1451,0.1633,historical_implied,historical,0.7472,COMMITTED,CALIBRATED - pending PI sign-off,
OPT,PWRPETBOLXX,BOL,PET,2033,0.1451,0.0,0.1451,0.1633,historical_implied,historical,0.7472,COMMITTED,CALIBRATED - pending PI sign-off,
OPT,PWRPETBOLXX,BOL,PET,2034,0.1451,0.0,0.1451,0.1633,historical_implied,historical,0.7472,COMMITTED,CALIBRATED - pending PI sign-off,
OPT,PWRPETBOLXX,BOL,PET,2035,0.1451,0.0,0.1451,0.1633,historical_implied,historical,0.7472,COMMITTED,CALIBRATED - pending PI sign-off,
OPT,PWRPETBOLXX,BOL,PET,2036,0.1451,0.0,0.1451,0.1633,historical_implied,historical,0.7472,COMMITTED,CALIBRATED - pending PI sign-off,
OPT,PWRPETBOLXX,BOL,PET,2037,0.1451,0.0,0.1451,0.1633,historical_implied,historical,0.7472,COMMITTED,CALIBRATED - pending PI sign-off,
OPT,PWRPETBOLXX,BOL,PET,2038,0.1451,0.0,0.1451,0.1633,historical_implied,historical,0.7472,COMMITTED,CALIBRATED - pending PI sign-off,
OPT,PWRPETBOLXX,BOL,PET,2039,0.1451,0.0,0.1451,0.1633,historical_implied,historical,0.7472,COMMITTED,CALIBRATED - pending PI sign-off,
OPT,PWRPETBOLXX,BOL,PET,2040,0.1451,0.0,0.1451,0.1633,historical_implied,historical,0.7472,COMMITTED,CALIBRATED - pending PI sign-off,
OPT,PWRPETBOLXX,BOL,PET,2041,0.1451,0.0,0.1451,0.1633,historical_implied,historical,0.7472,COMMITTED,CALIBRATED - pending PI sign-off,
OPT,PWRPETBOLXX,BOL,PET,2042,0.1451,0.0,0.1451,0.1633,historical_implied,historical,0.7472,COMMITTED,CALIBRATED - pending PI sign-off,
OPT,PWRPETBOLXX,BOL,PET,2043,0.1451,0.0,0.1451,0.1633,historical_implied,historical,0.7472,COMMITTED,CALIBRATED - pending PI sign-off,
OPT,PWRPETBOLXX,BOL,PET,2044,0.1451,0.0,0.1451,0.1633,historical_implied,historical,0.7472,COMMITTED,CALIBRATED - pending PI sign-off,
OPT,PWRPETBOLXX,BOL,PET,2045,0.1451,0.0,0.1451,0.1633,historical_implied,historical,0.7472,COMMITTED,CALIBRATED - pending PI sign-off,
OPT,PWRPETBOLXX,BOL,PET,2046,0.1451,0.0,0.1451,0.1633,historical_implied,historical,0.7472,COMMITTED,CALIBRATED - pending PI sign-off,
OPT,PWRPETBOLXX,BOL,PET,2047,0.1451,0.0,0.1451,0.1633,historical_implied,historical,0.7472,COMMITTED,CALIBRATED - pending PI sign-off,
OPT,PWRPETBOLXX,BOL,PET,2048,0.1451,0.0,0.1451,0.1633,historical_implied,historical,0.7472,COMMITTED,CALIBRATED - pending PI sign-off,
OPT,PWRPETBOLXX,BOL,PET,2049,0.1451,0.0,0.1451,0.1633,historical_implied,historical,0.7472,COMMITTED,CALIBRATED - pending PI sign-off,
OPT,PWRPETBOLXX,BOL,PET,2050,0.1451,0.0,0.1451,0.1633,historical_implied,historical,0.7472,COMMITTED,CALIBRATED - pending PI sign-off,
OPT,PWRPETBRAXX,BRA,PET,2027,9.198,0.0,9.198,0.2053,historical_implied,historical,59.5553,COMMITTED,CALIBRATED - pending PI sign-off,
OPT,PWRPETBRAXX,BRA,PET,2028,9.198,0.0,9.198,0.2053,historical_implied,historical,59.5553,COMMITTED,CALIBRATED - pending PI sign-off,
OPT,PWRPETBRAXX,BRA,PET,2029,9.198,0.0,9.198,0.2053,historical_implied,historical,59.5553,COMMITTED,CALIBRATED - pending PI sign-off,
OPT,PWRPETBRAXX,BRA,PET,2030,9.198,0.0,9.198,0.2053,historical_implied,historical,59.5553,COMMITTED,CALIBRATED - pending PI sign-off,
OPT,PWRPETBRAXX,BRA,PET,2031,9.198,0.0,9.198,0.2053,historical_implied,historical,59.5553,COMMITTED,CALIBRATED - pending PI sign-off,
OPT,PWRPETBRAXX,BRA,PET,2032,9.198,0.0,9.198,0.2053,historical_implied,historical,59.5553,COMMITTED,CALIBRATED - pending PI sign-off,
OPT,PWRPETBRAXX,BRA,PET,2033,9.198,0.0,9.198,0.2053,historical_implied,historical,59.5553,COMMITTED,CALIBRATED - pending PI sign-off,
OPT,PWRPETBRAXX,BRA,PET,2034,9.198,0.0,9.198,0.2053,historical_implied,historical,59.5553,COMMITTED,CALIBRATED - pending PI sign-off,
OPT,PWRPETBRAXX,BRA,PET,2035,9.198,0.0,9.198,0.2053,historical_implied,historical,59.5553,COMMITTED,CALIBRATED - pending PI sign-off,
OPT,PWRPETBRAXX,BRA,PET,2036,9.198,0.0,9.198,0.2053,historical_implied,historical,59.5553,COMMITTED,CALIBRATED - pending PI sign-off,
OPT,PWRPETBRAXX,BRA,PET,2037,9.198,0.0,9.198,0.2053,historical_implied,historical,59.5553,COMMITTED,CALIBRATED - pending PI sign-off,
OPT,PWRPETBRAXX,BRA,PET,2038,9.198,0.0,9.198,0.2053,historical_implied,historical,59.5553,COMMITTED,CALIBRATED - pending PI sign-off,
OPT,PWRPETBRAXX,BRA,PET,2039,9.198,0.0,9.198,0.2053,historical_implied,historical,59.5553,COMMITTED,CALIBRATED - pending PI sign-off,
OPT,PWRPETBRAXX,BRA,PET,2040,9.198,0.0,9.198,0.2053,historical_implied,historical,59.5553,COMMITTED,CALIBRATED - pending PI sign-off,
OPT,PWRPETBRAXX,BRA,PET,2041,9.198,0.0,9.198,0.2053,historical_implied,historical,59.5553,COMMITTED,CALIBRATED - pending PI sign-off,
OPT,PWRPETBRAXX,BRA,PET,2042,9.198,0.0,9.198,0.2053,historical_implied,historical,59.5553,COMMITTED,CALIBRATED - pending PI sign-off,
OPT,PWRPETBRAXX,BRA,PET,2043,9.198,0.0,9.198,0.2053,historical_implied,historical,59.5553,COMMITTED,CALIBRATED - pending PI sign-off,
OPT,PWRPETBRAXX,BRA,PET,2044,9.198,0.0,9.198,0.2053,historical_implied,historical,59.5553,COMMITTED,CALIBRATED - pending PI sign-off,
OPT,PWRPETBRAXX,BRA,PET,2045,9.198,0.0,9.198,0.2053,historical_implied,historical,59.5553,COMMITTED,CALIBRATED - pending PI sign-off,
OPT,PWRPETBRBXX,BRB,PET,2027,0.0334,0.0,0.0334,0.1,plan_grounded,proxy,0.1053,COMMITTED,CALIBRATED - pending PI sign-off,2040.0
OPT,PWRPETBRBXX,BRB,PET,2028,0.0334,0.0,0.0334,0.1,plan_grounded,proxy,0.1053,COMMITTED,CALIBRATED - pending PI sign-off,2040.0
OPT,PWRPETBRBXX,BRB,PET,2029,0.0334,0.0,0.0334,0.1,plan_grounded,proxy,0.1053,COMMITTED,CALIBRATED - pending PI sign-off,2040.0
OPT,PWRPETBRBXX,BRB,PET,2030,0.0334,0.0,0.0334,0.1,plan_grounded,proxy,0.1053,COMMITTED,CALIBRATED - pending PI sign-off,2040.0
OPT,PWRPETBRBXX,BRB,PET,2031,0.0334,0.0,0.0334,0.1,plan_grounded,proxy,0.1053,COMMITTED,CALIBRATED - pending PI sign-off,2040.0
OPT,PWRPETBRBXX,BRB,PET,2032,0.0334,0.0,0.0334,0.1,plan_grounded,proxy,0.1053,COMMITTED,CALIBRATED - pending PI sign-off,2040.0
OPT,PWRPETBRBXX,BRB,PET,2033,0.0334,0.0,0.0334,0.1,plan_grounded,proxy,0.1053,COMMITTED,CALIBRATED - pending PI sign-off,2040.0
OPT,PWRPETBRBXX,BRB,PET,2034,0.0334,0.0,0.0334,0.1,plan_grounded,proxy,0.1053,COMMITTED,CALIBRATED - pending PI sign-off,2040.0
OPT,PWRPETBRBXX,BRB,PET,2035,0.0334,0.0,0.0334,0.1,plan_grounded,proxy,0.1053,COMMITTED,CALIBRATED - pending PI sign-off,2040.0
OPT,PWRPETBRBXX,BRB,PET,2036,0.0334,0.0,0.0334,0.1,plan_grounded,proxy,0.1053,COMMITTED,CALIBRATED - pending PI sign-off,2040.0
OPT,PWRPETBRBXX,BRB,PET,2037,0.0334,0.0,0.0334,0.1,plan_grounded,proxy,0.1053,COMMITTED,CALIBRATED - pending PI sign-off,2040.0
OPT,PWRPETBRBXX,BRB,PET,2038,0.0334,0.0,0.0334,0.1,plan_grounded,proxy,0.1053,COMMITTED,CALIBRATED - pending PI sign-off,2040.0
OPT,PWRPETBRBXX,BRB,PET,2039,0.0334,0.0,0.0334,0.1,plan_grounded,proxy,0.1053,COMMITTED,CALIBRATED - pending PI sign-off,2040.0
OPT,PWRPETBRBXX,BRB,PET,2040,0.2914,0.258,0.0334,0.1,plan_grounded,proxy,0.919,COMMITTED,CALIBRATED - pending PI sign-off,2040.0
OPT,PWRPETBRBXX,BRB,PET,2041,0.2914,0.258,0.0334,0.1,plan_grounded,proxy,0.919,COMMITTED,CALIBRATED - pending PI sign-off,2040.0
OPT,PWRPETBRBXX,BRB,PET,2042,0.2914,0.258,0.0334,0.1,plan_grounded,proxy,0.919,COMMITTED,CALIBRATED - pending PI sign-off,2040.0
OPT,PWRPETBRBXX,BRB,PET,2043,0.2914,0.258,0.0334,0.1,plan_grounded,proxy,0.919,COMMITTED,CALIBRATED - pending PI sign-off,2040.0
OPT,PWRPETBRBXX,BRB,PET,2044,0.2914,0.258,0.0334,0.1,plan_grounded,proxy,0.919,COMMITTED,CALIBRATED - pending PI sign-off,2040.0
OPT,PWRPETBRBXX,BRB,PET,2045,0.2914,0.258,0.0334,0.1,plan_grounded,proxy,0.919,COMMITTED,CALIBRATED - pending PI sign-off,2040.0
OPT,PWRPETBRBXX,BRB,PET,2046,0.258,0.258,0.0,0.1,plan_grounded,proxy,0.8136,COMMITTED,CALIBRATED - pending PI sign-off,2040.0
OPT,PWRPETBRBXX,BRB,PET,2047,0.258,0.258,0.0,0.1,plan_grounded,proxy,0.8136,COMMITTED,CALIBRATED - pending PI sign-off,2040.0
OPT,PWRPETBRBXX,BRB,PET,2048,0.258,0.258,0.0,0.1,plan_grounded,proxy,0.8136,COMMITTED,CALIBRATED - pending PI sign-off,2040.0
OPT,PWRPETBRBXX,BRB,PET,2049,0.258,0.258,0.0,0.1,plan_grounded,proxy,0.8136,COMMITTED,CALIBRATED - pending PI sign-off,2040.0
OPT,PWRPETBRBXX,BRB,PET,2050,0.258,0.258,0.0,0.1,plan_grounded,proxy,0.8136,COMMITTED,CALIBRATED - pending PI sign-off,2040.0
OPT,PWRPETCHLXX,CHL,PET,2027,3.1053,0.0,3.1053,0.0791,historical_implied,historical,7.7435,COMMITTED,CALIBRATED - pending PI sign-off,
OPT,PWRPETCHLXX,CHL,PET,2028,3.1053,0.0,3.1053,0.0791,historical_implied,historical,7.7435,COMMITTED,CALIBRATED - pending PI sign-off,
OPT,PWRPETCHLXX,CHL,PET,2029,3.1053,0.0,3.1053,0.0791,historical_implied,historical,7.7435,COMMITTED,CALIBRATED - pending PI sign-off,
OPT,PWRPETCHLXX,CHL,PET,2030,3.1053,0.0,3.1053,0.0791,historical_implied,historical,7.7435,COMMITTED,CALIBRATED - pending PI sign-off,
OPT,PWRPETCHLXX,CHL,PET,2031,3.1053,0.0,3.1053,0.0791,historical_implied,historical,7.7435,COMMITTED,CALIBRATED - pending PI sign-off,
OPT,PWRPETCHLXX,CHL,PET,2032,3.1053,0.0,3.1053,0.0791,historical_implied,historical,7.7435,COMMITTED,CALIBRATED - pending PI sign-off,
OPT,PWRPETCHLXX,CHL,PET,2033,3.1053,0.0,3.1053,0.0791,historical_implied,historical,7.7435,COMMITTED,CALIBRATED - pending PI sign-off,
OPT,PWRPETCHLXX,CHL,PET,2046,0.9802,0.0,0.9802,0.0791,historical_implied,historical,2.4443,COMMITTED,CALIBRATED - pending PI sign-off,
OPT,PWRPETCHLXX,CHL,PET,2047,0.9802,0.0,0.9802,0.0791,historical_implied,historical,2.4443,COMMITTED,CALIBRATED - pending PI sign-off,
OPT,PWRPETCHLXX,CHL,PET,2048,0.9802,0.0,0.9802,0.0791,historical_implied,historical,2.4443,COMMITTED,CALIBRATED - pending PI sign-off,
OPT,PWRPETCHLXX,CHL,PET,2049,0.9802,0.0,0.9802,0.0791,historical_implied,historical,2.4443,COMMITTED,CALIBRATED - pending PI sign-off,
OPT,PWRPETCHLXX,CHL,PET,2050,0.9802,0.0,0.9802,0.0791,historical_implied,historical,2.4443,COMMITTED,CALIBRATED - pending PI sign-off,
OPT,PWRPETCOLXX,COL,PET,2027,1.257,0.0,1.257,0.01,plan_grounded,grounded,0.3964,COMMITTED,CALIBRATED - pending PI sign-off,
OPT,PWRPETCOLXX,COL,PET,2028,1.257,0.0,1.257,0.01,plan_grounded,grounded,0.3964,COMMITTED,CALIBRATED - pending PI sign-off,
OPT,PWRPETCOLXX,COL,PET,2029,1.257,0.0,1.257,0.01,plan_grounded,grounded,0.3964,COMMITTED,CALIBRATED - pending PI sign-off,
OPT,PWRPETCOLXX,COL,PET,2030,1.257,0.0,1.257,0.01,plan_grounded,grounded,0.3964,COMMITTED,CALIBRATED - pending PI sign-off,
OPT,PWRPETCOLXX,COL,PET,2031,1.257,0.0,1.257,0.01,plan_grounded,grounded,0.3964,COMMITTED,CALIBRATED - pending PI sign-off,
OPT,PWRPETCOLXX,COL,PET,2032,1.257,0.0,1.257,0.01,plan_grounded,grounded,0.3964,COMMITTED,CALIBRATED - pending PI sign-off,
OPT,PWRPETCOLXX,COL,PET,2033,1.257,0.0,1.257,0.01,plan_grounded,grounded,0.3964,COMMITTED,CALIBRATED - pending PI sign-off,
OPT,PWRPETCOLXX,COL,PET,2034,1.257,0.0,1.257,0.01,plan_grounded,grounded,0.3964,COMMITTED,CALIBRATED - pending PI sign-off,
OPT,PWRPETCOLXX,COL,PET,2035,1.257,0.0,1.257,0.01,plan_grounded,grounded,0.3964,COMMITTED,CALIBRATED - pending PI sign-off,
OPT,PWRPETCOLXX,COL,PET,2036,1.257,0.0,1.257,0.01,plan_grounded,grounded,0.3964,COMMITTED,CALIBRATED - pending PI sign-off,
OPT,PWRPETCOLXX,COL,PET,2037,1.257,0.0,1.257,0.01,plan_grounded,grounded,0.3964,COMMITTED,CALIBRATED - pending PI sign-off,
OPT,PWRPETCOLXX,COL,PET,2038,1.257,0.0,1.257,0.01,plan_grounded,grounded,0.3964,COMMITTED,CALIBRATED - pending PI sign-off,
OPT,PWRPETCOLXX,COL,PET,2039,1.257,0.0,1.257,0.01,plan_grounded,grounded,0.3964,COMMITTED,CALIBRATED - pending PI sign-off,
OPT,PWRPETCOLXX,COL,PET,2040,1.257,0.0,1.257,0.01,plan_grounded,grounded,0.3964,COMMITTED,CALIBRATED - pending PI sign-off,
OPT,PWRPETCOLXX,COL,PET,2041,1.257,0.0,1.257,0.01,plan_grounded,grounded,0.3964,COMMITTED,CALIBRATED - pending PI sign-off,
OPT,PWRPETCOLXX,COL,PET,2042,1.257,0.0,1.257,0.01,plan_grounded,grounded,0.3964,COMMITTED,CALIBRATED - pending PI sign-off,
OPT,PWRPETCOLXX,COL,PET,2043,1.257,0.0,1.257,0.01,plan_grounded,grounded,0.3964,COMMITTED,CALIBRATED - pending PI sign-off,
OPT,PWRPETCOLXX,COL,PET,2044,1.257,0.0,1.257,0.01,plan_grounded,grounded,0.3964,COMMITTED,CALIBRATED - pending PI sign-off,
OPT,PWRPETCOLXX,COL,PET,2045,1.257,0.0,1.257,0.01,plan_grounded,grounded,0.3964,COMMITTED,CALIBRATED - pending PI sign-off,
OPT,PWRPETCOLXX,COL,PET,2046,0.5693,0.0,0.5693,0.01,plan_grounded,grounded,0.1795,COMMITTED,CALIBRATED - pending PI sign-off,
OPT,PWRPETCOLXX,COL,PET,2047,0.5693,0.0,0.5693,0.01,plan_grounded,grounded,0.1795,COMMITTED,CALIBRATED - pending PI sign-off,
OPT,PWRPETCOLXX,COL,PET,2048,0.5693,0.0,0.5693,0.01,plan_grounded,grounded,0.1795,COMMITTED,CALIBRATED - pending PI sign-off,
OPT,PWRPETCOLXX,COL,PET,2049,0.5693,0.0,0.5693,0.01,plan_grounded,grounded,0.1795,COMMITTED,CALIBRATED - pending PI sign-off,
OPT,PWRPETCOLXX,COL,PET,2050,0.5693,0.0,0.5693,0.01,plan_grounded,grounded,0.1795,COMMITTED,CALIBRATED - pending PI sign-off,
OPT,PWRPETCRIXX,CRI,PET,2027,0.381,0.0,0.381,0.1,fuel_fallback,proxy,1.2015,COMMITTED,CALIBRATED - pending PI sign-off,
OPT,PWRPETCRIXX,CRI,PET,2028,0.381,0.0,0.381,0.1,fuel_fallback,proxy,1.2015,COMMITTED,CALIBRATED - pending PI sign-off,
OPT,PWRPETCRIXX,CRI,PET,2029,0.381,0.0,0.381,0.1,fuel_fallback,proxy,1.2015,COMMITTED,CALIBRATED - pending PI sign-off,
OPT,PWRPETCRIXX,CRI,PET,2030,0.381,0.0,0.381,0.1,fuel_fallback,proxy,1.2015,COMMITTED,CALIBRATED - pending PI sign-off,
OPT,PWRPETCRIXX,CRI,PET,2031,0.381,0.0,0.381,0.1,fuel_fallback,proxy,1.2015,COMMITTED,CALIBRATED - pending PI sign-off,
OPT,PWRPETCRIXX,CRI,PET,2032,0.381,0.0,0.381,0.1,fuel_fallback,proxy,1.2015,COMMITTED,CALIBRATED - pending PI sign-off,
OPT,PWRPETCRIXX,CRI,PET,2033,0.381,0.0,0.381,0.1,fuel_fallback,proxy,1.2015,COMMITTED,CALIBRATED - pending PI sign-off,
OPT,PWRPETCRIXX,CRI,PET,2034,0.381,0.0,0.381,0.1,fuel_fallback,proxy,1.2015,COMMITTED,CALIBRATED - pending PI sign-off,
OPT,PWRPETCRIXX,CRI,PET,2035,0.381,0.0,0.381,0.1,fuel_fallback,proxy,1.2015,COMMITTED,CALIBRATED - pending PI sign-off,
OPT,PWRPETCRIXX,CRI,PET,2036,0.381,0.0,0.381,0.1,fuel_fallback,proxy,1.2015,COMMITTED,CALIBRATED - pending PI sign-off,
OPT,PWRPETCRIXX,CRI,PET,2037,0.381,0.0,0.381,0.1,fuel_fallback,proxy,1.2015,COMMITTED,CALIBRATED - pending PI sign-off,
OPT,PWRPETCRIXX,CRI,PET,2038,0.381,0.0,0.381,0.1,fuel_fallback,proxy,1.2015,COMMITTED,CALIBRATED - pending PI sign-off,
OPT,PWRPETCRIXX,CRI,PET,2039,0.381,0.0,0.381,0.1,fuel_fallback,proxy,1.2015,COMMITTED,CALIBRATED - pending PI sign-off,
OPT,PWRPETCRIXX,CRI,PET,2040,0.381,0.0,0.381,0.1,fuel_fallback,proxy,1.2015,COMMITTED,CALIBRATED - pending PI sign-off,
OPT,PWRPETCRIXX,CRI,PET,2041,0.381,0.0,0.381,0.1,fuel_fallback,proxy,1.2015,COMMITTED,CALIBRATED - pending PI sign-off,
OPT,PWRPETCRIXX,CRI,PET,2042,0.381,0.0,0.381,0.1,fuel_fallback,proxy,1.2015,COMMITTED,CALIBRATED - pending PI sign-off,
OPT,PWRPETCRIXX,CRI,PET,2043,0.381,0.0,0.381,0.1,fuel_fallback,proxy,1.2015,COMMITTED,CALIBRATED - pending PI sign-off,
OPT,PWRPETCRIXX,CRI,PET,2044,0.381,0.0,0.381,0.1,fuel_fallback,proxy,1.2015,COMMITTED,CALIBRATED - pending PI sign-off,
OPT,PWRPETCRIXX,CRI,PET,2045,0.381,0.0,0.381,0.1,fuel_fallback,proxy,1.2015,COMMITTED,CALIBRATED - pending PI sign-off,
OPT,PWRPETCRIXX,CRI,PET,2046,0.0017,0.0,0.0017,0.1,fuel_fallback,proxy,0.0054,COMMITTED,CALIBRATED - pending PI sign-off,
OPT,PWRPETCRIXX,CRI,PET,2047,0.0017,0.0,0.0017,0.1,fuel_fallback,proxy,0.0054,COMMITTED,CALIBRATED - pending PI sign-off,
OPT,PWRPETCRIXX,CRI,PET,2048,0.0017,0.0,0.0017,0.1,fuel_fallback,proxy,0.0054,COMMITTED,CALIBRATED - pending PI sign-off,
OPT,PWRPETCRIXX,CRI,PET,2049,0.0017,0.0,0.0017,0.1,fuel_fallback,proxy,0.0054,COMMITTED,CALIBRATED - pending PI sign-off,
OPT,PWRPETCRIXX,CRI,PET,2050,0.0017,0.0,0.0017,0.1,fuel_fallback,proxy,0.0054,COMMITTED,CALIBRATED - pending PI sign-off,
OPT,PWRPETDOMXX,DOM,PET,2046,0.4964,0.0,0.4964,0.1,fuel_fallback,proxy,1.5654,COMMITTED,CALIBRATED - pending PI sign-off,
OPT,PWRPETDOMXX,DOM,PET,2047,0.4964,0.0,0.4964,0.1,fuel_fallback,proxy,1.5654,COMMITTED,CALIBRATED - pending PI sign-off,
OPT,PWRPETDOMXX,DOM,PET,2048,0.4964,0.0,0.4964,0.1,fuel_fallback,proxy,1.5654,COMMITTED,CALIBRATED - pending PI sign-off,
OPT,PWRPETDOMXX,DOM,PET,2049,0.4964,0.0,0.4964,0.1,fuel_fallback,proxy,1.5654,COMMITTED,CALIBRATED - pending PI sign-off,
OPT,PWRPETDOMXX,DOM,PET,2050,0.4964,0.0,0.4964,0.1,fuel_fallback,proxy,1.5654,COMMITTED,CALIBRATED - pending PI sign-off,
OPT,PWRPETECUXX,ECU,PET,2027,2.1442,0.887,1.2572,0.3,plan_grounded,grounded,20.2858,COMMITTED,CALIBRATED - pending PI sign-off,2024.0
OPT,PWRPETECUXX,ECU,PET,2028,2.7442,1.487,1.2572,0.3,plan_grounded,grounded,25.9623,COMMITTED,CALIBRATED - pending PI sign-off,2024.0
OPT,PWRPETECUXX,ECU,PET,2029,2.9442,1.687,1.2572,0.3,plan_grounded,grounded,27.8545,COMMITTED,CALIBRATED - pending PI sign-off,2024.0
OPT,PWRPETECUXX,ECU,PET,2030,2.9442,1.687,1.2572,0.3,plan_grounded,grounded,27.8545,COMMITTED,CALIBRATED - pending PI sign-off,2024.0
OPT,PWRPETECUXX,ECU,PET,2031,2.9442,1.687,1.2572,0.3,plan_grounded,grounded,27.8545,COMMITTED,CALIBRATED - pending PI sign-off,2024.0
OPT,PWRPETECUXX,ECU,PET,2032,2.9442,1.687,1.2572,0.3,plan_grounded,grounded,27.8545,COMMITTED,CALIBRATED - pending PI sign-off,2024.0
OPT,PWRPETECUXX,ECU,PET,2033,2.9442,1.687,1.2572,0.3,plan_grounded,grounded,27.8545,COMMITTED,CALIBRATED - pending PI sign-off,2024.0
OPT,PWRPETECUXX,ECU,PET,2034,2.9442,1.687,1.2572,0.3,plan_grounded,grounded,27.8545,COMMITTED,CALIBRATED - pending PI sign-off,2024.0
OPT,PWRPETECUXX,ECU,PET,2035,2.9442,1.687,1.2572,0.3,plan_grounded,grounded,27.8545,COMMITTED,CALIBRATED - pending PI sign-off,2024.0
OPT,PWRPETECUXX,ECU,PET,2036,2.9442,1.687,1.2572,0.3,plan_grounded,grounded,27.8545,COMMITTED,CALIBRATED - pending PI sign-off,2024.0
OPT,PWRPETECUXX,ECU,PET,2037,2.9442,1.687,1.2572,0.3,plan_grounded,grounded,27.8545,COMMITTED,CALIBRATED - pending PI sign-off,2024.0
OPT,PWRPETECUXX,ECU,PET,2038,2.9442,1.687,1.2572,0.3,plan_grounded,grounded,27.8545,COMMITTED,CALIBRATED - pending PI sign-off,2024.0
OPT,PWRPETECUXX,ECU,PET,2039,2.9442,1.687,1.2572,0.3,plan_grounded,grounded,27.8545,COMMITTED,CALIBRATED - pending PI sign-off,2024.0
OPT,PWRPETECUXX,ECU,PET,2040,2.9442,1.687,1.2572,0.3,plan_grounded,grounded,27.8545,COMMITTED,CALIBRATED - pending PI sign-off,2024.0
OPT,PWRPETECUXX,ECU,PET,2041,2.9442,1.687,1.2572,0.3,plan_grounded,grounded,27.8545,COMMITTED,CALIBRATED - pending PI sign-off,2024.0
OPT,PWRPETECUXX,ECU,PET,2042,2.9442,1.687,1.2572,0.3,plan_grounded,grounded,27.8545,COMMITTED,CALIBRATED - pending PI sign-off,2024.0
OPT,PWRPETECUXX,ECU,PET,2043,2.9442,1.687,1.2572,0.3,plan_grounded,grounded,27.8545,COMMITTED,CALIBRATED - pending PI sign-off,2024.0
OPT,PWRPETECUXX,ECU,PET,2044,2.9442,1.687,1.2572,0.3,plan_grounded,grounded,27.8545,COMMITTED,CALIBRATED - pending PI sign-off,2024.0
OPT,PWRPETECUXX,ECU,PET,2045,4.1966,1.687,2.5096,0.3,plan_grounded,grounded,39.7032,COMMITTED,CALIBRATED - pending PI sign-off,2024.0
OPT,PWRPETECUXX,ECU,PET,2046,3.128,1.687,1.441,0.3,plan_grounded,grounded,29.5934,COMMITTED,CALIBRATED - pending PI sign-off,2024.0
OPT,PWRPETECUXX,ECU,PET,2047,3.128,1.687,1.441,0.3,plan_grounded,grounded,29.5934,COMMITTED,CALIBRATED - pending PI sign-off,2024.0
OPT,PWRPETECUXX,ECU,PET,2048,3.128,1.687,1.441,0.3,plan_grounded,grounded,29.5934,COMMITTED,CALIBRATED - pending PI sign-off,2024.0
OPT,PWRPETECUXX,ECU,PET,2049,3.128,1.687,1.441,0.3,plan_grounded,grounded,29.5934,COMMITTED,CALIBRATED - pending PI sign-off,2024.0
OPT,PWRPETECUXX,ECU,PET,2050,3.128,1.687,1.441,0.3,plan_grounded,grounded,29.5934,COMMITTED,CALIBRATED - pending PI sign-off,2024.0
OPT,PWRPETGTMXX,GTM,PET,2027,0.0555,0.0,0.0555,0.1,plan_grounded,proxy,0.175,COMMITTED,CALIBRATED - pending PI sign-off,
OPT,PWRPETGTMXX,GTM,PET,2028,0.0555,0.0,0.0555,0.1,plan_grounded,proxy,0.175,COMMITTED,CALIBRATED - pending PI sign-off,
OPT,PWRPETGTMXX,GTM,PET,2029,0.0706,0.0,0.0706,0.1,plan_grounded,proxy,0.2226,COMMITTED,CALIBRATED - pending PI sign-off,
OPT,PWRPETGTMXX,GTM,PET,2030,0.0706,0.0,0.0706,0.1,plan_grounded,proxy,0.2226,COMMITTED,CALIBRATED - pending PI sign-off,
OPT,PWRPETGTMXX,GTM,PET,2031,0.0953,0.0,0.0953,0.1,plan_grounded,proxy,0.3005,COMMITTED,CALIBRATED - pending PI sign-off,
OPT,PWRPETGTMXX,GTM,PET,2032,0.0953,0.0,0.0953,0.1,plan_grounded,proxy,0.3005,COMMITTED,CALIBRATED - pending PI sign-off,
OPT,PWRPETGTMXX,GTM,PET,2033,0.0953,0.0,0.0953,0.1,plan_grounded,proxy,0.3005,COMMITTED,CALIBRATED - pending PI sign-off,
OPT,PWRPETGTMXX,GTM,PET,2034,0.1132,0.0,0.1132,0.1,plan_grounded,proxy,0.357,COMMITTED,CALIBRATED - pending PI sign-off,
OPT,PWRPETGTMXX,GTM,PET,2035,0.1132,0.0,0.1132,0.1,plan_grounded,proxy,0.357,COMMITTED,CALIBRATED - pending PI sign-off,
OPT,PWRPETGTMXX,GTM,PET,2036,0.1132,0.0,0.1132,0.1,plan_grounded,proxy,0.357,COMMITTED,CALIBRATED - pending PI sign-off,
OPT,PWRPETGTMXX,GTM,PET,2037,0.1132,0.0,0.1132,0.1,plan_grounded,proxy,0.357,COMMITTED,CALIBRATED - pending PI sign-off,
OPT,PWRPETGTMXX,GTM,PET,2038,0.1371,0.0,0.1371,0.1,plan_grounded,proxy,0.4324,COMMITTED,CALIBRATED - pending PI sign-off,
OPT,PWRPETGTMXX,GTM,PET,2039,0.4095,0.0,0.4095,0.1,plan_grounded,proxy,1.2914,COMMITTED,CALIBRATED - pending PI sign-off,
OPT,PWRPETGTMXX,GTM,PET,2040,0.4095,0.0,0.4095,0.1,plan_grounded,proxy,1.2914,COMMITTED,CALIBRATED - pending PI sign-off,
OPT,PWRPETGTMXX,GTM,PET,2041,0.4095,0.0,0.4095,0.1,plan_grounded,proxy,1.2914,COMMITTED,CALIBRATED - pending PI sign-off,
OPT,PWRPETGTMXX,GTM,PET,2042,0.4095,0.0,0.4095,0.1,plan_grounded,proxy,1.2914,COMMITTED,CALIBRATED - pending PI sign-off,
OPT,PWRPETGTMXX,GTM,PET,2043,0.4095,0.0,0.4095,0.1,plan_grounded,proxy,1.2914,COMMITTED,CALIBRATED - pending PI sign-off,
OPT,PWRPETGTMXX,GTM,PET,2044,0.5692,0.0,0.5692,0.1,plan_grounded,proxy,1.795,COMMITTED,CALIBRATED - pending PI sign-off,
OPT,PWRPETGTMXX,GTM,PET,2045,0.5692,0.0,0.5692,0.1,plan_grounded,proxy,1.795,COMMITTED,CALIBRATED - pending PI sign-off,
OPT,PWRPETGTMXX,GTM,PET,2046,0.1689,0.0,0.1689,0.1,plan_grounded,proxy,0.5326,COMMITTED,CALIBRATED - pending PI sign-off,
OPT,PWRPETGTMXX,GTM,PET,2047,0.1689,0.0,0.1689,0.1,plan_grounded,proxy,0.5326,COMMITTED,CALIBRATED - pending PI sign-off,
OPT,PWRPETGTMXX,GTM,PET,2048,0.1689,0.0,0.1689,0.1,plan_grounded,proxy,0.5326,COMMITTED,CALIBRATED - pending PI sign-off,
OPT,PWRPETGTMXX,GTM,PET,2049,0.1689,0.0,0.1689,0.1,plan_grounded,proxy,0.5326,COMMITTED,CALIBRATED - pending PI sign-off,
OPT,PWRPETGTMXX,GTM,PET,2050,0.1689,0.0,0.1689,0.1,plan_grounded,proxy,0.5326,COMMITTED,CALIBRATED - pending PI sign-off,
OPT,PWRPETHNDXX,HND,PET,2027,1.1918,0.0,1.1918,0.35,plan_grounded,grounded,13.1546,COMMITTED,CALIBRATED - pending PI sign-off,
OPT,PWRPETHNDXX,HND,PET,2028,1.1918,0.0,1.1918,0.35,plan_grounded,grounded,13.1546,COMMITTED,CALIBRATED - pending PI sign-off,
OPT,PWRPETHNDXX,HND,PET,2029,1.1918,0.0,1.1918,0.35,plan_grounded,grounded,13.1546,COMMITTED,CALIBRATED - pending PI sign-off,
OPT,PWRPETHNDXX,HND,PET,2030,1.1918,0.0,1.1918,0.35,plan_grounded,grounded,13.1546,COMMITTED,CALIBRATED - pending PI sign-off,
OPT,PWRPETHNDXX,HND,PET,2031,1.1918,0.0,1.1918,0.35,plan_grounded,grounded,13.1546,COMMITTED,CALIBRATED - pending PI sign-off,
OPT,PWRPETHNDXX,HND,PET,2032,1.1918,0.0,1.1918,0.35,plan_grounded,grounded,13.1546,COMMITTED,CALIBRATED - pending PI sign-off,
OPT,PWRPETHNDXX,HND,PET,2033,1.1918,0.0,1.1918,0.35,plan_grounded,grounded,13.1546,COMMITTED,CALIBRATED - pending PI sign-off,
OPT,PWRPETHNDXX,HND,PET,2034,1.1918,0.0,1.1918,0.35,plan_grounded,grounded,13.1546,COMMITTED,CALIBRATED - pending PI sign-off,
OPT,PWRPETHNDXX,HND,PET,2035,1.1918,0.0,1.1918,0.35,plan_grounded,grounded,13.1546,COMMITTED,CALIBRATED - pending PI sign-off,
OPT,PWRPETHNDXX,HND,PET,2036,1.1918,0.0,1.1918,0.35,plan_grounded,grounded,13.1546,COMMITTED,CALIBRATED - pending PI sign-off,
OPT,PWRPETHNDXX,HND,PET,2037,1.1918,0.0,1.1918,0.35,plan_grounded,grounded,13.1546,COMMITTED,CALIBRATED - pending PI sign-off,
OPT,PWRPETHNDXX,HND,PET,2038,1.1918,0.0,1.1918,0.35,plan_grounded,grounded,13.1546,COMMITTED,CALIBRATED - pending PI sign-off,
OPT,PWRPETHNDXX,HND,PET,2039,1.1918,0.0,1.1918,0.35,plan_grounded,grounded,13.1546,COMMITTED,CALIBRATED - pending PI sign-off,
OPT,PWRPETHNDXX,HND,PET,2040,1.1918,0.0,1.1918,0.35,plan_grounded,grounded,13.1546,COMMITTED,CALIBRATED - pending PI sign-off,
OPT,PWRPETHNDXX,HND,PET,2041,1.1918,0.0,1.1918,0.35,plan_grounded,grounded,13.1546,COMMITTED,CALIBRATED - pending PI sign-off,
OPT,PWRPETHNDXX,HND,PET,2042,1.1918,0.0,1.1918,0.35,plan_grounded,grounded,13.1546,COMMITTED,CALIBRATED - pending PI sign-off,
OPT,PWRPETHNDXX,HND,PET,2043,1.1918,0.0,1.1918,0.35,plan_grounded,grounded,13.1546,COMMITTED,CALIBRATED - pending PI sign-off,
OPT,PWRPETHNDXX,HND,PET,2044,1.1918,0.0,1.1918,0.35,plan_grounded,grounded,13.1546,COMMITTED,CALIBRATED - pending PI sign-off,
OPT,PWRPETHNDXX,HND,PET,2045,1.1918,0.0,1.1918,0.35,plan_grounded,grounded,13.1546,COMMITTED,CALIBRATED - pending PI sign-off,
OPT,PWRPETHNDXX,HND,PET,2046,0.8048,0.0,0.8048,0.35,plan_grounded,grounded,8.8831,COMMITTED,CALIBRATED - pending PI sign-off,
OPT,PWRPETHNDXX,HND,PET,2047,0.8048,0.0,0.8048,0.35,plan_grounded,grounded,8.8831,COMMITTED,CALIBRATED - pending PI sign-off,
OPT,PWRPETHNDXX,HND,PET,2048,0.8048,0.0,0.8048,0.35,plan_grounded,grounded,8.8831,COMMITTED,CALIBRATED - pending PI sign-off,
OPT,PWRPETHNDXX,HND,PET,2049,0.8048,0.0,0.8048,0.35,plan_grounded,grounded,8.8831,COMMITTED,CALIBRATED - pending PI sign-off,
OPT,PWRPETHNDXX,HND,PET,2050,0.8048,0.0,0.8048,0.35,plan_grounded,grounded,8.8831,COMMITTED,CALIBRATED - pending PI sign-off,
OPT,PWRPETHTIXX,HTI,PET,2046,0.247,0.0,0.247,0.1,fuel_fallback,proxy,0.7789,COMMITTED,CALIBRATED - pending PI sign-off,
OPT,PWRPETHTIXX,HTI,PET,2047,0.247,0.0,0.247,0.1,fuel_fallback,proxy,0.7789,COMMITTED,CALIBRATED - pending PI sign-off,
OPT,PWRPETHTIXX,HTI,PET,2048,0.247,0.0,0.247,0.1,fuel_fallback,proxy,0.7789,COMMITTED,CALIBRATED - pending PI sign-off,
OPT,PWRPETHTIXX,HTI,PET,2049,0.247,0.0,0.247,0.1,fuel_fallback,proxy,0.7789,COMMITTED,CALIBRATED - pending PI sign-off,
OPT,PWRPETHTIXX,HTI,PET,2050,0.247,0.0,0.247,0.1,fuel_fallback,proxy,0.7789,COMMITTED,CALIBRATED - pending PI sign-off,
OPT,PWRPETMEXXX,MEX,PET,2027,11.301,0.0,11.301,0.0944,historical_implied,historical,33.6466,COMMITTED,CALIBRATED - pending PI sign-off,
OPT,PWRPETMEXXX,MEX,PET,2028,11.301,0.0,11.301,0.0944,historical_implied,historical,33.6466,COMMITTED,CALIBRATED - pending PI sign-off,
OPT,PWRPETMEXXX,MEX,PET,2029,11.301,0.0,11.301,0.0944,historical_implied,historical,33.6466,COMMITTED,CALIBRATED - pending PI sign-off,
OPT,PWRPETMEXXX,MEX,PET,2030,11.301,0.0,11.301,0.0944,historical_implied,historical,33.6466,COMMITTED,CALIBRATED - pending PI sign-off,
OPT,PWRPETMEXXX,MEX,PET,2031,11.301,0.0,11.301,0.0944,historical_implied,historical,33.6466,COMMITTED,CALIBRATED - pending PI sign-off,
OPT,PWRPETMEXXX,MEX,PET,2032,11.301,0.0,11.301,0.0944,historical_implied,historical,33.6466,COMMITTED,CALIBRATED - pending PI sign-off,
OPT,PWRPETMEXXX,MEX,PET,2033,11.301,0.0,11.301,0.0944,historical_implied,historical,33.6466,COMMITTED,CALIBRATED - pending PI sign-off,
OPT,PWRPETMEXXX,MEX,PET,2034,11.301,0.0,11.301,0.0944,historical_implied,historical,33.6466,COMMITTED,CALIBRATED - pending PI sign-off,
OPT,PWRPETMEXXX,MEX,PET,2035,11.301,0.0,11.301,0.0944,historical_implied,historical,33.6466,COMMITTED,CALIBRATED - pending PI sign-off,
OPT,PWRPETMEXXX,MEX,PET,2036,11.301,0.0,11.301,0.0944,historical_implied,historical,33.6466,COMMITTED,CALIBRATED - pending PI sign-off,
OPT,PWRPETMEXXX,MEX,PET,2037,11.301,0.0,11.301,0.0944,historical_implied,historical,33.6466,COMMITTED,CALIBRATED - pending PI sign-off,
OPT,PWRPETMEXXX,MEX,PET,2038,11.301,0.0,11.301,0.0944,historical_implied,historical,33.6466,COMMITTED,CALIBRATED - pending PI sign-off,
OPT,PWRPETMEXXX,MEX,PET,2039,11.301,0.0,11.301,0.0944,historical_implied,historical,33.6466,COMMITTED,CALIBRATED - pending PI sign-off,
OPT,PWRPETMEXXX,MEX,PET,2040,11.301,0.0,11.301,0.0944,historical_implied,historical,33.6466,COMMITTED,CALIBRATED - pending PI sign-off,
OPT,PWRPETMEXXX,MEX,PET,2041,11.301,0.0,11.301,0.0944,historical_implied,historical,33.6466,COMMITTED,CALIBRATED - pending PI sign-off,
OPT,PWRPETMEXXX,MEX,PET,2042,11.301,0.0,11.301,0.0944,historical_implied,historical,33.6466,COMMITTED,CALIBRATED - pending PI sign-off,
OPT,PWRPETMEXXX,MEX,PET,2043,11.301,0.0,11.301,0.0944,historical_implied,historical,33.6466,COMMITTED,CALIBRATED - pending PI sign-off,
OPT,PWRPETMEXXX,MEX,PET,2044,11.301,0.0,11.301,0.0944,historical_implied,historical,33.6466,COMMITTED,CALIBRATED - pending PI sign-off,
OPT,PWRPETMEXXX,MEX,PET,2045,11.301,0.0,11.301,0.0944,historical_implied,historical,33.6466,COMMITTED,CALIBRATED - pending PI sign-off,
OPT,PWRPETPANXX,PAN,PET,2046,0.1497,0.0,0.1497,0.349,historical_implied,historical,1.6475,COMMITTED,CALIBRATED - pending PI sign-off,
OPT,PWRPETPANXX,PAN,PET,2047,0.1497,0.0,0.1497,0.349,historical_implied,historical,1.6475,COMMITTED,CALIBRATED - pending PI sign-off,
OPT,PWRPETPANXX,PAN,PET,2048,0.1497,0.0,0.1497,0.349,historical_implied,historical,1.6475,COMMITTED,CALIBRATED - pending PI sign-off,
OPT,PWRPETPANXX,PAN,PET,2049,0.1497,0.0,0.1497,0.349,historical_implied,historical,1.6475,COMMITTED,CALIBRATED - pending PI sign-off,
OPT,PWRPETPANXX,PAN,PET,2050,0.1497,0.0,0.1497,0.349,historical_implied,historical,1.6475,COMMITTED,CALIBRATED - pending PI sign-off,
OPT,PWRPETPERXX,PER,PET,2027,4.0268,0.0,4.0268,0.0236,historical_implied,historical,3.002,COMMITTED,CALIBRATED - pending PI sign-off,
OPT,PWRPETPERXX,PER,PET,2028,4.0268,0.0,4.0268,0.0236,historical_implied,historical,3.002,COMMITTED,CALIBRATED - pending PI sign-off,
OPT,PWRPETPERXX,PER,PET,2029,4.0268,0.0,4.0268,0.0236,historical_implied,historical,3.002,COMMITTED,CALIBRATED - pending PI sign-off,
OPT,PWRPETPERXX,PER,PET,2030,4.0268,0.0,4.0268,0.0236,historical_implied,historical,3.002,COMMITTED,CALIBRATED - pending PI sign-off,
OPT,PWRPETPERXX,PER,PET,2031,4.0268,0.0,4.0268,0.0236,historical_implied,historical,3.002,COMMITTED,CALIBRATED - pending PI sign-off,
OPT,PWRPETPERXX,PER,PET,2032,4.0268,0.0,4.0268,0.0236,historical_implied,historical,3.002,COMMITTED,CALIBRATED - pending PI sign-off,
OPT,PWRPETPERXX,PER,PET,2033,4.0268,0.0,4.0268,0.0236,historical_implied,historical,3.002,COMMITTED,CALIBRATED - pending PI sign-off,
OPT,PWRPETPERXX,PER,PET,2034,4.0268,0.0,4.0268,0.0236,historical_implied,historical,3.002,COMMITTED,CALIBRATED - pending PI sign-off,
OPT,PWRPETPERXX,PER,PET,2035,4.0268,0.0,4.0268,0.0236,historical_implied,historical,3.002,COMMITTED,CALIBRATED - pending PI sign-off,
OPT,PWRPETPERXX,PER,PET,2036,4.0268,0.0,4.0268,0.0236,historical_implied,historical,3.002,COMMITTED,CALIBRATED - pending PI sign-off,
OPT,PWRPETPERXX,PER,PET,2037,4.0268,0.0,4.0268,0.0236,historical_implied,historical,3.002,COMMITTED,CALIBRATED - pending PI sign-off,
OPT,PWRPETPERXX,PER,PET,2038,4.0268,0.0,4.0268,0.0236,historical_implied,historical,3.002,COMMITTED,CALIBRATED - pending PI sign-off,
OPT,PWRPETPERXX,PER,PET,2039,4.0268,0.0,4.0268,0.0236,historical_implied,historical,3.002,COMMITTED,CALIBRATED - pending PI sign-off,
OPT,PWRPETPERXX,PER,PET,2040,4.0268,0.0,4.0268,0.0236,historical_implied,historical,3.002,COMMITTED,CALIBRATED - pending PI sign-off,
OPT,PWRPETPERXX,PER,PET,2041,4.0268,0.0,4.0268,0.0236,historical_implied,historical,3.002,COMMITTED,CALIBRATED - pending PI sign-off,
OPT,PWRPETPERXX,PER,PET,2042,4.0268,0.0,4.0268,0.0236,historical_implied,historical,3.002,COMMITTED,CALIBRATED - pending PI sign-off,
OPT,PWRPETPERXX,PER,PET,2043,4.0268,0.0,4.0268,0.0236,historical_implied,historical,3.002,COMMITTED,CALIBRATED - pending PI sign-off,
OPT,PWRPETPERXX,PER,PET,2044,4.0268,0.0,4.0268,0.0236,historical_implied,historical,3.002,COMMITTED,CALIBRATED - pending PI sign-off,
OPT,PWRPETPERXX,PER,PET,2045,4.0268,0.0,4.0268,0.0236,historical_implied,historical,3.002,COMMITTED,CALIBRATED - pending PI sign-off,
OPT,PWRPETPERXX,PER,PET,2046,1.3423,0.0,1.3423,0.0236,historical_implied,historical,1.0007,COMMITTED,CALIBRATED - pending PI sign-off,
OPT,PWRPETPERXX,PER,PET,2047,1.3423,0.0,1.3423,0.0236,historical_implied,historical,1.0007,COMMITTED,CALIBRATED - pending PI sign-off,
OPT,PWRPETPERXX,PER,PET,2048,1.3423,0.0,1.3423,0.0236,historical_implied,historical,1.0007,COMMITTED,CALIBRATED - pending PI sign-off,
OPT,PWRPETPERXX,PER,PET,2049,1.3423,0.0,1.3423,0.0236,historical_implied,historical,1.0007,COMMITTED,CALIBRATED - pending PI sign-off,
OPT,PWRPETPERXX,PER,PET,2050,1.3423,0.0,1.3423,0.0236,historical_implied,historical,1.0007,COMMITTED,CALIBRATED - pending PI sign-off,
OPT,PWRPETPRYXX,PRY,PET,2027,0.0005,0.0,0.0005,0.1966,historical_implied,historical,0.0031,COMMITTED,CALIBRATED - pending PI sign-off,
OPT,PWRPETPRYXX,PRY,PET,2028,0.0005,0.0,0.0005,0.1966,historical_implied,historical,0.0031,COMMITTED,CALIBRATED - pending PI sign-off,
OPT,PWRPETPRYXX,PRY,PET,2029,0.0005,0.0,0.0005,0.1966,historical_implied,historical,0.0031,COMMITTED,CALIBRATED - pending PI sign-off,
OPT,PWRPETPRYXX,PRY,PET,2030,0.0005,0.0,0.0005,0.1966,historical_implied,historical,0.0031,COMMITTED,CALIBRATED - pending PI sign-off,
OPT,PWRPETPRYXX,PRY,PET,2031,0.0005,0.0,0.0005,0.1966,historical_implied,historical,0.0031,COMMITTED,CALIBRATED - pending PI sign-off,
OPT,PWRPETPRYXX,PRY,PET,2032,0.0005,0.0,0.0005,0.1966,historical_implied,historical,0.0031,COMMITTED,CALIBRATED - pending PI sign-off,
OPT,PWRPETPRYXX,PRY,PET,2033,0.0005,0.0,0.0005,0.1966,historical_implied,historical,0.0031,COMMITTED,CALIBRATED - pending PI sign-off,
OPT,PWRPETPRYXX,PRY,PET,2034,0.0005,0.0,0.0005,0.1966,historical_implied,historical,0.0031,COMMITTED,CALIBRATED - pending PI sign-off,
OPT,PWRPETPRYXX,PRY,PET,2035,0.0005,0.0,0.0005,0.1966,historical_implied,historical,0.0031,COMMITTED,CALIBRATED - pending PI sign-off,
OPT,PWRPETPRYXX,PRY,PET,2036,0.0005,0.0,0.0005,0.1966,historical_implied,historical,0.0031,COMMITTED,CALIBRATED - pending PI sign-off,
OPT,PWRPETPRYXX,PRY,PET,2037,0.0005,0.0,0.0005,0.1966,historical_implied,historical,0.0031,COMMITTED,CALIBRATED - pending PI sign-off,
OPT,PWRPETPRYXX,PRY,PET,2038,0.0005,0.0,0.0005,0.1966,historical_implied,historical,0.0031,COMMITTED,CALIBRATED - pending PI sign-off,
OPT,PWRPETPRYXX,PRY,PET,2039,0.0005,0.0,0.0005,0.1966,historical_implied,historical,0.0031,COMMITTED,CALIBRATED - pending PI sign-off,
OPT,PWRPETPRYXX,PRY,PET,2040,0.0005,0.0,0.0005,0.1966,historical_implied,historical,0.0031,COMMITTED,CALIBRATED - pending PI sign-off,
OPT,PWRPETPRYXX,PRY,PET,2041,0.0005,0.0,0.0005,0.1966,historical_implied,historical,0.0031,COMMITTED,CALIBRATED - pending PI sign-off,
OPT,PWRPETPRYXX,PRY,PET,2042,0.0005,0.0,0.0005,0.1966,historical_implied,historical,0.0031,COMMITTED,CALIBRATED - pending PI sign-off,
OPT,PWRPETPRYXX,PRY,PET,2043,0.0005,0.0,0.0005,0.1966,historical_implied,historical,0.0031,COMMITTED,CALIBRATED - pending PI sign-off,
OPT,PWRPETPRYXX,PRY,PET,2044,0.0005,0.0,0.0005,0.1966,historical_implied,historical,0.0031,COMMITTED,CALIBRATED - pending PI sign-off,
OPT,PWRPETPRYXX,PRY,PET,2045,0.0005,0.0,0.0005,0.1966,historical_implied,historical,0.0031,COMMITTED,CALIBRATED - pending PI sign-off,
OPT,PWRPETPRYXX,PRY,PET,2046,0.0005,0.0,0.0005,0.1966,historical_implied,historical,0.0031,COMMITTED,CALIBRATED - pending PI sign-off,
OPT,PWRPETPRYXX,PRY,PET,2047,0.0005,0.0,0.0005,0.1966,historical_implied,historical,0.0031,COMMITTED,CALIBRATED - pending PI sign-off,
OPT,PWRPETPRYXX,PRY,PET,2048,0.0005,0.0,0.0005,0.1966,historical_implied,historical,0.0031,COMMITTED,CALIBRATED - pending PI sign-off,
OPT,PWRPETPRYXX,PRY,PET,2049,0.0005,0.0,0.0005,0.1966,historical_implied,historical,0.0031,COMMITTED,CALIBRATED - pending PI sign-off,
OPT,PWRPETPRYXX,PRY,PET,2050,0.0005,0.0,0.0005,0.1966,historical_implied,historical,0.0031,COMMITTED,CALIBRATED - pending PI sign-off,
OPT,PWRPETURYXX,URY,PET,2027,1.1767,0.0,1.1767,0.045,plan_grounded,grounded,1.6699,COMMITTED,CALIBRATED - pending PI sign-off,
OPT,PWRPETURYXX,URY,PET,2028,1.1767,0.0,1.1767,0.045,plan_grounded,grounded,1.6699,COMMITTED,CALIBRATED - pending PI sign-off,
OPT,PWRPETURYXX,URY,PET,2029,1.1767,0.0,1.1767,0.045,plan_grounded,grounded,1.6699,COMMITTED,CALIBRATED - pending PI sign-off,
OPT,PWRPETURYXX,URY,PET,2030,1.1767,0.0,1.1767,0.045,plan_grounded,grounded,1.6699,COMMITTED,CALIBRATED - pending PI sign-off,
OPT,PWRPETURYXX,URY,PET,2031,1.1767,0.0,1.1767,0.045,plan_grounded,grounded,1.6699,COMMITTED,CALIBRATED - pending PI sign-off,
OPT,PWRPETURYXX,URY,PET,2032,1.1767,0.0,1.1767,0.045,plan_grounded,grounded,1.6699,COMMITTED,CALIBRATED - pending PI sign-off,
OPT,PWRPETURYXX,URY,PET,2033,1.1767,0.0,1.1767,0.045,plan_grounded,grounded,1.6699,COMMITTED,CALIBRATED - pending PI sign-off,
OPT,PWRPETURYXX,URY,PET,2034,1.1767,0.0,1.1767,0.045,plan_grounded,grounded,1.6699,COMMITTED,CALIBRATED - pending PI sign-off,
OPT,PWRPETURYXX,URY,PET,2035,1.1767,0.0,1.1767,0.045,plan_grounded,grounded,1.6699,COMMITTED,CALIBRATED - pending PI sign-off,
OPT,PWRPETURYXX,URY,PET,2036,1.1767,0.0,1.1767,0.045,plan_grounded,grounded,1.6699,COMMITTED,CALIBRATED - pending PI sign-off,
OPT,PWRPETURYXX,URY,PET,2037,1.1767,0.0,1.1767,0.045,plan_grounded,grounded,1.6699,COMMITTED,CALIBRATED - pending PI sign-off,
OPT,PWRPETURYXX,URY,PET,2038,1.1767,0.0,1.1767,0.045,plan_grounded,grounded,1.6699,COMMITTED,CALIBRATED - pending PI sign-off,
OPT,PWRPETURYXX,URY,PET,2039,1.1767,0.0,1.1767,0.045,plan_grounded,grounded,1.6699,COMMITTED,CALIBRATED - pending PI sign-off,
OPT,PWRPETURYXX,URY,PET,2040,1.1767,0.0,1.1767,0.045,plan_grounded,grounded,1.6699,COMMITTED,CALIBRATED - pending PI sign-off,
OPT,PWRPETURYXX,URY,PET,2041,1.1767,0.0,1.1767,0.045,plan_grounded,grounded,1.6699,COMMITTED,CALIBRATED - pending PI sign-off,
OPT,PWRPETURYXX,URY,PET,2042,1.1767,0.0,1.1767,0.045,plan_grounded,grounded,1.6699,COMMITTED,CALIBRATED - pending PI sign-off,
OPT,PWRPETURYXX,URY,PET,2043,1.1767,0.0,1.1767,0.045,plan_grounded,grounded,1.6699,COMMITTED,CALIBRATED - pending PI sign-off,
OPT,PWRPETURYXX,URY,PET,2044,1.1767,0.0,1.1767,0.045,plan_grounded,grounded,1.6699,COMMITTED,CALIBRATED - pending PI sign-off,
OPT,PWRPETURYXX,URY,PET,2045,1.1767,0.0,1.1767,0.045,plan_grounded,grounded,1.6699,COMMITTED,CALIBRATED - pending PI sign-off,
OPT,PWRPETURYXX,URY,PET,2046,1.1767,0.0,1.1767,0.045,plan_grounded,grounded,1.6699,COMMITTED,CALIBRATED - pending PI sign-off,
OPT,PWRPETURYXX,URY,PET,2047,1.1767,0.0,1.1767,0.045,plan_grounded,grounded,1.6699,COMMITTED,CALIBRATED - pending PI sign-off,
OPT,PWRPETURYXX,URY,PET,2048,1.1767,0.0,1.1767,0.045,plan_grounded,grounded,1.6699,COMMITTED,CALIBRATED - pending PI sign-off,
OPT,PWRPETURYXX,URY,PET,2049,1.1767,0.0,1.1767,0.045,plan_grounded,grounded,1.6699,COMMITTED,CALIBRATED - pending PI sign-off,
OPT,PWRPETURYXX,URY,PET,2050,1.1767,0.0,1.1767,0.045,plan_grounded,grounded,1.6699,COMMITTED,CALIBRATED - pending PI sign-off,
VGB,PWRCOAARGXX,ARG,COA,2027,0.65,0.0,0.65,0.37,plan_grounded,proxy,7.5844,COMMITTED,CALIBRATED - pending PI sign-off,
VGB,PWRCOAARGXX,ARG,COA,2028,0.65,0.0,0.65,0.37,plan_grounded,proxy,7.5844,COMMITTED,CALIBRATED - pending PI sign-off,
VGB,PWRCOAARGXX,ARG,COA,2029,0.65,0.0,0.65,0.37,plan_grounded,proxy,7.5844,COMMITTED,CALIBRATED - pending PI sign-off,
VGB,PWRCOAARGXX,ARG,COA,2030,0.65,0.0,0.65,0.37,plan_grounded,proxy,7.5844,COMMITTED,CALIBRATED - pending PI sign-off,
VGB,PWRCOAARGXX,ARG,COA,2031,0.65,0.0,0.65,0.37,plan_grounded,proxy,7.5844,COMMITTED,CALIBRATED - pending PI sign-off,
VGB,PWRCOAARGXX,ARG,COA,2032,0.65,0.0,0.65,0.37,plan_grounded,proxy,7.5844,COMMITTED,CALIBRATED - pending PI sign-off,
VGB,PWRCOAARGXX,ARG,COA,2033,0.65,0.0,0.65,0.37,plan_grounded,proxy,7.5844,COMMITTED,CALIBRATED - pending PI sign-off,
VGB,PWRCOAARGXX,ARG,COA,2034,0.65,0.0,0.65,0.37,plan_grounded,proxy,7.5844,COMMITTED,CALIBRATED - pending PI sign-off,
VGB,PWRCOAARGXX,ARG,COA,2035,0.65,0.0,0.65,0.37,plan_grounded,proxy,7.5844,COMMITTED,CALIBRATED - pending PI sign-off,
VGB,PWRCOAARGXX,ARG,COA,2036,0.65,0.0,0.65,0.37,plan_grounded,proxy,7.5844,COMMITTED,CALIBRATED - pending PI sign-off,
VGB,PWRCOAARGXX,ARG,COA,2037,0.65,0.0,0.65,0.37,plan_grounded,proxy,7.5844,COMMITTED,CALIBRATED - pending PI sign-off,
VGB,PWRCOAARGXX,ARG,COA,2038,0.65,0.0,0.65,0.37,plan_grounded,proxy,7.5844,COMMITTED,CALIBRATED - pending PI sign-off,
VGB,PWRCOAARGXX,ARG,COA,2039,0.65,0.0,0.65,0.37,plan_grounded,proxy,7.5844,COMMITTED,CALIBRATED - pending PI sign-off,
VGB,PWRCOAARGXX,ARG,COA,2040,0.65,0.0,0.65,0.37,plan_grounded,proxy,7.5844,COMMITTED,CALIBRATED - pending PI sign-off,
VGB,PWRCOAARGXX,ARG,COA,2041,0.65,0.0,0.65,0.37,plan_grounded,proxy,7.5844,COMMITTED,CALIBRATED - pending PI sign-off,
VGB,PWRCOAARGXX,ARG,COA,2042,0.65,0.0,0.65,0.37,plan_grounded,proxy,7.5844,COMMITTED,CALIBRATED - pending PI sign-off,
VGB,PWRCOAARGXX,ARG,COA,2043,0.65,0.0,0.65,0.37,plan_grounded,proxy,7.5844,COMMITTED,CALIBRATED - pending PI sign-off,
VGB,PWRCOAARGXX,ARG,COA,2044,0.65,0.0,0.65,0.37,plan_grounded,proxy,7.5844,COMMITTED,CALIBRATED - pending PI sign-off,
VGB,PWRCOAARGXX,ARG,COA,2045,0.65,0.0,0.65,0.37,plan_grounded,proxy,7.5844,COMMITTED,CALIBRATED - pending PI sign-off,
VGB,PWRCOAARGXX,ARG,COA,2046,0.65,0.0,0.65,0.37,plan_grounded,proxy,7.5844,COMMITTED,CALIBRATED - pending PI sign-off,
VGB,PWRCOAARGXX,ARG,COA,2047,0.65,0.0,0.65,0.37,plan_grounded,proxy,7.5844,COMMITTED,CALIBRATED - pending PI sign-off,
VGB,PWRCOAARGXX,ARG,COA,2048,0.65,0.0,0.65,0.37,plan_grounded,proxy,7.5844,COMMITTED,CALIBRATED - pending PI sign-off,
VGB,PWRCOAARGXX,ARG,COA,2049,0.65,0.0,0.65,0.37,plan_grounded,proxy,7.5844,COMMITTED,CALIBRATED - pending PI sign-off,
VGB,PWRCOAARGXX,ARG,COA,2050,0.65,0.0,0.65,0.37,plan_grounded,proxy,7.5844,COMMITTED,CALIBRATED - pending PI sign-off,
VGB,PWRCOABRAXX,BRA,COA,2027,3.086,0.0,3.086,0.2,plan_grounded,grounded,19.464,COMMITTED,CALIBRATED - pending PI sign-off,
VGB,PWRCOABRAXX,BRA,COA,2028,3.086,0.0,3.086,0.2,plan_grounded,grounded,19.464,COMMITTED,CALIBRATED - pending PI sign-off,
VGB,PWRCOABRAXX,BRA,COA,2029,3.086,0.0,3.086,0.2,plan_grounded,grounded,19.464,COMMITTED,CALIBRATED - pending PI sign-off,
VGB,PWRCOABRAXX,BRA,COA,2030,3.086,0.0,3.086,0.2,plan_grounded,grounded,19.464,COMMITTED,CALIBRATED - pending PI sign-off,
VGB,PWRCOABRAXX,BRA,COA,2031,3.086,0.0,3.086,0.2,plan_grounded,grounded,19.464,COMMITTED,CALIBRATED - pending PI sign-off,
VGB,PWRCOABRAXX,BRA,COA,2032,3.086,0.0,3.086,0.2,plan_grounded,grounded,19.464,COMMITTED,CALIBRATED - pending PI sign-off,
VGB,PWRCOABRAXX,BRA,COA,2033,3.086,0.0,3.086,0.2,plan_grounded,grounded,19.464,COMMITTED,CALIBRATED - pending PI sign-off,
VGB,PWRCOABRAXX,BRA,COA,2034,3.086,0.0,3.086,0.2,plan_grounded,grounded,19.464,COMMITTED,CALIBRATED - pending PI sign-off,
VGB,PWRCOABRAXX,BRA,COA,2035,3.086,0.0,3.086,0.2,plan_grounded,grounded,19.464,COMMITTED,CALIBRATED - pending PI sign-off,
VGB,PWRCOABRAXX,BRA,COA,2036,3.086,0.0,3.086,0.2,plan_grounded,grounded,19.464,COMMITTED,CALIBRATED - pending PI sign-off,
VGB,PWRCOABRAXX,BRA,COA,2037,3.086,0.0,3.086,0.2,plan_grounded,grounded,19.464,COMMITTED,CALIBRATED - pending PI sign-off,
VGB,PWRCOABRAXX,BRA,COA,2038,3.086,0.0,3.086,0.2,plan_grounded,grounded,19.464,COMMITTED,CALIBRATED - pending PI sign-off,
VGB,PWRCOABRAXX,BRA,COA,2039,3.086,0.0,3.086,0.2,plan_grounded,grounded,19.464,COMMITTED,CALIBRATED - pending PI sign-off,
VGB,PWRCOABRAXX,BRA,COA,2040,3.086,0.0,3.086,0.2,plan_grounded,grounded,19.464,COMMITTED,CALIBRATED - pending PI sign-off,
VGB,PWRCOABRAXX,BRA,COA,2041,3.086,0.0,3.086,0.2,plan_grounded,grounded,19.464,COMMITTED,CALIBRATED - pending PI sign-off,
VGB,PWRCOABRAXX,BRA,COA,2042,3.086,0.0,3.086,0.2,plan_grounded,grounded,19.464,COMMITTED,CALIBRATED - pending PI sign-off,
VGB,PWRCOABRAXX,BRA,COA,2043,3.086,0.0,3.086,0.2,plan_grounded,grounded,19.464,COMMITTED,CALIBRATED - pending PI sign-off,
VGB,PWRCOABRAXX,BRA,COA,2044,3.086,0.0,3.086,0.2,plan_grounded,grounded,19.464,COMMITTED,CALIBRATED - pending PI sign-off,
VGB,PWRCOABRAXX,BRA,COA,2045,3.086,0.0,3.086,0.2,plan_grounded,grounded,19.464,COMMITTED,CALIBRATED - pending PI sign-off,
VGB,PWRCOABRAXX,BRA,COA,2046,3.086,0.0,3.086,0.2,plan_grounded,grounded,19.464,COMMITTED,CALIBRATED - pending PI sign-off,
VGB,PWRCOABRAXX,BRA,COA,2047,3.086,0.0,3.086,0.2,plan_grounded,grounded,19.464,COMMITTED,CALIBRATED - pending PI sign-off,
VGB,PWRCOABRAXX,BRA,COA,2048,3.086,0.0,3.086,0.2,plan_grounded,grounded,19.464,COMMITTED,CALIBRATED - pending PI sign-off,
VGB,PWRCOABRAXX,BRA,COA,2049,3.086,0.0,3.086,0.2,plan_grounded,grounded,19.464,COMMITTED,CALIBRATED - pending PI sign-off,
VGB,PWRCOABRAXX,BRA,COA,2050,3.086,0.0,3.086,0.2,plan_grounded,grounded,19.464,COMMITTED,CALIBRATED - pending PI sign-off,
VGB,PWRCOACHLXX,CHL,COA,2027,3.7953,0.0,3.7953,0.35,plan_grounded,proxy,41.891,COMMITTED,CALIBRATED - pending PI sign-off,
VGB,PWRCOACHLXX,CHL,COA,2028,3.7953,0.0,3.7953,0.35,plan_grounded,proxy,41.891,COMMITTED,CALIBRATED - pending PI sign-off,
VGB,PWRCOACHLXX,CHL,COA,2029,3.7953,0.0,3.7953,0.35,plan_grounded,proxy,41.891,COMMITTED,CALIBRATED - pending PI sign-off,
VGB,PWRCOACHLXX,CHL,COA,2030,3.7953,0.0,3.7953,0.35,plan_grounded,proxy,41.891,COMMITTED,CALIBRATED - pending PI sign-off,
VGB,PWRCOACHLXX,CHL,COA,2031,3.7953,0.0,3.7953,0.35,plan_grounded,proxy,41.891,COMMITTED,CALIBRATED - pending PI sign-off,
VGB,PWRCOACHLXX,CHL,COA,2032,3.7953,0.0,3.7953,0.35,plan_grounded,proxy,41.891,COMMITTED,CALIBRATED - pending PI sign-off,
VGB,PWRCOACHLXX,CHL,COA,2033,3.7953,0.0,3.7953,0.35,plan_grounded,proxy,41.891,COMMITTED,CALIBRATED - pending PI sign-off,
VGB,PWRCOACHLXX,CHL,COA,2034,3.7953,0.0,3.7953,0.35,plan_grounded,proxy,41.891,COMMITTED,CALIBRATED - pending PI sign-off,
VGB,PWRCOACHLXX,CHL,COA,2035,3.7953,0.0,3.7953,0.35,plan_grounded,proxy,41.891,COMMITTED,CALIBRATED - pending PI sign-off,
VGB,PWRCOACHLXX,CHL,COA,2036,3.7953,0.0,3.7953,0.35,plan_grounded,proxy,41.891,COMMITTED,CALIBRATED - pending PI sign-off,
VGB,PWRCOACHLXX,CHL,COA,2037,3.7953,0.0,3.7953,0.35,plan_grounded,proxy,41.891,COMMITTED,CALIBRATED - pending PI sign-off,
VGB,PWRCOACHLXX,CHL,COA,2038,3.7953,0.0,3.7953,0.35,plan_grounded,proxy,41.891,COMMITTED,CALIBRATED - pending PI sign-off,
VGB,PWRCOACHLXX,CHL,COA,2039,3.7953,0.0,3.7953,0.35,plan_grounded,proxy,41.891,COMMITTED,CALIBRATED - pending PI sign-off,
VGB,PWRCOACHLXX,CHL,COA,2040,3.7953,0.0,3.7953,0.35,plan_grounded,proxy,41.891,COMMITTED,CALIBRATED - pending PI sign-off,
VGB,PWRCOACHLXX,CHL,COA,2041,3.7953,0.0,3.7953,0.35,plan_grounded,proxy,41.891,COMMITTED,CALIBRATED - pending PI sign-off,
VGB,PWRCOACHLXX,CHL,COA,2042,3.7953,0.0,3.7953,0.35,plan_grounded,proxy,41.891,COMMITTED,CALIBRATED - pending PI sign-off,
VGB,PWRCOACHLXX,CHL,COA,2043,3.7953,0.0,3.7953,0.35,plan_grounded,proxy,41.891,COMMITTED,CALIBRATED - pending PI sign-off,
VGB,PWRCOACHLXX,CHL,COA,2044,3.7953,0.0,3.7953,0.35,plan_grounded,proxy,41.891,COMMITTED,CALIBRATED - pending PI sign-off,
VGB,PWRCOACHLXX,CHL,COA,2045,3.7953,0.0,3.7953,0.35,plan_grounded,proxy,41.891,COMMITTED,CALIBRATED - pending PI sign-off,
VGB,PWRCOACHLXX,CHL,COA,2046,3.7953,0.0,3.7953,0.35,plan_grounded,proxy,41.891,COMMITTED,CALIBRATED - pending PI sign-off,
VGB,PWRCOACHLXX,CHL,COA,2047,3.7953,0.0,3.7953,0.35,plan_grounded,proxy,41.891,COMMITTED,CALIBRATED - pending PI sign-off,
VGB,PWRCOACHLXX,CHL,COA,2048,3.7953,0.0,3.7953,0.35,plan_grounded,proxy,41.891,COMMITTED,CALIBRATED - pending PI sign-off,
VGB,PWRCOACHLXX,CHL,COA,2049,3.7953,0.0,3.7953,0.35,plan_grounded,proxy,41.891,COMMITTED,CALIBRATED - pending PI sign-off,
VGB,PWRCOACHLXX,CHL,COA,2050,3.7953,0.0,3.7953,0.35,plan_grounded,proxy,41.891,COMMITTED,CALIBRATED - pending PI sign-off,
VGB,PWRCOACOLXX,COL,COA,2027,1.6759,0.0,1.6759,0.28,plan_grounded,grounded,14.7983,COMMITTED,CALIBRATED - pending PI sign-off,
VGB,PWRCOACOLXX,COL,COA,2028,1.6759,0.0,1.6759,0.28,plan_grounded,grounded,14.7983,COMMITTED,CALIBRATED - pending PI sign-off,
VGB,PWRCOACOLXX,COL,COA,2029,1.6759,0.0,1.6759,0.28,plan_grounded,grounded,14.7983,COMMITTED,CALIBRATED - pending PI sign-off,
VGB,PWRCOACOLXX,COL,COA,2030,1.6759,0.0,1.6759,0.28,plan_grounded,grounded,14.7983,COMMITTED,CALIBRATED - pending PI sign-off,
VGB,PWRCOACOLXX,COL,COA,2031,1.6759,0.0,1.6759,0.28,plan_grounded,grounded,14.7983,COMMITTED,CALIBRATED - pending PI sign-off,
VGB,PWRCOACOLXX,COL,COA,2032,1.6759,0.0,1.6759,0.28,plan_grounded,grounded,14.7983,COMMITTED,CALIBRATED - pending PI sign-off,
VGB,PWRCOACOLXX,COL,COA,2033,1.6759,0.0,1.6759,0.28,plan_grounded,grounded,14.7983,COMMITTED,CALIBRATED - pending PI sign-off,
VGB,PWRCOACOLXX,COL,COA,2034,1.6759,0.0,1.6759,0.28,plan_grounded,grounded,14.7983,COMMITTED,CALIBRATED - pending PI sign-off,
VGB,PWRCOACOLXX,COL,COA,2035,1.6759,0.0,1.6759,0.28,plan_grounded,grounded,14.7983,COMMITTED,CALIBRATED - pending PI sign-off,
VGB,PWRCOACOLXX,COL,COA,2036,1.6759,0.0,1.6759,0.28,plan_grounded,grounded,14.7983,COMMITTED,CALIBRATED - pending PI sign-off,
VGB,PWRCOACOLXX,COL,COA,2037,1.6759,0.0,1.6759,0.28,plan_grounded,grounded,14.7983,COMMITTED,CALIBRATED - pending PI sign-off,
VGB,PWRCOACOLXX,COL,COA,2038,1.6759,0.0,1.6759,0.28,plan_grounded,grounded,14.7983,COMMITTED,CALIBRATED - pending PI sign-off,
VGB,PWRCOACOLXX,COL,COA,2039,1.6759,0.0,1.6759,0.28,plan_grounded,grounded,14.7983,COMMITTED,CALIBRATED - pending PI sign-off,
VGB,PWRCOACOLXX,COL,COA,2040,1.6759,0.0,1.6759,0.28,plan_grounded,grounded,14.7983,COMMITTED,CALIBRATED - pending PI sign-off,
VGB,PWRCOACOLXX,COL,COA,2041,1.6759,0.0,1.6759,0.28,plan_grounded,grounded,14.7983,COMMITTED,CALIBRATED - pending PI sign-off,
VGB,PWRCOACOLXX,COL,COA,2042,1.6759,0.0,1.6759,0.28,plan_grounded,grounded,14.7983,COMMITTED,CALIBRATED - pending PI sign-off,
VGB,PWRCOACOLXX,COL,COA,2043,1.6759,0.0,1.6759,0.28,plan_grounded,grounded,14.7983,COMMITTED,CALIBRATED - pending PI sign-off,
VGB,PWRCOACOLXX,COL,COA,2044,1.6759,0.0,1.6759,0.28,plan_grounded,grounded,14.7983,COMMITTED,CALIBRATED - pending PI sign-off,
VGB,PWRCOACOLXX,COL,COA,2045,1.6759,0.0,1.6759,0.28,plan_grounded,grounded,14.7983,COMMITTED,CALIBRATED - pending PI sign-off,
VGB,PWRCOACOLXX,COL,COA,2046,1.6759,0.0,1.6759,0.28,plan_grounded,grounded,14.7983,COMMITTED,CALIBRATED - pending PI sign-off,
VGB,PWRCOACOLXX,COL,COA,2047,1.6759,0.0,1.6759,0.28,plan_grounded,grounded,14.7983,COMMITTED,CALIBRATED - pending PI sign-off,
VGB,PWRCOACOLXX,COL,COA,2048,1.6759,0.0,1.6759,0.28,plan_grounded,grounded,14.7983,COMMITTED,CALIBRATED - pending PI sign-off,
VGB,PWRCOACOLXX,COL,COA,2049,1.6759,0.0,1.6759,0.28,plan_grounded,grounded,14.7983,COMMITTED,CALIBRATED - pending PI sign-off,
VGB,PWRCOACOLXX,COL,COA,2050,1.6759,0.0,1.6759,0.28,plan_grounded,grounded,14.7983,COMMITTED,CALIBRATED - pending PI sign-off,
VGB,PWRCOADOMXX,DOM,COA,2027,1.064,0.0,1.064,0.7,plan_grounded,grounded,23.488,COMMITTED,CALIBRATED - pending PI sign-off,
VGB,PWRCOADOMXX,DOM,COA,2028,1.064,0.0,1.064,0.7,plan_grounded,grounded,23.488,COMMITTED,CALIBRATED - pending PI sign-off,
VGB,PWRCOADOMXX,DOM,COA,2029,1.064,0.0,1.064,0.7,plan_grounded,grounded,23.488,COMMITTED,CALIBRATED - pending PI sign-off,
VGB,PWRCOADOMXX,DOM,COA,2030,1.064,0.0,1.064,0.7,plan_grounded,grounded,23.488,COMMITTED,CALIBRATED - pending PI sign-off,
VGB,PWRCOADOMXX,DOM,COA,2031,1.064,0.0,1.064,0.7,plan_grounded,grounded,23.488,COMMITTED,CALIBRATED - pending PI sign-off,
VGB,PWRCOADOMXX,DOM,COA,2032,1.064,0.0,1.064,0.7,plan_grounded,grounded,23.488,COMMITTED,CALIBRATED - pending PI sign-off,
VGB,PWRCOADOMXX,DOM,COA,2033,1.064,0.0,1.064,0.7,plan_grounded,grounded,23.488,COMMITTED,CALIBRATED - pending PI sign-off,
VGB,PWRCOADOMXX,DOM,COA,2034,1.064,0.0,1.064,0.7,plan_grounded,grounded,23.488,COMMITTED,CALIBRATED - pending PI sign-off,
VGB,PWRCOADOMXX,DOM,COA,2035,1.064,0.0,1.064,0.7,plan_grounded,grounded,23.488,COMMITTED,CALIBRATED - pending PI sign-off,
VGB,PWRCOADOMXX,DOM,COA,2036,1.064,0.0,1.064,0.7,plan_grounded,grounded,23.488,COMMITTED,CALIBRATED - pending PI sign-off,
VGB,PWRCOADOMXX,DOM,COA,2037,1.064,0.0,1.064,0.7,plan_grounded,grounded,23.488,COMMITTED,CALIBRATED - pending PI sign-off,
VGB,PWRCOADOMXX,DOM,COA,2038,1.064,0.0,1.064,0.7,plan_grounded,grounded,23.488,COMMITTED,CALIBRATED - pending PI sign-off,
VGB,PWRCOADOMXX,DOM,COA,2039,1.064,0.0,1.064,0.7,plan_grounded,grounded,23.488,COMMITTED,CALIBRATED - pending PI sign-off,
VGB,PWRCOADOMXX,DOM,COA,2040,1.064,0.0,1.064,0.7,plan_grounded,grounded,23.488,COMMITTED,CALIBRATED - pending PI sign-off,
VGB,PWRCOADOMXX,DOM,COA,2041,1.064,0.0,1.064,0.7,plan_grounded,grounded,23.488,COMMITTED,CALIBRATED - pending PI sign-off,
VGB,PWRCOADOMXX,DOM,COA,2042,1.064,0.0,1.064,0.7,plan_grounded,grounded,23.488,COMMITTED,CALIBRATED - pending PI sign-off,
VGB,PWRCOADOMXX,DOM,COA,2043,1.064,0.0,1.064,0.7,plan_grounded,grounded,23.488,COMMITTED,CALIBRATED - pending PI sign-off,
VGB,PWRCOADOMXX,DOM,COA,2044,1.064,0.0,1.064,0.7,plan_grounded,grounded,23.488,COMMITTED,CALIBRATED - pending PI sign-off,
VGB,PWRCOADOMXX,DOM,COA,2045,1.064,0.0,1.064,0.7,plan_grounded,grounded,23.488,COMMITTED,CALIBRATED - pending PI sign-off,
VGB,PWRCOADOMXX,DOM,COA,2046,1.064,0.0,1.064,0.7,plan_grounded,grounded,23.488,COMMITTED,CALIBRATED - pending PI sign-off,
VGB,PWRCOADOMXX,DOM,COA,2047,1.064,0.0,1.064,0.7,plan_grounded,grounded,23.488,COMMITTED,CALIBRATED - pending PI sign-off,
VGB,PWRCOADOMXX,DOM,COA,2048,1.064,0.0,1.064,0.7,plan_grounded,grounded,23.488,COMMITTED,CALIBRATED - pending PI sign-off,
VGB,PWRCOADOMXX,DOM,COA,2049,1.064,0.0,1.064,0.7,plan_grounded,grounded,23.488,COMMITTED,CALIBRATED - pending PI sign-off,
VGB,PWRCOADOMXX,DOM,COA,2050,1.064,0.0,1.064,0.7,plan_grounded,grounded,23.488,COMMITTED,CALIBRATED - pending PI sign-off,
VGB,PWRCOAGTMXX,GTM,COA,2027,0.5282,0.0,0.5282,0.5,plan_grounded,grounded,8.3287,COMMITTED,CALIBRATED - pending PI sign-off,
VGB,PWRCOAGTMXX,GTM,COA,2028,0.5282,0.0,0.5282,0.5,plan_grounded,grounded,8.3287,COMMITTED,CALIBRATED - pending PI sign-off,
VGB,PWRCOAGTMXX,GTM,COA,2029,0.5282,0.0,0.5282,0.5,plan_grounded,grounded,8.3287,COMMITTED,CALIBRATED - pending PI sign-off,
VGB,PWRCOAGTMXX,GTM,COA,2030,0.5282,0.0,0.5282,0.5,plan_grounded,grounded,8.3287,COMMITTED,CALIBRATED - pending PI sign-off,
VGB,PWRCOAGTMXX,GTM,COA,2031,0.5282,0.0,0.5282,0.5,plan_grounded,grounded,8.3287,COMMITTED,CALIBRATED - pending PI sign-off,
VGB,PWRCOAGTMXX,GTM,COA,2032,0.5282,0.0,0.5282,0.5,plan_grounded,grounded,8.3287,COMMITTED,CALIBRATED - pending PI sign-off,
VGB,PWRCOAGTMXX,GTM,COA,2033,0.5282,0.0,0.5282,0.5,plan_grounded,grounded,8.3287,COMMITTED,CALIBRATED - pending PI sign-off,
VGB,PWRCOAGTMXX,GTM,COA,2034,0.5282,0.0,0.5282,0.5,plan_grounded,grounded,8.3287,COMMITTED,CALIBRATED - pending PI sign-off,
VGB,PWRCOAGTMXX,GTM,COA,2035,0.5282,0.0,0.5282,0.5,plan_grounded,grounded,8.3287,COMMITTED,CALIBRATED - pending PI sign-off,
VGB,PWRCOAGTMXX,GTM,COA,2036,0.5282,0.0,0.5282,0.5,plan_grounded,grounded,8.3287,COMMITTED,CALIBRATED - pending PI sign-off,
VGB,PWRCOAGTMXX,GTM,COA,2037,0.5282,0.0,0.5282,0.5,plan_grounded,grounded,8.3287,COMMITTED,CALIBRATED - pending PI sign-off,
VGB,PWRCOAGTMXX,GTM,COA,2038,0.5282,0.0,0.5282,0.5,plan_grounded,grounded,8.3287,COMMITTED,CALIBRATED - pending PI sign-off,
VGB,PWRCOAGTMXX,GTM,COA,2039,0.5282,0.0,0.5282,0.5,plan_grounded,grounded,8.3287,COMMITTED,CALIBRATED - pending PI sign-off,
VGB,PWRCOAGTMXX,GTM,COA,2040,0.5282,0.0,0.5282,0.5,plan_grounded,grounded,8.3287,COMMITTED,CALIBRATED - pending PI sign-off,
VGB,PWRCOAGTMXX,GTM,COA,2041,0.5282,0.0,0.5282,0.5,plan_grounded,grounded,8.3287,COMMITTED,CALIBRATED - pending PI sign-off,
VGB,PWRCOAGTMXX,GTM,COA,2042,0.5282,0.0,0.5282,0.5,plan_grounded,grounded,8.3287,COMMITTED,CALIBRATED - pending PI sign-off,
VGB,PWRCOAGTMXX,GTM,COA,2043,0.5282,0.0,0.5282,0.5,plan_grounded,grounded,8.3287,COMMITTED,CALIBRATED - pending PI sign-off,
VGB,PWRCOAGTMXX,GTM,COA,2044,0.5282,0.0,0.5282,0.5,plan_grounded,grounded,8.3287,COMMITTED,CALIBRATED - pending PI sign-off,
VGB,PWRCOAGTMXX,GTM,COA,2045,0.5282,0.0,0.5282,0.5,plan_grounded,grounded,8.3287,COMMITTED,CALIBRATED - pending PI sign-off,
VGB,PWRCOAGTMXX,GTM,COA,2046,0.5282,0.0,0.5282,0.5,plan_grounded,grounded,8.3287,COMMITTED,CALIBRATED - pending PI sign-off,
VGB,PWRCOAGTMXX,GTM,COA,2047,0.5282,0.0,0.5282,0.5,plan_grounded,grounded,8.3287,COMMITTED,CALIBRATED - pending PI sign-off,
VGB,PWRCOAGTMXX,GTM,COA,2048,0.5282,0.0,0.5282,0.5,plan_grounded,grounded,8.3287,COMMITTED,CALIBRATED - pending PI sign-off,
VGB,PWRCOAGTMXX,GTM,COA,2049,0.5282,0.0,0.5282,0.5,plan_grounded,grounded,8.3287,COMMITTED,CALIBRATED - pending PI sign-off,
VGB,PWRCOAGTMXX,GTM,COA,2050,0.5282,0.0,0.5282,0.5,plan_grounded,grounded,8.3287,COMMITTED,CALIBRATED - pending PI sign-off,
VGB,PWRCOAMEXXX,MEX,COA,2027,5.463,0.0,5.463,0.3061,historical_implied,historical,52.7313,COMMITTED,CALIBRATED - pending PI sign-off,
VGB,PWRCOAMEXXX,MEX,COA,2028,5.463,0.0,5.463,0.3061,historical_implied,historical,52.7313,COMMITTED,CALIBRATED - pending PI sign-off,
VGB,PWRCOAMEXXX,MEX,COA,2029,5.463,0.0,5.463,0.3061,historical_implied,historical,52.7313,COMMITTED,CALIBRATED - pending PI sign-off,
VGB,PWRCOAMEXXX,MEX,COA,2030,5.463,0.0,5.463,0.3061,historical_implied,historical,52.7313,COMMITTED,CALIBRATED - pending PI sign-off,
VGB,PWRCOAMEXXX,MEX,COA,2031,5.463,0.0,5.463,0.3061,historical_implied,historical,52.7313,COMMITTED,CALIBRATED - pending PI sign-off,
VGB,PWRCOAMEXXX,MEX,COA,2032,5.463,0.0,5.463,0.3061,historical_implied,historical,52.7313,COMMITTED,CALIBRATED - pending PI sign-off,
VGB,PWRCOAMEXXX,MEX,COA,2033,5.463,0.0,5.463,0.3061,historical_implied,historical,52.7313,COMMITTED,CALIBRATED - pending PI sign-off,
VGB,PWRCOAMEXXX,MEX,COA,2034,5.463,0.0,5.463,0.3061,historical_implied,historical,52.7313,COMMITTED,CALIBRATED - pending PI sign-off,
VGB,PWRCOAMEXXX,MEX,COA,2035,5.463,0.0,5.463,0.3061,historical_implied,historical,52.7313,COMMITTED,CALIBRATED - pending PI sign-off,
VGB,PWRCOAMEXXX,MEX,COA,2036,5.463,0.0,5.463,0.3061,historical_implied,historical,52.7313,COMMITTED,CALIBRATED - pending PI sign-off,
VGB,PWRCOAMEXXX,MEX,COA,2037,5.463,0.0,5.463,0.3061,historical_implied,historical,52.7313,COMMITTED,CALIBRATED - pending PI sign-off,
VGB,PWRCOAMEXXX,MEX,COA,2038,5.463,0.0,5.463,0.3061,historical_implied,historical,52.7313,COMMITTED,CALIBRATED - pending PI sign-off,
VGB,PWRCOAMEXXX,MEX,COA,2039,5.463,0.0,5.463,0.3061,historical_implied,historical,52.7313,COMMITTED,CALIBRATED - pending PI sign-off,
VGB,PWRCOAMEXXX,MEX,COA,2040,5.463,0.0,5.463,0.3061,historical_implied,historical,52.7313,COMMITTED,CALIBRATED - pending PI sign-off,
VGB,PWRCOAMEXXX,MEX,COA,2041,5.463,0.0,5.463,0.3061,historical_implied,historical,52.7313,COMMITTED,CALIBRATED - pending PI sign-off,
VGB,PWRCOAMEXXX,MEX,COA,2042,5.463,0.0,5.463,0.3061,historical_implied,historical,52.7313,COMMITTED,CALIBRATED - pending PI sign-off,
VGB,PWRCOAMEXXX,MEX,COA,2043,5.463,0.0,5.463,0.3061,historical_implied,historical,52.7313,COMMITTED,CALIBRATED - pending PI sign-off,
VGB,PWRCOAMEXXX,MEX,COA,2044,5.463,0.0,5.463,0.3061,historical_implied,historical,52.7313,COMMITTED,CALIBRATED - pending PI sign-off,
VGB,PWRCOAMEXXX,MEX,COA,2045,5.463,0.0,5.463,0.3061,historical_implied,historical,52.7313,COMMITTED,CALIBRATED - pending PI sign-off,
VGB,PWRCOAMEXXX,MEX,COA,2046,5.463,0.0,5.463,0.3061,historical_implied,historical,52.7313,COMMITTED,CALIBRATED - pending PI sign-off,
VGB,PWRCOAMEXXX,MEX,COA,2047,5.463,0.0,5.463,0.3061,historical_implied,historical,52.7313,COMMITTED,CALIBRATED - pending PI sign-off,
VGB,PWRCOAMEXXX,MEX,COA,2048,5.463,0.0,5.463,0.3061,historical_implied,historical,52.7313,COMMITTED,CALIBRATED - pending PI sign-off,
VGB,PWRCOAMEXXX,MEX,COA,2049,5.463,0.0,5.463,0.3061,historical_implied,historical,52.7313,COMMITTED,CALIBRATED - pending PI sign-off,
VGB,PWRCOAMEXXX,MEX,COA,2050,5.463,0.0,5.463,0.3061,historical_implied,historical,52.7313,COMMITTED,CALIBRATED - pending PI sign-off,
VGB,PWRCOAPANXX,PAN,COA,2027,0.3,0.0,0.3,0.01,plan_grounded,grounded,0.0946,COMMITTED,CALIBRATED - pending PI sign-off,
VGB,PWRCOAPANXX,PAN,COA,2028,0.3,0.0,0.3,0.01,plan_grounded,grounded,0.0946,COMMITTED,CALIBRATED - pending PI sign-off,
VGB,PWRCOAPANXX,PAN,COA,2029,0.3,0.0,0.3,0.01,plan_grounded,grounded,0.0946,COMMITTED,CALIBRATED - pending PI sign-off,
VGB,PWRCOAPANXX,PAN,COA,2030,0.3,0.0,0.3,0.01,plan_grounded,grounded,0.0946,COMMITTED,CALIBRATED - pending PI sign-off,
VGB,PWRCOAPANXX,PAN,COA,2031,0.3,0.0,0.3,0.01,plan_grounded,grounded,0.0946,COMMITTED,CALIBRATED - pending PI sign-off,
VGB,PWRCOAPANXX,PAN,COA,2032,0.3,0.0,0.3,0.01,plan_grounded,grounded,0.0946,COMMITTED,CALIBRATED - pending PI sign-off,
VGB,PWRCOAPANXX,PAN,COA,2033,0.3,0.0,0.3,0.01,plan_grounded,grounded,0.0946,COMMITTED,CALIBRATED - pending PI sign-off,
VGB,PWRCOAPANXX,PAN,COA,2034,0.3,0.0,0.3,0.01,plan_grounded,grounded,0.0946,COMMITTED,CALIBRATED - pending PI sign-off,
VGB,PWRCOAPANXX,PAN,COA,2035,0.3,0.0,0.3,0.01,plan_grounded,grounded,0.0946,COMMITTED,CALIBRATED - pending PI sign-off,
VGB,PWRCOAPANXX,PAN,COA,2036,0.3,0.0,0.3,0.01,plan_grounded,grounded,0.0946,COMMITTED,CALIBRATED - pending PI sign-off,
VGB,PWRCOAPANXX,PAN,COA,2037,0.3,0.0,0.3,0.01,plan_grounded,grounded,0.0946,COMMITTED,CALIBRATED - pending PI sign-off,
VGB,PWRCOAPANXX,PAN,COA,2038,0.3,0.0,0.3,0.01,plan_grounded,grounded,0.0946,COMMITTED,CALIBRATED - pending PI sign-off,
VGB,PWRCOAPANXX,PAN,COA,2039,0.3,0.0,0.3,0.01,plan_grounded,grounded,0.0946,COMMITTED,CALIBRATED - pending PI sign-off,
VGB,PWRCOAPANXX,PAN,COA,2040,0.3,0.0,0.3,0.01,plan_grounded,grounded,0.0946,COMMITTED,CALIBRATED - pending PI sign-off,
VGB,PWRCOAPANXX,PAN,COA,2041,0.3,0.0,0.3,0.01,plan_grounded,grounded,0.0946,COMMITTED,CALIBRATED - pending PI sign-off,
VGB,PWRCOAPANXX,PAN,COA,2042,0.3,0.0,0.3,0.01,plan_grounded,grounded,0.0946,COMMITTED,CALIBRATED - pending PI sign-off,
VGB,PWRCOAPANXX,PAN,COA,2043,0.3,0.0,0.3,0.01,plan_grounded,grounded,0.0946,COMMITTED,CALIBRATED - pending PI sign-off,
VGB,PWRCOAPANXX,PAN,COA,2044,0.3,0.0,0.3,0.01,plan_grounded,grounded,0.0946,COMMITTED,CALIBRATED - pending PI sign-off,
VGB,PWRCOAPANXX,PAN,COA,2045,0.3,0.0,0.3,0.01,plan_grounded,grounded,0.0946,COMMITTED,CALIBRATED - pending PI sign-off,
VGB,PWRCOAPANXX,PAN,COA,2046,0.3,0.0,0.3,0.01,plan_grounded,grounded,0.0946,COMMITTED,CALIBRATED - pending PI sign-off,
VGB,PWRCOAPANXX,PAN,COA,2047,0.3,0.0,0.3,0.01,plan_grounded,grounded,0.0946,COMMITTED,CALIBRATED - pending PI sign-off,
VGB,PWRCOAPANXX,PAN,COA,2048,0.3,0.0,0.3,0.01,plan_grounded,grounded,0.0946,COMMITTED,CALIBRATED - pending PI sign-off,
VGB,PWRCOAPANXX,PAN,COA,2049,0.3,0.0,0.3,0.01,plan_grounded,grounded,0.0946,COMMITTED,CALIBRATED - pending PI sign-off,
VGB,PWRCOAPANXX,PAN,COA,2050,0.3,0.0,0.3,0.01,plan_grounded,grounded,0.0946,COMMITTED,CALIBRATED - pending PI sign-off,
VGB,PWRCOAPERXX,PER,COA,2027,0.015,0.0,0.015,0.1733,historical_implied,historical,0.082,COMMITTED,CALIBRATED - pending PI sign-off,
VGB,PWRCOAPERXX,PER,COA,2028,0.015,0.0,0.015,0.1733,historical_implied,historical,0.082,COMMITTED,CALIBRATED - pending PI sign-off,
VGB,PWRCOAPERXX,PER,COA,2029,0.015,0.0,0.015,0.1733,historical_implied,historical,0.082,COMMITTED,CALIBRATED - pending PI sign-off,
VGB,PWRCOAPERXX,PER,COA,2030,0.015,0.0,0.015,0.1733,historical_implied,historical,0.082,COMMITTED,CALIBRATED - pending PI sign-off,
VGB,PWRCOAPERXX,PER,COA,2031,0.015,0.0,0.015,0.1733,historical_implied,historical,0.082,COMMITTED,CALIBRATED - pending PI sign-off,
VGB,PWRCOAPERXX,PER,COA,2032,0.015,0.0,0.015,0.1733,historical_implied,historical,0.082,COMMITTED,CALIBRATED - pending PI sign-off,
VGB,PWRCOAPERXX,PER,COA,2033,0.015,0.0,0.015,0.1733,historical_implied,historical,0.082,COMMITTED,CALIBRATED - pending PI sign-off,
VGB,PWRCOAPERXX,PER,COA,2034,0.015,0.0,0.015,0.1733,historical_implied,historical,0.082,COMMITTED,CALIBRATED - pending PI sign-off,
VGB,PWRCOAPERXX,PER,COA,2035,0.015,0.0,0.015,0.1733,historical_implied,historical,0.082,COMMITTED,CALIBRATED - pending PI sign-off,
VGB,PWRCOAPERXX,PER,COA,2036,0.015,0.0,0.015,0.1733,historical_implied,historical,0.082,COMMITTED,CALIBRATED - pending PI sign-off,
VGB,PWRCOAPERXX,PER,COA,2037,0.015,0.0,0.015,0.1733,historical_implied,historical,0.082,COMMITTED,CALIBRATED - pending PI sign-off,
VGB,PWRCOAPERXX,PER,COA,2038,0.015,0.0,0.015,0.1733,historical_implied,historical,0.082,COMMITTED,CALIBRATED - pending PI sign-off,
VGB,PWRCOAPERXX,PER,COA,2039,0.015,0.0,0.015,0.1733,historical_implied,historical,0.082,COMMITTED,CALIBRATED - pending PI sign-off,
VGB,PWRCOAPERXX,PER,COA,2040,0.015,0.0,0.015,0.1733,historical_implied,historical,0.082,COMMITTED,CALIBRATED - pending PI sign-off,
VGB,PWRCOAPERXX,PER,COA,2041,0.015,0.0,0.015,0.1733,historical_implied,historical,0.082,COMMITTED,CALIBRATED - pending PI sign-off,
VGB,PWRCOAPERXX,PER,COA,2042,0.015,0.0,0.015,0.1733,historical_implied,historical,0.082,COMMITTED,CALIBRATED - pending PI sign-off,
VGB,PWRCOAPERXX,PER,COA,2043,0.015,0.0,0.015,0.1733,historical_implied,historical,0.082,COMMITTED,CALIBRATED - pending PI sign-off,
VGB,PWRCOAPERXX,PER,COA,2044,0.015,0.0,0.015,0.1733,historical_implied,historical,0.082,COMMITTED,CALIBRATED - pending PI sign-off,
VGB,PWRCOAPERXX,PER,COA,2045,0.015,0.0,0.015,0.1733,historical_implied,historical,0.082,COMMITTED,CALIBRATED - pending PI sign-off,
VGB,PWRCOAPERXX,PER,COA,2046,0.015,0.0,0.015,0.1733,historical_implied,historical,0.082,COMMITTED,CALIBRATED - pending PI sign-off,
VGB,PWRCOAPERXX,PER,COA,2047,0.015,0.0,0.015,0.1733,historical_implied,historical,0.082,COMMITTED,CALIBRATED - pending PI sign-off,
VGB,PWRCOAPERXX,PER,COA,2048,0.015,0.0,0.015,0.1733,historical_implied,historical,0.082,COMMITTED,CALIBRATED - pending PI sign-off,
VGB,PWRCOAPERXX,PER,COA,2049,0.015,0.0,0.015,0.1733,historical_implied,historical,0.082,COMMITTED,CALIBRATED - pending PI sign-off,
VGB,PWRCOAPERXX,PER,COA,2050,0.015,0.0,0.015,0.1733,historical_implied,historical,0.082,COMMITTED,CALIBRATED - pending PI sign-off,
VGB,PWRNGSARGXX,ARG,NGS,2027,19.526,0.0,19.526,0.37,plan_grounded,grounded,227.8356,COMMITTED,CALIBRATED - pending PI sign-off,
VGB,PWRNGSARGXX,ARG,NGS,2028,19.526,0.0,19.526,0.37,plan_grounded,grounded,227.8356,COMMITTED,CALIBRATED - pending PI sign-off,
VGB,PWRNGSARGXX,ARG,NGS,2029,19.526,0.0,19.526,0.37,plan_grounded,grounded,227.8356,COMMITTED,CALIBRATED - pending PI sign-off,
VGB,PWRNGSARGXX,ARG,NGS,2030,19.526,0.0,19.526,0.37,plan_grounded,grounded,227.8356,COMMITTED,CALIBRATED - pending PI sign-off,
VGB,PWRNGSARGXX,ARG,NGS,2031,19.526,0.0,19.526,0.37,plan_grounded,grounded,227.8356,COMMITTED,CALIBRATED - pending PI sign-off,
VGB,PWRNGSARGXX,ARG,NGS,2032,19.526,0.0,19.526,0.37,plan_grounded,grounded,227.8356,COMMITTED,CALIBRATED - pending PI sign-off,
VGB,PWRNGSARGXX,ARG,NGS,2033,19.526,0.0,19.526,0.37,plan_grounded,grounded,227.8356,COMMITTED,CALIBRATED - pending PI sign-off,
VGB,PWRNGSARGXX,ARG,NGS,2034,19.526,0.0,19.526,0.37,plan_grounded,grounded,227.8356,COMMITTED,CALIBRATED - pending PI sign-off,
VGB,PWRNGSARGXX,ARG,NGS,2035,19.526,0.0,19.526,0.37,plan_grounded,grounded,227.8356,COMMITTED,CALIBRATED - pending PI sign-off,
VGB,PWRNGSARGXX,ARG,NGS,2036,19.526,0.0,19.526,0.37,plan_grounded,grounded,227.8356,COMMITTED,CALIBRATED - pending PI sign-off,
VGB,PWRNGSARGXX,ARG,NGS,2037,19.526,0.0,19.526,0.37,plan_grounded,grounded,227.8356,COMMITTED,CALIBRATED - pending PI sign-off,
VGB,PWRNGSARGXX,ARG,NGS,2038,19.526,0.0,19.526,0.37,plan_grounded,grounded,227.8356,COMMITTED,CALIBRATED - pending PI sign-off,
VGB,PWRNGSARGXX,ARG,NGS,2039,19.526,0.0,19.526,0.37,plan_grounded,grounded,227.8356,COMMITTED,CALIBRATED - pending PI sign-off,
VGB,PWRNGSARGXX,ARG,NGS,2040,19.526,0.0,19.526,0.37,plan_grounded,grounded,227.8356,COMMITTED,CALIBRATED - pending PI sign-off,
VGB,PWRNGSARGXX,ARG,NGS,2041,19.526,0.0,19.526,0.37,plan_grounded,grounded,227.8356,COMMITTED,CALIBRATED - pending PI sign-off,
VGB,PWRNGSARGXX,ARG,NGS,2042,19.526,0.0,19.526,0.37,plan_grounded,grounded,227.8356,COMMITTED,CALIBRATED - pending PI sign-off,
VGB,PWRNGSARGXX,ARG,NGS,2043,19.526,0.0,19.526,0.37,plan_grounded,grounded,227.8356,COMMITTED,CALIBRATED - pending PI sign-off,
VGB,PWRNGSARGXX,ARG,NGS,2044,19.526,0.0,19.526,0.37,plan_grounded,grounded,227.8356,COMMITTED,CALIBRATED - pending PI sign-off,
VGB,PWRNGSARGXX,ARG,NGS,2045,19.526,0.0,19.526,0.37,plan_grounded,grounded,227.8356,COMMITTED,CALIBRATED - pending PI sign-off,
VGB,PWRNGSARGXX,ARG,NGS,2046,19.526,0.0,19.526,0.37,plan_grounded,grounded,227.8356,COMMITTED,CALIBRATED - pending PI sign-off,
VGB,PWRNGSARGXX,ARG,NGS,2047,19.526,0.0,19.526,0.37,plan_grounded,grounded,227.8356,COMMITTED,CALIBRATED - pending PI sign-off,
VGB,PWRNGSARGXX,ARG,NGS,2048,19.526,0.0,19.526,0.37,plan_grounded,grounded,227.8356,COMMITTED,CALIBRATED - pending PI sign-off,
VGB,PWRNGSARGXX,ARG,NGS,2049,19.526,0.0,19.526,0.37,plan_grounded,grounded,227.8356,COMMITTED,CALIBRATED - pending PI sign-off,
VGB,PWRNGSARGXX,ARG,NGS,2050,19.526,0.0,19.526,0.37,plan_grounded,grounded,227.8356,COMMITTED,CALIBRATED - pending PI sign-off,
VGB,PWRNGSBOLXX,BOL,NGS,2027,2.7192,0.0,2.7192,0.36,plan_grounded,grounded,30.871,COMMITTED,CALIBRATED - pending PI sign-off,
VGB,PWRNGSBOLXX,BOL,NGS,2028,2.7192,0.0,2.7192,0.36,plan_grounded,grounded,30.871,COMMITTED,CALIBRATED - pending PI sign-off,
VGB,PWRNGSBOLXX,BOL,NGS,2029,2.7192,0.0,2.7192,0.36,plan_grounded,grounded,30.871,COMMITTED,CALIBRATED - pending PI sign-off,
VGB,PWRNGSBOLXX,BOL,NGS,2030,2.7192,0.0,2.7192,0.36,plan_grounded,grounded,30.871,COMMITTED,CALIBRATED - pending PI sign-off,
VGB,PWRNGSBOLXX,BOL,NGS,2031,2.7192,0.0,2.7192,0.36,plan_grounded,grounded,30.871,COMMITTED,CALIBRATED - pending PI sign-off,
VGB,PWRNGSBOLXX,BOL,NGS,2032,2.7192,0.0,2.7192,0.36,plan_grounded,grounded,30.871,COMMITTED,CALIBRATED - pending PI sign-off,
VGB,PWRNGSBOLXX,BOL,NGS,2033,2.7192,0.0,2.7192,0.36,plan_grounded,grounded,30.871,COMMITTED,CALIBRATED - pending PI sign-off,
VGB,PWRNGSBOLXX,BOL,NGS,2034,2.7192,0.0,2.7192,0.36,plan_grounded,grounded,30.871,COMMITTED,CALIBRATED - pending PI sign-off,
VGB,PWRNGSBOLXX,BOL,NGS,2035,2.7192,0.0,2.7192,0.36,plan_grounded,grounded,30.871,COMMITTED,CALIBRATED - pending PI sign-off,
VGB,PWRNGSBOLXX,BOL,NGS,2036,2.7192,0.0,2.7192,0.36,plan_grounded,grounded,30.871,COMMITTED,CALIBRATED - pending PI sign-off,
VGB,PWRNGSBOLXX,BOL,NGS,2037,2.7192,0.0,2.7192,0.36,plan_grounded,grounded,30.871,COMMITTED,CALIBRATED - pending PI sign-off,
VGB,PWRNGSBOLXX,BOL,NGS,2038,2.7192,0.0,2.7192,0.36,plan_grounded,grounded,30.871,COMMITTED,CALIBRATED - pending PI sign-off,
VGB,PWRNGSBOLXX,BOL,NGS,2039,2.7192,0.0,2.7192,0.36,plan_grounded,grounded,30.871,COMMITTED,CALIBRATED - pending PI sign-off,
VGB,PWRNGSBOLXX,BOL,NGS,2040,2.7192,0.0,2.7192,0.36,plan_grounded,grounded,30.871,COMMITTED,CALIBRATED - pending PI sign-off,
VGB,PWRNGSBOLXX,BOL,NGS,2041,2.7192,0.0,2.7192,0.36,plan_grounded,grounded,30.871,COMMITTED,CALIBRATED - pending PI sign-off,
VGB,PWRNGSBOLXX,BOL,NGS,2042,2.7192,0.0,2.7192,0.36,plan_grounded,grounded,30.871,COMMITTED,CALIBRATED - pending PI sign-off,
VGB,PWRNGSBOLXX,BOL,NGS,2043,2.7192,0.0,2.7192,0.36,plan_grounded,grounded,30.871,COMMITTED,CALIBRATED - pending PI sign-off,
VGB,PWRNGSBOLXX,BOL,NGS,2044,2.7192,0.0,2.7192,0.36,plan_grounded,grounded,30.871,COMMITTED,CALIBRATED - pending PI sign-off,
VGB,PWRNGSBOLXX,BOL,NGS,2045,2.7192,0.0,2.7192,0.36,plan_grounded,grounded,30.871,COMMITTED,CALIBRATED - pending PI sign-off,
VGB,PWRNGSBOLXX,BOL,NGS,2046,2.7192,0.0,2.7192,0.36,plan_grounded,grounded,30.871,COMMITTED,CALIBRATED - pending PI sign-off,
VGB,PWRNGSBOLXX,BOL,NGS,2047,2.7192,0.0,2.7192,0.36,plan_grounded,grounded,30.871,COMMITTED,CALIBRATED - pending PI sign-off,
VGB,PWRNGSBOLXX,BOL,NGS,2048,2.7192,0.0,2.7192,0.36,plan_grounded,grounded,30.871,COMMITTED,CALIBRATED - pending PI sign-off,
VGB,PWRNGSBOLXX,BOL,NGS,2049,2.7192,0.0,2.7192,0.36,plan_grounded,grounded,30.871,COMMITTED,CALIBRATED - pending PI sign-off,
VGB,PWRNGSBOLXX,BOL,NGS,2050,2.7192,0.0,2.7192,0.36,plan_grounded,grounded,30.871,COMMITTED,CALIBRATED - pending PI sign-off,
VGB,PWRNGSBRAXX,BRA,NGS,2027,18.865,0.605,18.26,0.12,plan_grounded,grounded,71.3912,COMMITTED,CALIBRATED - pending PI sign-off,2025.0
VGB,PWRNGSBRAXX,BRA,NGS,2028,18.865,0.605,18.26,0.12,plan_grounded,grounded,71.3912,COMMITTED,CALIBRATED - pending PI sign-off,2025.0
VGB,PWRNGSBRAXX,BRA,NGS,2029,18.865,0.605,18.26,0.12,plan_grounded,grounded,71.3912,COMMITTED,CALIBRATED - pending PI sign-off,2025.0
VGB,PWRNGSBRAXX,BRA,NGS,2030,18.865,0.605,18.26,0.12,plan_grounded,grounded,71.3912,COMMITTED,CALIBRATED - pending PI sign-off,2025.0
VGB,PWRNGSBRAXX,BRA,NGS,2031,18.865,0.605,18.26,0.12,plan_grounded,grounded,71.3912,COMMITTED,CALIBRATED - pending PI sign-off,2025.0
VGB,PWRNGSBRAXX,BRA,NGS,2032,18.865,0.605,18.26,0.12,plan_grounded,grounded,71.3912,COMMITTED,CALIBRATED - pending PI sign-off,2025.0
VGB,PWRNGSBRAXX,BRA,NGS,2033,18.865,0.605,18.26,0.12,plan_grounded,grounded,71.3912,COMMITTED,CALIBRATED - pending PI sign-off,2025.0
VGB,PWRNGSBRAXX,BRA,NGS,2034,18.865,0.605,18.26,0.12,plan_grounded,grounded,71.3912,COMMITTED,CALIBRATED - pending PI sign-off,2025.0
VGB,PWRNGSBRAXX,BRA,NGS,2035,18.865,0.605,18.26,0.12,plan_grounded,grounded,71.3912,COMMITTED,CALIBRATED - pending PI sign-off,2025.0
VGB,PWRNGSBRAXX,BRA,NGS,2036,18.865,0.605,18.26,0.12,plan_grounded,grounded,71.3912,COMMITTED,CALIBRATED - pending PI sign-off,2025.0
VGB,PWRNGSBRAXX,BRA,NGS,2037,18.865,0.605,18.26,0.12,plan_grounded,grounded,71.3912,COMMITTED,CALIBRATED - pending PI sign-off,2025.0
VGB,PWRNGSBRAXX,BRA,NGS,2038,18.865,0.605,18.26,0.12,plan_grounded,grounded,71.3912,COMMITTED,CALIBRATED - pending PI sign-off,2025.0
VGB,PWRNGSBRAXX,BRA,NGS,2039,18.865,0.605,18.26,0.12,plan_grounded,grounded,71.3912,COMMITTED,CALIBRATED - pending PI sign-off,2025.0
VGB,PWRNGSBRAXX,BRA,NGS,2040,18.865,0.605,18.26,0.12,plan_grounded,grounded,71.3912,COMMITTED,CALIBRATED - pending PI sign-off,2025.0
VGB,PWRNGSBRAXX,BRA,NGS,2041,18.865,0.605,18.26,0.12,plan_grounded,grounded,71.3912,COMMITTED,CALIBRATED - pending PI sign-off,2025.0
VGB,PWRNGSBRAXX,BRA,NGS,2042,18.865,0.605,18.26,0.12,plan_grounded,grounded,71.3912,COMMITTED,CALIBRATED - pending PI sign-off,2025.0
VGB,PWRNGSBRAXX,BRA,NGS,2043,18.865,0.605,18.26,0.12,plan_grounded,grounded,71.3912,COMMITTED,CALIBRATED - pending PI sign-off,2025.0
VGB,PWRNGSBRAXX,BRA,NGS,2044,18.865,0.605,18.26,0.12,plan_grounded,grounded,71.3912,COMMITTED,CALIBRATED - pending PI sign-off,2025.0
VGB,PWRNGSBRAXX,BRA,NGS,2045,18.865,0.605,18.26,0.12,plan_grounded,grounded,71.3912,COMMITTED,CALIBRATED - pending PI sign-off,2025.0
VGB,PWRNGSBRAXX,BRA,NGS,2046,18.865,0.605,18.26,0.12,plan_grounded,grounded,71.3912,COMMITTED,CALIBRATED - pending PI sign-off,2025.0
VGB,PWRNGSBRAXX,BRA,NGS,2047,18.865,0.605,18.26,0.12,plan_grounded,grounded,71.3912,COMMITTED,CALIBRATED - pending PI sign-off,2025.0
VGB,PWRNGSBRAXX,BRA,NGS,2048,18.865,0.605,18.26,0.12,plan_grounded,grounded,71.3912,COMMITTED,CALIBRATED - pending PI sign-off,2025.0
VGB,PWRNGSBRAXX,BRA,NGS,2049,18.865,0.605,18.26,0.12,plan_grounded,grounded,71.3912,COMMITTED,CALIBRATED - pending PI sign-off,2025.0
VGB,PWRNGSBRAXX,BRA,NGS,2050,18.865,0.605,18.26,0.12,plan_grounded,grounded,71.3912,COMMITTED,CALIBRATED - pending PI sign-off,2025.0
VGB,PWRNGSCHLXX,CHL,NGS,2027,5.5205,0.0,5.5205,0.3,plan_grounded,proxy,52.2283,COMMITTED,CALIBRATED - pending PI sign-off,
VGB,PWRNGSCHLXX,CHL,NGS,2028,5.5205,0.0,5.5205,0.3,plan_grounded,proxy,52.2283,COMMITTED,CALIBRATED - pending PI sign-off,
VGB,PWRNGSCHLXX,CHL,NGS,2029,5.5205,0.0,5.5205,0.3,plan_grounded,proxy,52.2283,COMMITTED,CALIBRATED - pending PI sign-off,
VGB,PWRNGSCHLXX,CHL,NGS,2030,5.5205,0.0,5.5205,0.3,plan_grounded,proxy,52.2283,COMMITTED,CALIBRATED - pending PI sign-off,
VGB,PWRNGSCHLXX,CHL,NGS,2031,5.5205,0.0,5.5205,0.3,plan_grounded,proxy,52.2283,COMMITTED,CALIBRATED - pending PI sign-off,
VGB,PWRNGSCHLXX,CHL,NGS,2032,5.5205,0.0,5.5205,0.3,plan_grounded,proxy,52.2283,COMMITTED,CALIBRATED - pending PI sign-off,
VGB,PWRNGSCHLXX,CHL,NGS,2033,5.5205,0.0,5.5205,0.3,plan_grounded,proxy,52.2283,COMMITTED,CALIBRATED - pending PI sign-off,
VGB,PWRNGSCHLXX,CHL,NGS,2034,5.5205,0.0,5.5205,0.3,plan_grounded,proxy,52.2283,COMMITTED,CALIBRATED - pending PI sign-off,
VGB,PWRNGSCHLXX,CHL,NGS,2035,5.5205,0.0,5.5205,0.3,plan_grounded,proxy,52.2283,COMMITTED,CALIBRATED - pending PI sign-off,
VGB,PWRNGSCHLXX,CHL,NGS,2036,5.5205,0.0,5.5205,0.3,plan_grounded,proxy,52.2283,COMMITTED,CALIBRATED - pending PI sign-off,
VGB,PWRNGSCHLXX,CHL,NGS,2037,5.5205,0.0,5.5205,0.3,plan_grounded,proxy,52.2283,COMMITTED,CALIBRATED - pending PI sign-off,
VGB,PWRNGSCHLXX,CHL,NGS,2038,5.5205,0.0,5.5205,0.3,plan_grounded,proxy,52.2283,COMMITTED,CALIBRATED - pending PI sign-off,
VGB,PWRNGSCHLXX,CHL,NGS,2039,5.5205,0.0,5.5205,0.3,plan_grounded,proxy,52.2283,COMMITTED,CALIBRATED - pending PI sign-off,
VGB,PWRNGSCHLXX,CHL,NGS,2040,5.5205,0.0,5.5205,0.3,plan_grounded,proxy,52.2283,COMMITTED,CALIBRATED - pending PI sign-off,
VGB,PWRNGSCHLXX,CHL,NGS,2041,5.5205,0.0,5.5205,0.3,plan_grounded,proxy,52.2283,COMMITTED,CALIBRATED - pending PI sign-off,
VGB,PWRNGSCHLXX,CHL,NGS,2042,5.5205,0.0,5.5205,0.3,plan_grounded,proxy,52.2283,COMMITTED,CALIBRATED - pending PI sign-off,
VGB,PWRNGSCHLXX,CHL,NGS,2043,5.5205,0.0,5.5205,0.3,plan_grounded,proxy,52.2283,COMMITTED,CALIBRATED - pending PI sign-off,
VGB,PWRNGSCHLXX,CHL,NGS,2044,5.5205,0.0,5.5205,0.3,plan_grounded,proxy,52.2283,COMMITTED,CALIBRATED - pending PI sign-off,
VGB,PWRNGSCHLXX,CHL,NGS,2045,5.5205,0.0,5.5205,0.3,plan_grounded,proxy,52.2283,COMMITTED,CALIBRATED - pending PI sign-off,
VGB,PWRNGSCHLXX,CHL,NGS,2046,5.5205,0.0,5.5205,0.3,plan_grounded,proxy,52.2283,COMMITTED,CALIBRATED - pending PI sign-off,
VGB,PWRNGSCHLXX,CHL,NGS,2047,5.5205,0.0,5.5205,0.3,plan_grounded,proxy,52.2283,COMMITTED,CALIBRATED - pending PI sign-off,
VGB,PWRNGSCHLXX,CHL,NGS,2048,5.5205,0.0,5.5205,0.3,plan_grounded,proxy,52.2283,COMMITTED,CALIBRATED - pending PI sign-off,
VGB,PWRNGSCHLXX,CHL,NGS,2049,5.5205,0.0,5.5205,0.3,plan_grounded,proxy,52.2283,COMMITTED,CALIBRATED - pending PI sign-off,
VGB,PWRNGSCHLXX,CHL,NGS,2050,5.5205,0.0,5.5205,0.3,plan_grounded,proxy,52.2283,COMMITTED,CALIBRATED - pending PI sign-off,
VGB,PWRNGSCOLXX,COL,NGS,2027,3.1041,0.0,3.1041,0.15,plan_grounded,grounded,14.6836,COMMITTED,CALIBRATED - pending PI sign-off,
VGB,PWRNGSCOLXX,COL,NGS,2028,3.1041,0.0,3.1041,0.15,plan_grounded,grounded,14.6836,COMMITTED,CALIBRATED - pending PI sign-off,
VGB,PWRNGSCOLXX,COL,NGS,2029,3.1041,0.0,3.1041,0.15,plan_grounded,grounded,14.6836,COMMITTED,CALIBRATED - pending PI sign-off,
VGB,PWRNGSCOLXX,COL,NGS,2030,3.1041,0.0,3.1041,0.15,plan_grounded,grounded,14.6836,COMMITTED,CALIBRATED - pending PI sign-off,
VGB,PWRNGSCOLXX,COL,NGS,2031,3.1041,0.0,3.1041,0.15,plan_grounded,grounded,14.6836,COMMITTED,CALIBRATED - pending PI sign-off,
VGB,PWRNGSCOLXX,COL,NGS,2032,3.1041,0.0,3.1041,0.15,plan_grounded,grounded,14.6836,COMMITTED,CALIBRATED - pending PI sign-off,
VGB,PWRNGSCOLXX,COL,NGS,2033,3.1041,0.0,3.1041,0.15,plan_grounded,grounded,14.6836,COMMITTED,CALIBRATED - pending PI sign-off,
VGB,PWRNGSCOLXX,COL,NGS,2034,3.1041,0.0,3.1041,0.15,plan_grounded,grounded,14.6836,COMMITTED,CALIBRATED - pending PI sign-off,
VGB,PWRNGSCOLXX,COL,NGS,2035,3.1041,0.0,3.1041,0.15,plan_grounded,grounded,14.6836,COMMITTED,CALIBRATED - pending PI sign-off,
VGB,PWRNGSCOLXX,COL,NGS,2036,3.1041,0.0,3.1041,0.15,plan_grounded,grounded,14.6836,COMMITTED,CALIBRATED - pending PI sign-off,
VGB,PWRNGSCOLXX,COL,NGS,2037,3.1041,0.0,3.1041,0.15,plan_grounded,grounded,14.6836,COMMITTED,CALIBRATED - pending PI sign-off,
VGB,PWRNGSCOLXX,COL,NGS,2038,3.1041,0.0,3.1041,0.15,plan_grounded,grounded,14.6836,COMMITTED,CALIBRATED - pending PI sign-off,
VGB,PWRNGSCOLXX,COL,NGS,2039,3.1041,0.0,3.1041,0.15,plan_grounded,grounded,14.6836,COMMITTED,CALIBRATED - pending PI sign-off,
VGB,PWRNGSCOLXX,COL,NGS,2040,3.1041,0.0,3.1041,0.15,plan_grounded,grounded,14.6836,COMMITTED,CALIBRATED - pending PI sign-off,
VGB,PWRNGSCOLXX,COL,NGS,2041,3.1041,0.0,3.1041,0.15,plan_grounded,grounded,14.6836,COMMITTED,CALIBRATED - pending PI sign-off,
VGB,PWRNGSCOLXX,COL,NGS,2042,3.1041,0.0,3.1041,0.15,plan_grounded,grounded,14.6836,COMMITTED,CALIBRATED - pending PI sign-off,
VGB,PWRNGSCOLXX,COL,NGS,2043,3.1041,0.0,3.1041,0.15,plan_grounded,grounded,14.6836,COMMITTED,CALIBRATED - pending PI sign-off,
VGB,PWRNGSCOLXX,COL,NGS,2044,3.1041,0.0,3.1041,0.15,plan_grounded,grounded,14.6836,COMMITTED,CALIBRATED - pending PI sign-off,
VGB,PWRNGSCOLXX,COL,NGS,2045,3.1041,0.0,3.1041,0.15,plan_grounded,grounded,14.6836,COMMITTED,CALIBRATED - pending PI sign-off,
VGB,PWRNGSCOLXX,COL,NGS,2046,3.1041,0.0,3.1041,0.15,plan_grounded,grounded,14.6836,COMMITTED,CALIBRATED - pending PI sign-off,
VGB,PWRNGSCOLXX,COL,NGS,2047,3.1041,0.0,3.1041,0.15,plan_grounded,grounded,14.6836,COMMITTED,CALIBRATED - pending PI sign-off,
VGB,PWRNGSCOLXX,COL,NGS,2048,3.1041,0.0,3.1041,0.15,plan_grounded,grounded,14.6836,COMMITTED,CALIBRATED - pending PI sign-off,
VGB,PWRNGSCOLXX,COL,NGS,2049,3.1041,0.0,3.1041,0.15,plan_grounded,grounded,14.6836,COMMITTED,CALIBRATED - pending PI sign-off,
VGB,PWRNGSCOLXX,COL,NGS,2050,3.1041,0.0,3.1041,0.15,plan_grounded,grounded,14.6836,COMMITTED,CALIBRATED - pending PI sign-off,
VGB,PWRNGSDOMXX,DOM,NGS,2027,1.825,0.0,1.825,0.53,plan_grounded,grounded,30.5032,COMMITTED,CALIBRATED - pending PI sign-off,2033.0
VGB,PWRNGSDOMXX,DOM,NGS,2028,1.825,0.0,1.825,0.53,plan_grounded,grounded,30.5032,COMMITTED,CALIBRATED - pending PI sign-off,2033.0
VGB,PWRNGSDOMXX,DOM,NGS,2029,1.825,0.0,1.825,0.53,plan_grounded,grounded,30.5032,COMMITTED,CALIBRATED - pending PI sign-off,2033.0
VGB,PWRNGSDOMXX,DOM,NGS,2030,1.825,0.0,1.825,0.53,plan_grounded,grounded,30.5032,COMMITTED,CALIBRATED - pending PI sign-off,2033.0
VGB,PWRNGSDOMXX,DOM,NGS,2031,1.825,0.0,1.825,0.53,plan_grounded,grounded,30.5032,COMMITTED,CALIBRATED - pending PI sign-off,2033.0
VGB,PWRNGSDOMXX,DOM,NGS,2032,1.825,0.0,1.825,0.53,plan_grounded,grounded,30.5032,COMMITTED,CALIBRATED - pending PI sign-off,2033.0
VGB,PWRNGSDOMXX,DOM,NGS,2033,1.885,0.06,1.825,0.53,plan_grounded,grounded,31.506,COMMITTED,CALIBRATED - pending PI sign-off,2033.0
VGB,PWRNGSDOMXX,DOM,NGS,2034,1.885,0.06,1.825,0.53,plan_grounded,grounded,31.506,COMMITTED,CALIBRATED - pending PI sign-off,2033.0
VGB,PWRNGSDOMXX,DOM,NGS,2035,1.885,0.06,1.825,0.53,plan_grounded,grounded,31.506,COMMITTED,CALIBRATED - pending PI sign-off,2033.0
VGB,PWRNGSDOMXX,DOM,NGS,2036,1.885,0.06,1.825,0.53,plan_grounded,grounded,31.506,COMMITTED,CALIBRATED - pending PI sign-off,2033.0
VGB,PWRNGSDOMXX,DOM,NGS,2037,1.885,0.06,1.825,0.53,plan_grounded,grounded,31.506,COMMITTED,CALIBRATED - pending PI sign-off,2033.0
VGB,PWRNGSDOMXX,DOM,NGS,2038,2.065,0.24,1.825,0.53,plan_grounded,grounded,34.5146,COMMITTED,CALIBRATED - pending PI sign-off,2033.0
VGB,PWRNGSDOMXX,DOM,NGS,2039,2.065,0.24,1.825,0.53,plan_grounded,grounded,34.5146,COMMITTED,CALIBRATED - pending PI sign-off,2033.0
VGB,PWRNGSDOMXX,DOM,NGS,2040,2.245,0.42,1.825,0.53,plan_grounded,grounded,37.5231,COMMITTED,CALIBRATED - pending PI sign-off,2033.0
VGB,PWRNGSDOMXX,DOM,NGS,2041,2.245,0.42,1.825,0.53,plan_grounded,grounded,37.5231,COMMITTED,CALIBRATED - pending PI sign-off,2033.0
VGB,PWRNGSDOMXX,DOM,NGS,2042,2.245,0.42,1.825,0.53,plan_grounded,grounded,37.5231,COMMITTED,CALIBRATED - pending PI sign-off,2033.0
VGB,PWRNGSDOMXX,DOM,NGS,2043,2.245,0.42,1.825,0.53,plan_grounded,grounded,37.5231,COMMITTED,CALIBRATED - pending PI sign-off,2033.0
VGB,PWRNGSDOMXX,DOM,NGS,2044,2.245,0.42,1.825,0.53,plan_grounded,grounded,37.5231,COMMITTED,CALIBRATED - pending PI sign-off,2033.0
VGB,PWRNGSDOMXX,DOM,NGS,2045,2.245,0.42,1.825,0.53,plan_grounded,grounded,37.5231,COMMITTED,CALIBRATED - pending PI sign-off,2033.0
VGB,PWRNGSDOMXX,DOM,NGS,2046,2.245,0.42,1.825,0.53,plan_grounded,grounded,37.5231,COMMITTED,CALIBRATED - pending PI sign-off,2033.0
VGB,PWRNGSDOMXX,DOM,NGS,2047,2.245,0.42,1.825,0.53,plan_grounded,grounded,37.5231,COMMITTED,CALIBRATED - pending PI sign-off,2033.0
VGB,PWRNGSDOMXX,DOM,NGS,2048,2.245,0.42,1.825,0.53,plan_grounded,grounded,37.5231,COMMITTED,CALIBRATED - pending PI sign-off,2033.0
VGB,PWRNGSDOMXX,DOM,NGS,2049,2.245,0.42,1.825,0.53,plan_grounded,grounded,37.5231,COMMITTED,CALIBRATED - pending PI sign-off,2033.0
VGB,PWRNGSDOMXX,DOM,NGS,2050,2.245,0.42,1.825,0.53,plan_grounded,grounded,37.5231,COMMITTED,CALIBRATED - pending PI sign-off,2033.0
VGB,PWRNGSECUXX,ECU,NGS,2027,0.9448,0.0,0.9448,0.2055,plan_grounded,grounded,6.1229,COMMITTED,CALIBRATED - pending PI sign-off,
VGB,PWRNGSECUXX,ECU,NGS,2028,0.9448,0.0,0.9448,0.2055,plan_grounded,grounded,6.1229,COMMITTED,CALIBRATED - pending PI sign-off,
VGB,PWRNGSECUXX,ECU,NGS,2029,0.9448,0.0,0.9448,0.2055,plan_grounded,grounded,6.1229,COMMITTED,CALIBRATED - pending PI sign-off,
VGB,PWRNGSECUXX,ECU,NGS,2030,0.9448,0.0,0.9448,0.2055,plan_grounded,grounded,6.1229,COMMITTED,CALIBRATED - pending PI sign-off,
VGB,PWRNGSECUXX,ECU,NGS,2031,0.9448,0.0,0.9448,0.2055,plan_grounded,grounded,6.1229,COMMITTED,CALIBRATED - pending PI sign-off,
VGB,PWRNGSECUXX,ECU,NGS,2032,0.9448,0.0,0.9448,0.2055,plan_grounded,grounded,6.1229,COMMITTED,CALIBRATED - pending PI sign-off,
VGB,PWRNGSECUXX,ECU,NGS,2033,0.9448,0.0,0.9448,0.2055,plan_grounded,grounded,6.1229,COMMITTED,CALIBRATED - pending PI sign-off,
VGB,PWRNGSECUXX,ECU,NGS,2034,0.9448,0.0,0.9448,0.2055,plan_grounded,grounded,6.1229,COMMITTED,CALIBRATED - pending PI sign-off,
VGB,PWRNGSECUXX,ECU,NGS,2035,0.9448,0.0,0.9448,0.2055,plan_grounded,grounded,6.1229,COMMITTED,CALIBRATED - pending PI sign-off,
VGB,PWRNGSECUXX,ECU,NGS,2036,0.9448,0.0,0.9448,0.2055,plan_grounded,grounded,6.1229,COMMITTED,CALIBRATED - pending PI sign-off,
VGB,PWRNGSECUXX,ECU,NGS,2037,0.9448,0.0,0.9448,0.2055,plan_grounded,grounded,6.1229,COMMITTED,CALIBRATED - pending PI sign-off,
VGB,PWRNGSECUXX,ECU,NGS,2038,0.9448,0.0,0.9448,0.2055,plan_grounded,grounded,6.1229,COMMITTED,CALIBRATED - pending PI sign-off,
VGB,PWRNGSECUXX,ECU,NGS,2039,0.9448,0.0,0.9448,0.2055,plan_grounded,grounded,6.1229,COMMITTED,CALIBRATED - pending PI sign-off,
VGB,PWRNGSECUXX,ECU,NGS,2040,0.9448,0.0,0.9448,0.2055,plan_grounded,grounded,6.1229,COMMITTED,CALIBRATED - pending PI sign-off,
VGB,PWRNGSECUXX,ECU,NGS,2041,0.9448,0.0,0.9448,0.2055,plan_grounded,grounded,6.1229,COMMITTED,CALIBRATED - pending PI sign-off,
VGB,PWRNGSECUXX,ECU,NGS,2042,0.9448,0.0,0.9448,0.2055,plan_grounded,grounded,6.1229,COMMITTED,CALIBRATED - pending PI sign-off,
VGB,PWRNGSECUXX,ECU,NGS,2043,0.9448,0.0,0.9448,0.2055,plan_grounded,grounded,6.1229,COMMITTED,CALIBRATED - pending PI sign-off,
VGB,PWRNGSECUXX,ECU,NGS,2044,0.9448,0.0,0.9448,0.2055,plan_grounded,grounded,6.1229,COMMITTED,CALIBRATED - pending PI sign-off,
VGB,PWRNGSECUXX,ECU,NGS,2045,0.9448,0.0,0.9448,0.2055,plan_grounded,grounded,6.1229,COMMITTED,CALIBRATED - pending PI sign-off,
VGB,PWRNGSECUXX,ECU,NGS,2046,0.9448,0.0,0.9448,0.2055,plan_grounded,grounded,6.1229,COMMITTED,CALIBRATED - pending PI sign-off,
VGB,PWRNGSECUXX,ECU,NGS,2047,0.9448,0.0,0.9448,0.2055,plan_grounded,grounded,6.1229,COMMITTED,CALIBRATED - pending PI sign-off,
VGB,PWRNGSECUXX,ECU,NGS,2048,0.9448,0.0,0.9448,0.2055,plan_grounded,grounded,6.1229,COMMITTED,CALIBRATED - pending PI sign-off,
VGB,PWRNGSECUXX,ECU,NGS,2049,0.9448,0.0,0.9448,0.2055,plan_grounded,grounded,6.1229,COMMITTED,CALIBRATED - pending PI sign-off,
VGB,PWRNGSECUXX,ECU,NGS,2050,0.9448,0.0,0.9448,0.2055,plan_grounded,grounded,6.1229,COMMITTED,CALIBRATED - pending PI sign-off,
VGB,PWRNGSGTMXX,GTM,NGS,2027,0.0026,0.0,0.0026,0.15,plan_grounded,proxy,0.0123,COMMITTED,CALIBRATED - pending PI sign-off,2035.0
VGB,PWRNGSGTMXX,GTM,NGS,2028,0.0026,0.0,0.0026,0.15,plan_grounded,proxy,0.0123,COMMITTED,CALIBRATED - pending PI sign-off,2035.0
VGB,PWRNGSGTMXX,GTM,NGS,2029,0.0026,0.0,0.0026,0.15,plan_grounded,proxy,0.0123,COMMITTED,CALIBRATED - pending PI sign-off,2035.0
VGB,PWRNGSGTMXX,GTM,NGS,2030,0.0026,0.0,0.0026,0.15,plan_grounded,proxy,0.0123,COMMITTED,CALIBRATED - pending PI sign-off,2035.0
VGB,PWRNGSGTMXX,GTM,NGS,2031,0.0026,0.0,0.0026,0.15,plan_grounded,proxy,0.0123,COMMITTED,CALIBRATED - pending PI sign-off,2035.0
VGB,PWRNGSGTMXX,GTM,NGS,2032,0.0026,0.0,0.0026,0.15,plan_grounded,proxy,0.0123,COMMITTED,CALIBRATED - pending PI sign-off,2035.0
VGB,PWRNGSGTMXX,GTM,NGS,2033,0.0026,0.0,0.0026,0.15,plan_grounded,proxy,0.0123,COMMITTED,CALIBRATED - pending PI sign-off,2035.0
VGB,PWRNGSGTMXX,GTM,NGS,2034,0.0026,0.0,0.0026,0.15,plan_grounded,proxy,0.0123,COMMITTED,CALIBRATED - pending PI sign-off,2035.0
VGB,PWRNGSGTMXX,GTM,NGS,2035,0.0526,0.05,0.0026,0.15,plan_grounded,proxy,0.2488,COMMITTED,CALIBRATED - pending PI sign-off,2035.0
VGB,PWRNGSGTMXX,GTM,NGS,2036,0.0526,0.05,0.0026,0.15,plan_grounded,proxy,0.2488,COMMITTED,CALIBRATED - pending PI sign-off,2035.0
VGB,PWRNGSGTMXX,GTM,NGS,2037,0.0526,0.05,0.0026,0.15,plan_grounded,proxy,0.2488,COMMITTED,CALIBRATED - pending PI sign-off,2035.0
VGB,PWRNGSGTMXX,GTM,NGS,2038,0.0526,0.05,0.0026,0.15,plan_grounded,proxy,0.2488,COMMITTED,CALIBRATED - pending PI sign-off,2035.0
VGB,PWRNGSGTMXX,GTM,NGS,2039,0.0526,0.05,0.0026,0.15,plan_grounded,proxy,0.2488,COMMITTED,CALIBRATED - pending PI sign-off,2035.0
VGB,PWRNGSGTMXX,GTM,NGS,2040,0.0526,0.05,0.0026,0.15,plan_grounded,proxy,0.2488,COMMITTED,CALIBRATED - pending PI sign-off,2035.0
VGB,PWRNGSGTMXX,GTM,NGS,2041,0.0526,0.05,0.0026,0.15,plan_grounded,proxy,0.2488,COMMITTED,CALIBRATED - pending PI sign-off,2035.0
VGB,PWRNGSGTMXX,GTM,NGS,2042,0.0526,0.05,0.0026,0.15,plan_grounded,proxy,0.2488,COMMITTED,CALIBRATED - pending PI sign-off,2035.0
VGB,PWRNGSGTMXX,GTM,NGS,2043,0.0526,0.05,0.0026,0.15,plan_grounded,proxy,0.2488,COMMITTED,CALIBRATED - pending PI sign-off,2035.0
VGB,PWRNGSGTMXX,GTM,NGS,2044,0.0526,0.05,0.0026,0.15,plan_grounded,proxy,0.2488,COMMITTED,CALIBRATED - pending PI sign-off,2035.0
VGB,PWRNGSGTMXX,GTM,NGS,2045,0.0526,0.05,0.0026,0.15,plan_grounded,proxy,0.2488,COMMITTED,CALIBRATED - pending PI sign-off,2035.0
VGB,PWRNGSGTMXX,GTM,NGS,2046,0.6526,0.65,0.0026,0.15,plan_grounded,proxy,3.0871,COMMITTED,CALIBRATED - pending PI sign-off,2035.0
VGB,PWRNGSGTMXX,GTM,NGS,2047,0.6526,0.65,0.0026,0.15,plan_grounded,proxy,3.0871,COMMITTED,CALIBRATED - pending PI sign-off,2035.0
VGB,PWRNGSGTMXX,GTM,NGS,2048,0.6526,0.65,0.0026,0.15,plan_grounded,proxy,3.0871,COMMITTED,CALIBRATED - pending PI sign-off,2035.0
VGB,PWRNGSGTMXX,GTM,NGS,2049,0.6526,0.65,0.0026,0.15,plan_grounded,proxy,3.0871,COMMITTED,CALIBRATED - pending PI sign-off,2035.0
VGB,PWRNGSGTMXX,GTM,NGS,2050,0.6526,0.65,0.0026,0.15,plan_grounded,proxy,3.0871,COMMITTED,CALIBRATED - pending PI sign-off,2035.0
VGB,PWRNGSMEXXX,MEX,NGS,2027,43.5375,3.7425,39.795,0.45,plan_grounded,grounded,617.8494,COMMITTED,CALIBRATED - pending PI sign-off,2025.0
VGB,PWRNGSMEXXX,MEX,NGS,2028,46.0285,6.2335,39.795,0.45,plan_grounded,grounded,653.1996,COMMITTED,CALIBRATED - pending PI sign-off,2025.0
VGB,PWRNGSMEXXX,MEX,NGS,2029,46.9625,7.1675,39.795,0.45,plan_grounded,grounded,666.4542,COMMITTED,CALIBRATED - pending PI sign-off,2025.0
VGB,PWRNGSMEXXX,MEX,NGS,2030,46.9625,7.1675,39.795,0.45,plan_grounded,grounded,666.4542,COMMITTED,CALIBRATED - pending PI sign-off,2025.0
VGB,PWRNGSMEXXX,MEX,NGS,2031,46.9625,7.1675,39.795,0.45,plan_grounded,grounded,666.4542,COMMITTED,CALIBRATED - pending PI sign-off,2025.0
VGB,PWRNGSMEXXX,MEX,NGS,2032,46.9625,7.1675,39.795,0.45,plan_grounded,grounded,666.4542,COMMITTED,CALIBRATED - pending PI sign-off,2025.0
VGB,PWRNGSMEXXX,MEX,NGS,2033,46.9625,7.1675,39.795,0.45,plan_grounded,grounded,666.4542,COMMITTED,CALIBRATED - pending PI sign-off,2025.0
VGB,PWRNGSMEXXX,MEX,NGS,2034,46.9625,7.1675,39.795,0.45,plan_grounded,grounded,666.4542,COMMITTED,CALIBRATED - pending PI sign-off,2025.0
VGB,PWRNGSMEXXX,MEX,NGS,2035,46.9625,7.1675,39.795,0.45,plan_grounded,grounded,666.4542,COMMITTED,CALIBRATED - pending PI sign-off,2025.0
VGB,PWRNGSMEXXX,MEX,NGS,2036,46.9625,7.1675,39.795,0.45,plan_grounded,grounded,666.4542,COMMITTED,CALIBRATED - pending PI sign-off,2025.0
VGB,PWRNGSMEXXX,MEX,NGS,2037,46.9625,7.1675,39.795,0.45,plan_grounded,grounded,666.4542,COMMITTED,CALIBRATED - pending PI sign-off,2025.0
VGB,PWRNGSMEXXX,MEX,NGS,2038,46.9625,7.1675,39.795,0.45,plan_grounded,grounded,666.4542,COMMITTED,CALIBRATED - pending PI sign-off,2025.0
VGB,PWRNGSMEXXX,MEX,NGS,2039,46.9625,7.1675,39.795,0.45,plan_grounded,grounded,666.4542,COMMITTED,CALIBRATED - pending PI sign-off,2025.0
VGB,PWRNGSMEXXX,MEX,NGS,2040,46.9625,7.1675,39.795,0.45,plan_grounded,grounded,666.4542,COMMITTED,CALIBRATED - pending PI sign-off,2025.0
VGB,PWRNGSMEXXX,MEX,NGS,2041,46.9625,7.1675,39.795,0.45,plan_grounded,grounded,666.4542,COMMITTED,CALIBRATED - pending PI sign-off,2025.0
VGB,PWRNGSMEXXX,MEX,NGS,2042,46.9625,7.1675,39.795,0.45,plan_grounded,grounded,666.4542,COMMITTED,CALIBRATED - pending PI sign-off,2025.0
VGB,PWRNGSMEXXX,MEX,NGS,2043,46.9625,7.1675,39.795,0.45,plan_grounded,grounded,666.4542,COMMITTED,CALIBRATED - pending PI sign-off,2025.0
VGB,PWRNGSMEXXX,MEX,NGS,2044,46.9625,7.1675,39.795,0.45,plan_grounded,grounded,666.4542,COMMITTED,CALIBRATED - pending PI sign-off,2025.0
VGB,PWRNGSMEXXX,MEX,NGS,2045,46.9625,7.1675,39.795,0.45,plan_grounded,grounded,666.4542,COMMITTED,CALIBRATED - pending PI sign-off,2025.0
VGB,PWRNGSMEXXX,MEX,NGS,2046,46.9625,7.1675,39.795,0.45,plan_grounded,grounded,666.4542,COMMITTED,CALIBRATED - pending PI sign-off,2025.0
VGB,PWRNGSMEXXX,MEX,NGS,2047,46.9625,7.1675,39.795,0.45,plan_grounded,grounded,666.4542,COMMITTED,CALIBRATED - pending PI sign-off,2025.0
VGB,PWRNGSMEXXX,MEX,NGS,2048,46.9625,7.1675,39.795,0.45,plan_grounded,grounded,666.4542,COMMITTED,CALIBRATED - pending PI sign-off,2025.0
VGB,PWRNGSMEXXX,MEX,NGS,2049,46.9625,7.1675,39.795,0.45,plan_grounded,grounded,666.4542,COMMITTED,CALIBRATED - pending PI sign-off,2025.0
VGB,PWRNGSMEXXX,MEX,NGS,2050,46.9625,7.1675,39.795,0.45,plan_grounded,grounded,666.4542,COMMITTED,CALIBRATED - pending PI sign-off,2025.0
VGB,PWRNGSPANXX,PAN,NGS,2027,0.381,0.0,0.381,0.35,plan_grounded,grounded,4.2053,COMMITTED,CALIBRATED - pending PI sign-off,2028.0
VGB,PWRNGSPANXX,PAN,NGS,2028,0.631,0.25,0.381,0.35,plan_grounded,grounded,6.9647,COMMITTED,CALIBRATED - pending PI sign-off,2028.0
VGB,PWRNGSPANXX,PAN,NGS,2029,0.631,0.25,0.381,0.35,plan_grounded,grounded,6.9647,COMMITTED,CALIBRATED - pending PI sign-off,2028.0
VGB,PWRNGSPANXX,PAN,NGS,2030,0.631,0.25,0.381,0.35,plan_grounded,grounded,6.9647,COMMITTED,CALIBRATED - pending PI sign-off,2028.0
VGB,PWRNGSPANXX,PAN,NGS,2031,0.631,0.25,0.381,0.35,plan_grounded,grounded,6.9647,COMMITTED,CALIBRATED - pending PI sign-off,2028.0
VGB,PWRNGSPANXX,PAN,NGS,2032,0.941,0.56,0.381,0.35,plan_grounded,grounded,10.3864,COMMITTED,CALIBRATED - pending PI sign-off,2028.0
VGB,PWRNGSPANXX,PAN,NGS,2033,0.941,0.56,0.381,0.35,plan_grounded,grounded,10.3864,COMMITTED,CALIBRATED - pending PI sign-off,2028.0
VGB,PWRNGSPANXX,PAN,NGS,2034,1.191,0.81,0.381,0.35,plan_grounded,grounded,13.1458,COMMITTED,CALIBRATED - pending PI sign-off,2028.0
VGB,PWRNGSPANXX,PAN,NGS,2035,1.241,0.86,0.381,0.35,plan_grounded,grounded,13.6977,COMMITTED,CALIBRATED - pending PI sign-off,2028.0
VGB,PWRNGSPANXX,PAN,NGS,2036,1.241,0.86,0.381,0.35,plan_grounded,grounded,13.6977,COMMITTED,CALIBRATED - pending PI sign-off,2028.0
VGB,PWRNGSPANXX,PAN,NGS,2037,1.241,0.86,0.381,0.35,plan_grounded,grounded,13.6977,COMMITTED,CALIBRATED - pending PI sign-off,2028.0
VGB,PWRNGSPANXX,PAN,NGS,2038,1.241,0.86,0.381,0.35,plan_grounded,grounded,13.6977,COMMITTED,CALIBRATED - pending PI sign-off,2028.0
VGB,PWRNGSPANXX,PAN,NGS,2039,1.241,0.86,0.381,0.35,plan_grounded,grounded,13.6977,COMMITTED,CALIBRATED - pending PI sign-off,2028.0
VGB,PWRNGSPANXX,PAN,NGS,2040,1.241,0.86,0.381,0.35,plan_grounded,grounded,13.6977,COMMITTED,CALIBRATED - pending PI sign-off,2028.0
VGB,PWRNGSPANXX,PAN,NGS,2041,1.241,0.86,0.381,0.35,plan_grounded,grounded,13.6977,COMMITTED,CALIBRATED - pending PI sign-off,2028.0
VGB,PWRNGSPANXX,PAN,NGS,2042,1.241,0.86,0.381,0.35,plan_grounded,grounded,13.6977,COMMITTED,CALIBRATED - pending PI sign-off,2028.0
VGB,PWRNGSPANXX,PAN,NGS,2043,1.241,0.86,0.381,0.35,plan_grounded,grounded,13.6977,COMMITTED,CALIBRATED - pending PI sign-off,2028.0
VGB,PWRNGSPANXX,PAN,NGS,2044,1.241,0.86,0.381,0.35,plan_grounded,grounded,13.6977,COMMITTED,CALIBRATED - pending PI sign-off,2028.0
VGB,PWRNGSPANXX,PAN,NGS,2045,1.241,0.86,0.381,0.35,plan_grounded,grounded,13.6977,COMMITTED,CALIBRATED - pending PI sign-off,2028.0
VGB,PWRNGSPANXX,PAN,NGS,2046,1.241,0.86,0.381,0.35,plan_grounded,grounded,13.6977,COMMITTED,CALIBRATED - pending PI sign-off,2028.0
VGB,PWRNGSPANXX,PAN,NGS,2047,1.241,0.86,0.381,0.35,plan_grounded,grounded,13.6977,COMMITTED,CALIBRATED - pending PI sign-off,2028.0
VGB,PWRNGSPANXX,PAN,NGS,2048,1.241,0.86,0.381,0.35,plan_grounded,grounded,13.6977,COMMITTED,CALIBRATED - pending PI sign-off,2028.0
VGB,PWRNGSPANXX,PAN,NGS,2049,1.241,0.86,0.381,0.35,plan_grounded,grounded,13.6977,COMMITTED,CALIBRATED - pending PI sign-off,2028.0
VGB,PWRNGSPANXX,PAN,NGS,2050,1.241,0.86,0.381,0.35,plan_grounded,grounded,13.6977,COMMITTED,CALIBRATED - pending PI sign-off,2028.0
VGB,PWRNGSPERXX,PER,NGS,2027,5.1548,0.0,5.1548,0.2779,plan_grounded,proxy,45.1759,COMMITTED,CALIBRATED - pending PI sign-off,2031.0
VGB,PWRNGSPERXX,PER,NGS,2028,5.1548,0.0,5.1548,0.2779,plan_grounded,proxy,45.1759,COMMITTED,CALIBRATED - pending PI sign-off,2031.0
VGB,PWRNGSPERXX,PER,NGS,2029,5.1548,0.0,5.1548,0.2779,plan_grounded,proxy,45.1759,COMMITTED,CALIBRATED - pending PI sign-off,2031.0
VGB,PWRNGSPERXX,PER,NGS,2030,5.1548,0.0,5.1548,0.2779,plan_grounded,proxy,45.1759,COMMITTED,CALIBRATED - pending PI sign-off,2031.0
VGB,PWRNGSPERXX,PER,NGS,2031,6.5798,1.425,5.1548,0.2779,plan_grounded,proxy,57.6644,COMMITTED,CALIBRATED - pending PI sign-off,2031.0
VGB,PWRNGSPERXX,PER,NGS,2032,6.5798,1.425,5.1548,0.2779,plan_grounded,proxy,57.6644,COMMITTED,CALIBRATED - pending PI sign-off,2031.0
VGB,PWRNGSPERXX,PER,NGS,2033,6.5798,1.425,5.1548,0.2779,plan_grounded,proxy,57.6644,COMMITTED,CALIBRATED - pending PI sign-off,2031.0
VGB,PWRNGSPERXX,PER,NGS,2034,6.5798,1.425,5.1548,0.2779,plan_grounded,proxy,57.6644,COMMITTED,CALIBRATED - pending PI sign-off,2031.0
VGB,PWRNGSPERXX,PER,NGS,2035,6.5798,1.425,5.1548,0.2779,plan_grounded,proxy,57.6644,COMMITTED,CALIBRATED - pending PI sign-off,2031.0
VGB,PWRNGSPERXX,PER,NGS,2036,6.5798,1.425,5.1548,0.2779,plan_grounded,proxy,57.6644,COMMITTED,CALIBRATED - pending PI sign-off,2031.0
VGB,PWRNGSPERXX,PER,NGS,2037,6.5798,1.425,5.1548,0.2779,plan_grounded,proxy,57.6644,COMMITTED,CALIBRATED - pending PI sign-off,2031.0
VGB,PWRNGSPERXX,PER,NGS,2038,6.5798,1.425,5.1548,0.2779,plan_grounded,proxy,57.6644,COMMITTED,CALIBRATED - pending PI sign-off,2031.0
VGB,PWRNGSPERXX,PER,NGS,2039,6.5798,1.425,5.1548,0.2779,plan_grounded,proxy,57.6644,COMMITTED,CALIBRATED - pending PI sign-off,2031.0
VGB,PWRNGSPERXX,PER,NGS,2040,6.5798,1.425,5.1548,0.2779,plan_grounded,proxy,57.6644,COMMITTED,CALIBRATED - pending PI sign-off,2031.0
VGB,PWRNGSPERXX,PER,NGS,2041,6.5798,1.425,5.1548,0.2779,plan_grounded,proxy,57.6644,COMMITTED,CALIBRATED - pending PI sign-off,2031.0
VGB,PWRNGSPERXX,PER,NGS,2042,6.5798,1.425,5.1548,0.2779,plan_grounded,proxy,57.6644,COMMITTED,CALIBRATED - pending PI sign-off,2031.0
VGB,PWRNGSPERXX,PER,NGS,2043,6.5798,1.425,5.1548,0.2779,plan_grounded,proxy,57.6644,COMMITTED,CALIBRATED - pending PI sign-off,2031.0
VGB,PWRNGSPERXX,PER,NGS,2044,6.5798,1.425,5.1548,0.2779,plan_grounded,proxy,57.6644,COMMITTED,CALIBRATED - pending PI sign-off,2031.0
VGB,PWRNGSPERXX,PER,NGS,2045,6.5798,1.425,5.1548,0.2779,plan_grounded,proxy,57.6644,COMMITTED,CALIBRATED - pending PI sign-off,2031.0
VGB,PWRNGSPERXX,PER,NGS,2046,6.5798,1.425,5.1548,0.2779,plan_grounded,proxy,57.6644,COMMITTED,CALIBRATED - pending PI sign-off,2031.0
VGB,PWRNGSPERXX,PER,NGS,2047,6.5798,1.425,5.1548,0.2779,plan_grounded,proxy,57.6644,COMMITTED,CALIBRATED - pending PI sign-off,2031.0
VGB,PWRNGSPERXX,PER,NGS,2048,6.5798,1.425,5.1548,0.2779,plan_grounded,proxy,57.6644,COMMITTED,CALIBRATED - pending PI sign-off,2031.0
VGB,PWRNGSPERXX,PER,NGS,2049,6.5798,1.425,5.1548,0.2779,plan_grounded,proxy,57.6644,COMMITTED,CALIBRATED - pending PI sign-off,2031.0
VGB,PWRNGSPERXX,PER,NGS,2050,6.5798,1.425,5.1548,0.2779,plan_grounded,proxy,57.6644,COMMITTED,CALIBRATED - pending PI sign-off,2031.0
VGB,PWRNGSSLVXX,SLV,NGS,2027,0.3877,0.0,0.3877,0.15,plan_grounded,grounded,1.834,COMMITTED,CALIBRATED - pending PI sign-off,2030.0
VGB,PWRNGSSLVXX,SLV,NGS,2028,0.3877,0.0,0.3877,0.15,plan_grounded,grounded,1.834,COMMITTED,CALIBRATED - pending PI sign-off,2030.0
VGB,PWRNGSSLVXX,SLV,NGS,2029,0.3877,0.0,0.3877,0.15,plan_grounded,grounded,1.834,COMMITTED,CALIBRATED - pending PI sign-off,2030.0
VGB,PWRNGSSLVXX,SLV,NGS,2030,0.4877,0.1,0.3877,0.15,plan_grounded,grounded,2.307,COMMITTED,CALIBRATED - pending PI sign-off,2030.0
VGB,PWRNGSSLVXX,SLV,NGS,2031,0.4877,0.1,0.3877,0.15,plan_grounded,grounded,2.307,COMMITTED,CALIBRATED - pending PI sign-off,2030.0
VGB,PWRNGSSLVXX,SLV,NGS,2032,0.7877,0.4,0.3877,0.15,plan_grounded,grounded,3.7261,COMMITTED,CALIBRATED - pending PI sign-off,2030.0
VGB,PWRNGSSLVXX,SLV,NGS,2033,0.7877,0.4,0.3877,0.15,plan_grounded,grounded,3.7261,COMMITTED,CALIBRATED - pending PI sign-off,2030.0
VGB,PWRNGSSLVXX,SLV,NGS,2034,0.7877,0.4,0.3877,0.15,plan_grounded,grounded,3.7261,COMMITTED,CALIBRATED - pending PI sign-off,2030.0
VGB,PWRNGSSLVXX,SLV,NGS,2035,1.1377,0.75,0.3877,0.15,plan_grounded,grounded,5.3818,COMMITTED,CALIBRATED - pending PI sign-off,2030.0
VGB,PWRNGSSLVXX,SLV,NGS,2036,1.1377,0.75,0.3877,0.15,plan_grounded,grounded,5.3818,COMMITTED,CALIBRATED - pending PI sign-off,2030.0
VGB,PWRNGSSLVXX,SLV,NGS,2037,1.1377,0.75,0.3877,0.15,plan_grounded,grounded,5.3818,COMMITTED,CALIBRATED - pending PI sign-off,2030.0
VGB,PWRNGSSLVXX,SLV,NGS,2038,1.1377,0.75,0.3877,0.15,plan_grounded,grounded,5.3818,COMMITTED,CALIBRATED - pending PI sign-off,2030.0
VGB,PWRNGSSLVXX,SLV,NGS,2039,1.1377,0.75,0.3877,0.15,plan_grounded,grounded,5.3818,COMMITTED,CALIBRATED - pending PI sign-off,2030.0
VGB,PWRNGSSLVXX,SLV,NGS,2040,1.1377,0.75,0.3877,0.15,plan_grounded,grounded,5.3818,COMMITTED,CALIBRATED - pending PI sign-off,2030.0
VGB,PWRNGSSLVXX,SLV,NGS,2041,1.1377,0.75,0.3877,0.15,plan_grounded,grounded,5.3818,COMMITTED,CALIBRATED - pending PI sign-off,2030.0
VGB,PWRNGSSLVXX,SLV,NGS,2042,1.1377,0.75,0.3877,0.15,plan_grounded,grounded,5.3818,COMMITTED,CALIBRATED - pending PI sign-off,2030.0
VGB,PWRNGSSLVXX,SLV,NGS,2043,1.1377,0.75,0.3877,0.15,plan_grounded,grounded,5.3818,COMMITTED,CALIBRATED - pending PI sign-off,2030.0
VGB,PWRNGSSLVXX,SLV,NGS,2044,1.1377,0.75,0.3877,0.15,plan_grounded,grounded,5.3818,COMMITTED,CALIBRATED - pending PI sign-off,2030.0
VGB,PWRNGSSLVXX,SLV,NGS,2045,1.1377,0.75,0.3877,0.15,plan_grounded,grounded,5.3818,COMMITTED,CALIBRATED - pending PI sign-off,2030.0
VGB,PWRNGSSLVXX,SLV,NGS,2046,1.1377,0.75,0.3877,0.15,plan_grounded,grounded,5.3818,COMMITTED,CALIBRATED - pending PI sign-off,2030.0
VGB,PWRNGSSLVXX,SLV,NGS,2047,1.1377,0.75,0.3877,0.15,plan_grounded,grounded,5.3818,COMMITTED,CALIBRATED - pending PI sign-off,2030.0
VGB,PWRNGSSLVXX,SLV,NGS,2048,1.1377,0.75,0.3877,0.15,plan_grounded,grounded,5.3818,COMMITTED,CALIBRATED - pending PI sign-off,2030.0
VGB,PWRNGSSLVXX,SLV,NGS,2049,1.1377,0.75,0.3877,0.15,plan_grounded,grounded,5.3818,COMMITTED,CALIBRATED - pending PI sign-off,2030.0
VGB,PWRNGSSLVXX,SLV,NGS,2050,1.1377,0.75,0.3877,0.15,plan_grounded,grounded,5.3818,COMMITTED,CALIBRATED - pending PI sign-off,2030.0
VGB,PWROILBRBXX,BRB,OIL,2027,0.2186,0.0,0.2186,0.53,historical_implied,historical,3.6539,COMMITTED,CALIBRATED - pending PI sign-off,
VGB,PWROILBRBXX,BRB,OIL,2028,0.2186,0.0,0.2186,0.53,historical_implied,historical,3.6539,COMMITTED,CALIBRATED - pending PI sign-off,
VGB,PWROILBRBXX,BRB,OIL,2029,0.2186,0.0,0.2186,0.53,historical_implied,historical,3.6539,COMMITTED,CALIBRATED - pending PI sign-off,
VGB,PWROILBRBXX,BRB,OIL,2030,0.2186,0.0,0.2186,0.53,historical_implied,historical,3.6539,COMMITTED,CALIBRATED - pending PI sign-off,
VGB,PWROILBRBXX,BRB,OIL,2031,0.2186,0.0,0.2186,0.53,historical_implied,historical,3.6539,COMMITTED,CALIBRATED - pending PI sign-off,
VGB,PWROILBRBXX,BRB,OIL,2032,0.2186,0.0,0.2186,0.53,historical_implied,historical,3.6539,COMMITTED,CALIBRATED - pending PI sign-off,
VGB,PWROILBRBXX,BRB,OIL,2033,0.2186,0.0,0.2186,0.53,historical_implied,historical,3.6539,COMMITTED,CALIBRATED - pending PI sign-off,
VGB,PWROILBRBXX,BRB,OIL,2034,0.2186,0.0,0.2186,0.53,historical_implied,historical,3.6539,COMMITTED,CALIBRATED - pending PI sign-off,
VGB,PWROILBRBXX,BRB,OIL,2035,0.2186,0.0,0.2186,0.53,historical_implied,historical,3.6539,COMMITTED,CALIBRATED - pending PI sign-off,
VGB,PWROILBRBXX,BRB,OIL,2036,0.2186,0.0,0.2186,0.53,historical_implied,historical,3.6539,COMMITTED,CALIBRATED - pending PI sign-off,
VGB,PWROILBRBXX,BRB,OIL,2037,0.2186,0.0,0.2186,0.53,historical_implied,historical,3.6539,COMMITTED,CALIBRATED - pending PI sign-off,
VGB,PWROILBRBXX,BRB,OIL,2038,0.2186,0.0,0.2186,0.53,historical_implied,historical,3.6539,COMMITTED,CALIBRATED - pending PI sign-off,
VGB,PWROILBRBXX,BRB,OIL,2039,0.2186,0.0,0.2186,0.53,historical_implied,historical,3.6539,COMMITTED,CALIBRATED - pending PI sign-off,
VGB,PWROILBRBXX,BRB,OIL,2040,0.2186,0.0,0.2186,0.53,historical_implied,historical,3.6539,COMMITTED,CALIBRATED - pending PI sign-off,
VGB,PWROILBRBXX,BRB,OIL,2041,0.2186,0.0,0.2186,0.53,historical_implied,historical,3.6539,COMMITTED,CALIBRATED - pending PI sign-off,
VGB,PWROILBRBXX,BRB,OIL,2042,0.2186,0.0,0.2186,0.53,historical_implied,historical,3.6539,COMMITTED,CALIBRATED - pending PI sign-off,
VGB,PWROILBRBXX,BRB,OIL,2043,0.2186,0.0,0.2186,0.53,historical_implied,historical,3.6539,COMMITTED,CALIBRATED - pending PI sign-off,
VGB,PWROILBRBXX,BRB,OIL,2044,0.2186,0.0,0.2186,0.53,historical_implied,historical,3.6539,COMMITTED,CALIBRATED - pending PI sign-off,
VGB,PWROILBRBXX,BRB,OIL,2045,0.2186,0.0,0.2186,0.53,historical_implied,historical,3.6539,COMMITTED,CALIBRATED - pending PI sign-off,
VGB,PWROILBRBXX,BRB,OIL,2046,0.252,0.0,0.252,0.53,historical_implied,historical,4.2122,COMMITTED,CALIBRATED - pending PI sign-off,
VGB,PWROILBRBXX,BRB,OIL,2047,0.252,0.0,0.252,0.53,historical_implied,historical,4.2122,COMMITTED,CALIBRATED - pending PI sign-off,
VGB,PWROILBRBXX,BRB,OIL,2048,0.252,0.0,0.252,0.53,historical_implied,historical,4.2122,COMMITTED,CALIBRATED - pending PI sign-off,
VGB,PWROILBRBXX,BRB,OIL,2049,0.252,0.0,0.252,0.53,historical_implied,historical,4.2122,COMMITTED,CALIBRATED - pending PI sign-off,
VGB,PWROILBRBXX,BRB,OIL,2050,0.252,0.0,0.252,0.53,historical_implied,historical,4.2122,COMMITTED,CALIBRATED - pending PI sign-off,
VGB,PWROILCHLXX,CHL,OIL,2046,2.125,0.0,2.125,0.03,plan_grounded,proxy,2.0104,COMMITTED,CALIBRATED - pending PI sign-off,
VGB,PWROILCHLXX,CHL,OIL,2047,2.125,0.0,2.125,0.03,plan_grounded,proxy,2.0104,COMMITTED,CALIBRATED - pending PI sign-off,
VGB,PWROILCHLXX,CHL,OIL,2048,2.125,0.0,2.125,0.03,plan_grounded,proxy,2.0104,COMMITTED,CALIBRATED - pending PI sign-off,
VGB,PWROILCHLXX,CHL,OIL,2049,2.125,0.0,2.125,0.03,plan_grounded,proxy,2.0104,COMMITTED,CALIBRATED - pending PI sign-off,
VGB,PWROILCHLXX,CHL,OIL,2050,2.125,0.0,2.125,0.03,plan_grounded,proxy,2.0104,COMMITTED,CALIBRATED - pending PI sign-off,
VGB,PWROILCOLXX,COL,OIL,2046,0.6877,0.0,0.6877,0.0883,fuel_fallback,proxy,1.915,COMMITTED,CALIBRATED - pending PI sign-off,
VGB,PWROILCOLXX,COL,OIL,2047,0.6877,0.0,0.6877,0.0883,fuel_fallback,proxy,1.915,COMMITTED,CALIBRATED - pending PI sign-off,
VGB,PWROILCOLXX,COL,OIL,2048,0.6877,0.0,0.6877,0.0883,fuel_fallback,proxy,1.915,COMMITTED,CALIBRATED - pending PI sign-off,
VGB,PWROILCOLXX,COL,OIL,2049,0.6877,0.0,0.6877,0.0883,fuel_fallback,proxy,1.915,COMMITTED,CALIBRATED - pending PI sign-off,
VGB,PWROILCOLXX,COL,OIL,2050,0.6877,0.0,0.6877,0.0883,fuel_fallback,proxy,1.915,COMMITTED,CALIBRATED - pending PI sign-off,
VGB,PWROILCRIXX,CRI,OIL,2028,0.75,0.75,0.0,0.03,plan_grounded,grounded,0.7096,COMMITTED,CALIBRATED - pending PI sign-off,2028.0
VGB,PWROILCRIXX,CRI,OIL,2029,0.75,0.75,0.0,0.03,plan_grounded,grounded,0.7096,COMMITTED,CALIBRATED - pending PI sign-off,2028.0
VGB,PWROILCRIXX,CRI,OIL,2030,0.75,0.75,0.0,0.03,plan_grounded,grounded,0.7096,COMMITTED,CALIBRATED - pending PI sign-off,2028.0
VGB,PWROILCRIXX,CRI,OIL,2031,0.75,0.75,0.0,0.03,plan_grounded,grounded,0.7096,COMMITTED,CALIBRATED - pending PI sign-off,2028.0
VGB,PWROILCRIXX,CRI,OIL,2032,0.75,0.75,0.0,0.03,plan_grounded,grounded,0.7096,COMMITTED,CALIBRATED - pending PI sign-off,2028.0
VGB,PWROILCRIXX,CRI,OIL,2033,0.75,0.75,0.0,0.03,plan_grounded,grounded,0.7096,COMMITTED,CALIBRATED - pending PI sign-off,2028.0
VGB,PWROILCRIXX,CRI,OIL,2034,0.75,0.75,0.0,0.03,plan_grounded,grounded,0.7096,COMMITTED,CALIBRATED - pending PI sign-off,2028.0
VGB,PWROILCRIXX,CRI,OIL,2035,0.75,0.75,0.0,0.03,plan_grounded,grounded,0.7096,COMMITTED,CALIBRATED - pending PI sign-off,2028.0
VGB,PWROILCRIXX,CRI,OIL,2036,0.75,0.75,0.0,0.03,plan_grounded,grounded,0.7096,COMMITTED,CALIBRATED - pending PI sign-off,2028.0
VGB,PWROILCRIXX,CRI,OIL,2037,0.75,0.75,0.0,0.03,plan_grounded,grounded,0.7096,COMMITTED,CALIBRATED - pending PI sign-off,2028.0
VGB,PWROILCRIXX,CRI,OIL,2038,0.75,0.75,0.0,0.03,plan_grounded,grounded,0.7096,COMMITTED,CALIBRATED - pending PI sign-off,2028.0
VGB,PWROILCRIXX,CRI,OIL,2039,0.75,0.75,0.0,0.03,plan_grounded,grounded,0.7096,COMMITTED,CALIBRATED - pending PI sign-off,2028.0
VGB,PWROILCRIXX,CRI,OIL,2040,0.75,0.75,0.0,0.03,plan_grounded,grounded,0.7096,COMMITTED,CALIBRATED - pending PI sign-off,2028.0
VGB,PWROILCRIXX,CRI,OIL,2041,0.75,0.75,0.0,0.03,plan_grounded,grounded,0.7096,COMMITTED,CALIBRATED - pending PI sign-off,2028.0
VGB,PWROILCRIXX,CRI,OIL,2042,0.75,0.75,0.0,0.03,plan_grounded,grounded,0.7096,COMMITTED,CALIBRATED - pending PI sign-off,2028.0
VGB,PWROILCRIXX,CRI,OIL,2043,0.75,0.75,0.0,0.03,plan_grounded,grounded,0.7096,COMMITTED,CALIBRATED - pending PI sign-off,2028.0
VGB,PWROILCRIXX,CRI,OIL,2044,0.75,0.75,0.0,0.03,plan_grounded,grounded,0.7096,COMMITTED,CALIBRATED - pending PI sign-off,2028.0
VGB,PWROILCRIXX,CRI,OIL,2045,0.75,0.75,0.0,0.03,plan_grounded,grounded,0.7096,COMMITTED,CALIBRATED - pending PI sign-off,2028.0
VGB,PWROILCRIXX,CRI,OIL,2046,1.1292,0.75,0.3792,0.03,plan_grounded,grounded,1.0683,COMMITTED,CALIBRATED - pending PI sign-off,2028.0
VGB,PWROILCRIXX,CRI,OIL,2047,1.1292,0.75,0.3792,0.03,plan_grounded,grounded,1.0683,COMMITTED,CALIBRATED - pending PI sign-off,2028.0
VGB,PWROILCRIXX,CRI,OIL,2048,1.1292,0.75,0.3792,0.03,plan_grounded,grounded,1.0683,COMMITTED,CALIBRATED - pending PI sign-off,2028.0
VGB,PWROILCRIXX,CRI,OIL,2049,1.1292,0.75,0.3792,0.03,plan_grounded,grounded,1.0683,COMMITTED,CALIBRATED - pending PI sign-off,2028.0
VGB,PWROILCRIXX,CRI,OIL,2050,1.1292,0.75,0.3792,0.03,plan_grounded,grounded,1.0683,COMMITTED,CALIBRATED - pending PI sign-off,2028.0
VGB,PWROILDOMXX,DOM,OIL,2046,0.5446,0.0,0.5446,0.35,plan_grounded,grounded,6.0111,COMMITTED,CALIBRATED - pending PI sign-off,
VGB,PWROILDOMXX,DOM,OIL,2047,0.5446,0.0,0.5446,0.35,plan_grounded,grounded,6.0111,COMMITTED,CALIBRATED - pending PI sign-off,
VGB,PWROILDOMXX,DOM,OIL,2048,0.5446,0.0,0.5446,0.35,plan_grounded,grounded,6.0111,COMMITTED,CALIBRATED - pending PI sign-off,
VGB,PWROILDOMXX,DOM,OIL,2049,0.5446,0.0,0.5446,0.35,plan_grounded,grounded,6.0111,COMMITTED,CALIBRATED - pending PI sign-off,
VGB,PWROILDOMXX,DOM,OIL,2050,0.5446,0.0,0.5446,0.35,plan_grounded,grounded,6.0111,COMMITTED,CALIBRATED - pending PI sign-off,
VGB,PWROILECUXX,ECU,OIL,2027,1.2524,0.0,1.2524,0.437,plan_grounded,grounded,17.2596,COMMITTED,CALIBRATED - pending PI sign-off,
VGB,PWROILECUXX,ECU,OIL,2028,1.2524,0.0,1.2524,0.437,plan_grounded,grounded,17.2596,COMMITTED,CALIBRATED - pending PI sign-off,
VGB,PWROILECUXX,ECU,OIL,2029,1.2524,0.0,1.2524,0.437,plan_grounded,grounded,17.2596,COMMITTED,CALIBRATED - pending PI sign-off,
VGB,PWROILECUXX,ECU,OIL,2030,1.2524,0.0,1.2524,0.437,plan_grounded,grounded,17.2596,COMMITTED,CALIBRATED - pending PI sign-off,
VGB,PWROILECUXX,ECU,OIL,2031,1.2524,0.0,1.2524,0.437,plan_grounded,grounded,17.2596,COMMITTED,CALIBRATED - pending PI sign-off,
VGB,PWROILECUXX,ECU,OIL,2032,1.2524,0.0,1.2524,0.437,plan_grounded,grounded,17.2596,COMMITTED,CALIBRATED - pending PI sign-off,
VGB,PWROILECUXX,ECU,OIL,2033,1.2524,0.0,1.2524,0.437,plan_grounded,grounded,17.2596,COMMITTED,CALIBRATED - pending PI sign-off,
VGB,PWROILECUXX,ECU,OIL,2034,1.2524,0.0,1.2524,0.437,plan_grounded,grounded,17.2596,COMMITTED,CALIBRATED - pending PI sign-off,
VGB,PWROILECUXX,ECU,OIL,2035,1.2524,0.0,1.2524,0.437,plan_grounded,grounded,17.2596,COMMITTED,CALIBRATED - pending PI sign-off,
VGB,PWROILECUXX,ECU,OIL,2036,1.2524,0.0,1.2524,0.437,plan_grounded,grounded,17.2596,COMMITTED,CALIBRATED - pending PI sign-off,
VGB,PWROILECUXX,ECU,OIL,2037,1.2524,0.0,1.2524,0.437,plan_grounded,grounded,17.2596,COMMITTED,CALIBRATED - pending PI sign-off,
VGB,PWROILECUXX,ECU,OIL,2038,1.2524,0.0,1.2524,0.437,plan_grounded,grounded,17.2596,COMMITTED,CALIBRATED - pending PI sign-off,
VGB,PWROILECUXX,ECU,OIL,2039,1.2524,0.0,1.2524,0.437,plan_grounded,grounded,17.2596,COMMITTED,CALIBRATED - pending PI sign-off,
VGB,PWROILECUXX,ECU,OIL,2040,1.2524,0.0,1.2524,0.437,plan_grounded,grounded,17.2596,COMMITTED,CALIBRATED - pending PI sign-off,
VGB,PWROILECUXX,ECU,OIL,2041,1.2524,0.0,1.2524,0.437,plan_grounded,grounded,17.2596,COMMITTED,CALIBRATED - pending PI sign-off,
VGB,PWROILECUXX,ECU,OIL,2042,1.2524,0.0,1.2524,0.437,plan_grounded,grounded,17.2596,COMMITTED,CALIBRATED - pending PI sign-off,
VGB,PWROILECUXX,ECU,OIL,2043,1.2524,0.0,1.2524,0.437,plan_grounded,grounded,17.2596,COMMITTED,CALIBRATED - pending PI sign-off,
VGB,PWROILECUXX,ECU,OIL,2044,1.2524,0.0,1.2524,0.437,plan_grounded,grounded,17.2596,COMMITTED,CALIBRATED - pending PI sign-off,
VGB,PWROILECUXX,ECU,OIL,2046,1.0686,0.0,1.0686,0.437,plan_grounded,grounded,14.7266,COMMITTED,CALIBRATED - pending PI sign-off,
VGB,PWROILECUXX,ECU,OIL,2047,1.0686,0.0,1.0686,0.437,plan_grounded,grounded,14.7266,COMMITTED,CALIBRATED - pending PI sign-off,
VGB,PWROILECUXX,ECU,OIL,2048,1.0686,0.0,1.0686,0.437,plan_grounded,grounded,14.7266,COMMITTED,CALIBRATED - pending PI sign-off,
VGB,PWROILECUXX,ECU,OIL,2049,1.0686,0.0,1.0686,0.437,plan_grounded,grounded,14.7266,COMMITTED,CALIBRATED - pending PI sign-off,
VGB,PWROILECUXX,ECU,OIL,2050,1.0686,0.0,1.0686,0.437,plan_grounded,grounded,14.7266,COMMITTED,CALIBRATED - pending PI sign-off,
VGB,PWROILGTMXX,GTM,OIL,2027,0.5137,0.0,0.5137,0.08,plan_grounded,grounded,1.296,COMMITTED,CALIBRATED - pending PI sign-off,
VGB,PWROILGTMXX,GTM,OIL,2028,0.5137,0.0,0.5137,0.08,plan_grounded,grounded,1.296,COMMITTED,CALIBRATED - pending PI sign-off,
VGB,PWROILGTMXX,GTM,OIL,2029,0.4986,0.0,0.4986,0.08,plan_grounded,grounded,1.2579,COMMITTED,CALIBRATED - pending PI sign-off,
VGB,PWROILGTMXX,GTM,OIL,2030,0.4986,0.0,0.4986,0.08,plan_grounded,grounded,1.2579,COMMITTED,CALIBRATED - pending PI sign-off,
VGB,PWROILGTMXX,GTM,OIL,2031,0.4739,0.0,0.4739,0.08,plan_grounded,grounded,1.1956,COMMITTED,CALIBRATED - pending PI sign-off,
VGB,PWROILGTMXX,GTM,OIL,2032,0.4739,0.0,0.4739,0.08,plan_grounded,grounded,1.1956,COMMITTED,CALIBRATED - pending PI sign-off,
VGB,PWROILGTMXX,GTM,OIL,2033,0.4739,0.0,0.4739,0.08,plan_grounded,grounded,1.1956,COMMITTED,CALIBRATED - pending PI sign-off,
VGB,PWROILGTMXX,GTM,OIL,2034,0.456,0.0,0.456,0.08,plan_grounded,grounded,1.1504,COMMITTED,CALIBRATED - pending PI sign-off,
VGB,PWROILGTMXX,GTM,OIL,2035,0.456,0.0,0.456,0.08,plan_grounded,grounded,1.1504,COMMITTED,CALIBRATED - pending PI sign-off,
VGB,PWROILGTMXX,GTM,OIL,2036,0.456,0.0,0.456,0.08,plan_grounded,grounded,1.1504,COMMITTED,CALIBRATED - pending PI sign-off,
VGB,PWROILGTMXX,GTM,OIL,2037,0.456,0.0,0.456,0.08,plan_grounded,grounded,1.1504,COMMITTED,CALIBRATED - pending PI sign-off,
VGB,PWROILGTMXX,GTM,OIL,2038,0.4321,0.0,0.4321,0.08,plan_grounded,grounded,1.0901,COMMITTED,CALIBRATED - pending PI sign-off,
VGB,PWROILGTMXX,GTM,OIL,2039,0.1597,0.0,0.1597,0.08,plan_grounded,grounded,0.4029,COMMITTED,CALIBRATED - pending PI sign-off,
VGB,PWROILGTMXX,GTM,OIL,2040,0.1597,0.0,0.1597,0.08,plan_grounded,grounded,0.4029,COMMITTED,CALIBRATED - pending PI sign-off,
VGB,PWROILGTMXX,GTM,OIL,2041,0.1597,0.0,0.1597,0.08,plan_grounded,grounded,0.4029,COMMITTED,CALIBRATED - pending PI sign-off,
VGB,PWROILGTMXX,GTM,OIL,2042,0.1597,0.0,0.1597,0.08,plan_grounded,grounded,0.4029,COMMITTED,CALIBRATED - pending PI sign-off,
VGB,PWROILGTMXX,GTM,OIL,2043,0.1597,0.0,0.1597,0.08,plan_grounded,grounded,0.4029,COMMITTED,CALIBRATED - pending PI sign-off,
VGB,PWROILGTMXX,GTM,OIL,2046,0.4003,0.0,0.4003,0.08,plan_grounded,grounded,1.0099,COMMITTED,CALIBRATED - pending PI sign-off,
VGB,PWROILGTMXX,GTM,OIL,2047,0.4003,0.0,0.4003,0.08,plan_grounded,grounded,1.0099,COMMITTED,CALIBRATED - pending PI sign-off,
VGB,PWROILGTMXX,GTM,OIL,2048,0.4003,0.0,0.4003,0.08,plan_grounded,grounded,1.0099,COMMITTED,CALIBRATED - pending PI sign-off,
VGB,PWROILGTMXX,GTM,OIL,2049,0.4003,0.0,0.4003,0.08,plan_grounded,grounded,1.0099,COMMITTED,CALIBRATED - pending PI sign-off,
VGB,PWROILGTMXX,GTM,OIL,2050,0.4003,0.0,0.4003,0.08,plan_grounded,grounded,1.0099,COMMITTED,CALIBRATED - pending PI sign-off,
VGB,PWROILHNDXX,HND,OIL,2029,0.1,0.1,0.0,0.35,plan_grounded,grounded,1.1038,COMMITTED,CALIBRATED - pending PI sign-off,2029.0
VGB,PWROILHNDXX,HND,OIL,2030,0.1,0.1,0.0,0.35,plan_grounded,grounded,1.1038,COMMITTED,CALIBRATED - pending PI sign-off,2029.0
VGB,PWROILHNDXX,HND,OIL,2031,0.2,0.2,0.0,0.35,plan_grounded,grounded,2.2075,COMMITTED,CALIBRATED - pending PI sign-off,2029.0
VGB,PWROILHNDXX,HND,OIL,2032,0.3,0.3,0.0,0.35,plan_grounded,grounded,3.3113,COMMITTED,CALIBRATED - pending PI sign-off,2029.0
VGB,PWROILHNDXX,HND,OIL,2033,0.4,0.4,0.0,0.35,plan_grounded,grounded,4.415,COMMITTED,CALIBRATED - pending PI sign-off,2029.0
VGB,PWROILHNDXX,HND,OIL,2034,0.4,0.4,0.0,0.35,plan_grounded,grounded,4.415,COMMITTED,CALIBRATED - pending PI sign-off,2029.0
VGB,PWROILHNDXX,HND,OIL,2035,0.4,0.4,0.0,0.35,plan_grounded,grounded,4.415,COMMITTED,CALIBRATED - pending PI sign-off,2029.0
VGB,PWROILHNDXX,HND,OIL,2036,0.4,0.4,0.0,0.35,plan_grounded,grounded,4.415,COMMITTED,CALIBRATED - pending PI sign-off,2029.0
VGB,PWROILHNDXX,HND,OIL,2037,0.4,0.4,0.0,0.35,plan_grounded,grounded,4.415,COMMITTED,CALIBRATED - pending PI sign-off,2029.0
VGB,PWROILHNDXX,HND,OIL,2038,0.4,0.4,0.0,0.35,plan_grounded,grounded,4.415,COMMITTED,CALIBRATED - pending PI sign-off,2029.0
VGB,PWROILHNDXX,HND,OIL,2039,0.4,0.4,0.0,0.35,plan_grounded,grounded,4.415,COMMITTED,CALIBRATED - pending PI sign-off,2029.0
VGB,PWROILHNDXX,HND,OIL,2040,0.4,0.4,0.0,0.35,plan_grounded,grounded,4.415,COMMITTED,CALIBRATED - pending PI sign-off,2029.0
VGB,PWROILHNDXX,HND,OIL,2041,0.4,0.4,0.0,0.35,plan_grounded,grounded,4.415,COMMITTED,CALIBRATED - pending PI sign-off,2029.0
VGB,PWROILHNDXX,HND,OIL,2042,0.4,0.4,0.0,0.35,plan_grounded,grounded,4.415,COMMITTED,CALIBRATED - pending PI sign-off,2029.0
VGB,PWROILHNDXX,HND,OIL,2043,0.4,0.4,0.0,0.35,plan_grounded,grounded,4.415,COMMITTED,CALIBRATED - pending PI sign-off,2029.0
VGB,PWROILHNDXX,HND,OIL,2044,0.4,0.4,0.0,0.35,plan_grounded,grounded,4.415,COMMITTED,CALIBRATED - pending PI sign-off,2029.0
VGB,PWROILHNDXX,HND,OIL,2045,0.4,0.4,0.0,0.35,plan_grounded,grounded,4.415,COMMITTED,CALIBRATED - pending PI sign-off,2029.0
VGB,PWROILHNDXX,HND,OIL,2046,0.787,0.4,0.387,0.35,plan_grounded,grounded,8.6866,COMMITTED,CALIBRATED - pending PI sign-off,2029.0
VGB,PWROILHNDXX,HND,OIL,2047,0.787,0.4,0.387,0.35,plan_grounded,grounded,8.6866,COMMITTED,CALIBRATED - pending PI sign-off,2029.0
VGB,PWROILHNDXX,HND,OIL,2048,0.787,0.4,0.387,0.35,plan_grounded,grounded,8.6866,COMMITTED,CALIBRATED - pending PI sign-off,2029.0
VGB,PWROILHNDXX,HND,OIL,2049,0.787,0.4,0.387,0.35,plan_grounded,grounded,8.6866,COMMITTED,CALIBRATED - pending PI sign-off,2029.0
VGB,PWROILHNDXX,HND,OIL,2050,0.787,0.4,0.387,0.35,plan_grounded,grounded,8.6866,COMMITTED,CALIBRATED - pending PI sign-off,2029.0
VGB,PWROILHTIXX,HTI,OIL,2027,0.4004,0.0,0.4004,0.2016,historical_implied,historical,2.5462,COMMITTED,CALIBRATED - pending PI sign-off,
VGB,PWROILHTIXX,HTI,OIL,2028,0.4004,0.0,0.4004,0.2016,historical_implied,historical,2.5462,COMMITTED,CALIBRATED - pending PI sign-off,
VGB,PWROILHTIXX,HTI,OIL,2029,0.4004,0.0,0.4004,0.2016,historical_implied,historical,2.5462,COMMITTED,CALIBRATED - pending PI sign-off,
VGB,PWROILHTIXX,HTI,OIL,2030,0.4004,0.0,0.4004,0.2016,historical_implied,historical,2.5462,COMMITTED,CALIBRATED - pending PI sign-off,
VGB,PWROILHTIXX,HTI,OIL,2031,0.4004,0.0,0.4004,0.2016,historical_implied,historical,2.5462,COMMITTED,CALIBRATED - pending PI sign-off,
VGB,PWROILHTIXX,HTI,OIL,2032,0.4004,0.0,0.4004,0.2016,historical_implied,historical,2.5462,COMMITTED,CALIBRATED - pending PI sign-off,
VGB,PWROILHTIXX,HTI,OIL,2033,0.4004,0.0,0.4004,0.2016,historical_implied,historical,2.5462,COMMITTED,CALIBRATED - pending PI sign-off,
VGB,PWROILHTIXX,HTI,OIL,2034,0.4004,0.0,0.4004,0.2016,historical_implied,historical,2.5462,COMMITTED,CALIBRATED - pending PI sign-off,
VGB,PWROILHTIXX,HTI,OIL,2035,0.4004,0.0,0.4004,0.2016,historical_implied,historical,2.5462,COMMITTED,CALIBRATED - pending PI sign-off,
VGB,PWROILHTIXX,HTI,OIL,2036,0.4004,0.0,0.4004,0.2016,historical_implied,historical,2.5462,COMMITTED,CALIBRATED - pending PI sign-off,
VGB,PWROILHTIXX,HTI,OIL,2037,0.4004,0.0,0.4004,0.2016,historical_implied,historical,2.5462,COMMITTED,CALIBRATED - pending PI sign-off,
VGB,PWROILHTIXX,HTI,OIL,2038,0.4004,0.0,0.4004,0.2016,historical_implied,historical,2.5462,COMMITTED,CALIBRATED - pending PI sign-off,
VGB,PWROILHTIXX,HTI,OIL,2039,0.4004,0.0,0.4004,0.2016,historical_implied,historical,2.5462,COMMITTED,CALIBRATED - pending PI sign-off,
VGB,PWROILHTIXX,HTI,OIL,2040,0.4004,0.0,0.4004,0.2016,historical_implied,historical,2.5462,COMMITTED,CALIBRATED - pending PI sign-off,
VGB,PWROILHTIXX,HTI,OIL,2041,0.4004,0.0,0.4004,0.2016,historical_implied,historical,2.5462,COMMITTED,CALIBRATED - pending PI sign-off,
VGB,PWROILHTIXX,HTI,OIL,2042,0.4004,0.0,0.4004,0.2016,historical_implied,historical,2.5462,COMMITTED,CALIBRATED - pending PI sign-off,
VGB,PWROILHTIXX,HTI,OIL,2043,0.4004,0.0,0.4004,0.2016,historical_implied,historical,2.5462,COMMITTED,CALIBRATED - pending PI sign-off,
VGB,PWROILHTIXX,HTI,OIL,2044,0.4004,0.0,0.4004,0.2016,historical_implied,historical,2.5462,COMMITTED,CALIBRATED - pending PI sign-off,
VGB,PWROILHTIXX,HTI,OIL,2045,0.4004,0.0,0.4004,0.2016,historical_implied,historical,2.5462,COMMITTED,CALIBRATED - pending PI sign-off,
VGB,PWROILHTIXX,HTI,OIL,2046,0.1533,0.0,0.1533,0.2016,historical_implied,historical,0.9749,COMMITTED,CALIBRATED - pending PI sign-off,
VGB,PWROILHTIXX,HTI,OIL,2047,0.1533,0.0,0.1533,0.2016,historical_implied,historical,0.9749,COMMITTED,CALIBRATED - pending PI sign-off,
VGB,PWROILHTIXX,HTI,OIL,2048,0.1533,0.0,0.1533,0.2016,historical_implied,historical,0.9749,COMMITTED,CALIBRATED - pending PI sign-off,
VGB,PWROILHTIXX,HTI,OIL,2049,0.1533,0.0,0.1533,0.2016,historical_implied,historical,0.9749,COMMITTED,CALIBRATED - pending PI sign-off,
VGB,PWROILHTIXX,HTI,OIL,2050,0.1533,0.0,0.1533,0.2016,historical_implied,historical,0.9749,COMMITTED,CALIBRATED - pending PI sign-off,
VGB,PWROILNICXX,NIC,OIL,2046,0.8829,0.0,0.8829,0.1372,plan_grounded,grounded,3.8201,COMMITTED,CALIBRATED - pending PI sign-off,
VGB,PWROILNICXX,NIC,OIL,2047,0.8829,0.0,0.8829,0.1372,plan_grounded,grounded,3.8201,COMMITTED,CALIBRATED - pending PI sign-off,
VGB,PWROILNICXX,NIC,OIL,2048,0.8829,0.0,0.8829,0.1372,plan_grounded,grounded,3.8201,COMMITTED,CALIBRATED - pending PI sign-off,
VGB,PWROILNICXX,NIC,OIL,2049,0.8829,0.0,0.8829,0.1372,plan_grounded,grounded,3.8201,COMMITTED,CALIBRATED - pending PI sign-off,
VGB,PWROILNICXX,NIC,OIL,2050,0.8829,0.0,0.8829,0.1372,plan_grounded,grounded,3.8201,COMMITTED,CALIBRATED - pending PI sign-off,
VGB,PWROILPANXX,PAN,OIL,2046,0.5008,0.0,0.5008,0.02,plan_grounded,grounded,0.3159,COMMITTED,CALIBRATED - pending PI sign-off,
VGB,PWROILPANXX,PAN,OIL,2047,0.5008,0.0,0.5008,0.02,plan_grounded,grounded,0.3159,COMMITTED,CALIBRATED - pending PI sign-off,
VGB,PWROILPANXX,PAN,OIL,2048,0.5008,0.0,0.5008,0.02,plan_grounded,grounded,0.3159,COMMITTED,CALIBRATED - pending PI sign-off,
VGB,PWROILPANXX,PAN,OIL,2049,0.5008,0.0,0.5008,0.02,plan_grounded,grounded,0.3159,COMMITTED,CALIBRATED - pending PI sign-off,
VGB,PWROILPANXX,PAN,OIL,2050,0.5008,0.0,0.5008,0.02,plan_grounded,grounded,0.3159,COMMITTED,CALIBRATED - pending PI sign-off,
VGB,PWROILPERXX,PER,OIL,2046,2.6845,0.0,2.6845,0.0883,fuel_fallback,proxy,7.4753,COMMITTED,CALIBRATED - pending PI sign-off,
VGB,PWROILPERXX,PER,OIL,2047,2.6845,0.0,2.6845,0.0883,fuel_fallback,proxy,7.4753,COMMITTED,CALIBRATED - pending PI sign-off,
VGB,PWROILPERXX,PER,OIL,2048,2.6845,0.0,2.6845,0.0883,fuel_fallback,proxy,7.4753,COMMITTED,CALIBRATED - pending PI sign-off,
VGB,PWROILPERXX,PER,OIL,2049,2.6845,0.0,2.6845,0.0883,fuel_fallback,proxy,7.4753,COMMITTED,CALIBRATED - pending PI sign-off,
VGB,PWROILPERXX,PER,OIL,2050,2.6845,0.0,2.6845,0.0883,fuel_fallback,proxy,7.4753,COMMITTED,CALIBRATED - pending PI sign-off,
VGB,PWROILSLVXX,SLV,OIL,2030,0.3,0.3,0.0,0.3,plan_grounded,grounded,2.8382,COMMITTED,CALIBRATED - pending PI sign-off,2030.0
VGB,PWROILSLVXX,SLV,OIL,2031,0.3,0.3,0.0,0.3,plan_grounded,grounded,2.8382,COMMITTED,CALIBRATED - pending PI sign-off,2030.0
VGB,PWROILSLVXX,SLV,OIL,2032,0.3,0.3,0.0,0.3,plan_grounded,grounded,2.8382,COMMITTED,CALIBRATED - pending PI sign-off,2030.0
VGB,PWROILSLVXX,SLV,OIL,2033,0.3,0.3,0.0,0.3,plan_grounded,grounded,2.8382,COMMITTED,CALIBRATED - pending PI sign-off,2030.0
VGB,PWROILSLVXX,SLV,OIL,2034,0.3,0.3,0.0,0.3,plan_grounded,grounded,2.8382,COMMITTED,CALIBRATED - pending PI sign-off,2030.0
VGB,PWROILSLVXX,SLV,OIL,2035,0.3,0.3,0.0,0.3,plan_grounded,grounded,2.8382,COMMITTED,CALIBRATED - pending PI sign-off,2030.0
VGB,PWROILSLVXX,SLV,OIL,2036,0.3,0.3,0.0,0.3,plan_grounded,grounded,2.8382,COMMITTED,CALIBRATED - pending PI sign-off,2030.0
VGB,PWROILSLVXX,SLV,OIL,2037,0.3,0.3,0.0,0.3,plan_grounded,grounded,2.8382,COMMITTED,CALIBRATED - pending PI sign-off,2030.0
VGB,PWROILSLVXX,SLV,OIL,2038,0.3,0.3,0.0,0.3,plan_grounded,grounded,2.8382,COMMITTED,CALIBRATED - pending PI sign-off,2030.0
VGB,PWROILSLVXX,SLV,OIL,2039,0.3,0.3,0.0,0.3,plan_grounded,grounded,2.8382,COMMITTED,CALIBRATED - pending PI sign-off,2030.0
VGB,PWROILSLVXX,SLV,OIL,2040,0.3,0.3,0.0,0.3,plan_grounded,grounded,2.8382,COMMITTED,CALIBRATED - pending PI sign-off,2030.0
VGB,PWROILSLVXX,SLV,OIL,2041,0.3,0.3,0.0,0.3,plan_grounded,grounded,2.8382,COMMITTED,CALIBRATED - pending PI sign-off,2030.0
VGB,PWROILSLVXX,SLV,OIL,2042,0.3,0.3,0.0,0.3,plan_grounded,grounded,2.8382,COMMITTED,CALIBRATED - pending PI sign-off,2030.0
VGB,PWROILSLVXX,SLV,OIL,2043,0.3,0.3,0.0,0.3,plan_grounded,grounded,2.8382,COMMITTED,CALIBRATED - pending PI sign-off,2030.0
VGB,PWROILSLVXX,SLV,OIL,2044,0.3,0.3,0.0,0.3,plan_grounded,grounded,2.8382,COMMITTED,CALIBRATED - pending PI sign-off,2030.0
VGB,PWROILSLVXX,SLV,OIL,2045,0.3,0.3,0.0,0.3,plan_grounded,grounded,2.8382,COMMITTED,CALIBRATED - pending PI sign-off,2030.0
VGB,PWROILSLVXX,SLV,OIL,2046,1.0717,0.3,0.7717,0.3,plan_grounded,grounded,10.1391,COMMITTED,CALIBRATED - pending PI sign-off,2030.0
VGB,PWROILSLVXX,SLV,OIL,2047,1.0717,0.3,0.7717,0.3,plan_grounded,grounded,10.1391,COMMITTED,CALIBRATED - pending PI sign-off,2030.0
VGB,PWROILSLVXX,SLV,OIL,2048,1.0717,0.3,0.7717,0.3,plan_grounded,grounded,10.1391,COMMITTED,CALIBRATED - pending PI sign-off,2030.0
VGB,PWROILSLVXX,SLV,OIL,2049,1.0717,0.3,0.7717,0.3,plan_grounded,grounded,10.1391,COMMITTED,CALIBRATED - pending PI sign-off,2030.0
VGB,PWROILSLVXX,SLV,OIL,2050,1.0717,0.3,0.7717,0.3,plan_grounded,grounded,10.1391,COMMITTED,CALIBRATED - pending PI sign-off,2030.0
VGB,PWRPETARGXX,ARG,PET,2027,5.912,0.0,5.912,0.33,plan_grounded,grounded,61.5255,COMMITTED,CALIBRATED - pending PI sign-off,
VGB,PWRPETARGXX,ARG,PET,2028,5.912,0.0,5.912,0.33,plan_grounded,grounded,61.5255,COMMITTED,CALIBRATED - pending PI sign-off,
VGB,PWRPETARGXX,ARG,PET,2029,5.912,0.0,5.912,0.33,plan_grounded,grounded,61.5255,COMMITTED,CALIBRATED - pending PI sign-off,
VGB,PWRPETARGXX,ARG,PET,2030,5.912,0.0,5.912,0.33,plan_grounded,grounded,61.5255,COMMITTED,CALIBRATED - pending PI sign-off,
VGB,PWRPETARGXX,ARG,PET,2031,5.912,0.0,5.912,0.33,plan_grounded,grounded,61.5255,COMMITTED,CALIBRATED - pending PI sign-off,
VGB,PWRPETARGXX,ARG,PET,2032,5.912,0.0,5.912,0.33,plan_grounded,grounded,61.5255,COMMITTED,CALIBRATED - pending PI sign-off,
VGB,PWRPETARGXX,ARG,PET,2033,5.912,0.0,5.912,0.33,plan_grounded,grounded,61.5255,COMMITTED,CALIBRATED - pending PI sign-off,
VGB,PWRPETARGXX,ARG,PET,2034,5.912,0.0,5.912,0.33,plan_grounded,grounded,61.5255,COMMITTED,CALIBRATED - pending PI sign-off,
VGB,PWRPETARGXX,ARG,PET,2035,5.912,0.0,5.912,0.33,plan_grounded,grounded,61.5255,COMMITTED,CALIBRATED - pending PI sign-off,
VGB,PWRPETARGXX,ARG,PET,2036,5.912,0.0,5.912,0.33,plan_grounded,grounded,61.5255,COMMITTED,CALIBRATED - pending PI sign-off,
VGB,PWRPETARGXX,ARG,PET,2037,5.912,0.0,5.912,0.33,plan_grounded,grounded,61.5255,COMMITTED,CALIBRATED - pending PI sign-off,
VGB,PWRPETARGXX,ARG,PET,2038,5.912,0.0,5.912,0.33,plan_grounded,grounded,61.5255,COMMITTED,CALIBRATED - pending PI sign-off,
VGB,PWRPETARGXX,ARG,PET,2039,5.912,0.0,5.912,0.33,plan_grounded,grounded,61.5255,COMMITTED,CALIBRATED - pending PI sign-off,
VGB,PWRPETARGXX,ARG,PET,2040,5.912,0.0,5.912,0.33,plan_grounded,grounded,61.5255,COMMITTED,CALIBRATED - pending PI sign-off,
VGB,PWRPETARGXX,ARG,PET,2041,5.912,0.0,5.912,0.33,plan_grounded,grounded,61.5255,COMMITTED,CALIBRATED - pending PI sign-off,
VGB,PWRPETARGXX,ARG,PET,2042,5.912,0.0,5.912,0.33,plan_grounded,grounded,61.5255,COMMITTED,CALIBRATED - pending PI sign-off,
VGB,PWRPETARGXX,ARG,PET,2043,5.912,0.0,5.912,0.33,plan_grounded,grounded,61.5255,COMMITTED,CALIBRATED - pending PI sign-off,
VGB,PWRPETARGXX,ARG,PET,2044,5.912,0.0,5.912,0.33,plan_grounded,grounded,61.5255,COMMITTED,CALIBRATED - pending PI sign-off,
VGB,PWRPETARGXX,ARG,PET,2045,5.912,0.0,5.912,0.33,plan_grounded,grounded,61.5255,COMMITTED,CALIBRATED - pending PI sign-off,
VGB,PWRPETBOLXX,BOL,PET,2027,0.1451,0.0,0.1451,0.1633,historical_implied,historical,0.7472,COMMITTED,CALIBRATED - pending PI sign-off,
VGB,PWRPETBOLXX,BOL,PET,2028,0.1451,0.0,0.1451,0.1633,historical_implied,historical,0.7472,COMMITTED,CALIBRATED - pending PI sign-off,
VGB,PWRPETBOLXX,BOL,PET,2029,0.1451,0.0,0.1451,0.1633,historical_implied,historical,0.7472,COMMITTED,CALIBRATED - pending PI sign-off,
VGB,PWRPETBOLXX,BOL,PET,2030,0.1451,0.0,0.1451,0.1633,historical_implied,historical,0.7472,COMMITTED,CALIBRATED - pending PI sign-off,
VGB,PWRPETBOLXX,BOL,PET,2031,0.1451,0.0,0.1451,0.1633,historical_implied,historical,0.7472,COMMITTED,CALIBRATED - pending PI sign-off,
VGB,PWRPETBOLXX,BOL,PET,2032,0.1451,0.0,0.1451,0.1633,historical_implied,historical,0.7472,COMMITTED,CALIBRATED - pending PI sign-off,
VGB,PWRPETBOLXX,BOL,PET,2033,0.1451,0.0,0.1451,0.1633,historical_implied,historical,0.7472,COMMITTED,CALIBRATED - pending PI sign-off,
VGB,PWRPETBOLXX,BOL,PET,2034,0.1451,0.0,0.1451,0.1633,historical_implied,historical,0.7472,COMMITTED,CALIBRATED - pending PI sign-off,
VGB,PWRPETBOLXX,BOL,PET,2035,0.1451,0.0,0.1451,0.1633,historical_implied,historical,0.7472,COMMITTED,CALIBRATED - pending PI sign-off,
VGB,PWRPETBOLXX,BOL,PET,2036,0.1451,0.0,0.1451,0.1633,historical_implied,historical,0.7472,COMMITTED,CALIBRATED - pending PI sign-off,
VGB,PWRPETBOLXX,BOL,PET,2037,0.1451,0.0,0.1451,0.1633,historical_implied,historical,0.7472,COMMITTED,CALIBRATED - pending PI sign-off,
VGB,PWRPETBOLXX,BOL,PET,2038,0.1451,0.0,0.1451,0.1633,historical_implied,historical,0.7472,COMMITTED,CALIBRATED - pending PI sign-off,
VGB,PWRPETBOLXX,BOL,PET,2039,0.1451,0.0,0.1451,0.1633,historical_implied,historical,0.7472,COMMITTED,CALIBRATED - pending PI sign-off,
VGB,PWRPETBOLXX,BOL,PET,2040,0.1451,0.0,0.1451,0.1633,historical_implied,historical,0.7472,COMMITTED,CALIBRATED - pending PI sign-off,
VGB,PWRPETBOLXX,BOL,PET,2041,0.1451,0.0,0.1451,0.1633,historical_implied,historical,0.7472,COMMITTED,CALIBRATED - pending PI sign-off,
VGB,PWRPETBOLXX,BOL,PET,2042,0.1451,0.0,0.1451,0.1633,historical_implied,historical,0.7472,COMMITTED,CALIBRATED - pending PI sign-off,
VGB,PWRPETBOLXX,BOL,PET,2043,0.1451,0.0,0.1451,0.1633,historical_implied,historical,0.7472,COMMITTED,CALIBRATED - pending PI sign-off,
VGB,PWRPETBOLXX,BOL,PET,2044,0.1451,0.0,0.1451,0.1633,historical_implied,historical,0.7472,COMMITTED,CALIBRATED - pending PI sign-off,
VGB,PWRPETBOLXX,BOL,PET,2045,0.1451,0.0,0.1451,0.1633,historical_implied,historical,0.7472,COMMITTED,CALIBRATED - pending PI sign-off,
VGB,PWRPETBOLXX,BOL,PET,2046,0.1451,0.0,0.1451,0.1633,historical_implied,historical,0.7472,COMMITTED,CALIBRATED - pending PI sign-off,
VGB,PWRPETBOLXX,BOL,PET,2047,0.1451,0.0,0.1451,0.1633,historical_implied,historical,0.7472,COMMITTED,CALIBRATED - pending PI sign-off,
VGB,PWRPETBOLXX,BOL,PET,2048,0.1451,0.0,0.1451,0.1633,historical_implied,historical,0.7472,COMMITTED,CALIBRATED - pending PI sign-off,
VGB,PWRPETBOLXX,BOL,PET,2049,0.1451,0.0,0.1451,0.1633,historical_implied,historical,0.7472,COMMITTED,CALIBRATED - pending PI sign-off,
VGB,PWRPETBOLXX,BOL,PET,2050,0.1451,0.0,0.1451,0.1633,historical_implied,historical,0.7472,COMMITTED,CALIBRATED - pending PI sign-off,
VGB,PWRPETBRAXX,BRA,PET,2027,9.198,0.0,9.198,0.2053,historical_implied,historical,59.5553,COMMITTED,CALIBRATED - pending PI sign-off,
VGB,PWRPETBRAXX,BRA,PET,2028,9.198,0.0,9.198,0.2053,historical_implied,historical,59.5553,COMMITTED,CALIBRATED - pending PI sign-off,
VGB,PWRPETBRAXX,BRA,PET,2029,9.198,0.0,9.198,0.2053,historical_implied,historical,59.5553,COMMITTED,CALIBRATED - pending PI sign-off,
VGB,PWRPETBRAXX,BRA,PET,2030,9.198,0.0,9.198,0.2053,historical_implied,historical,59.5553,COMMITTED,CALIBRATED - pending PI sign-off,
VGB,PWRPETBRAXX,BRA,PET,2031,9.198,0.0,9.198,0.2053,historical_implied,historical,59.5553,COMMITTED,CALIBRATED - pending PI sign-off,
VGB,PWRPETBRAXX,BRA,PET,2032,9.198,0.0,9.198,0.2053,historical_implied,historical,59.5553,COMMITTED,CALIBRATED - pending PI sign-off,
VGB,PWRPETBRAXX,BRA,PET,2033,9.198,0.0,9.198,0.2053,historical_implied,historical,59.5553,COMMITTED,CALIBRATED - pending PI sign-off,
VGB,PWRPETBRAXX,BRA,PET,2034,9.198,0.0,9.198,0.2053,historical_implied,historical,59.5553,COMMITTED,CALIBRATED - pending PI sign-off,
VGB,PWRPETBRAXX,BRA,PET,2035,9.198,0.0,9.198,0.2053,historical_implied,historical,59.5553,COMMITTED,CALIBRATED - pending PI sign-off,
VGB,PWRPETBRAXX,BRA,PET,2036,9.198,0.0,9.198,0.2053,historical_implied,historical,59.5553,COMMITTED,CALIBRATED - pending PI sign-off,
VGB,PWRPETBRAXX,BRA,PET,2037,9.198,0.0,9.198,0.2053,historical_implied,historical,59.5553,COMMITTED,CALIBRATED - pending PI sign-off,
VGB,PWRPETBRAXX,BRA,PET,2038,9.198,0.0,9.198,0.2053,historical_implied,historical,59.5553,COMMITTED,CALIBRATED - pending PI sign-off,
VGB,PWRPETBRAXX,BRA,PET,2039,9.198,0.0,9.198,0.2053,historical_implied,historical,59.5553,COMMITTED,CALIBRATED - pending PI sign-off,
VGB,PWRPETBRAXX,BRA,PET,2040,9.198,0.0,9.198,0.2053,historical_implied,historical,59.5553,COMMITTED,CALIBRATED - pending PI sign-off,
VGB,PWRPETBRAXX,BRA,PET,2041,9.198,0.0,9.198,0.2053,historical_implied,historical,59.5553,COMMITTED,CALIBRATED - pending PI sign-off,
VGB,PWRPETBRAXX,BRA,PET,2042,9.198,0.0,9.198,0.2053,historical_implied,historical,59.5553,COMMITTED,CALIBRATED - pending PI sign-off,
VGB,PWRPETBRAXX,BRA,PET,2043,9.198,0.0,9.198,0.2053,historical_implied,historical,59.5553,COMMITTED,CALIBRATED - pending PI sign-off,
VGB,PWRPETBRAXX,BRA,PET,2044,9.198,0.0,9.198,0.2053,historical_implied,historical,59.5553,COMMITTED,CALIBRATED - pending PI sign-off,
VGB,PWRPETBRAXX,BRA,PET,2045,9.198,0.0,9.198,0.2053,historical_implied,historical,59.5553,COMMITTED,CALIBRATED - pending PI sign-off,
VGB,PWRPETBRBXX,BRB,PET,2027,0.0334,0.0,0.0334,0.1,plan_grounded,proxy,0.1053,COMMITTED,CALIBRATED - pending PI sign-off,2040.0
VGB,PWRPETBRBXX,BRB,PET,2028,0.0334,0.0,0.0334,0.1,plan_grounded,proxy,0.1053,COMMITTED,CALIBRATED - pending PI sign-off,2040.0
VGB,PWRPETBRBXX,BRB,PET,2029,0.0334,0.0,0.0334,0.1,plan_grounded,proxy,0.1053,COMMITTED,CALIBRATED - pending PI sign-off,2040.0
VGB,PWRPETBRBXX,BRB,PET,2030,0.0334,0.0,0.0334,0.1,plan_grounded,proxy,0.1053,COMMITTED,CALIBRATED - pending PI sign-off,2040.0
VGB,PWRPETBRBXX,BRB,PET,2031,0.0334,0.0,0.0334,0.1,plan_grounded,proxy,0.1053,COMMITTED,CALIBRATED - pending PI sign-off,2040.0
VGB,PWRPETBRBXX,BRB,PET,2032,0.0334,0.0,0.0334,0.1,plan_grounded,proxy,0.1053,COMMITTED,CALIBRATED - pending PI sign-off,2040.0
VGB,PWRPETBRBXX,BRB,PET,2033,0.0334,0.0,0.0334,0.1,plan_grounded,proxy,0.1053,COMMITTED,CALIBRATED - pending PI sign-off,2040.0
VGB,PWRPETBRBXX,BRB,PET,2034,0.0334,0.0,0.0334,0.1,plan_grounded,proxy,0.1053,COMMITTED,CALIBRATED - pending PI sign-off,2040.0
VGB,PWRPETBRBXX,BRB,PET,2035,0.0334,0.0,0.0334,0.1,plan_grounded,proxy,0.1053,COMMITTED,CALIBRATED - pending PI sign-off,2040.0
VGB,PWRPETBRBXX,BRB,PET,2036,0.0334,0.0,0.0334,0.1,plan_grounded,proxy,0.1053,COMMITTED,CALIBRATED - pending PI sign-off,2040.0
VGB,PWRPETBRBXX,BRB,PET,2037,0.0334,0.0,0.0334,0.1,plan_grounded,proxy,0.1053,COMMITTED,CALIBRATED - pending PI sign-off,2040.0
VGB,PWRPETBRBXX,BRB,PET,2038,0.0334,0.0,0.0334,0.1,plan_grounded,proxy,0.1053,COMMITTED,CALIBRATED - pending PI sign-off,2040.0
VGB,PWRPETBRBXX,BRB,PET,2039,0.0334,0.0,0.0334,0.1,plan_grounded,proxy,0.1053,COMMITTED,CALIBRATED - pending PI sign-off,2040.0
VGB,PWRPETBRBXX,BRB,PET,2040,0.2914,0.258,0.0334,0.1,plan_grounded,proxy,0.919,COMMITTED,CALIBRATED - pending PI sign-off,2040.0
VGB,PWRPETBRBXX,BRB,PET,2041,0.2914,0.258,0.0334,0.1,plan_grounded,proxy,0.919,COMMITTED,CALIBRATED - pending PI sign-off,2040.0
VGB,PWRPETBRBXX,BRB,PET,2042,0.2914,0.258,0.0334,0.1,plan_grounded,proxy,0.919,COMMITTED,CALIBRATED - pending PI sign-off,2040.0
VGB,PWRPETBRBXX,BRB,PET,2043,0.2914,0.258,0.0334,0.1,plan_grounded,proxy,0.919,COMMITTED,CALIBRATED - pending PI sign-off,2040.0
VGB,PWRPETBRBXX,BRB,PET,2044,0.2914,0.258,0.0334,0.1,plan_grounded,proxy,0.919,COMMITTED,CALIBRATED - pending PI sign-off,2040.0
VGB,PWRPETBRBXX,BRB,PET,2045,0.2914,0.258,0.0334,0.1,plan_grounded,proxy,0.919,COMMITTED,CALIBRATED - pending PI sign-off,2040.0
VGB,PWRPETBRBXX,BRB,PET,2046,0.258,0.258,0.0,0.1,plan_grounded,proxy,0.8136,COMMITTED,CALIBRATED - pending PI sign-off,2040.0
VGB,PWRPETBRBXX,BRB,PET,2047,0.258,0.258,0.0,0.1,plan_grounded,proxy,0.8136,COMMITTED,CALIBRATED - pending PI sign-off,2040.0
VGB,PWRPETBRBXX,BRB,PET,2048,0.258,0.258,0.0,0.1,plan_grounded,proxy,0.8136,COMMITTED,CALIBRATED - pending PI sign-off,2040.0
VGB,PWRPETBRBXX,BRB,PET,2049,0.258,0.258,0.0,0.1,plan_grounded,proxy,0.8136,COMMITTED,CALIBRATED - pending PI sign-off,2040.0
VGB,PWRPETBRBXX,BRB,PET,2050,0.258,0.258,0.0,0.1,plan_grounded,proxy,0.8136,COMMITTED,CALIBRATED - pending PI sign-off,2040.0
VGB,PWRPETCHLXX,CHL,PET,2027,3.1053,0.0,3.1053,0.0791,historical_implied,historical,7.7435,COMMITTED,CALIBRATED - pending PI sign-off,
VGB,PWRPETCHLXX,CHL,PET,2028,3.1053,0.0,3.1053,0.0791,historical_implied,historical,7.7435,COMMITTED,CALIBRATED - pending PI sign-off,
VGB,PWRPETCHLXX,CHL,PET,2029,3.1053,0.0,3.1053,0.0791,historical_implied,historical,7.7435,COMMITTED,CALIBRATED - pending PI sign-off,
VGB,PWRPETCHLXX,CHL,PET,2030,3.1053,0.0,3.1053,0.0791,historical_implied,historical,7.7435,COMMITTED,CALIBRATED - pending PI sign-off,
VGB,PWRPETCHLXX,CHL,PET,2031,3.1053,0.0,3.1053,0.0791,historical_implied,historical,7.7435,COMMITTED,CALIBRATED - pending PI sign-off,
VGB,PWRPETCHLXX,CHL,PET,2032,3.1053,0.0,3.1053,0.0791,historical_implied,historical,7.7435,COMMITTED,CALIBRATED - pending PI sign-off,
VGB,PWRPETCHLXX,CHL,PET,2033,3.1053,0.0,3.1053,0.0791,historical_implied,historical,7.7435,COMMITTED,CALIBRATED - pending PI sign-off,
VGB,PWRPETCHLXX,CHL,PET,2046,0.9802,0.0,0.9802,0.0791,historical_implied,historical,2.4443,COMMITTED,CALIBRATED - pending PI sign-off,
VGB,PWRPETCHLXX,CHL,PET,2047,0.9802,0.0,0.9802,0.0791,historical_implied,historical,2.4443,COMMITTED,CALIBRATED - pending PI sign-off,
VGB,PWRPETCHLXX,CHL,PET,2048,0.9802,0.0,0.9802,0.0791,historical_implied,historical,2.4443,COMMITTED,CALIBRATED - pending PI sign-off,
VGB,PWRPETCHLXX,CHL,PET,2049,0.9802,0.0,0.9802,0.0791,historical_implied,historical,2.4443,COMMITTED,CALIBRATED - pending PI sign-off,
VGB,PWRPETCHLXX,CHL,PET,2050,0.9802,0.0,0.9802,0.0791,historical_implied,historical,2.4443,COMMITTED,CALIBRATED - pending PI sign-off,
VGB,PWRPETCOLXX,COL,PET,2027,1.257,0.0,1.257,0.01,plan_grounded,grounded,0.3964,COMMITTED,CALIBRATED - pending PI sign-off,
VGB,PWRPETCOLXX,COL,PET,2028,1.257,0.0,1.257,0.01,plan_grounded,grounded,0.3964,COMMITTED,CALIBRATED - pending PI sign-off,
VGB,PWRPETCOLXX,COL,PET,2029,1.257,0.0,1.257,0.01,plan_grounded,grounded,0.3964,COMMITTED,CALIBRATED - pending PI sign-off,
VGB,PWRPETCOLXX,COL,PET,2030,1.257,0.0,1.257,0.01,plan_grounded,grounded,0.3964,COMMITTED,CALIBRATED - pending PI sign-off,
VGB,PWRPETCOLXX,COL,PET,2031,1.257,0.0,1.257,0.01,plan_grounded,grounded,0.3964,COMMITTED,CALIBRATED - pending PI sign-off,
VGB,PWRPETCOLXX,COL,PET,2032,1.257,0.0,1.257,0.01,plan_grounded,grounded,0.3964,COMMITTED,CALIBRATED - pending PI sign-off,
VGB,PWRPETCOLXX,COL,PET,2033,1.257,0.0,1.257,0.01,plan_grounded,grounded,0.3964,COMMITTED,CALIBRATED - pending PI sign-off,
VGB,PWRPETCOLXX,COL,PET,2034,1.257,0.0,1.257,0.01,plan_grounded,grounded,0.3964,COMMITTED,CALIBRATED - pending PI sign-off,
VGB,PWRPETCOLXX,COL,PET,2035,1.257,0.0,1.257,0.01,plan_grounded,grounded,0.3964,COMMITTED,CALIBRATED - pending PI sign-off,
VGB,PWRPETCOLXX,COL,PET,2036,1.257,0.0,1.257,0.01,plan_grounded,grounded,0.3964,COMMITTED,CALIBRATED - pending PI sign-off,
VGB,PWRPETCOLXX,COL,PET,2037,1.257,0.0,1.257,0.01,plan_grounded,grounded,0.3964,COMMITTED,CALIBRATED - pending PI sign-off,
VGB,PWRPETCOLXX,COL,PET,2038,1.257,0.0,1.257,0.01,plan_grounded,grounded,0.3964,COMMITTED,CALIBRATED - pending PI sign-off,
VGB,PWRPETCOLXX,COL,PET,2039,1.257,0.0,1.257,0.01,plan_grounded,grounded,0.3964,COMMITTED,CALIBRATED - pending PI sign-off,
VGB,PWRPETCOLXX,COL,PET,2040,1.257,0.0,1.257,0.01,plan_grounded,grounded,0.3964,COMMITTED,CALIBRATED - pending PI sign-off,
VGB,PWRPETCOLXX,COL,PET,2041,1.257,0.0,1.257,0.01,plan_grounded,grounded,0.3964,COMMITTED,CALIBRATED - pending PI sign-off,
VGB,PWRPETCOLXX,COL,PET,2042,1.257,0.0,1.257,0.01,plan_grounded,grounded,0.3964,COMMITTED,CALIBRATED - pending PI sign-off,
VGB,PWRPETCOLXX,COL,PET,2043,1.257,0.0,1.257,0.01,plan_grounded,grounded,0.3964,COMMITTED,CALIBRATED - pending PI sign-off,
VGB,PWRPETCOLXX,COL,PET,2044,1.257,0.0,1.257,0.01,plan_grounded,grounded,0.3964,COMMITTED,CALIBRATED - pending PI sign-off,
VGB,PWRPETCOLXX,COL,PET,2045,1.257,0.0,1.257,0.01,plan_grounded,grounded,0.3964,COMMITTED,CALIBRATED - pending PI sign-off,
VGB,PWRPETCOLXX,COL,PET,2046,0.5693,0.0,0.5693,0.01,plan_grounded,grounded,0.1795,COMMITTED,CALIBRATED - pending PI sign-off,
VGB,PWRPETCOLXX,COL,PET,2047,0.5693,0.0,0.5693,0.01,plan_grounded,grounded,0.1795,COMMITTED,CALIBRATED - pending PI sign-off,
VGB,PWRPETCOLXX,COL,PET,2048,0.5693,0.0,0.5693,0.01,plan_grounded,grounded,0.1795,COMMITTED,CALIBRATED - pending PI sign-off,
VGB,PWRPETCOLXX,COL,PET,2049,0.5693,0.0,0.5693,0.01,plan_grounded,grounded,0.1795,COMMITTED,CALIBRATED - pending PI sign-off,
VGB,PWRPETCOLXX,COL,PET,2050,0.5693,0.0,0.5693,0.01,plan_grounded,grounded,0.1795,COMMITTED,CALIBRATED - pending PI sign-off,
VGB,PWRPETCRIXX,CRI,PET,2027,0.381,0.0,0.381,0.1,fuel_fallback,proxy,1.2015,COMMITTED,CALIBRATED - pending PI sign-off,
VGB,PWRPETCRIXX,CRI,PET,2028,0.381,0.0,0.381,0.1,fuel_fallback,proxy,1.2015,COMMITTED,CALIBRATED - pending PI sign-off,
VGB,PWRPETCRIXX,CRI,PET,2029,0.381,0.0,0.381,0.1,fuel_fallback,proxy,1.2015,COMMITTED,CALIBRATED - pending PI sign-off,
VGB,PWRPETCRIXX,CRI,PET,2030,0.381,0.0,0.381,0.1,fuel_fallback,proxy,1.2015,COMMITTED,CALIBRATED - pending PI sign-off,
VGB,PWRPETCRIXX,CRI,PET,2031,0.381,0.0,0.381,0.1,fuel_fallback,proxy,1.2015,COMMITTED,CALIBRATED - pending PI sign-off,
VGB,PWRPETCRIXX,CRI,PET,2032,0.381,0.0,0.381,0.1,fuel_fallback,proxy,1.2015,COMMITTED,CALIBRATED - pending PI sign-off,
VGB,PWRPETCRIXX,CRI,PET,2033,0.381,0.0,0.381,0.1,fuel_fallback,proxy,1.2015,COMMITTED,CALIBRATED - pending PI sign-off,
VGB,PWRPETCRIXX,CRI,PET,2034,0.381,0.0,0.381,0.1,fuel_fallback,proxy,1.2015,COMMITTED,CALIBRATED - pending PI sign-off,
VGB,PWRPETCRIXX,CRI,PET,2035,0.381,0.0,0.381,0.1,fuel_fallback,proxy,1.2015,COMMITTED,CALIBRATED - pending PI sign-off,
VGB,PWRPETCRIXX,CRI,PET,2036,0.381,0.0,0.381,0.1,fuel_fallback,proxy,1.2015,COMMITTED,CALIBRATED - pending PI sign-off,
VGB,PWRPETCRIXX,CRI,PET,2037,0.381,0.0,0.381,0.1,fuel_fallback,proxy,1.2015,COMMITTED,CALIBRATED - pending PI sign-off,
VGB,PWRPETCRIXX,CRI,PET,2038,0.381,0.0,0.381,0.1,fuel_fallback,proxy,1.2015,COMMITTED,CALIBRATED - pending PI sign-off,
VGB,PWRPETCRIXX,CRI,PET,2039,0.381,0.0,0.381,0.1,fuel_fallback,proxy,1.2015,COMMITTED,CALIBRATED - pending PI sign-off,
VGB,PWRPETCRIXX,CRI,PET,2040,0.381,0.0,0.381,0.1,fuel_fallback,proxy,1.2015,COMMITTED,CALIBRATED - pending PI sign-off,
VGB,PWRPETCRIXX,CRI,PET,2041,0.381,0.0,0.381,0.1,fuel_fallback,proxy,1.2015,COMMITTED,CALIBRATED - pending PI sign-off,
VGB,PWRPETCRIXX,CRI,PET,2042,0.381,0.0,0.381,0.1,fuel_fallback,proxy,1.2015,COMMITTED,CALIBRATED - pending PI sign-off,
VGB,PWRPETCRIXX,CRI,PET,2043,0.381,0.0,0.381,0.1,fuel_fallback,proxy,1.2015,COMMITTED,CALIBRATED - pending PI sign-off,
VGB,PWRPETCRIXX,CRI,PET,2044,0.381,0.0,0.381,0.1,fuel_fallback,proxy,1.2015,COMMITTED,CALIBRATED - pending PI sign-off,
VGB,PWRPETCRIXX,CRI,PET,2045,0.381,0.0,0.381,0.1,fuel_fallback,proxy,1.2015,COMMITTED,CALIBRATED - pending PI sign-off,
VGB,PWRPETCRIXX,CRI,PET,2046,0.0017,0.0,0.0017,0.1,fuel_fallback,proxy,0.0054,COMMITTED,CALIBRATED - pending PI sign-off,
VGB,PWRPETCRIXX,CRI,PET,2047,0.0017,0.0,0.0017,0.1,fuel_fallback,proxy,0.0054,COMMITTED,CALIBRATED - pending PI sign-off,
VGB,PWRPETCRIXX,CRI,PET,2048,0.0017,0.0,0.0017,0.1,fuel_fallback,proxy,0.0054,COMMITTED,CALIBRATED - pending PI sign-off,
VGB,PWRPETCRIXX,CRI,PET,2049,0.0017,0.0,0.0017,0.1,fuel_fallback,proxy,0.0054,COMMITTED,CALIBRATED - pending PI sign-off,
VGB,PWRPETCRIXX,CRI,PET,2050,0.0017,0.0,0.0017,0.1,fuel_fallback,proxy,0.0054,COMMITTED,CALIBRATED - pending PI sign-off,
VGB,PWRPETDOMXX,DOM,PET,2046,0.4964,0.0,0.4964,0.1,fuel_fallback,proxy,1.5654,COMMITTED,CALIBRATED - pending PI sign-off,
VGB,PWRPETDOMXX,DOM,PET,2047,0.4964,0.0,0.4964,0.1,fuel_fallback,proxy,1.5654,COMMITTED,CALIBRATED - pending PI sign-off,
VGB,PWRPETDOMXX,DOM,PET,2048,0.4964,0.0,0.4964,0.1,fuel_fallback,proxy,1.5654,COMMITTED,CALIBRATED - pending PI sign-off,
VGB,PWRPETDOMXX,DOM,PET,2049,0.4964,0.0,0.4964,0.1,fuel_fallback,proxy,1.5654,COMMITTED,CALIBRATED - pending PI sign-off,
VGB,PWRPETDOMXX,DOM,PET,2050,0.4964,0.0,0.4964,0.1,fuel_fallback,proxy,1.5654,COMMITTED,CALIBRATED - pending PI sign-off,
VGB,PWRPETECUXX,ECU,PET,2027,2.1442,0.887,1.2572,0.3,plan_grounded,grounded,20.2858,COMMITTED,CALIBRATED - pending PI sign-off,2024.0
VGB,PWRPETECUXX,ECU,PET,2028,2.7442,1.487,1.2572,0.3,plan_grounded,grounded,25.9623,COMMITTED,CALIBRATED - pending PI sign-off,2024.0
VGB,PWRPETECUXX,ECU,PET,2029,2.9442,1.687,1.2572,0.3,plan_grounded,grounded,27.8545,COMMITTED,CALIBRATED - pending PI sign-off,2024.0
VGB,PWRPETECUXX,ECU,PET,2030,2.9442,1.687,1.2572,0.3,plan_grounded,grounded,27.8545,COMMITTED,CALIBRATED - pending PI sign-off,2024.0
VGB,PWRPETECUXX,ECU,PET,2031,2.9442,1.687,1.2572,0.3,plan_grounded,grounded,27.8545,COMMITTED,CALIBRATED - pending PI sign-off,2024.0
VGB,PWRPETECUXX,ECU,PET,2032,2.9442,1.687,1.2572,0.3,plan_grounded,grounded,27.8545,COMMITTED,CALIBRATED - pending PI sign-off,2024.0
VGB,PWRPETECUXX,ECU,PET,2033,2.9442,1.687,1.2572,0.3,plan_grounded,grounded,27.8545,COMMITTED,CALIBRATED - pending PI sign-off,2024.0
VGB,PWRPETECUXX,ECU,PET,2034,2.9442,1.687,1.2572,0.3,plan_grounded,grounded,27.8545,COMMITTED,CALIBRATED - pending PI sign-off,2024.0
VGB,PWRPETECUXX,ECU,PET,2035,2.9442,1.687,1.2572,0.3,plan_grounded,grounded,27.8545,COMMITTED,CALIBRATED - pending PI sign-off,2024.0
VGB,PWRPETECUXX,ECU,PET,2036,2.9442,1.687,1.2572,0.3,plan_grounded,grounded,27.8545,COMMITTED,CALIBRATED - pending PI sign-off,2024.0
VGB,PWRPETECUXX,ECU,PET,2037,2.9442,1.687,1.2572,0.3,plan_grounded,grounded,27.8545,COMMITTED,CALIBRATED - pending PI sign-off,2024.0
VGB,PWRPETECUXX,ECU,PET,2038,2.9442,1.687,1.2572,0.3,plan_grounded,grounded,27.8545,COMMITTED,CALIBRATED - pending PI sign-off,2024.0
VGB,PWRPETECUXX,ECU,PET,2039,2.9442,1.687,1.2572,0.3,plan_grounded,grounded,27.8545,COMMITTED,CALIBRATED - pending PI sign-off,2024.0
VGB,PWRPETECUXX,ECU,PET,2040,2.9442,1.687,1.2572,0.3,plan_grounded,grounded,27.8545,COMMITTED,CALIBRATED - pending PI sign-off,2024.0
VGB,PWRPETECUXX,ECU,PET,2041,2.9442,1.687,1.2572,0.3,plan_grounded,grounded,27.8545,COMMITTED,CALIBRATED - pending PI sign-off,2024.0
VGB,PWRPETECUXX,ECU,PET,2042,2.9442,1.687,1.2572,0.3,plan_grounded,grounded,27.8545,COMMITTED,CALIBRATED - pending PI sign-off,2024.0
VGB,PWRPETECUXX,ECU,PET,2043,2.9442,1.687,1.2572,0.3,plan_grounded,grounded,27.8545,COMMITTED,CALIBRATED - pending PI sign-off,2024.0
VGB,PWRPETECUXX,ECU,PET,2044,2.9442,1.687,1.2572,0.3,plan_grounded,grounded,27.8545,COMMITTED,CALIBRATED - pending PI sign-off,2024.0
VGB,PWRPETECUXX,ECU,PET,2045,4.1966,1.687,2.5096,0.3,plan_grounded,grounded,39.7032,COMMITTED,CALIBRATED - pending PI sign-off,2024.0
VGB,PWRPETECUXX,ECU,PET,2046,3.128,1.687,1.441,0.3,plan_grounded,grounded,29.5934,COMMITTED,CALIBRATED - pending PI sign-off,2024.0
VGB,PWRPETECUXX,ECU,PET,2047,3.128,1.687,1.441,0.3,plan_grounded,grounded,29.5934,COMMITTED,CALIBRATED - pending PI sign-off,2024.0
VGB,PWRPETECUXX,ECU,PET,2048,3.128,1.687,1.441,0.3,plan_grounded,grounded,29.5934,COMMITTED,CALIBRATED - pending PI sign-off,2024.0
VGB,PWRPETECUXX,ECU,PET,2049,3.128,1.687,1.441,0.3,plan_grounded,grounded,29.5934,COMMITTED,CALIBRATED - pending PI sign-off,2024.0
VGB,PWRPETECUXX,ECU,PET,2050,3.128,1.687,1.441,0.3,plan_grounded,grounded,29.5934,COMMITTED,CALIBRATED - pending PI sign-off,2024.0
VGB,PWRPETGTMXX,GTM,PET,2027,0.0555,0.0,0.0555,0.1,plan_grounded,proxy,0.175,COMMITTED,CALIBRATED - pending PI sign-off,
VGB,PWRPETGTMXX,GTM,PET,2028,0.0555,0.0,0.0555,0.1,plan_grounded,proxy,0.175,COMMITTED,CALIBRATED - pending PI sign-off,
VGB,PWRPETGTMXX,GTM,PET,2029,0.0706,0.0,0.0706,0.1,plan_grounded,proxy,0.2226,COMMITTED,CALIBRATED - pending PI sign-off,
VGB,PWRPETGTMXX,GTM,PET,2030,0.0706,0.0,0.0706,0.1,plan_grounded,proxy,0.2226,COMMITTED,CALIBRATED - pending PI sign-off,
VGB,PWRPETGTMXX,GTM,PET,2031,0.0953,0.0,0.0953,0.1,plan_grounded,proxy,0.3005,COMMITTED,CALIBRATED - pending PI sign-off,
VGB,PWRPETGTMXX,GTM,PET,2032,0.0953,0.0,0.0953,0.1,plan_grounded,proxy,0.3005,COMMITTED,CALIBRATED - pending PI sign-off,
VGB,PWRPETGTMXX,GTM,PET,2033,0.0953,0.0,0.0953,0.1,plan_grounded,proxy,0.3005,COMMITTED,CALIBRATED - pending PI sign-off,
VGB,PWRPETGTMXX,GTM,PET,2034,0.1132,0.0,0.1132,0.1,plan_grounded,proxy,0.357,COMMITTED,CALIBRATED - pending PI sign-off,
VGB,PWRPETGTMXX,GTM,PET,2035,0.1132,0.0,0.1132,0.1,plan_grounded,proxy,0.357,COMMITTED,CALIBRATED - pending PI sign-off,
VGB,PWRPETGTMXX,GTM,PET,2036,0.1132,0.0,0.1132,0.1,plan_grounded,proxy,0.357,COMMITTED,CALIBRATED - pending PI sign-off,
VGB,PWRPETGTMXX,GTM,PET,2037,0.1132,0.0,0.1132,0.1,plan_grounded,proxy,0.357,COMMITTED,CALIBRATED - pending PI sign-off,
VGB,PWRPETGTMXX,GTM,PET,2038,0.1371,0.0,0.1371,0.1,plan_grounded,proxy,0.4324,COMMITTED,CALIBRATED - pending PI sign-off,
VGB,PWRPETGTMXX,GTM,PET,2039,0.4095,0.0,0.4095,0.1,plan_grounded,proxy,1.2914,COMMITTED,CALIBRATED - pending PI sign-off,
VGB,PWRPETGTMXX,GTM,PET,2040,0.4095,0.0,0.4095,0.1,plan_grounded,proxy,1.2914,COMMITTED,CALIBRATED - pending PI sign-off,
VGB,PWRPETGTMXX,GTM,PET,2041,0.4095,0.0,0.4095,0.1,plan_grounded,proxy,1.2914,COMMITTED,CALIBRATED - pending PI sign-off,
VGB,PWRPETGTMXX,GTM,PET,2042,0.4095,0.0,0.4095,0.1,plan_grounded,proxy,1.2914,COMMITTED,CALIBRATED - pending PI sign-off,
VGB,PWRPETGTMXX,GTM,PET,2043,0.4095,0.0,0.4095,0.1,plan_grounded,proxy,1.2914,COMMITTED,CALIBRATED - pending PI sign-off,
VGB,PWRPETGTMXX,GTM,PET,2044,0.5692,0.0,0.5692,0.1,plan_grounded,proxy,1.795,COMMITTED,CALIBRATED - pending PI sign-off,
VGB,PWRPETGTMXX,GTM,PET,2045,0.5692,0.0,0.5692,0.1,plan_grounded,proxy,1.795,COMMITTED,CALIBRATED - pending PI sign-off,
VGB,PWRPETGTMXX,GTM,PET,2046,0.1689,0.0,0.1689,0.1,plan_grounded,proxy,0.5326,COMMITTED,CALIBRATED - pending PI sign-off,
VGB,PWRPETGTMXX,GTM,PET,2047,0.1689,0.0,0.1689,0.1,plan_grounded,proxy,0.5326,COMMITTED,CALIBRATED - pending PI sign-off,
VGB,PWRPETGTMXX,GTM,PET,2048,0.1689,0.0,0.1689,0.1,plan_grounded,proxy,0.5326,COMMITTED,CALIBRATED - pending PI sign-off,
VGB,PWRPETGTMXX,GTM,PET,2049,0.1689,0.0,0.1689,0.1,plan_grounded,proxy,0.5326,COMMITTED,CALIBRATED - pending PI sign-off,
VGB,PWRPETGTMXX,GTM,PET,2050,0.1689,0.0,0.1689,0.1,plan_grounded,proxy,0.5326,COMMITTED,CALIBRATED - pending PI sign-off,
VGB,PWRPETHNDXX,HND,PET,2027,1.1918,0.0,1.1918,0.35,plan_grounded,grounded,13.1546,COMMITTED,CALIBRATED - pending PI sign-off,
VGB,PWRPETHNDXX,HND,PET,2028,1.1918,0.0,1.1918,0.35,plan_grounded,grounded,13.1546,COMMITTED,CALIBRATED - pending PI sign-off,
VGB,PWRPETHNDXX,HND,PET,2029,1.1918,0.0,1.1918,0.35,plan_grounded,grounded,13.1546,COMMITTED,CALIBRATED - pending PI sign-off,
VGB,PWRPETHNDXX,HND,PET,2030,1.1918,0.0,1.1918,0.35,plan_grounded,grounded,13.1546,COMMITTED,CALIBRATED - pending PI sign-off,
VGB,PWRPETHNDXX,HND,PET,2031,1.1918,0.0,1.1918,0.35,plan_grounded,grounded,13.1546,COMMITTED,CALIBRATED - pending PI sign-off,
VGB,PWRPETHNDXX,HND,PET,2032,1.1918,0.0,1.1918,0.35,plan_grounded,grounded,13.1546,COMMITTED,CALIBRATED - pending PI sign-off,
VGB,PWRPETHNDXX,HND,PET,2033,1.1918,0.0,1.1918,0.35,plan_grounded,grounded,13.1546,COMMITTED,CALIBRATED - pending PI sign-off,
VGB,PWRPETHNDXX,HND,PET,2034,1.1918,0.0,1.1918,0.35,plan_grounded,grounded,13.1546,COMMITTED,CALIBRATED - pending PI sign-off,
VGB,PWRPETHNDXX,HND,PET,2035,1.1918,0.0,1.1918,0.35,plan_grounded,grounded,13.1546,COMMITTED,CALIBRATED - pending PI sign-off,
VGB,PWRPETHNDXX,HND,PET,2036,1.1918,0.0,1.1918,0.35,plan_grounded,grounded,13.1546,COMMITTED,CALIBRATED - pending PI sign-off,
VGB,PWRPETHNDXX,HND,PET,2037,1.1918,0.0,1.1918,0.35,plan_grounded,grounded,13.1546,COMMITTED,CALIBRATED - pending PI sign-off,
VGB,PWRPETHNDXX,HND,PET,2038,1.1918,0.0,1.1918,0.35,plan_grounded,grounded,13.1546,COMMITTED,CALIBRATED - pending PI sign-off,
VGB,PWRPETHNDXX,HND,PET,2039,1.1918,0.0,1.1918,0.35,plan_grounded,grounded,13.1546,COMMITTED,CALIBRATED - pending PI sign-off,
VGB,PWRPETHNDXX,HND,PET,2040,1.1918,0.0,1.1918,0.35,plan_grounded,grounded,13.1546,COMMITTED,CALIBRATED - pending PI sign-off,
VGB,PWRPETHNDXX,HND,PET,2041,1.1918,0.0,1.1918,0.35,plan_grounded,grounded,13.1546,COMMITTED,CALIBRATED - pending PI sign-off,
VGB,PWRPETHNDXX,HND,PET,2042,1.1918,0.0,1.1918,0.35,plan_grounded,grounded,13.1546,COMMITTED,CALIBRATED - pending PI sign-off,
VGB,PWRPETHNDXX,HND,PET,2043,1.1918,0.0,1.1918,0.35,plan_grounded,grounded,13.1546,COMMITTED,CALIBRATED - pending PI sign-off,
VGB,PWRPETHNDXX,HND,PET,2044,1.1918,0.0,1.1918,0.35,plan_grounded,grounded,13.1546,COMMITTED,CALIBRATED - pending PI sign-off,
VGB,PWRPETHNDXX,HND,PET,2045,1.1918,0.0,1.1918,0.35,plan_grounded,grounded,13.1546,COMMITTED,CALIBRATED - pending PI sign-off,
VGB,PWRPETHNDXX,HND,PET,2046,0.8048,0.0,0.8048,0.35,plan_grounded,grounded,8.8831,COMMITTED,CALIBRATED - pending PI sign-off,
VGB,PWRPETHNDXX,HND,PET,2047,0.8048,0.0,0.8048,0.35,plan_grounded,grounded,8.8831,COMMITTED,CALIBRATED - pending PI sign-off,
VGB,PWRPETHNDXX,HND,PET,2048,0.8048,0.0,0.8048,0.35,plan_grounded,grounded,8.8831,COMMITTED,CALIBRATED - pending PI sign-off,
VGB,PWRPETHNDXX,HND,PET,2049,0.8048,0.0,0.8048,0.35,plan_grounded,grounded,8.8831,COMMITTED,CALIBRATED - pending PI sign-off,
VGB,PWRPETHNDXX,HND,PET,2050,0.8048,0.0,0.8048,0.35,plan_grounded,grounded,8.8831,COMMITTED,CALIBRATED - pending PI sign-off,
VGB,PWRPETHTIXX,HTI,PET,2046,0.247,0.0,0.247,0.1,fuel_fallback,proxy,0.7789,COMMITTED,CALIBRATED - pending PI sign-off,
VGB,PWRPETHTIXX,HTI,PET,2047,0.247,0.0,0.247,0.1,fuel_fallback,proxy,0.7789,COMMITTED,CALIBRATED - pending PI sign-off,
VGB,PWRPETHTIXX,HTI,PET,2048,0.247,0.0,0.247,0.1,fuel_fallback,proxy,0.7789,COMMITTED,CALIBRATED - pending PI sign-off,
VGB,PWRPETHTIXX,HTI,PET,2049,0.247,0.0,0.247,0.1,fuel_fallback,proxy,0.7789,COMMITTED,CALIBRATED - pending PI sign-off,
VGB,PWRPETHTIXX,HTI,PET,2050,0.247,0.0,0.247,0.1,fuel_fallback,proxy,0.7789,COMMITTED,CALIBRATED - pending PI sign-off,
VGB,PWRPETMEXXX,MEX,PET,2027,11.301,0.0,11.301,0.0944,historical_implied,historical,33.6466,COMMITTED,CALIBRATED - pending PI sign-off,
VGB,PWRPETMEXXX,MEX,PET,2028,11.301,0.0,11.301,0.0944,historical_implied,historical,33.6466,COMMITTED,CALIBRATED - pending PI sign-off,
VGB,PWRPETMEXXX,MEX,PET,2029,11.301,0.0,11.301,0.0944,historical_implied,historical,33.6466,COMMITTED,CALIBRATED - pending PI sign-off,
VGB,PWRPETMEXXX,MEX,PET,2030,11.301,0.0,11.301,0.0944,historical_implied,historical,33.6466,COMMITTED,CALIBRATED - pending PI sign-off,
VGB,PWRPETMEXXX,MEX,PET,2031,11.301,0.0,11.301,0.0944,historical_implied,historical,33.6466,COMMITTED,CALIBRATED - pending PI sign-off,
VGB,PWRPETMEXXX,MEX,PET,2032,11.301,0.0,11.301,0.0944,historical_implied,historical,33.6466,COMMITTED,CALIBRATED - pending PI sign-off,
VGB,PWRPETMEXXX,MEX,PET,2033,11.301,0.0,11.301,0.0944,historical_implied,historical,33.6466,COMMITTED,CALIBRATED - pending PI sign-off,
VGB,PWRPETMEXXX,MEX,PET,2034,11.301,0.0,11.301,0.0944,historical_implied,historical,33.6466,COMMITTED,CALIBRATED - pending PI sign-off,
VGB,PWRPETMEXXX,MEX,PET,2035,11.301,0.0,11.301,0.0944,historical_implied,historical,33.6466,COMMITTED,CALIBRATED - pending PI sign-off,
VGB,PWRPETMEXXX,MEX,PET,2036,11.301,0.0,11.301,0.0944,historical_implied,historical,33.6466,COMMITTED,CALIBRATED - pending PI sign-off,
VGB,PWRPETMEXXX,MEX,PET,2037,11.301,0.0,11.301,0.0944,historical_implied,historical,33.6466,COMMITTED,CALIBRATED - pending PI sign-off,
VGB,PWRPETMEXXX,MEX,PET,2038,11.301,0.0,11.301,0.0944,historical_implied,historical,33.6466,COMMITTED,CALIBRATED - pending PI sign-off,
VGB,PWRPETMEXXX,MEX,PET,2039,11.301,0.0,11.301,0.0944,historical_implied,historical,33.6466,COMMITTED,CALIBRATED - pending PI sign-off,
VGB,PWRPETMEXXX,MEX,PET,2040,11.301,0.0,11.301,0.0944,historical_implied,historical,33.6466,COMMITTED,CALIBRATED - pending PI sign-off,
VGB,PWRPETMEXXX,MEX,PET,2041,11.301,0.0,11.301,0.0944,historical_implied,historical,33.6466,COMMITTED,CALIBRATED - pending PI sign-off,
VGB,PWRPETMEXXX,MEX,PET,2042,11.301,0.0,11.301,0.0944,historical_implied,historical,33.6466,COMMITTED,CALIBRATED - pending PI sign-off,
VGB,PWRPETMEXXX,MEX,PET,2043,11.301,0.0,11.301,0.0944,historical_implied,historical,33.6466,COMMITTED,CALIBRATED - pending PI sign-off,
VGB,PWRPETMEXXX,MEX,PET,2044,11.301,0.0,11.301,0.0944,historical_implied,historical,33.6466,COMMITTED,CALIBRATED - pending PI sign-off,
VGB,PWRPETMEXXX,MEX,PET,2045,11.301,0.0,11.301,0.0944,historical_implied,historical,33.6466,COMMITTED,CALIBRATED - pending PI sign-off,
VGB,PWRPETPANXX,PAN,PET,2046,0.1497,0.0,0.1497,0.349,historical_implied,historical,1.6475,COMMITTED,CALIBRATED - pending PI sign-off,
VGB,PWRPETPANXX,PAN,PET,2047,0.1497,0.0,0.1497,0.349,historical_implied,historical,1.6475,COMMITTED,CALIBRATED - pending PI sign-off,
VGB,PWRPETPANXX,PAN,PET,2048,0.1497,0.0,0.1497,0.349,historical_implied,historical,1.6475,COMMITTED,CALIBRATED - pending PI sign-off,
VGB,PWRPETPANXX,PAN,PET,2049,0.1497,0.0,0.1497,0.349,historical_implied,historical,1.6475,COMMITTED,CALIBRATED - pending PI sign-off,
VGB,PWRPETPANXX,PAN,PET,2050,0.1497,0.0,0.1497,0.349,historical_implied,historical,1.6475,COMMITTED,CALIBRATED - pending PI sign-off,
VGB,PWRPETPERXX,PER,PET,2027,4.0268,0.0,4.0268,0.0236,historical_implied,historical,3.002,COMMITTED,CALIBRATED - pending PI sign-off,
VGB,PWRPETPERXX,PER,PET,2028,4.0268,0.0,4.0268,0.0236,historical_implied,historical,3.002,COMMITTED,CALIBRATED - pending PI sign-off,
VGB,PWRPETPERXX,PER,PET,2029,4.0268,0.0,4.0268,0.0236,historical_implied,historical,3.002,COMMITTED,CALIBRATED - pending PI sign-off,
VGB,PWRPETPERXX,PER,PET,2030,4.0268,0.0,4.0268,0.0236,historical_implied,historical,3.002,COMMITTED,CALIBRATED - pending PI sign-off,
VGB,PWRPETPERXX,PER,PET,2031,4.0268,0.0,4.0268,0.0236,historical_implied,historical,3.002,COMMITTED,CALIBRATED - pending PI sign-off,
VGB,PWRPETPERXX,PER,PET,2032,4.0268,0.0,4.0268,0.0236,historical_implied,historical,3.002,COMMITTED,CALIBRATED - pending PI sign-off,
VGB,PWRPETPERXX,PER,PET,2033,4.0268,0.0,4.0268,0.0236,historical_implied,historical,3.002,COMMITTED,CALIBRATED - pending PI sign-off,
VGB,PWRPETPERXX,PER,PET,2034,4.0268,0.0,4.0268,0.0236,historical_implied,historical,3.002,COMMITTED,CALIBRATED - pending PI sign-off,
VGB,PWRPETPERXX,PER,PET,2035,4.0268,0.0,4.0268,0.0236,historical_implied,historical,3.002,COMMITTED,CALIBRATED - pending PI sign-off,
VGB,PWRPETPERXX,PER,PET,2036,4.0268,0.0,4.0268,0.0236,historical_implied,historical,3.002,COMMITTED,CALIBRATED - pending PI sign-off,
VGB,PWRPETPERXX,PER,PET,2037,4.0268,0.0,4.0268,0.0236,historical_implied,historical,3.002,COMMITTED,CALIBRATED - pending PI sign-off,
VGB,PWRPETPERXX,PER,PET,2038,4.0268,0.0,4.0268,0.0236,historical_implied,historical,3.002,COMMITTED,CALIBRATED - pending PI sign-off,
VGB,PWRPETPERXX,PER,PET,2039,4.0268,0.0,4.0268,0.0236,historical_implied,historical,3.002,COMMITTED,CALIBRATED - pending PI sign-off,
VGB,PWRPETPERXX,PER,PET,2040,4.0268,0.0,4.0268,0.0236,historical_implied,historical,3.002,COMMITTED,CALIBRATED - pending PI sign-off,
VGB,PWRPETPERXX,PER,PET,2041,4.0268,0.0,4.0268,0.0236,historical_implied,historical,3.002,COMMITTED,CALIBRATED - pending PI sign-off,
VGB,PWRPETPERXX,PER,PET,2042,4.0268,0.0,4.0268,0.0236,historical_implied,historical,3.002,COMMITTED,CALIBRATED - pending PI sign-off,
VGB,PWRPETPERXX,PER,PET,2043,4.0268,0.0,4.0268,0.0236,historical_implied,historical,3.002,COMMITTED,CALIBRATED - pending PI sign-off,
VGB,PWRPETPERXX,PER,PET,2044,4.0268,0.0,4.0268,0.0236,historical_implied,historical,3.002,COMMITTED,CALIBRATED - pending PI sign-off,
VGB,PWRPETPERXX,PER,PET,2045,4.0268,0.0,4.0268,0.0236,historical_implied,historical,3.002,COMMITTED,CALIBRATED - pending PI sign-off,
VGB,PWRPETPERXX,PER,PET,2046,1.3423,0.0,1.3423,0.0236,historical_implied,historical,1.0007,COMMITTED,CALIBRATED - pending PI sign-off,
VGB,PWRPETPERXX,PER,PET,2047,1.3423,0.0,1.3423,0.0236,historical_implied,historical,1.0007,COMMITTED,CALIBRATED - pending PI sign-off,
VGB,PWRPETPERXX,PER,PET,2048,1.3423,0.0,1.3423,0.0236,historical_implied,historical,1.0007,COMMITTED,CALIBRATED - pending PI sign-off,
VGB,PWRPETPERXX,PER,PET,2049,1.3423,0.0,1.3423,0.0236,historical_implied,historical,1.0007,COMMITTED,CALIBRATED - pending PI sign-off,
VGB,PWRPETPERXX,PER,PET,2050,1.3423,0.0,1.3423,0.0236,historical_implied,historical,1.0007,COMMITTED,CALIBRATED - pending PI sign-off,
VGB,PWRPETPRYXX,PRY,PET,2027,0.0005,0.0,0.0005,0.1966,historical_implied,historical,0.0031,COMMITTED,CALIBRATED - pending PI sign-off,
VGB,PWRPETPRYXX,PRY,PET,2028,0.0005,0.0,0.0005,0.1966,historical_implied,historical,0.0031,COMMITTED,CALIBRATED - pending PI sign-off,
VGB,PWRPETPRYXX,PRY,PET,2029,0.0005,0.0,0.0005,0.1966,historical_implied,historical,0.0031,COMMITTED,CALIBRATED - pending PI sign-off,
VGB,PWRPETPRYXX,PRY,PET,2030,0.0005,0.0,0.0005,0.1966,historical_implied,historical,0.0031,COMMITTED,CALIBRATED - pending PI sign-off,
VGB,PWRPETPRYXX,PRY,PET,2031,0.0005,0.0,0.0005,0.1966,historical_implied,historical,0.0031,COMMITTED,CALIBRATED - pending PI sign-off,
VGB,PWRPETPRYXX,PRY,PET,2032,0.0005,0.0,0.0005,0.1966,historical_implied,historical,0.0031,COMMITTED,CALIBRATED - pending PI sign-off,
VGB,PWRPETPRYXX,PRY,PET,2033,0.0005,0.0,0.0005,0.1966,historical_implied,historical,0.0031,COMMITTED,CALIBRATED - pending PI sign-off,
VGB,PWRPETPRYXX,PRY,PET,2034,0.0005,0.0,0.0005,0.1966,historical_implied,historical,0.0031,COMMITTED,CALIBRATED - pending PI sign-off,
VGB,PWRPETPRYXX,PRY,PET,2035,0.0005,0.0,0.0005,0.1966,historical_implied,historical,0.0031,COMMITTED,CALIBRATED - pending PI sign-off,
VGB,PWRPETPRYXX,PRY,PET,2036,0.0005,0.0,0.0005,0.1966,historical_implied,historical,0.0031,COMMITTED,CALIBRATED - pending PI sign-off,
VGB,PWRPETPRYXX,PRY,PET,2037,0.0005,0.0,0.0005,0.1966,historical_implied,historical,0.0031,COMMITTED,CALIBRATED - pending PI sign-off,
VGB,PWRPETPRYXX,PRY,PET,2038,0.0005,0.0,0.0005,0.1966,historical_implied,historical,0.0031,COMMITTED,CALIBRATED - pending PI sign-off,
VGB,PWRPETPRYXX,PRY,PET,2039,0.0005,0.0,0.0005,0.1966,historical_implied,historical,0.0031,COMMITTED,CALIBRATED - pending PI sign-off,
VGB,PWRPETPRYXX,PRY,PET,2040,0.0005,0.0,0.0005,0.1966,historical_implied,historical,0.0031,COMMITTED,CALIBRATED - pending PI sign-off,
VGB,PWRPETPRYXX,PRY,PET,2041,0.0005,0.0,0.0005,0.1966,historical_implied,historical,0.0031,COMMITTED,CALIBRATED - pending PI sign-off,
VGB,PWRPETPRYXX,PRY,PET,2042,0.0005,0.0,0.0005,0.1966,historical_implied,historical,0.0031,COMMITTED,CALIBRATED - pending PI sign-off,
VGB,PWRPETPRYXX,PRY,PET,2043,0.0005,0.0,0.0005,0.1966,historical_implied,historical,0.0031,COMMITTED,CALIBRATED - pending PI sign-off,
VGB,PWRPETPRYXX,PRY,PET,2044,0.0005,0.0,0.0005,0.1966,historical_implied,historical,0.0031,COMMITTED,CALIBRATED - pending PI sign-off,
VGB,PWRPETPRYXX,PRY,PET,2045,0.0005,0.0,0.0005,0.1966,historical_implied,historical,0.0031,COMMITTED,CALIBRATED - pending PI sign-off,
VGB,PWRPETPRYXX,PRY,PET,2046,0.0005,0.0,0.0005,0.1966,historical_implied,historical,0.0031,COMMITTED,CALIBRATED - pending PI sign-off,
VGB,PWRPETPRYXX,PRY,PET,2047,0.0005,0.0,0.0005,0.1966,historical_implied,historical,0.0031,COMMITTED,CALIBRATED - pending PI sign-off,
VGB,PWRPETPRYXX,PRY,PET,2048,0.0005,0.0,0.0005,0.1966,historical_implied,historical,0.0031,COMMITTED,CALIBRATED - pending PI sign-off,
VGB,PWRPETPRYXX,PRY,PET,2049,0.0005,0.0,0.0005,0.1966,historical_implied,historical,0.0031,COMMITTED,CALIBRATED - pending PI sign-off,
VGB,PWRPETPRYXX,PRY,PET,2050,0.0005,0.0,0.0005,0.1966,historical_implied,historical,0.0031,COMMITTED,CALIBRATED - pending PI sign-off,
VGB,PWRPETURYXX,URY,PET,2027,1.1767,0.0,1.1767,0.045,plan_grounded,grounded,1.6699,COMMITTED,CALIBRATED - pending PI sign-off,
VGB,PWRPETURYXX,URY,PET,2028,1.1767,0.0,1.1767,0.045,plan_grounded,grounded,1.6699,COMMITTED,CALIBRATED - pending PI sign-off,
VGB,PWRPETURYXX,URY,PET,2029,1.1767,0.0,1.1767,0.045,plan_grounded,grounded,1.6699,COMMITTED,CALIBRATED - pending PI sign-off,
VGB,PWRPETURYXX,URY,PET,2030,1.1767,0.0,1.1767,0.045,plan_grounded,grounded,1.6699,COMMITTED,CALIBRATED - pending PI sign-off,
VGB,PWRPETURYXX,URY,PET,2031,1.1767,0.0,1.1767,0.045,plan_grounded,grounded,1.6699,COMMITTED,CALIBRATED - pending PI sign-off,
VGB,PWRPETURYXX,URY,PET,2032,1.1767,0.0,1.1767,0.045,plan_grounded,grounded,1.6699,COMMITTED,CALIBRATED - pending PI sign-off,
VGB,PWRPETURYXX,URY,PET,2033,1.1767,0.0,1.1767,0.045,plan_grounded,grounded,1.6699,COMMITTED,CALIBRATED - pending PI sign-off,
VGB,PWRPETURYXX,URY,PET,2034,1.1767,0.0,1.1767,0.045,plan_grounded,grounded,1.6699,COMMITTED,CALIBRATED - pending PI sign-off,
VGB,PWRPETURYXX,URY,PET,2035,1.1767,0.0,1.1767,0.045,plan_grounded,grounded,1.6699,COMMITTED,CALIBRATED - pending PI sign-off,
VGB,PWRPETURYXX,URY,PET,2036,1.1767,0.0,1.1767,0.045,plan_grounded,grounded,1.6699,COMMITTED,CALIBRATED - pending PI sign-off,
VGB,PWRPETURYXX,URY,PET,2037,1.1767,0.0,1.1767,0.045,plan_grounded,grounded,1.6699,COMMITTED,CALIBRATED - pending PI sign-off,
VGB,PWRPETURYXX,URY,PET,2038,1.1767,0.0,1.1767,0.045,plan_grounded,grounded,1.6699,COMMITTED,CALIBRATED - pending PI sign-off,
VGB,PWRPETURYXX,URY,PET,2039,1.1767,0.0,1.1767,0.045,plan_grounded,grounded,1.6699,COMMITTED,CALIBRATED - pending PI sign-off,
VGB,PWRPETURYXX,URY,PET,2040,1.1767,0.0,1.1767,0.045,plan_grounded,grounded,1.6699,COMMITTED,CALIBRATED - pending PI sign-off,
VGB,PWRPETURYXX,URY,PET,2041,1.1767,0.0,1.1767,0.045,plan_grounded,grounded,1.6699,COMMITTED,CALIBRATED - pending PI sign-off,
VGB,PWRPETURYXX,URY,PET,2042,1.1767,0.0,1.1767,0.045,plan_grounded,grounded,1.6699,COMMITTED,CALIBRATED - pending PI sign-off,
VGB,PWRPETURYXX,URY,PET,2043,1.1767,0.0,1.1767,0.045,plan_grounded,grounded,1.6699,COMMITTED,CALIBRATED - pending PI sign-off,
VGB,PWRPETURYXX,URY,PET,2044,1.1767,0.0,1.1767,0.045,plan_grounded,grounded,1.6699,COMMITTED,CALIBRATED - pending PI sign-off,
VGB,PWRPETURYXX,URY,PET,2045,1.1767,0.0,1.1767,0.045,plan_grounded,grounded,1.6699,COMMITTED,CALIBRATED - pending PI sign-off,
VGB,PWRPETURYXX,URY,PET,2046,1.1767,0.0,1.1767,0.045,plan_grounded,grounded,1.6699,COMMITTED,CALIBRATED - pending PI sign-off,
VGB,PWRPETURYXX,URY,PET,2047,1.1767,0.0,1.1767,0.045,plan_grounded,grounded,1.6699,COMMITTED,CALIBRATED - pending PI sign-off,
VGB,PWRPETURYXX,URY,PET,2048,1.1767,0.0,1.1767,0.045,plan_grounded,grounded,1.6699,COMMITTED,CALIBRATED - pending PI sign-off,
VGB,PWRPETURYXX,URY,PET,2049,1.1767,0.0,1.1767,0.045,plan_grounded,grounded,1.6699,COMMITTED,CALIBRATED - pending PI sign-off,
VGB,PWRPETURYXX,URY,PET,2050,1.1767,0.0,1.1767,0.045,plan_grounded,grounded,1.6699,COMMITTED,CALIBRATED - pending PI sign-off,
