REGION,FUEL,TIMESLICE,YEAR,VALUE
GLOBAL,ELCARGXX03,S1D1,2023,0.08
GLOBAL,ELCARGXX03,S1D1,2024,0.08
GLOBAL,ELCARGXX03,S1D1,2025,0.08
GLOBAL,ELCARGXX03,S1D1,2026,0.08
GLOBAL,ELCARGXX03,S1D1,2027,0.08
GLOBAL,ELCARGXX03,S1D1,2028,0.08
GLOBAL,ELCARGXX03,S1D1,2029,0.08
GLOBAL,ELCARGXX03,S1D1,2030,0.08
GLOBAL,ELCARGXX03,S1D1,2031,0.08
GLOBAL,ELCARGXX03,S1D1,2032,0.08
GLOBAL,ELCARGXX03,S1D1,2033,0.08
GLOBAL,ELCARGXX03,S1D1,2034,0.08
GLOBAL,ELCARGXX03,S1D1,2035,0.08
GLOBAL,ELCARGXX03,S1D1,2036,0.08
GLOBAL,ELCARGXX03,S1D1,2037,0.08
GLOBAL,ELCARGXX03,S1D1,2038,0.08
GLOBAL,ELCARGXX03,S1D1,2039,0.08
GLOBAL,ELCARGXX03,S1D1,2040,0.08
GLOBAL,ELCARGXX03,S1D1,2041,0.08
GLOBAL,ELCARGXX03,S1D1,2042,0.08
GLOBAL,ELCARGXX03,S1D1,2043,0.08
GLOBAL,ELCARGXX03,S1D1,2044,0.08
GLOBAL,ELCARGXX03,S1D1,2045,0.08
GLOBAL,ELCARGXX03,S1D1,2046,0.08
GLOBAL,ELCARGXX03,S1D1,2047,0.08
GLOBAL,ELCARGXX03,S1D1,2048,0.08
GLOBAL,ELCARGXX03,S1D1,2049,0.08
GLOBAL,ELCARGXX03,S1D1,2050,0.08
GLOBAL,ELCARGXX03,S1D2,2023,0.06
GLOBAL,ELCARGXX03,S1D2,2024,0.06
GLOBAL,ELCARGXX03,S1D2,2025,0.06
GLOBAL,ELCARGXX03,S1D2,2026,0.06
GLOBAL,ELCARGXX03,S1D2,2027,0.06
GLOBAL,ELCARGXX03,S1D2,2028,0.06
GLOBAL,ELCARGXX03,S1D2,2029,0.06
GLOBAL,ELCARGXX03,S1D2,2030,0.06
GLOBAL,ELCARGXX03,S1D2,2031,0.06
GLOBAL,ELCARGXX03,S1D2,2032,0.06
GLOBAL,ELCARGXX03,S1D2,2033,0.06
GLOBAL,ELCARGXX03,S1D2,2034,0.06
GLOBAL,ELCARGXX03,S1D2,2035,0.06
GLOBAL,ELCARGXX03,S1D2,2036,0.06
GLOBAL,ELCARGXX03,S1D2,2037,0.06
GLOBAL,ELCARGXX03,S1D2,2038,0.06
GLOBAL,ELCARGXX03,S1D2,2039,0.06
GLOBAL,ELCARGXX03,S1D2,2040,0.06
GLOBAL,ELCARGXX03,S1D2,2041,0.06
GLOBAL,ELCARGXX03,S1D2,2042,0.06
GLOBAL,ELCARGXX03,S1D2,2043,0.06
GLOBAL,ELCARGXX03,S1D2,2044,0.06
GLOBAL,ELCARGXX03,S1D2,2045,0.06
GLOBAL,ELCARGXX03,S1D2,2046,0.06
GLOBAL,ELCARGXX03,S1D2,2047,0.06
GLOBAL,ELCARGXX03,S1D2,2048,0.06
GLOBAL,ELCARGXX03,S1D2,2049,0.06
GLOBAL,ELCARGXX03,S1D2,2050,0.06
GLOBAL,ELCARGXX03,S1D3,2023,0.11
GLOBAL,ELCARGXX03,S1D3,2024,0.11
GLOBAL,ELCARGXX03,S1D3,2025,0.11
GLOBAL,ELCARGXX03,S1D3,2026,0.11
GLOBAL,ELCARGXX03,S1D3,2027,0.11
GLOBAL,ELCARGXX03,S1D3,2028,0.11
GLOBAL,ELCARGXX03,S1D3,2029,0.11
GLOBAL,ELCARGXX03,S1D3,2030,0.11
GLOBAL,ELCARGXX03,S1D3,2031,0.11
GLOBAL,ELCARGXX03,S1D3,2032,0.11
GLOBAL,ELCARGXX03,S1D3,2033,0.11
GLOBAL,ELCARGXX03,S1D3,2034,0.11
GLOBAL,ELCARGXX03,S1D3,2035,0.11
GLOBAL,ELCARGXX03,S1D3,2036,0.11
GLOBAL,ELCARGXX03,S1D3,2037,0.11
GLOBAL,ELCARGXX03,S1D3,2038,0.11
GLOBAL,ELCARGXX03,S1D3,2039,0.11
GLOBAL,ELCARGXX03,S1D3,2040,0.11
GLOBAL,ELCARGXX03,S1D3,2041,0.11
GLOBAL,ELCARGXX03,S1D3,2042,0.11
GLOBAL,ELCARGXX03,S1D3,2043,0.11
GLOBAL,ELCARGXX03,S1D3,2044,0.11
GLOBAL,ELCARGXX03,S1D3,2045,0.11
GLOBAL,ELCARGXX03,S1D3,2046,0.11
GLOBAL,ELCARGXX03,S1D3,2047,0.11
GLOBAL,ELCARGXX03,S1D3,2048,0.11
GLOBAL,ELCARGXX03,S1D3,2049,0.11
GLOBAL,ELCARGXX03,S1D3,2050,0.11
GLOBAL,ELCARGXX03,S2D1,2023,0.07
GLOBAL,ELCARGXX03,S2D1,2024,0.07
GLOBAL,ELCARGXX03,S2D1,2025,0.07
GLOBAL,ELCARGXX03,S2D1,2026,0.07
GLOBAL,ELCARGXX03,S2D1,2027,0.07
GLOBAL,ELCARGXX03,S2D1,2028,0.07
GLOBAL,ELCARGXX03,S2D1,2029,0.07
GLOBAL,ELCARGXX03,S2D1,2030,0.07
GLOBAL,ELCARGXX03,S2D1,2031,0.07
GLOBAL,ELCARGXX03,S2D1,2032,0.07
GLOBAL,ELCARGXX03,S2D1,2033,0.07
GLOBAL,ELCARGXX03,S2D1,2034,0.07
GLOBAL,ELCARGXX03,S2D1,2035,0.07
GLOBAL,ELCARGXX03,S2D1,2036,0.07
GLOBAL,ELCARGXX03,S2D1,2037,0.07
GLOBAL,ELCARGXX03,S2D1,2038,0.07
GLOBAL,ELCARGXX03,S2D1,2039,0.07
GLOBAL,ELCARGXX03,S2D1,2040,0.07
GLOBAL,ELCARGXX03,S2D1,2041,0.07
GLOBAL,ELCARGXX03,S2D1,2042,0.07
GLOBAL,ELCARGXX03,S2D1,2043,0.07
GLOBAL,ELCARGXX03,S2D1,2044,0.07
GLOBAL,ELCARGXX03,S2D1,2045,0.07
GLOBAL,ELCARGXX03,S2D1,2046,0.07
GLOBAL,ELCARGXX03,S2D1,2047,0.07
GLOBAL,ELCARGXX03,S2D1,2048,0.07
GLOBAL,ELCARGXX03,S2D1,2049,0.07
GLOBAL,ELCARGXX03,S2D1,2050,0.07
GLOBAL,ELCARGXX03,S2D2,2023,0.06
GLOBAL,ELCARGXX03,S2D2,2024,0.06
GLOBAL,ELCARGXX03,S2D2,2025,0.06
GLOBAL,ELCARGXX03,S2D2,2026,0.06
GLOBAL,ELCARGXX03,S2D2,2027,0.06
GLOBAL,ELCARGXX03,S2D2,2028,0.06
GLOBAL,ELCARGXX03,S2D2,2029,0.06
GLOBAL,ELCARGXX03,S2D2,2030,0.06
GLOBAL,ELCARGXX03,S2D2,2031,0.06
GLOBAL,ELCARGXX03,S2D2,2032,0.06
GLOBAL,ELCARGXX03,S2D2,2033,0.06
GLOBAL,ELCARGXX03,S2D2,2034,0.06
GLOBAL,ELCARGXX03,S2D2,2035,0.06
GLOBAL,ELCARGXX03,S2D2,2036,0.06
GLOBAL,ELCARGXX03,S2D2,2037,0.06
GLOBAL,ELCARGXX03,S2D2,2038,0.06
GLOBAL,ELCARGXX03,S2D2,2039,0.06
GLOBAL,ELCARGXX03,S2D2,2040,0.06
GLOBAL,ELCARGXX03,S2D2,2041,0.06
GLOBAL,ELCARGXX03,S2D2,2042,0.06
GLOBAL,ELCARGXX03,S2D2,2043,0.06
GLOBAL,ELCARGXX03,S2D2,2044,0.06
GLOBAL,ELCARGXX03,S2D2,2045,0.06
GLOBAL,ELCARGXX03,S2D2,2046,0.06
GLOBAL,ELCARGXX03,S2D2,2047,0.06
GLOBAL,ELCARGXX03,S2D2,2048,0.06
GLOBAL,ELCARGXX03,S2D2,2049,0.06
GLOBAL,ELCARGXX03,S2D2,2050,0.06
GLOBAL,ELCARGXX03,S2D3,2023,0.11
GLOBAL,ELCARGXX03,S2D3,2024,0.11
GLOBAL,ELCARGXX03,S2D3,2025,0.11
GLOBAL,ELCARGXX03,S2D3,2026,0.11
GLOBAL,ELCARGXX03,S2D3,2027,0.11
GLOBAL,ELCARGXX03,S2D3,2028,0.11
GLOBAL,ELCARGXX03,S2D3,2029,0.11
GLOBAL,ELCARGXX03,S2D3,2030,0.11
GLOBAL,ELCARGXX03,S2D3,2031,0.11
GLOBAL,ELCARGXX03,S2D3,2032,0.11
GLOBAL,ELCARGXX03,S2D3,2033,0.11
GLOBAL,ELCARGXX03,S2D3,2034,0.11
GLOBAL,ELCARGXX03,S2D3,2035,0.11
GLOBAL,ELCARGXX03,S2D3,2036,0.11
GLOBAL,ELCARGXX03,S2D3,2037,0.11
GLOBAL,ELCARGXX03,S2D3,2038,0.11
GLOBAL,ELCARGXX03,S2D3,2039,0.11
GLOBAL,ELCARGXX03,S2D3,2040,0.11
GLOBAL,ELCARGXX03,S2D3,2041,0.11
GLOBAL,ELCARGXX03,S2D3,2042,0.11
GLOBAL,ELCARGXX03,S2D3,2043,0.11
GLOBAL,ELCARGXX03,S2D3,2044,0.11
GLOBAL,ELCARGXX03,S2D3,2045,0.11
GLOBAL,ELCARGXX03,S2D3,2046,0.11
GLOBAL,ELCARGXX03,S2D3,2047,0.11
GLOBAL,ELCARGXX03,S2D3,2048,0.11
GLOBAL,ELCARGXX03,S2D3,2049,0.11
GLOBAL,ELCARGXX03,S2D3,2050,0.11
GLOBAL,ELCARGXX03,S3D1,2023,0.08
GLOBAL,ELCARGXX03,S3D1,2024,0.08
GLOBAL,ELCARGXX03,S3D1,2025,0.08
GLOBAL,ELCARGXX03,S3D1,2026,0.08
GLOBAL,ELCARGXX03,S3D1,2027,0.08
GLOBAL,ELCARGXX03,S3D1,2028,0.08
GLOBAL,ELCARGXX03,S3D1,2029,0.08
GLOBAL,ELCARGXX03,S3D1,2030,0.08
GLOBAL,ELCARGXX03,S3D1,2031,0.08
GLOBAL,ELCARGXX03,S3D1,2032,0.08
GLOBAL,ELCARGXX03,S3D1,2033,0.08
GLOBAL,ELCARGXX03,S3D1,2034,0.08
GLOBAL,ELCARGXX03,S3D1,2035,0.08
GLOBAL,ELCARGXX03,S3D1,2036,0.08
GLOBAL,ELCARGXX03,S3D1,2037,0.08
GLOBAL,ELCARGXX03,S3D1,2038,0.08
GLOBAL,ELCARGXX03,S3D1,2039,0.08
GLOBAL,ELCARGXX03,S3D1,2040,0.08
GLOBAL,ELCARGXX03,S3D1,2041,0.08
GLOBAL,ELCARGXX03,S3D1,2042,0.08
GLOBAL,ELCARGXX03,S3D1,2043,0.08
GLOBAL,ELCARGXX03,S3D1,2044,0.08
GLOBAL,ELCARGXX03,S3D1,2045,0.08
GLOBAL,ELCARGXX03,S3D1,2046,0.08
GLOBAL,ELCARGXX03,S3D1,2047,0.08
GLOBAL,ELCARGXX03,S3D1,2048,0.08
GLOBAL,ELCARGXX03,S3D1,2049,0.08
GLOBAL,ELCARGXX03,S3D1,2050,0.08
GLOBAL,ELCARGXX03,S3D2,2023,0.06
GLOBAL,ELCARGXX03,S3D2,2024,0.06
GLOBAL,ELCARGXX03,S3D2,2025,0.06
GLOBAL,ELCARGXX03,S3D2,2026,0.06
GLOBAL,ELCARGXX03,S3D2,2027,0.06
GLOBAL,ELCARGXX03,S3D2,2028,0.06
GLOBAL,ELCARGXX03,S3D2,2029,0.06
GLOBAL,ELCARGXX03,S3D2,2030,0.06
GLOBAL,ELCARGXX03,S3D2,2031,0.06
GLOBAL,ELCARGXX03,S3D2,2032,0.06
GLOBAL,ELCARGXX03,S3D2,2033,0.06
GLOBAL,ELCARGXX03,S3D2,2034,0.06
GLOBAL,ELCARGXX03,S3D2,2035,0.06
GLOBAL,ELCARGXX03,S3D2,2036,0.06
GLOBAL,ELCARGXX03,S3D2,2037,0.06
GLOBAL,ELCARGXX03,S3D2,2038,0.06
GLOBAL,ELCARGXX03,S3D2,2039,0.06
GLOBAL,ELCARGXX03,S3D2,2040,0.06
GLOBAL,ELCARGXX03,S3D2,2041,0.06
GLOBAL,ELCARGXX03,S3D2,2042,0.06
GLOBAL,ELCARGXX03,S3D2,2043,0.06
GLOBAL,ELCARGXX03,S3D2,2044,0.06
GLOBAL,ELCARGXX03,S3D2,2045,0.06
GLOBAL,ELCARGXX03,S3D2,2046,0.06
GLOBAL,ELCARGXX03,S3D2,2047,0.06
GLOBAL,ELCARGXX03,S3D2,2048,0.06
GLOBAL,ELCARGXX03,S3D2,2049,0.06
GLOBAL,ELCARGXX03,S3D2,2050,0.06
GLOBAL,ELCARGXX03,S3D3,2023,0.11
GLOBAL,ELCARGXX03,S3D3,2024,0.11
GLOBAL,ELCARGXX03,S3D3,2025,0.11
GLOBAL,ELCARGXX03,S3D3,2026,0.11
GLOBAL,ELCARGXX03,S3D3,2027,0.11
GLOBAL,ELCARGXX03,S3D3,2028,0.11
GLOBAL,ELCARGXX03,S3D3,2029,0.11
GLOBAL,ELCARGXX03,S3D3,2030,0.11
GLOBAL,ELCARGXX03,S3D3,2031,0.11
GLOBAL,ELCARGXX03,S3D3,2032,0.11
GLOBAL,ELCARGXX03,S3D3,2033,0.11
GLOBAL,ELCARGXX03,S3D3,2034,0.11
GLOBAL,ELCARGXX03,S3D3,2035,0.11
GLOBAL,ELCARGXX03,S3D3,2036,0.11
GLOBAL,ELCARGXX03,S3D3,2037,0.11
GLOBAL,ELCARGXX03,S3D3,2038,0.11
GLOBAL,ELCARGXX03,S3D3,2039,0.11
GLOBAL,ELCARGXX03,S3D3,2040,0.11
GLOBAL,ELCARGXX03,S3D3,2041,0.11
GLOBAL,ELCARGXX03,S3D3,2042,0.11
GLOBAL,ELCARGXX03,S3D3,2043,0.11
GLOBAL,ELCARGXX03,S3D3,2044,0.11
GLOBAL,ELCARGXX03,S3D3,2045,0.11
GLOBAL,ELCARGXX03,S3D3,2046,0.11
GLOBAL,ELCARGXX03,S3D3,2047,0.11
GLOBAL,ELCARGXX03,S3D3,2048,0.11
GLOBAL,ELCARGXX03,S3D3,2049,0.11
GLOBAL,ELCARGXX03,S3D3,2050,0.11
GLOBAL,ELCARGXX03,S4D1,2023,0.08
GLOBAL,ELCARGXX03,S4D1,2024,0.08
GLOBAL,ELCARGXX03,S4D1,2025,0.08
GLOBAL,ELCARGXX03,S4D1,2026,0.08
GLOBAL,ELCARGXX03,S4D1,2027,0.08
GLOBAL,ELCARGXX03,S4D1,2028,0.08
GLOBAL,ELCARGXX03,S4D1,2029,0.08
GLOBAL,ELCARGXX03,S4D1,2030,0.08
GLOBAL,ELCARGXX03,S4D1,2031,0.08
GLOBAL,ELCARGXX03,S4D1,2032,0.08
GLOBAL,ELCARGXX03,S4D1,2033,0.08
GLOBAL,ELCARGXX03,S4D1,2034,0.08
GLOBAL,ELCARGXX03,S4D1,2035,0.08
GLOBAL,ELCARGXX03,S4D1,2036,0.08
GLOBAL,ELCARGXX03,S4D1,2037,0.08
GLOBAL,ELCARGXX03,S4D1,2038,0.08
GLOBAL,ELCARGXX03,S4D1,2039,0.08
GLOBAL,ELCARGXX03,S4D1,2040,0.08
GLOBAL,ELCARGXX03,S4D1,2041,0.08
GLOBAL,ELCARGXX03,S4D1,2042,0.08
GLOBAL,ELCARGXX03,S4D1,2043,0.08
GLOBAL,ELCARGXX03,S4D1,2044,0.08
GLOBAL,ELCARGXX03,S4D1,2045,0.08
GLOBAL,ELCARGXX03,S4D1,2046,0.08
GLOBAL,ELCARGXX03,S4D1,2047,0.08
GLOBAL,ELCARGXX03,S4D1,2048,0.08
GLOBAL,ELCARGXX03,S4D1,2049,0.08
GLOBAL,ELCARGXX03,S4D1,2050,0.08
GLOBAL,ELCARGXX03,S4D2,2023,0.06
GLOBAL,ELCARGXX03,S4D2,2024,0.06
GLOBAL,ELCARGXX03,S4D2,2025,0.06
GLOBAL,ELCARGXX03,S4D2,2026,0.06
GLOBAL,ELCARGXX03,S4D2,2027,0.06
GLOBAL,ELCARGXX03,S4D2,2028,0.06
GLOBAL,ELCARGXX03,S4D2,2029,0.06
GLOBAL,ELCARGXX03,S4D2,2030,0.06
GLOBAL,ELCARGXX03,S4D2,2031,0.06
GLOBAL,ELCARGXX03,S4D2,2032,0.06
GLOBAL,ELCARGXX03,S4D2,2033,0.06
GLOBAL,ELCARGXX03,S4D2,2034,0.06
GLOBAL,ELCARGXX03,S4D2,2035,0.06
GLOBAL,ELCARGXX03,S4D2,2036,0.06
GLOBAL,ELCARGXX03,S4D2,2037,0.06
GLOBAL,ELCARGXX03,S4D2,2038,0.06
GLOBAL,ELCARGXX03,S4D2,2039,0.06
GLOBAL,ELCARGXX03,S4D2,2040,0.06
GLOBAL,ELCARGXX03,S4D2,2041,0.06
GLOBAL,ELCARGXX03,S4D2,2042,0.06
GLOBAL,ELCARGXX03,S4D2,2043,0.06
GLOBAL,ELCARGXX03,S4D2,2044,0.06
GLOBAL,ELCARGXX03,S4D2,2045,0.06
GLOBAL,ELCARGXX03,S4D2,2046,0.06
GLOBAL,ELCARGXX03,S4D2,2047,0.06
GLOBAL,ELCARGXX03,S4D2,2048,0.06
GLOBAL,ELCARGXX03,S4D2,2049,0.06
GLOBAL,ELCARGXX03,S4D2,2050,0.06
GLOBAL,ELCARGXX03,S4D3,2023,0.12
GLOBAL,ELCARGXX03,S4D3,2024,0.12
GLOBAL,ELCARGXX03,S4D3,2025,0.12
GLOBAL,ELCARGXX03,S4D3,2026,0.12
GLOBAL,ELCARGXX03,S4D3,2027,0.12
GLOBAL,ELCARGXX03,S4D3,2028,0.12
GLOBAL,ELCARGXX03,S4D3,2029,0.12
GLOBAL,ELCARGXX03,S4D3,2030,0.12
GLOBAL,ELCARGXX03,S4D3,2031,0.12
GLOBAL,ELCARGXX03,S4D3,2032,0.12
GLOBAL,ELCARGXX03,S4D3,2033,0.12
GLOBAL,ELCARGXX03,S4D3,2034,0.12
GLOBAL,ELCARGXX03,S4D3,2035,0.12
GLOBAL,ELCARGXX03,S4D3,2036,0.12
GLOBAL,ELCARGXX03,S4D3,2037,0.12
GLOBAL,ELCARGXX03,S4D3,2038,0.12
GLOBAL,ELCARGXX03,S4D3,2039,0.12
GLOBAL,ELCARGXX03,S4D3,2040,0.12
GLOBAL,ELCARGXX03,S4D3,2041,0.12
GLOBAL,ELCARGXX03,S4D3,2042,0.12
GLOBAL,ELCARGXX03,S4D3,2043,0.12
GLOBAL,ELCARGXX03,S4D3,2044,0.12
GLOBAL,ELCARGXX03,S4D3,2045,0.12
GLOBAL,ELCARGXX03,S4D3,2046,0.12
GLOBAL,ELCARGXX03,S4D3,2047,0.12
GLOBAL,ELCARGXX03,S4D3,2048,0.12
GLOBAL,ELCARGXX03,S4D3,2049,0.12
GLOBAL,ELCARGXX03,S4D3,2050,0.12
GLOBAL,ELCBOLXX03,S1D1,2023,0.07
GLOBAL,ELCBOLXX03,S1D1,2024,0.07
GLOBAL,ELCBOLXX03,S1D1,2025,0.07
GLOBAL,ELCBOLXX03,S1D1,2026,0.07
GLOBAL,ELCBOLXX03,S1D1,2027,0.07
GLOBAL,ELCBOLXX03,S1D1,2028,0.07
GLOBAL,ELCBOLXX03,S1D1,2029,0.07
GLOBAL,ELCBOLXX03,S1D1,2030,0.07
GLOBAL,ELCBOLXX03,S1D1,2031,0.07
GLOBAL,ELCBOLXX03,S1D1,2032,0.07
GLOBAL,ELCBOLXX03,S1D1,2033,0.07
GLOBAL,ELCBOLXX03,S1D1,2034,0.07
GLOBAL,ELCBOLXX03,S1D1,2035,0.07
GLOBAL,ELCBOLXX03,S1D1,2036,0.07
GLOBAL,ELCBOLXX03,S1D1,2037,0.07
GLOBAL,ELCBOLXX03,S1D1,2038,0.07
GLOBAL,ELCBOLXX03,S1D1,2039,0.07
GLOBAL,ELCBOLXX03,S1D1,2040,0.07
GLOBAL,ELCBOLXX03,S1D1,2041,0.07
GLOBAL,ELCBOLXX03,S1D1,2042,0.07
GLOBAL,ELCBOLXX03,S1D1,2043,0.07
GLOBAL,ELCBOLXX03,S1D1,2044,0.07
GLOBAL,ELCBOLXX03,S1D1,2045,0.07
GLOBAL,ELCBOLXX03,S1D1,2046,0.07
GLOBAL,ELCBOLXX03,S1D1,2047,0.07
GLOBAL,ELCBOLXX03,S1D1,2048,0.07
GLOBAL,ELCBOLXX03,S1D1,2049,0.07
GLOBAL,ELCBOLXX03,S1D1,2050,0.07
GLOBAL,ELCBOLXX03,S1D2,2023,0.06
GLOBAL,ELCBOLXX03,S1D2,2024,0.06
GLOBAL,ELCBOLXX03,S1D2,2025,0.06
GLOBAL,ELCBOLXX03,S1D2,2026,0.06
GLOBAL,ELCBOLXX03,S1D2,2027,0.06
GLOBAL,ELCBOLXX03,S1D2,2028,0.06
GLOBAL,ELCBOLXX03,S1D2,2029,0.06
GLOBAL,ELCBOLXX03,S1D2,2030,0.06
GLOBAL,ELCBOLXX03,S1D2,2031,0.06
GLOBAL,ELCBOLXX03,S1D2,2032,0.06
GLOBAL,ELCBOLXX03,S1D2,2033,0.06
GLOBAL,ELCBOLXX03,S1D2,2034,0.06
GLOBAL,ELCBOLXX03,S1D2,2035,0.06
GLOBAL,ELCBOLXX03,S1D2,2036,0.06
GLOBAL,ELCBOLXX03,S1D2,2037,0.06
GLOBAL,ELCBOLXX03,S1D2,2038,0.06
GLOBAL,ELCBOLXX03,S1D2,2039,0.06
GLOBAL,ELCBOLXX03,S1D2,2040,0.06
GLOBAL,ELCBOLXX03,S1D2,2041,0.06
GLOBAL,ELCBOLXX03,S1D2,2042,0.06
GLOBAL,ELCBOLXX03,S1D2,2043,0.06
GLOBAL,ELCBOLXX03,S1D2,2044,0.06
GLOBAL,ELCBOLXX03,S1D2,2045,0.06
GLOBAL,ELCBOLXX03,S1D2,2046,0.06
GLOBAL,ELCBOLXX03,S1D2,2047,0.06
GLOBAL,ELCBOLXX03,S1D2,2048,0.06
GLOBAL,ELCBOLXX03,S1D2,2049,0.06
GLOBAL,ELCBOLXX03,S1D2,2050,0.06
GLOBAL,ELCBOLXX03,S1D3,2023,0.11
GLOBAL,ELCBOLXX03,S1D3,2024,0.11
GLOBAL,ELCBOLXX03,S1D3,2025,0.11
GLOBAL,ELCBOLXX03,S1D3,2026,0.11
GLOBAL,ELCBOLXX03,S1D3,2027,0.11
GLOBAL,ELCBOLXX03,S1D3,2028,0.11
GLOBAL,ELCBOLXX03,S1D3,2029,0.11
GLOBAL,ELCBOLXX03,S1D3,2030,0.11
GLOBAL,ELCBOLXX03,S1D3,2031,0.11
GLOBAL,ELCBOLXX03,S1D3,2032,0.11
GLOBAL,ELCBOLXX03,S1D3,2033,0.11
GLOBAL,ELCBOLXX03,S1D3,2034,0.11
GLOBAL,ELCBOLXX03,S1D3,2035,0.11
GLOBAL,ELCBOLXX03,S1D3,2036,0.11
GLOBAL,ELCBOLXX03,S1D3,2037,0.11
GLOBAL,ELCBOLXX03,S1D3,2038,0.11
GLOBAL,ELCBOLXX03,S1D3,2039,0.11
GLOBAL,ELCBOLXX03,S1D3,2040,0.11
GLOBAL,ELCBOLXX03,S1D3,2041,0.11
GLOBAL,ELCBOLXX03,S1D3,2042,0.11
GLOBAL,ELCBOLXX03,S1D3,2043,0.11
GLOBAL,ELCBOLXX03,S1D3,2044,0.11
GLOBAL,ELCBOLXX03,S1D3,2045,0.11
GLOBAL,ELCBOLXX03,S1D3,2046,0.11
GLOBAL,ELCBOLXX03,S1D3,2047,0.11
GLOBAL,ELCBOLXX03,S1D3,2048,0.11
GLOBAL,ELCBOLXX03,S1D3,2049,0.11
GLOBAL,ELCBOLXX03,S1D3,2050,0.11
GLOBAL,ELCBOLXX03,S2D1,2023,0.08
GLOBAL,ELCBOLXX03,S2D1,2024,0.08
GLOBAL,ELCBOLXX03,S2D1,2025,0.08
GLOBAL,ELCBOLXX03,S2D1,2026,0.08
GLOBAL,ELCBOLXX03,S2D1,2027,0.08
GLOBAL,ELCBOLXX03,S2D1,2028,0.08
GLOBAL,ELCBOLXX03,S2D1,2029,0.08
GLOBAL,ELCBOLXX03,S2D1,2030,0.08
GLOBAL,ELCBOLXX03,S2D1,2031,0.08
GLOBAL,ELCBOLXX03,S2D1,2032,0.08
GLOBAL,ELCBOLXX03,S2D1,2033,0.08
GLOBAL,ELCBOLXX03,S2D1,2034,0.08
GLOBAL,ELCBOLXX03,S2D1,2035,0.08
GLOBAL,ELCBOLXX03,S2D1,2036,0.08
GLOBAL,ELCBOLXX03,S2D1,2037,0.08
GLOBAL,ELCBOLXX03,S2D1,2038,0.08
GLOBAL,ELCBOLXX03,S2D1,2039,0.08
GLOBAL,ELCBOLXX03,S2D1,2040,0.08
GLOBAL,ELCBOLXX03,S2D1,2041,0.08
GLOBAL,ELCBOLXX03,S2D1,2042,0.08
GLOBAL,ELCBOLXX03,S2D1,2043,0.08
GLOBAL,ELCBOLXX03,S2D1,2044,0.08
GLOBAL,ELCBOLXX03,S2D1,2045,0.08
GLOBAL,ELCBOLXX03,S2D1,2046,0.08
GLOBAL,ELCBOLXX03,S2D1,2047,0.08
GLOBAL,ELCBOLXX03,S2D1,2048,0.08
GLOBAL,ELCBOLXX03,S2D1,2049,0.08
GLOBAL,ELCBOLXX03,S2D1,2050,0.08
GLOBAL,ELCBOLXX03,S2D2,2023,0.06
GLOBAL,ELCBOLXX03,S2D2,2024,0.06
GLOBAL,ELCBOLXX03,S2D2,2025,0.06
GLOBAL,ELCBOLXX03,S2D2,2026,0.06
GLOBAL,ELCBOLXX03,S2D2,2027,0.06
GLOBAL,ELCBOLXX03,S2D2,2028,0.06
GLOBAL,ELCBOLXX03,S2D2,2029,0.06
GLOBAL,ELCBOLXX03,S2D2,2030,0.06
GLOBAL,ELCBOLXX03,S2D2,2031,0.06
GLOBAL,ELCBOLXX03,S2D2,2032,0.06
GLOBAL,ELCBOLXX03,S2D2,2033,0.06
GLOBAL,ELCBOLXX03,S2D2,2034,0.06
GLOBAL,ELCBOLXX03,S2D2,2035,0.06
GLOBAL,ELCBOLXX03,S2D2,2036,0.06
GLOBAL,ELCBOLXX03,S2D2,2037,0.06
GLOBAL,ELCBOLXX03,S2D2,2038,0.06
GLOBAL,ELCBOLXX03,S2D2,2039,0.06
GLOBAL,ELCBOLXX03,S2D2,2040,0.06
GLOBAL,ELCBOLXX03,S2D2,2041,0.06
GLOBAL,ELCBOLXX03,S2D2,2042,0.06
GLOBAL,ELCBOLXX03,S2D2,2043,0.06
GLOBAL,ELCBOLXX03,S2D2,2044,0.06
GLOBAL,ELCBOLXX03,S2D2,2045,0.06
GLOBAL,ELCBOLXX03,S2D2,2046,0.06
GLOBAL,ELCBOLXX03,S2D2,2047,0.06
GLOBAL,ELCBOLXX03,S2D2,2048,0.06
GLOBAL,ELCBOLXX03,S2D2,2049,0.06
GLOBAL,ELCBOLXX03,S2D2,2050,0.06
GLOBAL,ELCBOLXX03,S2D3,2023,0.12
GLOBAL,ELCBOLXX03,S2D3,2024,0.12
GLOBAL,ELCBOLXX03,S2D3,2025,0.12
GLOBAL,ELCBOLXX03,S2D3,2026,0.12
GLOBAL,ELCBOLXX03,S2D3,2027,0.12
GLOBAL,ELCBOLXX03,S2D3,2028,0.12
GLOBAL,ELCBOLXX03,S2D3,2029,0.12
GLOBAL,ELCBOLXX03,S2D3,2030,0.12
GLOBAL,ELCBOLXX03,S2D3,2031,0.12
GLOBAL,ELCBOLXX03,S2D3,2032,0.12
GLOBAL,ELCBOLXX03,S2D3,2033,0.12
GLOBAL,ELCBOLXX03,S2D3,2034,0.12
GLOBAL,ELCBOLXX03,S2D3,2035,0.12
GLOBAL,ELCBOLXX03,S2D3,2036,0.12
GLOBAL,ELCBOLXX03,S2D3,2037,0.12
GLOBAL,ELCBOLXX03,S2D3,2038,0.12
GLOBAL,ELCBOLXX03,S2D3,2039,0.12
GLOBAL,ELCBOLXX03,S2D3,2040,0.12
GLOBAL,ELCBOLXX03,S2D3,2041,0.12
GLOBAL,ELCBOLXX03,S2D3,2042,0.12
GLOBAL,ELCBOLXX03,S2D3,2043,0.12
GLOBAL,ELCBOLXX03,S2D3,2044,0.12
GLOBAL,ELCBOLXX03,S2D3,2045,0.12
GLOBAL,ELCBOLXX03,S2D3,2046,0.12
GLOBAL,ELCBOLXX03,S2D3,2047,0.12
GLOBAL,ELCBOLXX03,S2D3,2048,0.12
GLOBAL,ELCBOLXX03,S2D3,2049,0.12
GLOBAL,ELCBOLXX03,S2D3,2050,0.12
GLOBAL,ELCBOLXX03,S3D1,2023,0.08
GLOBAL,ELCBOLXX03,S3D1,2024,0.08
GLOBAL,ELCBOLXX03,S3D1,2025,0.08
GLOBAL,ELCBOLXX03,S3D1,2026,0.08
GLOBAL,ELCBOLXX03,S3D1,2027,0.08
GLOBAL,ELCBOLXX03,S3D1,2028,0.08
GLOBAL,ELCBOLXX03,S3D1,2029,0.08
GLOBAL,ELCBOLXX03,S3D1,2030,0.08
GLOBAL,ELCBOLXX03,S3D1,2031,0.08
GLOBAL,ELCBOLXX03,S3D1,2032,0.08
GLOBAL,ELCBOLXX03,S3D1,2033,0.08
GLOBAL,ELCBOLXX03,S3D1,2034,0.08
GLOBAL,ELCBOLXX03,S3D1,2035,0.08
GLOBAL,ELCBOLXX03,S3D1,2036,0.08
GLOBAL,ELCBOLXX03,S3D1,2037,0.08
GLOBAL,ELCBOLXX03,S3D1,2038,0.08
GLOBAL,ELCBOLXX03,S3D1,2039,0.08
GLOBAL,ELCBOLXX03,S3D1,2040,0.08
GLOBAL,ELCBOLXX03,S3D1,2041,0.08
GLOBAL,ELCBOLXX03,S3D1,2042,0.08
GLOBAL,ELCBOLXX03,S3D1,2043,0.08
GLOBAL,ELCBOLXX03,S3D1,2044,0.08
GLOBAL,ELCBOLXX03,S3D1,2045,0.08
GLOBAL,ELCBOLXX03,S3D1,2046,0.08
GLOBAL,ELCBOLXX03,S3D1,2047,0.08
GLOBAL,ELCBOLXX03,S3D1,2048,0.08
GLOBAL,ELCBOLXX03,S3D1,2049,0.08
GLOBAL,ELCBOLXX03,S3D1,2050,0.08
GLOBAL,ELCBOLXX03,S3D2,2023,0.06
GLOBAL,ELCBOLXX03,S3D2,2024,0.06
GLOBAL,ELCBOLXX03,S3D2,2025,0.06
GLOBAL,ELCBOLXX03,S3D2,2026,0.06
GLOBAL,ELCBOLXX03,S3D2,2027,0.06
GLOBAL,ELCBOLXX03,S3D2,2028,0.06
GLOBAL,ELCBOLXX03,S3D2,2029,0.06
GLOBAL,ELCBOLXX03,S3D2,2030,0.06
GLOBAL,ELCBOLXX03,S3D2,2031,0.06
GLOBAL,ELCBOLXX03,S3D2,2032,0.06
GLOBAL,ELCBOLXX03,S3D2,2033,0.06
GLOBAL,ELCBOLXX03,S3D2,2034,0.06
GLOBAL,ELCBOLXX03,S3D2,2035,0.06
GLOBAL,ELCBOLXX03,S3D2,2036,0.06
GLOBAL,ELCBOLXX03,S3D2,2037,0.06
GLOBAL,ELCBOLXX03,S3D2,2038,0.06
GLOBAL,ELCBOLXX03,S3D2,2039,0.06
GLOBAL,ELCBOLXX03,S3D2,2040,0.06
GLOBAL,ELCBOLXX03,S3D2,2041,0.06
GLOBAL,ELCBOLXX03,S3D2,2042,0.06
GLOBAL,ELCBOLXX03,S3D2,2043,0.06
GLOBAL,ELCBOLXX03,S3D2,2044,0.06
GLOBAL,ELCBOLXX03,S3D2,2045,0.06
GLOBAL,ELCBOLXX03,S3D2,2046,0.06
GLOBAL,ELCBOLXX03,S3D2,2047,0.06
GLOBAL,ELCBOLXX03,S3D2,2048,0.06
GLOBAL,ELCBOLXX03,S3D2,2049,0.06
GLOBAL,ELCBOLXX03,S3D2,2050,0.06
GLOBAL,ELCBOLXX03,S3D3,2023,0.12
GLOBAL,ELCBOLXX03,S3D3,2024,0.12
GLOBAL,ELCBOLXX03,S3D3,2025,0.12
GLOBAL,ELCBOLXX03,S3D3,2026,0.12
GLOBAL,ELCBOLXX03,S3D3,2027,0.12
GLOBAL,ELCBOLXX03,S3D3,2028,0.12
GLOBAL,ELCBOLXX03,S3D3,2029,0.12
GLOBAL,ELCBOLXX03,S3D3,2030,0.12
GLOBAL,ELCBOLXX03,S3D3,2031,0.12
GLOBAL,ELCBOLXX03,S3D3,2032,0.12
GLOBAL,ELCBOLXX03,S3D3,2033,0.12
GLOBAL,ELCBOLXX03,S3D3,2034,0.12
GLOBAL,ELCBOLXX03,S3D3,2035,0.12
GLOBAL,ELCBOLXX03,S3D3,2036,0.12
GLOBAL,ELCBOLXX03,S3D3,2037,0.12
GLOBAL,ELCBOLXX03,S3D3,2038,0.12
GLOBAL,ELCBOLXX03,S3D3,2039,0.12
GLOBAL,ELCBOLXX03,S3D3,2040,0.12
GLOBAL,ELCBOLXX03,S3D3,2041,0.12
GLOBAL,ELCBOLXX03,S3D3,2042,0.12
GLOBAL,ELCBOLXX03,S3D3,2043,0.12
GLOBAL,ELCBOLXX03,S3D3,2044,0.12
GLOBAL,ELCBOLXX03,S3D3,2045,0.12
GLOBAL,ELCBOLXX03,S3D3,2046,0.12
GLOBAL,ELCBOLXX03,S3D3,2047,0.12
GLOBAL,ELCBOLXX03,S3D3,2048,0.12
GLOBAL,ELCBOLXX03,S3D3,2049,0.12
GLOBAL,ELCBOLXX03,S3D3,2050,0.12
GLOBAL,ELCBOLXX03,S4D1,2023,0.07
GLOBAL,ELCBOLXX03,S4D1,2024,0.07
GLOBAL,ELCBOLXX03,S4D1,2025,0.07
GLOBAL,ELCBOLXX03,S4D1,2026,0.07
GLOBAL,ELCBOLXX03,S4D1,2027,0.07
GLOBAL,ELCBOLXX03,S4D1,2028,0.07
GLOBAL,ELCBOLXX03,S4D1,2029,0.07
GLOBAL,ELCBOLXX03,S4D1,2030,0.07
GLOBAL,ELCBOLXX03,S4D1,2031,0.07
GLOBAL,ELCBOLXX03,S4D1,2032,0.07
GLOBAL,ELCBOLXX03,S4D1,2033,0.07
GLOBAL,ELCBOLXX03,S4D1,2034,0.07
GLOBAL,ELCBOLXX03,S4D1,2035,0.07
GLOBAL,ELCBOLXX03,S4D1,2036,0.07
GLOBAL,ELCBOLXX03,S4D1,2037,0.07
GLOBAL,ELCBOLXX03,S4D1,2038,0.07
GLOBAL,ELCBOLXX03,S4D1,2039,0.07
GLOBAL,ELCBOLXX03,S4D1,2040,0.07
GLOBAL,ELCBOLXX03,S4D1,2041,0.07
GLOBAL,ELCBOLXX03,S4D1,2042,0.07
GLOBAL,ELCBOLXX03,S4D1,2043,0.07
GLOBAL,ELCBOLXX03,S4D1,2044,0.07
GLOBAL,ELCBOLXX03,S4D1,2045,0.07
GLOBAL,ELCBOLXX03,S4D1,2046,0.07
GLOBAL,ELCBOLXX03,S4D1,2047,0.07
GLOBAL,ELCBOLXX03,S4D1,2048,0.07
GLOBAL,ELCBOLXX03,S4D1,2049,0.07
GLOBAL,ELCBOLXX03,S4D1,2050,0.07
GLOBAL,ELCBOLXX03,S4D2,2023,0.06
GLOBAL,ELCBOLXX03,S4D2,2024,0.06
GLOBAL,ELCBOLXX03,S4D2,2025,0.06
GLOBAL,ELCBOLXX03,S4D2,2026,0.06
GLOBAL,ELCBOLXX03,S4D2,2027,0.06
GLOBAL,ELCBOLXX03,S4D2,2028,0.06
GLOBAL,ELCBOLXX03,S4D2,2029,0.06
GLOBAL,ELCBOLXX03,S4D2,2030,0.06
GLOBAL,ELCBOLXX03,S4D2,2031,0.06
GLOBAL,ELCBOLXX03,S4D2,2032,0.06
GLOBAL,ELCBOLXX03,S4D2,2033,0.06
GLOBAL,ELCBOLXX03,S4D2,2034,0.06
GLOBAL,ELCBOLXX03,S4D2,2035,0.06
GLOBAL,ELCBOLXX03,S4D2,2036,0.06
GLOBAL,ELCBOLXX03,S4D2,2037,0.06
GLOBAL,ELCBOLXX03,S4D2,2038,0.06
GLOBAL,ELCBOLXX03,S4D2,2039,0.06
GLOBAL,ELCBOLXX03,S4D2,2040,0.06
GLOBAL,ELCBOLXX03,S4D2,2041,0.06
GLOBAL,ELCBOLXX03,S4D2,2042,0.06
GLOBAL,ELCBOLXX03,S4D2,2043,0.06
GLOBAL,ELCBOLXX03,S4D2,2044,0.06
GLOBAL,ELCBOLXX03,S4D2,2045,0.06
GLOBAL,ELCBOLXX03,S4D2,2046,0.06
GLOBAL,ELCBOLXX03,S4D2,2047,0.06
GLOBAL,ELCBOLXX03,S4D2,2048,0.06
GLOBAL,ELCBOLXX03,S4D2,2049,0.06
GLOBAL,ELCBOLXX03,S4D2,2050,0.06
GLOBAL,ELCBOLXX03,S4D3,2023,0.11
GLOBAL,ELCBOLXX03,S4D3,2024,0.11
GLOBAL,ELCBOLXX03,S4D3,2025,0.11
GLOBAL,ELCBOLXX03,S4D3,2026,0.11
GLOBAL,ELCBOLXX03,S4D3,2027,0.11
GLOBAL,ELCBOLXX03,S4D3,2028,0.11
GLOBAL,ELCBOLXX03,S4D3,2029,0.11
GLOBAL,ELCBOLXX03,S4D3,2030,0.11
GLOBAL,ELCBOLXX03,S4D3,2031,0.11
GLOBAL,ELCBOLXX03,S4D3,2032,0.11
GLOBAL,ELCBOLXX03,S4D3,2033,0.11
GLOBAL,ELCBOLXX03,S4D3,2034,0.11
GLOBAL,ELCBOLXX03,S4D3,2035,0.11
GLOBAL,ELCBOLXX03,S4D3,2036,0.11
GLOBAL,ELCBOLXX03,S4D3,2037,0.11
GLOBAL,ELCBOLXX03,S4D3,2038,0.11
GLOBAL,ELCBOLXX03,S4D3,2039,0.11
GLOBAL,ELCBOLXX03,S4D3,2040,0.11
GLOBAL,ELCBOLXX03,S4D3,2041,0.11
GLOBAL,ELCBOLXX03,S4D3,2042,0.11
GLOBAL,ELCBOLXX03,S4D3,2043,0.11
GLOBAL,ELCBOLXX03,S4D3,2044,0.11
GLOBAL,ELCBOLXX03,S4D3,2045,0.11
GLOBAL,ELCBOLXX03,S4D3,2046,0.11
GLOBAL,ELCBOLXX03,S4D3,2047,0.11
GLOBAL,ELCBOLXX03,S4D3,2048,0.11
GLOBAL,ELCBOLXX03,S4D3,2049,0.11
GLOBAL,ELCBOLXX03,S4D3,2050,0.11
GLOBAL,ELCBRAXX03,S1D1,2023,0.0803463203463203
GLOBAL,ELCBRAXX03,S1D1,2024,0.0803463203463203
GLOBAL,ELCBRAXX03,S1D1,2025,0.0803463203463203
GLOBAL,ELCBRAXX03,S1D1,2026,0.0803463203463203
GLOBAL,ELCBRAXX03,S1D1,2027,0.0803463203463203
GLOBAL,ELCBRAXX03,S1D1,2028,0.0803463203463203
GLOBAL,ELCBRAXX03,S1D1,2029,0.0803463203463203
GLOBAL,ELCBRAXX03,S1D1,2030,0.0803463203463203
GLOBAL,ELCBRAXX03,S1D1,2031,0.0803463203463203
GLOBAL,ELCBRAXX03,S1D1,2032,0.0803463203463203
GLOBAL,ELCBRAXX03,S1D1,2033,0.0803463203463203
GLOBAL,ELCBRAXX03,S1D1,2034,0.0803463203463203
GLOBAL,ELCBRAXX03,S1D1,2035,0.0803463203463203
GLOBAL,ELCBRAXX03,S1D1,2036,0.0803463203463203
GLOBAL,ELCBRAXX03,S1D1,2037,0.0803463203463203
GLOBAL,ELCBRAXX03,S1D1,2038,0.0803463203463203
GLOBAL,ELCBRAXX03,S1D1,2039,0.0803463203463203
GLOBAL,ELCBRAXX03,S1D1,2040,0.0803463203463203
GLOBAL,ELCBRAXX03,S1D1,2041,0.0803463203463203
GLOBAL,ELCBRAXX03,S1D1,2042,0.0803463203463203
GLOBAL,ELCBRAXX03,S1D1,2043,0.0803463203463203
GLOBAL,ELCBRAXX03,S1D1,2044,0.0803463203463203
GLOBAL,ELCBRAXX03,S1D1,2045,0.0803463203463203
GLOBAL,ELCBRAXX03,S1D1,2046,0.0803463203463203
GLOBAL,ELCBRAXX03,S1D1,2047,0.0803463203463203
GLOBAL,ELCBRAXX03,S1D1,2048,0.0803463203463203
GLOBAL,ELCBRAXX03,S1D1,2049,0.0803463203463203
GLOBAL,ELCBRAXX03,S1D1,2050,0.0803463203463203
GLOBAL,ELCBRAXX03,S1D2,2023,0.0631313131313131
GLOBAL,ELCBRAXX03,S1D2,2024,0.0631313131313131
GLOBAL,ELCBRAXX03,S1D2,2025,0.0631313131313131
GLOBAL,ELCBRAXX03,S1D2,2026,0.0631313131313131
GLOBAL,ELCBRAXX03,S1D2,2027,0.0631313131313131
GLOBAL,ELCBRAXX03,S1D2,2028,0.0631313131313131
GLOBAL,ELCBRAXX03,S1D2,2029,0.0631313131313131
GLOBAL,ELCBRAXX03,S1D2,2030,0.0631313131313131
GLOBAL,ELCBRAXX03,S1D2,2031,0.0631313131313131
GLOBAL,ELCBRAXX03,S1D2,2032,0.0631313131313131
GLOBAL,ELCBRAXX03,S1D2,2033,0.0631313131313131
GLOBAL,ELCBRAXX03,S1D2,2034,0.0631313131313131
GLOBAL,ELCBRAXX03,S1D2,2035,0.0631313131313131
GLOBAL,ELCBRAXX03,S1D2,2036,0.0631313131313131
GLOBAL,ELCBRAXX03,S1D2,2037,0.0631313131313131
GLOBAL,ELCBRAXX03,S1D2,2038,0.0631313131313131
GLOBAL,ELCBRAXX03,S1D2,2039,0.0631313131313131
GLOBAL,ELCBRAXX03,S1D2,2040,0.0631313131313131
GLOBAL,ELCBRAXX03,S1D2,2041,0.0631313131313131
GLOBAL,ELCBRAXX03,S1D2,2042,0.0631313131313131
GLOBAL,ELCBRAXX03,S1D2,2043,0.0631313131313131
GLOBAL,ELCBRAXX03,S1D2,2044,0.0631313131313131
GLOBAL,ELCBRAXX03,S1D2,2045,0.0631313131313131
GLOBAL,ELCBRAXX03,S1D2,2046,0.0631313131313131
GLOBAL,ELCBRAXX03,S1D2,2047,0.0631313131313131
GLOBAL,ELCBRAXX03,S1D2,2048,0.0631313131313131
GLOBAL,ELCBRAXX03,S1D2,2049,0.0631313131313131
GLOBAL,ELCBRAXX03,S1D2,2050,0.0631313131313131
GLOBAL,ELCBRAXX03,S1D3,2023,0.1105050505050505
GLOBAL,ELCBRAXX03,S1D3,2024,0.1105050505050505
GLOBAL,ELCBRAXX03,S1D3,2025,0.1105050505050505
GLOBAL,ELCBRAXX03,S1D3,2026,0.1105050505050505
GLOBAL,ELCBRAXX03,S1D3,2027,0.1105050505050505
GLOBAL,ELCBRAXX03,S1D3,2028,0.1105050505050505
GLOBAL,ELCBRAXX03,S1D3,2029,0.1105050505050505
GLOBAL,ELCBRAXX03,S1D3,2030,0.1105050505050505
GLOBAL,ELCBRAXX03,S1D3,2031,0.1105050505050505
GLOBAL,ELCBRAXX03,S1D3,2032,0.1105050505050505
GLOBAL,ELCBRAXX03,S1D3,2033,0.1105050505050505
GLOBAL,ELCBRAXX03,S1D3,2034,0.1105050505050505
GLOBAL,ELCBRAXX03,S1D3,2035,0.1105050505050505
GLOBAL,ELCBRAXX03,S1D3,2036,0.1105050505050505
GLOBAL,ELCBRAXX03,S1D3,2037,0.1105050505050505
GLOBAL,ELCBRAXX03,S1D3,2038,0.1105050505050505
GLOBAL,ELCBRAXX03,S1D3,2039,0.1105050505050505
GLOBAL,ELCBRAXX03,S1D3,2040,0.1105050505050505
GLOBAL,ELCBRAXX03,S1D3,2041,0.1105050505050505
GLOBAL,ELCBRAXX03,S1D3,2042,0.1105050505050505
GLOBAL,ELCBRAXX03,S1D3,2043,0.1105050505050505
GLOBAL,ELCBRAXX03,S1D3,2044,0.1105050505050505
GLOBAL,ELCBRAXX03,S1D3,2045,0.1105050505050505
GLOBAL,ELCBRAXX03,S1D3,2046,0.1105050505050505
GLOBAL,ELCBRAXX03,S1D3,2047,0.1105050505050505
GLOBAL,ELCBRAXX03,S1D3,2048,0.1105050505050505
GLOBAL,ELCBRAXX03,S1D3,2049,0.1105050505050505
GLOBAL,ELCBRAXX03,S1D3,2050,0.1105050505050505
GLOBAL,ELCBRAXX03,S2D1,2023,0.076031746031746
GLOBAL,ELCBRAXX03,S2D1,2024,0.076031746031746
GLOBAL,ELCBRAXX03,S2D1,2025,0.076031746031746
GLOBAL,ELCBRAXX03,S2D1,2026,0.076031746031746
GLOBAL,ELCBRAXX03,S2D1,2027,0.076031746031746
GLOBAL,ELCBRAXX03,S2D1,2028,0.076031746031746
GLOBAL,ELCBRAXX03,S2D1,2029,0.076031746031746
GLOBAL,ELCBRAXX03,S2D1,2030,0.076031746031746
GLOBAL,ELCBRAXX03,S2D1,2031,0.076031746031746
GLOBAL,ELCBRAXX03,S2D1,2032,0.076031746031746
GLOBAL,ELCBRAXX03,S2D1,2033,0.076031746031746
GLOBAL,ELCBRAXX03,S2D1,2034,0.076031746031746
GLOBAL,ELCBRAXX03,S2D1,2035,0.076031746031746
GLOBAL,ELCBRAXX03,S2D1,2036,0.076031746031746
GLOBAL,ELCBRAXX03,S2D1,2037,0.076031746031746
GLOBAL,ELCBRAXX03,S2D1,2038,0.076031746031746
GLOBAL,ELCBRAXX03,S2D1,2039,0.076031746031746
GLOBAL,ELCBRAXX03,S2D1,2040,0.076031746031746
GLOBAL,ELCBRAXX03,S2D1,2041,0.076031746031746
GLOBAL,ELCBRAXX03,S2D1,2042,0.076031746031746
GLOBAL,ELCBRAXX03,S2D1,2043,0.076031746031746
GLOBAL,ELCBRAXX03,S2D1,2044,0.076031746031746
GLOBAL,ELCBRAXX03,S2D1,2045,0.076031746031746
GLOBAL,ELCBRAXX03,S2D1,2046,0.076031746031746
GLOBAL,ELCBRAXX03,S2D1,2047,0.076031746031746
GLOBAL,ELCBRAXX03,S2D1,2048,0.076031746031746
GLOBAL,ELCBRAXX03,S2D1,2049,0.076031746031746
GLOBAL,ELCBRAXX03,S2D1,2050,0.076031746031746
GLOBAL,ELCBRAXX03,S2D2,2023,0.0602597402597402
GLOBAL,ELCBRAXX03,S2D2,2024,0.0602597402597402
GLOBAL,ELCBRAXX03,S2D2,2025,0.0602597402597402
GLOBAL,ELCBRAXX03,S2D2,2026,0.0602597402597402
GLOBAL,ELCBRAXX03,S2D2,2027,0.0602597402597402
GLOBAL,ELCBRAXX03,S2D2,2028,0.0602597402597402
GLOBAL,ELCBRAXX03,S2D2,2029,0.0602597402597402
GLOBAL,ELCBRAXX03,S2D2,2030,0.0602597402597402
GLOBAL,ELCBRAXX03,S2D2,2031,0.0602597402597402
GLOBAL,ELCBRAXX03,S2D2,2032,0.0602597402597402
GLOBAL,ELCBRAXX03,S2D2,2033,0.0602597402597402
GLOBAL,ELCBRAXX03,S2D2,2034,0.0602597402597402
GLOBAL,ELCBRAXX03,S2D2,2035,0.0602597402597402
GLOBAL,ELCBRAXX03,S2D2,2036,0.0602597402597402
GLOBAL,ELCBRAXX03,S2D2,2037,0.0602597402597402
GLOBAL,ELCBRAXX03,S2D2,2038,0.0602597402597402
GLOBAL,ELCBRAXX03,S2D2,2039,0.0602597402597402
GLOBAL,ELCBRAXX03,S2D2,2040,0.0602597402597402
GLOBAL,ELCBRAXX03,S2D2,2041,0.0602597402597402
GLOBAL,ELCBRAXX03,S2D2,2042,0.0602597402597402
GLOBAL,ELCBRAXX03,S2D2,2043,0.0602597402597402
GLOBAL,ELCBRAXX03,S2D2,2044,0.0602597402597402
GLOBAL,ELCBRAXX03,S2D2,2045,0.0602597402597402
GLOBAL,ELCBRAXX03,S2D2,2046,0.0602597402597402
GLOBAL,ELCBRAXX03,S2D2,2047,0.0602597402597402
GLOBAL,ELCBRAXX03,S2D2,2048,0.0602597402597402
GLOBAL,ELCBRAXX03,S2D2,2049,0.0602597402597402
GLOBAL,ELCBRAXX03,S2D2,2050,0.0602597402597402
GLOBAL,ELCBRAXX03,S2D3,2023,0.1061904761904762
GLOBAL,ELCBRAXX03,S2D3,2024,0.1061904761904762
GLOBAL,ELCBRAXX03,S2D3,2025,0.1061904761904762
GLOBAL,ELCBRAXX03,S2D3,2026,0.1061904761904762
GLOBAL,ELCBRAXX03,S2D3,2027,0.1061904761904762
GLOBAL,ELCBRAXX03,S2D3,2028,0.1061904761904762
GLOBAL,ELCBRAXX03,S2D3,2029,0.1061904761904762
GLOBAL,ELCBRAXX03,S2D3,2030,0.1061904761904762
GLOBAL,ELCBRAXX03,S2D3,2031,0.1061904761904762
GLOBAL,ELCBRAXX03,S2D3,2032,0.1061904761904762
GLOBAL,ELCBRAXX03,S2D3,2033,0.1061904761904762
GLOBAL,ELCBRAXX03,S2D3,2034,0.1061904761904762
GLOBAL,ELCBRAXX03,S2D3,2035,0.1061904761904762
GLOBAL,ELCBRAXX03,S2D3,2036,0.1061904761904762
GLOBAL,ELCBRAXX03,S2D3,2037,0.1061904761904762
GLOBAL,ELCBRAXX03,S2D3,2038,0.1061904761904762
GLOBAL,ELCBRAXX03,S2D3,2039,0.1061904761904762
GLOBAL,ELCBRAXX03,S2D3,2040,0.1061904761904762
GLOBAL,ELCBRAXX03,S2D3,2041,0.1061904761904762
GLOBAL,ELCBRAXX03,S2D3,2042,0.1061904761904762
GLOBAL,ELCBRAXX03,S2D3,2043,0.1061904761904762
GLOBAL,ELCBRAXX03,S2D3,2044,0.1061904761904762
GLOBAL,ELCBRAXX03,S2D3,2045,0.1061904761904762
GLOBAL,ELCBRAXX03,S2D3,2046,0.1061904761904762
GLOBAL,ELCBRAXX03,S2D3,2047,0.1061904761904762
GLOBAL,ELCBRAXX03,S2D3,2048,0.1061904761904762
GLOBAL,ELCBRAXX03,S2D3,2049,0.1061904761904762
GLOBAL,ELCBRAXX03,S2D3,2050,0.1061904761904762
GLOBAL,ELCBRAXX03,S3D1,2023,0.0788744588744588
GLOBAL,ELCBRAXX03,S3D1,2024,0.0788744588744588
GLOBAL,ELCBRAXX03,S3D1,2025,0.0788744588744588
GLOBAL,ELCBRAXX03,S3D1,2026,0.0788744588744588
GLOBAL,ELCBRAXX03,S3D1,2027,0.0788744588744588
GLOBAL,ELCBRAXX03,S3D1,2028,0.0788744588744588
GLOBAL,ELCBRAXX03,S3D1,2029,0.0788744588744588
GLOBAL,ELCBRAXX03,S3D1,2030,0.0788744588744588
GLOBAL,ELCBRAXX03,S3D1,2031,0.0788744588744588
GLOBAL,ELCBRAXX03,S3D1,2032,0.0788744588744588
GLOBAL,ELCBRAXX03,S3D1,2033,0.0788744588744588
GLOBAL,ELCBRAXX03,S3D1,2034,0.0788744588744588
GLOBAL,ELCBRAXX03,S3D1,2035,0.0788744588744588
GLOBAL,ELCBRAXX03,S3D1,2036,0.0788744588744588
GLOBAL,ELCBRAXX03,S3D1,2037,0.0788744588744588
GLOBAL,ELCBRAXX03,S3D1,2038,0.0788744588744588
GLOBAL,ELCBRAXX03,S3D1,2039,0.0788744588744588
GLOBAL,ELCBRAXX03,S3D1,2040,0.0788744588744588
GLOBAL,ELCBRAXX03,S3D1,2041,0.0788744588744588
GLOBAL,ELCBRAXX03,S3D1,2042,0.0788744588744588
GLOBAL,ELCBRAXX03,S3D1,2043,0.0788744588744588
GLOBAL,ELCBRAXX03,S3D1,2044,0.0788744588744588
GLOBAL,ELCBRAXX03,S3D1,2045,0.0788744588744588
GLOBAL,ELCBRAXX03,S3D1,2046,0.0788744588744588
GLOBAL,ELCBRAXX03,S3D1,2047,0.0788744588744588
GLOBAL,ELCBRAXX03,S3D1,2048,0.0788744588744588
GLOBAL,ELCBRAXX03,S3D1,2049,0.0788744588744588
GLOBAL,ELCBRAXX03,S3D1,2050,0.0788744588744588
GLOBAL,ELCBRAXX03,S3D2,2023,0.0602597402597402
GLOBAL,ELCBRAXX03,S3D2,2024,0.0602597402597402
GLOBAL,ELCBRAXX03,S3D2,2025,0.0602597402597402
GLOBAL,ELCBRAXX03,S3D2,2026,0.0602597402597402
GLOBAL,ELCBRAXX03,S3D2,2027,0.0602597402597402
GLOBAL,ELCBRAXX03,S3D2,2028,0.0602597402597402
GLOBAL,ELCBRAXX03,S3D2,2029,0.0602597402597402
GLOBAL,ELCBRAXX03,S3D2,2030,0.0602597402597402
GLOBAL,ELCBRAXX03,S3D2,2031,0.0602597402597402
GLOBAL,ELCBRAXX03,S3D2,2032,0.0602597402597402
GLOBAL,ELCBRAXX03,S3D2,2033,0.0602597402597402
GLOBAL,ELCBRAXX03,S3D2,2034,0.0602597402597402
GLOBAL,ELCBRAXX03,S3D2,2035,0.0602597402597402
GLOBAL,ELCBRAXX03,S3D2,2036,0.0602597402597402
GLOBAL,ELCBRAXX03,S3D2,2037,0.0602597402597402
GLOBAL,ELCBRAXX03,S3D2,2038,0.0602597402597402
GLOBAL,ELCBRAXX03,S3D2,2039,0.0602597402597402
GLOBAL,ELCBRAXX03,S3D2,2040,0.0602597402597402
GLOBAL,ELCBRAXX03,S3D2,2041,0.0602597402597402
GLOBAL,ELCBRAXX03,S3D2,2042,0.0602597402597402
GLOBAL,ELCBRAXX03,S3D2,2043,0.0602597402597402
GLOBAL,ELCBRAXX03,S3D2,2044,0.0602597402597402
GLOBAL,ELCBRAXX03,S3D2,2045,0.0602597402597402
GLOBAL,ELCBRAXX03,S3D2,2046,0.0602597402597402
GLOBAL,ELCBRAXX03,S3D2,2047,0.0602597402597402
GLOBAL,ELCBRAXX03,S3D2,2048,0.0602597402597402
GLOBAL,ELCBRAXX03,S3D2,2049,0.0602597402597402
GLOBAL,ELCBRAXX03,S3D2,2050,0.0602597402597402
GLOBAL,ELCBRAXX03,S3D3,2023,0.1104761904761904
GLOBAL,ELCBRAXX03,S3D3,2024,0.1104761904761904
GLOBAL,ELCBRAXX03,S3D3,2025,0.1104761904761904
GLOBAL,ELCBRAXX03,S3D3,2026,0.1104761904761904
GLOBAL,ELCBRAXX03,S3D3,2027,0.1104761904761904
GLOBAL,ELCBRAXX03,S3D3,2028,0.1104761904761904
GLOBAL,ELCBRAXX03,S3D3,2029,0.1104761904761904
GLOBAL,ELCBRAXX03,S3D3,2030,0.1104761904761904
GLOBAL,ELCBRAXX03,S3D3,2031,0.1104761904761904
GLOBAL,ELCBRAXX03,S3D3,2032,0.1104761904761904
GLOBAL,ELCBRAXX03,S3D3,2033,0.1104761904761904
GLOBAL,ELCBRAXX03,S3D3,2034,0.1104761904761904
GLOBAL,ELCBRAXX03,S3D3,2035,0.1104761904761904
GLOBAL,ELCBRAXX03,S3D3,2036,0.1104761904761904
GLOBAL,ELCBRAXX03,S3D3,2037,0.1104761904761904
GLOBAL,ELCBRAXX03,S3D3,2038,0.1104761904761904
GLOBAL,ELCBRAXX03,S3D3,2039,0.1104761904761904
GLOBAL,ELCBRAXX03,S3D3,2040,0.1104761904761904
GLOBAL,ELCBRAXX03,S3D3,2041,0.1104761904761904
GLOBAL,ELCBRAXX03,S3D3,2042,0.1104761904761904
GLOBAL,ELCBRAXX03,S3D3,2043,0.1104761904761904
GLOBAL,ELCBRAXX03,S3D3,2044,0.1104761904761904
GLOBAL,ELCBRAXX03,S3D3,2045,0.1104761904761904
GLOBAL,ELCBRAXX03,S3D3,2046,0.1104761904761904
GLOBAL,ELCBRAXX03,S3D3,2047,0.1104761904761904
GLOBAL,ELCBRAXX03,S3D3,2048,0.1104761904761904
GLOBAL,ELCBRAXX03,S3D3,2049,0.1104761904761904
GLOBAL,ELCBRAXX03,S3D3,2050,0.1104761904761904
GLOBAL,ELCBRAXX03,S4D1,2023,0.0831890331890331
GLOBAL,ELCBRAXX03,S4D1,2024,0.0831890331890331
GLOBAL,ELCBRAXX03,S4D1,2025,0.0831890331890331
GLOBAL,ELCBRAXX03,S4D1,2026,0.0831890331890331
GLOBAL,ELCBRAXX03,S4D1,2027,0.0831890331890331
GLOBAL,ELCBRAXX03,S4D1,2028,0.0831890331890331
GLOBAL,ELCBRAXX03,S4D1,2029,0.0831890331890331
GLOBAL,ELCBRAXX03,S4D1,2030,0.0831890331890331
GLOBAL,ELCBRAXX03,S4D1,2031,0.0831890331890331
GLOBAL,ELCBRAXX03,S4D1,2032,0.0831890331890331
GLOBAL,ELCBRAXX03,S4D1,2033,0.0831890331890331
GLOBAL,ELCBRAXX03,S4D1,2034,0.0831890331890331
GLOBAL,ELCBRAXX03,S4D1,2035,0.0831890331890331
GLOBAL,ELCBRAXX03,S4D1,2036,0.0831890331890331
GLOBAL,ELCBRAXX03,S4D1,2037,0.0831890331890331
GLOBAL,ELCBRAXX03,S4D1,2038,0.0831890331890331
GLOBAL,ELCBRAXX03,S4D1,2039,0.0831890331890331
GLOBAL,ELCBRAXX03,S4D1,2040,0.0831890331890331
GLOBAL,ELCBRAXX03,S4D1,2041,0.0831890331890331
GLOBAL,ELCBRAXX03,S4D1,2042,0.0831890331890331
GLOBAL,ELCBRAXX03,S4D1,2043,0.0831890331890331
GLOBAL,ELCBRAXX03,S4D1,2044,0.0831890331890331
GLOBAL,ELCBRAXX03,S4D1,2045,0.0831890331890331
GLOBAL,ELCBRAXX03,S4D1,2046,0.0831890331890331
GLOBAL,ELCBRAXX03,S4D1,2047,0.0831890331890331
GLOBAL,ELCBRAXX03,S4D1,2048,0.0831890331890331
GLOBAL,ELCBRAXX03,S4D1,2049,0.0831890331890331
GLOBAL,ELCBRAXX03,S4D1,2050,0.0831890331890331
GLOBAL,ELCBRAXX03,S4D2,2023,0.0602597402597402
GLOBAL,ELCBRAXX03,S4D2,2024,0.0602597402597402
GLOBAL,ELCBRAXX03,S4D2,2025,0.0602597402597402
GLOBAL,ELCBRAXX03,S4D2,2026,0.0602597402597402
GLOBAL,ELCBRAXX03,S4D2,2027,0.0602597402597402
GLOBAL,ELCBRAXX03,S4D2,2028,0.0602597402597402
GLOBAL,ELCBRAXX03,S4D2,2029,0.0602597402597402
GLOBAL,ELCBRAXX03,S4D2,2030,0.0602597402597402
GLOBAL,ELCBRAXX03,S4D2,2031,0.0602597402597402
GLOBAL,ELCBRAXX03,S4D2,2032,0.0602597402597402
GLOBAL,ELCBRAXX03,S4D2,2033,0.0602597402597402
GLOBAL,ELCBRAXX03,S4D2,2034,0.0602597402597402
GLOBAL,ELCBRAXX03,S4D2,2035,0.0602597402597402
GLOBAL,ELCBRAXX03,S4D2,2036,0.0602597402597402
GLOBAL,ELCBRAXX03,S4D2,2037,0.0602597402597402
GLOBAL,ELCBRAXX03,S4D2,2038,0.0602597402597402
GLOBAL,ELCBRAXX03,S4D2,2039,0.0602597402597402
GLOBAL,ELCBRAXX03,S4D2,2040,0.0602597402597402
GLOBAL,ELCBRAXX03,S4D2,2041,0.0602597402597402
GLOBAL,ELCBRAXX03,S4D2,2042,0.0602597402597402
GLOBAL,ELCBRAXX03,S4D2,2043,0.0602597402597402
GLOBAL,ELCBRAXX03,S4D2,2044,0.0602597402597402
GLOBAL,ELCBRAXX03,S4D2,2045,0.0602597402597402
GLOBAL,ELCBRAXX03,S4D2,2046,0.0602597402597402
GLOBAL,ELCBRAXX03,S4D2,2047,0.0602597402597402
GLOBAL,ELCBRAXX03,S4D2,2048,0.0602597402597402
GLOBAL,ELCBRAXX03,S4D2,2049,0.0602597402597402
GLOBAL,ELCBRAXX03,S4D2,2050,0.0602597402597402
GLOBAL,ELCBRAXX03,S4D3,2023,0.1104761904761904
GLOBAL,ELCBRAXX03,S4D3,2024,0.1104761904761904
GLOBAL,ELCBRAXX03,S4D3,2025,0.1104761904761904
GLOBAL,ELCBRAXX03,S4D3,2026,0.1104761904761904
GLOBAL,ELCBRAXX03,S4D3,2027,0.1104761904761904
GLOBAL,ELCBRAXX03,S4D3,2028,0.1104761904761904
GLOBAL,ELCBRAXX03,S4D3,2029,0.1104761904761904
GLOBAL,ELCBRAXX03,S4D3,2030,0.1104761904761904
GLOBAL,ELCBRAXX03,S4D3,2031,0.1104761904761904
GLOBAL,ELCBRAXX03,S4D3,2032,0.1104761904761904
GLOBAL,ELCBRAXX03,S4D3,2033,0.1104761904761904
GLOBAL,ELCBRAXX03,S4D3,2034,0.1104761904761904
GLOBAL,ELCBRAXX03,S4D3,2035,0.1104761904761904
GLOBAL,ELCBRAXX03,S4D3,2036,0.1104761904761904
GLOBAL,ELCBRAXX03,S4D3,2037,0.1104761904761904
GLOBAL,ELCBRAXX03,S4D3,2038,0.1104761904761904
GLOBAL,ELCBRAXX03,S4D3,2039,0.1104761904761904
GLOBAL,ELCBRAXX03,S4D3,2040,0.1104761904761904
GLOBAL,ELCBRAXX03,S4D3,2041,0.1104761904761904
GLOBAL,ELCBRAXX03,S4D3,2042,0.1104761904761904
GLOBAL,ELCBRAXX03,S4D3,2043,0.1104761904761904
GLOBAL,ELCBRAXX03,S4D3,2044,0.1104761904761904
GLOBAL,ELCBRAXX03,S4D3,2045,0.1104761904761904
GLOBAL,ELCBRAXX03,S4D3,2046,0.1104761904761904
GLOBAL,ELCBRAXX03,S4D3,2047,0.1104761904761904
GLOBAL,ELCBRAXX03,S4D3,2048,0.1104761904761904
GLOBAL,ELCBRAXX03,S4D3,2049,0.1104761904761904
GLOBAL,ELCBRAXX03,S4D3,2050,0.1104761904761904
GLOBAL,ELCBRBXX03,S1D1,2023,0.0784313725490196
GLOBAL,ELCBRBXX03,S1D1,2024,0.0784313725490196
GLOBAL,ELCBRBXX03,S1D1,2025,0.0784313725490196
GLOBAL,ELCBRBXX03,S1D1,2026,0.0784313725490196
GLOBAL,ELCBRBXX03,S1D1,2027,0.0784313725490196
GLOBAL,ELCBRBXX03,S1D1,2028,0.0784313725490196
GLOBAL,ELCBRBXX03,S1D1,2029,0.0784313725490196
GLOBAL,ELCBRBXX03,S1D1,2030,0.0784313725490196
GLOBAL,ELCBRBXX03,S1D1,2031,0.0784313725490196
GLOBAL,ELCBRBXX03,S1D1,2032,0.0784313725490196
GLOBAL,ELCBRBXX03,S1D1,2033,0.0784313725490196
GLOBAL,ELCBRBXX03,S1D1,2034,0.0784313725490196
GLOBAL,ELCBRBXX03,S1D1,2035,0.0784313725490196
GLOBAL,ELCBRBXX03,S1D1,2036,0.0784313725490196
GLOBAL,ELCBRBXX03,S1D1,2037,0.0784313725490196
GLOBAL,ELCBRBXX03,S1D1,2038,0.0784313725490196
GLOBAL,ELCBRBXX03,S1D1,2039,0.0784313725490196
GLOBAL,ELCBRBXX03,S1D1,2040,0.0784313725490196
GLOBAL,ELCBRBXX03,S1D1,2041,0.0784313725490196
GLOBAL,ELCBRBXX03,S1D1,2042,0.0784313725490196
GLOBAL,ELCBRBXX03,S1D1,2043,0.0784313725490196
GLOBAL,ELCBRBXX03,S1D1,2044,0.0784313725490196
GLOBAL,ELCBRBXX03,S1D1,2045,0.0784313725490196
GLOBAL,ELCBRBXX03,S1D1,2046,0.0784313725490196
GLOBAL,ELCBRBXX03,S1D1,2047,0.0784313725490196
GLOBAL,ELCBRBXX03,S1D1,2048,0.0784313725490196
GLOBAL,ELCBRBXX03,S1D1,2049,0.0784313725490196
GLOBAL,ELCBRBXX03,S1D1,2050,0.0784313725490196
GLOBAL,ELCBRBXX03,S1D2,2023,0.0588235294117647
GLOBAL,ELCBRBXX03,S1D2,2024,0.0588235294117647
GLOBAL,ELCBRBXX03,S1D2,2025,0.0588235294117647
GLOBAL,ELCBRBXX03,S1D2,2026,0.0588235294117647
GLOBAL,ELCBRBXX03,S1D2,2027,0.0588235294117647
GLOBAL,ELCBRBXX03,S1D2,2028,0.0588235294117647
GLOBAL,ELCBRBXX03,S1D2,2029,0.0588235294117647
GLOBAL,ELCBRBXX03,S1D2,2030,0.0588235294117647
GLOBAL,ELCBRBXX03,S1D2,2031,0.0588235294117647
GLOBAL,ELCBRBXX03,S1D2,2032,0.0588235294117647
GLOBAL,ELCBRBXX03,S1D2,2033,0.0588235294117647
GLOBAL,ELCBRBXX03,S1D2,2034,0.0588235294117647
GLOBAL,ELCBRBXX03,S1D2,2035,0.0588235294117647
GLOBAL,ELCBRBXX03,S1D2,2036,0.0588235294117647
GLOBAL,ELCBRBXX03,S1D2,2037,0.0588235294117647
GLOBAL,ELCBRBXX03,S1D2,2038,0.0588235294117647
GLOBAL,ELCBRBXX03,S1D2,2039,0.0588235294117647
GLOBAL,ELCBRBXX03,S1D2,2040,0.0588235294117647
GLOBAL,ELCBRBXX03,S1D2,2041,0.0588235294117647
GLOBAL,ELCBRBXX03,S1D2,2042,0.0588235294117647
GLOBAL,ELCBRBXX03,S1D2,2043,0.0588235294117647
GLOBAL,ELCBRBXX03,S1D2,2044,0.0588235294117647
GLOBAL,ELCBRBXX03,S1D2,2045,0.0588235294117647
GLOBAL,ELCBRBXX03,S1D2,2046,0.0588235294117647
GLOBAL,ELCBRBXX03,S1D2,2047,0.0588235294117647
GLOBAL,ELCBRBXX03,S1D2,2048,0.0588235294117647
GLOBAL,ELCBRBXX03,S1D2,2049,0.0588235294117647
GLOBAL,ELCBRBXX03,S1D2,2050,0.0588235294117647
GLOBAL,ELCBRBXX03,S1D3,2023,0.0980392156862745
GLOBAL,ELCBRBXX03,S1D3,2024,0.0980392156862745
GLOBAL,ELCBRBXX03,S1D3,2025,0.0980392156862745
GLOBAL,ELCBRBXX03,S1D3,2026,0.0980392156862745
GLOBAL,ELCBRBXX03,S1D3,2027,0.0980392156862745
GLOBAL,ELCBRBXX03,S1D3,2028,0.0980392156862745
GLOBAL,ELCBRBXX03,S1D3,2029,0.0980392156862745
GLOBAL,ELCBRBXX03,S1D3,2030,0.0980392156862745
GLOBAL,ELCBRBXX03,S1D3,2031,0.0980392156862745
GLOBAL,ELCBRBXX03,S1D3,2032,0.0980392156862745
GLOBAL,ELCBRBXX03,S1D3,2033,0.0980392156862745
GLOBAL,ELCBRBXX03,S1D3,2034,0.0980392156862745
GLOBAL,ELCBRBXX03,S1D3,2035,0.0980392156862745
GLOBAL,ELCBRBXX03,S1D3,2036,0.0980392156862745
GLOBAL,ELCBRBXX03,S1D3,2037,0.0980392156862745
GLOBAL,ELCBRBXX03,S1D3,2038,0.0980392156862745
GLOBAL,ELCBRBXX03,S1D3,2039,0.0980392156862745
GLOBAL,ELCBRBXX03,S1D3,2040,0.0980392156862745
GLOBAL,ELCBRBXX03,S1D3,2041,0.0980392156862745
GLOBAL,ELCBRBXX03,S1D3,2042,0.0980392156862745
GLOBAL,ELCBRBXX03,S1D3,2043,0.0980392156862745
GLOBAL,ELCBRBXX03,S1D3,2044,0.0980392156862745
GLOBAL,ELCBRBXX03,S1D3,2045,0.0980392156862745
GLOBAL,ELCBRBXX03,S1D3,2046,0.0980392156862745
GLOBAL,ELCBRBXX03,S1D3,2047,0.0980392156862745
GLOBAL,ELCBRBXX03,S1D3,2048,0.0980392156862745
GLOBAL,ELCBRBXX03,S1D3,2049,0.0980392156862745
GLOBAL,ELCBRBXX03,S1D3,2050,0.0980392156862745
GLOBAL,ELCBRBXX03,S2D1,2023,0.0784313725490196
GLOBAL,ELCBRBXX03,S2D1,2024,0.0784313725490196
GLOBAL,ELCBRBXX03,S2D1,2025,0.0784313725490196
GLOBAL,ELCBRBXX03,S2D1,2026,0.0784313725490196
GLOBAL,ELCBRBXX03,S2D1,2027,0.0784313725490196
GLOBAL,ELCBRBXX03,S2D1,2028,0.0784313725490196
GLOBAL,ELCBRBXX03,S2D1,2029,0.0784313725490196
GLOBAL,ELCBRBXX03,S2D1,2030,0.0784313725490196
GLOBAL,ELCBRBXX03,S2D1,2031,0.0784313725490196
GLOBAL,ELCBRBXX03,S2D1,2032,0.0784313725490196
GLOBAL,ELCBRBXX03,S2D1,2033,0.0784313725490196
GLOBAL,ELCBRBXX03,S2D1,2034,0.0784313725490196
GLOBAL,ELCBRBXX03,S2D1,2035,0.0784313725490196
GLOBAL,ELCBRBXX03,S2D1,2036,0.0784313725490196
GLOBAL,ELCBRBXX03,S2D1,2037,0.0784313725490196
GLOBAL,ELCBRBXX03,S2D1,2038,0.0784313725490196
GLOBAL,ELCBRBXX03,S2D1,2039,0.0784313725490196
GLOBAL,ELCBRBXX03,S2D1,2040,0.0784313725490196
GLOBAL,ELCBRBXX03,S2D1,2041,0.0784313725490196
GLOBAL,ELCBRBXX03,S2D1,2042,0.0784313725490196
GLOBAL,ELCBRBXX03,S2D1,2043,0.0784313725490196
GLOBAL,ELCBRBXX03,S2D1,2044,0.0784313725490196
GLOBAL,ELCBRBXX03,S2D1,2045,0.0784313725490196
GLOBAL,ELCBRBXX03,S2D1,2046,0.0784313725490196
GLOBAL,ELCBRBXX03,S2D1,2047,0.0784313725490196
GLOBAL,ELCBRBXX03,S2D1,2048,0.0784313725490196
GLOBAL,ELCBRBXX03,S2D1,2049,0.0784313725490196
GLOBAL,ELCBRBXX03,S2D1,2050,0.0784313725490196
GLOBAL,ELCBRBXX03,S2D2,2023,0.0588235294117647
GLOBAL,ELCBRBXX03,S2D2,2024,0.0588235294117647
GLOBAL,ELCBRBXX03,S2D2,2025,0.0588235294117647
GLOBAL,ELCBRBXX03,S2D2,2026,0.0588235294117647
GLOBAL,ELCBRBXX03,S2D2,2027,0.0588235294117647
GLOBAL,ELCBRBXX03,S2D2,2028,0.0588235294117647
GLOBAL,ELCBRBXX03,S2D2,2029,0.0588235294117647
GLOBAL,ELCBRBXX03,S2D2,2030,0.0588235294117647
GLOBAL,ELCBRBXX03,S2D2,2031,0.0588235294117647
GLOBAL,ELCBRBXX03,S2D2,2032,0.0588235294117647
GLOBAL,ELCBRBXX03,S2D2,2033,0.0588235294117647
GLOBAL,ELCBRBXX03,S2D2,2034,0.0588235294117647
GLOBAL,ELCBRBXX03,S2D2,2035,0.0588235294117647
GLOBAL,ELCBRBXX03,S2D2,2036,0.0588235294117647
GLOBAL,ELCBRBXX03,S2D2,2037,0.0588235294117647
GLOBAL,ELCBRBXX03,S2D2,2038,0.0588235294117647
GLOBAL,ELCBRBXX03,S2D2,2039,0.0588235294117647
GLOBAL,ELCBRBXX03,S2D2,2040,0.0588235294117647
GLOBAL,ELCBRBXX03,S2D2,2041,0.0588235294117647
GLOBAL,ELCBRBXX03,S2D2,2042,0.0588235294117647
GLOBAL,ELCBRBXX03,S2D2,2043,0.0588235294117647
GLOBAL,ELCBRBXX03,S2D2,2044,0.0588235294117647
GLOBAL,ELCBRBXX03,S2D2,2045,0.0588235294117647
GLOBAL,ELCBRBXX03,S2D2,2046,0.0588235294117647
GLOBAL,ELCBRBXX03,S2D2,2047,0.0588235294117647
GLOBAL,ELCBRBXX03,S2D2,2048,0.0588235294117647
GLOBAL,ELCBRBXX03,S2D2,2049,0.0588235294117647
GLOBAL,ELCBRBXX03,S2D2,2050,0.0588235294117647
GLOBAL,ELCBRBXX03,S2D3,2023,0.1078431372549019
GLOBAL,ELCBRBXX03,S2D3,2024,0.1078431372549019
GLOBAL,ELCBRBXX03,S2D3,2025,0.1078431372549019
GLOBAL,ELCBRBXX03,S2D3,2026,0.1078431372549019
GLOBAL,ELCBRBXX03,S2D3,2027,0.1078431372549019
GLOBAL,ELCBRBXX03,S2D3,2028,0.1078431372549019
GLOBAL,ELCBRBXX03,S2D3,2029,0.1078431372549019
GLOBAL,ELCBRBXX03,S2D3,2030,0.1078431372549019
GLOBAL,ELCBRBXX03,S2D3,2031,0.1078431372549019
GLOBAL,ELCBRBXX03,S2D3,2032,0.1078431372549019
GLOBAL,ELCBRBXX03,S2D3,2033,0.1078431372549019
GLOBAL,ELCBRBXX03,S2D3,2034,0.1078431372549019
GLOBAL,ELCBRBXX03,S2D3,2035,0.1078431372549019
GLOBAL,ELCBRBXX03,S2D3,2036,0.1078431372549019
GLOBAL,ELCBRBXX03,S2D3,2037,0.1078431372549019
GLOBAL,ELCBRBXX03,S2D3,2038,0.1078431372549019
GLOBAL,ELCBRBXX03,S2D3,2039,0.1078431372549019
GLOBAL,ELCBRBXX03,S2D3,2040,0.1078431372549019
GLOBAL,ELCBRBXX03,S2D3,2041,0.1078431372549019
GLOBAL,ELCBRBXX03,S2D3,2042,0.1078431372549019
GLOBAL,ELCBRBXX03,S2D3,2043,0.1078431372549019
GLOBAL,ELCBRBXX03,S2D3,2044,0.1078431372549019
GLOBAL,ELCBRBXX03,S2D3,2045,0.1078431372549019
GLOBAL,ELCBRBXX03,S2D3,2046,0.1078431372549019
GLOBAL,ELCBRBXX03,S2D3,2047,0.1078431372549019
GLOBAL,ELCBRBXX03,S2D3,2048,0.1078431372549019
GLOBAL,ELCBRBXX03,S2D3,2049,0.1078431372549019
GLOBAL,ELCBRBXX03,S2D3,2050,0.1078431372549019
GLOBAL,ELCBRBXX03,S3D1,2023,0.088235294117647
GLOBAL,ELCBRBXX03,S3D1,2024,0.088235294117647
GLOBAL,ELCBRBXX03,S3D1,2025,0.088235294117647
GLOBAL,ELCBRBXX03,S3D1,2026,0.088235294117647
GLOBAL,ELCBRBXX03,S3D1,2027,0.088235294117647
GLOBAL,ELCBRBXX03,S3D1,2028,0.088235294117647
GLOBAL,ELCBRBXX03,S3D1,2029,0.088235294117647
GLOBAL,ELCBRBXX03,S3D1,2030,0.088235294117647
GLOBAL,ELCBRBXX03,S3D1,2031,0.088235294117647
GLOBAL,ELCBRBXX03,S3D1,2032,0.088235294117647
GLOBAL,ELCBRBXX03,S3D1,2033,0.088235294117647
GLOBAL,ELCBRBXX03,S3D1,2034,0.088235294117647
GLOBAL,ELCBRBXX03,S3D1,2035,0.088235294117647
GLOBAL,ELCBRBXX03,S3D1,2036,0.088235294117647
GLOBAL,ELCBRBXX03,S3D1,2037,0.088235294117647
GLOBAL,ELCBRBXX03,S3D1,2038,0.088235294117647
GLOBAL,ELCBRBXX03,S3D1,2039,0.088235294117647
GLOBAL,ELCBRBXX03,S3D1,2040,0.088235294117647
GLOBAL,ELCBRBXX03,S3D1,2041,0.088235294117647
GLOBAL,ELCBRBXX03,S3D1,2042,0.088235294117647
GLOBAL,ELCBRBXX03,S3D1,2043,0.088235294117647
GLOBAL,ELCBRBXX03,S3D1,2044,0.088235294117647
GLOBAL,ELCBRBXX03,S3D1,2045,0.088235294117647
GLOBAL,ELCBRBXX03,S3D1,2046,0.088235294117647
GLOBAL,ELCBRBXX03,S3D1,2047,0.088235294117647
GLOBAL,ELCBRBXX03,S3D1,2048,0.088235294117647
GLOBAL,ELCBRBXX03,S3D1,2049,0.088235294117647
GLOBAL,ELCBRBXX03,S3D1,2050,0.088235294117647
GLOBAL,ELCBRBXX03,S3D2,2023,0.0686274509803921
GLOBAL,ELCBRBXX03,S3D2,2024,0.0686274509803921
GLOBAL,ELCBRBXX03,S3D2,2025,0.0686274509803921
GLOBAL,ELCBRBXX03,S3D2,2026,0.0686274509803921
GLOBAL,ELCBRBXX03,S3D2,2027,0.0686274509803921
GLOBAL,ELCBRBXX03,S3D2,2028,0.0686274509803921
GLOBAL,ELCBRBXX03,S3D2,2029,0.0686274509803921
GLOBAL,ELCBRBXX03,S3D2,2030,0.0686274509803921
GLOBAL,ELCBRBXX03,S3D2,2031,0.0686274509803921
GLOBAL,ELCBRBXX03,S3D2,2032,0.0686274509803921
GLOBAL,ELCBRBXX03,S3D2,2033,0.0686274509803921
GLOBAL,ELCBRBXX03,S3D2,2034,0.0686274509803921
GLOBAL,ELCBRBXX03,S3D2,2035,0.0686274509803921
GLOBAL,ELCBRBXX03,S3D2,2036,0.0686274509803921
GLOBAL,ELCBRBXX03,S3D2,2037,0.0686274509803921
GLOBAL,ELCBRBXX03,S3D2,2038,0.0686274509803921
GLOBAL,ELCBRBXX03,S3D2,2039,0.0686274509803921
GLOBAL,ELCBRBXX03,S3D2,2040,0.0686274509803921
GLOBAL,ELCBRBXX03,S3D2,2041,0.0686274509803921
GLOBAL,ELCBRBXX03,S3D2,2042,0.0686274509803921
GLOBAL,ELCBRBXX03,S3D2,2043,0.0686274509803921
GLOBAL,ELCBRBXX03,S3D2,2044,0.0686274509803921
GLOBAL,ELCBRBXX03,S3D2,2045,0.0686274509803921
GLOBAL,ELCBRBXX03,S3D2,2046,0.0686274509803921
GLOBAL,ELCBRBXX03,S3D2,2047,0.0686274509803921
GLOBAL,ELCBRBXX03,S3D2,2048,0.0686274509803921
GLOBAL,ELCBRBXX03,S3D2,2049,0.0686274509803921
GLOBAL,ELCBRBXX03,S3D2,2050,0.0686274509803921
GLOBAL,ELCBRBXX03,S3D3,2023,0.1176470588235294
GLOBAL,ELCBRBXX03,S3D3,2024,0.1176470588235294
GLOBAL,ELCBRBXX03,S3D3,2025,0.1176470588235294
GLOBAL,ELCBRBXX03,S3D3,2026,0.1176470588235294
GLOBAL,ELCBRBXX03,S3D3,2027,0.1176470588235294
GLOBAL,ELCBRBXX03,S3D3,2028,0.1176470588235294
GLOBAL,ELCBRBXX03,S3D3,2029,0.1176470588235294
GLOBAL,ELCBRBXX03,S3D3,2030,0.1176470588235294
GLOBAL,ELCBRBXX03,S3D3,2031,0.1176470588235294
GLOBAL,ELCBRBXX03,S3D3,2032,0.1176470588235294
GLOBAL,ELCBRBXX03,S3D3,2033,0.1176470588235294
GLOBAL,ELCBRBXX03,S3D3,2034,0.1176470588235294
GLOBAL,ELCBRBXX03,S3D3,2035,0.1176470588235294
GLOBAL,ELCBRBXX03,S3D3,2036,0.1176470588235294
GLOBAL,ELCBRBXX03,S3D3,2037,0.1176470588235294
GLOBAL,ELCBRBXX03,S3D3,2038,0.1176470588235294
GLOBAL,ELCBRBXX03,S3D3,2039,0.1176470588235294
GLOBAL,ELCBRBXX03,S3D3,2040,0.1176470588235294
GLOBAL,ELCBRBXX03,S3D3,2041,0.1176470588235294
GLOBAL,ELCBRBXX03,S3D3,2042,0.1176470588235294
GLOBAL,ELCBRBXX03,S3D3,2043,0.1176470588235294
GLOBAL,ELCBRBXX03,S3D3,2044,0.1176470588235294
GLOBAL,ELCBRBXX03,S3D3,2045,0.1176470588235294
GLOBAL,ELCBRBXX03,S3D3,2046,0.1176470588235294
GLOBAL,ELCBRBXX03,S3D3,2047,0.1176470588235294
GLOBAL,ELCBRBXX03,S3D3,2048,0.1176470588235294
GLOBAL,ELCBRBXX03,S3D3,2049,0.1176470588235294
GLOBAL,ELCBRBXX03,S3D3,2050,0.1176470588235294
GLOBAL,ELCBRBXX03,S4D1,2023,0.0784313725490196
GLOBAL,ELCBRBXX03,S4D1,2024,0.0784313725490196
GLOBAL,ELCBRBXX03,S4D1,2025,0.0784313725490196
GLOBAL,ELCBRBXX03,S4D1,2026,0.0784313725490196
GLOBAL,ELCBRBXX03,S4D1,2027,0.0784313725490196
GLOBAL,ELCBRBXX03,S4D1,2028,0.0784313725490196
GLOBAL,ELCBRBXX03,S4D1,2029,0.0784313725490196
GLOBAL,ELCBRBXX03,S4D1,2030,0.0784313725490196
GLOBAL,ELCBRBXX03,S4D1,2031,0.0784313725490196
GLOBAL,ELCBRBXX03,S4D1,2032,0.0784313725490196
GLOBAL,ELCBRBXX03,S4D1,2033,0.0784313725490196
GLOBAL,ELCBRBXX03,S4D1,2034,0.0784313725490196
GLOBAL,ELCBRBXX03,S4D1,2035,0.0784313725490196
GLOBAL,ELCBRBXX03,S4D1,2036,0.0784313725490196
GLOBAL,ELCBRBXX03,S4D1,2037,0.0784313725490196
GLOBAL,ELCBRBXX03,S4D1,2038,0.0784313725490196
GLOBAL,ELCBRBXX03,S4D1,2039,0.0784313725490196
GLOBAL,ELCBRBXX03,S4D1,2040,0.0784313725490196
GLOBAL,ELCBRBXX03,S4D1,2041,0.0784313725490196
GLOBAL,ELCBRBXX03,S4D1,2042,0.0784313725490196
GLOBAL,ELCBRBXX03,S4D1,2043,0.0784313725490196
GLOBAL,ELCBRBXX03,S4D1,2044,0.0784313725490196
GLOBAL,ELCBRBXX03,S4D1,2045,0.0784313725490196
GLOBAL,ELCBRBXX03,S4D1,2046,0.0784313725490196
GLOBAL,ELCBRBXX03,S4D1,2047,0.0784313725490196
GLOBAL,ELCBRBXX03,S4D1,2048,0.0784313725490196
GLOBAL,ELCBRBXX03,S4D1,2049,0.0784313725490196
GLOBAL,ELCBRBXX03,S4D1,2050,0.0784313725490196
GLOBAL,ELCBRBXX03,S4D2,2023,0.0588235294117647
GLOBAL,ELCBRBXX03,S4D2,2024,0.0588235294117647
GLOBAL,ELCBRBXX03,S4D2,2025,0.0588235294117647
GLOBAL,ELCBRBXX03,S4D2,2026,0.0588235294117647
GLOBAL,ELCBRBXX03,S4D2,2027,0.0588235294117647
GLOBAL,ELCBRBXX03,S4D2,2028,0.0588235294117647
GLOBAL,ELCBRBXX03,S4D2,2029,0.0588235294117647
GLOBAL,ELCBRBXX03,S4D2,2030,0.0588235294117647
GLOBAL,ELCBRBXX03,S4D2,2031,0.0588235294117647
GLOBAL,ELCBRBXX03,S4D2,2032,0.0588235294117647
GLOBAL,ELCBRBXX03,S4D2,2033,0.0588235294117647
GLOBAL,ELCBRBXX03,S4D2,2034,0.0588235294117647
GLOBAL,ELCBRBXX03,S4D2,2035,0.0588235294117647
GLOBAL,ELCBRBXX03,S4D2,2036,0.0588235294117647
GLOBAL,ELCBRBXX03,S4D2,2037,0.0588235294117647
GLOBAL,ELCBRBXX03,S4D2,2038,0.0588235294117647
GLOBAL,ELCBRBXX03,S4D2,2039,0.0588235294117647
GLOBAL,ELCBRBXX03,S4D2,2040,0.0588235294117647
GLOBAL,ELCBRBXX03,S4D2,2041,0.0588235294117647
GLOBAL,ELCBRBXX03,S4D2,2042,0.0588235294117647
GLOBAL,ELCBRBXX03,S4D2,2043,0.0588235294117647
GLOBAL,ELCBRBXX03,S4D2,2044,0.0588235294117647
GLOBAL,ELCBRBXX03,S4D2,2045,0.0588235294117647
GLOBAL,ELCBRBXX03,S4D2,2046,0.0588235294117647
GLOBAL,ELCBRBXX03,S4D2,2047,0.0588235294117647
GLOBAL,ELCBRBXX03,S4D2,2048,0.0588235294117647
GLOBAL,ELCBRBXX03,S4D2,2049,0.0588235294117647
GLOBAL,ELCBRBXX03,S4D2,2050,0.0588235294117647
GLOBAL,ELCBRBXX03,S4D3,2023,0.1078431372549019
GLOBAL,ELCBRBXX03,S4D3,2024,0.1078431372549019
GLOBAL,ELCBRBXX03,S4D3,2025,0.1078431372549019
GLOBAL,ELCBRBXX03,S4D3,2026,0.1078431372549019
GLOBAL,ELCBRBXX03,S4D3,2027,0.1078431372549019
GLOBAL,ELCBRBXX03,S4D3,2028,0.1078431372549019
GLOBAL,ELCBRBXX03,S4D3,2029,0.1078431372549019
GLOBAL,ELCBRBXX03,S4D3,2030,0.1078431372549019
GLOBAL,ELCBRBXX03,S4D3,2031,0.1078431372549019
GLOBAL,ELCBRBXX03,S4D3,2032,0.1078431372549019
GLOBAL,ELCBRBXX03,S4D3,2033,0.1078431372549019
GLOBAL,ELCBRBXX03,S4D3,2034,0.1078431372549019
GLOBAL,ELCBRBXX03,S4D3,2035,0.1078431372549019
GLOBAL,ELCBRBXX03,S4D3,2036,0.1078431372549019
GLOBAL,ELCBRBXX03,S4D3,2037,0.1078431372549019
GLOBAL,ELCBRBXX03,S4D3,2038,0.1078431372549019
GLOBAL,ELCBRBXX03,S4D3,2039,0.1078431372549019
GLOBAL,ELCBRBXX03,S4D3,2040,0.1078431372549019
GLOBAL,ELCBRBXX03,S4D3,2041,0.1078431372549019
GLOBAL,ELCBRBXX03,S4D3,2042,0.1078431372549019
GLOBAL,ELCBRBXX03,S4D3,2043,0.1078431372549019
GLOBAL,ELCBRBXX03,S4D3,2044,0.1078431372549019
GLOBAL,ELCBRBXX03,S4D3,2045,0.1078431372549019
GLOBAL,ELCBRBXX03,S4D3,2046,0.1078431372549019
GLOBAL,ELCBRBXX03,S4D3,2047,0.1078431372549019
GLOBAL,ELCBRBXX03,S4D3,2048,0.1078431372549019
GLOBAL,ELCBRBXX03,S4D3,2049,0.1078431372549019
GLOBAL,ELCBRBXX03,S4D3,2050,0.1078431372549019
GLOBAL,ELCCHLXX03,S1D1,2023,0.08
GLOBAL,ELCCHLXX03,S1D1,2024,0.08
GLOBAL,ELCCHLXX03,S1D1,2025,0.08
GLOBAL,ELCCHLXX03,S1D1,2026,0.08
GLOBAL,ELCCHLXX03,S1D1,2027,0.08
GLOBAL,ELCCHLXX03,S1D1,2028,0.08
GLOBAL,ELCCHLXX03,S1D1,2029,0.08
GLOBAL,ELCCHLXX03,S1D1,2030,0.08
GLOBAL,ELCCHLXX03,S1D1,2031,0.08
GLOBAL,ELCCHLXX03,S1D1,2032,0.08
GLOBAL,ELCCHLXX03,S1D1,2033,0.08
GLOBAL,ELCCHLXX03,S1D1,2034,0.08
GLOBAL,ELCCHLXX03,S1D1,2035,0.08
GLOBAL,ELCCHLXX03,S1D1,2036,0.08
GLOBAL,ELCCHLXX03,S1D1,2037,0.08
GLOBAL,ELCCHLXX03,S1D1,2038,0.08
GLOBAL,ELCCHLXX03,S1D1,2039,0.08
GLOBAL,ELCCHLXX03,S1D1,2040,0.08
GLOBAL,ELCCHLXX03,S1D1,2041,0.08
GLOBAL,ELCCHLXX03,S1D1,2042,0.08
GLOBAL,ELCCHLXX03,S1D1,2043,0.08
GLOBAL,ELCCHLXX03,S1D1,2044,0.08
GLOBAL,ELCCHLXX03,S1D1,2045,0.08
GLOBAL,ELCCHLXX03,S1D1,2046,0.08
GLOBAL,ELCCHLXX03,S1D1,2047,0.08
GLOBAL,ELCCHLXX03,S1D1,2048,0.08
GLOBAL,ELCCHLXX03,S1D1,2049,0.08
GLOBAL,ELCCHLXX03,S1D1,2050,0.08
GLOBAL,ELCCHLXX03,S1D2,2023,0.07
GLOBAL,ELCCHLXX03,S1D2,2024,0.07
GLOBAL,ELCCHLXX03,S1D2,2025,0.07
GLOBAL,ELCCHLXX03,S1D2,2026,0.07
GLOBAL,ELCCHLXX03,S1D2,2027,0.07
GLOBAL,ELCCHLXX03,S1D2,2028,0.07
GLOBAL,ELCCHLXX03,S1D2,2029,0.07
GLOBAL,ELCCHLXX03,S1D2,2030,0.07
GLOBAL,ELCCHLXX03,S1D2,2031,0.07
GLOBAL,ELCCHLXX03,S1D2,2032,0.07
GLOBAL,ELCCHLXX03,S1D2,2033,0.07
GLOBAL,ELCCHLXX03,S1D2,2034,0.07
GLOBAL,ELCCHLXX03,S1D2,2035,0.07
GLOBAL,ELCCHLXX03,S1D2,2036,0.07
GLOBAL,ELCCHLXX03,S1D2,2037,0.07
GLOBAL,ELCCHLXX03,S1D2,2038,0.07
GLOBAL,ELCCHLXX03,S1D2,2039,0.07
GLOBAL,ELCCHLXX03,S1D2,2040,0.07
GLOBAL,ELCCHLXX03,S1D2,2041,0.07
GLOBAL,ELCCHLXX03,S1D2,2042,0.07
GLOBAL,ELCCHLXX03,S1D2,2043,0.07
GLOBAL,ELCCHLXX03,S1D2,2044,0.07
GLOBAL,ELCCHLXX03,S1D2,2045,0.07
GLOBAL,ELCCHLXX03,S1D2,2046,0.07
GLOBAL,ELCCHLXX03,S1D2,2047,0.07
GLOBAL,ELCCHLXX03,S1D2,2048,0.07
GLOBAL,ELCCHLXX03,S1D2,2049,0.07
GLOBAL,ELCCHLXX03,S1D2,2050,0.07
GLOBAL,ELCCHLXX03,S1D3,2023,0.1
GLOBAL,ELCCHLXX03,S1D3,2024,0.1
GLOBAL,ELCCHLXX03,S1D3,2025,0.1
GLOBAL,ELCCHLXX03,S1D3,2026,0.1
GLOBAL,ELCCHLXX03,S1D3,2027,0.1
GLOBAL,ELCCHLXX03,S1D3,2028,0.1
GLOBAL,ELCCHLXX03,S1D3,2029,0.1
GLOBAL,ELCCHLXX03,S1D3,2030,0.1
GLOBAL,ELCCHLXX03,S1D3,2031,0.1
GLOBAL,ELCCHLXX03,S1D3,2032,0.1
GLOBAL,ELCCHLXX03,S1D3,2033,0.1
GLOBAL,ELCCHLXX03,S1D3,2034,0.1
GLOBAL,ELCCHLXX03,S1D3,2035,0.1
GLOBAL,ELCCHLXX03,S1D3,2036,0.1
GLOBAL,ELCCHLXX03,S1D3,2037,0.1
GLOBAL,ELCCHLXX03,S1D3,2038,0.1
GLOBAL,ELCCHLXX03,S1D3,2039,0.1
GLOBAL,ELCCHLXX03,S1D3,2040,0.1
GLOBAL,ELCCHLXX03,S1D3,2041,0.1
GLOBAL,ELCCHLXX03,S1D3,2042,0.1
GLOBAL,ELCCHLXX03,S1D3,2043,0.1
GLOBAL,ELCCHLXX03,S1D3,2044,0.1
GLOBAL,ELCCHLXX03,S1D3,2045,0.1
GLOBAL,ELCCHLXX03,S1D3,2046,0.1
GLOBAL,ELCCHLXX03,S1D3,2047,0.1
GLOBAL,ELCCHLXX03,S1D3,2048,0.1
GLOBAL,ELCCHLXX03,S1D3,2049,0.1
GLOBAL,ELCCHLXX03,S1D3,2050,0.1
GLOBAL,ELCCHLXX03,S2D1,2023,0.08
GLOBAL,ELCCHLXX03,S2D1,2024,0.08
GLOBAL,ELCCHLXX03,S2D1,2025,0.08
GLOBAL,ELCCHLXX03,S2D1,2026,0.08
GLOBAL,ELCCHLXX03,S2D1,2027,0.08
GLOBAL,ELCCHLXX03,S2D1,2028,0.08
GLOBAL,ELCCHLXX03,S2D1,2029,0.08
GLOBAL,ELCCHLXX03,S2D1,2030,0.08
GLOBAL,ELCCHLXX03,S2D1,2031,0.08
GLOBAL,ELCCHLXX03,S2D1,2032,0.08
GLOBAL,ELCCHLXX03,S2D1,2033,0.08
GLOBAL,ELCCHLXX03,S2D1,2034,0.08
GLOBAL,ELCCHLXX03,S2D1,2035,0.08
GLOBAL,ELCCHLXX03,S2D1,2036,0.08
GLOBAL,ELCCHLXX03,S2D1,2037,0.08
GLOBAL,ELCCHLXX03,S2D1,2038,0.08
GLOBAL,ELCCHLXX03,S2D1,2039,0.08
GLOBAL,ELCCHLXX03,S2D1,2040,0.08
GLOBAL,ELCCHLXX03,S2D1,2041,0.08
GLOBAL,ELCCHLXX03,S2D1,2042,0.08
GLOBAL,ELCCHLXX03,S2D1,2043,0.08
GLOBAL,ELCCHLXX03,S2D1,2044,0.08
GLOBAL,ELCCHLXX03,S2D1,2045,0.08
GLOBAL,ELCCHLXX03,S2D1,2046,0.08
GLOBAL,ELCCHLXX03,S2D1,2047,0.08
GLOBAL,ELCCHLXX03,S2D1,2048,0.08
GLOBAL,ELCCHLXX03,S2D1,2049,0.08
GLOBAL,ELCCHLXX03,S2D1,2050,0.08
GLOBAL,ELCCHLXX03,S2D2,2023,0.07
GLOBAL,ELCCHLXX03,S2D2,2024,0.07
GLOBAL,ELCCHLXX03,S2D2,2025,0.07
GLOBAL,ELCCHLXX03,S2D2,2026,0.07
GLOBAL,ELCCHLXX03,S2D2,2027,0.07
GLOBAL,ELCCHLXX03,S2D2,2028,0.07
GLOBAL,ELCCHLXX03,S2D2,2029,0.07
GLOBAL,ELCCHLXX03,S2D2,2030,0.07
GLOBAL,ELCCHLXX03,S2D2,2031,0.07
GLOBAL,ELCCHLXX03,S2D2,2032,0.07
GLOBAL,ELCCHLXX03,S2D2,2033,0.07
GLOBAL,ELCCHLXX03,S2D2,2034,0.07
GLOBAL,ELCCHLXX03,S2D2,2035,0.07
GLOBAL,ELCCHLXX03,S2D2,2036,0.07
GLOBAL,ELCCHLXX03,S2D2,2037,0.07
GLOBAL,ELCCHLXX03,S2D2,2038,0.07
GLOBAL,ELCCHLXX03,S2D2,2039,0.07
GLOBAL,ELCCHLXX03,S2D2,2040,0.07
GLOBAL,ELCCHLXX03,S2D2,2041,0.07
GLOBAL,ELCCHLXX03,S2D2,2042,0.07
GLOBAL,ELCCHLXX03,S2D2,2043,0.07
GLOBAL,ELCCHLXX03,S2D2,2044,0.07
GLOBAL,ELCCHLXX03,S2D2,2045,0.07
GLOBAL,ELCCHLXX03,S2D2,2046,0.07
GLOBAL,ELCCHLXX03,S2D2,2047,0.07
GLOBAL,ELCCHLXX03,S2D2,2048,0.07
GLOBAL,ELCCHLXX03,S2D2,2049,0.07
GLOBAL,ELCCHLXX03,S2D2,2050,0.07
GLOBAL,ELCCHLXX03,S2D3,2023,0.1
GLOBAL,ELCCHLXX03,S2D3,2024,0.1
GLOBAL,ELCCHLXX03,S2D3,2025,0.1
GLOBAL,ELCCHLXX03,S2D3,2026,0.1
GLOBAL,ELCCHLXX03,S2D3,2027,0.1
GLOBAL,ELCCHLXX03,S2D3,2028,0.1
GLOBAL,ELCCHLXX03,S2D3,2029,0.1
GLOBAL,ELCCHLXX03,S2D3,2030,0.1
GLOBAL,ELCCHLXX03,S2D3,2031,0.1
GLOBAL,ELCCHLXX03,S2D3,2032,0.1
GLOBAL,ELCCHLXX03,S2D3,2033,0.1
GLOBAL,ELCCHLXX03,S2D3,2034,0.1
GLOBAL,ELCCHLXX03,S2D3,2035,0.1
GLOBAL,ELCCHLXX03,S2D3,2036,0.1
GLOBAL,ELCCHLXX03,S2D3,2037,0.1
GLOBAL,ELCCHLXX03,S2D3,2038,0.1
GLOBAL,ELCCHLXX03,S2D3,2039,0.1
GLOBAL,ELCCHLXX03,S2D3,2040,0.1
GLOBAL,ELCCHLXX03,S2D3,2041,0.1
GLOBAL,ELCCHLXX03,S2D3,2042,0.1
GLOBAL,ELCCHLXX03,S2D3,2043,0.1
GLOBAL,ELCCHLXX03,S2D3,2044,0.1
GLOBAL,ELCCHLXX03,S2D3,2045,0.1
GLOBAL,ELCCHLXX03,S2D3,2046,0.1
GLOBAL,ELCCHLXX03,S2D3,2047,0.1
GLOBAL,ELCCHLXX03,S2D3,2048,0.1
GLOBAL,ELCCHLXX03,S2D3,2049,0.1
GLOBAL,ELCCHLXX03,S2D3,2050,0.1
GLOBAL,ELCCHLXX03,S3D1,2023,0.08
GLOBAL,ELCCHLXX03,S3D1,2024,0.08
GLOBAL,ELCCHLXX03,S3D1,2025,0.08
GLOBAL,ELCCHLXX03,S3D1,2026,0.08
GLOBAL,ELCCHLXX03,S3D1,2027,0.08
GLOBAL,ELCCHLXX03,S3D1,2028,0.08
GLOBAL,ELCCHLXX03,S3D1,2029,0.08
GLOBAL,ELCCHLXX03,S3D1,2030,0.08
GLOBAL,ELCCHLXX03,S3D1,2031,0.08
GLOBAL,ELCCHLXX03,S3D1,2032,0.08
GLOBAL,ELCCHLXX03,S3D1,2033,0.08
GLOBAL,ELCCHLXX03,S3D1,2034,0.08
GLOBAL,ELCCHLXX03,S3D1,2035,0.08
GLOBAL,ELCCHLXX03,S3D1,2036,0.08
GLOBAL,ELCCHLXX03,S3D1,2037,0.08
GLOBAL,ELCCHLXX03,S3D1,2038,0.08
GLOBAL,ELCCHLXX03,S3D1,2039,0.08
GLOBAL,ELCCHLXX03,S3D1,2040,0.08
GLOBAL,ELCCHLXX03,S3D1,2041,0.08
GLOBAL,ELCCHLXX03,S3D1,2042,0.08
GLOBAL,ELCCHLXX03,S3D1,2043,0.08
GLOBAL,ELCCHLXX03,S3D1,2044,0.08
GLOBAL,ELCCHLXX03,S3D1,2045,0.08
GLOBAL,ELCCHLXX03,S3D1,2046,0.08
GLOBAL,ELCCHLXX03,S3D1,2047,0.08
GLOBAL,ELCCHLXX03,S3D1,2048,0.08
GLOBAL,ELCCHLXX03,S3D1,2049,0.08
GLOBAL,ELCCHLXX03,S3D1,2050,0.08
GLOBAL,ELCCHLXX03,S3D2,2023,0.07
GLOBAL,ELCCHLXX03,S3D2,2024,0.07
GLOBAL,ELCCHLXX03,S3D2,2025,0.07
GLOBAL,ELCCHLXX03,S3D2,2026,0.07
GLOBAL,ELCCHLXX03,S3D2,2027,0.07
GLOBAL,ELCCHLXX03,S3D2,2028,0.07
GLOBAL,ELCCHLXX03,S3D2,2029,0.07
GLOBAL,ELCCHLXX03,S3D2,2030,0.07
GLOBAL,ELCCHLXX03,S3D2,2031,0.07
GLOBAL,ELCCHLXX03,S3D2,2032,0.07
GLOBAL,ELCCHLXX03,S3D2,2033,0.07
GLOBAL,ELCCHLXX03,S3D2,2034,0.07
GLOBAL,ELCCHLXX03,S3D2,2035,0.07
GLOBAL,ELCCHLXX03,S3D2,2036,0.07
GLOBAL,ELCCHLXX03,S3D2,2037,0.07
GLOBAL,ELCCHLXX03,S3D2,2038,0.07
GLOBAL,ELCCHLXX03,S3D2,2039,0.07
GLOBAL,ELCCHLXX03,S3D2,2040,0.07
GLOBAL,ELCCHLXX03,S3D2,2041,0.07
GLOBAL,ELCCHLXX03,S3D2,2042,0.07
GLOBAL,ELCCHLXX03,S3D2,2043,0.07
GLOBAL,ELCCHLXX03,S3D2,2044,0.07
GLOBAL,ELCCHLXX03,S3D2,2045,0.07
GLOBAL,ELCCHLXX03,S3D2,2046,0.07
GLOBAL,ELCCHLXX03,S3D2,2047,0.07
GLOBAL,ELCCHLXX03,S3D2,2048,0.07
GLOBAL,ELCCHLXX03,S3D2,2049,0.07
GLOBAL,ELCCHLXX03,S3D2,2050,0.07
GLOBAL,ELCCHLXX03,S3D3,2023,0.1
GLOBAL,ELCCHLXX03,S3D3,2024,0.1
GLOBAL,ELCCHLXX03,S3D3,2025,0.1
GLOBAL,ELCCHLXX03,S3D3,2026,0.1
GLOBAL,ELCCHLXX03,S3D3,2027,0.1
GLOBAL,ELCCHLXX03,S3D3,2028,0.1
GLOBAL,ELCCHLXX03,S3D3,2029,0.1
GLOBAL,ELCCHLXX03,S3D3,2030,0.1
GLOBAL,ELCCHLXX03,S3D3,2031,0.1
GLOBAL,ELCCHLXX03,S3D3,2032,0.1
GLOBAL,ELCCHLXX03,S3D3,2033,0.1
GLOBAL,ELCCHLXX03,S3D3,2034,0.1
GLOBAL,ELCCHLXX03,S3D3,2035,0.1
GLOBAL,ELCCHLXX03,S3D3,2036,0.1
GLOBAL,ELCCHLXX03,S3D3,2037,0.1
GLOBAL,ELCCHLXX03,S3D3,2038,0.1
GLOBAL,ELCCHLXX03,S3D3,2039,0.1
GLOBAL,ELCCHLXX03,S3D3,2040,0.1
GLOBAL,ELCCHLXX03,S3D3,2041,0.1
GLOBAL,ELCCHLXX03,S3D3,2042,0.1
GLOBAL,ELCCHLXX03,S3D3,2043,0.1
GLOBAL,ELCCHLXX03,S3D3,2044,0.1
GLOBAL,ELCCHLXX03,S3D3,2045,0.1
GLOBAL,ELCCHLXX03,S3D3,2046,0.1
GLOBAL,ELCCHLXX03,S3D3,2047,0.1
GLOBAL,ELCCHLXX03,S3D3,2048,0.1
GLOBAL,ELCCHLXX03,S3D3,2049,0.1
GLOBAL,ELCCHLXX03,S3D3,2050,0.1
GLOBAL,ELCCHLXX03,S4D1,2023,0.08
GLOBAL,ELCCHLXX03,S4D1,2024,0.08
GLOBAL,ELCCHLXX03,S4D1,2025,0.08
GLOBAL,ELCCHLXX03,S4D1,2026,0.08
GLOBAL,ELCCHLXX03,S4D1,2027,0.08
GLOBAL,ELCCHLXX03,S4D1,2028,0.08
GLOBAL,ELCCHLXX03,S4D1,2029,0.08
GLOBAL,ELCCHLXX03,S4D1,2030,0.08
GLOBAL,ELCCHLXX03,S4D1,2031,0.08
GLOBAL,ELCCHLXX03,S4D1,2032,0.08
GLOBAL,ELCCHLXX03,S4D1,2033,0.08
GLOBAL,ELCCHLXX03,S4D1,2034,0.08
GLOBAL,ELCCHLXX03,S4D1,2035,0.08
GLOBAL,ELCCHLXX03,S4D1,2036,0.08
GLOBAL,ELCCHLXX03,S4D1,2037,0.08
GLOBAL,ELCCHLXX03,S4D1,2038,0.08
GLOBAL,ELCCHLXX03,S4D1,2039,0.08
GLOBAL,ELCCHLXX03,S4D1,2040,0.08
GLOBAL,ELCCHLXX03,S4D1,2041,0.08
GLOBAL,ELCCHLXX03,S4D1,2042,0.08
GLOBAL,ELCCHLXX03,S4D1,2043,0.08
GLOBAL,ELCCHLXX03,S4D1,2044,0.08
GLOBAL,ELCCHLXX03,S4D1,2045,0.08
GLOBAL,ELCCHLXX03,S4D1,2046,0.08
GLOBAL,ELCCHLXX03,S4D1,2047,0.08
GLOBAL,ELCCHLXX03,S4D1,2048,0.08
GLOBAL,ELCCHLXX03,S4D1,2049,0.08
GLOBAL,ELCCHLXX03,S4D1,2050,0.08
GLOBAL,ELCCHLXX03,S4D2,2023,0.07
GLOBAL,ELCCHLXX03,S4D2,2024,0.07
GLOBAL,ELCCHLXX03,S4D2,2025,0.07
GLOBAL,ELCCHLXX03,S4D2,2026,0.07
GLOBAL,ELCCHLXX03,S4D2,2027,0.07
GLOBAL,ELCCHLXX03,S4D2,2028,0.07
GLOBAL,ELCCHLXX03,S4D2,2029,0.07
GLOBAL,ELCCHLXX03,S4D2,2030,0.07
GLOBAL,ELCCHLXX03,S4D2,2031,0.07
GLOBAL,ELCCHLXX03,S4D2,2032,0.07
GLOBAL,ELCCHLXX03,S4D2,2033,0.07
GLOBAL,ELCCHLXX03,S4D2,2034,0.07
GLOBAL,ELCCHLXX03,S4D2,2035,0.07
GLOBAL,ELCCHLXX03,S4D2,2036,0.07
GLOBAL,ELCCHLXX03,S4D2,2037,0.07
GLOBAL,ELCCHLXX03,S4D2,2038,0.07
GLOBAL,ELCCHLXX03,S4D2,2039,0.07
GLOBAL,ELCCHLXX03,S4D2,2040,0.07
GLOBAL,ELCCHLXX03,S4D2,2041,0.07
GLOBAL,ELCCHLXX03,S4D2,2042,0.07
GLOBAL,ELCCHLXX03,S4D2,2043,0.07
GLOBAL,ELCCHLXX03,S4D2,2044,0.07
GLOBAL,ELCCHLXX03,S4D2,2045,0.07
GLOBAL,ELCCHLXX03,S4D2,2046,0.07
GLOBAL,ELCCHLXX03,S4D2,2047,0.07
GLOBAL,ELCCHLXX03,S4D2,2048,0.07
GLOBAL,ELCCHLXX03,S4D2,2049,0.07
GLOBAL,ELCCHLXX03,S4D2,2050,0.07
GLOBAL,ELCCHLXX03,S4D3,2023,0.1
GLOBAL,ELCCHLXX03,S4D3,2024,0.1
GLOBAL,ELCCHLXX03,S4D3,2025,0.1
GLOBAL,ELCCHLXX03,S4D3,2026,0.1
GLOBAL,ELCCHLXX03,S4D3,2027,0.1
GLOBAL,ELCCHLXX03,S4D3,2028,0.1
GLOBAL,ELCCHLXX03,S4D3,2029,0.1
GLOBAL,ELCCHLXX03,S4D3,2030,0.1
GLOBAL,ELCCHLXX03,S4D3,2031,0.1
GLOBAL,ELCCHLXX03,S4D3,2032,0.1
GLOBAL,ELCCHLXX03,S4D3,2033,0.1
GLOBAL,ELCCHLXX03,S4D3,2034,0.1
GLOBAL,ELCCHLXX03,S4D3,2035,0.1
GLOBAL,ELCCHLXX03,S4D3,2036,0.1
GLOBAL,ELCCHLXX03,S4D3,2037,0.1
GLOBAL,ELCCHLXX03,S4D3,2038,0.1
GLOBAL,ELCCHLXX03,S4D3,2039,0.1
GLOBAL,ELCCHLXX03,S4D3,2040,0.1
GLOBAL,ELCCHLXX03,S4D3,2041,0.1
GLOBAL,ELCCHLXX03,S4D3,2042,0.1
GLOBAL,ELCCHLXX03,S4D3,2043,0.1
GLOBAL,ELCCHLXX03,S4D3,2044,0.1
GLOBAL,ELCCHLXX03,S4D3,2045,0.1
GLOBAL,ELCCHLXX03,S4D3,2046,0.1
GLOBAL,ELCCHLXX03,S4D3,2047,0.1
GLOBAL,ELCCHLXX03,S4D3,2048,0.1
GLOBAL,ELCCHLXX03,S4D3,2049,0.1
GLOBAL,ELCCHLXX03,S4D3,2050,0.1
GLOBAL,ELCCOLXX03,S1D1,2023,0.07
GLOBAL,ELCCOLXX03,S1D1,2024,0.07
GLOBAL,ELCCOLXX03,S1D1,2025,0.07
GLOBAL,ELCCOLXX03,S1D1,2026,0.07
GLOBAL,ELCCOLXX03,S1D1,2027,0.07
GLOBAL,ELCCOLXX03,S1D1,2028,0.07
GLOBAL,ELCCOLXX03,S1D1,2029,0.07
GLOBAL,ELCCOLXX03,S1D1,2030,0.07
GLOBAL,ELCCOLXX03,S1D1,2031,0.07
GLOBAL,ELCCOLXX03,S1D1,2032,0.07
GLOBAL,ELCCOLXX03,S1D1,2033,0.07
GLOBAL,ELCCOLXX03,S1D1,2034,0.07
GLOBAL,ELCCOLXX03,S1D1,2035,0.07
GLOBAL,ELCCOLXX03,S1D1,2036,0.07
GLOBAL,ELCCOLXX03,S1D1,2037,0.07
GLOBAL,ELCCOLXX03,S1D1,2038,0.07
GLOBAL,ELCCOLXX03,S1D1,2039,0.07
GLOBAL,ELCCOLXX03,S1D1,2040,0.07
GLOBAL,ELCCOLXX03,S1D1,2041,0.07
GLOBAL,ELCCOLXX03,S1D1,2042,0.07
GLOBAL,ELCCOLXX03,S1D1,2043,0.07
GLOBAL,ELCCOLXX03,S1D1,2044,0.07
GLOBAL,ELCCOLXX03,S1D1,2045,0.07
GLOBAL,ELCCOLXX03,S1D1,2046,0.07
GLOBAL,ELCCOLXX03,S1D1,2047,0.07
GLOBAL,ELCCOLXX03,S1D1,2048,0.07
GLOBAL,ELCCOLXX03,S1D1,2049,0.07
GLOBAL,ELCCOLXX03,S1D1,2050,0.07
GLOBAL,ELCCOLXX03,S1D2,2023,0.06
GLOBAL,ELCCOLXX03,S1D2,2024,0.06
GLOBAL,ELCCOLXX03,S1D2,2025,0.06
GLOBAL,ELCCOLXX03,S1D2,2026,0.06
GLOBAL,ELCCOLXX03,S1D2,2027,0.06
GLOBAL,ELCCOLXX03,S1D2,2028,0.06
GLOBAL,ELCCOLXX03,S1D2,2029,0.06
GLOBAL,ELCCOLXX03,S1D2,2030,0.06
GLOBAL,ELCCOLXX03,S1D2,2031,0.06
GLOBAL,ELCCOLXX03,S1D2,2032,0.06
GLOBAL,ELCCOLXX03,S1D2,2033,0.06
GLOBAL,ELCCOLXX03,S1D2,2034,0.06
GLOBAL,ELCCOLXX03,S1D2,2035,0.06
GLOBAL,ELCCOLXX03,S1D2,2036,0.06
GLOBAL,ELCCOLXX03,S1D2,2037,0.06
GLOBAL,ELCCOLXX03,S1D2,2038,0.06
GLOBAL,ELCCOLXX03,S1D2,2039,0.06
GLOBAL,ELCCOLXX03,S1D2,2040,0.06
GLOBAL,ELCCOLXX03,S1D2,2041,0.06
GLOBAL,ELCCOLXX03,S1D2,2042,0.06
GLOBAL,ELCCOLXX03,S1D2,2043,0.06
GLOBAL,ELCCOLXX03,S1D2,2044,0.06
GLOBAL,ELCCOLXX03,S1D2,2045,0.06
GLOBAL,ELCCOLXX03,S1D2,2046,0.06
GLOBAL,ELCCOLXX03,S1D2,2047,0.06
GLOBAL,ELCCOLXX03,S1D2,2048,0.06
GLOBAL,ELCCOLXX03,S1D2,2049,0.06
GLOBAL,ELCCOLXX03,S1D2,2050,0.06
GLOBAL,ELCCOLXX03,S1D3,2023,0.11
GLOBAL,ELCCOLXX03,S1D3,2024,0.11
GLOBAL,ELCCOLXX03,S1D3,2025,0.11
GLOBAL,ELCCOLXX03,S1D3,2026,0.11
GLOBAL,ELCCOLXX03,S1D3,2027,0.11
GLOBAL,ELCCOLXX03,S1D3,2028,0.11
GLOBAL,ELCCOLXX03,S1D3,2029,0.11
GLOBAL,ELCCOLXX03,S1D3,2030,0.11
GLOBAL,ELCCOLXX03,S1D3,2031,0.11
GLOBAL,ELCCOLXX03,S1D3,2032,0.11
GLOBAL,ELCCOLXX03,S1D3,2033,0.11
GLOBAL,ELCCOLXX03,S1D3,2034,0.11
GLOBAL,ELCCOLXX03,S1D3,2035,0.11
GLOBAL,ELCCOLXX03,S1D3,2036,0.11
GLOBAL,ELCCOLXX03,S1D3,2037,0.11
GLOBAL,ELCCOLXX03,S1D3,2038,0.11
GLOBAL,ELCCOLXX03,S1D3,2039,0.11
GLOBAL,ELCCOLXX03,S1D3,2040,0.11
GLOBAL,ELCCOLXX03,S1D3,2041,0.11
GLOBAL,ELCCOLXX03,S1D3,2042,0.11
GLOBAL,ELCCOLXX03,S1D3,2043,0.11
GLOBAL,ELCCOLXX03,S1D3,2044,0.11
GLOBAL,ELCCOLXX03,S1D3,2045,0.11
GLOBAL,ELCCOLXX03,S1D3,2046,0.11
GLOBAL,ELCCOLXX03,S1D3,2047,0.11
GLOBAL,ELCCOLXX03,S1D3,2048,0.11
GLOBAL,ELCCOLXX03,S1D3,2049,0.11
GLOBAL,ELCCOLXX03,S1D3,2050,0.11
GLOBAL,ELCCOLXX03,S2D1,2023,0.07
GLOBAL,ELCCOLXX03,S2D1,2024,0.07
GLOBAL,ELCCOLXX03,S2D1,2025,0.07
GLOBAL,ELCCOLXX03,S2D1,2026,0.07
GLOBAL,ELCCOLXX03,S2D1,2027,0.07
GLOBAL,ELCCOLXX03,S2D1,2028,0.07
GLOBAL,ELCCOLXX03,S2D1,2029,0.07
GLOBAL,ELCCOLXX03,S2D1,2030,0.07
GLOBAL,ELCCOLXX03,S2D1,2031,0.07
GLOBAL,ELCCOLXX03,S2D1,2032,0.07
GLOBAL,ELCCOLXX03,S2D1,2033,0.07
GLOBAL,ELCCOLXX03,S2D1,2034,0.07
GLOBAL,ELCCOLXX03,S2D1,2035,0.07
GLOBAL,ELCCOLXX03,S2D1,2036,0.07
GLOBAL,ELCCOLXX03,S2D1,2037,0.07
GLOBAL,ELCCOLXX03,S2D1,2038,0.07
GLOBAL,ELCCOLXX03,S2D1,2039,0.07
GLOBAL,ELCCOLXX03,S2D1,2040,0.07
GLOBAL,ELCCOLXX03,S2D1,2041,0.07
GLOBAL,ELCCOLXX03,S2D1,2042,0.07
GLOBAL,ELCCOLXX03,S2D1,2043,0.07
GLOBAL,ELCCOLXX03,S2D1,2044,0.07
GLOBAL,ELCCOLXX03,S2D1,2045,0.07
GLOBAL,ELCCOLXX03,S2D1,2046,0.07
GLOBAL,ELCCOLXX03,S2D1,2047,0.07
GLOBAL,ELCCOLXX03,S2D1,2048,0.07
GLOBAL,ELCCOLXX03,S2D1,2049,0.07
GLOBAL,ELCCOLXX03,S2D1,2050,0.07
GLOBAL,ELCCOLXX03,S2D2,2023,0.06
GLOBAL,ELCCOLXX03,S2D2,2024,0.06
GLOBAL,ELCCOLXX03,S2D2,2025,0.06
GLOBAL,ELCCOLXX03,S2D2,2026,0.06
GLOBAL,ELCCOLXX03,S2D2,2027,0.06
GLOBAL,ELCCOLXX03,S2D2,2028,0.06
GLOBAL,ELCCOLXX03,S2D2,2029,0.06
GLOBAL,ELCCOLXX03,S2D2,2030,0.06
GLOBAL,ELCCOLXX03,S2D2,2031,0.06
GLOBAL,ELCCOLXX03,S2D2,2032,0.06
GLOBAL,ELCCOLXX03,S2D2,2033,0.06
GLOBAL,ELCCOLXX03,S2D2,2034,0.06
GLOBAL,ELCCOLXX03,S2D2,2035,0.06
GLOBAL,ELCCOLXX03,S2D2,2036,0.06
GLOBAL,ELCCOLXX03,S2D2,2037,0.06
GLOBAL,ELCCOLXX03,S2D2,2038,0.06
GLOBAL,ELCCOLXX03,S2D2,2039,0.06
GLOBAL,ELCCOLXX03,S2D2,2040,0.06
GLOBAL,ELCCOLXX03,S2D2,2041,0.06
GLOBAL,ELCCOLXX03,S2D2,2042,0.06
GLOBAL,ELCCOLXX03,S2D2,2043,0.06
GLOBAL,ELCCOLXX03,S2D2,2044,0.06
GLOBAL,ELCCOLXX03,S2D2,2045,0.06
GLOBAL,ELCCOLXX03,S2D2,2046,0.06
GLOBAL,ELCCOLXX03,S2D2,2047,0.06
GLOBAL,ELCCOLXX03,S2D2,2048,0.06
GLOBAL,ELCCOLXX03,S2D2,2049,0.06
GLOBAL,ELCCOLXX03,S2D2,2050,0.06
GLOBAL,ELCCOLXX03,S2D3,2023,0.11
GLOBAL,ELCCOLXX03,S2D3,2024,0.11
GLOBAL,ELCCOLXX03,S2D3,2025,0.11
GLOBAL,ELCCOLXX03,S2D3,2026,0.11
GLOBAL,ELCCOLXX03,S2D3,2027,0.11
GLOBAL,ELCCOLXX03,S2D3,2028,0.11
GLOBAL,ELCCOLXX03,S2D3,2029,0.11
GLOBAL,ELCCOLXX03,S2D3,2030,0.11
GLOBAL,ELCCOLXX03,S2D3,2031,0.11
GLOBAL,ELCCOLXX03,S2D3,2032,0.11
GLOBAL,ELCCOLXX03,S2D3,2033,0.11
GLOBAL,ELCCOLXX03,S2D3,2034,0.11
GLOBAL,ELCCOLXX03,S2D3,2035,0.11
GLOBAL,ELCCOLXX03,S2D3,2036,0.11
GLOBAL,ELCCOLXX03,S2D3,2037,0.11
GLOBAL,ELCCOLXX03,S2D3,2038,0.11
GLOBAL,ELCCOLXX03,S2D3,2039,0.11
GLOBAL,ELCCOLXX03,S2D3,2040,0.11
GLOBAL,ELCCOLXX03,S2D3,2041,0.11
GLOBAL,ELCCOLXX03,S2D3,2042,0.11
GLOBAL,ELCCOLXX03,S2D3,2043,0.11
GLOBAL,ELCCOLXX03,S2D3,2044,0.11
GLOBAL,ELCCOLXX03,S2D3,2045,0.11
GLOBAL,ELCCOLXX03,S2D3,2046,0.11
GLOBAL,ELCCOLXX03,S2D3,2047,0.11
GLOBAL,ELCCOLXX03,S2D3,2048,0.11
GLOBAL,ELCCOLXX03,S2D3,2049,0.11
GLOBAL,ELCCOLXX03,S2D3,2050,0.11
GLOBAL,ELCCOLXX03,S3D1,2023,0.08
GLOBAL,ELCCOLXX03,S3D1,2024,0.08
GLOBAL,ELCCOLXX03,S3D1,2025,0.08
GLOBAL,ELCCOLXX03,S3D1,2026,0.08
GLOBAL,ELCCOLXX03,S3D1,2027,0.08
GLOBAL,ELCCOLXX03,S3D1,2028,0.08
GLOBAL,ELCCOLXX03,S3D1,2029,0.08
GLOBAL,ELCCOLXX03,S3D1,2030,0.08
GLOBAL,ELCCOLXX03,S3D1,2031,0.08
GLOBAL,ELCCOLXX03,S3D1,2032,0.08
GLOBAL,ELCCOLXX03,S3D1,2033,0.08
GLOBAL,ELCCOLXX03,S3D1,2034,0.08
GLOBAL,ELCCOLXX03,S3D1,2035,0.08
GLOBAL,ELCCOLXX03,S3D1,2036,0.08
GLOBAL,ELCCOLXX03,S3D1,2037,0.08
GLOBAL,ELCCOLXX03,S3D1,2038,0.08
GLOBAL,ELCCOLXX03,S3D1,2039,0.08
GLOBAL,ELCCOLXX03,S3D1,2040,0.08
GLOBAL,ELCCOLXX03,S3D1,2041,0.08
GLOBAL,ELCCOLXX03,S3D1,2042,0.08
GLOBAL,ELCCOLXX03,S3D1,2043,0.08
GLOBAL,ELCCOLXX03,S3D1,2044,0.08
GLOBAL,ELCCOLXX03,S3D1,2045,0.08
GLOBAL,ELCCOLXX03,S3D1,2046,0.08
GLOBAL,ELCCOLXX03,S3D1,2047,0.08
GLOBAL,ELCCOLXX03,S3D1,2048,0.08
GLOBAL,ELCCOLXX03,S3D1,2049,0.08
GLOBAL,ELCCOLXX03,S3D1,2050,0.08
GLOBAL,ELCCOLXX03,S3D2,2023,0.06
GLOBAL,ELCCOLXX03,S3D2,2024,0.06
GLOBAL,ELCCOLXX03,S3D2,2025,0.06
GLOBAL,ELCCOLXX03,S3D2,2026,0.06
GLOBAL,ELCCOLXX03,S3D2,2027,0.06
GLOBAL,ELCCOLXX03,S3D2,2028,0.06
GLOBAL,ELCCOLXX03,S3D2,2029,0.06
GLOBAL,ELCCOLXX03,S3D2,2030,0.06
GLOBAL,ELCCOLXX03,S3D2,2031,0.06
GLOBAL,ELCCOLXX03,S3D2,2032,0.06
GLOBAL,ELCCOLXX03,S3D2,2033,0.06
GLOBAL,ELCCOLXX03,S3D2,2034,0.06
GLOBAL,ELCCOLXX03,S3D2,2035,0.06
GLOBAL,ELCCOLXX03,S3D2,2036,0.06
GLOBAL,ELCCOLXX03,S3D2,2037,0.06
GLOBAL,ELCCOLXX03,S3D2,2038,0.06
GLOBAL,ELCCOLXX03,S3D2,2039,0.06
GLOBAL,ELCCOLXX03,S3D2,2040,0.06
GLOBAL,ELCCOLXX03,S3D2,2041,0.06
GLOBAL,ELCCOLXX03,S3D2,2042,0.06
GLOBAL,ELCCOLXX03,S3D2,2043,0.06
GLOBAL,ELCCOLXX03,S3D2,2044,0.06
GLOBAL,ELCCOLXX03,S3D2,2045,0.06
GLOBAL,ELCCOLXX03,S3D2,2046,0.06
GLOBAL,ELCCOLXX03,S3D2,2047,0.06
GLOBAL,ELCCOLXX03,S3D2,2048,0.06
GLOBAL,ELCCOLXX03,S3D2,2049,0.06
GLOBAL,ELCCOLXX03,S3D2,2050,0.06
GLOBAL,ELCCOLXX03,S3D3,2023,0.12
GLOBAL,ELCCOLXX03,S3D3,2024,0.12
GLOBAL,ELCCOLXX03,S3D3,2025,0.12
GLOBAL,ELCCOLXX03,S3D3,2026,0.12
GLOBAL,ELCCOLXX03,S3D3,2027,0.12
GLOBAL,ELCCOLXX03,S3D3,2028,0.12
GLOBAL,ELCCOLXX03,S3D3,2029,0.12
GLOBAL,ELCCOLXX03,S3D3,2030,0.12
GLOBAL,ELCCOLXX03,S3D3,2031,0.12
GLOBAL,ELCCOLXX03,S3D3,2032,0.12
GLOBAL,ELCCOLXX03,S3D3,2033,0.12
GLOBAL,ELCCOLXX03,S3D3,2034,0.12
GLOBAL,ELCCOLXX03,S3D3,2035,0.12
GLOBAL,ELCCOLXX03,S3D3,2036,0.12
GLOBAL,ELCCOLXX03,S3D3,2037,0.12
GLOBAL,ELCCOLXX03,S3D3,2038,0.12
GLOBAL,ELCCOLXX03,S3D3,2039,0.12
GLOBAL,ELCCOLXX03,S3D3,2040,0.12
GLOBAL,ELCCOLXX03,S3D3,2041,0.12
GLOBAL,ELCCOLXX03,S3D3,2042,0.12
GLOBAL,ELCCOLXX03,S3D3,2043,0.12
GLOBAL,ELCCOLXX03,S3D3,2044,0.12
GLOBAL,ELCCOLXX03,S3D3,2045,0.12
GLOBAL,ELCCOLXX03,S3D3,2046,0.12
GLOBAL,ELCCOLXX03,S3D3,2047,0.12
GLOBAL,ELCCOLXX03,S3D3,2048,0.12
GLOBAL,ELCCOLXX03,S3D3,2049,0.12
GLOBAL,ELCCOLXX03,S3D3,2050,0.12
GLOBAL,ELCCOLXX03,S4D1,2023,0.08
GLOBAL,ELCCOLXX03,S4D1,2024,0.08
GLOBAL,ELCCOLXX03,S4D1,2025,0.08
GLOBAL,ELCCOLXX03,S4D1,2026,0.08
GLOBAL,ELCCOLXX03,S4D1,2027,0.08
GLOBAL,ELCCOLXX03,S4D1,2028,0.08
GLOBAL,ELCCOLXX03,S4D1,2029,0.08
GLOBAL,ELCCOLXX03,S4D1,2030,0.08
GLOBAL,ELCCOLXX03,S4D1,2031,0.08
GLOBAL,ELCCOLXX03,S4D1,2032,0.08
GLOBAL,ELCCOLXX03,S4D1,2033,0.08
GLOBAL,ELCCOLXX03,S4D1,2034,0.08
GLOBAL,ELCCOLXX03,S4D1,2035,0.08
GLOBAL,ELCCOLXX03,S4D1,2036,0.08
GLOBAL,ELCCOLXX03,S4D1,2037,0.08
GLOBAL,ELCCOLXX03,S4D1,2038,0.08
GLOBAL,ELCCOLXX03,S4D1,2039,0.08
GLOBAL,ELCCOLXX03,S4D1,2040,0.08
GLOBAL,ELCCOLXX03,S4D1,2041,0.08
GLOBAL,ELCCOLXX03,S4D1,2042,0.08
GLOBAL,ELCCOLXX03,S4D1,2043,0.08
GLOBAL,ELCCOLXX03,S4D1,2044,0.08
GLOBAL,ELCCOLXX03,S4D1,2045,0.08
GLOBAL,ELCCOLXX03,S4D1,2046,0.08
GLOBAL,ELCCOLXX03,S4D1,2047,0.08
GLOBAL,ELCCOLXX03,S4D1,2048,0.08
GLOBAL,ELCCOLXX03,S4D1,2049,0.08
GLOBAL,ELCCOLXX03,S4D1,2050,0.08
GLOBAL,ELCCOLXX03,S4D2,2023,0.06
GLOBAL,ELCCOLXX03,S4D2,2024,0.06
GLOBAL,ELCCOLXX03,S4D2,2025,0.06
GLOBAL,ELCCOLXX03,S4D2,2026,0.06
GLOBAL,ELCCOLXX03,S4D2,2027,0.06
GLOBAL,ELCCOLXX03,S4D2,2028,0.06
GLOBAL,ELCCOLXX03,S4D2,2029,0.06
GLOBAL,ELCCOLXX03,S4D2,2030,0.06
GLOBAL,ELCCOLXX03,S4D2,2031,0.06
GLOBAL,ELCCOLXX03,S4D2,2032,0.06
GLOBAL,ELCCOLXX03,S4D2,2033,0.06
GLOBAL,ELCCOLXX03,S4D2,2034,0.06
GLOBAL,ELCCOLXX03,S4D2,2035,0.06
GLOBAL,ELCCOLXX03,S4D2,2036,0.06
GLOBAL,ELCCOLXX03,S4D2,2037,0.06
GLOBAL,ELCCOLXX03,S4D2,2038,0.06
GLOBAL,ELCCOLXX03,S4D2,2039,0.06
GLOBAL,ELCCOLXX03,S4D2,2040,0.06
GLOBAL,ELCCOLXX03,S4D2,2041,0.06
GLOBAL,ELCCOLXX03,S4D2,2042,0.06
GLOBAL,ELCCOLXX03,S4D2,2043,0.06
GLOBAL,ELCCOLXX03,S4D2,2044,0.06
GLOBAL,ELCCOLXX03,S4D2,2045,0.06
GLOBAL,ELCCOLXX03,S4D2,2046,0.06
GLOBAL,ELCCOLXX03,S4D2,2047,0.06
GLOBAL,ELCCOLXX03,S4D2,2048,0.06
GLOBAL,ELCCOLXX03,S4D2,2049,0.06
GLOBAL,ELCCOLXX03,S4D2,2050,0.06
GLOBAL,ELCCOLXX03,S4D3,2023,0.12
GLOBAL,ELCCOLXX03,S4D3,2024,0.12
GLOBAL,ELCCOLXX03,S4D3,2025,0.12
GLOBAL,ELCCOLXX03,S4D3,2026,0.12
GLOBAL,ELCCOLXX03,S4D3,2027,0.12
GLOBAL,ELCCOLXX03,S4D3,2028,0.12
GLOBAL,ELCCOLXX03,S4D3,2029,0.12
GLOBAL,ELCCOLXX03,S4D3,2030,0.12
GLOBAL,ELCCOLXX03,S4D3,2031,0.12
GLOBAL,ELCCOLXX03,S4D3,2032,0.12
GLOBAL,ELCCOLXX03,S4D3,2033,0.12
GLOBAL,ELCCOLXX03,S4D3,2034,0.12
GLOBAL,ELCCOLXX03,S4D3,2035,0.12
GLOBAL,ELCCOLXX03,S4D3,2036,0.12
GLOBAL,ELCCOLXX03,S4D3,2037,0.12
GLOBAL,ELCCOLXX03,S4D3,2038,0.12
GLOBAL,ELCCOLXX03,S4D3,2039,0.12
GLOBAL,ELCCOLXX03,S4D3,2040,0.12
GLOBAL,ELCCOLXX03,S4D3,2041,0.12
GLOBAL,ELCCOLXX03,S4D3,2042,0.12
GLOBAL,ELCCOLXX03,S4D3,2043,0.12
GLOBAL,ELCCOLXX03,S4D3,2044,0.12
GLOBAL,ELCCOLXX03,S4D3,2045,0.12
GLOBAL,ELCCOLXX03,S4D3,2046,0.12
GLOBAL,ELCCOLXX03,S4D3,2047,0.12
GLOBAL,ELCCOLXX03,S4D3,2048,0.12
GLOBAL,ELCCOLXX03,S4D3,2049,0.12
GLOBAL,ELCCOLXX03,S4D3,2050,0.12
GLOBAL,ELCCRIXX03,S1D1,2023,0.08
GLOBAL,ELCCRIXX03,S1D1,2024,0.08
GLOBAL,ELCCRIXX03,S1D1,2025,0.08
GLOBAL,ELCCRIXX03,S1D1,2026,0.08
GLOBAL,ELCCRIXX03,S1D1,2027,0.08
GLOBAL,ELCCRIXX03,S1D1,2028,0.08
GLOBAL,ELCCRIXX03,S1D1,2029,0.08
GLOBAL,ELCCRIXX03,S1D1,2030,0.08
GLOBAL,ELCCRIXX03,S1D1,2031,0.08
GLOBAL,ELCCRIXX03,S1D1,2032,0.08
GLOBAL,ELCCRIXX03,S1D1,2033,0.08
GLOBAL,ELCCRIXX03,S1D1,2034,0.08
GLOBAL,ELCCRIXX03,S1D1,2035,0.08
GLOBAL,ELCCRIXX03,S1D1,2036,0.08
GLOBAL,ELCCRIXX03,S1D1,2037,0.08
GLOBAL,ELCCRIXX03,S1D1,2038,0.08
GLOBAL,ELCCRIXX03,S1D1,2039,0.08
GLOBAL,ELCCRIXX03,S1D1,2040,0.08
GLOBAL,ELCCRIXX03,S1D1,2041,0.08
GLOBAL,ELCCRIXX03,S1D1,2042,0.08
GLOBAL,ELCCRIXX03,S1D1,2043,0.08
GLOBAL,ELCCRIXX03,S1D1,2044,0.08
GLOBAL,ELCCRIXX03,S1D1,2045,0.08
GLOBAL,ELCCRIXX03,S1D1,2046,0.08
GLOBAL,ELCCRIXX03,S1D1,2047,0.08
GLOBAL,ELCCRIXX03,S1D1,2048,0.08
GLOBAL,ELCCRIXX03,S1D1,2049,0.08
GLOBAL,ELCCRIXX03,S1D1,2050,0.08
GLOBAL,ELCCRIXX03,S1D2,2023,0.06
GLOBAL,ELCCRIXX03,S1D2,2024,0.06
GLOBAL,ELCCRIXX03,S1D2,2025,0.06
GLOBAL,ELCCRIXX03,S1D2,2026,0.06
GLOBAL,ELCCRIXX03,S1D2,2027,0.06
GLOBAL,ELCCRIXX03,S1D2,2028,0.06
GLOBAL,ELCCRIXX03,S1D2,2029,0.06
GLOBAL,ELCCRIXX03,S1D2,2030,0.06
GLOBAL,ELCCRIXX03,S1D2,2031,0.06
GLOBAL,ELCCRIXX03,S1D2,2032,0.06
GLOBAL,ELCCRIXX03,S1D2,2033,0.06
GLOBAL,ELCCRIXX03,S1D2,2034,0.06
GLOBAL,ELCCRIXX03,S1D2,2035,0.06
GLOBAL,ELCCRIXX03,S1D2,2036,0.06
GLOBAL,ELCCRIXX03,S1D2,2037,0.06
GLOBAL,ELCCRIXX03,S1D2,2038,0.06
GLOBAL,ELCCRIXX03,S1D2,2039,0.06
GLOBAL,ELCCRIXX03,S1D2,2040,0.06
GLOBAL,ELCCRIXX03,S1D2,2041,0.06
GLOBAL,ELCCRIXX03,S1D2,2042,0.06
GLOBAL,ELCCRIXX03,S1D2,2043,0.06
GLOBAL,ELCCRIXX03,S1D2,2044,0.06
GLOBAL,ELCCRIXX03,S1D2,2045,0.06
GLOBAL,ELCCRIXX03,S1D2,2046,0.06
GLOBAL,ELCCRIXX03,S1D2,2047,0.06
GLOBAL,ELCCRIXX03,S1D2,2048,0.06
GLOBAL,ELCCRIXX03,S1D2,2049,0.06
GLOBAL,ELCCRIXX03,S1D2,2050,0.06
GLOBAL,ELCCRIXX03,S1D3,2023,0.11
GLOBAL,ELCCRIXX03,S1D3,2024,0.11
GLOBAL,ELCCRIXX03,S1D3,2025,0.11
GLOBAL,ELCCRIXX03,S1D3,2026,0.11
GLOBAL,ELCCRIXX03,S1D3,2027,0.11
GLOBAL,ELCCRIXX03,S1D3,2028,0.11
GLOBAL,ELCCRIXX03,S1D3,2029,0.11
GLOBAL,ELCCRIXX03,S1D3,2030,0.11
GLOBAL,ELCCRIXX03,S1D3,2031,0.11
GLOBAL,ELCCRIXX03,S1D3,2032,0.11
GLOBAL,ELCCRIXX03,S1D3,2033,0.11
GLOBAL,ELCCRIXX03,S1D3,2034,0.11
GLOBAL,ELCCRIXX03,S1D3,2035,0.11
GLOBAL,ELCCRIXX03,S1D3,2036,0.11
GLOBAL,ELCCRIXX03,S1D3,2037,0.11
GLOBAL,ELCCRIXX03,S1D3,2038,0.11
GLOBAL,ELCCRIXX03,S1D3,2039,0.11
GLOBAL,ELCCRIXX03,S1D3,2040,0.11
GLOBAL,ELCCRIXX03,S1D3,2041,0.11
GLOBAL,ELCCRIXX03,S1D3,2042,0.11
GLOBAL,ELCCRIXX03,S1D3,2043,0.11
GLOBAL,ELCCRIXX03,S1D3,2044,0.11
GLOBAL,ELCCRIXX03,S1D3,2045,0.11
GLOBAL,ELCCRIXX03,S1D3,2046,0.11
GLOBAL,ELCCRIXX03,S1D3,2047,0.11
GLOBAL,ELCCRIXX03,S1D3,2048,0.11
GLOBAL,ELCCRIXX03,S1D3,2049,0.11
GLOBAL,ELCCRIXX03,S1D3,2050,0.11
GLOBAL,ELCCRIXX03,S2D1,2023,0.08
GLOBAL,ELCCRIXX03,S2D1,2024,0.08
GLOBAL,ELCCRIXX03,S2D1,2025,0.08
GLOBAL,ELCCRIXX03,S2D1,2026,0.08
GLOBAL,ELCCRIXX03,S2D1,2027,0.08
GLOBAL,ELCCRIXX03,S2D1,2028,0.08
GLOBAL,ELCCRIXX03,S2D1,2029,0.08
GLOBAL,ELCCRIXX03,S2D1,2030,0.08
GLOBAL,ELCCRIXX03,S2D1,2031,0.08
GLOBAL,ELCCRIXX03,S2D1,2032,0.08
GLOBAL,ELCCRIXX03,S2D1,2033,0.08
GLOBAL,ELCCRIXX03,S2D1,2034,0.08
GLOBAL,ELCCRIXX03,S2D1,2035,0.08
GLOBAL,ELCCRIXX03,S2D1,2036,0.08
GLOBAL,ELCCRIXX03,S2D1,2037,0.08
GLOBAL,ELCCRIXX03,S2D1,2038,0.08
GLOBAL,ELCCRIXX03,S2D1,2039,0.08
GLOBAL,ELCCRIXX03,S2D1,2040,0.08
GLOBAL,ELCCRIXX03,S2D1,2041,0.08
GLOBAL,ELCCRIXX03,S2D1,2042,0.08
GLOBAL,ELCCRIXX03,S2D1,2043,0.08
GLOBAL,ELCCRIXX03,S2D1,2044,0.08
GLOBAL,ELCCRIXX03,S2D1,2045,0.08
GLOBAL,ELCCRIXX03,S2D1,2046,0.08
GLOBAL,ELCCRIXX03,S2D1,2047,0.08
GLOBAL,ELCCRIXX03,S2D1,2048,0.08
GLOBAL,ELCCRIXX03,S2D1,2049,0.08
GLOBAL,ELCCRIXX03,S2D1,2050,0.08
GLOBAL,ELCCRIXX03,S2D2,2023,0.06
GLOBAL,ELCCRIXX03,S2D2,2024,0.06
GLOBAL,ELCCRIXX03,S2D2,2025,0.06
GLOBAL,ELCCRIXX03,S2D2,2026,0.06
GLOBAL,ELCCRIXX03,S2D2,2027,0.06
GLOBAL,ELCCRIXX03,S2D2,2028,0.06
GLOBAL,ELCCRIXX03,S2D2,2029,0.06
GLOBAL,ELCCRIXX03,S2D2,2030,0.06
GLOBAL,ELCCRIXX03,S2D2,2031,0.06
GLOBAL,ELCCRIXX03,S2D2,2032,0.06
GLOBAL,ELCCRIXX03,S2D2,2033,0.06
GLOBAL,ELCCRIXX03,S2D2,2034,0.06
GLOBAL,ELCCRIXX03,S2D2,2035,0.06
GLOBAL,ELCCRIXX03,S2D2,2036,0.06
GLOBAL,ELCCRIXX03,S2D2,2037,0.06
GLOBAL,ELCCRIXX03,S2D2,2038,0.06
GLOBAL,ELCCRIXX03,S2D2,2039,0.06
GLOBAL,ELCCRIXX03,S2D2,2040,0.06
GLOBAL,ELCCRIXX03,S2D2,2041,0.06
GLOBAL,ELCCRIXX03,S2D2,2042,0.06
GLOBAL,ELCCRIXX03,S2D2,2043,0.06
GLOBAL,ELCCRIXX03,S2D2,2044,0.06
GLOBAL,ELCCRIXX03,S2D2,2045,0.06
GLOBAL,ELCCRIXX03,S2D2,2046,0.06
GLOBAL,ELCCRIXX03,S2D2,2047,0.06
GLOBAL,ELCCRIXX03,S2D2,2048,0.06
GLOBAL,ELCCRIXX03,S2D2,2049,0.06
GLOBAL,ELCCRIXX03,S2D2,2050,0.06
GLOBAL,ELCCRIXX03,S2D3,2023,0.11
GLOBAL,ELCCRIXX03,S2D3,2024,0.11
GLOBAL,ELCCRIXX03,S2D3,2025,0.11
GLOBAL,ELCCRIXX03,S2D3,2026,0.11
GLOBAL,ELCCRIXX03,S2D3,2027,0.11
GLOBAL,ELCCRIXX03,S2D3,2028,0.11
GLOBAL,ELCCRIXX03,S2D3,2029,0.11
GLOBAL,ELCCRIXX03,S2D3,2030,0.11
GLOBAL,ELCCRIXX03,S2D3,2031,0.11
GLOBAL,ELCCRIXX03,S2D3,2032,0.11
GLOBAL,ELCCRIXX03,S2D3,2033,0.11
GLOBAL,ELCCRIXX03,S2D3,2034,0.11
GLOBAL,ELCCRIXX03,S2D3,2035,0.11
GLOBAL,ELCCRIXX03,S2D3,2036,0.11
GLOBAL,ELCCRIXX03,S2D3,2037,0.11
GLOBAL,ELCCRIXX03,S2D3,2038,0.11
GLOBAL,ELCCRIXX03,S2D3,2039,0.11
GLOBAL,ELCCRIXX03,S2D3,2040,0.11
GLOBAL,ELCCRIXX03,S2D3,2041,0.11
GLOBAL,ELCCRIXX03,S2D3,2042,0.11
GLOBAL,ELCCRIXX03,S2D3,2043,0.11
GLOBAL,ELCCRIXX03,S2D3,2044,0.11
GLOBAL,ELCCRIXX03,S2D3,2045,0.11
GLOBAL,ELCCRIXX03,S2D3,2046,0.11
GLOBAL,ELCCRIXX03,S2D3,2047,0.11
GLOBAL,ELCCRIXX03,S2D3,2048,0.11
GLOBAL,ELCCRIXX03,S2D3,2049,0.11
GLOBAL,ELCCRIXX03,S2D3,2050,0.11
GLOBAL,ELCCRIXX03,S3D1,2023,0.08
GLOBAL,ELCCRIXX03,S3D1,2024,0.08
GLOBAL,ELCCRIXX03,S3D1,2025,0.08
GLOBAL,ELCCRIXX03,S3D1,2026,0.08
GLOBAL,ELCCRIXX03,S3D1,2027,0.08
GLOBAL,ELCCRIXX03,S3D1,2028,0.08
GLOBAL,ELCCRIXX03,S3D1,2029,0.08
GLOBAL,ELCCRIXX03,S3D1,2030,0.08
GLOBAL,ELCCRIXX03,S3D1,2031,0.08
GLOBAL,ELCCRIXX03,S3D1,2032,0.08
GLOBAL,ELCCRIXX03,S3D1,2033,0.08
GLOBAL,ELCCRIXX03,S3D1,2034,0.08
GLOBAL,ELCCRIXX03,S3D1,2035,0.08
GLOBAL,ELCCRIXX03,S3D1,2036,0.08
GLOBAL,ELCCRIXX03,S3D1,2037,0.08
GLOBAL,ELCCRIXX03,S3D1,2038,0.08
GLOBAL,ELCCRIXX03,S3D1,2039,0.08
GLOBAL,ELCCRIXX03,S3D1,2040,0.08
GLOBAL,ELCCRIXX03,S3D1,2041,0.08
GLOBAL,ELCCRIXX03,S3D1,2042,0.08
GLOBAL,ELCCRIXX03,S3D1,2043,0.08
GLOBAL,ELCCRIXX03,S3D1,2044,0.08
GLOBAL,ELCCRIXX03,S3D1,2045,0.08
GLOBAL,ELCCRIXX03,S3D1,2046,0.08
GLOBAL,ELCCRIXX03,S3D1,2047,0.08
GLOBAL,ELCCRIXX03,S3D1,2048,0.08
GLOBAL,ELCCRIXX03,S3D1,2049,0.08
GLOBAL,ELCCRIXX03,S3D1,2050,0.08
GLOBAL,ELCCRIXX03,S3D2,2023,0.06
GLOBAL,ELCCRIXX03,S3D2,2024,0.06
GLOBAL,ELCCRIXX03,S3D2,2025,0.06
GLOBAL,ELCCRIXX03,S3D2,2026,0.06
GLOBAL,ELCCRIXX03,S3D2,2027,0.06
GLOBAL,ELCCRIXX03,S3D2,2028,0.06
GLOBAL,ELCCRIXX03,S3D2,2029,0.06
GLOBAL,ELCCRIXX03,S3D2,2030,0.06
GLOBAL,ELCCRIXX03,S3D2,2031,0.06
GLOBAL,ELCCRIXX03,S3D2,2032,0.06
GLOBAL,ELCCRIXX03,S3D2,2033,0.06
GLOBAL,ELCCRIXX03,S3D2,2034,0.06
GLOBAL,ELCCRIXX03,S3D2,2035,0.06
GLOBAL,ELCCRIXX03,S3D2,2036,0.06
GLOBAL,ELCCRIXX03,S3D2,2037,0.06
GLOBAL,ELCCRIXX03,S3D2,2038,0.06
GLOBAL,ELCCRIXX03,S3D2,2039,0.06
GLOBAL,ELCCRIXX03,S3D2,2040,0.06
GLOBAL,ELCCRIXX03,S3D2,2041,0.06
GLOBAL,ELCCRIXX03,S3D2,2042,0.06
GLOBAL,ELCCRIXX03,S3D2,2043,0.06
GLOBAL,ELCCRIXX03,S3D2,2044,0.06
GLOBAL,ELCCRIXX03,S3D2,2045,0.06
GLOBAL,ELCCRIXX03,S3D2,2046,0.06
GLOBAL,ELCCRIXX03,S3D2,2047,0.06
GLOBAL,ELCCRIXX03,S3D2,2048,0.06
GLOBAL,ELCCRIXX03,S3D2,2049,0.06
GLOBAL,ELCCRIXX03,S3D2,2050,0.06
GLOBAL,ELCCRIXX03,S3D3,2023,0.11
GLOBAL,ELCCRIXX03,S3D3,2024,0.11
GLOBAL,ELCCRIXX03,S3D3,2025,0.11
GLOBAL,ELCCRIXX03,S3D3,2026,0.11
GLOBAL,ELCCRIXX03,S3D3,2027,0.11
GLOBAL,ELCCRIXX03,S3D3,2028,0.11
GLOBAL,ELCCRIXX03,S3D3,2029,0.11
GLOBAL,ELCCRIXX03,S3D3,2030,0.11
GLOBAL,ELCCRIXX03,S3D3,2031,0.11
GLOBAL,ELCCRIXX03,S3D3,2032,0.11
GLOBAL,ELCCRIXX03,S3D3,2033,0.11
GLOBAL,ELCCRIXX03,S3D3,2034,0.11
GLOBAL,ELCCRIXX03,S3D3,2035,0.11
GLOBAL,ELCCRIXX03,S3D3,2036,0.11
GLOBAL,ELCCRIXX03,S3D3,2037,0.11
GLOBAL,ELCCRIXX03,S3D3,2038,0.11
GLOBAL,ELCCRIXX03,S3D3,2039,0.11
GLOBAL,ELCCRIXX03,S3D3,2040,0.11
GLOBAL,ELCCRIXX03,S3D3,2041,0.11
GLOBAL,ELCCRIXX03,S3D3,2042,0.11
GLOBAL,ELCCRIXX03,S3D3,2043,0.11
GLOBAL,ELCCRIXX03,S3D3,2044,0.11
GLOBAL,ELCCRIXX03,S3D3,2045,0.11
GLOBAL,ELCCRIXX03,S3D3,2046,0.11
GLOBAL,ELCCRIXX03,S3D3,2047,0.11
GLOBAL,ELCCRIXX03,S3D3,2048,0.11
GLOBAL,ELCCRIXX03,S3D3,2049,0.11
GLOBAL,ELCCRIXX03,S3D3,2050,0.11
GLOBAL,ELCCRIXX03,S4D1,2023,0.08
GLOBAL,ELCCRIXX03,S4D1,2024,0.08
GLOBAL,ELCCRIXX03,S4D1,2025,0.08
GLOBAL,ELCCRIXX03,S4D1,2026,0.08
GLOBAL,ELCCRIXX03,S4D1,2027,0.08
GLOBAL,ELCCRIXX03,S4D1,2028,0.08
GLOBAL,ELCCRIXX03,S4D1,2029,0.08
GLOBAL,ELCCRIXX03,S4D1,2030,0.08
GLOBAL,ELCCRIXX03,S4D1,2031,0.08
GLOBAL,ELCCRIXX03,S4D1,2032,0.08
GLOBAL,ELCCRIXX03,S4D1,2033,0.08
GLOBAL,ELCCRIXX03,S4D1,2034,0.08
GLOBAL,ELCCRIXX03,S4D1,2035,0.08
GLOBAL,ELCCRIXX03,S4D1,2036,0.08
GLOBAL,ELCCRIXX03,S4D1,2037,0.08
GLOBAL,ELCCRIXX03,S4D1,2038,0.08
GLOBAL,ELCCRIXX03,S4D1,2039,0.08
GLOBAL,ELCCRIXX03,S4D1,2040,0.08
GLOBAL,ELCCRIXX03,S4D1,2041,0.08
GLOBAL,ELCCRIXX03,S4D1,2042,0.08
GLOBAL,ELCCRIXX03,S4D1,2043,0.08
GLOBAL,ELCCRIXX03,S4D1,2044,0.08
GLOBAL,ELCCRIXX03,S4D1,2045,0.08
GLOBAL,ELCCRIXX03,S4D1,2046,0.08
GLOBAL,ELCCRIXX03,S4D1,2047,0.08
GLOBAL,ELCCRIXX03,S4D1,2048,0.08
GLOBAL,ELCCRIXX03,S4D1,2049,0.08
GLOBAL,ELCCRIXX03,S4D1,2050,0.08
GLOBAL,ELCCRIXX03,S4D2,2023,0.06
GLOBAL,ELCCRIXX03,S4D2,2024,0.06
GLOBAL,ELCCRIXX03,S4D2,2025,0.06
GLOBAL,ELCCRIXX03,S4D2,2026,0.06
GLOBAL,ELCCRIXX03,S4D2,2027,0.06
GLOBAL,ELCCRIXX03,S4D2,2028,0.06
GLOBAL,ELCCRIXX03,S4D2,2029,0.06
GLOBAL,ELCCRIXX03,S4D2,2030,0.06
GLOBAL,ELCCRIXX03,S4D2,2031,0.06
GLOBAL,ELCCRIXX03,S4D2,2032,0.06
GLOBAL,ELCCRIXX03,S4D2,2033,0.06
GLOBAL,ELCCRIXX03,S4D2,2034,0.06
GLOBAL,ELCCRIXX03,S4D2,2035,0.06
GLOBAL,ELCCRIXX03,S4D2,2036,0.06
GLOBAL,ELCCRIXX03,S4D2,2037,0.06
GLOBAL,ELCCRIXX03,S4D2,2038,0.06
GLOBAL,ELCCRIXX03,S4D2,2039,0.06
GLOBAL,ELCCRIXX03,S4D2,2040,0.06
GLOBAL,ELCCRIXX03,S4D2,2041,0.06
GLOBAL,ELCCRIXX03,S4D2,2042,0.06
GLOBAL,ELCCRIXX03,S4D2,2043,0.06
GLOBAL,ELCCRIXX03,S4D2,2044,0.06
GLOBAL,ELCCRIXX03,S4D2,2045,0.06
GLOBAL,ELCCRIXX03,S4D2,2046,0.06
GLOBAL,ELCCRIXX03,S4D2,2047,0.06
GLOBAL,ELCCRIXX03,S4D2,2048,0.06
GLOBAL,ELCCRIXX03,S4D2,2049,0.06
GLOBAL,ELCCRIXX03,S4D2,2050,0.06
GLOBAL,ELCCRIXX03,S4D3,2023,0.11
GLOBAL,ELCCRIXX03,S4D3,2024,0.11
GLOBAL,ELCCRIXX03,S4D3,2025,0.11
GLOBAL,ELCCRIXX03,S4D3,2026,0.11
GLOBAL,ELCCRIXX03,S4D3,2027,0.11
GLOBAL,ELCCRIXX03,S4D3,2028,0.11
GLOBAL,ELCCRIXX03,S4D3,2029,0.11
GLOBAL,ELCCRIXX03,S4D3,2030,0.11
GLOBAL,ELCCRIXX03,S4D3,2031,0.11
GLOBAL,ELCCRIXX03,S4D3,2032,0.11
GLOBAL,ELCCRIXX03,S4D3,2033,0.11
GLOBAL,ELCCRIXX03,S4D3,2034,0.11
GLOBAL,ELCCRIXX03,S4D3,2035,0.11
GLOBAL,ELCCRIXX03,S4D3,2036,0.11
GLOBAL,ELCCRIXX03,S4D3,2037,0.11
GLOBAL,ELCCRIXX03,S4D3,2038,0.11
GLOBAL,ELCCRIXX03,S4D3,2039,0.11
GLOBAL,ELCCRIXX03,S4D3,2040,0.11
GLOBAL,ELCCRIXX03,S4D3,2041,0.11
GLOBAL,ELCCRIXX03,S4D3,2042,0.11
GLOBAL,ELCCRIXX03,S4D3,2043,0.11
GLOBAL,ELCCRIXX03,S4D3,2044,0.11
GLOBAL,ELCCRIXX03,S4D3,2045,0.11
GLOBAL,ELCCRIXX03,S4D3,2046,0.11
GLOBAL,ELCCRIXX03,S4D3,2047,0.11
GLOBAL,ELCCRIXX03,S4D3,2048,0.11
GLOBAL,ELCCRIXX03,S4D3,2049,0.11
GLOBAL,ELCCRIXX03,S4D3,2050,0.11
GLOBAL,ELCDOMXX03,S1D1,2023,0.0707070707070707
GLOBAL,ELCDOMXX03,S1D1,2024,0.0707070707070707
GLOBAL,ELCDOMXX03,S1D1,2025,0.0707070707070707
GLOBAL,ELCDOMXX03,S1D1,2026,0.0707070707070707
GLOBAL,ELCDOMXX03,S1D1,2027,0.0707070707070707
GLOBAL,ELCDOMXX03,S1D1,2028,0.0707070707070707
GLOBAL,ELCDOMXX03,S1D1,2029,0.0707070707070707
GLOBAL,ELCDOMXX03,S1D1,2030,0.0707070707070707
GLOBAL,ELCDOMXX03,S1D1,2031,0.0707070707070707
GLOBAL,ELCDOMXX03,S1D1,2032,0.0707070707070707
GLOBAL,ELCDOMXX03,S1D1,2033,0.0707070707070707
GLOBAL,ELCDOMXX03,S1D1,2034,0.0707070707070707
GLOBAL,ELCDOMXX03,S1D1,2035,0.0707070707070707
GLOBAL,ELCDOMXX03,S1D1,2036,0.0707070707070707
GLOBAL,ELCDOMXX03,S1D1,2037,0.0707070707070707
GLOBAL,ELCDOMXX03,S1D1,2038,0.0707070707070707
GLOBAL,ELCDOMXX03,S1D1,2039,0.0707070707070707
GLOBAL,ELCDOMXX03,S1D1,2040,0.0707070707070707
GLOBAL,ELCDOMXX03,S1D1,2041,0.0707070707070707
GLOBAL,ELCDOMXX03,S1D1,2042,0.0707070707070707
GLOBAL,ELCDOMXX03,S1D1,2043,0.0707070707070707
GLOBAL,ELCDOMXX03,S1D1,2044,0.0707070707070707
GLOBAL,ELCDOMXX03,S1D1,2045,0.0707070707070707
GLOBAL,ELCDOMXX03,S1D1,2046,0.0707070707070707
GLOBAL,ELCDOMXX03,S1D1,2047,0.0707070707070707
GLOBAL,ELCDOMXX03,S1D1,2048,0.0707070707070707
GLOBAL,ELCDOMXX03,S1D1,2049,0.0707070707070707
GLOBAL,ELCDOMXX03,S1D1,2050,0.0707070707070707
GLOBAL,ELCDOMXX03,S1D2,2023,0.0606060606060606
GLOBAL,ELCDOMXX03,S1D2,2024,0.0606060606060606
GLOBAL,ELCDOMXX03,S1D2,2025,0.0606060606060606
GLOBAL,ELCDOMXX03,S1D2,2026,0.0606060606060606
GLOBAL,ELCDOMXX03,S1D2,2027,0.0606060606060606
GLOBAL,ELCDOMXX03,S1D2,2028,0.0606060606060606
GLOBAL,ELCDOMXX03,S1D2,2029,0.0606060606060606
GLOBAL,ELCDOMXX03,S1D2,2030,0.0606060606060606
GLOBAL,ELCDOMXX03,S1D2,2031,0.0606060606060606
GLOBAL,ELCDOMXX03,S1D2,2032,0.0606060606060606
GLOBAL,ELCDOMXX03,S1D2,2033,0.0606060606060606
GLOBAL,ELCDOMXX03,S1D2,2034,0.0606060606060606
GLOBAL,ELCDOMXX03,S1D2,2035,0.0606060606060606
GLOBAL,ELCDOMXX03,S1D2,2036,0.0606060606060606
GLOBAL,ELCDOMXX03,S1D2,2037,0.0606060606060606
GLOBAL,ELCDOMXX03,S1D2,2038,0.0606060606060606
GLOBAL,ELCDOMXX03,S1D2,2039,0.0606060606060606
GLOBAL,ELCDOMXX03,S1D2,2040,0.0606060606060606
GLOBAL,ELCDOMXX03,S1D2,2041,0.0606060606060606
GLOBAL,ELCDOMXX03,S1D2,2042,0.0606060606060606
GLOBAL,ELCDOMXX03,S1D2,2043,0.0606060606060606
GLOBAL,ELCDOMXX03,S1D2,2044,0.0606060606060606
GLOBAL,ELCDOMXX03,S1D2,2045,0.0606060606060606
GLOBAL,ELCDOMXX03,S1D2,2046,0.0606060606060606
GLOBAL,ELCDOMXX03,S1D2,2047,0.0606060606060606
GLOBAL,ELCDOMXX03,S1D2,2048,0.0606060606060606
GLOBAL,ELCDOMXX03,S1D2,2049,0.0606060606060606
GLOBAL,ELCDOMXX03,S1D2,2050,0.0606060606060606
GLOBAL,ELCDOMXX03,S1D3,2023,0.1111111111111111
GLOBAL,ELCDOMXX03,S1D3,2024,0.1111111111111111
GLOBAL,ELCDOMXX03,S1D3,2025,0.1111111111111111
GLOBAL,ELCDOMXX03,S1D3,2026,0.1111111111111111
GLOBAL,ELCDOMXX03,S1D3,2027,0.1111111111111111
GLOBAL,ELCDOMXX03,S1D3,2028,0.1111111111111111
GLOBAL,ELCDOMXX03,S1D3,2029,0.1111111111111111
GLOBAL,ELCDOMXX03,S1D3,2030,0.1111111111111111
GLOBAL,ELCDOMXX03,S1D3,2031,0.1111111111111111
GLOBAL,ELCDOMXX03,S1D3,2032,0.1111111111111111
GLOBAL,ELCDOMXX03,S1D3,2033,0.1111111111111111
GLOBAL,ELCDOMXX03,S1D3,2034,0.1111111111111111
GLOBAL,ELCDOMXX03,S1D3,2035,0.1111111111111111
GLOBAL,ELCDOMXX03,S1D3,2036,0.1111111111111111
GLOBAL,ELCDOMXX03,S1D3,2037,0.1111111111111111
GLOBAL,ELCDOMXX03,S1D3,2038,0.1111111111111111
GLOBAL,ELCDOMXX03,S1D3,2039,0.1111111111111111
GLOBAL,ELCDOMXX03,S1D3,2040,0.1111111111111111
GLOBAL,ELCDOMXX03,S1D3,2041,0.1111111111111111
GLOBAL,ELCDOMXX03,S1D3,2042,0.1111111111111111
GLOBAL,ELCDOMXX03,S1D3,2043,0.1111111111111111
GLOBAL,ELCDOMXX03,S1D3,2044,0.1111111111111111
GLOBAL,ELCDOMXX03,S1D3,2045,0.1111111111111111
GLOBAL,ELCDOMXX03,S1D3,2046,0.1111111111111111
GLOBAL,ELCDOMXX03,S1D3,2047,0.1111111111111111
GLOBAL,ELCDOMXX03,S1D3,2048,0.1111111111111111
GLOBAL,ELCDOMXX03,S1D3,2049,0.1111111111111111
GLOBAL,ELCDOMXX03,S1D3,2050,0.1111111111111111
GLOBAL,ELCDOMXX03,S2D1,2023,0.0707070707070707
GLOBAL,ELCDOMXX03,S2D1,2024,0.0707070707070707
GLOBAL,ELCDOMXX03,S2D1,2025,0.0707070707070707
GLOBAL,ELCDOMXX03,S2D1,2026,0.0707070707070707
GLOBAL,ELCDOMXX03,S2D1,2027,0.0707070707070707
GLOBAL,ELCDOMXX03,S2D1,2028,0.0707070707070707
GLOBAL,ELCDOMXX03,S2D1,2029,0.0707070707070707
GLOBAL,ELCDOMXX03,S2D1,2030,0.0707070707070707
GLOBAL,ELCDOMXX03,S2D1,2031,0.0707070707070707
GLOBAL,ELCDOMXX03,S2D1,2032,0.0707070707070707
GLOBAL,ELCDOMXX03,S2D1,2033,0.0707070707070707
GLOBAL,ELCDOMXX03,S2D1,2034,0.0707070707070707
GLOBAL,ELCDOMXX03,S2D1,2035,0.0707070707070707
GLOBAL,ELCDOMXX03,S2D1,2036,0.0707070707070707
GLOBAL,ELCDOMXX03,S2D1,2037,0.0707070707070707
GLOBAL,ELCDOMXX03,S2D1,2038,0.0707070707070707
GLOBAL,ELCDOMXX03,S2D1,2039,0.0707070707070707
GLOBAL,ELCDOMXX03,S2D1,2040,0.0707070707070707
GLOBAL,ELCDOMXX03,S2D1,2041,0.0707070707070707
GLOBAL,ELCDOMXX03,S2D1,2042,0.0707070707070707
GLOBAL,ELCDOMXX03,S2D1,2043,0.0707070707070707
GLOBAL,ELCDOMXX03,S2D1,2044,0.0707070707070707
GLOBAL,ELCDOMXX03,S2D1,2045,0.0707070707070707
GLOBAL,ELCDOMXX03,S2D1,2046,0.0707070707070707
GLOBAL,ELCDOMXX03,S2D1,2047,0.0707070707070707
GLOBAL,ELCDOMXX03,S2D1,2048,0.0707070707070707
GLOBAL,ELCDOMXX03,S2D1,2049,0.0707070707070707
GLOBAL,ELCDOMXX03,S2D1,2050,0.0707070707070707
GLOBAL,ELCDOMXX03,S2D2,2023,0.0606060606060606
GLOBAL,ELCDOMXX03,S2D2,2024,0.0606060606060606
GLOBAL,ELCDOMXX03,S2D2,2025,0.0606060606060606
GLOBAL,ELCDOMXX03,S2D2,2026,0.0606060606060606
GLOBAL,ELCDOMXX03,S2D2,2027,0.0606060606060606
GLOBAL,ELCDOMXX03,S2D2,2028,0.0606060606060606
GLOBAL,ELCDOMXX03,S2D2,2029,0.0606060606060606
GLOBAL,ELCDOMXX03,S2D2,2030,0.0606060606060606
GLOBAL,ELCDOMXX03,S2D2,2031,0.0606060606060606
GLOBAL,ELCDOMXX03,S2D2,2032,0.0606060606060606
GLOBAL,ELCDOMXX03,S2D2,2033,0.0606060606060606
GLOBAL,ELCDOMXX03,S2D2,2034,0.0606060606060606
GLOBAL,ELCDOMXX03,S2D2,2035,0.0606060606060606
GLOBAL,ELCDOMXX03,S2D2,2036,0.0606060606060606
GLOBAL,ELCDOMXX03,S2D2,2037,0.0606060606060606
GLOBAL,ELCDOMXX03,S2D2,2038,0.0606060606060606
GLOBAL,ELCDOMXX03,S2D2,2039,0.0606060606060606
GLOBAL,ELCDOMXX03,S2D2,2040,0.0606060606060606
GLOBAL,ELCDOMXX03,S2D2,2041,0.0606060606060606
GLOBAL,ELCDOMXX03,S2D2,2042,0.0606060606060606
GLOBAL,ELCDOMXX03,S2D2,2043,0.0606060606060606
GLOBAL,ELCDOMXX03,S2D2,2044,0.0606060606060606
GLOBAL,ELCDOMXX03,S2D2,2045,0.0606060606060606
GLOBAL,ELCDOMXX03,S2D2,2046,0.0606060606060606
GLOBAL,ELCDOMXX03,S2D2,2047,0.0606060606060606
GLOBAL,ELCDOMXX03,S2D2,2048,0.0606060606060606
GLOBAL,ELCDOMXX03,S2D2,2049,0.0606060606060606
GLOBAL,ELCDOMXX03,S2D2,2050,0.0606060606060606
GLOBAL,ELCDOMXX03,S2D3,2023,0.1111111111111111
GLOBAL,ELCDOMXX03,S2D3,2024,0.1111111111111111
GLOBAL,ELCDOMXX03,S2D3,2025,0.1111111111111111
GLOBAL,ELCDOMXX03,S2D3,2026,0.1111111111111111
GLOBAL,ELCDOMXX03,S2D3,2027,0.1111111111111111
GLOBAL,ELCDOMXX03,S2D3,2028,0.1111111111111111
GLOBAL,ELCDOMXX03,S2D3,2029,0.1111111111111111
GLOBAL,ELCDOMXX03,S2D3,2030,0.1111111111111111
GLOBAL,ELCDOMXX03,S2D3,2031,0.1111111111111111
GLOBAL,ELCDOMXX03,S2D3,2032,0.1111111111111111
GLOBAL,ELCDOMXX03,S2D3,2033,0.1111111111111111
GLOBAL,ELCDOMXX03,S2D3,2034,0.1111111111111111
GLOBAL,ELCDOMXX03,S2D3,2035,0.1111111111111111
GLOBAL,ELCDOMXX03,S2D3,2036,0.1111111111111111
GLOBAL,ELCDOMXX03,S2D3,2037,0.1111111111111111
GLOBAL,ELCDOMXX03,S2D3,2038,0.1111111111111111
GLOBAL,ELCDOMXX03,S2D3,2039,0.1111111111111111
GLOBAL,ELCDOMXX03,S2D3,2040,0.1111111111111111
GLOBAL,ELCDOMXX03,S2D3,2041,0.1111111111111111
GLOBAL,ELCDOMXX03,S2D3,2042,0.1111111111111111
GLOBAL,ELCDOMXX03,S2D3,2043,0.1111111111111111
GLOBAL,ELCDOMXX03,S2D3,2044,0.1111111111111111
GLOBAL,ELCDOMXX03,S2D3,2045,0.1111111111111111
GLOBAL,ELCDOMXX03,S2D3,2046,0.1111111111111111
GLOBAL,ELCDOMXX03,S2D3,2047,0.1111111111111111
GLOBAL,ELCDOMXX03,S2D3,2048,0.1111111111111111
GLOBAL,ELCDOMXX03,S2D3,2049,0.1111111111111111
GLOBAL,ELCDOMXX03,S2D3,2050,0.1111111111111111
GLOBAL,ELCDOMXX03,S3D1,2023,0.0808080808080808
GLOBAL,ELCDOMXX03,S3D1,2024,0.0808080808080808
GLOBAL,ELCDOMXX03,S3D1,2025,0.0808080808080808
GLOBAL,ELCDOMXX03,S3D1,2026,0.0808080808080808
GLOBAL,ELCDOMXX03,S3D1,2027,0.0808080808080808
GLOBAL,ELCDOMXX03,S3D1,2028,0.0808080808080808
GLOBAL,ELCDOMXX03,S3D1,2029,0.0808080808080808
GLOBAL,ELCDOMXX03,S3D1,2030,0.0808080808080808
GLOBAL,ELCDOMXX03,S3D1,2031,0.0808080808080808
GLOBAL,ELCDOMXX03,S3D1,2032,0.0808080808080808
GLOBAL,ELCDOMXX03,S3D1,2033,0.0808080808080808
GLOBAL,ELCDOMXX03,S3D1,2034,0.0808080808080808
GLOBAL,ELCDOMXX03,S3D1,2035,0.0808080808080808
GLOBAL,ELCDOMXX03,S3D1,2036,0.0808080808080808
GLOBAL,ELCDOMXX03,S3D1,2037,0.0808080808080808
GLOBAL,ELCDOMXX03,S3D1,2038,0.0808080808080808
GLOBAL,ELCDOMXX03,S3D1,2039,0.0808080808080808
GLOBAL,ELCDOMXX03,S3D1,2040,0.0808080808080808
GLOBAL,ELCDOMXX03,S3D1,2041,0.0808080808080808
GLOBAL,ELCDOMXX03,S3D1,2042,0.0808080808080808
GLOBAL,ELCDOMXX03,S3D1,2043,0.0808080808080808
GLOBAL,ELCDOMXX03,S3D1,2044,0.0808080808080808
GLOBAL,ELCDOMXX03,S3D1,2045,0.0808080808080808
GLOBAL,ELCDOMXX03,S3D1,2046,0.0808080808080808
GLOBAL,ELCDOMXX03,S3D1,2047,0.0808080808080808
GLOBAL,ELCDOMXX03,S3D1,2048,0.0808080808080808
GLOBAL,ELCDOMXX03,S3D1,2049,0.0808080808080808
GLOBAL,ELCDOMXX03,S3D1,2050,0.0808080808080808
GLOBAL,ELCDOMXX03,S3D2,2023,0.0707070707070707
GLOBAL,ELCDOMXX03,S3D2,2024,0.0707070707070707
GLOBAL,ELCDOMXX03,S3D2,2025,0.0707070707070707
GLOBAL,ELCDOMXX03,S3D2,2026,0.0707070707070707
GLOBAL,ELCDOMXX03,S3D2,2027,0.0707070707070707
GLOBAL,ELCDOMXX03,S3D2,2028,0.0707070707070707
GLOBAL,ELCDOMXX03,S3D2,2029,0.0707070707070707
GLOBAL,ELCDOMXX03,S3D2,2030,0.0707070707070707
GLOBAL,ELCDOMXX03,S3D2,2031,0.0707070707070707
GLOBAL,ELCDOMXX03,S3D2,2032,0.0707070707070707
GLOBAL,ELCDOMXX03,S3D2,2033,0.0707070707070707
GLOBAL,ELCDOMXX03,S3D2,2034,0.0707070707070707
GLOBAL,ELCDOMXX03,S3D2,2035,0.0707070707070707
GLOBAL,ELCDOMXX03,S3D2,2036,0.0707070707070707
GLOBAL,ELCDOMXX03,S3D2,2037,0.0707070707070707
GLOBAL,ELCDOMXX03,S3D2,2038,0.0707070707070707
GLOBAL,ELCDOMXX03,S3D2,2039,0.0707070707070707
GLOBAL,ELCDOMXX03,S3D2,2040,0.0707070707070707
GLOBAL,ELCDOMXX03,S3D2,2041,0.0707070707070707
GLOBAL,ELCDOMXX03,S3D2,2042,0.0707070707070707
GLOBAL,ELCDOMXX03,S3D2,2043,0.0707070707070707
GLOBAL,ELCDOMXX03,S3D2,2044,0.0707070707070707
GLOBAL,ELCDOMXX03,S3D2,2045,0.0707070707070707
GLOBAL,ELCDOMXX03,S3D2,2046,0.0707070707070707
GLOBAL,ELCDOMXX03,S3D2,2047,0.0707070707070707
GLOBAL,ELCDOMXX03,S3D2,2048,0.0707070707070707
GLOBAL,ELCDOMXX03,S3D2,2049,0.0707070707070707
GLOBAL,ELCDOMXX03,S3D2,2050,0.0707070707070707
GLOBAL,ELCDOMXX03,S3D3,2023,0.1212121212121212
GLOBAL,ELCDOMXX03,S3D3,2024,0.1212121212121212
GLOBAL,ELCDOMXX03,S3D3,2025,0.1212121212121212
GLOBAL,ELCDOMXX03,S3D3,2026,0.1212121212121212
GLOBAL,ELCDOMXX03,S3D3,2027,0.1212121212121212
GLOBAL,ELCDOMXX03,S3D3,2028,0.1212121212121212
GLOBAL,ELCDOMXX03,S3D3,2029,0.1212121212121212
GLOBAL,ELCDOMXX03,S3D3,2030,0.1212121212121212
GLOBAL,ELCDOMXX03,S3D3,2031,0.1212121212121212
GLOBAL,ELCDOMXX03,S3D3,2032,0.1212121212121212
GLOBAL,ELCDOMXX03,S3D3,2033,0.1212121212121212
GLOBAL,ELCDOMXX03,S3D3,2034,0.1212121212121212
GLOBAL,ELCDOMXX03,S3D3,2035,0.1212121212121212
GLOBAL,ELCDOMXX03,S3D3,2036,0.1212121212121212
GLOBAL,ELCDOMXX03,S3D3,2037,0.1212121212121212
GLOBAL,ELCDOMXX03,S3D3,2038,0.1212121212121212
GLOBAL,ELCDOMXX03,S3D3,2039,0.1212121212121212
GLOBAL,ELCDOMXX03,S3D3,2040,0.1212121212121212
GLOBAL,ELCDOMXX03,S3D3,2041,0.1212121212121212
GLOBAL,ELCDOMXX03,S3D3,2042,0.1212121212121212
GLOBAL,ELCDOMXX03,S3D3,2043,0.1212121212121212
GLOBAL,ELCDOMXX03,S3D3,2044,0.1212121212121212
GLOBAL,ELCDOMXX03,S3D3,2045,0.1212121212121212
GLOBAL,ELCDOMXX03,S3D3,2046,0.1212121212121212
GLOBAL,ELCDOMXX03,S3D3,2047,0.1212121212121212
GLOBAL,ELCDOMXX03,S3D3,2048,0.1212121212121212
GLOBAL,ELCDOMXX03,S3D3,2049,0.1212121212121212
GLOBAL,ELCDOMXX03,S3D3,2050,0.1212121212121212
GLOBAL,ELCDOMXX03,S4D1,2023,0.0707070707070707
GLOBAL,ELCDOMXX03,S4D1,2024,0.0707070707070707
GLOBAL,ELCDOMXX03,S4D1,2025,0.0707070707070707
GLOBAL,ELCDOMXX03,S4D1,2026,0.0707070707070707
GLOBAL,ELCDOMXX03,S4D1,2027,0.0707070707070707
GLOBAL,ELCDOMXX03,S4D1,2028,0.0707070707070707
GLOBAL,ELCDOMXX03,S4D1,2029,0.0707070707070707
GLOBAL,ELCDOMXX03,S4D1,2030,0.0707070707070707
GLOBAL,ELCDOMXX03,S4D1,2031,0.0707070707070707
GLOBAL,ELCDOMXX03,S4D1,2032,0.0707070707070707
GLOBAL,ELCDOMXX03,S4D1,2033,0.0707070707070707
GLOBAL,ELCDOMXX03,S4D1,2034,0.0707070707070707
GLOBAL,ELCDOMXX03,S4D1,2035,0.0707070707070707
GLOBAL,ELCDOMXX03,S4D1,2036,0.0707070707070707
GLOBAL,ELCDOMXX03,S4D1,2037,0.0707070707070707
GLOBAL,ELCDOMXX03,S4D1,2038,0.0707070707070707
GLOBAL,ELCDOMXX03,S4D1,2039,0.0707070707070707
GLOBAL,ELCDOMXX03,S4D1,2040,0.0707070707070707
GLOBAL,ELCDOMXX03,S4D1,2041,0.0707070707070707
GLOBAL,ELCDOMXX03,S4D1,2042,0.0707070707070707
GLOBAL,ELCDOMXX03,S4D1,2043,0.0707070707070707
GLOBAL,ELCDOMXX03,S4D1,2044,0.0707070707070707
GLOBAL,ELCDOMXX03,S4D1,2045,0.0707070707070707
GLOBAL,ELCDOMXX03,S4D1,2046,0.0707070707070707
GLOBAL,ELCDOMXX03,S4D1,2047,0.0707070707070707
GLOBAL,ELCDOMXX03,S4D1,2048,0.0707070707070707
GLOBAL,ELCDOMXX03,S4D1,2049,0.0707070707070707
GLOBAL,ELCDOMXX03,S4D1,2050,0.0707070707070707
GLOBAL,ELCDOMXX03,S4D2,2023,0.0606060606060606
GLOBAL,ELCDOMXX03,S4D2,2024,0.0606060606060606
GLOBAL,ELCDOMXX03,S4D2,2025,0.0606060606060606
GLOBAL,ELCDOMXX03,S4D2,2026,0.0606060606060606
GLOBAL,ELCDOMXX03,S4D2,2027,0.0606060606060606
GLOBAL,ELCDOMXX03,S4D2,2028,0.0606060606060606
GLOBAL,ELCDOMXX03,S4D2,2029,0.0606060606060606
GLOBAL,ELCDOMXX03,S4D2,2030,0.0606060606060606
GLOBAL,ELCDOMXX03,S4D2,2031,0.0606060606060606
GLOBAL,ELCDOMXX03,S4D2,2032,0.0606060606060606
GLOBAL,ELCDOMXX03,S4D2,2033,0.0606060606060606
GLOBAL,ELCDOMXX03,S4D2,2034,0.0606060606060606
GLOBAL,ELCDOMXX03,S4D2,2035,0.0606060606060606
GLOBAL,ELCDOMXX03,S4D2,2036,0.0606060606060606
GLOBAL,ELCDOMXX03,S4D2,2037,0.0606060606060606
GLOBAL,ELCDOMXX03,S4D2,2038,0.0606060606060606
GLOBAL,ELCDOMXX03,S4D2,2039,0.0606060606060606
GLOBAL,ELCDOMXX03,S4D2,2040,0.0606060606060606
GLOBAL,ELCDOMXX03,S4D2,2041,0.0606060606060606
GLOBAL,ELCDOMXX03,S4D2,2042,0.0606060606060606
GLOBAL,ELCDOMXX03,S4D2,2043,0.0606060606060606
GLOBAL,ELCDOMXX03,S4D2,2044,0.0606060606060606
GLOBAL,ELCDOMXX03,S4D2,2045,0.0606060606060606
GLOBAL,ELCDOMXX03,S4D2,2046,0.0606060606060606
GLOBAL,ELCDOMXX03,S4D2,2047,0.0606060606060606
GLOBAL,ELCDOMXX03,S4D2,2048,0.0606060606060606
GLOBAL,ELCDOMXX03,S4D2,2049,0.0606060606060606
GLOBAL,ELCDOMXX03,S4D2,2050,0.0606060606060606
GLOBAL,ELCDOMXX03,S4D3,2023,0.1111111111111111
GLOBAL,ELCDOMXX03,S4D3,2024,0.1111111111111111
GLOBAL,ELCDOMXX03,S4D3,2025,0.1111111111111111
GLOBAL,ELCDOMXX03,S4D3,2026,0.1111111111111111
GLOBAL,ELCDOMXX03,S4D3,2027,0.1111111111111111
GLOBAL,ELCDOMXX03,S4D3,2028,0.1111111111111111
GLOBAL,ELCDOMXX03,S4D3,2029,0.1111111111111111
GLOBAL,ELCDOMXX03,S4D3,2030,0.1111111111111111
GLOBAL,ELCDOMXX03,S4D3,2031,0.1111111111111111
GLOBAL,ELCDOMXX03,S4D3,2032,0.1111111111111111
GLOBAL,ELCDOMXX03,S4D3,2033,0.1111111111111111
GLOBAL,ELCDOMXX03,S4D3,2034,0.1111111111111111
GLOBAL,ELCDOMXX03,S4D3,2035,0.1111111111111111
GLOBAL,ELCDOMXX03,S4D3,2036,0.1111111111111111
GLOBAL,ELCDOMXX03,S4D3,2037,0.1111111111111111
GLOBAL,ELCDOMXX03,S4D3,2038,0.1111111111111111
GLOBAL,ELCDOMXX03,S4D3,2039,0.1111111111111111
GLOBAL,ELCDOMXX03,S4D3,2040,0.1111111111111111
GLOBAL,ELCDOMXX03,S4D3,2041,0.1111111111111111
GLOBAL,ELCDOMXX03,S4D3,2042,0.1111111111111111
GLOBAL,ELCDOMXX03,S4D3,2043,0.1111111111111111
GLOBAL,ELCDOMXX03,S4D3,2044,0.1111111111111111
GLOBAL,ELCDOMXX03,S4D3,2045,0.1111111111111111
GLOBAL,ELCDOMXX03,S4D3,2046,0.1111111111111111
GLOBAL,ELCDOMXX03,S4D3,2047,0.1111111111111111
GLOBAL,ELCDOMXX03,S4D3,2048,0.1111111111111111
GLOBAL,ELCDOMXX03,S4D3,2049,0.1111111111111111
GLOBAL,ELCDOMXX03,S4D3,2050,0.1111111111111111
GLOBAL,ELCECUXX03,S1D1,2023,0.08
GLOBAL,ELCECUXX03,S1D1,2024,0.08
GLOBAL,ELCECUXX03,S1D1,2025,0.08
GLOBAL,ELCECUXX03,S1D1,2026,0.08
GLOBAL,ELCECUXX03,S1D1,2027,0.08
GLOBAL,ELCECUXX03,S1D1,2028,0.08
GLOBAL,ELCECUXX03,S1D1,2029,0.08
GLOBAL,ELCECUXX03,S1D1,2030,0.08
GLOBAL,ELCECUXX03,S1D1,2031,0.08
GLOBAL,ELCECUXX03,S1D1,2032,0.08
GLOBAL,ELCECUXX03,S1D1,2033,0.08
GLOBAL,ELCECUXX03,S1D1,2034,0.08
GLOBAL,ELCECUXX03,S1D1,2035,0.08
GLOBAL,ELCECUXX03,S1D1,2036,0.08
GLOBAL,ELCECUXX03,S1D1,2037,0.08
GLOBAL,ELCECUXX03,S1D1,2038,0.08
GLOBAL,ELCECUXX03,S1D1,2039,0.08
GLOBAL,ELCECUXX03,S1D1,2040,0.08
GLOBAL,ELCECUXX03,S1D1,2041,0.08
GLOBAL,ELCECUXX03,S1D1,2042,0.08
GLOBAL,ELCECUXX03,S1D1,2043,0.08
GLOBAL,ELCECUXX03,S1D1,2044,0.08
GLOBAL,ELCECUXX03,S1D1,2045,0.08
GLOBAL,ELCECUXX03,S1D1,2046,0.08
GLOBAL,ELCECUXX03,S1D1,2047,0.08
GLOBAL,ELCECUXX03,S1D1,2048,0.08
GLOBAL,ELCECUXX03,S1D1,2049,0.08
GLOBAL,ELCECUXX03,S1D1,2050,0.08
GLOBAL,ELCECUXX03,S1D2,2023,0.06
GLOBAL,ELCECUXX03,S1D2,2024,0.06
GLOBAL,ELCECUXX03,S1D2,2025,0.06
GLOBAL,ELCECUXX03,S1D2,2026,0.06
GLOBAL,ELCECUXX03,S1D2,2027,0.06
GLOBAL,ELCECUXX03,S1D2,2028,0.06
GLOBAL,ELCECUXX03,S1D2,2029,0.06
GLOBAL,ELCECUXX03,S1D2,2030,0.06
GLOBAL,ELCECUXX03,S1D2,2031,0.06
GLOBAL,ELCECUXX03,S1D2,2032,0.06
GLOBAL,ELCECUXX03,S1D2,2033,0.06
GLOBAL,ELCECUXX03,S1D2,2034,0.06
GLOBAL,ELCECUXX03,S1D2,2035,0.06
GLOBAL,ELCECUXX03,S1D2,2036,0.06
GLOBAL,ELCECUXX03,S1D2,2037,0.06
GLOBAL,ELCECUXX03,S1D2,2038,0.06
GLOBAL,ELCECUXX03,S1D2,2039,0.06
GLOBAL,ELCECUXX03,S1D2,2040,0.06
GLOBAL,ELCECUXX03,S1D2,2041,0.06
GLOBAL,ELCECUXX03,S1D2,2042,0.06
GLOBAL,ELCECUXX03,S1D2,2043,0.06
GLOBAL,ELCECUXX03,S1D2,2044,0.06
GLOBAL,ELCECUXX03,S1D2,2045,0.06
GLOBAL,ELCECUXX03,S1D2,2046,0.06
GLOBAL,ELCECUXX03,S1D2,2047,0.06
GLOBAL,ELCECUXX03,S1D2,2048,0.06
GLOBAL,ELCECUXX03,S1D2,2049,0.06
GLOBAL,ELCECUXX03,S1D2,2050,0.06
GLOBAL,ELCECUXX03,S1D3,2023,0.11
GLOBAL,ELCECUXX03,S1D3,2024,0.11
GLOBAL,ELCECUXX03,S1D3,2025,0.11
GLOBAL,ELCECUXX03,S1D3,2026,0.11
GLOBAL,ELCECUXX03,S1D3,2027,0.11
GLOBAL,ELCECUXX03,S1D3,2028,0.11
GLOBAL,ELCECUXX03,S1D3,2029,0.11
GLOBAL,ELCECUXX03,S1D3,2030,0.11
GLOBAL,ELCECUXX03,S1D3,2031,0.11
GLOBAL,ELCECUXX03,S1D3,2032,0.11
GLOBAL,ELCECUXX03,S1D3,2033,0.11
GLOBAL,ELCECUXX03,S1D3,2034,0.11
GLOBAL,ELCECUXX03,S1D3,2035,0.11
GLOBAL,ELCECUXX03,S1D3,2036,0.11
GLOBAL,ELCECUXX03,S1D3,2037,0.11
GLOBAL,ELCECUXX03,S1D3,2038,0.11
GLOBAL,ELCECUXX03,S1D3,2039,0.11
GLOBAL,ELCECUXX03,S1D3,2040,0.11
GLOBAL,ELCECUXX03,S1D3,2041,0.11
GLOBAL,ELCECUXX03,S1D3,2042,0.11
GLOBAL,ELCECUXX03,S1D3,2043,0.11
GLOBAL,ELCECUXX03,S1D3,2044,0.11
GLOBAL,ELCECUXX03,S1D3,2045,0.11
GLOBAL,ELCECUXX03,S1D3,2046,0.11
GLOBAL,ELCECUXX03,S1D3,2047,0.11
GLOBAL,ELCECUXX03,S1D3,2048,0.11
GLOBAL,ELCECUXX03,S1D3,2049,0.11
GLOBAL,ELCECUXX03,S1D3,2050,0.11
GLOBAL,ELCECUXX03,S2D1,2023,0.08
GLOBAL,ELCECUXX03,S2D1,2024,0.08
GLOBAL,ELCECUXX03,S2D1,2025,0.08
GLOBAL,ELCECUXX03,S2D1,2026,0.08
GLOBAL,ELCECUXX03,S2D1,2027,0.08
GLOBAL,ELCECUXX03,S2D1,2028,0.08
GLOBAL,ELCECUXX03,S2D1,2029,0.08
GLOBAL,ELCECUXX03,S2D1,2030,0.08
GLOBAL,ELCECUXX03,S2D1,2031,0.08
GLOBAL,ELCECUXX03,S2D1,2032,0.08
GLOBAL,ELCECUXX03,S2D1,2033,0.08
GLOBAL,ELCECUXX03,S2D1,2034,0.08
GLOBAL,ELCECUXX03,S2D1,2035,0.08
GLOBAL,ELCECUXX03,S2D1,2036,0.08
GLOBAL,ELCECUXX03,S2D1,2037,0.08
GLOBAL,ELCECUXX03,S2D1,2038,0.08
GLOBAL,ELCECUXX03,S2D1,2039,0.08
GLOBAL,ELCECUXX03,S2D1,2040,0.08
GLOBAL,ELCECUXX03,S2D1,2041,0.08
GLOBAL,ELCECUXX03,S2D1,2042,0.08
GLOBAL,ELCECUXX03,S2D1,2043,0.08
GLOBAL,ELCECUXX03,S2D1,2044,0.08
GLOBAL,ELCECUXX03,S2D1,2045,0.08
GLOBAL,ELCECUXX03,S2D1,2046,0.08
GLOBAL,ELCECUXX03,S2D1,2047,0.08
GLOBAL,ELCECUXX03,S2D1,2048,0.08
GLOBAL,ELCECUXX03,S2D1,2049,0.08
GLOBAL,ELCECUXX03,S2D1,2050,0.08
GLOBAL,ELCECUXX03,S2D2,2023,0.06
GLOBAL,ELCECUXX03,S2D2,2024,0.06
GLOBAL,ELCECUXX03,S2D2,2025,0.06
GLOBAL,ELCECUXX03,S2D2,2026,0.06
GLOBAL,ELCECUXX03,S2D2,2027,0.06
GLOBAL,ELCECUXX03,S2D2,2028,0.06
GLOBAL,ELCECUXX03,S2D2,2029,0.06
GLOBAL,ELCECUXX03,S2D2,2030,0.06
GLOBAL,ELCECUXX03,S2D2,2031,0.06
GLOBAL,ELCECUXX03,S2D2,2032,0.06
GLOBAL,ELCECUXX03,S2D2,2033,0.06
GLOBAL,ELCECUXX03,S2D2,2034,0.06
GLOBAL,ELCECUXX03,S2D2,2035,0.06
GLOBAL,ELCECUXX03,S2D2,2036,0.06
GLOBAL,ELCECUXX03,S2D2,2037,0.06
GLOBAL,ELCECUXX03,S2D2,2038,0.06
GLOBAL,ELCECUXX03,S2D2,2039,0.06
GLOBAL,ELCECUXX03,S2D2,2040,0.06
GLOBAL,ELCECUXX03,S2D2,2041,0.06
GLOBAL,ELCECUXX03,S2D2,2042,0.06
GLOBAL,ELCECUXX03,S2D2,2043,0.06
GLOBAL,ELCECUXX03,S2D2,2044,0.06
GLOBAL,ELCECUXX03,S2D2,2045,0.06
GLOBAL,ELCECUXX03,S2D2,2046,0.06
GLOBAL,ELCECUXX03,S2D2,2047,0.06
GLOBAL,ELCECUXX03,S2D2,2048,0.06
GLOBAL,ELCECUXX03,S2D2,2049,0.06
GLOBAL,ELCECUXX03,S2D2,2050,0.06
GLOBAL,ELCECUXX03,S2D3,2023,0.11
GLOBAL,ELCECUXX03,S2D3,2024,0.11
GLOBAL,ELCECUXX03,S2D3,2025,0.11
GLOBAL,ELCECUXX03,S2D3,2026,0.11
GLOBAL,ELCECUXX03,S2D3,2027,0.11
GLOBAL,ELCECUXX03,S2D3,2028,0.11
GLOBAL,ELCECUXX03,S2D3,2029,0.11
GLOBAL,ELCECUXX03,S2D3,2030,0.11
GLOBAL,ELCECUXX03,S2D3,2031,0.11
GLOBAL,ELCECUXX03,S2D3,2032,0.11
GLOBAL,ELCECUXX03,S2D3,2033,0.11
GLOBAL,ELCECUXX03,S2D3,2034,0.11
GLOBAL,ELCECUXX03,S2D3,2035,0.11
GLOBAL,ELCECUXX03,S2D3,2036,0.11
GLOBAL,ELCECUXX03,S2D3,2037,0.11
GLOBAL,ELCECUXX03,S2D3,2038,0.11
GLOBAL,ELCECUXX03,S2D3,2039,0.11
GLOBAL,ELCECUXX03,S2D3,2040,0.11
GLOBAL,ELCECUXX03,S2D3,2041,0.11
GLOBAL,ELCECUXX03,S2D3,2042,0.11
GLOBAL,ELCECUXX03,S2D3,2043,0.11
GLOBAL,ELCECUXX03,S2D3,2044,0.11
GLOBAL,ELCECUXX03,S2D3,2045,0.11
GLOBAL,ELCECUXX03,S2D3,2046,0.11
GLOBAL,ELCECUXX03,S2D3,2047,0.11
GLOBAL,ELCECUXX03,S2D3,2048,0.11
GLOBAL,ELCECUXX03,S2D3,2049,0.11
GLOBAL,ELCECUXX03,S2D3,2050,0.11
GLOBAL,ELCECUXX03,S3D1,2023,0.08
GLOBAL,ELCECUXX03,S3D1,2024,0.08
GLOBAL,ELCECUXX03,S3D1,2025,0.08
GLOBAL,ELCECUXX03,S3D1,2026,0.08
GLOBAL,ELCECUXX03,S3D1,2027,0.08
GLOBAL,ELCECUXX03,S3D1,2028,0.08
GLOBAL,ELCECUXX03,S3D1,2029,0.08
GLOBAL,ELCECUXX03,S3D1,2030,0.08
GLOBAL,ELCECUXX03,S3D1,2031,0.08
GLOBAL,ELCECUXX03,S3D1,2032,0.08
GLOBAL,ELCECUXX03,S3D1,2033,0.08
GLOBAL,ELCECUXX03,S3D1,2034,0.08
GLOBAL,ELCECUXX03,S3D1,2035,0.08
GLOBAL,ELCECUXX03,S3D1,2036,0.08
GLOBAL,ELCECUXX03,S3D1,2037,0.08
GLOBAL,ELCECUXX03,S3D1,2038,0.08
GLOBAL,ELCECUXX03,S3D1,2039,0.08
GLOBAL,ELCECUXX03,S3D1,2040,0.08
GLOBAL,ELCECUXX03,S3D1,2041,0.08
GLOBAL,ELCECUXX03,S3D1,2042,0.08
GLOBAL,ELCECUXX03,S3D1,2043,0.08
GLOBAL,ELCECUXX03,S3D1,2044,0.08
GLOBAL,ELCECUXX03,S3D1,2045,0.08
GLOBAL,ELCECUXX03,S3D1,2046,0.08
GLOBAL,ELCECUXX03,S3D1,2047,0.08
GLOBAL,ELCECUXX03,S3D1,2048,0.08
GLOBAL,ELCECUXX03,S3D1,2049,0.08
GLOBAL,ELCECUXX03,S3D1,2050,0.08
GLOBAL,ELCECUXX03,S3D2,2023,0.06
GLOBAL,ELCECUXX03,S3D2,2024,0.06
GLOBAL,ELCECUXX03,S3D2,2025,0.06
GLOBAL,ELCECUXX03,S3D2,2026,0.06
GLOBAL,ELCECUXX03,S3D2,2027,0.06
GLOBAL,ELCECUXX03,S3D2,2028,0.06
GLOBAL,ELCECUXX03,S3D2,2029,0.06
GLOBAL,ELCECUXX03,S3D2,2030,0.06
GLOBAL,ELCECUXX03,S3D2,2031,0.06
GLOBAL,ELCECUXX03,S3D2,2032,0.06
GLOBAL,ELCECUXX03,S3D2,2033,0.06
GLOBAL,ELCECUXX03,S3D2,2034,0.06
GLOBAL,ELCECUXX03,S3D2,2035,0.06
GLOBAL,ELCECUXX03,S3D2,2036,0.06
GLOBAL,ELCECUXX03,S3D2,2037,0.06
GLOBAL,ELCECUXX03,S3D2,2038,0.06
GLOBAL,ELCECUXX03,S3D2,2039,0.06
GLOBAL,ELCECUXX03,S3D2,2040,0.06
GLOBAL,ELCECUXX03,S3D2,2041,0.06
GLOBAL,ELCECUXX03,S3D2,2042,0.06
GLOBAL,ELCECUXX03,S3D2,2043,0.06
GLOBAL,ELCECUXX03,S3D2,2044,0.06
GLOBAL,ELCECUXX03,S3D2,2045,0.06
GLOBAL,ELCECUXX03,S3D2,2046,0.06
GLOBAL,ELCECUXX03,S3D2,2047,0.06
GLOBAL,ELCECUXX03,S3D2,2048,0.06
GLOBAL,ELCECUXX03,S3D2,2049,0.06
GLOBAL,ELCECUXX03,S3D2,2050,0.06
GLOBAL,ELCECUXX03,S3D3,2023,0.11
GLOBAL,ELCECUXX03,S3D3,2024,0.11
GLOBAL,ELCECUXX03,S3D3,2025,0.11
GLOBAL,ELCECUXX03,S3D3,2026,0.11
GLOBAL,ELCECUXX03,S3D3,2027,0.11
GLOBAL,ELCECUXX03,S3D3,2028,0.11
GLOBAL,ELCECUXX03,S3D3,2029,0.11
GLOBAL,ELCECUXX03,S3D3,2030,0.11
GLOBAL,ELCECUXX03,S3D3,2031,0.11
GLOBAL,ELCECUXX03,S3D3,2032,0.11
GLOBAL,ELCECUXX03,S3D3,2033,0.11
GLOBAL,ELCECUXX03,S3D3,2034,0.11
GLOBAL,ELCECUXX03,S3D3,2035,0.11
GLOBAL,ELCECUXX03,S3D3,2036,0.11
GLOBAL,ELCECUXX03,S3D3,2037,0.11
GLOBAL,ELCECUXX03,S3D3,2038,0.11
GLOBAL,ELCECUXX03,S3D3,2039,0.11
GLOBAL,ELCECUXX03,S3D3,2040,0.11
GLOBAL,ELCECUXX03,S3D3,2041,0.11
GLOBAL,ELCECUXX03,S3D3,2042,0.11
GLOBAL,ELCECUXX03,S3D3,2043,0.11
GLOBAL,ELCECUXX03,S3D3,2044,0.11
GLOBAL,ELCECUXX03,S3D3,2045,0.11
GLOBAL,ELCECUXX03,S3D3,2046,0.11
GLOBAL,ELCECUXX03,S3D3,2047,0.11
GLOBAL,ELCECUXX03,S3D3,2048,0.11
GLOBAL,ELCECUXX03,S3D3,2049,0.11
GLOBAL,ELCECUXX03,S3D3,2050,0.11
GLOBAL,ELCECUXX03,S4D1,2023,0.08
GLOBAL,ELCECUXX03,S4D1,2024,0.08
GLOBAL,ELCECUXX03,S4D1,2025,0.08
GLOBAL,ELCECUXX03,S4D1,2026,0.08
GLOBAL,ELCECUXX03,S4D1,2027,0.08
GLOBAL,ELCECUXX03,S4D1,2028,0.08
GLOBAL,ELCECUXX03,S4D1,2029,0.08
GLOBAL,ELCECUXX03,S4D1,2030,0.08
GLOBAL,ELCECUXX03,S4D1,2031,0.08
GLOBAL,ELCECUXX03,S4D1,2032,0.08
GLOBAL,ELCECUXX03,S4D1,2033,0.08
GLOBAL,ELCECUXX03,S4D1,2034,0.08
GLOBAL,ELCECUXX03,S4D1,2035,0.08
GLOBAL,ELCECUXX03,S4D1,2036,0.08
GLOBAL,ELCECUXX03,S4D1,2037,0.08
GLOBAL,ELCECUXX03,S4D1,2038,0.08
GLOBAL,ELCECUXX03,S4D1,2039,0.08
GLOBAL,ELCECUXX03,S4D1,2040,0.08
GLOBAL,ELCECUXX03,S4D1,2041,0.08
GLOBAL,ELCECUXX03,S4D1,2042,0.08
GLOBAL,ELCECUXX03,S4D1,2043,0.08
GLOBAL,ELCECUXX03,S4D1,2044,0.08
GLOBAL,ELCECUXX03,S4D1,2045,0.08
GLOBAL,ELCECUXX03,S4D1,2046,0.08
GLOBAL,ELCECUXX03,S4D1,2047,0.08
GLOBAL,ELCECUXX03,S4D1,2048,0.08
GLOBAL,ELCECUXX03,S4D1,2049,0.08
GLOBAL,ELCECUXX03,S4D1,2050,0.08
GLOBAL,ELCECUXX03,S4D2,2023,0.06
GLOBAL,ELCECUXX03,S4D2,2024,0.06
GLOBAL,ELCECUXX03,S4D2,2025,0.06
GLOBAL,ELCECUXX03,S4D2,2026,0.06
GLOBAL,ELCECUXX03,S4D2,2027,0.06
GLOBAL,ELCECUXX03,S4D2,2028,0.06
GLOBAL,ELCECUXX03,S4D2,2029,0.06
GLOBAL,ELCECUXX03,S4D2,2030,0.06
GLOBAL,ELCECUXX03,S4D2,2031,0.06
GLOBAL,ELCECUXX03,S4D2,2032,0.06
GLOBAL,ELCECUXX03,S4D2,2033,0.06
GLOBAL,ELCECUXX03,S4D2,2034,0.06
GLOBAL,ELCECUXX03,S4D2,2035,0.06
GLOBAL,ELCECUXX03,S4D2,2036,0.06
GLOBAL,ELCECUXX03,S4D2,2037,0.06
GLOBAL,ELCECUXX03,S4D2,2038,0.06
GLOBAL,ELCECUXX03,S4D2,2039,0.06
GLOBAL,ELCECUXX03,S4D2,2040,0.06
GLOBAL,ELCECUXX03,S4D2,2041,0.06
GLOBAL,ELCECUXX03,S4D2,2042,0.06
GLOBAL,ELCECUXX03,S4D2,2043,0.06
GLOBAL,ELCECUXX03,S4D2,2044,0.06
GLOBAL,ELCECUXX03,S4D2,2045,0.06
GLOBAL,ELCECUXX03,S4D2,2046,0.06
GLOBAL,ELCECUXX03,S4D2,2047,0.06
GLOBAL,ELCECUXX03,S4D2,2048,0.06
GLOBAL,ELCECUXX03,S4D2,2049,0.06
GLOBAL,ELCECUXX03,S4D2,2050,0.06
GLOBAL,ELCECUXX03,S4D3,2023,0.11
GLOBAL,ELCECUXX03,S4D3,2024,0.11
GLOBAL,ELCECUXX03,S4D3,2025,0.11
GLOBAL,ELCECUXX03,S4D3,2026,0.11
GLOBAL,ELCECUXX03,S4D3,2027,0.11
GLOBAL,ELCECUXX03,S4D3,2028,0.11
GLOBAL,ELCECUXX03,S4D3,2029,0.11
GLOBAL,ELCECUXX03,S4D3,2030,0.11
GLOBAL,ELCECUXX03,S4D3,2031,0.11
GLOBAL,ELCECUXX03,S4D3,2032,0.11
GLOBAL,ELCECUXX03,S4D3,2033,0.11
GLOBAL,ELCECUXX03,S4D3,2034,0.11
GLOBAL,ELCECUXX03,S4D3,2035,0.11
GLOBAL,ELCECUXX03,S4D3,2036,0.11
GLOBAL,ELCECUXX03,S4D3,2037,0.11
GLOBAL,ELCECUXX03,S4D3,2038,0.11
GLOBAL,ELCECUXX03,S4D3,2039,0.11
GLOBAL,ELCECUXX03,S4D3,2040,0.11
GLOBAL,ELCECUXX03,S4D3,2041,0.11
GLOBAL,ELCECUXX03,S4D3,2042,0.11
GLOBAL,ELCECUXX03,S4D3,2043,0.11
GLOBAL,ELCECUXX03,S4D3,2044,0.11
GLOBAL,ELCECUXX03,S4D3,2045,0.11
GLOBAL,ELCECUXX03,S4D3,2046,0.11
GLOBAL,ELCECUXX03,S4D3,2047,0.11
GLOBAL,ELCECUXX03,S4D3,2048,0.11
GLOBAL,ELCECUXX03,S4D3,2049,0.11
GLOBAL,ELCECUXX03,S4D3,2050,0.11
GLOBAL,ELCGTMXX03,S1D1,2023,0.0792079207920792
GLOBAL,ELCGTMXX03,S1D1,2024,0.0792079207920792
GLOBAL,ELCGTMXX03,S1D1,2025,0.0792079207920792
GLOBAL,ELCGTMXX03,S1D1,2026,0.0792079207920792
GLOBAL,ELCGTMXX03,S1D1,2027,0.0792079207920792
GLOBAL,ELCGTMXX03,S1D1,2028,0.0792079207920792
GLOBAL,ELCGTMXX03,S1D1,2029,0.0792079207920792
GLOBAL,ELCGTMXX03,S1D1,2030,0.0792079207920792
GLOBAL,ELCGTMXX03,S1D1,2031,0.0792079207920792
GLOBAL,ELCGTMXX03,S1D1,2032,0.0792079207920792
GLOBAL,ELCGTMXX03,S1D1,2033,0.0792079207920792
GLOBAL,ELCGTMXX03,S1D1,2034,0.0792079207920792
GLOBAL,ELCGTMXX03,S1D1,2035,0.0792079207920792
GLOBAL,ELCGTMXX03,S1D1,2036,0.0792079207920792
GLOBAL,ELCGTMXX03,S1D1,2037,0.0792079207920792
GLOBAL,ELCGTMXX03,S1D1,2038,0.0792079207920792
GLOBAL,ELCGTMXX03,S1D1,2039,0.0792079207920792
GLOBAL,ELCGTMXX03,S1D1,2040,0.0792079207920792
GLOBAL,ELCGTMXX03,S1D1,2041,0.0792079207920792
GLOBAL,ELCGTMXX03,S1D1,2042,0.0792079207920792
GLOBAL,ELCGTMXX03,S1D1,2043,0.0792079207920792
GLOBAL,ELCGTMXX03,S1D1,2044,0.0792079207920792
GLOBAL,ELCGTMXX03,S1D1,2045,0.0792079207920792
GLOBAL,ELCGTMXX03,S1D1,2046,0.0792079207920792
GLOBAL,ELCGTMXX03,S1D1,2047,0.0792079207920792
GLOBAL,ELCGTMXX03,S1D1,2048,0.0792079207920792
GLOBAL,ELCGTMXX03,S1D1,2049,0.0792079207920792
GLOBAL,ELCGTMXX03,S1D1,2050,0.0792079207920792
GLOBAL,ELCGTMXX03,S1D2,2023,0.0594059405940594
GLOBAL,ELCGTMXX03,S1D2,2024,0.0594059405940594
GLOBAL,ELCGTMXX03,S1D2,2025,0.0594059405940594
GLOBAL,ELCGTMXX03,S1D2,2026,0.0594059405940594
GLOBAL,ELCGTMXX03,S1D2,2027,0.0594059405940594
GLOBAL,ELCGTMXX03,S1D2,2028,0.0594059405940594
GLOBAL,ELCGTMXX03,S1D2,2029,0.0594059405940594
GLOBAL,ELCGTMXX03,S1D2,2030,0.0594059405940594
GLOBAL,ELCGTMXX03,S1D2,2031,0.0594059405940594
GLOBAL,ELCGTMXX03,S1D2,2032,0.0594059405940594
GLOBAL,ELCGTMXX03,S1D2,2033,0.0594059405940594
GLOBAL,ELCGTMXX03,S1D2,2034,0.0594059405940594
GLOBAL,ELCGTMXX03,S1D2,2035,0.0594059405940594
GLOBAL,ELCGTMXX03,S1D2,2036,0.0594059405940594
GLOBAL,ELCGTMXX03,S1D2,2037,0.0594059405940594
GLOBAL,ELCGTMXX03,S1D2,2038,0.0594059405940594
GLOBAL,ELCGTMXX03,S1D2,2039,0.0594059405940594
GLOBAL,ELCGTMXX03,S1D2,2040,0.0594059405940594
GLOBAL,ELCGTMXX03,S1D2,2041,0.0594059405940594
GLOBAL,ELCGTMXX03,S1D2,2042,0.0594059405940594
GLOBAL,ELCGTMXX03,S1D2,2043,0.0594059405940594
GLOBAL,ELCGTMXX03,S1D2,2044,0.0594059405940594
GLOBAL,ELCGTMXX03,S1D2,2045,0.0594059405940594
GLOBAL,ELCGTMXX03,S1D2,2046,0.0594059405940594
GLOBAL,ELCGTMXX03,S1D2,2047,0.0594059405940594
GLOBAL,ELCGTMXX03,S1D2,2048,0.0594059405940594
GLOBAL,ELCGTMXX03,S1D2,2049,0.0594059405940594
GLOBAL,ELCGTMXX03,S1D2,2050,0.0594059405940594
GLOBAL,ELCGTMXX03,S1D3,2023,0.1089108910891089
GLOBAL,ELCGTMXX03,S1D3,2024,0.1089108910891089
GLOBAL,ELCGTMXX03,S1D3,2025,0.1089108910891089
GLOBAL,ELCGTMXX03,S1D3,2026,0.1089108910891089
GLOBAL,ELCGTMXX03,S1D3,2027,0.1089108910891089
GLOBAL,ELCGTMXX03,S1D3,2028,0.1089108910891089
GLOBAL,ELCGTMXX03,S1D3,2029,0.1089108910891089
GLOBAL,ELCGTMXX03,S1D3,2030,0.1089108910891089
GLOBAL,ELCGTMXX03,S1D3,2031,0.1089108910891089
GLOBAL,ELCGTMXX03,S1D3,2032,0.1089108910891089
GLOBAL,ELCGTMXX03,S1D3,2033,0.1089108910891089
GLOBAL,ELCGTMXX03,S1D3,2034,0.1089108910891089
GLOBAL,ELCGTMXX03,S1D3,2035,0.1089108910891089
GLOBAL,ELCGTMXX03,S1D3,2036,0.1089108910891089
GLOBAL,ELCGTMXX03,S1D3,2037,0.1089108910891089
GLOBAL,ELCGTMXX03,S1D3,2038,0.1089108910891089
GLOBAL,ELCGTMXX03,S1D3,2039,0.1089108910891089
GLOBAL,ELCGTMXX03,S1D3,2040,0.1089108910891089
GLOBAL,ELCGTMXX03,S1D3,2041,0.1089108910891089
GLOBAL,ELCGTMXX03,S1D3,2042,0.1089108910891089
GLOBAL,ELCGTMXX03,S1D3,2043,0.1089108910891089
GLOBAL,ELCGTMXX03,S1D3,2044,0.1089108910891089
GLOBAL,ELCGTMXX03,S1D3,2045,0.1089108910891089
GLOBAL,ELCGTMXX03,S1D3,2046,0.1089108910891089
GLOBAL,ELCGTMXX03,S1D3,2047,0.1089108910891089
GLOBAL,ELCGTMXX03,S1D3,2048,0.1089108910891089
GLOBAL,ELCGTMXX03,S1D3,2049,0.1089108910891089
GLOBAL,ELCGTMXX03,S1D3,2050,0.1089108910891089
GLOBAL,ELCGTMXX03,S2D1,2023,0.0792079207920792
GLOBAL,ELCGTMXX03,S2D1,2024,0.0792079207920792
GLOBAL,ELCGTMXX03,S2D1,2025,0.0792079207920792
GLOBAL,ELCGTMXX03,S2D1,2026,0.0792079207920792
GLOBAL,ELCGTMXX03,S2D1,2027,0.0792079207920792
GLOBAL,ELCGTMXX03,S2D1,2028,0.0792079207920792
GLOBAL,ELCGTMXX03,S2D1,2029,0.0792079207920792
GLOBAL,ELCGTMXX03,S2D1,2030,0.0792079207920792
GLOBAL,ELCGTMXX03,S2D1,2031,0.0792079207920792
GLOBAL,ELCGTMXX03,S2D1,2032,0.0792079207920792
GLOBAL,ELCGTMXX03,S2D1,2033,0.0792079207920792
GLOBAL,ELCGTMXX03,S2D1,2034,0.0792079207920792
GLOBAL,ELCGTMXX03,S2D1,2035,0.0792079207920792
GLOBAL,ELCGTMXX03,S2D1,2036,0.0792079207920792
GLOBAL,ELCGTMXX03,S2D1,2037,0.0792079207920792
GLOBAL,ELCGTMXX03,S2D1,2038,0.0792079207920792
GLOBAL,ELCGTMXX03,S2D1,2039,0.0792079207920792
GLOBAL,ELCGTMXX03,S2D1,2040,0.0792079207920792
GLOBAL,ELCGTMXX03,S2D1,2041,0.0792079207920792
GLOBAL,ELCGTMXX03,S2D1,2042,0.0792079207920792
GLOBAL,ELCGTMXX03,S2D1,2043,0.0792079207920792
GLOBAL,ELCGTMXX03,S2D1,2044,0.0792079207920792
GLOBAL,ELCGTMXX03,S2D1,2045,0.0792079207920792
GLOBAL,ELCGTMXX03,S2D1,2046,0.0792079207920792
GLOBAL,ELCGTMXX03,S2D1,2047,0.0792079207920792
GLOBAL,ELCGTMXX03,S2D1,2048,0.0792079207920792
GLOBAL,ELCGTMXX03,S2D1,2049,0.0792079207920792
GLOBAL,ELCGTMXX03,S2D1,2050,0.0792079207920792
GLOBAL,ELCGTMXX03,S2D2,2023,0.0594059405940594
GLOBAL,ELCGTMXX03,S2D2,2024,0.0594059405940594
GLOBAL,ELCGTMXX03,S2D2,2025,0.0594059405940594
GLOBAL,ELCGTMXX03,S2D2,2026,0.0594059405940594
GLOBAL,ELCGTMXX03,S2D2,2027,0.0594059405940594
GLOBAL,ELCGTMXX03,S2D2,2028,0.0594059405940594
GLOBAL,ELCGTMXX03,S2D2,2029,0.0594059405940594
GLOBAL,ELCGTMXX03,S2D2,2030,0.0594059405940594
GLOBAL,ELCGTMXX03,S2D2,2031,0.0594059405940594
GLOBAL,ELCGTMXX03,S2D2,2032,0.0594059405940594
GLOBAL,ELCGTMXX03,S2D2,2033,0.0594059405940594
GLOBAL,ELCGTMXX03,S2D2,2034,0.0594059405940594
GLOBAL,ELCGTMXX03,S2D2,2035,0.0594059405940594
GLOBAL,ELCGTMXX03,S2D2,2036,0.0594059405940594
GLOBAL,ELCGTMXX03,S2D2,2037,0.0594059405940594
GLOBAL,ELCGTMXX03,S2D2,2038,0.0594059405940594
GLOBAL,ELCGTMXX03,S2D2,2039,0.0594059405940594
GLOBAL,ELCGTMXX03,S2D2,2040,0.0594059405940594
GLOBAL,ELCGTMXX03,S2D2,2041,0.0594059405940594
GLOBAL,ELCGTMXX03,S2D2,2042,0.0594059405940594
GLOBAL,ELCGTMXX03,S2D2,2043,0.0594059405940594
GLOBAL,ELCGTMXX03,S2D2,2044,0.0594059405940594
GLOBAL,ELCGTMXX03,S2D2,2045,0.0594059405940594
GLOBAL,ELCGTMXX03,S2D2,2046,0.0594059405940594
GLOBAL,ELCGTMXX03,S2D2,2047,0.0594059405940594
GLOBAL,ELCGTMXX03,S2D2,2048,0.0594059405940594
GLOBAL,ELCGTMXX03,S2D2,2049,0.0594059405940594
GLOBAL,ELCGTMXX03,S2D2,2050,0.0594059405940594
GLOBAL,ELCGTMXX03,S2D3,2023,0.1089108910891089
GLOBAL,ELCGTMXX03,S2D3,2024,0.1089108910891089
GLOBAL,ELCGTMXX03,S2D3,2025,0.1089108910891089
GLOBAL,ELCGTMXX03,S2D3,2026,0.1089108910891089
GLOBAL,ELCGTMXX03,S2D3,2027,0.1089108910891089
GLOBAL,ELCGTMXX03,S2D3,2028,0.1089108910891089
GLOBAL,ELCGTMXX03,S2D3,2029,0.1089108910891089
GLOBAL,ELCGTMXX03,S2D3,2030,0.1089108910891089
GLOBAL,ELCGTMXX03,S2D3,2031,0.1089108910891089
GLOBAL,ELCGTMXX03,S2D3,2032,0.1089108910891089
GLOBAL,ELCGTMXX03,S2D3,2033,0.1089108910891089
GLOBAL,ELCGTMXX03,S2D3,2034,0.1089108910891089
GLOBAL,ELCGTMXX03,S2D3,2035,0.1089108910891089
GLOBAL,ELCGTMXX03,S2D3,2036,0.1089108910891089
GLOBAL,ELCGTMXX03,S2D3,2037,0.1089108910891089
GLOBAL,ELCGTMXX03,S2D3,2038,0.1089108910891089
GLOBAL,ELCGTMXX03,S2D3,2039,0.1089108910891089
GLOBAL,ELCGTMXX03,S2D3,2040,0.1089108910891089
GLOBAL,ELCGTMXX03,S2D3,2041,0.1089108910891089
GLOBAL,ELCGTMXX03,S2D3,2042,0.1089108910891089
GLOBAL,ELCGTMXX03,S2D3,2043,0.1089108910891089
GLOBAL,ELCGTMXX03,S2D3,2044,0.1089108910891089
GLOBAL,ELCGTMXX03,S2D3,2045,0.1089108910891089
GLOBAL,ELCGTMXX03,S2D3,2046,0.1089108910891089
GLOBAL,ELCGTMXX03,S2D3,2047,0.1089108910891089
GLOBAL,ELCGTMXX03,S2D3,2048,0.1089108910891089
GLOBAL,ELCGTMXX03,S2D3,2049,0.1089108910891089
GLOBAL,ELCGTMXX03,S2D3,2050,0.1089108910891089
GLOBAL,ELCGTMXX03,S3D1,2023,0.0792079207920792
GLOBAL,ELCGTMXX03,S3D1,2024,0.0792079207920792
GLOBAL,ELCGTMXX03,S3D1,2025,0.0792079207920792
GLOBAL,ELCGTMXX03,S3D1,2026,0.0792079207920792
GLOBAL,ELCGTMXX03,S3D1,2027,0.0792079207920792
GLOBAL,ELCGTMXX03,S3D1,2028,0.0792079207920792
GLOBAL,ELCGTMXX03,S3D1,2029,0.0792079207920792
GLOBAL,ELCGTMXX03,S3D1,2030,0.0792079207920792
GLOBAL,ELCGTMXX03,S3D1,2031,0.0792079207920792
GLOBAL,ELCGTMXX03,S3D1,2032,0.0792079207920792
GLOBAL,ELCGTMXX03,S3D1,2033,0.0792079207920792
GLOBAL,ELCGTMXX03,S3D1,2034,0.0792079207920792
GLOBAL,ELCGTMXX03,S3D1,2035,0.0792079207920792
GLOBAL,ELCGTMXX03,S3D1,2036,0.0792079207920792
GLOBAL,ELCGTMXX03,S3D1,2037,0.0792079207920792
GLOBAL,ELCGTMXX03,S3D1,2038,0.0792079207920792
GLOBAL,ELCGTMXX03,S3D1,2039,0.0792079207920792
GLOBAL,ELCGTMXX03,S3D1,2040,0.0792079207920792
GLOBAL,ELCGTMXX03,S3D1,2041,0.0792079207920792
GLOBAL,ELCGTMXX03,S3D1,2042,0.0792079207920792
GLOBAL,ELCGTMXX03,S3D1,2043,0.0792079207920792
GLOBAL,ELCGTMXX03,S3D1,2044,0.0792079207920792
GLOBAL,ELCGTMXX03,S3D1,2045,0.0792079207920792
GLOBAL,ELCGTMXX03,S3D1,2046,0.0792079207920792
GLOBAL,ELCGTMXX03,S3D1,2047,0.0792079207920792
GLOBAL,ELCGTMXX03,S3D1,2048,0.0792079207920792
GLOBAL,ELCGTMXX03,S3D1,2049,0.0792079207920792
GLOBAL,ELCGTMXX03,S3D1,2050,0.0792079207920792
GLOBAL,ELCGTMXX03,S3D2,2023,0.0594059405940594
GLOBAL,ELCGTMXX03,S3D2,2024,0.0594059405940594
GLOBAL,ELCGTMXX03,S3D2,2025,0.0594059405940594
GLOBAL,ELCGTMXX03,S3D2,2026,0.0594059405940594
GLOBAL,ELCGTMXX03,S3D2,2027,0.0594059405940594
GLOBAL,ELCGTMXX03,S3D2,2028,0.0594059405940594
GLOBAL,ELCGTMXX03,S3D2,2029,0.0594059405940594
GLOBAL,ELCGTMXX03,S3D2,2030,0.0594059405940594
GLOBAL,ELCGTMXX03,S3D2,2031,0.0594059405940594
GLOBAL,ELCGTMXX03,S3D2,2032,0.0594059405940594
GLOBAL,ELCGTMXX03,S3D2,2033,0.0594059405940594
GLOBAL,ELCGTMXX03,S3D2,2034,0.0594059405940594
GLOBAL,ELCGTMXX03,S3D2,2035,0.0594059405940594
GLOBAL,ELCGTMXX03,S3D2,2036,0.0594059405940594
GLOBAL,ELCGTMXX03,S3D2,2037,0.0594059405940594
GLOBAL,ELCGTMXX03,S3D2,2038,0.0594059405940594
GLOBAL,ELCGTMXX03,S3D2,2039,0.0594059405940594
GLOBAL,ELCGTMXX03,S3D2,2040,0.0594059405940594
GLOBAL,ELCGTMXX03,S3D2,2041,0.0594059405940594
GLOBAL,ELCGTMXX03,S3D2,2042,0.0594059405940594
GLOBAL,ELCGTMXX03,S3D2,2043,0.0594059405940594
GLOBAL,ELCGTMXX03,S3D2,2044,0.0594059405940594
GLOBAL,ELCGTMXX03,S3D2,2045,0.0594059405940594
GLOBAL,ELCGTMXX03,S3D2,2046,0.0594059405940594
GLOBAL,ELCGTMXX03,S3D2,2047,0.0594059405940594
GLOBAL,ELCGTMXX03,S3D2,2048,0.0594059405940594
GLOBAL,ELCGTMXX03,S3D2,2049,0.0594059405940594
GLOBAL,ELCGTMXX03,S3D2,2050,0.0594059405940594
GLOBAL,ELCGTMXX03,S3D3,2023,0.1089108910891089
GLOBAL,ELCGTMXX03,S3D3,2024,0.1089108910891089
GLOBAL,ELCGTMXX03,S3D3,2025,0.1089108910891089
GLOBAL,ELCGTMXX03,S3D3,2026,0.1089108910891089
GLOBAL,ELCGTMXX03,S3D3,2027,0.1089108910891089
GLOBAL,ELCGTMXX03,S3D3,2028,0.1089108910891089
GLOBAL,ELCGTMXX03,S3D3,2029,0.1089108910891089
GLOBAL,ELCGTMXX03,S3D3,2030,0.1089108910891089
GLOBAL,ELCGTMXX03,S3D3,2031,0.1089108910891089
GLOBAL,ELCGTMXX03,S3D3,2032,0.1089108910891089
GLOBAL,ELCGTMXX03,S3D3,2033,0.1089108910891089
GLOBAL,ELCGTMXX03,S3D3,2034,0.1089108910891089
GLOBAL,ELCGTMXX03,S3D3,2035,0.1089108910891089
GLOBAL,ELCGTMXX03,S3D3,2036,0.1089108910891089
GLOBAL,ELCGTMXX03,S3D3,2037,0.1089108910891089
GLOBAL,ELCGTMXX03,S3D3,2038,0.1089108910891089
GLOBAL,ELCGTMXX03,S3D3,2039,0.1089108910891089
GLOBAL,ELCGTMXX03,S3D3,2040,0.1089108910891089
GLOBAL,ELCGTMXX03,S3D3,2041,0.1089108910891089
GLOBAL,ELCGTMXX03,S3D3,2042,0.1089108910891089
GLOBAL,ELCGTMXX03,S3D3,2043,0.1089108910891089
GLOBAL,ELCGTMXX03,S3D3,2044,0.1089108910891089
GLOBAL,ELCGTMXX03,S3D3,2045,0.1089108910891089
GLOBAL,ELCGTMXX03,S3D3,2046,0.1089108910891089
GLOBAL,ELCGTMXX03,S3D3,2047,0.1089108910891089
GLOBAL,ELCGTMXX03,S3D3,2048,0.1089108910891089
GLOBAL,ELCGTMXX03,S3D3,2049,0.1089108910891089
GLOBAL,ELCGTMXX03,S3D3,2050,0.1089108910891089
GLOBAL,ELCGTMXX03,S4D1,2023,0.0891089108910891
GLOBAL,ELCGTMXX03,S4D1,2024,0.0891089108910891
GLOBAL,ELCGTMXX03,S4D1,2025,0.0891089108910891
GLOBAL,ELCGTMXX03,S4D1,2026,0.0891089108910891
GLOBAL,ELCGTMXX03,S4D1,2027,0.0891089108910891
GLOBAL,ELCGTMXX03,S4D1,2028,0.0891089108910891
GLOBAL,ELCGTMXX03,S4D1,2029,0.0891089108910891
GLOBAL,ELCGTMXX03,S4D1,2030,0.0891089108910891
GLOBAL,ELCGTMXX03,S4D1,2031,0.0891089108910891
GLOBAL,ELCGTMXX03,S4D1,2032,0.0891089108910891
GLOBAL,ELCGTMXX03,S4D1,2033,0.0891089108910891
GLOBAL,ELCGTMXX03,S4D1,2034,0.0891089108910891
GLOBAL,ELCGTMXX03,S4D1,2035,0.0891089108910891
GLOBAL,ELCGTMXX03,S4D1,2036,0.0891089108910891
GLOBAL,ELCGTMXX03,S4D1,2037,0.0891089108910891
GLOBAL,ELCGTMXX03,S4D1,2038,0.0891089108910891
GLOBAL,ELCGTMXX03,S4D1,2039,0.0891089108910891
GLOBAL,ELCGTMXX03,S4D1,2040,0.0891089108910891
GLOBAL,ELCGTMXX03,S4D1,2041,0.0891089108910891
GLOBAL,ELCGTMXX03,S4D1,2042,0.0891089108910891
GLOBAL,ELCGTMXX03,S4D1,2043,0.0891089108910891
GLOBAL,ELCGTMXX03,S4D1,2044,0.0891089108910891
GLOBAL,ELCGTMXX03,S4D1,2045,0.0891089108910891
GLOBAL,ELCGTMXX03,S4D1,2046,0.0891089108910891
GLOBAL,ELCGTMXX03,S4D1,2047,0.0891089108910891
GLOBAL,ELCGTMXX03,S4D1,2048,0.0891089108910891
GLOBAL,ELCGTMXX03,S4D1,2049,0.0891089108910891
GLOBAL,ELCGTMXX03,S4D1,2050,0.0891089108910891
GLOBAL,ELCGTMXX03,S4D2,2023,0.0594059405940594
GLOBAL,ELCGTMXX03,S4D2,2024,0.0594059405940594
GLOBAL,ELCGTMXX03,S4D2,2025,0.0594059405940594
GLOBAL,ELCGTMXX03,S4D2,2026,0.0594059405940594
GLOBAL,ELCGTMXX03,S4D2,2027,0.0594059405940594
GLOBAL,ELCGTMXX03,S4D2,2028,0.0594059405940594
GLOBAL,ELCGTMXX03,S4D2,2029,0.0594059405940594
GLOBAL,ELCGTMXX03,S4D2,2030,0.0594059405940594
GLOBAL,ELCGTMXX03,S4D2,2031,0.0594059405940594
GLOBAL,ELCGTMXX03,S4D2,2032,0.0594059405940594
GLOBAL,ELCGTMXX03,S4D2,2033,0.0594059405940594
GLOBAL,ELCGTMXX03,S4D2,2034,0.0594059405940594
GLOBAL,ELCGTMXX03,S4D2,2035,0.0594059405940594
GLOBAL,ELCGTMXX03,S4D2,2036,0.0594059405940594
GLOBAL,ELCGTMXX03,S4D2,2037,0.0594059405940594
GLOBAL,ELCGTMXX03,S4D2,2038,0.0594059405940594
GLOBAL,ELCGTMXX03,S4D2,2039,0.0594059405940594
GLOBAL,ELCGTMXX03,S4D2,2040,0.0594059405940594
GLOBAL,ELCGTMXX03,S4D2,2041,0.0594059405940594
GLOBAL,ELCGTMXX03,S4D2,2042,0.0594059405940594
GLOBAL,ELCGTMXX03,S4D2,2043,0.0594059405940594
GLOBAL,ELCGTMXX03,S4D2,2044,0.0594059405940594
GLOBAL,ELCGTMXX03,S4D2,2045,0.0594059405940594
GLOBAL,ELCGTMXX03,S4D2,2046,0.0594059405940594
GLOBAL,ELCGTMXX03,S4D2,2047,0.0594059405940594
GLOBAL,ELCGTMXX03,S4D2,2048,0.0594059405940594
GLOBAL,ELCGTMXX03,S4D2,2049,0.0594059405940594
GLOBAL,ELCGTMXX03,S4D2,2050,0.0594059405940594
GLOBAL,ELCGTMXX03,S4D3,2023,0.1089108910891089
GLOBAL,ELCGTMXX03,S4D3,2024,0.1089108910891089
GLOBAL,ELCGTMXX03,S4D3,2025,0.1089108910891089
GLOBAL,ELCGTMXX03,S4D3,2026,0.1089108910891089
GLOBAL,ELCGTMXX03,S4D3,2027,0.1089108910891089
GLOBAL,ELCGTMXX03,S4D3,2028,0.1089108910891089
GLOBAL,ELCGTMXX03,S4D3,2029,0.1089108910891089
GLOBAL,ELCGTMXX03,S4D3,2030,0.1089108910891089
GLOBAL,ELCGTMXX03,S4D3,2031,0.1089108910891089
GLOBAL,ELCGTMXX03,S4D3,2032,0.1089108910891089
GLOBAL,ELCGTMXX03,S4D3,2033,0.1089108910891089
GLOBAL,ELCGTMXX03,S4D3,2034,0.1089108910891089
GLOBAL,ELCGTMXX03,S4D3,2035,0.1089108910891089
GLOBAL,ELCGTMXX03,S4D3,2036,0.1089108910891089
GLOBAL,ELCGTMXX03,S4D3,2037,0.1089108910891089
GLOBAL,ELCGTMXX03,S4D3,2038,0.1089108910891089
GLOBAL,ELCGTMXX03,S4D3,2039,0.1089108910891089
GLOBAL,ELCGTMXX03,S4D3,2040,0.1089108910891089
GLOBAL,ELCGTMXX03,S4D3,2041,0.1089108910891089
GLOBAL,ELCGTMXX03,S4D3,2042,0.1089108910891089
GLOBAL,ELCGTMXX03,S4D3,2043,0.1089108910891089
GLOBAL,ELCGTMXX03,S4D3,2044,0.1089108910891089
GLOBAL,ELCGTMXX03,S4D3,2045,0.1089108910891089
GLOBAL,ELCGTMXX03,S4D3,2046,0.1089108910891089
GLOBAL,ELCGTMXX03,S4D3,2047,0.1089108910891089
GLOBAL,ELCGTMXX03,S4D3,2048,0.1089108910891089
GLOBAL,ELCGTMXX03,S4D3,2049,0.1089108910891089
GLOBAL,ELCGTMXX03,S4D3,2050,0.1089108910891089
GLOBAL,ELCHNDXX03,S1D1,2023,0.08
GLOBAL,ELCHNDXX03,S1D1,2024,0.08
GLOBAL,ELCHNDXX03,S1D1,2025,0.08
GLOBAL,ELCHNDXX03,S1D1,2026,0.08
GLOBAL,ELCHNDXX03,S1D1,2027,0.08
GLOBAL,ELCHNDXX03,S1D1,2028,0.08
GLOBAL,ELCHNDXX03,S1D1,2029,0.08
GLOBAL,ELCHNDXX03,S1D1,2030,0.08
GLOBAL,ELCHNDXX03,S1D1,2031,0.08
GLOBAL,ELCHNDXX03,S1D1,2032,0.08
GLOBAL,ELCHNDXX03,S1D1,2033,0.08
GLOBAL,ELCHNDXX03,S1D1,2034,0.08
GLOBAL,ELCHNDXX03,S1D1,2035,0.08
GLOBAL,ELCHNDXX03,S1D1,2036,0.08
GLOBAL,ELCHNDXX03,S1D1,2037,0.08
GLOBAL,ELCHNDXX03,S1D1,2038,0.08
GLOBAL,ELCHNDXX03,S1D1,2039,0.08
GLOBAL,ELCHNDXX03,S1D1,2040,0.08
GLOBAL,ELCHNDXX03,S1D1,2041,0.08
GLOBAL,ELCHNDXX03,S1D1,2042,0.08
GLOBAL,ELCHNDXX03,S1D1,2043,0.08
GLOBAL,ELCHNDXX03,S1D1,2044,0.08
GLOBAL,ELCHNDXX03,S1D1,2045,0.08
GLOBAL,ELCHNDXX03,S1D1,2046,0.08
GLOBAL,ELCHNDXX03,S1D1,2047,0.08
GLOBAL,ELCHNDXX03,S1D1,2048,0.08
GLOBAL,ELCHNDXX03,S1D1,2049,0.08
GLOBAL,ELCHNDXX03,S1D1,2050,0.08
GLOBAL,ELCHNDXX03,S1D2,2023,0.05
GLOBAL,ELCHNDXX03,S1D2,2024,0.05
GLOBAL,ELCHNDXX03,S1D2,2025,0.05
GLOBAL,ELCHNDXX03,S1D2,2026,0.05
GLOBAL,ELCHNDXX03,S1D2,2027,0.05
GLOBAL,ELCHNDXX03,S1D2,2028,0.05
GLOBAL,ELCHNDXX03,S1D2,2029,0.05
GLOBAL,ELCHNDXX03,S1D2,2030,0.05
GLOBAL,ELCHNDXX03,S1D2,2031,0.05
GLOBAL,ELCHNDXX03,S1D2,2032,0.05
GLOBAL,ELCHNDXX03,S1D2,2033,0.05
GLOBAL,ELCHNDXX03,S1D2,2034,0.05
GLOBAL,ELCHNDXX03,S1D2,2035,0.05
GLOBAL,ELCHNDXX03,S1D2,2036,0.05
GLOBAL,ELCHNDXX03,S1D2,2037,0.05
GLOBAL,ELCHNDXX03,S1D2,2038,0.05
GLOBAL,ELCHNDXX03,S1D2,2039,0.05
GLOBAL,ELCHNDXX03,S1D2,2040,0.05
GLOBAL,ELCHNDXX03,S1D2,2041,0.05
GLOBAL,ELCHNDXX03,S1D2,2042,0.05
GLOBAL,ELCHNDXX03,S1D2,2043,0.05
GLOBAL,ELCHNDXX03,S1D2,2044,0.05
GLOBAL,ELCHNDXX03,S1D2,2045,0.05
GLOBAL,ELCHNDXX03,S1D2,2046,0.05
GLOBAL,ELCHNDXX03,S1D2,2047,0.05
GLOBAL,ELCHNDXX03,S1D2,2048,0.05
GLOBAL,ELCHNDXX03,S1D2,2049,0.05
GLOBAL,ELCHNDXX03,S1D2,2050,0.05
GLOBAL,ELCHNDXX03,S1D3,2023,0.1
GLOBAL,ELCHNDXX03,S1D3,2024,0.1
GLOBAL,ELCHNDXX03,S1D3,2025,0.1
GLOBAL,ELCHNDXX03,S1D3,2026,0.1
GLOBAL,ELCHNDXX03,S1D3,2027,0.1
GLOBAL,ELCHNDXX03,S1D3,2028,0.1
GLOBAL,ELCHNDXX03,S1D3,2029,0.1
GLOBAL,ELCHNDXX03,S1D3,2030,0.1
GLOBAL,ELCHNDXX03,S1D3,2031,0.1
GLOBAL,ELCHNDXX03,S1D3,2032,0.1
GLOBAL,ELCHNDXX03,S1D3,2033,0.1
GLOBAL,ELCHNDXX03,S1D3,2034,0.1
GLOBAL,ELCHNDXX03,S1D3,2035,0.1
GLOBAL,ELCHNDXX03,S1D3,2036,0.1
GLOBAL,ELCHNDXX03,S1D3,2037,0.1
GLOBAL,ELCHNDXX03,S1D3,2038,0.1
GLOBAL,ELCHNDXX03,S1D3,2039,0.1
GLOBAL,ELCHNDXX03,S1D3,2040,0.1
GLOBAL,ELCHNDXX03,S1D3,2041,0.1
GLOBAL,ELCHNDXX03,S1D3,2042,0.1
GLOBAL,ELCHNDXX03,S1D3,2043,0.1
GLOBAL,ELCHNDXX03,S1D3,2044,0.1
GLOBAL,ELCHNDXX03,S1D3,2045,0.1
GLOBAL,ELCHNDXX03,S1D3,2046,0.1
GLOBAL,ELCHNDXX03,S1D3,2047,0.1
GLOBAL,ELCHNDXX03,S1D3,2048,0.1
GLOBAL,ELCHNDXX03,S1D3,2049,0.1
GLOBAL,ELCHNDXX03,S1D3,2050,0.1
GLOBAL,ELCHNDXX03,S2D1,2023,0.09
GLOBAL,ELCHNDXX03,S2D1,2024,0.09
GLOBAL,ELCHNDXX03,S2D1,2025,0.09
GLOBAL,ELCHNDXX03,S2D1,2026,0.09
GLOBAL,ELCHNDXX03,S2D1,2027,0.09
GLOBAL,ELCHNDXX03,S2D1,2028,0.09
GLOBAL,ELCHNDXX03,S2D1,2029,0.09
GLOBAL,ELCHNDXX03,S2D1,2030,0.09
GLOBAL,ELCHNDXX03,S2D1,2031,0.09
GLOBAL,ELCHNDXX03,S2D1,2032,0.09
GLOBAL,ELCHNDXX03,S2D1,2033,0.09
GLOBAL,ELCHNDXX03,S2D1,2034,0.09
GLOBAL,ELCHNDXX03,S2D1,2035,0.09
GLOBAL,ELCHNDXX03,S2D1,2036,0.09
GLOBAL,ELCHNDXX03,S2D1,2037,0.09
GLOBAL,ELCHNDXX03,S2D1,2038,0.09
GLOBAL,ELCHNDXX03,S2D1,2039,0.09
GLOBAL,ELCHNDXX03,S2D1,2040,0.09
GLOBAL,ELCHNDXX03,S2D1,2041,0.09
GLOBAL,ELCHNDXX03,S2D1,2042,0.09
GLOBAL,ELCHNDXX03,S2D1,2043,0.09
GLOBAL,ELCHNDXX03,S2D1,2044,0.09
GLOBAL,ELCHNDXX03,S2D1,2045,0.09
GLOBAL,ELCHNDXX03,S2D1,2046,0.09
GLOBAL,ELCHNDXX03,S2D1,2047,0.09
GLOBAL,ELCHNDXX03,S2D1,2048,0.09
GLOBAL,ELCHNDXX03,S2D1,2049,0.09
GLOBAL,ELCHNDXX03,S2D1,2050,0.09
GLOBAL,ELCHNDXX03,S2D2,2023,0.06
GLOBAL,ELCHNDXX03,S2D2,2024,0.06
GLOBAL,ELCHNDXX03,S2D2,2025,0.06
GLOBAL,ELCHNDXX03,S2D2,2026,0.06
GLOBAL,ELCHNDXX03,S2D2,2027,0.06
GLOBAL,ELCHNDXX03,S2D2,2028,0.06
GLOBAL,ELCHNDXX03,S2D2,2029,0.06
GLOBAL,ELCHNDXX03,S2D2,2030,0.06
GLOBAL,ELCHNDXX03,S2D2,2031,0.06
GLOBAL,ELCHNDXX03,S2D2,2032,0.06
GLOBAL,ELCHNDXX03,S2D2,2033,0.06
GLOBAL,ELCHNDXX03,S2D2,2034,0.06
GLOBAL,ELCHNDXX03,S2D2,2035,0.06
GLOBAL,ELCHNDXX03,S2D2,2036,0.06
GLOBAL,ELCHNDXX03,S2D2,2037,0.06
GLOBAL,ELCHNDXX03,S2D2,2038,0.06
GLOBAL,ELCHNDXX03,S2D2,2039,0.06
GLOBAL,ELCHNDXX03,S2D2,2040,0.06
GLOBAL,ELCHNDXX03,S2D2,2041,0.06
GLOBAL,ELCHNDXX03,S2D2,2042,0.06
GLOBAL,ELCHNDXX03,S2D2,2043,0.06
GLOBAL,ELCHNDXX03,S2D2,2044,0.06
GLOBAL,ELCHNDXX03,S2D2,2045,0.06
GLOBAL,ELCHNDXX03,S2D2,2046,0.06
GLOBAL,ELCHNDXX03,S2D2,2047,0.06
GLOBAL,ELCHNDXX03,S2D2,2048,0.06
GLOBAL,ELCHNDXX03,S2D2,2049,0.06
GLOBAL,ELCHNDXX03,S2D2,2050,0.06
GLOBAL,ELCHNDXX03,S2D3,2023,0.11
GLOBAL,ELCHNDXX03,S2D3,2024,0.11
GLOBAL,ELCHNDXX03,S2D3,2025,0.11
GLOBAL,ELCHNDXX03,S2D3,2026,0.11
GLOBAL,ELCHNDXX03,S2D3,2027,0.11
GLOBAL,ELCHNDXX03,S2D3,2028,0.11
GLOBAL,ELCHNDXX03,S2D3,2029,0.11
GLOBAL,ELCHNDXX03,S2D3,2030,0.11
GLOBAL,ELCHNDXX03,S2D3,2031,0.11
GLOBAL,ELCHNDXX03,S2D3,2032,0.11
GLOBAL,ELCHNDXX03,S2D3,2033,0.11
GLOBAL,ELCHNDXX03,S2D3,2034,0.11
GLOBAL,ELCHNDXX03,S2D3,2035,0.11
GLOBAL,ELCHNDXX03,S2D3,2036,0.11
GLOBAL,ELCHNDXX03,S2D3,2037,0.11
GLOBAL,ELCHNDXX03,S2D3,2038,0.11
GLOBAL,ELCHNDXX03,S2D3,2039,0.11
GLOBAL,ELCHNDXX03,S2D3,2040,0.11
GLOBAL,ELCHNDXX03,S2D3,2041,0.11
GLOBAL,ELCHNDXX03,S2D3,2042,0.11
GLOBAL,ELCHNDXX03,S2D3,2043,0.11
GLOBAL,ELCHNDXX03,S2D3,2044,0.11
GLOBAL,ELCHNDXX03,S2D3,2045,0.11
GLOBAL,ELCHNDXX03,S2D3,2046,0.11
GLOBAL,ELCHNDXX03,S2D3,2047,0.11
GLOBAL,ELCHNDXX03,S2D3,2048,0.11
GLOBAL,ELCHNDXX03,S2D3,2049,0.11
GLOBAL,ELCHNDXX03,S2D3,2050,0.11
GLOBAL,ELCHNDXX03,S3D1,2023,0.09
GLOBAL,ELCHNDXX03,S3D1,2024,0.09
GLOBAL,ELCHNDXX03,S3D1,2025,0.09
GLOBAL,ELCHNDXX03,S3D1,2026,0.09
GLOBAL,ELCHNDXX03,S3D1,2027,0.09
GLOBAL,ELCHNDXX03,S3D1,2028,0.09
GLOBAL,ELCHNDXX03,S3D1,2029,0.09
GLOBAL,ELCHNDXX03,S3D1,2030,0.09
GLOBAL,ELCHNDXX03,S3D1,2031,0.09
GLOBAL,ELCHNDXX03,S3D1,2032,0.09
GLOBAL,ELCHNDXX03,S3D1,2033,0.09
GLOBAL,ELCHNDXX03,S3D1,2034,0.09
GLOBAL,ELCHNDXX03,S3D1,2035,0.09
GLOBAL,ELCHNDXX03,S3D1,2036,0.09
GLOBAL,ELCHNDXX03,S3D1,2037,0.09
GLOBAL,ELCHNDXX03,S3D1,2038,0.09
GLOBAL,ELCHNDXX03,S3D1,2039,0.09
GLOBAL,ELCHNDXX03,S3D1,2040,0.09
GLOBAL,ELCHNDXX03,S3D1,2041,0.09
GLOBAL,ELCHNDXX03,S3D1,2042,0.09
GLOBAL,ELCHNDXX03,S3D1,2043,0.09
GLOBAL,ELCHNDXX03,S3D1,2044,0.09
GLOBAL,ELCHNDXX03,S3D1,2045,0.09
GLOBAL,ELCHNDXX03,S3D1,2046,0.09
GLOBAL,ELCHNDXX03,S3D1,2047,0.09
GLOBAL,ELCHNDXX03,S3D1,2048,0.09
GLOBAL,ELCHNDXX03,S3D1,2049,0.09
GLOBAL,ELCHNDXX03,S3D1,2050,0.09
GLOBAL,ELCHNDXX03,S3D2,2023,0.06
GLOBAL,ELCHNDXX03,S3D2,2024,0.06
GLOBAL,ELCHNDXX03,S3D2,2025,0.06
GLOBAL,ELCHNDXX03,S3D2,2026,0.06
GLOBAL,ELCHNDXX03,S3D2,2027,0.06
GLOBAL,ELCHNDXX03,S3D2,2028,0.06
GLOBAL,ELCHNDXX03,S3D2,2029,0.06
GLOBAL,ELCHNDXX03,S3D2,2030,0.06
GLOBAL,ELCHNDXX03,S3D2,2031,0.06
GLOBAL,ELCHNDXX03,S3D2,2032,0.06
GLOBAL,ELCHNDXX03,S3D2,2033,0.06
GLOBAL,ELCHNDXX03,S3D2,2034,0.06
GLOBAL,ELCHNDXX03,S3D2,2035,0.06
GLOBAL,ELCHNDXX03,S3D2,2036,0.06
GLOBAL,ELCHNDXX03,S3D2,2037,0.06
GLOBAL,ELCHNDXX03,S3D2,2038,0.06
GLOBAL,ELCHNDXX03,S3D2,2039,0.06
GLOBAL,ELCHNDXX03,S3D2,2040,0.06
GLOBAL,ELCHNDXX03,S3D2,2041,0.06
GLOBAL,ELCHNDXX03,S3D2,2042,0.06
GLOBAL,ELCHNDXX03,S3D2,2043,0.06
GLOBAL,ELCHNDXX03,S3D2,2044,0.06
GLOBAL,ELCHNDXX03,S3D2,2045,0.06
GLOBAL,ELCHNDXX03,S3D2,2046,0.06
GLOBAL,ELCHNDXX03,S3D2,2047,0.06
GLOBAL,ELCHNDXX03,S3D2,2048,0.06
GLOBAL,ELCHNDXX03,S3D2,2049,0.06
GLOBAL,ELCHNDXX03,S3D2,2050,0.06
GLOBAL,ELCHNDXX03,S3D3,2023,0.11
GLOBAL,ELCHNDXX03,S3D3,2024,0.11
GLOBAL,ELCHNDXX03,S3D3,2025,0.11
GLOBAL,ELCHNDXX03,S3D3,2026,0.11
GLOBAL,ELCHNDXX03,S3D3,2027,0.11
GLOBAL,ELCHNDXX03,S3D3,2028,0.11
GLOBAL,ELCHNDXX03,S3D3,2029,0.11
GLOBAL,ELCHNDXX03,S3D3,2030,0.11
GLOBAL,ELCHNDXX03,S3D3,2031,0.11
GLOBAL,ELCHNDXX03,S3D3,2032,0.11
GLOBAL,ELCHNDXX03,S3D3,2033,0.11
GLOBAL,ELCHNDXX03,S3D3,2034,0.11
GLOBAL,ELCHNDXX03,S3D3,2035,0.11
GLOBAL,ELCHNDXX03,S3D3,2036,0.11
GLOBAL,ELCHNDXX03,S3D3,2037,0.11
GLOBAL,ELCHNDXX03,S3D3,2038,0.11
GLOBAL,ELCHNDXX03,S3D3,2039,0.11
GLOBAL,ELCHNDXX03,S3D3,2040,0.11
GLOBAL,ELCHNDXX03,S3D3,2041,0.11
GLOBAL,ELCHNDXX03,S3D3,2042,0.11
GLOBAL,ELCHNDXX03,S3D3,2043,0.11
GLOBAL,ELCHNDXX03,S3D3,2044,0.11
GLOBAL,ELCHNDXX03,S3D3,2045,0.11
GLOBAL,ELCHNDXX03,S3D3,2046,0.11
GLOBAL,ELCHNDXX03,S3D3,2047,0.11
GLOBAL,ELCHNDXX03,S3D3,2048,0.11
GLOBAL,ELCHNDXX03,S3D3,2049,0.11
GLOBAL,ELCHNDXX03,S3D3,2050,0.11
GLOBAL,ELCHNDXX03,S4D1,2023,0.08
GLOBAL,ELCHNDXX03,S4D1,2024,0.08
GLOBAL,ELCHNDXX03,S4D1,2025,0.08
GLOBAL,ELCHNDXX03,S4D1,2026,0.08
GLOBAL,ELCHNDXX03,S4D1,2027,0.08
GLOBAL,ELCHNDXX03,S4D1,2028,0.08
GLOBAL,ELCHNDXX03,S4D1,2029,0.08
GLOBAL,ELCHNDXX03,S4D1,2030,0.08
GLOBAL,ELCHNDXX03,S4D1,2031,0.08
GLOBAL,ELCHNDXX03,S4D1,2032,0.08
GLOBAL,ELCHNDXX03,S4D1,2033,0.08
GLOBAL,ELCHNDXX03,S4D1,2034,0.08
GLOBAL,ELCHNDXX03,S4D1,2035,0.08
GLOBAL,ELCHNDXX03,S4D1,2036,0.08
GLOBAL,ELCHNDXX03,S4D1,2037,0.08
GLOBAL,ELCHNDXX03,S4D1,2038,0.08
GLOBAL,ELCHNDXX03,S4D1,2039,0.08
GLOBAL,ELCHNDXX03,S4D1,2040,0.08
GLOBAL,ELCHNDXX03,S4D1,2041,0.08
GLOBAL,ELCHNDXX03,S4D1,2042,0.08
GLOBAL,ELCHNDXX03,S4D1,2043,0.08
GLOBAL,ELCHNDXX03,S4D1,2044,0.08
GLOBAL,ELCHNDXX03,S4D1,2045,0.08
GLOBAL,ELCHNDXX03,S4D1,2046,0.08
GLOBAL,ELCHNDXX03,S4D1,2047,0.08
GLOBAL,ELCHNDXX03,S4D1,2048,0.08
GLOBAL,ELCHNDXX03,S4D1,2049,0.08
GLOBAL,ELCHNDXX03,S4D1,2050,0.08
GLOBAL,ELCHNDXX03,S4D2,2023,0.06
GLOBAL,ELCHNDXX03,S4D2,2024,0.06
GLOBAL,ELCHNDXX03,S4D2,2025,0.06
GLOBAL,ELCHNDXX03,S4D2,2026,0.06
GLOBAL,ELCHNDXX03,S4D2,2027,0.06
GLOBAL,ELCHNDXX03,S4D2,2028,0.06
GLOBAL,ELCHNDXX03,S4D2,2029,0.06
GLOBAL,ELCHNDXX03,S4D2,2030,0.06
GLOBAL,ELCHNDXX03,S4D2,2031,0.06
GLOBAL,ELCHNDXX03,S4D2,2032,0.06
GLOBAL,ELCHNDXX03,S4D2,2033,0.06
GLOBAL,ELCHNDXX03,S4D2,2034,0.06
GLOBAL,ELCHNDXX03,S4D2,2035,0.06
GLOBAL,ELCHNDXX03,S4D2,2036,0.06
GLOBAL,ELCHNDXX03,S4D2,2037,0.06
GLOBAL,ELCHNDXX03,S4D2,2038,0.06
GLOBAL,ELCHNDXX03,S4D2,2039,0.06
GLOBAL,ELCHNDXX03,S4D2,2040,0.06
GLOBAL,ELCHNDXX03,S4D2,2041,0.06
GLOBAL,ELCHNDXX03,S4D2,2042,0.06
GLOBAL,ELCHNDXX03,S4D2,2043,0.06
GLOBAL,ELCHNDXX03,S4D2,2044,0.06
GLOBAL,ELCHNDXX03,S4D2,2045,0.06
GLOBAL,ELCHNDXX03,S4D2,2046,0.06
GLOBAL,ELCHNDXX03,S4D2,2047,0.06
GLOBAL,ELCHNDXX03,S4D2,2048,0.06
GLOBAL,ELCHNDXX03,S4D2,2049,0.06
GLOBAL,ELCHNDXX03,S4D2,2050,0.06
GLOBAL,ELCHNDXX03,S4D3,2023,0.11
GLOBAL,ELCHNDXX03,S4D3,2024,0.11
GLOBAL,ELCHNDXX03,S4D3,2025,0.11
GLOBAL,ELCHNDXX03,S4D3,2026,0.11
GLOBAL,ELCHNDXX03,S4D3,2027,0.11
GLOBAL,ELCHNDXX03,S4D3,2028,0.11
GLOBAL,ELCHNDXX03,S4D3,2029,0.11
GLOBAL,ELCHNDXX03,S4D3,2030,0.11
GLOBAL,ELCHNDXX03,S4D3,2031,0.11
GLOBAL,ELCHNDXX03,S4D3,2032,0.11
GLOBAL,ELCHNDXX03,S4D3,2033,0.11
GLOBAL,ELCHNDXX03,S4D3,2034,0.11
GLOBAL,ELCHNDXX03,S4D3,2035,0.11
GLOBAL,ELCHNDXX03,S4D3,2036,0.11
GLOBAL,ELCHNDXX03,S4D3,2037,0.11
GLOBAL,ELCHNDXX03,S4D3,2038,0.11
GLOBAL,ELCHNDXX03,S4D3,2039,0.11
GLOBAL,ELCHNDXX03,S4D3,2040,0.11
GLOBAL,ELCHNDXX03,S4D3,2041,0.11
GLOBAL,ELCHNDXX03,S4D3,2042,0.11
GLOBAL,ELCHNDXX03,S4D3,2043,0.11
GLOBAL,ELCHNDXX03,S4D3,2044,0.11
GLOBAL,ELCHNDXX03,S4D3,2045,0.11
GLOBAL,ELCHNDXX03,S4D3,2046,0.11
GLOBAL,ELCHNDXX03,S4D3,2047,0.11
GLOBAL,ELCHNDXX03,S4D3,2048,0.11
GLOBAL,ELCHNDXX03,S4D3,2049,0.11
GLOBAL,ELCHNDXX03,S4D3,2050,0.11
GLOBAL,ELCHTIXX03,S1D1,2023,0.08
GLOBAL,ELCHTIXX03,S1D1,2024,0.08
GLOBAL,ELCHTIXX03,S1D1,2025,0.08
GLOBAL,ELCHTIXX03,S1D1,2026,0.08
GLOBAL,ELCHTIXX03,S1D1,2027,0.08
GLOBAL,ELCHTIXX03,S1D1,2028,0.08
GLOBAL,ELCHTIXX03,S1D1,2029,0.08
GLOBAL,ELCHTIXX03,S1D1,2030,0.08
GLOBAL,ELCHTIXX03,S1D1,2031,0.08
GLOBAL,ELCHTIXX03,S1D1,2032,0.08
GLOBAL,ELCHTIXX03,S1D1,2033,0.08
GLOBAL,ELCHTIXX03,S1D1,2034,0.08
GLOBAL,ELCHTIXX03,S1D1,2035,0.08
GLOBAL,ELCHTIXX03,S1D1,2036,0.08
GLOBAL,ELCHTIXX03,S1D1,2037,0.08
GLOBAL,ELCHTIXX03,S1D1,2038,0.08
GLOBAL,ELCHTIXX03,S1D1,2039,0.08
GLOBAL,ELCHTIXX03,S1D1,2040,0.08
GLOBAL,ELCHTIXX03,S1D1,2041,0.08
GLOBAL,ELCHTIXX03,S1D1,2042,0.08
GLOBAL,ELCHTIXX03,S1D1,2043,0.08
GLOBAL,ELCHTIXX03,S1D1,2044,0.08
GLOBAL,ELCHTIXX03,S1D1,2045,0.08
GLOBAL,ELCHTIXX03,S1D1,2046,0.08
GLOBAL,ELCHTIXX03,S1D1,2047,0.08
GLOBAL,ELCHTIXX03,S1D1,2048,0.08
GLOBAL,ELCHTIXX03,S1D1,2049,0.08
GLOBAL,ELCHTIXX03,S1D1,2050,0.08
GLOBAL,ELCHTIXX03,S1D2,2023,0.06
GLOBAL,ELCHTIXX03,S1D2,2024,0.06
GLOBAL,ELCHTIXX03,S1D2,2025,0.06
GLOBAL,ELCHTIXX03,S1D2,2026,0.06
GLOBAL,ELCHTIXX03,S1D2,2027,0.06
GLOBAL,ELCHTIXX03,S1D2,2028,0.06
GLOBAL,ELCHTIXX03,S1D2,2029,0.06
GLOBAL,ELCHTIXX03,S1D2,2030,0.06
GLOBAL,ELCHTIXX03,S1D2,2031,0.06
GLOBAL,ELCHTIXX03,S1D2,2032,0.06
GLOBAL,ELCHTIXX03,S1D2,2033,0.06
GLOBAL,ELCHTIXX03,S1D2,2034,0.06
GLOBAL,ELCHTIXX03,S1D2,2035,0.06
GLOBAL,ELCHTIXX03,S1D2,2036,0.06
GLOBAL,ELCHTIXX03,S1D2,2037,0.06
GLOBAL,ELCHTIXX03,S1D2,2038,0.06
GLOBAL,ELCHTIXX03,S1D2,2039,0.06
GLOBAL,ELCHTIXX03,S1D2,2040,0.06
GLOBAL,ELCHTIXX03,S1D2,2041,0.06
GLOBAL,ELCHTIXX03,S1D2,2042,0.06
GLOBAL,ELCHTIXX03,S1D2,2043,0.06
GLOBAL,ELCHTIXX03,S1D2,2044,0.06
GLOBAL,ELCHTIXX03,S1D2,2045,0.06
GLOBAL,ELCHTIXX03,S1D2,2046,0.06
GLOBAL,ELCHTIXX03,S1D2,2047,0.06
GLOBAL,ELCHTIXX03,S1D2,2048,0.06
GLOBAL,ELCHTIXX03,S1D2,2049,0.06
GLOBAL,ELCHTIXX03,S1D2,2050,0.06
GLOBAL,ELCHTIXX03,S1D3,2023,0.11
GLOBAL,ELCHTIXX03,S1D3,2024,0.11
GLOBAL,ELCHTIXX03,S1D3,2025,0.11
GLOBAL,ELCHTIXX03,S1D3,2026,0.11
GLOBAL,ELCHTIXX03,S1D3,2027,0.11
GLOBAL,ELCHTIXX03,S1D3,2028,0.11
GLOBAL,ELCHTIXX03,S1D3,2029,0.11
GLOBAL,ELCHTIXX03,S1D3,2030,0.11
GLOBAL,ELCHTIXX03,S1D3,2031,0.11
GLOBAL,ELCHTIXX03,S1D3,2032,0.11
GLOBAL,ELCHTIXX03,S1D3,2033,0.11
GLOBAL,ELCHTIXX03,S1D3,2034,0.11
GLOBAL,ELCHTIXX03,S1D3,2035,0.11
GLOBAL,ELCHTIXX03,S1D3,2036,0.11
GLOBAL,ELCHTIXX03,S1D3,2037,0.11
GLOBAL,ELCHTIXX03,S1D3,2038,0.11
GLOBAL,ELCHTIXX03,S1D3,2039,0.11
GLOBAL,ELCHTIXX03,S1D3,2040,0.11
GLOBAL,ELCHTIXX03,S1D3,2041,0.11
GLOBAL,ELCHTIXX03,S1D3,2042,0.11
GLOBAL,ELCHTIXX03,S1D3,2043,0.11
GLOBAL,ELCHTIXX03,S1D3,2044,0.11
GLOBAL,ELCHTIXX03,S1D3,2045,0.11
GLOBAL,ELCHTIXX03,S1D3,2046,0.11
GLOBAL,ELCHTIXX03,S1D3,2047,0.11
GLOBAL,ELCHTIXX03,S1D3,2048,0.11
GLOBAL,ELCHTIXX03,S1D3,2049,0.11
GLOBAL,ELCHTIXX03,S1D3,2050,0.11
GLOBAL,ELCHTIXX03,S2D1,2023,0.08
GLOBAL,ELCHTIXX03,S2D1,2024,0.08
GLOBAL,ELCHTIXX03,S2D1,2025,0.08
GLOBAL,ELCHTIXX03,S2D1,2026,0.08
GLOBAL,ELCHTIXX03,S2D1,2027,0.08
GLOBAL,ELCHTIXX03,S2D1,2028,0.08
GLOBAL,ELCHTIXX03,S2D1,2029,0.08
GLOBAL,ELCHTIXX03,S2D1,2030,0.08
GLOBAL,ELCHTIXX03,S2D1,2031,0.08
GLOBAL,ELCHTIXX03,S2D1,2032,0.08
GLOBAL,ELCHTIXX03,S2D1,2033,0.08
GLOBAL,ELCHTIXX03,S2D1,2034,0.08
GLOBAL,ELCHTIXX03,S2D1,2035,0.08
GLOBAL,ELCHTIXX03,S2D1,2036,0.08
GLOBAL,ELCHTIXX03,S2D1,2037,0.08
GLOBAL,ELCHTIXX03,S2D1,2038,0.08
GLOBAL,ELCHTIXX03,S2D1,2039,0.08
GLOBAL,ELCHTIXX03,S2D1,2040,0.08
GLOBAL,ELCHTIXX03,S2D1,2041,0.08
GLOBAL,ELCHTIXX03,S2D1,2042,0.08
GLOBAL,ELCHTIXX03,S2D1,2043,0.08
GLOBAL,ELCHTIXX03,S2D1,2044,0.08
GLOBAL,ELCHTIXX03,S2D1,2045,0.08
GLOBAL,ELCHTIXX03,S2D1,2046,0.08
GLOBAL,ELCHTIXX03,S2D1,2047,0.08
GLOBAL,ELCHTIXX03,S2D1,2048,0.08
GLOBAL,ELCHTIXX03,S2D1,2049,0.08
GLOBAL,ELCHTIXX03,S2D1,2050,0.08
GLOBAL,ELCHTIXX03,S2D2,2023,0.06
GLOBAL,ELCHTIXX03,S2D2,2024,0.06
GLOBAL,ELCHTIXX03,S2D2,2025,0.06
GLOBAL,ELCHTIXX03,S2D2,2026,0.06
GLOBAL,ELCHTIXX03,S2D2,2027,0.06
GLOBAL,ELCHTIXX03,S2D2,2028,0.06
GLOBAL,ELCHTIXX03,S2D2,2029,0.06
GLOBAL,ELCHTIXX03,S2D2,2030,0.06
GLOBAL,ELCHTIXX03,S2D2,2031,0.06
GLOBAL,ELCHTIXX03,S2D2,2032,0.06
GLOBAL,ELCHTIXX03,S2D2,2033,0.06
GLOBAL,ELCHTIXX03,S2D2,2034,0.06
GLOBAL,ELCHTIXX03,S2D2,2035,0.06
GLOBAL,ELCHTIXX03,S2D2,2036,0.06
GLOBAL,ELCHTIXX03,S2D2,2037,0.06
GLOBAL,ELCHTIXX03,S2D2,2038,0.06
GLOBAL,ELCHTIXX03,S2D2,2039,0.06
GLOBAL,ELCHTIXX03,S2D2,2040,0.06
GLOBAL,ELCHTIXX03,S2D2,2041,0.06
GLOBAL,ELCHTIXX03,S2D2,2042,0.06
GLOBAL,ELCHTIXX03,S2D2,2043,0.06
GLOBAL,ELCHTIXX03,S2D2,2044,0.06
GLOBAL,ELCHTIXX03,S2D2,2045,0.06
GLOBAL,ELCHTIXX03,S2D2,2046,0.06
GLOBAL,ELCHTIXX03,S2D2,2047,0.06
GLOBAL,ELCHTIXX03,S2D2,2048,0.06
GLOBAL,ELCHTIXX03,S2D2,2049,0.06
GLOBAL,ELCHTIXX03,S2D2,2050,0.06
GLOBAL,ELCHTIXX03,S2D3,2023,0.11
GLOBAL,ELCHTIXX03,S2D3,2024,0.11
GLOBAL,ELCHTIXX03,S2D3,2025,0.11
GLOBAL,ELCHTIXX03,S2D3,2026,0.11
GLOBAL,ELCHTIXX03,S2D3,2027,0.11
GLOBAL,ELCHTIXX03,S2D3,2028,0.11
GLOBAL,ELCHTIXX03,S2D3,2029,0.11
GLOBAL,ELCHTIXX03,S2D3,2030,0.11
GLOBAL,ELCHTIXX03,S2D3,2031,0.11
GLOBAL,ELCHTIXX03,S2D3,2032,0.11
GLOBAL,ELCHTIXX03,S2D3,2033,0.11
GLOBAL,ELCHTIXX03,S2D3,2034,0.11
GLOBAL,ELCHTIXX03,S2D3,2035,0.11
GLOBAL,ELCHTIXX03,S2D3,2036,0.11
GLOBAL,ELCHTIXX03,S2D3,2037,0.11
GLOBAL,ELCHTIXX03,S2D3,2038,0.11
GLOBAL,ELCHTIXX03,S2D3,2039,0.11
GLOBAL,ELCHTIXX03,S2D3,2040,0.11
GLOBAL,ELCHTIXX03,S2D3,2041,0.11
GLOBAL,ELCHTIXX03,S2D3,2042,0.11
GLOBAL,ELCHTIXX03,S2D3,2043,0.11
GLOBAL,ELCHTIXX03,S2D3,2044,0.11
GLOBAL,ELCHTIXX03,S2D3,2045,0.11
GLOBAL,ELCHTIXX03,S2D3,2046,0.11
GLOBAL,ELCHTIXX03,S2D3,2047,0.11
GLOBAL,ELCHTIXX03,S2D3,2048,0.11
GLOBAL,ELCHTIXX03,S2D3,2049,0.11
GLOBAL,ELCHTIXX03,S2D3,2050,0.11
GLOBAL,ELCHTIXX03,S3D1,2023,0.08
GLOBAL,ELCHTIXX03,S3D1,2024,0.08
GLOBAL,ELCHTIXX03,S3D1,2025,0.08
GLOBAL,ELCHTIXX03,S3D1,2026,0.08
GLOBAL,ELCHTIXX03,S3D1,2027,0.08
GLOBAL,ELCHTIXX03,S3D1,2028,0.08
GLOBAL,ELCHTIXX03,S3D1,2029,0.08
GLOBAL,ELCHTIXX03,S3D1,2030,0.08
GLOBAL,ELCHTIXX03,S3D1,2031,0.08
GLOBAL,ELCHTIXX03,S3D1,2032,0.08
GLOBAL,ELCHTIXX03,S3D1,2033,0.08
GLOBAL,ELCHTIXX03,S3D1,2034,0.08
GLOBAL,ELCHTIXX03,S3D1,2035,0.08
GLOBAL,ELCHTIXX03,S3D1,2036,0.08
GLOBAL,ELCHTIXX03,S3D1,2037,0.08
GLOBAL,ELCHTIXX03,S3D1,2038,0.08
GLOBAL,ELCHTIXX03,S3D1,2039,0.08
GLOBAL,ELCHTIXX03,S3D1,2040,0.08
GLOBAL,ELCHTIXX03,S3D1,2041,0.08
GLOBAL,ELCHTIXX03,S3D1,2042,0.08
GLOBAL,ELCHTIXX03,S3D1,2043,0.08
GLOBAL,ELCHTIXX03,S3D1,2044,0.08
GLOBAL,ELCHTIXX03,S3D1,2045,0.08
GLOBAL,ELCHTIXX03,S3D1,2046,0.08
GLOBAL,ELCHTIXX03,S3D1,2047,0.08
GLOBAL,ELCHTIXX03,S3D1,2048,0.08
GLOBAL,ELCHTIXX03,S3D1,2049,0.08
GLOBAL,ELCHTIXX03,S3D1,2050,0.08
GLOBAL,ELCHTIXX03,S3D2,2023,0.06
GLOBAL,ELCHTIXX03,S3D2,2024,0.06
GLOBAL,ELCHTIXX03,S3D2,2025,0.06
GLOBAL,ELCHTIXX03,S3D2,2026,0.06
GLOBAL,ELCHTIXX03,S3D2,2027,0.06
GLOBAL,ELCHTIXX03,S3D2,2028,0.06
GLOBAL,ELCHTIXX03,S3D2,2029,0.06
GLOBAL,ELCHTIXX03,S3D2,2030,0.06
GLOBAL,ELCHTIXX03,S3D2,2031,0.06
GLOBAL,ELCHTIXX03,S3D2,2032,0.06
GLOBAL,ELCHTIXX03,S3D2,2033,0.06
GLOBAL,ELCHTIXX03,S3D2,2034,0.06
GLOBAL,ELCHTIXX03,S3D2,2035,0.06
GLOBAL,ELCHTIXX03,S3D2,2036,0.06
GLOBAL,ELCHTIXX03,S3D2,2037,0.06
GLOBAL,ELCHTIXX03,S3D2,2038,0.06
GLOBAL,ELCHTIXX03,S3D2,2039,0.06
GLOBAL,ELCHTIXX03,S3D2,2040,0.06
GLOBAL,ELCHTIXX03,S3D2,2041,0.06
GLOBAL,ELCHTIXX03,S3D2,2042,0.06
GLOBAL,ELCHTIXX03,S3D2,2043,0.06
GLOBAL,ELCHTIXX03,S3D2,2044,0.06
GLOBAL,ELCHTIXX03,S3D2,2045,0.06
GLOBAL,ELCHTIXX03,S3D2,2046,0.06
GLOBAL,ELCHTIXX03,S3D2,2047,0.06
GLOBAL,ELCHTIXX03,S3D2,2048,0.06
GLOBAL,ELCHTIXX03,S3D2,2049,0.06
GLOBAL,ELCHTIXX03,S3D2,2050,0.06
GLOBAL,ELCHTIXX03,S3D3,2023,0.11
GLOBAL,ELCHTIXX03,S3D3,2024,0.11
GLOBAL,ELCHTIXX03,S3D3,2025,0.11
GLOBAL,ELCHTIXX03,S3D3,2026,0.11
GLOBAL,ELCHTIXX03,S3D3,2027,0.11
GLOBAL,ELCHTIXX03,S3D3,2028,0.11
GLOBAL,ELCHTIXX03,S3D3,2029,0.11
GLOBAL,ELCHTIXX03,S3D3,2030,0.11
GLOBAL,ELCHTIXX03,S3D3,2031,0.11
GLOBAL,ELCHTIXX03,S3D3,2032,0.11
GLOBAL,ELCHTIXX03,S3D3,2033,0.11
GLOBAL,ELCHTIXX03,S3D3,2034,0.11
GLOBAL,ELCHTIXX03,S3D3,2035,0.11
GLOBAL,ELCHTIXX03,S3D3,2036,0.11
GLOBAL,ELCHTIXX03,S3D3,2037,0.11
GLOBAL,ELCHTIXX03,S3D3,2038,0.11
GLOBAL,ELCHTIXX03,S3D3,2039,0.11
GLOBAL,ELCHTIXX03,S3D3,2040,0.11
GLOBAL,ELCHTIXX03,S3D3,2041,0.11
GLOBAL,ELCHTIXX03,S3D3,2042,0.11
GLOBAL,ELCHTIXX03,S3D3,2043,0.11
GLOBAL,ELCHTIXX03,S3D3,2044,0.11
GLOBAL,ELCHTIXX03,S3D3,2045,0.11
GLOBAL,ELCHTIXX03,S3D3,2046,0.11
GLOBAL,ELCHTIXX03,S3D3,2047,0.11
GLOBAL,ELCHTIXX03,S3D3,2048,0.11
GLOBAL,ELCHTIXX03,S3D3,2049,0.11
GLOBAL,ELCHTIXX03,S3D3,2050,0.11
GLOBAL,ELCHTIXX03,S4D1,2023,0.08
GLOBAL,ELCHTIXX03,S4D1,2024,0.08
GLOBAL,ELCHTIXX03,S4D1,2025,0.08
GLOBAL,ELCHTIXX03,S4D1,2026,0.08
GLOBAL,ELCHTIXX03,S4D1,2027,0.08
GLOBAL,ELCHTIXX03,S4D1,2028,0.08
GLOBAL,ELCHTIXX03,S4D1,2029,0.08
GLOBAL,ELCHTIXX03,S4D1,2030,0.08
GLOBAL,ELCHTIXX03,S4D1,2031,0.08
GLOBAL,ELCHTIXX03,S4D1,2032,0.08
GLOBAL,ELCHTIXX03,S4D1,2033,0.08
GLOBAL,ELCHTIXX03,S4D1,2034,0.08
GLOBAL,ELCHTIXX03,S4D1,2035,0.08
GLOBAL,ELCHTIXX03,S4D1,2036,0.08
GLOBAL,ELCHTIXX03,S4D1,2037,0.08
GLOBAL,ELCHTIXX03,S4D1,2038,0.08
GLOBAL,ELCHTIXX03,S4D1,2039,0.08
GLOBAL,ELCHTIXX03,S4D1,2040,0.08
GLOBAL,ELCHTIXX03,S4D1,2041,0.08
GLOBAL,ELCHTIXX03,S4D1,2042,0.08
GLOBAL,ELCHTIXX03,S4D1,2043,0.08
GLOBAL,ELCHTIXX03,S4D1,2044,0.08
GLOBAL,ELCHTIXX03,S4D1,2045,0.08
GLOBAL,ELCHTIXX03,S4D1,2046,0.08
GLOBAL,ELCHTIXX03,S4D1,2047,0.08
GLOBAL,ELCHTIXX03,S4D1,2048,0.08
GLOBAL,ELCHTIXX03,S4D1,2049,0.08
GLOBAL,ELCHTIXX03,S4D1,2050,0.08
GLOBAL,ELCHTIXX03,S4D2,2023,0.06
GLOBAL,ELCHTIXX03,S4D2,2024,0.06
GLOBAL,ELCHTIXX03,S4D2,2025,0.06
GLOBAL,ELCHTIXX03,S4D2,2026,0.06
GLOBAL,ELCHTIXX03,S4D2,2027,0.06
GLOBAL,ELCHTIXX03,S4D2,2028,0.06
GLOBAL,ELCHTIXX03,S4D2,2029,0.06
GLOBAL,ELCHTIXX03,S4D2,2030,0.06
GLOBAL,ELCHTIXX03,S4D2,2031,0.06
GLOBAL,ELCHTIXX03,S4D2,2032,0.06
GLOBAL,ELCHTIXX03,S4D2,2033,0.06
GLOBAL,ELCHTIXX03,S4D2,2034,0.06
GLOBAL,ELCHTIXX03,S4D2,2035,0.06
GLOBAL,ELCHTIXX03,S4D2,2036,0.06
GLOBAL,ELCHTIXX03,S4D2,2037,0.06
GLOBAL,ELCHTIXX03,S4D2,2038,0.06
GLOBAL,ELCHTIXX03,S4D2,2039,0.06
GLOBAL,ELCHTIXX03,S4D2,2040,0.06
GLOBAL,ELCHTIXX03,S4D2,2041,0.06
GLOBAL,ELCHTIXX03,S4D2,2042,0.06
GLOBAL,ELCHTIXX03,S4D2,2043,0.06
GLOBAL,ELCHTIXX03,S4D2,2044,0.06
GLOBAL,ELCHTIXX03,S4D2,2045,0.06
GLOBAL,ELCHTIXX03,S4D2,2046,0.06
GLOBAL,ELCHTIXX03,S4D2,2047,0.06
GLOBAL,ELCHTIXX03,S4D2,2048,0.06
GLOBAL,ELCHTIXX03,S4D2,2049,0.06
GLOBAL,ELCHTIXX03,S4D2,2050,0.06
GLOBAL,ELCHTIXX03,S4D3,2023,0.11
GLOBAL,ELCHTIXX03,S4D3,2024,0.11
GLOBAL,ELCHTIXX03,S4D3,2025,0.11
GLOBAL,ELCHTIXX03,S4D3,2026,0.11
GLOBAL,ELCHTIXX03,S4D3,2027,0.11
GLOBAL,ELCHTIXX03,S4D3,2028,0.11
GLOBAL,ELCHTIXX03,S4D3,2029,0.11
GLOBAL,ELCHTIXX03,S4D3,2030,0.11
GLOBAL,ELCHTIXX03,S4D3,2031,0.11
GLOBAL,ELCHTIXX03,S4D3,2032,0.11
GLOBAL,ELCHTIXX03,S4D3,2033,0.11
GLOBAL,ELCHTIXX03,S4D3,2034,0.11
GLOBAL,ELCHTIXX03,S4D3,2035,0.11
GLOBAL,ELCHTIXX03,S4D3,2036,0.11
GLOBAL,ELCHTIXX03,S4D3,2037,0.11
GLOBAL,ELCHTIXX03,S4D3,2038,0.11
GLOBAL,ELCHTIXX03,S4D3,2039,0.11
GLOBAL,ELCHTIXX03,S4D3,2040,0.11
GLOBAL,ELCHTIXX03,S4D3,2041,0.11
GLOBAL,ELCHTIXX03,S4D3,2042,0.11
GLOBAL,ELCHTIXX03,S4D3,2043,0.11
GLOBAL,ELCHTIXX03,S4D3,2044,0.11
GLOBAL,ELCHTIXX03,S4D3,2045,0.11
GLOBAL,ELCHTIXX03,S4D3,2046,0.11
GLOBAL,ELCHTIXX03,S4D3,2047,0.11
GLOBAL,ELCHTIXX03,S4D3,2048,0.11
GLOBAL,ELCHTIXX03,S4D3,2049,0.11
GLOBAL,ELCHTIXX03,S4D3,2050,0.11
GLOBAL,ELCMEXXX03,S1D1,2023,0.0808080808080808
GLOBAL,ELCMEXXX03,S1D1,2024,0.0808080808080808
GLOBAL,ELCMEXXX03,S1D1,2025,0.0808080808080808
GLOBAL,ELCMEXXX03,S1D1,2026,0.0808080808080808
GLOBAL,ELCMEXXX03,S1D1,2027,0.0808080808080808
GLOBAL,ELCMEXXX03,S1D1,2028,0.0808080808080808
GLOBAL,ELCMEXXX03,S1D1,2029,0.0808080808080808
GLOBAL,ELCMEXXX03,S1D1,2030,0.0808080808080808
GLOBAL,ELCMEXXX03,S1D1,2031,0.0808080808080808
GLOBAL,ELCMEXXX03,S1D1,2032,0.0808080808080808
GLOBAL,ELCMEXXX03,S1D1,2033,0.0808080808080808
GLOBAL,ELCMEXXX03,S1D1,2034,0.0808080808080808
GLOBAL,ELCMEXXX03,S1D1,2035,0.0808080808080808
GLOBAL,ELCMEXXX03,S1D1,2036,0.0808080808080808
GLOBAL,ELCMEXXX03,S1D1,2037,0.0808080808080808
GLOBAL,ELCMEXXX03,S1D1,2038,0.0808080808080808
GLOBAL,ELCMEXXX03,S1D1,2039,0.0808080808080808
GLOBAL,ELCMEXXX03,S1D1,2040,0.0808080808080808
GLOBAL,ELCMEXXX03,S1D1,2041,0.0808080808080808
GLOBAL,ELCMEXXX03,S1D1,2042,0.0808080808080808
GLOBAL,ELCMEXXX03,S1D1,2043,0.0808080808080808
GLOBAL,ELCMEXXX03,S1D1,2044,0.0808080808080808
GLOBAL,ELCMEXXX03,S1D1,2045,0.0808080808080808
GLOBAL,ELCMEXXX03,S1D1,2046,0.0808080808080808
GLOBAL,ELCMEXXX03,S1D1,2047,0.0808080808080808
GLOBAL,ELCMEXXX03,S1D1,2048,0.0808080808080808
GLOBAL,ELCMEXXX03,S1D1,2049,0.0808080808080808
GLOBAL,ELCMEXXX03,S1D1,2050,0.0808080808080808
GLOBAL,ELCMEXXX03,S1D2,2023,0.0505050505050505
GLOBAL,ELCMEXXX03,S1D2,2024,0.0505050505050505
GLOBAL,ELCMEXXX03,S1D2,2025,0.0505050505050505
GLOBAL,ELCMEXXX03,S1D2,2026,0.0505050505050505
GLOBAL,ELCMEXXX03,S1D2,2027,0.0505050505050505
GLOBAL,ELCMEXXX03,S1D2,2028,0.0505050505050505
GLOBAL,ELCMEXXX03,S1D2,2029,0.0505050505050505
GLOBAL,ELCMEXXX03,S1D2,2030,0.0505050505050505
GLOBAL,ELCMEXXX03,S1D2,2031,0.0505050505050505
GLOBAL,ELCMEXXX03,S1D2,2032,0.0505050505050505
GLOBAL,ELCMEXXX03,S1D2,2033,0.0505050505050505
GLOBAL,ELCMEXXX03,S1D2,2034,0.0505050505050505
GLOBAL,ELCMEXXX03,S1D2,2035,0.0505050505050505
GLOBAL,ELCMEXXX03,S1D2,2036,0.0505050505050505
GLOBAL,ELCMEXXX03,S1D2,2037,0.0505050505050505
GLOBAL,ELCMEXXX03,S1D2,2038,0.0505050505050505
GLOBAL,ELCMEXXX03,S1D2,2039,0.0505050505050505
GLOBAL,ELCMEXXX03,S1D2,2040,0.0505050505050505
GLOBAL,ELCMEXXX03,S1D2,2041,0.0505050505050505
GLOBAL,ELCMEXXX03,S1D2,2042,0.0505050505050505
GLOBAL,ELCMEXXX03,S1D2,2043,0.0505050505050505
GLOBAL,ELCMEXXX03,S1D2,2044,0.0505050505050505
GLOBAL,ELCMEXXX03,S1D2,2045,0.0505050505050505
GLOBAL,ELCMEXXX03,S1D2,2046,0.0505050505050505
GLOBAL,ELCMEXXX03,S1D2,2047,0.0505050505050505
GLOBAL,ELCMEXXX03,S1D2,2048,0.0505050505050505
GLOBAL,ELCMEXXX03,S1D2,2049,0.0505050505050505
GLOBAL,ELCMEXXX03,S1D2,2050,0.0505050505050505
GLOBAL,ELCMEXXX03,S1D3,2023,0.101010101010101
GLOBAL,ELCMEXXX03,S1D3,2024,0.101010101010101
GLOBAL,ELCMEXXX03,S1D3,2025,0.101010101010101
GLOBAL,ELCMEXXX03,S1D3,2026,0.101010101010101
GLOBAL,ELCMEXXX03,S1D3,2027,0.101010101010101
GLOBAL,ELCMEXXX03,S1D3,2028,0.101010101010101
GLOBAL,ELCMEXXX03,S1D3,2029,0.101010101010101
GLOBAL,ELCMEXXX03,S1D3,2030,0.101010101010101
GLOBAL,ELCMEXXX03,S1D3,2031,0.101010101010101
GLOBAL,ELCMEXXX03,S1D3,2032,0.101010101010101
GLOBAL,ELCMEXXX03,S1D3,2033,0.101010101010101
GLOBAL,ELCMEXXX03,S1D3,2034,0.101010101010101
GLOBAL,ELCMEXXX03,S1D3,2035,0.101010101010101
GLOBAL,ELCMEXXX03,S1D3,2036,0.101010101010101
GLOBAL,ELCMEXXX03,S1D3,2037,0.101010101010101
GLOBAL,ELCMEXXX03,S1D3,2038,0.101010101010101
GLOBAL,ELCMEXXX03,S1D3,2039,0.101010101010101
GLOBAL,ELCMEXXX03,S1D3,2040,0.101010101010101
GLOBAL,ELCMEXXX03,S1D3,2041,0.101010101010101
GLOBAL,ELCMEXXX03,S1D3,2042,0.101010101010101
GLOBAL,ELCMEXXX03,S1D3,2043,0.101010101010101
GLOBAL,ELCMEXXX03,S1D3,2044,0.101010101010101
GLOBAL,ELCMEXXX03,S1D3,2045,0.101010101010101
GLOBAL,ELCMEXXX03,S1D3,2046,0.101010101010101
GLOBAL,ELCMEXXX03,S1D3,2047,0.101010101010101
GLOBAL,ELCMEXXX03,S1D3,2048,0.101010101010101
GLOBAL,ELCMEXXX03,S1D3,2049,0.101010101010101
GLOBAL,ELCMEXXX03,S1D3,2050,0.101010101010101
GLOBAL,ELCMEXXX03,S2D1,2023,0.0909090909090909
GLOBAL,ELCMEXXX03,S2D1,2024,0.0909090909090909
GLOBAL,ELCMEXXX03,S2D1,2025,0.0909090909090909
GLOBAL,ELCMEXXX03,S2D1,2026,0.0909090909090909
GLOBAL,ELCMEXXX03,S2D1,2027,0.0909090909090909
GLOBAL,ELCMEXXX03,S2D1,2028,0.0909090909090909
GLOBAL,ELCMEXXX03,S2D1,2029,0.0909090909090909
GLOBAL,ELCMEXXX03,S2D1,2030,0.0909090909090909
GLOBAL,ELCMEXXX03,S2D1,2031,0.0909090909090909
GLOBAL,ELCMEXXX03,S2D1,2032,0.0909090909090909
GLOBAL,ELCMEXXX03,S2D1,2033,0.0909090909090909
GLOBAL,ELCMEXXX03,S2D1,2034,0.0909090909090909
GLOBAL,ELCMEXXX03,S2D1,2035,0.0909090909090909
GLOBAL,ELCMEXXX03,S2D1,2036,0.0909090909090909
GLOBAL,ELCMEXXX03,S2D1,2037,0.0909090909090909
GLOBAL,ELCMEXXX03,S2D1,2038,0.0909090909090909
GLOBAL,ELCMEXXX03,S2D1,2039,0.0909090909090909
GLOBAL,ELCMEXXX03,S2D1,2040,0.0909090909090909
GLOBAL,ELCMEXXX03,S2D1,2041,0.0909090909090909
GLOBAL,ELCMEXXX03,S2D1,2042,0.0909090909090909
GLOBAL,ELCMEXXX03,S2D1,2043,0.0909090909090909
GLOBAL,ELCMEXXX03,S2D1,2044,0.0909090909090909
GLOBAL,ELCMEXXX03,S2D1,2045,0.0909090909090909
GLOBAL,ELCMEXXX03,S2D1,2046,0.0909090909090909
GLOBAL,ELCMEXXX03,S2D1,2047,0.0909090909090909
GLOBAL,ELCMEXXX03,S2D1,2048,0.0909090909090909
GLOBAL,ELCMEXXX03,S2D1,2049,0.0909090909090909
GLOBAL,ELCMEXXX03,S2D1,2050,0.0909090909090909
GLOBAL,ELCMEXXX03,S2D2,2023,0.0606060606060606
GLOBAL,ELCMEXXX03,S2D2,2024,0.0606060606060606
GLOBAL,ELCMEXXX03,S2D2,2025,0.0606060606060606
GLOBAL,ELCMEXXX03,S2D2,2026,0.0606060606060606
GLOBAL,ELCMEXXX03,S2D2,2027,0.0606060606060606
GLOBAL,ELCMEXXX03,S2D2,2028,0.0606060606060606
GLOBAL,ELCMEXXX03,S2D2,2029,0.0606060606060606
GLOBAL,ELCMEXXX03,S2D2,2030,0.0606060606060606
GLOBAL,ELCMEXXX03,S2D2,2031,0.0606060606060606
GLOBAL,ELCMEXXX03,S2D2,2032,0.0606060606060606
GLOBAL,ELCMEXXX03,S2D2,2033,0.0606060606060606
GLOBAL,ELCMEXXX03,S2D2,2034,0.0606060606060606
GLOBAL,ELCMEXXX03,S2D2,2035,0.0606060606060606
GLOBAL,ELCMEXXX03,S2D2,2036,0.0606060606060606
GLOBAL,ELCMEXXX03,S2D2,2037,0.0606060606060606
GLOBAL,ELCMEXXX03,S2D2,2038,0.0606060606060606
GLOBAL,ELCMEXXX03,S2D2,2039,0.0606060606060606
GLOBAL,ELCMEXXX03,S2D2,2040,0.0606060606060606
GLOBAL,ELCMEXXX03,S2D2,2041,0.0606060606060606
GLOBAL,ELCMEXXX03,S2D2,2042,0.0606060606060606
GLOBAL,ELCMEXXX03,S2D2,2043,0.0606060606060606
GLOBAL,ELCMEXXX03,S2D2,2044,0.0606060606060606
GLOBAL,ELCMEXXX03,S2D2,2045,0.0606060606060606
GLOBAL,ELCMEXXX03,S2D2,2046,0.0606060606060606
GLOBAL,ELCMEXXX03,S2D2,2047,0.0606060606060606
GLOBAL,ELCMEXXX03,S2D2,2048,0.0606060606060606
GLOBAL,ELCMEXXX03,S2D2,2049,0.0606060606060606
GLOBAL,ELCMEXXX03,S2D2,2050,0.0606060606060606
GLOBAL,ELCMEXXX03,S2D3,2023,0.1111111111111111
GLOBAL,ELCMEXXX03,S2D3,2024,0.1111111111111111
GLOBAL,ELCMEXXX03,S2D3,2025,0.1111111111111111
GLOBAL,ELCMEXXX03,S2D3,2026,0.1111111111111111
GLOBAL,ELCMEXXX03,S2D3,2027,0.1111111111111111
GLOBAL,ELCMEXXX03,S2D3,2028,0.1111111111111111
GLOBAL,ELCMEXXX03,S2D3,2029,0.1111111111111111
GLOBAL,ELCMEXXX03,S2D3,2030,0.1111111111111111
GLOBAL,ELCMEXXX03,S2D3,2031,0.1111111111111111
GLOBAL,ELCMEXXX03,S2D3,2032,0.1111111111111111
GLOBAL,ELCMEXXX03,S2D3,2033,0.1111111111111111
GLOBAL,ELCMEXXX03,S2D3,2034,0.1111111111111111
GLOBAL,ELCMEXXX03,S2D3,2035,0.1111111111111111
GLOBAL,ELCMEXXX03,S2D3,2036,0.1111111111111111
GLOBAL,ELCMEXXX03,S2D3,2037,0.1111111111111111
GLOBAL,ELCMEXXX03,S2D3,2038,0.1111111111111111
GLOBAL,ELCMEXXX03,S2D3,2039,0.1111111111111111
GLOBAL,ELCMEXXX03,S2D3,2040,0.1111111111111111
GLOBAL,ELCMEXXX03,S2D3,2041,0.1111111111111111
GLOBAL,ELCMEXXX03,S2D3,2042,0.1111111111111111
GLOBAL,ELCMEXXX03,S2D3,2043,0.1111111111111111
GLOBAL,ELCMEXXX03,S2D3,2044,0.1111111111111111
GLOBAL,ELCMEXXX03,S2D3,2045,0.1111111111111111
GLOBAL,ELCMEXXX03,S2D3,2046,0.1111111111111111
GLOBAL,ELCMEXXX03,S2D3,2047,0.1111111111111111
GLOBAL,ELCMEXXX03,S2D3,2048,0.1111111111111111
GLOBAL,ELCMEXXX03,S2D3,2049,0.1111111111111111
GLOBAL,ELCMEXXX03,S2D3,2050,0.1111111111111111
GLOBAL,ELCMEXXX03,S3D1,2023,0.0909090909090909
GLOBAL,ELCMEXXX03,S3D1,2024,0.0909090909090909
GLOBAL,ELCMEXXX03,S3D1,2025,0.0909090909090909
GLOBAL,ELCMEXXX03,S3D1,2026,0.0909090909090909
GLOBAL,ELCMEXXX03,S3D1,2027,0.0909090909090909
GLOBAL,ELCMEXXX03,S3D1,2028,0.0909090909090909
GLOBAL,ELCMEXXX03,S3D1,2029,0.0909090909090909
GLOBAL,ELCMEXXX03,S3D1,2030,0.0909090909090909
GLOBAL,ELCMEXXX03,S3D1,2031,0.0909090909090909
GLOBAL,ELCMEXXX03,S3D1,2032,0.0909090909090909
GLOBAL,ELCMEXXX03,S3D1,2033,0.0909090909090909
GLOBAL,ELCMEXXX03,S3D1,2034,0.0909090909090909
GLOBAL,ELCMEXXX03,S3D1,2035,0.0909090909090909
GLOBAL,ELCMEXXX03,S3D1,2036,0.0909090909090909
GLOBAL,ELCMEXXX03,S3D1,2037,0.0909090909090909
GLOBAL,ELCMEXXX03,S3D1,2038,0.0909090909090909
GLOBAL,ELCMEXXX03,S3D1,2039,0.0909090909090909
GLOBAL,ELCMEXXX03,S3D1,2040,0.0909090909090909
GLOBAL,ELCMEXXX03,S3D1,2041,0.0909090909090909
GLOBAL,ELCMEXXX03,S3D1,2042,0.0909090909090909
GLOBAL,ELCMEXXX03,S3D1,2043,0.0909090909090909
GLOBAL,ELCMEXXX03,S3D1,2044,0.0909090909090909
GLOBAL,ELCMEXXX03,S3D1,2045,0.0909090909090909
GLOBAL,ELCMEXXX03,S3D1,2046,0.0909090909090909
GLOBAL,ELCMEXXX03,S3D1,2047,0.0909090909090909
GLOBAL,ELCMEXXX03,S3D1,2048,0.0909090909090909
GLOBAL,ELCMEXXX03,S3D1,2049,0.0909090909090909
GLOBAL,ELCMEXXX03,S3D1,2050,0.0909090909090909
GLOBAL,ELCMEXXX03,S3D2,2023,0.0606060606060606
GLOBAL,ELCMEXXX03,S3D2,2024,0.0606060606060606
GLOBAL,ELCMEXXX03,S3D2,2025,0.0606060606060606
GLOBAL,ELCMEXXX03,S3D2,2026,0.0606060606060606
GLOBAL,ELCMEXXX03,S3D2,2027,0.0606060606060606
GLOBAL,ELCMEXXX03,S3D2,2028,0.0606060606060606
GLOBAL,ELCMEXXX03,S3D2,2029,0.0606060606060606
GLOBAL,ELCMEXXX03,S3D2,2030,0.0606060606060606
GLOBAL,ELCMEXXX03,S3D2,2031,0.0606060606060606
GLOBAL,ELCMEXXX03,S3D2,2032,0.0606060606060606
GLOBAL,ELCMEXXX03,S3D2,2033,0.0606060606060606
GLOBAL,ELCMEXXX03,S3D2,2034,0.0606060606060606
GLOBAL,ELCMEXXX03,S3D2,2035,0.0606060606060606
GLOBAL,ELCMEXXX03,S3D2,2036,0.0606060606060606
GLOBAL,ELCMEXXX03,S3D2,2037,0.0606060606060606
GLOBAL,ELCMEXXX03,S3D2,2038,0.0606060606060606
GLOBAL,ELCMEXXX03,S3D2,2039,0.0606060606060606
GLOBAL,ELCMEXXX03,S3D2,2040,0.0606060606060606
GLOBAL,ELCMEXXX03,S3D2,2041,0.0606060606060606
GLOBAL,ELCMEXXX03,S3D2,2042,0.0606060606060606
GLOBAL,ELCMEXXX03,S3D2,2043,0.0606060606060606
GLOBAL,ELCMEXXX03,S3D2,2044,0.0606060606060606
GLOBAL,ELCMEXXX03,S3D2,2045,0.0606060606060606
GLOBAL,ELCMEXXX03,S3D2,2046,0.0606060606060606
GLOBAL,ELCMEXXX03,S3D2,2047,0.0606060606060606
GLOBAL,ELCMEXXX03,S3D2,2048,0.0606060606060606
GLOBAL,ELCMEXXX03,S3D2,2049,0.0606060606060606
GLOBAL,ELCMEXXX03,S3D2,2050,0.0606060606060606
GLOBAL,ELCMEXXX03,S3D3,2023,0.1212121212121212
GLOBAL,ELCMEXXX03,S3D3,2024,0.1212121212121212
GLOBAL,ELCMEXXX03,S3D3,2025,0.1212121212121212
GLOBAL,ELCMEXXX03,S3D3,2026,0.1212121212121212
GLOBAL,ELCMEXXX03,S3D3,2027,0.1212121212121212
GLOBAL,ELCMEXXX03,S3D3,2028,0.1212121212121212
GLOBAL,ELCMEXXX03,S3D3,2029,0.1212121212121212
GLOBAL,ELCMEXXX03,S3D3,2030,0.1212121212121212
GLOBAL,ELCMEXXX03,S3D3,2031,0.1212121212121212
GLOBAL,ELCMEXXX03,S3D3,2032,0.1212121212121212
GLOBAL,ELCMEXXX03,S3D3,2033,0.1212121212121212
GLOBAL,ELCMEXXX03,S3D3,2034,0.1212121212121212
GLOBAL,ELCMEXXX03,S3D3,2035,0.1212121212121212
GLOBAL,ELCMEXXX03,S3D3,2036,0.1212121212121212
GLOBAL,ELCMEXXX03,S3D3,2037,0.1212121212121212
GLOBAL,ELCMEXXX03,S3D3,2038,0.1212121212121212
GLOBAL,ELCMEXXX03,S3D3,2039,0.1212121212121212
GLOBAL,ELCMEXXX03,S3D3,2040,0.1212121212121212
GLOBAL,ELCMEXXX03,S3D3,2041,0.1212121212121212
GLOBAL,ELCMEXXX03,S3D3,2042,0.1212121212121212
GLOBAL,ELCMEXXX03,S3D3,2043,0.1212121212121212
GLOBAL,ELCMEXXX03,S3D3,2044,0.1212121212121212
GLOBAL,ELCMEXXX03,S3D3,2045,0.1212121212121212
GLOBAL,ELCMEXXX03,S3D3,2046,0.1212121212121212
GLOBAL,ELCMEXXX03,S3D3,2047,0.1212121212121212
GLOBAL,ELCMEXXX03,S3D3,2048,0.1212121212121212
GLOBAL,ELCMEXXX03,S3D3,2049,0.1212121212121212
GLOBAL,ELCMEXXX03,S3D3,2050,0.1212121212121212
GLOBAL,ELCMEXXX03,S4D1,2023,0.0808080808080808
GLOBAL,ELCMEXXX03,S4D1,2024,0.0808080808080808
GLOBAL,ELCMEXXX03,S4D1,2025,0.0808080808080808
GLOBAL,ELCMEXXX03,S4D1,2026,0.0808080808080808
GLOBAL,ELCMEXXX03,S4D1,2027,0.0808080808080808
GLOBAL,ELCMEXXX03,S4D1,2028,0.0808080808080808
GLOBAL,ELCMEXXX03,S4D1,2029,0.0808080808080808
GLOBAL,ELCMEXXX03,S4D1,2030,0.0808080808080808
GLOBAL,ELCMEXXX03,S4D1,2031,0.0808080808080808
GLOBAL,ELCMEXXX03,S4D1,2032,0.0808080808080808
GLOBAL,ELCMEXXX03,S4D1,2033,0.0808080808080808
GLOBAL,ELCMEXXX03,S4D1,2034,0.0808080808080808
GLOBAL,ELCMEXXX03,S4D1,2035,0.0808080808080808
GLOBAL,ELCMEXXX03,S4D1,2036,0.0808080808080808
GLOBAL,ELCMEXXX03,S4D1,2037,0.0808080808080808
GLOBAL,ELCMEXXX03,S4D1,2038,0.0808080808080808
GLOBAL,ELCMEXXX03,S4D1,2039,0.0808080808080808
GLOBAL,ELCMEXXX03,S4D1,2040,0.0808080808080808
GLOBAL,ELCMEXXX03,S4D1,2041,0.0808080808080808
GLOBAL,ELCMEXXX03,S4D1,2042,0.0808080808080808
GLOBAL,ELCMEXXX03,S4D1,2043,0.0808080808080808
GLOBAL,ELCMEXXX03,S4D1,2044,0.0808080808080808
GLOBAL,ELCMEXXX03,S4D1,2045,0.0808080808080808
GLOBAL,ELCMEXXX03,S4D1,2046,0.0808080808080808
GLOBAL,ELCMEXXX03,S4D1,2047,0.0808080808080808
GLOBAL,ELCMEXXX03,S4D1,2048,0.0808080808080808
GLOBAL,ELCMEXXX03,S4D1,2049,0.0808080808080808
GLOBAL,ELCMEXXX03,S4D1,2050,0.0808080808080808
GLOBAL,ELCMEXXX03,S4D2,2023,0.0505050505050505
GLOBAL,ELCMEXXX03,S4D2,2024,0.0505050505050505
GLOBAL,ELCMEXXX03,S4D2,2025,0.0505050505050505
GLOBAL,ELCMEXXX03,S4D2,2026,0.0505050505050505
GLOBAL,ELCMEXXX03,S4D2,2027,0.0505050505050505
GLOBAL,ELCMEXXX03,S4D2,2028,0.0505050505050505
GLOBAL,ELCMEXXX03,S4D2,2029,0.0505050505050505
GLOBAL,ELCMEXXX03,S4D2,2030,0.0505050505050505
GLOBAL,ELCMEXXX03,S4D2,2031,0.0505050505050505
GLOBAL,ELCMEXXX03,S4D2,2032,0.0505050505050505
GLOBAL,ELCMEXXX03,S4D2,2033,0.0505050505050505
GLOBAL,ELCMEXXX03,S4D2,2034,0.0505050505050505
GLOBAL,ELCMEXXX03,S4D2,2035,0.0505050505050505
GLOBAL,ELCMEXXX03,S4D2,2036,0.0505050505050505
GLOBAL,ELCMEXXX03,S4D2,2037,0.0505050505050505
GLOBAL,ELCMEXXX03,S4D2,2038,0.0505050505050505
GLOBAL,ELCMEXXX03,S4D2,2039,0.0505050505050505
GLOBAL,ELCMEXXX03,S4D2,2040,0.0505050505050505
GLOBAL,ELCMEXXX03,S4D2,2041,0.0505050505050505
GLOBAL,ELCMEXXX03,S4D2,2042,0.0505050505050505
GLOBAL,ELCMEXXX03,S4D2,2043,0.0505050505050505
GLOBAL,ELCMEXXX03,S4D2,2044,0.0505050505050505
GLOBAL,ELCMEXXX03,S4D2,2045,0.0505050505050505
GLOBAL,ELCMEXXX03,S4D2,2046,0.0505050505050505
GLOBAL,ELCMEXXX03,S4D2,2047,0.0505050505050505
GLOBAL,ELCMEXXX03,S4D2,2048,0.0505050505050505
GLOBAL,ELCMEXXX03,S4D2,2049,0.0505050505050505
GLOBAL,ELCMEXXX03,S4D2,2050,0.0505050505050505
GLOBAL,ELCMEXXX03,S4D3,2023,0.101010101010101
GLOBAL,ELCMEXXX03,S4D3,2024,0.101010101010101
GLOBAL,ELCMEXXX03,S4D3,2025,0.101010101010101
GLOBAL,ELCMEXXX03,S4D3,2026,0.101010101010101
GLOBAL,ELCMEXXX03,S4D3,2027,0.101010101010101
GLOBAL,ELCMEXXX03,S4D3,2028,0.101010101010101
GLOBAL,ELCMEXXX03,S4D3,2029,0.101010101010101
GLOBAL,ELCMEXXX03,S4D3,2030,0.101010101010101
GLOBAL,ELCMEXXX03,S4D3,2031,0.101010101010101
GLOBAL,ELCMEXXX03,S4D3,2032,0.101010101010101
GLOBAL,ELCMEXXX03,S4D3,2033,0.101010101010101
GLOBAL,ELCMEXXX03,S4D3,2034,0.101010101010101
GLOBAL,ELCMEXXX03,S4D3,2035,0.101010101010101
GLOBAL,ELCMEXXX03,S4D3,2036,0.101010101010101
GLOBAL,ELCMEXXX03,S4D3,2037,0.101010101010101
GLOBAL,ELCMEXXX03,S4D3,2038,0.101010101010101
GLOBAL,ELCMEXXX03,S4D3,2039,0.101010101010101
GLOBAL,ELCMEXXX03,S4D3,2040,0.101010101010101
GLOBAL,ELCMEXXX03,S4D3,2041,0.101010101010101
GLOBAL,ELCMEXXX03,S4D3,2042,0.101010101010101
GLOBAL,ELCMEXXX03,S4D3,2043,0.101010101010101
GLOBAL,ELCMEXXX03,S4D3,2044,0.101010101010101
GLOBAL,ELCMEXXX03,S4D3,2045,0.101010101010101
GLOBAL,ELCMEXXX03,S4D3,2046,0.101010101010101
GLOBAL,ELCMEXXX03,S4D3,2047,0.101010101010101
GLOBAL,ELCMEXXX03,S4D3,2048,0.101010101010101
GLOBAL,ELCMEXXX03,S4D3,2049,0.101010101010101
GLOBAL,ELCMEXXX03,S4D3,2050,0.101010101010101
GLOBAL,ELCNICXX03,S1D1,2023,0.0808080808080808
GLOBAL,ELCNICXX03,S1D1,2024,0.0808080808080808
GLOBAL,ELCNICXX03,S1D1,2025,0.0808080808080808
GLOBAL,ELCNICXX03,S1D1,2026,0.0808080808080808
GLOBAL,ELCNICXX03,S1D1,2027,0.0808080808080808
GLOBAL,ELCNICXX03,S1D1,2028,0.0808080808080808
GLOBAL,ELCNICXX03,S1D1,2029,0.0808080808080808
GLOBAL,ELCNICXX03,S1D1,2030,0.0808080808080808
GLOBAL,ELCNICXX03,S1D1,2031,0.0808080808080808
GLOBAL,ELCNICXX03,S1D1,2032,0.0808080808080808
GLOBAL,ELCNICXX03,S1D1,2033,0.0808080808080808
GLOBAL,ELCNICXX03,S1D1,2034,0.0808080808080808
GLOBAL,ELCNICXX03,S1D1,2035,0.0808080808080808
GLOBAL,ELCNICXX03,S1D1,2036,0.0808080808080808
GLOBAL,ELCNICXX03,S1D1,2037,0.0808080808080808
GLOBAL,ELCNICXX03,S1D1,2038,0.0808080808080808
GLOBAL,ELCNICXX03,S1D1,2039,0.0808080808080808
GLOBAL,ELCNICXX03,S1D1,2040,0.0808080808080808
GLOBAL,ELCNICXX03,S1D1,2041,0.0808080808080808
GLOBAL,ELCNICXX03,S1D1,2042,0.0808080808080808
GLOBAL,ELCNICXX03,S1D1,2043,0.0808080808080808
GLOBAL,ELCNICXX03,S1D1,2044,0.0808080808080808
GLOBAL,ELCNICXX03,S1D1,2045,0.0808080808080808
GLOBAL,ELCNICXX03,S1D1,2046,0.0808080808080808
GLOBAL,ELCNICXX03,S1D1,2047,0.0808080808080808
GLOBAL,ELCNICXX03,S1D1,2048,0.0808080808080808
GLOBAL,ELCNICXX03,S1D1,2049,0.0808080808080808
GLOBAL,ELCNICXX03,S1D1,2050,0.0808080808080808
GLOBAL,ELCNICXX03,S1D2,2023,0.0505050505050505
GLOBAL,ELCNICXX03,S1D2,2024,0.0505050505050505
GLOBAL,ELCNICXX03,S1D2,2025,0.0505050505050505
GLOBAL,ELCNICXX03,S1D2,2026,0.0505050505050505
GLOBAL,ELCNICXX03,S1D2,2027,0.0505050505050505
GLOBAL,ELCNICXX03,S1D2,2028,0.0505050505050505
GLOBAL,ELCNICXX03,S1D2,2029,0.0505050505050505
GLOBAL,ELCNICXX03,S1D2,2030,0.0505050505050505
GLOBAL,ELCNICXX03,S1D2,2031,0.0505050505050505
GLOBAL,ELCNICXX03,S1D2,2032,0.0505050505050505
GLOBAL,ELCNICXX03,S1D2,2033,0.0505050505050505
GLOBAL,ELCNICXX03,S1D2,2034,0.0505050505050505
GLOBAL,ELCNICXX03,S1D2,2035,0.0505050505050505
GLOBAL,ELCNICXX03,S1D2,2036,0.0505050505050505
GLOBAL,ELCNICXX03,S1D2,2037,0.0505050505050505
GLOBAL,ELCNICXX03,S1D2,2038,0.0505050505050505
GLOBAL,ELCNICXX03,S1D2,2039,0.0505050505050505
GLOBAL,ELCNICXX03,S1D2,2040,0.0505050505050505
GLOBAL,ELCNICXX03,S1D2,2041,0.0505050505050505
GLOBAL,ELCNICXX03,S1D2,2042,0.0505050505050505
GLOBAL,ELCNICXX03,S1D2,2043,0.0505050505050505
GLOBAL,ELCNICXX03,S1D2,2044,0.0505050505050505
GLOBAL,ELCNICXX03,S1D2,2045,0.0505050505050505
GLOBAL,ELCNICXX03,S1D2,2046,0.0505050505050505
GLOBAL,ELCNICXX03,S1D2,2047,0.0505050505050505
GLOBAL,ELCNICXX03,S1D2,2048,0.0505050505050505
GLOBAL,ELCNICXX03,S1D2,2049,0.0505050505050505
GLOBAL,ELCNICXX03,S1D2,2050,0.0505050505050505
GLOBAL,ELCNICXX03,S1D3,2023,0.101010101010101
GLOBAL,ELCNICXX03,S1D3,2024,0.101010101010101
GLOBAL,ELCNICXX03,S1D3,2025,0.101010101010101
GLOBAL,ELCNICXX03,S1D3,2026,0.101010101010101
GLOBAL,ELCNICXX03,S1D3,2027,0.101010101010101
GLOBAL,ELCNICXX03,S1D3,2028,0.101010101010101
GLOBAL,ELCNICXX03,S1D3,2029,0.101010101010101
GLOBAL,ELCNICXX03,S1D3,2030,0.101010101010101
GLOBAL,ELCNICXX03,S1D3,2031,0.101010101010101
GLOBAL,ELCNICXX03,S1D3,2032,0.101010101010101
GLOBAL,ELCNICXX03,S1D3,2033,0.101010101010101
GLOBAL,ELCNICXX03,S1D3,2034,0.101010101010101
GLOBAL,ELCNICXX03,S1D3,2035,0.101010101010101
GLOBAL,ELCNICXX03,S1D3,2036,0.101010101010101
GLOBAL,ELCNICXX03,S1D3,2037,0.101010101010101
GLOBAL,ELCNICXX03,S1D3,2038,0.101010101010101
GLOBAL,ELCNICXX03,S1D3,2039,0.101010101010101
GLOBAL,ELCNICXX03,S1D3,2040,0.101010101010101
GLOBAL,ELCNICXX03,S1D3,2041,0.101010101010101
GLOBAL,ELCNICXX03,S1D3,2042,0.101010101010101
GLOBAL,ELCNICXX03,S1D3,2043,0.101010101010101
GLOBAL,ELCNICXX03,S1D3,2044,0.101010101010101
GLOBAL,ELCNICXX03,S1D3,2045,0.101010101010101
GLOBAL,ELCNICXX03,S1D3,2046,0.101010101010101
GLOBAL,ELCNICXX03,S1D3,2047,0.101010101010101
GLOBAL,ELCNICXX03,S1D3,2048,0.101010101010101
GLOBAL,ELCNICXX03,S1D3,2049,0.101010101010101
GLOBAL,ELCNICXX03,S1D3,2050,0.101010101010101
GLOBAL,ELCNICXX03,S2D1,2023,0.0909090909090909
GLOBAL,ELCNICXX03,S2D1,2024,0.0909090909090909
GLOBAL,ELCNICXX03,S2D1,2025,0.0909090909090909
GLOBAL,ELCNICXX03,S2D1,2026,0.0909090909090909
GLOBAL,ELCNICXX03,S2D1,2027,0.0909090909090909
GLOBAL,ELCNICXX03,S2D1,2028,0.0909090909090909
GLOBAL,ELCNICXX03,S2D1,2029,0.0909090909090909
GLOBAL,ELCNICXX03,S2D1,2030,0.0909090909090909
GLOBAL,ELCNICXX03,S2D1,2031,0.0909090909090909
GLOBAL,ELCNICXX03,S2D1,2032,0.0909090909090909
GLOBAL,ELCNICXX03,S2D1,2033,0.0909090909090909
GLOBAL,ELCNICXX03,S2D1,2034,0.0909090909090909
GLOBAL,ELCNICXX03,S2D1,2035,0.0909090909090909
GLOBAL,ELCNICXX03,S2D1,2036,0.0909090909090909
GLOBAL,ELCNICXX03,S2D1,2037,0.0909090909090909
GLOBAL,ELCNICXX03,S2D1,2038,0.0909090909090909
GLOBAL,ELCNICXX03,S2D1,2039,0.0909090909090909
GLOBAL,ELCNICXX03,S2D1,2040,0.0909090909090909
GLOBAL,ELCNICXX03,S2D1,2041,0.0909090909090909
GLOBAL,ELCNICXX03,S2D1,2042,0.0909090909090909
GLOBAL,ELCNICXX03,S2D1,2043,0.0909090909090909
GLOBAL,ELCNICXX03,S2D1,2044,0.0909090909090909
GLOBAL,ELCNICXX03,S2D1,2045,0.0909090909090909
GLOBAL,ELCNICXX03,S2D1,2046,0.0909090909090909
GLOBAL,ELCNICXX03,S2D1,2047,0.0909090909090909
GLOBAL,ELCNICXX03,S2D1,2048,0.0909090909090909
GLOBAL,ELCNICXX03,S2D1,2049,0.0909090909090909
GLOBAL,ELCNICXX03,S2D1,2050,0.0909090909090909
GLOBAL,ELCNICXX03,S2D2,2023,0.0606060606060606
GLOBAL,ELCNICXX03,S2D2,2024,0.0606060606060606
GLOBAL,ELCNICXX03,S2D2,2025,0.0606060606060606
GLOBAL,ELCNICXX03,S2D2,2026,0.0606060606060606
GLOBAL,ELCNICXX03,S2D2,2027,0.0606060606060606
GLOBAL,ELCNICXX03,S2D2,2028,0.0606060606060606
GLOBAL,ELCNICXX03,S2D2,2029,0.0606060606060606
GLOBAL,ELCNICXX03,S2D2,2030,0.0606060606060606
GLOBAL,ELCNICXX03,S2D2,2031,0.0606060606060606
GLOBAL,ELCNICXX03,S2D2,2032,0.0606060606060606
GLOBAL,ELCNICXX03,S2D2,2033,0.0606060606060606
GLOBAL,ELCNICXX03,S2D2,2034,0.0606060606060606
GLOBAL,ELCNICXX03,S2D2,2035,0.0606060606060606
GLOBAL,ELCNICXX03,S2D2,2036,0.0606060606060606
GLOBAL,ELCNICXX03,S2D2,2037,0.0606060606060606
GLOBAL,ELCNICXX03,S2D2,2038,0.0606060606060606
GLOBAL,ELCNICXX03,S2D2,2039,0.0606060606060606
GLOBAL,ELCNICXX03,S2D2,2040,0.0606060606060606
GLOBAL,ELCNICXX03,S2D2,2041,0.0606060606060606
GLOBAL,ELCNICXX03,S2D2,2042,0.0606060606060606
GLOBAL,ELCNICXX03,S2D2,2043,0.0606060606060606
GLOBAL,ELCNICXX03,S2D2,2044,0.0606060606060606
GLOBAL,ELCNICXX03,S2D2,2045,0.0606060606060606
GLOBAL,ELCNICXX03,S2D2,2046,0.0606060606060606
GLOBAL,ELCNICXX03,S2D2,2047,0.0606060606060606
GLOBAL,ELCNICXX03,S2D2,2048,0.0606060606060606
GLOBAL,ELCNICXX03,S2D2,2049,0.0606060606060606
GLOBAL,ELCNICXX03,S2D2,2050,0.0606060606060606
GLOBAL,ELCNICXX03,S2D3,2023,0.1111111111111111
GLOBAL,ELCNICXX03,S2D3,2024,0.1111111111111111
GLOBAL,ELCNICXX03,S2D3,2025,0.1111111111111111
GLOBAL,ELCNICXX03,S2D3,2026,0.1111111111111111
GLOBAL,ELCNICXX03,S2D3,2027,0.1111111111111111
GLOBAL,ELCNICXX03,S2D3,2028,0.1111111111111111
GLOBAL,ELCNICXX03,S2D3,2029,0.1111111111111111
GLOBAL,ELCNICXX03,S2D3,2030,0.1111111111111111
GLOBAL,ELCNICXX03,S2D3,2031,0.1111111111111111
GLOBAL,ELCNICXX03,S2D3,2032,0.1111111111111111
GLOBAL,ELCNICXX03,S2D3,2033,0.1111111111111111
GLOBAL,ELCNICXX03,S2D3,2034,0.1111111111111111
GLOBAL,ELCNICXX03,S2D3,2035,0.1111111111111111
GLOBAL,ELCNICXX03,S2D3,2036,0.1111111111111111
GLOBAL,ELCNICXX03,S2D3,2037,0.1111111111111111
GLOBAL,ELCNICXX03,S2D3,2038,0.1111111111111111
GLOBAL,ELCNICXX03,S2D3,2039,0.1111111111111111
GLOBAL,ELCNICXX03,S2D3,2040,0.1111111111111111
GLOBAL,ELCNICXX03,S2D3,2041,0.1111111111111111
GLOBAL,ELCNICXX03,S2D3,2042,0.1111111111111111
GLOBAL,ELCNICXX03,S2D3,2043,0.1111111111111111
GLOBAL,ELCNICXX03,S2D3,2044,0.1111111111111111
GLOBAL,ELCNICXX03,S2D3,2045,0.1111111111111111
GLOBAL,ELCNICXX03,S2D3,2046,0.1111111111111111
GLOBAL,ELCNICXX03,S2D3,2047,0.1111111111111111
GLOBAL,ELCNICXX03,S2D3,2048,0.1111111111111111
GLOBAL,ELCNICXX03,S2D3,2049,0.1111111111111111
GLOBAL,ELCNICXX03,S2D3,2050,0.1111111111111111
GLOBAL,ELCNICXX03,S3D1,2023,0.0909090909090909
GLOBAL,ELCNICXX03,S3D1,2024,0.0909090909090909
GLOBAL,ELCNICXX03,S3D1,2025,0.0909090909090909
GLOBAL,ELCNICXX03,S3D1,2026,0.0909090909090909
GLOBAL,ELCNICXX03,S3D1,2027,0.0909090909090909
GLOBAL,ELCNICXX03,S3D1,2028,0.0909090909090909
GLOBAL,ELCNICXX03,S3D1,2029,0.0909090909090909
GLOBAL,ELCNICXX03,S3D1,2030,0.0909090909090909
GLOBAL,ELCNICXX03,S3D1,2031,0.0909090909090909
GLOBAL,ELCNICXX03,S3D1,2032,0.0909090909090909
GLOBAL,ELCNICXX03,S3D1,2033,0.0909090909090909
GLOBAL,ELCNICXX03,S3D1,2034,0.0909090909090909
GLOBAL,ELCNICXX03,S3D1,2035,0.0909090909090909
GLOBAL,ELCNICXX03,S3D1,2036,0.0909090909090909
GLOBAL,ELCNICXX03,S3D1,2037,0.0909090909090909
GLOBAL,ELCNICXX03,S3D1,2038,0.0909090909090909
GLOBAL,ELCNICXX03,S3D1,2039,0.0909090909090909
GLOBAL,ELCNICXX03,S3D1,2040,0.0909090909090909
GLOBAL,ELCNICXX03,S3D1,2041,0.0909090909090909
GLOBAL,ELCNICXX03,S3D1,2042,0.0909090909090909
GLOBAL,ELCNICXX03,S3D1,2043,0.0909090909090909
GLOBAL,ELCNICXX03,S3D1,2044,0.0909090909090909
GLOBAL,ELCNICXX03,S3D1,2045,0.0909090909090909
GLOBAL,ELCNICXX03,S3D1,2046,0.0909090909090909
GLOBAL,ELCNICXX03,S3D1,2047,0.0909090909090909
GLOBAL,ELCNICXX03,S3D1,2048,0.0909090909090909
GLOBAL,ELCNICXX03,S3D1,2049,0.0909090909090909
GLOBAL,ELCNICXX03,S3D1,2050,0.0909090909090909
GLOBAL,ELCNICXX03,S3D2,2023,0.0606060606060606
GLOBAL,ELCNICXX03,S3D2,2024,0.0606060606060606
GLOBAL,ELCNICXX03,S3D2,2025,0.0606060606060606
GLOBAL,ELCNICXX03,S3D2,2026,0.0606060606060606
GLOBAL,ELCNICXX03,S3D2,2027,0.0606060606060606
GLOBAL,ELCNICXX03,S3D2,2028,0.0606060606060606
GLOBAL,ELCNICXX03,S3D2,2029,0.0606060606060606
GLOBAL,ELCNICXX03,S3D2,2030,0.0606060606060606
GLOBAL,ELCNICXX03,S3D2,2031,0.0606060606060606
GLOBAL,ELCNICXX03,S3D2,2032,0.0606060606060606
GLOBAL,ELCNICXX03,S3D2,2033,0.0606060606060606
GLOBAL,ELCNICXX03,S3D2,2034,0.0606060606060606
GLOBAL,ELCNICXX03,S3D2,2035,0.0606060606060606
GLOBAL,ELCNICXX03,S3D2,2036,0.0606060606060606
GLOBAL,ELCNICXX03,S3D2,2037,0.0606060606060606
GLOBAL,ELCNICXX03,S3D2,2038,0.0606060606060606
GLOBAL,ELCNICXX03,S3D2,2039,0.0606060606060606
GLOBAL,ELCNICXX03,S3D2,2040,0.0606060606060606
GLOBAL,ELCNICXX03,S3D2,2041,0.0606060606060606
GLOBAL,ELCNICXX03,S3D2,2042,0.0606060606060606
GLOBAL,ELCNICXX03,S3D2,2043,0.0606060606060606
GLOBAL,ELCNICXX03,S3D2,2044,0.0606060606060606
GLOBAL,ELCNICXX03,S3D2,2045,0.0606060606060606
GLOBAL,ELCNICXX03,S3D2,2046,0.0606060606060606
GLOBAL,ELCNICXX03,S3D2,2047,0.0606060606060606
GLOBAL,ELCNICXX03,S3D2,2048,0.0606060606060606
GLOBAL,ELCNICXX03,S3D2,2049,0.0606060606060606
GLOBAL,ELCNICXX03,S3D2,2050,0.0606060606060606
GLOBAL,ELCNICXX03,S3D3,2023,0.1212121212121212
GLOBAL,ELCNICXX03,S3D3,2024,0.1212121212121212
GLOBAL,ELCNICXX03,S3D3,2025,0.1212121212121212
GLOBAL,ELCNICXX03,S3D3,2026,0.1212121212121212
GLOBAL,ELCNICXX03,S3D3,2027,0.1212121212121212
GLOBAL,ELCNICXX03,S3D3,2028,0.1212121212121212
GLOBAL,ELCNICXX03,S3D3,2029,0.1212121212121212
GLOBAL,ELCNICXX03,S3D3,2030,0.1212121212121212
GLOBAL,ELCNICXX03,S3D3,2031,0.1212121212121212
GLOBAL,ELCNICXX03,S3D3,2032,0.1212121212121212
GLOBAL,ELCNICXX03,S3D3,2033,0.1212121212121212
GLOBAL,ELCNICXX03,S3D3,2034,0.1212121212121212
GLOBAL,ELCNICXX03,S3D3,2035,0.1212121212121212
GLOBAL,ELCNICXX03,S3D3,2036,0.1212121212121212
GLOBAL,ELCNICXX03,S3D3,2037,0.1212121212121212
GLOBAL,ELCNICXX03,S3D3,2038,0.1212121212121212
GLOBAL,ELCNICXX03,S3D3,2039,0.1212121212121212
GLOBAL,ELCNICXX03,S3D3,2040,0.1212121212121212
GLOBAL,ELCNICXX03,S3D3,2041,0.1212121212121212
GLOBAL,ELCNICXX03,S3D3,2042,0.1212121212121212
GLOBAL,ELCNICXX03,S3D3,2043,0.1212121212121212
GLOBAL,ELCNICXX03,S3D3,2044,0.1212121212121212
GLOBAL,ELCNICXX03,S3D3,2045,0.1212121212121212
GLOBAL,ELCNICXX03,S3D3,2046,0.1212121212121212
GLOBAL,ELCNICXX03,S3D3,2047,0.1212121212121212
GLOBAL,ELCNICXX03,S3D3,2048,0.1212121212121212
GLOBAL,ELCNICXX03,S3D3,2049,0.1212121212121212
GLOBAL,ELCNICXX03,S3D3,2050,0.1212121212121212
GLOBAL,ELCNICXX03,S4D1,2023,0.0808080808080808
GLOBAL,ELCNICXX03,S4D1,2024,0.0808080808080808
GLOBAL,ELCNICXX03,S4D1,2025,0.0808080808080808
GLOBAL,ELCNICXX03,S4D1,2026,0.0808080808080808
GLOBAL,ELCNICXX03,S4D1,2027,0.0808080808080808
GLOBAL,ELCNICXX03,S4D1,2028,0.0808080808080808
GLOBAL,ELCNICXX03,S4D1,2029,0.0808080808080808
GLOBAL,ELCNICXX03,S4D1,2030,0.0808080808080808
GLOBAL,ELCNICXX03,S4D1,2031,0.0808080808080808
GLOBAL,ELCNICXX03,S4D1,2032,0.0808080808080808
GLOBAL,ELCNICXX03,S4D1,2033,0.0808080808080808
GLOBAL,ELCNICXX03,S4D1,2034,0.0808080808080808
GLOBAL,ELCNICXX03,S4D1,2035,0.0808080808080808
GLOBAL,ELCNICXX03,S4D1,2036,0.0808080808080808
GLOBAL,ELCNICXX03,S4D1,2037,0.0808080808080808
GLOBAL,ELCNICXX03,S4D1,2038,0.0808080808080808
GLOBAL,ELCNICXX03,S4D1,2039,0.0808080808080808
GLOBAL,ELCNICXX03,S4D1,2040,0.0808080808080808
GLOBAL,ELCNICXX03,S4D1,2041,0.0808080808080808
GLOBAL,ELCNICXX03,S4D1,2042,0.0808080808080808
GLOBAL,ELCNICXX03,S4D1,2043,0.0808080808080808
GLOBAL,ELCNICXX03,S4D1,2044,0.0808080808080808
GLOBAL,ELCNICXX03,S4D1,2045,0.0808080808080808
GLOBAL,ELCNICXX03,S4D1,2046,0.0808080808080808
GLOBAL,ELCNICXX03,S4D1,2047,0.0808080808080808
GLOBAL,ELCNICXX03,S4D1,2048,0.0808080808080808
GLOBAL,ELCNICXX03,S4D1,2049,0.0808080808080808
GLOBAL,ELCNICXX03,S4D1,2050,0.0808080808080808
GLOBAL,ELCNICXX03,S4D2,2023,0.0505050505050505
GLOBAL,ELCNICXX03,S4D2,2024,0.0505050505050505
GLOBAL,ELCNICXX03,S4D2,2025,0.0505050505050505
GLOBAL,ELCNICXX03,S4D2,2026,0.0505050505050505
GLOBAL,ELCNICXX03,S4D2,2027,0.0505050505050505
GLOBAL,ELCNICXX03,S4D2,2028,0.0505050505050505
GLOBAL,ELCNICXX03,S4D2,2029,0.0505050505050505
GLOBAL,ELCNICXX03,S4D2,2030,0.0505050505050505
GLOBAL,ELCNICXX03,S4D2,2031,0.0505050505050505
GLOBAL,ELCNICXX03,S4D2,2032,0.0505050505050505
GLOBAL,ELCNICXX03,S4D2,2033,0.0505050505050505
GLOBAL,ELCNICXX03,S4D2,2034,0.0505050505050505
GLOBAL,ELCNICXX03,S4D2,2035,0.0505050505050505
GLOBAL,ELCNICXX03,S4D2,2036,0.0505050505050505
GLOBAL,ELCNICXX03,S4D2,2037,0.0505050505050505
GLOBAL,ELCNICXX03,S4D2,2038,0.0505050505050505
GLOBAL,ELCNICXX03,S4D2,2039,0.0505050505050505
GLOBAL,ELCNICXX03,S4D2,2040,0.0505050505050505
GLOBAL,ELCNICXX03,S4D2,2041,0.0505050505050505
GLOBAL,ELCNICXX03,S4D2,2042,0.0505050505050505
GLOBAL,ELCNICXX03,S4D2,2043,0.0505050505050505
GLOBAL,ELCNICXX03,S4D2,2044,0.0505050505050505
GLOBAL,ELCNICXX03,S4D2,2045,0.0505050505050505
GLOBAL,ELCNICXX03,S4D2,2046,0.0505050505050505
GLOBAL,ELCNICXX03,S4D2,2047,0.0505050505050505
GLOBAL,ELCNICXX03,S4D2,2048,0.0505050505050505
GLOBAL,ELCNICXX03,S4D2,2049,0.0505050505050505
GLOBAL,ELCNICXX03,S4D2,2050,0.0505050505050505
GLOBAL,ELCNICXX03,S4D3,2023,0.101010101010101
GLOBAL,ELCNICXX03,S4D3,2024,0.101010101010101
GLOBAL,ELCNICXX03,S4D3,2025,0.101010101010101
GLOBAL,ELCNICXX03,S4D3,2026,0.101010101010101
GLOBAL,ELCNICXX03,S4D3,2027,0.101010101010101
GLOBAL,ELCNICXX03,S4D3,2028,0.101010101010101
GLOBAL,ELCNICXX03,S4D3,2029,0.101010101010101
GLOBAL,ELCNICXX03,S4D3,2030,0.101010101010101
GLOBAL,ELCNICXX03,S4D3,2031,0.101010101010101
GLOBAL,ELCNICXX03,S4D3,2032,0.101010101010101
GLOBAL,ELCNICXX03,S4D3,2033,0.101010101010101
GLOBAL,ELCNICXX03,S4D3,2034,0.101010101010101
GLOBAL,ELCNICXX03,S4D3,2035,0.101010101010101
GLOBAL,ELCNICXX03,S4D3,2036,0.101010101010101
GLOBAL,ELCNICXX03,S4D3,2037,0.101010101010101
GLOBAL,ELCNICXX03,S4D3,2038,0.101010101010101
GLOBAL,ELCNICXX03,S4D3,2039,0.101010101010101
GLOBAL,ELCNICXX03,S4D3,2040,0.101010101010101
GLOBAL,ELCNICXX03,S4D3,2041,0.101010101010101
GLOBAL,ELCNICXX03,S4D3,2042,0.101010101010101
GLOBAL,ELCNICXX03,S4D3,2043,0.101010101010101
GLOBAL,ELCNICXX03,S4D3,2044,0.101010101010101
GLOBAL,ELCNICXX03,S4D3,2045,0.101010101010101
GLOBAL,ELCNICXX03,S4D3,2046,0.101010101010101
GLOBAL,ELCNICXX03,S4D3,2047,0.101010101010101
GLOBAL,ELCNICXX03,S4D3,2048,0.101010101010101
GLOBAL,ELCNICXX03,S4D3,2049,0.101010101010101
GLOBAL,ELCNICXX03,S4D3,2050,0.101010101010101
GLOBAL,ELCPANXX03,S1D1,2023,0.0693069306930693
GLOBAL,ELCPANXX03,S1D1,2024,0.0693069306930693
GLOBAL,ELCPANXX03,S1D1,2025,0.0693069306930693
GLOBAL,ELCPANXX03,S1D1,2026,0.0693069306930693
GLOBAL,ELCPANXX03,S1D1,2027,0.0693069306930693
GLOBAL,ELCPANXX03,S1D1,2028,0.0693069306930693
GLOBAL,ELCPANXX03,S1D1,2029,0.0693069306930693
GLOBAL,ELCPANXX03,S1D1,2030,0.0693069306930693
GLOBAL,ELCPANXX03,S1D1,2031,0.0693069306930693
GLOBAL,ELCPANXX03,S1D1,2032,0.0693069306930693
GLOBAL,ELCPANXX03,S1D1,2033,0.0693069306930693
GLOBAL,ELCPANXX03,S1D1,2034,0.0693069306930693
GLOBAL,ELCPANXX03,S1D1,2035,0.0693069306930693
GLOBAL,ELCPANXX03,S1D1,2036,0.0693069306930693
GLOBAL,ELCPANXX03,S1D1,2037,0.0693069306930693
GLOBAL,ELCPANXX03,S1D1,2038,0.0693069306930693
GLOBAL,ELCPANXX03,S1D1,2039,0.0693069306930693
GLOBAL,ELCPANXX03,S1D1,2040,0.0693069306930693
GLOBAL,ELCPANXX03,S1D1,2041,0.0693069306930693
GLOBAL,ELCPANXX03,S1D1,2042,0.0693069306930693
GLOBAL,ELCPANXX03,S1D1,2043,0.0693069306930693
GLOBAL,ELCPANXX03,S1D1,2044,0.0693069306930693
GLOBAL,ELCPANXX03,S1D1,2045,0.0693069306930693
GLOBAL,ELCPANXX03,S1D1,2046,0.0693069306930693
GLOBAL,ELCPANXX03,S1D1,2047,0.0693069306930693
GLOBAL,ELCPANXX03,S1D1,2048,0.0693069306930693
GLOBAL,ELCPANXX03,S1D1,2049,0.0693069306930693
GLOBAL,ELCPANXX03,S1D1,2050,0.0693069306930693
GLOBAL,ELCPANXX03,S1D2,2023,0.0495049504950495
GLOBAL,ELCPANXX03,S1D2,2024,0.0495049504950495
GLOBAL,ELCPANXX03,S1D2,2025,0.0495049504950495
GLOBAL,ELCPANXX03,S1D2,2026,0.0495049504950495
GLOBAL,ELCPANXX03,S1D2,2027,0.0495049504950495
GLOBAL,ELCPANXX03,S1D2,2028,0.0495049504950495
GLOBAL,ELCPANXX03,S1D2,2029,0.0495049504950495
GLOBAL,ELCPANXX03,S1D2,2030,0.0495049504950495
GLOBAL,ELCPANXX03,S1D2,2031,0.0495049504950495
GLOBAL,ELCPANXX03,S1D2,2032,0.0495049504950495
GLOBAL,ELCPANXX03,S1D2,2033,0.0495049504950495
GLOBAL,ELCPANXX03,S1D2,2034,0.0495049504950495
GLOBAL,ELCPANXX03,S1D2,2035,0.0495049504950495
GLOBAL,ELCPANXX03,S1D2,2036,0.0495049504950495
GLOBAL,ELCPANXX03,S1D2,2037,0.0495049504950495
GLOBAL,ELCPANXX03,S1D2,2038,0.0495049504950495
GLOBAL,ELCPANXX03,S1D2,2039,0.0495049504950495
GLOBAL,ELCPANXX03,S1D2,2040,0.0495049504950495
GLOBAL,ELCPANXX03,S1D2,2041,0.0495049504950495
GLOBAL,ELCPANXX03,S1D2,2042,0.0495049504950495
GLOBAL,ELCPANXX03,S1D2,2043,0.0495049504950495
GLOBAL,ELCPANXX03,S1D2,2044,0.0495049504950495
GLOBAL,ELCPANXX03,S1D2,2045,0.0495049504950495
GLOBAL,ELCPANXX03,S1D2,2046,0.0495049504950495
GLOBAL,ELCPANXX03,S1D2,2047,0.0495049504950495
GLOBAL,ELCPANXX03,S1D2,2048,0.0495049504950495
GLOBAL,ELCPANXX03,S1D2,2049,0.0495049504950495
GLOBAL,ELCPANXX03,S1D2,2050,0.0495049504950495
GLOBAL,ELCPANXX03,S1D3,2023,0.1089108910891089
GLOBAL,ELCPANXX03,S1D3,2024,0.1089108910891089
GLOBAL,ELCPANXX03,S1D3,2025,0.1089108910891089
GLOBAL,ELCPANXX03,S1D3,2026,0.1089108910891089
GLOBAL,ELCPANXX03,S1D3,2027,0.1089108910891089
GLOBAL,ELCPANXX03,S1D3,2028,0.1089108910891089
GLOBAL,ELCPANXX03,S1D3,2029,0.1089108910891089
GLOBAL,ELCPANXX03,S1D3,2030,0.1089108910891089
GLOBAL,ELCPANXX03,S1D3,2031,0.1089108910891089
GLOBAL,ELCPANXX03,S1D3,2032,0.1089108910891089
GLOBAL,ELCPANXX03,S1D3,2033,0.1089108910891089
GLOBAL,ELCPANXX03,S1D3,2034,0.1089108910891089
GLOBAL,ELCPANXX03,S1D3,2035,0.1089108910891089
GLOBAL,ELCPANXX03,S1D3,2036,0.1089108910891089
GLOBAL,ELCPANXX03,S1D3,2037,0.1089108910891089
GLOBAL,ELCPANXX03,S1D3,2038,0.1089108910891089
GLOBAL,ELCPANXX03,S1D3,2039,0.1089108910891089
GLOBAL,ELCPANXX03,S1D3,2040,0.1089108910891089
GLOBAL,ELCPANXX03,S1D3,2041,0.1089108910891089
GLOBAL,ELCPANXX03,S1D3,2042,0.1089108910891089
GLOBAL,ELCPANXX03,S1D3,2043,0.1089108910891089
GLOBAL,ELCPANXX03,S1D3,2044,0.1089108910891089
GLOBAL,ELCPANXX03,S1D3,2045,0.1089108910891089
GLOBAL,ELCPANXX03,S1D3,2046,0.1089108910891089
GLOBAL,ELCPANXX03,S1D3,2047,0.1089108910891089
GLOBAL,ELCPANXX03,S1D3,2048,0.1089108910891089
GLOBAL,ELCPANXX03,S1D3,2049,0.1089108910891089
GLOBAL,ELCPANXX03,S1D3,2050,0.1089108910891089
GLOBAL,ELCPANXX03,S2D1,2023,0.0792079207920792
GLOBAL,ELCPANXX03,S2D1,2024,0.0792079207920792
GLOBAL,ELCPANXX03,S2D1,2025,0.0792079207920792
GLOBAL,ELCPANXX03,S2D1,2026,0.0792079207920792
GLOBAL,ELCPANXX03,S2D1,2027,0.0792079207920792
GLOBAL,ELCPANXX03,S2D1,2028,0.0792079207920792
GLOBAL,ELCPANXX03,S2D1,2029,0.0792079207920792
GLOBAL,ELCPANXX03,S2D1,2030,0.0792079207920792
GLOBAL,ELCPANXX03,S2D1,2031,0.0792079207920792
GLOBAL,ELCPANXX03,S2D1,2032,0.0792079207920792
GLOBAL,ELCPANXX03,S2D1,2033,0.0792079207920792
GLOBAL,ELCPANXX03,S2D1,2034,0.0792079207920792
GLOBAL,ELCPANXX03,S2D1,2035,0.0792079207920792
GLOBAL,ELCPANXX03,S2D1,2036,0.0792079207920792
GLOBAL,ELCPANXX03,S2D1,2037,0.0792079207920792
GLOBAL,ELCPANXX03,S2D1,2038,0.0792079207920792
GLOBAL,ELCPANXX03,S2D1,2039,0.0792079207920792
GLOBAL,ELCPANXX03,S2D1,2040,0.0792079207920792
GLOBAL,ELCPANXX03,S2D1,2041,0.0792079207920792
GLOBAL,ELCPANXX03,S2D1,2042,0.0792079207920792
GLOBAL,ELCPANXX03,S2D1,2043,0.0792079207920792
GLOBAL,ELCPANXX03,S2D1,2044,0.0792079207920792
GLOBAL,ELCPANXX03,S2D1,2045,0.0792079207920792
GLOBAL,ELCPANXX03,S2D1,2046,0.0792079207920792
GLOBAL,ELCPANXX03,S2D1,2047,0.0792079207920792
GLOBAL,ELCPANXX03,S2D1,2048,0.0792079207920792
GLOBAL,ELCPANXX03,S2D1,2049,0.0792079207920792
GLOBAL,ELCPANXX03,S2D1,2050,0.0792079207920792
GLOBAL,ELCPANXX03,S2D2,2023,0.0594059405940594
GLOBAL,ELCPANXX03,S2D2,2024,0.0594059405940594
GLOBAL,ELCPANXX03,S2D2,2025,0.0594059405940594
GLOBAL,ELCPANXX03,S2D2,2026,0.0594059405940594
GLOBAL,ELCPANXX03,S2D2,2027,0.0594059405940594
GLOBAL,ELCPANXX03,S2D2,2028,0.0594059405940594
GLOBAL,ELCPANXX03,S2D2,2029,0.0594059405940594
GLOBAL,ELCPANXX03,S2D2,2030,0.0594059405940594
GLOBAL,ELCPANXX03,S2D2,2031,0.0594059405940594
GLOBAL,ELCPANXX03,S2D2,2032,0.0594059405940594
GLOBAL,ELCPANXX03,S2D2,2033,0.0594059405940594
GLOBAL,ELCPANXX03,S2D2,2034,0.0594059405940594
GLOBAL,ELCPANXX03,S2D2,2035,0.0594059405940594
GLOBAL,ELCPANXX03,S2D2,2036,0.0594059405940594
GLOBAL,ELCPANXX03,S2D2,2037,0.0594059405940594
GLOBAL,ELCPANXX03,S2D2,2038,0.0594059405940594
GLOBAL,ELCPANXX03,S2D2,2039,0.0594059405940594
GLOBAL,ELCPANXX03,S2D2,2040,0.0594059405940594
GLOBAL,ELCPANXX03,S2D2,2041,0.0594059405940594
GLOBAL,ELCPANXX03,S2D2,2042,0.0594059405940594
GLOBAL,ELCPANXX03,S2D2,2043,0.0594059405940594
GLOBAL,ELCPANXX03,S2D2,2044,0.0594059405940594
GLOBAL,ELCPANXX03,S2D2,2045,0.0594059405940594
GLOBAL,ELCPANXX03,S2D2,2046,0.0594059405940594
GLOBAL,ELCPANXX03,S2D2,2047,0.0594059405940594
GLOBAL,ELCPANXX03,S2D2,2048,0.0594059405940594
GLOBAL,ELCPANXX03,S2D2,2049,0.0594059405940594
GLOBAL,ELCPANXX03,S2D2,2050,0.0594059405940594
GLOBAL,ELCPANXX03,S2D3,2023,0.1188118811881188
GLOBAL,ELCPANXX03,S2D3,2024,0.1188118811881188
GLOBAL,ELCPANXX03,S2D3,2025,0.1188118811881188
GLOBAL,ELCPANXX03,S2D3,2026,0.1188118811881188
GLOBAL,ELCPANXX03,S2D3,2027,0.1188118811881188
GLOBAL,ELCPANXX03,S2D3,2028,0.1188118811881188
GLOBAL,ELCPANXX03,S2D3,2029,0.1188118811881188
GLOBAL,ELCPANXX03,S2D3,2030,0.1188118811881188
GLOBAL,ELCPANXX03,S2D3,2031,0.1188118811881188
GLOBAL,ELCPANXX03,S2D3,2032,0.1188118811881188
GLOBAL,ELCPANXX03,S2D3,2033,0.1188118811881188
GLOBAL,ELCPANXX03,S2D3,2034,0.1188118811881188
GLOBAL,ELCPANXX03,S2D3,2035,0.1188118811881188
GLOBAL,ELCPANXX03,S2D3,2036,0.1188118811881188
GLOBAL,ELCPANXX03,S2D3,2037,0.1188118811881188
GLOBAL,ELCPANXX03,S2D3,2038,0.1188118811881188
GLOBAL,ELCPANXX03,S2D3,2039,0.1188118811881188
GLOBAL,ELCPANXX03,S2D3,2040,0.1188118811881188
GLOBAL,ELCPANXX03,S2D3,2041,0.1188118811881188
GLOBAL,ELCPANXX03,S2D3,2042,0.1188118811881188
GLOBAL,ELCPANXX03,S2D3,2043,0.1188118811881188
GLOBAL,ELCPANXX03,S2D3,2044,0.1188118811881188
GLOBAL,ELCPANXX03,S2D3,2045,0.1188118811881188
GLOBAL,ELCPANXX03,S2D3,2046,0.1188118811881188
GLOBAL,ELCPANXX03,S2D3,2047,0.1188118811881188
GLOBAL,ELCPANXX03,S2D3,2048,0.1188118811881188
GLOBAL,ELCPANXX03,S2D3,2049,0.1188118811881188
GLOBAL,ELCPANXX03,S2D3,2050,0.1188118811881188
GLOBAL,ELCPANXX03,S3D1,2023,0.0792079207920792
GLOBAL,ELCPANXX03,S3D1,2024,0.0792079207920792
GLOBAL,ELCPANXX03,S3D1,2025,0.0792079207920792
GLOBAL,ELCPANXX03,S3D1,2026,0.0792079207920792
GLOBAL,ELCPANXX03,S3D1,2027,0.0792079207920792
GLOBAL,ELCPANXX03,S3D1,2028,0.0792079207920792
GLOBAL,ELCPANXX03,S3D1,2029,0.0792079207920792
GLOBAL,ELCPANXX03,S3D1,2030,0.0792079207920792
GLOBAL,ELCPANXX03,S3D1,2031,0.0792079207920792
GLOBAL,ELCPANXX03,S3D1,2032,0.0792079207920792
GLOBAL,ELCPANXX03,S3D1,2033,0.0792079207920792
GLOBAL,ELCPANXX03,S3D1,2034,0.0792079207920792
GLOBAL,ELCPANXX03,S3D1,2035,0.0792079207920792
GLOBAL,ELCPANXX03,S3D1,2036,0.0792079207920792
GLOBAL,ELCPANXX03,S3D1,2037,0.0792079207920792
GLOBAL,ELCPANXX03,S3D1,2038,0.0792079207920792
GLOBAL,ELCPANXX03,S3D1,2039,0.0792079207920792
GLOBAL,ELCPANXX03,S3D1,2040,0.0792079207920792
GLOBAL,ELCPANXX03,S3D1,2041,0.0792079207920792
GLOBAL,ELCPANXX03,S3D1,2042,0.0792079207920792
GLOBAL,ELCPANXX03,S3D1,2043,0.0792079207920792
GLOBAL,ELCPANXX03,S3D1,2044,0.0792079207920792
GLOBAL,ELCPANXX03,S3D1,2045,0.0792079207920792
GLOBAL,ELCPANXX03,S3D1,2046,0.0792079207920792
GLOBAL,ELCPANXX03,S3D1,2047,0.0792079207920792
GLOBAL,ELCPANXX03,S3D1,2048,0.0792079207920792
GLOBAL,ELCPANXX03,S3D1,2049,0.0792079207920792
GLOBAL,ELCPANXX03,S3D1,2050,0.0792079207920792
GLOBAL,ELCPANXX03,S3D2,2023,0.0594059405940594
GLOBAL,ELCPANXX03,S3D2,2024,0.0594059405940594
GLOBAL,ELCPANXX03,S3D2,2025,0.0594059405940594
GLOBAL,ELCPANXX03,S3D2,2026,0.0594059405940594
GLOBAL,ELCPANXX03,S3D2,2027,0.0594059405940594
GLOBAL,ELCPANXX03,S3D2,2028,0.0594059405940594
GLOBAL,ELCPANXX03,S3D2,2029,0.0594059405940594
GLOBAL,ELCPANXX03,S3D2,2030,0.0594059405940594
GLOBAL,ELCPANXX03,S3D2,2031,0.0594059405940594
GLOBAL,ELCPANXX03,S3D2,2032,0.0594059405940594
GLOBAL,ELCPANXX03,S3D2,2033,0.0594059405940594
GLOBAL,ELCPANXX03,S3D2,2034,0.0594059405940594
GLOBAL,ELCPANXX03,S3D2,2035,0.0594059405940594
GLOBAL,ELCPANXX03,S3D2,2036,0.0594059405940594
GLOBAL,ELCPANXX03,S3D2,2037,0.0594059405940594
GLOBAL,ELCPANXX03,S3D2,2038,0.0594059405940594
GLOBAL,ELCPANXX03,S3D2,2039,0.0594059405940594
GLOBAL,ELCPANXX03,S3D2,2040,0.0594059405940594
GLOBAL,ELCPANXX03,S3D2,2041,0.0594059405940594
GLOBAL,ELCPANXX03,S3D2,2042,0.0594059405940594
GLOBAL,ELCPANXX03,S3D2,2043,0.0594059405940594
GLOBAL,ELCPANXX03,S3D2,2044,0.0594059405940594
GLOBAL,ELCPANXX03,S3D2,2045,0.0594059405940594
GLOBAL,ELCPANXX03,S3D2,2046,0.0594059405940594
GLOBAL,ELCPANXX03,S3D2,2047,0.0594059405940594
GLOBAL,ELCPANXX03,S3D2,2048,0.0594059405940594
GLOBAL,ELCPANXX03,S3D2,2049,0.0594059405940594
GLOBAL,ELCPANXX03,S3D2,2050,0.0594059405940594
GLOBAL,ELCPANXX03,S3D3,2023,0.1188118811881188
GLOBAL,ELCPANXX03,S3D3,2024,0.1188118811881188
GLOBAL,ELCPANXX03,S3D3,2025,0.1188118811881188
GLOBAL,ELCPANXX03,S3D3,2026,0.1188118811881188
GLOBAL,ELCPANXX03,S3D3,2027,0.1188118811881188
GLOBAL,ELCPANXX03,S3D3,2028,0.1188118811881188
GLOBAL,ELCPANXX03,S3D3,2029,0.1188118811881188
GLOBAL,ELCPANXX03,S3D3,2030,0.1188118811881188
GLOBAL,ELCPANXX03,S3D3,2031,0.1188118811881188
GLOBAL,ELCPANXX03,S3D3,2032,0.1188118811881188
GLOBAL,ELCPANXX03,S3D3,2033,0.1188118811881188
GLOBAL,ELCPANXX03,S3D3,2034,0.1188118811881188
GLOBAL,ELCPANXX03,S3D3,2035,0.1188118811881188
GLOBAL,ELCPANXX03,S3D3,2036,0.1188118811881188
GLOBAL,ELCPANXX03,S3D3,2037,0.1188118811881188
GLOBAL,ELCPANXX03,S3D3,2038,0.1188118811881188
GLOBAL,ELCPANXX03,S3D3,2039,0.1188118811881188
GLOBAL,ELCPANXX03,S3D3,2040,0.1188118811881188
GLOBAL,ELCPANXX03,S3D3,2041,0.1188118811881188
GLOBAL,ELCPANXX03,S3D3,2042,0.1188118811881188
GLOBAL,ELCPANXX03,S3D3,2043,0.1188118811881188
GLOBAL,ELCPANXX03,S3D3,2044,0.1188118811881188
GLOBAL,ELCPANXX03,S3D3,2045,0.1188118811881188
GLOBAL,ELCPANXX03,S3D3,2046,0.1188118811881188
GLOBAL,ELCPANXX03,S3D3,2047,0.1188118811881188
GLOBAL,ELCPANXX03,S3D3,2048,0.1188118811881188
GLOBAL,ELCPANXX03,S3D3,2049,0.1188118811881188
GLOBAL,ELCPANXX03,S3D3,2050,0.1188118811881188
GLOBAL,ELCPANXX03,S4D1,2023,0.0792079207920792
GLOBAL,ELCPANXX03,S4D1,2024,0.0792079207920792
GLOBAL,ELCPANXX03,S4D1,2025,0.0792079207920792
GLOBAL,ELCPANXX03,S4D1,2026,0.0792079207920792
GLOBAL,ELCPANXX03,S4D1,2027,0.0792079207920792
GLOBAL,ELCPANXX03,S4D1,2028,0.0792079207920792
GLOBAL,ELCPANXX03,S4D1,2029,0.0792079207920792
GLOBAL,ELCPANXX03,S4D1,2030,0.0792079207920792
GLOBAL,ELCPANXX03,S4D1,2031,0.0792079207920792
GLOBAL,ELCPANXX03,S4D1,2032,0.0792079207920792
GLOBAL,ELCPANXX03,S4D1,2033,0.0792079207920792
GLOBAL,ELCPANXX03,S4D1,2034,0.0792079207920792
GLOBAL,ELCPANXX03,S4D1,2035,0.0792079207920792
GLOBAL,ELCPANXX03,S4D1,2036,0.0792079207920792
GLOBAL,ELCPANXX03,S4D1,2037,0.0792079207920792
GLOBAL,ELCPANXX03,S4D1,2038,0.0792079207920792
GLOBAL,ELCPANXX03,S4D1,2039,0.0792079207920792
GLOBAL,ELCPANXX03,S4D1,2040,0.0792079207920792
GLOBAL,ELCPANXX03,S4D1,2041,0.0792079207920792
GLOBAL,ELCPANXX03,S4D1,2042,0.0792079207920792
GLOBAL,ELCPANXX03,S4D1,2043,0.0792079207920792
GLOBAL,ELCPANXX03,S4D1,2044,0.0792079207920792
GLOBAL,ELCPANXX03,S4D1,2045,0.0792079207920792
GLOBAL,ELCPANXX03,S4D1,2046,0.0792079207920792
GLOBAL,ELCPANXX03,S4D1,2047,0.0792079207920792
GLOBAL,ELCPANXX03,S4D1,2048,0.0792079207920792
GLOBAL,ELCPANXX03,S4D1,2049,0.0792079207920792
GLOBAL,ELCPANXX03,S4D1,2050,0.0792079207920792
GLOBAL,ELCPANXX03,S4D2,2023,0.0594059405940594
GLOBAL,ELCPANXX03,S4D2,2024,0.0594059405940594
GLOBAL,ELCPANXX03,S4D2,2025,0.0594059405940594
GLOBAL,ELCPANXX03,S4D2,2026,0.0594059405940594
GLOBAL,ELCPANXX03,S4D2,2027,0.0594059405940594
GLOBAL,ELCPANXX03,S4D2,2028,0.0594059405940594
GLOBAL,ELCPANXX03,S4D2,2029,0.0594059405940594
GLOBAL,ELCPANXX03,S4D2,2030,0.0594059405940594
GLOBAL,ELCPANXX03,S4D2,2031,0.0594059405940594
GLOBAL,ELCPANXX03,S4D2,2032,0.0594059405940594
GLOBAL,ELCPANXX03,S4D2,2033,0.0594059405940594
GLOBAL,ELCPANXX03,S4D2,2034,0.0594059405940594
GLOBAL,ELCPANXX03,S4D2,2035,0.0594059405940594
GLOBAL,ELCPANXX03,S4D2,2036,0.0594059405940594
GLOBAL,ELCPANXX03,S4D2,2037,0.0594059405940594
GLOBAL,ELCPANXX03,S4D2,2038,0.0594059405940594
GLOBAL,ELCPANXX03,S4D2,2039,0.0594059405940594
GLOBAL,ELCPANXX03,S4D2,2040,0.0594059405940594
GLOBAL,ELCPANXX03,S4D2,2041,0.0594059405940594
GLOBAL,ELCPANXX03,S4D2,2042,0.0594059405940594
GLOBAL,ELCPANXX03,S4D2,2043,0.0594059405940594
GLOBAL,ELCPANXX03,S4D2,2044,0.0594059405940594
GLOBAL,ELCPANXX03,S4D2,2045,0.0594059405940594
GLOBAL,ELCPANXX03,S4D2,2046,0.0594059405940594
GLOBAL,ELCPANXX03,S4D2,2047,0.0594059405940594
GLOBAL,ELCPANXX03,S4D2,2048,0.0594059405940594
GLOBAL,ELCPANXX03,S4D2,2049,0.0594059405940594
GLOBAL,ELCPANXX03,S4D2,2050,0.0594059405940594
GLOBAL,ELCPANXX03,S4D3,2023,0.1188118811881188
GLOBAL,ELCPANXX03,S4D3,2024,0.1188118811881188
GLOBAL,ELCPANXX03,S4D3,2025,0.1188118811881188
GLOBAL,ELCPANXX03,S4D3,2026,0.1188118811881188
GLOBAL,ELCPANXX03,S4D3,2027,0.1188118811881188
GLOBAL,ELCPANXX03,S4D3,2028,0.1188118811881188
GLOBAL,ELCPANXX03,S4D3,2029,0.1188118811881188
GLOBAL,ELCPANXX03,S4D3,2030,0.1188118811881188
GLOBAL,ELCPANXX03,S4D3,2031,0.1188118811881188
GLOBAL,ELCPANXX03,S4D3,2032,0.1188118811881188
GLOBAL,ELCPANXX03,S4D3,2033,0.1188118811881188
GLOBAL,ELCPANXX03,S4D3,2034,0.1188118811881188
GLOBAL,ELCPANXX03,S4D3,2035,0.1188118811881188
GLOBAL,ELCPANXX03,S4D3,2036,0.1188118811881188
GLOBAL,ELCPANXX03,S4D3,2037,0.1188118811881188
GLOBAL,ELCPANXX03,S4D3,2038,0.1188118811881188
GLOBAL,ELCPANXX03,S4D3,2039,0.1188118811881188
GLOBAL,ELCPANXX03,S4D3,2040,0.1188118811881188
GLOBAL,ELCPANXX03,S4D3,2041,0.1188118811881188
GLOBAL,ELCPANXX03,S4D3,2042,0.1188118811881188
GLOBAL,ELCPANXX03,S4D3,2043,0.1188118811881188
GLOBAL,ELCPANXX03,S4D3,2044,0.1188118811881188
GLOBAL,ELCPANXX03,S4D3,2045,0.1188118811881188
GLOBAL,ELCPANXX03,S4D3,2046,0.1188118811881188
GLOBAL,ELCPANXX03,S4D3,2047,0.1188118811881188
GLOBAL,ELCPANXX03,S4D3,2048,0.1188118811881188
GLOBAL,ELCPANXX03,S4D3,2049,0.1188118811881188
GLOBAL,ELCPANXX03,S4D3,2050,0.1188118811881188
GLOBAL,ELCPERXX03,S1D1,2023,0.0792079207920792
GLOBAL,ELCPERXX03,S1D1,2024,0.0792079207920792
GLOBAL,ELCPERXX03,S1D1,2025,0.0792079207920792
GLOBAL,ELCPERXX03,S1D1,2026,0.0792079207920792
GLOBAL,ELCPERXX03,S1D1,2027,0.0792079207920792
GLOBAL,ELCPERXX03,S1D1,2028,0.0792079207920792
GLOBAL,ELCPERXX03,S1D1,2029,0.0792079207920792
GLOBAL,ELCPERXX03,S1D1,2030,0.0792079207920792
GLOBAL,ELCPERXX03,S1D1,2031,0.0792079207920792
GLOBAL,ELCPERXX03,S1D1,2032,0.0792079207920792
GLOBAL,ELCPERXX03,S1D1,2033,0.0792079207920792
GLOBAL,ELCPERXX03,S1D1,2034,0.0792079207920792
GLOBAL,ELCPERXX03,S1D1,2035,0.0792079207920792
GLOBAL,ELCPERXX03,S1D1,2036,0.0792079207920792
GLOBAL,ELCPERXX03,S1D1,2037,0.0792079207920792
GLOBAL,ELCPERXX03,S1D1,2038,0.0792079207920792
GLOBAL,ELCPERXX03,S1D1,2039,0.0792079207920792
GLOBAL,ELCPERXX03,S1D1,2040,0.0792079207920792
GLOBAL,ELCPERXX03,S1D1,2041,0.0792079207920792
GLOBAL,ELCPERXX03,S1D1,2042,0.0792079207920792
GLOBAL,ELCPERXX03,S1D1,2043,0.0792079207920792
GLOBAL,ELCPERXX03,S1D1,2044,0.0792079207920792
GLOBAL,ELCPERXX03,S1D1,2045,0.0792079207920792
GLOBAL,ELCPERXX03,S1D1,2046,0.0792079207920792
GLOBAL,ELCPERXX03,S1D1,2047,0.0792079207920792
GLOBAL,ELCPERXX03,S1D1,2048,0.0792079207920792
GLOBAL,ELCPERXX03,S1D1,2049,0.0792079207920792
GLOBAL,ELCPERXX03,S1D1,2050,0.0792079207920792
GLOBAL,ELCPERXX03,S1D2,2023,0.0495049504950495
GLOBAL,ELCPERXX03,S1D2,2024,0.0495049504950495
GLOBAL,ELCPERXX03,S1D2,2025,0.0495049504950495
GLOBAL,ELCPERXX03,S1D2,2026,0.0495049504950495
GLOBAL,ELCPERXX03,S1D2,2027,0.0495049504950495
GLOBAL,ELCPERXX03,S1D2,2028,0.0495049504950495
GLOBAL,ELCPERXX03,S1D2,2029,0.0495049504950495
GLOBAL,ELCPERXX03,S1D2,2030,0.0495049504950495
GLOBAL,ELCPERXX03,S1D2,2031,0.0495049504950495
GLOBAL,ELCPERXX03,S1D2,2032,0.0495049504950495
GLOBAL,ELCPERXX03,S1D2,2033,0.0495049504950495
GLOBAL,ELCPERXX03,S1D2,2034,0.0495049504950495
GLOBAL,ELCPERXX03,S1D2,2035,0.0495049504950495
GLOBAL,ELCPERXX03,S1D2,2036,0.0495049504950495
GLOBAL,ELCPERXX03,S1D2,2037,0.0495049504950495
GLOBAL,ELCPERXX03,S1D2,2038,0.0495049504950495
GLOBAL,ELCPERXX03,S1D2,2039,0.0495049504950495
GLOBAL,ELCPERXX03,S1D2,2040,0.0495049504950495
GLOBAL,ELCPERXX03,S1D2,2041,0.0495049504950495
GLOBAL,ELCPERXX03,S1D2,2042,0.0495049504950495
GLOBAL,ELCPERXX03,S1D2,2043,0.0495049504950495
GLOBAL,ELCPERXX03,S1D2,2044,0.0495049504950495
GLOBAL,ELCPERXX03,S1D2,2045,0.0495049504950495
GLOBAL,ELCPERXX03,S1D2,2046,0.0495049504950495
GLOBAL,ELCPERXX03,S1D2,2047,0.0495049504950495
GLOBAL,ELCPERXX03,S1D2,2048,0.0495049504950495
GLOBAL,ELCPERXX03,S1D2,2049,0.0495049504950495
GLOBAL,ELCPERXX03,S1D2,2050,0.0495049504950495
GLOBAL,ELCPERXX03,S1D3,2023,0.1089108910891089
GLOBAL,ELCPERXX03,S1D3,2024,0.1089108910891089
GLOBAL,ELCPERXX03,S1D3,2025,0.1089108910891089
GLOBAL,ELCPERXX03,S1D3,2026,0.1089108910891089
GLOBAL,ELCPERXX03,S1D3,2027,0.1089108910891089
GLOBAL,ELCPERXX03,S1D3,2028,0.1089108910891089
GLOBAL,ELCPERXX03,S1D3,2029,0.1089108910891089
GLOBAL,ELCPERXX03,S1D3,2030,0.1089108910891089
GLOBAL,ELCPERXX03,S1D3,2031,0.1089108910891089
GLOBAL,ELCPERXX03,S1D3,2032,0.1089108910891089
GLOBAL,ELCPERXX03,S1D3,2033,0.1089108910891089
GLOBAL,ELCPERXX03,S1D3,2034,0.1089108910891089
GLOBAL,ELCPERXX03,S1D3,2035,0.1089108910891089
GLOBAL,ELCPERXX03,S1D3,2036,0.1089108910891089
GLOBAL,ELCPERXX03,S1D3,2037,0.1089108910891089
GLOBAL,ELCPERXX03,S1D3,2038,0.1089108910891089
GLOBAL,ELCPERXX03,S1D3,2039,0.1089108910891089
GLOBAL,ELCPERXX03,S1D3,2040,0.1089108910891089
GLOBAL,ELCPERXX03,S1D3,2041,0.1089108910891089
GLOBAL,ELCPERXX03,S1D3,2042,0.1089108910891089
GLOBAL,ELCPERXX03,S1D3,2043,0.1089108910891089
GLOBAL,ELCPERXX03,S1D3,2044,0.1089108910891089
GLOBAL,ELCPERXX03,S1D3,2045,0.1089108910891089
GLOBAL,ELCPERXX03,S1D3,2046,0.1089108910891089
GLOBAL,ELCPERXX03,S1D3,2047,0.1089108910891089
GLOBAL,ELCPERXX03,S1D3,2048,0.1089108910891089
GLOBAL,ELCPERXX03,S1D3,2049,0.1089108910891089
GLOBAL,ELCPERXX03,S1D3,2050,0.1089108910891089
GLOBAL,ELCPERXX03,S2D1,2023,0.0792079207920792
GLOBAL,ELCPERXX03,S2D1,2024,0.0792079207920792
GLOBAL,ELCPERXX03,S2D1,2025,0.0792079207920792
GLOBAL,ELCPERXX03,S2D1,2026,0.0792079207920792
GLOBAL,ELCPERXX03,S2D1,2027,0.0792079207920792
GLOBAL,ELCPERXX03,S2D1,2028,0.0792079207920792
GLOBAL,ELCPERXX03,S2D1,2029,0.0792079207920792
GLOBAL,ELCPERXX03,S2D1,2030,0.0792079207920792
GLOBAL,ELCPERXX03,S2D1,2031,0.0792079207920792
GLOBAL,ELCPERXX03,S2D1,2032,0.0792079207920792
GLOBAL,ELCPERXX03,S2D1,2033,0.0792079207920792
GLOBAL,ELCPERXX03,S2D1,2034,0.0792079207920792
GLOBAL,ELCPERXX03,S2D1,2035,0.0792079207920792
GLOBAL,ELCPERXX03,S2D1,2036,0.0792079207920792
GLOBAL,ELCPERXX03,S2D1,2037,0.0792079207920792
GLOBAL,ELCPERXX03,S2D1,2038,0.0792079207920792
GLOBAL,ELCPERXX03,S2D1,2039,0.0792079207920792
GLOBAL,ELCPERXX03,S2D1,2040,0.0792079207920792
GLOBAL,ELCPERXX03,S2D1,2041,0.0792079207920792
GLOBAL,ELCPERXX03,S2D1,2042,0.0792079207920792
GLOBAL,ELCPERXX03,S2D1,2043,0.0792079207920792
GLOBAL,ELCPERXX03,S2D1,2044,0.0792079207920792
GLOBAL,ELCPERXX03,S2D1,2045,0.0792079207920792
GLOBAL,ELCPERXX03,S2D1,2046,0.0792079207920792
GLOBAL,ELCPERXX03,S2D1,2047,0.0792079207920792
GLOBAL,ELCPERXX03,S2D1,2048,0.0792079207920792
GLOBAL,ELCPERXX03,S2D1,2049,0.0792079207920792
GLOBAL,ELCPERXX03,S2D1,2050,0.0792079207920792
GLOBAL,ELCPERXX03,S2D2,2023,0.0594059405940594
GLOBAL,ELCPERXX03,S2D2,2024,0.0594059405940594
GLOBAL,ELCPERXX03,S2D2,2025,0.0594059405940594
GLOBAL,ELCPERXX03,S2D2,2026,0.0594059405940594
GLOBAL,ELCPERXX03,S2D2,2027,0.0594059405940594
GLOBAL,ELCPERXX03,S2D2,2028,0.0594059405940594
GLOBAL,ELCPERXX03,S2D2,2029,0.0594059405940594
GLOBAL,ELCPERXX03,S2D2,2030,0.0594059405940594
GLOBAL,ELCPERXX03,S2D2,2031,0.0594059405940594
GLOBAL,ELCPERXX03,S2D2,2032,0.0594059405940594
GLOBAL,ELCPERXX03,S2D2,2033,0.0594059405940594
GLOBAL,ELCPERXX03,S2D2,2034,0.0594059405940594
GLOBAL,ELCPERXX03,S2D2,2035,0.0594059405940594
GLOBAL,ELCPERXX03,S2D2,2036,0.0594059405940594
GLOBAL,ELCPERXX03,S2D2,2037,0.0594059405940594
GLOBAL,ELCPERXX03,S2D2,2038,0.0594059405940594
GLOBAL,ELCPERXX03,S2D2,2039,0.0594059405940594
GLOBAL,ELCPERXX03,S2D2,2040,0.0594059405940594
GLOBAL,ELCPERXX03,S2D2,2041,0.0594059405940594
GLOBAL,ELCPERXX03,S2D2,2042,0.0594059405940594
GLOBAL,ELCPERXX03,S2D2,2043,0.0594059405940594
GLOBAL,ELCPERXX03,S2D2,2044,0.0594059405940594
GLOBAL,ELCPERXX03,S2D2,2045,0.0594059405940594
GLOBAL,ELCPERXX03,S2D2,2046,0.0594059405940594
GLOBAL,ELCPERXX03,S2D2,2047,0.0594059405940594
GLOBAL,ELCPERXX03,S2D2,2048,0.0594059405940594
GLOBAL,ELCPERXX03,S2D2,2049,0.0594059405940594
GLOBAL,ELCPERXX03,S2D2,2050,0.0594059405940594
GLOBAL,ELCPERXX03,S2D3,2023,0.1089108910891089
GLOBAL,ELCPERXX03,S2D3,2024,0.1089108910891089
GLOBAL,ELCPERXX03,S2D3,2025,0.1089108910891089
GLOBAL,ELCPERXX03,S2D3,2026,0.1089108910891089
GLOBAL,ELCPERXX03,S2D3,2027,0.1089108910891089
GLOBAL,ELCPERXX03,S2D3,2028,0.1089108910891089
GLOBAL,ELCPERXX03,S2D3,2029,0.1089108910891089
GLOBAL,ELCPERXX03,S2D3,2030,0.1089108910891089
GLOBAL,ELCPERXX03,S2D3,2031,0.1089108910891089
GLOBAL,ELCPERXX03,S2D3,2032,0.1089108910891089
GLOBAL,ELCPERXX03,S2D3,2033,0.1089108910891089
GLOBAL,ELCPERXX03,S2D3,2034,0.1089108910891089
GLOBAL,ELCPERXX03,S2D3,2035,0.1089108910891089
GLOBAL,ELCPERXX03,S2D3,2036,0.1089108910891089
GLOBAL,ELCPERXX03,S2D3,2037,0.1089108910891089
GLOBAL,ELCPERXX03,S2D3,2038,0.1089108910891089
GLOBAL,ELCPERXX03,S2D3,2039,0.1089108910891089
GLOBAL,ELCPERXX03,S2D3,2040,0.1089108910891089
GLOBAL,ELCPERXX03,S2D3,2041,0.1089108910891089
GLOBAL,ELCPERXX03,S2D3,2042,0.1089108910891089
GLOBAL,ELCPERXX03,S2D3,2043,0.1089108910891089
GLOBAL,ELCPERXX03,S2D3,2044,0.1089108910891089
GLOBAL,ELCPERXX03,S2D3,2045,0.1089108910891089
GLOBAL,ELCPERXX03,S2D3,2046,0.1089108910891089
GLOBAL,ELCPERXX03,S2D3,2047,0.1089108910891089
GLOBAL,ELCPERXX03,S2D3,2048,0.1089108910891089
GLOBAL,ELCPERXX03,S2D3,2049,0.1089108910891089
GLOBAL,ELCPERXX03,S2D3,2050,0.1089108910891089
GLOBAL,ELCPERXX03,S3D1,2023,0.0792079207920792
GLOBAL,ELCPERXX03,S3D1,2024,0.0792079207920792
GLOBAL,ELCPERXX03,S3D1,2025,0.0792079207920792
GLOBAL,ELCPERXX03,S3D1,2026,0.0792079207920792
GLOBAL,ELCPERXX03,S3D1,2027,0.0792079207920792
GLOBAL,ELCPERXX03,S3D1,2028,0.0792079207920792
GLOBAL,ELCPERXX03,S3D1,2029,0.0792079207920792
GLOBAL,ELCPERXX03,S3D1,2030,0.0792079207920792
GLOBAL,ELCPERXX03,S3D1,2031,0.0792079207920792
GLOBAL,ELCPERXX03,S3D1,2032,0.0792079207920792
GLOBAL,ELCPERXX03,S3D1,2033,0.0792079207920792
GLOBAL,ELCPERXX03,S3D1,2034,0.0792079207920792
GLOBAL,ELCPERXX03,S3D1,2035,0.0792079207920792
GLOBAL,ELCPERXX03,S3D1,2036,0.0792079207920792
GLOBAL,ELCPERXX03,S3D1,2037,0.0792079207920792
GLOBAL,ELCPERXX03,S3D1,2038,0.0792079207920792
GLOBAL,ELCPERXX03,S3D1,2039,0.0792079207920792
GLOBAL,ELCPERXX03,S3D1,2040,0.0792079207920792
GLOBAL,ELCPERXX03,S3D1,2041,0.0792079207920792
GLOBAL,ELCPERXX03,S3D1,2042,0.0792079207920792
GLOBAL,ELCPERXX03,S3D1,2043,0.0792079207920792
GLOBAL,ELCPERXX03,S3D1,2044,0.0792079207920792
GLOBAL,ELCPERXX03,S3D1,2045,0.0792079207920792
GLOBAL,ELCPERXX03,S3D1,2046,0.0792079207920792
GLOBAL,ELCPERXX03,S3D1,2047,0.0792079207920792
GLOBAL,ELCPERXX03,S3D1,2048,0.0792079207920792
GLOBAL,ELCPERXX03,S3D1,2049,0.0792079207920792
GLOBAL,ELCPERXX03,S3D1,2050,0.0792079207920792
GLOBAL,ELCPERXX03,S3D2,2023,0.0594059405940594
GLOBAL,ELCPERXX03,S3D2,2024,0.0594059405940594
GLOBAL,ELCPERXX03,S3D2,2025,0.0594059405940594
GLOBAL,ELCPERXX03,S3D2,2026,0.0594059405940594
GLOBAL,ELCPERXX03,S3D2,2027,0.0594059405940594
GLOBAL,ELCPERXX03,S3D2,2028,0.0594059405940594
GLOBAL,ELCPERXX03,S3D2,2029,0.0594059405940594
GLOBAL,ELCPERXX03,S3D2,2030,0.0594059405940594
GLOBAL,ELCPERXX03,S3D2,2031,0.0594059405940594
GLOBAL,ELCPERXX03,S3D2,2032,0.0594059405940594
GLOBAL,ELCPERXX03,S3D2,2033,0.0594059405940594
GLOBAL,ELCPERXX03,S3D2,2034,0.0594059405940594
GLOBAL,ELCPERXX03,S3D2,2035,0.0594059405940594
GLOBAL,ELCPERXX03,S3D2,2036,0.0594059405940594
GLOBAL,ELCPERXX03,S3D2,2037,0.0594059405940594
GLOBAL,ELCPERXX03,S3D2,2038,0.0594059405940594
GLOBAL,ELCPERXX03,S3D2,2039,0.0594059405940594
GLOBAL,ELCPERXX03,S3D2,2040,0.0594059405940594
GLOBAL,ELCPERXX03,S3D2,2041,0.0594059405940594
GLOBAL,ELCPERXX03,S3D2,2042,0.0594059405940594
GLOBAL,ELCPERXX03,S3D2,2043,0.0594059405940594
GLOBAL,ELCPERXX03,S3D2,2044,0.0594059405940594
GLOBAL,ELCPERXX03,S3D2,2045,0.0594059405940594
GLOBAL,ELCPERXX03,S3D2,2046,0.0594059405940594
GLOBAL,ELCPERXX03,S3D2,2047,0.0594059405940594
GLOBAL,ELCPERXX03,S3D2,2048,0.0594059405940594
GLOBAL,ELCPERXX03,S3D2,2049,0.0594059405940594
GLOBAL,ELCPERXX03,S3D2,2050,0.0594059405940594
GLOBAL,ELCPERXX03,S3D3,2023,0.1089108910891089
GLOBAL,ELCPERXX03,S3D3,2024,0.1089108910891089
GLOBAL,ELCPERXX03,S3D3,2025,0.1089108910891089
GLOBAL,ELCPERXX03,S3D3,2026,0.1089108910891089
GLOBAL,ELCPERXX03,S3D3,2027,0.1089108910891089
GLOBAL,ELCPERXX03,S3D3,2028,0.1089108910891089
GLOBAL,ELCPERXX03,S3D3,2029,0.1089108910891089
GLOBAL,ELCPERXX03,S3D3,2030,0.1089108910891089
GLOBAL,ELCPERXX03,S3D3,2031,0.1089108910891089
GLOBAL,ELCPERXX03,S3D3,2032,0.1089108910891089
GLOBAL,ELCPERXX03,S3D3,2033,0.1089108910891089
GLOBAL,ELCPERXX03,S3D3,2034,0.1089108910891089
GLOBAL,ELCPERXX03,S3D3,2035,0.1089108910891089
GLOBAL,ELCPERXX03,S3D3,2036,0.1089108910891089
GLOBAL,ELCPERXX03,S3D3,2037,0.1089108910891089
GLOBAL,ELCPERXX03,S3D3,2038,0.1089108910891089
GLOBAL,ELCPERXX03,S3D3,2039,0.1089108910891089
GLOBAL,ELCPERXX03,S3D3,2040,0.1089108910891089
GLOBAL,ELCPERXX03,S3D3,2041,0.1089108910891089
GLOBAL,ELCPERXX03,S3D3,2042,0.1089108910891089
GLOBAL,ELCPERXX03,S3D3,2043,0.1089108910891089
GLOBAL,ELCPERXX03,S3D3,2044,0.1089108910891089
GLOBAL,ELCPERXX03,S3D3,2045,0.1089108910891089
GLOBAL,ELCPERXX03,S3D3,2046,0.1089108910891089
GLOBAL,ELCPERXX03,S3D3,2047,0.1089108910891089
GLOBAL,ELCPERXX03,S3D3,2048,0.1089108910891089
GLOBAL,ELCPERXX03,S3D3,2049,0.1089108910891089
GLOBAL,ELCPERXX03,S3D3,2050,0.1089108910891089
GLOBAL,ELCPERXX03,S4D1,2023,0.0891089108910891
GLOBAL,ELCPERXX03,S4D1,2024,0.0891089108910891
GLOBAL,ELCPERXX03,S4D1,2025,0.0891089108910891
GLOBAL,ELCPERXX03,S4D1,2026,0.0891089108910891
GLOBAL,ELCPERXX03,S4D1,2027,0.0891089108910891
GLOBAL,ELCPERXX03,S4D1,2028,0.0891089108910891
GLOBAL,ELCPERXX03,S4D1,2029,0.0891089108910891
GLOBAL,ELCPERXX03,S4D1,2030,0.0891089108910891
GLOBAL,ELCPERXX03,S4D1,2031,0.0891089108910891
GLOBAL,ELCPERXX03,S4D1,2032,0.0891089108910891
GLOBAL,ELCPERXX03,S4D1,2033,0.0891089108910891
GLOBAL,ELCPERXX03,S4D1,2034,0.0891089108910891
GLOBAL,ELCPERXX03,S4D1,2035,0.0891089108910891
GLOBAL,ELCPERXX03,S4D1,2036,0.0891089108910891
GLOBAL,ELCPERXX03,S4D1,2037,0.0891089108910891
GLOBAL,ELCPERXX03,S4D1,2038,0.0891089108910891
GLOBAL,ELCPERXX03,S4D1,2039,0.0891089108910891
GLOBAL,ELCPERXX03,S4D1,2040,0.0891089108910891
GLOBAL,ELCPERXX03,S4D1,2041,0.0891089108910891
GLOBAL,ELCPERXX03,S4D1,2042,0.0891089108910891
GLOBAL,ELCPERXX03,S4D1,2043,0.0891089108910891
GLOBAL,ELCPERXX03,S4D1,2044,0.0891089108910891
GLOBAL,ELCPERXX03,S4D1,2045,0.0891089108910891
GLOBAL,ELCPERXX03,S4D1,2046,0.0891089108910891
GLOBAL,ELCPERXX03,S4D1,2047,0.0891089108910891
GLOBAL,ELCPERXX03,S4D1,2048,0.0891089108910891
GLOBAL,ELCPERXX03,S4D1,2049,0.0891089108910891
GLOBAL,ELCPERXX03,S4D1,2050,0.0891089108910891
GLOBAL,ELCPERXX03,S4D2,2023,0.0594059405940594
GLOBAL,ELCPERXX03,S4D2,2024,0.0594059405940594
GLOBAL,ELCPERXX03,S4D2,2025,0.0594059405940594
GLOBAL,ELCPERXX03,S4D2,2026,0.0594059405940594
GLOBAL,ELCPERXX03,S4D2,2027,0.0594059405940594
GLOBAL,ELCPERXX03,S4D2,2028,0.0594059405940594
GLOBAL,ELCPERXX03,S4D2,2029,0.0594059405940594
GLOBAL,ELCPERXX03,S4D2,2030,0.0594059405940594
GLOBAL,ELCPERXX03,S4D2,2031,0.0594059405940594
GLOBAL,ELCPERXX03,S4D2,2032,0.0594059405940594
GLOBAL,ELCPERXX03,S4D2,2033,0.0594059405940594
GLOBAL,ELCPERXX03,S4D2,2034,0.0594059405940594
GLOBAL,ELCPERXX03,S4D2,2035,0.0594059405940594
GLOBAL,ELCPERXX03,S4D2,2036,0.0594059405940594
GLOBAL,ELCPERXX03,S4D2,2037,0.0594059405940594
GLOBAL,ELCPERXX03,S4D2,2038,0.0594059405940594
GLOBAL,ELCPERXX03,S4D2,2039,0.0594059405940594
GLOBAL,ELCPERXX03,S4D2,2040,0.0594059405940594
GLOBAL,ELCPERXX03,S4D2,2041,0.0594059405940594
GLOBAL,ELCPERXX03,S4D2,2042,0.0594059405940594
GLOBAL,ELCPERXX03,S4D2,2043,0.0594059405940594
GLOBAL,ELCPERXX03,S4D2,2044,0.0594059405940594
GLOBAL,ELCPERXX03,S4D2,2045,0.0594059405940594
GLOBAL,ELCPERXX03,S4D2,2046,0.0594059405940594
GLOBAL,ELCPERXX03,S4D2,2047,0.0594059405940594
GLOBAL,ELCPERXX03,S4D2,2048,0.0594059405940594
GLOBAL,ELCPERXX03,S4D2,2049,0.0594059405940594
GLOBAL,ELCPERXX03,S4D2,2050,0.0594059405940594
GLOBAL,ELCPERXX03,S4D3,2023,0.1188118811881188
GLOBAL,ELCPERXX03,S4D3,2024,0.1188118811881188
GLOBAL,ELCPERXX03,S4D3,2025,0.1188118811881188
GLOBAL,ELCPERXX03,S4D3,2026,0.1188118811881188
GLOBAL,ELCPERXX03,S4D3,2027,0.1188118811881188
GLOBAL,ELCPERXX03,S4D3,2028,0.1188118811881188
GLOBAL,ELCPERXX03,S4D3,2029,0.1188118811881188
GLOBAL,ELCPERXX03,S4D3,2030,0.1188118811881188
GLOBAL,ELCPERXX03,S4D3,2031,0.1188118811881188
GLOBAL,ELCPERXX03,S4D3,2032,0.1188118811881188
GLOBAL,ELCPERXX03,S4D3,2033,0.1188118811881188
GLOBAL,ELCPERXX03,S4D3,2034,0.1188118811881188
GLOBAL,ELCPERXX03,S4D3,2035,0.1188118811881188
GLOBAL,ELCPERXX03,S4D3,2036,0.1188118811881188
GLOBAL,ELCPERXX03,S4D3,2037,0.1188118811881188
GLOBAL,ELCPERXX03,S4D3,2038,0.1188118811881188
GLOBAL,ELCPERXX03,S4D3,2039,0.1188118811881188
GLOBAL,ELCPERXX03,S4D3,2040,0.1188118811881188
GLOBAL,ELCPERXX03,S4D3,2041,0.1188118811881188
GLOBAL,ELCPERXX03,S4D3,2042,0.1188118811881188
GLOBAL,ELCPERXX03,S4D3,2043,0.1188118811881188
GLOBAL,ELCPERXX03,S4D3,2044,0.1188118811881188
GLOBAL,ELCPERXX03,S4D3,2045,0.1188118811881188
GLOBAL,ELCPERXX03,S4D3,2046,0.1188118811881188
GLOBAL,ELCPERXX03,S4D3,2047,0.1188118811881188
GLOBAL,ELCPERXX03,S4D3,2048,0.1188118811881188
GLOBAL,ELCPERXX03,S4D3,2049,0.1188118811881188
GLOBAL,ELCPERXX03,S4D3,2050,0.1188118811881188
GLOBAL,ELCPRYXX03,S1D1,2023,0.09
GLOBAL,ELCPRYXX03,S1D1,2024,0.09
GLOBAL,ELCPRYXX03,S1D1,2025,0.09
GLOBAL,ELCPRYXX03,S1D1,2026,0.09
GLOBAL,ELCPRYXX03,S1D1,2027,0.09
GLOBAL,ELCPRYXX03,S1D1,2028,0.09
GLOBAL,ELCPRYXX03,S1D1,2029,0.09
GLOBAL,ELCPRYXX03,S1D1,2030,0.09
GLOBAL,ELCPRYXX03,S1D1,2031,0.09
GLOBAL,ELCPRYXX03,S1D1,2032,0.09
GLOBAL,ELCPRYXX03,S1D1,2033,0.09
GLOBAL,ELCPRYXX03,S1D1,2034,0.09
GLOBAL,ELCPRYXX03,S1D1,2035,0.09
GLOBAL,ELCPRYXX03,S1D1,2036,0.09
GLOBAL,ELCPRYXX03,S1D1,2037,0.09
GLOBAL,ELCPRYXX03,S1D1,2038,0.09
GLOBAL,ELCPRYXX03,S1D1,2039,0.09
GLOBAL,ELCPRYXX03,S1D1,2040,0.09
GLOBAL,ELCPRYXX03,S1D1,2041,0.09
GLOBAL,ELCPRYXX03,S1D1,2042,0.09
GLOBAL,ELCPRYXX03,S1D1,2043,0.09
GLOBAL,ELCPRYXX03,S1D1,2044,0.09
GLOBAL,ELCPRYXX03,S1D1,2045,0.09
GLOBAL,ELCPRYXX03,S1D1,2046,0.09
GLOBAL,ELCPRYXX03,S1D1,2047,0.09
GLOBAL,ELCPRYXX03,S1D1,2048,0.09
GLOBAL,ELCPRYXX03,S1D1,2049,0.09
GLOBAL,ELCPRYXX03,S1D1,2050,0.09
GLOBAL,ELCPRYXX03,S1D2,2023,0.07
GLOBAL,ELCPRYXX03,S1D2,2024,0.07
GLOBAL,ELCPRYXX03,S1D2,2025,0.07
GLOBAL,ELCPRYXX03,S1D2,2026,0.07
GLOBAL,ELCPRYXX03,S1D2,2027,0.07
GLOBAL,ELCPRYXX03,S1D2,2028,0.07
GLOBAL,ELCPRYXX03,S1D2,2029,0.07
GLOBAL,ELCPRYXX03,S1D2,2030,0.07
GLOBAL,ELCPRYXX03,S1D2,2031,0.07
GLOBAL,ELCPRYXX03,S1D2,2032,0.07
GLOBAL,ELCPRYXX03,S1D2,2033,0.07
GLOBAL,ELCPRYXX03,S1D2,2034,0.07
GLOBAL,ELCPRYXX03,S1D2,2035,0.07
GLOBAL,ELCPRYXX03,S1D2,2036,0.07
GLOBAL,ELCPRYXX03,S1D2,2037,0.07
GLOBAL,ELCPRYXX03,S1D2,2038,0.07
GLOBAL,ELCPRYXX03,S1D2,2039,0.07
GLOBAL,ELCPRYXX03,S1D2,2040,0.07
GLOBAL,ELCPRYXX03,S1D2,2041,0.07
GLOBAL,ELCPRYXX03,S1D2,2042,0.07
GLOBAL,ELCPRYXX03,S1D2,2043,0.07
GLOBAL,ELCPRYXX03,S1D2,2044,0.07
GLOBAL,ELCPRYXX03,S1D2,2045,0.07
GLOBAL,ELCPRYXX03,S1D2,2046,0.07
GLOBAL,ELCPRYXX03,S1D2,2047,0.07
GLOBAL,ELCPRYXX03,S1D2,2048,0.07
GLOBAL,ELCPRYXX03,S1D2,2049,0.07
GLOBAL,ELCPRYXX03,S1D2,2050,0.07
GLOBAL,ELCPRYXX03,S1D3,2023,0.13
GLOBAL,ELCPRYXX03,S1D3,2024,0.13
GLOBAL,ELCPRYXX03,S1D3,2025,0.13
GLOBAL,ELCPRYXX03,S1D3,2026,0.13
GLOBAL,ELCPRYXX03,S1D3,2027,0.13
GLOBAL,ELCPRYXX03,S1D3,2028,0.13
GLOBAL,ELCPRYXX03,S1D3,2029,0.13
GLOBAL,ELCPRYXX03,S1D3,2030,0.13
GLOBAL,ELCPRYXX03,S1D3,2031,0.13
GLOBAL,ELCPRYXX03,S1D3,2032,0.13
GLOBAL,ELCPRYXX03,S1D3,2033,0.13
GLOBAL,ELCPRYXX03,S1D3,2034,0.13
GLOBAL,ELCPRYXX03,S1D3,2035,0.13
GLOBAL,ELCPRYXX03,S1D3,2036,0.13
GLOBAL,ELCPRYXX03,S1D3,2037,0.13
GLOBAL,ELCPRYXX03,S1D3,2038,0.13
GLOBAL,ELCPRYXX03,S1D3,2039,0.13
GLOBAL,ELCPRYXX03,S1D3,2040,0.13
GLOBAL,ELCPRYXX03,S1D3,2041,0.13
GLOBAL,ELCPRYXX03,S1D3,2042,0.13
GLOBAL,ELCPRYXX03,S1D3,2043,0.13
GLOBAL,ELCPRYXX03,S1D3,2044,0.13
GLOBAL,ELCPRYXX03,S1D3,2045,0.13
GLOBAL,ELCPRYXX03,S1D3,2046,0.13
GLOBAL,ELCPRYXX03,S1D3,2047,0.13
GLOBAL,ELCPRYXX03,S1D3,2048,0.13
GLOBAL,ELCPRYXX03,S1D3,2049,0.13
GLOBAL,ELCPRYXX03,S1D3,2050,0.13
GLOBAL,ELCPRYXX03,S2D1,2023,0.05
GLOBAL,ELCPRYXX03,S2D1,2024,0.05
GLOBAL,ELCPRYXX03,S2D1,2025,0.05
GLOBAL,ELCPRYXX03,S2D1,2026,0.05
GLOBAL,ELCPRYXX03,S2D1,2027,0.05
GLOBAL,ELCPRYXX03,S2D1,2028,0.05
GLOBAL,ELCPRYXX03,S2D1,2029,0.05
GLOBAL,ELCPRYXX03,S2D1,2030,0.05
GLOBAL,ELCPRYXX03,S2D1,2031,0.05
GLOBAL,ELCPRYXX03,S2D1,2032,0.05
GLOBAL,ELCPRYXX03,S2D1,2033,0.05
GLOBAL,ELCPRYXX03,S2D1,2034,0.05
GLOBAL,ELCPRYXX03,S2D1,2035,0.05
GLOBAL,ELCPRYXX03,S2D1,2036,0.05
GLOBAL,ELCPRYXX03,S2D1,2037,0.05
GLOBAL,ELCPRYXX03,S2D1,2038,0.05
GLOBAL,ELCPRYXX03,S2D1,2039,0.05
GLOBAL,ELCPRYXX03,S2D1,2040,0.05
GLOBAL,ELCPRYXX03,S2D1,2041,0.05
GLOBAL,ELCPRYXX03,S2D1,2042,0.05
GLOBAL,ELCPRYXX03,S2D1,2043,0.05
GLOBAL,ELCPRYXX03,S2D1,2044,0.05
GLOBAL,ELCPRYXX03,S2D1,2045,0.05
GLOBAL,ELCPRYXX03,S2D1,2046,0.05
GLOBAL,ELCPRYXX03,S2D1,2047,0.05
GLOBAL,ELCPRYXX03,S2D1,2048,0.05
GLOBAL,ELCPRYXX03,S2D1,2049,0.05
GLOBAL,ELCPRYXX03,S2D1,2050,0.05
GLOBAL,ELCPRYXX03,S2D2,2023,0.05
GLOBAL,ELCPRYXX03,S2D2,2024,0.05
GLOBAL,ELCPRYXX03,S2D2,2025,0.05
GLOBAL,ELCPRYXX03,S2D2,2026,0.05
GLOBAL,ELCPRYXX03,S2D2,2027,0.05
GLOBAL,ELCPRYXX03,S2D2,2028,0.05
GLOBAL,ELCPRYXX03,S2D2,2029,0.05
GLOBAL,ELCPRYXX03,S2D2,2030,0.05
GLOBAL,ELCPRYXX03,S2D2,2031,0.05
GLOBAL,ELCPRYXX03,S2D2,2032,0.05
GLOBAL,ELCPRYXX03,S2D2,2033,0.05
GLOBAL,ELCPRYXX03,S2D2,2034,0.05
GLOBAL,ELCPRYXX03,S2D2,2035,0.05
GLOBAL,ELCPRYXX03,S2D2,2036,0.05
GLOBAL,ELCPRYXX03,S2D2,2037,0.05
GLOBAL,ELCPRYXX03,S2D2,2038,0.05
GLOBAL,ELCPRYXX03,S2D2,2039,0.05
GLOBAL,ELCPRYXX03,S2D2,2040,0.05
GLOBAL,ELCPRYXX03,S2D2,2041,0.05
GLOBAL,ELCPRYXX03,S2D2,2042,0.05
GLOBAL,ELCPRYXX03,S2D2,2043,0.05
GLOBAL,ELCPRYXX03,S2D2,2044,0.05
GLOBAL,ELCPRYXX03,S2D2,2045,0.05
GLOBAL,ELCPRYXX03,S2D2,2046,0.05
GLOBAL,ELCPRYXX03,S2D2,2047,0.05
GLOBAL,ELCPRYXX03,S2D2,2048,0.05
GLOBAL,ELCPRYXX03,S2D2,2049,0.05
GLOBAL,ELCPRYXX03,S2D2,2050,0.05
GLOBAL,ELCPRYXX03,S2D3,2023,0.09
GLOBAL,ELCPRYXX03,S2D3,2024,0.09
GLOBAL,ELCPRYXX03,S2D3,2025,0.09
GLOBAL,ELCPRYXX03,S2D3,2026,0.09
GLOBAL,ELCPRYXX03,S2D3,2027,0.09
GLOBAL,ELCPRYXX03,S2D3,2028,0.09
GLOBAL,ELCPRYXX03,S2D3,2029,0.09
GLOBAL,ELCPRYXX03,S2D3,2030,0.09
GLOBAL,ELCPRYXX03,S2D3,2031,0.09
GLOBAL,ELCPRYXX03,S2D3,2032,0.09
GLOBAL,ELCPRYXX03,S2D3,2033,0.09
GLOBAL,ELCPRYXX03,S2D3,2034,0.09
GLOBAL,ELCPRYXX03,S2D3,2035,0.09
GLOBAL,ELCPRYXX03,S2D3,2036,0.09
GLOBAL,ELCPRYXX03,S2D3,2037,0.09
GLOBAL,ELCPRYXX03,S2D3,2038,0.09
GLOBAL,ELCPRYXX03,S2D3,2039,0.09
GLOBAL,ELCPRYXX03,S2D3,2040,0.09
GLOBAL,ELCPRYXX03,S2D3,2041,0.09
GLOBAL,ELCPRYXX03,S2D3,2042,0.09
GLOBAL,ELCPRYXX03,S2D3,2043,0.09
GLOBAL,ELCPRYXX03,S2D3,2044,0.09
GLOBAL,ELCPRYXX03,S2D3,2045,0.09
GLOBAL,ELCPRYXX03,S2D3,2046,0.09
GLOBAL,ELCPRYXX03,S2D3,2047,0.09
GLOBAL,ELCPRYXX03,S2D3,2048,0.09
GLOBAL,ELCPRYXX03,S2D3,2049,0.09
GLOBAL,ELCPRYXX03,S2D3,2050,0.09
GLOBAL,ELCPRYXX03,S3D1,2023,0.06
GLOBAL,ELCPRYXX03,S3D1,2024,0.06
GLOBAL,ELCPRYXX03,S3D1,2025,0.06
GLOBAL,ELCPRYXX03,S3D1,2026,0.06
GLOBAL,ELCPRYXX03,S3D1,2027,0.06
GLOBAL,ELCPRYXX03,S3D1,2028,0.06
GLOBAL,ELCPRYXX03,S3D1,2029,0.06
GLOBAL,ELCPRYXX03,S3D1,2030,0.06
GLOBAL,ELCPRYXX03,S3D1,2031,0.06
GLOBAL,ELCPRYXX03,S3D1,2032,0.06
GLOBAL,ELCPRYXX03,S3D1,2033,0.06
GLOBAL,ELCPRYXX03,S3D1,2034,0.06
GLOBAL,ELCPRYXX03,S3D1,2035,0.06
GLOBAL,ELCPRYXX03,S3D1,2036,0.06
GLOBAL,ELCPRYXX03,S3D1,2037,0.06
GLOBAL,ELCPRYXX03,S3D1,2038,0.06
GLOBAL,ELCPRYXX03,S3D1,2039,0.06
GLOBAL,ELCPRYXX03,S3D1,2040,0.06
GLOBAL,ELCPRYXX03,S3D1,2041,0.06
GLOBAL,ELCPRYXX03,S3D1,2042,0.06
GLOBAL,ELCPRYXX03,S3D1,2043,0.06
GLOBAL,ELCPRYXX03,S3D1,2044,0.06
GLOBAL,ELCPRYXX03,S3D1,2045,0.06
GLOBAL,ELCPRYXX03,S3D1,2046,0.06
GLOBAL,ELCPRYXX03,S3D1,2047,0.06
GLOBAL,ELCPRYXX03,S3D1,2048,0.06
GLOBAL,ELCPRYXX03,S3D1,2049,0.06
GLOBAL,ELCPRYXX03,S3D1,2050,0.06
GLOBAL,ELCPRYXX03,S3D2,2023,0.05
GLOBAL,ELCPRYXX03,S3D2,2024,0.05
GLOBAL,ELCPRYXX03,S3D2,2025,0.05
GLOBAL,ELCPRYXX03,S3D2,2026,0.05
GLOBAL,ELCPRYXX03,S3D2,2027,0.05
GLOBAL,ELCPRYXX03,S3D2,2028,0.05
GLOBAL,ELCPRYXX03,S3D2,2029,0.05
GLOBAL,ELCPRYXX03,S3D2,2030,0.05
GLOBAL,ELCPRYXX03,S3D2,2031,0.05
GLOBAL,ELCPRYXX03,S3D2,2032,0.05
GLOBAL,ELCPRYXX03,S3D2,2033,0.05
GLOBAL,ELCPRYXX03,S3D2,2034,0.05
GLOBAL,ELCPRYXX03,S3D2,2035,0.05
GLOBAL,ELCPRYXX03,S3D2,2036,0.05
GLOBAL,ELCPRYXX03,S3D2,2037,0.05
GLOBAL,ELCPRYXX03,S3D2,2038,0.05
GLOBAL,ELCPRYXX03,S3D2,2039,0.05
GLOBAL,ELCPRYXX03,S3D2,2040,0.05
GLOBAL,ELCPRYXX03,S3D2,2041,0.05
GLOBAL,ELCPRYXX03,S3D2,2042,0.05
GLOBAL,ELCPRYXX03,S3D2,2043,0.05
GLOBAL,ELCPRYXX03,S3D2,2044,0.05
GLOBAL,ELCPRYXX03,S3D2,2045,0.05
GLOBAL,ELCPRYXX03,S3D2,2046,0.05
GLOBAL,ELCPRYXX03,S3D2,2047,0.05
GLOBAL,ELCPRYXX03,S3D2,2048,0.05
GLOBAL,ELCPRYXX03,S3D2,2049,0.05
GLOBAL,ELCPRYXX03,S3D2,2050,0.05
GLOBAL,ELCPRYXX03,S3D3,2023,0.1
GLOBAL,ELCPRYXX03,S3D3,2024,0.1
GLOBAL,ELCPRYXX03,S3D3,2025,0.1
GLOBAL,ELCPRYXX03,S3D3,2026,0.1
GLOBAL,ELCPRYXX03,S3D3,2027,0.1
GLOBAL,ELCPRYXX03,S3D3,2028,0.1
GLOBAL,ELCPRYXX03,S3D3,2029,0.1
GLOBAL,ELCPRYXX03,S3D3,2030,0.1
GLOBAL,ELCPRYXX03,S3D3,2031,0.1
GLOBAL,ELCPRYXX03,S3D3,2032,0.1
GLOBAL,ELCPRYXX03,S3D3,2033,0.1
GLOBAL,ELCPRYXX03,S3D3,2034,0.1
GLOBAL,ELCPRYXX03,S3D3,2035,0.1
GLOBAL,ELCPRYXX03,S3D3,2036,0.1
GLOBAL,ELCPRYXX03,S3D3,2037,0.1
GLOBAL,ELCPRYXX03,S3D3,2038,0.1
GLOBAL,ELCPRYXX03,S3D3,2039,0.1
GLOBAL,ELCPRYXX03,S3D3,2040,0.1
GLOBAL,ELCPRYXX03,S3D3,2041,0.1
GLOBAL,ELCPRYXX03,S3D3,2042,0.1
GLOBAL,ELCPRYXX03,S3D3,2043,0.1
GLOBAL,ELCPRYXX03,S3D3,2044,0.1
GLOBAL,ELCPRYXX03,S3D3,2045,0.1
GLOBAL,ELCPRYXX03,S3D3,2046,0.1
GLOBAL,ELCPRYXX03,S3D3,2047,0.1
GLOBAL,ELCPRYXX03,S3D3,2048,0.1
GLOBAL,ELCPRYXX03,S3D3,2049,0.1
GLOBAL,ELCPRYXX03,S3D3,2050,0.1
GLOBAL,ELCPRYXX03,S4D1,2023,0.09
GLOBAL,ELCPRYXX03,S4D1,2024,0.09
GLOBAL,ELCPRYXX03,S4D1,2025,0.09
GLOBAL,ELCPRYXX03,S4D1,2026,0.09
GLOBAL,ELCPRYXX03,S4D1,2027,0.09
GLOBAL,ELCPRYXX03,S4D1,2028,0.09
GLOBAL,ELCPRYXX03,S4D1,2029,0.09
GLOBAL,ELCPRYXX03,S4D1,2030,0.09
GLOBAL,ELCPRYXX03,S4D1,2031,0.09
GLOBAL,ELCPRYXX03,S4D1,2032,0.09
GLOBAL,ELCPRYXX03,S4D1,2033,0.09
GLOBAL,ELCPRYXX03,S4D1,2034,0.09
GLOBAL,ELCPRYXX03,S4D1,2035,0.09
GLOBAL,ELCPRYXX03,S4D1,2036,0.09
GLOBAL,ELCPRYXX03,S4D1,2037,0.09
GLOBAL,ELCPRYXX03,S4D1,2038,0.09
GLOBAL,ELCPRYXX03,S4D1,2039,0.09
GLOBAL,ELCPRYXX03,S4D1,2040,0.09
GLOBAL,ELCPRYXX03,S4D1,2041,0.09
GLOBAL,ELCPRYXX03,S4D1,2042,0.09
GLOBAL,ELCPRYXX03,S4D1,2043,0.09
GLOBAL,ELCPRYXX03,S4D1,2044,0.09
GLOBAL,ELCPRYXX03,S4D1,2045,0.09
GLOBAL,ELCPRYXX03,S4D1,2046,0.09
GLOBAL,ELCPRYXX03,S4D1,2047,0.09
GLOBAL,ELCPRYXX03,S4D1,2048,0.09
GLOBAL,ELCPRYXX03,S4D1,2049,0.09
GLOBAL,ELCPRYXX03,S4D1,2050,0.09
GLOBAL,ELCPRYXX03,S4D2,2023,0.08
GLOBAL,ELCPRYXX03,S4D2,2024,0.08
GLOBAL,ELCPRYXX03,S4D2,2025,0.08
GLOBAL,ELCPRYXX03,S4D2,2026,0.08
GLOBAL,ELCPRYXX03,S4D2,2027,0.08
GLOBAL,ELCPRYXX03,S4D2,2028,0.08
GLOBAL,ELCPRYXX03,S4D2,2029,0.08
GLOBAL,ELCPRYXX03,S4D2,2030,0.08
GLOBAL,ELCPRYXX03,S4D2,2031,0.08
GLOBAL,ELCPRYXX03,S4D2,2032,0.08
GLOBAL,ELCPRYXX03,S4D2,2033,0.08
GLOBAL,ELCPRYXX03,S4D2,2034,0.08
GLOBAL,ELCPRYXX03,S4D2,2035,0.08
GLOBAL,ELCPRYXX03,S4D2,2036,0.08
GLOBAL,ELCPRYXX03,S4D2,2037,0.08
GLOBAL,ELCPRYXX03,S4D2,2038,0.08
GLOBAL,ELCPRYXX03,S4D2,2039,0.08
GLOBAL,ELCPRYXX03,S4D2,2040,0.08
GLOBAL,ELCPRYXX03,S4D2,2041,0.08
GLOBAL,ELCPRYXX03,S4D2,2042,0.08
GLOBAL,ELCPRYXX03,S4D2,2043,0.08
GLOBAL,ELCPRYXX03,S4D2,2044,0.08
GLOBAL,ELCPRYXX03,S4D2,2045,0.08
GLOBAL,ELCPRYXX03,S4D2,2046,0.08
GLOBAL,ELCPRYXX03,S4D2,2047,0.08
GLOBAL,ELCPRYXX03,S4D2,2048,0.08
GLOBAL,ELCPRYXX03,S4D2,2049,0.08
GLOBAL,ELCPRYXX03,S4D2,2050,0.08
GLOBAL,ELCPRYXX03,S4D3,2023,0.14
GLOBAL,ELCPRYXX03,S4D3,2024,0.14
GLOBAL,ELCPRYXX03,S4D3,2025,0.14
GLOBAL,ELCPRYXX03,S4D3,2026,0.14
GLOBAL,ELCPRYXX03,S4D3,2027,0.14
GLOBAL,ELCPRYXX03,S4D3,2028,0.14
GLOBAL,ELCPRYXX03,S4D3,2029,0.14
GLOBAL,ELCPRYXX03,S4D3,2030,0.14
GLOBAL,ELCPRYXX03,S4D3,2031,0.14
GLOBAL,ELCPRYXX03,S4D3,2032,0.14
GLOBAL,ELCPRYXX03,S4D3,2033,0.14
GLOBAL,ELCPRYXX03,S4D3,2034,0.14
GLOBAL,ELCPRYXX03,S4D3,2035,0.14
GLOBAL,ELCPRYXX03,S4D3,2036,0.14
GLOBAL,ELCPRYXX03,S4D3,2037,0.14
GLOBAL,ELCPRYXX03,S4D3,2038,0.14
GLOBAL,ELCPRYXX03,S4D3,2039,0.14
GLOBAL,ELCPRYXX03,S4D3,2040,0.14
GLOBAL,ELCPRYXX03,S4D3,2041,0.14
GLOBAL,ELCPRYXX03,S4D3,2042,0.14
GLOBAL,ELCPRYXX03,S4D3,2043,0.14
GLOBAL,ELCPRYXX03,S4D3,2044,0.14
GLOBAL,ELCPRYXX03,S4D3,2045,0.14
GLOBAL,ELCPRYXX03,S4D3,2046,0.14
GLOBAL,ELCPRYXX03,S4D3,2047,0.14
GLOBAL,ELCPRYXX03,S4D3,2048,0.14
GLOBAL,ELCPRYXX03,S4D3,2049,0.14
GLOBAL,ELCPRYXX03,S4D3,2050,0.14
GLOBAL,ELCSLVXX03,S1D1,2023,0.0792079207920792
GLOBAL,ELCSLVXX03,S1D1,2024,0.0792079207920792
GLOBAL,ELCSLVXX03,S1D1,2025,0.0792079207920792
GLOBAL,ELCSLVXX03,S1D1,2026,0.0792079207920792
GLOBAL,ELCSLVXX03,S1D1,2027,0.0792079207920792
GLOBAL,ELCSLVXX03,S1D1,2028,0.0792079207920792
GLOBAL,ELCSLVXX03,S1D1,2029,0.0792079207920792
GLOBAL,ELCSLVXX03,S1D1,2030,0.0792079207920792
GLOBAL,ELCSLVXX03,S1D1,2031,0.0792079207920792
GLOBAL,ELCSLVXX03,S1D1,2032,0.0792079207920792
GLOBAL,ELCSLVXX03,S1D1,2033,0.0792079207920792
GLOBAL,ELCSLVXX03,S1D1,2034,0.0792079207920792
GLOBAL,ELCSLVXX03,S1D1,2035,0.0792079207920792
GLOBAL,ELCSLVXX03,S1D1,2036,0.0792079207920792
GLOBAL,ELCSLVXX03,S1D1,2037,0.0792079207920792
GLOBAL,ELCSLVXX03,S1D1,2038,0.0792079207920792
GLOBAL,ELCSLVXX03,S1D1,2039,0.0792079207920792
GLOBAL,ELCSLVXX03,S1D1,2040,0.0792079207920792
GLOBAL,ELCSLVXX03,S1D1,2041,0.0792079207920792
GLOBAL,ELCSLVXX03,S1D1,2042,0.0792079207920792
GLOBAL,ELCSLVXX03,S1D1,2043,0.0792079207920792
GLOBAL,ELCSLVXX03,S1D1,2044,0.0792079207920792
GLOBAL,ELCSLVXX03,S1D1,2045,0.0792079207920792
GLOBAL,ELCSLVXX03,S1D1,2046,0.0792079207920792
GLOBAL,ELCSLVXX03,S1D1,2047,0.0792079207920792
GLOBAL,ELCSLVXX03,S1D1,2048,0.0792079207920792
GLOBAL,ELCSLVXX03,S1D1,2049,0.0792079207920792
GLOBAL,ELCSLVXX03,S1D1,2050,0.0792079207920792
GLOBAL,ELCSLVXX03,S1D2,2023,0.0594059405940594
GLOBAL,ELCSLVXX03,S1D2,2024,0.0594059405940594
GLOBAL,ELCSLVXX03,S1D2,2025,0.0594059405940594
GLOBAL,ELCSLVXX03,S1D2,2026,0.0594059405940594
GLOBAL,ELCSLVXX03,S1D2,2027,0.0594059405940594
GLOBAL,ELCSLVXX03,S1D2,2028,0.0594059405940594
GLOBAL,ELCSLVXX03,S1D2,2029,0.0594059405940594
GLOBAL,ELCSLVXX03,S1D2,2030,0.0594059405940594
GLOBAL,ELCSLVXX03,S1D2,2031,0.0594059405940594
GLOBAL,ELCSLVXX03,S1D2,2032,0.0594059405940594
GLOBAL,ELCSLVXX03,S1D2,2033,0.0594059405940594
GLOBAL,ELCSLVXX03,S1D2,2034,0.0594059405940594
GLOBAL,ELCSLVXX03,S1D2,2035,0.0594059405940594
GLOBAL,ELCSLVXX03,S1D2,2036,0.0594059405940594
GLOBAL,ELCSLVXX03,S1D2,2037,0.0594059405940594
GLOBAL,ELCSLVXX03,S1D2,2038,0.0594059405940594
GLOBAL,ELCSLVXX03,S1D2,2039,0.0594059405940594
GLOBAL,ELCSLVXX03,S1D2,2040,0.0594059405940594
GLOBAL,ELCSLVXX03,S1D2,2041,0.0594059405940594
GLOBAL,ELCSLVXX03,S1D2,2042,0.0594059405940594
GLOBAL,ELCSLVXX03,S1D2,2043,0.0594059405940594
GLOBAL,ELCSLVXX03,S1D2,2044,0.0594059405940594
GLOBAL,ELCSLVXX03,S1D2,2045,0.0594059405940594
GLOBAL,ELCSLVXX03,S1D2,2046,0.0594059405940594
GLOBAL,ELCSLVXX03,S1D2,2047,0.0594059405940594
GLOBAL,ELCSLVXX03,S1D2,2048,0.0594059405940594
GLOBAL,ELCSLVXX03,S1D2,2049,0.0594059405940594
GLOBAL,ELCSLVXX03,S1D2,2050,0.0594059405940594
GLOBAL,ELCSLVXX03,S1D3,2023,0.1089108910891089
GLOBAL,ELCSLVXX03,S1D3,2024,0.1089108910891089
GLOBAL,ELCSLVXX03,S1D3,2025,0.1089108910891089
GLOBAL,ELCSLVXX03,S1D3,2026,0.1089108910891089
GLOBAL,ELCSLVXX03,S1D3,2027,0.1089108910891089
GLOBAL,ELCSLVXX03,S1D3,2028,0.1089108910891089
GLOBAL,ELCSLVXX03,S1D3,2029,0.1089108910891089
GLOBAL,ELCSLVXX03,S1D3,2030,0.1089108910891089
GLOBAL,ELCSLVXX03,S1D3,2031,0.1089108910891089
GLOBAL,ELCSLVXX03,S1D3,2032,0.1089108910891089
GLOBAL,ELCSLVXX03,S1D3,2033,0.1089108910891089
GLOBAL,ELCSLVXX03,S1D3,2034,0.1089108910891089
GLOBAL,ELCSLVXX03,S1D3,2035,0.1089108910891089
GLOBAL,ELCSLVXX03,S1D3,2036,0.1089108910891089
GLOBAL,ELCSLVXX03,S1D3,2037,0.1089108910891089
GLOBAL,ELCSLVXX03,S1D3,2038,0.1089108910891089
GLOBAL,ELCSLVXX03,S1D3,2039,0.1089108910891089
GLOBAL,ELCSLVXX03,S1D3,2040,0.1089108910891089
GLOBAL,ELCSLVXX03,S1D3,2041,0.1089108910891089
GLOBAL,ELCSLVXX03,S1D3,2042,0.1089108910891089
GLOBAL,ELCSLVXX03,S1D3,2043,0.1089108910891089
GLOBAL,ELCSLVXX03,S1D3,2044,0.1089108910891089
GLOBAL,ELCSLVXX03,S1D3,2045,0.1089108910891089
GLOBAL,ELCSLVXX03,S1D3,2046,0.1089108910891089
GLOBAL,ELCSLVXX03,S1D3,2047,0.1089108910891089
GLOBAL,ELCSLVXX03,S1D3,2048,0.1089108910891089
GLOBAL,ELCSLVXX03,S1D3,2049,0.1089108910891089
GLOBAL,ELCSLVXX03,S1D3,2050,0.1089108910891089
GLOBAL,ELCSLVXX03,S2D1,2023,0.0792079207920792
GLOBAL,ELCSLVXX03,S2D1,2024,0.0792079207920792
GLOBAL,ELCSLVXX03,S2D1,2025,0.0792079207920792
GLOBAL,ELCSLVXX03,S2D1,2026,0.0792079207920792
GLOBAL,ELCSLVXX03,S2D1,2027,0.0792079207920792
GLOBAL,ELCSLVXX03,S2D1,2028,0.0792079207920792
GLOBAL,ELCSLVXX03,S2D1,2029,0.0792079207920792
GLOBAL,ELCSLVXX03,S2D1,2030,0.0792079207920792
GLOBAL,ELCSLVXX03,S2D1,2031,0.0792079207920792
GLOBAL,ELCSLVXX03,S2D1,2032,0.0792079207920792
GLOBAL,ELCSLVXX03,S2D1,2033,0.0792079207920792
GLOBAL,ELCSLVXX03,S2D1,2034,0.0792079207920792
GLOBAL,ELCSLVXX03,S2D1,2035,0.0792079207920792
GLOBAL,ELCSLVXX03,S2D1,2036,0.0792079207920792
GLOBAL,ELCSLVXX03,S2D1,2037,0.0792079207920792
GLOBAL,ELCSLVXX03,S2D1,2038,0.0792079207920792
GLOBAL,ELCSLVXX03,S2D1,2039,0.0792079207920792
GLOBAL,ELCSLVXX03,S2D1,2040,0.0792079207920792
GLOBAL,ELCSLVXX03,S2D1,2041,0.0792079207920792
GLOBAL,ELCSLVXX03,S2D1,2042,0.0792079207920792
GLOBAL,ELCSLVXX03,S2D1,2043,0.0792079207920792
GLOBAL,ELCSLVXX03,S2D1,2044,0.0792079207920792
GLOBAL,ELCSLVXX03,S2D1,2045,0.0792079207920792
GLOBAL,ELCSLVXX03,S2D1,2046,0.0792079207920792
GLOBAL,ELCSLVXX03,S2D1,2047,0.0792079207920792
GLOBAL,ELCSLVXX03,S2D1,2048,0.0792079207920792
GLOBAL,ELCSLVXX03,S2D1,2049,0.0792079207920792
GLOBAL,ELCSLVXX03,S2D1,2050,0.0792079207920792
GLOBAL,ELCSLVXX03,S2D2,2023,0.0594059405940594
GLOBAL,ELCSLVXX03,S2D2,2024,0.0594059405940594
GLOBAL,ELCSLVXX03,S2D2,2025,0.0594059405940594
GLOBAL,ELCSLVXX03,S2D2,2026,0.0594059405940594
GLOBAL,ELCSLVXX03,S2D2,2027,0.0594059405940594
GLOBAL,ELCSLVXX03,S2D2,2028,0.0594059405940594
GLOBAL,ELCSLVXX03,S2D2,2029,0.0594059405940594
GLOBAL,ELCSLVXX03,S2D2,2030,0.0594059405940594
GLOBAL,ELCSLVXX03,S2D2,2031,0.0594059405940594
GLOBAL,ELCSLVXX03,S2D2,2032,0.0594059405940594
GLOBAL,ELCSLVXX03,S2D2,2033,0.0594059405940594
GLOBAL,ELCSLVXX03,S2D2,2034,0.0594059405940594
GLOBAL,ELCSLVXX03,S2D2,2035,0.0594059405940594
GLOBAL,ELCSLVXX03,S2D2,2036,0.0594059405940594
GLOBAL,ELCSLVXX03,S2D2,2037,0.0594059405940594
GLOBAL,ELCSLVXX03,S2D2,2038,0.0594059405940594
GLOBAL,ELCSLVXX03,S2D2,2039,0.0594059405940594
GLOBAL,ELCSLVXX03,S2D2,2040,0.0594059405940594
GLOBAL,ELCSLVXX03,S2D2,2041,0.0594059405940594
GLOBAL,ELCSLVXX03,S2D2,2042,0.0594059405940594
GLOBAL,ELCSLVXX03,S2D2,2043,0.0594059405940594
GLOBAL,ELCSLVXX03,S2D2,2044,0.0594059405940594
GLOBAL,ELCSLVXX03,S2D2,2045,0.0594059405940594
GLOBAL,ELCSLVXX03,S2D2,2046,0.0594059405940594
GLOBAL,ELCSLVXX03,S2D2,2047,0.0594059405940594
GLOBAL,ELCSLVXX03,S2D2,2048,0.0594059405940594
GLOBAL,ELCSLVXX03,S2D2,2049,0.0594059405940594
GLOBAL,ELCSLVXX03,S2D2,2050,0.0594059405940594
GLOBAL,ELCSLVXX03,S2D3,2023,0.1089108910891089
GLOBAL,ELCSLVXX03,S2D3,2024,0.1089108910891089
GLOBAL,ELCSLVXX03,S2D3,2025,0.1089108910891089
GLOBAL,ELCSLVXX03,S2D3,2026,0.1089108910891089
GLOBAL,ELCSLVXX03,S2D3,2027,0.1089108910891089
GLOBAL,ELCSLVXX03,S2D3,2028,0.1089108910891089
GLOBAL,ELCSLVXX03,S2D3,2029,0.1089108910891089
GLOBAL,ELCSLVXX03,S2D3,2030,0.1089108910891089
GLOBAL,ELCSLVXX03,S2D3,2031,0.1089108910891089
GLOBAL,ELCSLVXX03,S2D3,2032,0.1089108910891089
GLOBAL,ELCSLVXX03,S2D3,2033,0.1089108910891089
GLOBAL,ELCSLVXX03,S2D3,2034,0.1089108910891089
GLOBAL,ELCSLVXX03,S2D3,2035,0.1089108910891089
GLOBAL,ELCSLVXX03,S2D3,2036,0.1089108910891089
GLOBAL,ELCSLVXX03,S2D3,2037,0.1089108910891089
GLOBAL,ELCSLVXX03,S2D3,2038,0.1089108910891089
GLOBAL,ELCSLVXX03,S2D3,2039,0.1089108910891089
GLOBAL,ELCSLVXX03,S2D3,2040,0.1089108910891089
GLOBAL,ELCSLVXX03,S2D3,2041,0.1089108910891089
GLOBAL,ELCSLVXX03,S2D3,2042,0.1089108910891089
GLOBAL,ELCSLVXX03,S2D3,2043,0.1089108910891089
GLOBAL,ELCSLVXX03,S2D3,2044,0.1089108910891089
GLOBAL,ELCSLVXX03,S2D3,2045,0.1089108910891089
GLOBAL,ELCSLVXX03,S2D3,2046,0.1089108910891089
GLOBAL,ELCSLVXX03,S2D3,2047,0.1089108910891089
GLOBAL,ELCSLVXX03,S2D3,2048,0.1089108910891089
GLOBAL,ELCSLVXX03,S2D3,2049,0.1089108910891089
GLOBAL,ELCSLVXX03,S2D3,2050,0.1089108910891089
GLOBAL,ELCSLVXX03,S3D1,2023,0.0792079207920792
GLOBAL,ELCSLVXX03,S3D1,2024,0.0792079207920792
GLOBAL,ELCSLVXX03,S3D1,2025,0.0792079207920792
GLOBAL,ELCSLVXX03,S3D1,2026,0.0792079207920792
GLOBAL,ELCSLVXX03,S3D1,2027,0.0792079207920792
GLOBAL,ELCSLVXX03,S3D1,2028,0.0792079207920792
GLOBAL,ELCSLVXX03,S3D1,2029,0.0792079207920792
GLOBAL,ELCSLVXX03,S3D1,2030,0.0792079207920792
GLOBAL,ELCSLVXX03,S3D1,2031,0.0792079207920792
GLOBAL,ELCSLVXX03,S3D1,2032,0.0792079207920792
GLOBAL,ELCSLVXX03,S3D1,2033,0.0792079207920792
GLOBAL,ELCSLVXX03,S3D1,2034,0.0792079207920792
GLOBAL,ELCSLVXX03,S3D1,2035,0.0792079207920792
GLOBAL,ELCSLVXX03,S3D1,2036,0.0792079207920792
GLOBAL,ELCSLVXX03,S3D1,2037,0.0792079207920792
GLOBAL,ELCSLVXX03,S3D1,2038,0.0792079207920792
GLOBAL,ELCSLVXX03,S3D1,2039,0.0792079207920792
GLOBAL,ELCSLVXX03,S3D1,2040,0.0792079207920792
GLOBAL,ELCSLVXX03,S3D1,2041,0.0792079207920792
GLOBAL,ELCSLVXX03,S3D1,2042,0.0792079207920792
GLOBAL,ELCSLVXX03,S3D1,2043,0.0792079207920792
GLOBAL,ELCSLVXX03,S3D1,2044,0.0792079207920792
GLOBAL,ELCSLVXX03,S3D1,2045,0.0792079207920792
GLOBAL,ELCSLVXX03,S3D1,2046,0.0792079207920792
GLOBAL,ELCSLVXX03,S3D1,2047,0.0792079207920792
GLOBAL,ELCSLVXX03,S3D1,2048,0.0792079207920792
GLOBAL,ELCSLVXX03,S3D1,2049,0.0792079207920792
GLOBAL,ELCSLVXX03,S3D1,2050,0.0792079207920792
GLOBAL,ELCSLVXX03,S3D2,2023,0.0594059405940594
GLOBAL,ELCSLVXX03,S3D2,2024,0.0594059405940594
GLOBAL,ELCSLVXX03,S3D2,2025,0.0594059405940594
GLOBAL,ELCSLVXX03,S3D2,2026,0.0594059405940594
GLOBAL,ELCSLVXX03,S3D2,2027,0.0594059405940594
GLOBAL,ELCSLVXX03,S3D2,2028,0.0594059405940594
GLOBAL,ELCSLVXX03,S3D2,2029,0.0594059405940594
GLOBAL,ELCSLVXX03,S3D2,2030,0.0594059405940594
GLOBAL,ELCSLVXX03,S3D2,2031,0.0594059405940594
GLOBAL,ELCSLVXX03,S3D2,2032,0.0594059405940594
GLOBAL,ELCSLVXX03,S3D2,2033,0.0594059405940594
GLOBAL,ELCSLVXX03,S3D2,2034,0.0594059405940594
GLOBAL,ELCSLVXX03,S3D2,2035,0.0594059405940594
GLOBAL,ELCSLVXX03,S3D2,2036,0.0594059405940594
GLOBAL,ELCSLVXX03,S3D2,2037,0.0594059405940594
GLOBAL,ELCSLVXX03,S3D2,2038,0.0594059405940594
GLOBAL,ELCSLVXX03,S3D2,2039,0.0594059405940594
GLOBAL,ELCSLVXX03,S3D2,2040,0.0594059405940594
GLOBAL,ELCSLVXX03,S3D2,2041,0.0594059405940594
GLOBAL,ELCSLVXX03,S3D2,2042,0.0594059405940594
GLOBAL,ELCSLVXX03,S3D2,2043,0.0594059405940594
GLOBAL,ELCSLVXX03,S3D2,2044,0.0594059405940594
GLOBAL,ELCSLVXX03,S3D2,2045,0.0594059405940594
GLOBAL,ELCSLVXX03,S3D2,2046,0.0594059405940594
GLOBAL,ELCSLVXX03,S3D2,2047,0.0594059405940594
GLOBAL,ELCSLVXX03,S3D2,2048,0.0594059405940594
GLOBAL,ELCSLVXX03,S3D2,2049,0.0594059405940594
GLOBAL,ELCSLVXX03,S3D2,2050,0.0594059405940594
GLOBAL,ELCSLVXX03,S3D3,2023,0.1089108910891089
GLOBAL,ELCSLVXX03,S3D3,2024,0.1089108910891089
GLOBAL,ELCSLVXX03,S3D3,2025,0.1089108910891089
GLOBAL,ELCSLVXX03,S3D3,2026,0.1089108910891089
GLOBAL,ELCSLVXX03,S3D3,2027,0.1089108910891089
GLOBAL,ELCSLVXX03,S3D3,2028,0.1089108910891089
GLOBAL,ELCSLVXX03,S3D3,2029,0.1089108910891089
GLOBAL,ELCSLVXX03,S3D3,2030,0.1089108910891089
GLOBAL,ELCSLVXX03,S3D3,2031,0.1089108910891089
GLOBAL,ELCSLVXX03,S3D3,2032,0.1089108910891089
GLOBAL,ELCSLVXX03,S3D3,2033,0.1089108910891089
GLOBAL,ELCSLVXX03,S3D3,2034,0.1089108910891089
GLOBAL,ELCSLVXX03,S3D3,2035,0.1089108910891089
GLOBAL,ELCSLVXX03,S3D3,2036,0.1089108910891089
GLOBAL,ELCSLVXX03,S3D3,2037,0.1089108910891089
GLOBAL,ELCSLVXX03,S3D3,2038,0.1089108910891089
GLOBAL,ELCSLVXX03,S3D3,2039,0.1089108910891089
GLOBAL,ELCSLVXX03,S3D3,2040,0.1089108910891089
GLOBAL,ELCSLVXX03,S3D3,2041,0.1089108910891089
GLOBAL,ELCSLVXX03,S3D3,2042,0.1089108910891089
GLOBAL,ELCSLVXX03,S3D3,2043,0.1089108910891089
GLOBAL,ELCSLVXX03,S3D3,2044,0.1089108910891089
GLOBAL,ELCSLVXX03,S3D3,2045,0.1089108910891089
GLOBAL,ELCSLVXX03,S3D3,2046,0.1089108910891089
GLOBAL,ELCSLVXX03,S3D3,2047,0.1089108910891089
GLOBAL,ELCSLVXX03,S3D3,2048,0.1089108910891089
GLOBAL,ELCSLVXX03,S3D3,2049,0.1089108910891089
GLOBAL,ELCSLVXX03,S3D3,2050,0.1089108910891089
GLOBAL,ELCSLVXX03,S4D1,2023,0.0891089108910891
GLOBAL,ELCSLVXX03,S4D1,2024,0.0891089108910891
GLOBAL,ELCSLVXX03,S4D1,2025,0.0891089108910891
GLOBAL,ELCSLVXX03,S4D1,2026,0.0891089108910891
GLOBAL,ELCSLVXX03,S4D1,2027,0.0891089108910891
GLOBAL,ELCSLVXX03,S4D1,2028,0.0891089108910891
GLOBAL,ELCSLVXX03,S4D1,2029,0.0891089108910891
GLOBAL,ELCSLVXX03,S4D1,2030,0.0891089108910891
GLOBAL,ELCSLVXX03,S4D1,2031,0.0891089108910891
GLOBAL,ELCSLVXX03,S4D1,2032,0.0891089108910891
GLOBAL,ELCSLVXX03,S4D1,2033,0.0891089108910891
GLOBAL,ELCSLVXX03,S4D1,2034,0.0891089108910891
GLOBAL,ELCSLVXX03,S4D1,2035,0.0891089108910891
GLOBAL,ELCSLVXX03,S4D1,2036,0.0891089108910891
GLOBAL,ELCSLVXX03,S4D1,2037,0.0891089108910891
GLOBAL,ELCSLVXX03,S4D1,2038,0.0891089108910891
GLOBAL,ELCSLVXX03,S4D1,2039,0.0891089108910891
GLOBAL,ELCSLVXX03,S4D1,2040,0.0891089108910891
GLOBAL,ELCSLVXX03,S4D1,2041,0.0891089108910891
GLOBAL,ELCSLVXX03,S4D1,2042,0.0891089108910891
GLOBAL,ELCSLVXX03,S4D1,2043,0.0891089108910891
GLOBAL,ELCSLVXX03,S4D1,2044,0.0891089108910891
GLOBAL,ELCSLVXX03,S4D1,2045,0.0891089108910891
GLOBAL,ELCSLVXX03,S4D1,2046,0.0891089108910891
GLOBAL,ELCSLVXX03,S4D1,2047,0.0891089108910891
GLOBAL,ELCSLVXX03,S4D1,2048,0.0891089108910891
GLOBAL,ELCSLVXX03,S4D1,2049,0.0891089108910891
GLOBAL,ELCSLVXX03,S4D1,2050,0.0891089108910891
GLOBAL,ELCSLVXX03,S4D2,2023,0.0594059405940594
GLOBAL,ELCSLVXX03,S4D2,2024,0.0594059405940594
GLOBAL,ELCSLVXX03,S4D2,2025,0.0594059405940594
GLOBAL,ELCSLVXX03,S4D2,2026,0.0594059405940594
GLOBAL,ELCSLVXX03,S4D2,2027,0.0594059405940594
GLOBAL,ELCSLVXX03,S4D2,2028,0.0594059405940594
GLOBAL,ELCSLVXX03,S4D2,2029,0.0594059405940594
GLOBAL,ELCSLVXX03,S4D2,2030,0.0594059405940594
GLOBAL,ELCSLVXX03,S4D2,2031,0.0594059405940594
GLOBAL,ELCSLVXX03,S4D2,2032,0.0594059405940594
GLOBAL,ELCSLVXX03,S4D2,2033,0.0594059405940594
GLOBAL,ELCSLVXX03,S4D2,2034,0.0594059405940594
GLOBAL,ELCSLVXX03,S4D2,2035,0.0594059405940594
GLOBAL,ELCSLVXX03,S4D2,2036,0.0594059405940594
GLOBAL,ELCSLVXX03,S4D2,2037,0.0594059405940594
GLOBAL,ELCSLVXX03,S4D2,2038,0.0594059405940594
GLOBAL,ELCSLVXX03,S4D2,2039,0.0594059405940594
GLOBAL,ELCSLVXX03,S4D2,2040,0.0594059405940594
GLOBAL,ELCSLVXX03,S4D2,2041,0.0594059405940594
GLOBAL,ELCSLVXX03,S4D2,2042,0.0594059405940594
GLOBAL,ELCSLVXX03,S4D2,2043,0.0594059405940594
GLOBAL,ELCSLVXX03,S4D2,2044,0.0594059405940594
GLOBAL,ELCSLVXX03,S4D2,2045,0.0594059405940594
GLOBAL,ELCSLVXX03,S4D2,2046,0.0594059405940594
GLOBAL,ELCSLVXX03,S4D2,2047,0.0594059405940594
GLOBAL,ELCSLVXX03,S4D2,2048,0.0594059405940594
GLOBAL,ELCSLVXX03,S4D2,2049,0.0594059405940594
GLOBAL,ELCSLVXX03,S4D2,2050,0.0594059405940594
GLOBAL,ELCSLVXX03,S4D3,2023,0.1089108910891089
GLOBAL,ELCSLVXX03,S4D3,2024,0.1089108910891089
GLOBAL,ELCSLVXX03,S4D3,2025,0.1089108910891089
GLOBAL,ELCSLVXX03,S4D3,2026,0.1089108910891089
GLOBAL,ELCSLVXX03,S4D3,2027,0.1089108910891089
GLOBAL,ELCSLVXX03,S4D3,2028,0.1089108910891089
GLOBAL,ELCSLVXX03,S4D3,2029,0.1089108910891089
GLOBAL,ELCSLVXX03,S4D3,2030,0.1089108910891089
GLOBAL,ELCSLVXX03,S4D3,2031,0.1089108910891089
GLOBAL,ELCSLVXX03,S4D3,2032,0.1089108910891089
GLOBAL,ELCSLVXX03,S4D3,2033,0.1089108910891089
GLOBAL,ELCSLVXX03,S4D3,2034,0.1089108910891089
GLOBAL,ELCSLVXX03,S4D3,2035,0.1089108910891089
GLOBAL,ELCSLVXX03,S4D3,2036,0.1089108910891089
GLOBAL,ELCSLVXX03,S4D3,2037,0.1089108910891089
GLOBAL,ELCSLVXX03,S4D3,2038,0.1089108910891089
GLOBAL,ELCSLVXX03,S4D3,2039,0.1089108910891089
GLOBAL,ELCSLVXX03,S4D3,2040,0.1089108910891089
GLOBAL,ELCSLVXX03,S4D3,2041,0.1089108910891089
GLOBAL,ELCSLVXX03,S4D3,2042,0.1089108910891089
GLOBAL,ELCSLVXX03,S4D3,2043,0.1089108910891089
GLOBAL,ELCSLVXX03,S4D3,2044,0.1089108910891089
GLOBAL,ELCSLVXX03,S4D3,2045,0.1089108910891089
GLOBAL,ELCSLVXX03,S4D3,2046,0.1089108910891089
GLOBAL,ELCSLVXX03,S4D3,2047,0.1089108910891089
GLOBAL,ELCSLVXX03,S4D3,2048,0.1089108910891089
GLOBAL,ELCSLVXX03,S4D3,2049,0.1089108910891089
GLOBAL,ELCSLVXX03,S4D3,2050,0.1089108910891089
GLOBAL,ELCURYXX03,S1D1,2023,0.08
GLOBAL,ELCURYXX03,S1D1,2024,0.08
GLOBAL,ELCURYXX03,S1D1,2025,0.08
GLOBAL,ELCURYXX03,S1D1,2026,0.08
GLOBAL,ELCURYXX03,S1D1,2027,0.08
GLOBAL,ELCURYXX03,S1D1,2028,0.08
GLOBAL,ELCURYXX03,S1D1,2029,0.08
GLOBAL,ELCURYXX03,S1D1,2030,0.08
GLOBAL,ELCURYXX03,S1D1,2031,0.08
GLOBAL,ELCURYXX03,S1D1,2032,0.08
GLOBAL,ELCURYXX03,S1D1,2033,0.08
GLOBAL,ELCURYXX03,S1D1,2034,0.08
GLOBAL,ELCURYXX03,S1D1,2035,0.08
GLOBAL,ELCURYXX03,S1D1,2036,0.08
GLOBAL,ELCURYXX03,S1D1,2037,0.08
GLOBAL,ELCURYXX03,S1D1,2038,0.08
GLOBAL,ELCURYXX03,S1D1,2039,0.08
GLOBAL,ELCURYXX03,S1D1,2040,0.08
GLOBAL,ELCURYXX03,S1D1,2041,0.08
GLOBAL,ELCURYXX03,S1D1,2042,0.08
GLOBAL,ELCURYXX03,S1D1,2043,0.08
GLOBAL,ELCURYXX03,S1D1,2044,0.08
GLOBAL,ELCURYXX03,S1D1,2045,0.08
GLOBAL,ELCURYXX03,S1D1,2046,0.08
GLOBAL,ELCURYXX03,S1D1,2047,0.08
GLOBAL,ELCURYXX03,S1D1,2048,0.08
GLOBAL,ELCURYXX03,S1D1,2049,0.08
GLOBAL,ELCURYXX03,S1D1,2050,0.08
GLOBAL,ELCURYXX03,S1D2,2023,0.06
GLOBAL,ELCURYXX03,S1D2,2024,0.06
GLOBAL,ELCURYXX03,S1D2,2025,0.06
GLOBAL,ELCURYXX03,S1D2,2026,0.06
GLOBAL,ELCURYXX03,S1D2,2027,0.06
GLOBAL,ELCURYXX03,S1D2,2028,0.06
GLOBAL,ELCURYXX03,S1D2,2029,0.06
GLOBAL,ELCURYXX03,S1D2,2030,0.06
GLOBAL,ELCURYXX03,S1D2,2031,0.06
GLOBAL,ELCURYXX03,S1D2,2032,0.06
GLOBAL,ELCURYXX03,S1D2,2033,0.06
GLOBAL,ELCURYXX03,S1D2,2034,0.06
GLOBAL,ELCURYXX03,S1D2,2035,0.06
GLOBAL,ELCURYXX03,S1D2,2036,0.06
GLOBAL,ELCURYXX03,S1D2,2037,0.06
GLOBAL,ELCURYXX03,S1D2,2038,0.06
GLOBAL,ELCURYXX03,S1D2,2039,0.06
GLOBAL,ELCURYXX03,S1D2,2040,0.06
GLOBAL,ELCURYXX03,S1D2,2041,0.06
GLOBAL,ELCURYXX03,S1D2,2042,0.06
GLOBAL,ELCURYXX03,S1D2,2043,0.06
GLOBAL,ELCURYXX03,S1D2,2044,0.06
GLOBAL,ELCURYXX03,S1D2,2045,0.06
GLOBAL,ELCURYXX03,S1D2,2046,0.06
GLOBAL,ELCURYXX03,S1D2,2047,0.06
GLOBAL,ELCURYXX03,S1D2,2048,0.06
GLOBAL,ELCURYXX03,S1D2,2049,0.06
GLOBAL,ELCURYXX03,S1D2,2050,0.06
GLOBAL,ELCURYXX03,S1D3,2023,0.11
GLOBAL,ELCURYXX03,S1D3,2024,0.11
GLOBAL,ELCURYXX03,S1D3,2025,0.11
GLOBAL,ELCURYXX03,S1D3,2026,0.11
GLOBAL,ELCURYXX03,S1D3,2027,0.11
GLOBAL,ELCURYXX03,S1D3,2028,0.11
GLOBAL,ELCURYXX03,S1D3,2029,0.11
GLOBAL,ELCURYXX03,S1D3,2030,0.11
GLOBAL,ELCURYXX03,S1D3,2031,0.11
GLOBAL,ELCURYXX03,S1D3,2032,0.11
GLOBAL,ELCURYXX03,S1D3,2033,0.11
GLOBAL,ELCURYXX03,S1D3,2034,0.11
GLOBAL,ELCURYXX03,S1D3,2035,0.11
GLOBAL,ELCURYXX03,S1D3,2036,0.11
GLOBAL,ELCURYXX03,S1D3,2037,0.11
GLOBAL,ELCURYXX03,S1D3,2038,0.11
GLOBAL,ELCURYXX03,S1D3,2039,0.11
GLOBAL,ELCURYXX03,S1D3,2040,0.11
GLOBAL,ELCURYXX03,S1D3,2041,0.11
GLOBAL,ELCURYXX03,S1D3,2042,0.11
GLOBAL,ELCURYXX03,S1D3,2043,0.11
GLOBAL,ELCURYXX03,S1D3,2044,0.11
GLOBAL,ELCURYXX03,S1D3,2045,0.11
GLOBAL,ELCURYXX03,S1D3,2046,0.11
GLOBAL,ELCURYXX03,S1D3,2047,0.11
GLOBAL,ELCURYXX03,S1D3,2048,0.11
GLOBAL,ELCURYXX03,S1D3,2049,0.11
GLOBAL,ELCURYXX03,S1D3,2050,0.11
GLOBAL,ELCURYXX03,S2D1,2023,0.07
GLOBAL,ELCURYXX03,S2D1,2024,0.07
GLOBAL,ELCURYXX03,S2D1,2025,0.07
GLOBAL,ELCURYXX03,S2D1,2026,0.07
GLOBAL,ELCURYXX03,S2D1,2027,0.07
GLOBAL,ELCURYXX03,S2D1,2028,0.07
GLOBAL,ELCURYXX03,S2D1,2029,0.07
GLOBAL,ELCURYXX03,S2D1,2030,0.07
GLOBAL,ELCURYXX03,S2D1,2031,0.07
GLOBAL,ELCURYXX03,S2D1,2032,0.07
GLOBAL,ELCURYXX03,S2D1,2033,0.07
GLOBAL,ELCURYXX03,S2D1,2034,0.07
GLOBAL,ELCURYXX03,S2D1,2035,0.07
GLOBAL,ELCURYXX03,S2D1,2036,0.07
GLOBAL,ELCURYXX03,S2D1,2037,0.07
GLOBAL,ELCURYXX03,S2D1,2038,0.07
GLOBAL,ELCURYXX03,S2D1,2039,0.07
GLOBAL,ELCURYXX03,S2D1,2040,0.07
GLOBAL,ELCURYXX03,S2D1,2041,0.07
GLOBAL,ELCURYXX03,S2D1,2042,0.07
GLOBAL,ELCURYXX03,S2D1,2043,0.07
GLOBAL,ELCURYXX03,S2D1,2044,0.07
GLOBAL,ELCURYXX03,S2D1,2045,0.07
GLOBAL,ELCURYXX03,S2D1,2046,0.07
GLOBAL,ELCURYXX03,S2D1,2047,0.07
GLOBAL,ELCURYXX03,S2D1,2048,0.07
GLOBAL,ELCURYXX03,S2D1,2049,0.07
GLOBAL,ELCURYXX03,S2D1,2050,0.07
GLOBAL,ELCURYXX03,S2D2,2023,0.06
GLOBAL,ELCURYXX03,S2D2,2024,0.06
GLOBAL,ELCURYXX03,S2D2,2025,0.06
GLOBAL,ELCURYXX03,S2D2,2026,0.06
GLOBAL,ELCURYXX03,S2D2,2027,0.06
GLOBAL,ELCURYXX03,S2D2,2028,0.06
GLOBAL,ELCURYXX03,S2D2,2029,0.06
GLOBAL,ELCURYXX03,S2D2,2030,0.06
GLOBAL,ELCURYXX03,S2D2,2031,0.06
GLOBAL,ELCURYXX03,S2D2,2032,0.06
GLOBAL,ELCURYXX03,S2D2,2033,0.06
GLOBAL,ELCURYXX03,S2D2,2034,0.06
GLOBAL,ELCURYXX03,S2D2,2035,0.06
GLOBAL,ELCURYXX03,S2D2,2036,0.06
GLOBAL,ELCURYXX03,S2D2,2037,0.06
GLOBAL,ELCURYXX03,S2D2,2038,0.06
GLOBAL,ELCURYXX03,S2D2,2039,0.06
GLOBAL,ELCURYXX03,S2D2,2040,0.06
GLOBAL,ELCURYXX03,S2D2,2041,0.06
GLOBAL,ELCURYXX03,S2D2,2042,0.06
GLOBAL,ELCURYXX03,S2D2,2043,0.06
GLOBAL,ELCURYXX03,S2D2,2044,0.06
GLOBAL,ELCURYXX03,S2D2,2045,0.06
GLOBAL,ELCURYXX03,S2D2,2046,0.06
GLOBAL,ELCURYXX03,S2D2,2047,0.06
GLOBAL,ELCURYXX03,S2D2,2048,0.06
GLOBAL,ELCURYXX03,S2D2,2049,0.06
GLOBAL,ELCURYXX03,S2D2,2050,0.06
GLOBAL,ELCURYXX03,S2D3,2023,0.11
GLOBAL,ELCURYXX03,S2D3,2024,0.11
GLOBAL,ELCURYXX03,S2D3,2025,0.11
GLOBAL,ELCURYXX03,S2D3,2026,0.11
GLOBAL,ELCURYXX03,S2D3,2027,0.11
GLOBAL,ELCURYXX03,S2D3,2028,0.11
GLOBAL,ELCURYXX03,S2D3,2029,0.11
GLOBAL,ELCURYXX03,S2D3,2030,0.11
GLOBAL,ELCURYXX03,S2D3,2031,0.11
GLOBAL,ELCURYXX03,S2D3,2032,0.11
GLOBAL,ELCURYXX03,S2D3,2033,0.11
GLOBAL,ELCURYXX03,S2D3,2034,0.11
GLOBAL,ELCURYXX03,S2D3,2035,0.11
GLOBAL,ELCURYXX03,S2D3,2036,0.11
GLOBAL,ELCURYXX03,S2D3,2037,0.11
GLOBAL,ELCURYXX03,S2D3,2038,0.11
GLOBAL,ELCURYXX03,S2D3,2039,0.11
GLOBAL,ELCURYXX03,S2D3,2040,0.11
GLOBAL,ELCURYXX03,S2D3,2041,0.11
GLOBAL,ELCURYXX03,S2D3,2042,0.11
GLOBAL,ELCURYXX03,S2D3,2043,0.11
GLOBAL,ELCURYXX03,S2D3,2044,0.11
GLOBAL,ELCURYXX03,S2D3,2045,0.11
GLOBAL,ELCURYXX03,S2D3,2046,0.11
GLOBAL,ELCURYXX03,S2D3,2047,0.11
GLOBAL,ELCURYXX03,S2D3,2048,0.11
GLOBAL,ELCURYXX03,S2D3,2049,0.11
GLOBAL,ELCURYXX03,S2D3,2050,0.11
GLOBAL,ELCURYXX03,S3D1,2023,0.08
GLOBAL,ELCURYXX03,S3D1,2024,0.08
GLOBAL,ELCURYXX03,S3D1,2025,0.08
GLOBAL,ELCURYXX03,S3D1,2026,0.08
GLOBAL,ELCURYXX03,S3D1,2027,0.08
GLOBAL,ELCURYXX03,S3D1,2028,0.08
GLOBAL,ELCURYXX03,S3D1,2029,0.08
GLOBAL,ELCURYXX03,S3D1,2030,0.08
GLOBAL,ELCURYXX03,S3D1,2031,0.08
GLOBAL,ELCURYXX03,S3D1,2032,0.08
GLOBAL,ELCURYXX03,S3D1,2033,0.08
GLOBAL,ELCURYXX03,S3D1,2034,0.08
GLOBAL,ELCURYXX03,S3D1,2035,0.08
GLOBAL,ELCURYXX03,S3D1,2036,0.08
GLOBAL,ELCURYXX03,S3D1,2037,0.08
GLOBAL,ELCURYXX03,S3D1,2038,0.08
GLOBAL,ELCURYXX03,S3D1,2039,0.08
GLOBAL,ELCURYXX03,S3D1,2040,0.08
GLOBAL,ELCURYXX03,S3D1,2041,0.08
GLOBAL,ELCURYXX03,S3D1,2042,0.08
GLOBAL,ELCURYXX03,S3D1,2043,0.08
GLOBAL,ELCURYXX03,S3D1,2044,0.08
GLOBAL,ELCURYXX03,S3D1,2045,0.08
GLOBAL,ELCURYXX03,S3D1,2046,0.08
GLOBAL,ELCURYXX03,S3D1,2047,0.08
GLOBAL,ELCURYXX03,S3D1,2048,0.08
GLOBAL,ELCURYXX03,S3D1,2049,0.08
GLOBAL,ELCURYXX03,S3D1,2050,0.08
GLOBAL,ELCURYXX03,S3D2,2023,0.06
GLOBAL,ELCURYXX03,S3D2,2024,0.06
GLOBAL,ELCURYXX03,S3D2,2025,0.06
GLOBAL,ELCURYXX03,S3D2,2026,0.06
GLOBAL,ELCURYXX03,S3D2,2027,0.06
GLOBAL,ELCURYXX03,S3D2,2028,0.06
GLOBAL,ELCURYXX03,S3D2,2029,0.06
GLOBAL,ELCURYXX03,S3D2,2030,0.06
GLOBAL,ELCURYXX03,S3D2,2031,0.06
GLOBAL,ELCURYXX03,S3D2,2032,0.06
GLOBAL,ELCURYXX03,S3D2,2033,0.06
GLOBAL,ELCURYXX03,S3D2,2034,0.06
GLOBAL,ELCURYXX03,S3D2,2035,0.06
GLOBAL,ELCURYXX03,S3D2,2036,0.06
GLOBAL,ELCURYXX03,S3D2,2037,0.06
GLOBAL,ELCURYXX03,S3D2,2038,0.06
GLOBAL,ELCURYXX03,S3D2,2039,0.06
GLOBAL,ELCURYXX03,S3D2,2040,0.06
GLOBAL,ELCURYXX03,S3D2,2041,0.06
GLOBAL,ELCURYXX03,S3D2,2042,0.06
GLOBAL,ELCURYXX03,S3D2,2043,0.06
GLOBAL,ELCURYXX03,S3D2,2044,0.06
GLOBAL,ELCURYXX03,S3D2,2045,0.06
GLOBAL,ELCURYXX03,S3D2,2046,0.06
GLOBAL,ELCURYXX03,S3D2,2047,0.06
GLOBAL,ELCURYXX03,S3D2,2048,0.06
GLOBAL,ELCURYXX03,S3D2,2049,0.06
GLOBAL,ELCURYXX03,S3D2,2050,0.06
GLOBAL,ELCURYXX03,S3D3,2023,0.12
GLOBAL,ELCURYXX03,S3D3,2024,0.12
GLOBAL,ELCURYXX03,S3D3,2025,0.12
GLOBAL,ELCURYXX03,S3D3,2026,0.12
GLOBAL,ELCURYXX03,S3D3,2027,0.12
GLOBAL,ELCURYXX03,S3D3,2028,0.12
GLOBAL,ELCURYXX03,S3D3,2029,0.12
GLOBAL,ELCURYXX03,S3D3,2030,0.12
GLOBAL,ELCURYXX03,S3D3,2031,0.12
GLOBAL,ELCURYXX03,S3D3,2032,0.12
GLOBAL,ELCURYXX03,S3D3,2033,0.12
GLOBAL,ELCURYXX03,S3D3,2034,0.12
GLOBAL,ELCURYXX03,S3D3,2035,0.12
GLOBAL,ELCURYXX03,S3D3,2036,0.12
GLOBAL,ELCURYXX03,S3D3,2037,0.12
GLOBAL,ELCURYXX03,S3D3,2038,0.12
GLOBAL,ELCURYXX03,S3D3,2039,0.12
GLOBAL,ELCURYXX03,S3D3,2040,0.12
GLOBAL,ELCURYXX03,S3D3,2041,0.12
GLOBAL,ELCURYXX03,S3D3,2042,0.12
GLOBAL,ELCURYXX03,S3D3,2043,0.12
GLOBAL,ELCURYXX03,S3D3,2044,0.12
GLOBAL,ELCURYXX03,S3D3,2045,0.12
GLOBAL,ELCURYXX03,S3D3,2046,0.12
GLOBAL,ELCURYXX03,S3D3,2047,0.12
GLOBAL,ELCURYXX03,S3D3,2048,0.12
GLOBAL,ELCURYXX03,S3D3,2049,0.12
GLOBAL,ELCURYXX03,S3D3,2050,0.12
GLOBAL,ELCURYXX03,S4D1,2023,0.08
GLOBAL,ELCURYXX03,S4D1,2024,0.08
GLOBAL,ELCURYXX03,S4D1,2025,0.08
GLOBAL,ELCURYXX03,S4D1,2026,0.08
GLOBAL,ELCURYXX03,S4D1,2027,0.08
GLOBAL,ELCURYXX03,S4D1,2028,0.08
GLOBAL,ELCURYXX03,S4D1,2029,0.08
GLOBAL,ELCURYXX03,S4D1,2030,0.08
GLOBAL,ELCURYXX03,S4D1,2031,0.08
GLOBAL,ELCURYXX03,S4D1,2032,0.08
GLOBAL,ELCURYXX03,S4D1,2033,0.08
GLOBAL,ELCURYXX03,S4D1,2034,0.08
GLOBAL,ELCURYXX03,S4D1,2035,0.08
GLOBAL,ELCURYXX03,S4D1,2036,0.08
GLOBAL,ELCURYXX03,S4D1,2037,0.08
GLOBAL,ELCURYXX03,S4D1,2038,0.08
GLOBAL,ELCURYXX03,S4D1,2039,0.08
GLOBAL,ELCURYXX03,S4D1,2040,0.08
GLOBAL,ELCURYXX03,S4D1,2041,0.08
GLOBAL,ELCURYXX03,S4D1,2042,0.08
GLOBAL,ELCURYXX03,S4D1,2043,0.08
GLOBAL,ELCURYXX03,S4D1,2044,0.08
GLOBAL,ELCURYXX03,S4D1,2045,0.08
GLOBAL,ELCURYXX03,S4D1,2046,0.08
GLOBAL,ELCURYXX03,S4D1,2047,0.08
GLOBAL,ELCURYXX03,S4D1,2048,0.08
GLOBAL,ELCURYXX03,S4D1,2049,0.08
GLOBAL,ELCURYXX03,S4D1,2050,0.08
GLOBAL,ELCURYXX03,S4D2,2023,0.06
GLOBAL,ELCURYXX03,S4D2,2024,0.06
GLOBAL,ELCURYXX03,S4D2,2025,0.06
GLOBAL,ELCURYXX03,S4D2,2026,0.06
GLOBAL,ELCURYXX03,S4D2,2027,0.06
GLOBAL,ELCURYXX03,S4D2,2028,0.06
GLOBAL,ELCURYXX03,S4D2,2029,0.06
GLOBAL,ELCURYXX03,S4D2,2030,0.06
GLOBAL,ELCURYXX03,S4D2,2031,0.06
GLOBAL,ELCURYXX03,S4D2,2032,0.06
GLOBAL,ELCURYXX03,S4D2,2033,0.06
GLOBAL,ELCURYXX03,S4D2,2034,0.06
GLOBAL,ELCURYXX03,S4D2,2035,0.06
GLOBAL,ELCURYXX03,S4D2,2036,0.06
GLOBAL,ELCURYXX03,S4D2,2037,0.06
GLOBAL,ELCURYXX03,S4D2,2038,0.06
GLOBAL,ELCURYXX03,S4D2,2039,0.06
GLOBAL,ELCURYXX03,S4D2,2040,0.06
GLOBAL,ELCURYXX03,S4D2,2041,0.06
GLOBAL,ELCURYXX03,S4D2,2042,0.06
GLOBAL,ELCURYXX03,S4D2,2043,0.06
GLOBAL,ELCURYXX03,S4D2,2044,0.06
GLOBAL,ELCURYXX03,S4D2,2045,0.06
GLOBAL,ELCURYXX03,S4D2,2046,0.06
GLOBAL,ELCURYXX03,S4D2,2047,0.06
GLOBAL,ELCURYXX03,S4D2,2048,0.06
GLOBAL,ELCURYXX03,S4D2,2049,0.06
GLOBAL,ELCURYXX03,S4D2,2050,0.06
GLOBAL,ELCURYXX03,S4D3,2023,0.11
GLOBAL,ELCURYXX03,S4D3,2024,0.11
GLOBAL,ELCURYXX03,S4D3,2025,0.11
GLOBAL,ELCURYXX03,S4D3,2026,0.11
GLOBAL,ELCURYXX03,S4D3,2027,0.11
GLOBAL,ELCURYXX03,S4D3,2028,0.11
GLOBAL,ELCURYXX03,S4D3,2029,0.11
GLOBAL,ELCURYXX03,S4D3,2030,0.11
GLOBAL,ELCURYXX03,S4D3,2031,0.11
GLOBAL,ELCURYXX03,S4D3,2032,0.11
GLOBAL,ELCURYXX03,S4D3,2033,0.11
GLOBAL,ELCURYXX03,S4D3,2034,0.11
GLOBAL,ELCURYXX03,S4D3,2035,0.11
GLOBAL,ELCURYXX03,S4D3,2036,0.11
GLOBAL,ELCURYXX03,S4D3,2037,0.11
GLOBAL,ELCURYXX03,S4D3,2038,0.11
GLOBAL,ELCURYXX03,S4D3,2039,0.11
GLOBAL,ELCURYXX03,S4D3,2040,0.11
GLOBAL,ELCURYXX03,S4D3,2041,0.11
GLOBAL,ELCURYXX03,S4D3,2042,0.11
GLOBAL,ELCURYXX03,S4D3,2043,0.11
GLOBAL,ELCURYXX03,S4D3,2044,0.11
GLOBAL,ELCURYXX03,S4D3,2045,0.11
GLOBAL,ELCURYXX03,S4D3,2046,0.11
GLOBAL,ELCURYXX03,S4D3,2047,0.11
GLOBAL,ELCURYXX03,S4D3,2048,0.11
GLOBAL,ELCURYXX03,S4D3,2049,0.11
GLOBAL,ELCURYXX03,S4D3,2050,0.11
