REGION,TECHNOLOGY,YEAR,VALUE
GLOBAL,PWRCCGINDSO00,2023,0.0
GLOBAL,PWRCCGINDSO00,2024,0.0
GLOBAL,PWRCCGINDSO00,2025,0.0
GLOBAL,PWRCCGINDSO00,2026,0.0
GLOBAL,PWRCCGINDSO00,2027,0.0
GLOBAL,PWRCCGINDSO00,2028,0.0
GLOBAL,PWRCCGINDSO00,2029,0.0
GLOBAL,PWRCCGINDSO00,2030,0.0
GLOBAL,PWRCCGINDSO00,2031,0.0
GLOBAL,PWRCCGINDSO00,2032,0.0
GLOBAL,PWRCCGINDSO00,2033,0.0
GLOBAL,PWRCCGINDSO00,2034,0.0
GLOBAL,PWRCCGINDSO00,2035,0.0
GLOBAL,PWRCCGINDSO00,2036,0.0
GLOBAL,PWRCCGINDSO00,2037,0.0
GLOBAL,PWRCCGINDSO00,2038,0.0
GLOBAL,PWRCCGINDSO00,2039,0.0
GLOBAL,PWRCCGINDSO00,2040,0.0
GLOBAL,PWRCCGINDSO00,2041,0.0
GLOBAL,PWRCCGINDSO00,2042,0.0
GLOBAL,PWRCCGINDSO00,2043,0.0
GLOBAL,PWRCCGINDSO00,2044,0.0
GLOBAL,PWRCCGINDSO00,2045,0.0
GLOBAL,PWRCCGINDSO00,2046,0.0
GLOBAL,PWRCCGINDSO00,2047,0.0
GLOBAL,PWRCCGINDSO00,2048,0.0
GLOBAL,PWRCCGINDSO00,2049,0.0
GLOBAL,PWRCCGINDSO00,2050,0.0
GLOBAL,PWRCCGINDEA00,2023,0.0
GLOBAL,PWRCCGINDEA00,2024,0.0
GLOBAL,PWRCCGINDEA00,2025,0.0
GLOBAL,PWRCCGINDEA00,2026,0.0
GLOBAL,PWRCCGINDEA00,2027,0.0
GLOBAL,PWRCCGINDEA00,2028,0.0
GLOBAL,PWRCCGINDEA00,2029,0.0
GLOBAL,PWRCCGINDEA00,2030,0.0
GLOBAL,PWRCCGINDEA00,2031,0.0
GLOBAL,PWRCCGINDEA00,2032,0.0
GLOBAL,PWRCCGINDEA00,2033,0.0
GLOBAL,PWRCCGINDEA00,2034,0.0
GLOBAL,PWRCCGINDEA00,2035,0.0
GLOBAL,PWRCCGINDEA00,2036,0.0
GLOBAL,PWRCCGINDEA00,2037,0.0
GLOBAL,PWRCCGINDEA00,2038,0.0
GLOBAL,PWRCCGINDEA00,2039,0.0
GLOBAL,PWRCCGINDEA00,2040,0.0
GLOBAL,PWRCCGINDEA00,2041,0.0
GLOBAL,PWRCCGINDEA00,2042,0.0
GLOBAL,PWRCCGINDEA00,2043,0.0
GLOBAL,PWRCCGINDEA00,2044,0.0
GLOBAL,PWRCCGINDEA00,2045,0.0
GLOBAL,PWRCCGINDEA00,2046,0.0
GLOBAL,PWRCCGINDEA00,2047,0.0
GLOBAL,PWRCCGINDEA00,2048,0.0
GLOBAL,PWRCCGINDEA00,2049,0.0
GLOBAL,PWRCCGINDEA00,2050,0.0
GLOBAL,PWROCGINDSO00,2023,0.0
GLOBAL,PWROCGINDSO00,2024,0.0
GLOBAL,PWROCGINDSO00,2025,0.0
GLOBAL,PWROCGINDSO00,2026,0.0
GLOBAL,PWROCGINDSO00,2027,0.0
GLOBAL,PWROCGINDSO00,2028,0.0
GLOBAL,PWROCGINDSO00,2029,0.0
GLOBAL,PWROCGINDSO00,2030,0.0
GLOBAL,PWROCGINDSO00,2031,0.0
GLOBAL,PWROCGINDSO00,2032,0.0
GLOBAL,PWROCGINDSO00,2033,0.0
GLOBAL,PWROCGINDSO00,2034,0.0
GLOBAL,PWROCGINDSO00,2035,0.0
GLOBAL,PWROCGINDSO00,2036,0.0
GLOBAL,PWROCGINDSO00,2037,0.0
GLOBAL,PWROCGINDSO00,2038,0.0
GLOBAL,PWROCGINDSO00,2039,0.0
GLOBAL,PWROCGINDSO00,2040,0.0
GLOBAL,PWROCGINDSO00,2041,0.0
GLOBAL,PWROCGINDSO00,2042,0.0
GLOBAL,PWROCGINDSO00,2043,0.0
GLOBAL,PWROCGINDSO00,2044,0.0
GLOBAL,PWROCGINDSO00,2045,0.0
GLOBAL,PWROCGINDSO00,2046,0.0
GLOBAL,PWROCGINDSO00,2047,0.0
GLOBAL,PWROCGINDSO00,2048,0.0
GLOBAL,PWROCGINDSO00,2049,0.0
GLOBAL,PWROCGINDSO00,2050,0.0
GLOBAL,PWRCCGLKAXX00,2023,0.0
GLOBAL,PWRCCGLKAXX00,2024,0.0
GLOBAL,PWRCCGLKAXX00,2025,0.0
GLOBAL,PWRCCGLKAXX00,2026,0.0
GLOBAL,PWRCCGLKAXX00,2027,0.0
GLOBAL,PWRCCGLKAXX00,2028,0.0
GLOBAL,PWRCCGLKAXX00,2029,0.0
GLOBAL,PWRCCGLKAXX00,2030,0.0
GLOBAL,PWRCCGLKAXX00,2031,0.0
GLOBAL,PWRCCGLKAXX00,2032,0.0
GLOBAL,PWRCCGLKAXX00,2033,0.0
GLOBAL,PWRCCGLKAXX00,2034,0.0
GLOBAL,PWRCCGLKAXX00,2035,0.0
GLOBAL,PWRCCGLKAXX00,2036,0.0
GLOBAL,PWRCCGLKAXX00,2037,0.0
GLOBAL,PWRCCGLKAXX00,2038,0.0
GLOBAL,PWRCCGLKAXX00,2039,0.0
GLOBAL,PWRCCGLKAXX00,2040,0.0
GLOBAL,PWRCCGLKAXX00,2041,0.0
GLOBAL,PWRCCGLKAXX00,2042,0.0
GLOBAL,PWRCCGLKAXX00,2043,0.0
GLOBAL,PWRCCGLKAXX00,2044,0.0
GLOBAL,PWRCCGLKAXX00,2045,0.0
GLOBAL,PWRCCGLKAXX00,2046,0.0
GLOBAL,PWRCCGLKAXX00,2047,0.0
GLOBAL,PWRCCGLKAXX00,2048,0.0
GLOBAL,PWRCCGLKAXX00,2049,0.0
GLOBAL,PWRCCGLKAXX00,2050,0.0
GLOBAL,PWRCCGINDNE00,2023,0.0
GLOBAL,PWRCCGINDNE00,2024,0.0
GLOBAL,PWRCCGINDNE00,2025,0.0
GLOBAL,PWRCCGINDNE00,2026,0.0
GLOBAL,PWRCCGINDNE00,2027,0.0
GLOBAL,PWRCCGINDNE00,2028,0.0
GLOBAL,PWRCCGINDNE00,2029,0.0
GLOBAL,PWRCCGINDNE00,2030,0.0
GLOBAL,PWRCCGINDNE00,2031,0.0
GLOBAL,PWRCCGINDNE00,2032,0.0
GLOBAL,PWRCCGINDNE00,2033,0.0
GLOBAL,PWRCCGINDNE00,2034,0.0
GLOBAL,PWRCCGINDNE00,2035,0.0
GLOBAL,PWRCCGINDNE00,2036,0.0
GLOBAL,PWRCCGINDNE00,2037,0.0
GLOBAL,PWRCCGINDNE00,2038,0.0
GLOBAL,PWRCCGINDNE00,2039,0.0
GLOBAL,PWRCCGINDNE00,2040,0.0
GLOBAL,PWRCCGINDNE00,2041,0.0
GLOBAL,PWRCCGINDNE00,2042,0.0
GLOBAL,PWRCCGINDNE00,2043,0.0
GLOBAL,PWRCCGINDNE00,2044,0.0
GLOBAL,PWRCCGINDNE00,2045,0.0
GLOBAL,PWRCCGINDNE00,2046,0.0
GLOBAL,PWRCCGINDNE00,2047,0.0
GLOBAL,PWRCCGINDNE00,2048,0.0
GLOBAL,PWRCCGINDNE00,2049,0.0
GLOBAL,PWRCCGINDNE00,2050,0.0
GLOBAL,PWROCGBGDXX00,2023,0.0
GLOBAL,PWROCGBGDXX00,2024,0.0
GLOBAL,PWROCGBGDXX00,2025,0.0
GLOBAL,PWROCGBGDXX00,2026,0.0
GLOBAL,PWROCGBGDXX00,2027,0.0
GLOBAL,PWROCGBGDXX00,2028,0.0
GLOBAL,PWROCGBGDXX00,2029,0.0
GLOBAL,PWROCGBGDXX00,2030,0.0
GLOBAL,PWROCGBGDXX00,2031,0.0
GLOBAL,PWROCGBGDXX00,2032,0.0
GLOBAL,PWROCGBGDXX00,2033,0.0
GLOBAL,PWROCGBGDXX00,2034,0.0
GLOBAL,PWROCGBGDXX00,2035,0.0
GLOBAL,PWROCGBGDXX00,2036,0.0
GLOBAL,PWROCGBGDXX00,2037,0.0
GLOBAL,PWROCGBGDXX00,2038,0.0
GLOBAL,PWROCGBGDXX00,2039,0.0
GLOBAL,PWROCGBGDXX00,2040,0.0
GLOBAL,PWROCGBGDXX00,2041,0.0
GLOBAL,PWROCGBGDXX00,2042,0.0
GLOBAL,PWROCGBGDXX00,2043,0.0
GLOBAL,PWROCGBGDXX00,2044,0.0
GLOBAL,PWROCGBGDXX00,2045,0.0
GLOBAL,PWROCGBGDXX00,2046,0.0
GLOBAL,PWROCGBGDXX00,2047,0.0
GLOBAL,PWROCGBGDXX00,2048,0.0
GLOBAL,PWROCGBGDXX00,2049,0.0
GLOBAL,PWROCGBGDXX00,2050,0.0
GLOBAL,PWRCCGNPLXX00,2023,0.0
GLOBAL,PWRCCGNPLXX00,2024,0.0
GLOBAL,PWRCCGNPLXX00,2025,0.0
GLOBAL,PWRCCGNPLXX00,2026,0.0
GLOBAL,PWRCCGNPLXX00,2027,0.0
GLOBAL,PWRCCGNPLXX00,2028,0.0
GLOBAL,PWRCCGNPLXX00,2029,0.0
GLOBAL,PWRCCGNPLXX00,2030,0.0
GLOBAL,PWRCCGNPLXX00,2031,0.0
GLOBAL,PWRCCGNPLXX00,2032,0.0
GLOBAL,PWRCCGNPLXX00,2033,0.0
GLOBAL,PWRCCGNPLXX00,2034,0.0
GLOBAL,PWRCCGNPLXX00,2035,0.0
GLOBAL,PWRCCGNPLXX00,2036,0.0
GLOBAL,PWRCCGNPLXX00,2037,0.0
GLOBAL,PWRCCGNPLXX00,2038,0.0
GLOBAL,PWRCCGNPLXX00,2039,0.0
GLOBAL,PWRCCGNPLXX00,2040,0.0
GLOBAL,PWRCCGNPLXX00,2041,0.0
GLOBAL,PWRCCGNPLXX00,2042,0.0
GLOBAL,PWRCCGNPLXX00,2043,0.0
GLOBAL,PWRCCGNPLXX00,2044,0.0
GLOBAL,PWRCCGNPLXX00,2045,0.0
GLOBAL,PWRCCGNPLXX00,2046,0.0
GLOBAL,PWRCCGNPLXX00,2047,0.0
GLOBAL,PWRCCGNPLXX00,2048,0.0
GLOBAL,PWRCCGNPLXX00,2049,0.0
GLOBAL,PWRCCGNPLXX00,2050,0.0
GLOBAL,PWROCGNPLXX00,2023,0.0
GLOBAL,PWROCGNPLXX00,2024,0.0
GLOBAL,PWROCGNPLXX00,2025,0.0
GLOBAL,PWROCGNPLXX00,2026,0.0
GLOBAL,PWROCGNPLXX00,2027,0.0
GLOBAL,PWROCGNPLXX00,2028,0.0
GLOBAL,PWROCGNPLXX00,2029,0.0
GLOBAL,PWROCGNPLXX00,2030,0.0
GLOBAL,PWROCGNPLXX00,2031,0.0
GLOBAL,PWROCGNPLXX00,2032,0.0
GLOBAL,PWROCGNPLXX00,2033,0.0
GLOBAL,PWROCGNPLXX00,2034,0.0
GLOBAL,PWROCGNPLXX00,2035,0.0
GLOBAL,PWROCGNPLXX00,2036,0.0
GLOBAL,PWROCGNPLXX00,2037,0.0
GLOBAL,PWROCGNPLXX00,2038,0.0
GLOBAL,PWROCGNPLXX00,2039,0.0
GLOBAL,PWROCGNPLXX00,2040,0.0
GLOBAL,PWROCGNPLXX00,2041,0.0
GLOBAL,PWROCGNPLXX00,2042,0.0
GLOBAL,PWROCGNPLXX00,2043,0.0
GLOBAL,PWROCGNPLXX00,2044,0.0
GLOBAL,PWROCGNPLXX00,2045,0.0
GLOBAL,PWROCGNPLXX00,2046,0.0
GLOBAL,PWROCGNPLXX00,2047,0.0
GLOBAL,PWROCGNPLXX00,2048,0.0
GLOBAL,PWROCGNPLXX00,2049,0.0
GLOBAL,PWROCGNPLXX00,2050,0.0
GLOBAL,PWROCGINDWE00,2023,0.0
GLOBAL,PWROCGINDWE00,2024,0.0
GLOBAL,PWROCGINDWE00,2025,0.0
GLOBAL,PWROCGINDWE00,2026,0.0
GLOBAL,PWROCGINDWE00,2027,0.0
GLOBAL,PWROCGINDWE00,2028,0.0
GLOBAL,PWROCGINDWE00,2029,0.0
GLOBAL,PWROCGINDWE00,2030,0.0
GLOBAL,PWROCGINDWE00,2031,0.0
GLOBAL,PWROCGINDWE00,2032,0.0
GLOBAL,PWROCGINDWE00,2033,0.0
GLOBAL,PWROCGINDWE00,2034,0.0
GLOBAL,PWROCGINDWE00,2035,0.0
GLOBAL,PWROCGINDWE00,2036,0.0
GLOBAL,PWROCGINDWE00,2037,0.0
GLOBAL,PWROCGINDWE00,2038,0.0
GLOBAL,PWROCGINDWE00,2039,0.0
GLOBAL,PWROCGINDWE00,2040,0.0
GLOBAL,PWROCGINDWE00,2041,0.0
GLOBAL,PWROCGINDWE00,2042,0.0
GLOBAL,PWROCGINDWE00,2043,0.0
GLOBAL,PWROCGINDWE00,2044,0.0
GLOBAL,PWROCGINDWE00,2045,0.0
GLOBAL,PWROCGINDWE00,2046,0.0
GLOBAL,PWROCGINDWE00,2047,0.0
GLOBAL,PWROCGINDWE00,2048,0.0
GLOBAL,PWROCGINDWE00,2049,0.0
GLOBAL,PWROCGINDWE00,2050,0.0
GLOBAL,PWRCCGBGDXX00,2023,0.0
GLOBAL,PWRCCGBGDXX00,2024,0.0
GLOBAL,PWRCCGBGDXX00,2025,0.0
GLOBAL,PWRCCGBGDXX00,2026,0.0
GLOBAL,PWRCCGBGDXX00,2027,0.0
GLOBAL,PWRCCGBGDXX00,2028,0.0
GLOBAL,PWRCCGBGDXX00,2029,0.0
GLOBAL,PWRCCGBGDXX00,2030,0.0
GLOBAL,PWRCCGBGDXX00,2031,0.0
GLOBAL,PWRCCGBGDXX00,2032,0.0
GLOBAL,PWRCCGBGDXX00,2033,0.0
GLOBAL,PWRCCGBGDXX00,2034,0.0
GLOBAL,PWRCCGBGDXX00,2035,0.0
GLOBAL,PWRCCGBGDXX00,2036,0.0
GLOBAL,PWRCCGBGDXX00,2037,0.0
GLOBAL,PWRCCGBGDXX00,2038,0.0
GLOBAL,PWRCCGBGDXX00,2039,0.0
GLOBAL,PWRCCGBGDXX00,2040,0.0
GLOBAL,PWRCCGBGDXX00,2041,0.0
GLOBAL,PWRCCGBGDXX00,2042,0.0
GLOBAL,PWRCCGBGDXX00,2043,0.0
GLOBAL,PWRCCGBGDXX00,2044,0.0
GLOBAL,PWRCCGBGDXX00,2045,0.0
GLOBAL,PWRCCGBGDXX00,2046,0.0
GLOBAL,PWRCCGBGDXX00,2047,0.0
GLOBAL,PWRCCGBGDXX00,2048,0.0
GLOBAL,PWRCCGBGDXX00,2049,0.0
GLOBAL,PWRCCGBGDXX00,2050,0.0
GLOBAL,PWRCCGINDWE00,2023,0.0
GLOBAL,PWRCCGINDWE00,2024,0.0
GLOBAL,PWRCCGINDWE00,2025,0.0
GLOBAL,PWRCCGINDWE00,2026,0.0
GLOBAL,PWRCCGINDWE00,2027,0.0
GLOBAL,PWRCCGINDWE00,2028,0.0
GLOBAL,PWRCCGINDWE00,2029,0.0
GLOBAL,PWRCCGINDWE00,2030,0.0
GLOBAL,PWRCCGINDWE00,2031,0.0
GLOBAL,PWRCCGINDWE00,2032,0.0
GLOBAL,PWRCCGINDWE00,2033,0.0
GLOBAL,PWRCCGINDWE00,2034,0.0
GLOBAL,PWRCCGINDWE00,2035,0.0
GLOBAL,PWRCCGINDWE00,2036,0.0
GLOBAL,PWRCCGINDWE00,2037,0.0
GLOBAL,PWRCCGINDWE00,2038,0.0
GLOBAL,PWRCCGINDWE00,2039,0.0
GLOBAL,PWRCCGINDWE00,2040,0.0
GLOBAL,PWRCCGINDWE00,2041,0.0
GLOBAL,PWRCCGINDWE00,2042,0.0
GLOBAL,PWRCCGINDWE00,2043,0.0
GLOBAL,PWRCCGINDWE00,2044,0.0
GLOBAL,PWRCCGINDWE00,2045,0.0
GLOBAL,PWRCCGINDWE00,2046,0.0
GLOBAL,PWRCCGINDWE00,2047,0.0
GLOBAL,PWRCCGINDWE00,2048,0.0
GLOBAL,PWRCCGINDWE00,2049,0.0
GLOBAL,PWRCCGINDWE00,2050,0.0
GLOBAL,PWRCCGINDNO00,2023,0.0
GLOBAL,PWRCCGINDNO00,2024,0.0
GLOBAL,PWRCCGINDNO00,2025,0.0
GLOBAL,PWRCCGINDNO00,2026,0.0
GLOBAL,PWRCCGINDNO00,2027,0.0
GLOBAL,PWRCCGINDNO00,2028,0.0
GLOBAL,PWRCCGINDNO00,2029,0.0
GLOBAL,PWRCCGINDNO00,2030,0.0
GLOBAL,PWRCCGINDNO00,2031,0.0
GLOBAL,PWRCCGINDNO00,2032,0.0
GLOBAL,PWRCCGINDNO00,2033,0.0
GLOBAL,PWRCCGINDNO00,2034,0.0
GLOBAL,PWRCCGINDNO00,2035,0.0
GLOBAL,PWRCCGINDNO00,2036,0.0
GLOBAL,PWRCCGINDNO00,2037,0.0
GLOBAL,PWRCCGINDNO00,2038,0.0
GLOBAL,PWRCCGINDNO00,2039,0.0
GLOBAL,PWRCCGINDNO00,2040,0.0
GLOBAL,PWRCCGINDNO00,2041,0.0
GLOBAL,PWRCCGINDNO00,2042,0.0
GLOBAL,PWRCCGINDNO00,2043,0.0
GLOBAL,PWRCCGINDNO00,2044,0.0
GLOBAL,PWRCCGINDNO00,2045,0.0
GLOBAL,PWRCCGINDNO00,2046,0.0
GLOBAL,PWRCCGINDNO00,2047,0.0
GLOBAL,PWRCCGINDNO00,2048,0.0
GLOBAL,PWRCCGINDNO00,2049,0.0
GLOBAL,PWRCCGINDNO00,2050,0.0
GLOBAL,PWROCGINDEA00,2023,0.0
GLOBAL,PWROCGINDEA00,2024,0.0
GLOBAL,PWROCGINDEA00,2025,0.0
GLOBAL,PWROCGINDEA00,2026,0.0
GLOBAL,PWROCGINDEA00,2027,0.0
GLOBAL,PWROCGINDEA00,2028,0.0
GLOBAL,PWROCGINDEA00,2029,0.0
GLOBAL,PWROCGINDEA00,2030,0.0
GLOBAL,PWROCGINDEA00,2031,0.0
GLOBAL,PWROCGINDEA00,2032,0.0
GLOBAL,PWROCGINDEA00,2033,0.0
GLOBAL,PWROCGINDEA00,2034,0.0
GLOBAL,PWROCGINDEA00,2035,0.0
GLOBAL,PWROCGINDEA00,2036,0.0
GLOBAL,PWROCGINDEA00,2037,0.0
GLOBAL,PWROCGINDEA00,2038,0.0
GLOBAL,PWROCGINDEA00,2039,0.0
GLOBAL,PWROCGINDEA00,2040,0.0
GLOBAL,PWROCGINDEA00,2041,0.0
GLOBAL,PWROCGINDEA00,2042,0.0
GLOBAL,PWROCGINDEA00,2043,0.0
GLOBAL,PWROCGINDEA00,2044,0.0
GLOBAL,PWROCGINDEA00,2045,0.0
GLOBAL,PWROCGINDEA00,2046,0.0
GLOBAL,PWROCGINDEA00,2047,0.0
GLOBAL,PWROCGINDEA00,2048,0.0
GLOBAL,PWROCGINDEA00,2049,0.0
GLOBAL,PWROCGINDEA00,2050,0.0
GLOBAL,PWROCGINDNO00,2023,0.0
GLOBAL,PWROCGINDNO00,2024,0.0
GLOBAL,PWROCGINDNO00,2025,0.0
GLOBAL,PWROCGINDNO00,2026,0.0
GLOBAL,PWROCGINDNO00,2027,0.0
GLOBAL,PWROCGINDNO00,2028,0.0
GLOBAL,PWROCGINDNO00,2029,0.0
GLOBAL,PWROCGINDNO00,2030,0.0
GLOBAL,PWROCGINDNO00,2031,0.0
GLOBAL,PWROCGINDNO00,2032,0.0
GLOBAL,PWROCGINDNO00,2033,0.0
GLOBAL,PWROCGINDNO00,2034,0.0
GLOBAL,PWROCGINDNO00,2035,0.0
GLOBAL,PWROCGINDNO00,2036,0.0
GLOBAL,PWROCGINDNO00,2037,0.0
GLOBAL,PWROCGINDNO00,2038,0.0
GLOBAL,PWROCGINDNO00,2039,0.0
GLOBAL,PWROCGINDNO00,2040,0.0
GLOBAL,PWROCGINDNO00,2041,0.0
GLOBAL,PWROCGINDNO00,2042,0.0
GLOBAL,PWROCGINDNO00,2043,0.0
GLOBAL,PWROCGINDNO00,2044,0.0
GLOBAL,PWROCGINDNO00,2045,0.0
GLOBAL,PWROCGINDNO00,2046,0.0
GLOBAL,PWROCGINDNO00,2047,0.0
GLOBAL,PWROCGINDNO00,2048,0.0
GLOBAL,PWROCGINDNO00,2049,0.0
GLOBAL,PWROCGINDNO00,2050,0.0
GLOBAL,PWROCGBTNXX00,2023,0.0
GLOBAL,PWROCGBTNXX00,2024,0.0
GLOBAL,PWROCGBTNXX00,2025,0.0
GLOBAL,PWROCGBTNXX00,2026,0.0
GLOBAL,PWROCGBTNXX00,2027,0.0
GLOBAL,PWROCGBTNXX00,2028,0.0
GLOBAL,PWROCGBTNXX00,2029,0.0
GLOBAL,PWROCGBTNXX00,2030,0.0
GLOBAL,PWROCGBTNXX00,2031,0.0
GLOBAL,PWROCGBTNXX00,2032,0.0
GLOBAL,PWROCGBTNXX00,2033,0.0
GLOBAL,PWROCGBTNXX00,2034,0.0
GLOBAL,PWROCGBTNXX00,2035,0.0
GLOBAL,PWROCGBTNXX00,2036,0.0
GLOBAL,PWROCGBTNXX00,2037,0.0
GLOBAL,PWROCGBTNXX00,2038,0.0
GLOBAL,PWROCGBTNXX00,2039,0.0
GLOBAL,PWROCGBTNXX00,2040,0.0
GLOBAL,PWROCGBTNXX00,2041,0.0
GLOBAL,PWROCGBTNXX00,2042,0.0
GLOBAL,PWROCGBTNXX00,2043,0.0
GLOBAL,PWROCGBTNXX00,2044,0.0
GLOBAL,PWROCGBTNXX00,2045,0.0
GLOBAL,PWROCGBTNXX00,2046,0.0
GLOBAL,PWROCGBTNXX00,2047,0.0
GLOBAL,PWROCGBTNXX00,2048,0.0
GLOBAL,PWROCGBTNXX00,2049,0.0
GLOBAL,PWROCGBTNXX00,2050,0.0
GLOBAL,PWROCGLKAXX00,2023,0.0
GLOBAL,PWROCGLKAXX00,2024,0.0
GLOBAL,PWROCGLKAXX00,2025,0.0
GLOBAL,PWROCGLKAXX00,2026,0.0
GLOBAL,PWROCGLKAXX00,2027,0.0
GLOBAL,PWROCGLKAXX00,2028,0.0
GLOBAL,PWROCGLKAXX00,2029,0.0
GLOBAL,PWROCGLKAXX00,2030,0.0
GLOBAL,PWROCGLKAXX00,2031,0.0
GLOBAL,PWROCGLKAXX00,2032,0.0
GLOBAL,PWROCGLKAXX00,2033,0.0
GLOBAL,PWROCGLKAXX00,2034,0.0
GLOBAL,PWROCGLKAXX00,2035,0.0
GLOBAL,PWROCGLKAXX00,2036,0.0
GLOBAL,PWROCGLKAXX00,2037,0.0
GLOBAL,PWROCGLKAXX00,2038,0.0
GLOBAL,PWROCGLKAXX00,2039,0.0
GLOBAL,PWROCGLKAXX00,2040,0.0
GLOBAL,PWROCGLKAXX00,2041,0.0
GLOBAL,PWROCGLKAXX00,2042,0.0
GLOBAL,PWROCGLKAXX00,2043,0.0
GLOBAL,PWROCGLKAXX00,2044,0.0
GLOBAL,PWROCGLKAXX00,2045,0.0
GLOBAL,PWROCGLKAXX00,2046,0.0
GLOBAL,PWROCGLKAXX00,2047,0.0
GLOBAL,PWROCGLKAXX00,2048,0.0
GLOBAL,PWROCGLKAXX00,2049,0.0
GLOBAL,PWROCGLKAXX00,2050,0.0
GLOBAL,PWROCGINDNE00,2023,0.0
GLOBAL,PWROCGINDNE00,2024,0.0
GLOBAL,PWROCGINDNE00,2025,0.0
GLOBAL,PWROCGINDNE00,2026,0.0
GLOBAL,PWROCGINDNE00,2027,0.0
GLOBAL,PWROCGINDNE00,2028,0.0
GLOBAL,PWROCGINDNE00,2029,0.0
GLOBAL,PWROCGINDNE00,2030,0.0
GLOBAL,PWROCGINDNE00,2031,0.0
GLOBAL,PWROCGINDNE00,2032,0.0
GLOBAL,PWROCGINDNE00,2033,0.0
GLOBAL,PWROCGINDNE00,2034,0.0
GLOBAL,PWROCGINDNE00,2035,0.0
GLOBAL,PWROCGINDNE00,2036,0.0
GLOBAL,PWROCGINDNE00,2037,0.0
GLOBAL,PWROCGINDNE00,2038,0.0
GLOBAL,PWROCGINDNE00,2039,0.0
GLOBAL,PWROCGINDNE00,2040,0.0
GLOBAL,PWROCGINDNE00,2041,0.0
GLOBAL,PWROCGINDNE00,2042,0.0
GLOBAL,PWROCGINDNE00,2043,0.0
GLOBAL,PWROCGINDNE00,2044,0.0
GLOBAL,PWROCGINDNE00,2045,0.0
GLOBAL,PWROCGINDNE00,2046,0.0
GLOBAL,PWROCGINDNE00,2047,0.0
GLOBAL,PWROCGINDNE00,2048,0.0
GLOBAL,PWROCGINDNE00,2049,0.0
GLOBAL,PWROCGINDNE00,2050,0.0
GLOBAL,PWRCCGBTNXX00,2023,0.0
GLOBAL,PWRCCGBTNXX00,2024,0.0
GLOBAL,PWRCCGBTNXX00,2025,0.0
GLOBAL,PWRCCGBTNXX00,2026,0.0
GLOBAL,PWRCCGBTNXX00,2027,0.0
GLOBAL,PWRCCGBTNXX00,2028,0.0
GLOBAL,PWRCCGBTNXX00,2029,0.0
GLOBAL,PWRCCGBTNXX00,2030,0.0
GLOBAL,PWRCCGBTNXX00,2031,0.0
GLOBAL,PWRCCGBTNXX00,2032,0.0
GLOBAL,PWRCCGBTNXX00,2033,0.0
GLOBAL,PWRCCGBTNXX00,2034,0.0
GLOBAL,PWRCCGBTNXX00,2035,0.0
GLOBAL,PWRCCGBTNXX00,2036,0.0
GLOBAL,PWRCCGBTNXX00,2037,0.0
GLOBAL,PWRCCGBTNXX00,2038,0.0
GLOBAL,PWRCCGBTNXX00,2039,0.0
GLOBAL,PWRCCGBTNXX00,2040,0.0
GLOBAL,PWRCCGBTNXX00,2041,0.0
GLOBAL,PWRCCGBTNXX00,2042,0.0
GLOBAL,PWRCCGBTNXX00,2043,0.0
GLOBAL,PWRCCGBTNXX00,2044,0.0
GLOBAL,PWRCCGBTNXX00,2045,0.0
GLOBAL,PWRCCGBTNXX00,2046,0.0
GLOBAL,PWRCCGBTNXX00,2047,0.0
GLOBAL,PWRCCGBTNXX00,2048,0.0
GLOBAL,PWRCCGBTNXX00,2049,0.0
GLOBAL,PWRCCGBTNXX00,2050,0.0
GLOBAL,PWRWASINDSO01,2023,0.0
GLOBAL,PWRWASINDSO01,2024,0.0
GLOBAL,PWRWASINDSO01,2025,0.0
GLOBAL,PWRWASINDSO01,2026,0.0
GLOBAL,PWRWASINDSO01,2027,0.0
GLOBAL,PWRWASINDSO01,2028,0.0
GLOBAL,PWRWASINDSO01,2029,0.0
GLOBAL,PWRWASINDSO01,2030,0.0
GLOBAL,PWRWASINDSO01,2031,0.0
GLOBAL,PWRWASINDSO01,2032,0.0
GLOBAL,PWRWASINDSO01,2033,0.0
GLOBAL,PWRWASINDSO01,2034,0.0
GLOBAL,PWRWASINDSO01,2035,0.0
GLOBAL,PWRWASINDSO01,2036,0.0
GLOBAL,PWRWASINDSO01,2037,0.0
GLOBAL,PWRWASINDSO01,2038,0.0
GLOBAL,PWRWASINDSO01,2039,0.0
GLOBAL,PWRWASINDSO01,2040,0.0
GLOBAL,PWRWASINDSO01,2041,0.0
GLOBAL,PWRWASINDSO01,2042,0.0
GLOBAL,PWRWASINDSO01,2043,0.0
GLOBAL,PWRWASINDSO01,2044,0.0
GLOBAL,PWRWASINDSO01,2045,0.0
GLOBAL,PWRWASINDSO01,2046,0.0
GLOBAL,PWRWASINDSO01,2047,0.0
GLOBAL,PWRWASINDSO01,2048,0.0
GLOBAL,PWRWASINDSO01,2049,0.0
GLOBAL,PWRWASINDSO01,2050,0.0
GLOBAL,PWRCOGNPLXX01,2023,0.0
GLOBAL,PWRCOGNPLXX01,2024,0.0
GLOBAL,PWRCOGNPLXX01,2025,0.0
GLOBAL,PWRCOGNPLXX01,2026,0.0
GLOBAL,PWRCOGNPLXX01,2027,0.0
GLOBAL,PWRCOGNPLXX01,2028,0.0
GLOBAL,PWRCOGNPLXX01,2029,0.0
GLOBAL,PWRCOGNPLXX01,2030,0.0
GLOBAL,PWRCOGNPLXX01,2031,0.0
GLOBAL,PWRCOGNPLXX01,2032,0.0
GLOBAL,PWRCOGNPLXX01,2033,0.0
GLOBAL,PWRCOGNPLXX01,2034,0.0
GLOBAL,PWRCOGNPLXX01,2035,0.0
GLOBAL,PWRCOGNPLXX01,2036,0.0
GLOBAL,PWRCOGNPLXX01,2037,0.0
GLOBAL,PWRCOGNPLXX01,2038,0.0
GLOBAL,PWRCOGNPLXX01,2039,0.0
GLOBAL,PWRCOGNPLXX01,2040,0.0
GLOBAL,PWRCOGNPLXX01,2041,0.0
GLOBAL,PWRCOGNPLXX01,2042,0.0
GLOBAL,PWRCOGNPLXX01,2043,0.0
GLOBAL,PWRCOGNPLXX01,2044,0.0
GLOBAL,PWRCOGNPLXX01,2045,0.0
GLOBAL,PWRCOGNPLXX01,2046,0.0
GLOBAL,PWRCOGNPLXX01,2047,0.0
GLOBAL,PWRCOGNPLXX01,2048,0.0
GLOBAL,PWRCOGNPLXX01,2049,0.0
GLOBAL,PWRCOGNPLXX01,2050,0.0
GLOBAL,PWRWASNPLXX01,2023,0.0
GLOBAL,PWRWASNPLXX01,2024,0.0
GLOBAL,PWRWASNPLXX01,2025,0.0
GLOBAL,PWRWASNPLXX01,2026,0.0
GLOBAL,PWRWASNPLXX01,2027,0.0
GLOBAL,PWRWASNPLXX01,2028,0.0
GLOBAL,PWRWASNPLXX01,2029,0.0
GLOBAL,PWRWASNPLXX01,2030,0.0
GLOBAL,PWRWASNPLXX01,2031,0.0
GLOBAL,PWRWASNPLXX01,2032,0.0
GLOBAL,PWRWASNPLXX01,2033,0.0
GLOBAL,PWRWASNPLXX01,2034,0.0
GLOBAL,PWRWASNPLXX01,2035,0.0
GLOBAL,PWRWASNPLXX01,2036,0.0
GLOBAL,PWRWASNPLXX01,2037,0.0
GLOBAL,PWRWASNPLXX01,2038,0.0
GLOBAL,PWRWASNPLXX01,2039,0.0
GLOBAL,PWRWASNPLXX01,2040,0.0
GLOBAL,PWRWASNPLXX01,2041,0.0
GLOBAL,PWRWASNPLXX01,2042,0.0
GLOBAL,PWRWASNPLXX01,2043,0.0
GLOBAL,PWRWASNPLXX01,2044,0.0
GLOBAL,PWRWASNPLXX01,2045,0.0
GLOBAL,PWRWASNPLXX01,2046,0.0
GLOBAL,PWRWASNPLXX01,2047,0.0
GLOBAL,PWRWASNPLXX01,2048,0.0
GLOBAL,PWRWASNPLXX01,2049,0.0
GLOBAL,PWRWASNPLXX01,2050,0.0
GLOBAL,PWROTHINDNE01,2023,0.0
GLOBAL,PWROTHINDNE01,2024,0.0
GLOBAL,PWROTHINDNE01,2025,0.0
GLOBAL,PWROTHINDNE01,2026,0.0
GLOBAL,PWROTHINDNE01,2027,0.0
GLOBAL,PWROTHINDNE01,2028,0.0
GLOBAL,PWROTHINDNE01,2029,0.0
GLOBAL,PWROTHINDNE01,2030,0.0
GLOBAL,PWROTHINDNE01,2031,0.0
GLOBAL,PWROTHINDNE01,2032,0.0
GLOBAL,PWROTHINDNE01,2033,0.0
GLOBAL,PWROTHINDNE01,2034,0.0
GLOBAL,PWROTHINDNE01,2035,0.0
GLOBAL,PWROTHINDNE01,2036,0.0
GLOBAL,PWROTHINDNE01,2037,0.0
GLOBAL,PWROTHINDNE01,2038,0.0
GLOBAL,PWROTHINDNE01,2039,0.0
GLOBAL,PWROTHINDNE01,2040,0.0
GLOBAL,PWROTHINDNE01,2041,0.0
GLOBAL,PWROTHINDNE01,2042,0.0
GLOBAL,PWROTHINDNE01,2043,0.0
GLOBAL,PWROTHINDNE01,2044,0.0
GLOBAL,PWROTHINDNE01,2045,0.0
GLOBAL,PWROTHINDNE01,2046,0.0
GLOBAL,PWROTHINDNE01,2047,0.0
GLOBAL,PWROTHINDNE01,2048,0.0
GLOBAL,PWROTHINDNE01,2049,0.0
GLOBAL,PWROTHINDNE01,2050,0.0
GLOBAL,PWRBIOBTNXX01,2023,0.0
GLOBAL,PWRBIOBTNXX01,2024,0.0
GLOBAL,PWRBIOBTNXX01,2025,0.0
GLOBAL,PWRBIOBTNXX01,2026,0.0
GLOBAL,PWRBIOBTNXX01,2027,0.0
GLOBAL,PWRBIOBTNXX01,2028,0.0
GLOBAL,PWRBIOBTNXX01,2029,0.0
GLOBAL,PWRBIOBTNXX01,2030,0.0
GLOBAL,PWRBIOBTNXX01,2031,0.0
GLOBAL,PWRBIOBTNXX01,2032,0.0
GLOBAL,PWRBIOBTNXX01,2033,0.0
GLOBAL,PWRBIOBTNXX01,2034,0.0
GLOBAL,PWRBIOBTNXX01,2035,0.0
GLOBAL,PWRBIOBTNXX01,2036,0.0
GLOBAL,PWRBIOBTNXX01,2037,0.0
GLOBAL,PWRBIOBTNXX01,2038,0.0
GLOBAL,PWRBIOBTNXX01,2039,0.0
GLOBAL,PWRBIOBTNXX01,2040,0.0
GLOBAL,PWRBIOBTNXX01,2041,0.0
GLOBAL,PWRBIOBTNXX01,2042,0.0
GLOBAL,PWRBIOBTNXX01,2043,0.0
GLOBAL,PWRBIOBTNXX01,2044,0.0
GLOBAL,PWRBIOBTNXX01,2045,0.0
GLOBAL,PWRBIOBTNXX01,2046,0.0
GLOBAL,PWRBIOBTNXX01,2047,0.0
GLOBAL,PWRBIOBTNXX01,2048,0.0
GLOBAL,PWRBIOBTNXX01,2049,0.0
GLOBAL,PWRBIOBTNXX01,2050,0.0
GLOBAL,PWRGEOINDSO01,2023,0.0
GLOBAL,PWRGEOINDSO01,2024,0.0
GLOBAL,PWRGEOINDSO01,2025,0.0
GLOBAL,PWRGEOINDSO01,2026,0.0
GLOBAL,PWRGEOINDSO01,2027,0.0
GLOBAL,PWRGEOINDSO01,2028,0.0
GLOBAL,PWRGEOINDSO01,2029,0.0
GLOBAL,PWRGEOINDSO01,2030,0.0
GLOBAL,PWRGEOINDSO01,2031,0.0
GLOBAL,PWRGEOINDSO01,2032,0.0
GLOBAL,PWRGEOINDSO01,2033,0.0
GLOBAL,PWRGEOINDSO01,2034,0.0
GLOBAL,PWRGEOINDSO01,2035,0.0
GLOBAL,PWRGEOINDSO01,2036,0.0
GLOBAL,PWRGEOINDSO01,2037,0.0
GLOBAL,PWRGEOINDSO01,2038,0.0
GLOBAL,PWRGEOINDSO01,2039,0.0
GLOBAL,PWRGEOINDSO01,2040,0.0
GLOBAL,PWRGEOINDSO01,2041,0.0
GLOBAL,PWRGEOINDSO01,2042,0.0
GLOBAL,PWRGEOINDSO01,2043,0.0
GLOBAL,PWRGEOINDSO01,2044,0.0
GLOBAL,PWRGEOINDSO01,2045,0.0
GLOBAL,PWRGEOINDSO01,2046,0.0
GLOBAL,PWRGEOINDSO01,2047,0.0
GLOBAL,PWRGEOINDSO01,2048,0.0
GLOBAL,PWRGEOINDSO01,2049,0.0
GLOBAL,PWRGEOINDSO01,2050,0.0
GLOBAL,PWRPETBTNXX01,2023,0.0
GLOBAL,PWRPETBTNXX01,2024,0.0
GLOBAL,PWRPETBTNXX01,2025,0.0
GLOBAL,PWRPETBTNXX01,2026,0.0
GLOBAL,PWRPETBTNXX01,2027,0.0
GLOBAL,PWRPETBTNXX01,2028,0.0
GLOBAL,PWRPETBTNXX01,2029,0.0
GLOBAL,PWRPETBTNXX01,2030,0.0
GLOBAL,PWRPETBTNXX01,2031,0.0
GLOBAL,PWRPETBTNXX01,2032,0.0
GLOBAL,PWRPETBTNXX01,2033,0.0
GLOBAL,PWRPETBTNXX01,2034,0.0
GLOBAL,PWRPETBTNXX01,2035,0.0
GLOBAL,PWRPETBTNXX01,2036,0.0
GLOBAL,PWRPETBTNXX01,2037,0.0
GLOBAL,PWRPETBTNXX01,2038,0.0
GLOBAL,PWRPETBTNXX01,2039,0.0
GLOBAL,PWRPETBTNXX01,2040,0.0
GLOBAL,PWRPETBTNXX01,2041,0.0
GLOBAL,PWRPETBTNXX01,2042,0.0
GLOBAL,PWRPETBTNXX01,2043,0.0
GLOBAL,PWRPETBTNXX01,2044,0.0
GLOBAL,PWRPETBTNXX01,2045,0.0
GLOBAL,PWRPETBTNXX01,2046,0.0
GLOBAL,PWRPETBTNXX01,2047,0.0
GLOBAL,PWRPETBTNXX01,2048,0.0
GLOBAL,PWRPETBTNXX01,2049,0.0
GLOBAL,PWRPETBTNXX01,2050,0.0
GLOBAL,PWRURNNPLXX01,2023,0.0
GLOBAL,PWRURNNPLXX01,2024,0.0
GLOBAL,PWRURNNPLXX01,2025,0.0
GLOBAL,PWRURNNPLXX01,2026,0.0
GLOBAL,PWRURNNPLXX01,2027,0.0
GLOBAL,PWRURNNPLXX01,2028,0.0
GLOBAL,PWRURNNPLXX01,2029,0.0
GLOBAL,PWRURNNPLXX01,2030,0.0
GLOBAL,PWRURNNPLXX01,2031,0.0
GLOBAL,PWRURNNPLXX01,2032,0.0
GLOBAL,PWRURNNPLXX01,2033,0.0
GLOBAL,PWRURNNPLXX01,2034,0.0
GLOBAL,PWRURNNPLXX01,2035,0.0
GLOBAL,PWRURNNPLXX01,2036,0.0
GLOBAL,PWRURNNPLXX01,2037,0.0
GLOBAL,PWRURNNPLXX01,2038,0.0
GLOBAL,PWRURNNPLXX01,2039,0.0
GLOBAL,PWRURNNPLXX01,2040,0.0
GLOBAL,PWRURNNPLXX01,2041,0.0
GLOBAL,PWRURNNPLXX01,2042,0.0
GLOBAL,PWRURNNPLXX01,2043,0.0
GLOBAL,PWRURNNPLXX01,2044,0.0
GLOBAL,PWRURNNPLXX01,2045,0.0
GLOBAL,PWRURNNPLXX01,2046,0.0
GLOBAL,PWRURNNPLXX01,2047,0.0
GLOBAL,PWRURNNPLXX01,2048,0.0
GLOBAL,PWRURNNPLXX01,2049,0.0
GLOBAL,PWRURNNPLXX01,2050,0.0
GLOBAL,PWROTHBGDXX01,2023,0.0
GLOBAL,PWROTHBGDXX01,2024,0.0
GLOBAL,PWROTHBGDXX01,2025,0.0
GLOBAL,PWROTHBGDXX01,2026,0.0
GLOBAL,PWROTHBGDXX01,2027,0.0
GLOBAL,PWROTHBGDXX01,2028,0.0
GLOBAL,PWROTHBGDXX01,2029,0.0
GLOBAL,PWROTHBGDXX01,2030,0.0
GLOBAL,PWROTHBGDXX01,2031,0.0
GLOBAL,PWROTHBGDXX01,2032,0.0
GLOBAL,PWROTHBGDXX01,2033,0.0
GLOBAL,PWROTHBGDXX01,2034,0.0
GLOBAL,PWROTHBGDXX01,2035,0.0
GLOBAL,PWROTHBGDXX01,2036,0.0
GLOBAL,PWROTHBGDXX01,2037,0.0
GLOBAL,PWROTHBGDXX01,2038,0.0
GLOBAL,PWROTHBGDXX01,2039,0.0
GLOBAL,PWROTHBGDXX01,2040,0.0
GLOBAL,PWROTHBGDXX01,2041,0.0
GLOBAL,PWROTHBGDXX01,2042,0.0
GLOBAL,PWROTHBGDXX01,2043,0.0
GLOBAL,PWROTHBGDXX01,2044,0.0
GLOBAL,PWROTHBGDXX01,2045,0.0
GLOBAL,PWROTHBGDXX01,2046,0.0
GLOBAL,PWROTHBGDXX01,2047,0.0
GLOBAL,PWROTHBGDXX01,2048,0.0
GLOBAL,PWROTHBGDXX01,2049,0.0
GLOBAL,PWROTHBGDXX01,2050,0.0
GLOBAL,PWRWASINDNO01,2023,0.0
GLOBAL,PWRWASINDNO01,2024,0.0
GLOBAL,PWRWASINDNO01,2025,0.0
GLOBAL,PWRWASINDNO01,2026,0.0
GLOBAL,PWRWASINDNO01,2027,0.0
GLOBAL,PWRWASINDNO01,2028,0.0
GLOBAL,PWRWASINDNO01,2029,0.0
GLOBAL,PWRWASINDNO01,2030,0.0
GLOBAL,PWRWASINDNO01,2031,0.0
GLOBAL,PWRWASINDNO01,2032,0.0
GLOBAL,PWRWASINDNO01,2033,0.0
GLOBAL,PWRWASINDNO01,2034,0.0
GLOBAL,PWRWASINDNO01,2035,0.0
GLOBAL,PWRWASINDNO01,2036,0.0
GLOBAL,PWRWASINDNO01,2037,0.0
GLOBAL,PWRWASINDNO01,2038,0.0
GLOBAL,PWRWASINDNO01,2039,0.0
GLOBAL,PWRWASINDNO01,2040,0.0
GLOBAL,PWRWASINDNO01,2041,0.0
GLOBAL,PWRWASINDNO01,2042,0.0
GLOBAL,PWRWASINDNO01,2043,0.0
GLOBAL,PWRWASINDNO01,2044,0.0
GLOBAL,PWRWASINDNO01,2045,0.0
GLOBAL,PWRWASINDNO01,2046,0.0
GLOBAL,PWRWASINDNO01,2047,0.0
GLOBAL,PWRWASINDNO01,2048,0.0
GLOBAL,PWRWASINDNO01,2049,0.0
GLOBAL,PWRWASINDNO01,2050,0.0
GLOBAL,PWRCSPINDNE01,2023,0.0
GLOBAL,PWRCSPINDNE01,2024,0.0
GLOBAL,PWRCSPINDNE01,2025,0.0
GLOBAL,PWRCSPINDNE01,2026,0.0
GLOBAL,PWRCSPINDNE01,2027,0.0
GLOBAL,PWRCSPINDNE01,2028,0.0
GLOBAL,PWRCSPINDNE01,2029,0.0
GLOBAL,PWRCSPINDNE01,2030,0.0
GLOBAL,PWRCSPINDNE01,2031,0.0
GLOBAL,PWRCSPINDNE01,2032,0.0
GLOBAL,PWRCSPINDNE01,2033,0.0
GLOBAL,PWRCSPINDNE01,2034,0.0
GLOBAL,PWRCSPINDNE01,2035,0.0
GLOBAL,PWRCSPINDNE01,2036,0.0
GLOBAL,PWRCSPINDNE01,2037,0.0
GLOBAL,PWRCSPINDNE01,2038,0.0
GLOBAL,PWRCSPINDNE01,2039,0.0
GLOBAL,PWRCSPINDNE01,2040,0.0
GLOBAL,PWRCSPINDNE01,2041,0.0
GLOBAL,PWRCSPINDNE01,2042,0.0
GLOBAL,PWRCSPINDNE01,2043,0.0
GLOBAL,PWRCSPINDNE01,2044,0.0
GLOBAL,PWRCSPINDNE01,2045,0.0
GLOBAL,PWRCSPINDNE01,2046,0.0
GLOBAL,PWRCSPINDNE01,2047,0.0
GLOBAL,PWRCSPINDNE01,2048,0.0
GLOBAL,PWRCSPINDNE01,2049,0.0
GLOBAL,PWRCSPINDNE01,2050,0.0
GLOBAL,PWRWASINDNE01,2023,0.0
GLOBAL,PWRWASINDNE01,2024,0.0
GLOBAL,PWRWASINDNE01,2025,0.0
GLOBAL,PWRWASINDNE01,2026,0.0
GLOBAL,PWRWASINDNE01,2027,0.0
GLOBAL,PWRWASINDNE01,2028,0.0
GLOBAL,PWRWASINDNE01,2029,0.0
GLOBAL,PWRWASINDNE01,2030,0.0
GLOBAL,PWRWASINDNE01,2031,0.0
GLOBAL,PWRWASINDNE01,2032,0.0
GLOBAL,PWRWASINDNE01,2033,0.0
GLOBAL,PWRWASINDNE01,2034,0.0
GLOBAL,PWRWASINDNE01,2035,0.0
GLOBAL,PWRWASINDNE01,2036,0.0
GLOBAL,PWRWASINDNE01,2037,0.0
GLOBAL,PWRWASINDNE01,2038,0.0
GLOBAL,PWRWASINDNE01,2039,0.0
GLOBAL,PWRWASINDNE01,2040,0.0
GLOBAL,PWRWASINDNE01,2041,0.0
GLOBAL,PWRWASINDNE01,2042,0.0
GLOBAL,PWRWASINDNE01,2043,0.0
GLOBAL,PWRWASINDNE01,2044,0.0
GLOBAL,PWRWASINDNE01,2045,0.0
GLOBAL,PWRWASINDNE01,2046,0.0
GLOBAL,PWRWASINDNE01,2047,0.0
GLOBAL,PWRWASINDNE01,2048,0.0
GLOBAL,PWRWASINDNE01,2049,0.0
GLOBAL,PWRWASINDNE01,2050,0.0
GLOBAL,PWRPETINDSO01,2023,0.0
GLOBAL,PWRPETINDSO01,2024,0.0
GLOBAL,PWRPETINDSO01,2025,0.0
GLOBAL,PWRPETINDSO01,2026,0.0
GLOBAL,PWRPETINDSO01,2027,0.0
GLOBAL,PWRPETINDSO01,2028,0.0
GLOBAL,PWRPETINDSO01,2029,0.0
GLOBAL,PWRPETINDSO01,2030,0.0
GLOBAL,PWRPETINDSO01,2031,0.0
GLOBAL,PWRPETINDSO01,2032,0.0
GLOBAL,PWRPETINDSO01,2033,0.0
GLOBAL,PWRPETINDSO01,2034,0.0
GLOBAL,PWRPETINDSO01,2035,0.0
GLOBAL,PWRPETINDSO01,2036,0.0
GLOBAL,PWRPETINDSO01,2037,0.0
GLOBAL,PWRPETINDSO01,2038,0.0
GLOBAL,PWRPETINDSO01,2039,0.0
GLOBAL,PWRPETINDSO01,2040,0.0
GLOBAL,PWRPETINDSO01,2041,0.0
GLOBAL,PWRPETINDSO01,2042,0.0
GLOBAL,PWRPETINDSO01,2043,0.0
GLOBAL,PWRPETINDSO01,2044,0.0
GLOBAL,PWRPETINDSO01,2045,0.0
GLOBAL,PWRPETINDSO01,2046,0.0
GLOBAL,PWRPETINDSO01,2047,0.0
GLOBAL,PWRPETINDSO01,2048,0.0
GLOBAL,PWRPETINDSO01,2049,0.0
GLOBAL,PWRPETINDSO01,2050,0.0
GLOBAL,PWRWAVINDNO01,2023,0.0
GLOBAL,PWRWAVINDNO01,2024,0.0
GLOBAL,PWRWAVINDNO01,2025,0.0
GLOBAL,PWRWAVINDNO01,2026,0.0
GLOBAL,PWRWAVINDNO01,2027,0.0
GLOBAL,PWRWAVINDNO01,2028,0.0
GLOBAL,PWRWAVINDNO01,2029,0.0
GLOBAL,PWRWAVINDNO01,2030,0.0
GLOBAL,PWRWAVINDNO01,2031,0.0
GLOBAL,PWRWAVINDNO01,2032,0.0
GLOBAL,PWRWAVINDNO01,2033,0.0
GLOBAL,PWRWAVINDNO01,2034,0.0
GLOBAL,PWRWAVINDNO01,2035,0.0
GLOBAL,PWRWAVINDNO01,2036,0.0
GLOBAL,PWRWAVINDNO01,2037,0.0
GLOBAL,PWRWAVINDNO01,2038,0.0
GLOBAL,PWRWAVINDNO01,2039,0.0
GLOBAL,PWRWAVINDNO01,2040,0.0
GLOBAL,PWRWAVINDNO01,2041,0.0
GLOBAL,PWRWAVINDNO01,2042,0.0
GLOBAL,PWRWAVINDNO01,2043,0.0
GLOBAL,PWRWAVINDNO01,2044,0.0
GLOBAL,PWRWAVINDNO01,2045,0.0
GLOBAL,PWRWAVINDNO01,2046,0.0
GLOBAL,PWRWAVINDNO01,2047,0.0
GLOBAL,PWRWAVINDNO01,2048,0.0
GLOBAL,PWRWAVINDNO01,2049,0.0
GLOBAL,PWRWAVINDNO01,2050,0.0
GLOBAL,PWRBIOBGDXX01,2023,0.0
GLOBAL,PWRBIOBGDXX01,2024,0.0
GLOBAL,PWRBIOBGDXX01,2025,0.0
GLOBAL,PWRBIOBGDXX01,2026,0.0
GLOBAL,PWRBIOBGDXX01,2027,0.0
GLOBAL,PWRBIOBGDXX01,2028,0.0
GLOBAL,PWRBIOBGDXX01,2029,0.0
GLOBAL,PWRBIOBGDXX01,2030,0.0
GLOBAL,PWRBIOBGDXX01,2031,0.0
GLOBAL,PWRBIOBGDXX01,2032,0.0
GLOBAL,PWRBIOBGDXX01,2033,0.0
GLOBAL,PWRBIOBGDXX01,2034,0.0
GLOBAL,PWRBIOBGDXX01,2035,0.0
GLOBAL,PWRBIOBGDXX01,2036,0.0
GLOBAL,PWRBIOBGDXX01,2037,0.0
GLOBAL,PWRBIOBGDXX01,2038,0.0
GLOBAL,PWRBIOBGDXX01,2039,0.0
GLOBAL,PWRBIOBGDXX01,2040,0.0
GLOBAL,PWRBIOBGDXX01,2041,0.0
GLOBAL,PWRBIOBGDXX01,2042,0.0
GLOBAL,PWRBIOBGDXX01,2043,0.0
GLOBAL,PWRBIOBGDXX01,2044,0.0
GLOBAL,PWRBIOBGDXX01,2045,0.0
GLOBAL,PWRBIOBGDXX01,2046,0.0
GLOBAL,PWRBIOBGDXX01,2047,0.0
GLOBAL,PWRBIOBGDXX01,2048,0.0
GLOBAL,PWRBIOBGDXX01,2049,0.0
GLOBAL,PWRBIOBGDXX01,2050,0.0
GLOBAL,PWRGEOINDNO01,2023,0.0
GLOBAL,PWRGEOINDNO01,2024,0.0
GLOBAL,PWRGEOINDNO01,2025,0.0
GLOBAL,PWRGEOINDNO01,2026,0.0
GLOBAL,PWRGEOINDNO01,2027,0.0
GLOBAL,PWRGEOINDNO01,2028,0.0
GLOBAL,PWRGEOINDNO01,2029,0.0
GLOBAL,PWRGEOINDNO01,2030,0.0
GLOBAL,PWRGEOINDNO01,2031,0.0
GLOBAL,PWRGEOINDNO01,2032,0.0
GLOBAL,PWRGEOINDNO01,2033,0.0
GLOBAL,PWRGEOINDNO01,2034,0.0
GLOBAL,PWRGEOINDNO01,2035,0.0
GLOBAL,PWRGEOINDNO01,2036,0.0
GLOBAL,PWRGEOINDNO01,2037,0.0
GLOBAL,PWRGEOINDNO01,2038,0.0
GLOBAL,PWRGEOINDNO01,2039,0.0
GLOBAL,PWRGEOINDNO01,2040,0.0
GLOBAL,PWRGEOINDNO01,2041,0.0
GLOBAL,PWRGEOINDNO01,2042,0.0
GLOBAL,PWRGEOINDNO01,2043,0.0
GLOBAL,PWRGEOINDNO01,2044,0.0
GLOBAL,PWRGEOINDNO01,2045,0.0
GLOBAL,PWRGEOINDNO01,2046,0.0
GLOBAL,PWRGEOINDNO01,2047,0.0
GLOBAL,PWRGEOINDNO01,2048,0.0
GLOBAL,PWRGEOINDNO01,2049,0.0
GLOBAL,PWRGEOINDNO01,2050,0.0
GLOBAL,PWRCSPNPLXX01,2023,0.0
GLOBAL,PWRCSPNPLXX01,2024,0.0
GLOBAL,PWRCSPNPLXX01,2025,0.0
GLOBAL,PWRCSPNPLXX01,2026,0.0
GLOBAL,PWRCSPNPLXX01,2027,0.0
GLOBAL,PWRCSPNPLXX01,2028,0.0
GLOBAL,PWRCSPNPLXX01,2029,0.0
GLOBAL,PWRCSPNPLXX01,2030,0.0
GLOBAL,PWRCSPNPLXX01,2031,0.0
GLOBAL,PWRCSPNPLXX01,2032,0.0
GLOBAL,PWRCSPNPLXX01,2033,0.0
GLOBAL,PWRCSPNPLXX01,2034,0.0
GLOBAL,PWRCSPNPLXX01,2035,0.0
GLOBAL,PWRCSPNPLXX01,2036,0.0
GLOBAL,PWRCSPNPLXX01,2037,0.0
GLOBAL,PWRCSPNPLXX01,2038,0.0
GLOBAL,PWRCSPNPLXX01,2039,0.0
GLOBAL,PWRCSPNPLXX01,2040,0.0
GLOBAL,PWRCSPNPLXX01,2041,0.0
GLOBAL,PWRCSPNPLXX01,2042,0.0
GLOBAL,PWRCSPNPLXX01,2043,0.0
GLOBAL,PWRCSPNPLXX01,2044,0.0
GLOBAL,PWRCSPNPLXX01,2045,0.0
GLOBAL,PWRCSPNPLXX01,2046,0.0
GLOBAL,PWRCSPNPLXX01,2047,0.0
GLOBAL,PWRCSPNPLXX01,2048,0.0
GLOBAL,PWRCSPNPLXX01,2049,0.0
GLOBAL,PWRCSPNPLXX01,2050,0.0
GLOBAL,PWROTHINDNO01,2023,0.0
GLOBAL,PWROTHINDNO01,2024,0.0
GLOBAL,PWROTHINDNO01,2025,0.0
GLOBAL,PWROTHINDNO01,2026,0.0
GLOBAL,PWROTHINDNO01,2027,0.0
GLOBAL,PWROTHINDNO01,2028,0.0
GLOBAL,PWROTHINDNO01,2029,0.0
GLOBAL,PWROTHINDNO01,2030,0.0
GLOBAL,PWROTHINDNO01,2031,0.0
GLOBAL,PWROTHINDNO01,2032,0.0
GLOBAL,PWROTHINDNO01,2033,0.0
GLOBAL,PWROTHINDNO01,2034,0.0
GLOBAL,PWROTHINDNO01,2035,0.0
GLOBAL,PWROTHINDNO01,2036,0.0
GLOBAL,PWROTHINDNO01,2037,0.0
GLOBAL,PWROTHINDNO01,2038,0.0
GLOBAL,PWROTHINDNO01,2039,0.0
GLOBAL,PWROTHINDNO01,2040,0.0
GLOBAL,PWROTHINDNO01,2041,0.0
GLOBAL,PWROTHINDNO01,2042,0.0
GLOBAL,PWROTHINDNO01,2043,0.0
GLOBAL,PWROTHINDNO01,2044,0.0
GLOBAL,PWROTHINDNO01,2045,0.0
GLOBAL,PWROTHINDNO01,2046,0.0
GLOBAL,PWROTHINDNO01,2047,0.0
GLOBAL,PWROTHINDNO01,2048,0.0
GLOBAL,PWROTHINDNO01,2049,0.0
GLOBAL,PWROTHINDNO01,2050,0.0
GLOBAL,PWRWAVINDEA01,2023,0.0
GLOBAL,PWRWAVINDEA01,2024,0.0
GLOBAL,PWRWAVINDEA01,2025,0.0
GLOBAL,PWRWAVINDEA01,2026,0.0
GLOBAL,PWRWAVINDEA01,2027,0.0
GLOBAL,PWRWAVINDEA01,2028,0.0
GLOBAL,PWRWAVINDEA01,2029,0.0
GLOBAL,PWRWAVINDEA01,2030,0.0
GLOBAL,PWRWAVINDEA01,2031,0.0
GLOBAL,PWRWAVINDEA01,2032,0.0
GLOBAL,PWRWAVINDEA01,2033,0.0
GLOBAL,PWRWAVINDEA01,2034,0.0
GLOBAL,PWRWAVINDEA01,2035,0.0
GLOBAL,PWRWAVINDEA01,2036,0.0
GLOBAL,PWRWAVINDEA01,2037,0.0
GLOBAL,PWRWAVINDEA01,2038,0.0
GLOBAL,PWRWAVINDEA01,2039,0.0
GLOBAL,PWRWAVINDEA01,2040,0.0
GLOBAL,PWRWAVINDEA01,2041,0.0
GLOBAL,PWRWAVINDEA01,2042,0.0
GLOBAL,PWRWAVINDEA01,2043,0.0
GLOBAL,PWRWAVINDEA01,2044,0.0
GLOBAL,PWRWAVINDEA01,2045,0.0
GLOBAL,PWRWAVINDEA01,2046,0.0
GLOBAL,PWRWAVINDEA01,2047,0.0
GLOBAL,PWRWAVINDEA01,2048,0.0
GLOBAL,PWRWAVINDEA01,2049,0.0
GLOBAL,PWRWAVINDEA01,2050,0.0
GLOBAL,PWRPETBGDXX01,2023,0.0
GLOBAL,PWRPETBGDXX01,2024,0.0
GLOBAL,PWRPETBGDXX01,2025,0.0
GLOBAL,PWRPETBGDXX01,2026,0.0
GLOBAL,PWRPETBGDXX01,2027,0.0
GLOBAL,PWRPETBGDXX01,2028,0.0
GLOBAL,PWRPETBGDXX01,2029,0.0
GLOBAL,PWRPETBGDXX01,2030,0.0
GLOBAL,PWRPETBGDXX01,2031,0.0
GLOBAL,PWRPETBGDXX01,2032,0.0
GLOBAL,PWRPETBGDXX01,2033,0.0
GLOBAL,PWRPETBGDXX01,2034,0.0
GLOBAL,PWRPETBGDXX01,2035,0.0
GLOBAL,PWRPETBGDXX01,2036,0.0
GLOBAL,PWRPETBGDXX01,2037,0.0
GLOBAL,PWRPETBGDXX01,2038,0.0
GLOBAL,PWRPETBGDXX01,2039,0.0
GLOBAL,PWRPETBGDXX01,2040,0.0
GLOBAL,PWRPETBGDXX01,2041,0.0
GLOBAL,PWRPETBGDXX01,2042,0.0
GLOBAL,PWRPETBGDXX01,2043,0.0
GLOBAL,PWRPETBGDXX01,2044,0.0
GLOBAL,PWRPETBGDXX01,2045,0.0
GLOBAL,PWRPETBGDXX01,2046,0.0
GLOBAL,PWRPETBGDXX01,2047,0.0
GLOBAL,PWRPETBGDXX01,2048,0.0
GLOBAL,PWRPETBGDXX01,2049,0.0
GLOBAL,PWRPETBGDXX01,2050,0.0
GLOBAL,PWRURNINDNE01,2023,0.0
GLOBAL,PWRURNINDNE01,2024,0.0
GLOBAL,PWRURNINDNE01,2025,0.0
GLOBAL,PWRURNINDNE01,2026,0.0
GLOBAL,PWRURNINDNE01,2027,0.0
GLOBAL,PWRURNINDNE01,2028,0.0
GLOBAL,PWRURNINDNE01,2029,0.0
GLOBAL,PWRURNINDNE01,2030,0.0
GLOBAL,PWRURNINDNE01,2031,0.0
GLOBAL,PWRURNINDNE01,2032,0.0
GLOBAL,PWRURNINDNE01,2033,0.0
GLOBAL,PWRURNINDNE01,2034,0.0
GLOBAL,PWRURNINDNE01,2035,0.0
GLOBAL,PWRURNINDNE01,2036,0.0
GLOBAL,PWRURNINDNE01,2037,0.0
GLOBAL,PWRURNINDNE01,2038,0.0
GLOBAL,PWRURNINDNE01,2039,0.0
GLOBAL,PWRURNINDNE01,2040,0.0
GLOBAL,PWRURNINDNE01,2041,0.0
GLOBAL,PWRURNINDNE01,2042,0.0
GLOBAL,PWRURNINDNE01,2043,0.0
GLOBAL,PWRURNINDNE01,2044,0.0
GLOBAL,PWRURNINDNE01,2045,0.0
GLOBAL,PWRURNINDNE01,2046,0.0
GLOBAL,PWRURNINDNE01,2047,0.0
GLOBAL,PWRURNINDNE01,2048,0.0
GLOBAL,PWRURNINDNE01,2049,0.0
GLOBAL,PWRURNINDNE01,2050,0.0
GLOBAL,PWRCSPBTNXX01,2023,0.0
GLOBAL,PWRCSPBTNXX01,2024,0.0
GLOBAL,PWRCSPBTNXX01,2025,0.0
GLOBAL,PWRCSPBTNXX01,2026,0.0
GLOBAL,PWRCSPBTNXX01,2027,0.0
GLOBAL,PWRCSPBTNXX01,2028,0.0
GLOBAL,PWRCSPBTNXX01,2029,0.0
GLOBAL,PWRCSPBTNXX01,2030,0.0
GLOBAL,PWRCSPBTNXX01,2031,0.0
GLOBAL,PWRCSPBTNXX01,2032,0.0
GLOBAL,PWRCSPBTNXX01,2033,0.0
GLOBAL,PWRCSPBTNXX01,2034,0.0
GLOBAL,PWRCSPBTNXX01,2035,0.0
GLOBAL,PWRCSPBTNXX01,2036,0.0
GLOBAL,PWRCSPBTNXX01,2037,0.0
GLOBAL,PWRCSPBTNXX01,2038,0.0
GLOBAL,PWRCSPBTNXX01,2039,0.0
GLOBAL,PWRCSPBTNXX01,2040,0.0
GLOBAL,PWRCSPBTNXX01,2041,0.0
GLOBAL,PWRCSPBTNXX01,2042,0.0
GLOBAL,PWRCSPBTNXX01,2043,0.0
GLOBAL,PWRCSPBTNXX01,2044,0.0
GLOBAL,PWRCSPBTNXX01,2045,0.0
GLOBAL,PWRCSPBTNXX01,2046,0.0
GLOBAL,PWRCSPBTNXX01,2047,0.0
GLOBAL,PWRCSPBTNXX01,2048,0.0
GLOBAL,PWRCSPBTNXX01,2049,0.0
GLOBAL,PWRCSPBTNXX01,2050,0.0
GLOBAL,PWRBIOINDSO01,2023,0.0
GLOBAL,PWRBIOINDSO01,2024,0.0
GLOBAL,PWRBIOINDSO01,2025,0.0
GLOBAL,PWRBIOINDSO01,2026,0.0
GLOBAL,PWRBIOINDSO01,2027,0.0
GLOBAL,PWRBIOINDSO01,2028,0.0
GLOBAL,PWRBIOINDSO01,2029,0.0
GLOBAL,PWRBIOINDSO01,2030,0.0
GLOBAL,PWRBIOINDSO01,2031,0.0
GLOBAL,PWRBIOINDSO01,2032,0.0
GLOBAL,PWRBIOINDSO01,2033,0.0
GLOBAL,PWRBIOINDSO01,2034,0.0
GLOBAL,PWRBIOINDSO01,2035,0.0
GLOBAL,PWRBIOINDSO01,2036,0.0
GLOBAL,PWRBIOINDSO01,2037,0.0
GLOBAL,PWRBIOINDSO01,2038,0.0
GLOBAL,PWRBIOINDSO01,2039,0.0
GLOBAL,PWRBIOINDSO01,2040,0.0
GLOBAL,PWRBIOINDSO01,2041,0.0
GLOBAL,PWRBIOINDSO01,2042,0.0
GLOBAL,PWRBIOINDSO01,2043,0.0
GLOBAL,PWRBIOINDSO01,2044,0.0
GLOBAL,PWRBIOINDSO01,2045,0.0
GLOBAL,PWRBIOINDSO01,2046,0.0
GLOBAL,PWRBIOINDSO01,2047,0.0
GLOBAL,PWRBIOINDSO01,2048,0.0
GLOBAL,PWRBIOINDSO01,2049,0.0
GLOBAL,PWRBIOINDSO01,2050,0.0
GLOBAL,PWRURNINDNO01,2023,0.0
GLOBAL,PWRURNINDNO01,2024,0.0
GLOBAL,PWRURNINDNO01,2025,0.0
GLOBAL,PWRURNINDNO01,2026,0.0
GLOBAL,PWRURNINDNO01,2027,0.0
GLOBAL,PWRURNINDNO01,2028,0.0
GLOBAL,PWRURNINDNO01,2029,0.0
GLOBAL,PWRURNINDNO01,2030,0.0
GLOBAL,PWRURNINDNO01,2031,0.0
GLOBAL,PWRURNINDNO01,2032,0.0
GLOBAL,PWRURNINDNO01,2033,0.0
GLOBAL,PWRURNINDNO01,2034,0.0
GLOBAL,PWRURNINDNO01,2035,0.0
GLOBAL,PWRURNINDNO01,2036,0.0
GLOBAL,PWRURNINDNO01,2037,0.0
GLOBAL,PWRURNINDNO01,2038,0.0
GLOBAL,PWRURNINDNO01,2039,0.0
GLOBAL,PWRURNINDNO01,2040,0.0
GLOBAL,PWRURNINDNO01,2041,0.0
GLOBAL,PWRURNINDNO01,2042,0.0
GLOBAL,PWRURNINDNO01,2043,0.0
GLOBAL,PWRURNINDNO01,2044,0.0
GLOBAL,PWRURNINDNO01,2045,0.0
GLOBAL,PWRURNINDNO01,2046,0.0
GLOBAL,PWRURNINDNO01,2047,0.0
GLOBAL,PWRURNINDNO01,2048,0.0
GLOBAL,PWRURNINDNO01,2049,0.0
GLOBAL,PWRURNINDNO01,2050,0.0
GLOBAL,PWRGEONPLXX01,2023,0.0
GLOBAL,PWRGEONPLXX01,2024,0.0
GLOBAL,PWRGEONPLXX01,2025,0.0
GLOBAL,PWRGEONPLXX01,2026,0.0
GLOBAL,PWRGEONPLXX01,2027,0.0
GLOBAL,PWRGEONPLXX01,2028,0.0
GLOBAL,PWRGEONPLXX01,2029,0.0
GLOBAL,PWRGEONPLXX01,2030,0.0
GLOBAL,PWRGEONPLXX01,2031,0.0
GLOBAL,PWRGEONPLXX01,2032,0.0
GLOBAL,PWRGEONPLXX01,2033,0.0
GLOBAL,PWRGEONPLXX01,2034,0.0
GLOBAL,PWRGEONPLXX01,2035,0.0
GLOBAL,PWRGEONPLXX01,2036,0.0
GLOBAL,PWRGEONPLXX01,2037,0.0
GLOBAL,PWRGEONPLXX01,2038,0.0
GLOBAL,PWRGEONPLXX01,2039,0.0
GLOBAL,PWRGEONPLXX01,2040,0.0
GLOBAL,PWRGEONPLXX01,2041,0.0
GLOBAL,PWRGEONPLXX01,2042,0.0
GLOBAL,PWRGEONPLXX01,2043,0.0
GLOBAL,PWRGEONPLXX01,2044,0.0
GLOBAL,PWRGEONPLXX01,2045,0.0
GLOBAL,PWRGEONPLXX01,2046,0.0
GLOBAL,PWRGEONPLXX01,2047,0.0
GLOBAL,PWRGEONPLXX01,2048,0.0
GLOBAL,PWRGEONPLXX01,2049,0.0
GLOBAL,PWRGEONPLXX01,2050,0.0
GLOBAL,PWRCSPINDNO01,2023,0.0
GLOBAL,PWRCSPINDNO01,2024,0.0
GLOBAL,PWRCSPINDNO01,2025,0.0
GLOBAL,PWRCSPINDNO01,2026,0.0
GLOBAL,PWRCSPINDNO01,2027,0.0
GLOBAL,PWRCSPINDNO01,2028,0.0
GLOBAL,PWRCSPINDNO01,2029,0.0
GLOBAL,PWRCSPINDNO01,2030,0.0
GLOBAL,PWRCSPINDNO01,2031,0.0
GLOBAL,PWRCSPINDNO01,2032,0.0
GLOBAL,PWRCSPINDNO01,2033,0.0
GLOBAL,PWRCSPINDNO01,2034,0.0
GLOBAL,PWRCSPINDNO01,2035,0.0
GLOBAL,PWRCSPINDNO01,2036,0.0
GLOBAL,PWRCSPINDNO01,2037,0.0
GLOBAL,PWRCSPINDNO01,2038,0.0
GLOBAL,PWRCSPINDNO01,2039,0.0
GLOBAL,PWRCSPINDNO01,2040,0.0
GLOBAL,PWRCSPINDNO01,2041,0.0
GLOBAL,PWRCSPINDNO01,2042,0.0
GLOBAL,PWRCSPINDNO01,2043,0.0
GLOBAL,PWRCSPINDNO01,2044,0.0
GLOBAL,PWRCSPINDNO01,2045,0.0
GLOBAL,PWRCSPINDNO01,2046,0.0
GLOBAL,PWRCSPINDNO01,2047,0.0
GLOBAL,PWRCSPINDNO01,2048,0.0
GLOBAL,PWRCSPINDNO01,2049,0.0
GLOBAL,PWRCSPINDNO01,2050,0.0
GLOBAL,PWRWAVINDNE01,2023,0.0
GLOBAL,PWRWAVINDNE01,2024,0.0
GLOBAL,PWRWAVINDNE01,2025,0.0
GLOBAL,PWRWAVINDNE01,2026,0.0
GLOBAL,PWRWAVINDNE01,2027,0.0
GLOBAL,PWRWAVINDNE01,2028,0.0
GLOBAL,PWRWAVINDNE01,2029,0.0
GLOBAL,PWRWAVINDNE01,2030,0.0
GLOBAL,PWRWAVINDNE01,2031,0.0
GLOBAL,PWRWAVINDNE01,2032,0.0
GLOBAL,PWRWAVINDNE01,2033,0.0
GLOBAL,PWRWAVINDNE01,2034,0.0
GLOBAL,PWRWAVINDNE01,2035,0.0
GLOBAL,PWRWAVINDNE01,2036,0.0
GLOBAL,PWRWAVINDNE01,2037,0.0
GLOBAL,PWRWAVINDNE01,2038,0.0
GLOBAL,PWRWAVINDNE01,2039,0.0
GLOBAL,PWRWAVINDNE01,2040,0.0
GLOBAL,PWRWAVINDNE01,2041,0.0
GLOBAL,PWRWAVINDNE01,2042,0.0
GLOBAL,PWRWAVINDNE01,2043,0.0
GLOBAL,PWRWAVINDNE01,2044,0.0
GLOBAL,PWRWAVINDNE01,2045,0.0
GLOBAL,PWRWAVINDNE01,2046,0.0
GLOBAL,PWRWAVINDNE01,2047,0.0
GLOBAL,PWRWAVINDNE01,2048,0.0
GLOBAL,PWRWAVINDNE01,2049,0.0
GLOBAL,PWRWAVINDNE01,2050,0.0
GLOBAL,PWRCSPINDWE01,2023,0.0
GLOBAL,PWRCSPINDWE01,2024,0.0
GLOBAL,PWRCSPINDWE01,2025,0.0
GLOBAL,PWRCSPINDWE01,2026,0.0
GLOBAL,PWRCSPINDWE01,2027,0.0
GLOBAL,PWRCSPINDWE01,2028,0.0
GLOBAL,PWRCSPINDWE01,2029,0.0
GLOBAL,PWRCSPINDWE01,2030,0.0
GLOBAL,PWRCSPINDWE01,2031,0.0
GLOBAL,PWRCSPINDWE01,2032,0.0
GLOBAL,PWRCSPINDWE01,2033,0.0
GLOBAL,PWRCSPINDWE01,2034,0.0
GLOBAL,PWRCSPINDWE01,2035,0.0
GLOBAL,PWRCSPINDWE01,2036,0.0
GLOBAL,PWRCSPINDWE01,2037,0.0
GLOBAL,PWRCSPINDWE01,2038,0.0
GLOBAL,PWRCSPINDWE01,2039,0.0
GLOBAL,PWRCSPINDWE01,2040,0.0
GLOBAL,PWRCSPINDWE01,2041,0.0
GLOBAL,PWRCSPINDWE01,2042,0.0
GLOBAL,PWRCSPINDWE01,2043,0.0
GLOBAL,PWRCSPINDWE01,2044,0.0
GLOBAL,PWRCSPINDWE01,2045,0.0
GLOBAL,PWRCSPINDWE01,2046,0.0
GLOBAL,PWRCSPINDWE01,2047,0.0
GLOBAL,PWRCSPINDWE01,2048,0.0
GLOBAL,PWRCSPINDWE01,2049,0.0
GLOBAL,PWRCSPINDWE01,2050,0.0
GLOBAL,PWRBIOINDWE01,2023,0.0
GLOBAL,PWRBIOINDWE01,2024,0.0
GLOBAL,PWRBIOINDWE01,2025,0.0
GLOBAL,PWRBIOINDWE01,2026,0.0
GLOBAL,PWRBIOINDWE01,2027,0.0
GLOBAL,PWRBIOINDWE01,2028,0.0
GLOBAL,PWRBIOINDWE01,2029,0.0
GLOBAL,PWRBIOINDWE01,2030,0.0
GLOBAL,PWRBIOINDWE01,2031,0.0
GLOBAL,PWRBIOINDWE01,2032,0.0
GLOBAL,PWRBIOINDWE01,2033,0.0
GLOBAL,PWRBIOINDWE01,2034,0.0
GLOBAL,PWRBIOINDWE01,2035,0.0
GLOBAL,PWRBIOINDWE01,2036,0.0
GLOBAL,PWRBIOINDWE01,2037,0.0
GLOBAL,PWRBIOINDWE01,2038,0.0
GLOBAL,PWRBIOINDWE01,2039,0.0
GLOBAL,PWRBIOINDWE01,2040,0.0
GLOBAL,PWRBIOINDWE01,2041,0.0
GLOBAL,PWRBIOINDWE01,2042,0.0
GLOBAL,PWRBIOINDWE01,2043,0.0
GLOBAL,PWRBIOINDWE01,2044,0.0
GLOBAL,PWRBIOINDWE01,2045,0.0
GLOBAL,PWRBIOINDWE01,2046,0.0
GLOBAL,PWRBIOINDWE01,2047,0.0
GLOBAL,PWRBIOINDWE01,2048,0.0
GLOBAL,PWRBIOINDWE01,2049,0.0
GLOBAL,PWRBIOINDWE01,2050,0.0
GLOBAL,PWRWASBTNXX01,2023,0.0
GLOBAL,PWRWASBTNXX01,2024,0.0
GLOBAL,PWRWASBTNXX01,2025,0.0
GLOBAL,PWRWASBTNXX01,2026,0.0
GLOBAL,PWRWASBTNXX01,2027,0.0
GLOBAL,PWRWASBTNXX01,2028,0.0
GLOBAL,PWRWASBTNXX01,2029,0.0
GLOBAL,PWRWASBTNXX01,2030,0.0
GLOBAL,PWRWASBTNXX01,2031,0.0
GLOBAL,PWRWASBTNXX01,2032,0.0
GLOBAL,PWRWASBTNXX01,2033,0.0
GLOBAL,PWRWASBTNXX01,2034,0.0
GLOBAL,PWRWASBTNXX01,2035,0.0
GLOBAL,PWRWASBTNXX01,2036,0.0
GLOBAL,PWRWASBTNXX01,2037,0.0
GLOBAL,PWRWASBTNXX01,2038,0.0
GLOBAL,PWRWASBTNXX01,2039,0.0
GLOBAL,PWRWASBTNXX01,2040,0.0
GLOBAL,PWRWASBTNXX01,2041,0.0
GLOBAL,PWRWASBTNXX01,2042,0.0
GLOBAL,PWRWASBTNXX01,2043,0.0
GLOBAL,PWRWASBTNXX01,2044,0.0
GLOBAL,PWRWASBTNXX01,2045,0.0
GLOBAL,PWRWASBTNXX01,2046,0.0
GLOBAL,PWRWASBTNXX01,2047,0.0
GLOBAL,PWRWASBTNXX01,2048,0.0
GLOBAL,PWRWASBTNXX01,2049,0.0
GLOBAL,PWRWASBTNXX01,2050,0.0
GLOBAL,PWRWAVINDWE01,2023,0.0
GLOBAL,PWRWAVINDWE01,2024,0.0
GLOBAL,PWRWAVINDWE01,2025,0.0
GLOBAL,PWRWAVINDWE01,2026,0.0
GLOBAL,PWRWAVINDWE01,2027,0.0
GLOBAL,PWRWAVINDWE01,2028,0.0
GLOBAL,PWRWAVINDWE01,2029,0.0
GLOBAL,PWRWAVINDWE01,2030,0.0
GLOBAL,PWRWAVINDWE01,2031,0.0
GLOBAL,PWRWAVINDWE01,2032,0.0
GLOBAL,PWRWAVINDWE01,2033,0.0
GLOBAL,PWRWAVINDWE01,2034,0.0
GLOBAL,PWRWAVINDWE01,2035,0.0
GLOBAL,PWRWAVINDWE01,2036,0.0
GLOBAL,PWRWAVINDWE01,2037,0.0
GLOBAL,PWRWAVINDWE01,2038,0.0
GLOBAL,PWRWAVINDWE01,2039,0.0
GLOBAL,PWRWAVINDWE01,2040,0.0
GLOBAL,PWRWAVINDWE01,2041,0.0
GLOBAL,PWRWAVINDWE01,2042,0.0
GLOBAL,PWRWAVINDWE01,2043,0.0
GLOBAL,PWRWAVINDWE01,2044,0.0
GLOBAL,PWRWAVINDWE01,2045,0.0
GLOBAL,PWRWAVINDWE01,2046,0.0
GLOBAL,PWRWAVINDWE01,2047,0.0
GLOBAL,PWRWAVINDWE01,2048,0.0
GLOBAL,PWRWAVINDWE01,2049,0.0
GLOBAL,PWRWAVINDWE01,2050,0.0
GLOBAL,PWRURNBTNXX01,2023,0.0
GLOBAL,PWRURNBTNXX01,2024,0.0
GLOBAL,PWRURNBTNXX01,2025,0.0
GLOBAL,PWRURNBTNXX01,2026,0.0
GLOBAL,PWRURNBTNXX01,2027,0.0
GLOBAL,PWRURNBTNXX01,2028,0.0
GLOBAL,PWRURNBTNXX01,2029,0.0
GLOBAL,PWRURNBTNXX01,2030,0.0
GLOBAL,PWRURNBTNXX01,2031,0.0
GLOBAL,PWRURNBTNXX01,2032,0.0
GLOBAL,PWRURNBTNXX01,2033,0.0
GLOBAL,PWRURNBTNXX01,2034,0.0
GLOBAL,PWRURNBTNXX01,2035,0.0
GLOBAL,PWRURNBTNXX01,2036,0.0
GLOBAL,PWRURNBTNXX01,2037,0.0
GLOBAL,PWRURNBTNXX01,2038,0.0
GLOBAL,PWRURNBTNXX01,2039,0.0
GLOBAL,PWRURNBTNXX01,2040,0.0
GLOBAL,PWRURNBTNXX01,2041,0.0
GLOBAL,PWRURNBTNXX01,2042,0.0
GLOBAL,PWRURNBTNXX01,2043,0.0
GLOBAL,PWRURNBTNXX01,2044,0.0
GLOBAL,PWRURNBTNXX01,2045,0.0
GLOBAL,PWRURNBTNXX01,2046,0.0
GLOBAL,PWRURNBTNXX01,2047,0.0
GLOBAL,PWRURNBTNXX01,2048,0.0
GLOBAL,PWRURNBTNXX01,2049,0.0
GLOBAL,PWRURNBTNXX01,2050,0.0
GLOBAL,PWRURNLKAXX01,2023,0.0
GLOBAL,PWRURNLKAXX01,2024,0.0
GLOBAL,PWRURNLKAXX01,2025,0.0
GLOBAL,PWRURNLKAXX01,2026,0.0
GLOBAL,PWRURNLKAXX01,2027,0.0
GLOBAL,PWRURNLKAXX01,2028,0.0
GLOBAL,PWRURNLKAXX01,2029,0.0
GLOBAL,PWRURNLKAXX01,2030,0.0
GLOBAL,PWRURNLKAXX01,2031,0.0
GLOBAL,PWRURNLKAXX01,2032,0.0
GLOBAL,PWRURNLKAXX01,2033,0.0
GLOBAL,PWRURNLKAXX01,2034,0.0
GLOBAL,PWRURNLKAXX01,2035,0.0
GLOBAL,PWRURNLKAXX01,2036,0.0
GLOBAL,PWRURNLKAXX01,2037,0.0
GLOBAL,PWRURNLKAXX01,2038,0.0
GLOBAL,PWRURNLKAXX01,2039,0.0
GLOBAL,PWRURNLKAXX01,2040,0.0
GLOBAL,PWRURNLKAXX01,2041,0.0
GLOBAL,PWRURNLKAXX01,2042,0.0
GLOBAL,PWRURNLKAXX01,2043,0.0
GLOBAL,PWRURNLKAXX01,2044,0.0
GLOBAL,PWRURNLKAXX01,2045,0.0
GLOBAL,PWRURNLKAXX01,2046,0.0
GLOBAL,PWRURNLKAXX01,2047,0.0
GLOBAL,PWRURNLKAXX01,2048,0.0
GLOBAL,PWRURNLKAXX01,2049,0.0
GLOBAL,PWRURNLKAXX01,2050,0.0
GLOBAL,PWRPETINDNO01,2023,0.0
GLOBAL,PWRPETINDNO01,2024,0.0
GLOBAL,PWRPETINDNO01,2025,0.0
GLOBAL,PWRPETINDNO01,2026,0.0
GLOBAL,PWRPETINDNO01,2027,0.0
GLOBAL,PWRPETINDNO01,2028,0.0
GLOBAL,PWRPETINDNO01,2029,0.0
GLOBAL,PWRPETINDNO01,2030,0.0
GLOBAL,PWRPETINDNO01,2031,0.0
GLOBAL,PWRPETINDNO01,2032,0.0
GLOBAL,PWRPETINDNO01,2033,0.0
GLOBAL,PWRPETINDNO01,2034,0.0
GLOBAL,PWRPETINDNO01,2035,0.0
GLOBAL,PWRPETINDNO01,2036,0.0
GLOBAL,PWRPETINDNO01,2037,0.0
GLOBAL,PWRPETINDNO01,2038,0.0
GLOBAL,PWRPETINDNO01,2039,0.0
GLOBAL,PWRPETINDNO01,2040,0.0
GLOBAL,PWRPETINDNO01,2041,0.0
GLOBAL,PWRPETINDNO01,2042,0.0
GLOBAL,PWRPETINDNO01,2043,0.0
GLOBAL,PWRPETINDNO01,2044,0.0
GLOBAL,PWRPETINDNO01,2045,0.0
GLOBAL,PWRPETINDNO01,2046,0.0
GLOBAL,PWRPETINDNO01,2047,0.0
GLOBAL,PWRPETINDNO01,2048,0.0
GLOBAL,PWRPETINDNO01,2049,0.0
GLOBAL,PWRPETINDNO01,2050,0.0
GLOBAL,PWRPETINDWE01,2023,0.0
GLOBAL,PWRPETINDWE01,2024,0.0
GLOBAL,PWRPETINDWE01,2025,0.0
GLOBAL,PWRPETINDWE01,2026,0.0
GLOBAL,PWRPETINDWE01,2027,0.0
GLOBAL,PWRPETINDWE01,2028,0.0
GLOBAL,PWRPETINDWE01,2029,0.0
GLOBAL,PWRPETINDWE01,2030,0.0
GLOBAL,PWRPETINDWE01,2031,0.0
GLOBAL,PWRPETINDWE01,2032,0.0
GLOBAL,PWRPETINDWE01,2033,0.0
GLOBAL,PWRPETINDWE01,2034,0.0
GLOBAL,PWRPETINDWE01,2035,0.0
GLOBAL,PWRPETINDWE01,2036,0.0
GLOBAL,PWRPETINDWE01,2037,0.0
GLOBAL,PWRPETINDWE01,2038,0.0
GLOBAL,PWRPETINDWE01,2039,0.0
GLOBAL,PWRPETINDWE01,2040,0.0
GLOBAL,PWRPETINDWE01,2041,0.0
GLOBAL,PWRPETINDWE01,2042,0.0
GLOBAL,PWRPETINDWE01,2043,0.0
GLOBAL,PWRPETINDWE01,2044,0.0
GLOBAL,PWRPETINDWE01,2045,0.0
GLOBAL,PWRPETINDWE01,2046,0.0
GLOBAL,PWRPETINDWE01,2047,0.0
GLOBAL,PWRPETINDWE01,2048,0.0
GLOBAL,PWRPETINDWE01,2049,0.0
GLOBAL,PWRPETINDWE01,2050,0.0
GLOBAL,PWRGEOBTNXX01,2023,0.0
GLOBAL,PWRGEOBTNXX01,2024,0.0
GLOBAL,PWRGEOBTNXX01,2025,0.0
GLOBAL,PWRGEOBTNXX01,2026,0.0
GLOBAL,PWRGEOBTNXX01,2027,0.0
GLOBAL,PWRGEOBTNXX01,2028,0.0
GLOBAL,PWRGEOBTNXX01,2029,0.0
GLOBAL,PWRGEOBTNXX01,2030,0.0
GLOBAL,PWRGEOBTNXX01,2031,0.0
GLOBAL,PWRGEOBTNXX01,2032,0.0
GLOBAL,PWRGEOBTNXX01,2033,0.0
GLOBAL,PWRGEOBTNXX01,2034,0.0
GLOBAL,PWRGEOBTNXX01,2035,0.0
GLOBAL,PWRGEOBTNXX01,2036,0.0
GLOBAL,PWRGEOBTNXX01,2037,0.0
GLOBAL,PWRGEOBTNXX01,2038,0.0
GLOBAL,PWRGEOBTNXX01,2039,0.0
GLOBAL,PWRGEOBTNXX01,2040,0.0
GLOBAL,PWRGEOBTNXX01,2041,0.0
GLOBAL,PWRGEOBTNXX01,2042,0.0
GLOBAL,PWRGEOBTNXX01,2043,0.0
GLOBAL,PWRGEOBTNXX01,2044,0.0
GLOBAL,PWRGEOBTNXX01,2045,0.0
GLOBAL,PWRGEOBTNXX01,2046,0.0
GLOBAL,PWRGEOBTNXX01,2047,0.0
GLOBAL,PWRGEOBTNXX01,2048,0.0
GLOBAL,PWRGEOBTNXX01,2049,0.0
GLOBAL,PWRGEOBTNXX01,2050,0.0
GLOBAL,PWRCSPINDEA01,2023,0.0
GLOBAL,PWRCSPINDEA01,2024,0.0
GLOBAL,PWRCSPINDEA01,2025,0.0
GLOBAL,PWRCSPINDEA01,2026,0.0
GLOBAL,PWRCSPINDEA01,2027,0.0
GLOBAL,PWRCSPINDEA01,2028,0.0
GLOBAL,PWRCSPINDEA01,2029,0.0
GLOBAL,PWRCSPINDEA01,2030,0.0
GLOBAL,PWRCSPINDEA01,2031,0.0
GLOBAL,PWRCSPINDEA01,2032,0.0
GLOBAL,PWRCSPINDEA01,2033,0.0
GLOBAL,PWRCSPINDEA01,2034,0.0
GLOBAL,PWRCSPINDEA01,2035,0.0
GLOBAL,PWRCSPINDEA01,2036,0.0
GLOBAL,PWRCSPINDEA01,2037,0.0
GLOBAL,PWRCSPINDEA01,2038,0.0
GLOBAL,PWRCSPINDEA01,2039,0.0
GLOBAL,PWRCSPINDEA01,2040,0.0
GLOBAL,PWRCSPINDEA01,2041,0.0
GLOBAL,PWRCSPINDEA01,2042,0.0
GLOBAL,PWRCSPINDEA01,2043,0.0
GLOBAL,PWRCSPINDEA01,2044,0.0
GLOBAL,PWRCSPINDEA01,2045,0.0
GLOBAL,PWRCSPINDEA01,2046,0.0
GLOBAL,PWRCSPINDEA01,2047,0.0
GLOBAL,PWRCSPINDEA01,2048,0.0
GLOBAL,PWRCSPINDEA01,2049,0.0
GLOBAL,PWRCSPINDEA01,2050,0.0
GLOBAL,PWRWASBGDXX01,2023,0.0
GLOBAL,PWRWASBGDXX01,2024,0.0
GLOBAL,PWRWASBGDXX01,2025,0.0
GLOBAL,PWRWASBGDXX01,2026,0.0
GLOBAL,PWRWASBGDXX01,2027,0.0
GLOBAL,PWRWASBGDXX01,2028,0.0
GLOBAL,PWRWASBGDXX01,2029,0.0
GLOBAL,PWRWASBGDXX01,2030,0.0
GLOBAL,PWRWASBGDXX01,2031,0.0
GLOBAL,PWRWASBGDXX01,2032,0.0
GLOBAL,PWRWASBGDXX01,2033,0.0
GLOBAL,PWRWASBGDXX01,2034,0.0
GLOBAL,PWRWASBGDXX01,2035,0.0
GLOBAL,PWRWASBGDXX01,2036,0.0
GLOBAL,PWRWASBGDXX01,2037,0.0
GLOBAL,PWRWASBGDXX01,2038,0.0
GLOBAL,PWRWASBGDXX01,2039,0.0
GLOBAL,PWRWASBGDXX01,2040,0.0
GLOBAL,PWRWASBGDXX01,2041,0.0
GLOBAL,PWRWASBGDXX01,2042,0.0
GLOBAL,PWRWASBGDXX01,2043,0.0
GLOBAL,PWRWASBGDXX01,2044,0.0
GLOBAL,PWRWASBGDXX01,2045,0.0
GLOBAL,PWRWASBGDXX01,2046,0.0
GLOBAL,PWRWASBGDXX01,2047,0.0
GLOBAL,PWRWASBGDXX01,2048,0.0
GLOBAL,PWRWASBGDXX01,2049,0.0
GLOBAL,PWRWASBGDXX01,2050,0.0
GLOBAL,PWRBIONPLXX01,2023,0.0
GLOBAL,PWRBIONPLXX01,2024,0.0
GLOBAL,PWRBIONPLXX01,2025,0.0
GLOBAL,PWRBIONPLXX01,2026,0.0
GLOBAL,PWRBIONPLXX01,2027,0.0
GLOBAL,PWRBIONPLXX01,2028,0.0
GLOBAL,PWRBIONPLXX01,2029,0.0
GLOBAL,PWRBIONPLXX01,2030,0.0
GLOBAL,PWRBIONPLXX01,2031,0.0
GLOBAL,PWRBIONPLXX01,2032,0.0
GLOBAL,PWRBIONPLXX01,2033,0.0
GLOBAL,PWRBIONPLXX01,2034,0.0
GLOBAL,PWRBIONPLXX01,2035,0.0
GLOBAL,PWRBIONPLXX01,2036,0.0
GLOBAL,PWRBIONPLXX01,2037,0.0
GLOBAL,PWRBIONPLXX01,2038,0.0
GLOBAL,PWRBIONPLXX01,2039,0.0
GLOBAL,PWRBIONPLXX01,2040,0.0
GLOBAL,PWRBIONPLXX01,2041,0.0
GLOBAL,PWRBIONPLXX01,2042,0.0
GLOBAL,PWRBIONPLXX01,2043,0.0
GLOBAL,PWRBIONPLXX01,2044,0.0
GLOBAL,PWRBIONPLXX01,2045,0.0
GLOBAL,PWRBIONPLXX01,2046,0.0
GLOBAL,PWRBIONPLXX01,2047,0.0
GLOBAL,PWRBIONPLXX01,2048,0.0
GLOBAL,PWRBIONPLXX01,2049,0.0
GLOBAL,PWRBIONPLXX01,2050,0.0
GLOBAL,PWRCSPINDSO01,2023,0.0
GLOBAL,PWRCSPINDSO01,2024,0.0
GLOBAL,PWRCSPINDSO01,2025,0.0
GLOBAL,PWRCSPINDSO01,2026,0.0
GLOBAL,PWRCSPINDSO01,2027,0.0
GLOBAL,PWRCSPINDSO01,2028,0.0
GLOBAL,PWRCSPINDSO01,2029,0.0
GLOBAL,PWRCSPINDSO01,2030,0.0
GLOBAL,PWRCSPINDSO01,2031,0.0
GLOBAL,PWRCSPINDSO01,2032,0.0
GLOBAL,PWRCSPINDSO01,2033,0.0
GLOBAL,PWRCSPINDSO01,2034,0.0
GLOBAL,PWRCSPINDSO01,2035,0.0
GLOBAL,PWRCSPINDSO01,2036,0.0
GLOBAL,PWRCSPINDSO01,2037,0.0
GLOBAL,PWRCSPINDSO01,2038,0.0
GLOBAL,PWRCSPINDSO01,2039,0.0
GLOBAL,PWRCSPINDSO01,2040,0.0
GLOBAL,PWRCSPINDSO01,2041,0.0
GLOBAL,PWRCSPINDSO01,2042,0.0
GLOBAL,PWRCSPINDSO01,2043,0.0
GLOBAL,PWRCSPINDSO01,2044,0.0
GLOBAL,PWRCSPINDSO01,2045,0.0
GLOBAL,PWRCSPINDSO01,2046,0.0
GLOBAL,PWRCSPINDSO01,2047,0.0
GLOBAL,PWRCSPINDSO01,2048,0.0
GLOBAL,PWRCSPINDSO01,2049,0.0
GLOBAL,PWRCSPINDSO01,2050,0.0
GLOBAL,PWRCOGINDNO01,2023,0.0
GLOBAL,PWRCOGINDNO01,2024,0.0
GLOBAL,PWRCOGINDNO01,2025,0.0
GLOBAL,PWRCOGINDNO01,2026,0.0
GLOBAL,PWRCOGINDNO01,2027,0.0
GLOBAL,PWRCOGINDNO01,2028,0.0
GLOBAL,PWRCOGINDNO01,2029,0.0
GLOBAL,PWRCOGINDNO01,2030,0.0
GLOBAL,PWRCOGINDNO01,2031,0.0
GLOBAL,PWRCOGINDNO01,2032,0.0
GLOBAL,PWRCOGINDNO01,2033,0.0
GLOBAL,PWRCOGINDNO01,2034,0.0
GLOBAL,PWRCOGINDNO01,2035,0.0
GLOBAL,PWRCOGINDNO01,2036,0.0
GLOBAL,PWRCOGINDNO01,2037,0.0
GLOBAL,PWRCOGINDNO01,2038,0.0
GLOBAL,PWRCOGINDNO01,2039,0.0
GLOBAL,PWRCOGINDNO01,2040,0.0
GLOBAL,PWRCOGINDNO01,2041,0.0
GLOBAL,PWRCOGINDNO01,2042,0.0
GLOBAL,PWRCOGINDNO01,2043,0.0
GLOBAL,PWRCOGINDNO01,2044,0.0
GLOBAL,PWRCOGINDNO01,2045,0.0
GLOBAL,PWRCOGINDNO01,2046,0.0
GLOBAL,PWRCOGINDNO01,2047,0.0
GLOBAL,PWRCOGINDNO01,2048,0.0
GLOBAL,PWRCOGINDNO01,2049,0.0
GLOBAL,PWRCOGINDNO01,2050,0.0
GLOBAL,PWRCOGINDNE01,2023,0.0
GLOBAL,PWRCOGINDNE01,2024,0.0
GLOBAL,PWRCOGINDNE01,2025,0.0
GLOBAL,PWRCOGINDNE01,2026,0.0
GLOBAL,PWRCOGINDNE01,2027,0.0
GLOBAL,PWRCOGINDNE01,2028,0.0
GLOBAL,PWRCOGINDNE01,2029,0.0
GLOBAL,PWRCOGINDNE01,2030,0.0
GLOBAL,PWRCOGINDNE01,2031,0.0
GLOBAL,PWRCOGINDNE01,2032,0.0
GLOBAL,PWRCOGINDNE01,2033,0.0
GLOBAL,PWRCOGINDNE01,2034,0.0
GLOBAL,PWRCOGINDNE01,2035,0.0
GLOBAL,PWRCOGINDNE01,2036,0.0
GLOBAL,PWRCOGINDNE01,2037,0.0
GLOBAL,PWRCOGINDNE01,2038,0.0
GLOBAL,PWRCOGINDNE01,2039,0.0
GLOBAL,PWRCOGINDNE01,2040,0.0
GLOBAL,PWRCOGINDNE01,2041,0.0
GLOBAL,PWRCOGINDNE01,2042,0.0
GLOBAL,PWRCOGINDNE01,2043,0.0
GLOBAL,PWRCOGINDNE01,2044,0.0
GLOBAL,PWRCOGINDNE01,2045,0.0
GLOBAL,PWRCOGINDNE01,2046,0.0
GLOBAL,PWRCOGINDNE01,2047,0.0
GLOBAL,PWRCOGINDNE01,2048,0.0
GLOBAL,PWRCOGINDNE01,2049,0.0
GLOBAL,PWRCOGINDNE01,2050,0.0
GLOBAL,PWRWASLKAXX01,2023,0.0
GLOBAL,PWRWASLKAXX01,2024,0.0
GLOBAL,PWRWASLKAXX01,2025,0.0
GLOBAL,PWRWASLKAXX01,2026,0.0
GLOBAL,PWRWASLKAXX01,2027,0.0
GLOBAL,PWRWASLKAXX01,2028,0.0
GLOBAL,PWRWASLKAXX01,2029,0.0
GLOBAL,PWRWASLKAXX01,2030,0.0
GLOBAL,PWRWASLKAXX01,2031,0.0
GLOBAL,PWRWASLKAXX01,2032,0.0
GLOBAL,PWRWASLKAXX01,2033,0.0
GLOBAL,PWRWASLKAXX01,2034,0.0
GLOBAL,PWRWASLKAXX01,2035,0.0
GLOBAL,PWRWASLKAXX01,2036,0.0
GLOBAL,PWRWASLKAXX01,2037,0.0
GLOBAL,PWRWASLKAXX01,2038,0.0
GLOBAL,PWRWASLKAXX01,2039,0.0
GLOBAL,PWRWASLKAXX01,2040,0.0
GLOBAL,PWRWASLKAXX01,2041,0.0
GLOBAL,PWRWASLKAXX01,2042,0.0
GLOBAL,PWRWASLKAXX01,2043,0.0
GLOBAL,PWRWASLKAXX01,2044,0.0
GLOBAL,PWRWASLKAXX01,2045,0.0
GLOBAL,PWRWASLKAXX01,2046,0.0
GLOBAL,PWRWASLKAXX01,2047,0.0
GLOBAL,PWRWASLKAXX01,2048,0.0
GLOBAL,PWRWASLKAXX01,2049,0.0
GLOBAL,PWRWASLKAXX01,2050,0.0
GLOBAL,PWRCOGBTNXX01,2023,0.0
GLOBAL,PWRCOGBTNXX01,2024,0.0
GLOBAL,PWRCOGBTNXX01,2025,0.0
GLOBAL,PWRCOGBTNXX01,2026,0.0
GLOBAL,PWRCOGBTNXX01,2027,0.0
GLOBAL,PWRCOGBTNXX01,2028,0.0
GLOBAL,PWRCOGBTNXX01,2029,0.0
GLOBAL,PWRCOGBTNXX01,2030,0.0
GLOBAL,PWRCOGBTNXX01,2031,0.0
GLOBAL,PWRCOGBTNXX01,2032,0.0
GLOBAL,PWRCOGBTNXX01,2033,0.0
GLOBAL,PWRCOGBTNXX01,2034,0.0
GLOBAL,PWRCOGBTNXX01,2035,0.0
GLOBAL,PWRCOGBTNXX01,2036,0.0
GLOBAL,PWRCOGBTNXX01,2037,0.0
GLOBAL,PWRCOGBTNXX01,2038,0.0
GLOBAL,PWRCOGBTNXX01,2039,0.0
GLOBAL,PWRCOGBTNXX01,2040,0.0
GLOBAL,PWRCOGBTNXX01,2041,0.0
GLOBAL,PWRCOGBTNXX01,2042,0.0
GLOBAL,PWRCOGBTNXX01,2043,0.0
GLOBAL,PWRCOGBTNXX01,2044,0.0
GLOBAL,PWRCOGBTNXX01,2045,0.0
GLOBAL,PWRCOGBTNXX01,2046,0.0
GLOBAL,PWRCOGBTNXX01,2047,0.0
GLOBAL,PWRCOGBTNXX01,2048,0.0
GLOBAL,PWRCOGBTNXX01,2049,0.0
GLOBAL,PWRCOGBTNXX01,2050,0.0
GLOBAL,PWRCSPBGDXX01,2023,0.0
GLOBAL,PWRCSPBGDXX01,2024,0.0
GLOBAL,PWRCSPBGDXX01,2025,0.0
GLOBAL,PWRCSPBGDXX01,2026,0.0
GLOBAL,PWRCSPBGDXX01,2027,0.0
GLOBAL,PWRCSPBGDXX01,2028,0.0
GLOBAL,PWRCSPBGDXX01,2029,0.0
GLOBAL,PWRCSPBGDXX01,2030,0.0
GLOBAL,PWRCSPBGDXX01,2031,0.0
GLOBAL,PWRCSPBGDXX01,2032,0.0
GLOBAL,PWRCSPBGDXX01,2033,0.0
GLOBAL,PWRCSPBGDXX01,2034,0.0
GLOBAL,PWRCSPBGDXX01,2035,0.0
GLOBAL,PWRCSPBGDXX01,2036,0.0
GLOBAL,PWRCSPBGDXX01,2037,0.0
GLOBAL,PWRCSPBGDXX01,2038,0.0
GLOBAL,PWRCSPBGDXX01,2039,0.0
GLOBAL,PWRCSPBGDXX01,2040,0.0
GLOBAL,PWRCSPBGDXX01,2041,0.0
GLOBAL,PWRCSPBGDXX01,2042,0.0
GLOBAL,PWRCSPBGDXX01,2043,0.0
GLOBAL,PWRCSPBGDXX01,2044,0.0
GLOBAL,PWRCSPBGDXX01,2045,0.0
GLOBAL,PWRCSPBGDXX01,2046,0.0
GLOBAL,PWRCSPBGDXX01,2047,0.0
GLOBAL,PWRCSPBGDXX01,2048,0.0
GLOBAL,PWRCSPBGDXX01,2049,0.0
GLOBAL,PWRCSPBGDXX01,2050,0.0
GLOBAL,PWROTHLKAXX01,2023,0.0
GLOBAL,PWROTHLKAXX01,2024,0.0
GLOBAL,PWROTHLKAXX01,2025,0.0
GLOBAL,PWROTHLKAXX01,2026,0.0
GLOBAL,PWROTHLKAXX01,2027,0.0
GLOBAL,PWROTHLKAXX01,2028,0.0
GLOBAL,PWROTHLKAXX01,2029,0.0
GLOBAL,PWROTHLKAXX01,2030,0.0
GLOBAL,PWROTHLKAXX01,2031,0.0
GLOBAL,PWROTHLKAXX01,2032,0.0
GLOBAL,PWROTHLKAXX01,2033,0.0
GLOBAL,PWROTHLKAXX01,2034,0.0
GLOBAL,PWROTHLKAXX01,2035,0.0
GLOBAL,PWROTHLKAXX01,2036,0.0
GLOBAL,PWROTHLKAXX01,2037,0.0
GLOBAL,PWROTHLKAXX01,2038,0.0
GLOBAL,PWROTHLKAXX01,2039,0.0
GLOBAL,PWROTHLKAXX01,2040,0.0
GLOBAL,PWROTHLKAXX01,2041,0.0
GLOBAL,PWROTHLKAXX01,2042,0.0
GLOBAL,PWROTHLKAXX01,2043,0.0
GLOBAL,PWROTHLKAXX01,2044,0.0
GLOBAL,PWROTHLKAXX01,2045,0.0
GLOBAL,PWROTHLKAXX01,2046,0.0
GLOBAL,PWROTHLKAXX01,2047,0.0
GLOBAL,PWROTHLKAXX01,2048,0.0
GLOBAL,PWROTHLKAXX01,2049,0.0
GLOBAL,PWROTHLKAXX01,2050,0.0
GLOBAL,PWRCOGINDWE01,2023,0.0
GLOBAL,PWRCOGINDWE01,2024,0.0
GLOBAL,PWRCOGINDWE01,2025,0.0
GLOBAL,PWRCOGINDWE01,2026,0.0
GLOBAL,PWRCOGINDWE01,2027,0.0
GLOBAL,PWRCOGINDWE01,2028,0.0
GLOBAL,PWRCOGINDWE01,2029,0.0
GLOBAL,PWRCOGINDWE01,2030,0.0
GLOBAL,PWRCOGINDWE01,2031,0.0
GLOBAL,PWRCOGINDWE01,2032,0.0
GLOBAL,PWRCOGINDWE01,2033,0.0
GLOBAL,PWRCOGINDWE01,2034,0.0
GLOBAL,PWRCOGINDWE01,2035,0.0
GLOBAL,PWRCOGINDWE01,2036,0.0
GLOBAL,PWRCOGINDWE01,2037,0.0
GLOBAL,PWRCOGINDWE01,2038,0.0
GLOBAL,PWRCOGINDWE01,2039,0.0
GLOBAL,PWRCOGINDWE01,2040,0.0
GLOBAL,PWRCOGINDWE01,2041,0.0
GLOBAL,PWRCOGINDWE01,2042,0.0
GLOBAL,PWRCOGINDWE01,2043,0.0
GLOBAL,PWRCOGINDWE01,2044,0.0
GLOBAL,PWRCOGINDWE01,2045,0.0
GLOBAL,PWRCOGINDWE01,2046,0.0
GLOBAL,PWRCOGINDWE01,2047,0.0
GLOBAL,PWRCOGINDWE01,2048,0.0
GLOBAL,PWRCOGINDWE01,2049,0.0
GLOBAL,PWRCOGINDWE01,2050,0.0
GLOBAL,PWRPETINDEA01,2023,0.0
GLOBAL,PWRPETINDEA01,2024,0.0
GLOBAL,PWRPETINDEA01,2025,0.0
GLOBAL,PWRPETINDEA01,2026,0.0
GLOBAL,PWRPETINDEA01,2027,0.0
GLOBAL,PWRPETINDEA01,2028,0.0
GLOBAL,PWRPETINDEA01,2029,0.0
GLOBAL,PWRPETINDEA01,2030,0.0
GLOBAL,PWRPETINDEA01,2031,0.0
GLOBAL,PWRPETINDEA01,2032,0.0
GLOBAL,PWRPETINDEA01,2033,0.0
GLOBAL,PWRPETINDEA01,2034,0.0
GLOBAL,PWRPETINDEA01,2035,0.0
GLOBAL,PWRPETINDEA01,2036,0.0
GLOBAL,PWRPETINDEA01,2037,0.0
GLOBAL,PWRPETINDEA01,2038,0.0
GLOBAL,PWRPETINDEA01,2039,0.0
GLOBAL,PWRPETINDEA01,2040,0.0
GLOBAL,PWRPETINDEA01,2041,0.0
GLOBAL,PWRPETINDEA01,2042,0.0
GLOBAL,PWRPETINDEA01,2043,0.0
GLOBAL,PWRPETINDEA01,2044,0.0
GLOBAL,PWRPETINDEA01,2045,0.0
GLOBAL,PWRPETINDEA01,2046,0.0
GLOBAL,PWRPETINDEA01,2047,0.0
GLOBAL,PWRPETINDEA01,2048,0.0
GLOBAL,PWRPETINDEA01,2049,0.0
GLOBAL,PWRPETINDEA01,2050,0.0
GLOBAL,PWRCOGBGDXX01,2023,0.0
GLOBAL,PWRCOGBGDXX01,2024,0.0
GLOBAL,PWRCOGBGDXX01,2025,0.0
GLOBAL,PWRCOGBGDXX01,2026,0.0
GLOBAL,PWRCOGBGDXX01,2027,0.0
GLOBAL,PWRCOGBGDXX01,2028,0.0
GLOBAL,PWRCOGBGDXX01,2029,0.0
GLOBAL,PWRCOGBGDXX01,2030,0.0
GLOBAL,PWRCOGBGDXX01,2031,0.0
GLOBAL,PWRCOGBGDXX01,2032,0.0
GLOBAL,PWRCOGBGDXX01,2033,0.0
GLOBAL,PWRCOGBGDXX01,2034,0.0
GLOBAL,PWRCOGBGDXX01,2035,0.0
GLOBAL,PWRCOGBGDXX01,2036,0.0
GLOBAL,PWRCOGBGDXX01,2037,0.0
GLOBAL,PWRCOGBGDXX01,2038,0.0
GLOBAL,PWRCOGBGDXX01,2039,0.0
GLOBAL,PWRCOGBGDXX01,2040,0.0
GLOBAL,PWRCOGBGDXX01,2041,0.0
GLOBAL,PWRCOGBGDXX01,2042,0.0
GLOBAL,PWRCOGBGDXX01,2043,0.0
GLOBAL,PWRCOGBGDXX01,2044,0.0
GLOBAL,PWRCOGBGDXX01,2045,0.0
GLOBAL,PWRCOGBGDXX01,2046,0.0
GLOBAL,PWRCOGBGDXX01,2047,0.0
GLOBAL,PWRCOGBGDXX01,2048,0.0
GLOBAL,PWRCOGBGDXX01,2049,0.0
GLOBAL,PWRCOGBGDXX01,2050,0.0
GLOBAL,PWROTHINDWE01,2023,0.0
GLOBAL,PWROTHINDWE01,2024,0.0
GLOBAL,PWROTHINDWE01,2025,0.0
GLOBAL,PWROTHINDWE01,2026,0.0
GLOBAL,PWROTHINDWE01,2027,0.0
GLOBAL,PWROTHINDWE01,2028,0.0
GLOBAL,PWROTHINDWE01,2029,0.0
GLOBAL,PWROTHINDWE01,2030,0.0
GLOBAL,PWROTHINDWE01,2031,0.0
GLOBAL,PWROTHINDWE01,2032,0.0
GLOBAL,PWROTHINDWE01,2033,0.0
GLOBAL,PWROTHINDWE01,2034,0.0
GLOBAL,PWROTHINDWE01,2035,0.0
GLOBAL,PWROTHINDWE01,2036,0.0
GLOBAL,PWROTHINDWE01,2037,0.0
GLOBAL,PWROTHINDWE01,2038,0.0
GLOBAL,PWROTHINDWE01,2039,0.0
GLOBAL,PWROTHINDWE01,2040,0.0
GLOBAL,PWROTHINDWE01,2041,0.0
GLOBAL,PWROTHINDWE01,2042,0.0
GLOBAL,PWROTHINDWE01,2043,0.0
GLOBAL,PWROTHINDWE01,2044,0.0
GLOBAL,PWROTHINDWE01,2045,0.0
GLOBAL,PWROTHINDWE01,2046,0.0
GLOBAL,PWROTHINDWE01,2047,0.0
GLOBAL,PWROTHINDWE01,2048,0.0
GLOBAL,PWROTHINDWE01,2049,0.0
GLOBAL,PWROTHINDWE01,2050,0.0
GLOBAL,PWRPETNPLXX01,2023,0.0
GLOBAL,PWRPETNPLXX01,2024,0.0
GLOBAL,PWRPETNPLXX01,2025,0.0
GLOBAL,PWRPETNPLXX01,2026,0.0
GLOBAL,PWRPETNPLXX01,2027,0.0
GLOBAL,PWRPETNPLXX01,2028,0.0
GLOBAL,PWRPETNPLXX01,2029,0.0
GLOBAL,PWRPETNPLXX01,2030,0.0
GLOBAL,PWRPETNPLXX01,2031,0.0
GLOBAL,PWRPETNPLXX01,2032,0.0
GLOBAL,PWRPETNPLXX01,2033,0.0
GLOBAL,PWRPETNPLXX01,2034,0.0
GLOBAL,PWRPETNPLXX01,2035,0.0
GLOBAL,PWRPETNPLXX01,2036,0.0
GLOBAL,PWRPETNPLXX01,2037,0.0
GLOBAL,PWRPETNPLXX01,2038,0.0
GLOBAL,PWRPETNPLXX01,2039,0.0
GLOBAL,PWRPETNPLXX01,2040,0.0
GLOBAL,PWRPETNPLXX01,2041,0.0
GLOBAL,PWRPETNPLXX01,2042,0.0
GLOBAL,PWRPETNPLXX01,2043,0.0
GLOBAL,PWRPETNPLXX01,2044,0.0
GLOBAL,PWRPETNPLXX01,2045,0.0
GLOBAL,PWRPETNPLXX01,2046,0.0
GLOBAL,PWRPETNPLXX01,2047,0.0
GLOBAL,PWRPETNPLXX01,2048,0.0
GLOBAL,PWRPETNPLXX01,2049,0.0
GLOBAL,PWRPETNPLXX01,2050,0.0
GLOBAL,PWRBIOINDNO01,2023,0.0
GLOBAL,PWRBIOINDNO01,2024,0.0
GLOBAL,PWRBIOINDNO01,2025,0.0
GLOBAL,PWRBIOINDNO01,2026,0.0
GLOBAL,PWRBIOINDNO01,2027,0.0
GLOBAL,PWRBIOINDNO01,2028,0.0
GLOBAL,PWRBIOINDNO01,2029,0.0
GLOBAL,PWRBIOINDNO01,2030,0.0
GLOBAL,PWRBIOINDNO01,2031,0.0
GLOBAL,PWRBIOINDNO01,2032,0.0
GLOBAL,PWRBIOINDNO01,2033,0.0
GLOBAL,PWRBIOINDNO01,2034,0.0
GLOBAL,PWRBIOINDNO01,2035,0.0
GLOBAL,PWRBIOINDNO01,2036,0.0
GLOBAL,PWRBIOINDNO01,2037,0.0
GLOBAL,PWRBIOINDNO01,2038,0.0
GLOBAL,PWRBIOINDNO01,2039,0.0
GLOBAL,PWRBIOINDNO01,2040,0.0
GLOBAL,PWRBIOINDNO01,2041,0.0
GLOBAL,PWRBIOINDNO01,2042,0.0
GLOBAL,PWRBIOINDNO01,2043,0.0
GLOBAL,PWRBIOINDNO01,2044,0.0
GLOBAL,PWRBIOINDNO01,2045,0.0
GLOBAL,PWRBIOINDNO01,2046,0.0
GLOBAL,PWRBIOINDNO01,2047,0.0
GLOBAL,PWRBIOINDNO01,2048,0.0
GLOBAL,PWRBIOINDNO01,2049,0.0
GLOBAL,PWRBIOINDNO01,2050,0.0
GLOBAL,PWRGEOBGDXX01,2023,0.0
GLOBAL,PWRGEOBGDXX01,2024,0.0
GLOBAL,PWRGEOBGDXX01,2025,0.0
GLOBAL,PWRGEOBGDXX01,2026,0.0
GLOBAL,PWRGEOBGDXX01,2027,0.0
GLOBAL,PWRGEOBGDXX01,2028,0.0
GLOBAL,PWRGEOBGDXX01,2029,0.0
GLOBAL,PWRGEOBGDXX01,2030,0.0
GLOBAL,PWRGEOBGDXX01,2031,0.0
GLOBAL,PWRGEOBGDXX01,2032,0.0
GLOBAL,PWRGEOBGDXX01,2033,0.0
GLOBAL,PWRGEOBGDXX01,2034,0.0
GLOBAL,PWRGEOBGDXX01,2035,0.0
GLOBAL,PWRGEOBGDXX01,2036,0.0
GLOBAL,PWRGEOBGDXX01,2037,0.0
GLOBAL,PWRGEOBGDXX01,2038,0.0
GLOBAL,PWRGEOBGDXX01,2039,0.0
GLOBAL,PWRGEOBGDXX01,2040,0.0
GLOBAL,PWRGEOBGDXX01,2041,0.0
GLOBAL,PWRGEOBGDXX01,2042,0.0
GLOBAL,PWRGEOBGDXX01,2043,0.0
GLOBAL,PWRGEOBGDXX01,2044,0.0
GLOBAL,PWRGEOBGDXX01,2045,0.0
GLOBAL,PWRGEOBGDXX01,2046,0.0
GLOBAL,PWRGEOBGDXX01,2047,0.0
GLOBAL,PWRGEOBGDXX01,2048,0.0
GLOBAL,PWRGEOBGDXX01,2049,0.0
GLOBAL,PWRGEOBGDXX01,2050,0.0
GLOBAL,PWRWAVBTNXX01,2023,0.0
GLOBAL,PWRWAVBTNXX01,2024,0.0
GLOBAL,PWRWAVBTNXX01,2025,0.0
GLOBAL,PWRWAVBTNXX01,2026,0.0
GLOBAL,PWRWAVBTNXX01,2027,0.0
GLOBAL,PWRWAVBTNXX01,2028,0.0
GLOBAL,PWRWAVBTNXX01,2029,0.0
GLOBAL,PWRWAVBTNXX01,2030,0.0
GLOBAL,PWRWAVBTNXX01,2031,0.0
GLOBAL,PWRWAVBTNXX01,2032,0.0
GLOBAL,PWRWAVBTNXX01,2033,0.0
GLOBAL,PWRWAVBTNXX01,2034,0.0
GLOBAL,PWRWAVBTNXX01,2035,0.0
GLOBAL,PWRWAVBTNXX01,2036,0.0
GLOBAL,PWRWAVBTNXX01,2037,0.0
GLOBAL,PWRWAVBTNXX01,2038,0.0
GLOBAL,PWRWAVBTNXX01,2039,0.0
GLOBAL,PWRWAVBTNXX01,2040,0.0
GLOBAL,PWRWAVBTNXX01,2041,0.0
GLOBAL,PWRWAVBTNXX01,2042,0.0
GLOBAL,PWRWAVBTNXX01,2043,0.0
GLOBAL,PWRWAVBTNXX01,2044,0.0
GLOBAL,PWRWAVBTNXX01,2045,0.0
GLOBAL,PWRWAVBTNXX01,2046,0.0
GLOBAL,PWRWAVBTNXX01,2047,0.0
GLOBAL,PWRWAVBTNXX01,2048,0.0
GLOBAL,PWRWAVBTNXX01,2049,0.0
GLOBAL,PWRWAVBTNXX01,2050,0.0
GLOBAL,PWRGEOLKAXX01,2023,0.0
GLOBAL,PWRGEOLKAXX01,2024,0.0
GLOBAL,PWRGEOLKAXX01,2025,0.0
GLOBAL,PWRGEOLKAXX01,2026,0.0
GLOBAL,PWRGEOLKAXX01,2027,0.0
GLOBAL,PWRGEOLKAXX01,2028,0.0
GLOBAL,PWRGEOLKAXX01,2029,0.0
GLOBAL,PWRGEOLKAXX01,2030,0.0
GLOBAL,PWRGEOLKAXX01,2031,0.0
GLOBAL,PWRGEOLKAXX01,2032,0.0
GLOBAL,PWRGEOLKAXX01,2033,0.0
GLOBAL,PWRGEOLKAXX01,2034,0.0
GLOBAL,PWRGEOLKAXX01,2035,0.0
GLOBAL,PWRGEOLKAXX01,2036,0.0
GLOBAL,PWRGEOLKAXX01,2037,0.0
GLOBAL,PWRGEOLKAXX01,2038,0.0
GLOBAL,PWRGEOLKAXX01,2039,0.0
GLOBAL,PWRGEOLKAXX01,2040,0.0
GLOBAL,PWRGEOLKAXX01,2041,0.0
GLOBAL,PWRGEOLKAXX01,2042,0.0
GLOBAL,PWRGEOLKAXX01,2043,0.0
GLOBAL,PWRGEOLKAXX01,2044,0.0
GLOBAL,PWRGEOLKAXX01,2045,0.0
GLOBAL,PWRGEOLKAXX01,2046,0.0
GLOBAL,PWRGEOLKAXX01,2047,0.0
GLOBAL,PWRGEOLKAXX01,2048,0.0
GLOBAL,PWRGEOLKAXX01,2049,0.0
GLOBAL,PWRGEOLKAXX01,2050,0.0
GLOBAL,PWRGEOINDEA01,2023,0.0
GLOBAL,PWRGEOINDEA01,2024,0.0
GLOBAL,PWRGEOINDEA01,2025,0.0
GLOBAL,PWRGEOINDEA01,2026,0.0
GLOBAL,PWRGEOINDEA01,2027,0.0
GLOBAL,PWRGEOINDEA01,2028,0.0
GLOBAL,PWRGEOINDEA01,2029,0.0
GLOBAL,PWRGEOINDEA01,2030,0.0
GLOBAL,PWRGEOINDEA01,2031,0.0
GLOBAL,PWRGEOINDEA01,2032,0.0
GLOBAL,PWRGEOINDEA01,2033,0.0
GLOBAL,PWRGEOINDEA01,2034,0.0
GLOBAL,PWRGEOINDEA01,2035,0.0
GLOBAL,PWRGEOINDEA01,2036,0.0
GLOBAL,PWRGEOINDEA01,2037,0.0
GLOBAL,PWRGEOINDEA01,2038,0.0
GLOBAL,PWRGEOINDEA01,2039,0.0
GLOBAL,PWRGEOINDEA01,2040,0.0
GLOBAL,PWRGEOINDEA01,2041,0.0
GLOBAL,PWRGEOINDEA01,2042,0.0
GLOBAL,PWRGEOINDEA01,2043,0.0
GLOBAL,PWRGEOINDEA01,2044,0.0
GLOBAL,PWRGEOINDEA01,2045,0.0
GLOBAL,PWRGEOINDEA01,2046,0.0
GLOBAL,PWRGEOINDEA01,2047,0.0
GLOBAL,PWRGEOINDEA01,2048,0.0
GLOBAL,PWRGEOINDEA01,2049,0.0
GLOBAL,PWRGEOINDEA01,2050,0.0
GLOBAL,PWRGEOINDNE01,2023,0.0
GLOBAL,PWRGEOINDNE01,2024,0.0
GLOBAL,PWRGEOINDNE01,2025,0.0
GLOBAL,PWRGEOINDNE01,2026,0.0
GLOBAL,PWRGEOINDNE01,2027,0.0
GLOBAL,PWRGEOINDNE01,2028,0.0
GLOBAL,PWRGEOINDNE01,2029,0.0
GLOBAL,PWRGEOINDNE01,2030,0.0
GLOBAL,PWRGEOINDNE01,2031,0.0
GLOBAL,PWRGEOINDNE01,2032,0.0
GLOBAL,PWRGEOINDNE01,2033,0.0
GLOBAL,PWRGEOINDNE01,2034,0.0
GLOBAL,PWRGEOINDNE01,2035,0.0
GLOBAL,PWRGEOINDNE01,2036,0.0
GLOBAL,PWRGEOINDNE01,2037,0.0
GLOBAL,PWRGEOINDNE01,2038,0.0
GLOBAL,PWRGEOINDNE01,2039,0.0
GLOBAL,PWRGEOINDNE01,2040,0.0
GLOBAL,PWRGEOINDNE01,2041,0.0
GLOBAL,PWRGEOINDNE01,2042,0.0
GLOBAL,PWRGEOINDNE01,2043,0.0
GLOBAL,PWRGEOINDNE01,2044,0.0
GLOBAL,PWRGEOINDNE01,2045,0.0
GLOBAL,PWRGEOINDNE01,2046,0.0
GLOBAL,PWRGEOINDNE01,2047,0.0
GLOBAL,PWRGEOINDNE01,2048,0.0
GLOBAL,PWRGEOINDNE01,2049,0.0
GLOBAL,PWRGEOINDNE01,2050,0.0
GLOBAL,PWRWAVNPLXX01,2023,0.0
GLOBAL,PWRWAVNPLXX01,2024,0.0
GLOBAL,PWRWAVNPLXX01,2025,0.0
GLOBAL,PWRWAVNPLXX01,2026,0.0
GLOBAL,PWRWAVNPLXX01,2027,0.0
GLOBAL,PWRWAVNPLXX01,2028,0.0
GLOBAL,PWRWAVNPLXX01,2029,0.0
GLOBAL,PWRWAVNPLXX01,2030,0.0
GLOBAL,PWRWAVNPLXX01,2031,0.0
GLOBAL,PWRWAVNPLXX01,2032,0.0
GLOBAL,PWRWAVNPLXX01,2033,0.0
GLOBAL,PWRWAVNPLXX01,2034,0.0
GLOBAL,PWRWAVNPLXX01,2035,0.0
GLOBAL,PWRWAVNPLXX01,2036,0.0
GLOBAL,PWRWAVNPLXX01,2037,0.0
GLOBAL,PWRWAVNPLXX01,2038,0.0
GLOBAL,PWRWAVNPLXX01,2039,0.0
GLOBAL,PWRWAVNPLXX01,2040,0.0
GLOBAL,PWRWAVNPLXX01,2041,0.0
GLOBAL,PWRWAVNPLXX01,2042,0.0
GLOBAL,PWRWAVNPLXX01,2043,0.0
GLOBAL,PWRWAVNPLXX01,2044,0.0
GLOBAL,PWRWAVNPLXX01,2045,0.0
GLOBAL,PWRWAVNPLXX01,2046,0.0
GLOBAL,PWRWAVNPLXX01,2047,0.0
GLOBAL,PWRWAVNPLXX01,2048,0.0
GLOBAL,PWRWAVNPLXX01,2049,0.0
GLOBAL,PWRWAVNPLXX01,2050,0.0
GLOBAL,PWRWAVBGDXX01,2023,0.0
GLOBAL,PWRWAVBGDXX01,2024,0.0
GLOBAL,PWRWAVBGDXX01,2025,0.0
GLOBAL,PWRWAVBGDXX01,2026,0.0
GLOBAL,PWRWAVBGDXX01,2027,0.0
GLOBAL,PWRWAVBGDXX01,2028,0.0
GLOBAL,PWRWAVBGDXX01,2029,0.0
GLOBAL,PWRWAVBGDXX01,2030,0.0
GLOBAL,PWRWAVBGDXX01,2031,0.0
GLOBAL,PWRWAVBGDXX01,2032,0.0
GLOBAL,PWRWAVBGDXX01,2033,0.0
GLOBAL,PWRWAVBGDXX01,2034,0.0
GLOBAL,PWRWAVBGDXX01,2035,0.0
GLOBAL,PWRWAVBGDXX01,2036,0.0
GLOBAL,PWRWAVBGDXX01,2037,0.0
GLOBAL,PWRWAVBGDXX01,2038,0.0
GLOBAL,PWRWAVBGDXX01,2039,0.0
GLOBAL,PWRWAVBGDXX01,2040,0.0
GLOBAL,PWRWAVBGDXX01,2041,0.0
GLOBAL,PWRWAVBGDXX01,2042,0.0
GLOBAL,PWRWAVBGDXX01,2043,0.0
GLOBAL,PWRWAVBGDXX01,2044,0.0
GLOBAL,PWRWAVBGDXX01,2045,0.0
GLOBAL,PWRWAVBGDXX01,2046,0.0
GLOBAL,PWRWAVBGDXX01,2047,0.0
GLOBAL,PWRWAVBGDXX01,2048,0.0
GLOBAL,PWRWAVBGDXX01,2049,0.0
GLOBAL,PWRWAVBGDXX01,2050,0.0
GLOBAL,PWRWAVLKAXX01,2023,0.0
GLOBAL,PWRWAVLKAXX01,2024,0.0
GLOBAL,PWRWAVLKAXX01,2025,0.0
GLOBAL,PWRWAVLKAXX01,2026,0.0
GLOBAL,PWRWAVLKAXX01,2027,0.0
GLOBAL,PWRWAVLKAXX01,2028,0.0
GLOBAL,PWRWAVLKAXX01,2029,0.0
GLOBAL,PWRWAVLKAXX01,2030,0.0
GLOBAL,PWRWAVLKAXX01,2031,0.0
GLOBAL,PWRWAVLKAXX01,2032,0.0
GLOBAL,PWRWAVLKAXX01,2033,0.0
GLOBAL,PWRWAVLKAXX01,2034,0.0
GLOBAL,PWRWAVLKAXX01,2035,0.0
GLOBAL,PWRWAVLKAXX01,2036,0.0
GLOBAL,PWRWAVLKAXX01,2037,0.0
GLOBAL,PWRWAVLKAXX01,2038,0.0
GLOBAL,PWRWAVLKAXX01,2039,0.0
GLOBAL,PWRWAVLKAXX01,2040,0.0
GLOBAL,PWRWAVLKAXX01,2041,0.0
GLOBAL,PWRWAVLKAXX01,2042,0.0
GLOBAL,PWRWAVLKAXX01,2043,0.0
GLOBAL,PWRWAVLKAXX01,2044,0.0
GLOBAL,PWRWAVLKAXX01,2045,0.0
GLOBAL,PWRWAVLKAXX01,2046,0.0
GLOBAL,PWRWAVLKAXX01,2047,0.0
GLOBAL,PWRWAVLKAXX01,2048,0.0
GLOBAL,PWRWAVLKAXX01,2049,0.0
GLOBAL,PWRWAVLKAXX01,2050,0.0
GLOBAL,PWRWASINDEA01,2023,0.0
GLOBAL,PWRWASINDEA01,2024,0.0
GLOBAL,PWRWASINDEA01,2025,0.0
GLOBAL,PWRWASINDEA01,2026,0.0
GLOBAL,PWRWASINDEA01,2027,0.0
GLOBAL,PWRWASINDEA01,2028,0.0
GLOBAL,PWRWASINDEA01,2029,0.0
GLOBAL,PWRWASINDEA01,2030,0.0
GLOBAL,PWRWASINDEA01,2031,0.0
GLOBAL,PWRWASINDEA01,2032,0.0
GLOBAL,PWRWASINDEA01,2033,0.0
GLOBAL,PWRWASINDEA01,2034,0.0
GLOBAL,PWRWASINDEA01,2035,0.0
GLOBAL,PWRWASINDEA01,2036,0.0
GLOBAL,PWRWASINDEA01,2037,0.0
GLOBAL,PWRWASINDEA01,2038,0.0
GLOBAL,PWRWASINDEA01,2039,0.0
GLOBAL,PWRWASINDEA01,2040,0.0
GLOBAL,PWRWASINDEA01,2041,0.0
GLOBAL,PWRWASINDEA01,2042,0.0
GLOBAL,PWRWASINDEA01,2043,0.0
GLOBAL,PWRWASINDEA01,2044,0.0
GLOBAL,PWRWASINDEA01,2045,0.0
GLOBAL,PWRWASINDEA01,2046,0.0
GLOBAL,PWRWASINDEA01,2047,0.0
GLOBAL,PWRWASINDEA01,2048,0.0
GLOBAL,PWRWASINDEA01,2049,0.0
GLOBAL,PWRWASINDEA01,2050,0.0
GLOBAL,PWRWASINDWE01,2023,0.0
GLOBAL,PWRWASINDWE01,2024,0.0
GLOBAL,PWRWASINDWE01,2025,0.0
GLOBAL,PWRWASINDWE01,2026,0.0
GLOBAL,PWRWASINDWE01,2027,0.0
GLOBAL,PWRWASINDWE01,2028,0.0
GLOBAL,PWRWASINDWE01,2029,0.0
GLOBAL,PWRWASINDWE01,2030,0.0
GLOBAL,PWRWASINDWE01,2031,0.0
GLOBAL,PWRWASINDWE01,2032,0.0
GLOBAL,PWRWASINDWE01,2033,0.0
GLOBAL,PWRWASINDWE01,2034,0.0
GLOBAL,PWRWASINDWE01,2035,0.0
GLOBAL,PWRWASINDWE01,2036,0.0
GLOBAL,PWRWASINDWE01,2037,0.0
GLOBAL,PWRWASINDWE01,2038,0.0
GLOBAL,PWRWASINDWE01,2039,0.0
GLOBAL,PWRWASINDWE01,2040,0.0
GLOBAL,PWRWASINDWE01,2041,0.0
GLOBAL,PWRWASINDWE01,2042,0.0
GLOBAL,PWRWASINDWE01,2043,0.0
GLOBAL,PWRWASINDWE01,2044,0.0
GLOBAL,PWRWASINDWE01,2045,0.0
GLOBAL,PWRWASINDWE01,2046,0.0
GLOBAL,PWRWASINDWE01,2047,0.0
GLOBAL,PWRWASINDWE01,2048,0.0
GLOBAL,PWRWASINDWE01,2049,0.0
GLOBAL,PWRWASINDWE01,2050,0.0
GLOBAL,PWROTHBTNXX01,2023,0.0
GLOBAL,PWROTHBTNXX01,2024,0.0
GLOBAL,PWROTHBTNXX01,2025,0.0
GLOBAL,PWROTHBTNXX01,2026,0.0
GLOBAL,PWROTHBTNXX01,2027,0.0
GLOBAL,PWROTHBTNXX01,2028,0.0
GLOBAL,PWROTHBTNXX01,2029,0.0
GLOBAL,PWROTHBTNXX01,2030,0.0
GLOBAL,PWROTHBTNXX01,2031,0.0
GLOBAL,PWROTHBTNXX01,2032,0.0
GLOBAL,PWROTHBTNXX01,2033,0.0
GLOBAL,PWROTHBTNXX01,2034,0.0
GLOBAL,PWROTHBTNXX01,2035,0.0
GLOBAL,PWROTHBTNXX01,2036,0.0
GLOBAL,PWROTHBTNXX01,2037,0.0
GLOBAL,PWROTHBTNXX01,2038,0.0
GLOBAL,PWROTHBTNXX01,2039,0.0
GLOBAL,PWROTHBTNXX01,2040,0.0
GLOBAL,PWROTHBTNXX01,2041,0.0
GLOBAL,PWROTHBTNXX01,2042,0.0
GLOBAL,PWROTHBTNXX01,2043,0.0
GLOBAL,PWROTHBTNXX01,2044,0.0
GLOBAL,PWROTHBTNXX01,2045,0.0
GLOBAL,PWROTHBTNXX01,2046,0.0
GLOBAL,PWROTHBTNXX01,2047,0.0
GLOBAL,PWROTHBTNXX01,2048,0.0
GLOBAL,PWROTHBTNXX01,2049,0.0
GLOBAL,PWROTHBTNXX01,2050,0.0
GLOBAL,PWRURNBGDXX01,2023,0.0
GLOBAL,PWRURNBGDXX01,2024,0.0
GLOBAL,PWRURNBGDXX01,2025,0.0
GLOBAL,PWRURNBGDXX01,2026,0.0
GLOBAL,PWRURNBGDXX01,2027,0.0
GLOBAL,PWRURNBGDXX01,2028,0.0
GLOBAL,PWRURNBGDXX01,2029,0.0
GLOBAL,PWRURNBGDXX01,2030,0.0
GLOBAL,PWRURNBGDXX01,2031,0.0
GLOBAL,PWRURNBGDXX01,2032,0.0
GLOBAL,PWRURNBGDXX01,2033,0.0
GLOBAL,PWRURNBGDXX01,2034,0.0
GLOBAL,PWRURNBGDXX01,2035,0.0
GLOBAL,PWRURNBGDXX01,2036,0.0
GLOBAL,PWRURNBGDXX01,2037,0.0
GLOBAL,PWRURNBGDXX01,2038,0.0
GLOBAL,PWRURNBGDXX01,2039,0.0
GLOBAL,PWRURNBGDXX01,2040,0.0
GLOBAL,PWRURNBGDXX01,2041,0.0
GLOBAL,PWRURNBGDXX01,2042,0.0
GLOBAL,PWRURNBGDXX01,2043,0.0
GLOBAL,PWRURNBGDXX01,2044,0.0
GLOBAL,PWRURNBGDXX01,2045,0.0
GLOBAL,PWRURNBGDXX01,2046,0.0
GLOBAL,PWRURNBGDXX01,2047,0.0
GLOBAL,PWRURNBGDXX01,2048,0.0
GLOBAL,PWRURNBGDXX01,2049,0.0
GLOBAL,PWRURNBGDXX01,2050,0.0
GLOBAL,PWRWAVINDSO01,2023,0.0
GLOBAL,PWRWAVINDSO01,2024,0.0
GLOBAL,PWRWAVINDSO01,2025,0.0
GLOBAL,PWRWAVINDSO01,2026,0.0
GLOBAL,PWRWAVINDSO01,2027,0.0
GLOBAL,PWRWAVINDSO01,2028,0.0
GLOBAL,PWRWAVINDSO01,2029,0.0
GLOBAL,PWRWAVINDSO01,2030,0.0
GLOBAL,PWRWAVINDSO01,2031,0.0
GLOBAL,PWRWAVINDSO01,2032,0.0
GLOBAL,PWRWAVINDSO01,2033,0.0
GLOBAL,PWRWAVINDSO01,2034,0.0
GLOBAL,PWRWAVINDSO01,2035,0.0
GLOBAL,PWRWAVINDSO01,2036,0.0
GLOBAL,PWRWAVINDSO01,2037,0.0
GLOBAL,PWRWAVINDSO01,2038,0.0
GLOBAL,PWRWAVINDSO01,2039,0.0
GLOBAL,PWRWAVINDSO01,2040,0.0
GLOBAL,PWRWAVINDSO01,2041,0.0
GLOBAL,PWRWAVINDSO01,2042,0.0
GLOBAL,PWRWAVINDSO01,2043,0.0
GLOBAL,PWRWAVINDSO01,2044,0.0
GLOBAL,PWRWAVINDSO01,2045,0.0
GLOBAL,PWRWAVINDSO01,2046,0.0
GLOBAL,PWRWAVINDSO01,2047,0.0
GLOBAL,PWRWAVINDSO01,2048,0.0
GLOBAL,PWRWAVINDSO01,2049,0.0
GLOBAL,PWRWAVINDSO01,2050,0.0
GLOBAL,PWRPETLKAXX01,2023,0.0
GLOBAL,PWRPETLKAXX01,2024,0.0
GLOBAL,PWRPETLKAXX01,2025,0.0
GLOBAL,PWRPETLKAXX01,2026,0.0
GLOBAL,PWRPETLKAXX01,2027,0.0
GLOBAL,PWRPETLKAXX01,2028,0.0
GLOBAL,PWRPETLKAXX01,2029,0.0
GLOBAL,PWRPETLKAXX01,2030,0.0
GLOBAL,PWRPETLKAXX01,2031,0.0
GLOBAL,PWRPETLKAXX01,2032,0.0
GLOBAL,PWRPETLKAXX01,2033,0.0
GLOBAL,PWRPETLKAXX01,2034,0.0
GLOBAL,PWRPETLKAXX01,2035,0.0
GLOBAL,PWRPETLKAXX01,2036,0.0
GLOBAL,PWRPETLKAXX01,2037,0.0
GLOBAL,PWRPETLKAXX01,2038,0.0
GLOBAL,PWRPETLKAXX01,2039,0.0
GLOBAL,PWRPETLKAXX01,2040,0.0
GLOBAL,PWRPETLKAXX01,2041,0.0
GLOBAL,PWRPETLKAXX01,2042,0.0
GLOBAL,PWRPETLKAXX01,2043,0.0
GLOBAL,PWRPETLKAXX01,2044,0.0
GLOBAL,PWRPETLKAXX01,2045,0.0
GLOBAL,PWRPETLKAXX01,2046,0.0
GLOBAL,PWRPETLKAXX01,2047,0.0
GLOBAL,PWRPETLKAXX01,2048,0.0
GLOBAL,PWRPETLKAXX01,2049,0.0
GLOBAL,PWRPETLKAXX01,2050,0.0
GLOBAL,PWRCOGINDSO01,2023,0.0
GLOBAL,PWRCOGINDSO01,2024,0.0
GLOBAL,PWRCOGINDSO01,2025,0.0
GLOBAL,PWRCOGINDSO01,2026,0.0
GLOBAL,PWRCOGINDSO01,2027,0.0
GLOBAL,PWRCOGINDSO01,2028,0.0
GLOBAL,PWRCOGINDSO01,2029,0.0
GLOBAL,PWRCOGINDSO01,2030,0.0
GLOBAL,PWRCOGINDSO01,2031,0.0
GLOBAL,PWRCOGINDSO01,2032,0.0
GLOBAL,PWRCOGINDSO01,2033,0.0
GLOBAL,PWRCOGINDSO01,2034,0.0
GLOBAL,PWRCOGINDSO01,2035,0.0
GLOBAL,PWRCOGINDSO01,2036,0.0
GLOBAL,PWRCOGINDSO01,2037,0.0
GLOBAL,PWRCOGINDSO01,2038,0.0
GLOBAL,PWRCOGINDSO01,2039,0.0
GLOBAL,PWRCOGINDSO01,2040,0.0
GLOBAL,PWRCOGINDSO01,2041,0.0
GLOBAL,PWRCOGINDSO01,2042,0.0
GLOBAL,PWRCOGINDSO01,2043,0.0
GLOBAL,PWRCOGINDSO01,2044,0.0
GLOBAL,PWRCOGINDSO01,2045,0.0
GLOBAL,PWRCOGINDSO01,2046,0.0
GLOBAL,PWRCOGINDSO01,2047,0.0
GLOBAL,PWRCOGINDSO01,2048,0.0
GLOBAL,PWRCOGINDSO01,2049,0.0
GLOBAL,PWRCOGINDSO01,2050,0.0
GLOBAL,PWRURNINDEA01,2023,0.0
GLOBAL,PWRURNINDEA01,2024,0.0
GLOBAL,PWRURNINDEA01,2025,0.0
GLOBAL,PWRURNINDEA01,2026,0.0
GLOBAL,PWRURNINDEA01,2027,0.0
GLOBAL,PWRURNINDEA01,2028,0.0
GLOBAL,PWRURNINDEA01,2029,0.0
GLOBAL,PWRURNINDEA01,2030,0.0
GLOBAL,PWRURNINDEA01,2031,0.0
GLOBAL,PWRURNINDEA01,2032,0.0
GLOBAL,PWRURNINDEA01,2033,0.0
GLOBAL,PWRURNINDEA01,2034,0.0
GLOBAL,PWRURNINDEA01,2035,0.0
GLOBAL,PWRURNINDEA01,2036,0.0
GLOBAL,PWRURNINDEA01,2037,0.0
GLOBAL,PWRURNINDEA01,2038,0.0
GLOBAL,PWRURNINDEA01,2039,0.0
GLOBAL,PWRURNINDEA01,2040,0.0
GLOBAL,PWRURNINDEA01,2041,0.0
GLOBAL,PWRURNINDEA01,2042,0.0
GLOBAL,PWRURNINDEA01,2043,0.0
GLOBAL,PWRURNINDEA01,2044,0.0
GLOBAL,PWRURNINDEA01,2045,0.0
GLOBAL,PWRURNINDEA01,2046,0.0
GLOBAL,PWRURNINDEA01,2047,0.0
GLOBAL,PWRURNINDEA01,2048,0.0
GLOBAL,PWRURNINDEA01,2049,0.0
GLOBAL,PWRURNINDEA01,2050,0.0
GLOBAL,PWROTHNPLXX01,2023,0.0
GLOBAL,PWROTHNPLXX01,2024,0.0
GLOBAL,PWROTHNPLXX01,2025,0.0
GLOBAL,PWROTHNPLXX01,2026,0.0
GLOBAL,PWROTHNPLXX01,2027,0.0
GLOBAL,PWROTHNPLXX01,2028,0.0
GLOBAL,PWROTHNPLXX01,2029,0.0
GLOBAL,PWROTHNPLXX01,2030,0.0
GLOBAL,PWROTHNPLXX01,2031,0.0
GLOBAL,PWROTHNPLXX01,2032,0.0
GLOBAL,PWROTHNPLXX01,2033,0.0
GLOBAL,PWROTHNPLXX01,2034,0.0
GLOBAL,PWROTHNPLXX01,2035,0.0
GLOBAL,PWROTHNPLXX01,2036,0.0
GLOBAL,PWROTHNPLXX01,2037,0.0
GLOBAL,PWROTHNPLXX01,2038,0.0
GLOBAL,PWROTHNPLXX01,2039,0.0
GLOBAL,PWROTHNPLXX01,2040,0.0
GLOBAL,PWROTHNPLXX01,2041,0.0
GLOBAL,PWROTHNPLXX01,2042,0.0
GLOBAL,PWROTHNPLXX01,2043,0.0
GLOBAL,PWROTHNPLXX01,2044,0.0
GLOBAL,PWROTHNPLXX01,2045,0.0
GLOBAL,PWROTHNPLXX01,2046,0.0
GLOBAL,PWROTHNPLXX01,2047,0.0
GLOBAL,PWROTHNPLXX01,2048,0.0
GLOBAL,PWROTHNPLXX01,2049,0.0
GLOBAL,PWROTHNPLXX01,2050,0.0
GLOBAL,PWRBIOINDNE01,2023,0.0
GLOBAL,PWRBIOINDNE01,2024,0.0
GLOBAL,PWRBIOINDNE01,2025,0.0
GLOBAL,PWRBIOINDNE01,2026,0.0
GLOBAL,PWRBIOINDNE01,2027,0.0
GLOBAL,PWRBIOINDNE01,2028,0.0
GLOBAL,PWRBIOINDNE01,2029,0.0
GLOBAL,PWRBIOINDNE01,2030,0.0
GLOBAL,PWRBIOINDNE01,2031,0.0
GLOBAL,PWRBIOINDNE01,2032,0.0
GLOBAL,PWRBIOINDNE01,2033,0.0
GLOBAL,PWRBIOINDNE01,2034,0.0
GLOBAL,PWRBIOINDNE01,2035,0.0
GLOBAL,PWRBIOINDNE01,2036,0.0
GLOBAL,PWRBIOINDNE01,2037,0.0
GLOBAL,PWRBIOINDNE01,2038,0.0
GLOBAL,PWRBIOINDNE01,2039,0.0
GLOBAL,PWRBIOINDNE01,2040,0.0
GLOBAL,PWRBIOINDNE01,2041,0.0
GLOBAL,PWRBIOINDNE01,2042,0.0
GLOBAL,PWRBIOINDNE01,2043,0.0
GLOBAL,PWRBIOINDNE01,2044,0.0
GLOBAL,PWRBIOINDNE01,2045,0.0
GLOBAL,PWRBIOINDNE01,2046,0.0
GLOBAL,PWRBIOINDNE01,2047,0.0
GLOBAL,PWRBIOINDNE01,2048,0.0
GLOBAL,PWRBIOINDNE01,2049,0.0
GLOBAL,PWRBIOINDNE01,2050,0.0
GLOBAL,PWRCOGLKAXX01,2023,0.0
GLOBAL,PWRCOGLKAXX01,2024,0.0
GLOBAL,PWRCOGLKAXX01,2025,0.0
GLOBAL,PWRCOGLKAXX01,2026,0.0
GLOBAL,PWRCOGLKAXX01,2027,0.0
GLOBAL,PWRCOGLKAXX01,2028,0.0
GLOBAL,PWRCOGLKAXX01,2029,0.0
GLOBAL,PWRCOGLKAXX01,2030,0.0
GLOBAL,PWRCOGLKAXX01,2031,0.0
GLOBAL,PWRCOGLKAXX01,2032,0.0
GLOBAL,PWRCOGLKAXX01,2033,0.0
GLOBAL,PWRCOGLKAXX01,2034,0.0
GLOBAL,PWRCOGLKAXX01,2035,0.0
GLOBAL,PWRCOGLKAXX01,2036,0.0
GLOBAL,PWRCOGLKAXX01,2037,0.0
GLOBAL,PWRCOGLKAXX01,2038,0.0
GLOBAL,PWRCOGLKAXX01,2039,0.0
GLOBAL,PWRCOGLKAXX01,2040,0.0
GLOBAL,PWRCOGLKAXX01,2041,0.0
GLOBAL,PWRCOGLKAXX01,2042,0.0
GLOBAL,PWRCOGLKAXX01,2043,0.0
GLOBAL,PWRCOGLKAXX01,2044,0.0
GLOBAL,PWRCOGLKAXX01,2045,0.0
GLOBAL,PWRCOGLKAXX01,2046,0.0
GLOBAL,PWRCOGLKAXX01,2047,0.0
GLOBAL,PWRCOGLKAXX01,2048,0.0
GLOBAL,PWRCOGLKAXX01,2049,0.0
GLOBAL,PWRCOGLKAXX01,2050,0.0
GLOBAL,PWRPETINDNE01,2023,0.0
GLOBAL,PWRPETINDNE01,2024,0.0
GLOBAL,PWRPETINDNE01,2025,0.0
GLOBAL,PWRPETINDNE01,2026,0.0
GLOBAL,PWRPETINDNE01,2027,0.0
GLOBAL,PWRPETINDNE01,2028,0.0
GLOBAL,PWRPETINDNE01,2029,0.0
GLOBAL,PWRPETINDNE01,2030,0.0
GLOBAL,PWRPETINDNE01,2031,0.0
GLOBAL,PWRPETINDNE01,2032,0.0
GLOBAL,PWRPETINDNE01,2033,0.0
GLOBAL,PWRPETINDNE01,2034,0.0
GLOBAL,PWRPETINDNE01,2035,0.0
GLOBAL,PWRPETINDNE01,2036,0.0
GLOBAL,PWRPETINDNE01,2037,0.0
GLOBAL,PWRPETINDNE01,2038,0.0
GLOBAL,PWRPETINDNE01,2039,0.0
GLOBAL,PWRPETINDNE01,2040,0.0
GLOBAL,PWRPETINDNE01,2041,0.0
GLOBAL,PWRPETINDNE01,2042,0.0
GLOBAL,PWRPETINDNE01,2043,0.0
GLOBAL,PWRPETINDNE01,2044,0.0
GLOBAL,PWRPETINDNE01,2045,0.0
GLOBAL,PWRPETINDNE01,2046,0.0
GLOBAL,PWRPETINDNE01,2047,0.0
GLOBAL,PWRPETINDNE01,2048,0.0
GLOBAL,PWRPETINDNE01,2049,0.0
GLOBAL,PWRPETINDNE01,2050,0.0
GLOBAL,PWRURNINDSO01,2023,0.0
GLOBAL,PWRURNINDSO01,2024,0.0
GLOBAL,PWRURNINDSO01,2025,0.0
GLOBAL,PWRURNINDSO01,2026,0.0
GLOBAL,PWRURNINDSO01,2027,0.0
GLOBAL,PWRURNINDSO01,2028,0.0
GLOBAL,PWRURNINDSO01,2029,0.0
GLOBAL,PWRURNINDSO01,2030,0.0
GLOBAL,PWRURNINDSO01,2031,0.0
GLOBAL,PWRURNINDSO01,2032,0.0
GLOBAL,PWRURNINDSO01,2033,0.0
GLOBAL,PWRURNINDSO01,2034,0.0
GLOBAL,PWRURNINDSO01,2035,0.0
GLOBAL,PWRURNINDSO01,2036,0.0
GLOBAL,PWRURNINDSO01,2037,0.0
GLOBAL,PWRURNINDSO01,2038,0.0
GLOBAL,PWRURNINDSO01,2039,0.0
GLOBAL,PWRURNINDSO01,2040,0.0
GLOBAL,PWRURNINDSO01,2041,0.0
GLOBAL,PWRURNINDSO01,2042,0.0
GLOBAL,PWRURNINDSO01,2043,0.0
GLOBAL,PWRURNINDSO01,2044,0.0
GLOBAL,PWRURNINDSO01,2045,0.0
GLOBAL,PWRURNINDSO01,2046,0.0
GLOBAL,PWRURNINDSO01,2047,0.0
GLOBAL,PWRURNINDSO01,2048,0.0
GLOBAL,PWRURNINDSO01,2049,0.0
GLOBAL,PWRURNINDSO01,2050,0.0
GLOBAL,PWRBIOINDEA01,2023,0.0
GLOBAL,PWRBIOINDEA01,2024,0.0
GLOBAL,PWRBIOINDEA01,2025,0.0
GLOBAL,PWRBIOINDEA01,2026,0.0
GLOBAL,PWRBIOINDEA01,2027,0.0
GLOBAL,PWRBIOINDEA01,2028,0.0
GLOBAL,PWRBIOINDEA01,2029,0.0
GLOBAL,PWRBIOINDEA01,2030,0.0
GLOBAL,PWRBIOINDEA01,2031,0.0
GLOBAL,PWRBIOINDEA01,2032,0.0
GLOBAL,PWRBIOINDEA01,2033,0.0
GLOBAL,PWRBIOINDEA01,2034,0.0
GLOBAL,PWRBIOINDEA01,2035,0.0
GLOBAL,PWRBIOINDEA01,2036,0.0
GLOBAL,PWRBIOINDEA01,2037,0.0
GLOBAL,PWRBIOINDEA01,2038,0.0
GLOBAL,PWRBIOINDEA01,2039,0.0
GLOBAL,PWRBIOINDEA01,2040,0.0
GLOBAL,PWRBIOINDEA01,2041,0.0
GLOBAL,PWRBIOINDEA01,2042,0.0
GLOBAL,PWRBIOINDEA01,2043,0.0
GLOBAL,PWRBIOINDEA01,2044,0.0
GLOBAL,PWRBIOINDEA01,2045,0.0
GLOBAL,PWRBIOINDEA01,2046,0.0
GLOBAL,PWRBIOINDEA01,2047,0.0
GLOBAL,PWRBIOINDEA01,2048,0.0
GLOBAL,PWRBIOINDEA01,2049,0.0
GLOBAL,PWRBIOINDEA01,2050,0.0
GLOBAL,PWRCSPLKAXX01,2023,0.0
GLOBAL,PWRCSPLKAXX01,2024,0.0
GLOBAL,PWRCSPLKAXX01,2025,0.0
GLOBAL,PWRCSPLKAXX01,2026,0.0
GLOBAL,PWRCSPLKAXX01,2027,0.0
GLOBAL,PWRCSPLKAXX01,2028,0.0
GLOBAL,PWRCSPLKAXX01,2029,0.0
GLOBAL,PWRCSPLKAXX01,2030,0.0
GLOBAL,PWRCSPLKAXX01,2031,0.0
GLOBAL,PWRCSPLKAXX01,2032,0.0
GLOBAL,PWRCSPLKAXX01,2033,0.0
GLOBAL,PWRCSPLKAXX01,2034,0.0
GLOBAL,PWRCSPLKAXX01,2035,0.0
GLOBAL,PWRCSPLKAXX01,2036,0.0
GLOBAL,PWRCSPLKAXX01,2037,0.0
GLOBAL,PWRCSPLKAXX01,2038,0.0
GLOBAL,PWRCSPLKAXX01,2039,0.0
GLOBAL,PWRCSPLKAXX01,2040,0.0
GLOBAL,PWRCSPLKAXX01,2041,0.0
GLOBAL,PWRCSPLKAXX01,2042,0.0
GLOBAL,PWRCSPLKAXX01,2043,0.0
GLOBAL,PWRCSPLKAXX01,2044,0.0
GLOBAL,PWRCSPLKAXX01,2045,0.0
GLOBAL,PWRCSPLKAXX01,2046,0.0
GLOBAL,PWRCSPLKAXX01,2047,0.0
GLOBAL,PWRCSPLKAXX01,2048,0.0
GLOBAL,PWRCSPLKAXX01,2049,0.0
GLOBAL,PWRCSPLKAXX01,2050,0.0
GLOBAL,PWRCOGINDEA01,2023,0.0
GLOBAL,PWRCOGINDEA01,2024,0.0
GLOBAL,PWRCOGINDEA01,2025,0.0
GLOBAL,PWRCOGINDEA01,2026,0.0
GLOBAL,PWRCOGINDEA01,2027,0.0
GLOBAL,PWRCOGINDEA01,2028,0.0
GLOBAL,PWRCOGINDEA01,2029,0.0
GLOBAL,PWRCOGINDEA01,2030,0.0
GLOBAL,PWRCOGINDEA01,2031,0.0
GLOBAL,PWRCOGINDEA01,2032,0.0
GLOBAL,PWRCOGINDEA01,2033,0.0
GLOBAL,PWRCOGINDEA01,2034,0.0
GLOBAL,PWRCOGINDEA01,2035,0.0
GLOBAL,PWRCOGINDEA01,2036,0.0
GLOBAL,PWRCOGINDEA01,2037,0.0
GLOBAL,PWRCOGINDEA01,2038,0.0
GLOBAL,PWRCOGINDEA01,2039,0.0
GLOBAL,PWRCOGINDEA01,2040,0.0
GLOBAL,PWRCOGINDEA01,2041,0.0
GLOBAL,PWRCOGINDEA01,2042,0.0
GLOBAL,PWRCOGINDEA01,2043,0.0
GLOBAL,PWRCOGINDEA01,2044,0.0
GLOBAL,PWRCOGINDEA01,2045,0.0
GLOBAL,PWRCOGINDEA01,2046,0.0
GLOBAL,PWRCOGINDEA01,2047,0.0
GLOBAL,PWRCOGINDEA01,2048,0.0
GLOBAL,PWRCOGINDEA01,2049,0.0
GLOBAL,PWRCOGINDEA01,2050,0.0
GLOBAL,PWRURNINDWE01,2023,0.0
GLOBAL,PWRURNINDWE01,2024,0.0
GLOBAL,PWRURNINDWE01,2025,0.0
GLOBAL,PWRURNINDWE01,2026,0.0
GLOBAL,PWRURNINDWE01,2027,0.0
GLOBAL,PWRURNINDWE01,2028,0.0
GLOBAL,PWRURNINDWE01,2029,0.0
GLOBAL,PWRURNINDWE01,2030,0.0
GLOBAL,PWRURNINDWE01,2031,0.0
GLOBAL,PWRURNINDWE01,2032,0.0
GLOBAL,PWRURNINDWE01,2033,0.0
GLOBAL,PWRURNINDWE01,2034,0.0
GLOBAL,PWRURNINDWE01,2035,0.0
GLOBAL,PWRURNINDWE01,2036,0.0
GLOBAL,PWRURNINDWE01,2037,0.0
GLOBAL,PWRURNINDWE01,2038,0.0
GLOBAL,PWRURNINDWE01,2039,0.0
GLOBAL,PWRURNINDWE01,2040,0.0
GLOBAL,PWRURNINDWE01,2041,0.0
GLOBAL,PWRURNINDWE01,2042,0.0
GLOBAL,PWRURNINDWE01,2043,0.0
GLOBAL,PWRURNINDWE01,2044,0.0
GLOBAL,PWRURNINDWE01,2045,0.0
GLOBAL,PWRURNINDWE01,2046,0.0
GLOBAL,PWRURNINDWE01,2047,0.0
GLOBAL,PWRURNINDWE01,2048,0.0
GLOBAL,PWRURNINDWE01,2049,0.0
GLOBAL,PWRURNINDWE01,2050,0.0
GLOBAL,PWRBIOLKAXX01,2023,0.0
GLOBAL,PWRBIOLKAXX01,2024,0.0
GLOBAL,PWRBIOLKAXX01,2025,0.0
GLOBAL,PWRBIOLKAXX01,2026,0.0
GLOBAL,PWRBIOLKAXX01,2027,0.0
GLOBAL,PWRBIOLKAXX01,2028,0.0
GLOBAL,PWRBIOLKAXX01,2029,0.0
GLOBAL,PWRBIOLKAXX01,2030,0.0
GLOBAL,PWRBIOLKAXX01,2031,0.0
GLOBAL,PWRBIOLKAXX01,2032,0.0
GLOBAL,PWRBIOLKAXX01,2033,0.0
GLOBAL,PWRBIOLKAXX01,2034,0.0
GLOBAL,PWRBIOLKAXX01,2035,0.0
GLOBAL,PWRBIOLKAXX01,2036,0.0
GLOBAL,PWRBIOLKAXX01,2037,0.0
GLOBAL,PWRBIOLKAXX01,2038,0.0
GLOBAL,PWRBIOLKAXX01,2039,0.0
GLOBAL,PWRBIOLKAXX01,2040,0.0
GLOBAL,PWRBIOLKAXX01,2041,0.0
GLOBAL,PWRBIOLKAXX01,2042,0.0
GLOBAL,PWRBIOLKAXX01,2043,0.0
GLOBAL,PWRBIOLKAXX01,2044,0.0
GLOBAL,PWRBIOLKAXX01,2045,0.0
GLOBAL,PWRBIOLKAXX01,2046,0.0
GLOBAL,PWRBIOLKAXX01,2047,0.0
GLOBAL,PWRBIOLKAXX01,2048,0.0
GLOBAL,PWRBIOLKAXX01,2049,0.0
GLOBAL,PWRBIOLKAXX01,2050,0.0
GLOBAL,PWRGEOINDWE01,2023,0.0
GLOBAL,PWRGEOINDWE01,2024,0.0
GLOBAL,PWRGEOINDWE01,2025,0.0
GLOBAL,PWRGEOINDWE01,2026,0.0
GLOBAL,PWRGEOINDWE01,2027,0.0
GLOBAL,PWRGEOINDWE01,2028,0.0
GLOBAL,PWRGEOINDWE01,2029,0.0
GLOBAL,PWRGEOINDWE01,2030,0.0
GLOBAL,PWRGEOINDWE01,2031,0.0
GLOBAL,PWRGEOINDWE01,2032,0.0
GLOBAL,PWRGEOINDWE01,2033,0.0
GLOBAL,PWRGEOINDWE01,2034,0.0
GLOBAL,PWRGEOINDWE01,2035,0.0
GLOBAL,PWRGEOINDWE01,2036,0.0
GLOBAL,PWRGEOINDWE01,2037,0.0
GLOBAL,PWRGEOINDWE01,2038,0.0
GLOBAL,PWRGEOINDWE01,2039,0.0
GLOBAL,PWRGEOINDWE01,2040,0.0
GLOBAL,PWRGEOINDWE01,2041,0.0
GLOBAL,PWRGEOINDWE01,2042,0.0
GLOBAL,PWRGEOINDWE01,2043,0.0
GLOBAL,PWRGEOINDWE01,2044,0.0
GLOBAL,PWRGEOINDWE01,2045,0.0
GLOBAL,PWRGEOINDWE01,2046,0.0
GLOBAL,PWRGEOINDWE01,2047,0.0
GLOBAL,PWRGEOINDWE01,2048,0.0
GLOBAL,PWRGEOINDWE01,2049,0.0
GLOBAL,PWRGEOINDWE01,2050,0.0
GLOBAL,PWROTHINDEA01,2023,0.0
GLOBAL,PWROTHINDEA01,2024,0.0
GLOBAL,PWROTHINDEA01,2025,0.0
GLOBAL,PWROTHINDEA01,2026,0.0
GLOBAL,PWROTHINDEA01,2027,0.0
GLOBAL,PWROTHINDEA01,2028,0.0
GLOBAL,PWROTHINDEA01,2029,0.0
GLOBAL,PWROTHINDEA01,2030,0.0
GLOBAL,PWROTHINDEA01,2031,0.0
GLOBAL,PWROTHINDEA01,2032,0.0
GLOBAL,PWROTHINDEA01,2033,0.0
GLOBAL,PWROTHINDEA01,2034,0.0
GLOBAL,PWROTHINDEA01,2035,0.0
GLOBAL,PWROTHINDEA01,2036,0.0
GLOBAL,PWROTHINDEA01,2037,0.0
GLOBAL,PWROTHINDEA01,2038,0.0
GLOBAL,PWROTHINDEA01,2039,0.0
GLOBAL,PWROTHINDEA01,2040,0.0
GLOBAL,PWROTHINDEA01,2041,0.0
GLOBAL,PWROTHINDEA01,2042,0.0
GLOBAL,PWROTHINDEA01,2043,0.0
GLOBAL,PWROTHINDEA01,2044,0.0
GLOBAL,PWROTHINDEA01,2045,0.0
GLOBAL,PWROTHINDEA01,2046,0.0
GLOBAL,PWROTHINDEA01,2047,0.0
GLOBAL,PWROTHINDEA01,2048,0.0
GLOBAL,PWROTHINDEA01,2049,0.0
GLOBAL,PWROTHINDEA01,2050,0.0
GLOBAL,PWROTHINDSO01,2023,0.0
GLOBAL,PWROTHINDSO01,2024,0.0
GLOBAL,PWROTHINDSO01,2025,0.0
GLOBAL,PWROTHINDSO01,2026,0.0
GLOBAL,PWROTHINDSO01,2027,0.0
GLOBAL,PWROTHINDSO01,2028,0.0
GLOBAL,PWROTHINDSO01,2029,0.0
GLOBAL,PWROTHINDSO01,2030,0.0
GLOBAL,PWROTHINDSO01,2031,0.0
GLOBAL,PWROTHINDSO01,2032,0.0
GLOBAL,PWROTHINDSO01,2033,0.0
GLOBAL,PWROTHINDSO01,2034,0.0
GLOBAL,PWROTHINDSO01,2035,0.0
GLOBAL,PWROTHINDSO01,2036,0.0
GLOBAL,PWROTHINDSO01,2037,0.0
GLOBAL,PWROTHINDSO01,2038,0.0
GLOBAL,PWROTHINDSO01,2039,0.0
GLOBAL,PWROTHINDSO01,2040,0.0
GLOBAL,PWROTHINDSO01,2041,0.0
GLOBAL,PWROTHINDSO01,2042,0.0
GLOBAL,PWROTHINDSO01,2043,0.0
GLOBAL,PWROTHINDSO01,2044,0.0
GLOBAL,PWROTHINDSO01,2045,0.0
GLOBAL,PWROTHINDSO01,2046,0.0
GLOBAL,PWROTHINDSO01,2047,0.0
GLOBAL,PWROTHINDSO01,2048,0.0
GLOBAL,PWROTHINDSO01,2049,0.0
GLOBAL,PWROTHINDSO01,2050,0.0
GLOBAL,PWRCCGBGDXX01,2023,0.0
GLOBAL,PWRCCGBTNXX01,2023,0.0
GLOBAL,PWRCCGINDEA01,2023,0.0
GLOBAL,PWRCCGINDNE01,2023,0.0
GLOBAL,PWRCCGINDNO01,2023,0.0
GLOBAL,PWRCCGINDSO01,2023,0.0
GLOBAL,PWRCCGINDWE01,2023,0.0
GLOBAL,PWRCCGNPLXX01,2023,0.0
GLOBAL,PWRCCSBGDXX01,2023,0.0
GLOBAL,PWRCCSBGDXX01,2024,0.0
GLOBAL,PWRCCSBGDXX01,2025,0.0
GLOBAL,PWRCCSBGDXX01,2026,0.0
GLOBAL,PWRCCSBGDXX01,2027,0.0
GLOBAL,PWRCCSBGDXX01,2028,0.0
GLOBAL,PWRCCSBGDXX01,2029,0.0
GLOBAL,PWRCCSBGDXX01,2030,0.0
GLOBAL,PWRCCSBGDXX01,2031,0.0
GLOBAL,PWRCCSBGDXX01,2032,0.0
GLOBAL,PWRCCSBGDXX01,2033,0.0
GLOBAL,PWRCCSBGDXX01,2034,0.0
GLOBAL,PWRCCSBGDXX01,2035,0.0
GLOBAL,PWRCCSBGDXX01,2036,0.0
GLOBAL,PWRCCSBGDXX01,2037,0.0
GLOBAL,PWRCCSBGDXX01,2038,0.0
GLOBAL,PWRCCSBGDXX01,2039,0.0
GLOBAL,PWRCCSBTNXX01,2023,0.0
GLOBAL,PWRCCSBTNXX01,2024,0.0
GLOBAL,PWRCCSBTNXX01,2025,0.0
GLOBAL,PWRCCSBTNXX01,2026,0.0
GLOBAL,PWRCCSBTNXX01,2027,0.0
GLOBAL,PWRCCSBTNXX01,2028,0.0
GLOBAL,PWRCCSBTNXX01,2029,0.0
GLOBAL,PWRCCSBTNXX01,2030,0.0
GLOBAL,PWRCCSBTNXX01,2031,0.0
GLOBAL,PWRCCSBTNXX01,2032,0.0
GLOBAL,PWRCCSBTNXX01,2033,0.0
GLOBAL,PWRCCSBTNXX01,2034,0.0
GLOBAL,PWRCCSBTNXX01,2035,0.0
GLOBAL,PWRCCSBTNXX01,2036,0.0
GLOBAL,PWRCCSBTNXX01,2037,0.0
GLOBAL,PWRCCSBTNXX01,2038,0.0
GLOBAL,PWRCCSBTNXX01,2039,0.0
GLOBAL,PWRCCSINDEA01,2023,0.0
GLOBAL,PWRCCSINDEA01,2024,0.0
GLOBAL,PWRCCSINDEA01,2025,0.0
GLOBAL,PWRCCSINDEA01,2026,0.0
GLOBAL,PWRCCSINDEA01,2027,0.0
GLOBAL,PWRCCSINDEA01,2028,0.0
GLOBAL,PWRCCSINDEA01,2029,0.0
GLOBAL,PWRCCSINDEA01,2030,0.0
GLOBAL,PWRCCSINDEA01,2031,0.0
GLOBAL,PWRCCSINDEA01,2032,0.0
GLOBAL,PWRCCSINDEA01,2033,0.0
GLOBAL,PWRCCSINDEA01,2034,0.0
GLOBAL,PWRCCSINDEA01,2035,0.0
GLOBAL,PWRCCSINDEA01,2036,0.0
GLOBAL,PWRCCSINDEA01,2037,0.0
GLOBAL,PWRCCSINDEA01,2038,0.0
GLOBAL,PWRCCSINDEA01,2039,0.0
GLOBAL,PWRCCSINDNE01,2023,0.0
GLOBAL,PWRCCSINDNE01,2024,0.0
GLOBAL,PWRCCSINDNE01,2025,0.0
GLOBAL,PWRCCSINDNE01,2026,0.0
GLOBAL,PWRCCSINDNE01,2027,0.0
GLOBAL,PWRCCSINDNE01,2028,0.0
GLOBAL,PWRCCSINDNE01,2029,0.0
GLOBAL,PWRCCSINDNE01,2030,0.0
GLOBAL,PWRCCSINDNE01,2031,0.0
GLOBAL,PWRCCSINDNE01,2032,0.0
GLOBAL,PWRCCSINDNE01,2033,0.0
GLOBAL,PWRCCSINDNE01,2034,0.0
GLOBAL,PWRCCSINDNE01,2035,0.0
GLOBAL,PWRCCSINDNE01,2036,0.0
GLOBAL,PWRCCSINDNE01,2037,0.0
GLOBAL,PWRCCSINDNE01,2038,0.0
GLOBAL,PWRCCSINDNE01,2039,0.0
GLOBAL,PWRCCSINDNO01,2023,0.0
GLOBAL,PWRCCSINDNO01,2024,0.0
GLOBAL,PWRCCSINDNO01,2025,0.0
GLOBAL,PWRCCSINDNO01,2026,0.0
GLOBAL,PWRCCSINDNO01,2027,0.0
GLOBAL,PWRCCSINDNO01,2028,0.0
GLOBAL,PWRCCSINDNO01,2029,0.0
GLOBAL,PWRCCSINDNO01,2030,0.0
GLOBAL,PWRCCSINDNO01,2031,0.0
GLOBAL,PWRCCSINDNO01,2032,0.0
GLOBAL,PWRCCSINDNO01,2033,0.0
GLOBAL,PWRCCSINDNO01,2034,0.0
GLOBAL,PWRCCSINDNO01,2035,0.0
GLOBAL,PWRCCSINDNO01,2036,0.0
GLOBAL,PWRCCSINDNO01,2037,0.0
GLOBAL,PWRCCSINDNO01,2038,0.0
GLOBAL,PWRCCSINDNO01,2039,0.0
GLOBAL,PWRCCSINDSO01,2023,0.0
GLOBAL,PWRCCSINDSO01,2024,0.0
GLOBAL,PWRCCSINDSO01,2025,0.0
GLOBAL,PWRCCSINDSO01,2026,0.0
GLOBAL,PWRCCSINDSO01,2027,0.0
GLOBAL,PWRCCSINDSO01,2028,0.0
GLOBAL,PWRCCSINDSO01,2029,0.0
GLOBAL,PWRCCSINDSO01,2030,0.0
GLOBAL,PWRCCSINDSO01,2031,0.0
GLOBAL,PWRCCSINDSO01,2032,0.0
GLOBAL,PWRCCSINDSO01,2033,0.0
GLOBAL,PWRCCSINDSO01,2034,0.0
GLOBAL,PWRCCSINDSO01,2035,0.0
GLOBAL,PWRCCSINDSO01,2036,0.0
GLOBAL,PWRCCSINDSO01,2037,0.0
GLOBAL,PWRCCSINDSO01,2038,0.0
GLOBAL,PWRCCSINDSO01,2039,0.0
GLOBAL,PWRCCSINDWE01,2023,0.0
GLOBAL,PWRCCSINDWE01,2024,0.0
GLOBAL,PWRCCSINDWE01,2025,0.0
GLOBAL,PWRCCSINDWE01,2026,0.0
GLOBAL,PWRCCSINDWE01,2027,0.0
GLOBAL,PWRCCSINDWE01,2028,0.0
GLOBAL,PWRCCSINDWE01,2029,0.0
GLOBAL,PWRCCSINDWE01,2030,0.0
GLOBAL,PWRCCSINDWE01,2031,0.0
GLOBAL,PWRCCSINDWE01,2032,0.0
GLOBAL,PWRCCSINDWE01,2033,0.0
GLOBAL,PWRCCSINDWE01,2034,0.0
GLOBAL,PWRCCSINDWE01,2035,0.0
GLOBAL,PWRCCSINDWE01,2036,0.0
GLOBAL,PWRCCSINDWE01,2037,0.0
GLOBAL,PWRCCSINDWE01,2038,0.0
GLOBAL,PWRCCSINDWE01,2039,0.0
GLOBAL,PWRCCSNPLXX01,2023,0.0
GLOBAL,PWRCCSNPLXX01,2024,0.0
GLOBAL,PWRCCSNPLXX01,2025,0.0
GLOBAL,PWRCCSNPLXX01,2026,0.0
GLOBAL,PWRCCSNPLXX01,2027,0.0
GLOBAL,PWRCCSNPLXX01,2028,0.0
GLOBAL,PWRCCSNPLXX01,2029,0.0
GLOBAL,PWRCCSNPLXX01,2030,0.0
GLOBAL,PWRCCSNPLXX01,2031,0.0
GLOBAL,PWRCCSNPLXX01,2032,0.0
GLOBAL,PWRCCSNPLXX01,2033,0.0
GLOBAL,PWRCCSNPLXX01,2034,0.0
GLOBAL,PWRCCSNPLXX01,2035,0.0
GLOBAL,PWRCCSNPLXX01,2036,0.0
GLOBAL,PWRCCSNPLXX01,2037,0.0
GLOBAL,PWRCCSNPLXX01,2038,0.0
GLOBAL,PWRCCSNPLXX01,2039,0.0
GLOBAL,PWRCOABGDXX01,2023,0.0
GLOBAL,PWRCOABTNXX01,2023,0.0
GLOBAL,PWRCOAINDEA01,2023,0.0
GLOBAL,PWRCOAINDNE01,2023,0.0
GLOBAL,PWRCOAINDNO01,2023,0.0
GLOBAL,PWRCOAINDSO01,2023,0.0
GLOBAL,PWRCOAINDWE01,2023,0.0
GLOBAL,PWRCOANPLXX01,2023,0.0
GLOBAL,PWRHYDBGDXX01,2023,0.0
GLOBAL,PWRHYDBGDXX01,2024,0.166
GLOBAL,PWRHYDBGDXX01,2025,0.166
GLOBAL,PWRHYDBGDXX01,2026,0.166
GLOBAL,PWRHYDBGDXX01,2027,0.166
GLOBAL,PWRHYDBGDXX01,2028,0.166
GLOBAL,PWRHYDBGDXX01,2029,0.166
GLOBAL,PWRHYDBGDXX01,2030,0.166
GLOBAL,PWRHYDBTNXX01,2023,0.0
GLOBAL,PWRHYDBTNXX01,2024,6.098
GLOBAL,PWRHYDBTNXX01,2025,6.098
GLOBAL,PWRHYDBTNXX01,2026,6.098
GLOBAL,PWRHYDBTNXX01,2027,6.098
GLOBAL,PWRHYDBTNXX01,2028,6.098
GLOBAL,PWRHYDBTNXX01,2029,6.098
GLOBAL,PWRHYDBTNXX01,2030,6.098
GLOBAL,PWRHYDINDEA01,2023,0.0
GLOBAL,PWRHYDINDEA01,2024,5.198
GLOBAL,PWRHYDINDEA01,2025,5.198
GLOBAL,PWRHYDINDEA01,2026,5.198
GLOBAL,PWRHYDINDEA01,2027,5.198
GLOBAL,PWRHYDINDEA01,2028,5.198
GLOBAL,PWRHYDINDEA01,2029,5.198
GLOBAL,PWRHYDINDEA01,2030,5.198
GLOBAL,PWRHYDINDNE01,2023,0.0
GLOBAL,PWRHYDINDNE01,2024,40.526
GLOBAL,PWRHYDINDNE01,2025,40.526
GLOBAL,PWRHYDINDNE01,2026,40.526
GLOBAL,PWRHYDINDNE01,2027,40.526
GLOBAL,PWRHYDINDNE01,2028,40.526
GLOBAL,PWRHYDINDNE01,2029,40.526
GLOBAL,PWRHYDINDNE01,2030,40.526
GLOBAL,PWRHYDINDNO01,2023,0.0
GLOBAL,PWRHYDINDNO01,2024,36.776
GLOBAL,PWRHYDINDNO01,2025,36.776
GLOBAL,PWRHYDINDNO01,2026,36.776
GLOBAL,PWRHYDINDNO01,2027,36.776
GLOBAL,PWRHYDINDNO01,2028,36.776
GLOBAL,PWRHYDINDNO01,2029,36.776
GLOBAL,PWRHYDINDNO01,2030,36.776
GLOBAL,PWRHYDINDSO01,2023,0.0
GLOBAL,PWRHYDINDSO01,2024,6.951
GLOBAL,PWRHYDINDSO01,2025,6.951
GLOBAL,PWRHYDINDSO01,2026,6.951
GLOBAL,PWRHYDINDSO01,2027,6.951
GLOBAL,PWRHYDINDSO01,2028,6.951
GLOBAL,PWRHYDINDSO01,2029,6.951
GLOBAL,PWRHYDINDSO01,2030,6.951
GLOBAL,PWRHYDINDWE01,2023,0.0
GLOBAL,PWRHYDINDWE01,2024,6.307
GLOBAL,PWRHYDINDWE01,2025,6.307
GLOBAL,PWRHYDINDWE01,2026,6.307
GLOBAL,PWRHYDINDWE01,2027,6.307
GLOBAL,PWRHYDINDWE01,2028,6.307
GLOBAL,PWRHYDINDWE01,2029,6.307
GLOBAL,PWRHYDINDWE01,2030,6.307
GLOBAL,PWRHYDNPLXX01,2023,0.0
GLOBAL,PWRHYDNPLXX01,2024,7.951
GLOBAL,PWRHYDNPLXX01,2025,7.951
GLOBAL,PWRHYDNPLXX01,2026,7.951
GLOBAL,PWRHYDNPLXX01,2027,7.951
GLOBAL,PWRHYDNPLXX01,2028,7.951
GLOBAL,PWRHYDNPLXX01,2029,7.951
GLOBAL,PWRHYDNPLXX01,2030,7.951
GLOBAL,PWROCGBGDXX01,2023,0.0
GLOBAL,PWROCGBTNXX01,2023,0.0
GLOBAL,PWROCGINDEA01,2023,0.0
GLOBAL,PWROCGINDNE01,2023,0.0
GLOBAL,PWROCGINDNO01,2023,0.0
GLOBAL,PWROCGINDSO01,2023,0.0
GLOBAL,PWROCGINDWE01,2023,0.0
GLOBAL,PWROCGNPLXX01,2023,0.0
GLOBAL,PWROILBGDXX01,2023,0.0
GLOBAL,PWROILBTNXX01,2023,0.0
GLOBAL,PWROILINDEA01,2023,0.0
GLOBAL,PWROILINDNE01,2023,0.0
GLOBAL,PWROILINDNO01,2023,0.0
GLOBAL,PWROILINDSO01,2023,0.0
GLOBAL,PWROILINDWE01,2023,0.0
GLOBAL,PWROILNPLXX01,2023,0.0
GLOBAL,PWRSPVBGDXX01,2023,0.0
GLOBAL,PWRSPVBGDXX01,2024,36.567
GLOBAL,PWRSPVBGDXX01,2025,36.567
GLOBAL,PWRSPVBGDXX01,2026,36.567
GLOBAL,PWRSPVBGDXX01,2027,36.567
GLOBAL,PWRSPVBGDXX01,2028,36.567
GLOBAL,PWRSPVBGDXX01,2029,36.567
GLOBAL,PWRSPVBGDXX01,2030,36.567
GLOBAL,PWRSPVBGDXX01,2031,36.567
GLOBAL,PWRSPVBGDXX01,2032,36.567
GLOBAL,PWRSPVBGDXX01,2033,36.567
GLOBAL,PWRSPVBGDXX01,2034,36.567
GLOBAL,PWRSPVBGDXX01,2035,36.567
GLOBAL,PWRSPVBGDXX01,2036,36.567
GLOBAL,PWRSPVBGDXX01,2037,36.567
GLOBAL,PWRSPVBGDXX01,2038,36.567
GLOBAL,PWRSPVBGDXX01,2039,36.567
GLOBAL,PWRSPVBGDXX01,2040,36.567
GLOBAL,PWRSPVBGDXX01,2041,36.567
GLOBAL,PWRSPVBGDXX01,2042,36.567
GLOBAL,PWRSPVBGDXX01,2043,36.567
GLOBAL,PWRSPVBGDXX01,2044,36.567
GLOBAL,PWRSPVBGDXX01,2045,36.567
GLOBAL,PWRSPVBGDXX01,2046,36.567
GLOBAL,PWRSPVBGDXX01,2047,36.567
GLOBAL,PWRSPVBGDXX01,2048,36.567
GLOBAL,PWRSPVBGDXX01,2049,36.567
GLOBAL,PWRSPVBGDXX01,2050,36.567
GLOBAL,PWRSPVBTNXX01,2023,0.0
GLOBAL,PWRSPVBTNXX01,2024,0.181
GLOBAL,PWRSPVBTNXX01,2025,0.181
GLOBAL,PWRSPVBTNXX01,2026,0.181
GLOBAL,PWRSPVBTNXX01,2027,0.181
GLOBAL,PWRSPVBTNXX01,2028,0.181
GLOBAL,PWRSPVBTNXX01,2029,0.181
GLOBAL,PWRSPVBTNXX01,2030,0.181
GLOBAL,PWRSPVBTNXX01,2031,0.181
GLOBAL,PWRSPVBTNXX01,2032,0.181
GLOBAL,PWRSPVBTNXX01,2033,0.181
GLOBAL,PWRSPVBTNXX01,2034,0.181
GLOBAL,PWRSPVBTNXX01,2035,0.181
GLOBAL,PWRSPVBTNXX01,2036,0.181
GLOBAL,PWRSPVBTNXX01,2037,0.181
GLOBAL,PWRSPVBTNXX01,2038,0.181
GLOBAL,PWRSPVBTNXX01,2039,0.181
GLOBAL,PWRSPVBTNXX01,2040,0.181
GLOBAL,PWRSPVBTNXX01,2041,0.181
GLOBAL,PWRSPVBTNXX01,2042,0.181
GLOBAL,PWRSPVBTNXX01,2043,0.181
GLOBAL,PWRSPVBTNXX01,2044,0.181
GLOBAL,PWRSPVBTNXX01,2045,0.181
GLOBAL,PWRSPVBTNXX01,2046,0.181
GLOBAL,PWRSPVBTNXX01,2047,0.181
GLOBAL,PWRSPVBTNXX01,2048,0.181
GLOBAL,PWRSPVBTNXX01,2049,0.181
GLOBAL,PWRSPVBTNXX01,2050,0.181
GLOBAL,PWRSPVINDEA01,2023,0.0
GLOBAL,PWRSPVINDEA01,2024,49.625
GLOBAL,PWRSPVINDEA01,2025,49.625
GLOBAL,PWRSPVINDEA01,2026,49.625
GLOBAL,PWRSPVINDEA01,2027,49.625
GLOBAL,PWRSPVINDEA01,2028,49.625
GLOBAL,PWRSPVINDEA01,2029,49.625
GLOBAL,PWRSPVINDEA01,2030,49.625
GLOBAL,PWRSPVINDEA01,2031,49.625
GLOBAL,PWRSPVINDEA01,2032,49.625
GLOBAL,PWRSPVINDEA01,2033,49.625
GLOBAL,PWRSPVINDEA01,2034,49.625
GLOBAL,PWRSPVINDEA01,2035,49.625
GLOBAL,PWRSPVINDEA01,2036,49.625
GLOBAL,PWRSPVINDEA01,2037,49.625
GLOBAL,PWRSPVINDEA01,2038,49.625
GLOBAL,PWRSPVINDEA01,2039,49.625
GLOBAL,PWRSPVINDEA01,2040,49.625
GLOBAL,PWRSPVINDEA01,2041,49.625
GLOBAL,PWRSPVINDEA01,2042,49.625
GLOBAL,PWRSPVINDEA01,2043,49.625
GLOBAL,PWRSPVINDEA01,2044,49.625
GLOBAL,PWRSPVINDEA01,2045,49.625
GLOBAL,PWRSPVINDEA01,2046,49.625
GLOBAL,PWRSPVINDEA01,2047,49.625
GLOBAL,PWRSPVINDEA01,2048,49.625
GLOBAL,PWRSPVINDEA01,2049,49.625
GLOBAL,PWRSPVINDEA01,2050,49.625
GLOBAL,PWRSPVINDNE01,2023,0.0
GLOBAL,PWRSPVINDNE01,2024,10.017
GLOBAL,PWRSPVINDNE01,2025,10.017
GLOBAL,PWRSPVINDNE01,2026,10.017
GLOBAL,PWRSPVINDNE01,2027,10.017
GLOBAL,PWRSPVINDNE01,2028,10.017
GLOBAL,PWRSPVINDNE01,2029,10.017
GLOBAL,PWRSPVINDNE01,2030,10.017
GLOBAL,PWRSPVINDNE01,2031,10.017
GLOBAL,PWRSPVINDNE01,2032,10.017
GLOBAL,PWRSPVINDNE01,2033,10.017
GLOBAL,PWRSPVINDNE01,2034,10.017
GLOBAL,PWRSPVINDNE01,2035,10.017
GLOBAL,PWRSPVINDNE01,2036,10.017
GLOBAL,PWRSPVINDNE01,2037,10.017
GLOBAL,PWRSPVINDNE01,2038,10.017
GLOBAL,PWRSPVINDNE01,2039,10.017
GLOBAL,PWRSPVINDNE01,2040,10.017
GLOBAL,PWRSPVINDNE01,2041,10.017
GLOBAL,PWRSPVINDNE01,2042,10.017
GLOBAL,PWRSPVINDNE01,2043,10.017
GLOBAL,PWRSPVINDNE01,2044,10.017
GLOBAL,PWRSPVINDNE01,2045,10.017
GLOBAL,PWRSPVINDNE01,2046,10.017
GLOBAL,PWRSPVINDNE01,2047,10.017
GLOBAL,PWRSPVINDNE01,2048,10.017
GLOBAL,PWRSPVINDNE01,2049,10.017
GLOBAL,PWRSPVINDNE01,2050,10.017
GLOBAL,PWRSPVINDNO01,2023,0.0
GLOBAL,PWRSPVINDNO01,2024,133.071
GLOBAL,PWRSPVINDNO01,2025,133.071
GLOBAL,PWRSPVINDNO01,2026,133.071
GLOBAL,PWRSPVINDNO01,2027,133.071
GLOBAL,PWRSPVINDNO01,2028,133.071
GLOBAL,PWRSPVINDNO01,2029,133.071
GLOBAL,PWRSPVINDNO01,2030,133.071
GLOBAL,PWRSPVINDNO01,2031,133.071
GLOBAL,PWRSPVINDNO01,2032,133.071
GLOBAL,PWRSPVINDNO01,2033,133.071
GLOBAL,PWRSPVINDNO01,2034,133.071
GLOBAL,PWRSPVINDNO01,2035,133.071
GLOBAL,PWRSPVINDNO01,2036,133.071
GLOBAL,PWRSPVINDNO01,2037,133.071
GLOBAL,PWRSPVINDNO01,2038,133.071
GLOBAL,PWRSPVINDNO01,2039,133.071
GLOBAL,PWRSPVINDNO01,2040,133.071
GLOBAL,PWRSPVINDNO01,2041,133.071
GLOBAL,PWRSPVINDNO01,2042,133.071
GLOBAL,PWRSPVINDNO01,2043,133.071
GLOBAL,PWRSPVINDNO01,2044,133.071
GLOBAL,PWRSPVINDNO01,2045,133.071
GLOBAL,PWRSPVINDNO01,2046,133.071
GLOBAL,PWRSPVINDNO01,2047,133.071
GLOBAL,PWRSPVINDNO01,2048,133.071
GLOBAL,PWRSPVINDNO01,2049,133.071
GLOBAL,PWRSPVINDNO01,2050,133.071
GLOBAL,PWRSPVINDSO01,2023,0.0
GLOBAL,PWRSPVINDSO01,2024,80.61
GLOBAL,PWRSPVINDSO01,2025,80.61
GLOBAL,PWRSPVINDSO01,2026,80.61
GLOBAL,PWRSPVINDSO01,2027,80.61
GLOBAL,PWRSPVINDSO01,2028,80.61
GLOBAL,PWRSPVINDSO01,2029,80.61
GLOBAL,PWRSPVINDSO01,2030,80.61
GLOBAL,PWRSPVINDSO01,2031,80.61
GLOBAL,PWRSPVINDSO01,2032,80.61
GLOBAL,PWRSPVINDSO01,2033,80.61
GLOBAL,PWRSPVINDSO01,2034,80.61
GLOBAL,PWRSPVINDSO01,2035,80.61
GLOBAL,PWRSPVINDSO01,2036,80.61
GLOBAL,PWRSPVINDSO01,2037,80.61
GLOBAL,PWRSPVINDSO01,2038,80.61
GLOBAL,PWRSPVINDSO01,2039,80.61
GLOBAL,PWRSPVINDSO01,2040,80.61
GLOBAL,PWRSPVINDSO01,2041,80.61
GLOBAL,PWRSPVINDSO01,2042,80.61
GLOBAL,PWRSPVINDSO01,2043,80.61
GLOBAL,PWRSPVINDSO01,2044,80.61
GLOBAL,PWRSPVINDSO01,2045,80.61
GLOBAL,PWRSPVINDSO01,2046,80.61
GLOBAL,PWRSPVINDSO01,2047,80.61
GLOBAL,PWRSPVINDSO01,2048,80.61
GLOBAL,PWRSPVINDSO01,2049,80.61
GLOBAL,PWRSPVINDSO01,2050,80.61
GLOBAL,PWRSPVINDWE01,2023,0.0
GLOBAL,PWRSPVINDWE01,2024,128.177
GLOBAL,PWRSPVINDWE01,2025,128.177
GLOBAL,PWRSPVINDWE01,2026,128.177
GLOBAL,PWRSPVINDWE01,2027,128.177
GLOBAL,PWRSPVINDWE01,2028,128.177
GLOBAL,PWRSPVINDWE01,2029,128.177
GLOBAL,PWRSPVINDWE01,2030,128.177
GLOBAL,PWRSPVINDWE01,2031,128.177
GLOBAL,PWRSPVINDWE01,2032,128.177
GLOBAL,PWRSPVINDWE01,2033,128.177
GLOBAL,PWRSPVINDWE01,2034,128.177
GLOBAL,PWRSPVINDWE01,2035,128.177
GLOBAL,PWRSPVINDWE01,2036,128.177
GLOBAL,PWRSPVINDWE01,2037,128.177
GLOBAL,PWRSPVINDWE01,2038,128.177
GLOBAL,PWRSPVINDWE01,2039,128.177
GLOBAL,PWRSPVINDWE01,2040,128.177
GLOBAL,PWRSPVINDWE01,2041,128.177
GLOBAL,PWRSPVINDWE01,2042,128.177
GLOBAL,PWRSPVINDWE01,2043,128.177
GLOBAL,PWRSPVINDWE01,2044,128.177
GLOBAL,PWRSPVINDWE01,2045,128.177
GLOBAL,PWRSPVINDWE01,2046,128.177
GLOBAL,PWRSPVINDWE01,2047,128.177
GLOBAL,PWRSPVINDWE01,2048,128.177
GLOBAL,PWRSPVINDWE01,2049,128.177
GLOBAL,PWRSPVINDWE01,2050,128.177
GLOBAL,PWRSPVNPLXX01,2023,0.0
GLOBAL,PWRSPVNPLXX01,2024,14.593
GLOBAL,PWRSPVNPLXX01,2025,14.593
GLOBAL,PWRSPVNPLXX01,2026,14.593
GLOBAL,PWRSPVNPLXX01,2027,14.593
GLOBAL,PWRSPVNPLXX01,2028,14.593
GLOBAL,PWRSPVNPLXX01,2029,14.593
GLOBAL,PWRSPVNPLXX01,2030,14.593
GLOBAL,PWRSPVNPLXX01,2031,14.593
GLOBAL,PWRSPVNPLXX01,2032,14.593
GLOBAL,PWRSPVNPLXX01,2033,14.593
GLOBAL,PWRSPVNPLXX01,2034,14.593
GLOBAL,PWRSPVNPLXX01,2035,14.593
GLOBAL,PWRSPVNPLXX01,2036,14.593
GLOBAL,PWRSPVNPLXX01,2037,14.593
GLOBAL,PWRSPVNPLXX01,2038,14.593
GLOBAL,PWRSPVNPLXX01,2039,14.593
GLOBAL,PWRSPVNPLXX01,2040,14.593
GLOBAL,PWRSPVNPLXX01,2041,14.593
GLOBAL,PWRSPVNPLXX01,2042,14.593
GLOBAL,PWRSPVNPLXX01,2043,14.593
GLOBAL,PWRSPVNPLXX01,2044,14.593
GLOBAL,PWRSPVNPLXX01,2045,14.593
GLOBAL,PWRSPVNPLXX01,2046,14.593
GLOBAL,PWRSPVNPLXX01,2047,14.593
GLOBAL,PWRSPVNPLXX01,2048,14.593
GLOBAL,PWRSPVNPLXX01,2049,14.593
GLOBAL,PWRSPVNPLXX01,2050,14.593
GLOBAL,PWRWOFBGDXX01,2023,0.0
GLOBAL,PWRWOFBGDXX01,2024,0.0
GLOBAL,PWRWOFBGDXX01,2025,0.0
GLOBAL,PWRWOFBGDXX01,2026,0.0
GLOBAL,PWRWOFBGDXX01,2027,0.0
GLOBAL,PWRWOFBGDXX01,2028,0.0
GLOBAL,PWRWOFBGDXX01,2029,0.0
GLOBAL,PWRWOFBGDXX01,2030,0.0
GLOBAL,PWRWOFBGDXX01,2031,0.0
GLOBAL,PWRWOFBGDXX01,2032,0.0
GLOBAL,PWRWOFBGDXX01,2033,0.0
GLOBAL,PWRWOFBGDXX01,2034,0.0
GLOBAL,PWRWOFBGDXX01,2035,0.0
GLOBAL,PWRWOFBGDXX01,2036,0.0
GLOBAL,PWRWOFBGDXX01,2037,0.0
GLOBAL,PWRWOFBGDXX01,2038,0.0
GLOBAL,PWRWOFBGDXX01,2039,0.0
GLOBAL,PWRWOFBGDXX01,2040,0.0
GLOBAL,PWRWOFBGDXX01,2041,0.0
GLOBAL,PWRWOFBGDXX01,2042,0.0
GLOBAL,PWRWOFBGDXX01,2043,0.0
GLOBAL,PWRWOFBGDXX01,2044,0.0
GLOBAL,PWRWOFBGDXX01,2045,0.0
GLOBAL,PWRWOFBGDXX01,2046,0.0
GLOBAL,PWRWOFBGDXX01,2047,0.0
GLOBAL,PWRWOFBGDXX01,2048,0.0
GLOBAL,PWRWOFBGDXX01,2049,0.0
GLOBAL,PWRWOFBGDXX01,2050,0.0
GLOBAL,PWRWOFBTNXX01,2023,0.0
GLOBAL,PWRWOFBTNXX01,2024,0.0
GLOBAL,PWRWOFBTNXX01,2025,0.0
GLOBAL,PWRWOFBTNXX01,2026,0.0
GLOBAL,PWRWOFBTNXX01,2027,0.0
GLOBAL,PWRWOFBTNXX01,2028,0.0
GLOBAL,PWRWOFBTNXX01,2029,0.0
GLOBAL,PWRWOFBTNXX01,2030,0.0
GLOBAL,PWRWOFBTNXX01,2031,0.0
GLOBAL,PWRWOFBTNXX01,2032,0.0
GLOBAL,PWRWOFBTNXX01,2033,0.0
GLOBAL,PWRWOFBTNXX01,2034,0.0
GLOBAL,PWRWOFBTNXX01,2035,0.0
GLOBAL,PWRWOFBTNXX01,2036,0.0
GLOBAL,PWRWOFBTNXX01,2037,0.0
GLOBAL,PWRWOFBTNXX01,2038,0.0
GLOBAL,PWRWOFBTNXX01,2039,0.0
GLOBAL,PWRWOFBTNXX01,2040,0.0
GLOBAL,PWRWOFBTNXX01,2041,0.0
GLOBAL,PWRWOFBTNXX01,2042,0.0
GLOBAL,PWRWOFBTNXX01,2043,0.0
GLOBAL,PWRWOFBTNXX01,2044,0.0
GLOBAL,PWRWOFBTNXX01,2045,0.0
GLOBAL,PWRWOFBTNXX01,2046,0.0
GLOBAL,PWRWOFBTNXX01,2047,0.0
GLOBAL,PWRWOFBTNXX01,2048,0.0
GLOBAL,PWRWOFBTNXX01,2049,0.0
GLOBAL,PWRWOFBTNXX01,2050,0.0
GLOBAL,PWRWOFINDEA01,2023,0.0
GLOBAL,PWRWOFINDEA01,2024,15.116
GLOBAL,PWRWOFINDEA01,2025,15.116
GLOBAL,PWRWOFINDEA01,2026,15.116
GLOBAL,PWRWOFINDEA01,2027,15.116
GLOBAL,PWRWOFINDEA01,2028,15.116
GLOBAL,PWRWOFINDEA01,2029,15.116
GLOBAL,PWRWOFINDEA01,2030,15.116
GLOBAL,PWRWOFINDEA01,2031,15.116
GLOBAL,PWRWOFINDEA01,2032,15.116
GLOBAL,PWRWOFINDEA01,2033,15.116
GLOBAL,PWRWOFINDEA01,2034,15.116
GLOBAL,PWRWOFINDEA01,2035,15.116
GLOBAL,PWRWOFINDEA01,2036,15.116
GLOBAL,PWRWOFINDEA01,2037,15.116
GLOBAL,PWRWOFINDEA01,2038,15.116
GLOBAL,PWRWOFINDEA01,2039,15.116
GLOBAL,PWRWOFINDEA01,2040,15.116
GLOBAL,PWRWOFINDEA01,2041,15.116
GLOBAL,PWRWOFINDEA01,2042,15.116
GLOBAL,PWRWOFINDEA01,2043,15.116
GLOBAL,PWRWOFINDEA01,2044,15.116
GLOBAL,PWRWOFINDEA01,2045,15.116
GLOBAL,PWRWOFINDEA01,2046,15.116
GLOBAL,PWRWOFINDEA01,2047,15.116
GLOBAL,PWRWOFINDEA01,2048,15.116
GLOBAL,PWRWOFINDEA01,2049,15.116
GLOBAL,PWRWOFINDEA01,2050,15.116
GLOBAL,PWRWOFINDNE01,2023,0.0
GLOBAL,PWRWOFINDNE01,2024,103.416
GLOBAL,PWRWOFINDNE01,2025,103.416
GLOBAL,PWRWOFINDNE01,2026,103.416
GLOBAL,PWRWOFINDNE01,2027,103.416
GLOBAL,PWRWOFINDNE01,2028,103.416
GLOBAL,PWRWOFINDNE01,2029,103.416
GLOBAL,PWRWOFINDNE01,2030,103.416
GLOBAL,PWRWOFINDNE01,2031,103.416
GLOBAL,PWRWOFINDNE01,2032,103.416
GLOBAL,PWRWOFINDNE01,2033,103.416
GLOBAL,PWRWOFINDNE01,2034,103.416
GLOBAL,PWRWOFINDNE01,2035,103.416
GLOBAL,PWRWOFINDNE01,2036,103.416
GLOBAL,PWRWOFINDNE01,2037,103.416
GLOBAL,PWRWOFINDNE01,2038,103.416
GLOBAL,PWRWOFINDNE01,2039,103.416
GLOBAL,PWRWOFINDNE01,2040,103.416
GLOBAL,PWRWOFINDNE01,2041,103.416
GLOBAL,PWRWOFINDNE01,2042,103.416
GLOBAL,PWRWOFINDNE01,2043,103.416
GLOBAL,PWRWOFINDNE01,2044,103.416
GLOBAL,PWRWOFINDNE01,2045,103.416
GLOBAL,PWRWOFINDNE01,2046,103.416
GLOBAL,PWRWOFINDNE01,2047,103.416
GLOBAL,PWRWOFINDNE01,2048,103.416
GLOBAL,PWRWOFINDNE01,2049,103.416
GLOBAL,PWRWOFINDNE01,2050,103.416
GLOBAL,PWRWOFINDNO01,2023,0.0
GLOBAL,PWRWOFINDNO01,2024,0.0
GLOBAL,PWRWOFINDNO01,2025,0.0
GLOBAL,PWRWOFINDNO01,2026,0.0
GLOBAL,PWRWOFINDNO01,2027,0.0
GLOBAL,PWRWOFINDNO01,2028,0.0
GLOBAL,PWRWOFINDNO01,2029,0.0
GLOBAL,PWRWOFINDNO01,2030,0.0
GLOBAL,PWRWOFINDNO01,2031,0.0
GLOBAL,PWRWOFINDNO01,2032,0.0
GLOBAL,PWRWOFINDNO01,2033,0.0
GLOBAL,PWRWOFINDNO01,2034,0.0
GLOBAL,PWRWOFINDNO01,2035,0.0
GLOBAL,PWRWOFINDNO01,2036,0.0
GLOBAL,PWRWOFINDNO01,2037,0.0
GLOBAL,PWRWOFINDNO01,2038,0.0
GLOBAL,PWRWOFINDNO01,2039,0.0
GLOBAL,PWRWOFINDNO01,2040,0.0
GLOBAL,PWRWOFINDNO01,2041,0.0
GLOBAL,PWRWOFINDNO01,2042,0.0
GLOBAL,PWRWOFINDNO01,2043,0.0
GLOBAL,PWRWOFINDNO01,2044,0.0
GLOBAL,PWRWOFINDNO01,2045,0.0
GLOBAL,PWRWOFINDNO01,2046,0.0
GLOBAL,PWRWOFINDNO01,2047,0.0
GLOBAL,PWRWOFINDNO01,2048,0.0
GLOBAL,PWRWOFINDNO01,2049,0.0
GLOBAL,PWRWOFINDNO01,2050,0.0
GLOBAL,PWRWOFINDSO01,2023,0.0
GLOBAL,PWRWOFINDSO01,2024,30.084
GLOBAL,PWRWOFINDSO01,2025,30.084
GLOBAL,PWRWOFINDSO01,2026,30.084
GLOBAL,PWRWOFINDSO01,2027,30.084
GLOBAL,PWRWOFINDSO01,2028,30.084
GLOBAL,PWRWOFINDSO01,2029,30.084
GLOBAL,PWRWOFINDSO01,2030,30.084
GLOBAL,PWRWOFINDSO01,2031,30.084
GLOBAL,PWRWOFINDSO01,2032,30.084
GLOBAL,PWRWOFINDSO01,2033,30.084
GLOBAL,PWRWOFINDSO01,2034,30.084
GLOBAL,PWRWOFINDSO01,2035,30.084
GLOBAL,PWRWOFINDSO01,2036,30.084
GLOBAL,PWRWOFINDSO01,2037,30.084
GLOBAL,PWRWOFINDSO01,2038,30.084
GLOBAL,PWRWOFINDSO01,2039,30.084
GLOBAL,PWRWOFINDSO01,2040,30.084
GLOBAL,PWRWOFINDSO01,2041,30.084
GLOBAL,PWRWOFINDSO01,2042,30.084
GLOBAL,PWRWOFINDSO01,2043,30.084
GLOBAL,PWRWOFINDSO01,2044,30.084
GLOBAL,PWRWOFINDSO01,2045,30.084
GLOBAL,PWRWOFINDSO01,2046,30.084
GLOBAL,PWRWOFINDSO01,2047,30.084
GLOBAL,PWRWOFINDSO01,2048,30.084
GLOBAL,PWRWOFINDSO01,2049,30.084
GLOBAL,PWRWOFINDSO01,2050,30.084
GLOBAL,PWRWOFINDWE01,2023,0.0
GLOBAL,PWRWOFINDWE01,2024,47.094
GLOBAL,PWRWOFINDWE01,2025,47.094
GLOBAL,PWRWOFINDWE01,2026,47.094
GLOBAL,PWRWOFINDWE01,2027,47.094
GLOBAL,PWRWOFINDWE01,2028,47.094
GLOBAL,PWRWOFINDWE01,2029,47.094
GLOBAL,PWRWOFINDWE01,2030,47.094
GLOBAL,PWRWOFINDWE01,2031,47.094
GLOBAL,PWRWOFINDWE01,2032,47.094
GLOBAL,PWRWOFINDWE01,2033,47.094
GLOBAL,PWRWOFINDWE01,2034,47.094
GLOBAL,PWRWOFINDWE01,2035,47.094
GLOBAL,PWRWOFINDWE01,2036,47.094
GLOBAL,PWRWOFINDWE01,2037,47.094
GLOBAL,PWRWOFINDWE01,2038,47.094
GLOBAL,PWRWOFINDWE01,2039,47.094
GLOBAL,PWRWOFINDWE01,2040,47.094
GLOBAL,PWRWOFINDWE01,2041,47.094
GLOBAL,PWRWOFINDWE01,2042,47.094
GLOBAL,PWRWOFINDWE01,2043,47.094
GLOBAL,PWRWOFINDWE01,2044,47.094
GLOBAL,PWRWOFINDWE01,2045,47.094
GLOBAL,PWRWOFINDWE01,2046,47.094
GLOBAL,PWRWOFINDWE01,2047,47.094
GLOBAL,PWRWOFINDWE01,2048,47.094
GLOBAL,PWRWOFINDWE01,2049,47.094
GLOBAL,PWRWOFINDWE01,2050,47.094
GLOBAL,PWRWOFNPLXX01,2023,0.0
GLOBAL,PWRWOFNPLXX01,2024,0.0
GLOBAL,PWRWOFNPLXX01,2025,0.0
GLOBAL,PWRWOFNPLXX01,2026,0.0
GLOBAL,PWRWOFNPLXX01,2027,0.0
GLOBAL,PWRWOFNPLXX01,2028,0.0
GLOBAL,PWRWOFNPLXX01,2029,0.0
GLOBAL,PWRWOFNPLXX01,2030,0.0
GLOBAL,PWRWOFNPLXX01,2031,0.0
GLOBAL,PWRWOFNPLXX01,2032,0.0
GLOBAL,PWRWOFNPLXX01,2033,0.0
GLOBAL,PWRWOFNPLXX01,2034,0.0
GLOBAL,PWRWOFNPLXX01,2035,0.0
GLOBAL,PWRWOFNPLXX01,2036,0.0
GLOBAL,PWRWOFNPLXX01,2037,0.0
GLOBAL,PWRWOFNPLXX01,2038,0.0
GLOBAL,PWRWOFNPLXX01,2039,0.0
GLOBAL,PWRWOFNPLXX01,2040,0.0
GLOBAL,PWRWOFNPLXX01,2041,0.0
GLOBAL,PWRWOFNPLXX01,2042,0.0
GLOBAL,PWRWOFNPLXX01,2043,0.0
GLOBAL,PWRWOFNPLXX01,2044,0.0
GLOBAL,PWRWOFNPLXX01,2045,0.0
GLOBAL,PWRWOFNPLXX01,2046,0.0
GLOBAL,PWRWOFNPLXX01,2047,0.0
GLOBAL,PWRWOFNPLXX01,2048,0.0
GLOBAL,PWRWOFNPLXX01,2049,0.0
GLOBAL,PWRWOFNPLXX01,2050,0.0
GLOBAL,PWRWONBGDXX01,2023,0.0
GLOBAL,PWRWONBGDXX01,2024,14.83
GLOBAL,PWRWONBGDXX01,2025,14.83
GLOBAL,PWRWONBGDXX01,2026,14.83
GLOBAL,PWRWONBGDXX01,2027,14.83
GLOBAL,PWRWONBGDXX01,2028,14.83
GLOBAL,PWRWONBGDXX01,2029,14.83
GLOBAL,PWRWONBGDXX01,2030,14.83
GLOBAL,PWRWONBGDXX01,2031,14.83
GLOBAL,PWRWONBGDXX01,2032,14.83
GLOBAL,PWRWONBGDXX01,2033,14.83
GLOBAL,PWRWONBGDXX01,2034,14.83
GLOBAL,PWRWONBGDXX01,2035,14.83
GLOBAL,PWRWONBGDXX01,2036,14.83
GLOBAL,PWRWONBGDXX01,2037,14.83
GLOBAL,PWRWONBGDXX01,2038,14.83
GLOBAL,PWRWONBGDXX01,2039,14.83
GLOBAL,PWRWONBGDXX01,2040,14.83
GLOBAL,PWRWONBGDXX01,2041,14.83
GLOBAL,PWRWONBGDXX01,2042,14.83
GLOBAL,PWRWONBGDXX01,2043,14.83
GLOBAL,PWRWONBGDXX01,2044,14.83
GLOBAL,PWRWONBGDXX01,2045,14.83
GLOBAL,PWRWONBGDXX01,2046,14.83
GLOBAL,PWRWONBGDXX01,2047,14.83
GLOBAL,PWRWONBGDXX01,2048,14.83
GLOBAL,PWRWONBGDXX01,2049,14.83
GLOBAL,PWRWONBGDXX01,2050,14.83
GLOBAL,PWRWONBTNXX01,2023,0.0
GLOBAL,PWRWONBTNXX01,2024,6.197
GLOBAL,PWRWONBTNXX01,2025,6.197
GLOBAL,PWRWONBTNXX01,2026,6.197
GLOBAL,PWRWONBTNXX01,2027,6.197
GLOBAL,PWRWONBTNXX01,2028,6.197
GLOBAL,PWRWONBTNXX01,2029,6.197
GLOBAL,PWRWONBTNXX01,2030,6.197
GLOBAL,PWRWONBTNXX01,2031,6.197
GLOBAL,PWRWONBTNXX01,2032,6.197
GLOBAL,PWRWONBTNXX01,2033,6.197
GLOBAL,PWRWONBTNXX01,2034,6.197
GLOBAL,PWRWONBTNXX01,2035,6.197
GLOBAL,PWRWONBTNXX01,2036,6.197
GLOBAL,PWRWONBTNXX01,2037,6.197
GLOBAL,PWRWONBTNXX01,2038,6.197
GLOBAL,PWRWONBTNXX01,2039,6.197
GLOBAL,PWRWONBTNXX01,2040,6.197
GLOBAL,PWRWONBTNXX01,2041,6.197
GLOBAL,PWRWONBTNXX01,2042,6.197
GLOBAL,PWRWONBTNXX01,2043,6.197
GLOBAL,PWRWONBTNXX01,2044,6.197
GLOBAL,PWRWONBTNXX01,2045,6.197
GLOBAL,PWRWONBTNXX01,2046,6.197
GLOBAL,PWRWONBTNXX01,2047,6.197
GLOBAL,PWRWONBTNXX01,2048,6.197
GLOBAL,PWRWONBTNXX01,2049,6.197
GLOBAL,PWRWONBTNXX01,2050,6.197
GLOBAL,PWRWONINDEA01,2023,0.0
GLOBAL,PWRWONINDEA01,2024,71.271
GLOBAL,PWRWONINDEA01,2025,71.271
GLOBAL,PWRWONINDEA01,2026,71.271
GLOBAL,PWRWONINDEA01,2027,71.271
GLOBAL,PWRWONINDEA01,2028,71.271
GLOBAL,PWRWONINDEA01,2029,71.271
GLOBAL,PWRWONINDEA01,2030,71.271
GLOBAL,PWRWONINDEA01,2031,71.271
GLOBAL,PWRWONINDEA01,2032,71.271
GLOBAL,PWRWONINDEA01,2033,71.271
GLOBAL,PWRWONINDEA01,2034,71.271
GLOBAL,PWRWONINDEA01,2035,71.271
GLOBAL,PWRWONINDEA01,2036,71.271
GLOBAL,PWRWONINDEA01,2037,71.271
GLOBAL,PWRWONINDEA01,2038,71.271
GLOBAL,PWRWONINDEA01,2039,71.271
GLOBAL,PWRWONINDEA01,2040,71.271
GLOBAL,PWRWONINDEA01,2041,71.271
GLOBAL,PWRWONINDEA01,2042,71.271
GLOBAL,PWRWONINDEA01,2043,71.271
GLOBAL,PWRWONINDEA01,2044,71.271
GLOBAL,PWRWONINDEA01,2045,71.271
GLOBAL,PWRWONINDEA01,2046,71.271
GLOBAL,PWRWONINDEA01,2047,71.271
GLOBAL,PWRWONINDEA01,2048,71.271
GLOBAL,PWRWONINDEA01,2049,71.271
GLOBAL,PWRWONINDEA01,2050,71.271
GLOBAL,PWRWONINDNE01,2023,0.0
GLOBAL,PWRWONINDNE01,2024,10.0
GLOBAL,PWRWONINDNE01,2025,10.0
GLOBAL,PWRWONINDNE01,2026,10.0
GLOBAL,PWRWONINDNE01,2027,10.0
GLOBAL,PWRWONINDNE01,2028,10.0
GLOBAL,PWRWONINDNE01,2029,10.0
GLOBAL,PWRWONINDNE01,2030,10.0
GLOBAL,PWRWONINDNE01,2031,10.0
GLOBAL,PWRWONINDNE01,2032,10.0
GLOBAL,PWRWONINDNE01,2033,10.0
GLOBAL,PWRWONINDNE01,2034,10.0
GLOBAL,PWRWONINDNE01,2035,10.0
GLOBAL,PWRWONINDNE01,2036,10.0
GLOBAL,PWRWONINDNE01,2037,10.0
GLOBAL,PWRWONINDNE01,2038,10.0
GLOBAL,PWRWONINDNE01,2039,10.0
GLOBAL,PWRWONINDNE01,2040,10.0
GLOBAL,PWRWONINDNE01,2041,10.0
GLOBAL,PWRWONINDNE01,2042,10.0
GLOBAL,PWRWONINDNE01,2043,10.0
GLOBAL,PWRWONINDNE01,2044,10.0
GLOBAL,PWRWONINDNE01,2045,10.0
GLOBAL,PWRWONINDNE01,2046,10.0
GLOBAL,PWRWONINDNE01,2047,10.0
GLOBAL,PWRWONINDNE01,2048,10.0
GLOBAL,PWRWONINDNE01,2049,10.0
GLOBAL,PWRWONINDNE01,2050,10.0
GLOBAL,PWRWONINDNO01,2023,0.0
GLOBAL,PWRWONINDNO01,2024,186.004
GLOBAL,PWRWONINDNO01,2025,186.004
GLOBAL,PWRWONINDNO01,2026,186.004
GLOBAL,PWRWONINDNO01,2027,186.004
GLOBAL,PWRWONINDNO01,2028,186.004
GLOBAL,PWRWONINDNO01,2029,186.004
GLOBAL,PWRWONINDNO01,2030,186.004
GLOBAL,PWRWONINDNO01,2031,186.004
GLOBAL,PWRWONINDNO01,2032,186.004
GLOBAL,PWRWONINDNO01,2033,186.004
GLOBAL,PWRWONINDNO01,2034,186.004
GLOBAL,PWRWONINDNO01,2035,186.004
GLOBAL,PWRWONINDNO01,2036,186.004
GLOBAL,PWRWONINDNO01,2037,186.004
GLOBAL,PWRWONINDNO01,2038,186.004
GLOBAL,PWRWONINDNO01,2039,186.004
GLOBAL,PWRWONINDNO01,2040,186.004
GLOBAL,PWRWONINDNO01,2041,186.004
GLOBAL,PWRWONINDNO01,2042,186.004
GLOBAL,PWRWONINDNO01,2043,186.004
GLOBAL,PWRWONINDNO01,2044,186.004
GLOBAL,PWRWONINDNO01,2045,186.004
GLOBAL,PWRWONINDNO01,2046,186.004
GLOBAL,PWRWONINDNO01,2047,186.004
GLOBAL,PWRWONINDNO01,2048,186.004
GLOBAL,PWRWONINDNO01,2049,186.004
GLOBAL,PWRWONINDNO01,2050,186.004
GLOBAL,PWRWONINDSO01,2023,0.0
GLOBAL,PWRWONINDSO01,2024,127.842
GLOBAL,PWRWONINDSO01,2025,127.842
GLOBAL,PWRWONINDSO01,2026,127.842
GLOBAL,PWRWONINDSO01,2027,127.842
GLOBAL,PWRWONINDSO01,2028,127.842
GLOBAL,PWRWONINDSO01,2029,127.842
GLOBAL,PWRWONINDSO01,2030,127.842
GLOBAL,PWRWONINDSO01,2031,127.842
GLOBAL,PWRWONINDSO01,2032,127.842
GLOBAL,PWRWONINDSO01,2033,127.842
GLOBAL,PWRWONINDSO01,2034,127.842
GLOBAL,PWRWONINDSO01,2035,127.842
GLOBAL,PWRWONINDSO01,2036,127.842
GLOBAL,PWRWONINDSO01,2037,127.842
GLOBAL,PWRWONINDSO01,2038,127.842
GLOBAL,PWRWONINDSO01,2039,127.842
GLOBAL,PWRWONINDSO01,2040,127.842
GLOBAL,PWRWONINDSO01,2041,127.842
GLOBAL,PWRWONINDSO01,2042,127.842
GLOBAL,PWRWONINDSO01,2043,127.842
GLOBAL,PWRWONINDSO01,2044,127.842
GLOBAL,PWRWONINDSO01,2045,127.842
GLOBAL,PWRWONINDSO01,2046,127.842
GLOBAL,PWRWONINDSO01,2047,127.842
GLOBAL,PWRWONINDSO01,2048,127.842
GLOBAL,PWRWONINDSO01,2049,127.842
GLOBAL,PWRWONINDSO01,2050,127.842
GLOBAL,PWRWONINDWE01,2023,0.0
GLOBAL,PWRWONINDWE01,2024,203.699
GLOBAL,PWRWONINDWE01,2025,203.699
GLOBAL,PWRWONINDWE01,2026,203.699
GLOBAL,PWRWONINDWE01,2027,203.699
GLOBAL,PWRWONINDWE01,2028,203.699
GLOBAL,PWRWONINDWE01,2029,203.699
GLOBAL,PWRWONINDWE01,2030,203.699
GLOBAL,PWRWONINDWE01,2031,203.699
GLOBAL,PWRWONINDWE01,2032,203.699
GLOBAL,PWRWONINDWE01,2033,203.699
GLOBAL,PWRWONINDWE01,2034,203.699
GLOBAL,PWRWONINDWE01,2035,203.699
GLOBAL,PWRWONINDWE01,2036,203.699
GLOBAL,PWRWONINDWE01,2037,203.699
GLOBAL,PWRWONINDWE01,2038,203.699
GLOBAL,PWRWONINDWE01,2039,203.699
GLOBAL,PWRWONINDWE01,2040,203.699
GLOBAL,PWRWONINDWE01,2041,203.699
GLOBAL,PWRWONINDWE01,2042,203.699
GLOBAL,PWRWONINDWE01,2043,203.699
GLOBAL,PWRWONINDWE01,2044,203.699
GLOBAL,PWRWONINDWE01,2045,203.699
GLOBAL,PWRWONINDWE01,2046,203.699
GLOBAL,PWRWONINDWE01,2047,203.699
GLOBAL,PWRWONINDWE01,2048,203.699
GLOBAL,PWRWONINDWE01,2049,203.699
GLOBAL,PWRWONINDWE01,2050,203.699
GLOBAL,PWRWONNPLXX01,2023,0.0
GLOBAL,PWRWONNPLXX01,2024,16.76
GLOBAL,PWRWONNPLXX01,2025,16.76
GLOBAL,PWRWONNPLXX01,2026,16.76
GLOBAL,PWRWONNPLXX01,2027,16.76
GLOBAL,PWRWONNPLXX01,2028,16.76
GLOBAL,PWRWONNPLXX01,2029,16.76
GLOBAL,PWRWONNPLXX01,2030,16.76
GLOBAL,PWRWONNPLXX01,2031,16.76
GLOBAL,PWRWONNPLXX01,2032,16.76
GLOBAL,PWRWONNPLXX01,2033,16.76
GLOBAL,PWRWONNPLXX01,2034,16.76
GLOBAL,PWRWONNPLXX01,2035,16.76
GLOBAL,PWRWONNPLXX01,2036,16.76
GLOBAL,PWRWONNPLXX01,2037,16.76
GLOBAL,PWRWONNPLXX01,2038,16.76
GLOBAL,PWRWONNPLXX01,2039,16.76
GLOBAL,PWRWONNPLXX01,2040,16.76
GLOBAL,PWRWONNPLXX01,2041,16.76
GLOBAL,PWRWONNPLXX01,2042,16.76
GLOBAL,PWRWONNPLXX01,2043,16.76
GLOBAL,PWRWONNPLXX01,2044,16.76
GLOBAL,PWRWONNPLXX01,2045,16.76
GLOBAL,PWRWONNPLXX01,2046,16.76
GLOBAL,PWRWONNPLXX01,2047,16.76
GLOBAL,PWRWONNPLXX01,2048,16.76
GLOBAL,PWRWONNPLXX01,2049,16.76
GLOBAL,PWRWONNPLXX01,2050,16.76
GLOBAL,TRNBGDXXINDEA,2023,0.0
GLOBAL,TRNBGDXXINDEA,2024,0.0
GLOBAL,TRNBGDXXINDEA,2025,0.0
GLOBAL,TRNBGDXXINDEA,2026,0.0
GLOBAL,TRNBGDXXINDEA,2027,0.0
GLOBAL,TRNBGDXXINDEA,2028,0.0
GLOBAL,TRNBGDXXINDEA,2029,0.0
GLOBAL,TRNBGDXXINDNE,2023,0.0
GLOBAL,TRNBGDXXINDNE,2024,0.0
GLOBAL,TRNBGDXXINDNE,2025,0.0
GLOBAL,TRNBGDXXINDNE,2026,0.0
GLOBAL,TRNBGDXXINDNE,2027,0.0
GLOBAL,TRNBGDXXINDNE,2028,0.0
GLOBAL,TRNBGDXXINDNE,2029,0.0
GLOBAL,TRNBTNXXINDEA,2023,0.0
GLOBAL,TRNBTNXXINDEA,2024,0.0
GLOBAL,TRNBTNXXINDEA,2025,0.0
GLOBAL,TRNBTNXXINDEA,2026,0.0
GLOBAL,TRNBTNXXINDEA,2027,0.0
GLOBAL,TRNBTNXXINDEA,2028,0.0
GLOBAL,TRNBTNXXINDEA,2029,0.0
GLOBAL,TRNINDEAINDNE,2023,0.0
GLOBAL,TRNINDEAINDNE,2024,0.0
GLOBAL,TRNINDEAINDNE,2025,0.0
GLOBAL,TRNINDEAINDNE,2026,0.0
GLOBAL,TRNINDEAINDNE,2027,0.0
GLOBAL,TRNINDEAINDNE,2028,0.0
GLOBAL,TRNINDEAINDNE,2029,0.0
GLOBAL,TRNINDEAINDNO,2023,0.0
GLOBAL,TRNINDEAINDNO,2024,0.0
GLOBAL,TRNINDEAINDNO,2025,0.0
GLOBAL,TRNINDEAINDNO,2026,0.0
GLOBAL,TRNINDEAINDNO,2027,0.0
GLOBAL,TRNINDEAINDNO,2028,0.0
GLOBAL,TRNINDEAINDNO,2029,0.0
GLOBAL,TRNINDEAINDSO,2023,0.0
GLOBAL,TRNINDEAINDSO,2024,0.0
GLOBAL,TRNINDEAINDSO,2025,0.0
GLOBAL,TRNINDEAINDSO,2026,0.0
GLOBAL,TRNINDEAINDSO,2027,0.0
GLOBAL,TRNINDEAINDSO,2028,0.0
GLOBAL,TRNINDEAINDSO,2029,0.0
GLOBAL,TRNINDEAINDWE,2023,0.0
GLOBAL,TRNINDEAINDWE,2024,0.0
GLOBAL,TRNINDEAINDWE,2025,0.0
GLOBAL,TRNINDEAINDWE,2026,0.0
GLOBAL,TRNINDEAINDWE,2027,0.0
GLOBAL,TRNINDEAINDWE,2028,0.0
GLOBAL,TRNINDEAINDWE,2029,0.0
GLOBAL,TRNINDEANPLXX,2023,0.0
GLOBAL,TRNINDEANPLXX,2024,0.0
GLOBAL,TRNINDEANPLXX,2025,0.0
GLOBAL,TRNINDEANPLXX,2026,0.0
GLOBAL,TRNINDEANPLXX,2027,0.0
GLOBAL,TRNINDEANPLXX,2028,0.0
GLOBAL,TRNINDEANPLXX,2029,0.0
GLOBAL,TRNINDNEINDNO,2023,0.0
GLOBAL,TRNINDNEINDNO,2024,0.0
GLOBAL,TRNINDNEINDNO,2025,0.0
GLOBAL,TRNINDNEINDNO,2026,0.0
GLOBAL,TRNINDNEINDNO,2027,0.0
GLOBAL,TRNINDNEINDNO,2028,0.0
GLOBAL,TRNINDNEINDNO,2029,0.0
GLOBAL,TRNINDNOINDWE,2023,0.0
GLOBAL,TRNINDNOINDWE,2024,0.0
GLOBAL,TRNINDNOINDWE,2025,0.0
GLOBAL,TRNINDNOINDWE,2026,0.0
GLOBAL,TRNINDNOINDWE,2027,0.0
GLOBAL,TRNINDNOINDWE,2028,0.0
GLOBAL,TRNINDNOINDWE,2029,0.0
GLOBAL,TRNINDNONPLXX,2023,0.0
GLOBAL,TRNINDNONPLXX,2024,0.0
GLOBAL,TRNINDNONPLXX,2025,0.0
GLOBAL,TRNINDNONPLXX,2026,0.0
GLOBAL,TRNINDNONPLXX,2027,0.0
GLOBAL,TRNINDNONPLXX,2028,0.0
GLOBAL,TRNINDNONPLXX,2029,0.0
GLOBAL,TRNINDSOINDWE,2023,0.0
GLOBAL,TRNINDSOINDWE,2024,0.0
GLOBAL,TRNINDSOINDWE,2025,0.0
GLOBAL,TRNINDSOINDWE,2026,0.0
GLOBAL,TRNINDSOINDWE,2027,0.0
GLOBAL,TRNINDSOINDWE,2028,0.0
GLOBAL,TRNINDSOINDWE,2029,0.0
GLOBAL,TRNBGDXXINDEA,2030,0.5
GLOBAL,TRNBGDXXINDEA,2031,0.5
GLOBAL,TRNBGDXXINDEA,2032,0.5
GLOBAL,TRNBGDXXINDEA,2033,0.5
GLOBAL,TRNBGDXXINDEA,2034,0.5
GLOBAL,TRNBGDXXINDEA,2035,0.5
GLOBAL,TRNBGDXXINDEA,2036,0.5
GLOBAL,TRNBGDXXINDEA,2037,0.5
GLOBAL,TRNBGDXXINDEA,2038,0.5
GLOBAL,TRNBGDXXINDEA,2039,0.5
GLOBAL,TRNBGDXXINDEA,2040,0.5
GLOBAL,TRNBGDXXINDEA,2041,0.5
GLOBAL,TRNBGDXXINDEA,2042,0.5
GLOBAL,TRNBGDXXINDEA,2043,0.5
GLOBAL,TRNBGDXXINDEA,2044,0.5
GLOBAL,TRNBGDXXINDEA,2045,0.5
GLOBAL,TRNBGDXXINDEA,2046,0.5
GLOBAL,TRNBGDXXINDEA,2047,0.5
GLOBAL,TRNBGDXXINDEA,2048,0.5
GLOBAL,TRNBGDXXINDEA,2049,0.5
GLOBAL,TRNBGDXXINDEA,2050,0.5
GLOBAL,TRNBGDXXINDNE,2030,0.5
GLOBAL,TRNBGDXXINDNE,2031,0.5
GLOBAL,TRNBGDXXINDNE,2032,0.5
GLOBAL,TRNBGDXXINDNE,2033,0.5
GLOBAL,TRNBGDXXINDNE,2034,0.5
GLOBAL,TRNBGDXXINDNE,2035,0.5
GLOBAL,TRNBGDXXINDNE,2036,0.5
GLOBAL,TRNBGDXXINDNE,2037,0.5
GLOBAL,TRNBGDXXINDNE,2038,0.5
GLOBAL,TRNBGDXXINDNE,2039,0.5
GLOBAL,TRNBGDXXINDNE,2040,0.5
GLOBAL,TRNBGDXXINDNE,2041,0.5
GLOBAL,TRNBGDXXINDNE,2042,0.5
GLOBAL,TRNBGDXXINDNE,2043,0.5
GLOBAL,TRNBGDXXINDNE,2044,0.5
GLOBAL,TRNBGDXXINDNE,2045,0.5
GLOBAL,TRNBGDXXINDNE,2046,0.5
GLOBAL,TRNBGDXXINDNE,2047,0.5
GLOBAL,TRNBGDXXINDNE,2048,0.5
GLOBAL,TRNBGDXXINDNE,2049,0.5
GLOBAL,TRNBGDXXINDNE,2050,0.5
GLOBAL,TRNBTNXXINDEA,2030,0.5
GLOBAL,TRNBTNXXINDEA,2031,0.5
GLOBAL,TRNBTNXXINDEA,2032,0.5
GLOBAL,TRNBTNXXINDEA,2033,0.5
GLOBAL,TRNBTNXXINDEA,2034,0.5
GLOBAL,TRNBTNXXINDEA,2035,0.5
GLOBAL,TRNBTNXXINDEA,2036,0.5
GLOBAL,TRNBTNXXINDEA,2037,0.5
GLOBAL,TRNBTNXXINDEA,2038,0.5
GLOBAL,TRNBTNXXINDEA,2039,0.5
GLOBAL,TRNBTNXXINDEA,2040,0.5
GLOBAL,TRNBTNXXINDEA,2041,0.5
GLOBAL,TRNBTNXXINDEA,2042,0.5
GLOBAL,TRNBTNXXINDEA,2043,0.5
GLOBAL,TRNBTNXXINDEA,2044,0.5
GLOBAL,TRNBTNXXINDEA,2045,0.5
GLOBAL,TRNBTNXXINDEA,2046,0.5
GLOBAL,TRNBTNXXINDEA,2047,0.5
GLOBAL,TRNBTNXXINDEA,2048,0.5
GLOBAL,TRNBTNXXINDEA,2049,0.5
GLOBAL,TRNBTNXXINDEA,2050,0.5
GLOBAL,TRNINDEAINDNE,2030,2.0
GLOBAL,TRNINDEAINDNE,2031,2.0
GLOBAL,TRNINDEAINDNE,2032,2.0
GLOBAL,TRNINDEAINDNE,2033,2.0
GLOBAL,TRNINDEAINDNE,2034,2.0
GLOBAL,TRNINDEAINDNE,2035,2.0
GLOBAL,TRNINDEAINDNE,2036,2.0
GLOBAL,TRNINDEAINDNE,2037,2.0
GLOBAL,TRNINDEAINDNE,2038,2.0
GLOBAL,TRNINDEAINDNE,2039,2.0
GLOBAL,TRNINDEAINDNE,2040,2.0
GLOBAL,TRNINDEAINDNE,2041,2.0
GLOBAL,TRNINDEAINDNE,2042,2.0
GLOBAL,TRNINDEAINDNE,2043,2.0
GLOBAL,TRNINDEAINDNE,2044,2.0
GLOBAL,TRNINDEAINDNE,2045,2.0
GLOBAL,TRNINDEAINDNE,2046,2.0
GLOBAL,TRNINDEAINDNE,2047,2.0
GLOBAL,TRNINDEAINDNE,2048,2.0
GLOBAL,TRNINDEAINDNE,2049,2.0
GLOBAL,TRNINDEAINDNE,2050,2.0
GLOBAL,TRNINDEAINDNO,2030,2.0
GLOBAL,TRNINDEAINDNO,2031,2.0
GLOBAL,TRNINDEAINDNO,2032,2.0
GLOBAL,TRNINDEAINDNO,2033,2.0
GLOBAL,TRNINDEAINDNO,2034,2.0
GLOBAL,TRNINDEAINDNO,2035,2.0
GLOBAL,TRNINDEAINDNO,2036,2.0
GLOBAL,TRNINDEAINDNO,2037,2.0
GLOBAL,TRNINDEAINDNO,2038,2.0
GLOBAL,TRNINDEAINDNO,2039,2.0
GLOBAL,TRNINDEAINDNO,2040,2.0
GLOBAL,TRNINDEAINDNO,2041,2.0
GLOBAL,TRNINDEAINDNO,2042,2.0
GLOBAL,TRNINDEAINDNO,2043,2.0
GLOBAL,TRNINDEAINDNO,2044,2.0
GLOBAL,TRNINDEAINDNO,2045,2.0
GLOBAL,TRNINDEAINDNO,2046,2.0
GLOBAL,TRNINDEAINDNO,2047,2.0
GLOBAL,TRNINDEAINDNO,2048,2.0
GLOBAL,TRNINDEAINDNO,2049,2.0
GLOBAL,TRNINDEAINDNO,2050,2.0
GLOBAL,TRNINDEAINDSO,2030,2.0
GLOBAL,TRNINDEAINDSO,2031,2.0
GLOBAL,TRNINDEAINDSO,2032,2.0
GLOBAL,TRNINDEAINDSO,2033,2.0
GLOBAL,TRNINDEAINDSO,2034,2.0
GLOBAL,TRNINDEAINDSO,2035,2.0
GLOBAL,TRNINDEAINDSO,2036,2.0
GLOBAL,TRNINDEAINDSO,2037,2.0
GLOBAL,TRNINDEAINDSO,2038,2.0
GLOBAL,TRNINDEAINDSO,2039,2.0
GLOBAL,TRNINDEAINDSO,2040,2.0
GLOBAL,TRNINDEAINDSO,2041,2.0
GLOBAL,TRNINDEAINDSO,2042,2.0
GLOBAL,TRNINDEAINDSO,2043,2.0
GLOBAL,TRNINDEAINDSO,2044,2.0
GLOBAL,TRNINDEAINDSO,2045,2.0
GLOBAL,TRNINDEAINDSO,2046,2.0
GLOBAL,TRNINDEAINDSO,2047,2.0
GLOBAL,TRNINDEAINDSO,2048,2.0
GLOBAL,TRNINDEAINDSO,2049,2.0
GLOBAL,TRNINDEAINDSO,2050,2.0
GLOBAL,TRNINDEAINDWE,2030,2.0
GLOBAL,TRNINDEAINDWE,2031,2.0
GLOBAL,TRNINDEAINDWE,2032,2.0
GLOBAL,TRNINDEAINDWE,2033,2.0
GLOBAL,TRNINDEAINDWE,2034,2.0
GLOBAL,TRNINDEAINDWE,2035,2.0
GLOBAL,TRNINDEAINDWE,2036,2.0
GLOBAL,TRNINDEAINDWE,2037,2.0
GLOBAL,TRNINDEAINDWE,2038,2.0
GLOBAL,TRNINDEAINDWE,2039,2.0
GLOBAL,TRNINDEAINDWE,2040,2.0
GLOBAL,TRNINDEAINDWE,2041,2.0
GLOBAL,TRNINDEAINDWE,2042,2.0
GLOBAL,TRNINDEAINDWE,2043,2.0
GLOBAL,TRNINDEAINDWE,2044,2.0
GLOBAL,TRNINDEAINDWE,2045,2.0
GLOBAL,TRNINDEAINDWE,2046,2.0
GLOBAL,TRNINDEAINDWE,2047,2.0
GLOBAL,TRNINDEAINDWE,2048,2.0
GLOBAL,TRNINDEAINDWE,2049,2.0
GLOBAL,TRNINDEAINDWE,2050,2.0
GLOBAL,TRNINDEANPLXX,2030,0.5
GLOBAL,TRNINDEANPLXX,2031,0.5
GLOBAL,TRNINDEANPLXX,2032,0.5
GLOBAL,TRNINDEANPLXX,2033,0.5
GLOBAL,TRNINDEANPLXX,2034,0.5
GLOBAL,TRNINDEANPLXX,2035,0.5
GLOBAL,TRNINDEANPLXX,2036,0.5
GLOBAL,TRNINDEANPLXX,2037,0.5
GLOBAL,TRNINDEANPLXX,2038,0.5
GLOBAL,TRNINDEANPLXX,2039,0.5
GLOBAL,TRNINDEANPLXX,2040,0.5
GLOBAL,TRNINDEANPLXX,2041,0.5
GLOBAL,TRNINDEANPLXX,2042,0.5
GLOBAL,TRNINDEANPLXX,2043,0.5
GLOBAL,TRNINDEANPLXX,2044,0.5
GLOBAL,TRNINDEANPLXX,2045,0.5
GLOBAL,TRNINDEANPLXX,2046,0.5
GLOBAL,TRNINDEANPLXX,2047,0.5
GLOBAL,TRNINDEANPLXX,2048,0.5
GLOBAL,TRNINDEANPLXX,2049,0.5
GLOBAL,TRNINDEANPLXX,2050,0.5
GLOBAL,TRNINDNEINDNO,2030,2.0
GLOBAL,TRNINDNEINDNO,2031,2.0
GLOBAL,TRNINDNEINDNO,2032,2.0
GLOBAL,TRNINDNEINDNO,2033,2.0
GLOBAL,TRNINDNEINDNO,2034,2.0
GLOBAL,TRNINDNEINDNO,2035,2.0
GLOBAL,TRNINDNEINDNO,2036,2.0
GLOBAL,TRNINDNEINDNO,2037,2.0
GLOBAL,TRNINDNEINDNO,2038,2.0
GLOBAL,TRNINDNEINDNO,2039,2.0
GLOBAL,TRNINDNEINDNO,2040,2.0
GLOBAL,TRNINDNEINDNO,2041,2.0
GLOBAL,TRNINDNEINDNO,2042,2.0
GLOBAL,TRNINDNEINDNO,2043,2.0
GLOBAL,TRNINDNEINDNO,2044,2.0
GLOBAL,TRNINDNEINDNO,2045,2.0
GLOBAL,TRNINDNEINDNO,2046,2.0
GLOBAL,TRNINDNEINDNO,2047,2.0
GLOBAL,TRNINDNEINDNO,2048,2.0
GLOBAL,TRNINDNEINDNO,2049,2.0
GLOBAL,TRNINDNEINDNO,2050,2.0
GLOBAL,TRNINDNOINDWE,2030,2.0
GLOBAL,TRNINDNOINDWE,2031,2.0
GLOBAL,TRNINDNOINDWE,2032,2.0
GLOBAL,TRNINDNOINDWE,2033,2.0
GLOBAL,TRNINDNOINDWE,2034,2.0
GLOBAL,TRNINDNOINDWE,2035,2.0
GLOBAL,TRNINDNOINDWE,2036,2.0
GLOBAL,TRNINDNOINDWE,2037,2.0
GLOBAL,TRNINDNOINDWE,2038,2.0
GLOBAL,TRNINDNOINDWE,2039,2.0
GLOBAL,TRNINDNOINDWE,2040,2.0
GLOBAL,TRNINDNOINDWE,2041,2.0
GLOBAL,TRNINDNOINDWE,2042,2.0
GLOBAL,TRNINDNOINDWE,2043,2.0
GLOBAL,TRNINDNOINDWE,2044,2.0
GLOBAL,TRNINDNOINDWE,2045,2.0
GLOBAL,TRNINDNOINDWE,2046,2.0
GLOBAL,TRNINDNOINDWE,2047,2.0
GLOBAL,TRNINDNOINDWE,2048,2.0
GLOBAL,TRNINDNOINDWE,2049,2.0
GLOBAL,TRNINDNOINDWE,2050,2.0
GLOBAL,TRNINDNONPLXX,2030,0.5
GLOBAL,TRNINDNONPLXX,2031,0.5
GLOBAL,TRNINDNONPLXX,2032,0.5
GLOBAL,TRNINDNONPLXX,2033,0.5
GLOBAL,TRNINDNONPLXX,2034,0.5
GLOBAL,TRNINDNONPLXX,2035,0.5
GLOBAL,TRNINDNONPLXX,2036,0.5
GLOBAL,TRNINDNONPLXX,2037,0.5
GLOBAL,TRNINDNONPLXX,2038,0.5
GLOBAL,TRNINDNONPLXX,2039,0.5
GLOBAL,TRNINDNONPLXX,2040,0.5
GLOBAL,TRNINDNONPLXX,2041,0.5
GLOBAL,TRNINDNONPLXX,2042,0.5
GLOBAL,TRNINDNONPLXX,2043,0.5
GLOBAL,TRNINDNONPLXX,2044,0.5
GLOBAL,TRNINDNONPLXX,2045,0.5
GLOBAL,TRNINDNONPLXX,2046,0.5
GLOBAL,TRNINDNONPLXX,2047,0.5
GLOBAL,TRNINDNONPLXX,2048,0.5
GLOBAL,TRNINDNONPLXX,2049,0.5
GLOBAL,TRNINDNONPLXX,2050,0.5
GLOBAL,TRNINDSOINDWE,2030,2.0
GLOBAL,TRNINDSOINDWE,2031,2.0
GLOBAL,TRNINDSOINDWE,2032,2.0
GLOBAL,TRNINDSOINDWE,2033,2.0
GLOBAL,TRNINDSOINDWE,2034,2.0
GLOBAL,TRNINDSOINDWE,2035,2.0
GLOBAL,TRNINDSOINDWE,2036,2.0
GLOBAL,TRNINDSOINDWE,2037,2.0
GLOBAL,TRNINDSOINDWE,2038,2.0
GLOBAL,TRNINDSOINDWE,2039,2.0
GLOBAL,TRNINDSOINDWE,2040,2.0
GLOBAL,TRNINDSOINDWE,2041,2.0
GLOBAL,TRNINDSOINDWE,2042,2.0
GLOBAL,TRNINDSOINDWE,2043,2.0
GLOBAL,TRNINDSOINDWE,2044,2.0
GLOBAL,TRNINDSOINDWE,2045,2.0
GLOBAL,TRNINDSOINDWE,2046,2.0
GLOBAL,TRNINDSOINDWE,2047,2.0
GLOBAL,TRNINDSOINDWE,2048,2.0
GLOBAL,TRNINDSOINDWE,2049,2.0
GLOBAL,TRNINDSOINDWE,2050,2.0
