REGION,TECHNOLOGY,EMISSION,MODE_OF_OPERATION,YEAR,VALUE
GLOBAL,PWRCCSARGXX,CO2ARG,1,2023,0.0273
GLOBAL,PWRCCSARGXX,CO2ARG,1,2024,0.0273
GLOBAL,PWRCCSARGXX,CO2ARG,1,2025,0.0273
GLOBAL,PWRCCSARGXX,CO2ARG,1,2026,0.0273
GLOBAL,PWRCCSARGXX,CO2ARG,1,2027,0.0273
GLOBAL,PWRCCSARGXX,CO2ARG,1,2028,0.0273
GLOBAL,PWRCCSARGXX,CO2ARG,1,2029,0.0273
GLOBAL,PWRCCSARGXX,CO2ARG,1,2030,0.0273
GLOBAL,PWRCCSARGXX,CO2ARG,1,2031,0.0273
GLOBAL,PWRCCSARGXX,CO2ARG,1,2032,0.0273
GLOBAL,PWRCCSARGXX,CO2ARG,1,2033,0.0273
GLOBAL,PWRCCSARGXX,CO2ARG,1,2034,0.0273
GLOBAL,PWRCCSARGXX,CO2ARG,1,2035,0.0273
GLOBAL,PWRCCSARGXX,CO2ARG,1,2036,0.0273
GLOBAL,PWRCCSARGXX,CO2ARG,1,2037,0.0273
GLOBAL,PWRCCSARGXX,CO2ARG,1,2038,0.0273
GLOBAL,PWRCCSARGXX,CO2ARG,1,2039,0.0273
GLOBAL,PWRCCSARGXX,CO2ARG,1,2040,0.0273
GLOBAL,PWRCCSARGXX,CO2ARG,1,2041,0.0273
GLOBAL,PWRCCSARGXX,CO2ARG,1,2042,0.0273
GLOBAL,PWRCCSARGXX,CO2ARG,1,2043,0.0273
GLOBAL,PWRCCSARGXX,CO2ARG,1,2044,0.0273
GLOBAL,PWRCCSARGXX,CO2ARG,1,2045,0.0273
GLOBAL,PWRCCSARGXX,CO2ARG,1,2046,0.0273
GLOBAL,PWRCCSARGXX,CO2ARG,1,2047,0.0273
GLOBAL,PWRCCSARGXX,CO2ARG,1,2048,0.0273
GLOBAL,PWRCCSARGXX,CO2ARG,1,2049,0.0273
GLOBAL,PWRCCSARGXX,CO2ARG,1,2050,0.0273
GLOBAL,PWRCCSARGXX,CO2ARG,2,2023,0.0273
GLOBAL,PWRCCSARGXX,CO2ARG,2,2024,0.0273
GLOBAL,PWRCCSARGXX,CO2ARG,2,2025,0.0273
GLOBAL,PWRCCSARGXX,CO2ARG,2,2026,0.0273
GLOBAL,PWRCCSARGXX,CO2ARG,2,2027,0.0273
GLOBAL,PWRCCSARGXX,CO2ARG,2,2028,0.0273
GLOBAL,PWRCCSARGXX,CO2ARG,2,2029,0.0273
GLOBAL,PWRCCSARGXX,CO2ARG,2,2030,0.0273
GLOBAL,PWRCCSARGXX,CO2ARG,2,2031,0.0273
GLOBAL,PWRCCSARGXX,CO2ARG,2,2032,0.0273
GLOBAL,PWRCCSARGXX,CO2ARG,2,2033,0.0273
GLOBAL,PWRCCSARGXX,CO2ARG,2,2034,0.0273
GLOBAL,PWRCCSARGXX,CO2ARG,2,2035,0.0273
GLOBAL,PWRCCSARGXX,CO2ARG,2,2036,0.0273
GLOBAL,PWRCCSARGXX,CO2ARG,2,2037,0.0273
GLOBAL,PWRCCSARGXX,CO2ARG,2,2038,0.0273
GLOBAL,PWRCCSARGXX,CO2ARG,2,2039,0.0273
GLOBAL,PWRCCSARGXX,CO2ARG,2,2040,0.0273
GLOBAL,PWRCCSARGXX,CO2ARG,2,2041,0.0273
GLOBAL,PWRCCSARGXX,CO2ARG,2,2042,0.0273
GLOBAL,PWRCCSARGXX,CO2ARG,2,2043,0.0273
GLOBAL,PWRCCSARGXX,CO2ARG,2,2044,0.0273
GLOBAL,PWRCCSARGXX,CO2ARG,2,2045,0.0273
GLOBAL,PWRCCSARGXX,CO2ARG,2,2046,0.0273
GLOBAL,PWRCCSARGXX,CO2ARG,2,2047,0.0273
GLOBAL,PWRCCSARGXX,CO2ARG,2,2048,0.0273
GLOBAL,PWRCCSARGXX,CO2ARG,2,2049,0.0273
GLOBAL,PWRCCSARGXX,CO2ARG,2,2050,0.0273
GLOBAL,PWRCCSBOLXX,CO2BOL,1,2023,0.0273
GLOBAL,PWRCCSBOLXX,CO2BOL,1,2024,0.0273
GLOBAL,PWRCCSBOLXX,CO2BOL,1,2025,0.0273
GLOBAL,PWRCCSBOLXX,CO2BOL,1,2026,0.0273
GLOBAL,PWRCCSBOLXX,CO2BOL,1,2027,0.0273
GLOBAL,PWRCCSBOLXX,CO2BOL,1,2028,0.0273
GLOBAL,PWRCCSBOLXX,CO2BOL,1,2029,0.0273
GLOBAL,PWRCCSBOLXX,CO2BOL,1,2030,0.0273
GLOBAL,PWRCCSBOLXX,CO2BOL,1,2031,0.0273
GLOBAL,PWRCCSBOLXX,CO2BOL,1,2032,0.0273
GLOBAL,PWRCCSBOLXX,CO2BOL,1,2033,0.0273
GLOBAL,PWRCCSBOLXX,CO2BOL,1,2034,0.0273
GLOBAL,PWRCCSBOLXX,CO2BOL,1,2035,0.0273
GLOBAL,PWRCCSBOLXX,CO2BOL,1,2036,0.0273
GLOBAL,PWRCCSBOLXX,CO2BOL,1,2037,0.0273
GLOBAL,PWRCCSBOLXX,CO2BOL,1,2038,0.0273
GLOBAL,PWRCCSBOLXX,CO2BOL,1,2039,0.0273
GLOBAL,PWRCCSBOLXX,CO2BOL,1,2040,0.0273
GLOBAL,PWRCCSBOLXX,CO2BOL,1,2041,0.0273
GLOBAL,PWRCCSBOLXX,CO2BOL,1,2042,0.0273
GLOBAL,PWRCCSBOLXX,CO2BOL,1,2043,0.0273
GLOBAL,PWRCCSBOLXX,CO2BOL,1,2044,0.0273
GLOBAL,PWRCCSBOLXX,CO2BOL,1,2045,0.0273
GLOBAL,PWRCCSBOLXX,CO2BOL,1,2046,0.0273
GLOBAL,PWRCCSBOLXX,CO2BOL,1,2047,0.0273
GLOBAL,PWRCCSBOLXX,CO2BOL,1,2048,0.0273
GLOBAL,PWRCCSBOLXX,CO2BOL,1,2049,0.0273
GLOBAL,PWRCCSBOLXX,CO2BOL,1,2050,0.0273
GLOBAL,PWRCCSBOLXX,CO2BOL,2,2023,0.0273
GLOBAL,PWRCCSBOLXX,CO2BOL,2,2024,0.0273
GLOBAL,PWRCCSBOLXX,CO2BOL,2,2025,0.0273
GLOBAL,PWRCCSBOLXX,CO2BOL,2,2026,0.0273
GLOBAL,PWRCCSBOLXX,CO2BOL,2,2027,0.0273
GLOBAL,PWRCCSBOLXX,CO2BOL,2,2028,0.0273
GLOBAL,PWRCCSBOLXX,CO2BOL,2,2029,0.0273
GLOBAL,PWRCCSBOLXX,CO2BOL,2,2030,0.0273
GLOBAL,PWRCCSBOLXX,CO2BOL,2,2031,0.0273
GLOBAL,PWRCCSBOLXX,CO2BOL,2,2032,0.0273
GLOBAL,PWRCCSBOLXX,CO2BOL,2,2033,0.0273
GLOBAL,PWRCCSBOLXX,CO2BOL,2,2034,0.0273
GLOBAL,PWRCCSBOLXX,CO2BOL,2,2035,0.0273
GLOBAL,PWRCCSBOLXX,CO2BOL,2,2036,0.0273
GLOBAL,PWRCCSBOLXX,CO2BOL,2,2037,0.0273
GLOBAL,PWRCCSBOLXX,CO2BOL,2,2038,0.0273
GLOBAL,PWRCCSBOLXX,CO2BOL,2,2039,0.0273
GLOBAL,PWRCCSBOLXX,CO2BOL,2,2040,0.0273
GLOBAL,PWRCCSBOLXX,CO2BOL,2,2041,0.0273
GLOBAL,PWRCCSBOLXX,CO2BOL,2,2042,0.0273
GLOBAL,PWRCCSBOLXX,CO2BOL,2,2043,0.0273
GLOBAL,PWRCCSBOLXX,CO2BOL,2,2044,0.0273
GLOBAL,PWRCCSBOLXX,CO2BOL,2,2045,0.0273
GLOBAL,PWRCCSBOLXX,CO2BOL,2,2046,0.0273
GLOBAL,PWRCCSBOLXX,CO2BOL,2,2047,0.0273
GLOBAL,PWRCCSBOLXX,CO2BOL,2,2048,0.0273
GLOBAL,PWRCCSBOLXX,CO2BOL,2,2049,0.0273
GLOBAL,PWRCCSBOLXX,CO2BOL,2,2050,0.0273
GLOBAL,PWRCCSBRAXX,CO2BRA,1,2023,0.0273
GLOBAL,PWRCCSBRAXX,CO2BRA,1,2024,0.0273
GLOBAL,PWRCCSBRAXX,CO2BRA,1,2025,0.0273
GLOBAL,PWRCCSBRAXX,CO2BRA,1,2026,0.0273
GLOBAL,PWRCCSBRAXX,CO2BRA,1,2027,0.0273
GLOBAL,PWRCCSBRAXX,CO2BRA,1,2028,0.0273
GLOBAL,PWRCCSBRAXX,CO2BRA,1,2029,0.0273
GLOBAL,PWRCCSBRAXX,CO2BRA,1,2030,0.0273
GLOBAL,PWRCCSBRAXX,CO2BRA,1,2031,0.0273
GLOBAL,PWRCCSBRAXX,CO2BRA,1,2032,0.0273
GLOBAL,PWRCCSBRAXX,CO2BRA,1,2033,0.0273
GLOBAL,PWRCCSBRAXX,CO2BRA,1,2034,0.0273
GLOBAL,PWRCCSBRAXX,CO2BRA,1,2035,0.0273
GLOBAL,PWRCCSBRAXX,CO2BRA,1,2036,0.0273
GLOBAL,PWRCCSBRAXX,CO2BRA,1,2037,0.0273
GLOBAL,PWRCCSBRAXX,CO2BRA,1,2038,0.0273
GLOBAL,PWRCCSBRAXX,CO2BRA,1,2039,0.0273
GLOBAL,PWRCCSBRAXX,CO2BRA,1,2040,0.0273
GLOBAL,PWRCCSBRAXX,CO2BRA,1,2041,0.0273
GLOBAL,PWRCCSBRAXX,CO2BRA,1,2042,0.0273
GLOBAL,PWRCCSBRAXX,CO2BRA,1,2043,0.0273
GLOBAL,PWRCCSBRAXX,CO2BRA,1,2044,0.0273
GLOBAL,PWRCCSBRAXX,CO2BRA,1,2045,0.0273
GLOBAL,PWRCCSBRAXX,CO2BRA,1,2046,0.0273
GLOBAL,PWRCCSBRAXX,CO2BRA,1,2047,0.0273
GLOBAL,PWRCCSBRAXX,CO2BRA,1,2048,0.0273
GLOBAL,PWRCCSBRAXX,CO2BRA,1,2049,0.0273
GLOBAL,PWRCCSBRAXX,CO2BRA,1,2050,0.0273
GLOBAL,PWRCCSBRAXX,CO2BRA,2,2023,0.0273
GLOBAL,PWRCCSBRAXX,CO2BRA,2,2024,0.0273
GLOBAL,PWRCCSBRAXX,CO2BRA,2,2025,0.0273
GLOBAL,PWRCCSBRAXX,CO2BRA,2,2026,0.0273
GLOBAL,PWRCCSBRAXX,CO2BRA,2,2027,0.0273
GLOBAL,PWRCCSBRAXX,CO2BRA,2,2028,0.0273
GLOBAL,PWRCCSBRAXX,CO2BRA,2,2029,0.0273
GLOBAL,PWRCCSBRAXX,CO2BRA,2,2030,0.0273
GLOBAL,PWRCCSBRAXX,CO2BRA,2,2031,0.0273
GLOBAL,PWRCCSBRAXX,CO2BRA,2,2032,0.0273
GLOBAL,PWRCCSBRAXX,CO2BRA,2,2033,0.0273
GLOBAL,PWRCCSBRAXX,CO2BRA,2,2034,0.0273
GLOBAL,PWRCCSBRAXX,CO2BRA,2,2035,0.0273
GLOBAL,PWRCCSBRAXX,CO2BRA,2,2036,0.0273
GLOBAL,PWRCCSBRAXX,CO2BRA,2,2037,0.0273
GLOBAL,PWRCCSBRAXX,CO2BRA,2,2038,0.0273
GLOBAL,PWRCCSBRAXX,CO2BRA,2,2039,0.0273
GLOBAL,PWRCCSBRAXX,CO2BRA,2,2040,0.0273
GLOBAL,PWRCCSBRAXX,CO2BRA,2,2041,0.0273
GLOBAL,PWRCCSBRAXX,CO2BRA,2,2042,0.0273
GLOBAL,PWRCCSBRAXX,CO2BRA,2,2043,0.0273
GLOBAL,PWRCCSBRAXX,CO2BRA,2,2044,0.0273
GLOBAL,PWRCCSBRAXX,CO2BRA,2,2045,0.0273
GLOBAL,PWRCCSBRAXX,CO2BRA,2,2046,0.0273
GLOBAL,PWRCCSBRAXX,CO2BRA,2,2047,0.0273
GLOBAL,PWRCCSBRAXX,CO2BRA,2,2048,0.0273
GLOBAL,PWRCCSBRAXX,CO2BRA,2,2049,0.0273
GLOBAL,PWRCCSBRAXX,CO2BRA,2,2050,0.0273
GLOBAL,PWRCCSBRBXX,CO2BRB,1,2023,0.0273
GLOBAL,PWRCCSBRBXX,CO2BRB,1,2024,0.0273
GLOBAL,PWRCCSBRBXX,CO2BRB,1,2025,0.0273
GLOBAL,PWRCCSBRBXX,CO2BRB,1,2026,0.0273
GLOBAL,PWRCCSBRBXX,CO2BRB,1,2027,0.0273
GLOBAL,PWRCCSBRBXX,CO2BRB,1,2028,0.0273
GLOBAL,PWRCCSBRBXX,CO2BRB,1,2029,0.0273
GLOBAL,PWRCCSBRBXX,CO2BRB,1,2030,0.0273
GLOBAL,PWRCCSBRBXX,CO2BRB,1,2031,0.0273
GLOBAL,PWRCCSBRBXX,CO2BRB,1,2032,0.0273
GLOBAL,PWRCCSBRBXX,CO2BRB,1,2033,0.0273
GLOBAL,PWRCCSBRBXX,CO2BRB,1,2034,0.0273
GLOBAL,PWRCCSBRBXX,CO2BRB,1,2035,0.0273
GLOBAL,PWRCCSBRBXX,CO2BRB,1,2036,0.0273
GLOBAL,PWRCCSBRBXX,CO2BRB,1,2037,0.0273
GLOBAL,PWRCCSBRBXX,CO2BRB,1,2038,0.0273
GLOBAL,PWRCCSBRBXX,CO2BRB,1,2039,0.0273
GLOBAL,PWRCCSBRBXX,CO2BRB,1,2040,0.0273
GLOBAL,PWRCCSBRBXX,CO2BRB,1,2041,0.0273
GLOBAL,PWRCCSBRBXX,CO2BRB,1,2042,0.0273
GLOBAL,PWRCCSBRBXX,CO2BRB,1,2043,0.0273
GLOBAL,PWRCCSBRBXX,CO2BRB,1,2044,0.0273
GLOBAL,PWRCCSBRBXX,CO2BRB,1,2045,0.0273
GLOBAL,PWRCCSBRBXX,CO2BRB,1,2046,0.0273
GLOBAL,PWRCCSBRBXX,CO2BRB,1,2047,0.0273
GLOBAL,PWRCCSBRBXX,CO2BRB,1,2048,0.0273
GLOBAL,PWRCCSBRBXX,CO2BRB,1,2049,0.0273
GLOBAL,PWRCCSBRBXX,CO2BRB,1,2050,0.0273
GLOBAL,PWRCCSBRBXX,CO2BRB,2,2023,0.0273
GLOBAL,PWRCCSBRBXX,CO2BRB,2,2024,0.0273
GLOBAL,PWRCCSBRBXX,CO2BRB,2,2025,0.0273
GLOBAL,PWRCCSBRBXX,CO2BRB,2,2026,0.0273
GLOBAL,PWRCCSBRBXX,CO2BRB,2,2027,0.0273
GLOBAL,PWRCCSBRBXX,CO2BRB,2,2028,0.0273
GLOBAL,PWRCCSBRBXX,CO2BRB,2,2029,0.0273
GLOBAL,PWRCCSBRBXX,CO2BRB,2,2030,0.0273
GLOBAL,PWRCCSBRBXX,CO2BRB,2,2031,0.0273
GLOBAL,PWRCCSBRBXX,CO2BRB,2,2032,0.0273
GLOBAL,PWRCCSBRBXX,CO2BRB,2,2033,0.0273
GLOBAL,PWRCCSBRBXX,CO2BRB,2,2034,0.0273
GLOBAL,PWRCCSBRBXX,CO2BRB,2,2035,0.0273
GLOBAL,PWRCCSBRBXX,CO2BRB,2,2036,0.0273
GLOBAL,PWRCCSBRBXX,CO2BRB,2,2037,0.0273
GLOBAL,PWRCCSBRBXX,CO2BRB,2,2038,0.0273
GLOBAL,PWRCCSBRBXX,CO2BRB,2,2039,0.0273
GLOBAL,PWRCCSBRBXX,CO2BRB,2,2040,0.0273
GLOBAL,PWRCCSBRBXX,CO2BRB,2,2041,0.0273
GLOBAL,PWRCCSBRBXX,CO2BRB,2,2042,0.0273
GLOBAL,PWRCCSBRBXX,CO2BRB,2,2043,0.0273
GLOBAL,PWRCCSBRBXX,CO2BRB,2,2044,0.0273
GLOBAL,PWRCCSBRBXX,CO2BRB,2,2045,0.0273
GLOBAL,PWRCCSBRBXX,CO2BRB,2,2046,0.0273
GLOBAL,PWRCCSBRBXX,CO2BRB,2,2047,0.0273
GLOBAL,PWRCCSBRBXX,CO2BRB,2,2048,0.0273
GLOBAL,PWRCCSBRBXX,CO2BRB,2,2049,0.0273
GLOBAL,PWRCCSBRBXX,CO2BRB,2,2050,0.0273
GLOBAL,PWRCCSCHLXX,CO2CHL,1,2023,0.0273
GLOBAL,PWRCCSCHLXX,CO2CHL,1,2024,0.0273
GLOBAL,PWRCCSCHLXX,CO2CHL,1,2025,0.0273
GLOBAL,PWRCCSCHLXX,CO2CHL,1,2026,0.0273
GLOBAL,PWRCCSCHLXX,CO2CHL,1,2027,0.0273
GLOBAL,PWRCCSCHLXX,CO2CHL,1,2028,0.0273
GLOBAL,PWRCCSCHLXX,CO2CHL,1,2029,0.0273
GLOBAL,PWRCCSCHLXX,CO2CHL,1,2030,0.0273
GLOBAL,PWRCCSCHLXX,CO2CHL,1,2031,0.0273
GLOBAL,PWRCCSCHLXX,CO2CHL,1,2032,0.0273
GLOBAL,PWRCCSCHLXX,CO2CHL,1,2033,0.0273
GLOBAL,PWRCCSCHLXX,CO2CHL,1,2034,0.0273
GLOBAL,PWRCCSCHLXX,CO2CHL,1,2035,0.0273
GLOBAL,PWRCCSCHLXX,CO2CHL,1,2036,0.0273
GLOBAL,PWRCCSCHLXX,CO2CHL,1,2037,0.0273
GLOBAL,PWRCCSCHLXX,CO2CHL,1,2038,0.0273
GLOBAL,PWRCCSCHLXX,CO2CHL,1,2039,0.0273
GLOBAL,PWRCCSCHLXX,CO2CHL,1,2040,0.0273
GLOBAL,PWRCCSCHLXX,CO2CHL,1,2041,0.0273
GLOBAL,PWRCCSCHLXX,CO2CHL,1,2042,0.0273
GLOBAL,PWRCCSCHLXX,CO2CHL,1,2043,0.0273
GLOBAL,PWRCCSCHLXX,CO2CHL,1,2044,0.0273
GLOBAL,PWRCCSCHLXX,CO2CHL,1,2045,0.0273
GLOBAL,PWRCCSCHLXX,CO2CHL,1,2046,0.0273
GLOBAL,PWRCCSCHLXX,CO2CHL,1,2047,0.0273
GLOBAL,PWRCCSCHLXX,CO2CHL,1,2048,0.0273
GLOBAL,PWRCCSCHLXX,CO2CHL,1,2049,0.0273
GLOBAL,PWRCCSCHLXX,CO2CHL,1,2050,0.0273
GLOBAL,PWRCCSCHLXX,CO2CHL,2,2023,0.0273
GLOBAL,PWRCCSCHLXX,CO2CHL,2,2024,0.0273
GLOBAL,PWRCCSCHLXX,CO2CHL,2,2025,0.0273
GLOBAL,PWRCCSCHLXX,CO2CHL,2,2026,0.0273
GLOBAL,PWRCCSCHLXX,CO2CHL,2,2027,0.0273
GLOBAL,PWRCCSCHLXX,CO2CHL,2,2028,0.0273
GLOBAL,PWRCCSCHLXX,CO2CHL,2,2029,0.0273
GLOBAL,PWRCCSCHLXX,CO2CHL,2,2030,0.0273
GLOBAL,PWRCCSCHLXX,CO2CHL,2,2031,0.0273
GLOBAL,PWRCCSCHLXX,CO2CHL,2,2032,0.0273
GLOBAL,PWRCCSCHLXX,CO2CHL,2,2033,0.0273
GLOBAL,PWRCCSCHLXX,CO2CHL,2,2034,0.0273
GLOBAL,PWRCCSCHLXX,CO2CHL,2,2035,0.0273
GLOBAL,PWRCCSCHLXX,CO2CHL,2,2036,0.0273
GLOBAL,PWRCCSCHLXX,CO2CHL,2,2037,0.0273
GLOBAL,PWRCCSCHLXX,CO2CHL,2,2038,0.0273
GLOBAL,PWRCCSCHLXX,CO2CHL,2,2039,0.0273
GLOBAL,PWRCCSCHLXX,CO2CHL,2,2040,0.0273
GLOBAL,PWRCCSCHLXX,CO2CHL,2,2041,0.0273
GLOBAL,PWRCCSCHLXX,CO2CHL,2,2042,0.0273
GLOBAL,PWRCCSCHLXX,CO2CHL,2,2043,0.0273
GLOBAL,PWRCCSCHLXX,CO2CHL,2,2044,0.0273
GLOBAL,PWRCCSCHLXX,CO2CHL,2,2045,0.0273
GLOBAL,PWRCCSCHLXX,CO2CHL,2,2046,0.0273
GLOBAL,PWRCCSCHLXX,CO2CHL,2,2047,0.0273
GLOBAL,PWRCCSCHLXX,CO2CHL,2,2048,0.0273
GLOBAL,PWRCCSCHLXX,CO2CHL,2,2049,0.0273
GLOBAL,PWRCCSCHLXX,CO2CHL,2,2050,0.0273
GLOBAL,PWRCCSCOLXX,CO2COL,1,2023,0.0273
GLOBAL,PWRCCSCOLXX,CO2COL,1,2024,0.0273
GLOBAL,PWRCCSCOLXX,CO2COL,1,2025,0.0273
GLOBAL,PWRCCSCOLXX,CO2COL,1,2026,0.0273
GLOBAL,PWRCCSCOLXX,CO2COL,1,2027,0.0273
GLOBAL,PWRCCSCOLXX,CO2COL,1,2028,0.0273
GLOBAL,PWRCCSCOLXX,CO2COL,1,2029,0.0273
GLOBAL,PWRCCSCOLXX,CO2COL,1,2030,0.0273
GLOBAL,PWRCCSCOLXX,CO2COL,1,2031,0.0273
GLOBAL,PWRCCSCOLXX,CO2COL,1,2032,0.0273
GLOBAL,PWRCCSCOLXX,CO2COL,1,2033,0.0273
GLOBAL,PWRCCSCOLXX,CO2COL,1,2034,0.0273
GLOBAL,PWRCCSCOLXX,CO2COL,1,2035,0.0273
GLOBAL,PWRCCSCOLXX,CO2COL,1,2036,0.0273
GLOBAL,PWRCCSCOLXX,CO2COL,1,2037,0.0273
GLOBAL,PWRCCSCOLXX,CO2COL,1,2038,0.0273
GLOBAL,PWRCCSCOLXX,CO2COL,1,2039,0.0273
GLOBAL,PWRCCSCOLXX,CO2COL,1,2040,0.0273
GLOBAL,PWRCCSCOLXX,CO2COL,1,2041,0.0273
GLOBAL,PWRCCSCOLXX,CO2COL,1,2042,0.0273
GLOBAL,PWRCCSCOLXX,CO2COL,1,2043,0.0273
GLOBAL,PWRCCSCOLXX,CO2COL,1,2044,0.0273
GLOBAL,PWRCCSCOLXX,CO2COL,1,2045,0.0273
GLOBAL,PWRCCSCOLXX,CO2COL,1,2046,0.0273
GLOBAL,PWRCCSCOLXX,CO2COL,1,2047,0.0273
GLOBAL,PWRCCSCOLXX,CO2COL,1,2048,0.0273
GLOBAL,PWRCCSCOLXX,CO2COL,1,2049,0.0273
GLOBAL,PWRCCSCOLXX,CO2COL,1,2050,0.0273
GLOBAL,PWRCCSCOLXX,CO2COL,2,2023,0.0273
GLOBAL,PWRCCSCOLXX,CO2COL,2,2024,0.0273
GLOBAL,PWRCCSCOLXX,CO2COL,2,2025,0.0273
GLOBAL,PWRCCSCOLXX,CO2COL,2,2026,0.0273
GLOBAL,PWRCCSCOLXX,CO2COL,2,2027,0.0273
GLOBAL,PWRCCSCOLXX,CO2COL,2,2028,0.0273
GLOBAL,PWRCCSCOLXX,CO2COL,2,2029,0.0273
GLOBAL,PWRCCSCOLXX,CO2COL,2,2030,0.0273
GLOBAL,PWRCCSCOLXX,CO2COL,2,2031,0.0273
GLOBAL,PWRCCSCOLXX,CO2COL,2,2032,0.0273
GLOBAL,PWRCCSCOLXX,CO2COL,2,2033,0.0273
GLOBAL,PWRCCSCOLXX,CO2COL,2,2034,0.0273
GLOBAL,PWRCCSCOLXX,CO2COL,2,2035,0.0273
GLOBAL,PWRCCSCOLXX,CO2COL,2,2036,0.0273
GLOBAL,PWRCCSCOLXX,CO2COL,2,2037,0.0273
GLOBAL,PWRCCSCOLXX,CO2COL,2,2038,0.0273
GLOBAL,PWRCCSCOLXX,CO2COL,2,2039,0.0273
GLOBAL,PWRCCSCOLXX,CO2COL,2,2040,0.0273
GLOBAL,PWRCCSCOLXX,CO2COL,2,2041,0.0273
GLOBAL,PWRCCSCOLXX,CO2COL,2,2042,0.0273
GLOBAL,PWRCCSCOLXX,CO2COL,2,2043,0.0273
GLOBAL,PWRCCSCOLXX,CO2COL,2,2044,0.0273
GLOBAL,PWRCCSCOLXX,CO2COL,2,2045,0.0273
GLOBAL,PWRCCSCOLXX,CO2COL,2,2046,0.0273
GLOBAL,PWRCCSCOLXX,CO2COL,2,2047,0.0273
GLOBAL,PWRCCSCOLXX,CO2COL,2,2048,0.0273
GLOBAL,PWRCCSCOLXX,CO2COL,2,2049,0.0273
GLOBAL,PWRCCSCOLXX,CO2COL,2,2050,0.0273
GLOBAL,PWRCCSCRIXX,CO2CRI,1,2023,0.0273
GLOBAL,PWRCCSCRIXX,CO2CRI,1,2024,0.0273
GLOBAL,PWRCCSCRIXX,CO2CRI,1,2025,0.0273
GLOBAL,PWRCCSCRIXX,CO2CRI,1,2026,0.0273
GLOBAL,PWRCCSCRIXX,CO2CRI,1,2027,0.0273
GLOBAL,PWRCCSCRIXX,CO2CRI,1,2028,0.0273
GLOBAL,PWRCCSCRIXX,CO2CRI,1,2029,0.0273
GLOBAL,PWRCCSCRIXX,CO2CRI,1,2030,0.0273
GLOBAL,PWRCCSCRIXX,CO2CRI,1,2031,0.0273
GLOBAL,PWRCCSCRIXX,CO2CRI,1,2032,0.0273
GLOBAL,PWRCCSCRIXX,CO2CRI,1,2033,0.0273
GLOBAL,PWRCCSCRIXX,CO2CRI,1,2034,0.0273
GLOBAL,PWRCCSCRIXX,CO2CRI,1,2035,0.0273
GLOBAL,PWRCCSCRIXX,CO2CRI,1,2036,0.0273
GLOBAL,PWRCCSCRIXX,CO2CRI,1,2037,0.0273
GLOBAL,PWRCCSCRIXX,CO2CRI,1,2038,0.0273
GLOBAL,PWRCCSCRIXX,CO2CRI,1,2039,0.0273
GLOBAL,PWRCCSCRIXX,CO2CRI,1,2040,0.0273
GLOBAL,PWRCCSCRIXX,CO2CRI,1,2041,0.0273
GLOBAL,PWRCCSCRIXX,CO2CRI,1,2042,0.0273
GLOBAL,PWRCCSCRIXX,CO2CRI,1,2043,0.0273
GLOBAL,PWRCCSCRIXX,CO2CRI,1,2044,0.0273
GLOBAL,PWRCCSCRIXX,CO2CRI,1,2045,0.0273
GLOBAL,PWRCCSCRIXX,CO2CRI,1,2046,0.0273
GLOBAL,PWRCCSCRIXX,CO2CRI,1,2047,0.0273
GLOBAL,PWRCCSCRIXX,CO2CRI,1,2048,0.0273
GLOBAL,PWRCCSCRIXX,CO2CRI,1,2049,0.0273
GLOBAL,PWRCCSCRIXX,CO2CRI,1,2050,0.0273
GLOBAL,PWRCCSCRIXX,CO2CRI,2,2023,0.0273
GLOBAL,PWRCCSCRIXX,CO2CRI,2,2024,0.0273
GLOBAL,PWRCCSCRIXX,CO2CRI,2,2025,0.0273
GLOBAL,PWRCCSCRIXX,CO2CRI,2,2026,0.0273
GLOBAL,PWRCCSCRIXX,CO2CRI,2,2027,0.0273
GLOBAL,PWRCCSCRIXX,CO2CRI,2,2028,0.0273
GLOBAL,PWRCCSCRIXX,CO2CRI,2,2029,0.0273
GLOBAL,PWRCCSCRIXX,CO2CRI,2,2030,0.0273
GLOBAL,PWRCCSCRIXX,CO2CRI,2,2031,0.0273
GLOBAL,PWRCCSCRIXX,CO2CRI,2,2032,0.0273
GLOBAL,PWRCCSCRIXX,CO2CRI,2,2033,0.0273
GLOBAL,PWRCCSCRIXX,CO2CRI,2,2034,0.0273
GLOBAL,PWRCCSCRIXX,CO2CRI,2,2035,0.0273
GLOBAL,PWRCCSCRIXX,CO2CRI,2,2036,0.0273
GLOBAL,PWRCCSCRIXX,CO2CRI,2,2037,0.0273
GLOBAL,PWRCCSCRIXX,CO2CRI,2,2038,0.0273
GLOBAL,PWRCCSCRIXX,CO2CRI,2,2039,0.0273
GLOBAL,PWRCCSCRIXX,CO2CRI,2,2040,0.0273
GLOBAL,PWRCCSCRIXX,CO2CRI,2,2041,0.0273
GLOBAL,PWRCCSCRIXX,CO2CRI,2,2042,0.0273
GLOBAL,PWRCCSCRIXX,CO2CRI,2,2043,0.0273
GLOBAL,PWRCCSCRIXX,CO2CRI,2,2044,0.0273
GLOBAL,PWRCCSCRIXX,CO2CRI,2,2045,0.0273
GLOBAL,PWRCCSCRIXX,CO2CRI,2,2046,0.0273
GLOBAL,PWRCCSCRIXX,CO2CRI,2,2047,0.0273
GLOBAL,PWRCCSCRIXX,CO2CRI,2,2048,0.0273
GLOBAL,PWRCCSCRIXX,CO2CRI,2,2049,0.0273
GLOBAL,PWRCCSCRIXX,CO2CRI,2,2050,0.0273
GLOBAL,PWRCCSDOMXX,CO2DOM,1,2023,0.0273
GLOBAL,PWRCCSDOMXX,CO2DOM,1,2024,0.0273
GLOBAL,PWRCCSDOMXX,CO2DOM,1,2025,0.0273
GLOBAL,PWRCCSDOMXX,CO2DOM,1,2026,0.0273
GLOBAL,PWRCCSDOMXX,CO2DOM,1,2027,0.0273
GLOBAL,PWRCCSDOMXX,CO2DOM,1,2028,0.0273
GLOBAL,PWRCCSDOMXX,CO2DOM,1,2029,0.0273
GLOBAL,PWRCCSDOMXX,CO2DOM,1,2030,0.0273
GLOBAL,PWRCCSDOMXX,CO2DOM,1,2031,0.0273
GLOBAL,PWRCCSDOMXX,CO2DOM,1,2032,0.0273
GLOBAL,PWRCCSDOMXX,CO2DOM,1,2033,0.0273
GLOBAL,PWRCCSDOMXX,CO2DOM,1,2034,0.0273
GLOBAL,PWRCCSDOMXX,CO2DOM,1,2035,0.0273
GLOBAL,PWRCCSDOMXX,CO2DOM,1,2036,0.0273
GLOBAL,PWRCCSDOMXX,CO2DOM,1,2037,0.0273
GLOBAL,PWRCCSDOMXX,CO2DOM,1,2038,0.0273
GLOBAL,PWRCCSDOMXX,CO2DOM,1,2039,0.0273
GLOBAL,PWRCCSDOMXX,CO2DOM,1,2040,0.0273
GLOBAL,PWRCCSDOMXX,CO2DOM,1,2041,0.0273
GLOBAL,PWRCCSDOMXX,CO2DOM,1,2042,0.0273
GLOBAL,PWRCCSDOMXX,CO2DOM,1,2043,0.0273
GLOBAL,PWRCCSDOMXX,CO2DOM,1,2044,0.0273
GLOBAL,PWRCCSDOMXX,CO2DOM,1,2045,0.0273
GLOBAL,PWRCCSDOMXX,CO2DOM,1,2046,0.0273
GLOBAL,PWRCCSDOMXX,CO2DOM,1,2047,0.0273
GLOBAL,PWRCCSDOMXX,CO2DOM,1,2048,0.0273
GLOBAL,PWRCCSDOMXX,CO2DOM,1,2049,0.0273
GLOBAL,PWRCCSDOMXX,CO2DOM,1,2050,0.0273
GLOBAL,PWRCCSDOMXX,CO2DOM,2,2023,0.0273
GLOBAL,PWRCCSDOMXX,CO2DOM,2,2024,0.0273
GLOBAL,PWRCCSDOMXX,CO2DOM,2,2025,0.0273
GLOBAL,PWRCCSDOMXX,CO2DOM,2,2026,0.0273
GLOBAL,PWRCCSDOMXX,CO2DOM,2,2027,0.0273
GLOBAL,PWRCCSDOMXX,CO2DOM,2,2028,0.0273
GLOBAL,PWRCCSDOMXX,CO2DOM,2,2029,0.0273
GLOBAL,PWRCCSDOMXX,CO2DOM,2,2030,0.0273
GLOBAL,PWRCCSDOMXX,CO2DOM,2,2031,0.0273
GLOBAL,PWRCCSDOMXX,CO2DOM,2,2032,0.0273
GLOBAL,PWRCCSDOMXX,CO2DOM,2,2033,0.0273
GLOBAL,PWRCCSDOMXX,CO2DOM,2,2034,0.0273
GLOBAL,PWRCCSDOMXX,CO2DOM,2,2035,0.0273
GLOBAL,PWRCCSDOMXX,CO2DOM,2,2036,0.0273
GLOBAL,PWRCCSDOMXX,CO2DOM,2,2037,0.0273
GLOBAL,PWRCCSDOMXX,CO2DOM,2,2038,0.0273
GLOBAL,PWRCCSDOMXX,CO2DOM,2,2039,0.0273
GLOBAL,PWRCCSDOMXX,CO2DOM,2,2040,0.0273
GLOBAL,PWRCCSDOMXX,CO2DOM,2,2041,0.0273
GLOBAL,PWRCCSDOMXX,CO2DOM,2,2042,0.0273
GLOBAL,PWRCCSDOMXX,CO2DOM,2,2043,0.0273
GLOBAL,PWRCCSDOMXX,CO2DOM,2,2044,0.0273
GLOBAL,PWRCCSDOMXX,CO2DOM,2,2045,0.0273
GLOBAL,PWRCCSDOMXX,CO2DOM,2,2046,0.0273
GLOBAL,PWRCCSDOMXX,CO2DOM,2,2047,0.0273
GLOBAL,PWRCCSDOMXX,CO2DOM,2,2048,0.0273
GLOBAL,PWRCCSDOMXX,CO2DOM,2,2049,0.0273
GLOBAL,PWRCCSDOMXX,CO2DOM,2,2050,0.0273
GLOBAL,PWRCCSECUXX,CO2ECU,1,2023,0.0273
GLOBAL,PWRCCSECUXX,CO2ECU,1,2024,0.0273
GLOBAL,PWRCCSECUXX,CO2ECU,1,2025,0.0273
GLOBAL,PWRCCSECUXX,CO2ECU,1,2026,0.0273
GLOBAL,PWRCCSECUXX,CO2ECU,1,2027,0.0273
GLOBAL,PWRCCSECUXX,CO2ECU,1,2028,0.0273
GLOBAL,PWRCCSECUXX,CO2ECU,1,2029,0.0273
GLOBAL,PWRCCSECUXX,CO2ECU,1,2030,0.0273
GLOBAL,PWRCCSECUXX,CO2ECU,1,2031,0.0273
GLOBAL,PWRCCSECUXX,CO2ECU,1,2032,0.0273
GLOBAL,PWRCCSECUXX,CO2ECU,1,2033,0.0273
GLOBAL,PWRCCSECUXX,CO2ECU,1,2034,0.0273
GLOBAL,PWRCCSECUXX,CO2ECU,1,2035,0.0273
GLOBAL,PWRCCSECUXX,CO2ECU,1,2036,0.0273
GLOBAL,PWRCCSECUXX,CO2ECU,1,2037,0.0273
GLOBAL,PWRCCSECUXX,CO2ECU,1,2038,0.0273
GLOBAL,PWRCCSECUXX,CO2ECU,1,2039,0.0273
GLOBAL,PWRCCSECUXX,CO2ECU,1,2040,0.0273
GLOBAL,PWRCCSECUXX,CO2ECU,1,2041,0.0273
GLOBAL,PWRCCSECUXX,CO2ECU,1,2042,0.0273
GLOBAL,PWRCCSECUXX,CO2ECU,1,2043,0.0273
GLOBAL,PWRCCSECUXX,CO2ECU,1,2044,0.0273
GLOBAL,PWRCCSECUXX,CO2ECU,1,2045,0.0273
GLOBAL,PWRCCSECUXX,CO2ECU,1,2046,0.0273
GLOBAL,PWRCCSECUXX,CO2ECU,1,2047,0.0273
GLOBAL,PWRCCSECUXX,CO2ECU,1,2048,0.0273
GLOBAL,PWRCCSECUXX,CO2ECU,1,2049,0.0273
GLOBAL,PWRCCSECUXX,CO2ECU,1,2050,0.0273
GLOBAL,PWRCCSECUXX,CO2ECU,2,2023,0.0273
GLOBAL,PWRCCSECUXX,CO2ECU,2,2024,0.0273
GLOBAL,PWRCCSECUXX,CO2ECU,2,2025,0.0273
GLOBAL,PWRCCSECUXX,CO2ECU,2,2026,0.0273
GLOBAL,PWRCCSECUXX,CO2ECU,2,2027,0.0273
GLOBAL,PWRCCSECUXX,CO2ECU,2,2028,0.0273
GLOBAL,PWRCCSECUXX,CO2ECU,2,2029,0.0273
GLOBAL,PWRCCSECUXX,CO2ECU,2,2030,0.0273
GLOBAL,PWRCCSECUXX,CO2ECU,2,2031,0.0273
GLOBAL,PWRCCSECUXX,CO2ECU,2,2032,0.0273
GLOBAL,PWRCCSECUXX,CO2ECU,2,2033,0.0273
GLOBAL,PWRCCSECUXX,CO2ECU,2,2034,0.0273
GLOBAL,PWRCCSECUXX,CO2ECU,2,2035,0.0273
GLOBAL,PWRCCSECUXX,CO2ECU,2,2036,0.0273
GLOBAL,PWRCCSECUXX,CO2ECU,2,2037,0.0273
GLOBAL,PWRCCSECUXX,CO2ECU,2,2038,0.0273
GLOBAL,PWRCCSECUXX,CO2ECU,2,2039,0.0273
GLOBAL,PWRCCSECUXX,CO2ECU,2,2040,0.0273
GLOBAL,PWRCCSECUXX,CO2ECU,2,2041,0.0273
GLOBAL,PWRCCSECUXX,CO2ECU,2,2042,0.0273
GLOBAL,PWRCCSECUXX,CO2ECU,2,2043,0.0273
GLOBAL,PWRCCSECUXX,CO2ECU,2,2044,0.0273
GLOBAL,PWRCCSECUXX,CO2ECU,2,2045,0.0273
GLOBAL,PWRCCSECUXX,CO2ECU,2,2046,0.0273
GLOBAL,PWRCCSECUXX,CO2ECU,2,2047,0.0273
GLOBAL,PWRCCSECUXX,CO2ECU,2,2048,0.0273
GLOBAL,PWRCCSECUXX,CO2ECU,2,2049,0.0273
GLOBAL,PWRCCSECUXX,CO2ECU,2,2050,0.0273
GLOBAL,PWRCCSGTMXX,CO2GTM,1,2023,0.0273
GLOBAL,PWRCCSGTMXX,CO2GTM,1,2024,0.0273
GLOBAL,PWRCCSGTMXX,CO2GTM,1,2025,0.0273
GLOBAL,PWRCCSGTMXX,CO2GTM,1,2026,0.0273
GLOBAL,PWRCCSGTMXX,CO2GTM,1,2027,0.0273
GLOBAL,PWRCCSGTMXX,CO2GTM,1,2028,0.0273
GLOBAL,PWRCCSGTMXX,CO2GTM,1,2029,0.0273
GLOBAL,PWRCCSGTMXX,CO2GTM,1,2030,0.0273
GLOBAL,PWRCCSGTMXX,CO2GTM,1,2031,0.0273
GLOBAL,PWRCCSGTMXX,CO2GTM,1,2032,0.0273
GLOBAL,PWRCCSGTMXX,CO2GTM,1,2033,0.0273
GLOBAL,PWRCCSGTMXX,CO2GTM,1,2034,0.0273
GLOBAL,PWRCCSGTMXX,CO2GTM,1,2035,0.0273
GLOBAL,PWRCCSGTMXX,CO2GTM,1,2036,0.0273
GLOBAL,PWRCCSGTMXX,CO2GTM,1,2037,0.0273
GLOBAL,PWRCCSGTMXX,CO2GTM,1,2038,0.0273
GLOBAL,PWRCCSGTMXX,CO2GTM,1,2039,0.0273
GLOBAL,PWRCCSGTMXX,CO2GTM,1,2040,0.0273
GLOBAL,PWRCCSGTMXX,CO2GTM,1,2041,0.0273
GLOBAL,PWRCCSGTMXX,CO2GTM,1,2042,0.0273
GLOBAL,PWRCCSGTMXX,CO2GTM,1,2043,0.0273
GLOBAL,PWRCCSGTMXX,CO2GTM,1,2044,0.0273
GLOBAL,PWRCCSGTMXX,CO2GTM,1,2045,0.0273
GLOBAL,PWRCCSGTMXX,CO2GTM,1,2046,0.0273
GLOBAL,PWRCCSGTMXX,CO2GTM,1,2047,0.0273
GLOBAL,PWRCCSGTMXX,CO2GTM,1,2048,0.0273
GLOBAL,PWRCCSGTMXX,CO2GTM,1,2049,0.0273
GLOBAL,PWRCCSGTMXX,CO2GTM,1,2050,0.0273
GLOBAL,PWRCCSGTMXX,CO2GTM,2,2023,0.0273
GLOBAL,PWRCCSGTMXX,CO2GTM,2,2024,0.0273
GLOBAL,PWRCCSGTMXX,CO2GTM,2,2025,0.0273
GLOBAL,PWRCCSGTMXX,CO2GTM,2,2026,0.0273
GLOBAL,PWRCCSGTMXX,CO2GTM,2,2027,0.0273
GLOBAL,PWRCCSGTMXX,CO2GTM,2,2028,0.0273
GLOBAL,PWRCCSGTMXX,CO2GTM,2,2029,0.0273
GLOBAL,PWRCCSGTMXX,CO2GTM,2,2030,0.0273
GLOBAL,PWRCCSGTMXX,CO2GTM,2,2031,0.0273
GLOBAL,PWRCCSGTMXX,CO2GTM,2,2032,0.0273
GLOBAL,PWRCCSGTMXX,CO2GTM,2,2033,0.0273
GLOBAL,PWRCCSGTMXX,CO2GTM,2,2034,0.0273
GLOBAL,PWRCCSGTMXX,CO2GTM,2,2035,0.0273
GLOBAL,PWRCCSGTMXX,CO2GTM,2,2036,0.0273
GLOBAL,PWRCCSGTMXX,CO2GTM,2,2037,0.0273
GLOBAL,PWRCCSGTMXX,CO2GTM,2,2038,0.0273
GLOBAL,PWRCCSGTMXX,CO2GTM,2,2039,0.0273
GLOBAL,PWRCCSGTMXX,CO2GTM,2,2040,0.0273
GLOBAL,PWRCCSGTMXX,CO2GTM,2,2041,0.0273
GLOBAL,PWRCCSGTMXX,CO2GTM,2,2042,0.0273
GLOBAL,PWRCCSGTMXX,CO2GTM,2,2043,0.0273
GLOBAL,PWRCCSGTMXX,CO2GTM,2,2044,0.0273
GLOBAL,PWRCCSGTMXX,CO2GTM,2,2045,0.0273
GLOBAL,PWRCCSGTMXX,CO2GTM,2,2046,0.0273
GLOBAL,PWRCCSGTMXX,CO2GTM,2,2047,0.0273
GLOBAL,PWRCCSGTMXX,CO2GTM,2,2048,0.0273
GLOBAL,PWRCCSGTMXX,CO2GTM,2,2049,0.0273
GLOBAL,PWRCCSGTMXX,CO2GTM,2,2050,0.0273
GLOBAL,PWRCCSHNDXX,CO2HND,1,2023,0.0273
GLOBAL,PWRCCSHNDXX,CO2HND,1,2024,0.0273
GLOBAL,PWRCCSHNDXX,CO2HND,1,2025,0.0273
GLOBAL,PWRCCSHNDXX,CO2HND,1,2026,0.0273
GLOBAL,PWRCCSHNDXX,CO2HND,1,2027,0.0273
GLOBAL,PWRCCSHNDXX,CO2HND,1,2028,0.0273
GLOBAL,PWRCCSHNDXX,CO2HND,1,2029,0.0273
GLOBAL,PWRCCSHNDXX,CO2HND,1,2030,0.0273
GLOBAL,PWRCCSHNDXX,CO2HND,1,2031,0.0273
GLOBAL,PWRCCSHNDXX,CO2HND,1,2032,0.0273
GLOBAL,PWRCCSHNDXX,CO2HND,1,2033,0.0273
GLOBAL,PWRCCSHNDXX,CO2HND,1,2034,0.0273
GLOBAL,PWRCCSHNDXX,CO2HND,1,2035,0.0273
GLOBAL,PWRCCSHNDXX,CO2HND,1,2036,0.0273
GLOBAL,PWRCCSHNDXX,CO2HND,1,2037,0.0273
GLOBAL,PWRCCSHNDXX,CO2HND,1,2038,0.0273
GLOBAL,PWRCCSHNDXX,CO2HND,1,2039,0.0273
GLOBAL,PWRCCSHNDXX,CO2HND,1,2040,0.0273
GLOBAL,PWRCCSHNDXX,CO2HND,1,2041,0.0273
GLOBAL,PWRCCSHNDXX,CO2HND,1,2042,0.0273
GLOBAL,PWRCCSHNDXX,CO2HND,1,2043,0.0273
GLOBAL,PWRCCSHNDXX,CO2HND,1,2044,0.0273
GLOBAL,PWRCCSHNDXX,CO2HND,1,2045,0.0273
GLOBAL,PWRCCSHNDXX,CO2HND,1,2046,0.0273
GLOBAL,PWRCCSHNDXX,CO2HND,1,2047,0.0273
GLOBAL,PWRCCSHNDXX,CO2HND,1,2048,0.0273
GLOBAL,PWRCCSHNDXX,CO2HND,1,2049,0.0273
GLOBAL,PWRCCSHNDXX,CO2HND,1,2050,0.0273
GLOBAL,PWRCCSHNDXX,CO2HND,2,2023,0.0273
GLOBAL,PWRCCSHNDXX,CO2HND,2,2024,0.0273
GLOBAL,PWRCCSHNDXX,CO2HND,2,2025,0.0273
GLOBAL,PWRCCSHNDXX,CO2HND,2,2026,0.0273
GLOBAL,PWRCCSHNDXX,CO2HND,2,2027,0.0273
GLOBAL,PWRCCSHNDXX,CO2HND,2,2028,0.0273
GLOBAL,PWRCCSHNDXX,CO2HND,2,2029,0.0273
GLOBAL,PWRCCSHNDXX,CO2HND,2,2030,0.0273
GLOBAL,PWRCCSHNDXX,CO2HND,2,2031,0.0273
GLOBAL,PWRCCSHNDXX,CO2HND,2,2032,0.0273
GLOBAL,PWRCCSHNDXX,CO2HND,2,2033,0.0273
GLOBAL,PWRCCSHNDXX,CO2HND,2,2034,0.0273
GLOBAL,PWRCCSHNDXX,CO2HND,2,2035,0.0273
GLOBAL,PWRCCSHNDXX,CO2HND,2,2036,0.0273
GLOBAL,PWRCCSHNDXX,CO2HND,2,2037,0.0273
GLOBAL,PWRCCSHNDXX,CO2HND,2,2038,0.0273
GLOBAL,PWRCCSHNDXX,CO2HND,2,2039,0.0273
GLOBAL,PWRCCSHNDXX,CO2HND,2,2040,0.0273
GLOBAL,PWRCCSHNDXX,CO2HND,2,2041,0.0273
GLOBAL,PWRCCSHNDXX,CO2HND,2,2042,0.0273
GLOBAL,PWRCCSHNDXX,CO2HND,2,2043,0.0273
GLOBAL,PWRCCSHNDXX,CO2HND,2,2044,0.0273
GLOBAL,PWRCCSHNDXX,CO2HND,2,2045,0.0273
GLOBAL,PWRCCSHNDXX,CO2HND,2,2046,0.0273
GLOBAL,PWRCCSHNDXX,CO2HND,2,2047,0.0273
GLOBAL,PWRCCSHNDXX,CO2HND,2,2048,0.0273
GLOBAL,PWRCCSHNDXX,CO2HND,2,2049,0.0273
GLOBAL,PWRCCSHNDXX,CO2HND,2,2050,0.0273
GLOBAL,PWRCCSHTIXX,CO2HTI,1,2023,0.0273
GLOBAL,PWRCCSHTIXX,CO2HTI,1,2024,0.0273
GLOBAL,PWRCCSHTIXX,CO2HTI,1,2025,0.0273
GLOBAL,PWRCCSHTIXX,CO2HTI,1,2026,0.0273
GLOBAL,PWRCCSHTIXX,CO2HTI,1,2027,0.0273
GLOBAL,PWRCCSHTIXX,CO2HTI,1,2028,0.0273
GLOBAL,PWRCCSHTIXX,CO2HTI,1,2029,0.0273
GLOBAL,PWRCCSHTIXX,CO2HTI,1,2030,0.0273
GLOBAL,PWRCCSHTIXX,CO2HTI,1,2031,0.0273
GLOBAL,PWRCCSHTIXX,CO2HTI,1,2032,0.0273
GLOBAL,PWRCCSHTIXX,CO2HTI,1,2033,0.0273
GLOBAL,PWRCCSHTIXX,CO2HTI,1,2034,0.0273
GLOBAL,PWRCCSHTIXX,CO2HTI,1,2035,0.0273
GLOBAL,PWRCCSHTIXX,CO2HTI,1,2036,0.0273
GLOBAL,PWRCCSHTIXX,CO2HTI,1,2037,0.0273
GLOBAL,PWRCCSHTIXX,CO2HTI,1,2038,0.0273
GLOBAL,PWRCCSHTIXX,CO2HTI,1,2039,0.0273
GLOBAL,PWRCCSHTIXX,CO2HTI,1,2040,0.0273
GLOBAL,PWRCCSHTIXX,CO2HTI,1,2041,0.0273
GLOBAL,PWRCCSHTIXX,CO2HTI,1,2042,0.0273
GLOBAL,PWRCCSHTIXX,CO2HTI,1,2043,0.0273
GLOBAL,PWRCCSHTIXX,CO2HTI,1,2044,0.0273
GLOBAL,PWRCCSHTIXX,CO2HTI,1,2045,0.0273
GLOBAL,PWRCCSHTIXX,CO2HTI,1,2046,0.0273
GLOBAL,PWRCCSHTIXX,CO2HTI,1,2047,0.0273
GLOBAL,PWRCCSHTIXX,CO2HTI,1,2048,0.0273
GLOBAL,PWRCCSHTIXX,CO2HTI,1,2049,0.0273
GLOBAL,PWRCCSHTIXX,CO2HTI,1,2050,0.0273
GLOBAL,PWRCCSHTIXX,CO2HTI,2,2023,0.0273
GLOBAL,PWRCCSHTIXX,CO2HTI,2,2024,0.0273
GLOBAL,PWRCCSHTIXX,CO2HTI,2,2025,0.0273
GLOBAL,PWRCCSHTIXX,CO2HTI,2,2026,0.0273
GLOBAL,PWRCCSHTIXX,CO2HTI,2,2027,0.0273
GLOBAL,PWRCCSHTIXX,CO2HTI,2,2028,0.0273
GLOBAL,PWRCCSHTIXX,CO2HTI,2,2029,0.0273
GLOBAL,PWRCCSHTIXX,CO2HTI,2,2030,0.0273
GLOBAL,PWRCCSHTIXX,CO2HTI,2,2031,0.0273
GLOBAL,PWRCCSHTIXX,CO2HTI,2,2032,0.0273
GLOBAL,PWRCCSHTIXX,CO2HTI,2,2033,0.0273
GLOBAL,PWRCCSHTIXX,CO2HTI,2,2034,0.0273
GLOBAL,PWRCCSHTIXX,CO2HTI,2,2035,0.0273
GLOBAL,PWRCCSHTIXX,CO2HTI,2,2036,0.0273
GLOBAL,PWRCCSHTIXX,CO2HTI,2,2037,0.0273
GLOBAL,PWRCCSHTIXX,CO2HTI,2,2038,0.0273
GLOBAL,PWRCCSHTIXX,CO2HTI,2,2039,0.0273
GLOBAL,PWRCCSHTIXX,CO2HTI,2,2040,0.0273
GLOBAL,PWRCCSHTIXX,CO2HTI,2,2041,0.0273
GLOBAL,PWRCCSHTIXX,CO2HTI,2,2042,0.0273
GLOBAL,PWRCCSHTIXX,CO2HTI,2,2043,0.0273
GLOBAL,PWRCCSHTIXX,CO2HTI,2,2044,0.0273
GLOBAL,PWRCCSHTIXX,CO2HTI,2,2045,0.0273
GLOBAL,PWRCCSHTIXX,CO2HTI,2,2046,0.0273
GLOBAL,PWRCCSHTIXX,CO2HTI,2,2047,0.0273
GLOBAL,PWRCCSHTIXX,CO2HTI,2,2048,0.0273
GLOBAL,PWRCCSHTIXX,CO2HTI,2,2049,0.0273
GLOBAL,PWRCCSHTIXX,CO2HTI,2,2050,0.0273
GLOBAL,PWRCCSMEXXX,CO2MEX,1,2023,0.0273
GLOBAL,PWRCCSMEXXX,CO2MEX,1,2024,0.0273
GLOBAL,PWRCCSMEXXX,CO2MEX,1,2025,0.0273
GLOBAL,PWRCCSMEXXX,CO2MEX,1,2026,0.0273
GLOBAL,PWRCCSMEXXX,CO2MEX,1,2027,0.0273
GLOBAL,PWRCCSMEXXX,CO2MEX,1,2028,0.0273
GLOBAL,PWRCCSMEXXX,CO2MEX,1,2029,0.0273
GLOBAL,PWRCCSMEXXX,CO2MEX,1,2030,0.0273
GLOBAL,PWRCCSMEXXX,CO2MEX,1,2031,0.0273
GLOBAL,PWRCCSMEXXX,CO2MEX,1,2032,0.0273
GLOBAL,PWRCCSMEXXX,CO2MEX,1,2033,0.0273
GLOBAL,PWRCCSMEXXX,CO2MEX,1,2034,0.0273
GLOBAL,PWRCCSMEXXX,CO2MEX,1,2035,0.0273
GLOBAL,PWRCCSMEXXX,CO2MEX,1,2036,0.0273
GLOBAL,PWRCCSMEXXX,CO2MEX,1,2037,0.0273
GLOBAL,PWRCCSMEXXX,CO2MEX,1,2038,0.0273
GLOBAL,PWRCCSMEXXX,CO2MEX,1,2039,0.0273
GLOBAL,PWRCCSMEXXX,CO2MEX,1,2040,0.0273
GLOBAL,PWRCCSMEXXX,CO2MEX,1,2041,0.0273
GLOBAL,PWRCCSMEXXX,CO2MEX,1,2042,0.0273
GLOBAL,PWRCCSMEXXX,CO2MEX,1,2043,0.0273
GLOBAL,PWRCCSMEXXX,CO2MEX,1,2044,0.0273
GLOBAL,PWRCCSMEXXX,CO2MEX,1,2045,0.0273
GLOBAL,PWRCCSMEXXX,CO2MEX,1,2046,0.0273
GLOBAL,PWRCCSMEXXX,CO2MEX,1,2047,0.0273
GLOBAL,PWRCCSMEXXX,CO2MEX,1,2048,0.0273
GLOBAL,PWRCCSMEXXX,CO2MEX,1,2049,0.0273
GLOBAL,PWRCCSMEXXX,CO2MEX,1,2050,0.0273
GLOBAL,PWRCCSMEXXX,CO2MEX,2,2023,0.0273
GLOBAL,PWRCCSMEXXX,CO2MEX,2,2024,0.0273
GLOBAL,PWRCCSMEXXX,CO2MEX,2,2025,0.0273
GLOBAL,PWRCCSMEXXX,CO2MEX,2,2026,0.0273
GLOBAL,PWRCCSMEXXX,CO2MEX,2,2027,0.0273
GLOBAL,PWRCCSMEXXX,CO2MEX,2,2028,0.0273
GLOBAL,PWRCCSMEXXX,CO2MEX,2,2029,0.0273
GLOBAL,PWRCCSMEXXX,CO2MEX,2,2030,0.0273
GLOBAL,PWRCCSMEXXX,CO2MEX,2,2031,0.0273
GLOBAL,PWRCCSMEXXX,CO2MEX,2,2032,0.0273
GLOBAL,PWRCCSMEXXX,CO2MEX,2,2033,0.0273
GLOBAL,PWRCCSMEXXX,CO2MEX,2,2034,0.0273
GLOBAL,PWRCCSMEXXX,CO2MEX,2,2035,0.0273
GLOBAL,PWRCCSMEXXX,CO2MEX,2,2036,0.0273
GLOBAL,PWRCCSMEXXX,CO2MEX,2,2037,0.0273
GLOBAL,PWRCCSMEXXX,CO2MEX,2,2038,0.0273
GLOBAL,PWRCCSMEXXX,CO2MEX,2,2039,0.0273
GLOBAL,PWRCCSMEXXX,CO2MEX,2,2040,0.0273
GLOBAL,PWRCCSMEXXX,CO2MEX,2,2041,0.0273
GLOBAL,PWRCCSMEXXX,CO2MEX,2,2042,0.0273
GLOBAL,PWRCCSMEXXX,CO2MEX,2,2043,0.0273
GLOBAL,PWRCCSMEXXX,CO2MEX,2,2044,0.0273
GLOBAL,PWRCCSMEXXX,CO2MEX,2,2045,0.0273
GLOBAL,PWRCCSMEXXX,CO2MEX,2,2046,0.0273
GLOBAL,PWRCCSMEXXX,CO2MEX,2,2047,0.0273
GLOBAL,PWRCCSMEXXX,CO2MEX,2,2048,0.0273
GLOBAL,PWRCCSMEXXX,CO2MEX,2,2049,0.0273
GLOBAL,PWRCCSMEXXX,CO2MEX,2,2050,0.0273
GLOBAL,PWRCCSNICXX,CO2NIC,1,2023,0.0273
GLOBAL,PWRCCSNICXX,CO2NIC,1,2024,0.0273
GLOBAL,PWRCCSNICXX,CO2NIC,1,2025,0.0273
GLOBAL,PWRCCSNICXX,CO2NIC,1,2026,0.0273
GLOBAL,PWRCCSNICXX,CO2NIC,1,2027,0.0273
GLOBAL,PWRCCSNICXX,CO2NIC,1,2028,0.0273
GLOBAL,PWRCCSNICXX,CO2NIC,1,2029,0.0273
GLOBAL,PWRCCSNICXX,CO2NIC,1,2030,0.0273
GLOBAL,PWRCCSNICXX,CO2NIC,1,2031,0.0273
GLOBAL,PWRCCSNICXX,CO2NIC,1,2032,0.0273
GLOBAL,PWRCCSNICXX,CO2NIC,1,2033,0.0273
GLOBAL,PWRCCSNICXX,CO2NIC,1,2034,0.0273
GLOBAL,PWRCCSNICXX,CO2NIC,1,2035,0.0273
GLOBAL,PWRCCSNICXX,CO2NIC,1,2036,0.0273
GLOBAL,PWRCCSNICXX,CO2NIC,1,2037,0.0273
GLOBAL,PWRCCSNICXX,CO2NIC,1,2038,0.0273
GLOBAL,PWRCCSNICXX,CO2NIC,1,2039,0.0273
GLOBAL,PWRCCSNICXX,CO2NIC,1,2040,0.0273
GLOBAL,PWRCCSNICXX,CO2NIC,1,2041,0.0273
GLOBAL,PWRCCSNICXX,CO2NIC,1,2042,0.0273
GLOBAL,PWRCCSNICXX,CO2NIC,1,2043,0.0273
GLOBAL,PWRCCSNICXX,CO2NIC,1,2044,0.0273
GLOBAL,PWRCCSNICXX,CO2NIC,1,2045,0.0273
GLOBAL,PWRCCSNICXX,CO2NIC,1,2046,0.0273
GLOBAL,PWRCCSNICXX,CO2NIC,1,2047,0.0273
GLOBAL,PWRCCSNICXX,CO2NIC,1,2048,0.0273
GLOBAL,PWRCCSNICXX,CO2NIC,1,2049,0.0273
GLOBAL,PWRCCSNICXX,CO2NIC,1,2050,0.0273
GLOBAL,PWRCCSNICXX,CO2NIC,2,2023,0.0273
GLOBAL,PWRCCSNICXX,CO2NIC,2,2024,0.0273
GLOBAL,PWRCCSNICXX,CO2NIC,2,2025,0.0273
GLOBAL,PWRCCSNICXX,CO2NIC,2,2026,0.0273
GLOBAL,PWRCCSNICXX,CO2NIC,2,2027,0.0273
GLOBAL,PWRCCSNICXX,CO2NIC,2,2028,0.0273
GLOBAL,PWRCCSNICXX,CO2NIC,2,2029,0.0273
GLOBAL,PWRCCSNICXX,CO2NIC,2,2030,0.0273
GLOBAL,PWRCCSNICXX,CO2NIC,2,2031,0.0273
GLOBAL,PWRCCSNICXX,CO2NIC,2,2032,0.0273
GLOBAL,PWRCCSNICXX,CO2NIC,2,2033,0.0273
GLOBAL,PWRCCSNICXX,CO2NIC,2,2034,0.0273
GLOBAL,PWRCCSNICXX,CO2NIC,2,2035,0.0273
GLOBAL,PWRCCSNICXX,CO2NIC,2,2036,0.0273
GLOBAL,PWRCCSNICXX,CO2NIC,2,2037,0.0273
GLOBAL,PWRCCSNICXX,CO2NIC,2,2038,0.0273
GLOBAL,PWRCCSNICXX,CO2NIC,2,2039,0.0273
GLOBAL,PWRCCSNICXX,CO2NIC,2,2040,0.0273
GLOBAL,PWRCCSNICXX,CO2NIC,2,2041,0.0273
GLOBAL,PWRCCSNICXX,CO2NIC,2,2042,0.0273
GLOBAL,PWRCCSNICXX,CO2NIC,2,2043,0.0273
GLOBAL,PWRCCSNICXX,CO2NIC,2,2044,0.0273
GLOBAL,PWRCCSNICXX,CO2NIC,2,2045,0.0273
GLOBAL,PWRCCSNICXX,CO2NIC,2,2046,0.0273
GLOBAL,PWRCCSNICXX,CO2NIC,2,2047,0.0273
GLOBAL,PWRCCSNICXX,CO2NIC,2,2048,0.0273
GLOBAL,PWRCCSNICXX,CO2NIC,2,2049,0.0273
GLOBAL,PWRCCSNICXX,CO2NIC,2,2050,0.0273
GLOBAL,PWRCCSPANXX,CO2PAN,1,2023,0.0273
GLOBAL,PWRCCSPANXX,CO2PAN,1,2024,0.0273
GLOBAL,PWRCCSPANXX,CO2PAN,1,2025,0.0273
GLOBAL,PWRCCSPANXX,CO2PAN,1,2026,0.0273
GLOBAL,PWRCCSPANXX,CO2PAN,1,2027,0.0273
GLOBAL,PWRCCSPANXX,CO2PAN,1,2028,0.0273
GLOBAL,PWRCCSPANXX,CO2PAN,1,2029,0.0273
GLOBAL,PWRCCSPANXX,CO2PAN,1,2030,0.0273
GLOBAL,PWRCCSPANXX,CO2PAN,1,2031,0.0273
GLOBAL,PWRCCSPANXX,CO2PAN,1,2032,0.0273
GLOBAL,PWRCCSPANXX,CO2PAN,1,2033,0.0273
GLOBAL,PWRCCSPANXX,CO2PAN,1,2034,0.0273
GLOBAL,PWRCCSPANXX,CO2PAN,1,2035,0.0273
GLOBAL,PWRCCSPANXX,CO2PAN,1,2036,0.0273
GLOBAL,PWRCCSPANXX,CO2PAN,1,2037,0.0273
GLOBAL,PWRCCSPANXX,CO2PAN,1,2038,0.0273
GLOBAL,PWRCCSPANXX,CO2PAN,1,2039,0.0273
GLOBAL,PWRCCSPANXX,CO2PAN,1,2040,0.0273
GLOBAL,PWRCCSPANXX,CO2PAN,1,2041,0.0273
GLOBAL,PWRCCSPANXX,CO2PAN,1,2042,0.0273
GLOBAL,PWRCCSPANXX,CO2PAN,1,2043,0.0273
GLOBAL,PWRCCSPANXX,CO2PAN,1,2044,0.0273
GLOBAL,PWRCCSPANXX,CO2PAN,1,2045,0.0273
GLOBAL,PWRCCSPANXX,CO2PAN,1,2046,0.0273
GLOBAL,PWRCCSPANXX,CO2PAN,1,2047,0.0273
GLOBAL,PWRCCSPANXX,CO2PAN,1,2048,0.0273
GLOBAL,PWRCCSPANXX,CO2PAN,1,2049,0.0273
GLOBAL,PWRCCSPANXX,CO2PAN,1,2050,0.0273
GLOBAL,PWRCCSPANXX,CO2PAN,2,2023,0.0273
GLOBAL,PWRCCSPANXX,CO2PAN,2,2024,0.0273
GLOBAL,PWRCCSPANXX,CO2PAN,2,2025,0.0273
GLOBAL,PWRCCSPANXX,CO2PAN,2,2026,0.0273
GLOBAL,PWRCCSPANXX,CO2PAN,2,2027,0.0273
GLOBAL,PWRCCSPANXX,CO2PAN,2,2028,0.0273
GLOBAL,PWRCCSPANXX,CO2PAN,2,2029,0.0273
GLOBAL,PWRCCSPANXX,CO2PAN,2,2030,0.0273
GLOBAL,PWRCCSPANXX,CO2PAN,2,2031,0.0273
GLOBAL,PWRCCSPANXX,CO2PAN,2,2032,0.0273
GLOBAL,PWRCCSPANXX,CO2PAN,2,2033,0.0273
GLOBAL,PWRCCSPANXX,CO2PAN,2,2034,0.0273
GLOBAL,PWRCCSPANXX,CO2PAN,2,2035,0.0273
GLOBAL,PWRCCSPANXX,CO2PAN,2,2036,0.0273
GLOBAL,PWRCCSPANXX,CO2PAN,2,2037,0.0273
GLOBAL,PWRCCSPANXX,CO2PAN,2,2038,0.0273
GLOBAL,PWRCCSPANXX,CO2PAN,2,2039,0.0273
GLOBAL,PWRCCSPANXX,CO2PAN,2,2040,0.0273
GLOBAL,PWRCCSPANXX,CO2PAN,2,2041,0.0273
GLOBAL,PWRCCSPANXX,CO2PAN,2,2042,0.0273
GLOBAL,PWRCCSPANXX,CO2PAN,2,2043,0.0273
GLOBAL,PWRCCSPANXX,CO2PAN,2,2044,0.0273
GLOBAL,PWRCCSPANXX,CO2PAN,2,2045,0.0273
GLOBAL,PWRCCSPANXX,CO2PAN,2,2046,0.0273
GLOBAL,PWRCCSPANXX,CO2PAN,2,2047,0.0273
GLOBAL,PWRCCSPANXX,CO2PAN,2,2048,0.0273
GLOBAL,PWRCCSPANXX,CO2PAN,2,2049,0.0273
GLOBAL,PWRCCSPANXX,CO2PAN,2,2050,0.0273
GLOBAL,PWRCCSPERXX,CO2PER,1,2023,0.0273
GLOBAL,PWRCCSPERXX,CO2PER,1,2024,0.0273
GLOBAL,PWRCCSPERXX,CO2PER,1,2025,0.0273
GLOBAL,PWRCCSPERXX,CO2PER,1,2026,0.0273
GLOBAL,PWRCCSPERXX,CO2PER,1,2027,0.0273
GLOBAL,PWRCCSPERXX,CO2PER,1,2028,0.0273
GLOBAL,PWRCCSPERXX,CO2PER,1,2029,0.0273
GLOBAL,PWRCCSPERXX,CO2PER,1,2030,0.0273
GLOBAL,PWRCCSPERXX,CO2PER,1,2031,0.0273
GLOBAL,PWRCCSPERXX,CO2PER,1,2032,0.0273
GLOBAL,PWRCCSPERXX,CO2PER,1,2033,0.0273
GLOBAL,PWRCCSPERXX,CO2PER,1,2034,0.0273
GLOBAL,PWRCCSPERXX,CO2PER,1,2035,0.0273
GLOBAL,PWRCCSPERXX,CO2PER,1,2036,0.0273
GLOBAL,PWRCCSPERXX,CO2PER,1,2037,0.0273
GLOBAL,PWRCCSPERXX,CO2PER,1,2038,0.0273
GLOBAL,PWRCCSPERXX,CO2PER,1,2039,0.0273
GLOBAL,PWRCCSPERXX,CO2PER,1,2040,0.0273
GLOBAL,PWRCCSPERXX,CO2PER,1,2041,0.0273
GLOBAL,PWRCCSPERXX,CO2PER,1,2042,0.0273
GLOBAL,PWRCCSPERXX,CO2PER,1,2043,0.0273
GLOBAL,PWRCCSPERXX,CO2PER,1,2044,0.0273
GLOBAL,PWRCCSPERXX,CO2PER,1,2045,0.0273
GLOBAL,PWRCCSPERXX,CO2PER,1,2046,0.0273
GLOBAL,PWRCCSPERXX,CO2PER,1,2047,0.0273
GLOBAL,PWRCCSPERXX,CO2PER,1,2048,0.0273
GLOBAL,PWRCCSPERXX,CO2PER,1,2049,0.0273
GLOBAL,PWRCCSPERXX,CO2PER,1,2050,0.0273
GLOBAL,PWRCCSPERXX,CO2PER,2,2023,0.0273
GLOBAL,PWRCCSPERXX,CO2PER,2,2024,0.0273
GLOBAL,PWRCCSPERXX,CO2PER,2,2025,0.0273
GLOBAL,PWRCCSPERXX,CO2PER,2,2026,0.0273
GLOBAL,PWRCCSPERXX,CO2PER,2,2027,0.0273
GLOBAL,PWRCCSPERXX,CO2PER,2,2028,0.0273
GLOBAL,PWRCCSPERXX,CO2PER,2,2029,0.0273
GLOBAL,PWRCCSPERXX,CO2PER,2,2030,0.0273
GLOBAL,PWRCCSPERXX,CO2PER,2,2031,0.0273
GLOBAL,PWRCCSPERXX,CO2PER,2,2032,0.0273
GLOBAL,PWRCCSPERXX,CO2PER,2,2033,0.0273
GLOBAL,PWRCCSPERXX,CO2PER,2,2034,0.0273
GLOBAL,PWRCCSPERXX,CO2PER,2,2035,0.0273
GLOBAL,PWRCCSPERXX,CO2PER,2,2036,0.0273
GLOBAL,PWRCCSPERXX,CO2PER,2,2037,0.0273
GLOBAL,PWRCCSPERXX,CO2PER,2,2038,0.0273
GLOBAL,PWRCCSPERXX,CO2PER,2,2039,0.0273
GLOBAL,PWRCCSPERXX,CO2PER,2,2040,0.0273
GLOBAL,PWRCCSPERXX,CO2PER,2,2041,0.0273
GLOBAL,PWRCCSPERXX,CO2PER,2,2042,0.0273
GLOBAL,PWRCCSPERXX,CO2PER,2,2043,0.0273
GLOBAL,PWRCCSPERXX,CO2PER,2,2044,0.0273
GLOBAL,PWRCCSPERXX,CO2PER,2,2045,0.0273
GLOBAL,PWRCCSPERXX,CO2PER,2,2046,0.0273
GLOBAL,PWRCCSPERXX,CO2PER,2,2047,0.0273
GLOBAL,PWRCCSPERXX,CO2PER,2,2048,0.0273
GLOBAL,PWRCCSPERXX,CO2PER,2,2049,0.0273
GLOBAL,PWRCCSPERXX,CO2PER,2,2050,0.0273
GLOBAL,PWRCCSPRYXX,CO2PRY,1,2023,0.0273
GLOBAL,PWRCCSPRYXX,CO2PRY,1,2024,0.0273
GLOBAL,PWRCCSPRYXX,CO2PRY,1,2025,0.0273
GLOBAL,PWRCCSPRYXX,CO2PRY,1,2026,0.0273
GLOBAL,PWRCCSPRYXX,CO2PRY,1,2027,0.0273
GLOBAL,PWRCCSPRYXX,CO2PRY,1,2028,0.0273
GLOBAL,PWRCCSPRYXX,CO2PRY,1,2029,0.0273
GLOBAL,PWRCCSPRYXX,CO2PRY,1,2030,0.0273
GLOBAL,PWRCCSPRYXX,CO2PRY,1,2031,0.0273
GLOBAL,PWRCCSPRYXX,CO2PRY,1,2032,0.0273
GLOBAL,PWRCCSPRYXX,CO2PRY,1,2033,0.0273
GLOBAL,PWRCCSPRYXX,CO2PRY,1,2034,0.0273
GLOBAL,PWRCCSPRYXX,CO2PRY,1,2035,0.0273
GLOBAL,PWRCCSPRYXX,CO2PRY,1,2036,0.0273
GLOBAL,PWRCCSPRYXX,CO2PRY,1,2037,0.0273
GLOBAL,PWRCCSPRYXX,CO2PRY,1,2038,0.0273
GLOBAL,PWRCCSPRYXX,CO2PRY,1,2039,0.0273
GLOBAL,PWRCCSPRYXX,CO2PRY,1,2040,0.0273
GLOBAL,PWRCCSPRYXX,CO2PRY,1,2041,0.0273
GLOBAL,PWRCCSPRYXX,CO2PRY,1,2042,0.0273
GLOBAL,PWRCCSPRYXX,CO2PRY,1,2043,0.0273
GLOBAL,PWRCCSPRYXX,CO2PRY,1,2044,0.0273
GLOBAL,PWRCCSPRYXX,CO2PRY,1,2045,0.0273
GLOBAL,PWRCCSPRYXX,CO2PRY,1,2046,0.0273
GLOBAL,PWRCCSPRYXX,CO2PRY,1,2047,0.0273
GLOBAL,PWRCCSPRYXX,CO2PRY,1,2048,0.0273
GLOBAL,PWRCCSPRYXX,CO2PRY,1,2049,0.0273
GLOBAL,PWRCCSPRYXX,CO2PRY,1,2050,0.0273
GLOBAL,PWRCCSPRYXX,CO2PRY,2,2023,0.0273
GLOBAL,PWRCCSPRYXX,CO2PRY,2,2024,0.0273
GLOBAL,PWRCCSPRYXX,CO2PRY,2,2025,0.0273
GLOBAL,PWRCCSPRYXX,CO2PRY,2,2026,0.0273
GLOBAL,PWRCCSPRYXX,CO2PRY,2,2027,0.0273
GLOBAL,PWRCCSPRYXX,CO2PRY,2,2028,0.0273
GLOBAL,PWRCCSPRYXX,CO2PRY,2,2029,0.0273
GLOBAL,PWRCCSPRYXX,CO2PRY,2,2030,0.0273
GLOBAL,PWRCCSPRYXX,CO2PRY,2,2031,0.0273
GLOBAL,PWRCCSPRYXX,CO2PRY,2,2032,0.0273
GLOBAL,PWRCCSPRYXX,CO2PRY,2,2033,0.0273
GLOBAL,PWRCCSPRYXX,CO2PRY,2,2034,0.0273
GLOBAL,PWRCCSPRYXX,CO2PRY,2,2035,0.0273
GLOBAL,PWRCCSPRYXX,CO2PRY,2,2036,0.0273
GLOBAL,PWRCCSPRYXX,CO2PRY,2,2037,0.0273
GLOBAL,PWRCCSPRYXX,CO2PRY,2,2038,0.0273
GLOBAL,PWRCCSPRYXX,CO2PRY,2,2039,0.0273
GLOBAL,PWRCCSPRYXX,CO2PRY,2,2040,0.0273
GLOBAL,PWRCCSPRYXX,CO2PRY,2,2041,0.0273
GLOBAL,PWRCCSPRYXX,CO2PRY,2,2042,0.0273
GLOBAL,PWRCCSPRYXX,CO2PRY,2,2043,0.0273
GLOBAL,PWRCCSPRYXX,CO2PRY,2,2044,0.0273
GLOBAL,PWRCCSPRYXX,CO2PRY,2,2045,0.0273
GLOBAL,PWRCCSPRYXX,CO2PRY,2,2046,0.0273
GLOBAL,PWRCCSPRYXX,CO2PRY,2,2047,0.0273
GLOBAL,PWRCCSPRYXX,CO2PRY,2,2048,0.0273
GLOBAL,PWRCCSPRYXX,CO2PRY,2,2049,0.0273
GLOBAL,PWRCCSPRYXX,CO2PRY,2,2050,0.0273
GLOBAL,PWRCCSSLVXX,CO2SLV,1,2023,0.0273
GLOBAL,PWRCCSSLVXX,CO2SLV,1,2024,0.0273
GLOBAL,PWRCCSSLVXX,CO2SLV,1,2025,0.0273
GLOBAL,PWRCCSSLVXX,CO2SLV,1,2026,0.0273
GLOBAL,PWRCCSSLVXX,CO2SLV,1,2027,0.0273
GLOBAL,PWRCCSSLVXX,CO2SLV,1,2028,0.0273
GLOBAL,PWRCCSSLVXX,CO2SLV,1,2029,0.0273
GLOBAL,PWRCCSSLVXX,CO2SLV,1,2030,0.0273
GLOBAL,PWRCCSSLVXX,CO2SLV,1,2031,0.0273
GLOBAL,PWRCCSSLVXX,CO2SLV,1,2032,0.0273
GLOBAL,PWRCCSSLVXX,CO2SLV,1,2033,0.0273
GLOBAL,PWRCCSSLVXX,CO2SLV,1,2034,0.0273
GLOBAL,PWRCCSSLVXX,CO2SLV,1,2035,0.0273
GLOBAL,PWRCCSSLVXX,CO2SLV,1,2036,0.0273
GLOBAL,PWRCCSSLVXX,CO2SLV,1,2037,0.0273
GLOBAL,PWRCCSSLVXX,CO2SLV,1,2038,0.0273
GLOBAL,PWRCCSSLVXX,CO2SLV,1,2039,0.0273
GLOBAL,PWRCCSSLVXX,CO2SLV,1,2040,0.0273
GLOBAL,PWRCCSSLVXX,CO2SLV,1,2041,0.0273
GLOBAL,PWRCCSSLVXX,CO2SLV,1,2042,0.0273
GLOBAL,PWRCCSSLVXX,CO2SLV,1,2043,0.0273
GLOBAL,PWRCCSSLVXX,CO2SLV,1,2044,0.0273
GLOBAL,PWRCCSSLVXX,CO2SLV,1,2045,0.0273
GLOBAL,PWRCCSSLVXX,CO2SLV,1,2046,0.0273
GLOBAL,PWRCCSSLVXX,CO2SLV,1,2047,0.0273
GLOBAL,PWRCCSSLVXX,CO2SLV,1,2048,0.0273
GLOBAL,PWRCCSSLVXX,CO2SLV,1,2049,0.0273
GLOBAL,PWRCCSSLVXX,CO2SLV,1,2050,0.0273
GLOBAL,PWRCCSSLVXX,CO2SLV,2,2023,0.0273
GLOBAL,PWRCCSSLVXX,CO2SLV,2,2024,0.0273
GLOBAL,PWRCCSSLVXX,CO2SLV,2,2025,0.0273
GLOBAL,PWRCCSSLVXX,CO2SLV,2,2026,0.0273
GLOBAL,PWRCCSSLVXX,CO2SLV,2,2027,0.0273
GLOBAL,PWRCCSSLVXX,CO2SLV,2,2028,0.0273
GLOBAL,PWRCCSSLVXX,CO2SLV,2,2029,0.0273
GLOBAL,PWRCCSSLVXX,CO2SLV,2,2030,0.0273
GLOBAL,PWRCCSSLVXX,CO2SLV,2,2031,0.0273
GLOBAL,PWRCCSSLVXX,CO2SLV,2,2032,0.0273
GLOBAL,PWRCCSSLVXX,CO2SLV,2,2033,0.0273
GLOBAL,PWRCCSSLVXX,CO2SLV,2,2034,0.0273
GLOBAL,PWRCCSSLVXX,CO2SLV,2,2035,0.0273
GLOBAL,PWRCCSSLVXX,CO2SLV,2,2036,0.0273
GLOBAL,PWRCCSSLVXX,CO2SLV,2,2037,0.0273
GLOBAL,PWRCCSSLVXX,CO2SLV,2,2038,0.0273
GLOBAL,PWRCCSSLVXX,CO2SLV,2,2039,0.0273
GLOBAL,PWRCCSSLVXX,CO2SLV,2,2040,0.0273
GLOBAL,PWRCCSSLVXX,CO2SLV,2,2041,0.0273
GLOBAL,PWRCCSSLVXX,CO2SLV,2,2042,0.0273
GLOBAL,PWRCCSSLVXX,CO2SLV,2,2043,0.0273
GLOBAL,PWRCCSSLVXX,CO2SLV,2,2044,0.0273
GLOBAL,PWRCCSSLVXX,CO2SLV,2,2045,0.0273
GLOBAL,PWRCCSSLVXX,CO2SLV,2,2046,0.0273
GLOBAL,PWRCCSSLVXX,CO2SLV,2,2047,0.0273
GLOBAL,PWRCCSSLVXX,CO2SLV,2,2048,0.0273
GLOBAL,PWRCCSSLVXX,CO2SLV,2,2049,0.0273
GLOBAL,PWRCCSSLVXX,CO2SLV,2,2050,0.0273
GLOBAL,PWRCCSURYXX,CO2URY,1,2023,0.0273
GLOBAL,PWRCCSURYXX,CO2URY,1,2024,0.0273
GLOBAL,PWRCCSURYXX,CO2URY,1,2025,0.0273
GLOBAL,PWRCCSURYXX,CO2URY,1,2026,0.0273
GLOBAL,PWRCCSURYXX,CO2URY,1,2027,0.0273
GLOBAL,PWRCCSURYXX,CO2URY,1,2028,0.0273
GLOBAL,PWRCCSURYXX,CO2URY,1,2029,0.0273
GLOBAL,PWRCCSURYXX,CO2URY,1,2030,0.0273
GLOBAL,PWRCCSURYXX,CO2URY,1,2031,0.0273
GLOBAL,PWRCCSURYXX,CO2URY,1,2032,0.0273
GLOBAL,PWRCCSURYXX,CO2URY,1,2033,0.0273
GLOBAL,PWRCCSURYXX,CO2URY,1,2034,0.0273
GLOBAL,PWRCCSURYXX,CO2URY,1,2035,0.0273
GLOBAL,PWRCCSURYXX,CO2URY,1,2036,0.0273
GLOBAL,PWRCCSURYXX,CO2URY,1,2037,0.0273
GLOBAL,PWRCCSURYXX,CO2URY,1,2038,0.0273
GLOBAL,PWRCCSURYXX,CO2URY,1,2039,0.0273
GLOBAL,PWRCCSURYXX,CO2URY,1,2040,0.0273
GLOBAL,PWRCCSURYXX,CO2URY,1,2041,0.0273
GLOBAL,PWRCCSURYXX,CO2URY,1,2042,0.0273
GLOBAL,PWRCCSURYXX,CO2URY,1,2043,0.0273
GLOBAL,PWRCCSURYXX,CO2URY,1,2044,0.0273
GLOBAL,PWRCCSURYXX,CO2URY,1,2045,0.0273
GLOBAL,PWRCCSURYXX,CO2URY,1,2046,0.0273
GLOBAL,PWRCCSURYXX,CO2URY,1,2047,0.0273
GLOBAL,PWRCCSURYXX,CO2URY,1,2048,0.0273
GLOBAL,PWRCCSURYXX,CO2URY,1,2049,0.0273
GLOBAL,PWRCCSURYXX,CO2URY,1,2050,0.0273
GLOBAL,PWRCCSURYXX,CO2URY,2,2023,0.0273
GLOBAL,PWRCCSURYXX,CO2URY,2,2024,0.0273
GLOBAL,PWRCCSURYXX,CO2URY,2,2025,0.0273
GLOBAL,PWRCCSURYXX,CO2URY,2,2026,0.0273
GLOBAL,PWRCCSURYXX,CO2URY,2,2027,0.0273
GLOBAL,PWRCCSURYXX,CO2URY,2,2028,0.0273
GLOBAL,PWRCCSURYXX,CO2URY,2,2029,0.0273
GLOBAL,PWRCCSURYXX,CO2URY,2,2030,0.0273
GLOBAL,PWRCCSURYXX,CO2URY,2,2031,0.0273
GLOBAL,PWRCCSURYXX,CO2URY,2,2032,0.0273
GLOBAL,PWRCCSURYXX,CO2URY,2,2033,0.0273
GLOBAL,PWRCCSURYXX,CO2URY,2,2034,0.0273
GLOBAL,PWRCCSURYXX,CO2URY,2,2035,0.0273
GLOBAL,PWRCCSURYXX,CO2URY,2,2036,0.0273
GLOBAL,PWRCCSURYXX,CO2URY,2,2037,0.0273
GLOBAL,PWRCCSURYXX,CO2URY,2,2038,0.0273
GLOBAL,PWRCCSURYXX,CO2URY,2,2039,0.0273
GLOBAL,PWRCCSURYXX,CO2URY,2,2040,0.0273
GLOBAL,PWRCCSURYXX,CO2URY,2,2041,0.0273
GLOBAL,PWRCCSURYXX,CO2URY,2,2042,0.0273
GLOBAL,PWRCCSURYXX,CO2URY,2,2043,0.0273
GLOBAL,PWRCCSURYXX,CO2URY,2,2044,0.0273
GLOBAL,PWRCCSURYXX,CO2URY,2,2045,0.0273
GLOBAL,PWRCCSURYXX,CO2URY,2,2046,0.0273
GLOBAL,PWRCCSURYXX,CO2URY,2,2047,0.0273
GLOBAL,PWRCCSURYXX,CO2URY,2,2048,0.0273
GLOBAL,PWRCCSURYXX,CO2URY,2,2049,0.0273
GLOBAL,PWRCCSURYXX,CO2URY,2,2050,0.0273
GLOBAL,PWRCOAARGXX,CO2ARG,1,2023,0.2734
GLOBAL,PWRCOAARGXX,CO2ARG,1,2024,0.2734
GLOBAL,PWRCOAARGXX,CO2ARG,1,2025,0.2734
GLOBAL,PWRCOAARGXX,CO2ARG,1,2026,0.2734
GLOBAL,PWRCOAARGXX,CO2ARG,1,2027,0.2734
GLOBAL,PWRCOAARGXX,CO2ARG,1,2028,0.2734
GLOBAL,PWRCOAARGXX,CO2ARG,1,2029,0.2734
GLOBAL,PWRCOAARGXX,CO2ARG,1,2030,0.2734
GLOBAL,PWRCOAARGXX,CO2ARG,1,2031,0.2734
GLOBAL,PWRCOAARGXX,CO2ARG,1,2032,0.2734
GLOBAL,PWRCOAARGXX,CO2ARG,1,2033,0.2734
GLOBAL,PWRCOAARGXX,CO2ARG,1,2034,0.2734
GLOBAL,PWRCOAARGXX,CO2ARG,1,2035,0.2734
GLOBAL,PWRCOAARGXX,CO2ARG,1,2036,0.2734
GLOBAL,PWRCOAARGXX,CO2ARG,1,2037,0.2734
GLOBAL,PWRCOAARGXX,CO2ARG,1,2038,0.2734
GLOBAL,PWRCOAARGXX,CO2ARG,1,2039,0.2734
GLOBAL,PWRCOAARGXX,CO2ARG,1,2040,0.2734
GLOBAL,PWRCOAARGXX,CO2ARG,1,2041,0.2734
GLOBAL,PWRCOAARGXX,CO2ARG,1,2042,0.2734
GLOBAL,PWRCOAARGXX,CO2ARG,1,2043,0.2734
GLOBAL,PWRCOAARGXX,CO2ARG,1,2044,0.2734
GLOBAL,PWRCOAARGXX,CO2ARG,1,2045,0.2734
GLOBAL,PWRCOAARGXX,CO2ARG,1,2046,0.2734
GLOBAL,PWRCOAARGXX,CO2ARG,1,2047,0.2734
GLOBAL,PWRCOAARGXX,CO2ARG,1,2048,0.2734
GLOBAL,PWRCOAARGXX,CO2ARG,1,2049,0.2734
GLOBAL,PWRCOAARGXX,CO2ARG,1,2050,0.2734
GLOBAL,PWRCOAARGXX,CO2ARG,2,2023,0.2734
GLOBAL,PWRCOAARGXX,CO2ARG,2,2024,0.2734
GLOBAL,PWRCOAARGXX,CO2ARG,2,2025,0.2734
GLOBAL,PWRCOAARGXX,CO2ARG,2,2026,0.2734
GLOBAL,PWRCOAARGXX,CO2ARG,2,2027,0.2734
GLOBAL,PWRCOAARGXX,CO2ARG,2,2028,0.2734
GLOBAL,PWRCOAARGXX,CO2ARG,2,2029,0.2734
GLOBAL,PWRCOAARGXX,CO2ARG,2,2030,0.2734
GLOBAL,PWRCOAARGXX,CO2ARG,2,2031,0.2734
GLOBAL,PWRCOAARGXX,CO2ARG,2,2032,0.2734
GLOBAL,PWRCOAARGXX,CO2ARG,2,2033,0.2734
GLOBAL,PWRCOAARGXX,CO2ARG,2,2034,0.2734
GLOBAL,PWRCOAARGXX,CO2ARG,2,2035,0.2734
GLOBAL,PWRCOAARGXX,CO2ARG,2,2036,0.2734
GLOBAL,PWRCOAARGXX,CO2ARG,2,2037,0.2734
GLOBAL,PWRCOAARGXX,CO2ARG,2,2038,0.2734
GLOBAL,PWRCOAARGXX,CO2ARG,2,2039,0.2734
GLOBAL,PWRCOAARGXX,CO2ARG,2,2040,0.2734
GLOBAL,PWRCOAARGXX,CO2ARG,2,2041,0.2734
GLOBAL,PWRCOAARGXX,CO2ARG,2,2042,0.2734
GLOBAL,PWRCOAARGXX,CO2ARG,2,2043,0.2734
GLOBAL,PWRCOAARGXX,CO2ARG,2,2044,0.2734
GLOBAL,PWRCOAARGXX,CO2ARG,2,2045,0.2734
GLOBAL,PWRCOAARGXX,CO2ARG,2,2046,0.2734
GLOBAL,PWRCOAARGXX,CO2ARG,2,2047,0.2734
GLOBAL,PWRCOAARGXX,CO2ARG,2,2048,0.2734
GLOBAL,PWRCOAARGXX,CO2ARG,2,2049,0.2734
GLOBAL,PWRCOAARGXX,CO2ARG,2,2050,0.2734
GLOBAL,PWRCOABOLXX,CO2BOL,1,2023,0.2724
GLOBAL,PWRCOABOLXX,CO2BOL,1,2024,0.2724
GLOBAL,PWRCOABOLXX,CO2BOL,1,2025,0.2724
GLOBAL,PWRCOABOLXX,CO2BOL,1,2026,0.2724
GLOBAL,PWRCOABOLXX,CO2BOL,1,2027,0.2724
GLOBAL,PWRCOABOLXX,CO2BOL,1,2028,0.2724
GLOBAL,PWRCOABOLXX,CO2BOL,1,2029,0.2724
GLOBAL,PWRCOABOLXX,CO2BOL,1,2030,0.2724
GLOBAL,PWRCOABOLXX,CO2BOL,1,2031,0.2724
GLOBAL,PWRCOABOLXX,CO2BOL,1,2032,0.2724
GLOBAL,PWRCOABOLXX,CO2BOL,1,2033,0.2724
GLOBAL,PWRCOABOLXX,CO2BOL,1,2034,0.2724
GLOBAL,PWRCOABOLXX,CO2BOL,1,2035,0.2724
GLOBAL,PWRCOABOLXX,CO2BOL,1,2036,0.2724
GLOBAL,PWRCOABOLXX,CO2BOL,1,2037,0.2724
GLOBAL,PWRCOABOLXX,CO2BOL,1,2038,0.2724
GLOBAL,PWRCOABOLXX,CO2BOL,1,2039,0.2724
GLOBAL,PWRCOABOLXX,CO2BOL,1,2040,0.2724
GLOBAL,PWRCOABOLXX,CO2BOL,1,2041,0.2724
GLOBAL,PWRCOABOLXX,CO2BOL,1,2042,0.2724
GLOBAL,PWRCOABOLXX,CO2BOL,1,2043,0.2724
GLOBAL,PWRCOABOLXX,CO2BOL,1,2044,0.2724
GLOBAL,PWRCOABOLXX,CO2BOL,1,2045,0.2724
GLOBAL,PWRCOABOLXX,CO2BOL,1,2046,0.2724
GLOBAL,PWRCOABOLXX,CO2BOL,1,2047,0.2724
GLOBAL,PWRCOABOLXX,CO2BOL,1,2048,0.2724
GLOBAL,PWRCOABOLXX,CO2BOL,1,2049,0.2724
GLOBAL,PWRCOABOLXX,CO2BOL,1,2050,0.2724
GLOBAL,PWRCOABOLXX,CO2BOL,2,2023,0.2724
GLOBAL,PWRCOABOLXX,CO2BOL,2,2024,0.2724
GLOBAL,PWRCOABOLXX,CO2BOL,2,2025,0.2724
GLOBAL,PWRCOABOLXX,CO2BOL,2,2026,0.2724
GLOBAL,PWRCOABOLXX,CO2BOL,2,2027,0.2724
GLOBAL,PWRCOABOLXX,CO2BOL,2,2028,0.2724
GLOBAL,PWRCOABOLXX,CO2BOL,2,2029,0.2724
GLOBAL,PWRCOABOLXX,CO2BOL,2,2030,0.2724
GLOBAL,PWRCOABOLXX,CO2BOL,2,2031,0.2724
GLOBAL,PWRCOABOLXX,CO2BOL,2,2032,0.2724
GLOBAL,PWRCOABOLXX,CO2BOL,2,2033,0.2724
GLOBAL,PWRCOABOLXX,CO2BOL,2,2034,0.2724
GLOBAL,PWRCOABOLXX,CO2BOL,2,2035,0.2724
GLOBAL,PWRCOABOLXX,CO2BOL,2,2036,0.2724
GLOBAL,PWRCOABOLXX,CO2BOL,2,2037,0.2724
GLOBAL,PWRCOABOLXX,CO2BOL,2,2038,0.2724
GLOBAL,PWRCOABOLXX,CO2BOL,2,2039,0.2724
GLOBAL,PWRCOABOLXX,CO2BOL,2,2040,0.2724
GLOBAL,PWRCOABOLXX,CO2BOL,2,2041,0.2724
GLOBAL,PWRCOABOLXX,CO2BOL,2,2042,0.2724
GLOBAL,PWRCOABOLXX,CO2BOL,2,2043,0.2724
GLOBAL,PWRCOABOLXX,CO2BOL,2,2044,0.2724
GLOBAL,PWRCOABOLXX,CO2BOL,2,2045,0.2724
GLOBAL,PWRCOABOLXX,CO2BOL,2,2046,0.2724
GLOBAL,PWRCOABOLXX,CO2BOL,2,2047,0.2724
GLOBAL,PWRCOABOLXX,CO2BOL,2,2048,0.2724
GLOBAL,PWRCOABOLXX,CO2BOL,2,2049,0.2724
GLOBAL,PWRCOABOLXX,CO2BOL,2,2050,0.2724
GLOBAL,PWRCOABRAXX,CO2BRA,1,2023,0.2752
GLOBAL,PWRCOABRAXX,CO2BRA,1,2024,0.2752
GLOBAL,PWRCOABRAXX,CO2BRA,1,2025,0.2752
GLOBAL,PWRCOABRAXX,CO2BRA,1,2026,0.2752
GLOBAL,PWRCOABRAXX,CO2BRA,1,2027,0.2752
GLOBAL,PWRCOABRAXX,CO2BRA,1,2028,0.2752
GLOBAL,PWRCOABRAXX,CO2BRA,1,2029,0.2752
GLOBAL,PWRCOABRAXX,CO2BRA,1,2030,0.2752
GLOBAL,PWRCOABRAXX,CO2BRA,1,2031,0.2752
GLOBAL,PWRCOABRAXX,CO2BRA,1,2032,0.2752
GLOBAL,PWRCOABRAXX,CO2BRA,1,2033,0.2752
GLOBAL,PWRCOABRAXX,CO2BRA,1,2034,0.2752
GLOBAL,PWRCOABRAXX,CO2BRA,1,2035,0.2752
GLOBAL,PWRCOABRAXX,CO2BRA,1,2036,0.2752
GLOBAL,PWRCOABRAXX,CO2BRA,1,2037,0.2752
GLOBAL,PWRCOABRAXX,CO2BRA,1,2038,0.2752
GLOBAL,PWRCOABRAXX,CO2BRA,1,2039,0.2752
GLOBAL,PWRCOABRAXX,CO2BRA,1,2040,0.2752
GLOBAL,PWRCOABRAXX,CO2BRA,1,2041,0.2752
GLOBAL,PWRCOABRAXX,CO2BRA,1,2042,0.2752
GLOBAL,PWRCOABRAXX,CO2BRA,1,2043,0.2752
GLOBAL,PWRCOABRAXX,CO2BRA,1,2044,0.2752
GLOBAL,PWRCOABRAXX,CO2BRA,1,2045,0.2752
GLOBAL,PWRCOABRAXX,CO2BRA,1,2046,0.2752
GLOBAL,PWRCOABRAXX,CO2BRA,1,2047,0.2752
GLOBAL,PWRCOABRAXX,CO2BRA,1,2048,0.2752
GLOBAL,PWRCOABRAXX,CO2BRA,1,2049,0.2752
GLOBAL,PWRCOABRAXX,CO2BRA,1,2050,0.2752
GLOBAL,PWRCOABRAXX,CO2BRA,2,2023,0.2752
GLOBAL,PWRCOABRAXX,CO2BRA,2,2024,0.2752
GLOBAL,PWRCOABRAXX,CO2BRA,2,2025,0.2752
GLOBAL,PWRCOABRAXX,CO2BRA,2,2026,0.2752
GLOBAL,PWRCOABRAXX,CO2BRA,2,2027,0.2752
GLOBAL,PWRCOABRAXX,CO2BRA,2,2028,0.2752
GLOBAL,PWRCOABRAXX,CO2BRA,2,2029,0.2752
GLOBAL,PWRCOABRAXX,CO2BRA,2,2030,0.2752
GLOBAL,PWRCOABRAXX,CO2BRA,2,2031,0.2752
GLOBAL,PWRCOABRAXX,CO2BRA,2,2032,0.2752
GLOBAL,PWRCOABRAXX,CO2BRA,2,2033,0.2752
GLOBAL,PWRCOABRAXX,CO2BRA,2,2034,0.2752
GLOBAL,PWRCOABRAXX,CO2BRA,2,2035,0.2752
GLOBAL,PWRCOABRAXX,CO2BRA,2,2036,0.2752
GLOBAL,PWRCOABRAXX,CO2BRA,2,2037,0.2752
GLOBAL,PWRCOABRAXX,CO2BRA,2,2038,0.2752
GLOBAL,PWRCOABRAXX,CO2BRA,2,2039,0.2752
GLOBAL,PWRCOABRAXX,CO2BRA,2,2040,0.2752
GLOBAL,PWRCOABRAXX,CO2BRA,2,2041,0.2752
GLOBAL,PWRCOABRAXX,CO2BRA,2,2042,0.2752
GLOBAL,PWRCOABRAXX,CO2BRA,2,2043,0.2752
GLOBAL,PWRCOABRAXX,CO2BRA,2,2044,0.2752
GLOBAL,PWRCOABRAXX,CO2BRA,2,2045,0.2752
GLOBAL,PWRCOABRAXX,CO2BRA,2,2046,0.2752
GLOBAL,PWRCOABRAXX,CO2BRA,2,2047,0.2752
GLOBAL,PWRCOABRAXX,CO2BRA,2,2048,0.2752
GLOBAL,PWRCOABRAXX,CO2BRA,2,2049,0.2752
GLOBAL,PWRCOABRAXX,CO2BRA,2,2050,0.2752
GLOBAL,PWRCOABRBXX,CO2BRB,1,2023,0.2724
GLOBAL,PWRCOABRBXX,CO2BRB,1,2024,0.2724
GLOBAL,PWRCOABRBXX,CO2BRB,1,2025,0.2724
GLOBAL,PWRCOABRBXX,CO2BRB,1,2026,0.2724
GLOBAL,PWRCOABRBXX,CO2BRB,1,2027,0.2724
GLOBAL,PWRCOABRBXX,CO2BRB,1,2028,0.2724
GLOBAL,PWRCOABRBXX,CO2BRB,1,2029,0.2724
GLOBAL,PWRCOABRBXX,CO2BRB,1,2030,0.2724
GLOBAL,PWRCOABRBXX,CO2BRB,1,2031,0.2724
GLOBAL,PWRCOABRBXX,CO2BRB,1,2032,0.2724
GLOBAL,PWRCOABRBXX,CO2BRB,1,2033,0.2724
GLOBAL,PWRCOABRBXX,CO2BRB,1,2034,0.2724
GLOBAL,PWRCOABRBXX,CO2BRB,1,2035,0.2724
GLOBAL,PWRCOABRBXX,CO2BRB,1,2036,0.2724
GLOBAL,PWRCOABRBXX,CO2BRB,1,2037,0.2724
GLOBAL,PWRCOABRBXX,CO2BRB,1,2038,0.2724
GLOBAL,PWRCOABRBXX,CO2BRB,1,2039,0.2724
GLOBAL,PWRCOABRBXX,CO2BRB,1,2040,0.2724
GLOBAL,PWRCOABRBXX,CO2BRB,1,2041,0.2724
GLOBAL,PWRCOABRBXX,CO2BRB,1,2042,0.2724
GLOBAL,PWRCOABRBXX,CO2BRB,1,2043,0.2724
GLOBAL,PWRCOABRBXX,CO2BRB,1,2044,0.2724
GLOBAL,PWRCOABRBXX,CO2BRB,1,2045,0.2724
GLOBAL,PWRCOABRBXX,CO2BRB,1,2046,0.2724
GLOBAL,PWRCOABRBXX,CO2BRB,1,2047,0.2724
GLOBAL,PWRCOABRBXX,CO2BRB,1,2048,0.2724
GLOBAL,PWRCOABRBXX,CO2BRB,1,2049,0.2724
GLOBAL,PWRCOABRBXX,CO2BRB,1,2050,0.2724
GLOBAL,PWRCOABRBXX,CO2BRB,2,2023,0.2724
GLOBAL,PWRCOABRBXX,CO2BRB,2,2024,0.2724
GLOBAL,PWRCOABRBXX,CO2BRB,2,2025,0.2724
GLOBAL,PWRCOABRBXX,CO2BRB,2,2026,0.2724
GLOBAL,PWRCOABRBXX,CO2BRB,2,2027,0.2724
GLOBAL,PWRCOABRBXX,CO2BRB,2,2028,0.2724
GLOBAL,PWRCOABRBXX,CO2BRB,2,2029,0.2724
GLOBAL,PWRCOABRBXX,CO2BRB,2,2030,0.2724
GLOBAL,PWRCOABRBXX,CO2BRB,2,2031,0.2724
GLOBAL,PWRCOABRBXX,CO2BRB,2,2032,0.2724
GLOBAL,PWRCOABRBXX,CO2BRB,2,2033,0.2724
GLOBAL,PWRCOABRBXX,CO2BRB,2,2034,0.2724
GLOBAL,PWRCOABRBXX,CO2BRB,2,2035,0.2724
GLOBAL,PWRCOABRBXX,CO2BRB,2,2036,0.2724
GLOBAL,PWRCOABRBXX,CO2BRB,2,2037,0.2724
GLOBAL,PWRCOABRBXX,CO2BRB,2,2038,0.2724
GLOBAL,PWRCOABRBXX,CO2BRB,2,2039,0.2724
GLOBAL,PWRCOABRBXX,CO2BRB,2,2040,0.2724
GLOBAL,PWRCOABRBXX,CO2BRB,2,2041,0.2724
GLOBAL,PWRCOABRBXX,CO2BRB,2,2042,0.2724
GLOBAL,PWRCOABRBXX,CO2BRB,2,2043,0.2724
GLOBAL,PWRCOABRBXX,CO2BRB,2,2044,0.2724
GLOBAL,PWRCOABRBXX,CO2BRB,2,2045,0.2724
GLOBAL,PWRCOABRBXX,CO2BRB,2,2046,0.2724
GLOBAL,PWRCOABRBXX,CO2BRB,2,2047,0.2724
GLOBAL,PWRCOABRBXX,CO2BRB,2,2048,0.2724
GLOBAL,PWRCOABRBXX,CO2BRB,2,2049,0.2724
GLOBAL,PWRCOABRBXX,CO2BRB,2,2050,0.2724
GLOBAL,PWRCOACHLXX,CO2CHL,1,2023,0.2743
GLOBAL,PWRCOACHLXX,CO2CHL,1,2024,0.2743
GLOBAL,PWRCOACHLXX,CO2CHL,1,2025,0.2743
GLOBAL,PWRCOACHLXX,CO2CHL,1,2026,0.2743
GLOBAL,PWRCOACHLXX,CO2CHL,1,2027,0.2743
GLOBAL,PWRCOACHLXX,CO2CHL,1,2028,0.2743
GLOBAL,PWRCOACHLXX,CO2CHL,1,2029,0.2743
GLOBAL,PWRCOACHLXX,CO2CHL,1,2030,0.2743
GLOBAL,PWRCOACHLXX,CO2CHL,1,2031,0.2743
GLOBAL,PWRCOACHLXX,CO2CHL,1,2032,0.2743
GLOBAL,PWRCOACHLXX,CO2CHL,1,2033,0.2743
GLOBAL,PWRCOACHLXX,CO2CHL,1,2034,0.2743
GLOBAL,PWRCOACHLXX,CO2CHL,1,2035,0.2743
GLOBAL,PWRCOACHLXX,CO2CHL,1,2036,0.2743
GLOBAL,PWRCOACHLXX,CO2CHL,1,2037,0.2743
GLOBAL,PWRCOACHLXX,CO2CHL,1,2038,0.2743
GLOBAL,PWRCOACHLXX,CO2CHL,1,2039,0.2743
GLOBAL,PWRCOACHLXX,CO2CHL,1,2040,0.2743
GLOBAL,PWRCOACHLXX,CO2CHL,1,2041,0.2743
GLOBAL,PWRCOACHLXX,CO2CHL,1,2042,0.2743
GLOBAL,PWRCOACHLXX,CO2CHL,1,2043,0.2743
GLOBAL,PWRCOACHLXX,CO2CHL,1,2044,0.2743
GLOBAL,PWRCOACHLXX,CO2CHL,1,2045,0.2743
GLOBAL,PWRCOACHLXX,CO2CHL,1,2046,0.2743
GLOBAL,PWRCOACHLXX,CO2CHL,1,2047,0.2743
GLOBAL,PWRCOACHLXX,CO2CHL,1,2048,0.2743
GLOBAL,PWRCOACHLXX,CO2CHL,1,2049,0.2743
GLOBAL,PWRCOACHLXX,CO2CHL,1,2050,0.2743
GLOBAL,PWRCOACHLXX,CO2CHL,2,2023,0.2743
GLOBAL,PWRCOACHLXX,CO2CHL,2,2024,0.2743
GLOBAL,PWRCOACHLXX,CO2CHL,2,2025,0.2743
GLOBAL,PWRCOACHLXX,CO2CHL,2,2026,0.2743
GLOBAL,PWRCOACHLXX,CO2CHL,2,2027,0.2743
GLOBAL,PWRCOACHLXX,CO2CHL,2,2028,0.2743
GLOBAL,PWRCOACHLXX,CO2CHL,2,2029,0.2743
GLOBAL,PWRCOACHLXX,CO2CHL,2,2030,0.2743
GLOBAL,PWRCOACHLXX,CO2CHL,2,2031,0.2743
GLOBAL,PWRCOACHLXX,CO2CHL,2,2032,0.2743
GLOBAL,PWRCOACHLXX,CO2CHL,2,2033,0.2743
GLOBAL,PWRCOACHLXX,CO2CHL,2,2034,0.2743
GLOBAL,PWRCOACHLXX,CO2CHL,2,2035,0.2743
GLOBAL,PWRCOACHLXX,CO2CHL,2,2036,0.2743
GLOBAL,PWRCOACHLXX,CO2CHL,2,2037,0.2743
GLOBAL,PWRCOACHLXX,CO2CHL,2,2038,0.2743
GLOBAL,PWRCOACHLXX,CO2CHL,2,2039,0.2743
GLOBAL,PWRCOACHLXX,CO2CHL,2,2040,0.2743
GLOBAL,PWRCOACHLXX,CO2CHL,2,2041,0.2743
GLOBAL,PWRCOACHLXX,CO2CHL,2,2042,0.2743
GLOBAL,PWRCOACHLXX,CO2CHL,2,2043,0.2743
GLOBAL,PWRCOACHLXX,CO2CHL,2,2044,0.2743
GLOBAL,PWRCOACHLXX,CO2CHL,2,2045,0.2743
GLOBAL,PWRCOACHLXX,CO2CHL,2,2046,0.2743
GLOBAL,PWRCOACHLXX,CO2CHL,2,2047,0.2743
GLOBAL,PWRCOACHLXX,CO2CHL,2,2048,0.2743
GLOBAL,PWRCOACHLXX,CO2CHL,2,2049,0.2743
GLOBAL,PWRCOACHLXX,CO2CHL,2,2050,0.2743
GLOBAL,PWRCOACOLXX,CO2COL,1,2023,0.2734
GLOBAL,PWRCOACOLXX,CO2COL,1,2024,0.2734
GLOBAL,PWRCOACOLXX,CO2COL,1,2025,0.2734
GLOBAL,PWRCOACOLXX,CO2COL,1,2026,0.2734
GLOBAL,PWRCOACOLXX,CO2COL,1,2027,0.2734
GLOBAL,PWRCOACOLXX,CO2COL,1,2028,0.2734
GLOBAL,PWRCOACOLXX,CO2COL,1,2029,0.2734
GLOBAL,PWRCOACOLXX,CO2COL,1,2030,0.2734
GLOBAL,PWRCOACOLXX,CO2COL,1,2031,0.2734
GLOBAL,PWRCOACOLXX,CO2COL,1,2032,0.2734
GLOBAL,PWRCOACOLXX,CO2COL,1,2033,0.2734
GLOBAL,PWRCOACOLXX,CO2COL,1,2034,0.2734
GLOBAL,PWRCOACOLXX,CO2COL,1,2035,0.2734
GLOBAL,PWRCOACOLXX,CO2COL,1,2036,0.2734
GLOBAL,PWRCOACOLXX,CO2COL,1,2037,0.2734
GLOBAL,PWRCOACOLXX,CO2COL,1,2038,0.2734
GLOBAL,PWRCOACOLXX,CO2COL,1,2039,0.2734
GLOBAL,PWRCOACOLXX,CO2COL,1,2040,0.2734
GLOBAL,PWRCOACOLXX,CO2COL,1,2041,0.2734
GLOBAL,PWRCOACOLXX,CO2COL,1,2042,0.2734
GLOBAL,PWRCOACOLXX,CO2COL,1,2043,0.2734
GLOBAL,PWRCOACOLXX,CO2COL,1,2044,0.2734
GLOBAL,PWRCOACOLXX,CO2COL,1,2045,0.2734
GLOBAL,PWRCOACOLXX,CO2COL,1,2046,0.2734
GLOBAL,PWRCOACOLXX,CO2COL,1,2047,0.2734
GLOBAL,PWRCOACOLXX,CO2COL,1,2048,0.2734
GLOBAL,PWRCOACOLXX,CO2COL,1,2049,0.2734
GLOBAL,PWRCOACOLXX,CO2COL,1,2050,0.2734
GLOBAL,PWRCOACOLXX,CO2COL,2,2023,0.2734
GLOBAL,PWRCOACOLXX,CO2COL,2,2024,0.2734
GLOBAL,PWRCOACOLXX,CO2COL,2,2025,0.2734
GLOBAL,PWRCOACOLXX,CO2COL,2,2026,0.2734
GLOBAL,PWRCOACOLXX,CO2COL,2,2027,0.2734
GLOBAL,PWRCOACOLXX,CO2COL,2,2028,0.2734
GLOBAL,PWRCOACOLXX,CO2COL,2,2029,0.2734
GLOBAL,PWRCOACOLXX,CO2COL,2,2030,0.2734
GLOBAL,PWRCOACOLXX,CO2COL,2,2031,0.2734
GLOBAL,PWRCOACOLXX,CO2COL,2,2032,0.2734
GLOBAL,PWRCOACOLXX,CO2COL,2,2033,0.2734
GLOBAL,PWRCOACOLXX,CO2COL,2,2034,0.2734
GLOBAL,PWRCOACOLXX,CO2COL,2,2035,0.2734
GLOBAL,PWRCOACOLXX,CO2COL,2,2036,0.2734
GLOBAL,PWRCOACOLXX,CO2COL,2,2037,0.2734
GLOBAL,PWRCOACOLXX,CO2COL,2,2038,0.2734
GLOBAL,PWRCOACOLXX,CO2COL,2,2039,0.2734
GLOBAL,PWRCOACOLXX,CO2COL,2,2040,0.2734
GLOBAL,PWRCOACOLXX,CO2COL,2,2041,0.2734
GLOBAL,PWRCOACOLXX,CO2COL,2,2042,0.2734
GLOBAL,PWRCOACOLXX,CO2COL,2,2043,0.2734
GLOBAL,PWRCOACOLXX,CO2COL,2,2044,0.2734
GLOBAL,PWRCOACOLXX,CO2COL,2,2045,0.2734
GLOBAL,PWRCOACOLXX,CO2COL,2,2046,0.2734
GLOBAL,PWRCOACOLXX,CO2COL,2,2047,0.2734
GLOBAL,PWRCOACOLXX,CO2COL,2,2048,0.2734
GLOBAL,PWRCOACOLXX,CO2COL,2,2049,0.2734
GLOBAL,PWRCOACOLXX,CO2COL,2,2050,0.2734
GLOBAL,PWRCOACRIXX,CO2CRI,1,2023,0.2724
GLOBAL,PWRCOACRIXX,CO2CRI,1,2024,0.2724
GLOBAL,PWRCOACRIXX,CO2CRI,1,2025,0.2724
GLOBAL,PWRCOACRIXX,CO2CRI,1,2026,0.2724
GLOBAL,PWRCOACRIXX,CO2CRI,1,2027,0.2724
GLOBAL,PWRCOACRIXX,CO2CRI,1,2028,0.2724
GLOBAL,PWRCOACRIXX,CO2CRI,1,2029,0.2724
GLOBAL,PWRCOACRIXX,CO2CRI,1,2030,0.2724
GLOBAL,PWRCOACRIXX,CO2CRI,1,2031,0.2724
GLOBAL,PWRCOACRIXX,CO2CRI,1,2032,0.2724
GLOBAL,PWRCOACRIXX,CO2CRI,1,2033,0.2724
GLOBAL,PWRCOACRIXX,CO2CRI,1,2034,0.2724
GLOBAL,PWRCOACRIXX,CO2CRI,1,2035,0.2724
GLOBAL,PWRCOACRIXX,CO2CRI,1,2036,0.2724
GLOBAL,PWRCOACRIXX,CO2CRI,1,2037,0.2724
GLOBAL,PWRCOACRIXX,CO2CRI,1,2038,0.2724
GLOBAL,PWRCOACRIXX,CO2CRI,1,2039,0.2724
GLOBAL,PWRCOACRIXX,CO2CRI,1,2040,0.2724
GLOBAL,PWRCOACRIXX,CO2CRI,1,2041,0.2724
GLOBAL,PWRCOACRIXX,CO2CRI,1,2042,0.2724
GLOBAL,PWRCOACRIXX,CO2CRI,1,2043,0.2724
GLOBAL,PWRCOACRIXX,CO2CRI,1,2044,0.2724
GLOBAL,PWRCOACRIXX,CO2CRI,1,2045,0.2724
GLOBAL,PWRCOACRIXX,CO2CRI,1,2046,0.2724
GLOBAL,PWRCOACRIXX,CO2CRI,1,2047,0.2724
GLOBAL,PWRCOACRIXX,CO2CRI,1,2048,0.2724
GLOBAL,PWRCOACRIXX,CO2CRI,1,2049,0.2724
GLOBAL,PWRCOACRIXX,CO2CRI,1,2050,0.2724
GLOBAL,PWRCOACRIXX,CO2CRI,2,2023,0.2724
GLOBAL,PWRCOACRIXX,CO2CRI,2,2024,0.2724
GLOBAL,PWRCOACRIXX,CO2CRI,2,2025,0.2724
GLOBAL,PWRCOACRIXX,CO2CRI,2,2026,0.2724
GLOBAL,PWRCOACRIXX,CO2CRI,2,2027,0.2724
GLOBAL,PWRCOACRIXX,CO2CRI,2,2028,0.2724
GLOBAL,PWRCOACRIXX,CO2CRI,2,2029,0.2724
GLOBAL,PWRCOACRIXX,CO2CRI,2,2030,0.2724
GLOBAL,PWRCOACRIXX,CO2CRI,2,2031,0.2724
GLOBAL,PWRCOACRIXX,CO2CRI,2,2032,0.2724
GLOBAL,PWRCOACRIXX,CO2CRI,2,2033,0.2724
GLOBAL,PWRCOACRIXX,CO2CRI,2,2034,0.2724
GLOBAL,PWRCOACRIXX,CO2CRI,2,2035,0.2724
GLOBAL,PWRCOACRIXX,CO2CRI,2,2036,0.2724
GLOBAL,PWRCOACRIXX,CO2CRI,2,2037,0.2724
GLOBAL,PWRCOACRIXX,CO2CRI,2,2038,0.2724
GLOBAL,PWRCOACRIXX,CO2CRI,2,2039,0.2724
GLOBAL,PWRCOACRIXX,CO2CRI,2,2040,0.2724
GLOBAL,PWRCOACRIXX,CO2CRI,2,2041,0.2724
GLOBAL,PWRCOACRIXX,CO2CRI,2,2042,0.2724
GLOBAL,PWRCOACRIXX,CO2CRI,2,2043,0.2724
GLOBAL,PWRCOACRIXX,CO2CRI,2,2044,0.2724
GLOBAL,PWRCOACRIXX,CO2CRI,2,2045,0.2724
GLOBAL,PWRCOACRIXX,CO2CRI,2,2046,0.2724
GLOBAL,PWRCOACRIXX,CO2CRI,2,2047,0.2724
GLOBAL,PWRCOACRIXX,CO2CRI,2,2048,0.2724
GLOBAL,PWRCOACRIXX,CO2CRI,2,2049,0.2724
GLOBAL,PWRCOACRIXX,CO2CRI,2,2050,0.2724
GLOBAL,PWRCOADOMXX,CO2DOM,1,2023,0.2762
GLOBAL,PWRCOADOMXX,CO2DOM,1,2024,0.2762
GLOBAL,PWRCOADOMXX,CO2DOM,1,2025,0.2762
GLOBAL,PWRCOADOMXX,CO2DOM,1,2026,0.2762
GLOBAL,PWRCOADOMXX,CO2DOM,1,2027,0.2762
GLOBAL,PWRCOADOMXX,CO2DOM,1,2028,0.2762
GLOBAL,PWRCOADOMXX,CO2DOM,1,2029,0.2762
GLOBAL,PWRCOADOMXX,CO2DOM,1,2030,0.2762
GLOBAL,PWRCOADOMXX,CO2DOM,1,2031,0.2762
GLOBAL,PWRCOADOMXX,CO2DOM,1,2032,0.2762
GLOBAL,PWRCOADOMXX,CO2DOM,1,2033,0.2762
GLOBAL,PWRCOADOMXX,CO2DOM,1,2034,0.2762
GLOBAL,PWRCOADOMXX,CO2DOM,1,2035,0.2762
GLOBAL,PWRCOADOMXX,CO2DOM,1,2036,0.2762
GLOBAL,PWRCOADOMXX,CO2DOM,1,2037,0.2762
GLOBAL,PWRCOADOMXX,CO2DOM,1,2038,0.2762
GLOBAL,PWRCOADOMXX,CO2DOM,1,2039,0.2762
GLOBAL,PWRCOADOMXX,CO2DOM,1,2040,0.2762
GLOBAL,PWRCOADOMXX,CO2DOM,1,2041,0.2762
GLOBAL,PWRCOADOMXX,CO2DOM,1,2042,0.2762
GLOBAL,PWRCOADOMXX,CO2DOM,1,2043,0.2762
GLOBAL,PWRCOADOMXX,CO2DOM,1,2044,0.2762
GLOBAL,PWRCOADOMXX,CO2DOM,1,2045,0.2762
GLOBAL,PWRCOADOMXX,CO2DOM,1,2046,0.2762
GLOBAL,PWRCOADOMXX,CO2DOM,1,2047,0.2762
GLOBAL,PWRCOADOMXX,CO2DOM,1,2048,0.2762
GLOBAL,PWRCOADOMXX,CO2DOM,1,2049,0.2762
GLOBAL,PWRCOADOMXX,CO2DOM,1,2050,0.2762
GLOBAL,PWRCOADOMXX,CO2DOM,2,2023,0.2762
GLOBAL,PWRCOADOMXX,CO2DOM,2,2024,0.2762
GLOBAL,PWRCOADOMXX,CO2DOM,2,2025,0.2762
GLOBAL,PWRCOADOMXX,CO2DOM,2,2026,0.2762
GLOBAL,PWRCOADOMXX,CO2DOM,2,2027,0.2762
GLOBAL,PWRCOADOMXX,CO2DOM,2,2028,0.2762
GLOBAL,PWRCOADOMXX,CO2DOM,2,2029,0.2762
GLOBAL,PWRCOADOMXX,CO2DOM,2,2030,0.2762
GLOBAL,PWRCOADOMXX,CO2DOM,2,2031,0.2762
GLOBAL,PWRCOADOMXX,CO2DOM,2,2032,0.2762
GLOBAL,PWRCOADOMXX,CO2DOM,2,2033,0.2762
GLOBAL,PWRCOADOMXX,CO2DOM,2,2034,0.2762
GLOBAL,PWRCOADOMXX,CO2DOM,2,2035,0.2762
GLOBAL,PWRCOADOMXX,CO2DOM,2,2036,0.2762
GLOBAL,PWRCOADOMXX,CO2DOM,2,2037,0.2762
GLOBAL,PWRCOADOMXX,CO2DOM,2,2038,0.2762
GLOBAL,PWRCOADOMXX,CO2DOM,2,2039,0.2762
GLOBAL,PWRCOADOMXX,CO2DOM,2,2040,0.2762
GLOBAL,PWRCOADOMXX,CO2DOM,2,2041,0.2762
GLOBAL,PWRCOADOMXX,CO2DOM,2,2042,0.2762
GLOBAL,PWRCOADOMXX,CO2DOM,2,2043,0.2762
GLOBAL,PWRCOADOMXX,CO2DOM,2,2044,0.2762
GLOBAL,PWRCOADOMXX,CO2DOM,2,2045,0.2762
GLOBAL,PWRCOADOMXX,CO2DOM,2,2046,0.2762
GLOBAL,PWRCOADOMXX,CO2DOM,2,2047,0.2762
GLOBAL,PWRCOADOMXX,CO2DOM,2,2048,0.2762
GLOBAL,PWRCOADOMXX,CO2DOM,2,2049,0.2762
GLOBAL,PWRCOADOMXX,CO2DOM,2,2050,0.2762
GLOBAL,PWRCOAECUXX,CO2ECU,1,2023,0.2724
GLOBAL,PWRCOAECUXX,CO2ECU,1,2024,0.2724
GLOBAL,PWRCOAECUXX,CO2ECU,1,2025,0.2724
GLOBAL,PWRCOAECUXX,CO2ECU,1,2026,0.2724
GLOBAL,PWRCOAECUXX,CO2ECU,1,2027,0.2724
GLOBAL,PWRCOAECUXX,CO2ECU,1,2028,0.2724
GLOBAL,PWRCOAECUXX,CO2ECU,1,2029,0.2724
GLOBAL,PWRCOAECUXX,CO2ECU,1,2030,0.2724
GLOBAL,PWRCOAECUXX,CO2ECU,1,2031,0.2724
GLOBAL,PWRCOAECUXX,CO2ECU,1,2032,0.2724
GLOBAL,PWRCOAECUXX,CO2ECU,1,2033,0.2724
GLOBAL,PWRCOAECUXX,CO2ECU,1,2034,0.2724
GLOBAL,PWRCOAECUXX,CO2ECU,1,2035,0.2724
GLOBAL,PWRCOAECUXX,CO2ECU,1,2036,0.2724
GLOBAL,PWRCOAECUXX,CO2ECU,1,2037,0.2724
GLOBAL,PWRCOAECUXX,CO2ECU,1,2038,0.2724
GLOBAL,PWRCOAECUXX,CO2ECU,1,2039,0.2724
GLOBAL,PWRCOAECUXX,CO2ECU,1,2040,0.2724
GLOBAL,PWRCOAECUXX,CO2ECU,1,2041,0.2724
GLOBAL,PWRCOAECUXX,CO2ECU,1,2042,0.2724
GLOBAL,PWRCOAECUXX,CO2ECU,1,2043,0.2724
GLOBAL,PWRCOAECUXX,CO2ECU,1,2044,0.2724
GLOBAL,PWRCOAECUXX,CO2ECU,1,2045,0.2724
GLOBAL,PWRCOAECUXX,CO2ECU,1,2046,0.2724
GLOBAL,PWRCOAECUXX,CO2ECU,1,2047,0.2724
GLOBAL,PWRCOAECUXX,CO2ECU,1,2048,0.2724
GLOBAL,PWRCOAECUXX,CO2ECU,1,2049,0.2724
GLOBAL,PWRCOAECUXX,CO2ECU,1,2050,0.2724
GLOBAL,PWRCOAECUXX,CO2ECU,2,2023,0.2724
GLOBAL,PWRCOAECUXX,CO2ECU,2,2024,0.2724
GLOBAL,PWRCOAECUXX,CO2ECU,2,2025,0.2724
GLOBAL,PWRCOAECUXX,CO2ECU,2,2026,0.2724
GLOBAL,PWRCOAECUXX,CO2ECU,2,2027,0.2724
GLOBAL,PWRCOAECUXX,CO2ECU,2,2028,0.2724
GLOBAL,PWRCOAECUXX,CO2ECU,2,2029,0.2724
GLOBAL,PWRCOAECUXX,CO2ECU,2,2030,0.2724
GLOBAL,PWRCOAECUXX,CO2ECU,2,2031,0.2724
GLOBAL,PWRCOAECUXX,CO2ECU,2,2032,0.2724
GLOBAL,PWRCOAECUXX,CO2ECU,2,2033,0.2724
GLOBAL,PWRCOAECUXX,CO2ECU,2,2034,0.2724
GLOBAL,PWRCOAECUXX,CO2ECU,2,2035,0.2724
GLOBAL,PWRCOAECUXX,CO2ECU,2,2036,0.2724
GLOBAL,PWRCOAECUXX,CO2ECU,2,2037,0.2724
GLOBAL,PWRCOAECUXX,CO2ECU,2,2038,0.2724
GLOBAL,PWRCOAECUXX,CO2ECU,2,2039,0.2724
GLOBAL,PWRCOAECUXX,CO2ECU,2,2040,0.2724
GLOBAL,PWRCOAECUXX,CO2ECU,2,2041,0.2724
GLOBAL,PWRCOAECUXX,CO2ECU,2,2042,0.2724
GLOBAL,PWRCOAECUXX,CO2ECU,2,2043,0.2724
GLOBAL,PWRCOAECUXX,CO2ECU,2,2044,0.2724
GLOBAL,PWRCOAECUXX,CO2ECU,2,2045,0.2724
GLOBAL,PWRCOAECUXX,CO2ECU,2,2046,0.2724
GLOBAL,PWRCOAECUXX,CO2ECU,2,2047,0.2724
GLOBAL,PWRCOAECUXX,CO2ECU,2,2048,0.2724
GLOBAL,PWRCOAECUXX,CO2ECU,2,2049,0.2724
GLOBAL,PWRCOAECUXX,CO2ECU,2,2050,0.2724
GLOBAL,PWRCOAGTMXX,CO2GTM,1,2023,0.278
GLOBAL,PWRCOAGTMXX,CO2GTM,1,2024,0.278
GLOBAL,PWRCOAGTMXX,CO2GTM,1,2025,0.278
GLOBAL,PWRCOAGTMXX,CO2GTM,1,2026,0.278
GLOBAL,PWRCOAGTMXX,CO2GTM,1,2027,0.278
GLOBAL,PWRCOAGTMXX,CO2GTM,1,2028,0.278
GLOBAL,PWRCOAGTMXX,CO2GTM,1,2029,0.278
GLOBAL,PWRCOAGTMXX,CO2GTM,1,2030,0.278
GLOBAL,PWRCOAGTMXX,CO2GTM,1,2031,0.278
GLOBAL,PWRCOAGTMXX,CO2GTM,1,2032,0.278
GLOBAL,PWRCOAGTMXX,CO2GTM,1,2033,0.278
GLOBAL,PWRCOAGTMXX,CO2GTM,1,2034,0.278
GLOBAL,PWRCOAGTMXX,CO2GTM,1,2035,0.278
GLOBAL,PWRCOAGTMXX,CO2GTM,1,2036,0.278
GLOBAL,PWRCOAGTMXX,CO2GTM,1,2037,0.278
GLOBAL,PWRCOAGTMXX,CO2GTM,1,2038,0.278
GLOBAL,PWRCOAGTMXX,CO2GTM,1,2039,0.278
GLOBAL,PWRCOAGTMXX,CO2GTM,1,2040,0.278
GLOBAL,PWRCOAGTMXX,CO2GTM,1,2041,0.278
GLOBAL,PWRCOAGTMXX,CO2GTM,1,2042,0.278
GLOBAL,PWRCOAGTMXX,CO2GTM,1,2043,0.278
GLOBAL,PWRCOAGTMXX,CO2GTM,1,2044,0.278
GLOBAL,PWRCOAGTMXX,CO2GTM,1,2045,0.278
GLOBAL,PWRCOAGTMXX,CO2GTM,1,2046,0.278
GLOBAL,PWRCOAGTMXX,CO2GTM,1,2047,0.278
GLOBAL,PWRCOAGTMXX,CO2GTM,1,2048,0.278
GLOBAL,PWRCOAGTMXX,CO2GTM,1,2049,0.278
GLOBAL,PWRCOAGTMXX,CO2GTM,1,2050,0.278
GLOBAL,PWRCOAGTMXX,CO2GTM,2,2023,0.278
GLOBAL,PWRCOAGTMXX,CO2GTM,2,2024,0.278
GLOBAL,PWRCOAGTMXX,CO2GTM,2,2025,0.278
GLOBAL,PWRCOAGTMXX,CO2GTM,2,2026,0.278
GLOBAL,PWRCOAGTMXX,CO2GTM,2,2027,0.278
GLOBAL,PWRCOAGTMXX,CO2GTM,2,2028,0.278
GLOBAL,PWRCOAGTMXX,CO2GTM,2,2029,0.278
GLOBAL,PWRCOAGTMXX,CO2GTM,2,2030,0.278
GLOBAL,PWRCOAGTMXX,CO2GTM,2,2031,0.278
GLOBAL,PWRCOAGTMXX,CO2GTM,2,2032,0.278
GLOBAL,PWRCOAGTMXX,CO2GTM,2,2033,0.278
GLOBAL,PWRCOAGTMXX,CO2GTM,2,2034,0.278
GLOBAL,PWRCOAGTMXX,CO2GTM,2,2035,0.278
GLOBAL,PWRCOAGTMXX,CO2GTM,2,2036,0.278
GLOBAL,PWRCOAGTMXX,CO2GTM,2,2037,0.278
GLOBAL,PWRCOAGTMXX,CO2GTM,2,2038,0.278
GLOBAL,PWRCOAGTMXX,CO2GTM,2,2039,0.278
GLOBAL,PWRCOAGTMXX,CO2GTM,2,2040,0.278
GLOBAL,PWRCOAGTMXX,CO2GTM,2,2041,0.278
GLOBAL,PWRCOAGTMXX,CO2GTM,2,2042,0.278
GLOBAL,PWRCOAGTMXX,CO2GTM,2,2043,0.278
GLOBAL,PWRCOAGTMXX,CO2GTM,2,2044,0.278
GLOBAL,PWRCOAGTMXX,CO2GTM,2,2045,0.278
GLOBAL,PWRCOAGTMXX,CO2GTM,2,2046,0.278
GLOBAL,PWRCOAGTMXX,CO2GTM,2,2047,0.278
GLOBAL,PWRCOAGTMXX,CO2GTM,2,2048,0.278
GLOBAL,PWRCOAGTMXX,CO2GTM,2,2049,0.278
GLOBAL,PWRCOAGTMXX,CO2GTM,2,2050,0.278
GLOBAL,PWRCOAHNDXX,CO2HND,1,2023,0.2724
GLOBAL,PWRCOAHNDXX,CO2HND,1,2024,0.2724
GLOBAL,PWRCOAHNDXX,CO2HND,1,2025,0.2724
GLOBAL,PWRCOAHNDXX,CO2HND,1,2026,0.2724
GLOBAL,PWRCOAHNDXX,CO2HND,1,2027,0.2724
GLOBAL,PWRCOAHNDXX,CO2HND,1,2028,0.2724
GLOBAL,PWRCOAHNDXX,CO2HND,1,2029,0.2724
GLOBAL,PWRCOAHNDXX,CO2HND,1,2030,0.2724
GLOBAL,PWRCOAHNDXX,CO2HND,1,2031,0.2724
GLOBAL,PWRCOAHNDXX,CO2HND,1,2032,0.2724
GLOBAL,PWRCOAHNDXX,CO2HND,1,2033,0.2724
GLOBAL,PWRCOAHNDXX,CO2HND,1,2034,0.2724
GLOBAL,PWRCOAHNDXX,CO2HND,1,2035,0.2724
GLOBAL,PWRCOAHNDXX,CO2HND,1,2036,0.2724
GLOBAL,PWRCOAHNDXX,CO2HND,1,2037,0.2724
GLOBAL,PWRCOAHNDXX,CO2HND,1,2038,0.2724
GLOBAL,PWRCOAHNDXX,CO2HND,1,2039,0.2724
GLOBAL,PWRCOAHNDXX,CO2HND,1,2040,0.2724
GLOBAL,PWRCOAHNDXX,CO2HND,1,2041,0.2724
GLOBAL,PWRCOAHNDXX,CO2HND,1,2042,0.2724
GLOBAL,PWRCOAHNDXX,CO2HND,1,2043,0.2724
GLOBAL,PWRCOAHNDXX,CO2HND,1,2044,0.2724
GLOBAL,PWRCOAHNDXX,CO2HND,1,2045,0.2724
GLOBAL,PWRCOAHNDXX,CO2HND,1,2046,0.2724
GLOBAL,PWRCOAHNDXX,CO2HND,1,2047,0.2724
GLOBAL,PWRCOAHNDXX,CO2HND,1,2048,0.2724
GLOBAL,PWRCOAHNDXX,CO2HND,1,2049,0.2724
GLOBAL,PWRCOAHNDXX,CO2HND,1,2050,0.2724
GLOBAL,PWRCOAHNDXX,CO2HND,2,2023,0.2724
GLOBAL,PWRCOAHNDXX,CO2HND,2,2024,0.2724
GLOBAL,PWRCOAHNDXX,CO2HND,2,2025,0.2724
GLOBAL,PWRCOAHNDXX,CO2HND,2,2026,0.2724
GLOBAL,PWRCOAHNDXX,CO2HND,2,2027,0.2724
GLOBAL,PWRCOAHNDXX,CO2HND,2,2028,0.2724
GLOBAL,PWRCOAHNDXX,CO2HND,2,2029,0.2724
GLOBAL,PWRCOAHNDXX,CO2HND,2,2030,0.2724
GLOBAL,PWRCOAHNDXX,CO2HND,2,2031,0.2724
GLOBAL,PWRCOAHNDXX,CO2HND,2,2032,0.2724
GLOBAL,PWRCOAHNDXX,CO2HND,2,2033,0.2724
GLOBAL,PWRCOAHNDXX,CO2HND,2,2034,0.2724
GLOBAL,PWRCOAHNDXX,CO2HND,2,2035,0.2724
GLOBAL,PWRCOAHNDXX,CO2HND,2,2036,0.2724
GLOBAL,PWRCOAHNDXX,CO2HND,2,2037,0.2724
GLOBAL,PWRCOAHNDXX,CO2HND,2,2038,0.2724
GLOBAL,PWRCOAHNDXX,CO2HND,2,2039,0.2724
GLOBAL,PWRCOAHNDXX,CO2HND,2,2040,0.2724
GLOBAL,PWRCOAHNDXX,CO2HND,2,2041,0.2724
GLOBAL,PWRCOAHNDXX,CO2HND,2,2042,0.2724
GLOBAL,PWRCOAHNDXX,CO2HND,2,2043,0.2724
GLOBAL,PWRCOAHNDXX,CO2HND,2,2044,0.2724
GLOBAL,PWRCOAHNDXX,CO2HND,2,2045,0.2724
GLOBAL,PWRCOAHNDXX,CO2HND,2,2046,0.2724
GLOBAL,PWRCOAHNDXX,CO2HND,2,2047,0.2724
GLOBAL,PWRCOAHNDXX,CO2HND,2,2048,0.2724
GLOBAL,PWRCOAHNDXX,CO2HND,2,2049,0.2724
GLOBAL,PWRCOAHNDXX,CO2HND,2,2050,0.2724
GLOBAL,PWRCOAHTIXX,CO2HTI,1,2023,0.2724
GLOBAL,PWRCOAHTIXX,CO2HTI,1,2024,0.2724
GLOBAL,PWRCOAHTIXX,CO2HTI,1,2025,0.2724
GLOBAL,PWRCOAHTIXX,CO2HTI,1,2026,0.2724
GLOBAL,PWRCOAHTIXX,CO2HTI,1,2027,0.2724
GLOBAL,PWRCOAHTIXX,CO2HTI,1,2028,0.2724
GLOBAL,PWRCOAHTIXX,CO2HTI,1,2029,0.2724
GLOBAL,PWRCOAHTIXX,CO2HTI,1,2030,0.2724
GLOBAL,PWRCOAHTIXX,CO2HTI,1,2031,0.2724
GLOBAL,PWRCOAHTIXX,CO2HTI,1,2032,0.2724
GLOBAL,PWRCOAHTIXX,CO2HTI,1,2033,0.2724
GLOBAL,PWRCOAHTIXX,CO2HTI,1,2034,0.2724
GLOBAL,PWRCOAHTIXX,CO2HTI,1,2035,0.2724
GLOBAL,PWRCOAHTIXX,CO2HTI,1,2036,0.2724
GLOBAL,PWRCOAHTIXX,CO2HTI,1,2037,0.2724
GLOBAL,PWRCOAHTIXX,CO2HTI,1,2038,0.2724
GLOBAL,PWRCOAHTIXX,CO2HTI,1,2039,0.2724
GLOBAL,PWRCOAHTIXX,CO2HTI,1,2040,0.2724
GLOBAL,PWRCOAHTIXX,CO2HTI,1,2041,0.2724
GLOBAL,PWRCOAHTIXX,CO2HTI,1,2042,0.2724
GLOBAL,PWRCOAHTIXX,CO2HTI,1,2043,0.2724
GLOBAL,PWRCOAHTIXX,CO2HTI,1,2044,0.2724
GLOBAL,PWRCOAHTIXX,CO2HTI,1,2045,0.2724
GLOBAL,PWRCOAHTIXX,CO2HTI,1,2046,0.2724
GLOBAL,PWRCOAHTIXX,CO2HTI,1,2047,0.2724
GLOBAL,PWRCOAHTIXX,CO2HTI,1,2048,0.2724
GLOBAL,PWRCOAHTIXX,CO2HTI,1,2049,0.2724
GLOBAL,PWRCOAHTIXX,CO2HTI,1,2050,0.2724
GLOBAL,PWRCOAHTIXX,CO2HTI,2,2023,0.2724
GLOBAL,PWRCOAHTIXX,CO2HTI,2,2024,0.2724
GLOBAL,PWRCOAHTIXX,CO2HTI,2,2025,0.2724
GLOBAL,PWRCOAHTIXX,CO2HTI,2,2026,0.2724
GLOBAL,PWRCOAHTIXX,CO2HTI,2,2027,0.2724
GLOBAL,PWRCOAHTIXX,CO2HTI,2,2028,0.2724
GLOBAL,PWRCOAHTIXX,CO2HTI,2,2029,0.2724
GLOBAL,PWRCOAHTIXX,CO2HTI,2,2030,0.2724
GLOBAL,PWRCOAHTIXX,CO2HTI,2,2031,0.2724
GLOBAL,PWRCOAHTIXX,CO2HTI,2,2032,0.2724
GLOBAL,PWRCOAHTIXX,CO2HTI,2,2033,0.2724
GLOBAL,PWRCOAHTIXX,CO2HTI,2,2034,0.2724
GLOBAL,PWRCOAHTIXX,CO2HTI,2,2035,0.2724
GLOBAL,PWRCOAHTIXX,CO2HTI,2,2036,0.2724
GLOBAL,PWRCOAHTIXX,CO2HTI,2,2037,0.2724
GLOBAL,PWRCOAHTIXX,CO2HTI,2,2038,0.2724
GLOBAL,PWRCOAHTIXX,CO2HTI,2,2039,0.2724
GLOBAL,PWRCOAHTIXX,CO2HTI,2,2040,0.2724
GLOBAL,PWRCOAHTIXX,CO2HTI,2,2041,0.2724
GLOBAL,PWRCOAHTIXX,CO2HTI,2,2042,0.2724
GLOBAL,PWRCOAHTIXX,CO2HTI,2,2043,0.2724
GLOBAL,PWRCOAHTIXX,CO2HTI,2,2044,0.2724
GLOBAL,PWRCOAHTIXX,CO2HTI,2,2045,0.2724
GLOBAL,PWRCOAHTIXX,CO2HTI,2,2046,0.2724
GLOBAL,PWRCOAHTIXX,CO2HTI,2,2047,0.2724
GLOBAL,PWRCOAHTIXX,CO2HTI,2,2048,0.2724
GLOBAL,PWRCOAHTIXX,CO2HTI,2,2049,0.2724
GLOBAL,PWRCOAHTIXX,CO2HTI,2,2050,0.2724
GLOBAL,PWRCOAMEXXX,CO2MEX,1,2023,0.2706
GLOBAL,PWRCOAMEXXX,CO2MEX,1,2024,0.2706
GLOBAL,PWRCOAMEXXX,CO2MEX,1,2025,0.2706
GLOBAL,PWRCOAMEXXX,CO2MEX,1,2026,0.2706
GLOBAL,PWRCOAMEXXX,CO2MEX,1,2027,0.2706
GLOBAL,PWRCOAMEXXX,CO2MEX,1,2028,0.2706
GLOBAL,PWRCOAMEXXX,CO2MEX,1,2029,0.2706
GLOBAL,PWRCOAMEXXX,CO2MEX,1,2030,0.2706
GLOBAL,PWRCOAMEXXX,CO2MEX,1,2031,0.2706
GLOBAL,PWRCOAMEXXX,CO2MEX,1,2032,0.2706
GLOBAL,PWRCOAMEXXX,CO2MEX,1,2033,0.2706
GLOBAL,PWRCOAMEXXX,CO2MEX,1,2034,0.2706
GLOBAL,PWRCOAMEXXX,CO2MEX,1,2035,0.2706
GLOBAL,PWRCOAMEXXX,CO2MEX,1,2036,0.2706
GLOBAL,PWRCOAMEXXX,CO2MEX,1,2037,0.2706
GLOBAL,PWRCOAMEXXX,CO2MEX,1,2038,0.2706
GLOBAL,PWRCOAMEXXX,CO2MEX,1,2039,0.2706
GLOBAL,PWRCOAMEXXX,CO2MEX,1,2040,0.2706
GLOBAL,PWRCOAMEXXX,CO2MEX,1,2041,0.2706
GLOBAL,PWRCOAMEXXX,CO2MEX,1,2042,0.2706
GLOBAL,PWRCOAMEXXX,CO2MEX,1,2043,0.2706
GLOBAL,PWRCOAMEXXX,CO2MEX,1,2044,0.2706
GLOBAL,PWRCOAMEXXX,CO2MEX,1,2045,0.2706
GLOBAL,PWRCOAMEXXX,CO2MEX,1,2046,0.2706
GLOBAL,PWRCOAMEXXX,CO2MEX,1,2047,0.2706
GLOBAL,PWRCOAMEXXX,CO2MEX,1,2048,0.2706
GLOBAL,PWRCOAMEXXX,CO2MEX,1,2049,0.2706
GLOBAL,PWRCOAMEXXX,CO2MEX,1,2050,0.2706
GLOBAL,PWRCOAMEXXX,CO2MEX,2,2023,0.2706
GLOBAL,PWRCOAMEXXX,CO2MEX,2,2024,0.2706
GLOBAL,PWRCOAMEXXX,CO2MEX,2,2025,0.2706
GLOBAL,PWRCOAMEXXX,CO2MEX,2,2026,0.2706
GLOBAL,PWRCOAMEXXX,CO2MEX,2,2027,0.2706
GLOBAL,PWRCOAMEXXX,CO2MEX,2,2028,0.2706
GLOBAL,PWRCOAMEXXX,CO2MEX,2,2029,0.2706
GLOBAL,PWRCOAMEXXX,CO2MEX,2,2030,0.2706
GLOBAL,PWRCOAMEXXX,CO2MEX,2,2031,0.2706
GLOBAL,PWRCOAMEXXX,CO2MEX,2,2032,0.2706
GLOBAL,PWRCOAMEXXX,CO2MEX,2,2033,0.2706
GLOBAL,PWRCOAMEXXX,CO2MEX,2,2034,0.2706
GLOBAL,PWRCOAMEXXX,CO2MEX,2,2035,0.2706
GLOBAL,PWRCOAMEXXX,CO2MEX,2,2036,0.2706
GLOBAL,PWRCOAMEXXX,CO2MEX,2,2037,0.2706
GLOBAL,PWRCOAMEXXX,CO2MEX,2,2038,0.2706
GLOBAL,PWRCOAMEXXX,CO2MEX,2,2039,0.2706
GLOBAL,PWRCOAMEXXX,CO2MEX,2,2040,0.2706
GLOBAL,PWRCOAMEXXX,CO2MEX,2,2041,0.2706
GLOBAL,PWRCOAMEXXX,CO2MEX,2,2042,0.2706
GLOBAL,PWRCOAMEXXX,CO2MEX,2,2043,0.2706
GLOBAL,PWRCOAMEXXX,CO2MEX,2,2044,0.2706
GLOBAL,PWRCOAMEXXX,CO2MEX,2,2045,0.2706
GLOBAL,PWRCOAMEXXX,CO2MEX,2,2046,0.2706
GLOBAL,PWRCOAMEXXX,CO2MEX,2,2047,0.2706
GLOBAL,PWRCOAMEXXX,CO2MEX,2,2048,0.2706
GLOBAL,PWRCOAMEXXX,CO2MEX,2,2049,0.2706
GLOBAL,PWRCOAMEXXX,CO2MEX,2,2050,0.2706
GLOBAL,PWRCOANICXX,CO2NIC,1,2023,0.2724
GLOBAL,PWRCOANICXX,CO2NIC,1,2024,0.2724
GLOBAL,PWRCOANICXX,CO2NIC,1,2025,0.2724
GLOBAL,PWRCOANICXX,CO2NIC,1,2026,0.2724
GLOBAL,PWRCOANICXX,CO2NIC,1,2027,0.2724
GLOBAL,PWRCOANICXX,CO2NIC,1,2028,0.2724
GLOBAL,PWRCOANICXX,CO2NIC,1,2029,0.2724
GLOBAL,PWRCOANICXX,CO2NIC,1,2030,0.2724
GLOBAL,PWRCOANICXX,CO2NIC,1,2031,0.2724
GLOBAL,PWRCOANICXX,CO2NIC,1,2032,0.2724
GLOBAL,PWRCOANICXX,CO2NIC,1,2033,0.2724
GLOBAL,PWRCOANICXX,CO2NIC,1,2034,0.2724
GLOBAL,PWRCOANICXX,CO2NIC,1,2035,0.2724
GLOBAL,PWRCOANICXX,CO2NIC,1,2036,0.2724
GLOBAL,PWRCOANICXX,CO2NIC,1,2037,0.2724
GLOBAL,PWRCOANICXX,CO2NIC,1,2038,0.2724
GLOBAL,PWRCOANICXX,CO2NIC,1,2039,0.2724
GLOBAL,PWRCOANICXX,CO2NIC,1,2040,0.2724
GLOBAL,PWRCOANICXX,CO2NIC,1,2041,0.2724
GLOBAL,PWRCOANICXX,CO2NIC,1,2042,0.2724
GLOBAL,PWRCOANICXX,CO2NIC,1,2043,0.2724
GLOBAL,PWRCOANICXX,CO2NIC,1,2044,0.2724
GLOBAL,PWRCOANICXX,CO2NIC,1,2045,0.2724
GLOBAL,PWRCOANICXX,CO2NIC,1,2046,0.2724
GLOBAL,PWRCOANICXX,CO2NIC,1,2047,0.2724
GLOBAL,PWRCOANICXX,CO2NIC,1,2048,0.2724
GLOBAL,PWRCOANICXX,CO2NIC,1,2049,0.2724
GLOBAL,PWRCOANICXX,CO2NIC,1,2050,0.2724
GLOBAL,PWRCOANICXX,CO2NIC,2,2023,0.2724
GLOBAL,PWRCOANICXX,CO2NIC,2,2024,0.2724
GLOBAL,PWRCOANICXX,CO2NIC,2,2025,0.2724
GLOBAL,PWRCOANICXX,CO2NIC,2,2026,0.2724
GLOBAL,PWRCOANICXX,CO2NIC,2,2027,0.2724
GLOBAL,PWRCOANICXX,CO2NIC,2,2028,0.2724
GLOBAL,PWRCOANICXX,CO2NIC,2,2029,0.2724
GLOBAL,PWRCOANICXX,CO2NIC,2,2030,0.2724
GLOBAL,PWRCOANICXX,CO2NIC,2,2031,0.2724
GLOBAL,PWRCOANICXX,CO2NIC,2,2032,0.2724
GLOBAL,PWRCOANICXX,CO2NIC,2,2033,0.2724
GLOBAL,PWRCOANICXX,CO2NIC,2,2034,0.2724
GLOBAL,PWRCOANICXX,CO2NIC,2,2035,0.2724
GLOBAL,PWRCOANICXX,CO2NIC,2,2036,0.2724
GLOBAL,PWRCOANICXX,CO2NIC,2,2037,0.2724
GLOBAL,PWRCOANICXX,CO2NIC,2,2038,0.2724
GLOBAL,PWRCOANICXX,CO2NIC,2,2039,0.2724
GLOBAL,PWRCOANICXX,CO2NIC,2,2040,0.2724
GLOBAL,PWRCOANICXX,CO2NIC,2,2041,0.2724
GLOBAL,PWRCOANICXX,CO2NIC,2,2042,0.2724
GLOBAL,PWRCOANICXX,CO2NIC,2,2043,0.2724
GLOBAL,PWRCOANICXX,CO2NIC,2,2044,0.2724
GLOBAL,PWRCOANICXX,CO2NIC,2,2045,0.2724
GLOBAL,PWRCOANICXX,CO2NIC,2,2046,0.2724
GLOBAL,PWRCOANICXX,CO2NIC,2,2047,0.2724
GLOBAL,PWRCOANICXX,CO2NIC,2,2048,0.2724
GLOBAL,PWRCOANICXX,CO2NIC,2,2049,0.2724
GLOBAL,PWRCOANICXX,CO2NIC,2,2050,0.2724
GLOBAL,PWRCOAPANXX,CO2PAN,1,2023,0.2771
GLOBAL,PWRCOAPANXX,CO2PAN,1,2024,0.2771
GLOBAL,PWRCOAPANXX,CO2PAN,1,2025,0.2771
GLOBAL,PWRCOAPANXX,CO2PAN,1,2026,0.2771
GLOBAL,PWRCOAPANXX,CO2PAN,1,2027,0.2771
GLOBAL,PWRCOAPANXX,CO2PAN,1,2028,0.2771
GLOBAL,PWRCOAPANXX,CO2PAN,1,2029,0.2771
GLOBAL,PWRCOAPANXX,CO2PAN,1,2030,0.2771
GLOBAL,PWRCOAPANXX,CO2PAN,1,2031,0.2771
GLOBAL,PWRCOAPANXX,CO2PAN,1,2032,0.2771
GLOBAL,PWRCOAPANXX,CO2PAN,1,2033,0.2771
GLOBAL,PWRCOAPANXX,CO2PAN,1,2034,0.2771
GLOBAL,PWRCOAPANXX,CO2PAN,1,2035,0.2771
GLOBAL,PWRCOAPANXX,CO2PAN,1,2036,0.2771
GLOBAL,PWRCOAPANXX,CO2PAN,1,2037,0.2771
GLOBAL,PWRCOAPANXX,CO2PAN,1,2038,0.2771
GLOBAL,PWRCOAPANXX,CO2PAN,1,2039,0.2771
GLOBAL,PWRCOAPANXX,CO2PAN,1,2040,0.2771
GLOBAL,PWRCOAPANXX,CO2PAN,1,2041,0.2771
GLOBAL,PWRCOAPANXX,CO2PAN,1,2042,0.2771
GLOBAL,PWRCOAPANXX,CO2PAN,1,2043,0.2771
GLOBAL,PWRCOAPANXX,CO2PAN,1,2044,0.2771
GLOBAL,PWRCOAPANXX,CO2PAN,1,2045,0.2771
GLOBAL,PWRCOAPANXX,CO2PAN,1,2046,0.2771
GLOBAL,PWRCOAPANXX,CO2PAN,1,2047,0.2771
GLOBAL,PWRCOAPANXX,CO2PAN,1,2048,0.2771
GLOBAL,PWRCOAPANXX,CO2PAN,1,2049,0.2771
GLOBAL,PWRCOAPANXX,CO2PAN,1,2050,0.2771
GLOBAL,PWRCOAPANXX,CO2PAN,2,2023,0.2771
GLOBAL,PWRCOAPANXX,CO2PAN,2,2024,0.2771
GLOBAL,PWRCOAPANXX,CO2PAN,2,2025,0.2771
GLOBAL,PWRCOAPANXX,CO2PAN,2,2026,0.2771
GLOBAL,PWRCOAPANXX,CO2PAN,2,2027,0.2771
GLOBAL,PWRCOAPANXX,CO2PAN,2,2028,0.2771
GLOBAL,PWRCOAPANXX,CO2PAN,2,2029,0.2771
GLOBAL,PWRCOAPANXX,CO2PAN,2,2030,0.2771
GLOBAL,PWRCOAPANXX,CO2PAN,2,2031,0.2771
GLOBAL,PWRCOAPANXX,CO2PAN,2,2032,0.2771
GLOBAL,PWRCOAPANXX,CO2PAN,2,2033,0.2771
GLOBAL,PWRCOAPANXX,CO2PAN,2,2034,0.2771
GLOBAL,PWRCOAPANXX,CO2PAN,2,2035,0.2771
GLOBAL,PWRCOAPANXX,CO2PAN,2,2036,0.2771
GLOBAL,PWRCOAPANXX,CO2PAN,2,2037,0.2771
GLOBAL,PWRCOAPANXX,CO2PAN,2,2038,0.2771
GLOBAL,PWRCOAPANXX,CO2PAN,2,2039,0.2771
GLOBAL,PWRCOAPANXX,CO2PAN,2,2040,0.2771
GLOBAL,PWRCOAPANXX,CO2PAN,2,2041,0.2771
GLOBAL,PWRCOAPANXX,CO2PAN,2,2042,0.2771
GLOBAL,PWRCOAPANXX,CO2PAN,2,2043,0.2771
GLOBAL,PWRCOAPANXX,CO2PAN,2,2044,0.2771
GLOBAL,PWRCOAPANXX,CO2PAN,2,2045,0.2771
GLOBAL,PWRCOAPANXX,CO2PAN,2,2046,0.2771
GLOBAL,PWRCOAPANXX,CO2PAN,2,2047,0.2771
GLOBAL,PWRCOAPANXX,CO2PAN,2,2048,0.2771
GLOBAL,PWRCOAPANXX,CO2PAN,2,2049,0.2771
GLOBAL,PWRCOAPANXX,CO2PAN,2,2050,0.2771
GLOBAL,PWRCOAPERXX,CO2PER,1,2023,0.278
GLOBAL,PWRCOAPERXX,CO2PER,1,2024,0.278
GLOBAL,PWRCOAPERXX,CO2PER,1,2025,0.278
GLOBAL,PWRCOAPERXX,CO2PER,1,2026,0.278
GLOBAL,PWRCOAPERXX,CO2PER,1,2027,0.278
GLOBAL,PWRCOAPERXX,CO2PER,1,2028,0.278
GLOBAL,PWRCOAPERXX,CO2PER,1,2029,0.278
GLOBAL,PWRCOAPERXX,CO2PER,1,2030,0.278
GLOBAL,PWRCOAPERXX,CO2PER,1,2031,0.278
GLOBAL,PWRCOAPERXX,CO2PER,1,2032,0.278
GLOBAL,PWRCOAPERXX,CO2PER,1,2033,0.278
GLOBAL,PWRCOAPERXX,CO2PER,1,2034,0.278
GLOBAL,PWRCOAPERXX,CO2PER,1,2035,0.278
GLOBAL,PWRCOAPERXX,CO2PER,1,2036,0.278
GLOBAL,PWRCOAPERXX,CO2PER,1,2037,0.278
GLOBAL,PWRCOAPERXX,CO2PER,1,2038,0.278
GLOBAL,PWRCOAPERXX,CO2PER,1,2039,0.278
GLOBAL,PWRCOAPERXX,CO2PER,1,2040,0.278
GLOBAL,PWRCOAPERXX,CO2PER,1,2041,0.278
GLOBAL,PWRCOAPERXX,CO2PER,1,2042,0.278
GLOBAL,PWRCOAPERXX,CO2PER,1,2043,0.278
GLOBAL,PWRCOAPERXX,CO2PER,1,2044,0.278
GLOBAL,PWRCOAPERXX,CO2PER,1,2045,0.278
GLOBAL,PWRCOAPERXX,CO2PER,1,2046,0.278
GLOBAL,PWRCOAPERXX,CO2PER,1,2047,0.278
GLOBAL,PWRCOAPERXX,CO2PER,1,2048,0.278
GLOBAL,PWRCOAPERXX,CO2PER,1,2049,0.278
GLOBAL,PWRCOAPERXX,CO2PER,1,2050,0.278
GLOBAL,PWRCOAPERXX,CO2PER,2,2023,0.278
GLOBAL,PWRCOAPERXX,CO2PER,2,2024,0.278
GLOBAL,PWRCOAPERXX,CO2PER,2,2025,0.278
GLOBAL,PWRCOAPERXX,CO2PER,2,2026,0.278
GLOBAL,PWRCOAPERXX,CO2PER,2,2027,0.278
GLOBAL,PWRCOAPERXX,CO2PER,2,2028,0.278
GLOBAL,PWRCOAPERXX,CO2PER,2,2029,0.278
GLOBAL,PWRCOAPERXX,CO2PER,2,2030,0.278
GLOBAL,PWRCOAPERXX,CO2PER,2,2031,0.278
GLOBAL,PWRCOAPERXX,CO2PER,2,2032,0.278
GLOBAL,PWRCOAPERXX,CO2PER,2,2033,0.278
GLOBAL,PWRCOAPERXX,CO2PER,2,2034,0.278
GLOBAL,PWRCOAPERXX,CO2PER,2,2035,0.278
GLOBAL,PWRCOAPERXX,CO2PER,2,2036,0.278
GLOBAL,PWRCOAPERXX,CO2PER,2,2037,0.278
GLOBAL,PWRCOAPERXX,CO2PER,2,2038,0.278
GLOBAL,PWRCOAPERXX,CO2PER,2,2039,0.278
GLOBAL,PWRCOAPERXX,CO2PER,2,2040,0.278
GLOBAL,PWRCOAPERXX,CO2PER,2,2041,0.278
GLOBAL,PWRCOAPERXX,CO2PER,2,2042,0.278
GLOBAL,PWRCOAPERXX,CO2PER,2,2043,0.278
GLOBAL,PWRCOAPERXX,CO2PER,2,2044,0.278
GLOBAL,PWRCOAPERXX,CO2PER,2,2045,0.278
GLOBAL,PWRCOAPERXX,CO2PER,2,2046,0.278
GLOBAL,PWRCOAPERXX,CO2PER,2,2047,0.278
GLOBAL,PWRCOAPERXX,CO2PER,2,2048,0.278
GLOBAL,PWRCOAPERXX,CO2PER,2,2049,0.278
GLOBAL,PWRCOAPERXX,CO2PER,2,2050,0.278
GLOBAL,PWRCOAPRYXX,CO2PRY,1,2023,0.2724
GLOBAL,PWRCOAPRYXX,CO2PRY,1,2024,0.2724
GLOBAL,PWRCOAPRYXX,CO2PRY,1,2025,0.2724
GLOBAL,PWRCOAPRYXX,CO2PRY,1,2026,0.2724
GLOBAL,PWRCOAPRYXX,CO2PRY,1,2027,0.2724
GLOBAL,PWRCOAPRYXX,CO2PRY,1,2028,0.2724
GLOBAL,PWRCOAPRYXX,CO2PRY,1,2029,0.2724
GLOBAL,PWRCOAPRYXX,CO2PRY,1,2030,0.2724
GLOBAL,PWRCOAPRYXX,CO2PRY,1,2031,0.2724
GLOBAL,PWRCOAPRYXX,CO2PRY,1,2032,0.2724
GLOBAL,PWRCOAPRYXX,CO2PRY,1,2033,0.2724
GLOBAL,PWRCOAPRYXX,CO2PRY,1,2034,0.2724
GLOBAL,PWRCOAPRYXX,CO2PRY,1,2035,0.2724
GLOBAL,PWRCOAPRYXX,CO2PRY,1,2036,0.2724
GLOBAL,PWRCOAPRYXX,CO2PRY,1,2037,0.2724
GLOBAL,PWRCOAPRYXX,CO2PRY,1,2038,0.2724
GLOBAL,PWRCOAPRYXX,CO2PRY,1,2039,0.2724
GLOBAL,PWRCOAPRYXX,CO2PRY,1,2040,0.2724
GLOBAL,PWRCOAPRYXX,CO2PRY,1,2041,0.2724
GLOBAL,PWRCOAPRYXX,CO2PRY,1,2042,0.2724
GLOBAL,PWRCOAPRYXX,CO2PRY,1,2043,0.2724
GLOBAL,PWRCOAPRYXX,CO2PRY,1,2044,0.2724
GLOBAL,PWRCOAPRYXX,CO2PRY,1,2045,0.2724
GLOBAL,PWRCOAPRYXX,CO2PRY,1,2046,0.2724
GLOBAL,PWRCOAPRYXX,CO2PRY,1,2047,0.2724
GLOBAL,PWRCOAPRYXX,CO2PRY,1,2048,0.2724
GLOBAL,PWRCOAPRYXX,CO2PRY,1,2049,0.2724
GLOBAL,PWRCOAPRYXX,CO2PRY,1,2050,0.2724
GLOBAL,PWRCOAPRYXX,CO2PRY,2,2023,0.2724
GLOBAL,PWRCOAPRYXX,CO2PRY,2,2024,0.2724
GLOBAL,PWRCOAPRYXX,CO2PRY,2,2025,0.2724
GLOBAL,PWRCOAPRYXX,CO2PRY,2,2026,0.2724
GLOBAL,PWRCOAPRYXX,CO2PRY,2,2027,0.2724
GLOBAL,PWRCOAPRYXX,CO2PRY,2,2028,0.2724
GLOBAL,PWRCOAPRYXX,CO2PRY,2,2029,0.2724
GLOBAL,PWRCOAPRYXX,CO2PRY,2,2030,0.2724
GLOBAL,PWRCOAPRYXX,CO2PRY,2,2031,0.2724
GLOBAL,PWRCOAPRYXX,CO2PRY,2,2032,0.2724
GLOBAL,PWRCOAPRYXX,CO2PRY,2,2033,0.2724
GLOBAL,PWRCOAPRYXX,CO2PRY,2,2034,0.2724
GLOBAL,PWRCOAPRYXX,CO2PRY,2,2035,0.2724
GLOBAL,PWRCOAPRYXX,CO2PRY,2,2036,0.2724
GLOBAL,PWRCOAPRYXX,CO2PRY,2,2037,0.2724
GLOBAL,PWRCOAPRYXX,CO2PRY,2,2038,0.2724
GLOBAL,PWRCOAPRYXX,CO2PRY,2,2039,0.2724
GLOBAL,PWRCOAPRYXX,CO2PRY,2,2040,0.2724
GLOBAL,PWRCOAPRYXX,CO2PRY,2,2041,0.2724
GLOBAL,PWRCOAPRYXX,CO2PRY,2,2042,0.2724
GLOBAL,PWRCOAPRYXX,CO2PRY,2,2043,0.2724
GLOBAL,PWRCOAPRYXX,CO2PRY,2,2044,0.2724
GLOBAL,PWRCOAPRYXX,CO2PRY,2,2045,0.2724
GLOBAL,PWRCOAPRYXX,CO2PRY,2,2046,0.2724
GLOBAL,PWRCOAPRYXX,CO2PRY,2,2047,0.2724
GLOBAL,PWRCOAPRYXX,CO2PRY,2,2048,0.2724
GLOBAL,PWRCOAPRYXX,CO2PRY,2,2049,0.2724
GLOBAL,PWRCOAPRYXX,CO2PRY,2,2050,0.2724
GLOBAL,PWRCOASLVXX,CO2SLV,1,2023,0.2724
GLOBAL,PWRCOASLVXX,CO2SLV,1,2024,0.2724
GLOBAL,PWRCOASLVXX,CO2SLV,1,2025,0.2724
GLOBAL,PWRCOASLVXX,CO2SLV,1,2026,0.2724
GLOBAL,PWRCOASLVXX,CO2SLV,1,2027,0.2724
GLOBAL,PWRCOASLVXX,CO2SLV,1,2028,0.2724
GLOBAL,PWRCOASLVXX,CO2SLV,1,2029,0.2724
GLOBAL,PWRCOASLVXX,CO2SLV,1,2030,0.2724
GLOBAL,PWRCOASLVXX,CO2SLV,1,2031,0.2724
GLOBAL,PWRCOASLVXX,CO2SLV,1,2032,0.2724
GLOBAL,PWRCOASLVXX,CO2SLV,1,2033,0.2724
GLOBAL,PWRCOASLVXX,CO2SLV,1,2034,0.2724
GLOBAL,PWRCOASLVXX,CO2SLV,1,2035,0.2724
GLOBAL,PWRCOASLVXX,CO2SLV,1,2036,0.2724
GLOBAL,PWRCOASLVXX,CO2SLV,1,2037,0.2724
GLOBAL,PWRCOASLVXX,CO2SLV,1,2038,0.2724
GLOBAL,PWRCOASLVXX,CO2SLV,1,2039,0.2724
GLOBAL,PWRCOASLVXX,CO2SLV,1,2040,0.2724
GLOBAL,PWRCOASLVXX,CO2SLV,1,2041,0.2724
GLOBAL,PWRCOASLVXX,CO2SLV,1,2042,0.2724
GLOBAL,PWRCOASLVXX,CO2SLV,1,2043,0.2724
GLOBAL,PWRCOASLVXX,CO2SLV,1,2044,0.2724
GLOBAL,PWRCOASLVXX,CO2SLV,1,2045,0.2724
GLOBAL,PWRCOASLVXX,CO2SLV,1,2046,0.2724
GLOBAL,PWRCOASLVXX,CO2SLV,1,2047,0.2724
GLOBAL,PWRCOASLVXX,CO2SLV,1,2048,0.2724
GLOBAL,PWRCOASLVXX,CO2SLV,1,2049,0.2724
GLOBAL,PWRCOASLVXX,CO2SLV,1,2050,0.2724
GLOBAL,PWRCOASLVXX,CO2SLV,2,2023,0.2724
GLOBAL,PWRCOASLVXX,CO2SLV,2,2024,0.2724
GLOBAL,PWRCOASLVXX,CO2SLV,2,2025,0.2724
GLOBAL,PWRCOASLVXX,CO2SLV,2,2026,0.2724
GLOBAL,PWRCOASLVXX,CO2SLV,2,2027,0.2724
GLOBAL,PWRCOASLVXX,CO2SLV,2,2028,0.2724
GLOBAL,PWRCOASLVXX,CO2SLV,2,2029,0.2724
GLOBAL,PWRCOASLVXX,CO2SLV,2,2030,0.2724
GLOBAL,PWRCOASLVXX,CO2SLV,2,2031,0.2724
GLOBAL,PWRCOASLVXX,CO2SLV,2,2032,0.2724
GLOBAL,PWRCOASLVXX,CO2SLV,2,2033,0.2724
GLOBAL,PWRCOASLVXX,CO2SLV,2,2034,0.2724
GLOBAL,PWRCOASLVXX,CO2SLV,2,2035,0.2724
GLOBAL,PWRCOASLVXX,CO2SLV,2,2036,0.2724
GLOBAL,PWRCOASLVXX,CO2SLV,2,2037,0.2724
GLOBAL,PWRCOASLVXX,CO2SLV,2,2038,0.2724
GLOBAL,PWRCOASLVXX,CO2SLV,2,2039,0.2724
GLOBAL,PWRCOASLVXX,CO2SLV,2,2040,0.2724
GLOBAL,PWRCOASLVXX,CO2SLV,2,2041,0.2724
GLOBAL,PWRCOASLVXX,CO2SLV,2,2042,0.2724
GLOBAL,PWRCOASLVXX,CO2SLV,2,2043,0.2724
GLOBAL,PWRCOASLVXX,CO2SLV,2,2044,0.2724
GLOBAL,PWRCOASLVXX,CO2SLV,2,2045,0.2724
GLOBAL,PWRCOASLVXX,CO2SLV,2,2046,0.2724
GLOBAL,PWRCOASLVXX,CO2SLV,2,2047,0.2724
GLOBAL,PWRCOASLVXX,CO2SLV,2,2048,0.2724
GLOBAL,PWRCOASLVXX,CO2SLV,2,2049,0.2724
GLOBAL,PWRCOASLVXX,CO2SLV,2,2050,0.2724
GLOBAL,PWRCOAURYXX,CO2URY,1,2023,0.2724
GLOBAL,PWRCOAURYXX,CO2URY,1,2024,0.2724
GLOBAL,PWRCOAURYXX,CO2URY,1,2025,0.2724
GLOBAL,PWRCOAURYXX,CO2URY,1,2026,0.2724
GLOBAL,PWRCOAURYXX,CO2URY,1,2027,0.2724
GLOBAL,PWRCOAURYXX,CO2URY,1,2028,0.2724
GLOBAL,PWRCOAURYXX,CO2URY,1,2029,0.2724
GLOBAL,PWRCOAURYXX,CO2URY,1,2030,0.2724
GLOBAL,PWRCOAURYXX,CO2URY,1,2031,0.2724
GLOBAL,PWRCOAURYXX,CO2URY,1,2032,0.2724
GLOBAL,PWRCOAURYXX,CO2URY,1,2033,0.2724
GLOBAL,PWRCOAURYXX,CO2URY,1,2034,0.2724
GLOBAL,PWRCOAURYXX,CO2URY,1,2035,0.2724
GLOBAL,PWRCOAURYXX,CO2URY,1,2036,0.2724
GLOBAL,PWRCOAURYXX,CO2URY,1,2037,0.2724
GLOBAL,PWRCOAURYXX,CO2URY,1,2038,0.2724
GLOBAL,PWRCOAURYXX,CO2URY,1,2039,0.2724
GLOBAL,PWRCOAURYXX,CO2URY,1,2040,0.2724
GLOBAL,PWRCOAURYXX,CO2URY,1,2041,0.2724
GLOBAL,PWRCOAURYXX,CO2URY,1,2042,0.2724
GLOBAL,PWRCOAURYXX,CO2URY,1,2043,0.2724
GLOBAL,PWRCOAURYXX,CO2URY,1,2044,0.2724
GLOBAL,PWRCOAURYXX,CO2URY,1,2045,0.2724
GLOBAL,PWRCOAURYXX,CO2URY,1,2046,0.2724
GLOBAL,PWRCOAURYXX,CO2URY,1,2047,0.2724
GLOBAL,PWRCOAURYXX,CO2URY,1,2048,0.2724
GLOBAL,PWRCOAURYXX,CO2URY,1,2049,0.2724
GLOBAL,PWRCOAURYXX,CO2URY,1,2050,0.2724
GLOBAL,PWRCOAURYXX,CO2URY,2,2023,0.2724
GLOBAL,PWRCOAURYXX,CO2URY,2,2024,0.2724
GLOBAL,PWRCOAURYXX,CO2URY,2,2025,0.2724
GLOBAL,PWRCOAURYXX,CO2URY,2,2026,0.2724
GLOBAL,PWRCOAURYXX,CO2URY,2,2027,0.2724
GLOBAL,PWRCOAURYXX,CO2URY,2,2028,0.2724
GLOBAL,PWRCOAURYXX,CO2URY,2,2029,0.2724
GLOBAL,PWRCOAURYXX,CO2URY,2,2030,0.2724
GLOBAL,PWRCOAURYXX,CO2URY,2,2031,0.2724
GLOBAL,PWRCOAURYXX,CO2URY,2,2032,0.2724
GLOBAL,PWRCOAURYXX,CO2URY,2,2033,0.2724
GLOBAL,PWRCOAURYXX,CO2URY,2,2034,0.2724
GLOBAL,PWRCOAURYXX,CO2URY,2,2035,0.2724
GLOBAL,PWRCOAURYXX,CO2URY,2,2036,0.2724
GLOBAL,PWRCOAURYXX,CO2URY,2,2037,0.2724
GLOBAL,PWRCOAURYXX,CO2URY,2,2038,0.2724
GLOBAL,PWRCOAURYXX,CO2URY,2,2039,0.2724
GLOBAL,PWRCOAURYXX,CO2URY,2,2040,0.2724
GLOBAL,PWRCOAURYXX,CO2URY,2,2041,0.2724
GLOBAL,PWRCOAURYXX,CO2URY,2,2042,0.2724
GLOBAL,PWRCOAURYXX,CO2URY,2,2043,0.2724
GLOBAL,PWRCOAURYXX,CO2URY,2,2044,0.2724
GLOBAL,PWRCOAURYXX,CO2URY,2,2045,0.2724
GLOBAL,PWRCOAURYXX,CO2URY,2,2046,0.2724
GLOBAL,PWRCOAURYXX,CO2URY,2,2047,0.2724
GLOBAL,PWRCOAURYXX,CO2URY,2,2048,0.2724
GLOBAL,PWRCOAURYXX,CO2URY,2,2049,0.2724
GLOBAL,PWRCOAURYXX,CO2URY,2,2050,0.2724
GLOBAL,PWRCOGARGXX,CO2ARG,1,2023,0.2724
GLOBAL,PWRCOGARGXX,CO2ARG,1,2024,0.2724
GLOBAL,PWRCOGARGXX,CO2ARG,1,2025,0.2724
GLOBAL,PWRCOGARGXX,CO2ARG,1,2026,0.2724
GLOBAL,PWRCOGARGXX,CO2ARG,1,2027,0.2724
GLOBAL,PWRCOGARGXX,CO2ARG,1,2028,0.2724
GLOBAL,PWRCOGARGXX,CO2ARG,1,2029,0.2724
GLOBAL,PWRCOGARGXX,CO2ARG,1,2030,0.2724
GLOBAL,PWRCOGARGXX,CO2ARG,1,2031,0.2724
GLOBAL,PWRCOGARGXX,CO2ARG,1,2032,0.2724
GLOBAL,PWRCOGARGXX,CO2ARG,1,2033,0.2724
GLOBAL,PWRCOGARGXX,CO2ARG,1,2034,0.2724
GLOBAL,PWRCOGARGXX,CO2ARG,1,2035,0.2724
GLOBAL,PWRCOGARGXX,CO2ARG,1,2036,0.2724
GLOBAL,PWRCOGARGXX,CO2ARG,1,2037,0.2724
GLOBAL,PWRCOGARGXX,CO2ARG,1,2038,0.2724
GLOBAL,PWRCOGARGXX,CO2ARG,1,2039,0.2724
GLOBAL,PWRCOGARGXX,CO2ARG,1,2040,0.2724
GLOBAL,PWRCOGARGXX,CO2ARG,1,2041,0.2724
GLOBAL,PWRCOGARGXX,CO2ARG,1,2042,0.2724
GLOBAL,PWRCOGARGXX,CO2ARG,1,2043,0.2724
GLOBAL,PWRCOGARGXX,CO2ARG,1,2044,0.2724
GLOBAL,PWRCOGARGXX,CO2ARG,1,2045,0.2724
GLOBAL,PWRCOGARGXX,CO2ARG,1,2046,0.2724
GLOBAL,PWRCOGARGXX,CO2ARG,1,2047,0.2724
GLOBAL,PWRCOGARGXX,CO2ARG,1,2048,0.2724
GLOBAL,PWRCOGARGXX,CO2ARG,1,2049,0.2724
GLOBAL,PWRCOGARGXX,CO2ARG,1,2050,0.2724
GLOBAL,PWRCOGARGXX,CO2ARG,2,2023,0.2724
GLOBAL,PWRCOGARGXX,CO2ARG,2,2024,0.2724
GLOBAL,PWRCOGARGXX,CO2ARG,2,2025,0.2724
GLOBAL,PWRCOGARGXX,CO2ARG,2,2026,0.2724
GLOBAL,PWRCOGARGXX,CO2ARG,2,2027,0.2724
GLOBAL,PWRCOGARGXX,CO2ARG,2,2028,0.2724
GLOBAL,PWRCOGARGXX,CO2ARG,2,2029,0.2724
GLOBAL,PWRCOGARGXX,CO2ARG,2,2030,0.2724
GLOBAL,PWRCOGARGXX,CO2ARG,2,2031,0.2724
GLOBAL,PWRCOGARGXX,CO2ARG,2,2032,0.2724
GLOBAL,PWRCOGARGXX,CO2ARG,2,2033,0.2724
GLOBAL,PWRCOGARGXX,CO2ARG,2,2034,0.2724
GLOBAL,PWRCOGARGXX,CO2ARG,2,2035,0.2724
GLOBAL,PWRCOGARGXX,CO2ARG,2,2036,0.2724
GLOBAL,PWRCOGARGXX,CO2ARG,2,2037,0.2724
GLOBAL,PWRCOGARGXX,CO2ARG,2,2038,0.2724
GLOBAL,PWRCOGARGXX,CO2ARG,2,2039,0.2724
GLOBAL,PWRCOGARGXX,CO2ARG,2,2040,0.2724
GLOBAL,PWRCOGARGXX,CO2ARG,2,2041,0.2724
GLOBAL,PWRCOGARGXX,CO2ARG,2,2042,0.2724
GLOBAL,PWRCOGARGXX,CO2ARG,2,2043,0.2724
GLOBAL,PWRCOGARGXX,CO2ARG,2,2044,0.2724
GLOBAL,PWRCOGARGXX,CO2ARG,2,2045,0.2724
GLOBAL,PWRCOGARGXX,CO2ARG,2,2046,0.2724
GLOBAL,PWRCOGARGXX,CO2ARG,2,2047,0.2724
GLOBAL,PWRCOGARGXX,CO2ARG,2,2048,0.2724
GLOBAL,PWRCOGARGXX,CO2ARG,2,2049,0.2724
GLOBAL,PWRCOGARGXX,CO2ARG,2,2050,0.2724
GLOBAL,PWRCOGBOLXX,CO2BOL,1,2023,0.2724
GLOBAL,PWRCOGBOLXX,CO2BOL,1,2024,0.2724
GLOBAL,PWRCOGBOLXX,CO2BOL,1,2025,0.2724
GLOBAL,PWRCOGBOLXX,CO2BOL,1,2026,0.2724
GLOBAL,PWRCOGBOLXX,CO2BOL,1,2027,0.2724
GLOBAL,PWRCOGBOLXX,CO2BOL,1,2028,0.2724
GLOBAL,PWRCOGBOLXX,CO2BOL,1,2029,0.2724
GLOBAL,PWRCOGBOLXX,CO2BOL,1,2030,0.2724
GLOBAL,PWRCOGBOLXX,CO2BOL,1,2031,0.2724
GLOBAL,PWRCOGBOLXX,CO2BOL,1,2032,0.2724
GLOBAL,PWRCOGBOLXX,CO2BOL,1,2033,0.2724
GLOBAL,PWRCOGBOLXX,CO2BOL,1,2034,0.2724
GLOBAL,PWRCOGBOLXX,CO2BOL,1,2035,0.2724
GLOBAL,PWRCOGBOLXX,CO2BOL,1,2036,0.2724
GLOBAL,PWRCOGBOLXX,CO2BOL,1,2037,0.2724
GLOBAL,PWRCOGBOLXX,CO2BOL,1,2038,0.2724
GLOBAL,PWRCOGBOLXX,CO2BOL,1,2039,0.2724
GLOBAL,PWRCOGBOLXX,CO2BOL,1,2040,0.2724
GLOBAL,PWRCOGBOLXX,CO2BOL,1,2041,0.2724
GLOBAL,PWRCOGBOLXX,CO2BOL,1,2042,0.2724
GLOBAL,PWRCOGBOLXX,CO2BOL,1,2043,0.2724
GLOBAL,PWRCOGBOLXX,CO2BOL,1,2044,0.2724
GLOBAL,PWRCOGBOLXX,CO2BOL,1,2045,0.2724
GLOBAL,PWRCOGBOLXX,CO2BOL,1,2046,0.2724
GLOBAL,PWRCOGBOLXX,CO2BOL,1,2047,0.2724
GLOBAL,PWRCOGBOLXX,CO2BOL,1,2048,0.2724
GLOBAL,PWRCOGBOLXX,CO2BOL,1,2049,0.2724
GLOBAL,PWRCOGBOLXX,CO2BOL,1,2050,0.2724
GLOBAL,PWRCOGBOLXX,CO2BOL,2,2023,0.2724
GLOBAL,PWRCOGBOLXX,CO2BOL,2,2024,0.2724
GLOBAL,PWRCOGBOLXX,CO2BOL,2,2025,0.2724
GLOBAL,PWRCOGBOLXX,CO2BOL,2,2026,0.2724
GLOBAL,PWRCOGBOLXX,CO2BOL,2,2027,0.2724
GLOBAL,PWRCOGBOLXX,CO2BOL,2,2028,0.2724
GLOBAL,PWRCOGBOLXX,CO2BOL,2,2029,0.2724
GLOBAL,PWRCOGBOLXX,CO2BOL,2,2030,0.2724
GLOBAL,PWRCOGBOLXX,CO2BOL,2,2031,0.2724
GLOBAL,PWRCOGBOLXX,CO2BOL,2,2032,0.2724
GLOBAL,PWRCOGBOLXX,CO2BOL,2,2033,0.2724
GLOBAL,PWRCOGBOLXX,CO2BOL,2,2034,0.2724
GLOBAL,PWRCOGBOLXX,CO2BOL,2,2035,0.2724
GLOBAL,PWRCOGBOLXX,CO2BOL,2,2036,0.2724
GLOBAL,PWRCOGBOLXX,CO2BOL,2,2037,0.2724
GLOBAL,PWRCOGBOLXX,CO2BOL,2,2038,0.2724
GLOBAL,PWRCOGBOLXX,CO2BOL,2,2039,0.2724
GLOBAL,PWRCOGBOLXX,CO2BOL,2,2040,0.2724
GLOBAL,PWRCOGBOLXX,CO2BOL,2,2041,0.2724
GLOBAL,PWRCOGBOLXX,CO2BOL,2,2042,0.2724
GLOBAL,PWRCOGBOLXX,CO2BOL,2,2043,0.2724
GLOBAL,PWRCOGBOLXX,CO2BOL,2,2044,0.2724
GLOBAL,PWRCOGBOLXX,CO2BOL,2,2045,0.2724
GLOBAL,PWRCOGBOLXX,CO2BOL,2,2046,0.2724
GLOBAL,PWRCOGBOLXX,CO2BOL,2,2047,0.2724
GLOBAL,PWRCOGBOLXX,CO2BOL,2,2048,0.2724
GLOBAL,PWRCOGBOLXX,CO2BOL,2,2049,0.2724
GLOBAL,PWRCOGBOLXX,CO2BOL,2,2050,0.2724
GLOBAL,PWRCOGBRAXX,CO2BRA,1,2023,0.2724
GLOBAL,PWRCOGBRAXX,CO2BRA,1,2024,0.2724
GLOBAL,PWRCOGBRAXX,CO2BRA,1,2025,0.2724
GLOBAL,PWRCOGBRAXX,CO2BRA,1,2026,0.2724
GLOBAL,PWRCOGBRAXX,CO2BRA,1,2027,0.2724
GLOBAL,PWRCOGBRAXX,CO2BRA,1,2028,0.2724
GLOBAL,PWRCOGBRAXX,CO2BRA,1,2029,0.2724
GLOBAL,PWRCOGBRAXX,CO2BRA,1,2030,0.2724
GLOBAL,PWRCOGBRAXX,CO2BRA,1,2031,0.2724
GLOBAL,PWRCOGBRAXX,CO2BRA,1,2032,0.2724
GLOBAL,PWRCOGBRAXX,CO2BRA,1,2033,0.2724
GLOBAL,PWRCOGBRAXX,CO2BRA,1,2034,0.2724
GLOBAL,PWRCOGBRAXX,CO2BRA,1,2035,0.2724
GLOBAL,PWRCOGBRAXX,CO2BRA,1,2036,0.2724
GLOBAL,PWRCOGBRAXX,CO2BRA,1,2037,0.2724
GLOBAL,PWRCOGBRAXX,CO2BRA,1,2038,0.2724
GLOBAL,PWRCOGBRAXX,CO2BRA,1,2039,0.2724
GLOBAL,PWRCOGBRAXX,CO2BRA,1,2040,0.2724
GLOBAL,PWRCOGBRAXX,CO2BRA,1,2041,0.2724
GLOBAL,PWRCOGBRAXX,CO2BRA,1,2042,0.2724
GLOBAL,PWRCOGBRAXX,CO2BRA,1,2043,0.2724
GLOBAL,PWRCOGBRAXX,CO2BRA,1,2044,0.2724
GLOBAL,PWRCOGBRAXX,CO2BRA,1,2045,0.2724
GLOBAL,PWRCOGBRAXX,CO2BRA,1,2046,0.2724
GLOBAL,PWRCOGBRAXX,CO2BRA,1,2047,0.2724
GLOBAL,PWRCOGBRAXX,CO2BRA,1,2048,0.2724
GLOBAL,PWRCOGBRAXX,CO2BRA,1,2049,0.2724
GLOBAL,PWRCOGBRAXX,CO2BRA,1,2050,0.2724
GLOBAL,PWRCOGBRAXX,CO2BRA,2,2023,0.2724
GLOBAL,PWRCOGBRAXX,CO2BRA,2,2024,0.2724
GLOBAL,PWRCOGBRAXX,CO2BRA,2,2025,0.2724
GLOBAL,PWRCOGBRAXX,CO2BRA,2,2026,0.2724
GLOBAL,PWRCOGBRAXX,CO2BRA,2,2027,0.2724
GLOBAL,PWRCOGBRAXX,CO2BRA,2,2028,0.2724
GLOBAL,PWRCOGBRAXX,CO2BRA,2,2029,0.2724
GLOBAL,PWRCOGBRAXX,CO2BRA,2,2030,0.2724
GLOBAL,PWRCOGBRAXX,CO2BRA,2,2031,0.2724
GLOBAL,PWRCOGBRAXX,CO2BRA,2,2032,0.2724
GLOBAL,PWRCOGBRAXX,CO2BRA,2,2033,0.2724
GLOBAL,PWRCOGBRAXX,CO2BRA,2,2034,0.2724
GLOBAL,PWRCOGBRAXX,CO2BRA,2,2035,0.2724
GLOBAL,PWRCOGBRAXX,CO2BRA,2,2036,0.2724
GLOBAL,PWRCOGBRAXX,CO2BRA,2,2037,0.2724
GLOBAL,PWRCOGBRAXX,CO2BRA,2,2038,0.2724
GLOBAL,PWRCOGBRAXX,CO2BRA,2,2039,0.2724
GLOBAL,PWRCOGBRAXX,CO2BRA,2,2040,0.2724
GLOBAL,PWRCOGBRAXX,CO2BRA,2,2041,0.2724
GLOBAL,PWRCOGBRAXX,CO2BRA,2,2042,0.2724
GLOBAL,PWRCOGBRAXX,CO2BRA,2,2043,0.2724
GLOBAL,PWRCOGBRAXX,CO2BRA,2,2044,0.2724
GLOBAL,PWRCOGBRAXX,CO2BRA,2,2045,0.2724
GLOBAL,PWRCOGBRAXX,CO2BRA,2,2046,0.2724
GLOBAL,PWRCOGBRAXX,CO2BRA,2,2047,0.2724
GLOBAL,PWRCOGBRAXX,CO2BRA,2,2048,0.2724
GLOBAL,PWRCOGBRAXX,CO2BRA,2,2049,0.2724
GLOBAL,PWRCOGBRAXX,CO2BRA,2,2050,0.2724
GLOBAL,PWRCOGBRBXX,CO2BRB,1,2023,0.2724
GLOBAL,PWRCOGBRBXX,CO2BRB,1,2024,0.2724
GLOBAL,PWRCOGBRBXX,CO2BRB,1,2025,0.2724
GLOBAL,PWRCOGBRBXX,CO2BRB,1,2026,0.2724
GLOBAL,PWRCOGBRBXX,CO2BRB,1,2027,0.2724
GLOBAL,PWRCOGBRBXX,CO2BRB,1,2028,0.2724
GLOBAL,PWRCOGBRBXX,CO2BRB,1,2029,0.2724
GLOBAL,PWRCOGBRBXX,CO2BRB,1,2030,0.2724
GLOBAL,PWRCOGBRBXX,CO2BRB,1,2031,0.2724
GLOBAL,PWRCOGBRBXX,CO2BRB,1,2032,0.2724
GLOBAL,PWRCOGBRBXX,CO2BRB,1,2033,0.2724
GLOBAL,PWRCOGBRBXX,CO2BRB,1,2034,0.2724
GLOBAL,PWRCOGBRBXX,CO2BRB,1,2035,0.2724
GLOBAL,PWRCOGBRBXX,CO2BRB,1,2036,0.2724
GLOBAL,PWRCOGBRBXX,CO2BRB,1,2037,0.2724
GLOBAL,PWRCOGBRBXX,CO2BRB,1,2038,0.2724
GLOBAL,PWRCOGBRBXX,CO2BRB,1,2039,0.2724
GLOBAL,PWRCOGBRBXX,CO2BRB,1,2040,0.2724
GLOBAL,PWRCOGBRBXX,CO2BRB,1,2041,0.2724
GLOBAL,PWRCOGBRBXX,CO2BRB,1,2042,0.2724
GLOBAL,PWRCOGBRBXX,CO2BRB,1,2043,0.2724
GLOBAL,PWRCOGBRBXX,CO2BRB,1,2044,0.2724
GLOBAL,PWRCOGBRBXX,CO2BRB,1,2045,0.2724
GLOBAL,PWRCOGBRBXX,CO2BRB,1,2046,0.2724
GLOBAL,PWRCOGBRBXX,CO2BRB,1,2047,0.2724
GLOBAL,PWRCOGBRBXX,CO2BRB,1,2048,0.2724
GLOBAL,PWRCOGBRBXX,CO2BRB,1,2049,0.2724
GLOBAL,PWRCOGBRBXX,CO2BRB,1,2050,0.2724
GLOBAL,PWRCOGBRBXX,CO2BRB,2,2023,0.2724
GLOBAL,PWRCOGBRBXX,CO2BRB,2,2024,0.2724
GLOBAL,PWRCOGBRBXX,CO2BRB,2,2025,0.2724
GLOBAL,PWRCOGBRBXX,CO2BRB,2,2026,0.2724
GLOBAL,PWRCOGBRBXX,CO2BRB,2,2027,0.2724
GLOBAL,PWRCOGBRBXX,CO2BRB,2,2028,0.2724
GLOBAL,PWRCOGBRBXX,CO2BRB,2,2029,0.2724
GLOBAL,PWRCOGBRBXX,CO2BRB,2,2030,0.2724
GLOBAL,PWRCOGBRBXX,CO2BRB,2,2031,0.2724
GLOBAL,PWRCOGBRBXX,CO2BRB,2,2032,0.2724
GLOBAL,PWRCOGBRBXX,CO2BRB,2,2033,0.2724
GLOBAL,PWRCOGBRBXX,CO2BRB,2,2034,0.2724
GLOBAL,PWRCOGBRBXX,CO2BRB,2,2035,0.2724
GLOBAL,PWRCOGBRBXX,CO2BRB,2,2036,0.2724
GLOBAL,PWRCOGBRBXX,CO2BRB,2,2037,0.2724
GLOBAL,PWRCOGBRBXX,CO2BRB,2,2038,0.2724
GLOBAL,PWRCOGBRBXX,CO2BRB,2,2039,0.2724
GLOBAL,PWRCOGBRBXX,CO2BRB,2,2040,0.2724
GLOBAL,PWRCOGBRBXX,CO2BRB,2,2041,0.2724
GLOBAL,PWRCOGBRBXX,CO2BRB,2,2042,0.2724
GLOBAL,PWRCOGBRBXX,CO2BRB,2,2043,0.2724
GLOBAL,PWRCOGBRBXX,CO2BRB,2,2044,0.2724
GLOBAL,PWRCOGBRBXX,CO2BRB,2,2045,0.2724
GLOBAL,PWRCOGBRBXX,CO2BRB,2,2046,0.2724
GLOBAL,PWRCOGBRBXX,CO2BRB,2,2047,0.2724
GLOBAL,PWRCOGBRBXX,CO2BRB,2,2048,0.2724
GLOBAL,PWRCOGBRBXX,CO2BRB,2,2049,0.2724
GLOBAL,PWRCOGBRBXX,CO2BRB,2,2050,0.2724
GLOBAL,PWRCOGCHLXX,CO2CHL,1,2023,0.2724
GLOBAL,PWRCOGCHLXX,CO2CHL,1,2024,0.2724
GLOBAL,PWRCOGCHLXX,CO2CHL,1,2025,0.2724
GLOBAL,PWRCOGCHLXX,CO2CHL,1,2026,0.2724
GLOBAL,PWRCOGCHLXX,CO2CHL,1,2027,0.2724
GLOBAL,PWRCOGCHLXX,CO2CHL,1,2028,0.2724
GLOBAL,PWRCOGCHLXX,CO2CHL,1,2029,0.2724
GLOBAL,PWRCOGCHLXX,CO2CHL,1,2030,0.2724
GLOBAL,PWRCOGCHLXX,CO2CHL,1,2031,0.2724
GLOBAL,PWRCOGCHLXX,CO2CHL,1,2032,0.2724
GLOBAL,PWRCOGCHLXX,CO2CHL,1,2033,0.2724
GLOBAL,PWRCOGCHLXX,CO2CHL,1,2034,0.2724
GLOBAL,PWRCOGCHLXX,CO2CHL,1,2035,0.2724
GLOBAL,PWRCOGCHLXX,CO2CHL,1,2036,0.2724
GLOBAL,PWRCOGCHLXX,CO2CHL,1,2037,0.2724
GLOBAL,PWRCOGCHLXX,CO2CHL,1,2038,0.2724
GLOBAL,PWRCOGCHLXX,CO2CHL,1,2039,0.2724
GLOBAL,PWRCOGCHLXX,CO2CHL,1,2040,0.2724
GLOBAL,PWRCOGCHLXX,CO2CHL,1,2041,0.2724
GLOBAL,PWRCOGCHLXX,CO2CHL,1,2042,0.2724
GLOBAL,PWRCOGCHLXX,CO2CHL,1,2043,0.2724
GLOBAL,PWRCOGCHLXX,CO2CHL,1,2044,0.2724
GLOBAL,PWRCOGCHLXX,CO2CHL,1,2045,0.2724
GLOBAL,PWRCOGCHLXX,CO2CHL,1,2046,0.2724
GLOBAL,PWRCOGCHLXX,CO2CHL,1,2047,0.2724
GLOBAL,PWRCOGCHLXX,CO2CHL,1,2048,0.2724
GLOBAL,PWRCOGCHLXX,CO2CHL,1,2049,0.2724
GLOBAL,PWRCOGCHLXX,CO2CHL,1,2050,0.2724
GLOBAL,PWRCOGCHLXX,CO2CHL,2,2023,0.2724
GLOBAL,PWRCOGCHLXX,CO2CHL,2,2024,0.2724
GLOBAL,PWRCOGCHLXX,CO2CHL,2,2025,0.2724
GLOBAL,PWRCOGCHLXX,CO2CHL,2,2026,0.2724
GLOBAL,PWRCOGCHLXX,CO2CHL,2,2027,0.2724
GLOBAL,PWRCOGCHLXX,CO2CHL,2,2028,0.2724
GLOBAL,PWRCOGCHLXX,CO2CHL,2,2029,0.2724
GLOBAL,PWRCOGCHLXX,CO2CHL,2,2030,0.2724
GLOBAL,PWRCOGCHLXX,CO2CHL,2,2031,0.2724
GLOBAL,PWRCOGCHLXX,CO2CHL,2,2032,0.2724
GLOBAL,PWRCOGCHLXX,CO2CHL,2,2033,0.2724
GLOBAL,PWRCOGCHLXX,CO2CHL,2,2034,0.2724
GLOBAL,PWRCOGCHLXX,CO2CHL,2,2035,0.2724
GLOBAL,PWRCOGCHLXX,CO2CHL,2,2036,0.2724
GLOBAL,PWRCOGCHLXX,CO2CHL,2,2037,0.2724
GLOBAL,PWRCOGCHLXX,CO2CHL,2,2038,0.2724
GLOBAL,PWRCOGCHLXX,CO2CHL,2,2039,0.2724
GLOBAL,PWRCOGCHLXX,CO2CHL,2,2040,0.2724
GLOBAL,PWRCOGCHLXX,CO2CHL,2,2041,0.2724
GLOBAL,PWRCOGCHLXX,CO2CHL,2,2042,0.2724
GLOBAL,PWRCOGCHLXX,CO2CHL,2,2043,0.2724
GLOBAL,PWRCOGCHLXX,CO2CHL,2,2044,0.2724
GLOBAL,PWRCOGCHLXX,CO2CHL,2,2045,0.2724
GLOBAL,PWRCOGCHLXX,CO2CHL,2,2046,0.2724
GLOBAL,PWRCOGCHLXX,CO2CHL,2,2047,0.2724
GLOBAL,PWRCOGCHLXX,CO2CHL,2,2048,0.2724
GLOBAL,PWRCOGCHLXX,CO2CHL,2,2049,0.2724
GLOBAL,PWRCOGCHLXX,CO2CHL,2,2050,0.2724
GLOBAL,PWRCOGCOLXX,CO2COL,1,2023,0.2724
GLOBAL,PWRCOGCOLXX,CO2COL,1,2024,0.2724
GLOBAL,PWRCOGCOLXX,CO2COL,1,2025,0.2724
GLOBAL,PWRCOGCOLXX,CO2COL,1,2026,0.2724
GLOBAL,PWRCOGCOLXX,CO2COL,1,2027,0.2724
GLOBAL,PWRCOGCOLXX,CO2COL,1,2028,0.2724
GLOBAL,PWRCOGCOLXX,CO2COL,1,2029,0.2724
GLOBAL,PWRCOGCOLXX,CO2COL,1,2030,0.2724
GLOBAL,PWRCOGCOLXX,CO2COL,1,2031,0.2724
GLOBAL,PWRCOGCOLXX,CO2COL,1,2032,0.2724
GLOBAL,PWRCOGCOLXX,CO2COL,1,2033,0.2724
GLOBAL,PWRCOGCOLXX,CO2COL,1,2034,0.2724
GLOBAL,PWRCOGCOLXX,CO2COL,1,2035,0.2724
GLOBAL,PWRCOGCOLXX,CO2COL,1,2036,0.2724
GLOBAL,PWRCOGCOLXX,CO2COL,1,2037,0.2724
GLOBAL,PWRCOGCOLXX,CO2COL,1,2038,0.2724
GLOBAL,PWRCOGCOLXX,CO2COL,1,2039,0.2724
GLOBAL,PWRCOGCOLXX,CO2COL,1,2040,0.2724
GLOBAL,PWRCOGCOLXX,CO2COL,1,2041,0.2724
GLOBAL,PWRCOGCOLXX,CO2COL,1,2042,0.2724
GLOBAL,PWRCOGCOLXX,CO2COL,1,2043,0.2724
GLOBAL,PWRCOGCOLXX,CO2COL,1,2044,0.2724
GLOBAL,PWRCOGCOLXX,CO2COL,1,2045,0.2724
GLOBAL,PWRCOGCOLXX,CO2COL,1,2046,0.2724
GLOBAL,PWRCOGCOLXX,CO2COL,1,2047,0.2724
GLOBAL,PWRCOGCOLXX,CO2COL,1,2048,0.2724
GLOBAL,PWRCOGCOLXX,CO2COL,1,2049,0.2724
GLOBAL,PWRCOGCOLXX,CO2COL,1,2050,0.2724
GLOBAL,PWRCOGCOLXX,CO2COL,2,2023,0.2724
GLOBAL,PWRCOGCOLXX,CO2COL,2,2024,0.2724
GLOBAL,PWRCOGCOLXX,CO2COL,2,2025,0.2724
GLOBAL,PWRCOGCOLXX,CO2COL,2,2026,0.2724
GLOBAL,PWRCOGCOLXX,CO2COL,2,2027,0.2724
GLOBAL,PWRCOGCOLXX,CO2COL,2,2028,0.2724
GLOBAL,PWRCOGCOLXX,CO2COL,2,2029,0.2724
GLOBAL,PWRCOGCOLXX,CO2COL,2,2030,0.2724
GLOBAL,PWRCOGCOLXX,CO2COL,2,2031,0.2724
GLOBAL,PWRCOGCOLXX,CO2COL,2,2032,0.2724
GLOBAL,PWRCOGCOLXX,CO2COL,2,2033,0.2724
GLOBAL,PWRCOGCOLXX,CO2COL,2,2034,0.2724
GLOBAL,PWRCOGCOLXX,CO2COL,2,2035,0.2724
GLOBAL,PWRCOGCOLXX,CO2COL,2,2036,0.2724
GLOBAL,PWRCOGCOLXX,CO2COL,2,2037,0.2724
GLOBAL,PWRCOGCOLXX,CO2COL,2,2038,0.2724
GLOBAL,PWRCOGCOLXX,CO2COL,2,2039,0.2724
GLOBAL,PWRCOGCOLXX,CO2COL,2,2040,0.2724
GLOBAL,PWRCOGCOLXX,CO2COL,2,2041,0.2724
GLOBAL,PWRCOGCOLXX,CO2COL,2,2042,0.2724
GLOBAL,PWRCOGCOLXX,CO2COL,2,2043,0.2724
GLOBAL,PWRCOGCOLXX,CO2COL,2,2044,0.2724
GLOBAL,PWRCOGCOLXX,CO2COL,2,2045,0.2724
GLOBAL,PWRCOGCOLXX,CO2COL,2,2046,0.2724
GLOBAL,PWRCOGCOLXX,CO2COL,2,2047,0.2724
GLOBAL,PWRCOGCOLXX,CO2COL,2,2048,0.2724
GLOBAL,PWRCOGCOLXX,CO2COL,2,2049,0.2724
GLOBAL,PWRCOGCOLXX,CO2COL,2,2050,0.2724
GLOBAL,PWRCOGCRIXX,CO2CRI,1,2023,0.2724
GLOBAL,PWRCOGCRIXX,CO2CRI,1,2024,0.2724
GLOBAL,PWRCOGCRIXX,CO2CRI,1,2025,0.2724
GLOBAL,PWRCOGCRIXX,CO2CRI,1,2026,0.2724
GLOBAL,PWRCOGCRIXX,CO2CRI,1,2027,0.2724
GLOBAL,PWRCOGCRIXX,CO2CRI,1,2028,0.2724
GLOBAL,PWRCOGCRIXX,CO2CRI,1,2029,0.2724
GLOBAL,PWRCOGCRIXX,CO2CRI,1,2030,0.2724
GLOBAL,PWRCOGCRIXX,CO2CRI,1,2031,0.2724
GLOBAL,PWRCOGCRIXX,CO2CRI,1,2032,0.2724
GLOBAL,PWRCOGCRIXX,CO2CRI,1,2033,0.2724
GLOBAL,PWRCOGCRIXX,CO2CRI,1,2034,0.2724
GLOBAL,PWRCOGCRIXX,CO2CRI,1,2035,0.2724
GLOBAL,PWRCOGCRIXX,CO2CRI,1,2036,0.2724
GLOBAL,PWRCOGCRIXX,CO2CRI,1,2037,0.2724
GLOBAL,PWRCOGCRIXX,CO2CRI,1,2038,0.2724
GLOBAL,PWRCOGCRIXX,CO2CRI,1,2039,0.2724
GLOBAL,PWRCOGCRIXX,CO2CRI,1,2040,0.2724
GLOBAL,PWRCOGCRIXX,CO2CRI,1,2041,0.2724
GLOBAL,PWRCOGCRIXX,CO2CRI,1,2042,0.2724
GLOBAL,PWRCOGCRIXX,CO2CRI,1,2043,0.2724
GLOBAL,PWRCOGCRIXX,CO2CRI,1,2044,0.2724
GLOBAL,PWRCOGCRIXX,CO2CRI,1,2045,0.2724
GLOBAL,PWRCOGCRIXX,CO2CRI,1,2046,0.2724
GLOBAL,PWRCOGCRIXX,CO2CRI,1,2047,0.2724
GLOBAL,PWRCOGCRIXX,CO2CRI,1,2048,0.2724
GLOBAL,PWRCOGCRIXX,CO2CRI,1,2049,0.2724
GLOBAL,PWRCOGCRIXX,CO2CRI,1,2050,0.2724
GLOBAL,PWRCOGCRIXX,CO2CRI,2,2023,0.2724
GLOBAL,PWRCOGCRIXX,CO2CRI,2,2024,0.2724
GLOBAL,PWRCOGCRIXX,CO2CRI,2,2025,0.2724
GLOBAL,PWRCOGCRIXX,CO2CRI,2,2026,0.2724
GLOBAL,PWRCOGCRIXX,CO2CRI,2,2027,0.2724
GLOBAL,PWRCOGCRIXX,CO2CRI,2,2028,0.2724
GLOBAL,PWRCOGCRIXX,CO2CRI,2,2029,0.2724
GLOBAL,PWRCOGCRIXX,CO2CRI,2,2030,0.2724
GLOBAL,PWRCOGCRIXX,CO2CRI,2,2031,0.2724
GLOBAL,PWRCOGCRIXX,CO2CRI,2,2032,0.2724
GLOBAL,PWRCOGCRIXX,CO2CRI,2,2033,0.2724
GLOBAL,PWRCOGCRIXX,CO2CRI,2,2034,0.2724
GLOBAL,PWRCOGCRIXX,CO2CRI,2,2035,0.2724
GLOBAL,PWRCOGCRIXX,CO2CRI,2,2036,0.2724
GLOBAL,PWRCOGCRIXX,CO2CRI,2,2037,0.2724
GLOBAL,PWRCOGCRIXX,CO2CRI,2,2038,0.2724
GLOBAL,PWRCOGCRIXX,CO2CRI,2,2039,0.2724
GLOBAL,PWRCOGCRIXX,CO2CRI,2,2040,0.2724
GLOBAL,PWRCOGCRIXX,CO2CRI,2,2041,0.2724
GLOBAL,PWRCOGCRIXX,CO2CRI,2,2042,0.2724
GLOBAL,PWRCOGCRIXX,CO2CRI,2,2043,0.2724
GLOBAL,PWRCOGCRIXX,CO2CRI,2,2044,0.2724
GLOBAL,PWRCOGCRIXX,CO2CRI,2,2045,0.2724
GLOBAL,PWRCOGCRIXX,CO2CRI,2,2046,0.2724
GLOBAL,PWRCOGCRIXX,CO2CRI,2,2047,0.2724
GLOBAL,PWRCOGCRIXX,CO2CRI,2,2048,0.2724
GLOBAL,PWRCOGCRIXX,CO2CRI,2,2049,0.2724
GLOBAL,PWRCOGCRIXX,CO2CRI,2,2050,0.2724
GLOBAL,PWRCOGDOMXX,CO2DOM,1,2023,0.2724
GLOBAL,PWRCOGDOMXX,CO2DOM,1,2024,0.2724
GLOBAL,PWRCOGDOMXX,CO2DOM,1,2025,0.2724
GLOBAL,PWRCOGDOMXX,CO2DOM,1,2026,0.2724
GLOBAL,PWRCOGDOMXX,CO2DOM,1,2027,0.2724
GLOBAL,PWRCOGDOMXX,CO2DOM,1,2028,0.2724
GLOBAL,PWRCOGDOMXX,CO2DOM,1,2029,0.2724
GLOBAL,PWRCOGDOMXX,CO2DOM,1,2030,0.2724
GLOBAL,PWRCOGDOMXX,CO2DOM,1,2031,0.2724
GLOBAL,PWRCOGDOMXX,CO2DOM,1,2032,0.2724
GLOBAL,PWRCOGDOMXX,CO2DOM,1,2033,0.2724
GLOBAL,PWRCOGDOMXX,CO2DOM,1,2034,0.2724
GLOBAL,PWRCOGDOMXX,CO2DOM,1,2035,0.2724
GLOBAL,PWRCOGDOMXX,CO2DOM,1,2036,0.2724
GLOBAL,PWRCOGDOMXX,CO2DOM,1,2037,0.2724
GLOBAL,PWRCOGDOMXX,CO2DOM,1,2038,0.2724
GLOBAL,PWRCOGDOMXX,CO2DOM,1,2039,0.2724
GLOBAL,PWRCOGDOMXX,CO2DOM,1,2040,0.2724
GLOBAL,PWRCOGDOMXX,CO2DOM,1,2041,0.2724
GLOBAL,PWRCOGDOMXX,CO2DOM,1,2042,0.2724
GLOBAL,PWRCOGDOMXX,CO2DOM,1,2043,0.2724
GLOBAL,PWRCOGDOMXX,CO2DOM,1,2044,0.2724
GLOBAL,PWRCOGDOMXX,CO2DOM,1,2045,0.2724
GLOBAL,PWRCOGDOMXX,CO2DOM,1,2046,0.2724
GLOBAL,PWRCOGDOMXX,CO2DOM,1,2047,0.2724
GLOBAL,PWRCOGDOMXX,CO2DOM,1,2048,0.2724
GLOBAL,PWRCOGDOMXX,CO2DOM,1,2049,0.2724
GLOBAL,PWRCOGDOMXX,CO2DOM,1,2050,0.2724
GLOBAL,PWRCOGDOMXX,CO2DOM,2,2023,0.2724
GLOBAL,PWRCOGDOMXX,CO2DOM,2,2024,0.2724
GLOBAL,PWRCOGDOMXX,CO2DOM,2,2025,0.2724
GLOBAL,PWRCOGDOMXX,CO2DOM,2,2026,0.2724
GLOBAL,PWRCOGDOMXX,CO2DOM,2,2027,0.2724
GLOBAL,PWRCOGDOMXX,CO2DOM,2,2028,0.2724
GLOBAL,PWRCOGDOMXX,CO2DOM,2,2029,0.2724
GLOBAL,PWRCOGDOMXX,CO2DOM,2,2030,0.2724
GLOBAL,PWRCOGDOMXX,CO2DOM,2,2031,0.2724
GLOBAL,PWRCOGDOMXX,CO2DOM,2,2032,0.2724
GLOBAL,PWRCOGDOMXX,CO2DOM,2,2033,0.2724
GLOBAL,PWRCOGDOMXX,CO2DOM,2,2034,0.2724
GLOBAL,PWRCOGDOMXX,CO2DOM,2,2035,0.2724
GLOBAL,PWRCOGDOMXX,CO2DOM,2,2036,0.2724
GLOBAL,PWRCOGDOMXX,CO2DOM,2,2037,0.2724
GLOBAL,PWRCOGDOMXX,CO2DOM,2,2038,0.2724
GLOBAL,PWRCOGDOMXX,CO2DOM,2,2039,0.2724
GLOBAL,PWRCOGDOMXX,CO2DOM,2,2040,0.2724
GLOBAL,PWRCOGDOMXX,CO2DOM,2,2041,0.2724
GLOBAL,PWRCOGDOMXX,CO2DOM,2,2042,0.2724
GLOBAL,PWRCOGDOMXX,CO2DOM,2,2043,0.2724
GLOBAL,PWRCOGDOMXX,CO2DOM,2,2044,0.2724
GLOBAL,PWRCOGDOMXX,CO2DOM,2,2045,0.2724
GLOBAL,PWRCOGDOMXX,CO2DOM,2,2046,0.2724
GLOBAL,PWRCOGDOMXX,CO2DOM,2,2047,0.2724
GLOBAL,PWRCOGDOMXX,CO2DOM,2,2048,0.2724
GLOBAL,PWRCOGDOMXX,CO2DOM,2,2049,0.2724
GLOBAL,PWRCOGDOMXX,CO2DOM,2,2050,0.2724
GLOBAL,PWRCOGECUXX,CO2ECU,1,2023,0.2724
GLOBAL,PWRCOGECUXX,CO2ECU,1,2024,0.2724
GLOBAL,PWRCOGECUXX,CO2ECU,1,2025,0.2724
GLOBAL,PWRCOGECUXX,CO2ECU,1,2026,0.2724
GLOBAL,PWRCOGECUXX,CO2ECU,1,2027,0.2724
GLOBAL,PWRCOGECUXX,CO2ECU,1,2028,0.2724
GLOBAL,PWRCOGECUXX,CO2ECU,1,2029,0.2724
GLOBAL,PWRCOGECUXX,CO2ECU,1,2030,0.2724
GLOBAL,PWRCOGECUXX,CO2ECU,1,2031,0.2724
GLOBAL,PWRCOGECUXX,CO2ECU,1,2032,0.2724
GLOBAL,PWRCOGECUXX,CO2ECU,1,2033,0.2724
GLOBAL,PWRCOGECUXX,CO2ECU,1,2034,0.2724
GLOBAL,PWRCOGECUXX,CO2ECU,1,2035,0.2724
GLOBAL,PWRCOGECUXX,CO2ECU,1,2036,0.2724
GLOBAL,PWRCOGECUXX,CO2ECU,1,2037,0.2724
GLOBAL,PWRCOGECUXX,CO2ECU,1,2038,0.2724
GLOBAL,PWRCOGECUXX,CO2ECU,1,2039,0.2724
GLOBAL,PWRCOGECUXX,CO2ECU,1,2040,0.2724
GLOBAL,PWRCOGECUXX,CO2ECU,1,2041,0.2724
GLOBAL,PWRCOGECUXX,CO2ECU,1,2042,0.2724
GLOBAL,PWRCOGECUXX,CO2ECU,1,2043,0.2724
GLOBAL,PWRCOGECUXX,CO2ECU,1,2044,0.2724
GLOBAL,PWRCOGECUXX,CO2ECU,1,2045,0.2724
GLOBAL,PWRCOGECUXX,CO2ECU,1,2046,0.2724
GLOBAL,PWRCOGECUXX,CO2ECU,1,2047,0.2724
GLOBAL,PWRCOGECUXX,CO2ECU,1,2048,0.2724
GLOBAL,PWRCOGECUXX,CO2ECU,1,2049,0.2724
GLOBAL,PWRCOGECUXX,CO2ECU,1,2050,0.2724
GLOBAL,PWRCOGECUXX,CO2ECU,2,2023,0.2724
GLOBAL,PWRCOGECUXX,CO2ECU,2,2024,0.2724
GLOBAL,PWRCOGECUXX,CO2ECU,2,2025,0.2724
GLOBAL,PWRCOGECUXX,CO2ECU,2,2026,0.2724
GLOBAL,PWRCOGECUXX,CO2ECU,2,2027,0.2724
GLOBAL,PWRCOGECUXX,CO2ECU,2,2028,0.2724
GLOBAL,PWRCOGECUXX,CO2ECU,2,2029,0.2724
GLOBAL,PWRCOGECUXX,CO2ECU,2,2030,0.2724
GLOBAL,PWRCOGECUXX,CO2ECU,2,2031,0.2724
GLOBAL,PWRCOGECUXX,CO2ECU,2,2032,0.2724
GLOBAL,PWRCOGECUXX,CO2ECU,2,2033,0.2724
GLOBAL,PWRCOGECUXX,CO2ECU,2,2034,0.2724
GLOBAL,PWRCOGECUXX,CO2ECU,2,2035,0.2724
GLOBAL,PWRCOGECUXX,CO2ECU,2,2036,0.2724
GLOBAL,PWRCOGECUXX,CO2ECU,2,2037,0.2724
GLOBAL,PWRCOGECUXX,CO2ECU,2,2038,0.2724
GLOBAL,PWRCOGECUXX,CO2ECU,2,2039,0.2724
GLOBAL,PWRCOGECUXX,CO2ECU,2,2040,0.2724
GLOBAL,PWRCOGECUXX,CO2ECU,2,2041,0.2724
GLOBAL,PWRCOGECUXX,CO2ECU,2,2042,0.2724
GLOBAL,PWRCOGECUXX,CO2ECU,2,2043,0.2724
GLOBAL,PWRCOGECUXX,CO2ECU,2,2044,0.2724
GLOBAL,PWRCOGECUXX,CO2ECU,2,2045,0.2724
GLOBAL,PWRCOGECUXX,CO2ECU,2,2046,0.2724
GLOBAL,PWRCOGECUXX,CO2ECU,2,2047,0.2724
GLOBAL,PWRCOGECUXX,CO2ECU,2,2048,0.2724
GLOBAL,PWRCOGECUXX,CO2ECU,2,2049,0.2724
GLOBAL,PWRCOGECUXX,CO2ECU,2,2050,0.2724
GLOBAL,PWRCOGGTMXX,CO2GTM,1,2023,0.2724
GLOBAL,PWRCOGGTMXX,CO2GTM,1,2024,0.2724
GLOBAL,PWRCOGGTMXX,CO2GTM,1,2025,0.2724
GLOBAL,PWRCOGGTMXX,CO2GTM,1,2026,0.2724
GLOBAL,PWRCOGGTMXX,CO2GTM,1,2027,0.2724
GLOBAL,PWRCOGGTMXX,CO2GTM,1,2028,0.2724
GLOBAL,PWRCOGGTMXX,CO2GTM,1,2029,0.2724
GLOBAL,PWRCOGGTMXX,CO2GTM,1,2030,0.2724
GLOBAL,PWRCOGGTMXX,CO2GTM,1,2031,0.2724
GLOBAL,PWRCOGGTMXX,CO2GTM,1,2032,0.2724
GLOBAL,PWRCOGGTMXX,CO2GTM,1,2033,0.2724
GLOBAL,PWRCOGGTMXX,CO2GTM,1,2034,0.2724
GLOBAL,PWRCOGGTMXX,CO2GTM,1,2035,0.2724
GLOBAL,PWRCOGGTMXX,CO2GTM,1,2036,0.2724
GLOBAL,PWRCOGGTMXX,CO2GTM,1,2037,0.2724
GLOBAL,PWRCOGGTMXX,CO2GTM,1,2038,0.2724
GLOBAL,PWRCOGGTMXX,CO2GTM,1,2039,0.2724
GLOBAL,PWRCOGGTMXX,CO2GTM,1,2040,0.2724
GLOBAL,PWRCOGGTMXX,CO2GTM,1,2041,0.2724
GLOBAL,PWRCOGGTMXX,CO2GTM,1,2042,0.2724
GLOBAL,PWRCOGGTMXX,CO2GTM,1,2043,0.2724
GLOBAL,PWRCOGGTMXX,CO2GTM,1,2044,0.2724
GLOBAL,PWRCOGGTMXX,CO2GTM,1,2045,0.2724
GLOBAL,PWRCOGGTMXX,CO2GTM,1,2046,0.2724
GLOBAL,PWRCOGGTMXX,CO2GTM,1,2047,0.2724
GLOBAL,PWRCOGGTMXX,CO2GTM,1,2048,0.2724
GLOBAL,PWRCOGGTMXX,CO2GTM,1,2049,0.2724
GLOBAL,PWRCOGGTMXX,CO2GTM,1,2050,0.2724
GLOBAL,PWRCOGGTMXX,CO2GTM,2,2023,0.2724
GLOBAL,PWRCOGGTMXX,CO2GTM,2,2024,0.2724
GLOBAL,PWRCOGGTMXX,CO2GTM,2,2025,0.2724
GLOBAL,PWRCOGGTMXX,CO2GTM,2,2026,0.2724
GLOBAL,PWRCOGGTMXX,CO2GTM,2,2027,0.2724
GLOBAL,PWRCOGGTMXX,CO2GTM,2,2028,0.2724
GLOBAL,PWRCOGGTMXX,CO2GTM,2,2029,0.2724
GLOBAL,PWRCOGGTMXX,CO2GTM,2,2030,0.2724
GLOBAL,PWRCOGGTMXX,CO2GTM,2,2031,0.2724
GLOBAL,PWRCOGGTMXX,CO2GTM,2,2032,0.2724
GLOBAL,PWRCOGGTMXX,CO2GTM,2,2033,0.2724
GLOBAL,PWRCOGGTMXX,CO2GTM,2,2034,0.2724
GLOBAL,PWRCOGGTMXX,CO2GTM,2,2035,0.2724
GLOBAL,PWRCOGGTMXX,CO2GTM,2,2036,0.2724
GLOBAL,PWRCOGGTMXX,CO2GTM,2,2037,0.2724
GLOBAL,PWRCOGGTMXX,CO2GTM,2,2038,0.2724
GLOBAL,PWRCOGGTMXX,CO2GTM,2,2039,0.2724
GLOBAL,PWRCOGGTMXX,CO2GTM,2,2040,0.2724
GLOBAL,PWRCOGGTMXX,CO2GTM,2,2041,0.2724
GLOBAL,PWRCOGGTMXX,CO2GTM,2,2042,0.2724
GLOBAL,PWRCOGGTMXX,CO2GTM,2,2043,0.2724
GLOBAL,PWRCOGGTMXX,CO2GTM,2,2044,0.2724
GLOBAL,PWRCOGGTMXX,CO2GTM,2,2045,0.2724
GLOBAL,PWRCOGGTMXX,CO2GTM,2,2046,0.2724
GLOBAL,PWRCOGGTMXX,CO2GTM,2,2047,0.2724
GLOBAL,PWRCOGGTMXX,CO2GTM,2,2048,0.2724
GLOBAL,PWRCOGGTMXX,CO2GTM,2,2049,0.2724
GLOBAL,PWRCOGGTMXX,CO2GTM,2,2050,0.2724
GLOBAL,PWRCOGHNDXX,CO2HND,1,2023,0.2724
GLOBAL,PWRCOGHNDXX,CO2HND,1,2024,0.2724
GLOBAL,PWRCOGHNDXX,CO2HND,1,2025,0.2724
GLOBAL,PWRCOGHNDXX,CO2HND,1,2026,0.2724
GLOBAL,PWRCOGHNDXX,CO2HND,1,2027,0.2724
GLOBAL,PWRCOGHNDXX,CO2HND,1,2028,0.2724
GLOBAL,PWRCOGHNDXX,CO2HND,1,2029,0.2724
GLOBAL,PWRCOGHNDXX,CO2HND,1,2030,0.2724
GLOBAL,PWRCOGHNDXX,CO2HND,1,2031,0.2724
GLOBAL,PWRCOGHNDXX,CO2HND,1,2032,0.2724
GLOBAL,PWRCOGHNDXX,CO2HND,1,2033,0.2724
GLOBAL,PWRCOGHNDXX,CO2HND,1,2034,0.2724
GLOBAL,PWRCOGHNDXX,CO2HND,1,2035,0.2724
GLOBAL,PWRCOGHNDXX,CO2HND,1,2036,0.2724
GLOBAL,PWRCOGHNDXX,CO2HND,1,2037,0.2724
GLOBAL,PWRCOGHNDXX,CO2HND,1,2038,0.2724
GLOBAL,PWRCOGHNDXX,CO2HND,1,2039,0.2724
GLOBAL,PWRCOGHNDXX,CO2HND,1,2040,0.2724
GLOBAL,PWRCOGHNDXX,CO2HND,1,2041,0.2724
GLOBAL,PWRCOGHNDXX,CO2HND,1,2042,0.2724
GLOBAL,PWRCOGHNDXX,CO2HND,1,2043,0.2724
GLOBAL,PWRCOGHNDXX,CO2HND,1,2044,0.2724
GLOBAL,PWRCOGHNDXX,CO2HND,1,2045,0.2724
GLOBAL,PWRCOGHNDXX,CO2HND,1,2046,0.2724
GLOBAL,PWRCOGHNDXX,CO2HND,1,2047,0.2724
GLOBAL,PWRCOGHNDXX,CO2HND,1,2048,0.2724
GLOBAL,PWRCOGHNDXX,CO2HND,1,2049,0.2724
GLOBAL,PWRCOGHNDXX,CO2HND,1,2050,0.2724
GLOBAL,PWRCOGHNDXX,CO2HND,2,2023,0.2724
GLOBAL,PWRCOGHNDXX,CO2HND,2,2024,0.2724
GLOBAL,PWRCOGHNDXX,CO2HND,2,2025,0.2724
GLOBAL,PWRCOGHNDXX,CO2HND,2,2026,0.2724
GLOBAL,PWRCOGHNDXX,CO2HND,2,2027,0.2724
GLOBAL,PWRCOGHNDXX,CO2HND,2,2028,0.2724
GLOBAL,PWRCOGHNDXX,CO2HND,2,2029,0.2724
GLOBAL,PWRCOGHNDXX,CO2HND,2,2030,0.2724
GLOBAL,PWRCOGHNDXX,CO2HND,2,2031,0.2724
GLOBAL,PWRCOGHNDXX,CO2HND,2,2032,0.2724
GLOBAL,PWRCOGHNDXX,CO2HND,2,2033,0.2724
GLOBAL,PWRCOGHNDXX,CO2HND,2,2034,0.2724
GLOBAL,PWRCOGHNDXX,CO2HND,2,2035,0.2724
GLOBAL,PWRCOGHNDXX,CO2HND,2,2036,0.2724
GLOBAL,PWRCOGHNDXX,CO2HND,2,2037,0.2724
GLOBAL,PWRCOGHNDXX,CO2HND,2,2038,0.2724
GLOBAL,PWRCOGHNDXX,CO2HND,2,2039,0.2724
GLOBAL,PWRCOGHNDXX,CO2HND,2,2040,0.2724
GLOBAL,PWRCOGHNDXX,CO2HND,2,2041,0.2724
GLOBAL,PWRCOGHNDXX,CO2HND,2,2042,0.2724
GLOBAL,PWRCOGHNDXX,CO2HND,2,2043,0.2724
GLOBAL,PWRCOGHNDXX,CO2HND,2,2044,0.2724
GLOBAL,PWRCOGHNDXX,CO2HND,2,2045,0.2724
GLOBAL,PWRCOGHNDXX,CO2HND,2,2046,0.2724
GLOBAL,PWRCOGHNDXX,CO2HND,2,2047,0.2724
GLOBAL,PWRCOGHNDXX,CO2HND,2,2048,0.2724
GLOBAL,PWRCOGHNDXX,CO2HND,2,2049,0.2724
GLOBAL,PWRCOGHNDXX,CO2HND,2,2050,0.2724
GLOBAL,PWRCOGHTIXX,CO2HTI,1,2023,0.2724
GLOBAL,PWRCOGHTIXX,CO2HTI,1,2024,0.2724
GLOBAL,PWRCOGHTIXX,CO2HTI,1,2025,0.2724
GLOBAL,PWRCOGHTIXX,CO2HTI,1,2026,0.2724
GLOBAL,PWRCOGHTIXX,CO2HTI,1,2027,0.2724
GLOBAL,PWRCOGHTIXX,CO2HTI,1,2028,0.2724
GLOBAL,PWRCOGHTIXX,CO2HTI,1,2029,0.2724
GLOBAL,PWRCOGHTIXX,CO2HTI,1,2030,0.2724
GLOBAL,PWRCOGHTIXX,CO2HTI,1,2031,0.2724
GLOBAL,PWRCOGHTIXX,CO2HTI,1,2032,0.2724
GLOBAL,PWRCOGHTIXX,CO2HTI,1,2033,0.2724
GLOBAL,PWRCOGHTIXX,CO2HTI,1,2034,0.2724
GLOBAL,PWRCOGHTIXX,CO2HTI,1,2035,0.2724
GLOBAL,PWRCOGHTIXX,CO2HTI,1,2036,0.2724
GLOBAL,PWRCOGHTIXX,CO2HTI,1,2037,0.2724
GLOBAL,PWRCOGHTIXX,CO2HTI,1,2038,0.2724
GLOBAL,PWRCOGHTIXX,CO2HTI,1,2039,0.2724
GLOBAL,PWRCOGHTIXX,CO2HTI,1,2040,0.2724
GLOBAL,PWRCOGHTIXX,CO2HTI,1,2041,0.2724
GLOBAL,PWRCOGHTIXX,CO2HTI,1,2042,0.2724
GLOBAL,PWRCOGHTIXX,CO2HTI,1,2043,0.2724
GLOBAL,PWRCOGHTIXX,CO2HTI,1,2044,0.2724
GLOBAL,PWRCOGHTIXX,CO2HTI,1,2045,0.2724
GLOBAL,PWRCOGHTIXX,CO2HTI,1,2046,0.2724
GLOBAL,PWRCOGHTIXX,CO2HTI,1,2047,0.2724
GLOBAL,PWRCOGHTIXX,CO2HTI,1,2048,0.2724
GLOBAL,PWRCOGHTIXX,CO2HTI,1,2049,0.2724
GLOBAL,PWRCOGHTIXX,CO2HTI,1,2050,0.2724
GLOBAL,PWRCOGHTIXX,CO2HTI,2,2023,0.2724
GLOBAL,PWRCOGHTIXX,CO2HTI,2,2024,0.2724
GLOBAL,PWRCOGHTIXX,CO2HTI,2,2025,0.2724
GLOBAL,PWRCOGHTIXX,CO2HTI,2,2026,0.2724
GLOBAL,PWRCOGHTIXX,CO2HTI,2,2027,0.2724
GLOBAL,PWRCOGHTIXX,CO2HTI,2,2028,0.2724
GLOBAL,PWRCOGHTIXX,CO2HTI,2,2029,0.2724
GLOBAL,PWRCOGHTIXX,CO2HTI,2,2030,0.2724
GLOBAL,PWRCOGHTIXX,CO2HTI,2,2031,0.2724
GLOBAL,PWRCOGHTIXX,CO2HTI,2,2032,0.2724
GLOBAL,PWRCOGHTIXX,CO2HTI,2,2033,0.2724
GLOBAL,PWRCOGHTIXX,CO2HTI,2,2034,0.2724
GLOBAL,PWRCOGHTIXX,CO2HTI,2,2035,0.2724
GLOBAL,PWRCOGHTIXX,CO2HTI,2,2036,0.2724
GLOBAL,PWRCOGHTIXX,CO2HTI,2,2037,0.2724
GLOBAL,PWRCOGHTIXX,CO2HTI,2,2038,0.2724
GLOBAL,PWRCOGHTIXX,CO2HTI,2,2039,0.2724
GLOBAL,PWRCOGHTIXX,CO2HTI,2,2040,0.2724
GLOBAL,PWRCOGHTIXX,CO2HTI,2,2041,0.2724
GLOBAL,PWRCOGHTIXX,CO2HTI,2,2042,0.2724
GLOBAL,PWRCOGHTIXX,CO2HTI,2,2043,0.2724
GLOBAL,PWRCOGHTIXX,CO2HTI,2,2044,0.2724
GLOBAL,PWRCOGHTIXX,CO2HTI,2,2045,0.2724
GLOBAL,PWRCOGHTIXX,CO2HTI,2,2046,0.2724
GLOBAL,PWRCOGHTIXX,CO2HTI,2,2047,0.2724
GLOBAL,PWRCOGHTIXX,CO2HTI,2,2048,0.2724
GLOBAL,PWRCOGHTIXX,CO2HTI,2,2049,0.2724
GLOBAL,PWRCOGHTIXX,CO2HTI,2,2050,0.2724
GLOBAL,PWRCOGMEXXX,CO2MEX,1,2023,0.2724
GLOBAL,PWRCOGMEXXX,CO2MEX,1,2024,0.2724
GLOBAL,PWRCOGMEXXX,CO2MEX,1,2025,0.2724
GLOBAL,PWRCOGMEXXX,CO2MEX,1,2026,0.2724
GLOBAL,PWRCOGMEXXX,CO2MEX,1,2027,0.2724
GLOBAL,PWRCOGMEXXX,CO2MEX,1,2028,0.2724
GLOBAL,PWRCOGMEXXX,CO2MEX,1,2029,0.2724
GLOBAL,PWRCOGMEXXX,CO2MEX,1,2030,0.2724
GLOBAL,PWRCOGMEXXX,CO2MEX,1,2031,0.2724
GLOBAL,PWRCOGMEXXX,CO2MEX,1,2032,0.2724
GLOBAL,PWRCOGMEXXX,CO2MEX,1,2033,0.2724
GLOBAL,PWRCOGMEXXX,CO2MEX,1,2034,0.2724
GLOBAL,PWRCOGMEXXX,CO2MEX,1,2035,0.2724
GLOBAL,PWRCOGMEXXX,CO2MEX,1,2036,0.2724
GLOBAL,PWRCOGMEXXX,CO2MEX,1,2037,0.2724
GLOBAL,PWRCOGMEXXX,CO2MEX,1,2038,0.2724
GLOBAL,PWRCOGMEXXX,CO2MEX,1,2039,0.2724
GLOBAL,PWRCOGMEXXX,CO2MEX,1,2040,0.2724
GLOBAL,PWRCOGMEXXX,CO2MEX,1,2041,0.2724
GLOBAL,PWRCOGMEXXX,CO2MEX,1,2042,0.2724
GLOBAL,PWRCOGMEXXX,CO2MEX,1,2043,0.2724
GLOBAL,PWRCOGMEXXX,CO2MEX,1,2044,0.2724
GLOBAL,PWRCOGMEXXX,CO2MEX,1,2045,0.2724
GLOBAL,PWRCOGMEXXX,CO2MEX,1,2046,0.2724
GLOBAL,PWRCOGMEXXX,CO2MEX,1,2047,0.2724
GLOBAL,PWRCOGMEXXX,CO2MEX,1,2048,0.2724
GLOBAL,PWRCOGMEXXX,CO2MEX,1,2049,0.2724
GLOBAL,PWRCOGMEXXX,CO2MEX,1,2050,0.2724
GLOBAL,PWRCOGMEXXX,CO2MEX,2,2023,0.2724
GLOBAL,PWRCOGMEXXX,CO2MEX,2,2024,0.2724
GLOBAL,PWRCOGMEXXX,CO2MEX,2,2025,0.2724
GLOBAL,PWRCOGMEXXX,CO2MEX,2,2026,0.2724
GLOBAL,PWRCOGMEXXX,CO2MEX,2,2027,0.2724
GLOBAL,PWRCOGMEXXX,CO2MEX,2,2028,0.2724
GLOBAL,PWRCOGMEXXX,CO2MEX,2,2029,0.2724
GLOBAL,PWRCOGMEXXX,CO2MEX,2,2030,0.2724
GLOBAL,PWRCOGMEXXX,CO2MEX,2,2031,0.2724
GLOBAL,PWRCOGMEXXX,CO2MEX,2,2032,0.2724
GLOBAL,PWRCOGMEXXX,CO2MEX,2,2033,0.2724
GLOBAL,PWRCOGMEXXX,CO2MEX,2,2034,0.2724
GLOBAL,PWRCOGMEXXX,CO2MEX,2,2035,0.2724
GLOBAL,PWRCOGMEXXX,CO2MEX,2,2036,0.2724
GLOBAL,PWRCOGMEXXX,CO2MEX,2,2037,0.2724
GLOBAL,PWRCOGMEXXX,CO2MEX,2,2038,0.2724
GLOBAL,PWRCOGMEXXX,CO2MEX,2,2039,0.2724
GLOBAL,PWRCOGMEXXX,CO2MEX,2,2040,0.2724
GLOBAL,PWRCOGMEXXX,CO2MEX,2,2041,0.2724
GLOBAL,PWRCOGMEXXX,CO2MEX,2,2042,0.2724
GLOBAL,PWRCOGMEXXX,CO2MEX,2,2043,0.2724
GLOBAL,PWRCOGMEXXX,CO2MEX,2,2044,0.2724
GLOBAL,PWRCOGMEXXX,CO2MEX,2,2045,0.2724
GLOBAL,PWRCOGMEXXX,CO2MEX,2,2046,0.2724
GLOBAL,PWRCOGMEXXX,CO2MEX,2,2047,0.2724
GLOBAL,PWRCOGMEXXX,CO2MEX,2,2048,0.2724
GLOBAL,PWRCOGMEXXX,CO2MEX,2,2049,0.2724
GLOBAL,PWRCOGMEXXX,CO2MEX,2,2050,0.2724
GLOBAL,PWRCOGNICXX,CO2NIC,1,2023,0.2724
GLOBAL,PWRCOGNICXX,CO2NIC,1,2024,0.2724
GLOBAL,PWRCOGNICXX,CO2NIC,1,2025,0.2724
GLOBAL,PWRCOGNICXX,CO2NIC,1,2026,0.2724
GLOBAL,PWRCOGNICXX,CO2NIC,1,2027,0.2724
GLOBAL,PWRCOGNICXX,CO2NIC,1,2028,0.2724
GLOBAL,PWRCOGNICXX,CO2NIC,1,2029,0.2724
GLOBAL,PWRCOGNICXX,CO2NIC,1,2030,0.2724
GLOBAL,PWRCOGNICXX,CO2NIC,1,2031,0.2724
GLOBAL,PWRCOGNICXX,CO2NIC,1,2032,0.2724
GLOBAL,PWRCOGNICXX,CO2NIC,1,2033,0.2724
GLOBAL,PWRCOGNICXX,CO2NIC,1,2034,0.2724
GLOBAL,PWRCOGNICXX,CO2NIC,1,2035,0.2724
GLOBAL,PWRCOGNICXX,CO2NIC,1,2036,0.2724
GLOBAL,PWRCOGNICXX,CO2NIC,1,2037,0.2724
GLOBAL,PWRCOGNICXX,CO2NIC,1,2038,0.2724
GLOBAL,PWRCOGNICXX,CO2NIC,1,2039,0.2724
GLOBAL,PWRCOGNICXX,CO2NIC,1,2040,0.2724
GLOBAL,PWRCOGNICXX,CO2NIC,1,2041,0.2724
GLOBAL,PWRCOGNICXX,CO2NIC,1,2042,0.2724
GLOBAL,PWRCOGNICXX,CO2NIC,1,2043,0.2724
GLOBAL,PWRCOGNICXX,CO2NIC,1,2044,0.2724
GLOBAL,PWRCOGNICXX,CO2NIC,1,2045,0.2724
GLOBAL,PWRCOGNICXX,CO2NIC,1,2046,0.2724
GLOBAL,PWRCOGNICXX,CO2NIC,1,2047,0.2724
GLOBAL,PWRCOGNICXX,CO2NIC,1,2048,0.2724
GLOBAL,PWRCOGNICXX,CO2NIC,1,2049,0.2724
GLOBAL,PWRCOGNICXX,CO2NIC,1,2050,0.2724
GLOBAL,PWRCOGNICXX,CO2NIC,2,2023,0.2724
GLOBAL,PWRCOGNICXX,CO2NIC,2,2024,0.2724
GLOBAL,PWRCOGNICXX,CO2NIC,2,2025,0.2724
GLOBAL,PWRCOGNICXX,CO2NIC,2,2026,0.2724
GLOBAL,PWRCOGNICXX,CO2NIC,2,2027,0.2724
GLOBAL,PWRCOGNICXX,CO2NIC,2,2028,0.2724
GLOBAL,PWRCOGNICXX,CO2NIC,2,2029,0.2724
GLOBAL,PWRCOGNICXX,CO2NIC,2,2030,0.2724
GLOBAL,PWRCOGNICXX,CO2NIC,2,2031,0.2724
GLOBAL,PWRCOGNICXX,CO2NIC,2,2032,0.2724
GLOBAL,PWRCOGNICXX,CO2NIC,2,2033,0.2724
GLOBAL,PWRCOGNICXX,CO2NIC,2,2034,0.2724
GLOBAL,PWRCOGNICXX,CO2NIC,2,2035,0.2724
GLOBAL,PWRCOGNICXX,CO2NIC,2,2036,0.2724
GLOBAL,PWRCOGNICXX,CO2NIC,2,2037,0.2724
GLOBAL,PWRCOGNICXX,CO2NIC,2,2038,0.2724
GLOBAL,PWRCOGNICXX,CO2NIC,2,2039,0.2724
GLOBAL,PWRCOGNICXX,CO2NIC,2,2040,0.2724
GLOBAL,PWRCOGNICXX,CO2NIC,2,2041,0.2724
GLOBAL,PWRCOGNICXX,CO2NIC,2,2042,0.2724
GLOBAL,PWRCOGNICXX,CO2NIC,2,2043,0.2724
GLOBAL,PWRCOGNICXX,CO2NIC,2,2044,0.2724
GLOBAL,PWRCOGNICXX,CO2NIC,2,2045,0.2724
GLOBAL,PWRCOGNICXX,CO2NIC,2,2046,0.2724
GLOBAL,PWRCOGNICXX,CO2NIC,2,2047,0.2724
GLOBAL,PWRCOGNICXX,CO2NIC,2,2048,0.2724
GLOBAL,PWRCOGNICXX,CO2NIC,2,2049,0.2724
GLOBAL,PWRCOGNICXX,CO2NIC,2,2050,0.2724
GLOBAL,PWRCOGPANXX,CO2PAN,1,2023,0.2724
GLOBAL,PWRCOGPANXX,CO2PAN,1,2024,0.2724
GLOBAL,PWRCOGPANXX,CO2PAN,1,2025,0.2724
GLOBAL,PWRCOGPANXX,CO2PAN,1,2026,0.2724
GLOBAL,PWRCOGPANXX,CO2PAN,1,2027,0.2724
GLOBAL,PWRCOGPANXX,CO2PAN,1,2028,0.2724
GLOBAL,PWRCOGPANXX,CO2PAN,1,2029,0.2724
GLOBAL,PWRCOGPANXX,CO2PAN,1,2030,0.2724
GLOBAL,PWRCOGPANXX,CO2PAN,1,2031,0.2724
GLOBAL,PWRCOGPANXX,CO2PAN,1,2032,0.2724
GLOBAL,PWRCOGPANXX,CO2PAN,1,2033,0.2724
GLOBAL,PWRCOGPANXX,CO2PAN,1,2034,0.2724
GLOBAL,PWRCOGPANXX,CO2PAN,1,2035,0.2724
GLOBAL,PWRCOGPANXX,CO2PAN,1,2036,0.2724
GLOBAL,PWRCOGPANXX,CO2PAN,1,2037,0.2724
GLOBAL,PWRCOGPANXX,CO2PAN,1,2038,0.2724
GLOBAL,PWRCOGPANXX,CO2PAN,1,2039,0.2724
GLOBAL,PWRCOGPANXX,CO2PAN,1,2040,0.2724
GLOBAL,PWRCOGPANXX,CO2PAN,1,2041,0.2724
GLOBAL,PWRCOGPANXX,CO2PAN,1,2042,0.2724
GLOBAL,PWRCOGPANXX,CO2PAN,1,2043,0.2724
GLOBAL,PWRCOGPANXX,CO2PAN,1,2044,0.2724
GLOBAL,PWRCOGPANXX,CO2PAN,1,2045,0.2724
GLOBAL,PWRCOGPANXX,CO2PAN,1,2046,0.2724
GLOBAL,PWRCOGPANXX,CO2PAN,1,2047,0.2724
GLOBAL,PWRCOGPANXX,CO2PAN,1,2048,0.2724
GLOBAL,PWRCOGPANXX,CO2PAN,1,2049,0.2724
GLOBAL,PWRCOGPANXX,CO2PAN,1,2050,0.2724
GLOBAL,PWRCOGPANXX,CO2PAN,2,2023,0.2724
GLOBAL,PWRCOGPANXX,CO2PAN,2,2024,0.2724
GLOBAL,PWRCOGPANXX,CO2PAN,2,2025,0.2724
GLOBAL,PWRCOGPANXX,CO2PAN,2,2026,0.2724
GLOBAL,PWRCOGPANXX,CO2PAN,2,2027,0.2724
GLOBAL,PWRCOGPANXX,CO2PAN,2,2028,0.2724
GLOBAL,PWRCOGPANXX,CO2PAN,2,2029,0.2724
GLOBAL,PWRCOGPANXX,CO2PAN,2,2030,0.2724
GLOBAL,PWRCOGPANXX,CO2PAN,2,2031,0.2724
GLOBAL,PWRCOGPANXX,CO2PAN,2,2032,0.2724
GLOBAL,PWRCOGPANXX,CO2PAN,2,2033,0.2724
GLOBAL,PWRCOGPANXX,CO2PAN,2,2034,0.2724
GLOBAL,PWRCOGPANXX,CO2PAN,2,2035,0.2724
GLOBAL,PWRCOGPANXX,CO2PAN,2,2036,0.2724
GLOBAL,PWRCOGPANXX,CO2PAN,2,2037,0.2724
GLOBAL,PWRCOGPANXX,CO2PAN,2,2038,0.2724
GLOBAL,PWRCOGPANXX,CO2PAN,2,2039,0.2724
GLOBAL,PWRCOGPANXX,CO2PAN,2,2040,0.2724
GLOBAL,PWRCOGPANXX,CO2PAN,2,2041,0.2724
GLOBAL,PWRCOGPANXX,CO2PAN,2,2042,0.2724
GLOBAL,PWRCOGPANXX,CO2PAN,2,2043,0.2724
GLOBAL,PWRCOGPANXX,CO2PAN,2,2044,0.2724
GLOBAL,PWRCOGPANXX,CO2PAN,2,2045,0.2724
GLOBAL,PWRCOGPANXX,CO2PAN,2,2046,0.2724
GLOBAL,PWRCOGPANXX,CO2PAN,2,2047,0.2724
GLOBAL,PWRCOGPANXX,CO2PAN,2,2048,0.2724
GLOBAL,PWRCOGPANXX,CO2PAN,2,2049,0.2724
GLOBAL,PWRCOGPANXX,CO2PAN,2,2050,0.2724
GLOBAL,PWRCOGPERXX,CO2PER,1,2023,0.2724
GLOBAL,PWRCOGPERXX,CO2PER,1,2024,0.2724
GLOBAL,PWRCOGPERXX,CO2PER,1,2025,0.2724
GLOBAL,PWRCOGPERXX,CO2PER,1,2026,0.2724
GLOBAL,PWRCOGPERXX,CO2PER,1,2027,0.2724
GLOBAL,PWRCOGPERXX,CO2PER,1,2028,0.2724
GLOBAL,PWRCOGPERXX,CO2PER,1,2029,0.2724
GLOBAL,PWRCOGPERXX,CO2PER,1,2030,0.2724
GLOBAL,PWRCOGPERXX,CO2PER,1,2031,0.2724
GLOBAL,PWRCOGPERXX,CO2PER,1,2032,0.2724
GLOBAL,PWRCOGPERXX,CO2PER,1,2033,0.2724
GLOBAL,PWRCOGPERXX,CO2PER,1,2034,0.2724
GLOBAL,PWRCOGPERXX,CO2PER,1,2035,0.2724
GLOBAL,PWRCOGPERXX,CO2PER,1,2036,0.2724
GLOBAL,PWRCOGPERXX,CO2PER,1,2037,0.2724
GLOBAL,PWRCOGPERXX,CO2PER,1,2038,0.2724
GLOBAL,PWRCOGPERXX,CO2PER,1,2039,0.2724
GLOBAL,PWRCOGPERXX,CO2PER,1,2040,0.2724
GLOBAL,PWRCOGPERXX,CO2PER,1,2041,0.2724
GLOBAL,PWRCOGPERXX,CO2PER,1,2042,0.2724
GLOBAL,PWRCOGPERXX,CO2PER,1,2043,0.2724
GLOBAL,PWRCOGPERXX,CO2PER,1,2044,0.2724
GLOBAL,PWRCOGPERXX,CO2PER,1,2045,0.2724
GLOBAL,PWRCOGPERXX,CO2PER,1,2046,0.2724
GLOBAL,PWRCOGPERXX,CO2PER,1,2047,0.2724
GLOBAL,PWRCOGPERXX,CO2PER,1,2048,0.2724
GLOBAL,PWRCOGPERXX,CO2PER,1,2049,0.2724
GLOBAL,PWRCOGPERXX,CO2PER,1,2050,0.2724
GLOBAL,PWRCOGPERXX,CO2PER,2,2023,0.2724
GLOBAL,PWRCOGPERXX,CO2PER,2,2024,0.2724
GLOBAL,PWRCOGPERXX,CO2PER,2,2025,0.2724
GLOBAL,PWRCOGPERXX,CO2PER,2,2026,0.2724
GLOBAL,PWRCOGPERXX,CO2PER,2,2027,0.2724
GLOBAL,PWRCOGPERXX,CO2PER,2,2028,0.2724
GLOBAL,PWRCOGPERXX,CO2PER,2,2029,0.2724
GLOBAL,PWRCOGPERXX,CO2PER,2,2030,0.2724
GLOBAL,PWRCOGPERXX,CO2PER,2,2031,0.2724
GLOBAL,PWRCOGPERXX,CO2PER,2,2032,0.2724
GLOBAL,PWRCOGPERXX,CO2PER,2,2033,0.2724
GLOBAL,PWRCOGPERXX,CO2PER,2,2034,0.2724
GLOBAL,PWRCOGPERXX,CO2PER,2,2035,0.2724
GLOBAL,PWRCOGPERXX,CO2PER,2,2036,0.2724
GLOBAL,PWRCOGPERXX,CO2PER,2,2037,0.2724
GLOBAL,PWRCOGPERXX,CO2PER,2,2038,0.2724
GLOBAL,PWRCOGPERXX,CO2PER,2,2039,0.2724
GLOBAL,PWRCOGPERXX,CO2PER,2,2040,0.2724
GLOBAL,PWRCOGPERXX,CO2PER,2,2041,0.2724
GLOBAL,PWRCOGPERXX,CO2PER,2,2042,0.2724
GLOBAL,PWRCOGPERXX,CO2PER,2,2043,0.2724
GLOBAL,PWRCOGPERXX,CO2PER,2,2044,0.2724
GLOBAL,PWRCOGPERXX,CO2PER,2,2045,0.2724
GLOBAL,PWRCOGPERXX,CO2PER,2,2046,0.2724
GLOBAL,PWRCOGPERXX,CO2PER,2,2047,0.2724
GLOBAL,PWRCOGPERXX,CO2PER,2,2048,0.2724
GLOBAL,PWRCOGPERXX,CO2PER,2,2049,0.2724
GLOBAL,PWRCOGPERXX,CO2PER,2,2050,0.2724
GLOBAL,PWRCOGPRYXX,CO2PRY,1,2023,0.2724
GLOBAL,PWRCOGPRYXX,CO2PRY,1,2024,0.2724
GLOBAL,PWRCOGPRYXX,CO2PRY,1,2025,0.2724
GLOBAL,PWRCOGPRYXX,CO2PRY,1,2026,0.2724
GLOBAL,PWRCOGPRYXX,CO2PRY,1,2027,0.2724
GLOBAL,PWRCOGPRYXX,CO2PRY,1,2028,0.2724
GLOBAL,PWRCOGPRYXX,CO2PRY,1,2029,0.2724
GLOBAL,PWRCOGPRYXX,CO2PRY,1,2030,0.2724
GLOBAL,PWRCOGPRYXX,CO2PRY,1,2031,0.2724
GLOBAL,PWRCOGPRYXX,CO2PRY,1,2032,0.2724
GLOBAL,PWRCOGPRYXX,CO2PRY,1,2033,0.2724
GLOBAL,PWRCOGPRYXX,CO2PRY,1,2034,0.2724
GLOBAL,PWRCOGPRYXX,CO2PRY,1,2035,0.2724
GLOBAL,PWRCOGPRYXX,CO2PRY,1,2036,0.2724
GLOBAL,PWRCOGPRYXX,CO2PRY,1,2037,0.2724
GLOBAL,PWRCOGPRYXX,CO2PRY,1,2038,0.2724
GLOBAL,PWRCOGPRYXX,CO2PRY,1,2039,0.2724
GLOBAL,PWRCOGPRYXX,CO2PRY,1,2040,0.2724
GLOBAL,PWRCOGPRYXX,CO2PRY,1,2041,0.2724
GLOBAL,PWRCOGPRYXX,CO2PRY,1,2042,0.2724
GLOBAL,PWRCOGPRYXX,CO2PRY,1,2043,0.2724
GLOBAL,PWRCOGPRYXX,CO2PRY,1,2044,0.2724
GLOBAL,PWRCOGPRYXX,CO2PRY,1,2045,0.2724
GLOBAL,PWRCOGPRYXX,CO2PRY,1,2046,0.2724
GLOBAL,PWRCOGPRYXX,CO2PRY,1,2047,0.2724
GLOBAL,PWRCOGPRYXX,CO2PRY,1,2048,0.2724
GLOBAL,PWRCOGPRYXX,CO2PRY,1,2049,0.2724
GLOBAL,PWRCOGPRYXX,CO2PRY,1,2050,0.2724
GLOBAL,PWRCOGPRYXX,CO2PRY,2,2023,0.2724
GLOBAL,PWRCOGPRYXX,CO2PRY,2,2024,0.2724
GLOBAL,PWRCOGPRYXX,CO2PRY,2,2025,0.2724
GLOBAL,PWRCOGPRYXX,CO2PRY,2,2026,0.2724
GLOBAL,PWRCOGPRYXX,CO2PRY,2,2027,0.2724
GLOBAL,PWRCOGPRYXX,CO2PRY,2,2028,0.2724
GLOBAL,PWRCOGPRYXX,CO2PRY,2,2029,0.2724
GLOBAL,PWRCOGPRYXX,CO2PRY,2,2030,0.2724
GLOBAL,PWRCOGPRYXX,CO2PRY,2,2031,0.2724
GLOBAL,PWRCOGPRYXX,CO2PRY,2,2032,0.2724
GLOBAL,PWRCOGPRYXX,CO2PRY,2,2033,0.2724
GLOBAL,PWRCOGPRYXX,CO2PRY,2,2034,0.2724
GLOBAL,PWRCOGPRYXX,CO2PRY,2,2035,0.2724
GLOBAL,PWRCOGPRYXX,CO2PRY,2,2036,0.2724
GLOBAL,PWRCOGPRYXX,CO2PRY,2,2037,0.2724
GLOBAL,PWRCOGPRYXX,CO2PRY,2,2038,0.2724
GLOBAL,PWRCOGPRYXX,CO2PRY,2,2039,0.2724
GLOBAL,PWRCOGPRYXX,CO2PRY,2,2040,0.2724
GLOBAL,PWRCOGPRYXX,CO2PRY,2,2041,0.2724
GLOBAL,PWRCOGPRYXX,CO2PRY,2,2042,0.2724
GLOBAL,PWRCOGPRYXX,CO2PRY,2,2043,0.2724
GLOBAL,PWRCOGPRYXX,CO2PRY,2,2044,0.2724
GLOBAL,PWRCOGPRYXX,CO2PRY,2,2045,0.2724
GLOBAL,PWRCOGPRYXX,CO2PRY,2,2046,0.2724
GLOBAL,PWRCOGPRYXX,CO2PRY,2,2047,0.2724
GLOBAL,PWRCOGPRYXX,CO2PRY,2,2048,0.2724
GLOBAL,PWRCOGPRYXX,CO2PRY,2,2049,0.2724
GLOBAL,PWRCOGPRYXX,CO2PRY,2,2050,0.2724
GLOBAL,PWRCOGSLVXX,CO2SLV,1,2023,0.2724
GLOBAL,PWRCOGSLVXX,CO2SLV,1,2024,0.2724
GLOBAL,PWRCOGSLVXX,CO2SLV,1,2025,0.2724
GLOBAL,PWRCOGSLVXX,CO2SLV,1,2026,0.2724
GLOBAL,PWRCOGSLVXX,CO2SLV,1,2027,0.2724
GLOBAL,PWRCOGSLVXX,CO2SLV,1,2028,0.2724
GLOBAL,PWRCOGSLVXX,CO2SLV,1,2029,0.2724
GLOBAL,PWRCOGSLVXX,CO2SLV,1,2030,0.2724
GLOBAL,PWRCOGSLVXX,CO2SLV,1,2031,0.2724
GLOBAL,PWRCOGSLVXX,CO2SLV,1,2032,0.2724
GLOBAL,PWRCOGSLVXX,CO2SLV,1,2033,0.2724
GLOBAL,PWRCOGSLVXX,CO2SLV,1,2034,0.2724
GLOBAL,PWRCOGSLVXX,CO2SLV,1,2035,0.2724
GLOBAL,PWRCOGSLVXX,CO2SLV,1,2036,0.2724
GLOBAL,PWRCOGSLVXX,CO2SLV,1,2037,0.2724
GLOBAL,PWRCOGSLVXX,CO2SLV,1,2038,0.2724
GLOBAL,PWRCOGSLVXX,CO2SLV,1,2039,0.2724
GLOBAL,PWRCOGSLVXX,CO2SLV,1,2040,0.2724
GLOBAL,PWRCOGSLVXX,CO2SLV,1,2041,0.2724
GLOBAL,PWRCOGSLVXX,CO2SLV,1,2042,0.2724
GLOBAL,PWRCOGSLVXX,CO2SLV,1,2043,0.2724
GLOBAL,PWRCOGSLVXX,CO2SLV,1,2044,0.2724
GLOBAL,PWRCOGSLVXX,CO2SLV,1,2045,0.2724
GLOBAL,PWRCOGSLVXX,CO2SLV,1,2046,0.2724
GLOBAL,PWRCOGSLVXX,CO2SLV,1,2047,0.2724
GLOBAL,PWRCOGSLVXX,CO2SLV,1,2048,0.2724
GLOBAL,PWRCOGSLVXX,CO2SLV,1,2049,0.2724
GLOBAL,PWRCOGSLVXX,CO2SLV,1,2050,0.2724
GLOBAL,PWRCOGSLVXX,CO2SLV,2,2023,0.2724
GLOBAL,PWRCOGSLVXX,CO2SLV,2,2024,0.2724
GLOBAL,PWRCOGSLVXX,CO2SLV,2,2025,0.2724
GLOBAL,PWRCOGSLVXX,CO2SLV,2,2026,0.2724
GLOBAL,PWRCOGSLVXX,CO2SLV,2,2027,0.2724
GLOBAL,PWRCOGSLVXX,CO2SLV,2,2028,0.2724
GLOBAL,PWRCOGSLVXX,CO2SLV,2,2029,0.2724
GLOBAL,PWRCOGSLVXX,CO2SLV,2,2030,0.2724
GLOBAL,PWRCOGSLVXX,CO2SLV,2,2031,0.2724
GLOBAL,PWRCOGSLVXX,CO2SLV,2,2032,0.2724
GLOBAL,PWRCOGSLVXX,CO2SLV,2,2033,0.2724
GLOBAL,PWRCOGSLVXX,CO2SLV,2,2034,0.2724
GLOBAL,PWRCOGSLVXX,CO2SLV,2,2035,0.2724
GLOBAL,PWRCOGSLVXX,CO2SLV,2,2036,0.2724
GLOBAL,PWRCOGSLVXX,CO2SLV,2,2037,0.2724
GLOBAL,PWRCOGSLVXX,CO2SLV,2,2038,0.2724
GLOBAL,PWRCOGSLVXX,CO2SLV,2,2039,0.2724
GLOBAL,PWRCOGSLVXX,CO2SLV,2,2040,0.2724
GLOBAL,PWRCOGSLVXX,CO2SLV,2,2041,0.2724
GLOBAL,PWRCOGSLVXX,CO2SLV,2,2042,0.2724
GLOBAL,PWRCOGSLVXX,CO2SLV,2,2043,0.2724
GLOBAL,PWRCOGSLVXX,CO2SLV,2,2044,0.2724
GLOBAL,PWRCOGSLVXX,CO2SLV,2,2045,0.2724
GLOBAL,PWRCOGSLVXX,CO2SLV,2,2046,0.2724
GLOBAL,PWRCOGSLVXX,CO2SLV,2,2047,0.2724
GLOBAL,PWRCOGSLVXX,CO2SLV,2,2048,0.2724
GLOBAL,PWRCOGSLVXX,CO2SLV,2,2049,0.2724
GLOBAL,PWRCOGSLVXX,CO2SLV,2,2050,0.2724
GLOBAL,PWRCOGURYXX,CO2URY,1,2023,0.2724
GLOBAL,PWRCOGURYXX,CO2URY,1,2024,0.2724
GLOBAL,PWRCOGURYXX,CO2URY,1,2025,0.2724
GLOBAL,PWRCOGURYXX,CO2URY,1,2026,0.2724
GLOBAL,PWRCOGURYXX,CO2URY,1,2027,0.2724
GLOBAL,PWRCOGURYXX,CO2URY,1,2028,0.2724
GLOBAL,PWRCOGURYXX,CO2URY,1,2029,0.2724
GLOBAL,PWRCOGURYXX,CO2URY,1,2030,0.2724
GLOBAL,PWRCOGURYXX,CO2URY,1,2031,0.2724
GLOBAL,PWRCOGURYXX,CO2URY,1,2032,0.2724
GLOBAL,PWRCOGURYXX,CO2URY,1,2033,0.2724
GLOBAL,PWRCOGURYXX,CO2URY,1,2034,0.2724
GLOBAL,PWRCOGURYXX,CO2URY,1,2035,0.2724
GLOBAL,PWRCOGURYXX,CO2URY,1,2036,0.2724
GLOBAL,PWRCOGURYXX,CO2URY,1,2037,0.2724
GLOBAL,PWRCOGURYXX,CO2URY,1,2038,0.2724
GLOBAL,PWRCOGURYXX,CO2URY,1,2039,0.2724
GLOBAL,PWRCOGURYXX,CO2URY,1,2040,0.2724
GLOBAL,PWRCOGURYXX,CO2URY,1,2041,0.2724
GLOBAL,PWRCOGURYXX,CO2URY,1,2042,0.2724
GLOBAL,PWRCOGURYXX,CO2URY,1,2043,0.2724
GLOBAL,PWRCOGURYXX,CO2URY,1,2044,0.2724
GLOBAL,PWRCOGURYXX,CO2URY,1,2045,0.2724
GLOBAL,PWRCOGURYXX,CO2URY,1,2046,0.2724
GLOBAL,PWRCOGURYXX,CO2URY,1,2047,0.2724
GLOBAL,PWRCOGURYXX,CO2URY,1,2048,0.2724
GLOBAL,PWRCOGURYXX,CO2URY,1,2049,0.2724
GLOBAL,PWRCOGURYXX,CO2URY,1,2050,0.2724
GLOBAL,PWRCOGURYXX,CO2URY,2,2023,0.2724
GLOBAL,PWRCOGURYXX,CO2URY,2,2024,0.2724
GLOBAL,PWRCOGURYXX,CO2URY,2,2025,0.2724
GLOBAL,PWRCOGURYXX,CO2URY,2,2026,0.2724
GLOBAL,PWRCOGURYXX,CO2URY,2,2027,0.2724
GLOBAL,PWRCOGURYXX,CO2URY,2,2028,0.2724
GLOBAL,PWRCOGURYXX,CO2URY,2,2029,0.2724
GLOBAL,PWRCOGURYXX,CO2URY,2,2030,0.2724
GLOBAL,PWRCOGURYXX,CO2URY,2,2031,0.2724
GLOBAL,PWRCOGURYXX,CO2URY,2,2032,0.2724
GLOBAL,PWRCOGURYXX,CO2URY,2,2033,0.2724
GLOBAL,PWRCOGURYXX,CO2URY,2,2034,0.2724
GLOBAL,PWRCOGURYXX,CO2URY,2,2035,0.2724
GLOBAL,PWRCOGURYXX,CO2URY,2,2036,0.2724
GLOBAL,PWRCOGURYXX,CO2URY,2,2037,0.2724
GLOBAL,PWRCOGURYXX,CO2URY,2,2038,0.2724
GLOBAL,PWRCOGURYXX,CO2URY,2,2039,0.2724
GLOBAL,PWRCOGURYXX,CO2URY,2,2040,0.2724
GLOBAL,PWRCOGURYXX,CO2URY,2,2041,0.2724
GLOBAL,PWRCOGURYXX,CO2URY,2,2042,0.2724
GLOBAL,PWRCOGURYXX,CO2URY,2,2043,0.2724
GLOBAL,PWRCOGURYXX,CO2URY,2,2044,0.2724
GLOBAL,PWRCOGURYXX,CO2URY,2,2045,0.2724
GLOBAL,PWRCOGURYXX,CO2URY,2,2046,0.2724
GLOBAL,PWRCOGURYXX,CO2URY,2,2047,0.2724
GLOBAL,PWRCOGURYXX,CO2URY,2,2048,0.2724
GLOBAL,PWRCOGURYXX,CO2URY,2,2049,0.2724
GLOBAL,PWRCOGURYXX,CO2URY,2,2050,0.2724
GLOBAL,PWRNGSARGXX,CO2ARG,1,2023,0.1295
GLOBAL,PWRNGSARGXX,CO2ARG,1,2024,0.1295
GLOBAL,PWRNGSARGXX,CO2ARG,1,2025,0.1295
GLOBAL,PWRNGSARGXX,CO2ARG,1,2026,0.1295
GLOBAL,PWRNGSARGXX,CO2ARG,1,2027,0.1295
GLOBAL,PWRNGSARGXX,CO2ARG,1,2028,0.1295
GLOBAL,PWRNGSARGXX,CO2ARG,1,2029,0.1295
GLOBAL,PWRNGSARGXX,CO2ARG,1,2030,0.1295
GLOBAL,PWRNGSARGXX,CO2ARG,1,2031,0.1295
GLOBAL,PWRNGSARGXX,CO2ARG,1,2032,0.1295
GLOBAL,PWRNGSARGXX,CO2ARG,1,2033,0.1295
GLOBAL,PWRNGSARGXX,CO2ARG,1,2034,0.1295
GLOBAL,PWRNGSARGXX,CO2ARG,1,2035,0.1295
GLOBAL,PWRNGSARGXX,CO2ARG,1,2036,0.1295
GLOBAL,PWRNGSARGXX,CO2ARG,1,2037,0.1295
GLOBAL,PWRNGSARGXX,CO2ARG,1,2038,0.1295
GLOBAL,PWRNGSARGXX,CO2ARG,1,2039,0.1295
GLOBAL,PWRNGSARGXX,CO2ARG,1,2040,0.1295
GLOBAL,PWRNGSARGXX,CO2ARG,1,2041,0.1295
GLOBAL,PWRNGSARGXX,CO2ARG,1,2042,0.1295
GLOBAL,PWRNGSARGXX,CO2ARG,1,2043,0.1295
GLOBAL,PWRNGSARGXX,CO2ARG,1,2044,0.1295
GLOBAL,PWRNGSARGXX,CO2ARG,1,2045,0.1295
GLOBAL,PWRNGSARGXX,CO2ARG,1,2046,0.1295
GLOBAL,PWRNGSARGXX,CO2ARG,1,2047,0.1295
GLOBAL,PWRNGSARGXX,CO2ARG,1,2048,0.1295
GLOBAL,PWRNGSARGXX,CO2ARG,1,2049,0.1295
GLOBAL,PWRNGSARGXX,CO2ARG,1,2050,0.1295
GLOBAL,PWRNGSARGXX,CO2ARG,2,2023,0.1295
GLOBAL,PWRNGSARGXX,CO2ARG,2,2024,0.1295
GLOBAL,PWRNGSARGXX,CO2ARG,2,2025,0.1295
GLOBAL,PWRNGSARGXX,CO2ARG,2,2026,0.1295
GLOBAL,PWRNGSARGXX,CO2ARG,2,2027,0.1295
GLOBAL,PWRNGSARGXX,CO2ARG,2,2028,0.1295
GLOBAL,PWRNGSARGXX,CO2ARG,2,2029,0.1295
GLOBAL,PWRNGSARGXX,CO2ARG,2,2030,0.1295
GLOBAL,PWRNGSARGXX,CO2ARG,2,2031,0.1295
GLOBAL,PWRNGSARGXX,CO2ARG,2,2032,0.1295
GLOBAL,PWRNGSARGXX,CO2ARG,2,2033,0.1295
GLOBAL,PWRNGSARGXX,CO2ARG,2,2034,0.1295
GLOBAL,PWRNGSARGXX,CO2ARG,2,2035,0.1295
GLOBAL,PWRNGSARGXX,CO2ARG,2,2036,0.1295
GLOBAL,PWRNGSARGXX,CO2ARG,2,2037,0.1295
GLOBAL,PWRNGSARGXX,CO2ARG,2,2038,0.1295
GLOBAL,PWRNGSARGXX,CO2ARG,2,2039,0.1295
GLOBAL,PWRNGSARGXX,CO2ARG,2,2040,0.1295
GLOBAL,PWRNGSARGXX,CO2ARG,2,2041,0.1295
GLOBAL,PWRNGSARGXX,CO2ARG,2,2042,0.1295
GLOBAL,PWRNGSARGXX,CO2ARG,2,2043,0.1295
GLOBAL,PWRNGSARGXX,CO2ARG,2,2044,0.1295
GLOBAL,PWRNGSARGXX,CO2ARG,2,2045,0.1295
GLOBAL,PWRNGSARGXX,CO2ARG,2,2046,0.1295
GLOBAL,PWRNGSARGXX,CO2ARG,2,2047,0.1295
GLOBAL,PWRNGSARGXX,CO2ARG,2,2048,0.1295
GLOBAL,PWRNGSARGXX,CO2ARG,2,2049,0.1295
GLOBAL,PWRNGSARGXX,CO2ARG,2,2050,0.1295
GLOBAL,PWRNGSBOLXX,CO2BOL,1,2023,0.129
GLOBAL,PWRNGSBOLXX,CO2BOL,1,2024,0.129
GLOBAL,PWRNGSBOLXX,CO2BOL,1,2025,0.129
GLOBAL,PWRNGSBOLXX,CO2BOL,1,2026,0.129
GLOBAL,PWRNGSBOLXX,CO2BOL,1,2027,0.129
GLOBAL,PWRNGSBOLXX,CO2BOL,1,2028,0.129
GLOBAL,PWRNGSBOLXX,CO2BOL,1,2029,0.129
GLOBAL,PWRNGSBOLXX,CO2BOL,1,2030,0.129
GLOBAL,PWRNGSBOLXX,CO2BOL,1,2031,0.129
GLOBAL,PWRNGSBOLXX,CO2BOL,1,2032,0.129
GLOBAL,PWRNGSBOLXX,CO2BOL,1,2033,0.129
GLOBAL,PWRNGSBOLXX,CO2BOL,1,2034,0.129
GLOBAL,PWRNGSBOLXX,CO2BOL,1,2035,0.129
GLOBAL,PWRNGSBOLXX,CO2BOL,1,2036,0.129
GLOBAL,PWRNGSBOLXX,CO2BOL,1,2037,0.129
GLOBAL,PWRNGSBOLXX,CO2BOL,1,2038,0.129
GLOBAL,PWRNGSBOLXX,CO2BOL,1,2039,0.129
GLOBAL,PWRNGSBOLXX,CO2BOL,1,2040,0.129
GLOBAL,PWRNGSBOLXX,CO2BOL,1,2041,0.129
GLOBAL,PWRNGSBOLXX,CO2BOL,1,2042,0.129
GLOBAL,PWRNGSBOLXX,CO2BOL,1,2043,0.129
GLOBAL,PWRNGSBOLXX,CO2BOL,1,2044,0.129
GLOBAL,PWRNGSBOLXX,CO2BOL,1,2045,0.129
GLOBAL,PWRNGSBOLXX,CO2BOL,1,2046,0.129
GLOBAL,PWRNGSBOLXX,CO2BOL,1,2047,0.129
GLOBAL,PWRNGSBOLXX,CO2BOL,1,2048,0.129
GLOBAL,PWRNGSBOLXX,CO2BOL,1,2049,0.129
GLOBAL,PWRNGSBOLXX,CO2BOL,1,2050,0.129
GLOBAL,PWRNGSBOLXX,CO2BOL,2,2023,0.129
GLOBAL,PWRNGSBOLXX,CO2BOL,2,2024,0.129
GLOBAL,PWRNGSBOLXX,CO2BOL,2,2025,0.129
GLOBAL,PWRNGSBOLXX,CO2BOL,2,2026,0.129
GLOBAL,PWRNGSBOLXX,CO2BOL,2,2027,0.129
GLOBAL,PWRNGSBOLXX,CO2BOL,2,2028,0.129
GLOBAL,PWRNGSBOLXX,CO2BOL,2,2029,0.129
GLOBAL,PWRNGSBOLXX,CO2BOL,2,2030,0.129
GLOBAL,PWRNGSBOLXX,CO2BOL,2,2031,0.129
GLOBAL,PWRNGSBOLXX,CO2BOL,2,2032,0.129
GLOBAL,PWRNGSBOLXX,CO2BOL,2,2033,0.129
GLOBAL,PWRNGSBOLXX,CO2BOL,2,2034,0.129
GLOBAL,PWRNGSBOLXX,CO2BOL,2,2035,0.129
GLOBAL,PWRNGSBOLXX,CO2BOL,2,2036,0.129
GLOBAL,PWRNGSBOLXX,CO2BOL,2,2037,0.129
GLOBAL,PWRNGSBOLXX,CO2BOL,2,2038,0.129
GLOBAL,PWRNGSBOLXX,CO2BOL,2,2039,0.129
GLOBAL,PWRNGSBOLXX,CO2BOL,2,2040,0.129
GLOBAL,PWRNGSBOLXX,CO2BOL,2,2041,0.129
GLOBAL,PWRNGSBOLXX,CO2BOL,2,2042,0.129
GLOBAL,PWRNGSBOLXX,CO2BOL,2,2043,0.129
GLOBAL,PWRNGSBOLXX,CO2BOL,2,2044,0.129
GLOBAL,PWRNGSBOLXX,CO2BOL,2,2045,0.129
GLOBAL,PWRNGSBOLXX,CO2BOL,2,2046,0.129
GLOBAL,PWRNGSBOLXX,CO2BOL,2,2047,0.129
GLOBAL,PWRNGSBOLXX,CO2BOL,2,2048,0.129
GLOBAL,PWRNGSBOLXX,CO2BOL,2,2049,0.129
GLOBAL,PWRNGSBOLXX,CO2BOL,2,2050,0.129
GLOBAL,PWRNGSBRAXX,CO2BRA,1,2023,0.1321107142857142
GLOBAL,PWRNGSBRAXX,CO2BRA,1,2024,0.1321107142857142
GLOBAL,PWRNGSBRAXX,CO2BRA,1,2025,0.1321107142857142
GLOBAL,PWRNGSBRAXX,CO2BRA,1,2026,0.1321107142857142
GLOBAL,PWRNGSBRAXX,CO2BRA,1,2027,0.1321107142857142
GLOBAL,PWRNGSBRAXX,CO2BRA,1,2028,0.1321107142857142
GLOBAL,PWRNGSBRAXX,CO2BRA,1,2029,0.1321107142857142
GLOBAL,PWRNGSBRAXX,CO2BRA,1,2030,0.1321107142857142
GLOBAL,PWRNGSBRAXX,CO2BRA,1,2031,0.1321107142857142
GLOBAL,PWRNGSBRAXX,CO2BRA,1,2032,0.1321107142857142
GLOBAL,PWRNGSBRAXX,CO2BRA,1,2033,0.1321107142857142
GLOBAL,PWRNGSBRAXX,CO2BRA,1,2034,0.1321107142857142
GLOBAL,PWRNGSBRAXX,CO2BRA,1,2035,0.1321107142857142
GLOBAL,PWRNGSBRAXX,CO2BRA,1,2036,0.1321107142857142
GLOBAL,PWRNGSBRAXX,CO2BRA,1,2037,0.1321107142857142
GLOBAL,PWRNGSBRAXX,CO2BRA,1,2038,0.1321107142857142
GLOBAL,PWRNGSBRAXX,CO2BRA,1,2039,0.1321107142857142
GLOBAL,PWRNGSBRAXX,CO2BRA,1,2040,0.1321107142857142
GLOBAL,PWRNGSBRAXX,CO2BRA,1,2041,0.1321107142857142
GLOBAL,PWRNGSBRAXX,CO2BRA,1,2042,0.1321107142857142
GLOBAL,PWRNGSBRAXX,CO2BRA,1,2043,0.1321107142857142
GLOBAL,PWRNGSBRAXX,CO2BRA,1,2044,0.1321107142857142
GLOBAL,PWRNGSBRAXX,CO2BRA,1,2045,0.1321107142857142
GLOBAL,PWRNGSBRAXX,CO2BRA,1,2046,0.1321107142857142
GLOBAL,PWRNGSBRAXX,CO2BRA,1,2047,0.1321107142857142
GLOBAL,PWRNGSBRAXX,CO2BRA,1,2048,0.1321107142857142
GLOBAL,PWRNGSBRAXX,CO2BRA,1,2049,0.1321107142857142
GLOBAL,PWRNGSBRAXX,CO2BRA,1,2050,0.1321107142857142
GLOBAL,PWRNGSBRAXX,CO2BRA,2,2023,0.1321107142857142
GLOBAL,PWRNGSBRAXX,CO2BRA,2,2024,0.1321107142857142
GLOBAL,PWRNGSBRAXX,CO2BRA,2,2025,0.1321107142857142
GLOBAL,PWRNGSBRAXX,CO2BRA,2,2026,0.1321107142857142
GLOBAL,PWRNGSBRAXX,CO2BRA,2,2027,0.1321107142857142
GLOBAL,PWRNGSBRAXX,CO2BRA,2,2028,0.1321107142857142
GLOBAL,PWRNGSBRAXX,CO2BRA,2,2029,0.1321107142857142
GLOBAL,PWRNGSBRAXX,CO2BRA,2,2030,0.1321107142857142
GLOBAL,PWRNGSBRAXX,CO2BRA,2,2031,0.1321107142857142
GLOBAL,PWRNGSBRAXX,CO2BRA,2,2032,0.1321107142857142
GLOBAL,PWRNGSBRAXX,CO2BRA,2,2033,0.1321107142857142
GLOBAL,PWRNGSBRAXX,CO2BRA,2,2034,0.1321107142857142
GLOBAL,PWRNGSBRAXX,CO2BRA,2,2035,0.1321107142857142
GLOBAL,PWRNGSBRAXX,CO2BRA,2,2036,0.1321107142857142
GLOBAL,PWRNGSBRAXX,CO2BRA,2,2037,0.1321107142857142
GLOBAL,PWRNGSBRAXX,CO2BRA,2,2038,0.1321107142857142
GLOBAL,PWRNGSBRAXX,CO2BRA,2,2039,0.1321107142857142
GLOBAL,PWRNGSBRAXX,CO2BRA,2,2040,0.1321107142857142
GLOBAL,PWRNGSBRAXX,CO2BRA,2,2041,0.1321107142857142
GLOBAL,PWRNGSBRAXX,CO2BRA,2,2042,0.1321107142857142
GLOBAL,PWRNGSBRAXX,CO2BRA,2,2043,0.1321107142857142
GLOBAL,PWRNGSBRAXX,CO2BRA,2,2044,0.1321107142857142
GLOBAL,PWRNGSBRAXX,CO2BRA,2,2045,0.1321107142857142
GLOBAL,PWRNGSBRAXX,CO2BRA,2,2046,0.1321107142857142
GLOBAL,PWRNGSBRAXX,CO2BRA,2,2047,0.1321107142857142
GLOBAL,PWRNGSBRAXX,CO2BRA,2,2048,0.1321107142857142
GLOBAL,PWRNGSBRAXX,CO2BRA,2,2049,0.1321107142857142
GLOBAL,PWRNGSBRAXX,CO2BRA,2,2050,0.1321107142857142
GLOBAL,PWRNGSBRBXX,CO2BRB,1,2023,0.12735
GLOBAL,PWRNGSBRBXX,CO2BRB,1,2024,0.12735
GLOBAL,PWRNGSBRBXX,CO2BRB,1,2025,0.12735
GLOBAL,PWRNGSBRBXX,CO2BRB,1,2026,0.12735
GLOBAL,PWRNGSBRBXX,CO2BRB,1,2027,0.12735
GLOBAL,PWRNGSBRBXX,CO2BRB,1,2028,0.12735
GLOBAL,PWRNGSBRBXX,CO2BRB,1,2029,0.12735
GLOBAL,PWRNGSBRBXX,CO2BRB,1,2030,0.12735
GLOBAL,PWRNGSBRBXX,CO2BRB,1,2031,0.12735
GLOBAL,PWRNGSBRBXX,CO2BRB,1,2032,0.12735
GLOBAL,PWRNGSBRBXX,CO2BRB,1,2033,0.12735
GLOBAL,PWRNGSBRBXX,CO2BRB,1,2034,0.12735
GLOBAL,PWRNGSBRBXX,CO2BRB,1,2035,0.12735
GLOBAL,PWRNGSBRBXX,CO2BRB,1,2036,0.12735
GLOBAL,PWRNGSBRBXX,CO2BRB,1,2037,0.12735
GLOBAL,PWRNGSBRBXX,CO2BRB,1,2038,0.12735
GLOBAL,PWRNGSBRBXX,CO2BRB,1,2039,0.12735
GLOBAL,PWRNGSBRBXX,CO2BRB,1,2040,0.12735
GLOBAL,PWRNGSBRBXX,CO2BRB,1,2041,0.12735
GLOBAL,PWRNGSBRBXX,CO2BRB,1,2042,0.12735
GLOBAL,PWRNGSBRBXX,CO2BRB,1,2043,0.12735
GLOBAL,PWRNGSBRBXX,CO2BRB,1,2044,0.12735
GLOBAL,PWRNGSBRBXX,CO2BRB,1,2045,0.12735
GLOBAL,PWRNGSBRBXX,CO2BRB,1,2046,0.12735
GLOBAL,PWRNGSBRBXX,CO2BRB,1,2047,0.12735
GLOBAL,PWRNGSBRBXX,CO2BRB,1,2048,0.12735
GLOBAL,PWRNGSBRBXX,CO2BRB,1,2049,0.12735
GLOBAL,PWRNGSBRBXX,CO2BRB,1,2050,0.12735
GLOBAL,PWRNGSBRBXX,CO2BRB,2,2023,0.12735
GLOBAL,PWRNGSBRBXX,CO2BRB,2,2024,0.12735
GLOBAL,PWRNGSBRBXX,CO2BRB,2,2025,0.12735
GLOBAL,PWRNGSBRBXX,CO2BRB,2,2026,0.12735
GLOBAL,PWRNGSBRBXX,CO2BRB,2,2027,0.12735
GLOBAL,PWRNGSBRBXX,CO2BRB,2,2028,0.12735
GLOBAL,PWRNGSBRBXX,CO2BRB,2,2029,0.12735
GLOBAL,PWRNGSBRBXX,CO2BRB,2,2030,0.12735
GLOBAL,PWRNGSBRBXX,CO2BRB,2,2031,0.12735
GLOBAL,PWRNGSBRBXX,CO2BRB,2,2032,0.12735
GLOBAL,PWRNGSBRBXX,CO2BRB,2,2033,0.12735
GLOBAL,PWRNGSBRBXX,CO2BRB,2,2034,0.12735
GLOBAL,PWRNGSBRBXX,CO2BRB,2,2035,0.12735
GLOBAL,PWRNGSBRBXX,CO2BRB,2,2036,0.12735
GLOBAL,PWRNGSBRBXX,CO2BRB,2,2037,0.12735
GLOBAL,PWRNGSBRBXX,CO2BRB,2,2038,0.12735
GLOBAL,PWRNGSBRBXX,CO2BRB,2,2039,0.12735
GLOBAL,PWRNGSBRBXX,CO2BRB,2,2040,0.12735
GLOBAL,PWRNGSBRBXX,CO2BRB,2,2041,0.12735
GLOBAL,PWRNGSBRBXX,CO2BRB,2,2042,0.12735
GLOBAL,PWRNGSBRBXX,CO2BRB,2,2043,0.12735
GLOBAL,PWRNGSBRBXX,CO2BRB,2,2044,0.12735
GLOBAL,PWRNGSBRBXX,CO2BRB,2,2045,0.12735
GLOBAL,PWRNGSBRBXX,CO2BRB,2,2046,0.12735
GLOBAL,PWRNGSBRBXX,CO2BRB,2,2047,0.12735
GLOBAL,PWRNGSBRBXX,CO2BRB,2,2048,0.12735
GLOBAL,PWRNGSBRBXX,CO2BRB,2,2049,0.12735
GLOBAL,PWRNGSBRBXX,CO2BRB,2,2050,0.12735
GLOBAL,PWRNGSCHLXX,CO2CHL,1,2023,0.132625
GLOBAL,PWRNGSCHLXX,CO2CHL,1,2024,0.132625
GLOBAL,PWRNGSCHLXX,CO2CHL,1,2025,0.132625
GLOBAL,PWRNGSCHLXX,CO2CHL,1,2026,0.132625
GLOBAL,PWRNGSCHLXX,CO2CHL,1,2027,0.132625
GLOBAL,PWRNGSCHLXX,CO2CHL,1,2028,0.132625
GLOBAL,PWRNGSCHLXX,CO2CHL,1,2029,0.132625
GLOBAL,PWRNGSCHLXX,CO2CHL,1,2030,0.132625
GLOBAL,PWRNGSCHLXX,CO2CHL,1,2031,0.132625
GLOBAL,PWRNGSCHLXX,CO2CHL,1,2032,0.132625
GLOBAL,PWRNGSCHLXX,CO2CHL,1,2033,0.132625
GLOBAL,PWRNGSCHLXX,CO2CHL,1,2034,0.132625
GLOBAL,PWRNGSCHLXX,CO2CHL,1,2035,0.132625
GLOBAL,PWRNGSCHLXX,CO2CHL,1,2036,0.132625
GLOBAL,PWRNGSCHLXX,CO2CHL,1,2037,0.132625
GLOBAL,PWRNGSCHLXX,CO2CHL,1,2038,0.132625
GLOBAL,PWRNGSCHLXX,CO2CHL,1,2039,0.132625
GLOBAL,PWRNGSCHLXX,CO2CHL,1,2040,0.132625
GLOBAL,PWRNGSCHLXX,CO2CHL,1,2041,0.132625
GLOBAL,PWRNGSCHLXX,CO2CHL,1,2042,0.132625
GLOBAL,PWRNGSCHLXX,CO2CHL,1,2043,0.132625
GLOBAL,PWRNGSCHLXX,CO2CHL,1,2044,0.132625
GLOBAL,PWRNGSCHLXX,CO2CHL,1,2045,0.132625
GLOBAL,PWRNGSCHLXX,CO2CHL,1,2046,0.132625
GLOBAL,PWRNGSCHLXX,CO2CHL,1,2047,0.132625
GLOBAL,PWRNGSCHLXX,CO2CHL,1,2048,0.132625
GLOBAL,PWRNGSCHLXX,CO2CHL,1,2049,0.132625
GLOBAL,PWRNGSCHLXX,CO2CHL,1,2050,0.132625
GLOBAL,PWRNGSCHLXX,CO2CHL,2,2023,0.132625
GLOBAL,PWRNGSCHLXX,CO2CHL,2,2024,0.132625
GLOBAL,PWRNGSCHLXX,CO2CHL,2,2025,0.132625
GLOBAL,PWRNGSCHLXX,CO2CHL,2,2026,0.132625
GLOBAL,PWRNGSCHLXX,CO2CHL,2,2027,0.132625
GLOBAL,PWRNGSCHLXX,CO2CHL,2,2028,0.132625
GLOBAL,PWRNGSCHLXX,CO2CHL,2,2029,0.132625
GLOBAL,PWRNGSCHLXX,CO2CHL,2,2030,0.132625
GLOBAL,PWRNGSCHLXX,CO2CHL,2,2031,0.132625
GLOBAL,PWRNGSCHLXX,CO2CHL,2,2032,0.132625
GLOBAL,PWRNGSCHLXX,CO2CHL,2,2033,0.132625
GLOBAL,PWRNGSCHLXX,CO2CHL,2,2034,0.132625
GLOBAL,PWRNGSCHLXX,CO2CHL,2,2035,0.132625
GLOBAL,PWRNGSCHLXX,CO2CHL,2,2036,0.132625
GLOBAL,PWRNGSCHLXX,CO2CHL,2,2037,0.132625
GLOBAL,PWRNGSCHLXX,CO2CHL,2,2038,0.132625
GLOBAL,PWRNGSCHLXX,CO2CHL,2,2039,0.132625
GLOBAL,PWRNGSCHLXX,CO2CHL,2,2040,0.132625
GLOBAL,PWRNGSCHLXX,CO2CHL,2,2041,0.132625
GLOBAL,PWRNGSCHLXX,CO2CHL,2,2042,0.132625
GLOBAL,PWRNGSCHLXX,CO2CHL,2,2043,0.132625
GLOBAL,PWRNGSCHLXX,CO2CHL,2,2044,0.132625
GLOBAL,PWRNGSCHLXX,CO2CHL,2,2045,0.132625
GLOBAL,PWRNGSCHLXX,CO2CHL,2,2046,0.132625
GLOBAL,PWRNGSCHLXX,CO2CHL,2,2047,0.132625
GLOBAL,PWRNGSCHLXX,CO2CHL,2,2048,0.132625
GLOBAL,PWRNGSCHLXX,CO2CHL,2,2049,0.132625
GLOBAL,PWRNGSCHLXX,CO2CHL,2,2050,0.132625
GLOBAL,PWRNGSCOLXX,CO2COL,1,2023,0.13075
GLOBAL,PWRNGSCOLXX,CO2COL,1,2024,0.13075
GLOBAL,PWRNGSCOLXX,CO2COL,1,2025,0.13075
GLOBAL,PWRNGSCOLXX,CO2COL,1,2026,0.13075
GLOBAL,PWRNGSCOLXX,CO2COL,1,2027,0.13075
GLOBAL,PWRNGSCOLXX,CO2COL,1,2028,0.13075
GLOBAL,PWRNGSCOLXX,CO2COL,1,2029,0.13075
GLOBAL,PWRNGSCOLXX,CO2COL,1,2030,0.13075
GLOBAL,PWRNGSCOLXX,CO2COL,1,2031,0.13075
GLOBAL,PWRNGSCOLXX,CO2COL,1,2032,0.13075
GLOBAL,PWRNGSCOLXX,CO2COL,1,2033,0.13075
GLOBAL,PWRNGSCOLXX,CO2COL,1,2034,0.13075
GLOBAL,PWRNGSCOLXX,CO2COL,1,2035,0.13075
GLOBAL,PWRNGSCOLXX,CO2COL,1,2036,0.13075
GLOBAL,PWRNGSCOLXX,CO2COL,1,2037,0.13075
GLOBAL,PWRNGSCOLXX,CO2COL,1,2038,0.13075
GLOBAL,PWRNGSCOLXX,CO2COL,1,2039,0.13075
GLOBAL,PWRNGSCOLXX,CO2COL,1,2040,0.13075
GLOBAL,PWRNGSCOLXX,CO2COL,1,2041,0.13075
GLOBAL,PWRNGSCOLXX,CO2COL,1,2042,0.13075
GLOBAL,PWRNGSCOLXX,CO2COL,1,2043,0.13075
GLOBAL,PWRNGSCOLXX,CO2COL,1,2044,0.13075
GLOBAL,PWRNGSCOLXX,CO2COL,1,2045,0.13075
GLOBAL,PWRNGSCOLXX,CO2COL,1,2046,0.13075
GLOBAL,PWRNGSCOLXX,CO2COL,1,2047,0.13075
GLOBAL,PWRNGSCOLXX,CO2COL,1,2048,0.13075
GLOBAL,PWRNGSCOLXX,CO2COL,1,2049,0.13075
GLOBAL,PWRNGSCOLXX,CO2COL,1,2050,0.13075
GLOBAL,PWRNGSCOLXX,CO2COL,2,2023,0.13075
GLOBAL,PWRNGSCOLXX,CO2COL,2,2024,0.13075
GLOBAL,PWRNGSCOLXX,CO2COL,2,2025,0.13075
GLOBAL,PWRNGSCOLXX,CO2COL,2,2026,0.13075
GLOBAL,PWRNGSCOLXX,CO2COL,2,2027,0.13075
GLOBAL,PWRNGSCOLXX,CO2COL,2,2028,0.13075
GLOBAL,PWRNGSCOLXX,CO2COL,2,2029,0.13075
GLOBAL,PWRNGSCOLXX,CO2COL,2,2030,0.13075
GLOBAL,PWRNGSCOLXX,CO2COL,2,2031,0.13075
GLOBAL,PWRNGSCOLXX,CO2COL,2,2032,0.13075
GLOBAL,PWRNGSCOLXX,CO2COL,2,2033,0.13075
GLOBAL,PWRNGSCOLXX,CO2COL,2,2034,0.13075
GLOBAL,PWRNGSCOLXX,CO2COL,2,2035,0.13075
GLOBAL,PWRNGSCOLXX,CO2COL,2,2036,0.13075
GLOBAL,PWRNGSCOLXX,CO2COL,2,2037,0.13075
GLOBAL,PWRNGSCOLXX,CO2COL,2,2038,0.13075
GLOBAL,PWRNGSCOLXX,CO2COL,2,2039,0.13075
GLOBAL,PWRNGSCOLXX,CO2COL,2,2040,0.13075
GLOBAL,PWRNGSCOLXX,CO2COL,2,2041,0.13075
GLOBAL,PWRNGSCOLXX,CO2COL,2,2042,0.13075
GLOBAL,PWRNGSCOLXX,CO2COL,2,2043,0.13075
GLOBAL,PWRNGSCOLXX,CO2COL,2,2044,0.13075
GLOBAL,PWRNGSCOLXX,CO2COL,2,2045,0.13075
GLOBAL,PWRNGSCOLXX,CO2COL,2,2046,0.13075
GLOBAL,PWRNGSCOLXX,CO2COL,2,2047,0.13075
GLOBAL,PWRNGSCOLXX,CO2COL,2,2048,0.13075
GLOBAL,PWRNGSCOLXX,CO2COL,2,2049,0.13075
GLOBAL,PWRNGSCOLXX,CO2COL,2,2050,0.13075
GLOBAL,PWRNGSCRIXX,CO2CRI,1,2023,0.13075
GLOBAL,PWRNGSCRIXX,CO2CRI,1,2024,0.13075
GLOBAL,PWRNGSCRIXX,CO2CRI,1,2025,0.13075
GLOBAL,PWRNGSCRIXX,CO2CRI,1,2026,0.13075
GLOBAL,PWRNGSCRIXX,CO2CRI,1,2027,0.13075
GLOBAL,PWRNGSCRIXX,CO2CRI,1,2028,0.13075
GLOBAL,PWRNGSCRIXX,CO2CRI,1,2029,0.13075
GLOBAL,PWRNGSCRIXX,CO2CRI,1,2030,0.13075
GLOBAL,PWRNGSCRIXX,CO2CRI,1,2031,0.13075
GLOBAL,PWRNGSCRIXX,CO2CRI,1,2032,0.13075
GLOBAL,PWRNGSCRIXX,CO2CRI,1,2033,0.13075
GLOBAL,PWRNGSCRIXX,CO2CRI,1,2034,0.13075
GLOBAL,PWRNGSCRIXX,CO2CRI,1,2035,0.13075
GLOBAL,PWRNGSCRIXX,CO2CRI,1,2036,0.13075
GLOBAL,PWRNGSCRIXX,CO2CRI,1,2037,0.13075
GLOBAL,PWRNGSCRIXX,CO2CRI,1,2038,0.13075
GLOBAL,PWRNGSCRIXX,CO2CRI,1,2039,0.13075
GLOBAL,PWRNGSCRIXX,CO2CRI,1,2040,0.13075
GLOBAL,PWRNGSCRIXX,CO2CRI,1,2041,0.13075
GLOBAL,PWRNGSCRIXX,CO2CRI,1,2042,0.13075
GLOBAL,PWRNGSCRIXX,CO2CRI,1,2043,0.13075
GLOBAL,PWRNGSCRIXX,CO2CRI,1,2044,0.13075
GLOBAL,PWRNGSCRIXX,CO2CRI,1,2045,0.13075
GLOBAL,PWRNGSCRIXX,CO2CRI,1,2046,0.13075
GLOBAL,PWRNGSCRIXX,CO2CRI,1,2047,0.13075
GLOBAL,PWRNGSCRIXX,CO2CRI,1,2048,0.13075
GLOBAL,PWRNGSCRIXX,CO2CRI,1,2049,0.13075
GLOBAL,PWRNGSCRIXX,CO2CRI,1,2050,0.13075
GLOBAL,PWRNGSCRIXX,CO2CRI,2,2023,0.13075
GLOBAL,PWRNGSCRIXX,CO2CRI,2,2024,0.13075
GLOBAL,PWRNGSCRIXX,CO2CRI,2,2025,0.13075
GLOBAL,PWRNGSCRIXX,CO2CRI,2,2026,0.13075
GLOBAL,PWRNGSCRIXX,CO2CRI,2,2027,0.13075
GLOBAL,PWRNGSCRIXX,CO2CRI,2,2028,0.13075
GLOBAL,PWRNGSCRIXX,CO2CRI,2,2029,0.13075
GLOBAL,PWRNGSCRIXX,CO2CRI,2,2030,0.13075
GLOBAL,PWRNGSCRIXX,CO2CRI,2,2031,0.13075
GLOBAL,PWRNGSCRIXX,CO2CRI,2,2032,0.13075
GLOBAL,PWRNGSCRIXX,CO2CRI,2,2033,0.13075
GLOBAL,PWRNGSCRIXX,CO2CRI,2,2034,0.13075
GLOBAL,PWRNGSCRIXX,CO2CRI,2,2035,0.13075
GLOBAL,PWRNGSCRIXX,CO2CRI,2,2036,0.13075
GLOBAL,PWRNGSCRIXX,CO2CRI,2,2037,0.13075
GLOBAL,PWRNGSCRIXX,CO2CRI,2,2038,0.13075
GLOBAL,PWRNGSCRIXX,CO2CRI,2,2039,0.13075
GLOBAL,PWRNGSCRIXX,CO2CRI,2,2040,0.13075
GLOBAL,PWRNGSCRIXX,CO2CRI,2,2041,0.13075
GLOBAL,PWRNGSCRIXX,CO2CRI,2,2042,0.13075
GLOBAL,PWRNGSCRIXX,CO2CRI,2,2043,0.13075
GLOBAL,PWRNGSCRIXX,CO2CRI,2,2044,0.13075
GLOBAL,PWRNGSCRIXX,CO2CRI,2,2045,0.13075
GLOBAL,PWRNGSCRIXX,CO2CRI,2,2046,0.13075
GLOBAL,PWRNGSCRIXX,CO2CRI,2,2047,0.13075
GLOBAL,PWRNGSCRIXX,CO2CRI,2,2048,0.13075
GLOBAL,PWRNGSCRIXX,CO2CRI,2,2049,0.13075
GLOBAL,PWRNGSCRIXX,CO2CRI,2,2050,0.13075
GLOBAL,PWRNGSDOMXX,CO2DOM,1,2023,0.13125
GLOBAL,PWRNGSDOMXX,CO2DOM,1,2024,0.13125
GLOBAL,PWRNGSDOMXX,CO2DOM,1,2025,0.13125
GLOBAL,PWRNGSDOMXX,CO2DOM,1,2026,0.13125
GLOBAL,PWRNGSDOMXX,CO2DOM,1,2027,0.13125
GLOBAL,PWRNGSDOMXX,CO2DOM,1,2028,0.13125
GLOBAL,PWRNGSDOMXX,CO2DOM,1,2029,0.13125
GLOBAL,PWRNGSDOMXX,CO2DOM,1,2030,0.13125
GLOBAL,PWRNGSDOMXX,CO2DOM,1,2031,0.13125
GLOBAL,PWRNGSDOMXX,CO2DOM,1,2032,0.13125
GLOBAL,PWRNGSDOMXX,CO2DOM,1,2033,0.13125
GLOBAL,PWRNGSDOMXX,CO2DOM,1,2034,0.13125
GLOBAL,PWRNGSDOMXX,CO2DOM,1,2035,0.13125
GLOBAL,PWRNGSDOMXX,CO2DOM,1,2036,0.13125
GLOBAL,PWRNGSDOMXX,CO2DOM,1,2037,0.13125
GLOBAL,PWRNGSDOMXX,CO2DOM,1,2038,0.13125
GLOBAL,PWRNGSDOMXX,CO2DOM,1,2039,0.13125
GLOBAL,PWRNGSDOMXX,CO2DOM,1,2040,0.13125
GLOBAL,PWRNGSDOMXX,CO2DOM,1,2041,0.13125
GLOBAL,PWRNGSDOMXX,CO2DOM,1,2042,0.13125
GLOBAL,PWRNGSDOMXX,CO2DOM,1,2043,0.13125
GLOBAL,PWRNGSDOMXX,CO2DOM,1,2044,0.13125
GLOBAL,PWRNGSDOMXX,CO2DOM,1,2045,0.13125
GLOBAL,PWRNGSDOMXX,CO2DOM,1,2046,0.13125
GLOBAL,PWRNGSDOMXX,CO2DOM,1,2047,0.13125
GLOBAL,PWRNGSDOMXX,CO2DOM,1,2048,0.13125
GLOBAL,PWRNGSDOMXX,CO2DOM,1,2049,0.13125
GLOBAL,PWRNGSDOMXX,CO2DOM,1,2050,0.13125
GLOBAL,PWRNGSDOMXX,CO2DOM,2,2023,0.13125
GLOBAL,PWRNGSDOMXX,CO2DOM,2,2024,0.13125
GLOBAL,PWRNGSDOMXX,CO2DOM,2,2025,0.13125
GLOBAL,PWRNGSDOMXX,CO2DOM,2,2026,0.13125
GLOBAL,PWRNGSDOMXX,CO2DOM,2,2027,0.13125
GLOBAL,PWRNGSDOMXX,CO2DOM,2,2028,0.13125
GLOBAL,PWRNGSDOMXX,CO2DOM,2,2029,0.13125
GLOBAL,PWRNGSDOMXX,CO2DOM,2,2030,0.13125
GLOBAL,PWRNGSDOMXX,CO2DOM,2,2031,0.13125
GLOBAL,PWRNGSDOMXX,CO2DOM,2,2032,0.13125
GLOBAL,PWRNGSDOMXX,CO2DOM,2,2033,0.13125
GLOBAL,PWRNGSDOMXX,CO2DOM,2,2034,0.13125
GLOBAL,PWRNGSDOMXX,CO2DOM,2,2035,0.13125
GLOBAL,PWRNGSDOMXX,CO2DOM,2,2036,0.13125
GLOBAL,PWRNGSDOMXX,CO2DOM,2,2037,0.13125
GLOBAL,PWRNGSDOMXX,CO2DOM,2,2038,0.13125
GLOBAL,PWRNGSDOMXX,CO2DOM,2,2039,0.13125
GLOBAL,PWRNGSDOMXX,CO2DOM,2,2040,0.13125
GLOBAL,PWRNGSDOMXX,CO2DOM,2,2041,0.13125
GLOBAL,PWRNGSDOMXX,CO2DOM,2,2042,0.13125
GLOBAL,PWRNGSDOMXX,CO2DOM,2,2043,0.13125
GLOBAL,PWRNGSDOMXX,CO2DOM,2,2044,0.13125
GLOBAL,PWRNGSDOMXX,CO2DOM,2,2045,0.13125
GLOBAL,PWRNGSDOMXX,CO2DOM,2,2046,0.13125
GLOBAL,PWRNGSDOMXX,CO2DOM,2,2047,0.13125
GLOBAL,PWRNGSDOMXX,CO2DOM,2,2048,0.13125
GLOBAL,PWRNGSDOMXX,CO2DOM,2,2049,0.13125
GLOBAL,PWRNGSDOMXX,CO2DOM,2,2050,0.13125
GLOBAL,PWRNGSECUXX,CO2ECU,1,2023,0.1281
GLOBAL,PWRNGSECUXX,CO2ECU,1,2024,0.1281
GLOBAL,PWRNGSECUXX,CO2ECU,1,2025,0.1281
GLOBAL,PWRNGSECUXX,CO2ECU,1,2026,0.1281
GLOBAL,PWRNGSECUXX,CO2ECU,1,2027,0.1281
GLOBAL,PWRNGSECUXX,CO2ECU,1,2028,0.1281
GLOBAL,PWRNGSECUXX,CO2ECU,1,2029,0.1281
GLOBAL,PWRNGSECUXX,CO2ECU,1,2030,0.1281
GLOBAL,PWRNGSECUXX,CO2ECU,1,2031,0.1281
GLOBAL,PWRNGSECUXX,CO2ECU,1,2032,0.1281
GLOBAL,PWRNGSECUXX,CO2ECU,1,2033,0.1281
GLOBAL,PWRNGSECUXX,CO2ECU,1,2034,0.1281
GLOBAL,PWRNGSECUXX,CO2ECU,1,2035,0.1281
GLOBAL,PWRNGSECUXX,CO2ECU,1,2036,0.1281
GLOBAL,PWRNGSECUXX,CO2ECU,1,2037,0.1281
GLOBAL,PWRNGSECUXX,CO2ECU,1,2038,0.1281
GLOBAL,PWRNGSECUXX,CO2ECU,1,2039,0.1281
GLOBAL,PWRNGSECUXX,CO2ECU,1,2040,0.1281
GLOBAL,PWRNGSECUXX,CO2ECU,1,2041,0.1281
GLOBAL,PWRNGSECUXX,CO2ECU,1,2042,0.1281
GLOBAL,PWRNGSECUXX,CO2ECU,1,2043,0.1281
GLOBAL,PWRNGSECUXX,CO2ECU,1,2044,0.1281
GLOBAL,PWRNGSECUXX,CO2ECU,1,2045,0.1281
GLOBAL,PWRNGSECUXX,CO2ECU,1,2046,0.1281
GLOBAL,PWRNGSECUXX,CO2ECU,1,2047,0.1281
GLOBAL,PWRNGSECUXX,CO2ECU,1,2048,0.1281
GLOBAL,PWRNGSECUXX,CO2ECU,1,2049,0.1281
GLOBAL,PWRNGSECUXX,CO2ECU,1,2050,0.1281
GLOBAL,PWRNGSECUXX,CO2ECU,2,2023,0.1281
GLOBAL,PWRNGSECUXX,CO2ECU,2,2024,0.1281
GLOBAL,PWRNGSECUXX,CO2ECU,2,2025,0.1281
GLOBAL,PWRNGSECUXX,CO2ECU,2,2026,0.1281
GLOBAL,PWRNGSECUXX,CO2ECU,2,2027,0.1281
GLOBAL,PWRNGSECUXX,CO2ECU,2,2028,0.1281
GLOBAL,PWRNGSECUXX,CO2ECU,2,2029,0.1281
GLOBAL,PWRNGSECUXX,CO2ECU,2,2030,0.1281
GLOBAL,PWRNGSECUXX,CO2ECU,2,2031,0.1281
GLOBAL,PWRNGSECUXX,CO2ECU,2,2032,0.1281
GLOBAL,PWRNGSECUXX,CO2ECU,2,2033,0.1281
GLOBAL,PWRNGSECUXX,CO2ECU,2,2034,0.1281
GLOBAL,PWRNGSECUXX,CO2ECU,2,2035,0.1281
GLOBAL,PWRNGSECUXX,CO2ECU,2,2036,0.1281
GLOBAL,PWRNGSECUXX,CO2ECU,2,2037,0.1281
GLOBAL,PWRNGSECUXX,CO2ECU,2,2038,0.1281
GLOBAL,PWRNGSECUXX,CO2ECU,2,2039,0.1281
GLOBAL,PWRNGSECUXX,CO2ECU,2,2040,0.1281
GLOBAL,PWRNGSECUXX,CO2ECU,2,2041,0.1281
GLOBAL,PWRNGSECUXX,CO2ECU,2,2042,0.1281
GLOBAL,PWRNGSECUXX,CO2ECU,2,2043,0.1281
GLOBAL,PWRNGSECUXX,CO2ECU,2,2044,0.1281
GLOBAL,PWRNGSECUXX,CO2ECU,2,2045,0.1281
GLOBAL,PWRNGSECUXX,CO2ECU,2,2046,0.1281
GLOBAL,PWRNGSECUXX,CO2ECU,2,2047,0.1281
GLOBAL,PWRNGSECUXX,CO2ECU,2,2048,0.1281
GLOBAL,PWRNGSECUXX,CO2ECU,2,2049,0.1281
GLOBAL,PWRNGSECUXX,CO2ECU,2,2050,0.1281
GLOBAL,PWRNGSGTMXX,CO2GTM,1,2023,0.13075
GLOBAL,PWRNGSGTMXX,CO2GTM,1,2024,0.13075
GLOBAL,PWRNGSGTMXX,CO2GTM,1,2025,0.13075
GLOBAL,PWRNGSGTMXX,CO2GTM,1,2026,0.13075
GLOBAL,PWRNGSGTMXX,CO2GTM,1,2027,0.13075
GLOBAL,PWRNGSGTMXX,CO2GTM,1,2028,0.13075
GLOBAL,PWRNGSGTMXX,CO2GTM,1,2029,0.13075
GLOBAL,PWRNGSGTMXX,CO2GTM,1,2030,0.13075
GLOBAL,PWRNGSGTMXX,CO2GTM,1,2031,0.13075
GLOBAL,PWRNGSGTMXX,CO2GTM,1,2032,0.13075
GLOBAL,PWRNGSGTMXX,CO2GTM,1,2033,0.13075
GLOBAL,PWRNGSGTMXX,CO2GTM,1,2034,0.13075
GLOBAL,PWRNGSGTMXX,CO2GTM,1,2035,0.13075
GLOBAL,PWRNGSGTMXX,CO2GTM,1,2036,0.13075
GLOBAL,PWRNGSGTMXX,CO2GTM,1,2037,0.13075
GLOBAL,PWRNGSGTMXX,CO2GTM,1,2038,0.13075
GLOBAL,PWRNGSGTMXX,CO2GTM,1,2039,0.13075
GLOBAL,PWRNGSGTMXX,CO2GTM,1,2040,0.13075
GLOBAL,PWRNGSGTMXX,CO2GTM,1,2041,0.13075
GLOBAL,PWRNGSGTMXX,CO2GTM,1,2042,0.13075
GLOBAL,PWRNGSGTMXX,CO2GTM,1,2043,0.13075
GLOBAL,PWRNGSGTMXX,CO2GTM,1,2044,0.13075
GLOBAL,PWRNGSGTMXX,CO2GTM,1,2045,0.13075
GLOBAL,PWRNGSGTMXX,CO2GTM,1,2046,0.13075
GLOBAL,PWRNGSGTMXX,CO2GTM,1,2047,0.13075
GLOBAL,PWRNGSGTMXX,CO2GTM,1,2048,0.13075
GLOBAL,PWRNGSGTMXX,CO2GTM,1,2049,0.13075
GLOBAL,PWRNGSGTMXX,CO2GTM,1,2050,0.13075
GLOBAL,PWRNGSGTMXX,CO2GTM,2,2023,0.13075
GLOBAL,PWRNGSGTMXX,CO2GTM,2,2024,0.13075
GLOBAL,PWRNGSGTMXX,CO2GTM,2,2025,0.13075
GLOBAL,PWRNGSGTMXX,CO2GTM,2,2026,0.13075
GLOBAL,PWRNGSGTMXX,CO2GTM,2,2027,0.13075
GLOBAL,PWRNGSGTMXX,CO2GTM,2,2028,0.13075
GLOBAL,PWRNGSGTMXX,CO2GTM,2,2029,0.13075
GLOBAL,PWRNGSGTMXX,CO2GTM,2,2030,0.13075
GLOBAL,PWRNGSGTMXX,CO2GTM,2,2031,0.13075
GLOBAL,PWRNGSGTMXX,CO2GTM,2,2032,0.13075
GLOBAL,PWRNGSGTMXX,CO2GTM,2,2033,0.13075
GLOBAL,PWRNGSGTMXX,CO2GTM,2,2034,0.13075
GLOBAL,PWRNGSGTMXX,CO2GTM,2,2035,0.13075
GLOBAL,PWRNGSGTMXX,CO2GTM,2,2036,0.13075
GLOBAL,PWRNGSGTMXX,CO2GTM,2,2037,0.13075
GLOBAL,PWRNGSGTMXX,CO2GTM,2,2038,0.13075
GLOBAL,PWRNGSGTMXX,CO2GTM,2,2039,0.13075
GLOBAL,PWRNGSGTMXX,CO2GTM,2,2040,0.13075
GLOBAL,PWRNGSGTMXX,CO2GTM,2,2041,0.13075
GLOBAL,PWRNGSGTMXX,CO2GTM,2,2042,0.13075
GLOBAL,PWRNGSGTMXX,CO2GTM,2,2043,0.13075
GLOBAL,PWRNGSGTMXX,CO2GTM,2,2044,0.13075
GLOBAL,PWRNGSGTMXX,CO2GTM,2,2045,0.13075
GLOBAL,PWRNGSGTMXX,CO2GTM,2,2046,0.13075
GLOBAL,PWRNGSGTMXX,CO2GTM,2,2047,0.13075
GLOBAL,PWRNGSGTMXX,CO2GTM,2,2048,0.13075
GLOBAL,PWRNGSGTMXX,CO2GTM,2,2049,0.13075
GLOBAL,PWRNGSGTMXX,CO2GTM,2,2050,0.13075
GLOBAL,PWRNGSHNDXX,CO2HND,1,2023,0.1305
GLOBAL,PWRNGSHNDXX,CO2HND,1,2024,0.1305
GLOBAL,PWRNGSHNDXX,CO2HND,1,2025,0.1305
GLOBAL,PWRNGSHNDXX,CO2HND,1,2026,0.1305
GLOBAL,PWRNGSHNDXX,CO2HND,1,2027,0.1305
GLOBAL,PWRNGSHNDXX,CO2HND,1,2028,0.1305
GLOBAL,PWRNGSHNDXX,CO2HND,1,2029,0.1305
GLOBAL,PWRNGSHNDXX,CO2HND,1,2030,0.1305
GLOBAL,PWRNGSHNDXX,CO2HND,1,2031,0.1305
GLOBAL,PWRNGSHNDXX,CO2HND,1,2032,0.1305
GLOBAL,PWRNGSHNDXX,CO2HND,1,2033,0.1305
GLOBAL,PWRNGSHNDXX,CO2HND,1,2034,0.1305
GLOBAL,PWRNGSHNDXX,CO2HND,1,2035,0.1305
GLOBAL,PWRNGSHNDXX,CO2HND,1,2036,0.1305
GLOBAL,PWRNGSHNDXX,CO2HND,1,2037,0.1305
GLOBAL,PWRNGSHNDXX,CO2HND,1,2038,0.1305
GLOBAL,PWRNGSHNDXX,CO2HND,1,2039,0.1305
GLOBAL,PWRNGSHNDXX,CO2HND,1,2040,0.1305
GLOBAL,PWRNGSHNDXX,CO2HND,1,2041,0.1305
GLOBAL,PWRNGSHNDXX,CO2HND,1,2042,0.1305
GLOBAL,PWRNGSHNDXX,CO2HND,1,2043,0.1305
GLOBAL,PWRNGSHNDXX,CO2HND,1,2044,0.1305
GLOBAL,PWRNGSHNDXX,CO2HND,1,2045,0.1305
GLOBAL,PWRNGSHNDXX,CO2HND,1,2046,0.1305
GLOBAL,PWRNGSHNDXX,CO2HND,1,2047,0.1305
GLOBAL,PWRNGSHNDXX,CO2HND,1,2048,0.1305
GLOBAL,PWRNGSHNDXX,CO2HND,1,2049,0.1305
GLOBAL,PWRNGSHNDXX,CO2HND,1,2050,0.1305
GLOBAL,PWRNGSHNDXX,CO2HND,2,2023,0.1305
GLOBAL,PWRNGSHNDXX,CO2HND,2,2024,0.1305
GLOBAL,PWRNGSHNDXX,CO2HND,2,2025,0.1305
GLOBAL,PWRNGSHNDXX,CO2HND,2,2026,0.1305
GLOBAL,PWRNGSHNDXX,CO2HND,2,2027,0.1305
GLOBAL,PWRNGSHNDXX,CO2HND,2,2028,0.1305
GLOBAL,PWRNGSHNDXX,CO2HND,2,2029,0.1305
GLOBAL,PWRNGSHNDXX,CO2HND,2,2030,0.1305
GLOBAL,PWRNGSHNDXX,CO2HND,2,2031,0.1305
GLOBAL,PWRNGSHNDXX,CO2HND,2,2032,0.1305
GLOBAL,PWRNGSHNDXX,CO2HND,2,2033,0.1305
GLOBAL,PWRNGSHNDXX,CO2HND,2,2034,0.1305
GLOBAL,PWRNGSHNDXX,CO2HND,2,2035,0.1305
GLOBAL,PWRNGSHNDXX,CO2HND,2,2036,0.1305
GLOBAL,PWRNGSHNDXX,CO2HND,2,2037,0.1305
GLOBAL,PWRNGSHNDXX,CO2HND,2,2038,0.1305
GLOBAL,PWRNGSHNDXX,CO2HND,2,2039,0.1305
GLOBAL,PWRNGSHNDXX,CO2HND,2,2040,0.1305
GLOBAL,PWRNGSHNDXX,CO2HND,2,2041,0.1305
GLOBAL,PWRNGSHNDXX,CO2HND,2,2042,0.1305
GLOBAL,PWRNGSHNDXX,CO2HND,2,2043,0.1305
GLOBAL,PWRNGSHNDXX,CO2HND,2,2044,0.1305
GLOBAL,PWRNGSHNDXX,CO2HND,2,2045,0.1305
GLOBAL,PWRNGSHNDXX,CO2HND,2,2046,0.1305
GLOBAL,PWRNGSHNDXX,CO2HND,2,2047,0.1305
GLOBAL,PWRNGSHNDXX,CO2HND,2,2048,0.1305
GLOBAL,PWRNGSHNDXX,CO2HND,2,2049,0.1305
GLOBAL,PWRNGSHNDXX,CO2HND,2,2050,0.1305
GLOBAL,PWRNGSHTIXX,CO2HTI,1,2023,0.13075
GLOBAL,PWRNGSHTIXX,CO2HTI,1,2024,0.13075
GLOBAL,PWRNGSHTIXX,CO2HTI,1,2025,0.13075
GLOBAL,PWRNGSHTIXX,CO2HTI,1,2026,0.13075
GLOBAL,PWRNGSHTIXX,CO2HTI,1,2027,0.13075
GLOBAL,PWRNGSHTIXX,CO2HTI,1,2028,0.13075
GLOBAL,PWRNGSHTIXX,CO2HTI,1,2029,0.13075
GLOBAL,PWRNGSHTIXX,CO2HTI,1,2030,0.13075
GLOBAL,PWRNGSHTIXX,CO2HTI,1,2031,0.13075
GLOBAL,PWRNGSHTIXX,CO2HTI,1,2032,0.13075
GLOBAL,PWRNGSHTIXX,CO2HTI,1,2033,0.13075
GLOBAL,PWRNGSHTIXX,CO2HTI,1,2034,0.13075
GLOBAL,PWRNGSHTIXX,CO2HTI,1,2035,0.13075
GLOBAL,PWRNGSHTIXX,CO2HTI,1,2036,0.13075
GLOBAL,PWRNGSHTIXX,CO2HTI,1,2037,0.13075
GLOBAL,PWRNGSHTIXX,CO2HTI,1,2038,0.13075
GLOBAL,PWRNGSHTIXX,CO2HTI,1,2039,0.13075
GLOBAL,PWRNGSHTIXX,CO2HTI,1,2040,0.13075
GLOBAL,PWRNGSHTIXX,CO2HTI,1,2041,0.13075
GLOBAL,PWRNGSHTIXX,CO2HTI,1,2042,0.13075
GLOBAL,PWRNGSHTIXX,CO2HTI,1,2043,0.13075
GLOBAL,PWRNGSHTIXX,CO2HTI,1,2044,0.13075
GLOBAL,PWRNGSHTIXX,CO2HTI,1,2045,0.13075
GLOBAL,PWRNGSHTIXX,CO2HTI,1,2046,0.13075
GLOBAL,PWRNGSHTIXX,CO2HTI,1,2047,0.13075
GLOBAL,PWRNGSHTIXX,CO2HTI,1,2048,0.13075
GLOBAL,PWRNGSHTIXX,CO2HTI,1,2049,0.13075
GLOBAL,PWRNGSHTIXX,CO2HTI,1,2050,0.13075
GLOBAL,PWRNGSHTIXX,CO2HTI,2,2023,0.13075
GLOBAL,PWRNGSHTIXX,CO2HTI,2,2024,0.13075
GLOBAL,PWRNGSHTIXX,CO2HTI,2,2025,0.13075
GLOBAL,PWRNGSHTIXX,CO2HTI,2,2026,0.13075
GLOBAL,PWRNGSHTIXX,CO2HTI,2,2027,0.13075
GLOBAL,PWRNGSHTIXX,CO2HTI,2,2028,0.13075
GLOBAL,PWRNGSHTIXX,CO2HTI,2,2029,0.13075
GLOBAL,PWRNGSHTIXX,CO2HTI,2,2030,0.13075
GLOBAL,PWRNGSHTIXX,CO2HTI,2,2031,0.13075
GLOBAL,PWRNGSHTIXX,CO2HTI,2,2032,0.13075
GLOBAL,PWRNGSHTIXX,CO2HTI,2,2033,0.13075
GLOBAL,PWRNGSHTIXX,CO2HTI,2,2034,0.13075
GLOBAL,PWRNGSHTIXX,CO2HTI,2,2035,0.13075
GLOBAL,PWRNGSHTIXX,CO2HTI,2,2036,0.13075
GLOBAL,PWRNGSHTIXX,CO2HTI,2,2037,0.13075
GLOBAL,PWRNGSHTIXX,CO2HTI,2,2038,0.13075
GLOBAL,PWRNGSHTIXX,CO2HTI,2,2039,0.13075
GLOBAL,PWRNGSHTIXX,CO2HTI,2,2040,0.13075
GLOBAL,PWRNGSHTIXX,CO2HTI,2,2041,0.13075
GLOBAL,PWRNGSHTIXX,CO2HTI,2,2042,0.13075
GLOBAL,PWRNGSHTIXX,CO2HTI,2,2043,0.13075
GLOBAL,PWRNGSHTIXX,CO2HTI,2,2044,0.13075
GLOBAL,PWRNGSHTIXX,CO2HTI,2,2045,0.13075
GLOBAL,PWRNGSHTIXX,CO2HTI,2,2046,0.13075
GLOBAL,PWRNGSHTIXX,CO2HTI,2,2047,0.13075
GLOBAL,PWRNGSHTIXX,CO2HTI,2,2048,0.13075
GLOBAL,PWRNGSHTIXX,CO2HTI,2,2049,0.13075
GLOBAL,PWRNGSHTIXX,CO2HTI,2,2050,0.13075
GLOBAL,PWRNGSMEXXX,CO2MEX,1,2023,0.127225
GLOBAL,PWRNGSMEXXX,CO2MEX,1,2024,0.127225
GLOBAL,PWRNGSMEXXX,CO2MEX,1,2025,0.127225
GLOBAL,PWRNGSMEXXX,CO2MEX,1,2026,0.127225
GLOBAL,PWRNGSMEXXX,CO2MEX,1,2027,0.127225
GLOBAL,PWRNGSMEXXX,CO2MEX,1,2028,0.127225
GLOBAL,PWRNGSMEXXX,CO2MEX,1,2029,0.127225
GLOBAL,PWRNGSMEXXX,CO2MEX,1,2030,0.127225
GLOBAL,PWRNGSMEXXX,CO2MEX,1,2031,0.127225
GLOBAL,PWRNGSMEXXX,CO2MEX,1,2032,0.127225
GLOBAL,PWRNGSMEXXX,CO2MEX,1,2033,0.127225
GLOBAL,PWRNGSMEXXX,CO2MEX,1,2034,0.127225
GLOBAL,PWRNGSMEXXX,CO2MEX,1,2035,0.127225
GLOBAL,PWRNGSMEXXX,CO2MEX,1,2036,0.127225
GLOBAL,PWRNGSMEXXX,CO2MEX,1,2037,0.127225
GLOBAL,PWRNGSMEXXX,CO2MEX,1,2038,0.127225
GLOBAL,PWRNGSMEXXX,CO2MEX,1,2039,0.127225
GLOBAL,PWRNGSMEXXX,CO2MEX,1,2040,0.127225
GLOBAL,PWRNGSMEXXX,CO2MEX,1,2041,0.127225
GLOBAL,PWRNGSMEXXX,CO2MEX,1,2042,0.127225
GLOBAL,PWRNGSMEXXX,CO2MEX,1,2043,0.127225
GLOBAL,PWRNGSMEXXX,CO2MEX,1,2044,0.127225
GLOBAL,PWRNGSMEXXX,CO2MEX,1,2045,0.127225
GLOBAL,PWRNGSMEXXX,CO2MEX,1,2046,0.127225
GLOBAL,PWRNGSMEXXX,CO2MEX,1,2047,0.127225
GLOBAL,PWRNGSMEXXX,CO2MEX,1,2048,0.127225
GLOBAL,PWRNGSMEXXX,CO2MEX,1,2049,0.127225
GLOBAL,PWRNGSMEXXX,CO2MEX,1,2050,0.127225
GLOBAL,PWRNGSMEXXX,CO2MEX,2,2023,0.127225
GLOBAL,PWRNGSMEXXX,CO2MEX,2,2024,0.127225
GLOBAL,PWRNGSMEXXX,CO2MEX,2,2025,0.127225
GLOBAL,PWRNGSMEXXX,CO2MEX,2,2026,0.127225
GLOBAL,PWRNGSMEXXX,CO2MEX,2,2027,0.127225
GLOBAL,PWRNGSMEXXX,CO2MEX,2,2028,0.127225
GLOBAL,PWRNGSMEXXX,CO2MEX,2,2029,0.127225
GLOBAL,PWRNGSMEXXX,CO2MEX,2,2030,0.127225
GLOBAL,PWRNGSMEXXX,CO2MEX,2,2031,0.127225
GLOBAL,PWRNGSMEXXX,CO2MEX,2,2032,0.127225
GLOBAL,PWRNGSMEXXX,CO2MEX,2,2033,0.127225
GLOBAL,PWRNGSMEXXX,CO2MEX,2,2034,0.127225
GLOBAL,PWRNGSMEXXX,CO2MEX,2,2035,0.127225
GLOBAL,PWRNGSMEXXX,CO2MEX,2,2036,0.127225
GLOBAL,PWRNGSMEXXX,CO2MEX,2,2037,0.127225
GLOBAL,PWRNGSMEXXX,CO2MEX,2,2038,0.127225
GLOBAL,PWRNGSMEXXX,CO2MEX,2,2039,0.127225
GLOBAL,PWRNGSMEXXX,CO2MEX,2,2040,0.127225
GLOBAL,PWRNGSMEXXX,CO2MEX,2,2041,0.127225
GLOBAL,PWRNGSMEXXX,CO2MEX,2,2042,0.127225
GLOBAL,PWRNGSMEXXX,CO2MEX,2,2043,0.127225
GLOBAL,PWRNGSMEXXX,CO2MEX,2,2044,0.127225
GLOBAL,PWRNGSMEXXX,CO2MEX,2,2045,0.127225
GLOBAL,PWRNGSMEXXX,CO2MEX,2,2046,0.127225
GLOBAL,PWRNGSMEXXX,CO2MEX,2,2047,0.127225
GLOBAL,PWRNGSMEXXX,CO2MEX,2,2048,0.127225
GLOBAL,PWRNGSMEXXX,CO2MEX,2,2049,0.127225
GLOBAL,PWRNGSMEXXX,CO2MEX,2,2050,0.127225
GLOBAL,PWRNGSNICXX,CO2NIC,1,2023,0.1256
GLOBAL,PWRNGSNICXX,CO2NIC,1,2024,0.1256
GLOBAL,PWRNGSNICXX,CO2NIC,1,2025,0.1256
GLOBAL,PWRNGSNICXX,CO2NIC,1,2026,0.1256
GLOBAL,PWRNGSNICXX,CO2NIC,1,2027,0.1256
GLOBAL,PWRNGSNICXX,CO2NIC,1,2028,0.1256
GLOBAL,PWRNGSNICXX,CO2NIC,1,2029,0.1256
GLOBAL,PWRNGSNICXX,CO2NIC,1,2030,0.1256
GLOBAL,PWRNGSNICXX,CO2NIC,1,2031,0.1256
GLOBAL,PWRNGSNICXX,CO2NIC,1,2032,0.1256
GLOBAL,PWRNGSNICXX,CO2NIC,1,2033,0.1256
GLOBAL,PWRNGSNICXX,CO2NIC,1,2034,0.1256
GLOBAL,PWRNGSNICXX,CO2NIC,1,2035,0.1256
GLOBAL,PWRNGSNICXX,CO2NIC,1,2036,0.1256
GLOBAL,PWRNGSNICXX,CO2NIC,1,2037,0.1256
GLOBAL,PWRNGSNICXX,CO2NIC,1,2038,0.1256
GLOBAL,PWRNGSNICXX,CO2NIC,1,2039,0.1256
GLOBAL,PWRNGSNICXX,CO2NIC,1,2040,0.1256
GLOBAL,PWRNGSNICXX,CO2NIC,1,2041,0.1256
GLOBAL,PWRNGSNICXX,CO2NIC,1,2042,0.1256
GLOBAL,PWRNGSNICXX,CO2NIC,1,2043,0.1256
GLOBAL,PWRNGSNICXX,CO2NIC,1,2044,0.1256
GLOBAL,PWRNGSNICXX,CO2NIC,1,2045,0.1256
GLOBAL,PWRNGSNICXX,CO2NIC,1,2046,0.1256
GLOBAL,PWRNGSNICXX,CO2NIC,1,2047,0.1256
GLOBAL,PWRNGSNICXX,CO2NIC,1,2048,0.1256
GLOBAL,PWRNGSNICXX,CO2NIC,1,2049,0.1256
GLOBAL,PWRNGSNICXX,CO2NIC,1,2050,0.1256
GLOBAL,PWRNGSNICXX,CO2NIC,2,2023,0.1256
GLOBAL,PWRNGSNICXX,CO2NIC,2,2024,0.1256
GLOBAL,PWRNGSNICXX,CO2NIC,2,2025,0.1256
GLOBAL,PWRNGSNICXX,CO2NIC,2,2026,0.1256
GLOBAL,PWRNGSNICXX,CO2NIC,2,2027,0.1256
GLOBAL,PWRNGSNICXX,CO2NIC,2,2028,0.1256
GLOBAL,PWRNGSNICXX,CO2NIC,2,2029,0.1256
GLOBAL,PWRNGSNICXX,CO2NIC,2,2030,0.1256
GLOBAL,PWRNGSNICXX,CO2NIC,2,2031,0.1256
GLOBAL,PWRNGSNICXX,CO2NIC,2,2032,0.1256
GLOBAL,PWRNGSNICXX,CO2NIC,2,2033,0.1256
GLOBAL,PWRNGSNICXX,CO2NIC,2,2034,0.1256
GLOBAL,PWRNGSNICXX,CO2NIC,2,2035,0.1256
GLOBAL,PWRNGSNICXX,CO2NIC,2,2036,0.1256
GLOBAL,PWRNGSNICXX,CO2NIC,2,2037,0.1256
GLOBAL,PWRNGSNICXX,CO2NIC,2,2038,0.1256
GLOBAL,PWRNGSNICXX,CO2NIC,2,2039,0.1256
GLOBAL,PWRNGSNICXX,CO2NIC,2,2040,0.1256
GLOBAL,PWRNGSNICXX,CO2NIC,2,2041,0.1256
GLOBAL,PWRNGSNICXX,CO2NIC,2,2042,0.1256
GLOBAL,PWRNGSNICXX,CO2NIC,2,2043,0.1256
GLOBAL,PWRNGSNICXX,CO2NIC,2,2044,0.1256
GLOBAL,PWRNGSNICXX,CO2NIC,2,2045,0.1256
GLOBAL,PWRNGSNICXX,CO2NIC,2,2046,0.1256
GLOBAL,PWRNGSNICXX,CO2NIC,2,2047,0.1256
GLOBAL,PWRNGSNICXX,CO2NIC,2,2048,0.1256
GLOBAL,PWRNGSNICXX,CO2NIC,2,2049,0.1256
GLOBAL,PWRNGSNICXX,CO2NIC,2,2050,0.1256
GLOBAL,PWRNGSPANXX,CO2PAN,1,2023,0.129475
GLOBAL,PWRNGSPANXX,CO2PAN,1,2024,0.129475
GLOBAL,PWRNGSPANXX,CO2PAN,1,2025,0.129475
GLOBAL,PWRNGSPANXX,CO2PAN,1,2026,0.129475
GLOBAL,PWRNGSPANXX,CO2PAN,1,2027,0.129475
GLOBAL,PWRNGSPANXX,CO2PAN,1,2028,0.129475
GLOBAL,PWRNGSPANXX,CO2PAN,1,2029,0.129475
GLOBAL,PWRNGSPANXX,CO2PAN,1,2030,0.129475
GLOBAL,PWRNGSPANXX,CO2PAN,1,2031,0.129475
GLOBAL,PWRNGSPANXX,CO2PAN,1,2032,0.129475
GLOBAL,PWRNGSPANXX,CO2PAN,1,2033,0.129475
GLOBAL,PWRNGSPANXX,CO2PAN,1,2034,0.129475
GLOBAL,PWRNGSPANXX,CO2PAN,1,2035,0.129475
GLOBAL,PWRNGSPANXX,CO2PAN,1,2036,0.129475
GLOBAL,PWRNGSPANXX,CO2PAN,1,2037,0.129475
GLOBAL,PWRNGSPANXX,CO2PAN,1,2038,0.129475
GLOBAL,PWRNGSPANXX,CO2PAN,1,2039,0.129475
GLOBAL,PWRNGSPANXX,CO2PAN,1,2040,0.129475
GLOBAL,PWRNGSPANXX,CO2PAN,1,2041,0.129475
GLOBAL,PWRNGSPANXX,CO2PAN,1,2042,0.129475
GLOBAL,PWRNGSPANXX,CO2PAN,1,2043,0.129475
GLOBAL,PWRNGSPANXX,CO2PAN,1,2044,0.129475
GLOBAL,PWRNGSPANXX,CO2PAN,1,2045,0.129475
GLOBAL,PWRNGSPANXX,CO2PAN,1,2046,0.129475
GLOBAL,PWRNGSPANXX,CO2PAN,1,2047,0.129475
GLOBAL,PWRNGSPANXX,CO2PAN,1,2048,0.129475
GLOBAL,PWRNGSPANXX,CO2PAN,1,2049,0.129475
GLOBAL,PWRNGSPANXX,CO2PAN,1,2050,0.129475
GLOBAL,PWRNGSPANXX,CO2PAN,2,2023,0.129475
GLOBAL,PWRNGSPANXX,CO2PAN,2,2024,0.129475
GLOBAL,PWRNGSPANXX,CO2PAN,2,2025,0.129475
GLOBAL,PWRNGSPANXX,CO2PAN,2,2026,0.129475
GLOBAL,PWRNGSPANXX,CO2PAN,2,2027,0.129475
GLOBAL,PWRNGSPANXX,CO2PAN,2,2028,0.129475
GLOBAL,PWRNGSPANXX,CO2PAN,2,2029,0.129475
GLOBAL,PWRNGSPANXX,CO2PAN,2,2030,0.129475
GLOBAL,PWRNGSPANXX,CO2PAN,2,2031,0.129475
GLOBAL,PWRNGSPANXX,CO2PAN,2,2032,0.129475
GLOBAL,PWRNGSPANXX,CO2PAN,2,2033,0.129475
GLOBAL,PWRNGSPANXX,CO2PAN,2,2034,0.129475
GLOBAL,PWRNGSPANXX,CO2PAN,2,2035,0.129475
GLOBAL,PWRNGSPANXX,CO2PAN,2,2036,0.129475
GLOBAL,PWRNGSPANXX,CO2PAN,2,2037,0.129475
GLOBAL,PWRNGSPANXX,CO2PAN,2,2038,0.129475
GLOBAL,PWRNGSPANXX,CO2PAN,2,2039,0.129475
GLOBAL,PWRNGSPANXX,CO2PAN,2,2040,0.129475
GLOBAL,PWRNGSPANXX,CO2PAN,2,2041,0.129475
GLOBAL,PWRNGSPANXX,CO2PAN,2,2042,0.129475
GLOBAL,PWRNGSPANXX,CO2PAN,2,2043,0.129475
GLOBAL,PWRNGSPANXX,CO2PAN,2,2044,0.129475
GLOBAL,PWRNGSPANXX,CO2PAN,2,2045,0.129475
GLOBAL,PWRNGSPANXX,CO2PAN,2,2046,0.129475
GLOBAL,PWRNGSPANXX,CO2PAN,2,2047,0.129475
GLOBAL,PWRNGSPANXX,CO2PAN,2,2048,0.129475
GLOBAL,PWRNGSPANXX,CO2PAN,2,2049,0.129475
GLOBAL,PWRNGSPANXX,CO2PAN,2,2050,0.129475
GLOBAL,PWRNGSPERXX,CO2PER,1,2023,0.1286
GLOBAL,PWRNGSPERXX,CO2PER,1,2024,0.1286
GLOBAL,PWRNGSPERXX,CO2PER,1,2025,0.1286
GLOBAL,PWRNGSPERXX,CO2PER,1,2026,0.1286
GLOBAL,PWRNGSPERXX,CO2PER,1,2027,0.1286
GLOBAL,PWRNGSPERXX,CO2PER,1,2028,0.1286
GLOBAL,PWRNGSPERXX,CO2PER,1,2029,0.1286
GLOBAL,PWRNGSPERXX,CO2PER,1,2030,0.1286
GLOBAL,PWRNGSPERXX,CO2PER,1,2031,0.1286
GLOBAL,PWRNGSPERXX,CO2PER,1,2032,0.1286
GLOBAL,PWRNGSPERXX,CO2PER,1,2033,0.1286
GLOBAL,PWRNGSPERXX,CO2PER,1,2034,0.1286
GLOBAL,PWRNGSPERXX,CO2PER,1,2035,0.1286
GLOBAL,PWRNGSPERXX,CO2PER,1,2036,0.1286
GLOBAL,PWRNGSPERXX,CO2PER,1,2037,0.1286
GLOBAL,PWRNGSPERXX,CO2PER,1,2038,0.1286
GLOBAL,PWRNGSPERXX,CO2PER,1,2039,0.1286
GLOBAL,PWRNGSPERXX,CO2PER,1,2040,0.1286
GLOBAL,PWRNGSPERXX,CO2PER,1,2041,0.1286
GLOBAL,PWRNGSPERXX,CO2PER,1,2042,0.1286
GLOBAL,PWRNGSPERXX,CO2PER,1,2043,0.1286
GLOBAL,PWRNGSPERXX,CO2PER,1,2044,0.1286
GLOBAL,PWRNGSPERXX,CO2PER,1,2045,0.1286
GLOBAL,PWRNGSPERXX,CO2PER,1,2046,0.1286
GLOBAL,PWRNGSPERXX,CO2PER,1,2047,0.1286
GLOBAL,PWRNGSPERXX,CO2PER,1,2048,0.1286
GLOBAL,PWRNGSPERXX,CO2PER,1,2049,0.1286
GLOBAL,PWRNGSPERXX,CO2PER,1,2050,0.1286
GLOBAL,PWRNGSPERXX,CO2PER,2,2023,0.1286
GLOBAL,PWRNGSPERXX,CO2PER,2,2024,0.1286
GLOBAL,PWRNGSPERXX,CO2PER,2,2025,0.1286
GLOBAL,PWRNGSPERXX,CO2PER,2,2026,0.1286
GLOBAL,PWRNGSPERXX,CO2PER,2,2027,0.1286
GLOBAL,PWRNGSPERXX,CO2PER,2,2028,0.1286
GLOBAL,PWRNGSPERXX,CO2PER,2,2029,0.1286
GLOBAL,PWRNGSPERXX,CO2PER,2,2030,0.1286
GLOBAL,PWRNGSPERXX,CO2PER,2,2031,0.1286
GLOBAL,PWRNGSPERXX,CO2PER,2,2032,0.1286
GLOBAL,PWRNGSPERXX,CO2PER,2,2033,0.1286
GLOBAL,PWRNGSPERXX,CO2PER,2,2034,0.1286
GLOBAL,PWRNGSPERXX,CO2PER,2,2035,0.1286
GLOBAL,PWRNGSPERXX,CO2PER,2,2036,0.1286
GLOBAL,PWRNGSPERXX,CO2PER,2,2037,0.1286
GLOBAL,PWRNGSPERXX,CO2PER,2,2038,0.1286
GLOBAL,PWRNGSPERXX,CO2PER,2,2039,0.1286
GLOBAL,PWRNGSPERXX,CO2PER,2,2040,0.1286
GLOBAL,PWRNGSPERXX,CO2PER,2,2041,0.1286
GLOBAL,PWRNGSPERXX,CO2PER,2,2042,0.1286
GLOBAL,PWRNGSPERXX,CO2PER,2,2043,0.1286
GLOBAL,PWRNGSPERXX,CO2PER,2,2044,0.1286
GLOBAL,PWRNGSPERXX,CO2PER,2,2045,0.1286
GLOBAL,PWRNGSPERXX,CO2PER,2,2046,0.1286
GLOBAL,PWRNGSPERXX,CO2PER,2,2047,0.1286
GLOBAL,PWRNGSPERXX,CO2PER,2,2048,0.1286
GLOBAL,PWRNGSPERXX,CO2PER,2,2049,0.1286
GLOBAL,PWRNGSPERXX,CO2PER,2,2050,0.1286
GLOBAL,PWRNGSPRYXX,CO2PRY,1,2023,0.13075
GLOBAL,PWRNGSPRYXX,CO2PRY,1,2024,0.13075
GLOBAL,PWRNGSPRYXX,CO2PRY,1,2025,0.13075
GLOBAL,PWRNGSPRYXX,CO2PRY,1,2026,0.13075
GLOBAL,PWRNGSPRYXX,CO2PRY,1,2027,0.13075
GLOBAL,PWRNGSPRYXX,CO2PRY,1,2028,0.13075
GLOBAL,PWRNGSPRYXX,CO2PRY,1,2029,0.13075
GLOBAL,PWRNGSPRYXX,CO2PRY,1,2030,0.13075
GLOBAL,PWRNGSPRYXX,CO2PRY,1,2031,0.13075
GLOBAL,PWRNGSPRYXX,CO2PRY,1,2032,0.13075
GLOBAL,PWRNGSPRYXX,CO2PRY,1,2033,0.13075
GLOBAL,PWRNGSPRYXX,CO2PRY,1,2034,0.13075
GLOBAL,PWRNGSPRYXX,CO2PRY,1,2035,0.13075
GLOBAL,PWRNGSPRYXX,CO2PRY,1,2036,0.13075
GLOBAL,PWRNGSPRYXX,CO2PRY,1,2037,0.13075
GLOBAL,PWRNGSPRYXX,CO2PRY,1,2038,0.13075
GLOBAL,PWRNGSPRYXX,CO2PRY,1,2039,0.13075
GLOBAL,PWRNGSPRYXX,CO2PRY,1,2040,0.13075
GLOBAL,PWRNGSPRYXX,CO2PRY,1,2041,0.13075
GLOBAL,PWRNGSPRYXX,CO2PRY,1,2042,0.13075
GLOBAL,PWRNGSPRYXX,CO2PRY,1,2043,0.13075
GLOBAL,PWRNGSPRYXX,CO2PRY,1,2044,0.13075
GLOBAL,PWRNGSPRYXX,CO2PRY,1,2045,0.13075
GLOBAL,PWRNGSPRYXX,CO2PRY,1,2046,0.13075
GLOBAL,PWRNGSPRYXX,CO2PRY,1,2047,0.13075
GLOBAL,PWRNGSPRYXX,CO2PRY,1,2048,0.13075
GLOBAL,PWRNGSPRYXX,CO2PRY,1,2049,0.13075
GLOBAL,PWRNGSPRYXX,CO2PRY,1,2050,0.13075
GLOBAL,PWRNGSPRYXX,CO2PRY,2,2023,0.13075
GLOBAL,PWRNGSPRYXX,CO2PRY,2,2024,0.13075
GLOBAL,PWRNGSPRYXX,CO2PRY,2,2025,0.13075
GLOBAL,PWRNGSPRYXX,CO2PRY,2,2026,0.13075
GLOBAL,PWRNGSPRYXX,CO2PRY,2,2027,0.13075
GLOBAL,PWRNGSPRYXX,CO2PRY,2,2028,0.13075
GLOBAL,PWRNGSPRYXX,CO2PRY,2,2029,0.13075
GLOBAL,PWRNGSPRYXX,CO2PRY,2,2030,0.13075
GLOBAL,PWRNGSPRYXX,CO2PRY,2,2031,0.13075
GLOBAL,PWRNGSPRYXX,CO2PRY,2,2032,0.13075
GLOBAL,PWRNGSPRYXX,CO2PRY,2,2033,0.13075
GLOBAL,PWRNGSPRYXX,CO2PRY,2,2034,0.13075
GLOBAL,PWRNGSPRYXX,CO2PRY,2,2035,0.13075
GLOBAL,PWRNGSPRYXX,CO2PRY,2,2036,0.13075
GLOBAL,PWRNGSPRYXX,CO2PRY,2,2037,0.13075
GLOBAL,PWRNGSPRYXX,CO2PRY,2,2038,0.13075
GLOBAL,PWRNGSPRYXX,CO2PRY,2,2039,0.13075
GLOBAL,PWRNGSPRYXX,CO2PRY,2,2040,0.13075
GLOBAL,PWRNGSPRYXX,CO2PRY,2,2041,0.13075
GLOBAL,PWRNGSPRYXX,CO2PRY,2,2042,0.13075
GLOBAL,PWRNGSPRYXX,CO2PRY,2,2043,0.13075
GLOBAL,PWRNGSPRYXX,CO2PRY,2,2044,0.13075
GLOBAL,PWRNGSPRYXX,CO2PRY,2,2045,0.13075
GLOBAL,PWRNGSPRYXX,CO2PRY,2,2046,0.13075
GLOBAL,PWRNGSPRYXX,CO2PRY,2,2047,0.13075
GLOBAL,PWRNGSPRYXX,CO2PRY,2,2048,0.13075
GLOBAL,PWRNGSPRYXX,CO2PRY,2,2049,0.13075
GLOBAL,PWRNGSPRYXX,CO2PRY,2,2050,0.13075
GLOBAL,PWRNGSSLVXX,CO2SLV,1,2023,0.13075
GLOBAL,PWRNGSSLVXX,CO2SLV,1,2024,0.13075
GLOBAL,PWRNGSSLVXX,CO2SLV,1,2025,0.13075
GLOBAL,PWRNGSSLVXX,CO2SLV,1,2026,0.13075
GLOBAL,PWRNGSSLVXX,CO2SLV,1,2027,0.13075
GLOBAL,PWRNGSSLVXX,CO2SLV,1,2028,0.13075
GLOBAL,PWRNGSSLVXX,CO2SLV,1,2029,0.13075
GLOBAL,PWRNGSSLVXX,CO2SLV,1,2030,0.13075
GLOBAL,PWRNGSSLVXX,CO2SLV,1,2031,0.13075
GLOBAL,PWRNGSSLVXX,CO2SLV,1,2032,0.13075
GLOBAL,PWRNGSSLVXX,CO2SLV,1,2033,0.13075
GLOBAL,PWRNGSSLVXX,CO2SLV,1,2034,0.13075
GLOBAL,PWRNGSSLVXX,CO2SLV,1,2035,0.13075
GLOBAL,PWRNGSSLVXX,CO2SLV,1,2036,0.13075
GLOBAL,PWRNGSSLVXX,CO2SLV,1,2037,0.13075
GLOBAL,PWRNGSSLVXX,CO2SLV,1,2038,0.13075
GLOBAL,PWRNGSSLVXX,CO2SLV,1,2039,0.13075
GLOBAL,PWRNGSSLVXX,CO2SLV,1,2040,0.13075
GLOBAL,PWRNGSSLVXX,CO2SLV,1,2041,0.13075
GLOBAL,PWRNGSSLVXX,CO2SLV,1,2042,0.13075
GLOBAL,PWRNGSSLVXX,CO2SLV,1,2043,0.13075
GLOBAL,PWRNGSSLVXX,CO2SLV,1,2044,0.13075
GLOBAL,PWRNGSSLVXX,CO2SLV,1,2045,0.13075
GLOBAL,PWRNGSSLVXX,CO2SLV,1,2046,0.13075
GLOBAL,PWRNGSSLVXX,CO2SLV,1,2047,0.13075
GLOBAL,PWRNGSSLVXX,CO2SLV,1,2048,0.13075
GLOBAL,PWRNGSSLVXX,CO2SLV,1,2049,0.13075
GLOBAL,PWRNGSSLVXX,CO2SLV,1,2050,0.13075
GLOBAL,PWRNGSSLVXX,CO2SLV,2,2023,0.13075
GLOBAL,PWRNGSSLVXX,CO2SLV,2,2024,0.13075
GLOBAL,PWRNGSSLVXX,CO2SLV,2,2025,0.13075
GLOBAL,PWRNGSSLVXX,CO2SLV,2,2026,0.13075
GLOBAL,PWRNGSSLVXX,CO2SLV,2,2027,0.13075
GLOBAL,PWRNGSSLVXX,CO2SLV,2,2028,0.13075
GLOBAL,PWRNGSSLVXX,CO2SLV,2,2029,0.13075
GLOBAL,PWRNGSSLVXX,CO2SLV,2,2030,0.13075
GLOBAL,PWRNGSSLVXX,CO2SLV,2,2031,0.13075
GLOBAL,PWRNGSSLVXX,CO2SLV,2,2032,0.13075
GLOBAL,PWRNGSSLVXX,CO2SLV,2,2033,0.13075
GLOBAL,PWRNGSSLVXX,CO2SLV,2,2034,0.13075
GLOBAL,PWRNGSSLVXX,CO2SLV,2,2035,0.13075
GLOBAL,PWRNGSSLVXX,CO2SLV,2,2036,0.13075
GLOBAL,PWRNGSSLVXX,CO2SLV,2,2037,0.13075
GLOBAL,PWRNGSSLVXX,CO2SLV,2,2038,0.13075
GLOBAL,PWRNGSSLVXX,CO2SLV,2,2039,0.13075
GLOBAL,PWRNGSSLVXX,CO2SLV,2,2040,0.13075
GLOBAL,PWRNGSSLVXX,CO2SLV,2,2041,0.13075
GLOBAL,PWRNGSSLVXX,CO2SLV,2,2042,0.13075
GLOBAL,PWRNGSSLVXX,CO2SLV,2,2043,0.13075
GLOBAL,PWRNGSSLVXX,CO2SLV,2,2044,0.13075
GLOBAL,PWRNGSSLVXX,CO2SLV,2,2045,0.13075
GLOBAL,PWRNGSSLVXX,CO2SLV,2,2046,0.13075
GLOBAL,PWRNGSSLVXX,CO2SLV,2,2047,0.13075
GLOBAL,PWRNGSSLVXX,CO2SLV,2,2048,0.13075
GLOBAL,PWRNGSSLVXX,CO2SLV,2,2049,0.13075
GLOBAL,PWRNGSSLVXX,CO2SLV,2,2050,0.13075
GLOBAL,PWRNGSURYXX,CO2URY,1,2023,0.131375
GLOBAL,PWRNGSURYXX,CO2URY,1,2024,0.131375
GLOBAL,PWRNGSURYXX,CO2URY,1,2025,0.131375
GLOBAL,PWRNGSURYXX,CO2URY,1,2026,0.131375
GLOBAL,PWRNGSURYXX,CO2URY,1,2027,0.131375
GLOBAL,PWRNGSURYXX,CO2URY,1,2028,0.131375
GLOBAL,PWRNGSURYXX,CO2URY,1,2029,0.131375
GLOBAL,PWRNGSURYXX,CO2URY,1,2030,0.131375
GLOBAL,PWRNGSURYXX,CO2URY,1,2031,0.131375
GLOBAL,PWRNGSURYXX,CO2URY,1,2032,0.131375
GLOBAL,PWRNGSURYXX,CO2URY,1,2033,0.131375
GLOBAL,PWRNGSURYXX,CO2URY,1,2034,0.131375
GLOBAL,PWRNGSURYXX,CO2URY,1,2035,0.131375
GLOBAL,PWRNGSURYXX,CO2URY,1,2036,0.131375
GLOBAL,PWRNGSURYXX,CO2URY,1,2037,0.131375
GLOBAL,PWRNGSURYXX,CO2URY,1,2038,0.131375
GLOBAL,PWRNGSURYXX,CO2URY,1,2039,0.131375
GLOBAL,PWRNGSURYXX,CO2URY,1,2040,0.131375
GLOBAL,PWRNGSURYXX,CO2URY,1,2041,0.131375
GLOBAL,PWRNGSURYXX,CO2URY,1,2042,0.131375
GLOBAL,PWRNGSURYXX,CO2URY,1,2043,0.131375
GLOBAL,PWRNGSURYXX,CO2URY,1,2044,0.131375
GLOBAL,PWRNGSURYXX,CO2URY,1,2045,0.131375
GLOBAL,PWRNGSURYXX,CO2URY,1,2046,0.131375
GLOBAL,PWRNGSURYXX,CO2URY,1,2047,0.131375
GLOBAL,PWRNGSURYXX,CO2URY,1,2048,0.131375
GLOBAL,PWRNGSURYXX,CO2URY,1,2049,0.131375
GLOBAL,PWRNGSURYXX,CO2URY,1,2050,0.131375
GLOBAL,PWRNGSURYXX,CO2URY,2,2023,0.131375
GLOBAL,PWRNGSURYXX,CO2URY,2,2024,0.131375
GLOBAL,PWRNGSURYXX,CO2URY,2,2025,0.131375
GLOBAL,PWRNGSURYXX,CO2URY,2,2026,0.131375
GLOBAL,PWRNGSURYXX,CO2URY,2,2027,0.131375
GLOBAL,PWRNGSURYXX,CO2URY,2,2028,0.131375
GLOBAL,PWRNGSURYXX,CO2URY,2,2029,0.131375
GLOBAL,PWRNGSURYXX,CO2URY,2,2030,0.131375
GLOBAL,PWRNGSURYXX,CO2URY,2,2031,0.131375
GLOBAL,PWRNGSURYXX,CO2URY,2,2032,0.131375
GLOBAL,PWRNGSURYXX,CO2URY,2,2033,0.131375
GLOBAL,PWRNGSURYXX,CO2URY,2,2034,0.131375
GLOBAL,PWRNGSURYXX,CO2URY,2,2035,0.131375
GLOBAL,PWRNGSURYXX,CO2URY,2,2036,0.131375
GLOBAL,PWRNGSURYXX,CO2URY,2,2037,0.131375
GLOBAL,PWRNGSURYXX,CO2URY,2,2038,0.131375
GLOBAL,PWRNGSURYXX,CO2URY,2,2039,0.131375
GLOBAL,PWRNGSURYXX,CO2URY,2,2040,0.131375
GLOBAL,PWRNGSURYXX,CO2URY,2,2041,0.131375
GLOBAL,PWRNGSURYXX,CO2URY,2,2042,0.131375
GLOBAL,PWRNGSURYXX,CO2URY,2,2043,0.131375
GLOBAL,PWRNGSURYXX,CO2URY,2,2044,0.131375
GLOBAL,PWRNGSURYXX,CO2URY,2,2045,0.131375
GLOBAL,PWRNGSURYXX,CO2URY,2,2046,0.131375
GLOBAL,PWRNGSURYXX,CO2URY,2,2047,0.131375
GLOBAL,PWRNGSURYXX,CO2URY,2,2048,0.131375
GLOBAL,PWRNGSURYXX,CO2URY,2,2049,0.131375
GLOBAL,PWRNGSURYXX,CO2URY,2,2050,0.131375
GLOBAL,PWROILARGXX,CO2ARG,1,2023,0.2212
GLOBAL,PWROILARGXX,CO2ARG,1,2024,0.2212
GLOBAL,PWROILARGXX,CO2ARG,1,2025,0.2212
GLOBAL,PWROILARGXX,CO2ARG,1,2026,0.2212
GLOBAL,PWROILARGXX,CO2ARG,1,2027,0.2212
GLOBAL,PWROILARGXX,CO2ARG,1,2028,0.2212
GLOBAL,PWROILARGXX,CO2ARG,1,2029,0.2212
GLOBAL,PWROILARGXX,CO2ARG,1,2030,0.2212
GLOBAL,PWROILARGXX,CO2ARG,1,2031,0.2212
GLOBAL,PWROILARGXX,CO2ARG,1,2032,0.2212
GLOBAL,PWROILARGXX,CO2ARG,1,2033,0.2212
GLOBAL,PWROILARGXX,CO2ARG,1,2034,0.2212
GLOBAL,PWROILARGXX,CO2ARG,1,2035,0.2212
GLOBAL,PWROILARGXX,CO2ARG,1,2036,0.2212
GLOBAL,PWROILARGXX,CO2ARG,1,2037,0.2212
GLOBAL,PWROILARGXX,CO2ARG,1,2038,0.2212
GLOBAL,PWROILARGXX,CO2ARG,1,2039,0.2212
GLOBAL,PWROILARGXX,CO2ARG,1,2040,0.2212
GLOBAL,PWROILARGXX,CO2ARG,1,2041,0.2212
GLOBAL,PWROILARGXX,CO2ARG,1,2042,0.2212
GLOBAL,PWROILARGXX,CO2ARG,1,2043,0.2212
GLOBAL,PWROILARGXX,CO2ARG,1,2044,0.2212
GLOBAL,PWROILARGXX,CO2ARG,1,2045,0.2212
GLOBAL,PWROILARGXX,CO2ARG,1,2046,0.2212
GLOBAL,PWROILARGXX,CO2ARG,1,2047,0.2212
GLOBAL,PWROILARGXX,CO2ARG,1,2048,0.2212
GLOBAL,PWROILARGXX,CO2ARG,1,2049,0.2212
GLOBAL,PWROILARGXX,CO2ARG,1,2050,0.2212
GLOBAL,PWROILARGXX,CO2ARG,2,2023,0.2212
GLOBAL,PWROILARGXX,CO2ARG,2,2024,0.2212
GLOBAL,PWROILARGXX,CO2ARG,2,2025,0.2212
GLOBAL,PWROILARGXX,CO2ARG,2,2026,0.2212
GLOBAL,PWROILARGXX,CO2ARG,2,2027,0.2212
GLOBAL,PWROILARGXX,CO2ARG,2,2028,0.2212
GLOBAL,PWROILARGXX,CO2ARG,2,2029,0.2212
GLOBAL,PWROILARGXX,CO2ARG,2,2030,0.2212
GLOBAL,PWROILARGXX,CO2ARG,2,2031,0.2212
GLOBAL,PWROILARGXX,CO2ARG,2,2032,0.2212
GLOBAL,PWROILARGXX,CO2ARG,2,2033,0.2212
GLOBAL,PWROILARGXX,CO2ARG,2,2034,0.2212
GLOBAL,PWROILARGXX,CO2ARG,2,2035,0.2212
GLOBAL,PWROILARGXX,CO2ARG,2,2036,0.2212
GLOBAL,PWROILARGXX,CO2ARG,2,2037,0.2212
GLOBAL,PWROILARGXX,CO2ARG,2,2038,0.2212
GLOBAL,PWROILARGXX,CO2ARG,2,2039,0.2212
GLOBAL,PWROILARGXX,CO2ARG,2,2040,0.2212
GLOBAL,PWROILARGXX,CO2ARG,2,2041,0.2212
GLOBAL,PWROILARGXX,CO2ARG,2,2042,0.2212
GLOBAL,PWROILARGXX,CO2ARG,2,2043,0.2212
GLOBAL,PWROILARGXX,CO2ARG,2,2044,0.2212
GLOBAL,PWROILARGXX,CO2ARG,2,2045,0.2212
GLOBAL,PWROILARGXX,CO2ARG,2,2046,0.2212
GLOBAL,PWROILARGXX,CO2ARG,2,2047,0.2212
GLOBAL,PWROILARGXX,CO2ARG,2,2048,0.2212
GLOBAL,PWROILARGXX,CO2ARG,2,2049,0.2212
GLOBAL,PWROILARGXX,CO2ARG,2,2050,0.2212
GLOBAL,PWROILBOLXX,CO2BOL,1,2023,0.2177
GLOBAL,PWROILBOLXX,CO2BOL,1,2024,0.2177
GLOBAL,PWROILBOLXX,CO2BOL,1,2025,0.2177
GLOBAL,PWROILBOLXX,CO2BOL,1,2026,0.2177
GLOBAL,PWROILBOLXX,CO2BOL,1,2027,0.2177
GLOBAL,PWROILBOLXX,CO2BOL,1,2028,0.2177
GLOBAL,PWROILBOLXX,CO2BOL,1,2029,0.2177
GLOBAL,PWROILBOLXX,CO2BOL,1,2030,0.2177
GLOBAL,PWROILBOLXX,CO2BOL,1,2031,0.2177
GLOBAL,PWROILBOLXX,CO2BOL,1,2032,0.2177
GLOBAL,PWROILBOLXX,CO2BOL,1,2033,0.2177
GLOBAL,PWROILBOLXX,CO2BOL,1,2034,0.2177
GLOBAL,PWROILBOLXX,CO2BOL,1,2035,0.2177
GLOBAL,PWROILBOLXX,CO2BOL,1,2036,0.2177
GLOBAL,PWROILBOLXX,CO2BOL,1,2037,0.2177
GLOBAL,PWROILBOLXX,CO2BOL,1,2038,0.2177
GLOBAL,PWROILBOLXX,CO2BOL,1,2039,0.2177
GLOBAL,PWROILBOLXX,CO2BOL,1,2040,0.2177
GLOBAL,PWROILBOLXX,CO2BOL,1,2041,0.2177
GLOBAL,PWROILBOLXX,CO2BOL,1,2042,0.2177
GLOBAL,PWROILBOLXX,CO2BOL,1,2043,0.2177
GLOBAL,PWROILBOLXX,CO2BOL,1,2044,0.2177
GLOBAL,PWROILBOLXX,CO2BOL,1,2045,0.2177
GLOBAL,PWROILBOLXX,CO2BOL,1,2046,0.2177
GLOBAL,PWROILBOLXX,CO2BOL,1,2047,0.2177
GLOBAL,PWROILBOLXX,CO2BOL,1,2048,0.2177
GLOBAL,PWROILBOLXX,CO2BOL,1,2049,0.2177
GLOBAL,PWROILBOLXX,CO2BOL,1,2050,0.2177
GLOBAL,PWROILBOLXX,CO2BOL,2,2023,0.2177
GLOBAL,PWROILBOLXX,CO2BOL,2,2024,0.2177
GLOBAL,PWROILBOLXX,CO2BOL,2,2025,0.2177
GLOBAL,PWROILBOLXX,CO2BOL,2,2026,0.2177
GLOBAL,PWROILBOLXX,CO2BOL,2,2027,0.2177
GLOBAL,PWROILBOLXX,CO2BOL,2,2028,0.2177
GLOBAL,PWROILBOLXX,CO2BOL,2,2029,0.2177
GLOBAL,PWROILBOLXX,CO2BOL,2,2030,0.2177
GLOBAL,PWROILBOLXX,CO2BOL,2,2031,0.2177
GLOBAL,PWROILBOLXX,CO2BOL,2,2032,0.2177
GLOBAL,PWROILBOLXX,CO2BOL,2,2033,0.2177
GLOBAL,PWROILBOLXX,CO2BOL,2,2034,0.2177
GLOBAL,PWROILBOLXX,CO2BOL,2,2035,0.2177
GLOBAL,PWROILBOLXX,CO2BOL,2,2036,0.2177
GLOBAL,PWROILBOLXX,CO2BOL,2,2037,0.2177
GLOBAL,PWROILBOLXX,CO2BOL,2,2038,0.2177
GLOBAL,PWROILBOLXX,CO2BOL,2,2039,0.2177
GLOBAL,PWROILBOLXX,CO2BOL,2,2040,0.2177
GLOBAL,PWROILBOLXX,CO2BOL,2,2041,0.2177
GLOBAL,PWROILBOLXX,CO2BOL,2,2042,0.2177
GLOBAL,PWROILBOLXX,CO2BOL,2,2043,0.2177
GLOBAL,PWROILBOLXX,CO2BOL,2,2044,0.2177
GLOBAL,PWROILBOLXX,CO2BOL,2,2045,0.2177
GLOBAL,PWROILBOLXX,CO2BOL,2,2046,0.2177
GLOBAL,PWROILBOLXX,CO2BOL,2,2047,0.2177
GLOBAL,PWROILBOLXX,CO2BOL,2,2048,0.2177
GLOBAL,PWROILBOLXX,CO2BOL,2,2049,0.2177
GLOBAL,PWROILBOLXX,CO2BOL,2,2050,0.2177
GLOBAL,PWROILBRAXX,CO2BRA,1,2023,0.2223285714285714
GLOBAL,PWROILBRAXX,CO2BRA,1,2024,0.2223285714285714
GLOBAL,PWROILBRAXX,CO2BRA,1,2025,0.2223285714285714
GLOBAL,PWROILBRAXX,CO2BRA,1,2026,0.2223285714285714
GLOBAL,PWROILBRAXX,CO2BRA,1,2027,0.2223285714285714
GLOBAL,PWROILBRAXX,CO2BRA,1,2028,0.2223285714285714
GLOBAL,PWROILBRAXX,CO2BRA,1,2029,0.2223285714285714
GLOBAL,PWROILBRAXX,CO2BRA,1,2030,0.2223285714285714
GLOBAL,PWROILBRAXX,CO2BRA,1,2031,0.2223285714285714
GLOBAL,PWROILBRAXX,CO2BRA,1,2032,0.2223285714285714
GLOBAL,PWROILBRAXX,CO2BRA,1,2033,0.2223285714285714
GLOBAL,PWROILBRAXX,CO2BRA,1,2034,0.2223285714285714
GLOBAL,PWROILBRAXX,CO2BRA,1,2035,0.2223285714285714
GLOBAL,PWROILBRAXX,CO2BRA,1,2036,0.2223285714285714
GLOBAL,PWROILBRAXX,CO2BRA,1,2037,0.2223285714285714
GLOBAL,PWROILBRAXX,CO2BRA,1,2038,0.2223285714285714
GLOBAL,PWROILBRAXX,CO2BRA,1,2039,0.2223285714285714
GLOBAL,PWROILBRAXX,CO2BRA,1,2040,0.2223285714285714
GLOBAL,PWROILBRAXX,CO2BRA,1,2041,0.2223285714285714
GLOBAL,PWROILBRAXX,CO2BRA,1,2042,0.2223285714285714
GLOBAL,PWROILBRAXX,CO2BRA,1,2043,0.2223285714285714
GLOBAL,PWROILBRAXX,CO2BRA,1,2044,0.2223285714285714
GLOBAL,PWROILBRAXX,CO2BRA,1,2045,0.2223285714285714
GLOBAL,PWROILBRAXX,CO2BRA,1,2046,0.2223285714285714
GLOBAL,PWROILBRAXX,CO2BRA,1,2047,0.2223285714285714
GLOBAL,PWROILBRAXX,CO2BRA,1,2048,0.2223285714285714
GLOBAL,PWROILBRAXX,CO2BRA,1,2049,0.2223285714285714
GLOBAL,PWROILBRAXX,CO2BRA,1,2050,0.2223285714285714
GLOBAL,PWROILBRAXX,CO2BRA,2,2023,0.2223285714285714
GLOBAL,PWROILBRAXX,CO2BRA,2,2024,0.2223285714285714
GLOBAL,PWROILBRAXX,CO2BRA,2,2025,0.2223285714285714
GLOBAL,PWROILBRAXX,CO2BRA,2,2026,0.2223285714285714
GLOBAL,PWROILBRAXX,CO2BRA,2,2027,0.2223285714285714
GLOBAL,PWROILBRAXX,CO2BRA,2,2028,0.2223285714285714
GLOBAL,PWROILBRAXX,CO2BRA,2,2029,0.2223285714285714
GLOBAL,PWROILBRAXX,CO2BRA,2,2030,0.2223285714285714
GLOBAL,PWROILBRAXX,CO2BRA,2,2031,0.2223285714285714
GLOBAL,PWROILBRAXX,CO2BRA,2,2032,0.2223285714285714
GLOBAL,PWROILBRAXX,CO2BRA,2,2033,0.2223285714285714
GLOBAL,PWROILBRAXX,CO2BRA,2,2034,0.2223285714285714
GLOBAL,PWROILBRAXX,CO2BRA,2,2035,0.2223285714285714
GLOBAL,PWROILBRAXX,CO2BRA,2,2036,0.2223285714285714
GLOBAL,PWROILBRAXX,CO2BRA,2,2037,0.2223285714285714
GLOBAL,PWROILBRAXX,CO2BRA,2,2038,0.2223285714285714
GLOBAL,PWROILBRAXX,CO2BRA,2,2039,0.2223285714285714
GLOBAL,PWROILBRAXX,CO2BRA,2,2040,0.2223285714285714
GLOBAL,PWROILBRAXX,CO2BRA,2,2041,0.2223285714285714
GLOBAL,PWROILBRAXX,CO2BRA,2,2042,0.2223285714285714
GLOBAL,PWROILBRAXX,CO2BRA,2,2043,0.2223285714285714
GLOBAL,PWROILBRAXX,CO2BRA,2,2044,0.2223285714285714
GLOBAL,PWROILBRAXX,CO2BRA,2,2045,0.2223285714285714
GLOBAL,PWROILBRAXX,CO2BRA,2,2046,0.2223285714285714
GLOBAL,PWROILBRAXX,CO2BRA,2,2047,0.2223285714285714
GLOBAL,PWROILBRAXX,CO2BRA,2,2048,0.2223285714285714
GLOBAL,PWROILBRAXX,CO2BRA,2,2049,0.2223285714285714
GLOBAL,PWROILBRAXX,CO2BRA,2,2050,0.2223285714285714
GLOBAL,PWROILBRBXX,CO2BRB,1,2023,0.1971
GLOBAL,PWROILBRBXX,CO2BRB,1,2024,0.1971
GLOBAL,PWROILBRBXX,CO2BRB,1,2025,0.1971
GLOBAL,PWROILBRBXX,CO2BRB,1,2026,0.1971
GLOBAL,PWROILBRBXX,CO2BRB,1,2027,0.1971
GLOBAL,PWROILBRBXX,CO2BRB,1,2028,0.1971
GLOBAL,PWROILBRBXX,CO2BRB,1,2029,0.1971
GLOBAL,PWROILBRBXX,CO2BRB,1,2030,0.1971
GLOBAL,PWROILBRBXX,CO2BRB,1,2031,0.1971
GLOBAL,PWROILBRBXX,CO2BRB,1,2032,0.1971
GLOBAL,PWROILBRBXX,CO2BRB,1,2033,0.1971
GLOBAL,PWROILBRBXX,CO2BRB,1,2034,0.1971
GLOBAL,PWROILBRBXX,CO2BRB,1,2035,0.1971
GLOBAL,PWROILBRBXX,CO2BRB,1,2036,0.1971
GLOBAL,PWROILBRBXX,CO2BRB,1,2037,0.1971
GLOBAL,PWROILBRBXX,CO2BRB,1,2038,0.1971
GLOBAL,PWROILBRBXX,CO2BRB,1,2039,0.1971
GLOBAL,PWROILBRBXX,CO2BRB,1,2040,0.1971
GLOBAL,PWROILBRBXX,CO2BRB,1,2041,0.1971
GLOBAL,PWROILBRBXX,CO2BRB,1,2042,0.1971
GLOBAL,PWROILBRBXX,CO2BRB,1,2043,0.1971
GLOBAL,PWROILBRBXX,CO2BRB,1,2044,0.1971
GLOBAL,PWROILBRBXX,CO2BRB,1,2045,0.1971
GLOBAL,PWROILBRBXX,CO2BRB,1,2046,0.1971
GLOBAL,PWROILBRBXX,CO2BRB,1,2047,0.1971
GLOBAL,PWROILBRBXX,CO2BRB,1,2048,0.1971
GLOBAL,PWROILBRBXX,CO2BRB,1,2049,0.1971
GLOBAL,PWROILBRBXX,CO2BRB,1,2050,0.1971
GLOBAL,PWROILBRBXX,CO2BRB,2,2023,0.1971
GLOBAL,PWROILBRBXX,CO2BRB,2,2024,0.1971
GLOBAL,PWROILBRBXX,CO2BRB,2,2025,0.1971
GLOBAL,PWROILBRBXX,CO2BRB,2,2026,0.1971
GLOBAL,PWROILBRBXX,CO2BRB,2,2027,0.1971
GLOBAL,PWROILBRBXX,CO2BRB,2,2028,0.1971
GLOBAL,PWROILBRBXX,CO2BRB,2,2029,0.1971
GLOBAL,PWROILBRBXX,CO2BRB,2,2030,0.1971
GLOBAL,PWROILBRBXX,CO2BRB,2,2031,0.1971
GLOBAL,PWROILBRBXX,CO2BRB,2,2032,0.1971
GLOBAL,PWROILBRBXX,CO2BRB,2,2033,0.1971
GLOBAL,PWROILBRBXX,CO2BRB,2,2034,0.1971
GLOBAL,PWROILBRBXX,CO2BRB,2,2035,0.1971
GLOBAL,PWROILBRBXX,CO2BRB,2,2036,0.1971
GLOBAL,PWROILBRBXX,CO2BRB,2,2037,0.1971
GLOBAL,PWROILBRBXX,CO2BRB,2,2038,0.1971
GLOBAL,PWROILBRBXX,CO2BRB,2,2039,0.1971
GLOBAL,PWROILBRBXX,CO2BRB,2,2040,0.1971
GLOBAL,PWROILBRBXX,CO2BRB,2,2041,0.1971
GLOBAL,PWROILBRBXX,CO2BRB,2,2042,0.1971
GLOBAL,PWROILBRBXX,CO2BRB,2,2043,0.1971
GLOBAL,PWROILBRBXX,CO2BRB,2,2044,0.1971
GLOBAL,PWROILBRBXX,CO2BRB,2,2045,0.1971
GLOBAL,PWROILBRBXX,CO2BRB,2,2046,0.1971
GLOBAL,PWROILBRBXX,CO2BRB,2,2047,0.1971
GLOBAL,PWROILBRBXX,CO2BRB,2,2048,0.1971
GLOBAL,PWROILBRBXX,CO2BRB,2,2049,0.1971
GLOBAL,PWROILBRBXX,CO2BRB,2,2050,0.1971
GLOBAL,PWROILCHLXX,CO2CHL,1,2023,0.2155
GLOBAL,PWROILCHLXX,CO2CHL,1,2024,0.2155
GLOBAL,PWROILCHLXX,CO2CHL,1,2025,0.2155
GLOBAL,PWROILCHLXX,CO2CHL,1,2026,0.2155
GLOBAL,PWROILCHLXX,CO2CHL,1,2027,0.2155
GLOBAL,PWROILCHLXX,CO2CHL,1,2028,0.2155
GLOBAL,PWROILCHLXX,CO2CHL,1,2029,0.2155
GLOBAL,PWROILCHLXX,CO2CHL,1,2030,0.2155
GLOBAL,PWROILCHLXX,CO2CHL,1,2031,0.2155
GLOBAL,PWROILCHLXX,CO2CHL,1,2032,0.2155
GLOBAL,PWROILCHLXX,CO2CHL,1,2033,0.2155
GLOBAL,PWROILCHLXX,CO2CHL,1,2034,0.2155
GLOBAL,PWROILCHLXX,CO2CHL,1,2035,0.2155
GLOBAL,PWROILCHLXX,CO2CHL,1,2036,0.2155
GLOBAL,PWROILCHLXX,CO2CHL,1,2037,0.2155
GLOBAL,PWROILCHLXX,CO2CHL,1,2038,0.2155
GLOBAL,PWROILCHLXX,CO2CHL,1,2039,0.2155
GLOBAL,PWROILCHLXX,CO2CHL,1,2040,0.2155
GLOBAL,PWROILCHLXX,CO2CHL,1,2041,0.2155
GLOBAL,PWROILCHLXX,CO2CHL,1,2042,0.2155
GLOBAL,PWROILCHLXX,CO2CHL,1,2043,0.2155
GLOBAL,PWROILCHLXX,CO2CHL,1,2044,0.2155
GLOBAL,PWROILCHLXX,CO2CHL,1,2045,0.2155
GLOBAL,PWROILCHLXX,CO2CHL,1,2046,0.2155
GLOBAL,PWROILCHLXX,CO2CHL,1,2047,0.2155
GLOBAL,PWROILCHLXX,CO2CHL,1,2048,0.2155
GLOBAL,PWROILCHLXX,CO2CHL,1,2049,0.2155
GLOBAL,PWROILCHLXX,CO2CHL,1,2050,0.2155
GLOBAL,PWROILCHLXX,CO2CHL,2,2023,0.2155
GLOBAL,PWROILCHLXX,CO2CHL,2,2024,0.2155
GLOBAL,PWROILCHLXX,CO2CHL,2,2025,0.2155
GLOBAL,PWROILCHLXX,CO2CHL,2,2026,0.2155
GLOBAL,PWROILCHLXX,CO2CHL,2,2027,0.2155
GLOBAL,PWROILCHLXX,CO2CHL,2,2028,0.2155
GLOBAL,PWROILCHLXX,CO2CHL,2,2029,0.2155
GLOBAL,PWROILCHLXX,CO2CHL,2,2030,0.2155
GLOBAL,PWROILCHLXX,CO2CHL,2,2031,0.2155
GLOBAL,PWROILCHLXX,CO2CHL,2,2032,0.2155
GLOBAL,PWROILCHLXX,CO2CHL,2,2033,0.2155
GLOBAL,PWROILCHLXX,CO2CHL,2,2034,0.2155
GLOBAL,PWROILCHLXX,CO2CHL,2,2035,0.2155
GLOBAL,PWROILCHLXX,CO2CHL,2,2036,0.2155
GLOBAL,PWROILCHLXX,CO2CHL,2,2037,0.2155
GLOBAL,PWROILCHLXX,CO2CHL,2,2038,0.2155
GLOBAL,PWROILCHLXX,CO2CHL,2,2039,0.2155
GLOBAL,PWROILCHLXX,CO2CHL,2,2040,0.2155
GLOBAL,PWROILCHLXX,CO2CHL,2,2041,0.2155
GLOBAL,PWROILCHLXX,CO2CHL,2,2042,0.2155
GLOBAL,PWROILCHLXX,CO2CHL,2,2043,0.2155
GLOBAL,PWROILCHLXX,CO2CHL,2,2044,0.2155
GLOBAL,PWROILCHLXX,CO2CHL,2,2045,0.2155
GLOBAL,PWROILCHLXX,CO2CHL,2,2046,0.2155
GLOBAL,PWROILCHLXX,CO2CHL,2,2047,0.2155
GLOBAL,PWROILCHLXX,CO2CHL,2,2048,0.2155
GLOBAL,PWROILCHLXX,CO2CHL,2,2049,0.2155
GLOBAL,PWROILCHLXX,CO2CHL,2,2050,0.2155
GLOBAL,PWROILCOLXX,CO2COL,1,2023,0.195
GLOBAL,PWROILCOLXX,CO2COL,1,2024,0.195
GLOBAL,PWROILCOLXX,CO2COL,1,2025,0.195
GLOBAL,PWROILCOLXX,CO2COL,1,2026,0.195
GLOBAL,PWROILCOLXX,CO2COL,1,2027,0.195
GLOBAL,PWROILCOLXX,CO2COL,1,2028,0.195
GLOBAL,PWROILCOLXX,CO2COL,1,2029,0.195
GLOBAL,PWROILCOLXX,CO2COL,1,2030,0.195
GLOBAL,PWROILCOLXX,CO2COL,1,2031,0.195
GLOBAL,PWROILCOLXX,CO2COL,1,2032,0.195
GLOBAL,PWROILCOLXX,CO2COL,1,2033,0.195
GLOBAL,PWROILCOLXX,CO2COL,1,2034,0.195
GLOBAL,PWROILCOLXX,CO2COL,1,2035,0.195
GLOBAL,PWROILCOLXX,CO2COL,1,2036,0.195
GLOBAL,PWROILCOLXX,CO2COL,1,2037,0.195
GLOBAL,PWROILCOLXX,CO2COL,1,2038,0.195
GLOBAL,PWROILCOLXX,CO2COL,1,2039,0.195
GLOBAL,PWROILCOLXX,CO2COL,1,2040,0.195
GLOBAL,PWROILCOLXX,CO2COL,1,2041,0.195
GLOBAL,PWROILCOLXX,CO2COL,1,2042,0.195
GLOBAL,PWROILCOLXX,CO2COL,1,2043,0.195
GLOBAL,PWROILCOLXX,CO2COL,1,2044,0.195
GLOBAL,PWROILCOLXX,CO2COL,1,2045,0.195
GLOBAL,PWROILCOLXX,CO2COL,1,2046,0.195
GLOBAL,PWROILCOLXX,CO2COL,1,2047,0.195
GLOBAL,PWROILCOLXX,CO2COL,1,2048,0.195
GLOBAL,PWROILCOLXX,CO2COL,1,2049,0.195
GLOBAL,PWROILCOLXX,CO2COL,1,2050,0.195
GLOBAL,PWROILCOLXX,CO2COL,2,2023,0.195
GLOBAL,PWROILCOLXX,CO2COL,2,2024,0.195
GLOBAL,PWROILCOLXX,CO2COL,2,2025,0.195
GLOBAL,PWROILCOLXX,CO2COL,2,2026,0.195
GLOBAL,PWROILCOLXX,CO2COL,2,2027,0.195
GLOBAL,PWROILCOLXX,CO2COL,2,2028,0.195
GLOBAL,PWROILCOLXX,CO2COL,2,2029,0.195
GLOBAL,PWROILCOLXX,CO2COL,2,2030,0.195
GLOBAL,PWROILCOLXX,CO2COL,2,2031,0.195
GLOBAL,PWROILCOLXX,CO2COL,2,2032,0.195
GLOBAL,PWROILCOLXX,CO2COL,2,2033,0.195
GLOBAL,PWROILCOLXX,CO2COL,2,2034,0.195
GLOBAL,PWROILCOLXX,CO2COL,2,2035,0.195
GLOBAL,PWROILCOLXX,CO2COL,2,2036,0.195
GLOBAL,PWROILCOLXX,CO2COL,2,2037,0.195
GLOBAL,PWROILCOLXX,CO2COL,2,2038,0.195
GLOBAL,PWROILCOLXX,CO2COL,2,2039,0.195
GLOBAL,PWROILCOLXX,CO2COL,2,2040,0.195
GLOBAL,PWROILCOLXX,CO2COL,2,2041,0.195
GLOBAL,PWROILCOLXX,CO2COL,2,2042,0.195
GLOBAL,PWROILCOLXX,CO2COL,2,2043,0.195
GLOBAL,PWROILCOLXX,CO2COL,2,2044,0.195
GLOBAL,PWROILCOLXX,CO2COL,2,2045,0.195
GLOBAL,PWROILCOLXX,CO2COL,2,2046,0.195
GLOBAL,PWROILCOLXX,CO2COL,2,2047,0.195
GLOBAL,PWROILCOLXX,CO2COL,2,2048,0.195
GLOBAL,PWROILCOLXX,CO2COL,2,2049,0.195
GLOBAL,PWROILCOLXX,CO2COL,2,2050,0.195
GLOBAL,PWROILCRIXX,CO2CRI,1,2023,0.2021
GLOBAL,PWROILCRIXX,CO2CRI,1,2024,0.2021
GLOBAL,PWROILCRIXX,CO2CRI,1,2025,0.2021
GLOBAL,PWROILCRIXX,CO2CRI,1,2026,0.2021
GLOBAL,PWROILCRIXX,CO2CRI,1,2027,0.2021
GLOBAL,PWROILCRIXX,CO2CRI,1,2028,0.2021
GLOBAL,PWROILCRIXX,CO2CRI,1,2029,0.2021
GLOBAL,PWROILCRIXX,CO2CRI,1,2030,0.2021
GLOBAL,PWROILCRIXX,CO2CRI,1,2031,0.2021
GLOBAL,PWROILCRIXX,CO2CRI,1,2032,0.2021
GLOBAL,PWROILCRIXX,CO2CRI,1,2033,0.2021
GLOBAL,PWROILCRIXX,CO2CRI,1,2034,0.2021
GLOBAL,PWROILCRIXX,CO2CRI,1,2035,0.2021
GLOBAL,PWROILCRIXX,CO2CRI,1,2036,0.2021
GLOBAL,PWROILCRIXX,CO2CRI,1,2037,0.2021
GLOBAL,PWROILCRIXX,CO2CRI,1,2038,0.2021
GLOBAL,PWROILCRIXX,CO2CRI,1,2039,0.2021
GLOBAL,PWROILCRIXX,CO2CRI,1,2040,0.2021
GLOBAL,PWROILCRIXX,CO2CRI,1,2041,0.2021
GLOBAL,PWROILCRIXX,CO2CRI,1,2042,0.2021
GLOBAL,PWROILCRIXX,CO2CRI,1,2043,0.2021
GLOBAL,PWROILCRIXX,CO2CRI,1,2044,0.2021
GLOBAL,PWROILCRIXX,CO2CRI,1,2045,0.2021
GLOBAL,PWROILCRIXX,CO2CRI,1,2046,0.2021
GLOBAL,PWROILCRIXX,CO2CRI,1,2047,0.2021
GLOBAL,PWROILCRIXX,CO2CRI,1,2048,0.2021
GLOBAL,PWROILCRIXX,CO2CRI,1,2049,0.2021
GLOBAL,PWROILCRIXX,CO2CRI,1,2050,0.2021
GLOBAL,PWROILCRIXX,CO2CRI,2,2023,0.2021
GLOBAL,PWROILCRIXX,CO2CRI,2,2024,0.2021
GLOBAL,PWROILCRIXX,CO2CRI,2,2025,0.2021
GLOBAL,PWROILCRIXX,CO2CRI,2,2026,0.2021
GLOBAL,PWROILCRIXX,CO2CRI,2,2027,0.2021
GLOBAL,PWROILCRIXX,CO2CRI,2,2028,0.2021
GLOBAL,PWROILCRIXX,CO2CRI,2,2029,0.2021
GLOBAL,PWROILCRIXX,CO2CRI,2,2030,0.2021
GLOBAL,PWROILCRIXX,CO2CRI,2,2031,0.2021
GLOBAL,PWROILCRIXX,CO2CRI,2,2032,0.2021
GLOBAL,PWROILCRIXX,CO2CRI,2,2033,0.2021
GLOBAL,PWROILCRIXX,CO2CRI,2,2034,0.2021
GLOBAL,PWROILCRIXX,CO2CRI,2,2035,0.2021
GLOBAL,PWROILCRIXX,CO2CRI,2,2036,0.2021
GLOBAL,PWROILCRIXX,CO2CRI,2,2037,0.2021
GLOBAL,PWROILCRIXX,CO2CRI,2,2038,0.2021
GLOBAL,PWROILCRIXX,CO2CRI,2,2039,0.2021
GLOBAL,PWROILCRIXX,CO2CRI,2,2040,0.2021
GLOBAL,PWROILCRIXX,CO2CRI,2,2041,0.2021
GLOBAL,PWROILCRIXX,CO2CRI,2,2042,0.2021
GLOBAL,PWROILCRIXX,CO2CRI,2,2043,0.2021
GLOBAL,PWROILCRIXX,CO2CRI,2,2044,0.2021
GLOBAL,PWROILCRIXX,CO2CRI,2,2045,0.2021
GLOBAL,PWROILCRIXX,CO2CRI,2,2046,0.2021
GLOBAL,PWROILCRIXX,CO2CRI,2,2047,0.2021
GLOBAL,PWROILCRIXX,CO2CRI,2,2048,0.2021
GLOBAL,PWROILCRIXX,CO2CRI,2,2049,0.2021
GLOBAL,PWROILCRIXX,CO2CRI,2,2050,0.2021
GLOBAL,PWROILDOMXX,CO2DOM,1,2023,0.2042
GLOBAL,PWROILDOMXX,CO2DOM,1,2024,0.2042
GLOBAL,PWROILDOMXX,CO2DOM,1,2025,0.2042
GLOBAL,PWROILDOMXX,CO2DOM,1,2026,0.2042
GLOBAL,PWROILDOMXX,CO2DOM,1,2027,0.2042
GLOBAL,PWROILDOMXX,CO2DOM,1,2028,0.2042
GLOBAL,PWROILDOMXX,CO2DOM,1,2029,0.2042
GLOBAL,PWROILDOMXX,CO2DOM,1,2030,0.2042
GLOBAL,PWROILDOMXX,CO2DOM,1,2031,0.2042
GLOBAL,PWROILDOMXX,CO2DOM,1,2032,0.2042
GLOBAL,PWROILDOMXX,CO2DOM,1,2033,0.2042
GLOBAL,PWROILDOMXX,CO2DOM,1,2034,0.2042
GLOBAL,PWROILDOMXX,CO2DOM,1,2035,0.2042
GLOBAL,PWROILDOMXX,CO2DOM,1,2036,0.2042
GLOBAL,PWROILDOMXX,CO2DOM,1,2037,0.2042
GLOBAL,PWROILDOMXX,CO2DOM,1,2038,0.2042
GLOBAL,PWROILDOMXX,CO2DOM,1,2039,0.2042
GLOBAL,PWROILDOMXX,CO2DOM,1,2040,0.2042
GLOBAL,PWROILDOMXX,CO2DOM,1,2041,0.2042
GLOBAL,PWROILDOMXX,CO2DOM,1,2042,0.2042
GLOBAL,PWROILDOMXX,CO2DOM,1,2043,0.2042
GLOBAL,PWROILDOMXX,CO2DOM,1,2044,0.2042
GLOBAL,PWROILDOMXX,CO2DOM,1,2045,0.2042
GLOBAL,PWROILDOMXX,CO2DOM,1,2046,0.2042
GLOBAL,PWROILDOMXX,CO2DOM,1,2047,0.2042
GLOBAL,PWROILDOMXX,CO2DOM,1,2048,0.2042
GLOBAL,PWROILDOMXX,CO2DOM,1,2049,0.2042
GLOBAL,PWROILDOMXX,CO2DOM,1,2050,0.2042
GLOBAL,PWROILDOMXX,CO2DOM,2,2023,0.2042
GLOBAL,PWROILDOMXX,CO2DOM,2,2024,0.2042
GLOBAL,PWROILDOMXX,CO2DOM,2,2025,0.2042
GLOBAL,PWROILDOMXX,CO2DOM,2,2026,0.2042
GLOBAL,PWROILDOMXX,CO2DOM,2,2027,0.2042
GLOBAL,PWROILDOMXX,CO2DOM,2,2028,0.2042
GLOBAL,PWROILDOMXX,CO2DOM,2,2029,0.2042
GLOBAL,PWROILDOMXX,CO2DOM,2,2030,0.2042
GLOBAL,PWROILDOMXX,CO2DOM,2,2031,0.2042
GLOBAL,PWROILDOMXX,CO2DOM,2,2032,0.2042
GLOBAL,PWROILDOMXX,CO2DOM,2,2033,0.2042
GLOBAL,PWROILDOMXX,CO2DOM,2,2034,0.2042
GLOBAL,PWROILDOMXX,CO2DOM,2,2035,0.2042
GLOBAL,PWROILDOMXX,CO2DOM,2,2036,0.2042
GLOBAL,PWROILDOMXX,CO2DOM,2,2037,0.2042
GLOBAL,PWROILDOMXX,CO2DOM,2,2038,0.2042
GLOBAL,PWROILDOMXX,CO2DOM,2,2039,0.2042
GLOBAL,PWROILDOMXX,CO2DOM,2,2040,0.2042
GLOBAL,PWROILDOMXX,CO2DOM,2,2041,0.2042
GLOBAL,PWROILDOMXX,CO2DOM,2,2042,0.2042
GLOBAL,PWROILDOMXX,CO2DOM,2,2043,0.2042
GLOBAL,PWROILDOMXX,CO2DOM,2,2044,0.2042
GLOBAL,PWROILDOMXX,CO2DOM,2,2045,0.2042
GLOBAL,PWROILDOMXX,CO2DOM,2,2046,0.2042
GLOBAL,PWROILDOMXX,CO2DOM,2,2047,0.2042
GLOBAL,PWROILDOMXX,CO2DOM,2,2048,0.2042
GLOBAL,PWROILDOMXX,CO2DOM,2,2049,0.2042
GLOBAL,PWROILDOMXX,CO2DOM,2,2050,0.2042
GLOBAL,PWROILECUXX,CO2ECU,1,2023,0.2035
GLOBAL,PWROILECUXX,CO2ECU,1,2024,0.2035
GLOBAL,PWROILECUXX,CO2ECU,1,2025,0.2035
GLOBAL,PWROILECUXX,CO2ECU,1,2026,0.2035
GLOBAL,PWROILECUXX,CO2ECU,1,2027,0.2035
GLOBAL,PWROILECUXX,CO2ECU,1,2028,0.2035
GLOBAL,PWROILECUXX,CO2ECU,1,2029,0.2035
GLOBAL,PWROILECUXX,CO2ECU,1,2030,0.2035
GLOBAL,PWROILECUXX,CO2ECU,1,2031,0.2035
GLOBAL,PWROILECUXX,CO2ECU,1,2032,0.2035
GLOBAL,PWROILECUXX,CO2ECU,1,2033,0.2035
GLOBAL,PWROILECUXX,CO2ECU,1,2034,0.2035
GLOBAL,PWROILECUXX,CO2ECU,1,2035,0.2035
GLOBAL,PWROILECUXX,CO2ECU,1,2036,0.2035
GLOBAL,PWROILECUXX,CO2ECU,1,2037,0.2035
GLOBAL,PWROILECUXX,CO2ECU,1,2038,0.2035
GLOBAL,PWROILECUXX,CO2ECU,1,2039,0.2035
GLOBAL,PWROILECUXX,CO2ECU,1,2040,0.2035
GLOBAL,PWROILECUXX,CO2ECU,1,2041,0.2035
GLOBAL,PWROILECUXX,CO2ECU,1,2042,0.2035
GLOBAL,PWROILECUXX,CO2ECU,1,2043,0.2035
GLOBAL,PWROILECUXX,CO2ECU,1,2044,0.2035
GLOBAL,PWROILECUXX,CO2ECU,1,2045,0.2035
GLOBAL,PWROILECUXX,CO2ECU,1,2046,0.2035
GLOBAL,PWROILECUXX,CO2ECU,1,2047,0.2035
GLOBAL,PWROILECUXX,CO2ECU,1,2048,0.2035
GLOBAL,PWROILECUXX,CO2ECU,1,2049,0.2035
GLOBAL,PWROILECUXX,CO2ECU,1,2050,0.2035
GLOBAL,PWROILECUXX,CO2ECU,2,2023,0.2035
GLOBAL,PWROILECUXX,CO2ECU,2,2024,0.2035
GLOBAL,PWROILECUXX,CO2ECU,2,2025,0.2035
GLOBAL,PWROILECUXX,CO2ECU,2,2026,0.2035
GLOBAL,PWROILECUXX,CO2ECU,2,2027,0.2035
GLOBAL,PWROILECUXX,CO2ECU,2,2028,0.2035
GLOBAL,PWROILECUXX,CO2ECU,2,2029,0.2035
GLOBAL,PWROILECUXX,CO2ECU,2,2030,0.2035
GLOBAL,PWROILECUXX,CO2ECU,2,2031,0.2035
GLOBAL,PWROILECUXX,CO2ECU,2,2032,0.2035
GLOBAL,PWROILECUXX,CO2ECU,2,2033,0.2035
GLOBAL,PWROILECUXX,CO2ECU,2,2034,0.2035
GLOBAL,PWROILECUXX,CO2ECU,2,2035,0.2035
GLOBAL,PWROILECUXX,CO2ECU,2,2036,0.2035
GLOBAL,PWROILECUXX,CO2ECU,2,2037,0.2035
GLOBAL,PWROILECUXX,CO2ECU,2,2038,0.2035
GLOBAL,PWROILECUXX,CO2ECU,2,2039,0.2035
GLOBAL,PWROILECUXX,CO2ECU,2,2040,0.2035
GLOBAL,PWROILECUXX,CO2ECU,2,2041,0.2035
GLOBAL,PWROILECUXX,CO2ECU,2,2042,0.2035
GLOBAL,PWROILECUXX,CO2ECU,2,2043,0.2035
GLOBAL,PWROILECUXX,CO2ECU,2,2044,0.2035
GLOBAL,PWROILECUXX,CO2ECU,2,2045,0.2035
GLOBAL,PWROILECUXX,CO2ECU,2,2046,0.2035
GLOBAL,PWROILECUXX,CO2ECU,2,2047,0.2035
GLOBAL,PWROILECUXX,CO2ECU,2,2048,0.2035
GLOBAL,PWROILECUXX,CO2ECU,2,2049,0.2035
GLOBAL,PWROILECUXX,CO2ECU,2,2050,0.2035
GLOBAL,PWROILGTMXX,CO2GTM,1,2023,0.2092
GLOBAL,PWROILGTMXX,CO2GTM,1,2024,0.2092
GLOBAL,PWROILGTMXX,CO2GTM,1,2025,0.2092
GLOBAL,PWROILGTMXX,CO2GTM,1,2026,0.2092
GLOBAL,PWROILGTMXX,CO2GTM,1,2027,0.2092
GLOBAL,PWROILGTMXX,CO2GTM,1,2028,0.2092
GLOBAL,PWROILGTMXX,CO2GTM,1,2029,0.2092
GLOBAL,PWROILGTMXX,CO2GTM,1,2030,0.2092
GLOBAL,PWROILGTMXX,CO2GTM,1,2031,0.2092
GLOBAL,PWROILGTMXX,CO2GTM,1,2032,0.2092
GLOBAL,PWROILGTMXX,CO2GTM,1,2033,0.2092
GLOBAL,PWROILGTMXX,CO2GTM,1,2034,0.2092
GLOBAL,PWROILGTMXX,CO2GTM,1,2035,0.2092
GLOBAL,PWROILGTMXX,CO2GTM,1,2036,0.2092
GLOBAL,PWROILGTMXX,CO2GTM,1,2037,0.2092
GLOBAL,PWROILGTMXX,CO2GTM,1,2038,0.2092
GLOBAL,PWROILGTMXX,CO2GTM,1,2039,0.2092
GLOBAL,PWROILGTMXX,CO2GTM,1,2040,0.2092
GLOBAL,PWROILGTMXX,CO2GTM,1,2041,0.2092
GLOBAL,PWROILGTMXX,CO2GTM,1,2042,0.2092
GLOBAL,PWROILGTMXX,CO2GTM,1,2043,0.2092
GLOBAL,PWROILGTMXX,CO2GTM,1,2044,0.2092
GLOBAL,PWROILGTMXX,CO2GTM,1,2045,0.2092
GLOBAL,PWROILGTMXX,CO2GTM,1,2046,0.2092
GLOBAL,PWROILGTMXX,CO2GTM,1,2047,0.2092
GLOBAL,PWROILGTMXX,CO2GTM,1,2048,0.2092
GLOBAL,PWROILGTMXX,CO2GTM,1,2049,0.2092
GLOBAL,PWROILGTMXX,CO2GTM,1,2050,0.2092
GLOBAL,PWROILGTMXX,CO2GTM,2,2023,0.2092
GLOBAL,PWROILGTMXX,CO2GTM,2,2024,0.2092
GLOBAL,PWROILGTMXX,CO2GTM,2,2025,0.2092
GLOBAL,PWROILGTMXX,CO2GTM,2,2026,0.2092
GLOBAL,PWROILGTMXX,CO2GTM,2,2027,0.2092
GLOBAL,PWROILGTMXX,CO2GTM,2,2028,0.2092
GLOBAL,PWROILGTMXX,CO2GTM,2,2029,0.2092
GLOBAL,PWROILGTMXX,CO2GTM,2,2030,0.2092
GLOBAL,PWROILGTMXX,CO2GTM,2,2031,0.2092
GLOBAL,PWROILGTMXX,CO2GTM,2,2032,0.2092
GLOBAL,PWROILGTMXX,CO2GTM,2,2033,0.2092
GLOBAL,PWROILGTMXX,CO2GTM,2,2034,0.2092
GLOBAL,PWROILGTMXX,CO2GTM,2,2035,0.2092
GLOBAL,PWROILGTMXX,CO2GTM,2,2036,0.2092
GLOBAL,PWROILGTMXX,CO2GTM,2,2037,0.2092
GLOBAL,PWROILGTMXX,CO2GTM,2,2038,0.2092
GLOBAL,PWROILGTMXX,CO2GTM,2,2039,0.2092
GLOBAL,PWROILGTMXX,CO2GTM,2,2040,0.2092
GLOBAL,PWROILGTMXX,CO2GTM,2,2041,0.2092
GLOBAL,PWROILGTMXX,CO2GTM,2,2042,0.2092
GLOBAL,PWROILGTMXX,CO2GTM,2,2043,0.2092
GLOBAL,PWROILGTMXX,CO2GTM,2,2044,0.2092
GLOBAL,PWROILGTMXX,CO2GTM,2,2045,0.2092
GLOBAL,PWROILGTMXX,CO2GTM,2,2046,0.2092
GLOBAL,PWROILGTMXX,CO2GTM,2,2047,0.2092
GLOBAL,PWROILGTMXX,CO2GTM,2,2048,0.2092
GLOBAL,PWROILGTMXX,CO2GTM,2,2049,0.2092
GLOBAL,PWROILGTMXX,CO2GTM,2,2050,0.2092
GLOBAL,PWROILHNDXX,CO2HND,1,2023,0.2063
GLOBAL,PWROILHNDXX,CO2HND,1,2024,0.2063
GLOBAL,PWROILHNDXX,CO2HND,1,2025,0.2063
GLOBAL,PWROILHNDXX,CO2HND,1,2026,0.2063
GLOBAL,PWROILHNDXX,CO2HND,1,2027,0.2063
GLOBAL,PWROILHNDXX,CO2HND,1,2028,0.2063
GLOBAL,PWROILHNDXX,CO2HND,1,2029,0.2063
GLOBAL,PWROILHNDXX,CO2HND,1,2030,0.2063
GLOBAL,PWROILHNDXX,CO2HND,1,2031,0.2063
GLOBAL,PWROILHNDXX,CO2HND,1,2032,0.2063
GLOBAL,PWROILHNDXX,CO2HND,1,2033,0.2063
GLOBAL,PWROILHNDXX,CO2HND,1,2034,0.2063
GLOBAL,PWROILHNDXX,CO2HND,1,2035,0.2063
GLOBAL,PWROILHNDXX,CO2HND,1,2036,0.2063
GLOBAL,PWROILHNDXX,CO2HND,1,2037,0.2063
GLOBAL,PWROILHNDXX,CO2HND,1,2038,0.2063
GLOBAL,PWROILHNDXX,CO2HND,1,2039,0.2063
GLOBAL,PWROILHNDXX,CO2HND,1,2040,0.2063
GLOBAL,PWROILHNDXX,CO2HND,1,2041,0.2063
GLOBAL,PWROILHNDXX,CO2HND,1,2042,0.2063
GLOBAL,PWROILHNDXX,CO2HND,1,2043,0.2063
GLOBAL,PWROILHNDXX,CO2HND,1,2044,0.2063
GLOBAL,PWROILHNDXX,CO2HND,1,2045,0.2063
GLOBAL,PWROILHNDXX,CO2HND,1,2046,0.2063
GLOBAL,PWROILHNDXX,CO2HND,1,2047,0.2063
GLOBAL,PWROILHNDXX,CO2HND,1,2048,0.2063
GLOBAL,PWROILHNDXX,CO2HND,1,2049,0.2063
GLOBAL,PWROILHNDXX,CO2HND,1,2050,0.2063
GLOBAL,PWROILHNDXX,CO2HND,2,2023,0.2063
GLOBAL,PWROILHNDXX,CO2HND,2,2024,0.2063
GLOBAL,PWROILHNDXX,CO2HND,2,2025,0.2063
GLOBAL,PWROILHNDXX,CO2HND,2,2026,0.2063
GLOBAL,PWROILHNDXX,CO2HND,2,2027,0.2063
GLOBAL,PWROILHNDXX,CO2HND,2,2028,0.2063
GLOBAL,PWROILHNDXX,CO2HND,2,2029,0.2063
GLOBAL,PWROILHNDXX,CO2HND,2,2030,0.2063
GLOBAL,PWROILHNDXX,CO2HND,2,2031,0.2063
GLOBAL,PWROILHNDXX,CO2HND,2,2032,0.2063
GLOBAL,PWROILHNDXX,CO2HND,2,2033,0.2063
GLOBAL,PWROILHNDXX,CO2HND,2,2034,0.2063
GLOBAL,PWROILHNDXX,CO2HND,2,2035,0.2063
GLOBAL,PWROILHNDXX,CO2HND,2,2036,0.2063
GLOBAL,PWROILHNDXX,CO2HND,2,2037,0.2063
GLOBAL,PWROILHNDXX,CO2HND,2,2038,0.2063
GLOBAL,PWROILHNDXX,CO2HND,2,2039,0.2063
GLOBAL,PWROILHNDXX,CO2HND,2,2040,0.2063
GLOBAL,PWROILHNDXX,CO2HND,2,2041,0.2063
GLOBAL,PWROILHNDXX,CO2HND,2,2042,0.2063
GLOBAL,PWROILHNDXX,CO2HND,2,2043,0.2063
GLOBAL,PWROILHNDXX,CO2HND,2,2044,0.2063
GLOBAL,PWROILHNDXX,CO2HND,2,2045,0.2063
GLOBAL,PWROILHNDXX,CO2HND,2,2046,0.2063
GLOBAL,PWROILHNDXX,CO2HND,2,2047,0.2063
GLOBAL,PWROILHNDXX,CO2HND,2,2048,0.2063
GLOBAL,PWROILHNDXX,CO2HND,2,2049,0.2063
GLOBAL,PWROILHNDXX,CO2HND,2,2050,0.2063
GLOBAL,PWROILHTIXX,CO2HTI,1,2023,0.2177
GLOBAL,PWROILHTIXX,CO2HTI,1,2024,0.2177
GLOBAL,PWROILHTIXX,CO2HTI,1,2025,0.2177
GLOBAL,PWROILHTIXX,CO2HTI,1,2026,0.2177
GLOBAL,PWROILHTIXX,CO2HTI,1,2027,0.2177
GLOBAL,PWROILHTIXX,CO2HTI,1,2028,0.2177
GLOBAL,PWROILHTIXX,CO2HTI,1,2029,0.2177
GLOBAL,PWROILHTIXX,CO2HTI,1,2030,0.2177
GLOBAL,PWROILHTIXX,CO2HTI,1,2031,0.2177
GLOBAL,PWROILHTIXX,CO2HTI,1,2032,0.2177
GLOBAL,PWROILHTIXX,CO2HTI,1,2033,0.2177
GLOBAL,PWROILHTIXX,CO2HTI,1,2034,0.2177
GLOBAL,PWROILHTIXX,CO2HTI,1,2035,0.2177
GLOBAL,PWROILHTIXX,CO2HTI,1,2036,0.2177
GLOBAL,PWROILHTIXX,CO2HTI,1,2037,0.2177
GLOBAL,PWROILHTIXX,CO2HTI,1,2038,0.2177
GLOBAL,PWROILHTIXX,CO2HTI,1,2039,0.2177
GLOBAL,PWROILHTIXX,CO2HTI,1,2040,0.2177
GLOBAL,PWROILHTIXX,CO2HTI,1,2041,0.2177
GLOBAL,PWROILHTIXX,CO2HTI,1,2042,0.2177
GLOBAL,PWROILHTIXX,CO2HTI,1,2043,0.2177
GLOBAL,PWROILHTIXX,CO2HTI,1,2044,0.2177
GLOBAL,PWROILHTIXX,CO2HTI,1,2045,0.2177
GLOBAL,PWROILHTIXX,CO2HTI,1,2046,0.2177
GLOBAL,PWROILHTIXX,CO2HTI,1,2047,0.2177
GLOBAL,PWROILHTIXX,CO2HTI,1,2048,0.2177
GLOBAL,PWROILHTIXX,CO2HTI,1,2049,0.2177
GLOBAL,PWROILHTIXX,CO2HTI,1,2050,0.2177
GLOBAL,PWROILHTIXX,CO2HTI,2,2023,0.2177
GLOBAL,PWROILHTIXX,CO2HTI,2,2024,0.2177
GLOBAL,PWROILHTIXX,CO2HTI,2,2025,0.2177
GLOBAL,PWROILHTIXX,CO2HTI,2,2026,0.2177
GLOBAL,PWROILHTIXX,CO2HTI,2,2027,0.2177
GLOBAL,PWROILHTIXX,CO2HTI,2,2028,0.2177
GLOBAL,PWROILHTIXX,CO2HTI,2,2029,0.2177
GLOBAL,PWROILHTIXX,CO2HTI,2,2030,0.2177
GLOBAL,PWROILHTIXX,CO2HTI,2,2031,0.2177
GLOBAL,PWROILHTIXX,CO2HTI,2,2032,0.2177
GLOBAL,PWROILHTIXX,CO2HTI,2,2033,0.2177
GLOBAL,PWROILHTIXX,CO2HTI,2,2034,0.2177
GLOBAL,PWROILHTIXX,CO2HTI,2,2035,0.2177
GLOBAL,PWROILHTIXX,CO2HTI,2,2036,0.2177
GLOBAL,PWROILHTIXX,CO2HTI,2,2037,0.2177
GLOBAL,PWROILHTIXX,CO2HTI,2,2038,0.2177
GLOBAL,PWROILHTIXX,CO2HTI,2,2039,0.2177
GLOBAL,PWROILHTIXX,CO2HTI,2,2040,0.2177
GLOBAL,PWROILHTIXX,CO2HTI,2,2041,0.2177
GLOBAL,PWROILHTIXX,CO2HTI,2,2042,0.2177
GLOBAL,PWROILHTIXX,CO2HTI,2,2043,0.2177
GLOBAL,PWROILHTIXX,CO2HTI,2,2044,0.2177
GLOBAL,PWROILHTIXX,CO2HTI,2,2045,0.2177
GLOBAL,PWROILHTIXX,CO2HTI,2,2046,0.2177
GLOBAL,PWROILHTIXX,CO2HTI,2,2047,0.2177
GLOBAL,PWROILHTIXX,CO2HTI,2,2048,0.2177
GLOBAL,PWROILHTIXX,CO2HTI,2,2049,0.2177
GLOBAL,PWROILHTIXX,CO2HTI,2,2050,0.2177
GLOBAL,PWROILMEXXX,CO2MEX,1,2023,0.2042
GLOBAL,PWROILMEXXX,CO2MEX,1,2024,0.2042
GLOBAL,PWROILMEXXX,CO2MEX,1,2025,0.2042
GLOBAL,PWROILMEXXX,CO2MEX,1,2026,0.2042
GLOBAL,PWROILMEXXX,CO2MEX,1,2027,0.2042
GLOBAL,PWROILMEXXX,CO2MEX,1,2028,0.2042
GLOBAL,PWROILMEXXX,CO2MEX,1,2029,0.2042
GLOBAL,PWROILMEXXX,CO2MEX,1,2030,0.2042
GLOBAL,PWROILMEXXX,CO2MEX,1,2031,0.2042
GLOBAL,PWROILMEXXX,CO2MEX,1,2032,0.2042
GLOBAL,PWROILMEXXX,CO2MEX,1,2033,0.2042
GLOBAL,PWROILMEXXX,CO2MEX,1,2034,0.2042
GLOBAL,PWROILMEXXX,CO2MEX,1,2035,0.2042
GLOBAL,PWROILMEXXX,CO2MEX,1,2036,0.2042
GLOBAL,PWROILMEXXX,CO2MEX,1,2037,0.2042
GLOBAL,PWROILMEXXX,CO2MEX,1,2038,0.2042
GLOBAL,PWROILMEXXX,CO2MEX,1,2039,0.2042
GLOBAL,PWROILMEXXX,CO2MEX,1,2040,0.2042
GLOBAL,PWROILMEXXX,CO2MEX,1,2041,0.2042
GLOBAL,PWROILMEXXX,CO2MEX,1,2042,0.2042
GLOBAL,PWROILMEXXX,CO2MEX,1,2043,0.2042
GLOBAL,PWROILMEXXX,CO2MEX,1,2044,0.2042
GLOBAL,PWROILMEXXX,CO2MEX,1,2045,0.2042
GLOBAL,PWROILMEXXX,CO2MEX,1,2046,0.2042
GLOBAL,PWROILMEXXX,CO2MEX,1,2047,0.2042
GLOBAL,PWROILMEXXX,CO2MEX,1,2048,0.2042
GLOBAL,PWROILMEXXX,CO2MEX,1,2049,0.2042
GLOBAL,PWROILMEXXX,CO2MEX,1,2050,0.2042
GLOBAL,PWROILMEXXX,CO2MEX,2,2023,0.2042
GLOBAL,PWROILMEXXX,CO2MEX,2,2024,0.2042
GLOBAL,PWROILMEXXX,CO2MEX,2,2025,0.2042
GLOBAL,PWROILMEXXX,CO2MEX,2,2026,0.2042
GLOBAL,PWROILMEXXX,CO2MEX,2,2027,0.2042
GLOBAL,PWROILMEXXX,CO2MEX,2,2028,0.2042
GLOBAL,PWROILMEXXX,CO2MEX,2,2029,0.2042
GLOBAL,PWROILMEXXX,CO2MEX,2,2030,0.2042
GLOBAL,PWROILMEXXX,CO2MEX,2,2031,0.2042
GLOBAL,PWROILMEXXX,CO2MEX,2,2032,0.2042
GLOBAL,PWROILMEXXX,CO2MEX,2,2033,0.2042
GLOBAL,PWROILMEXXX,CO2MEX,2,2034,0.2042
GLOBAL,PWROILMEXXX,CO2MEX,2,2035,0.2042
GLOBAL,PWROILMEXXX,CO2MEX,2,2036,0.2042
GLOBAL,PWROILMEXXX,CO2MEX,2,2037,0.2042
GLOBAL,PWROILMEXXX,CO2MEX,2,2038,0.2042
GLOBAL,PWROILMEXXX,CO2MEX,2,2039,0.2042
GLOBAL,PWROILMEXXX,CO2MEX,2,2040,0.2042
GLOBAL,PWROILMEXXX,CO2MEX,2,2041,0.2042
GLOBAL,PWROILMEXXX,CO2MEX,2,2042,0.2042
GLOBAL,PWROILMEXXX,CO2MEX,2,2043,0.2042
GLOBAL,PWROILMEXXX,CO2MEX,2,2044,0.2042
GLOBAL,PWROILMEXXX,CO2MEX,2,2045,0.2042
GLOBAL,PWROILMEXXX,CO2MEX,2,2046,0.2042
GLOBAL,PWROILMEXXX,CO2MEX,2,2047,0.2042
GLOBAL,PWROILMEXXX,CO2MEX,2,2048,0.2042
GLOBAL,PWROILMEXXX,CO2MEX,2,2049,0.2042
GLOBAL,PWROILMEXXX,CO2MEX,2,2050,0.2042
GLOBAL,PWROILNICXX,CO2NIC,1,2023,0.2063
GLOBAL,PWROILNICXX,CO2NIC,1,2024,0.2063
GLOBAL,PWROILNICXX,CO2NIC,1,2025,0.2063
GLOBAL,PWROILNICXX,CO2NIC,1,2026,0.2063
GLOBAL,PWROILNICXX,CO2NIC,1,2027,0.2063
GLOBAL,PWROILNICXX,CO2NIC,1,2028,0.2063
GLOBAL,PWROILNICXX,CO2NIC,1,2029,0.2063
GLOBAL,PWROILNICXX,CO2NIC,1,2030,0.2063
GLOBAL,PWROILNICXX,CO2NIC,1,2031,0.2063
GLOBAL,PWROILNICXX,CO2NIC,1,2032,0.2063
GLOBAL,PWROILNICXX,CO2NIC,1,2033,0.2063
GLOBAL,PWROILNICXX,CO2NIC,1,2034,0.2063
GLOBAL,PWROILNICXX,CO2NIC,1,2035,0.2063
GLOBAL,PWROILNICXX,CO2NIC,1,2036,0.2063
GLOBAL,PWROILNICXX,CO2NIC,1,2037,0.2063
GLOBAL,PWROILNICXX,CO2NIC,1,2038,0.2063
GLOBAL,PWROILNICXX,CO2NIC,1,2039,0.2063
GLOBAL,PWROILNICXX,CO2NIC,1,2040,0.2063
GLOBAL,PWROILNICXX,CO2NIC,1,2041,0.2063
GLOBAL,PWROILNICXX,CO2NIC,1,2042,0.2063
GLOBAL,PWROILNICXX,CO2NIC,1,2043,0.2063
GLOBAL,PWROILNICXX,CO2NIC,1,2044,0.2063
GLOBAL,PWROILNICXX,CO2NIC,1,2045,0.2063
GLOBAL,PWROILNICXX,CO2NIC,1,2046,0.2063
GLOBAL,PWROILNICXX,CO2NIC,1,2047,0.2063
GLOBAL,PWROILNICXX,CO2NIC,1,2048,0.2063
GLOBAL,PWROILNICXX,CO2NIC,1,2049,0.2063
GLOBAL,PWROILNICXX,CO2NIC,1,2050,0.2063
GLOBAL,PWROILNICXX,CO2NIC,2,2023,0.2063
GLOBAL,PWROILNICXX,CO2NIC,2,2024,0.2063
GLOBAL,PWROILNICXX,CO2NIC,2,2025,0.2063
GLOBAL,PWROILNICXX,CO2NIC,2,2026,0.2063
GLOBAL,PWROILNICXX,CO2NIC,2,2027,0.2063
GLOBAL,PWROILNICXX,CO2NIC,2,2028,0.2063
GLOBAL,PWROILNICXX,CO2NIC,2,2029,0.2063
GLOBAL,PWROILNICXX,CO2NIC,2,2030,0.2063
GLOBAL,PWROILNICXX,CO2NIC,2,2031,0.2063
GLOBAL,PWROILNICXX,CO2NIC,2,2032,0.2063
GLOBAL,PWROILNICXX,CO2NIC,2,2033,0.2063
GLOBAL,PWROILNICXX,CO2NIC,2,2034,0.2063
GLOBAL,PWROILNICXX,CO2NIC,2,2035,0.2063
GLOBAL,PWROILNICXX,CO2NIC,2,2036,0.2063
GLOBAL,PWROILNICXX,CO2NIC,2,2037,0.2063
GLOBAL,PWROILNICXX,CO2NIC,2,2038,0.2063
GLOBAL,PWROILNICXX,CO2NIC,2,2039,0.2063
GLOBAL,PWROILNICXX,CO2NIC,2,2040,0.2063
GLOBAL,PWROILNICXX,CO2NIC,2,2041,0.2063
GLOBAL,PWROILNICXX,CO2NIC,2,2042,0.2063
GLOBAL,PWROILNICXX,CO2NIC,2,2043,0.2063
GLOBAL,PWROILNICXX,CO2NIC,2,2044,0.2063
GLOBAL,PWROILNICXX,CO2NIC,2,2045,0.2063
GLOBAL,PWROILNICXX,CO2NIC,2,2046,0.2063
GLOBAL,PWROILNICXX,CO2NIC,2,2047,0.2063
GLOBAL,PWROILNICXX,CO2NIC,2,2048,0.2063
GLOBAL,PWROILNICXX,CO2NIC,2,2049,0.2063
GLOBAL,PWROILNICXX,CO2NIC,2,2050,0.2063
GLOBAL,PWROILPANXX,CO2PAN,1,2023,0.2077
GLOBAL,PWROILPANXX,CO2PAN,1,2024,0.2077
GLOBAL,PWROILPANXX,CO2PAN,1,2025,0.2077
GLOBAL,PWROILPANXX,CO2PAN,1,2026,0.2077
GLOBAL,PWROILPANXX,CO2PAN,1,2027,0.2077
GLOBAL,PWROILPANXX,CO2PAN,1,2028,0.2077
GLOBAL,PWROILPANXX,CO2PAN,1,2029,0.2077
GLOBAL,PWROILPANXX,CO2PAN,1,2030,0.2077
GLOBAL,PWROILPANXX,CO2PAN,1,2031,0.2077
GLOBAL,PWROILPANXX,CO2PAN,1,2032,0.2077
GLOBAL,PWROILPANXX,CO2PAN,1,2033,0.2077
GLOBAL,PWROILPANXX,CO2PAN,1,2034,0.2077
GLOBAL,PWROILPANXX,CO2PAN,1,2035,0.2077
GLOBAL,PWROILPANXX,CO2PAN,1,2036,0.2077
GLOBAL,PWROILPANXX,CO2PAN,1,2037,0.2077
GLOBAL,PWROILPANXX,CO2PAN,1,2038,0.2077
GLOBAL,PWROILPANXX,CO2PAN,1,2039,0.2077
GLOBAL,PWROILPANXX,CO2PAN,1,2040,0.2077
GLOBAL,PWROILPANXX,CO2PAN,1,2041,0.2077
GLOBAL,PWROILPANXX,CO2PAN,1,2042,0.2077
GLOBAL,PWROILPANXX,CO2PAN,1,2043,0.2077
GLOBAL,PWROILPANXX,CO2PAN,1,2044,0.2077
GLOBAL,PWROILPANXX,CO2PAN,1,2045,0.2077
GLOBAL,PWROILPANXX,CO2PAN,1,2046,0.2077
GLOBAL,PWROILPANXX,CO2PAN,1,2047,0.2077
GLOBAL,PWROILPANXX,CO2PAN,1,2048,0.2077
GLOBAL,PWROILPANXX,CO2PAN,1,2049,0.2077
GLOBAL,PWROILPANXX,CO2PAN,1,2050,0.2077
GLOBAL,PWROILPANXX,CO2PAN,2,2023,0.2077
GLOBAL,PWROILPANXX,CO2PAN,2,2024,0.2077
GLOBAL,PWROILPANXX,CO2PAN,2,2025,0.2077
GLOBAL,PWROILPANXX,CO2PAN,2,2026,0.2077
GLOBAL,PWROILPANXX,CO2PAN,2,2027,0.2077
GLOBAL,PWROILPANXX,CO2PAN,2,2028,0.2077
GLOBAL,PWROILPANXX,CO2PAN,2,2029,0.2077
GLOBAL,PWROILPANXX,CO2PAN,2,2030,0.2077
GLOBAL,PWROILPANXX,CO2PAN,2,2031,0.2077
GLOBAL,PWROILPANXX,CO2PAN,2,2032,0.2077
GLOBAL,PWROILPANXX,CO2PAN,2,2033,0.2077
GLOBAL,PWROILPANXX,CO2PAN,2,2034,0.2077
GLOBAL,PWROILPANXX,CO2PAN,2,2035,0.2077
GLOBAL,PWROILPANXX,CO2PAN,2,2036,0.2077
GLOBAL,PWROILPANXX,CO2PAN,2,2037,0.2077
GLOBAL,PWROILPANXX,CO2PAN,2,2038,0.2077
GLOBAL,PWROILPANXX,CO2PAN,2,2039,0.2077
GLOBAL,PWROILPANXX,CO2PAN,2,2040,0.2077
GLOBAL,PWROILPANXX,CO2PAN,2,2041,0.2077
GLOBAL,PWROILPANXX,CO2PAN,2,2042,0.2077
GLOBAL,PWROILPANXX,CO2PAN,2,2043,0.2077
GLOBAL,PWROILPANXX,CO2PAN,2,2044,0.2077
GLOBAL,PWROILPANXX,CO2PAN,2,2045,0.2077
GLOBAL,PWROILPANXX,CO2PAN,2,2046,0.2077
GLOBAL,PWROILPANXX,CO2PAN,2,2047,0.2077
GLOBAL,PWROILPANXX,CO2PAN,2,2048,0.2077
GLOBAL,PWROILPANXX,CO2PAN,2,2049,0.2077
GLOBAL,PWROILPANXX,CO2PAN,2,2050,0.2077
GLOBAL,PWROILPERXX,CO2PER,1,2023,0.2177
GLOBAL,PWROILPERXX,CO2PER,1,2024,0.2177
GLOBAL,PWROILPERXX,CO2PER,1,2025,0.2177
GLOBAL,PWROILPERXX,CO2PER,1,2026,0.2177
GLOBAL,PWROILPERXX,CO2PER,1,2027,0.2177
GLOBAL,PWROILPERXX,CO2PER,1,2028,0.2177
GLOBAL,PWROILPERXX,CO2PER,1,2029,0.2177
GLOBAL,PWROILPERXX,CO2PER,1,2030,0.2177
GLOBAL,PWROILPERXX,CO2PER,1,2031,0.2177
GLOBAL,PWROILPERXX,CO2PER,1,2032,0.2177
GLOBAL,PWROILPERXX,CO2PER,1,2033,0.2177
GLOBAL,PWROILPERXX,CO2PER,1,2034,0.2177
GLOBAL,PWROILPERXX,CO2PER,1,2035,0.2177
GLOBAL,PWROILPERXX,CO2PER,1,2036,0.2177
GLOBAL,PWROILPERXX,CO2PER,1,2037,0.2177
GLOBAL,PWROILPERXX,CO2PER,1,2038,0.2177
GLOBAL,PWROILPERXX,CO2PER,1,2039,0.2177
GLOBAL,PWROILPERXX,CO2PER,1,2040,0.2177
GLOBAL,PWROILPERXX,CO2PER,1,2041,0.2177
GLOBAL,PWROILPERXX,CO2PER,1,2042,0.2177
GLOBAL,PWROILPERXX,CO2PER,1,2043,0.2177
GLOBAL,PWROILPERXX,CO2PER,1,2044,0.2177
GLOBAL,PWROILPERXX,CO2PER,1,2045,0.2177
GLOBAL,PWROILPERXX,CO2PER,1,2046,0.2177
GLOBAL,PWROILPERXX,CO2PER,1,2047,0.2177
GLOBAL,PWROILPERXX,CO2PER,1,2048,0.2177
GLOBAL,PWROILPERXX,CO2PER,1,2049,0.2177
GLOBAL,PWROILPERXX,CO2PER,1,2050,0.2177
GLOBAL,PWROILPERXX,CO2PER,2,2023,0.2177
GLOBAL,PWROILPERXX,CO2PER,2,2024,0.2177
GLOBAL,PWROILPERXX,CO2PER,2,2025,0.2177
GLOBAL,PWROILPERXX,CO2PER,2,2026,0.2177
GLOBAL,PWROILPERXX,CO2PER,2,2027,0.2177
GLOBAL,PWROILPERXX,CO2PER,2,2028,0.2177
GLOBAL,PWROILPERXX,CO2PER,2,2029,0.2177
GLOBAL,PWROILPERXX,CO2PER,2,2030,0.2177
GLOBAL,PWROILPERXX,CO2PER,2,2031,0.2177
GLOBAL,PWROILPERXX,CO2PER,2,2032,0.2177
GLOBAL,PWROILPERXX,CO2PER,2,2033,0.2177
GLOBAL,PWROILPERXX,CO2PER,2,2034,0.2177
GLOBAL,PWROILPERXX,CO2PER,2,2035,0.2177
GLOBAL,PWROILPERXX,CO2PER,2,2036,0.2177
GLOBAL,PWROILPERXX,CO2PER,2,2037,0.2177
GLOBAL,PWROILPERXX,CO2PER,2,2038,0.2177
GLOBAL,PWROILPERXX,CO2PER,2,2039,0.2177
GLOBAL,PWROILPERXX,CO2PER,2,2040,0.2177
GLOBAL,PWROILPERXX,CO2PER,2,2041,0.2177
GLOBAL,PWROILPERXX,CO2PER,2,2042,0.2177
GLOBAL,PWROILPERXX,CO2PER,2,2043,0.2177
GLOBAL,PWROILPERXX,CO2PER,2,2044,0.2177
GLOBAL,PWROILPERXX,CO2PER,2,2045,0.2177
GLOBAL,PWROILPERXX,CO2PER,2,2046,0.2177
GLOBAL,PWROILPERXX,CO2PER,2,2047,0.2177
GLOBAL,PWROILPERXX,CO2PER,2,2048,0.2177
GLOBAL,PWROILPERXX,CO2PER,2,2049,0.2177
GLOBAL,PWROILPERXX,CO2PER,2,2050,0.2177
GLOBAL,PWROILPRYXX,CO2PRY,1,2023,0.2177
GLOBAL,PWROILPRYXX,CO2PRY,1,2024,0.2177
GLOBAL,PWROILPRYXX,CO2PRY,1,2025,0.2177
GLOBAL,PWROILPRYXX,CO2PRY,1,2026,0.2177
GLOBAL,PWROILPRYXX,CO2PRY,1,2027,0.2177
GLOBAL,PWROILPRYXX,CO2PRY,1,2028,0.2177
GLOBAL,PWROILPRYXX,CO2PRY,1,2029,0.2177
GLOBAL,PWROILPRYXX,CO2PRY,1,2030,0.2177
GLOBAL,PWROILPRYXX,CO2PRY,1,2031,0.2177
GLOBAL,PWROILPRYXX,CO2PRY,1,2032,0.2177
GLOBAL,PWROILPRYXX,CO2PRY,1,2033,0.2177
GLOBAL,PWROILPRYXX,CO2PRY,1,2034,0.2177
GLOBAL,PWROILPRYXX,CO2PRY,1,2035,0.2177
GLOBAL,PWROILPRYXX,CO2PRY,1,2036,0.2177
GLOBAL,PWROILPRYXX,CO2PRY,1,2037,0.2177
GLOBAL,PWROILPRYXX,CO2PRY,1,2038,0.2177
GLOBAL,PWROILPRYXX,CO2PRY,1,2039,0.2177
GLOBAL,PWROILPRYXX,CO2PRY,1,2040,0.2177
GLOBAL,PWROILPRYXX,CO2PRY,1,2041,0.2177
GLOBAL,PWROILPRYXX,CO2PRY,1,2042,0.2177
GLOBAL,PWROILPRYXX,CO2PRY,1,2043,0.2177
GLOBAL,PWROILPRYXX,CO2PRY,1,2044,0.2177
GLOBAL,PWROILPRYXX,CO2PRY,1,2045,0.2177
GLOBAL,PWROILPRYXX,CO2PRY,1,2046,0.2177
GLOBAL,PWROILPRYXX,CO2PRY,1,2047,0.2177
GLOBAL,PWROILPRYXX,CO2PRY,1,2048,0.2177
GLOBAL,PWROILPRYXX,CO2PRY,1,2049,0.2177
GLOBAL,PWROILPRYXX,CO2PRY,1,2050,0.2177
GLOBAL,PWROILPRYXX,CO2PRY,2,2023,0.2177
GLOBAL,PWROILPRYXX,CO2PRY,2,2024,0.2177
GLOBAL,PWROILPRYXX,CO2PRY,2,2025,0.2177
GLOBAL,PWROILPRYXX,CO2PRY,2,2026,0.2177
GLOBAL,PWROILPRYXX,CO2PRY,2,2027,0.2177
GLOBAL,PWROILPRYXX,CO2PRY,2,2028,0.2177
GLOBAL,PWROILPRYXX,CO2PRY,2,2029,0.2177
GLOBAL,PWROILPRYXX,CO2PRY,2,2030,0.2177
GLOBAL,PWROILPRYXX,CO2PRY,2,2031,0.2177
GLOBAL,PWROILPRYXX,CO2PRY,2,2032,0.2177
GLOBAL,PWROILPRYXX,CO2PRY,2,2033,0.2177
GLOBAL,PWROILPRYXX,CO2PRY,2,2034,0.2177
GLOBAL,PWROILPRYXX,CO2PRY,2,2035,0.2177
GLOBAL,PWROILPRYXX,CO2PRY,2,2036,0.2177
GLOBAL,PWROILPRYXX,CO2PRY,2,2037,0.2177
GLOBAL,PWROILPRYXX,CO2PRY,2,2038,0.2177
GLOBAL,PWROILPRYXX,CO2PRY,2,2039,0.2177
GLOBAL,PWROILPRYXX,CO2PRY,2,2040,0.2177
GLOBAL,PWROILPRYXX,CO2PRY,2,2041,0.2177
GLOBAL,PWROILPRYXX,CO2PRY,2,2042,0.2177
GLOBAL,PWROILPRYXX,CO2PRY,2,2043,0.2177
GLOBAL,PWROILPRYXX,CO2PRY,2,2044,0.2177
GLOBAL,PWROILPRYXX,CO2PRY,2,2045,0.2177
GLOBAL,PWROILPRYXX,CO2PRY,2,2046,0.2177
GLOBAL,PWROILPRYXX,CO2PRY,2,2047,0.2177
GLOBAL,PWROILPRYXX,CO2PRY,2,2048,0.2177
GLOBAL,PWROILPRYXX,CO2PRY,2,2049,0.2177
GLOBAL,PWROILPRYXX,CO2PRY,2,2050,0.2177
GLOBAL,PWROILSLVXX,CO2SLV,1,2023,0.1971
GLOBAL,PWROILSLVXX,CO2SLV,1,2024,0.1971
GLOBAL,PWROILSLVXX,CO2SLV,1,2025,0.1971
GLOBAL,PWROILSLVXX,CO2SLV,1,2026,0.1971
GLOBAL,PWROILSLVXX,CO2SLV,1,2027,0.1971
GLOBAL,PWROILSLVXX,CO2SLV,1,2028,0.1971
GLOBAL,PWROILSLVXX,CO2SLV,1,2029,0.1971
GLOBAL,PWROILSLVXX,CO2SLV,1,2030,0.1971
GLOBAL,PWROILSLVXX,CO2SLV,1,2031,0.1971
GLOBAL,PWROILSLVXX,CO2SLV,1,2032,0.1971
GLOBAL,PWROILSLVXX,CO2SLV,1,2033,0.1971
GLOBAL,PWROILSLVXX,CO2SLV,1,2034,0.1971
GLOBAL,PWROILSLVXX,CO2SLV,1,2035,0.1971
GLOBAL,PWROILSLVXX,CO2SLV,1,2036,0.1971
GLOBAL,PWROILSLVXX,CO2SLV,1,2037,0.1971
GLOBAL,PWROILSLVXX,CO2SLV,1,2038,0.1971
GLOBAL,PWROILSLVXX,CO2SLV,1,2039,0.1971
GLOBAL,PWROILSLVXX,CO2SLV,1,2040,0.1971
GLOBAL,PWROILSLVXX,CO2SLV,1,2041,0.1971
GLOBAL,PWROILSLVXX,CO2SLV,1,2042,0.1971
GLOBAL,PWROILSLVXX,CO2SLV,1,2043,0.1971
GLOBAL,PWROILSLVXX,CO2SLV,1,2044,0.1971
GLOBAL,PWROILSLVXX,CO2SLV,1,2045,0.1971
GLOBAL,PWROILSLVXX,CO2SLV,1,2046,0.1971
GLOBAL,PWROILSLVXX,CO2SLV,1,2047,0.1971
GLOBAL,PWROILSLVXX,CO2SLV,1,2048,0.1971
GLOBAL,PWROILSLVXX,CO2SLV,1,2049,0.1971
GLOBAL,PWROILSLVXX,CO2SLV,1,2050,0.1971
GLOBAL,PWROILSLVXX,CO2SLV,2,2023,0.1971
GLOBAL,PWROILSLVXX,CO2SLV,2,2024,0.1971
GLOBAL,PWROILSLVXX,CO2SLV,2,2025,0.1971
GLOBAL,PWROILSLVXX,CO2SLV,2,2026,0.1971
GLOBAL,PWROILSLVXX,CO2SLV,2,2027,0.1971
GLOBAL,PWROILSLVXX,CO2SLV,2,2028,0.1971
GLOBAL,PWROILSLVXX,CO2SLV,2,2029,0.1971
GLOBAL,PWROILSLVXX,CO2SLV,2,2030,0.1971
GLOBAL,PWROILSLVXX,CO2SLV,2,2031,0.1971
GLOBAL,PWROILSLVXX,CO2SLV,2,2032,0.1971
GLOBAL,PWROILSLVXX,CO2SLV,2,2033,0.1971
GLOBAL,PWROILSLVXX,CO2SLV,2,2034,0.1971
GLOBAL,PWROILSLVXX,CO2SLV,2,2035,0.1971
GLOBAL,PWROILSLVXX,CO2SLV,2,2036,0.1971
GLOBAL,PWROILSLVXX,CO2SLV,2,2037,0.1971
GLOBAL,PWROILSLVXX,CO2SLV,2,2038,0.1971
GLOBAL,PWROILSLVXX,CO2SLV,2,2039,0.1971
GLOBAL,PWROILSLVXX,CO2SLV,2,2040,0.1971
GLOBAL,PWROILSLVXX,CO2SLV,2,2041,0.1971
GLOBAL,PWROILSLVXX,CO2SLV,2,2042,0.1971
GLOBAL,PWROILSLVXX,CO2SLV,2,2043,0.1971
GLOBAL,PWROILSLVXX,CO2SLV,2,2044,0.1971
GLOBAL,PWROILSLVXX,CO2SLV,2,2045,0.1971
GLOBAL,PWROILSLVXX,CO2SLV,2,2046,0.1971
GLOBAL,PWROILSLVXX,CO2SLV,2,2047,0.1971
GLOBAL,PWROILSLVXX,CO2SLV,2,2048,0.1971
GLOBAL,PWROILSLVXX,CO2SLV,2,2049,0.1971
GLOBAL,PWROILSLVXX,CO2SLV,2,2050,0.1971
GLOBAL,PWROILURYXX,CO2URY,1,2023,0.2184
GLOBAL,PWROILURYXX,CO2URY,1,2024,0.2184
GLOBAL,PWROILURYXX,CO2URY,1,2025,0.2184
GLOBAL,PWROILURYXX,CO2URY,1,2026,0.2184
GLOBAL,PWROILURYXX,CO2URY,1,2027,0.2184
GLOBAL,PWROILURYXX,CO2URY,1,2028,0.2184
GLOBAL,PWROILURYXX,CO2URY,1,2029,0.2184
GLOBAL,PWROILURYXX,CO2URY,1,2030,0.2184
GLOBAL,PWROILURYXX,CO2URY,1,2031,0.2184
GLOBAL,PWROILURYXX,CO2URY,1,2032,0.2184
GLOBAL,PWROILURYXX,CO2URY,1,2033,0.2184
GLOBAL,PWROILURYXX,CO2URY,1,2034,0.2184
GLOBAL,PWROILURYXX,CO2URY,1,2035,0.2184
GLOBAL,PWROILURYXX,CO2URY,1,2036,0.2184
GLOBAL,PWROILURYXX,CO2URY,1,2037,0.2184
GLOBAL,PWROILURYXX,CO2URY,1,2038,0.2184
GLOBAL,PWROILURYXX,CO2URY,1,2039,0.2184
GLOBAL,PWROILURYXX,CO2URY,1,2040,0.2184
GLOBAL,PWROILURYXX,CO2URY,1,2041,0.2184
GLOBAL,PWROILURYXX,CO2URY,1,2042,0.2184
GLOBAL,PWROILURYXX,CO2URY,1,2043,0.2184
GLOBAL,PWROILURYXX,CO2URY,1,2044,0.2184
GLOBAL,PWROILURYXX,CO2URY,1,2045,0.2184
GLOBAL,PWROILURYXX,CO2URY,1,2046,0.2184
GLOBAL,PWROILURYXX,CO2URY,1,2047,0.2184
GLOBAL,PWROILURYXX,CO2URY,1,2048,0.2184
GLOBAL,PWROILURYXX,CO2URY,1,2049,0.2184
GLOBAL,PWROILURYXX,CO2URY,1,2050,0.2184
GLOBAL,PWROILURYXX,CO2URY,2,2023,0.2184
GLOBAL,PWROILURYXX,CO2URY,2,2024,0.2184
GLOBAL,PWROILURYXX,CO2URY,2,2025,0.2184
GLOBAL,PWROILURYXX,CO2URY,2,2026,0.2184
GLOBAL,PWROILURYXX,CO2URY,2,2027,0.2184
GLOBAL,PWROILURYXX,CO2URY,2,2028,0.2184
GLOBAL,PWROILURYXX,CO2URY,2,2029,0.2184
GLOBAL,PWROILURYXX,CO2URY,2,2030,0.2184
GLOBAL,PWROILURYXX,CO2URY,2,2031,0.2184
GLOBAL,PWROILURYXX,CO2URY,2,2032,0.2184
GLOBAL,PWROILURYXX,CO2URY,2,2033,0.2184
GLOBAL,PWROILURYXX,CO2URY,2,2034,0.2184
GLOBAL,PWROILURYXX,CO2URY,2,2035,0.2184
GLOBAL,PWROILURYXX,CO2URY,2,2036,0.2184
GLOBAL,PWROILURYXX,CO2URY,2,2037,0.2184
GLOBAL,PWROILURYXX,CO2URY,2,2038,0.2184
GLOBAL,PWROILURYXX,CO2URY,2,2039,0.2184
GLOBAL,PWROILURYXX,CO2URY,2,2040,0.2184
GLOBAL,PWROILURYXX,CO2URY,2,2041,0.2184
GLOBAL,PWROILURYXX,CO2URY,2,2042,0.2184
GLOBAL,PWROILURYXX,CO2URY,2,2043,0.2184
GLOBAL,PWROILURYXX,CO2URY,2,2044,0.2184
GLOBAL,PWROILURYXX,CO2URY,2,2045,0.2184
GLOBAL,PWROILURYXX,CO2URY,2,2046,0.2184
GLOBAL,PWROILURYXX,CO2URY,2,2047,0.2184
GLOBAL,PWROILURYXX,CO2URY,2,2048,0.2184
GLOBAL,PWROILURYXX,CO2URY,2,2049,0.2184
GLOBAL,PWROILURYXX,CO2URY,2,2050,0.2184
GLOBAL,PWROTHARGXX,CO2ARG,1,2023,0.0503
GLOBAL,PWROTHARGXX,CO2ARG,1,2024,0.0503
GLOBAL,PWROTHARGXX,CO2ARG,1,2025,0.0503
GLOBAL,PWROTHARGXX,CO2ARG,1,2026,0.0503
GLOBAL,PWROTHARGXX,CO2ARG,1,2027,0.0503
GLOBAL,PWROTHARGXX,CO2ARG,1,2028,0.0503
GLOBAL,PWROTHARGXX,CO2ARG,1,2029,0.0503
GLOBAL,PWROTHARGXX,CO2ARG,1,2030,0.0503
GLOBAL,PWROTHARGXX,CO2ARG,1,2031,0.0503
GLOBAL,PWROTHARGXX,CO2ARG,1,2032,0.0503
GLOBAL,PWROTHARGXX,CO2ARG,1,2033,0.0503
GLOBAL,PWROTHARGXX,CO2ARG,1,2034,0.0503
GLOBAL,PWROTHARGXX,CO2ARG,1,2035,0.0503
GLOBAL,PWROTHARGXX,CO2ARG,1,2036,0.0503
GLOBAL,PWROTHARGXX,CO2ARG,1,2037,0.0503
GLOBAL,PWROTHARGXX,CO2ARG,1,2038,0.0503
GLOBAL,PWROTHARGXX,CO2ARG,1,2039,0.0503
GLOBAL,PWROTHARGXX,CO2ARG,1,2040,0.0503
GLOBAL,PWROTHARGXX,CO2ARG,1,2041,0.0503
GLOBAL,PWROTHARGXX,CO2ARG,1,2042,0.0503
GLOBAL,PWROTHARGXX,CO2ARG,1,2043,0.0503
GLOBAL,PWROTHARGXX,CO2ARG,1,2044,0.0503
GLOBAL,PWROTHARGXX,CO2ARG,1,2045,0.0503
GLOBAL,PWROTHARGXX,CO2ARG,1,2046,0.0503
GLOBAL,PWROTHARGXX,CO2ARG,1,2047,0.0503
GLOBAL,PWROTHARGXX,CO2ARG,1,2048,0.0503
GLOBAL,PWROTHARGXX,CO2ARG,1,2049,0.0503
GLOBAL,PWROTHARGXX,CO2ARG,1,2050,0.0503
GLOBAL,PWROTHARGXX,CO2ARG,2,2023,0.0503
GLOBAL,PWROTHARGXX,CO2ARG,2,2024,0.0503
GLOBAL,PWROTHARGXX,CO2ARG,2,2025,0.0503
GLOBAL,PWROTHARGXX,CO2ARG,2,2026,0.0503
GLOBAL,PWROTHARGXX,CO2ARG,2,2027,0.0503
GLOBAL,PWROTHARGXX,CO2ARG,2,2028,0.0503
GLOBAL,PWROTHARGXX,CO2ARG,2,2029,0.0503
GLOBAL,PWROTHARGXX,CO2ARG,2,2030,0.0503
GLOBAL,PWROTHARGXX,CO2ARG,2,2031,0.0503
GLOBAL,PWROTHARGXX,CO2ARG,2,2032,0.0503
GLOBAL,PWROTHARGXX,CO2ARG,2,2033,0.0503
GLOBAL,PWROTHARGXX,CO2ARG,2,2034,0.0503
GLOBAL,PWROTHARGXX,CO2ARG,2,2035,0.0503
GLOBAL,PWROTHARGXX,CO2ARG,2,2036,0.0503
GLOBAL,PWROTHARGXX,CO2ARG,2,2037,0.0503
GLOBAL,PWROTHARGXX,CO2ARG,2,2038,0.0503
GLOBAL,PWROTHARGXX,CO2ARG,2,2039,0.0503
GLOBAL,PWROTHARGXX,CO2ARG,2,2040,0.0503
GLOBAL,PWROTHARGXX,CO2ARG,2,2041,0.0503
GLOBAL,PWROTHARGXX,CO2ARG,2,2042,0.0503
GLOBAL,PWROTHARGXX,CO2ARG,2,2043,0.0503
GLOBAL,PWROTHARGXX,CO2ARG,2,2044,0.0503
GLOBAL,PWROTHARGXX,CO2ARG,2,2045,0.0503
GLOBAL,PWROTHARGXX,CO2ARG,2,2046,0.0503
GLOBAL,PWROTHARGXX,CO2ARG,2,2047,0.0503
GLOBAL,PWROTHARGXX,CO2ARG,2,2048,0.0503
GLOBAL,PWROTHARGXX,CO2ARG,2,2049,0.0503
GLOBAL,PWROTHARGXX,CO2ARG,2,2050,0.0503
GLOBAL,PWROTHBOLXX,CO2BOL,1,2023,0.0503
GLOBAL,PWROTHBOLXX,CO2BOL,1,2024,0.0503
GLOBAL,PWROTHBOLXX,CO2BOL,1,2025,0.0503
GLOBAL,PWROTHBOLXX,CO2BOL,1,2026,0.0503
GLOBAL,PWROTHBOLXX,CO2BOL,1,2027,0.0503
GLOBAL,PWROTHBOLXX,CO2BOL,1,2028,0.0503
GLOBAL,PWROTHBOLXX,CO2BOL,1,2029,0.0503
GLOBAL,PWROTHBOLXX,CO2BOL,1,2030,0.0503
GLOBAL,PWROTHBOLXX,CO2BOL,1,2031,0.0503
GLOBAL,PWROTHBOLXX,CO2BOL,1,2032,0.0503
GLOBAL,PWROTHBOLXX,CO2BOL,1,2033,0.0503
GLOBAL,PWROTHBOLXX,CO2BOL,1,2034,0.0503
GLOBAL,PWROTHBOLXX,CO2BOL,1,2035,0.0503
GLOBAL,PWROTHBOLXX,CO2BOL,1,2036,0.0503
GLOBAL,PWROTHBOLXX,CO2BOL,1,2037,0.0503
GLOBAL,PWROTHBOLXX,CO2BOL,1,2038,0.0503
GLOBAL,PWROTHBOLXX,CO2BOL,1,2039,0.0503
GLOBAL,PWROTHBOLXX,CO2BOL,1,2040,0.0503
GLOBAL,PWROTHBOLXX,CO2BOL,1,2041,0.0503
GLOBAL,PWROTHBOLXX,CO2BOL,1,2042,0.0503
GLOBAL,PWROTHBOLXX,CO2BOL,1,2043,0.0503
GLOBAL,PWROTHBOLXX,CO2BOL,1,2044,0.0503
GLOBAL,PWROTHBOLXX,CO2BOL,1,2045,0.0503
GLOBAL,PWROTHBOLXX,CO2BOL,1,2046,0.0503
GLOBAL,PWROTHBOLXX,CO2BOL,1,2047,0.0503
GLOBAL,PWROTHBOLXX,CO2BOL,1,2048,0.0503
GLOBAL,PWROTHBOLXX,CO2BOL,1,2049,0.0503
GLOBAL,PWROTHBOLXX,CO2BOL,1,2050,0.0503
GLOBAL,PWROTHBOLXX,CO2BOL,2,2023,0.0503
GLOBAL,PWROTHBOLXX,CO2BOL,2,2024,0.0503
GLOBAL,PWROTHBOLXX,CO2BOL,2,2025,0.0503
GLOBAL,PWROTHBOLXX,CO2BOL,2,2026,0.0503
GLOBAL,PWROTHBOLXX,CO2BOL,2,2027,0.0503
GLOBAL,PWROTHBOLXX,CO2BOL,2,2028,0.0503
GLOBAL,PWROTHBOLXX,CO2BOL,2,2029,0.0503
GLOBAL,PWROTHBOLXX,CO2BOL,2,2030,0.0503
GLOBAL,PWROTHBOLXX,CO2BOL,2,2031,0.0503
GLOBAL,PWROTHBOLXX,CO2BOL,2,2032,0.0503
GLOBAL,PWROTHBOLXX,CO2BOL,2,2033,0.0503
GLOBAL,PWROTHBOLXX,CO2BOL,2,2034,0.0503
GLOBAL,PWROTHBOLXX,CO2BOL,2,2035,0.0503
GLOBAL,PWROTHBOLXX,CO2BOL,2,2036,0.0503
GLOBAL,PWROTHBOLXX,CO2BOL,2,2037,0.0503
GLOBAL,PWROTHBOLXX,CO2BOL,2,2038,0.0503
GLOBAL,PWROTHBOLXX,CO2BOL,2,2039,0.0503
GLOBAL,PWROTHBOLXX,CO2BOL,2,2040,0.0503
GLOBAL,PWROTHBOLXX,CO2BOL,2,2041,0.0503
GLOBAL,PWROTHBOLXX,CO2BOL,2,2042,0.0503
GLOBAL,PWROTHBOLXX,CO2BOL,2,2043,0.0503
GLOBAL,PWROTHBOLXX,CO2BOL,2,2044,0.0503
GLOBAL,PWROTHBOLXX,CO2BOL,2,2045,0.0503
GLOBAL,PWROTHBOLXX,CO2BOL,2,2046,0.0503
GLOBAL,PWROTHBOLXX,CO2BOL,2,2047,0.0503
GLOBAL,PWROTHBOLXX,CO2BOL,2,2048,0.0503
GLOBAL,PWROTHBOLXX,CO2BOL,2,2049,0.0503
GLOBAL,PWROTHBOLXX,CO2BOL,2,2050,0.0503
GLOBAL,PWROTHBRAXX,CO2BRA,1,2023,0.0503
GLOBAL,PWROTHBRAXX,CO2BRA,1,2024,0.0503
GLOBAL,PWROTHBRAXX,CO2BRA,1,2025,0.0503
GLOBAL,PWROTHBRAXX,CO2BRA,1,2026,0.0503
GLOBAL,PWROTHBRAXX,CO2BRA,1,2027,0.0503
GLOBAL,PWROTHBRAXX,CO2BRA,1,2028,0.0503
GLOBAL,PWROTHBRAXX,CO2BRA,1,2029,0.0503
GLOBAL,PWROTHBRAXX,CO2BRA,1,2030,0.0503
GLOBAL,PWROTHBRAXX,CO2BRA,1,2031,0.0503
GLOBAL,PWROTHBRAXX,CO2BRA,1,2032,0.0503
GLOBAL,PWROTHBRAXX,CO2BRA,1,2033,0.0503
GLOBAL,PWROTHBRAXX,CO2BRA,1,2034,0.0503
GLOBAL,PWROTHBRAXX,CO2BRA,1,2035,0.0503
GLOBAL,PWROTHBRAXX,CO2BRA,1,2036,0.0503
GLOBAL,PWROTHBRAXX,CO2BRA,1,2037,0.0503
GLOBAL,PWROTHBRAXX,CO2BRA,1,2038,0.0503
GLOBAL,PWROTHBRAXX,CO2BRA,1,2039,0.0503
GLOBAL,PWROTHBRAXX,CO2BRA,1,2040,0.0503
GLOBAL,PWROTHBRAXX,CO2BRA,1,2041,0.0503
GLOBAL,PWROTHBRAXX,CO2BRA,1,2042,0.0503
GLOBAL,PWROTHBRAXX,CO2BRA,1,2043,0.0503
GLOBAL,PWROTHBRAXX,CO2BRA,1,2044,0.0503
GLOBAL,PWROTHBRAXX,CO2BRA,1,2045,0.0503
GLOBAL,PWROTHBRAXX,CO2BRA,1,2046,0.0503
GLOBAL,PWROTHBRAXX,CO2BRA,1,2047,0.0503
GLOBAL,PWROTHBRAXX,CO2BRA,1,2048,0.0503
GLOBAL,PWROTHBRAXX,CO2BRA,1,2049,0.0503
GLOBAL,PWROTHBRAXX,CO2BRA,1,2050,0.0503
GLOBAL,PWROTHBRAXX,CO2BRA,2,2023,0.0503
GLOBAL,PWROTHBRAXX,CO2BRA,2,2024,0.0503
GLOBAL,PWROTHBRAXX,CO2BRA,2,2025,0.0503
GLOBAL,PWROTHBRAXX,CO2BRA,2,2026,0.0503
GLOBAL,PWROTHBRAXX,CO2BRA,2,2027,0.0503
GLOBAL,PWROTHBRAXX,CO2BRA,2,2028,0.0503
GLOBAL,PWROTHBRAXX,CO2BRA,2,2029,0.0503
GLOBAL,PWROTHBRAXX,CO2BRA,2,2030,0.0503
GLOBAL,PWROTHBRAXX,CO2BRA,2,2031,0.0503
GLOBAL,PWROTHBRAXX,CO2BRA,2,2032,0.0503
GLOBAL,PWROTHBRAXX,CO2BRA,2,2033,0.0503
GLOBAL,PWROTHBRAXX,CO2BRA,2,2034,0.0503
GLOBAL,PWROTHBRAXX,CO2BRA,2,2035,0.0503
GLOBAL,PWROTHBRAXX,CO2BRA,2,2036,0.0503
GLOBAL,PWROTHBRAXX,CO2BRA,2,2037,0.0503
GLOBAL,PWROTHBRAXX,CO2BRA,2,2038,0.0503
GLOBAL,PWROTHBRAXX,CO2BRA,2,2039,0.0503
GLOBAL,PWROTHBRAXX,CO2BRA,2,2040,0.0503
GLOBAL,PWROTHBRAXX,CO2BRA,2,2041,0.0503
GLOBAL,PWROTHBRAXX,CO2BRA,2,2042,0.0503
GLOBAL,PWROTHBRAXX,CO2BRA,2,2043,0.0503
GLOBAL,PWROTHBRAXX,CO2BRA,2,2044,0.0503
GLOBAL,PWROTHBRAXX,CO2BRA,2,2045,0.0503
GLOBAL,PWROTHBRAXX,CO2BRA,2,2046,0.0503
GLOBAL,PWROTHBRAXX,CO2BRA,2,2047,0.0503
GLOBAL,PWROTHBRAXX,CO2BRA,2,2048,0.0503
GLOBAL,PWROTHBRAXX,CO2BRA,2,2049,0.0503
GLOBAL,PWROTHBRAXX,CO2BRA,2,2050,0.0503
GLOBAL,PWROTHBRBXX,CO2BRB,1,2023,0.0503
GLOBAL,PWROTHBRBXX,CO2BRB,1,2024,0.0503
GLOBAL,PWROTHBRBXX,CO2BRB,1,2025,0.0503
GLOBAL,PWROTHBRBXX,CO2BRB,1,2026,0.0503
GLOBAL,PWROTHBRBXX,CO2BRB,1,2027,0.0503
GLOBAL,PWROTHBRBXX,CO2BRB,1,2028,0.0503
GLOBAL,PWROTHBRBXX,CO2BRB,1,2029,0.0503
GLOBAL,PWROTHBRBXX,CO2BRB,1,2030,0.0503
GLOBAL,PWROTHBRBXX,CO2BRB,1,2031,0.0503
GLOBAL,PWROTHBRBXX,CO2BRB,1,2032,0.0503
GLOBAL,PWROTHBRBXX,CO2BRB,1,2033,0.0503
GLOBAL,PWROTHBRBXX,CO2BRB,1,2034,0.0503
GLOBAL,PWROTHBRBXX,CO2BRB,1,2035,0.0503
GLOBAL,PWROTHBRBXX,CO2BRB,1,2036,0.0503
GLOBAL,PWROTHBRBXX,CO2BRB,1,2037,0.0503
GLOBAL,PWROTHBRBXX,CO2BRB,1,2038,0.0503
GLOBAL,PWROTHBRBXX,CO2BRB,1,2039,0.0503
GLOBAL,PWROTHBRBXX,CO2BRB,1,2040,0.0503
GLOBAL,PWROTHBRBXX,CO2BRB,1,2041,0.0503
GLOBAL,PWROTHBRBXX,CO2BRB,1,2042,0.0503
GLOBAL,PWROTHBRBXX,CO2BRB,1,2043,0.0503
GLOBAL,PWROTHBRBXX,CO2BRB,1,2044,0.0503
GLOBAL,PWROTHBRBXX,CO2BRB,1,2045,0.0503
GLOBAL,PWROTHBRBXX,CO2BRB,1,2046,0.0503
GLOBAL,PWROTHBRBXX,CO2BRB,1,2047,0.0503
GLOBAL,PWROTHBRBXX,CO2BRB,1,2048,0.0503
GLOBAL,PWROTHBRBXX,CO2BRB,1,2049,0.0503
GLOBAL,PWROTHBRBXX,CO2BRB,1,2050,0.0503
GLOBAL,PWROTHBRBXX,CO2BRB,2,2023,0.0503
GLOBAL,PWROTHBRBXX,CO2BRB,2,2024,0.0503
GLOBAL,PWROTHBRBXX,CO2BRB,2,2025,0.0503
GLOBAL,PWROTHBRBXX,CO2BRB,2,2026,0.0503
GLOBAL,PWROTHBRBXX,CO2BRB,2,2027,0.0503
GLOBAL,PWROTHBRBXX,CO2BRB,2,2028,0.0503
GLOBAL,PWROTHBRBXX,CO2BRB,2,2029,0.0503
GLOBAL,PWROTHBRBXX,CO2BRB,2,2030,0.0503
GLOBAL,PWROTHBRBXX,CO2BRB,2,2031,0.0503
GLOBAL,PWROTHBRBXX,CO2BRB,2,2032,0.0503
GLOBAL,PWROTHBRBXX,CO2BRB,2,2033,0.0503
GLOBAL,PWROTHBRBXX,CO2BRB,2,2034,0.0503
GLOBAL,PWROTHBRBXX,CO2BRB,2,2035,0.0503
GLOBAL,PWROTHBRBXX,CO2BRB,2,2036,0.0503
GLOBAL,PWROTHBRBXX,CO2BRB,2,2037,0.0503
GLOBAL,PWROTHBRBXX,CO2BRB,2,2038,0.0503
GLOBAL,PWROTHBRBXX,CO2BRB,2,2039,0.0503
GLOBAL,PWROTHBRBXX,CO2BRB,2,2040,0.0503
GLOBAL,PWROTHBRBXX,CO2BRB,2,2041,0.0503
GLOBAL,PWROTHBRBXX,CO2BRB,2,2042,0.0503
GLOBAL,PWROTHBRBXX,CO2BRB,2,2043,0.0503
GLOBAL,PWROTHBRBXX,CO2BRB,2,2044,0.0503
GLOBAL,PWROTHBRBXX,CO2BRB,2,2045,0.0503
GLOBAL,PWROTHBRBXX,CO2BRB,2,2046,0.0503
GLOBAL,PWROTHBRBXX,CO2BRB,2,2047,0.0503
GLOBAL,PWROTHBRBXX,CO2BRB,2,2048,0.0503
GLOBAL,PWROTHBRBXX,CO2BRB,2,2049,0.0503
GLOBAL,PWROTHBRBXX,CO2BRB,2,2050,0.0503
GLOBAL,PWROTHCHLXX,CO2CHL,1,2023,0.0503
GLOBAL,PWROTHCHLXX,CO2CHL,1,2024,0.0503
GLOBAL,PWROTHCHLXX,CO2CHL,1,2025,0.0503
GLOBAL,PWROTHCHLXX,CO2CHL,1,2026,0.0503
GLOBAL,PWROTHCHLXX,CO2CHL,1,2027,0.0503
GLOBAL,PWROTHCHLXX,CO2CHL,1,2028,0.0503
GLOBAL,PWROTHCHLXX,CO2CHL,1,2029,0.0503
GLOBAL,PWROTHCHLXX,CO2CHL,1,2030,0.0503
GLOBAL,PWROTHCHLXX,CO2CHL,1,2031,0.0503
GLOBAL,PWROTHCHLXX,CO2CHL,1,2032,0.0503
GLOBAL,PWROTHCHLXX,CO2CHL,1,2033,0.0503
GLOBAL,PWROTHCHLXX,CO2CHL,1,2034,0.0503
GLOBAL,PWROTHCHLXX,CO2CHL,1,2035,0.0503
GLOBAL,PWROTHCHLXX,CO2CHL,1,2036,0.0503
GLOBAL,PWROTHCHLXX,CO2CHL,1,2037,0.0503
GLOBAL,PWROTHCHLXX,CO2CHL,1,2038,0.0503
GLOBAL,PWROTHCHLXX,CO2CHL,1,2039,0.0503
GLOBAL,PWROTHCHLXX,CO2CHL,1,2040,0.0503
GLOBAL,PWROTHCHLXX,CO2CHL,1,2041,0.0503
GLOBAL,PWROTHCHLXX,CO2CHL,1,2042,0.0503
GLOBAL,PWROTHCHLXX,CO2CHL,1,2043,0.0503
GLOBAL,PWROTHCHLXX,CO2CHL,1,2044,0.0503
GLOBAL,PWROTHCHLXX,CO2CHL,1,2045,0.0503
GLOBAL,PWROTHCHLXX,CO2CHL,1,2046,0.0503
GLOBAL,PWROTHCHLXX,CO2CHL,1,2047,0.0503
GLOBAL,PWROTHCHLXX,CO2CHL,1,2048,0.0503
GLOBAL,PWROTHCHLXX,CO2CHL,1,2049,0.0503
GLOBAL,PWROTHCHLXX,CO2CHL,1,2050,0.0503
GLOBAL,PWROTHCHLXX,CO2CHL,2,2023,0.0503
GLOBAL,PWROTHCHLXX,CO2CHL,2,2024,0.0503
GLOBAL,PWROTHCHLXX,CO2CHL,2,2025,0.0503
GLOBAL,PWROTHCHLXX,CO2CHL,2,2026,0.0503
GLOBAL,PWROTHCHLXX,CO2CHL,2,2027,0.0503
GLOBAL,PWROTHCHLXX,CO2CHL,2,2028,0.0503
GLOBAL,PWROTHCHLXX,CO2CHL,2,2029,0.0503
GLOBAL,PWROTHCHLXX,CO2CHL,2,2030,0.0503
GLOBAL,PWROTHCHLXX,CO2CHL,2,2031,0.0503
GLOBAL,PWROTHCHLXX,CO2CHL,2,2032,0.0503
GLOBAL,PWROTHCHLXX,CO2CHL,2,2033,0.0503
GLOBAL,PWROTHCHLXX,CO2CHL,2,2034,0.0503
GLOBAL,PWROTHCHLXX,CO2CHL,2,2035,0.0503
GLOBAL,PWROTHCHLXX,CO2CHL,2,2036,0.0503
GLOBAL,PWROTHCHLXX,CO2CHL,2,2037,0.0503
GLOBAL,PWROTHCHLXX,CO2CHL,2,2038,0.0503
GLOBAL,PWROTHCHLXX,CO2CHL,2,2039,0.0503
GLOBAL,PWROTHCHLXX,CO2CHL,2,2040,0.0503
GLOBAL,PWROTHCHLXX,CO2CHL,2,2041,0.0503
GLOBAL,PWROTHCHLXX,CO2CHL,2,2042,0.0503
GLOBAL,PWROTHCHLXX,CO2CHL,2,2043,0.0503
GLOBAL,PWROTHCHLXX,CO2CHL,2,2044,0.0503
GLOBAL,PWROTHCHLXX,CO2CHL,2,2045,0.0503
GLOBAL,PWROTHCHLXX,CO2CHL,2,2046,0.0503
GLOBAL,PWROTHCHLXX,CO2CHL,2,2047,0.0503
GLOBAL,PWROTHCHLXX,CO2CHL,2,2048,0.0503
GLOBAL,PWROTHCHLXX,CO2CHL,2,2049,0.0503
GLOBAL,PWROTHCHLXX,CO2CHL,2,2050,0.0503
GLOBAL,PWROTHCOLXX,CO2COL,1,2023,0.0503
GLOBAL,PWROTHCOLXX,CO2COL,1,2024,0.0503
GLOBAL,PWROTHCOLXX,CO2COL,1,2025,0.0503
GLOBAL,PWROTHCOLXX,CO2COL,1,2026,0.0503
GLOBAL,PWROTHCOLXX,CO2COL,1,2027,0.0503
GLOBAL,PWROTHCOLXX,CO2COL,1,2028,0.0503
GLOBAL,PWROTHCOLXX,CO2COL,1,2029,0.0503
GLOBAL,PWROTHCOLXX,CO2COL,1,2030,0.0503
GLOBAL,PWROTHCOLXX,CO2COL,1,2031,0.0503
GLOBAL,PWROTHCOLXX,CO2COL,1,2032,0.0503
GLOBAL,PWROTHCOLXX,CO2COL,1,2033,0.0503
GLOBAL,PWROTHCOLXX,CO2COL,1,2034,0.0503
GLOBAL,PWROTHCOLXX,CO2COL,1,2035,0.0503
GLOBAL,PWROTHCOLXX,CO2COL,1,2036,0.0503
GLOBAL,PWROTHCOLXX,CO2COL,1,2037,0.0503
GLOBAL,PWROTHCOLXX,CO2COL,1,2038,0.0503
GLOBAL,PWROTHCOLXX,CO2COL,1,2039,0.0503
GLOBAL,PWROTHCOLXX,CO2COL,1,2040,0.0503
GLOBAL,PWROTHCOLXX,CO2COL,1,2041,0.0503
GLOBAL,PWROTHCOLXX,CO2COL,1,2042,0.0503
GLOBAL,PWROTHCOLXX,CO2COL,1,2043,0.0503
GLOBAL,PWROTHCOLXX,CO2COL,1,2044,0.0503
GLOBAL,PWROTHCOLXX,CO2COL,1,2045,0.0503
GLOBAL,PWROTHCOLXX,CO2COL,1,2046,0.0503
GLOBAL,PWROTHCOLXX,CO2COL,1,2047,0.0503
GLOBAL,PWROTHCOLXX,CO2COL,1,2048,0.0503
GLOBAL,PWROTHCOLXX,CO2COL,1,2049,0.0503
GLOBAL,PWROTHCOLXX,CO2COL,1,2050,0.0503
GLOBAL,PWROTHCOLXX,CO2COL,2,2023,0.0503
GLOBAL,PWROTHCOLXX,CO2COL,2,2024,0.0503
GLOBAL,PWROTHCOLXX,CO2COL,2,2025,0.0503
GLOBAL,PWROTHCOLXX,CO2COL,2,2026,0.0503
GLOBAL,PWROTHCOLXX,CO2COL,2,2027,0.0503
GLOBAL,PWROTHCOLXX,CO2COL,2,2028,0.0503
GLOBAL,PWROTHCOLXX,CO2COL,2,2029,0.0503
GLOBAL,PWROTHCOLXX,CO2COL,2,2030,0.0503
GLOBAL,PWROTHCOLXX,CO2COL,2,2031,0.0503
GLOBAL,PWROTHCOLXX,CO2COL,2,2032,0.0503
GLOBAL,PWROTHCOLXX,CO2COL,2,2033,0.0503
GLOBAL,PWROTHCOLXX,CO2COL,2,2034,0.0503
GLOBAL,PWROTHCOLXX,CO2COL,2,2035,0.0503
GLOBAL,PWROTHCOLXX,CO2COL,2,2036,0.0503
GLOBAL,PWROTHCOLXX,CO2COL,2,2037,0.0503
GLOBAL,PWROTHCOLXX,CO2COL,2,2038,0.0503
GLOBAL,PWROTHCOLXX,CO2COL,2,2039,0.0503
GLOBAL,PWROTHCOLXX,CO2COL,2,2040,0.0503
GLOBAL,PWROTHCOLXX,CO2COL,2,2041,0.0503
GLOBAL,PWROTHCOLXX,CO2COL,2,2042,0.0503
GLOBAL,PWROTHCOLXX,CO2COL,2,2043,0.0503
GLOBAL,PWROTHCOLXX,CO2COL,2,2044,0.0503
GLOBAL,PWROTHCOLXX,CO2COL,2,2045,0.0503
GLOBAL,PWROTHCOLXX,CO2COL,2,2046,0.0503
GLOBAL,PWROTHCOLXX,CO2COL,2,2047,0.0503
GLOBAL,PWROTHCOLXX,CO2COL,2,2048,0.0503
GLOBAL,PWROTHCOLXX,CO2COL,2,2049,0.0503
GLOBAL,PWROTHCOLXX,CO2COL,2,2050,0.0503
GLOBAL,PWROTHCRIXX,CO2CRI,1,2023,0.0503
GLOBAL,PWROTHCRIXX,CO2CRI,1,2024,0.0503
GLOBAL,PWROTHCRIXX,CO2CRI,1,2025,0.0503
GLOBAL,PWROTHCRIXX,CO2CRI,1,2026,0.0503
GLOBAL,PWROTHCRIXX,CO2CRI,1,2027,0.0503
GLOBAL,PWROTHCRIXX,CO2CRI,1,2028,0.0503
GLOBAL,PWROTHCRIXX,CO2CRI,1,2029,0.0503
GLOBAL,PWROTHCRIXX,CO2CRI,1,2030,0.0503
GLOBAL,PWROTHCRIXX,CO2CRI,1,2031,0.0503
GLOBAL,PWROTHCRIXX,CO2CRI,1,2032,0.0503
GLOBAL,PWROTHCRIXX,CO2CRI,1,2033,0.0503
GLOBAL,PWROTHCRIXX,CO2CRI,1,2034,0.0503
GLOBAL,PWROTHCRIXX,CO2CRI,1,2035,0.0503
GLOBAL,PWROTHCRIXX,CO2CRI,1,2036,0.0503
GLOBAL,PWROTHCRIXX,CO2CRI,1,2037,0.0503
GLOBAL,PWROTHCRIXX,CO2CRI,1,2038,0.0503
GLOBAL,PWROTHCRIXX,CO2CRI,1,2039,0.0503
GLOBAL,PWROTHCRIXX,CO2CRI,1,2040,0.0503
GLOBAL,PWROTHCRIXX,CO2CRI,1,2041,0.0503
GLOBAL,PWROTHCRIXX,CO2CRI,1,2042,0.0503
GLOBAL,PWROTHCRIXX,CO2CRI,1,2043,0.0503
GLOBAL,PWROTHCRIXX,CO2CRI,1,2044,0.0503
GLOBAL,PWROTHCRIXX,CO2CRI,1,2045,0.0503
GLOBAL,PWROTHCRIXX,CO2CRI,1,2046,0.0503
GLOBAL,PWROTHCRIXX,CO2CRI,1,2047,0.0503
GLOBAL,PWROTHCRIXX,CO2CRI,1,2048,0.0503
GLOBAL,PWROTHCRIXX,CO2CRI,1,2049,0.0503
GLOBAL,PWROTHCRIXX,CO2CRI,1,2050,0.0503
GLOBAL,PWROTHCRIXX,CO2CRI,2,2023,0.0503
GLOBAL,PWROTHCRIXX,CO2CRI,2,2024,0.0503
GLOBAL,PWROTHCRIXX,CO2CRI,2,2025,0.0503
GLOBAL,PWROTHCRIXX,CO2CRI,2,2026,0.0503
GLOBAL,PWROTHCRIXX,CO2CRI,2,2027,0.0503
GLOBAL,PWROTHCRIXX,CO2CRI,2,2028,0.0503
GLOBAL,PWROTHCRIXX,CO2CRI,2,2029,0.0503
GLOBAL,PWROTHCRIXX,CO2CRI,2,2030,0.0503
GLOBAL,PWROTHCRIXX,CO2CRI,2,2031,0.0503
GLOBAL,PWROTHCRIXX,CO2CRI,2,2032,0.0503
GLOBAL,PWROTHCRIXX,CO2CRI,2,2033,0.0503
GLOBAL,PWROTHCRIXX,CO2CRI,2,2034,0.0503
GLOBAL,PWROTHCRIXX,CO2CRI,2,2035,0.0503
GLOBAL,PWROTHCRIXX,CO2CRI,2,2036,0.0503
GLOBAL,PWROTHCRIXX,CO2CRI,2,2037,0.0503
GLOBAL,PWROTHCRIXX,CO2CRI,2,2038,0.0503
GLOBAL,PWROTHCRIXX,CO2CRI,2,2039,0.0503
GLOBAL,PWROTHCRIXX,CO2CRI,2,2040,0.0503
GLOBAL,PWROTHCRIXX,CO2CRI,2,2041,0.0503
GLOBAL,PWROTHCRIXX,CO2CRI,2,2042,0.0503
GLOBAL,PWROTHCRIXX,CO2CRI,2,2043,0.0503
GLOBAL,PWROTHCRIXX,CO2CRI,2,2044,0.0503
GLOBAL,PWROTHCRIXX,CO2CRI,2,2045,0.0503
GLOBAL,PWROTHCRIXX,CO2CRI,2,2046,0.0503
GLOBAL,PWROTHCRIXX,CO2CRI,2,2047,0.0503
GLOBAL,PWROTHCRIXX,CO2CRI,2,2048,0.0503
GLOBAL,PWROTHCRIXX,CO2CRI,2,2049,0.0503
GLOBAL,PWROTHCRIXX,CO2CRI,2,2050,0.0503
GLOBAL,PWROTHDOMXX,CO2DOM,1,2023,0.0503
GLOBAL,PWROTHDOMXX,CO2DOM,1,2024,0.0503
GLOBAL,PWROTHDOMXX,CO2DOM,1,2025,0.0503
GLOBAL,PWROTHDOMXX,CO2DOM,1,2026,0.0503
GLOBAL,PWROTHDOMXX,CO2DOM,1,2027,0.0503
GLOBAL,PWROTHDOMXX,CO2DOM,1,2028,0.0503
GLOBAL,PWROTHDOMXX,CO2DOM,1,2029,0.0503
GLOBAL,PWROTHDOMXX,CO2DOM,1,2030,0.0503
GLOBAL,PWROTHDOMXX,CO2DOM,1,2031,0.0503
GLOBAL,PWROTHDOMXX,CO2DOM,1,2032,0.0503
GLOBAL,PWROTHDOMXX,CO2DOM,1,2033,0.0503
GLOBAL,PWROTHDOMXX,CO2DOM,1,2034,0.0503
GLOBAL,PWROTHDOMXX,CO2DOM,1,2035,0.0503
GLOBAL,PWROTHDOMXX,CO2DOM,1,2036,0.0503
GLOBAL,PWROTHDOMXX,CO2DOM,1,2037,0.0503
GLOBAL,PWROTHDOMXX,CO2DOM,1,2038,0.0503
GLOBAL,PWROTHDOMXX,CO2DOM,1,2039,0.0503
GLOBAL,PWROTHDOMXX,CO2DOM,1,2040,0.0503
GLOBAL,PWROTHDOMXX,CO2DOM,1,2041,0.0503
GLOBAL,PWROTHDOMXX,CO2DOM,1,2042,0.0503
GLOBAL,PWROTHDOMXX,CO2DOM,1,2043,0.0503
GLOBAL,PWROTHDOMXX,CO2DOM,1,2044,0.0503
GLOBAL,PWROTHDOMXX,CO2DOM,1,2045,0.0503
GLOBAL,PWROTHDOMXX,CO2DOM,1,2046,0.0503
GLOBAL,PWROTHDOMXX,CO2DOM,1,2047,0.0503
GLOBAL,PWROTHDOMXX,CO2DOM,1,2048,0.0503
GLOBAL,PWROTHDOMXX,CO2DOM,1,2049,0.0503
GLOBAL,PWROTHDOMXX,CO2DOM,1,2050,0.0503
GLOBAL,PWROTHDOMXX,CO2DOM,2,2023,0.0503
GLOBAL,PWROTHDOMXX,CO2DOM,2,2024,0.0503
GLOBAL,PWROTHDOMXX,CO2DOM,2,2025,0.0503
GLOBAL,PWROTHDOMXX,CO2DOM,2,2026,0.0503
GLOBAL,PWROTHDOMXX,CO2DOM,2,2027,0.0503
GLOBAL,PWROTHDOMXX,CO2DOM,2,2028,0.0503
GLOBAL,PWROTHDOMXX,CO2DOM,2,2029,0.0503
GLOBAL,PWROTHDOMXX,CO2DOM,2,2030,0.0503
GLOBAL,PWROTHDOMXX,CO2DOM,2,2031,0.0503
GLOBAL,PWROTHDOMXX,CO2DOM,2,2032,0.0503
GLOBAL,PWROTHDOMXX,CO2DOM,2,2033,0.0503
GLOBAL,PWROTHDOMXX,CO2DOM,2,2034,0.0503
GLOBAL,PWROTHDOMXX,CO2DOM,2,2035,0.0503
GLOBAL,PWROTHDOMXX,CO2DOM,2,2036,0.0503
GLOBAL,PWROTHDOMXX,CO2DOM,2,2037,0.0503
GLOBAL,PWROTHDOMXX,CO2DOM,2,2038,0.0503
GLOBAL,PWROTHDOMXX,CO2DOM,2,2039,0.0503
GLOBAL,PWROTHDOMXX,CO2DOM,2,2040,0.0503
GLOBAL,PWROTHDOMXX,CO2DOM,2,2041,0.0503
GLOBAL,PWROTHDOMXX,CO2DOM,2,2042,0.0503
GLOBAL,PWROTHDOMXX,CO2DOM,2,2043,0.0503
GLOBAL,PWROTHDOMXX,CO2DOM,2,2044,0.0503
GLOBAL,PWROTHDOMXX,CO2DOM,2,2045,0.0503
GLOBAL,PWROTHDOMXX,CO2DOM,2,2046,0.0503
GLOBAL,PWROTHDOMXX,CO2DOM,2,2047,0.0503
GLOBAL,PWROTHDOMXX,CO2DOM,2,2048,0.0503
GLOBAL,PWROTHDOMXX,CO2DOM,2,2049,0.0503
GLOBAL,PWROTHDOMXX,CO2DOM,2,2050,0.0503
GLOBAL,PWROTHECUXX,CO2ECU,1,2023,0.0503
GLOBAL,PWROTHECUXX,CO2ECU,1,2024,0.0503
GLOBAL,PWROTHECUXX,CO2ECU,1,2025,0.0503
GLOBAL,PWROTHECUXX,CO2ECU,1,2026,0.0503
GLOBAL,PWROTHECUXX,CO2ECU,1,2027,0.0503
GLOBAL,PWROTHECUXX,CO2ECU,1,2028,0.0503
GLOBAL,PWROTHECUXX,CO2ECU,1,2029,0.0503
GLOBAL,PWROTHECUXX,CO2ECU,1,2030,0.0503
GLOBAL,PWROTHECUXX,CO2ECU,1,2031,0.0503
GLOBAL,PWROTHECUXX,CO2ECU,1,2032,0.0503
GLOBAL,PWROTHECUXX,CO2ECU,1,2033,0.0503
GLOBAL,PWROTHECUXX,CO2ECU,1,2034,0.0503
GLOBAL,PWROTHECUXX,CO2ECU,1,2035,0.0503
GLOBAL,PWROTHECUXX,CO2ECU,1,2036,0.0503
GLOBAL,PWROTHECUXX,CO2ECU,1,2037,0.0503
GLOBAL,PWROTHECUXX,CO2ECU,1,2038,0.0503
GLOBAL,PWROTHECUXX,CO2ECU,1,2039,0.0503
GLOBAL,PWROTHECUXX,CO2ECU,1,2040,0.0503
GLOBAL,PWROTHECUXX,CO2ECU,1,2041,0.0503
GLOBAL,PWROTHECUXX,CO2ECU,1,2042,0.0503
GLOBAL,PWROTHECUXX,CO2ECU,1,2043,0.0503
GLOBAL,PWROTHECUXX,CO2ECU,1,2044,0.0503
GLOBAL,PWROTHECUXX,CO2ECU,1,2045,0.0503
GLOBAL,PWROTHECUXX,CO2ECU,1,2046,0.0503
GLOBAL,PWROTHECUXX,CO2ECU,1,2047,0.0503
GLOBAL,PWROTHECUXX,CO2ECU,1,2048,0.0503
GLOBAL,PWROTHECUXX,CO2ECU,1,2049,0.0503
GLOBAL,PWROTHECUXX,CO2ECU,1,2050,0.0503
GLOBAL,PWROTHECUXX,CO2ECU,2,2023,0.0503
GLOBAL,PWROTHECUXX,CO2ECU,2,2024,0.0503
GLOBAL,PWROTHECUXX,CO2ECU,2,2025,0.0503
GLOBAL,PWROTHECUXX,CO2ECU,2,2026,0.0503
GLOBAL,PWROTHECUXX,CO2ECU,2,2027,0.0503
GLOBAL,PWROTHECUXX,CO2ECU,2,2028,0.0503
GLOBAL,PWROTHECUXX,CO2ECU,2,2029,0.0503
GLOBAL,PWROTHECUXX,CO2ECU,2,2030,0.0503
GLOBAL,PWROTHECUXX,CO2ECU,2,2031,0.0503
GLOBAL,PWROTHECUXX,CO2ECU,2,2032,0.0503
GLOBAL,PWROTHECUXX,CO2ECU,2,2033,0.0503
GLOBAL,PWROTHECUXX,CO2ECU,2,2034,0.0503
GLOBAL,PWROTHECUXX,CO2ECU,2,2035,0.0503
GLOBAL,PWROTHECUXX,CO2ECU,2,2036,0.0503
GLOBAL,PWROTHECUXX,CO2ECU,2,2037,0.0503
GLOBAL,PWROTHECUXX,CO2ECU,2,2038,0.0503
GLOBAL,PWROTHECUXX,CO2ECU,2,2039,0.0503
GLOBAL,PWROTHECUXX,CO2ECU,2,2040,0.0503
GLOBAL,PWROTHECUXX,CO2ECU,2,2041,0.0503
GLOBAL,PWROTHECUXX,CO2ECU,2,2042,0.0503
GLOBAL,PWROTHECUXX,CO2ECU,2,2043,0.0503
GLOBAL,PWROTHECUXX,CO2ECU,2,2044,0.0503
GLOBAL,PWROTHECUXX,CO2ECU,2,2045,0.0503
GLOBAL,PWROTHECUXX,CO2ECU,2,2046,0.0503
GLOBAL,PWROTHECUXX,CO2ECU,2,2047,0.0503
GLOBAL,PWROTHECUXX,CO2ECU,2,2048,0.0503
GLOBAL,PWROTHECUXX,CO2ECU,2,2049,0.0503
GLOBAL,PWROTHECUXX,CO2ECU,2,2050,0.0503
GLOBAL,PWROTHGTMXX,CO2GTM,1,2023,0.0503
GLOBAL,PWROTHGTMXX,CO2GTM,1,2024,0.0503
GLOBAL,PWROTHGTMXX,CO2GTM,1,2025,0.0503
GLOBAL,PWROTHGTMXX,CO2GTM,1,2026,0.0503
GLOBAL,PWROTHGTMXX,CO2GTM,1,2027,0.0503
GLOBAL,PWROTHGTMXX,CO2GTM,1,2028,0.0503
GLOBAL,PWROTHGTMXX,CO2GTM,1,2029,0.0503
GLOBAL,PWROTHGTMXX,CO2GTM,1,2030,0.0503
GLOBAL,PWROTHGTMXX,CO2GTM,1,2031,0.0503
GLOBAL,PWROTHGTMXX,CO2GTM,1,2032,0.0503
GLOBAL,PWROTHGTMXX,CO2GTM,1,2033,0.0503
GLOBAL,PWROTHGTMXX,CO2GTM,1,2034,0.0503
GLOBAL,PWROTHGTMXX,CO2GTM,1,2035,0.0503
GLOBAL,PWROTHGTMXX,CO2GTM,1,2036,0.0503
GLOBAL,PWROTHGTMXX,CO2GTM,1,2037,0.0503
GLOBAL,PWROTHGTMXX,CO2GTM,1,2038,0.0503
GLOBAL,PWROTHGTMXX,CO2GTM,1,2039,0.0503
GLOBAL,PWROTHGTMXX,CO2GTM,1,2040,0.0503
GLOBAL,PWROTHGTMXX,CO2GTM,1,2041,0.0503
GLOBAL,PWROTHGTMXX,CO2GTM,1,2042,0.0503
GLOBAL,PWROTHGTMXX,CO2GTM,1,2043,0.0503
GLOBAL,PWROTHGTMXX,CO2GTM,1,2044,0.0503
GLOBAL,PWROTHGTMXX,CO2GTM,1,2045,0.0503
GLOBAL,PWROTHGTMXX,CO2GTM,1,2046,0.0503
GLOBAL,PWROTHGTMXX,CO2GTM,1,2047,0.0503
GLOBAL,PWROTHGTMXX,CO2GTM,1,2048,0.0503
GLOBAL,PWROTHGTMXX,CO2GTM,1,2049,0.0503
GLOBAL,PWROTHGTMXX,CO2GTM,1,2050,0.0503
GLOBAL,PWROTHGTMXX,CO2GTM,2,2023,0.0503
GLOBAL,PWROTHGTMXX,CO2GTM,2,2024,0.0503
GLOBAL,PWROTHGTMXX,CO2GTM,2,2025,0.0503
GLOBAL,PWROTHGTMXX,CO2GTM,2,2026,0.0503
GLOBAL,PWROTHGTMXX,CO2GTM,2,2027,0.0503
GLOBAL,PWROTHGTMXX,CO2GTM,2,2028,0.0503
GLOBAL,PWROTHGTMXX,CO2GTM,2,2029,0.0503
GLOBAL,PWROTHGTMXX,CO2GTM,2,2030,0.0503
GLOBAL,PWROTHGTMXX,CO2GTM,2,2031,0.0503
GLOBAL,PWROTHGTMXX,CO2GTM,2,2032,0.0503
GLOBAL,PWROTHGTMXX,CO2GTM,2,2033,0.0503
GLOBAL,PWROTHGTMXX,CO2GTM,2,2034,0.0503
GLOBAL,PWROTHGTMXX,CO2GTM,2,2035,0.0503
GLOBAL,PWROTHGTMXX,CO2GTM,2,2036,0.0503
GLOBAL,PWROTHGTMXX,CO2GTM,2,2037,0.0503
GLOBAL,PWROTHGTMXX,CO2GTM,2,2038,0.0503
GLOBAL,PWROTHGTMXX,CO2GTM,2,2039,0.0503
GLOBAL,PWROTHGTMXX,CO2GTM,2,2040,0.0503
GLOBAL,PWROTHGTMXX,CO2GTM,2,2041,0.0503
GLOBAL,PWROTHGTMXX,CO2GTM,2,2042,0.0503
GLOBAL,PWROTHGTMXX,CO2GTM,2,2043,0.0503
GLOBAL,PWROTHGTMXX,CO2GTM,2,2044,0.0503
GLOBAL,PWROTHGTMXX,CO2GTM,2,2045,0.0503
GLOBAL,PWROTHGTMXX,CO2GTM,2,2046,0.0503
GLOBAL,PWROTHGTMXX,CO2GTM,2,2047,0.0503
GLOBAL,PWROTHGTMXX,CO2GTM,2,2048,0.0503
GLOBAL,PWROTHGTMXX,CO2GTM,2,2049,0.0503
GLOBAL,PWROTHGTMXX,CO2GTM,2,2050,0.0503
GLOBAL,PWROTHHNDXX,CO2HND,1,2023,0.0503
GLOBAL,PWROTHHNDXX,CO2HND,1,2024,0.0503
GLOBAL,PWROTHHNDXX,CO2HND,1,2025,0.0503
GLOBAL,PWROTHHNDXX,CO2HND,1,2026,0.0503
GLOBAL,PWROTHHNDXX,CO2HND,1,2027,0.0503
GLOBAL,PWROTHHNDXX,CO2HND,1,2028,0.0503
GLOBAL,PWROTHHNDXX,CO2HND,1,2029,0.0503
GLOBAL,PWROTHHNDXX,CO2HND,1,2030,0.0503
GLOBAL,PWROTHHNDXX,CO2HND,1,2031,0.0503
GLOBAL,PWROTHHNDXX,CO2HND,1,2032,0.0503
GLOBAL,PWROTHHNDXX,CO2HND,1,2033,0.0503
GLOBAL,PWROTHHNDXX,CO2HND,1,2034,0.0503
GLOBAL,PWROTHHNDXX,CO2HND,1,2035,0.0503
GLOBAL,PWROTHHNDXX,CO2HND,1,2036,0.0503
GLOBAL,PWROTHHNDXX,CO2HND,1,2037,0.0503
GLOBAL,PWROTHHNDXX,CO2HND,1,2038,0.0503
GLOBAL,PWROTHHNDXX,CO2HND,1,2039,0.0503
GLOBAL,PWROTHHNDXX,CO2HND,1,2040,0.0503
GLOBAL,PWROTHHNDXX,CO2HND,1,2041,0.0503
GLOBAL,PWROTHHNDXX,CO2HND,1,2042,0.0503
GLOBAL,PWROTHHNDXX,CO2HND,1,2043,0.0503
GLOBAL,PWROTHHNDXX,CO2HND,1,2044,0.0503
GLOBAL,PWROTHHNDXX,CO2HND,1,2045,0.0503
GLOBAL,PWROTHHNDXX,CO2HND,1,2046,0.0503
GLOBAL,PWROTHHNDXX,CO2HND,1,2047,0.0503
GLOBAL,PWROTHHNDXX,CO2HND,1,2048,0.0503
GLOBAL,PWROTHHNDXX,CO2HND,1,2049,0.0503
GLOBAL,PWROTHHNDXX,CO2HND,1,2050,0.0503
GLOBAL,PWROTHHNDXX,CO2HND,2,2023,0.0503
GLOBAL,PWROTHHNDXX,CO2HND,2,2024,0.0503
GLOBAL,PWROTHHNDXX,CO2HND,2,2025,0.0503
GLOBAL,PWROTHHNDXX,CO2HND,2,2026,0.0503
GLOBAL,PWROTHHNDXX,CO2HND,2,2027,0.0503
GLOBAL,PWROTHHNDXX,CO2HND,2,2028,0.0503
GLOBAL,PWROTHHNDXX,CO2HND,2,2029,0.0503
GLOBAL,PWROTHHNDXX,CO2HND,2,2030,0.0503
GLOBAL,PWROTHHNDXX,CO2HND,2,2031,0.0503
GLOBAL,PWROTHHNDXX,CO2HND,2,2032,0.0503
GLOBAL,PWROTHHNDXX,CO2HND,2,2033,0.0503
GLOBAL,PWROTHHNDXX,CO2HND,2,2034,0.0503
GLOBAL,PWROTHHNDXX,CO2HND,2,2035,0.0503
GLOBAL,PWROTHHNDXX,CO2HND,2,2036,0.0503
GLOBAL,PWROTHHNDXX,CO2HND,2,2037,0.0503
GLOBAL,PWROTHHNDXX,CO2HND,2,2038,0.0503
GLOBAL,PWROTHHNDXX,CO2HND,2,2039,0.0503
GLOBAL,PWROTHHNDXX,CO2HND,2,2040,0.0503
GLOBAL,PWROTHHNDXX,CO2HND,2,2041,0.0503
GLOBAL,PWROTHHNDXX,CO2HND,2,2042,0.0503
GLOBAL,PWROTHHNDXX,CO2HND,2,2043,0.0503
GLOBAL,PWROTHHNDXX,CO2HND,2,2044,0.0503
GLOBAL,PWROTHHNDXX,CO2HND,2,2045,0.0503
GLOBAL,PWROTHHNDXX,CO2HND,2,2046,0.0503
GLOBAL,PWROTHHNDXX,CO2HND,2,2047,0.0503
GLOBAL,PWROTHHNDXX,CO2HND,2,2048,0.0503
GLOBAL,PWROTHHNDXX,CO2HND,2,2049,0.0503
GLOBAL,PWROTHHNDXX,CO2HND,2,2050,0.0503
GLOBAL,PWROTHHTIXX,CO2HTI,1,2023,0.0503
GLOBAL,PWROTHHTIXX,CO2HTI,1,2024,0.0503
GLOBAL,PWROTHHTIXX,CO2HTI,1,2025,0.0503
GLOBAL,PWROTHHTIXX,CO2HTI,1,2026,0.0503
GLOBAL,PWROTHHTIXX,CO2HTI,1,2027,0.0503
GLOBAL,PWROTHHTIXX,CO2HTI,1,2028,0.0503
GLOBAL,PWROTHHTIXX,CO2HTI,1,2029,0.0503
GLOBAL,PWROTHHTIXX,CO2HTI,1,2030,0.0503
GLOBAL,PWROTHHTIXX,CO2HTI,1,2031,0.0503
GLOBAL,PWROTHHTIXX,CO2HTI,1,2032,0.0503
GLOBAL,PWROTHHTIXX,CO2HTI,1,2033,0.0503
GLOBAL,PWROTHHTIXX,CO2HTI,1,2034,0.0503
GLOBAL,PWROTHHTIXX,CO2HTI,1,2035,0.0503
GLOBAL,PWROTHHTIXX,CO2HTI,1,2036,0.0503
GLOBAL,PWROTHHTIXX,CO2HTI,1,2037,0.0503
GLOBAL,PWROTHHTIXX,CO2HTI,1,2038,0.0503
GLOBAL,PWROTHHTIXX,CO2HTI,1,2039,0.0503
GLOBAL,PWROTHHTIXX,CO2HTI,1,2040,0.0503
GLOBAL,PWROTHHTIXX,CO2HTI,1,2041,0.0503
GLOBAL,PWROTHHTIXX,CO2HTI,1,2042,0.0503
GLOBAL,PWROTHHTIXX,CO2HTI,1,2043,0.0503
GLOBAL,PWROTHHTIXX,CO2HTI,1,2044,0.0503
GLOBAL,PWROTHHTIXX,CO2HTI,1,2045,0.0503
GLOBAL,PWROTHHTIXX,CO2HTI,1,2046,0.0503
GLOBAL,PWROTHHTIXX,CO2HTI,1,2047,0.0503
GLOBAL,PWROTHHTIXX,CO2HTI,1,2048,0.0503
GLOBAL,PWROTHHTIXX,CO2HTI,1,2049,0.0503
GLOBAL,PWROTHHTIXX,CO2HTI,1,2050,0.0503
GLOBAL,PWROTHHTIXX,CO2HTI,2,2023,0.0503
GLOBAL,PWROTHHTIXX,CO2HTI,2,2024,0.0503
GLOBAL,PWROTHHTIXX,CO2HTI,2,2025,0.0503
GLOBAL,PWROTHHTIXX,CO2HTI,2,2026,0.0503
GLOBAL,PWROTHHTIXX,CO2HTI,2,2027,0.0503
GLOBAL,PWROTHHTIXX,CO2HTI,2,2028,0.0503
GLOBAL,PWROTHHTIXX,CO2HTI,2,2029,0.0503
GLOBAL,PWROTHHTIXX,CO2HTI,2,2030,0.0503
GLOBAL,PWROTHHTIXX,CO2HTI,2,2031,0.0503
GLOBAL,PWROTHHTIXX,CO2HTI,2,2032,0.0503
GLOBAL,PWROTHHTIXX,CO2HTI,2,2033,0.0503
GLOBAL,PWROTHHTIXX,CO2HTI,2,2034,0.0503
GLOBAL,PWROTHHTIXX,CO2HTI,2,2035,0.0503
GLOBAL,PWROTHHTIXX,CO2HTI,2,2036,0.0503
GLOBAL,PWROTHHTIXX,CO2HTI,2,2037,0.0503
GLOBAL,PWROTHHTIXX,CO2HTI,2,2038,0.0503
GLOBAL,PWROTHHTIXX,CO2HTI,2,2039,0.0503
GLOBAL,PWROTHHTIXX,CO2HTI,2,2040,0.0503
GLOBAL,PWROTHHTIXX,CO2HTI,2,2041,0.0503
GLOBAL,PWROTHHTIXX,CO2HTI,2,2042,0.0503
GLOBAL,PWROTHHTIXX,CO2HTI,2,2043,0.0503
GLOBAL,PWROTHHTIXX,CO2HTI,2,2044,0.0503
GLOBAL,PWROTHHTIXX,CO2HTI,2,2045,0.0503
GLOBAL,PWROTHHTIXX,CO2HTI,2,2046,0.0503
GLOBAL,PWROTHHTIXX,CO2HTI,2,2047,0.0503
GLOBAL,PWROTHHTIXX,CO2HTI,2,2048,0.0503
GLOBAL,PWROTHHTIXX,CO2HTI,2,2049,0.0503
GLOBAL,PWROTHHTIXX,CO2HTI,2,2050,0.0503
GLOBAL,PWROTHMEXXX,CO2MEX,1,2023,0.0503
GLOBAL,PWROTHMEXXX,CO2MEX,1,2024,0.0503
GLOBAL,PWROTHMEXXX,CO2MEX,1,2025,0.0503
GLOBAL,PWROTHMEXXX,CO2MEX,1,2026,0.0503
GLOBAL,PWROTHMEXXX,CO2MEX,1,2027,0.0503
GLOBAL,PWROTHMEXXX,CO2MEX,1,2028,0.0503
GLOBAL,PWROTHMEXXX,CO2MEX,1,2029,0.0503
GLOBAL,PWROTHMEXXX,CO2MEX,1,2030,0.0503
GLOBAL,PWROTHMEXXX,CO2MEX,1,2031,0.0503
GLOBAL,PWROTHMEXXX,CO2MEX,1,2032,0.0503
GLOBAL,PWROTHMEXXX,CO2MEX,1,2033,0.0503
GLOBAL,PWROTHMEXXX,CO2MEX,1,2034,0.0503
GLOBAL,PWROTHMEXXX,CO2MEX,1,2035,0.0503
GLOBAL,PWROTHMEXXX,CO2MEX,1,2036,0.0503
GLOBAL,PWROTHMEXXX,CO2MEX,1,2037,0.0503
GLOBAL,PWROTHMEXXX,CO2MEX,1,2038,0.0503
GLOBAL,PWROTHMEXXX,CO2MEX,1,2039,0.0503
GLOBAL,PWROTHMEXXX,CO2MEX,1,2040,0.0503
GLOBAL,PWROTHMEXXX,CO2MEX,1,2041,0.0503
GLOBAL,PWROTHMEXXX,CO2MEX,1,2042,0.0503
GLOBAL,PWROTHMEXXX,CO2MEX,1,2043,0.0503
GLOBAL,PWROTHMEXXX,CO2MEX,1,2044,0.0503
GLOBAL,PWROTHMEXXX,CO2MEX,1,2045,0.0503
GLOBAL,PWROTHMEXXX,CO2MEX,1,2046,0.0503
GLOBAL,PWROTHMEXXX,CO2MEX,1,2047,0.0503
GLOBAL,PWROTHMEXXX,CO2MEX,1,2048,0.0503
GLOBAL,PWROTHMEXXX,CO2MEX,1,2049,0.0503
GLOBAL,PWROTHMEXXX,CO2MEX,1,2050,0.0503
GLOBAL,PWROTHMEXXX,CO2MEX,2,2023,0.0503
GLOBAL,PWROTHMEXXX,CO2MEX,2,2024,0.0503
GLOBAL,PWROTHMEXXX,CO2MEX,2,2025,0.0503
GLOBAL,PWROTHMEXXX,CO2MEX,2,2026,0.0503
GLOBAL,PWROTHMEXXX,CO2MEX,2,2027,0.0503
GLOBAL,PWROTHMEXXX,CO2MEX,2,2028,0.0503
GLOBAL,PWROTHMEXXX,CO2MEX,2,2029,0.0503
GLOBAL,PWROTHMEXXX,CO2MEX,2,2030,0.0503
GLOBAL,PWROTHMEXXX,CO2MEX,2,2031,0.0503
GLOBAL,PWROTHMEXXX,CO2MEX,2,2032,0.0503
GLOBAL,PWROTHMEXXX,CO2MEX,2,2033,0.0503
GLOBAL,PWROTHMEXXX,CO2MEX,2,2034,0.0503
GLOBAL,PWROTHMEXXX,CO2MEX,2,2035,0.0503
GLOBAL,PWROTHMEXXX,CO2MEX,2,2036,0.0503
GLOBAL,PWROTHMEXXX,CO2MEX,2,2037,0.0503
GLOBAL,PWROTHMEXXX,CO2MEX,2,2038,0.0503
GLOBAL,PWROTHMEXXX,CO2MEX,2,2039,0.0503
GLOBAL,PWROTHMEXXX,CO2MEX,2,2040,0.0503
GLOBAL,PWROTHMEXXX,CO2MEX,2,2041,0.0503
GLOBAL,PWROTHMEXXX,CO2MEX,2,2042,0.0503
GLOBAL,PWROTHMEXXX,CO2MEX,2,2043,0.0503
GLOBAL,PWROTHMEXXX,CO2MEX,2,2044,0.0503
GLOBAL,PWROTHMEXXX,CO2MEX,2,2045,0.0503
GLOBAL,PWROTHMEXXX,CO2MEX,2,2046,0.0503
GLOBAL,PWROTHMEXXX,CO2MEX,2,2047,0.0503
GLOBAL,PWROTHMEXXX,CO2MEX,2,2048,0.0503
GLOBAL,PWROTHMEXXX,CO2MEX,2,2049,0.0503
GLOBAL,PWROTHMEXXX,CO2MEX,2,2050,0.0503
GLOBAL,PWROTHNICXX,CO2NIC,1,2023,0.0503
GLOBAL,PWROTHNICXX,CO2NIC,1,2024,0.0503
GLOBAL,PWROTHNICXX,CO2NIC,1,2025,0.0503
GLOBAL,PWROTHNICXX,CO2NIC,1,2026,0.0503
GLOBAL,PWROTHNICXX,CO2NIC,1,2027,0.0503
GLOBAL,PWROTHNICXX,CO2NIC,1,2028,0.0503
GLOBAL,PWROTHNICXX,CO2NIC,1,2029,0.0503
GLOBAL,PWROTHNICXX,CO2NIC,1,2030,0.0503
GLOBAL,PWROTHNICXX,CO2NIC,1,2031,0.0503
GLOBAL,PWROTHNICXX,CO2NIC,1,2032,0.0503
GLOBAL,PWROTHNICXX,CO2NIC,1,2033,0.0503
GLOBAL,PWROTHNICXX,CO2NIC,1,2034,0.0503
GLOBAL,PWROTHNICXX,CO2NIC,1,2035,0.0503
GLOBAL,PWROTHNICXX,CO2NIC,1,2036,0.0503
GLOBAL,PWROTHNICXX,CO2NIC,1,2037,0.0503
GLOBAL,PWROTHNICXX,CO2NIC,1,2038,0.0503
GLOBAL,PWROTHNICXX,CO2NIC,1,2039,0.0503
GLOBAL,PWROTHNICXX,CO2NIC,1,2040,0.0503
GLOBAL,PWROTHNICXX,CO2NIC,1,2041,0.0503
GLOBAL,PWROTHNICXX,CO2NIC,1,2042,0.0503
GLOBAL,PWROTHNICXX,CO2NIC,1,2043,0.0503
GLOBAL,PWROTHNICXX,CO2NIC,1,2044,0.0503
GLOBAL,PWROTHNICXX,CO2NIC,1,2045,0.0503
GLOBAL,PWROTHNICXX,CO2NIC,1,2046,0.0503
GLOBAL,PWROTHNICXX,CO2NIC,1,2047,0.0503
GLOBAL,PWROTHNICXX,CO2NIC,1,2048,0.0503
GLOBAL,PWROTHNICXX,CO2NIC,1,2049,0.0503
GLOBAL,PWROTHNICXX,CO2NIC,1,2050,0.0503
GLOBAL,PWROTHNICXX,CO2NIC,2,2023,0.0503
GLOBAL,PWROTHNICXX,CO2NIC,2,2024,0.0503
GLOBAL,PWROTHNICXX,CO2NIC,2,2025,0.0503
GLOBAL,PWROTHNICXX,CO2NIC,2,2026,0.0503
GLOBAL,PWROTHNICXX,CO2NIC,2,2027,0.0503
GLOBAL,PWROTHNICXX,CO2NIC,2,2028,0.0503
GLOBAL,PWROTHNICXX,CO2NIC,2,2029,0.0503
GLOBAL,PWROTHNICXX,CO2NIC,2,2030,0.0503
GLOBAL,PWROTHNICXX,CO2NIC,2,2031,0.0503
GLOBAL,PWROTHNICXX,CO2NIC,2,2032,0.0503
GLOBAL,PWROTHNICXX,CO2NIC,2,2033,0.0503
GLOBAL,PWROTHNICXX,CO2NIC,2,2034,0.0503
GLOBAL,PWROTHNICXX,CO2NIC,2,2035,0.0503
GLOBAL,PWROTHNICXX,CO2NIC,2,2036,0.0503
GLOBAL,PWROTHNICXX,CO2NIC,2,2037,0.0503
GLOBAL,PWROTHNICXX,CO2NIC,2,2038,0.0503
GLOBAL,PWROTHNICXX,CO2NIC,2,2039,0.0503
GLOBAL,PWROTHNICXX,CO2NIC,2,2040,0.0503
GLOBAL,PWROTHNICXX,CO2NIC,2,2041,0.0503
GLOBAL,PWROTHNICXX,CO2NIC,2,2042,0.0503
GLOBAL,PWROTHNICXX,CO2NIC,2,2043,0.0503
GLOBAL,PWROTHNICXX,CO2NIC,2,2044,0.0503
GLOBAL,PWROTHNICXX,CO2NIC,2,2045,0.0503
GLOBAL,PWROTHNICXX,CO2NIC,2,2046,0.0503
GLOBAL,PWROTHNICXX,CO2NIC,2,2047,0.0503
GLOBAL,PWROTHNICXX,CO2NIC,2,2048,0.0503
GLOBAL,PWROTHNICXX,CO2NIC,2,2049,0.0503
GLOBAL,PWROTHNICXX,CO2NIC,2,2050,0.0503
GLOBAL,PWROTHPANXX,CO2PAN,1,2023,0.0503
GLOBAL,PWROTHPANXX,CO2PAN,1,2024,0.0503
GLOBAL,PWROTHPANXX,CO2PAN,1,2025,0.0503
GLOBAL,PWROTHPANXX,CO2PAN,1,2026,0.0503
GLOBAL,PWROTHPANXX,CO2PAN,1,2027,0.0503
GLOBAL,PWROTHPANXX,CO2PAN,1,2028,0.0503
GLOBAL,PWROTHPANXX,CO2PAN,1,2029,0.0503
GLOBAL,PWROTHPANXX,CO2PAN,1,2030,0.0503
GLOBAL,PWROTHPANXX,CO2PAN,1,2031,0.0503
GLOBAL,PWROTHPANXX,CO2PAN,1,2032,0.0503
GLOBAL,PWROTHPANXX,CO2PAN,1,2033,0.0503
GLOBAL,PWROTHPANXX,CO2PAN,1,2034,0.0503
GLOBAL,PWROTHPANXX,CO2PAN,1,2035,0.0503
GLOBAL,PWROTHPANXX,CO2PAN,1,2036,0.0503
GLOBAL,PWROTHPANXX,CO2PAN,1,2037,0.0503
GLOBAL,PWROTHPANXX,CO2PAN,1,2038,0.0503
GLOBAL,PWROTHPANXX,CO2PAN,1,2039,0.0503
GLOBAL,PWROTHPANXX,CO2PAN,1,2040,0.0503
GLOBAL,PWROTHPANXX,CO2PAN,1,2041,0.0503
GLOBAL,PWROTHPANXX,CO2PAN,1,2042,0.0503
GLOBAL,PWROTHPANXX,CO2PAN,1,2043,0.0503
GLOBAL,PWROTHPANXX,CO2PAN,1,2044,0.0503
GLOBAL,PWROTHPANXX,CO2PAN,1,2045,0.0503
GLOBAL,PWROTHPANXX,CO2PAN,1,2046,0.0503
GLOBAL,PWROTHPANXX,CO2PAN,1,2047,0.0503
GLOBAL,PWROTHPANXX,CO2PAN,1,2048,0.0503
GLOBAL,PWROTHPANXX,CO2PAN,1,2049,0.0503
GLOBAL,PWROTHPANXX,CO2PAN,1,2050,0.0503
GLOBAL,PWROTHPANXX,CO2PAN,2,2023,0.0503
GLOBAL,PWROTHPANXX,CO2PAN,2,2024,0.0503
GLOBAL,PWROTHPANXX,CO2PAN,2,2025,0.0503
GLOBAL,PWROTHPANXX,CO2PAN,2,2026,0.0503
GLOBAL,PWROTHPANXX,CO2PAN,2,2027,0.0503
GLOBAL,PWROTHPANXX,CO2PAN,2,2028,0.0503
GLOBAL,PWROTHPANXX,CO2PAN,2,2029,0.0503
GLOBAL,PWROTHPANXX,CO2PAN,2,2030,0.0503
GLOBAL,PWROTHPANXX,CO2PAN,2,2031,0.0503
GLOBAL,PWROTHPANXX,CO2PAN,2,2032,0.0503
GLOBAL,PWROTHPANXX,CO2PAN,2,2033,0.0503
GLOBAL,PWROTHPANXX,CO2PAN,2,2034,0.0503
GLOBAL,PWROTHPANXX,CO2PAN,2,2035,0.0503
GLOBAL,PWROTHPANXX,CO2PAN,2,2036,0.0503
GLOBAL,PWROTHPANXX,CO2PAN,2,2037,0.0503
GLOBAL,PWROTHPANXX,CO2PAN,2,2038,0.0503
GLOBAL,PWROTHPANXX,CO2PAN,2,2039,0.0503
GLOBAL,PWROTHPANXX,CO2PAN,2,2040,0.0503
GLOBAL,PWROTHPANXX,CO2PAN,2,2041,0.0503
GLOBAL,PWROTHPANXX,CO2PAN,2,2042,0.0503
GLOBAL,PWROTHPANXX,CO2PAN,2,2043,0.0503
GLOBAL,PWROTHPANXX,CO2PAN,2,2044,0.0503
GLOBAL,PWROTHPANXX,CO2PAN,2,2045,0.0503
GLOBAL,PWROTHPANXX,CO2PAN,2,2046,0.0503
GLOBAL,PWROTHPANXX,CO2PAN,2,2047,0.0503
GLOBAL,PWROTHPANXX,CO2PAN,2,2048,0.0503
GLOBAL,PWROTHPANXX,CO2PAN,2,2049,0.0503
GLOBAL,PWROTHPANXX,CO2PAN,2,2050,0.0503
GLOBAL,PWROTHPERXX,CO2PER,1,2023,0.0503
GLOBAL,PWROTHPERXX,CO2PER,1,2024,0.0503
GLOBAL,PWROTHPERXX,CO2PER,1,2025,0.0503
GLOBAL,PWROTHPERXX,CO2PER,1,2026,0.0503
GLOBAL,PWROTHPERXX,CO2PER,1,2027,0.0503
GLOBAL,PWROTHPERXX,CO2PER,1,2028,0.0503
GLOBAL,PWROTHPERXX,CO2PER,1,2029,0.0503
GLOBAL,PWROTHPERXX,CO2PER,1,2030,0.0503
GLOBAL,PWROTHPERXX,CO2PER,1,2031,0.0503
GLOBAL,PWROTHPERXX,CO2PER,1,2032,0.0503
GLOBAL,PWROTHPERXX,CO2PER,1,2033,0.0503
GLOBAL,PWROTHPERXX,CO2PER,1,2034,0.0503
GLOBAL,PWROTHPERXX,CO2PER,1,2035,0.0503
GLOBAL,PWROTHPERXX,CO2PER,1,2036,0.0503
GLOBAL,PWROTHPERXX,CO2PER,1,2037,0.0503
GLOBAL,PWROTHPERXX,CO2PER,1,2038,0.0503
GLOBAL,PWROTHPERXX,CO2PER,1,2039,0.0503
GLOBAL,PWROTHPERXX,CO2PER,1,2040,0.0503
GLOBAL,PWROTHPERXX,CO2PER,1,2041,0.0503
GLOBAL,PWROTHPERXX,CO2PER,1,2042,0.0503
GLOBAL,PWROTHPERXX,CO2PER,1,2043,0.0503
GLOBAL,PWROTHPERXX,CO2PER,1,2044,0.0503
GLOBAL,PWROTHPERXX,CO2PER,1,2045,0.0503
GLOBAL,PWROTHPERXX,CO2PER,1,2046,0.0503
GLOBAL,PWROTHPERXX,CO2PER,1,2047,0.0503
GLOBAL,PWROTHPERXX,CO2PER,1,2048,0.0503
GLOBAL,PWROTHPERXX,CO2PER,1,2049,0.0503
GLOBAL,PWROTHPERXX,CO2PER,1,2050,0.0503
GLOBAL,PWROTHPERXX,CO2PER,2,2023,0.0503
GLOBAL,PWROTHPERXX,CO2PER,2,2024,0.0503
GLOBAL,PWROTHPERXX,CO2PER,2,2025,0.0503
GLOBAL,PWROTHPERXX,CO2PER,2,2026,0.0503
GLOBAL,PWROTHPERXX,CO2PER,2,2027,0.0503
GLOBAL,PWROTHPERXX,CO2PER,2,2028,0.0503
GLOBAL,PWROTHPERXX,CO2PER,2,2029,0.0503
GLOBAL,PWROTHPERXX,CO2PER,2,2030,0.0503
GLOBAL,PWROTHPERXX,CO2PER,2,2031,0.0503
GLOBAL,PWROTHPERXX,CO2PER,2,2032,0.0503
GLOBAL,PWROTHPERXX,CO2PER,2,2033,0.0503
GLOBAL,PWROTHPERXX,CO2PER,2,2034,0.0503
GLOBAL,PWROTHPERXX,CO2PER,2,2035,0.0503
GLOBAL,PWROTHPERXX,CO2PER,2,2036,0.0503
GLOBAL,PWROTHPERXX,CO2PER,2,2037,0.0503
GLOBAL,PWROTHPERXX,CO2PER,2,2038,0.0503
GLOBAL,PWROTHPERXX,CO2PER,2,2039,0.0503
GLOBAL,PWROTHPERXX,CO2PER,2,2040,0.0503
GLOBAL,PWROTHPERXX,CO2PER,2,2041,0.0503
GLOBAL,PWROTHPERXX,CO2PER,2,2042,0.0503
GLOBAL,PWROTHPERXX,CO2PER,2,2043,0.0503
GLOBAL,PWROTHPERXX,CO2PER,2,2044,0.0503
GLOBAL,PWROTHPERXX,CO2PER,2,2045,0.0503
GLOBAL,PWROTHPERXX,CO2PER,2,2046,0.0503
GLOBAL,PWROTHPERXX,CO2PER,2,2047,0.0503
GLOBAL,PWROTHPERXX,CO2PER,2,2048,0.0503
GLOBAL,PWROTHPERXX,CO2PER,2,2049,0.0503
GLOBAL,PWROTHPERXX,CO2PER,2,2050,0.0503
GLOBAL,PWROTHPRYXX,CO2PRY,1,2023,0.0503
GLOBAL,PWROTHPRYXX,CO2PRY,1,2024,0.0503
GLOBAL,PWROTHPRYXX,CO2PRY,1,2025,0.0503
GLOBAL,PWROTHPRYXX,CO2PRY,1,2026,0.0503
GLOBAL,PWROTHPRYXX,CO2PRY,1,2027,0.0503
GLOBAL,PWROTHPRYXX,CO2PRY,1,2028,0.0503
GLOBAL,PWROTHPRYXX,CO2PRY,1,2029,0.0503
GLOBAL,PWROTHPRYXX,CO2PRY,1,2030,0.0503
GLOBAL,PWROTHPRYXX,CO2PRY,1,2031,0.0503
GLOBAL,PWROTHPRYXX,CO2PRY,1,2032,0.0503
GLOBAL,PWROTHPRYXX,CO2PRY,1,2033,0.0503
GLOBAL,PWROTHPRYXX,CO2PRY,1,2034,0.0503
GLOBAL,PWROTHPRYXX,CO2PRY,1,2035,0.0503
GLOBAL,PWROTHPRYXX,CO2PRY,1,2036,0.0503
GLOBAL,PWROTHPRYXX,CO2PRY,1,2037,0.0503
GLOBAL,PWROTHPRYXX,CO2PRY,1,2038,0.0503
GLOBAL,PWROTHPRYXX,CO2PRY,1,2039,0.0503
GLOBAL,PWROTHPRYXX,CO2PRY,1,2040,0.0503
GLOBAL,PWROTHPRYXX,CO2PRY,1,2041,0.0503
GLOBAL,PWROTHPRYXX,CO2PRY,1,2042,0.0503
GLOBAL,PWROTHPRYXX,CO2PRY,1,2043,0.0503
GLOBAL,PWROTHPRYXX,CO2PRY,1,2044,0.0503
GLOBAL,PWROTHPRYXX,CO2PRY,1,2045,0.0503
GLOBAL,PWROTHPRYXX,CO2PRY,1,2046,0.0503
GLOBAL,PWROTHPRYXX,CO2PRY,1,2047,0.0503
GLOBAL,PWROTHPRYXX,CO2PRY,1,2048,0.0503
GLOBAL,PWROTHPRYXX,CO2PRY,1,2049,0.0503
GLOBAL,PWROTHPRYXX,CO2PRY,1,2050,0.0503
GLOBAL,PWROTHPRYXX,CO2PRY,2,2023,0.0503
GLOBAL,PWROTHPRYXX,CO2PRY,2,2024,0.0503
GLOBAL,PWROTHPRYXX,CO2PRY,2,2025,0.0503
GLOBAL,PWROTHPRYXX,CO2PRY,2,2026,0.0503
GLOBAL,PWROTHPRYXX,CO2PRY,2,2027,0.0503
GLOBAL,PWROTHPRYXX,CO2PRY,2,2028,0.0503
GLOBAL,PWROTHPRYXX,CO2PRY,2,2029,0.0503
GLOBAL,PWROTHPRYXX,CO2PRY,2,2030,0.0503
GLOBAL,PWROTHPRYXX,CO2PRY,2,2031,0.0503
GLOBAL,PWROTHPRYXX,CO2PRY,2,2032,0.0503
GLOBAL,PWROTHPRYXX,CO2PRY,2,2033,0.0503
GLOBAL,PWROTHPRYXX,CO2PRY,2,2034,0.0503
GLOBAL,PWROTHPRYXX,CO2PRY,2,2035,0.0503
GLOBAL,PWROTHPRYXX,CO2PRY,2,2036,0.0503
GLOBAL,PWROTHPRYXX,CO2PRY,2,2037,0.0503
GLOBAL,PWROTHPRYXX,CO2PRY,2,2038,0.0503
GLOBAL,PWROTHPRYXX,CO2PRY,2,2039,0.0503
GLOBAL,PWROTHPRYXX,CO2PRY,2,2040,0.0503
GLOBAL,PWROTHPRYXX,CO2PRY,2,2041,0.0503
GLOBAL,PWROTHPRYXX,CO2PRY,2,2042,0.0503
GLOBAL,PWROTHPRYXX,CO2PRY,2,2043,0.0503
GLOBAL,PWROTHPRYXX,CO2PRY,2,2044,0.0503
GLOBAL,PWROTHPRYXX,CO2PRY,2,2045,0.0503
GLOBAL,PWROTHPRYXX,CO2PRY,2,2046,0.0503
GLOBAL,PWROTHPRYXX,CO2PRY,2,2047,0.0503
GLOBAL,PWROTHPRYXX,CO2PRY,2,2048,0.0503
GLOBAL,PWROTHPRYXX,CO2PRY,2,2049,0.0503
GLOBAL,PWROTHPRYXX,CO2PRY,2,2050,0.0503
GLOBAL,PWROTHSLVXX,CO2SLV,1,2023,0.0503
GLOBAL,PWROTHSLVXX,CO2SLV,1,2024,0.0503
GLOBAL,PWROTHSLVXX,CO2SLV,1,2025,0.0503
GLOBAL,PWROTHSLVXX,CO2SLV,1,2026,0.0503
GLOBAL,PWROTHSLVXX,CO2SLV,1,2027,0.0503
GLOBAL,PWROTHSLVXX,CO2SLV,1,2028,0.0503
GLOBAL,PWROTHSLVXX,CO2SLV,1,2029,0.0503
GLOBAL,PWROTHSLVXX,CO2SLV,1,2030,0.0503
GLOBAL,PWROTHSLVXX,CO2SLV,1,2031,0.0503
GLOBAL,PWROTHSLVXX,CO2SLV,1,2032,0.0503
GLOBAL,PWROTHSLVXX,CO2SLV,1,2033,0.0503
GLOBAL,PWROTHSLVXX,CO2SLV,1,2034,0.0503
GLOBAL,PWROTHSLVXX,CO2SLV,1,2035,0.0503
GLOBAL,PWROTHSLVXX,CO2SLV,1,2036,0.0503
GLOBAL,PWROTHSLVXX,CO2SLV,1,2037,0.0503
GLOBAL,PWROTHSLVXX,CO2SLV,1,2038,0.0503
GLOBAL,PWROTHSLVXX,CO2SLV,1,2039,0.0503
GLOBAL,PWROTHSLVXX,CO2SLV,1,2040,0.0503
GLOBAL,PWROTHSLVXX,CO2SLV,1,2041,0.0503
GLOBAL,PWROTHSLVXX,CO2SLV,1,2042,0.0503
GLOBAL,PWROTHSLVXX,CO2SLV,1,2043,0.0503
GLOBAL,PWROTHSLVXX,CO2SLV,1,2044,0.0503
GLOBAL,PWROTHSLVXX,CO2SLV,1,2045,0.0503
GLOBAL,PWROTHSLVXX,CO2SLV,1,2046,0.0503
GLOBAL,PWROTHSLVXX,CO2SLV,1,2047,0.0503
GLOBAL,PWROTHSLVXX,CO2SLV,1,2048,0.0503
GLOBAL,PWROTHSLVXX,CO2SLV,1,2049,0.0503
GLOBAL,PWROTHSLVXX,CO2SLV,1,2050,0.0503
GLOBAL,PWROTHSLVXX,CO2SLV,2,2023,0.0503
GLOBAL,PWROTHSLVXX,CO2SLV,2,2024,0.0503
GLOBAL,PWROTHSLVXX,CO2SLV,2,2025,0.0503
GLOBAL,PWROTHSLVXX,CO2SLV,2,2026,0.0503
GLOBAL,PWROTHSLVXX,CO2SLV,2,2027,0.0503
GLOBAL,PWROTHSLVXX,CO2SLV,2,2028,0.0503
GLOBAL,PWROTHSLVXX,CO2SLV,2,2029,0.0503
GLOBAL,PWROTHSLVXX,CO2SLV,2,2030,0.0503
GLOBAL,PWROTHSLVXX,CO2SLV,2,2031,0.0503
GLOBAL,PWROTHSLVXX,CO2SLV,2,2032,0.0503
GLOBAL,PWROTHSLVXX,CO2SLV,2,2033,0.0503
GLOBAL,PWROTHSLVXX,CO2SLV,2,2034,0.0503
GLOBAL,PWROTHSLVXX,CO2SLV,2,2035,0.0503
GLOBAL,PWROTHSLVXX,CO2SLV,2,2036,0.0503
GLOBAL,PWROTHSLVXX,CO2SLV,2,2037,0.0503
GLOBAL,PWROTHSLVXX,CO2SLV,2,2038,0.0503
GLOBAL,PWROTHSLVXX,CO2SLV,2,2039,0.0503
GLOBAL,PWROTHSLVXX,CO2SLV,2,2040,0.0503
GLOBAL,PWROTHSLVXX,CO2SLV,2,2041,0.0503
GLOBAL,PWROTHSLVXX,CO2SLV,2,2042,0.0503
GLOBAL,PWROTHSLVXX,CO2SLV,2,2043,0.0503
GLOBAL,PWROTHSLVXX,CO2SLV,2,2044,0.0503
GLOBAL,PWROTHSLVXX,CO2SLV,2,2045,0.0503
GLOBAL,PWROTHSLVXX,CO2SLV,2,2046,0.0503
GLOBAL,PWROTHSLVXX,CO2SLV,2,2047,0.0503
GLOBAL,PWROTHSLVXX,CO2SLV,2,2048,0.0503
GLOBAL,PWROTHSLVXX,CO2SLV,2,2049,0.0503
GLOBAL,PWROTHSLVXX,CO2SLV,2,2050,0.0503
GLOBAL,PWROTHURYXX,CO2URY,1,2023,0.0503
GLOBAL,PWROTHURYXX,CO2URY,1,2024,0.0503
GLOBAL,PWROTHURYXX,CO2URY,1,2025,0.0503
GLOBAL,PWROTHURYXX,CO2URY,1,2026,0.0503
GLOBAL,PWROTHURYXX,CO2URY,1,2027,0.0503
GLOBAL,PWROTHURYXX,CO2URY,1,2028,0.0503
GLOBAL,PWROTHURYXX,CO2URY,1,2029,0.0503
GLOBAL,PWROTHURYXX,CO2URY,1,2030,0.0503
GLOBAL,PWROTHURYXX,CO2URY,1,2031,0.0503
GLOBAL,PWROTHURYXX,CO2URY,1,2032,0.0503
GLOBAL,PWROTHURYXX,CO2URY,1,2033,0.0503
GLOBAL,PWROTHURYXX,CO2URY,1,2034,0.0503
GLOBAL,PWROTHURYXX,CO2URY,1,2035,0.0503
GLOBAL,PWROTHURYXX,CO2URY,1,2036,0.0503
GLOBAL,PWROTHURYXX,CO2URY,1,2037,0.0503
GLOBAL,PWROTHURYXX,CO2URY,1,2038,0.0503
GLOBAL,PWROTHURYXX,CO2URY,1,2039,0.0503
GLOBAL,PWROTHURYXX,CO2URY,1,2040,0.0503
GLOBAL,PWROTHURYXX,CO2URY,1,2041,0.0503
GLOBAL,PWROTHURYXX,CO2URY,1,2042,0.0503
GLOBAL,PWROTHURYXX,CO2URY,1,2043,0.0503
GLOBAL,PWROTHURYXX,CO2URY,1,2044,0.0503
GLOBAL,PWROTHURYXX,CO2URY,1,2045,0.0503
GLOBAL,PWROTHURYXX,CO2URY,1,2046,0.0503
GLOBAL,PWROTHURYXX,CO2URY,1,2047,0.0503
GLOBAL,PWROTHURYXX,CO2URY,1,2048,0.0503
GLOBAL,PWROTHURYXX,CO2URY,1,2049,0.0503
GLOBAL,PWROTHURYXX,CO2URY,1,2050,0.0503
GLOBAL,PWROTHURYXX,CO2URY,2,2023,0.0503
GLOBAL,PWROTHURYXX,CO2URY,2,2024,0.0503
GLOBAL,PWROTHURYXX,CO2URY,2,2025,0.0503
GLOBAL,PWROTHURYXX,CO2URY,2,2026,0.0503
GLOBAL,PWROTHURYXX,CO2URY,2,2027,0.0503
GLOBAL,PWROTHURYXX,CO2URY,2,2028,0.0503
GLOBAL,PWROTHURYXX,CO2URY,2,2029,0.0503
GLOBAL,PWROTHURYXX,CO2URY,2,2030,0.0503
GLOBAL,PWROTHURYXX,CO2URY,2,2031,0.0503
GLOBAL,PWROTHURYXX,CO2URY,2,2032,0.0503
GLOBAL,PWROTHURYXX,CO2URY,2,2033,0.0503
GLOBAL,PWROTHURYXX,CO2URY,2,2034,0.0503
GLOBAL,PWROTHURYXX,CO2URY,2,2035,0.0503
GLOBAL,PWROTHURYXX,CO2URY,2,2036,0.0503
GLOBAL,PWROTHURYXX,CO2URY,2,2037,0.0503
GLOBAL,PWROTHURYXX,CO2URY,2,2038,0.0503
GLOBAL,PWROTHURYXX,CO2URY,2,2039,0.0503
GLOBAL,PWROTHURYXX,CO2URY,2,2040,0.0503
GLOBAL,PWROTHURYXX,CO2URY,2,2041,0.0503
GLOBAL,PWROTHURYXX,CO2URY,2,2042,0.0503
GLOBAL,PWROTHURYXX,CO2URY,2,2043,0.0503
GLOBAL,PWROTHURYXX,CO2URY,2,2044,0.0503
GLOBAL,PWROTHURYXX,CO2URY,2,2045,0.0503
GLOBAL,PWROTHURYXX,CO2URY,2,2046,0.0503
GLOBAL,PWROTHURYXX,CO2URY,2,2047,0.0503
GLOBAL,PWROTHURYXX,CO2URY,2,2048,0.0503
GLOBAL,PWROTHURYXX,CO2URY,2,2049,0.0503
GLOBAL,PWROTHURYXX,CO2URY,2,2050,0.0503
GLOBAL,PWRPETARGXX,CO2ARG,1,2023,0.217
GLOBAL,PWRPETARGXX,CO2ARG,1,2024,0.217
GLOBAL,PWRPETARGXX,CO2ARG,1,2025,0.217
GLOBAL,PWRPETARGXX,CO2ARG,1,2026,0.217
GLOBAL,PWRPETARGXX,CO2ARG,1,2027,0.217
GLOBAL,PWRPETARGXX,CO2ARG,1,2028,0.217
GLOBAL,PWRPETARGXX,CO2ARG,1,2029,0.217
GLOBAL,PWRPETARGXX,CO2ARG,1,2030,0.217
GLOBAL,PWRPETARGXX,CO2ARG,1,2031,0.217
GLOBAL,PWRPETARGXX,CO2ARG,1,2032,0.217
GLOBAL,PWRPETARGXX,CO2ARG,1,2033,0.217
GLOBAL,PWRPETARGXX,CO2ARG,1,2034,0.217
GLOBAL,PWRPETARGXX,CO2ARG,1,2035,0.217
GLOBAL,PWRPETARGXX,CO2ARG,1,2036,0.217
GLOBAL,PWRPETARGXX,CO2ARG,1,2037,0.217
GLOBAL,PWRPETARGXX,CO2ARG,1,2038,0.217
GLOBAL,PWRPETARGXX,CO2ARG,1,2039,0.217
GLOBAL,PWRPETARGXX,CO2ARG,1,2040,0.217
GLOBAL,PWRPETARGXX,CO2ARG,1,2041,0.217
GLOBAL,PWRPETARGXX,CO2ARG,1,2042,0.217
GLOBAL,PWRPETARGXX,CO2ARG,1,2043,0.217
GLOBAL,PWRPETARGXX,CO2ARG,1,2044,0.217
GLOBAL,PWRPETARGXX,CO2ARG,1,2045,0.217
GLOBAL,PWRPETARGXX,CO2ARG,1,2046,0.217
GLOBAL,PWRPETARGXX,CO2ARG,1,2047,0.217
GLOBAL,PWRPETARGXX,CO2ARG,1,2048,0.217
GLOBAL,PWRPETARGXX,CO2ARG,1,2049,0.217
GLOBAL,PWRPETARGXX,CO2ARG,1,2050,0.217
GLOBAL,PWRPETARGXX,CO2ARG,2,2023,0.217
GLOBAL,PWRPETARGXX,CO2ARG,2,2024,0.217
GLOBAL,PWRPETARGXX,CO2ARG,2,2025,0.217
GLOBAL,PWRPETARGXX,CO2ARG,2,2026,0.217
GLOBAL,PWRPETARGXX,CO2ARG,2,2027,0.217
GLOBAL,PWRPETARGXX,CO2ARG,2,2028,0.217
GLOBAL,PWRPETARGXX,CO2ARG,2,2029,0.217
GLOBAL,PWRPETARGXX,CO2ARG,2,2030,0.217
GLOBAL,PWRPETARGXX,CO2ARG,2,2031,0.217
GLOBAL,PWRPETARGXX,CO2ARG,2,2032,0.217
GLOBAL,PWRPETARGXX,CO2ARG,2,2033,0.217
GLOBAL,PWRPETARGXX,CO2ARG,2,2034,0.217
GLOBAL,PWRPETARGXX,CO2ARG,2,2035,0.217
GLOBAL,PWRPETARGXX,CO2ARG,2,2036,0.217
GLOBAL,PWRPETARGXX,CO2ARG,2,2037,0.217
GLOBAL,PWRPETARGXX,CO2ARG,2,2038,0.217
GLOBAL,PWRPETARGXX,CO2ARG,2,2039,0.217
GLOBAL,PWRPETARGXX,CO2ARG,2,2040,0.217
GLOBAL,PWRPETARGXX,CO2ARG,2,2041,0.217
GLOBAL,PWRPETARGXX,CO2ARG,2,2042,0.217
GLOBAL,PWRPETARGXX,CO2ARG,2,2043,0.217
GLOBAL,PWRPETARGXX,CO2ARG,2,2044,0.217
GLOBAL,PWRPETARGXX,CO2ARG,2,2045,0.217
GLOBAL,PWRPETARGXX,CO2ARG,2,2046,0.217
GLOBAL,PWRPETARGXX,CO2ARG,2,2047,0.217
GLOBAL,PWRPETARGXX,CO2ARG,2,2048,0.217
GLOBAL,PWRPETARGXX,CO2ARG,2,2049,0.217
GLOBAL,PWRPETARGXX,CO2ARG,2,2050,0.217
GLOBAL,PWRPETBOLXX,CO2BOL,1,2023,0.217
GLOBAL,PWRPETBOLXX,CO2BOL,1,2024,0.217
GLOBAL,PWRPETBOLXX,CO2BOL,1,2025,0.217
GLOBAL,PWRPETBOLXX,CO2BOL,1,2026,0.217
GLOBAL,PWRPETBOLXX,CO2BOL,1,2027,0.217
GLOBAL,PWRPETBOLXX,CO2BOL,1,2028,0.217
GLOBAL,PWRPETBOLXX,CO2BOL,1,2029,0.217
GLOBAL,PWRPETBOLXX,CO2BOL,1,2030,0.217
GLOBAL,PWRPETBOLXX,CO2BOL,1,2031,0.217
GLOBAL,PWRPETBOLXX,CO2BOL,1,2032,0.217
GLOBAL,PWRPETBOLXX,CO2BOL,1,2033,0.217
GLOBAL,PWRPETBOLXX,CO2BOL,1,2034,0.217
GLOBAL,PWRPETBOLXX,CO2BOL,1,2035,0.217
GLOBAL,PWRPETBOLXX,CO2BOL,1,2036,0.217
GLOBAL,PWRPETBOLXX,CO2BOL,1,2037,0.217
GLOBAL,PWRPETBOLXX,CO2BOL,1,2038,0.217
GLOBAL,PWRPETBOLXX,CO2BOL,1,2039,0.217
GLOBAL,PWRPETBOLXX,CO2BOL,1,2040,0.217
GLOBAL,PWRPETBOLXX,CO2BOL,1,2041,0.217
GLOBAL,PWRPETBOLXX,CO2BOL,1,2042,0.217
GLOBAL,PWRPETBOLXX,CO2BOL,1,2043,0.217
GLOBAL,PWRPETBOLXX,CO2BOL,1,2044,0.217
GLOBAL,PWRPETBOLXX,CO2BOL,1,2045,0.217
GLOBAL,PWRPETBOLXX,CO2BOL,1,2046,0.217
GLOBAL,PWRPETBOLXX,CO2BOL,1,2047,0.217
GLOBAL,PWRPETBOLXX,CO2BOL,1,2048,0.217
GLOBAL,PWRPETBOLXX,CO2BOL,1,2049,0.217
GLOBAL,PWRPETBOLXX,CO2BOL,1,2050,0.217
GLOBAL,PWRPETBOLXX,CO2BOL,2,2023,0.217
GLOBAL,PWRPETBOLXX,CO2BOL,2,2024,0.217
GLOBAL,PWRPETBOLXX,CO2BOL,2,2025,0.217
GLOBAL,PWRPETBOLXX,CO2BOL,2,2026,0.217
GLOBAL,PWRPETBOLXX,CO2BOL,2,2027,0.217
GLOBAL,PWRPETBOLXX,CO2BOL,2,2028,0.217
GLOBAL,PWRPETBOLXX,CO2BOL,2,2029,0.217
GLOBAL,PWRPETBOLXX,CO2BOL,2,2030,0.217
GLOBAL,PWRPETBOLXX,CO2BOL,2,2031,0.217
GLOBAL,PWRPETBOLXX,CO2BOL,2,2032,0.217
GLOBAL,PWRPETBOLXX,CO2BOL,2,2033,0.217
GLOBAL,PWRPETBOLXX,CO2BOL,2,2034,0.217
GLOBAL,PWRPETBOLXX,CO2BOL,2,2035,0.217
GLOBAL,PWRPETBOLXX,CO2BOL,2,2036,0.217
GLOBAL,PWRPETBOLXX,CO2BOL,2,2037,0.217
GLOBAL,PWRPETBOLXX,CO2BOL,2,2038,0.217
GLOBAL,PWRPETBOLXX,CO2BOL,2,2039,0.217
GLOBAL,PWRPETBOLXX,CO2BOL,2,2040,0.217
GLOBAL,PWRPETBOLXX,CO2BOL,2,2041,0.217
GLOBAL,PWRPETBOLXX,CO2BOL,2,2042,0.217
GLOBAL,PWRPETBOLXX,CO2BOL,2,2043,0.217
GLOBAL,PWRPETBOLXX,CO2BOL,2,2044,0.217
GLOBAL,PWRPETBOLXX,CO2BOL,2,2045,0.217
GLOBAL,PWRPETBOLXX,CO2BOL,2,2046,0.217
GLOBAL,PWRPETBOLXX,CO2BOL,2,2047,0.217
GLOBAL,PWRPETBOLXX,CO2BOL,2,2048,0.217
GLOBAL,PWRPETBOLXX,CO2BOL,2,2049,0.217
GLOBAL,PWRPETBOLXX,CO2BOL,2,2050,0.217
GLOBAL,PWRPETBRAXX,CO2BRA,1,2023,0.217
GLOBAL,PWRPETBRAXX,CO2BRA,1,2024,0.217
GLOBAL,PWRPETBRAXX,CO2BRA,1,2025,0.217
GLOBAL,PWRPETBRAXX,CO2BRA,1,2026,0.217
GLOBAL,PWRPETBRAXX,CO2BRA,1,2027,0.217
GLOBAL,PWRPETBRAXX,CO2BRA,1,2028,0.217
GLOBAL,PWRPETBRAXX,CO2BRA,1,2029,0.217
GLOBAL,PWRPETBRAXX,CO2BRA,1,2030,0.217
GLOBAL,PWRPETBRAXX,CO2BRA,1,2031,0.217
GLOBAL,PWRPETBRAXX,CO2BRA,1,2032,0.217
GLOBAL,PWRPETBRAXX,CO2BRA,1,2033,0.217
GLOBAL,PWRPETBRAXX,CO2BRA,1,2034,0.217
GLOBAL,PWRPETBRAXX,CO2BRA,1,2035,0.217
GLOBAL,PWRPETBRAXX,CO2BRA,1,2036,0.217
GLOBAL,PWRPETBRAXX,CO2BRA,1,2037,0.217
GLOBAL,PWRPETBRAXX,CO2BRA,1,2038,0.217
GLOBAL,PWRPETBRAXX,CO2BRA,1,2039,0.217
GLOBAL,PWRPETBRAXX,CO2BRA,1,2040,0.217
GLOBAL,PWRPETBRAXX,CO2BRA,1,2041,0.217
GLOBAL,PWRPETBRAXX,CO2BRA,1,2042,0.217
GLOBAL,PWRPETBRAXX,CO2BRA,1,2043,0.217
GLOBAL,PWRPETBRAXX,CO2BRA,1,2044,0.217
GLOBAL,PWRPETBRAXX,CO2BRA,1,2045,0.217
GLOBAL,PWRPETBRAXX,CO2BRA,1,2046,0.217
GLOBAL,PWRPETBRAXX,CO2BRA,1,2047,0.217
GLOBAL,PWRPETBRAXX,CO2BRA,1,2048,0.217
GLOBAL,PWRPETBRAXX,CO2BRA,1,2049,0.217
GLOBAL,PWRPETBRAXX,CO2BRA,1,2050,0.217
GLOBAL,PWRPETBRAXX,CO2BRA,2,2023,0.217
GLOBAL,PWRPETBRAXX,CO2BRA,2,2024,0.217
GLOBAL,PWRPETBRAXX,CO2BRA,2,2025,0.217
GLOBAL,PWRPETBRAXX,CO2BRA,2,2026,0.217
GLOBAL,PWRPETBRAXX,CO2BRA,2,2027,0.217
GLOBAL,PWRPETBRAXX,CO2BRA,2,2028,0.217
GLOBAL,PWRPETBRAXX,CO2BRA,2,2029,0.217
GLOBAL,PWRPETBRAXX,CO2BRA,2,2030,0.217
GLOBAL,PWRPETBRAXX,CO2BRA,2,2031,0.217
GLOBAL,PWRPETBRAXX,CO2BRA,2,2032,0.217
GLOBAL,PWRPETBRAXX,CO2BRA,2,2033,0.217
GLOBAL,PWRPETBRAXX,CO2BRA,2,2034,0.217
GLOBAL,PWRPETBRAXX,CO2BRA,2,2035,0.217
GLOBAL,PWRPETBRAXX,CO2BRA,2,2036,0.217
GLOBAL,PWRPETBRAXX,CO2BRA,2,2037,0.217
GLOBAL,PWRPETBRAXX,CO2BRA,2,2038,0.217
GLOBAL,PWRPETBRAXX,CO2BRA,2,2039,0.217
GLOBAL,PWRPETBRAXX,CO2BRA,2,2040,0.217
GLOBAL,PWRPETBRAXX,CO2BRA,2,2041,0.217
GLOBAL,PWRPETBRAXX,CO2BRA,2,2042,0.217
GLOBAL,PWRPETBRAXX,CO2BRA,2,2043,0.217
GLOBAL,PWRPETBRAXX,CO2BRA,2,2044,0.217
GLOBAL,PWRPETBRAXX,CO2BRA,2,2045,0.217
GLOBAL,PWRPETBRAXX,CO2BRA,2,2046,0.217
GLOBAL,PWRPETBRAXX,CO2BRA,2,2047,0.217
GLOBAL,PWRPETBRAXX,CO2BRA,2,2048,0.217
GLOBAL,PWRPETBRAXX,CO2BRA,2,2049,0.217
GLOBAL,PWRPETBRAXX,CO2BRA,2,2050,0.217
GLOBAL,PWRPETBRBXX,CO2BRB,1,2023,0.217
GLOBAL,PWRPETBRBXX,CO2BRB,1,2024,0.217
GLOBAL,PWRPETBRBXX,CO2BRB,1,2025,0.217
GLOBAL,PWRPETBRBXX,CO2BRB,1,2026,0.217
GLOBAL,PWRPETBRBXX,CO2BRB,1,2027,0.217
GLOBAL,PWRPETBRBXX,CO2BRB,1,2028,0.217
GLOBAL,PWRPETBRBXX,CO2BRB,1,2029,0.217
GLOBAL,PWRPETBRBXX,CO2BRB,1,2030,0.217
GLOBAL,PWRPETBRBXX,CO2BRB,1,2031,0.217
GLOBAL,PWRPETBRBXX,CO2BRB,1,2032,0.217
GLOBAL,PWRPETBRBXX,CO2BRB,1,2033,0.217
GLOBAL,PWRPETBRBXX,CO2BRB,1,2034,0.217
GLOBAL,PWRPETBRBXX,CO2BRB,1,2035,0.217
GLOBAL,PWRPETBRBXX,CO2BRB,1,2036,0.217
GLOBAL,PWRPETBRBXX,CO2BRB,1,2037,0.217
GLOBAL,PWRPETBRBXX,CO2BRB,1,2038,0.217
GLOBAL,PWRPETBRBXX,CO2BRB,1,2039,0.217
GLOBAL,PWRPETBRBXX,CO2BRB,1,2040,0.217
GLOBAL,PWRPETBRBXX,CO2BRB,1,2041,0.217
GLOBAL,PWRPETBRBXX,CO2BRB,1,2042,0.217
GLOBAL,PWRPETBRBXX,CO2BRB,1,2043,0.217
GLOBAL,PWRPETBRBXX,CO2BRB,1,2044,0.217
GLOBAL,PWRPETBRBXX,CO2BRB,1,2045,0.217
GLOBAL,PWRPETBRBXX,CO2BRB,1,2046,0.217
GLOBAL,PWRPETBRBXX,CO2BRB,1,2047,0.217
GLOBAL,PWRPETBRBXX,CO2BRB,1,2048,0.217
GLOBAL,PWRPETBRBXX,CO2BRB,1,2049,0.217
GLOBAL,PWRPETBRBXX,CO2BRB,1,2050,0.217
GLOBAL,PWRPETBRBXX,CO2BRB,2,2023,0.217
GLOBAL,PWRPETBRBXX,CO2BRB,2,2024,0.217
GLOBAL,PWRPETBRBXX,CO2BRB,2,2025,0.217
GLOBAL,PWRPETBRBXX,CO2BRB,2,2026,0.217
GLOBAL,PWRPETBRBXX,CO2BRB,2,2027,0.217
GLOBAL,PWRPETBRBXX,CO2BRB,2,2028,0.217
GLOBAL,PWRPETBRBXX,CO2BRB,2,2029,0.217
GLOBAL,PWRPETBRBXX,CO2BRB,2,2030,0.217
GLOBAL,PWRPETBRBXX,CO2BRB,2,2031,0.217
GLOBAL,PWRPETBRBXX,CO2BRB,2,2032,0.217
GLOBAL,PWRPETBRBXX,CO2BRB,2,2033,0.217
GLOBAL,PWRPETBRBXX,CO2BRB,2,2034,0.217
GLOBAL,PWRPETBRBXX,CO2BRB,2,2035,0.217
GLOBAL,PWRPETBRBXX,CO2BRB,2,2036,0.217
GLOBAL,PWRPETBRBXX,CO2BRB,2,2037,0.217
GLOBAL,PWRPETBRBXX,CO2BRB,2,2038,0.217
GLOBAL,PWRPETBRBXX,CO2BRB,2,2039,0.217
GLOBAL,PWRPETBRBXX,CO2BRB,2,2040,0.217
GLOBAL,PWRPETBRBXX,CO2BRB,2,2041,0.217
GLOBAL,PWRPETBRBXX,CO2BRB,2,2042,0.217
GLOBAL,PWRPETBRBXX,CO2BRB,2,2043,0.217
GLOBAL,PWRPETBRBXX,CO2BRB,2,2044,0.217
GLOBAL,PWRPETBRBXX,CO2BRB,2,2045,0.217
GLOBAL,PWRPETBRBXX,CO2BRB,2,2046,0.217
GLOBAL,PWRPETBRBXX,CO2BRB,2,2047,0.217
GLOBAL,PWRPETBRBXX,CO2BRB,2,2048,0.217
GLOBAL,PWRPETBRBXX,CO2BRB,2,2049,0.217
GLOBAL,PWRPETBRBXX,CO2BRB,2,2050,0.217
GLOBAL,PWRPETCHLXX,CO2CHL,1,2023,0.217
GLOBAL,PWRPETCHLXX,CO2CHL,1,2024,0.217
GLOBAL,PWRPETCHLXX,CO2CHL,1,2025,0.217
GLOBAL,PWRPETCHLXX,CO2CHL,1,2026,0.217
GLOBAL,PWRPETCHLXX,CO2CHL,1,2027,0.217
GLOBAL,PWRPETCHLXX,CO2CHL,1,2028,0.217
GLOBAL,PWRPETCHLXX,CO2CHL,1,2029,0.217
GLOBAL,PWRPETCHLXX,CO2CHL,1,2030,0.217
GLOBAL,PWRPETCHLXX,CO2CHL,1,2031,0.217
GLOBAL,PWRPETCHLXX,CO2CHL,1,2032,0.217
GLOBAL,PWRPETCHLXX,CO2CHL,1,2033,0.217
GLOBAL,PWRPETCHLXX,CO2CHL,1,2034,0.217
GLOBAL,PWRPETCHLXX,CO2CHL,1,2035,0.217
GLOBAL,PWRPETCHLXX,CO2CHL,1,2036,0.217
GLOBAL,PWRPETCHLXX,CO2CHL,1,2037,0.217
GLOBAL,PWRPETCHLXX,CO2CHL,1,2038,0.217
GLOBAL,PWRPETCHLXX,CO2CHL,1,2039,0.217
GLOBAL,PWRPETCHLXX,CO2CHL,1,2040,0.217
GLOBAL,PWRPETCHLXX,CO2CHL,1,2041,0.217
GLOBAL,PWRPETCHLXX,CO2CHL,1,2042,0.217
GLOBAL,PWRPETCHLXX,CO2CHL,1,2043,0.217
GLOBAL,PWRPETCHLXX,CO2CHL,1,2044,0.217
GLOBAL,PWRPETCHLXX,CO2CHL,1,2045,0.217
GLOBAL,PWRPETCHLXX,CO2CHL,1,2046,0.217
GLOBAL,PWRPETCHLXX,CO2CHL,1,2047,0.217
GLOBAL,PWRPETCHLXX,CO2CHL,1,2048,0.217
GLOBAL,PWRPETCHLXX,CO2CHL,1,2049,0.217
GLOBAL,PWRPETCHLXX,CO2CHL,1,2050,0.217
GLOBAL,PWRPETCHLXX,CO2CHL,2,2023,0.217
GLOBAL,PWRPETCHLXX,CO2CHL,2,2024,0.217
GLOBAL,PWRPETCHLXX,CO2CHL,2,2025,0.217
GLOBAL,PWRPETCHLXX,CO2CHL,2,2026,0.217
GLOBAL,PWRPETCHLXX,CO2CHL,2,2027,0.217
GLOBAL,PWRPETCHLXX,CO2CHL,2,2028,0.217
GLOBAL,PWRPETCHLXX,CO2CHL,2,2029,0.217
GLOBAL,PWRPETCHLXX,CO2CHL,2,2030,0.217
GLOBAL,PWRPETCHLXX,CO2CHL,2,2031,0.217
GLOBAL,PWRPETCHLXX,CO2CHL,2,2032,0.217
GLOBAL,PWRPETCHLXX,CO2CHL,2,2033,0.217
GLOBAL,PWRPETCHLXX,CO2CHL,2,2034,0.217
GLOBAL,PWRPETCHLXX,CO2CHL,2,2035,0.217
GLOBAL,PWRPETCHLXX,CO2CHL,2,2036,0.217
GLOBAL,PWRPETCHLXX,CO2CHL,2,2037,0.217
GLOBAL,PWRPETCHLXX,CO2CHL,2,2038,0.217
GLOBAL,PWRPETCHLXX,CO2CHL,2,2039,0.217
GLOBAL,PWRPETCHLXX,CO2CHL,2,2040,0.217
GLOBAL,PWRPETCHLXX,CO2CHL,2,2041,0.217
GLOBAL,PWRPETCHLXX,CO2CHL,2,2042,0.217
GLOBAL,PWRPETCHLXX,CO2CHL,2,2043,0.217
GLOBAL,PWRPETCHLXX,CO2CHL,2,2044,0.217
GLOBAL,PWRPETCHLXX,CO2CHL,2,2045,0.217
GLOBAL,PWRPETCHLXX,CO2CHL,2,2046,0.217
GLOBAL,PWRPETCHLXX,CO2CHL,2,2047,0.217
GLOBAL,PWRPETCHLXX,CO2CHL,2,2048,0.217
GLOBAL,PWRPETCHLXX,CO2CHL,2,2049,0.217
GLOBAL,PWRPETCHLXX,CO2CHL,2,2050,0.217
GLOBAL,PWRPETCOLXX,CO2COL,1,2023,0.217
GLOBAL,PWRPETCOLXX,CO2COL,1,2024,0.217
GLOBAL,PWRPETCOLXX,CO2COL,1,2025,0.217
GLOBAL,PWRPETCOLXX,CO2COL,1,2026,0.217
GLOBAL,PWRPETCOLXX,CO2COL,1,2027,0.217
GLOBAL,PWRPETCOLXX,CO2COL,1,2028,0.217
GLOBAL,PWRPETCOLXX,CO2COL,1,2029,0.217
GLOBAL,PWRPETCOLXX,CO2COL,1,2030,0.217
GLOBAL,PWRPETCOLXX,CO2COL,1,2031,0.217
GLOBAL,PWRPETCOLXX,CO2COL,1,2032,0.217
GLOBAL,PWRPETCOLXX,CO2COL,1,2033,0.217
GLOBAL,PWRPETCOLXX,CO2COL,1,2034,0.217
GLOBAL,PWRPETCOLXX,CO2COL,1,2035,0.217
GLOBAL,PWRPETCOLXX,CO2COL,1,2036,0.217
GLOBAL,PWRPETCOLXX,CO2COL,1,2037,0.217
GLOBAL,PWRPETCOLXX,CO2COL,1,2038,0.217
GLOBAL,PWRPETCOLXX,CO2COL,1,2039,0.217
GLOBAL,PWRPETCOLXX,CO2COL,1,2040,0.217
GLOBAL,PWRPETCOLXX,CO2COL,1,2041,0.217
GLOBAL,PWRPETCOLXX,CO2COL,1,2042,0.217
GLOBAL,PWRPETCOLXX,CO2COL,1,2043,0.217
GLOBAL,PWRPETCOLXX,CO2COL,1,2044,0.217
GLOBAL,PWRPETCOLXX,CO2COL,1,2045,0.217
GLOBAL,PWRPETCOLXX,CO2COL,1,2046,0.217
GLOBAL,PWRPETCOLXX,CO2COL,1,2047,0.217
GLOBAL,PWRPETCOLXX,CO2COL,1,2048,0.217
GLOBAL,PWRPETCOLXX,CO2COL,1,2049,0.217
GLOBAL,PWRPETCOLXX,CO2COL,1,2050,0.217
GLOBAL,PWRPETCOLXX,CO2COL,2,2023,0.217
GLOBAL,PWRPETCOLXX,CO2COL,2,2024,0.217
GLOBAL,PWRPETCOLXX,CO2COL,2,2025,0.217
GLOBAL,PWRPETCOLXX,CO2COL,2,2026,0.217
GLOBAL,PWRPETCOLXX,CO2COL,2,2027,0.217
GLOBAL,PWRPETCOLXX,CO2COL,2,2028,0.217
GLOBAL,PWRPETCOLXX,CO2COL,2,2029,0.217
GLOBAL,PWRPETCOLXX,CO2COL,2,2030,0.217
GLOBAL,PWRPETCOLXX,CO2COL,2,2031,0.217
GLOBAL,PWRPETCOLXX,CO2COL,2,2032,0.217
GLOBAL,PWRPETCOLXX,CO2COL,2,2033,0.217
GLOBAL,PWRPETCOLXX,CO2COL,2,2034,0.217
GLOBAL,PWRPETCOLXX,CO2COL,2,2035,0.217
GLOBAL,PWRPETCOLXX,CO2COL,2,2036,0.217
GLOBAL,PWRPETCOLXX,CO2COL,2,2037,0.217
GLOBAL,PWRPETCOLXX,CO2COL,2,2038,0.217
GLOBAL,PWRPETCOLXX,CO2COL,2,2039,0.217
GLOBAL,PWRPETCOLXX,CO2COL,2,2040,0.217
GLOBAL,PWRPETCOLXX,CO2COL,2,2041,0.217
GLOBAL,PWRPETCOLXX,CO2COL,2,2042,0.217
GLOBAL,PWRPETCOLXX,CO2COL,2,2043,0.217
GLOBAL,PWRPETCOLXX,CO2COL,2,2044,0.217
GLOBAL,PWRPETCOLXX,CO2COL,2,2045,0.217
GLOBAL,PWRPETCOLXX,CO2COL,2,2046,0.217
GLOBAL,PWRPETCOLXX,CO2COL,2,2047,0.217
GLOBAL,PWRPETCOLXX,CO2COL,2,2048,0.217
GLOBAL,PWRPETCOLXX,CO2COL,2,2049,0.217
GLOBAL,PWRPETCOLXX,CO2COL,2,2050,0.217
GLOBAL,PWRPETCRIXX,CO2CRI,1,2023,0.217
GLOBAL,PWRPETCRIXX,CO2CRI,1,2024,0.217
GLOBAL,PWRPETCRIXX,CO2CRI,1,2025,0.217
GLOBAL,PWRPETCRIXX,CO2CRI,1,2026,0.217
GLOBAL,PWRPETCRIXX,CO2CRI,1,2027,0.217
GLOBAL,PWRPETCRIXX,CO2CRI,1,2028,0.217
GLOBAL,PWRPETCRIXX,CO2CRI,1,2029,0.217
GLOBAL,PWRPETCRIXX,CO2CRI,1,2030,0.217
GLOBAL,PWRPETCRIXX,CO2CRI,1,2031,0.217
GLOBAL,PWRPETCRIXX,CO2CRI,1,2032,0.217
GLOBAL,PWRPETCRIXX,CO2CRI,1,2033,0.217
GLOBAL,PWRPETCRIXX,CO2CRI,1,2034,0.217
GLOBAL,PWRPETCRIXX,CO2CRI,1,2035,0.217
GLOBAL,PWRPETCRIXX,CO2CRI,1,2036,0.217
GLOBAL,PWRPETCRIXX,CO2CRI,1,2037,0.217
GLOBAL,PWRPETCRIXX,CO2CRI,1,2038,0.217
GLOBAL,PWRPETCRIXX,CO2CRI,1,2039,0.217
GLOBAL,PWRPETCRIXX,CO2CRI,1,2040,0.217
GLOBAL,PWRPETCRIXX,CO2CRI,1,2041,0.217
GLOBAL,PWRPETCRIXX,CO2CRI,1,2042,0.217
GLOBAL,PWRPETCRIXX,CO2CRI,1,2043,0.217
GLOBAL,PWRPETCRIXX,CO2CRI,1,2044,0.217
GLOBAL,PWRPETCRIXX,CO2CRI,1,2045,0.217
GLOBAL,PWRPETCRIXX,CO2CRI,1,2046,0.217
GLOBAL,PWRPETCRIXX,CO2CRI,1,2047,0.217
GLOBAL,PWRPETCRIXX,CO2CRI,1,2048,0.217
GLOBAL,PWRPETCRIXX,CO2CRI,1,2049,0.217
GLOBAL,PWRPETCRIXX,CO2CRI,1,2050,0.217
GLOBAL,PWRPETCRIXX,CO2CRI,2,2023,0.217
GLOBAL,PWRPETCRIXX,CO2CRI,2,2024,0.217
GLOBAL,PWRPETCRIXX,CO2CRI,2,2025,0.217
GLOBAL,PWRPETCRIXX,CO2CRI,2,2026,0.217
GLOBAL,PWRPETCRIXX,CO2CRI,2,2027,0.217
GLOBAL,PWRPETCRIXX,CO2CRI,2,2028,0.217
GLOBAL,PWRPETCRIXX,CO2CRI,2,2029,0.217
GLOBAL,PWRPETCRIXX,CO2CRI,2,2030,0.217
GLOBAL,PWRPETCRIXX,CO2CRI,2,2031,0.217
GLOBAL,PWRPETCRIXX,CO2CRI,2,2032,0.217
GLOBAL,PWRPETCRIXX,CO2CRI,2,2033,0.217
GLOBAL,PWRPETCRIXX,CO2CRI,2,2034,0.217
GLOBAL,PWRPETCRIXX,CO2CRI,2,2035,0.217
GLOBAL,PWRPETCRIXX,CO2CRI,2,2036,0.217
GLOBAL,PWRPETCRIXX,CO2CRI,2,2037,0.217
GLOBAL,PWRPETCRIXX,CO2CRI,2,2038,0.217
GLOBAL,PWRPETCRIXX,CO2CRI,2,2039,0.217
GLOBAL,PWRPETCRIXX,CO2CRI,2,2040,0.217
GLOBAL,PWRPETCRIXX,CO2CRI,2,2041,0.217
GLOBAL,PWRPETCRIXX,CO2CRI,2,2042,0.217
GLOBAL,PWRPETCRIXX,CO2CRI,2,2043,0.217
GLOBAL,PWRPETCRIXX,CO2CRI,2,2044,0.217
GLOBAL,PWRPETCRIXX,CO2CRI,2,2045,0.217
GLOBAL,PWRPETCRIXX,CO2CRI,2,2046,0.217
GLOBAL,PWRPETCRIXX,CO2CRI,2,2047,0.217
GLOBAL,PWRPETCRIXX,CO2CRI,2,2048,0.217
GLOBAL,PWRPETCRIXX,CO2CRI,2,2049,0.217
GLOBAL,PWRPETCRIXX,CO2CRI,2,2050,0.217
GLOBAL,PWRPETDOMXX,CO2DOM,1,2023,0.217
GLOBAL,PWRPETDOMXX,CO2DOM,1,2024,0.217
GLOBAL,PWRPETDOMXX,CO2DOM,1,2025,0.217
GLOBAL,PWRPETDOMXX,CO2DOM,1,2026,0.217
GLOBAL,PWRPETDOMXX,CO2DOM,1,2027,0.217
GLOBAL,PWRPETDOMXX,CO2DOM,1,2028,0.217
GLOBAL,PWRPETDOMXX,CO2DOM,1,2029,0.217
GLOBAL,PWRPETDOMXX,CO2DOM,1,2030,0.217
GLOBAL,PWRPETDOMXX,CO2DOM,1,2031,0.217
GLOBAL,PWRPETDOMXX,CO2DOM,1,2032,0.217
GLOBAL,PWRPETDOMXX,CO2DOM,1,2033,0.217
GLOBAL,PWRPETDOMXX,CO2DOM,1,2034,0.217
GLOBAL,PWRPETDOMXX,CO2DOM,1,2035,0.217
GLOBAL,PWRPETDOMXX,CO2DOM,1,2036,0.217
GLOBAL,PWRPETDOMXX,CO2DOM,1,2037,0.217
GLOBAL,PWRPETDOMXX,CO2DOM,1,2038,0.217
GLOBAL,PWRPETDOMXX,CO2DOM,1,2039,0.217
GLOBAL,PWRPETDOMXX,CO2DOM,1,2040,0.217
GLOBAL,PWRPETDOMXX,CO2DOM,1,2041,0.217
GLOBAL,PWRPETDOMXX,CO2DOM,1,2042,0.217
GLOBAL,PWRPETDOMXX,CO2DOM,1,2043,0.217
GLOBAL,PWRPETDOMXX,CO2DOM,1,2044,0.217
GLOBAL,PWRPETDOMXX,CO2DOM,1,2045,0.217
GLOBAL,PWRPETDOMXX,CO2DOM,1,2046,0.217
GLOBAL,PWRPETDOMXX,CO2DOM,1,2047,0.217
GLOBAL,PWRPETDOMXX,CO2DOM,1,2048,0.217
GLOBAL,PWRPETDOMXX,CO2DOM,1,2049,0.217
GLOBAL,PWRPETDOMXX,CO2DOM,1,2050,0.217
GLOBAL,PWRPETDOMXX,CO2DOM,2,2023,0.217
GLOBAL,PWRPETDOMXX,CO2DOM,2,2024,0.217
GLOBAL,PWRPETDOMXX,CO2DOM,2,2025,0.217
GLOBAL,PWRPETDOMXX,CO2DOM,2,2026,0.217
GLOBAL,PWRPETDOMXX,CO2DOM,2,2027,0.217
GLOBAL,PWRPETDOMXX,CO2DOM,2,2028,0.217
GLOBAL,PWRPETDOMXX,CO2DOM,2,2029,0.217
GLOBAL,PWRPETDOMXX,CO2DOM,2,2030,0.217
GLOBAL,PWRPETDOMXX,CO2DOM,2,2031,0.217
GLOBAL,PWRPETDOMXX,CO2DOM,2,2032,0.217
GLOBAL,PWRPETDOMXX,CO2DOM,2,2033,0.217
GLOBAL,PWRPETDOMXX,CO2DOM,2,2034,0.217
GLOBAL,PWRPETDOMXX,CO2DOM,2,2035,0.217
GLOBAL,PWRPETDOMXX,CO2DOM,2,2036,0.217
GLOBAL,PWRPETDOMXX,CO2DOM,2,2037,0.217
GLOBAL,PWRPETDOMXX,CO2DOM,2,2038,0.217
GLOBAL,PWRPETDOMXX,CO2DOM,2,2039,0.217
GLOBAL,PWRPETDOMXX,CO2DOM,2,2040,0.217
GLOBAL,PWRPETDOMXX,CO2DOM,2,2041,0.217
GLOBAL,PWRPETDOMXX,CO2DOM,2,2042,0.217
GLOBAL,PWRPETDOMXX,CO2DOM,2,2043,0.217
GLOBAL,PWRPETDOMXX,CO2DOM,2,2044,0.217
GLOBAL,PWRPETDOMXX,CO2DOM,2,2045,0.217
GLOBAL,PWRPETDOMXX,CO2DOM,2,2046,0.217
GLOBAL,PWRPETDOMXX,CO2DOM,2,2047,0.217
GLOBAL,PWRPETDOMXX,CO2DOM,2,2048,0.217
GLOBAL,PWRPETDOMXX,CO2DOM,2,2049,0.217
GLOBAL,PWRPETDOMXX,CO2DOM,2,2050,0.217
GLOBAL,PWRPETECUXX,CO2ECU,1,2023,0.217
GLOBAL,PWRPETECUXX,CO2ECU,1,2024,0.217
GLOBAL,PWRPETECUXX,CO2ECU,1,2025,0.217
GLOBAL,PWRPETECUXX,CO2ECU,1,2026,0.217
GLOBAL,PWRPETECUXX,CO2ECU,1,2027,0.217
GLOBAL,PWRPETECUXX,CO2ECU,1,2028,0.217
GLOBAL,PWRPETECUXX,CO2ECU,1,2029,0.217
GLOBAL,PWRPETECUXX,CO2ECU,1,2030,0.217
GLOBAL,PWRPETECUXX,CO2ECU,1,2031,0.217
GLOBAL,PWRPETECUXX,CO2ECU,1,2032,0.217
GLOBAL,PWRPETECUXX,CO2ECU,1,2033,0.217
GLOBAL,PWRPETECUXX,CO2ECU,1,2034,0.217
GLOBAL,PWRPETECUXX,CO2ECU,1,2035,0.217
GLOBAL,PWRPETECUXX,CO2ECU,1,2036,0.217
GLOBAL,PWRPETECUXX,CO2ECU,1,2037,0.217
GLOBAL,PWRPETECUXX,CO2ECU,1,2038,0.217
GLOBAL,PWRPETECUXX,CO2ECU,1,2039,0.217
GLOBAL,PWRPETECUXX,CO2ECU,1,2040,0.217
GLOBAL,PWRPETECUXX,CO2ECU,1,2041,0.217
GLOBAL,PWRPETECUXX,CO2ECU,1,2042,0.217
GLOBAL,PWRPETECUXX,CO2ECU,1,2043,0.217
GLOBAL,PWRPETECUXX,CO2ECU,1,2044,0.217
GLOBAL,PWRPETECUXX,CO2ECU,1,2045,0.217
GLOBAL,PWRPETECUXX,CO2ECU,1,2046,0.217
GLOBAL,PWRPETECUXX,CO2ECU,1,2047,0.217
GLOBAL,PWRPETECUXX,CO2ECU,1,2048,0.217
GLOBAL,PWRPETECUXX,CO2ECU,1,2049,0.217
GLOBAL,PWRPETECUXX,CO2ECU,1,2050,0.217
GLOBAL,PWRPETECUXX,CO2ECU,2,2023,0.217
GLOBAL,PWRPETECUXX,CO2ECU,2,2024,0.217
GLOBAL,PWRPETECUXX,CO2ECU,2,2025,0.217
GLOBAL,PWRPETECUXX,CO2ECU,2,2026,0.217
GLOBAL,PWRPETECUXX,CO2ECU,2,2027,0.217
GLOBAL,PWRPETECUXX,CO2ECU,2,2028,0.217
GLOBAL,PWRPETECUXX,CO2ECU,2,2029,0.217
GLOBAL,PWRPETECUXX,CO2ECU,2,2030,0.217
GLOBAL,PWRPETECUXX,CO2ECU,2,2031,0.217
GLOBAL,PWRPETECUXX,CO2ECU,2,2032,0.217
GLOBAL,PWRPETECUXX,CO2ECU,2,2033,0.217
GLOBAL,PWRPETECUXX,CO2ECU,2,2034,0.217
GLOBAL,PWRPETECUXX,CO2ECU,2,2035,0.217
GLOBAL,PWRPETECUXX,CO2ECU,2,2036,0.217
GLOBAL,PWRPETECUXX,CO2ECU,2,2037,0.217
GLOBAL,PWRPETECUXX,CO2ECU,2,2038,0.217
GLOBAL,PWRPETECUXX,CO2ECU,2,2039,0.217
GLOBAL,PWRPETECUXX,CO2ECU,2,2040,0.217
GLOBAL,PWRPETECUXX,CO2ECU,2,2041,0.217
GLOBAL,PWRPETECUXX,CO2ECU,2,2042,0.217
GLOBAL,PWRPETECUXX,CO2ECU,2,2043,0.217
GLOBAL,PWRPETECUXX,CO2ECU,2,2044,0.217
GLOBAL,PWRPETECUXX,CO2ECU,2,2045,0.217
GLOBAL,PWRPETECUXX,CO2ECU,2,2046,0.217
GLOBAL,PWRPETECUXX,CO2ECU,2,2047,0.217
GLOBAL,PWRPETECUXX,CO2ECU,2,2048,0.217
GLOBAL,PWRPETECUXX,CO2ECU,2,2049,0.217
GLOBAL,PWRPETECUXX,CO2ECU,2,2050,0.217
GLOBAL,PWRPETGTMXX,CO2GTM,1,2023,0.217
GLOBAL,PWRPETGTMXX,CO2GTM,1,2024,0.217
GLOBAL,PWRPETGTMXX,CO2GTM,1,2025,0.217
GLOBAL,PWRPETGTMXX,CO2GTM,1,2026,0.217
GLOBAL,PWRPETGTMXX,CO2GTM,1,2027,0.217
GLOBAL,PWRPETGTMXX,CO2GTM,1,2028,0.217
GLOBAL,PWRPETGTMXX,CO2GTM,1,2029,0.217
GLOBAL,PWRPETGTMXX,CO2GTM,1,2030,0.217
GLOBAL,PWRPETGTMXX,CO2GTM,1,2031,0.217
GLOBAL,PWRPETGTMXX,CO2GTM,1,2032,0.217
GLOBAL,PWRPETGTMXX,CO2GTM,1,2033,0.217
GLOBAL,PWRPETGTMXX,CO2GTM,1,2034,0.217
GLOBAL,PWRPETGTMXX,CO2GTM,1,2035,0.217
GLOBAL,PWRPETGTMXX,CO2GTM,1,2036,0.217
GLOBAL,PWRPETGTMXX,CO2GTM,1,2037,0.217
GLOBAL,PWRPETGTMXX,CO2GTM,1,2038,0.217
GLOBAL,PWRPETGTMXX,CO2GTM,1,2039,0.217
GLOBAL,PWRPETGTMXX,CO2GTM,1,2040,0.217
GLOBAL,PWRPETGTMXX,CO2GTM,1,2041,0.217
GLOBAL,PWRPETGTMXX,CO2GTM,1,2042,0.217
GLOBAL,PWRPETGTMXX,CO2GTM,1,2043,0.217
GLOBAL,PWRPETGTMXX,CO2GTM,1,2044,0.217
GLOBAL,PWRPETGTMXX,CO2GTM,1,2045,0.217
GLOBAL,PWRPETGTMXX,CO2GTM,1,2046,0.217
GLOBAL,PWRPETGTMXX,CO2GTM,1,2047,0.217
GLOBAL,PWRPETGTMXX,CO2GTM,1,2048,0.217
GLOBAL,PWRPETGTMXX,CO2GTM,1,2049,0.217
GLOBAL,PWRPETGTMXX,CO2GTM,1,2050,0.217
GLOBAL,PWRPETGTMXX,CO2GTM,2,2023,0.217
GLOBAL,PWRPETGTMXX,CO2GTM,2,2024,0.217
GLOBAL,PWRPETGTMXX,CO2GTM,2,2025,0.217
GLOBAL,PWRPETGTMXX,CO2GTM,2,2026,0.217
GLOBAL,PWRPETGTMXX,CO2GTM,2,2027,0.217
GLOBAL,PWRPETGTMXX,CO2GTM,2,2028,0.217
GLOBAL,PWRPETGTMXX,CO2GTM,2,2029,0.217
GLOBAL,PWRPETGTMXX,CO2GTM,2,2030,0.217
GLOBAL,PWRPETGTMXX,CO2GTM,2,2031,0.217
GLOBAL,PWRPETGTMXX,CO2GTM,2,2032,0.217
GLOBAL,PWRPETGTMXX,CO2GTM,2,2033,0.217
GLOBAL,PWRPETGTMXX,CO2GTM,2,2034,0.217
GLOBAL,PWRPETGTMXX,CO2GTM,2,2035,0.217
GLOBAL,PWRPETGTMXX,CO2GTM,2,2036,0.217
GLOBAL,PWRPETGTMXX,CO2GTM,2,2037,0.217
GLOBAL,PWRPETGTMXX,CO2GTM,2,2038,0.217
GLOBAL,PWRPETGTMXX,CO2GTM,2,2039,0.217
GLOBAL,PWRPETGTMXX,CO2GTM,2,2040,0.217
GLOBAL,PWRPETGTMXX,CO2GTM,2,2041,0.217
GLOBAL,PWRPETGTMXX,CO2GTM,2,2042,0.217
GLOBAL,PWRPETGTMXX,CO2GTM,2,2043,0.217
GLOBAL,PWRPETGTMXX,CO2GTM,2,2044,0.217
GLOBAL,PWRPETGTMXX,CO2GTM,2,2045,0.217
GLOBAL,PWRPETGTMXX,CO2GTM,2,2046,0.217
GLOBAL,PWRPETGTMXX,CO2GTM,2,2047,0.217
GLOBAL,PWRPETGTMXX,CO2GTM,2,2048,0.217
GLOBAL,PWRPETGTMXX,CO2GTM,2,2049,0.217
GLOBAL,PWRPETGTMXX,CO2GTM,2,2050,0.217
GLOBAL,PWRPETHNDXX,CO2HND,1,2023,0.217
GLOBAL,PWRPETHNDXX,CO2HND,1,2024,0.217
GLOBAL,PWRPETHNDXX,CO2HND,1,2025,0.217
GLOBAL,PWRPETHNDXX,CO2HND,1,2026,0.217
GLOBAL,PWRPETHNDXX,CO2HND,1,2027,0.217
GLOBAL,PWRPETHNDXX,CO2HND,1,2028,0.217
GLOBAL,PWRPETHNDXX,CO2HND,1,2029,0.217
GLOBAL,PWRPETHNDXX,CO2HND,1,2030,0.217
GLOBAL,PWRPETHNDXX,CO2HND,1,2031,0.217
GLOBAL,PWRPETHNDXX,CO2HND,1,2032,0.217
GLOBAL,PWRPETHNDXX,CO2HND,1,2033,0.217
GLOBAL,PWRPETHNDXX,CO2HND,1,2034,0.217
GLOBAL,PWRPETHNDXX,CO2HND,1,2035,0.217
GLOBAL,PWRPETHNDXX,CO2HND,1,2036,0.217
GLOBAL,PWRPETHNDXX,CO2HND,1,2037,0.217
GLOBAL,PWRPETHNDXX,CO2HND,1,2038,0.217
GLOBAL,PWRPETHNDXX,CO2HND,1,2039,0.217
GLOBAL,PWRPETHNDXX,CO2HND,1,2040,0.217
GLOBAL,PWRPETHNDXX,CO2HND,1,2041,0.217
GLOBAL,PWRPETHNDXX,CO2HND,1,2042,0.217
GLOBAL,PWRPETHNDXX,CO2HND,1,2043,0.217
GLOBAL,PWRPETHNDXX,CO2HND,1,2044,0.217
GLOBAL,PWRPETHNDXX,CO2HND,1,2045,0.217
GLOBAL,PWRPETHNDXX,CO2HND,1,2046,0.217
GLOBAL,PWRPETHNDXX,CO2HND,1,2047,0.217
GLOBAL,PWRPETHNDXX,CO2HND,1,2048,0.217
GLOBAL,PWRPETHNDXX,CO2HND,1,2049,0.217
GLOBAL,PWRPETHNDXX,CO2HND,1,2050,0.217
GLOBAL,PWRPETHNDXX,CO2HND,2,2023,0.217
GLOBAL,PWRPETHNDXX,CO2HND,2,2024,0.217
GLOBAL,PWRPETHNDXX,CO2HND,2,2025,0.217
GLOBAL,PWRPETHNDXX,CO2HND,2,2026,0.217
GLOBAL,PWRPETHNDXX,CO2HND,2,2027,0.217
GLOBAL,PWRPETHNDXX,CO2HND,2,2028,0.217
GLOBAL,PWRPETHNDXX,CO2HND,2,2029,0.217
GLOBAL,PWRPETHNDXX,CO2HND,2,2030,0.217
GLOBAL,PWRPETHNDXX,CO2HND,2,2031,0.217
GLOBAL,PWRPETHNDXX,CO2HND,2,2032,0.217
GLOBAL,PWRPETHNDXX,CO2HND,2,2033,0.217
GLOBAL,PWRPETHNDXX,CO2HND,2,2034,0.217
GLOBAL,PWRPETHNDXX,CO2HND,2,2035,0.217
GLOBAL,PWRPETHNDXX,CO2HND,2,2036,0.217
GLOBAL,PWRPETHNDXX,CO2HND,2,2037,0.217
GLOBAL,PWRPETHNDXX,CO2HND,2,2038,0.217
GLOBAL,PWRPETHNDXX,CO2HND,2,2039,0.217
GLOBAL,PWRPETHNDXX,CO2HND,2,2040,0.217
GLOBAL,PWRPETHNDXX,CO2HND,2,2041,0.217
GLOBAL,PWRPETHNDXX,CO2HND,2,2042,0.217
GLOBAL,PWRPETHNDXX,CO2HND,2,2043,0.217
GLOBAL,PWRPETHNDXX,CO2HND,2,2044,0.217
GLOBAL,PWRPETHNDXX,CO2HND,2,2045,0.217
GLOBAL,PWRPETHNDXX,CO2HND,2,2046,0.217
GLOBAL,PWRPETHNDXX,CO2HND,2,2047,0.217
GLOBAL,PWRPETHNDXX,CO2HND,2,2048,0.217
GLOBAL,PWRPETHNDXX,CO2HND,2,2049,0.217
GLOBAL,PWRPETHNDXX,CO2HND,2,2050,0.217
GLOBAL,PWRPETHTIXX,CO2HTI,1,2023,0.217
GLOBAL,PWRPETHTIXX,CO2HTI,1,2024,0.217
GLOBAL,PWRPETHTIXX,CO2HTI,1,2025,0.217
GLOBAL,PWRPETHTIXX,CO2HTI,1,2026,0.217
GLOBAL,PWRPETHTIXX,CO2HTI,1,2027,0.217
GLOBAL,PWRPETHTIXX,CO2HTI,1,2028,0.217
GLOBAL,PWRPETHTIXX,CO2HTI,1,2029,0.217
GLOBAL,PWRPETHTIXX,CO2HTI,1,2030,0.217
GLOBAL,PWRPETHTIXX,CO2HTI,1,2031,0.217
GLOBAL,PWRPETHTIXX,CO2HTI,1,2032,0.217
GLOBAL,PWRPETHTIXX,CO2HTI,1,2033,0.217
GLOBAL,PWRPETHTIXX,CO2HTI,1,2034,0.217
GLOBAL,PWRPETHTIXX,CO2HTI,1,2035,0.217
GLOBAL,PWRPETHTIXX,CO2HTI,1,2036,0.217
GLOBAL,PWRPETHTIXX,CO2HTI,1,2037,0.217
GLOBAL,PWRPETHTIXX,CO2HTI,1,2038,0.217
GLOBAL,PWRPETHTIXX,CO2HTI,1,2039,0.217
GLOBAL,PWRPETHTIXX,CO2HTI,1,2040,0.217
GLOBAL,PWRPETHTIXX,CO2HTI,1,2041,0.217
GLOBAL,PWRPETHTIXX,CO2HTI,1,2042,0.217
GLOBAL,PWRPETHTIXX,CO2HTI,1,2043,0.217
GLOBAL,PWRPETHTIXX,CO2HTI,1,2044,0.217
GLOBAL,PWRPETHTIXX,CO2HTI,1,2045,0.217
GLOBAL,PWRPETHTIXX,CO2HTI,1,2046,0.217
GLOBAL,PWRPETHTIXX,CO2HTI,1,2047,0.217
GLOBAL,PWRPETHTIXX,CO2HTI,1,2048,0.217
GLOBAL,PWRPETHTIXX,CO2HTI,1,2049,0.217
GLOBAL,PWRPETHTIXX,CO2HTI,1,2050,0.217
GLOBAL,PWRPETHTIXX,CO2HTI,2,2023,0.217
GLOBAL,PWRPETHTIXX,CO2HTI,2,2024,0.217
GLOBAL,PWRPETHTIXX,CO2HTI,2,2025,0.217
GLOBAL,PWRPETHTIXX,CO2HTI,2,2026,0.217
GLOBAL,PWRPETHTIXX,CO2HTI,2,2027,0.217
GLOBAL,PWRPETHTIXX,CO2HTI,2,2028,0.217
GLOBAL,PWRPETHTIXX,CO2HTI,2,2029,0.217
GLOBAL,PWRPETHTIXX,CO2HTI,2,2030,0.217
GLOBAL,PWRPETHTIXX,CO2HTI,2,2031,0.217
GLOBAL,PWRPETHTIXX,CO2HTI,2,2032,0.217
GLOBAL,PWRPETHTIXX,CO2HTI,2,2033,0.217
GLOBAL,PWRPETHTIXX,CO2HTI,2,2034,0.217
GLOBAL,PWRPETHTIXX,CO2HTI,2,2035,0.217
GLOBAL,PWRPETHTIXX,CO2HTI,2,2036,0.217
GLOBAL,PWRPETHTIXX,CO2HTI,2,2037,0.217
GLOBAL,PWRPETHTIXX,CO2HTI,2,2038,0.217
GLOBAL,PWRPETHTIXX,CO2HTI,2,2039,0.217
GLOBAL,PWRPETHTIXX,CO2HTI,2,2040,0.217
GLOBAL,PWRPETHTIXX,CO2HTI,2,2041,0.217
GLOBAL,PWRPETHTIXX,CO2HTI,2,2042,0.217
GLOBAL,PWRPETHTIXX,CO2HTI,2,2043,0.217
GLOBAL,PWRPETHTIXX,CO2HTI,2,2044,0.217
GLOBAL,PWRPETHTIXX,CO2HTI,2,2045,0.217
GLOBAL,PWRPETHTIXX,CO2HTI,2,2046,0.217
GLOBAL,PWRPETHTIXX,CO2HTI,2,2047,0.217
GLOBAL,PWRPETHTIXX,CO2HTI,2,2048,0.217
GLOBAL,PWRPETHTIXX,CO2HTI,2,2049,0.217
GLOBAL,PWRPETHTIXX,CO2HTI,2,2050,0.217
GLOBAL,PWRPETMEXXX,CO2MEX,1,2023,0.217
GLOBAL,PWRPETMEXXX,CO2MEX,1,2024,0.217
GLOBAL,PWRPETMEXXX,CO2MEX,1,2025,0.217
GLOBAL,PWRPETMEXXX,CO2MEX,1,2026,0.217
GLOBAL,PWRPETMEXXX,CO2MEX,1,2027,0.217
GLOBAL,PWRPETMEXXX,CO2MEX,1,2028,0.217
GLOBAL,PWRPETMEXXX,CO2MEX,1,2029,0.217
GLOBAL,PWRPETMEXXX,CO2MEX,1,2030,0.217
GLOBAL,PWRPETMEXXX,CO2MEX,1,2031,0.217
GLOBAL,PWRPETMEXXX,CO2MEX,1,2032,0.217
GLOBAL,PWRPETMEXXX,CO2MEX,1,2033,0.217
GLOBAL,PWRPETMEXXX,CO2MEX,1,2034,0.217
GLOBAL,PWRPETMEXXX,CO2MEX,1,2035,0.217
GLOBAL,PWRPETMEXXX,CO2MEX,1,2036,0.217
GLOBAL,PWRPETMEXXX,CO2MEX,1,2037,0.217
GLOBAL,PWRPETMEXXX,CO2MEX,1,2038,0.217
GLOBAL,PWRPETMEXXX,CO2MEX,1,2039,0.217
GLOBAL,PWRPETMEXXX,CO2MEX,1,2040,0.217
GLOBAL,PWRPETMEXXX,CO2MEX,1,2041,0.217
GLOBAL,PWRPETMEXXX,CO2MEX,1,2042,0.217
GLOBAL,PWRPETMEXXX,CO2MEX,1,2043,0.217
GLOBAL,PWRPETMEXXX,CO2MEX,1,2044,0.217
GLOBAL,PWRPETMEXXX,CO2MEX,1,2045,0.217
GLOBAL,PWRPETMEXXX,CO2MEX,1,2046,0.217
GLOBAL,PWRPETMEXXX,CO2MEX,1,2047,0.217
GLOBAL,PWRPETMEXXX,CO2MEX,1,2048,0.217
GLOBAL,PWRPETMEXXX,CO2MEX,1,2049,0.217
GLOBAL,PWRPETMEXXX,CO2MEX,1,2050,0.217
GLOBAL,PWRPETMEXXX,CO2MEX,2,2023,0.217
GLOBAL,PWRPETMEXXX,CO2MEX,2,2024,0.217
GLOBAL,PWRPETMEXXX,CO2MEX,2,2025,0.217
GLOBAL,PWRPETMEXXX,CO2MEX,2,2026,0.217
GLOBAL,PWRPETMEXXX,CO2MEX,2,2027,0.217
GLOBAL,PWRPETMEXXX,CO2MEX,2,2028,0.217
GLOBAL,PWRPETMEXXX,CO2MEX,2,2029,0.217
GLOBAL,PWRPETMEXXX,CO2MEX,2,2030,0.217
GLOBAL,PWRPETMEXXX,CO2MEX,2,2031,0.217
GLOBAL,PWRPETMEXXX,CO2MEX,2,2032,0.217
GLOBAL,PWRPETMEXXX,CO2MEX,2,2033,0.217
GLOBAL,PWRPETMEXXX,CO2MEX,2,2034,0.217
GLOBAL,PWRPETMEXXX,CO2MEX,2,2035,0.217
GLOBAL,PWRPETMEXXX,CO2MEX,2,2036,0.217
GLOBAL,PWRPETMEXXX,CO2MEX,2,2037,0.217
GLOBAL,PWRPETMEXXX,CO2MEX,2,2038,0.217
GLOBAL,PWRPETMEXXX,CO2MEX,2,2039,0.217
GLOBAL,PWRPETMEXXX,CO2MEX,2,2040,0.217
GLOBAL,PWRPETMEXXX,CO2MEX,2,2041,0.217
GLOBAL,PWRPETMEXXX,CO2MEX,2,2042,0.217
GLOBAL,PWRPETMEXXX,CO2MEX,2,2043,0.217
GLOBAL,PWRPETMEXXX,CO2MEX,2,2044,0.217
GLOBAL,PWRPETMEXXX,CO2MEX,2,2045,0.217
GLOBAL,PWRPETMEXXX,CO2MEX,2,2046,0.217
GLOBAL,PWRPETMEXXX,CO2MEX,2,2047,0.217
GLOBAL,PWRPETMEXXX,CO2MEX,2,2048,0.217
GLOBAL,PWRPETMEXXX,CO2MEX,2,2049,0.217
GLOBAL,PWRPETMEXXX,CO2MEX,2,2050,0.217
GLOBAL,PWRPETNICXX,CO2NIC,1,2023,0.217
GLOBAL,PWRPETNICXX,CO2NIC,1,2024,0.217
GLOBAL,PWRPETNICXX,CO2NIC,1,2025,0.217
GLOBAL,PWRPETNICXX,CO2NIC,1,2026,0.217
GLOBAL,PWRPETNICXX,CO2NIC,1,2027,0.217
GLOBAL,PWRPETNICXX,CO2NIC,1,2028,0.217
GLOBAL,PWRPETNICXX,CO2NIC,1,2029,0.217
GLOBAL,PWRPETNICXX,CO2NIC,1,2030,0.217
GLOBAL,PWRPETNICXX,CO2NIC,1,2031,0.217
GLOBAL,PWRPETNICXX,CO2NIC,1,2032,0.217
GLOBAL,PWRPETNICXX,CO2NIC,1,2033,0.217
GLOBAL,PWRPETNICXX,CO2NIC,1,2034,0.217
GLOBAL,PWRPETNICXX,CO2NIC,1,2035,0.217
GLOBAL,PWRPETNICXX,CO2NIC,1,2036,0.217
GLOBAL,PWRPETNICXX,CO2NIC,1,2037,0.217
GLOBAL,PWRPETNICXX,CO2NIC,1,2038,0.217
GLOBAL,PWRPETNICXX,CO2NIC,1,2039,0.217
GLOBAL,PWRPETNICXX,CO2NIC,1,2040,0.217
GLOBAL,PWRPETNICXX,CO2NIC,1,2041,0.217
GLOBAL,PWRPETNICXX,CO2NIC,1,2042,0.217
GLOBAL,PWRPETNICXX,CO2NIC,1,2043,0.217
GLOBAL,PWRPETNICXX,CO2NIC,1,2044,0.217
GLOBAL,PWRPETNICXX,CO2NIC,1,2045,0.217
GLOBAL,PWRPETNICXX,CO2NIC,1,2046,0.217
GLOBAL,PWRPETNICXX,CO2NIC,1,2047,0.217
GLOBAL,PWRPETNICXX,CO2NIC,1,2048,0.217
GLOBAL,PWRPETNICXX,CO2NIC,1,2049,0.217
GLOBAL,PWRPETNICXX,CO2NIC,1,2050,0.217
GLOBAL,PWRPETNICXX,CO2NIC,2,2023,0.217
GLOBAL,PWRPETNICXX,CO2NIC,2,2024,0.217
GLOBAL,PWRPETNICXX,CO2NIC,2,2025,0.217
GLOBAL,PWRPETNICXX,CO2NIC,2,2026,0.217
GLOBAL,PWRPETNICXX,CO2NIC,2,2027,0.217
GLOBAL,PWRPETNICXX,CO2NIC,2,2028,0.217
GLOBAL,PWRPETNICXX,CO2NIC,2,2029,0.217
GLOBAL,PWRPETNICXX,CO2NIC,2,2030,0.217
GLOBAL,PWRPETNICXX,CO2NIC,2,2031,0.217
GLOBAL,PWRPETNICXX,CO2NIC,2,2032,0.217
GLOBAL,PWRPETNICXX,CO2NIC,2,2033,0.217
GLOBAL,PWRPETNICXX,CO2NIC,2,2034,0.217
GLOBAL,PWRPETNICXX,CO2NIC,2,2035,0.217
GLOBAL,PWRPETNICXX,CO2NIC,2,2036,0.217
GLOBAL,PWRPETNICXX,CO2NIC,2,2037,0.217
GLOBAL,PWRPETNICXX,CO2NIC,2,2038,0.217
GLOBAL,PWRPETNICXX,CO2NIC,2,2039,0.217
GLOBAL,PWRPETNICXX,CO2NIC,2,2040,0.217
GLOBAL,PWRPETNICXX,CO2NIC,2,2041,0.217
GLOBAL,PWRPETNICXX,CO2NIC,2,2042,0.217
GLOBAL,PWRPETNICXX,CO2NIC,2,2043,0.217
GLOBAL,PWRPETNICXX,CO2NIC,2,2044,0.217
GLOBAL,PWRPETNICXX,CO2NIC,2,2045,0.217
GLOBAL,PWRPETNICXX,CO2NIC,2,2046,0.217
GLOBAL,PWRPETNICXX,CO2NIC,2,2047,0.217
GLOBAL,PWRPETNICXX,CO2NIC,2,2048,0.217
GLOBAL,PWRPETNICXX,CO2NIC,2,2049,0.217
GLOBAL,PWRPETNICXX,CO2NIC,2,2050,0.217
GLOBAL,PWRPETPANXX,CO2PAN,1,2023,0.217
GLOBAL,PWRPETPANXX,CO2PAN,1,2024,0.217
GLOBAL,PWRPETPANXX,CO2PAN,1,2025,0.217
GLOBAL,PWRPETPANXX,CO2PAN,1,2026,0.217
GLOBAL,PWRPETPANXX,CO2PAN,1,2027,0.217
GLOBAL,PWRPETPANXX,CO2PAN,1,2028,0.217
GLOBAL,PWRPETPANXX,CO2PAN,1,2029,0.217
GLOBAL,PWRPETPANXX,CO2PAN,1,2030,0.217
GLOBAL,PWRPETPANXX,CO2PAN,1,2031,0.217
GLOBAL,PWRPETPANXX,CO2PAN,1,2032,0.217
GLOBAL,PWRPETPANXX,CO2PAN,1,2033,0.217
GLOBAL,PWRPETPANXX,CO2PAN,1,2034,0.217
GLOBAL,PWRPETPANXX,CO2PAN,1,2035,0.217
GLOBAL,PWRPETPANXX,CO2PAN,1,2036,0.217
GLOBAL,PWRPETPANXX,CO2PAN,1,2037,0.217
GLOBAL,PWRPETPANXX,CO2PAN,1,2038,0.217
GLOBAL,PWRPETPANXX,CO2PAN,1,2039,0.217
GLOBAL,PWRPETPANXX,CO2PAN,1,2040,0.217
GLOBAL,PWRPETPANXX,CO2PAN,1,2041,0.217
GLOBAL,PWRPETPANXX,CO2PAN,1,2042,0.217
GLOBAL,PWRPETPANXX,CO2PAN,1,2043,0.217
GLOBAL,PWRPETPANXX,CO2PAN,1,2044,0.217
GLOBAL,PWRPETPANXX,CO2PAN,1,2045,0.217
GLOBAL,PWRPETPANXX,CO2PAN,1,2046,0.217
GLOBAL,PWRPETPANXX,CO2PAN,1,2047,0.217
GLOBAL,PWRPETPANXX,CO2PAN,1,2048,0.217
GLOBAL,PWRPETPANXX,CO2PAN,1,2049,0.217
GLOBAL,PWRPETPANXX,CO2PAN,1,2050,0.217
GLOBAL,PWRPETPANXX,CO2PAN,2,2023,0.217
GLOBAL,PWRPETPANXX,CO2PAN,2,2024,0.217
GLOBAL,PWRPETPANXX,CO2PAN,2,2025,0.217
GLOBAL,PWRPETPANXX,CO2PAN,2,2026,0.217
GLOBAL,PWRPETPANXX,CO2PAN,2,2027,0.217
GLOBAL,PWRPETPANXX,CO2PAN,2,2028,0.217
GLOBAL,PWRPETPANXX,CO2PAN,2,2029,0.217
GLOBAL,PWRPETPANXX,CO2PAN,2,2030,0.217
GLOBAL,PWRPETPANXX,CO2PAN,2,2031,0.217
GLOBAL,PWRPETPANXX,CO2PAN,2,2032,0.217
GLOBAL,PWRPETPANXX,CO2PAN,2,2033,0.217
GLOBAL,PWRPETPANXX,CO2PAN,2,2034,0.217
GLOBAL,PWRPETPANXX,CO2PAN,2,2035,0.217
GLOBAL,PWRPETPANXX,CO2PAN,2,2036,0.217
GLOBAL,PWRPETPANXX,CO2PAN,2,2037,0.217
GLOBAL,PWRPETPANXX,CO2PAN,2,2038,0.217
GLOBAL,PWRPETPANXX,CO2PAN,2,2039,0.217
GLOBAL,PWRPETPANXX,CO2PAN,2,2040,0.217
GLOBAL,PWRPETPANXX,CO2PAN,2,2041,0.217
GLOBAL,PWRPETPANXX,CO2PAN,2,2042,0.217
GLOBAL,PWRPETPANXX,CO2PAN,2,2043,0.217
GLOBAL,PWRPETPANXX,CO2PAN,2,2044,0.217
GLOBAL,PWRPETPANXX,CO2PAN,2,2045,0.217
GLOBAL,PWRPETPANXX,CO2PAN,2,2046,0.217
GLOBAL,PWRPETPANXX,CO2PAN,2,2047,0.217
GLOBAL,PWRPETPANXX,CO2PAN,2,2048,0.217
GLOBAL,PWRPETPANXX,CO2PAN,2,2049,0.217
GLOBAL,PWRPETPANXX,CO2PAN,2,2050,0.217
GLOBAL,PWRPETPERXX,CO2PER,1,2023,0.217
GLOBAL,PWRPETPERXX,CO2PER,1,2024,0.217
GLOBAL,PWRPETPERXX,CO2PER,1,2025,0.217
GLOBAL,PWRPETPERXX,CO2PER,1,2026,0.217
GLOBAL,PWRPETPERXX,CO2PER,1,2027,0.217
GLOBAL,PWRPETPERXX,CO2PER,1,2028,0.217
GLOBAL,PWRPETPERXX,CO2PER,1,2029,0.217
GLOBAL,PWRPETPERXX,CO2PER,1,2030,0.217
GLOBAL,PWRPETPERXX,CO2PER,1,2031,0.217
GLOBAL,PWRPETPERXX,CO2PER,1,2032,0.217
GLOBAL,PWRPETPERXX,CO2PER,1,2033,0.217
GLOBAL,PWRPETPERXX,CO2PER,1,2034,0.217
GLOBAL,PWRPETPERXX,CO2PER,1,2035,0.217
GLOBAL,PWRPETPERXX,CO2PER,1,2036,0.217
GLOBAL,PWRPETPERXX,CO2PER,1,2037,0.217
GLOBAL,PWRPETPERXX,CO2PER,1,2038,0.217
GLOBAL,PWRPETPERXX,CO2PER,1,2039,0.217
GLOBAL,PWRPETPERXX,CO2PER,1,2040,0.217
GLOBAL,PWRPETPERXX,CO2PER,1,2041,0.217
GLOBAL,PWRPETPERXX,CO2PER,1,2042,0.217
GLOBAL,PWRPETPERXX,CO2PER,1,2043,0.217
GLOBAL,PWRPETPERXX,CO2PER,1,2044,0.217
GLOBAL,PWRPETPERXX,CO2PER,1,2045,0.217
GLOBAL,PWRPETPERXX,CO2PER,1,2046,0.217
GLOBAL,PWRPETPERXX,CO2PER,1,2047,0.217
GLOBAL,PWRPETPERXX,CO2PER,1,2048,0.217
GLOBAL,PWRPETPERXX,CO2PER,1,2049,0.217
GLOBAL,PWRPETPERXX,CO2PER,1,2050,0.217
GLOBAL,PWRPETPERXX,CO2PER,2,2023,0.217
GLOBAL,PWRPETPERXX,CO2PER,2,2024,0.217
GLOBAL,PWRPETPERXX,CO2PER,2,2025,0.217
GLOBAL,PWRPETPERXX,CO2PER,2,2026,0.217
GLOBAL,PWRPETPERXX,CO2PER,2,2027,0.217
GLOBAL,PWRPETPERXX,CO2PER,2,2028,0.217
GLOBAL,PWRPETPERXX,CO2PER,2,2029,0.217
GLOBAL,PWRPETPERXX,CO2PER,2,2030,0.217
GLOBAL,PWRPETPERXX,CO2PER,2,2031,0.217
GLOBAL,PWRPETPERXX,CO2PER,2,2032,0.217
GLOBAL,PWRPETPERXX,CO2PER,2,2033,0.217
GLOBAL,PWRPETPERXX,CO2PER,2,2034,0.217
GLOBAL,PWRPETPERXX,CO2PER,2,2035,0.217
GLOBAL,PWRPETPERXX,CO2PER,2,2036,0.217
GLOBAL,PWRPETPERXX,CO2PER,2,2037,0.217
GLOBAL,PWRPETPERXX,CO2PER,2,2038,0.217
GLOBAL,PWRPETPERXX,CO2PER,2,2039,0.217
GLOBAL,PWRPETPERXX,CO2PER,2,2040,0.217
GLOBAL,PWRPETPERXX,CO2PER,2,2041,0.217
GLOBAL,PWRPETPERXX,CO2PER,2,2042,0.217
GLOBAL,PWRPETPERXX,CO2PER,2,2043,0.217
GLOBAL,PWRPETPERXX,CO2PER,2,2044,0.217
GLOBAL,PWRPETPERXX,CO2PER,2,2045,0.217
GLOBAL,PWRPETPERXX,CO2PER,2,2046,0.217
GLOBAL,PWRPETPERXX,CO2PER,2,2047,0.217
GLOBAL,PWRPETPERXX,CO2PER,2,2048,0.217
GLOBAL,PWRPETPERXX,CO2PER,2,2049,0.217
GLOBAL,PWRPETPERXX,CO2PER,2,2050,0.217
GLOBAL,PWRPETPRYXX,CO2PRY,1,2023,0.217
GLOBAL,PWRPETPRYXX,CO2PRY,1,2024,0.217
GLOBAL,PWRPETPRYXX,CO2PRY,1,2025,0.217
GLOBAL,PWRPETPRYXX,CO2PRY,1,2026,0.217
GLOBAL,PWRPETPRYXX,CO2PRY,1,2027,0.217
GLOBAL,PWRPETPRYXX,CO2PRY,1,2028,0.217
GLOBAL,PWRPETPRYXX,CO2PRY,1,2029,0.217
GLOBAL,PWRPETPRYXX,CO2PRY,1,2030,0.217
GLOBAL,PWRPETPRYXX,CO2PRY,1,2031,0.217
GLOBAL,PWRPETPRYXX,CO2PRY,1,2032,0.217
GLOBAL,PWRPETPRYXX,CO2PRY,1,2033,0.217
GLOBAL,PWRPETPRYXX,CO2PRY,1,2034,0.217
GLOBAL,PWRPETPRYXX,CO2PRY,1,2035,0.217
GLOBAL,PWRPETPRYXX,CO2PRY,1,2036,0.217
GLOBAL,PWRPETPRYXX,CO2PRY,1,2037,0.217
GLOBAL,PWRPETPRYXX,CO2PRY,1,2038,0.217
GLOBAL,PWRPETPRYXX,CO2PRY,1,2039,0.217
GLOBAL,PWRPETPRYXX,CO2PRY,1,2040,0.217
GLOBAL,PWRPETPRYXX,CO2PRY,1,2041,0.217
GLOBAL,PWRPETPRYXX,CO2PRY,1,2042,0.217
GLOBAL,PWRPETPRYXX,CO2PRY,1,2043,0.217
GLOBAL,PWRPETPRYXX,CO2PRY,1,2044,0.217
GLOBAL,PWRPETPRYXX,CO2PRY,1,2045,0.217
GLOBAL,PWRPETPRYXX,CO2PRY,1,2046,0.217
GLOBAL,PWRPETPRYXX,CO2PRY,1,2047,0.217
GLOBAL,PWRPETPRYXX,CO2PRY,1,2048,0.217
GLOBAL,PWRPETPRYXX,CO2PRY,1,2049,0.217
GLOBAL,PWRPETPRYXX,CO2PRY,1,2050,0.217
GLOBAL,PWRPETPRYXX,CO2PRY,2,2023,0.217
GLOBAL,PWRPETPRYXX,CO2PRY,2,2024,0.217
GLOBAL,PWRPETPRYXX,CO2PRY,2,2025,0.217
GLOBAL,PWRPETPRYXX,CO2PRY,2,2026,0.217
GLOBAL,PWRPETPRYXX,CO2PRY,2,2027,0.217
GLOBAL,PWRPETPRYXX,CO2PRY,2,2028,0.217
GLOBAL,PWRPETPRYXX,CO2PRY,2,2029,0.217
GLOBAL,PWRPETPRYXX,CO2PRY,2,2030,0.217
GLOBAL,PWRPETPRYXX,CO2PRY,2,2031,0.217
GLOBAL,PWRPETPRYXX,CO2PRY,2,2032,0.217
GLOBAL,PWRPETPRYXX,CO2PRY,2,2033,0.217
GLOBAL,PWRPETPRYXX,CO2PRY,2,2034,0.217
GLOBAL,PWRPETPRYXX,CO2PRY,2,2035,0.217
GLOBAL,PWRPETPRYXX,CO2PRY,2,2036,0.217
GLOBAL,PWRPETPRYXX,CO2PRY,2,2037,0.217
GLOBAL,PWRPETPRYXX,CO2PRY,2,2038,0.217
GLOBAL,PWRPETPRYXX,CO2PRY,2,2039,0.217
GLOBAL,PWRPETPRYXX,CO2PRY,2,2040,0.217
GLOBAL,PWRPETPRYXX,CO2PRY,2,2041,0.217
GLOBAL,PWRPETPRYXX,CO2PRY,2,2042,0.217
GLOBAL,PWRPETPRYXX,CO2PRY,2,2043,0.217
GLOBAL,PWRPETPRYXX,CO2PRY,2,2044,0.217
GLOBAL,PWRPETPRYXX,CO2PRY,2,2045,0.217
GLOBAL,PWRPETPRYXX,CO2PRY,2,2046,0.217
GLOBAL,PWRPETPRYXX,CO2PRY,2,2047,0.217
GLOBAL,PWRPETPRYXX,CO2PRY,2,2048,0.217
GLOBAL,PWRPETPRYXX,CO2PRY,2,2049,0.217
GLOBAL,PWRPETPRYXX,CO2PRY,2,2050,0.217
GLOBAL,PWRPETSLVXX,CO2SLV,1,2023,0.217
GLOBAL,PWRPETSLVXX,CO2SLV,1,2024,0.217
GLOBAL,PWRPETSLVXX,CO2SLV,1,2025,0.217
GLOBAL,PWRPETSLVXX,CO2SLV,1,2026,0.217
GLOBAL,PWRPETSLVXX,CO2SLV,1,2027,0.217
GLOBAL,PWRPETSLVXX,CO2SLV,1,2028,0.217
GLOBAL,PWRPETSLVXX,CO2SLV,1,2029,0.217
GLOBAL,PWRPETSLVXX,CO2SLV,1,2030,0.217
GLOBAL,PWRPETSLVXX,CO2SLV,1,2031,0.217
GLOBAL,PWRPETSLVXX,CO2SLV,1,2032,0.217
GLOBAL,PWRPETSLVXX,CO2SLV,1,2033,0.217
GLOBAL,PWRPETSLVXX,CO2SLV,1,2034,0.217
GLOBAL,PWRPETSLVXX,CO2SLV,1,2035,0.217
GLOBAL,PWRPETSLVXX,CO2SLV,1,2036,0.217
GLOBAL,PWRPETSLVXX,CO2SLV,1,2037,0.217
GLOBAL,PWRPETSLVXX,CO2SLV,1,2038,0.217
GLOBAL,PWRPETSLVXX,CO2SLV,1,2039,0.217
GLOBAL,PWRPETSLVXX,CO2SLV,1,2040,0.217
GLOBAL,PWRPETSLVXX,CO2SLV,1,2041,0.217
GLOBAL,PWRPETSLVXX,CO2SLV,1,2042,0.217
GLOBAL,PWRPETSLVXX,CO2SLV,1,2043,0.217
GLOBAL,PWRPETSLVXX,CO2SLV,1,2044,0.217
GLOBAL,PWRPETSLVXX,CO2SLV,1,2045,0.217
GLOBAL,PWRPETSLVXX,CO2SLV,1,2046,0.217
GLOBAL,PWRPETSLVXX,CO2SLV,1,2047,0.217
GLOBAL,PWRPETSLVXX,CO2SLV,1,2048,0.217
GLOBAL,PWRPETSLVXX,CO2SLV,1,2049,0.217
GLOBAL,PWRPETSLVXX,CO2SLV,1,2050,0.217
GLOBAL,PWRPETSLVXX,CO2SLV,2,2023,0.217
GLOBAL,PWRPETSLVXX,CO2SLV,2,2024,0.217
GLOBAL,PWRPETSLVXX,CO2SLV,2,2025,0.217
GLOBAL,PWRPETSLVXX,CO2SLV,2,2026,0.217
GLOBAL,PWRPETSLVXX,CO2SLV,2,2027,0.217
GLOBAL,PWRPETSLVXX,CO2SLV,2,2028,0.217
GLOBAL,PWRPETSLVXX,CO2SLV,2,2029,0.217
GLOBAL,PWRPETSLVXX,CO2SLV,2,2030,0.217
GLOBAL,PWRPETSLVXX,CO2SLV,2,2031,0.217
GLOBAL,PWRPETSLVXX,CO2SLV,2,2032,0.217
GLOBAL,PWRPETSLVXX,CO2SLV,2,2033,0.217
GLOBAL,PWRPETSLVXX,CO2SLV,2,2034,0.217
GLOBAL,PWRPETSLVXX,CO2SLV,2,2035,0.217
GLOBAL,PWRPETSLVXX,CO2SLV,2,2036,0.217
GLOBAL,PWRPETSLVXX,CO2SLV,2,2037,0.217
GLOBAL,PWRPETSLVXX,CO2SLV,2,2038,0.217
GLOBAL,PWRPETSLVXX,CO2SLV,2,2039,0.217
GLOBAL,PWRPETSLVXX,CO2SLV,2,2040,0.217
GLOBAL,PWRPETSLVXX,CO2SLV,2,2041,0.217
GLOBAL,PWRPETSLVXX,CO2SLV,2,2042,0.217
GLOBAL,PWRPETSLVXX,CO2SLV,2,2043,0.217
GLOBAL,PWRPETSLVXX,CO2SLV,2,2044,0.217
GLOBAL,PWRPETSLVXX,CO2SLV,2,2045,0.217
GLOBAL,PWRPETSLVXX,CO2SLV,2,2046,0.217
GLOBAL,PWRPETSLVXX,CO2SLV,2,2047,0.217
GLOBAL,PWRPETSLVXX,CO2SLV,2,2048,0.217
GLOBAL,PWRPETSLVXX,CO2SLV,2,2049,0.217
GLOBAL,PWRPETSLVXX,CO2SLV,2,2050,0.217
GLOBAL,PWRPETURYXX,CO2URY,1,2023,0.217
GLOBAL,PWRPETURYXX,CO2URY,1,2024,0.217
GLOBAL,PWRPETURYXX,CO2URY,1,2025,0.217
GLOBAL,PWRPETURYXX,CO2URY,1,2026,0.217
GLOBAL,PWRPETURYXX,CO2URY,1,2027,0.217
GLOBAL,PWRPETURYXX,CO2URY,1,2028,0.217
GLOBAL,PWRPETURYXX,CO2URY,1,2029,0.217
GLOBAL,PWRPETURYXX,CO2URY,1,2030,0.217
GLOBAL,PWRPETURYXX,CO2URY,1,2031,0.217
GLOBAL,PWRPETURYXX,CO2URY,1,2032,0.217
GLOBAL,PWRPETURYXX,CO2URY,1,2033,0.217
GLOBAL,PWRPETURYXX,CO2URY,1,2034,0.217
GLOBAL,PWRPETURYXX,CO2URY,1,2035,0.217
GLOBAL,PWRPETURYXX,CO2URY,1,2036,0.217
GLOBAL,PWRPETURYXX,CO2URY,1,2037,0.217
GLOBAL,PWRPETURYXX,CO2URY,1,2038,0.217
GLOBAL,PWRPETURYXX,CO2URY,1,2039,0.217
GLOBAL,PWRPETURYXX,CO2URY,1,2040,0.217
GLOBAL,PWRPETURYXX,CO2URY,1,2041,0.217
GLOBAL,PWRPETURYXX,CO2URY,1,2042,0.217
GLOBAL,PWRPETURYXX,CO2URY,1,2043,0.217
GLOBAL,PWRPETURYXX,CO2URY,1,2044,0.217
GLOBAL,PWRPETURYXX,CO2URY,1,2045,0.217
GLOBAL,PWRPETURYXX,CO2URY,1,2046,0.217
GLOBAL,PWRPETURYXX,CO2URY,1,2047,0.217
GLOBAL,PWRPETURYXX,CO2URY,1,2048,0.217
GLOBAL,PWRPETURYXX,CO2URY,1,2049,0.217
GLOBAL,PWRPETURYXX,CO2URY,1,2050,0.217
GLOBAL,PWRPETURYXX,CO2URY,2,2023,0.217
GLOBAL,PWRPETURYXX,CO2URY,2,2024,0.217
GLOBAL,PWRPETURYXX,CO2URY,2,2025,0.217
GLOBAL,PWRPETURYXX,CO2URY,2,2026,0.217
GLOBAL,PWRPETURYXX,CO2URY,2,2027,0.217
GLOBAL,PWRPETURYXX,CO2URY,2,2028,0.217
GLOBAL,PWRPETURYXX,CO2URY,2,2029,0.217
GLOBAL,PWRPETURYXX,CO2URY,2,2030,0.217
GLOBAL,PWRPETURYXX,CO2URY,2,2031,0.217
GLOBAL,PWRPETURYXX,CO2URY,2,2032,0.217
GLOBAL,PWRPETURYXX,CO2URY,2,2033,0.217
GLOBAL,PWRPETURYXX,CO2URY,2,2034,0.217
GLOBAL,PWRPETURYXX,CO2URY,2,2035,0.217
GLOBAL,PWRPETURYXX,CO2URY,2,2036,0.217
GLOBAL,PWRPETURYXX,CO2URY,2,2037,0.217
GLOBAL,PWRPETURYXX,CO2URY,2,2038,0.217
GLOBAL,PWRPETURYXX,CO2URY,2,2039,0.217
GLOBAL,PWRPETURYXX,CO2URY,2,2040,0.217
GLOBAL,PWRPETURYXX,CO2URY,2,2041,0.217
GLOBAL,PWRPETURYXX,CO2URY,2,2042,0.217
GLOBAL,PWRPETURYXX,CO2URY,2,2043,0.217
GLOBAL,PWRPETURYXX,CO2URY,2,2044,0.217
GLOBAL,PWRPETURYXX,CO2URY,2,2045,0.217
GLOBAL,PWRPETURYXX,CO2URY,2,2046,0.217
GLOBAL,PWRPETURYXX,CO2URY,2,2047,0.217
GLOBAL,PWRPETURYXX,CO2URY,2,2048,0.217
GLOBAL,PWRPETURYXX,CO2URY,2,2049,0.217
GLOBAL,PWRPETURYXX,CO2URY,2,2050,0.217
GLOBAL,PWRWASARGXX,CO2ARG,1,2023,0.0879
GLOBAL,PWRWASARGXX,CO2ARG,1,2024,0.0879
GLOBAL,PWRWASARGXX,CO2ARG,1,2025,0.0879
GLOBAL,PWRWASARGXX,CO2ARG,1,2026,0.0879
GLOBAL,PWRWASARGXX,CO2ARG,1,2027,0.0879
GLOBAL,PWRWASARGXX,CO2ARG,1,2028,0.0879
GLOBAL,PWRWASARGXX,CO2ARG,1,2029,0.0879
GLOBAL,PWRWASARGXX,CO2ARG,1,2030,0.0879
GLOBAL,PWRWASARGXX,CO2ARG,1,2031,0.0879
GLOBAL,PWRWASARGXX,CO2ARG,1,2032,0.0879
GLOBAL,PWRWASARGXX,CO2ARG,1,2033,0.0879
GLOBAL,PWRWASARGXX,CO2ARG,1,2034,0.0879
GLOBAL,PWRWASARGXX,CO2ARG,1,2035,0.0879
GLOBAL,PWRWASARGXX,CO2ARG,1,2036,0.0879
GLOBAL,PWRWASARGXX,CO2ARG,1,2037,0.0879
GLOBAL,PWRWASARGXX,CO2ARG,1,2038,0.0879
GLOBAL,PWRWASARGXX,CO2ARG,1,2039,0.0879
GLOBAL,PWRWASARGXX,CO2ARG,1,2040,0.0879
GLOBAL,PWRWASARGXX,CO2ARG,1,2041,0.0879
GLOBAL,PWRWASARGXX,CO2ARG,1,2042,0.0879
GLOBAL,PWRWASARGXX,CO2ARG,1,2043,0.0879
GLOBAL,PWRWASARGXX,CO2ARG,1,2044,0.0879
GLOBAL,PWRWASARGXX,CO2ARG,1,2045,0.0879
GLOBAL,PWRWASARGXX,CO2ARG,1,2046,0.0879
GLOBAL,PWRWASARGXX,CO2ARG,1,2047,0.0879
GLOBAL,PWRWASARGXX,CO2ARG,1,2048,0.0879
GLOBAL,PWRWASARGXX,CO2ARG,1,2049,0.0879
GLOBAL,PWRWASARGXX,CO2ARG,1,2050,0.0879
GLOBAL,PWRWASBOLXX,CO2BOL,1,2023,0.0879
GLOBAL,PWRWASBOLXX,CO2BOL,1,2024,0.0879
GLOBAL,PWRWASBOLXX,CO2BOL,1,2025,0.0879
GLOBAL,PWRWASBOLXX,CO2BOL,1,2026,0.0879
GLOBAL,PWRWASBOLXX,CO2BOL,1,2027,0.0879
GLOBAL,PWRWASBOLXX,CO2BOL,1,2028,0.0879
GLOBAL,PWRWASBOLXX,CO2BOL,1,2029,0.0879
GLOBAL,PWRWASBOLXX,CO2BOL,1,2030,0.0879
GLOBAL,PWRWASBOLXX,CO2BOL,1,2031,0.0879
GLOBAL,PWRWASBOLXX,CO2BOL,1,2032,0.0879
GLOBAL,PWRWASBOLXX,CO2BOL,1,2033,0.0879
GLOBAL,PWRWASBOLXX,CO2BOL,1,2034,0.0879
GLOBAL,PWRWASBOLXX,CO2BOL,1,2035,0.0879
GLOBAL,PWRWASBOLXX,CO2BOL,1,2036,0.0879
GLOBAL,PWRWASBOLXX,CO2BOL,1,2037,0.0879
GLOBAL,PWRWASBOLXX,CO2BOL,1,2038,0.0879
GLOBAL,PWRWASBOLXX,CO2BOL,1,2039,0.0879
GLOBAL,PWRWASBOLXX,CO2BOL,1,2040,0.0879
GLOBAL,PWRWASBOLXX,CO2BOL,1,2041,0.0879
GLOBAL,PWRWASBOLXX,CO2BOL,1,2042,0.0879
GLOBAL,PWRWASBOLXX,CO2BOL,1,2043,0.0879
GLOBAL,PWRWASBOLXX,CO2BOL,1,2044,0.0879
GLOBAL,PWRWASBOLXX,CO2BOL,1,2045,0.0879
GLOBAL,PWRWASBOLXX,CO2BOL,1,2046,0.0879
GLOBAL,PWRWASBOLXX,CO2BOL,1,2047,0.0879
GLOBAL,PWRWASBOLXX,CO2BOL,1,2048,0.0879
GLOBAL,PWRWASBOLXX,CO2BOL,1,2049,0.0879
GLOBAL,PWRWASBOLXX,CO2BOL,1,2050,0.0879
GLOBAL,PWRWASBRAXX,CO2BRA,1,2023,0.0879
GLOBAL,PWRWASBRAXX,CO2BRA,1,2024,0.0879
GLOBAL,PWRWASBRAXX,CO2BRA,1,2025,0.0879
GLOBAL,PWRWASBRAXX,CO2BRA,1,2026,0.0879
GLOBAL,PWRWASBRAXX,CO2BRA,1,2027,0.0879
GLOBAL,PWRWASBRAXX,CO2BRA,1,2028,0.0879
GLOBAL,PWRWASBRAXX,CO2BRA,1,2029,0.0879
GLOBAL,PWRWASBRAXX,CO2BRA,1,2030,0.0879
GLOBAL,PWRWASBRAXX,CO2BRA,1,2031,0.0879
GLOBAL,PWRWASBRAXX,CO2BRA,1,2032,0.0879
GLOBAL,PWRWASBRAXX,CO2BRA,1,2033,0.0879
GLOBAL,PWRWASBRAXX,CO2BRA,1,2034,0.0879
GLOBAL,PWRWASBRAXX,CO2BRA,1,2035,0.0879
GLOBAL,PWRWASBRAXX,CO2BRA,1,2036,0.0879
GLOBAL,PWRWASBRAXX,CO2BRA,1,2037,0.0879
GLOBAL,PWRWASBRAXX,CO2BRA,1,2038,0.0879
GLOBAL,PWRWASBRAXX,CO2BRA,1,2039,0.0879
GLOBAL,PWRWASBRAXX,CO2BRA,1,2040,0.0879
GLOBAL,PWRWASBRAXX,CO2BRA,1,2041,0.0879
GLOBAL,PWRWASBRAXX,CO2BRA,1,2042,0.0879
GLOBAL,PWRWASBRAXX,CO2BRA,1,2043,0.0879
GLOBAL,PWRWASBRAXX,CO2BRA,1,2044,0.0879
GLOBAL,PWRWASBRAXX,CO2BRA,1,2045,0.0879
GLOBAL,PWRWASBRAXX,CO2BRA,1,2046,0.0879
GLOBAL,PWRWASBRAXX,CO2BRA,1,2047,0.0879
GLOBAL,PWRWASBRAXX,CO2BRA,1,2048,0.0879
GLOBAL,PWRWASBRAXX,CO2BRA,1,2049,0.0879
GLOBAL,PWRWASBRAXX,CO2BRA,1,2050,0.0879
GLOBAL,PWRWASBRBXX,CO2BRB,1,2023,0.0879
GLOBAL,PWRWASBRBXX,CO2BRB,1,2024,0.0879
GLOBAL,PWRWASBRBXX,CO2BRB,1,2025,0.0879
GLOBAL,PWRWASBRBXX,CO2BRB,1,2026,0.0879
GLOBAL,PWRWASBRBXX,CO2BRB,1,2027,0.0879
GLOBAL,PWRWASBRBXX,CO2BRB,1,2028,0.0879
GLOBAL,PWRWASBRBXX,CO2BRB,1,2029,0.0879
GLOBAL,PWRWASBRBXX,CO2BRB,1,2030,0.0879
GLOBAL,PWRWASBRBXX,CO2BRB,1,2031,0.0879
GLOBAL,PWRWASBRBXX,CO2BRB,1,2032,0.0879
GLOBAL,PWRWASBRBXX,CO2BRB,1,2033,0.0879
GLOBAL,PWRWASBRBXX,CO2BRB,1,2034,0.0879
GLOBAL,PWRWASBRBXX,CO2BRB,1,2035,0.0879
GLOBAL,PWRWASBRBXX,CO2BRB,1,2036,0.0879
GLOBAL,PWRWASBRBXX,CO2BRB,1,2037,0.0879
GLOBAL,PWRWASBRBXX,CO2BRB,1,2038,0.0879
GLOBAL,PWRWASBRBXX,CO2BRB,1,2039,0.0879
GLOBAL,PWRWASBRBXX,CO2BRB,1,2040,0.0879
GLOBAL,PWRWASBRBXX,CO2BRB,1,2041,0.0879
GLOBAL,PWRWASBRBXX,CO2BRB,1,2042,0.0879
GLOBAL,PWRWASBRBXX,CO2BRB,1,2043,0.0879
GLOBAL,PWRWASBRBXX,CO2BRB,1,2044,0.0879
GLOBAL,PWRWASBRBXX,CO2BRB,1,2045,0.0879
GLOBAL,PWRWASBRBXX,CO2BRB,1,2046,0.0879
GLOBAL,PWRWASBRBXX,CO2BRB,1,2047,0.0879
GLOBAL,PWRWASBRBXX,CO2BRB,1,2048,0.0879
GLOBAL,PWRWASBRBXX,CO2BRB,1,2049,0.0879
GLOBAL,PWRWASBRBXX,CO2BRB,1,2050,0.0879
GLOBAL,PWRWASCHLXX,CO2CHL,1,2023,0.0879
GLOBAL,PWRWASCHLXX,CO2CHL,1,2024,0.0879
GLOBAL,PWRWASCHLXX,CO2CHL,1,2025,0.0879
GLOBAL,PWRWASCHLXX,CO2CHL,1,2026,0.0879
GLOBAL,PWRWASCHLXX,CO2CHL,1,2027,0.0879
GLOBAL,PWRWASCHLXX,CO2CHL,1,2028,0.0879
GLOBAL,PWRWASCHLXX,CO2CHL,1,2029,0.0879
GLOBAL,PWRWASCHLXX,CO2CHL,1,2030,0.0879
GLOBAL,PWRWASCHLXX,CO2CHL,1,2031,0.0879
GLOBAL,PWRWASCHLXX,CO2CHL,1,2032,0.0879
GLOBAL,PWRWASCHLXX,CO2CHL,1,2033,0.0879
GLOBAL,PWRWASCHLXX,CO2CHL,1,2034,0.0879
GLOBAL,PWRWASCHLXX,CO2CHL,1,2035,0.0879
GLOBAL,PWRWASCHLXX,CO2CHL,1,2036,0.0879
GLOBAL,PWRWASCHLXX,CO2CHL,1,2037,0.0879
GLOBAL,PWRWASCHLXX,CO2CHL,1,2038,0.0879
GLOBAL,PWRWASCHLXX,CO2CHL,1,2039,0.0879
GLOBAL,PWRWASCHLXX,CO2CHL,1,2040,0.0879
GLOBAL,PWRWASCHLXX,CO2CHL,1,2041,0.0879
GLOBAL,PWRWASCHLXX,CO2CHL,1,2042,0.0879
GLOBAL,PWRWASCHLXX,CO2CHL,1,2043,0.0879
GLOBAL,PWRWASCHLXX,CO2CHL,1,2044,0.0879
GLOBAL,PWRWASCHLXX,CO2CHL,1,2045,0.0879
GLOBAL,PWRWASCHLXX,CO2CHL,1,2046,0.0879
GLOBAL,PWRWASCHLXX,CO2CHL,1,2047,0.0879
GLOBAL,PWRWASCHLXX,CO2CHL,1,2048,0.0879
GLOBAL,PWRWASCHLXX,CO2CHL,1,2049,0.0879
GLOBAL,PWRWASCHLXX,CO2CHL,1,2050,0.0879
GLOBAL,PWRWASCOLXX,CO2COL,1,2023,0.0879
GLOBAL,PWRWASCOLXX,CO2COL,1,2024,0.0879
GLOBAL,PWRWASCOLXX,CO2COL,1,2025,0.0879
GLOBAL,PWRWASCOLXX,CO2COL,1,2026,0.0879
GLOBAL,PWRWASCOLXX,CO2COL,1,2027,0.0879
GLOBAL,PWRWASCOLXX,CO2COL,1,2028,0.0879
GLOBAL,PWRWASCOLXX,CO2COL,1,2029,0.0879
GLOBAL,PWRWASCOLXX,CO2COL,1,2030,0.0879
GLOBAL,PWRWASCOLXX,CO2COL,1,2031,0.0879
GLOBAL,PWRWASCOLXX,CO2COL,1,2032,0.0879
GLOBAL,PWRWASCOLXX,CO2COL,1,2033,0.0879
GLOBAL,PWRWASCOLXX,CO2COL,1,2034,0.0879
GLOBAL,PWRWASCOLXX,CO2COL,1,2035,0.0879
GLOBAL,PWRWASCOLXX,CO2COL,1,2036,0.0879
GLOBAL,PWRWASCOLXX,CO2COL,1,2037,0.0879
GLOBAL,PWRWASCOLXX,CO2COL,1,2038,0.0879
GLOBAL,PWRWASCOLXX,CO2COL,1,2039,0.0879
GLOBAL,PWRWASCOLXX,CO2COL,1,2040,0.0879
GLOBAL,PWRWASCOLXX,CO2COL,1,2041,0.0879
GLOBAL,PWRWASCOLXX,CO2COL,1,2042,0.0879
GLOBAL,PWRWASCOLXX,CO2COL,1,2043,0.0879
GLOBAL,PWRWASCOLXX,CO2COL,1,2044,0.0879
GLOBAL,PWRWASCOLXX,CO2COL,1,2045,0.0879
GLOBAL,PWRWASCOLXX,CO2COL,1,2046,0.0879
GLOBAL,PWRWASCOLXX,CO2COL,1,2047,0.0879
GLOBAL,PWRWASCOLXX,CO2COL,1,2048,0.0879
GLOBAL,PWRWASCOLXX,CO2COL,1,2049,0.0879
GLOBAL,PWRWASCOLXX,CO2COL,1,2050,0.0879
GLOBAL,PWRWASCRIXX,CO2CRI,1,2023,0.0879
GLOBAL,PWRWASCRIXX,CO2CRI,1,2024,0.0879
GLOBAL,PWRWASCRIXX,CO2CRI,1,2025,0.0879
GLOBAL,PWRWASCRIXX,CO2CRI,1,2026,0.0879
GLOBAL,PWRWASCRIXX,CO2CRI,1,2027,0.0879
GLOBAL,PWRWASCRIXX,CO2CRI,1,2028,0.0879
GLOBAL,PWRWASCRIXX,CO2CRI,1,2029,0.0879
GLOBAL,PWRWASCRIXX,CO2CRI,1,2030,0.0879
GLOBAL,PWRWASCRIXX,CO2CRI,1,2031,0.0879
GLOBAL,PWRWASCRIXX,CO2CRI,1,2032,0.0879
GLOBAL,PWRWASCRIXX,CO2CRI,1,2033,0.0879
GLOBAL,PWRWASCRIXX,CO2CRI,1,2034,0.0879
GLOBAL,PWRWASCRIXX,CO2CRI,1,2035,0.0879
GLOBAL,PWRWASCRIXX,CO2CRI,1,2036,0.0879
GLOBAL,PWRWASCRIXX,CO2CRI,1,2037,0.0879
GLOBAL,PWRWASCRIXX,CO2CRI,1,2038,0.0879
GLOBAL,PWRWASCRIXX,CO2CRI,1,2039,0.0879
GLOBAL,PWRWASCRIXX,CO2CRI,1,2040,0.0879
GLOBAL,PWRWASCRIXX,CO2CRI,1,2041,0.0879
GLOBAL,PWRWASCRIXX,CO2CRI,1,2042,0.0879
GLOBAL,PWRWASCRIXX,CO2CRI,1,2043,0.0879
GLOBAL,PWRWASCRIXX,CO2CRI,1,2044,0.0879
GLOBAL,PWRWASCRIXX,CO2CRI,1,2045,0.0879
GLOBAL,PWRWASCRIXX,CO2CRI,1,2046,0.0879
GLOBAL,PWRWASCRIXX,CO2CRI,1,2047,0.0879
GLOBAL,PWRWASCRIXX,CO2CRI,1,2048,0.0879
GLOBAL,PWRWASCRIXX,CO2CRI,1,2049,0.0879
GLOBAL,PWRWASCRIXX,CO2CRI,1,2050,0.0879
GLOBAL,PWRWASDOMXX,CO2DOM,1,2023,0.0879
GLOBAL,PWRWASDOMXX,CO2DOM,1,2024,0.0879
GLOBAL,PWRWASDOMXX,CO2DOM,1,2025,0.0879
GLOBAL,PWRWASDOMXX,CO2DOM,1,2026,0.0879
GLOBAL,PWRWASDOMXX,CO2DOM,1,2027,0.0879
GLOBAL,PWRWASDOMXX,CO2DOM,1,2028,0.0879
GLOBAL,PWRWASDOMXX,CO2DOM,1,2029,0.0879
GLOBAL,PWRWASDOMXX,CO2DOM,1,2030,0.0879
GLOBAL,PWRWASDOMXX,CO2DOM,1,2031,0.0879
GLOBAL,PWRWASDOMXX,CO2DOM,1,2032,0.0879
GLOBAL,PWRWASDOMXX,CO2DOM,1,2033,0.0879
GLOBAL,PWRWASDOMXX,CO2DOM,1,2034,0.0879
GLOBAL,PWRWASDOMXX,CO2DOM,1,2035,0.0879
GLOBAL,PWRWASDOMXX,CO2DOM,1,2036,0.0879
GLOBAL,PWRWASDOMXX,CO2DOM,1,2037,0.0879
GLOBAL,PWRWASDOMXX,CO2DOM,1,2038,0.0879
GLOBAL,PWRWASDOMXX,CO2DOM,1,2039,0.0879
GLOBAL,PWRWASDOMXX,CO2DOM,1,2040,0.0879
GLOBAL,PWRWASDOMXX,CO2DOM,1,2041,0.0879
GLOBAL,PWRWASDOMXX,CO2DOM,1,2042,0.0879
GLOBAL,PWRWASDOMXX,CO2DOM,1,2043,0.0879
GLOBAL,PWRWASDOMXX,CO2DOM,1,2044,0.0879
GLOBAL,PWRWASDOMXX,CO2DOM,1,2045,0.0879
GLOBAL,PWRWASDOMXX,CO2DOM,1,2046,0.0879
GLOBAL,PWRWASDOMXX,CO2DOM,1,2047,0.0879
GLOBAL,PWRWASDOMXX,CO2DOM,1,2048,0.0879
GLOBAL,PWRWASDOMXX,CO2DOM,1,2049,0.0879
GLOBAL,PWRWASDOMXX,CO2DOM,1,2050,0.0879
GLOBAL,PWRWASECUXX,CO2ECU,1,2023,0.0879
GLOBAL,PWRWASECUXX,CO2ECU,1,2024,0.0879
GLOBAL,PWRWASECUXX,CO2ECU,1,2025,0.0879
GLOBAL,PWRWASECUXX,CO2ECU,1,2026,0.0879
GLOBAL,PWRWASECUXX,CO2ECU,1,2027,0.0879
GLOBAL,PWRWASECUXX,CO2ECU,1,2028,0.0879
GLOBAL,PWRWASECUXX,CO2ECU,1,2029,0.0879
GLOBAL,PWRWASECUXX,CO2ECU,1,2030,0.0879
GLOBAL,PWRWASECUXX,CO2ECU,1,2031,0.0879
GLOBAL,PWRWASECUXX,CO2ECU,1,2032,0.0879
GLOBAL,PWRWASECUXX,CO2ECU,1,2033,0.0879
GLOBAL,PWRWASECUXX,CO2ECU,1,2034,0.0879
GLOBAL,PWRWASECUXX,CO2ECU,1,2035,0.0879
GLOBAL,PWRWASECUXX,CO2ECU,1,2036,0.0879
GLOBAL,PWRWASECUXX,CO2ECU,1,2037,0.0879
GLOBAL,PWRWASECUXX,CO2ECU,1,2038,0.0879
GLOBAL,PWRWASECUXX,CO2ECU,1,2039,0.0879
GLOBAL,PWRWASECUXX,CO2ECU,1,2040,0.0879
GLOBAL,PWRWASECUXX,CO2ECU,1,2041,0.0879
GLOBAL,PWRWASECUXX,CO2ECU,1,2042,0.0879
GLOBAL,PWRWASECUXX,CO2ECU,1,2043,0.0879
GLOBAL,PWRWASECUXX,CO2ECU,1,2044,0.0879
GLOBAL,PWRWASECUXX,CO2ECU,1,2045,0.0879
GLOBAL,PWRWASECUXX,CO2ECU,1,2046,0.0879
GLOBAL,PWRWASECUXX,CO2ECU,1,2047,0.0879
GLOBAL,PWRWASECUXX,CO2ECU,1,2048,0.0879
GLOBAL,PWRWASECUXX,CO2ECU,1,2049,0.0879
GLOBAL,PWRWASECUXX,CO2ECU,1,2050,0.0879
GLOBAL,PWRWASGTMXX,CO2GTM,1,2023,0.0879
GLOBAL,PWRWASGTMXX,CO2GTM,1,2024,0.0879
GLOBAL,PWRWASGTMXX,CO2GTM,1,2025,0.0879
GLOBAL,PWRWASGTMXX,CO2GTM,1,2026,0.0879
GLOBAL,PWRWASGTMXX,CO2GTM,1,2027,0.0879
GLOBAL,PWRWASGTMXX,CO2GTM,1,2028,0.0879
GLOBAL,PWRWASGTMXX,CO2GTM,1,2029,0.0879
GLOBAL,PWRWASGTMXX,CO2GTM,1,2030,0.0879
GLOBAL,PWRWASGTMXX,CO2GTM,1,2031,0.0879
GLOBAL,PWRWASGTMXX,CO2GTM,1,2032,0.0879
GLOBAL,PWRWASGTMXX,CO2GTM,1,2033,0.0879
GLOBAL,PWRWASGTMXX,CO2GTM,1,2034,0.0879
GLOBAL,PWRWASGTMXX,CO2GTM,1,2035,0.0879
GLOBAL,PWRWASGTMXX,CO2GTM,1,2036,0.0879
GLOBAL,PWRWASGTMXX,CO2GTM,1,2037,0.0879
GLOBAL,PWRWASGTMXX,CO2GTM,1,2038,0.0879
GLOBAL,PWRWASGTMXX,CO2GTM,1,2039,0.0879
GLOBAL,PWRWASGTMXX,CO2GTM,1,2040,0.0879
GLOBAL,PWRWASGTMXX,CO2GTM,1,2041,0.0879
GLOBAL,PWRWASGTMXX,CO2GTM,1,2042,0.0879
GLOBAL,PWRWASGTMXX,CO2GTM,1,2043,0.0879
GLOBAL,PWRWASGTMXX,CO2GTM,1,2044,0.0879
GLOBAL,PWRWASGTMXX,CO2GTM,1,2045,0.0879
GLOBAL,PWRWASGTMXX,CO2GTM,1,2046,0.0879
GLOBAL,PWRWASGTMXX,CO2GTM,1,2047,0.0879
GLOBAL,PWRWASGTMXX,CO2GTM,1,2048,0.0879
GLOBAL,PWRWASGTMXX,CO2GTM,1,2049,0.0879
GLOBAL,PWRWASGTMXX,CO2GTM,1,2050,0.0879
GLOBAL,PWRWASHNDXX,CO2HND,1,2023,0.0879
GLOBAL,PWRWASHNDXX,CO2HND,1,2024,0.0879
GLOBAL,PWRWASHNDXX,CO2HND,1,2025,0.0879
GLOBAL,PWRWASHNDXX,CO2HND,1,2026,0.0879
GLOBAL,PWRWASHNDXX,CO2HND,1,2027,0.0879
GLOBAL,PWRWASHNDXX,CO2HND,1,2028,0.0879
GLOBAL,PWRWASHNDXX,CO2HND,1,2029,0.0879
GLOBAL,PWRWASHNDXX,CO2HND,1,2030,0.0879
GLOBAL,PWRWASHNDXX,CO2HND,1,2031,0.0879
GLOBAL,PWRWASHNDXX,CO2HND,1,2032,0.0879
GLOBAL,PWRWASHNDXX,CO2HND,1,2033,0.0879
GLOBAL,PWRWASHNDXX,CO2HND,1,2034,0.0879
GLOBAL,PWRWASHNDXX,CO2HND,1,2035,0.0879
GLOBAL,PWRWASHNDXX,CO2HND,1,2036,0.0879
GLOBAL,PWRWASHNDXX,CO2HND,1,2037,0.0879
GLOBAL,PWRWASHNDXX,CO2HND,1,2038,0.0879
GLOBAL,PWRWASHNDXX,CO2HND,1,2039,0.0879
GLOBAL,PWRWASHNDXX,CO2HND,1,2040,0.0879
GLOBAL,PWRWASHNDXX,CO2HND,1,2041,0.0879
GLOBAL,PWRWASHNDXX,CO2HND,1,2042,0.0879
GLOBAL,PWRWASHNDXX,CO2HND,1,2043,0.0879
GLOBAL,PWRWASHNDXX,CO2HND,1,2044,0.0879
GLOBAL,PWRWASHNDXX,CO2HND,1,2045,0.0879
GLOBAL,PWRWASHNDXX,CO2HND,1,2046,0.0879
GLOBAL,PWRWASHNDXX,CO2HND,1,2047,0.0879
GLOBAL,PWRWASHNDXX,CO2HND,1,2048,0.0879
GLOBAL,PWRWASHNDXX,CO2HND,1,2049,0.0879
GLOBAL,PWRWASHNDXX,CO2HND,1,2050,0.0879
GLOBAL,PWRWASHTIXX,CO2HTI,1,2023,0.0879
GLOBAL,PWRWASHTIXX,CO2HTI,1,2024,0.0879
GLOBAL,PWRWASHTIXX,CO2HTI,1,2025,0.0879
GLOBAL,PWRWASHTIXX,CO2HTI,1,2026,0.0879
GLOBAL,PWRWASHTIXX,CO2HTI,1,2027,0.0879
GLOBAL,PWRWASHTIXX,CO2HTI,1,2028,0.0879
GLOBAL,PWRWASHTIXX,CO2HTI,1,2029,0.0879
GLOBAL,PWRWASHTIXX,CO2HTI,1,2030,0.0879
GLOBAL,PWRWASHTIXX,CO2HTI,1,2031,0.0879
GLOBAL,PWRWASHTIXX,CO2HTI,1,2032,0.0879
GLOBAL,PWRWASHTIXX,CO2HTI,1,2033,0.0879
GLOBAL,PWRWASHTIXX,CO2HTI,1,2034,0.0879
GLOBAL,PWRWASHTIXX,CO2HTI,1,2035,0.0879
GLOBAL,PWRWASHTIXX,CO2HTI,1,2036,0.0879
GLOBAL,PWRWASHTIXX,CO2HTI,1,2037,0.0879
GLOBAL,PWRWASHTIXX,CO2HTI,1,2038,0.0879
GLOBAL,PWRWASHTIXX,CO2HTI,1,2039,0.0879
GLOBAL,PWRWASHTIXX,CO2HTI,1,2040,0.0879
GLOBAL,PWRWASHTIXX,CO2HTI,1,2041,0.0879
GLOBAL,PWRWASHTIXX,CO2HTI,1,2042,0.0879
GLOBAL,PWRWASHTIXX,CO2HTI,1,2043,0.0879
GLOBAL,PWRWASHTIXX,CO2HTI,1,2044,0.0879
GLOBAL,PWRWASHTIXX,CO2HTI,1,2045,0.0879
GLOBAL,PWRWASHTIXX,CO2HTI,1,2046,0.0879
GLOBAL,PWRWASHTIXX,CO2HTI,1,2047,0.0879
GLOBAL,PWRWASHTIXX,CO2HTI,1,2048,0.0879
GLOBAL,PWRWASHTIXX,CO2HTI,1,2049,0.0879
GLOBAL,PWRWASHTIXX,CO2HTI,1,2050,0.0879
GLOBAL,PWRWASMEXXX,CO2MEX,1,2023,0.0879
GLOBAL,PWRWASMEXXX,CO2MEX,1,2024,0.0879
GLOBAL,PWRWASMEXXX,CO2MEX,1,2025,0.0879
GLOBAL,PWRWASMEXXX,CO2MEX,1,2026,0.0879
GLOBAL,PWRWASMEXXX,CO2MEX,1,2027,0.0879
GLOBAL,PWRWASMEXXX,CO2MEX,1,2028,0.0879
GLOBAL,PWRWASMEXXX,CO2MEX,1,2029,0.0879
GLOBAL,PWRWASMEXXX,CO2MEX,1,2030,0.0879
GLOBAL,PWRWASMEXXX,CO2MEX,1,2031,0.0879
GLOBAL,PWRWASMEXXX,CO2MEX,1,2032,0.0879
GLOBAL,PWRWASMEXXX,CO2MEX,1,2033,0.0879
GLOBAL,PWRWASMEXXX,CO2MEX,1,2034,0.0879
GLOBAL,PWRWASMEXXX,CO2MEX,1,2035,0.0879
GLOBAL,PWRWASMEXXX,CO2MEX,1,2036,0.0879
GLOBAL,PWRWASMEXXX,CO2MEX,1,2037,0.0879
GLOBAL,PWRWASMEXXX,CO2MEX,1,2038,0.0879
GLOBAL,PWRWASMEXXX,CO2MEX,1,2039,0.0879
GLOBAL,PWRWASMEXXX,CO2MEX,1,2040,0.0879
GLOBAL,PWRWASMEXXX,CO2MEX,1,2041,0.0879
GLOBAL,PWRWASMEXXX,CO2MEX,1,2042,0.0879
GLOBAL,PWRWASMEXXX,CO2MEX,1,2043,0.0879
GLOBAL,PWRWASMEXXX,CO2MEX,1,2044,0.0879
GLOBAL,PWRWASMEXXX,CO2MEX,1,2045,0.0879
GLOBAL,PWRWASMEXXX,CO2MEX,1,2046,0.0879
GLOBAL,PWRWASMEXXX,CO2MEX,1,2047,0.0879
GLOBAL,PWRWASMEXXX,CO2MEX,1,2048,0.0879
GLOBAL,PWRWASMEXXX,CO2MEX,1,2049,0.0879
GLOBAL,PWRWASMEXXX,CO2MEX,1,2050,0.0879
GLOBAL,PWRWASNICXX,CO2NIC,1,2023,0.0879
GLOBAL,PWRWASNICXX,CO2NIC,1,2024,0.0879
GLOBAL,PWRWASNICXX,CO2NIC,1,2025,0.0879
GLOBAL,PWRWASNICXX,CO2NIC,1,2026,0.0879
GLOBAL,PWRWASNICXX,CO2NIC,1,2027,0.0879
GLOBAL,PWRWASNICXX,CO2NIC,1,2028,0.0879
GLOBAL,PWRWASNICXX,CO2NIC,1,2029,0.0879
GLOBAL,PWRWASNICXX,CO2NIC,1,2030,0.0879
GLOBAL,PWRWASNICXX,CO2NIC,1,2031,0.0879
GLOBAL,PWRWASNICXX,CO2NIC,1,2032,0.0879
GLOBAL,PWRWASNICXX,CO2NIC,1,2033,0.0879
GLOBAL,PWRWASNICXX,CO2NIC,1,2034,0.0879
GLOBAL,PWRWASNICXX,CO2NIC,1,2035,0.0879
GLOBAL,PWRWASNICXX,CO2NIC,1,2036,0.0879
GLOBAL,PWRWASNICXX,CO2NIC,1,2037,0.0879
GLOBAL,PWRWASNICXX,CO2NIC,1,2038,0.0879
GLOBAL,PWRWASNICXX,CO2NIC,1,2039,0.0879
GLOBAL,PWRWASNICXX,CO2NIC,1,2040,0.0879
GLOBAL,PWRWASNICXX,CO2NIC,1,2041,0.0879
GLOBAL,PWRWASNICXX,CO2NIC,1,2042,0.0879
GLOBAL,PWRWASNICXX,CO2NIC,1,2043,0.0879
GLOBAL,PWRWASNICXX,CO2NIC,1,2044,0.0879
GLOBAL,PWRWASNICXX,CO2NIC,1,2045,0.0879
GLOBAL,PWRWASNICXX,CO2NIC,1,2046,0.0879
GLOBAL,PWRWASNICXX,CO2NIC,1,2047,0.0879
GLOBAL,PWRWASNICXX,CO2NIC,1,2048,0.0879
GLOBAL,PWRWASNICXX,CO2NIC,1,2049,0.0879
GLOBAL,PWRWASNICXX,CO2NIC,1,2050,0.0879
GLOBAL,PWRWASPANXX,CO2PAN,1,2023,0.0879
GLOBAL,PWRWASPANXX,CO2PAN,1,2024,0.0879
GLOBAL,PWRWASPANXX,CO2PAN,1,2025,0.0879
GLOBAL,PWRWASPANXX,CO2PAN,1,2026,0.0879
GLOBAL,PWRWASPANXX,CO2PAN,1,2027,0.0879
GLOBAL,PWRWASPANXX,CO2PAN,1,2028,0.0879
GLOBAL,PWRWASPANXX,CO2PAN,1,2029,0.0879
GLOBAL,PWRWASPANXX,CO2PAN,1,2030,0.0879
GLOBAL,PWRWASPANXX,CO2PAN,1,2031,0.0879
GLOBAL,PWRWASPANXX,CO2PAN,1,2032,0.0879
GLOBAL,PWRWASPANXX,CO2PAN,1,2033,0.0879
GLOBAL,PWRWASPANXX,CO2PAN,1,2034,0.0879
GLOBAL,PWRWASPANXX,CO2PAN,1,2035,0.0879
GLOBAL,PWRWASPANXX,CO2PAN,1,2036,0.0879
GLOBAL,PWRWASPANXX,CO2PAN,1,2037,0.0879
GLOBAL,PWRWASPANXX,CO2PAN,1,2038,0.0879
GLOBAL,PWRWASPANXX,CO2PAN,1,2039,0.0879
GLOBAL,PWRWASPANXX,CO2PAN,1,2040,0.0879
GLOBAL,PWRWASPANXX,CO2PAN,1,2041,0.0879
GLOBAL,PWRWASPANXX,CO2PAN,1,2042,0.0879
GLOBAL,PWRWASPANXX,CO2PAN,1,2043,0.0879
GLOBAL,PWRWASPANXX,CO2PAN,1,2044,0.0879
GLOBAL,PWRWASPANXX,CO2PAN,1,2045,0.0879
GLOBAL,PWRWASPANXX,CO2PAN,1,2046,0.0879
GLOBAL,PWRWASPANXX,CO2PAN,1,2047,0.0879
GLOBAL,PWRWASPANXX,CO2PAN,1,2048,0.0879
GLOBAL,PWRWASPANXX,CO2PAN,1,2049,0.0879
GLOBAL,PWRWASPANXX,CO2PAN,1,2050,0.0879
GLOBAL,PWRWASPERXX,CO2PER,1,2023,0.0879
GLOBAL,PWRWASPERXX,CO2PER,1,2024,0.0879
GLOBAL,PWRWASPERXX,CO2PER,1,2025,0.0879
GLOBAL,PWRWASPERXX,CO2PER,1,2026,0.0879
GLOBAL,PWRWASPERXX,CO2PER,1,2027,0.0879
GLOBAL,PWRWASPERXX,CO2PER,1,2028,0.0879
GLOBAL,PWRWASPERXX,CO2PER,1,2029,0.0879
GLOBAL,PWRWASPERXX,CO2PER,1,2030,0.0879
GLOBAL,PWRWASPERXX,CO2PER,1,2031,0.0879
GLOBAL,PWRWASPERXX,CO2PER,1,2032,0.0879
GLOBAL,PWRWASPERXX,CO2PER,1,2033,0.0879
GLOBAL,PWRWASPERXX,CO2PER,1,2034,0.0879
GLOBAL,PWRWASPERXX,CO2PER,1,2035,0.0879
GLOBAL,PWRWASPERXX,CO2PER,1,2036,0.0879
GLOBAL,PWRWASPERXX,CO2PER,1,2037,0.0879
GLOBAL,PWRWASPERXX,CO2PER,1,2038,0.0879
GLOBAL,PWRWASPERXX,CO2PER,1,2039,0.0879
GLOBAL,PWRWASPERXX,CO2PER,1,2040,0.0879
GLOBAL,PWRWASPERXX,CO2PER,1,2041,0.0879
GLOBAL,PWRWASPERXX,CO2PER,1,2042,0.0879
GLOBAL,PWRWASPERXX,CO2PER,1,2043,0.0879
GLOBAL,PWRWASPERXX,CO2PER,1,2044,0.0879
GLOBAL,PWRWASPERXX,CO2PER,1,2045,0.0879
GLOBAL,PWRWASPERXX,CO2PER,1,2046,0.0879
GLOBAL,PWRWASPERXX,CO2PER,1,2047,0.0879
GLOBAL,PWRWASPERXX,CO2PER,1,2048,0.0879
GLOBAL,PWRWASPERXX,CO2PER,1,2049,0.0879
GLOBAL,PWRWASPERXX,CO2PER,1,2050,0.0879
GLOBAL,PWRWASPRYXX,CO2PRY,1,2023,0.0879
GLOBAL,PWRWASPRYXX,CO2PRY,1,2024,0.0879
GLOBAL,PWRWASPRYXX,CO2PRY,1,2025,0.0879
GLOBAL,PWRWASPRYXX,CO2PRY,1,2026,0.0879
GLOBAL,PWRWASPRYXX,CO2PRY,1,2027,0.0879
GLOBAL,PWRWASPRYXX,CO2PRY,1,2028,0.0879
GLOBAL,PWRWASPRYXX,CO2PRY,1,2029,0.0879
GLOBAL,PWRWASPRYXX,CO2PRY,1,2030,0.0879
GLOBAL,PWRWASPRYXX,CO2PRY,1,2031,0.0879
GLOBAL,PWRWASPRYXX,CO2PRY,1,2032,0.0879
GLOBAL,PWRWASPRYXX,CO2PRY,1,2033,0.0879
GLOBAL,PWRWASPRYXX,CO2PRY,1,2034,0.0879
GLOBAL,PWRWASPRYXX,CO2PRY,1,2035,0.0879
GLOBAL,PWRWASPRYXX,CO2PRY,1,2036,0.0879
GLOBAL,PWRWASPRYXX,CO2PRY,1,2037,0.0879
GLOBAL,PWRWASPRYXX,CO2PRY,1,2038,0.0879
GLOBAL,PWRWASPRYXX,CO2PRY,1,2039,0.0879
GLOBAL,PWRWASPRYXX,CO2PRY,1,2040,0.0879
GLOBAL,PWRWASPRYXX,CO2PRY,1,2041,0.0879
GLOBAL,PWRWASPRYXX,CO2PRY,1,2042,0.0879
GLOBAL,PWRWASPRYXX,CO2PRY,1,2043,0.0879
GLOBAL,PWRWASPRYXX,CO2PRY,1,2044,0.0879
GLOBAL,PWRWASPRYXX,CO2PRY,1,2045,0.0879
GLOBAL,PWRWASPRYXX,CO2PRY,1,2046,0.0879
GLOBAL,PWRWASPRYXX,CO2PRY,1,2047,0.0879
GLOBAL,PWRWASPRYXX,CO2PRY,1,2048,0.0879
GLOBAL,PWRWASPRYXX,CO2PRY,1,2049,0.0879
GLOBAL,PWRWASPRYXX,CO2PRY,1,2050,0.0879
GLOBAL,PWRWASSLVXX,CO2SLV,1,2023,0.0879
GLOBAL,PWRWASSLVXX,CO2SLV,1,2024,0.0879
GLOBAL,PWRWASSLVXX,CO2SLV,1,2025,0.0879
GLOBAL,PWRWASSLVXX,CO2SLV,1,2026,0.0879
GLOBAL,PWRWASSLVXX,CO2SLV,1,2027,0.0879
GLOBAL,PWRWASSLVXX,CO2SLV,1,2028,0.0879
GLOBAL,PWRWASSLVXX,CO2SLV,1,2029,0.0879
GLOBAL,PWRWASSLVXX,CO2SLV,1,2030,0.0879
GLOBAL,PWRWASSLVXX,CO2SLV,1,2031,0.0879
GLOBAL,PWRWASSLVXX,CO2SLV,1,2032,0.0879
GLOBAL,PWRWASSLVXX,CO2SLV,1,2033,0.0879
GLOBAL,PWRWASSLVXX,CO2SLV,1,2034,0.0879
GLOBAL,PWRWASSLVXX,CO2SLV,1,2035,0.0879
GLOBAL,PWRWASSLVXX,CO2SLV,1,2036,0.0879
GLOBAL,PWRWASSLVXX,CO2SLV,1,2037,0.0879
GLOBAL,PWRWASSLVXX,CO2SLV,1,2038,0.0879
GLOBAL,PWRWASSLVXX,CO2SLV,1,2039,0.0879
GLOBAL,PWRWASSLVXX,CO2SLV,1,2040,0.0879
GLOBAL,PWRWASSLVXX,CO2SLV,1,2041,0.0879
GLOBAL,PWRWASSLVXX,CO2SLV,1,2042,0.0879
GLOBAL,PWRWASSLVXX,CO2SLV,1,2043,0.0879
GLOBAL,PWRWASSLVXX,CO2SLV,1,2044,0.0879
GLOBAL,PWRWASSLVXX,CO2SLV,1,2045,0.0879
GLOBAL,PWRWASSLVXX,CO2SLV,1,2046,0.0879
GLOBAL,PWRWASSLVXX,CO2SLV,1,2047,0.0879
GLOBAL,PWRWASSLVXX,CO2SLV,1,2048,0.0879
GLOBAL,PWRWASSLVXX,CO2SLV,1,2049,0.0879
GLOBAL,PWRWASSLVXX,CO2SLV,1,2050,0.0879
GLOBAL,PWRWASURYXX,CO2URY,1,2023,0.0879
GLOBAL,PWRWASURYXX,CO2URY,1,2024,0.0879
GLOBAL,PWRWASURYXX,CO2URY,1,2025,0.0879
GLOBAL,PWRWASURYXX,CO2URY,1,2026,0.0879
GLOBAL,PWRWASURYXX,CO2URY,1,2027,0.0879
GLOBAL,PWRWASURYXX,CO2URY,1,2028,0.0879
GLOBAL,PWRWASURYXX,CO2URY,1,2029,0.0879
GLOBAL,PWRWASURYXX,CO2URY,1,2030,0.0879
GLOBAL,PWRWASURYXX,CO2URY,1,2031,0.0879
GLOBAL,PWRWASURYXX,CO2URY,1,2032,0.0879
GLOBAL,PWRWASURYXX,CO2URY,1,2033,0.0879
GLOBAL,PWRWASURYXX,CO2URY,1,2034,0.0879
GLOBAL,PWRWASURYXX,CO2URY,1,2035,0.0879
GLOBAL,PWRWASURYXX,CO2URY,1,2036,0.0879
GLOBAL,PWRWASURYXX,CO2URY,1,2037,0.0879
GLOBAL,PWRWASURYXX,CO2URY,1,2038,0.0879
GLOBAL,PWRWASURYXX,CO2URY,1,2039,0.0879
GLOBAL,PWRWASURYXX,CO2URY,1,2040,0.0879
GLOBAL,PWRWASURYXX,CO2URY,1,2041,0.0879
GLOBAL,PWRWASURYXX,CO2URY,1,2042,0.0879
GLOBAL,PWRWASURYXX,CO2URY,1,2043,0.0879
GLOBAL,PWRWASURYXX,CO2URY,1,2044,0.0879
GLOBAL,PWRWASURYXX,CO2URY,1,2045,0.0879
GLOBAL,PWRWASURYXX,CO2URY,1,2046,0.0879
GLOBAL,PWRWASURYXX,CO2URY,1,2047,0.0879
GLOBAL,PWRWASURYXX,CO2URY,1,2048,0.0879
GLOBAL,PWRWASURYXX,CO2URY,1,2049,0.0879
GLOBAL,PWRWASURYXX,CO2URY,1,2050,0.0879
