PARAMETER,Scenario,REGION,TECHNOLOGY,FUEL,EMISSION,MODE_OF_OPERATION,YEAR,TIMESLICE,SEASON,DAYTYPE,DAILYTIMEBRACKET,STORAGE,Value
TotalAnnualMaxCapacityInvestment,OPT,GLOBAL,PWRBIOBRBXX,,,,2023,,,,,,0.0
TotalAnnualMaxCapacityInvestment,OPT,GLOBAL,PWRBIOBRBXX,,,,2024,,,,,,0.0
TotalAnnualMaxCapacityInvestment,OPT,GLOBAL,PWRBIOBRBXX,,,,2025,,,,,,0.0035
TotalAnnualMaxCapacityInvestment,OPT,GLOBAL,PWRBIOBRBXX,,,,2026,,,,,,0.0035
TotalAnnualMaxCapacityInvestment,OPT,GLOBAL,PWRBIOBRBXX,,,,2027,,,,,,0.0035
TotalAnnualMaxCapacityInvestment,OPT,GLOBAL,PWRBIOBRBXX,,,,2028,,,,,,0.0035
TotalAnnualMaxCapacityInvestment,OPT,GLOBAL,PWRBIOBRBXX,,,,2029,,,,,,0.0035
TotalAnnualMaxCapacityInvestment,OPT,GLOBAL,PWRBIOBRBXX,,,,2030,,,,,,0.0035
TotalAnnualMaxCapacityInvestment,OPT,GLOBAL,PWRBIOBRBXX,,,,2031,,,,,,0.0035
TotalAnnualMaxCapacityInvestment,OPT,GLOBAL,PWRBIOBRBXX,,,,2032,,,,,,0.0035
TotalAnnualMaxCapacityInvestment,OPT,GLOBAL,PWRBIOBRBXX,,,,2033,,,,,,0.0035
TotalAnnualMaxCapacityInvestment,OPT,GLOBAL,PWRBIOBRBXX,,,,2034,,,,,,0.0035
TotalAnnualMaxCapacityInvestment,OPT,GLOBAL,PWRBIOBRBXX,,,,2035,,,,,,0.0035
TotalAnnualMaxCapacityInvestment,OPT,GLOBAL,PWRBIOBRBXX,,,,2036,,,,,,0.0028
TotalAnnualMaxCapacityInvestment,OPT,GLOBAL,PWRBIOBRBXX,,,,2037,,,,,,0.0028
TotalAnnualMaxCapacityInvestment,OPT,GLOBAL,PWRBIOBRBXX,,,,2038,,,,,,0.0028
TotalAnnualMaxCapacityInvestment,OPT,GLOBAL,PWRBIOBRBXX,,,,2039,,,,,,0.0028
TotalAnnualMaxCapacityInvestment,OPT,GLOBAL,PWRBIOBRBXX,,,,2040,,,,,,0.0028
TotalAnnualMaxCapacityInvestment,OPT,GLOBAL,PWRBIOBRBXX,,,,2041,,,,,,0.0028
TotalAnnualMaxCapacityInvestment,OPT,GLOBAL,PWRBIOBRBXX,,,,2042,,,,,,0.0028
TotalAnnualMaxCapacityInvestment,OPT,GLOBAL,PWRBIOBRBXX,,,,2043,,,,,,0.0028
TotalAnnualMaxCapacityInvestment,OPT,GLOBAL,PWRBIOBRBXX,,,,2044,,,,,,0.0028
TotalAnnualMaxCapacityInvestment,OPT,GLOBAL,PWRBIOBRBXX,,,,2045,,,,,,0.0028
TotalAnnualMaxCapacityInvestment,OPT,GLOBAL,PWRBIOBRBXX,,,,2046,,,,,,0.0028
TotalAnnualMaxCapacityInvestment,OPT,GLOBAL,PWRBIOBRBXX,,,,2047,,,,,,0.0028
TotalAnnualMaxCapacityInvestment,OPT,GLOBAL,PWRBIOBRBXX,,,,2048,,,,,,0.0028
TotalAnnualMaxCapacityInvestment,OPT,GLOBAL,PWRBIOBRBXX,,,,2049,,,,,,0.0028
TotalAnnualMaxCapacityInvestment,OPT,GLOBAL,PWRBIOBRBXX,,,,2050,,,,,,0.0028
TotalAnnualMaxCapacityInvestment,OPT,GLOBAL,PWRPETPANXX,,,,2023,,,,,,0.1482
TotalAnnualMaxCapacityInvestment,OPT,GLOBAL,PWRPETPANXX,,,,2024,,,,,,0.1554
TotalAnnualMaxCapacityInvestment,OPT,GLOBAL,PWRPETPANXX,,,,2025,,,,,,0.0
TotalAnnualMaxCapacityInvestment,OPT,GLOBAL,PWRPETPANXX,,,,2026,,,,,,0.0
TotalAnnualMaxCapacityInvestment,OPT,GLOBAL,PWRPETPANXX,,,,2027,,,,,,0.0
TotalAnnualMaxCapacityInvestment,OPT,GLOBAL,PWRPETPANXX,,,,2028,,,,,,0.0
TotalAnnualMaxCapacityInvestment,OPT,GLOBAL,PWRPETPANXX,,,,2029,,,,,,0.0
TotalAnnualMaxCapacityInvestment,OPT,GLOBAL,PWRPETPANXX,,,,2030,,,,,,0.0
TotalAnnualMaxCapacityInvestment,OPT,GLOBAL,PWRPETPANXX,,,,2031,,,,,,0.0
TotalAnnualMaxCapacityInvestment,OPT,GLOBAL,PWRPETPANXX,,,,2032,,,,,,0.0
TotalAnnualMaxCapacityInvestment,OPT,GLOBAL,PWRPETPANXX,,,,2033,,,,,,0.0
TotalAnnualMaxCapacityInvestment,OPT,GLOBAL,PWRPETPANXX,,,,2034,,,,,,0.0
TotalAnnualMaxCapacityInvestment,OPT,GLOBAL,PWRPETPANXX,,,,2035,,,,,,0.0
TotalAnnualMaxCapacityInvestment,OPT,GLOBAL,PWRPETPANXX,,,,2036,,,,,,0.0
TotalAnnualMaxCapacityInvestment,OPT,GLOBAL,PWRPETPANXX,,,,2037,,,,,,0.0
TotalAnnualMaxCapacityInvestment,OPT,GLOBAL,PWRPETPANXX,,,,2038,,,,,,0.0
TotalAnnualMaxCapacityInvestment,OPT,GLOBAL,PWRPETPANXX,,,,2039,,,,,,0.0
TotalAnnualMaxCapacityInvestment,OPT,GLOBAL,PWRPETPANXX,,,,2040,,,,,,0.0
TotalAnnualMaxCapacityInvestment,OPT,GLOBAL,PWRPETPANXX,,,,2041,,,,,,0.0
TotalAnnualMaxCapacityInvestment,OPT,GLOBAL,PWRPETPANXX,,,,2042,,,,,,0.0
TotalAnnualMaxCapacityInvestment,OPT,GLOBAL,PWRPETPANXX,,,,2043,,,,,,0.0
TotalAnnualMaxCapacityInvestment,OPT,GLOBAL,PWRPETPANXX,,,,2044,,,,,,0.0
TotalAnnualMaxCapacityInvestment,OPT,GLOBAL,PWRPETPANXX,,,,2045,,,,,,0.0
TotalAnnualMaxCapacityInvestment,OPT,GLOBAL,PWRPETPANXX,,,,2046,,,,,,0.0
TotalAnnualMaxCapacityInvestment,OPT,GLOBAL,PWRPETPANXX,,,,2047,,,,,,0.0
TotalAnnualMaxCapacityInvestment,OPT,GLOBAL,PWRPETPANXX,,,,2048,,,,,,0.0
TotalAnnualMaxCapacityInvestment,OPT,GLOBAL,PWRPETPANXX,,,,2049,,,,,,0.0
TotalAnnualMaxCapacityInvestment,OPT,GLOBAL,PWRPETPANXX,,,,2050,,,,,,0.0
TotalAnnualMaxCapacityInvestment,OPT,GLOBAL,PWRSPVBRAXX,,,,2023,,,,,,3.3
TotalAnnualMaxCapacityInvestment,OPT,GLOBAL,PWRSPVBRAXX,,,,2024,,,,,,5.6
TotalAnnualMaxCapacityInvestment,OPT,GLOBAL,PWRSPVBRAXX,,,,2025,,,,,,2.3386
TotalAnnualMaxCapacityInvestment,OPT,GLOBAL,PWRSPVBRAXX,,,,2026,,,,,,5.5
TotalAnnualMaxCapacityInvestment,OPT,GLOBAL,PWRSPVBRAXX,,,,2027,,,,,,5.5
TotalAnnualMaxCapacityInvestment,OPT,GLOBAL,PWRSPVBRAXX,,,,2028,,,,,,5.5
TotalAnnualMaxCapacityInvestment,OPT,GLOBAL,PWRSPVBRAXX,,,,2029,,,,,,8.686
TotalAnnualMaxCapacityInvestment,OPT,GLOBAL,PWRSPVBRAXX,,,,2030,,,,,,5.5
TotalAnnualMaxCapacityInvestment,OPT,GLOBAL,PWRSPVBRAXX,,,,2031,,,,,,5.5
TotalAnnualMaxCapacityInvestment,OPT,GLOBAL,PWRSPVBRAXX,,,,2032,,,,,,5.5
TotalAnnualMaxCapacityInvestment,OPT,GLOBAL,PWRSPVBRAXX,,,,2033,,,,,,5.5
TotalAnnualMaxCapacityInvestment,OPT,GLOBAL,PWRSPVBRAXX,,,,2034,,,,,,5.5
TotalAnnualMaxCapacityInvestment,OPT,GLOBAL,PWRSPVBRAXX,,,,2035,,,,,,5.5
TotalAnnualMaxCapacityInvestment,OPT,GLOBAL,PWRSPVBRAXX,,,,2036,,,,,,5.5
TotalAnnualMaxCapacityInvestment,OPT,GLOBAL,PWRSPVBRAXX,,,,2037,,,,,,5.5
TotalAnnualMaxCapacityInvestment,OPT,GLOBAL,PWRSPVBRAXX,,,,2038,,,,,,5.5
TotalAnnualMaxCapacityInvestment,OPT,GLOBAL,PWRSPVBRAXX,,,,2039,,,,,,5.5
TotalAnnualMaxCapacityInvestment,OPT,GLOBAL,PWRSPVBRAXX,,,,2040,,,,,,5.5
TotalAnnualMaxCapacityInvestment,OPT,GLOBAL,PWRSPVBRAXX,,,,2041,,,,,,5.5
TotalAnnualMaxCapacityInvestment,OPT,GLOBAL,PWRSPVBRAXX,,,,2042,,,,,,5.5
TotalAnnualMaxCapacityInvestment,OPT,GLOBAL,PWRSPVBRAXX,,,,2043,,,,,,5.5
TotalAnnualMaxCapacityInvestment,OPT,GLOBAL,PWRSPVBRAXX,,,,2044,,,,,,5.5
TotalAnnualMaxCapacityInvestment,OPT,GLOBAL,PWRSPVBRAXX,,,,2045,,,,,,5.5
TotalAnnualMaxCapacityInvestment,OPT,GLOBAL,PWRSPVBRAXX,,,,2046,,,,,,5.5
TotalAnnualMaxCapacityInvestment,OPT,GLOBAL,PWRSPVBRAXX,,,,2047,,,,,,5.5
TotalAnnualMaxCapacityInvestment,OPT,GLOBAL,PWRSPVBRAXX,,,,2048,,,,,,5.5
TotalAnnualMaxCapacityInvestment,OPT,GLOBAL,PWRSPVBRAXX,,,,2049,,,,,,5.5
TotalAnnualMaxCapacityInvestment,OPT,GLOBAL,PWRSPVBRAXX,,,,2050,,,,,,5.5
TotalAnnualMaxCapacityInvestment,OPT,GLOBAL,PWRSPVMEXXX,,,,2023,,,,,,0.82
TotalAnnualMaxCapacityInvestment,OPT,GLOBAL,PWRSPVMEXXX,,,,2024,,,,,,0.0
TotalAnnualMaxCapacityInvestment,OPT,GLOBAL,PWRSPVMEXXX,,,,2025,,,,,,0.7635
TotalAnnualMaxCapacityInvestment,OPT,GLOBAL,PWRSPVMEXXX,,,,2026,,,,,,0.9041
TotalAnnualMaxCapacityInvestment,OPT,GLOBAL,PWRSPVMEXXX,,,,2027,,,,,,1.4069
TotalAnnualMaxCapacityInvestment,OPT,GLOBAL,PWRSPVMEXXX,,,,2028,,,,,,1.2368
TotalAnnualMaxCapacityInvestment,OPT,GLOBAL,PWRSPVMEXXX,,,,2029,,,,,,1.4247
TotalAnnualMaxCapacityInvestment,OPT,GLOBAL,PWRSPVMEXXX,,,,2030,,,,,,1.6217
TotalAnnualMaxCapacityInvestment,OPT,GLOBAL,PWRSPVMEXXX,,,,2031,,,,,,1.8211
TotalAnnualMaxCapacityInvestment,OPT,GLOBAL,PWRSPVMEXXX,,,,2032,,,,,,2.0144
TotalAnnualMaxCapacityInvestment,OPT,GLOBAL,PWRSPVMEXXX,,,,2033,,,,,,2.1918
TotalAnnualMaxCapacityInvestment,OPT,GLOBAL,PWRSPVMEXXX,,,,2034,,,,,,2.3428
TotalAnnualMaxCapacityInvestment,OPT,GLOBAL,PWRSPVMEXXX,,,,2035,,,,,,2.4576
TotalAnnualMaxCapacityInvestment,OPT,GLOBAL,PWRSPVMEXXX,,,,2036,,,,,,2.5281
TotalAnnualMaxCapacityInvestment,OPT,GLOBAL,PWRSPVMEXXX,,,,2037,,,,,,2.5493
TotalAnnualMaxCapacityInvestment,OPT,GLOBAL,PWRSPVMEXXX,,,,2038,,,,,,2.5199
TotalAnnualMaxCapacityInvestment,OPT,GLOBAL,PWRSPVMEXXX,,,,2039,,,,,,2.4427
TotalAnnualMaxCapacityInvestment,OPT,GLOBAL,PWRSPVMEXXX,,,,2040,,,,,,2.3237
TotalAnnualMaxCapacityInvestment,OPT,GLOBAL,PWRSPVMEXXX,,,,2041,,,,,,2.1716
TotalAnnualMaxCapacityInvestment,OPT,GLOBAL,PWRSPVMEXXX,,,,2042,,,,,,1.9963
TotalAnnualMaxCapacityInvestment,OPT,GLOBAL,PWRSPVMEXXX,,,,2043,,,,,,1.8077
TotalAnnualMaxCapacityInvestment,OPT,GLOBAL,PWRSPVMEXXX,,,,2044,,,,,,1.615
TotalAnnualMaxCapacityInvestment,OPT,GLOBAL,PWRSPVMEXXX,,,,2045,,,,,,1.4256
TotalAnnualMaxCapacityInvestment,OPT,GLOBAL,PWRSPVMEXXX,,,,2046,,,,,,1.2452
TotalAnnualMaxCapacityInvestment,OPT,GLOBAL,PWRSPVMEXXX,,,,2047,,,,,,1.0778
TotalAnnualMaxCapacityInvestment,OPT,GLOBAL,PWRSPVMEXXX,,,,2048,,,,,,0.9256
TotalAnnualMaxCapacityInvestment,OPT,GLOBAL,PWRSPVMEXXX,,,,2049,,,,,,0.7895
TotalAnnualMaxCapacityInvestment,OPT,GLOBAL,PWRSPVMEXXX,,,,2050,,,,,,0.6697
TotalAnnualMaxCapacityInvestment,OPT,GLOBAL,PWRGEODOMXX,,,,2023,,,,,,0.1951
TotalAnnualMaxCapacityInvestment,OPT,GLOBAL,PWRGEODOMXX,,,,2024,,,,,,0.2
TotalAnnualMaxCapacityInvestment,OPT,GLOBAL,PWRGEODOMXX,,,,2025,,,,,,0.0
TotalAnnualMaxCapacityInvestment,OPT,GLOBAL,PWRGEODOMXX,,,,2026,,,,,,0.2245
TotalAnnualMaxCapacityInvestment,OPT,GLOBAL,PWRGEODOMXX,,,,2027,,,,,,0.2378
TotalAnnualMaxCapacityInvestment,OPT,GLOBAL,PWRGEODOMXX,,,,2028,,,,,,0.2518
TotalAnnualMaxCapacityInvestment,OPT,GLOBAL,PWRGEODOMXX,,,,2029,,,,,,0.2666
TotalAnnualMaxCapacityInvestment,OPT,GLOBAL,PWRGEODOMXX,,,,2030,,,,,,0.2821
TotalAnnualMaxCapacityInvestment,OPT,GLOBAL,PWRGEODOMXX,,,,2031,,,,,,0.2985
TotalAnnualMaxCapacityInvestment,OPT,GLOBAL,PWRGEODOMXX,,,,2032,,,,,,0.3158
TotalAnnualMaxCapacityInvestment,OPT,GLOBAL,PWRGEODOMXX,,,,2033,,,,,,0.334
TotalAnnualMaxCapacityInvestment,OPT,GLOBAL,PWRGEODOMXX,,,,2034,,,,,,0.3531
TotalAnnualMaxCapacityInvestment,OPT,GLOBAL,PWRGEODOMXX,,,,2035,,,,,,0.3733
TotalAnnualMaxCapacityInvestment,OPT,GLOBAL,PWRGEODOMXX,,,,2036,,,,,,0.3954
TotalAnnualMaxCapacityInvestment,OPT,GLOBAL,PWRGEODOMXX,,,,2037,,,,,,0.4185
TotalAnnualMaxCapacityInvestment,OPT,GLOBAL,PWRGEODOMXX,,,,2038,,,,,,0.4427
TotalAnnualMaxCapacityInvestment,OPT,GLOBAL,PWRGEODOMXX,,,,2039,,,,,,0.4679
TotalAnnualMaxCapacityInvestment,OPT,GLOBAL,PWRGEODOMXX,,,,2040,,,,,,0.4944
TotalAnnualMaxCapacityInvestment,OPT,GLOBAL,PWRGEODOMXX,,,,2041,,,,,,0.522
TotalAnnualMaxCapacityInvestment,OPT,GLOBAL,PWRGEODOMXX,,,,2042,,,,,,0.5509
TotalAnnualMaxCapacityInvestment,OPT,GLOBAL,PWRGEODOMXX,,,,2043,,,,,,0.5811
TotalAnnualMaxCapacityInvestment,OPT,GLOBAL,PWRGEODOMXX,,,,2044,,,,,,0.6126
TotalAnnualMaxCapacityInvestment,OPT,GLOBAL,PWRGEODOMXX,,,,2045,,,,,,0.6455
TotalAnnualMaxCapacityInvestment,OPT,GLOBAL,PWRGEODOMXX,,,,2046,,,,,,0.6799
TotalAnnualMaxCapacityInvestment,OPT,GLOBAL,PWRGEODOMXX,,,,2047,,,,,,0.7158
TotalAnnualMaxCapacityInvestment,OPT,GLOBAL,PWRGEODOMXX,,,,2048,,,,,,0.7534
TotalAnnualMaxCapacityInvestment,OPT,GLOBAL,PWRGEODOMXX,,,,2049,,,,,,0.7926
TotalAnnualMaxCapacityInvestment,OPT,GLOBAL,PWRGEODOMXX,,,,2050,,,,,,0.8334
TotalAnnualMaxCapacityInvestment,OPT,GLOBAL,PWROILBRBXX,,,,2023,,,,,,0.0193
TotalAnnualMaxCapacityInvestment,OPT,GLOBAL,PWROILBRBXX,,,,2024,,,,,,0.0203
TotalAnnualMaxCapacityInvestment,OPT,GLOBAL,PWROILBRBXX,,,,2025,,,,,,0.0
TotalAnnualMaxCapacityInvestment,OPT,GLOBAL,PWROILBRBXX,,,,2026,,,,,,0.0
TotalAnnualMaxCapacityInvestment,OPT,GLOBAL,PWROILBRBXX,,,,2027,,,,,,0.0
TotalAnnualMaxCapacityInvestment,OPT,GLOBAL,PWROILBRBXX,,,,2028,,,,,,0.0
TotalAnnualMaxCapacityInvestment,OPT,GLOBAL,PWROILBRBXX,,,,2029,,,,,,0.0
TotalAnnualMaxCapacityInvestment,OPT,GLOBAL,PWROILBRBXX,,,,2030,,,,,,0.0
TotalAnnualMaxCapacityInvestment,OPT,GLOBAL,PWROILBRBXX,,,,2031,,,,,,0.0
TotalAnnualMaxCapacityInvestment,OPT,GLOBAL,PWROILBRBXX,,,,2032,,,,,,0.0
TotalAnnualMaxCapacityInvestment,OPT,GLOBAL,PWROILBRBXX,,,,2033,,,,,,0.0
TotalAnnualMaxCapacityInvestment,OPT,GLOBAL,PWROILBRBXX,,,,2034,,,,,,0.0
TotalAnnualMaxCapacityInvestment,OPT,GLOBAL,PWROILBRBXX,,,,2035,,,,,,0.0
TotalAnnualMaxCapacityInvestment,OPT,GLOBAL,PWROILBRBXX,,,,2036,,,,,,0.0
TotalAnnualMaxCapacityInvestment,OPT,GLOBAL,PWROILBRBXX,,,,2037,,,,,,0.0
TotalAnnualMaxCapacityInvestment,OPT,GLOBAL,PWROILBRBXX,,,,2038,,,,,,0.0
TotalAnnualMaxCapacityInvestment,OPT,GLOBAL,PWROILBRBXX,,,,2039,,,,,,0.0
TotalAnnualMaxCapacityInvestment,OPT,GLOBAL,PWROILBRBXX,,,,2040,,,,,,0.0
TotalAnnualMaxCapacityInvestment,OPT,GLOBAL,PWROILBRBXX,,,,2041,,,,,,0.0
TotalAnnualMaxCapacityInvestment,OPT,GLOBAL,PWROILBRBXX,,,,2042,,,,,,0.0
TotalAnnualMaxCapacityInvestment,OPT,GLOBAL,PWROILBRBXX,,,,2043,,,,,,0.0
TotalAnnualMaxCapacityInvestment,OPT,GLOBAL,PWROILBRBXX,,,,2044,,,,,,0.0
TotalAnnualMaxCapacityInvestment,OPT,GLOBAL,PWROILBRBXX,,,,2045,,,,,,0.0
TotalAnnualMaxCapacityInvestment,OPT,GLOBAL,PWROILBRBXX,,,,2046,,,,,,0.0
TotalAnnualMaxCapacityInvestment,OPT,GLOBAL,PWROILBRBXX,,,,2047,,,,,,0.0
TotalAnnualMaxCapacityInvestment,OPT,GLOBAL,PWROILBRBXX,,,,2048,,,,,,0.0
TotalAnnualMaxCapacityInvestment,OPT,GLOBAL,PWROILBRBXX,,,,2049,,,,,,0.0
TotalAnnualMaxCapacityInvestment,OPT,GLOBAL,PWROILBRBXX,,,,2050,,,,,,0.0
TotalAnnualMaxCapacityInvestment,OPT,GLOBAL,PWROILECUXX,,,,2023,,,,,,0.3228
TotalAnnualMaxCapacityInvestment,OPT,GLOBAL,PWROILECUXX,,,,2024,,,,,,0.334
TotalAnnualMaxCapacityInvestment,OPT,GLOBAL,PWROILECUXX,,,,2025,,,,,,0.0
TotalAnnualMaxCapacityInvestment,OPT,GLOBAL,PWROILECUXX,,,,2026,,,,,,0.0
TotalAnnualMaxCapacityInvestment,OPT,GLOBAL,PWROILECUXX,,,,2027,,,,,,0.0
TotalAnnualMaxCapacityInvestment,OPT,GLOBAL,PWROILECUXX,,,,2028,,,,,,0.0
TotalAnnualMaxCapacityInvestment,OPT,GLOBAL,PWROILECUXX,,,,2029,,,,,,0.0
TotalAnnualMaxCapacityInvestment,OPT,GLOBAL,PWROILECUXX,,,,2030,,,,,,0.0
TotalAnnualMaxCapacityInvestment,OPT,GLOBAL,PWROILECUXX,,,,2031,,,,,,0.0
TotalAnnualMaxCapacityInvestment,OPT,GLOBAL,PWROILECUXX,,,,2032,,,,,,0.0
TotalAnnualMaxCapacityInvestment,OPT,GLOBAL,PWROILECUXX,,,,2033,,,,,,0.0
TotalAnnualMaxCapacityInvestment,OPT,GLOBAL,PWROILECUXX,,,,2034,,,,,,0.0
TotalAnnualMaxCapacityInvestment,OPT,GLOBAL,PWROILECUXX,,,,2035,,,,,,0.0
TotalAnnualMaxCapacityInvestment,OPT,GLOBAL,PWROILECUXX,,,,2036,,,,,,0.0
TotalAnnualMaxCapacityInvestment,OPT,GLOBAL,PWROILECUXX,,,,2037,,,,,,0.0
TotalAnnualMaxCapacityInvestment,OPT,GLOBAL,PWROILECUXX,,,,2038,,,,,,0.0
TotalAnnualMaxCapacityInvestment,OPT,GLOBAL,PWROILECUXX,,,,2039,,,,,,0.0
TotalAnnualMaxCapacityInvestment,OPT,GLOBAL,PWROILECUXX,,,,2040,,,,,,0.0
TotalAnnualMaxCapacityInvestment,OPT,GLOBAL,PWROILECUXX,,,,2041,,,,,,0.0
TotalAnnualMaxCapacityInvestment,OPT,GLOBAL,PWROILECUXX,,,,2042,,,,,,0.0
TotalAnnualMaxCapacityInvestment,OPT,GLOBAL,PWROILECUXX,,,,2043,,,,,,0.0
TotalAnnualMaxCapacityInvestment,OPT,GLOBAL,PWROILECUXX,,,,2044,,,,,,0.0
TotalAnnualMaxCapacityInvestment,OPT,GLOBAL,PWROILECUXX,,,,2045,,,,,,0.0
TotalAnnualMaxCapacityInvestment,OPT,GLOBAL,PWROILECUXX,,,,2046,,,,,,0.0
TotalAnnualMaxCapacityInvestment,OPT,GLOBAL,PWROILECUXX,,,,2047,,,,,,0.0
TotalAnnualMaxCapacityInvestment,OPT,GLOBAL,PWROILECUXX,,,,2048,,,,,,0.0
TotalAnnualMaxCapacityInvestment,OPT,GLOBAL,PWROILECUXX,,,,2049,,,,,,0.0
TotalAnnualMaxCapacityInvestment,OPT,GLOBAL,PWROILECUXX,,,,2050,,,,,,0.0
TotalAnnualMaxCapacityInvestment,OPT,GLOBAL,PWRWAVURYXX,,,,2023,,,,,,0.0
TotalAnnualMaxCapacityInvestment,OPT,GLOBAL,PWRWAVURYXX,,,,2024,,,,,,0.0
TotalAnnualMaxCapacityInvestment,OPT,GLOBAL,PWRWAVURYXX,,,,2025,,,,,,0.0
TotalAnnualMaxCapacityInvestment,OPT,GLOBAL,PWRWAVURYXX,,,,2026,,,,,,0.0
TotalAnnualMaxCapacityInvestment,OPT,GLOBAL,PWRWAVURYXX,,,,2027,,,,,,0.0
TotalAnnualMaxCapacityInvestment,OPT,GLOBAL,PWRWAVURYXX,,,,2028,,,,,,0.0
TotalAnnualMaxCapacityInvestment,OPT,GLOBAL,PWRWAVURYXX,,,,2029,,,,,,0.0
TotalAnnualMaxCapacityInvestment,OPT,GLOBAL,PWRWAVURYXX,,,,2030,,,,,,0.0
TotalAnnualMaxCapacityInvestment,OPT,GLOBAL,PWRWAVURYXX,,,,2031,,,,,,0.0
TotalAnnualMaxCapacityInvestment,OPT,GLOBAL,PWRWAVURYXX,,,,2032,,,,,,0.0
TotalAnnualMaxCapacityInvestment,OPT,GLOBAL,PWRWAVURYXX,,,,2033,,,,,,0.0
TotalAnnualMaxCapacityInvestment,OPT,GLOBAL,PWRWAVURYXX,,,,2034,,,,,,0.0
TotalAnnualMaxCapacityInvestment,OPT,GLOBAL,PWRWAVURYXX,,,,2035,,,,,,0.0
TotalAnnualMaxCapacityInvestment,OPT,GLOBAL,PWRWAVURYXX,,,,2036,,,,,,0.0
TotalAnnualMaxCapacityInvestment,OPT,GLOBAL,PWRWAVURYXX,,,,2037,,,,,,0.0
TotalAnnualMaxCapacityInvestment,OPT,GLOBAL,PWRWAVURYXX,,,,2038,,,,,,0.0
TotalAnnualMaxCapacityInvestment,OPT,GLOBAL,PWRWAVURYXX,,,,2039,,,,,,0.0
TotalAnnualMaxCapacityInvestment,OPT,GLOBAL,PWRWAVURYXX,,,,2040,,,,,,0.0
TotalAnnualMaxCapacityInvestment,OPT,GLOBAL,PWRWAVURYXX,,,,2041,,,,,,0.0
TotalAnnualMaxCapacityInvestment,OPT,GLOBAL,PWRWAVURYXX,,,,2042,,,,,,0.0
TotalAnnualMaxCapacityInvestment,OPT,GLOBAL,PWRWAVURYXX,,,,2043,,,,,,0.0
TotalAnnualMaxCapacityInvestment,OPT,GLOBAL,PWRWAVURYXX,,,,2044,,,,,,0.0
TotalAnnualMaxCapacityInvestment,OPT,GLOBAL,PWRWAVURYXX,,,,2045,,,,,,0.0
TotalAnnualMaxCapacityInvestment,OPT,GLOBAL,PWRWAVURYXX,,,,2046,,,,,,0.0
TotalAnnualMaxCapacityInvestment,OPT,GLOBAL,PWRWAVURYXX,,,,2047,,,,,,0.0
TotalAnnualMaxCapacityInvestment,OPT,GLOBAL,PWRWAVURYXX,,,,2048,,,,,,0.0
TotalAnnualMaxCapacityInvestment,OPT,GLOBAL,PWRWAVURYXX,,,,2049,,,,,,0.0
TotalAnnualMaxCapacityInvestment,OPT,GLOBAL,PWRWAVURYXX,,,,2050,,,,,,0.0
TotalAnnualMaxCapacityInvestment,OPT,GLOBAL,PWRURNARGXX,,,,2023,,,,,,1.7036
TotalAnnualMaxCapacityInvestment,OPT,GLOBAL,PWRURNARGXX,,,,2024,,,,,,1.7186
TotalAnnualMaxCapacityInvestment,OPT,GLOBAL,PWRURNARGXX,,,,2025,,,,,,0.0
TotalAnnualMaxCapacityInvestment,OPT,GLOBAL,PWRURNARGXX,,,,2026,,,,,,0.0
TotalAnnualMaxCapacityInvestment,OPT,GLOBAL,PWRURNARGXX,,,,2027,,,,,,0.0
TotalAnnualMaxCapacityInvestment,OPT,GLOBAL,PWRURNARGXX,,,,2028,,,,,,1.212
TotalAnnualMaxCapacityInvestment,OPT,GLOBAL,PWRURNARGXX,,,,2029,,,,,,0.0
TotalAnnualMaxCapacityInvestment,OPT,GLOBAL,PWRURNARGXX,,,,2030,,,,,,0.0
TotalAnnualMaxCapacityInvestment,OPT,GLOBAL,PWRURNARGXX,,,,2031,,,,,,0.0
TotalAnnualMaxCapacityInvestment,OPT,GLOBAL,PWRURNARGXX,,,,2032,,,,,,0.0
TotalAnnualMaxCapacityInvestment,OPT,GLOBAL,PWRURNARGXX,,,,2033,,,,,,0.0
TotalAnnualMaxCapacityInvestment,OPT,GLOBAL,PWRURNARGXX,,,,2034,,,,,,0.0
TotalAnnualMaxCapacityInvestment,OPT,GLOBAL,PWRURNARGXX,,,,2035,,,,,,0.0
TotalAnnualMaxCapacityInvestment,OPT,GLOBAL,PWRURNARGXX,,,,2036,,,,,,0.0
TotalAnnualMaxCapacityInvestment,OPT,GLOBAL,PWRURNARGXX,,,,2037,,,,,,0.0
TotalAnnualMaxCapacityInvestment,OPT,GLOBAL,PWRURNARGXX,,,,2038,,,,,,0.0
TotalAnnualMaxCapacityInvestment,OPT,GLOBAL,PWRURNARGXX,,,,2039,,,,,,0.0
TotalAnnualMaxCapacityInvestment,OPT,GLOBAL,PWRURNARGXX,,,,2040,,,,,,0.2099
TotalAnnualMaxCapacityInvestment,OPT,GLOBAL,PWRURNARGXX,,,,2041,,,,,,0.2099
TotalAnnualMaxCapacityInvestment,OPT,GLOBAL,PWRURNARGXX,,,,2042,,,,,,0.2099
TotalAnnualMaxCapacityInvestment,OPT,GLOBAL,PWRURNARGXX,,,,2043,,,,,,0.2099
TotalAnnualMaxCapacityInvestment,OPT,GLOBAL,PWRURNARGXX,,,,2044,,,,,,0.2099
TotalAnnualMaxCapacityInvestment,OPT,GLOBAL,PWRURNARGXX,,,,2045,,,,,,0.2099
TotalAnnualMaxCapacityInvestment,OPT,GLOBAL,PWRURNARGXX,,,,2046,,,,,,0.2099
TotalAnnualMaxCapacityInvestment,OPT,GLOBAL,PWRURNARGXX,,,,2047,,,,,,0.2099
TotalAnnualMaxCapacityInvestment,OPT,GLOBAL,PWRURNARGXX,,,,2048,,,,,,0.2099
TotalAnnualMaxCapacityInvestment,OPT,GLOBAL,PWRURNARGXX,,,,2049,,,,,,0.2099
TotalAnnualMaxCapacityInvestment,OPT,GLOBAL,PWRURNARGXX,,,,2050,,,,,,0.2099
TotalAnnualMaxCapacityInvestment,OPT,GLOBAL,PWRWASARGXX,,,,2023,,,,,,1.7036
TotalAnnualMaxCapacityInvestment,OPT,GLOBAL,PWRWASARGXX,,,,2024,,,,,,1.7186
TotalAnnualMaxCapacityInvestment,OPT,GLOBAL,PWRWASARGXX,,,,2025,,,,,,0.0198
TotalAnnualMaxCapacityInvestment,OPT,GLOBAL,PWRWASARGXX,,,,2026,,,,,,0.0198
TotalAnnualMaxCapacityInvestment,OPT,GLOBAL,PWRWASARGXX,,,,2027,,,,,,0.0198
TotalAnnualMaxCapacityInvestment,OPT,GLOBAL,PWRWASARGXX,,,,2028,,,,,,0.0198
TotalAnnualMaxCapacityInvestment,OPT,GLOBAL,PWRWASARGXX,,,,2029,,,,,,0.0198
TotalAnnualMaxCapacityInvestment,OPT,GLOBAL,PWRWASARGXX,,,,2030,,,,,,0.0198
TotalAnnualMaxCapacityInvestment,OPT,GLOBAL,PWRWASARGXX,,,,2031,,,,,,0.0198
TotalAnnualMaxCapacityInvestment,OPT,GLOBAL,PWRWASARGXX,,,,2032,,,,,,0.0198
TotalAnnualMaxCapacityInvestment,OPT,GLOBAL,PWRWASARGXX,,,,2033,,,,,,0.0198
TotalAnnualMaxCapacityInvestment,OPT,GLOBAL,PWRWASARGXX,,,,2034,,,,,,0.0198
TotalAnnualMaxCapacityInvestment,OPT,GLOBAL,PWRWASARGXX,,,,2035,,,,,,0.0198
TotalAnnualMaxCapacityInvestment,OPT,GLOBAL,PWRWASARGXX,,,,2036,,,,,,0.0162
TotalAnnualMaxCapacityInvestment,OPT,GLOBAL,PWRWASARGXX,,,,2037,,,,,,0.0162
TotalAnnualMaxCapacityInvestment,OPT,GLOBAL,PWRWASARGXX,,,,2038,,,,,,0.0162
TotalAnnualMaxCapacityInvestment,OPT,GLOBAL,PWRWASARGXX,,,,2039,,,,,,0.0162
TotalAnnualMaxCapacityInvestment,OPT,GLOBAL,PWRWASARGXX,,,,2040,,,,,,0.0162
TotalAnnualMaxCapacityInvestment,OPT,GLOBAL,PWRWASARGXX,,,,2041,,,,,,0.0162
TotalAnnualMaxCapacityInvestment,OPT,GLOBAL,PWRWASARGXX,,,,2042,,,,,,0.0162
TotalAnnualMaxCapacityInvestment,OPT,GLOBAL,PWRWASARGXX,,,,2043,,,,,,0.0162
TotalAnnualMaxCapacityInvestment,OPT,GLOBAL,PWRWASARGXX,,,,2044,,,,,,0.0162
TotalAnnualMaxCapacityInvestment,OPT,GLOBAL,PWRWASARGXX,,,,2045,,,,,,0.0162
TotalAnnualMaxCapacityInvestment,OPT,GLOBAL,PWRWASARGXX,,,,2046,,,,,,0.0162
TotalAnnualMaxCapacityInvestment,OPT,GLOBAL,PWRWASARGXX,,,,2047,,,,,,0.0162
TotalAnnualMaxCapacityInvestment,OPT,GLOBAL,PWRWASARGXX,,,,2048,,,,,,0.0162
TotalAnnualMaxCapacityInvestment,OPT,GLOBAL,PWRWASARGXX,,,,2049,,,,,,0.0162
TotalAnnualMaxCapacityInvestment,OPT,GLOBAL,PWRWASARGXX,,,,2050,,,,,,0.0162
TotalAnnualMaxCapacityInvestment,OPT,GLOBAL,PWRWONPERXX,,,,2023,,,,,,0.476
TotalAnnualMaxCapacityInvestment,OPT,GLOBAL,PWRWONPERXX,,,,2024,,,,,,0.1788
TotalAnnualMaxCapacityInvestment,OPT,GLOBAL,PWRWONPERXX,,,,2025,,,,,,0.1316
TotalAnnualMaxCapacityInvestment,OPT,GLOBAL,PWRWONPERXX,,,,2026,,,,,,0.1487
TotalAnnualMaxCapacityInvestment,OPT,GLOBAL,PWRWONPERXX,,,,2027,,,,,,0.202
TotalAnnualMaxCapacityInvestment,OPT,GLOBAL,PWRWONPERXX,,,,2028,,,,,,0.1859
TotalAnnualMaxCapacityInvestment,OPT,GLOBAL,PWRWONPERXX,,,,2029,,,,,,0.3131
TotalAnnualMaxCapacityInvestment,OPT,GLOBAL,PWRWONPERXX,,,,2030,,,,,,0.2248
TotalAnnualMaxCapacityInvestment,OPT,GLOBAL,PWRWONPERXX,,,,2031,,,,,,0.2437
TotalAnnualMaxCapacityInvestment,OPT,GLOBAL,PWRWONPERXX,,,,2032,,,,,,0.2612
TotalAnnualMaxCapacityInvestment,OPT,GLOBAL,PWRWONPERXX,,,,2033,,,,,,0.277
TotalAnnualMaxCapacityInvestment,OPT,GLOBAL,PWRWONPERXX,,,,2034,,,,,,0.2901
TotalAnnualMaxCapacityInvestment,OPT,GLOBAL,PWRWONPERXX,,,,2035,,,,,,0.3002
TotalAnnualMaxCapacityInvestment,OPT,GLOBAL,PWRWONPERXX,,,,2036,,,,,,0.3067
TotalAnnualMaxCapacityInvestment,OPT,GLOBAL,PWRWONPERXX,,,,2037,,,,,,0.3094
TotalAnnualMaxCapacityInvestment,OPT,GLOBAL,PWRWONPERXX,,,,2038,,,,,,0.3081
TotalAnnualMaxCapacityInvestment,OPT,GLOBAL,PWRWONPERXX,,,,2039,,,,,,0.3029
TotalAnnualMaxCapacityInvestment,OPT,GLOBAL,PWRWONPERXX,,,,2040,,,,,,0.2942
TotalAnnualMaxCapacityInvestment,OPT,GLOBAL,PWRWONPERXX,,,,2041,,,,,,0.2824
TotalAnnualMaxCapacityInvestment,OPT,GLOBAL,PWRWONPERXX,,,,2042,,,,,,0.268
TotalAnnualMaxCapacityInvestment,OPT,GLOBAL,PWRWONPERXX,,,,2043,,,,,,0.2516
TotalAnnualMaxCapacityInvestment,OPT,GLOBAL,PWRWONPERXX,,,,2044,,,,,,0.2339
TotalAnnualMaxCapacityInvestment,OPT,GLOBAL,PWRWONPERXX,,,,2045,,,,,,0.2154
TotalAnnualMaxCapacityInvestment,OPT,GLOBAL,PWRWONPERXX,,,,2046,,,,,,0.1968
TotalAnnualMaxCapacityInvestment,OPT,GLOBAL,PWRWONPERXX,,,,2047,,,,,,0.1784
TotalAnnualMaxCapacityInvestment,OPT,GLOBAL,PWRWONPERXX,,,,2048,,,,,,0.1606
TotalAnnualMaxCapacityInvestment,OPT,GLOBAL,PWRWONPERXX,,,,2049,,,,,,0.1437
TotalAnnualMaxCapacityInvestment,OPT,GLOBAL,PWRWONPERXX,,,,2050,,,,,,0.1279
TotalAnnualMaxCapacityInvestment,OPT,GLOBAL,PWRWAVPERXX,,,,2023,,,,,,0.0
TotalAnnualMaxCapacityInvestment,OPT,GLOBAL,PWRWAVPERXX,,,,2024,,,,,,0.0
TotalAnnualMaxCapacityInvestment,OPT,GLOBAL,PWRWAVPERXX,,,,2025,,,,,,0.0947
TotalAnnualMaxCapacityInvestment,OPT,GLOBAL,PWRWAVPERXX,,,,2026,,,,,,0.0
TotalAnnualMaxCapacityInvestment,OPT,GLOBAL,PWRWAVPERXX,,,,2027,,,,,,0.0
TotalAnnualMaxCapacityInvestment,OPT,GLOBAL,PWRWAVPERXX,,,,2028,,,,,,0.0
TotalAnnualMaxCapacityInvestment,OPT,GLOBAL,PWRWAVPERXX,,,,2029,,,,,,0.0
TotalAnnualMaxCapacityInvestment,OPT,GLOBAL,PWRWAVPERXX,,,,2030,,,,,,0.0
TotalAnnualMaxCapacityInvestment,OPT,GLOBAL,PWRWAVPERXX,,,,2031,,,,,,0.0
TotalAnnualMaxCapacityInvestment,OPT,GLOBAL,PWRWAVPERXX,,,,2032,,,,,,0.0
TotalAnnualMaxCapacityInvestment,OPT,GLOBAL,PWRWAVPERXX,,,,2033,,,,,,0.0
TotalAnnualMaxCapacityInvestment,OPT,GLOBAL,PWRWAVPERXX,,,,2034,,,,,,0.0
TotalAnnualMaxCapacityInvestment,OPT,GLOBAL,PWRWAVPERXX,,,,2035,,,,,,0.0
TotalAnnualMaxCapacityInvestment,OPT,GLOBAL,PWRWAVPERXX,,,,2036,,,,,,0.0
TotalAnnualMaxCapacityInvestment,OPT,GLOBAL,PWRWAVPERXX,,,,2037,,,,,,0.0
TotalAnnualMaxCapacityInvestment,OPT,GLOBAL,PWRWAVPERXX,,,,2038,,,,,,0.0
TotalAnnualMaxCapacityInvestment,OPT,GLOBAL,PWRWAVPERXX,,,,2039,,,,,,0.0
TotalAnnualMaxCapacityInvestment,OPT,GLOBAL,PWRWAVPERXX,,,,2040,,,,,,0.0
TotalAnnualMaxCapacityInvestment,OPT,GLOBAL,PWRWAVPERXX,,,,2041,,,,,,0.0
TotalAnnualMaxCapacityInvestment,OPT,GLOBAL,PWRWAVPERXX,,,,2042,,,,,,0.0
TotalAnnualMaxCapacityInvestment,OPT,GLOBAL,PWRWAVPERXX,,,,2043,,,,,,0.0
TotalAnnualMaxCapacityInvestment,OPT,GLOBAL,PWRWAVPERXX,,,,2044,,,,,,0.0
TotalAnnualMaxCapacityInvestment,OPT,GLOBAL,PWRWAVPERXX,,,,2045,,,,,,0.0
TotalAnnualMaxCapacityInvestment,OPT,GLOBAL,PWRWAVPERXX,,,,2046,,,,,,0.0
TotalAnnualMaxCapacityInvestment,OPT,GLOBAL,PWRWAVPERXX,,,,2047,,,,,,0.0
TotalAnnualMaxCapacityInvestment,OPT,GLOBAL,PWRWAVPERXX,,,,2048,,,,,,0.0
TotalAnnualMaxCapacityInvestment,OPT,GLOBAL,PWRWAVPERXX,,,,2049,,,,,,0.0
TotalAnnualMaxCapacityInvestment,OPT,GLOBAL,PWRWAVPERXX,,,,2050,,,,,,0.0
TotalAnnualMaxCapacityInvestment,OPT,GLOBAL,PWRWAVBRAXX,,,,2023,,,,,,0.0
TotalAnnualMaxCapacityInvestment,OPT,GLOBAL,PWRWAVBRAXX,,,,2024,,,,,,0.0
TotalAnnualMaxCapacityInvestment,OPT,GLOBAL,PWRWAVBRAXX,,,,2025,,,,,,0.5
TotalAnnualMaxCapacityInvestment,OPT,GLOBAL,PWRWAVBRAXX,,,,2026,,,,,,0.0
TotalAnnualMaxCapacityInvestment,OPT,GLOBAL,PWRWAVBRAXX,,,,2027,,,,,,0.0
TotalAnnualMaxCapacityInvestment,OPT,GLOBAL,PWRWAVBRAXX,,,,2028,,,,,,0.0
TotalAnnualMaxCapacityInvestment,OPT,GLOBAL,PWRWAVBRAXX,,,,2029,,,,,,0.0
TotalAnnualMaxCapacityInvestment,OPT,GLOBAL,PWRWAVBRAXX,,,,2030,,,,,,0.0
TotalAnnualMaxCapacityInvestment,OPT,GLOBAL,PWRWAVBRAXX,,,,2031,,,,,,0.0
TotalAnnualMaxCapacityInvestment,OPT,GLOBAL,PWRWAVBRAXX,,,,2032,,,,,,0.0
TotalAnnualMaxCapacityInvestment,OPT,GLOBAL,PWRWAVBRAXX,,,,2033,,,,,,0.0
TotalAnnualMaxCapacityInvestment,OPT,GLOBAL,PWRWAVBRAXX,,,,2034,,,,,,0.0
TotalAnnualMaxCapacityInvestment,OPT,GLOBAL,PWRWAVBRAXX,,,,2035,,,,,,0.0
TotalAnnualMaxCapacityInvestment,OPT,GLOBAL,PWRWAVBRAXX,,,,2036,,,,,,0.0
TotalAnnualMaxCapacityInvestment,OPT,GLOBAL,PWRWAVBRAXX,,,,2037,,,,,,0.0
TotalAnnualMaxCapacityInvestment,OPT,GLOBAL,PWRWAVBRAXX,,,,2038,,,,,,0.0
TotalAnnualMaxCapacityInvestment,OPT,GLOBAL,PWRWAVBRAXX,,,,2039,,,,,,0.0
TotalAnnualMaxCapacityInvestment,OPT,GLOBAL,PWRWAVBRAXX,,,,2040,,,,,,0.0
TotalAnnualMaxCapacityInvestment,OPT,GLOBAL,PWRWAVBRAXX,,,,2041,,,,,,0.0
TotalAnnualMaxCapacityInvestment,OPT,GLOBAL,PWRWAVBRAXX,,,,2042,,,,,,0.0
TotalAnnualMaxCapacityInvestment,OPT,GLOBAL,PWRWAVBRAXX,,,,2043,,,,,,0.0
TotalAnnualMaxCapacityInvestment,OPT,GLOBAL,PWRWAVBRAXX,,,,2044,,,,,,0.0
TotalAnnualMaxCapacityInvestment,OPT,GLOBAL,PWRWAVBRAXX,,,,2045,,,,,,0.0
TotalAnnualMaxCapacityInvestment,OPT,GLOBAL,PWRWAVBRAXX,,,,2046,,,,,,0.0
TotalAnnualMaxCapacityInvestment,OPT,GLOBAL,PWRWAVBRAXX,,,,2047,,,,,,0.0
TotalAnnualMaxCapacityInvestment,OPT,GLOBAL,PWRWAVBRAXX,,,,2048,,,,,,0.0
TotalAnnualMaxCapacityInvestment,OPT,GLOBAL,PWRWAVBRAXX,,,,2049,,,,,,0.0
TotalAnnualMaxCapacityInvestment,OPT,GLOBAL,PWRWAVBRAXX,,,,2050,,,,,,0.0
TotalAnnualMaxCapacityInvestment,OPT,GLOBAL,PWRWAVARGXX,,,,2023,,,,,,0.0
TotalAnnualMaxCapacityInvestment,OPT,GLOBAL,PWRWAVARGXX,,,,2024,,,,,,0.0
TotalAnnualMaxCapacityInvestment,OPT,GLOBAL,PWRWAVARGXX,,,,2025,,,,,,0.0751
TotalAnnualMaxCapacityInvestment,OPT,GLOBAL,PWRWAVARGXX,,,,2026,,,,,,0.0
TotalAnnualMaxCapacityInvestment,OPT,GLOBAL,PWRWAVARGXX,,,,2027,,,,,,0.0
TotalAnnualMaxCapacityInvestment,OPT,GLOBAL,PWRWAVARGXX,,,,2028,,,,,,0.0
TotalAnnualMaxCapacityInvestment,OPT,GLOBAL,PWRWAVARGXX,,,,2029,,,,,,0.0
TotalAnnualMaxCapacityInvestment,OPT,GLOBAL,PWRWAVARGXX,,,,2030,,,,,,0.0
TotalAnnualMaxCapacityInvestment,OPT,GLOBAL,PWRWAVARGXX,,,,2031,,,,,,0.0
TotalAnnualMaxCapacityInvestment,OPT,GLOBAL,PWRWAVARGXX,,,,2032,,,,,,0.0
TotalAnnualMaxCapacityInvestment,OPT,GLOBAL,PWRWAVARGXX,,,,2033,,,,,,0.0
TotalAnnualMaxCapacityInvestment,OPT,GLOBAL,PWRWAVARGXX,,,,2034,,,,,,0.0
TotalAnnualMaxCapacityInvestment,OPT,GLOBAL,PWRWAVARGXX,,,,2035,,,,,,0.0
TotalAnnualMaxCapacityInvestment,OPT,GLOBAL,PWRWAVARGXX,,,,2036,,,,,,0.0
TotalAnnualMaxCapacityInvestment,OPT,GLOBAL,PWRWAVARGXX,,,,2037,,,,,,0.0
TotalAnnualMaxCapacityInvestment,OPT,GLOBAL,PWRWAVARGXX,,,,2038,,,,,,0.0
TotalAnnualMaxCapacityInvestment,OPT,GLOBAL,PWRWAVARGXX,,,,2039,,,,,,0.0
TotalAnnualMaxCapacityInvestment,OPT,GLOBAL,PWRWAVARGXX,,,,2040,,,,,,0.0
TotalAnnualMaxCapacityInvestment,OPT,GLOBAL,PWRWAVARGXX,,,,2041,,,,,,0.0
TotalAnnualMaxCapacityInvestment,OPT,GLOBAL,PWRWAVARGXX,,,,2042,,,,,,0.0
TotalAnnualMaxCapacityInvestment,OPT,GLOBAL,PWRWAVARGXX,,,,2043,,,,,,0.0
TotalAnnualMaxCapacityInvestment,OPT,GLOBAL,PWRWAVARGXX,,,,2044,,,,,,0.0
TotalAnnualMaxCapacityInvestment,OPT,GLOBAL,PWRWAVARGXX,,,,2045,,,,,,0.0
TotalAnnualMaxCapacityInvestment,OPT,GLOBAL,PWRWAVARGXX,,,,2046,,,,,,0.0
TotalAnnualMaxCapacityInvestment,OPT,GLOBAL,PWRWAVARGXX,,,,2047,,,,,,0.0
TotalAnnualMaxCapacityInvestment,OPT,GLOBAL,PWRWAVARGXX,,,,2048,,,,,,0.0
TotalAnnualMaxCapacityInvestment,OPT,GLOBAL,PWRWAVARGXX,,,,2049,,,,,,0.0
TotalAnnualMaxCapacityInvestment,OPT,GLOBAL,PWRWAVARGXX,,,,2050,,,,,,0.0
TotalAnnualMaxCapacityInvestment,OPT,GLOBAL,PWRNGSPANXX,,,,2023,,,,,,0.0
TotalAnnualMaxCapacityInvestment,OPT,GLOBAL,PWRNGSPANXX,,,,2024,,,,,,0.0
TotalAnnualMaxCapacityInvestment,OPT,GLOBAL,PWRNGSPANXX,,,,2025,,,,,,0.0072
TotalAnnualMaxCapacityInvestment,OPT,GLOBAL,PWRNGSPANXX,,,,2026,,,,,,0.0072
TotalAnnualMaxCapacityInvestment,OPT,GLOBAL,PWRNGSPANXX,,,,2027,,,,,,0.0072
TotalAnnualMaxCapacityInvestment,OPT,GLOBAL,PWRNGSPANXX,,,,2028,,,,,,0.2525
TotalAnnualMaxCapacityInvestment,OPT,GLOBAL,PWRNGSPANXX,,,,2029,,,,,,0.0072
TotalAnnualMaxCapacityInvestment,OPT,GLOBAL,PWRNGSPANXX,,,,2030,,,,,,0.0072
TotalAnnualMaxCapacityInvestment,OPT,GLOBAL,PWRNGSPANXX,,,,2031,,,,,,0.0072
TotalAnnualMaxCapacityInvestment,OPT,GLOBAL,PWRNGSPANXX,,,,2032,,,,,,0.3131
TotalAnnualMaxCapacityInvestment,OPT,GLOBAL,PWRNGSPANXX,,,,2033,,,,,,0.0072
TotalAnnualMaxCapacityInvestment,OPT,GLOBAL,PWRNGSPANXX,,,,2034,,,,,,0.2525
TotalAnnualMaxCapacityInvestment,OPT,GLOBAL,PWRNGSPANXX,,,,2035,,,,,,0.0505
TotalAnnualMaxCapacityInvestment,OPT,GLOBAL,PWRNGSPANXX,,,,2036,,,,,,0.0028
TotalAnnualMaxCapacityInvestment,OPT,GLOBAL,PWRNGSPANXX,,,,2037,,,,,,0.0028
TotalAnnualMaxCapacityInvestment,OPT,GLOBAL,PWRNGSPANXX,,,,2038,,,,,,0.0028
TotalAnnualMaxCapacityInvestment,OPT,GLOBAL,PWRNGSPANXX,,,,2039,,,,,,0.0028
TotalAnnualMaxCapacityInvestment,OPT,GLOBAL,PWRNGSPANXX,,,,2040,,,,,,0.0028
TotalAnnualMaxCapacityInvestment,OPT,GLOBAL,PWRNGSPANXX,,,,2041,,,,,,0.0028
TotalAnnualMaxCapacityInvestment,OPT,GLOBAL,PWRNGSPANXX,,,,2042,,,,,,0.0028
TotalAnnualMaxCapacityInvestment,OPT,GLOBAL,PWRNGSPANXX,,,,2043,,,,,,0.0028
TotalAnnualMaxCapacityInvestment,OPT,GLOBAL,PWRNGSPANXX,,,,2044,,,,,,0.0028
TotalAnnualMaxCapacityInvestment,OPT,GLOBAL,PWRNGSPANXX,,,,2045,,,,,,0.0028
TotalAnnualMaxCapacityInvestment,OPT,GLOBAL,PWRNGSPANXX,,,,2046,,,,,,0.0028
TotalAnnualMaxCapacityInvestment,OPT,GLOBAL,PWRNGSPANXX,,,,2047,,,,,,0.0028
TotalAnnualMaxCapacityInvestment,OPT,GLOBAL,PWRNGSPANXX,,,,2048,,,,,,0.0028
TotalAnnualMaxCapacityInvestment,OPT,GLOBAL,PWRNGSPANXX,,,,2049,,,,,,0.0028
TotalAnnualMaxCapacityInvestment,OPT,GLOBAL,PWRNGSPANXX,,,,2050,,,,,,0.0028
TotalAnnualMaxCapacityInvestment,OPT,GLOBAL,PWRWASPERXX,,,,2023,,,,,,0.5889
TotalAnnualMaxCapacityInvestment,OPT,GLOBAL,PWRWASPERXX,,,,2024,,,,,,0.6141
TotalAnnualMaxCapacityInvestment,OPT,GLOBAL,PWRWASPERXX,,,,2025,,,,,,0.0129
TotalAnnualMaxCapacityInvestment,OPT,GLOBAL,PWRWASPERXX,,,,2026,,,,,,0.0129
TotalAnnualMaxCapacityInvestment,OPT,GLOBAL,PWRWASPERXX,,,,2027,,,,,,0.0129
TotalAnnualMaxCapacityInvestment,OPT,GLOBAL,PWRWASPERXX,,,,2028,,,,,,0.0129
TotalAnnualMaxCapacityInvestment,OPT,GLOBAL,PWRWASPERXX,,,,2029,,,,,,0.0129
TotalAnnualMaxCapacityInvestment,OPT,GLOBAL,PWRWASPERXX,,,,2030,,,,,,0.0129
TotalAnnualMaxCapacityInvestment,OPT,GLOBAL,PWRWASPERXX,,,,2031,,,,,,0.0129
TotalAnnualMaxCapacityInvestment,OPT,GLOBAL,PWRWASPERXX,,,,2032,,,,,,0.0129
TotalAnnualMaxCapacityInvestment,OPT,GLOBAL,PWRWASPERXX,,,,2033,,,,,,0.0129
TotalAnnualMaxCapacityInvestment,OPT,GLOBAL,PWRWASPERXX,,,,2034,,,,,,0.0129
TotalAnnualMaxCapacityInvestment,OPT,GLOBAL,PWRWASPERXX,,,,2035,,,,,,0.0129
TotalAnnualMaxCapacityInvestment,OPT,GLOBAL,PWRWASPERXX,,,,2036,,,,,,0.0106
TotalAnnualMaxCapacityInvestment,OPT,GLOBAL,PWRWASPERXX,,,,2037,,,,,,0.0106
TotalAnnualMaxCapacityInvestment,OPT,GLOBAL,PWRWASPERXX,,,,2038,,,,,,0.0106
TotalAnnualMaxCapacityInvestment,OPT,GLOBAL,PWRWASPERXX,,,,2039,,,,,,0.0106
TotalAnnualMaxCapacityInvestment,OPT,GLOBAL,PWRWASPERXX,,,,2040,,,,,,0.0106
TotalAnnualMaxCapacityInvestment,OPT,GLOBAL,PWRWASPERXX,,,,2041,,,,,,0.0106
TotalAnnualMaxCapacityInvestment,OPT,GLOBAL,PWRWASPERXX,,,,2042,,,,,,0.0106
TotalAnnualMaxCapacityInvestment,OPT,GLOBAL,PWRWASPERXX,,,,2043,,,,,,0.0106
TotalAnnualMaxCapacityInvestment,OPT,GLOBAL,PWRWASPERXX,,,,2044,,,,,,0.0106
TotalAnnualMaxCapacityInvestment,OPT,GLOBAL,PWRWASPERXX,,,,2045,,,,,,0.0106
TotalAnnualMaxCapacityInvestment,OPT,GLOBAL,PWRWASPERXX,,,,2046,,,,,,0.0106
TotalAnnualMaxCapacityInvestment,OPT,GLOBAL,PWRWASPERXX,,,,2047,,,,,,0.0106
TotalAnnualMaxCapacityInvestment,OPT,GLOBAL,PWRWASPERXX,,,,2048,,,,,,0.0106
TotalAnnualMaxCapacityInvestment,OPT,GLOBAL,PWRWASPERXX,,,,2049,,,,,,0.0106
TotalAnnualMaxCapacityInvestment,OPT,GLOBAL,PWRWASPERXX,,,,2050,,,,,,0.0106
TotalAnnualMaxCapacityInvestment,OPT,GLOBAL,PWRWAVCRIXX,,,,2023,,,,,,0.0
TotalAnnualMaxCapacityInvestment,OPT,GLOBAL,PWRWAVCRIXX,,,,2024,,,,,,0.0
TotalAnnualMaxCapacityInvestment,OPT,GLOBAL,PWRWAVCRIXX,,,,2025,,,,,,0.0193
TotalAnnualMaxCapacityInvestment,OPT,GLOBAL,PWRWAVCRIXX,,,,2026,,,,,,0.0
TotalAnnualMaxCapacityInvestment,OPT,GLOBAL,PWRWAVCRIXX,,,,2027,,,,,,0.0
TotalAnnualMaxCapacityInvestment,OPT,GLOBAL,PWRWAVCRIXX,,,,2028,,,,,,0.0
TotalAnnualMaxCapacityInvestment,OPT,GLOBAL,PWRWAVCRIXX,,,,2029,,,,,,0.0
TotalAnnualMaxCapacityInvestment,OPT,GLOBAL,PWRWAVCRIXX,,,,2030,,,,,,0.0
TotalAnnualMaxCapacityInvestment,OPT,GLOBAL,PWRWAVCRIXX,,,,2031,,,,,,0.0
TotalAnnualMaxCapacityInvestment,OPT,GLOBAL,PWRWAVCRIXX,,,,2032,,,,,,0.0
TotalAnnualMaxCapacityInvestment,OPT,GLOBAL,PWRWAVCRIXX,,,,2033,,,,,,0.0
TotalAnnualMaxCapacityInvestment,OPT,GLOBAL,PWRWAVCRIXX,,,,2034,,,,,,0.0
TotalAnnualMaxCapacityInvestment,OPT,GLOBAL,PWRWAVCRIXX,,,,2035,,,,,,0.0
TotalAnnualMaxCapacityInvestment,OPT,GLOBAL,PWRWAVCRIXX,,,,2036,,,,,,0.0
TotalAnnualMaxCapacityInvestment,OPT,GLOBAL,PWRWAVCRIXX,,,,2037,,,,,,0.0
TotalAnnualMaxCapacityInvestment,OPT,GLOBAL,PWRWAVCRIXX,,,,2038,,,,,,0.0
TotalAnnualMaxCapacityInvestment,OPT,GLOBAL,PWRWAVCRIXX,,,,2039,,,,,,0.0
TotalAnnualMaxCapacityInvestment,OPT,GLOBAL,PWRWAVCRIXX,,,,2040,,,,,,0.0
TotalAnnualMaxCapacityInvestment,OPT,GLOBAL,PWRWAVCRIXX,,,,2041,,,,,,0.0
TotalAnnualMaxCapacityInvestment,OPT,GLOBAL,PWRWAVCRIXX,,,,2042,,,,,,0.0
TotalAnnualMaxCapacityInvestment,OPT,GLOBAL,PWRWAVCRIXX,,,,2043,,,,,,0.0
TotalAnnualMaxCapacityInvestment,OPT,GLOBAL,PWRWAVCRIXX,,,,2044,,,,,,0.0
TotalAnnualMaxCapacityInvestment,OPT,GLOBAL,PWRWAVCRIXX,,,,2045,,,,,,0.0
TotalAnnualMaxCapacityInvestment,OPT,GLOBAL,PWRWAVCRIXX,,,,2046,,,,,,0.0
TotalAnnualMaxCapacityInvestment,OPT,GLOBAL,PWRWAVCRIXX,,,,2047,,,,,,0.0
TotalAnnualMaxCapacityInvestment,OPT,GLOBAL,PWRWAVCRIXX,,,,2048,,,,,,0.0
TotalAnnualMaxCapacityInvestment,OPT,GLOBAL,PWRWAVCRIXX,,,,2049,,,,,,0.0
TotalAnnualMaxCapacityInvestment,OPT,GLOBAL,PWRWAVCRIXX,,,,2050,,,,,,0.0
TotalAnnualMaxCapacityInvestment,OPT,GLOBAL,PWRGEOGTMXX,,,,2023,,,,,,0.0167
TotalAnnualMaxCapacityInvestment,OPT,GLOBAL,PWRGEOGTMXX,,,,2024,,,,,,0.0172
TotalAnnualMaxCapacityInvestment,OPT,GLOBAL,PWRGEOGTMXX,,,,2025,,,,,,0.0021
TotalAnnualMaxCapacityInvestment,OPT,GLOBAL,PWRGEOGTMXX,,,,2026,,,,,,0.0021
TotalAnnualMaxCapacityInvestment,OPT,GLOBAL,PWRGEOGTMXX,,,,2027,,,,,,0.0021
TotalAnnualMaxCapacityInvestment,OPT,GLOBAL,PWRGEOGTMXX,,,,2028,,,,,,0.0021
TotalAnnualMaxCapacityInvestment,OPT,GLOBAL,PWRGEOGTMXX,,,,2029,,,,,,0.0021
TotalAnnualMaxCapacityInvestment,OPT,GLOBAL,PWRGEOGTMXX,,,,2030,,,,,,0.0021
TotalAnnualMaxCapacityInvestment,OPT,GLOBAL,PWRGEOGTMXX,,,,2031,,,,,,0.0021
TotalAnnualMaxCapacityInvestment,OPT,GLOBAL,PWRGEOGTMXX,,,,2032,,,,,,0.0021
TotalAnnualMaxCapacityInvestment,OPT,GLOBAL,PWRGEOGTMXX,,,,2033,,,,,,0.0021
TotalAnnualMaxCapacityInvestment,OPT,GLOBAL,PWRGEOGTMXX,,,,2034,,,,,,0.0021
TotalAnnualMaxCapacityInvestment,OPT,GLOBAL,PWRGEOGTMXX,,,,2035,,,,,,0.0021
TotalAnnualMaxCapacityInvestment,OPT,GLOBAL,PWRGEOGTMXX,,,,2036,,,,,,0.0031
TotalAnnualMaxCapacityInvestment,OPT,GLOBAL,PWRGEOGTMXX,,,,2037,,,,,,0.0031
TotalAnnualMaxCapacityInvestment,OPT,GLOBAL,PWRGEOGTMXX,,,,2038,,,,,,0.0031
TotalAnnualMaxCapacityInvestment,OPT,GLOBAL,PWRGEOGTMXX,,,,2039,,,,,,0.0031
TotalAnnualMaxCapacityInvestment,OPT,GLOBAL,PWRGEOGTMXX,,,,2040,,,,,,0.012
TotalAnnualMaxCapacityInvestment,OPT,GLOBAL,PWRGEOGTMXX,,,,2041,,,,,,0.012
TotalAnnualMaxCapacityInvestment,OPT,GLOBAL,PWRGEOGTMXX,,,,2042,,,,,,0.012
TotalAnnualMaxCapacityInvestment,OPT,GLOBAL,PWRGEOGTMXX,,,,2043,,,,,,0.012
TotalAnnualMaxCapacityInvestment,OPT,GLOBAL,PWRGEOGTMXX,,,,2044,,,,,,0.0031
TotalAnnualMaxCapacityInvestment,OPT,GLOBAL,PWRGEOGTMXX,,,,2045,,,,,,0.0031
TotalAnnualMaxCapacityInvestment,OPT,GLOBAL,PWRGEOGTMXX,,,,2046,,,,,,0.0031
TotalAnnualMaxCapacityInvestment,OPT,GLOBAL,PWRGEOGTMXX,,,,2047,,,,,,0.0031
TotalAnnualMaxCapacityInvestment,OPT,GLOBAL,PWRGEOGTMXX,,,,2048,,,,,,0.0031
TotalAnnualMaxCapacityInvestment,OPT,GLOBAL,PWRGEOGTMXX,,,,2049,,,,,,0.0031
TotalAnnualMaxCapacityInvestment,OPT,GLOBAL,PWRGEOGTMXX,,,,2050,,,,,,0.0031
TotalAnnualMaxCapacityInvestment,OPT,GLOBAL,PWRHYDHTIXX,,,,2023,,,,,,0.0023
TotalAnnualMaxCapacityInvestment,OPT,GLOBAL,PWRHYDHTIXX,,,,2024,,,,,,0.0024
TotalAnnualMaxCapacityInvestment,OPT,GLOBAL,PWRHYDHTIXX,,,,2025,,,,,,0.0
TotalAnnualMaxCapacityInvestment,OPT,GLOBAL,PWRHYDHTIXX,,,,2026,,,,,,0.0
TotalAnnualMaxCapacityInvestment,OPT,GLOBAL,PWRHYDHTIXX,,,,2027,,,,,,0.0
TotalAnnualMaxCapacityInvestment,OPT,GLOBAL,PWRHYDHTIXX,,,,2028,,,,,,0.0
TotalAnnualMaxCapacityInvestment,OPT,GLOBAL,PWRHYDHTIXX,,,,2029,,,,,,0.0
TotalAnnualMaxCapacityInvestment,OPT,GLOBAL,PWRHYDHTIXX,,,,2030,,,,,,0.0
TotalAnnualMaxCapacityInvestment,OPT,GLOBAL,PWRHYDHTIXX,,,,2031,,,,,,0.0
TotalAnnualMaxCapacityInvestment,OPT,GLOBAL,PWRHYDHTIXX,,,,2032,,,,,,0.0
TotalAnnualMaxCapacityInvestment,OPT,GLOBAL,PWRHYDHTIXX,,,,2033,,,,,,0.0
TotalAnnualMaxCapacityInvestment,OPT,GLOBAL,PWRHYDHTIXX,,,,2034,,,,,,0.0
TotalAnnualMaxCapacityInvestment,OPT,GLOBAL,PWRHYDHTIXX,,,,2035,,,,,,0.0
TotalAnnualMaxCapacityInvestment,OPT,GLOBAL,PWRHYDHTIXX,,,,2036,,,,,,0.0
TotalAnnualMaxCapacityInvestment,OPT,GLOBAL,PWRHYDHTIXX,,,,2037,,,,,,0.0
TotalAnnualMaxCapacityInvestment,OPT,GLOBAL,PWRHYDHTIXX,,,,2038,,,,,,0.0
TotalAnnualMaxCapacityInvestment,OPT,GLOBAL,PWRHYDHTIXX,,,,2039,,,,,,0.0
TotalAnnualMaxCapacityInvestment,OPT,GLOBAL,PWRHYDHTIXX,,,,2040,,,,,,0.0
TotalAnnualMaxCapacityInvestment,OPT,GLOBAL,PWRHYDHTIXX,,,,2041,,,,,,0.0
TotalAnnualMaxCapacityInvestment,OPT,GLOBAL,PWRHYDHTIXX,,,,2042,,,,,,0.0
TotalAnnualMaxCapacityInvestment,OPT,GLOBAL,PWRHYDHTIXX,,,,2043,,,,,,0.0
TotalAnnualMaxCapacityInvestment,OPT,GLOBAL,PWRHYDHTIXX,,,,2044,,,,,,0.0
TotalAnnualMaxCapacityInvestment,OPT,GLOBAL,PWRHYDHTIXX,,,,2045,,,,,,0.0
TotalAnnualMaxCapacityInvestment,OPT,GLOBAL,PWRHYDHTIXX,,,,2046,,,,,,0.0
TotalAnnualMaxCapacityInvestment,OPT,GLOBAL,PWRHYDHTIXX,,,,2047,,,,,,0.0
TotalAnnualMaxCapacityInvestment,OPT,GLOBAL,PWRHYDHTIXX,,,,2048,,,,,,0.0
TotalAnnualMaxCapacityInvestment,OPT,GLOBAL,PWRHYDHTIXX,,,,2049,,,,,,0.0
TotalAnnualMaxCapacityInvestment,OPT,GLOBAL,PWRHYDHTIXX,,,,2050,,,,,,0.0
TotalAnnualMaxCapacityInvestment,OPT,GLOBAL,PWRGEOARGXX,,,,2023,,,,,,0.1951
TotalAnnualMaxCapacityInvestment,OPT,GLOBAL,PWRGEOARGXX,,,,2024,,,,,,0.2
TotalAnnualMaxCapacityInvestment,OPT,GLOBAL,PWRGEOARGXX,,,,2025,,,,,,0.0
TotalAnnualMaxCapacityInvestment,OPT,GLOBAL,PWRGEOARGXX,,,,2026,,,,,,0.2162
TotalAnnualMaxCapacityInvestment,OPT,GLOBAL,PWRGEOARGXX,,,,2027,,,,,,0.2247
TotalAnnualMaxCapacityInvestment,OPT,GLOBAL,PWRGEOARGXX,,,,2028,,,,,,0.2335
TotalAnnualMaxCapacityInvestment,OPT,GLOBAL,PWRGEOARGXX,,,,2029,,,,,,0.2426
TotalAnnualMaxCapacityInvestment,OPT,GLOBAL,PWRGEOARGXX,,,,2030,,,,,,0.2519
TotalAnnualMaxCapacityInvestment,OPT,GLOBAL,PWRGEOARGXX,,,,2031,,,,,,0.2616
TotalAnnualMaxCapacityInvestment,OPT,GLOBAL,PWRGEOARGXX,,,,2032,,,,,,0.2715
TotalAnnualMaxCapacityInvestment,OPT,GLOBAL,PWRGEOARGXX,,,,2033,,,,,,0.2818
TotalAnnualMaxCapacityInvestment,OPT,GLOBAL,PWRGEOARGXX,,,,2034,,,,,,0.2924
TotalAnnualMaxCapacityInvestment,OPT,GLOBAL,PWRGEOARGXX,,,,2035,,,,,,0.3033
TotalAnnualMaxCapacityInvestment,OPT,GLOBAL,PWRGEOARGXX,,,,2036,,,,,,0.3167
TotalAnnualMaxCapacityInvestment,OPT,GLOBAL,PWRGEOARGXX,,,,2037,,,,,,0.3305
TotalAnnualMaxCapacityInvestment,OPT,GLOBAL,PWRGEOARGXX,,,,2038,,,,,,0.3447
TotalAnnualMaxCapacityInvestment,OPT,GLOBAL,PWRGEOARGXX,,,,2039,,,,,,0.3592
TotalAnnualMaxCapacityInvestment,OPT,GLOBAL,PWRGEOARGXX,,,,2040,,,,,,0.3742
TotalAnnualMaxCapacityInvestment,OPT,GLOBAL,PWRGEOARGXX,,,,2041,,,,,,0.3895
TotalAnnualMaxCapacityInvestment,OPT,GLOBAL,PWRGEOARGXX,,,,2042,,,,,,0.4053
TotalAnnualMaxCapacityInvestment,OPT,GLOBAL,PWRGEOARGXX,,,,2043,,,,,,0.4215
TotalAnnualMaxCapacityInvestment,OPT,GLOBAL,PWRGEOARGXX,,,,2044,,,,,,0.4381
TotalAnnualMaxCapacityInvestment,OPT,GLOBAL,PWRGEOARGXX,,,,2045,,,,,,0.4552
TotalAnnualMaxCapacityInvestment,OPT,GLOBAL,PWRGEOARGXX,,,,2046,,,,,,0.4727
TotalAnnualMaxCapacityInvestment,OPT,GLOBAL,PWRGEOARGXX,,,,2047,,,,,,0.4907
TotalAnnualMaxCapacityInvestment,OPT,GLOBAL,PWRGEOARGXX,,,,2048,,,,,,0.5091
TotalAnnualMaxCapacityInvestment,OPT,GLOBAL,PWRGEOARGXX,,,,2049,,,,,,0.5281
TotalAnnualMaxCapacityInvestment,OPT,GLOBAL,PWRGEOARGXX,,,,2050,,,,,,0.5475
TotalAnnualMaxCapacityInvestment,OPT,GLOBAL,PWROILPERXX,,,,2023,,,,,,0.5889
TotalAnnualMaxCapacityInvestment,OPT,GLOBAL,PWROILPERXX,,,,2024,,,,,,0.6141
TotalAnnualMaxCapacityInvestment,OPT,GLOBAL,PWROILPERXX,,,,2025,,,,,,0.0
TotalAnnualMaxCapacityInvestment,OPT,GLOBAL,PWROILPERXX,,,,2026,,,,,,0.0
TotalAnnualMaxCapacityInvestment,OPT,GLOBAL,PWROILPERXX,,,,2027,,,,,,0.0
TotalAnnualMaxCapacityInvestment,OPT,GLOBAL,PWROILPERXX,,,,2028,,,,,,0.0
TotalAnnualMaxCapacityInvestment,OPT,GLOBAL,PWROILPERXX,,,,2029,,,,,,0.0
TotalAnnualMaxCapacityInvestment,OPT,GLOBAL,PWROILPERXX,,,,2030,,,,,,0.0
TotalAnnualMaxCapacityInvestment,OPT,GLOBAL,PWROILPERXX,,,,2031,,,,,,0.0
TotalAnnualMaxCapacityInvestment,OPT,GLOBAL,PWROILPERXX,,,,2032,,,,,,0.0
TotalAnnualMaxCapacityInvestment,OPT,GLOBAL,PWROILPERXX,,,,2033,,,,,,0.0
TotalAnnualMaxCapacityInvestment,OPT,GLOBAL,PWROILPERXX,,,,2034,,,,,,0.0
TotalAnnualMaxCapacityInvestment,OPT,GLOBAL,PWROILPERXX,,,,2035,,,,,,0.0
TotalAnnualMaxCapacityInvestment,OPT,GLOBAL,PWROILPERXX,,,,2036,,,,,,0.0
TotalAnnualMaxCapacityInvestment,OPT,GLOBAL,PWROILPERXX,,,,2037,,,,,,0.0
TotalAnnualMaxCapacityInvestment,OPT,GLOBAL,PWROILPERXX,,,,2038,,,,,,0.0
TotalAnnualMaxCapacityInvestment,OPT,GLOBAL,PWROILPERXX,,,,2039,,,,,,0.0
TotalAnnualMaxCapacityInvestment,OPT,GLOBAL,PWROILPERXX,,,,2040,,,,,,0.0
TotalAnnualMaxCapacityInvestment,OPT,GLOBAL,PWROILPERXX,,,,2041,,,,,,0.0
TotalAnnualMaxCapacityInvestment,OPT,GLOBAL,PWROILPERXX,,,,2042,,,,,,0.0
TotalAnnualMaxCapacityInvestment,OPT,GLOBAL,PWROILPERXX,,,,2043,,,,,,0.0
TotalAnnualMaxCapacityInvestment,OPT,GLOBAL,PWROILPERXX,,,,2044,,,,,,0.0
TotalAnnualMaxCapacityInvestment,OPT,GLOBAL,PWROILPERXX,,,,2045,,,,,,0.0
TotalAnnualMaxCapacityInvestment,OPT,GLOBAL,PWROILPERXX,,,,2046,,,,,,0.0
TotalAnnualMaxCapacityInvestment,OPT,GLOBAL,PWROILPERXX,,,,2047,,,,,,0.0
TotalAnnualMaxCapacityInvestment,OPT,GLOBAL,PWROILPERXX,,,,2048,,,,,,0.0
TotalAnnualMaxCapacityInvestment,OPT,GLOBAL,PWROILPERXX,,,,2049,,,,,,0.0
TotalAnnualMaxCapacityInvestment,OPT,GLOBAL,PWROILPERXX,,,,2050,,,,,,0.0
TotalAnnualMaxCapacityInvestment,OPT,GLOBAL,PWRPETBOLXX,,,,2023,,,,,,0.1464
TotalAnnualMaxCapacityInvestment,OPT,GLOBAL,PWRPETBOLXX,,,,2024,,,,,,0.1558
TotalAnnualMaxCapacityInvestment,OPT,GLOBAL,PWRPETBOLXX,,,,2025,,,,,,0.0
TotalAnnualMaxCapacityInvestment,OPT,GLOBAL,PWRPETBOLXX,,,,2026,,,,,,0.0
TotalAnnualMaxCapacityInvestment,OPT,GLOBAL,PWRPETBOLXX,,,,2027,,,,,,0.0
TotalAnnualMaxCapacityInvestment,OPT,GLOBAL,PWRPETBOLXX,,,,2028,,,,,,0.0
TotalAnnualMaxCapacityInvestment,OPT,GLOBAL,PWRPETBOLXX,,,,2029,,,,,,0.0
TotalAnnualMaxCapacityInvestment,OPT,GLOBAL,PWRPETBOLXX,,,,2030,,,,,,0.0
TotalAnnualMaxCapacityInvestment,OPT,GLOBAL,PWRPETBOLXX,,,,2031,,,,,,0.0
TotalAnnualMaxCapacityInvestment,OPT,GLOBAL,PWRPETBOLXX,,,,2032,,,,,,0.0
TotalAnnualMaxCapacityInvestment,OPT,GLOBAL,PWRPETBOLXX,,,,2033,,,,,,0.0
TotalAnnualMaxCapacityInvestment,OPT,GLOBAL,PWRPETBOLXX,,,,2034,,,,,,0.0
TotalAnnualMaxCapacityInvestment,OPT,GLOBAL,PWRPETBOLXX,,,,2035,,,,,,0.0
TotalAnnualMaxCapacityInvestment,OPT,GLOBAL,PWRPETBOLXX,,,,2036,,,,,,0.0
TotalAnnualMaxCapacityInvestment,OPT,GLOBAL,PWRPETBOLXX,,,,2037,,,,,,0.0
TotalAnnualMaxCapacityInvestment,OPT,GLOBAL,PWRPETBOLXX,,,,2038,,,,,,0.0
TotalAnnualMaxCapacityInvestment,OPT,GLOBAL,PWRPETBOLXX,,,,2039,,,,,,0.0
TotalAnnualMaxCapacityInvestment,OPT,GLOBAL,PWRPETBOLXX,,,,2040,,,,,,0.0
TotalAnnualMaxCapacityInvestment,OPT,GLOBAL,PWRPETBOLXX,,,,2041,,,,,,0.0
TotalAnnualMaxCapacityInvestment,OPT,GLOBAL,PWRPETBOLXX,,,,2042,,,,,,0.0
TotalAnnualMaxCapacityInvestment,OPT,GLOBAL,PWRPETBOLXX,,,,2043,,,,,,0.0
TotalAnnualMaxCapacityInvestment,OPT,GLOBAL,PWRPETBOLXX,,,,2044,,,,,,0.0
TotalAnnualMaxCapacityInvestment,OPT,GLOBAL,PWRPETBOLXX,,,,2045,,,,,,0.0
TotalAnnualMaxCapacityInvestment,OPT,GLOBAL,PWRPETBOLXX,,,,2046,,,,,,0.0
TotalAnnualMaxCapacityInvestment,OPT,GLOBAL,PWRPETBOLXX,,,,2047,,,,,,0.0
TotalAnnualMaxCapacityInvestment,OPT,GLOBAL,PWRPETBOLXX,,,,2048,,,,,,0.0
TotalAnnualMaxCapacityInvestment,OPT,GLOBAL,PWRPETBOLXX,,,,2049,,,,,,0.0
TotalAnnualMaxCapacityInvestment,OPT,GLOBAL,PWRPETBOLXX,,,,2050,,,,,,0.0
TotalAnnualMaxCapacityInvestment,OPT,GLOBAL,PWRHYDECUXX,,,,2023,,,,,,0.043
TotalAnnualMaxCapacityInvestment,OPT,GLOBAL,PWRHYDECUXX,,,,2024,,,,,,0.0445
TotalAnnualMaxCapacityInvestment,OPT,GLOBAL,PWRHYDECUXX,,,,2025,,,,,,0.209
TotalAnnualMaxCapacityInvestment,OPT,GLOBAL,PWRHYDECUXX,,,,2026,,,,,,0.115
TotalAnnualMaxCapacityInvestment,OPT,GLOBAL,PWRHYDECUXX,,,,2027,,,,,,0.2101
TotalAnnualMaxCapacityInvestment,OPT,GLOBAL,PWRHYDECUXX,,,,2028,,,,,,0.2525
TotalAnnualMaxCapacityInvestment,OPT,GLOBAL,PWRHYDECUXX,,,,2029,,,,,,0.0871
TotalAnnualMaxCapacityInvestment,OPT,GLOBAL,PWRHYDECUXX,,,,2030,,,,,,0.8541
TotalAnnualMaxCapacityInvestment,OPT,GLOBAL,PWRHYDECUXX,,,,2031,,,,,,1.212
TotalAnnualMaxCapacityInvestment,OPT,GLOBAL,PWRHYDECUXX,,,,2032,,,,,,1.212
TotalAnnualMaxCapacityInvestment,OPT,GLOBAL,PWRHYDECUXX,,,,2033,,,,,,0.0871
TotalAnnualMaxCapacityInvestment,OPT,GLOBAL,PWRHYDECUXX,,,,2034,,,,,,0.0871
TotalAnnualMaxCapacityInvestment,OPT,GLOBAL,PWRHYDECUXX,,,,2035,,,,,,0.0871
TotalAnnualMaxCapacityInvestment,OPT,GLOBAL,PWRHYDECUXX,,,,2036,,,,,,0.1013
TotalAnnualMaxCapacityInvestment,OPT,GLOBAL,PWRHYDECUXX,,,,2037,,,,,,0.1013
TotalAnnualMaxCapacityInvestment,OPT,GLOBAL,PWRHYDECUXX,,,,2038,,,,,,0.1013
TotalAnnualMaxCapacityInvestment,OPT,GLOBAL,PWRHYDECUXX,,,,2039,,,,,,0.1013
TotalAnnualMaxCapacityInvestment,OPT,GLOBAL,PWRHYDECUXX,,,,2040,,,,,,0.1013
TotalAnnualMaxCapacityInvestment,OPT,GLOBAL,PWRHYDECUXX,,,,2041,,,,,,0.1013
TotalAnnualMaxCapacityInvestment,OPT,GLOBAL,PWRHYDECUXX,,,,2042,,,,,,0.1013
TotalAnnualMaxCapacityInvestment,OPT,GLOBAL,PWRHYDECUXX,,,,2043,,,,,,0.1013
TotalAnnualMaxCapacityInvestment,OPT,GLOBAL,PWRHYDECUXX,,,,2044,,,,,,0.1013
TotalAnnualMaxCapacityInvestment,OPT,GLOBAL,PWRHYDECUXX,,,,2045,,,,,,0.1013
TotalAnnualMaxCapacityInvestment,OPT,GLOBAL,PWRHYDECUXX,,,,2046,,,,,,0.1013
TotalAnnualMaxCapacityInvestment,OPT,GLOBAL,PWRHYDECUXX,,,,2047,,,,,,0.1013
TotalAnnualMaxCapacityInvestment,OPT,GLOBAL,PWRHYDECUXX,,,,2048,,,,,,0.1013
TotalAnnualMaxCapacityInvestment,OPT,GLOBAL,PWRHYDECUXX,,,,2049,,,,,,0.1013
TotalAnnualMaxCapacityInvestment,OPT,GLOBAL,PWRHYDECUXX,,,,2050,,,,,,0.1013
TotalAnnualMaxCapacityInvestment,OPT,GLOBAL,PWRNGSSLVXX,,,,2023,,,,,,0.0
TotalAnnualMaxCapacityInvestment,OPT,GLOBAL,PWRNGSSLVXX,,,,2024,,,,,,0.0
TotalAnnualMaxCapacityInvestment,OPT,GLOBAL,PWRNGSSLVXX,,,,2025,,,,,,0.0073
TotalAnnualMaxCapacityInvestment,OPT,GLOBAL,PWRNGSSLVXX,,,,2026,,,,,,0.0073
TotalAnnualMaxCapacityInvestment,OPT,GLOBAL,PWRNGSSLVXX,,,,2027,,,,,,0.0073
TotalAnnualMaxCapacityInvestment,OPT,GLOBAL,PWRNGSSLVXX,,,,2028,,,,,,0.0073
TotalAnnualMaxCapacityInvestment,OPT,GLOBAL,PWRNGSSLVXX,,,,2029,,,,,,0.0073
TotalAnnualMaxCapacityInvestment,OPT,GLOBAL,PWRNGSSLVXX,,,,2030,,,,,,0.101
TotalAnnualMaxCapacityInvestment,OPT,GLOBAL,PWRNGSSLVXX,,,,2031,,,,,,0.0073
TotalAnnualMaxCapacityInvestment,OPT,GLOBAL,PWRNGSSLVXX,,,,2032,,,,,,0.303
TotalAnnualMaxCapacityInvestment,OPT,GLOBAL,PWRNGSSLVXX,,,,2033,,,,,,0.0073
TotalAnnualMaxCapacityInvestment,OPT,GLOBAL,PWRNGSSLVXX,,,,2034,,,,,,0.0073
TotalAnnualMaxCapacityInvestment,OPT,GLOBAL,PWRNGSSLVXX,,,,2035,,,,,,0.3535
TotalAnnualMaxCapacityInvestment,OPT,GLOBAL,PWRNGSSLVXX,,,,2036,,,,,,0.0029
TotalAnnualMaxCapacityInvestment,OPT,GLOBAL,PWRNGSSLVXX,,,,2037,,,,,,0.0029
TotalAnnualMaxCapacityInvestment,OPT,GLOBAL,PWRNGSSLVXX,,,,2038,,,,,,0.0029
TotalAnnualMaxCapacityInvestment,OPT,GLOBAL,PWRNGSSLVXX,,,,2039,,,,,,0.0029
TotalAnnualMaxCapacityInvestment,OPT,GLOBAL,PWRNGSSLVXX,,,,2040,,,,,,0.0029
TotalAnnualMaxCapacityInvestment,OPT,GLOBAL,PWRNGSSLVXX,,,,2041,,,,,,0.0029
TotalAnnualMaxCapacityInvestment,OPT,GLOBAL,PWRNGSSLVXX,,,,2042,,,,,,0.0029
TotalAnnualMaxCapacityInvestment,OPT,GLOBAL,PWRNGSSLVXX,,,,2043,,,,,,0.0029
TotalAnnualMaxCapacityInvestment,OPT,GLOBAL,PWRNGSSLVXX,,,,2044,,,,,,0.0029
TotalAnnualMaxCapacityInvestment,OPT,GLOBAL,PWRNGSSLVXX,,,,2045,,,,,,0.0029
TotalAnnualMaxCapacityInvestment,OPT,GLOBAL,PWRNGSSLVXX,,,,2046,,,,,,0.0029
TotalAnnualMaxCapacityInvestment,OPT,GLOBAL,PWRNGSSLVXX,,,,2047,,,,,,0.0029
TotalAnnualMaxCapacityInvestment,OPT,GLOBAL,PWRNGSSLVXX,,,,2048,,,,,,0.0029
TotalAnnualMaxCapacityInvestment,OPT,GLOBAL,PWRNGSSLVXX,,,,2049,,,,,,0.0029
TotalAnnualMaxCapacityInvestment,OPT,GLOBAL,PWRNGSSLVXX,,,,2050,,,,,,0.0029
TotalAnnualMaxCapacityInvestment,OPT,GLOBAL,PWRGEOSLVXX,,,,2023,,,,,,0.0147
TotalAnnualMaxCapacityInvestment,OPT,GLOBAL,PWRGEOSLVXX,,,,2024,,,,,,0.015
TotalAnnualMaxCapacityInvestment,OPT,GLOBAL,PWRGEOSLVXX,,,,2025,,,,,,0.025
TotalAnnualMaxCapacityInvestment,OPT,GLOBAL,PWRGEOSLVXX,,,,2026,,,,,,0.0253
TotalAnnualMaxCapacityInvestment,OPT,GLOBAL,PWRGEOSLVXX,,,,2027,,,,,,0.025
TotalAnnualMaxCapacityInvestment,OPT,GLOBAL,PWRGEOSLVXX,,,,2028,,,,,,0.025
TotalAnnualMaxCapacityInvestment,OPT,GLOBAL,PWRGEOSLVXX,,,,2029,,,,,,0.025
TotalAnnualMaxCapacityInvestment,OPT,GLOBAL,PWRGEOSLVXX,,,,2030,,,,,,0.0303
TotalAnnualMaxCapacityInvestment,OPT,GLOBAL,PWRGEOSLVXX,,,,2031,,,,,,0.025
TotalAnnualMaxCapacityInvestment,OPT,GLOBAL,PWRGEOSLVXX,,,,2032,,,,,,0.025
TotalAnnualMaxCapacityInvestment,OPT,GLOBAL,PWRGEOSLVXX,,,,2033,,,,,,0.025
TotalAnnualMaxCapacityInvestment,OPT,GLOBAL,PWRGEOSLVXX,,,,2034,,,,,,0.025
TotalAnnualMaxCapacityInvestment,OPT,GLOBAL,PWRGEOSLVXX,,,,2035,,,,,,0.025
TotalAnnualMaxCapacityInvestment,OPT,GLOBAL,PWRGEOSLVXX,,,,2036,,,,,,0.0031
TotalAnnualMaxCapacityInvestment,OPT,GLOBAL,PWRGEOSLVXX,,,,2037,,,,,,0.0031
TotalAnnualMaxCapacityInvestment,OPT,GLOBAL,PWRGEOSLVXX,,,,2038,,,,,,0.0031
TotalAnnualMaxCapacityInvestment,OPT,GLOBAL,PWRGEOSLVXX,,,,2039,,,,,,0.0031
TotalAnnualMaxCapacityInvestment,OPT,GLOBAL,PWRGEOSLVXX,,,,2040,,,,,,0.0031
TotalAnnualMaxCapacityInvestment,OPT,GLOBAL,PWRGEOSLVXX,,,,2041,,,,,,0.0031
TotalAnnualMaxCapacityInvestment,OPT,GLOBAL,PWRGEOSLVXX,,,,2042,,,,,,0.0031
TotalAnnualMaxCapacityInvestment,OPT,GLOBAL,PWRGEOSLVXX,,,,2043,,,,,,0.0031
TotalAnnualMaxCapacityInvestment,OPT,GLOBAL,PWRGEOSLVXX,,,,2044,,,,,,0.0031
TotalAnnualMaxCapacityInvestment,OPT,GLOBAL,PWRGEOSLVXX,,,,2045,,,,,,0.0031
TotalAnnualMaxCapacityInvestment,OPT,GLOBAL,PWRGEOSLVXX,,,,2046,,,,,,0.0031
TotalAnnualMaxCapacityInvestment,OPT,GLOBAL,PWRGEOSLVXX,,,,2047,,,,,,0.0031
TotalAnnualMaxCapacityInvestment,OPT,GLOBAL,PWRGEOSLVXX,,,,2048,,,,,,0.0031
TotalAnnualMaxCapacityInvestment,OPT,GLOBAL,PWRGEOSLVXX,,,,2049,,,,,,0.0031
TotalAnnualMaxCapacityInvestment,OPT,GLOBAL,PWRGEOSLVXX,,,,2050,,,,,,0.0031
TotalAnnualMaxCapacityInvestment,OPT,GLOBAL,PWRCOACOLXX,,,,2023,,,,,,0.735
TotalAnnualMaxCapacityInvestment,OPT,GLOBAL,PWRCOACOLXX,,,,2024,,,,,,0.7502
TotalAnnualMaxCapacityInvestment,OPT,GLOBAL,PWRCOACOLXX,,,,2025,,,,,,0.0139
TotalAnnualMaxCapacityInvestment,OPT,GLOBAL,PWRCOACOLXX,,,,2026,,,,,,0.0139
TotalAnnualMaxCapacityInvestment,OPT,GLOBAL,PWRCOACOLXX,,,,2027,,,,,,0.0139
TotalAnnualMaxCapacityInvestment,OPT,GLOBAL,PWRCOACOLXX,,,,2028,,,,,,0.0139
TotalAnnualMaxCapacityInvestment,OPT,GLOBAL,PWRCOACOLXX,,,,2029,,,,,,0.0139
TotalAnnualMaxCapacityInvestment,OPT,GLOBAL,PWRCOACOLXX,,,,2030,,,,,,0.0139
TotalAnnualMaxCapacityInvestment,OPT,GLOBAL,PWRCOACOLXX,,,,2031,,,,,,0.0139
TotalAnnualMaxCapacityInvestment,OPT,GLOBAL,PWRCOACOLXX,,,,2032,,,,,,0.0139
TotalAnnualMaxCapacityInvestment,OPT,GLOBAL,PWRCOACOLXX,,,,2033,,,,,,0.0139
TotalAnnualMaxCapacityInvestment,OPT,GLOBAL,PWRCOACOLXX,,,,2034,,,,,,0.0139
TotalAnnualMaxCapacityInvestment,OPT,GLOBAL,PWRCOACOLXX,,,,2035,,,,,,0.0139
TotalAnnualMaxCapacityInvestment,OPT,GLOBAL,PWRCOACOLXX,,,,2036,,,,,,0.0
TotalAnnualMaxCapacityInvestment,OPT,GLOBAL,PWRCOACOLXX,,,,2037,,,,,,0.0
TotalAnnualMaxCapacityInvestment,OPT,GLOBAL,PWRCOACOLXX,,,,2038,,,,,,0.0
TotalAnnualMaxCapacityInvestment,OPT,GLOBAL,PWRCOACOLXX,,,,2039,,,,,,0.0
TotalAnnualMaxCapacityInvestment,OPT,GLOBAL,PWRCOACOLXX,,,,2040,,,,,,0.0
TotalAnnualMaxCapacityInvestment,OPT,GLOBAL,PWRCOACOLXX,,,,2041,,,,,,0.0
TotalAnnualMaxCapacityInvestment,OPT,GLOBAL,PWRCOACOLXX,,,,2042,,,,,,0.0
TotalAnnualMaxCapacityInvestment,OPT,GLOBAL,PWRCOACOLXX,,,,2043,,,,,,0.0
TotalAnnualMaxCapacityInvestment,OPT,GLOBAL,PWRCOACOLXX,,,,2044,,,,,,0.0
TotalAnnualMaxCapacityInvestment,OPT,GLOBAL,PWRCOACOLXX,,,,2045,,,,,,0.0
TotalAnnualMaxCapacityInvestment,OPT,GLOBAL,PWRCOACOLXX,,,,2046,,,,,,0.0
TotalAnnualMaxCapacityInvestment,OPT,GLOBAL,PWRCOACOLXX,,,,2047,,,,,,0.0
TotalAnnualMaxCapacityInvestment,OPT,GLOBAL,PWRCOACOLXX,,,,2048,,,,,,0.0
TotalAnnualMaxCapacityInvestment,OPT,GLOBAL,PWRCOACOLXX,,,,2049,,,,,,0.0
TotalAnnualMaxCapacityInvestment,OPT,GLOBAL,PWRCOACOLXX,,,,2050,,,,,,0.0
TotalAnnualMaxCapacityInvestment,OPT,GLOBAL,PWRWONMEXXX,,,,2023,,,,,,0.0
TotalAnnualMaxCapacityInvestment,OPT,GLOBAL,PWRWONMEXXX,,,,2024,,,,,,0.0
TotalAnnualMaxCapacityInvestment,OPT,GLOBAL,PWRWONMEXXX,,,,2025,,,,,,0.7386
TotalAnnualMaxCapacityInvestment,OPT,GLOBAL,PWRWONMEXXX,,,,2026,,,,,,0.8805
TotalAnnualMaxCapacityInvestment,OPT,GLOBAL,PWRWONMEXXX,,,,2027,,,,,,1.0426
TotalAnnualMaxCapacityInvestment,OPT,GLOBAL,PWRWONMEXXX,,,,2028,,,,,,2.4947
TotalAnnualMaxCapacityInvestment,OPT,GLOBAL,PWRWONMEXXX,,,,2029,,,,,,1.4259
TotalAnnualMaxCapacityInvestment,OPT,GLOBAL,PWRWONMEXXX,,,,2030,,,,,,1.6425
TotalAnnualMaxCapacityInvestment,OPT,GLOBAL,PWRWONMEXXX,,,,2031,,,,,,1.8694
TotalAnnualMaxCapacityInvestment,OPT,GLOBAL,PWRWONMEXXX,,,,2032,,,,,,2.0991
TotalAnnualMaxCapacityInvestment,OPT,GLOBAL,PWRWONMEXXX,,,,2033,,,,,,2.3217
TotalAnnualMaxCapacityInvestment,OPT,GLOBAL,PWRWONMEXXX,,,,2034,,,,,,2.526
TotalAnnualMaxCapacityInvestment,OPT,GLOBAL,PWRWONMEXXX,,,,2035,,,,,,2.6999
TotalAnnualMaxCapacityInvestment,OPT,GLOBAL,PWRWONMEXXX,,,,2036,,,,,,2.832
TotalAnnualMaxCapacityInvestment,OPT,GLOBAL,PWRWONMEXXX,,,,2037,,,,,,2.913
TotalAnnualMaxCapacityInvestment,OPT,GLOBAL,PWRWONMEXXX,,,,2038,,,,,,2.9372
TotalAnnualMaxCapacityInvestment,OPT,GLOBAL,PWRWONMEXXX,,,,2039,,,,,,2.9032
TotalAnnualMaxCapacityInvestment,OPT,GLOBAL,PWRWONMEXXX,,,,2040,,,,,,2.814
TotalAnnualMaxCapacityInvestment,OPT,GLOBAL,PWRWONMEXXX,,,,2041,,,,,,2.6767
TotalAnnualMaxCapacityInvestment,OPT,GLOBAL,PWRWONMEXXX,,,,2042,,,,,,2.5013
TotalAnnualMaxCapacityInvestment,OPT,GLOBAL,PWRWONMEXXX,,,,2043,,,,,,2.2993
TotalAnnualMaxCapacityInvestment,OPT,GLOBAL,PWRWONMEXXX,,,,2044,,,,,,2.082
TotalAnnualMaxCapacityInvestment,OPT,GLOBAL,PWRWONMEXXX,,,,2045,,,,,,1.8599
TotalAnnualMaxCapacityInvestment,OPT,GLOBAL,PWRWONMEXXX,,,,2046,,,,,,1.6417
TotalAnnualMaxCapacityInvestment,OPT,GLOBAL,PWRWONMEXXX,,,,2047,,,,,,1.4339
TotalAnnualMaxCapacityInvestment,OPT,GLOBAL,PWRWONMEXXX,,,,2048,,,,,,1.241
TotalAnnualMaxCapacityInvestment,OPT,GLOBAL,PWRWONMEXXX,,,,2049,,,,,,1.0657
TotalAnnualMaxCapacityInvestment,OPT,GLOBAL,PWRWONMEXXX,,,,2050,,,,,,0.909
TotalAnnualMaxCapacityInvestment,OPT,GLOBAL,PWROILHTIXX,,,,2023,,,,,,0.017
TotalAnnualMaxCapacityInvestment,OPT,GLOBAL,PWROILHTIXX,,,,2024,,,,,,0.0181
TotalAnnualMaxCapacityInvestment,OPT,GLOBAL,PWROILHTIXX,,,,2025,,,,,,0.0
TotalAnnualMaxCapacityInvestment,OPT,GLOBAL,PWROILHTIXX,,,,2026,,,,,,0.0
TotalAnnualMaxCapacityInvestment,OPT,GLOBAL,PWROILHTIXX,,,,2027,,,,,,0.0
TotalAnnualMaxCapacityInvestment,OPT,GLOBAL,PWROILHTIXX,,,,2028,,,,,,0.0
TotalAnnualMaxCapacityInvestment,OPT,GLOBAL,PWROILHTIXX,,,,2029,,,,,,0.0
TotalAnnualMaxCapacityInvestment,OPT,GLOBAL,PWROILHTIXX,,,,2030,,,,,,0.0
TotalAnnualMaxCapacityInvestment,OPT,GLOBAL,PWROILHTIXX,,,,2031,,,,,,0.0
TotalAnnualMaxCapacityInvestment,OPT,GLOBAL,PWROILHTIXX,,,,2032,,,,,,0.0
TotalAnnualMaxCapacityInvestment,OPT,GLOBAL,PWROILHTIXX,,,,2033,,,,,,0.0
TotalAnnualMaxCapacityInvestment,OPT,GLOBAL,PWROILHTIXX,,,,2034,,,,,,0.0
TotalAnnualMaxCapacityInvestment,OPT,GLOBAL,PWROILHTIXX,,,,2035,,,,,,0.0
TotalAnnualMaxCapacityInvestment,OPT,GLOBAL,PWROILHTIXX,,,,2036,,,,,,0.0
TotalAnnualMaxCapacityInvestment,OPT,GLOBAL,PWROILHTIXX,,,,2037,,,,,,0.0
TotalAnnualMaxCapacityInvestment,OPT,GLOBAL,PWROILHTIXX,,,,2038,,,,,,0.0
TotalAnnualMaxCapacityInvestment,OPT,GLOBAL,PWROILHTIXX,,,,2039,,,,,,0.0
TotalAnnualMaxCapacityInvestment,OPT,GLOBAL,PWROILHTIXX,,,,2040,,,,,,0.0
TotalAnnualMaxCapacityInvestment,OPT,GLOBAL,PWROILHTIXX,,,,2041,,,,,,0.0
TotalAnnualMaxCapacityInvestment,OPT,GLOBAL,PWROILHTIXX,,,,2042,,,,,,0.0
TotalAnnualMaxCapacityInvestment,OPT,GLOBAL,PWROILHTIXX,,,,2043,,,,,,0.0
TotalAnnualMaxCapacityInvestment,OPT,GLOBAL,PWROILHTIXX,,,,2044,,,,,,0.0
TotalAnnualMaxCapacityInvestment,OPT,GLOBAL,PWROILHTIXX,,,,2045,,,,,,0.0
TotalAnnualMaxCapacityInvestment,OPT,GLOBAL,PWROILHTIXX,,,,2046,,,,,,0.0
TotalAnnualMaxCapacityInvestment,OPT,GLOBAL,PWROILHTIXX,,,,2047,,,,,,0.0
TotalAnnualMaxCapacityInvestment,OPT,GLOBAL,PWROILHTIXX,,,,2048,,,,,,0.0
TotalAnnualMaxCapacityInvestment,OPT,GLOBAL,PWROILHTIXX,,,,2049,,,,,,0.0
TotalAnnualMaxCapacityInvestment,OPT,GLOBAL,PWROILHTIXX,,,,2050,,,,,,0.0
TotalAnnualMaxCapacityInvestment,OPT,GLOBAL,PWRGEONICXX,,,,2023,,,,,,0.0089
TotalAnnualMaxCapacityInvestment,OPT,GLOBAL,PWRGEONICXX,,,,2024,,,,,,0.0093
TotalAnnualMaxCapacityInvestment,OPT,GLOBAL,PWRGEONICXX,,,,2025,,,,,,0.01
TotalAnnualMaxCapacityInvestment,OPT,GLOBAL,PWRGEONICXX,,,,2026,,,,,,0.01
TotalAnnualMaxCapacityInvestment,OPT,GLOBAL,PWRGEONICXX,,,,2027,,,,,,0.01
TotalAnnualMaxCapacityInvestment,OPT,GLOBAL,PWRGEONICXX,,,,2028,,,,,,0.0253
TotalAnnualMaxCapacityInvestment,OPT,GLOBAL,PWRGEONICXX,,,,2029,,,,,,0.0606
TotalAnnualMaxCapacityInvestment,OPT,GLOBAL,PWRGEONICXX,,,,2030,,,,,,0.01
TotalAnnualMaxCapacityInvestment,OPT,GLOBAL,PWRGEONICXX,,,,2031,,,,,,0.01
TotalAnnualMaxCapacityInvestment,OPT,GLOBAL,PWRGEONICXX,,,,2032,,,,,,0.01
TotalAnnualMaxCapacityInvestment,OPT,GLOBAL,PWRGEONICXX,,,,2033,,,,,,0.01
TotalAnnualMaxCapacityInvestment,OPT,GLOBAL,PWRGEONICXX,,,,2034,,,,,,0.01
TotalAnnualMaxCapacityInvestment,OPT,GLOBAL,PWRGEONICXX,,,,2035,,,,,,0.01
TotalAnnualMaxCapacityInvestment,OPT,GLOBAL,PWRGEONICXX,,,,2036,,,,,,0.0081
TotalAnnualMaxCapacityInvestment,OPT,GLOBAL,PWRGEONICXX,,,,2037,,,,,,0.0081
TotalAnnualMaxCapacityInvestment,OPT,GLOBAL,PWRGEONICXX,,,,2038,,,,,,0.0081
TotalAnnualMaxCapacityInvestment,OPT,GLOBAL,PWRGEONICXX,,,,2039,,,,,,0.0081
TotalAnnualMaxCapacityInvestment,OPT,GLOBAL,PWRGEONICXX,,,,2040,,,,,,0.0081
TotalAnnualMaxCapacityInvestment,OPT,GLOBAL,PWRGEONICXX,,,,2041,,,,,,0.0081
TotalAnnualMaxCapacityInvestment,OPT,GLOBAL,PWRGEONICXX,,,,2042,,,,,,0.0081
TotalAnnualMaxCapacityInvestment,OPT,GLOBAL,PWRGEONICXX,,,,2043,,,,,,0.0081
TotalAnnualMaxCapacityInvestment,OPT,GLOBAL,PWRGEONICXX,,,,2044,,,,,,0.0081
TotalAnnualMaxCapacityInvestment,OPT,GLOBAL,PWRGEONICXX,,,,2045,,,,,,0.0081
TotalAnnualMaxCapacityInvestment,OPT,GLOBAL,PWRGEONICXX,,,,2046,,,,,,0.0081
TotalAnnualMaxCapacityInvestment,OPT,GLOBAL,PWRGEONICXX,,,,2047,,,,,,0.0081
TotalAnnualMaxCapacityInvestment,OPT,GLOBAL,PWRGEONICXX,,,,2048,,,,,,0.0081
TotalAnnualMaxCapacityInvestment,OPT,GLOBAL,PWRGEONICXX,,,,2049,,,,,,0.0081
TotalAnnualMaxCapacityInvestment,OPT,GLOBAL,PWRGEONICXX,,,,2050,,,,,,0.0081
TotalAnnualMaxCapacityInvestment,OPT,GLOBAL,PWRCOAPANXX,,,,2023,,,,,,0.1482
TotalAnnualMaxCapacityInvestment,OPT,GLOBAL,PWRCOAPANXX,,,,2024,,,,,,0.1554
TotalAnnualMaxCapacityInvestment,OPT,GLOBAL,PWRCOAPANXX,,,,2025,,,,,,0.0025
TotalAnnualMaxCapacityInvestment,OPT,GLOBAL,PWRCOAPANXX,,,,2026,,,,,,0.0025
TotalAnnualMaxCapacityInvestment,OPT,GLOBAL,PWRCOAPANXX,,,,2027,,,,,,0.0025
TotalAnnualMaxCapacityInvestment,OPT,GLOBAL,PWRCOAPANXX,,,,2028,,,,,,0.0025
TotalAnnualMaxCapacityInvestment,OPT,GLOBAL,PWRCOAPANXX,,,,2029,,,,,,0.0025
TotalAnnualMaxCapacityInvestment,OPT,GLOBAL,PWRCOAPANXX,,,,2030,,,,,,0.0025
TotalAnnualMaxCapacityInvestment,OPT,GLOBAL,PWRCOAPANXX,,,,2031,,,,,,0.0025
TotalAnnualMaxCapacityInvestment,OPT,GLOBAL,PWRCOAPANXX,,,,2032,,,,,,0.0025
TotalAnnualMaxCapacityInvestment,OPT,GLOBAL,PWRCOAPANXX,,,,2033,,,,,,0.0025
TotalAnnualMaxCapacityInvestment,OPT,GLOBAL,PWRCOAPANXX,,,,2034,,,,,,0.0025
TotalAnnualMaxCapacityInvestment,OPT,GLOBAL,PWRCOAPANXX,,,,2035,,,,,,0.0025
TotalAnnualMaxCapacityInvestment,OPT,GLOBAL,PWRCOAPANXX,,,,2036,,,,,,0.0
TotalAnnualMaxCapacityInvestment,OPT,GLOBAL,PWRCOAPANXX,,,,2037,,,,,,0.0
TotalAnnualMaxCapacityInvestment,OPT,GLOBAL,PWRCOAPANXX,,,,2038,,,,,,0.0
TotalAnnualMaxCapacityInvestment,OPT,GLOBAL,PWRCOAPANXX,,,,2039,,,,,,0.0
TotalAnnualMaxCapacityInvestment,OPT,GLOBAL,PWRCOAPANXX,,,,2040,,,,,,0.0
TotalAnnualMaxCapacityInvestment,OPT,GLOBAL,PWRCOAPANXX,,,,2041,,,,,,0.0
TotalAnnualMaxCapacityInvestment,OPT,GLOBAL,PWRCOAPANXX,,,,2042,,,,,,0.0
TotalAnnualMaxCapacityInvestment,OPT,GLOBAL,PWRCOAPANXX,,,,2043,,,,,,0.0
TotalAnnualMaxCapacityInvestment,OPT,GLOBAL,PWRCOAPANXX,,,,2044,,,,,,0.0
TotalAnnualMaxCapacityInvestment,OPT,GLOBAL,PWRCOAPANXX,,,,2045,,,,,,0.0
TotalAnnualMaxCapacityInvestment,OPT,GLOBAL,PWRCOAPANXX,,,,2046,,,,,,0.0
TotalAnnualMaxCapacityInvestment,OPT,GLOBAL,PWRCOAPANXX,,,,2047,,,,,,0.0
TotalAnnualMaxCapacityInvestment,OPT,GLOBAL,PWRCOAPANXX,,,,2048,,,,,,0.0
TotalAnnualMaxCapacityInvestment,OPT,GLOBAL,PWRCOAPANXX,,,,2049,,,,,,0.0
TotalAnnualMaxCapacityInvestment,OPT,GLOBAL,PWRCOAPANXX,,,,2050,,,,,,0.0
TotalAnnualMaxCapacityInvestment,OPT,GLOBAL,PWRHYDCRIXX,,,,2023,,,,,,0.0169
TotalAnnualMaxCapacityInvestment,OPT,GLOBAL,PWRHYDCRIXX,,,,2024,,,,,,0.0175
TotalAnnualMaxCapacityInvestment,OPT,GLOBAL,PWRHYDCRIXX,,,,2025,,,,,,0.0193
TotalAnnualMaxCapacityInvestment,OPT,GLOBAL,PWRHYDCRIXX,,,,2026,,,,,,0.0193
TotalAnnualMaxCapacityInvestment,OPT,GLOBAL,PWRHYDCRIXX,,,,2027,,,,,,0.0193
TotalAnnualMaxCapacityInvestment,OPT,GLOBAL,PWRHYDCRIXX,,,,2028,,,,,,0.0505
TotalAnnualMaxCapacityInvestment,OPT,GLOBAL,PWRHYDCRIXX,,,,2029,,,,,,0.0202
TotalAnnualMaxCapacityInvestment,OPT,GLOBAL,PWRHYDCRIXX,,,,2030,,,,,,0.1188
TotalAnnualMaxCapacityInvestment,OPT,GLOBAL,PWRHYDCRIXX,,,,2031,,,,,,0.0193
TotalAnnualMaxCapacityInvestment,OPT,GLOBAL,PWRHYDCRIXX,,,,2032,,,,,,0.0646
TotalAnnualMaxCapacityInvestment,OPT,GLOBAL,PWRHYDCRIXX,,,,2033,,,,,,0.6525
TotalAnnualMaxCapacityInvestment,OPT,GLOBAL,PWRHYDCRIXX,,,,2034,,,,,,0.1576
TotalAnnualMaxCapacityInvestment,OPT,GLOBAL,PWRHYDCRIXX,,,,2035,,,,,,0.0193
TotalAnnualMaxCapacityInvestment,OPT,GLOBAL,PWRHYDCRIXX,,,,2036,,,,,,0.0224
TotalAnnualMaxCapacityInvestment,OPT,GLOBAL,PWRHYDCRIXX,,,,2037,,,,,,0.0224
TotalAnnualMaxCapacityInvestment,OPT,GLOBAL,PWRHYDCRIXX,,,,2038,,,,,,0.0224
TotalAnnualMaxCapacityInvestment,OPT,GLOBAL,PWRHYDCRIXX,,,,2039,,,,,,0.0224
TotalAnnualMaxCapacityInvestment,OPT,GLOBAL,PWRHYDCRIXX,,,,2040,,,,,,0.0224
TotalAnnualMaxCapacityInvestment,OPT,GLOBAL,PWRHYDCRIXX,,,,2041,,,,,,0.0224
TotalAnnualMaxCapacityInvestment,OPT,GLOBAL,PWRHYDCRIXX,,,,2042,,,,,,0.0224
TotalAnnualMaxCapacityInvestment,OPT,GLOBAL,PWRHYDCRIXX,,,,2043,,,,,,0.0224
TotalAnnualMaxCapacityInvestment,OPT,GLOBAL,PWRHYDCRIXX,,,,2044,,,,,,0.0224
TotalAnnualMaxCapacityInvestment,OPT,GLOBAL,PWRHYDCRIXX,,,,2045,,,,,,0.0224
TotalAnnualMaxCapacityInvestment,OPT,GLOBAL,PWRHYDCRIXX,,,,2046,,,,,,0.0224
TotalAnnualMaxCapacityInvestment,OPT,GLOBAL,PWRHYDCRIXX,,,,2047,,,,,,0.0224
TotalAnnualMaxCapacityInvestment,OPT,GLOBAL,PWRHYDCRIXX,,,,2048,,,,,,0.0224
TotalAnnualMaxCapacityInvestment,OPT,GLOBAL,PWRHYDCRIXX,,,,2049,,,,,,0.0224
TotalAnnualMaxCapacityInvestment,OPT,GLOBAL,PWRHYDCRIXX,,,,2050,,,,,,0.0224
TotalAnnualMaxCapacityInvestment,OPT,GLOBAL,PWRURNBRAXX,,,,2023,,,,,,8.3153
TotalAnnualMaxCapacityInvestment,OPT,GLOBAL,PWRURNBRAXX,,,,2024,,,,,,8.4974
TotalAnnualMaxCapacityInvestment,OPT,GLOBAL,PWRURNBRAXX,,,,2025,,,,,,0.0
TotalAnnualMaxCapacityInvestment,OPT,GLOBAL,PWRURNBRAXX,,,,2026,,,,,,0.0
TotalAnnualMaxCapacityInvestment,OPT,GLOBAL,PWRURNBRAXX,,,,2027,,,,,,0.0
TotalAnnualMaxCapacityInvestment,OPT,GLOBAL,PWRURNBRAXX,,,,2028,,,,,,0.0
TotalAnnualMaxCapacityInvestment,OPT,GLOBAL,PWRURNBRAXX,,,,2029,,,,,,1.419
TotalAnnualMaxCapacityInvestment,OPT,GLOBAL,PWRURNBRAXX,,,,2030,,,,,,0.0
TotalAnnualMaxCapacityInvestment,OPT,GLOBAL,PWRURNBRAXX,,,,2031,,,,,,0.0
TotalAnnualMaxCapacityInvestment,OPT,GLOBAL,PWRURNBRAXX,,,,2032,,,,,,0.0
TotalAnnualMaxCapacityInvestment,OPT,GLOBAL,PWRURNBRAXX,,,,2033,,,,,,0.0
TotalAnnualMaxCapacityInvestment,OPT,GLOBAL,PWRURNBRAXX,,,,2034,,,,,,0.0
TotalAnnualMaxCapacityInvestment,OPT,GLOBAL,PWRURNBRAXX,,,,2035,,,,,,0.0
TotalAnnualMaxCapacityInvestment,OPT,GLOBAL,PWRURNBRAXX,,,,2036,,,,,,0.0
TotalAnnualMaxCapacityInvestment,OPT,GLOBAL,PWRURNBRAXX,,,,2037,,,,,,0.0
TotalAnnualMaxCapacityInvestment,OPT,GLOBAL,PWRURNBRAXX,,,,2038,,,,,,0.0
TotalAnnualMaxCapacityInvestment,OPT,GLOBAL,PWRURNBRAXX,,,,2039,,,,,,0.0
TotalAnnualMaxCapacityInvestment,OPT,GLOBAL,PWRURNBRAXX,,,,2040,,,,,,0.0
TotalAnnualMaxCapacityInvestment,OPT,GLOBAL,PWRURNBRAXX,,,,2041,,,,,,0.0
TotalAnnualMaxCapacityInvestment,OPT,GLOBAL,PWRURNBRAXX,,,,2042,,,,,,0.0
TotalAnnualMaxCapacityInvestment,OPT,GLOBAL,PWRURNBRAXX,,,,2043,,,,,,0.0
TotalAnnualMaxCapacityInvestment,OPT,GLOBAL,PWRURNBRAXX,,,,2044,,,,,,0.0
TotalAnnualMaxCapacityInvestment,OPT,GLOBAL,PWRURNBRAXX,,,,2045,,,,,,0.0
TotalAnnualMaxCapacityInvestment,OPT,GLOBAL,PWRURNBRAXX,,,,2046,,,,,,0.0
TotalAnnualMaxCapacityInvestment,OPT,GLOBAL,PWRURNBRAXX,,,,2047,,,,,,0.0
TotalAnnualMaxCapacityInvestment,OPT,GLOBAL,PWRURNBRAXX,,,,2048,,,,,,0.0
TotalAnnualMaxCapacityInvestment,OPT,GLOBAL,PWRURNBRAXX,,,,2049,,,,,,0.0
TotalAnnualMaxCapacityInvestment,OPT,GLOBAL,PWRURNBRAXX,,,,2050,,,,,,0.0
TotalAnnualMaxCapacityInvestment,OPT,GLOBAL,PWRBIOCHLXX,,,,2023,,,,,,0.3328
TotalAnnualMaxCapacityInvestment,OPT,GLOBAL,PWRBIOCHLXX,,,,2024,,,,,,0.345
TotalAnnualMaxCapacityInvestment,OPT,GLOBAL,PWRBIOCHLXX,,,,2025,,,,,,0.0161
TotalAnnualMaxCapacityInvestment,OPT,GLOBAL,PWRBIOCHLXX,,,,2026,,,,,,0.0161
TotalAnnualMaxCapacityInvestment,OPT,GLOBAL,PWRBIOCHLXX,,,,2027,,,,,,0.0161
TotalAnnualMaxCapacityInvestment,OPT,GLOBAL,PWRBIOCHLXX,,,,2028,,,,,,0.0161
TotalAnnualMaxCapacityInvestment,OPT,GLOBAL,PWRBIOCHLXX,,,,2029,,,,,,0.0161
TotalAnnualMaxCapacityInvestment,OPT,GLOBAL,PWRBIOCHLXX,,,,2030,,,,,,0.0161
TotalAnnualMaxCapacityInvestment,OPT,GLOBAL,PWRBIOCHLXX,,,,2031,,,,,,0.0161
TotalAnnualMaxCapacityInvestment,OPT,GLOBAL,PWRBIOCHLXX,,,,2032,,,,,,0.0161
TotalAnnualMaxCapacityInvestment,OPT,GLOBAL,PWRBIOCHLXX,,,,2033,,,,,,0.0161
TotalAnnualMaxCapacityInvestment,OPT,GLOBAL,PWRBIOCHLXX,,,,2034,,,,,,0.0161
TotalAnnualMaxCapacityInvestment,OPT,GLOBAL,PWRBIOCHLXX,,,,2035,,,,,,0.0161
TotalAnnualMaxCapacityInvestment,OPT,GLOBAL,PWRBIOCHLXX,,,,2036,,,,,,0.0132
TotalAnnualMaxCapacityInvestment,OPT,GLOBAL,PWRBIOCHLXX,,,,2037,,,,,,0.0132
TotalAnnualMaxCapacityInvestment,OPT,GLOBAL,PWRBIOCHLXX,,,,2038,,,,,,0.0132
TotalAnnualMaxCapacityInvestment,OPT,GLOBAL,PWRBIOCHLXX,,,,2039,,,,,,0.0132
TotalAnnualMaxCapacityInvestment,OPT,GLOBAL,PWRBIOCHLXX,,,,2040,,,,,,0.0132
TotalAnnualMaxCapacityInvestment,OPT,GLOBAL,PWRBIOCHLXX,,,,2041,,,,,,0.0132
TotalAnnualMaxCapacityInvestment,OPT,GLOBAL,PWRBIOCHLXX,,,,2042,,,,,,0.0132
TotalAnnualMaxCapacityInvestment,OPT,GLOBAL,PWRBIOCHLXX,,,,2043,,,,,,0.0132
TotalAnnualMaxCapacityInvestment,OPT,GLOBAL,PWRBIOCHLXX,,,,2044,,,,,,0.0132
TotalAnnualMaxCapacityInvestment,OPT,GLOBAL,PWRBIOCHLXX,,,,2045,,,,,,0.0132
TotalAnnualMaxCapacityInvestment,OPT,GLOBAL,PWRBIOCHLXX,,,,2046,,,,,,0.0132
TotalAnnualMaxCapacityInvestment,OPT,GLOBAL,PWRBIOCHLXX,,,,2047,,,,,,0.0132
TotalAnnualMaxCapacityInvestment,OPT,GLOBAL,PWRBIOCHLXX,,,,2048,,,,,,0.0132
TotalAnnualMaxCapacityInvestment,OPT,GLOBAL,PWRBIOCHLXX,,,,2049,,,,,,0.0132
TotalAnnualMaxCapacityInvestment,OPT,GLOBAL,PWRBIOCHLXX,,,,2050,,,,,,0.0132
TotalAnnualMaxCapacityInvestment,OPT,GLOBAL,PWRWASGTMXX,,,,2023,,,,,,0.1252
TotalAnnualMaxCapacityInvestment,OPT,GLOBAL,PWRWASGTMXX,,,,2024,,,,,,0.129
TotalAnnualMaxCapacityInvestment,OPT,GLOBAL,PWRWASGTMXX,,,,2025,,,,,,0.0202
TotalAnnualMaxCapacityInvestment,OPT,GLOBAL,PWRWASGTMXX,,,,2026,,,,,,0.0202
TotalAnnualMaxCapacityInvestment,OPT,GLOBAL,PWRWASGTMXX,,,,2027,,,,,,0.0202
TotalAnnualMaxCapacityInvestment,OPT,GLOBAL,PWRWASGTMXX,,,,2028,,,,,,0.0202
TotalAnnualMaxCapacityInvestment,OPT,GLOBAL,PWRWASGTMXX,,,,2029,,,,,,0.0202
TotalAnnualMaxCapacityInvestment,OPT,GLOBAL,PWRWASGTMXX,,,,2030,,,,,,0.0202
TotalAnnualMaxCapacityInvestment,OPT,GLOBAL,PWRWASGTMXX,,,,2031,,,,,,0.0202
TotalAnnualMaxCapacityInvestment,OPT,GLOBAL,PWRWASGTMXX,,,,2032,,,,,,0.0202
TotalAnnualMaxCapacityInvestment,OPT,GLOBAL,PWRWASGTMXX,,,,2033,,,,,,0.0202
TotalAnnualMaxCapacityInvestment,OPT,GLOBAL,PWRWASGTMXX,,,,2034,,,,,,0.0202
TotalAnnualMaxCapacityInvestment,OPT,GLOBAL,PWRWASGTMXX,,,,2035,,,,,,0.0202
TotalAnnualMaxCapacityInvestment,OPT,GLOBAL,PWRWASGTMXX,,,,2036,,,,,,0.0165
TotalAnnualMaxCapacityInvestment,OPT,GLOBAL,PWRWASGTMXX,,,,2037,,,,,,0.0165
TotalAnnualMaxCapacityInvestment,OPT,GLOBAL,PWRWASGTMXX,,,,2038,,,,,,0.0165
TotalAnnualMaxCapacityInvestment,OPT,GLOBAL,PWRWASGTMXX,,,,2039,,,,,,0.0165
TotalAnnualMaxCapacityInvestment,OPT,GLOBAL,PWRWASGTMXX,,,,2040,,,,,,0.0165
TotalAnnualMaxCapacityInvestment,OPT,GLOBAL,PWRWASGTMXX,,,,2041,,,,,,0.0165
TotalAnnualMaxCapacityInvestment,OPT,GLOBAL,PWRWASGTMXX,,,,2042,,,,,,0.0165
TotalAnnualMaxCapacityInvestment,OPT,GLOBAL,PWRWASGTMXX,,,,2043,,,,,,0.0165
TotalAnnualMaxCapacityInvestment,OPT,GLOBAL,PWRWASGTMXX,,,,2044,,,,,,0.0165
TotalAnnualMaxCapacityInvestment,OPT,GLOBAL,PWRWASGTMXX,,,,2045,,,,,,0.0165
TotalAnnualMaxCapacityInvestment,OPT,GLOBAL,PWRWASGTMXX,,,,2046,,,,,,0.0165
TotalAnnualMaxCapacityInvestment,OPT,GLOBAL,PWRWASGTMXX,,,,2047,,,,,,0.0165
TotalAnnualMaxCapacityInvestment,OPT,GLOBAL,PWRWASGTMXX,,,,2048,,,,,,0.0165
TotalAnnualMaxCapacityInvestment,OPT,GLOBAL,PWRWASGTMXX,,,,2049,,,,,,0.0165
TotalAnnualMaxCapacityInvestment,OPT,GLOBAL,PWRWASGTMXX,,,,2050,,,,,,0.0165
TotalAnnualMaxCapacityInvestment,OPT,GLOBAL,PWRWONHNDXX,,,,2023,,,,,,0.0316
TotalAnnualMaxCapacityInvestment,OPT,GLOBAL,PWRWONHNDXX,,,,2024,,,,,,0.0326
TotalAnnualMaxCapacityInvestment,OPT,GLOBAL,PWRWONHNDXX,,,,2025,,,,,,0.0851
TotalAnnualMaxCapacityInvestment,OPT,GLOBAL,PWRWONHNDXX,,,,2026,,,,,,0.0851
TotalAnnualMaxCapacityInvestment,OPT,GLOBAL,PWRWONHNDXX,,,,2027,,,,,,0.0851
TotalAnnualMaxCapacityInvestment,OPT,GLOBAL,PWRWONHNDXX,,,,2028,,,,,,0.0851
TotalAnnualMaxCapacityInvestment,OPT,GLOBAL,PWRWONHNDXX,,,,2029,,,,,,0.1717
TotalAnnualMaxCapacityInvestment,OPT,GLOBAL,PWRWONHNDXX,,,,2030,,,,,,0.0851
TotalAnnualMaxCapacityInvestment,OPT,GLOBAL,PWRWONHNDXX,,,,2031,,,,,,0.0851
TotalAnnualMaxCapacityInvestment,OPT,GLOBAL,PWRWONHNDXX,,,,2032,,,,,,0.0851
TotalAnnualMaxCapacityInvestment,OPT,GLOBAL,PWRWONHNDXX,,,,2033,,,,,,0.101
TotalAnnualMaxCapacityInvestment,OPT,GLOBAL,PWRWONHNDXX,,,,2034,,,,,,0.0851
TotalAnnualMaxCapacityInvestment,OPT,GLOBAL,PWRWONHNDXX,,,,2035,,,,,,0.0851
TotalAnnualMaxCapacityInvestment,OPT,GLOBAL,PWRWONHNDXX,,,,2036,,,,,,0.0468
TotalAnnualMaxCapacityInvestment,OPT,GLOBAL,PWRWONHNDXX,,,,2037,,,,,,0.0468
TotalAnnualMaxCapacityInvestment,OPT,GLOBAL,PWRWONHNDXX,,,,2038,,,,,,0.0468
TotalAnnualMaxCapacityInvestment,OPT,GLOBAL,PWRWONHNDXX,,,,2039,,,,,,0.0468
TotalAnnualMaxCapacityInvestment,OPT,GLOBAL,PWRWONHNDXX,,,,2040,,,,,,0.0468
TotalAnnualMaxCapacityInvestment,OPT,GLOBAL,PWRWONHNDXX,,,,2041,,,,,,0.0468
TotalAnnualMaxCapacityInvestment,OPT,GLOBAL,PWRWONHNDXX,,,,2042,,,,,,0.0468
TotalAnnualMaxCapacityInvestment,OPT,GLOBAL,PWRWONHNDXX,,,,2043,,,,,,0.0468
TotalAnnualMaxCapacityInvestment,OPT,GLOBAL,PWRWONHNDXX,,,,2044,,,,,,0.0468
TotalAnnualMaxCapacityInvestment,OPT,GLOBAL,PWRWONHNDXX,,,,2045,,,,,,0.0468
TotalAnnualMaxCapacityInvestment,OPT,GLOBAL,PWRWONHNDXX,,,,2046,,,,,,0.0468
TotalAnnualMaxCapacityInvestment,OPT,GLOBAL,PWRWONHNDXX,,,,2047,,,,,,0.0468
TotalAnnualMaxCapacityInvestment,OPT,GLOBAL,PWRWONHNDXX,,,,2048,,,,,,0.0468
TotalAnnualMaxCapacityInvestment,OPT,GLOBAL,PWRWONHNDXX,,,,2049,,,,,,0.0468
TotalAnnualMaxCapacityInvestment,OPT,GLOBAL,PWRWONHNDXX,,,,2050,,,,,,0.0468
TotalAnnualMaxCapacityInvestment,OPT,GLOBAL,PWRBIOPANXX,,,,2023,,,,,,0.0395
TotalAnnualMaxCapacityInvestment,OPT,GLOBAL,PWRBIOPANXX,,,,2024,,,,,,0.0414
TotalAnnualMaxCapacityInvestment,OPT,GLOBAL,PWRBIOPANXX,,,,2025,,,,,,0.0037
TotalAnnualMaxCapacityInvestment,OPT,GLOBAL,PWRBIOPANXX,,,,2026,,,,,,0.0037
TotalAnnualMaxCapacityInvestment,OPT,GLOBAL,PWRBIOPANXX,,,,2027,,,,,,0.0037
TotalAnnualMaxCapacityInvestment,OPT,GLOBAL,PWRBIOPANXX,,,,2028,,,,,,0.0037
TotalAnnualMaxCapacityInvestment,OPT,GLOBAL,PWRBIOPANXX,,,,2029,,,,,,0.0037
TotalAnnualMaxCapacityInvestment,OPT,GLOBAL,PWRBIOPANXX,,,,2030,,,,,,0.0037
TotalAnnualMaxCapacityInvestment,OPT,GLOBAL,PWRBIOPANXX,,,,2031,,,,,,0.0037
TotalAnnualMaxCapacityInvestment,OPT,GLOBAL,PWRBIOPANXX,,,,2032,,,,,,0.0037
TotalAnnualMaxCapacityInvestment,OPT,GLOBAL,PWRBIOPANXX,,,,2033,,,,,,0.0037
TotalAnnualMaxCapacityInvestment,OPT,GLOBAL,PWRBIOPANXX,,,,2034,,,,,,0.0037
TotalAnnualMaxCapacityInvestment,OPT,GLOBAL,PWRBIOPANXX,,,,2035,,,,,,0.0037
TotalAnnualMaxCapacityInvestment,OPT,GLOBAL,PWRBIOPANXX,,,,2036,,,,,,0.003
TotalAnnualMaxCapacityInvestment,OPT,GLOBAL,PWRBIOPANXX,,,,2037,,,,,,0.003
TotalAnnualMaxCapacityInvestment,OPT,GLOBAL,PWRBIOPANXX,,,,2038,,,,,,0.003
TotalAnnualMaxCapacityInvestment,OPT,GLOBAL,PWRBIOPANXX,,,,2039,,,,,,0.003
TotalAnnualMaxCapacityInvestment,OPT,GLOBAL,PWRBIOPANXX,,,,2040,,,,,,0.003
TotalAnnualMaxCapacityInvestment,OPT,GLOBAL,PWRBIOPANXX,,,,2041,,,,,,0.003
TotalAnnualMaxCapacityInvestment,OPT,GLOBAL,PWRBIOPANXX,,,,2042,,,,,,0.003
TotalAnnualMaxCapacityInvestment,OPT,GLOBAL,PWRBIOPANXX,,,,2043,,,,,,0.003
TotalAnnualMaxCapacityInvestment,OPT,GLOBAL,PWRBIOPANXX,,,,2044,,,,,,0.003
TotalAnnualMaxCapacityInvestment,OPT,GLOBAL,PWRBIOPANXX,,,,2045,,,,,,0.003
TotalAnnualMaxCapacityInvestment,OPT,GLOBAL,PWRBIOPANXX,,,,2046,,,,,,0.003
TotalAnnualMaxCapacityInvestment,OPT,GLOBAL,PWRBIOPANXX,,,,2047,,,,,,0.003
TotalAnnualMaxCapacityInvestment,OPT,GLOBAL,PWRBIOPANXX,,,,2048,,,,,,0.003
TotalAnnualMaxCapacityInvestment,OPT,GLOBAL,PWRBIOPANXX,,,,2049,,,,,,0.003
TotalAnnualMaxCapacityInvestment,OPT,GLOBAL,PWRBIOPANXX,,,,2050,,,,,,0.003
TotalAnnualMaxCapacityInvestment,OPT,GLOBAL,PWRGEOPERXX,,,,2023,,,,,,0.1951
TotalAnnualMaxCapacityInvestment,OPT,GLOBAL,PWRGEOPERXX,,,,2024,,,,,,0.2
TotalAnnualMaxCapacityInvestment,OPT,GLOBAL,PWRGEOPERXX,,,,2025,,,,,,0.0
TotalAnnualMaxCapacityInvestment,OPT,GLOBAL,PWRGEOPERXX,,,,2026,,,,,,0.2238
TotalAnnualMaxCapacityInvestment,OPT,GLOBAL,PWRGEOPERXX,,,,2027,,,,,,0.2367
TotalAnnualMaxCapacityInvestment,OPT,GLOBAL,PWRGEOPERXX,,,,2028,,,,,,0.2502
TotalAnnualMaxCapacityInvestment,OPT,GLOBAL,PWRGEOPERXX,,,,2029,,,,,,0.2644
TotalAnnualMaxCapacityInvestment,OPT,GLOBAL,PWRGEOPERXX,,,,2030,,,,,,0.2794
TotalAnnualMaxCapacityInvestment,OPT,GLOBAL,PWRGEOPERXX,,,,2031,,,,,,0.2951
TotalAnnualMaxCapacityInvestment,OPT,GLOBAL,PWRGEOPERXX,,,,2032,,,,,,0.3117
TotalAnnualMaxCapacityInvestment,OPT,GLOBAL,PWRGEOPERXX,,,,2033,,,,,,0.3291
TotalAnnualMaxCapacityInvestment,OPT,GLOBAL,PWRGEOPERXX,,,,2034,,,,,,0.3474
TotalAnnualMaxCapacityInvestment,OPT,GLOBAL,PWRGEOPERXX,,,,2035,,,,,,0.3667
TotalAnnualMaxCapacityInvestment,OPT,GLOBAL,PWRGEOPERXX,,,,2036,,,,,,0.3878
TotalAnnualMaxCapacityInvestment,OPT,GLOBAL,PWRGEOPERXX,,,,2037,,,,,,0.4099
TotalAnnualMaxCapacityInvestment,OPT,GLOBAL,PWRGEOPERXX,,,,2038,,,,,,0.4329
TotalAnnualMaxCapacityInvestment,OPT,GLOBAL,PWRGEOPERXX,,,,2039,,,,,,0.457
TotalAnnualMaxCapacityInvestment,OPT,GLOBAL,PWRGEOPERXX,,,,2040,,,,,,0.4821
TotalAnnualMaxCapacityInvestment,OPT,GLOBAL,PWRGEOPERXX,,,,2041,,,,,,0.5083
TotalAnnualMaxCapacityInvestment,OPT,GLOBAL,PWRGEOPERXX,,,,2042,,,,,,0.5356
TotalAnnualMaxCapacityInvestment,OPT,GLOBAL,PWRGEOPERXX,,,,2043,,,,,,0.5641
TotalAnnualMaxCapacityInvestment,OPT,GLOBAL,PWRGEOPERXX,,,,2044,,,,,,0.5939
TotalAnnualMaxCapacityInvestment,OPT,GLOBAL,PWRGEOPERXX,,,,2045,,,,,,0.6249
TotalAnnualMaxCapacityInvestment,OPT,GLOBAL,PWRGEOPERXX,,,,2046,,,,,,0.6572
TotalAnnualMaxCapacityInvestment,OPT,GLOBAL,PWRGEOPERXX,,,,2047,,,,,,0.6909
TotalAnnualMaxCapacityInvestment,OPT,GLOBAL,PWRGEOPERXX,,,,2048,,,,,,0.7261
TotalAnnualMaxCapacityInvestment,OPT,GLOBAL,PWRGEOPERXX,,,,2049,,,,,,0.7628
TotalAnnualMaxCapacityInvestment,OPT,GLOBAL,PWRGEOPERXX,,,,2050,,,,,,0.8009
TotalAnnualMaxCapacityInvestment,OPT,GLOBAL,PWRGEOPANXX,,,,2023,,,,,,0.1951
TotalAnnualMaxCapacityInvestment,OPT,GLOBAL,PWRGEOPANXX,,,,2024,,,,,,0.2
TotalAnnualMaxCapacityInvestment,OPT,GLOBAL,PWRGEOPANXX,,,,2025,,,,,,0.0
TotalAnnualMaxCapacityInvestment,OPT,GLOBAL,PWRGEOPANXX,,,,2026,,,,,,0.2238
TotalAnnualMaxCapacityInvestment,OPT,GLOBAL,PWRGEOPANXX,,,,2027,,,,,,0.2367
TotalAnnualMaxCapacityInvestment,OPT,GLOBAL,PWRGEOPANXX,,,,2028,,,,,,0.2502
TotalAnnualMaxCapacityInvestment,OPT,GLOBAL,PWRGEOPANXX,,,,2029,,,,,,0.2644
TotalAnnualMaxCapacityInvestment,OPT,GLOBAL,PWRGEOPANXX,,,,2030,,,,,,0.2794
TotalAnnualMaxCapacityInvestment,OPT,GLOBAL,PWRGEOPANXX,,,,2031,,,,,,0.2951
TotalAnnualMaxCapacityInvestment,OPT,GLOBAL,PWRGEOPANXX,,,,2032,,,,,,0.3117
TotalAnnualMaxCapacityInvestment,OPT,GLOBAL,PWRGEOPANXX,,,,2033,,,,,,0.3291
TotalAnnualMaxCapacityInvestment,OPT,GLOBAL,PWRGEOPANXX,,,,2034,,,,,,0.3474
TotalAnnualMaxCapacityInvestment,OPT,GLOBAL,PWRGEOPANXX,,,,2035,,,,,,0.3667
TotalAnnualMaxCapacityInvestment,OPT,GLOBAL,PWRGEOPANXX,,,,2036,,,,,,0.3878
TotalAnnualMaxCapacityInvestment,OPT,GLOBAL,PWRGEOPANXX,,,,2037,,,,,,0.4099
TotalAnnualMaxCapacityInvestment,OPT,GLOBAL,PWRGEOPANXX,,,,2038,,,,,,0.4329
TotalAnnualMaxCapacityInvestment,OPT,GLOBAL,PWRGEOPANXX,,,,2039,,,,,,0.457
TotalAnnualMaxCapacityInvestment,OPT,GLOBAL,PWRGEOPANXX,,,,2040,,,,,,0.4821
TotalAnnualMaxCapacityInvestment,OPT,GLOBAL,PWRGEOPANXX,,,,2041,,,,,,0.5082
TotalAnnualMaxCapacityInvestment,OPT,GLOBAL,PWRGEOPANXX,,,,2042,,,,,,0.5356
TotalAnnualMaxCapacityInvestment,OPT,GLOBAL,PWRGEOPANXX,,,,2043,,,,,,0.5641
TotalAnnualMaxCapacityInvestment,OPT,GLOBAL,PWRGEOPANXX,,,,2044,,,,,,0.5938
TotalAnnualMaxCapacityInvestment,OPT,GLOBAL,PWRGEOPANXX,,,,2045,,,,,,0.6248
TotalAnnualMaxCapacityInvestment,OPT,GLOBAL,PWRGEOPANXX,,,,2046,,,,,,0.6572
TotalAnnualMaxCapacityInvestment,OPT,GLOBAL,PWRGEOPANXX,,,,2047,,,,,,0.6909
TotalAnnualMaxCapacityInvestment,OPT,GLOBAL,PWRGEOPANXX,,,,2048,,,,,,0.7261
TotalAnnualMaxCapacityInvestment,OPT,GLOBAL,PWRGEOPANXX,,,,2049,,,,,,0.7627
TotalAnnualMaxCapacityInvestment,OPT,GLOBAL,PWRGEOPANXX,,,,2050,,,,,,0.8009
TotalAnnualMaxCapacityInvestment,OPT,GLOBAL,PWRSPVHNDXX,,,,2023,,,,,,0.0316
TotalAnnualMaxCapacityInvestment,OPT,GLOBAL,PWRSPVHNDXX,,,,2024,,,,,,0.0326
TotalAnnualMaxCapacityInvestment,OPT,GLOBAL,PWRSPVHNDXX,,,,2025,,,,,,0.2041
TotalAnnualMaxCapacityInvestment,OPT,GLOBAL,PWRSPVHNDXX,,,,2026,,,,,,0.2041
TotalAnnualMaxCapacityInvestment,OPT,GLOBAL,PWRSPVHNDXX,,,,2027,,,,,,0.2041
TotalAnnualMaxCapacityInvestment,OPT,GLOBAL,PWRSPVHNDXX,,,,2028,,,,,,0.2041
TotalAnnualMaxCapacityInvestment,OPT,GLOBAL,PWRSPVHNDXX,,,,2029,,,,,,0.2041
TotalAnnualMaxCapacityInvestment,OPT,GLOBAL,PWRSPVHNDXX,,,,2030,,,,,,0.2041
TotalAnnualMaxCapacityInvestment,OPT,GLOBAL,PWRSPVHNDXX,,,,2031,,,,,,0.2041
TotalAnnualMaxCapacityInvestment,OPT,GLOBAL,PWRSPVHNDXX,,,,2032,,,,,,0.2041
TotalAnnualMaxCapacityInvestment,OPT,GLOBAL,PWRSPVHNDXX,,,,2033,,,,,,0.2041
TotalAnnualMaxCapacityInvestment,OPT,GLOBAL,PWRSPVHNDXX,,,,2034,,,,,,0.2041
TotalAnnualMaxCapacityInvestment,OPT,GLOBAL,PWRSPVHNDXX,,,,2035,,,,,,0.2041
TotalAnnualMaxCapacityInvestment,OPT,GLOBAL,PWRSPVHNDXX,,,,2036,,,,,,0.1645
TotalAnnualMaxCapacityInvestment,OPT,GLOBAL,PWRSPVHNDXX,,,,2037,,,,,,0.1645
TotalAnnualMaxCapacityInvestment,OPT,GLOBAL,PWRSPVHNDXX,,,,2038,,,,,,0.1645
TotalAnnualMaxCapacityInvestment,OPT,GLOBAL,PWRSPVHNDXX,,,,2039,,,,,,0.1645
TotalAnnualMaxCapacityInvestment,OPT,GLOBAL,PWRSPVHNDXX,,,,2040,,,,,,0.1645
TotalAnnualMaxCapacityInvestment,OPT,GLOBAL,PWRSPVHNDXX,,,,2041,,,,,,0.1645
TotalAnnualMaxCapacityInvestment,OPT,GLOBAL,PWRSPVHNDXX,,,,2042,,,,,,0.1645
TotalAnnualMaxCapacityInvestment,OPT,GLOBAL,PWRSPVHNDXX,,,,2043,,,,,,0.1645
TotalAnnualMaxCapacityInvestment,OPT,GLOBAL,PWRSPVHNDXX,,,,2044,,,,,,0.1645
TotalAnnualMaxCapacityInvestment,OPT,GLOBAL,PWRSPVHNDXX,,,,2045,,,,,,0.1645
TotalAnnualMaxCapacityInvestment,OPT,GLOBAL,PWRSPVHNDXX,,,,2046,,,,,,0.1645
TotalAnnualMaxCapacityInvestment,OPT,GLOBAL,PWRSPVHNDXX,,,,2047,,,,,,0.1645
TotalAnnualMaxCapacityInvestment,OPT,GLOBAL,PWRSPVHNDXX,,,,2048,,,,,,0.1645
TotalAnnualMaxCapacityInvestment,OPT,GLOBAL,PWRSPVHNDXX,,,,2049,,,,,,0.1645
TotalAnnualMaxCapacityInvestment,OPT,GLOBAL,PWRSPVHNDXX,,,,2050,,,,,,0.1645
TotalAnnualMaxCapacityInvestment,OPT,GLOBAL,PWRWAVNICXX,,,,2023,,,,,,0.0
TotalAnnualMaxCapacityInvestment,OPT,GLOBAL,PWRWAVNICXX,,,,2024,,,,,,0.0
TotalAnnualMaxCapacityInvestment,OPT,GLOBAL,PWRWAVNICXX,,,,2025,,,,,,0.0008
TotalAnnualMaxCapacityInvestment,OPT,GLOBAL,PWRWAVNICXX,,,,2026,,,,,,0.0
TotalAnnualMaxCapacityInvestment,OPT,GLOBAL,PWRWAVNICXX,,,,2027,,,,,,0.0
TotalAnnualMaxCapacityInvestment,OPT,GLOBAL,PWRWAVNICXX,,,,2028,,,,,,0.0
TotalAnnualMaxCapacityInvestment,OPT,GLOBAL,PWRWAVNICXX,,,,2029,,,,,,0.0
TotalAnnualMaxCapacityInvestment,OPT,GLOBAL,PWRWAVNICXX,,,,2030,,,,,,0.0
TotalAnnualMaxCapacityInvestment,OPT,GLOBAL,PWRWAVNICXX,,,,2031,,,,,,0.0
TotalAnnualMaxCapacityInvestment,OPT,GLOBAL,PWRWAVNICXX,,,,2032,,,,,,0.0
TotalAnnualMaxCapacityInvestment,OPT,GLOBAL,PWRWAVNICXX,,,,2033,,,,,,0.0
TotalAnnualMaxCapacityInvestment,OPT,GLOBAL,PWRWAVNICXX,,,,2034,,,,,,0.0
TotalAnnualMaxCapacityInvestment,OPT,GLOBAL,PWRWAVNICXX,,,,2035,,,,,,0.0
TotalAnnualMaxCapacityInvestment,OPT,GLOBAL,PWRWAVNICXX,,,,2036,,,,,,0.0
TotalAnnualMaxCapacityInvestment,OPT,GLOBAL,PWRWAVNICXX,,,,2037,,,,,,0.0
TotalAnnualMaxCapacityInvestment,OPT,GLOBAL,PWRWAVNICXX,,,,2038,,,,,,0.0
TotalAnnualMaxCapacityInvestment,OPT,GLOBAL,PWRWAVNICXX,,,,2039,,,,,,0.0
TotalAnnualMaxCapacityInvestment,OPT,GLOBAL,PWRWAVNICXX,,,,2040,,,,,,0.0
TotalAnnualMaxCapacityInvestment,OPT,GLOBAL,PWRWAVNICXX,,,,2041,,,,,,0.0
TotalAnnualMaxCapacityInvestment,OPT,GLOBAL,PWRWAVNICXX,,,,2042,,,,,,0.0
TotalAnnualMaxCapacityInvestment,OPT,GLOBAL,PWRWAVNICXX,,,,2043,,,,,,0.0
TotalAnnualMaxCapacityInvestment,OPT,GLOBAL,PWRWAVNICXX,,,,2044,,,,,,0.0
TotalAnnualMaxCapacityInvestment,OPT,GLOBAL,PWRWAVNICXX,,,,2045,,,,,,0.0
TotalAnnualMaxCapacityInvestment,OPT,GLOBAL,PWRWAVNICXX,,,,2046,,,,,,0.0
TotalAnnualMaxCapacityInvestment,OPT,GLOBAL,PWRWAVNICXX,,,,2047,,,,,,0.0
TotalAnnualMaxCapacityInvestment,OPT,GLOBAL,PWRWAVNICXX,,,,2048,,,,,,0.0
TotalAnnualMaxCapacityInvestment,OPT,GLOBAL,PWRWAVNICXX,,,,2049,,,,,,0.0
TotalAnnualMaxCapacityInvestment,OPT,GLOBAL,PWRWAVNICXX,,,,2050,,,,,,0.0
TotalAnnualMaxCapacityInvestment,OPT,GLOBAL,PWRBIOBOLXX,,,,2023,,,,,,0.0391
TotalAnnualMaxCapacityInvestment,OPT,GLOBAL,PWRBIOBOLXX,,,,2024,,,,,,0.0415
TotalAnnualMaxCapacityInvestment,OPT,GLOBAL,PWRBIOBOLXX,,,,2025,,,,,,0.0215
TotalAnnualMaxCapacityInvestment,OPT,GLOBAL,PWRBIOBOLXX,,,,2026,,,,,,0.0215
TotalAnnualMaxCapacityInvestment,OPT,GLOBAL,PWRBIOBOLXX,,,,2027,,,,,,0.0215
TotalAnnualMaxCapacityInvestment,OPT,GLOBAL,PWRBIOBOLXX,,,,2028,,,,,,0.0215
TotalAnnualMaxCapacityInvestment,OPT,GLOBAL,PWRBIOBOLXX,,,,2029,,,,,,0.0215
TotalAnnualMaxCapacityInvestment,OPT,GLOBAL,PWRBIOBOLXX,,,,2030,,,,,,0.0215
TotalAnnualMaxCapacityInvestment,OPT,GLOBAL,PWRBIOBOLXX,,,,2031,,,,,,0.0215
TotalAnnualMaxCapacityInvestment,OPT,GLOBAL,PWRBIOBOLXX,,,,2032,,,,,,0.0215
TotalAnnualMaxCapacityInvestment,OPT,GLOBAL,PWRBIOBOLXX,,,,2033,,,,,,0.0215
TotalAnnualMaxCapacityInvestment,OPT,GLOBAL,PWRBIOBOLXX,,,,2034,,,,,,0.0215
TotalAnnualMaxCapacityInvestment,OPT,GLOBAL,PWRBIOBOLXX,,,,2035,,,,,,0.0215
TotalAnnualMaxCapacityInvestment,OPT,GLOBAL,PWRBIOBOLXX,,,,2036,,,,,,0.0176
TotalAnnualMaxCapacityInvestment,OPT,GLOBAL,PWRBIOBOLXX,,,,2037,,,,,,0.0176
TotalAnnualMaxCapacityInvestment,OPT,GLOBAL,PWRBIOBOLXX,,,,2038,,,,,,0.0176
TotalAnnualMaxCapacityInvestment,OPT,GLOBAL,PWRBIOBOLXX,,,,2039,,,,,,0.0176
TotalAnnualMaxCapacityInvestment,OPT,GLOBAL,PWRBIOBOLXX,,,,2040,,,,,,0.0176
TotalAnnualMaxCapacityInvestment,OPT,GLOBAL,PWRBIOBOLXX,,,,2041,,,,,,0.0176
TotalAnnualMaxCapacityInvestment,OPT,GLOBAL,PWRBIOBOLXX,,,,2042,,,,,,0.0176
TotalAnnualMaxCapacityInvestment,OPT,GLOBAL,PWRBIOBOLXX,,,,2043,,,,,,0.0176
TotalAnnualMaxCapacityInvestment,OPT,GLOBAL,PWRBIOBOLXX,,,,2044,,,,,,0.0176
TotalAnnualMaxCapacityInvestment,OPT,GLOBAL,PWRBIOBOLXX,,,,2045,,,,,,0.0176
TotalAnnualMaxCapacityInvestment,OPT,GLOBAL,PWRBIOBOLXX,,,,2046,,,,,,0.0176
TotalAnnualMaxCapacityInvestment,OPT,GLOBAL,PWRBIOBOLXX,,,,2047,,,,,,0.0176
TotalAnnualMaxCapacityInvestment,OPT,GLOBAL,PWRBIOBOLXX,,,,2048,,,,,,0.0176
TotalAnnualMaxCapacityInvestment,OPT,GLOBAL,PWRBIOBOLXX,,,,2049,,,,,,0.0176
TotalAnnualMaxCapacityInvestment,OPT,GLOBAL,PWRBIOBOLXX,,,,2050,,,,,,0.0176
TotalAnnualMaxCapacityInvestment,OPT,GLOBAL,PWRWASSLVXX,,,,2023,,,,,,0.1102
TotalAnnualMaxCapacityInvestment,OPT,GLOBAL,PWRWASSLVXX,,,,2024,,,,,,0.1127
TotalAnnualMaxCapacityInvestment,OPT,GLOBAL,PWRWASSLVXX,,,,2025,,,,,,0.0134
TotalAnnualMaxCapacityInvestment,OPT,GLOBAL,PWRWASSLVXX,,,,2026,,,,,,0.0134
TotalAnnualMaxCapacityInvestment,OPT,GLOBAL,PWRWASSLVXX,,,,2027,,,,,,0.0134
TotalAnnualMaxCapacityInvestment,OPT,GLOBAL,PWRWASSLVXX,,,,2028,,,,,,0.0134
TotalAnnualMaxCapacityInvestment,OPT,GLOBAL,PWRWASSLVXX,,,,2029,,,,,,0.0134
TotalAnnualMaxCapacityInvestment,OPT,GLOBAL,PWRWASSLVXX,,,,2030,,,,,,0.0134
TotalAnnualMaxCapacityInvestment,OPT,GLOBAL,PWRWASSLVXX,,,,2031,,,,,,0.0134
TotalAnnualMaxCapacityInvestment,OPT,GLOBAL,PWRWASSLVXX,,,,2032,,,,,,0.0134
TotalAnnualMaxCapacityInvestment,OPT,GLOBAL,PWRWASSLVXX,,,,2033,,,,,,0.0134
TotalAnnualMaxCapacityInvestment,OPT,GLOBAL,PWRWASSLVXX,,,,2034,,,,,,0.0134
TotalAnnualMaxCapacityInvestment,OPT,GLOBAL,PWRWASSLVXX,,,,2035,,,,,,0.0134
TotalAnnualMaxCapacityInvestment,OPT,GLOBAL,PWRWASSLVXX,,,,2036,,,,,,0.011
TotalAnnualMaxCapacityInvestment,OPT,GLOBAL,PWRWASSLVXX,,,,2037,,,,,,0.011
TotalAnnualMaxCapacityInvestment,OPT,GLOBAL,PWRWASSLVXX,,,,2038,,,,,,0.011
TotalAnnualMaxCapacityInvestment,OPT,GLOBAL,PWRWASSLVXX,,,,2039,,,,,,0.011
TotalAnnualMaxCapacityInvestment,OPT,GLOBAL,PWRWASSLVXX,,,,2040,,,,,,0.011
TotalAnnualMaxCapacityInvestment,OPT,GLOBAL,PWRWASSLVXX,,,,2041,,,,,,0.011
TotalAnnualMaxCapacityInvestment,OPT,GLOBAL,PWRWASSLVXX,,,,2042,,,,,,0.011
TotalAnnualMaxCapacityInvestment,OPT,GLOBAL,PWRWASSLVXX,,,,2043,,,,,,0.011
TotalAnnualMaxCapacityInvestment,OPT,GLOBAL,PWRWASSLVXX,,,,2044,,,,,,0.011
TotalAnnualMaxCapacityInvestment,OPT,GLOBAL,PWRWASSLVXX,,,,2045,,,,,,0.011
TotalAnnualMaxCapacityInvestment,OPT,GLOBAL,PWRWASSLVXX,,,,2046,,,,,,0.011
TotalAnnualMaxCapacityInvestment,OPT,GLOBAL,PWRWASSLVXX,,,,2047,,,,,,0.011
TotalAnnualMaxCapacityInvestment,OPT,GLOBAL,PWRWASSLVXX,,,,2048,,,,,,0.011
TotalAnnualMaxCapacityInvestment,OPT,GLOBAL,PWRWASSLVXX,,,,2049,,,,,,0.011
TotalAnnualMaxCapacityInvestment,OPT,GLOBAL,PWRWASSLVXX,,,,2050,,,,,,0.011
TotalAnnualMaxCapacityInvestment,OPT,GLOBAL,PWRPETMEXXX,,,,2023,,,,,,3.2554
TotalAnnualMaxCapacityInvestment,OPT,GLOBAL,PWRPETMEXXX,,,,2024,,,,,,3.3531
TotalAnnualMaxCapacityInvestment,OPT,GLOBAL,PWRPETMEXXX,,,,2025,,,,,,0.0
TotalAnnualMaxCapacityInvestment,OPT,GLOBAL,PWRPETMEXXX,,,,2026,,,,,,0.0
TotalAnnualMaxCapacityInvestment,OPT,GLOBAL,PWRPETMEXXX,,,,2027,,,,,,0.0
TotalAnnualMaxCapacityInvestment,OPT,GLOBAL,PWRPETMEXXX,,,,2028,,,,,,0.0
TotalAnnualMaxCapacityInvestment,OPT,GLOBAL,PWRPETMEXXX,,,,2029,,,,,,0.0
TotalAnnualMaxCapacityInvestment,OPT,GLOBAL,PWRPETMEXXX,,,,2030,,,,,,0.0
TotalAnnualMaxCapacityInvestment,OPT,GLOBAL,PWRPETMEXXX,,,,2031,,,,,,0.0
TotalAnnualMaxCapacityInvestment,OPT,GLOBAL,PWRPETMEXXX,,,,2032,,,,,,0.0
TotalAnnualMaxCapacityInvestment,OPT,GLOBAL,PWRPETMEXXX,,,,2033,,,,,,0.0
TotalAnnualMaxCapacityInvestment,OPT,GLOBAL,PWRPETMEXXX,,,,2034,,,,,,0.0
TotalAnnualMaxCapacityInvestment,OPT,GLOBAL,PWRPETMEXXX,,,,2035,,,,,,0.0
TotalAnnualMaxCapacityInvestment,OPT,GLOBAL,PWRPETMEXXX,,,,2036,,,,,,0.0
TotalAnnualMaxCapacityInvestment,OPT,GLOBAL,PWRPETMEXXX,,,,2037,,,,,,0.0
TotalAnnualMaxCapacityInvestment,OPT,GLOBAL,PWRPETMEXXX,,,,2038,,,,,,0.0
TotalAnnualMaxCapacityInvestment,OPT,GLOBAL,PWRPETMEXXX,,,,2039,,,,,,0.0
TotalAnnualMaxCapacityInvestment,OPT,GLOBAL,PWRPETMEXXX,,,,2040,,,,,,0.0
TotalAnnualMaxCapacityInvestment,OPT,GLOBAL,PWRPETMEXXX,,,,2041,,,,,,0.0
TotalAnnualMaxCapacityInvestment,OPT,GLOBAL,PWRPETMEXXX,,,,2042,,,,,,0.0
TotalAnnualMaxCapacityInvestment,OPT,GLOBAL,PWRPETMEXXX,,,,2043,,,,,,0.0
TotalAnnualMaxCapacityInvestment,OPT,GLOBAL,PWRPETMEXXX,,,,2044,,,,,,0.0
TotalAnnualMaxCapacityInvestment,OPT,GLOBAL,PWRPETMEXXX,,,,2045,,,,,,0.0
TotalAnnualMaxCapacityInvestment,OPT,GLOBAL,PWRPETMEXXX,,,,2046,,,,,,0.0
TotalAnnualMaxCapacityInvestment,OPT,GLOBAL,PWRPETMEXXX,,,,2047,,,,,,0.0
TotalAnnualMaxCapacityInvestment,OPT,GLOBAL,PWRPETMEXXX,,,,2048,,,,,,0.0
TotalAnnualMaxCapacityInvestment,OPT,GLOBAL,PWRPETMEXXX,,,,2049,,,,,,0.0
TotalAnnualMaxCapacityInvestment,OPT,GLOBAL,PWRPETMEXXX,,,,2050,,,,,,0.0
TotalAnnualMaxCapacityInvestment,OPT,GLOBAL,PWRCOADOMXX,,,,2023,,,,,,0.2035
TotalAnnualMaxCapacityInvestment,OPT,GLOBAL,PWRCOADOMXX,,,,2024,,,,,,0.2128
TotalAnnualMaxCapacityInvestment,OPT,GLOBAL,PWRCOADOMXX,,,,2025,,,,,,0.0088
TotalAnnualMaxCapacityInvestment,OPT,GLOBAL,PWRCOADOMXX,,,,2026,,,,,,0.0088
TotalAnnualMaxCapacityInvestment,OPT,GLOBAL,PWRCOADOMXX,,,,2027,,,,,,0.0088
TotalAnnualMaxCapacityInvestment,OPT,GLOBAL,PWRCOADOMXX,,,,2028,,,,,,0.0088
TotalAnnualMaxCapacityInvestment,OPT,GLOBAL,PWRCOADOMXX,,,,2029,,,,,,0.0088
TotalAnnualMaxCapacityInvestment,OPT,GLOBAL,PWRCOADOMXX,,,,2030,,,,,,0.0088
TotalAnnualMaxCapacityInvestment,OPT,GLOBAL,PWRCOADOMXX,,,,2031,,,,,,0.0088
TotalAnnualMaxCapacityInvestment,OPT,GLOBAL,PWRCOADOMXX,,,,2032,,,,,,0.0088
TotalAnnualMaxCapacityInvestment,OPT,GLOBAL,PWRCOADOMXX,,,,2033,,,,,,0.0088
TotalAnnualMaxCapacityInvestment,OPT,GLOBAL,PWRCOADOMXX,,,,2034,,,,,,0.0088
TotalAnnualMaxCapacityInvestment,OPT,GLOBAL,PWRCOADOMXX,,,,2035,,,,,,0.0088
TotalAnnualMaxCapacityInvestment,OPT,GLOBAL,PWRCOADOMXX,,,,2036,,,,,,0.0
TotalAnnualMaxCapacityInvestment,OPT,GLOBAL,PWRCOADOMXX,,,,2037,,,,,,0.0
TotalAnnualMaxCapacityInvestment,OPT,GLOBAL,PWRCOADOMXX,,,,2038,,,,,,0.0
TotalAnnualMaxCapacityInvestment,OPT,GLOBAL,PWRCOADOMXX,,,,2039,,,,,,0.0
TotalAnnualMaxCapacityInvestment,OPT,GLOBAL,PWRCOADOMXX,,,,2040,,,,,,0.0
TotalAnnualMaxCapacityInvestment,OPT,GLOBAL,PWRCOADOMXX,,,,2041,,,,,,0.0
TotalAnnualMaxCapacityInvestment,OPT,GLOBAL,PWRCOADOMXX,,,,2042,,,,,,0.0
TotalAnnualMaxCapacityInvestment,OPT,GLOBAL,PWRCOADOMXX,,,,2043,,,,,,0.0
TotalAnnualMaxCapacityInvestment,OPT,GLOBAL,PWRCOADOMXX,,,,2044,,,,,,0.0
TotalAnnualMaxCapacityInvestment,OPT,GLOBAL,PWRCOADOMXX,,,,2045,,,,,,0.0
TotalAnnualMaxCapacityInvestment,OPT,GLOBAL,PWRCOADOMXX,,,,2046,,,,,,0.0
TotalAnnualMaxCapacityInvestment,OPT,GLOBAL,PWRCOADOMXX,,,,2047,,,,,,0.0
TotalAnnualMaxCapacityInvestment,OPT,GLOBAL,PWRCOADOMXX,,,,2048,,,,,,0.0
TotalAnnualMaxCapacityInvestment,OPT,GLOBAL,PWRCOADOMXX,,,,2049,,,,,,0.0
TotalAnnualMaxCapacityInvestment,OPT,GLOBAL,PWRCOADOMXX,,,,2050,,,,,,0.0
TotalAnnualMaxCapacityInvestment,OPT,GLOBAL,PWRBIOCOLXX,,,,2023,,,,,,0.196
TotalAnnualMaxCapacityInvestment,OPT,GLOBAL,PWRBIOCOLXX,,,,2024,,,,,,0.2
TotalAnnualMaxCapacityInvestment,OPT,GLOBAL,PWRBIOCOLXX,,,,2025,,,,,,0.009
TotalAnnualMaxCapacityInvestment,OPT,GLOBAL,PWRBIOCOLXX,,,,2026,,,,,,0.009
TotalAnnualMaxCapacityInvestment,OPT,GLOBAL,PWRBIOCOLXX,,,,2027,,,,,,0.009
TotalAnnualMaxCapacityInvestment,OPT,GLOBAL,PWRBIOCOLXX,,,,2028,,,,,,0.009
TotalAnnualMaxCapacityInvestment,OPT,GLOBAL,PWRBIOCOLXX,,,,2029,,,,,,0.009
TotalAnnualMaxCapacityInvestment,OPT,GLOBAL,PWRBIOCOLXX,,,,2030,,,,,,0.009
TotalAnnualMaxCapacityInvestment,OPT,GLOBAL,PWRBIOCOLXX,,,,2031,,,,,,0.0253
TotalAnnualMaxCapacityInvestment,OPT,GLOBAL,PWRBIOCOLXX,,,,2032,,,,,,0.009
TotalAnnualMaxCapacityInvestment,OPT,GLOBAL,PWRBIOCOLXX,,,,2033,,,,,,0.0101
TotalAnnualMaxCapacityInvestment,OPT,GLOBAL,PWRBIOCOLXX,,,,2034,,,,,,0.009
TotalAnnualMaxCapacityInvestment,OPT,GLOBAL,PWRBIOCOLXX,,,,2035,,,,,,0.009
TotalAnnualMaxCapacityInvestment,OPT,GLOBAL,PWRBIOCOLXX,,,,2036,,,,,,0.0073
TotalAnnualMaxCapacityInvestment,OPT,GLOBAL,PWRBIOCOLXX,,,,2037,,,,,,0.0073
TotalAnnualMaxCapacityInvestment,OPT,GLOBAL,PWRBIOCOLXX,,,,2038,,,,,,0.0073
TotalAnnualMaxCapacityInvestment,OPT,GLOBAL,PWRBIOCOLXX,,,,2039,,,,,,0.0073
TotalAnnualMaxCapacityInvestment,OPT,GLOBAL,PWRBIOCOLXX,,,,2040,,,,,,0.0073
TotalAnnualMaxCapacityInvestment,OPT,GLOBAL,PWRBIOCOLXX,,,,2041,,,,,,0.0073
TotalAnnualMaxCapacityInvestment,OPT,GLOBAL,PWRBIOCOLXX,,,,2042,,,,,,0.0073
TotalAnnualMaxCapacityInvestment,OPT,GLOBAL,PWRBIOCOLXX,,,,2043,,,,,,0.0073
TotalAnnualMaxCapacityInvestment,OPT,GLOBAL,PWRBIOCOLXX,,,,2044,,,,,,0.0073
TotalAnnualMaxCapacityInvestment,OPT,GLOBAL,PWRBIOCOLXX,,,,2045,,,,,,0.0073
TotalAnnualMaxCapacityInvestment,OPT,GLOBAL,PWRBIOCOLXX,,,,2046,,,,,,0.0073
TotalAnnualMaxCapacityInvestment,OPT,GLOBAL,PWRBIOCOLXX,,,,2047,,,,,,0.0073
TotalAnnualMaxCapacityInvestment,OPT,GLOBAL,PWRBIOCOLXX,,,,2048,,,,,,0.0073
TotalAnnualMaxCapacityInvestment,OPT,GLOBAL,PWRBIOCOLXX,,,,2049,,,,,,0.0073
TotalAnnualMaxCapacityInvestment,OPT,GLOBAL,PWRBIOCOLXX,,,,2050,,,,,,0.0073
TotalAnnualMaxCapacityInvestment,OPT,GLOBAL,PWRHYDARGXX,,,,2023,,,,,,0.2271
TotalAnnualMaxCapacityInvestment,OPT,GLOBAL,PWRHYDARGXX,,,,2024,,,,,,0.2291
TotalAnnualMaxCapacityInvestment,OPT,GLOBAL,PWRHYDARGXX,,,,2025,,,,,,0.0751
TotalAnnualMaxCapacityInvestment,OPT,GLOBAL,PWRHYDARGXX,,,,2026,,,,,,0.0751
TotalAnnualMaxCapacityInvestment,OPT,GLOBAL,PWRHYDARGXX,,,,2027,,,,,,1.3231
TotalAnnualMaxCapacityInvestment,OPT,GLOBAL,PWRHYDARGXX,,,,2028,,,,,,0.0751
TotalAnnualMaxCapacityInvestment,OPT,GLOBAL,PWRHYDARGXX,,,,2029,,,,,,0.1838
TotalAnnualMaxCapacityInvestment,OPT,GLOBAL,PWRHYDARGXX,,,,2030,,,,,,0.0751
TotalAnnualMaxCapacityInvestment,OPT,GLOBAL,PWRHYDARGXX,,,,2031,,,,,,0.0751
TotalAnnualMaxCapacityInvestment,OPT,GLOBAL,PWRHYDARGXX,,,,2032,,,,,,0.0751
TotalAnnualMaxCapacityInvestment,OPT,GLOBAL,PWRHYDARGXX,,,,2033,,,,,,0.0751
TotalAnnualMaxCapacityInvestment,OPT,GLOBAL,PWRHYDARGXX,,,,2034,,,,,,0.0751
TotalAnnualMaxCapacityInvestment,OPT,GLOBAL,PWRHYDARGXX,,,,2035,,,,,,0.0751
TotalAnnualMaxCapacityInvestment,OPT,GLOBAL,PWRHYDARGXX,,,,2036,,,,,,0.0874
TotalAnnualMaxCapacityInvestment,OPT,GLOBAL,PWRHYDARGXX,,,,2037,,,,,,0.0874
TotalAnnualMaxCapacityInvestment,OPT,GLOBAL,PWRHYDARGXX,,,,2038,,,,,,0.0874
TotalAnnualMaxCapacityInvestment,OPT,GLOBAL,PWRHYDARGXX,,,,2039,,,,,,0.0874
TotalAnnualMaxCapacityInvestment,OPT,GLOBAL,PWRHYDARGXX,,,,2040,,,,,,0.3804
TotalAnnualMaxCapacityInvestment,OPT,GLOBAL,PWRHYDARGXX,,,,2041,,,,,,0.3804
TotalAnnualMaxCapacityInvestment,OPT,GLOBAL,PWRHYDARGXX,,,,2042,,,,,,0.3804
TotalAnnualMaxCapacityInvestment,OPT,GLOBAL,PWRHYDARGXX,,,,2043,,,,,,0.3804
TotalAnnualMaxCapacityInvestment,OPT,GLOBAL,PWRHYDARGXX,,,,2044,,,,,,0.3804
TotalAnnualMaxCapacityInvestment,OPT,GLOBAL,PWRHYDARGXX,,,,2045,,,,,,0.3804
TotalAnnualMaxCapacityInvestment,OPT,GLOBAL,PWRHYDARGXX,,,,2046,,,,,,0.3804
TotalAnnualMaxCapacityInvestment,OPT,GLOBAL,PWRHYDARGXX,,,,2047,,,,,,0.3804
TotalAnnualMaxCapacityInvestment,OPT,GLOBAL,PWRHYDARGXX,,,,2048,,,,,,0.3804
TotalAnnualMaxCapacityInvestment,OPT,GLOBAL,PWRHYDARGXX,,,,2049,,,,,,0.3804
TotalAnnualMaxCapacityInvestment,OPT,GLOBAL,PWRHYDARGXX,,,,2050,,,,,,0.3804
TotalAnnualMaxCapacityInvestment,OPT,GLOBAL,PWRWONCOLXX,,,,2023,,,,,,0.0
TotalAnnualMaxCapacityInvestment,OPT,GLOBAL,PWRWONCOLXX,,,,2024,,,,,,0.0
TotalAnnualMaxCapacityInvestment,OPT,GLOBAL,PWRWONCOLXX,,,,2025,,,,,,0.2337
TotalAnnualMaxCapacityInvestment,OPT,GLOBAL,PWRWONCOLXX,,,,2026,,,,,,0.2783
TotalAnnualMaxCapacityInvestment,OPT,GLOBAL,PWRWONCOLXX,,,,2027,,,,,,0.7615
TotalAnnualMaxCapacityInvestment,OPT,GLOBAL,PWRWONCOLXX,,,,2028,,,,,,0.3809
TotalAnnualMaxCapacityInvestment,OPT,GLOBAL,PWRWONCOLXX,,,,2029,,,,,,0.4361
TotalAnnualMaxCapacityInvestment,OPT,GLOBAL,PWRWONCOLXX,,,,2030,,,,,,0.4907
TotalAnnualMaxCapacityInvestment,OPT,GLOBAL,PWRWONCOLXX,,,,2031,,,,,,0.5418
TotalAnnualMaxCapacityInvestment,OPT,GLOBAL,PWRWONCOLXX,,,,2032,,,,,,0.5857
TotalAnnualMaxCapacityInvestment,OPT,GLOBAL,PWRWONCOLXX,,,,2033,,,,,,0.7252
TotalAnnualMaxCapacityInvestment,OPT,GLOBAL,PWRWONCOLXX,,,,2034,,,,,,0.6392
TotalAnnualMaxCapacityInvestment,OPT,GLOBAL,PWRWONCOLXX,,,,2035,,,,,,0.6443
TotalAnnualMaxCapacityInvestment,OPT,GLOBAL,PWRWONCOLXX,,,,2036,,,,,,0.634
TotalAnnualMaxCapacityInvestment,OPT,GLOBAL,PWRWONCOLXX,,,,2037,,,,,,0.6093
TotalAnnualMaxCapacityInvestment,OPT,GLOBAL,PWRWONCOLXX,,,,2038,,,,,,0.5727
TotalAnnualMaxCapacityInvestment,OPT,GLOBAL,PWRWONCOLXX,,,,2039,,,,,,0.527
TotalAnnualMaxCapacityInvestment,OPT,GLOBAL,PWRWONCOLXX,,,,2040,,,,,,0.4759
TotalAnnualMaxCapacityInvestment,OPT,GLOBAL,PWRWONCOLXX,,,,2041,,,,,,0.4223
TotalAnnualMaxCapacityInvestment,OPT,GLOBAL,PWRWONCOLXX,,,,2042,,,,,,0.3692
TotalAnnualMaxCapacityInvestment,OPT,GLOBAL,PWRWONCOLXX,,,,2043,,,,,,0.3185
TotalAnnualMaxCapacityInvestment,OPT,GLOBAL,PWRWONCOLXX,,,,2044,,,,,,0.2717
TotalAnnualMaxCapacityInvestment,OPT,GLOBAL,PWRWONCOLXX,,,,2045,,,,,,0.2296
TotalAnnualMaxCapacityInvestment,OPT,GLOBAL,PWRWONCOLXX,,,,2046,,,,,,0.1924
TotalAnnualMaxCapacityInvestment,OPT,GLOBAL,PWRWONCOLXX,,,,2047,,,,,,0.1602
TotalAnnualMaxCapacityInvestment,OPT,GLOBAL,PWRWONCOLXX,,,,2048,,,,,,0.1326
TotalAnnualMaxCapacityInvestment,OPT,GLOBAL,PWRWONCOLXX,,,,2049,,,,,,0.1093
TotalAnnualMaxCapacityInvestment,OPT,GLOBAL,PWRWONCOLXX,,,,2050,,,,,,0.0898
TotalAnnualMaxCapacityInvestment,OPT,GLOBAL,PWRPETCRIXX,,,,2023,,,,,,0.1268
TotalAnnualMaxCapacityInvestment,OPT,GLOBAL,PWRPETCRIXX,,,,2024,,,,,,0.1312
TotalAnnualMaxCapacityInvestment,OPT,GLOBAL,PWRPETCRIXX,,,,2025,,,,,,0.0
TotalAnnualMaxCapacityInvestment,OPT,GLOBAL,PWRPETCRIXX,,,,2026,,,,,,0.0
TotalAnnualMaxCapacityInvestment,OPT,GLOBAL,PWRPETCRIXX,,,,2027,,,,,,0.0
TotalAnnualMaxCapacityInvestment,OPT,GLOBAL,PWRPETCRIXX,,,,2028,,,,,,0.0
TotalAnnualMaxCapacityInvestment,OPT,GLOBAL,PWRPETCRIXX,,,,2029,,,,,,0.0
TotalAnnualMaxCapacityInvestment,OPT,GLOBAL,PWRPETCRIXX,,,,2030,,,,,,0.0
TotalAnnualMaxCapacityInvestment,OPT,GLOBAL,PWRPETCRIXX,,,,2031,,,,,,0.0
TotalAnnualMaxCapacityInvestment,OPT,GLOBAL,PWRPETCRIXX,,,,2032,,,,,,0.0
TotalAnnualMaxCapacityInvestment,OPT,GLOBAL,PWRPETCRIXX,,,,2033,,,,,,0.0
TotalAnnualMaxCapacityInvestment,OPT,GLOBAL,PWRPETCRIXX,,,,2034,,,,,,0.0
TotalAnnualMaxCapacityInvestment,OPT,GLOBAL,PWRPETCRIXX,,,,2035,,,,,,0.0
TotalAnnualMaxCapacityInvestment,OPT,GLOBAL,PWRPETCRIXX,,,,2036,,,,,,0.0
TotalAnnualMaxCapacityInvestment,OPT,GLOBAL,PWRPETCRIXX,,,,2037,,,,,,0.0
TotalAnnualMaxCapacityInvestment,OPT,GLOBAL,PWRPETCRIXX,,,,2038,,,,,,0.0
TotalAnnualMaxCapacityInvestment,OPT,GLOBAL,PWRPETCRIXX,,,,2039,,,,,,0.0
TotalAnnualMaxCapacityInvestment,OPT,GLOBAL,PWRPETCRIXX,,,,2040,,,,,,0.0
TotalAnnualMaxCapacityInvestment,OPT,GLOBAL,PWRPETCRIXX,,,,2041,,,,,,0.0
TotalAnnualMaxCapacityInvestment,OPT,GLOBAL,PWRPETCRIXX,,,,2042,,,,,,0.0
TotalAnnualMaxCapacityInvestment,OPT,GLOBAL,PWRPETCRIXX,,,,2043,,,,,,0.0
TotalAnnualMaxCapacityInvestment,OPT,GLOBAL,PWRPETCRIXX,,,,2044,,,,,,0.0
TotalAnnualMaxCapacityInvestment,OPT,GLOBAL,PWRPETCRIXX,,,,2045,,,,,,0.0
TotalAnnualMaxCapacityInvestment,OPT,GLOBAL,PWRPETCRIXX,,,,2046,,,,,,0.0
TotalAnnualMaxCapacityInvestment,OPT,GLOBAL,PWRPETCRIXX,,,,2047,,,,,,0.0
TotalAnnualMaxCapacityInvestment,OPT,GLOBAL,PWRPETCRIXX,,,,2048,,,,,,0.0
TotalAnnualMaxCapacityInvestment,OPT,GLOBAL,PWRPETCRIXX,,,,2049,,,,,,0.0
TotalAnnualMaxCapacityInvestment,OPT,GLOBAL,PWRPETCRIXX,,,,2050,,,,,,0.0
TotalAnnualMaxCapacityInvestment,OPT,GLOBAL,PWRNGSGTMXX,,,,2023,,,,,,0.0
TotalAnnualMaxCapacityInvestment,OPT,GLOBAL,PWRNGSGTMXX,,,,2024,,,,,,0.0
TotalAnnualMaxCapacityInvestment,OPT,GLOBAL,PWRNGSGTMXX,,,,2025,,,,,,0.0001
TotalAnnualMaxCapacityInvestment,OPT,GLOBAL,PWRNGSGTMXX,,,,2026,,,,,,0.0001
TotalAnnualMaxCapacityInvestment,OPT,GLOBAL,PWRNGSGTMXX,,,,2027,,,,,,0.0001
TotalAnnualMaxCapacityInvestment,OPT,GLOBAL,PWRNGSGTMXX,,,,2028,,,,,,0.0001
TotalAnnualMaxCapacityInvestment,OPT,GLOBAL,PWRNGSGTMXX,,,,2029,,,,,,0.0001
TotalAnnualMaxCapacityInvestment,OPT,GLOBAL,PWRNGSGTMXX,,,,2030,,,,,,0.0001
TotalAnnualMaxCapacityInvestment,OPT,GLOBAL,PWRNGSGTMXX,,,,2031,,,,,,0.0001
TotalAnnualMaxCapacityInvestment,OPT,GLOBAL,PWRNGSGTMXX,,,,2032,,,,,,0.0001
TotalAnnualMaxCapacityInvestment,OPT,GLOBAL,PWRNGSGTMXX,,,,2033,,,,,,0.0001
TotalAnnualMaxCapacityInvestment,OPT,GLOBAL,PWRNGSGTMXX,,,,2034,,,,,,0.0001
TotalAnnualMaxCapacityInvestment,OPT,GLOBAL,PWRNGSGTMXX,,,,2035,,,,,,0.0505
TotalAnnualMaxCapacityInvestment,OPT,GLOBAL,PWRNGSGTMXX,,,,2036,,,,,,0.0
TotalAnnualMaxCapacityInvestment,OPT,GLOBAL,PWRNGSGTMXX,,,,2037,,,,,,0.0
TotalAnnualMaxCapacityInvestment,OPT,GLOBAL,PWRNGSGTMXX,,,,2038,,,,,,0.0
TotalAnnualMaxCapacityInvestment,OPT,GLOBAL,PWRNGSGTMXX,,,,2039,,,,,,0.0
TotalAnnualMaxCapacityInvestment,OPT,GLOBAL,PWRNGSGTMXX,,,,2040,,,,,,0.0
TotalAnnualMaxCapacityInvestment,OPT,GLOBAL,PWRNGSGTMXX,,,,2041,,,,,,0.0
TotalAnnualMaxCapacityInvestment,OPT,GLOBAL,PWRNGSGTMXX,,,,2042,,,,,,0.0
TotalAnnualMaxCapacityInvestment,OPT,GLOBAL,PWRNGSGTMXX,,,,2043,,,,,,0.0
TotalAnnualMaxCapacityInvestment,OPT,GLOBAL,PWRNGSGTMXX,,,,2044,,,,,,0.0
TotalAnnualMaxCapacityInvestment,OPT,GLOBAL,PWRNGSGTMXX,,,,2045,,,,,,0.0
TotalAnnualMaxCapacityInvestment,OPT,GLOBAL,PWRNGSGTMXX,,,,2046,,,,,,0.606
TotalAnnualMaxCapacityInvestment,OPT,GLOBAL,PWRNGSGTMXX,,,,2047,,,,,,0.0
TotalAnnualMaxCapacityInvestment,OPT,GLOBAL,PWRNGSGTMXX,,,,2048,,,,,,0.0
TotalAnnualMaxCapacityInvestment,OPT,GLOBAL,PWRNGSGTMXX,,,,2049,,,,,,0.0
TotalAnnualMaxCapacityInvestment,OPT,GLOBAL,PWRNGSGTMXX,,,,2050,,,,,,0.0
TotalAnnualMaxCapacityInvestment,OPT,GLOBAL,PWRSPVGTMXX,,,,2023,,,,,,0.0334
TotalAnnualMaxCapacityInvestment,OPT,GLOBAL,PWRSPVGTMXX,,,,2024,,,,,,0.0344
TotalAnnualMaxCapacityInvestment,OPT,GLOBAL,PWRSPVGTMXX,,,,2025,,,,,,0.1653
TotalAnnualMaxCapacityInvestment,OPT,GLOBAL,PWRSPVGTMXX,,,,2026,,,,,,0.1653
TotalAnnualMaxCapacityInvestment,OPT,GLOBAL,PWRSPVGTMXX,,,,2027,,,,,,0.1653
TotalAnnualMaxCapacityInvestment,OPT,GLOBAL,PWRSPVGTMXX,,,,2028,,,,,,0.1653
TotalAnnualMaxCapacityInvestment,OPT,GLOBAL,PWRSPVGTMXX,,,,2029,,,,,,0.1653
TotalAnnualMaxCapacityInvestment,OPT,GLOBAL,PWRSPVGTMXX,,,,2030,,,,,,0.1653
TotalAnnualMaxCapacityInvestment,OPT,GLOBAL,PWRSPVGTMXX,,,,2031,,,,,,0.1653
TotalAnnualMaxCapacityInvestment,OPT,GLOBAL,PWRSPVGTMXX,,,,2032,,,,,,0.1653
TotalAnnualMaxCapacityInvestment,OPT,GLOBAL,PWRSPVGTMXX,,,,2033,,,,,,0.1653
TotalAnnualMaxCapacityInvestment,OPT,GLOBAL,PWRSPVGTMXX,,,,2034,,,,,,0.1653
TotalAnnualMaxCapacityInvestment,OPT,GLOBAL,PWRSPVGTMXX,,,,2035,,,,,,0.1653
TotalAnnualMaxCapacityInvestment,OPT,GLOBAL,PWRSPVGTMXX,,,,2036,,,,,,0.1515
TotalAnnualMaxCapacityInvestment,OPT,GLOBAL,PWRSPVGTMXX,,,,2037,,,,,,0.1332
TotalAnnualMaxCapacityInvestment,OPT,GLOBAL,PWRSPVGTMXX,,,,2038,,,,,,0.1332
TotalAnnualMaxCapacityInvestment,OPT,GLOBAL,PWRSPVGTMXX,,,,2039,,,,,,0.1332
TotalAnnualMaxCapacityInvestment,OPT,GLOBAL,PWRSPVGTMXX,,,,2040,,,,,,0.1332
TotalAnnualMaxCapacityInvestment,OPT,GLOBAL,PWRSPVGTMXX,,,,2041,,,,,,0.1332
TotalAnnualMaxCapacityInvestment,OPT,GLOBAL,PWRSPVGTMXX,,,,2042,,,,,,0.1332
TotalAnnualMaxCapacityInvestment,OPT,GLOBAL,PWRSPVGTMXX,,,,2043,,,,,,0.1332
TotalAnnualMaxCapacityInvestment,OPT,GLOBAL,PWRSPVGTMXX,,,,2044,,,,,,0.1332
TotalAnnualMaxCapacityInvestment,OPT,GLOBAL,PWRSPVGTMXX,,,,2045,,,,,,0.1332
TotalAnnualMaxCapacityInvestment,OPT,GLOBAL,PWRSPVGTMXX,,,,2046,,,,,,0.1332
TotalAnnualMaxCapacityInvestment,OPT,GLOBAL,PWRSPVGTMXX,,,,2047,,,,,,0.1332
TotalAnnualMaxCapacityInvestment,OPT,GLOBAL,PWRSPVGTMXX,,,,2048,,,,,,0.1332
TotalAnnualMaxCapacityInvestment,OPT,GLOBAL,PWRSPVGTMXX,,,,2049,,,,,,0.1332
TotalAnnualMaxCapacityInvestment,OPT,GLOBAL,PWRSPVGTMXX,,,,2050,,,,,,0.1332
TotalAnnualMaxCapacityInvestment,OPT,GLOBAL,PWRHYDPRYXX,,,,2023,,,,,,0.0416
TotalAnnualMaxCapacityInvestment,OPT,GLOBAL,PWRHYDPRYXX,,,,2024,,,,,,0.0442
TotalAnnualMaxCapacityInvestment,OPT,GLOBAL,PWRHYDPRYXX,,,,2025,,,,,,0.18
TotalAnnualMaxCapacityInvestment,OPT,GLOBAL,PWRHYDPRYXX,,,,2026,,,,,,0.18
TotalAnnualMaxCapacityInvestment,OPT,GLOBAL,PWRHYDPRYXX,,,,2027,,,,,,0.18
TotalAnnualMaxCapacityInvestment,OPT,GLOBAL,PWRHYDPRYXX,,,,2028,,,,,,0.18
TotalAnnualMaxCapacityInvestment,OPT,GLOBAL,PWRHYDPRYXX,,,,2029,,,,,,0.18
TotalAnnualMaxCapacityInvestment,OPT,GLOBAL,PWRHYDPRYXX,,,,2030,,,,,,0.18
TotalAnnualMaxCapacityInvestment,OPT,GLOBAL,PWRHYDPRYXX,,,,2031,,,,,,0.18
TotalAnnualMaxCapacityInvestment,OPT,GLOBAL,PWRHYDPRYXX,,,,2032,,,,,,0.18
TotalAnnualMaxCapacityInvestment,OPT,GLOBAL,PWRHYDPRYXX,,,,2033,,,,,,0.18
TotalAnnualMaxCapacityInvestment,OPT,GLOBAL,PWRHYDPRYXX,,,,2034,,,,,,0.18
TotalAnnualMaxCapacityInvestment,OPT,GLOBAL,PWRHYDPRYXX,,,,2035,,,,,,0.18
TotalAnnualMaxCapacityInvestment,OPT,GLOBAL,PWRHYDPRYXX,,,,2036,,,,,,0.0057
TotalAnnualMaxCapacityInvestment,OPT,GLOBAL,PWRHYDPRYXX,,,,2037,,,,,,0.0
TotalAnnualMaxCapacityInvestment,OPT,GLOBAL,PWRHYDPRYXX,,,,2038,,,,,,0.0
TotalAnnualMaxCapacityInvestment,OPT,GLOBAL,PWRHYDPRYXX,,,,2039,,,,,,0.0
TotalAnnualMaxCapacityInvestment,OPT,GLOBAL,PWRHYDPRYXX,,,,2040,,,,,,0.0
TotalAnnualMaxCapacityInvestment,OPT,GLOBAL,PWRHYDPRYXX,,,,2041,,,,,,0.0
TotalAnnualMaxCapacityInvestment,OPT,GLOBAL,PWRHYDPRYXX,,,,2042,,,,,,0.0
TotalAnnualMaxCapacityInvestment,OPT,GLOBAL,PWRHYDPRYXX,,,,2043,,,,,,0.0
TotalAnnualMaxCapacityInvestment,OPT,GLOBAL,PWRHYDPRYXX,,,,2044,,,,,,0.0
TotalAnnualMaxCapacityInvestment,OPT,GLOBAL,PWRHYDPRYXX,,,,2045,,,,,,0.0
TotalAnnualMaxCapacityInvestment,OPT,GLOBAL,PWRHYDPRYXX,,,,2046,,,,,,0.0
TotalAnnualMaxCapacityInvestment,OPT,GLOBAL,PWRHYDPRYXX,,,,2047,,,,,,0.0
TotalAnnualMaxCapacityInvestment,OPT,GLOBAL,PWRHYDPRYXX,,,,2048,,,,,,0.0
TotalAnnualMaxCapacityInvestment,OPT,GLOBAL,PWRHYDPRYXX,,,,2049,,,,,,0.0
TotalAnnualMaxCapacityInvestment,OPT,GLOBAL,PWRHYDPRYXX,,,,2050,,,,,,0.0
TotalAnnualMaxCapacityInvestment,OPT,GLOBAL,PWROILMEXXX,,,,2023,,,,,,3.2554
TotalAnnualMaxCapacityInvestment,OPT,GLOBAL,PWROILMEXXX,,,,2024,,,,,,3.3531
TotalAnnualMaxCapacityInvestment,OPT,GLOBAL,PWROILMEXXX,,,,2025,,,,,,0.0
TotalAnnualMaxCapacityInvestment,OPT,GLOBAL,PWROILMEXXX,,,,2026,,,,,,0.0
TotalAnnualMaxCapacityInvestment,OPT,GLOBAL,PWROILMEXXX,,,,2027,,,,,,0.0
TotalAnnualMaxCapacityInvestment,OPT,GLOBAL,PWROILMEXXX,,,,2028,,,,,,0.0
TotalAnnualMaxCapacityInvestment,OPT,GLOBAL,PWROILMEXXX,,,,2029,,,,,,0.0
TotalAnnualMaxCapacityInvestment,OPT,GLOBAL,PWROILMEXXX,,,,2030,,,,,,0.0
TotalAnnualMaxCapacityInvestment,OPT,GLOBAL,PWROILMEXXX,,,,2031,,,,,,0.0
TotalAnnualMaxCapacityInvestment,OPT,GLOBAL,PWROILMEXXX,,,,2032,,,,,,0.0
TotalAnnualMaxCapacityInvestment,OPT,GLOBAL,PWROILMEXXX,,,,2033,,,,,,0.0
TotalAnnualMaxCapacityInvestment,OPT,GLOBAL,PWROILMEXXX,,,,2034,,,,,,0.0
TotalAnnualMaxCapacityInvestment,OPT,GLOBAL,PWROILMEXXX,,,,2035,,,,,,0.0
TotalAnnualMaxCapacityInvestment,OPT,GLOBAL,PWROILMEXXX,,,,2036,,,,,,0.0
TotalAnnualMaxCapacityInvestment,OPT,GLOBAL,PWROILMEXXX,,,,2037,,,,,,0.0
TotalAnnualMaxCapacityInvestment,OPT,GLOBAL,PWROILMEXXX,,,,2038,,,,,,0.0
TotalAnnualMaxCapacityInvestment,OPT,GLOBAL,PWROILMEXXX,,,,2039,,,,,,0.0
TotalAnnualMaxCapacityInvestment,OPT,GLOBAL,PWROILMEXXX,,,,2040,,,,,,0.0
TotalAnnualMaxCapacityInvestment,OPT,GLOBAL,PWROILMEXXX,,,,2041,,,,,,0.0
TotalAnnualMaxCapacityInvestment,OPT,GLOBAL,PWROILMEXXX,,,,2042,,,,,,0.0
TotalAnnualMaxCapacityInvestment,OPT,GLOBAL,PWROILMEXXX,,,,2043,,,,,,0.0
TotalAnnualMaxCapacityInvestment,OPT,GLOBAL,PWROILMEXXX,,,,2044,,,,,,0.0
TotalAnnualMaxCapacityInvestment,OPT,GLOBAL,PWROILMEXXX,,,,2045,,,,,,0.0
TotalAnnualMaxCapacityInvestment,OPT,GLOBAL,PWROILMEXXX,,,,2046,,,,,,0.0
TotalAnnualMaxCapacityInvestment,OPT,GLOBAL,PWROILMEXXX,,,,2047,,,,,,0.0
TotalAnnualMaxCapacityInvestment,OPT,GLOBAL,PWROILMEXXX,,,,2048,,,,,,0.0
TotalAnnualMaxCapacityInvestment,OPT,GLOBAL,PWROILMEXXX,,,,2049,,,,,,0.0
TotalAnnualMaxCapacityInvestment,OPT,GLOBAL,PWROILMEXXX,,,,2050,,,,,,0.0
TotalAnnualMaxCapacityInvestment,OPT,GLOBAL,PWRPETHNDXX,,,,2023,,,,,,0.1184
TotalAnnualMaxCapacityInvestment,OPT,GLOBAL,PWRPETHNDXX,,,,2024,,,,,,0.1222
TotalAnnualMaxCapacityInvestment,OPT,GLOBAL,PWRPETHNDXX,,,,2025,,,,,,0.0
TotalAnnualMaxCapacityInvestment,OPT,GLOBAL,PWRPETHNDXX,,,,2026,,,,,,0.0
TotalAnnualMaxCapacityInvestment,OPT,GLOBAL,PWRPETHNDXX,,,,2027,,,,,,0.0
TotalAnnualMaxCapacityInvestment,OPT,GLOBAL,PWRPETHNDXX,,,,2028,,,,,,0.0
TotalAnnualMaxCapacityInvestment,OPT,GLOBAL,PWRPETHNDXX,,,,2029,,,,,,0.0
TotalAnnualMaxCapacityInvestment,OPT,GLOBAL,PWRPETHNDXX,,,,2030,,,,,,0.0
TotalAnnualMaxCapacityInvestment,OPT,GLOBAL,PWRPETHNDXX,,,,2031,,,,,,0.0
TotalAnnualMaxCapacityInvestment,OPT,GLOBAL,PWRPETHNDXX,,,,2032,,,,,,0.0
TotalAnnualMaxCapacityInvestment,OPT,GLOBAL,PWRPETHNDXX,,,,2033,,,,,,0.0
TotalAnnualMaxCapacityInvestment,OPT,GLOBAL,PWRPETHNDXX,,,,2034,,,,,,0.0
TotalAnnualMaxCapacityInvestment,OPT,GLOBAL,PWRPETHNDXX,,,,2035,,,,,,0.0
TotalAnnualMaxCapacityInvestment,OPT,GLOBAL,PWRPETHNDXX,,,,2036,,,,,,0.0
TotalAnnualMaxCapacityInvestment,OPT,GLOBAL,PWRPETHNDXX,,,,2037,,,,,,0.0
TotalAnnualMaxCapacityInvestment,OPT,GLOBAL,PWRPETHNDXX,,,,2038,,,,,,0.0
TotalAnnualMaxCapacityInvestment,OPT,GLOBAL,PWRPETHNDXX,,,,2039,,,,,,0.0
TotalAnnualMaxCapacityInvestment,OPT,GLOBAL,PWRPETHNDXX,,,,2040,,,,,,0.0
TotalAnnualMaxCapacityInvestment,OPT,GLOBAL,PWRPETHNDXX,,,,2041,,,,,,0.0
TotalAnnualMaxCapacityInvestment,OPT,GLOBAL,PWRPETHNDXX,,,,2042,,,,,,0.0
TotalAnnualMaxCapacityInvestment,OPT,GLOBAL,PWRPETHNDXX,,,,2043,,,,,,0.0
TotalAnnualMaxCapacityInvestment,OPT,GLOBAL,PWRPETHNDXX,,,,2044,,,,,,0.0
TotalAnnualMaxCapacityInvestment,OPT,GLOBAL,PWRPETHNDXX,,,,2045,,,,,,0.0
TotalAnnualMaxCapacityInvestment,OPT,GLOBAL,PWRPETHNDXX,,,,2046,,,,,,0.0
TotalAnnualMaxCapacityInvestment,OPT,GLOBAL,PWRPETHNDXX,,,,2047,,,,,,0.0
TotalAnnualMaxCapacityInvestment,OPT,GLOBAL,PWRPETHNDXX,,,,2048,,,,,,0.0
TotalAnnualMaxCapacityInvestment,OPT,GLOBAL,PWRPETHNDXX,,,,2049,,,,,,0.0
TotalAnnualMaxCapacityInvestment,OPT,GLOBAL,PWRPETHNDXX,,,,2050,,,,,,0.0
TotalAnnualMaxCapacityInvestment,OPT,GLOBAL,PWRWAVGTMXX,,,,2023,,,,,,0.0
TotalAnnualMaxCapacityInvestment,OPT,GLOBAL,PWRWAVGTMXX,,,,2024,,,,,,0.0
TotalAnnualMaxCapacityInvestment,OPT,GLOBAL,PWRWAVGTMXX,,,,2025,,,,,,0.0497
TotalAnnualMaxCapacityInvestment,OPT,GLOBAL,PWRWAVGTMXX,,,,2026,,,,,,0.0
TotalAnnualMaxCapacityInvestment,OPT,GLOBAL,PWRWAVGTMXX,,,,2027,,,,,,0.0
TotalAnnualMaxCapacityInvestment,OPT,GLOBAL,PWRWAVGTMXX,,,,2028,,,,,,0.0
TotalAnnualMaxCapacityInvestment,OPT,GLOBAL,PWRWAVGTMXX,,,,2029,,,,,,0.0
TotalAnnualMaxCapacityInvestment,OPT,GLOBAL,PWRWAVGTMXX,,,,2030,,,,,,0.0
TotalAnnualMaxCapacityInvestment,OPT,GLOBAL,PWRWAVGTMXX,,,,2031,,,,,,0.0
TotalAnnualMaxCapacityInvestment,OPT,GLOBAL,PWRWAVGTMXX,,,,2032,,,,,,0.0
TotalAnnualMaxCapacityInvestment,OPT,GLOBAL,PWRWAVGTMXX,,,,2033,,,,,,0.0
TotalAnnualMaxCapacityInvestment,OPT,GLOBAL,PWRWAVGTMXX,,,,2034,,,,,,0.0
TotalAnnualMaxCapacityInvestment,OPT,GLOBAL,PWRWAVGTMXX,,,,2035,,,,,,0.0
TotalAnnualMaxCapacityInvestment,OPT,GLOBAL,PWRWAVGTMXX,,,,2036,,,,,,0.0
TotalAnnualMaxCapacityInvestment,OPT,GLOBAL,PWRWAVGTMXX,,,,2037,,,,,,0.0
TotalAnnualMaxCapacityInvestment,OPT,GLOBAL,PWRWAVGTMXX,,,,2038,,,,,,0.0
TotalAnnualMaxCapacityInvestment,OPT,GLOBAL,PWRWAVGTMXX,,,,2039,,,,,,0.0
TotalAnnualMaxCapacityInvestment,OPT,GLOBAL,PWRWAVGTMXX,,,,2040,,,,,,0.0
TotalAnnualMaxCapacityInvestment,OPT,GLOBAL,PWRWAVGTMXX,,,,2041,,,,,,0.0
TotalAnnualMaxCapacityInvestment,OPT,GLOBAL,PWRWAVGTMXX,,,,2042,,,,,,0.0
TotalAnnualMaxCapacityInvestment,OPT,GLOBAL,PWRWAVGTMXX,,,,2043,,,,,,0.0
TotalAnnualMaxCapacityInvestment,OPT,GLOBAL,PWRWAVGTMXX,,,,2044,,,,,,0.0
TotalAnnualMaxCapacityInvestment,OPT,GLOBAL,PWRWAVGTMXX,,,,2045,,,,,,0.0
TotalAnnualMaxCapacityInvestment,OPT,GLOBAL,PWRWAVGTMXX,,,,2046,,,,,,0.0
TotalAnnualMaxCapacityInvestment,OPT,GLOBAL,PWRWAVGTMXX,,,,2047,,,,,,0.0
TotalAnnualMaxCapacityInvestment,OPT,GLOBAL,PWRWAVGTMXX,,,,2048,,,,,,0.0
TotalAnnualMaxCapacityInvestment,OPT,GLOBAL,PWRWAVGTMXX,,,,2049,,,,,,0.0
TotalAnnualMaxCapacityInvestment,OPT,GLOBAL,PWRWAVGTMXX,,,,2050,,,,,,0.0
TotalAnnualMaxCapacityInvestment,OPT,GLOBAL,PWRWAVPANXX,,,,2023,,,,,,0.0
TotalAnnualMaxCapacityInvestment,OPT,GLOBAL,PWRWAVPANXX,,,,2024,,,,,,0.0
TotalAnnualMaxCapacityInvestment,OPT,GLOBAL,PWRWAVPANXX,,,,2025,,,,,,0.0311
TotalAnnualMaxCapacityInvestment,OPT,GLOBAL,PWRWAVPANXX,,,,2026,,,,,,0.0
TotalAnnualMaxCapacityInvestment,OPT,GLOBAL,PWRWAVPANXX,,,,2027,,,,,,0.0
TotalAnnualMaxCapacityInvestment,OPT,GLOBAL,PWRWAVPANXX,,,,2028,,,,,,0.0
TotalAnnualMaxCapacityInvestment,OPT,GLOBAL,PWRWAVPANXX,,,,2029,,,,,,0.0
TotalAnnualMaxCapacityInvestment,OPT,GLOBAL,PWRWAVPANXX,,,,2030,,,,,,0.0
TotalAnnualMaxCapacityInvestment,OPT,GLOBAL,PWRWAVPANXX,,,,2031,,,,,,0.0
TotalAnnualMaxCapacityInvestment,OPT,GLOBAL,PWRWAVPANXX,,,,2032,,,,,,0.0
TotalAnnualMaxCapacityInvestment,OPT,GLOBAL,PWRWAVPANXX,,,,2033,,,,,,0.0
TotalAnnualMaxCapacityInvestment,OPT,GLOBAL,PWRWAVPANXX,,,,2034,,,,,,0.0
TotalAnnualMaxCapacityInvestment,OPT,GLOBAL,PWRWAVPANXX,,,,2035,,,,,,0.0
TotalAnnualMaxCapacityInvestment,OPT,GLOBAL,PWRWAVPANXX,,,,2036,,,,,,0.0
TotalAnnualMaxCapacityInvestment,OPT,GLOBAL,PWRWAVPANXX,,,,2037,,,,,,0.0
TotalAnnualMaxCapacityInvestment,OPT,GLOBAL,PWRWAVPANXX,,,,2038,,,,,,0.0
TotalAnnualMaxCapacityInvestment,OPT,GLOBAL,PWRWAVPANXX,,,,2039,,,,,,0.0
TotalAnnualMaxCapacityInvestment,OPT,GLOBAL,PWRWAVPANXX,,,,2040,,,,,,0.0
TotalAnnualMaxCapacityInvestment,OPT,GLOBAL,PWRWAVPANXX,,,,2041,,,,,,0.0
TotalAnnualMaxCapacityInvestment,OPT,GLOBAL,PWRWAVPANXX,,,,2042,,,,,,0.0
TotalAnnualMaxCapacityInvestment,OPT,GLOBAL,PWRWAVPANXX,,,,2043,,,,,,0.0
TotalAnnualMaxCapacityInvestment,OPT,GLOBAL,PWRWAVPANXX,,,,2044,,,,,,0.0
TotalAnnualMaxCapacityInvestment,OPT,GLOBAL,PWRWAVPANXX,,,,2045,,,,,,0.0
TotalAnnualMaxCapacityInvestment,OPT,GLOBAL,PWRWAVPANXX,,,,2046,,,,,,0.0
TotalAnnualMaxCapacityInvestment,OPT,GLOBAL,PWRWAVPANXX,,,,2047,,,,,,0.0
TotalAnnualMaxCapacityInvestment,OPT,GLOBAL,PWRWAVPANXX,,,,2048,,,,,,0.0
TotalAnnualMaxCapacityInvestment,OPT,GLOBAL,PWRWAVPANXX,,,,2049,,,,,,0.0
TotalAnnualMaxCapacityInvestment,OPT,GLOBAL,PWRWAVPANXX,,,,2050,,,,,,0.0
TotalAnnualMaxCapacityInvestment,OPT,GLOBAL,PWRPETDOMXX,,,,2023,,,,,,0.2035
TotalAnnualMaxCapacityInvestment,OPT,GLOBAL,PWRPETDOMXX,,,,2024,,,,,,0.2128
TotalAnnualMaxCapacityInvestment,OPT,GLOBAL,PWRPETDOMXX,,,,2025,,,,,,0.0
TotalAnnualMaxCapacityInvestment,OPT,GLOBAL,PWRPETDOMXX,,,,2026,,,,,,0.0
TotalAnnualMaxCapacityInvestment,OPT,GLOBAL,PWRPETDOMXX,,,,2027,,,,,,0.0
TotalAnnualMaxCapacityInvestment,OPT,GLOBAL,PWRPETDOMXX,,,,2028,,,,,,0.0
TotalAnnualMaxCapacityInvestment,OPT,GLOBAL,PWRPETDOMXX,,,,2029,,,,,,0.0
TotalAnnualMaxCapacityInvestment,OPT,GLOBAL,PWRPETDOMXX,,,,2030,,,,,,0.0
TotalAnnualMaxCapacityInvestment,OPT,GLOBAL,PWRPETDOMXX,,,,2031,,,,,,0.0
TotalAnnualMaxCapacityInvestment,OPT,GLOBAL,PWRPETDOMXX,,,,2032,,,,,,0.0
TotalAnnualMaxCapacityInvestment,OPT,GLOBAL,PWRPETDOMXX,,,,2033,,,,,,0.0
TotalAnnualMaxCapacityInvestment,OPT,GLOBAL,PWRPETDOMXX,,,,2034,,,,,,0.0
TotalAnnualMaxCapacityInvestment,OPT,GLOBAL,PWRPETDOMXX,,,,2035,,,,,,0.0
TotalAnnualMaxCapacityInvestment,OPT,GLOBAL,PWRPETDOMXX,,,,2036,,,,,,0.0
TotalAnnualMaxCapacityInvestment,OPT,GLOBAL,PWRPETDOMXX,,,,2037,,,,,,0.0
TotalAnnualMaxCapacityInvestment,OPT,GLOBAL,PWRPETDOMXX,,,,2038,,,,,,0.0
TotalAnnualMaxCapacityInvestment,OPT,GLOBAL,PWRPETDOMXX,,,,2039,,,,,,0.0
TotalAnnualMaxCapacityInvestment,OPT,GLOBAL,PWRPETDOMXX,,,,2040,,,,,,0.0
TotalAnnualMaxCapacityInvestment,OPT,GLOBAL,PWRPETDOMXX,,,,2041,,,,,,0.0
TotalAnnualMaxCapacityInvestment,OPT,GLOBAL,PWRPETDOMXX,,,,2042,,,,,,0.0
TotalAnnualMaxCapacityInvestment,OPT,GLOBAL,PWRPETDOMXX,,,,2043,,,,,,0.0
TotalAnnualMaxCapacityInvestment,OPT,GLOBAL,PWRPETDOMXX,,,,2044,,,,,,0.0
TotalAnnualMaxCapacityInvestment,OPT,GLOBAL,PWRPETDOMXX,,,,2045,,,,,,0.0
TotalAnnualMaxCapacityInvestment,OPT,GLOBAL,PWRPETDOMXX,,,,2046,,,,,,0.0
TotalAnnualMaxCapacityInvestment,OPT,GLOBAL,PWRPETDOMXX,,,,2047,,,,,,0.0
TotalAnnualMaxCapacityInvestment,OPT,GLOBAL,PWRPETDOMXX,,,,2048,,,,,,0.0
TotalAnnualMaxCapacityInvestment,OPT,GLOBAL,PWRPETDOMXX,,,,2049,,,,,,0.0
TotalAnnualMaxCapacityInvestment,OPT,GLOBAL,PWRPETDOMXX,,,,2050,,,,,,0.0
TotalAnnualMaxCapacityInvestment,OPT,GLOBAL,PWRWAVHNDXX,,,,2023,,,,,,0.0
TotalAnnualMaxCapacityInvestment,OPT,GLOBAL,PWRWAVHNDXX,,,,2024,,,,,,0.0
TotalAnnualMaxCapacityInvestment,OPT,GLOBAL,PWRWAVHNDXX,,,,2025,,,,,,0.0225
TotalAnnualMaxCapacityInvestment,OPT,GLOBAL,PWRWAVHNDXX,,,,2026,,,,,,0.0
TotalAnnualMaxCapacityInvestment,OPT,GLOBAL,PWRWAVHNDXX,,,,2027,,,,,,0.0
TotalAnnualMaxCapacityInvestment,OPT,GLOBAL,PWRWAVHNDXX,,,,2028,,,,,,0.0
TotalAnnualMaxCapacityInvestment,OPT,GLOBAL,PWRWAVHNDXX,,,,2029,,,,,,0.0
TotalAnnualMaxCapacityInvestment,OPT,GLOBAL,PWRWAVHNDXX,,,,2030,,,,,,0.0
TotalAnnualMaxCapacityInvestment,OPT,GLOBAL,PWRWAVHNDXX,,,,2031,,,,,,0.0
TotalAnnualMaxCapacityInvestment,OPT,GLOBAL,PWRWAVHNDXX,,,,2032,,,,,,0.0
TotalAnnualMaxCapacityInvestment,OPT,GLOBAL,PWRWAVHNDXX,,,,2033,,,,,,0.0
TotalAnnualMaxCapacityInvestment,OPT,GLOBAL,PWRWAVHNDXX,,,,2034,,,,,,0.0
TotalAnnualMaxCapacityInvestment,OPT,GLOBAL,PWRWAVHNDXX,,,,2035,,,,,,0.0
TotalAnnualMaxCapacityInvestment,OPT,GLOBAL,PWRWAVHNDXX,,,,2036,,,,,,0.0
TotalAnnualMaxCapacityInvestment,OPT,GLOBAL,PWRWAVHNDXX,,,,2037,,,,,,0.0
TotalAnnualMaxCapacityInvestment,OPT,GLOBAL,PWRWAVHNDXX,,,,2038,,,,,,0.0
TotalAnnualMaxCapacityInvestment,OPT,GLOBAL,PWRWAVHNDXX,,,,2039,,,,,,0.0
TotalAnnualMaxCapacityInvestment,OPT,GLOBAL,PWRWAVHNDXX,,,,2040,,,,,,0.0
TotalAnnualMaxCapacityInvestment,OPT,GLOBAL,PWRWAVHNDXX,,,,2041,,,,,,0.0
TotalAnnualMaxCapacityInvestment,OPT,GLOBAL,PWRWAVHNDXX,,,,2042,,,,,,0.0
TotalAnnualMaxCapacityInvestment,OPT,GLOBAL,PWRWAVHNDXX,,,,2043,,,,,,0.0
TotalAnnualMaxCapacityInvestment,OPT,GLOBAL,PWRWAVHNDXX,,,,2044,,,,,,0.0
TotalAnnualMaxCapacityInvestment,OPT,GLOBAL,PWRWAVHNDXX,,,,2045,,,,,,0.0
TotalAnnualMaxCapacityInvestment,OPT,GLOBAL,PWRWAVHNDXX,,,,2046,,,,,,0.0
TotalAnnualMaxCapacityInvestment,OPT,GLOBAL,PWRWAVHNDXX,,,,2047,,,,,,0.0
TotalAnnualMaxCapacityInvestment,OPT,GLOBAL,PWRWAVHNDXX,,,,2048,,,,,,0.0
TotalAnnualMaxCapacityInvestment,OPT,GLOBAL,PWRWAVHNDXX,,,,2049,,,,,,0.0
TotalAnnualMaxCapacityInvestment,OPT,GLOBAL,PWRWAVHNDXX,,,,2050,,,,,,0.0
TotalAnnualMaxCapacityInvestment,OPT,GLOBAL,PWRWONPANXX,,,,2023,,,,,,0.0395
TotalAnnualMaxCapacityInvestment,OPT,GLOBAL,PWRWONPANXX,,,,2024,,,,,,0.0414
TotalAnnualMaxCapacityInvestment,OPT,GLOBAL,PWRWONPANXX,,,,2025,,,,,,0.0786
TotalAnnualMaxCapacityInvestment,OPT,GLOBAL,PWRWONPANXX,,,,2026,,,,,,0.0786
TotalAnnualMaxCapacityInvestment,OPT,GLOBAL,PWRWONPANXX,,,,2027,,,,,,0.0786
TotalAnnualMaxCapacityInvestment,OPT,GLOBAL,PWRWONPANXX,,,,2028,,,,,,0.0786
TotalAnnualMaxCapacityInvestment,OPT,GLOBAL,PWRWONPANXX,,,,2029,,,,,,0.0786
TotalAnnualMaxCapacityInvestment,OPT,GLOBAL,PWRWONPANXX,,,,2030,,,,,,0.0786
TotalAnnualMaxCapacityInvestment,OPT,GLOBAL,PWRWONPANXX,,,,2031,,,,,,0.0786
TotalAnnualMaxCapacityInvestment,OPT,GLOBAL,PWRWONPANXX,,,,2032,,,,,,0.0786
TotalAnnualMaxCapacityInvestment,OPT,GLOBAL,PWRWONPANXX,,,,2033,,,,,,0.14
TotalAnnualMaxCapacityInvestment,OPT,GLOBAL,PWRWONPANXX,,,,2034,,,,,,0.1923
TotalAnnualMaxCapacityInvestment,OPT,GLOBAL,PWRWONPANXX,,,,2035,,,,,,0.0786
TotalAnnualMaxCapacityInvestment,OPT,GLOBAL,PWRWONPANXX,,,,2036,,,,,,0.0431
TotalAnnualMaxCapacityInvestment,OPT,GLOBAL,PWRWONPANXX,,,,2037,,,,,,0.0431
TotalAnnualMaxCapacityInvestment,OPT,GLOBAL,PWRWONPANXX,,,,2038,,,,,,0.0431
TotalAnnualMaxCapacityInvestment,OPT,GLOBAL,PWRWONPANXX,,,,2039,,,,,,0.0431
TotalAnnualMaxCapacityInvestment,OPT,GLOBAL,PWRWONPANXX,,,,2040,,,,,,0.0431
TotalAnnualMaxCapacityInvestment,OPT,GLOBAL,PWRWONPANXX,,,,2041,,,,,,0.0431
TotalAnnualMaxCapacityInvestment,OPT,GLOBAL,PWRWONPANXX,,,,2042,,,,,,0.0431
TotalAnnualMaxCapacityInvestment,OPT,GLOBAL,PWRWONPANXX,,,,2043,,,,,,0.0431
TotalAnnualMaxCapacityInvestment,OPT,GLOBAL,PWRWONPANXX,,,,2044,,,,,,0.0431
TotalAnnualMaxCapacityInvestment,OPT,GLOBAL,PWRWONPANXX,,,,2045,,,,,,0.0431
TotalAnnualMaxCapacityInvestment,OPT,GLOBAL,PWRWONPANXX,,,,2046,,,,,,0.0431
TotalAnnualMaxCapacityInvestment,OPT,GLOBAL,PWRWONPANXX,,,,2047,,,,,,0.0431
TotalAnnualMaxCapacityInvestment,OPT,GLOBAL,PWRWONPANXX,,,,2048,,,,,,0.0431
TotalAnnualMaxCapacityInvestment,OPT,GLOBAL,PWRWONPANXX,,,,2049,,,,,,0.0431
TotalAnnualMaxCapacityInvestment,OPT,GLOBAL,PWRWONPANXX,,,,2050,,,,,,0.0431
TotalAnnualMaxCapacityInvestment,OPT,GLOBAL,PWROILPANXX,,,,2023,,,,,,0.1482
TotalAnnualMaxCapacityInvestment,OPT,GLOBAL,PWROILPANXX,,,,2024,,,,,,0.1554
TotalAnnualMaxCapacityInvestment,OPT,GLOBAL,PWROILPANXX,,,,2025,,,,,,0.0
TotalAnnualMaxCapacityInvestment,OPT,GLOBAL,PWROILPANXX,,,,2026,,,,,,0.0
TotalAnnualMaxCapacityInvestment,OPT,GLOBAL,PWROILPANXX,,,,2027,,,,,,0.0
TotalAnnualMaxCapacityInvestment,OPT,GLOBAL,PWROILPANXX,,,,2028,,,,,,0.0
TotalAnnualMaxCapacityInvestment,OPT,GLOBAL,PWROILPANXX,,,,2029,,,,,,0.0
TotalAnnualMaxCapacityInvestment,OPT,GLOBAL,PWROILPANXX,,,,2030,,,,,,0.0
TotalAnnualMaxCapacityInvestment,OPT,GLOBAL,PWROILPANXX,,,,2031,,,,,,0.0
TotalAnnualMaxCapacityInvestment,OPT,GLOBAL,PWROILPANXX,,,,2032,,,,,,0.0
TotalAnnualMaxCapacityInvestment,OPT,GLOBAL,PWROILPANXX,,,,2033,,,,,,0.0
TotalAnnualMaxCapacityInvestment,OPT,GLOBAL,PWROILPANXX,,,,2034,,,,,,0.0
TotalAnnualMaxCapacityInvestment,OPT,GLOBAL,PWROILPANXX,,,,2035,,,,,,0.0
TotalAnnualMaxCapacityInvestment,OPT,GLOBAL,PWROILPANXX,,,,2036,,,,,,0.0
TotalAnnualMaxCapacityInvestment,OPT,GLOBAL,PWROILPANXX,,,,2037,,,,,,0.0
TotalAnnualMaxCapacityInvestment,OPT,GLOBAL,PWROILPANXX,,,,2038,,,,,,0.0
TotalAnnualMaxCapacityInvestment,OPT,GLOBAL,PWROILPANXX,,,,2039,,,,,,0.0
TotalAnnualMaxCapacityInvestment,OPT,GLOBAL,PWROILPANXX,,,,2040,,,,,,0.0
TotalAnnualMaxCapacityInvestment,OPT,GLOBAL,PWROILPANXX,,,,2041,,,,,,0.0
TotalAnnualMaxCapacityInvestment,OPT,GLOBAL,PWROILPANXX,,,,2042,,,,,,0.0
TotalAnnualMaxCapacityInvestment,OPT,GLOBAL,PWROILPANXX,,,,2043,,,,,,0.0
TotalAnnualMaxCapacityInvestment,OPT,GLOBAL,PWROILPANXX,,,,2044,,,,,,0.0
TotalAnnualMaxCapacityInvestment,OPT,GLOBAL,PWROILPANXX,,,,2045,,,,,,0.0
TotalAnnualMaxCapacityInvestment,OPT,GLOBAL,PWROILPANXX,,,,2046,,,,,,0.0
TotalAnnualMaxCapacityInvestment,OPT,GLOBAL,PWROILPANXX,,,,2047,,,,,,0.0
TotalAnnualMaxCapacityInvestment,OPT,GLOBAL,PWROILPANXX,,,,2048,,,,,,0.0
TotalAnnualMaxCapacityInvestment,OPT,GLOBAL,PWROILPANXX,,,,2049,,,,,,0.0
TotalAnnualMaxCapacityInvestment,OPT,GLOBAL,PWROILPANXX,,,,2050,,,,,,0.0
TotalAnnualMaxCapacityInvestment,OPT,GLOBAL,PWRWONSLVXX,,,,2023,,,,,,0.0
TotalAnnualMaxCapacityInvestment,OPT,GLOBAL,PWRWONSLVXX,,,,2024,,,,,,0.0
TotalAnnualMaxCapacityInvestment,OPT,GLOBAL,PWRWONSLVXX,,,,2025,,,,,,0.0131
TotalAnnualMaxCapacityInvestment,OPT,GLOBAL,PWRWONSLVXX,,,,2026,,,,,,0.0131
TotalAnnualMaxCapacityInvestment,OPT,GLOBAL,PWRWONSLVXX,,,,2027,,,,,,0.0606
TotalAnnualMaxCapacityInvestment,OPT,GLOBAL,PWRWONSLVXX,,,,2028,,,,,,0.101
TotalAnnualMaxCapacityInvestment,OPT,GLOBAL,PWRWONSLVXX,,,,2029,,,,,,0.0131
TotalAnnualMaxCapacityInvestment,OPT,GLOBAL,PWRWONSLVXX,,,,2030,,,,,,0.0131
TotalAnnualMaxCapacityInvestment,OPT,GLOBAL,PWRWONSLVXX,,,,2031,,,,,,0.0131
TotalAnnualMaxCapacityInvestment,OPT,GLOBAL,PWRWONSLVXX,,,,2032,,,,,,0.0131
TotalAnnualMaxCapacityInvestment,OPT,GLOBAL,PWRWONSLVXX,,,,2033,,,,,,0.0131
TotalAnnualMaxCapacityInvestment,OPT,GLOBAL,PWRWONSLVXX,,,,2034,,,,,,0.0131
TotalAnnualMaxCapacityInvestment,OPT,GLOBAL,PWRWONSLVXX,,,,2035,,,,,,0.0909
TotalAnnualMaxCapacityInvestment,OPT,GLOBAL,PWRWONSLVXX,,,,2036,,,,,,0.0072
TotalAnnualMaxCapacityInvestment,OPT,GLOBAL,PWRWONSLVXX,,,,2037,,,,,,0.0072
TotalAnnualMaxCapacityInvestment,OPT,GLOBAL,PWRWONSLVXX,,,,2038,,,,,,0.0072
TotalAnnualMaxCapacityInvestment,OPT,GLOBAL,PWRWONSLVXX,,,,2039,,,,,,0.0072
TotalAnnualMaxCapacityInvestment,OPT,GLOBAL,PWRWONSLVXX,,,,2040,,,,,,0.0072
TotalAnnualMaxCapacityInvestment,OPT,GLOBAL,PWRWONSLVXX,,,,2041,,,,,,0.0072
TotalAnnualMaxCapacityInvestment,OPT,GLOBAL,PWRWONSLVXX,,,,2042,,,,,,0.0072
TotalAnnualMaxCapacityInvestment,OPT,GLOBAL,PWRWONSLVXX,,,,2043,,,,,,0.0072
TotalAnnualMaxCapacityInvestment,OPT,GLOBAL,PWRWONSLVXX,,,,2044,,,,,,0.0072
TotalAnnualMaxCapacityInvestment,OPT,GLOBAL,PWRWONSLVXX,,,,2045,,,,,,0.0072
TotalAnnualMaxCapacityInvestment,OPT,GLOBAL,PWRWONSLVXX,,,,2046,,,,,,0.0072
TotalAnnualMaxCapacityInvestment,OPT,GLOBAL,PWRWONSLVXX,,,,2047,,,,,,0.0072
TotalAnnualMaxCapacityInvestment,OPT,GLOBAL,PWRWONSLVXX,,,,2048,,,,,,0.0072
TotalAnnualMaxCapacityInvestment,OPT,GLOBAL,PWRWONSLVXX,,,,2049,,,,,,0.0072
TotalAnnualMaxCapacityInvestment,OPT,GLOBAL,PWRWONSLVXX,,,,2050,,,,,,0.0072
TotalAnnualMaxCapacityInvestment,OPT,GLOBAL,PWRCOABRAXX,,,,2023,,,,,,8.3153
TotalAnnualMaxCapacityInvestment,OPT,GLOBAL,PWRCOABRAXX,,,,2024,,,,,,8.4974
TotalAnnualMaxCapacityInvestment,OPT,GLOBAL,PWRCOABRAXX,,,,2025,,,,,,0.0256
TotalAnnualMaxCapacityInvestment,OPT,GLOBAL,PWRCOABRAXX,,,,2026,,,,,,0.0256
TotalAnnualMaxCapacityInvestment,OPT,GLOBAL,PWRCOABRAXX,,,,2027,,,,,,0.0256
TotalAnnualMaxCapacityInvestment,OPT,GLOBAL,PWRCOABRAXX,,,,2028,,,,,,0.0256
TotalAnnualMaxCapacityInvestment,OPT,GLOBAL,PWRCOABRAXX,,,,2029,,,,,,0.0256
TotalAnnualMaxCapacityInvestment,OPT,GLOBAL,PWRCOABRAXX,,,,2030,,,,,,0.0256
TotalAnnualMaxCapacityInvestment,OPT,GLOBAL,PWRCOABRAXX,,,,2031,,,,,,0.0256
TotalAnnualMaxCapacityInvestment,OPT,GLOBAL,PWRCOABRAXX,,,,2032,,,,,,0.0256
TotalAnnualMaxCapacityInvestment,OPT,GLOBAL,PWRCOABRAXX,,,,2033,,,,,,0.0256
TotalAnnualMaxCapacityInvestment,OPT,GLOBAL,PWRCOABRAXX,,,,2034,,,,,,0.0256
TotalAnnualMaxCapacityInvestment,OPT,GLOBAL,PWRCOABRAXX,,,,2035,,,,,,0.0256
TotalAnnualMaxCapacityInvestment,OPT,GLOBAL,PWRCOABRAXX,,,,2036,,,,,,0.0
TotalAnnualMaxCapacityInvestment,OPT,GLOBAL,PWRCOABRAXX,,,,2037,,,,,,0.0
TotalAnnualMaxCapacityInvestment,OPT,GLOBAL,PWRCOABRAXX,,,,2038,,,,,,0.0
TotalAnnualMaxCapacityInvestment,OPT,GLOBAL,PWRCOABRAXX,,,,2039,,,,,,0.0
TotalAnnualMaxCapacityInvestment,OPT,GLOBAL,PWRCOABRAXX,,,,2040,,,,,,0.0
TotalAnnualMaxCapacityInvestment,OPT,GLOBAL,PWRCOABRAXX,,,,2041,,,,,,0.0
TotalAnnualMaxCapacityInvestment,OPT,GLOBAL,PWRCOABRAXX,,,,2042,,,,,,0.0
TotalAnnualMaxCapacityInvestment,OPT,GLOBAL,PWRCOABRAXX,,,,2043,,,,,,0.0
TotalAnnualMaxCapacityInvestment,OPT,GLOBAL,PWRCOABRAXX,,,,2044,,,,,,0.0
TotalAnnualMaxCapacityInvestment,OPT,GLOBAL,PWRCOABRAXX,,,,2045,,,,,,0.0
TotalAnnualMaxCapacityInvestment,OPT,GLOBAL,PWRCOABRAXX,,,,2046,,,,,,0.0
TotalAnnualMaxCapacityInvestment,OPT,GLOBAL,PWRCOABRAXX,,,,2047,,,,,,0.0
TotalAnnualMaxCapacityInvestment,OPT,GLOBAL,PWRCOABRAXX,,,,2048,,,,,,0.0
TotalAnnualMaxCapacityInvestment,OPT,GLOBAL,PWRCOABRAXX,,,,2049,,,,,,0.0
TotalAnnualMaxCapacityInvestment,OPT,GLOBAL,PWRCOABRAXX,,,,2050,,,,,,0.0
TotalAnnualMaxCapacityInvestment,OPT,GLOBAL,PWRHYDCHLXX,,,,2023,,,,,,0.1664
TotalAnnualMaxCapacityInvestment,OPT,GLOBAL,PWRHYDCHLXX,,,,2024,,,,,,0.1725
TotalAnnualMaxCapacityInvestment,OPT,GLOBAL,PWRHYDCHLXX,,,,2025,,,,,,0.1273
TotalAnnualMaxCapacityInvestment,OPT,GLOBAL,PWRHYDCHLXX,,,,2026,,,,,,0.1273
TotalAnnualMaxCapacityInvestment,OPT,GLOBAL,PWRHYDCHLXX,,,,2027,,,,,,0.1273
TotalAnnualMaxCapacityInvestment,OPT,GLOBAL,PWRHYDCHLXX,,,,2028,,,,,,0.1273
TotalAnnualMaxCapacityInvestment,OPT,GLOBAL,PWRHYDCHLXX,,,,2029,,,,,,0.1273
TotalAnnualMaxCapacityInvestment,OPT,GLOBAL,PWRHYDCHLXX,,,,2030,,,,,,0.1485
TotalAnnualMaxCapacityInvestment,OPT,GLOBAL,PWRHYDCHLXX,,,,2031,,,,,,0.1273
TotalAnnualMaxCapacityInvestment,OPT,GLOBAL,PWRHYDCHLXX,,,,2032,,,,,,0.1273
TotalAnnualMaxCapacityInvestment,OPT,GLOBAL,PWRHYDCHLXX,,,,2033,,,,,,0.1273
TotalAnnualMaxCapacityInvestment,OPT,GLOBAL,PWRHYDCHLXX,,,,2034,,,,,,0.1273
TotalAnnualMaxCapacityInvestment,OPT,GLOBAL,PWRHYDCHLXX,,,,2035,,,,,,0.1273
TotalAnnualMaxCapacityInvestment,OPT,GLOBAL,PWRHYDCHLXX,,,,2036,,,,,,0.1482
TotalAnnualMaxCapacityInvestment,OPT,GLOBAL,PWRHYDCHLXX,,,,2037,,,,,,0.1482
TotalAnnualMaxCapacityInvestment,OPT,GLOBAL,PWRHYDCHLXX,,,,2038,,,,,,0.1482
TotalAnnualMaxCapacityInvestment,OPT,GLOBAL,PWRHYDCHLXX,,,,2039,,,,,,0.1959
TotalAnnualMaxCapacityInvestment,OPT,GLOBAL,PWRHYDCHLXX,,,,2040,,,,,,0.1482
TotalAnnualMaxCapacityInvestment,OPT,GLOBAL,PWRHYDCHLXX,,,,2041,,,,,,0.1482
TotalAnnualMaxCapacityInvestment,OPT,GLOBAL,PWRHYDCHLXX,,,,2042,,,,,,0.1482
TotalAnnualMaxCapacityInvestment,OPT,GLOBAL,PWRHYDCHLXX,,,,2043,,,,,,0.1482
TotalAnnualMaxCapacityInvestment,OPT,GLOBAL,PWRHYDCHLXX,,,,2044,,,,,,0.1482
TotalAnnualMaxCapacityInvestment,OPT,GLOBAL,PWRHYDCHLXX,,,,2045,,,,,,0.1482
TotalAnnualMaxCapacityInvestment,OPT,GLOBAL,PWRHYDCHLXX,,,,2046,,,,,,0.1482
TotalAnnualMaxCapacityInvestment,OPT,GLOBAL,PWRHYDCHLXX,,,,2047,,,,,,0.1482
TotalAnnualMaxCapacityInvestment,OPT,GLOBAL,PWRHYDCHLXX,,,,2048,,,,,,0.1482
TotalAnnualMaxCapacityInvestment,OPT,GLOBAL,PWRHYDCHLXX,,,,2049,,,,,,0.1482
TotalAnnualMaxCapacityInvestment,OPT,GLOBAL,PWRHYDCHLXX,,,,2050,,,,,,0.1482
TotalAnnualMaxCapacityInvestment,OPT,GLOBAL,PWRBIOSLVXX,,,,2023,,,,,,0.0294
TotalAnnualMaxCapacityInvestment,OPT,GLOBAL,PWRBIOSLVXX,,,,2024,,,,,,0.0301
TotalAnnualMaxCapacityInvestment,OPT,GLOBAL,PWRBIOSLVXX,,,,2025,,,,,,0.0134
TotalAnnualMaxCapacityInvestment,OPT,GLOBAL,PWRBIOSLVXX,,,,2026,,,,,,0.0134
TotalAnnualMaxCapacityInvestment,OPT,GLOBAL,PWRBIOSLVXX,,,,2027,,,,,,0.0134
TotalAnnualMaxCapacityInvestment,OPT,GLOBAL,PWRBIOSLVXX,,,,2028,,,,,,0.0134
TotalAnnualMaxCapacityInvestment,OPT,GLOBAL,PWRBIOSLVXX,,,,2029,,,,,,0.0134
TotalAnnualMaxCapacityInvestment,OPT,GLOBAL,PWRBIOSLVXX,,,,2030,,,,,,0.0134
TotalAnnualMaxCapacityInvestment,OPT,GLOBAL,PWRBIOSLVXX,,,,2031,,,,,,0.0134
TotalAnnualMaxCapacityInvestment,OPT,GLOBAL,PWRBIOSLVXX,,,,2032,,,,,,0.0134
TotalAnnualMaxCapacityInvestment,OPT,GLOBAL,PWRBIOSLVXX,,,,2033,,,,,,0.0134
TotalAnnualMaxCapacityInvestment,OPT,GLOBAL,PWRBIOSLVXX,,,,2034,,,,,,0.0134
TotalAnnualMaxCapacityInvestment,OPT,GLOBAL,PWRBIOSLVXX,,,,2035,,,,,,0.0134
TotalAnnualMaxCapacityInvestment,OPT,GLOBAL,PWRBIOSLVXX,,,,2036,,,,,,0.011
TotalAnnualMaxCapacityInvestment,OPT,GLOBAL,PWRBIOSLVXX,,,,2037,,,,,,0.011
TotalAnnualMaxCapacityInvestment,OPT,GLOBAL,PWRBIOSLVXX,,,,2038,,,,,,0.011
TotalAnnualMaxCapacityInvestment,OPT,GLOBAL,PWRBIOSLVXX,,,,2039,,,,,,0.011
TotalAnnualMaxCapacityInvestment,OPT,GLOBAL,PWRBIOSLVXX,,,,2040,,,,,,0.011
TotalAnnualMaxCapacityInvestment,OPT,GLOBAL,PWRBIOSLVXX,,,,2041,,,,,,0.011
TotalAnnualMaxCapacityInvestment,OPT,GLOBAL,PWRBIOSLVXX,,,,2042,,,,,,0.011
TotalAnnualMaxCapacityInvestment,OPT,GLOBAL,PWRBIOSLVXX,,,,2043,,,,,,0.011
TotalAnnualMaxCapacityInvestment,OPT,GLOBAL,PWRBIOSLVXX,,,,2044,,,,,,0.011
TotalAnnualMaxCapacityInvestment,OPT,GLOBAL,PWRBIOSLVXX,,,,2045,,,,,,0.011
TotalAnnualMaxCapacityInvestment,OPT,GLOBAL,PWRBIOSLVXX,,,,2046,,,,,,0.011
TotalAnnualMaxCapacityInvestment,OPT,GLOBAL,PWRBIOSLVXX,,,,2047,,,,,,0.011
TotalAnnualMaxCapacityInvestment,OPT,GLOBAL,PWRBIOSLVXX,,,,2048,,,,,,0.011
TotalAnnualMaxCapacityInvestment,OPT,GLOBAL,PWRBIOSLVXX,,,,2049,,,,,,0.011
TotalAnnualMaxCapacityInvestment,OPT,GLOBAL,PWRBIOSLVXX,,,,2050,,,,,,0.011
TotalAnnualMaxCapacityInvestment,OPT,GLOBAL,PWRGEOBRAXX,,,,2023,,,,,,0.1951
TotalAnnualMaxCapacityInvestment,OPT,GLOBAL,PWRGEOBRAXX,,,,2024,,,,,,0.2
TotalAnnualMaxCapacityInvestment,OPT,GLOBAL,PWRGEOBRAXX,,,,2025,,,,,,0.0
TotalAnnualMaxCapacityInvestment,OPT,GLOBAL,PWRGEOBRAXX,,,,2026,,,,,,0.2144
TotalAnnualMaxCapacityInvestment,OPT,GLOBAL,PWRGEOBRAXX,,,,2027,,,,,,0.2219
TotalAnnualMaxCapacityInvestment,OPT,GLOBAL,PWRGEOBRAXX,,,,2028,,,,,,0.2297
TotalAnnualMaxCapacityInvestment,OPT,GLOBAL,PWRGEOBRAXX,,,,2029,,,,,,0.2376
TotalAnnualMaxCapacityInvestment,OPT,GLOBAL,PWRGEOBRAXX,,,,2030,,,,,,0.2458
TotalAnnualMaxCapacityInvestment,OPT,GLOBAL,PWRGEOBRAXX,,,,2031,,,,,,0.2542
TotalAnnualMaxCapacityInvestment,OPT,GLOBAL,PWRGEOBRAXX,,,,2032,,,,,,0.2629
TotalAnnualMaxCapacityInvestment,OPT,GLOBAL,PWRGEOBRAXX,,,,2033,,,,,,0.2718
TotalAnnualMaxCapacityInvestment,OPT,GLOBAL,PWRGEOBRAXX,,,,2034,,,,,,0.281
TotalAnnualMaxCapacityInvestment,OPT,GLOBAL,PWRGEOBRAXX,,,,2035,,,,,,0.2904
TotalAnnualMaxCapacityInvestment,OPT,GLOBAL,PWRGEOBRAXX,,,,2036,,,,,,0.3016
TotalAnnualMaxCapacityInvestment,OPT,GLOBAL,PWRGEOBRAXX,,,,2037,,,,,,0.3131
TotalAnnualMaxCapacityInvestment,OPT,GLOBAL,PWRGEOBRAXX,,,,2038,,,,,,0.3248
TotalAnnualMaxCapacityInvestment,OPT,GLOBAL,PWRGEOBRAXX,,,,2039,,,,,,0.3368
TotalAnnualMaxCapacityInvestment,OPT,GLOBAL,PWRGEOBRAXX,,,,2040,,,,,,0.3492
TotalAnnualMaxCapacityInvestment,OPT,GLOBAL,PWRGEOBRAXX,,,,2041,,,,,,0.3618
TotalAnnualMaxCapacityInvestment,OPT,GLOBAL,PWRGEOBRAXX,,,,2042,,,,,,0.3747
TotalAnnualMaxCapacityInvestment,OPT,GLOBAL,PWRGEOBRAXX,,,,2043,,,,,,0.3879
TotalAnnualMaxCapacityInvestment,OPT,GLOBAL,PWRGEOBRAXX,,,,2044,,,,,,0.4015
TotalAnnualMaxCapacityInvestment,OPT,GLOBAL,PWRGEOBRAXX,,,,2045,,,,,,0.4153
TotalAnnualMaxCapacityInvestment,OPT,GLOBAL,PWRGEOBRAXX,,,,2046,,,,,,0.4295
TotalAnnualMaxCapacityInvestment,OPT,GLOBAL,PWRGEOBRAXX,,,,2047,,,,,,0.4441
TotalAnnualMaxCapacityInvestment,OPT,GLOBAL,PWRGEOBRAXX,,,,2048,,,,,,0.459
TotalAnnualMaxCapacityInvestment,OPT,GLOBAL,PWRGEOBRAXX,,,,2049,,,,,,0.4742
TotalAnnualMaxCapacityInvestment,OPT,GLOBAL,PWRGEOBRAXX,,,,2050,,,,,,0.4898
TotalAnnualMaxCapacityInvestment,OPT,GLOBAL,PWRWASBRAXX,,,,2023,,,,,,8.3153
TotalAnnualMaxCapacityInvestment,OPT,GLOBAL,PWRWASBRAXX,,,,2024,,,,,,8.4974
TotalAnnualMaxCapacityInvestment,OPT,GLOBAL,PWRWASBRAXX,,,,2025,,,,,,0.3841
TotalAnnualMaxCapacityInvestment,OPT,GLOBAL,PWRWASBRAXX,,,,2026,,,,,,0.3841
TotalAnnualMaxCapacityInvestment,OPT,GLOBAL,PWRWASBRAXX,,,,2027,,,,,,0.3841
TotalAnnualMaxCapacityInvestment,OPT,GLOBAL,PWRWASBRAXX,,,,2028,,,,,,0.3841
TotalAnnualMaxCapacityInvestment,OPT,GLOBAL,PWRWASBRAXX,,,,2029,,,,,,0.3841
TotalAnnualMaxCapacityInvestment,OPT,GLOBAL,PWRWASBRAXX,,,,2030,,,,,,0.3841
TotalAnnualMaxCapacityInvestment,OPT,GLOBAL,PWRWASBRAXX,,,,2031,,,,,,0.3841
TotalAnnualMaxCapacityInvestment,OPT,GLOBAL,PWRWASBRAXX,,,,2032,,,,,,0.3841
TotalAnnualMaxCapacityInvestment,OPT,GLOBAL,PWRWASBRAXX,,,,2033,,,,,,0.3841
TotalAnnualMaxCapacityInvestment,OPT,GLOBAL,PWRWASBRAXX,,,,2034,,,,,,2.727
TotalAnnualMaxCapacityInvestment,OPT,GLOBAL,PWRWASBRAXX,,,,2035,,,,,,0.3841
TotalAnnualMaxCapacityInvestment,OPT,GLOBAL,PWRWASBRAXX,,,,2036,,,,,,0.3139
TotalAnnualMaxCapacityInvestment,OPT,GLOBAL,PWRWASBRAXX,,,,2037,,,,,,0.3139
TotalAnnualMaxCapacityInvestment,OPT,GLOBAL,PWRWASBRAXX,,,,2038,,,,,,0.3139
TotalAnnualMaxCapacityInvestment,OPT,GLOBAL,PWRWASBRAXX,,,,2039,,,,,,0.3139
TotalAnnualMaxCapacityInvestment,OPT,GLOBAL,PWRWASBRAXX,,,,2040,,,,,,0.3139
TotalAnnualMaxCapacityInvestment,OPT,GLOBAL,PWRWASBRAXX,,,,2041,,,,,,0.3139
TotalAnnualMaxCapacityInvestment,OPT,GLOBAL,PWRWASBRAXX,,,,2042,,,,,,0.3139
TotalAnnualMaxCapacityInvestment,OPT,GLOBAL,PWRWASBRAXX,,,,2043,,,,,,0.3139
TotalAnnualMaxCapacityInvestment,OPT,GLOBAL,PWRWASBRAXX,,,,2044,,,,,,0.3139
TotalAnnualMaxCapacityInvestment,OPT,GLOBAL,PWRWASBRAXX,,,,2045,,,,,,0.3139
TotalAnnualMaxCapacityInvestment,OPT,GLOBAL,PWRWASBRAXX,,,,2046,,,,,,0.3139
TotalAnnualMaxCapacityInvestment,OPT,GLOBAL,PWRWASBRAXX,,,,2047,,,,,,0.3139
TotalAnnualMaxCapacityInvestment,OPT,GLOBAL,PWRWASBRAXX,,,,2048,,,,,,0.3139
TotalAnnualMaxCapacityInvestment,OPT,GLOBAL,PWRWASBRAXX,,,,2049,,,,,,0.3139
TotalAnnualMaxCapacityInvestment,OPT,GLOBAL,PWRWASBRAXX,,,,2050,,,,,,0.3139
TotalAnnualMaxCapacityInvestment,OPT,GLOBAL,PWRPETBRBXX,,,,2023,,,,,,0.0193
TotalAnnualMaxCapacityInvestment,OPT,GLOBAL,PWRPETBRBXX,,,,2024,,,,,,0.0203
TotalAnnualMaxCapacityInvestment,OPT,GLOBAL,PWRPETBRBXX,,,,2025,,,,,,0.0
TotalAnnualMaxCapacityInvestment,OPT,GLOBAL,PWRPETBRBXX,,,,2026,,,,,,0.0
TotalAnnualMaxCapacityInvestment,OPT,GLOBAL,PWRPETBRBXX,,,,2027,,,,,,0.0
TotalAnnualMaxCapacityInvestment,OPT,GLOBAL,PWRPETBRBXX,,,,2028,,,,,,0.0
TotalAnnualMaxCapacityInvestment,OPT,GLOBAL,PWRPETBRBXX,,,,2029,,,,,,0.0
TotalAnnualMaxCapacityInvestment,OPT,GLOBAL,PWRPETBRBXX,,,,2030,,,,,,0.0
TotalAnnualMaxCapacityInvestment,OPT,GLOBAL,PWRPETBRBXX,,,,2031,,,,,,0.0
TotalAnnualMaxCapacityInvestment,OPT,GLOBAL,PWRPETBRBXX,,,,2032,,,,,,0.0
TotalAnnualMaxCapacityInvestment,OPT,GLOBAL,PWRPETBRBXX,,,,2033,,,,,,0.0
TotalAnnualMaxCapacityInvestment,OPT,GLOBAL,PWRPETBRBXX,,,,2034,,,,,,0.0
TotalAnnualMaxCapacityInvestment,OPT,GLOBAL,PWRPETBRBXX,,,,2035,,,,,,0.0
TotalAnnualMaxCapacityInvestment,OPT,GLOBAL,PWRPETBRBXX,,,,2036,,,,,,0.0
TotalAnnualMaxCapacityInvestment,OPT,GLOBAL,PWRPETBRBXX,,,,2037,,,,,,0.0
TotalAnnualMaxCapacityInvestment,OPT,GLOBAL,PWRPETBRBXX,,,,2038,,,,,,0.0
TotalAnnualMaxCapacityInvestment,OPT,GLOBAL,PWRPETBRBXX,,,,2039,,,,,,0.0
TotalAnnualMaxCapacityInvestment,OPT,GLOBAL,PWRPETBRBXX,,,,2040,,,,,,0.2606
TotalAnnualMaxCapacityInvestment,OPT,GLOBAL,PWRPETBRBXX,,,,2041,,,,,,0.0
TotalAnnualMaxCapacityInvestment,OPT,GLOBAL,PWRPETBRBXX,,,,2042,,,,,,0.0
TotalAnnualMaxCapacityInvestment,OPT,GLOBAL,PWRPETBRBXX,,,,2043,,,,,,0.0
TotalAnnualMaxCapacityInvestment,OPT,GLOBAL,PWRPETBRBXX,,,,2044,,,,,,0.0
TotalAnnualMaxCapacityInvestment,OPT,GLOBAL,PWRPETBRBXX,,,,2045,,,,,,0.0
TotalAnnualMaxCapacityInvestment,OPT,GLOBAL,PWRPETBRBXX,,,,2046,,,,,,0.0
TotalAnnualMaxCapacityInvestment,OPT,GLOBAL,PWRPETBRBXX,,,,2047,,,,,,0.0
TotalAnnualMaxCapacityInvestment,OPT,GLOBAL,PWRPETBRBXX,,,,2048,,,,,,0.0
TotalAnnualMaxCapacityInvestment,OPT,GLOBAL,PWRPETBRBXX,,,,2049,,,,,,0.0
TotalAnnualMaxCapacityInvestment,OPT,GLOBAL,PWRPETBRBXX,,,,2050,,,,,,0.0
TotalAnnualMaxCapacityInvestment,OPT,GLOBAL,PWROILSLVXX,,,,2023,,,,,,0.1102
TotalAnnualMaxCapacityInvestment,OPT,GLOBAL,PWROILSLVXX,,,,2024,,,,,,0.1127
TotalAnnualMaxCapacityInvestment,OPT,GLOBAL,PWROILSLVXX,,,,2025,,,,,,0.0
TotalAnnualMaxCapacityInvestment,OPT,GLOBAL,PWROILSLVXX,,,,2026,,,,,,0.0
TotalAnnualMaxCapacityInvestment,OPT,GLOBAL,PWROILSLVXX,,,,2027,,,,,,0.0
TotalAnnualMaxCapacityInvestment,OPT,GLOBAL,PWROILSLVXX,,,,2028,,,,,,0.0
TotalAnnualMaxCapacityInvestment,OPT,GLOBAL,PWROILSLVXX,,,,2029,,,,,,0.0
TotalAnnualMaxCapacityInvestment,OPT,GLOBAL,PWROILSLVXX,,,,2030,,,,,,0.303
TotalAnnualMaxCapacityInvestment,OPT,GLOBAL,PWROILSLVXX,,,,2031,,,,,,0.0
TotalAnnualMaxCapacityInvestment,OPT,GLOBAL,PWROILSLVXX,,,,2032,,,,,,0.0
TotalAnnualMaxCapacityInvestment,OPT,GLOBAL,PWROILSLVXX,,,,2033,,,,,,0.0
TotalAnnualMaxCapacityInvestment,OPT,GLOBAL,PWROILSLVXX,,,,2034,,,,,,0.0
TotalAnnualMaxCapacityInvestment,OPT,GLOBAL,PWROILSLVXX,,,,2035,,,,,,0.0
TotalAnnualMaxCapacityInvestment,OPT,GLOBAL,PWROILSLVXX,,,,2036,,,,,,0.0
TotalAnnualMaxCapacityInvestment,OPT,GLOBAL,PWROILSLVXX,,,,2037,,,,,,0.0
TotalAnnualMaxCapacityInvestment,OPT,GLOBAL,PWROILSLVXX,,,,2038,,,,,,0.0
TotalAnnualMaxCapacityInvestment,OPT,GLOBAL,PWROILSLVXX,,,,2039,,,,,,0.0
TotalAnnualMaxCapacityInvestment,OPT,GLOBAL,PWROILSLVXX,,,,2040,,,,,,0.0
TotalAnnualMaxCapacityInvestment,OPT,GLOBAL,PWROILSLVXX,,,,2041,,,,,,0.0
TotalAnnualMaxCapacityInvestment,OPT,GLOBAL,PWROILSLVXX,,,,2042,,,,,,0.0
TotalAnnualMaxCapacityInvestment,OPT,GLOBAL,PWROILSLVXX,,,,2043,,,,,,0.0
TotalAnnualMaxCapacityInvestment,OPT,GLOBAL,PWROILSLVXX,,,,2044,,,,,,0.0
TotalAnnualMaxCapacityInvestment,OPT,GLOBAL,PWROILSLVXX,,,,2045,,,,,,0.0
TotalAnnualMaxCapacityInvestment,OPT,GLOBAL,PWROILSLVXX,,,,2046,,,,,,0.0
TotalAnnualMaxCapacityInvestment,OPT,GLOBAL,PWROILSLVXX,,,,2047,,,,,,0.0
TotalAnnualMaxCapacityInvestment,OPT,GLOBAL,PWROILSLVXX,,,,2048,,,,,,0.0
TotalAnnualMaxCapacityInvestment,OPT,GLOBAL,PWROILSLVXX,,,,2049,,,,,,0.0
TotalAnnualMaxCapacityInvestment,OPT,GLOBAL,PWROILSLVXX,,,,2050,,,,,,0.0
TotalAnnualMaxCapacityInvestment,OPT,GLOBAL,PWRPETCHLXX,,,,2023,,,,,,1.2478
TotalAnnualMaxCapacityInvestment,OPT,GLOBAL,PWRPETCHLXX,,,,2024,,,,,,1.2939
TotalAnnualMaxCapacityInvestment,OPT,GLOBAL,PWRPETCHLXX,,,,2025,,,,,,0.0
TotalAnnualMaxCapacityInvestment,OPT,GLOBAL,PWRPETCHLXX,,,,2026,,,,,,0.0
TotalAnnualMaxCapacityInvestment,OPT,GLOBAL,PWRPETCHLXX,,,,2027,,,,,,0.0
TotalAnnualMaxCapacityInvestment,OPT,GLOBAL,PWRPETCHLXX,,,,2028,,,,,,0.0
TotalAnnualMaxCapacityInvestment,OPT,GLOBAL,PWRPETCHLXX,,,,2029,,,,,,0.0
TotalAnnualMaxCapacityInvestment,OPT,GLOBAL,PWRPETCHLXX,,,,2030,,,,,,0.0
TotalAnnualMaxCapacityInvestment,OPT,GLOBAL,PWRPETCHLXX,,,,2031,,,,,,0.0
TotalAnnualMaxCapacityInvestment,OPT,GLOBAL,PWRPETCHLXX,,,,2032,,,,,,0.0
TotalAnnualMaxCapacityInvestment,OPT,GLOBAL,PWRPETCHLXX,,,,2033,,,,,,0.0
TotalAnnualMaxCapacityInvestment,OPT,GLOBAL,PWRPETCHLXX,,,,2034,,,,,,0.0
TotalAnnualMaxCapacityInvestment,OPT,GLOBAL,PWRPETCHLXX,,,,2035,,,,,,0.0
TotalAnnualMaxCapacityInvestment,OPT,GLOBAL,PWRPETCHLXX,,,,2036,,,,,,0.0
TotalAnnualMaxCapacityInvestment,OPT,GLOBAL,PWRPETCHLXX,,,,2037,,,,,,0.0
TotalAnnualMaxCapacityInvestment,OPT,GLOBAL,PWRPETCHLXX,,,,2038,,,,,,0.0
TotalAnnualMaxCapacityInvestment,OPT,GLOBAL,PWRPETCHLXX,,,,2039,,,,,,0.0
TotalAnnualMaxCapacityInvestment,OPT,GLOBAL,PWRPETCHLXX,,,,2040,,,,,,0.0
TotalAnnualMaxCapacityInvestment,OPT,GLOBAL,PWRPETCHLXX,,,,2041,,,,,,0.0
TotalAnnualMaxCapacityInvestment,OPT,GLOBAL,PWRPETCHLXX,,,,2042,,,,,,0.0
TotalAnnualMaxCapacityInvestment,OPT,GLOBAL,PWRPETCHLXX,,,,2043,,,,,,0.0
TotalAnnualMaxCapacityInvestment,OPT,GLOBAL,PWRPETCHLXX,,,,2044,,,,,,0.0
TotalAnnualMaxCapacityInvestment,OPT,GLOBAL,PWRPETCHLXX,,,,2045,,,,,,0.0
TotalAnnualMaxCapacityInvestment,OPT,GLOBAL,PWRPETCHLXX,,,,2046,,,,,,0.0
TotalAnnualMaxCapacityInvestment,OPT,GLOBAL,PWRPETCHLXX,,,,2047,,,,,,0.0
TotalAnnualMaxCapacityInvestment,OPT,GLOBAL,PWRPETCHLXX,,,,2048,,,,,,0.0
TotalAnnualMaxCapacityInvestment,OPT,GLOBAL,PWRPETCHLXX,,,,2049,,,,,,0.0
TotalAnnualMaxCapacityInvestment,OPT,GLOBAL,PWRPETCHLXX,,,,2050,,,,,,0.0
TotalAnnualMaxCapacityInvestment,OPT,GLOBAL,PWRGEOCRIXX,,,,2023,,,,,,0.0169
TotalAnnualMaxCapacityInvestment,OPT,GLOBAL,PWRGEOCRIXX,,,,2024,,,,,,0.0175
TotalAnnualMaxCapacityInvestment,OPT,GLOBAL,PWRGEOCRIXX,,,,2025,,,,,,0.055
TotalAnnualMaxCapacityInvestment,OPT,GLOBAL,PWRGEOCRIXX,,,,2026,,,,,,0.055
TotalAnnualMaxCapacityInvestment,OPT,GLOBAL,PWRGEOCRIXX,,,,2027,,,,,,0.0556
TotalAnnualMaxCapacityInvestment,OPT,GLOBAL,PWRGEOCRIXX,,,,2028,,,,,,0.055
TotalAnnualMaxCapacityInvestment,OPT,GLOBAL,PWRGEOCRIXX,,,,2029,,,,,,0.055
TotalAnnualMaxCapacityInvestment,OPT,GLOBAL,PWRGEOCRIXX,,,,2030,,,,,,0.055
TotalAnnualMaxCapacityInvestment,OPT,GLOBAL,PWRGEOCRIXX,,,,2031,,,,,,0.0556
TotalAnnualMaxCapacityInvestment,OPT,GLOBAL,PWRGEOCRIXX,,,,2032,,,,,,0.0556
TotalAnnualMaxCapacityInvestment,OPT,GLOBAL,PWRGEOCRIXX,,,,2033,,,,,,0.055
TotalAnnualMaxCapacityInvestment,OPT,GLOBAL,PWRGEOCRIXX,,,,2034,,,,,,0.055
TotalAnnualMaxCapacityInvestment,OPT,GLOBAL,PWRGEOCRIXX,,,,2035,,,,,,0.055
TotalAnnualMaxCapacityInvestment,OPT,GLOBAL,PWRGEOCRIXX,,,,2036,,,,,,0.0298
TotalAnnualMaxCapacityInvestment,OPT,GLOBAL,PWRGEOCRIXX,,,,2037,,,,,,0.0298
TotalAnnualMaxCapacityInvestment,OPT,GLOBAL,PWRGEOCRIXX,,,,2038,,,,,,0.0298
TotalAnnualMaxCapacityInvestment,OPT,GLOBAL,PWRGEOCRIXX,,,,2039,,,,,,0.0298
TotalAnnualMaxCapacityInvestment,OPT,GLOBAL,PWRGEOCRIXX,,,,2040,,,,,,0.0298
TotalAnnualMaxCapacityInvestment,OPT,GLOBAL,PWRGEOCRIXX,,,,2041,,,,,,0.0298
TotalAnnualMaxCapacityInvestment,OPT,GLOBAL,PWRGEOCRIXX,,,,2042,,,,,,0.0298
TotalAnnualMaxCapacityInvestment,OPT,GLOBAL,PWRGEOCRIXX,,,,2043,,,,,,0.0298
TotalAnnualMaxCapacityInvestment,OPT,GLOBAL,PWRGEOCRIXX,,,,2044,,,,,,0.0298
TotalAnnualMaxCapacityInvestment,OPT,GLOBAL,PWRGEOCRIXX,,,,2045,,,,,,0.0298
TotalAnnualMaxCapacityInvestment,OPT,GLOBAL,PWRGEOCRIXX,,,,2046,,,,,,0.0298
TotalAnnualMaxCapacityInvestment,OPT,GLOBAL,PWRGEOCRIXX,,,,2047,,,,,,0.0298
TotalAnnualMaxCapacityInvestment,OPT,GLOBAL,PWRGEOCRIXX,,,,2048,,,,,,0.0298
TotalAnnualMaxCapacityInvestment,OPT,GLOBAL,PWRGEOCRIXX,,,,2049,,,,,,0.0298
TotalAnnualMaxCapacityInvestment,OPT,GLOBAL,PWRGEOCRIXX,,,,2050,,,,,,0.0298
TotalAnnualMaxCapacityInvestment,OPT,GLOBAL,PWRWAVECUXX,,,,2023,,,,,,0.0
TotalAnnualMaxCapacityInvestment,OPT,GLOBAL,PWRWAVECUXX,,,,2024,,,,,,0.0
TotalAnnualMaxCapacityInvestment,OPT,GLOBAL,PWRWAVECUXX,,,,2025,,,,,,0.0871
TotalAnnualMaxCapacityInvestment,OPT,GLOBAL,PWRWAVECUXX,,,,2026,,,,,,0.0
TotalAnnualMaxCapacityInvestment,OPT,GLOBAL,PWRWAVECUXX,,,,2027,,,,,,0.0
TotalAnnualMaxCapacityInvestment,OPT,GLOBAL,PWRWAVECUXX,,,,2028,,,,,,0.0
TotalAnnualMaxCapacityInvestment,OPT,GLOBAL,PWRWAVECUXX,,,,2029,,,,,,0.0
TotalAnnualMaxCapacityInvestment,OPT,GLOBAL,PWRWAVECUXX,,,,2030,,,,,,0.0
TotalAnnualMaxCapacityInvestment,OPT,GLOBAL,PWRWAVECUXX,,,,2031,,,,,,0.0
TotalAnnualMaxCapacityInvestment,OPT,GLOBAL,PWRWAVECUXX,,,,2032,,,,,,0.0
TotalAnnualMaxCapacityInvestment,OPT,GLOBAL,PWRWAVECUXX,,,,2033,,,,,,0.0
TotalAnnualMaxCapacityInvestment,OPT,GLOBAL,PWRWAVECUXX,,,,2034,,,,,,0.0
TotalAnnualMaxCapacityInvestment,OPT,GLOBAL,PWRWAVECUXX,,,,2035,,,,,,0.0
TotalAnnualMaxCapacityInvestment,OPT,GLOBAL,PWRWAVECUXX,,,,2036,,,,,,0.0
TotalAnnualMaxCapacityInvestment,OPT,GLOBAL,PWRWAVECUXX,,,,2037,,,,,,0.0
TotalAnnualMaxCapacityInvestment,OPT,GLOBAL,PWRWAVECUXX,,,,2038,,,,,,0.0
TotalAnnualMaxCapacityInvestment,OPT,GLOBAL,PWRWAVECUXX,,,,2039,,,,,,0.0
TotalAnnualMaxCapacityInvestment,OPT,GLOBAL,PWRWAVECUXX,,,,2040,,,,,,0.0
TotalAnnualMaxCapacityInvestment,OPT,GLOBAL,PWRWAVECUXX,,,,2041,,,,,,0.0
TotalAnnualMaxCapacityInvestment,OPT,GLOBAL,PWRWAVECUXX,,,,2042,,,,,,0.0
TotalAnnualMaxCapacityInvestment,OPT,GLOBAL,PWRWAVECUXX,,,,2043,,,,,,0.0
TotalAnnualMaxCapacityInvestment,OPT,GLOBAL,PWRWAVECUXX,,,,2044,,,,,,0.0
TotalAnnualMaxCapacityInvestment,OPT,GLOBAL,PWRWAVECUXX,,,,2045,,,,,,0.0
TotalAnnualMaxCapacityInvestment,OPT,GLOBAL,PWRWAVECUXX,,,,2046,,,,,,0.0
TotalAnnualMaxCapacityInvestment,OPT,GLOBAL,PWRWAVECUXX,,,,2047,,,,,,0.0
TotalAnnualMaxCapacityInvestment,OPT,GLOBAL,PWRWAVECUXX,,,,2048,,,,,,0.0
TotalAnnualMaxCapacityInvestment,OPT,GLOBAL,PWRWAVECUXX,,,,2049,,,,,,0.0
TotalAnnualMaxCapacityInvestment,OPT,GLOBAL,PWRWAVECUXX,,,,2050,,,,,,0.0
TotalAnnualMaxCapacityInvestment,OPT,GLOBAL,PWRNGSBRAXX,,,,2023,,,,,,0.0
TotalAnnualMaxCapacityInvestment,OPT,GLOBAL,PWRNGSBRAXX,,,,2024,,,,,,0.0
TotalAnnualMaxCapacityInvestment,OPT,GLOBAL,PWRNGSBRAXX,,,,2025,,,,,,0.611
TotalAnnualMaxCapacityInvestment,OPT,GLOBAL,PWRNGSBRAXX,,,,2026,,,,,,0.605
TotalAnnualMaxCapacityInvestment,OPT,GLOBAL,PWRNGSBRAXX,,,,2027,,,,,,0.605
TotalAnnualMaxCapacityInvestment,OPT,GLOBAL,PWRNGSBRAXX,,,,2028,,,,,,0.605
TotalAnnualMaxCapacityInvestment,OPT,GLOBAL,PWRNGSBRAXX,,,,2029,,,,,,0.605
TotalAnnualMaxCapacityInvestment,OPT,GLOBAL,PWRNGSBRAXX,,,,2030,,,,,,0.605
TotalAnnualMaxCapacityInvestment,OPT,GLOBAL,PWRNGSBRAXX,,,,2031,,,,,,0.605
TotalAnnualMaxCapacityInvestment,OPT,GLOBAL,PWRNGSBRAXX,,,,2032,,,,,,0.605
TotalAnnualMaxCapacityInvestment,OPT,GLOBAL,PWRNGSBRAXX,,,,2033,,,,,,0.605
TotalAnnualMaxCapacityInvestment,OPT,GLOBAL,PWRNGSBRAXX,,,,2034,,,,,,0.605
TotalAnnualMaxCapacityInvestment,OPT,GLOBAL,PWRNGSBRAXX,,,,2035,,,,,,0.605
TotalAnnualMaxCapacityInvestment,OPT,GLOBAL,PWRNGSBRAXX,,,,2036,,,,,,0.1364
TotalAnnualMaxCapacityInvestment,OPT,GLOBAL,PWRNGSBRAXX,,,,2037,,,,,,0.1364
TotalAnnualMaxCapacityInvestment,OPT,GLOBAL,PWRNGSBRAXX,,,,2038,,,,,,0.1364
TotalAnnualMaxCapacityInvestment,OPT,GLOBAL,PWRNGSBRAXX,,,,2039,,,,,,0.1364
TotalAnnualMaxCapacityInvestment,OPT,GLOBAL,PWRNGSBRAXX,,,,2040,,,,,,0.1364
TotalAnnualMaxCapacityInvestment,OPT,GLOBAL,PWRNGSBRAXX,,,,2041,,,,,,0.1364
TotalAnnualMaxCapacityInvestment,OPT,GLOBAL,PWRNGSBRAXX,,,,2042,,,,,,0.1364
TotalAnnualMaxCapacityInvestment,OPT,GLOBAL,PWRNGSBRAXX,,,,2043,,,,,,0.1364
TotalAnnualMaxCapacityInvestment,OPT,GLOBAL,PWRNGSBRAXX,,,,2044,,,,,,0.1364
TotalAnnualMaxCapacityInvestment,OPT,GLOBAL,PWRNGSBRAXX,,,,2045,,,,,,0.1364
TotalAnnualMaxCapacityInvestment,OPT,GLOBAL,PWRNGSBRAXX,,,,2046,,,,,,0.1364
TotalAnnualMaxCapacityInvestment,OPT,GLOBAL,PWRNGSBRAXX,,,,2047,,,,,,0.1364
TotalAnnualMaxCapacityInvestment,OPT,GLOBAL,PWRNGSBRAXX,,,,2048,,,,,,0.1364
TotalAnnualMaxCapacityInvestment,OPT,GLOBAL,PWRNGSBRAXX,,,,2049,,,,,,0.1364
TotalAnnualMaxCapacityInvestment,OPT,GLOBAL,PWRNGSBRAXX,,,,2050,,,,,,0.1364
TotalAnnualMaxCapacityInvestment,OPT,GLOBAL,PWRWASCOLXX,,,,2023,,,,,,0.735
TotalAnnualMaxCapacityInvestment,OPT,GLOBAL,PWRWASCOLXX,,,,2024,,,,,,0.7502
TotalAnnualMaxCapacityInvestment,OPT,GLOBAL,PWRWASCOLXX,,,,2025,,,,,,0.009
TotalAnnualMaxCapacityInvestment,OPT,GLOBAL,PWRWASCOLXX,,,,2026,,,,,,0.009
TotalAnnualMaxCapacityInvestment,OPT,GLOBAL,PWRWASCOLXX,,,,2027,,,,,,0.009
TotalAnnualMaxCapacityInvestment,OPT,GLOBAL,PWRWASCOLXX,,,,2028,,,,,,0.009
TotalAnnualMaxCapacityInvestment,OPT,GLOBAL,PWRWASCOLXX,,,,2029,,,,,,0.009
TotalAnnualMaxCapacityInvestment,OPT,GLOBAL,PWRWASCOLXX,,,,2030,,,,,,0.009
TotalAnnualMaxCapacityInvestment,OPT,GLOBAL,PWRWASCOLXX,,,,2031,,,,,,0.009
TotalAnnualMaxCapacityInvestment,OPT,GLOBAL,PWRWASCOLXX,,,,2032,,,,,,0.009
TotalAnnualMaxCapacityInvestment,OPT,GLOBAL,PWRWASCOLXX,,,,2033,,,,,,0.009
TotalAnnualMaxCapacityInvestment,OPT,GLOBAL,PWRWASCOLXX,,,,2034,,,,,,0.009
TotalAnnualMaxCapacityInvestment,OPT,GLOBAL,PWRWASCOLXX,,,,2035,,,,,,0.009
TotalAnnualMaxCapacityInvestment,OPT,GLOBAL,PWRWASCOLXX,,,,2036,,,,,,0.0073
TotalAnnualMaxCapacityInvestment,OPT,GLOBAL,PWRWASCOLXX,,,,2037,,,,,,0.0073
TotalAnnualMaxCapacityInvestment,OPT,GLOBAL,PWRWASCOLXX,,,,2038,,,,,,0.0073
TotalAnnualMaxCapacityInvestment,OPT,GLOBAL,PWRWASCOLXX,,,,2039,,,,,,0.0073
TotalAnnualMaxCapacityInvestment,OPT,GLOBAL,PWRWASCOLXX,,,,2040,,,,,,0.0073
TotalAnnualMaxCapacityInvestment,OPT,GLOBAL,PWRWASCOLXX,,,,2041,,,,,,0.0073
TotalAnnualMaxCapacityInvestment,OPT,GLOBAL,PWRWASCOLXX,,,,2042,,,,,,0.0073
TotalAnnualMaxCapacityInvestment,OPT,GLOBAL,PWRWASCOLXX,,,,2043,,,,,,0.0073
TotalAnnualMaxCapacityInvestment,OPT,GLOBAL,PWRWASCOLXX,,,,2044,,,,,,0.0073
TotalAnnualMaxCapacityInvestment,OPT,GLOBAL,PWRWASCOLXX,,,,2045,,,,,,0.0073
TotalAnnualMaxCapacityInvestment,OPT,GLOBAL,PWRWASCOLXX,,,,2046,,,,,,0.0073
TotalAnnualMaxCapacityInvestment,OPT,GLOBAL,PWRWASCOLXX,,,,2047,,,,,,0.0073
TotalAnnualMaxCapacityInvestment,OPT,GLOBAL,PWRWASCOLXX,,,,2048,,,,,,0.0073
TotalAnnualMaxCapacityInvestment,OPT,GLOBAL,PWRWASCOLXX,,,,2049,,,,,,0.0073
TotalAnnualMaxCapacityInvestment,OPT,GLOBAL,PWRWASCOLXX,,,,2050,,,,,,0.0073
TotalAnnualMaxCapacityInvestment,OPT,GLOBAL,PWRSPVDOMXX,,,,2023,,,,,,0.0543
TotalAnnualMaxCapacityInvestment,OPT,GLOBAL,PWRSPVDOMXX,,,,2024,,,,,,0.0568
TotalAnnualMaxCapacityInvestment,OPT,GLOBAL,PWRSPVDOMXX,,,,2025,,,,,,0.3644
TotalAnnualMaxCapacityInvestment,OPT,GLOBAL,PWRSPVDOMXX,,,,2026,,,,,,0.3644
TotalAnnualMaxCapacityInvestment,OPT,GLOBAL,PWRSPVDOMXX,,,,2027,,,,,,0.3644
TotalAnnualMaxCapacityInvestment,OPT,GLOBAL,PWRSPVDOMXX,,,,2028,,,,,,0.3644
TotalAnnualMaxCapacityInvestment,OPT,GLOBAL,PWRSPVDOMXX,,,,2029,,,,,,0.3644
TotalAnnualMaxCapacityInvestment,OPT,GLOBAL,PWRSPVDOMXX,,,,2030,,,,,,0.3644
TotalAnnualMaxCapacityInvestment,OPT,GLOBAL,PWRSPVDOMXX,,,,2031,,,,,,0.3644
TotalAnnualMaxCapacityInvestment,OPT,GLOBAL,PWRSPVDOMXX,,,,2032,,,,,,0.3644
TotalAnnualMaxCapacityInvestment,OPT,GLOBAL,PWRSPVDOMXX,,,,2033,,,,,,0.3644
TotalAnnualMaxCapacityInvestment,OPT,GLOBAL,PWRSPVDOMXX,,,,2034,,,,,,0.3644
TotalAnnualMaxCapacityInvestment,OPT,GLOBAL,PWRSPVDOMXX,,,,2035,,,,,,0.3644
TotalAnnualMaxCapacityInvestment,OPT,GLOBAL,PWRSPVDOMXX,,,,2036,,,,,,0.2938
TotalAnnualMaxCapacityInvestment,OPT,GLOBAL,PWRSPVDOMXX,,,,2037,,,,,,0.2938
TotalAnnualMaxCapacityInvestment,OPT,GLOBAL,PWRSPVDOMXX,,,,2038,,,,,,0.2938
TotalAnnualMaxCapacityInvestment,OPT,GLOBAL,PWRSPVDOMXX,,,,2039,,,,,,0.2938
TotalAnnualMaxCapacityInvestment,OPT,GLOBAL,PWRSPVDOMXX,,,,2040,,,,,,0.2938
TotalAnnualMaxCapacityInvestment,OPT,GLOBAL,PWRSPVDOMXX,,,,2041,,,,,,0.2938
TotalAnnualMaxCapacityInvestment,OPT,GLOBAL,PWRSPVDOMXX,,,,2042,,,,,,0.2938
TotalAnnualMaxCapacityInvestment,OPT,GLOBAL,PWRSPVDOMXX,,,,2043,,,,,,0.2938
TotalAnnualMaxCapacityInvestment,OPT,GLOBAL,PWRSPVDOMXX,,,,2044,,,,,,0.2938
TotalAnnualMaxCapacityInvestment,OPT,GLOBAL,PWRSPVDOMXX,,,,2045,,,,,,0.2938
TotalAnnualMaxCapacityInvestment,OPT,GLOBAL,PWRSPVDOMXX,,,,2046,,,,,,0.2938
TotalAnnualMaxCapacityInvestment,OPT,GLOBAL,PWRSPVDOMXX,,,,2047,,,,,,0.2938
TotalAnnualMaxCapacityInvestment,OPT,GLOBAL,PWRSPVDOMXX,,,,2048,,,,,,0.2938
TotalAnnualMaxCapacityInvestment,OPT,GLOBAL,PWRSPVDOMXX,,,,2049,,,,,,0.2938
TotalAnnualMaxCapacityInvestment,OPT,GLOBAL,PWRSPVDOMXX,,,,2050,,,,,,0.2938
TotalAnnualMaxCapacityInvestment,OPT,GLOBAL,PWROTHARGXX,,,,2023,,,,,,0.0
TotalAnnualMaxCapacityInvestment,OPT,GLOBAL,PWROTHARGXX,,,,2024,,,,,,0.0
TotalAnnualMaxCapacityInvestment,OPT,GLOBAL,PWROTHARGXX,,,,2025,,,,,,0.0
TotalAnnualMaxCapacityInvestment,OPT,GLOBAL,PWROTHARGXX,,,,2026,,,,,,0.0
TotalAnnualMaxCapacityInvestment,OPT,GLOBAL,PWROTHARGXX,,,,2027,,,,,,0.0
TotalAnnualMaxCapacityInvestment,OPT,GLOBAL,PWROTHARGXX,,,,2028,,,,,,0.0
TotalAnnualMaxCapacityInvestment,OPT,GLOBAL,PWROTHARGXX,,,,2029,,,,,,0.0
TotalAnnualMaxCapacityInvestment,OPT,GLOBAL,PWROTHARGXX,,,,2030,,,,,,0.0
TotalAnnualMaxCapacityInvestment,OPT,GLOBAL,PWROTHARGXX,,,,2031,,,,,,0.0
TotalAnnualMaxCapacityInvestment,OPT,GLOBAL,PWROTHARGXX,,,,2032,,,,,,0.0
TotalAnnualMaxCapacityInvestment,OPT,GLOBAL,PWROTHARGXX,,,,2033,,,,,,0.0
TotalAnnualMaxCapacityInvestment,OPT,GLOBAL,PWROTHARGXX,,,,2034,,,,,,0.0
TotalAnnualMaxCapacityInvestment,OPT,GLOBAL,PWROTHARGXX,,,,2035,,,,,,0.0
TotalAnnualMaxCapacityInvestment,OPT,GLOBAL,PWROTHARGXX,,,,2036,,,,,,0.0
TotalAnnualMaxCapacityInvestment,OPT,GLOBAL,PWROTHARGXX,,,,2037,,,,,,0.0
TotalAnnualMaxCapacityInvestment,OPT,GLOBAL,PWROTHARGXX,,,,2038,,,,,,0.0
TotalAnnualMaxCapacityInvestment,OPT,GLOBAL,PWROTHARGXX,,,,2039,,,,,,0.0
TotalAnnualMaxCapacityInvestment,OPT,GLOBAL,PWROTHARGXX,,,,2040,,,,,,0.0
TotalAnnualMaxCapacityInvestment,OPT,GLOBAL,PWROTHARGXX,,,,2041,,,,,,0.0
TotalAnnualMaxCapacityInvestment,OPT,GLOBAL,PWROTHARGXX,,,,2042,,,,,,0.0
TotalAnnualMaxCapacityInvestment,OPT,GLOBAL,PWROTHARGXX,,,,2043,,,,,,0.0
TotalAnnualMaxCapacityInvestment,OPT,GLOBAL,PWROTHARGXX,,,,2044,,,,,,0.0
TotalAnnualMaxCapacityInvestment,OPT,GLOBAL,PWROTHARGXX,,,,2045,,,,,,0.0
TotalAnnualMaxCapacityInvestment,OPT,GLOBAL,PWROTHARGXX,,,,2046,,,,,,0.0
TotalAnnualMaxCapacityInvestment,OPT,GLOBAL,PWROTHARGXX,,,,2047,,,,,,0.0
TotalAnnualMaxCapacityInvestment,OPT,GLOBAL,PWROTHARGXX,,,,2048,,,,,,0.0
TotalAnnualMaxCapacityInvestment,OPT,GLOBAL,PWROTHARGXX,,,,2049,,,,,,0.0
TotalAnnualMaxCapacityInvestment,OPT,GLOBAL,PWROTHARGXX,,,,2050,,,,,,0.0
TotalAnnualMaxCapacityInvestment,OPT,GLOBAL,PWRPETGTMXX,,,,2023,,,,,,0.1252
TotalAnnualMaxCapacityInvestment,OPT,GLOBAL,PWRPETGTMXX,,,,2024,,,,,,0.129
TotalAnnualMaxCapacityInvestment,OPT,GLOBAL,PWRPETGTMXX,,,,2025,,,,,,0.0
TotalAnnualMaxCapacityInvestment,OPT,GLOBAL,PWRPETGTMXX,,,,2026,,,,,,0.0
TotalAnnualMaxCapacityInvestment,OPT,GLOBAL,PWRPETGTMXX,,,,2027,,,,,,0.0
TotalAnnualMaxCapacityInvestment,OPT,GLOBAL,PWRPETGTMXX,,,,2028,,,,,,0.0
TotalAnnualMaxCapacityInvestment,OPT,GLOBAL,PWRPETGTMXX,,,,2029,,,,,,0.0
TotalAnnualMaxCapacityInvestment,OPT,GLOBAL,PWRPETGTMXX,,,,2030,,,,,,0.0
TotalAnnualMaxCapacityInvestment,OPT,GLOBAL,PWRPETGTMXX,,,,2031,,,,,,0.0
TotalAnnualMaxCapacityInvestment,OPT,GLOBAL,PWRPETGTMXX,,,,2032,,,,,,0.0
TotalAnnualMaxCapacityInvestment,OPT,GLOBAL,PWRPETGTMXX,,,,2033,,,,,,0.0
TotalAnnualMaxCapacityInvestment,OPT,GLOBAL,PWRPETGTMXX,,,,2034,,,,,,0.0
TotalAnnualMaxCapacityInvestment,OPT,GLOBAL,PWRPETGTMXX,,,,2035,,,,,,0.0
TotalAnnualMaxCapacityInvestment,OPT,GLOBAL,PWRPETGTMXX,,,,2036,,,,,,0.0
TotalAnnualMaxCapacityInvestment,OPT,GLOBAL,PWRPETGTMXX,,,,2037,,,,,,0.0
TotalAnnualMaxCapacityInvestment,OPT,GLOBAL,PWRPETGTMXX,,,,2038,,,,,,0.0
TotalAnnualMaxCapacityInvestment,OPT,GLOBAL,PWRPETGTMXX,,,,2039,,,,,,0.0
TotalAnnualMaxCapacityInvestment,OPT,GLOBAL,PWRPETGTMXX,,,,2040,,,,,,0.0
TotalAnnualMaxCapacityInvestment,OPT,GLOBAL,PWRPETGTMXX,,,,2041,,,,,,0.0
TotalAnnualMaxCapacityInvestment,OPT,GLOBAL,PWRPETGTMXX,,,,2042,,,,,,0.0
TotalAnnualMaxCapacityInvestment,OPT,GLOBAL,PWRPETGTMXX,,,,2043,,,,,,0.0
TotalAnnualMaxCapacityInvestment,OPT,GLOBAL,PWRPETGTMXX,,,,2044,,,,,,0.0
TotalAnnualMaxCapacityInvestment,OPT,GLOBAL,PWRPETGTMXX,,,,2045,,,,,,0.0
TotalAnnualMaxCapacityInvestment,OPT,GLOBAL,PWRPETGTMXX,,,,2046,,,,,,0.0
TotalAnnualMaxCapacityInvestment,OPT,GLOBAL,PWRPETGTMXX,,,,2047,,,,,,0.0
TotalAnnualMaxCapacityInvestment,OPT,GLOBAL,PWRPETGTMXX,,,,2048,,,,,,0.0
TotalAnnualMaxCapacityInvestment,OPT,GLOBAL,PWRPETGTMXX,,,,2049,,,,,,0.0
TotalAnnualMaxCapacityInvestment,OPT,GLOBAL,PWRPETGTMXX,,,,2050,,,,,,0.0
TotalAnnualMaxCapacityInvestment,OPT,GLOBAL,PWRWAVBOLXX,,,,2023,,,,,,0.0
TotalAnnualMaxCapacityInvestment,OPT,GLOBAL,PWRWAVBOLXX,,,,2024,,,,,,0.0
TotalAnnualMaxCapacityInvestment,OPT,GLOBAL,PWRWAVBOLXX,,,,2025,,,,,,0.0304
TotalAnnualMaxCapacityInvestment,OPT,GLOBAL,PWRWAVBOLXX,,,,2026,,,,,,0.0
TotalAnnualMaxCapacityInvestment,OPT,GLOBAL,PWRWAVBOLXX,,,,2027,,,,,,0.0
TotalAnnualMaxCapacityInvestment,OPT,GLOBAL,PWRWAVBOLXX,,,,2028,,,,,,0.0
TotalAnnualMaxCapacityInvestment,OPT,GLOBAL,PWRWAVBOLXX,,,,2029,,,,,,0.0
TotalAnnualMaxCapacityInvestment,OPT,GLOBAL,PWRWAVBOLXX,,,,2030,,,,,,0.0
TotalAnnualMaxCapacityInvestment,OPT,GLOBAL,PWRWAVBOLXX,,,,2031,,,,,,0.0
TotalAnnualMaxCapacityInvestment,OPT,GLOBAL,PWRWAVBOLXX,,,,2032,,,,,,0.0
TotalAnnualMaxCapacityInvestment,OPT,GLOBAL,PWRWAVBOLXX,,,,2033,,,,,,0.0
TotalAnnualMaxCapacityInvestment,OPT,GLOBAL,PWRWAVBOLXX,,,,2034,,,,,,0.0
TotalAnnualMaxCapacityInvestment,OPT,GLOBAL,PWRWAVBOLXX,,,,2035,,,,,,0.0
TotalAnnualMaxCapacityInvestment,OPT,GLOBAL,PWRWAVBOLXX,,,,2036,,,,,,0.0
TotalAnnualMaxCapacityInvestment,OPT,GLOBAL,PWRWAVBOLXX,,,,2037,,,,,,0.0
TotalAnnualMaxCapacityInvestment,OPT,GLOBAL,PWRWAVBOLXX,,,,2038,,,,,,0.0
TotalAnnualMaxCapacityInvestment,OPT,GLOBAL,PWRWAVBOLXX,,,,2039,,,,,,0.0
TotalAnnualMaxCapacityInvestment,OPT,GLOBAL,PWRWAVBOLXX,,,,2040,,,,,,0.0
TotalAnnualMaxCapacityInvestment,OPT,GLOBAL,PWRWAVBOLXX,,,,2041,,,,,,0.0
TotalAnnualMaxCapacityInvestment,OPT,GLOBAL,PWRWAVBOLXX,,,,2042,,,,,,0.0
TotalAnnualMaxCapacityInvestment,OPT,GLOBAL,PWRWAVBOLXX,,,,2043,,,,,,0.0
TotalAnnualMaxCapacityInvestment,OPT,GLOBAL,PWRWAVBOLXX,,,,2044,,,,,,0.0
TotalAnnualMaxCapacityInvestment,OPT,GLOBAL,PWRWAVBOLXX,,,,2045,,,,,,0.0
TotalAnnualMaxCapacityInvestment,OPT,GLOBAL,PWRWAVBOLXX,,,,2046,,,,,,0.0
TotalAnnualMaxCapacityInvestment,OPT,GLOBAL,PWRWAVBOLXX,,,,2047,,,,,,0.0
TotalAnnualMaxCapacityInvestment,OPT,GLOBAL,PWRWAVBOLXX,,,,2048,,,,,,0.0
TotalAnnualMaxCapacityInvestment,OPT,GLOBAL,PWRWAVBOLXX,,,,2049,,,,,,0.0
TotalAnnualMaxCapacityInvestment,OPT,GLOBAL,PWRWAVBOLXX,,,,2050,,,,,,0.0
TotalAnnualMaxCapacityInvestment,OPT,GLOBAL,PWRHYDNICXX,,,,2023,,,,,,0.0089
TotalAnnualMaxCapacityInvestment,OPT,GLOBAL,PWRHYDNICXX,,,,2024,,,,,,0.0093
TotalAnnualMaxCapacityInvestment,OPT,GLOBAL,PWRHYDNICXX,,,,2025,,,,,,0.0008
TotalAnnualMaxCapacityInvestment,OPT,GLOBAL,PWRHYDNICXX,,,,2026,,,,,,0.0008
TotalAnnualMaxCapacityInvestment,OPT,GLOBAL,PWRHYDNICXX,,,,2027,,,,,,0.0919
TotalAnnualMaxCapacityInvestment,OPT,GLOBAL,PWRHYDNICXX,,,,2028,,,,,,0.0008
TotalAnnualMaxCapacityInvestment,OPT,GLOBAL,PWRHYDNICXX,,,,2029,,,,,,0.0949
TotalAnnualMaxCapacityInvestment,OPT,GLOBAL,PWRHYDNICXX,,,,2030,,,,,,0.1313
TotalAnnualMaxCapacityInvestment,OPT,GLOBAL,PWRHYDNICXX,,,,2031,,,,,,0.0008
TotalAnnualMaxCapacityInvestment,OPT,GLOBAL,PWRHYDNICXX,,,,2032,,,,,,0.0008
TotalAnnualMaxCapacityInvestment,OPT,GLOBAL,PWRHYDNICXX,,,,2033,,,,,,0.0008
TotalAnnualMaxCapacityInvestment,OPT,GLOBAL,PWRHYDNICXX,,,,2034,,,,,,0.0008
TotalAnnualMaxCapacityInvestment,OPT,GLOBAL,PWRHYDNICXX,,,,2035,,,,,,0.0008
TotalAnnualMaxCapacityInvestment,OPT,GLOBAL,PWRHYDNICXX,,,,2036,,,,,,0.001
TotalAnnualMaxCapacityInvestment,OPT,GLOBAL,PWRHYDNICXX,,,,2037,,,,,,0.001
TotalAnnualMaxCapacityInvestment,OPT,GLOBAL,PWRHYDNICXX,,,,2038,,,,,,0.001
TotalAnnualMaxCapacityInvestment,OPT,GLOBAL,PWRHYDNICXX,,,,2039,,,,,,0.001
TotalAnnualMaxCapacityInvestment,OPT,GLOBAL,PWRHYDNICXX,,,,2040,,,,,,0.001
TotalAnnualMaxCapacityInvestment,OPT,GLOBAL,PWRHYDNICXX,,,,2041,,,,,,0.001
TotalAnnualMaxCapacityInvestment,OPT,GLOBAL,PWRHYDNICXX,,,,2042,,,,,,0.001
TotalAnnualMaxCapacityInvestment,OPT,GLOBAL,PWRHYDNICXX,,,,2043,,,,,,0.001
TotalAnnualMaxCapacityInvestment,OPT,GLOBAL,PWRHYDNICXX,,,,2044,,,,,,0.001
TotalAnnualMaxCapacityInvestment,OPT,GLOBAL,PWRHYDNICXX,,,,2045,,,,,,0.001
TotalAnnualMaxCapacityInvestment,OPT,GLOBAL,PWRHYDNICXX,,,,2046,,,,,,0.001
TotalAnnualMaxCapacityInvestment,OPT,GLOBAL,PWRHYDNICXX,,,,2047,,,,,,0.001
TotalAnnualMaxCapacityInvestment,OPT,GLOBAL,PWRHYDNICXX,,,,2048,,,,,,0.001
TotalAnnualMaxCapacityInvestment,OPT,GLOBAL,PWRHYDNICXX,,,,2049,,,,,,0.001
TotalAnnualMaxCapacityInvestment,OPT,GLOBAL,PWRHYDNICXX,,,,2050,,,,,,0.001
TotalAnnualMaxCapacityInvestment,OPT,GLOBAL,PWRWONBOLXX,,,,2023,,,,,,0.0391
TotalAnnualMaxCapacityInvestment,OPT,GLOBAL,PWRWONBOLXX,,,,2024,,,,,,0.0415
TotalAnnualMaxCapacityInvestment,OPT,GLOBAL,PWRWONBOLXX,,,,2025,,,,,,0.0328
TotalAnnualMaxCapacityInvestment,OPT,GLOBAL,PWRWONBOLXX,,,,2026,,,,,,0.0328
TotalAnnualMaxCapacityInvestment,OPT,GLOBAL,PWRWONBOLXX,,,,2027,,,,,,0.0328
TotalAnnualMaxCapacityInvestment,OPT,GLOBAL,PWRWONBOLXX,,,,2028,,,,,,0.1353
TotalAnnualMaxCapacityInvestment,OPT,GLOBAL,PWRWONBOLXX,,,,2029,,,,,,0.0328
TotalAnnualMaxCapacityInvestment,OPT,GLOBAL,PWRWONBOLXX,,,,2030,,,,,,0.0328
TotalAnnualMaxCapacityInvestment,OPT,GLOBAL,PWRWONBOLXX,,,,2031,,,,,,0.0328
TotalAnnualMaxCapacityInvestment,OPT,GLOBAL,PWRWONBOLXX,,,,2032,,,,,,0.9423
TotalAnnualMaxCapacityInvestment,OPT,GLOBAL,PWRWONBOLXX,,,,2033,,,,,,0.0328
TotalAnnualMaxCapacityInvestment,OPT,GLOBAL,PWRWONBOLXX,,,,2034,,,,,,0.0328
TotalAnnualMaxCapacityInvestment,OPT,GLOBAL,PWRWONBOLXX,,,,2035,,,,,,0.0328
TotalAnnualMaxCapacityInvestment,OPT,GLOBAL,PWRWONBOLXX,,,,2036,,,,,,0.018
TotalAnnualMaxCapacityInvestment,OPT,GLOBAL,PWRWONBOLXX,,,,2037,,,,,,0.018
TotalAnnualMaxCapacityInvestment,OPT,GLOBAL,PWRWONBOLXX,,,,2038,,,,,,0.018
TotalAnnualMaxCapacityInvestment,OPT,GLOBAL,PWRWONBOLXX,,,,2039,,,,,,0.018
TotalAnnualMaxCapacityInvestment,OPT,GLOBAL,PWRWONBOLXX,,,,2040,,,,,,0.018
TotalAnnualMaxCapacityInvestment,OPT,GLOBAL,PWRWONBOLXX,,,,2041,,,,,,0.018
TotalAnnualMaxCapacityInvestment,OPT,GLOBAL,PWRWONBOLXX,,,,2042,,,,,,0.018
TotalAnnualMaxCapacityInvestment,OPT,GLOBAL,PWRWONBOLXX,,,,2043,,,,,,0.018
TotalAnnualMaxCapacityInvestment,OPT,GLOBAL,PWRWONBOLXX,,,,2044,,,,,,0.018
TotalAnnualMaxCapacityInvestment,OPT,GLOBAL,PWRWONBOLXX,,,,2045,,,,,,0.018
TotalAnnualMaxCapacityInvestment,OPT,GLOBAL,PWRWONBOLXX,,,,2046,,,,,,0.018
TotalAnnualMaxCapacityInvestment,OPT,GLOBAL,PWRWONBOLXX,,,,2047,,,,,,0.018
TotalAnnualMaxCapacityInvestment,OPT,GLOBAL,PWRWONBOLXX,,,,2048,,,,,,0.018
TotalAnnualMaxCapacityInvestment,OPT,GLOBAL,PWRWONBOLXX,,,,2049,,,,,,0.018
TotalAnnualMaxCapacityInvestment,OPT,GLOBAL,PWRWONBOLXX,,,,2050,,,,,,0.018
TotalAnnualMaxCapacityInvestment,OPT,GLOBAL,PWRWONDOMXX,,,,2023,,,,,,0.0
TotalAnnualMaxCapacityInvestment,OPT,GLOBAL,PWRWONDOMXX,,,,2024,,,,,,0.0
TotalAnnualMaxCapacityInvestment,OPT,GLOBAL,PWRWONDOMXX,,,,2025,,,,,,0.1187
TotalAnnualMaxCapacityInvestment,OPT,GLOBAL,PWRWONDOMXX,,,,2026,,,,,,0.1187
TotalAnnualMaxCapacityInvestment,OPT,GLOBAL,PWRWONDOMXX,,,,2027,,,,,,0.4343
TotalAnnualMaxCapacityInvestment,OPT,GLOBAL,PWRWONDOMXX,,,,2028,,,,,,0.4343
TotalAnnualMaxCapacityInvestment,OPT,GLOBAL,PWRWONDOMXX,,,,2029,,,,,,0.4343
TotalAnnualMaxCapacityInvestment,OPT,GLOBAL,PWRWONDOMXX,,,,2030,,,,,,0.4343
TotalAnnualMaxCapacityInvestment,OPT,GLOBAL,PWRWONDOMXX,,,,2031,,,,,,0.4343
TotalAnnualMaxCapacityInvestment,OPT,GLOBAL,PWRWONDOMXX,,,,2032,,,,,,0.1187
TotalAnnualMaxCapacityInvestment,OPT,GLOBAL,PWRWONDOMXX,,,,2033,,,,,,0.1187
TotalAnnualMaxCapacityInvestment,OPT,GLOBAL,PWRWONDOMXX,,,,2034,,,,,,0.1187
TotalAnnualMaxCapacityInvestment,OPT,GLOBAL,PWRWONDOMXX,,,,2035,,,,,,0.1187
TotalAnnualMaxCapacityInvestment,OPT,GLOBAL,PWRWONDOMXX,,,,2036,,,,,,0.0652
TotalAnnualMaxCapacityInvestment,OPT,GLOBAL,PWRWONDOMXX,,,,2037,,,,,,0.0652
TotalAnnualMaxCapacityInvestment,OPT,GLOBAL,PWRWONDOMXX,,,,2038,,,,,,0.0652
TotalAnnualMaxCapacityInvestment,OPT,GLOBAL,PWRWONDOMXX,,,,2039,,,,,,0.0652
TotalAnnualMaxCapacityInvestment,OPT,GLOBAL,PWRWONDOMXX,,,,2040,,,,,,0.0652
TotalAnnualMaxCapacityInvestment,OPT,GLOBAL,PWRWONDOMXX,,,,2041,,,,,,0.0652
TotalAnnualMaxCapacityInvestment,OPT,GLOBAL,PWRWONDOMXX,,,,2042,,,,,,0.0652
TotalAnnualMaxCapacityInvestment,OPT,GLOBAL,PWRWONDOMXX,,,,2043,,,,,,0.0652
TotalAnnualMaxCapacityInvestment,OPT,GLOBAL,PWRWONDOMXX,,,,2044,,,,,,0.0652
TotalAnnualMaxCapacityInvestment,OPT,GLOBAL,PWRWONDOMXX,,,,2045,,,,,,0.0652
TotalAnnualMaxCapacityInvestment,OPT,GLOBAL,PWRWONDOMXX,,,,2046,,,,,,0.0652
TotalAnnualMaxCapacityInvestment,OPT,GLOBAL,PWRWONDOMXX,,,,2047,,,,,,0.0652
TotalAnnualMaxCapacityInvestment,OPT,GLOBAL,PWRWONDOMXX,,,,2048,,,,,,0.0652
TotalAnnualMaxCapacityInvestment,OPT,GLOBAL,PWRWONDOMXX,,,,2049,,,,,,0.0652
TotalAnnualMaxCapacityInvestment,OPT,GLOBAL,PWRWONDOMXX,,,,2050,,,,,,0.0652
TotalAnnualMaxCapacityInvestment,OPT,GLOBAL,PWRBIOCRIXX,,,,2023,,,,,,0.0338
TotalAnnualMaxCapacityInvestment,OPT,GLOBAL,PWRBIOCRIXX,,,,2024,,,,,,0.035
TotalAnnualMaxCapacityInvestment,OPT,GLOBAL,PWRBIOCRIXX,,,,2025,,,,,,0.0016
TotalAnnualMaxCapacityInvestment,OPT,GLOBAL,PWRBIOCRIXX,,,,2026,,,,,,0.0016
TotalAnnualMaxCapacityInvestment,OPT,GLOBAL,PWRBIOCRIXX,,,,2027,,,,,,0.0016
TotalAnnualMaxCapacityInvestment,OPT,GLOBAL,PWRBIOCRIXX,,,,2028,,,,,,0.0016
TotalAnnualMaxCapacityInvestment,OPT,GLOBAL,PWRBIOCRIXX,,,,2029,,,,,,0.0016
TotalAnnualMaxCapacityInvestment,OPT,GLOBAL,PWRBIOCRIXX,,,,2030,,,,,,0.0016
TotalAnnualMaxCapacityInvestment,OPT,GLOBAL,PWRBIOCRIXX,,,,2031,,,,,,0.0016
TotalAnnualMaxCapacityInvestment,OPT,GLOBAL,PWRBIOCRIXX,,,,2032,,,,,,0.0016
TotalAnnualMaxCapacityInvestment,OPT,GLOBAL,PWRBIOCRIXX,,,,2033,,,,,,0.0016
TotalAnnualMaxCapacityInvestment,OPT,GLOBAL,PWRBIOCRIXX,,,,2034,,,,,,0.0016
TotalAnnualMaxCapacityInvestment,OPT,GLOBAL,PWRBIOCRIXX,,,,2035,,,,,,0.0016
TotalAnnualMaxCapacityInvestment,OPT,GLOBAL,PWRBIOCRIXX,,,,2036,,,,,,0.0013
TotalAnnualMaxCapacityInvestment,OPT,GLOBAL,PWRBIOCRIXX,,,,2037,,,,,,0.0013
TotalAnnualMaxCapacityInvestment,OPT,GLOBAL,PWRBIOCRIXX,,,,2038,,,,,,0.0013
TotalAnnualMaxCapacityInvestment,OPT,GLOBAL,PWRBIOCRIXX,,,,2039,,,,,,0.0013
TotalAnnualMaxCapacityInvestment,OPT,GLOBAL,PWRBIOCRIXX,,,,2040,,,,,,0.0013
TotalAnnualMaxCapacityInvestment,OPT,GLOBAL,PWRBIOCRIXX,,,,2041,,,,,,0.0013
TotalAnnualMaxCapacityInvestment,OPT,GLOBAL,PWRBIOCRIXX,,,,2042,,,,,,0.0013
TotalAnnualMaxCapacityInvestment,OPT,GLOBAL,PWRBIOCRIXX,,,,2043,,,,,,0.0013
TotalAnnualMaxCapacityInvestment,OPT,GLOBAL,PWRBIOCRIXX,,,,2044,,,,,,0.0013
TotalAnnualMaxCapacityInvestment,OPT,GLOBAL,PWRBIOCRIXX,,,,2045,,,,,,0.0013
TotalAnnualMaxCapacityInvestment,OPT,GLOBAL,PWRBIOCRIXX,,,,2046,,,,,,0.0013
TotalAnnualMaxCapacityInvestment,OPT,GLOBAL,PWRBIOCRIXX,,,,2047,,,,,,0.0013
TotalAnnualMaxCapacityInvestment,OPT,GLOBAL,PWRBIOCRIXX,,,,2048,,,,,,0.0013
TotalAnnualMaxCapacityInvestment,OPT,GLOBAL,PWRBIOCRIXX,,,,2049,,,,,,0.0013
TotalAnnualMaxCapacityInvestment,OPT,GLOBAL,PWRBIOCRIXX,,,,2050,,,,,,0.0013
TotalAnnualMaxCapacityInvestment,OPT,GLOBAL,PWRGEOPRYXX,,,,2023,,,,,,0.1951
TotalAnnualMaxCapacityInvestment,OPT,GLOBAL,PWRGEOPRYXX,,,,2024,,,,,,0.2
TotalAnnualMaxCapacityInvestment,OPT,GLOBAL,PWRGEOPRYXX,,,,2025,,,,,,0.0
TotalAnnualMaxCapacityInvestment,OPT,GLOBAL,PWRGEOPRYXX,,,,2026,,,,,,0.2219
TotalAnnualMaxCapacityInvestment,OPT,GLOBAL,PWRGEOPRYXX,,,,2027,,,,,,0.2337
TotalAnnualMaxCapacityInvestment,OPT,GLOBAL,PWRGEOPRYXX,,,,2028,,,,,,0.2461
TotalAnnualMaxCapacityInvestment,OPT,GLOBAL,PWRGEOPRYXX,,,,2029,,,,,,0.259
TotalAnnualMaxCapacityInvestment,OPT,GLOBAL,PWRGEOPRYXX,,,,2030,,,,,,0.2725
TotalAnnualMaxCapacityInvestment,OPT,GLOBAL,PWRGEOPRYXX,,,,2031,,,,,,0.2867
TotalAnnualMaxCapacityInvestment,OPT,GLOBAL,PWRGEOPRYXX,,,,2032,,,,,,0.3015
TotalAnnualMaxCapacityInvestment,OPT,GLOBAL,PWRGEOPRYXX,,,,2033,,,,,,0.3171
TotalAnnualMaxCapacityInvestment,OPT,GLOBAL,PWRGEOPRYXX,,,,2034,,,,,,0.3333
TotalAnnualMaxCapacityInvestment,OPT,GLOBAL,PWRGEOPRYXX,,,,2035,,,,,,0.3504
TotalAnnualMaxCapacityInvestment,OPT,GLOBAL,PWRGEOPRYXX,,,,2036,,,,,,0.3697
TotalAnnualMaxCapacityInvestment,OPT,GLOBAL,PWRGEOPRYXX,,,,2037,,,,,,0.3899
TotalAnnualMaxCapacityInvestment,OPT,GLOBAL,PWRGEOPRYXX,,,,2038,,,,,,0.411
TotalAnnualMaxCapacityInvestment,OPT,GLOBAL,PWRGEOPRYXX,,,,2039,,,,,,0.4329
TotalAnnualMaxCapacityInvestment,OPT,GLOBAL,PWRGEOPRYXX,,,,2040,,,,,,0.4557
TotalAnnualMaxCapacityInvestment,OPT,GLOBAL,PWRGEOPRYXX,,,,2041,,,,,,0.4794
TotalAnnualMaxCapacityInvestment,OPT,GLOBAL,PWRGEOPRYXX,,,,2042,,,,,,0.5041
TotalAnnualMaxCapacityInvestment,OPT,GLOBAL,PWRGEOPRYXX,,,,2043,,,,,,0.5298
TotalAnnualMaxCapacityInvestment,OPT,GLOBAL,PWRGEOPRYXX,,,,2044,,,,,,0.5565
TotalAnnualMaxCapacityInvestment,OPT,GLOBAL,PWRGEOPRYXX,,,,2045,,,,,,0.5844
TotalAnnualMaxCapacityInvestment,OPT,GLOBAL,PWRGEOPRYXX,,,,2046,,,,,,0.6133
TotalAnnualMaxCapacityInvestment,OPT,GLOBAL,PWRGEOPRYXX,,,,2047,,,,,,0.6434
TotalAnnualMaxCapacityInvestment,OPT,GLOBAL,PWRGEOPRYXX,,,,2048,,,,,,0.6747
TotalAnnualMaxCapacityInvestment,OPT,GLOBAL,PWRGEOPRYXX,,,,2049,,,,,,0.7073
TotalAnnualMaxCapacityInvestment,OPT,GLOBAL,PWRGEOPRYXX,,,,2050,,,,,,0.7411
TotalAnnualMaxCapacityInvestment,OPT,GLOBAL,PWRWAVDOMXX,,,,2023,,,,,,0.0
TotalAnnualMaxCapacityInvestment,OPT,GLOBAL,PWRWAVDOMXX,,,,2024,,,,,,0.0
TotalAnnualMaxCapacityInvestment,OPT,GLOBAL,PWRWAVDOMXX,,,,2025,,,,,,0.0023
TotalAnnualMaxCapacityInvestment,OPT,GLOBAL,PWRWAVDOMXX,,,,2026,,,,,,0.0
TotalAnnualMaxCapacityInvestment,OPT,GLOBAL,PWRWAVDOMXX,,,,2027,,,,,,0.0
TotalAnnualMaxCapacityInvestment,OPT,GLOBAL,PWRWAVDOMXX,,,,2028,,,,,,0.0
TotalAnnualMaxCapacityInvestment,OPT,GLOBAL,PWRWAVDOMXX,,,,2029,,,,,,0.0
TotalAnnualMaxCapacityInvestment,OPT,GLOBAL,PWRWAVDOMXX,,,,2030,,,,,,0.0
TotalAnnualMaxCapacityInvestment,OPT,GLOBAL,PWRWAVDOMXX,,,,2031,,,,,,0.0
TotalAnnualMaxCapacityInvestment,OPT,GLOBAL,PWRWAVDOMXX,,,,2032,,,,,,0.0
TotalAnnualMaxCapacityInvestment,OPT,GLOBAL,PWRWAVDOMXX,,,,2033,,,,,,0.0
TotalAnnualMaxCapacityInvestment,OPT,GLOBAL,PWRWAVDOMXX,,,,2034,,,,,,0.0
TotalAnnualMaxCapacityInvestment,OPT,GLOBAL,PWRWAVDOMXX,,,,2035,,,,,,0.0
TotalAnnualMaxCapacityInvestment,OPT,GLOBAL,PWRWAVDOMXX,,,,2036,,,,,,0.0
TotalAnnualMaxCapacityInvestment,OPT,GLOBAL,PWRWAVDOMXX,,,,2037,,,,,,0.0
TotalAnnualMaxCapacityInvestment,OPT,GLOBAL,PWRWAVDOMXX,,,,2038,,,,,,0.0
TotalAnnualMaxCapacityInvestment,OPT,GLOBAL,PWRWAVDOMXX,,,,2039,,,,,,0.0
TotalAnnualMaxCapacityInvestment,OPT,GLOBAL,PWRWAVDOMXX,,,,2040,,,,,,0.0
TotalAnnualMaxCapacityInvestment,OPT,GLOBAL,PWRWAVDOMXX,,,,2041,,,,,,0.0
TotalAnnualMaxCapacityInvestment,OPT,GLOBAL,PWRWAVDOMXX,,,,2042,,,,,,0.0
TotalAnnualMaxCapacityInvestment,OPT,GLOBAL,PWRWAVDOMXX,,,,2043,,,,,,0.0
TotalAnnualMaxCapacityInvestment,OPT,GLOBAL,PWRWAVDOMXX,,,,2044,,,,,,0.0
TotalAnnualMaxCapacityInvestment,OPT,GLOBAL,PWRWAVDOMXX,,,,2045,,,,,,0.0
TotalAnnualMaxCapacityInvestment,OPT,GLOBAL,PWRWAVDOMXX,,,,2046,,,,,,0.0
TotalAnnualMaxCapacityInvestment,OPT,GLOBAL,PWRWAVDOMXX,,,,2047,,,,,,0.0
TotalAnnualMaxCapacityInvestment,OPT,GLOBAL,PWRWAVDOMXX,,,,2048,,,,,,0.0
TotalAnnualMaxCapacityInvestment,OPT,GLOBAL,PWRWAVDOMXX,,,,2049,,,,,,0.0
TotalAnnualMaxCapacityInvestment,OPT,GLOBAL,PWRWAVDOMXX,,,,2050,,,,,,0.0
TotalAnnualMaxCapacityInvestment,OPT,GLOBAL,PWRNGSCHLXX,,,,2023,,,,,,0.0
TotalAnnualMaxCapacityInvestment,OPT,GLOBAL,PWRNGSCHLXX,,,,2024,,,,,,0.0
TotalAnnualMaxCapacityInvestment,OPT,GLOBAL,PWRNGSCHLXX,,,,2025,,,,,,0.1037
TotalAnnualMaxCapacityInvestment,OPT,GLOBAL,PWRNGSCHLXX,,,,2026,,,,,,0.1037
TotalAnnualMaxCapacityInvestment,OPT,GLOBAL,PWRNGSCHLXX,,,,2027,,,,,,0.1037
TotalAnnualMaxCapacityInvestment,OPT,GLOBAL,PWRNGSCHLXX,,,,2028,,,,,,0.1037
TotalAnnualMaxCapacityInvestment,OPT,GLOBAL,PWRNGSCHLXX,,,,2029,,,,,,0.1037
TotalAnnualMaxCapacityInvestment,OPT,GLOBAL,PWRNGSCHLXX,,,,2030,,,,,,0.1037
TotalAnnualMaxCapacityInvestment,OPT,GLOBAL,PWRNGSCHLXX,,,,2031,,,,,,0.1037
TotalAnnualMaxCapacityInvestment,OPT,GLOBAL,PWRNGSCHLXX,,,,2032,,,,,,0.1037
TotalAnnualMaxCapacityInvestment,OPT,GLOBAL,PWRNGSCHLXX,,,,2033,,,,,,0.1037
TotalAnnualMaxCapacityInvestment,OPT,GLOBAL,PWRNGSCHLXX,,,,2034,,,,,,0.1037
TotalAnnualMaxCapacityInvestment,OPT,GLOBAL,PWRNGSCHLXX,,,,2035,,,,,,0.1037
TotalAnnualMaxCapacityInvestment,OPT,GLOBAL,PWRNGSCHLXX,,,,2036,,,,,,0.0412
TotalAnnualMaxCapacityInvestment,OPT,GLOBAL,PWRNGSCHLXX,,,,2037,,,,,,0.0412
TotalAnnualMaxCapacityInvestment,OPT,GLOBAL,PWRNGSCHLXX,,,,2038,,,,,,0.0412
TotalAnnualMaxCapacityInvestment,OPT,GLOBAL,PWRNGSCHLXX,,,,2039,,,,,,0.0412
TotalAnnualMaxCapacityInvestment,OPT,GLOBAL,PWRNGSCHLXX,,,,2040,,,,,,0.0412
TotalAnnualMaxCapacityInvestment,OPT,GLOBAL,PWRNGSCHLXX,,,,2041,,,,,,0.0412
TotalAnnualMaxCapacityInvestment,OPT,GLOBAL,PWRNGSCHLXX,,,,2042,,,,,,0.0412
TotalAnnualMaxCapacityInvestment,OPT,GLOBAL,PWRNGSCHLXX,,,,2043,,,,,,0.0412
TotalAnnualMaxCapacityInvestment,OPT,GLOBAL,PWRNGSCHLXX,,,,2044,,,,,,0.0412
TotalAnnualMaxCapacityInvestment,OPT,GLOBAL,PWRNGSCHLXX,,,,2045,,,,,,0.0412
TotalAnnualMaxCapacityInvestment,OPT,GLOBAL,PWRNGSCHLXX,,,,2046,,,,,,0.0412
TotalAnnualMaxCapacityInvestment,OPT,GLOBAL,PWRNGSCHLXX,,,,2047,,,,,,0.0412
TotalAnnualMaxCapacityInvestment,OPT,GLOBAL,PWRNGSCHLXX,,,,2048,,,,,,0.0412
TotalAnnualMaxCapacityInvestment,OPT,GLOBAL,PWRNGSCHLXX,,,,2049,,,,,,0.0412
TotalAnnualMaxCapacityInvestment,OPT,GLOBAL,PWRNGSCHLXX,,,,2050,,,,,,0.0412
TotalAnnualMaxCapacityInvestment,OPT,GLOBAL,PWRCOAMEXXX,,,,2023,,,,,,3.2554
TotalAnnualMaxCapacityInvestment,OPT,GLOBAL,PWRCOAMEXXX,,,,2024,,,,,,3.3531
TotalAnnualMaxCapacityInvestment,OPT,GLOBAL,PWRCOAMEXXX,,,,2025,,,,,,0.0452
TotalAnnualMaxCapacityInvestment,OPT,GLOBAL,PWRCOAMEXXX,,,,2026,,,,,,0.0452
TotalAnnualMaxCapacityInvestment,OPT,GLOBAL,PWRCOAMEXXX,,,,2027,,,,,,0.0452
TotalAnnualMaxCapacityInvestment,OPT,GLOBAL,PWRCOAMEXXX,,,,2028,,,,,,0.0452
TotalAnnualMaxCapacityInvestment,OPT,GLOBAL,PWRCOAMEXXX,,,,2029,,,,,,0.0452
TotalAnnualMaxCapacityInvestment,OPT,GLOBAL,PWRCOAMEXXX,,,,2030,,,,,,0.0452
TotalAnnualMaxCapacityInvestment,OPT,GLOBAL,PWRCOAMEXXX,,,,2031,,,,,,0.0452
TotalAnnualMaxCapacityInvestment,OPT,GLOBAL,PWRCOAMEXXX,,,,2032,,,,,,0.0452
TotalAnnualMaxCapacityInvestment,OPT,GLOBAL,PWRCOAMEXXX,,,,2033,,,,,,0.0452
TotalAnnualMaxCapacityInvestment,OPT,GLOBAL,PWRCOAMEXXX,,,,2034,,,,,,0.0452
TotalAnnualMaxCapacityInvestment,OPT,GLOBAL,PWRCOAMEXXX,,,,2035,,,,,,0.0452
TotalAnnualMaxCapacityInvestment,OPT,GLOBAL,PWRCOAMEXXX,,,,2036,,,,,,0.0
TotalAnnualMaxCapacityInvestment,OPT,GLOBAL,PWRCOAMEXXX,,,,2037,,,,,,0.0
TotalAnnualMaxCapacityInvestment,OPT,GLOBAL,PWRCOAMEXXX,,,,2038,,,,,,0.0
TotalAnnualMaxCapacityInvestment,OPT,GLOBAL,PWRCOAMEXXX,,,,2039,,,,,,0.0
TotalAnnualMaxCapacityInvestment,OPT,GLOBAL,PWRCOAMEXXX,,,,2040,,,,,,0.0
TotalAnnualMaxCapacityInvestment,OPT,GLOBAL,PWRCOAMEXXX,,,,2041,,,,,,0.0
TotalAnnualMaxCapacityInvestment,OPT,GLOBAL,PWRCOAMEXXX,,,,2042,,,,,,0.0
TotalAnnualMaxCapacityInvestment,OPT,GLOBAL,PWRCOAMEXXX,,,,2043,,,,,,0.0
TotalAnnualMaxCapacityInvestment,OPT,GLOBAL,PWRCOAMEXXX,,,,2044,,,,,,0.0
TotalAnnualMaxCapacityInvestment,OPT,GLOBAL,PWRCOAMEXXX,,,,2045,,,,,,0.0
TotalAnnualMaxCapacityInvestment,OPT,GLOBAL,PWRCOAMEXXX,,,,2046,,,,,,0.0
TotalAnnualMaxCapacityInvestment,OPT,GLOBAL,PWRCOAMEXXX,,,,2047,,,,,,0.0
TotalAnnualMaxCapacityInvestment,OPT,GLOBAL,PWRCOAMEXXX,,,,2048,,,,,,0.0
TotalAnnualMaxCapacityInvestment,OPT,GLOBAL,PWRCOAMEXXX,,,,2049,,,,,,0.0
TotalAnnualMaxCapacityInvestment,OPT,GLOBAL,PWRCOAMEXXX,,,,2050,,,,,,0.0
TotalAnnualMaxCapacityInvestment,OPT,GLOBAL,PWRPETARGXX,,,,2023,,,,,,1.7036
TotalAnnualMaxCapacityInvestment,OPT,GLOBAL,PWRPETARGXX,,,,2024,,,,,,1.7186
TotalAnnualMaxCapacityInvestment,OPT,GLOBAL,PWRPETARGXX,,,,2025,,,,,,0.0
TotalAnnualMaxCapacityInvestment,OPT,GLOBAL,PWRPETARGXX,,,,2026,,,,,,0.0
TotalAnnualMaxCapacityInvestment,OPT,GLOBAL,PWRPETARGXX,,,,2027,,,,,,0.0
TotalAnnualMaxCapacityInvestment,OPT,GLOBAL,PWRPETARGXX,,,,2028,,,,,,0.0
TotalAnnualMaxCapacityInvestment,OPT,GLOBAL,PWRPETARGXX,,,,2029,,,,,,0.0
TotalAnnualMaxCapacityInvestment,OPT,GLOBAL,PWRPETARGXX,,,,2030,,,,,,0.0
TotalAnnualMaxCapacityInvestment,OPT,GLOBAL,PWRPETARGXX,,,,2031,,,,,,0.0
TotalAnnualMaxCapacityInvestment,OPT,GLOBAL,PWRPETARGXX,,,,2032,,,,,,0.0
TotalAnnualMaxCapacityInvestment,OPT,GLOBAL,PWRPETARGXX,,,,2033,,,,,,0.0
TotalAnnualMaxCapacityInvestment,OPT,GLOBAL,PWRPETARGXX,,,,2034,,,,,,0.0
TotalAnnualMaxCapacityInvestment,OPT,GLOBAL,PWRPETARGXX,,,,2035,,,,,,0.0
TotalAnnualMaxCapacityInvestment,OPT,GLOBAL,PWRPETARGXX,,,,2036,,,,,,0.0
TotalAnnualMaxCapacityInvestment,OPT,GLOBAL,PWRPETARGXX,,,,2037,,,,,,0.0
TotalAnnualMaxCapacityInvestment,OPT,GLOBAL,PWRPETARGXX,,,,2038,,,,,,0.0
TotalAnnualMaxCapacityInvestment,OPT,GLOBAL,PWRPETARGXX,,,,2039,,,,,,0.0
TotalAnnualMaxCapacityInvestment,OPT,GLOBAL,PWRPETARGXX,,,,2040,,,,,,0.0
TotalAnnualMaxCapacityInvestment,OPT,GLOBAL,PWRPETARGXX,,,,2041,,,,,,0.0
TotalAnnualMaxCapacityInvestment,OPT,GLOBAL,PWRPETARGXX,,,,2042,,,,,,0.0
TotalAnnualMaxCapacityInvestment,OPT,GLOBAL,PWRPETARGXX,,,,2043,,,,,,0.0
TotalAnnualMaxCapacityInvestment,OPT,GLOBAL,PWRPETARGXX,,,,2044,,,,,,0.0
TotalAnnualMaxCapacityInvestment,OPT,GLOBAL,PWRPETARGXX,,,,2045,,,,,,0.0
TotalAnnualMaxCapacityInvestment,OPT,GLOBAL,PWRPETARGXX,,,,2046,,,,,,0.0
TotalAnnualMaxCapacityInvestment,OPT,GLOBAL,PWRPETARGXX,,,,2047,,,,,,0.0
TotalAnnualMaxCapacityInvestment,OPT,GLOBAL,PWRPETARGXX,,,,2048,,,,,,0.0
TotalAnnualMaxCapacityInvestment,OPT,GLOBAL,PWRPETARGXX,,,,2049,,,,,,0.0
TotalAnnualMaxCapacityInvestment,OPT,GLOBAL,PWRPETARGXX,,,,2050,,,,,,0.0
TotalAnnualMaxCapacityInvestment,OPT,GLOBAL,PWRBIOGTMXX,,,,2023,,,,,,0.0334
TotalAnnualMaxCapacityInvestment,OPT,GLOBAL,PWRBIOGTMXX,,,,2024,,,,,,0.0344
TotalAnnualMaxCapacityInvestment,OPT,GLOBAL,PWRBIOGTMXX,,,,2025,,,,,,0.0202
TotalAnnualMaxCapacityInvestment,OPT,GLOBAL,PWRBIOGTMXX,,,,2026,,,,,,0.0202
TotalAnnualMaxCapacityInvestment,OPT,GLOBAL,PWRBIOGTMXX,,,,2027,,,,,,0.0202
TotalAnnualMaxCapacityInvestment,OPT,GLOBAL,PWRBIOGTMXX,,,,2028,,,,,,0.0202
TotalAnnualMaxCapacityInvestment,OPT,GLOBAL,PWRBIOGTMXX,,,,2029,,,,,,0.0202
TotalAnnualMaxCapacityInvestment,OPT,GLOBAL,PWRBIOGTMXX,,,,2030,,,,,,0.0202
TotalAnnualMaxCapacityInvestment,OPT,GLOBAL,PWRBIOGTMXX,,,,2031,,,,,,0.0202
TotalAnnualMaxCapacityInvestment,OPT,GLOBAL,PWRBIOGTMXX,,,,2032,,,,,,0.0202
TotalAnnualMaxCapacityInvestment,OPT,GLOBAL,PWRBIOGTMXX,,,,2033,,,,,,0.0202
TotalAnnualMaxCapacityInvestment,OPT,GLOBAL,PWRBIOGTMXX,,,,2034,,,,,,0.0202
TotalAnnualMaxCapacityInvestment,OPT,GLOBAL,PWRBIOGTMXX,,,,2035,,,,,,0.0202
TotalAnnualMaxCapacityInvestment,OPT,GLOBAL,PWRBIOGTMXX,,,,2036,,,,,,0.0165
TotalAnnualMaxCapacityInvestment,OPT,GLOBAL,PWRBIOGTMXX,,,,2037,,,,,,0.0165
TotalAnnualMaxCapacityInvestment,OPT,GLOBAL,PWRBIOGTMXX,,,,2038,,,,,,0.0165
TotalAnnualMaxCapacityInvestment,OPT,GLOBAL,PWRBIOGTMXX,,,,2039,,,,,,0.0165
TotalAnnualMaxCapacityInvestment,OPT,GLOBAL,PWRBIOGTMXX,,,,2040,,,,,,0.0165
TotalAnnualMaxCapacityInvestment,OPT,GLOBAL,PWRBIOGTMXX,,,,2041,,,,,,0.0165
TotalAnnualMaxCapacityInvestment,OPT,GLOBAL,PWRBIOGTMXX,,,,2042,,,,,,0.0165
TotalAnnualMaxCapacityInvestment,OPT,GLOBAL,PWRBIOGTMXX,,,,2043,,,,,,0.0165
TotalAnnualMaxCapacityInvestment,OPT,GLOBAL,PWRBIOGTMXX,,,,2044,,,,,,0.0165
TotalAnnualMaxCapacityInvestment,OPT,GLOBAL,PWRBIOGTMXX,,,,2045,,,,,,0.0165
TotalAnnualMaxCapacityInvestment,OPT,GLOBAL,PWRBIOGTMXX,,,,2046,,,,,,0.0165
TotalAnnualMaxCapacityInvestment,OPT,GLOBAL,PWRBIOGTMXX,,,,2047,,,,,,0.0165
TotalAnnualMaxCapacityInvestment,OPT,GLOBAL,PWRBIOGTMXX,,,,2048,,,,,,0.0165
TotalAnnualMaxCapacityInvestment,OPT,GLOBAL,PWRBIOGTMXX,,,,2049,,,,,,0.0165
TotalAnnualMaxCapacityInvestment,OPT,GLOBAL,PWRBIOGTMXX,,,,2050,,,,,,0.0165
TotalAnnualMaxCapacityInvestment,OPT,GLOBAL,PWRPETECUXX,,,,2023,,,,,,0.3228
TotalAnnualMaxCapacityInvestment,OPT,GLOBAL,PWRPETECUXX,,,,2024,,,,,,0.404
TotalAnnualMaxCapacityInvestment,OPT,GLOBAL,PWRPETECUXX,,,,2025,,,,,,0.303
TotalAnnualMaxCapacityInvestment,OPT,GLOBAL,PWRPETECUXX,,,,2026,,,,,,0.3
TotalAnnualMaxCapacityInvestment,OPT,GLOBAL,PWRPETECUXX,,,,2027,,,,,,0.3
TotalAnnualMaxCapacityInvestment,OPT,GLOBAL,PWRPETECUXX,,,,2028,,,,,,0.606
TotalAnnualMaxCapacityInvestment,OPT,GLOBAL,PWRPETECUXX,,,,2029,,,,,,0.3
TotalAnnualMaxCapacityInvestment,OPT,GLOBAL,PWRPETECUXX,,,,2030,,,,,,0.3
TotalAnnualMaxCapacityInvestment,OPT,GLOBAL,PWRPETECUXX,,,,2031,,,,,,0.3
TotalAnnualMaxCapacityInvestment,OPT,GLOBAL,PWRPETECUXX,,,,2032,,,,,,0.3
TotalAnnualMaxCapacityInvestment,OPT,GLOBAL,PWRPETECUXX,,,,2033,,,,,,0.3
TotalAnnualMaxCapacityInvestment,OPT,GLOBAL,PWRPETECUXX,,,,2034,,,,,,0.3
TotalAnnualMaxCapacityInvestment,OPT,GLOBAL,PWRPETECUXX,,,,2035,,,,,,0.3
TotalAnnualMaxCapacityInvestment,OPT,GLOBAL,PWRPETECUXX,,,,2036,,,,,,0.0
TotalAnnualMaxCapacityInvestment,OPT,GLOBAL,PWRPETECUXX,,,,2037,,,,,,0.0
TotalAnnualMaxCapacityInvestment,OPT,GLOBAL,PWRPETECUXX,,,,2038,,,,,,0.0
TotalAnnualMaxCapacityInvestment,OPT,GLOBAL,PWRPETECUXX,,,,2039,,,,,,0.0
TotalAnnualMaxCapacityInvestment,OPT,GLOBAL,PWRPETECUXX,,,,2040,,,,,,0.0
TotalAnnualMaxCapacityInvestment,OPT,GLOBAL,PWRPETECUXX,,,,2041,,,,,,0.0
TotalAnnualMaxCapacityInvestment,OPT,GLOBAL,PWRPETECUXX,,,,2042,,,,,,0.0
TotalAnnualMaxCapacityInvestment,OPT,GLOBAL,PWRPETECUXX,,,,2043,,,,,,0.0
TotalAnnualMaxCapacityInvestment,OPT,GLOBAL,PWRPETECUXX,,,,2044,,,,,,0.0
TotalAnnualMaxCapacityInvestment,OPT,GLOBAL,PWRPETECUXX,,,,2045,,,,,,0.0
TotalAnnualMaxCapacityInvestment,OPT,GLOBAL,PWRPETECUXX,,,,2046,,,,,,0.0
TotalAnnualMaxCapacityInvestment,OPT,GLOBAL,PWRPETECUXX,,,,2047,,,,,,0.0
TotalAnnualMaxCapacityInvestment,OPT,GLOBAL,PWRPETECUXX,,,,2048,,,,,,0.0
TotalAnnualMaxCapacityInvestment,OPT,GLOBAL,PWRPETECUXX,,,,2049,,,,,,0.0
TotalAnnualMaxCapacityInvestment,OPT,GLOBAL,PWRPETECUXX,,,,2050,,,,,,0.0
TotalAnnualMaxCapacityInvestment,OPT,GLOBAL,PWROILGTMXX,,,,2023,,,,,,0.1252
TotalAnnualMaxCapacityInvestment,OPT,GLOBAL,PWROILGTMXX,,,,2024,,,,,,0.129
TotalAnnualMaxCapacityInvestment,OPT,GLOBAL,PWROILGTMXX,,,,2025,,,,,,0.0
TotalAnnualMaxCapacityInvestment,OPT,GLOBAL,PWROILGTMXX,,,,2026,,,,,,0.0
TotalAnnualMaxCapacityInvestment,OPT,GLOBAL,PWROILGTMXX,,,,2027,,,,,,0.0
TotalAnnualMaxCapacityInvestment,OPT,GLOBAL,PWROILGTMXX,,,,2028,,,,,,0.0
TotalAnnualMaxCapacityInvestment,OPT,GLOBAL,PWROILGTMXX,,,,2029,,,,,,0.0
TotalAnnualMaxCapacityInvestment,OPT,GLOBAL,PWROILGTMXX,,,,2030,,,,,,0.0
TotalAnnualMaxCapacityInvestment,OPT,GLOBAL,PWROILGTMXX,,,,2031,,,,,,0.0
TotalAnnualMaxCapacityInvestment,OPT,GLOBAL,PWROILGTMXX,,,,2032,,,,,,0.0
TotalAnnualMaxCapacityInvestment,OPT,GLOBAL,PWROILGTMXX,,,,2033,,,,,,0.0
TotalAnnualMaxCapacityInvestment,OPT,GLOBAL,PWROILGTMXX,,,,2034,,,,,,0.0
TotalAnnualMaxCapacityInvestment,OPT,GLOBAL,PWROILGTMXX,,,,2035,,,,,,0.0
TotalAnnualMaxCapacityInvestment,OPT,GLOBAL,PWROILGTMXX,,,,2036,,,,,,0.0
TotalAnnualMaxCapacityInvestment,OPT,GLOBAL,PWROILGTMXX,,,,2037,,,,,,0.0
TotalAnnualMaxCapacityInvestment,OPT,GLOBAL,PWROILGTMXX,,,,2038,,,,,,0.0
TotalAnnualMaxCapacityInvestment,OPT,GLOBAL,PWROILGTMXX,,,,2039,,,,,,0.0
TotalAnnualMaxCapacityInvestment,OPT,GLOBAL,PWROILGTMXX,,,,2040,,,,,,0.0
TotalAnnualMaxCapacityInvestment,OPT,GLOBAL,PWROILGTMXX,,,,2041,,,,,,0.0
TotalAnnualMaxCapacityInvestment,OPT,GLOBAL,PWROILGTMXX,,,,2042,,,,,,0.0
TotalAnnualMaxCapacityInvestment,OPT,GLOBAL,PWROILGTMXX,,,,2043,,,,,,0.0
TotalAnnualMaxCapacityInvestment,OPT,GLOBAL,PWROILGTMXX,,,,2044,,,,,,0.0
TotalAnnualMaxCapacityInvestment,OPT,GLOBAL,PWROILGTMXX,,,,2045,,,,,,0.0
TotalAnnualMaxCapacityInvestment,OPT,GLOBAL,PWROILGTMXX,,,,2046,,,,,,0.0
TotalAnnualMaxCapacityInvestment,OPT,GLOBAL,PWROILGTMXX,,,,2047,,,,,,0.0
TotalAnnualMaxCapacityInvestment,OPT,GLOBAL,PWROILGTMXX,,,,2048,,,,,,0.0
TotalAnnualMaxCapacityInvestment,OPT,GLOBAL,PWROILGTMXX,,,,2049,,,,,,0.0
TotalAnnualMaxCapacityInvestment,OPT,GLOBAL,PWROILGTMXX,,,,2050,,,,,,0.0
TotalAnnualMaxCapacityInvestment,OPT,GLOBAL,PWROTHBRAXX,,,,2023,,,,,,0.0
TotalAnnualMaxCapacityInvestment,OPT,GLOBAL,PWROTHBRAXX,,,,2024,,,,,,0.0
TotalAnnualMaxCapacityInvestment,OPT,GLOBAL,PWROTHBRAXX,,,,2025,,,,,,0.0
TotalAnnualMaxCapacityInvestment,OPT,GLOBAL,PWROTHBRAXX,,,,2026,,,,,,0.0
TotalAnnualMaxCapacityInvestment,OPT,GLOBAL,PWROTHBRAXX,,,,2027,,,,,,0.0
TotalAnnualMaxCapacityInvestment,OPT,GLOBAL,PWROTHBRAXX,,,,2028,,,,,,0.0
TotalAnnualMaxCapacityInvestment,OPT,GLOBAL,PWROTHBRAXX,,,,2029,,,,,,0.0
TotalAnnualMaxCapacityInvestment,OPT,GLOBAL,PWROTHBRAXX,,,,2030,,,,,,0.0
TotalAnnualMaxCapacityInvestment,OPT,GLOBAL,PWROTHBRAXX,,,,2031,,,,,,0.0
TotalAnnualMaxCapacityInvestment,OPT,GLOBAL,PWROTHBRAXX,,,,2032,,,,,,0.0
TotalAnnualMaxCapacityInvestment,OPT,GLOBAL,PWROTHBRAXX,,,,2033,,,,,,0.0
TotalAnnualMaxCapacityInvestment,OPT,GLOBAL,PWROTHBRAXX,,,,2034,,,,,,0.0
TotalAnnualMaxCapacityInvestment,OPT,GLOBAL,PWROTHBRAXX,,,,2035,,,,,,0.0
TotalAnnualMaxCapacityInvestment,OPT,GLOBAL,PWROTHBRAXX,,,,2036,,,,,,0.0
TotalAnnualMaxCapacityInvestment,OPT,GLOBAL,PWROTHBRAXX,,,,2037,,,,,,0.0
TotalAnnualMaxCapacityInvestment,OPT,GLOBAL,PWROTHBRAXX,,,,2038,,,,,,0.0
TotalAnnualMaxCapacityInvestment,OPT,GLOBAL,PWROTHBRAXX,,,,2039,,,,,,0.0
TotalAnnualMaxCapacityInvestment,OPT,GLOBAL,PWROTHBRAXX,,,,2040,,,,,,0.0
TotalAnnualMaxCapacityInvestment,OPT,GLOBAL,PWROTHBRAXX,,,,2041,,,,,,0.0
TotalAnnualMaxCapacityInvestment,OPT,GLOBAL,PWROTHBRAXX,,,,2042,,,,,,0.0
TotalAnnualMaxCapacityInvestment,OPT,GLOBAL,PWROTHBRAXX,,,,2043,,,,,,0.0
TotalAnnualMaxCapacityInvestment,OPT,GLOBAL,PWROTHBRAXX,,,,2044,,,,,,0.0
TotalAnnualMaxCapacityInvestment,OPT,GLOBAL,PWROTHBRAXX,,,,2045,,,,,,0.0
TotalAnnualMaxCapacityInvestment,OPT,GLOBAL,PWROTHBRAXX,,,,2046,,,,,,0.0
TotalAnnualMaxCapacityInvestment,OPT,GLOBAL,PWROTHBRAXX,,,,2047,,,,,,0.0
TotalAnnualMaxCapacityInvestment,OPT,GLOBAL,PWROTHBRAXX,,,,2048,,,,,,0.0
TotalAnnualMaxCapacityInvestment,OPT,GLOBAL,PWROTHBRAXX,,,,2049,,,,,,0.0
TotalAnnualMaxCapacityInvestment,OPT,GLOBAL,PWROTHBRAXX,,,,2050,,,,,,0.0
TotalAnnualMaxCapacityInvestment,OPT,GLOBAL,PWRWASMEXXX,,,,2023,,,,,,3.2554
TotalAnnualMaxCapacityInvestment,OPT,GLOBAL,PWRWASMEXXX,,,,2024,,,,,,3.3531
TotalAnnualMaxCapacityInvestment,OPT,GLOBAL,PWRWASMEXXX,,,,2025,,,,,,0.0456
TotalAnnualMaxCapacityInvestment,OPT,GLOBAL,PWRWASMEXXX,,,,2026,,,,,,0.0456
TotalAnnualMaxCapacityInvestment,OPT,GLOBAL,PWRWASMEXXX,,,,2027,,,,,,0.0456
TotalAnnualMaxCapacityInvestment,OPT,GLOBAL,PWRWASMEXXX,,,,2028,,,,,,0.0456
TotalAnnualMaxCapacityInvestment,OPT,GLOBAL,PWRWASMEXXX,,,,2029,,,,,,0.0456
TotalAnnualMaxCapacityInvestment,OPT,GLOBAL,PWRWASMEXXX,,,,2030,,,,,,0.0456
TotalAnnualMaxCapacityInvestment,OPT,GLOBAL,PWRWASMEXXX,,,,2031,,,,,,0.0456
TotalAnnualMaxCapacityInvestment,OPT,GLOBAL,PWRWASMEXXX,,,,2032,,,,,,0.0456
TotalAnnualMaxCapacityInvestment,OPT,GLOBAL,PWRWASMEXXX,,,,2033,,,,,,0.0456
TotalAnnualMaxCapacityInvestment,OPT,GLOBAL,PWRWASMEXXX,,,,2034,,,,,,0.0456
TotalAnnualMaxCapacityInvestment,OPT,GLOBAL,PWRWASMEXXX,,,,2035,,,,,,0.0456
TotalAnnualMaxCapacityInvestment,OPT,GLOBAL,PWRWASMEXXX,,,,2036,,,,,,0.0373
TotalAnnualMaxCapacityInvestment,OPT,GLOBAL,PWRWASMEXXX,,,,2037,,,,,,0.0373
TotalAnnualMaxCapacityInvestment,OPT,GLOBAL,PWRWASMEXXX,,,,2038,,,,,,0.0373
TotalAnnualMaxCapacityInvestment,OPT,GLOBAL,PWRWASMEXXX,,,,2039,,,,,,0.0373
TotalAnnualMaxCapacityInvestment,OPT,GLOBAL,PWRWASMEXXX,,,,2040,,,,,,0.0373
TotalAnnualMaxCapacityInvestment,OPT,GLOBAL,PWRWASMEXXX,,,,2041,,,,,,0.0373
TotalAnnualMaxCapacityInvestment,OPT,GLOBAL,PWRWASMEXXX,,,,2042,,,,,,0.0373
TotalAnnualMaxCapacityInvestment,OPT,GLOBAL,PWRWASMEXXX,,,,2043,,,,,,0.0373
TotalAnnualMaxCapacityInvestment,OPT,GLOBAL,PWRWASMEXXX,,,,2044,,,,,,0.0373
TotalAnnualMaxCapacityInvestment,OPT,GLOBAL,PWRWASMEXXX,,,,2045,,,,,,0.0373
TotalAnnualMaxCapacityInvestment,OPT,GLOBAL,PWRWASMEXXX,,,,2046,,,,,,0.0373
TotalAnnualMaxCapacityInvestment,OPT,GLOBAL,PWRWASMEXXX,,,,2047,,,,,,0.0373
TotalAnnualMaxCapacityInvestment,OPT,GLOBAL,PWRWASMEXXX,,,,2048,,,,,,0.0373
TotalAnnualMaxCapacityInvestment,OPT,GLOBAL,PWRWASMEXXX,,,,2049,,,,,,0.0373
TotalAnnualMaxCapacityInvestment,OPT,GLOBAL,PWRWASMEXXX,,,,2050,,,,,,0.0373
TotalAnnualMaxCapacityInvestment,OPT,GLOBAL,PWRWAVPRYXX,,,,2023,,,,,,0.0
TotalAnnualMaxCapacityInvestment,OPT,GLOBAL,PWRWAVPRYXX,,,,2024,,,,,,0.0
TotalAnnualMaxCapacityInvestment,OPT,GLOBAL,PWRWAVPRYXX,,,,2025,,,,,,0.0
TotalAnnualMaxCapacityInvestment,OPT,GLOBAL,PWRWAVPRYXX,,,,2026,,,,,,0.0
TotalAnnualMaxCapacityInvestment,OPT,GLOBAL,PWRWAVPRYXX,,,,2027,,,,,,0.0
TotalAnnualMaxCapacityInvestment,OPT,GLOBAL,PWRWAVPRYXX,,,,2028,,,,,,0.0
TotalAnnualMaxCapacityInvestment,OPT,GLOBAL,PWRWAVPRYXX,,,,2029,,,,,,0.0
TotalAnnualMaxCapacityInvestment,OPT,GLOBAL,PWRWAVPRYXX,,,,2030,,,,,,0.0
TotalAnnualMaxCapacityInvestment,OPT,GLOBAL,PWRWAVPRYXX,,,,2031,,,,,,0.0
TotalAnnualMaxCapacityInvestment,OPT,GLOBAL,PWRWAVPRYXX,,,,2032,,,,,,0.0
TotalAnnualMaxCapacityInvestment,OPT,GLOBAL,PWRWAVPRYXX,,,,2033,,,,,,0.0
TotalAnnualMaxCapacityInvestment,OPT,GLOBAL,PWRWAVPRYXX,,,,2034,,,,,,0.0
TotalAnnualMaxCapacityInvestment,OPT,GLOBAL,PWRWAVPRYXX,,,,2035,,,,,,0.0
TotalAnnualMaxCapacityInvestment,OPT,GLOBAL,PWRWAVPRYXX,,,,2036,,,,,,0.0
TotalAnnualMaxCapacityInvestment,OPT,GLOBAL,PWRWAVPRYXX,,,,2037,,,,,,0.0
TotalAnnualMaxCapacityInvestment,OPT,GLOBAL,PWRWAVPRYXX,,,,2038,,,,,,0.0
TotalAnnualMaxCapacityInvestment,OPT,GLOBAL,PWRWAVPRYXX,,,,2039,,,,,,0.0
TotalAnnualMaxCapacityInvestment,OPT,GLOBAL,PWRWAVPRYXX,,,,2040,,,,,,0.0
TotalAnnualMaxCapacityInvestment,OPT,GLOBAL,PWRWAVPRYXX,,,,2041,,,,,,0.0
TotalAnnualMaxCapacityInvestment,OPT,GLOBAL,PWRWAVPRYXX,,,,2042,,,,,,0.0
TotalAnnualMaxCapacityInvestment,OPT,GLOBAL,PWRWAVPRYXX,,,,2043,,,,,,0.0
TotalAnnualMaxCapacityInvestment,OPT,GLOBAL,PWRWAVPRYXX,,,,2044,,,,,,0.0
TotalAnnualMaxCapacityInvestment,OPT,GLOBAL,PWRWAVPRYXX,,,,2045,,,,,,0.0
TotalAnnualMaxCapacityInvestment,OPT,GLOBAL,PWRWAVPRYXX,,,,2046,,,,,,0.0
TotalAnnualMaxCapacityInvestment,OPT,GLOBAL,PWRWAVPRYXX,,,,2047,,,,,,0.0
TotalAnnualMaxCapacityInvestment,OPT,GLOBAL,PWRWAVPRYXX,,,,2048,,,,,,0.0
TotalAnnualMaxCapacityInvestment,OPT,GLOBAL,PWRWAVPRYXX,,,,2049,,,,,,0.0
TotalAnnualMaxCapacityInvestment,OPT,GLOBAL,PWRWAVPRYXX,,,,2050,,,,,,0.0
TotalAnnualMaxCapacityInvestment,OPT,GLOBAL,PWRSPVHTIXX,,,,2023,,,,,,0.0045
TotalAnnualMaxCapacityInvestment,OPT,GLOBAL,PWRSPVHTIXX,,,,2024,,,,,,0.0048
TotalAnnualMaxCapacityInvestment,OPT,GLOBAL,PWRSPVHTIXX,,,,2025,,,,,,0.0089
TotalAnnualMaxCapacityInvestment,OPT,GLOBAL,PWRSPVHTIXX,,,,2026,,,,,,0.0089
TotalAnnualMaxCapacityInvestment,OPT,GLOBAL,PWRSPVHTIXX,,,,2027,,,,,,0.0089
TotalAnnualMaxCapacityInvestment,OPT,GLOBAL,PWRSPVHTIXX,,,,2028,,,,,,0.0089
TotalAnnualMaxCapacityInvestment,OPT,GLOBAL,PWRSPVHTIXX,,,,2029,,,,,,0.0089
TotalAnnualMaxCapacityInvestment,OPT,GLOBAL,PWRSPVHTIXX,,,,2030,,,,,,0.0089
TotalAnnualMaxCapacityInvestment,OPT,GLOBAL,PWRSPVHTIXX,,,,2031,,,,,,0.0089
TotalAnnualMaxCapacityInvestment,OPT,GLOBAL,PWRSPVHTIXX,,,,2032,,,,,,0.0089
TotalAnnualMaxCapacityInvestment,OPT,GLOBAL,PWRSPVHTIXX,,,,2033,,,,,,0.0089
TotalAnnualMaxCapacityInvestment,OPT,GLOBAL,PWRSPVHTIXX,,,,2034,,,,,,0.0089
TotalAnnualMaxCapacityInvestment,OPT,GLOBAL,PWRSPVHTIXX,,,,2035,,,,,,0.0089
TotalAnnualMaxCapacityInvestment,OPT,GLOBAL,PWRSPVHTIXX,,,,2036,,,,,,0.0072
TotalAnnualMaxCapacityInvestment,OPT,GLOBAL,PWRSPVHTIXX,,,,2037,,,,,,0.0072
TotalAnnualMaxCapacityInvestment,OPT,GLOBAL,PWRSPVHTIXX,,,,2038,,,,,,0.0072
TotalAnnualMaxCapacityInvestment,OPT,GLOBAL,PWRSPVHTIXX,,,,2039,,,,,,0.0072
TotalAnnualMaxCapacityInvestment,OPT,GLOBAL,PWRSPVHTIXX,,,,2040,,,,,,0.0072
TotalAnnualMaxCapacityInvestment,OPT,GLOBAL,PWRSPVHTIXX,,,,2041,,,,,,0.0072
TotalAnnualMaxCapacityInvestment,OPT,GLOBAL,PWRSPVHTIXX,,,,2042,,,,,,0.0072
TotalAnnualMaxCapacityInvestment,OPT,GLOBAL,PWRSPVHTIXX,,,,2043,,,,,,0.0072
TotalAnnualMaxCapacityInvestment,OPT,GLOBAL,PWRSPVHTIXX,,,,2044,,,,,,0.0072
TotalAnnualMaxCapacityInvestment,OPT,GLOBAL,PWRSPVHTIXX,,,,2045,,,,,,0.0072
TotalAnnualMaxCapacityInvestment,OPT,GLOBAL,PWRSPVHTIXX,,,,2046,,,,,,0.0072
TotalAnnualMaxCapacityInvestment,OPT,GLOBAL,PWRSPVHTIXX,,,,2047,,,,,,0.0072
TotalAnnualMaxCapacityInvestment,OPT,GLOBAL,PWRSPVHTIXX,,,,2048,,,,,,0.0072
TotalAnnualMaxCapacityInvestment,OPT,GLOBAL,PWRSPVHTIXX,,,,2049,,,,,,0.0072
TotalAnnualMaxCapacityInvestment,OPT,GLOBAL,PWRSPVHTIXX,,,,2050,,,,,,0.0072
TotalAnnualMaxCapacityInvestment,OPT,GLOBAL,PWRCOAPERXX,,,,2023,,,,,,0.5889
TotalAnnualMaxCapacityInvestment,OPT,GLOBAL,PWRCOAPERXX,,,,2024,,,,,,0.6141
TotalAnnualMaxCapacityInvestment,OPT,GLOBAL,PWRCOAPERXX,,,,2025,,,,,,0.0001
TotalAnnualMaxCapacityInvestment,OPT,GLOBAL,PWRCOAPERXX,,,,2026,,,,,,0.0001
TotalAnnualMaxCapacityInvestment,OPT,GLOBAL,PWRCOAPERXX,,,,2027,,,,,,0.0001
TotalAnnualMaxCapacityInvestment,OPT,GLOBAL,PWRCOAPERXX,,,,2028,,,,,,0.0001
TotalAnnualMaxCapacityInvestment,OPT,GLOBAL,PWRCOAPERXX,,,,2029,,,,,,0.0001
TotalAnnualMaxCapacityInvestment,OPT,GLOBAL,PWRCOAPERXX,,,,2030,,,,,,0.0001
TotalAnnualMaxCapacityInvestment,OPT,GLOBAL,PWRCOAPERXX,,,,2031,,,,,,0.0001
TotalAnnualMaxCapacityInvestment,OPT,GLOBAL,PWRCOAPERXX,,,,2032,,,,,,0.0001
TotalAnnualMaxCapacityInvestment,OPT,GLOBAL,PWRCOAPERXX,,,,2033,,,,,,0.0001
TotalAnnualMaxCapacityInvestment,OPT,GLOBAL,PWRCOAPERXX,,,,2034,,,,,,0.0001
TotalAnnualMaxCapacityInvestment,OPT,GLOBAL,PWRCOAPERXX,,,,2035,,,,,,0.0001
TotalAnnualMaxCapacityInvestment,OPT,GLOBAL,PWRCOAPERXX,,,,2036,,,,,,0.0
TotalAnnualMaxCapacityInvestment,OPT,GLOBAL,PWRCOAPERXX,,,,2037,,,,,,0.0
TotalAnnualMaxCapacityInvestment,OPT,GLOBAL,PWRCOAPERXX,,,,2038,,,,,,0.0
TotalAnnualMaxCapacityInvestment,OPT,GLOBAL,PWRCOAPERXX,,,,2039,,,,,,0.0
TotalAnnualMaxCapacityInvestment,OPT,GLOBAL,PWRCOAPERXX,,,,2040,,,,,,0.0
TotalAnnualMaxCapacityInvestment,OPT,GLOBAL,PWRCOAPERXX,,,,2041,,,,,,0.0
TotalAnnualMaxCapacityInvestment,OPT,GLOBAL,PWRCOAPERXX,,,,2042,,,,,,0.0
TotalAnnualMaxCapacityInvestment,OPT,GLOBAL,PWRCOAPERXX,,,,2043,,,,,,0.0
TotalAnnualMaxCapacityInvestment,OPT,GLOBAL,PWRCOAPERXX,,,,2044,,,,,,0.0
TotalAnnualMaxCapacityInvestment,OPT,GLOBAL,PWRCOAPERXX,,,,2045,,,,,,0.0
TotalAnnualMaxCapacityInvestment,OPT,GLOBAL,PWRCOAPERXX,,,,2046,,,,,,0.0
TotalAnnualMaxCapacityInvestment,OPT,GLOBAL,PWRCOAPERXX,,,,2047,,,,,,0.0
TotalAnnualMaxCapacityInvestment,OPT,GLOBAL,PWRCOAPERXX,,,,2048,,,,,,0.0
TotalAnnualMaxCapacityInvestment,OPT,GLOBAL,PWRCOAPERXX,,,,2049,,,,,,0.0
TotalAnnualMaxCapacityInvestment,OPT,GLOBAL,PWRCOAPERXX,,,,2050,,,,,,0.0
TotalAnnualMaxCapacityInvestment,OPT,GLOBAL,PWRWONARGXX,,,,2023,,,,,,0.3961
TotalAnnualMaxCapacityInvestment,OPT,GLOBAL,PWRWONARGXX,,,,2024,,,,,,0.614
TotalAnnualMaxCapacityInvestment,OPT,GLOBAL,PWRWONARGXX,,,,2025,,,,,,0.561
TotalAnnualMaxCapacityInvestment,OPT,GLOBAL,PWRWONARGXX,,,,2026,,,,,,0.6341
TotalAnnualMaxCapacityInvestment,OPT,GLOBAL,PWRWONARGXX,,,,2027,,,,,,0.7118
TotalAnnualMaxCapacityInvestment,OPT,GLOBAL,PWRWONARGXX,,,,2028,,,,,,0.793
TotalAnnualMaxCapacityInvestment,OPT,GLOBAL,PWRWONARGXX,,,,2029,,,,,,0.876
TotalAnnualMaxCapacityInvestment,OPT,GLOBAL,PWRWONARGXX,,,,2030,,,,,,0.9588
TotalAnnualMaxCapacityInvestment,OPT,GLOBAL,PWRWONARGXX,,,,2031,,,,,,1.0391
TotalAnnualMaxCapacityInvestment,OPT,GLOBAL,PWRWONARGXX,,,,2032,,,,,,1.1141
TotalAnnualMaxCapacityInvestment,OPT,GLOBAL,PWRWONARGXX,,,,2033,,,,,,1.1811
TotalAnnualMaxCapacityInvestment,OPT,GLOBAL,PWRWONARGXX,,,,2034,,,,,,1.2372
TotalAnnualMaxCapacityInvestment,OPT,GLOBAL,PWRWONARGXX,,,,2035,,,,,,1.2802
TotalAnnualMaxCapacityInvestment,OPT,GLOBAL,PWRWONARGXX,,,,2036,,,,,,1.308
TotalAnnualMaxCapacityInvestment,OPT,GLOBAL,PWRWONARGXX,,,,2037,,,,,,1.3193
TotalAnnualMaxCapacityInvestment,OPT,GLOBAL,PWRWONARGXX,,,,2038,,,,,,1.3138
TotalAnnualMaxCapacityInvestment,OPT,GLOBAL,PWRWONARGXX,,,,2039,,,,,,1.2919
TotalAnnualMaxCapacityInvestment,OPT,GLOBAL,PWRWONARGXX,,,,2040,,,,,,1.2548
TotalAnnualMaxCapacityInvestment,OPT,GLOBAL,PWRWONARGXX,,,,2041,,,,,,1.2043
TotalAnnualMaxCapacityInvestment,OPT,GLOBAL,PWRWONARGXX,,,,2042,,,,,,1.1428
TotalAnnualMaxCapacityInvestment,OPT,GLOBAL,PWRWONARGXX,,,,2043,,,,,,1.073
TotalAnnualMaxCapacityInvestment,OPT,GLOBAL,PWRWONARGXX,,,,2044,,,,,,0.9974
TotalAnnualMaxCapacityInvestment,OPT,GLOBAL,PWRWONARGXX,,,,2045,,,,,,0.9188
TotalAnnualMaxCapacityInvestment,OPT,GLOBAL,PWRWONARGXX,,,,2046,,,,,,0.8392
TotalAnnualMaxCapacityInvestment,OPT,GLOBAL,PWRWONARGXX,,,,2047,,,,,,0.7607
TotalAnnualMaxCapacityInvestment,OPT,GLOBAL,PWRWONARGXX,,,,2048,,,,,,0.734
TotalAnnualMaxCapacityInvestment,OPT,GLOBAL,PWRWONARGXX,,,,2049,,,,,,0.734
TotalAnnualMaxCapacityInvestment,OPT,GLOBAL,PWRWONARGXX,,,,2050,,,,,,0.734
TotalAnnualMaxCapacityInvestment,OPT,GLOBAL,PWRBIOARGXX,,,,2023,,,,,,0.4543
TotalAnnualMaxCapacityInvestment,OPT,GLOBAL,PWRBIOARGXX,,,,2024,,,,,,0.4583
TotalAnnualMaxCapacityInvestment,OPT,GLOBAL,PWRBIOARGXX,,,,2025,,,,,,0.0198
TotalAnnualMaxCapacityInvestment,OPT,GLOBAL,PWRBIOARGXX,,,,2026,,,,,,0.0198
TotalAnnualMaxCapacityInvestment,OPT,GLOBAL,PWRBIOARGXX,,,,2027,,,,,,0.0198
TotalAnnualMaxCapacityInvestment,OPT,GLOBAL,PWRBIOARGXX,,,,2028,,,,,,0.0198
TotalAnnualMaxCapacityInvestment,OPT,GLOBAL,PWRBIOARGXX,,,,2029,,,,,,0.0198
TotalAnnualMaxCapacityInvestment,OPT,GLOBAL,PWRBIOARGXX,,,,2030,,,,,,0.0198
TotalAnnualMaxCapacityInvestment,OPT,GLOBAL,PWRBIOARGXX,,,,2031,,,,,,0.0198
TotalAnnualMaxCapacityInvestment,OPT,GLOBAL,PWRBIOARGXX,,,,2032,,,,,,0.0198
TotalAnnualMaxCapacityInvestment,OPT,GLOBAL,PWRBIOARGXX,,,,2033,,,,,,0.0198
TotalAnnualMaxCapacityInvestment,OPT,GLOBAL,PWRBIOARGXX,,,,2034,,,,,,0.0198
TotalAnnualMaxCapacityInvestment,OPT,GLOBAL,PWRBIOARGXX,,,,2035,,,,,,0.0198
TotalAnnualMaxCapacityInvestment,OPT,GLOBAL,PWRBIOARGXX,,,,2036,,,,,,0.0162
TotalAnnualMaxCapacityInvestment,OPT,GLOBAL,PWRBIOARGXX,,,,2037,,,,,,0.0162
TotalAnnualMaxCapacityInvestment,OPT,GLOBAL,PWRBIOARGXX,,,,2038,,,,,,0.0162
TotalAnnualMaxCapacityInvestment,OPT,GLOBAL,PWRBIOARGXX,,,,2039,,,,,,0.0162
TotalAnnualMaxCapacityInvestment,OPT,GLOBAL,PWRBIOARGXX,,,,2040,,,,,,0.0363
TotalAnnualMaxCapacityInvestment,OPT,GLOBAL,PWRBIOARGXX,,,,2041,,,,,,0.0363
TotalAnnualMaxCapacityInvestment,OPT,GLOBAL,PWRBIOARGXX,,,,2042,,,,,,0.0363
TotalAnnualMaxCapacityInvestment,OPT,GLOBAL,PWRBIOARGXX,,,,2043,,,,,,0.0363
TotalAnnualMaxCapacityInvestment,OPT,GLOBAL,PWRBIOARGXX,,,,2044,,,,,,0.0363
TotalAnnualMaxCapacityInvestment,OPT,GLOBAL,PWRBIOARGXX,,,,2045,,,,,,0.0363
TotalAnnualMaxCapacityInvestment,OPT,GLOBAL,PWRBIOARGXX,,,,2046,,,,,,0.0363
TotalAnnualMaxCapacityInvestment,OPT,GLOBAL,PWRBIOARGXX,,,,2047,,,,,,0.0363
TotalAnnualMaxCapacityInvestment,OPT,GLOBAL,PWRBIOARGXX,,,,2048,,,,,,0.0363
TotalAnnualMaxCapacityInvestment,OPT,GLOBAL,PWRBIOARGXX,,,,2049,,,,,,0.0363
TotalAnnualMaxCapacityInvestment,OPT,GLOBAL,PWRBIOARGXX,,,,2050,,,,,,0.0363
TotalAnnualMaxCapacityInvestment,OPT,GLOBAL,PWRHYDURYXX,,,,2023,,,,,,0.0288
TotalAnnualMaxCapacityInvestment,OPT,GLOBAL,PWRHYDURYXX,,,,2024,,,,,,0.0294
TotalAnnualMaxCapacityInvestment,OPT,GLOBAL,PWRHYDURYXX,,,,2025,,,,,,0.0
TotalAnnualMaxCapacityInvestment,OPT,GLOBAL,PWRHYDURYXX,,,,2026,,,,,,0.0
TotalAnnualMaxCapacityInvestment,OPT,GLOBAL,PWRHYDURYXX,,,,2027,,,,,,0.0
TotalAnnualMaxCapacityInvestment,OPT,GLOBAL,PWRHYDURYXX,,,,2028,,,,,,0.0
TotalAnnualMaxCapacityInvestment,OPT,GLOBAL,PWRHYDURYXX,,,,2029,,,,,,0.0
TotalAnnualMaxCapacityInvestment,OPT,GLOBAL,PWRHYDURYXX,,,,2030,,,,,,0.0
TotalAnnualMaxCapacityInvestment,OPT,GLOBAL,PWRHYDURYXX,,,,2031,,,,,,0.0
TotalAnnualMaxCapacityInvestment,OPT,GLOBAL,PWRHYDURYXX,,,,2032,,,,,,0.0
TotalAnnualMaxCapacityInvestment,OPT,GLOBAL,PWRHYDURYXX,,,,2033,,,,,,0.0
TotalAnnualMaxCapacityInvestment,OPT,GLOBAL,PWRHYDURYXX,,,,2034,,,,,,0.0
TotalAnnualMaxCapacityInvestment,OPT,GLOBAL,PWRHYDURYXX,,,,2035,,,,,,0.0
TotalAnnualMaxCapacityInvestment,OPT,GLOBAL,PWRHYDURYXX,,,,2036,,,,,,0.0
TotalAnnualMaxCapacityInvestment,OPT,GLOBAL,PWRHYDURYXX,,,,2037,,,,,,0.0
TotalAnnualMaxCapacityInvestment,OPT,GLOBAL,PWRHYDURYXX,,,,2038,,,,,,0.0
TotalAnnualMaxCapacityInvestment,OPT,GLOBAL,PWRHYDURYXX,,,,2039,,,,,,0.0
TotalAnnualMaxCapacityInvestment,OPT,GLOBAL,PWRHYDURYXX,,,,2040,,,,,,0.0
TotalAnnualMaxCapacityInvestment,OPT,GLOBAL,PWRHYDURYXX,,,,2041,,,,,,0.0
TotalAnnualMaxCapacityInvestment,OPT,GLOBAL,PWRHYDURYXX,,,,2042,,,,,,0.0
TotalAnnualMaxCapacityInvestment,OPT,GLOBAL,PWRHYDURYXX,,,,2043,,,,,,0.0
TotalAnnualMaxCapacityInvestment,OPT,GLOBAL,PWRHYDURYXX,,,,2044,,,,,,0.0
TotalAnnualMaxCapacityInvestment,OPT,GLOBAL,PWRHYDURYXX,,,,2045,,,,,,0.0
TotalAnnualMaxCapacityInvestment,OPT,GLOBAL,PWRHYDURYXX,,,,2046,,,,,,0.0
TotalAnnualMaxCapacityInvestment,OPT,GLOBAL,PWRHYDURYXX,,,,2047,,,,,,0.0
TotalAnnualMaxCapacityInvestment,OPT,GLOBAL,PWRHYDURYXX,,,,2048,,,,,,0.0
TotalAnnualMaxCapacityInvestment,OPT,GLOBAL,PWRHYDURYXX,,,,2049,,,,,,0.0
TotalAnnualMaxCapacityInvestment,OPT,GLOBAL,PWRHYDURYXX,,,,2050,,,,,,0.0
TotalAnnualMaxCapacityInvestment,OPT,GLOBAL,PWRHYDBOLXX,,,,2023,,,,,,0.0195
TotalAnnualMaxCapacityInvestment,OPT,GLOBAL,PWRHYDBOLXX,,,,2024,,,,,,0.0208
TotalAnnualMaxCapacityInvestment,OPT,GLOBAL,PWRHYDBOLXX,,,,2025,,,,,,0.0304
TotalAnnualMaxCapacityInvestment,OPT,GLOBAL,PWRHYDBOLXX,,,,2026,,,,,,0.0304
TotalAnnualMaxCapacityInvestment,OPT,GLOBAL,PWRHYDBOLXX,,,,2027,,,,,,0.0304
TotalAnnualMaxCapacityInvestment,OPT,GLOBAL,PWRHYDBOLXX,,,,2028,,,,,,0.0304
TotalAnnualMaxCapacityInvestment,OPT,GLOBAL,PWRHYDBOLXX,,,,2029,,,,,,0.0304
TotalAnnualMaxCapacityInvestment,OPT,GLOBAL,PWRHYDBOLXX,,,,2030,,,,,,0.0304
TotalAnnualMaxCapacityInvestment,OPT,GLOBAL,PWRHYDBOLXX,,,,2031,,,,,,0.0304
TotalAnnualMaxCapacityInvestment,OPT,GLOBAL,PWRHYDBOLXX,,,,2032,,,,,,0.606
TotalAnnualMaxCapacityInvestment,OPT,GLOBAL,PWRHYDBOLXX,,,,2033,,,,,,0.0304
TotalAnnualMaxCapacityInvestment,OPT,GLOBAL,PWRHYDBOLXX,,,,2034,,,,,,0.0304
TotalAnnualMaxCapacityInvestment,OPT,GLOBAL,PWRHYDBOLXX,,,,2035,,,,,,0.0304
TotalAnnualMaxCapacityInvestment,OPT,GLOBAL,PWRHYDBOLXX,,,,2036,,,,,,0.4646
TotalAnnualMaxCapacityInvestment,OPT,GLOBAL,PWRHYDBOLXX,,,,2037,,,,,,0.0353
TotalAnnualMaxCapacityInvestment,OPT,GLOBAL,PWRHYDBOLXX,,,,2038,,,,,,0.0353
TotalAnnualMaxCapacityInvestment,OPT,GLOBAL,PWRHYDBOLXX,,,,2039,,,,,,0.0353
TotalAnnualMaxCapacityInvestment,OPT,GLOBAL,PWRHYDBOLXX,,,,2040,,,,,,0.3838
TotalAnnualMaxCapacityInvestment,OPT,GLOBAL,PWRHYDBOLXX,,,,2041,,,,,,0.0353
TotalAnnualMaxCapacityInvestment,OPT,GLOBAL,PWRHYDBOLXX,,,,2042,,,,,,0.0353
TotalAnnualMaxCapacityInvestment,OPT,GLOBAL,PWRHYDBOLXX,,,,2043,,,,,,0.0353
TotalAnnualMaxCapacityInvestment,OPT,GLOBAL,PWRHYDBOLXX,,,,2044,,,,,,0.0353
TotalAnnualMaxCapacityInvestment,OPT,GLOBAL,PWRHYDBOLXX,,,,2045,,,,,,0.404
TotalAnnualMaxCapacityInvestment,OPT,GLOBAL,PWRHYDBOLXX,,,,2046,,,,,,0.0353
TotalAnnualMaxCapacityInvestment,OPT,GLOBAL,PWRHYDBOLXX,,,,2047,,,,,,0.0353
TotalAnnualMaxCapacityInvestment,OPT,GLOBAL,PWRHYDBOLXX,,,,2048,,,,,,0.0353
TotalAnnualMaxCapacityInvestment,OPT,GLOBAL,PWRHYDBOLXX,,,,2049,,,,,,0.0353
TotalAnnualMaxCapacityInvestment,OPT,GLOBAL,PWRHYDBOLXX,,,,2050,,,,,,0.0353
TotalAnnualMaxCapacityInvestment,OPT,GLOBAL,PWROILDOMXX,,,,2023,,,,,,0.2035
TotalAnnualMaxCapacityInvestment,OPT,GLOBAL,PWROILDOMXX,,,,2024,,,,,,0.2128
TotalAnnualMaxCapacityInvestment,OPT,GLOBAL,PWROILDOMXX,,,,2025,,,,,,0.0
TotalAnnualMaxCapacityInvestment,OPT,GLOBAL,PWROILDOMXX,,,,2026,,,,,,0.0
TotalAnnualMaxCapacityInvestment,OPT,GLOBAL,PWROILDOMXX,,,,2027,,,,,,0.0
TotalAnnualMaxCapacityInvestment,OPT,GLOBAL,PWROILDOMXX,,,,2028,,,,,,0.0
TotalAnnualMaxCapacityInvestment,OPT,GLOBAL,PWROILDOMXX,,,,2029,,,,,,0.0
TotalAnnualMaxCapacityInvestment,OPT,GLOBAL,PWROILDOMXX,,,,2030,,,,,,0.0
TotalAnnualMaxCapacityInvestment,OPT,GLOBAL,PWROILDOMXX,,,,2031,,,,,,0.0
TotalAnnualMaxCapacityInvestment,OPT,GLOBAL,PWROILDOMXX,,,,2032,,,,,,0.0
TotalAnnualMaxCapacityInvestment,OPT,GLOBAL,PWROILDOMXX,,,,2033,,,,,,0.0
TotalAnnualMaxCapacityInvestment,OPT,GLOBAL,PWROILDOMXX,,,,2034,,,,,,0.0
TotalAnnualMaxCapacityInvestment,OPT,GLOBAL,PWROILDOMXX,,,,2035,,,,,,0.0
TotalAnnualMaxCapacityInvestment,OPT,GLOBAL,PWROILDOMXX,,,,2036,,,,,,0.0
TotalAnnualMaxCapacityInvestment,OPT,GLOBAL,PWROILDOMXX,,,,2037,,,,,,0.0
TotalAnnualMaxCapacityInvestment,OPT,GLOBAL,PWROILDOMXX,,,,2038,,,,,,0.0
TotalAnnualMaxCapacityInvestment,OPT,GLOBAL,PWROILDOMXX,,,,2039,,,,,,0.0
TotalAnnualMaxCapacityInvestment,OPT,GLOBAL,PWROILDOMXX,,,,2040,,,,,,0.0
TotalAnnualMaxCapacityInvestment,OPT,GLOBAL,PWROILDOMXX,,,,2041,,,,,,0.0
TotalAnnualMaxCapacityInvestment,OPT,GLOBAL,PWROILDOMXX,,,,2042,,,,,,0.0
TotalAnnualMaxCapacityInvestment,OPT,GLOBAL,PWROILDOMXX,,,,2043,,,,,,0.0
TotalAnnualMaxCapacityInvestment,OPT,GLOBAL,PWROILDOMXX,,,,2044,,,,,,0.0
TotalAnnualMaxCapacityInvestment,OPT,GLOBAL,PWROILDOMXX,,,,2045,,,,,,0.0
TotalAnnualMaxCapacityInvestment,OPT,GLOBAL,PWROILDOMXX,,,,2046,,,,,,0.0
TotalAnnualMaxCapacityInvestment,OPT,GLOBAL,PWROILDOMXX,,,,2047,,,,,,0.0
TotalAnnualMaxCapacityInvestment,OPT,GLOBAL,PWROILDOMXX,,,,2048,,,,,,0.0
TotalAnnualMaxCapacityInvestment,OPT,GLOBAL,PWROILDOMXX,,,,2049,,,,,,0.0
TotalAnnualMaxCapacityInvestment,OPT,GLOBAL,PWROILDOMXX,,,,2050,,,,,,0.0
TotalAnnualMaxCapacityInvestment,OPT,GLOBAL,PWRGEOCHLXX,,,,2023,,,,,,0.1664
TotalAnnualMaxCapacityInvestment,OPT,GLOBAL,PWRGEOCHLXX,,,,2024,,,,,,0.1725
TotalAnnualMaxCapacityInvestment,OPT,GLOBAL,PWRGEOCHLXX,,,,2025,,,,,,0.0363
TotalAnnualMaxCapacityInvestment,OPT,GLOBAL,PWRGEOCHLXX,,,,2026,,,,,,0.0363
TotalAnnualMaxCapacityInvestment,OPT,GLOBAL,PWRGEOCHLXX,,,,2027,,,,,,0.0363
TotalAnnualMaxCapacityInvestment,OPT,GLOBAL,PWRGEOCHLXX,,,,2028,,,,,,0.0363
TotalAnnualMaxCapacityInvestment,OPT,GLOBAL,PWRGEOCHLXX,,,,2029,,,,,,0.0363
TotalAnnualMaxCapacityInvestment,OPT,GLOBAL,PWRGEOCHLXX,,,,2030,,,,,,0.4343
TotalAnnualMaxCapacityInvestment,OPT,GLOBAL,PWRGEOCHLXX,,,,2031,,,,,,0.0363
TotalAnnualMaxCapacityInvestment,OPT,GLOBAL,PWRGEOCHLXX,,,,2032,,,,,,0.0363
TotalAnnualMaxCapacityInvestment,OPT,GLOBAL,PWRGEOCHLXX,,,,2033,,,,,,0.0363
TotalAnnualMaxCapacityInvestment,OPT,GLOBAL,PWRGEOCHLXX,,,,2034,,,,,,0.0363
TotalAnnualMaxCapacityInvestment,OPT,GLOBAL,PWRGEOCHLXX,,,,2035,,,,,,0.0363
TotalAnnualMaxCapacityInvestment,OPT,GLOBAL,PWRGEOCHLXX,,,,2036,,,,,,0.0534
TotalAnnualMaxCapacityInvestment,OPT,GLOBAL,PWRGEOCHLXX,,,,2037,,,,,,0.0534
TotalAnnualMaxCapacityInvestment,OPT,GLOBAL,PWRGEOCHLXX,,,,2038,,,,,,0.0534
TotalAnnualMaxCapacityInvestment,OPT,GLOBAL,PWRGEOCHLXX,,,,2039,,,,,,0.0534
TotalAnnualMaxCapacityInvestment,OPT,GLOBAL,PWRGEOCHLXX,,,,2040,,,,,,0.0534
TotalAnnualMaxCapacityInvestment,OPT,GLOBAL,PWRGEOCHLXX,,,,2041,,,,,,0.0534
TotalAnnualMaxCapacityInvestment,OPT,GLOBAL,PWRGEOCHLXX,,,,2042,,,,,,0.0534
TotalAnnualMaxCapacityInvestment,OPT,GLOBAL,PWRGEOCHLXX,,,,2043,,,,,,0.0534
TotalAnnualMaxCapacityInvestment,OPT,GLOBAL,PWRGEOCHLXX,,,,2044,,,,,,0.0534
TotalAnnualMaxCapacityInvestment,OPT,GLOBAL,PWRGEOCHLXX,,,,2045,,,,,,0.0534
TotalAnnualMaxCapacityInvestment,OPT,GLOBAL,PWRGEOCHLXX,,,,2046,,,,,,0.0534
TotalAnnualMaxCapacityInvestment,OPT,GLOBAL,PWRGEOCHLXX,,,,2047,,,,,,0.0534
TotalAnnualMaxCapacityInvestment,OPT,GLOBAL,PWRGEOCHLXX,,,,2048,,,,,,0.0534
TotalAnnualMaxCapacityInvestment,OPT,GLOBAL,PWRGEOCHLXX,,,,2049,,,,,,0.0534
TotalAnnualMaxCapacityInvestment,OPT,GLOBAL,PWRGEOCHLXX,,,,2050,,,,,,0.0534
TotalAnnualMaxCapacityInvestment,OPT,GLOBAL,PWRGEOCOLXX,,,,2023,,,,,,0.1951
TotalAnnualMaxCapacityInvestment,OPT,GLOBAL,PWRGEOCOLXX,,,,2024,,,,,,0.2
TotalAnnualMaxCapacityInvestment,OPT,GLOBAL,PWRGEOCOLXX,,,,2025,,,,,,0.0
TotalAnnualMaxCapacityInvestment,OPT,GLOBAL,PWRGEOCOLXX,,,,2026,,,,,,0.2209
TotalAnnualMaxCapacityInvestment,OPT,GLOBAL,PWRGEOCOLXX,,,,2027,,,,,,0.2321
TotalAnnualMaxCapacityInvestment,OPT,GLOBAL,PWRGEOCOLXX,,,,2028,,,,,,0.2438
TotalAnnualMaxCapacityInvestment,OPT,GLOBAL,PWRGEOCOLXX,,,,2029,,,,,,0.256
TotalAnnualMaxCapacityInvestment,OPT,GLOBAL,PWRGEOCOLXX,,,,2030,,,,,,0.2688
TotalAnnualMaxCapacityInvestment,OPT,GLOBAL,PWRGEOCOLXX,,,,2031,,,,,,0.2821
TotalAnnualMaxCapacityInvestment,OPT,GLOBAL,PWRGEOCOLXX,,,,2032,,,,,,0.296
TotalAnnualMaxCapacityInvestment,OPT,GLOBAL,PWRGEOCOLXX,,,,2033,,,,,,0.3105
TotalAnnualMaxCapacityInvestment,OPT,GLOBAL,PWRGEOCOLXX,,,,2034,,,,,,0.3257
TotalAnnualMaxCapacityInvestment,OPT,GLOBAL,PWRGEOCOLXX,,,,2035,,,,,,0.3415
TotalAnnualMaxCapacityInvestment,OPT,GLOBAL,PWRGEOCOLXX,,,,2036,,,,,,0.3597
TotalAnnualMaxCapacityInvestment,OPT,GLOBAL,PWRGEOCOLXX,,,,2037,,,,,,0.3786
TotalAnnualMaxCapacityInvestment,OPT,GLOBAL,PWRGEOCOLXX,,,,2038,,,,,,0.3982
TotalAnnualMaxCapacityInvestment,OPT,GLOBAL,PWRGEOCOLXX,,,,2039,,,,,,0.4185
TotalAnnualMaxCapacityInvestment,OPT,GLOBAL,PWRGEOCOLXX,,,,2040,,,,,,0.4397
TotalAnnualMaxCapacityInvestment,OPT,GLOBAL,PWRGEOCOLXX,,,,2041,,,,,,0.4616
TotalAnnualMaxCapacityInvestment,OPT,GLOBAL,PWRGEOCOLXX,,,,2042,,,,,,0.4844
TotalAnnualMaxCapacityInvestment,OPT,GLOBAL,PWRGEOCOLXX,,,,2043,,,,,,0.5081
TotalAnnualMaxCapacityInvestment,OPT,GLOBAL,PWRGEOCOLXX,,,,2044,,,,,,0.5327
TotalAnnualMaxCapacityInvestment,OPT,GLOBAL,PWRGEOCOLXX,,,,2045,,,,,,0.5582
TotalAnnualMaxCapacityInvestment,OPT,GLOBAL,PWRGEOCOLXX,,,,2046,,,,,,0.5846
TotalAnnualMaxCapacityInvestment,OPT,GLOBAL,PWRGEOCOLXX,,,,2047,,,,,,0.612
TotalAnnualMaxCapacityInvestment,OPT,GLOBAL,PWRGEOCOLXX,,,,2048,,,,,,0.6405
TotalAnnualMaxCapacityInvestment,OPT,GLOBAL,PWRGEOCOLXX,,,,2049,,,,,,0.67
TotalAnnualMaxCapacityInvestment,OPT,GLOBAL,PWRGEOCOLXX,,,,2050,,,,,,0.7006
TotalAnnualMaxCapacityInvestment,OPT,GLOBAL,PWRGEOHNDXX,,,,2023,,,,,,0.0
TotalAnnualMaxCapacityInvestment,OPT,GLOBAL,PWRGEOHNDXX,,,,2024,,,,,,0.0
TotalAnnualMaxCapacityInvestment,OPT,GLOBAL,PWRGEOHNDXX,,,,2025,,,,,,0.0211
TotalAnnualMaxCapacityInvestment,OPT,GLOBAL,PWRGEOHNDXX,,,,2026,,,,,,0.0211
TotalAnnualMaxCapacityInvestment,OPT,GLOBAL,PWRGEOHNDXX,,,,2027,,,,,,0.0211
TotalAnnualMaxCapacityInvestment,OPT,GLOBAL,PWRGEOHNDXX,,,,2028,,,,,,0.0211
TotalAnnualMaxCapacityInvestment,OPT,GLOBAL,PWRGEOHNDXX,,,,2029,,,,,,0.0211
TotalAnnualMaxCapacityInvestment,OPT,GLOBAL,PWRGEOHNDXX,,,,2030,,,,,,0.0211
TotalAnnualMaxCapacityInvestment,OPT,GLOBAL,PWRGEOHNDXX,,,,2031,,,,,,0.0211
TotalAnnualMaxCapacityInvestment,OPT,GLOBAL,PWRGEOHNDXX,,,,2032,,,,,,0.0211
TotalAnnualMaxCapacityInvestment,OPT,GLOBAL,PWRGEOHNDXX,,,,2033,,,,,,0.0211
TotalAnnualMaxCapacityInvestment,OPT,GLOBAL,PWRGEOHNDXX,,,,2034,,,,,,0.0211
TotalAnnualMaxCapacityInvestment,OPT,GLOBAL,PWRGEOHNDXX,,,,2035,,,,,,0.0211
TotalAnnualMaxCapacityInvestment,OPT,GLOBAL,PWRGEOHNDXX,,,,2036,,,,,,0.031
TotalAnnualMaxCapacityInvestment,OPT,GLOBAL,PWRGEOHNDXX,,,,2037,,,,,,0.031
TotalAnnualMaxCapacityInvestment,OPT,GLOBAL,PWRGEOHNDXX,,,,2038,,,,,,0.031
TotalAnnualMaxCapacityInvestment,OPT,GLOBAL,PWRGEOHNDXX,,,,2039,,,,,,0.031
TotalAnnualMaxCapacityInvestment,OPT,GLOBAL,PWRGEOHNDXX,,,,2040,,,,,,0.031
TotalAnnualMaxCapacityInvestment,OPT,GLOBAL,PWRGEOHNDXX,,,,2041,,,,,,0.031
TotalAnnualMaxCapacityInvestment,OPT,GLOBAL,PWRGEOHNDXX,,,,2042,,,,,,0.031
TotalAnnualMaxCapacityInvestment,OPT,GLOBAL,PWRGEOHNDXX,,,,2043,,,,,,0.031
TotalAnnualMaxCapacityInvestment,OPT,GLOBAL,PWRGEOHNDXX,,,,2044,,,,,,0.031
TotalAnnualMaxCapacityInvestment,OPT,GLOBAL,PWRGEOHNDXX,,,,2045,,,,,,0.031
TotalAnnualMaxCapacityInvestment,OPT,GLOBAL,PWRGEOHNDXX,,,,2046,,,,,,0.031
TotalAnnualMaxCapacityInvestment,OPT,GLOBAL,PWRGEOHNDXX,,,,2047,,,,,,0.031
TotalAnnualMaxCapacityInvestment,OPT,GLOBAL,PWRGEOHNDXX,,,,2048,,,,,,0.031
TotalAnnualMaxCapacityInvestment,OPT,GLOBAL,PWRGEOHNDXX,,,,2049,,,,,,0.031
TotalAnnualMaxCapacityInvestment,OPT,GLOBAL,PWRGEOHNDXX,,,,2050,,,,,,0.031
TotalAnnualMaxCapacityInvestment,OPT,GLOBAL,PWRSPVCHLXX,,,,2023,,,,,,1.5
TotalAnnualMaxCapacityInvestment,OPT,GLOBAL,PWRSPVCHLXX,,,,2024,,,,,,0.6
TotalAnnualMaxCapacityInvestment,OPT,GLOBAL,PWRSPVCHLXX,,,,2025,,,,,,1.0487
TotalAnnualMaxCapacityInvestment,OPT,GLOBAL,PWRSPVCHLXX,,,,2026,,,,,,1.2048
TotalAnnualMaxCapacityInvestment,OPT,GLOBAL,PWRSPVCHLXX,,,,2027,,,,,,1.3723
TotalAnnualMaxCapacityInvestment,OPT,GLOBAL,PWRSPVCHLXX,,,,2028,,,,,,1.5482
TotalAnnualMaxCapacityInvestment,OPT,GLOBAL,PWRSPVCHLXX,,,,2029,,,,,,1.7281
TotalAnnualMaxCapacityInvestment,OPT,GLOBAL,PWRSPVCHLXX,,,,2030,,,,,,1.9063
TotalAnnualMaxCapacityInvestment,OPT,GLOBAL,PWRSPVCHLXX,,,,2031,,,,,,2.0759
TotalAnnualMaxCapacityInvestment,OPT,GLOBAL,PWRSPVCHLXX,,,,2032,,,,,,2.2295
TotalAnnualMaxCapacityInvestment,OPT,GLOBAL,PWRSPVCHLXX,,,,2033,,,,,,2.3594
TotalAnnualMaxCapacityInvestment,OPT,GLOBAL,PWRSPVCHLXX,,,,2034,,,,,,2.4586
TotalAnnualMaxCapacityInvestment,OPT,GLOBAL,PWRSPVCHLXX,,,,2035,,,,,,2.5215
TotalAnnualMaxCapacityInvestment,OPT,GLOBAL,PWRSPVCHLXX,,,,2036,,,,,,2.5444
TotalAnnualMaxCapacityInvestment,OPT,GLOBAL,PWRSPVCHLXX,,,,2037,,,,,,2.5263
TotalAnnualMaxCapacityInvestment,OPT,GLOBAL,PWRSPVCHLXX,,,,2038,,,,,,2.4686
TotalAnnualMaxCapacityInvestment,OPT,GLOBAL,PWRSPVCHLXX,,,,2039,,,,,,2.3754
TotalAnnualMaxCapacityInvestment,OPT,GLOBAL,PWRSPVCHLXX,,,,2040,,,,,,2.2522
TotalAnnualMaxCapacityInvestment,OPT,GLOBAL,PWRSPVCHLXX,,,,2041,,,,,,3.4083
TotalAnnualMaxCapacityInvestment,OPT,GLOBAL,PWRSPVCHLXX,,,,2042,,,,,,3.4083
TotalAnnualMaxCapacityInvestment,OPT,GLOBAL,PWRSPVCHLXX,,,,2043,,,,,,3.4083
TotalAnnualMaxCapacityInvestment,OPT,GLOBAL,PWRSPVCHLXX,,,,2044,,,,,,3.4083
TotalAnnualMaxCapacityInvestment,OPT,GLOBAL,PWRSPVCHLXX,,,,2045,,,,,,3.4083
TotalAnnualMaxCapacityInvestment,OPT,GLOBAL,PWRSPVCHLXX,,,,2046,,,,,,2.4481
TotalAnnualMaxCapacityInvestment,OPT,GLOBAL,PWRSPVCHLXX,,,,2047,,,,,,2.4481
TotalAnnualMaxCapacityInvestment,OPT,GLOBAL,PWRSPVCHLXX,,,,2048,,,,,,2.4481
TotalAnnualMaxCapacityInvestment,OPT,GLOBAL,PWRSPVCHLXX,,,,2049,,,,,,2.4481
TotalAnnualMaxCapacityInvestment,OPT,GLOBAL,PWRSPVCHLXX,,,,2050,,,,,,2.4481
TotalAnnualMaxCapacityInvestment,OPT,GLOBAL,PWRBIOHNDXX,,,,2023,,,,,,0.0316
TotalAnnualMaxCapacityInvestment,OPT,GLOBAL,PWRBIOHNDXX,,,,2024,,,,,,0.0326
TotalAnnualMaxCapacityInvestment,OPT,GLOBAL,PWRBIOHNDXX,,,,2025,,,,,,0.0058
TotalAnnualMaxCapacityInvestment,OPT,GLOBAL,PWRBIOHNDXX,,,,2026,,,,,,0.0058
TotalAnnualMaxCapacityInvestment,OPT,GLOBAL,PWRBIOHNDXX,,,,2027,,,,,,0.0058
TotalAnnualMaxCapacityInvestment,OPT,GLOBAL,PWRBIOHNDXX,,,,2028,,,,,,0.0058
TotalAnnualMaxCapacityInvestment,OPT,GLOBAL,PWRBIOHNDXX,,,,2029,,,,,,0.0058
TotalAnnualMaxCapacityInvestment,OPT,GLOBAL,PWRBIOHNDXX,,,,2030,,,,,,0.0058
TotalAnnualMaxCapacityInvestment,OPT,GLOBAL,PWRBIOHNDXX,,,,2031,,,,,,0.0058
TotalAnnualMaxCapacityInvestment,OPT,GLOBAL,PWRBIOHNDXX,,,,2032,,,,,,0.0058
TotalAnnualMaxCapacityInvestment,OPT,GLOBAL,PWRBIOHNDXX,,,,2033,,,,,,0.0058
TotalAnnualMaxCapacityInvestment,OPT,GLOBAL,PWRBIOHNDXX,,,,2034,,,,,,0.0058
TotalAnnualMaxCapacityInvestment,OPT,GLOBAL,PWRBIOHNDXX,,,,2035,,,,,,0.0058
TotalAnnualMaxCapacityInvestment,OPT,GLOBAL,PWRBIOHNDXX,,,,2036,,,,,,0.0048
TotalAnnualMaxCapacityInvestment,OPT,GLOBAL,PWRBIOHNDXX,,,,2037,,,,,,0.0048
TotalAnnualMaxCapacityInvestment,OPT,GLOBAL,PWRBIOHNDXX,,,,2038,,,,,,0.0048
TotalAnnualMaxCapacityInvestment,OPT,GLOBAL,PWRBIOHNDXX,,,,2039,,,,,,0.0048
TotalAnnualMaxCapacityInvestment,OPT,GLOBAL,PWRBIOHNDXX,,,,2040,,,,,,0.0048
TotalAnnualMaxCapacityInvestment,OPT,GLOBAL,PWRBIOHNDXX,,,,2041,,,,,,0.0048
TotalAnnualMaxCapacityInvestment,OPT,GLOBAL,PWRBIOHNDXX,,,,2042,,,,,,0.0048
TotalAnnualMaxCapacityInvestment,OPT,GLOBAL,PWRBIOHNDXX,,,,2043,,,,,,0.0048
TotalAnnualMaxCapacityInvestment,OPT,GLOBAL,PWRBIOHNDXX,,,,2044,,,,,,0.0048
TotalAnnualMaxCapacityInvestment,OPT,GLOBAL,PWRBIOHNDXX,,,,2045,,,,,,0.0048
TotalAnnualMaxCapacityInvestment,OPT,GLOBAL,PWRBIOHNDXX,,,,2046,,,,,,0.0048
TotalAnnualMaxCapacityInvestment,OPT,GLOBAL,PWRBIOHNDXX,,,,2047,,,,,,0.0048
TotalAnnualMaxCapacityInvestment,OPT,GLOBAL,PWRBIOHNDXX,,,,2048,,,,,,0.0048
TotalAnnualMaxCapacityInvestment,OPT,GLOBAL,PWRBIOHNDXX,,,,2049,,,,,,0.0048
TotalAnnualMaxCapacityInvestment,OPT,GLOBAL,PWRBIOHNDXX,,,,2050,,,,,,0.0048
TotalAnnualMaxCapacityInvestment,OPT,GLOBAL,PWRWONCRIXX,,,,2023,,,,,,0.0338
TotalAnnualMaxCapacityInvestment,OPT,GLOBAL,PWRWONCRIXX,,,,2024,,,,,,0.035
TotalAnnualMaxCapacityInvestment,OPT,GLOBAL,PWRWONCRIXX,,,,2025,,,,,,0.0505
TotalAnnualMaxCapacityInvestment,OPT,GLOBAL,PWRWONCRIXX,,,,2026,,,,,,0.05
TotalAnnualMaxCapacityInvestment,OPT,GLOBAL,PWRWONCRIXX,,,,2027,,,,,,0.05
TotalAnnualMaxCapacityInvestment,OPT,GLOBAL,PWRWONCRIXX,,,,2028,,,,,,0.05
TotalAnnualMaxCapacityInvestment,OPT,GLOBAL,PWRWONCRIXX,,,,2029,,,,,,0.05
TotalAnnualMaxCapacityInvestment,OPT,GLOBAL,PWRWONCRIXX,,,,2030,,,,,,0.05
TotalAnnualMaxCapacityInvestment,OPT,GLOBAL,PWRWONCRIXX,,,,2031,,,,,,0.05
TotalAnnualMaxCapacityInvestment,OPT,GLOBAL,PWRWONCRIXX,,,,2032,,,,,,0.05
TotalAnnualMaxCapacityInvestment,OPT,GLOBAL,PWRWONCRIXX,,,,2033,,,,,,0.05
TotalAnnualMaxCapacityInvestment,OPT,GLOBAL,PWRWONCRIXX,,,,2034,,,,,,0.05
TotalAnnualMaxCapacityInvestment,OPT,GLOBAL,PWRWONCRIXX,,,,2035,,,,,,0.05
TotalAnnualMaxCapacityInvestment,OPT,GLOBAL,PWRWONCRIXX,,,,2036,,,,,,0.0222
TotalAnnualMaxCapacityInvestment,OPT,GLOBAL,PWRWONCRIXX,,,,2037,,,,,,0.0222
TotalAnnualMaxCapacityInvestment,OPT,GLOBAL,PWRWONCRIXX,,,,2038,,,,,,0.0222
TotalAnnualMaxCapacityInvestment,OPT,GLOBAL,PWRWONCRIXX,,,,2039,,,,,,0.0222
TotalAnnualMaxCapacityInvestment,OPT,GLOBAL,PWRWONCRIXX,,,,2040,,,,,,0.1414
TotalAnnualMaxCapacityInvestment,OPT,GLOBAL,PWRWONCRIXX,,,,2041,,,,,,0.0222
TotalAnnualMaxCapacityInvestment,OPT,GLOBAL,PWRWONCRIXX,,,,2042,,,,,,0.0222
TotalAnnualMaxCapacityInvestment,OPT,GLOBAL,PWRWONCRIXX,,,,2043,,,,,,0.0222
TotalAnnualMaxCapacityInvestment,OPT,GLOBAL,PWRWONCRIXX,,,,2044,,,,,,0.0222
TotalAnnualMaxCapacityInvestment,OPT,GLOBAL,PWRWONCRIXX,,,,2045,,,,,,0.0222
TotalAnnualMaxCapacityInvestment,OPT,GLOBAL,PWRWONCRIXX,,,,2046,,,,,,0.0222
TotalAnnualMaxCapacityInvestment,OPT,GLOBAL,PWRWONCRIXX,,,,2047,,,,,,0.0222
TotalAnnualMaxCapacityInvestment,OPT,GLOBAL,PWRWONCRIXX,,,,2048,,,,,,0.0222
TotalAnnualMaxCapacityInvestment,OPT,GLOBAL,PWRWONCRIXX,,,,2049,,,,,,0.0222
TotalAnnualMaxCapacityInvestment,OPT,GLOBAL,PWRWONCRIXX,,,,2050,,,,,,0.0222
TotalAnnualMaxCapacityInvestment,OPT,GLOBAL,PWRNGSURYXX,,,,2023,,,,,,0.0
TotalAnnualMaxCapacityInvestment,OPT,GLOBAL,PWRNGSURYXX,,,,2024,,,,,,0.0
TotalAnnualMaxCapacityInvestment,OPT,GLOBAL,PWRNGSURYXX,,,,2025,,,,,,0.0117
TotalAnnualMaxCapacityInvestment,OPT,GLOBAL,PWRNGSURYXX,,,,2026,,,,,,0.0117
TotalAnnualMaxCapacityInvestment,OPT,GLOBAL,PWRNGSURYXX,,,,2027,,,,,,0.0117
TotalAnnualMaxCapacityInvestment,OPT,GLOBAL,PWRNGSURYXX,,,,2028,,,,,,0.0117
TotalAnnualMaxCapacityInvestment,OPT,GLOBAL,PWRNGSURYXX,,,,2029,,,,,,0.0117
TotalAnnualMaxCapacityInvestment,OPT,GLOBAL,PWRNGSURYXX,,,,2030,,,,,,0.0117
TotalAnnualMaxCapacityInvestment,OPT,GLOBAL,PWRNGSURYXX,,,,2031,,,,,,0.0117
TotalAnnualMaxCapacityInvestment,OPT,GLOBAL,PWRNGSURYXX,,,,2032,,,,,,0.0117
TotalAnnualMaxCapacityInvestment,OPT,GLOBAL,PWRNGSURYXX,,,,2033,,,,,,0.0117
TotalAnnualMaxCapacityInvestment,OPT,GLOBAL,PWRNGSURYXX,,,,2034,,,,,,0.0117
TotalAnnualMaxCapacityInvestment,OPT,GLOBAL,PWRNGSURYXX,,,,2035,,,,,,0.0117
TotalAnnualMaxCapacityInvestment,OPT,GLOBAL,PWRNGSURYXX,,,,2036,,,,,,0.0047
TotalAnnualMaxCapacityInvestment,OPT,GLOBAL,PWRNGSURYXX,,,,2037,,,,,,0.0047
TotalAnnualMaxCapacityInvestment,OPT,GLOBAL,PWRNGSURYXX,,,,2038,,,,,,0.0047
TotalAnnualMaxCapacityInvestment,OPT,GLOBAL,PWRNGSURYXX,,,,2039,,,,,,0.0047
TotalAnnualMaxCapacityInvestment,OPT,GLOBAL,PWRNGSURYXX,,,,2040,,,,,,0.0047
TotalAnnualMaxCapacityInvestment,OPT,GLOBAL,PWRNGSURYXX,,,,2041,,,,,,0.0047
TotalAnnualMaxCapacityInvestment,OPT,GLOBAL,PWRNGSURYXX,,,,2042,,,,,,0.0047
TotalAnnualMaxCapacityInvestment,OPT,GLOBAL,PWRNGSURYXX,,,,2043,,,,,,0.0047
TotalAnnualMaxCapacityInvestment,OPT,GLOBAL,PWRNGSURYXX,,,,2044,,,,,,0.0047
TotalAnnualMaxCapacityInvestment,OPT,GLOBAL,PWRNGSURYXX,,,,2045,,,,,,0.0047
TotalAnnualMaxCapacityInvestment,OPT,GLOBAL,PWRNGSURYXX,,,,2046,,,,,,0.0047
TotalAnnualMaxCapacityInvestment,OPT,GLOBAL,PWRNGSURYXX,,,,2047,,,,,,0.0047
TotalAnnualMaxCapacityInvestment,OPT,GLOBAL,PWRNGSURYXX,,,,2048,,,,,,0.0047
TotalAnnualMaxCapacityInvestment,OPT,GLOBAL,PWRNGSURYXX,,,,2049,,,,,,0.0047
TotalAnnualMaxCapacityInvestment,OPT,GLOBAL,PWRNGSURYXX,,,,2050,,,,,,0.0047
TotalAnnualMaxCapacityInvestment,OPT,GLOBAL,PWROILHNDXX,,,,2023,,,,,,0.1184
TotalAnnualMaxCapacityInvestment,OPT,GLOBAL,PWROILHNDXX,,,,2024,,,,,,0.1222
TotalAnnualMaxCapacityInvestment,OPT,GLOBAL,PWROILHNDXX,,,,2025,,,,,,0.0
TotalAnnualMaxCapacityInvestment,OPT,GLOBAL,PWROILHNDXX,,,,2026,,,,,,0.0
TotalAnnualMaxCapacityInvestment,OPT,GLOBAL,PWROILHNDXX,,,,2027,,,,,,0.0
TotalAnnualMaxCapacityInvestment,OPT,GLOBAL,PWROILHNDXX,,,,2028,,,,,,0.0
TotalAnnualMaxCapacityInvestment,OPT,GLOBAL,PWROILHNDXX,,,,2029,,,,,,0.101
TotalAnnualMaxCapacityInvestment,OPT,GLOBAL,PWROILHNDXX,,,,2030,,,,,,0.0
TotalAnnualMaxCapacityInvestment,OPT,GLOBAL,PWROILHNDXX,,,,2031,,,,,,0.101
TotalAnnualMaxCapacityInvestment,OPT,GLOBAL,PWROILHNDXX,,,,2032,,,,,,0.101
TotalAnnualMaxCapacityInvestment,OPT,GLOBAL,PWROILHNDXX,,,,2033,,,,,,0.101
TotalAnnualMaxCapacityInvestment,OPT,GLOBAL,PWROILHNDXX,,,,2034,,,,,,0.0
TotalAnnualMaxCapacityInvestment,OPT,GLOBAL,PWROILHNDXX,,,,2035,,,,,,0.0
TotalAnnualMaxCapacityInvestment,OPT,GLOBAL,PWROILHNDXX,,,,2036,,,,,,0.0
TotalAnnualMaxCapacityInvestment,OPT,GLOBAL,PWROILHNDXX,,,,2037,,,,,,0.0
TotalAnnualMaxCapacityInvestment,OPT,GLOBAL,PWROILHNDXX,,,,2038,,,,,,0.0
TotalAnnualMaxCapacityInvestment,OPT,GLOBAL,PWROILHNDXX,,,,2039,,,,,,0.0
TotalAnnualMaxCapacityInvestment,OPT,GLOBAL,PWROILHNDXX,,,,2040,,,,,,0.0
TotalAnnualMaxCapacityInvestment,OPT,GLOBAL,PWROILHNDXX,,,,2041,,,,,,0.0
TotalAnnualMaxCapacityInvestment,OPT,GLOBAL,PWROILHNDXX,,,,2042,,,,,,0.0
TotalAnnualMaxCapacityInvestment,OPT,GLOBAL,PWROILHNDXX,,,,2043,,,,,,0.0
TotalAnnualMaxCapacityInvestment,OPT,GLOBAL,PWROILHNDXX,,,,2044,,,,,,0.0
TotalAnnualMaxCapacityInvestment,OPT,GLOBAL,PWROILHNDXX,,,,2045,,,,,,0.0
TotalAnnualMaxCapacityInvestment,OPT,GLOBAL,PWROILHNDXX,,,,2046,,,,,,0.0
TotalAnnualMaxCapacityInvestment,OPT,GLOBAL,PWROILHNDXX,,,,2047,,,,,,0.0
TotalAnnualMaxCapacityInvestment,OPT,GLOBAL,PWROILHNDXX,,,,2048,,,,,,0.0
TotalAnnualMaxCapacityInvestment,OPT,GLOBAL,PWROILHNDXX,,,,2049,,,,,,0.0
TotalAnnualMaxCapacityInvestment,OPT,GLOBAL,PWROILHNDXX,,,,2050,,,,,,0.0
TotalAnnualMaxCapacityInvestment,OPT,GLOBAL,PWRNGSBRBXX,,,,2023,,,,,,0.0
TotalAnnualMaxCapacityInvestment,OPT,GLOBAL,PWRNGSBRBXX,,,,2024,,,,,,0.0
TotalAnnualMaxCapacityInvestment,OPT,GLOBAL,PWRNGSBRBXX,,,,2025,,,,,,0.0023
TotalAnnualMaxCapacityInvestment,OPT,GLOBAL,PWRNGSBRBXX,,,,2026,,,,,,0.0023
TotalAnnualMaxCapacityInvestment,OPT,GLOBAL,PWRNGSBRBXX,,,,2027,,,,,,0.0023
TotalAnnualMaxCapacityInvestment,OPT,GLOBAL,PWRNGSBRBXX,,,,2028,,,,,,0.0023
TotalAnnualMaxCapacityInvestment,OPT,GLOBAL,PWRNGSBRBXX,,,,2029,,,,,,0.0023
TotalAnnualMaxCapacityInvestment,OPT,GLOBAL,PWRNGSBRBXX,,,,2030,,,,,,0.0023
TotalAnnualMaxCapacityInvestment,OPT,GLOBAL,PWRNGSBRBXX,,,,2031,,,,,,0.0023
TotalAnnualMaxCapacityInvestment,OPT,GLOBAL,PWRNGSBRBXX,,,,2032,,,,,,0.0023
TotalAnnualMaxCapacityInvestment,OPT,GLOBAL,PWRNGSBRBXX,,,,2033,,,,,,0.0023
TotalAnnualMaxCapacityInvestment,OPT,GLOBAL,PWRNGSBRBXX,,,,2034,,,,,,0.0023
TotalAnnualMaxCapacityInvestment,OPT,GLOBAL,PWRNGSBRBXX,,,,2035,,,,,,0.0023
TotalAnnualMaxCapacityInvestment,OPT,GLOBAL,PWRNGSBRBXX,,,,2036,,,,,,0.0009
TotalAnnualMaxCapacityInvestment,OPT,GLOBAL,PWRNGSBRBXX,,,,2037,,,,,,0.0009
TotalAnnualMaxCapacityInvestment,OPT,GLOBAL,PWRNGSBRBXX,,,,2038,,,,,,0.0009
TotalAnnualMaxCapacityInvestment,OPT,GLOBAL,PWRNGSBRBXX,,,,2039,,,,,,0.0009
TotalAnnualMaxCapacityInvestment,OPT,GLOBAL,PWRNGSBRBXX,,,,2040,,,,,,0.0009
TotalAnnualMaxCapacityInvestment,OPT,GLOBAL,PWRNGSBRBXX,,,,2041,,,,,,0.0009
TotalAnnualMaxCapacityInvestment,OPT,GLOBAL,PWRNGSBRBXX,,,,2042,,,,,,0.0009
TotalAnnualMaxCapacityInvestment,OPT,GLOBAL,PWRNGSBRBXX,,,,2043,,,,,,0.0009
TotalAnnualMaxCapacityInvestment,OPT,GLOBAL,PWRNGSBRBXX,,,,2044,,,,,,0.0009
TotalAnnualMaxCapacityInvestment,OPT,GLOBAL,PWRNGSBRBXX,,,,2045,,,,,,0.0009
TotalAnnualMaxCapacityInvestment,OPT,GLOBAL,PWRNGSBRBXX,,,,2046,,,,,,0.0009
TotalAnnualMaxCapacityInvestment,OPT,GLOBAL,PWRNGSBRBXX,,,,2047,,,,,,0.0009
TotalAnnualMaxCapacityInvestment,OPT,GLOBAL,PWRNGSBRBXX,,,,2048,,,,,,0.0009
TotalAnnualMaxCapacityInvestment,OPT,GLOBAL,PWRNGSBRBXX,,,,2049,,,,,,0.0009
TotalAnnualMaxCapacityInvestment,OPT,GLOBAL,PWRNGSBRBXX,,,,2050,,,,,,0.0009
TotalAnnualMaxCapacityInvestment,OPT,GLOBAL,PWRHYDPANXX,,,,2023,,,,,,0.0198
TotalAnnualMaxCapacityInvestment,OPT,GLOBAL,PWRHYDPANXX,,,,2024,,,,,,0.0207
TotalAnnualMaxCapacityInvestment,OPT,GLOBAL,PWRHYDPANXX,,,,2025,,,,,,0.0311
TotalAnnualMaxCapacityInvestment,OPT,GLOBAL,PWRHYDPANXX,,,,2026,,,,,,0.0311
TotalAnnualMaxCapacityInvestment,OPT,GLOBAL,PWRHYDPANXX,,,,2027,,,,,,0.066
TotalAnnualMaxCapacityInvestment,OPT,GLOBAL,PWRHYDPANXX,,,,2028,,,,,,0.0311
TotalAnnualMaxCapacityInvestment,OPT,GLOBAL,PWRHYDPANXX,,,,2029,,,,,,0.0311
TotalAnnualMaxCapacityInvestment,OPT,GLOBAL,PWRHYDPANXX,,,,2030,,,,,,0.2308
TotalAnnualMaxCapacityInvestment,OPT,GLOBAL,PWRHYDPANXX,,,,2031,,,,,,0.0311
TotalAnnualMaxCapacityInvestment,OPT,GLOBAL,PWRHYDPANXX,,,,2032,,,,,,0.0311
TotalAnnualMaxCapacityInvestment,OPT,GLOBAL,PWRHYDPANXX,,,,2033,,,,,,0.0311
TotalAnnualMaxCapacityInvestment,OPT,GLOBAL,PWRHYDPANXX,,,,2034,,,,,,0.0311
TotalAnnualMaxCapacityInvestment,OPT,GLOBAL,PWRHYDPANXX,,,,2035,,,,,,0.0311
TotalAnnualMaxCapacityInvestment,OPT,GLOBAL,PWRHYDPANXX,,,,2036,,,,,,0.0362
TotalAnnualMaxCapacityInvestment,OPT,GLOBAL,PWRHYDPANXX,,,,2037,,,,,,0.0362
TotalAnnualMaxCapacityInvestment,OPT,GLOBAL,PWRHYDPANXX,,,,2038,,,,,,0.0362
TotalAnnualMaxCapacityInvestment,OPT,GLOBAL,PWRHYDPANXX,,,,2039,,,,,,0.0362
TotalAnnualMaxCapacityInvestment,OPT,GLOBAL,PWRHYDPANXX,,,,2040,,,,,,0.0362
TotalAnnualMaxCapacityInvestment,OPT,GLOBAL,PWRHYDPANXX,,,,2041,,,,,,0.0362
TotalAnnualMaxCapacityInvestment,OPT,GLOBAL,PWRHYDPANXX,,,,2042,,,,,,0.0362
TotalAnnualMaxCapacityInvestment,OPT,GLOBAL,PWRHYDPANXX,,,,2043,,,,,,0.0362
TotalAnnualMaxCapacityInvestment,OPT,GLOBAL,PWRHYDPANXX,,,,2044,,,,,,0.0362
TotalAnnualMaxCapacityInvestment,OPT,GLOBAL,PWRHYDPANXX,,,,2045,,,,,,0.0362
TotalAnnualMaxCapacityInvestment,OPT,GLOBAL,PWRHYDPANXX,,,,2046,,,,,,0.0362
TotalAnnualMaxCapacityInvestment,OPT,GLOBAL,PWRHYDPANXX,,,,2047,,,,,,0.0362
TotalAnnualMaxCapacityInvestment,OPT,GLOBAL,PWRHYDPANXX,,,,2048,,,,,,0.0362
TotalAnnualMaxCapacityInvestment,OPT,GLOBAL,PWRHYDPANXX,,,,2049,,,,,,0.0362
TotalAnnualMaxCapacityInvestment,OPT,GLOBAL,PWRHYDPANXX,,,,2050,,,,,,0.0362
TotalAnnualMaxCapacityInvestment,OPT,GLOBAL,PWRSPVECUXX,,,,2023,,,,,,0.0861
TotalAnnualMaxCapacityInvestment,OPT,GLOBAL,PWRSPVECUXX,,,,2024,,,,,,0.0891
TotalAnnualMaxCapacityInvestment,OPT,GLOBAL,PWRSPVECUXX,,,,2025,,,,,,0.202
TotalAnnualMaxCapacityInvestment,OPT,GLOBAL,PWRSPVECUXX,,,,2026,,,,,,0.2
TotalAnnualMaxCapacityInvestment,OPT,GLOBAL,PWRSPVECUXX,,,,2027,,,,,,0.2
TotalAnnualMaxCapacityInvestment,OPT,GLOBAL,PWRSPVECUXX,,,,2028,,,,,,0.3333
TotalAnnualMaxCapacityInvestment,OPT,GLOBAL,PWRSPVECUXX,,,,2029,,,,,,0.2
TotalAnnualMaxCapacityInvestment,OPT,GLOBAL,PWRSPVECUXX,,,,2030,,,,,,0.2
TotalAnnualMaxCapacityInvestment,OPT,GLOBAL,PWRSPVECUXX,,,,2031,,,,,,0.2
TotalAnnualMaxCapacityInvestment,OPT,GLOBAL,PWRSPVECUXX,,,,2032,,,,,,0.2
TotalAnnualMaxCapacityInvestment,OPT,GLOBAL,PWRSPVECUXX,,,,2033,,,,,,0.2
TotalAnnualMaxCapacityInvestment,OPT,GLOBAL,PWRSPVECUXX,,,,2034,,,,,,0.2
TotalAnnualMaxCapacityInvestment,OPT,GLOBAL,PWRSPVECUXX,,,,2035,,,,,,0.2
TotalAnnualMaxCapacityInvestment,OPT,GLOBAL,PWRSPVECUXX,,,,2036,,,,,,0.0305
TotalAnnualMaxCapacityInvestment,OPT,GLOBAL,PWRSPVECUXX,,,,2037,,,,,,0.0305
TotalAnnualMaxCapacityInvestment,OPT,GLOBAL,PWRSPVECUXX,,,,2038,,,,,,0.0305
TotalAnnualMaxCapacityInvestment,OPT,GLOBAL,PWRSPVECUXX,,,,2039,,,,,,0.0305
TotalAnnualMaxCapacityInvestment,OPT,GLOBAL,PWRSPVECUXX,,,,2040,,,,,,0.0305
TotalAnnualMaxCapacityInvestment,OPT,GLOBAL,PWRSPVECUXX,,,,2041,,,,,,0.0305
TotalAnnualMaxCapacityInvestment,OPT,GLOBAL,PWRSPVECUXX,,,,2042,,,,,,0.0305
TotalAnnualMaxCapacityInvestment,OPT,GLOBAL,PWRSPVECUXX,,,,2043,,,,,,0.0305
TotalAnnualMaxCapacityInvestment,OPT,GLOBAL,PWRSPVECUXX,,,,2044,,,,,,0.0305
TotalAnnualMaxCapacityInvestment,OPT,GLOBAL,PWRSPVECUXX,,,,2045,,,,,,0.0305
TotalAnnualMaxCapacityInvestment,OPT,GLOBAL,PWRSPVECUXX,,,,2046,,,,,,0.0305
TotalAnnualMaxCapacityInvestment,OPT,GLOBAL,PWRSPVECUXX,,,,2047,,,,,,0.0305
TotalAnnualMaxCapacityInvestment,OPT,GLOBAL,PWRSPVECUXX,,,,2048,,,,,,0.0305
TotalAnnualMaxCapacityInvestment,OPT,GLOBAL,PWRSPVECUXX,,,,2049,,,,,,0.0305
TotalAnnualMaxCapacityInvestment,OPT,GLOBAL,PWRSPVECUXX,,,,2050,,,,,,0.0305
TotalAnnualMaxCapacityInvestment,OPT,GLOBAL,PWRNGSMEXXX,,,,2023,,,,,,0.0
TotalAnnualMaxCapacityInvestment,OPT,GLOBAL,PWRNGSMEXXX,,,,2024,,,,,,0.0
TotalAnnualMaxCapacityInvestment,OPT,GLOBAL,PWRNGSMEXXX,,,,2025,,,,,,3.7799
TotalAnnualMaxCapacityInvestment,OPT,GLOBAL,PWRNGSMEXXX,,,,2026,,,,,,3.7425
TotalAnnualMaxCapacityInvestment,OPT,GLOBAL,PWRNGSMEXXX,,,,2027,,,,,,3.7425
TotalAnnualMaxCapacityInvestment,OPT,GLOBAL,PWRNGSMEXXX,,,,2028,,,,,,3.7425
TotalAnnualMaxCapacityInvestment,OPT,GLOBAL,PWRNGSMEXXX,,,,2029,,,,,,3.7425
TotalAnnualMaxCapacityInvestment,OPT,GLOBAL,PWRNGSMEXXX,,,,2030,,,,,,3.7425
TotalAnnualMaxCapacityInvestment,OPT,GLOBAL,PWRNGSMEXXX,,,,2031,,,,,,3.7425
TotalAnnualMaxCapacityInvestment,OPT,GLOBAL,PWRNGSMEXXX,,,,2032,,,,,,3.7425
TotalAnnualMaxCapacityInvestment,OPT,GLOBAL,PWRNGSMEXXX,,,,2033,,,,,,3.7425
TotalAnnualMaxCapacityInvestment,OPT,GLOBAL,PWRNGSMEXXX,,,,2034,,,,,,3.7425
TotalAnnualMaxCapacityInvestment,OPT,GLOBAL,PWRNGSMEXXX,,,,2035,,,,,,3.7425
TotalAnnualMaxCapacityInvestment,OPT,GLOBAL,PWRNGSMEXXX,,,,2036,,,,,,0.2972
TotalAnnualMaxCapacityInvestment,OPT,GLOBAL,PWRNGSMEXXX,,,,2037,,,,,,0.2972
TotalAnnualMaxCapacityInvestment,OPT,GLOBAL,PWRNGSMEXXX,,,,2038,,,,,,0.2972
TotalAnnualMaxCapacityInvestment,OPT,GLOBAL,PWRNGSMEXXX,,,,2039,,,,,,0.2972
TotalAnnualMaxCapacityInvestment,OPT,GLOBAL,PWRNGSMEXXX,,,,2040,,,,,,0.2972
TotalAnnualMaxCapacityInvestment,OPT,GLOBAL,PWRNGSMEXXX,,,,2041,,,,,,0.2972
TotalAnnualMaxCapacityInvestment,OPT,GLOBAL,PWRNGSMEXXX,,,,2042,,,,,,0.2972
TotalAnnualMaxCapacityInvestment,OPT,GLOBAL,PWRNGSMEXXX,,,,2043,,,,,,0.2972
TotalAnnualMaxCapacityInvestment,OPT,GLOBAL,PWRNGSMEXXX,,,,2044,,,,,,0.2972
TotalAnnualMaxCapacityInvestment,OPT,GLOBAL,PWRNGSMEXXX,,,,2045,,,,,,0.2972
TotalAnnualMaxCapacityInvestment,OPT,GLOBAL,PWRNGSMEXXX,,,,2046,,,,,,0.2972
TotalAnnualMaxCapacityInvestment,OPT,GLOBAL,PWRNGSMEXXX,,,,2047,,,,,,0.2972
TotalAnnualMaxCapacityInvestment,OPT,GLOBAL,PWRNGSMEXXX,,,,2048,,,,,,0.2972
TotalAnnualMaxCapacityInvestment,OPT,GLOBAL,PWRNGSMEXXX,,,,2049,,,,,,0.2972
TotalAnnualMaxCapacityInvestment,OPT,GLOBAL,PWRNGSMEXXX,,,,2050,,,,,,0.2972
TotalAnnualMaxCapacityInvestment,OPT,GLOBAL,PWRWONBRBXX,,,,2023,,,,,,0.0051
TotalAnnualMaxCapacityInvestment,OPT,GLOBAL,PWRWONBRBXX,,,,2024,,,,,,0.0054
TotalAnnualMaxCapacityInvestment,OPT,GLOBAL,PWRWONBRBXX,,,,2025,,,,,,0.0046
TotalAnnualMaxCapacityInvestment,OPT,GLOBAL,PWRWONBRBXX,,,,2026,,,,,,0.0046
TotalAnnualMaxCapacityInvestment,OPT,GLOBAL,PWRWONBRBXX,,,,2027,,,,,,0.0046
TotalAnnualMaxCapacityInvestment,OPT,GLOBAL,PWRWONBRBXX,,,,2028,,,,,,0.0046
TotalAnnualMaxCapacityInvestment,OPT,GLOBAL,PWRWONBRBXX,,,,2029,,,,,,0.0046
TotalAnnualMaxCapacityInvestment,OPT,GLOBAL,PWRWONBRBXX,,,,2030,,,,,,0.0046
TotalAnnualMaxCapacityInvestment,OPT,GLOBAL,PWRWONBRBXX,,,,2031,,,,,,0.0046
TotalAnnualMaxCapacityInvestment,OPT,GLOBAL,PWRWONBRBXX,,,,2032,,,,,,0.0046
TotalAnnualMaxCapacityInvestment,OPT,GLOBAL,PWRWONBRBXX,,,,2033,,,,,,0.0046
TotalAnnualMaxCapacityInvestment,OPT,GLOBAL,PWRWONBRBXX,,,,2034,,,,,,0.0046
TotalAnnualMaxCapacityInvestment,OPT,GLOBAL,PWRWONBRBXX,,,,2035,,,,,,0.0046
TotalAnnualMaxCapacityInvestment,OPT,GLOBAL,PWRWONBRBXX,,,,2036,,,,,,0.0025
TotalAnnualMaxCapacityInvestment,OPT,GLOBAL,PWRWONBRBXX,,,,2037,,,,,,0.0025
TotalAnnualMaxCapacityInvestment,OPT,GLOBAL,PWRWONBRBXX,,,,2038,,,,,,0.0025
TotalAnnualMaxCapacityInvestment,OPT,GLOBAL,PWRWONBRBXX,,,,2039,,,,,,0.0025
TotalAnnualMaxCapacityInvestment,OPT,GLOBAL,PWRWONBRBXX,,,,2040,,,,,,0.0025
TotalAnnualMaxCapacityInvestment,OPT,GLOBAL,PWRWONBRBXX,,,,2041,,,,,,0.0025
TotalAnnualMaxCapacityInvestment,OPT,GLOBAL,PWRWONBRBXX,,,,2042,,,,,,0.0025
TotalAnnualMaxCapacityInvestment,OPT,GLOBAL,PWRWONBRBXX,,,,2043,,,,,,0.0025
TotalAnnualMaxCapacityInvestment,OPT,GLOBAL,PWRWONBRBXX,,,,2044,,,,,,0.0025
TotalAnnualMaxCapacityInvestment,OPT,GLOBAL,PWRWONBRBXX,,,,2045,,,,,,0.0025
TotalAnnualMaxCapacityInvestment,OPT,GLOBAL,PWRWONBRBXX,,,,2046,,,,,,0.0025
TotalAnnualMaxCapacityInvestment,OPT,GLOBAL,PWRWONBRBXX,,,,2047,,,,,,0.0025
TotalAnnualMaxCapacityInvestment,OPT,GLOBAL,PWRWONBRBXX,,,,2048,,,,,,0.0025
TotalAnnualMaxCapacityInvestment,OPT,GLOBAL,PWRWONBRBXX,,,,2049,,,,,,0.0025
TotalAnnualMaxCapacityInvestment,OPT,GLOBAL,PWRWONBRBXX,,,,2050,,,,,,0.0025
TotalAnnualMaxCapacityInvestment,OPT,GLOBAL,PWRHYDMEXXX,,,,2023,,,,,,0.4341
TotalAnnualMaxCapacityInvestment,OPT,GLOBAL,PWRHYDMEXXX,,,,2024,,,,,,0.4471
TotalAnnualMaxCapacityInvestment,OPT,GLOBAL,PWRHYDMEXXX,,,,2025,,,,,,0.24
TotalAnnualMaxCapacityInvestment,OPT,GLOBAL,PWRHYDMEXXX,,,,2026,,,,,,0.24
TotalAnnualMaxCapacityInvestment,OPT,GLOBAL,PWRHYDMEXXX,,,,2027,,,,,,0.3151
TotalAnnualMaxCapacityInvestment,OPT,GLOBAL,PWRHYDMEXXX,,,,2028,,,,,,0.24
TotalAnnualMaxCapacityInvestment,OPT,GLOBAL,PWRHYDMEXXX,,,,2029,,,,,,0.24
TotalAnnualMaxCapacityInvestment,OPT,GLOBAL,PWRHYDMEXXX,,,,2030,,,,,,0.24
TotalAnnualMaxCapacityInvestment,OPT,GLOBAL,PWRHYDMEXXX,,,,2031,,,,,,0.24
TotalAnnualMaxCapacityInvestment,OPT,GLOBAL,PWRHYDMEXXX,,,,2032,,,,,,0.24
TotalAnnualMaxCapacityInvestment,OPT,GLOBAL,PWRHYDMEXXX,,,,2033,,,,,,0.24
TotalAnnualMaxCapacityInvestment,OPT,GLOBAL,PWRHYDMEXXX,,,,2034,,,,,,0.24
TotalAnnualMaxCapacityInvestment,OPT,GLOBAL,PWRHYDMEXXX,,,,2035,,,,,,0.24
TotalAnnualMaxCapacityInvestment,OPT,GLOBAL,PWRHYDMEXXX,,,,2036,,,,,,0.0579
TotalAnnualMaxCapacityInvestment,OPT,GLOBAL,PWRHYDMEXXX,,,,2037,,,,,,0.0579
TotalAnnualMaxCapacityInvestment,OPT,GLOBAL,PWRHYDMEXXX,,,,2038,,,,,,0.0579
TotalAnnualMaxCapacityInvestment,OPT,GLOBAL,PWRHYDMEXXX,,,,2039,,,,,,0.0579
TotalAnnualMaxCapacityInvestment,OPT,GLOBAL,PWRHYDMEXXX,,,,2040,,,,,,0.0579
TotalAnnualMaxCapacityInvestment,OPT,GLOBAL,PWRHYDMEXXX,,,,2041,,,,,,0.0579
TotalAnnualMaxCapacityInvestment,OPT,GLOBAL,PWRHYDMEXXX,,,,2042,,,,,,0.0579
TotalAnnualMaxCapacityInvestment,OPT,GLOBAL,PWRHYDMEXXX,,,,2043,,,,,,0.0579
TotalAnnualMaxCapacityInvestment,OPT,GLOBAL,PWRHYDMEXXX,,,,2044,,,,,,0.0579
TotalAnnualMaxCapacityInvestment,OPT,GLOBAL,PWRHYDMEXXX,,,,2045,,,,,,0.0579
TotalAnnualMaxCapacityInvestment,OPT,GLOBAL,PWRHYDMEXXX,,,,2046,,,,,,0.0579
TotalAnnualMaxCapacityInvestment,OPT,GLOBAL,PWRHYDMEXXX,,,,2047,,,,,,0.0579
TotalAnnualMaxCapacityInvestment,OPT,GLOBAL,PWRHYDMEXXX,,,,2048,,,,,,0.0579
TotalAnnualMaxCapacityInvestment,OPT,GLOBAL,PWRHYDMEXXX,,,,2049,,,,,,0.0579
TotalAnnualMaxCapacityInvestment,OPT,GLOBAL,PWRHYDMEXXX,,,,2050,,,,,,0.0579
TotalAnnualMaxCapacityInvestment,OPT,GLOBAL,PWRWASPANXX,,,,2023,,,,,,0.1482
TotalAnnualMaxCapacityInvestment,OPT,GLOBAL,PWRWASPANXX,,,,2024,,,,,,0.1554
TotalAnnualMaxCapacityInvestment,OPT,GLOBAL,PWRWASPANXX,,,,2025,,,,,,0.0037
TotalAnnualMaxCapacityInvestment,OPT,GLOBAL,PWRWASPANXX,,,,2026,,,,,,0.0037
TotalAnnualMaxCapacityInvestment,OPT,GLOBAL,PWRWASPANXX,,,,2027,,,,,,0.0037
TotalAnnualMaxCapacityInvestment,OPT,GLOBAL,PWRWASPANXX,,,,2028,,,,,,0.0037
TotalAnnualMaxCapacityInvestment,OPT,GLOBAL,PWRWASPANXX,,,,2029,,,,,,0.0037
TotalAnnualMaxCapacityInvestment,OPT,GLOBAL,PWRWASPANXX,,,,2030,,,,,,0.0037
TotalAnnualMaxCapacityInvestment,OPT,GLOBAL,PWRWASPANXX,,,,2031,,,,,,0.0037
TotalAnnualMaxCapacityInvestment,OPT,GLOBAL,PWRWASPANXX,,,,2032,,,,,,0.0037
TotalAnnualMaxCapacityInvestment,OPT,GLOBAL,PWRWASPANXX,,,,2033,,,,,,0.0037
TotalAnnualMaxCapacityInvestment,OPT,GLOBAL,PWRWASPANXX,,,,2034,,,,,,0.0037
TotalAnnualMaxCapacityInvestment,OPT,GLOBAL,PWRWASPANXX,,,,2035,,,,,,0.0037
TotalAnnualMaxCapacityInvestment,OPT,GLOBAL,PWRWASPANXX,,,,2036,,,,,,0.003
TotalAnnualMaxCapacityInvestment,OPT,GLOBAL,PWRWASPANXX,,,,2037,,,,,,0.003
TotalAnnualMaxCapacityInvestment,OPT,GLOBAL,PWRWASPANXX,,,,2038,,,,,,0.003
TotalAnnualMaxCapacityInvestment,OPT,GLOBAL,PWRWASPANXX,,,,2039,,,,,,0.003
TotalAnnualMaxCapacityInvestment,OPT,GLOBAL,PWRWASPANXX,,,,2040,,,,,,0.003
TotalAnnualMaxCapacityInvestment,OPT,GLOBAL,PWRWASPANXX,,,,2041,,,,,,0.003
TotalAnnualMaxCapacityInvestment,OPT,GLOBAL,PWRWASPANXX,,,,2042,,,,,,0.003
TotalAnnualMaxCapacityInvestment,OPT,GLOBAL,PWRWASPANXX,,,,2043,,,,,,0.003
TotalAnnualMaxCapacityInvestment,OPT,GLOBAL,PWRWASPANXX,,,,2044,,,,,,0.003
TotalAnnualMaxCapacityInvestment,OPT,GLOBAL,PWRWASPANXX,,,,2045,,,,,,0.003
TotalAnnualMaxCapacityInvestment,OPT,GLOBAL,PWRWASPANXX,,,,2046,,,,,,0.003
TotalAnnualMaxCapacityInvestment,OPT,GLOBAL,PWRWASPANXX,,,,2047,,,,,,0.003
TotalAnnualMaxCapacityInvestment,OPT,GLOBAL,PWRWASPANXX,,,,2048,,,,,,0.003
TotalAnnualMaxCapacityInvestment,OPT,GLOBAL,PWRWASPANXX,,,,2049,,,,,,0.003
TotalAnnualMaxCapacityInvestment,OPT,GLOBAL,PWRWASPANXX,,,,2050,,,,,,0.003
TotalAnnualMaxCapacityInvestment,OPT,GLOBAL,PWROILNICXX,,,,2023,,,,,,0.0668
TotalAnnualMaxCapacityInvestment,OPT,GLOBAL,PWROILNICXX,,,,2024,,,,,,0.0699
TotalAnnualMaxCapacityInvestment,OPT,GLOBAL,PWROILNICXX,,,,2025,,,,,,0.0
TotalAnnualMaxCapacityInvestment,OPT,GLOBAL,PWROILNICXX,,,,2026,,,,,,0.0
TotalAnnualMaxCapacityInvestment,OPT,GLOBAL,PWROILNICXX,,,,2027,,,,,,0.0
TotalAnnualMaxCapacityInvestment,OPT,GLOBAL,PWROILNICXX,,,,2028,,,,,,0.0
TotalAnnualMaxCapacityInvestment,OPT,GLOBAL,PWROILNICXX,,,,2029,,,,,,0.0
TotalAnnualMaxCapacityInvestment,OPT,GLOBAL,PWROILNICXX,,,,2030,,,,,,0.0
TotalAnnualMaxCapacityInvestment,OPT,GLOBAL,PWROILNICXX,,,,2031,,,,,,0.0
TotalAnnualMaxCapacityInvestment,OPT,GLOBAL,PWROILNICXX,,,,2032,,,,,,0.0
TotalAnnualMaxCapacityInvestment,OPT,GLOBAL,PWROILNICXX,,,,2033,,,,,,0.0
TotalAnnualMaxCapacityInvestment,OPT,GLOBAL,PWROILNICXX,,,,2034,,,,,,0.0
TotalAnnualMaxCapacityInvestment,OPT,GLOBAL,PWROILNICXX,,,,2035,,,,,,0.0
TotalAnnualMaxCapacityInvestment,OPT,GLOBAL,PWROILNICXX,,,,2036,,,,,,0.0
TotalAnnualMaxCapacityInvestment,OPT,GLOBAL,PWROILNICXX,,,,2037,,,,,,0.0
TotalAnnualMaxCapacityInvestment,OPT,GLOBAL,PWROILNICXX,,,,2038,,,,,,0.0
TotalAnnualMaxCapacityInvestment,OPT,GLOBAL,PWROILNICXX,,,,2039,,,,,,0.0
TotalAnnualMaxCapacityInvestment,OPT,GLOBAL,PWROILNICXX,,,,2040,,,,,,0.0
TotalAnnualMaxCapacityInvestment,OPT,GLOBAL,PWROILNICXX,,,,2041,,,,,,0.0
TotalAnnualMaxCapacityInvestment,OPT,GLOBAL,PWROILNICXX,,,,2042,,,,,,0.0
TotalAnnualMaxCapacityInvestment,OPT,GLOBAL,PWROILNICXX,,,,2043,,,,,,0.0
TotalAnnualMaxCapacityInvestment,OPT,GLOBAL,PWROILNICXX,,,,2044,,,,,,0.0
TotalAnnualMaxCapacityInvestment,OPT,GLOBAL,PWROILNICXX,,,,2045,,,,,,0.0
TotalAnnualMaxCapacityInvestment,OPT,GLOBAL,PWROILNICXX,,,,2046,,,,,,0.0
TotalAnnualMaxCapacityInvestment,OPT,GLOBAL,PWROILNICXX,,,,2047,,,,,,0.0
TotalAnnualMaxCapacityInvestment,OPT,GLOBAL,PWROILNICXX,,,,2048,,,,,,0.0
TotalAnnualMaxCapacityInvestment,OPT,GLOBAL,PWROILNICXX,,,,2049,,,,,,0.0
TotalAnnualMaxCapacityInvestment,OPT,GLOBAL,PWROILNICXX,,,,2050,,,,,,0.0
TotalAnnualMaxCapacityInvestment,OPT,GLOBAL,PWRHYDGTMXX,,,,2023,,,,,,0.0167
TotalAnnualMaxCapacityInvestment,OPT,GLOBAL,PWRHYDGTMXX,,,,2024,,,,,,0.0172
TotalAnnualMaxCapacityInvestment,OPT,GLOBAL,PWRHYDGTMXX,,,,2025,,,,,,0.0497
TotalAnnualMaxCapacityInvestment,OPT,GLOBAL,PWRHYDGTMXX,,,,2026,,,,,,0.0497
TotalAnnualMaxCapacityInvestment,OPT,GLOBAL,PWRHYDGTMXX,,,,2027,,,,,,0.0497
TotalAnnualMaxCapacityInvestment,OPT,GLOBAL,PWRHYDGTMXX,,,,2028,,,,,,0.0497
TotalAnnualMaxCapacityInvestment,OPT,GLOBAL,PWRHYDGTMXX,,,,2029,,,,,,0.0497
TotalAnnualMaxCapacityInvestment,OPT,GLOBAL,PWRHYDGTMXX,,,,2030,,,,,,0.0497
TotalAnnualMaxCapacityInvestment,OPT,GLOBAL,PWRHYDGTMXX,,,,2031,,,,,,0.0497
TotalAnnualMaxCapacityInvestment,OPT,GLOBAL,PWRHYDGTMXX,,,,2032,,,,,,0.0497
TotalAnnualMaxCapacityInvestment,OPT,GLOBAL,PWRHYDGTMXX,,,,2033,,,,,,0.0497
TotalAnnualMaxCapacityInvestment,OPT,GLOBAL,PWRHYDGTMXX,,,,2034,,,,,,0.0497
TotalAnnualMaxCapacityInvestment,OPT,GLOBAL,PWRHYDGTMXX,,,,2035,,,,,,0.0497
TotalAnnualMaxCapacityInvestment,OPT,GLOBAL,PWRHYDGTMXX,,,,2036,,,,,,0.0578
TotalAnnualMaxCapacityInvestment,OPT,GLOBAL,PWRHYDGTMXX,,,,2037,,,,,,0.0578
TotalAnnualMaxCapacityInvestment,OPT,GLOBAL,PWRHYDGTMXX,,,,2038,,,,,,0.0578
TotalAnnualMaxCapacityInvestment,OPT,GLOBAL,PWRHYDGTMXX,,,,2039,,,,,,0.0578
TotalAnnualMaxCapacityInvestment,OPT,GLOBAL,PWRHYDGTMXX,,,,2040,,,,,,0.0578
TotalAnnualMaxCapacityInvestment,OPT,GLOBAL,PWRHYDGTMXX,,,,2041,,,,,,0.0578
TotalAnnualMaxCapacityInvestment,OPT,GLOBAL,PWRHYDGTMXX,,,,2042,,,,,,0.0578
TotalAnnualMaxCapacityInvestment,OPT,GLOBAL,PWRHYDGTMXX,,,,2043,,,,,,0.0578
TotalAnnualMaxCapacityInvestment,OPT,GLOBAL,PWRHYDGTMXX,,,,2044,,,,,,0.0578
TotalAnnualMaxCapacityInvestment,OPT,GLOBAL,PWRHYDGTMXX,,,,2045,,,,,,0.0578
TotalAnnualMaxCapacityInvestment,OPT,GLOBAL,PWRHYDGTMXX,,,,2046,,,,,,0.0578
TotalAnnualMaxCapacityInvestment,OPT,GLOBAL,PWRHYDGTMXX,,,,2047,,,,,,0.0578
TotalAnnualMaxCapacityInvestment,OPT,GLOBAL,PWRHYDGTMXX,,,,2048,,,,,,0.0578
TotalAnnualMaxCapacityInvestment,OPT,GLOBAL,PWRHYDGTMXX,,,,2049,,,,,,0.0578
TotalAnnualMaxCapacityInvestment,OPT,GLOBAL,PWRHYDGTMXX,,,,2050,,,,,,0.0578
TotalAnnualMaxCapacityInvestment,OPT,GLOBAL,PWRWONCHLXX,,,,2023,,,,,,0.709
TotalAnnualMaxCapacityInvestment,OPT,GLOBAL,PWRWONCHLXX,,,,2024,,,,,,0.184
TotalAnnualMaxCapacityInvestment,OPT,GLOBAL,PWRWONCHLXX,,,,2025,,,,,,0.7535
TotalAnnualMaxCapacityInvestment,OPT,GLOBAL,PWRWONCHLXX,,,,2026,,,,,,0.8463
TotalAnnualMaxCapacityInvestment,OPT,GLOBAL,PWRWONCHLXX,,,,2027,,,,,,0.9432
TotalAnnualMaxCapacityInvestment,OPT,GLOBAL,PWRWONCHLXX,,,,2028,,,,,,1.0424
TotalAnnualMaxCapacityInvestment,OPT,GLOBAL,PWRWONCHLXX,,,,2029,,,,,,1.1415
TotalAnnualMaxCapacityInvestment,OPT,GLOBAL,PWRWONCHLXX,,,,2030,,,,,,3.3421
TotalAnnualMaxCapacityInvestment,OPT,GLOBAL,PWRWONCHLXX,,,,2031,,,,,,1.3276
TotalAnnualMaxCapacityInvestment,OPT,GLOBAL,PWRWONCHLXX,,,,2032,,,,,,1.408
TotalAnnualMaxCapacityInvestment,OPT,GLOBAL,PWRWONCHLXX,,,,2033,,,,,,1.4756
TotalAnnualMaxCapacityInvestment,OPT,GLOBAL,PWRWONCHLXX,,,,2034,,,,,,1.5275
TotalAnnualMaxCapacityInvestment,OPT,GLOBAL,PWRWONCHLXX,,,,2035,,,,,,1.5613
TotalAnnualMaxCapacityInvestment,OPT,GLOBAL,PWRWONCHLXX,,,,2036,,,,,,1.5755
TotalAnnualMaxCapacityInvestment,OPT,GLOBAL,PWRWONCHLXX,,,,2037,,,,,,1.5695
TotalAnnualMaxCapacityInvestment,OPT,GLOBAL,PWRWONCHLXX,,,,2038,,,,,,1.5439
TotalAnnualMaxCapacityInvestment,OPT,GLOBAL,PWRWONCHLXX,,,,2039,,,,,,1.5001
TotalAnnualMaxCapacityInvestment,OPT,GLOBAL,PWRWONCHLXX,,,,2040,,,,,,1.4403
TotalAnnualMaxCapacityInvestment,OPT,GLOBAL,PWRWONCHLXX,,,,2041,,,,,,1.3673
TotalAnnualMaxCapacityInvestment,OPT,GLOBAL,PWRWONCHLXX,,,,2042,,,,,,1.2842
TotalAnnualMaxCapacityInvestment,OPT,GLOBAL,PWRWONCHLXX,,,,2043,,,,,,1.1942
TotalAnnualMaxCapacityInvestment,OPT,GLOBAL,PWRWONCHLXX,,,,2044,,,,,,1.1004
TotalAnnualMaxCapacityInvestment,OPT,GLOBAL,PWRWONCHLXX,,,,2045,,,,,,1.0055
TotalAnnualMaxCapacityInvestment,OPT,GLOBAL,PWRWONCHLXX,,,,2046,,,,,,1.3047
TotalAnnualMaxCapacityInvestment,OPT,GLOBAL,PWRWONCHLXX,,,,2047,,,,,,1.3047
TotalAnnualMaxCapacityInvestment,OPT,GLOBAL,PWRWONCHLXX,,,,2048,,,,,,1.3047
TotalAnnualMaxCapacityInvestment,OPT,GLOBAL,PWRWONCHLXX,,,,2049,,,,,,1.3047
TotalAnnualMaxCapacityInvestment,OPT,GLOBAL,PWRWONCHLXX,,,,2050,,,,,,1.3047
TotalAnnualMaxCapacityInvestment,OPT,GLOBAL,PWRCOAARGXX,,,,2023,,,,,,1.7036
TotalAnnualMaxCapacityInvestment,OPT,GLOBAL,PWRCOAARGXX,,,,2024,,,,,,1.7186
TotalAnnualMaxCapacityInvestment,OPT,GLOBAL,PWRCOAARGXX,,,,2025,,,,,,0.0054
TotalAnnualMaxCapacityInvestment,OPT,GLOBAL,PWRCOAARGXX,,,,2026,,,,,,0.0054
TotalAnnualMaxCapacityInvestment,OPT,GLOBAL,PWRCOAARGXX,,,,2027,,,,,,0.0054
TotalAnnualMaxCapacityInvestment,OPT,GLOBAL,PWRCOAARGXX,,,,2028,,,,,,0.0054
TotalAnnualMaxCapacityInvestment,OPT,GLOBAL,PWRCOAARGXX,,,,2029,,,,,,0.0054
TotalAnnualMaxCapacityInvestment,OPT,GLOBAL,PWRCOAARGXX,,,,2030,,,,,,0.0054
TotalAnnualMaxCapacityInvestment,OPT,GLOBAL,PWRCOAARGXX,,,,2031,,,,,,0.0054
TotalAnnualMaxCapacityInvestment,OPT,GLOBAL,PWRCOAARGXX,,,,2032,,,,,,0.0054
TotalAnnualMaxCapacityInvestment,OPT,GLOBAL,PWRCOAARGXX,,,,2033,,,,,,0.0054
TotalAnnualMaxCapacityInvestment,OPT,GLOBAL,PWRCOAARGXX,,,,2034,,,,,,0.0054
TotalAnnualMaxCapacityInvestment,OPT,GLOBAL,PWRCOAARGXX,,,,2035,,,,,,0.0054
TotalAnnualMaxCapacityInvestment,OPT,GLOBAL,PWRCOAARGXX,,,,2036,,,,,,0.0
TotalAnnualMaxCapacityInvestment,OPT,GLOBAL,PWRCOAARGXX,,,,2037,,,,,,0.0
TotalAnnualMaxCapacityInvestment,OPT,GLOBAL,PWRCOAARGXX,,,,2038,,,,,,0.0
TotalAnnualMaxCapacityInvestment,OPT,GLOBAL,PWRCOAARGXX,,,,2039,,,,,,0.0
TotalAnnualMaxCapacityInvestment,OPT,GLOBAL,PWRCOAARGXX,,,,2040,,,,,,0.0
TotalAnnualMaxCapacityInvestment,OPT,GLOBAL,PWRCOAARGXX,,,,2041,,,,,,0.0
TotalAnnualMaxCapacityInvestment,OPT,GLOBAL,PWRCOAARGXX,,,,2042,,,,,,0.0
TotalAnnualMaxCapacityInvestment,OPT,GLOBAL,PWRCOAARGXX,,,,2043,,,,,,0.0
TotalAnnualMaxCapacityInvestment,OPT,GLOBAL,PWRCOAARGXX,,,,2044,,,,,,0.0
TotalAnnualMaxCapacityInvestment,OPT,GLOBAL,PWRCOAARGXX,,,,2045,,,,,,0.0
TotalAnnualMaxCapacityInvestment,OPT,GLOBAL,PWRCOAARGXX,,,,2046,,,,,,0.0
TotalAnnualMaxCapacityInvestment,OPT,GLOBAL,PWRCOAARGXX,,,,2047,,,,,,0.0
TotalAnnualMaxCapacityInvestment,OPT,GLOBAL,PWRCOAARGXX,,,,2048,,,,,,0.0
TotalAnnualMaxCapacityInvestment,OPT,GLOBAL,PWRCOAARGXX,,,,2049,,,,,,0.0
TotalAnnualMaxCapacityInvestment,OPT,GLOBAL,PWRCOAARGXX,,,,2050,,,,,,0.0
TotalAnnualMaxCapacityInvestment,OPT,GLOBAL,PWRPETPERXX,,,,2023,,,,,,0.5889
TotalAnnualMaxCapacityInvestment,OPT,GLOBAL,PWRPETPERXX,,,,2024,,,,,,0.6141
TotalAnnualMaxCapacityInvestment,OPT,GLOBAL,PWRPETPERXX,,,,2025,,,,,,0.0
TotalAnnualMaxCapacityInvestment,OPT,GLOBAL,PWRPETPERXX,,,,2026,,,,,,0.0
TotalAnnualMaxCapacityInvestment,OPT,GLOBAL,PWRPETPERXX,,,,2027,,,,,,0.0
TotalAnnualMaxCapacityInvestment,OPT,GLOBAL,PWRPETPERXX,,,,2028,,,,,,0.0
TotalAnnualMaxCapacityInvestment,OPT,GLOBAL,PWRPETPERXX,,,,2029,,,,,,0.0
TotalAnnualMaxCapacityInvestment,OPT,GLOBAL,PWRPETPERXX,,,,2030,,,,,,0.0
TotalAnnualMaxCapacityInvestment,OPT,GLOBAL,PWRPETPERXX,,,,2031,,,,,,0.0
TotalAnnualMaxCapacityInvestment,OPT,GLOBAL,PWRPETPERXX,,,,2032,,,,,,0.0
TotalAnnualMaxCapacityInvestment,OPT,GLOBAL,PWRPETPERXX,,,,2033,,,,,,0.0
TotalAnnualMaxCapacityInvestment,OPT,GLOBAL,PWRPETPERXX,,,,2034,,,,,,0.0
TotalAnnualMaxCapacityInvestment,OPT,GLOBAL,PWRPETPERXX,,,,2035,,,,,,0.0
TotalAnnualMaxCapacityInvestment,OPT,GLOBAL,PWRPETPERXX,,,,2036,,,,,,0.0
TotalAnnualMaxCapacityInvestment,OPT,GLOBAL,PWRPETPERXX,,,,2037,,,,,,0.0
TotalAnnualMaxCapacityInvestment,OPT,GLOBAL,PWRPETPERXX,,,,2038,,,,,,0.0
TotalAnnualMaxCapacityInvestment,OPT,GLOBAL,PWRPETPERXX,,,,2039,,,,,,0.0
TotalAnnualMaxCapacityInvestment,OPT,GLOBAL,PWRPETPERXX,,,,2040,,,,,,0.0
TotalAnnualMaxCapacityInvestment,OPT,GLOBAL,PWRPETPERXX,,,,2041,,,,,,0.0
TotalAnnualMaxCapacityInvestment,OPT,GLOBAL,PWRPETPERXX,,,,2042,,,,,,0.0
TotalAnnualMaxCapacityInvestment,OPT,GLOBAL,PWRPETPERXX,,,,2043,,,,,,0.0
TotalAnnualMaxCapacityInvestment,OPT,GLOBAL,PWRPETPERXX,,,,2044,,,,,,0.0
TotalAnnualMaxCapacityInvestment,OPT,GLOBAL,PWRPETPERXX,,,,2045,,,,,,0.0
TotalAnnualMaxCapacityInvestment,OPT,GLOBAL,PWRPETPERXX,,,,2046,,,,,,0.0
TotalAnnualMaxCapacityInvestment,OPT,GLOBAL,PWRPETPERXX,,,,2047,,,,,,0.0
TotalAnnualMaxCapacityInvestment,OPT,GLOBAL,PWRPETPERXX,,,,2048,,,,,,0.0
TotalAnnualMaxCapacityInvestment,OPT,GLOBAL,PWRPETPERXX,,,,2049,,,,,,0.0
TotalAnnualMaxCapacityInvestment,OPT,GLOBAL,PWRPETPERXX,,,,2050,,,,,,0.0
TotalAnnualMaxCapacityInvestment,OPT,GLOBAL,PWRHYDDOMXX,,,,2023,,,,,,0.0271
TotalAnnualMaxCapacityInvestment,OPT,GLOBAL,PWRHYDDOMXX,,,,2024,,,,,,0.0284
TotalAnnualMaxCapacityInvestment,OPT,GLOBAL,PWRHYDDOMXX,,,,2025,,,,,,0.0023
TotalAnnualMaxCapacityInvestment,OPT,GLOBAL,PWRHYDDOMXX,,,,2026,,,,,,0.0023
TotalAnnualMaxCapacityInvestment,OPT,GLOBAL,PWRHYDDOMXX,,,,2027,,,,,,0.0023
TotalAnnualMaxCapacityInvestment,OPT,GLOBAL,PWRHYDDOMXX,,,,2028,,,,,,0.0023
TotalAnnualMaxCapacityInvestment,OPT,GLOBAL,PWRHYDDOMXX,,,,2029,,,,,,0.0023
TotalAnnualMaxCapacityInvestment,OPT,GLOBAL,PWRHYDDOMXX,,,,2030,,,,,,0.0023
TotalAnnualMaxCapacityInvestment,OPT,GLOBAL,PWRHYDDOMXX,,,,2031,,,,,,0.0023
TotalAnnualMaxCapacityInvestment,OPT,GLOBAL,PWRHYDDOMXX,,,,2032,,,,,,0.0023
TotalAnnualMaxCapacityInvestment,OPT,GLOBAL,PWRHYDDOMXX,,,,2033,,,,,,0.0023
TotalAnnualMaxCapacityInvestment,OPT,GLOBAL,PWRHYDDOMXX,,,,2034,,,,,,0.0023
TotalAnnualMaxCapacityInvestment,OPT,GLOBAL,PWRHYDDOMXX,,,,2035,,,,,,0.0023
TotalAnnualMaxCapacityInvestment,OPT,GLOBAL,PWRHYDDOMXX,,,,2036,,,,,,0.0027
TotalAnnualMaxCapacityInvestment,OPT,GLOBAL,PWRHYDDOMXX,,,,2037,,,,,,0.0027
TotalAnnualMaxCapacityInvestment,OPT,GLOBAL,PWRHYDDOMXX,,,,2038,,,,,,0.0027
TotalAnnualMaxCapacityInvestment,OPT,GLOBAL,PWRHYDDOMXX,,,,2039,,,,,,0.0027
TotalAnnualMaxCapacityInvestment,OPT,GLOBAL,PWRHYDDOMXX,,,,2040,,,,,,0.0027
TotalAnnualMaxCapacityInvestment,OPT,GLOBAL,PWRHYDDOMXX,,,,2041,,,,,,0.0027
TotalAnnualMaxCapacityInvestment,OPT,GLOBAL,PWRHYDDOMXX,,,,2042,,,,,,0.0027
TotalAnnualMaxCapacityInvestment,OPT,GLOBAL,PWRHYDDOMXX,,,,2043,,,,,,0.0027
TotalAnnualMaxCapacityInvestment,OPT,GLOBAL,PWRHYDDOMXX,,,,2044,,,,,,0.0027
TotalAnnualMaxCapacityInvestment,OPT,GLOBAL,PWRHYDDOMXX,,,,2045,,,,,,0.0027
TotalAnnualMaxCapacityInvestment,OPT,GLOBAL,PWRHYDDOMXX,,,,2046,,,,,,0.0027
TotalAnnualMaxCapacityInvestment,OPT,GLOBAL,PWRHYDDOMXX,,,,2047,,,,,,0.0027
TotalAnnualMaxCapacityInvestment,OPT,GLOBAL,PWRHYDDOMXX,,,,2048,,,,,,0.0027
TotalAnnualMaxCapacityInvestment,OPT,GLOBAL,PWRHYDDOMXX,,,,2049,,,,,,0.0027
TotalAnnualMaxCapacityInvestment,OPT,GLOBAL,PWRHYDDOMXX,,,,2050,,,,,,0.0027
TotalAnnualMaxCapacityInvestment,OPT,GLOBAL,PWRBIONICXX,,,,2023,,,,,,0.0178
TotalAnnualMaxCapacityInvestment,OPT,GLOBAL,PWRBIONICXX,,,,2024,,,,,,0.0186
TotalAnnualMaxCapacityInvestment,OPT,GLOBAL,PWRBIONICXX,,,,2025,,,,,,0.0195
TotalAnnualMaxCapacityInvestment,OPT,GLOBAL,PWRBIONICXX,,,,2026,,,,,,0.0195
TotalAnnualMaxCapacityInvestment,OPT,GLOBAL,PWRBIONICXX,,,,2027,,,,,,0.0195
TotalAnnualMaxCapacityInvestment,OPT,GLOBAL,PWRBIONICXX,,,,2028,,,,,,0.0195
TotalAnnualMaxCapacityInvestment,OPT,GLOBAL,PWRBIONICXX,,,,2029,,,,,,0.0195
TotalAnnualMaxCapacityInvestment,OPT,GLOBAL,PWRBIONICXX,,,,2030,,,,,,0.0195
TotalAnnualMaxCapacityInvestment,OPT,GLOBAL,PWRBIONICXX,,,,2031,,,,,,0.0195
TotalAnnualMaxCapacityInvestment,OPT,GLOBAL,PWRBIONICXX,,,,2032,,,,,,0.0195
TotalAnnualMaxCapacityInvestment,OPT,GLOBAL,PWRBIONICXX,,,,2033,,,,,,0.0195
TotalAnnualMaxCapacityInvestment,OPT,GLOBAL,PWRBIONICXX,,,,2034,,,,,,0.0195
TotalAnnualMaxCapacityInvestment,OPT,GLOBAL,PWRBIONICXX,,,,2035,,,,,,0.0195
TotalAnnualMaxCapacityInvestment,OPT,GLOBAL,PWRBIONICXX,,,,2036,,,,,,0.0159
TotalAnnualMaxCapacityInvestment,OPT,GLOBAL,PWRBIONICXX,,,,2037,,,,,,0.0159
TotalAnnualMaxCapacityInvestment,OPT,GLOBAL,PWRBIONICXX,,,,2038,,,,,,0.0159
TotalAnnualMaxCapacityInvestment,OPT,GLOBAL,PWRBIONICXX,,,,2039,,,,,,0.0159
TotalAnnualMaxCapacityInvestment,OPT,GLOBAL,PWRBIONICXX,,,,2040,,,,,,0.0159
TotalAnnualMaxCapacityInvestment,OPT,GLOBAL,PWRBIONICXX,,,,2041,,,,,,0.0159
TotalAnnualMaxCapacityInvestment,OPT,GLOBAL,PWRBIONICXX,,,,2042,,,,,,0.0159
TotalAnnualMaxCapacityInvestment,OPT,GLOBAL,PWRBIONICXX,,,,2043,,,,,,0.0159
TotalAnnualMaxCapacityInvestment,OPT,GLOBAL,PWRBIONICXX,,,,2044,,,,,,0.0159
TotalAnnualMaxCapacityInvestment,OPT,GLOBAL,PWRBIONICXX,,,,2045,,,,,,0.0159
TotalAnnualMaxCapacityInvestment,OPT,GLOBAL,PWRBIONICXX,,,,2046,,,,,,0.0159
TotalAnnualMaxCapacityInvestment,OPT,GLOBAL,PWRBIONICXX,,,,2047,,,,,,0.0159
TotalAnnualMaxCapacityInvestment,OPT,GLOBAL,PWRBIONICXX,,,,2048,,,,,,0.0159
TotalAnnualMaxCapacityInvestment,OPT,GLOBAL,PWRBIONICXX,,,,2049,,,,,,0.0159
TotalAnnualMaxCapacityInvestment,OPT,GLOBAL,PWRBIONICXX,,,,2050,,,,,,0.0159
TotalAnnualMaxCapacityInvestment,OPT,GLOBAL,PWRWONGTMXX,,,,2023,,,,,,0.0334
TotalAnnualMaxCapacityInvestment,OPT,GLOBAL,PWRWONGTMXX,,,,2024,,,,,,0.0344
TotalAnnualMaxCapacityInvestment,OPT,GLOBAL,PWRWONGTMXX,,,,2025,,,,,,0.026
TotalAnnualMaxCapacityInvestment,OPT,GLOBAL,PWRWONGTMXX,,,,2026,,,,,,0.026
TotalAnnualMaxCapacityInvestment,OPT,GLOBAL,PWRWONGTMXX,,,,2027,,,,,,0.026
TotalAnnualMaxCapacityInvestment,OPT,GLOBAL,PWRWONGTMXX,,,,2028,,,,,,0.026
TotalAnnualMaxCapacityInvestment,OPT,GLOBAL,PWRWONGTMXX,,,,2029,,,,,,0.026
TotalAnnualMaxCapacityInvestment,OPT,GLOBAL,PWRWONGTMXX,,,,2030,,,,,,0.026
TotalAnnualMaxCapacityInvestment,OPT,GLOBAL,PWRWONGTMXX,,,,2031,,,,,,0.026
TotalAnnualMaxCapacityInvestment,OPT,GLOBAL,PWRWONGTMXX,,,,2032,,,,,,0.026
TotalAnnualMaxCapacityInvestment,OPT,GLOBAL,PWRWONGTMXX,,,,2033,,,,,,0.026
TotalAnnualMaxCapacityInvestment,OPT,GLOBAL,PWRWONGTMXX,,,,2034,,,,,,0.026
TotalAnnualMaxCapacityInvestment,OPT,GLOBAL,PWRWONGTMXX,,,,2035,,,,,,0.026
TotalAnnualMaxCapacityInvestment,OPT,GLOBAL,PWRWONGTMXX,,,,2036,,,,,,0.0505
TotalAnnualMaxCapacityInvestment,OPT,GLOBAL,PWRWONGTMXX,,,,2037,,,,,,0.2424
TotalAnnualMaxCapacityInvestment,OPT,GLOBAL,PWRWONGTMXX,,,,2038,,,,,,0.0143
TotalAnnualMaxCapacityInvestment,OPT,GLOBAL,PWRWONGTMXX,,,,2039,,,,,,0.0404
TotalAnnualMaxCapacityInvestment,OPT,GLOBAL,PWRWONGTMXX,,,,2040,,,,,,0.0162
TotalAnnualMaxCapacityInvestment,OPT,GLOBAL,PWRWONGTMXX,,,,2041,,,,,,0.0162
TotalAnnualMaxCapacityInvestment,OPT,GLOBAL,PWRWONGTMXX,,,,2042,,,,,,0.0162
TotalAnnualMaxCapacityInvestment,OPT,GLOBAL,PWRWONGTMXX,,,,2043,,,,,,0.0162
TotalAnnualMaxCapacityInvestment,OPT,GLOBAL,PWRWONGTMXX,,,,2044,,,,,,0.0143
TotalAnnualMaxCapacityInvestment,OPT,GLOBAL,PWRWONGTMXX,,,,2045,,,,,,0.0143
TotalAnnualMaxCapacityInvestment,OPT,GLOBAL,PWRWONGTMXX,,,,2046,,,,,,0.0143
TotalAnnualMaxCapacityInvestment,OPT,GLOBAL,PWRWONGTMXX,,,,2047,,,,,,0.0143
TotalAnnualMaxCapacityInvestment,OPT,GLOBAL,PWRWONGTMXX,,,,2048,,,,,,0.0143
TotalAnnualMaxCapacityInvestment,OPT,GLOBAL,PWRWONGTMXX,,,,2049,,,,,,0.0143
TotalAnnualMaxCapacityInvestment,OPT,GLOBAL,PWRWONGTMXX,,,,2050,,,,,,0.0143
TotalAnnualMaxCapacityInvestment,OPT,GLOBAL,PWRSPVBRBXX,,,,2023,,,,,,0.0051
TotalAnnualMaxCapacityInvestment,OPT,GLOBAL,PWRSPVBRBXX,,,,2024,,,,,,0.0054
TotalAnnualMaxCapacityInvestment,OPT,GLOBAL,PWRSPVBRBXX,,,,2025,,,,,,0.0241
TotalAnnualMaxCapacityInvestment,OPT,GLOBAL,PWRSPVBRBXX,,,,2026,,,,,,0.0241
TotalAnnualMaxCapacityInvestment,OPT,GLOBAL,PWRSPVBRBXX,,,,2027,,,,,,0.0241
TotalAnnualMaxCapacityInvestment,OPT,GLOBAL,PWRSPVBRBXX,,,,2028,,,,,,0.0241
TotalAnnualMaxCapacityInvestment,OPT,GLOBAL,PWRSPVBRBXX,,,,2029,,,,,,0.0241
TotalAnnualMaxCapacityInvestment,OPT,GLOBAL,PWRSPVBRBXX,,,,2030,,,,,,0.0241
TotalAnnualMaxCapacityInvestment,OPT,GLOBAL,PWRSPVBRBXX,,,,2031,,,,,,0.0241
TotalAnnualMaxCapacityInvestment,OPT,GLOBAL,PWRSPVBRBXX,,,,2032,,,,,,0.0241
TotalAnnualMaxCapacityInvestment,OPT,GLOBAL,PWRSPVBRBXX,,,,2033,,,,,,0.0241
TotalAnnualMaxCapacityInvestment,OPT,GLOBAL,PWRSPVBRBXX,,,,2034,,,,,,0.0241
TotalAnnualMaxCapacityInvestment,OPT,GLOBAL,PWRSPVBRBXX,,,,2035,,,,,,0.0241
TotalAnnualMaxCapacityInvestment,OPT,GLOBAL,PWRSPVBRBXX,,,,2036,,,,,,0.0194
TotalAnnualMaxCapacityInvestment,OPT,GLOBAL,PWRSPVBRBXX,,,,2037,,,,,,0.0194
TotalAnnualMaxCapacityInvestment,OPT,GLOBAL,PWRSPVBRBXX,,,,2038,,,,,,0.0194
TotalAnnualMaxCapacityInvestment,OPT,GLOBAL,PWRSPVBRBXX,,,,2039,,,,,,0.0194
TotalAnnualMaxCapacityInvestment,OPT,GLOBAL,PWRSPVBRBXX,,,,2040,,,,,,0.1818
TotalAnnualMaxCapacityInvestment,OPT,GLOBAL,PWRSPVBRBXX,,,,2041,,,,,,0.0194
TotalAnnualMaxCapacityInvestment,OPT,GLOBAL,PWRSPVBRBXX,,,,2042,,,,,,0.0194
TotalAnnualMaxCapacityInvestment,OPT,GLOBAL,PWRSPVBRBXX,,,,2043,,,,,,0.0194
TotalAnnualMaxCapacityInvestment,OPT,GLOBAL,PWRSPVBRBXX,,,,2044,,,,,,0.0194
TotalAnnualMaxCapacityInvestment,OPT,GLOBAL,PWRSPVBRBXX,,,,2045,,,,,,0.0194
TotalAnnualMaxCapacityInvestment,OPT,GLOBAL,PWRSPVBRBXX,,,,2046,,,,,,0.0194
TotalAnnualMaxCapacityInvestment,OPT,GLOBAL,PWRSPVBRBXX,,,,2047,,,,,,0.0194
TotalAnnualMaxCapacityInvestment,OPT,GLOBAL,PWRSPVBRBXX,,,,2048,,,,,,0.0194
TotalAnnualMaxCapacityInvestment,OPT,GLOBAL,PWRSPVBRBXX,,,,2049,,,,,,0.0194
TotalAnnualMaxCapacityInvestment,OPT,GLOBAL,PWRSPVBRBXX,,,,2050,,,,,,0.0194
TotalAnnualMaxCapacityInvestment,OPT,GLOBAL,PWRPETHTIXX,,,,2023,,,,,,0.017
TotalAnnualMaxCapacityInvestment,OPT,GLOBAL,PWRPETHTIXX,,,,2024,,,,,,0.0181
TotalAnnualMaxCapacityInvestment,OPT,GLOBAL,PWRPETHTIXX,,,,2025,,,,,,0.0
TotalAnnualMaxCapacityInvestment,OPT,GLOBAL,PWRPETHTIXX,,,,2026,,,,,,0.0
TotalAnnualMaxCapacityInvestment,OPT,GLOBAL,PWRPETHTIXX,,,,2027,,,,,,0.0
TotalAnnualMaxCapacityInvestment,OPT,GLOBAL,PWRPETHTIXX,,,,2028,,,,,,0.0
TotalAnnualMaxCapacityInvestment,OPT,GLOBAL,PWRPETHTIXX,,,,2029,,,,,,0.0
TotalAnnualMaxCapacityInvestment,OPT,GLOBAL,PWRPETHTIXX,,,,2030,,,,,,0.0
TotalAnnualMaxCapacityInvestment,OPT,GLOBAL,PWRPETHTIXX,,,,2031,,,,,,0.0
TotalAnnualMaxCapacityInvestment,OPT,GLOBAL,PWRPETHTIXX,,,,2032,,,,,,0.0
TotalAnnualMaxCapacityInvestment,OPT,GLOBAL,PWRPETHTIXX,,,,2033,,,,,,0.0
TotalAnnualMaxCapacityInvestment,OPT,GLOBAL,PWRPETHTIXX,,,,2034,,,,,,0.0
TotalAnnualMaxCapacityInvestment,OPT,GLOBAL,PWRPETHTIXX,,,,2035,,,,,,0.0
TotalAnnualMaxCapacityInvestment,OPT,GLOBAL,PWRPETHTIXX,,,,2036,,,,,,0.0
TotalAnnualMaxCapacityInvestment,OPT,GLOBAL,PWRPETHTIXX,,,,2037,,,,,,0.0
TotalAnnualMaxCapacityInvestment,OPT,GLOBAL,PWRPETHTIXX,,,,2038,,,,,,0.0
TotalAnnualMaxCapacityInvestment,OPT,GLOBAL,PWRPETHTIXX,,,,2039,,,,,,0.0
TotalAnnualMaxCapacityInvestment,OPT,GLOBAL,PWRPETHTIXX,,,,2040,,,,,,0.0
TotalAnnualMaxCapacityInvestment,OPT,GLOBAL,PWRPETHTIXX,,,,2041,,,,,,0.0
TotalAnnualMaxCapacityInvestment,OPT,GLOBAL,PWRPETHTIXX,,,,2042,,,,,,0.0
TotalAnnualMaxCapacityInvestment,OPT,GLOBAL,PWRPETHTIXX,,,,2043,,,,,,0.0
TotalAnnualMaxCapacityInvestment,OPT,GLOBAL,PWRPETHTIXX,,,,2044,,,,,,0.0
TotalAnnualMaxCapacityInvestment,OPT,GLOBAL,PWRPETHTIXX,,,,2045,,,,,,0.0
TotalAnnualMaxCapacityInvestment,OPT,GLOBAL,PWRPETHTIXX,,,,2046,,,,,,0.0
TotalAnnualMaxCapacityInvestment,OPT,GLOBAL,PWRPETHTIXX,,,,2047,,,,,,0.0
TotalAnnualMaxCapacityInvestment,OPT,GLOBAL,PWRPETHTIXX,,,,2048,,,,,,0.0
TotalAnnualMaxCapacityInvestment,OPT,GLOBAL,PWRPETHTIXX,,,,2049,,,,,,0.0
TotalAnnualMaxCapacityInvestment,OPT,GLOBAL,PWRPETHTIXX,,,,2050,,,,,,0.0
TotalAnnualMaxCapacityInvestment,OPT,GLOBAL,PWRWAVBRBXX,,,,2023,,,,,,0.0
TotalAnnualMaxCapacityInvestment,OPT,GLOBAL,PWRWAVBRBXX,,,,2024,,,,,,0.0
TotalAnnualMaxCapacityInvestment,OPT,GLOBAL,PWRWAVBRBXX,,,,2025,,,,,,0.0
TotalAnnualMaxCapacityInvestment,OPT,GLOBAL,PWRWAVBRBXX,,,,2026,,,,,,0.0
TotalAnnualMaxCapacityInvestment,OPT,GLOBAL,PWRWAVBRBXX,,,,2027,,,,,,0.0
TotalAnnualMaxCapacityInvestment,OPT,GLOBAL,PWRWAVBRBXX,,,,2028,,,,,,0.0
TotalAnnualMaxCapacityInvestment,OPT,GLOBAL,PWRWAVBRBXX,,,,2029,,,,,,0.0
TotalAnnualMaxCapacityInvestment,OPT,GLOBAL,PWRWAVBRBXX,,,,2030,,,,,,0.0
TotalAnnualMaxCapacityInvestment,OPT,GLOBAL,PWRWAVBRBXX,,,,2031,,,,,,0.0
TotalAnnualMaxCapacityInvestment,OPT,GLOBAL,PWRWAVBRBXX,,,,2032,,,,,,0.0
TotalAnnualMaxCapacityInvestment,OPT,GLOBAL,PWRWAVBRBXX,,,,2033,,,,,,0.0
TotalAnnualMaxCapacityInvestment,OPT,GLOBAL,PWRWAVBRBXX,,,,2034,,,,,,0.0
TotalAnnualMaxCapacityInvestment,OPT,GLOBAL,PWRWAVBRBXX,,,,2035,,,,,,0.0
TotalAnnualMaxCapacityInvestment,OPT,GLOBAL,PWRWAVBRBXX,,,,2036,,,,,,0.0
TotalAnnualMaxCapacityInvestment,OPT,GLOBAL,PWRWAVBRBXX,,,,2037,,,,,,0.0
TotalAnnualMaxCapacityInvestment,OPT,GLOBAL,PWRWAVBRBXX,,,,2038,,,,,,0.0
TotalAnnualMaxCapacityInvestment,OPT,GLOBAL,PWRWAVBRBXX,,,,2039,,,,,,0.0
TotalAnnualMaxCapacityInvestment,OPT,GLOBAL,PWRWAVBRBXX,,,,2040,,,,,,0.0
TotalAnnualMaxCapacityInvestment,OPT,GLOBAL,PWRWAVBRBXX,,,,2041,,,,,,0.0
TotalAnnualMaxCapacityInvestment,OPT,GLOBAL,PWRWAVBRBXX,,,,2042,,,,,,0.0
TotalAnnualMaxCapacityInvestment,OPT,GLOBAL,PWRWAVBRBXX,,,,2043,,,,,,0.0
TotalAnnualMaxCapacityInvestment,OPT,GLOBAL,PWRWAVBRBXX,,,,2044,,,,,,0.0
TotalAnnualMaxCapacityInvestment,OPT,GLOBAL,PWRWAVBRBXX,,,,2045,,,,,,0.0
TotalAnnualMaxCapacityInvestment,OPT,GLOBAL,PWRWAVBRBXX,,,,2046,,,,,,0.0
TotalAnnualMaxCapacityInvestment,OPT,GLOBAL,PWRWAVBRBXX,,,,2047,,,,,,0.0
TotalAnnualMaxCapacityInvestment,OPT,GLOBAL,PWRWAVBRBXX,,,,2048,,,,,,0.0
TotalAnnualMaxCapacityInvestment,OPT,GLOBAL,PWRWAVBRBXX,,,,2049,,,,,,0.0
TotalAnnualMaxCapacityInvestment,OPT,GLOBAL,PWRWAVBRBXX,,,,2050,,,,,,0.0
TotalAnnualMaxCapacityInvestment,OPT,GLOBAL,PWRSPVBOLXX,,,,2023,,,,,,0.0391
TotalAnnualMaxCapacityInvestment,OPT,GLOBAL,PWRSPVBOLXX,,,,2024,,,,,,0.0415
TotalAnnualMaxCapacityInvestment,OPT,GLOBAL,PWRSPVBOLXX,,,,2025,,,,,,0.1283
TotalAnnualMaxCapacityInvestment,OPT,GLOBAL,PWRSPVBOLXX,,,,2026,,,,,,0.1283
TotalAnnualMaxCapacityInvestment,OPT,GLOBAL,PWRSPVBOLXX,,,,2027,,,,,,0.1283
TotalAnnualMaxCapacityInvestment,OPT,GLOBAL,PWRSPVBOLXX,,,,2028,,,,,,0.1283
TotalAnnualMaxCapacityInvestment,OPT,GLOBAL,PWRSPVBOLXX,,,,2029,,,,,,0.1283
TotalAnnualMaxCapacityInvestment,OPT,GLOBAL,PWRSPVBOLXX,,,,2030,,,,,,0.2424
TotalAnnualMaxCapacityInvestment,OPT,GLOBAL,PWRSPVBOLXX,,,,2031,,,,,,0.4848
TotalAnnualMaxCapacityInvestment,OPT,GLOBAL,PWRSPVBOLXX,,,,2032,,,,,,0.2323
TotalAnnualMaxCapacityInvestment,OPT,GLOBAL,PWRSPVBOLXX,,,,2033,,,,,,0.1283
TotalAnnualMaxCapacityInvestment,OPT,GLOBAL,PWRSPVBOLXX,,,,2034,,,,,,0.1283
TotalAnnualMaxCapacityInvestment,OPT,GLOBAL,PWRSPVBOLXX,,,,2035,,,,,,0.1283
TotalAnnualMaxCapacityInvestment,OPT,GLOBAL,PWRSPVBOLXX,,,,2036,,,,,,0.1034
TotalAnnualMaxCapacityInvestment,OPT,GLOBAL,PWRSPVBOLXX,,,,2037,,,,,,0.1034
TotalAnnualMaxCapacityInvestment,OPT,GLOBAL,PWRSPVBOLXX,,,,2038,,,,,,0.1034
TotalAnnualMaxCapacityInvestment,OPT,GLOBAL,PWRSPVBOLXX,,,,2039,,,,,,0.1034
TotalAnnualMaxCapacityInvestment,OPT,GLOBAL,PWRSPVBOLXX,,,,2040,,,,,,0.1034
TotalAnnualMaxCapacityInvestment,OPT,GLOBAL,PWRSPVBOLXX,,,,2041,,,,,,0.1034
TotalAnnualMaxCapacityInvestment,OPT,GLOBAL,PWRSPVBOLXX,,,,2042,,,,,,0.1034
TotalAnnualMaxCapacityInvestment,OPT,GLOBAL,PWRSPVBOLXX,,,,2043,,,,,,0.1034
TotalAnnualMaxCapacityInvestment,OPT,GLOBAL,PWRSPVBOLXX,,,,2044,,,,,,0.1034
TotalAnnualMaxCapacityInvestment,OPT,GLOBAL,PWRSPVBOLXX,,,,2045,,,,,,0.1034
TotalAnnualMaxCapacityInvestment,OPT,GLOBAL,PWRSPVBOLXX,,,,2046,,,,,,0.1034
TotalAnnualMaxCapacityInvestment,OPT,GLOBAL,PWRSPVBOLXX,,,,2047,,,,,,0.1034
TotalAnnualMaxCapacityInvestment,OPT,GLOBAL,PWRSPVBOLXX,,,,2048,,,,,,0.1034
TotalAnnualMaxCapacityInvestment,OPT,GLOBAL,PWRSPVBOLXX,,,,2049,,,,,,0.1034
TotalAnnualMaxCapacityInvestment,OPT,GLOBAL,PWRSPVBOLXX,,,,2050,,,,,,0.1034
TotalAnnualMaxCapacityInvestment,OPT,GLOBAL,PWRWONURYXX,,,,2023,,,,,,0.0575
TotalAnnualMaxCapacityInvestment,OPT,GLOBAL,PWRWONURYXX,,,,2024,,,,,,0.0589
TotalAnnualMaxCapacityInvestment,OPT,GLOBAL,PWRWONURYXX,,,,2025,,,,,,0.1486
TotalAnnualMaxCapacityInvestment,OPT,GLOBAL,PWRWONURYXX,,,,2026,,,,,,0.1486
TotalAnnualMaxCapacityInvestment,OPT,GLOBAL,PWRWONURYXX,,,,2027,,,,,,0.1486
TotalAnnualMaxCapacityInvestment,OPT,GLOBAL,PWRWONURYXX,,,,2028,,,,,,0.1486
TotalAnnualMaxCapacityInvestment,OPT,GLOBAL,PWRWONURYXX,,,,2029,,,,,,0.1486
TotalAnnualMaxCapacityInvestment,OPT,GLOBAL,PWRWONURYXX,,,,2030,,,,,,0.1486
TotalAnnualMaxCapacityInvestment,OPT,GLOBAL,PWRWONURYXX,,,,2031,,,,,,0.1486
TotalAnnualMaxCapacityInvestment,OPT,GLOBAL,PWRWONURYXX,,,,2032,,,,,,0.1486
TotalAnnualMaxCapacityInvestment,OPT,GLOBAL,PWRWONURYXX,,,,2033,,,,,,0.1486
TotalAnnualMaxCapacityInvestment,OPT,GLOBAL,PWRWONURYXX,,,,2034,,,,,,0.2272
TotalAnnualMaxCapacityInvestment,OPT,GLOBAL,PWRWONURYXX,,,,2035,,,,,,0.4394
TotalAnnualMaxCapacityInvestment,OPT,GLOBAL,PWRWONURYXX,,,,2036,,,,,,0.298
TotalAnnualMaxCapacityInvestment,OPT,GLOBAL,PWRWONURYXX,,,,2037,,,,,,0.505
TotalAnnualMaxCapacityInvestment,OPT,GLOBAL,PWRWONURYXX,,,,2038,,,,,,0.1212
TotalAnnualMaxCapacityInvestment,OPT,GLOBAL,PWRWONURYXX,,,,2039,,,,,,0.0816
TotalAnnualMaxCapacityInvestment,OPT,GLOBAL,PWRWONURYXX,,,,2040,,,,,,0.1262
TotalAnnualMaxCapacityInvestment,OPT,GLOBAL,PWRWONURYXX,,,,2041,,,,,,0.0816
TotalAnnualMaxCapacityInvestment,OPT,GLOBAL,PWRWONURYXX,,,,2042,,,,,,0.1414
TotalAnnualMaxCapacityInvestment,OPT,GLOBAL,PWRWONURYXX,,,,2043,,,,,,0.0816
TotalAnnualMaxCapacityInvestment,OPT,GLOBAL,PWRWONURYXX,,,,2044,,,,,,0.0816
TotalAnnualMaxCapacityInvestment,OPT,GLOBAL,PWRWONURYXX,,,,2045,,,,,,0.0816
TotalAnnualMaxCapacityInvestment,OPT,GLOBAL,PWRWONURYXX,,,,2046,,,,,,0.0816
TotalAnnualMaxCapacityInvestment,OPT,GLOBAL,PWRWONURYXX,,,,2047,,,,,,0.0816
TotalAnnualMaxCapacityInvestment,OPT,GLOBAL,PWRWONURYXX,,,,2048,,,,,,0.0816
TotalAnnualMaxCapacityInvestment,OPT,GLOBAL,PWRWONURYXX,,,,2049,,,,,,0.0816
TotalAnnualMaxCapacityInvestment,OPT,GLOBAL,PWRWONURYXX,,,,2050,,,,,,0.0816
TotalAnnualMaxCapacityInvestment,OPT,GLOBAL,PWRSPVSLVXX,,,,2023,,,,,,0.0294
TotalAnnualMaxCapacityInvestment,OPT,GLOBAL,PWRSPVSLVXX,,,,2024,,,,,,0.0301
TotalAnnualMaxCapacityInvestment,OPT,GLOBAL,PWRSPVSLVXX,,,,2025,,,,,,0.2945
TotalAnnualMaxCapacityInvestment,OPT,GLOBAL,PWRSPVSLVXX,,,,2026,,,,,,0.2945
TotalAnnualMaxCapacityInvestment,OPT,GLOBAL,PWRSPVSLVXX,,,,2027,,,,,,0.2945
TotalAnnualMaxCapacityInvestment,OPT,GLOBAL,PWRSPVSLVXX,,,,2028,,,,,,0.2945
TotalAnnualMaxCapacityInvestment,OPT,GLOBAL,PWRSPVSLVXX,,,,2029,,,,,,0.2945
TotalAnnualMaxCapacityInvestment,OPT,GLOBAL,PWRSPVSLVXX,,,,2030,,,,,,0.2945
TotalAnnualMaxCapacityInvestment,OPT,GLOBAL,PWRSPVSLVXX,,,,2031,,,,,,0.2945
TotalAnnualMaxCapacityInvestment,OPT,GLOBAL,PWRSPVSLVXX,,,,2032,,,,,,0.2945
TotalAnnualMaxCapacityInvestment,OPT,GLOBAL,PWRSPVSLVXX,,,,2033,,,,,,0.2945
TotalAnnualMaxCapacityInvestment,OPT,GLOBAL,PWRSPVSLVXX,,,,2034,,,,,,0.2945
TotalAnnualMaxCapacityInvestment,OPT,GLOBAL,PWRSPVSLVXX,,,,2035,,,,,,0.2945
TotalAnnualMaxCapacityInvestment,OPT,GLOBAL,PWRSPVSLVXX,,,,2036,,,,,,0.2374
TotalAnnualMaxCapacityInvestment,OPT,GLOBAL,PWRSPVSLVXX,,,,2037,,,,,,0.2374
TotalAnnualMaxCapacityInvestment,OPT,GLOBAL,PWRSPVSLVXX,,,,2038,,,,,,0.2374
TotalAnnualMaxCapacityInvestment,OPT,GLOBAL,PWRSPVSLVXX,,,,2039,,,,,,0.2374
TotalAnnualMaxCapacityInvestment,OPT,GLOBAL,PWRSPVSLVXX,,,,2040,,,,,,0.2374
TotalAnnualMaxCapacityInvestment,OPT,GLOBAL,PWRSPVSLVXX,,,,2041,,,,,,0.2374
TotalAnnualMaxCapacityInvestment,OPT,GLOBAL,PWRSPVSLVXX,,,,2042,,,,,,0.2374
TotalAnnualMaxCapacityInvestment,OPT,GLOBAL,PWRSPVSLVXX,,,,2043,,,,,,0.2374
TotalAnnualMaxCapacityInvestment,OPT,GLOBAL,PWRSPVSLVXX,,,,2044,,,,,,0.2374
TotalAnnualMaxCapacityInvestment,OPT,GLOBAL,PWRSPVSLVXX,,,,2045,,,,,,0.2374
TotalAnnualMaxCapacityInvestment,OPT,GLOBAL,PWRSPVSLVXX,,,,2046,,,,,,0.2374
TotalAnnualMaxCapacityInvestment,OPT,GLOBAL,PWRSPVSLVXX,,,,2047,,,,,,0.2374
TotalAnnualMaxCapacityInvestment,OPT,GLOBAL,PWRSPVSLVXX,,,,2048,,,,,,0.2374
TotalAnnualMaxCapacityInvestment,OPT,GLOBAL,PWRSPVSLVXX,,,,2049,,,,,,0.2374
TotalAnnualMaxCapacityInvestment,OPT,GLOBAL,PWRSPVSLVXX,,,,2050,,,,,,0.2374
TotalAnnualMaxCapacityInvestment,OPT,GLOBAL,PWRSPVURYXX,,,,2023,,,,,,0.0575
TotalAnnualMaxCapacityInvestment,OPT,GLOBAL,PWRSPVURYXX,,,,2024,,,,,,0.0589
TotalAnnualMaxCapacityInvestment,OPT,GLOBAL,PWRSPVURYXX,,,,2025,,,,,,0.1537
TotalAnnualMaxCapacityInvestment,OPT,GLOBAL,PWRSPVURYXX,,,,2026,,,,,,0.1537
TotalAnnualMaxCapacityInvestment,OPT,GLOBAL,PWRSPVURYXX,,,,2027,,,,,,0.1566
TotalAnnualMaxCapacityInvestment,OPT,GLOBAL,PWRSPVURYXX,,,,2028,,,,,,0.1537
TotalAnnualMaxCapacityInvestment,OPT,GLOBAL,PWRSPVURYXX,,,,2029,,,,,,0.1537
TotalAnnualMaxCapacityInvestment,OPT,GLOBAL,PWRSPVURYXX,,,,2030,,,,,,0.1537
TotalAnnualMaxCapacityInvestment,OPT,GLOBAL,PWRSPVURYXX,,,,2031,,,,,,0.1537
TotalAnnualMaxCapacityInvestment,OPT,GLOBAL,PWRSPVURYXX,,,,2032,,,,,,0.1537
TotalAnnualMaxCapacityInvestment,OPT,GLOBAL,PWRSPVURYXX,,,,2033,,,,,,0.1537
TotalAnnualMaxCapacityInvestment,OPT,GLOBAL,PWRSPVURYXX,,,,2034,,,,,,0.1537
TotalAnnualMaxCapacityInvestment,OPT,GLOBAL,PWRSPVURYXX,,,,2035,,,,,,0.1537
TotalAnnualMaxCapacityInvestment,OPT,GLOBAL,PWRSPVURYXX,,,,2036,,,,,,0.1239
TotalAnnualMaxCapacityInvestment,OPT,GLOBAL,PWRSPVURYXX,,,,2037,,,,,,0.1464
TotalAnnualMaxCapacityInvestment,OPT,GLOBAL,PWRSPVURYXX,,,,2038,,,,,,0.1239
TotalAnnualMaxCapacityInvestment,OPT,GLOBAL,PWRSPVURYXX,,,,2039,,,,,,0.1239
TotalAnnualMaxCapacityInvestment,OPT,GLOBAL,PWRSPVURYXX,,,,2040,,,,,,0.1566
TotalAnnualMaxCapacityInvestment,OPT,GLOBAL,PWRSPVURYXX,,,,2041,,,,,,0.1239
TotalAnnualMaxCapacityInvestment,OPT,GLOBAL,PWRSPVURYXX,,,,2042,,,,,,0.1239
TotalAnnualMaxCapacityInvestment,OPT,GLOBAL,PWRSPVURYXX,,,,2043,,,,,,0.1239
TotalAnnualMaxCapacityInvestment,OPT,GLOBAL,PWRSPVURYXX,,,,2044,,,,,,0.1239
TotalAnnualMaxCapacityInvestment,OPT,GLOBAL,PWRSPVURYXX,,,,2045,,,,,,0.1239
TotalAnnualMaxCapacityInvestment,OPT,GLOBAL,PWRSPVURYXX,,,,2046,,,,,,0.1239
TotalAnnualMaxCapacityInvestment,OPT,GLOBAL,PWRSPVURYXX,,,,2047,,,,,,0.1239
TotalAnnualMaxCapacityInvestment,OPT,GLOBAL,PWRSPVURYXX,,,,2048,,,,,,0.1239
TotalAnnualMaxCapacityInvestment,OPT,GLOBAL,PWRSPVURYXX,,,,2049,,,,,,0.1239
TotalAnnualMaxCapacityInvestment,OPT,GLOBAL,PWRSPVURYXX,,,,2050,,,,,,0.1239
TotalAnnualMaxCapacityInvestment,OPT,GLOBAL,PWRWAVSLVXX,,,,2023,,,,,,0.0
TotalAnnualMaxCapacityInvestment,OPT,GLOBAL,PWRWAVSLVXX,,,,2024,,,,,,0.0
TotalAnnualMaxCapacityInvestment,OPT,GLOBAL,PWRWAVSLVXX,,,,2025,,,,,,0.0163
TotalAnnualMaxCapacityInvestment,OPT,GLOBAL,PWRWAVSLVXX,,,,2026,,,,,,0.0
TotalAnnualMaxCapacityInvestment,OPT,GLOBAL,PWRWAVSLVXX,,,,2027,,,,,,0.0
TotalAnnualMaxCapacityInvestment,OPT,GLOBAL,PWRWAVSLVXX,,,,2028,,,,,,0.0
TotalAnnualMaxCapacityInvestment,OPT,GLOBAL,PWRWAVSLVXX,,,,2029,,,,,,0.0
TotalAnnualMaxCapacityInvestment,OPT,GLOBAL,PWRWAVSLVXX,,,,2030,,,,,,0.0
TotalAnnualMaxCapacityInvestment,OPT,GLOBAL,PWRWAVSLVXX,,,,2031,,,,,,0.0
TotalAnnualMaxCapacityInvestment,OPT,GLOBAL,PWRWAVSLVXX,,,,2032,,,,,,0.0
TotalAnnualMaxCapacityInvestment,OPT,GLOBAL,PWRWAVSLVXX,,,,2033,,,,,,0.0
TotalAnnualMaxCapacityInvestment,OPT,GLOBAL,PWRWAVSLVXX,,,,2034,,,,,,0.0
TotalAnnualMaxCapacityInvestment,OPT,GLOBAL,PWRWAVSLVXX,,,,2035,,,,,,0.0
TotalAnnualMaxCapacityInvestment,OPT,GLOBAL,PWRWAVSLVXX,,,,2036,,,,,,0.0
TotalAnnualMaxCapacityInvestment,OPT,GLOBAL,PWRWAVSLVXX,,,,2037,,,,,,0.0
TotalAnnualMaxCapacityInvestment,OPT,GLOBAL,PWRWAVSLVXX,,,,2038,,,,,,0.0
TotalAnnualMaxCapacityInvestment,OPT,GLOBAL,PWRWAVSLVXX,,,,2039,,,,,,0.0
TotalAnnualMaxCapacityInvestment,OPT,GLOBAL,PWRWAVSLVXX,,,,2040,,,,,,0.0
TotalAnnualMaxCapacityInvestment,OPT,GLOBAL,PWRWAVSLVXX,,,,2041,,,,,,0.0
TotalAnnualMaxCapacityInvestment,OPT,GLOBAL,PWRWAVSLVXX,,,,2042,,,,,,0.0
TotalAnnualMaxCapacityInvestment,OPT,GLOBAL,PWRWAVSLVXX,,,,2043,,,,,,0.0
TotalAnnualMaxCapacityInvestment,OPT,GLOBAL,PWRWAVSLVXX,,,,2044,,,,,,0.0
TotalAnnualMaxCapacityInvestment,OPT,GLOBAL,PWRWAVSLVXX,,,,2045,,,,,,0.0
TotalAnnualMaxCapacityInvestment,OPT,GLOBAL,PWRWAVSLVXX,,,,2046,,,,,,0.0
TotalAnnualMaxCapacityInvestment,OPT,GLOBAL,PWRWAVSLVXX,,,,2047,,,,,,0.0
TotalAnnualMaxCapacityInvestment,OPT,GLOBAL,PWRWAVSLVXX,,,,2048,,,,,,0.0
TotalAnnualMaxCapacityInvestment,OPT,GLOBAL,PWRWAVSLVXX,,,,2049,,,,,,0.0
TotalAnnualMaxCapacityInvestment,OPT,GLOBAL,PWRWAVSLVXX,,,,2050,,,,,,0.0
TotalAnnualMaxCapacityInvestment,OPT,GLOBAL,PWROILCRIXX,,,,2023,,,,,,0.1268
TotalAnnualMaxCapacityInvestment,OPT,GLOBAL,PWROILCRIXX,,,,2024,,,,,,0.1312
TotalAnnualMaxCapacityInvestment,OPT,GLOBAL,PWROILCRIXX,,,,2025,,,,,,0.0
TotalAnnualMaxCapacityInvestment,OPT,GLOBAL,PWROILCRIXX,,,,2026,,,,,,0.0
TotalAnnualMaxCapacityInvestment,OPT,GLOBAL,PWROILCRIXX,,,,2027,,,,,,0.0
TotalAnnualMaxCapacityInvestment,OPT,GLOBAL,PWROILCRIXX,,,,2028,,,,,,0.7575
TotalAnnualMaxCapacityInvestment,OPT,GLOBAL,PWROILCRIXX,,,,2029,,,,,,0.0
TotalAnnualMaxCapacityInvestment,OPT,GLOBAL,PWROILCRIXX,,,,2030,,,,,,0.0
TotalAnnualMaxCapacityInvestment,OPT,GLOBAL,PWROILCRIXX,,,,2031,,,,,,0.0
TotalAnnualMaxCapacityInvestment,OPT,GLOBAL,PWROILCRIXX,,,,2032,,,,,,0.0
TotalAnnualMaxCapacityInvestment,OPT,GLOBAL,PWROILCRIXX,,,,2033,,,,,,0.0
TotalAnnualMaxCapacityInvestment,OPT,GLOBAL,PWROILCRIXX,,,,2034,,,,,,0.0
TotalAnnualMaxCapacityInvestment,OPT,GLOBAL,PWROILCRIXX,,,,2035,,,,,,0.0
TotalAnnualMaxCapacityInvestment,OPT,GLOBAL,PWROILCRIXX,,,,2036,,,,,,0.0
TotalAnnualMaxCapacityInvestment,OPT,GLOBAL,PWROILCRIXX,,,,2037,,,,,,0.0
TotalAnnualMaxCapacityInvestment,OPT,GLOBAL,PWROILCRIXX,,,,2038,,,,,,0.0
TotalAnnualMaxCapacityInvestment,OPT,GLOBAL,PWROILCRIXX,,,,2039,,,,,,0.0
TotalAnnualMaxCapacityInvestment,OPT,GLOBAL,PWROILCRIXX,,,,2040,,,,,,0.0
TotalAnnualMaxCapacityInvestment,OPT,GLOBAL,PWROILCRIXX,,,,2041,,,,,,0.0
TotalAnnualMaxCapacityInvestment,OPT,GLOBAL,PWROILCRIXX,,,,2042,,,,,,0.0
TotalAnnualMaxCapacityInvestment,OPT,GLOBAL,PWROILCRIXX,,,,2043,,,,,,0.0
TotalAnnualMaxCapacityInvestment,OPT,GLOBAL,PWROILCRIXX,,,,2044,,,,,,0.0
TotalAnnualMaxCapacityInvestment,OPT,GLOBAL,PWROILCRIXX,,,,2045,,,,,,0.0
TotalAnnualMaxCapacityInvestment,OPT,GLOBAL,PWROILCRIXX,,,,2046,,,,,,0.0
TotalAnnualMaxCapacityInvestment,OPT,GLOBAL,PWROILCRIXX,,,,2047,,,,,,0.0
TotalAnnualMaxCapacityInvestment,OPT,GLOBAL,PWROILCRIXX,,,,2048,,,,,,0.0
TotalAnnualMaxCapacityInvestment,OPT,GLOBAL,PWROILCRIXX,,,,2049,,,,,,0.0
TotalAnnualMaxCapacityInvestment,OPT,GLOBAL,PWROILCRIXX,,,,2050,,,,,,0.0
TotalAnnualMaxCapacityInvestment,OPT,GLOBAL,PWRHYDPERXX,,,,2023,,,,,,0.0785
TotalAnnualMaxCapacityInvestment,OPT,GLOBAL,PWRHYDPERXX,,,,2024,,,,,,0.0819
TotalAnnualMaxCapacityInvestment,OPT,GLOBAL,PWRHYDPERXX,,,,2025,,,,,,0.392
TotalAnnualMaxCapacityInvestment,OPT,GLOBAL,PWRHYDPERXX,,,,2026,,,,,,0.392
TotalAnnualMaxCapacityInvestment,OPT,GLOBAL,PWRHYDPERXX,,,,2027,,,,,,0.392
TotalAnnualMaxCapacityInvestment,OPT,GLOBAL,PWRHYDPERXX,,,,2028,,,,,,0.392
TotalAnnualMaxCapacityInvestment,OPT,GLOBAL,PWRHYDPERXX,,,,2029,,,,,,0.392
TotalAnnualMaxCapacityInvestment,OPT,GLOBAL,PWRHYDPERXX,,,,2030,,,,,,0.392
TotalAnnualMaxCapacityInvestment,OPT,GLOBAL,PWRHYDPERXX,,,,2031,,,,,,0.392
TotalAnnualMaxCapacityInvestment,OPT,GLOBAL,PWRHYDPERXX,,,,2032,,,,,,0.392
TotalAnnualMaxCapacityInvestment,OPT,GLOBAL,PWRHYDPERXX,,,,2033,,,,,,0.392
TotalAnnualMaxCapacityInvestment,OPT,GLOBAL,PWRHYDPERXX,,,,2034,,,,,,0.392
TotalAnnualMaxCapacityInvestment,OPT,GLOBAL,PWRHYDPERXX,,,,2035,,,,,,0.392
TotalAnnualMaxCapacityInvestment,OPT,GLOBAL,PWRHYDPERXX,,,,2036,,,,,,0.1102
TotalAnnualMaxCapacityInvestment,OPT,GLOBAL,PWRHYDPERXX,,,,2037,,,,,,0.1102
TotalAnnualMaxCapacityInvestment,OPT,GLOBAL,PWRHYDPERXX,,,,2038,,,,,,0.1102
TotalAnnualMaxCapacityInvestment,OPT,GLOBAL,PWRHYDPERXX,,,,2039,,,,,,0.1102
TotalAnnualMaxCapacityInvestment,OPT,GLOBAL,PWRHYDPERXX,,,,2040,,,,,,0.1102
TotalAnnualMaxCapacityInvestment,OPT,GLOBAL,PWRHYDPERXX,,,,2041,,,,,,0.1102
TotalAnnualMaxCapacityInvestment,OPT,GLOBAL,PWRHYDPERXX,,,,2042,,,,,,0.1102
TotalAnnualMaxCapacityInvestment,OPT,GLOBAL,PWRHYDPERXX,,,,2043,,,,,,0.1102
TotalAnnualMaxCapacityInvestment,OPT,GLOBAL,PWRHYDPERXX,,,,2044,,,,,,0.1102
TotalAnnualMaxCapacityInvestment,OPT,GLOBAL,PWRHYDPERXX,,,,2045,,,,,,0.1102
TotalAnnualMaxCapacityInvestment,OPT,GLOBAL,PWRHYDPERXX,,,,2046,,,,,,0.1102
TotalAnnualMaxCapacityInvestment,OPT,GLOBAL,PWRHYDPERXX,,,,2047,,,,,,0.1102
TotalAnnualMaxCapacityInvestment,OPT,GLOBAL,PWRHYDPERXX,,,,2048,,,,,,0.1102
TotalAnnualMaxCapacityInvestment,OPT,GLOBAL,PWRHYDPERXX,,,,2049,,,,,,0.1102
TotalAnnualMaxCapacityInvestment,OPT,GLOBAL,PWRHYDPERXX,,,,2050,,,,,,0.1102
TotalAnnualMaxCapacityInvestment,OPT,GLOBAL,PWRWASBRBXX,,,,2023,,,,,,0.0193
TotalAnnualMaxCapacityInvestment,OPT,GLOBAL,PWRWASBRBXX,,,,2024,,,,,,0.0203
TotalAnnualMaxCapacityInvestment,OPT,GLOBAL,PWRWASBRBXX,,,,2025,,,,,,0.0035
TotalAnnualMaxCapacityInvestment,OPT,GLOBAL,PWRWASBRBXX,,,,2026,,,,,,0.0035
TotalAnnualMaxCapacityInvestment,OPT,GLOBAL,PWRWASBRBXX,,,,2027,,,,,,0.0035
TotalAnnualMaxCapacityInvestment,OPT,GLOBAL,PWRWASBRBXX,,,,2028,,,,,,0.0035
TotalAnnualMaxCapacityInvestment,OPT,GLOBAL,PWRWASBRBXX,,,,2029,,,,,,0.0035
TotalAnnualMaxCapacityInvestment,OPT,GLOBAL,PWRWASBRBXX,,,,2030,,,,,,0.0035
TotalAnnualMaxCapacityInvestment,OPT,GLOBAL,PWRWASBRBXX,,,,2031,,,,,,0.0035
TotalAnnualMaxCapacityInvestment,OPT,GLOBAL,PWRWASBRBXX,,,,2032,,,,,,0.0035
TotalAnnualMaxCapacityInvestment,OPT,GLOBAL,PWRWASBRBXX,,,,2033,,,,,,0.0035
TotalAnnualMaxCapacityInvestment,OPT,GLOBAL,PWRWASBRBXX,,,,2034,,,,,,0.0035
TotalAnnualMaxCapacityInvestment,OPT,GLOBAL,PWRWASBRBXX,,,,2035,,,,,,0.0035
TotalAnnualMaxCapacityInvestment,OPT,GLOBAL,PWRWASBRBXX,,,,2036,,,,,,0.0028
TotalAnnualMaxCapacityInvestment,OPT,GLOBAL,PWRWASBRBXX,,,,2037,,,,,,0.0028
TotalAnnualMaxCapacityInvestment,OPT,GLOBAL,PWRWASBRBXX,,,,2038,,,,,,0.0028
TotalAnnualMaxCapacityInvestment,OPT,GLOBAL,PWRWASBRBXX,,,,2039,,,,,,0.0028
TotalAnnualMaxCapacityInvestment,OPT,GLOBAL,PWRWASBRBXX,,,,2040,,,,,,0.0028
TotalAnnualMaxCapacityInvestment,OPT,GLOBAL,PWRWASBRBXX,,,,2041,,,,,,0.0028
TotalAnnualMaxCapacityInvestment,OPT,GLOBAL,PWRWASBRBXX,,,,2042,,,,,,0.0028
TotalAnnualMaxCapacityInvestment,OPT,GLOBAL,PWRWASBRBXX,,,,2043,,,,,,0.0028
TotalAnnualMaxCapacityInvestment,OPT,GLOBAL,PWRWASBRBXX,,,,2044,,,,,,0.0028
TotalAnnualMaxCapacityInvestment,OPT,GLOBAL,PWRWASBRBXX,,,,2045,,,,,,0.0028
TotalAnnualMaxCapacityInvestment,OPT,GLOBAL,PWRWASBRBXX,,,,2046,,,,,,0.0028
TotalAnnualMaxCapacityInvestment,OPT,GLOBAL,PWRWASBRBXX,,,,2047,,,,,,0.0028
TotalAnnualMaxCapacityInvestment,OPT,GLOBAL,PWRWASBRBXX,,,,2048,,,,,,0.0028
TotalAnnualMaxCapacityInvestment,OPT,GLOBAL,PWRWASBRBXX,,,,2049,,,,,,0.0028
TotalAnnualMaxCapacityInvestment,OPT,GLOBAL,PWRWASBRBXX,,,,2050,,,,,,0.0028
TotalAnnualMaxCapacityInvestment,OPT,GLOBAL,PWRWAVMEXXX,,,,2023,,,,,,0.0
TotalAnnualMaxCapacityInvestment,OPT,GLOBAL,PWRWAVMEXXX,,,,2024,,,,,,0.0
TotalAnnualMaxCapacityInvestment,OPT,GLOBAL,PWRWAVMEXXX,,,,2025,,,,,,0.0498
TotalAnnualMaxCapacityInvestment,OPT,GLOBAL,PWRWAVMEXXX,,,,2026,,,,,,0.0
TotalAnnualMaxCapacityInvestment,OPT,GLOBAL,PWRWAVMEXXX,,,,2027,,,,,,0.0
TotalAnnualMaxCapacityInvestment,OPT,GLOBAL,PWRWAVMEXXX,,,,2028,,,,,,0.0
TotalAnnualMaxCapacityInvestment,OPT,GLOBAL,PWRWAVMEXXX,,,,2029,,,,,,0.0
TotalAnnualMaxCapacityInvestment,OPT,GLOBAL,PWRWAVMEXXX,,,,2030,,,,,,0.0
TotalAnnualMaxCapacityInvestment,OPT,GLOBAL,PWRWAVMEXXX,,,,2031,,,,,,0.0
TotalAnnualMaxCapacityInvestment,OPT,GLOBAL,PWRWAVMEXXX,,,,2032,,,,,,0.0
TotalAnnualMaxCapacityInvestment,OPT,GLOBAL,PWRWAVMEXXX,,,,2033,,,,,,0.0
TotalAnnualMaxCapacityInvestment,OPT,GLOBAL,PWRWAVMEXXX,,,,2034,,,,,,0.0
TotalAnnualMaxCapacityInvestment,OPT,GLOBAL,PWRWAVMEXXX,,,,2035,,,,,,0.0
TotalAnnualMaxCapacityInvestment,OPT,GLOBAL,PWRWAVMEXXX,,,,2036,,,,,,0.0
TotalAnnualMaxCapacityInvestment,OPT,GLOBAL,PWRWAVMEXXX,,,,2037,,,,,,0.0
TotalAnnualMaxCapacityInvestment,OPT,GLOBAL,PWRWAVMEXXX,,,,2038,,,,,,0.0
TotalAnnualMaxCapacityInvestment,OPT,GLOBAL,PWRWAVMEXXX,,,,2039,,,,,,0.0
TotalAnnualMaxCapacityInvestment,OPT,GLOBAL,PWRWAVMEXXX,,,,2040,,,,,,0.0
TotalAnnualMaxCapacityInvestment,OPT,GLOBAL,PWRWAVMEXXX,,,,2041,,,,,,0.0
TotalAnnualMaxCapacityInvestment,OPT,GLOBAL,PWRWAVMEXXX,,,,2042,,,,,,0.0
TotalAnnualMaxCapacityInvestment,OPT,GLOBAL,PWRWAVMEXXX,,,,2043,,,,,,0.0
TotalAnnualMaxCapacityInvestment,OPT,GLOBAL,PWRWAVMEXXX,,,,2044,,,,,,0.0
TotalAnnualMaxCapacityInvestment,OPT,GLOBAL,PWRWAVMEXXX,,,,2045,,,,,,0.0
TotalAnnualMaxCapacityInvestment,OPT,GLOBAL,PWRWAVMEXXX,,,,2046,,,,,,0.0
TotalAnnualMaxCapacityInvestment,OPT,GLOBAL,PWRWAVMEXXX,,,,2047,,,,,,0.0
TotalAnnualMaxCapacityInvestment,OPT,GLOBAL,PWRWAVMEXXX,,,,2048,,,,,,0.0
TotalAnnualMaxCapacityInvestment,OPT,GLOBAL,PWRWAVMEXXX,,,,2049,,,,,,0.0
TotalAnnualMaxCapacityInvestment,OPT,GLOBAL,PWRWAVMEXXX,,,,2050,,,,,,0.0
TotalAnnualMaxCapacityInvestment,OPT,GLOBAL,PWRHYDBRBXX,,,,2023,,,,,,0.0026
TotalAnnualMaxCapacityInvestment,OPT,GLOBAL,PWRHYDBRBXX,,,,2024,,,,,,0.0027
TotalAnnualMaxCapacityInvestment,OPT,GLOBAL,PWRHYDBRBXX,,,,2025,,,,,,0.0
TotalAnnualMaxCapacityInvestment,OPT,GLOBAL,PWRHYDBRBXX,,,,2026,,,,,,0.0
TotalAnnualMaxCapacityInvestment,OPT,GLOBAL,PWRHYDBRBXX,,,,2027,,,,,,0.0
TotalAnnualMaxCapacityInvestment,OPT,GLOBAL,PWRHYDBRBXX,,,,2028,,,,,,0.0
TotalAnnualMaxCapacityInvestment,OPT,GLOBAL,PWRHYDBRBXX,,,,2029,,,,,,0.0
TotalAnnualMaxCapacityInvestment,OPT,GLOBAL,PWRHYDBRBXX,,,,2030,,,,,,0.0
TotalAnnualMaxCapacityInvestment,OPT,GLOBAL,PWRHYDBRBXX,,,,2031,,,,,,0.0
TotalAnnualMaxCapacityInvestment,OPT,GLOBAL,PWRHYDBRBXX,,,,2032,,,,,,0.0
TotalAnnualMaxCapacityInvestment,OPT,GLOBAL,PWRHYDBRBXX,,,,2033,,,,,,0.0
TotalAnnualMaxCapacityInvestment,OPT,GLOBAL,PWRHYDBRBXX,,,,2034,,,,,,0.0
TotalAnnualMaxCapacityInvestment,OPT,GLOBAL,PWRHYDBRBXX,,,,2035,,,,,,0.0
TotalAnnualMaxCapacityInvestment,OPT,GLOBAL,PWRHYDBRBXX,,,,2036,,,,,,0.0
TotalAnnualMaxCapacityInvestment,OPT,GLOBAL,PWRHYDBRBXX,,,,2037,,,,,,0.0
TotalAnnualMaxCapacityInvestment,OPT,GLOBAL,PWRHYDBRBXX,,,,2038,,,,,,0.0
TotalAnnualMaxCapacityInvestment,OPT,GLOBAL,PWRHYDBRBXX,,,,2039,,,,,,0.0
TotalAnnualMaxCapacityInvestment,OPT,GLOBAL,PWRHYDBRBXX,,,,2040,,,,,,0.0
TotalAnnualMaxCapacityInvestment,OPT,GLOBAL,PWRHYDBRBXX,,,,2041,,,,,,0.0
TotalAnnualMaxCapacityInvestment,OPT,GLOBAL,PWRHYDBRBXX,,,,2042,,,,,,0.0
TotalAnnualMaxCapacityInvestment,OPT,GLOBAL,PWRHYDBRBXX,,,,2043,,,,,,0.0
TotalAnnualMaxCapacityInvestment,OPT,GLOBAL,PWRHYDBRBXX,,,,2044,,,,,,0.0
TotalAnnualMaxCapacityInvestment,OPT,GLOBAL,PWRHYDBRBXX,,,,2045,,,,,,0.0
TotalAnnualMaxCapacityInvestment,OPT,GLOBAL,PWRHYDBRBXX,,,,2046,,,,,,0.0
TotalAnnualMaxCapacityInvestment,OPT,GLOBAL,PWRHYDBRBXX,,,,2047,,,,,,0.0
TotalAnnualMaxCapacityInvestment,OPT,GLOBAL,PWRHYDBRBXX,,,,2048,,,,,,0.0
TotalAnnualMaxCapacityInvestment,OPT,GLOBAL,PWRHYDBRBXX,,,,2049,,,,,,0.0
TotalAnnualMaxCapacityInvestment,OPT,GLOBAL,PWRHYDBRBXX,,,,2050,,,,,,0.0
TotalAnnualMaxCapacityInvestment,OPT,GLOBAL,PWRPETBRAXX,,,,2023,,,,,,8.3153
TotalAnnualMaxCapacityInvestment,OPT,GLOBAL,PWRPETBRAXX,,,,2024,,,,,,8.4974
TotalAnnualMaxCapacityInvestment,OPT,GLOBAL,PWRPETBRAXX,,,,2025,,,,,,0.0
TotalAnnualMaxCapacityInvestment,OPT,GLOBAL,PWRPETBRAXX,,,,2026,,,,,,0.0
TotalAnnualMaxCapacityInvestment,OPT,GLOBAL,PWRPETBRAXX,,,,2027,,,,,,0.0
TotalAnnualMaxCapacityInvestment,OPT,GLOBAL,PWRPETBRAXX,,,,2028,,,,,,0.0
TotalAnnualMaxCapacityInvestment,OPT,GLOBAL,PWRPETBRAXX,,,,2029,,,,,,0.0
TotalAnnualMaxCapacityInvestment,OPT,GLOBAL,PWRPETBRAXX,,,,2030,,,,,,0.0
TotalAnnualMaxCapacityInvestment,OPT,GLOBAL,PWRPETBRAXX,,,,2031,,,,,,0.0
TotalAnnualMaxCapacityInvestment,OPT,GLOBAL,PWRPETBRAXX,,,,2032,,,,,,0.0
TotalAnnualMaxCapacityInvestment,OPT,GLOBAL,PWRPETBRAXX,,,,2033,,,,,,0.0
TotalAnnualMaxCapacityInvestment,OPT,GLOBAL,PWRPETBRAXX,,,,2034,,,,,,0.0
TotalAnnualMaxCapacityInvestment,OPT,GLOBAL,PWRPETBRAXX,,,,2035,,,,,,0.0
TotalAnnualMaxCapacityInvestment,OPT,GLOBAL,PWRPETBRAXX,,,,2036,,,,,,0.0
TotalAnnualMaxCapacityInvestment,OPT,GLOBAL,PWRPETBRAXX,,,,2037,,,,,,0.0
TotalAnnualMaxCapacityInvestment,OPT,GLOBAL,PWRPETBRAXX,,,,2038,,,,,,0.0
TotalAnnualMaxCapacityInvestment,OPT,GLOBAL,PWRPETBRAXX,,,,2039,,,,,,0.0
TotalAnnualMaxCapacityInvestment,OPT,GLOBAL,PWRPETBRAXX,,,,2040,,,,,,0.0
TotalAnnualMaxCapacityInvestment,OPT,GLOBAL,PWRPETBRAXX,,,,2041,,,,,,0.0
TotalAnnualMaxCapacityInvestment,OPT,GLOBAL,PWRPETBRAXX,,,,2042,,,,,,0.0
TotalAnnualMaxCapacityInvestment,OPT,GLOBAL,PWRPETBRAXX,,,,2043,,,,,,0.0
TotalAnnualMaxCapacityInvestment,OPT,GLOBAL,PWRPETBRAXX,,,,2044,,,,,,0.0
TotalAnnualMaxCapacityInvestment,OPT,GLOBAL,PWRPETBRAXX,,,,2045,,,,,,0.0
TotalAnnualMaxCapacityInvestment,OPT,GLOBAL,PWRPETBRAXX,,,,2046,,,,,,0.0
TotalAnnualMaxCapacityInvestment,OPT,GLOBAL,PWRPETBRAXX,,,,2047,,,,,,0.0
TotalAnnualMaxCapacityInvestment,OPT,GLOBAL,PWRPETBRAXX,,,,2048,,,,,,0.0
TotalAnnualMaxCapacityInvestment,OPT,GLOBAL,PWRPETBRAXX,,,,2049,,,,,,0.0
TotalAnnualMaxCapacityInvestment,OPT,GLOBAL,PWRPETBRAXX,,,,2050,,,,,,0.0
TotalAnnualMaxCapacityInvestment,OPT,GLOBAL,PWRHYDCOLXX,,,,2023,,,,,,0.098
TotalAnnualMaxCapacityInvestment,OPT,GLOBAL,PWRHYDCOLXX,,,,2024,,,,,,0.1
TotalAnnualMaxCapacityInvestment,OPT,GLOBAL,PWRHYDCOLXX,,,,2025,,,,,,0.1545
TotalAnnualMaxCapacityInvestment,OPT,GLOBAL,PWRHYDCOLXX,,,,2026,,,,,,0.1545
TotalAnnualMaxCapacityInvestment,OPT,GLOBAL,PWRHYDCOLXX,,,,2027,,,,,,0.1545
TotalAnnualMaxCapacityInvestment,OPT,GLOBAL,PWRHYDCOLXX,,,,2028,,,,,,0.1545
TotalAnnualMaxCapacityInvestment,OPT,GLOBAL,PWRHYDCOLXX,,,,2029,,,,,,0.1545
TotalAnnualMaxCapacityInvestment,OPT,GLOBAL,PWRHYDCOLXX,,,,2030,,,,,,0.1545
TotalAnnualMaxCapacityInvestment,OPT,GLOBAL,PWRHYDCOLXX,,,,2031,,,,,,0.2262
TotalAnnualMaxCapacityInvestment,OPT,GLOBAL,PWRHYDCOLXX,,,,2032,,,,,,0.1545
TotalAnnualMaxCapacityInvestment,OPT,GLOBAL,PWRHYDCOLXX,,,,2033,,,,,,0.6676
TotalAnnualMaxCapacityInvestment,OPT,GLOBAL,PWRHYDCOLXX,,,,2034,,,,,,0.1545
TotalAnnualMaxCapacityInvestment,OPT,GLOBAL,PWRHYDCOLXX,,,,2035,,,,,,0.1545
TotalAnnualMaxCapacityInvestment,OPT,GLOBAL,PWRHYDCOLXX,,,,2036,,,,,,0.1798
TotalAnnualMaxCapacityInvestment,OPT,GLOBAL,PWRHYDCOLXX,,,,2037,,,,,,0.1798
TotalAnnualMaxCapacityInvestment,OPT,GLOBAL,PWRHYDCOLXX,,,,2038,,,,,,0.1798
TotalAnnualMaxCapacityInvestment,OPT,GLOBAL,PWRHYDCOLXX,,,,2039,,,,,,0.1798
TotalAnnualMaxCapacityInvestment,OPT,GLOBAL,PWRHYDCOLXX,,,,2040,,,,,,0.1798
TotalAnnualMaxCapacityInvestment,OPT,GLOBAL,PWRHYDCOLXX,,,,2041,,,,,,0.1798
TotalAnnualMaxCapacityInvestment,OPT,GLOBAL,PWRHYDCOLXX,,,,2042,,,,,,0.1798
TotalAnnualMaxCapacityInvestment,OPT,GLOBAL,PWRHYDCOLXX,,,,2043,,,,,,0.1798
TotalAnnualMaxCapacityInvestment,OPT,GLOBAL,PWRHYDCOLXX,,,,2044,,,,,,0.1798
TotalAnnualMaxCapacityInvestment,OPT,GLOBAL,PWRHYDCOLXX,,,,2045,,,,,,0.1798
TotalAnnualMaxCapacityInvestment,OPT,GLOBAL,PWRHYDCOLXX,,,,2046,,,,,,0.1798
TotalAnnualMaxCapacityInvestment,OPT,GLOBAL,PWRHYDCOLXX,,,,2047,,,,,,0.1798
TotalAnnualMaxCapacityInvestment,OPT,GLOBAL,PWRHYDCOLXX,,,,2048,,,,,,0.1798
TotalAnnualMaxCapacityInvestment,OPT,GLOBAL,PWRHYDCOLXX,,,,2049,,,,,,0.1798
TotalAnnualMaxCapacityInvestment,OPT,GLOBAL,PWRHYDCOLXX,,,,2050,,,,,,0.1798
TotalAnnualMaxCapacityInvestment,OPT,GLOBAL,PWRNGSECUXX,,,,2023,,,,,,0.0
TotalAnnualMaxCapacityInvestment,OPT,GLOBAL,PWRNGSECUXX,,,,2024,,,,,,0.0
TotalAnnualMaxCapacityInvestment,OPT,GLOBAL,PWRNGSECUXX,,,,2025,,,,,,0.0178
TotalAnnualMaxCapacityInvestment,OPT,GLOBAL,PWRNGSECUXX,,,,2026,,,,,,0.0178
TotalAnnualMaxCapacityInvestment,OPT,GLOBAL,PWRNGSECUXX,,,,2027,,,,,,0.0178
TotalAnnualMaxCapacityInvestment,OPT,GLOBAL,PWRNGSECUXX,,,,2028,,,,,,0.0178
TotalAnnualMaxCapacityInvestment,OPT,GLOBAL,PWRNGSECUXX,,,,2029,,,,,,0.0178
TotalAnnualMaxCapacityInvestment,OPT,GLOBAL,PWRNGSECUXX,,,,2030,,,,,,0.0178
TotalAnnualMaxCapacityInvestment,OPT,GLOBAL,PWRNGSECUXX,,,,2031,,,,,,0.0178
TotalAnnualMaxCapacityInvestment,OPT,GLOBAL,PWRNGSECUXX,,,,2032,,,,,,0.0178
TotalAnnualMaxCapacityInvestment,OPT,GLOBAL,PWRNGSECUXX,,,,2033,,,,,,0.0178
TotalAnnualMaxCapacityInvestment,OPT,GLOBAL,PWRNGSECUXX,,,,2034,,,,,,0.0178
TotalAnnualMaxCapacityInvestment,OPT,GLOBAL,PWRNGSECUXX,,,,2035,,,,,,0.0178
TotalAnnualMaxCapacityInvestment,OPT,GLOBAL,PWRNGSECUXX,,,,2036,,,,,,0.0071
TotalAnnualMaxCapacityInvestment,OPT,GLOBAL,PWRNGSECUXX,,,,2037,,,,,,0.0071
TotalAnnualMaxCapacityInvestment,OPT,GLOBAL,PWRNGSECUXX,,,,2038,,,,,,0.0071
TotalAnnualMaxCapacityInvestment,OPT,GLOBAL,PWRNGSECUXX,,,,2039,,,,,,0.0071
TotalAnnualMaxCapacityInvestment,OPT,GLOBAL,PWRNGSECUXX,,,,2040,,,,,,0.0071
TotalAnnualMaxCapacityInvestment,OPT,GLOBAL,PWRNGSECUXX,,,,2041,,,,,,0.0071
TotalAnnualMaxCapacityInvestment,OPT,GLOBAL,PWRNGSECUXX,,,,2042,,,,,,0.0071
TotalAnnualMaxCapacityInvestment,OPT,GLOBAL,PWRNGSECUXX,,,,2043,,,,,,0.0071
TotalAnnualMaxCapacityInvestment,OPT,GLOBAL,PWRNGSECUXX,,,,2044,,,,,,0.0071
TotalAnnualMaxCapacityInvestment,OPT,GLOBAL,PWRNGSECUXX,,,,2045,,,,,,0.0071
TotalAnnualMaxCapacityInvestment,OPT,GLOBAL,PWRNGSECUXX,,,,2046,,,,,,0.0071
TotalAnnualMaxCapacityInvestment,OPT,GLOBAL,PWRNGSECUXX,,,,2047,,,,,,0.0071
TotalAnnualMaxCapacityInvestment,OPT,GLOBAL,PWRNGSECUXX,,,,2048,,,,,,0.0071
TotalAnnualMaxCapacityInvestment,OPT,GLOBAL,PWRNGSECUXX,,,,2049,,,,,,0.0071
TotalAnnualMaxCapacityInvestment,OPT,GLOBAL,PWRNGSECUXX,,,,2050,,,,,,0.0071
TotalAnnualMaxCapacityInvestment,OPT,GLOBAL,PWRWAVCOLXX,,,,2023,,,,,,0.0
TotalAnnualMaxCapacityInvestment,OPT,GLOBAL,PWRWAVCOLXX,,,,2024,,,,,,0.0
TotalAnnualMaxCapacityInvestment,OPT,GLOBAL,PWRWAVCOLXX,,,,2025,,,,,,0.1545
TotalAnnualMaxCapacityInvestment,OPT,GLOBAL,PWRWAVCOLXX,,,,2026,,,,,,0.0
TotalAnnualMaxCapacityInvestment,OPT,GLOBAL,PWRWAVCOLXX,,,,2027,,,,,,0.0
TotalAnnualMaxCapacityInvestment,OPT,GLOBAL,PWRWAVCOLXX,,,,2028,,,,,,0.0
TotalAnnualMaxCapacityInvestment,OPT,GLOBAL,PWRWAVCOLXX,,,,2029,,,,,,0.0
TotalAnnualMaxCapacityInvestment,OPT,GLOBAL,PWRWAVCOLXX,,,,2030,,,,,,0.0
TotalAnnualMaxCapacityInvestment,OPT,GLOBAL,PWRWAVCOLXX,,,,2031,,,,,,0.0
TotalAnnualMaxCapacityInvestment,OPT,GLOBAL,PWRWAVCOLXX,,,,2032,,,,,,0.0
TotalAnnualMaxCapacityInvestment,OPT,GLOBAL,PWRWAVCOLXX,,,,2033,,,,,,0.0
TotalAnnualMaxCapacityInvestment,OPT,GLOBAL,PWRWAVCOLXX,,,,2034,,,,,,0.0
TotalAnnualMaxCapacityInvestment,OPT,GLOBAL,PWRWAVCOLXX,,,,2035,,,,,,0.0
TotalAnnualMaxCapacityInvestment,OPT,GLOBAL,PWRWAVCOLXX,,,,2036,,,,,,0.0
TotalAnnualMaxCapacityInvestment,OPT,GLOBAL,PWRWAVCOLXX,,,,2037,,,,,,0.0
TotalAnnualMaxCapacityInvestment,OPT,GLOBAL,PWRWAVCOLXX,,,,2038,,,,,,0.0
TotalAnnualMaxCapacityInvestment,OPT,GLOBAL,PWRWAVCOLXX,,,,2039,,,,,,0.0
TotalAnnualMaxCapacityInvestment,OPT,GLOBAL,PWRWAVCOLXX,,,,2040,,,,,,0.0
TotalAnnualMaxCapacityInvestment,OPT,GLOBAL,PWRWAVCOLXX,,,,2041,,,,,,0.0
TotalAnnualMaxCapacityInvestment,OPT,GLOBAL,PWRWAVCOLXX,,,,2042,,,,,,0.0
TotalAnnualMaxCapacityInvestment,OPT,GLOBAL,PWRWAVCOLXX,,,,2043,,,,,,0.0
TotalAnnualMaxCapacityInvestment,OPT,GLOBAL,PWRWAVCOLXX,,,,2044,,,,,,0.0
TotalAnnualMaxCapacityInvestment,OPT,GLOBAL,PWRWAVCOLXX,,,,2045,,,,,,0.0
TotalAnnualMaxCapacityInvestment,OPT,GLOBAL,PWRWAVCOLXX,,,,2046,,,,,,0.0
TotalAnnualMaxCapacityInvestment,OPT,GLOBAL,PWRWAVCOLXX,,,,2047,,,,,,0.0
TotalAnnualMaxCapacityInvestment,OPT,GLOBAL,PWRWAVCOLXX,,,,2048,,,,,,0.0
TotalAnnualMaxCapacityInvestment,OPT,GLOBAL,PWRWAVCOLXX,,,,2049,,,,,,0.0
TotalAnnualMaxCapacityInvestment,OPT,GLOBAL,PWRWAVCOLXX,,,,2050,,,,,,0.0
TotalAnnualMaxCapacityInvestment,OPT,GLOBAL,PWRSPVARGXX,,,,2023,,,,,,0.2926
TotalAnnualMaxCapacityInvestment,OPT,GLOBAL,PWRSPVARGXX,,,,2024,,,,,,0.3353
TotalAnnualMaxCapacityInvestment,OPT,GLOBAL,PWRSPVARGXX,,,,2025,,,,,,0.2272
TotalAnnualMaxCapacityInvestment,OPT,GLOBAL,PWRSPVARGXX,,,,2026,,,,,,0.4394
TotalAnnualMaxCapacityInvestment,OPT,GLOBAL,PWRSPVARGXX,,,,2027,,,,,,0.3058
TotalAnnualMaxCapacityInvestment,OPT,GLOBAL,PWRSPVARGXX,,,,2028,,,,,,0.3509
TotalAnnualMaxCapacityInvestment,OPT,GLOBAL,PWRSPVARGXX,,,,2029,,,,,,0.3994
TotalAnnualMaxCapacityInvestment,OPT,GLOBAL,PWRSPVARGXX,,,,2030,,,,,,0.4502
TotalAnnualMaxCapacityInvestment,OPT,GLOBAL,PWRSPVARGXX,,,,2031,,,,,,0.502
TotalAnnualMaxCapacityInvestment,OPT,GLOBAL,PWRSPVARGXX,,,,2032,,,,,,0.5533
TotalAnnualMaxCapacityInvestment,OPT,GLOBAL,PWRSPVARGXX,,,,2033,,,,,,0.602
TotalAnnualMaxCapacityInvestment,OPT,GLOBAL,PWRSPVARGXX,,,,2034,,,,,,0.6461
TotalAnnualMaxCapacityInvestment,OPT,GLOBAL,PWRSPVARGXX,,,,2035,,,,,,0.6831
TotalAnnualMaxCapacityInvestment,OPT,GLOBAL,PWRSPVARGXX,,,,2036,,,,,,0.7113
TotalAnnualMaxCapacityInvestment,OPT,GLOBAL,PWRSPVARGXX,,,,2037,,,,,,0.7289
TotalAnnualMaxCapacityInvestment,OPT,GLOBAL,PWRSPVARGXX,,,,2038,,,,,,0.735
TotalAnnualMaxCapacityInvestment,OPT,GLOBAL,PWRSPVARGXX,,,,2039,,,,,,0.7292
TotalAnnualMaxCapacityInvestment,OPT,GLOBAL,PWRSPVARGXX,,,,2040,,,,,,0.712
TotalAnnualMaxCapacityInvestment,OPT,GLOBAL,PWRSPVARGXX,,,,2041,,,,,,0.6846
TotalAnnualMaxCapacityInvestment,OPT,GLOBAL,PWRSPVARGXX,,,,2042,,,,,,0.6486
TotalAnnualMaxCapacityInvestment,OPT,GLOBAL,PWRSPVARGXX,,,,2043,,,,,,0.6061
TotalAnnualMaxCapacityInvestment,OPT,GLOBAL,PWRSPVARGXX,,,,2044,,,,,,0.5591
TotalAnnualMaxCapacityInvestment,OPT,GLOBAL,PWRSPVARGXX,,,,2045,,,,,,0.5097
TotalAnnualMaxCapacityInvestment,OPT,GLOBAL,PWRSPVARGXX,,,,2046,,,,,,0.4598
TotalAnnualMaxCapacityInvestment,OPT,GLOBAL,PWRSPVARGXX,,,,2047,,,,,,0.4385
TotalAnnualMaxCapacityInvestment,OPT,GLOBAL,PWRSPVARGXX,,,,2048,,,,,,0.4385
TotalAnnualMaxCapacityInvestment,OPT,GLOBAL,PWRSPVARGXX,,,,2049,,,,,,0.4385
TotalAnnualMaxCapacityInvestment,OPT,GLOBAL,PWRSPVARGXX,,,,2050,,,,,,0.4385
TotalAnnualMaxCapacityInvestment,OPT,GLOBAL,PWRWONHTIXX,,,,2023,,,,,,0.0045
TotalAnnualMaxCapacityInvestment,OPT,GLOBAL,PWRWONHTIXX,,,,2024,,,,,,0.0048
TotalAnnualMaxCapacityInvestment,OPT,GLOBAL,PWRWONHTIXX,,,,2025,,,,,,0.0
TotalAnnualMaxCapacityInvestment,OPT,GLOBAL,PWRWONHTIXX,,,,2026,,,,,,0.0
TotalAnnualMaxCapacityInvestment,OPT,GLOBAL,PWRWONHTIXX,,,,2027,,,,,,0.0
TotalAnnualMaxCapacityInvestment,OPT,GLOBAL,PWRWONHTIXX,,,,2028,,,,,,0.0
TotalAnnualMaxCapacityInvestment,OPT,GLOBAL,PWRWONHTIXX,,,,2029,,,,,,0.0
TotalAnnualMaxCapacityInvestment,OPT,GLOBAL,PWRWONHTIXX,,,,2030,,,,,,0.0
TotalAnnualMaxCapacityInvestment,OPT,GLOBAL,PWRWONHTIXX,,,,2031,,,,,,0.0
TotalAnnualMaxCapacityInvestment,OPT,GLOBAL,PWRWONHTIXX,,,,2032,,,,,,0.0
TotalAnnualMaxCapacityInvestment,OPT,GLOBAL,PWRWONHTIXX,,,,2033,,,,,,0.0
TotalAnnualMaxCapacityInvestment,OPT,GLOBAL,PWRWONHTIXX,,,,2034,,,,,,0.0
TotalAnnualMaxCapacityInvestment,OPT,GLOBAL,PWRWONHTIXX,,,,2035,,,,,,0.0
TotalAnnualMaxCapacityInvestment,OPT,GLOBAL,PWRWONHTIXX,,,,2036,,,,,,0.0
TotalAnnualMaxCapacityInvestment,OPT,GLOBAL,PWRWONHTIXX,,,,2037,,,,,,0.0
TotalAnnualMaxCapacityInvestment,OPT,GLOBAL,PWRWONHTIXX,,,,2038,,,,,,0.0
TotalAnnualMaxCapacityInvestment,OPT,GLOBAL,PWRWONHTIXX,,,,2039,,,,,,0.0
TotalAnnualMaxCapacityInvestment,OPT,GLOBAL,PWRWONHTIXX,,,,2040,,,,,,0.0
TotalAnnualMaxCapacityInvestment,OPT,GLOBAL,PWRWONHTIXX,,,,2041,,,,,,0.0
TotalAnnualMaxCapacityInvestment,OPT,GLOBAL,PWRWONHTIXX,,,,2042,,,,,,0.0
TotalAnnualMaxCapacityInvestment,OPT,GLOBAL,PWRWONHTIXX,,,,2043,,,,,,0.0
TotalAnnualMaxCapacityInvestment,OPT,GLOBAL,PWRWONHTIXX,,,,2044,,,,,,0.0
TotalAnnualMaxCapacityInvestment,OPT,GLOBAL,PWRWONHTIXX,,,,2045,,,,,,0.0
TotalAnnualMaxCapacityInvestment,OPT,GLOBAL,PWRWONHTIXX,,,,2046,,,,,,0.0
TotalAnnualMaxCapacityInvestment,OPT,GLOBAL,PWRWONHTIXX,,,,2047,,,,,,0.0
TotalAnnualMaxCapacityInvestment,OPT,GLOBAL,PWRWONHTIXX,,,,2048,,,,,,0.0
TotalAnnualMaxCapacityInvestment,OPT,GLOBAL,PWRWONHTIXX,,,,2049,,,,,,0.0
TotalAnnualMaxCapacityInvestment,OPT,GLOBAL,PWRWONHTIXX,,,,2050,,,,,,0.0
TotalAnnualMaxCapacityInvestment,OPT,GLOBAL,PWRHYDBRAXX,,,,2023,,,,,,1.1087
TotalAnnualMaxCapacityInvestment,OPT,GLOBAL,PWRHYDBRAXX,,,,2024,,,,,,1.133
TotalAnnualMaxCapacityInvestment,OPT,GLOBAL,PWRHYDBRAXX,,,,2025,,,,,,2.1901
TotalAnnualMaxCapacityInvestment,OPT,GLOBAL,PWRHYDBRAXX,,,,2026,,,,,,2.1901
TotalAnnualMaxCapacityInvestment,OPT,GLOBAL,PWRHYDBRAXX,,,,2027,,,,,,2.1901
TotalAnnualMaxCapacityInvestment,OPT,GLOBAL,PWRHYDBRAXX,,,,2028,,,,,,2.1901
TotalAnnualMaxCapacityInvestment,OPT,GLOBAL,PWRHYDBRAXX,,,,2029,,,,,,2.1901
TotalAnnualMaxCapacityInvestment,OPT,GLOBAL,PWRHYDBRAXX,,,,2030,,,,,,2.1901
TotalAnnualMaxCapacityInvestment,OPT,GLOBAL,PWRHYDBRAXX,,,,2031,,,,,,2.1901
TotalAnnualMaxCapacityInvestment,OPT,GLOBAL,PWRHYDBRAXX,,,,2032,,,,,,2.1901
TotalAnnualMaxCapacityInvestment,OPT,GLOBAL,PWRHYDBRAXX,,,,2033,,,,,,2.1901
TotalAnnualMaxCapacityInvestment,OPT,GLOBAL,PWRHYDBRAXX,,,,2034,,,,,,2.1901
TotalAnnualMaxCapacityInvestment,OPT,GLOBAL,PWRHYDBRAXX,,,,2035,,,,,,2.1901
TotalAnnualMaxCapacityInvestment,OPT,GLOBAL,PWRHYDBRAXX,,,,2036,,,,,,2.5487
TotalAnnualMaxCapacityInvestment,OPT,GLOBAL,PWRHYDBRAXX,,,,2037,,,,,,2.5487
TotalAnnualMaxCapacityInvestment,OPT,GLOBAL,PWRHYDBRAXX,,,,2038,,,,,,2.5487
TotalAnnualMaxCapacityInvestment,OPT,GLOBAL,PWRHYDBRAXX,,,,2039,,,,,,2.5487
TotalAnnualMaxCapacityInvestment,OPT,GLOBAL,PWRHYDBRAXX,,,,2040,,,,,,2.5487
TotalAnnualMaxCapacityInvestment,OPT,GLOBAL,PWRHYDBRAXX,,,,2041,,,,,,2.5487
TotalAnnualMaxCapacityInvestment,OPT,GLOBAL,PWRHYDBRAXX,,,,2042,,,,,,2.5487
TotalAnnualMaxCapacityInvestment,OPT,GLOBAL,PWRHYDBRAXX,,,,2043,,,,,,2.5487
TotalAnnualMaxCapacityInvestment,OPT,GLOBAL,PWRHYDBRAXX,,,,2044,,,,,,2.5487
TotalAnnualMaxCapacityInvestment,OPT,GLOBAL,PWRHYDBRAXX,,,,2045,,,,,,2.5487
TotalAnnualMaxCapacityInvestment,OPT,GLOBAL,PWRHYDBRAXX,,,,2046,,,,,,2.5487
TotalAnnualMaxCapacityInvestment,OPT,GLOBAL,PWRHYDBRAXX,,,,2047,,,,,,2.5487
TotalAnnualMaxCapacityInvestment,OPT,GLOBAL,PWRHYDBRAXX,,,,2048,,,,,,2.5487
TotalAnnualMaxCapacityInvestment,OPT,GLOBAL,PWRHYDBRAXX,,,,2049,,,,,,2.5487
TotalAnnualMaxCapacityInvestment,OPT,GLOBAL,PWRHYDBRAXX,,,,2050,,,,,,2.5487
TotalAnnualMaxCapacityInvestment,OPT,GLOBAL,PWRGEOURYXX,,,,2023,,,,,,0.1951
TotalAnnualMaxCapacityInvestment,OPT,GLOBAL,PWRGEOURYXX,,,,2024,,,,,,0.2
TotalAnnualMaxCapacityInvestment,OPT,GLOBAL,PWRGEOURYXX,,,,2025,,,,,,0.0
TotalAnnualMaxCapacityInvestment,OPT,GLOBAL,PWRGEOURYXX,,,,2026,,,,,,0.2135
TotalAnnualMaxCapacityInvestment,OPT,GLOBAL,PWRGEOURYXX,,,,2027,,,,,,0.2205
TotalAnnualMaxCapacityInvestment,OPT,GLOBAL,PWRGEOURYXX,,,,2028,,,,,,0.2276
TotalAnnualMaxCapacityInvestment,OPT,GLOBAL,PWRGEOURYXX,,,,2029,,,,,,0.2349
TotalAnnualMaxCapacityInvestment,OPT,GLOBAL,PWRGEOURYXX,,,,2030,,,,,,0.2424
TotalAnnualMaxCapacityInvestment,OPT,GLOBAL,PWRGEOURYXX,,,,2031,,,,,,0.2501
TotalAnnualMaxCapacityInvestment,OPT,GLOBAL,PWRGEOURYXX,,,,2032,,,,,,0.258
TotalAnnualMaxCapacityInvestment,OPT,GLOBAL,PWRGEOURYXX,,,,2033,,,,,,0.266
TotalAnnualMaxCapacityInvestment,OPT,GLOBAL,PWRGEOURYXX,,,,2034,,,,,,0.2743
TotalAnnualMaxCapacityInvestment,OPT,GLOBAL,PWRGEOURYXX,,,,2035,,,,,,0.2827
TotalAnnualMaxCapacityInvestment,OPT,GLOBAL,PWRGEOURYXX,,,,2036,,,,,,0.2934
TotalAnnualMaxCapacityInvestment,OPT,GLOBAL,PWRGEOURYXX,,,,2037,,,,,,0.3042
TotalAnnualMaxCapacityInvestment,OPT,GLOBAL,PWRGEOURYXX,,,,2038,,,,,,0.3152
TotalAnnualMaxCapacityInvestment,OPT,GLOBAL,PWRGEOURYXX,,,,2039,,,,,,0.3264
TotalAnnualMaxCapacityInvestment,OPT,GLOBAL,PWRGEOURYXX,,,,2040,,,,,,0.3378
TotalAnnualMaxCapacityInvestment,OPT,GLOBAL,PWRGEOURYXX,,,,2041,,,,,,0.3494
TotalAnnualMaxCapacityInvestment,OPT,GLOBAL,PWRGEOURYXX,,,,2042,,,,,,0.3612
TotalAnnualMaxCapacityInvestment,OPT,GLOBAL,PWRGEOURYXX,,,,2043,,,,,,0.3733
TotalAnnualMaxCapacityInvestment,OPT,GLOBAL,PWRGEOURYXX,,,,2044,,,,,,0.3855
TotalAnnualMaxCapacityInvestment,OPT,GLOBAL,PWRGEOURYXX,,,,2045,,,,,,0.398
TotalAnnualMaxCapacityInvestment,OPT,GLOBAL,PWRGEOURYXX,,,,2046,,,,,,0.4106
TotalAnnualMaxCapacityInvestment,OPT,GLOBAL,PWRGEOURYXX,,,,2047,,,,,,0.4235
TotalAnnualMaxCapacityInvestment,OPT,GLOBAL,PWRGEOURYXX,,,,2048,,,,,,0.4366
TotalAnnualMaxCapacityInvestment,OPT,GLOBAL,PWRGEOURYXX,,,,2049,,,,,,0.45
TotalAnnualMaxCapacityInvestment,OPT,GLOBAL,PWRGEOURYXX,,,,2050,,,,,,0.4636
TotalAnnualMaxCapacityInvestment,OPT,GLOBAL,PWRCOAGTMXX,,,,2023,,,,,,0.1252
TotalAnnualMaxCapacityInvestment,OPT,GLOBAL,PWRCOAGTMXX,,,,2024,,,,,,0.129
TotalAnnualMaxCapacityInvestment,OPT,GLOBAL,PWRCOAGTMXX,,,,2025,,,,,,0.0044
TotalAnnualMaxCapacityInvestment,OPT,GLOBAL,PWRCOAGTMXX,,,,2026,,,,,,0.0044
TotalAnnualMaxCapacityInvestment,OPT,GLOBAL,PWRCOAGTMXX,,,,2027,,,,,,0.0044
TotalAnnualMaxCapacityInvestment,OPT,GLOBAL,PWRCOAGTMXX,,,,2028,,,,,,0.0044
TotalAnnualMaxCapacityInvestment,OPT,GLOBAL,PWRCOAGTMXX,,,,2029,,,,,,0.0044
TotalAnnualMaxCapacityInvestment,OPT,GLOBAL,PWRCOAGTMXX,,,,2030,,,,,,0.0044
TotalAnnualMaxCapacityInvestment,OPT,GLOBAL,PWRCOAGTMXX,,,,2031,,,,,,0.0044
TotalAnnualMaxCapacityInvestment,OPT,GLOBAL,PWRCOAGTMXX,,,,2032,,,,,,0.0044
TotalAnnualMaxCapacityInvestment,OPT,GLOBAL,PWRCOAGTMXX,,,,2033,,,,,,0.0044
TotalAnnualMaxCapacityInvestment,OPT,GLOBAL,PWRCOAGTMXX,,,,2034,,,,,,0.0044
TotalAnnualMaxCapacityInvestment,OPT,GLOBAL,PWRCOAGTMXX,,,,2035,,,,,,0.0044
TotalAnnualMaxCapacityInvestment,OPT,GLOBAL,PWRCOAGTMXX,,,,2036,,,,,,0.0
TotalAnnualMaxCapacityInvestment,OPT,GLOBAL,PWRCOAGTMXX,,,,2037,,,,,,0.0
TotalAnnualMaxCapacityInvestment,OPT,GLOBAL,PWRCOAGTMXX,,,,2038,,,,,,0.0
TotalAnnualMaxCapacityInvestment,OPT,GLOBAL,PWRCOAGTMXX,,,,2039,,,,,,0.0
TotalAnnualMaxCapacityInvestment,OPT,GLOBAL,PWRCOAGTMXX,,,,2040,,,,,,0.0
TotalAnnualMaxCapacityInvestment,OPT,GLOBAL,PWRCOAGTMXX,,,,2041,,,,,,0.0
TotalAnnualMaxCapacityInvestment,OPT,GLOBAL,PWRCOAGTMXX,,,,2042,,,,,,0.0
TotalAnnualMaxCapacityInvestment,OPT,GLOBAL,PWRCOAGTMXX,,,,2043,,,,,,0.0
TotalAnnualMaxCapacityInvestment,OPT,GLOBAL,PWRCOAGTMXX,,,,2044,,,,,,0.0
TotalAnnualMaxCapacityInvestment,OPT,GLOBAL,PWRCOAGTMXX,,,,2045,,,,,,0.0
TotalAnnualMaxCapacityInvestment,OPT,GLOBAL,PWRCOAGTMXX,,,,2046,,,,,,0.0
TotalAnnualMaxCapacityInvestment,OPT,GLOBAL,PWRCOAGTMXX,,,,2047,,,,,,0.0
TotalAnnualMaxCapacityInvestment,OPT,GLOBAL,PWRCOAGTMXX,,,,2048,,,,,,0.0
TotalAnnualMaxCapacityInvestment,OPT,GLOBAL,PWRCOAGTMXX,,,,2049,,,,,,0.0
TotalAnnualMaxCapacityInvestment,OPT,GLOBAL,PWRCOAGTMXX,,,,2050,,,,,,0.0
TotalAnnualMaxCapacityInvestment,OPT,GLOBAL,PWRSPVPRYXX,,,,2023,,,,,,0.0
TotalAnnualMaxCapacityInvestment,OPT,GLOBAL,PWRSPVPRYXX,,,,2024,,,,,,0.0
TotalAnnualMaxCapacityInvestment,OPT,GLOBAL,PWRSPVPRYXX,,,,2025,,,,,,0.0356
TotalAnnualMaxCapacityInvestment,OPT,GLOBAL,PWRSPVPRYXX,,,,2026,,,,,,0.0356
TotalAnnualMaxCapacityInvestment,OPT,GLOBAL,PWRSPVPRYXX,,,,2027,,,,,,0.0356
TotalAnnualMaxCapacityInvestment,OPT,GLOBAL,PWRSPVPRYXX,,,,2028,,,,,,0.075
TotalAnnualMaxCapacityInvestment,OPT,GLOBAL,PWRSPVPRYXX,,,,2029,,,,,,0.0356
TotalAnnualMaxCapacityInvestment,OPT,GLOBAL,PWRSPVPRYXX,,,,2030,,,,,,0.0356
TotalAnnualMaxCapacityInvestment,OPT,GLOBAL,PWRSPVPRYXX,,,,2031,,,,,,0.4798
TotalAnnualMaxCapacityInvestment,OPT,GLOBAL,PWRSPVPRYXX,,,,2032,,,,,,0.0356
TotalAnnualMaxCapacityInvestment,OPT,GLOBAL,PWRSPVPRYXX,,,,2033,,,,,,0.0356
TotalAnnualMaxCapacityInvestment,OPT,GLOBAL,PWRSPVPRYXX,,,,2034,,,,,,0.0356
TotalAnnualMaxCapacityInvestment,OPT,GLOBAL,PWRSPVPRYXX,,,,2035,,,,,,0.0356
TotalAnnualMaxCapacityInvestment,OPT,GLOBAL,PWRSPVPRYXX,,,,2036,,,,,,0.0287
TotalAnnualMaxCapacityInvestment,OPT,GLOBAL,PWRSPVPRYXX,,,,2037,,,,,,0.0287
TotalAnnualMaxCapacityInvestment,OPT,GLOBAL,PWRSPVPRYXX,,,,2038,,,,,,0.0287
TotalAnnualMaxCapacityInvestment,OPT,GLOBAL,PWRSPVPRYXX,,,,2039,,,,,,0.0287
TotalAnnualMaxCapacityInvestment,OPT,GLOBAL,PWRSPVPRYXX,,,,2040,,,,,,0.606
TotalAnnualMaxCapacityInvestment,OPT,GLOBAL,PWRSPVPRYXX,,,,2041,,,,,,0.606
TotalAnnualMaxCapacityInvestment,OPT,GLOBAL,PWRSPVPRYXX,,,,2042,,,,,,0.808
TotalAnnualMaxCapacityInvestment,OPT,GLOBAL,PWRSPVPRYXX,,,,2043,,,,,,0.808
TotalAnnualMaxCapacityInvestment,OPT,GLOBAL,PWRSPVPRYXX,,,,2044,,,,,,0.0287
TotalAnnualMaxCapacityInvestment,OPT,GLOBAL,PWRSPVPRYXX,,,,2045,,,,,,0.0287
TotalAnnualMaxCapacityInvestment,OPT,GLOBAL,PWRSPVPRYXX,,,,2046,,,,,,0.0287
TotalAnnualMaxCapacityInvestment,OPT,GLOBAL,PWRSPVPRYXX,,,,2047,,,,,,0.0287
TotalAnnualMaxCapacityInvestment,OPT,GLOBAL,PWRSPVPRYXX,,,,2048,,,,,,0.0287
TotalAnnualMaxCapacityInvestment,OPT,GLOBAL,PWRSPVPRYXX,,,,2049,,,,,,0.0287
TotalAnnualMaxCapacityInvestment,OPT,GLOBAL,PWRSPVPRYXX,,,,2050,,,,,,0.0287
TotalAnnualMaxCapacityInvestment,OPT,GLOBAL,PWRGEOHTIXX,,,,2023,,,,,,0.1951
TotalAnnualMaxCapacityInvestment,OPT,GLOBAL,PWRGEOHTIXX,,,,2024,,,,,,0.2
TotalAnnualMaxCapacityInvestment,OPT,GLOBAL,PWRGEOHTIXX,,,,2025,,,,,,0.0
TotalAnnualMaxCapacityInvestment,OPT,GLOBAL,PWRGEOHTIXX,,,,2026,,,,,,0.2195
TotalAnnualMaxCapacityInvestment,OPT,GLOBAL,PWRGEOHTIXX,,,,2027,,,,,,0.2299
TotalAnnualMaxCapacityInvestment,OPT,GLOBAL,PWRGEOHTIXX,,,,2028,,,,,,0.2406
TotalAnnualMaxCapacityInvestment,OPT,GLOBAL,PWRGEOHTIXX,,,,2029,,,,,,0.2519
TotalAnnualMaxCapacityInvestment,OPT,GLOBAL,PWRGEOHTIXX,,,,2030,,,,,,0.2635
TotalAnnualMaxCapacityInvestment,OPT,GLOBAL,PWRGEOHTIXX,,,,2031,,,,,,0.2755
TotalAnnualMaxCapacityInvestment,OPT,GLOBAL,PWRGEOHTIXX,,,,2032,,,,,,0.2881
TotalAnnualMaxCapacityInvestment,OPT,GLOBAL,PWRGEOHTIXX,,,,2033,,,,,,0.3013
TotalAnnualMaxCapacityInvestment,OPT,GLOBAL,PWRGEOHTIXX,,,,2034,,,,,,0.3148
TotalAnnualMaxCapacityInvestment,OPT,GLOBAL,PWRGEOHTIXX,,,,2035,,,,,,0.3289
TotalAnnualMaxCapacityInvestment,OPT,GLOBAL,PWRGEOHTIXX,,,,2036,,,,,,0.3443
TotalAnnualMaxCapacityInvestment,OPT,GLOBAL,PWRGEOHTIXX,,,,2037,,,,,,0.3601
TotalAnnualMaxCapacityInvestment,OPT,GLOBAL,PWRGEOHTIXX,,,,2038,,,,,,0.3764
TotalAnnualMaxCapacityInvestment,OPT,GLOBAL,PWRGEOHTIXX,,,,2039,,,,,,0.3934
TotalAnnualMaxCapacityInvestment,OPT,GLOBAL,PWRGEOHTIXX,,,,2040,,,,,,0.4107
TotalAnnualMaxCapacityInvestment,OPT,GLOBAL,PWRGEOHTIXX,,,,2041,,,,,,0.4286
TotalAnnualMaxCapacityInvestment,OPT,GLOBAL,PWRGEOHTIXX,,,,2042,,,,,,0.4472
TotalAnnualMaxCapacityInvestment,OPT,GLOBAL,PWRGEOHTIXX,,,,2043,,,,,,0.466
TotalAnnualMaxCapacityInvestment,OPT,GLOBAL,PWRGEOHTIXX,,,,2044,,,,,,0.4858
TotalAnnualMaxCapacityInvestment,OPT,GLOBAL,PWRGEOHTIXX,,,,2045,,,,,,0.506
TotalAnnualMaxCapacityInvestment,OPT,GLOBAL,PWRGEOHTIXX,,,,2046,,,,,,0.5267
TotalAnnualMaxCapacityInvestment,OPT,GLOBAL,PWRGEOHTIXX,,,,2047,,,,,,0.5481
TotalAnnualMaxCapacityInvestment,OPT,GLOBAL,PWRGEOHTIXX,,,,2048,,,,,,0.5701
TotalAnnualMaxCapacityInvestment,OPT,GLOBAL,PWRGEOHTIXX,,,,2049,,,,,,0.5928
TotalAnnualMaxCapacityInvestment,OPT,GLOBAL,PWRGEOHTIXX,,,,2050,,,,,,0.616
TotalAnnualMaxCapacityInvestment,OPT,GLOBAL,PWRGEOBOLXX,,,,2023,,,,,,0.1951
TotalAnnualMaxCapacityInvestment,OPT,GLOBAL,PWRGEOBOLXX,,,,2024,,,,,,0.2
TotalAnnualMaxCapacityInvestment,OPT,GLOBAL,PWRGEOBOLXX,,,,2025,,,,,,0.0
TotalAnnualMaxCapacityInvestment,OPT,GLOBAL,PWRGEOBOLXX,,,,2026,,,,,,0.222
TotalAnnualMaxCapacityInvestment,OPT,GLOBAL,PWRGEOBOLXX,,,,2027,,,,,,0.2337
TotalAnnualMaxCapacityInvestment,OPT,GLOBAL,PWRGEOBOLXX,,,,2028,,,,,,0.2461
TotalAnnualMaxCapacityInvestment,OPT,GLOBAL,PWRGEOBOLXX,,,,2029,,,,,,0.259
TotalAnnualMaxCapacityInvestment,OPT,GLOBAL,PWRGEOBOLXX,,,,2030,,,,,,0.2725
TotalAnnualMaxCapacityInvestment,OPT,GLOBAL,PWRGEOBOLXX,,,,2031,,,,,,0.2867
TotalAnnualMaxCapacityInvestment,OPT,GLOBAL,PWRGEOBOLXX,,,,2032,,,,,,0.3015
TotalAnnualMaxCapacityInvestment,OPT,GLOBAL,PWRGEOBOLXX,,,,2033,,,,,,0.3171
TotalAnnualMaxCapacityInvestment,OPT,GLOBAL,PWRGEOBOLXX,,,,2034,,,,,,0.3333
TotalAnnualMaxCapacityInvestment,OPT,GLOBAL,PWRGEOBOLXX,,,,2035,,,,,,0.3504
TotalAnnualMaxCapacityInvestment,OPT,GLOBAL,PWRGEOBOLXX,,,,2036,,,,,,0.3697
TotalAnnualMaxCapacityInvestment,OPT,GLOBAL,PWRGEOBOLXX,,,,2037,,,,,,0.39
TotalAnnualMaxCapacityInvestment,OPT,GLOBAL,PWRGEOBOLXX,,,,2038,,,,,,0.411
TotalAnnualMaxCapacityInvestment,OPT,GLOBAL,PWRGEOBOLXX,,,,2039,,,,,,0.4329
TotalAnnualMaxCapacityInvestment,OPT,GLOBAL,PWRGEOBOLXX,,,,2040,,,,,,0.4557
TotalAnnualMaxCapacityInvestment,OPT,GLOBAL,PWRGEOBOLXX,,,,2041,,,,,,0.4794
TotalAnnualMaxCapacityInvestment,OPT,GLOBAL,PWRGEOBOLXX,,,,2042,,,,,,0.5041
TotalAnnualMaxCapacityInvestment,OPT,GLOBAL,PWRGEOBOLXX,,,,2043,,,,,,0.5298
TotalAnnualMaxCapacityInvestment,OPT,GLOBAL,PWRGEOBOLXX,,,,2044,,,,,,0.5566
TotalAnnualMaxCapacityInvestment,OPT,GLOBAL,PWRGEOBOLXX,,,,2045,,,,,,0.5844
TotalAnnualMaxCapacityInvestment,OPT,GLOBAL,PWRGEOBOLXX,,,,2046,,,,,,0.6133
TotalAnnualMaxCapacityInvestment,OPT,GLOBAL,PWRGEOBOLXX,,,,2047,,,,,,0.6434
TotalAnnualMaxCapacityInvestment,OPT,GLOBAL,PWRGEOBOLXX,,,,2048,,,,,,0.6747
TotalAnnualMaxCapacityInvestment,OPT,GLOBAL,PWRGEOBOLXX,,,,2049,,,,,,0.7073
TotalAnnualMaxCapacityInvestment,OPT,GLOBAL,PWRGEOBOLXX,,,,2050,,,,,,0.7411
TotalAnnualMaxCapacityInvestment,OPT,GLOBAL,PWRGEOMEXXX,,,,2023,,,,,,0.4341
TotalAnnualMaxCapacityInvestment,OPT,GLOBAL,PWRGEOMEXXX,,,,2024,,,,,,0.4471
TotalAnnualMaxCapacityInvestment,OPT,GLOBAL,PWRGEOMEXXX,,,,2025,,,,,,0.0202
TotalAnnualMaxCapacityInvestment,OPT,GLOBAL,PWRGEOMEXXX,,,,2026,,,,,,0.0202
TotalAnnualMaxCapacityInvestment,OPT,GLOBAL,PWRGEOMEXXX,,,,2027,,,,,,0.0202
TotalAnnualMaxCapacityInvestment,OPT,GLOBAL,PWRGEOMEXXX,,,,2028,,,,,,0.0202
TotalAnnualMaxCapacityInvestment,OPT,GLOBAL,PWRGEOMEXXX,,,,2029,,,,,,0.0202
TotalAnnualMaxCapacityInvestment,OPT,GLOBAL,PWRGEOMEXXX,,,,2030,,,,,,0.0202
TotalAnnualMaxCapacityInvestment,OPT,GLOBAL,PWRGEOMEXXX,,,,2031,,,,,,0.0202
TotalAnnualMaxCapacityInvestment,OPT,GLOBAL,PWRGEOMEXXX,,,,2032,,,,,,0.0202
TotalAnnualMaxCapacityInvestment,OPT,GLOBAL,PWRGEOMEXXX,,,,2033,,,,,,0.0202
TotalAnnualMaxCapacityInvestment,OPT,GLOBAL,PWRGEOMEXXX,,,,2034,,,,,,0.0202
TotalAnnualMaxCapacityInvestment,OPT,GLOBAL,PWRGEOMEXXX,,,,2035,,,,,,0.0202
TotalAnnualMaxCapacityInvestment,OPT,GLOBAL,PWRGEOMEXXX,,,,2036,,,,,,0.0298
TotalAnnualMaxCapacityInvestment,OPT,GLOBAL,PWRGEOMEXXX,,,,2037,,,,,,0.0298
TotalAnnualMaxCapacityInvestment,OPT,GLOBAL,PWRGEOMEXXX,,,,2038,,,,,,0.0298
TotalAnnualMaxCapacityInvestment,OPT,GLOBAL,PWRGEOMEXXX,,,,2039,,,,,,0.0298
TotalAnnualMaxCapacityInvestment,OPT,GLOBAL,PWRGEOMEXXX,,,,2040,,,,,,0.0298
TotalAnnualMaxCapacityInvestment,OPT,GLOBAL,PWRGEOMEXXX,,,,2041,,,,,,0.0298
TotalAnnualMaxCapacityInvestment,OPT,GLOBAL,PWRGEOMEXXX,,,,2042,,,,,,0.0298
TotalAnnualMaxCapacityInvestment,OPT,GLOBAL,PWRGEOMEXXX,,,,2043,,,,,,0.0298
TotalAnnualMaxCapacityInvestment,OPT,GLOBAL,PWRGEOMEXXX,,,,2044,,,,,,0.0298
TotalAnnualMaxCapacityInvestment,OPT,GLOBAL,PWRGEOMEXXX,,,,2045,,,,,,0.0298
TotalAnnualMaxCapacityInvestment,OPT,GLOBAL,PWRGEOMEXXX,,,,2046,,,,,,0.0298
TotalAnnualMaxCapacityInvestment,OPT,GLOBAL,PWRGEOMEXXX,,,,2047,,,,,,0.0298
TotalAnnualMaxCapacityInvestment,OPT,GLOBAL,PWRGEOMEXXX,,,,2048,,,,,,0.0298
TotalAnnualMaxCapacityInvestment,OPT,GLOBAL,PWRGEOMEXXX,,,,2049,,,,,,0.0298
TotalAnnualMaxCapacityInvestment,OPT,GLOBAL,PWRGEOMEXXX,,,,2050,,,,,,0.0298
TotalAnnualMaxCapacityInvestment,OPT,GLOBAL,PWRWONBRAXX,,,,2023,,,,,,4.0
TotalAnnualMaxCapacityInvestment,OPT,GLOBAL,PWRWONBRAXX,,,,2024,,,,,,3.0
TotalAnnualMaxCapacityInvestment,OPT,GLOBAL,PWRWONBRAXX,,,,2025,,,,,,3.3967
TotalAnnualMaxCapacityInvestment,OPT,GLOBAL,PWRWONBRAXX,,,,2026,,,,,,3.5
TotalAnnualMaxCapacityInvestment,OPT,GLOBAL,PWRWONBRAXX,,,,2027,,,,,,3.5
TotalAnnualMaxCapacityInvestment,OPT,GLOBAL,PWRWONBRAXX,,,,2028,,,,,,3.5
TotalAnnualMaxCapacityInvestment,OPT,GLOBAL,PWRWONBRAXX,,,,2029,,,,,,13.231
TotalAnnualMaxCapacityInvestment,OPT,GLOBAL,PWRWONBRAXX,,,,2030,,,,,,3.5
TotalAnnualMaxCapacityInvestment,OPT,GLOBAL,PWRWONBRAXX,,,,2031,,,,,,3.5
TotalAnnualMaxCapacityInvestment,OPT,GLOBAL,PWRWONBRAXX,,,,2032,,,,,,3.5
TotalAnnualMaxCapacityInvestment,OPT,GLOBAL,PWRWONBRAXX,,,,2033,,,,,,3.5
TotalAnnualMaxCapacityInvestment,OPT,GLOBAL,PWRWONBRAXX,,,,2034,,,,,,3.5
TotalAnnualMaxCapacityInvestment,OPT,GLOBAL,PWRWONBRAXX,,,,2035,,,,,,3.5
TotalAnnualMaxCapacityInvestment,OPT,GLOBAL,PWRWONBRAXX,,,,2036,,,,,,3.5
TotalAnnualMaxCapacityInvestment,OPT,GLOBAL,PWRWONBRAXX,,,,2037,,,,,,3.5
TotalAnnualMaxCapacityInvestment,OPT,GLOBAL,PWRWONBRAXX,,,,2038,,,,,,3.5
TotalAnnualMaxCapacityInvestment,OPT,GLOBAL,PWRWONBRAXX,,,,2039,,,,,,3.5
TotalAnnualMaxCapacityInvestment,OPT,GLOBAL,PWRWONBRAXX,,,,2040,,,,,,3.5
TotalAnnualMaxCapacityInvestment,OPT,GLOBAL,PWRWONBRAXX,,,,2041,,,,,,3.5
TotalAnnualMaxCapacityInvestment,OPT,GLOBAL,PWRWONBRAXX,,,,2042,,,,,,3.5
TotalAnnualMaxCapacityInvestment,OPT,GLOBAL,PWRWONBRAXX,,,,2043,,,,,,3.5
TotalAnnualMaxCapacityInvestment,OPT,GLOBAL,PWRWONBRAXX,,,,2044,,,,,,3.5
TotalAnnualMaxCapacityInvestment,OPT,GLOBAL,PWRWONBRAXX,,,,2045,,,,,,3.5
TotalAnnualMaxCapacityInvestment,OPT,GLOBAL,PWRWONBRAXX,,,,2046,,,,,,3.5
TotalAnnualMaxCapacityInvestment,OPT,GLOBAL,PWRWONBRAXX,,,,2047,,,,,,3.5
TotalAnnualMaxCapacityInvestment,OPT,GLOBAL,PWRWONBRAXX,,,,2048,,,,,,3.5
TotalAnnualMaxCapacityInvestment,OPT,GLOBAL,PWRWONBRAXX,,,,2049,,,,,,3.5
TotalAnnualMaxCapacityInvestment,OPT,GLOBAL,PWRWONBRAXX,,,,2050,,,,,,3.5
TotalAnnualMaxCapacityInvestment,OPT,GLOBAL,PWRPETCOLXX,,,,2023,,,,,,0.735
TotalAnnualMaxCapacityInvestment,OPT,GLOBAL,PWRPETCOLXX,,,,2024,,,,,,0.7502
TotalAnnualMaxCapacityInvestment,OPT,GLOBAL,PWRPETCOLXX,,,,2025,,,,,,0.0
TotalAnnualMaxCapacityInvestment,OPT,GLOBAL,PWRPETCOLXX,,,,2026,,,,,,0.0
TotalAnnualMaxCapacityInvestment,OPT,GLOBAL,PWRPETCOLXX,,,,2027,,,,,,0.0
TotalAnnualMaxCapacityInvestment,OPT,GLOBAL,PWRPETCOLXX,,,,2028,,,,,,0.0
TotalAnnualMaxCapacityInvestment,OPT,GLOBAL,PWRPETCOLXX,,,,2029,,,,,,0.0
TotalAnnualMaxCapacityInvestment,OPT,GLOBAL,PWRPETCOLXX,,,,2030,,,,,,0.0
TotalAnnualMaxCapacityInvestment,OPT,GLOBAL,PWRPETCOLXX,,,,2031,,,,,,0.0
TotalAnnualMaxCapacityInvestment,OPT,GLOBAL,PWRPETCOLXX,,,,2032,,,,,,0.0
TotalAnnualMaxCapacityInvestment,OPT,GLOBAL,PWRPETCOLXX,,,,2033,,,,,,0.0
TotalAnnualMaxCapacityInvestment,OPT,GLOBAL,PWRPETCOLXX,,,,2034,,,,,,0.0
TotalAnnualMaxCapacityInvestment,OPT,GLOBAL,PWRPETCOLXX,,,,2035,,,,,,0.0
TotalAnnualMaxCapacityInvestment,OPT,GLOBAL,PWRPETCOLXX,,,,2036,,,,,,0.0
TotalAnnualMaxCapacityInvestment,OPT,GLOBAL,PWRPETCOLXX,,,,2037,,,,,,0.0
TotalAnnualMaxCapacityInvestment,OPT,GLOBAL,PWRPETCOLXX,,,,2038,,,,,,0.0
TotalAnnualMaxCapacityInvestment,OPT,GLOBAL,PWRPETCOLXX,,,,2039,,,,,,0.0
TotalAnnualMaxCapacityInvestment,OPT,GLOBAL,PWRPETCOLXX,,,,2040,,,,,,0.0
TotalAnnualMaxCapacityInvestment,OPT,GLOBAL,PWRPETCOLXX,,,,2041,,,,,,0.0
TotalAnnualMaxCapacityInvestment,OPT,GLOBAL,PWRPETCOLXX,,,,2042,,,,,,0.0
TotalAnnualMaxCapacityInvestment,OPT,GLOBAL,PWRPETCOLXX,,,,2043,,,,,,0.0
TotalAnnualMaxCapacityInvestment,OPT,GLOBAL,PWRPETCOLXX,,,,2044,,,,,,0.0
TotalAnnualMaxCapacityInvestment,OPT,GLOBAL,PWRPETCOLXX,,,,2045,,,,,,0.0
TotalAnnualMaxCapacityInvestment,OPT,GLOBAL,PWRPETCOLXX,,,,2046,,,,,,0.0
TotalAnnualMaxCapacityInvestment,OPT,GLOBAL,PWRPETCOLXX,,,,2047,,,,,,0.0
TotalAnnualMaxCapacityInvestment,OPT,GLOBAL,PWRPETCOLXX,,,,2048,,,,,,0.0
TotalAnnualMaxCapacityInvestment,OPT,GLOBAL,PWRPETCOLXX,,,,2049,,,,,,0.0
TotalAnnualMaxCapacityInvestment,OPT,GLOBAL,PWRPETCOLXX,,,,2050,,,,,,0.0
TotalAnnualMaxCapacityInvestment,OPT,GLOBAL,PWRWASNICXX,,,,2023,,,,,,0.0668
TotalAnnualMaxCapacityInvestment,OPT,GLOBAL,PWRWASNICXX,,,,2024,,,,,,0.0699
TotalAnnualMaxCapacityInvestment,OPT,GLOBAL,PWRWASNICXX,,,,2025,,,,,,0.0195
TotalAnnualMaxCapacityInvestment,OPT,GLOBAL,PWRWASNICXX,,,,2026,,,,,,0.0195
TotalAnnualMaxCapacityInvestment,OPT,GLOBAL,PWRWASNICXX,,,,2027,,,,,,0.0195
TotalAnnualMaxCapacityInvestment,OPT,GLOBAL,PWRWASNICXX,,,,2028,,,,,,0.0195
TotalAnnualMaxCapacityInvestment,OPT,GLOBAL,PWRWASNICXX,,,,2029,,,,,,0.0195
TotalAnnualMaxCapacityInvestment,OPT,GLOBAL,PWRWASNICXX,,,,2030,,,,,,0.0195
TotalAnnualMaxCapacityInvestment,OPT,GLOBAL,PWRWASNICXX,,,,2031,,,,,,0.0195
TotalAnnualMaxCapacityInvestment,OPT,GLOBAL,PWRWASNICXX,,,,2032,,,,,,0.0195
TotalAnnualMaxCapacityInvestment,OPT,GLOBAL,PWRWASNICXX,,,,2033,,,,,,0.0195
TotalAnnualMaxCapacityInvestment,OPT,GLOBAL,PWRWASNICXX,,,,2034,,,,,,0.0195
TotalAnnualMaxCapacityInvestment,OPT,GLOBAL,PWRWASNICXX,,,,2035,,,,,,0.0195
TotalAnnualMaxCapacityInvestment,OPT,GLOBAL,PWRWASNICXX,,,,2036,,,,,,0.0159
TotalAnnualMaxCapacityInvestment,OPT,GLOBAL,PWRWASNICXX,,,,2037,,,,,,0.0159
TotalAnnualMaxCapacityInvestment,OPT,GLOBAL,PWRWASNICXX,,,,2038,,,,,,0.0159
TotalAnnualMaxCapacityInvestment,OPT,GLOBAL,PWRWASNICXX,,,,2039,,,,,,0.0159
TotalAnnualMaxCapacityInvestment,OPT,GLOBAL,PWRWASNICXX,,,,2040,,,,,,0.0159
TotalAnnualMaxCapacityInvestment,OPT,GLOBAL,PWRWASNICXX,,,,2041,,,,,,0.0159
TotalAnnualMaxCapacityInvestment,OPT,GLOBAL,PWRWASNICXX,,,,2042,,,,,,0.0159
TotalAnnualMaxCapacityInvestment,OPT,GLOBAL,PWRWASNICXX,,,,2043,,,,,,0.0159
TotalAnnualMaxCapacityInvestment,OPT,GLOBAL,PWRWASNICXX,,,,2044,,,,,,0.0159
TotalAnnualMaxCapacityInvestment,OPT,GLOBAL,PWRWASNICXX,,,,2045,,,,,,0.0159
TotalAnnualMaxCapacityInvestment,OPT,GLOBAL,PWRWASNICXX,,,,2046,,,,,,0.0159
TotalAnnualMaxCapacityInvestment,OPT,GLOBAL,PWRWASNICXX,,,,2047,,,,,,0.0159
TotalAnnualMaxCapacityInvestment,OPT,GLOBAL,PWRWASNICXX,,,,2048,,,,,,0.0159
TotalAnnualMaxCapacityInvestment,OPT,GLOBAL,PWRWASNICXX,,,,2049,,,,,,0.0159
TotalAnnualMaxCapacityInvestment,OPT,GLOBAL,PWRWASNICXX,,,,2050,,,,,,0.0159
TotalAnnualMaxCapacityInvestment,OPT,GLOBAL,PWRSPVPERXX,,,,2023,,,,,,0.115
TotalAnnualMaxCapacityInvestment,OPT,GLOBAL,PWRSPVPERXX,,,,2024,,,,,,0.1162
TotalAnnualMaxCapacityInvestment,OPT,GLOBAL,PWRSPVPERXX,,,,2025,,,,,,0.1655
TotalAnnualMaxCapacityInvestment,OPT,GLOBAL,PWRSPVPERXX,,,,2026,,,,,,0.1926
TotalAnnualMaxCapacityInvestment,OPT,GLOBAL,PWRSPVPERXX,,,,2027,,,,,,0.2227
TotalAnnualMaxCapacityInvestment,OPT,GLOBAL,PWRSPVPERXX,,,,2028,,,,,,0.2556
TotalAnnualMaxCapacityInvestment,OPT,GLOBAL,PWRSPVPERXX,,,,2029,,,,,,0.2909
TotalAnnualMaxCapacityInvestment,OPT,GLOBAL,PWRSPVPERXX,,,,2030,,,,,,0.3279
TotalAnnualMaxCapacityInvestment,OPT,GLOBAL,PWRSPVPERXX,,,,2031,,,,,,0.3656
TotalAnnualMaxCapacityInvestment,OPT,GLOBAL,PWRSPVPERXX,,,,2032,,,,,,0.403
TotalAnnualMaxCapacityInvestment,OPT,GLOBAL,PWRSPVPERXX,,,,2033,,,,,,0.4385
TotalAnnualMaxCapacityInvestment,OPT,GLOBAL,PWRSPVPERXX,,,,2034,,,,,,0.4705
TotalAnnualMaxCapacityInvestment,OPT,GLOBAL,PWRSPVPERXX,,,,2035,,,,,,0.4976
TotalAnnualMaxCapacityInvestment,OPT,GLOBAL,PWRSPVPERXX,,,,2036,,,,,,0.5181
TotalAnnualMaxCapacityInvestment,OPT,GLOBAL,PWRSPVPERXX,,,,2037,,,,,,0.5309
TotalAnnualMaxCapacityInvestment,OPT,GLOBAL,PWRSPVPERXX,,,,2038,,,,,,0.5353
TotalAnnualMaxCapacityInvestment,OPT,GLOBAL,PWRSPVPERXX,,,,2039,,,,,,0.5311
TotalAnnualMaxCapacityInvestment,OPT,GLOBAL,PWRSPVPERXX,,,,2040,,,,,,0.5186
TotalAnnualMaxCapacityInvestment,OPT,GLOBAL,PWRSPVPERXX,,,,2041,,,,,,0.4986
TotalAnnualMaxCapacityInvestment,OPT,GLOBAL,PWRSPVPERXX,,,,2042,,,,,,0.4724
TotalAnnualMaxCapacityInvestment,OPT,GLOBAL,PWRSPVPERXX,,,,2043,,,,,,0.4414
TotalAnnualMaxCapacityInvestment,OPT,GLOBAL,PWRSPVPERXX,,,,2044,,,,,,0.4072
TotalAnnualMaxCapacityInvestment,OPT,GLOBAL,PWRSPVPERXX,,,,2045,,,,,,0.3713
TotalAnnualMaxCapacityInvestment,OPT,GLOBAL,PWRSPVPERXX,,,,2046,,,,,,0.3349
TotalAnnualMaxCapacityInvestment,OPT,GLOBAL,PWRSPVPERXX,,,,2047,,,,,,0.2992
TotalAnnualMaxCapacityInvestment,OPT,GLOBAL,PWRSPVPERXX,,,,2048,,,,,,0.2651
TotalAnnualMaxCapacityInvestment,OPT,GLOBAL,PWRSPVPERXX,,,,2049,,,,,,0.2331
TotalAnnualMaxCapacityInvestment,OPT,GLOBAL,PWRSPVPERXX,,,,2050,,,,,,0.2036
TotalAnnualMaxCapacityInvestment,OPT,GLOBAL,PWRSPVPANXX,,,,2023,,,,,,0.0395
TotalAnnualMaxCapacityInvestment,OPT,GLOBAL,PWRSPVPANXX,,,,2024,,,,,,0.0414
TotalAnnualMaxCapacityInvestment,OPT,GLOBAL,PWRSPVPANXX,,,,2025,,,,,,0.307
TotalAnnualMaxCapacityInvestment,OPT,GLOBAL,PWRSPVPANXX,,,,2026,,,,,,0.307
TotalAnnualMaxCapacityInvestment,OPT,GLOBAL,PWRSPVPANXX,,,,2027,,,,,,0.307
TotalAnnualMaxCapacityInvestment,OPT,GLOBAL,PWRSPVPANXX,,,,2028,,,,,,0.307
TotalAnnualMaxCapacityInvestment,OPT,GLOBAL,PWRSPVPANXX,,,,2029,,,,,,0.307
TotalAnnualMaxCapacityInvestment,OPT,GLOBAL,PWRSPVPANXX,,,,2030,,,,,,0.307
TotalAnnualMaxCapacityInvestment,OPT,GLOBAL,PWRSPVPANXX,,,,2031,,,,,,0.307
TotalAnnualMaxCapacityInvestment,OPT,GLOBAL,PWRSPVPANXX,,,,2032,,,,,,0.307
TotalAnnualMaxCapacityInvestment,OPT,GLOBAL,PWRSPVPANXX,,,,2033,,,,,,0.307
TotalAnnualMaxCapacityInvestment,OPT,GLOBAL,PWRSPVPANXX,,,,2034,,,,,,0.307
TotalAnnualMaxCapacityInvestment,OPT,GLOBAL,PWRSPVPANXX,,,,2035,,,,,,0.307
TotalAnnualMaxCapacityInvestment,OPT,GLOBAL,PWRSPVPANXX,,,,2036,,,,,,0.2474
TotalAnnualMaxCapacityInvestment,OPT,GLOBAL,PWRSPVPANXX,,,,2037,,,,,,0.2474
TotalAnnualMaxCapacityInvestment,OPT,GLOBAL,PWRSPVPANXX,,,,2038,,,,,,0.2474
TotalAnnualMaxCapacityInvestment,OPT,GLOBAL,PWRSPVPANXX,,,,2039,,,,,,0.2474
TotalAnnualMaxCapacityInvestment,OPT,GLOBAL,PWRSPVPANXX,,,,2040,,,,,,0.2474
TotalAnnualMaxCapacityInvestment,OPT,GLOBAL,PWRSPVPANXX,,,,2041,,,,,,0.2474
TotalAnnualMaxCapacityInvestment,OPT,GLOBAL,PWRSPVPANXX,,,,2042,,,,,,0.2474
TotalAnnualMaxCapacityInvestment,OPT,GLOBAL,PWRSPVPANXX,,,,2043,,,,,,0.2474
TotalAnnualMaxCapacityInvestment,OPT,GLOBAL,PWRSPVPANXX,,,,2044,,,,,,0.2474
TotalAnnualMaxCapacityInvestment,OPT,GLOBAL,PWRSPVPANXX,,,,2045,,,,,,0.2474
TotalAnnualMaxCapacityInvestment,OPT,GLOBAL,PWRSPVPANXX,,,,2046,,,,,,0.2474
TotalAnnualMaxCapacityInvestment,OPT,GLOBAL,PWRSPVPANXX,,,,2047,,,,,,0.2474
TotalAnnualMaxCapacityInvestment,OPT,GLOBAL,PWRSPVPANXX,,,,2048,,,,,,0.2474
TotalAnnualMaxCapacityInvestment,OPT,GLOBAL,PWRSPVPANXX,,,,2049,,,,,,0.2474
TotalAnnualMaxCapacityInvestment,OPT,GLOBAL,PWRSPVPANXX,,,,2050,,,,,,0.2474
TotalAnnualMaxCapacityInvestment,OPT,GLOBAL,PWRNGSPERXX,,,,2023,,,,,,0.0
TotalAnnualMaxCapacityInvestment,OPT,GLOBAL,PWRNGSPERXX,,,,2024,,,,,,0.0
TotalAnnualMaxCapacityInvestment,OPT,GLOBAL,PWRNGSPERXX,,,,2025,,,,,,0.0969
TotalAnnualMaxCapacityInvestment,OPT,GLOBAL,PWRNGSPERXX,,,,2026,,,,,,0.0969
TotalAnnualMaxCapacityInvestment,OPT,GLOBAL,PWRNGSPERXX,,,,2027,,,,,,0.0969
TotalAnnualMaxCapacityInvestment,OPT,GLOBAL,PWRNGSPERXX,,,,2028,,,,,,0.0969
TotalAnnualMaxCapacityInvestment,OPT,GLOBAL,PWRNGSPERXX,,,,2029,,,,,,0.0969
TotalAnnualMaxCapacityInvestment,OPT,GLOBAL,PWRNGSPERXX,,,,2030,,,,,,0.0969
TotalAnnualMaxCapacityInvestment,OPT,GLOBAL,PWRNGSPERXX,,,,2031,,,,,,1.4392
TotalAnnualMaxCapacityInvestment,OPT,GLOBAL,PWRNGSPERXX,,,,2032,,,,,,0.0969
TotalAnnualMaxCapacityInvestment,OPT,GLOBAL,PWRNGSPERXX,,,,2033,,,,,,0.0969
TotalAnnualMaxCapacityInvestment,OPT,GLOBAL,PWRNGSPERXX,,,,2034,,,,,,0.0969
TotalAnnualMaxCapacityInvestment,OPT,GLOBAL,PWRNGSPERXX,,,,2035,,,,,,0.0969
TotalAnnualMaxCapacityInvestment,OPT,GLOBAL,PWRNGSPERXX,,,,2036,,,,,,0.0385
TotalAnnualMaxCapacityInvestment,OPT,GLOBAL,PWRNGSPERXX,,,,2037,,,,,,0.0385
TotalAnnualMaxCapacityInvestment,OPT,GLOBAL,PWRNGSPERXX,,,,2038,,,,,,0.0385
TotalAnnualMaxCapacityInvestment,OPT,GLOBAL,PWRNGSPERXX,,,,2039,,,,,,0.0385
TotalAnnualMaxCapacityInvestment,OPT,GLOBAL,PWRNGSPERXX,,,,2040,,,,,,0.0385
TotalAnnualMaxCapacityInvestment,OPT,GLOBAL,PWRNGSPERXX,,,,2041,,,,,,0.0385
TotalAnnualMaxCapacityInvestment,OPT,GLOBAL,PWRNGSPERXX,,,,2042,,,,,,0.0385
TotalAnnualMaxCapacityInvestment,OPT,GLOBAL,PWRNGSPERXX,,,,2043,,,,,,0.0385
TotalAnnualMaxCapacityInvestment,OPT,GLOBAL,PWRNGSPERXX,,,,2044,,,,,,0.0385
TotalAnnualMaxCapacityInvestment,OPT,GLOBAL,PWRNGSPERXX,,,,2045,,,,,,0.0385
TotalAnnualMaxCapacityInvestment,OPT,GLOBAL,PWRNGSPERXX,,,,2046,,,,,,0.0385
TotalAnnualMaxCapacityInvestment,OPT,GLOBAL,PWRNGSPERXX,,,,2047,,,,,,0.0385
TotalAnnualMaxCapacityInvestment,OPT,GLOBAL,PWRNGSPERXX,,,,2048,,,,,,0.0385
TotalAnnualMaxCapacityInvestment,OPT,GLOBAL,PWRNGSPERXX,,,,2049,,,,,,0.0385
TotalAnnualMaxCapacityInvestment,OPT,GLOBAL,PWRNGSPERXX,,,,2050,,,,,,0.0385
TotalAnnualMaxCapacityInvestment,OPT,GLOBAL,PWRWASECUXX,,,,2023,,,,,,0.3228
TotalAnnualMaxCapacityInvestment,OPT,GLOBAL,PWRWASECUXX,,,,2024,,,,,,0.334
TotalAnnualMaxCapacityInvestment,OPT,GLOBAL,PWRWASECUXX,,,,2025,,,,,,0.0112
TotalAnnualMaxCapacityInvestment,OPT,GLOBAL,PWRWASECUXX,,,,2026,,,,,,0.0112
TotalAnnualMaxCapacityInvestment,OPT,GLOBAL,PWRWASECUXX,,,,2027,,,,,,0.0112
TotalAnnualMaxCapacityInvestment,OPT,GLOBAL,PWRWASECUXX,,,,2028,,,,,,0.0112
TotalAnnualMaxCapacityInvestment,OPT,GLOBAL,PWRWASECUXX,,,,2029,,,,,,0.0112
TotalAnnualMaxCapacityInvestment,OPT,GLOBAL,PWRWASECUXX,,,,2030,,,,,,0.0112
TotalAnnualMaxCapacityInvestment,OPT,GLOBAL,PWRWASECUXX,,,,2031,,,,,,0.0112
TotalAnnualMaxCapacityInvestment,OPT,GLOBAL,PWRWASECUXX,,,,2032,,,,,,0.0112
TotalAnnualMaxCapacityInvestment,OPT,GLOBAL,PWRWASECUXX,,,,2033,,,,,,0.0112
TotalAnnualMaxCapacityInvestment,OPT,GLOBAL,PWRWASECUXX,,,,2034,,,,,,0.0112
TotalAnnualMaxCapacityInvestment,OPT,GLOBAL,PWRWASECUXX,,,,2035,,,,,,0.0112
TotalAnnualMaxCapacityInvestment,OPT,GLOBAL,PWRWASECUXX,,,,2036,,,,,,0.0092
TotalAnnualMaxCapacityInvestment,OPT,GLOBAL,PWRWASECUXX,,,,2037,,,,,,0.0092
TotalAnnualMaxCapacityInvestment,OPT,GLOBAL,PWRWASECUXX,,,,2038,,,,,,0.0092
TotalAnnualMaxCapacityInvestment,OPT,GLOBAL,PWRWASECUXX,,,,2039,,,,,,0.0092
TotalAnnualMaxCapacityInvestment,OPT,GLOBAL,PWRWASECUXX,,,,2040,,,,,,0.0092
TotalAnnualMaxCapacityInvestment,OPT,GLOBAL,PWRWASECUXX,,,,2041,,,,,,0.0092
TotalAnnualMaxCapacityInvestment,OPT,GLOBAL,PWRWASECUXX,,,,2042,,,,,,0.0092
TotalAnnualMaxCapacityInvestment,OPT,GLOBAL,PWRWASECUXX,,,,2043,,,,,,0.0092
TotalAnnualMaxCapacityInvestment,OPT,GLOBAL,PWRWASECUXX,,,,2044,,,,,,0.0092
TotalAnnualMaxCapacityInvestment,OPT,GLOBAL,PWRWASECUXX,,,,2045,,,,,,0.0092
TotalAnnualMaxCapacityInvestment,OPT,GLOBAL,PWRWASECUXX,,,,2046,,,,,,0.0092
TotalAnnualMaxCapacityInvestment,OPT,GLOBAL,PWRWASECUXX,,,,2047,,,,,,0.0092
TotalAnnualMaxCapacityInvestment,OPT,GLOBAL,PWRWASECUXX,,,,2048,,,,,,0.0092
TotalAnnualMaxCapacityInvestment,OPT,GLOBAL,PWRWASECUXX,,,,2049,,,,,,0.0092
TotalAnnualMaxCapacityInvestment,OPT,GLOBAL,PWRWASECUXX,,,,2050,,,,,,0.0092
TotalAnnualMaxCapacityInvestment,OPT,GLOBAL,PWRWAVCHLXX,,,,2023,,,,,,0.0
TotalAnnualMaxCapacityInvestment,OPT,GLOBAL,PWRWAVCHLXX,,,,2024,,,,,,0.0
TotalAnnualMaxCapacityInvestment,OPT,GLOBAL,PWRWAVCHLXX,,,,2025,,,,,,0.1273
TotalAnnualMaxCapacityInvestment,OPT,GLOBAL,PWRWAVCHLXX,,,,2026,,,,,,0.0
TotalAnnualMaxCapacityInvestment,OPT,GLOBAL,PWRWAVCHLXX,,,,2027,,,,,,0.0
TotalAnnualMaxCapacityInvestment,OPT,GLOBAL,PWRWAVCHLXX,,,,2028,,,,,,0.0
TotalAnnualMaxCapacityInvestment,OPT,GLOBAL,PWRWAVCHLXX,,,,2029,,,,,,0.0
TotalAnnualMaxCapacityInvestment,OPT,GLOBAL,PWRWAVCHLXX,,,,2030,,,,,,0.0
TotalAnnualMaxCapacityInvestment,OPT,GLOBAL,PWRWAVCHLXX,,,,2031,,,,,,0.0
TotalAnnualMaxCapacityInvestment,OPT,GLOBAL,PWRWAVCHLXX,,,,2032,,,,,,0.0
TotalAnnualMaxCapacityInvestment,OPT,GLOBAL,PWRWAVCHLXX,,,,2033,,,,,,0.0
TotalAnnualMaxCapacityInvestment,OPT,GLOBAL,PWRWAVCHLXX,,,,2034,,,,,,0.0
TotalAnnualMaxCapacityInvestment,OPT,GLOBAL,PWRWAVCHLXX,,,,2035,,,,,,0.0
TotalAnnualMaxCapacityInvestment,OPT,GLOBAL,PWRWAVCHLXX,,,,2036,,,,,,0.0
TotalAnnualMaxCapacityInvestment,OPT,GLOBAL,PWRWAVCHLXX,,,,2037,,,,,,0.0
TotalAnnualMaxCapacityInvestment,OPT,GLOBAL,PWRWAVCHLXX,,,,2038,,,,,,0.0
TotalAnnualMaxCapacityInvestment,OPT,GLOBAL,PWRWAVCHLXX,,,,2039,,,,,,0.0
TotalAnnualMaxCapacityInvestment,OPT,GLOBAL,PWRWAVCHLXX,,,,2040,,,,,,0.0
TotalAnnualMaxCapacityInvestment,OPT,GLOBAL,PWRWAVCHLXX,,,,2041,,,,,,0.0
TotalAnnualMaxCapacityInvestment,OPT,GLOBAL,PWRWAVCHLXX,,,,2042,,,,,,0.0
TotalAnnualMaxCapacityInvestment,OPT,GLOBAL,PWRWAVCHLXX,,,,2043,,,,,,0.0
TotalAnnualMaxCapacityInvestment,OPT,GLOBAL,PWRWAVCHLXX,,,,2044,,,,,,0.0
TotalAnnualMaxCapacityInvestment,OPT,GLOBAL,PWRWAVCHLXX,,,,2045,,,,,,0.0
TotalAnnualMaxCapacityInvestment,OPT,GLOBAL,PWRWAVCHLXX,,,,2046,,,,,,0.0
TotalAnnualMaxCapacityInvestment,OPT,GLOBAL,PWRWAVCHLXX,,,,2047,,,,,,0.0
TotalAnnualMaxCapacityInvestment,OPT,GLOBAL,PWRWAVCHLXX,,,,2048,,,,,,0.0
TotalAnnualMaxCapacityInvestment,OPT,GLOBAL,PWRWAVCHLXX,,,,2049,,,,,,0.0
TotalAnnualMaxCapacityInvestment,OPT,GLOBAL,PWRWAVCHLXX,,,,2050,,,,,,0.0
TotalAnnualMaxCapacityInvestment,OPT,GLOBAL,PWRPETURYXX,,,,2023,,,,,,0.2157
TotalAnnualMaxCapacityInvestment,OPT,GLOBAL,PWRPETURYXX,,,,2024,,,,,,0.2208
TotalAnnualMaxCapacityInvestment,OPT,GLOBAL,PWRPETURYXX,,,,2025,,,,,,0.0
TotalAnnualMaxCapacityInvestment,OPT,GLOBAL,PWRPETURYXX,,,,2026,,,,,,0.0
TotalAnnualMaxCapacityInvestment,OPT,GLOBAL,PWRPETURYXX,,,,2027,,,,,,0.0
TotalAnnualMaxCapacityInvestment,OPT,GLOBAL,PWRPETURYXX,,,,2028,,,,,,0.0
TotalAnnualMaxCapacityInvestment,OPT,GLOBAL,PWRPETURYXX,,,,2029,,,,,,0.0
TotalAnnualMaxCapacityInvestment,OPT,GLOBAL,PWRPETURYXX,,,,2030,,,,,,0.0
TotalAnnualMaxCapacityInvestment,OPT,GLOBAL,PWRPETURYXX,,,,2031,,,,,,0.0
TotalAnnualMaxCapacityInvestment,OPT,GLOBAL,PWRPETURYXX,,,,2032,,,,,,0.0
TotalAnnualMaxCapacityInvestment,OPT,GLOBAL,PWRPETURYXX,,,,2033,,,,,,0.0
TotalAnnualMaxCapacityInvestment,OPT,GLOBAL,PWRPETURYXX,,,,2034,,,,,,0.0
TotalAnnualMaxCapacityInvestment,OPT,GLOBAL,PWRPETURYXX,,,,2035,,,,,,0.0
TotalAnnualMaxCapacityInvestment,OPT,GLOBAL,PWRPETURYXX,,,,2036,,,,,,0.0
TotalAnnualMaxCapacityInvestment,OPT,GLOBAL,PWRPETURYXX,,,,2037,,,,,,0.0
TotalAnnualMaxCapacityInvestment,OPT,GLOBAL,PWRPETURYXX,,,,2038,,,,,,0.0
TotalAnnualMaxCapacityInvestment,OPT,GLOBAL,PWRPETURYXX,,,,2039,,,,,,0.0
TotalAnnualMaxCapacityInvestment,OPT,GLOBAL,PWRPETURYXX,,,,2040,,,,,,0.0
TotalAnnualMaxCapacityInvestment,OPT,GLOBAL,PWRPETURYXX,,,,2041,,,,,,0.0
TotalAnnualMaxCapacityInvestment,OPT,GLOBAL,PWRPETURYXX,,,,2042,,,,,,0.0
TotalAnnualMaxCapacityInvestment,OPT,GLOBAL,PWRPETURYXX,,,,2043,,,,,,0.0
TotalAnnualMaxCapacityInvestment,OPT,GLOBAL,PWRPETURYXX,,,,2044,,,,,,0.0
TotalAnnualMaxCapacityInvestment,OPT,GLOBAL,PWRPETURYXX,,,,2045,,,,,,0.0
TotalAnnualMaxCapacityInvestment,OPT,GLOBAL,PWRPETURYXX,,,,2046,,,,,,0.0
TotalAnnualMaxCapacityInvestment,OPT,GLOBAL,PWRPETURYXX,,,,2047,,,,,,0.0
TotalAnnualMaxCapacityInvestment,OPT,GLOBAL,PWRPETURYXX,,,,2048,,,,,,0.0
TotalAnnualMaxCapacityInvestment,OPT,GLOBAL,PWRPETURYXX,,,,2049,,,,,,0.0
TotalAnnualMaxCapacityInvestment,OPT,GLOBAL,PWRPETURYXX,,,,2050,,,,,,0.0
TotalAnnualMaxCapacityInvestment,OPT,GLOBAL,PWRSPVNICXX,,,,2023,,,,,,0.0178
TotalAnnualMaxCapacityInvestment,OPT,GLOBAL,PWRSPVNICXX,,,,2024,,,,,,0.0186
TotalAnnualMaxCapacityInvestment,OPT,GLOBAL,PWRSPVNICXX,,,,2025,,,,,,0.0263
TotalAnnualMaxCapacityInvestment,OPT,GLOBAL,PWRSPVNICXX,,,,2026,,,,,,0.0263
TotalAnnualMaxCapacityInvestment,OPT,GLOBAL,PWRSPVNICXX,,,,2027,,,,,,0.0303
TotalAnnualMaxCapacityInvestment,OPT,GLOBAL,PWRSPVNICXX,,,,2028,,,,,,0.0263
TotalAnnualMaxCapacityInvestment,OPT,GLOBAL,PWRSPVNICXX,,,,2029,,,,,,0.0263
TotalAnnualMaxCapacityInvestment,OPT,GLOBAL,PWRSPVNICXX,,,,2030,,,,,,0.0263
TotalAnnualMaxCapacityInvestment,OPT,GLOBAL,PWRSPVNICXX,,,,2031,,,,,,0.0263
TotalAnnualMaxCapacityInvestment,OPT,GLOBAL,PWRSPVNICXX,,,,2032,,,,,,0.0263
TotalAnnualMaxCapacityInvestment,OPT,GLOBAL,PWRSPVNICXX,,,,2033,,,,,,0.0263
TotalAnnualMaxCapacityInvestment,OPT,GLOBAL,PWRSPVNICXX,,,,2034,,,,,,0.0263
TotalAnnualMaxCapacityInvestment,OPT,GLOBAL,PWRSPVNICXX,,,,2035,,,,,,0.0263
TotalAnnualMaxCapacityInvestment,OPT,GLOBAL,PWRSPVNICXX,,,,2036,,,,,,0.0212
TotalAnnualMaxCapacityInvestment,OPT,GLOBAL,PWRSPVNICXX,,,,2037,,,,,,0.0212
TotalAnnualMaxCapacityInvestment,OPT,GLOBAL,PWRSPVNICXX,,,,2038,,,,,,0.0212
TotalAnnualMaxCapacityInvestment,OPT,GLOBAL,PWRSPVNICXX,,,,2039,,,,,,0.0212
TotalAnnualMaxCapacityInvestment,OPT,GLOBAL,PWRSPVNICXX,,,,2040,,,,,,0.0212
TotalAnnualMaxCapacityInvestment,OPT,GLOBAL,PWRSPVNICXX,,,,2041,,,,,,0.0212
TotalAnnualMaxCapacityInvestment,OPT,GLOBAL,PWRSPVNICXX,,,,2042,,,,,,0.0212
TotalAnnualMaxCapacityInvestment,OPT,GLOBAL,PWRSPVNICXX,,,,2043,,,,,,0.0212
TotalAnnualMaxCapacityInvestment,OPT,GLOBAL,PWRSPVNICXX,,,,2044,,,,,,0.0212
TotalAnnualMaxCapacityInvestment,OPT,GLOBAL,PWRSPVNICXX,,,,2045,,,,,,0.0212
TotalAnnualMaxCapacityInvestment,OPT,GLOBAL,PWRSPVNICXX,,,,2046,,,,,,0.0212
TotalAnnualMaxCapacityInvestment,OPT,GLOBAL,PWRSPVNICXX,,,,2047,,,,,,0.0212
TotalAnnualMaxCapacityInvestment,OPT,GLOBAL,PWRSPVNICXX,,,,2048,,,,,,0.0212
TotalAnnualMaxCapacityInvestment,OPT,GLOBAL,PWRSPVNICXX,,,,2049,,,,,,0.0212
TotalAnnualMaxCapacityInvestment,OPT,GLOBAL,PWRSPVNICXX,,,,2050,,,,,,0.0212
TotalAnnualMaxCapacityInvestment,OPT,GLOBAL,PWRNGSNICXX,,,,2023,,,,,,0.0
TotalAnnualMaxCapacityInvestment,OPT,GLOBAL,PWRNGSNICXX,,,,2024,,,,,,0.0
TotalAnnualMaxCapacityInvestment,OPT,GLOBAL,PWRNGSNICXX,,,,2025,,,,,,0.0023
TotalAnnualMaxCapacityInvestment,OPT,GLOBAL,PWRNGSNICXX,,,,2026,,,,,,0.0023
TotalAnnualMaxCapacityInvestment,OPT,GLOBAL,PWRNGSNICXX,,,,2027,,,,,,0.0023
TotalAnnualMaxCapacityInvestment,OPT,GLOBAL,PWRNGSNICXX,,,,2028,,,,,,0.0023
TotalAnnualMaxCapacityInvestment,OPT,GLOBAL,PWRNGSNICXX,,,,2029,,,,,,0.0023
TotalAnnualMaxCapacityInvestment,OPT,GLOBAL,PWRNGSNICXX,,,,2030,,,,,,0.0023
TotalAnnualMaxCapacityInvestment,OPT,GLOBAL,PWRNGSNICXX,,,,2031,,,,,,0.0023
TotalAnnualMaxCapacityInvestment,OPT,GLOBAL,PWRNGSNICXX,,,,2032,,,,,,0.0023
TotalAnnualMaxCapacityInvestment,OPT,GLOBAL,PWRNGSNICXX,,,,2033,,,,,,0.0023
TotalAnnualMaxCapacityInvestment,OPT,GLOBAL,PWRNGSNICXX,,,,2034,,,,,,0.0023
TotalAnnualMaxCapacityInvestment,OPT,GLOBAL,PWRNGSNICXX,,,,2035,,,,,,0.0023
TotalAnnualMaxCapacityInvestment,OPT,GLOBAL,PWRNGSNICXX,,,,2036,,,,,,0.0009
TotalAnnualMaxCapacityInvestment,OPT,GLOBAL,PWRNGSNICXX,,,,2037,,,,,,0.0009
TotalAnnualMaxCapacityInvestment,OPT,GLOBAL,PWRNGSNICXX,,,,2038,,,,,,0.0009
TotalAnnualMaxCapacityInvestment,OPT,GLOBAL,PWRNGSNICXX,,,,2039,,,,,,0.0009
TotalAnnualMaxCapacityInvestment,OPT,GLOBAL,PWRNGSNICXX,,,,2040,,,,,,0.0009
TotalAnnualMaxCapacityInvestment,OPT,GLOBAL,PWRNGSNICXX,,,,2041,,,,,,0.0009
TotalAnnualMaxCapacityInvestment,OPT,GLOBAL,PWRNGSNICXX,,,,2042,,,,,,0.0009
TotalAnnualMaxCapacityInvestment,OPT,GLOBAL,PWRNGSNICXX,,,,2043,,,,,,0.0009
TotalAnnualMaxCapacityInvestment,OPT,GLOBAL,PWRNGSNICXX,,,,2044,,,,,,0.0009
TotalAnnualMaxCapacityInvestment,OPT,GLOBAL,PWRNGSNICXX,,,,2045,,,,,,0.0009
TotalAnnualMaxCapacityInvestment,OPT,GLOBAL,PWRNGSNICXX,,,,2046,,,,,,0.0009
TotalAnnualMaxCapacityInvestment,OPT,GLOBAL,PWRNGSNICXX,,,,2047,,,,,,0.0009
TotalAnnualMaxCapacityInvestment,OPT,GLOBAL,PWRNGSNICXX,,,,2048,,,,,,0.0009
TotalAnnualMaxCapacityInvestment,OPT,GLOBAL,PWRNGSNICXX,,,,2049,,,,,,0.0009
TotalAnnualMaxCapacityInvestment,OPT,GLOBAL,PWRNGSNICXX,,,,2050,,,,,,0.0009
TotalAnnualMaxCapacityInvestment,OPT,GLOBAL,PWRBIOPERXX,,,,2023,,,,,,0.157
TotalAnnualMaxCapacityInvestment,OPT,GLOBAL,PWRBIOPERXX,,,,2024,,,,,,0.1638
TotalAnnualMaxCapacityInvestment,OPT,GLOBAL,PWRBIOPERXX,,,,2025,,,,,,0.0129
TotalAnnualMaxCapacityInvestment,OPT,GLOBAL,PWRBIOPERXX,,,,2026,,,,,,0.0129
TotalAnnualMaxCapacityInvestment,OPT,GLOBAL,PWRBIOPERXX,,,,2027,,,,,,0.0129
TotalAnnualMaxCapacityInvestment,OPT,GLOBAL,PWRBIOPERXX,,,,2028,,,,,,0.0129
TotalAnnualMaxCapacityInvestment,OPT,GLOBAL,PWRBIOPERXX,,,,2029,,,,,,0.0129
TotalAnnualMaxCapacityInvestment,OPT,GLOBAL,PWRBIOPERXX,,,,2030,,,,,,0.0129
TotalAnnualMaxCapacityInvestment,OPT,GLOBAL,PWRBIOPERXX,,,,2031,,,,,,0.0129
TotalAnnualMaxCapacityInvestment,OPT,GLOBAL,PWRBIOPERXX,,,,2032,,,,,,0.0129
TotalAnnualMaxCapacityInvestment,OPT,GLOBAL,PWRBIOPERXX,,,,2033,,,,,,0.0129
TotalAnnualMaxCapacityInvestment,OPT,GLOBAL,PWRBIOPERXX,,,,2034,,,,,,0.0129
TotalAnnualMaxCapacityInvestment,OPT,GLOBAL,PWRBIOPERXX,,,,2035,,,,,,0.0129
TotalAnnualMaxCapacityInvestment,OPT,GLOBAL,PWRBIOPERXX,,,,2036,,,,,,0.0106
TotalAnnualMaxCapacityInvestment,OPT,GLOBAL,PWRBIOPERXX,,,,2037,,,,,,0.0106
TotalAnnualMaxCapacityInvestment,OPT,GLOBAL,PWRBIOPERXX,,,,2038,,,,,,0.0106
TotalAnnualMaxCapacityInvestment,OPT,GLOBAL,PWRBIOPERXX,,,,2039,,,,,,0.0106
TotalAnnualMaxCapacityInvestment,OPT,GLOBAL,PWRBIOPERXX,,,,2040,,,,,,0.0106
TotalAnnualMaxCapacityInvestment,OPT,GLOBAL,PWRBIOPERXX,,,,2041,,,,,,0.0106
TotalAnnualMaxCapacityInvestment,OPT,GLOBAL,PWRBIOPERXX,,,,2042,,,,,,0.0106
TotalAnnualMaxCapacityInvestment,OPT,GLOBAL,PWRBIOPERXX,,,,2043,,,,,,0.0106
TotalAnnualMaxCapacityInvestment,OPT,GLOBAL,PWRBIOPERXX,,,,2044,,,,,,0.0106
TotalAnnualMaxCapacityInvestment,OPT,GLOBAL,PWRBIOPERXX,,,,2045,,,,,,0.0106
TotalAnnualMaxCapacityInvestment,OPT,GLOBAL,PWRBIOPERXX,,,,2046,,,,,,0.0106
TotalAnnualMaxCapacityInvestment,OPT,GLOBAL,PWRBIOPERXX,,,,2047,,,,,,0.0106
TotalAnnualMaxCapacityInvestment,OPT,GLOBAL,PWRBIOPERXX,,,,2048,,,,,,0.0106
TotalAnnualMaxCapacityInvestment,OPT,GLOBAL,PWRBIOPERXX,,,,2049,,,,,,0.0106
TotalAnnualMaxCapacityInvestment,OPT,GLOBAL,PWRBIOPERXX,,,,2050,,,,,,0.0106
TotalAnnualMaxCapacityInvestment,OPT,GLOBAL,PWRGEOBRBXX,,,,2023,,,,,,0.1951
TotalAnnualMaxCapacityInvestment,OPT,GLOBAL,PWRGEOBRBXX,,,,2024,,,,,,0.2
TotalAnnualMaxCapacityInvestment,OPT,GLOBAL,PWRGEOBRBXX,,,,2025,,,,,,0.0
TotalAnnualMaxCapacityInvestment,OPT,GLOBAL,PWRGEOBRBXX,,,,2026,,,,,,0.2118
TotalAnnualMaxCapacityInvestment,OPT,GLOBAL,PWRGEOBRBXX,,,,2027,,,,,,0.2179
TotalAnnualMaxCapacityInvestment,OPT,GLOBAL,PWRGEOBRBXX,,,,2028,,,,,,0.2241
TotalAnnualMaxCapacityInvestment,OPT,GLOBAL,PWRGEOBRBXX,,,,2029,,,,,,0.2307
TotalAnnualMaxCapacityInvestment,OPT,GLOBAL,PWRGEOBRBXX,,,,2030,,,,,,0.2368
TotalAnnualMaxCapacityInvestment,OPT,GLOBAL,PWRGEOBRBXX,,,,2031,,,,,,0.2434
TotalAnnualMaxCapacityInvestment,OPT,GLOBAL,PWRGEOBRBXX,,,,2032,,,,,,0.25
TotalAnnualMaxCapacityInvestment,OPT,GLOBAL,PWRGEOBRBXX,,,,2033,,,,,,0.2571
TotalAnnualMaxCapacityInvestment,OPT,GLOBAL,PWRGEOBRBXX,,,,2034,,,,,,0.2637
TotalAnnualMaxCapacityInvestment,OPT,GLOBAL,PWRGEOBRBXX,,,,2035,,,,,,0.2708
TotalAnnualMaxCapacityInvestment,OPT,GLOBAL,PWRGEOBRBXX,,,,2036,,,,,,0.2802
TotalAnnualMaxCapacityInvestment,OPT,GLOBAL,PWRGEOBRBXX,,,,2037,,,,,,0.2896
TotalAnnualMaxCapacityInvestment,OPT,GLOBAL,PWRGEOBRBXX,,,,2038,,,,,,0.2991
TotalAnnualMaxCapacityInvestment,OPT,GLOBAL,PWRGEOBRBXX,,,,2039,,,,,,0.3085
TotalAnnualMaxCapacityInvestment,OPT,GLOBAL,PWRGEOBRBXX,,,,2040,,,,,,0.3179
TotalAnnualMaxCapacityInvestment,OPT,GLOBAL,PWRGEOBRBXX,,,,2041,,,,,,0.3278
TotalAnnualMaxCapacityInvestment,OPT,GLOBAL,PWRGEOBRBXX,,,,2042,,,,,,0.3377
TotalAnnualMaxCapacityInvestment,OPT,GLOBAL,PWRGEOBRBXX,,,,2043,,,,,,0.3481
TotalAnnualMaxCapacityInvestment,OPT,GLOBAL,PWRGEOBRBXX,,,,2044,,,,,,0.358
TotalAnnualMaxCapacityInvestment,OPT,GLOBAL,PWRGEOBRBXX,,,,2045,,,,,,0.3684
TotalAnnualMaxCapacityInvestment,OPT,GLOBAL,PWRGEOBRBXX,,,,2046,,,,,,0.3788
TotalAnnualMaxCapacityInvestment,OPT,GLOBAL,PWRGEOBRBXX,,,,2047,,,,,,0.3892
TotalAnnualMaxCapacityInvestment,OPT,GLOBAL,PWRGEOBRBXX,,,,2048,,,,,,0.4
TotalAnnualMaxCapacityInvestment,OPT,GLOBAL,PWRGEOBRBXX,,,,2049,,,,,,0.4108
TotalAnnualMaxCapacityInvestment,OPT,GLOBAL,PWRGEOBRBXX,,,,2050,,,,,,0.4217
TotalAnnualMaxCapacityInvestment,OPT,GLOBAL,PWRBIOPRYXX,,,,2023,,,,,,0.0831
TotalAnnualMaxCapacityInvestment,OPT,GLOBAL,PWRBIOPRYXX,,,,2024,,,,,,0.0884
TotalAnnualMaxCapacityInvestment,OPT,GLOBAL,PWRBIOPRYXX,,,,2025,,,,,,0.002
TotalAnnualMaxCapacityInvestment,OPT,GLOBAL,PWRBIOPRYXX,,,,2026,,,,,,0.002
TotalAnnualMaxCapacityInvestment,OPT,GLOBAL,PWRBIOPRYXX,,,,2027,,,,,,0.002
TotalAnnualMaxCapacityInvestment,OPT,GLOBAL,PWRBIOPRYXX,,,,2028,,,,,,0.002
TotalAnnualMaxCapacityInvestment,OPT,GLOBAL,PWRBIOPRYXX,,,,2029,,,,,,0.002
TotalAnnualMaxCapacityInvestment,OPT,GLOBAL,PWRBIOPRYXX,,,,2030,,,,,,0.002
TotalAnnualMaxCapacityInvestment,OPT,GLOBAL,PWRBIOPRYXX,,,,2031,,,,,,0.002
TotalAnnualMaxCapacityInvestment,OPT,GLOBAL,PWRBIOPRYXX,,,,2032,,,,,,0.002
TotalAnnualMaxCapacityInvestment,OPT,GLOBAL,PWRBIOPRYXX,,,,2033,,,,,,0.002
TotalAnnualMaxCapacityInvestment,OPT,GLOBAL,PWRBIOPRYXX,,,,2034,,,,,,0.002
TotalAnnualMaxCapacityInvestment,OPT,GLOBAL,PWRBIOPRYXX,,,,2035,,,,,,0.002
TotalAnnualMaxCapacityInvestment,OPT,GLOBAL,PWRBIOPRYXX,,,,2036,,,,,,0.0017
TotalAnnualMaxCapacityInvestment,OPT,GLOBAL,PWRBIOPRYXX,,,,2037,,,,,,0.0017
TotalAnnualMaxCapacityInvestment,OPT,GLOBAL,PWRBIOPRYXX,,,,2038,,,,,,0.0017
TotalAnnualMaxCapacityInvestment,OPT,GLOBAL,PWRBIOPRYXX,,,,2039,,,,,,0.0017
TotalAnnualMaxCapacityInvestment,OPT,GLOBAL,PWRBIOPRYXX,,,,2040,,,,,,0.0017
TotalAnnualMaxCapacityInvestment,OPT,GLOBAL,PWRBIOPRYXX,,,,2041,,,,,,0.0017
TotalAnnualMaxCapacityInvestment,OPT,GLOBAL,PWRBIOPRYXX,,,,2042,,,,,,0.0017
TotalAnnualMaxCapacityInvestment,OPT,GLOBAL,PWRBIOPRYXX,,,,2043,,,,,,0.0017
TotalAnnualMaxCapacityInvestment,OPT,GLOBAL,PWRBIOPRYXX,,,,2044,,,,,,0.0017
TotalAnnualMaxCapacityInvestment,OPT,GLOBAL,PWRBIOPRYXX,,,,2045,,,,,,0.0017
TotalAnnualMaxCapacityInvestment,OPT,GLOBAL,PWRBIOPRYXX,,,,2046,,,,,,0.0017
TotalAnnualMaxCapacityInvestment,OPT,GLOBAL,PWRBIOPRYXX,,,,2047,,,,,,0.0017
TotalAnnualMaxCapacityInvestment,OPT,GLOBAL,PWRBIOPRYXX,,,,2048,,,,,,0.0017
TotalAnnualMaxCapacityInvestment,OPT,GLOBAL,PWRBIOPRYXX,,,,2049,,,,,,0.0017
TotalAnnualMaxCapacityInvestment,OPT,GLOBAL,PWRBIOPRYXX,,,,2050,,,,,,0.0017
TotalAnnualMaxCapacityInvestment,OPT,GLOBAL,PWRCOACHLXX,,,,2023,,,,,,1.2478
TotalAnnualMaxCapacityInvestment,OPT,GLOBAL,PWRCOACHLXX,,,,2024,,,,,,1.2939
TotalAnnualMaxCapacityInvestment,OPT,GLOBAL,PWRCOACHLXX,,,,2025,,,,,,0.0314
TotalAnnualMaxCapacityInvestment,OPT,GLOBAL,PWRCOACHLXX,,,,2026,,,,,,0.0314
TotalAnnualMaxCapacityInvestment,OPT,GLOBAL,PWRCOACHLXX,,,,2027,,,,,,0.0314
TotalAnnualMaxCapacityInvestment,OPT,GLOBAL,PWRCOACHLXX,,,,2028,,,,,,0.0314
TotalAnnualMaxCapacityInvestment,OPT,GLOBAL,PWRCOACHLXX,,,,2029,,,,,,0.0314
TotalAnnualMaxCapacityInvestment,OPT,GLOBAL,PWRCOACHLXX,,,,2030,,,,,,0.0314
TotalAnnualMaxCapacityInvestment,OPT,GLOBAL,PWRCOACHLXX,,,,2031,,,,,,0.0314
TotalAnnualMaxCapacityInvestment,OPT,GLOBAL,PWRCOACHLXX,,,,2032,,,,,,0.0314
TotalAnnualMaxCapacityInvestment,OPT,GLOBAL,PWRCOACHLXX,,,,2033,,,,,,0.0314
TotalAnnualMaxCapacityInvestment,OPT,GLOBAL,PWRCOACHLXX,,,,2034,,,,,,0.0314
TotalAnnualMaxCapacityInvestment,OPT,GLOBAL,PWRCOACHLXX,,,,2035,,,,,,0.0314
TotalAnnualMaxCapacityInvestment,OPT,GLOBAL,PWRCOACHLXX,,,,2036,,,,,,0.0
TotalAnnualMaxCapacityInvestment,OPT,GLOBAL,PWRCOACHLXX,,,,2037,,,,,,0.0
TotalAnnualMaxCapacityInvestment,OPT,GLOBAL,PWRCOACHLXX,,,,2038,,,,,,0.0
TotalAnnualMaxCapacityInvestment,OPT,GLOBAL,PWRCOACHLXX,,,,2039,,,,,,0.0
TotalAnnualMaxCapacityInvestment,OPT,GLOBAL,PWRCOACHLXX,,,,2040,,,,,,0.0
TotalAnnualMaxCapacityInvestment,OPT,GLOBAL,PWRCOACHLXX,,,,2041,,,,,,0.0
TotalAnnualMaxCapacityInvestment,OPT,GLOBAL,PWRCOACHLXX,,,,2042,,,,,,0.0
TotalAnnualMaxCapacityInvestment,OPT,GLOBAL,PWRCOACHLXX,,,,2043,,,,,,0.0
TotalAnnualMaxCapacityInvestment,OPT,GLOBAL,PWRCOACHLXX,,,,2044,,,,,,0.0
TotalAnnualMaxCapacityInvestment,OPT,GLOBAL,PWRCOACHLXX,,,,2045,,,,,,0.0
TotalAnnualMaxCapacityInvestment,OPT,GLOBAL,PWRCOACHLXX,,,,2046,,,,,,0.0
TotalAnnualMaxCapacityInvestment,OPT,GLOBAL,PWRCOACHLXX,,,,2047,,,,,,0.0
TotalAnnualMaxCapacityInvestment,OPT,GLOBAL,PWRCOACHLXX,,,,2048,,,,,,0.0
TotalAnnualMaxCapacityInvestment,OPT,GLOBAL,PWRCOACHLXX,,,,2049,,,,,,0.0
TotalAnnualMaxCapacityInvestment,OPT,GLOBAL,PWRCOACHLXX,,,,2050,,,,,,0.0
TotalAnnualMaxCapacityInvestment,OPT,GLOBAL,PWRSPVCOLXX,,,,2023,,,,,,0.236
TotalAnnualMaxCapacityInvestment,OPT,GLOBAL,PWRSPVCOLXX,,,,2024,,,,,,0.6765
TotalAnnualMaxCapacityInvestment,OPT,GLOBAL,PWRSPVCOLXX,,,,2025,,,,,,0.6254
TotalAnnualMaxCapacityInvestment,OPT,GLOBAL,PWRSPVCOLXX,,,,2026,,,,,,0.7407
TotalAnnualMaxCapacityInvestment,OPT,GLOBAL,PWRSPVCOLXX,,,,2027,,,,,,0.8702
TotalAnnualMaxCapacityInvestment,OPT,GLOBAL,PWRSPVCOLXX,,,,2028,,,,,,1.0131
TotalAnnualMaxCapacityInvestment,OPT,GLOBAL,PWRSPVCOLXX,,,,2029,,,,,,1.1671
TotalAnnualMaxCapacityInvestment,OPT,GLOBAL,PWRSPVCOLXX,,,,2030,,,,,,1.3285
TotalAnnualMaxCapacityInvestment,OPT,GLOBAL,PWRSPVCOLXX,,,,2031,,,,,,1.4918
TotalAnnualMaxCapacityInvestment,OPT,GLOBAL,PWRSPVCOLXX,,,,2032,,,,,,1.6502
TotalAnnualMaxCapacityInvestment,OPT,GLOBAL,PWRSPVCOLXX,,,,2033,,,,,,1.7955
TotalAnnualMaxCapacityInvestment,OPT,GLOBAL,PWRSPVCOLXX,,,,2034,,,,,,1.9192
TotalAnnualMaxCapacityInvestment,OPT,GLOBAL,PWRSPVCOLXX,,,,2035,,,,,,2.0133
TotalAnnualMaxCapacityInvestment,OPT,GLOBAL,PWRSPVCOLXX,,,,2036,,,,,,2.071
TotalAnnualMaxCapacityInvestment,OPT,GLOBAL,PWRSPVCOLXX,,,,2037,,,,,,2.0884
TotalAnnualMaxCapacityInvestment,OPT,GLOBAL,PWRSPVCOLXX,,,,2038,,,,,,2.0643
TotalAnnualMaxCapacityInvestment,OPT,GLOBAL,PWRSPVCOLXX,,,,2039,,,,,,2.001
TotalAnnualMaxCapacityInvestment,OPT,GLOBAL,PWRSPVCOLXX,,,,2040,,,,,,1.9035
TotalAnnualMaxCapacityInvestment,OPT,GLOBAL,PWRSPVCOLXX,,,,2041,,,,,,1.7789
TotalAnnualMaxCapacityInvestment,OPT,GLOBAL,PWRSPVCOLXX,,,,2042,,,,,,1.6353
TotalAnnualMaxCapacityInvestment,OPT,GLOBAL,PWRSPVCOLXX,,,,2043,,,,,,1.4809
TotalAnnualMaxCapacityInvestment,OPT,GLOBAL,PWRSPVCOLXX,,,,2044,,,,,,1.323
TotalAnnualMaxCapacityInvestment,OPT,GLOBAL,PWRSPVCOLXX,,,,2045,,,,,,1.1678
TotalAnnualMaxCapacityInvestment,OPT,GLOBAL,PWRSPVCOLXX,,,,2046,,,,,,1.0201
TotalAnnualMaxCapacityInvestment,OPT,GLOBAL,PWRSPVCOLXX,,,,2047,,,,,,0.8829
TotalAnnualMaxCapacityInvestment,OPT,GLOBAL,PWRSPVCOLXX,,,,2048,,,,,,0.7582
TotalAnnualMaxCapacityInvestment,OPT,GLOBAL,PWRSPVCOLXX,,,,2049,,,,,,0.6468
TotalAnnualMaxCapacityInvestment,OPT,GLOBAL,PWRSPVCOLXX,,,,2050,,,,,,0.5486
TotalAnnualMaxCapacityInvestment,OPT,GLOBAL,PWRWONPRYXX,,,,2023,,,,,,0.0
TotalAnnualMaxCapacityInvestment,OPT,GLOBAL,PWRWONPRYXX,,,,2024,,,,,,0.0
TotalAnnualMaxCapacityInvestment,OPT,GLOBAL,PWRWONPRYXX,,,,2025,,,,,,0.0
TotalAnnualMaxCapacityInvestment,OPT,GLOBAL,PWRWONPRYXX,,,,2026,,,,,,0.0
TotalAnnualMaxCapacityInvestment,OPT,GLOBAL,PWRWONPRYXX,,,,2027,,,,,,0.0
TotalAnnualMaxCapacityInvestment,OPT,GLOBAL,PWRWONPRYXX,,,,2028,,,,,,0.0
TotalAnnualMaxCapacityInvestment,OPT,GLOBAL,PWRWONPRYXX,,,,2029,,,,,,0.0
TotalAnnualMaxCapacityInvestment,OPT,GLOBAL,PWRWONPRYXX,,,,2030,,,,,,0.0
TotalAnnualMaxCapacityInvestment,OPT,GLOBAL,PWRWONPRYXX,,,,2031,,,,,,0.0
TotalAnnualMaxCapacityInvestment,OPT,GLOBAL,PWRWONPRYXX,,,,2032,,,,,,0.0
TotalAnnualMaxCapacityInvestment,OPT,GLOBAL,PWRWONPRYXX,,,,2033,,,,,,0.0
TotalAnnualMaxCapacityInvestment,OPT,GLOBAL,PWRWONPRYXX,,,,2034,,,,,,0.0
TotalAnnualMaxCapacityInvestment,OPT,GLOBAL,PWRWONPRYXX,,,,2035,,,,,,0.0
TotalAnnualMaxCapacityInvestment,OPT,GLOBAL,PWRWONPRYXX,,,,2036,,,,,,0.0
TotalAnnualMaxCapacityInvestment,OPT,GLOBAL,PWRWONPRYXX,,,,2037,,,,,,0.0
TotalAnnualMaxCapacityInvestment,OPT,GLOBAL,PWRWONPRYXX,,,,2038,,,,,,0.0
TotalAnnualMaxCapacityInvestment,OPT,GLOBAL,PWRWONPRYXX,,,,2039,,,,,,0.0
TotalAnnualMaxCapacityInvestment,OPT,GLOBAL,PWRWONPRYXX,,,,2040,,,,,,0.0
TotalAnnualMaxCapacityInvestment,OPT,GLOBAL,PWRWONPRYXX,,,,2041,,,,,,0.0
TotalAnnualMaxCapacityInvestment,OPT,GLOBAL,PWRWONPRYXX,,,,2042,,,,,,0.0
TotalAnnualMaxCapacityInvestment,OPT,GLOBAL,PWRWONPRYXX,,,,2043,,,,,,0.0
TotalAnnualMaxCapacityInvestment,OPT,GLOBAL,PWRWONPRYXX,,,,2044,,,,,,0.0
TotalAnnualMaxCapacityInvestment,OPT,GLOBAL,PWRWONPRYXX,,,,2045,,,,,,0.0
TotalAnnualMaxCapacityInvestment,OPT,GLOBAL,PWRWONPRYXX,,,,2046,,,,,,0.0
TotalAnnualMaxCapacityInvestment,OPT,GLOBAL,PWRWONPRYXX,,,,2047,,,,,,0.0
TotalAnnualMaxCapacityInvestment,OPT,GLOBAL,PWRWONPRYXX,,,,2048,,,,,,0.0
TotalAnnualMaxCapacityInvestment,OPT,GLOBAL,PWRWONPRYXX,,,,2049,,,,,,0.0
TotalAnnualMaxCapacityInvestment,OPT,GLOBAL,PWRWONPRYXX,,,,2050,,,,,,0.0
TotalAnnualMaxCapacityInvestment,OPT,GLOBAL,PWRBIOBRAXX,,,,2023,,,,,,2.2174
TotalAnnualMaxCapacityInvestment,OPT,GLOBAL,PWRBIOBRAXX,,,,2024,,,,,,2.266
TotalAnnualMaxCapacityInvestment,OPT,GLOBAL,PWRBIOBRAXX,,,,2025,,,,,,0.3841
TotalAnnualMaxCapacityInvestment,OPT,GLOBAL,PWRBIOBRAXX,,,,2026,,,,,,0.3841
TotalAnnualMaxCapacityInvestment,OPT,GLOBAL,PWRBIOBRAXX,,,,2027,,,,,,0.3841
TotalAnnualMaxCapacityInvestment,OPT,GLOBAL,PWRBIOBRAXX,,,,2028,,,,,,0.3841
TotalAnnualMaxCapacityInvestment,OPT,GLOBAL,PWRBIOBRAXX,,,,2029,,,,,,0.3841
TotalAnnualMaxCapacityInvestment,OPT,GLOBAL,PWRBIOBRAXX,,,,2030,,,,,,0.3841
TotalAnnualMaxCapacityInvestment,OPT,GLOBAL,PWRBIOBRAXX,,,,2031,,,,,,0.3841
TotalAnnualMaxCapacityInvestment,OPT,GLOBAL,PWRBIOBRAXX,,,,2032,,,,,,0.3841
TotalAnnualMaxCapacityInvestment,OPT,GLOBAL,PWRBIOBRAXX,,,,2033,,,,,,0.3841
TotalAnnualMaxCapacityInvestment,OPT,GLOBAL,PWRBIOBRAXX,,,,2034,,,,,,0.3841
TotalAnnualMaxCapacityInvestment,OPT,GLOBAL,PWRBIOBRAXX,,,,2035,,,,,,0.3841
TotalAnnualMaxCapacityInvestment,OPT,GLOBAL,PWRBIOBRAXX,,,,2036,,,,,,0.3139
TotalAnnualMaxCapacityInvestment,OPT,GLOBAL,PWRBIOBRAXX,,,,2037,,,,,,0.3139
TotalAnnualMaxCapacityInvestment,OPT,GLOBAL,PWRBIOBRAXX,,,,2038,,,,,,0.3139
TotalAnnualMaxCapacityInvestment,OPT,GLOBAL,PWRBIOBRAXX,,,,2039,,,,,,0.3139
TotalAnnualMaxCapacityInvestment,OPT,GLOBAL,PWRBIOBRAXX,,,,2040,,,,,,0.3139
TotalAnnualMaxCapacityInvestment,OPT,GLOBAL,PWRBIOBRAXX,,,,2041,,,,,,0.3139
TotalAnnualMaxCapacityInvestment,OPT,GLOBAL,PWRBIOBRAXX,,,,2042,,,,,,0.3139
TotalAnnualMaxCapacityInvestment,OPT,GLOBAL,PWRBIOBRAXX,,,,2043,,,,,,0.3139
TotalAnnualMaxCapacityInvestment,OPT,GLOBAL,PWRBIOBRAXX,,,,2044,,,,,,0.3139
TotalAnnualMaxCapacityInvestment,OPT,GLOBAL,PWRBIOBRAXX,,,,2045,,,,,,0.3139
TotalAnnualMaxCapacityInvestment,OPT,GLOBAL,PWRBIOBRAXX,,,,2046,,,,,,0.3139
TotalAnnualMaxCapacityInvestment,OPT,GLOBAL,PWRBIOBRAXX,,,,2047,,,,,,0.3139
TotalAnnualMaxCapacityInvestment,OPT,GLOBAL,PWRBIOBRAXX,,,,2048,,,,,,0.3139
TotalAnnualMaxCapacityInvestment,OPT,GLOBAL,PWRBIOBRAXX,,,,2049,,,,,,0.3139
TotalAnnualMaxCapacityInvestment,OPT,GLOBAL,PWRBIOBRAXX,,,,2050,,,,,,0.3139
TotalAnnualMaxCapacityInvestment,OPT,GLOBAL,PWRURNMEXXX,,,,2023,,,,,,3.2554
TotalAnnualMaxCapacityInvestment,OPT,GLOBAL,PWRURNMEXXX,,,,2024,,,,,,3.3531
TotalAnnualMaxCapacityInvestment,OPT,GLOBAL,PWRURNMEXXX,,,,2025,,,,,,0.0
TotalAnnualMaxCapacityInvestment,OPT,GLOBAL,PWRURNMEXXX,,,,2026,,,,,,0.0
TotalAnnualMaxCapacityInvestment,OPT,GLOBAL,PWRURNMEXXX,,,,2027,,,,,,0.0
TotalAnnualMaxCapacityInvestment,OPT,GLOBAL,PWRURNMEXXX,,,,2028,,,,,,0.0
TotalAnnualMaxCapacityInvestment,OPT,GLOBAL,PWRURNMEXXX,,,,2029,,,,,,0.0
TotalAnnualMaxCapacityInvestment,OPT,GLOBAL,PWRURNMEXXX,,,,2030,,,,,,0.0
TotalAnnualMaxCapacityInvestment,OPT,GLOBAL,PWRURNMEXXX,,,,2031,,,,,,0.0
TotalAnnualMaxCapacityInvestment,OPT,GLOBAL,PWRURNMEXXX,,,,2032,,,,,,0.0
TotalAnnualMaxCapacityInvestment,OPT,GLOBAL,PWRURNMEXXX,,,,2033,,,,,,0.0
TotalAnnualMaxCapacityInvestment,OPT,GLOBAL,PWRURNMEXXX,,,,2034,,,,,,0.0
TotalAnnualMaxCapacityInvestment,OPT,GLOBAL,PWRURNMEXXX,,,,2035,,,,,,0.0
TotalAnnualMaxCapacityInvestment,OPT,GLOBAL,PWRURNMEXXX,,,,2036,,,,,,0.0
TotalAnnualMaxCapacityInvestment,OPT,GLOBAL,PWRURNMEXXX,,,,2037,,,,,,0.0
TotalAnnualMaxCapacityInvestment,OPT,GLOBAL,PWRURNMEXXX,,,,2038,,,,,,0.0
TotalAnnualMaxCapacityInvestment,OPT,GLOBAL,PWRURNMEXXX,,,,2039,,,,,,0.0
TotalAnnualMaxCapacityInvestment,OPT,GLOBAL,PWRURNMEXXX,,,,2040,,,,,,0.0
TotalAnnualMaxCapacityInvestment,OPT,GLOBAL,PWRURNMEXXX,,,,2041,,,,,,0.0
TotalAnnualMaxCapacityInvestment,OPT,GLOBAL,PWRURNMEXXX,,,,2042,,,,,,0.0
TotalAnnualMaxCapacityInvestment,OPT,GLOBAL,PWRURNMEXXX,,,,2043,,,,,,0.0
TotalAnnualMaxCapacityInvestment,OPT,GLOBAL,PWRURNMEXXX,,,,2044,,,,,,0.0
TotalAnnualMaxCapacityInvestment,OPT,GLOBAL,PWRURNMEXXX,,,,2045,,,,,,0.0
TotalAnnualMaxCapacityInvestment,OPT,GLOBAL,PWRURNMEXXX,,,,2046,,,,,,0.0
TotalAnnualMaxCapacityInvestment,OPT,GLOBAL,PWRURNMEXXX,,,,2047,,,,,,0.0
TotalAnnualMaxCapacityInvestment,OPT,GLOBAL,PWRURNMEXXX,,,,2048,,,,,,0.0
TotalAnnualMaxCapacityInvestment,OPT,GLOBAL,PWRURNMEXXX,,,,2049,,,,,,0.0
TotalAnnualMaxCapacityInvestment,OPT,GLOBAL,PWRURNMEXXX,,,,2050,,,,,,0.0
TotalAnnualMaxCapacityInvestment,OPT,GLOBAL,PWRWASHNDXX,,,,2023,,,,,,0.1184
TotalAnnualMaxCapacityInvestment,OPT,GLOBAL,PWRWASHNDXX,,,,2024,,,,,,0.1222
TotalAnnualMaxCapacityInvestment,OPT,GLOBAL,PWRWASHNDXX,,,,2025,,,,,,0.0058
TotalAnnualMaxCapacityInvestment,OPT,GLOBAL,PWRWASHNDXX,,,,2026,,,,,,0.0058
TotalAnnualMaxCapacityInvestment,OPT,GLOBAL,PWRWASHNDXX,,,,2027,,,,,,0.0058
TotalAnnualMaxCapacityInvestment,OPT,GLOBAL,PWRWASHNDXX,,,,2028,,,,,,0.0058
TotalAnnualMaxCapacityInvestment,OPT,GLOBAL,PWRWASHNDXX,,,,2029,,,,,,0.0058
TotalAnnualMaxCapacityInvestment,OPT,GLOBAL,PWRWASHNDXX,,,,2030,,,,,,0.0058
TotalAnnualMaxCapacityInvestment,OPT,GLOBAL,PWRWASHNDXX,,,,2031,,,,,,0.0058
TotalAnnualMaxCapacityInvestment,OPT,GLOBAL,PWRWASHNDXX,,,,2032,,,,,,0.0058
TotalAnnualMaxCapacityInvestment,OPT,GLOBAL,PWRWASHNDXX,,,,2033,,,,,,0.0058
TotalAnnualMaxCapacityInvestment,OPT,GLOBAL,PWRWASHNDXX,,,,2034,,,,,,0.0058
TotalAnnualMaxCapacityInvestment,OPT,GLOBAL,PWRWASHNDXX,,,,2035,,,,,,0.0058
TotalAnnualMaxCapacityInvestment,OPT,GLOBAL,PWRWASHNDXX,,,,2036,,,,,,0.0048
TotalAnnualMaxCapacityInvestment,OPT,GLOBAL,PWRWASHNDXX,,,,2037,,,,,,0.0048
TotalAnnualMaxCapacityInvestment,OPT,GLOBAL,PWRWASHNDXX,,,,2038,,,,,,0.0048
TotalAnnualMaxCapacityInvestment,OPT,GLOBAL,PWRWASHNDXX,,,,2039,,,,,,0.0048
TotalAnnualMaxCapacityInvestment,OPT,GLOBAL,PWRWASHNDXX,,,,2040,,,,,,0.0048
TotalAnnualMaxCapacityInvestment,OPT,GLOBAL,PWRWASHNDXX,,,,2041,,,,,,0.0048
TotalAnnualMaxCapacityInvestment,OPT,GLOBAL,PWRWASHNDXX,,,,2042,,,,,,0.0048
TotalAnnualMaxCapacityInvestment,OPT,GLOBAL,PWRWASHNDXX,,,,2043,,,,,,0.0048
TotalAnnualMaxCapacityInvestment,OPT,GLOBAL,PWRWASHNDXX,,,,2044,,,,,,0.0048
TotalAnnualMaxCapacityInvestment,OPT,GLOBAL,PWRWASHNDXX,,,,2045,,,,,,0.0048
TotalAnnualMaxCapacityInvestment,OPT,GLOBAL,PWRWASHNDXX,,,,2046,,,,,,0.0048
TotalAnnualMaxCapacityInvestment,OPT,GLOBAL,PWRWASHNDXX,,,,2047,,,,,,0.0048
TotalAnnualMaxCapacityInvestment,OPT,GLOBAL,PWRWASHNDXX,,,,2048,,,,,,0.0048
TotalAnnualMaxCapacityInvestment,OPT,GLOBAL,PWRWASHNDXX,,,,2049,,,,,,0.0048
TotalAnnualMaxCapacityInvestment,OPT,GLOBAL,PWRWASHNDXX,,,,2050,,,,,,0.0048
TotalAnnualMaxCapacityInvestment,OPT,GLOBAL,PWRSPVCRIXX,,,,2023,,,,,,0.0338
TotalAnnualMaxCapacityInvestment,OPT,GLOBAL,PWRSPVCRIXX,,,,2024,,,,,,0.0505
TotalAnnualMaxCapacityInvestment,OPT,GLOBAL,PWRSPVCRIXX,,,,2025,,,,,,0.0392
TotalAnnualMaxCapacityInvestment,OPT,GLOBAL,PWRSPVCRIXX,,,,2026,,,,,,0.0392
TotalAnnualMaxCapacityInvestment,OPT,GLOBAL,PWRSPVCRIXX,,,,2027,,,,,,0.0392
TotalAnnualMaxCapacityInvestment,OPT,GLOBAL,PWRSPVCRIXX,,,,2028,,,,,,0.0392
TotalAnnualMaxCapacityInvestment,OPT,GLOBAL,PWRSPVCRIXX,,,,2029,,,,,,0.0392
TotalAnnualMaxCapacityInvestment,OPT,GLOBAL,PWRSPVCRIXX,,,,2030,,,,,,0.0392
TotalAnnualMaxCapacityInvestment,OPT,GLOBAL,PWRSPVCRIXX,,,,2031,,,,,,0.0392
TotalAnnualMaxCapacityInvestment,OPT,GLOBAL,PWRSPVCRIXX,,,,2032,,,,,,0.0392
TotalAnnualMaxCapacityInvestment,OPT,GLOBAL,PWRSPVCRIXX,,,,2033,,,,,,0.0392
TotalAnnualMaxCapacityInvestment,OPT,GLOBAL,PWRSPVCRIXX,,,,2034,,,,,,0.0392
TotalAnnualMaxCapacityInvestment,OPT,GLOBAL,PWRSPVCRIXX,,,,2035,,,,,,0.0392
TotalAnnualMaxCapacityInvestment,OPT,GLOBAL,PWRSPVCRIXX,,,,2036,,,,,,0.0316
TotalAnnualMaxCapacityInvestment,OPT,GLOBAL,PWRSPVCRIXX,,,,2037,,,,,,0.0316
TotalAnnualMaxCapacityInvestment,OPT,GLOBAL,PWRSPVCRIXX,,,,2038,,,,,,0.0316
TotalAnnualMaxCapacityInvestment,OPT,GLOBAL,PWRSPVCRIXX,,,,2039,,,,,,0.0316
TotalAnnualMaxCapacityInvestment,OPT,GLOBAL,PWRSPVCRIXX,,,,2040,,,,,,0.0316
TotalAnnualMaxCapacityInvestment,OPT,GLOBAL,PWRSPVCRIXX,,,,2041,,,,,,0.0316
TotalAnnualMaxCapacityInvestment,OPT,GLOBAL,PWRSPVCRIXX,,,,2042,,,,,,0.0316
TotalAnnualMaxCapacityInvestment,OPT,GLOBAL,PWRSPVCRIXX,,,,2043,,,,,,0.0316
TotalAnnualMaxCapacityInvestment,OPT,GLOBAL,PWRSPVCRIXX,,,,2044,,,,,,0.0316
TotalAnnualMaxCapacityInvestment,OPT,GLOBAL,PWRSPVCRIXX,,,,2045,,,,,,0.0316
TotalAnnualMaxCapacityInvestment,OPT,GLOBAL,PWRSPVCRIXX,,,,2046,,,,,,0.0316
TotalAnnualMaxCapacityInvestment,OPT,GLOBAL,PWRSPVCRIXX,,,,2047,,,,,,0.0316
TotalAnnualMaxCapacityInvestment,OPT,GLOBAL,PWRSPVCRIXX,,,,2048,,,,,,0.0316
TotalAnnualMaxCapacityInvestment,OPT,GLOBAL,PWRSPVCRIXX,,,,2049,,,,,,0.0316
TotalAnnualMaxCapacityInvestment,OPT,GLOBAL,PWRSPVCRIXX,,,,2050,,,,,,0.0316
TotalAnnualMaxCapacityInvestment,OPT,GLOBAL,PWRNGSHNDXX,,,,2023,,,,,,0.0
TotalAnnualMaxCapacityInvestment,OPT,GLOBAL,PWRNGSHNDXX,,,,2024,,,,,,0.0
TotalAnnualMaxCapacityInvestment,OPT,GLOBAL,PWRNGSHNDXX,,,,2025,,,,,,0.0007
TotalAnnualMaxCapacityInvestment,OPT,GLOBAL,PWRNGSHNDXX,,,,2026,,,,,,0.0007
TotalAnnualMaxCapacityInvestment,OPT,GLOBAL,PWRNGSHNDXX,,,,2027,,,,,,0.0007
TotalAnnualMaxCapacityInvestment,OPT,GLOBAL,PWRNGSHNDXX,,,,2028,,,,,,0.0007
TotalAnnualMaxCapacityInvestment,OPT,GLOBAL,PWRNGSHNDXX,,,,2029,,,,,,0.0007
TotalAnnualMaxCapacityInvestment,OPT,GLOBAL,PWRNGSHNDXX,,,,2030,,,,,,0.0007
TotalAnnualMaxCapacityInvestment,OPT,GLOBAL,PWRNGSHNDXX,,,,2031,,,,,,0.0007
TotalAnnualMaxCapacityInvestment,OPT,GLOBAL,PWRNGSHNDXX,,,,2032,,,,,,0.0007
TotalAnnualMaxCapacityInvestment,OPT,GLOBAL,PWRNGSHNDXX,,,,2033,,,,,,0.0007
TotalAnnualMaxCapacityInvestment,OPT,GLOBAL,PWRNGSHNDXX,,,,2034,,,,,,0.0007
TotalAnnualMaxCapacityInvestment,OPT,GLOBAL,PWRNGSHNDXX,,,,2035,,,,,,0.0007
TotalAnnualMaxCapacityInvestment,OPT,GLOBAL,PWRNGSHNDXX,,,,2036,,,,,,0.0003
TotalAnnualMaxCapacityInvestment,OPT,GLOBAL,PWRNGSHNDXX,,,,2037,,,,,,0.0003
TotalAnnualMaxCapacityInvestment,OPT,GLOBAL,PWRNGSHNDXX,,,,2038,,,,,,0.0003
TotalAnnualMaxCapacityInvestment,OPT,GLOBAL,PWRNGSHNDXX,,,,2039,,,,,,0.0003
TotalAnnualMaxCapacityInvestment,OPT,GLOBAL,PWRNGSHNDXX,,,,2040,,,,,,0.0003
TotalAnnualMaxCapacityInvestment,OPT,GLOBAL,PWRNGSHNDXX,,,,2041,,,,,,0.0003
TotalAnnualMaxCapacityInvestment,OPT,GLOBAL,PWRNGSHNDXX,,,,2042,,,,,,0.0003
TotalAnnualMaxCapacityInvestment,OPT,GLOBAL,PWRNGSHNDXX,,,,2043,,,,,,0.0003
TotalAnnualMaxCapacityInvestment,OPT,GLOBAL,PWRNGSHNDXX,,,,2044,,,,,,0.0003
TotalAnnualMaxCapacityInvestment,OPT,GLOBAL,PWRNGSHNDXX,,,,2045,,,,,,0.0003
TotalAnnualMaxCapacityInvestment,OPT,GLOBAL,PWRNGSHNDXX,,,,2046,,,,,,0.0003
TotalAnnualMaxCapacityInvestment,OPT,GLOBAL,PWRNGSHNDXX,,,,2047,,,,,,0.0003
TotalAnnualMaxCapacityInvestment,OPT,GLOBAL,PWRNGSHNDXX,,,,2048,,,,,,0.0003
TotalAnnualMaxCapacityInvestment,OPT,GLOBAL,PWRNGSHNDXX,,,,2049,,,,,,0.0003
TotalAnnualMaxCapacityInvestment,OPT,GLOBAL,PWRNGSHNDXX,,,,2050,,,,,,0.0003
TotalAnnualMaxCapacityInvestment,OPT,GLOBAL,PWRNGSCOLXX,,,,2023,,,,,,0.0
TotalAnnualMaxCapacityInvestment,OPT,GLOBAL,PWRNGSCOLXX,,,,2024,,,,,,0.0
TotalAnnualMaxCapacityInvestment,OPT,GLOBAL,PWRNGSCOLXX,,,,2025,,,,,,0.0583
TotalAnnualMaxCapacityInvestment,OPT,GLOBAL,PWRNGSCOLXX,,,,2026,,,,,,0.0583
TotalAnnualMaxCapacityInvestment,OPT,GLOBAL,PWRNGSCOLXX,,,,2027,,,,,,0.0583
TotalAnnualMaxCapacityInvestment,OPT,GLOBAL,PWRNGSCOLXX,,,,2028,,,,,,0.0583
TotalAnnualMaxCapacityInvestment,OPT,GLOBAL,PWRNGSCOLXX,,,,2029,,,,,,0.0583
TotalAnnualMaxCapacityInvestment,OPT,GLOBAL,PWRNGSCOLXX,,,,2030,,,,,,0.0583
TotalAnnualMaxCapacityInvestment,OPT,GLOBAL,PWRNGSCOLXX,,,,2031,,,,,,0.0583
TotalAnnualMaxCapacityInvestment,OPT,GLOBAL,PWRNGSCOLXX,,,,2032,,,,,,0.0583
TotalAnnualMaxCapacityInvestment,OPT,GLOBAL,PWRNGSCOLXX,,,,2033,,,,,,0.0583
TotalAnnualMaxCapacityInvestment,OPT,GLOBAL,PWRNGSCOLXX,,,,2034,,,,,,0.0583
TotalAnnualMaxCapacityInvestment,OPT,GLOBAL,PWRNGSCOLXX,,,,2035,,,,,,0.0583
TotalAnnualMaxCapacityInvestment,OPT,GLOBAL,PWRNGSCOLXX,,,,2036,,,,,,0.0232
TotalAnnualMaxCapacityInvestment,OPT,GLOBAL,PWRNGSCOLXX,,,,2037,,,,,,0.0232
TotalAnnualMaxCapacityInvestment,OPT,GLOBAL,PWRNGSCOLXX,,,,2038,,,,,,0.0232
TotalAnnualMaxCapacityInvestment,OPT,GLOBAL,PWRNGSCOLXX,,,,2039,,,,,,0.0232
TotalAnnualMaxCapacityInvestment,OPT,GLOBAL,PWRNGSCOLXX,,,,2040,,,,,,0.0232
TotalAnnualMaxCapacityInvestment,OPT,GLOBAL,PWRNGSCOLXX,,,,2041,,,,,,0.0232
TotalAnnualMaxCapacityInvestment,OPT,GLOBAL,PWRNGSCOLXX,,,,2042,,,,,,0.0232
TotalAnnualMaxCapacityInvestment,OPT,GLOBAL,PWRNGSCOLXX,,,,2043,,,,,,0.0232
TotalAnnualMaxCapacityInvestment,OPT,GLOBAL,PWRNGSCOLXX,,,,2044,,,,,,0.0232
TotalAnnualMaxCapacityInvestment,OPT,GLOBAL,PWRNGSCOLXX,,,,2045,,,,,,0.0232
TotalAnnualMaxCapacityInvestment,OPT,GLOBAL,PWRNGSCOLXX,,,,2046,,,,,,0.0232
TotalAnnualMaxCapacityInvestment,OPT,GLOBAL,PWRNGSCOLXX,,,,2047,,,,,,0.0232
TotalAnnualMaxCapacityInvestment,OPT,GLOBAL,PWRNGSCOLXX,,,,2048,,,,,,0.0232
TotalAnnualMaxCapacityInvestment,OPT,GLOBAL,PWRNGSCOLXX,,,,2049,,,,,,0.0232
TotalAnnualMaxCapacityInvestment,OPT,GLOBAL,PWRNGSCOLXX,,,,2050,,,,,,0.0232
TotalAnnualMaxCapacityInvestment,OPT,GLOBAL,PWRPETPRYXX,,,,2023,,,,,,0.3117
TotalAnnualMaxCapacityInvestment,OPT,GLOBAL,PWRPETPRYXX,,,,2024,,,,,,0.3316
TotalAnnualMaxCapacityInvestment,OPT,GLOBAL,PWRPETPRYXX,,,,2025,,,,,,0.0
TotalAnnualMaxCapacityInvestment,OPT,GLOBAL,PWRPETPRYXX,,,,2026,,,,,,0.0
TotalAnnualMaxCapacityInvestment,OPT,GLOBAL,PWRPETPRYXX,,,,2027,,,,,,0.0
TotalAnnualMaxCapacityInvestment,OPT,GLOBAL,PWRPETPRYXX,,,,2028,,,,,,0.0
TotalAnnualMaxCapacityInvestment,OPT,GLOBAL,PWRPETPRYXX,,,,2029,,,,,,0.0
TotalAnnualMaxCapacityInvestment,OPT,GLOBAL,PWRPETPRYXX,,,,2030,,,,,,0.0
TotalAnnualMaxCapacityInvestment,OPT,GLOBAL,PWRPETPRYXX,,,,2031,,,,,,0.0
TotalAnnualMaxCapacityInvestment,OPT,GLOBAL,PWRPETPRYXX,,,,2032,,,,,,0.0
TotalAnnualMaxCapacityInvestment,OPT,GLOBAL,PWRPETPRYXX,,,,2033,,,,,,0.0
TotalAnnualMaxCapacityInvestment,OPT,GLOBAL,PWRPETPRYXX,,,,2034,,,,,,0.0
TotalAnnualMaxCapacityInvestment,OPT,GLOBAL,PWRPETPRYXX,,,,2035,,,,,,0.0
TotalAnnualMaxCapacityInvestment,OPT,GLOBAL,PWRPETPRYXX,,,,2036,,,,,,0.0
TotalAnnualMaxCapacityInvestment,OPT,GLOBAL,PWRPETPRYXX,,,,2037,,,,,,0.0
TotalAnnualMaxCapacityInvestment,OPT,GLOBAL,PWRPETPRYXX,,,,2038,,,,,,0.0
TotalAnnualMaxCapacityInvestment,OPT,GLOBAL,PWRPETPRYXX,,,,2039,,,,,,0.0
TotalAnnualMaxCapacityInvestment,OPT,GLOBAL,PWRPETPRYXX,,,,2040,,,,,,0.0
TotalAnnualMaxCapacityInvestment,OPT,GLOBAL,PWRPETPRYXX,,,,2041,,,,,,0.0
TotalAnnualMaxCapacityInvestment,OPT,GLOBAL,PWRPETPRYXX,,,,2042,,,,,,0.0
TotalAnnualMaxCapacityInvestment,OPT,GLOBAL,PWRPETPRYXX,,,,2043,,,,,,0.0
TotalAnnualMaxCapacityInvestment,OPT,GLOBAL,PWRPETPRYXX,,,,2044,,,,,,0.0
TotalAnnualMaxCapacityInvestment,OPT,GLOBAL,PWRPETPRYXX,,,,2045,,,,,,0.0
TotalAnnualMaxCapacityInvestment,OPT,GLOBAL,PWRPETPRYXX,,,,2046,,,,,,0.0
TotalAnnualMaxCapacityInvestment,OPT,GLOBAL,PWRPETPRYXX,,,,2047,,,,,,0.0
TotalAnnualMaxCapacityInvestment,OPT,GLOBAL,PWRPETPRYXX,,,,2048,,,,,,0.0
TotalAnnualMaxCapacityInvestment,OPT,GLOBAL,PWRPETPRYXX,,,,2049,,,,,,0.0
TotalAnnualMaxCapacityInvestment,OPT,GLOBAL,PWRPETPRYXX,,,,2050,,,,,,0.0
TotalAnnualMaxCapacityInvestment,OPT,GLOBAL,PWRWONECUXX,,,,2023,,,,,,0.0861
TotalAnnualMaxCapacityInvestment,OPT,GLOBAL,PWRWONECUXX,,,,2024,,,,,,0.0891
TotalAnnualMaxCapacityInvestment,OPT,GLOBAL,PWRWONECUXX,,,,2025,,,,,,0.0306
TotalAnnualMaxCapacityInvestment,OPT,GLOBAL,PWRWONECUXX,,,,2026,,,,,,0.0306
TotalAnnualMaxCapacityInvestment,OPT,GLOBAL,PWRWONECUXX,,,,2027,,,,,,0.0306
TotalAnnualMaxCapacityInvestment,OPT,GLOBAL,PWRWONECUXX,,,,2028,,,,,,0.3838
TotalAnnualMaxCapacityInvestment,OPT,GLOBAL,PWRWONECUXX,,,,2029,,,,,,0.0306
TotalAnnualMaxCapacityInvestment,OPT,GLOBAL,PWRWONECUXX,,,,2030,,,,,,0.0306
TotalAnnualMaxCapacityInvestment,OPT,GLOBAL,PWRWONECUXX,,,,2031,,,,,,0.0306
TotalAnnualMaxCapacityInvestment,OPT,GLOBAL,PWRWONECUXX,,,,2032,,,,,,0.0306
TotalAnnualMaxCapacityInvestment,OPT,GLOBAL,PWRWONECUXX,,,,2033,,,,,,0.0306
TotalAnnualMaxCapacityInvestment,OPT,GLOBAL,PWRWONECUXX,,,,2034,,,,,,0.0306
TotalAnnualMaxCapacityInvestment,OPT,GLOBAL,PWRWONECUXX,,,,2035,,,,,,0.0306
TotalAnnualMaxCapacityInvestment,OPT,GLOBAL,PWRWONECUXX,,,,2036,,,,,,0.0168
TotalAnnualMaxCapacityInvestment,OPT,GLOBAL,PWRWONECUXX,,,,2037,,,,,,0.0168
TotalAnnualMaxCapacityInvestment,OPT,GLOBAL,PWRWONECUXX,,,,2038,,,,,,0.0168
TotalAnnualMaxCapacityInvestment,OPT,GLOBAL,PWRWONECUXX,,,,2039,,,,,,0.0168
TotalAnnualMaxCapacityInvestment,OPT,GLOBAL,PWRWONECUXX,,,,2040,,,,,,0.0168
TotalAnnualMaxCapacityInvestment,OPT,GLOBAL,PWRWONECUXX,,,,2041,,,,,,0.0168
TotalAnnualMaxCapacityInvestment,OPT,GLOBAL,PWRWONECUXX,,,,2042,,,,,,0.0168
TotalAnnualMaxCapacityInvestment,OPT,GLOBAL,PWRWONECUXX,,,,2043,,,,,,0.0168
TotalAnnualMaxCapacityInvestment,OPT,GLOBAL,PWRWONECUXX,,,,2044,,,,,,0.0168
TotalAnnualMaxCapacityInvestment,OPT,GLOBAL,PWRWONECUXX,,,,2045,,,,,,0.0168
TotalAnnualMaxCapacityInvestment,OPT,GLOBAL,PWRWONECUXX,,,,2046,,,,,,0.0168
TotalAnnualMaxCapacityInvestment,OPT,GLOBAL,PWRWONECUXX,,,,2047,,,,,,0.0168
TotalAnnualMaxCapacityInvestment,OPT,GLOBAL,PWRWONECUXX,,,,2048,,,,,,0.0168
TotalAnnualMaxCapacityInvestment,OPT,GLOBAL,PWRWONECUXX,,,,2049,,,,,,0.0168
TotalAnnualMaxCapacityInvestment,OPT,GLOBAL,PWRWONECUXX,,,,2050,,,,,,0.0168
TotalAnnualMaxCapacityInvestment,OPT,GLOBAL,PWRBIOMEXXX,,,,2023,,,,,,0.8681
TotalAnnualMaxCapacityInvestment,OPT,GLOBAL,PWRBIOMEXXX,,,,2024,,,,,,0.8942
TotalAnnualMaxCapacityInvestment,OPT,GLOBAL,PWRBIOMEXXX,,,,2025,,,,,,0.0456
TotalAnnualMaxCapacityInvestment,OPT,GLOBAL,PWRBIOMEXXX,,,,2026,,,,,,0.0456
TotalAnnualMaxCapacityInvestment,OPT,GLOBAL,PWRBIOMEXXX,,,,2027,,,,,,0.0456
TotalAnnualMaxCapacityInvestment,OPT,GLOBAL,PWRBIOMEXXX,,,,2028,,,,,,0.0456
TotalAnnualMaxCapacityInvestment,OPT,GLOBAL,PWRBIOMEXXX,,,,2029,,,,,,0.0456
TotalAnnualMaxCapacityInvestment,OPT,GLOBAL,PWRBIOMEXXX,,,,2030,,,,,,0.0456
TotalAnnualMaxCapacityInvestment,OPT,GLOBAL,PWRBIOMEXXX,,,,2031,,,,,,0.0456
TotalAnnualMaxCapacityInvestment,OPT,GLOBAL,PWRBIOMEXXX,,,,2032,,,,,,0.0456
TotalAnnualMaxCapacityInvestment,OPT,GLOBAL,PWRBIOMEXXX,,,,2033,,,,,,0.0456
TotalAnnualMaxCapacityInvestment,OPT,GLOBAL,PWRBIOMEXXX,,,,2034,,,,,,0.0456
TotalAnnualMaxCapacityInvestment,OPT,GLOBAL,PWRBIOMEXXX,,,,2035,,,,,,0.0456
TotalAnnualMaxCapacityInvestment,OPT,GLOBAL,PWRBIOMEXXX,,,,2036,,,,,,0.0373
TotalAnnualMaxCapacityInvestment,OPT,GLOBAL,PWRBIOMEXXX,,,,2037,,,,,,0.0373
TotalAnnualMaxCapacityInvestment,OPT,GLOBAL,PWRBIOMEXXX,,,,2038,,,,,,0.0373
TotalAnnualMaxCapacityInvestment,OPT,GLOBAL,PWRBIOMEXXX,,,,2039,,,,,,0.0373
TotalAnnualMaxCapacityInvestment,OPT,GLOBAL,PWRBIOMEXXX,,,,2040,,,,,,0.0373
TotalAnnualMaxCapacityInvestment,OPT,GLOBAL,PWRBIOMEXXX,,,,2041,,,,,,0.0373
TotalAnnualMaxCapacityInvestment,OPT,GLOBAL,PWRBIOMEXXX,,,,2042,,,,,,0.0373
TotalAnnualMaxCapacityInvestment,OPT,GLOBAL,PWRBIOMEXXX,,,,2043,,,,,,0.0373
TotalAnnualMaxCapacityInvestment,OPT,GLOBAL,PWRBIOMEXXX,,,,2044,,,,,,0.0373
TotalAnnualMaxCapacityInvestment,OPT,GLOBAL,PWRBIOMEXXX,,,,2045,,,,,,0.0373
TotalAnnualMaxCapacityInvestment,OPT,GLOBAL,PWRBIOMEXXX,,,,2046,,,,,,0.0373
TotalAnnualMaxCapacityInvestment,OPT,GLOBAL,PWRBIOMEXXX,,,,2047,,,,,,0.0373
TotalAnnualMaxCapacityInvestment,OPT,GLOBAL,PWRBIOMEXXX,,,,2048,,,,,,0.0373
TotalAnnualMaxCapacityInvestment,OPT,GLOBAL,PWRBIOMEXXX,,,,2049,,,,,,0.0373
TotalAnnualMaxCapacityInvestment,OPT,GLOBAL,PWRBIOMEXXX,,,,2050,,,,,,0.0373
TotalAnnualMaxCapacityInvestment,OPT,GLOBAL,PWRBIODOMXX,,,,2023,,,,,,0.0543
TotalAnnualMaxCapacityInvestment,OPT,GLOBAL,PWRBIODOMXX,,,,2024,,,,,,0.0568
TotalAnnualMaxCapacityInvestment,OPT,GLOBAL,PWRBIODOMXX,,,,2025,,,,,,0.0
TotalAnnualMaxCapacityInvestment,OPT,GLOBAL,PWRBIODOMXX,,,,2026,,,,,,0.0
TotalAnnualMaxCapacityInvestment,OPT,GLOBAL,PWRBIODOMXX,,,,2027,,,,,,0.0
TotalAnnualMaxCapacityInvestment,OPT,GLOBAL,PWRBIODOMXX,,,,2028,,,,,,0.0
TotalAnnualMaxCapacityInvestment,OPT,GLOBAL,PWRBIODOMXX,,,,2029,,,,,,0.0
TotalAnnualMaxCapacityInvestment,OPT,GLOBAL,PWRBIODOMXX,,,,2030,,,,,,0.0
TotalAnnualMaxCapacityInvestment,OPT,GLOBAL,PWRBIODOMXX,,,,2031,,,,,,0.0
TotalAnnualMaxCapacityInvestment,OPT,GLOBAL,PWRBIODOMXX,,,,2032,,,,,,0.0
TotalAnnualMaxCapacityInvestment,OPT,GLOBAL,PWRBIODOMXX,,,,2033,,,,,,0.0
TotalAnnualMaxCapacityInvestment,OPT,GLOBAL,PWRBIODOMXX,,,,2034,,,,,,0.0
TotalAnnualMaxCapacityInvestment,OPT,GLOBAL,PWRBIODOMXX,,,,2035,,,,,,0.0
TotalAnnualMaxCapacityInvestment,OPT,GLOBAL,PWRBIODOMXX,,,,2036,,,,,,0.0
TotalAnnualMaxCapacityInvestment,OPT,GLOBAL,PWRBIODOMXX,,,,2037,,,,,,0.0
TotalAnnualMaxCapacityInvestment,OPT,GLOBAL,PWRBIODOMXX,,,,2038,,,,,,0.0
TotalAnnualMaxCapacityInvestment,OPT,GLOBAL,PWRBIODOMXX,,,,2039,,,,,,0.0
TotalAnnualMaxCapacityInvestment,OPT,GLOBAL,PWRBIODOMXX,,,,2040,,,,,,0.0
TotalAnnualMaxCapacityInvestment,OPT,GLOBAL,PWRBIODOMXX,,,,2041,,,,,,0.0
TotalAnnualMaxCapacityInvestment,OPT,GLOBAL,PWRBIODOMXX,,,,2042,,,,,,0.0
TotalAnnualMaxCapacityInvestment,OPT,GLOBAL,PWRBIODOMXX,,,,2043,,,,,,0.0
TotalAnnualMaxCapacityInvestment,OPT,GLOBAL,PWRBIODOMXX,,,,2044,,,,,,0.0
TotalAnnualMaxCapacityInvestment,OPT,GLOBAL,PWRBIODOMXX,,,,2045,,,,,,0.0
TotalAnnualMaxCapacityInvestment,OPT,GLOBAL,PWRBIODOMXX,,,,2046,,,,,,0.0
TotalAnnualMaxCapacityInvestment,OPT,GLOBAL,PWRBIODOMXX,,,,2047,,,,,,0.0
TotalAnnualMaxCapacityInvestment,OPT,GLOBAL,PWRBIODOMXX,,,,2048,,,,,,0.0
TotalAnnualMaxCapacityInvestment,OPT,GLOBAL,PWRBIODOMXX,,,,2049,,,,,,0.0
TotalAnnualMaxCapacityInvestment,OPT,GLOBAL,PWRBIODOMXX,,,,2050,,,,,,0.0
TotalAnnualMaxCapacityInvestment,OPT,GLOBAL,PWRNGSDOMXX,,,,2023,,,,,,0.0
TotalAnnualMaxCapacityInvestment,OPT,GLOBAL,PWRNGSDOMXX,,,,2024,,,,,,0.0
TotalAnnualMaxCapacityInvestment,OPT,GLOBAL,PWRNGSDOMXX,,,,2025,,,,,,0.0343
TotalAnnualMaxCapacityInvestment,OPT,GLOBAL,PWRNGSDOMXX,,,,2026,,,,,,0.0343
TotalAnnualMaxCapacityInvestment,OPT,GLOBAL,PWRNGSDOMXX,,,,2027,,,,,,0.0343
TotalAnnualMaxCapacityInvestment,OPT,GLOBAL,PWRNGSDOMXX,,,,2028,,,,,,0.0343
TotalAnnualMaxCapacityInvestment,OPT,GLOBAL,PWRNGSDOMXX,,,,2029,,,,,,0.0343
TotalAnnualMaxCapacityInvestment,OPT,GLOBAL,PWRNGSDOMXX,,,,2030,,,,,,0.0343
TotalAnnualMaxCapacityInvestment,OPT,GLOBAL,PWRNGSDOMXX,,,,2031,,,,,,0.0343
TotalAnnualMaxCapacityInvestment,OPT,GLOBAL,PWRNGSDOMXX,,,,2032,,,,,,0.0343
TotalAnnualMaxCapacityInvestment,OPT,GLOBAL,PWRNGSDOMXX,,,,2033,,,,,,0.0606
TotalAnnualMaxCapacityInvestment,OPT,GLOBAL,PWRNGSDOMXX,,,,2034,,,,,,0.0343
TotalAnnualMaxCapacityInvestment,OPT,GLOBAL,PWRNGSDOMXX,,,,2035,,,,,,0.0343
TotalAnnualMaxCapacityInvestment,OPT,GLOBAL,PWRNGSDOMXX,,,,2036,,,,,,0.0136
TotalAnnualMaxCapacityInvestment,OPT,GLOBAL,PWRNGSDOMXX,,,,2037,,,,,,0.0136
TotalAnnualMaxCapacityInvestment,OPT,GLOBAL,PWRNGSDOMXX,,,,2038,,,,,,0.1818
TotalAnnualMaxCapacityInvestment,OPT,GLOBAL,PWRNGSDOMXX,,,,2039,,,,,,0.0136
TotalAnnualMaxCapacityInvestment,OPT,GLOBAL,PWRNGSDOMXX,,,,2040,,,,,,0.1818
TotalAnnualMaxCapacityInvestment,OPT,GLOBAL,PWRNGSDOMXX,,,,2041,,,,,,0.0136
TotalAnnualMaxCapacityInvestment,OPT,GLOBAL,PWRNGSDOMXX,,,,2042,,,,,,0.0136
TotalAnnualMaxCapacityInvestment,OPT,GLOBAL,PWRNGSDOMXX,,,,2043,,,,,,0.0136
TotalAnnualMaxCapacityInvestment,OPT,GLOBAL,PWRNGSDOMXX,,,,2044,,,,,,0.0136
TotalAnnualMaxCapacityInvestment,OPT,GLOBAL,PWRNGSDOMXX,,,,2045,,,,,,0.0136
TotalAnnualMaxCapacityInvestment,OPT,GLOBAL,PWRNGSDOMXX,,,,2046,,,,,,0.0136
TotalAnnualMaxCapacityInvestment,OPT,GLOBAL,PWRNGSDOMXX,,,,2047,,,,,,0.0136
TotalAnnualMaxCapacityInvestment,OPT,GLOBAL,PWRNGSDOMXX,,,,2048,,,,,,0.0136
TotalAnnualMaxCapacityInvestment,OPT,GLOBAL,PWRNGSDOMXX,,,,2049,,,,,,0.0136
TotalAnnualMaxCapacityInvestment,OPT,GLOBAL,PWRNGSDOMXX,,,,2050,,,,,,0.0136
TotalAnnualMaxCapacityInvestment,OPT,GLOBAL,PWROILCHLXX,,,,2023,,,,,,1.2478
TotalAnnualMaxCapacityInvestment,OPT,GLOBAL,PWROILCHLXX,,,,2024,,,,,,1.2939
TotalAnnualMaxCapacityInvestment,OPT,GLOBAL,PWROILCHLXX,,,,2025,,,,,,0.0
TotalAnnualMaxCapacityInvestment,OPT,GLOBAL,PWROILCHLXX,,,,2026,,,,,,0.0
TotalAnnualMaxCapacityInvestment,OPT,GLOBAL,PWROILCHLXX,,,,2027,,,,,,0.0
TotalAnnualMaxCapacityInvestment,OPT,GLOBAL,PWROILCHLXX,,,,2028,,,,,,0.0
TotalAnnualMaxCapacityInvestment,OPT,GLOBAL,PWROILCHLXX,,,,2029,,,,,,0.0
TotalAnnualMaxCapacityInvestment,OPT,GLOBAL,PWROILCHLXX,,,,2030,,,,,,0.0
TotalAnnualMaxCapacityInvestment,OPT,GLOBAL,PWROILCHLXX,,,,2031,,,,,,0.0
TotalAnnualMaxCapacityInvestment,OPT,GLOBAL,PWROILCHLXX,,,,2032,,,,,,0.0
TotalAnnualMaxCapacityInvestment,OPT,GLOBAL,PWROILCHLXX,,,,2033,,,,,,0.0
TotalAnnualMaxCapacityInvestment,OPT,GLOBAL,PWROILCHLXX,,,,2034,,,,,,0.0
TotalAnnualMaxCapacityInvestment,OPT,GLOBAL,PWROILCHLXX,,,,2035,,,,,,0.0
TotalAnnualMaxCapacityInvestment,OPT,GLOBAL,PWROILCHLXX,,,,2036,,,,,,0.0
TotalAnnualMaxCapacityInvestment,OPT,GLOBAL,PWROILCHLXX,,,,2037,,,,,,0.0
TotalAnnualMaxCapacityInvestment,OPT,GLOBAL,PWROILCHLXX,,,,2038,,,,,,0.0
TotalAnnualMaxCapacityInvestment,OPT,GLOBAL,PWROILCHLXX,,,,2039,,,,,,0.0
TotalAnnualMaxCapacityInvestment,OPT,GLOBAL,PWROILCHLXX,,,,2040,,,,,,0.0
TotalAnnualMaxCapacityInvestment,OPT,GLOBAL,PWROILCHLXX,,,,2041,,,,,,0.0
TotalAnnualMaxCapacityInvestment,OPT,GLOBAL,PWROILCHLXX,,,,2042,,,,,,0.0
TotalAnnualMaxCapacityInvestment,OPT,GLOBAL,PWROILCHLXX,,,,2043,,,,,,0.0
TotalAnnualMaxCapacityInvestment,OPT,GLOBAL,PWROILCHLXX,,,,2044,,,,,,0.0
TotalAnnualMaxCapacityInvestment,OPT,GLOBAL,PWROILCHLXX,,,,2045,,,,,,0.0
TotalAnnualMaxCapacityInvestment,OPT,GLOBAL,PWROILCHLXX,,,,2046,,,,,,0.0
TotalAnnualMaxCapacityInvestment,OPT,GLOBAL,PWROILCHLXX,,,,2047,,,,,,0.0
TotalAnnualMaxCapacityInvestment,OPT,GLOBAL,PWROILCHLXX,,,,2048,,,,,,0.0
TotalAnnualMaxCapacityInvestment,OPT,GLOBAL,PWROILCHLXX,,,,2049,,,,,,0.0
TotalAnnualMaxCapacityInvestment,OPT,GLOBAL,PWROILCHLXX,,,,2050,,,,,,0.0
TotalAnnualMaxCapacityInvestment,OPT,GLOBAL,PWRWONNICXX,,,,2023,,,,,,0.0178
TotalAnnualMaxCapacityInvestment,OPT,GLOBAL,PWRWONNICXX,,,,2024,,,,,,0.0186
TotalAnnualMaxCapacityInvestment,OPT,GLOBAL,PWRWONNICXX,,,,2025,,,,,,0.04
TotalAnnualMaxCapacityInvestment,OPT,GLOBAL,PWRWONNICXX,,,,2026,,,,,,0.04
TotalAnnualMaxCapacityInvestment,OPT,GLOBAL,PWRWONNICXX,,,,2027,,,,,,0.0404
TotalAnnualMaxCapacityInvestment,OPT,GLOBAL,PWRWONNICXX,,,,2028,,,,,,0.04
TotalAnnualMaxCapacityInvestment,OPT,GLOBAL,PWRWONNICXX,,,,2029,,,,,,0.04
TotalAnnualMaxCapacityInvestment,OPT,GLOBAL,PWRWONNICXX,,,,2030,,,,,,0.0404
TotalAnnualMaxCapacityInvestment,OPT,GLOBAL,PWRWONNICXX,,,,2031,,,,,,0.04
TotalAnnualMaxCapacityInvestment,OPT,GLOBAL,PWRWONNICXX,,,,2032,,,,,,0.04
TotalAnnualMaxCapacityInvestment,OPT,GLOBAL,PWRWONNICXX,,,,2033,,,,,,0.04
TotalAnnualMaxCapacityInvestment,OPT,GLOBAL,PWRWONNICXX,,,,2034,,,,,,0.04
TotalAnnualMaxCapacityInvestment,OPT,GLOBAL,PWRWONNICXX,,,,2035,,,,,,0.04
TotalAnnualMaxCapacityInvestment,OPT,GLOBAL,PWRWONNICXX,,,,2036,,,,,,0.0114
TotalAnnualMaxCapacityInvestment,OPT,GLOBAL,PWRWONNICXX,,,,2037,,,,,,0.0114
TotalAnnualMaxCapacityInvestment,OPT,GLOBAL,PWRWONNICXX,,,,2038,,,,,,0.0114
TotalAnnualMaxCapacityInvestment,OPT,GLOBAL,PWRWONNICXX,,,,2039,,,,,,0.0114
TotalAnnualMaxCapacityInvestment,OPT,GLOBAL,PWRWONNICXX,,,,2040,,,,,,0.0114
TotalAnnualMaxCapacityInvestment,OPT,GLOBAL,PWRWONNICXX,,,,2041,,,,,,0.0114
TotalAnnualMaxCapacityInvestment,OPT,GLOBAL,PWRWONNICXX,,,,2042,,,,,,0.0114
TotalAnnualMaxCapacityInvestment,OPT,GLOBAL,PWRWONNICXX,,,,2043,,,,,,0.0114
TotalAnnualMaxCapacityInvestment,OPT,GLOBAL,PWRWONNICXX,,,,2044,,,,,,0.0114
TotalAnnualMaxCapacityInvestment,OPT,GLOBAL,PWRWONNICXX,,,,2045,,,,,,0.0114
TotalAnnualMaxCapacityInvestment,OPT,GLOBAL,PWRWONNICXX,,,,2046,,,,,,0.0114
TotalAnnualMaxCapacityInvestment,OPT,GLOBAL,PWRWONNICXX,,,,2047,,,,,,0.0114
TotalAnnualMaxCapacityInvestment,OPT,GLOBAL,PWRWONNICXX,,,,2048,,,,,,0.0114
TotalAnnualMaxCapacityInvestment,OPT,GLOBAL,PWRWONNICXX,,,,2049,,,,,,0.0114
TotalAnnualMaxCapacityInvestment,OPT,GLOBAL,PWRWONNICXX,,,,2050,,,,,,0.0114
TotalAnnualMaxCapacityInvestment,OPT,GLOBAL,PWRNGSBOLXX,,,,2023,,,,,,0.0
TotalAnnualMaxCapacityInvestment,OPT,GLOBAL,PWRNGSBOLXX,,,,2024,,,,,,0.0
TotalAnnualMaxCapacityInvestment,OPT,GLOBAL,PWRNGSBOLXX,,,,2025,,,,,,0.0511
TotalAnnualMaxCapacityInvestment,OPT,GLOBAL,PWRNGSBOLXX,,,,2026,,,,,,0.0511
TotalAnnualMaxCapacityInvestment,OPT,GLOBAL,PWRNGSBOLXX,,,,2027,,,,,,0.0511
TotalAnnualMaxCapacityInvestment,OPT,GLOBAL,PWRNGSBOLXX,,,,2028,,,,,,0.0511
TotalAnnualMaxCapacityInvestment,OPT,GLOBAL,PWRNGSBOLXX,,,,2029,,,,,,0.0511
TotalAnnualMaxCapacityInvestment,OPT,GLOBAL,PWRNGSBOLXX,,,,2030,,,,,,0.0511
TotalAnnualMaxCapacityInvestment,OPT,GLOBAL,PWRNGSBOLXX,,,,2031,,,,,,0.0511
TotalAnnualMaxCapacityInvestment,OPT,GLOBAL,PWRNGSBOLXX,,,,2032,,,,,,0.0511
TotalAnnualMaxCapacityInvestment,OPT,GLOBAL,PWRNGSBOLXX,,,,2033,,,,,,0.0511
TotalAnnualMaxCapacityInvestment,OPT,GLOBAL,PWRNGSBOLXX,,,,2034,,,,,,0.0511
TotalAnnualMaxCapacityInvestment,OPT,GLOBAL,PWRNGSBOLXX,,,,2035,,,,,,0.0511
TotalAnnualMaxCapacityInvestment,OPT,GLOBAL,PWRNGSBOLXX,,,,2036,,,,,,0.0203
TotalAnnualMaxCapacityInvestment,OPT,GLOBAL,PWRNGSBOLXX,,,,2037,,,,,,0.0203
TotalAnnualMaxCapacityInvestment,OPT,GLOBAL,PWRNGSBOLXX,,,,2038,,,,,,0.0203
TotalAnnualMaxCapacityInvestment,OPT,GLOBAL,PWRNGSBOLXX,,,,2039,,,,,,0.0203
TotalAnnualMaxCapacityInvestment,OPT,GLOBAL,PWRNGSBOLXX,,,,2040,,,,,,0.0203
TotalAnnualMaxCapacityInvestment,OPT,GLOBAL,PWRNGSBOLXX,,,,2041,,,,,,0.0203
TotalAnnualMaxCapacityInvestment,OPT,GLOBAL,PWRNGSBOLXX,,,,2042,,,,,,0.0203
TotalAnnualMaxCapacityInvestment,OPT,GLOBAL,PWRNGSBOLXX,,,,2043,,,,,,0.0203
TotalAnnualMaxCapacityInvestment,OPT,GLOBAL,PWRNGSBOLXX,,,,2044,,,,,,0.0203
TotalAnnualMaxCapacityInvestment,OPT,GLOBAL,PWRNGSBOLXX,,,,2045,,,,,,0.0203
TotalAnnualMaxCapacityInvestment,OPT,GLOBAL,PWRNGSBOLXX,,,,2046,,,,,,0.0203
TotalAnnualMaxCapacityInvestment,OPT,GLOBAL,PWRNGSBOLXX,,,,2047,,,,,,0.0203
TotalAnnualMaxCapacityInvestment,OPT,GLOBAL,PWRNGSBOLXX,,,,2048,,,,,,0.0203
TotalAnnualMaxCapacityInvestment,OPT,GLOBAL,PWRNGSBOLXX,,,,2049,,,,,,0.0203
TotalAnnualMaxCapacityInvestment,OPT,GLOBAL,PWRNGSBOLXX,,,,2050,,,,,,0.0203
TotalAnnualMaxCapacityInvestment,OPT,GLOBAL,PWRHYDSLVXX,,,,2023,,,,,,0.0147
TotalAnnualMaxCapacityInvestment,OPT,GLOBAL,PWRHYDSLVXX,,,,2024,,,,,,0.015
TotalAnnualMaxCapacityInvestment,OPT,GLOBAL,PWRHYDSLVXX,,,,2025,,,,,,0.0163
TotalAnnualMaxCapacityInvestment,OPT,GLOBAL,PWRHYDSLVXX,,,,2026,,,,,,0.0163
TotalAnnualMaxCapacityInvestment,OPT,GLOBAL,PWRHYDSLVXX,,,,2027,,,,,,0.0163
TotalAnnualMaxCapacityInvestment,OPT,GLOBAL,PWRHYDSLVXX,,,,2028,,,,,,0.0163
TotalAnnualMaxCapacityInvestment,OPT,GLOBAL,PWRHYDSLVXX,,,,2029,,,,,,0.0163
TotalAnnualMaxCapacityInvestment,OPT,GLOBAL,PWRHYDSLVXX,,,,2030,,,,,,0.0163
TotalAnnualMaxCapacityInvestment,OPT,GLOBAL,PWRHYDSLVXX,,,,2031,,,,,,0.0163
TotalAnnualMaxCapacityInvestment,OPT,GLOBAL,PWRHYDSLVXX,,,,2032,,,,,,0.0163
TotalAnnualMaxCapacityInvestment,OPT,GLOBAL,PWRHYDSLVXX,,,,2033,,,,,,0.0163
TotalAnnualMaxCapacityInvestment,OPT,GLOBAL,PWRHYDSLVXX,,,,2034,,,,,,0.0163
TotalAnnualMaxCapacityInvestment,OPT,GLOBAL,PWRHYDSLVXX,,,,2035,,,,,,0.0163
TotalAnnualMaxCapacityInvestment,OPT,GLOBAL,PWRHYDSLVXX,,,,2036,,,,,,0.019
TotalAnnualMaxCapacityInvestment,OPT,GLOBAL,PWRHYDSLVXX,,,,2037,,,,,,0.019
TotalAnnualMaxCapacityInvestment,OPT,GLOBAL,PWRHYDSLVXX,,,,2038,,,,,,0.019
TotalAnnualMaxCapacityInvestment,OPT,GLOBAL,PWRHYDSLVXX,,,,2039,,,,,,0.019
TotalAnnualMaxCapacityInvestment,OPT,GLOBAL,PWRHYDSLVXX,,,,2040,,,,,,0.019
TotalAnnualMaxCapacityInvestment,OPT,GLOBAL,PWRHYDSLVXX,,,,2041,,,,,,0.019
TotalAnnualMaxCapacityInvestment,OPT,GLOBAL,PWRHYDSLVXX,,,,2042,,,,,,0.019
TotalAnnualMaxCapacityInvestment,OPT,GLOBAL,PWRHYDSLVXX,,,,2043,,,,,,0.019
TotalAnnualMaxCapacityInvestment,OPT,GLOBAL,PWRHYDSLVXX,,,,2044,,,,,,0.019
TotalAnnualMaxCapacityInvestment,OPT,GLOBAL,PWRHYDSLVXX,,,,2045,,,,,,0.019
TotalAnnualMaxCapacityInvestment,OPT,GLOBAL,PWRHYDSLVXX,,,,2046,,,,,,0.019
TotalAnnualMaxCapacityInvestment,OPT,GLOBAL,PWRHYDSLVXX,,,,2047,,,,,,0.019
TotalAnnualMaxCapacityInvestment,OPT,GLOBAL,PWRHYDSLVXX,,,,2048,,,,,,0.019
TotalAnnualMaxCapacityInvestment,OPT,GLOBAL,PWRHYDSLVXX,,,,2049,,,,,,0.019
TotalAnnualMaxCapacityInvestment,OPT,GLOBAL,PWRHYDSLVXX,,,,2050,,,,,,0.019
TotalAnnualMaxCapacityInvestment,OPT,GLOBAL,PWRGEOECUXX,,,,2023,,,,,,0.1951
TotalAnnualMaxCapacityInvestment,OPT,GLOBAL,PWRGEOECUXX,,,,2024,,,,,,0.2
TotalAnnualMaxCapacityInvestment,OPT,GLOBAL,PWRGEOECUXX,,,,2025,,,,,,0.0
TotalAnnualMaxCapacityInvestment,OPT,GLOBAL,PWRGEOECUXX,,,,2026,,,,,,0.2173
TotalAnnualMaxCapacityInvestment,OPT,GLOBAL,PWRGEOECUXX,,,,2027,,,,,,0.2264
TotalAnnualMaxCapacityInvestment,OPT,GLOBAL,PWRGEOECUXX,,,,2028,,,,,,0.2358
TotalAnnualMaxCapacityInvestment,OPT,GLOBAL,PWRGEOECUXX,,,,2029,,,,,,0.2455
TotalAnnualMaxCapacityInvestment,OPT,GLOBAL,PWRGEOECUXX,,,,2030,,,,,,0.2556
TotalAnnualMaxCapacityInvestment,OPT,GLOBAL,PWRGEOECUXX,,,,2031,,,,,,0.2661
TotalAnnualMaxCapacityInvestment,OPT,GLOBAL,PWRGEOECUXX,,,,2032,,,,,,0.2769
TotalAnnualMaxCapacityInvestment,OPT,GLOBAL,PWRGEOECUXX,,,,2033,,,,,,0.288
TotalAnnualMaxCapacityInvestment,OPT,GLOBAL,PWRGEOECUXX,,,,2034,,,,,,0.2996
TotalAnnualMaxCapacityInvestment,OPT,GLOBAL,PWRGEOECUXX,,,,2035,,,,,,0.3115
TotalAnnualMaxCapacityInvestment,OPT,GLOBAL,PWRGEOECUXX,,,,2036,,,,,,0.3257
TotalAnnualMaxCapacityInvestment,OPT,GLOBAL,PWRGEOECUXX,,,,2037,,,,,,0.3402
TotalAnnualMaxCapacityInvestment,OPT,GLOBAL,PWRGEOECUXX,,,,2038,,,,,,0.3551
TotalAnnualMaxCapacityInvestment,OPT,GLOBAL,PWRGEOECUXX,,,,2039,,,,,,0.3705
TotalAnnualMaxCapacityInvestment,OPT,GLOBAL,PWRGEOECUXX,,,,2040,,,,,,0.3863
TotalAnnualMaxCapacityInvestment,OPT,GLOBAL,PWRGEOECUXX,,,,2041,,,,,,0.4025
TotalAnnualMaxCapacityInvestment,OPT,GLOBAL,PWRGEOECUXX,,,,2042,,,,,,0.4192
TotalAnnualMaxCapacityInvestment,OPT,GLOBAL,PWRGEOECUXX,,,,2043,,,,,,0.4364
TotalAnnualMaxCapacityInvestment,OPT,GLOBAL,PWRGEOECUXX,,,,2044,,,,,,0.454
TotalAnnualMaxCapacityInvestment,OPT,GLOBAL,PWRGEOECUXX,,,,2045,,,,,,0.4722
TotalAnnualMaxCapacityInvestment,OPT,GLOBAL,PWRGEOECUXX,,,,2046,,,,,,0.4909
TotalAnnualMaxCapacityInvestment,OPT,GLOBAL,PWRGEOECUXX,,,,2047,,,,,,0.51
TotalAnnualMaxCapacityInvestment,OPT,GLOBAL,PWRGEOECUXX,,,,2048,,,,,,0.5297
TotalAnnualMaxCapacityInvestment,OPT,GLOBAL,PWRGEOECUXX,,,,2049,,,,,,0.55
TotalAnnualMaxCapacityInvestment,OPT,GLOBAL,PWRGEOECUXX,,,,2050,,,,,,0.5708
TotalAnnualMaxCapacityInvestment,OPT,GLOBAL,PWRWAVHTIXX,,,,2023,,,,,,0.0
TotalAnnualMaxCapacityInvestment,OPT,GLOBAL,PWRWAVHTIXX,,,,2024,,,,,,0.0
TotalAnnualMaxCapacityInvestment,OPT,GLOBAL,PWRWAVHTIXX,,,,2025,,,,,,0.0
TotalAnnualMaxCapacityInvestment,OPT,GLOBAL,PWRWAVHTIXX,,,,2026,,,,,,0.0
TotalAnnualMaxCapacityInvestment,OPT,GLOBAL,PWRWAVHTIXX,,,,2027,,,,,,0.0
TotalAnnualMaxCapacityInvestment,OPT,GLOBAL,PWRWAVHTIXX,,,,2028,,,,,,0.0
TotalAnnualMaxCapacityInvestment,OPT,GLOBAL,PWRWAVHTIXX,,,,2029,,,,,,0.0
TotalAnnualMaxCapacityInvestment,OPT,GLOBAL,PWRWAVHTIXX,,,,2030,,,,,,0.0
TotalAnnualMaxCapacityInvestment,OPT,GLOBAL,PWRWAVHTIXX,,,,2031,,,,,,0.0
TotalAnnualMaxCapacityInvestment,OPT,GLOBAL,PWRWAVHTIXX,,,,2032,,,,,,0.0
TotalAnnualMaxCapacityInvestment,OPT,GLOBAL,PWRWAVHTIXX,,,,2033,,,,,,0.0
TotalAnnualMaxCapacityInvestment,OPT,GLOBAL,PWRWAVHTIXX,,,,2034,,,,,,0.0
TotalAnnualMaxCapacityInvestment,OPT,GLOBAL,PWRWAVHTIXX,,,,2035,,,,,,0.0
TotalAnnualMaxCapacityInvestment,OPT,GLOBAL,PWRWAVHTIXX,,,,2036,,,,,,0.0
TotalAnnualMaxCapacityInvestment,OPT,GLOBAL,PWRWAVHTIXX,,,,2037,,,,,,0.0
TotalAnnualMaxCapacityInvestment,OPT,GLOBAL,PWRWAVHTIXX,,,,2038,,,,,,0.0
TotalAnnualMaxCapacityInvestment,OPT,GLOBAL,PWRWAVHTIXX,,,,2039,,,,,,0.0
TotalAnnualMaxCapacityInvestment,OPT,GLOBAL,PWRWAVHTIXX,,,,2040,,,,,,0.0
TotalAnnualMaxCapacityInvestment,OPT,GLOBAL,PWRWAVHTIXX,,,,2041,,,,,,0.0
TotalAnnualMaxCapacityInvestment,OPT,GLOBAL,PWRWAVHTIXX,,,,2042,,,,,,0.0
TotalAnnualMaxCapacityInvestment,OPT,GLOBAL,PWRWAVHTIXX,,,,2043,,,,,,0.0
TotalAnnualMaxCapacityInvestment,OPT,GLOBAL,PWRWAVHTIXX,,,,2044,,,,,,0.0
TotalAnnualMaxCapacityInvestment,OPT,GLOBAL,PWRWAVHTIXX,,,,2045,,,,,,0.0
TotalAnnualMaxCapacityInvestment,OPT,GLOBAL,PWRWAVHTIXX,,,,2046,,,,,,0.0
TotalAnnualMaxCapacityInvestment,OPT,GLOBAL,PWRWAVHTIXX,,,,2047,,,,,,0.0
TotalAnnualMaxCapacityInvestment,OPT,GLOBAL,PWRWAVHTIXX,,,,2048,,,,,,0.0
TotalAnnualMaxCapacityInvestment,OPT,GLOBAL,PWRWAVHTIXX,,,,2049,,,,,,0.0
TotalAnnualMaxCapacityInvestment,OPT,GLOBAL,PWRWAVHTIXX,,,,2050,,,,,,0.0
TotalAnnualMaxCapacityInvestment,OPT,GLOBAL,PWROILCOLXX,,,,2023,,,,,,0.735
TotalAnnualMaxCapacityInvestment,OPT,GLOBAL,PWROILCOLXX,,,,2024,,,,,,0.7502
TotalAnnualMaxCapacityInvestment,OPT,GLOBAL,PWROILCOLXX,,,,2025,,,,,,0.0
TotalAnnualMaxCapacityInvestment,OPT,GLOBAL,PWROILCOLXX,,,,2026,,,,,,0.0
TotalAnnualMaxCapacityInvestment,OPT,GLOBAL,PWROILCOLXX,,,,2027,,,,,,0.0
TotalAnnualMaxCapacityInvestment,OPT,GLOBAL,PWROILCOLXX,,,,2028,,,,,,0.0
TotalAnnualMaxCapacityInvestment,OPT,GLOBAL,PWROILCOLXX,,,,2029,,,,,,0.0
TotalAnnualMaxCapacityInvestment,OPT,GLOBAL,PWROILCOLXX,,,,2030,,,,,,0.0
TotalAnnualMaxCapacityInvestment,OPT,GLOBAL,PWROILCOLXX,,,,2031,,,,,,0.0
TotalAnnualMaxCapacityInvestment,OPT,GLOBAL,PWROILCOLXX,,,,2032,,,,,,0.0
TotalAnnualMaxCapacityInvestment,OPT,GLOBAL,PWROILCOLXX,,,,2033,,,,,,0.0
TotalAnnualMaxCapacityInvestment,OPT,GLOBAL,PWROILCOLXX,,,,2034,,,,,,0.0
TotalAnnualMaxCapacityInvestment,OPT,GLOBAL,PWROILCOLXX,,,,2035,,,,,,0.0
TotalAnnualMaxCapacityInvestment,OPT,GLOBAL,PWROILCOLXX,,,,2036,,,,,,0.0
TotalAnnualMaxCapacityInvestment,OPT,GLOBAL,PWROILCOLXX,,,,2037,,,,,,0.0
TotalAnnualMaxCapacityInvestment,OPT,GLOBAL,PWROILCOLXX,,,,2038,,,,,,0.0
TotalAnnualMaxCapacityInvestment,OPT,GLOBAL,PWROILCOLXX,,,,2039,,,,,,0.0
TotalAnnualMaxCapacityInvestment,OPT,GLOBAL,PWROILCOLXX,,,,2040,,,,,,0.0
TotalAnnualMaxCapacityInvestment,OPT,GLOBAL,PWROILCOLXX,,,,2041,,,,,,0.0
TotalAnnualMaxCapacityInvestment,OPT,GLOBAL,PWROILCOLXX,,,,2042,,,,,,0.0
TotalAnnualMaxCapacityInvestment,OPT,GLOBAL,PWROILCOLXX,,,,2043,,,,,,0.0
TotalAnnualMaxCapacityInvestment,OPT,GLOBAL,PWROILCOLXX,,,,2044,,,,,,0.0
TotalAnnualMaxCapacityInvestment,OPT,GLOBAL,PWROILCOLXX,,,,2045,,,,,,0.0
TotalAnnualMaxCapacityInvestment,OPT,GLOBAL,PWROILCOLXX,,,,2046,,,,,,0.0
TotalAnnualMaxCapacityInvestment,OPT,GLOBAL,PWROILCOLXX,,,,2047,,,,,,0.0
TotalAnnualMaxCapacityInvestment,OPT,GLOBAL,PWROILCOLXX,,,,2048,,,,,,0.0
TotalAnnualMaxCapacityInvestment,OPT,GLOBAL,PWROILCOLXX,,,,2049,,,,,,0.0
TotalAnnualMaxCapacityInvestment,OPT,GLOBAL,PWROILCOLXX,,,,2050,,,,,,0.0
TotalAnnualMaxCapacityInvestment,OPT,GLOBAL,PWRBIOECUXX,,,,2023,,,,,,0.0861
TotalAnnualMaxCapacityInvestment,OPT,GLOBAL,PWRBIOECUXX,,,,2024,,,,,,0.0891
TotalAnnualMaxCapacityInvestment,OPT,GLOBAL,PWRBIOECUXX,,,,2025,,,,,,0.0112
TotalAnnualMaxCapacityInvestment,OPT,GLOBAL,PWRBIOECUXX,,,,2026,,,,,,0.0112
TotalAnnualMaxCapacityInvestment,OPT,GLOBAL,PWRBIOECUXX,,,,2027,,,,,,0.0112
TotalAnnualMaxCapacityInvestment,OPT,GLOBAL,PWRBIOECUXX,,,,2028,,,,,,0.0303
TotalAnnualMaxCapacityInvestment,OPT,GLOBAL,PWRBIOECUXX,,,,2029,,,,,,0.0112
TotalAnnualMaxCapacityInvestment,OPT,GLOBAL,PWRBIOECUXX,,,,2030,,,,,,0.0112
TotalAnnualMaxCapacityInvestment,OPT,GLOBAL,PWRBIOECUXX,,,,2031,,,,,,0.0112
TotalAnnualMaxCapacityInvestment,OPT,GLOBAL,PWRBIOECUXX,,,,2032,,,,,,0.0112
TotalAnnualMaxCapacityInvestment,OPT,GLOBAL,PWRBIOECUXX,,,,2033,,,,,,0.0112
TotalAnnualMaxCapacityInvestment,OPT,GLOBAL,PWRBIOECUXX,,,,2034,,,,,,0.0112
TotalAnnualMaxCapacityInvestment,OPT,GLOBAL,PWRBIOECUXX,,,,2035,,,,,,0.0112
TotalAnnualMaxCapacityInvestment,OPT,GLOBAL,PWRBIOECUXX,,,,2036,,,,,,0.0092
TotalAnnualMaxCapacityInvestment,OPT,GLOBAL,PWRBIOECUXX,,,,2037,,,,,,0.0092
TotalAnnualMaxCapacityInvestment,OPT,GLOBAL,PWRBIOECUXX,,,,2038,,,,,,0.0092
TotalAnnualMaxCapacityInvestment,OPT,GLOBAL,PWRBIOECUXX,,,,2039,,,,,,0.0092
TotalAnnualMaxCapacityInvestment,OPT,GLOBAL,PWRBIOECUXX,,,,2040,,,,,,0.0092
TotalAnnualMaxCapacityInvestment,OPT,GLOBAL,PWRBIOECUXX,,,,2041,,,,,,0.0092
TotalAnnualMaxCapacityInvestment,OPT,GLOBAL,PWRBIOECUXX,,,,2042,,,,,,0.0092
TotalAnnualMaxCapacityInvestment,OPT,GLOBAL,PWRBIOECUXX,,,,2043,,,,,,0.0092
TotalAnnualMaxCapacityInvestment,OPT,GLOBAL,PWRBIOECUXX,,,,2044,,,,,,0.0092
TotalAnnualMaxCapacityInvestment,OPT,GLOBAL,PWRBIOECUXX,,,,2045,,,,,,0.0092
TotalAnnualMaxCapacityInvestment,OPT,GLOBAL,PWRBIOECUXX,,,,2046,,,,,,0.0092
TotalAnnualMaxCapacityInvestment,OPT,GLOBAL,PWRBIOECUXX,,,,2047,,,,,,0.0092
TotalAnnualMaxCapacityInvestment,OPT,GLOBAL,PWRBIOECUXX,,,,2048,,,,,,0.0092
TotalAnnualMaxCapacityInvestment,OPT,GLOBAL,PWRBIOECUXX,,,,2049,,,,,,0.0092
TotalAnnualMaxCapacityInvestment,OPT,GLOBAL,PWRBIOECUXX,,,,2050,,,,,,0.0092
TotalAnnualMaxCapacityInvestment,OPT,GLOBAL,PWRHYDHNDXX,,,,2023,,,,,,0.0158
TotalAnnualMaxCapacityInvestment,OPT,GLOBAL,PWRHYDHNDXX,,,,2024,,,,,,0.0163
TotalAnnualMaxCapacityInvestment,OPT,GLOBAL,PWRHYDHNDXX,,,,2025,,,,,,0.0225
TotalAnnualMaxCapacityInvestment,OPT,GLOBAL,PWRHYDHNDXX,,,,2026,,,,,,0.0225
TotalAnnualMaxCapacityInvestment,OPT,GLOBAL,PWRHYDHNDXX,,,,2027,,,,,,0.0225
TotalAnnualMaxCapacityInvestment,OPT,GLOBAL,PWRHYDHNDXX,,,,2028,,,,,,0.0225
TotalAnnualMaxCapacityInvestment,OPT,GLOBAL,PWRHYDHNDXX,,,,2029,,,,,,0.0225
TotalAnnualMaxCapacityInvestment,OPT,GLOBAL,PWRHYDHNDXX,,,,2030,,,,,,0.099
TotalAnnualMaxCapacityInvestment,OPT,GLOBAL,PWRHYDHNDXX,,,,2031,,,,,,0.0225
TotalAnnualMaxCapacityInvestment,OPT,GLOBAL,PWRHYDHNDXX,,,,2032,,,,,,0.0225
TotalAnnualMaxCapacityInvestment,OPT,GLOBAL,PWRHYDHNDXX,,,,2033,,,,,,0.0225
TotalAnnualMaxCapacityInvestment,OPT,GLOBAL,PWRHYDHNDXX,,,,2034,,,,,,0.0225
TotalAnnualMaxCapacityInvestment,OPT,GLOBAL,PWRHYDHNDXX,,,,2035,,,,,,0.0225
TotalAnnualMaxCapacityInvestment,OPT,GLOBAL,PWRHYDHNDXX,,,,2036,,,,,,0.0262
TotalAnnualMaxCapacityInvestment,OPT,GLOBAL,PWRHYDHNDXX,,,,2037,,,,,,0.0262
TotalAnnualMaxCapacityInvestment,OPT,GLOBAL,PWRHYDHNDXX,,,,2038,,,,,,0.0262
TotalAnnualMaxCapacityInvestment,OPT,GLOBAL,PWRHYDHNDXX,,,,2039,,,,,,0.0262
TotalAnnualMaxCapacityInvestment,OPT,GLOBAL,PWRHYDHNDXX,,,,2040,,,,,,0.0262
TotalAnnualMaxCapacityInvestment,OPT,GLOBAL,PWRHYDHNDXX,,,,2041,,,,,,0.0262
TotalAnnualMaxCapacityInvestment,OPT,GLOBAL,PWRHYDHNDXX,,,,2042,,,,,,0.0262
TotalAnnualMaxCapacityInvestment,OPT,GLOBAL,PWRHYDHNDXX,,,,2043,,,,,,0.0262
TotalAnnualMaxCapacityInvestment,OPT,GLOBAL,PWRHYDHNDXX,,,,2044,,,,,,0.0262
TotalAnnualMaxCapacityInvestment,OPT,GLOBAL,PWRHYDHNDXX,,,,2045,,,,,,0.0262
TotalAnnualMaxCapacityInvestment,OPT,GLOBAL,PWRHYDHNDXX,,,,2046,,,,,,0.0262
TotalAnnualMaxCapacityInvestment,OPT,GLOBAL,PWRHYDHNDXX,,,,2047,,,,,,0.0262
TotalAnnualMaxCapacityInvestment,OPT,GLOBAL,PWRHYDHNDXX,,,,2048,,,,,,0.0262
TotalAnnualMaxCapacityInvestment,OPT,GLOBAL,PWRHYDHNDXX,,,,2049,,,,,,0.0262
TotalAnnualMaxCapacityInvestment,OPT,GLOBAL,PWRHYDHNDXX,,,,2050,,,,,,0.0262
TotalAnnualMaxCapacityInvestment,OPT,GLOBAL,PWRNGSARGXX,,,,2023,,,,,,0.0
TotalAnnualMaxCapacityInvestment,OPT,GLOBAL,PWRNGSARGXX,,,,2024,,,,,,0.0
TotalAnnualMaxCapacityInvestment,OPT,GLOBAL,PWRNGSARGXX,,,,2025,,,,,,0.367
TotalAnnualMaxCapacityInvestment,OPT,GLOBAL,PWRNGSARGXX,,,,2026,,,,,,0.367
TotalAnnualMaxCapacityInvestment,OPT,GLOBAL,PWRNGSARGXX,,,,2027,,,,,,0.367
TotalAnnualMaxCapacityInvestment,OPT,GLOBAL,PWRNGSARGXX,,,,2028,,,,,,0.367
TotalAnnualMaxCapacityInvestment,OPT,GLOBAL,PWRNGSARGXX,,,,2029,,,,,,0.367
TotalAnnualMaxCapacityInvestment,OPT,GLOBAL,PWRNGSARGXX,,,,2030,,,,,,0.367
TotalAnnualMaxCapacityInvestment,OPT,GLOBAL,PWRNGSARGXX,,,,2031,,,,,,0.367
TotalAnnualMaxCapacityInvestment,OPT,GLOBAL,PWRNGSARGXX,,,,2032,,,,,,0.367
TotalAnnualMaxCapacityInvestment,OPT,GLOBAL,PWRNGSARGXX,,,,2033,,,,,,0.367
TotalAnnualMaxCapacityInvestment,OPT,GLOBAL,PWRNGSARGXX,,,,2034,,,,,,0.367
TotalAnnualMaxCapacityInvestment,OPT,GLOBAL,PWRNGSARGXX,,,,2035,,,,,,0.367
TotalAnnualMaxCapacityInvestment,OPT,GLOBAL,PWRNGSARGXX,,,,2036,,,,,,0.1458
TotalAnnualMaxCapacityInvestment,OPT,GLOBAL,PWRNGSARGXX,,,,2037,,,,,,0.1458
TotalAnnualMaxCapacityInvestment,OPT,GLOBAL,PWRNGSARGXX,,,,2038,,,,,,0.1458
TotalAnnualMaxCapacityInvestment,OPT,GLOBAL,PWRNGSARGXX,,,,2039,,,,,,0.1458
TotalAnnualMaxCapacityInvestment,OPT,GLOBAL,PWRNGSARGXX,,,,2040,,,,,,0.1486
TotalAnnualMaxCapacityInvestment,OPT,GLOBAL,PWRNGSARGXX,,,,2041,,,,,,0.1486
TotalAnnualMaxCapacityInvestment,OPT,GLOBAL,PWRNGSARGXX,,,,2042,,,,,,0.1486
TotalAnnualMaxCapacityInvestment,OPT,GLOBAL,PWRNGSARGXX,,,,2043,,,,,,0.1486
TotalAnnualMaxCapacityInvestment,OPT,GLOBAL,PWRNGSARGXX,,,,2044,,,,,,0.1486
TotalAnnualMaxCapacityInvestment,OPT,GLOBAL,PWRNGSARGXX,,,,2045,,,,,,0.1486
TotalAnnualMaxCapacityInvestment,OPT,GLOBAL,PWRNGSARGXX,,,,2046,,,,,,0.1486
TotalAnnualMaxCapacityInvestment,OPT,GLOBAL,PWRNGSARGXX,,,,2047,,,,,,0.1486
TotalAnnualMaxCapacityInvestment,OPT,GLOBAL,PWRNGSARGXX,,,,2048,,,,,,0.1486
TotalAnnualMaxCapacityInvestment,OPT,GLOBAL,PWRNGSARGXX,,,,2049,,,,,,0.1486
TotalAnnualMaxCapacityInvestment,OPT,GLOBAL,PWRNGSARGXX,,,,2050,,,,,,0.1486
TotalAnnualMaxCapacityInvestment,OPT,GLOBAL,PWRBIOURYXX,,,,2023,,,,,,0.0575
TotalAnnualMaxCapacityInvestment,OPT,GLOBAL,PWRBIOURYXX,,,,2024,,,,,,0.0589
TotalAnnualMaxCapacityInvestment,OPT,GLOBAL,PWRBIOURYXX,,,,2025,,,,,,0.0246
TotalAnnualMaxCapacityInvestment,OPT,GLOBAL,PWRBIOURYXX,,,,2026,,,,,,0.0246
TotalAnnualMaxCapacityInvestment,OPT,GLOBAL,PWRBIOURYXX,,,,2027,,,,,,0.0246
TotalAnnualMaxCapacityInvestment,OPT,GLOBAL,PWRBIOURYXX,,,,2028,,,,,,0.0246
TotalAnnualMaxCapacityInvestment,OPT,GLOBAL,PWRBIOURYXX,,,,2029,,,,,,0.0246
TotalAnnualMaxCapacityInvestment,OPT,GLOBAL,PWRBIOURYXX,,,,2030,,,,,,0.0246
TotalAnnualMaxCapacityInvestment,OPT,GLOBAL,PWRBIOURYXX,,,,2031,,,,,,0.0246
TotalAnnualMaxCapacityInvestment,OPT,GLOBAL,PWRBIOURYXX,,,,2032,,,,,,0.0246
TotalAnnualMaxCapacityInvestment,OPT,GLOBAL,PWRBIOURYXX,,,,2033,,,,,,0.0246
TotalAnnualMaxCapacityInvestment,OPT,GLOBAL,PWRBIOURYXX,,,,2034,,,,,,0.0246
TotalAnnualMaxCapacityInvestment,OPT,GLOBAL,PWRBIOURYXX,,,,2035,,,,,,0.0246
TotalAnnualMaxCapacityInvestment,OPT,GLOBAL,PWRBIOURYXX,,,,2036,,,,,,0.0201
TotalAnnualMaxCapacityInvestment,OPT,GLOBAL,PWRBIOURYXX,,,,2037,,,,,,0.0201
TotalAnnualMaxCapacityInvestment,OPT,GLOBAL,PWRBIOURYXX,,,,2038,,,,,,0.0201
TotalAnnualMaxCapacityInvestment,OPT,GLOBAL,PWRBIOURYXX,,,,2039,,,,,,0.0201
TotalAnnualMaxCapacityInvestment,OPT,GLOBAL,PWRBIOURYXX,,,,2040,,,,,,0.0201
TotalAnnualMaxCapacityInvestment,OPT,GLOBAL,PWRBIOURYXX,,,,2041,,,,,,0.0201
TotalAnnualMaxCapacityInvestment,OPT,GLOBAL,PWRBIOURYXX,,,,2042,,,,,,0.0201
TotalAnnualMaxCapacityInvestment,OPT,GLOBAL,PWRBIOURYXX,,,,2043,,,,,,0.0201
TotalAnnualMaxCapacityInvestment,OPT,GLOBAL,PWRBIOURYXX,,,,2044,,,,,,0.0201
TotalAnnualMaxCapacityInvestment,OPT,GLOBAL,PWRBIOURYXX,,,,2045,,,,,,0.0201
TotalAnnualMaxCapacityInvestment,OPT,GLOBAL,PWRBIOURYXX,,,,2046,,,,,,0.0201
TotalAnnualMaxCapacityInvestment,OPT,GLOBAL,PWRBIOURYXX,,,,2047,,,,,,0.0201
TotalAnnualMaxCapacityInvestment,OPT,GLOBAL,PWRBIOURYXX,,,,2048,,,,,,0.0201
TotalAnnualMaxCapacityInvestment,OPT,GLOBAL,PWRBIOURYXX,,,,2049,,,,,,0.0201
TotalAnnualMaxCapacityInvestment,OPT,GLOBAL,PWRBIOURYXX,,,,2050,,,,,,0.0201
