PARAMETER,Scenario,REGION,TECHNOLOGY,FUEL,EMISSION,MODE_OF_OPERATION,YEAR,TIMESLICE,SEASON,DAYTYPE,DAILYTIMEBRACKET,STORAGE,Value
VariableCost,VGB,GLOBAL,MINCOAARG,,,1,2023,,,,,,5.896
VariableCost,VGB,GLOBAL,MINCOAARG,,,1,2024,,,,,,5.896
VariableCost,VGB,GLOBAL,MINCOAARG,,,1,2025,,,,,,5.896
VariableCost,VGB,GLOBAL,MINCOAARG,,,1,2026,,,,,,5.896
VariableCost,VGB,GLOBAL,MINCOAARG,,,1,2027,,,,,,5.896
VariableCost,VGB,GLOBAL,MINCOAARG,,,1,2028,,,,,,5.896
VariableCost,VGB,GLOBAL,MINCOAARG,,,1,2029,,,,,,5.896
VariableCost,VGB,GLOBAL,MINCOAARG,,,1,2030,,,,,,5.896
VariableCost,VGB,GLOBAL,MINCOAARG,,,1,2031,,,,,,5.896
VariableCost,VGB,GLOBAL,MINCOAARG,,,1,2032,,,,,,5.896
VariableCost,VGB,GLOBAL,MINCOAARG,,,1,2033,,,,,,5.896
VariableCost,VGB,GLOBAL,MINCOAARG,,,1,2034,,,,,,5.896
VariableCost,VGB,GLOBAL,MINCOAARG,,,1,2035,,,,,,5.896
VariableCost,VGB,GLOBAL,MINCOAARG,,,1,2036,,,,,,5.896
VariableCost,VGB,GLOBAL,MINCOAARG,,,1,2037,,,,,,5.896
VariableCost,VGB,GLOBAL,MINCOAARG,,,1,2038,,,,,,5.896
VariableCost,VGB,GLOBAL,MINCOAARG,,,1,2039,,,,,,5.896
VariableCost,VGB,GLOBAL,MINCOAARG,,,1,2040,,,,,,5.896
VariableCost,VGB,GLOBAL,MINCOAARG,,,1,2041,,,,,,5.896
VariableCost,VGB,GLOBAL,MINCOAARG,,,1,2042,,,,,,5.896
VariableCost,VGB,GLOBAL,MINCOAARG,,,1,2043,,,,,,5.896
VariableCost,VGB,GLOBAL,MINCOAARG,,,1,2044,,,,,,5.896
VariableCost,VGB,GLOBAL,MINCOAARG,,,1,2045,,,,,,5.896
VariableCost,VGB,GLOBAL,MINCOAARG,,,1,2046,,,,,,5.896
VariableCost,VGB,GLOBAL,MINCOAARG,,,1,2047,,,,,,5.896
VariableCost,VGB,GLOBAL,MINCOAARG,,,1,2048,,,,,,5.896
VariableCost,VGB,GLOBAL,MINCOAARG,,,1,2049,,,,,,5.896
VariableCost,VGB,GLOBAL,MINCOAARG,,,1,2050,,,,,,5.896
VariableCost,VGB,GLOBAL,MINCOABOL,,,1,2023,,,,,,5.896
VariableCost,VGB,GLOBAL,MINCOABOL,,,1,2024,,,,,,5.896
VariableCost,VGB,GLOBAL,MINCOABOL,,,1,2025,,,,,,5.896
VariableCost,VGB,GLOBAL,MINCOABOL,,,1,2026,,,,,,5.896
VariableCost,VGB,GLOBAL,MINCOABOL,,,1,2027,,,,,,5.896
VariableCost,VGB,GLOBAL,MINCOABOL,,,1,2028,,,,,,5.896
VariableCost,VGB,GLOBAL,MINCOABOL,,,1,2029,,,,,,5.896
VariableCost,VGB,GLOBAL,MINCOABOL,,,1,2030,,,,,,5.896
VariableCost,VGB,GLOBAL,MINCOABOL,,,1,2031,,,,,,5.896
VariableCost,VGB,GLOBAL,MINCOABOL,,,1,2032,,,,,,5.896
VariableCost,VGB,GLOBAL,MINCOABOL,,,1,2033,,,,,,5.896
VariableCost,VGB,GLOBAL,MINCOABOL,,,1,2034,,,,,,5.896
VariableCost,VGB,GLOBAL,MINCOABOL,,,1,2035,,,,,,5.896
VariableCost,VGB,GLOBAL,MINCOABOL,,,1,2036,,,,,,5.896
VariableCost,VGB,GLOBAL,MINCOABOL,,,1,2037,,,,,,5.896
VariableCost,VGB,GLOBAL,MINCOABOL,,,1,2038,,,,,,5.896
VariableCost,VGB,GLOBAL,MINCOABOL,,,1,2039,,,,,,5.896
VariableCost,VGB,GLOBAL,MINCOABOL,,,1,2040,,,,,,5.896
VariableCost,VGB,GLOBAL,MINCOABOL,,,1,2041,,,,,,5.896
VariableCost,VGB,GLOBAL,MINCOABOL,,,1,2042,,,,,,5.896
VariableCost,VGB,GLOBAL,MINCOABOL,,,1,2043,,,,,,5.896
VariableCost,VGB,GLOBAL,MINCOABOL,,,1,2044,,,,,,5.896
VariableCost,VGB,GLOBAL,MINCOABOL,,,1,2045,,,,,,5.896
VariableCost,VGB,GLOBAL,MINCOABOL,,,1,2046,,,,,,5.896
VariableCost,VGB,GLOBAL,MINCOABOL,,,1,2047,,,,,,5.896
VariableCost,VGB,GLOBAL,MINCOABOL,,,1,2048,,,,,,5.896
VariableCost,VGB,GLOBAL,MINCOABOL,,,1,2049,,,,,,5.896
VariableCost,VGB,GLOBAL,MINCOABOL,,,1,2050,,,,,,5.896
VariableCost,VGB,GLOBAL,MINCOABRA,,,1,2023,,,,,,5.896
VariableCost,VGB,GLOBAL,MINCOABRA,,,1,2024,,,,,,5.896
VariableCost,VGB,GLOBAL,MINCOABRA,,,1,2025,,,,,,5.896
VariableCost,VGB,GLOBAL,MINCOABRA,,,1,2026,,,,,,5.896
VariableCost,VGB,GLOBAL,MINCOABRA,,,1,2027,,,,,,5.896
VariableCost,VGB,GLOBAL,MINCOABRA,,,1,2028,,,,,,5.896
VariableCost,VGB,GLOBAL,MINCOABRA,,,1,2029,,,,,,5.896
VariableCost,VGB,GLOBAL,MINCOABRA,,,1,2030,,,,,,5.896
VariableCost,VGB,GLOBAL,MINCOABRA,,,1,2031,,,,,,5.896
VariableCost,VGB,GLOBAL,MINCOABRA,,,1,2032,,,,,,5.896
VariableCost,VGB,GLOBAL,MINCOABRA,,,1,2033,,,,,,5.896
VariableCost,VGB,GLOBAL,MINCOABRA,,,1,2034,,,,,,5.896
VariableCost,VGB,GLOBAL,MINCOABRA,,,1,2035,,,,,,5.896
VariableCost,VGB,GLOBAL,MINCOABRA,,,1,2036,,,,,,5.896
VariableCost,VGB,GLOBAL,MINCOABRA,,,1,2037,,,,,,5.896
VariableCost,VGB,GLOBAL,MINCOABRA,,,1,2038,,,,,,5.896
VariableCost,VGB,GLOBAL,MINCOABRA,,,1,2039,,,,,,5.896
VariableCost,VGB,GLOBAL,MINCOABRA,,,1,2040,,,,,,5.896
VariableCost,VGB,GLOBAL,MINCOABRA,,,1,2041,,,,,,5.896
VariableCost,VGB,GLOBAL,MINCOABRA,,,1,2042,,,,,,5.896
VariableCost,VGB,GLOBAL,MINCOABRA,,,1,2043,,,,,,5.896
VariableCost,VGB,GLOBAL,MINCOABRA,,,1,2044,,,,,,5.896
VariableCost,VGB,GLOBAL,MINCOABRA,,,1,2045,,,,,,5.896
VariableCost,VGB,GLOBAL,MINCOABRA,,,1,2046,,,,,,5.896
VariableCost,VGB,GLOBAL,MINCOABRA,,,1,2047,,,,,,5.896
VariableCost,VGB,GLOBAL,MINCOABRA,,,1,2048,,,,,,5.896
VariableCost,VGB,GLOBAL,MINCOABRA,,,1,2049,,,,,,5.896
VariableCost,VGB,GLOBAL,MINCOABRA,,,1,2050,,,,,,5.896
VariableCost,VGB,GLOBAL,MINCOABRB,,,1,2023,,,,,,5.896
VariableCost,VGB,GLOBAL,MINCOABRB,,,1,2024,,,,,,5.896
VariableCost,VGB,GLOBAL,MINCOABRB,,,1,2025,,,,,,5.896
VariableCost,VGB,GLOBAL,MINCOABRB,,,1,2026,,,,,,5.896
VariableCost,VGB,GLOBAL,MINCOABRB,,,1,2027,,,,,,5.896
VariableCost,VGB,GLOBAL,MINCOABRB,,,1,2028,,,,,,5.896
VariableCost,VGB,GLOBAL,MINCOABRB,,,1,2029,,,,,,5.896
VariableCost,VGB,GLOBAL,MINCOABRB,,,1,2030,,,,,,5.896
VariableCost,VGB,GLOBAL,MINCOABRB,,,1,2031,,,,,,5.896
VariableCost,VGB,GLOBAL,MINCOABRB,,,1,2032,,,,,,5.896
VariableCost,VGB,GLOBAL,MINCOABRB,,,1,2033,,,,,,5.896
VariableCost,VGB,GLOBAL,MINCOABRB,,,1,2034,,,,,,5.896
VariableCost,VGB,GLOBAL,MINCOABRB,,,1,2035,,,,,,5.896
VariableCost,VGB,GLOBAL,MINCOABRB,,,1,2036,,,,,,5.896
VariableCost,VGB,GLOBAL,MINCOABRB,,,1,2037,,,,,,5.896
VariableCost,VGB,GLOBAL,MINCOABRB,,,1,2038,,,,,,5.896
VariableCost,VGB,GLOBAL,MINCOABRB,,,1,2039,,,,,,5.896
VariableCost,VGB,GLOBAL,MINCOABRB,,,1,2040,,,,,,5.896
VariableCost,VGB,GLOBAL,MINCOABRB,,,1,2041,,,,,,5.896
VariableCost,VGB,GLOBAL,MINCOABRB,,,1,2042,,,,,,5.896
VariableCost,VGB,GLOBAL,MINCOABRB,,,1,2043,,,,,,5.896
VariableCost,VGB,GLOBAL,MINCOABRB,,,1,2044,,,,,,5.896
VariableCost,VGB,GLOBAL,MINCOABRB,,,1,2045,,,,,,5.896
VariableCost,VGB,GLOBAL,MINCOABRB,,,1,2046,,,,,,5.896
VariableCost,VGB,GLOBAL,MINCOABRB,,,1,2047,,,,,,5.896
VariableCost,VGB,GLOBAL,MINCOABRB,,,1,2048,,,,,,5.896
VariableCost,VGB,GLOBAL,MINCOABRB,,,1,2049,,,,,,5.896
VariableCost,VGB,GLOBAL,MINCOABRB,,,1,2050,,,,,,5.896
VariableCost,VGB,GLOBAL,MINCOACHL,,,1,2023,,,,,,5.896
VariableCost,VGB,GLOBAL,MINCOACHL,,,1,2024,,,,,,5.896
VariableCost,VGB,GLOBAL,MINCOACHL,,,1,2025,,,,,,5.896
VariableCost,VGB,GLOBAL,MINCOACHL,,,1,2026,,,,,,5.896
VariableCost,VGB,GLOBAL,MINCOACHL,,,1,2027,,,,,,5.896
VariableCost,VGB,GLOBAL,MINCOACHL,,,1,2028,,,,,,5.896
VariableCost,VGB,GLOBAL,MINCOACHL,,,1,2029,,,,,,5.896
VariableCost,VGB,GLOBAL,MINCOACHL,,,1,2030,,,,,,5.896
VariableCost,VGB,GLOBAL,MINCOACHL,,,1,2031,,,,,,5.896
VariableCost,VGB,GLOBAL,MINCOACHL,,,1,2032,,,,,,5.896
VariableCost,VGB,GLOBAL,MINCOACHL,,,1,2033,,,,,,5.896
VariableCost,VGB,GLOBAL,MINCOACHL,,,1,2034,,,,,,5.896
VariableCost,VGB,GLOBAL,MINCOACHL,,,1,2035,,,,,,5.896
VariableCost,VGB,GLOBAL,MINCOACHL,,,1,2036,,,,,,5.896
VariableCost,VGB,GLOBAL,MINCOACHL,,,1,2037,,,,,,5.896
VariableCost,VGB,GLOBAL,MINCOACHL,,,1,2038,,,,,,5.896
VariableCost,VGB,GLOBAL,MINCOACHL,,,1,2039,,,,,,5.896
VariableCost,VGB,GLOBAL,MINCOACHL,,,1,2040,,,,,,5.896
VariableCost,VGB,GLOBAL,MINCOACHL,,,1,2041,,,,,,5.896
VariableCost,VGB,GLOBAL,MINCOACHL,,,1,2042,,,,,,5.896
VariableCost,VGB,GLOBAL,MINCOACHL,,,1,2043,,,,,,5.896
VariableCost,VGB,GLOBAL,MINCOACHL,,,1,2044,,,,,,5.896
VariableCost,VGB,GLOBAL,MINCOACHL,,,1,2045,,,,,,5.896
VariableCost,VGB,GLOBAL,MINCOACHL,,,1,2046,,,,,,5.896
VariableCost,VGB,GLOBAL,MINCOACHL,,,1,2047,,,,,,5.896
VariableCost,VGB,GLOBAL,MINCOACHL,,,1,2048,,,,,,5.896
VariableCost,VGB,GLOBAL,MINCOACHL,,,1,2049,,,,,,5.896
VariableCost,VGB,GLOBAL,MINCOACHL,,,1,2050,,,,,,5.896
VariableCost,VGB,GLOBAL,MINCOACOL,,,1,2023,,,,,,5.896
VariableCost,VGB,GLOBAL,MINCOACOL,,,1,2024,,,,,,5.896
VariableCost,VGB,GLOBAL,MINCOACOL,,,1,2025,,,,,,5.896
VariableCost,VGB,GLOBAL,MINCOACOL,,,1,2026,,,,,,5.896
VariableCost,VGB,GLOBAL,MINCOACOL,,,1,2027,,,,,,5.896
VariableCost,VGB,GLOBAL,MINCOACOL,,,1,2028,,,,,,5.896
VariableCost,VGB,GLOBAL,MINCOACOL,,,1,2029,,,,,,5.896
VariableCost,VGB,GLOBAL,MINCOACOL,,,1,2030,,,,,,5.896
VariableCost,VGB,GLOBAL,MINCOACOL,,,1,2031,,,,,,5.896
VariableCost,VGB,GLOBAL,MINCOACOL,,,1,2032,,,,,,5.896
VariableCost,VGB,GLOBAL,MINCOACOL,,,1,2033,,,,,,5.896
VariableCost,VGB,GLOBAL,MINCOACOL,,,1,2034,,,,,,5.896
VariableCost,VGB,GLOBAL,MINCOACOL,,,1,2035,,,,,,5.896
VariableCost,VGB,GLOBAL,MINCOACOL,,,1,2036,,,,,,5.896
VariableCost,VGB,GLOBAL,MINCOACOL,,,1,2037,,,,,,5.896
VariableCost,VGB,GLOBAL,MINCOACOL,,,1,2038,,,,,,5.896
VariableCost,VGB,GLOBAL,MINCOACOL,,,1,2039,,,,,,5.896
VariableCost,VGB,GLOBAL,MINCOACOL,,,1,2040,,,,,,5.896
VariableCost,VGB,GLOBAL,MINCOACOL,,,1,2041,,,,,,5.896
VariableCost,VGB,GLOBAL,MINCOACOL,,,1,2042,,,,,,5.896
VariableCost,VGB,GLOBAL,MINCOACOL,,,1,2043,,,,,,5.896
VariableCost,VGB,GLOBAL,MINCOACOL,,,1,2044,,,,,,5.896
VariableCost,VGB,GLOBAL,MINCOACOL,,,1,2045,,,,,,5.896
VariableCost,VGB,GLOBAL,MINCOACOL,,,1,2046,,,,,,5.896
VariableCost,VGB,GLOBAL,MINCOACOL,,,1,2047,,,,,,5.896
VariableCost,VGB,GLOBAL,MINCOACOL,,,1,2048,,,,,,5.896
VariableCost,VGB,GLOBAL,MINCOACOL,,,1,2049,,,,,,5.896
VariableCost,VGB,GLOBAL,MINCOACOL,,,1,2050,,,,,,5.896
VariableCost,VGB,GLOBAL,MINCOACRI,,,1,2023,,,,,,5.896
VariableCost,VGB,GLOBAL,MINCOACRI,,,1,2024,,,,,,5.896
VariableCost,VGB,GLOBAL,MINCOACRI,,,1,2025,,,,,,5.896
VariableCost,VGB,GLOBAL,MINCOACRI,,,1,2026,,,,,,5.896
VariableCost,VGB,GLOBAL,MINCOACRI,,,1,2027,,,,,,5.896
VariableCost,VGB,GLOBAL,MINCOACRI,,,1,2028,,,,,,5.896
VariableCost,VGB,GLOBAL,MINCOACRI,,,1,2029,,,,,,5.896
VariableCost,VGB,GLOBAL,MINCOACRI,,,1,2030,,,,,,5.896
VariableCost,VGB,GLOBAL,MINCOACRI,,,1,2031,,,,,,5.896
VariableCost,VGB,GLOBAL,MINCOACRI,,,1,2032,,,,,,5.896
VariableCost,VGB,GLOBAL,MINCOACRI,,,1,2033,,,,,,5.896
VariableCost,VGB,GLOBAL,MINCOACRI,,,1,2034,,,,,,5.896
VariableCost,VGB,GLOBAL,MINCOACRI,,,1,2035,,,,,,5.896
VariableCost,VGB,GLOBAL,MINCOACRI,,,1,2036,,,,,,5.896
VariableCost,VGB,GLOBAL,MINCOACRI,,,1,2037,,,,,,5.896
VariableCost,VGB,GLOBAL,MINCOACRI,,,1,2038,,,,,,5.896
VariableCost,VGB,GLOBAL,MINCOACRI,,,1,2039,,,,,,5.896
VariableCost,VGB,GLOBAL,MINCOACRI,,,1,2040,,,,,,5.896
VariableCost,VGB,GLOBAL,MINCOACRI,,,1,2041,,,,,,5.896
VariableCost,VGB,GLOBAL,MINCOACRI,,,1,2042,,,,,,5.896
VariableCost,VGB,GLOBAL,MINCOACRI,,,1,2043,,,,,,5.896
VariableCost,VGB,GLOBAL,MINCOACRI,,,1,2044,,,,,,5.896
VariableCost,VGB,GLOBAL,MINCOACRI,,,1,2045,,,,,,5.896
VariableCost,VGB,GLOBAL,MINCOACRI,,,1,2046,,,,,,5.896
VariableCost,VGB,GLOBAL,MINCOACRI,,,1,2047,,,,,,5.896
VariableCost,VGB,GLOBAL,MINCOACRI,,,1,2048,,,,,,5.896
VariableCost,VGB,GLOBAL,MINCOACRI,,,1,2049,,,,,,5.896
VariableCost,VGB,GLOBAL,MINCOACRI,,,1,2050,,,,,,5.896
VariableCost,VGB,GLOBAL,MINCOADOM,,,1,2023,,,,,,5.896
VariableCost,VGB,GLOBAL,MINCOADOM,,,1,2024,,,,,,5.896
VariableCost,VGB,GLOBAL,MINCOADOM,,,1,2025,,,,,,5.896
VariableCost,VGB,GLOBAL,MINCOADOM,,,1,2026,,,,,,5.896
VariableCost,VGB,GLOBAL,MINCOADOM,,,1,2027,,,,,,5.896
VariableCost,VGB,GLOBAL,MINCOADOM,,,1,2028,,,,,,5.896
VariableCost,VGB,GLOBAL,MINCOADOM,,,1,2029,,,,,,5.896
VariableCost,VGB,GLOBAL,MINCOADOM,,,1,2030,,,,,,5.896
VariableCost,VGB,GLOBAL,MINCOADOM,,,1,2031,,,,,,5.896
VariableCost,VGB,GLOBAL,MINCOADOM,,,1,2032,,,,,,5.896
VariableCost,VGB,GLOBAL,MINCOADOM,,,1,2033,,,,,,5.896
VariableCost,VGB,GLOBAL,MINCOADOM,,,1,2034,,,,,,5.896
VariableCost,VGB,GLOBAL,MINCOADOM,,,1,2035,,,,,,5.896
VariableCost,VGB,GLOBAL,MINCOADOM,,,1,2036,,,,,,5.896
VariableCost,VGB,GLOBAL,MINCOADOM,,,1,2037,,,,,,5.896
VariableCost,VGB,GLOBAL,MINCOADOM,,,1,2038,,,,,,5.896
VariableCost,VGB,GLOBAL,MINCOADOM,,,1,2039,,,,,,5.896
VariableCost,VGB,GLOBAL,MINCOADOM,,,1,2040,,,,,,5.896
VariableCost,VGB,GLOBAL,MINCOADOM,,,1,2041,,,,,,5.896
VariableCost,VGB,GLOBAL,MINCOADOM,,,1,2042,,,,,,5.896
VariableCost,VGB,GLOBAL,MINCOADOM,,,1,2043,,,,,,5.896
VariableCost,VGB,GLOBAL,MINCOADOM,,,1,2044,,,,,,5.896
VariableCost,VGB,GLOBAL,MINCOADOM,,,1,2045,,,,,,5.896
VariableCost,VGB,GLOBAL,MINCOADOM,,,1,2046,,,,,,5.896
VariableCost,VGB,GLOBAL,MINCOADOM,,,1,2047,,,,,,5.896
VariableCost,VGB,GLOBAL,MINCOADOM,,,1,2048,,,,,,5.896
VariableCost,VGB,GLOBAL,MINCOADOM,,,1,2049,,,,,,5.896
VariableCost,VGB,GLOBAL,MINCOADOM,,,1,2050,,,,,,5.896
VariableCost,VGB,GLOBAL,MINCOAECU,,,1,2023,,,,,,5.896
VariableCost,VGB,GLOBAL,MINCOAECU,,,1,2024,,,,,,5.896
VariableCost,VGB,GLOBAL,MINCOAECU,,,1,2025,,,,,,5.896
VariableCost,VGB,GLOBAL,MINCOAECU,,,1,2026,,,,,,5.896
VariableCost,VGB,GLOBAL,MINCOAECU,,,1,2027,,,,,,5.896
VariableCost,VGB,GLOBAL,MINCOAECU,,,1,2028,,,,,,5.896
VariableCost,VGB,GLOBAL,MINCOAECU,,,1,2029,,,,,,5.896
VariableCost,VGB,GLOBAL,MINCOAECU,,,1,2030,,,,,,5.896
VariableCost,VGB,GLOBAL,MINCOAECU,,,1,2031,,,,,,5.896
VariableCost,VGB,GLOBAL,MINCOAECU,,,1,2032,,,,,,5.896
VariableCost,VGB,GLOBAL,MINCOAECU,,,1,2033,,,,,,5.896
VariableCost,VGB,GLOBAL,MINCOAECU,,,1,2034,,,,,,5.896
VariableCost,VGB,GLOBAL,MINCOAECU,,,1,2035,,,,,,5.896
VariableCost,VGB,GLOBAL,MINCOAECU,,,1,2036,,,,,,5.896
VariableCost,VGB,GLOBAL,MINCOAECU,,,1,2037,,,,,,5.896
VariableCost,VGB,GLOBAL,MINCOAECU,,,1,2038,,,,,,5.896
VariableCost,VGB,GLOBAL,MINCOAECU,,,1,2039,,,,,,5.896
VariableCost,VGB,GLOBAL,MINCOAECU,,,1,2040,,,,,,5.896
VariableCost,VGB,GLOBAL,MINCOAECU,,,1,2041,,,,,,5.896
VariableCost,VGB,GLOBAL,MINCOAECU,,,1,2042,,,,,,5.896
VariableCost,VGB,GLOBAL,MINCOAECU,,,1,2043,,,,,,5.896
VariableCost,VGB,GLOBAL,MINCOAECU,,,1,2044,,,,,,5.896
VariableCost,VGB,GLOBAL,MINCOAECU,,,1,2045,,,,,,5.896
VariableCost,VGB,GLOBAL,MINCOAECU,,,1,2046,,,,,,5.896
VariableCost,VGB,GLOBAL,MINCOAECU,,,1,2047,,,,,,5.896
VariableCost,VGB,GLOBAL,MINCOAECU,,,1,2048,,,,,,5.896
VariableCost,VGB,GLOBAL,MINCOAECU,,,1,2049,,,,,,5.896
VariableCost,VGB,GLOBAL,MINCOAECU,,,1,2050,,,,,,5.896
VariableCost,VGB,GLOBAL,MINCOAGTM,,,1,2023,,,,,,5.896
VariableCost,VGB,GLOBAL,MINCOAGTM,,,1,2024,,,,,,5.896
VariableCost,VGB,GLOBAL,MINCOAGTM,,,1,2025,,,,,,5.896
VariableCost,VGB,GLOBAL,MINCOAGTM,,,1,2026,,,,,,5.896
VariableCost,VGB,GLOBAL,MINCOAGTM,,,1,2027,,,,,,5.896
VariableCost,VGB,GLOBAL,MINCOAGTM,,,1,2028,,,,,,5.896
VariableCost,VGB,GLOBAL,MINCOAGTM,,,1,2029,,,,,,5.896
VariableCost,VGB,GLOBAL,MINCOAGTM,,,1,2030,,,,,,5.896
VariableCost,VGB,GLOBAL,MINCOAGTM,,,1,2031,,,,,,5.896
VariableCost,VGB,GLOBAL,MINCOAGTM,,,1,2032,,,,,,5.896
VariableCost,VGB,GLOBAL,MINCOAGTM,,,1,2033,,,,,,5.896
VariableCost,VGB,GLOBAL,MINCOAGTM,,,1,2034,,,,,,5.896
VariableCost,VGB,GLOBAL,MINCOAGTM,,,1,2035,,,,,,5.896
VariableCost,VGB,GLOBAL,MINCOAGTM,,,1,2036,,,,,,5.896
VariableCost,VGB,GLOBAL,MINCOAGTM,,,1,2037,,,,,,5.896
VariableCost,VGB,GLOBAL,MINCOAGTM,,,1,2038,,,,,,5.896
VariableCost,VGB,GLOBAL,MINCOAGTM,,,1,2039,,,,,,5.896
VariableCost,VGB,GLOBAL,MINCOAGTM,,,1,2040,,,,,,5.896
VariableCost,VGB,GLOBAL,MINCOAGTM,,,1,2041,,,,,,5.896
VariableCost,VGB,GLOBAL,MINCOAGTM,,,1,2042,,,,,,5.896
VariableCost,VGB,GLOBAL,MINCOAGTM,,,1,2043,,,,,,5.896
VariableCost,VGB,GLOBAL,MINCOAGTM,,,1,2044,,,,,,5.896
VariableCost,VGB,GLOBAL,MINCOAGTM,,,1,2045,,,,,,5.896
VariableCost,VGB,GLOBAL,MINCOAGTM,,,1,2046,,,,,,5.896
VariableCost,VGB,GLOBAL,MINCOAGTM,,,1,2047,,,,,,5.896
VariableCost,VGB,GLOBAL,MINCOAGTM,,,1,2048,,,,,,5.896
VariableCost,VGB,GLOBAL,MINCOAGTM,,,1,2049,,,,,,5.896
VariableCost,VGB,GLOBAL,MINCOAGTM,,,1,2050,,,,,,5.896
VariableCost,VGB,GLOBAL,MINCOAHND,,,1,2023,,,,,,5.896
VariableCost,VGB,GLOBAL,MINCOAHND,,,1,2024,,,,,,5.896
VariableCost,VGB,GLOBAL,MINCOAHND,,,1,2025,,,,,,5.896
VariableCost,VGB,GLOBAL,MINCOAHND,,,1,2026,,,,,,5.896
VariableCost,VGB,GLOBAL,MINCOAHND,,,1,2027,,,,,,5.896
VariableCost,VGB,GLOBAL,MINCOAHND,,,1,2028,,,,,,5.896
VariableCost,VGB,GLOBAL,MINCOAHND,,,1,2029,,,,,,5.896
VariableCost,VGB,GLOBAL,MINCOAHND,,,1,2030,,,,,,5.896
VariableCost,VGB,GLOBAL,MINCOAHND,,,1,2031,,,,,,5.896
VariableCost,VGB,GLOBAL,MINCOAHND,,,1,2032,,,,,,5.896
VariableCost,VGB,GLOBAL,MINCOAHND,,,1,2033,,,,,,5.896
VariableCost,VGB,GLOBAL,MINCOAHND,,,1,2034,,,,,,5.896
VariableCost,VGB,GLOBAL,MINCOAHND,,,1,2035,,,,,,5.896
VariableCost,VGB,GLOBAL,MINCOAHND,,,1,2036,,,,,,5.896
VariableCost,VGB,GLOBAL,MINCOAHND,,,1,2037,,,,,,5.896
VariableCost,VGB,GLOBAL,MINCOAHND,,,1,2038,,,,,,5.896
VariableCost,VGB,GLOBAL,MINCOAHND,,,1,2039,,,,,,5.896
VariableCost,VGB,GLOBAL,MINCOAHND,,,1,2040,,,,,,5.896
VariableCost,VGB,GLOBAL,MINCOAHND,,,1,2041,,,,,,5.896
VariableCost,VGB,GLOBAL,MINCOAHND,,,1,2042,,,,,,5.896
VariableCost,VGB,GLOBAL,MINCOAHND,,,1,2043,,,,,,5.896
VariableCost,VGB,GLOBAL,MINCOAHND,,,1,2044,,,,,,5.896
VariableCost,VGB,GLOBAL,MINCOAHND,,,1,2045,,,,,,5.896
VariableCost,VGB,GLOBAL,MINCOAHND,,,1,2046,,,,,,5.896
VariableCost,VGB,GLOBAL,MINCOAHND,,,1,2047,,,,,,5.896
VariableCost,VGB,GLOBAL,MINCOAHND,,,1,2048,,,,,,5.896
VariableCost,VGB,GLOBAL,MINCOAHND,,,1,2049,,,,,,5.896
VariableCost,VGB,GLOBAL,MINCOAHND,,,1,2050,,,,,,5.896
VariableCost,VGB,GLOBAL,MINCOAHTI,,,1,2023,,,,,,5.896
VariableCost,VGB,GLOBAL,MINCOAHTI,,,1,2024,,,,,,5.896
VariableCost,VGB,GLOBAL,MINCOAHTI,,,1,2025,,,,,,5.896
VariableCost,VGB,GLOBAL,MINCOAHTI,,,1,2026,,,,,,5.896
VariableCost,VGB,GLOBAL,MINCOAHTI,,,1,2027,,,,,,5.896
VariableCost,VGB,GLOBAL,MINCOAHTI,,,1,2028,,,,,,5.896
VariableCost,VGB,GLOBAL,MINCOAHTI,,,1,2029,,,,,,5.896
VariableCost,VGB,GLOBAL,MINCOAHTI,,,1,2030,,,,,,5.896
VariableCost,VGB,GLOBAL,MINCOAHTI,,,1,2031,,,,,,5.896
VariableCost,VGB,GLOBAL,MINCOAHTI,,,1,2032,,,,,,5.896
VariableCost,VGB,GLOBAL,MINCOAHTI,,,1,2033,,,,,,5.896
VariableCost,VGB,GLOBAL,MINCOAHTI,,,1,2034,,,,,,5.896
VariableCost,VGB,GLOBAL,MINCOAHTI,,,1,2035,,,,,,5.896
VariableCost,VGB,GLOBAL,MINCOAHTI,,,1,2036,,,,,,5.896
VariableCost,VGB,GLOBAL,MINCOAHTI,,,1,2037,,,,,,5.896
VariableCost,VGB,GLOBAL,MINCOAHTI,,,1,2038,,,,,,5.896
VariableCost,VGB,GLOBAL,MINCOAHTI,,,1,2039,,,,,,5.896
VariableCost,VGB,GLOBAL,MINCOAHTI,,,1,2040,,,,,,5.896
VariableCost,VGB,GLOBAL,MINCOAHTI,,,1,2041,,,,,,5.896
VariableCost,VGB,GLOBAL,MINCOAHTI,,,1,2042,,,,,,5.896
VariableCost,VGB,GLOBAL,MINCOAHTI,,,1,2043,,,,,,5.896
VariableCost,VGB,GLOBAL,MINCOAHTI,,,1,2044,,,,,,5.896
VariableCost,VGB,GLOBAL,MINCOAHTI,,,1,2045,,,,,,5.896
VariableCost,VGB,GLOBAL,MINCOAHTI,,,1,2046,,,,,,5.896
VariableCost,VGB,GLOBAL,MINCOAHTI,,,1,2047,,,,,,5.896
VariableCost,VGB,GLOBAL,MINCOAHTI,,,1,2048,,,,,,5.896
VariableCost,VGB,GLOBAL,MINCOAHTI,,,1,2049,,,,,,5.896
VariableCost,VGB,GLOBAL,MINCOAHTI,,,1,2050,,,,,,5.896
VariableCost,VGB,GLOBAL,MINCOAINT,,,1,2023,,,,,,7.664
VariableCost,VGB,GLOBAL,MINCOAINT,,,1,2024,,,,,,7.664
VariableCost,VGB,GLOBAL,MINCOAINT,,,1,2025,,,,,,7.664
VariableCost,VGB,GLOBAL,MINCOAINT,,,1,2026,,,,,,7.664
VariableCost,VGB,GLOBAL,MINCOAINT,,,1,2027,,,,,,7.664
VariableCost,VGB,GLOBAL,MINCOAINT,,,1,2028,,,,,,7.664
VariableCost,VGB,GLOBAL,MINCOAINT,,,1,2029,,,,,,7.664
VariableCost,VGB,GLOBAL,MINCOAINT,,,1,2030,,,,,,7.664
VariableCost,VGB,GLOBAL,MINCOAINT,,,1,2031,,,,,,7.664
VariableCost,VGB,GLOBAL,MINCOAINT,,,1,2032,,,,,,7.664
VariableCost,VGB,GLOBAL,MINCOAINT,,,1,2033,,,,,,7.664
VariableCost,VGB,GLOBAL,MINCOAINT,,,1,2034,,,,,,7.664
VariableCost,VGB,GLOBAL,MINCOAINT,,,1,2035,,,,,,7.664
VariableCost,VGB,GLOBAL,MINCOAINT,,,1,2036,,,,,,7.664
VariableCost,VGB,GLOBAL,MINCOAINT,,,1,2037,,,,,,7.664
VariableCost,VGB,GLOBAL,MINCOAINT,,,1,2038,,,,,,7.664
VariableCost,VGB,GLOBAL,MINCOAINT,,,1,2039,,,,,,7.664
VariableCost,VGB,GLOBAL,MINCOAINT,,,1,2040,,,,,,7.664
VariableCost,VGB,GLOBAL,MINCOAINT,,,1,2041,,,,,,7.664
VariableCost,VGB,GLOBAL,MINCOAINT,,,1,2042,,,,,,7.664
VariableCost,VGB,GLOBAL,MINCOAINT,,,1,2043,,,,,,7.664
VariableCost,VGB,GLOBAL,MINCOAINT,,,1,2044,,,,,,7.664
VariableCost,VGB,GLOBAL,MINCOAINT,,,1,2045,,,,,,7.664
VariableCost,VGB,GLOBAL,MINCOAINT,,,1,2046,,,,,,7.664
VariableCost,VGB,GLOBAL,MINCOAINT,,,1,2047,,,,,,7.664
VariableCost,VGB,GLOBAL,MINCOAINT,,,1,2048,,,,,,7.664
VariableCost,VGB,GLOBAL,MINCOAINT,,,1,2049,,,,,,7.664
VariableCost,VGB,GLOBAL,MINCOAINT,,,1,2050,,,,,,7.664
VariableCost,VGB,GLOBAL,MINCOAMEX,,,1,2023,,,,,,5.896
VariableCost,VGB,GLOBAL,MINCOAMEX,,,1,2024,,,,,,5.896
VariableCost,VGB,GLOBAL,MINCOAMEX,,,1,2025,,,,,,5.896
VariableCost,VGB,GLOBAL,MINCOAMEX,,,1,2026,,,,,,5.896
VariableCost,VGB,GLOBAL,MINCOAMEX,,,1,2027,,,,,,5.896
VariableCost,VGB,GLOBAL,MINCOAMEX,,,1,2028,,,,,,5.896
VariableCost,VGB,GLOBAL,MINCOAMEX,,,1,2029,,,,,,5.896
VariableCost,VGB,GLOBAL,MINCOAMEX,,,1,2030,,,,,,5.896
VariableCost,VGB,GLOBAL,MINCOAMEX,,,1,2031,,,,,,5.896
VariableCost,VGB,GLOBAL,MINCOAMEX,,,1,2032,,,,,,5.896
VariableCost,VGB,GLOBAL,MINCOAMEX,,,1,2033,,,,,,5.896
VariableCost,VGB,GLOBAL,MINCOAMEX,,,1,2034,,,,,,5.896
VariableCost,VGB,GLOBAL,MINCOAMEX,,,1,2035,,,,,,5.896
VariableCost,VGB,GLOBAL,MINCOAMEX,,,1,2036,,,,,,5.896
VariableCost,VGB,GLOBAL,MINCOAMEX,,,1,2037,,,,,,5.896
VariableCost,VGB,GLOBAL,MINCOAMEX,,,1,2038,,,,,,5.896
VariableCost,VGB,GLOBAL,MINCOAMEX,,,1,2039,,,,,,5.896
VariableCost,VGB,GLOBAL,MINCOAMEX,,,1,2040,,,,,,5.896
VariableCost,VGB,GLOBAL,MINCOAMEX,,,1,2041,,,,,,5.896
VariableCost,VGB,GLOBAL,MINCOAMEX,,,1,2042,,,,,,5.896
VariableCost,VGB,GLOBAL,MINCOAMEX,,,1,2043,,,,,,5.896
VariableCost,VGB,GLOBAL,MINCOAMEX,,,1,2044,,,,,,5.896
VariableCost,VGB,GLOBAL,MINCOAMEX,,,1,2045,,,,,,5.896
VariableCost,VGB,GLOBAL,MINCOAMEX,,,1,2046,,,,,,5.896
VariableCost,VGB,GLOBAL,MINCOAMEX,,,1,2047,,,,,,5.896
VariableCost,VGB,GLOBAL,MINCOAMEX,,,1,2048,,,,,,5.896
VariableCost,VGB,GLOBAL,MINCOAMEX,,,1,2049,,,,,,5.896
VariableCost,VGB,GLOBAL,MINCOAMEX,,,1,2050,,,,,,5.896
VariableCost,VGB,GLOBAL,MINCOANIC,,,1,2023,,,,,,5.896
VariableCost,VGB,GLOBAL,MINCOANIC,,,1,2024,,,,,,5.896
VariableCost,VGB,GLOBAL,MINCOANIC,,,1,2025,,,,,,5.896
VariableCost,VGB,GLOBAL,MINCOANIC,,,1,2026,,,,,,5.896
VariableCost,VGB,GLOBAL,MINCOANIC,,,1,2027,,,,,,5.896
VariableCost,VGB,GLOBAL,MINCOANIC,,,1,2028,,,,,,5.896
VariableCost,VGB,GLOBAL,MINCOANIC,,,1,2029,,,,,,5.896
VariableCost,VGB,GLOBAL,MINCOANIC,,,1,2030,,,,,,5.896
VariableCost,VGB,GLOBAL,MINCOANIC,,,1,2031,,,,,,5.896
VariableCost,VGB,GLOBAL,MINCOANIC,,,1,2032,,,,,,5.896
VariableCost,VGB,GLOBAL,MINCOANIC,,,1,2033,,,,,,5.896
VariableCost,VGB,GLOBAL,MINCOANIC,,,1,2034,,,,,,5.896
VariableCost,VGB,GLOBAL,MINCOANIC,,,1,2035,,,,,,5.896
VariableCost,VGB,GLOBAL,MINCOANIC,,,1,2036,,,,,,5.896
VariableCost,VGB,GLOBAL,MINCOANIC,,,1,2037,,,,,,5.896
VariableCost,VGB,GLOBAL,MINCOANIC,,,1,2038,,,,,,5.896
VariableCost,VGB,GLOBAL,MINCOANIC,,,1,2039,,,,,,5.896
VariableCost,VGB,GLOBAL,MINCOANIC,,,1,2040,,,,,,5.896
VariableCost,VGB,GLOBAL,MINCOANIC,,,1,2041,,,,,,5.896
VariableCost,VGB,GLOBAL,MINCOANIC,,,1,2042,,,,,,5.896
VariableCost,VGB,GLOBAL,MINCOANIC,,,1,2043,,,,,,5.896
VariableCost,VGB,GLOBAL,MINCOANIC,,,1,2044,,,,,,5.896
VariableCost,VGB,GLOBAL,MINCOANIC,,,1,2045,,,,,,5.896
VariableCost,VGB,GLOBAL,MINCOANIC,,,1,2046,,,,,,5.896
VariableCost,VGB,GLOBAL,MINCOANIC,,,1,2047,,,,,,5.896
VariableCost,VGB,GLOBAL,MINCOANIC,,,1,2048,,,,,,5.896
VariableCost,VGB,GLOBAL,MINCOANIC,,,1,2049,,,,,,5.896
VariableCost,VGB,GLOBAL,MINCOANIC,,,1,2050,,,,,,5.896
VariableCost,VGB,GLOBAL,MINCOAPAN,,,1,2023,,,,,,5.896
VariableCost,VGB,GLOBAL,MINCOAPAN,,,1,2024,,,,,,5.896
VariableCost,VGB,GLOBAL,MINCOAPAN,,,1,2025,,,,,,5.896
VariableCost,VGB,GLOBAL,MINCOAPAN,,,1,2026,,,,,,5.896
VariableCost,VGB,GLOBAL,MINCOAPAN,,,1,2027,,,,,,5.896
VariableCost,VGB,GLOBAL,MINCOAPAN,,,1,2028,,,,,,5.896
VariableCost,VGB,GLOBAL,MINCOAPAN,,,1,2029,,,,,,5.896
VariableCost,VGB,GLOBAL,MINCOAPAN,,,1,2030,,,,,,5.896
VariableCost,VGB,GLOBAL,MINCOAPAN,,,1,2031,,,,,,5.896
VariableCost,VGB,GLOBAL,MINCOAPAN,,,1,2032,,,,,,5.896
VariableCost,VGB,GLOBAL,MINCOAPAN,,,1,2033,,,,,,5.896
VariableCost,VGB,GLOBAL,MINCOAPAN,,,1,2034,,,,,,5.896
VariableCost,VGB,GLOBAL,MINCOAPAN,,,1,2035,,,,,,5.896
VariableCost,VGB,GLOBAL,MINCOAPAN,,,1,2036,,,,,,5.896
VariableCost,VGB,GLOBAL,MINCOAPAN,,,1,2037,,,,,,5.896
VariableCost,VGB,GLOBAL,MINCOAPAN,,,1,2038,,,,,,5.896
VariableCost,VGB,GLOBAL,MINCOAPAN,,,1,2039,,,,,,5.896
VariableCost,VGB,GLOBAL,MINCOAPAN,,,1,2040,,,,,,5.896
VariableCost,VGB,GLOBAL,MINCOAPAN,,,1,2041,,,,,,5.896
VariableCost,VGB,GLOBAL,MINCOAPAN,,,1,2042,,,,,,5.896
VariableCost,VGB,GLOBAL,MINCOAPAN,,,1,2043,,,,,,5.896
VariableCost,VGB,GLOBAL,MINCOAPAN,,,1,2044,,,,,,5.896
VariableCost,VGB,GLOBAL,MINCOAPAN,,,1,2045,,,,,,5.896
VariableCost,VGB,GLOBAL,MINCOAPAN,,,1,2046,,,,,,5.896
VariableCost,VGB,GLOBAL,MINCOAPAN,,,1,2047,,,,,,5.896
VariableCost,VGB,GLOBAL,MINCOAPAN,,,1,2048,,,,,,5.896
VariableCost,VGB,GLOBAL,MINCOAPAN,,,1,2049,,,,,,5.896
VariableCost,VGB,GLOBAL,MINCOAPAN,,,1,2050,,,,,,5.896
VariableCost,VGB,GLOBAL,MINCOAPER,,,1,2023,,,,,,5.896
VariableCost,VGB,GLOBAL,MINCOAPER,,,1,2024,,,,,,5.896
VariableCost,VGB,GLOBAL,MINCOAPER,,,1,2025,,,,,,5.896
VariableCost,VGB,GLOBAL,MINCOAPER,,,1,2026,,,,,,5.896
VariableCost,VGB,GLOBAL,MINCOAPER,,,1,2027,,,,,,5.896
VariableCost,VGB,GLOBAL,MINCOAPER,,,1,2028,,,,,,5.896
VariableCost,VGB,GLOBAL,MINCOAPER,,,1,2029,,,,,,5.896
VariableCost,VGB,GLOBAL,MINCOAPER,,,1,2030,,,,,,5.896
VariableCost,VGB,GLOBAL,MINCOAPER,,,1,2031,,,,,,5.896
VariableCost,VGB,GLOBAL,MINCOAPER,,,1,2032,,,,,,5.896
VariableCost,VGB,GLOBAL,MINCOAPER,,,1,2033,,,,,,5.896
VariableCost,VGB,GLOBAL,MINCOAPER,,,1,2034,,,,,,5.896
VariableCost,VGB,GLOBAL,MINCOAPER,,,1,2035,,,,,,5.896
VariableCost,VGB,GLOBAL,MINCOAPER,,,1,2036,,,,,,5.896
VariableCost,VGB,GLOBAL,MINCOAPER,,,1,2037,,,,,,5.896
VariableCost,VGB,GLOBAL,MINCOAPER,,,1,2038,,,,,,5.896
VariableCost,VGB,GLOBAL,MINCOAPER,,,1,2039,,,,,,5.896
VariableCost,VGB,GLOBAL,MINCOAPER,,,1,2040,,,,,,5.896
VariableCost,VGB,GLOBAL,MINCOAPER,,,1,2041,,,,,,5.896
VariableCost,VGB,GLOBAL,MINCOAPER,,,1,2042,,,,,,5.896
VariableCost,VGB,GLOBAL,MINCOAPER,,,1,2043,,,,,,5.896
VariableCost,VGB,GLOBAL,MINCOAPER,,,1,2044,,,,,,5.896
VariableCost,VGB,GLOBAL,MINCOAPER,,,1,2045,,,,,,5.896
VariableCost,VGB,GLOBAL,MINCOAPER,,,1,2046,,,,,,5.896
VariableCost,VGB,GLOBAL,MINCOAPER,,,1,2047,,,,,,5.896
VariableCost,VGB,GLOBAL,MINCOAPER,,,1,2048,,,,,,5.896
VariableCost,VGB,GLOBAL,MINCOAPER,,,1,2049,,,,,,5.896
VariableCost,VGB,GLOBAL,MINCOAPER,,,1,2050,,,,,,5.896
VariableCost,VGB,GLOBAL,MINCOAPRY,,,1,2023,,,,,,5.896
VariableCost,VGB,GLOBAL,MINCOAPRY,,,1,2024,,,,,,5.896
VariableCost,VGB,GLOBAL,MINCOAPRY,,,1,2025,,,,,,5.896
VariableCost,VGB,GLOBAL,MINCOAPRY,,,1,2026,,,,,,5.896
VariableCost,VGB,GLOBAL,MINCOAPRY,,,1,2027,,,,,,5.896
VariableCost,VGB,GLOBAL,MINCOAPRY,,,1,2028,,,,,,5.896
VariableCost,VGB,GLOBAL,MINCOAPRY,,,1,2029,,,,,,5.896
VariableCost,VGB,GLOBAL,MINCOAPRY,,,1,2030,,,,,,5.896
VariableCost,VGB,GLOBAL,MINCOAPRY,,,1,2031,,,,,,5.896
VariableCost,VGB,GLOBAL,MINCOAPRY,,,1,2032,,,,,,5.896
VariableCost,VGB,GLOBAL,MINCOAPRY,,,1,2033,,,,,,5.896
VariableCost,VGB,GLOBAL,MINCOAPRY,,,1,2034,,,,,,5.896
VariableCost,VGB,GLOBAL,MINCOAPRY,,,1,2035,,,,,,5.896
VariableCost,VGB,GLOBAL,MINCOAPRY,,,1,2036,,,,,,5.896
VariableCost,VGB,GLOBAL,MINCOAPRY,,,1,2037,,,,,,5.896
VariableCost,VGB,GLOBAL,MINCOAPRY,,,1,2038,,,,,,5.896
VariableCost,VGB,GLOBAL,MINCOAPRY,,,1,2039,,,,,,5.896
VariableCost,VGB,GLOBAL,MINCOAPRY,,,1,2040,,,,,,5.896
VariableCost,VGB,GLOBAL,MINCOAPRY,,,1,2041,,,,,,5.896
VariableCost,VGB,GLOBAL,MINCOAPRY,,,1,2042,,,,,,5.896
VariableCost,VGB,GLOBAL,MINCOAPRY,,,1,2043,,,,,,5.896
VariableCost,VGB,GLOBAL,MINCOAPRY,,,1,2044,,,,,,5.896
VariableCost,VGB,GLOBAL,MINCOAPRY,,,1,2045,,,,,,5.896
VariableCost,VGB,GLOBAL,MINCOAPRY,,,1,2046,,,,,,5.896
VariableCost,VGB,GLOBAL,MINCOAPRY,,,1,2047,,,,,,5.896
VariableCost,VGB,GLOBAL,MINCOAPRY,,,1,2048,,,,,,5.896
VariableCost,VGB,GLOBAL,MINCOAPRY,,,1,2049,,,,,,5.896
VariableCost,VGB,GLOBAL,MINCOAPRY,,,1,2050,,,,,,5.896
VariableCost,VGB,GLOBAL,MINCOASLV,,,1,2023,,,,,,5.896
VariableCost,VGB,GLOBAL,MINCOASLV,,,1,2024,,,,,,5.896
VariableCost,VGB,GLOBAL,MINCOASLV,,,1,2025,,,,,,5.896
VariableCost,VGB,GLOBAL,MINCOASLV,,,1,2026,,,,,,5.896
VariableCost,VGB,GLOBAL,MINCOASLV,,,1,2027,,,,,,5.896
VariableCost,VGB,GLOBAL,MINCOASLV,,,1,2028,,,,,,5.896
VariableCost,VGB,GLOBAL,MINCOASLV,,,1,2029,,,,,,5.896
VariableCost,VGB,GLOBAL,MINCOASLV,,,1,2030,,,,,,5.896
VariableCost,VGB,GLOBAL,MINCOASLV,,,1,2031,,,,,,5.896
VariableCost,VGB,GLOBAL,MINCOASLV,,,1,2032,,,,,,5.896
VariableCost,VGB,GLOBAL,MINCOASLV,,,1,2033,,,,,,5.896
VariableCost,VGB,GLOBAL,MINCOASLV,,,1,2034,,,,,,5.896
VariableCost,VGB,GLOBAL,MINCOASLV,,,1,2035,,,,,,5.896
VariableCost,VGB,GLOBAL,MINCOASLV,,,1,2036,,,,,,5.896
VariableCost,VGB,GLOBAL,MINCOASLV,,,1,2037,,,,,,5.896
VariableCost,VGB,GLOBAL,MINCOASLV,,,1,2038,,,,,,5.896
VariableCost,VGB,GLOBAL,MINCOASLV,,,1,2039,,,,,,5.896
VariableCost,VGB,GLOBAL,MINCOASLV,,,1,2040,,,,,,5.896
VariableCost,VGB,GLOBAL,MINCOASLV,,,1,2041,,,,,,5.896
VariableCost,VGB,GLOBAL,MINCOASLV,,,1,2042,,,,,,5.896
VariableCost,VGB,GLOBAL,MINCOASLV,,,1,2043,,,,,,5.896
VariableCost,VGB,GLOBAL,MINCOASLV,,,1,2044,,,,,,5.896
VariableCost,VGB,GLOBAL,MINCOASLV,,,1,2045,,,,,,5.896
VariableCost,VGB,GLOBAL,MINCOASLV,,,1,2046,,,,,,5.896
VariableCost,VGB,GLOBAL,MINCOASLV,,,1,2047,,,,,,5.896
VariableCost,VGB,GLOBAL,MINCOASLV,,,1,2048,,,,,,5.896
VariableCost,VGB,GLOBAL,MINCOASLV,,,1,2049,,,,,,5.896
VariableCost,VGB,GLOBAL,MINCOASLV,,,1,2050,,,,,,5.896
VariableCost,VGB,GLOBAL,MINCOAURY,,,1,2023,,,,,,5.896
VariableCost,VGB,GLOBAL,MINCOAURY,,,1,2024,,,,,,5.896
VariableCost,VGB,GLOBAL,MINCOAURY,,,1,2025,,,,,,5.896
VariableCost,VGB,GLOBAL,MINCOAURY,,,1,2026,,,,,,5.896
VariableCost,VGB,GLOBAL,MINCOAURY,,,1,2027,,,,,,5.896
VariableCost,VGB,GLOBAL,MINCOAURY,,,1,2028,,,,,,5.896
VariableCost,VGB,GLOBAL,MINCOAURY,,,1,2029,,,,,,5.896
VariableCost,VGB,GLOBAL,MINCOAURY,,,1,2030,,,,,,5.896
VariableCost,VGB,GLOBAL,MINCOAURY,,,1,2031,,,,,,5.896
VariableCost,VGB,GLOBAL,MINCOAURY,,,1,2032,,,,,,5.896
VariableCost,VGB,GLOBAL,MINCOAURY,,,1,2033,,,,,,5.896
VariableCost,VGB,GLOBAL,MINCOAURY,,,1,2034,,,,,,5.896
VariableCost,VGB,GLOBAL,MINCOAURY,,,1,2035,,,,,,5.896
VariableCost,VGB,GLOBAL,MINCOAURY,,,1,2036,,,,,,5.896
VariableCost,VGB,GLOBAL,MINCOAURY,,,1,2037,,,,,,5.896
VariableCost,VGB,GLOBAL,MINCOAURY,,,1,2038,,,,,,5.896
VariableCost,VGB,GLOBAL,MINCOAURY,,,1,2039,,,,,,5.896
VariableCost,VGB,GLOBAL,MINCOAURY,,,1,2040,,,,,,5.896
VariableCost,VGB,GLOBAL,MINCOAURY,,,1,2041,,,,,,5.896
VariableCost,VGB,GLOBAL,MINCOAURY,,,1,2042,,,,,,5.896
VariableCost,VGB,GLOBAL,MINCOAURY,,,1,2043,,,,,,5.896
VariableCost,VGB,GLOBAL,MINCOAURY,,,1,2044,,,,,,5.896
VariableCost,VGB,GLOBAL,MINCOAURY,,,1,2045,,,,,,5.896
VariableCost,VGB,GLOBAL,MINCOAURY,,,1,2046,,,,,,5.896
VariableCost,VGB,GLOBAL,MINCOAURY,,,1,2047,,,,,,5.896
VariableCost,VGB,GLOBAL,MINCOAURY,,,1,2048,,,,,,5.896
VariableCost,VGB,GLOBAL,MINCOAURY,,,1,2049,,,,,,5.896
VariableCost,VGB,GLOBAL,MINCOAURY,,,1,2050,,,,,,5.896
VariableCost,VGB,GLOBAL,MINCOGARG,,,1,2023,,,,,,9.478
VariableCost,VGB,GLOBAL,MINCOGARG,,,1,2024,,,,,,9.478
VariableCost,VGB,GLOBAL,MINCOGARG,,,1,2025,,,,,,9.478
VariableCost,VGB,GLOBAL,MINCOGARG,,,1,2026,,,,,,9.478
VariableCost,VGB,GLOBAL,MINCOGARG,,,1,2027,,,,,,9.478
VariableCost,VGB,GLOBAL,MINCOGARG,,,1,2028,,,,,,9.478
VariableCost,VGB,GLOBAL,MINCOGARG,,,1,2029,,,,,,9.478
VariableCost,VGB,GLOBAL,MINCOGARG,,,1,2030,,,,,,9.478
VariableCost,VGB,GLOBAL,MINCOGARG,,,1,2031,,,,,,9.478
VariableCost,VGB,GLOBAL,MINCOGARG,,,1,2032,,,,,,9.478
VariableCost,VGB,GLOBAL,MINCOGARG,,,1,2033,,,,,,9.478
VariableCost,VGB,GLOBAL,MINCOGARG,,,1,2034,,,,,,9.478
VariableCost,VGB,GLOBAL,MINCOGARG,,,1,2035,,,,,,9.478
VariableCost,VGB,GLOBAL,MINCOGARG,,,1,2036,,,,,,9.478
VariableCost,VGB,GLOBAL,MINCOGARG,,,1,2037,,,,,,9.478
VariableCost,VGB,GLOBAL,MINCOGARG,,,1,2038,,,,,,9.478
VariableCost,VGB,GLOBAL,MINCOGARG,,,1,2039,,,,,,9.478
VariableCost,VGB,GLOBAL,MINCOGARG,,,1,2040,,,,,,9.478
VariableCost,VGB,GLOBAL,MINCOGARG,,,1,2041,,,,,,9.478
VariableCost,VGB,GLOBAL,MINCOGARG,,,1,2042,,,,,,9.478
VariableCost,VGB,GLOBAL,MINCOGARG,,,1,2043,,,,,,9.478
VariableCost,VGB,GLOBAL,MINCOGARG,,,1,2044,,,,,,9.478
VariableCost,VGB,GLOBAL,MINCOGARG,,,1,2045,,,,,,9.478
VariableCost,VGB,GLOBAL,MINCOGARG,,,1,2046,,,,,,9.478
VariableCost,VGB,GLOBAL,MINCOGARG,,,1,2047,,,,,,9.478
VariableCost,VGB,GLOBAL,MINCOGARG,,,1,2048,,,,,,9.478
VariableCost,VGB,GLOBAL,MINCOGARG,,,1,2049,,,,,,9.478
VariableCost,VGB,GLOBAL,MINCOGARG,,,1,2050,,,,,,9.478
VariableCost,VGB,GLOBAL,MINCOGBOL,,,1,2023,,,,,,9.478
VariableCost,VGB,GLOBAL,MINCOGBOL,,,1,2024,,,,,,9.478
VariableCost,VGB,GLOBAL,MINCOGBOL,,,1,2025,,,,,,9.478
VariableCost,VGB,GLOBAL,MINCOGBOL,,,1,2026,,,,,,9.478
VariableCost,VGB,GLOBAL,MINCOGBOL,,,1,2027,,,,,,9.478
VariableCost,VGB,GLOBAL,MINCOGBOL,,,1,2028,,,,,,9.478
VariableCost,VGB,GLOBAL,MINCOGBOL,,,1,2029,,,,,,9.478
VariableCost,VGB,GLOBAL,MINCOGBOL,,,1,2030,,,,,,9.478
VariableCost,VGB,GLOBAL,MINCOGBOL,,,1,2031,,,,,,9.478
VariableCost,VGB,GLOBAL,MINCOGBOL,,,1,2032,,,,,,9.478
VariableCost,VGB,GLOBAL,MINCOGBOL,,,1,2033,,,,,,9.478
VariableCost,VGB,GLOBAL,MINCOGBOL,,,1,2034,,,,,,9.478
VariableCost,VGB,GLOBAL,MINCOGBOL,,,1,2035,,,,,,9.478
VariableCost,VGB,GLOBAL,MINCOGBOL,,,1,2036,,,,,,9.478
VariableCost,VGB,GLOBAL,MINCOGBOL,,,1,2037,,,,,,9.478
VariableCost,VGB,GLOBAL,MINCOGBOL,,,1,2038,,,,,,9.478
VariableCost,VGB,GLOBAL,MINCOGBOL,,,1,2039,,,,,,9.478
VariableCost,VGB,GLOBAL,MINCOGBOL,,,1,2040,,,,,,9.478
VariableCost,VGB,GLOBAL,MINCOGBOL,,,1,2041,,,,,,9.478
VariableCost,VGB,GLOBAL,MINCOGBOL,,,1,2042,,,,,,9.478
VariableCost,VGB,GLOBAL,MINCOGBOL,,,1,2043,,,,,,9.478
VariableCost,VGB,GLOBAL,MINCOGBOL,,,1,2044,,,,,,9.478
VariableCost,VGB,GLOBAL,MINCOGBOL,,,1,2045,,,,,,9.478
VariableCost,VGB,GLOBAL,MINCOGBOL,,,1,2046,,,,,,9.478
VariableCost,VGB,GLOBAL,MINCOGBOL,,,1,2047,,,,,,9.478
VariableCost,VGB,GLOBAL,MINCOGBOL,,,1,2048,,,,,,9.478
VariableCost,VGB,GLOBAL,MINCOGBOL,,,1,2049,,,,,,9.478
VariableCost,VGB,GLOBAL,MINCOGBOL,,,1,2050,,,,,,9.478
VariableCost,VGB,GLOBAL,MINCOGBRA,,,1,2023,,,,,,9.478
VariableCost,VGB,GLOBAL,MINCOGBRA,,,1,2024,,,,,,9.478
VariableCost,VGB,GLOBAL,MINCOGBRA,,,1,2025,,,,,,9.478
VariableCost,VGB,GLOBAL,MINCOGBRA,,,1,2026,,,,,,9.478
VariableCost,VGB,GLOBAL,MINCOGBRA,,,1,2027,,,,,,9.478
VariableCost,VGB,GLOBAL,MINCOGBRA,,,1,2028,,,,,,9.478
VariableCost,VGB,GLOBAL,MINCOGBRA,,,1,2029,,,,,,9.478
VariableCost,VGB,GLOBAL,MINCOGBRA,,,1,2030,,,,,,9.478
VariableCost,VGB,GLOBAL,MINCOGBRA,,,1,2031,,,,,,9.478
VariableCost,VGB,GLOBAL,MINCOGBRA,,,1,2032,,,,,,9.478
VariableCost,VGB,GLOBAL,MINCOGBRA,,,1,2033,,,,,,9.478
VariableCost,VGB,GLOBAL,MINCOGBRA,,,1,2034,,,,,,9.478
VariableCost,VGB,GLOBAL,MINCOGBRA,,,1,2035,,,,,,9.478
VariableCost,VGB,GLOBAL,MINCOGBRA,,,1,2036,,,,,,9.478
VariableCost,VGB,GLOBAL,MINCOGBRA,,,1,2037,,,,,,9.478
VariableCost,VGB,GLOBAL,MINCOGBRA,,,1,2038,,,,,,9.478
VariableCost,VGB,GLOBAL,MINCOGBRA,,,1,2039,,,,,,9.478
VariableCost,VGB,GLOBAL,MINCOGBRA,,,1,2040,,,,,,9.478
VariableCost,VGB,GLOBAL,MINCOGBRA,,,1,2041,,,,,,9.478
VariableCost,VGB,GLOBAL,MINCOGBRA,,,1,2042,,,,,,9.478
VariableCost,VGB,GLOBAL,MINCOGBRA,,,1,2043,,,,,,9.478
VariableCost,VGB,GLOBAL,MINCOGBRA,,,1,2044,,,,,,9.478
VariableCost,VGB,GLOBAL,MINCOGBRA,,,1,2045,,,,,,9.478
VariableCost,VGB,GLOBAL,MINCOGBRA,,,1,2046,,,,,,9.478
VariableCost,VGB,GLOBAL,MINCOGBRA,,,1,2047,,,,,,9.478
VariableCost,VGB,GLOBAL,MINCOGBRA,,,1,2048,,,,,,9.478
VariableCost,VGB,GLOBAL,MINCOGBRA,,,1,2049,,,,,,9.478
VariableCost,VGB,GLOBAL,MINCOGBRA,,,1,2050,,,,,,9.478
VariableCost,VGB,GLOBAL,MINCOGBRB,,,1,2023,,,,,,9.478
VariableCost,VGB,GLOBAL,MINCOGBRB,,,1,2024,,,,,,9.478
VariableCost,VGB,GLOBAL,MINCOGBRB,,,1,2025,,,,,,9.478
VariableCost,VGB,GLOBAL,MINCOGBRB,,,1,2026,,,,,,9.478
VariableCost,VGB,GLOBAL,MINCOGBRB,,,1,2027,,,,,,9.478
VariableCost,VGB,GLOBAL,MINCOGBRB,,,1,2028,,,,,,9.478
VariableCost,VGB,GLOBAL,MINCOGBRB,,,1,2029,,,,,,9.478
VariableCost,VGB,GLOBAL,MINCOGBRB,,,1,2030,,,,,,9.478
VariableCost,VGB,GLOBAL,MINCOGBRB,,,1,2031,,,,,,9.478
VariableCost,VGB,GLOBAL,MINCOGBRB,,,1,2032,,,,,,9.478
VariableCost,VGB,GLOBAL,MINCOGBRB,,,1,2033,,,,,,9.478
VariableCost,VGB,GLOBAL,MINCOGBRB,,,1,2034,,,,,,9.478
VariableCost,VGB,GLOBAL,MINCOGBRB,,,1,2035,,,,,,9.478
VariableCost,VGB,GLOBAL,MINCOGBRB,,,1,2036,,,,,,9.478
VariableCost,VGB,GLOBAL,MINCOGBRB,,,1,2037,,,,,,9.478
VariableCost,VGB,GLOBAL,MINCOGBRB,,,1,2038,,,,,,9.478
VariableCost,VGB,GLOBAL,MINCOGBRB,,,1,2039,,,,,,9.478
VariableCost,VGB,GLOBAL,MINCOGBRB,,,1,2040,,,,,,9.478
VariableCost,VGB,GLOBAL,MINCOGBRB,,,1,2041,,,,,,9.478
VariableCost,VGB,GLOBAL,MINCOGBRB,,,1,2042,,,,,,9.478
VariableCost,VGB,GLOBAL,MINCOGBRB,,,1,2043,,,,,,9.478
VariableCost,VGB,GLOBAL,MINCOGBRB,,,1,2044,,,,,,9.478
VariableCost,VGB,GLOBAL,MINCOGBRB,,,1,2045,,,,,,9.478
VariableCost,VGB,GLOBAL,MINCOGBRB,,,1,2046,,,,,,9.478
VariableCost,VGB,GLOBAL,MINCOGBRB,,,1,2047,,,,,,9.478
VariableCost,VGB,GLOBAL,MINCOGBRB,,,1,2048,,,,,,9.478
VariableCost,VGB,GLOBAL,MINCOGBRB,,,1,2049,,,,,,9.478
VariableCost,VGB,GLOBAL,MINCOGBRB,,,1,2050,,,,,,9.478
VariableCost,VGB,GLOBAL,MINCOGCHL,,,1,2023,,,,,,9.478
VariableCost,VGB,GLOBAL,MINCOGCHL,,,1,2024,,,,,,9.478
VariableCost,VGB,GLOBAL,MINCOGCHL,,,1,2025,,,,,,9.478
VariableCost,VGB,GLOBAL,MINCOGCHL,,,1,2026,,,,,,9.478
VariableCost,VGB,GLOBAL,MINCOGCHL,,,1,2027,,,,,,9.478
VariableCost,VGB,GLOBAL,MINCOGCHL,,,1,2028,,,,,,9.478
VariableCost,VGB,GLOBAL,MINCOGCHL,,,1,2029,,,,,,9.478
VariableCost,VGB,GLOBAL,MINCOGCHL,,,1,2030,,,,,,9.478
VariableCost,VGB,GLOBAL,MINCOGCHL,,,1,2031,,,,,,9.478
VariableCost,VGB,GLOBAL,MINCOGCHL,,,1,2032,,,,,,9.478
VariableCost,VGB,GLOBAL,MINCOGCHL,,,1,2033,,,,,,9.478
VariableCost,VGB,GLOBAL,MINCOGCHL,,,1,2034,,,,,,9.478
VariableCost,VGB,GLOBAL,MINCOGCHL,,,1,2035,,,,,,9.478
VariableCost,VGB,GLOBAL,MINCOGCHL,,,1,2036,,,,,,9.478
VariableCost,VGB,GLOBAL,MINCOGCHL,,,1,2037,,,,,,9.478
VariableCost,VGB,GLOBAL,MINCOGCHL,,,1,2038,,,,,,9.478
VariableCost,VGB,GLOBAL,MINCOGCHL,,,1,2039,,,,,,9.478
VariableCost,VGB,GLOBAL,MINCOGCHL,,,1,2040,,,,,,9.478
VariableCost,VGB,GLOBAL,MINCOGCHL,,,1,2041,,,,,,9.478
VariableCost,VGB,GLOBAL,MINCOGCHL,,,1,2042,,,,,,9.478
VariableCost,VGB,GLOBAL,MINCOGCHL,,,1,2043,,,,,,9.478
VariableCost,VGB,GLOBAL,MINCOGCHL,,,1,2044,,,,,,9.478
VariableCost,VGB,GLOBAL,MINCOGCHL,,,1,2045,,,,,,9.478
VariableCost,VGB,GLOBAL,MINCOGCHL,,,1,2046,,,,,,9.478
VariableCost,VGB,GLOBAL,MINCOGCHL,,,1,2047,,,,,,9.478
VariableCost,VGB,GLOBAL,MINCOGCHL,,,1,2048,,,,,,9.478
VariableCost,VGB,GLOBAL,MINCOGCHL,,,1,2049,,,,,,9.478
VariableCost,VGB,GLOBAL,MINCOGCHL,,,1,2050,,,,,,9.478
VariableCost,VGB,GLOBAL,MINCOGCOL,,,1,2023,,,,,,9.478
VariableCost,VGB,GLOBAL,MINCOGCOL,,,1,2024,,,,,,9.478
VariableCost,VGB,GLOBAL,MINCOGCOL,,,1,2025,,,,,,9.478
VariableCost,VGB,GLOBAL,MINCOGCOL,,,1,2026,,,,,,9.478
VariableCost,VGB,GLOBAL,MINCOGCOL,,,1,2027,,,,,,9.478
VariableCost,VGB,GLOBAL,MINCOGCOL,,,1,2028,,,,,,9.478
VariableCost,VGB,GLOBAL,MINCOGCOL,,,1,2029,,,,,,9.478
VariableCost,VGB,GLOBAL,MINCOGCOL,,,1,2030,,,,,,9.478
VariableCost,VGB,GLOBAL,MINCOGCOL,,,1,2031,,,,,,9.478
VariableCost,VGB,GLOBAL,MINCOGCOL,,,1,2032,,,,,,9.478
VariableCost,VGB,GLOBAL,MINCOGCOL,,,1,2033,,,,,,9.478
VariableCost,VGB,GLOBAL,MINCOGCOL,,,1,2034,,,,,,9.478
VariableCost,VGB,GLOBAL,MINCOGCOL,,,1,2035,,,,,,9.478
VariableCost,VGB,GLOBAL,MINCOGCOL,,,1,2036,,,,,,9.478
VariableCost,VGB,GLOBAL,MINCOGCOL,,,1,2037,,,,,,9.478
VariableCost,VGB,GLOBAL,MINCOGCOL,,,1,2038,,,,,,9.478
VariableCost,VGB,GLOBAL,MINCOGCOL,,,1,2039,,,,,,9.478
VariableCost,VGB,GLOBAL,MINCOGCOL,,,1,2040,,,,,,9.478
VariableCost,VGB,GLOBAL,MINCOGCOL,,,1,2041,,,,,,9.478
VariableCost,VGB,GLOBAL,MINCOGCOL,,,1,2042,,,,,,9.478
VariableCost,VGB,GLOBAL,MINCOGCOL,,,1,2043,,,,,,9.478
VariableCost,VGB,GLOBAL,MINCOGCOL,,,1,2044,,,,,,9.478
VariableCost,VGB,GLOBAL,MINCOGCOL,,,1,2045,,,,,,9.478
VariableCost,VGB,GLOBAL,MINCOGCOL,,,1,2046,,,,,,9.478
VariableCost,VGB,GLOBAL,MINCOGCOL,,,1,2047,,,,,,9.478
VariableCost,VGB,GLOBAL,MINCOGCOL,,,1,2048,,,,,,9.478
VariableCost,VGB,GLOBAL,MINCOGCOL,,,1,2049,,,,,,9.478
VariableCost,VGB,GLOBAL,MINCOGCOL,,,1,2050,,,,,,9.478
VariableCost,VGB,GLOBAL,MINCOGCRI,,,1,2023,,,,,,9.478
VariableCost,VGB,GLOBAL,MINCOGCRI,,,1,2024,,,,,,9.478
VariableCost,VGB,GLOBAL,MINCOGCRI,,,1,2025,,,,,,9.478
VariableCost,VGB,GLOBAL,MINCOGCRI,,,1,2026,,,,,,9.478
VariableCost,VGB,GLOBAL,MINCOGCRI,,,1,2027,,,,,,9.478
VariableCost,VGB,GLOBAL,MINCOGCRI,,,1,2028,,,,,,9.478
VariableCost,VGB,GLOBAL,MINCOGCRI,,,1,2029,,,,,,9.478
VariableCost,VGB,GLOBAL,MINCOGCRI,,,1,2030,,,,,,9.478
VariableCost,VGB,GLOBAL,MINCOGCRI,,,1,2031,,,,,,9.478
VariableCost,VGB,GLOBAL,MINCOGCRI,,,1,2032,,,,,,9.478
VariableCost,VGB,GLOBAL,MINCOGCRI,,,1,2033,,,,,,9.478
VariableCost,VGB,GLOBAL,MINCOGCRI,,,1,2034,,,,,,9.478
VariableCost,VGB,GLOBAL,MINCOGCRI,,,1,2035,,,,,,9.478
VariableCost,VGB,GLOBAL,MINCOGCRI,,,1,2036,,,,,,9.478
VariableCost,VGB,GLOBAL,MINCOGCRI,,,1,2037,,,,,,9.478
VariableCost,VGB,GLOBAL,MINCOGCRI,,,1,2038,,,,,,9.478
VariableCost,VGB,GLOBAL,MINCOGCRI,,,1,2039,,,,,,9.478
VariableCost,VGB,GLOBAL,MINCOGCRI,,,1,2040,,,,,,9.478
VariableCost,VGB,GLOBAL,MINCOGCRI,,,1,2041,,,,,,9.478
VariableCost,VGB,GLOBAL,MINCOGCRI,,,1,2042,,,,,,9.478
VariableCost,VGB,GLOBAL,MINCOGCRI,,,1,2043,,,,,,9.478
VariableCost,VGB,GLOBAL,MINCOGCRI,,,1,2044,,,,,,9.478
VariableCost,VGB,GLOBAL,MINCOGCRI,,,1,2045,,,,,,9.478
VariableCost,VGB,GLOBAL,MINCOGCRI,,,1,2046,,,,,,9.478
VariableCost,VGB,GLOBAL,MINCOGCRI,,,1,2047,,,,,,9.478
VariableCost,VGB,GLOBAL,MINCOGCRI,,,1,2048,,,,,,9.478
VariableCost,VGB,GLOBAL,MINCOGCRI,,,1,2049,,,,,,9.478
VariableCost,VGB,GLOBAL,MINCOGCRI,,,1,2050,,,,,,9.478
VariableCost,VGB,GLOBAL,MINCOGDOM,,,1,2023,,,,,,9.478
VariableCost,VGB,GLOBAL,MINCOGDOM,,,1,2024,,,,,,9.478
VariableCost,VGB,GLOBAL,MINCOGDOM,,,1,2025,,,,,,9.478
VariableCost,VGB,GLOBAL,MINCOGDOM,,,1,2026,,,,,,9.478
VariableCost,VGB,GLOBAL,MINCOGDOM,,,1,2027,,,,,,9.478
VariableCost,VGB,GLOBAL,MINCOGDOM,,,1,2028,,,,,,9.478
VariableCost,VGB,GLOBAL,MINCOGDOM,,,1,2029,,,,,,9.478
VariableCost,VGB,GLOBAL,MINCOGDOM,,,1,2030,,,,,,9.478
VariableCost,VGB,GLOBAL,MINCOGDOM,,,1,2031,,,,,,9.478
VariableCost,VGB,GLOBAL,MINCOGDOM,,,1,2032,,,,,,9.478
VariableCost,VGB,GLOBAL,MINCOGDOM,,,1,2033,,,,,,9.478
VariableCost,VGB,GLOBAL,MINCOGDOM,,,1,2034,,,,,,9.478
VariableCost,VGB,GLOBAL,MINCOGDOM,,,1,2035,,,,,,9.478
VariableCost,VGB,GLOBAL,MINCOGDOM,,,1,2036,,,,,,9.478
VariableCost,VGB,GLOBAL,MINCOGDOM,,,1,2037,,,,,,9.478
VariableCost,VGB,GLOBAL,MINCOGDOM,,,1,2038,,,,,,9.478
VariableCost,VGB,GLOBAL,MINCOGDOM,,,1,2039,,,,,,9.478
VariableCost,VGB,GLOBAL,MINCOGDOM,,,1,2040,,,,,,9.478
VariableCost,VGB,GLOBAL,MINCOGDOM,,,1,2041,,,,,,9.478
VariableCost,VGB,GLOBAL,MINCOGDOM,,,1,2042,,,,,,9.478
VariableCost,VGB,GLOBAL,MINCOGDOM,,,1,2043,,,,,,9.478
VariableCost,VGB,GLOBAL,MINCOGDOM,,,1,2044,,,,,,9.478
VariableCost,VGB,GLOBAL,MINCOGDOM,,,1,2045,,,,,,9.478
VariableCost,VGB,GLOBAL,MINCOGDOM,,,1,2046,,,,,,9.478
VariableCost,VGB,GLOBAL,MINCOGDOM,,,1,2047,,,,,,9.478
VariableCost,VGB,GLOBAL,MINCOGDOM,,,1,2048,,,,,,9.478
VariableCost,VGB,GLOBAL,MINCOGDOM,,,1,2049,,,,,,9.478
VariableCost,VGB,GLOBAL,MINCOGDOM,,,1,2050,,,,,,9.478
VariableCost,VGB,GLOBAL,MINCOGECU,,,1,2023,,,,,,9.478
VariableCost,VGB,GLOBAL,MINCOGECU,,,1,2024,,,,,,9.478
VariableCost,VGB,GLOBAL,MINCOGECU,,,1,2025,,,,,,9.478
VariableCost,VGB,GLOBAL,MINCOGECU,,,1,2026,,,,,,9.478
VariableCost,VGB,GLOBAL,MINCOGECU,,,1,2027,,,,,,9.478
VariableCost,VGB,GLOBAL,MINCOGECU,,,1,2028,,,,,,9.478
VariableCost,VGB,GLOBAL,MINCOGECU,,,1,2029,,,,,,9.478
VariableCost,VGB,GLOBAL,MINCOGECU,,,1,2030,,,,,,9.478
VariableCost,VGB,GLOBAL,MINCOGECU,,,1,2031,,,,,,9.478
VariableCost,VGB,GLOBAL,MINCOGECU,,,1,2032,,,,,,9.478
VariableCost,VGB,GLOBAL,MINCOGECU,,,1,2033,,,,,,9.478
VariableCost,VGB,GLOBAL,MINCOGECU,,,1,2034,,,,,,9.478
VariableCost,VGB,GLOBAL,MINCOGECU,,,1,2035,,,,,,9.478
VariableCost,VGB,GLOBAL,MINCOGECU,,,1,2036,,,,,,9.478
VariableCost,VGB,GLOBAL,MINCOGECU,,,1,2037,,,,,,9.478
VariableCost,VGB,GLOBAL,MINCOGECU,,,1,2038,,,,,,9.478
VariableCost,VGB,GLOBAL,MINCOGECU,,,1,2039,,,,,,9.478
VariableCost,VGB,GLOBAL,MINCOGECU,,,1,2040,,,,,,9.478
VariableCost,VGB,GLOBAL,MINCOGECU,,,1,2041,,,,,,9.478
VariableCost,VGB,GLOBAL,MINCOGECU,,,1,2042,,,,,,9.478
VariableCost,VGB,GLOBAL,MINCOGECU,,,1,2043,,,,,,9.478
VariableCost,VGB,GLOBAL,MINCOGECU,,,1,2044,,,,,,9.478
VariableCost,VGB,GLOBAL,MINCOGECU,,,1,2045,,,,,,9.478
VariableCost,VGB,GLOBAL,MINCOGECU,,,1,2046,,,,,,9.478
VariableCost,VGB,GLOBAL,MINCOGECU,,,1,2047,,,,,,9.478
VariableCost,VGB,GLOBAL,MINCOGECU,,,1,2048,,,,,,9.478
VariableCost,VGB,GLOBAL,MINCOGECU,,,1,2049,,,,,,9.478
VariableCost,VGB,GLOBAL,MINCOGECU,,,1,2050,,,,,,9.478
VariableCost,VGB,GLOBAL,MINCOGGTM,,,1,2023,,,,,,9.478
VariableCost,VGB,GLOBAL,MINCOGGTM,,,1,2024,,,,,,9.478
VariableCost,VGB,GLOBAL,MINCOGGTM,,,1,2025,,,,,,9.478
VariableCost,VGB,GLOBAL,MINCOGGTM,,,1,2026,,,,,,9.478
VariableCost,VGB,GLOBAL,MINCOGGTM,,,1,2027,,,,,,9.478
VariableCost,VGB,GLOBAL,MINCOGGTM,,,1,2028,,,,,,9.478
VariableCost,VGB,GLOBAL,MINCOGGTM,,,1,2029,,,,,,9.478
VariableCost,VGB,GLOBAL,MINCOGGTM,,,1,2030,,,,,,9.478
VariableCost,VGB,GLOBAL,MINCOGGTM,,,1,2031,,,,,,9.478
VariableCost,VGB,GLOBAL,MINCOGGTM,,,1,2032,,,,,,9.478
VariableCost,VGB,GLOBAL,MINCOGGTM,,,1,2033,,,,,,9.478
VariableCost,VGB,GLOBAL,MINCOGGTM,,,1,2034,,,,,,9.478
VariableCost,VGB,GLOBAL,MINCOGGTM,,,1,2035,,,,,,9.478
VariableCost,VGB,GLOBAL,MINCOGGTM,,,1,2036,,,,,,9.478
VariableCost,VGB,GLOBAL,MINCOGGTM,,,1,2037,,,,,,9.478
VariableCost,VGB,GLOBAL,MINCOGGTM,,,1,2038,,,,,,9.478
VariableCost,VGB,GLOBAL,MINCOGGTM,,,1,2039,,,,,,9.478
VariableCost,VGB,GLOBAL,MINCOGGTM,,,1,2040,,,,,,9.478
VariableCost,VGB,GLOBAL,MINCOGGTM,,,1,2041,,,,,,9.478
VariableCost,VGB,GLOBAL,MINCOGGTM,,,1,2042,,,,,,9.478
VariableCost,VGB,GLOBAL,MINCOGGTM,,,1,2043,,,,,,9.478
VariableCost,VGB,GLOBAL,MINCOGGTM,,,1,2044,,,,,,9.478
VariableCost,VGB,GLOBAL,MINCOGGTM,,,1,2045,,,,,,9.478
VariableCost,VGB,GLOBAL,MINCOGGTM,,,1,2046,,,,,,9.478
VariableCost,VGB,GLOBAL,MINCOGGTM,,,1,2047,,,,,,9.478
VariableCost,VGB,GLOBAL,MINCOGGTM,,,1,2048,,,,,,9.478
VariableCost,VGB,GLOBAL,MINCOGGTM,,,1,2049,,,,,,9.478
VariableCost,VGB,GLOBAL,MINCOGGTM,,,1,2050,,,,,,9.478
VariableCost,VGB,GLOBAL,MINCOGHND,,,1,2023,,,,,,9.478
VariableCost,VGB,GLOBAL,MINCOGHND,,,1,2024,,,,,,9.478
VariableCost,VGB,GLOBAL,MINCOGHND,,,1,2025,,,,,,9.478
VariableCost,VGB,GLOBAL,MINCOGHND,,,1,2026,,,,,,9.478
VariableCost,VGB,GLOBAL,MINCOGHND,,,1,2027,,,,,,9.478
VariableCost,VGB,GLOBAL,MINCOGHND,,,1,2028,,,,,,9.478
VariableCost,VGB,GLOBAL,MINCOGHND,,,1,2029,,,,,,9.478
VariableCost,VGB,GLOBAL,MINCOGHND,,,1,2030,,,,,,9.478
VariableCost,VGB,GLOBAL,MINCOGHND,,,1,2031,,,,,,9.478
VariableCost,VGB,GLOBAL,MINCOGHND,,,1,2032,,,,,,9.478
VariableCost,VGB,GLOBAL,MINCOGHND,,,1,2033,,,,,,9.478
VariableCost,VGB,GLOBAL,MINCOGHND,,,1,2034,,,,,,9.478
VariableCost,VGB,GLOBAL,MINCOGHND,,,1,2035,,,,,,9.478
VariableCost,VGB,GLOBAL,MINCOGHND,,,1,2036,,,,,,9.478
VariableCost,VGB,GLOBAL,MINCOGHND,,,1,2037,,,,,,9.478
VariableCost,VGB,GLOBAL,MINCOGHND,,,1,2038,,,,,,9.478
VariableCost,VGB,GLOBAL,MINCOGHND,,,1,2039,,,,,,9.478
VariableCost,VGB,GLOBAL,MINCOGHND,,,1,2040,,,,,,9.478
VariableCost,VGB,GLOBAL,MINCOGHND,,,1,2041,,,,,,9.478
VariableCost,VGB,GLOBAL,MINCOGHND,,,1,2042,,,,,,9.478
VariableCost,VGB,GLOBAL,MINCOGHND,,,1,2043,,,,,,9.478
VariableCost,VGB,GLOBAL,MINCOGHND,,,1,2044,,,,,,9.478
VariableCost,VGB,GLOBAL,MINCOGHND,,,1,2045,,,,,,9.478
VariableCost,VGB,GLOBAL,MINCOGHND,,,1,2046,,,,,,9.478
VariableCost,VGB,GLOBAL,MINCOGHND,,,1,2047,,,,,,9.478
VariableCost,VGB,GLOBAL,MINCOGHND,,,1,2048,,,,,,9.478
VariableCost,VGB,GLOBAL,MINCOGHND,,,1,2049,,,,,,9.478
VariableCost,VGB,GLOBAL,MINCOGHND,,,1,2050,,,,,,9.478
VariableCost,VGB,GLOBAL,MINCOGHTI,,,1,2023,,,,,,9.478
VariableCost,VGB,GLOBAL,MINCOGHTI,,,1,2024,,,,,,9.478
VariableCost,VGB,GLOBAL,MINCOGHTI,,,1,2025,,,,,,9.478
VariableCost,VGB,GLOBAL,MINCOGHTI,,,1,2026,,,,,,9.478
VariableCost,VGB,GLOBAL,MINCOGHTI,,,1,2027,,,,,,9.478
VariableCost,VGB,GLOBAL,MINCOGHTI,,,1,2028,,,,,,9.478
VariableCost,VGB,GLOBAL,MINCOGHTI,,,1,2029,,,,,,9.478
VariableCost,VGB,GLOBAL,MINCOGHTI,,,1,2030,,,,,,9.478
VariableCost,VGB,GLOBAL,MINCOGHTI,,,1,2031,,,,,,9.478
VariableCost,VGB,GLOBAL,MINCOGHTI,,,1,2032,,,,,,9.478
VariableCost,VGB,GLOBAL,MINCOGHTI,,,1,2033,,,,,,9.478
VariableCost,VGB,GLOBAL,MINCOGHTI,,,1,2034,,,,,,9.478
VariableCost,VGB,GLOBAL,MINCOGHTI,,,1,2035,,,,,,9.478
VariableCost,VGB,GLOBAL,MINCOGHTI,,,1,2036,,,,,,9.478
VariableCost,VGB,GLOBAL,MINCOGHTI,,,1,2037,,,,,,9.478
VariableCost,VGB,GLOBAL,MINCOGHTI,,,1,2038,,,,,,9.478
VariableCost,VGB,GLOBAL,MINCOGHTI,,,1,2039,,,,,,9.478
VariableCost,VGB,GLOBAL,MINCOGHTI,,,1,2040,,,,,,9.478
VariableCost,VGB,GLOBAL,MINCOGHTI,,,1,2041,,,,,,9.478
VariableCost,VGB,GLOBAL,MINCOGHTI,,,1,2042,,,,,,9.478
VariableCost,VGB,GLOBAL,MINCOGHTI,,,1,2043,,,,,,9.478
VariableCost,VGB,GLOBAL,MINCOGHTI,,,1,2044,,,,,,9.478
VariableCost,VGB,GLOBAL,MINCOGHTI,,,1,2045,,,,,,9.478
VariableCost,VGB,GLOBAL,MINCOGHTI,,,1,2046,,,,,,9.478
VariableCost,VGB,GLOBAL,MINCOGHTI,,,1,2047,,,,,,9.478
VariableCost,VGB,GLOBAL,MINCOGHTI,,,1,2048,,,,,,9.478
VariableCost,VGB,GLOBAL,MINCOGHTI,,,1,2049,,,,,,9.478
VariableCost,VGB,GLOBAL,MINCOGHTI,,,1,2050,,,,,,9.478
VariableCost,VGB,GLOBAL,MINCOGINT,,,1,2023,,,,,,12.322
VariableCost,VGB,GLOBAL,MINCOGINT,,,1,2024,,,,,,12.322
VariableCost,VGB,GLOBAL,MINCOGINT,,,1,2025,,,,,,12.322
VariableCost,VGB,GLOBAL,MINCOGINT,,,1,2026,,,,,,12.322
VariableCost,VGB,GLOBAL,MINCOGINT,,,1,2027,,,,,,12.322
VariableCost,VGB,GLOBAL,MINCOGINT,,,1,2028,,,,,,12.322
VariableCost,VGB,GLOBAL,MINCOGINT,,,1,2029,,,,,,12.322
VariableCost,VGB,GLOBAL,MINCOGINT,,,1,2030,,,,,,12.322
VariableCost,VGB,GLOBAL,MINCOGINT,,,1,2031,,,,,,12.322
VariableCost,VGB,GLOBAL,MINCOGINT,,,1,2032,,,,,,12.322
VariableCost,VGB,GLOBAL,MINCOGINT,,,1,2033,,,,,,12.322
VariableCost,VGB,GLOBAL,MINCOGINT,,,1,2034,,,,,,12.322
VariableCost,VGB,GLOBAL,MINCOGINT,,,1,2035,,,,,,12.322
VariableCost,VGB,GLOBAL,MINCOGINT,,,1,2036,,,,,,12.322
VariableCost,VGB,GLOBAL,MINCOGINT,,,1,2037,,,,,,12.322
VariableCost,VGB,GLOBAL,MINCOGINT,,,1,2038,,,,,,12.322
VariableCost,VGB,GLOBAL,MINCOGINT,,,1,2039,,,,,,12.322
VariableCost,VGB,GLOBAL,MINCOGINT,,,1,2040,,,,,,12.322
VariableCost,VGB,GLOBAL,MINCOGINT,,,1,2041,,,,,,12.322
VariableCost,VGB,GLOBAL,MINCOGINT,,,1,2042,,,,,,12.322
VariableCost,VGB,GLOBAL,MINCOGINT,,,1,2043,,,,,,12.322
VariableCost,VGB,GLOBAL,MINCOGINT,,,1,2044,,,,,,12.322
VariableCost,VGB,GLOBAL,MINCOGINT,,,1,2045,,,,,,12.322
VariableCost,VGB,GLOBAL,MINCOGINT,,,1,2046,,,,,,12.322
VariableCost,VGB,GLOBAL,MINCOGINT,,,1,2047,,,,,,12.322
VariableCost,VGB,GLOBAL,MINCOGINT,,,1,2048,,,,,,12.322
VariableCost,VGB,GLOBAL,MINCOGINT,,,1,2049,,,,,,12.322
VariableCost,VGB,GLOBAL,MINCOGINT,,,1,2050,,,,,,12.322
VariableCost,VGB,GLOBAL,MINCOGMEX,,,1,2023,,,,,,9.478
VariableCost,VGB,GLOBAL,MINCOGMEX,,,1,2024,,,,,,9.478
VariableCost,VGB,GLOBAL,MINCOGMEX,,,1,2025,,,,,,9.478
VariableCost,VGB,GLOBAL,MINCOGMEX,,,1,2026,,,,,,9.478
VariableCost,VGB,GLOBAL,MINCOGMEX,,,1,2027,,,,,,9.478
VariableCost,VGB,GLOBAL,MINCOGMEX,,,1,2028,,,,,,9.478
VariableCost,VGB,GLOBAL,MINCOGMEX,,,1,2029,,,,,,9.478
VariableCost,VGB,GLOBAL,MINCOGMEX,,,1,2030,,,,,,9.478
VariableCost,VGB,GLOBAL,MINCOGMEX,,,1,2031,,,,,,9.478
VariableCost,VGB,GLOBAL,MINCOGMEX,,,1,2032,,,,,,9.478
VariableCost,VGB,GLOBAL,MINCOGMEX,,,1,2033,,,,,,9.478
VariableCost,VGB,GLOBAL,MINCOGMEX,,,1,2034,,,,,,9.478
VariableCost,VGB,GLOBAL,MINCOGMEX,,,1,2035,,,,,,9.478
VariableCost,VGB,GLOBAL,MINCOGMEX,,,1,2036,,,,,,9.478
VariableCost,VGB,GLOBAL,MINCOGMEX,,,1,2037,,,,,,9.478
VariableCost,VGB,GLOBAL,MINCOGMEX,,,1,2038,,,,,,9.478
VariableCost,VGB,GLOBAL,MINCOGMEX,,,1,2039,,,,,,9.478
VariableCost,VGB,GLOBAL,MINCOGMEX,,,1,2040,,,,,,9.478
VariableCost,VGB,GLOBAL,MINCOGMEX,,,1,2041,,,,,,9.478
VariableCost,VGB,GLOBAL,MINCOGMEX,,,1,2042,,,,,,9.478
VariableCost,VGB,GLOBAL,MINCOGMEX,,,1,2043,,,,,,9.478
VariableCost,VGB,GLOBAL,MINCOGMEX,,,1,2044,,,,,,9.478
VariableCost,VGB,GLOBAL,MINCOGMEX,,,1,2045,,,,,,9.478
VariableCost,VGB,GLOBAL,MINCOGMEX,,,1,2046,,,,,,9.478
VariableCost,VGB,GLOBAL,MINCOGMEX,,,1,2047,,,,,,9.478
VariableCost,VGB,GLOBAL,MINCOGMEX,,,1,2048,,,,,,9.478
VariableCost,VGB,GLOBAL,MINCOGMEX,,,1,2049,,,,,,9.478
VariableCost,VGB,GLOBAL,MINCOGMEX,,,1,2050,,,,,,9.478
VariableCost,VGB,GLOBAL,MINCOGNIC,,,1,2023,,,,,,9.478
VariableCost,VGB,GLOBAL,MINCOGNIC,,,1,2024,,,,,,9.478
VariableCost,VGB,GLOBAL,MINCOGNIC,,,1,2025,,,,,,9.478
VariableCost,VGB,GLOBAL,MINCOGNIC,,,1,2026,,,,,,9.478
VariableCost,VGB,GLOBAL,MINCOGNIC,,,1,2027,,,,,,9.478
VariableCost,VGB,GLOBAL,MINCOGNIC,,,1,2028,,,,,,9.478
VariableCost,VGB,GLOBAL,MINCOGNIC,,,1,2029,,,,,,9.478
VariableCost,VGB,GLOBAL,MINCOGNIC,,,1,2030,,,,,,9.478
VariableCost,VGB,GLOBAL,MINCOGNIC,,,1,2031,,,,,,9.478
VariableCost,VGB,GLOBAL,MINCOGNIC,,,1,2032,,,,,,9.478
VariableCost,VGB,GLOBAL,MINCOGNIC,,,1,2033,,,,,,9.478
VariableCost,VGB,GLOBAL,MINCOGNIC,,,1,2034,,,,,,9.478
VariableCost,VGB,GLOBAL,MINCOGNIC,,,1,2035,,,,,,9.478
VariableCost,VGB,GLOBAL,MINCOGNIC,,,1,2036,,,,,,9.478
VariableCost,VGB,GLOBAL,MINCOGNIC,,,1,2037,,,,,,9.478
VariableCost,VGB,GLOBAL,MINCOGNIC,,,1,2038,,,,,,9.478
VariableCost,VGB,GLOBAL,MINCOGNIC,,,1,2039,,,,,,9.478
VariableCost,VGB,GLOBAL,MINCOGNIC,,,1,2040,,,,,,9.478
VariableCost,VGB,GLOBAL,MINCOGNIC,,,1,2041,,,,,,9.478
VariableCost,VGB,GLOBAL,MINCOGNIC,,,1,2042,,,,,,9.478
VariableCost,VGB,GLOBAL,MINCOGNIC,,,1,2043,,,,,,9.478
VariableCost,VGB,GLOBAL,MINCOGNIC,,,1,2044,,,,,,9.478
VariableCost,VGB,GLOBAL,MINCOGNIC,,,1,2045,,,,,,9.478
VariableCost,VGB,GLOBAL,MINCOGNIC,,,1,2046,,,,,,9.478
VariableCost,VGB,GLOBAL,MINCOGNIC,,,1,2047,,,,,,9.478
VariableCost,VGB,GLOBAL,MINCOGNIC,,,1,2048,,,,,,9.478
VariableCost,VGB,GLOBAL,MINCOGNIC,,,1,2049,,,,,,9.478
VariableCost,VGB,GLOBAL,MINCOGNIC,,,1,2050,,,,,,9.478
VariableCost,VGB,GLOBAL,MINCOGPAN,,,1,2023,,,,,,9.478
VariableCost,VGB,GLOBAL,MINCOGPAN,,,1,2024,,,,,,9.478
VariableCost,VGB,GLOBAL,MINCOGPAN,,,1,2025,,,,,,9.478
VariableCost,VGB,GLOBAL,MINCOGPAN,,,1,2026,,,,,,9.478
VariableCost,VGB,GLOBAL,MINCOGPAN,,,1,2027,,,,,,9.478
VariableCost,VGB,GLOBAL,MINCOGPAN,,,1,2028,,,,,,9.478
VariableCost,VGB,GLOBAL,MINCOGPAN,,,1,2029,,,,,,9.478
VariableCost,VGB,GLOBAL,MINCOGPAN,,,1,2030,,,,,,9.478
VariableCost,VGB,GLOBAL,MINCOGPAN,,,1,2031,,,,,,9.478
VariableCost,VGB,GLOBAL,MINCOGPAN,,,1,2032,,,,,,9.478
VariableCost,VGB,GLOBAL,MINCOGPAN,,,1,2033,,,,,,9.478
VariableCost,VGB,GLOBAL,MINCOGPAN,,,1,2034,,,,,,9.478
VariableCost,VGB,GLOBAL,MINCOGPAN,,,1,2035,,,,,,9.478
VariableCost,VGB,GLOBAL,MINCOGPAN,,,1,2036,,,,,,9.478
VariableCost,VGB,GLOBAL,MINCOGPAN,,,1,2037,,,,,,9.478
VariableCost,VGB,GLOBAL,MINCOGPAN,,,1,2038,,,,,,9.478
VariableCost,VGB,GLOBAL,MINCOGPAN,,,1,2039,,,,,,9.478
VariableCost,VGB,GLOBAL,MINCOGPAN,,,1,2040,,,,,,9.478
VariableCost,VGB,GLOBAL,MINCOGPAN,,,1,2041,,,,,,9.478
VariableCost,VGB,GLOBAL,MINCOGPAN,,,1,2042,,,,,,9.478
VariableCost,VGB,GLOBAL,MINCOGPAN,,,1,2043,,,,,,9.478
VariableCost,VGB,GLOBAL,MINCOGPAN,,,1,2044,,,,,,9.478
VariableCost,VGB,GLOBAL,MINCOGPAN,,,1,2045,,,,,,9.478
VariableCost,VGB,GLOBAL,MINCOGPAN,,,1,2046,,,,,,9.478
VariableCost,VGB,GLOBAL,MINCOGPAN,,,1,2047,,,,,,9.478
VariableCost,VGB,GLOBAL,MINCOGPAN,,,1,2048,,,,,,9.478
VariableCost,VGB,GLOBAL,MINCOGPAN,,,1,2049,,,,,,9.478
VariableCost,VGB,GLOBAL,MINCOGPAN,,,1,2050,,,,,,9.478
VariableCost,VGB,GLOBAL,MINCOGPER,,,1,2023,,,,,,9.478
VariableCost,VGB,GLOBAL,MINCOGPER,,,1,2024,,,,,,9.478
VariableCost,VGB,GLOBAL,MINCOGPER,,,1,2025,,,,,,9.478
VariableCost,VGB,GLOBAL,MINCOGPER,,,1,2026,,,,,,9.478
VariableCost,VGB,GLOBAL,MINCOGPER,,,1,2027,,,,,,9.478
VariableCost,VGB,GLOBAL,MINCOGPER,,,1,2028,,,,,,9.478
VariableCost,VGB,GLOBAL,MINCOGPER,,,1,2029,,,,,,9.478
VariableCost,VGB,GLOBAL,MINCOGPER,,,1,2030,,,,,,9.478
VariableCost,VGB,GLOBAL,MINCOGPER,,,1,2031,,,,,,9.478
VariableCost,VGB,GLOBAL,MINCOGPER,,,1,2032,,,,,,9.478
VariableCost,VGB,GLOBAL,MINCOGPER,,,1,2033,,,,,,9.478
VariableCost,VGB,GLOBAL,MINCOGPER,,,1,2034,,,,,,9.478
VariableCost,VGB,GLOBAL,MINCOGPER,,,1,2035,,,,,,9.478
VariableCost,VGB,GLOBAL,MINCOGPER,,,1,2036,,,,,,9.478
VariableCost,VGB,GLOBAL,MINCOGPER,,,1,2037,,,,,,9.478
VariableCost,VGB,GLOBAL,MINCOGPER,,,1,2038,,,,,,9.478
VariableCost,VGB,GLOBAL,MINCOGPER,,,1,2039,,,,,,9.478
VariableCost,VGB,GLOBAL,MINCOGPER,,,1,2040,,,,,,9.478
VariableCost,VGB,GLOBAL,MINCOGPER,,,1,2041,,,,,,9.478
VariableCost,VGB,GLOBAL,MINCOGPER,,,1,2042,,,,,,9.478
VariableCost,VGB,GLOBAL,MINCOGPER,,,1,2043,,,,,,9.478
VariableCost,VGB,GLOBAL,MINCOGPER,,,1,2044,,,,,,9.478
VariableCost,VGB,GLOBAL,MINCOGPER,,,1,2045,,,,,,9.478
VariableCost,VGB,GLOBAL,MINCOGPER,,,1,2046,,,,,,9.478
VariableCost,VGB,GLOBAL,MINCOGPER,,,1,2047,,,,,,9.478
VariableCost,VGB,GLOBAL,MINCOGPER,,,1,2048,,,,,,9.478
VariableCost,VGB,GLOBAL,MINCOGPER,,,1,2049,,,,,,9.478
VariableCost,VGB,GLOBAL,MINCOGPER,,,1,2050,,,,,,9.478
VariableCost,VGB,GLOBAL,MINCOGPRY,,,1,2023,,,,,,9.478
VariableCost,VGB,GLOBAL,MINCOGPRY,,,1,2024,,,,,,9.478
VariableCost,VGB,GLOBAL,MINCOGPRY,,,1,2025,,,,,,9.478
VariableCost,VGB,GLOBAL,MINCOGPRY,,,1,2026,,,,,,9.478
VariableCost,VGB,GLOBAL,MINCOGPRY,,,1,2027,,,,,,9.478
VariableCost,VGB,GLOBAL,MINCOGPRY,,,1,2028,,,,,,9.478
VariableCost,VGB,GLOBAL,MINCOGPRY,,,1,2029,,,,,,9.478
VariableCost,VGB,GLOBAL,MINCOGPRY,,,1,2030,,,,,,9.478
VariableCost,VGB,GLOBAL,MINCOGPRY,,,1,2031,,,,,,9.478
VariableCost,VGB,GLOBAL,MINCOGPRY,,,1,2032,,,,,,9.478
VariableCost,VGB,GLOBAL,MINCOGPRY,,,1,2033,,,,,,9.478
VariableCost,VGB,GLOBAL,MINCOGPRY,,,1,2034,,,,,,9.478
VariableCost,VGB,GLOBAL,MINCOGPRY,,,1,2035,,,,,,9.478
VariableCost,VGB,GLOBAL,MINCOGPRY,,,1,2036,,,,,,9.478
VariableCost,VGB,GLOBAL,MINCOGPRY,,,1,2037,,,,,,9.478
VariableCost,VGB,GLOBAL,MINCOGPRY,,,1,2038,,,,,,9.478
VariableCost,VGB,GLOBAL,MINCOGPRY,,,1,2039,,,,,,9.478
VariableCost,VGB,GLOBAL,MINCOGPRY,,,1,2040,,,,,,9.478
VariableCost,VGB,GLOBAL,MINCOGPRY,,,1,2041,,,,,,9.478
VariableCost,VGB,GLOBAL,MINCOGPRY,,,1,2042,,,,,,9.478
VariableCost,VGB,GLOBAL,MINCOGPRY,,,1,2043,,,,,,9.478
VariableCost,VGB,GLOBAL,MINCOGPRY,,,1,2044,,,,,,9.478
VariableCost,VGB,GLOBAL,MINCOGPRY,,,1,2045,,,,,,9.478
VariableCost,VGB,GLOBAL,MINCOGPRY,,,1,2046,,,,,,9.478
VariableCost,VGB,GLOBAL,MINCOGPRY,,,1,2047,,,,,,9.478
VariableCost,VGB,GLOBAL,MINCOGPRY,,,1,2048,,,,,,9.478
VariableCost,VGB,GLOBAL,MINCOGPRY,,,1,2049,,,,,,9.478
VariableCost,VGB,GLOBAL,MINCOGPRY,,,1,2050,,,,,,9.478
VariableCost,VGB,GLOBAL,MINCOGSLV,,,1,2023,,,,,,9.478
VariableCost,VGB,GLOBAL,MINCOGSLV,,,1,2024,,,,,,9.478
VariableCost,VGB,GLOBAL,MINCOGSLV,,,1,2025,,,,,,9.478
VariableCost,VGB,GLOBAL,MINCOGSLV,,,1,2026,,,,,,9.478
VariableCost,VGB,GLOBAL,MINCOGSLV,,,1,2027,,,,,,9.478
VariableCost,VGB,GLOBAL,MINCOGSLV,,,1,2028,,,,,,9.478
VariableCost,VGB,GLOBAL,MINCOGSLV,,,1,2029,,,,,,9.478
VariableCost,VGB,GLOBAL,MINCOGSLV,,,1,2030,,,,,,9.478
VariableCost,VGB,GLOBAL,MINCOGSLV,,,1,2031,,,,,,9.478
VariableCost,VGB,GLOBAL,MINCOGSLV,,,1,2032,,,,,,9.478
VariableCost,VGB,GLOBAL,MINCOGSLV,,,1,2033,,,,,,9.478
VariableCost,VGB,GLOBAL,MINCOGSLV,,,1,2034,,,,,,9.478
VariableCost,VGB,GLOBAL,MINCOGSLV,,,1,2035,,,,,,9.478
VariableCost,VGB,GLOBAL,MINCOGSLV,,,1,2036,,,,,,9.478
VariableCost,VGB,GLOBAL,MINCOGSLV,,,1,2037,,,,,,9.478
VariableCost,VGB,GLOBAL,MINCOGSLV,,,1,2038,,,,,,9.478
VariableCost,VGB,GLOBAL,MINCOGSLV,,,1,2039,,,,,,9.478
VariableCost,VGB,GLOBAL,MINCOGSLV,,,1,2040,,,,,,9.478
VariableCost,VGB,GLOBAL,MINCOGSLV,,,1,2041,,,,,,9.478
VariableCost,VGB,GLOBAL,MINCOGSLV,,,1,2042,,,,,,9.478
VariableCost,VGB,GLOBAL,MINCOGSLV,,,1,2043,,,,,,9.478
VariableCost,VGB,GLOBAL,MINCOGSLV,,,1,2044,,,,,,9.478
VariableCost,VGB,GLOBAL,MINCOGSLV,,,1,2045,,,,,,9.478
VariableCost,VGB,GLOBAL,MINCOGSLV,,,1,2046,,,,,,9.478
VariableCost,VGB,GLOBAL,MINCOGSLV,,,1,2047,,,,,,9.478
VariableCost,VGB,GLOBAL,MINCOGSLV,,,1,2048,,,,,,9.478
VariableCost,VGB,GLOBAL,MINCOGSLV,,,1,2049,,,,,,9.478
VariableCost,VGB,GLOBAL,MINCOGSLV,,,1,2050,,,,,,9.478
VariableCost,VGB,GLOBAL,MINCOGURY,,,1,2023,,,,,,9.478
VariableCost,VGB,GLOBAL,MINCOGURY,,,1,2024,,,,,,9.478
VariableCost,VGB,GLOBAL,MINCOGURY,,,1,2025,,,,,,9.478
VariableCost,VGB,GLOBAL,MINCOGURY,,,1,2026,,,,,,9.478
VariableCost,VGB,GLOBAL,MINCOGURY,,,1,2027,,,,,,9.478
VariableCost,VGB,GLOBAL,MINCOGURY,,,1,2028,,,,,,9.478
VariableCost,VGB,GLOBAL,MINCOGURY,,,1,2029,,,,,,9.478
VariableCost,VGB,GLOBAL,MINCOGURY,,,1,2030,,,,,,9.478
VariableCost,VGB,GLOBAL,MINCOGURY,,,1,2031,,,,,,9.478
VariableCost,VGB,GLOBAL,MINCOGURY,,,1,2032,,,,,,9.478
VariableCost,VGB,GLOBAL,MINCOGURY,,,1,2033,,,,,,9.478
VariableCost,VGB,GLOBAL,MINCOGURY,,,1,2034,,,,,,9.478
VariableCost,VGB,GLOBAL,MINCOGURY,,,1,2035,,,,,,9.478
VariableCost,VGB,GLOBAL,MINCOGURY,,,1,2036,,,,,,9.478
VariableCost,VGB,GLOBAL,MINCOGURY,,,1,2037,,,,,,9.478
VariableCost,VGB,GLOBAL,MINCOGURY,,,1,2038,,,,,,9.478
VariableCost,VGB,GLOBAL,MINCOGURY,,,1,2039,,,,,,9.478
VariableCost,VGB,GLOBAL,MINCOGURY,,,1,2040,,,,,,9.478
VariableCost,VGB,GLOBAL,MINCOGURY,,,1,2041,,,,,,9.478
VariableCost,VGB,GLOBAL,MINCOGURY,,,1,2042,,,,,,9.478
VariableCost,VGB,GLOBAL,MINCOGURY,,,1,2043,,,,,,9.478
VariableCost,VGB,GLOBAL,MINCOGURY,,,1,2044,,,,,,9.478
VariableCost,VGB,GLOBAL,MINCOGURY,,,1,2045,,,,,,9.478
VariableCost,VGB,GLOBAL,MINCOGURY,,,1,2046,,,,,,9.478
VariableCost,VGB,GLOBAL,MINCOGURY,,,1,2047,,,,,,9.478
VariableCost,VGB,GLOBAL,MINCOGURY,,,1,2048,,,,,,9.478
VariableCost,VGB,GLOBAL,MINCOGURY,,,1,2049,,,,,,9.478
VariableCost,VGB,GLOBAL,MINCOGURY,,,1,2050,,,,,,9.478
VariableCost,VGB,GLOBAL,MINGASARG,,,1,2023,,,,,,9.478
VariableCost,VGB,GLOBAL,MINGASARG,,,1,2024,,,,,,9.478
VariableCost,VGB,GLOBAL,MINGASARG,,,1,2025,,,,,,9.478
VariableCost,VGB,GLOBAL,MINGASARG,,,1,2026,,,,,,9.478
VariableCost,VGB,GLOBAL,MINGASARG,,,1,2027,,,,,,9.478
VariableCost,VGB,GLOBAL,MINGASARG,,,1,2028,,,,,,9.478
VariableCost,VGB,GLOBAL,MINGASARG,,,1,2029,,,,,,9.478
VariableCost,VGB,GLOBAL,MINGASARG,,,1,2030,,,,,,9.478
VariableCost,VGB,GLOBAL,MINGASARG,,,1,2031,,,,,,9.478
VariableCost,VGB,GLOBAL,MINGASARG,,,1,2032,,,,,,9.478
VariableCost,VGB,GLOBAL,MINGASARG,,,1,2033,,,,,,9.478
VariableCost,VGB,GLOBAL,MINGASARG,,,1,2034,,,,,,9.478
VariableCost,VGB,GLOBAL,MINGASARG,,,1,2035,,,,,,9.478
VariableCost,VGB,GLOBAL,MINGASARG,,,1,2036,,,,,,9.478
VariableCost,VGB,GLOBAL,MINGASARG,,,1,2037,,,,,,9.478
VariableCost,VGB,GLOBAL,MINGASARG,,,1,2038,,,,,,9.478
VariableCost,VGB,GLOBAL,MINGASARG,,,1,2039,,,,,,9.478
VariableCost,VGB,GLOBAL,MINGASARG,,,1,2040,,,,,,9.478
VariableCost,VGB,GLOBAL,MINGASARG,,,1,2041,,,,,,9.478
VariableCost,VGB,GLOBAL,MINGASARG,,,1,2042,,,,,,9.478
VariableCost,VGB,GLOBAL,MINGASARG,,,1,2043,,,,,,9.478
VariableCost,VGB,GLOBAL,MINGASARG,,,1,2044,,,,,,9.478
VariableCost,VGB,GLOBAL,MINGASARG,,,1,2045,,,,,,9.478
VariableCost,VGB,GLOBAL,MINGASARG,,,1,2046,,,,,,9.478
VariableCost,VGB,GLOBAL,MINGASARG,,,1,2047,,,,,,9.478
VariableCost,VGB,GLOBAL,MINGASARG,,,1,2048,,,,,,9.478
VariableCost,VGB,GLOBAL,MINGASARG,,,1,2049,,,,,,9.478
VariableCost,VGB,GLOBAL,MINGASARG,,,1,2050,,,,,,9.478
VariableCost,VGB,GLOBAL,MINGASBOL,,,1,2023,,,,,,9.478
VariableCost,VGB,GLOBAL,MINGASBOL,,,1,2024,,,,,,9.478
VariableCost,VGB,GLOBAL,MINGASBOL,,,1,2025,,,,,,9.478
VariableCost,VGB,GLOBAL,MINGASBOL,,,1,2026,,,,,,9.478
VariableCost,VGB,GLOBAL,MINGASBOL,,,1,2027,,,,,,9.478
VariableCost,VGB,GLOBAL,MINGASBOL,,,1,2028,,,,,,9.478
VariableCost,VGB,GLOBAL,MINGASBOL,,,1,2029,,,,,,9.478
VariableCost,VGB,GLOBAL,MINGASBOL,,,1,2030,,,,,,9.478
VariableCost,VGB,GLOBAL,MINGASBOL,,,1,2031,,,,,,9.478
VariableCost,VGB,GLOBAL,MINGASBOL,,,1,2032,,,,,,9.478
VariableCost,VGB,GLOBAL,MINGASBOL,,,1,2033,,,,,,9.478
VariableCost,VGB,GLOBAL,MINGASBOL,,,1,2034,,,,,,9.478
VariableCost,VGB,GLOBAL,MINGASBOL,,,1,2035,,,,,,9.478
VariableCost,VGB,GLOBAL,MINGASBOL,,,1,2036,,,,,,9.478
VariableCost,VGB,GLOBAL,MINGASBOL,,,1,2037,,,,,,9.478
VariableCost,VGB,GLOBAL,MINGASBOL,,,1,2038,,,,,,9.478
VariableCost,VGB,GLOBAL,MINGASBOL,,,1,2039,,,,,,9.478
VariableCost,VGB,GLOBAL,MINGASBOL,,,1,2040,,,,,,9.478
VariableCost,VGB,GLOBAL,MINGASBOL,,,1,2041,,,,,,9.478
VariableCost,VGB,GLOBAL,MINGASBOL,,,1,2042,,,,,,9.478
VariableCost,VGB,GLOBAL,MINGASBOL,,,1,2043,,,,,,9.478
VariableCost,VGB,GLOBAL,MINGASBOL,,,1,2044,,,,,,9.478
VariableCost,VGB,GLOBAL,MINGASBOL,,,1,2045,,,,,,9.478
VariableCost,VGB,GLOBAL,MINGASBOL,,,1,2046,,,,,,9.478
VariableCost,VGB,GLOBAL,MINGASBOL,,,1,2047,,,,,,9.478
VariableCost,VGB,GLOBAL,MINGASBOL,,,1,2048,,,,,,9.478
VariableCost,VGB,GLOBAL,MINGASBOL,,,1,2049,,,,,,9.478
VariableCost,VGB,GLOBAL,MINGASBOL,,,1,2050,,,,,,9.478
VariableCost,VGB,GLOBAL,MINGASBRA,,,1,2023,,,,,,9.478
VariableCost,VGB,GLOBAL,MINGASBRA,,,1,2024,,,,,,9.478
VariableCost,VGB,GLOBAL,MINGASBRA,,,1,2025,,,,,,9.478
VariableCost,VGB,GLOBAL,MINGASBRA,,,1,2026,,,,,,9.478
VariableCost,VGB,GLOBAL,MINGASBRA,,,1,2027,,,,,,9.478
VariableCost,VGB,GLOBAL,MINGASBRA,,,1,2028,,,,,,9.478
VariableCost,VGB,GLOBAL,MINGASBRA,,,1,2029,,,,,,9.478
VariableCost,VGB,GLOBAL,MINGASBRA,,,1,2030,,,,,,9.478
VariableCost,VGB,GLOBAL,MINGASBRA,,,1,2031,,,,,,9.478
VariableCost,VGB,GLOBAL,MINGASBRA,,,1,2032,,,,,,9.478
VariableCost,VGB,GLOBAL,MINGASBRA,,,1,2033,,,,,,9.478
VariableCost,VGB,GLOBAL,MINGASBRA,,,1,2034,,,,,,9.478
VariableCost,VGB,GLOBAL,MINGASBRA,,,1,2035,,,,,,9.478
VariableCost,VGB,GLOBAL,MINGASBRA,,,1,2036,,,,,,9.478
VariableCost,VGB,GLOBAL,MINGASBRA,,,1,2037,,,,,,9.478
VariableCost,VGB,GLOBAL,MINGASBRA,,,1,2038,,,,,,9.478
VariableCost,VGB,GLOBAL,MINGASBRA,,,1,2039,,,,,,9.478
VariableCost,VGB,GLOBAL,MINGASBRA,,,1,2040,,,,,,9.478
VariableCost,VGB,GLOBAL,MINGASBRA,,,1,2041,,,,,,9.478
VariableCost,VGB,GLOBAL,MINGASBRA,,,1,2042,,,,,,9.478
VariableCost,VGB,GLOBAL,MINGASBRA,,,1,2043,,,,,,9.478
VariableCost,VGB,GLOBAL,MINGASBRA,,,1,2044,,,,,,9.478
VariableCost,VGB,GLOBAL,MINGASBRA,,,1,2045,,,,,,9.478
VariableCost,VGB,GLOBAL,MINGASBRA,,,1,2046,,,,,,9.478
VariableCost,VGB,GLOBAL,MINGASBRA,,,1,2047,,,,,,9.478
VariableCost,VGB,GLOBAL,MINGASBRA,,,1,2048,,,,,,9.478
VariableCost,VGB,GLOBAL,MINGASBRA,,,1,2049,,,,,,9.478
VariableCost,VGB,GLOBAL,MINGASBRA,,,1,2050,,,,,,9.478
VariableCost,VGB,GLOBAL,MINGASBRB,,,1,2023,,,,,,9.478
VariableCost,VGB,GLOBAL,MINGASBRB,,,1,2024,,,,,,9.478
VariableCost,VGB,GLOBAL,MINGASBRB,,,1,2025,,,,,,9.478
VariableCost,VGB,GLOBAL,MINGASBRB,,,1,2026,,,,,,9.478
VariableCost,VGB,GLOBAL,MINGASBRB,,,1,2027,,,,,,9.478
VariableCost,VGB,GLOBAL,MINGASBRB,,,1,2028,,,,,,9.478
VariableCost,VGB,GLOBAL,MINGASBRB,,,1,2029,,,,,,9.478
VariableCost,VGB,GLOBAL,MINGASBRB,,,1,2030,,,,,,9.478
VariableCost,VGB,GLOBAL,MINGASBRB,,,1,2031,,,,,,9.478
VariableCost,VGB,GLOBAL,MINGASBRB,,,1,2032,,,,,,9.478
VariableCost,VGB,GLOBAL,MINGASBRB,,,1,2033,,,,,,9.478
VariableCost,VGB,GLOBAL,MINGASBRB,,,1,2034,,,,,,9.478
VariableCost,VGB,GLOBAL,MINGASBRB,,,1,2035,,,,,,9.478
VariableCost,VGB,GLOBAL,MINGASBRB,,,1,2036,,,,,,9.478
VariableCost,VGB,GLOBAL,MINGASBRB,,,1,2037,,,,,,9.478
VariableCost,VGB,GLOBAL,MINGASBRB,,,1,2038,,,,,,9.478
VariableCost,VGB,GLOBAL,MINGASBRB,,,1,2039,,,,,,9.478
VariableCost,VGB,GLOBAL,MINGASBRB,,,1,2040,,,,,,9.478
VariableCost,VGB,GLOBAL,MINGASBRB,,,1,2041,,,,,,9.478
VariableCost,VGB,GLOBAL,MINGASBRB,,,1,2042,,,,,,9.478
VariableCost,VGB,GLOBAL,MINGASBRB,,,1,2043,,,,,,9.478
VariableCost,VGB,GLOBAL,MINGASBRB,,,1,2044,,,,,,9.478
VariableCost,VGB,GLOBAL,MINGASBRB,,,1,2045,,,,,,9.478
VariableCost,VGB,GLOBAL,MINGASBRB,,,1,2046,,,,,,9.478
VariableCost,VGB,GLOBAL,MINGASBRB,,,1,2047,,,,,,9.478
VariableCost,VGB,GLOBAL,MINGASBRB,,,1,2048,,,,,,9.478
VariableCost,VGB,GLOBAL,MINGASBRB,,,1,2049,,,,,,9.478
VariableCost,VGB,GLOBAL,MINGASBRB,,,1,2050,,,,,,9.478
VariableCost,VGB,GLOBAL,MINGASCHL,,,1,2023,,,,,,9.478
VariableCost,VGB,GLOBAL,MINGASCHL,,,1,2024,,,,,,9.478
VariableCost,VGB,GLOBAL,MINGASCHL,,,1,2025,,,,,,9.478
VariableCost,VGB,GLOBAL,MINGASCHL,,,1,2026,,,,,,9.478
VariableCost,VGB,GLOBAL,MINGASCHL,,,1,2027,,,,,,9.478
VariableCost,VGB,GLOBAL,MINGASCHL,,,1,2028,,,,,,9.478
VariableCost,VGB,GLOBAL,MINGASCHL,,,1,2029,,,,,,9.478
VariableCost,VGB,GLOBAL,MINGASCHL,,,1,2030,,,,,,9.478
VariableCost,VGB,GLOBAL,MINGASCHL,,,1,2031,,,,,,9.478
VariableCost,VGB,GLOBAL,MINGASCHL,,,1,2032,,,,,,9.478
VariableCost,VGB,GLOBAL,MINGASCHL,,,1,2033,,,,,,9.478
VariableCost,VGB,GLOBAL,MINGASCHL,,,1,2034,,,,,,9.478
VariableCost,VGB,GLOBAL,MINGASCHL,,,1,2035,,,,,,9.478
VariableCost,VGB,GLOBAL,MINGASCHL,,,1,2036,,,,,,9.478
VariableCost,VGB,GLOBAL,MINGASCHL,,,1,2037,,,,,,9.478
VariableCost,VGB,GLOBAL,MINGASCHL,,,1,2038,,,,,,9.478
VariableCost,VGB,GLOBAL,MINGASCHL,,,1,2039,,,,,,9.478
VariableCost,VGB,GLOBAL,MINGASCHL,,,1,2040,,,,,,9.478
VariableCost,VGB,GLOBAL,MINGASCHL,,,1,2041,,,,,,9.478
VariableCost,VGB,GLOBAL,MINGASCHL,,,1,2042,,,,,,9.478
VariableCost,VGB,GLOBAL,MINGASCHL,,,1,2043,,,,,,9.478
VariableCost,VGB,GLOBAL,MINGASCHL,,,1,2044,,,,,,9.478
VariableCost,VGB,GLOBAL,MINGASCHL,,,1,2045,,,,,,9.478
VariableCost,VGB,GLOBAL,MINGASCHL,,,1,2046,,,,,,9.478
VariableCost,VGB,GLOBAL,MINGASCHL,,,1,2047,,,,,,9.478
VariableCost,VGB,GLOBAL,MINGASCHL,,,1,2048,,,,,,9.478
VariableCost,VGB,GLOBAL,MINGASCHL,,,1,2049,,,,,,9.478
VariableCost,VGB,GLOBAL,MINGASCHL,,,1,2050,,,,,,9.478
VariableCost,VGB,GLOBAL,MINGASCOL,,,1,2023,,,,,,9.478
VariableCost,VGB,GLOBAL,MINGASCOL,,,1,2024,,,,,,9.478
VariableCost,VGB,GLOBAL,MINGASCOL,,,1,2025,,,,,,9.478
VariableCost,VGB,GLOBAL,MINGASCOL,,,1,2026,,,,,,9.478
VariableCost,VGB,GLOBAL,MINGASCOL,,,1,2027,,,,,,9.478
VariableCost,VGB,GLOBAL,MINGASCOL,,,1,2028,,,,,,9.478
VariableCost,VGB,GLOBAL,MINGASCOL,,,1,2029,,,,,,9.478
VariableCost,VGB,GLOBAL,MINGASCOL,,,1,2030,,,,,,9.478
VariableCost,VGB,GLOBAL,MINGASCOL,,,1,2031,,,,,,9.478
VariableCost,VGB,GLOBAL,MINGASCOL,,,1,2032,,,,,,9.478
VariableCost,VGB,GLOBAL,MINGASCOL,,,1,2033,,,,,,9.478
VariableCost,VGB,GLOBAL,MINGASCOL,,,1,2034,,,,,,9.478
VariableCost,VGB,GLOBAL,MINGASCOL,,,1,2035,,,,,,9.478
VariableCost,VGB,GLOBAL,MINGASCOL,,,1,2036,,,,,,9.478
VariableCost,VGB,GLOBAL,MINGASCOL,,,1,2037,,,,,,9.478
VariableCost,VGB,GLOBAL,MINGASCOL,,,1,2038,,,,,,9.478
VariableCost,VGB,GLOBAL,MINGASCOL,,,1,2039,,,,,,9.478
VariableCost,VGB,GLOBAL,MINGASCOL,,,1,2040,,,,,,9.478
VariableCost,VGB,GLOBAL,MINGASCOL,,,1,2041,,,,,,9.478
VariableCost,VGB,GLOBAL,MINGASCOL,,,1,2042,,,,,,9.478
VariableCost,VGB,GLOBAL,MINGASCOL,,,1,2043,,,,,,9.478
VariableCost,VGB,GLOBAL,MINGASCOL,,,1,2044,,,,,,9.478
VariableCost,VGB,GLOBAL,MINGASCOL,,,1,2045,,,,,,9.478
VariableCost,VGB,GLOBAL,MINGASCOL,,,1,2046,,,,,,9.478
VariableCost,VGB,GLOBAL,MINGASCOL,,,1,2047,,,,,,9.478
VariableCost,VGB,GLOBAL,MINGASCOL,,,1,2048,,,,,,9.478
VariableCost,VGB,GLOBAL,MINGASCOL,,,1,2049,,,,,,9.478
VariableCost,VGB,GLOBAL,MINGASCOL,,,1,2050,,,,,,9.478
VariableCost,VGB,GLOBAL,MINGASCRI,,,1,2023,,,,,,9.478
VariableCost,VGB,GLOBAL,MINGASCRI,,,1,2024,,,,,,9.478
VariableCost,VGB,GLOBAL,MINGASCRI,,,1,2025,,,,,,9.478
VariableCost,VGB,GLOBAL,MINGASCRI,,,1,2026,,,,,,9.478
VariableCost,VGB,GLOBAL,MINGASCRI,,,1,2027,,,,,,9.478
VariableCost,VGB,GLOBAL,MINGASCRI,,,1,2028,,,,,,9.478
VariableCost,VGB,GLOBAL,MINGASCRI,,,1,2029,,,,,,9.478
VariableCost,VGB,GLOBAL,MINGASCRI,,,1,2030,,,,,,9.478
VariableCost,VGB,GLOBAL,MINGASCRI,,,1,2031,,,,,,9.478
VariableCost,VGB,GLOBAL,MINGASCRI,,,1,2032,,,,,,9.478
VariableCost,VGB,GLOBAL,MINGASCRI,,,1,2033,,,,,,9.478
VariableCost,VGB,GLOBAL,MINGASCRI,,,1,2034,,,,,,9.478
VariableCost,VGB,GLOBAL,MINGASCRI,,,1,2035,,,,,,9.478
VariableCost,VGB,GLOBAL,MINGASCRI,,,1,2036,,,,,,9.478
VariableCost,VGB,GLOBAL,MINGASCRI,,,1,2037,,,,,,9.478
VariableCost,VGB,GLOBAL,MINGASCRI,,,1,2038,,,,,,9.478
VariableCost,VGB,GLOBAL,MINGASCRI,,,1,2039,,,,,,9.478
VariableCost,VGB,GLOBAL,MINGASCRI,,,1,2040,,,,,,9.478
VariableCost,VGB,GLOBAL,MINGASCRI,,,1,2041,,,,,,9.478
VariableCost,VGB,GLOBAL,MINGASCRI,,,1,2042,,,,,,9.478
VariableCost,VGB,GLOBAL,MINGASCRI,,,1,2043,,,,,,9.478
VariableCost,VGB,GLOBAL,MINGASCRI,,,1,2044,,,,,,9.478
VariableCost,VGB,GLOBAL,MINGASCRI,,,1,2045,,,,,,9.478
VariableCost,VGB,GLOBAL,MINGASCRI,,,1,2046,,,,,,9.478
VariableCost,VGB,GLOBAL,MINGASCRI,,,1,2047,,,,,,9.478
VariableCost,VGB,GLOBAL,MINGASCRI,,,1,2048,,,,,,9.478
VariableCost,VGB,GLOBAL,MINGASCRI,,,1,2049,,,,,,9.478
VariableCost,VGB,GLOBAL,MINGASCRI,,,1,2050,,,,,,9.478
VariableCost,VGB,GLOBAL,MINGASDOM,,,1,2023,,,,,,9.478
VariableCost,VGB,GLOBAL,MINGASDOM,,,1,2024,,,,,,9.478
VariableCost,VGB,GLOBAL,MINGASDOM,,,1,2025,,,,,,9.478
VariableCost,VGB,GLOBAL,MINGASDOM,,,1,2026,,,,,,9.478
VariableCost,VGB,GLOBAL,MINGASDOM,,,1,2027,,,,,,9.478
VariableCost,VGB,GLOBAL,MINGASDOM,,,1,2028,,,,,,9.478
VariableCost,VGB,GLOBAL,MINGASDOM,,,1,2029,,,,,,9.478
VariableCost,VGB,GLOBAL,MINGASDOM,,,1,2030,,,,,,9.478
VariableCost,VGB,GLOBAL,MINGASDOM,,,1,2031,,,,,,9.478
VariableCost,VGB,GLOBAL,MINGASDOM,,,1,2032,,,,,,9.478
VariableCost,VGB,GLOBAL,MINGASDOM,,,1,2033,,,,,,9.478
VariableCost,VGB,GLOBAL,MINGASDOM,,,1,2034,,,,,,9.478
VariableCost,VGB,GLOBAL,MINGASDOM,,,1,2035,,,,,,9.478
VariableCost,VGB,GLOBAL,MINGASDOM,,,1,2036,,,,,,9.478
VariableCost,VGB,GLOBAL,MINGASDOM,,,1,2037,,,,,,9.478
VariableCost,VGB,GLOBAL,MINGASDOM,,,1,2038,,,,,,9.478
VariableCost,VGB,GLOBAL,MINGASDOM,,,1,2039,,,,,,9.478
VariableCost,VGB,GLOBAL,MINGASDOM,,,1,2040,,,,,,9.478
VariableCost,VGB,GLOBAL,MINGASDOM,,,1,2041,,,,,,9.478
VariableCost,VGB,GLOBAL,MINGASDOM,,,1,2042,,,,,,9.478
VariableCost,VGB,GLOBAL,MINGASDOM,,,1,2043,,,,,,9.478
VariableCost,VGB,GLOBAL,MINGASDOM,,,1,2044,,,,,,9.478
VariableCost,VGB,GLOBAL,MINGASDOM,,,1,2045,,,,,,9.478
VariableCost,VGB,GLOBAL,MINGASDOM,,,1,2046,,,,,,9.478
VariableCost,VGB,GLOBAL,MINGASDOM,,,1,2047,,,,,,9.478
VariableCost,VGB,GLOBAL,MINGASDOM,,,1,2048,,,,,,9.478
VariableCost,VGB,GLOBAL,MINGASDOM,,,1,2049,,,,,,9.478
VariableCost,VGB,GLOBAL,MINGASDOM,,,1,2050,,,,,,9.478
VariableCost,VGB,GLOBAL,MINGASECU,,,1,2023,,,,,,9.478
VariableCost,VGB,GLOBAL,MINGASECU,,,1,2024,,,,,,9.478
VariableCost,VGB,GLOBAL,MINGASECU,,,1,2025,,,,,,9.478
VariableCost,VGB,GLOBAL,MINGASECU,,,1,2026,,,,,,9.478
VariableCost,VGB,GLOBAL,MINGASECU,,,1,2027,,,,,,9.478
VariableCost,VGB,GLOBAL,MINGASECU,,,1,2028,,,,,,9.478
VariableCost,VGB,GLOBAL,MINGASECU,,,1,2029,,,,,,9.478
VariableCost,VGB,GLOBAL,MINGASECU,,,1,2030,,,,,,9.478
VariableCost,VGB,GLOBAL,MINGASECU,,,1,2031,,,,,,9.478
VariableCost,VGB,GLOBAL,MINGASECU,,,1,2032,,,,,,9.478
VariableCost,VGB,GLOBAL,MINGASECU,,,1,2033,,,,,,9.478
VariableCost,VGB,GLOBAL,MINGASECU,,,1,2034,,,,,,9.478
VariableCost,VGB,GLOBAL,MINGASECU,,,1,2035,,,,,,9.478
VariableCost,VGB,GLOBAL,MINGASECU,,,1,2036,,,,,,9.478
VariableCost,VGB,GLOBAL,MINGASECU,,,1,2037,,,,,,9.478
VariableCost,VGB,GLOBAL,MINGASECU,,,1,2038,,,,,,9.478
VariableCost,VGB,GLOBAL,MINGASECU,,,1,2039,,,,,,9.478
VariableCost,VGB,GLOBAL,MINGASECU,,,1,2040,,,,,,9.478
VariableCost,VGB,GLOBAL,MINGASECU,,,1,2041,,,,,,9.478
VariableCost,VGB,GLOBAL,MINGASECU,,,1,2042,,,,,,9.478
VariableCost,VGB,GLOBAL,MINGASECU,,,1,2043,,,,,,9.478
VariableCost,VGB,GLOBAL,MINGASECU,,,1,2044,,,,,,9.478
VariableCost,VGB,GLOBAL,MINGASECU,,,1,2045,,,,,,9.478
VariableCost,VGB,GLOBAL,MINGASECU,,,1,2046,,,,,,9.478
VariableCost,VGB,GLOBAL,MINGASECU,,,1,2047,,,,,,9.478
VariableCost,VGB,GLOBAL,MINGASECU,,,1,2048,,,,,,9.478
VariableCost,VGB,GLOBAL,MINGASECU,,,1,2049,,,,,,9.478
VariableCost,VGB,GLOBAL,MINGASECU,,,1,2050,,,,,,9.478
VariableCost,VGB,GLOBAL,MINGASGTM,,,1,2023,,,,,,9.478
VariableCost,VGB,GLOBAL,MINGASGTM,,,1,2024,,,,,,9.478
VariableCost,VGB,GLOBAL,MINGASGTM,,,1,2025,,,,,,9.478
VariableCost,VGB,GLOBAL,MINGASGTM,,,1,2026,,,,,,9.478
VariableCost,VGB,GLOBAL,MINGASGTM,,,1,2027,,,,,,9.478
VariableCost,VGB,GLOBAL,MINGASGTM,,,1,2028,,,,,,9.478
VariableCost,VGB,GLOBAL,MINGASGTM,,,1,2029,,,,,,9.478
VariableCost,VGB,GLOBAL,MINGASGTM,,,1,2030,,,,,,9.478
VariableCost,VGB,GLOBAL,MINGASGTM,,,1,2031,,,,,,9.478
VariableCost,VGB,GLOBAL,MINGASGTM,,,1,2032,,,,,,9.478
VariableCost,VGB,GLOBAL,MINGASGTM,,,1,2033,,,,,,9.478
VariableCost,VGB,GLOBAL,MINGASGTM,,,1,2034,,,,,,9.478
VariableCost,VGB,GLOBAL,MINGASGTM,,,1,2035,,,,,,9.478
VariableCost,VGB,GLOBAL,MINGASGTM,,,1,2036,,,,,,9.478
VariableCost,VGB,GLOBAL,MINGASGTM,,,1,2037,,,,,,9.478
VariableCost,VGB,GLOBAL,MINGASGTM,,,1,2038,,,,,,9.478
VariableCost,VGB,GLOBAL,MINGASGTM,,,1,2039,,,,,,9.478
VariableCost,VGB,GLOBAL,MINGASGTM,,,1,2040,,,,,,9.478
VariableCost,VGB,GLOBAL,MINGASGTM,,,1,2041,,,,,,9.478
VariableCost,VGB,GLOBAL,MINGASGTM,,,1,2042,,,,,,9.478
VariableCost,VGB,GLOBAL,MINGASGTM,,,1,2043,,,,,,9.478
VariableCost,VGB,GLOBAL,MINGASGTM,,,1,2044,,,,,,9.478
VariableCost,VGB,GLOBAL,MINGASGTM,,,1,2045,,,,,,9.478
VariableCost,VGB,GLOBAL,MINGASGTM,,,1,2046,,,,,,9.478
VariableCost,VGB,GLOBAL,MINGASGTM,,,1,2047,,,,,,9.478
VariableCost,VGB,GLOBAL,MINGASGTM,,,1,2048,,,,,,9.478
VariableCost,VGB,GLOBAL,MINGASGTM,,,1,2049,,,,,,9.478
VariableCost,VGB,GLOBAL,MINGASGTM,,,1,2050,,,,,,9.478
VariableCost,VGB,GLOBAL,MINGASHND,,,1,2023,,,,,,9.478
VariableCost,VGB,GLOBAL,MINGASHND,,,1,2024,,,,,,9.478
VariableCost,VGB,GLOBAL,MINGASHND,,,1,2025,,,,,,9.478
VariableCost,VGB,GLOBAL,MINGASHND,,,1,2026,,,,,,9.478
VariableCost,VGB,GLOBAL,MINGASHND,,,1,2027,,,,,,9.478
VariableCost,VGB,GLOBAL,MINGASHND,,,1,2028,,,,,,9.478
VariableCost,VGB,GLOBAL,MINGASHND,,,1,2029,,,,,,9.478
VariableCost,VGB,GLOBAL,MINGASHND,,,1,2030,,,,,,9.478
VariableCost,VGB,GLOBAL,MINGASHND,,,1,2031,,,,,,9.478
VariableCost,VGB,GLOBAL,MINGASHND,,,1,2032,,,,,,9.478
VariableCost,VGB,GLOBAL,MINGASHND,,,1,2033,,,,,,9.478
VariableCost,VGB,GLOBAL,MINGASHND,,,1,2034,,,,,,9.478
VariableCost,VGB,GLOBAL,MINGASHND,,,1,2035,,,,,,9.478
VariableCost,VGB,GLOBAL,MINGASHND,,,1,2036,,,,,,9.478
VariableCost,VGB,GLOBAL,MINGASHND,,,1,2037,,,,,,9.478
VariableCost,VGB,GLOBAL,MINGASHND,,,1,2038,,,,,,9.478
VariableCost,VGB,GLOBAL,MINGASHND,,,1,2039,,,,,,9.478
VariableCost,VGB,GLOBAL,MINGASHND,,,1,2040,,,,,,9.478
VariableCost,VGB,GLOBAL,MINGASHND,,,1,2041,,,,,,9.478
VariableCost,VGB,GLOBAL,MINGASHND,,,1,2042,,,,,,9.478
VariableCost,VGB,GLOBAL,MINGASHND,,,1,2043,,,,,,9.478
VariableCost,VGB,GLOBAL,MINGASHND,,,1,2044,,,,,,9.478
VariableCost,VGB,GLOBAL,MINGASHND,,,1,2045,,,,,,9.478
VariableCost,VGB,GLOBAL,MINGASHND,,,1,2046,,,,,,9.478
VariableCost,VGB,GLOBAL,MINGASHND,,,1,2047,,,,,,9.478
VariableCost,VGB,GLOBAL,MINGASHND,,,1,2048,,,,,,9.478
VariableCost,VGB,GLOBAL,MINGASHND,,,1,2049,,,,,,9.478
VariableCost,VGB,GLOBAL,MINGASHND,,,1,2050,,,,,,9.478
VariableCost,VGB,GLOBAL,MINGASHTI,,,1,2023,,,,,,9.478
VariableCost,VGB,GLOBAL,MINGASHTI,,,1,2024,,,,,,9.478
VariableCost,VGB,GLOBAL,MINGASHTI,,,1,2025,,,,,,9.478
VariableCost,VGB,GLOBAL,MINGASHTI,,,1,2026,,,,,,9.478
VariableCost,VGB,GLOBAL,MINGASHTI,,,1,2027,,,,,,9.478
VariableCost,VGB,GLOBAL,MINGASHTI,,,1,2028,,,,,,9.478
VariableCost,VGB,GLOBAL,MINGASHTI,,,1,2029,,,,,,9.478
VariableCost,VGB,GLOBAL,MINGASHTI,,,1,2030,,,,,,9.478
VariableCost,VGB,GLOBAL,MINGASHTI,,,1,2031,,,,,,9.478
VariableCost,VGB,GLOBAL,MINGASHTI,,,1,2032,,,,,,9.478
VariableCost,VGB,GLOBAL,MINGASHTI,,,1,2033,,,,,,9.478
VariableCost,VGB,GLOBAL,MINGASHTI,,,1,2034,,,,,,9.478
VariableCost,VGB,GLOBAL,MINGASHTI,,,1,2035,,,,,,9.478
VariableCost,VGB,GLOBAL,MINGASHTI,,,1,2036,,,,,,9.478
VariableCost,VGB,GLOBAL,MINGASHTI,,,1,2037,,,,,,9.478
VariableCost,VGB,GLOBAL,MINGASHTI,,,1,2038,,,,,,9.478
VariableCost,VGB,GLOBAL,MINGASHTI,,,1,2039,,,,,,9.478
VariableCost,VGB,GLOBAL,MINGASHTI,,,1,2040,,,,,,9.478
VariableCost,VGB,GLOBAL,MINGASHTI,,,1,2041,,,,,,9.478
VariableCost,VGB,GLOBAL,MINGASHTI,,,1,2042,,,,,,9.478
VariableCost,VGB,GLOBAL,MINGASHTI,,,1,2043,,,,,,9.478
VariableCost,VGB,GLOBAL,MINGASHTI,,,1,2044,,,,,,9.478
VariableCost,VGB,GLOBAL,MINGASHTI,,,1,2045,,,,,,9.478
VariableCost,VGB,GLOBAL,MINGASHTI,,,1,2046,,,,,,9.478
VariableCost,VGB,GLOBAL,MINGASHTI,,,1,2047,,,,,,9.478
VariableCost,VGB,GLOBAL,MINGASHTI,,,1,2048,,,,,,9.478
VariableCost,VGB,GLOBAL,MINGASHTI,,,1,2049,,,,,,9.478
VariableCost,VGB,GLOBAL,MINGASHTI,,,1,2050,,,,,,9.478
VariableCost,VGB,GLOBAL,MINGASINT,,,1,2023,,,,,,12.322
VariableCost,VGB,GLOBAL,MINGASINT,,,1,2024,,,,,,12.322
VariableCost,VGB,GLOBAL,MINGASINT,,,1,2025,,,,,,12.322
VariableCost,VGB,GLOBAL,MINGASINT,,,1,2026,,,,,,12.322
VariableCost,VGB,GLOBAL,MINGASINT,,,1,2027,,,,,,12.322
VariableCost,VGB,GLOBAL,MINGASINT,,,1,2028,,,,,,12.322
VariableCost,VGB,GLOBAL,MINGASINT,,,1,2029,,,,,,12.322
VariableCost,VGB,GLOBAL,MINGASINT,,,1,2030,,,,,,12.322
VariableCost,VGB,GLOBAL,MINGASINT,,,1,2031,,,,,,12.322
VariableCost,VGB,GLOBAL,MINGASINT,,,1,2032,,,,,,12.322
VariableCost,VGB,GLOBAL,MINGASINT,,,1,2033,,,,,,12.322
VariableCost,VGB,GLOBAL,MINGASINT,,,1,2034,,,,,,12.322
VariableCost,VGB,GLOBAL,MINGASINT,,,1,2035,,,,,,12.322
VariableCost,VGB,GLOBAL,MINGASINT,,,1,2036,,,,,,12.322
VariableCost,VGB,GLOBAL,MINGASINT,,,1,2037,,,,,,12.322
VariableCost,VGB,GLOBAL,MINGASINT,,,1,2038,,,,,,12.322
VariableCost,VGB,GLOBAL,MINGASINT,,,1,2039,,,,,,12.322
VariableCost,VGB,GLOBAL,MINGASINT,,,1,2040,,,,,,12.322
VariableCost,VGB,GLOBAL,MINGASINT,,,1,2041,,,,,,12.322
VariableCost,VGB,GLOBAL,MINGASINT,,,1,2042,,,,,,12.322
VariableCost,VGB,GLOBAL,MINGASINT,,,1,2043,,,,,,12.322
VariableCost,VGB,GLOBAL,MINGASINT,,,1,2044,,,,,,12.322
VariableCost,VGB,GLOBAL,MINGASINT,,,1,2045,,,,,,12.322
VariableCost,VGB,GLOBAL,MINGASINT,,,1,2046,,,,,,12.322
VariableCost,VGB,GLOBAL,MINGASINT,,,1,2047,,,,,,12.322
VariableCost,VGB,GLOBAL,MINGASINT,,,1,2048,,,,,,12.322
VariableCost,VGB,GLOBAL,MINGASINT,,,1,2049,,,,,,12.322
VariableCost,VGB,GLOBAL,MINGASINT,,,1,2050,,,,,,12.322
VariableCost,VGB,GLOBAL,MINGASMEX,,,1,2023,,,,,,9.478
VariableCost,VGB,GLOBAL,MINGASMEX,,,1,2024,,,,,,9.478
VariableCost,VGB,GLOBAL,MINGASMEX,,,1,2025,,,,,,9.478
VariableCost,VGB,GLOBAL,MINGASMEX,,,1,2026,,,,,,9.478
VariableCost,VGB,GLOBAL,MINGASMEX,,,1,2027,,,,,,9.478
VariableCost,VGB,GLOBAL,MINGASMEX,,,1,2028,,,,,,9.478
VariableCost,VGB,GLOBAL,MINGASMEX,,,1,2029,,,,,,9.478
VariableCost,VGB,GLOBAL,MINGASMEX,,,1,2030,,,,,,9.478
VariableCost,VGB,GLOBAL,MINGASMEX,,,1,2031,,,,,,9.478
VariableCost,VGB,GLOBAL,MINGASMEX,,,1,2032,,,,,,9.478
VariableCost,VGB,GLOBAL,MINGASMEX,,,1,2033,,,,,,9.478
VariableCost,VGB,GLOBAL,MINGASMEX,,,1,2034,,,,,,9.478
VariableCost,VGB,GLOBAL,MINGASMEX,,,1,2035,,,,,,9.478
VariableCost,VGB,GLOBAL,MINGASMEX,,,1,2036,,,,,,9.478
VariableCost,VGB,GLOBAL,MINGASMEX,,,1,2037,,,,,,9.478
VariableCost,VGB,GLOBAL,MINGASMEX,,,1,2038,,,,,,9.478
VariableCost,VGB,GLOBAL,MINGASMEX,,,1,2039,,,,,,9.478
VariableCost,VGB,GLOBAL,MINGASMEX,,,1,2040,,,,,,9.478
VariableCost,VGB,GLOBAL,MINGASMEX,,,1,2041,,,,,,9.478
VariableCost,VGB,GLOBAL,MINGASMEX,,,1,2042,,,,,,9.478
VariableCost,VGB,GLOBAL,MINGASMEX,,,1,2043,,,,,,9.478
VariableCost,VGB,GLOBAL,MINGASMEX,,,1,2044,,,,,,9.478
VariableCost,VGB,GLOBAL,MINGASMEX,,,1,2045,,,,,,9.478
VariableCost,VGB,GLOBAL,MINGASMEX,,,1,2046,,,,,,9.478
VariableCost,VGB,GLOBAL,MINGASMEX,,,1,2047,,,,,,9.478
VariableCost,VGB,GLOBAL,MINGASMEX,,,1,2048,,,,,,9.478
VariableCost,VGB,GLOBAL,MINGASMEX,,,1,2049,,,,,,9.478
VariableCost,VGB,GLOBAL,MINGASMEX,,,1,2050,,,,,,9.478
VariableCost,VGB,GLOBAL,MINGASNIC,,,1,2023,,,,,,9.478
VariableCost,VGB,GLOBAL,MINGASNIC,,,1,2024,,,,,,9.478
VariableCost,VGB,GLOBAL,MINGASNIC,,,1,2025,,,,,,9.478
VariableCost,VGB,GLOBAL,MINGASNIC,,,1,2026,,,,,,9.478
VariableCost,VGB,GLOBAL,MINGASNIC,,,1,2027,,,,,,9.478
VariableCost,VGB,GLOBAL,MINGASNIC,,,1,2028,,,,,,9.478
VariableCost,VGB,GLOBAL,MINGASNIC,,,1,2029,,,,,,9.478
VariableCost,VGB,GLOBAL,MINGASNIC,,,1,2030,,,,,,9.478
VariableCost,VGB,GLOBAL,MINGASNIC,,,1,2031,,,,,,9.478
VariableCost,VGB,GLOBAL,MINGASNIC,,,1,2032,,,,,,9.478
VariableCost,VGB,GLOBAL,MINGASNIC,,,1,2033,,,,,,9.478
VariableCost,VGB,GLOBAL,MINGASNIC,,,1,2034,,,,,,9.478
VariableCost,VGB,GLOBAL,MINGASNIC,,,1,2035,,,,,,9.478
VariableCost,VGB,GLOBAL,MINGASNIC,,,1,2036,,,,,,9.478
VariableCost,VGB,GLOBAL,MINGASNIC,,,1,2037,,,,,,9.478
VariableCost,VGB,GLOBAL,MINGASNIC,,,1,2038,,,,,,9.478
VariableCost,VGB,GLOBAL,MINGASNIC,,,1,2039,,,,,,9.478
VariableCost,VGB,GLOBAL,MINGASNIC,,,1,2040,,,,,,9.478
VariableCost,VGB,GLOBAL,MINGASNIC,,,1,2041,,,,,,9.478
VariableCost,VGB,GLOBAL,MINGASNIC,,,1,2042,,,,,,9.478
VariableCost,VGB,GLOBAL,MINGASNIC,,,1,2043,,,,,,9.478
VariableCost,VGB,GLOBAL,MINGASNIC,,,1,2044,,,,,,9.478
VariableCost,VGB,GLOBAL,MINGASNIC,,,1,2045,,,,,,9.478
VariableCost,VGB,GLOBAL,MINGASNIC,,,1,2046,,,,,,9.478
VariableCost,VGB,GLOBAL,MINGASNIC,,,1,2047,,,,,,9.478
VariableCost,VGB,GLOBAL,MINGASNIC,,,1,2048,,,,,,9.478
VariableCost,VGB,GLOBAL,MINGASNIC,,,1,2049,,,,,,9.478
VariableCost,VGB,GLOBAL,MINGASNIC,,,1,2050,,,,,,9.478
VariableCost,VGB,GLOBAL,MINGASPAN,,,1,2023,,,,,,9.478
VariableCost,VGB,GLOBAL,MINGASPAN,,,1,2024,,,,,,9.478
VariableCost,VGB,GLOBAL,MINGASPAN,,,1,2025,,,,,,9.478
VariableCost,VGB,GLOBAL,MINGASPAN,,,1,2026,,,,,,9.478
VariableCost,VGB,GLOBAL,MINGASPAN,,,1,2027,,,,,,9.478
VariableCost,VGB,GLOBAL,MINGASPAN,,,1,2028,,,,,,9.478
VariableCost,VGB,GLOBAL,MINGASPAN,,,1,2029,,,,,,9.478
VariableCost,VGB,GLOBAL,MINGASPAN,,,1,2030,,,,,,9.478
VariableCost,VGB,GLOBAL,MINGASPAN,,,1,2031,,,,,,9.478
VariableCost,VGB,GLOBAL,MINGASPAN,,,1,2032,,,,,,9.478
VariableCost,VGB,GLOBAL,MINGASPAN,,,1,2033,,,,,,9.478
VariableCost,VGB,GLOBAL,MINGASPAN,,,1,2034,,,,,,9.478
VariableCost,VGB,GLOBAL,MINGASPAN,,,1,2035,,,,,,9.478
VariableCost,VGB,GLOBAL,MINGASPAN,,,1,2036,,,,,,9.478
VariableCost,VGB,GLOBAL,MINGASPAN,,,1,2037,,,,,,9.478
VariableCost,VGB,GLOBAL,MINGASPAN,,,1,2038,,,,,,9.478
VariableCost,VGB,GLOBAL,MINGASPAN,,,1,2039,,,,,,9.478
VariableCost,VGB,GLOBAL,MINGASPAN,,,1,2040,,,,,,9.478
VariableCost,VGB,GLOBAL,MINGASPAN,,,1,2041,,,,,,9.478
VariableCost,VGB,GLOBAL,MINGASPAN,,,1,2042,,,,,,9.478
VariableCost,VGB,GLOBAL,MINGASPAN,,,1,2043,,,,,,9.478
VariableCost,VGB,GLOBAL,MINGASPAN,,,1,2044,,,,,,9.478
VariableCost,VGB,GLOBAL,MINGASPAN,,,1,2045,,,,,,9.478
VariableCost,VGB,GLOBAL,MINGASPAN,,,1,2046,,,,,,9.478
VariableCost,VGB,GLOBAL,MINGASPAN,,,1,2047,,,,,,9.478
VariableCost,VGB,GLOBAL,MINGASPAN,,,1,2048,,,,,,9.478
VariableCost,VGB,GLOBAL,MINGASPAN,,,1,2049,,,,,,9.478
VariableCost,VGB,GLOBAL,MINGASPAN,,,1,2050,,,,,,9.478
VariableCost,VGB,GLOBAL,MINGASPER,,,1,2023,,,,,,9.478
VariableCost,VGB,GLOBAL,MINGASPER,,,1,2024,,,,,,9.478
VariableCost,VGB,GLOBAL,MINGASPER,,,1,2025,,,,,,9.478
VariableCost,VGB,GLOBAL,MINGASPER,,,1,2026,,,,,,9.478
VariableCost,VGB,GLOBAL,MINGASPER,,,1,2027,,,,,,9.478
VariableCost,VGB,GLOBAL,MINGASPER,,,1,2028,,,,,,9.478
VariableCost,VGB,GLOBAL,MINGASPER,,,1,2029,,,,,,9.478
VariableCost,VGB,GLOBAL,MINGASPER,,,1,2030,,,,,,9.478
VariableCost,VGB,GLOBAL,MINGASPER,,,1,2031,,,,,,9.478
VariableCost,VGB,GLOBAL,MINGASPER,,,1,2032,,,,,,9.478
VariableCost,VGB,GLOBAL,MINGASPER,,,1,2033,,,,,,9.478
VariableCost,VGB,GLOBAL,MINGASPER,,,1,2034,,,,,,9.478
VariableCost,VGB,GLOBAL,MINGASPER,,,1,2035,,,,,,9.478
VariableCost,VGB,GLOBAL,MINGASPER,,,1,2036,,,,,,9.478
VariableCost,VGB,GLOBAL,MINGASPER,,,1,2037,,,,,,9.478
VariableCost,VGB,GLOBAL,MINGASPER,,,1,2038,,,,,,9.478
VariableCost,VGB,GLOBAL,MINGASPER,,,1,2039,,,,,,9.478
VariableCost,VGB,GLOBAL,MINGASPER,,,1,2040,,,,,,9.478
VariableCost,VGB,GLOBAL,MINGASPER,,,1,2041,,,,,,9.478
VariableCost,VGB,GLOBAL,MINGASPER,,,1,2042,,,,,,9.478
VariableCost,VGB,GLOBAL,MINGASPER,,,1,2043,,,,,,9.478
VariableCost,VGB,GLOBAL,MINGASPER,,,1,2044,,,,,,9.478
VariableCost,VGB,GLOBAL,MINGASPER,,,1,2045,,,,,,9.478
VariableCost,VGB,GLOBAL,MINGASPER,,,1,2046,,,,,,9.478
VariableCost,VGB,GLOBAL,MINGASPER,,,1,2047,,,,,,9.478
VariableCost,VGB,GLOBAL,MINGASPER,,,1,2048,,,,,,9.478
VariableCost,VGB,GLOBAL,MINGASPER,,,1,2049,,,,,,9.478
VariableCost,VGB,GLOBAL,MINGASPER,,,1,2050,,,,,,9.478
VariableCost,VGB,GLOBAL,MINGASPRY,,,1,2023,,,,,,9.478
VariableCost,VGB,GLOBAL,MINGASPRY,,,1,2024,,,,,,9.478
VariableCost,VGB,GLOBAL,MINGASPRY,,,1,2025,,,,,,9.478
VariableCost,VGB,GLOBAL,MINGASPRY,,,1,2026,,,,,,9.478
VariableCost,VGB,GLOBAL,MINGASPRY,,,1,2027,,,,,,9.478
VariableCost,VGB,GLOBAL,MINGASPRY,,,1,2028,,,,,,9.478
VariableCost,VGB,GLOBAL,MINGASPRY,,,1,2029,,,,,,9.478
VariableCost,VGB,GLOBAL,MINGASPRY,,,1,2030,,,,,,9.478
VariableCost,VGB,GLOBAL,MINGASPRY,,,1,2031,,,,,,9.478
VariableCost,VGB,GLOBAL,MINGASPRY,,,1,2032,,,,,,9.478
VariableCost,VGB,GLOBAL,MINGASPRY,,,1,2033,,,,,,9.478
VariableCost,VGB,GLOBAL,MINGASPRY,,,1,2034,,,,,,9.478
VariableCost,VGB,GLOBAL,MINGASPRY,,,1,2035,,,,,,9.478
VariableCost,VGB,GLOBAL,MINGASPRY,,,1,2036,,,,,,9.478
VariableCost,VGB,GLOBAL,MINGASPRY,,,1,2037,,,,,,9.478
VariableCost,VGB,GLOBAL,MINGASPRY,,,1,2038,,,,,,9.478
VariableCost,VGB,GLOBAL,MINGASPRY,,,1,2039,,,,,,9.478
VariableCost,VGB,GLOBAL,MINGASPRY,,,1,2040,,,,,,9.478
VariableCost,VGB,GLOBAL,MINGASPRY,,,1,2041,,,,,,9.478
VariableCost,VGB,GLOBAL,MINGASPRY,,,1,2042,,,,,,9.478
VariableCost,VGB,GLOBAL,MINGASPRY,,,1,2043,,,,,,9.478
VariableCost,VGB,GLOBAL,MINGASPRY,,,1,2044,,,,,,9.478
VariableCost,VGB,GLOBAL,MINGASPRY,,,1,2045,,,,,,9.478
VariableCost,VGB,GLOBAL,MINGASPRY,,,1,2046,,,,,,9.478
VariableCost,VGB,GLOBAL,MINGASPRY,,,1,2047,,,,,,9.478
VariableCost,VGB,GLOBAL,MINGASPRY,,,1,2048,,,,,,9.478
VariableCost,VGB,GLOBAL,MINGASPRY,,,1,2049,,,,,,9.478
VariableCost,VGB,GLOBAL,MINGASPRY,,,1,2050,,,,,,9.478
VariableCost,VGB,GLOBAL,MINGASSLV,,,1,2023,,,,,,9.478
VariableCost,VGB,GLOBAL,MINGASSLV,,,1,2024,,,,,,9.478
VariableCost,VGB,GLOBAL,MINGASSLV,,,1,2025,,,,,,9.478
VariableCost,VGB,GLOBAL,MINGASSLV,,,1,2026,,,,,,9.478
VariableCost,VGB,GLOBAL,MINGASSLV,,,1,2027,,,,,,9.478
VariableCost,VGB,GLOBAL,MINGASSLV,,,1,2028,,,,,,9.478
VariableCost,VGB,GLOBAL,MINGASSLV,,,1,2029,,,,,,9.478
VariableCost,VGB,GLOBAL,MINGASSLV,,,1,2030,,,,,,9.478
VariableCost,VGB,GLOBAL,MINGASSLV,,,1,2031,,,,,,9.478
VariableCost,VGB,GLOBAL,MINGASSLV,,,1,2032,,,,,,9.478
VariableCost,VGB,GLOBAL,MINGASSLV,,,1,2033,,,,,,9.478
VariableCost,VGB,GLOBAL,MINGASSLV,,,1,2034,,,,,,9.478
VariableCost,VGB,GLOBAL,MINGASSLV,,,1,2035,,,,,,9.478
VariableCost,VGB,GLOBAL,MINGASSLV,,,1,2036,,,,,,9.478
VariableCost,VGB,GLOBAL,MINGASSLV,,,1,2037,,,,,,9.478
VariableCost,VGB,GLOBAL,MINGASSLV,,,1,2038,,,,,,9.478
VariableCost,VGB,GLOBAL,MINGASSLV,,,1,2039,,,,,,9.478
VariableCost,VGB,GLOBAL,MINGASSLV,,,1,2040,,,,,,9.478
VariableCost,VGB,GLOBAL,MINGASSLV,,,1,2041,,,,,,9.478
VariableCost,VGB,GLOBAL,MINGASSLV,,,1,2042,,,,,,9.478
VariableCost,VGB,GLOBAL,MINGASSLV,,,1,2043,,,,,,9.478
VariableCost,VGB,GLOBAL,MINGASSLV,,,1,2044,,,,,,9.478
VariableCost,VGB,GLOBAL,MINGASSLV,,,1,2045,,,,,,9.478
VariableCost,VGB,GLOBAL,MINGASSLV,,,1,2046,,,,,,9.478
VariableCost,VGB,GLOBAL,MINGASSLV,,,1,2047,,,,,,9.478
VariableCost,VGB,GLOBAL,MINGASSLV,,,1,2048,,,,,,9.478
VariableCost,VGB,GLOBAL,MINGASSLV,,,1,2049,,,,,,9.478
VariableCost,VGB,GLOBAL,MINGASSLV,,,1,2050,,,,,,9.478
VariableCost,VGB,GLOBAL,MINGASURY,,,1,2023,,,,,,9.478
VariableCost,VGB,GLOBAL,MINGASURY,,,1,2024,,,,,,9.478
VariableCost,VGB,GLOBAL,MINGASURY,,,1,2025,,,,,,9.478
VariableCost,VGB,GLOBAL,MINGASURY,,,1,2026,,,,,,9.478
VariableCost,VGB,GLOBAL,MINGASURY,,,1,2027,,,,,,9.478
VariableCost,VGB,GLOBAL,MINGASURY,,,1,2028,,,,,,9.478
VariableCost,VGB,GLOBAL,MINGASURY,,,1,2029,,,,,,9.478
VariableCost,VGB,GLOBAL,MINGASURY,,,1,2030,,,,,,9.478
VariableCost,VGB,GLOBAL,MINGASURY,,,1,2031,,,,,,9.478
VariableCost,VGB,GLOBAL,MINGASURY,,,1,2032,,,,,,9.478
VariableCost,VGB,GLOBAL,MINGASURY,,,1,2033,,,,,,9.478
VariableCost,VGB,GLOBAL,MINGASURY,,,1,2034,,,,,,9.478
VariableCost,VGB,GLOBAL,MINGASURY,,,1,2035,,,,,,9.478
VariableCost,VGB,GLOBAL,MINGASURY,,,1,2036,,,,,,9.478
VariableCost,VGB,GLOBAL,MINGASURY,,,1,2037,,,,,,9.478
VariableCost,VGB,GLOBAL,MINGASURY,,,1,2038,,,,,,9.478
VariableCost,VGB,GLOBAL,MINGASURY,,,1,2039,,,,,,9.478
VariableCost,VGB,GLOBAL,MINGASURY,,,1,2040,,,,,,9.478
VariableCost,VGB,GLOBAL,MINGASURY,,,1,2041,,,,,,9.478
VariableCost,VGB,GLOBAL,MINGASURY,,,1,2042,,,,,,9.478
VariableCost,VGB,GLOBAL,MINGASURY,,,1,2043,,,,,,9.478
VariableCost,VGB,GLOBAL,MINGASURY,,,1,2044,,,,,,9.478
VariableCost,VGB,GLOBAL,MINGASURY,,,1,2045,,,,,,9.478
VariableCost,VGB,GLOBAL,MINGASURY,,,1,2046,,,,,,9.478
VariableCost,VGB,GLOBAL,MINGASURY,,,1,2047,,,,,,9.478
VariableCost,VGB,GLOBAL,MINGASURY,,,1,2048,,,,,,9.478
VariableCost,VGB,GLOBAL,MINGASURY,,,1,2049,,,,,,9.478
VariableCost,VGB,GLOBAL,MINGASURY,,,1,2050,,,,,,9.478
VariableCost,VGB,GLOBAL,MINOILARG,,,1,2023,,,,,,13.497
VariableCost,VGB,GLOBAL,MINOILARG,,,1,2024,,,,,,13.497
VariableCost,VGB,GLOBAL,MINOILARG,,,1,2025,,,,,,13.497
VariableCost,VGB,GLOBAL,MINOILARG,,,1,2026,,,,,,13.497
VariableCost,VGB,GLOBAL,MINOILARG,,,1,2027,,,,,,13.497
VariableCost,VGB,GLOBAL,MINOILARG,,,1,2028,,,,,,13.497
VariableCost,VGB,GLOBAL,MINOILARG,,,1,2029,,,,,,13.497
VariableCost,VGB,GLOBAL,MINOILARG,,,1,2030,,,,,,13.497
VariableCost,VGB,GLOBAL,MINOILARG,,,1,2031,,,,,,13.497
VariableCost,VGB,GLOBAL,MINOILARG,,,1,2032,,,,,,13.497
VariableCost,VGB,GLOBAL,MINOILARG,,,1,2033,,,,,,13.497
VariableCost,VGB,GLOBAL,MINOILARG,,,1,2034,,,,,,13.497
VariableCost,VGB,GLOBAL,MINOILARG,,,1,2035,,,,,,13.497
VariableCost,VGB,GLOBAL,MINOILARG,,,1,2036,,,,,,13.497
VariableCost,VGB,GLOBAL,MINOILARG,,,1,2037,,,,,,13.497
VariableCost,VGB,GLOBAL,MINOILARG,,,1,2038,,,,,,13.497
VariableCost,VGB,GLOBAL,MINOILARG,,,1,2039,,,,,,13.497
VariableCost,VGB,GLOBAL,MINOILARG,,,1,2040,,,,,,13.497
VariableCost,VGB,GLOBAL,MINOILARG,,,1,2041,,,,,,13.497
VariableCost,VGB,GLOBAL,MINOILARG,,,1,2042,,,,,,13.497
VariableCost,VGB,GLOBAL,MINOILARG,,,1,2043,,,,,,13.497
VariableCost,VGB,GLOBAL,MINOILARG,,,1,2044,,,,,,13.497
VariableCost,VGB,GLOBAL,MINOILARG,,,1,2045,,,,,,13.497
VariableCost,VGB,GLOBAL,MINOILARG,,,1,2046,,,,,,13.497
VariableCost,VGB,GLOBAL,MINOILARG,,,1,2047,,,,,,13.497
VariableCost,VGB,GLOBAL,MINOILARG,,,1,2048,,,,,,13.497
VariableCost,VGB,GLOBAL,MINOILARG,,,1,2049,,,,,,13.497
VariableCost,VGB,GLOBAL,MINOILARG,,,1,2050,,,,,,13.497
VariableCost,VGB,GLOBAL,MINOILBOL,,,1,2023,,,,,,13.497
VariableCost,VGB,GLOBAL,MINOILBOL,,,1,2024,,,,,,13.497
VariableCost,VGB,GLOBAL,MINOILBOL,,,1,2025,,,,,,13.497
VariableCost,VGB,GLOBAL,MINOILBOL,,,1,2026,,,,,,13.497
VariableCost,VGB,GLOBAL,MINOILBOL,,,1,2027,,,,,,13.497
VariableCost,VGB,GLOBAL,MINOILBOL,,,1,2028,,,,,,13.497
VariableCost,VGB,GLOBAL,MINOILBOL,,,1,2029,,,,,,13.497
VariableCost,VGB,GLOBAL,MINOILBOL,,,1,2030,,,,,,13.497
VariableCost,VGB,GLOBAL,MINOILBOL,,,1,2031,,,,,,13.497
VariableCost,VGB,GLOBAL,MINOILBOL,,,1,2032,,,,,,13.497
VariableCost,VGB,GLOBAL,MINOILBOL,,,1,2033,,,,,,13.497
VariableCost,VGB,GLOBAL,MINOILBOL,,,1,2034,,,,,,13.497
VariableCost,VGB,GLOBAL,MINOILBOL,,,1,2035,,,,,,13.497
VariableCost,VGB,GLOBAL,MINOILBOL,,,1,2036,,,,,,13.497
VariableCost,VGB,GLOBAL,MINOILBOL,,,1,2037,,,,,,13.497
VariableCost,VGB,GLOBAL,MINOILBOL,,,1,2038,,,,,,13.497
VariableCost,VGB,GLOBAL,MINOILBOL,,,1,2039,,,,,,13.497
VariableCost,VGB,GLOBAL,MINOILBOL,,,1,2040,,,,,,13.497
VariableCost,VGB,GLOBAL,MINOILBOL,,,1,2041,,,,,,13.497
VariableCost,VGB,GLOBAL,MINOILBOL,,,1,2042,,,,,,13.497
VariableCost,VGB,GLOBAL,MINOILBOL,,,1,2043,,,,,,13.497
VariableCost,VGB,GLOBAL,MINOILBOL,,,1,2044,,,,,,13.497
VariableCost,VGB,GLOBAL,MINOILBOL,,,1,2045,,,,,,13.497
VariableCost,VGB,GLOBAL,MINOILBOL,,,1,2046,,,,,,13.497
VariableCost,VGB,GLOBAL,MINOILBOL,,,1,2047,,,,,,13.497
VariableCost,VGB,GLOBAL,MINOILBOL,,,1,2048,,,,,,13.497
VariableCost,VGB,GLOBAL,MINOILBOL,,,1,2049,,,,,,13.497
VariableCost,VGB,GLOBAL,MINOILBOL,,,1,2050,,,,,,13.497
VariableCost,VGB,GLOBAL,MINOILBRA,,,1,2023,,,,,,13.497
VariableCost,VGB,GLOBAL,MINOILBRA,,,1,2024,,,,,,13.497
VariableCost,VGB,GLOBAL,MINOILBRA,,,1,2025,,,,,,13.497
VariableCost,VGB,GLOBAL,MINOILBRA,,,1,2026,,,,,,13.497
VariableCost,VGB,GLOBAL,MINOILBRA,,,1,2027,,,,,,13.497
VariableCost,VGB,GLOBAL,MINOILBRA,,,1,2028,,,,,,13.497
VariableCost,VGB,GLOBAL,MINOILBRA,,,1,2029,,,,,,13.497
VariableCost,VGB,GLOBAL,MINOILBRA,,,1,2030,,,,,,13.497
VariableCost,VGB,GLOBAL,MINOILBRA,,,1,2031,,,,,,13.497
VariableCost,VGB,GLOBAL,MINOILBRA,,,1,2032,,,,,,13.497
VariableCost,VGB,GLOBAL,MINOILBRA,,,1,2033,,,,,,13.497
VariableCost,VGB,GLOBAL,MINOILBRA,,,1,2034,,,,,,13.497
VariableCost,VGB,GLOBAL,MINOILBRA,,,1,2035,,,,,,13.497
VariableCost,VGB,GLOBAL,MINOILBRA,,,1,2036,,,,,,13.497
VariableCost,VGB,GLOBAL,MINOILBRA,,,1,2037,,,,,,13.497
VariableCost,VGB,GLOBAL,MINOILBRA,,,1,2038,,,,,,13.497
VariableCost,VGB,GLOBAL,MINOILBRA,,,1,2039,,,,,,13.497
VariableCost,VGB,GLOBAL,MINOILBRA,,,1,2040,,,,,,13.497
VariableCost,VGB,GLOBAL,MINOILBRA,,,1,2041,,,,,,13.497
VariableCost,VGB,GLOBAL,MINOILBRA,,,1,2042,,,,,,13.497
VariableCost,VGB,GLOBAL,MINOILBRA,,,1,2043,,,,,,13.497
VariableCost,VGB,GLOBAL,MINOILBRA,,,1,2044,,,,,,13.497
VariableCost,VGB,GLOBAL,MINOILBRA,,,1,2045,,,,,,13.497
VariableCost,VGB,GLOBAL,MINOILBRA,,,1,2046,,,,,,13.497
VariableCost,VGB,GLOBAL,MINOILBRA,,,1,2047,,,,,,13.497
VariableCost,VGB,GLOBAL,MINOILBRA,,,1,2048,,,,,,13.497
VariableCost,VGB,GLOBAL,MINOILBRA,,,1,2049,,,,,,13.497
VariableCost,VGB,GLOBAL,MINOILBRA,,,1,2050,,,,,,13.497
VariableCost,VGB,GLOBAL,MINOILBRB,,,1,2023,,,,,,13.497
VariableCost,VGB,GLOBAL,MINOILBRB,,,1,2024,,,,,,13.497
VariableCost,VGB,GLOBAL,MINOILBRB,,,1,2025,,,,,,13.497
VariableCost,VGB,GLOBAL,MINOILBRB,,,1,2026,,,,,,13.497
VariableCost,VGB,GLOBAL,MINOILBRB,,,1,2027,,,,,,13.497
VariableCost,VGB,GLOBAL,MINOILBRB,,,1,2028,,,,,,13.497
VariableCost,VGB,GLOBAL,MINOILBRB,,,1,2029,,,,,,13.497
VariableCost,VGB,GLOBAL,MINOILBRB,,,1,2030,,,,,,13.497
VariableCost,VGB,GLOBAL,MINOILBRB,,,1,2031,,,,,,13.497
VariableCost,VGB,GLOBAL,MINOILBRB,,,1,2032,,,,,,13.497
VariableCost,VGB,GLOBAL,MINOILBRB,,,1,2033,,,,,,13.497
VariableCost,VGB,GLOBAL,MINOILBRB,,,1,2034,,,,,,13.497
VariableCost,VGB,GLOBAL,MINOILBRB,,,1,2035,,,,,,13.497
VariableCost,VGB,GLOBAL,MINOILBRB,,,1,2036,,,,,,13.497
VariableCost,VGB,GLOBAL,MINOILBRB,,,1,2037,,,,,,13.497
VariableCost,VGB,GLOBAL,MINOILBRB,,,1,2038,,,,,,13.497
VariableCost,VGB,GLOBAL,MINOILBRB,,,1,2039,,,,,,13.497
VariableCost,VGB,GLOBAL,MINOILBRB,,,1,2040,,,,,,13.497
VariableCost,VGB,GLOBAL,MINOILBRB,,,1,2041,,,,,,13.497
VariableCost,VGB,GLOBAL,MINOILBRB,,,1,2042,,,,,,13.497
VariableCost,VGB,GLOBAL,MINOILBRB,,,1,2043,,,,,,13.497
VariableCost,VGB,GLOBAL,MINOILBRB,,,1,2044,,,,,,13.497
VariableCost,VGB,GLOBAL,MINOILBRB,,,1,2045,,,,,,13.497
VariableCost,VGB,GLOBAL,MINOILBRB,,,1,2046,,,,,,13.497
VariableCost,VGB,GLOBAL,MINOILBRB,,,1,2047,,,,,,13.497
VariableCost,VGB,GLOBAL,MINOILBRB,,,1,2048,,,,,,13.497
VariableCost,VGB,GLOBAL,MINOILBRB,,,1,2049,,,,,,13.497
VariableCost,VGB,GLOBAL,MINOILBRB,,,1,2050,,,,,,13.497
VariableCost,VGB,GLOBAL,MINOILCHL,,,1,2023,,,,,,13.497
VariableCost,VGB,GLOBAL,MINOILCHL,,,1,2024,,,,,,13.497
VariableCost,VGB,GLOBAL,MINOILCHL,,,1,2025,,,,,,13.497
VariableCost,VGB,GLOBAL,MINOILCHL,,,1,2026,,,,,,13.497
VariableCost,VGB,GLOBAL,MINOILCHL,,,1,2027,,,,,,13.497
VariableCost,VGB,GLOBAL,MINOILCHL,,,1,2028,,,,,,13.497
VariableCost,VGB,GLOBAL,MINOILCHL,,,1,2029,,,,,,13.497
VariableCost,VGB,GLOBAL,MINOILCHL,,,1,2030,,,,,,13.497
VariableCost,VGB,GLOBAL,MINOILCHL,,,1,2031,,,,,,13.497
VariableCost,VGB,GLOBAL,MINOILCHL,,,1,2032,,,,,,13.497
VariableCost,VGB,GLOBAL,MINOILCHL,,,1,2033,,,,,,13.497
VariableCost,VGB,GLOBAL,MINOILCHL,,,1,2034,,,,,,13.497
VariableCost,VGB,GLOBAL,MINOILCHL,,,1,2035,,,,,,13.497
VariableCost,VGB,GLOBAL,MINOILCHL,,,1,2036,,,,,,13.497
VariableCost,VGB,GLOBAL,MINOILCHL,,,1,2037,,,,,,13.497
VariableCost,VGB,GLOBAL,MINOILCHL,,,1,2038,,,,,,13.497
VariableCost,VGB,GLOBAL,MINOILCHL,,,1,2039,,,,,,13.497
VariableCost,VGB,GLOBAL,MINOILCHL,,,1,2040,,,,,,13.497
VariableCost,VGB,GLOBAL,MINOILCHL,,,1,2041,,,,,,13.497
VariableCost,VGB,GLOBAL,MINOILCHL,,,1,2042,,,,,,13.497
VariableCost,VGB,GLOBAL,MINOILCHL,,,1,2043,,,,,,13.497
VariableCost,VGB,GLOBAL,MINOILCHL,,,1,2044,,,,,,13.497
VariableCost,VGB,GLOBAL,MINOILCHL,,,1,2045,,,,,,13.497
VariableCost,VGB,GLOBAL,MINOILCHL,,,1,2046,,,,,,13.497
VariableCost,VGB,GLOBAL,MINOILCHL,,,1,2047,,,,,,13.497
VariableCost,VGB,GLOBAL,MINOILCHL,,,1,2048,,,,,,13.497
VariableCost,VGB,GLOBAL,MINOILCHL,,,1,2049,,,,,,13.497
VariableCost,VGB,GLOBAL,MINOILCHL,,,1,2050,,,,,,13.497
VariableCost,VGB,GLOBAL,MINOILCOL,,,1,2023,,,,,,13.497
VariableCost,VGB,GLOBAL,MINOILCOL,,,1,2024,,,,,,13.497
VariableCost,VGB,GLOBAL,MINOILCOL,,,1,2025,,,,,,13.497
VariableCost,VGB,GLOBAL,MINOILCOL,,,1,2026,,,,,,13.497
VariableCost,VGB,GLOBAL,MINOILCOL,,,1,2027,,,,,,13.497
VariableCost,VGB,GLOBAL,MINOILCOL,,,1,2028,,,,,,13.497
VariableCost,VGB,GLOBAL,MINOILCOL,,,1,2029,,,,,,13.497
VariableCost,VGB,GLOBAL,MINOILCOL,,,1,2030,,,,,,13.497
VariableCost,VGB,GLOBAL,MINOILCOL,,,1,2031,,,,,,13.497
VariableCost,VGB,GLOBAL,MINOILCOL,,,1,2032,,,,,,13.497
VariableCost,VGB,GLOBAL,MINOILCOL,,,1,2033,,,,,,13.497
VariableCost,VGB,GLOBAL,MINOILCOL,,,1,2034,,,,,,13.497
VariableCost,VGB,GLOBAL,MINOILCOL,,,1,2035,,,,,,13.497
VariableCost,VGB,GLOBAL,MINOILCOL,,,1,2036,,,,,,13.497
VariableCost,VGB,GLOBAL,MINOILCOL,,,1,2037,,,,,,13.497
VariableCost,VGB,GLOBAL,MINOILCOL,,,1,2038,,,,,,13.497
VariableCost,VGB,GLOBAL,MINOILCOL,,,1,2039,,,,,,13.497
VariableCost,VGB,GLOBAL,MINOILCOL,,,1,2040,,,,,,13.497
VariableCost,VGB,GLOBAL,MINOILCOL,,,1,2041,,,,,,13.497
VariableCost,VGB,GLOBAL,MINOILCOL,,,1,2042,,,,,,13.497
VariableCost,VGB,GLOBAL,MINOILCOL,,,1,2043,,,,,,13.497
VariableCost,VGB,GLOBAL,MINOILCOL,,,1,2044,,,,,,13.497
VariableCost,VGB,GLOBAL,MINOILCOL,,,1,2045,,,,,,13.497
VariableCost,VGB,GLOBAL,MINOILCOL,,,1,2046,,,,,,13.497
VariableCost,VGB,GLOBAL,MINOILCOL,,,1,2047,,,,,,13.497
VariableCost,VGB,GLOBAL,MINOILCOL,,,1,2048,,,,,,13.497
VariableCost,VGB,GLOBAL,MINOILCOL,,,1,2049,,,,,,13.497
VariableCost,VGB,GLOBAL,MINOILCOL,,,1,2050,,,,,,13.497
VariableCost,VGB,GLOBAL,MINOILCRI,,,1,2023,,,,,,13.497
VariableCost,VGB,GLOBAL,MINOILCRI,,,1,2024,,,,,,13.497
VariableCost,VGB,GLOBAL,MINOILCRI,,,1,2025,,,,,,13.497
VariableCost,VGB,GLOBAL,MINOILCRI,,,1,2026,,,,,,13.497
VariableCost,VGB,GLOBAL,MINOILCRI,,,1,2027,,,,,,13.497
VariableCost,VGB,GLOBAL,MINOILCRI,,,1,2028,,,,,,13.497
VariableCost,VGB,GLOBAL,MINOILCRI,,,1,2029,,,,,,13.497
VariableCost,VGB,GLOBAL,MINOILCRI,,,1,2030,,,,,,13.497
VariableCost,VGB,GLOBAL,MINOILCRI,,,1,2031,,,,,,13.497
VariableCost,VGB,GLOBAL,MINOILCRI,,,1,2032,,,,,,13.497
VariableCost,VGB,GLOBAL,MINOILCRI,,,1,2033,,,,,,13.497
VariableCost,VGB,GLOBAL,MINOILCRI,,,1,2034,,,,,,13.497
VariableCost,VGB,GLOBAL,MINOILCRI,,,1,2035,,,,,,13.497
VariableCost,VGB,GLOBAL,MINOILCRI,,,1,2036,,,,,,13.497
VariableCost,VGB,GLOBAL,MINOILCRI,,,1,2037,,,,,,13.497
VariableCost,VGB,GLOBAL,MINOILCRI,,,1,2038,,,,,,13.497
VariableCost,VGB,GLOBAL,MINOILCRI,,,1,2039,,,,,,13.497
VariableCost,VGB,GLOBAL,MINOILCRI,,,1,2040,,,,,,13.497
VariableCost,VGB,GLOBAL,MINOILCRI,,,1,2041,,,,,,13.497
VariableCost,VGB,GLOBAL,MINOILCRI,,,1,2042,,,,,,13.497
VariableCost,VGB,GLOBAL,MINOILCRI,,,1,2043,,,,,,13.497
VariableCost,VGB,GLOBAL,MINOILCRI,,,1,2044,,,,,,13.497
VariableCost,VGB,GLOBAL,MINOILCRI,,,1,2045,,,,,,13.497
VariableCost,VGB,GLOBAL,MINOILCRI,,,1,2046,,,,,,13.497
VariableCost,VGB,GLOBAL,MINOILCRI,,,1,2047,,,,,,13.497
VariableCost,VGB,GLOBAL,MINOILCRI,,,1,2048,,,,,,13.497
VariableCost,VGB,GLOBAL,MINOILCRI,,,1,2049,,,,,,13.497
VariableCost,VGB,GLOBAL,MINOILCRI,,,1,2050,,,,,,13.497
VariableCost,VGB,GLOBAL,MINOILDOM,,,1,2023,,,,,,13.497
VariableCost,VGB,GLOBAL,MINOILDOM,,,1,2024,,,,,,13.497
VariableCost,VGB,GLOBAL,MINOILDOM,,,1,2025,,,,,,13.497
VariableCost,VGB,GLOBAL,MINOILDOM,,,1,2026,,,,,,13.497
VariableCost,VGB,GLOBAL,MINOILDOM,,,1,2027,,,,,,13.497
VariableCost,VGB,GLOBAL,MINOILDOM,,,1,2028,,,,,,13.497
VariableCost,VGB,GLOBAL,MINOILDOM,,,1,2029,,,,,,13.497
VariableCost,VGB,GLOBAL,MINOILDOM,,,1,2030,,,,,,13.497
VariableCost,VGB,GLOBAL,MINOILDOM,,,1,2031,,,,,,13.497
VariableCost,VGB,GLOBAL,MINOILDOM,,,1,2032,,,,,,13.497
VariableCost,VGB,GLOBAL,MINOILDOM,,,1,2033,,,,,,13.497
VariableCost,VGB,GLOBAL,MINOILDOM,,,1,2034,,,,,,13.497
VariableCost,VGB,GLOBAL,MINOILDOM,,,1,2035,,,,,,13.497
VariableCost,VGB,GLOBAL,MINOILDOM,,,1,2036,,,,,,13.497
VariableCost,VGB,GLOBAL,MINOILDOM,,,1,2037,,,,,,13.497
VariableCost,VGB,GLOBAL,MINOILDOM,,,1,2038,,,,,,13.497
VariableCost,VGB,GLOBAL,MINOILDOM,,,1,2039,,,,,,13.497
VariableCost,VGB,GLOBAL,MINOILDOM,,,1,2040,,,,,,13.497
VariableCost,VGB,GLOBAL,MINOILDOM,,,1,2041,,,,,,13.497
VariableCost,VGB,GLOBAL,MINOILDOM,,,1,2042,,,,,,13.497
VariableCost,VGB,GLOBAL,MINOILDOM,,,1,2043,,,,,,13.497
VariableCost,VGB,GLOBAL,MINOILDOM,,,1,2044,,,,,,13.497
VariableCost,VGB,GLOBAL,MINOILDOM,,,1,2045,,,,,,13.497
VariableCost,VGB,GLOBAL,MINOILDOM,,,1,2046,,,,,,13.497
VariableCost,VGB,GLOBAL,MINOILDOM,,,1,2047,,,,,,13.497
VariableCost,VGB,GLOBAL,MINOILDOM,,,1,2048,,,,,,13.497
VariableCost,VGB,GLOBAL,MINOILDOM,,,1,2049,,,,,,13.497
VariableCost,VGB,GLOBAL,MINOILDOM,,,1,2050,,,,,,13.497
VariableCost,VGB,GLOBAL,MINOILECU,,,1,2023,,,,,,13.497
VariableCost,VGB,GLOBAL,MINOILECU,,,1,2024,,,,,,13.497
VariableCost,VGB,GLOBAL,MINOILECU,,,1,2025,,,,,,13.497
VariableCost,VGB,GLOBAL,MINOILECU,,,1,2026,,,,,,13.497
VariableCost,VGB,GLOBAL,MINOILECU,,,1,2027,,,,,,13.497
VariableCost,VGB,GLOBAL,MINOILECU,,,1,2028,,,,,,13.497
VariableCost,VGB,GLOBAL,MINOILECU,,,1,2029,,,,,,13.497
VariableCost,VGB,GLOBAL,MINOILECU,,,1,2030,,,,,,13.497
VariableCost,VGB,GLOBAL,MINOILECU,,,1,2031,,,,,,13.497
VariableCost,VGB,GLOBAL,MINOILECU,,,1,2032,,,,,,13.497
VariableCost,VGB,GLOBAL,MINOILECU,,,1,2033,,,,,,13.497
VariableCost,VGB,GLOBAL,MINOILECU,,,1,2034,,,,,,13.497
VariableCost,VGB,GLOBAL,MINOILECU,,,1,2035,,,,,,13.497
VariableCost,VGB,GLOBAL,MINOILECU,,,1,2036,,,,,,13.497
VariableCost,VGB,GLOBAL,MINOILECU,,,1,2037,,,,,,13.497
VariableCost,VGB,GLOBAL,MINOILECU,,,1,2038,,,,,,13.497
VariableCost,VGB,GLOBAL,MINOILECU,,,1,2039,,,,,,13.497
VariableCost,VGB,GLOBAL,MINOILECU,,,1,2040,,,,,,13.497
VariableCost,VGB,GLOBAL,MINOILECU,,,1,2041,,,,,,13.497
VariableCost,VGB,GLOBAL,MINOILECU,,,1,2042,,,,,,13.497
VariableCost,VGB,GLOBAL,MINOILECU,,,1,2043,,,,,,13.497
VariableCost,VGB,GLOBAL,MINOILECU,,,1,2044,,,,,,13.497
VariableCost,VGB,GLOBAL,MINOILECU,,,1,2045,,,,,,13.497
VariableCost,VGB,GLOBAL,MINOILECU,,,1,2046,,,,,,13.497
VariableCost,VGB,GLOBAL,MINOILECU,,,1,2047,,,,,,13.497
VariableCost,VGB,GLOBAL,MINOILECU,,,1,2048,,,,,,13.497
VariableCost,VGB,GLOBAL,MINOILECU,,,1,2049,,,,,,13.497
VariableCost,VGB,GLOBAL,MINOILECU,,,1,2050,,,,,,13.497
VariableCost,VGB,GLOBAL,MINOILGTM,,,1,2023,,,,,,13.497
VariableCost,VGB,GLOBAL,MINOILGTM,,,1,2024,,,,,,13.497
VariableCost,VGB,GLOBAL,MINOILGTM,,,1,2025,,,,,,13.497
VariableCost,VGB,GLOBAL,MINOILGTM,,,1,2026,,,,,,13.497
VariableCost,VGB,GLOBAL,MINOILGTM,,,1,2027,,,,,,13.497
VariableCost,VGB,GLOBAL,MINOILGTM,,,1,2028,,,,,,13.497
VariableCost,VGB,GLOBAL,MINOILGTM,,,1,2029,,,,,,13.497
VariableCost,VGB,GLOBAL,MINOILGTM,,,1,2030,,,,,,13.497
VariableCost,VGB,GLOBAL,MINOILGTM,,,1,2031,,,,,,13.497
VariableCost,VGB,GLOBAL,MINOILGTM,,,1,2032,,,,,,13.497
VariableCost,VGB,GLOBAL,MINOILGTM,,,1,2033,,,,,,13.497
VariableCost,VGB,GLOBAL,MINOILGTM,,,1,2034,,,,,,13.497
VariableCost,VGB,GLOBAL,MINOILGTM,,,1,2035,,,,,,13.497
VariableCost,VGB,GLOBAL,MINOILGTM,,,1,2036,,,,,,13.497
VariableCost,VGB,GLOBAL,MINOILGTM,,,1,2037,,,,,,13.497
VariableCost,VGB,GLOBAL,MINOILGTM,,,1,2038,,,,,,13.497
VariableCost,VGB,GLOBAL,MINOILGTM,,,1,2039,,,,,,13.497
VariableCost,VGB,GLOBAL,MINOILGTM,,,1,2040,,,,,,13.497
VariableCost,VGB,GLOBAL,MINOILGTM,,,1,2041,,,,,,13.497
VariableCost,VGB,GLOBAL,MINOILGTM,,,1,2042,,,,,,13.497
VariableCost,VGB,GLOBAL,MINOILGTM,,,1,2043,,,,,,13.497
VariableCost,VGB,GLOBAL,MINOILGTM,,,1,2044,,,,,,13.497
VariableCost,VGB,GLOBAL,MINOILGTM,,,1,2045,,,,,,13.497
VariableCost,VGB,GLOBAL,MINOILGTM,,,1,2046,,,,,,13.497
VariableCost,VGB,GLOBAL,MINOILGTM,,,1,2047,,,,,,13.497
VariableCost,VGB,GLOBAL,MINOILGTM,,,1,2048,,,,,,13.497
VariableCost,VGB,GLOBAL,MINOILGTM,,,1,2049,,,,,,13.497
VariableCost,VGB,GLOBAL,MINOILGTM,,,1,2050,,,,,,13.497
VariableCost,VGB,GLOBAL,MINOILHND,,,1,2023,,,,,,13.497
VariableCost,VGB,GLOBAL,MINOILHND,,,1,2024,,,,,,13.497
VariableCost,VGB,GLOBAL,MINOILHND,,,1,2025,,,,,,13.497
VariableCost,VGB,GLOBAL,MINOILHND,,,1,2026,,,,,,13.497
VariableCost,VGB,GLOBAL,MINOILHND,,,1,2027,,,,,,13.497
VariableCost,VGB,GLOBAL,MINOILHND,,,1,2028,,,,,,13.497
VariableCost,VGB,GLOBAL,MINOILHND,,,1,2029,,,,,,13.497
VariableCost,VGB,GLOBAL,MINOILHND,,,1,2030,,,,,,13.497
VariableCost,VGB,GLOBAL,MINOILHND,,,1,2031,,,,,,13.497
VariableCost,VGB,GLOBAL,MINOILHND,,,1,2032,,,,,,13.497
VariableCost,VGB,GLOBAL,MINOILHND,,,1,2033,,,,,,13.497
VariableCost,VGB,GLOBAL,MINOILHND,,,1,2034,,,,,,13.497
VariableCost,VGB,GLOBAL,MINOILHND,,,1,2035,,,,,,13.497
VariableCost,VGB,GLOBAL,MINOILHND,,,1,2036,,,,,,13.497
VariableCost,VGB,GLOBAL,MINOILHND,,,1,2037,,,,,,13.497
VariableCost,VGB,GLOBAL,MINOILHND,,,1,2038,,,,,,13.497
VariableCost,VGB,GLOBAL,MINOILHND,,,1,2039,,,,,,13.497
VariableCost,VGB,GLOBAL,MINOILHND,,,1,2040,,,,,,13.497
VariableCost,VGB,GLOBAL,MINOILHND,,,1,2041,,,,,,13.497
VariableCost,VGB,GLOBAL,MINOILHND,,,1,2042,,,,,,13.497
VariableCost,VGB,GLOBAL,MINOILHND,,,1,2043,,,,,,13.497
VariableCost,VGB,GLOBAL,MINOILHND,,,1,2044,,,,,,13.497
VariableCost,VGB,GLOBAL,MINOILHND,,,1,2045,,,,,,13.497
VariableCost,VGB,GLOBAL,MINOILHND,,,1,2046,,,,,,13.497
VariableCost,VGB,GLOBAL,MINOILHND,,,1,2047,,,,,,13.497
VariableCost,VGB,GLOBAL,MINOILHND,,,1,2048,,,,,,13.497
VariableCost,VGB,GLOBAL,MINOILHND,,,1,2049,,,,,,13.497
VariableCost,VGB,GLOBAL,MINOILHND,,,1,2050,,,,,,13.497
VariableCost,VGB,GLOBAL,MINOILHTI,,,1,2023,,,,,,13.497
VariableCost,VGB,GLOBAL,MINOILHTI,,,1,2024,,,,,,13.497
VariableCost,VGB,GLOBAL,MINOILHTI,,,1,2025,,,,,,13.497
VariableCost,VGB,GLOBAL,MINOILHTI,,,1,2026,,,,,,13.497
VariableCost,VGB,GLOBAL,MINOILHTI,,,1,2027,,,,,,13.497
VariableCost,VGB,GLOBAL,MINOILHTI,,,1,2028,,,,,,13.497
VariableCost,VGB,GLOBAL,MINOILHTI,,,1,2029,,,,,,13.497
VariableCost,VGB,GLOBAL,MINOILHTI,,,1,2030,,,,,,13.497
VariableCost,VGB,GLOBAL,MINOILHTI,,,1,2031,,,,,,13.497
VariableCost,VGB,GLOBAL,MINOILHTI,,,1,2032,,,,,,13.497
VariableCost,VGB,GLOBAL,MINOILHTI,,,1,2033,,,,,,13.497
VariableCost,VGB,GLOBAL,MINOILHTI,,,1,2034,,,,,,13.497
VariableCost,VGB,GLOBAL,MINOILHTI,,,1,2035,,,,,,13.497
VariableCost,VGB,GLOBAL,MINOILHTI,,,1,2036,,,,,,13.497
VariableCost,VGB,GLOBAL,MINOILHTI,,,1,2037,,,,,,13.497
VariableCost,VGB,GLOBAL,MINOILHTI,,,1,2038,,,,,,13.497
VariableCost,VGB,GLOBAL,MINOILHTI,,,1,2039,,,,,,13.497
VariableCost,VGB,GLOBAL,MINOILHTI,,,1,2040,,,,,,13.497
VariableCost,VGB,GLOBAL,MINOILHTI,,,1,2041,,,,,,13.497
VariableCost,VGB,GLOBAL,MINOILHTI,,,1,2042,,,,,,13.497
VariableCost,VGB,GLOBAL,MINOILHTI,,,1,2043,,,,,,13.497
VariableCost,VGB,GLOBAL,MINOILHTI,,,1,2044,,,,,,13.497
VariableCost,VGB,GLOBAL,MINOILHTI,,,1,2045,,,,,,13.497
VariableCost,VGB,GLOBAL,MINOILHTI,,,1,2046,,,,,,13.497
VariableCost,VGB,GLOBAL,MINOILHTI,,,1,2047,,,,,,13.497
VariableCost,VGB,GLOBAL,MINOILHTI,,,1,2048,,,,,,13.497
VariableCost,VGB,GLOBAL,MINOILHTI,,,1,2049,,,,,,13.497
VariableCost,VGB,GLOBAL,MINOILHTI,,,1,2050,,,,,,13.497
VariableCost,VGB,GLOBAL,MINOILINT,,,1,2023,,,,,,17.546
VariableCost,VGB,GLOBAL,MINOILINT,,,1,2024,,,,,,17.546
VariableCost,VGB,GLOBAL,MINOILINT,,,1,2025,,,,,,17.546
VariableCost,VGB,GLOBAL,MINOILINT,,,1,2026,,,,,,17.546
VariableCost,VGB,GLOBAL,MINOILINT,,,1,2027,,,,,,17.546
VariableCost,VGB,GLOBAL,MINOILINT,,,1,2028,,,,,,17.546
VariableCost,VGB,GLOBAL,MINOILINT,,,1,2029,,,,,,17.546
VariableCost,VGB,GLOBAL,MINOILINT,,,1,2030,,,,,,17.546
VariableCost,VGB,GLOBAL,MINOILINT,,,1,2031,,,,,,17.546
VariableCost,VGB,GLOBAL,MINOILINT,,,1,2032,,,,,,17.546
VariableCost,VGB,GLOBAL,MINOILINT,,,1,2033,,,,,,17.546
VariableCost,VGB,GLOBAL,MINOILINT,,,1,2034,,,,,,17.546
VariableCost,VGB,GLOBAL,MINOILINT,,,1,2035,,,,,,17.546
VariableCost,VGB,GLOBAL,MINOILINT,,,1,2036,,,,,,17.546
VariableCost,VGB,GLOBAL,MINOILINT,,,1,2037,,,,,,17.546
VariableCost,VGB,GLOBAL,MINOILINT,,,1,2038,,,,,,17.546
VariableCost,VGB,GLOBAL,MINOILINT,,,1,2039,,,,,,17.546
VariableCost,VGB,GLOBAL,MINOILINT,,,1,2040,,,,,,17.546
VariableCost,VGB,GLOBAL,MINOILINT,,,1,2041,,,,,,17.546
VariableCost,VGB,GLOBAL,MINOILINT,,,1,2042,,,,,,17.546
VariableCost,VGB,GLOBAL,MINOILINT,,,1,2043,,,,,,17.546
VariableCost,VGB,GLOBAL,MINOILINT,,,1,2044,,,,,,17.546
VariableCost,VGB,GLOBAL,MINOILINT,,,1,2045,,,,,,17.546
VariableCost,VGB,GLOBAL,MINOILINT,,,1,2046,,,,,,17.546
VariableCost,VGB,GLOBAL,MINOILINT,,,1,2047,,,,,,17.546
VariableCost,VGB,GLOBAL,MINOILINT,,,1,2048,,,,,,17.546
VariableCost,VGB,GLOBAL,MINOILINT,,,1,2049,,,,,,17.546
VariableCost,VGB,GLOBAL,MINOILINT,,,1,2050,,,,,,17.546
VariableCost,VGB,GLOBAL,MINOILMEX,,,1,2023,,,,,,13.497
VariableCost,VGB,GLOBAL,MINOILMEX,,,1,2024,,,,,,13.497
VariableCost,VGB,GLOBAL,MINOILMEX,,,1,2025,,,,,,13.497
VariableCost,VGB,GLOBAL,MINOILMEX,,,1,2026,,,,,,13.497
VariableCost,VGB,GLOBAL,MINOILMEX,,,1,2027,,,,,,13.497
VariableCost,VGB,GLOBAL,MINOILMEX,,,1,2028,,,,,,13.497
VariableCost,VGB,GLOBAL,MINOILMEX,,,1,2029,,,,,,13.497
VariableCost,VGB,GLOBAL,MINOILMEX,,,1,2030,,,,,,13.497
VariableCost,VGB,GLOBAL,MINOILMEX,,,1,2031,,,,,,13.497
VariableCost,VGB,GLOBAL,MINOILMEX,,,1,2032,,,,,,13.497
VariableCost,VGB,GLOBAL,MINOILMEX,,,1,2033,,,,,,13.497
VariableCost,VGB,GLOBAL,MINOILMEX,,,1,2034,,,,,,13.497
VariableCost,VGB,GLOBAL,MINOILMEX,,,1,2035,,,,,,13.497
VariableCost,VGB,GLOBAL,MINOILMEX,,,1,2036,,,,,,13.497
VariableCost,VGB,GLOBAL,MINOILMEX,,,1,2037,,,,,,13.497
VariableCost,VGB,GLOBAL,MINOILMEX,,,1,2038,,,,,,13.497
VariableCost,VGB,GLOBAL,MINOILMEX,,,1,2039,,,,,,13.497
VariableCost,VGB,GLOBAL,MINOILMEX,,,1,2040,,,,,,13.497
VariableCost,VGB,GLOBAL,MINOILMEX,,,1,2041,,,,,,13.497
VariableCost,VGB,GLOBAL,MINOILMEX,,,1,2042,,,,,,13.497
VariableCost,VGB,GLOBAL,MINOILMEX,,,1,2043,,,,,,13.497
VariableCost,VGB,GLOBAL,MINOILMEX,,,1,2044,,,,,,13.497
VariableCost,VGB,GLOBAL,MINOILMEX,,,1,2045,,,,,,13.497
VariableCost,VGB,GLOBAL,MINOILMEX,,,1,2046,,,,,,13.497
VariableCost,VGB,GLOBAL,MINOILMEX,,,1,2047,,,,,,13.497
VariableCost,VGB,GLOBAL,MINOILMEX,,,1,2048,,,,,,13.497
VariableCost,VGB,GLOBAL,MINOILMEX,,,1,2049,,,,,,13.497
VariableCost,VGB,GLOBAL,MINOILMEX,,,1,2050,,,,,,13.497
VariableCost,VGB,GLOBAL,MINOILNIC,,,1,2023,,,,,,13.497
VariableCost,VGB,GLOBAL,MINOILNIC,,,1,2024,,,,,,13.497
VariableCost,VGB,GLOBAL,MINOILNIC,,,1,2025,,,,,,13.497
VariableCost,VGB,GLOBAL,MINOILNIC,,,1,2026,,,,,,13.497
VariableCost,VGB,GLOBAL,MINOILNIC,,,1,2027,,,,,,13.497
VariableCost,VGB,GLOBAL,MINOILNIC,,,1,2028,,,,,,13.497
VariableCost,VGB,GLOBAL,MINOILNIC,,,1,2029,,,,,,13.497
VariableCost,VGB,GLOBAL,MINOILNIC,,,1,2030,,,,,,13.497
VariableCost,VGB,GLOBAL,MINOILNIC,,,1,2031,,,,,,13.497
VariableCost,VGB,GLOBAL,MINOILNIC,,,1,2032,,,,,,13.497
VariableCost,VGB,GLOBAL,MINOILNIC,,,1,2033,,,,,,13.497
VariableCost,VGB,GLOBAL,MINOILNIC,,,1,2034,,,,,,13.497
VariableCost,VGB,GLOBAL,MINOILNIC,,,1,2035,,,,,,13.497
VariableCost,VGB,GLOBAL,MINOILNIC,,,1,2036,,,,,,13.497
VariableCost,VGB,GLOBAL,MINOILNIC,,,1,2037,,,,,,13.497
VariableCost,VGB,GLOBAL,MINOILNIC,,,1,2038,,,,,,13.497
VariableCost,VGB,GLOBAL,MINOILNIC,,,1,2039,,,,,,13.497
VariableCost,VGB,GLOBAL,MINOILNIC,,,1,2040,,,,,,13.497
VariableCost,VGB,GLOBAL,MINOILNIC,,,1,2041,,,,,,13.497
VariableCost,VGB,GLOBAL,MINOILNIC,,,1,2042,,,,,,13.497
VariableCost,VGB,GLOBAL,MINOILNIC,,,1,2043,,,,,,13.497
VariableCost,VGB,GLOBAL,MINOILNIC,,,1,2044,,,,,,13.497
VariableCost,VGB,GLOBAL,MINOILNIC,,,1,2045,,,,,,13.497
VariableCost,VGB,GLOBAL,MINOILNIC,,,1,2046,,,,,,13.497
VariableCost,VGB,GLOBAL,MINOILNIC,,,1,2047,,,,,,13.497
VariableCost,VGB,GLOBAL,MINOILNIC,,,1,2048,,,,,,13.497
VariableCost,VGB,GLOBAL,MINOILNIC,,,1,2049,,,,,,13.497
VariableCost,VGB,GLOBAL,MINOILNIC,,,1,2050,,,,,,13.497
VariableCost,VGB,GLOBAL,MINOILPAN,,,1,2023,,,,,,13.497
VariableCost,VGB,GLOBAL,MINOILPAN,,,1,2024,,,,,,13.497
VariableCost,VGB,GLOBAL,MINOILPAN,,,1,2025,,,,,,13.497
VariableCost,VGB,GLOBAL,MINOILPAN,,,1,2026,,,,,,13.497
VariableCost,VGB,GLOBAL,MINOILPAN,,,1,2027,,,,,,13.497
VariableCost,VGB,GLOBAL,MINOILPAN,,,1,2028,,,,,,13.497
VariableCost,VGB,GLOBAL,MINOILPAN,,,1,2029,,,,,,13.497
VariableCost,VGB,GLOBAL,MINOILPAN,,,1,2030,,,,,,13.497
VariableCost,VGB,GLOBAL,MINOILPAN,,,1,2031,,,,,,13.497
VariableCost,VGB,GLOBAL,MINOILPAN,,,1,2032,,,,,,13.497
VariableCost,VGB,GLOBAL,MINOILPAN,,,1,2033,,,,,,13.497
VariableCost,VGB,GLOBAL,MINOILPAN,,,1,2034,,,,,,13.497
VariableCost,VGB,GLOBAL,MINOILPAN,,,1,2035,,,,,,13.497
VariableCost,VGB,GLOBAL,MINOILPAN,,,1,2036,,,,,,13.497
VariableCost,VGB,GLOBAL,MINOILPAN,,,1,2037,,,,,,13.497
VariableCost,VGB,GLOBAL,MINOILPAN,,,1,2038,,,,,,13.497
VariableCost,VGB,GLOBAL,MINOILPAN,,,1,2039,,,,,,13.497
VariableCost,VGB,GLOBAL,MINOILPAN,,,1,2040,,,,,,13.497
VariableCost,VGB,GLOBAL,MINOILPAN,,,1,2041,,,,,,13.497
VariableCost,VGB,GLOBAL,MINOILPAN,,,1,2042,,,,,,13.497
VariableCost,VGB,GLOBAL,MINOILPAN,,,1,2043,,,,,,13.497
VariableCost,VGB,GLOBAL,MINOILPAN,,,1,2044,,,,,,13.497
VariableCost,VGB,GLOBAL,MINOILPAN,,,1,2045,,,,,,13.497
VariableCost,VGB,GLOBAL,MINOILPAN,,,1,2046,,,,,,13.497
VariableCost,VGB,GLOBAL,MINOILPAN,,,1,2047,,,,,,13.497
VariableCost,VGB,GLOBAL,MINOILPAN,,,1,2048,,,,,,13.497
VariableCost,VGB,GLOBAL,MINOILPAN,,,1,2049,,,,,,13.497
VariableCost,VGB,GLOBAL,MINOILPAN,,,1,2050,,,,,,13.497
VariableCost,VGB,GLOBAL,MINOILPER,,,1,2023,,,,,,13.497
VariableCost,VGB,GLOBAL,MINOILPER,,,1,2024,,,,,,13.497
VariableCost,VGB,GLOBAL,MINOILPER,,,1,2025,,,,,,13.497
VariableCost,VGB,GLOBAL,MINOILPER,,,1,2026,,,,,,13.497
VariableCost,VGB,GLOBAL,MINOILPER,,,1,2027,,,,,,13.497
VariableCost,VGB,GLOBAL,MINOILPER,,,1,2028,,,,,,13.497
VariableCost,VGB,GLOBAL,MINOILPER,,,1,2029,,,,,,13.497
VariableCost,VGB,GLOBAL,MINOILPER,,,1,2030,,,,,,13.497
VariableCost,VGB,GLOBAL,MINOILPER,,,1,2031,,,,,,13.497
VariableCost,VGB,GLOBAL,MINOILPER,,,1,2032,,,,,,13.497
VariableCost,VGB,GLOBAL,MINOILPER,,,1,2033,,,,,,13.497
VariableCost,VGB,GLOBAL,MINOILPER,,,1,2034,,,,,,13.497
VariableCost,VGB,GLOBAL,MINOILPER,,,1,2035,,,,,,13.497
VariableCost,VGB,GLOBAL,MINOILPER,,,1,2036,,,,,,13.497
VariableCost,VGB,GLOBAL,MINOILPER,,,1,2037,,,,,,13.497
VariableCost,VGB,GLOBAL,MINOILPER,,,1,2038,,,,,,13.497
VariableCost,VGB,GLOBAL,MINOILPER,,,1,2039,,,,,,13.497
VariableCost,VGB,GLOBAL,MINOILPER,,,1,2040,,,,,,13.497
VariableCost,VGB,GLOBAL,MINOILPER,,,1,2041,,,,,,13.497
VariableCost,VGB,GLOBAL,MINOILPER,,,1,2042,,,,,,13.497
VariableCost,VGB,GLOBAL,MINOILPER,,,1,2043,,,,,,13.497
VariableCost,VGB,GLOBAL,MINOILPER,,,1,2044,,,,,,13.497
VariableCost,VGB,GLOBAL,MINOILPER,,,1,2045,,,,,,13.497
VariableCost,VGB,GLOBAL,MINOILPER,,,1,2046,,,,,,13.497
VariableCost,VGB,GLOBAL,MINOILPER,,,1,2047,,,,,,13.497
VariableCost,VGB,GLOBAL,MINOILPER,,,1,2048,,,,,,13.497
VariableCost,VGB,GLOBAL,MINOILPER,,,1,2049,,,,,,13.497
VariableCost,VGB,GLOBAL,MINOILPER,,,1,2050,,,,,,13.497
VariableCost,VGB,GLOBAL,MINOILPRY,,,1,2023,,,,,,13.497
VariableCost,VGB,GLOBAL,MINOILPRY,,,1,2024,,,,,,13.497
VariableCost,VGB,GLOBAL,MINOILPRY,,,1,2025,,,,,,13.497
VariableCost,VGB,GLOBAL,MINOILPRY,,,1,2026,,,,,,13.497
VariableCost,VGB,GLOBAL,MINOILPRY,,,1,2027,,,,,,13.497
VariableCost,VGB,GLOBAL,MINOILPRY,,,1,2028,,,,,,13.497
VariableCost,VGB,GLOBAL,MINOILPRY,,,1,2029,,,,,,13.497
VariableCost,VGB,GLOBAL,MINOILPRY,,,1,2030,,,,,,13.497
VariableCost,VGB,GLOBAL,MINOILPRY,,,1,2031,,,,,,13.497
VariableCost,VGB,GLOBAL,MINOILPRY,,,1,2032,,,,,,13.497
VariableCost,VGB,GLOBAL,MINOILPRY,,,1,2033,,,,,,13.497
VariableCost,VGB,GLOBAL,MINOILPRY,,,1,2034,,,,,,13.497
VariableCost,VGB,GLOBAL,MINOILPRY,,,1,2035,,,,,,13.497
VariableCost,VGB,GLOBAL,MINOILPRY,,,1,2036,,,,,,13.497
VariableCost,VGB,GLOBAL,MINOILPRY,,,1,2037,,,,,,13.497
VariableCost,VGB,GLOBAL,MINOILPRY,,,1,2038,,,,,,13.497
VariableCost,VGB,GLOBAL,MINOILPRY,,,1,2039,,,,,,13.497
VariableCost,VGB,GLOBAL,MINOILPRY,,,1,2040,,,,,,13.497
VariableCost,VGB,GLOBAL,MINOILPRY,,,1,2041,,,,,,13.497
VariableCost,VGB,GLOBAL,MINOILPRY,,,1,2042,,,,,,13.497
VariableCost,VGB,GLOBAL,MINOILPRY,,,1,2043,,,,,,13.497
VariableCost,VGB,GLOBAL,MINOILPRY,,,1,2044,,,,,,13.497
VariableCost,VGB,GLOBAL,MINOILPRY,,,1,2045,,,,,,13.497
VariableCost,VGB,GLOBAL,MINOILPRY,,,1,2046,,,,,,13.497
VariableCost,VGB,GLOBAL,MINOILPRY,,,1,2047,,,,,,13.497
VariableCost,VGB,GLOBAL,MINOILPRY,,,1,2048,,,,,,13.497
VariableCost,VGB,GLOBAL,MINOILPRY,,,1,2049,,,,,,13.497
VariableCost,VGB,GLOBAL,MINOILPRY,,,1,2050,,,,,,13.497
VariableCost,VGB,GLOBAL,MINOILSLV,,,1,2023,,,,,,13.497
VariableCost,VGB,GLOBAL,MINOILSLV,,,1,2024,,,,,,13.497
VariableCost,VGB,GLOBAL,MINOILSLV,,,1,2025,,,,,,13.497
VariableCost,VGB,GLOBAL,MINOILSLV,,,1,2026,,,,,,13.497
VariableCost,VGB,GLOBAL,MINOILSLV,,,1,2027,,,,,,13.497
VariableCost,VGB,GLOBAL,MINOILSLV,,,1,2028,,,,,,13.497
VariableCost,VGB,GLOBAL,MINOILSLV,,,1,2029,,,,,,13.497
VariableCost,VGB,GLOBAL,MINOILSLV,,,1,2030,,,,,,13.497
VariableCost,VGB,GLOBAL,MINOILSLV,,,1,2031,,,,,,13.497
VariableCost,VGB,GLOBAL,MINOILSLV,,,1,2032,,,,,,13.497
VariableCost,VGB,GLOBAL,MINOILSLV,,,1,2033,,,,,,13.497
VariableCost,VGB,GLOBAL,MINOILSLV,,,1,2034,,,,,,13.497
VariableCost,VGB,GLOBAL,MINOILSLV,,,1,2035,,,,,,13.497
VariableCost,VGB,GLOBAL,MINOILSLV,,,1,2036,,,,,,13.497
VariableCost,VGB,GLOBAL,MINOILSLV,,,1,2037,,,,,,13.497
VariableCost,VGB,GLOBAL,MINOILSLV,,,1,2038,,,,,,13.497
VariableCost,VGB,GLOBAL,MINOILSLV,,,1,2039,,,,,,13.497
VariableCost,VGB,GLOBAL,MINOILSLV,,,1,2040,,,,,,13.497
VariableCost,VGB,GLOBAL,MINOILSLV,,,1,2041,,,,,,13.497
VariableCost,VGB,GLOBAL,MINOILSLV,,,1,2042,,,,,,13.497
VariableCost,VGB,GLOBAL,MINOILSLV,,,1,2043,,,,,,13.497
VariableCost,VGB,GLOBAL,MINOILSLV,,,1,2044,,,,,,13.497
VariableCost,VGB,GLOBAL,MINOILSLV,,,1,2045,,,,,,13.497
VariableCost,VGB,GLOBAL,MINOILSLV,,,1,2046,,,,,,13.497
VariableCost,VGB,GLOBAL,MINOILSLV,,,1,2047,,,,,,13.497
VariableCost,VGB,GLOBAL,MINOILSLV,,,1,2048,,,,,,13.497
VariableCost,VGB,GLOBAL,MINOILSLV,,,1,2049,,,,,,13.497
VariableCost,VGB,GLOBAL,MINOILSLV,,,1,2050,,,,,,13.497
VariableCost,VGB,GLOBAL,MINOILURY,,,1,2023,,,,,,13.497
VariableCost,VGB,GLOBAL,MINOILURY,,,1,2024,,,,,,13.497
VariableCost,VGB,GLOBAL,MINOILURY,,,1,2025,,,,,,13.497
VariableCost,VGB,GLOBAL,MINOILURY,,,1,2026,,,,,,13.497
VariableCost,VGB,GLOBAL,MINOILURY,,,1,2027,,,,,,13.497
VariableCost,VGB,GLOBAL,MINOILURY,,,1,2028,,,,,,13.497
VariableCost,VGB,GLOBAL,MINOILURY,,,1,2029,,,,,,13.497
VariableCost,VGB,GLOBAL,MINOILURY,,,1,2030,,,,,,13.497
VariableCost,VGB,GLOBAL,MINOILURY,,,1,2031,,,,,,13.497
VariableCost,VGB,GLOBAL,MINOILURY,,,1,2032,,,,,,13.497
VariableCost,VGB,GLOBAL,MINOILURY,,,1,2033,,,,,,13.497
VariableCost,VGB,GLOBAL,MINOILURY,,,1,2034,,,,,,13.497
VariableCost,VGB,GLOBAL,MINOILURY,,,1,2035,,,,,,13.497
VariableCost,VGB,GLOBAL,MINOILURY,,,1,2036,,,,,,13.497
VariableCost,VGB,GLOBAL,MINOILURY,,,1,2037,,,,,,13.497
VariableCost,VGB,GLOBAL,MINOILURY,,,1,2038,,,,,,13.497
VariableCost,VGB,GLOBAL,MINOILURY,,,1,2039,,,,,,13.497
VariableCost,VGB,GLOBAL,MINOILURY,,,1,2040,,,,,,13.497
VariableCost,VGB,GLOBAL,MINOILURY,,,1,2041,,,,,,13.497
VariableCost,VGB,GLOBAL,MINOILURY,,,1,2042,,,,,,13.497
VariableCost,VGB,GLOBAL,MINOILURY,,,1,2043,,,,,,13.497
VariableCost,VGB,GLOBAL,MINOILURY,,,1,2044,,,,,,13.497
VariableCost,VGB,GLOBAL,MINOILURY,,,1,2045,,,,,,13.497
VariableCost,VGB,GLOBAL,MINOILURY,,,1,2046,,,,,,13.497
VariableCost,VGB,GLOBAL,MINOILURY,,,1,2047,,,,,,13.497
VariableCost,VGB,GLOBAL,MINOILURY,,,1,2048,,,,,,13.497
VariableCost,VGB,GLOBAL,MINOILURY,,,1,2049,,,,,,13.497
VariableCost,VGB,GLOBAL,MINOILURY,,,1,2050,,,,,,13.497
VariableCost,VGB,GLOBAL,MINOTHARG,,,1,2023,,,,,,13.497
VariableCost,VGB,GLOBAL,MINOTHARG,,,1,2024,,,,,,13.497
VariableCost,VGB,GLOBAL,MINOTHARG,,,1,2025,,,,,,13.497
VariableCost,VGB,GLOBAL,MINOTHARG,,,1,2026,,,,,,13.497
VariableCost,VGB,GLOBAL,MINOTHARG,,,1,2027,,,,,,13.497
VariableCost,VGB,GLOBAL,MINOTHARG,,,1,2028,,,,,,13.497
VariableCost,VGB,GLOBAL,MINOTHARG,,,1,2029,,,,,,13.497
VariableCost,VGB,GLOBAL,MINOTHARG,,,1,2030,,,,,,13.497
VariableCost,VGB,GLOBAL,MINOTHARG,,,1,2031,,,,,,13.497
VariableCost,VGB,GLOBAL,MINOTHARG,,,1,2032,,,,,,13.497
VariableCost,VGB,GLOBAL,MINOTHARG,,,1,2033,,,,,,13.497
VariableCost,VGB,GLOBAL,MINOTHARG,,,1,2034,,,,,,13.497
VariableCost,VGB,GLOBAL,MINOTHARG,,,1,2035,,,,,,13.497
VariableCost,VGB,GLOBAL,MINOTHARG,,,1,2036,,,,,,13.497
VariableCost,VGB,GLOBAL,MINOTHARG,,,1,2037,,,,,,13.497
VariableCost,VGB,GLOBAL,MINOTHARG,,,1,2038,,,,,,13.497
VariableCost,VGB,GLOBAL,MINOTHARG,,,1,2039,,,,,,13.497
VariableCost,VGB,GLOBAL,MINOTHARG,,,1,2040,,,,,,13.497
VariableCost,VGB,GLOBAL,MINOTHARG,,,1,2041,,,,,,13.497
VariableCost,VGB,GLOBAL,MINOTHARG,,,1,2042,,,,,,13.497
VariableCost,VGB,GLOBAL,MINOTHARG,,,1,2043,,,,,,13.497
VariableCost,VGB,GLOBAL,MINOTHARG,,,1,2044,,,,,,13.497
VariableCost,VGB,GLOBAL,MINOTHARG,,,1,2045,,,,,,13.497
VariableCost,VGB,GLOBAL,MINOTHARG,,,1,2046,,,,,,13.497
VariableCost,VGB,GLOBAL,MINOTHARG,,,1,2047,,,,,,13.497
VariableCost,VGB,GLOBAL,MINOTHARG,,,1,2048,,,,,,13.497
VariableCost,VGB,GLOBAL,MINOTHARG,,,1,2049,,,,,,13.497
VariableCost,VGB,GLOBAL,MINOTHARG,,,1,2050,,,,,,13.497
VariableCost,VGB,GLOBAL,MINOTHBOL,,,1,2023,,,,,,13.497
VariableCost,VGB,GLOBAL,MINOTHBOL,,,1,2024,,,,,,13.497
VariableCost,VGB,GLOBAL,MINOTHBOL,,,1,2025,,,,,,13.497
VariableCost,VGB,GLOBAL,MINOTHBOL,,,1,2026,,,,,,13.497
VariableCost,VGB,GLOBAL,MINOTHBOL,,,1,2027,,,,,,13.497
VariableCost,VGB,GLOBAL,MINOTHBOL,,,1,2028,,,,,,13.497
VariableCost,VGB,GLOBAL,MINOTHBOL,,,1,2029,,,,,,13.497
VariableCost,VGB,GLOBAL,MINOTHBOL,,,1,2030,,,,,,13.497
VariableCost,VGB,GLOBAL,MINOTHBOL,,,1,2031,,,,,,13.497
VariableCost,VGB,GLOBAL,MINOTHBOL,,,1,2032,,,,,,13.497
VariableCost,VGB,GLOBAL,MINOTHBOL,,,1,2033,,,,,,13.497
VariableCost,VGB,GLOBAL,MINOTHBOL,,,1,2034,,,,,,13.497
VariableCost,VGB,GLOBAL,MINOTHBOL,,,1,2035,,,,,,13.497
VariableCost,VGB,GLOBAL,MINOTHBOL,,,1,2036,,,,,,13.497
VariableCost,VGB,GLOBAL,MINOTHBOL,,,1,2037,,,,,,13.497
VariableCost,VGB,GLOBAL,MINOTHBOL,,,1,2038,,,,,,13.497
VariableCost,VGB,GLOBAL,MINOTHBOL,,,1,2039,,,,,,13.497
VariableCost,VGB,GLOBAL,MINOTHBOL,,,1,2040,,,,,,13.497
VariableCost,VGB,GLOBAL,MINOTHBOL,,,1,2041,,,,,,13.497
VariableCost,VGB,GLOBAL,MINOTHBOL,,,1,2042,,,,,,13.497
VariableCost,VGB,GLOBAL,MINOTHBOL,,,1,2043,,,,,,13.497
VariableCost,VGB,GLOBAL,MINOTHBOL,,,1,2044,,,,,,13.497
VariableCost,VGB,GLOBAL,MINOTHBOL,,,1,2045,,,,,,13.497
VariableCost,VGB,GLOBAL,MINOTHBOL,,,1,2046,,,,,,13.497
VariableCost,VGB,GLOBAL,MINOTHBOL,,,1,2047,,,,,,13.497
VariableCost,VGB,GLOBAL,MINOTHBOL,,,1,2048,,,,,,13.497
VariableCost,VGB,GLOBAL,MINOTHBOL,,,1,2049,,,,,,13.497
VariableCost,VGB,GLOBAL,MINOTHBOL,,,1,2050,,,,,,13.497
VariableCost,VGB,GLOBAL,MINOTHBRA,,,1,2023,,,,,,13.497
VariableCost,VGB,GLOBAL,MINOTHBRA,,,1,2024,,,,,,13.497
VariableCost,VGB,GLOBAL,MINOTHBRA,,,1,2025,,,,,,13.497
VariableCost,VGB,GLOBAL,MINOTHBRA,,,1,2026,,,,,,13.497
VariableCost,VGB,GLOBAL,MINOTHBRA,,,1,2027,,,,,,13.497
VariableCost,VGB,GLOBAL,MINOTHBRA,,,1,2028,,,,,,13.497
VariableCost,VGB,GLOBAL,MINOTHBRA,,,1,2029,,,,,,13.497
VariableCost,VGB,GLOBAL,MINOTHBRA,,,1,2030,,,,,,13.497
VariableCost,VGB,GLOBAL,MINOTHBRA,,,1,2031,,,,,,13.497
VariableCost,VGB,GLOBAL,MINOTHBRA,,,1,2032,,,,,,13.497
VariableCost,VGB,GLOBAL,MINOTHBRA,,,1,2033,,,,,,13.497
VariableCost,VGB,GLOBAL,MINOTHBRA,,,1,2034,,,,,,13.497
VariableCost,VGB,GLOBAL,MINOTHBRA,,,1,2035,,,,,,13.497
VariableCost,VGB,GLOBAL,MINOTHBRA,,,1,2036,,,,,,13.497
VariableCost,VGB,GLOBAL,MINOTHBRA,,,1,2037,,,,,,13.497
VariableCost,VGB,GLOBAL,MINOTHBRA,,,1,2038,,,,,,13.497
VariableCost,VGB,GLOBAL,MINOTHBRA,,,1,2039,,,,,,13.497
VariableCost,VGB,GLOBAL,MINOTHBRA,,,1,2040,,,,,,13.497
VariableCost,VGB,GLOBAL,MINOTHBRA,,,1,2041,,,,,,13.497
VariableCost,VGB,GLOBAL,MINOTHBRA,,,1,2042,,,,,,13.497
VariableCost,VGB,GLOBAL,MINOTHBRA,,,1,2043,,,,,,13.497
VariableCost,VGB,GLOBAL,MINOTHBRA,,,1,2044,,,,,,13.497
VariableCost,VGB,GLOBAL,MINOTHBRA,,,1,2045,,,,,,13.497
VariableCost,VGB,GLOBAL,MINOTHBRA,,,1,2046,,,,,,13.497
VariableCost,VGB,GLOBAL,MINOTHBRA,,,1,2047,,,,,,13.497
VariableCost,VGB,GLOBAL,MINOTHBRA,,,1,2048,,,,,,13.497
VariableCost,VGB,GLOBAL,MINOTHBRA,,,1,2049,,,,,,13.497
VariableCost,VGB,GLOBAL,MINOTHBRA,,,1,2050,,,,,,13.497
VariableCost,VGB,GLOBAL,MINOTHBRB,,,1,2023,,,,,,13.497
VariableCost,VGB,GLOBAL,MINOTHBRB,,,1,2024,,,,,,13.497
VariableCost,VGB,GLOBAL,MINOTHBRB,,,1,2025,,,,,,13.497
VariableCost,VGB,GLOBAL,MINOTHBRB,,,1,2026,,,,,,13.497
VariableCost,VGB,GLOBAL,MINOTHBRB,,,1,2027,,,,,,13.497
VariableCost,VGB,GLOBAL,MINOTHBRB,,,1,2028,,,,,,13.497
VariableCost,VGB,GLOBAL,MINOTHBRB,,,1,2029,,,,,,13.497
VariableCost,VGB,GLOBAL,MINOTHBRB,,,1,2030,,,,,,13.497
VariableCost,VGB,GLOBAL,MINOTHBRB,,,1,2031,,,,,,13.497
VariableCost,VGB,GLOBAL,MINOTHBRB,,,1,2032,,,,,,13.497
VariableCost,VGB,GLOBAL,MINOTHBRB,,,1,2033,,,,,,13.497
VariableCost,VGB,GLOBAL,MINOTHBRB,,,1,2034,,,,,,13.497
VariableCost,VGB,GLOBAL,MINOTHBRB,,,1,2035,,,,,,13.497
VariableCost,VGB,GLOBAL,MINOTHBRB,,,1,2036,,,,,,13.497
VariableCost,VGB,GLOBAL,MINOTHBRB,,,1,2037,,,,,,13.497
VariableCost,VGB,GLOBAL,MINOTHBRB,,,1,2038,,,,,,13.497
VariableCost,VGB,GLOBAL,MINOTHBRB,,,1,2039,,,,,,13.497
VariableCost,VGB,GLOBAL,MINOTHBRB,,,1,2040,,,,,,13.497
VariableCost,VGB,GLOBAL,MINOTHBRB,,,1,2041,,,,,,13.497
VariableCost,VGB,GLOBAL,MINOTHBRB,,,1,2042,,,,,,13.497
VariableCost,VGB,GLOBAL,MINOTHBRB,,,1,2043,,,,,,13.497
VariableCost,VGB,GLOBAL,MINOTHBRB,,,1,2044,,,,,,13.497
VariableCost,VGB,GLOBAL,MINOTHBRB,,,1,2045,,,,,,13.497
VariableCost,VGB,GLOBAL,MINOTHBRB,,,1,2046,,,,,,13.497
VariableCost,VGB,GLOBAL,MINOTHBRB,,,1,2047,,,,,,13.497
VariableCost,VGB,GLOBAL,MINOTHBRB,,,1,2048,,,,,,13.497
VariableCost,VGB,GLOBAL,MINOTHBRB,,,1,2049,,,,,,13.497
VariableCost,VGB,GLOBAL,MINOTHBRB,,,1,2050,,,,,,13.497
VariableCost,VGB,GLOBAL,MINOTHCHL,,,1,2023,,,,,,13.497
VariableCost,VGB,GLOBAL,MINOTHCHL,,,1,2024,,,,,,13.497
VariableCost,VGB,GLOBAL,MINOTHCHL,,,1,2025,,,,,,13.497
VariableCost,VGB,GLOBAL,MINOTHCHL,,,1,2026,,,,,,13.497
VariableCost,VGB,GLOBAL,MINOTHCHL,,,1,2027,,,,,,13.497
VariableCost,VGB,GLOBAL,MINOTHCHL,,,1,2028,,,,,,13.497
VariableCost,VGB,GLOBAL,MINOTHCHL,,,1,2029,,,,,,13.497
VariableCost,VGB,GLOBAL,MINOTHCHL,,,1,2030,,,,,,13.497
VariableCost,VGB,GLOBAL,MINOTHCHL,,,1,2031,,,,,,13.497
VariableCost,VGB,GLOBAL,MINOTHCHL,,,1,2032,,,,,,13.497
VariableCost,VGB,GLOBAL,MINOTHCHL,,,1,2033,,,,,,13.497
VariableCost,VGB,GLOBAL,MINOTHCHL,,,1,2034,,,,,,13.497
VariableCost,VGB,GLOBAL,MINOTHCHL,,,1,2035,,,,,,13.497
VariableCost,VGB,GLOBAL,MINOTHCHL,,,1,2036,,,,,,13.497
VariableCost,VGB,GLOBAL,MINOTHCHL,,,1,2037,,,,,,13.497
VariableCost,VGB,GLOBAL,MINOTHCHL,,,1,2038,,,,,,13.497
VariableCost,VGB,GLOBAL,MINOTHCHL,,,1,2039,,,,,,13.497
VariableCost,VGB,GLOBAL,MINOTHCHL,,,1,2040,,,,,,13.497
VariableCost,VGB,GLOBAL,MINOTHCHL,,,1,2041,,,,,,13.497
VariableCost,VGB,GLOBAL,MINOTHCHL,,,1,2042,,,,,,13.497
VariableCost,VGB,GLOBAL,MINOTHCHL,,,1,2043,,,,,,13.497
VariableCost,VGB,GLOBAL,MINOTHCHL,,,1,2044,,,,,,13.497
VariableCost,VGB,GLOBAL,MINOTHCHL,,,1,2045,,,,,,13.497
VariableCost,VGB,GLOBAL,MINOTHCHL,,,1,2046,,,,,,13.497
VariableCost,VGB,GLOBAL,MINOTHCHL,,,1,2047,,,,,,13.497
VariableCost,VGB,GLOBAL,MINOTHCHL,,,1,2048,,,,,,13.497
VariableCost,VGB,GLOBAL,MINOTHCHL,,,1,2049,,,,,,13.497
VariableCost,VGB,GLOBAL,MINOTHCHL,,,1,2050,,,,,,13.497
VariableCost,VGB,GLOBAL,MINOTHCOL,,,1,2023,,,,,,13.497
VariableCost,VGB,GLOBAL,MINOTHCOL,,,1,2024,,,,,,13.497
VariableCost,VGB,GLOBAL,MINOTHCOL,,,1,2025,,,,,,13.497
VariableCost,VGB,GLOBAL,MINOTHCOL,,,1,2026,,,,,,13.497
VariableCost,VGB,GLOBAL,MINOTHCOL,,,1,2027,,,,,,13.497
VariableCost,VGB,GLOBAL,MINOTHCOL,,,1,2028,,,,,,13.497
VariableCost,VGB,GLOBAL,MINOTHCOL,,,1,2029,,,,,,13.497
VariableCost,VGB,GLOBAL,MINOTHCOL,,,1,2030,,,,,,13.497
VariableCost,VGB,GLOBAL,MINOTHCOL,,,1,2031,,,,,,13.497
VariableCost,VGB,GLOBAL,MINOTHCOL,,,1,2032,,,,,,13.497
VariableCost,VGB,GLOBAL,MINOTHCOL,,,1,2033,,,,,,13.497
VariableCost,VGB,GLOBAL,MINOTHCOL,,,1,2034,,,,,,13.497
VariableCost,VGB,GLOBAL,MINOTHCOL,,,1,2035,,,,,,13.497
VariableCost,VGB,GLOBAL,MINOTHCOL,,,1,2036,,,,,,13.497
VariableCost,VGB,GLOBAL,MINOTHCOL,,,1,2037,,,,,,13.497
VariableCost,VGB,GLOBAL,MINOTHCOL,,,1,2038,,,,,,13.497
VariableCost,VGB,GLOBAL,MINOTHCOL,,,1,2039,,,,,,13.497
VariableCost,VGB,GLOBAL,MINOTHCOL,,,1,2040,,,,,,13.497
VariableCost,VGB,GLOBAL,MINOTHCOL,,,1,2041,,,,,,13.497
VariableCost,VGB,GLOBAL,MINOTHCOL,,,1,2042,,,,,,13.497
VariableCost,VGB,GLOBAL,MINOTHCOL,,,1,2043,,,,,,13.497
VariableCost,VGB,GLOBAL,MINOTHCOL,,,1,2044,,,,,,13.497
VariableCost,VGB,GLOBAL,MINOTHCOL,,,1,2045,,,,,,13.497
VariableCost,VGB,GLOBAL,MINOTHCOL,,,1,2046,,,,,,13.497
VariableCost,VGB,GLOBAL,MINOTHCOL,,,1,2047,,,,,,13.497
VariableCost,VGB,GLOBAL,MINOTHCOL,,,1,2048,,,,,,13.497
VariableCost,VGB,GLOBAL,MINOTHCOL,,,1,2049,,,,,,13.497
VariableCost,VGB,GLOBAL,MINOTHCOL,,,1,2050,,,,,,13.497
VariableCost,VGB,GLOBAL,MINOTHCRI,,,1,2023,,,,,,13.497
VariableCost,VGB,GLOBAL,MINOTHCRI,,,1,2024,,,,,,13.497
VariableCost,VGB,GLOBAL,MINOTHCRI,,,1,2025,,,,,,13.497
VariableCost,VGB,GLOBAL,MINOTHCRI,,,1,2026,,,,,,13.497
VariableCost,VGB,GLOBAL,MINOTHCRI,,,1,2027,,,,,,13.497
VariableCost,VGB,GLOBAL,MINOTHCRI,,,1,2028,,,,,,13.497
VariableCost,VGB,GLOBAL,MINOTHCRI,,,1,2029,,,,,,13.497
VariableCost,VGB,GLOBAL,MINOTHCRI,,,1,2030,,,,,,13.497
VariableCost,VGB,GLOBAL,MINOTHCRI,,,1,2031,,,,,,13.497
VariableCost,VGB,GLOBAL,MINOTHCRI,,,1,2032,,,,,,13.497
VariableCost,VGB,GLOBAL,MINOTHCRI,,,1,2033,,,,,,13.497
VariableCost,VGB,GLOBAL,MINOTHCRI,,,1,2034,,,,,,13.497
VariableCost,VGB,GLOBAL,MINOTHCRI,,,1,2035,,,,,,13.497
VariableCost,VGB,GLOBAL,MINOTHCRI,,,1,2036,,,,,,13.497
VariableCost,VGB,GLOBAL,MINOTHCRI,,,1,2037,,,,,,13.497
VariableCost,VGB,GLOBAL,MINOTHCRI,,,1,2038,,,,,,13.497
VariableCost,VGB,GLOBAL,MINOTHCRI,,,1,2039,,,,,,13.497
VariableCost,VGB,GLOBAL,MINOTHCRI,,,1,2040,,,,,,13.497
VariableCost,VGB,GLOBAL,MINOTHCRI,,,1,2041,,,,,,13.497
VariableCost,VGB,GLOBAL,MINOTHCRI,,,1,2042,,,,,,13.497
VariableCost,VGB,GLOBAL,MINOTHCRI,,,1,2043,,,,,,13.497
VariableCost,VGB,GLOBAL,MINOTHCRI,,,1,2044,,,,,,13.497
VariableCost,VGB,GLOBAL,MINOTHCRI,,,1,2045,,,,,,13.497
VariableCost,VGB,GLOBAL,MINOTHCRI,,,1,2046,,,,,,13.497
VariableCost,VGB,GLOBAL,MINOTHCRI,,,1,2047,,,,,,13.497
VariableCost,VGB,GLOBAL,MINOTHCRI,,,1,2048,,,,,,13.497
VariableCost,VGB,GLOBAL,MINOTHCRI,,,1,2049,,,,,,13.497
VariableCost,VGB,GLOBAL,MINOTHCRI,,,1,2050,,,,,,13.497
VariableCost,VGB,GLOBAL,MINOTHDOM,,,1,2023,,,,,,13.497
VariableCost,VGB,GLOBAL,MINOTHDOM,,,1,2024,,,,,,13.497
VariableCost,VGB,GLOBAL,MINOTHDOM,,,1,2025,,,,,,13.497
VariableCost,VGB,GLOBAL,MINOTHDOM,,,1,2026,,,,,,13.497
VariableCost,VGB,GLOBAL,MINOTHDOM,,,1,2027,,,,,,13.497
VariableCost,VGB,GLOBAL,MINOTHDOM,,,1,2028,,,,,,13.497
VariableCost,VGB,GLOBAL,MINOTHDOM,,,1,2029,,,,,,13.497
VariableCost,VGB,GLOBAL,MINOTHDOM,,,1,2030,,,,,,13.497
VariableCost,VGB,GLOBAL,MINOTHDOM,,,1,2031,,,,,,13.497
VariableCost,VGB,GLOBAL,MINOTHDOM,,,1,2032,,,,,,13.497
VariableCost,VGB,GLOBAL,MINOTHDOM,,,1,2033,,,,,,13.497
VariableCost,VGB,GLOBAL,MINOTHDOM,,,1,2034,,,,,,13.497
VariableCost,VGB,GLOBAL,MINOTHDOM,,,1,2035,,,,,,13.497
VariableCost,VGB,GLOBAL,MINOTHDOM,,,1,2036,,,,,,13.497
VariableCost,VGB,GLOBAL,MINOTHDOM,,,1,2037,,,,,,13.497
VariableCost,VGB,GLOBAL,MINOTHDOM,,,1,2038,,,,,,13.497
VariableCost,VGB,GLOBAL,MINOTHDOM,,,1,2039,,,,,,13.497
VariableCost,VGB,GLOBAL,MINOTHDOM,,,1,2040,,,,,,13.497
VariableCost,VGB,GLOBAL,MINOTHDOM,,,1,2041,,,,,,13.497
VariableCost,VGB,GLOBAL,MINOTHDOM,,,1,2042,,,,,,13.497
VariableCost,VGB,GLOBAL,MINOTHDOM,,,1,2043,,,,,,13.497
VariableCost,VGB,GLOBAL,MINOTHDOM,,,1,2044,,,,,,13.497
VariableCost,VGB,GLOBAL,MINOTHDOM,,,1,2045,,,,,,13.497
VariableCost,VGB,GLOBAL,MINOTHDOM,,,1,2046,,,,,,13.497
VariableCost,VGB,GLOBAL,MINOTHDOM,,,1,2047,,,,,,13.497
VariableCost,VGB,GLOBAL,MINOTHDOM,,,1,2048,,,,,,13.497
VariableCost,VGB,GLOBAL,MINOTHDOM,,,1,2049,,,,,,13.497
VariableCost,VGB,GLOBAL,MINOTHDOM,,,1,2050,,,,,,13.497
VariableCost,VGB,GLOBAL,MINOTHECU,,,1,2023,,,,,,13.497
VariableCost,VGB,GLOBAL,MINOTHECU,,,1,2024,,,,,,13.497
VariableCost,VGB,GLOBAL,MINOTHECU,,,1,2025,,,,,,13.497
VariableCost,VGB,GLOBAL,MINOTHECU,,,1,2026,,,,,,13.497
VariableCost,VGB,GLOBAL,MINOTHECU,,,1,2027,,,,,,13.497
VariableCost,VGB,GLOBAL,MINOTHECU,,,1,2028,,,,,,13.497
VariableCost,VGB,GLOBAL,MINOTHECU,,,1,2029,,,,,,13.497
VariableCost,VGB,GLOBAL,MINOTHECU,,,1,2030,,,,,,13.497
VariableCost,VGB,GLOBAL,MINOTHECU,,,1,2031,,,,,,13.497
VariableCost,VGB,GLOBAL,MINOTHECU,,,1,2032,,,,,,13.497
VariableCost,VGB,GLOBAL,MINOTHECU,,,1,2033,,,,,,13.497
VariableCost,VGB,GLOBAL,MINOTHECU,,,1,2034,,,,,,13.497
VariableCost,VGB,GLOBAL,MINOTHECU,,,1,2035,,,,,,13.497
VariableCost,VGB,GLOBAL,MINOTHECU,,,1,2036,,,,,,13.497
VariableCost,VGB,GLOBAL,MINOTHECU,,,1,2037,,,,,,13.497
VariableCost,VGB,GLOBAL,MINOTHECU,,,1,2038,,,,,,13.497
VariableCost,VGB,GLOBAL,MINOTHECU,,,1,2039,,,,,,13.497
VariableCost,VGB,GLOBAL,MINOTHECU,,,1,2040,,,,,,13.497
VariableCost,VGB,GLOBAL,MINOTHECU,,,1,2041,,,,,,13.497
VariableCost,VGB,GLOBAL,MINOTHECU,,,1,2042,,,,,,13.497
VariableCost,VGB,GLOBAL,MINOTHECU,,,1,2043,,,,,,13.497
VariableCost,VGB,GLOBAL,MINOTHECU,,,1,2044,,,,,,13.497
VariableCost,VGB,GLOBAL,MINOTHECU,,,1,2045,,,,,,13.497
VariableCost,VGB,GLOBAL,MINOTHECU,,,1,2046,,,,,,13.497
VariableCost,VGB,GLOBAL,MINOTHECU,,,1,2047,,,,,,13.497
VariableCost,VGB,GLOBAL,MINOTHECU,,,1,2048,,,,,,13.497
VariableCost,VGB,GLOBAL,MINOTHECU,,,1,2049,,,,,,13.497
VariableCost,VGB,GLOBAL,MINOTHECU,,,1,2050,,,,,,13.497
VariableCost,VGB,GLOBAL,MINOTHGTM,,,1,2023,,,,,,13.497
VariableCost,VGB,GLOBAL,MINOTHGTM,,,1,2024,,,,,,13.497
VariableCost,VGB,GLOBAL,MINOTHGTM,,,1,2025,,,,,,13.497
VariableCost,VGB,GLOBAL,MINOTHGTM,,,1,2026,,,,,,13.497
VariableCost,VGB,GLOBAL,MINOTHGTM,,,1,2027,,,,,,13.497
VariableCost,VGB,GLOBAL,MINOTHGTM,,,1,2028,,,,,,13.497
VariableCost,VGB,GLOBAL,MINOTHGTM,,,1,2029,,,,,,13.497
VariableCost,VGB,GLOBAL,MINOTHGTM,,,1,2030,,,,,,13.497
VariableCost,VGB,GLOBAL,MINOTHGTM,,,1,2031,,,,,,13.497
VariableCost,VGB,GLOBAL,MINOTHGTM,,,1,2032,,,,,,13.497
VariableCost,VGB,GLOBAL,MINOTHGTM,,,1,2033,,,,,,13.497
VariableCost,VGB,GLOBAL,MINOTHGTM,,,1,2034,,,,,,13.497
VariableCost,VGB,GLOBAL,MINOTHGTM,,,1,2035,,,,,,13.497
VariableCost,VGB,GLOBAL,MINOTHGTM,,,1,2036,,,,,,13.497
VariableCost,VGB,GLOBAL,MINOTHGTM,,,1,2037,,,,,,13.497
VariableCost,VGB,GLOBAL,MINOTHGTM,,,1,2038,,,,,,13.497
VariableCost,VGB,GLOBAL,MINOTHGTM,,,1,2039,,,,,,13.497
VariableCost,VGB,GLOBAL,MINOTHGTM,,,1,2040,,,,,,13.497
VariableCost,VGB,GLOBAL,MINOTHGTM,,,1,2041,,,,,,13.497
VariableCost,VGB,GLOBAL,MINOTHGTM,,,1,2042,,,,,,13.497
VariableCost,VGB,GLOBAL,MINOTHGTM,,,1,2043,,,,,,13.497
VariableCost,VGB,GLOBAL,MINOTHGTM,,,1,2044,,,,,,13.497
VariableCost,VGB,GLOBAL,MINOTHGTM,,,1,2045,,,,,,13.497
VariableCost,VGB,GLOBAL,MINOTHGTM,,,1,2046,,,,,,13.497
VariableCost,VGB,GLOBAL,MINOTHGTM,,,1,2047,,,,,,13.497
VariableCost,VGB,GLOBAL,MINOTHGTM,,,1,2048,,,,,,13.497
VariableCost,VGB,GLOBAL,MINOTHGTM,,,1,2049,,,,,,13.497
VariableCost,VGB,GLOBAL,MINOTHGTM,,,1,2050,,,,,,13.497
VariableCost,VGB,GLOBAL,MINOTHHND,,,1,2023,,,,,,13.497
VariableCost,VGB,GLOBAL,MINOTHHND,,,1,2024,,,,,,13.497
VariableCost,VGB,GLOBAL,MINOTHHND,,,1,2025,,,,,,13.497
VariableCost,VGB,GLOBAL,MINOTHHND,,,1,2026,,,,,,13.497
VariableCost,VGB,GLOBAL,MINOTHHND,,,1,2027,,,,,,13.497
VariableCost,VGB,GLOBAL,MINOTHHND,,,1,2028,,,,,,13.497
VariableCost,VGB,GLOBAL,MINOTHHND,,,1,2029,,,,,,13.497
VariableCost,VGB,GLOBAL,MINOTHHND,,,1,2030,,,,,,13.497
VariableCost,VGB,GLOBAL,MINOTHHND,,,1,2031,,,,,,13.497
VariableCost,VGB,GLOBAL,MINOTHHND,,,1,2032,,,,,,13.497
VariableCost,VGB,GLOBAL,MINOTHHND,,,1,2033,,,,,,13.497
VariableCost,VGB,GLOBAL,MINOTHHND,,,1,2034,,,,,,13.497
VariableCost,VGB,GLOBAL,MINOTHHND,,,1,2035,,,,,,13.497
VariableCost,VGB,GLOBAL,MINOTHHND,,,1,2036,,,,,,13.497
VariableCost,VGB,GLOBAL,MINOTHHND,,,1,2037,,,,,,13.497
VariableCost,VGB,GLOBAL,MINOTHHND,,,1,2038,,,,,,13.497
VariableCost,VGB,GLOBAL,MINOTHHND,,,1,2039,,,,,,13.497
VariableCost,VGB,GLOBAL,MINOTHHND,,,1,2040,,,,,,13.497
VariableCost,VGB,GLOBAL,MINOTHHND,,,1,2041,,,,,,13.497
VariableCost,VGB,GLOBAL,MINOTHHND,,,1,2042,,,,,,13.497
VariableCost,VGB,GLOBAL,MINOTHHND,,,1,2043,,,,,,13.497
VariableCost,VGB,GLOBAL,MINOTHHND,,,1,2044,,,,,,13.497
VariableCost,VGB,GLOBAL,MINOTHHND,,,1,2045,,,,,,13.497
VariableCost,VGB,GLOBAL,MINOTHHND,,,1,2046,,,,,,13.497
VariableCost,VGB,GLOBAL,MINOTHHND,,,1,2047,,,,,,13.497
VariableCost,VGB,GLOBAL,MINOTHHND,,,1,2048,,,,,,13.497
VariableCost,VGB,GLOBAL,MINOTHHND,,,1,2049,,,,,,13.497
VariableCost,VGB,GLOBAL,MINOTHHND,,,1,2050,,,,,,13.497
VariableCost,VGB,GLOBAL,MINOTHHTI,,,1,2023,,,,,,13.497
VariableCost,VGB,GLOBAL,MINOTHHTI,,,1,2024,,,,,,13.497
VariableCost,VGB,GLOBAL,MINOTHHTI,,,1,2025,,,,,,13.497
VariableCost,VGB,GLOBAL,MINOTHHTI,,,1,2026,,,,,,13.497
VariableCost,VGB,GLOBAL,MINOTHHTI,,,1,2027,,,,,,13.497
VariableCost,VGB,GLOBAL,MINOTHHTI,,,1,2028,,,,,,13.497
VariableCost,VGB,GLOBAL,MINOTHHTI,,,1,2029,,,,,,13.497
VariableCost,VGB,GLOBAL,MINOTHHTI,,,1,2030,,,,,,13.497
VariableCost,VGB,GLOBAL,MINOTHHTI,,,1,2031,,,,,,13.497
VariableCost,VGB,GLOBAL,MINOTHHTI,,,1,2032,,,,,,13.497
VariableCost,VGB,GLOBAL,MINOTHHTI,,,1,2033,,,,,,13.497
VariableCost,VGB,GLOBAL,MINOTHHTI,,,1,2034,,,,,,13.497
VariableCost,VGB,GLOBAL,MINOTHHTI,,,1,2035,,,,,,13.497
VariableCost,VGB,GLOBAL,MINOTHHTI,,,1,2036,,,,,,13.497
VariableCost,VGB,GLOBAL,MINOTHHTI,,,1,2037,,,,,,13.497
VariableCost,VGB,GLOBAL,MINOTHHTI,,,1,2038,,,,,,13.497
VariableCost,VGB,GLOBAL,MINOTHHTI,,,1,2039,,,,,,13.497
VariableCost,VGB,GLOBAL,MINOTHHTI,,,1,2040,,,,,,13.497
VariableCost,VGB,GLOBAL,MINOTHHTI,,,1,2041,,,,,,13.497
VariableCost,VGB,GLOBAL,MINOTHHTI,,,1,2042,,,,,,13.497
VariableCost,VGB,GLOBAL,MINOTHHTI,,,1,2043,,,,,,13.497
VariableCost,VGB,GLOBAL,MINOTHHTI,,,1,2044,,,,,,13.497
VariableCost,VGB,GLOBAL,MINOTHHTI,,,1,2045,,,,,,13.497
VariableCost,VGB,GLOBAL,MINOTHHTI,,,1,2046,,,,,,13.497
VariableCost,VGB,GLOBAL,MINOTHHTI,,,1,2047,,,,,,13.497
VariableCost,VGB,GLOBAL,MINOTHHTI,,,1,2048,,,,,,13.497
VariableCost,VGB,GLOBAL,MINOTHHTI,,,1,2049,,,,,,13.497
VariableCost,VGB,GLOBAL,MINOTHHTI,,,1,2050,,,,,,13.497
VariableCost,VGB,GLOBAL,MINOTHINT,,,1,2023,,,,,,17.546
VariableCost,VGB,GLOBAL,MINOTHINT,,,1,2024,,,,,,17.546
VariableCost,VGB,GLOBAL,MINOTHINT,,,1,2025,,,,,,17.546
VariableCost,VGB,GLOBAL,MINOTHINT,,,1,2026,,,,,,17.546
VariableCost,VGB,GLOBAL,MINOTHINT,,,1,2027,,,,,,17.546
VariableCost,VGB,GLOBAL,MINOTHINT,,,1,2028,,,,,,17.546
VariableCost,VGB,GLOBAL,MINOTHINT,,,1,2029,,,,,,17.546
VariableCost,VGB,GLOBAL,MINOTHINT,,,1,2030,,,,,,17.546
VariableCost,VGB,GLOBAL,MINOTHINT,,,1,2031,,,,,,17.546
VariableCost,VGB,GLOBAL,MINOTHINT,,,1,2032,,,,,,17.546
VariableCost,VGB,GLOBAL,MINOTHINT,,,1,2033,,,,,,17.546
VariableCost,VGB,GLOBAL,MINOTHINT,,,1,2034,,,,,,17.546
VariableCost,VGB,GLOBAL,MINOTHINT,,,1,2035,,,,,,17.546
VariableCost,VGB,GLOBAL,MINOTHINT,,,1,2036,,,,,,17.546
VariableCost,VGB,GLOBAL,MINOTHINT,,,1,2037,,,,,,17.546
VariableCost,VGB,GLOBAL,MINOTHINT,,,1,2038,,,,,,17.546
VariableCost,VGB,GLOBAL,MINOTHINT,,,1,2039,,,,,,17.546
VariableCost,VGB,GLOBAL,MINOTHINT,,,1,2040,,,,,,17.546
VariableCost,VGB,GLOBAL,MINOTHINT,,,1,2041,,,,,,17.546
VariableCost,VGB,GLOBAL,MINOTHINT,,,1,2042,,,,,,17.546
VariableCost,VGB,GLOBAL,MINOTHINT,,,1,2043,,,,,,17.546
VariableCost,VGB,GLOBAL,MINOTHINT,,,1,2044,,,,,,17.546
VariableCost,VGB,GLOBAL,MINOTHINT,,,1,2045,,,,,,17.546
VariableCost,VGB,GLOBAL,MINOTHINT,,,1,2046,,,,,,17.546
VariableCost,VGB,GLOBAL,MINOTHINT,,,1,2047,,,,,,17.546
VariableCost,VGB,GLOBAL,MINOTHINT,,,1,2048,,,,,,17.546
VariableCost,VGB,GLOBAL,MINOTHINT,,,1,2049,,,,,,17.546
VariableCost,VGB,GLOBAL,MINOTHINT,,,1,2050,,,,,,17.546
VariableCost,VGB,GLOBAL,MINOTHMEX,,,1,2023,,,,,,13.497
VariableCost,VGB,GLOBAL,MINOTHMEX,,,1,2024,,,,,,13.497
VariableCost,VGB,GLOBAL,MINOTHMEX,,,1,2025,,,,,,13.497
VariableCost,VGB,GLOBAL,MINOTHMEX,,,1,2026,,,,,,13.497
VariableCost,VGB,GLOBAL,MINOTHMEX,,,1,2027,,,,,,13.497
VariableCost,VGB,GLOBAL,MINOTHMEX,,,1,2028,,,,,,13.497
VariableCost,VGB,GLOBAL,MINOTHMEX,,,1,2029,,,,,,13.497
VariableCost,VGB,GLOBAL,MINOTHMEX,,,1,2030,,,,,,13.497
VariableCost,VGB,GLOBAL,MINOTHMEX,,,1,2031,,,,,,13.497
VariableCost,VGB,GLOBAL,MINOTHMEX,,,1,2032,,,,,,13.497
VariableCost,VGB,GLOBAL,MINOTHMEX,,,1,2033,,,,,,13.497
VariableCost,VGB,GLOBAL,MINOTHMEX,,,1,2034,,,,,,13.497
VariableCost,VGB,GLOBAL,MINOTHMEX,,,1,2035,,,,,,13.497
VariableCost,VGB,GLOBAL,MINOTHMEX,,,1,2036,,,,,,13.497
VariableCost,VGB,GLOBAL,MINOTHMEX,,,1,2037,,,,,,13.497
VariableCost,VGB,GLOBAL,MINOTHMEX,,,1,2038,,,,,,13.497
VariableCost,VGB,GLOBAL,MINOTHMEX,,,1,2039,,,,,,13.497
VariableCost,VGB,GLOBAL,MINOTHMEX,,,1,2040,,,,,,13.497
VariableCost,VGB,GLOBAL,MINOTHMEX,,,1,2041,,,,,,13.497
VariableCost,VGB,GLOBAL,MINOTHMEX,,,1,2042,,,,,,13.497
VariableCost,VGB,GLOBAL,MINOTHMEX,,,1,2043,,,,,,13.497
VariableCost,VGB,GLOBAL,MINOTHMEX,,,1,2044,,,,,,13.497
VariableCost,VGB,GLOBAL,MINOTHMEX,,,1,2045,,,,,,13.497
VariableCost,VGB,GLOBAL,MINOTHMEX,,,1,2046,,,,,,13.497
VariableCost,VGB,GLOBAL,MINOTHMEX,,,1,2047,,,,,,13.497
VariableCost,VGB,GLOBAL,MINOTHMEX,,,1,2048,,,,,,13.497
VariableCost,VGB,GLOBAL,MINOTHMEX,,,1,2049,,,,,,13.497
VariableCost,VGB,GLOBAL,MINOTHMEX,,,1,2050,,,,,,13.497
VariableCost,VGB,GLOBAL,MINOTHNIC,,,1,2023,,,,,,13.497
VariableCost,VGB,GLOBAL,MINOTHNIC,,,1,2024,,,,,,13.497
VariableCost,VGB,GLOBAL,MINOTHNIC,,,1,2025,,,,,,13.497
VariableCost,VGB,GLOBAL,MINOTHNIC,,,1,2026,,,,,,13.497
VariableCost,VGB,GLOBAL,MINOTHNIC,,,1,2027,,,,,,13.497
VariableCost,VGB,GLOBAL,MINOTHNIC,,,1,2028,,,,,,13.497
VariableCost,VGB,GLOBAL,MINOTHNIC,,,1,2029,,,,,,13.497
VariableCost,VGB,GLOBAL,MINOTHNIC,,,1,2030,,,,,,13.497
VariableCost,VGB,GLOBAL,MINOTHNIC,,,1,2031,,,,,,13.497
VariableCost,VGB,GLOBAL,MINOTHNIC,,,1,2032,,,,,,13.497
VariableCost,VGB,GLOBAL,MINOTHNIC,,,1,2033,,,,,,13.497
VariableCost,VGB,GLOBAL,MINOTHNIC,,,1,2034,,,,,,13.497
VariableCost,VGB,GLOBAL,MINOTHNIC,,,1,2035,,,,,,13.497
VariableCost,VGB,GLOBAL,MINOTHNIC,,,1,2036,,,,,,13.497
VariableCost,VGB,GLOBAL,MINOTHNIC,,,1,2037,,,,,,13.497
VariableCost,VGB,GLOBAL,MINOTHNIC,,,1,2038,,,,,,13.497
VariableCost,VGB,GLOBAL,MINOTHNIC,,,1,2039,,,,,,13.497
VariableCost,VGB,GLOBAL,MINOTHNIC,,,1,2040,,,,,,13.497
VariableCost,VGB,GLOBAL,MINOTHNIC,,,1,2041,,,,,,13.497
VariableCost,VGB,GLOBAL,MINOTHNIC,,,1,2042,,,,,,13.497
VariableCost,VGB,GLOBAL,MINOTHNIC,,,1,2043,,,,,,13.497
VariableCost,VGB,GLOBAL,MINOTHNIC,,,1,2044,,,,,,13.497
VariableCost,VGB,GLOBAL,MINOTHNIC,,,1,2045,,,,,,13.497
VariableCost,VGB,GLOBAL,MINOTHNIC,,,1,2046,,,,,,13.497
VariableCost,VGB,GLOBAL,MINOTHNIC,,,1,2047,,,,,,13.497
VariableCost,VGB,GLOBAL,MINOTHNIC,,,1,2048,,,,,,13.497
VariableCost,VGB,GLOBAL,MINOTHNIC,,,1,2049,,,,,,13.497
VariableCost,VGB,GLOBAL,MINOTHNIC,,,1,2050,,,,,,13.497
VariableCost,VGB,GLOBAL,MINOTHPAN,,,1,2023,,,,,,13.497
VariableCost,VGB,GLOBAL,MINOTHPAN,,,1,2024,,,,,,13.497
VariableCost,VGB,GLOBAL,MINOTHPAN,,,1,2025,,,,,,13.497
VariableCost,VGB,GLOBAL,MINOTHPAN,,,1,2026,,,,,,13.497
VariableCost,VGB,GLOBAL,MINOTHPAN,,,1,2027,,,,,,13.497
VariableCost,VGB,GLOBAL,MINOTHPAN,,,1,2028,,,,,,13.497
VariableCost,VGB,GLOBAL,MINOTHPAN,,,1,2029,,,,,,13.497
VariableCost,VGB,GLOBAL,MINOTHPAN,,,1,2030,,,,,,13.497
VariableCost,VGB,GLOBAL,MINOTHPAN,,,1,2031,,,,,,13.497
VariableCost,VGB,GLOBAL,MINOTHPAN,,,1,2032,,,,,,13.497
VariableCost,VGB,GLOBAL,MINOTHPAN,,,1,2033,,,,,,13.497
VariableCost,VGB,GLOBAL,MINOTHPAN,,,1,2034,,,,,,13.497
VariableCost,VGB,GLOBAL,MINOTHPAN,,,1,2035,,,,,,13.497
VariableCost,VGB,GLOBAL,MINOTHPAN,,,1,2036,,,,,,13.497
VariableCost,VGB,GLOBAL,MINOTHPAN,,,1,2037,,,,,,13.497
VariableCost,VGB,GLOBAL,MINOTHPAN,,,1,2038,,,,,,13.497
VariableCost,VGB,GLOBAL,MINOTHPAN,,,1,2039,,,,,,13.497
VariableCost,VGB,GLOBAL,MINOTHPAN,,,1,2040,,,,,,13.497
VariableCost,VGB,GLOBAL,MINOTHPAN,,,1,2041,,,,,,13.497
VariableCost,VGB,GLOBAL,MINOTHPAN,,,1,2042,,,,,,13.497
VariableCost,VGB,GLOBAL,MINOTHPAN,,,1,2043,,,,,,13.497
VariableCost,VGB,GLOBAL,MINOTHPAN,,,1,2044,,,,,,13.497
VariableCost,VGB,GLOBAL,MINOTHPAN,,,1,2045,,,,,,13.497
VariableCost,VGB,GLOBAL,MINOTHPAN,,,1,2046,,,,,,13.497
VariableCost,VGB,GLOBAL,MINOTHPAN,,,1,2047,,,,,,13.497
VariableCost,VGB,GLOBAL,MINOTHPAN,,,1,2048,,,,,,13.497
VariableCost,VGB,GLOBAL,MINOTHPAN,,,1,2049,,,,,,13.497
VariableCost,VGB,GLOBAL,MINOTHPAN,,,1,2050,,,,,,13.497
VariableCost,VGB,GLOBAL,MINOTHPER,,,1,2023,,,,,,13.497
VariableCost,VGB,GLOBAL,MINOTHPER,,,1,2024,,,,,,13.497
VariableCost,VGB,GLOBAL,MINOTHPER,,,1,2025,,,,,,13.497
VariableCost,VGB,GLOBAL,MINOTHPER,,,1,2026,,,,,,13.497
VariableCost,VGB,GLOBAL,MINOTHPER,,,1,2027,,,,,,13.497
VariableCost,VGB,GLOBAL,MINOTHPER,,,1,2028,,,,,,13.497
VariableCost,VGB,GLOBAL,MINOTHPER,,,1,2029,,,,,,13.497
VariableCost,VGB,GLOBAL,MINOTHPER,,,1,2030,,,,,,13.497
VariableCost,VGB,GLOBAL,MINOTHPER,,,1,2031,,,,,,13.497
VariableCost,VGB,GLOBAL,MINOTHPER,,,1,2032,,,,,,13.497
VariableCost,VGB,GLOBAL,MINOTHPER,,,1,2033,,,,,,13.497
VariableCost,VGB,GLOBAL,MINOTHPER,,,1,2034,,,,,,13.497
VariableCost,VGB,GLOBAL,MINOTHPER,,,1,2035,,,,,,13.497
VariableCost,VGB,GLOBAL,MINOTHPER,,,1,2036,,,,,,13.497
VariableCost,VGB,GLOBAL,MINOTHPER,,,1,2037,,,,,,13.497
VariableCost,VGB,GLOBAL,MINOTHPER,,,1,2038,,,,,,13.497
VariableCost,VGB,GLOBAL,MINOTHPER,,,1,2039,,,,,,13.497
VariableCost,VGB,GLOBAL,MINOTHPER,,,1,2040,,,,,,13.497
VariableCost,VGB,GLOBAL,MINOTHPER,,,1,2041,,,,,,13.497
VariableCost,VGB,GLOBAL,MINOTHPER,,,1,2042,,,,,,13.497
VariableCost,VGB,GLOBAL,MINOTHPER,,,1,2043,,,,,,13.497
VariableCost,VGB,GLOBAL,MINOTHPER,,,1,2044,,,,,,13.497
VariableCost,VGB,GLOBAL,MINOTHPER,,,1,2045,,,,,,13.497
VariableCost,VGB,GLOBAL,MINOTHPER,,,1,2046,,,,,,13.497
VariableCost,VGB,GLOBAL,MINOTHPER,,,1,2047,,,,,,13.497
VariableCost,VGB,GLOBAL,MINOTHPER,,,1,2048,,,,,,13.497
VariableCost,VGB,GLOBAL,MINOTHPER,,,1,2049,,,,,,13.497
VariableCost,VGB,GLOBAL,MINOTHPER,,,1,2050,,,,,,13.497
VariableCost,VGB,GLOBAL,MINOTHPRY,,,1,2023,,,,,,13.497
VariableCost,VGB,GLOBAL,MINOTHPRY,,,1,2024,,,,,,13.497
VariableCost,VGB,GLOBAL,MINOTHPRY,,,1,2025,,,,,,13.497
VariableCost,VGB,GLOBAL,MINOTHPRY,,,1,2026,,,,,,13.497
VariableCost,VGB,GLOBAL,MINOTHPRY,,,1,2027,,,,,,13.497
VariableCost,VGB,GLOBAL,MINOTHPRY,,,1,2028,,,,,,13.497
VariableCost,VGB,GLOBAL,MINOTHPRY,,,1,2029,,,,,,13.497
VariableCost,VGB,GLOBAL,MINOTHPRY,,,1,2030,,,,,,13.497
VariableCost,VGB,GLOBAL,MINOTHPRY,,,1,2031,,,,,,13.497
VariableCost,VGB,GLOBAL,MINOTHPRY,,,1,2032,,,,,,13.497
VariableCost,VGB,GLOBAL,MINOTHPRY,,,1,2033,,,,,,13.497
VariableCost,VGB,GLOBAL,MINOTHPRY,,,1,2034,,,,,,13.497
VariableCost,VGB,GLOBAL,MINOTHPRY,,,1,2035,,,,,,13.497
VariableCost,VGB,GLOBAL,MINOTHPRY,,,1,2036,,,,,,13.497
VariableCost,VGB,GLOBAL,MINOTHPRY,,,1,2037,,,,,,13.497
VariableCost,VGB,GLOBAL,MINOTHPRY,,,1,2038,,,,,,13.497
VariableCost,VGB,GLOBAL,MINOTHPRY,,,1,2039,,,,,,13.497
VariableCost,VGB,GLOBAL,MINOTHPRY,,,1,2040,,,,,,13.497
VariableCost,VGB,GLOBAL,MINOTHPRY,,,1,2041,,,,,,13.497
VariableCost,VGB,GLOBAL,MINOTHPRY,,,1,2042,,,,,,13.497
VariableCost,VGB,GLOBAL,MINOTHPRY,,,1,2043,,,,,,13.497
VariableCost,VGB,GLOBAL,MINOTHPRY,,,1,2044,,,,,,13.497
VariableCost,VGB,GLOBAL,MINOTHPRY,,,1,2045,,,,,,13.497
VariableCost,VGB,GLOBAL,MINOTHPRY,,,1,2046,,,,,,13.497
VariableCost,VGB,GLOBAL,MINOTHPRY,,,1,2047,,,,,,13.497
VariableCost,VGB,GLOBAL,MINOTHPRY,,,1,2048,,,,,,13.497
VariableCost,VGB,GLOBAL,MINOTHPRY,,,1,2049,,,,,,13.497
VariableCost,VGB,GLOBAL,MINOTHPRY,,,1,2050,,,,,,13.497
VariableCost,VGB,GLOBAL,MINOTHSLV,,,1,2023,,,,,,13.497
VariableCost,VGB,GLOBAL,MINOTHSLV,,,1,2024,,,,,,13.497
VariableCost,VGB,GLOBAL,MINOTHSLV,,,1,2025,,,,,,13.497
VariableCost,VGB,GLOBAL,MINOTHSLV,,,1,2026,,,,,,13.497
VariableCost,VGB,GLOBAL,MINOTHSLV,,,1,2027,,,,,,13.497
VariableCost,VGB,GLOBAL,MINOTHSLV,,,1,2028,,,,,,13.497
VariableCost,VGB,GLOBAL,MINOTHSLV,,,1,2029,,,,,,13.497
VariableCost,VGB,GLOBAL,MINOTHSLV,,,1,2030,,,,,,13.497
VariableCost,VGB,GLOBAL,MINOTHSLV,,,1,2031,,,,,,13.497
VariableCost,VGB,GLOBAL,MINOTHSLV,,,1,2032,,,,,,13.497
VariableCost,VGB,GLOBAL,MINOTHSLV,,,1,2033,,,,,,13.497
VariableCost,VGB,GLOBAL,MINOTHSLV,,,1,2034,,,,,,13.497
VariableCost,VGB,GLOBAL,MINOTHSLV,,,1,2035,,,,,,13.497
VariableCost,VGB,GLOBAL,MINOTHSLV,,,1,2036,,,,,,13.497
VariableCost,VGB,GLOBAL,MINOTHSLV,,,1,2037,,,,,,13.497
VariableCost,VGB,GLOBAL,MINOTHSLV,,,1,2038,,,,,,13.497
VariableCost,VGB,GLOBAL,MINOTHSLV,,,1,2039,,,,,,13.497
VariableCost,VGB,GLOBAL,MINOTHSLV,,,1,2040,,,,,,13.497
VariableCost,VGB,GLOBAL,MINOTHSLV,,,1,2041,,,,,,13.497
VariableCost,VGB,GLOBAL,MINOTHSLV,,,1,2042,,,,,,13.497
VariableCost,VGB,GLOBAL,MINOTHSLV,,,1,2043,,,,,,13.497
VariableCost,VGB,GLOBAL,MINOTHSLV,,,1,2044,,,,,,13.497
VariableCost,VGB,GLOBAL,MINOTHSLV,,,1,2045,,,,,,13.497
VariableCost,VGB,GLOBAL,MINOTHSLV,,,1,2046,,,,,,13.497
VariableCost,VGB,GLOBAL,MINOTHSLV,,,1,2047,,,,,,13.497
VariableCost,VGB,GLOBAL,MINOTHSLV,,,1,2048,,,,,,13.497
VariableCost,VGB,GLOBAL,MINOTHSLV,,,1,2049,,,,,,13.497
VariableCost,VGB,GLOBAL,MINOTHSLV,,,1,2050,,,,,,13.497
VariableCost,VGB,GLOBAL,MINOTHURY,,,1,2023,,,,,,13.497
VariableCost,VGB,GLOBAL,MINOTHURY,,,1,2024,,,,,,13.497
VariableCost,VGB,GLOBAL,MINOTHURY,,,1,2025,,,,,,13.497
VariableCost,VGB,GLOBAL,MINOTHURY,,,1,2026,,,,,,13.497
VariableCost,VGB,GLOBAL,MINOTHURY,,,1,2027,,,,,,13.497
VariableCost,VGB,GLOBAL,MINOTHURY,,,1,2028,,,,,,13.497
VariableCost,VGB,GLOBAL,MINOTHURY,,,1,2029,,,,,,13.497
VariableCost,VGB,GLOBAL,MINOTHURY,,,1,2030,,,,,,13.497
VariableCost,VGB,GLOBAL,MINOTHURY,,,1,2031,,,,,,13.497
VariableCost,VGB,GLOBAL,MINOTHURY,,,1,2032,,,,,,13.497
VariableCost,VGB,GLOBAL,MINOTHURY,,,1,2033,,,,,,13.497
VariableCost,VGB,GLOBAL,MINOTHURY,,,1,2034,,,,,,13.497
VariableCost,VGB,GLOBAL,MINOTHURY,,,1,2035,,,,,,13.497
VariableCost,VGB,GLOBAL,MINOTHURY,,,1,2036,,,,,,13.497
VariableCost,VGB,GLOBAL,MINOTHURY,,,1,2037,,,,,,13.497
VariableCost,VGB,GLOBAL,MINOTHURY,,,1,2038,,,,,,13.497
VariableCost,VGB,GLOBAL,MINOTHURY,,,1,2039,,,,,,13.497
VariableCost,VGB,GLOBAL,MINOTHURY,,,1,2040,,,,,,13.497
VariableCost,VGB,GLOBAL,MINOTHURY,,,1,2041,,,,,,13.497
VariableCost,VGB,GLOBAL,MINOTHURY,,,1,2042,,,,,,13.497
VariableCost,VGB,GLOBAL,MINOTHURY,,,1,2043,,,,,,13.497
VariableCost,VGB,GLOBAL,MINOTHURY,,,1,2044,,,,,,13.497
VariableCost,VGB,GLOBAL,MINOTHURY,,,1,2045,,,,,,13.497
VariableCost,VGB,GLOBAL,MINOTHURY,,,1,2046,,,,,,13.497
VariableCost,VGB,GLOBAL,MINOTHURY,,,1,2047,,,,,,13.497
VariableCost,VGB,GLOBAL,MINOTHURY,,,1,2048,,,,,,13.497
VariableCost,VGB,GLOBAL,MINOTHURY,,,1,2049,,,,,,13.497
VariableCost,VGB,GLOBAL,MINOTHURY,,,1,2050,,,,,,13.497
VariableCost,VGB,GLOBAL,MINPETARG,,,1,2023,,,,,,13.497
VariableCost,VGB,GLOBAL,MINPETARG,,,1,2024,,,,,,13.497
VariableCost,VGB,GLOBAL,MINPETARG,,,1,2025,,,,,,13.497
VariableCost,VGB,GLOBAL,MINPETARG,,,1,2026,,,,,,13.497
VariableCost,VGB,GLOBAL,MINPETARG,,,1,2027,,,,,,13.497
VariableCost,VGB,GLOBAL,MINPETARG,,,1,2028,,,,,,13.497
VariableCost,VGB,GLOBAL,MINPETARG,,,1,2029,,,,,,13.497
VariableCost,VGB,GLOBAL,MINPETARG,,,1,2030,,,,,,13.497
VariableCost,VGB,GLOBAL,MINPETARG,,,1,2031,,,,,,13.497
VariableCost,VGB,GLOBAL,MINPETARG,,,1,2032,,,,,,13.497
VariableCost,VGB,GLOBAL,MINPETARG,,,1,2033,,,,,,13.497
VariableCost,VGB,GLOBAL,MINPETARG,,,1,2034,,,,,,13.497
VariableCost,VGB,GLOBAL,MINPETARG,,,1,2035,,,,,,13.497
VariableCost,VGB,GLOBAL,MINPETARG,,,1,2036,,,,,,13.497
VariableCost,VGB,GLOBAL,MINPETARG,,,1,2037,,,,,,13.497
VariableCost,VGB,GLOBAL,MINPETARG,,,1,2038,,,,,,13.497
VariableCost,VGB,GLOBAL,MINPETARG,,,1,2039,,,,,,13.497
VariableCost,VGB,GLOBAL,MINPETARG,,,1,2040,,,,,,13.497
VariableCost,VGB,GLOBAL,MINPETARG,,,1,2041,,,,,,13.497
VariableCost,VGB,GLOBAL,MINPETARG,,,1,2042,,,,,,13.497
VariableCost,VGB,GLOBAL,MINPETARG,,,1,2043,,,,,,13.497
VariableCost,VGB,GLOBAL,MINPETARG,,,1,2044,,,,,,13.497
VariableCost,VGB,GLOBAL,MINPETARG,,,1,2045,,,,,,13.497
VariableCost,VGB,GLOBAL,MINPETARG,,,1,2046,,,,,,13.497
VariableCost,VGB,GLOBAL,MINPETARG,,,1,2047,,,,,,13.497
VariableCost,VGB,GLOBAL,MINPETARG,,,1,2048,,,,,,13.497
VariableCost,VGB,GLOBAL,MINPETARG,,,1,2049,,,,,,13.497
VariableCost,VGB,GLOBAL,MINPETARG,,,1,2050,,,,,,13.497
VariableCost,VGB,GLOBAL,MINPETBOL,,,1,2023,,,,,,13.497
VariableCost,VGB,GLOBAL,MINPETBOL,,,1,2024,,,,,,13.497
VariableCost,VGB,GLOBAL,MINPETBOL,,,1,2025,,,,,,13.497
VariableCost,VGB,GLOBAL,MINPETBOL,,,1,2026,,,,,,13.497
VariableCost,VGB,GLOBAL,MINPETBOL,,,1,2027,,,,,,13.497
VariableCost,VGB,GLOBAL,MINPETBOL,,,1,2028,,,,,,13.497
VariableCost,VGB,GLOBAL,MINPETBOL,,,1,2029,,,,,,13.497
VariableCost,VGB,GLOBAL,MINPETBOL,,,1,2030,,,,,,13.497
VariableCost,VGB,GLOBAL,MINPETBOL,,,1,2031,,,,,,13.497
VariableCost,VGB,GLOBAL,MINPETBOL,,,1,2032,,,,,,13.497
VariableCost,VGB,GLOBAL,MINPETBOL,,,1,2033,,,,,,13.497
VariableCost,VGB,GLOBAL,MINPETBOL,,,1,2034,,,,,,13.497
VariableCost,VGB,GLOBAL,MINPETBOL,,,1,2035,,,,,,13.497
VariableCost,VGB,GLOBAL,MINPETBOL,,,1,2036,,,,,,13.497
VariableCost,VGB,GLOBAL,MINPETBOL,,,1,2037,,,,,,13.497
VariableCost,VGB,GLOBAL,MINPETBOL,,,1,2038,,,,,,13.497
VariableCost,VGB,GLOBAL,MINPETBOL,,,1,2039,,,,,,13.497
VariableCost,VGB,GLOBAL,MINPETBOL,,,1,2040,,,,,,13.497
VariableCost,VGB,GLOBAL,MINPETBOL,,,1,2041,,,,,,13.497
VariableCost,VGB,GLOBAL,MINPETBOL,,,1,2042,,,,,,13.497
VariableCost,VGB,GLOBAL,MINPETBOL,,,1,2043,,,,,,13.497
VariableCost,VGB,GLOBAL,MINPETBOL,,,1,2044,,,,,,13.497
VariableCost,VGB,GLOBAL,MINPETBOL,,,1,2045,,,,,,13.497
VariableCost,VGB,GLOBAL,MINPETBOL,,,1,2046,,,,,,13.497
VariableCost,VGB,GLOBAL,MINPETBOL,,,1,2047,,,,,,13.497
VariableCost,VGB,GLOBAL,MINPETBOL,,,1,2048,,,,,,13.497
VariableCost,VGB,GLOBAL,MINPETBOL,,,1,2049,,,,,,13.497
VariableCost,VGB,GLOBAL,MINPETBOL,,,1,2050,,,,,,13.497
VariableCost,VGB,GLOBAL,MINPETBRA,,,1,2023,,,,,,13.497
VariableCost,VGB,GLOBAL,MINPETBRA,,,1,2024,,,,,,13.497
VariableCost,VGB,GLOBAL,MINPETBRA,,,1,2025,,,,,,13.497
VariableCost,VGB,GLOBAL,MINPETBRA,,,1,2026,,,,,,13.497
VariableCost,VGB,GLOBAL,MINPETBRA,,,1,2027,,,,,,13.497
VariableCost,VGB,GLOBAL,MINPETBRA,,,1,2028,,,,,,13.497
VariableCost,VGB,GLOBAL,MINPETBRA,,,1,2029,,,,,,13.497
VariableCost,VGB,GLOBAL,MINPETBRA,,,1,2030,,,,,,13.497
VariableCost,VGB,GLOBAL,MINPETBRA,,,1,2031,,,,,,13.497
VariableCost,VGB,GLOBAL,MINPETBRA,,,1,2032,,,,,,13.497
VariableCost,VGB,GLOBAL,MINPETBRA,,,1,2033,,,,,,13.497
VariableCost,VGB,GLOBAL,MINPETBRA,,,1,2034,,,,,,13.497
VariableCost,VGB,GLOBAL,MINPETBRA,,,1,2035,,,,,,13.497
VariableCost,VGB,GLOBAL,MINPETBRA,,,1,2036,,,,,,13.497
VariableCost,VGB,GLOBAL,MINPETBRA,,,1,2037,,,,,,13.497
VariableCost,VGB,GLOBAL,MINPETBRA,,,1,2038,,,,,,13.497
VariableCost,VGB,GLOBAL,MINPETBRA,,,1,2039,,,,,,13.497
VariableCost,VGB,GLOBAL,MINPETBRA,,,1,2040,,,,,,13.497
VariableCost,VGB,GLOBAL,MINPETBRA,,,1,2041,,,,,,13.497
VariableCost,VGB,GLOBAL,MINPETBRA,,,1,2042,,,,,,13.497
VariableCost,VGB,GLOBAL,MINPETBRA,,,1,2043,,,,,,13.497
VariableCost,VGB,GLOBAL,MINPETBRA,,,1,2044,,,,,,13.497
VariableCost,VGB,GLOBAL,MINPETBRA,,,1,2045,,,,,,13.497
VariableCost,VGB,GLOBAL,MINPETBRA,,,1,2046,,,,,,13.497
VariableCost,VGB,GLOBAL,MINPETBRA,,,1,2047,,,,,,13.497
VariableCost,VGB,GLOBAL,MINPETBRA,,,1,2048,,,,,,13.497
VariableCost,VGB,GLOBAL,MINPETBRA,,,1,2049,,,,,,13.497
VariableCost,VGB,GLOBAL,MINPETBRA,,,1,2050,,,,,,13.497
VariableCost,VGB,GLOBAL,MINPETBRB,,,1,2023,,,,,,13.497
VariableCost,VGB,GLOBAL,MINPETBRB,,,1,2024,,,,,,13.497
VariableCost,VGB,GLOBAL,MINPETBRB,,,1,2025,,,,,,13.497
VariableCost,VGB,GLOBAL,MINPETBRB,,,1,2026,,,,,,13.497
VariableCost,VGB,GLOBAL,MINPETBRB,,,1,2027,,,,,,13.497
VariableCost,VGB,GLOBAL,MINPETBRB,,,1,2028,,,,,,13.497
VariableCost,VGB,GLOBAL,MINPETBRB,,,1,2029,,,,,,13.497
VariableCost,VGB,GLOBAL,MINPETBRB,,,1,2030,,,,,,13.497
VariableCost,VGB,GLOBAL,MINPETBRB,,,1,2031,,,,,,13.497
VariableCost,VGB,GLOBAL,MINPETBRB,,,1,2032,,,,,,13.497
VariableCost,VGB,GLOBAL,MINPETBRB,,,1,2033,,,,,,13.497
VariableCost,VGB,GLOBAL,MINPETBRB,,,1,2034,,,,,,13.497
VariableCost,VGB,GLOBAL,MINPETBRB,,,1,2035,,,,,,13.497
VariableCost,VGB,GLOBAL,MINPETBRB,,,1,2036,,,,,,13.497
VariableCost,VGB,GLOBAL,MINPETBRB,,,1,2037,,,,,,13.497
VariableCost,VGB,GLOBAL,MINPETBRB,,,1,2038,,,,,,13.497
VariableCost,VGB,GLOBAL,MINPETBRB,,,1,2039,,,,,,13.497
VariableCost,VGB,GLOBAL,MINPETBRB,,,1,2040,,,,,,13.497
VariableCost,VGB,GLOBAL,MINPETBRB,,,1,2041,,,,,,13.497
VariableCost,VGB,GLOBAL,MINPETBRB,,,1,2042,,,,,,13.497
VariableCost,VGB,GLOBAL,MINPETBRB,,,1,2043,,,,,,13.497
VariableCost,VGB,GLOBAL,MINPETBRB,,,1,2044,,,,,,13.497
VariableCost,VGB,GLOBAL,MINPETBRB,,,1,2045,,,,,,13.497
VariableCost,VGB,GLOBAL,MINPETBRB,,,1,2046,,,,,,13.497
VariableCost,VGB,GLOBAL,MINPETBRB,,,1,2047,,,,,,13.497
VariableCost,VGB,GLOBAL,MINPETBRB,,,1,2048,,,,,,13.497
VariableCost,VGB,GLOBAL,MINPETBRB,,,1,2049,,,,,,13.497
VariableCost,VGB,GLOBAL,MINPETBRB,,,1,2050,,,,,,13.497
VariableCost,VGB,GLOBAL,MINPETCHL,,,1,2023,,,,,,13.497
VariableCost,VGB,GLOBAL,MINPETCHL,,,1,2024,,,,,,13.497
VariableCost,VGB,GLOBAL,MINPETCHL,,,1,2025,,,,,,13.497
VariableCost,VGB,GLOBAL,MINPETCHL,,,1,2026,,,,,,13.497
VariableCost,VGB,GLOBAL,MINPETCHL,,,1,2027,,,,,,13.497
VariableCost,VGB,GLOBAL,MINPETCHL,,,1,2028,,,,,,13.497
VariableCost,VGB,GLOBAL,MINPETCHL,,,1,2029,,,,,,13.497
VariableCost,VGB,GLOBAL,MINPETCHL,,,1,2030,,,,,,13.497
VariableCost,VGB,GLOBAL,MINPETCHL,,,1,2031,,,,,,13.497
VariableCost,VGB,GLOBAL,MINPETCHL,,,1,2032,,,,,,13.497
VariableCost,VGB,GLOBAL,MINPETCHL,,,1,2033,,,,,,13.497
VariableCost,VGB,GLOBAL,MINPETCHL,,,1,2034,,,,,,13.497
VariableCost,VGB,GLOBAL,MINPETCHL,,,1,2035,,,,,,13.497
VariableCost,VGB,GLOBAL,MINPETCHL,,,1,2036,,,,,,13.497
VariableCost,VGB,GLOBAL,MINPETCHL,,,1,2037,,,,,,13.497
VariableCost,VGB,GLOBAL,MINPETCHL,,,1,2038,,,,,,13.497
VariableCost,VGB,GLOBAL,MINPETCHL,,,1,2039,,,,,,13.497
VariableCost,VGB,GLOBAL,MINPETCHL,,,1,2040,,,,,,13.497
VariableCost,VGB,GLOBAL,MINPETCHL,,,1,2041,,,,,,13.497
VariableCost,VGB,GLOBAL,MINPETCHL,,,1,2042,,,,,,13.497
VariableCost,VGB,GLOBAL,MINPETCHL,,,1,2043,,,,,,13.497
VariableCost,VGB,GLOBAL,MINPETCHL,,,1,2044,,,,,,13.497
VariableCost,VGB,GLOBAL,MINPETCHL,,,1,2045,,,,,,13.497
VariableCost,VGB,GLOBAL,MINPETCHL,,,1,2046,,,,,,13.497
VariableCost,VGB,GLOBAL,MINPETCHL,,,1,2047,,,,,,13.497
VariableCost,VGB,GLOBAL,MINPETCHL,,,1,2048,,,,,,13.497
VariableCost,VGB,GLOBAL,MINPETCHL,,,1,2049,,,,,,13.497
VariableCost,VGB,GLOBAL,MINPETCHL,,,1,2050,,,,,,13.497
VariableCost,VGB,GLOBAL,MINPETCOL,,,1,2023,,,,,,13.497
VariableCost,VGB,GLOBAL,MINPETCOL,,,1,2024,,,,,,13.497
VariableCost,VGB,GLOBAL,MINPETCOL,,,1,2025,,,,,,13.497
VariableCost,VGB,GLOBAL,MINPETCOL,,,1,2026,,,,,,13.497
VariableCost,VGB,GLOBAL,MINPETCOL,,,1,2027,,,,,,13.497
VariableCost,VGB,GLOBAL,MINPETCOL,,,1,2028,,,,,,13.497
VariableCost,VGB,GLOBAL,MINPETCOL,,,1,2029,,,,,,13.497
VariableCost,VGB,GLOBAL,MINPETCOL,,,1,2030,,,,,,13.497
VariableCost,VGB,GLOBAL,MINPETCOL,,,1,2031,,,,,,13.497
VariableCost,VGB,GLOBAL,MINPETCOL,,,1,2032,,,,,,13.497
VariableCost,VGB,GLOBAL,MINPETCOL,,,1,2033,,,,,,13.497
VariableCost,VGB,GLOBAL,MINPETCOL,,,1,2034,,,,,,13.497
VariableCost,VGB,GLOBAL,MINPETCOL,,,1,2035,,,,,,13.497
VariableCost,VGB,GLOBAL,MINPETCOL,,,1,2036,,,,,,13.497
VariableCost,VGB,GLOBAL,MINPETCOL,,,1,2037,,,,,,13.497
VariableCost,VGB,GLOBAL,MINPETCOL,,,1,2038,,,,,,13.497
VariableCost,VGB,GLOBAL,MINPETCOL,,,1,2039,,,,,,13.497
VariableCost,VGB,GLOBAL,MINPETCOL,,,1,2040,,,,,,13.497
VariableCost,VGB,GLOBAL,MINPETCOL,,,1,2041,,,,,,13.497
VariableCost,VGB,GLOBAL,MINPETCOL,,,1,2042,,,,,,13.497
VariableCost,VGB,GLOBAL,MINPETCOL,,,1,2043,,,,,,13.497
VariableCost,VGB,GLOBAL,MINPETCOL,,,1,2044,,,,,,13.497
VariableCost,VGB,GLOBAL,MINPETCOL,,,1,2045,,,,,,13.497
VariableCost,VGB,GLOBAL,MINPETCOL,,,1,2046,,,,,,13.497
VariableCost,VGB,GLOBAL,MINPETCOL,,,1,2047,,,,,,13.497
VariableCost,VGB,GLOBAL,MINPETCOL,,,1,2048,,,,,,13.497
VariableCost,VGB,GLOBAL,MINPETCOL,,,1,2049,,,,,,13.497
VariableCost,VGB,GLOBAL,MINPETCOL,,,1,2050,,,,,,13.497
VariableCost,VGB,GLOBAL,MINPETCRI,,,1,2023,,,,,,13.497
VariableCost,VGB,GLOBAL,MINPETCRI,,,1,2024,,,,,,13.497
VariableCost,VGB,GLOBAL,MINPETCRI,,,1,2025,,,,,,13.497
VariableCost,VGB,GLOBAL,MINPETCRI,,,1,2026,,,,,,13.497
VariableCost,VGB,GLOBAL,MINPETCRI,,,1,2027,,,,,,13.497
VariableCost,VGB,GLOBAL,MINPETCRI,,,1,2028,,,,,,13.497
VariableCost,VGB,GLOBAL,MINPETCRI,,,1,2029,,,,,,13.497
VariableCost,VGB,GLOBAL,MINPETCRI,,,1,2030,,,,,,13.497
VariableCost,VGB,GLOBAL,MINPETCRI,,,1,2031,,,,,,13.497
VariableCost,VGB,GLOBAL,MINPETCRI,,,1,2032,,,,,,13.497
VariableCost,VGB,GLOBAL,MINPETCRI,,,1,2033,,,,,,13.497
VariableCost,VGB,GLOBAL,MINPETCRI,,,1,2034,,,,,,13.497
VariableCost,VGB,GLOBAL,MINPETCRI,,,1,2035,,,,,,13.497
VariableCost,VGB,GLOBAL,MINPETCRI,,,1,2036,,,,,,13.497
VariableCost,VGB,GLOBAL,MINPETCRI,,,1,2037,,,,,,13.497
VariableCost,VGB,GLOBAL,MINPETCRI,,,1,2038,,,,,,13.497
VariableCost,VGB,GLOBAL,MINPETCRI,,,1,2039,,,,,,13.497
VariableCost,VGB,GLOBAL,MINPETCRI,,,1,2040,,,,,,13.497
VariableCost,VGB,GLOBAL,MINPETCRI,,,1,2041,,,,,,13.497
VariableCost,VGB,GLOBAL,MINPETCRI,,,1,2042,,,,,,13.497
VariableCost,VGB,GLOBAL,MINPETCRI,,,1,2043,,,,,,13.497
VariableCost,VGB,GLOBAL,MINPETCRI,,,1,2044,,,,,,13.497
VariableCost,VGB,GLOBAL,MINPETCRI,,,1,2045,,,,,,13.497
VariableCost,VGB,GLOBAL,MINPETCRI,,,1,2046,,,,,,13.497
VariableCost,VGB,GLOBAL,MINPETCRI,,,1,2047,,,,,,13.497
VariableCost,VGB,GLOBAL,MINPETCRI,,,1,2048,,,,,,13.497
VariableCost,VGB,GLOBAL,MINPETCRI,,,1,2049,,,,,,13.497
VariableCost,VGB,GLOBAL,MINPETCRI,,,1,2050,,,,,,13.497
VariableCost,VGB,GLOBAL,MINPETDOM,,,1,2023,,,,,,13.497
VariableCost,VGB,GLOBAL,MINPETDOM,,,1,2024,,,,,,13.497
VariableCost,VGB,GLOBAL,MINPETDOM,,,1,2025,,,,,,13.497
VariableCost,VGB,GLOBAL,MINPETDOM,,,1,2026,,,,,,13.497
VariableCost,VGB,GLOBAL,MINPETDOM,,,1,2027,,,,,,13.497
VariableCost,VGB,GLOBAL,MINPETDOM,,,1,2028,,,,,,13.497
VariableCost,VGB,GLOBAL,MINPETDOM,,,1,2029,,,,,,13.497
VariableCost,VGB,GLOBAL,MINPETDOM,,,1,2030,,,,,,13.497
VariableCost,VGB,GLOBAL,MINPETDOM,,,1,2031,,,,,,13.497
VariableCost,VGB,GLOBAL,MINPETDOM,,,1,2032,,,,,,13.497
VariableCost,VGB,GLOBAL,MINPETDOM,,,1,2033,,,,,,13.497
VariableCost,VGB,GLOBAL,MINPETDOM,,,1,2034,,,,,,13.497
VariableCost,VGB,GLOBAL,MINPETDOM,,,1,2035,,,,,,13.497
VariableCost,VGB,GLOBAL,MINPETDOM,,,1,2036,,,,,,13.497
VariableCost,VGB,GLOBAL,MINPETDOM,,,1,2037,,,,,,13.497
VariableCost,VGB,GLOBAL,MINPETDOM,,,1,2038,,,,,,13.497
VariableCost,VGB,GLOBAL,MINPETDOM,,,1,2039,,,,,,13.497
VariableCost,VGB,GLOBAL,MINPETDOM,,,1,2040,,,,,,13.497
VariableCost,VGB,GLOBAL,MINPETDOM,,,1,2041,,,,,,13.497
VariableCost,VGB,GLOBAL,MINPETDOM,,,1,2042,,,,,,13.497
VariableCost,VGB,GLOBAL,MINPETDOM,,,1,2043,,,,,,13.497
VariableCost,VGB,GLOBAL,MINPETDOM,,,1,2044,,,,,,13.497
VariableCost,VGB,GLOBAL,MINPETDOM,,,1,2045,,,,,,13.497
VariableCost,VGB,GLOBAL,MINPETDOM,,,1,2046,,,,,,13.497
VariableCost,VGB,GLOBAL,MINPETDOM,,,1,2047,,,,,,13.497
VariableCost,VGB,GLOBAL,MINPETDOM,,,1,2048,,,,,,13.497
VariableCost,VGB,GLOBAL,MINPETDOM,,,1,2049,,,,,,13.497
VariableCost,VGB,GLOBAL,MINPETDOM,,,1,2050,,,,,,13.497
VariableCost,VGB,GLOBAL,MINPETECU,,,1,2023,,,,,,13.497
VariableCost,VGB,GLOBAL,MINPETECU,,,1,2024,,,,,,13.497
VariableCost,VGB,GLOBAL,MINPETECU,,,1,2025,,,,,,13.497
VariableCost,VGB,GLOBAL,MINPETECU,,,1,2026,,,,,,13.497
VariableCost,VGB,GLOBAL,MINPETECU,,,1,2027,,,,,,13.497
VariableCost,VGB,GLOBAL,MINPETECU,,,1,2028,,,,,,13.497
VariableCost,VGB,GLOBAL,MINPETECU,,,1,2029,,,,,,13.497
VariableCost,VGB,GLOBAL,MINPETECU,,,1,2030,,,,,,13.497
VariableCost,VGB,GLOBAL,MINPETECU,,,1,2031,,,,,,13.497
VariableCost,VGB,GLOBAL,MINPETECU,,,1,2032,,,,,,13.497
VariableCost,VGB,GLOBAL,MINPETECU,,,1,2033,,,,,,13.497
VariableCost,VGB,GLOBAL,MINPETECU,,,1,2034,,,,,,13.497
VariableCost,VGB,GLOBAL,MINPETECU,,,1,2035,,,,,,13.497
VariableCost,VGB,GLOBAL,MINPETECU,,,1,2036,,,,,,13.497
VariableCost,VGB,GLOBAL,MINPETECU,,,1,2037,,,,,,13.497
VariableCost,VGB,GLOBAL,MINPETECU,,,1,2038,,,,,,13.497
VariableCost,VGB,GLOBAL,MINPETECU,,,1,2039,,,,,,13.497
VariableCost,VGB,GLOBAL,MINPETECU,,,1,2040,,,,,,13.497
VariableCost,VGB,GLOBAL,MINPETECU,,,1,2041,,,,,,13.497
VariableCost,VGB,GLOBAL,MINPETECU,,,1,2042,,,,,,13.497
VariableCost,VGB,GLOBAL,MINPETECU,,,1,2043,,,,,,13.497
VariableCost,VGB,GLOBAL,MINPETECU,,,1,2044,,,,,,13.497
VariableCost,VGB,GLOBAL,MINPETECU,,,1,2045,,,,,,13.497
VariableCost,VGB,GLOBAL,MINPETECU,,,1,2046,,,,,,13.497
VariableCost,VGB,GLOBAL,MINPETECU,,,1,2047,,,,,,13.497
VariableCost,VGB,GLOBAL,MINPETECU,,,1,2048,,,,,,13.497
VariableCost,VGB,GLOBAL,MINPETECU,,,1,2049,,,,,,13.497
VariableCost,VGB,GLOBAL,MINPETECU,,,1,2050,,,,,,13.497
VariableCost,VGB,GLOBAL,MINPETGTM,,,1,2023,,,,,,13.497
VariableCost,VGB,GLOBAL,MINPETGTM,,,1,2024,,,,,,13.497
VariableCost,VGB,GLOBAL,MINPETGTM,,,1,2025,,,,,,13.497
VariableCost,VGB,GLOBAL,MINPETGTM,,,1,2026,,,,,,13.497
VariableCost,VGB,GLOBAL,MINPETGTM,,,1,2027,,,,,,13.497
VariableCost,VGB,GLOBAL,MINPETGTM,,,1,2028,,,,,,13.497
VariableCost,VGB,GLOBAL,MINPETGTM,,,1,2029,,,,,,13.497
VariableCost,VGB,GLOBAL,MINPETGTM,,,1,2030,,,,,,13.497
VariableCost,VGB,GLOBAL,MINPETGTM,,,1,2031,,,,,,13.497
VariableCost,VGB,GLOBAL,MINPETGTM,,,1,2032,,,,,,13.497
VariableCost,VGB,GLOBAL,MINPETGTM,,,1,2033,,,,,,13.497
VariableCost,VGB,GLOBAL,MINPETGTM,,,1,2034,,,,,,13.497
VariableCost,VGB,GLOBAL,MINPETGTM,,,1,2035,,,,,,13.497
VariableCost,VGB,GLOBAL,MINPETGTM,,,1,2036,,,,,,13.497
VariableCost,VGB,GLOBAL,MINPETGTM,,,1,2037,,,,,,13.497
VariableCost,VGB,GLOBAL,MINPETGTM,,,1,2038,,,,,,13.497
VariableCost,VGB,GLOBAL,MINPETGTM,,,1,2039,,,,,,13.497
VariableCost,VGB,GLOBAL,MINPETGTM,,,1,2040,,,,,,13.497
VariableCost,VGB,GLOBAL,MINPETGTM,,,1,2041,,,,,,13.497
VariableCost,VGB,GLOBAL,MINPETGTM,,,1,2042,,,,,,13.497
VariableCost,VGB,GLOBAL,MINPETGTM,,,1,2043,,,,,,13.497
VariableCost,VGB,GLOBAL,MINPETGTM,,,1,2044,,,,,,13.497
VariableCost,VGB,GLOBAL,MINPETGTM,,,1,2045,,,,,,13.497
VariableCost,VGB,GLOBAL,MINPETGTM,,,1,2046,,,,,,13.497
VariableCost,VGB,GLOBAL,MINPETGTM,,,1,2047,,,,,,13.497
VariableCost,VGB,GLOBAL,MINPETGTM,,,1,2048,,,,,,13.497
VariableCost,VGB,GLOBAL,MINPETGTM,,,1,2049,,,,,,13.497
VariableCost,VGB,GLOBAL,MINPETGTM,,,1,2050,,,,,,13.497
VariableCost,VGB,GLOBAL,MINPETHND,,,1,2023,,,,,,13.497
VariableCost,VGB,GLOBAL,MINPETHND,,,1,2024,,,,,,13.497
VariableCost,VGB,GLOBAL,MINPETHND,,,1,2025,,,,,,13.497
VariableCost,VGB,GLOBAL,MINPETHND,,,1,2026,,,,,,13.497
VariableCost,VGB,GLOBAL,MINPETHND,,,1,2027,,,,,,13.497
VariableCost,VGB,GLOBAL,MINPETHND,,,1,2028,,,,,,13.497
VariableCost,VGB,GLOBAL,MINPETHND,,,1,2029,,,,,,13.497
VariableCost,VGB,GLOBAL,MINPETHND,,,1,2030,,,,,,13.497
VariableCost,VGB,GLOBAL,MINPETHND,,,1,2031,,,,,,13.497
VariableCost,VGB,GLOBAL,MINPETHND,,,1,2032,,,,,,13.497
VariableCost,VGB,GLOBAL,MINPETHND,,,1,2033,,,,,,13.497
VariableCost,VGB,GLOBAL,MINPETHND,,,1,2034,,,,,,13.497
VariableCost,VGB,GLOBAL,MINPETHND,,,1,2035,,,,,,13.497
VariableCost,VGB,GLOBAL,MINPETHND,,,1,2036,,,,,,13.497
VariableCost,VGB,GLOBAL,MINPETHND,,,1,2037,,,,,,13.497
VariableCost,VGB,GLOBAL,MINPETHND,,,1,2038,,,,,,13.497
VariableCost,VGB,GLOBAL,MINPETHND,,,1,2039,,,,,,13.497
VariableCost,VGB,GLOBAL,MINPETHND,,,1,2040,,,,,,13.497
VariableCost,VGB,GLOBAL,MINPETHND,,,1,2041,,,,,,13.497
VariableCost,VGB,GLOBAL,MINPETHND,,,1,2042,,,,,,13.497
VariableCost,VGB,GLOBAL,MINPETHND,,,1,2043,,,,,,13.497
VariableCost,VGB,GLOBAL,MINPETHND,,,1,2044,,,,,,13.497
VariableCost,VGB,GLOBAL,MINPETHND,,,1,2045,,,,,,13.497
VariableCost,VGB,GLOBAL,MINPETHND,,,1,2046,,,,,,13.497
VariableCost,VGB,GLOBAL,MINPETHND,,,1,2047,,,,,,13.497
VariableCost,VGB,GLOBAL,MINPETHND,,,1,2048,,,,,,13.497
VariableCost,VGB,GLOBAL,MINPETHND,,,1,2049,,,,,,13.497
VariableCost,VGB,GLOBAL,MINPETHND,,,1,2050,,,,,,13.497
VariableCost,VGB,GLOBAL,MINPETHTI,,,1,2023,,,,,,13.497
VariableCost,VGB,GLOBAL,MINPETHTI,,,1,2024,,,,,,13.497
VariableCost,VGB,GLOBAL,MINPETHTI,,,1,2025,,,,,,13.497
VariableCost,VGB,GLOBAL,MINPETHTI,,,1,2026,,,,,,13.497
VariableCost,VGB,GLOBAL,MINPETHTI,,,1,2027,,,,,,13.497
VariableCost,VGB,GLOBAL,MINPETHTI,,,1,2028,,,,,,13.497
VariableCost,VGB,GLOBAL,MINPETHTI,,,1,2029,,,,,,13.497
VariableCost,VGB,GLOBAL,MINPETHTI,,,1,2030,,,,,,13.497
VariableCost,VGB,GLOBAL,MINPETHTI,,,1,2031,,,,,,13.497
VariableCost,VGB,GLOBAL,MINPETHTI,,,1,2032,,,,,,13.497
VariableCost,VGB,GLOBAL,MINPETHTI,,,1,2033,,,,,,13.497
VariableCost,VGB,GLOBAL,MINPETHTI,,,1,2034,,,,,,13.497
VariableCost,VGB,GLOBAL,MINPETHTI,,,1,2035,,,,,,13.497
VariableCost,VGB,GLOBAL,MINPETHTI,,,1,2036,,,,,,13.497
VariableCost,VGB,GLOBAL,MINPETHTI,,,1,2037,,,,,,13.497
VariableCost,VGB,GLOBAL,MINPETHTI,,,1,2038,,,,,,13.497
VariableCost,VGB,GLOBAL,MINPETHTI,,,1,2039,,,,,,13.497
VariableCost,VGB,GLOBAL,MINPETHTI,,,1,2040,,,,,,13.497
VariableCost,VGB,GLOBAL,MINPETHTI,,,1,2041,,,,,,13.497
VariableCost,VGB,GLOBAL,MINPETHTI,,,1,2042,,,,,,13.497
VariableCost,VGB,GLOBAL,MINPETHTI,,,1,2043,,,,,,13.497
VariableCost,VGB,GLOBAL,MINPETHTI,,,1,2044,,,,,,13.497
VariableCost,VGB,GLOBAL,MINPETHTI,,,1,2045,,,,,,13.497
VariableCost,VGB,GLOBAL,MINPETHTI,,,1,2046,,,,,,13.497
VariableCost,VGB,GLOBAL,MINPETHTI,,,1,2047,,,,,,13.497
VariableCost,VGB,GLOBAL,MINPETHTI,,,1,2048,,,,,,13.497
VariableCost,VGB,GLOBAL,MINPETHTI,,,1,2049,,,,,,13.497
VariableCost,VGB,GLOBAL,MINPETHTI,,,1,2050,,,,,,13.497
VariableCost,VGB,GLOBAL,MINPETINT,,,1,2023,,,,,,17.546
VariableCost,VGB,GLOBAL,MINPETINT,,,1,2024,,,,,,17.546
VariableCost,VGB,GLOBAL,MINPETINT,,,1,2025,,,,,,17.546
VariableCost,VGB,GLOBAL,MINPETINT,,,1,2026,,,,,,17.546
VariableCost,VGB,GLOBAL,MINPETINT,,,1,2027,,,,,,17.546
VariableCost,VGB,GLOBAL,MINPETINT,,,1,2028,,,,,,17.546
VariableCost,VGB,GLOBAL,MINPETINT,,,1,2029,,,,,,17.546
VariableCost,VGB,GLOBAL,MINPETINT,,,1,2030,,,,,,17.546
VariableCost,VGB,GLOBAL,MINPETINT,,,1,2031,,,,,,17.546
VariableCost,VGB,GLOBAL,MINPETINT,,,1,2032,,,,,,17.546
VariableCost,VGB,GLOBAL,MINPETINT,,,1,2033,,,,,,17.546
VariableCost,VGB,GLOBAL,MINPETINT,,,1,2034,,,,,,17.546
VariableCost,VGB,GLOBAL,MINPETINT,,,1,2035,,,,,,17.546
VariableCost,VGB,GLOBAL,MINPETINT,,,1,2036,,,,,,17.546
VariableCost,VGB,GLOBAL,MINPETINT,,,1,2037,,,,,,17.546
VariableCost,VGB,GLOBAL,MINPETINT,,,1,2038,,,,,,17.546
VariableCost,VGB,GLOBAL,MINPETINT,,,1,2039,,,,,,17.546
VariableCost,VGB,GLOBAL,MINPETINT,,,1,2040,,,,,,17.546
VariableCost,VGB,GLOBAL,MINPETINT,,,1,2041,,,,,,17.546
VariableCost,VGB,GLOBAL,MINPETINT,,,1,2042,,,,,,17.546
VariableCost,VGB,GLOBAL,MINPETINT,,,1,2043,,,,,,17.546
VariableCost,VGB,GLOBAL,MINPETINT,,,1,2044,,,,,,17.546
VariableCost,VGB,GLOBAL,MINPETINT,,,1,2045,,,,,,17.546
VariableCost,VGB,GLOBAL,MINPETINT,,,1,2046,,,,,,17.546
VariableCost,VGB,GLOBAL,MINPETINT,,,1,2047,,,,,,17.546
VariableCost,VGB,GLOBAL,MINPETINT,,,1,2048,,,,,,17.546
VariableCost,VGB,GLOBAL,MINPETINT,,,1,2049,,,,,,17.546
VariableCost,VGB,GLOBAL,MINPETINT,,,1,2050,,,,,,17.546
VariableCost,VGB,GLOBAL,MINPETMEX,,,1,2023,,,,,,13.497
VariableCost,VGB,GLOBAL,MINPETMEX,,,1,2024,,,,,,13.497
VariableCost,VGB,GLOBAL,MINPETMEX,,,1,2025,,,,,,13.497
VariableCost,VGB,GLOBAL,MINPETMEX,,,1,2026,,,,,,13.497
VariableCost,VGB,GLOBAL,MINPETMEX,,,1,2027,,,,,,13.497
VariableCost,VGB,GLOBAL,MINPETMEX,,,1,2028,,,,,,13.497
VariableCost,VGB,GLOBAL,MINPETMEX,,,1,2029,,,,,,13.497
VariableCost,VGB,GLOBAL,MINPETMEX,,,1,2030,,,,,,13.497
VariableCost,VGB,GLOBAL,MINPETMEX,,,1,2031,,,,,,13.497
VariableCost,VGB,GLOBAL,MINPETMEX,,,1,2032,,,,,,13.497
VariableCost,VGB,GLOBAL,MINPETMEX,,,1,2033,,,,,,13.497
VariableCost,VGB,GLOBAL,MINPETMEX,,,1,2034,,,,,,13.497
VariableCost,VGB,GLOBAL,MINPETMEX,,,1,2035,,,,,,13.497
VariableCost,VGB,GLOBAL,MINPETMEX,,,1,2036,,,,,,13.497
VariableCost,VGB,GLOBAL,MINPETMEX,,,1,2037,,,,,,13.497
VariableCost,VGB,GLOBAL,MINPETMEX,,,1,2038,,,,,,13.497
VariableCost,VGB,GLOBAL,MINPETMEX,,,1,2039,,,,,,13.497
VariableCost,VGB,GLOBAL,MINPETMEX,,,1,2040,,,,,,13.497
VariableCost,VGB,GLOBAL,MINPETMEX,,,1,2041,,,,,,13.497
VariableCost,VGB,GLOBAL,MINPETMEX,,,1,2042,,,,,,13.497
VariableCost,VGB,GLOBAL,MINPETMEX,,,1,2043,,,,,,13.497
VariableCost,VGB,GLOBAL,MINPETMEX,,,1,2044,,,,,,13.497
VariableCost,VGB,GLOBAL,MINPETMEX,,,1,2045,,,,,,13.497
VariableCost,VGB,GLOBAL,MINPETMEX,,,1,2046,,,,,,13.497
VariableCost,VGB,GLOBAL,MINPETMEX,,,1,2047,,,,,,13.497
VariableCost,VGB,GLOBAL,MINPETMEX,,,1,2048,,,,,,13.497
VariableCost,VGB,GLOBAL,MINPETMEX,,,1,2049,,,,,,13.497
VariableCost,VGB,GLOBAL,MINPETMEX,,,1,2050,,,,,,13.497
VariableCost,VGB,GLOBAL,MINPETNIC,,,1,2023,,,,,,13.497
VariableCost,VGB,GLOBAL,MINPETNIC,,,1,2024,,,,,,13.497
VariableCost,VGB,GLOBAL,MINPETNIC,,,1,2025,,,,,,13.497
VariableCost,VGB,GLOBAL,MINPETNIC,,,1,2026,,,,,,13.497
VariableCost,VGB,GLOBAL,MINPETNIC,,,1,2027,,,,,,13.497
VariableCost,VGB,GLOBAL,MINPETNIC,,,1,2028,,,,,,13.497
VariableCost,VGB,GLOBAL,MINPETNIC,,,1,2029,,,,,,13.497
VariableCost,VGB,GLOBAL,MINPETNIC,,,1,2030,,,,,,13.497
VariableCost,VGB,GLOBAL,MINPETNIC,,,1,2031,,,,,,13.497
VariableCost,VGB,GLOBAL,MINPETNIC,,,1,2032,,,,,,13.497
VariableCost,VGB,GLOBAL,MINPETNIC,,,1,2033,,,,,,13.497
VariableCost,VGB,GLOBAL,MINPETNIC,,,1,2034,,,,,,13.497
VariableCost,VGB,GLOBAL,MINPETNIC,,,1,2035,,,,,,13.497
VariableCost,VGB,GLOBAL,MINPETNIC,,,1,2036,,,,,,13.497
VariableCost,VGB,GLOBAL,MINPETNIC,,,1,2037,,,,,,13.497
VariableCost,VGB,GLOBAL,MINPETNIC,,,1,2038,,,,,,13.497
VariableCost,VGB,GLOBAL,MINPETNIC,,,1,2039,,,,,,13.497
VariableCost,VGB,GLOBAL,MINPETNIC,,,1,2040,,,,,,13.497
VariableCost,VGB,GLOBAL,MINPETNIC,,,1,2041,,,,,,13.497
VariableCost,VGB,GLOBAL,MINPETNIC,,,1,2042,,,,,,13.497
VariableCost,VGB,GLOBAL,MINPETNIC,,,1,2043,,,,,,13.497
VariableCost,VGB,GLOBAL,MINPETNIC,,,1,2044,,,,,,13.497
VariableCost,VGB,GLOBAL,MINPETNIC,,,1,2045,,,,,,13.497
VariableCost,VGB,GLOBAL,MINPETNIC,,,1,2046,,,,,,13.497
VariableCost,VGB,GLOBAL,MINPETNIC,,,1,2047,,,,,,13.497
VariableCost,VGB,GLOBAL,MINPETNIC,,,1,2048,,,,,,13.497
VariableCost,VGB,GLOBAL,MINPETNIC,,,1,2049,,,,,,13.497
VariableCost,VGB,GLOBAL,MINPETNIC,,,1,2050,,,,,,13.497
VariableCost,VGB,GLOBAL,MINPETPAN,,,1,2023,,,,,,13.497
VariableCost,VGB,GLOBAL,MINPETPAN,,,1,2024,,,,,,13.497
VariableCost,VGB,GLOBAL,MINPETPAN,,,1,2025,,,,,,13.497
VariableCost,VGB,GLOBAL,MINPETPAN,,,1,2026,,,,,,13.497
VariableCost,VGB,GLOBAL,MINPETPAN,,,1,2027,,,,,,13.497
VariableCost,VGB,GLOBAL,MINPETPAN,,,1,2028,,,,,,13.497
VariableCost,VGB,GLOBAL,MINPETPAN,,,1,2029,,,,,,13.497
VariableCost,VGB,GLOBAL,MINPETPAN,,,1,2030,,,,,,13.497
VariableCost,VGB,GLOBAL,MINPETPAN,,,1,2031,,,,,,13.497
VariableCost,VGB,GLOBAL,MINPETPAN,,,1,2032,,,,,,13.497
VariableCost,VGB,GLOBAL,MINPETPAN,,,1,2033,,,,,,13.497
VariableCost,VGB,GLOBAL,MINPETPAN,,,1,2034,,,,,,13.497
VariableCost,VGB,GLOBAL,MINPETPAN,,,1,2035,,,,,,13.497
VariableCost,VGB,GLOBAL,MINPETPAN,,,1,2036,,,,,,13.497
VariableCost,VGB,GLOBAL,MINPETPAN,,,1,2037,,,,,,13.497
VariableCost,VGB,GLOBAL,MINPETPAN,,,1,2038,,,,,,13.497
VariableCost,VGB,GLOBAL,MINPETPAN,,,1,2039,,,,,,13.497
VariableCost,VGB,GLOBAL,MINPETPAN,,,1,2040,,,,,,13.497
VariableCost,VGB,GLOBAL,MINPETPAN,,,1,2041,,,,,,13.497
VariableCost,VGB,GLOBAL,MINPETPAN,,,1,2042,,,,,,13.497
VariableCost,VGB,GLOBAL,MINPETPAN,,,1,2043,,,,,,13.497
VariableCost,VGB,GLOBAL,MINPETPAN,,,1,2044,,,,,,13.497
VariableCost,VGB,GLOBAL,MINPETPAN,,,1,2045,,,,,,13.497
VariableCost,VGB,GLOBAL,MINPETPAN,,,1,2046,,,,,,13.497
VariableCost,VGB,GLOBAL,MINPETPAN,,,1,2047,,,,,,13.497
VariableCost,VGB,GLOBAL,MINPETPAN,,,1,2048,,,,,,13.497
VariableCost,VGB,GLOBAL,MINPETPAN,,,1,2049,,,,,,13.497
VariableCost,VGB,GLOBAL,MINPETPAN,,,1,2050,,,,,,13.497
VariableCost,VGB,GLOBAL,MINPETPER,,,1,2023,,,,,,13.497
VariableCost,VGB,GLOBAL,MINPETPER,,,1,2024,,,,,,13.497
VariableCost,VGB,GLOBAL,MINPETPER,,,1,2025,,,,,,13.497
VariableCost,VGB,GLOBAL,MINPETPER,,,1,2026,,,,,,13.497
VariableCost,VGB,GLOBAL,MINPETPER,,,1,2027,,,,,,13.497
VariableCost,VGB,GLOBAL,MINPETPER,,,1,2028,,,,,,13.497
VariableCost,VGB,GLOBAL,MINPETPER,,,1,2029,,,,,,13.497
VariableCost,VGB,GLOBAL,MINPETPER,,,1,2030,,,,,,13.497
VariableCost,VGB,GLOBAL,MINPETPER,,,1,2031,,,,,,13.497
VariableCost,VGB,GLOBAL,MINPETPER,,,1,2032,,,,,,13.497
VariableCost,VGB,GLOBAL,MINPETPER,,,1,2033,,,,,,13.497
VariableCost,VGB,GLOBAL,MINPETPER,,,1,2034,,,,,,13.497
VariableCost,VGB,GLOBAL,MINPETPER,,,1,2035,,,,,,13.497
VariableCost,VGB,GLOBAL,MINPETPER,,,1,2036,,,,,,13.497
VariableCost,VGB,GLOBAL,MINPETPER,,,1,2037,,,,,,13.497
VariableCost,VGB,GLOBAL,MINPETPER,,,1,2038,,,,,,13.497
VariableCost,VGB,GLOBAL,MINPETPER,,,1,2039,,,,,,13.497
VariableCost,VGB,GLOBAL,MINPETPER,,,1,2040,,,,,,13.497
VariableCost,VGB,GLOBAL,MINPETPER,,,1,2041,,,,,,13.497
VariableCost,VGB,GLOBAL,MINPETPER,,,1,2042,,,,,,13.497
VariableCost,VGB,GLOBAL,MINPETPER,,,1,2043,,,,,,13.497
VariableCost,VGB,GLOBAL,MINPETPER,,,1,2044,,,,,,13.497
VariableCost,VGB,GLOBAL,MINPETPER,,,1,2045,,,,,,13.497
VariableCost,VGB,GLOBAL,MINPETPER,,,1,2046,,,,,,13.497
VariableCost,VGB,GLOBAL,MINPETPER,,,1,2047,,,,,,13.497
VariableCost,VGB,GLOBAL,MINPETPER,,,1,2048,,,,,,13.497
VariableCost,VGB,GLOBAL,MINPETPER,,,1,2049,,,,,,13.497
VariableCost,VGB,GLOBAL,MINPETPER,,,1,2050,,,,,,13.497
VariableCost,VGB,GLOBAL,MINPETPRY,,,1,2023,,,,,,13.497
VariableCost,VGB,GLOBAL,MINPETPRY,,,1,2024,,,,,,13.497
VariableCost,VGB,GLOBAL,MINPETPRY,,,1,2025,,,,,,13.497
VariableCost,VGB,GLOBAL,MINPETPRY,,,1,2026,,,,,,13.497
VariableCost,VGB,GLOBAL,MINPETPRY,,,1,2027,,,,,,13.497
VariableCost,VGB,GLOBAL,MINPETPRY,,,1,2028,,,,,,13.497
VariableCost,VGB,GLOBAL,MINPETPRY,,,1,2029,,,,,,13.497
VariableCost,VGB,GLOBAL,MINPETPRY,,,1,2030,,,,,,13.497
VariableCost,VGB,GLOBAL,MINPETPRY,,,1,2031,,,,,,13.497
VariableCost,VGB,GLOBAL,MINPETPRY,,,1,2032,,,,,,13.497
VariableCost,VGB,GLOBAL,MINPETPRY,,,1,2033,,,,,,13.497
VariableCost,VGB,GLOBAL,MINPETPRY,,,1,2034,,,,,,13.497
VariableCost,VGB,GLOBAL,MINPETPRY,,,1,2035,,,,,,13.497
VariableCost,VGB,GLOBAL,MINPETPRY,,,1,2036,,,,,,13.497
VariableCost,VGB,GLOBAL,MINPETPRY,,,1,2037,,,,,,13.497
VariableCost,VGB,GLOBAL,MINPETPRY,,,1,2038,,,,,,13.497
VariableCost,VGB,GLOBAL,MINPETPRY,,,1,2039,,,,,,13.497
VariableCost,VGB,GLOBAL,MINPETPRY,,,1,2040,,,,,,13.497
VariableCost,VGB,GLOBAL,MINPETPRY,,,1,2041,,,,,,13.497
VariableCost,VGB,GLOBAL,MINPETPRY,,,1,2042,,,,,,13.497
VariableCost,VGB,GLOBAL,MINPETPRY,,,1,2043,,,,,,13.497
VariableCost,VGB,GLOBAL,MINPETPRY,,,1,2044,,,,,,13.497
VariableCost,VGB,GLOBAL,MINPETPRY,,,1,2045,,,,,,13.497
VariableCost,VGB,GLOBAL,MINPETPRY,,,1,2046,,,,,,13.497
VariableCost,VGB,GLOBAL,MINPETPRY,,,1,2047,,,,,,13.497
VariableCost,VGB,GLOBAL,MINPETPRY,,,1,2048,,,,,,13.497
VariableCost,VGB,GLOBAL,MINPETPRY,,,1,2049,,,,,,13.497
VariableCost,VGB,GLOBAL,MINPETPRY,,,1,2050,,,,,,13.497
VariableCost,VGB,GLOBAL,MINPETSLV,,,1,2023,,,,,,13.497
VariableCost,VGB,GLOBAL,MINPETSLV,,,1,2024,,,,,,13.497
VariableCost,VGB,GLOBAL,MINPETSLV,,,1,2025,,,,,,13.497
VariableCost,VGB,GLOBAL,MINPETSLV,,,1,2026,,,,,,13.497
VariableCost,VGB,GLOBAL,MINPETSLV,,,1,2027,,,,,,13.497
VariableCost,VGB,GLOBAL,MINPETSLV,,,1,2028,,,,,,13.497
VariableCost,VGB,GLOBAL,MINPETSLV,,,1,2029,,,,,,13.497
VariableCost,VGB,GLOBAL,MINPETSLV,,,1,2030,,,,,,13.497
VariableCost,VGB,GLOBAL,MINPETSLV,,,1,2031,,,,,,13.497
VariableCost,VGB,GLOBAL,MINPETSLV,,,1,2032,,,,,,13.497
VariableCost,VGB,GLOBAL,MINPETSLV,,,1,2033,,,,,,13.497
VariableCost,VGB,GLOBAL,MINPETSLV,,,1,2034,,,,,,13.497
VariableCost,VGB,GLOBAL,MINPETSLV,,,1,2035,,,,,,13.497
VariableCost,VGB,GLOBAL,MINPETSLV,,,1,2036,,,,,,13.497
VariableCost,VGB,GLOBAL,MINPETSLV,,,1,2037,,,,,,13.497
VariableCost,VGB,GLOBAL,MINPETSLV,,,1,2038,,,,,,13.497
VariableCost,VGB,GLOBAL,MINPETSLV,,,1,2039,,,,,,13.497
VariableCost,VGB,GLOBAL,MINPETSLV,,,1,2040,,,,,,13.497
VariableCost,VGB,GLOBAL,MINPETSLV,,,1,2041,,,,,,13.497
VariableCost,VGB,GLOBAL,MINPETSLV,,,1,2042,,,,,,13.497
VariableCost,VGB,GLOBAL,MINPETSLV,,,1,2043,,,,,,13.497
VariableCost,VGB,GLOBAL,MINPETSLV,,,1,2044,,,,,,13.497
VariableCost,VGB,GLOBAL,MINPETSLV,,,1,2045,,,,,,13.497
VariableCost,VGB,GLOBAL,MINPETSLV,,,1,2046,,,,,,13.497
VariableCost,VGB,GLOBAL,MINPETSLV,,,1,2047,,,,,,13.497
VariableCost,VGB,GLOBAL,MINPETSLV,,,1,2048,,,,,,13.497
VariableCost,VGB,GLOBAL,MINPETSLV,,,1,2049,,,,,,13.497
VariableCost,VGB,GLOBAL,MINPETSLV,,,1,2050,,,,,,13.497
VariableCost,VGB,GLOBAL,MINPETURY,,,1,2023,,,,,,13.497
VariableCost,VGB,GLOBAL,MINPETURY,,,1,2024,,,,,,13.497
VariableCost,VGB,GLOBAL,MINPETURY,,,1,2025,,,,,,13.497
VariableCost,VGB,GLOBAL,MINPETURY,,,1,2026,,,,,,13.497
VariableCost,VGB,GLOBAL,MINPETURY,,,1,2027,,,,,,13.497
VariableCost,VGB,GLOBAL,MINPETURY,,,1,2028,,,,,,13.497
VariableCost,VGB,GLOBAL,MINPETURY,,,1,2029,,,,,,13.497
VariableCost,VGB,GLOBAL,MINPETURY,,,1,2030,,,,,,13.497
VariableCost,VGB,GLOBAL,MINPETURY,,,1,2031,,,,,,13.497
VariableCost,VGB,GLOBAL,MINPETURY,,,1,2032,,,,,,13.497
VariableCost,VGB,GLOBAL,MINPETURY,,,1,2033,,,,,,13.497
VariableCost,VGB,GLOBAL,MINPETURY,,,1,2034,,,,,,13.497
VariableCost,VGB,GLOBAL,MINPETURY,,,1,2035,,,,,,13.497
VariableCost,VGB,GLOBAL,MINPETURY,,,1,2036,,,,,,13.497
VariableCost,VGB,GLOBAL,MINPETURY,,,1,2037,,,,,,13.497
VariableCost,VGB,GLOBAL,MINPETURY,,,1,2038,,,,,,13.497
VariableCost,VGB,GLOBAL,MINPETURY,,,1,2039,,,,,,13.497
VariableCost,VGB,GLOBAL,MINPETURY,,,1,2040,,,,,,13.497
VariableCost,VGB,GLOBAL,MINPETURY,,,1,2041,,,,,,13.497
VariableCost,VGB,GLOBAL,MINPETURY,,,1,2042,,,,,,13.497
VariableCost,VGB,GLOBAL,MINPETURY,,,1,2043,,,,,,13.497
VariableCost,VGB,GLOBAL,MINPETURY,,,1,2044,,,,,,13.497
VariableCost,VGB,GLOBAL,MINPETURY,,,1,2045,,,,,,13.497
VariableCost,VGB,GLOBAL,MINPETURY,,,1,2046,,,,,,13.497
VariableCost,VGB,GLOBAL,MINPETURY,,,1,2047,,,,,,13.497
VariableCost,VGB,GLOBAL,MINPETURY,,,1,2048,,,,,,13.497
VariableCost,VGB,GLOBAL,MINPETURY,,,1,2049,,,,,,13.497
VariableCost,VGB,GLOBAL,MINPETURY,,,1,2050,,,,,,13.497
VariableCost,VGB,GLOBAL,MINURNARG,,,1,2023,,,,,,2.0
VariableCost,VGB,GLOBAL,MINURNARG,,,1,2024,,,,,,2.0
VariableCost,VGB,GLOBAL,MINURNARG,,,1,2025,,,,,,2.0
VariableCost,VGB,GLOBAL,MINURNARG,,,1,2026,,,,,,2.0
VariableCost,VGB,GLOBAL,MINURNARG,,,1,2027,,,,,,2.0
VariableCost,VGB,GLOBAL,MINURNARG,,,1,2028,,,,,,2.0
VariableCost,VGB,GLOBAL,MINURNARG,,,1,2029,,,,,,2.0
VariableCost,VGB,GLOBAL,MINURNARG,,,1,2030,,,,,,2.0
VariableCost,VGB,GLOBAL,MINURNARG,,,1,2031,,,,,,2.0
VariableCost,VGB,GLOBAL,MINURNARG,,,1,2032,,,,,,2.0
VariableCost,VGB,GLOBAL,MINURNARG,,,1,2033,,,,,,2.0
VariableCost,VGB,GLOBAL,MINURNARG,,,1,2034,,,,,,2.0
VariableCost,VGB,GLOBAL,MINURNARG,,,1,2035,,,,,,2.0
VariableCost,VGB,GLOBAL,MINURNARG,,,1,2036,,,,,,2.0
VariableCost,VGB,GLOBAL,MINURNARG,,,1,2037,,,,,,2.0
VariableCost,VGB,GLOBAL,MINURNARG,,,1,2038,,,,,,2.0
VariableCost,VGB,GLOBAL,MINURNARG,,,1,2039,,,,,,2.0
VariableCost,VGB,GLOBAL,MINURNARG,,,1,2040,,,,,,2.0
VariableCost,VGB,GLOBAL,MINURNARG,,,1,2041,,,,,,2.0
VariableCost,VGB,GLOBAL,MINURNARG,,,1,2042,,,,,,2.0
VariableCost,VGB,GLOBAL,MINURNARG,,,1,2043,,,,,,2.0
VariableCost,VGB,GLOBAL,MINURNARG,,,1,2044,,,,,,2.0
VariableCost,VGB,GLOBAL,MINURNARG,,,1,2045,,,,,,2.0
VariableCost,VGB,GLOBAL,MINURNARG,,,1,2046,,,,,,2.0
VariableCost,VGB,GLOBAL,MINURNARG,,,1,2047,,,,,,2.0
VariableCost,VGB,GLOBAL,MINURNARG,,,1,2048,,,,,,2.0
VariableCost,VGB,GLOBAL,MINURNARG,,,1,2049,,,,,,2.0
VariableCost,VGB,GLOBAL,MINURNARG,,,1,2050,,,,,,2.0
VariableCost,VGB,GLOBAL,MINURNBOL,,,1,2023,,,,,,2.0
VariableCost,VGB,GLOBAL,MINURNBOL,,,1,2024,,,,,,2.0
VariableCost,VGB,GLOBAL,MINURNBOL,,,1,2025,,,,,,2.0
VariableCost,VGB,GLOBAL,MINURNBOL,,,1,2026,,,,,,2.0
VariableCost,VGB,GLOBAL,MINURNBOL,,,1,2027,,,,,,2.0
VariableCost,VGB,GLOBAL,MINURNBOL,,,1,2028,,,,,,2.0
VariableCost,VGB,GLOBAL,MINURNBOL,,,1,2029,,,,,,2.0
VariableCost,VGB,GLOBAL,MINURNBOL,,,1,2030,,,,,,2.0
VariableCost,VGB,GLOBAL,MINURNBOL,,,1,2031,,,,,,2.0
VariableCost,VGB,GLOBAL,MINURNBOL,,,1,2032,,,,,,2.0
VariableCost,VGB,GLOBAL,MINURNBOL,,,1,2033,,,,,,2.0
VariableCost,VGB,GLOBAL,MINURNBOL,,,1,2034,,,,,,2.0
VariableCost,VGB,GLOBAL,MINURNBOL,,,1,2035,,,,,,2.0
VariableCost,VGB,GLOBAL,MINURNBOL,,,1,2036,,,,,,2.0
VariableCost,VGB,GLOBAL,MINURNBOL,,,1,2037,,,,,,2.0
VariableCost,VGB,GLOBAL,MINURNBOL,,,1,2038,,,,,,2.0
VariableCost,VGB,GLOBAL,MINURNBOL,,,1,2039,,,,,,2.0
VariableCost,VGB,GLOBAL,MINURNBOL,,,1,2040,,,,,,2.0
VariableCost,VGB,GLOBAL,MINURNBOL,,,1,2041,,,,,,2.0
VariableCost,VGB,GLOBAL,MINURNBOL,,,1,2042,,,,,,2.0
VariableCost,VGB,GLOBAL,MINURNBOL,,,1,2043,,,,,,2.0
VariableCost,VGB,GLOBAL,MINURNBOL,,,1,2044,,,,,,2.0
VariableCost,VGB,GLOBAL,MINURNBOL,,,1,2045,,,,,,2.0
VariableCost,VGB,GLOBAL,MINURNBOL,,,1,2046,,,,,,2.0
VariableCost,VGB,GLOBAL,MINURNBOL,,,1,2047,,,,,,2.0
VariableCost,VGB,GLOBAL,MINURNBOL,,,1,2048,,,,,,2.0
VariableCost,VGB,GLOBAL,MINURNBOL,,,1,2049,,,,,,2.0
VariableCost,VGB,GLOBAL,MINURNBOL,,,1,2050,,,,,,2.0
VariableCost,VGB,GLOBAL,MINURNBRA,,,1,2023,,,,,,2.0
VariableCost,VGB,GLOBAL,MINURNBRA,,,1,2024,,,,,,2.0
VariableCost,VGB,GLOBAL,MINURNBRA,,,1,2025,,,,,,2.0
VariableCost,VGB,GLOBAL,MINURNBRA,,,1,2026,,,,,,2.0
VariableCost,VGB,GLOBAL,MINURNBRA,,,1,2027,,,,,,2.0
VariableCost,VGB,GLOBAL,MINURNBRA,,,1,2028,,,,,,2.0
VariableCost,VGB,GLOBAL,MINURNBRA,,,1,2029,,,,,,2.0
VariableCost,VGB,GLOBAL,MINURNBRA,,,1,2030,,,,,,2.0
VariableCost,VGB,GLOBAL,MINURNBRA,,,1,2031,,,,,,2.0
VariableCost,VGB,GLOBAL,MINURNBRA,,,1,2032,,,,,,2.0
VariableCost,VGB,GLOBAL,MINURNBRA,,,1,2033,,,,,,2.0
VariableCost,VGB,GLOBAL,MINURNBRA,,,1,2034,,,,,,2.0
VariableCost,VGB,GLOBAL,MINURNBRA,,,1,2035,,,,,,2.0
VariableCost,VGB,GLOBAL,MINURNBRA,,,1,2036,,,,,,2.0
VariableCost,VGB,GLOBAL,MINURNBRA,,,1,2037,,,,,,2.0
VariableCost,VGB,GLOBAL,MINURNBRA,,,1,2038,,,,,,2.0
VariableCost,VGB,GLOBAL,MINURNBRA,,,1,2039,,,,,,2.0
VariableCost,VGB,GLOBAL,MINURNBRA,,,1,2040,,,,,,2.0
VariableCost,VGB,GLOBAL,MINURNBRA,,,1,2041,,,,,,2.0
VariableCost,VGB,GLOBAL,MINURNBRA,,,1,2042,,,,,,2.0
VariableCost,VGB,GLOBAL,MINURNBRA,,,1,2043,,,,,,2.0
VariableCost,VGB,GLOBAL,MINURNBRA,,,1,2044,,,,,,2.0
VariableCost,VGB,GLOBAL,MINURNBRA,,,1,2045,,,,,,2.0
VariableCost,VGB,GLOBAL,MINURNBRA,,,1,2046,,,,,,2.0
VariableCost,VGB,GLOBAL,MINURNBRA,,,1,2047,,,,,,2.0
VariableCost,VGB,GLOBAL,MINURNBRA,,,1,2048,,,,,,2.0
VariableCost,VGB,GLOBAL,MINURNBRA,,,1,2049,,,,,,2.0
VariableCost,VGB,GLOBAL,MINURNBRA,,,1,2050,,,,,,2.0
VariableCost,VGB,GLOBAL,MINURNBRB,,,1,2023,,,,,,2.0
VariableCost,VGB,GLOBAL,MINURNBRB,,,1,2024,,,,,,2.0
VariableCost,VGB,GLOBAL,MINURNBRB,,,1,2025,,,,,,2.0
VariableCost,VGB,GLOBAL,MINURNBRB,,,1,2026,,,,,,2.0
VariableCost,VGB,GLOBAL,MINURNBRB,,,1,2027,,,,,,2.0
VariableCost,VGB,GLOBAL,MINURNBRB,,,1,2028,,,,,,2.0
VariableCost,VGB,GLOBAL,MINURNBRB,,,1,2029,,,,,,2.0
VariableCost,VGB,GLOBAL,MINURNBRB,,,1,2030,,,,,,2.0
VariableCost,VGB,GLOBAL,MINURNBRB,,,1,2031,,,,,,2.0
VariableCost,VGB,GLOBAL,MINURNBRB,,,1,2032,,,,,,2.0
VariableCost,VGB,GLOBAL,MINURNBRB,,,1,2033,,,,,,2.0
VariableCost,VGB,GLOBAL,MINURNBRB,,,1,2034,,,,,,2.0
VariableCost,VGB,GLOBAL,MINURNBRB,,,1,2035,,,,,,2.0
VariableCost,VGB,GLOBAL,MINURNBRB,,,1,2036,,,,,,2.0
VariableCost,VGB,GLOBAL,MINURNBRB,,,1,2037,,,,,,2.0
VariableCost,VGB,GLOBAL,MINURNBRB,,,1,2038,,,,,,2.0
VariableCost,VGB,GLOBAL,MINURNBRB,,,1,2039,,,,,,2.0
VariableCost,VGB,GLOBAL,MINURNBRB,,,1,2040,,,,,,2.0
VariableCost,VGB,GLOBAL,MINURNBRB,,,1,2041,,,,,,2.0
VariableCost,VGB,GLOBAL,MINURNBRB,,,1,2042,,,,,,2.0
VariableCost,VGB,GLOBAL,MINURNBRB,,,1,2043,,,,,,2.0
VariableCost,VGB,GLOBAL,MINURNBRB,,,1,2044,,,,,,2.0
VariableCost,VGB,GLOBAL,MINURNBRB,,,1,2045,,,,,,2.0
VariableCost,VGB,GLOBAL,MINURNBRB,,,1,2046,,,,,,2.0
VariableCost,VGB,GLOBAL,MINURNBRB,,,1,2047,,,,,,2.0
VariableCost,VGB,GLOBAL,MINURNBRB,,,1,2048,,,,,,2.0
VariableCost,VGB,GLOBAL,MINURNBRB,,,1,2049,,,,,,2.0
VariableCost,VGB,GLOBAL,MINURNBRB,,,1,2050,,,,,,2.0
VariableCost,VGB,GLOBAL,MINURNCHL,,,1,2023,,,,,,2.0
VariableCost,VGB,GLOBAL,MINURNCHL,,,1,2024,,,,,,2.0
VariableCost,VGB,GLOBAL,MINURNCHL,,,1,2025,,,,,,2.0
VariableCost,VGB,GLOBAL,MINURNCHL,,,1,2026,,,,,,2.0
VariableCost,VGB,GLOBAL,MINURNCHL,,,1,2027,,,,,,2.0
VariableCost,VGB,GLOBAL,MINURNCHL,,,1,2028,,,,,,2.0
VariableCost,VGB,GLOBAL,MINURNCHL,,,1,2029,,,,,,2.0
VariableCost,VGB,GLOBAL,MINURNCHL,,,1,2030,,,,,,2.0
VariableCost,VGB,GLOBAL,MINURNCHL,,,1,2031,,,,,,2.0
VariableCost,VGB,GLOBAL,MINURNCHL,,,1,2032,,,,,,2.0
VariableCost,VGB,GLOBAL,MINURNCHL,,,1,2033,,,,,,2.0
VariableCost,VGB,GLOBAL,MINURNCHL,,,1,2034,,,,,,2.0
VariableCost,VGB,GLOBAL,MINURNCHL,,,1,2035,,,,,,2.0
VariableCost,VGB,GLOBAL,MINURNCHL,,,1,2036,,,,,,2.0
VariableCost,VGB,GLOBAL,MINURNCHL,,,1,2037,,,,,,2.0
VariableCost,VGB,GLOBAL,MINURNCHL,,,1,2038,,,,,,2.0
VariableCost,VGB,GLOBAL,MINURNCHL,,,1,2039,,,,,,2.0
VariableCost,VGB,GLOBAL,MINURNCHL,,,1,2040,,,,,,2.0
VariableCost,VGB,GLOBAL,MINURNCHL,,,1,2041,,,,,,2.0
VariableCost,VGB,GLOBAL,MINURNCHL,,,1,2042,,,,,,2.0
VariableCost,VGB,GLOBAL,MINURNCHL,,,1,2043,,,,,,2.0
VariableCost,VGB,GLOBAL,MINURNCHL,,,1,2044,,,,,,2.0
VariableCost,VGB,GLOBAL,MINURNCHL,,,1,2045,,,,,,2.0
VariableCost,VGB,GLOBAL,MINURNCHL,,,1,2046,,,,,,2.0
VariableCost,VGB,GLOBAL,MINURNCHL,,,1,2047,,,,,,2.0
VariableCost,VGB,GLOBAL,MINURNCHL,,,1,2048,,,,,,2.0
VariableCost,VGB,GLOBAL,MINURNCHL,,,1,2049,,,,,,2.0
VariableCost,VGB,GLOBAL,MINURNCHL,,,1,2050,,,,,,2.0
VariableCost,VGB,GLOBAL,MINURNCOL,,,1,2023,,,,,,2.0
VariableCost,VGB,GLOBAL,MINURNCOL,,,1,2024,,,,,,2.0
VariableCost,VGB,GLOBAL,MINURNCOL,,,1,2025,,,,,,2.0
VariableCost,VGB,GLOBAL,MINURNCOL,,,1,2026,,,,,,2.0
VariableCost,VGB,GLOBAL,MINURNCOL,,,1,2027,,,,,,2.0
VariableCost,VGB,GLOBAL,MINURNCOL,,,1,2028,,,,,,2.0
VariableCost,VGB,GLOBAL,MINURNCOL,,,1,2029,,,,,,2.0
VariableCost,VGB,GLOBAL,MINURNCOL,,,1,2030,,,,,,2.0
VariableCost,VGB,GLOBAL,MINURNCOL,,,1,2031,,,,,,2.0
VariableCost,VGB,GLOBAL,MINURNCOL,,,1,2032,,,,,,2.0
VariableCost,VGB,GLOBAL,MINURNCOL,,,1,2033,,,,,,2.0
VariableCost,VGB,GLOBAL,MINURNCOL,,,1,2034,,,,,,2.0
VariableCost,VGB,GLOBAL,MINURNCOL,,,1,2035,,,,,,2.0
VariableCost,VGB,GLOBAL,MINURNCOL,,,1,2036,,,,,,2.0
VariableCost,VGB,GLOBAL,MINURNCOL,,,1,2037,,,,,,2.0
VariableCost,VGB,GLOBAL,MINURNCOL,,,1,2038,,,,,,2.0
VariableCost,VGB,GLOBAL,MINURNCOL,,,1,2039,,,,,,2.0
VariableCost,VGB,GLOBAL,MINURNCOL,,,1,2040,,,,,,2.0
VariableCost,VGB,GLOBAL,MINURNCOL,,,1,2041,,,,,,2.0
VariableCost,VGB,GLOBAL,MINURNCOL,,,1,2042,,,,,,2.0
VariableCost,VGB,GLOBAL,MINURNCOL,,,1,2043,,,,,,2.0
VariableCost,VGB,GLOBAL,MINURNCOL,,,1,2044,,,,,,2.0
VariableCost,VGB,GLOBAL,MINURNCOL,,,1,2045,,,,,,2.0
VariableCost,VGB,GLOBAL,MINURNCOL,,,1,2046,,,,,,2.0
VariableCost,VGB,GLOBAL,MINURNCOL,,,1,2047,,,,,,2.0
VariableCost,VGB,GLOBAL,MINURNCOL,,,1,2048,,,,,,2.0
VariableCost,VGB,GLOBAL,MINURNCOL,,,1,2049,,,,,,2.0
VariableCost,VGB,GLOBAL,MINURNCOL,,,1,2050,,,,,,2.0
VariableCost,VGB,GLOBAL,MINURNCRI,,,1,2023,,,,,,2.0
VariableCost,VGB,GLOBAL,MINURNCRI,,,1,2024,,,,,,2.0
VariableCost,VGB,GLOBAL,MINURNCRI,,,1,2025,,,,,,2.0
VariableCost,VGB,GLOBAL,MINURNCRI,,,1,2026,,,,,,2.0
VariableCost,VGB,GLOBAL,MINURNCRI,,,1,2027,,,,,,2.0
VariableCost,VGB,GLOBAL,MINURNCRI,,,1,2028,,,,,,2.0
VariableCost,VGB,GLOBAL,MINURNCRI,,,1,2029,,,,,,2.0
VariableCost,VGB,GLOBAL,MINURNCRI,,,1,2030,,,,,,2.0
VariableCost,VGB,GLOBAL,MINURNCRI,,,1,2031,,,,,,2.0
VariableCost,VGB,GLOBAL,MINURNCRI,,,1,2032,,,,,,2.0
VariableCost,VGB,GLOBAL,MINURNCRI,,,1,2033,,,,,,2.0
VariableCost,VGB,GLOBAL,MINURNCRI,,,1,2034,,,,,,2.0
VariableCost,VGB,GLOBAL,MINURNCRI,,,1,2035,,,,,,2.0
VariableCost,VGB,GLOBAL,MINURNCRI,,,1,2036,,,,,,2.0
VariableCost,VGB,GLOBAL,MINURNCRI,,,1,2037,,,,,,2.0
VariableCost,VGB,GLOBAL,MINURNCRI,,,1,2038,,,,,,2.0
VariableCost,VGB,GLOBAL,MINURNCRI,,,1,2039,,,,,,2.0
VariableCost,VGB,GLOBAL,MINURNCRI,,,1,2040,,,,,,2.0
VariableCost,VGB,GLOBAL,MINURNCRI,,,1,2041,,,,,,2.0
VariableCost,VGB,GLOBAL,MINURNCRI,,,1,2042,,,,,,2.0
VariableCost,VGB,GLOBAL,MINURNCRI,,,1,2043,,,,,,2.0
VariableCost,VGB,GLOBAL,MINURNCRI,,,1,2044,,,,,,2.0
VariableCost,VGB,GLOBAL,MINURNCRI,,,1,2045,,,,,,2.0
VariableCost,VGB,GLOBAL,MINURNCRI,,,1,2046,,,,,,2.0
VariableCost,VGB,GLOBAL,MINURNCRI,,,1,2047,,,,,,2.0
VariableCost,VGB,GLOBAL,MINURNCRI,,,1,2048,,,,,,2.0
VariableCost,VGB,GLOBAL,MINURNCRI,,,1,2049,,,,,,2.0
VariableCost,VGB,GLOBAL,MINURNCRI,,,1,2050,,,,,,2.0
VariableCost,VGB,GLOBAL,MINURNDOM,,,1,2023,,,,,,2.0
VariableCost,VGB,GLOBAL,MINURNDOM,,,1,2024,,,,,,2.0
VariableCost,VGB,GLOBAL,MINURNDOM,,,1,2025,,,,,,2.0
VariableCost,VGB,GLOBAL,MINURNDOM,,,1,2026,,,,,,2.0
VariableCost,VGB,GLOBAL,MINURNDOM,,,1,2027,,,,,,2.0
VariableCost,VGB,GLOBAL,MINURNDOM,,,1,2028,,,,,,2.0
VariableCost,VGB,GLOBAL,MINURNDOM,,,1,2029,,,,,,2.0
VariableCost,VGB,GLOBAL,MINURNDOM,,,1,2030,,,,,,2.0
VariableCost,VGB,GLOBAL,MINURNDOM,,,1,2031,,,,,,2.0
VariableCost,VGB,GLOBAL,MINURNDOM,,,1,2032,,,,,,2.0
VariableCost,VGB,GLOBAL,MINURNDOM,,,1,2033,,,,,,2.0
VariableCost,VGB,GLOBAL,MINURNDOM,,,1,2034,,,,,,2.0
VariableCost,VGB,GLOBAL,MINURNDOM,,,1,2035,,,,,,2.0
VariableCost,VGB,GLOBAL,MINURNDOM,,,1,2036,,,,,,2.0
VariableCost,VGB,GLOBAL,MINURNDOM,,,1,2037,,,,,,2.0
VariableCost,VGB,GLOBAL,MINURNDOM,,,1,2038,,,,,,2.0
VariableCost,VGB,GLOBAL,MINURNDOM,,,1,2039,,,,,,2.0
VariableCost,VGB,GLOBAL,MINURNDOM,,,1,2040,,,,,,2.0
VariableCost,VGB,GLOBAL,MINURNDOM,,,1,2041,,,,,,2.0
VariableCost,VGB,GLOBAL,MINURNDOM,,,1,2042,,,,,,2.0
VariableCost,VGB,GLOBAL,MINURNDOM,,,1,2043,,,,,,2.0
VariableCost,VGB,GLOBAL,MINURNDOM,,,1,2044,,,,,,2.0
VariableCost,VGB,GLOBAL,MINURNDOM,,,1,2045,,,,,,2.0
VariableCost,VGB,GLOBAL,MINURNDOM,,,1,2046,,,,,,2.0
VariableCost,VGB,GLOBAL,MINURNDOM,,,1,2047,,,,,,2.0
VariableCost,VGB,GLOBAL,MINURNDOM,,,1,2048,,,,,,2.0
VariableCost,VGB,GLOBAL,MINURNDOM,,,1,2049,,,,,,2.0
VariableCost,VGB,GLOBAL,MINURNDOM,,,1,2050,,,,,,2.0
VariableCost,VGB,GLOBAL,MINURNECU,,,1,2023,,,,,,2.0
VariableCost,VGB,GLOBAL,MINURNECU,,,1,2024,,,,,,2.0
VariableCost,VGB,GLOBAL,MINURNECU,,,1,2025,,,,,,2.0
VariableCost,VGB,GLOBAL,MINURNECU,,,1,2026,,,,,,2.0
VariableCost,VGB,GLOBAL,MINURNECU,,,1,2027,,,,,,2.0
VariableCost,VGB,GLOBAL,MINURNECU,,,1,2028,,,,,,2.0
VariableCost,VGB,GLOBAL,MINURNECU,,,1,2029,,,,,,2.0
VariableCost,VGB,GLOBAL,MINURNECU,,,1,2030,,,,,,2.0
VariableCost,VGB,GLOBAL,MINURNECU,,,1,2031,,,,,,2.0
VariableCost,VGB,GLOBAL,MINURNECU,,,1,2032,,,,,,2.0
VariableCost,VGB,GLOBAL,MINURNECU,,,1,2033,,,,,,2.0
VariableCost,VGB,GLOBAL,MINURNECU,,,1,2034,,,,,,2.0
VariableCost,VGB,GLOBAL,MINURNECU,,,1,2035,,,,,,2.0
VariableCost,VGB,GLOBAL,MINURNECU,,,1,2036,,,,,,2.0
VariableCost,VGB,GLOBAL,MINURNECU,,,1,2037,,,,,,2.0
VariableCost,VGB,GLOBAL,MINURNECU,,,1,2038,,,,,,2.0
VariableCost,VGB,GLOBAL,MINURNECU,,,1,2039,,,,,,2.0
VariableCost,VGB,GLOBAL,MINURNECU,,,1,2040,,,,,,2.0
VariableCost,VGB,GLOBAL,MINURNECU,,,1,2041,,,,,,2.0
VariableCost,VGB,GLOBAL,MINURNECU,,,1,2042,,,,,,2.0
VariableCost,VGB,GLOBAL,MINURNECU,,,1,2043,,,,,,2.0
VariableCost,VGB,GLOBAL,MINURNECU,,,1,2044,,,,,,2.0
VariableCost,VGB,GLOBAL,MINURNECU,,,1,2045,,,,,,2.0
VariableCost,VGB,GLOBAL,MINURNECU,,,1,2046,,,,,,2.0
VariableCost,VGB,GLOBAL,MINURNECU,,,1,2047,,,,,,2.0
VariableCost,VGB,GLOBAL,MINURNECU,,,1,2048,,,,,,2.0
VariableCost,VGB,GLOBAL,MINURNECU,,,1,2049,,,,,,2.0
VariableCost,VGB,GLOBAL,MINURNECU,,,1,2050,,,,,,2.0
VariableCost,VGB,GLOBAL,MINURNGTM,,,1,2023,,,,,,2.0
VariableCost,VGB,GLOBAL,MINURNGTM,,,1,2024,,,,,,2.0
VariableCost,VGB,GLOBAL,MINURNGTM,,,1,2025,,,,,,2.0
VariableCost,VGB,GLOBAL,MINURNGTM,,,1,2026,,,,,,2.0
VariableCost,VGB,GLOBAL,MINURNGTM,,,1,2027,,,,,,2.0
VariableCost,VGB,GLOBAL,MINURNGTM,,,1,2028,,,,,,2.0
VariableCost,VGB,GLOBAL,MINURNGTM,,,1,2029,,,,,,2.0
VariableCost,VGB,GLOBAL,MINURNGTM,,,1,2030,,,,,,2.0
VariableCost,VGB,GLOBAL,MINURNGTM,,,1,2031,,,,,,2.0
VariableCost,VGB,GLOBAL,MINURNGTM,,,1,2032,,,,,,2.0
VariableCost,VGB,GLOBAL,MINURNGTM,,,1,2033,,,,,,2.0
VariableCost,VGB,GLOBAL,MINURNGTM,,,1,2034,,,,,,2.0
VariableCost,VGB,GLOBAL,MINURNGTM,,,1,2035,,,,,,2.0
VariableCost,VGB,GLOBAL,MINURNGTM,,,1,2036,,,,,,2.0
VariableCost,VGB,GLOBAL,MINURNGTM,,,1,2037,,,,,,2.0
VariableCost,VGB,GLOBAL,MINURNGTM,,,1,2038,,,,,,2.0
VariableCost,VGB,GLOBAL,MINURNGTM,,,1,2039,,,,,,2.0
VariableCost,VGB,GLOBAL,MINURNGTM,,,1,2040,,,,,,2.0
VariableCost,VGB,GLOBAL,MINURNGTM,,,1,2041,,,,,,2.0
VariableCost,VGB,GLOBAL,MINURNGTM,,,1,2042,,,,,,2.0
VariableCost,VGB,GLOBAL,MINURNGTM,,,1,2043,,,,,,2.0
VariableCost,VGB,GLOBAL,MINURNGTM,,,1,2044,,,,,,2.0
VariableCost,VGB,GLOBAL,MINURNGTM,,,1,2045,,,,,,2.0
VariableCost,VGB,GLOBAL,MINURNGTM,,,1,2046,,,,,,2.0
VariableCost,VGB,GLOBAL,MINURNGTM,,,1,2047,,,,,,2.0
VariableCost,VGB,GLOBAL,MINURNGTM,,,1,2048,,,,,,2.0
VariableCost,VGB,GLOBAL,MINURNGTM,,,1,2049,,,,,,2.0
VariableCost,VGB,GLOBAL,MINURNGTM,,,1,2050,,,,,,2.0
VariableCost,VGB,GLOBAL,MINURNHND,,,1,2023,,,,,,2.0
VariableCost,VGB,GLOBAL,MINURNHND,,,1,2024,,,,,,2.0
VariableCost,VGB,GLOBAL,MINURNHND,,,1,2025,,,,,,2.0
VariableCost,VGB,GLOBAL,MINURNHND,,,1,2026,,,,,,2.0
VariableCost,VGB,GLOBAL,MINURNHND,,,1,2027,,,,,,2.0
VariableCost,VGB,GLOBAL,MINURNHND,,,1,2028,,,,,,2.0
VariableCost,VGB,GLOBAL,MINURNHND,,,1,2029,,,,,,2.0
VariableCost,VGB,GLOBAL,MINURNHND,,,1,2030,,,,,,2.0
VariableCost,VGB,GLOBAL,MINURNHND,,,1,2031,,,,,,2.0
VariableCost,VGB,GLOBAL,MINURNHND,,,1,2032,,,,,,2.0
VariableCost,VGB,GLOBAL,MINURNHND,,,1,2033,,,,,,2.0
VariableCost,VGB,GLOBAL,MINURNHND,,,1,2034,,,,,,2.0
VariableCost,VGB,GLOBAL,MINURNHND,,,1,2035,,,,,,2.0
VariableCost,VGB,GLOBAL,MINURNHND,,,1,2036,,,,,,2.0
VariableCost,VGB,GLOBAL,MINURNHND,,,1,2037,,,,,,2.0
VariableCost,VGB,GLOBAL,MINURNHND,,,1,2038,,,,,,2.0
VariableCost,VGB,GLOBAL,MINURNHND,,,1,2039,,,,,,2.0
VariableCost,VGB,GLOBAL,MINURNHND,,,1,2040,,,,,,2.0
VariableCost,VGB,GLOBAL,MINURNHND,,,1,2041,,,,,,2.0
VariableCost,VGB,GLOBAL,MINURNHND,,,1,2042,,,,,,2.0
VariableCost,VGB,GLOBAL,MINURNHND,,,1,2043,,,,,,2.0
VariableCost,VGB,GLOBAL,MINURNHND,,,1,2044,,,,,,2.0
VariableCost,VGB,GLOBAL,MINURNHND,,,1,2045,,,,,,2.0
VariableCost,VGB,GLOBAL,MINURNHND,,,1,2046,,,,,,2.0
VariableCost,VGB,GLOBAL,MINURNHND,,,1,2047,,,,,,2.0
VariableCost,VGB,GLOBAL,MINURNHND,,,1,2048,,,,,,2.0
VariableCost,VGB,GLOBAL,MINURNHND,,,1,2049,,,,,,2.0
VariableCost,VGB,GLOBAL,MINURNHND,,,1,2050,,,,,,2.0
VariableCost,VGB,GLOBAL,MINURNHTI,,,1,2023,,,,,,2.0
VariableCost,VGB,GLOBAL,MINURNHTI,,,1,2024,,,,,,2.0
VariableCost,VGB,GLOBAL,MINURNHTI,,,1,2025,,,,,,2.0
VariableCost,VGB,GLOBAL,MINURNHTI,,,1,2026,,,,,,2.0
VariableCost,VGB,GLOBAL,MINURNHTI,,,1,2027,,,,,,2.0
VariableCost,VGB,GLOBAL,MINURNHTI,,,1,2028,,,,,,2.0
VariableCost,VGB,GLOBAL,MINURNHTI,,,1,2029,,,,,,2.0
VariableCost,VGB,GLOBAL,MINURNHTI,,,1,2030,,,,,,2.0
VariableCost,VGB,GLOBAL,MINURNHTI,,,1,2031,,,,,,2.0
VariableCost,VGB,GLOBAL,MINURNHTI,,,1,2032,,,,,,2.0
VariableCost,VGB,GLOBAL,MINURNHTI,,,1,2033,,,,,,2.0
VariableCost,VGB,GLOBAL,MINURNHTI,,,1,2034,,,,,,2.0
VariableCost,VGB,GLOBAL,MINURNHTI,,,1,2035,,,,,,2.0
VariableCost,VGB,GLOBAL,MINURNHTI,,,1,2036,,,,,,2.0
VariableCost,VGB,GLOBAL,MINURNHTI,,,1,2037,,,,,,2.0
VariableCost,VGB,GLOBAL,MINURNHTI,,,1,2038,,,,,,2.0
VariableCost,VGB,GLOBAL,MINURNHTI,,,1,2039,,,,,,2.0
VariableCost,VGB,GLOBAL,MINURNHTI,,,1,2040,,,,,,2.0
VariableCost,VGB,GLOBAL,MINURNHTI,,,1,2041,,,,,,2.0
VariableCost,VGB,GLOBAL,MINURNHTI,,,1,2042,,,,,,2.0
VariableCost,VGB,GLOBAL,MINURNHTI,,,1,2043,,,,,,2.0
VariableCost,VGB,GLOBAL,MINURNHTI,,,1,2044,,,,,,2.0
VariableCost,VGB,GLOBAL,MINURNHTI,,,1,2045,,,,,,2.0
VariableCost,VGB,GLOBAL,MINURNHTI,,,1,2046,,,,,,2.0
VariableCost,VGB,GLOBAL,MINURNHTI,,,1,2047,,,,,,2.0
VariableCost,VGB,GLOBAL,MINURNHTI,,,1,2048,,,,,,2.0
VariableCost,VGB,GLOBAL,MINURNHTI,,,1,2049,,,,,,2.0
VariableCost,VGB,GLOBAL,MINURNHTI,,,1,2050,,,,,,2.0
VariableCost,VGB,GLOBAL,MINURNINT,,,1,2023,,,,,,2.6
VariableCost,VGB,GLOBAL,MINURNINT,,,1,2024,,,,,,2.6
VariableCost,VGB,GLOBAL,MINURNINT,,,1,2025,,,,,,2.6
VariableCost,VGB,GLOBAL,MINURNINT,,,1,2026,,,,,,2.6
VariableCost,VGB,GLOBAL,MINURNINT,,,1,2027,,,,,,2.6
VariableCost,VGB,GLOBAL,MINURNINT,,,1,2028,,,,,,2.6
VariableCost,VGB,GLOBAL,MINURNINT,,,1,2029,,,,,,2.6
VariableCost,VGB,GLOBAL,MINURNINT,,,1,2030,,,,,,2.6
VariableCost,VGB,GLOBAL,MINURNINT,,,1,2031,,,,,,2.6
VariableCost,VGB,GLOBAL,MINURNINT,,,1,2032,,,,,,2.6
VariableCost,VGB,GLOBAL,MINURNINT,,,1,2033,,,,,,2.6
VariableCost,VGB,GLOBAL,MINURNINT,,,1,2034,,,,,,2.6
VariableCost,VGB,GLOBAL,MINURNINT,,,1,2035,,,,,,2.6
VariableCost,VGB,GLOBAL,MINURNINT,,,1,2036,,,,,,2.6
VariableCost,VGB,GLOBAL,MINURNINT,,,1,2037,,,,,,2.6
VariableCost,VGB,GLOBAL,MINURNINT,,,1,2038,,,,,,2.6
VariableCost,VGB,GLOBAL,MINURNINT,,,1,2039,,,,,,2.6
VariableCost,VGB,GLOBAL,MINURNINT,,,1,2040,,,,,,2.6
VariableCost,VGB,GLOBAL,MINURNINT,,,1,2041,,,,,,2.6
VariableCost,VGB,GLOBAL,MINURNINT,,,1,2042,,,,,,2.6
VariableCost,VGB,GLOBAL,MINURNINT,,,1,2043,,,,,,2.6
VariableCost,VGB,GLOBAL,MINURNINT,,,1,2044,,,,,,2.6
VariableCost,VGB,GLOBAL,MINURNINT,,,1,2045,,,,,,2.6
VariableCost,VGB,GLOBAL,MINURNINT,,,1,2046,,,,,,2.6
VariableCost,VGB,GLOBAL,MINURNINT,,,1,2047,,,,,,2.6
VariableCost,VGB,GLOBAL,MINURNINT,,,1,2048,,,,,,2.6
VariableCost,VGB,GLOBAL,MINURNINT,,,1,2049,,,,,,2.6
VariableCost,VGB,GLOBAL,MINURNINT,,,1,2050,,,,,,2.6
VariableCost,VGB,GLOBAL,MINURNMEX,,,1,2023,,,,,,2.0
VariableCost,VGB,GLOBAL,MINURNMEX,,,1,2024,,,,,,2.0
VariableCost,VGB,GLOBAL,MINURNMEX,,,1,2025,,,,,,2.0
VariableCost,VGB,GLOBAL,MINURNMEX,,,1,2026,,,,,,2.0
VariableCost,VGB,GLOBAL,MINURNMEX,,,1,2027,,,,,,2.0
VariableCost,VGB,GLOBAL,MINURNMEX,,,1,2028,,,,,,2.0
VariableCost,VGB,GLOBAL,MINURNMEX,,,1,2029,,,,,,2.0
VariableCost,VGB,GLOBAL,MINURNMEX,,,1,2030,,,,,,2.0
VariableCost,VGB,GLOBAL,MINURNMEX,,,1,2031,,,,,,2.0
VariableCost,VGB,GLOBAL,MINURNMEX,,,1,2032,,,,,,2.0
VariableCost,VGB,GLOBAL,MINURNMEX,,,1,2033,,,,,,2.0
VariableCost,VGB,GLOBAL,MINURNMEX,,,1,2034,,,,,,2.0
VariableCost,VGB,GLOBAL,MINURNMEX,,,1,2035,,,,,,2.0
VariableCost,VGB,GLOBAL,MINURNMEX,,,1,2036,,,,,,2.0
VariableCost,VGB,GLOBAL,MINURNMEX,,,1,2037,,,,,,2.0
VariableCost,VGB,GLOBAL,MINURNMEX,,,1,2038,,,,,,2.0
VariableCost,VGB,GLOBAL,MINURNMEX,,,1,2039,,,,,,2.0
VariableCost,VGB,GLOBAL,MINURNMEX,,,1,2040,,,,,,2.0
VariableCost,VGB,GLOBAL,MINURNMEX,,,1,2041,,,,,,2.0
VariableCost,VGB,GLOBAL,MINURNMEX,,,1,2042,,,,,,2.0
VariableCost,VGB,GLOBAL,MINURNMEX,,,1,2043,,,,,,2.0
VariableCost,VGB,GLOBAL,MINURNMEX,,,1,2044,,,,,,2.0
VariableCost,VGB,GLOBAL,MINURNMEX,,,1,2045,,,,,,2.0
VariableCost,VGB,GLOBAL,MINURNMEX,,,1,2046,,,,,,2.0
VariableCost,VGB,GLOBAL,MINURNMEX,,,1,2047,,,,,,2.0
VariableCost,VGB,GLOBAL,MINURNMEX,,,1,2048,,,,,,2.0
VariableCost,VGB,GLOBAL,MINURNMEX,,,1,2049,,,,,,2.0
VariableCost,VGB,GLOBAL,MINURNMEX,,,1,2050,,,,,,2.0
VariableCost,VGB,GLOBAL,MINURNNIC,,,1,2023,,,,,,2.0
VariableCost,VGB,GLOBAL,MINURNNIC,,,1,2024,,,,,,2.0
VariableCost,VGB,GLOBAL,MINURNNIC,,,1,2025,,,,,,2.0
VariableCost,VGB,GLOBAL,MINURNNIC,,,1,2026,,,,,,2.0
VariableCost,VGB,GLOBAL,MINURNNIC,,,1,2027,,,,,,2.0
VariableCost,VGB,GLOBAL,MINURNNIC,,,1,2028,,,,,,2.0
VariableCost,VGB,GLOBAL,MINURNNIC,,,1,2029,,,,,,2.0
VariableCost,VGB,GLOBAL,MINURNNIC,,,1,2030,,,,,,2.0
VariableCost,VGB,GLOBAL,MINURNNIC,,,1,2031,,,,,,2.0
VariableCost,VGB,GLOBAL,MINURNNIC,,,1,2032,,,,,,2.0
VariableCost,VGB,GLOBAL,MINURNNIC,,,1,2033,,,,,,2.0
VariableCost,VGB,GLOBAL,MINURNNIC,,,1,2034,,,,,,2.0
VariableCost,VGB,GLOBAL,MINURNNIC,,,1,2035,,,,,,2.0
VariableCost,VGB,GLOBAL,MINURNNIC,,,1,2036,,,,,,2.0
VariableCost,VGB,GLOBAL,MINURNNIC,,,1,2037,,,,,,2.0
VariableCost,VGB,GLOBAL,MINURNNIC,,,1,2038,,,,,,2.0
VariableCost,VGB,GLOBAL,MINURNNIC,,,1,2039,,,,,,2.0
VariableCost,VGB,GLOBAL,MINURNNIC,,,1,2040,,,,,,2.0
VariableCost,VGB,GLOBAL,MINURNNIC,,,1,2041,,,,,,2.0
VariableCost,VGB,GLOBAL,MINURNNIC,,,1,2042,,,,,,2.0
VariableCost,VGB,GLOBAL,MINURNNIC,,,1,2043,,,,,,2.0
VariableCost,VGB,GLOBAL,MINURNNIC,,,1,2044,,,,,,2.0
VariableCost,VGB,GLOBAL,MINURNNIC,,,1,2045,,,,,,2.0
VariableCost,VGB,GLOBAL,MINURNNIC,,,1,2046,,,,,,2.0
VariableCost,VGB,GLOBAL,MINURNNIC,,,1,2047,,,,,,2.0
VariableCost,VGB,GLOBAL,MINURNNIC,,,1,2048,,,,,,2.0
VariableCost,VGB,GLOBAL,MINURNNIC,,,1,2049,,,,,,2.0
VariableCost,VGB,GLOBAL,MINURNNIC,,,1,2050,,,,,,2.0
VariableCost,VGB,GLOBAL,MINURNPAN,,,1,2023,,,,,,2.0
VariableCost,VGB,GLOBAL,MINURNPAN,,,1,2024,,,,,,2.0
VariableCost,VGB,GLOBAL,MINURNPAN,,,1,2025,,,,,,2.0
VariableCost,VGB,GLOBAL,MINURNPAN,,,1,2026,,,,,,2.0
VariableCost,VGB,GLOBAL,MINURNPAN,,,1,2027,,,,,,2.0
VariableCost,VGB,GLOBAL,MINURNPAN,,,1,2028,,,,,,2.0
VariableCost,VGB,GLOBAL,MINURNPAN,,,1,2029,,,,,,2.0
VariableCost,VGB,GLOBAL,MINURNPAN,,,1,2030,,,,,,2.0
VariableCost,VGB,GLOBAL,MINURNPAN,,,1,2031,,,,,,2.0
VariableCost,VGB,GLOBAL,MINURNPAN,,,1,2032,,,,,,2.0
VariableCost,VGB,GLOBAL,MINURNPAN,,,1,2033,,,,,,2.0
VariableCost,VGB,GLOBAL,MINURNPAN,,,1,2034,,,,,,2.0
VariableCost,VGB,GLOBAL,MINURNPAN,,,1,2035,,,,,,2.0
VariableCost,VGB,GLOBAL,MINURNPAN,,,1,2036,,,,,,2.0
VariableCost,VGB,GLOBAL,MINURNPAN,,,1,2037,,,,,,2.0
VariableCost,VGB,GLOBAL,MINURNPAN,,,1,2038,,,,,,2.0
VariableCost,VGB,GLOBAL,MINURNPAN,,,1,2039,,,,,,2.0
VariableCost,VGB,GLOBAL,MINURNPAN,,,1,2040,,,,,,2.0
VariableCost,VGB,GLOBAL,MINURNPAN,,,1,2041,,,,,,2.0
VariableCost,VGB,GLOBAL,MINURNPAN,,,1,2042,,,,,,2.0
VariableCost,VGB,GLOBAL,MINURNPAN,,,1,2043,,,,,,2.0
VariableCost,VGB,GLOBAL,MINURNPAN,,,1,2044,,,,,,2.0
VariableCost,VGB,GLOBAL,MINURNPAN,,,1,2045,,,,,,2.0
VariableCost,VGB,GLOBAL,MINURNPAN,,,1,2046,,,,,,2.0
VariableCost,VGB,GLOBAL,MINURNPAN,,,1,2047,,,,,,2.0
VariableCost,VGB,GLOBAL,MINURNPAN,,,1,2048,,,,,,2.0
VariableCost,VGB,GLOBAL,MINURNPAN,,,1,2049,,,,,,2.0
VariableCost,VGB,GLOBAL,MINURNPAN,,,1,2050,,,,,,2.0
VariableCost,VGB,GLOBAL,MINURNPER,,,1,2023,,,,,,2.0
VariableCost,VGB,GLOBAL,MINURNPER,,,1,2024,,,,,,2.0
VariableCost,VGB,GLOBAL,MINURNPER,,,1,2025,,,,,,2.0
VariableCost,VGB,GLOBAL,MINURNPER,,,1,2026,,,,,,2.0
VariableCost,VGB,GLOBAL,MINURNPER,,,1,2027,,,,,,2.0
VariableCost,VGB,GLOBAL,MINURNPER,,,1,2028,,,,,,2.0
VariableCost,VGB,GLOBAL,MINURNPER,,,1,2029,,,,,,2.0
VariableCost,VGB,GLOBAL,MINURNPER,,,1,2030,,,,,,2.0
VariableCost,VGB,GLOBAL,MINURNPER,,,1,2031,,,,,,2.0
VariableCost,VGB,GLOBAL,MINURNPER,,,1,2032,,,,,,2.0
VariableCost,VGB,GLOBAL,MINURNPER,,,1,2033,,,,,,2.0
VariableCost,VGB,GLOBAL,MINURNPER,,,1,2034,,,,,,2.0
VariableCost,VGB,GLOBAL,MINURNPER,,,1,2035,,,,,,2.0
VariableCost,VGB,GLOBAL,MINURNPER,,,1,2036,,,,,,2.0
VariableCost,VGB,GLOBAL,MINURNPER,,,1,2037,,,,,,2.0
VariableCost,VGB,GLOBAL,MINURNPER,,,1,2038,,,,,,2.0
VariableCost,VGB,GLOBAL,MINURNPER,,,1,2039,,,,,,2.0
VariableCost,VGB,GLOBAL,MINURNPER,,,1,2040,,,,,,2.0
VariableCost,VGB,GLOBAL,MINURNPER,,,1,2041,,,,,,2.0
VariableCost,VGB,GLOBAL,MINURNPER,,,1,2042,,,,,,2.0
VariableCost,VGB,GLOBAL,MINURNPER,,,1,2043,,,,,,2.0
VariableCost,VGB,GLOBAL,MINURNPER,,,1,2044,,,,,,2.0
VariableCost,VGB,GLOBAL,MINURNPER,,,1,2045,,,,,,2.0
VariableCost,VGB,GLOBAL,MINURNPER,,,1,2046,,,,,,2.0
VariableCost,VGB,GLOBAL,MINURNPER,,,1,2047,,,,,,2.0
VariableCost,VGB,GLOBAL,MINURNPER,,,1,2048,,,,,,2.0
VariableCost,VGB,GLOBAL,MINURNPER,,,1,2049,,,,,,2.0
VariableCost,VGB,GLOBAL,MINURNPER,,,1,2050,,,,,,2.0
VariableCost,VGB,GLOBAL,MINURNPRY,,,1,2023,,,,,,2.0
VariableCost,VGB,GLOBAL,MINURNPRY,,,1,2024,,,,,,2.0
VariableCost,VGB,GLOBAL,MINURNPRY,,,1,2025,,,,,,2.0
VariableCost,VGB,GLOBAL,MINURNPRY,,,1,2026,,,,,,2.0
VariableCost,VGB,GLOBAL,MINURNPRY,,,1,2027,,,,,,2.0
VariableCost,VGB,GLOBAL,MINURNPRY,,,1,2028,,,,,,2.0
VariableCost,VGB,GLOBAL,MINURNPRY,,,1,2029,,,,,,2.0
VariableCost,VGB,GLOBAL,MINURNPRY,,,1,2030,,,,,,2.0
VariableCost,VGB,GLOBAL,MINURNPRY,,,1,2031,,,,,,2.0
VariableCost,VGB,GLOBAL,MINURNPRY,,,1,2032,,,,,,2.0
VariableCost,VGB,GLOBAL,MINURNPRY,,,1,2033,,,,,,2.0
VariableCost,VGB,GLOBAL,MINURNPRY,,,1,2034,,,,,,2.0
VariableCost,VGB,GLOBAL,MINURNPRY,,,1,2035,,,,,,2.0
VariableCost,VGB,GLOBAL,MINURNPRY,,,1,2036,,,,,,2.0
VariableCost,VGB,GLOBAL,MINURNPRY,,,1,2037,,,,,,2.0
VariableCost,VGB,GLOBAL,MINURNPRY,,,1,2038,,,,,,2.0
VariableCost,VGB,GLOBAL,MINURNPRY,,,1,2039,,,,,,2.0
VariableCost,VGB,GLOBAL,MINURNPRY,,,1,2040,,,,,,2.0
VariableCost,VGB,GLOBAL,MINURNPRY,,,1,2041,,,,,,2.0
VariableCost,VGB,GLOBAL,MINURNPRY,,,1,2042,,,,,,2.0
VariableCost,VGB,GLOBAL,MINURNPRY,,,1,2043,,,,,,2.0
VariableCost,VGB,GLOBAL,MINURNPRY,,,1,2044,,,,,,2.0
VariableCost,VGB,GLOBAL,MINURNPRY,,,1,2045,,,,,,2.0
VariableCost,VGB,GLOBAL,MINURNPRY,,,1,2046,,,,,,2.0
VariableCost,VGB,GLOBAL,MINURNPRY,,,1,2047,,,,,,2.0
VariableCost,VGB,GLOBAL,MINURNPRY,,,1,2048,,,,,,2.0
VariableCost,VGB,GLOBAL,MINURNPRY,,,1,2049,,,,,,2.0
VariableCost,VGB,GLOBAL,MINURNPRY,,,1,2050,,,,,,2.0
VariableCost,VGB,GLOBAL,MINURNSLV,,,1,2023,,,,,,2.0
VariableCost,VGB,GLOBAL,MINURNSLV,,,1,2024,,,,,,2.0
VariableCost,VGB,GLOBAL,MINURNSLV,,,1,2025,,,,,,2.0
VariableCost,VGB,GLOBAL,MINURNSLV,,,1,2026,,,,,,2.0
VariableCost,VGB,GLOBAL,MINURNSLV,,,1,2027,,,,,,2.0
VariableCost,VGB,GLOBAL,MINURNSLV,,,1,2028,,,,,,2.0
VariableCost,VGB,GLOBAL,MINURNSLV,,,1,2029,,,,,,2.0
VariableCost,VGB,GLOBAL,MINURNSLV,,,1,2030,,,,,,2.0
VariableCost,VGB,GLOBAL,MINURNSLV,,,1,2031,,,,,,2.0
VariableCost,VGB,GLOBAL,MINURNSLV,,,1,2032,,,,,,2.0
VariableCost,VGB,GLOBAL,MINURNSLV,,,1,2033,,,,,,2.0
VariableCost,VGB,GLOBAL,MINURNSLV,,,1,2034,,,,,,2.0
VariableCost,VGB,GLOBAL,MINURNSLV,,,1,2035,,,,,,2.0
VariableCost,VGB,GLOBAL,MINURNSLV,,,1,2036,,,,,,2.0
VariableCost,VGB,GLOBAL,MINURNSLV,,,1,2037,,,,,,2.0
VariableCost,VGB,GLOBAL,MINURNSLV,,,1,2038,,,,,,2.0
VariableCost,VGB,GLOBAL,MINURNSLV,,,1,2039,,,,,,2.0
VariableCost,VGB,GLOBAL,MINURNSLV,,,1,2040,,,,,,2.0
VariableCost,VGB,GLOBAL,MINURNSLV,,,1,2041,,,,,,2.0
VariableCost,VGB,GLOBAL,MINURNSLV,,,1,2042,,,,,,2.0
VariableCost,VGB,GLOBAL,MINURNSLV,,,1,2043,,,,,,2.0
VariableCost,VGB,GLOBAL,MINURNSLV,,,1,2044,,,,,,2.0
VariableCost,VGB,GLOBAL,MINURNSLV,,,1,2045,,,,,,2.0
VariableCost,VGB,GLOBAL,MINURNSLV,,,1,2046,,,,,,2.0
VariableCost,VGB,GLOBAL,MINURNSLV,,,1,2047,,,,,,2.0
VariableCost,VGB,GLOBAL,MINURNSLV,,,1,2048,,,,,,2.0
VariableCost,VGB,GLOBAL,MINURNSLV,,,1,2049,,,,,,2.0
VariableCost,VGB,GLOBAL,MINURNSLV,,,1,2050,,,,,,2.0
VariableCost,VGB,GLOBAL,MINURNURY,,,1,2023,,,,,,2.0
VariableCost,VGB,GLOBAL,MINURNURY,,,1,2024,,,,,,2.0
VariableCost,VGB,GLOBAL,MINURNURY,,,1,2025,,,,,,2.0
VariableCost,VGB,GLOBAL,MINURNURY,,,1,2026,,,,,,2.0
VariableCost,VGB,GLOBAL,MINURNURY,,,1,2027,,,,,,2.0
VariableCost,VGB,GLOBAL,MINURNURY,,,1,2028,,,,,,2.0
VariableCost,VGB,GLOBAL,MINURNURY,,,1,2029,,,,,,2.0
VariableCost,VGB,GLOBAL,MINURNURY,,,1,2030,,,,,,2.0
VariableCost,VGB,GLOBAL,MINURNURY,,,1,2031,,,,,,2.0
VariableCost,VGB,GLOBAL,MINURNURY,,,1,2032,,,,,,2.0
VariableCost,VGB,GLOBAL,MINURNURY,,,1,2033,,,,,,2.0
VariableCost,VGB,GLOBAL,MINURNURY,,,1,2034,,,,,,2.0
VariableCost,VGB,GLOBAL,MINURNURY,,,1,2035,,,,,,2.0
VariableCost,VGB,GLOBAL,MINURNURY,,,1,2036,,,,,,2.0
VariableCost,VGB,GLOBAL,MINURNURY,,,1,2037,,,,,,2.0
VariableCost,VGB,GLOBAL,MINURNURY,,,1,2038,,,,,,2.0
VariableCost,VGB,GLOBAL,MINURNURY,,,1,2039,,,,,,2.0
VariableCost,VGB,GLOBAL,MINURNURY,,,1,2040,,,,,,2.0
VariableCost,VGB,GLOBAL,MINURNURY,,,1,2041,,,,,,2.0
VariableCost,VGB,GLOBAL,MINURNURY,,,1,2042,,,,,,2.0
VariableCost,VGB,GLOBAL,MINURNURY,,,1,2043,,,,,,2.0
VariableCost,VGB,GLOBAL,MINURNURY,,,1,2044,,,,,,2.0
VariableCost,VGB,GLOBAL,MINURNURY,,,1,2045,,,,,,2.0
VariableCost,VGB,GLOBAL,MINURNURY,,,1,2046,,,,,,2.0
VariableCost,VGB,GLOBAL,MINURNURY,,,1,2047,,,,,,2.0
VariableCost,VGB,GLOBAL,MINURNURY,,,1,2048,,,,,,2.0
VariableCost,VGB,GLOBAL,MINURNURY,,,1,2049,,,,,,2.0
VariableCost,VGB,GLOBAL,MINURNURY,,,1,2050,,,,,,2.0
VariableCost,VGB,GLOBAL,PWRBCKARGXX,,,1,2023,,,,,,1750.0
VariableCost,VGB,GLOBAL,PWRBCKARGXX,,,1,2024,,,,,,1750.0
VariableCost,VGB,GLOBAL,PWRBCKARGXX,,,1,2025,,,,,,1750.0
VariableCost,VGB,GLOBAL,PWRBCKARGXX,,,1,2026,,,,,,1750.0
VariableCost,VGB,GLOBAL,PWRBCKARGXX,,,1,2027,,,,,,1750.0
VariableCost,VGB,GLOBAL,PWRBCKARGXX,,,1,2028,,,,,,1750.0
VariableCost,VGB,GLOBAL,PWRBCKARGXX,,,1,2029,,,,,,1750.0
VariableCost,VGB,GLOBAL,PWRBCKARGXX,,,1,2030,,,,,,1750.0
VariableCost,VGB,GLOBAL,PWRBCKARGXX,,,1,2031,,,,,,1750.0
VariableCost,VGB,GLOBAL,PWRBCKARGXX,,,1,2032,,,,,,1750.0
VariableCost,VGB,GLOBAL,PWRBCKARGXX,,,1,2033,,,,,,1750.0
VariableCost,VGB,GLOBAL,PWRBCKARGXX,,,1,2034,,,,,,1750.0
VariableCost,VGB,GLOBAL,PWRBCKARGXX,,,1,2035,,,,,,1750.0
VariableCost,VGB,GLOBAL,PWRBCKARGXX,,,1,2036,,,,,,1750.0
VariableCost,VGB,GLOBAL,PWRBCKARGXX,,,1,2037,,,,,,1750.0
VariableCost,VGB,GLOBAL,PWRBCKARGXX,,,1,2038,,,,,,1750.0
VariableCost,VGB,GLOBAL,PWRBCKARGXX,,,1,2039,,,,,,1750.0
VariableCost,VGB,GLOBAL,PWRBCKARGXX,,,1,2040,,,,,,1750.0
VariableCost,VGB,GLOBAL,PWRBCKARGXX,,,1,2041,,,,,,1750.0
VariableCost,VGB,GLOBAL,PWRBCKARGXX,,,1,2042,,,,,,1750.0
VariableCost,VGB,GLOBAL,PWRBCKARGXX,,,1,2043,,,,,,1750.0
VariableCost,VGB,GLOBAL,PWRBCKARGXX,,,1,2044,,,,,,1750.0
VariableCost,VGB,GLOBAL,PWRBCKARGXX,,,1,2045,,,,,,1750.0
VariableCost,VGB,GLOBAL,PWRBCKARGXX,,,1,2046,,,,,,1750.0
VariableCost,VGB,GLOBAL,PWRBCKARGXX,,,1,2047,,,,,,1750.0
VariableCost,VGB,GLOBAL,PWRBCKARGXX,,,1,2048,,,,,,1750.0
VariableCost,VGB,GLOBAL,PWRBCKARGXX,,,1,2049,,,,,,1750.0
VariableCost,VGB,GLOBAL,PWRBCKARGXX,,,1,2050,,,,,,1750.0
VariableCost,VGB,GLOBAL,PWRBCKBOLXX,,,1,2023,,,,,,1750.0
VariableCost,VGB,GLOBAL,PWRBCKBOLXX,,,1,2024,,,,,,1750.0
VariableCost,VGB,GLOBAL,PWRBCKBOLXX,,,1,2025,,,,,,1750.0
VariableCost,VGB,GLOBAL,PWRBCKBOLXX,,,1,2026,,,,,,1750.0
VariableCost,VGB,GLOBAL,PWRBCKBOLXX,,,1,2027,,,,,,1750.0
VariableCost,VGB,GLOBAL,PWRBCKBOLXX,,,1,2028,,,,,,1750.0
VariableCost,VGB,GLOBAL,PWRBCKBOLXX,,,1,2029,,,,,,1750.0
VariableCost,VGB,GLOBAL,PWRBCKBOLXX,,,1,2030,,,,,,1750.0
VariableCost,VGB,GLOBAL,PWRBCKBOLXX,,,1,2031,,,,,,1750.0
VariableCost,VGB,GLOBAL,PWRBCKBOLXX,,,1,2032,,,,,,1750.0
VariableCost,VGB,GLOBAL,PWRBCKBOLXX,,,1,2033,,,,,,1750.0
VariableCost,VGB,GLOBAL,PWRBCKBOLXX,,,1,2034,,,,,,1750.0
VariableCost,VGB,GLOBAL,PWRBCKBOLXX,,,1,2035,,,,,,1750.0
VariableCost,VGB,GLOBAL,PWRBCKBOLXX,,,1,2036,,,,,,1750.0
VariableCost,VGB,GLOBAL,PWRBCKBOLXX,,,1,2037,,,,,,1750.0
VariableCost,VGB,GLOBAL,PWRBCKBOLXX,,,1,2038,,,,,,1750.0
VariableCost,VGB,GLOBAL,PWRBCKBOLXX,,,1,2039,,,,,,1750.0
VariableCost,VGB,GLOBAL,PWRBCKBOLXX,,,1,2040,,,,,,1750.0
VariableCost,VGB,GLOBAL,PWRBCKBOLXX,,,1,2041,,,,,,1750.0
VariableCost,VGB,GLOBAL,PWRBCKBOLXX,,,1,2042,,,,,,1750.0
VariableCost,VGB,GLOBAL,PWRBCKBOLXX,,,1,2043,,,,,,1750.0
VariableCost,VGB,GLOBAL,PWRBCKBOLXX,,,1,2044,,,,,,1750.0
VariableCost,VGB,GLOBAL,PWRBCKBOLXX,,,1,2045,,,,,,1750.0
VariableCost,VGB,GLOBAL,PWRBCKBOLXX,,,1,2046,,,,,,1750.0
VariableCost,VGB,GLOBAL,PWRBCKBOLXX,,,1,2047,,,,,,1750.0
VariableCost,VGB,GLOBAL,PWRBCKBOLXX,,,1,2048,,,,,,1750.0
VariableCost,VGB,GLOBAL,PWRBCKBOLXX,,,1,2049,,,,,,1750.0
VariableCost,VGB,GLOBAL,PWRBCKBOLXX,,,1,2050,,,,,,1750.0
VariableCost,VGB,GLOBAL,PWRBCKBRAXX,,,1,2023,,,,,,1750.0
VariableCost,VGB,GLOBAL,PWRBCKBRAXX,,,1,2024,,,,,,1750.0
VariableCost,VGB,GLOBAL,PWRBCKBRAXX,,,1,2025,,,,,,1750.0
VariableCost,VGB,GLOBAL,PWRBCKBRAXX,,,1,2026,,,,,,1750.0
VariableCost,VGB,GLOBAL,PWRBCKBRAXX,,,1,2027,,,,,,1750.0
VariableCost,VGB,GLOBAL,PWRBCKBRAXX,,,1,2028,,,,,,1750.0
VariableCost,VGB,GLOBAL,PWRBCKBRAXX,,,1,2029,,,,,,1750.0
VariableCost,VGB,GLOBAL,PWRBCKBRAXX,,,1,2030,,,,,,1750.0
VariableCost,VGB,GLOBAL,PWRBCKBRAXX,,,1,2031,,,,,,1750.0
VariableCost,VGB,GLOBAL,PWRBCKBRAXX,,,1,2032,,,,,,1750.0
VariableCost,VGB,GLOBAL,PWRBCKBRAXX,,,1,2033,,,,,,1750.0
VariableCost,VGB,GLOBAL,PWRBCKBRAXX,,,1,2034,,,,,,1750.0
VariableCost,VGB,GLOBAL,PWRBCKBRAXX,,,1,2035,,,,,,1750.0
VariableCost,VGB,GLOBAL,PWRBCKBRAXX,,,1,2036,,,,,,1750.0
VariableCost,VGB,GLOBAL,PWRBCKBRAXX,,,1,2037,,,,,,1750.0
VariableCost,VGB,GLOBAL,PWRBCKBRAXX,,,1,2038,,,,,,1750.0
VariableCost,VGB,GLOBAL,PWRBCKBRAXX,,,1,2039,,,,,,1750.0
VariableCost,VGB,GLOBAL,PWRBCKBRAXX,,,1,2040,,,,,,1750.0
VariableCost,VGB,GLOBAL,PWRBCKBRAXX,,,1,2041,,,,,,1750.0
VariableCost,VGB,GLOBAL,PWRBCKBRAXX,,,1,2042,,,,,,1750.0
VariableCost,VGB,GLOBAL,PWRBCKBRAXX,,,1,2043,,,,,,1750.0
VariableCost,VGB,GLOBAL,PWRBCKBRAXX,,,1,2044,,,,,,1750.0
VariableCost,VGB,GLOBAL,PWRBCKBRAXX,,,1,2045,,,,,,1750.0
VariableCost,VGB,GLOBAL,PWRBCKBRAXX,,,1,2046,,,,,,1750.0
VariableCost,VGB,GLOBAL,PWRBCKBRAXX,,,1,2047,,,,,,1750.0
VariableCost,VGB,GLOBAL,PWRBCKBRAXX,,,1,2048,,,,,,1750.0
VariableCost,VGB,GLOBAL,PWRBCKBRAXX,,,1,2049,,,,,,1750.0
VariableCost,VGB,GLOBAL,PWRBCKBRAXX,,,1,2050,,,,,,1750.0
VariableCost,VGB,GLOBAL,PWRBCKBRBXX,,,1,2023,,,,,,1750.0
VariableCost,VGB,GLOBAL,PWRBCKBRBXX,,,1,2024,,,,,,1750.0
VariableCost,VGB,GLOBAL,PWRBCKBRBXX,,,1,2025,,,,,,1750.0
VariableCost,VGB,GLOBAL,PWRBCKBRBXX,,,1,2026,,,,,,1750.0
VariableCost,VGB,GLOBAL,PWRBCKBRBXX,,,1,2027,,,,,,1750.0
VariableCost,VGB,GLOBAL,PWRBCKBRBXX,,,1,2028,,,,,,1750.0
VariableCost,VGB,GLOBAL,PWRBCKBRBXX,,,1,2029,,,,,,1750.0
VariableCost,VGB,GLOBAL,PWRBCKBRBXX,,,1,2030,,,,,,1750.0
VariableCost,VGB,GLOBAL,PWRBCKBRBXX,,,1,2031,,,,,,1750.0
VariableCost,VGB,GLOBAL,PWRBCKBRBXX,,,1,2032,,,,,,1750.0
VariableCost,VGB,GLOBAL,PWRBCKBRBXX,,,1,2033,,,,,,1750.0
VariableCost,VGB,GLOBAL,PWRBCKBRBXX,,,1,2034,,,,,,1750.0
VariableCost,VGB,GLOBAL,PWRBCKBRBXX,,,1,2035,,,,,,1750.0
VariableCost,VGB,GLOBAL,PWRBCKBRBXX,,,1,2036,,,,,,1750.0
VariableCost,VGB,GLOBAL,PWRBCKBRBXX,,,1,2037,,,,,,1750.0
VariableCost,VGB,GLOBAL,PWRBCKBRBXX,,,1,2038,,,,,,1750.0
VariableCost,VGB,GLOBAL,PWRBCKBRBXX,,,1,2039,,,,,,1750.0
VariableCost,VGB,GLOBAL,PWRBCKBRBXX,,,1,2040,,,,,,1750.0
VariableCost,VGB,GLOBAL,PWRBCKBRBXX,,,1,2041,,,,,,1750.0
VariableCost,VGB,GLOBAL,PWRBCKBRBXX,,,1,2042,,,,,,1750.0
VariableCost,VGB,GLOBAL,PWRBCKBRBXX,,,1,2043,,,,,,1750.0
VariableCost,VGB,GLOBAL,PWRBCKBRBXX,,,1,2044,,,,,,1750.0
VariableCost,VGB,GLOBAL,PWRBCKBRBXX,,,1,2045,,,,,,1750.0
VariableCost,VGB,GLOBAL,PWRBCKBRBXX,,,1,2046,,,,,,1750.0
VariableCost,VGB,GLOBAL,PWRBCKBRBXX,,,1,2047,,,,,,1750.0
VariableCost,VGB,GLOBAL,PWRBCKBRBXX,,,1,2048,,,,,,1750.0
VariableCost,VGB,GLOBAL,PWRBCKBRBXX,,,1,2049,,,,,,1750.0
VariableCost,VGB,GLOBAL,PWRBCKBRBXX,,,1,2050,,,,,,1750.0
VariableCost,VGB,GLOBAL,PWRBCKCHLXX,,,1,2023,,,,,,1750.0
VariableCost,VGB,GLOBAL,PWRBCKCHLXX,,,1,2024,,,,,,1750.0
VariableCost,VGB,GLOBAL,PWRBCKCHLXX,,,1,2025,,,,,,1750.0
VariableCost,VGB,GLOBAL,PWRBCKCHLXX,,,1,2026,,,,,,1750.0
VariableCost,VGB,GLOBAL,PWRBCKCHLXX,,,1,2027,,,,,,1750.0
VariableCost,VGB,GLOBAL,PWRBCKCHLXX,,,1,2028,,,,,,1750.0
VariableCost,VGB,GLOBAL,PWRBCKCHLXX,,,1,2029,,,,,,1750.0
VariableCost,VGB,GLOBAL,PWRBCKCHLXX,,,1,2030,,,,,,1750.0
VariableCost,VGB,GLOBAL,PWRBCKCHLXX,,,1,2031,,,,,,1750.0
VariableCost,VGB,GLOBAL,PWRBCKCHLXX,,,1,2032,,,,,,1750.0
VariableCost,VGB,GLOBAL,PWRBCKCHLXX,,,1,2033,,,,,,1750.0
VariableCost,VGB,GLOBAL,PWRBCKCHLXX,,,1,2034,,,,,,1750.0
VariableCost,VGB,GLOBAL,PWRBCKCHLXX,,,1,2035,,,,,,1750.0
VariableCost,VGB,GLOBAL,PWRBCKCHLXX,,,1,2036,,,,,,1750.0
VariableCost,VGB,GLOBAL,PWRBCKCHLXX,,,1,2037,,,,,,1750.0
VariableCost,VGB,GLOBAL,PWRBCKCHLXX,,,1,2038,,,,,,1750.0
VariableCost,VGB,GLOBAL,PWRBCKCHLXX,,,1,2039,,,,,,1750.0
VariableCost,VGB,GLOBAL,PWRBCKCHLXX,,,1,2040,,,,,,1750.0
VariableCost,VGB,GLOBAL,PWRBCKCHLXX,,,1,2041,,,,,,1750.0
VariableCost,VGB,GLOBAL,PWRBCKCHLXX,,,1,2042,,,,,,1750.0
VariableCost,VGB,GLOBAL,PWRBCKCHLXX,,,1,2043,,,,,,1750.0
VariableCost,VGB,GLOBAL,PWRBCKCHLXX,,,1,2044,,,,,,1750.0
VariableCost,VGB,GLOBAL,PWRBCKCHLXX,,,1,2045,,,,,,1750.0
VariableCost,VGB,GLOBAL,PWRBCKCHLXX,,,1,2046,,,,,,1750.0
VariableCost,VGB,GLOBAL,PWRBCKCHLXX,,,1,2047,,,,,,1750.0
VariableCost,VGB,GLOBAL,PWRBCKCHLXX,,,1,2048,,,,,,1750.0
VariableCost,VGB,GLOBAL,PWRBCKCHLXX,,,1,2049,,,,,,1750.0
VariableCost,VGB,GLOBAL,PWRBCKCHLXX,,,1,2050,,,,,,1750.0
VariableCost,VGB,GLOBAL,PWRBCKCOLXX,,,1,2023,,,,,,1750.0
VariableCost,VGB,GLOBAL,PWRBCKCOLXX,,,1,2024,,,,,,1750.0
VariableCost,VGB,GLOBAL,PWRBCKCOLXX,,,1,2025,,,,,,1750.0
VariableCost,VGB,GLOBAL,PWRBCKCOLXX,,,1,2026,,,,,,1750.0
VariableCost,VGB,GLOBAL,PWRBCKCOLXX,,,1,2027,,,,,,1750.0
VariableCost,VGB,GLOBAL,PWRBCKCOLXX,,,1,2028,,,,,,1750.0
VariableCost,VGB,GLOBAL,PWRBCKCOLXX,,,1,2029,,,,,,1750.0
VariableCost,VGB,GLOBAL,PWRBCKCOLXX,,,1,2030,,,,,,1750.0
VariableCost,VGB,GLOBAL,PWRBCKCOLXX,,,1,2031,,,,,,1750.0
VariableCost,VGB,GLOBAL,PWRBCKCOLXX,,,1,2032,,,,,,1750.0
VariableCost,VGB,GLOBAL,PWRBCKCOLXX,,,1,2033,,,,,,1750.0
VariableCost,VGB,GLOBAL,PWRBCKCOLXX,,,1,2034,,,,,,1750.0
VariableCost,VGB,GLOBAL,PWRBCKCOLXX,,,1,2035,,,,,,1750.0
VariableCost,VGB,GLOBAL,PWRBCKCOLXX,,,1,2036,,,,,,1750.0
VariableCost,VGB,GLOBAL,PWRBCKCOLXX,,,1,2037,,,,,,1750.0
VariableCost,VGB,GLOBAL,PWRBCKCOLXX,,,1,2038,,,,,,1750.0
VariableCost,VGB,GLOBAL,PWRBCKCOLXX,,,1,2039,,,,,,1750.0
VariableCost,VGB,GLOBAL,PWRBCKCOLXX,,,1,2040,,,,,,1750.0
VariableCost,VGB,GLOBAL,PWRBCKCOLXX,,,1,2041,,,,,,1750.0
VariableCost,VGB,GLOBAL,PWRBCKCOLXX,,,1,2042,,,,,,1750.0
VariableCost,VGB,GLOBAL,PWRBCKCOLXX,,,1,2043,,,,,,1750.0
VariableCost,VGB,GLOBAL,PWRBCKCOLXX,,,1,2044,,,,,,1750.0
VariableCost,VGB,GLOBAL,PWRBCKCOLXX,,,1,2045,,,,,,1750.0
VariableCost,VGB,GLOBAL,PWRBCKCOLXX,,,1,2046,,,,,,1750.0
VariableCost,VGB,GLOBAL,PWRBCKCOLXX,,,1,2047,,,,,,1750.0
VariableCost,VGB,GLOBAL,PWRBCKCOLXX,,,1,2048,,,,,,1750.0
VariableCost,VGB,GLOBAL,PWRBCKCOLXX,,,1,2049,,,,,,1750.0
VariableCost,VGB,GLOBAL,PWRBCKCOLXX,,,1,2050,,,,,,1750.0
VariableCost,VGB,GLOBAL,PWRBCKCRIXX,,,1,2023,,,,,,1750.0
VariableCost,VGB,GLOBAL,PWRBCKCRIXX,,,1,2024,,,,,,1750.0
VariableCost,VGB,GLOBAL,PWRBCKCRIXX,,,1,2025,,,,,,1750.0
VariableCost,VGB,GLOBAL,PWRBCKCRIXX,,,1,2026,,,,,,1750.0
VariableCost,VGB,GLOBAL,PWRBCKCRIXX,,,1,2027,,,,,,1750.0
VariableCost,VGB,GLOBAL,PWRBCKCRIXX,,,1,2028,,,,,,1750.0
VariableCost,VGB,GLOBAL,PWRBCKCRIXX,,,1,2029,,,,,,1750.0
VariableCost,VGB,GLOBAL,PWRBCKCRIXX,,,1,2030,,,,,,1750.0
VariableCost,VGB,GLOBAL,PWRBCKCRIXX,,,1,2031,,,,,,1750.0
VariableCost,VGB,GLOBAL,PWRBCKCRIXX,,,1,2032,,,,,,1750.0
VariableCost,VGB,GLOBAL,PWRBCKCRIXX,,,1,2033,,,,,,1750.0
VariableCost,VGB,GLOBAL,PWRBCKCRIXX,,,1,2034,,,,,,1750.0
VariableCost,VGB,GLOBAL,PWRBCKCRIXX,,,1,2035,,,,,,1750.0
VariableCost,VGB,GLOBAL,PWRBCKCRIXX,,,1,2036,,,,,,1750.0
VariableCost,VGB,GLOBAL,PWRBCKCRIXX,,,1,2037,,,,,,1750.0
VariableCost,VGB,GLOBAL,PWRBCKCRIXX,,,1,2038,,,,,,1750.0
VariableCost,VGB,GLOBAL,PWRBCKCRIXX,,,1,2039,,,,,,1750.0
VariableCost,VGB,GLOBAL,PWRBCKCRIXX,,,1,2040,,,,,,1750.0
VariableCost,VGB,GLOBAL,PWRBCKCRIXX,,,1,2041,,,,,,1750.0
VariableCost,VGB,GLOBAL,PWRBCKCRIXX,,,1,2042,,,,,,1750.0
VariableCost,VGB,GLOBAL,PWRBCKCRIXX,,,1,2043,,,,,,1750.0
VariableCost,VGB,GLOBAL,PWRBCKCRIXX,,,1,2044,,,,,,1750.0
VariableCost,VGB,GLOBAL,PWRBCKCRIXX,,,1,2045,,,,,,1750.0
VariableCost,VGB,GLOBAL,PWRBCKCRIXX,,,1,2046,,,,,,1750.0
VariableCost,VGB,GLOBAL,PWRBCKCRIXX,,,1,2047,,,,,,1750.0
VariableCost,VGB,GLOBAL,PWRBCKCRIXX,,,1,2048,,,,,,1750.0
VariableCost,VGB,GLOBAL,PWRBCKCRIXX,,,1,2049,,,,,,1750.0
VariableCost,VGB,GLOBAL,PWRBCKCRIXX,,,1,2050,,,,,,1750.0
VariableCost,VGB,GLOBAL,PWRBCKDOMXX,,,1,2023,,,,,,1750.0
VariableCost,VGB,GLOBAL,PWRBCKDOMXX,,,1,2024,,,,,,1750.0
VariableCost,VGB,GLOBAL,PWRBCKDOMXX,,,1,2025,,,,,,1750.0
VariableCost,VGB,GLOBAL,PWRBCKDOMXX,,,1,2026,,,,,,1750.0
VariableCost,VGB,GLOBAL,PWRBCKDOMXX,,,1,2027,,,,,,1750.0
VariableCost,VGB,GLOBAL,PWRBCKDOMXX,,,1,2028,,,,,,1750.0
VariableCost,VGB,GLOBAL,PWRBCKDOMXX,,,1,2029,,,,,,1750.0
VariableCost,VGB,GLOBAL,PWRBCKDOMXX,,,1,2030,,,,,,1750.0
VariableCost,VGB,GLOBAL,PWRBCKDOMXX,,,1,2031,,,,,,1750.0
VariableCost,VGB,GLOBAL,PWRBCKDOMXX,,,1,2032,,,,,,1750.0
VariableCost,VGB,GLOBAL,PWRBCKDOMXX,,,1,2033,,,,,,1750.0
VariableCost,VGB,GLOBAL,PWRBCKDOMXX,,,1,2034,,,,,,1750.0
VariableCost,VGB,GLOBAL,PWRBCKDOMXX,,,1,2035,,,,,,1750.0
VariableCost,VGB,GLOBAL,PWRBCKDOMXX,,,1,2036,,,,,,1750.0
VariableCost,VGB,GLOBAL,PWRBCKDOMXX,,,1,2037,,,,,,1750.0
VariableCost,VGB,GLOBAL,PWRBCKDOMXX,,,1,2038,,,,,,1750.0
VariableCost,VGB,GLOBAL,PWRBCKDOMXX,,,1,2039,,,,,,1750.0
VariableCost,VGB,GLOBAL,PWRBCKDOMXX,,,1,2040,,,,,,1750.0
VariableCost,VGB,GLOBAL,PWRBCKDOMXX,,,1,2041,,,,,,1750.0
VariableCost,VGB,GLOBAL,PWRBCKDOMXX,,,1,2042,,,,,,1750.0
VariableCost,VGB,GLOBAL,PWRBCKDOMXX,,,1,2043,,,,,,1750.0
VariableCost,VGB,GLOBAL,PWRBCKDOMXX,,,1,2044,,,,,,1750.0
VariableCost,VGB,GLOBAL,PWRBCKDOMXX,,,1,2045,,,,,,1750.0
VariableCost,VGB,GLOBAL,PWRBCKDOMXX,,,1,2046,,,,,,1750.0
VariableCost,VGB,GLOBAL,PWRBCKDOMXX,,,1,2047,,,,,,1750.0
VariableCost,VGB,GLOBAL,PWRBCKDOMXX,,,1,2048,,,,,,1750.0
VariableCost,VGB,GLOBAL,PWRBCKDOMXX,,,1,2049,,,,,,1750.0
VariableCost,VGB,GLOBAL,PWRBCKDOMXX,,,1,2050,,,,,,1750.0
VariableCost,VGB,GLOBAL,PWRBCKECUXX,,,1,2023,,,,,,1750.0
VariableCost,VGB,GLOBAL,PWRBCKECUXX,,,1,2024,,,,,,1750.0
VariableCost,VGB,GLOBAL,PWRBCKECUXX,,,1,2025,,,,,,1750.0
VariableCost,VGB,GLOBAL,PWRBCKECUXX,,,1,2026,,,,,,1750.0
VariableCost,VGB,GLOBAL,PWRBCKECUXX,,,1,2027,,,,,,1750.0
VariableCost,VGB,GLOBAL,PWRBCKECUXX,,,1,2028,,,,,,1750.0
VariableCost,VGB,GLOBAL,PWRBCKECUXX,,,1,2029,,,,,,1750.0
VariableCost,VGB,GLOBAL,PWRBCKECUXX,,,1,2030,,,,,,1750.0
VariableCost,VGB,GLOBAL,PWRBCKECUXX,,,1,2031,,,,,,1750.0
VariableCost,VGB,GLOBAL,PWRBCKECUXX,,,1,2032,,,,,,1750.0
VariableCost,VGB,GLOBAL,PWRBCKECUXX,,,1,2033,,,,,,1750.0
VariableCost,VGB,GLOBAL,PWRBCKECUXX,,,1,2034,,,,,,1750.0
VariableCost,VGB,GLOBAL,PWRBCKECUXX,,,1,2035,,,,,,1750.0
VariableCost,VGB,GLOBAL,PWRBCKECUXX,,,1,2036,,,,,,1750.0
VariableCost,VGB,GLOBAL,PWRBCKECUXX,,,1,2037,,,,,,1750.0
VariableCost,VGB,GLOBAL,PWRBCKECUXX,,,1,2038,,,,,,1750.0
VariableCost,VGB,GLOBAL,PWRBCKECUXX,,,1,2039,,,,,,1750.0
VariableCost,VGB,GLOBAL,PWRBCKECUXX,,,1,2040,,,,,,1750.0
VariableCost,VGB,GLOBAL,PWRBCKECUXX,,,1,2041,,,,,,1750.0
VariableCost,VGB,GLOBAL,PWRBCKECUXX,,,1,2042,,,,,,1750.0
VariableCost,VGB,GLOBAL,PWRBCKECUXX,,,1,2043,,,,,,1750.0
VariableCost,VGB,GLOBAL,PWRBCKECUXX,,,1,2044,,,,,,1750.0
VariableCost,VGB,GLOBAL,PWRBCKECUXX,,,1,2045,,,,,,1750.0
VariableCost,VGB,GLOBAL,PWRBCKECUXX,,,1,2046,,,,,,1750.0
VariableCost,VGB,GLOBAL,PWRBCKECUXX,,,1,2047,,,,,,1750.0
VariableCost,VGB,GLOBAL,PWRBCKECUXX,,,1,2048,,,,,,1750.0
VariableCost,VGB,GLOBAL,PWRBCKECUXX,,,1,2049,,,,,,1750.0
VariableCost,VGB,GLOBAL,PWRBCKECUXX,,,1,2050,,,,,,1750.0
VariableCost,VGB,GLOBAL,PWRBCKGTMXX,,,1,2023,,,,,,1750.0
VariableCost,VGB,GLOBAL,PWRBCKGTMXX,,,1,2024,,,,,,1750.0
VariableCost,VGB,GLOBAL,PWRBCKGTMXX,,,1,2025,,,,,,1750.0
VariableCost,VGB,GLOBAL,PWRBCKGTMXX,,,1,2026,,,,,,1750.0
VariableCost,VGB,GLOBAL,PWRBCKGTMXX,,,1,2027,,,,,,1750.0
VariableCost,VGB,GLOBAL,PWRBCKGTMXX,,,1,2028,,,,,,1750.0
VariableCost,VGB,GLOBAL,PWRBCKGTMXX,,,1,2029,,,,,,1750.0
VariableCost,VGB,GLOBAL,PWRBCKGTMXX,,,1,2030,,,,,,1750.0
VariableCost,VGB,GLOBAL,PWRBCKGTMXX,,,1,2031,,,,,,1750.0
VariableCost,VGB,GLOBAL,PWRBCKGTMXX,,,1,2032,,,,,,1750.0
VariableCost,VGB,GLOBAL,PWRBCKGTMXX,,,1,2033,,,,,,1750.0
VariableCost,VGB,GLOBAL,PWRBCKGTMXX,,,1,2034,,,,,,1750.0
VariableCost,VGB,GLOBAL,PWRBCKGTMXX,,,1,2035,,,,,,1750.0
VariableCost,VGB,GLOBAL,PWRBCKGTMXX,,,1,2036,,,,,,1750.0
VariableCost,VGB,GLOBAL,PWRBCKGTMXX,,,1,2037,,,,,,1750.0
VariableCost,VGB,GLOBAL,PWRBCKGTMXX,,,1,2038,,,,,,1750.0
VariableCost,VGB,GLOBAL,PWRBCKGTMXX,,,1,2039,,,,,,1750.0
VariableCost,VGB,GLOBAL,PWRBCKGTMXX,,,1,2040,,,,,,1750.0
VariableCost,VGB,GLOBAL,PWRBCKGTMXX,,,1,2041,,,,,,1750.0
VariableCost,VGB,GLOBAL,PWRBCKGTMXX,,,1,2042,,,,,,1750.0
VariableCost,VGB,GLOBAL,PWRBCKGTMXX,,,1,2043,,,,,,1750.0
VariableCost,VGB,GLOBAL,PWRBCKGTMXX,,,1,2044,,,,,,1750.0
VariableCost,VGB,GLOBAL,PWRBCKGTMXX,,,1,2045,,,,,,1750.0
VariableCost,VGB,GLOBAL,PWRBCKGTMXX,,,1,2046,,,,,,1750.0
VariableCost,VGB,GLOBAL,PWRBCKGTMXX,,,1,2047,,,,,,1750.0
VariableCost,VGB,GLOBAL,PWRBCKGTMXX,,,1,2048,,,,,,1750.0
VariableCost,VGB,GLOBAL,PWRBCKGTMXX,,,1,2049,,,,,,1750.0
VariableCost,VGB,GLOBAL,PWRBCKGTMXX,,,1,2050,,,,,,1750.0
VariableCost,VGB,GLOBAL,PWRBCKHNDXX,,,1,2023,,,,,,1750.0
VariableCost,VGB,GLOBAL,PWRBCKHNDXX,,,1,2024,,,,,,1750.0
VariableCost,VGB,GLOBAL,PWRBCKHNDXX,,,1,2025,,,,,,1750.0
VariableCost,VGB,GLOBAL,PWRBCKHNDXX,,,1,2026,,,,,,1750.0
VariableCost,VGB,GLOBAL,PWRBCKHNDXX,,,1,2027,,,,,,1750.0
VariableCost,VGB,GLOBAL,PWRBCKHNDXX,,,1,2028,,,,,,1750.0
VariableCost,VGB,GLOBAL,PWRBCKHNDXX,,,1,2029,,,,,,1750.0
VariableCost,VGB,GLOBAL,PWRBCKHNDXX,,,1,2030,,,,,,1750.0
VariableCost,VGB,GLOBAL,PWRBCKHNDXX,,,1,2031,,,,,,1750.0
VariableCost,VGB,GLOBAL,PWRBCKHNDXX,,,1,2032,,,,,,1750.0
VariableCost,VGB,GLOBAL,PWRBCKHNDXX,,,1,2033,,,,,,1750.0
VariableCost,VGB,GLOBAL,PWRBCKHNDXX,,,1,2034,,,,,,1750.0
VariableCost,VGB,GLOBAL,PWRBCKHNDXX,,,1,2035,,,,,,1750.0
VariableCost,VGB,GLOBAL,PWRBCKHNDXX,,,1,2036,,,,,,1750.0
VariableCost,VGB,GLOBAL,PWRBCKHNDXX,,,1,2037,,,,,,1750.0
VariableCost,VGB,GLOBAL,PWRBCKHNDXX,,,1,2038,,,,,,1750.0
VariableCost,VGB,GLOBAL,PWRBCKHNDXX,,,1,2039,,,,,,1750.0
VariableCost,VGB,GLOBAL,PWRBCKHNDXX,,,1,2040,,,,,,1750.0
VariableCost,VGB,GLOBAL,PWRBCKHNDXX,,,1,2041,,,,,,1750.0
VariableCost,VGB,GLOBAL,PWRBCKHNDXX,,,1,2042,,,,,,1750.0
VariableCost,VGB,GLOBAL,PWRBCKHNDXX,,,1,2043,,,,,,1750.0
VariableCost,VGB,GLOBAL,PWRBCKHNDXX,,,1,2044,,,,,,1750.0
VariableCost,VGB,GLOBAL,PWRBCKHNDXX,,,1,2045,,,,,,1750.0
VariableCost,VGB,GLOBAL,PWRBCKHNDXX,,,1,2046,,,,,,1750.0
VariableCost,VGB,GLOBAL,PWRBCKHNDXX,,,1,2047,,,,,,1750.0
VariableCost,VGB,GLOBAL,PWRBCKHNDXX,,,1,2048,,,,,,1750.0
VariableCost,VGB,GLOBAL,PWRBCKHNDXX,,,1,2049,,,,,,1750.0
VariableCost,VGB,GLOBAL,PWRBCKHNDXX,,,1,2050,,,,,,1750.0
VariableCost,VGB,GLOBAL,PWRBCKHTIXX,,,1,2023,,,,,,1750.0
VariableCost,VGB,GLOBAL,PWRBCKHTIXX,,,1,2024,,,,,,1750.0
VariableCost,VGB,GLOBAL,PWRBCKHTIXX,,,1,2025,,,,,,1750.0
VariableCost,VGB,GLOBAL,PWRBCKHTIXX,,,1,2026,,,,,,1750.0
VariableCost,VGB,GLOBAL,PWRBCKHTIXX,,,1,2027,,,,,,1750.0
VariableCost,VGB,GLOBAL,PWRBCKHTIXX,,,1,2028,,,,,,1750.0
VariableCost,VGB,GLOBAL,PWRBCKHTIXX,,,1,2029,,,,,,1750.0
VariableCost,VGB,GLOBAL,PWRBCKHTIXX,,,1,2030,,,,,,1750.0
VariableCost,VGB,GLOBAL,PWRBCKHTIXX,,,1,2031,,,,,,1750.0
VariableCost,VGB,GLOBAL,PWRBCKHTIXX,,,1,2032,,,,,,1750.0
VariableCost,VGB,GLOBAL,PWRBCKHTIXX,,,1,2033,,,,,,1750.0
VariableCost,VGB,GLOBAL,PWRBCKHTIXX,,,1,2034,,,,,,1750.0
VariableCost,VGB,GLOBAL,PWRBCKHTIXX,,,1,2035,,,,,,1750.0
VariableCost,VGB,GLOBAL,PWRBCKHTIXX,,,1,2036,,,,,,1750.0
VariableCost,VGB,GLOBAL,PWRBCKHTIXX,,,1,2037,,,,,,1750.0
VariableCost,VGB,GLOBAL,PWRBCKHTIXX,,,1,2038,,,,,,1750.0
VariableCost,VGB,GLOBAL,PWRBCKHTIXX,,,1,2039,,,,,,1750.0
VariableCost,VGB,GLOBAL,PWRBCKHTIXX,,,1,2040,,,,,,1750.0
VariableCost,VGB,GLOBAL,PWRBCKHTIXX,,,1,2041,,,,,,1750.0
VariableCost,VGB,GLOBAL,PWRBCKHTIXX,,,1,2042,,,,,,1750.0
VariableCost,VGB,GLOBAL,PWRBCKHTIXX,,,1,2043,,,,,,1750.0
VariableCost,VGB,GLOBAL,PWRBCKHTIXX,,,1,2044,,,,,,1750.0
VariableCost,VGB,GLOBAL,PWRBCKHTIXX,,,1,2045,,,,,,1750.0
VariableCost,VGB,GLOBAL,PWRBCKHTIXX,,,1,2046,,,,,,1750.0
VariableCost,VGB,GLOBAL,PWRBCKHTIXX,,,1,2047,,,,,,1750.0
VariableCost,VGB,GLOBAL,PWRBCKHTIXX,,,1,2048,,,,,,1750.0
VariableCost,VGB,GLOBAL,PWRBCKHTIXX,,,1,2049,,,,,,1750.0
VariableCost,VGB,GLOBAL,PWRBCKHTIXX,,,1,2050,,,,,,1750.0
VariableCost,VGB,GLOBAL,PWRBCKMEXXX,,,1,2023,,,,,,1750.0
VariableCost,VGB,GLOBAL,PWRBCKMEXXX,,,1,2024,,,,,,1750.0
VariableCost,VGB,GLOBAL,PWRBCKMEXXX,,,1,2025,,,,,,1750.0
VariableCost,VGB,GLOBAL,PWRBCKMEXXX,,,1,2026,,,,,,1750.0
VariableCost,VGB,GLOBAL,PWRBCKMEXXX,,,1,2027,,,,,,1750.0
VariableCost,VGB,GLOBAL,PWRBCKMEXXX,,,1,2028,,,,,,1750.0
VariableCost,VGB,GLOBAL,PWRBCKMEXXX,,,1,2029,,,,,,1750.0
VariableCost,VGB,GLOBAL,PWRBCKMEXXX,,,1,2030,,,,,,1750.0
VariableCost,VGB,GLOBAL,PWRBCKMEXXX,,,1,2031,,,,,,1750.0
VariableCost,VGB,GLOBAL,PWRBCKMEXXX,,,1,2032,,,,,,1750.0
VariableCost,VGB,GLOBAL,PWRBCKMEXXX,,,1,2033,,,,,,1750.0
VariableCost,VGB,GLOBAL,PWRBCKMEXXX,,,1,2034,,,,,,1750.0
VariableCost,VGB,GLOBAL,PWRBCKMEXXX,,,1,2035,,,,,,1750.0
VariableCost,VGB,GLOBAL,PWRBCKMEXXX,,,1,2036,,,,,,1750.0
VariableCost,VGB,GLOBAL,PWRBCKMEXXX,,,1,2037,,,,,,1750.0
VariableCost,VGB,GLOBAL,PWRBCKMEXXX,,,1,2038,,,,,,1750.0
VariableCost,VGB,GLOBAL,PWRBCKMEXXX,,,1,2039,,,,,,1750.0
VariableCost,VGB,GLOBAL,PWRBCKMEXXX,,,1,2040,,,,,,1750.0
VariableCost,VGB,GLOBAL,PWRBCKMEXXX,,,1,2041,,,,,,1750.0
VariableCost,VGB,GLOBAL,PWRBCKMEXXX,,,1,2042,,,,,,1750.0
VariableCost,VGB,GLOBAL,PWRBCKMEXXX,,,1,2043,,,,,,1750.0
VariableCost,VGB,GLOBAL,PWRBCKMEXXX,,,1,2044,,,,,,1750.0
VariableCost,VGB,GLOBAL,PWRBCKMEXXX,,,1,2045,,,,,,1750.0
VariableCost,VGB,GLOBAL,PWRBCKMEXXX,,,1,2046,,,,,,1750.0
VariableCost,VGB,GLOBAL,PWRBCKMEXXX,,,1,2047,,,,,,1750.0
VariableCost,VGB,GLOBAL,PWRBCKMEXXX,,,1,2048,,,,,,1750.0
VariableCost,VGB,GLOBAL,PWRBCKMEXXX,,,1,2049,,,,,,1750.0
VariableCost,VGB,GLOBAL,PWRBCKMEXXX,,,1,2050,,,,,,1750.0
VariableCost,VGB,GLOBAL,PWRBCKNICXX,,,1,2023,,,,,,1750.0
VariableCost,VGB,GLOBAL,PWRBCKNICXX,,,1,2024,,,,,,1750.0
VariableCost,VGB,GLOBAL,PWRBCKNICXX,,,1,2025,,,,,,1750.0
VariableCost,VGB,GLOBAL,PWRBCKNICXX,,,1,2026,,,,,,1750.0
VariableCost,VGB,GLOBAL,PWRBCKNICXX,,,1,2027,,,,,,1750.0
VariableCost,VGB,GLOBAL,PWRBCKNICXX,,,1,2028,,,,,,1750.0
VariableCost,VGB,GLOBAL,PWRBCKNICXX,,,1,2029,,,,,,1750.0
VariableCost,VGB,GLOBAL,PWRBCKNICXX,,,1,2030,,,,,,1750.0
VariableCost,VGB,GLOBAL,PWRBCKNICXX,,,1,2031,,,,,,1750.0
VariableCost,VGB,GLOBAL,PWRBCKNICXX,,,1,2032,,,,,,1750.0
VariableCost,VGB,GLOBAL,PWRBCKNICXX,,,1,2033,,,,,,1750.0
VariableCost,VGB,GLOBAL,PWRBCKNICXX,,,1,2034,,,,,,1750.0
VariableCost,VGB,GLOBAL,PWRBCKNICXX,,,1,2035,,,,,,1750.0
VariableCost,VGB,GLOBAL,PWRBCKNICXX,,,1,2036,,,,,,1750.0
VariableCost,VGB,GLOBAL,PWRBCKNICXX,,,1,2037,,,,,,1750.0
VariableCost,VGB,GLOBAL,PWRBCKNICXX,,,1,2038,,,,,,1750.0
VariableCost,VGB,GLOBAL,PWRBCKNICXX,,,1,2039,,,,,,1750.0
VariableCost,VGB,GLOBAL,PWRBCKNICXX,,,1,2040,,,,,,1750.0
VariableCost,VGB,GLOBAL,PWRBCKNICXX,,,1,2041,,,,,,1750.0
VariableCost,VGB,GLOBAL,PWRBCKNICXX,,,1,2042,,,,,,1750.0
VariableCost,VGB,GLOBAL,PWRBCKNICXX,,,1,2043,,,,,,1750.0
VariableCost,VGB,GLOBAL,PWRBCKNICXX,,,1,2044,,,,,,1750.0
VariableCost,VGB,GLOBAL,PWRBCKNICXX,,,1,2045,,,,,,1750.0
VariableCost,VGB,GLOBAL,PWRBCKNICXX,,,1,2046,,,,,,1750.0
VariableCost,VGB,GLOBAL,PWRBCKNICXX,,,1,2047,,,,,,1750.0
VariableCost,VGB,GLOBAL,PWRBCKNICXX,,,1,2048,,,,,,1750.0
VariableCost,VGB,GLOBAL,PWRBCKNICXX,,,1,2049,,,,,,1750.0
VariableCost,VGB,GLOBAL,PWRBCKNICXX,,,1,2050,,,,,,1750.0
VariableCost,VGB,GLOBAL,PWRBCKPANXX,,,1,2023,,,,,,1750.0
VariableCost,VGB,GLOBAL,PWRBCKPANXX,,,1,2024,,,,,,1750.0
VariableCost,VGB,GLOBAL,PWRBCKPANXX,,,1,2025,,,,,,1750.0
VariableCost,VGB,GLOBAL,PWRBCKPANXX,,,1,2026,,,,,,1750.0
VariableCost,VGB,GLOBAL,PWRBCKPANXX,,,1,2027,,,,,,1750.0
VariableCost,VGB,GLOBAL,PWRBCKPANXX,,,1,2028,,,,,,1750.0
VariableCost,VGB,GLOBAL,PWRBCKPANXX,,,1,2029,,,,,,1750.0
VariableCost,VGB,GLOBAL,PWRBCKPANXX,,,1,2030,,,,,,1750.0
VariableCost,VGB,GLOBAL,PWRBCKPANXX,,,1,2031,,,,,,1750.0
VariableCost,VGB,GLOBAL,PWRBCKPANXX,,,1,2032,,,,,,1750.0
VariableCost,VGB,GLOBAL,PWRBCKPANXX,,,1,2033,,,,,,1750.0
VariableCost,VGB,GLOBAL,PWRBCKPANXX,,,1,2034,,,,,,1750.0
VariableCost,VGB,GLOBAL,PWRBCKPANXX,,,1,2035,,,,,,1750.0
VariableCost,VGB,GLOBAL,PWRBCKPANXX,,,1,2036,,,,,,1750.0
VariableCost,VGB,GLOBAL,PWRBCKPANXX,,,1,2037,,,,,,1750.0
VariableCost,VGB,GLOBAL,PWRBCKPANXX,,,1,2038,,,,,,1750.0
VariableCost,VGB,GLOBAL,PWRBCKPANXX,,,1,2039,,,,,,1750.0
VariableCost,VGB,GLOBAL,PWRBCKPANXX,,,1,2040,,,,,,1750.0
VariableCost,VGB,GLOBAL,PWRBCKPANXX,,,1,2041,,,,,,1750.0
VariableCost,VGB,GLOBAL,PWRBCKPANXX,,,1,2042,,,,,,1750.0
VariableCost,VGB,GLOBAL,PWRBCKPANXX,,,1,2043,,,,,,1750.0
VariableCost,VGB,GLOBAL,PWRBCKPANXX,,,1,2044,,,,,,1750.0
VariableCost,VGB,GLOBAL,PWRBCKPANXX,,,1,2045,,,,,,1750.0
VariableCost,VGB,GLOBAL,PWRBCKPANXX,,,1,2046,,,,,,1750.0
VariableCost,VGB,GLOBAL,PWRBCKPANXX,,,1,2047,,,,,,1750.0
VariableCost,VGB,GLOBAL,PWRBCKPANXX,,,1,2048,,,,,,1750.0
VariableCost,VGB,GLOBAL,PWRBCKPANXX,,,1,2049,,,,,,1750.0
VariableCost,VGB,GLOBAL,PWRBCKPANXX,,,1,2050,,,,,,1750.0
VariableCost,VGB,GLOBAL,PWRBCKPERXX,,,1,2023,,,,,,1750.0
VariableCost,VGB,GLOBAL,PWRBCKPERXX,,,1,2024,,,,,,1750.0
VariableCost,VGB,GLOBAL,PWRBCKPERXX,,,1,2025,,,,,,1750.0
VariableCost,VGB,GLOBAL,PWRBCKPERXX,,,1,2026,,,,,,1750.0
VariableCost,VGB,GLOBAL,PWRBCKPERXX,,,1,2027,,,,,,1750.0
VariableCost,VGB,GLOBAL,PWRBCKPERXX,,,1,2028,,,,,,1750.0
VariableCost,VGB,GLOBAL,PWRBCKPERXX,,,1,2029,,,,,,1750.0
VariableCost,VGB,GLOBAL,PWRBCKPERXX,,,1,2030,,,,,,1750.0
VariableCost,VGB,GLOBAL,PWRBCKPERXX,,,1,2031,,,,,,1750.0
VariableCost,VGB,GLOBAL,PWRBCKPERXX,,,1,2032,,,,,,1750.0
VariableCost,VGB,GLOBAL,PWRBCKPERXX,,,1,2033,,,,,,1750.0
VariableCost,VGB,GLOBAL,PWRBCKPERXX,,,1,2034,,,,,,1750.0
VariableCost,VGB,GLOBAL,PWRBCKPERXX,,,1,2035,,,,,,1750.0
VariableCost,VGB,GLOBAL,PWRBCKPERXX,,,1,2036,,,,,,1750.0
VariableCost,VGB,GLOBAL,PWRBCKPERXX,,,1,2037,,,,,,1750.0
VariableCost,VGB,GLOBAL,PWRBCKPERXX,,,1,2038,,,,,,1750.0
VariableCost,VGB,GLOBAL,PWRBCKPERXX,,,1,2039,,,,,,1750.0
VariableCost,VGB,GLOBAL,PWRBCKPERXX,,,1,2040,,,,,,1750.0
VariableCost,VGB,GLOBAL,PWRBCKPERXX,,,1,2041,,,,,,1750.0
VariableCost,VGB,GLOBAL,PWRBCKPERXX,,,1,2042,,,,,,1750.0
VariableCost,VGB,GLOBAL,PWRBCKPERXX,,,1,2043,,,,,,1750.0
VariableCost,VGB,GLOBAL,PWRBCKPERXX,,,1,2044,,,,,,1750.0
VariableCost,VGB,GLOBAL,PWRBCKPERXX,,,1,2045,,,,,,1750.0
VariableCost,VGB,GLOBAL,PWRBCKPERXX,,,1,2046,,,,,,1750.0
VariableCost,VGB,GLOBAL,PWRBCKPERXX,,,1,2047,,,,,,1750.0
VariableCost,VGB,GLOBAL,PWRBCKPERXX,,,1,2048,,,,,,1750.0
VariableCost,VGB,GLOBAL,PWRBCKPERXX,,,1,2049,,,,,,1750.0
VariableCost,VGB,GLOBAL,PWRBCKPERXX,,,1,2050,,,,,,1750.0
VariableCost,VGB,GLOBAL,PWRBCKPRYXX,,,1,2023,,,,,,1750.0
VariableCost,VGB,GLOBAL,PWRBCKPRYXX,,,1,2024,,,,,,1750.0
VariableCost,VGB,GLOBAL,PWRBCKPRYXX,,,1,2025,,,,,,1750.0
VariableCost,VGB,GLOBAL,PWRBCKPRYXX,,,1,2026,,,,,,1750.0
VariableCost,VGB,GLOBAL,PWRBCKPRYXX,,,1,2027,,,,,,1750.0
VariableCost,VGB,GLOBAL,PWRBCKPRYXX,,,1,2028,,,,,,1750.0
VariableCost,VGB,GLOBAL,PWRBCKPRYXX,,,1,2029,,,,,,1750.0
VariableCost,VGB,GLOBAL,PWRBCKPRYXX,,,1,2030,,,,,,1750.0
VariableCost,VGB,GLOBAL,PWRBCKPRYXX,,,1,2031,,,,,,1750.0
VariableCost,VGB,GLOBAL,PWRBCKPRYXX,,,1,2032,,,,,,1750.0
VariableCost,VGB,GLOBAL,PWRBCKPRYXX,,,1,2033,,,,,,1750.0
VariableCost,VGB,GLOBAL,PWRBCKPRYXX,,,1,2034,,,,,,1750.0
VariableCost,VGB,GLOBAL,PWRBCKPRYXX,,,1,2035,,,,,,1750.0
VariableCost,VGB,GLOBAL,PWRBCKPRYXX,,,1,2036,,,,,,1750.0
VariableCost,VGB,GLOBAL,PWRBCKPRYXX,,,1,2037,,,,,,1750.0
VariableCost,VGB,GLOBAL,PWRBCKPRYXX,,,1,2038,,,,,,1750.0
VariableCost,VGB,GLOBAL,PWRBCKPRYXX,,,1,2039,,,,,,1750.0
VariableCost,VGB,GLOBAL,PWRBCKPRYXX,,,1,2040,,,,,,1750.0
VariableCost,VGB,GLOBAL,PWRBCKPRYXX,,,1,2041,,,,,,1750.0
VariableCost,VGB,GLOBAL,PWRBCKPRYXX,,,1,2042,,,,,,1750.0
VariableCost,VGB,GLOBAL,PWRBCKPRYXX,,,1,2043,,,,,,1750.0
VariableCost,VGB,GLOBAL,PWRBCKPRYXX,,,1,2044,,,,,,1750.0
VariableCost,VGB,GLOBAL,PWRBCKPRYXX,,,1,2045,,,,,,1750.0
VariableCost,VGB,GLOBAL,PWRBCKPRYXX,,,1,2046,,,,,,1750.0
VariableCost,VGB,GLOBAL,PWRBCKPRYXX,,,1,2047,,,,,,1750.0
VariableCost,VGB,GLOBAL,PWRBCKPRYXX,,,1,2048,,,,,,1750.0
VariableCost,VGB,GLOBAL,PWRBCKPRYXX,,,1,2049,,,,,,1750.0
VariableCost,VGB,GLOBAL,PWRBCKPRYXX,,,1,2050,,,,,,1750.0
VariableCost,VGB,GLOBAL,PWRBCKSLVXX,,,1,2023,,,,,,1750.0
VariableCost,VGB,GLOBAL,PWRBCKSLVXX,,,1,2024,,,,,,1750.0
VariableCost,VGB,GLOBAL,PWRBCKSLVXX,,,1,2025,,,,,,1750.0
VariableCost,VGB,GLOBAL,PWRBCKSLVXX,,,1,2026,,,,,,1750.0
VariableCost,VGB,GLOBAL,PWRBCKSLVXX,,,1,2027,,,,,,1750.0
VariableCost,VGB,GLOBAL,PWRBCKSLVXX,,,1,2028,,,,,,1750.0
VariableCost,VGB,GLOBAL,PWRBCKSLVXX,,,1,2029,,,,,,1750.0
VariableCost,VGB,GLOBAL,PWRBCKSLVXX,,,1,2030,,,,,,1750.0
VariableCost,VGB,GLOBAL,PWRBCKSLVXX,,,1,2031,,,,,,1750.0
VariableCost,VGB,GLOBAL,PWRBCKSLVXX,,,1,2032,,,,,,1750.0
VariableCost,VGB,GLOBAL,PWRBCKSLVXX,,,1,2033,,,,,,1750.0
VariableCost,VGB,GLOBAL,PWRBCKSLVXX,,,1,2034,,,,,,1750.0
VariableCost,VGB,GLOBAL,PWRBCKSLVXX,,,1,2035,,,,,,1750.0
VariableCost,VGB,GLOBAL,PWRBCKSLVXX,,,1,2036,,,,,,1750.0
VariableCost,VGB,GLOBAL,PWRBCKSLVXX,,,1,2037,,,,,,1750.0
VariableCost,VGB,GLOBAL,PWRBCKSLVXX,,,1,2038,,,,,,1750.0
VariableCost,VGB,GLOBAL,PWRBCKSLVXX,,,1,2039,,,,,,1750.0
VariableCost,VGB,GLOBAL,PWRBCKSLVXX,,,1,2040,,,,,,1750.0
VariableCost,VGB,GLOBAL,PWRBCKSLVXX,,,1,2041,,,,,,1750.0
VariableCost,VGB,GLOBAL,PWRBCKSLVXX,,,1,2042,,,,,,1750.0
VariableCost,VGB,GLOBAL,PWRBCKSLVXX,,,1,2043,,,,,,1750.0
VariableCost,VGB,GLOBAL,PWRBCKSLVXX,,,1,2044,,,,,,1750.0
VariableCost,VGB,GLOBAL,PWRBCKSLVXX,,,1,2045,,,,,,1750.0
VariableCost,VGB,GLOBAL,PWRBCKSLVXX,,,1,2046,,,,,,1750.0
VariableCost,VGB,GLOBAL,PWRBCKSLVXX,,,1,2047,,,,,,1750.0
VariableCost,VGB,GLOBAL,PWRBCKSLVXX,,,1,2048,,,,,,1750.0
VariableCost,VGB,GLOBAL,PWRBCKSLVXX,,,1,2049,,,,,,1750.0
VariableCost,VGB,GLOBAL,PWRBCKSLVXX,,,1,2050,,,,,,1750.0
VariableCost,VGB,GLOBAL,PWRBCKURYXX,,,1,2023,,,,,,1750.0
VariableCost,VGB,GLOBAL,PWRBCKURYXX,,,1,2024,,,,,,1750.0
VariableCost,VGB,GLOBAL,PWRBCKURYXX,,,1,2025,,,,,,1750.0
VariableCost,VGB,GLOBAL,PWRBCKURYXX,,,1,2026,,,,,,1750.0
VariableCost,VGB,GLOBAL,PWRBCKURYXX,,,1,2027,,,,,,1750.0
VariableCost,VGB,GLOBAL,PWRBCKURYXX,,,1,2028,,,,,,1750.0
VariableCost,VGB,GLOBAL,PWRBCKURYXX,,,1,2029,,,,,,1750.0
VariableCost,VGB,GLOBAL,PWRBCKURYXX,,,1,2030,,,,,,1750.0
VariableCost,VGB,GLOBAL,PWRBCKURYXX,,,1,2031,,,,,,1750.0
VariableCost,VGB,GLOBAL,PWRBCKURYXX,,,1,2032,,,,,,1750.0
VariableCost,VGB,GLOBAL,PWRBCKURYXX,,,1,2033,,,,,,1750.0
VariableCost,VGB,GLOBAL,PWRBCKURYXX,,,1,2034,,,,,,1750.0
VariableCost,VGB,GLOBAL,PWRBCKURYXX,,,1,2035,,,,,,1750.0
VariableCost,VGB,GLOBAL,PWRBCKURYXX,,,1,2036,,,,,,1750.0
VariableCost,VGB,GLOBAL,PWRBCKURYXX,,,1,2037,,,,,,1750.0
VariableCost,VGB,GLOBAL,PWRBCKURYXX,,,1,2038,,,,,,1750.0
VariableCost,VGB,GLOBAL,PWRBCKURYXX,,,1,2039,,,,,,1750.0
VariableCost,VGB,GLOBAL,PWRBCKURYXX,,,1,2040,,,,,,1750.0
VariableCost,VGB,GLOBAL,PWRBCKURYXX,,,1,2041,,,,,,1750.0
VariableCost,VGB,GLOBAL,PWRBCKURYXX,,,1,2042,,,,,,1750.0
VariableCost,VGB,GLOBAL,PWRBCKURYXX,,,1,2043,,,,,,1750.0
VariableCost,VGB,GLOBAL,PWRBCKURYXX,,,1,2044,,,,,,1750.0
VariableCost,VGB,GLOBAL,PWRBCKURYXX,,,1,2045,,,,,,1750.0
VariableCost,VGB,GLOBAL,PWRBCKURYXX,,,1,2046,,,,,,1750.0
VariableCost,VGB,GLOBAL,PWRBCKURYXX,,,1,2047,,,,,,1750.0
VariableCost,VGB,GLOBAL,PWRBCKURYXX,,,1,2048,,,,,,1750.0
VariableCost,VGB,GLOBAL,PWRBCKURYXX,,,1,2049,,,,,,1750.0
VariableCost,VGB,GLOBAL,PWRBCKURYXX,,,1,2050,,,,,,1750.0
VariableCost,VGB,GLOBAL,PWRLDSARGXX,,,2,2023,,,,,,0.0139
VariableCost,VGB,GLOBAL,PWRLDSARGXX,,,2,2024,,,,,,0.0139
VariableCost,VGB,GLOBAL,PWRLDSARGXX,,,2,2025,,,,,,0.0139
VariableCost,VGB,GLOBAL,PWRLDSARGXX,,,2,2026,,,,,,0.0139
VariableCost,VGB,GLOBAL,PWRLDSARGXX,,,2,2027,,,,,,0.0139
VariableCost,VGB,GLOBAL,PWRLDSARGXX,,,2,2028,,,,,,0.0139
VariableCost,VGB,GLOBAL,PWRLDSARGXX,,,2,2029,,,,,,0.0139
VariableCost,VGB,GLOBAL,PWRLDSARGXX,,,2,2030,,,,,,0.0139
VariableCost,VGB,GLOBAL,PWRLDSARGXX,,,2,2031,,,,,,0.0139
VariableCost,VGB,GLOBAL,PWRLDSARGXX,,,2,2032,,,,,,0.0139
VariableCost,VGB,GLOBAL,PWRLDSARGXX,,,2,2033,,,,,,0.0139
VariableCost,VGB,GLOBAL,PWRLDSARGXX,,,2,2034,,,,,,0.0139
VariableCost,VGB,GLOBAL,PWRLDSARGXX,,,2,2035,,,,,,0.0139
VariableCost,VGB,GLOBAL,PWRLDSARGXX,,,2,2036,,,,,,0.0139
VariableCost,VGB,GLOBAL,PWRLDSARGXX,,,2,2037,,,,,,0.0139
VariableCost,VGB,GLOBAL,PWRLDSARGXX,,,2,2038,,,,,,0.0139
VariableCost,VGB,GLOBAL,PWRLDSARGXX,,,2,2039,,,,,,0.0139
VariableCost,VGB,GLOBAL,PWRLDSARGXX,,,2,2040,,,,,,0.0139
VariableCost,VGB,GLOBAL,PWRLDSARGXX,,,2,2041,,,,,,0.0139
VariableCost,VGB,GLOBAL,PWRLDSARGXX,,,2,2042,,,,,,0.0139
VariableCost,VGB,GLOBAL,PWRLDSARGXX,,,2,2043,,,,,,0.0139
VariableCost,VGB,GLOBAL,PWRLDSARGXX,,,2,2044,,,,,,0.0139
VariableCost,VGB,GLOBAL,PWRLDSARGXX,,,2,2045,,,,,,0.0139
VariableCost,VGB,GLOBAL,PWRLDSARGXX,,,2,2046,,,,,,0.0139
VariableCost,VGB,GLOBAL,PWRLDSARGXX,,,2,2047,,,,,,0.0139
VariableCost,VGB,GLOBAL,PWRLDSARGXX,,,2,2048,,,,,,0.0139
VariableCost,VGB,GLOBAL,PWRLDSARGXX,,,2,2049,,,,,,0.0139
VariableCost,VGB,GLOBAL,PWRLDSARGXX,,,2,2050,,,,,,0.0139
VariableCost,VGB,GLOBAL,PWRLDSBOLXX,,,2,2023,,,,,,0.0139
VariableCost,VGB,GLOBAL,PWRLDSBOLXX,,,2,2024,,,,,,0.0139
VariableCost,VGB,GLOBAL,PWRLDSBOLXX,,,2,2025,,,,,,0.0139
VariableCost,VGB,GLOBAL,PWRLDSBOLXX,,,2,2026,,,,,,0.0139
VariableCost,VGB,GLOBAL,PWRLDSBOLXX,,,2,2027,,,,,,0.0139
VariableCost,VGB,GLOBAL,PWRLDSBOLXX,,,2,2028,,,,,,0.0139
VariableCost,VGB,GLOBAL,PWRLDSBOLXX,,,2,2029,,,,,,0.0139
VariableCost,VGB,GLOBAL,PWRLDSBOLXX,,,2,2030,,,,,,0.0139
VariableCost,VGB,GLOBAL,PWRLDSBOLXX,,,2,2031,,,,,,0.0139
VariableCost,VGB,GLOBAL,PWRLDSBOLXX,,,2,2032,,,,,,0.0139
VariableCost,VGB,GLOBAL,PWRLDSBOLXX,,,2,2033,,,,,,0.0139
VariableCost,VGB,GLOBAL,PWRLDSBOLXX,,,2,2034,,,,,,0.0139
VariableCost,VGB,GLOBAL,PWRLDSBOLXX,,,2,2035,,,,,,0.0139
VariableCost,VGB,GLOBAL,PWRLDSBOLXX,,,2,2036,,,,,,0.0139
VariableCost,VGB,GLOBAL,PWRLDSBOLXX,,,2,2037,,,,,,0.0139
VariableCost,VGB,GLOBAL,PWRLDSBOLXX,,,2,2038,,,,,,0.0139
VariableCost,VGB,GLOBAL,PWRLDSBOLXX,,,2,2039,,,,,,0.0139
VariableCost,VGB,GLOBAL,PWRLDSBOLXX,,,2,2040,,,,,,0.0139
VariableCost,VGB,GLOBAL,PWRLDSBOLXX,,,2,2041,,,,,,0.0139
VariableCost,VGB,GLOBAL,PWRLDSBOLXX,,,2,2042,,,,,,0.0139
VariableCost,VGB,GLOBAL,PWRLDSBOLXX,,,2,2043,,,,,,0.0139
VariableCost,VGB,GLOBAL,PWRLDSBOLXX,,,2,2044,,,,,,0.0139
VariableCost,VGB,GLOBAL,PWRLDSBOLXX,,,2,2045,,,,,,0.0139
VariableCost,VGB,GLOBAL,PWRLDSBOLXX,,,2,2046,,,,,,0.0139
VariableCost,VGB,GLOBAL,PWRLDSBOLXX,,,2,2047,,,,,,0.0139
VariableCost,VGB,GLOBAL,PWRLDSBOLXX,,,2,2048,,,,,,0.0139
VariableCost,VGB,GLOBAL,PWRLDSBOLXX,,,2,2049,,,,,,0.0139
VariableCost,VGB,GLOBAL,PWRLDSBOLXX,,,2,2050,,,,,,0.0139
VariableCost,VGB,GLOBAL,PWRLDSBRAXX,,,2,2023,,,,,,0.0139
VariableCost,VGB,GLOBAL,PWRLDSBRAXX,,,2,2024,,,,,,0.0139
VariableCost,VGB,GLOBAL,PWRLDSBRAXX,,,2,2025,,,,,,0.0139
VariableCost,VGB,GLOBAL,PWRLDSBRAXX,,,2,2026,,,,,,0.0139
VariableCost,VGB,GLOBAL,PWRLDSBRAXX,,,2,2027,,,,,,0.0139
VariableCost,VGB,GLOBAL,PWRLDSBRAXX,,,2,2028,,,,,,0.0139
VariableCost,VGB,GLOBAL,PWRLDSBRAXX,,,2,2029,,,,,,0.0139
VariableCost,VGB,GLOBAL,PWRLDSBRAXX,,,2,2030,,,,,,0.0139
VariableCost,VGB,GLOBAL,PWRLDSBRAXX,,,2,2031,,,,,,0.0139
VariableCost,VGB,GLOBAL,PWRLDSBRAXX,,,2,2032,,,,,,0.0139
VariableCost,VGB,GLOBAL,PWRLDSBRAXX,,,2,2033,,,,,,0.0139
VariableCost,VGB,GLOBAL,PWRLDSBRAXX,,,2,2034,,,,,,0.0139
VariableCost,VGB,GLOBAL,PWRLDSBRAXX,,,2,2035,,,,,,0.0139
VariableCost,VGB,GLOBAL,PWRLDSBRAXX,,,2,2036,,,,,,0.0139
VariableCost,VGB,GLOBAL,PWRLDSBRAXX,,,2,2037,,,,,,0.0139
VariableCost,VGB,GLOBAL,PWRLDSBRAXX,,,2,2038,,,,,,0.0139
VariableCost,VGB,GLOBAL,PWRLDSBRAXX,,,2,2039,,,,,,0.0139
VariableCost,VGB,GLOBAL,PWRLDSBRAXX,,,2,2040,,,,,,0.0139
VariableCost,VGB,GLOBAL,PWRLDSBRAXX,,,2,2041,,,,,,0.0139
VariableCost,VGB,GLOBAL,PWRLDSBRAXX,,,2,2042,,,,,,0.0139
VariableCost,VGB,GLOBAL,PWRLDSBRAXX,,,2,2043,,,,,,0.0139
VariableCost,VGB,GLOBAL,PWRLDSBRAXX,,,2,2044,,,,,,0.0139
VariableCost,VGB,GLOBAL,PWRLDSBRAXX,,,2,2045,,,,,,0.0139
VariableCost,VGB,GLOBAL,PWRLDSBRAXX,,,2,2046,,,,,,0.0139
VariableCost,VGB,GLOBAL,PWRLDSBRAXX,,,2,2047,,,,,,0.0139
VariableCost,VGB,GLOBAL,PWRLDSBRAXX,,,2,2048,,,,,,0.0139
VariableCost,VGB,GLOBAL,PWRLDSBRAXX,,,2,2049,,,,,,0.0139
VariableCost,VGB,GLOBAL,PWRLDSBRAXX,,,2,2050,,,,,,0.0139
VariableCost,VGB,GLOBAL,PWRLDSBRBXX,,,2,2023,,,,,,0.0139
VariableCost,VGB,GLOBAL,PWRLDSBRBXX,,,2,2024,,,,,,0.0139
VariableCost,VGB,GLOBAL,PWRLDSBRBXX,,,2,2025,,,,,,0.0139
VariableCost,VGB,GLOBAL,PWRLDSBRBXX,,,2,2026,,,,,,0.0139
VariableCost,VGB,GLOBAL,PWRLDSBRBXX,,,2,2027,,,,,,0.0139
VariableCost,VGB,GLOBAL,PWRLDSBRBXX,,,2,2028,,,,,,0.0139
VariableCost,VGB,GLOBAL,PWRLDSBRBXX,,,2,2029,,,,,,0.0139
VariableCost,VGB,GLOBAL,PWRLDSBRBXX,,,2,2030,,,,,,0.0139
VariableCost,VGB,GLOBAL,PWRLDSBRBXX,,,2,2031,,,,,,0.0139
VariableCost,VGB,GLOBAL,PWRLDSBRBXX,,,2,2032,,,,,,0.0139
VariableCost,VGB,GLOBAL,PWRLDSBRBXX,,,2,2033,,,,,,0.0139
VariableCost,VGB,GLOBAL,PWRLDSBRBXX,,,2,2034,,,,,,0.0139
VariableCost,VGB,GLOBAL,PWRLDSBRBXX,,,2,2035,,,,,,0.0139
VariableCost,VGB,GLOBAL,PWRLDSBRBXX,,,2,2036,,,,,,0.0139
VariableCost,VGB,GLOBAL,PWRLDSBRBXX,,,2,2037,,,,,,0.0139
VariableCost,VGB,GLOBAL,PWRLDSBRBXX,,,2,2038,,,,,,0.0139
VariableCost,VGB,GLOBAL,PWRLDSBRBXX,,,2,2039,,,,,,0.0139
VariableCost,VGB,GLOBAL,PWRLDSBRBXX,,,2,2040,,,,,,0.0139
VariableCost,VGB,GLOBAL,PWRLDSBRBXX,,,2,2041,,,,,,0.0139
VariableCost,VGB,GLOBAL,PWRLDSBRBXX,,,2,2042,,,,,,0.0139
VariableCost,VGB,GLOBAL,PWRLDSBRBXX,,,2,2043,,,,,,0.0139
VariableCost,VGB,GLOBAL,PWRLDSBRBXX,,,2,2044,,,,,,0.0139
VariableCost,VGB,GLOBAL,PWRLDSBRBXX,,,2,2045,,,,,,0.0139
VariableCost,VGB,GLOBAL,PWRLDSBRBXX,,,2,2046,,,,,,0.0139
VariableCost,VGB,GLOBAL,PWRLDSBRBXX,,,2,2047,,,,,,0.0139
VariableCost,VGB,GLOBAL,PWRLDSBRBXX,,,2,2048,,,,,,0.0139
VariableCost,VGB,GLOBAL,PWRLDSBRBXX,,,2,2049,,,,,,0.0139
VariableCost,VGB,GLOBAL,PWRLDSBRBXX,,,2,2050,,,,,,0.0139
VariableCost,VGB,GLOBAL,PWRLDSCHLXX,,,2,2023,,,,,,0.0139
VariableCost,VGB,GLOBAL,PWRLDSCHLXX,,,2,2024,,,,,,0.0139
VariableCost,VGB,GLOBAL,PWRLDSCHLXX,,,2,2025,,,,,,0.0139
VariableCost,VGB,GLOBAL,PWRLDSCHLXX,,,2,2026,,,,,,0.0139
VariableCost,VGB,GLOBAL,PWRLDSCHLXX,,,2,2027,,,,,,0.0139
VariableCost,VGB,GLOBAL,PWRLDSCHLXX,,,2,2028,,,,,,0.0139
VariableCost,VGB,GLOBAL,PWRLDSCHLXX,,,2,2029,,,,,,0.0139
VariableCost,VGB,GLOBAL,PWRLDSCHLXX,,,2,2030,,,,,,0.0139
VariableCost,VGB,GLOBAL,PWRLDSCHLXX,,,2,2031,,,,,,0.0139
VariableCost,VGB,GLOBAL,PWRLDSCHLXX,,,2,2032,,,,,,0.0139
VariableCost,VGB,GLOBAL,PWRLDSCHLXX,,,2,2033,,,,,,0.0139
VariableCost,VGB,GLOBAL,PWRLDSCHLXX,,,2,2034,,,,,,0.0139
VariableCost,VGB,GLOBAL,PWRLDSCHLXX,,,2,2035,,,,,,0.0139
VariableCost,VGB,GLOBAL,PWRLDSCHLXX,,,2,2036,,,,,,0.0139
VariableCost,VGB,GLOBAL,PWRLDSCHLXX,,,2,2037,,,,,,0.0139
VariableCost,VGB,GLOBAL,PWRLDSCHLXX,,,2,2038,,,,,,0.0139
VariableCost,VGB,GLOBAL,PWRLDSCHLXX,,,2,2039,,,,,,0.0139
VariableCost,VGB,GLOBAL,PWRLDSCHLXX,,,2,2040,,,,,,0.0139
VariableCost,VGB,GLOBAL,PWRLDSCHLXX,,,2,2041,,,,,,0.0139
VariableCost,VGB,GLOBAL,PWRLDSCHLXX,,,2,2042,,,,,,0.0139
VariableCost,VGB,GLOBAL,PWRLDSCHLXX,,,2,2043,,,,,,0.0139
VariableCost,VGB,GLOBAL,PWRLDSCHLXX,,,2,2044,,,,,,0.0139
VariableCost,VGB,GLOBAL,PWRLDSCHLXX,,,2,2045,,,,,,0.0139
VariableCost,VGB,GLOBAL,PWRLDSCHLXX,,,2,2046,,,,,,0.0139
VariableCost,VGB,GLOBAL,PWRLDSCHLXX,,,2,2047,,,,,,0.0139
VariableCost,VGB,GLOBAL,PWRLDSCHLXX,,,2,2048,,,,,,0.0139
VariableCost,VGB,GLOBAL,PWRLDSCHLXX,,,2,2049,,,,,,0.0139
VariableCost,VGB,GLOBAL,PWRLDSCHLXX,,,2,2050,,,,,,0.0139
VariableCost,VGB,GLOBAL,PWRLDSCOLXX,,,2,2023,,,,,,0.0139
VariableCost,VGB,GLOBAL,PWRLDSCOLXX,,,2,2024,,,,,,0.0139
VariableCost,VGB,GLOBAL,PWRLDSCOLXX,,,2,2025,,,,,,0.0139
VariableCost,VGB,GLOBAL,PWRLDSCOLXX,,,2,2026,,,,,,0.0139
VariableCost,VGB,GLOBAL,PWRLDSCOLXX,,,2,2027,,,,,,0.0139
VariableCost,VGB,GLOBAL,PWRLDSCOLXX,,,2,2028,,,,,,0.0139
VariableCost,VGB,GLOBAL,PWRLDSCOLXX,,,2,2029,,,,,,0.0139
VariableCost,VGB,GLOBAL,PWRLDSCOLXX,,,2,2030,,,,,,0.0139
VariableCost,VGB,GLOBAL,PWRLDSCOLXX,,,2,2031,,,,,,0.0139
VariableCost,VGB,GLOBAL,PWRLDSCOLXX,,,2,2032,,,,,,0.0139
VariableCost,VGB,GLOBAL,PWRLDSCOLXX,,,2,2033,,,,,,0.0139
VariableCost,VGB,GLOBAL,PWRLDSCOLXX,,,2,2034,,,,,,0.0139
VariableCost,VGB,GLOBAL,PWRLDSCOLXX,,,2,2035,,,,,,0.0139
VariableCost,VGB,GLOBAL,PWRLDSCOLXX,,,2,2036,,,,,,0.0139
VariableCost,VGB,GLOBAL,PWRLDSCOLXX,,,2,2037,,,,,,0.0139
VariableCost,VGB,GLOBAL,PWRLDSCOLXX,,,2,2038,,,,,,0.0139
VariableCost,VGB,GLOBAL,PWRLDSCOLXX,,,2,2039,,,,,,0.0139
VariableCost,VGB,GLOBAL,PWRLDSCOLXX,,,2,2040,,,,,,0.0139
VariableCost,VGB,GLOBAL,PWRLDSCOLXX,,,2,2041,,,,,,0.0139
VariableCost,VGB,GLOBAL,PWRLDSCOLXX,,,2,2042,,,,,,0.0139
VariableCost,VGB,GLOBAL,PWRLDSCOLXX,,,2,2043,,,,,,0.0139
VariableCost,VGB,GLOBAL,PWRLDSCOLXX,,,2,2044,,,,,,0.0139
VariableCost,VGB,GLOBAL,PWRLDSCOLXX,,,2,2045,,,,,,0.0139
VariableCost,VGB,GLOBAL,PWRLDSCOLXX,,,2,2046,,,,,,0.0139
VariableCost,VGB,GLOBAL,PWRLDSCOLXX,,,2,2047,,,,,,0.0139
VariableCost,VGB,GLOBAL,PWRLDSCOLXX,,,2,2048,,,,,,0.0139
VariableCost,VGB,GLOBAL,PWRLDSCOLXX,,,2,2049,,,,,,0.0139
VariableCost,VGB,GLOBAL,PWRLDSCOLXX,,,2,2050,,,,,,0.0139
VariableCost,VGB,GLOBAL,PWRLDSCRIXX,,,2,2023,,,,,,0.0139
VariableCost,VGB,GLOBAL,PWRLDSCRIXX,,,2,2024,,,,,,0.0139
VariableCost,VGB,GLOBAL,PWRLDSCRIXX,,,2,2025,,,,,,0.0139
VariableCost,VGB,GLOBAL,PWRLDSCRIXX,,,2,2026,,,,,,0.0139
VariableCost,VGB,GLOBAL,PWRLDSCRIXX,,,2,2027,,,,,,0.0139
VariableCost,VGB,GLOBAL,PWRLDSCRIXX,,,2,2028,,,,,,0.0139
VariableCost,VGB,GLOBAL,PWRLDSCRIXX,,,2,2029,,,,,,0.0139
VariableCost,VGB,GLOBAL,PWRLDSCRIXX,,,2,2030,,,,,,0.0139
VariableCost,VGB,GLOBAL,PWRLDSCRIXX,,,2,2031,,,,,,0.0139
VariableCost,VGB,GLOBAL,PWRLDSCRIXX,,,2,2032,,,,,,0.0139
VariableCost,VGB,GLOBAL,PWRLDSCRIXX,,,2,2033,,,,,,0.0139
VariableCost,VGB,GLOBAL,PWRLDSCRIXX,,,2,2034,,,,,,0.0139
VariableCost,VGB,GLOBAL,PWRLDSCRIXX,,,2,2035,,,,,,0.0139
VariableCost,VGB,GLOBAL,PWRLDSCRIXX,,,2,2036,,,,,,0.0139
VariableCost,VGB,GLOBAL,PWRLDSCRIXX,,,2,2037,,,,,,0.0139
VariableCost,VGB,GLOBAL,PWRLDSCRIXX,,,2,2038,,,,,,0.0139
VariableCost,VGB,GLOBAL,PWRLDSCRIXX,,,2,2039,,,,,,0.0139
VariableCost,VGB,GLOBAL,PWRLDSCRIXX,,,2,2040,,,,,,0.0139
VariableCost,VGB,GLOBAL,PWRLDSCRIXX,,,2,2041,,,,,,0.0139
VariableCost,VGB,GLOBAL,PWRLDSCRIXX,,,2,2042,,,,,,0.0139
VariableCost,VGB,GLOBAL,PWRLDSCRIXX,,,2,2043,,,,,,0.0139
VariableCost,VGB,GLOBAL,PWRLDSCRIXX,,,2,2044,,,,,,0.0139
VariableCost,VGB,GLOBAL,PWRLDSCRIXX,,,2,2045,,,,,,0.0139
VariableCost,VGB,GLOBAL,PWRLDSCRIXX,,,2,2046,,,,,,0.0139
VariableCost,VGB,GLOBAL,PWRLDSCRIXX,,,2,2047,,,,,,0.0139
VariableCost,VGB,GLOBAL,PWRLDSCRIXX,,,2,2048,,,,,,0.0139
VariableCost,VGB,GLOBAL,PWRLDSCRIXX,,,2,2049,,,,,,0.0139
VariableCost,VGB,GLOBAL,PWRLDSCRIXX,,,2,2050,,,,,,0.0139
VariableCost,VGB,GLOBAL,PWRLDSDOMXX,,,2,2023,,,,,,0.0139
VariableCost,VGB,GLOBAL,PWRLDSDOMXX,,,2,2024,,,,,,0.0139
VariableCost,VGB,GLOBAL,PWRLDSDOMXX,,,2,2025,,,,,,0.0139
VariableCost,VGB,GLOBAL,PWRLDSDOMXX,,,2,2026,,,,,,0.0139
VariableCost,VGB,GLOBAL,PWRLDSDOMXX,,,2,2027,,,,,,0.0139
VariableCost,VGB,GLOBAL,PWRLDSDOMXX,,,2,2028,,,,,,0.0139
VariableCost,VGB,GLOBAL,PWRLDSDOMXX,,,2,2029,,,,,,0.0139
VariableCost,VGB,GLOBAL,PWRLDSDOMXX,,,2,2030,,,,,,0.0139
VariableCost,VGB,GLOBAL,PWRLDSDOMXX,,,2,2031,,,,,,0.0139
VariableCost,VGB,GLOBAL,PWRLDSDOMXX,,,2,2032,,,,,,0.0139
VariableCost,VGB,GLOBAL,PWRLDSDOMXX,,,2,2033,,,,,,0.0139
VariableCost,VGB,GLOBAL,PWRLDSDOMXX,,,2,2034,,,,,,0.0139
VariableCost,VGB,GLOBAL,PWRLDSDOMXX,,,2,2035,,,,,,0.0139
VariableCost,VGB,GLOBAL,PWRLDSDOMXX,,,2,2036,,,,,,0.0139
VariableCost,VGB,GLOBAL,PWRLDSDOMXX,,,2,2037,,,,,,0.0139
VariableCost,VGB,GLOBAL,PWRLDSDOMXX,,,2,2038,,,,,,0.0139
VariableCost,VGB,GLOBAL,PWRLDSDOMXX,,,2,2039,,,,,,0.0139
VariableCost,VGB,GLOBAL,PWRLDSDOMXX,,,2,2040,,,,,,0.0139
VariableCost,VGB,GLOBAL,PWRLDSDOMXX,,,2,2041,,,,,,0.0139
VariableCost,VGB,GLOBAL,PWRLDSDOMXX,,,2,2042,,,,,,0.0139
VariableCost,VGB,GLOBAL,PWRLDSDOMXX,,,2,2043,,,,,,0.0139
VariableCost,VGB,GLOBAL,PWRLDSDOMXX,,,2,2044,,,,,,0.0139
VariableCost,VGB,GLOBAL,PWRLDSDOMXX,,,2,2045,,,,,,0.0139
VariableCost,VGB,GLOBAL,PWRLDSDOMXX,,,2,2046,,,,,,0.0139
VariableCost,VGB,GLOBAL,PWRLDSDOMXX,,,2,2047,,,,,,0.0139
VariableCost,VGB,GLOBAL,PWRLDSDOMXX,,,2,2048,,,,,,0.0139
VariableCost,VGB,GLOBAL,PWRLDSDOMXX,,,2,2049,,,,,,0.0139
VariableCost,VGB,GLOBAL,PWRLDSDOMXX,,,2,2050,,,,,,0.0139
VariableCost,VGB,GLOBAL,PWRLDSECUXX,,,2,2023,,,,,,0.0139
VariableCost,VGB,GLOBAL,PWRLDSECUXX,,,2,2024,,,,,,0.0139
VariableCost,VGB,GLOBAL,PWRLDSECUXX,,,2,2025,,,,,,0.0139
VariableCost,VGB,GLOBAL,PWRLDSECUXX,,,2,2026,,,,,,0.0139
VariableCost,VGB,GLOBAL,PWRLDSECUXX,,,2,2027,,,,,,0.0139
VariableCost,VGB,GLOBAL,PWRLDSECUXX,,,2,2028,,,,,,0.0139
VariableCost,VGB,GLOBAL,PWRLDSECUXX,,,2,2029,,,,,,0.0139
VariableCost,VGB,GLOBAL,PWRLDSECUXX,,,2,2030,,,,,,0.0139
VariableCost,VGB,GLOBAL,PWRLDSECUXX,,,2,2031,,,,,,0.0139
VariableCost,VGB,GLOBAL,PWRLDSECUXX,,,2,2032,,,,,,0.0139
VariableCost,VGB,GLOBAL,PWRLDSECUXX,,,2,2033,,,,,,0.0139
VariableCost,VGB,GLOBAL,PWRLDSECUXX,,,2,2034,,,,,,0.0139
VariableCost,VGB,GLOBAL,PWRLDSECUXX,,,2,2035,,,,,,0.0139
VariableCost,VGB,GLOBAL,PWRLDSECUXX,,,2,2036,,,,,,0.0139
VariableCost,VGB,GLOBAL,PWRLDSECUXX,,,2,2037,,,,,,0.0139
VariableCost,VGB,GLOBAL,PWRLDSECUXX,,,2,2038,,,,,,0.0139
VariableCost,VGB,GLOBAL,PWRLDSECUXX,,,2,2039,,,,,,0.0139
VariableCost,VGB,GLOBAL,PWRLDSECUXX,,,2,2040,,,,,,0.0139
VariableCost,VGB,GLOBAL,PWRLDSECUXX,,,2,2041,,,,,,0.0139
VariableCost,VGB,GLOBAL,PWRLDSECUXX,,,2,2042,,,,,,0.0139
VariableCost,VGB,GLOBAL,PWRLDSECUXX,,,2,2043,,,,,,0.0139
VariableCost,VGB,GLOBAL,PWRLDSECUXX,,,2,2044,,,,,,0.0139
VariableCost,VGB,GLOBAL,PWRLDSECUXX,,,2,2045,,,,,,0.0139
VariableCost,VGB,GLOBAL,PWRLDSECUXX,,,2,2046,,,,,,0.0139
VariableCost,VGB,GLOBAL,PWRLDSECUXX,,,2,2047,,,,,,0.0139
VariableCost,VGB,GLOBAL,PWRLDSECUXX,,,2,2048,,,,,,0.0139
VariableCost,VGB,GLOBAL,PWRLDSECUXX,,,2,2049,,,,,,0.0139
VariableCost,VGB,GLOBAL,PWRLDSECUXX,,,2,2050,,,,,,0.0139
VariableCost,VGB,GLOBAL,PWRLDSGTMXX,,,2,2023,,,,,,0.0139
VariableCost,VGB,GLOBAL,PWRLDSGTMXX,,,2,2024,,,,,,0.0139
VariableCost,VGB,GLOBAL,PWRLDSGTMXX,,,2,2025,,,,,,0.0139
VariableCost,VGB,GLOBAL,PWRLDSGTMXX,,,2,2026,,,,,,0.0139
VariableCost,VGB,GLOBAL,PWRLDSGTMXX,,,2,2027,,,,,,0.0139
VariableCost,VGB,GLOBAL,PWRLDSGTMXX,,,2,2028,,,,,,0.0139
VariableCost,VGB,GLOBAL,PWRLDSGTMXX,,,2,2029,,,,,,0.0139
VariableCost,VGB,GLOBAL,PWRLDSGTMXX,,,2,2030,,,,,,0.0139
VariableCost,VGB,GLOBAL,PWRLDSGTMXX,,,2,2031,,,,,,0.0139
VariableCost,VGB,GLOBAL,PWRLDSGTMXX,,,2,2032,,,,,,0.0139
VariableCost,VGB,GLOBAL,PWRLDSGTMXX,,,2,2033,,,,,,0.0139
VariableCost,VGB,GLOBAL,PWRLDSGTMXX,,,2,2034,,,,,,0.0139
VariableCost,VGB,GLOBAL,PWRLDSGTMXX,,,2,2035,,,,,,0.0139
VariableCost,VGB,GLOBAL,PWRLDSGTMXX,,,2,2036,,,,,,0.0139
VariableCost,VGB,GLOBAL,PWRLDSGTMXX,,,2,2037,,,,,,0.0139
VariableCost,VGB,GLOBAL,PWRLDSGTMXX,,,2,2038,,,,,,0.0139
VariableCost,VGB,GLOBAL,PWRLDSGTMXX,,,2,2039,,,,,,0.0139
VariableCost,VGB,GLOBAL,PWRLDSGTMXX,,,2,2040,,,,,,0.0139
VariableCost,VGB,GLOBAL,PWRLDSGTMXX,,,2,2041,,,,,,0.0139
VariableCost,VGB,GLOBAL,PWRLDSGTMXX,,,2,2042,,,,,,0.0139
VariableCost,VGB,GLOBAL,PWRLDSGTMXX,,,2,2043,,,,,,0.0139
VariableCost,VGB,GLOBAL,PWRLDSGTMXX,,,2,2044,,,,,,0.0139
VariableCost,VGB,GLOBAL,PWRLDSGTMXX,,,2,2045,,,,,,0.0139
VariableCost,VGB,GLOBAL,PWRLDSGTMXX,,,2,2046,,,,,,0.0139
VariableCost,VGB,GLOBAL,PWRLDSGTMXX,,,2,2047,,,,,,0.0139
VariableCost,VGB,GLOBAL,PWRLDSGTMXX,,,2,2048,,,,,,0.0139
VariableCost,VGB,GLOBAL,PWRLDSGTMXX,,,2,2049,,,,,,0.0139
VariableCost,VGB,GLOBAL,PWRLDSGTMXX,,,2,2050,,,,,,0.0139
VariableCost,VGB,GLOBAL,PWRLDSHNDXX,,,2,2023,,,,,,0.0139
VariableCost,VGB,GLOBAL,PWRLDSHNDXX,,,2,2024,,,,,,0.0139
VariableCost,VGB,GLOBAL,PWRLDSHNDXX,,,2,2025,,,,,,0.0139
VariableCost,VGB,GLOBAL,PWRLDSHNDXX,,,2,2026,,,,,,0.0139
VariableCost,VGB,GLOBAL,PWRLDSHNDXX,,,2,2027,,,,,,0.0139
VariableCost,VGB,GLOBAL,PWRLDSHNDXX,,,2,2028,,,,,,0.0139
VariableCost,VGB,GLOBAL,PWRLDSHNDXX,,,2,2029,,,,,,0.0139
VariableCost,VGB,GLOBAL,PWRLDSHNDXX,,,2,2030,,,,,,0.0139
VariableCost,VGB,GLOBAL,PWRLDSHNDXX,,,2,2031,,,,,,0.0139
VariableCost,VGB,GLOBAL,PWRLDSHNDXX,,,2,2032,,,,,,0.0139
VariableCost,VGB,GLOBAL,PWRLDSHNDXX,,,2,2033,,,,,,0.0139
VariableCost,VGB,GLOBAL,PWRLDSHNDXX,,,2,2034,,,,,,0.0139
VariableCost,VGB,GLOBAL,PWRLDSHNDXX,,,2,2035,,,,,,0.0139
VariableCost,VGB,GLOBAL,PWRLDSHNDXX,,,2,2036,,,,,,0.0139
VariableCost,VGB,GLOBAL,PWRLDSHNDXX,,,2,2037,,,,,,0.0139
VariableCost,VGB,GLOBAL,PWRLDSHNDXX,,,2,2038,,,,,,0.0139
VariableCost,VGB,GLOBAL,PWRLDSHNDXX,,,2,2039,,,,,,0.0139
VariableCost,VGB,GLOBAL,PWRLDSHNDXX,,,2,2040,,,,,,0.0139
VariableCost,VGB,GLOBAL,PWRLDSHNDXX,,,2,2041,,,,,,0.0139
VariableCost,VGB,GLOBAL,PWRLDSHNDXX,,,2,2042,,,,,,0.0139
VariableCost,VGB,GLOBAL,PWRLDSHNDXX,,,2,2043,,,,,,0.0139
VariableCost,VGB,GLOBAL,PWRLDSHNDXX,,,2,2044,,,,,,0.0139
VariableCost,VGB,GLOBAL,PWRLDSHNDXX,,,2,2045,,,,,,0.0139
VariableCost,VGB,GLOBAL,PWRLDSHNDXX,,,2,2046,,,,,,0.0139
VariableCost,VGB,GLOBAL,PWRLDSHNDXX,,,2,2047,,,,,,0.0139
VariableCost,VGB,GLOBAL,PWRLDSHNDXX,,,2,2048,,,,,,0.0139
VariableCost,VGB,GLOBAL,PWRLDSHNDXX,,,2,2049,,,,,,0.0139
VariableCost,VGB,GLOBAL,PWRLDSHNDXX,,,2,2050,,,,,,0.0139
VariableCost,VGB,GLOBAL,PWRLDSHTIXX,,,2,2023,,,,,,0.0139
VariableCost,VGB,GLOBAL,PWRLDSHTIXX,,,2,2024,,,,,,0.0139
VariableCost,VGB,GLOBAL,PWRLDSHTIXX,,,2,2025,,,,,,0.0139
VariableCost,VGB,GLOBAL,PWRLDSHTIXX,,,2,2026,,,,,,0.0139
VariableCost,VGB,GLOBAL,PWRLDSHTIXX,,,2,2027,,,,,,0.0139
VariableCost,VGB,GLOBAL,PWRLDSHTIXX,,,2,2028,,,,,,0.0139
VariableCost,VGB,GLOBAL,PWRLDSHTIXX,,,2,2029,,,,,,0.0139
VariableCost,VGB,GLOBAL,PWRLDSHTIXX,,,2,2030,,,,,,0.0139
VariableCost,VGB,GLOBAL,PWRLDSHTIXX,,,2,2031,,,,,,0.0139
VariableCost,VGB,GLOBAL,PWRLDSHTIXX,,,2,2032,,,,,,0.0139
VariableCost,VGB,GLOBAL,PWRLDSHTIXX,,,2,2033,,,,,,0.0139
VariableCost,VGB,GLOBAL,PWRLDSHTIXX,,,2,2034,,,,,,0.0139
VariableCost,VGB,GLOBAL,PWRLDSHTIXX,,,2,2035,,,,,,0.0139
VariableCost,VGB,GLOBAL,PWRLDSHTIXX,,,2,2036,,,,,,0.0139
VariableCost,VGB,GLOBAL,PWRLDSHTIXX,,,2,2037,,,,,,0.0139
VariableCost,VGB,GLOBAL,PWRLDSHTIXX,,,2,2038,,,,,,0.0139
VariableCost,VGB,GLOBAL,PWRLDSHTIXX,,,2,2039,,,,,,0.0139
VariableCost,VGB,GLOBAL,PWRLDSHTIXX,,,2,2040,,,,,,0.0139
VariableCost,VGB,GLOBAL,PWRLDSHTIXX,,,2,2041,,,,,,0.0139
VariableCost,VGB,GLOBAL,PWRLDSHTIXX,,,2,2042,,,,,,0.0139
VariableCost,VGB,GLOBAL,PWRLDSHTIXX,,,2,2043,,,,,,0.0139
VariableCost,VGB,GLOBAL,PWRLDSHTIXX,,,2,2044,,,,,,0.0139
VariableCost,VGB,GLOBAL,PWRLDSHTIXX,,,2,2045,,,,,,0.0139
VariableCost,VGB,GLOBAL,PWRLDSHTIXX,,,2,2046,,,,,,0.0139
VariableCost,VGB,GLOBAL,PWRLDSHTIXX,,,2,2047,,,,,,0.0139
VariableCost,VGB,GLOBAL,PWRLDSHTIXX,,,2,2048,,,,,,0.0139
VariableCost,VGB,GLOBAL,PWRLDSHTIXX,,,2,2049,,,,,,0.0139
VariableCost,VGB,GLOBAL,PWRLDSHTIXX,,,2,2050,,,,,,0.0139
VariableCost,VGB,GLOBAL,PWRLDSMEXXX,,,2,2023,,,,,,0.0139
VariableCost,VGB,GLOBAL,PWRLDSMEXXX,,,2,2024,,,,,,0.0139
VariableCost,VGB,GLOBAL,PWRLDSMEXXX,,,2,2025,,,,,,0.0139
VariableCost,VGB,GLOBAL,PWRLDSMEXXX,,,2,2026,,,,,,0.0139
VariableCost,VGB,GLOBAL,PWRLDSMEXXX,,,2,2027,,,,,,0.0139
VariableCost,VGB,GLOBAL,PWRLDSMEXXX,,,2,2028,,,,,,0.0139
VariableCost,VGB,GLOBAL,PWRLDSMEXXX,,,2,2029,,,,,,0.0139
VariableCost,VGB,GLOBAL,PWRLDSMEXXX,,,2,2030,,,,,,0.0139
VariableCost,VGB,GLOBAL,PWRLDSMEXXX,,,2,2031,,,,,,0.0139
VariableCost,VGB,GLOBAL,PWRLDSMEXXX,,,2,2032,,,,,,0.0139
VariableCost,VGB,GLOBAL,PWRLDSMEXXX,,,2,2033,,,,,,0.0139
VariableCost,VGB,GLOBAL,PWRLDSMEXXX,,,2,2034,,,,,,0.0139
VariableCost,VGB,GLOBAL,PWRLDSMEXXX,,,2,2035,,,,,,0.0139
VariableCost,VGB,GLOBAL,PWRLDSMEXXX,,,2,2036,,,,,,0.0139
VariableCost,VGB,GLOBAL,PWRLDSMEXXX,,,2,2037,,,,,,0.0139
VariableCost,VGB,GLOBAL,PWRLDSMEXXX,,,2,2038,,,,,,0.0139
VariableCost,VGB,GLOBAL,PWRLDSMEXXX,,,2,2039,,,,,,0.0139
VariableCost,VGB,GLOBAL,PWRLDSMEXXX,,,2,2040,,,,,,0.0139
VariableCost,VGB,GLOBAL,PWRLDSMEXXX,,,2,2041,,,,,,0.0139
VariableCost,VGB,GLOBAL,PWRLDSMEXXX,,,2,2042,,,,,,0.0139
VariableCost,VGB,GLOBAL,PWRLDSMEXXX,,,2,2043,,,,,,0.0139
VariableCost,VGB,GLOBAL,PWRLDSMEXXX,,,2,2044,,,,,,0.0139
VariableCost,VGB,GLOBAL,PWRLDSMEXXX,,,2,2045,,,,,,0.0139
VariableCost,VGB,GLOBAL,PWRLDSMEXXX,,,2,2046,,,,,,0.0139
VariableCost,VGB,GLOBAL,PWRLDSMEXXX,,,2,2047,,,,,,0.0139
VariableCost,VGB,GLOBAL,PWRLDSMEXXX,,,2,2048,,,,,,0.0139
VariableCost,VGB,GLOBAL,PWRLDSMEXXX,,,2,2049,,,,,,0.0139
VariableCost,VGB,GLOBAL,PWRLDSMEXXX,,,2,2050,,,,,,0.0139
VariableCost,VGB,GLOBAL,PWRLDSNICXX,,,2,2023,,,,,,0.0139
VariableCost,VGB,GLOBAL,PWRLDSNICXX,,,2,2024,,,,,,0.0139
VariableCost,VGB,GLOBAL,PWRLDSNICXX,,,2,2025,,,,,,0.0139
VariableCost,VGB,GLOBAL,PWRLDSNICXX,,,2,2026,,,,,,0.0139
VariableCost,VGB,GLOBAL,PWRLDSNICXX,,,2,2027,,,,,,0.0139
VariableCost,VGB,GLOBAL,PWRLDSNICXX,,,2,2028,,,,,,0.0139
VariableCost,VGB,GLOBAL,PWRLDSNICXX,,,2,2029,,,,,,0.0139
VariableCost,VGB,GLOBAL,PWRLDSNICXX,,,2,2030,,,,,,0.0139
VariableCost,VGB,GLOBAL,PWRLDSNICXX,,,2,2031,,,,,,0.0139
VariableCost,VGB,GLOBAL,PWRLDSNICXX,,,2,2032,,,,,,0.0139
VariableCost,VGB,GLOBAL,PWRLDSNICXX,,,2,2033,,,,,,0.0139
VariableCost,VGB,GLOBAL,PWRLDSNICXX,,,2,2034,,,,,,0.0139
VariableCost,VGB,GLOBAL,PWRLDSNICXX,,,2,2035,,,,,,0.0139
VariableCost,VGB,GLOBAL,PWRLDSNICXX,,,2,2036,,,,,,0.0139
VariableCost,VGB,GLOBAL,PWRLDSNICXX,,,2,2037,,,,,,0.0139
VariableCost,VGB,GLOBAL,PWRLDSNICXX,,,2,2038,,,,,,0.0139
VariableCost,VGB,GLOBAL,PWRLDSNICXX,,,2,2039,,,,,,0.0139
VariableCost,VGB,GLOBAL,PWRLDSNICXX,,,2,2040,,,,,,0.0139
VariableCost,VGB,GLOBAL,PWRLDSNICXX,,,2,2041,,,,,,0.0139
VariableCost,VGB,GLOBAL,PWRLDSNICXX,,,2,2042,,,,,,0.0139
VariableCost,VGB,GLOBAL,PWRLDSNICXX,,,2,2043,,,,,,0.0139
VariableCost,VGB,GLOBAL,PWRLDSNICXX,,,2,2044,,,,,,0.0139
VariableCost,VGB,GLOBAL,PWRLDSNICXX,,,2,2045,,,,,,0.0139
VariableCost,VGB,GLOBAL,PWRLDSNICXX,,,2,2046,,,,,,0.0139
VariableCost,VGB,GLOBAL,PWRLDSNICXX,,,2,2047,,,,,,0.0139
VariableCost,VGB,GLOBAL,PWRLDSNICXX,,,2,2048,,,,,,0.0139
VariableCost,VGB,GLOBAL,PWRLDSNICXX,,,2,2049,,,,,,0.0139
VariableCost,VGB,GLOBAL,PWRLDSNICXX,,,2,2050,,,,,,0.0139
VariableCost,VGB,GLOBAL,PWRLDSPANXX,,,2,2023,,,,,,0.0139
VariableCost,VGB,GLOBAL,PWRLDSPANXX,,,2,2024,,,,,,0.0139
VariableCost,VGB,GLOBAL,PWRLDSPANXX,,,2,2025,,,,,,0.0139
VariableCost,VGB,GLOBAL,PWRLDSPANXX,,,2,2026,,,,,,0.0139
VariableCost,VGB,GLOBAL,PWRLDSPANXX,,,2,2027,,,,,,0.0139
VariableCost,VGB,GLOBAL,PWRLDSPANXX,,,2,2028,,,,,,0.0139
VariableCost,VGB,GLOBAL,PWRLDSPANXX,,,2,2029,,,,,,0.0139
VariableCost,VGB,GLOBAL,PWRLDSPANXX,,,2,2030,,,,,,0.0139
VariableCost,VGB,GLOBAL,PWRLDSPANXX,,,2,2031,,,,,,0.0139
VariableCost,VGB,GLOBAL,PWRLDSPANXX,,,2,2032,,,,,,0.0139
VariableCost,VGB,GLOBAL,PWRLDSPANXX,,,2,2033,,,,,,0.0139
VariableCost,VGB,GLOBAL,PWRLDSPANXX,,,2,2034,,,,,,0.0139
VariableCost,VGB,GLOBAL,PWRLDSPANXX,,,2,2035,,,,,,0.0139
VariableCost,VGB,GLOBAL,PWRLDSPANXX,,,2,2036,,,,,,0.0139
VariableCost,VGB,GLOBAL,PWRLDSPANXX,,,2,2037,,,,,,0.0139
VariableCost,VGB,GLOBAL,PWRLDSPANXX,,,2,2038,,,,,,0.0139
VariableCost,VGB,GLOBAL,PWRLDSPANXX,,,2,2039,,,,,,0.0139
VariableCost,VGB,GLOBAL,PWRLDSPANXX,,,2,2040,,,,,,0.0139
VariableCost,VGB,GLOBAL,PWRLDSPANXX,,,2,2041,,,,,,0.0139
VariableCost,VGB,GLOBAL,PWRLDSPANXX,,,2,2042,,,,,,0.0139
VariableCost,VGB,GLOBAL,PWRLDSPANXX,,,2,2043,,,,,,0.0139
VariableCost,VGB,GLOBAL,PWRLDSPANXX,,,2,2044,,,,,,0.0139
VariableCost,VGB,GLOBAL,PWRLDSPANXX,,,2,2045,,,,,,0.0139
VariableCost,VGB,GLOBAL,PWRLDSPANXX,,,2,2046,,,,,,0.0139
VariableCost,VGB,GLOBAL,PWRLDSPANXX,,,2,2047,,,,,,0.0139
VariableCost,VGB,GLOBAL,PWRLDSPANXX,,,2,2048,,,,,,0.0139
VariableCost,VGB,GLOBAL,PWRLDSPANXX,,,2,2049,,,,,,0.0139
VariableCost,VGB,GLOBAL,PWRLDSPANXX,,,2,2050,,,,,,0.0139
VariableCost,VGB,GLOBAL,PWRLDSPERXX,,,2,2023,,,,,,0.0139
VariableCost,VGB,GLOBAL,PWRLDSPERXX,,,2,2024,,,,,,0.0139
VariableCost,VGB,GLOBAL,PWRLDSPERXX,,,2,2025,,,,,,0.0139
VariableCost,VGB,GLOBAL,PWRLDSPERXX,,,2,2026,,,,,,0.0139
VariableCost,VGB,GLOBAL,PWRLDSPERXX,,,2,2027,,,,,,0.0139
VariableCost,VGB,GLOBAL,PWRLDSPERXX,,,2,2028,,,,,,0.0139
VariableCost,VGB,GLOBAL,PWRLDSPERXX,,,2,2029,,,,,,0.0139
VariableCost,VGB,GLOBAL,PWRLDSPERXX,,,2,2030,,,,,,0.0139
VariableCost,VGB,GLOBAL,PWRLDSPERXX,,,2,2031,,,,,,0.0139
VariableCost,VGB,GLOBAL,PWRLDSPERXX,,,2,2032,,,,,,0.0139
VariableCost,VGB,GLOBAL,PWRLDSPERXX,,,2,2033,,,,,,0.0139
VariableCost,VGB,GLOBAL,PWRLDSPERXX,,,2,2034,,,,,,0.0139
VariableCost,VGB,GLOBAL,PWRLDSPERXX,,,2,2035,,,,,,0.0139
VariableCost,VGB,GLOBAL,PWRLDSPERXX,,,2,2036,,,,,,0.0139
VariableCost,VGB,GLOBAL,PWRLDSPERXX,,,2,2037,,,,,,0.0139
VariableCost,VGB,GLOBAL,PWRLDSPERXX,,,2,2038,,,,,,0.0139
VariableCost,VGB,GLOBAL,PWRLDSPERXX,,,2,2039,,,,,,0.0139
VariableCost,VGB,GLOBAL,PWRLDSPERXX,,,2,2040,,,,,,0.0139
VariableCost,VGB,GLOBAL,PWRLDSPERXX,,,2,2041,,,,,,0.0139
VariableCost,VGB,GLOBAL,PWRLDSPERXX,,,2,2042,,,,,,0.0139
VariableCost,VGB,GLOBAL,PWRLDSPERXX,,,2,2043,,,,,,0.0139
VariableCost,VGB,GLOBAL,PWRLDSPERXX,,,2,2044,,,,,,0.0139
VariableCost,VGB,GLOBAL,PWRLDSPERXX,,,2,2045,,,,,,0.0139
VariableCost,VGB,GLOBAL,PWRLDSPERXX,,,2,2046,,,,,,0.0139
VariableCost,VGB,GLOBAL,PWRLDSPERXX,,,2,2047,,,,,,0.0139
VariableCost,VGB,GLOBAL,PWRLDSPERXX,,,2,2048,,,,,,0.0139
VariableCost,VGB,GLOBAL,PWRLDSPERXX,,,2,2049,,,,,,0.0139
VariableCost,VGB,GLOBAL,PWRLDSPERXX,,,2,2050,,,,,,0.0139
VariableCost,VGB,GLOBAL,PWRLDSPRYXX,,,2,2023,,,,,,0.0139
VariableCost,VGB,GLOBAL,PWRLDSPRYXX,,,2,2024,,,,,,0.0139
VariableCost,VGB,GLOBAL,PWRLDSPRYXX,,,2,2025,,,,,,0.0139
VariableCost,VGB,GLOBAL,PWRLDSPRYXX,,,2,2026,,,,,,0.0139
VariableCost,VGB,GLOBAL,PWRLDSPRYXX,,,2,2027,,,,,,0.0139
VariableCost,VGB,GLOBAL,PWRLDSPRYXX,,,2,2028,,,,,,0.0139
VariableCost,VGB,GLOBAL,PWRLDSPRYXX,,,2,2029,,,,,,0.0139
VariableCost,VGB,GLOBAL,PWRLDSPRYXX,,,2,2030,,,,,,0.0139
VariableCost,VGB,GLOBAL,PWRLDSPRYXX,,,2,2031,,,,,,0.0139
VariableCost,VGB,GLOBAL,PWRLDSPRYXX,,,2,2032,,,,,,0.0139
VariableCost,VGB,GLOBAL,PWRLDSPRYXX,,,2,2033,,,,,,0.0139
VariableCost,VGB,GLOBAL,PWRLDSPRYXX,,,2,2034,,,,,,0.0139
VariableCost,VGB,GLOBAL,PWRLDSPRYXX,,,2,2035,,,,,,0.0139
VariableCost,VGB,GLOBAL,PWRLDSPRYXX,,,2,2036,,,,,,0.0139
VariableCost,VGB,GLOBAL,PWRLDSPRYXX,,,2,2037,,,,,,0.0139
VariableCost,VGB,GLOBAL,PWRLDSPRYXX,,,2,2038,,,,,,0.0139
VariableCost,VGB,GLOBAL,PWRLDSPRYXX,,,2,2039,,,,,,0.0139
VariableCost,VGB,GLOBAL,PWRLDSPRYXX,,,2,2040,,,,,,0.0139
VariableCost,VGB,GLOBAL,PWRLDSPRYXX,,,2,2041,,,,,,0.0139
VariableCost,VGB,GLOBAL,PWRLDSPRYXX,,,2,2042,,,,,,0.0139
VariableCost,VGB,GLOBAL,PWRLDSPRYXX,,,2,2043,,,,,,0.0139
VariableCost,VGB,GLOBAL,PWRLDSPRYXX,,,2,2044,,,,,,0.0139
VariableCost,VGB,GLOBAL,PWRLDSPRYXX,,,2,2045,,,,,,0.0139
VariableCost,VGB,GLOBAL,PWRLDSPRYXX,,,2,2046,,,,,,0.0139
VariableCost,VGB,GLOBAL,PWRLDSPRYXX,,,2,2047,,,,,,0.0139
VariableCost,VGB,GLOBAL,PWRLDSPRYXX,,,2,2048,,,,,,0.0139
VariableCost,VGB,GLOBAL,PWRLDSPRYXX,,,2,2049,,,,,,0.0139
VariableCost,VGB,GLOBAL,PWRLDSPRYXX,,,2,2050,,,,,,0.0139
VariableCost,VGB,GLOBAL,PWRLDSSLVXX,,,2,2023,,,,,,0.0139
VariableCost,VGB,GLOBAL,PWRLDSSLVXX,,,2,2024,,,,,,0.0139
VariableCost,VGB,GLOBAL,PWRLDSSLVXX,,,2,2025,,,,,,0.0139
VariableCost,VGB,GLOBAL,PWRLDSSLVXX,,,2,2026,,,,,,0.0139
VariableCost,VGB,GLOBAL,PWRLDSSLVXX,,,2,2027,,,,,,0.0139
VariableCost,VGB,GLOBAL,PWRLDSSLVXX,,,2,2028,,,,,,0.0139
VariableCost,VGB,GLOBAL,PWRLDSSLVXX,,,2,2029,,,,,,0.0139
VariableCost,VGB,GLOBAL,PWRLDSSLVXX,,,2,2030,,,,,,0.0139
VariableCost,VGB,GLOBAL,PWRLDSSLVXX,,,2,2031,,,,,,0.0139
VariableCost,VGB,GLOBAL,PWRLDSSLVXX,,,2,2032,,,,,,0.0139
VariableCost,VGB,GLOBAL,PWRLDSSLVXX,,,2,2033,,,,,,0.0139
VariableCost,VGB,GLOBAL,PWRLDSSLVXX,,,2,2034,,,,,,0.0139
VariableCost,VGB,GLOBAL,PWRLDSSLVXX,,,2,2035,,,,,,0.0139
VariableCost,VGB,GLOBAL,PWRLDSSLVXX,,,2,2036,,,,,,0.0139
VariableCost,VGB,GLOBAL,PWRLDSSLVXX,,,2,2037,,,,,,0.0139
VariableCost,VGB,GLOBAL,PWRLDSSLVXX,,,2,2038,,,,,,0.0139
VariableCost,VGB,GLOBAL,PWRLDSSLVXX,,,2,2039,,,,,,0.0139
VariableCost,VGB,GLOBAL,PWRLDSSLVXX,,,2,2040,,,,,,0.0139
VariableCost,VGB,GLOBAL,PWRLDSSLVXX,,,2,2041,,,,,,0.0139
VariableCost,VGB,GLOBAL,PWRLDSSLVXX,,,2,2042,,,,,,0.0139
VariableCost,VGB,GLOBAL,PWRLDSSLVXX,,,2,2043,,,,,,0.0139
VariableCost,VGB,GLOBAL,PWRLDSSLVXX,,,2,2044,,,,,,0.0139
VariableCost,VGB,GLOBAL,PWRLDSSLVXX,,,2,2045,,,,,,0.0139
VariableCost,VGB,GLOBAL,PWRLDSSLVXX,,,2,2046,,,,,,0.0139
VariableCost,VGB,GLOBAL,PWRLDSSLVXX,,,2,2047,,,,,,0.0139
VariableCost,VGB,GLOBAL,PWRLDSSLVXX,,,2,2048,,,,,,0.0139
VariableCost,VGB,GLOBAL,PWRLDSSLVXX,,,2,2049,,,,,,0.0139
VariableCost,VGB,GLOBAL,PWRLDSSLVXX,,,2,2050,,,,,,0.0139
VariableCost,VGB,GLOBAL,PWRLDSURYXX,,,2,2023,,,,,,0.0139
VariableCost,VGB,GLOBAL,PWRLDSURYXX,,,2,2024,,,,,,0.0139
VariableCost,VGB,GLOBAL,PWRLDSURYXX,,,2,2025,,,,,,0.0139
VariableCost,VGB,GLOBAL,PWRLDSURYXX,,,2,2026,,,,,,0.0139
VariableCost,VGB,GLOBAL,PWRLDSURYXX,,,2,2027,,,,,,0.0139
VariableCost,VGB,GLOBAL,PWRLDSURYXX,,,2,2028,,,,,,0.0139
VariableCost,VGB,GLOBAL,PWRLDSURYXX,,,2,2029,,,,,,0.0139
VariableCost,VGB,GLOBAL,PWRLDSURYXX,,,2,2030,,,,,,0.0139
VariableCost,VGB,GLOBAL,PWRLDSURYXX,,,2,2031,,,,,,0.0139
VariableCost,VGB,GLOBAL,PWRLDSURYXX,,,2,2032,,,,,,0.0139
VariableCost,VGB,GLOBAL,PWRLDSURYXX,,,2,2033,,,,,,0.0139
VariableCost,VGB,GLOBAL,PWRLDSURYXX,,,2,2034,,,,,,0.0139
VariableCost,VGB,GLOBAL,PWRLDSURYXX,,,2,2035,,,,,,0.0139
VariableCost,VGB,GLOBAL,PWRLDSURYXX,,,2,2036,,,,,,0.0139
VariableCost,VGB,GLOBAL,PWRLDSURYXX,,,2,2037,,,,,,0.0139
VariableCost,VGB,GLOBAL,PWRLDSURYXX,,,2,2038,,,,,,0.0139
VariableCost,VGB,GLOBAL,PWRLDSURYXX,,,2,2039,,,,,,0.0139
VariableCost,VGB,GLOBAL,PWRLDSURYXX,,,2,2040,,,,,,0.0139
VariableCost,VGB,GLOBAL,PWRLDSURYXX,,,2,2041,,,,,,0.0139
VariableCost,VGB,GLOBAL,PWRLDSURYXX,,,2,2042,,,,,,0.0139
VariableCost,VGB,GLOBAL,PWRLDSURYXX,,,2,2043,,,,,,0.0139
VariableCost,VGB,GLOBAL,PWRLDSURYXX,,,2,2044,,,,,,0.0139
VariableCost,VGB,GLOBAL,PWRLDSURYXX,,,2,2045,,,,,,0.0139
VariableCost,VGB,GLOBAL,PWRLDSURYXX,,,2,2046,,,,,,0.0139
VariableCost,VGB,GLOBAL,PWRLDSURYXX,,,2,2047,,,,,,0.0139
VariableCost,VGB,GLOBAL,PWRLDSURYXX,,,2,2048,,,,,,0.0139
VariableCost,VGB,GLOBAL,PWRLDSURYXX,,,2,2049,,,,,,0.0139
VariableCost,VGB,GLOBAL,PWRLDSURYXX,,,2,2050,,,,,,0.0139
VariableCost,VGB,GLOBAL,PWRSDSARGXX,,,2,2023,,,,,,0.0
VariableCost,VGB,GLOBAL,PWRSDSARGXX,,,2,2024,,,,,,0.0
VariableCost,VGB,GLOBAL,PWRSDSARGXX,,,2,2025,,,,,,0.0
VariableCost,VGB,GLOBAL,PWRSDSARGXX,,,2,2026,,,,,,0.0
VariableCost,VGB,GLOBAL,PWRSDSARGXX,,,2,2027,,,,,,0.0
VariableCost,VGB,GLOBAL,PWRSDSARGXX,,,2,2028,,,,,,0.0
VariableCost,VGB,GLOBAL,PWRSDSARGXX,,,2,2029,,,,,,0.0
VariableCost,VGB,GLOBAL,PWRSDSARGXX,,,2,2030,,,,,,0.0
VariableCost,VGB,GLOBAL,PWRSDSARGXX,,,2,2031,,,,,,0.0
VariableCost,VGB,GLOBAL,PWRSDSARGXX,,,2,2032,,,,,,0.0
VariableCost,VGB,GLOBAL,PWRSDSARGXX,,,2,2033,,,,,,0.0
VariableCost,VGB,GLOBAL,PWRSDSARGXX,,,2,2034,,,,,,0.0
VariableCost,VGB,GLOBAL,PWRSDSARGXX,,,2,2035,,,,,,0.0
VariableCost,VGB,GLOBAL,PWRSDSARGXX,,,2,2036,,,,,,0.0
VariableCost,VGB,GLOBAL,PWRSDSARGXX,,,2,2037,,,,,,0.0
VariableCost,VGB,GLOBAL,PWRSDSARGXX,,,2,2038,,,,,,0.0
VariableCost,VGB,GLOBAL,PWRSDSARGXX,,,2,2039,,,,,,0.0
VariableCost,VGB,GLOBAL,PWRSDSARGXX,,,2,2040,,,,,,0.0
VariableCost,VGB,GLOBAL,PWRSDSARGXX,,,2,2041,,,,,,0.0
VariableCost,VGB,GLOBAL,PWRSDSARGXX,,,2,2042,,,,,,0.0
VariableCost,VGB,GLOBAL,PWRSDSARGXX,,,2,2043,,,,,,0.0
VariableCost,VGB,GLOBAL,PWRSDSARGXX,,,2,2044,,,,,,0.0
VariableCost,VGB,GLOBAL,PWRSDSARGXX,,,2,2045,,,,,,0.0
VariableCost,VGB,GLOBAL,PWRSDSARGXX,,,2,2046,,,,,,0.0
VariableCost,VGB,GLOBAL,PWRSDSARGXX,,,2,2047,,,,,,0.0
VariableCost,VGB,GLOBAL,PWRSDSARGXX,,,2,2048,,,,,,0.0
VariableCost,VGB,GLOBAL,PWRSDSARGXX,,,2,2049,,,,,,0.0
VariableCost,VGB,GLOBAL,PWRSDSARGXX,,,2,2050,,,,,,0.0
VariableCost,VGB,GLOBAL,PWRSDSBOLXX,,,2,2023,,,,,,0.0
VariableCost,VGB,GLOBAL,PWRSDSBOLXX,,,2,2024,,,,,,0.0
VariableCost,VGB,GLOBAL,PWRSDSBOLXX,,,2,2025,,,,,,0.0
VariableCost,VGB,GLOBAL,PWRSDSBOLXX,,,2,2026,,,,,,0.0
VariableCost,VGB,GLOBAL,PWRSDSBOLXX,,,2,2027,,,,,,0.0
VariableCost,VGB,GLOBAL,PWRSDSBOLXX,,,2,2028,,,,,,0.0
VariableCost,VGB,GLOBAL,PWRSDSBOLXX,,,2,2029,,,,,,0.0
VariableCost,VGB,GLOBAL,PWRSDSBOLXX,,,2,2030,,,,,,0.0
VariableCost,VGB,GLOBAL,PWRSDSBOLXX,,,2,2031,,,,,,0.0
VariableCost,VGB,GLOBAL,PWRSDSBOLXX,,,2,2032,,,,,,0.0
VariableCost,VGB,GLOBAL,PWRSDSBOLXX,,,2,2033,,,,,,0.0
VariableCost,VGB,GLOBAL,PWRSDSBOLXX,,,2,2034,,,,,,0.0
VariableCost,VGB,GLOBAL,PWRSDSBOLXX,,,2,2035,,,,,,0.0
VariableCost,VGB,GLOBAL,PWRSDSBOLXX,,,2,2036,,,,,,0.0
VariableCost,VGB,GLOBAL,PWRSDSBOLXX,,,2,2037,,,,,,0.0
VariableCost,VGB,GLOBAL,PWRSDSBOLXX,,,2,2038,,,,,,0.0
VariableCost,VGB,GLOBAL,PWRSDSBOLXX,,,2,2039,,,,,,0.0
VariableCost,VGB,GLOBAL,PWRSDSBOLXX,,,2,2040,,,,,,0.0
VariableCost,VGB,GLOBAL,PWRSDSBOLXX,,,2,2041,,,,,,0.0
VariableCost,VGB,GLOBAL,PWRSDSBOLXX,,,2,2042,,,,,,0.0
VariableCost,VGB,GLOBAL,PWRSDSBOLXX,,,2,2043,,,,,,0.0
VariableCost,VGB,GLOBAL,PWRSDSBOLXX,,,2,2044,,,,,,0.0
VariableCost,VGB,GLOBAL,PWRSDSBOLXX,,,2,2045,,,,,,0.0
VariableCost,VGB,GLOBAL,PWRSDSBOLXX,,,2,2046,,,,,,0.0
VariableCost,VGB,GLOBAL,PWRSDSBOLXX,,,2,2047,,,,,,0.0
VariableCost,VGB,GLOBAL,PWRSDSBOLXX,,,2,2048,,,,,,0.0
VariableCost,VGB,GLOBAL,PWRSDSBOLXX,,,2,2049,,,,,,0.0
VariableCost,VGB,GLOBAL,PWRSDSBOLXX,,,2,2050,,,,,,0.0
VariableCost,VGB,GLOBAL,PWRSDSBRAXX,,,2,2023,,,,,,0.0
VariableCost,VGB,GLOBAL,PWRSDSBRAXX,,,2,2024,,,,,,0.0
VariableCost,VGB,GLOBAL,PWRSDSBRAXX,,,2,2025,,,,,,0.0
VariableCost,VGB,GLOBAL,PWRSDSBRAXX,,,2,2026,,,,,,0.0
VariableCost,VGB,GLOBAL,PWRSDSBRAXX,,,2,2027,,,,,,0.0
VariableCost,VGB,GLOBAL,PWRSDSBRAXX,,,2,2028,,,,,,0.0
VariableCost,VGB,GLOBAL,PWRSDSBRAXX,,,2,2029,,,,,,0.0
VariableCost,VGB,GLOBAL,PWRSDSBRAXX,,,2,2030,,,,,,0.0
VariableCost,VGB,GLOBAL,PWRSDSBRAXX,,,2,2031,,,,,,0.0
VariableCost,VGB,GLOBAL,PWRSDSBRAXX,,,2,2032,,,,,,0.0
VariableCost,VGB,GLOBAL,PWRSDSBRAXX,,,2,2033,,,,,,0.0
VariableCost,VGB,GLOBAL,PWRSDSBRAXX,,,2,2034,,,,,,0.0
VariableCost,VGB,GLOBAL,PWRSDSBRAXX,,,2,2035,,,,,,0.0
VariableCost,VGB,GLOBAL,PWRSDSBRAXX,,,2,2036,,,,,,0.0
VariableCost,VGB,GLOBAL,PWRSDSBRAXX,,,2,2037,,,,,,0.0
VariableCost,VGB,GLOBAL,PWRSDSBRAXX,,,2,2038,,,,,,0.0
VariableCost,VGB,GLOBAL,PWRSDSBRAXX,,,2,2039,,,,,,0.0
VariableCost,VGB,GLOBAL,PWRSDSBRAXX,,,2,2040,,,,,,0.0
VariableCost,VGB,GLOBAL,PWRSDSBRAXX,,,2,2041,,,,,,0.0
VariableCost,VGB,GLOBAL,PWRSDSBRAXX,,,2,2042,,,,,,0.0
VariableCost,VGB,GLOBAL,PWRSDSBRAXX,,,2,2043,,,,,,0.0
VariableCost,VGB,GLOBAL,PWRSDSBRAXX,,,2,2044,,,,,,0.0
VariableCost,VGB,GLOBAL,PWRSDSBRAXX,,,2,2045,,,,,,0.0
VariableCost,VGB,GLOBAL,PWRSDSBRAXX,,,2,2046,,,,,,0.0
VariableCost,VGB,GLOBAL,PWRSDSBRAXX,,,2,2047,,,,,,0.0
VariableCost,VGB,GLOBAL,PWRSDSBRAXX,,,2,2048,,,,,,0.0
VariableCost,VGB,GLOBAL,PWRSDSBRAXX,,,2,2049,,,,,,0.0
VariableCost,VGB,GLOBAL,PWRSDSBRAXX,,,2,2050,,,,,,0.0
VariableCost,VGB,GLOBAL,PWRSDSBRBXX,,,2,2023,,,,,,0.0
VariableCost,VGB,GLOBAL,PWRSDSBRBXX,,,2,2024,,,,,,0.0
VariableCost,VGB,GLOBAL,PWRSDSBRBXX,,,2,2025,,,,,,0.0
VariableCost,VGB,GLOBAL,PWRSDSBRBXX,,,2,2026,,,,,,0.0
VariableCost,VGB,GLOBAL,PWRSDSBRBXX,,,2,2027,,,,,,0.0
VariableCost,VGB,GLOBAL,PWRSDSBRBXX,,,2,2028,,,,,,0.0
VariableCost,VGB,GLOBAL,PWRSDSBRBXX,,,2,2029,,,,,,0.0
VariableCost,VGB,GLOBAL,PWRSDSBRBXX,,,2,2030,,,,,,0.0
VariableCost,VGB,GLOBAL,PWRSDSBRBXX,,,2,2031,,,,,,0.0
VariableCost,VGB,GLOBAL,PWRSDSBRBXX,,,2,2032,,,,,,0.0
VariableCost,VGB,GLOBAL,PWRSDSBRBXX,,,2,2033,,,,,,0.0
VariableCost,VGB,GLOBAL,PWRSDSBRBXX,,,2,2034,,,,,,0.0
VariableCost,VGB,GLOBAL,PWRSDSBRBXX,,,2,2035,,,,,,0.0
VariableCost,VGB,GLOBAL,PWRSDSBRBXX,,,2,2036,,,,,,0.0
VariableCost,VGB,GLOBAL,PWRSDSBRBXX,,,2,2037,,,,,,0.0
VariableCost,VGB,GLOBAL,PWRSDSBRBXX,,,2,2038,,,,,,0.0
VariableCost,VGB,GLOBAL,PWRSDSBRBXX,,,2,2039,,,,,,0.0
VariableCost,VGB,GLOBAL,PWRSDSBRBXX,,,2,2040,,,,,,0.0
VariableCost,VGB,GLOBAL,PWRSDSBRBXX,,,2,2041,,,,,,0.0
VariableCost,VGB,GLOBAL,PWRSDSBRBXX,,,2,2042,,,,,,0.0
VariableCost,VGB,GLOBAL,PWRSDSBRBXX,,,2,2043,,,,,,0.0
VariableCost,VGB,GLOBAL,PWRSDSBRBXX,,,2,2044,,,,,,0.0
VariableCost,VGB,GLOBAL,PWRSDSBRBXX,,,2,2045,,,,,,0.0
VariableCost,VGB,GLOBAL,PWRSDSBRBXX,,,2,2046,,,,,,0.0
VariableCost,VGB,GLOBAL,PWRSDSBRBXX,,,2,2047,,,,,,0.0
VariableCost,VGB,GLOBAL,PWRSDSBRBXX,,,2,2048,,,,,,0.0
VariableCost,VGB,GLOBAL,PWRSDSBRBXX,,,2,2049,,,,,,0.0
VariableCost,VGB,GLOBAL,PWRSDSBRBXX,,,2,2050,,,,,,0.0
VariableCost,VGB,GLOBAL,PWRSDSCHLXX,,,2,2023,,,,,,0.0
VariableCost,VGB,GLOBAL,PWRSDSCHLXX,,,2,2024,,,,,,0.0
VariableCost,VGB,GLOBAL,PWRSDSCHLXX,,,2,2025,,,,,,0.0
VariableCost,VGB,GLOBAL,PWRSDSCHLXX,,,2,2026,,,,,,0.0
VariableCost,VGB,GLOBAL,PWRSDSCHLXX,,,2,2027,,,,,,0.0
VariableCost,VGB,GLOBAL,PWRSDSCHLXX,,,2,2028,,,,,,0.0
VariableCost,VGB,GLOBAL,PWRSDSCHLXX,,,2,2029,,,,,,0.0
VariableCost,VGB,GLOBAL,PWRSDSCHLXX,,,2,2030,,,,,,0.0
VariableCost,VGB,GLOBAL,PWRSDSCHLXX,,,2,2031,,,,,,0.0
VariableCost,VGB,GLOBAL,PWRSDSCHLXX,,,2,2032,,,,,,0.0
VariableCost,VGB,GLOBAL,PWRSDSCHLXX,,,2,2033,,,,,,0.0
VariableCost,VGB,GLOBAL,PWRSDSCHLXX,,,2,2034,,,,,,0.0
VariableCost,VGB,GLOBAL,PWRSDSCHLXX,,,2,2035,,,,,,0.0
VariableCost,VGB,GLOBAL,PWRSDSCHLXX,,,2,2036,,,,,,0.0
VariableCost,VGB,GLOBAL,PWRSDSCHLXX,,,2,2037,,,,,,0.0
VariableCost,VGB,GLOBAL,PWRSDSCHLXX,,,2,2038,,,,,,0.0
VariableCost,VGB,GLOBAL,PWRSDSCHLXX,,,2,2039,,,,,,0.0
VariableCost,VGB,GLOBAL,PWRSDSCHLXX,,,2,2040,,,,,,0.0
VariableCost,VGB,GLOBAL,PWRSDSCHLXX,,,2,2041,,,,,,0.0
VariableCost,VGB,GLOBAL,PWRSDSCHLXX,,,2,2042,,,,,,0.0
VariableCost,VGB,GLOBAL,PWRSDSCHLXX,,,2,2043,,,,,,0.0
VariableCost,VGB,GLOBAL,PWRSDSCHLXX,,,2,2044,,,,,,0.0
VariableCost,VGB,GLOBAL,PWRSDSCHLXX,,,2,2045,,,,,,0.0
VariableCost,VGB,GLOBAL,PWRSDSCHLXX,,,2,2046,,,,,,0.0
VariableCost,VGB,GLOBAL,PWRSDSCHLXX,,,2,2047,,,,,,0.0
VariableCost,VGB,GLOBAL,PWRSDSCHLXX,,,2,2048,,,,,,0.0
VariableCost,VGB,GLOBAL,PWRSDSCHLXX,,,2,2049,,,,,,0.0
VariableCost,VGB,GLOBAL,PWRSDSCHLXX,,,2,2050,,,,,,0.0
VariableCost,VGB,GLOBAL,PWRSDSCOLXX,,,2,2023,,,,,,0.0
VariableCost,VGB,GLOBAL,PWRSDSCOLXX,,,2,2024,,,,,,0.0
VariableCost,VGB,GLOBAL,PWRSDSCOLXX,,,2,2025,,,,,,0.0
VariableCost,VGB,GLOBAL,PWRSDSCOLXX,,,2,2026,,,,,,0.0
VariableCost,VGB,GLOBAL,PWRSDSCOLXX,,,2,2027,,,,,,0.0
VariableCost,VGB,GLOBAL,PWRSDSCOLXX,,,2,2028,,,,,,0.0
VariableCost,VGB,GLOBAL,PWRSDSCOLXX,,,2,2029,,,,,,0.0
VariableCost,VGB,GLOBAL,PWRSDSCOLXX,,,2,2030,,,,,,0.0
VariableCost,VGB,GLOBAL,PWRSDSCOLXX,,,2,2031,,,,,,0.0
VariableCost,VGB,GLOBAL,PWRSDSCOLXX,,,2,2032,,,,,,0.0
VariableCost,VGB,GLOBAL,PWRSDSCOLXX,,,2,2033,,,,,,0.0
VariableCost,VGB,GLOBAL,PWRSDSCOLXX,,,2,2034,,,,,,0.0
VariableCost,VGB,GLOBAL,PWRSDSCOLXX,,,2,2035,,,,,,0.0
VariableCost,VGB,GLOBAL,PWRSDSCOLXX,,,2,2036,,,,,,0.0
VariableCost,VGB,GLOBAL,PWRSDSCOLXX,,,2,2037,,,,,,0.0
VariableCost,VGB,GLOBAL,PWRSDSCOLXX,,,2,2038,,,,,,0.0
VariableCost,VGB,GLOBAL,PWRSDSCOLXX,,,2,2039,,,,,,0.0
VariableCost,VGB,GLOBAL,PWRSDSCOLXX,,,2,2040,,,,,,0.0
VariableCost,VGB,GLOBAL,PWRSDSCOLXX,,,2,2041,,,,,,0.0
VariableCost,VGB,GLOBAL,PWRSDSCOLXX,,,2,2042,,,,,,0.0
VariableCost,VGB,GLOBAL,PWRSDSCOLXX,,,2,2043,,,,,,0.0
VariableCost,VGB,GLOBAL,PWRSDSCOLXX,,,2,2044,,,,,,0.0
VariableCost,VGB,GLOBAL,PWRSDSCOLXX,,,2,2045,,,,,,0.0
VariableCost,VGB,GLOBAL,PWRSDSCOLXX,,,2,2046,,,,,,0.0
VariableCost,VGB,GLOBAL,PWRSDSCOLXX,,,2,2047,,,,,,0.0
VariableCost,VGB,GLOBAL,PWRSDSCOLXX,,,2,2048,,,,,,0.0
VariableCost,VGB,GLOBAL,PWRSDSCOLXX,,,2,2049,,,,,,0.0
VariableCost,VGB,GLOBAL,PWRSDSCOLXX,,,2,2050,,,,,,0.0
VariableCost,VGB,GLOBAL,PWRSDSCRIXX,,,2,2023,,,,,,0.0
VariableCost,VGB,GLOBAL,PWRSDSCRIXX,,,2,2024,,,,,,0.0
VariableCost,VGB,GLOBAL,PWRSDSCRIXX,,,2,2025,,,,,,0.0
VariableCost,VGB,GLOBAL,PWRSDSCRIXX,,,2,2026,,,,,,0.0
VariableCost,VGB,GLOBAL,PWRSDSCRIXX,,,2,2027,,,,,,0.0
VariableCost,VGB,GLOBAL,PWRSDSCRIXX,,,2,2028,,,,,,0.0
VariableCost,VGB,GLOBAL,PWRSDSCRIXX,,,2,2029,,,,,,0.0
VariableCost,VGB,GLOBAL,PWRSDSCRIXX,,,2,2030,,,,,,0.0
VariableCost,VGB,GLOBAL,PWRSDSCRIXX,,,2,2031,,,,,,0.0
VariableCost,VGB,GLOBAL,PWRSDSCRIXX,,,2,2032,,,,,,0.0
VariableCost,VGB,GLOBAL,PWRSDSCRIXX,,,2,2033,,,,,,0.0
VariableCost,VGB,GLOBAL,PWRSDSCRIXX,,,2,2034,,,,,,0.0
VariableCost,VGB,GLOBAL,PWRSDSCRIXX,,,2,2035,,,,,,0.0
VariableCost,VGB,GLOBAL,PWRSDSCRIXX,,,2,2036,,,,,,0.0
VariableCost,VGB,GLOBAL,PWRSDSCRIXX,,,2,2037,,,,,,0.0
VariableCost,VGB,GLOBAL,PWRSDSCRIXX,,,2,2038,,,,,,0.0
VariableCost,VGB,GLOBAL,PWRSDSCRIXX,,,2,2039,,,,,,0.0
VariableCost,VGB,GLOBAL,PWRSDSCRIXX,,,2,2040,,,,,,0.0
VariableCost,VGB,GLOBAL,PWRSDSCRIXX,,,2,2041,,,,,,0.0
VariableCost,VGB,GLOBAL,PWRSDSCRIXX,,,2,2042,,,,,,0.0
VariableCost,VGB,GLOBAL,PWRSDSCRIXX,,,2,2043,,,,,,0.0
VariableCost,VGB,GLOBAL,PWRSDSCRIXX,,,2,2044,,,,,,0.0
VariableCost,VGB,GLOBAL,PWRSDSCRIXX,,,2,2045,,,,,,0.0
VariableCost,VGB,GLOBAL,PWRSDSCRIXX,,,2,2046,,,,,,0.0
VariableCost,VGB,GLOBAL,PWRSDSCRIXX,,,2,2047,,,,,,0.0
VariableCost,VGB,GLOBAL,PWRSDSCRIXX,,,2,2048,,,,,,0.0
VariableCost,VGB,GLOBAL,PWRSDSCRIXX,,,2,2049,,,,,,0.0
VariableCost,VGB,GLOBAL,PWRSDSCRIXX,,,2,2050,,,,,,0.0
VariableCost,VGB,GLOBAL,PWRSDSDOMXX,,,2,2023,,,,,,0.0
VariableCost,VGB,GLOBAL,PWRSDSDOMXX,,,2,2024,,,,,,0.0
VariableCost,VGB,GLOBAL,PWRSDSDOMXX,,,2,2025,,,,,,0.0
VariableCost,VGB,GLOBAL,PWRSDSDOMXX,,,2,2026,,,,,,0.0
VariableCost,VGB,GLOBAL,PWRSDSDOMXX,,,2,2027,,,,,,0.0
VariableCost,VGB,GLOBAL,PWRSDSDOMXX,,,2,2028,,,,,,0.0
VariableCost,VGB,GLOBAL,PWRSDSDOMXX,,,2,2029,,,,,,0.0
VariableCost,VGB,GLOBAL,PWRSDSDOMXX,,,2,2030,,,,,,0.0
VariableCost,VGB,GLOBAL,PWRSDSDOMXX,,,2,2031,,,,,,0.0
VariableCost,VGB,GLOBAL,PWRSDSDOMXX,,,2,2032,,,,,,0.0
VariableCost,VGB,GLOBAL,PWRSDSDOMXX,,,2,2033,,,,,,0.0
VariableCost,VGB,GLOBAL,PWRSDSDOMXX,,,2,2034,,,,,,0.0
VariableCost,VGB,GLOBAL,PWRSDSDOMXX,,,2,2035,,,,,,0.0
VariableCost,VGB,GLOBAL,PWRSDSDOMXX,,,2,2036,,,,,,0.0
VariableCost,VGB,GLOBAL,PWRSDSDOMXX,,,2,2037,,,,,,0.0
VariableCost,VGB,GLOBAL,PWRSDSDOMXX,,,2,2038,,,,,,0.0
VariableCost,VGB,GLOBAL,PWRSDSDOMXX,,,2,2039,,,,,,0.0
VariableCost,VGB,GLOBAL,PWRSDSDOMXX,,,2,2040,,,,,,0.0
VariableCost,VGB,GLOBAL,PWRSDSDOMXX,,,2,2041,,,,,,0.0
VariableCost,VGB,GLOBAL,PWRSDSDOMXX,,,2,2042,,,,,,0.0
VariableCost,VGB,GLOBAL,PWRSDSDOMXX,,,2,2043,,,,,,0.0
VariableCost,VGB,GLOBAL,PWRSDSDOMXX,,,2,2044,,,,,,0.0
VariableCost,VGB,GLOBAL,PWRSDSDOMXX,,,2,2045,,,,,,0.0
VariableCost,VGB,GLOBAL,PWRSDSDOMXX,,,2,2046,,,,,,0.0
VariableCost,VGB,GLOBAL,PWRSDSDOMXX,,,2,2047,,,,,,0.0
VariableCost,VGB,GLOBAL,PWRSDSDOMXX,,,2,2048,,,,,,0.0
VariableCost,VGB,GLOBAL,PWRSDSDOMXX,,,2,2049,,,,,,0.0
VariableCost,VGB,GLOBAL,PWRSDSDOMXX,,,2,2050,,,,,,0.0
VariableCost,VGB,GLOBAL,PWRSDSECUXX,,,2,2023,,,,,,0.0
VariableCost,VGB,GLOBAL,PWRSDSECUXX,,,2,2024,,,,,,0.0
VariableCost,VGB,GLOBAL,PWRSDSECUXX,,,2,2025,,,,,,0.0
VariableCost,VGB,GLOBAL,PWRSDSECUXX,,,2,2026,,,,,,0.0
VariableCost,VGB,GLOBAL,PWRSDSECUXX,,,2,2027,,,,,,0.0
VariableCost,VGB,GLOBAL,PWRSDSECUXX,,,2,2028,,,,,,0.0
VariableCost,VGB,GLOBAL,PWRSDSECUXX,,,2,2029,,,,,,0.0
VariableCost,VGB,GLOBAL,PWRSDSECUXX,,,2,2030,,,,,,0.0
VariableCost,VGB,GLOBAL,PWRSDSECUXX,,,2,2031,,,,,,0.0
VariableCost,VGB,GLOBAL,PWRSDSECUXX,,,2,2032,,,,,,0.0
VariableCost,VGB,GLOBAL,PWRSDSECUXX,,,2,2033,,,,,,0.0
VariableCost,VGB,GLOBAL,PWRSDSECUXX,,,2,2034,,,,,,0.0
VariableCost,VGB,GLOBAL,PWRSDSECUXX,,,2,2035,,,,,,0.0
VariableCost,VGB,GLOBAL,PWRSDSECUXX,,,2,2036,,,,,,0.0
VariableCost,VGB,GLOBAL,PWRSDSECUXX,,,2,2037,,,,,,0.0
VariableCost,VGB,GLOBAL,PWRSDSECUXX,,,2,2038,,,,,,0.0
VariableCost,VGB,GLOBAL,PWRSDSECUXX,,,2,2039,,,,,,0.0
VariableCost,VGB,GLOBAL,PWRSDSECUXX,,,2,2040,,,,,,0.0
VariableCost,VGB,GLOBAL,PWRSDSECUXX,,,2,2041,,,,,,0.0
VariableCost,VGB,GLOBAL,PWRSDSECUXX,,,2,2042,,,,,,0.0
VariableCost,VGB,GLOBAL,PWRSDSECUXX,,,2,2043,,,,,,0.0
VariableCost,VGB,GLOBAL,PWRSDSECUXX,,,2,2044,,,,,,0.0
VariableCost,VGB,GLOBAL,PWRSDSECUXX,,,2,2045,,,,,,0.0
VariableCost,VGB,GLOBAL,PWRSDSECUXX,,,2,2046,,,,,,0.0
VariableCost,VGB,GLOBAL,PWRSDSECUXX,,,2,2047,,,,,,0.0
VariableCost,VGB,GLOBAL,PWRSDSECUXX,,,2,2048,,,,,,0.0
VariableCost,VGB,GLOBAL,PWRSDSECUXX,,,2,2049,,,,,,0.0
VariableCost,VGB,GLOBAL,PWRSDSECUXX,,,2,2050,,,,,,0.0
VariableCost,VGB,GLOBAL,PWRSDSGTMXX,,,2,2023,,,,,,0.0
VariableCost,VGB,GLOBAL,PWRSDSGTMXX,,,2,2024,,,,,,0.0
VariableCost,VGB,GLOBAL,PWRSDSGTMXX,,,2,2025,,,,,,0.0
VariableCost,VGB,GLOBAL,PWRSDSGTMXX,,,2,2026,,,,,,0.0
VariableCost,VGB,GLOBAL,PWRSDSGTMXX,,,2,2027,,,,,,0.0
VariableCost,VGB,GLOBAL,PWRSDSGTMXX,,,2,2028,,,,,,0.0
VariableCost,VGB,GLOBAL,PWRSDSGTMXX,,,2,2029,,,,,,0.0
VariableCost,VGB,GLOBAL,PWRSDSGTMXX,,,2,2030,,,,,,0.0
VariableCost,VGB,GLOBAL,PWRSDSGTMXX,,,2,2031,,,,,,0.0
VariableCost,VGB,GLOBAL,PWRSDSGTMXX,,,2,2032,,,,,,0.0
VariableCost,VGB,GLOBAL,PWRSDSGTMXX,,,2,2033,,,,,,0.0
VariableCost,VGB,GLOBAL,PWRSDSGTMXX,,,2,2034,,,,,,0.0
VariableCost,VGB,GLOBAL,PWRSDSGTMXX,,,2,2035,,,,,,0.0
VariableCost,VGB,GLOBAL,PWRSDSGTMXX,,,2,2036,,,,,,0.0
VariableCost,VGB,GLOBAL,PWRSDSGTMXX,,,2,2037,,,,,,0.0
VariableCost,VGB,GLOBAL,PWRSDSGTMXX,,,2,2038,,,,,,0.0
VariableCost,VGB,GLOBAL,PWRSDSGTMXX,,,2,2039,,,,,,0.0
VariableCost,VGB,GLOBAL,PWRSDSGTMXX,,,2,2040,,,,,,0.0
VariableCost,VGB,GLOBAL,PWRSDSGTMXX,,,2,2041,,,,,,0.0
VariableCost,VGB,GLOBAL,PWRSDSGTMXX,,,2,2042,,,,,,0.0
VariableCost,VGB,GLOBAL,PWRSDSGTMXX,,,2,2043,,,,,,0.0
VariableCost,VGB,GLOBAL,PWRSDSGTMXX,,,2,2044,,,,,,0.0
VariableCost,VGB,GLOBAL,PWRSDSGTMXX,,,2,2045,,,,,,0.0
VariableCost,VGB,GLOBAL,PWRSDSGTMXX,,,2,2046,,,,,,0.0
VariableCost,VGB,GLOBAL,PWRSDSGTMXX,,,2,2047,,,,,,0.0
VariableCost,VGB,GLOBAL,PWRSDSGTMXX,,,2,2048,,,,,,0.0
VariableCost,VGB,GLOBAL,PWRSDSGTMXX,,,2,2049,,,,,,0.0
VariableCost,VGB,GLOBAL,PWRSDSGTMXX,,,2,2050,,,,,,0.0
VariableCost,VGB,GLOBAL,PWRSDSHNDXX,,,2,2023,,,,,,0.0
VariableCost,VGB,GLOBAL,PWRSDSHNDXX,,,2,2024,,,,,,0.0
VariableCost,VGB,GLOBAL,PWRSDSHNDXX,,,2,2025,,,,,,0.0
VariableCost,VGB,GLOBAL,PWRSDSHNDXX,,,2,2026,,,,,,0.0
VariableCost,VGB,GLOBAL,PWRSDSHNDXX,,,2,2027,,,,,,0.0
VariableCost,VGB,GLOBAL,PWRSDSHNDXX,,,2,2028,,,,,,0.0
VariableCost,VGB,GLOBAL,PWRSDSHNDXX,,,2,2029,,,,,,0.0
VariableCost,VGB,GLOBAL,PWRSDSHNDXX,,,2,2030,,,,,,0.0
VariableCost,VGB,GLOBAL,PWRSDSHNDXX,,,2,2031,,,,,,0.0
VariableCost,VGB,GLOBAL,PWRSDSHNDXX,,,2,2032,,,,,,0.0
VariableCost,VGB,GLOBAL,PWRSDSHNDXX,,,2,2033,,,,,,0.0
VariableCost,VGB,GLOBAL,PWRSDSHNDXX,,,2,2034,,,,,,0.0
VariableCost,VGB,GLOBAL,PWRSDSHNDXX,,,2,2035,,,,,,0.0
VariableCost,VGB,GLOBAL,PWRSDSHNDXX,,,2,2036,,,,,,0.0
VariableCost,VGB,GLOBAL,PWRSDSHNDXX,,,2,2037,,,,,,0.0
VariableCost,VGB,GLOBAL,PWRSDSHNDXX,,,2,2038,,,,,,0.0
VariableCost,VGB,GLOBAL,PWRSDSHNDXX,,,2,2039,,,,,,0.0
VariableCost,VGB,GLOBAL,PWRSDSHNDXX,,,2,2040,,,,,,0.0
VariableCost,VGB,GLOBAL,PWRSDSHNDXX,,,2,2041,,,,,,0.0
VariableCost,VGB,GLOBAL,PWRSDSHNDXX,,,2,2042,,,,,,0.0
VariableCost,VGB,GLOBAL,PWRSDSHNDXX,,,2,2043,,,,,,0.0
VariableCost,VGB,GLOBAL,PWRSDSHNDXX,,,2,2044,,,,,,0.0
VariableCost,VGB,GLOBAL,PWRSDSHNDXX,,,2,2045,,,,,,0.0
VariableCost,VGB,GLOBAL,PWRSDSHNDXX,,,2,2046,,,,,,0.0
VariableCost,VGB,GLOBAL,PWRSDSHNDXX,,,2,2047,,,,,,0.0
VariableCost,VGB,GLOBAL,PWRSDSHNDXX,,,2,2048,,,,,,0.0
VariableCost,VGB,GLOBAL,PWRSDSHNDXX,,,2,2049,,,,,,0.0
VariableCost,VGB,GLOBAL,PWRSDSHNDXX,,,2,2050,,,,,,0.0
VariableCost,VGB,GLOBAL,PWRSDSHTIXX,,,2,2023,,,,,,0.0
VariableCost,VGB,GLOBAL,PWRSDSHTIXX,,,2,2024,,,,,,0.0
VariableCost,VGB,GLOBAL,PWRSDSHTIXX,,,2,2025,,,,,,0.0
VariableCost,VGB,GLOBAL,PWRSDSHTIXX,,,2,2026,,,,,,0.0
VariableCost,VGB,GLOBAL,PWRSDSHTIXX,,,2,2027,,,,,,0.0
VariableCost,VGB,GLOBAL,PWRSDSHTIXX,,,2,2028,,,,,,0.0
VariableCost,VGB,GLOBAL,PWRSDSHTIXX,,,2,2029,,,,,,0.0
VariableCost,VGB,GLOBAL,PWRSDSHTIXX,,,2,2030,,,,,,0.0
VariableCost,VGB,GLOBAL,PWRSDSHTIXX,,,2,2031,,,,,,0.0
VariableCost,VGB,GLOBAL,PWRSDSHTIXX,,,2,2032,,,,,,0.0
VariableCost,VGB,GLOBAL,PWRSDSHTIXX,,,2,2033,,,,,,0.0
VariableCost,VGB,GLOBAL,PWRSDSHTIXX,,,2,2034,,,,,,0.0
VariableCost,VGB,GLOBAL,PWRSDSHTIXX,,,2,2035,,,,,,0.0
VariableCost,VGB,GLOBAL,PWRSDSHTIXX,,,2,2036,,,,,,0.0
VariableCost,VGB,GLOBAL,PWRSDSHTIXX,,,2,2037,,,,,,0.0
VariableCost,VGB,GLOBAL,PWRSDSHTIXX,,,2,2038,,,,,,0.0
VariableCost,VGB,GLOBAL,PWRSDSHTIXX,,,2,2039,,,,,,0.0
VariableCost,VGB,GLOBAL,PWRSDSHTIXX,,,2,2040,,,,,,0.0
VariableCost,VGB,GLOBAL,PWRSDSHTIXX,,,2,2041,,,,,,0.0
VariableCost,VGB,GLOBAL,PWRSDSHTIXX,,,2,2042,,,,,,0.0
VariableCost,VGB,GLOBAL,PWRSDSHTIXX,,,2,2043,,,,,,0.0
VariableCost,VGB,GLOBAL,PWRSDSHTIXX,,,2,2044,,,,,,0.0
VariableCost,VGB,GLOBAL,PWRSDSHTIXX,,,2,2045,,,,,,0.0
VariableCost,VGB,GLOBAL,PWRSDSHTIXX,,,2,2046,,,,,,0.0
VariableCost,VGB,GLOBAL,PWRSDSHTIXX,,,2,2047,,,,,,0.0
VariableCost,VGB,GLOBAL,PWRSDSHTIXX,,,2,2048,,,,,,0.0
VariableCost,VGB,GLOBAL,PWRSDSHTIXX,,,2,2049,,,,,,0.0
VariableCost,VGB,GLOBAL,PWRSDSHTIXX,,,2,2050,,,,,,0.0
VariableCost,VGB,GLOBAL,PWRSDSMEXXX,,,2,2023,,,,,,0.0
VariableCost,VGB,GLOBAL,PWRSDSMEXXX,,,2,2024,,,,,,0.0
VariableCost,VGB,GLOBAL,PWRSDSMEXXX,,,2,2025,,,,,,0.0
VariableCost,VGB,GLOBAL,PWRSDSMEXXX,,,2,2026,,,,,,0.0
VariableCost,VGB,GLOBAL,PWRSDSMEXXX,,,2,2027,,,,,,0.0
VariableCost,VGB,GLOBAL,PWRSDSMEXXX,,,2,2028,,,,,,0.0
VariableCost,VGB,GLOBAL,PWRSDSMEXXX,,,2,2029,,,,,,0.0
VariableCost,VGB,GLOBAL,PWRSDSMEXXX,,,2,2030,,,,,,0.0
VariableCost,VGB,GLOBAL,PWRSDSMEXXX,,,2,2031,,,,,,0.0
VariableCost,VGB,GLOBAL,PWRSDSMEXXX,,,2,2032,,,,,,0.0
VariableCost,VGB,GLOBAL,PWRSDSMEXXX,,,2,2033,,,,,,0.0
VariableCost,VGB,GLOBAL,PWRSDSMEXXX,,,2,2034,,,,,,0.0
VariableCost,VGB,GLOBAL,PWRSDSMEXXX,,,2,2035,,,,,,0.0
VariableCost,VGB,GLOBAL,PWRSDSMEXXX,,,2,2036,,,,,,0.0
VariableCost,VGB,GLOBAL,PWRSDSMEXXX,,,2,2037,,,,,,0.0
VariableCost,VGB,GLOBAL,PWRSDSMEXXX,,,2,2038,,,,,,0.0
VariableCost,VGB,GLOBAL,PWRSDSMEXXX,,,2,2039,,,,,,0.0
VariableCost,VGB,GLOBAL,PWRSDSMEXXX,,,2,2040,,,,,,0.0
VariableCost,VGB,GLOBAL,PWRSDSMEXXX,,,2,2041,,,,,,0.0
VariableCost,VGB,GLOBAL,PWRSDSMEXXX,,,2,2042,,,,,,0.0
VariableCost,VGB,GLOBAL,PWRSDSMEXXX,,,2,2043,,,,,,0.0
VariableCost,VGB,GLOBAL,PWRSDSMEXXX,,,2,2044,,,,,,0.0
VariableCost,VGB,GLOBAL,PWRSDSMEXXX,,,2,2045,,,,,,0.0
VariableCost,VGB,GLOBAL,PWRSDSMEXXX,,,2,2046,,,,,,0.0
VariableCost,VGB,GLOBAL,PWRSDSMEXXX,,,2,2047,,,,,,0.0
VariableCost,VGB,GLOBAL,PWRSDSMEXXX,,,2,2048,,,,,,0.0
VariableCost,VGB,GLOBAL,PWRSDSMEXXX,,,2,2049,,,,,,0.0
VariableCost,VGB,GLOBAL,PWRSDSMEXXX,,,2,2050,,,,,,0.0
VariableCost,VGB,GLOBAL,PWRSDSNICXX,,,2,2023,,,,,,0.0
VariableCost,VGB,GLOBAL,PWRSDSNICXX,,,2,2024,,,,,,0.0
VariableCost,VGB,GLOBAL,PWRSDSNICXX,,,2,2025,,,,,,0.0
VariableCost,VGB,GLOBAL,PWRSDSNICXX,,,2,2026,,,,,,0.0
VariableCost,VGB,GLOBAL,PWRSDSNICXX,,,2,2027,,,,,,0.0
VariableCost,VGB,GLOBAL,PWRSDSNICXX,,,2,2028,,,,,,0.0
VariableCost,VGB,GLOBAL,PWRSDSNICXX,,,2,2029,,,,,,0.0
VariableCost,VGB,GLOBAL,PWRSDSNICXX,,,2,2030,,,,,,0.0
VariableCost,VGB,GLOBAL,PWRSDSNICXX,,,2,2031,,,,,,0.0
VariableCost,VGB,GLOBAL,PWRSDSNICXX,,,2,2032,,,,,,0.0
VariableCost,VGB,GLOBAL,PWRSDSNICXX,,,2,2033,,,,,,0.0
VariableCost,VGB,GLOBAL,PWRSDSNICXX,,,2,2034,,,,,,0.0
VariableCost,VGB,GLOBAL,PWRSDSNICXX,,,2,2035,,,,,,0.0
VariableCost,VGB,GLOBAL,PWRSDSNICXX,,,2,2036,,,,,,0.0
VariableCost,VGB,GLOBAL,PWRSDSNICXX,,,2,2037,,,,,,0.0
VariableCost,VGB,GLOBAL,PWRSDSNICXX,,,2,2038,,,,,,0.0
VariableCost,VGB,GLOBAL,PWRSDSNICXX,,,2,2039,,,,,,0.0
VariableCost,VGB,GLOBAL,PWRSDSNICXX,,,2,2040,,,,,,0.0
VariableCost,VGB,GLOBAL,PWRSDSNICXX,,,2,2041,,,,,,0.0
VariableCost,VGB,GLOBAL,PWRSDSNICXX,,,2,2042,,,,,,0.0
VariableCost,VGB,GLOBAL,PWRSDSNICXX,,,2,2043,,,,,,0.0
VariableCost,VGB,GLOBAL,PWRSDSNICXX,,,2,2044,,,,,,0.0
VariableCost,VGB,GLOBAL,PWRSDSNICXX,,,2,2045,,,,,,0.0
VariableCost,VGB,GLOBAL,PWRSDSNICXX,,,2,2046,,,,,,0.0
VariableCost,VGB,GLOBAL,PWRSDSNICXX,,,2,2047,,,,,,0.0
VariableCost,VGB,GLOBAL,PWRSDSNICXX,,,2,2048,,,,,,0.0
VariableCost,VGB,GLOBAL,PWRSDSNICXX,,,2,2049,,,,,,0.0
VariableCost,VGB,GLOBAL,PWRSDSNICXX,,,2,2050,,,,,,0.0
VariableCost,VGB,GLOBAL,PWRSDSPANXX,,,2,2023,,,,,,0.0
VariableCost,VGB,GLOBAL,PWRSDSPANXX,,,2,2024,,,,,,0.0
VariableCost,VGB,GLOBAL,PWRSDSPANXX,,,2,2025,,,,,,0.0
VariableCost,VGB,GLOBAL,PWRSDSPANXX,,,2,2026,,,,,,0.0
VariableCost,VGB,GLOBAL,PWRSDSPANXX,,,2,2027,,,,,,0.0
VariableCost,VGB,GLOBAL,PWRSDSPANXX,,,2,2028,,,,,,0.0
VariableCost,VGB,GLOBAL,PWRSDSPANXX,,,2,2029,,,,,,0.0
VariableCost,VGB,GLOBAL,PWRSDSPANXX,,,2,2030,,,,,,0.0
VariableCost,VGB,GLOBAL,PWRSDSPANXX,,,2,2031,,,,,,0.0
VariableCost,VGB,GLOBAL,PWRSDSPANXX,,,2,2032,,,,,,0.0
VariableCost,VGB,GLOBAL,PWRSDSPANXX,,,2,2033,,,,,,0.0
VariableCost,VGB,GLOBAL,PWRSDSPANXX,,,2,2034,,,,,,0.0
VariableCost,VGB,GLOBAL,PWRSDSPANXX,,,2,2035,,,,,,0.0
VariableCost,VGB,GLOBAL,PWRSDSPANXX,,,2,2036,,,,,,0.0
VariableCost,VGB,GLOBAL,PWRSDSPANXX,,,2,2037,,,,,,0.0
VariableCost,VGB,GLOBAL,PWRSDSPANXX,,,2,2038,,,,,,0.0
VariableCost,VGB,GLOBAL,PWRSDSPANXX,,,2,2039,,,,,,0.0
VariableCost,VGB,GLOBAL,PWRSDSPANXX,,,2,2040,,,,,,0.0
VariableCost,VGB,GLOBAL,PWRSDSPANXX,,,2,2041,,,,,,0.0
VariableCost,VGB,GLOBAL,PWRSDSPANXX,,,2,2042,,,,,,0.0
VariableCost,VGB,GLOBAL,PWRSDSPANXX,,,2,2043,,,,,,0.0
VariableCost,VGB,GLOBAL,PWRSDSPANXX,,,2,2044,,,,,,0.0
VariableCost,VGB,GLOBAL,PWRSDSPANXX,,,2,2045,,,,,,0.0
VariableCost,VGB,GLOBAL,PWRSDSPANXX,,,2,2046,,,,,,0.0
VariableCost,VGB,GLOBAL,PWRSDSPANXX,,,2,2047,,,,,,0.0
VariableCost,VGB,GLOBAL,PWRSDSPANXX,,,2,2048,,,,,,0.0
VariableCost,VGB,GLOBAL,PWRSDSPANXX,,,2,2049,,,,,,0.0
VariableCost,VGB,GLOBAL,PWRSDSPANXX,,,2,2050,,,,,,0.0
VariableCost,VGB,GLOBAL,PWRSDSPERXX,,,2,2023,,,,,,0.0
VariableCost,VGB,GLOBAL,PWRSDSPERXX,,,2,2024,,,,,,0.0
VariableCost,VGB,GLOBAL,PWRSDSPERXX,,,2,2025,,,,,,0.0
VariableCost,VGB,GLOBAL,PWRSDSPERXX,,,2,2026,,,,,,0.0
VariableCost,VGB,GLOBAL,PWRSDSPERXX,,,2,2027,,,,,,0.0
VariableCost,VGB,GLOBAL,PWRSDSPERXX,,,2,2028,,,,,,0.0
VariableCost,VGB,GLOBAL,PWRSDSPERXX,,,2,2029,,,,,,0.0
VariableCost,VGB,GLOBAL,PWRSDSPERXX,,,2,2030,,,,,,0.0
VariableCost,VGB,GLOBAL,PWRSDSPERXX,,,2,2031,,,,,,0.0
VariableCost,VGB,GLOBAL,PWRSDSPERXX,,,2,2032,,,,,,0.0
VariableCost,VGB,GLOBAL,PWRSDSPERXX,,,2,2033,,,,,,0.0
VariableCost,VGB,GLOBAL,PWRSDSPERXX,,,2,2034,,,,,,0.0
VariableCost,VGB,GLOBAL,PWRSDSPERXX,,,2,2035,,,,,,0.0
VariableCost,VGB,GLOBAL,PWRSDSPERXX,,,2,2036,,,,,,0.0
VariableCost,VGB,GLOBAL,PWRSDSPERXX,,,2,2037,,,,,,0.0
VariableCost,VGB,GLOBAL,PWRSDSPERXX,,,2,2038,,,,,,0.0
VariableCost,VGB,GLOBAL,PWRSDSPERXX,,,2,2039,,,,,,0.0
VariableCost,VGB,GLOBAL,PWRSDSPERXX,,,2,2040,,,,,,0.0
VariableCost,VGB,GLOBAL,PWRSDSPERXX,,,2,2041,,,,,,0.0
VariableCost,VGB,GLOBAL,PWRSDSPERXX,,,2,2042,,,,,,0.0
VariableCost,VGB,GLOBAL,PWRSDSPERXX,,,2,2043,,,,,,0.0
VariableCost,VGB,GLOBAL,PWRSDSPERXX,,,2,2044,,,,,,0.0
VariableCost,VGB,GLOBAL,PWRSDSPERXX,,,2,2045,,,,,,0.0
VariableCost,VGB,GLOBAL,PWRSDSPERXX,,,2,2046,,,,,,0.0
VariableCost,VGB,GLOBAL,PWRSDSPERXX,,,2,2047,,,,,,0.0
VariableCost,VGB,GLOBAL,PWRSDSPERXX,,,2,2048,,,,,,0.0
VariableCost,VGB,GLOBAL,PWRSDSPERXX,,,2,2049,,,,,,0.0
VariableCost,VGB,GLOBAL,PWRSDSPERXX,,,2,2050,,,,,,0.0
VariableCost,VGB,GLOBAL,PWRSDSPRYXX,,,2,2023,,,,,,0.0
VariableCost,VGB,GLOBAL,PWRSDSPRYXX,,,2,2024,,,,,,0.0
VariableCost,VGB,GLOBAL,PWRSDSPRYXX,,,2,2025,,,,,,0.0
VariableCost,VGB,GLOBAL,PWRSDSPRYXX,,,2,2026,,,,,,0.0
VariableCost,VGB,GLOBAL,PWRSDSPRYXX,,,2,2027,,,,,,0.0
VariableCost,VGB,GLOBAL,PWRSDSPRYXX,,,2,2028,,,,,,0.0
VariableCost,VGB,GLOBAL,PWRSDSPRYXX,,,2,2029,,,,,,0.0
VariableCost,VGB,GLOBAL,PWRSDSPRYXX,,,2,2030,,,,,,0.0
VariableCost,VGB,GLOBAL,PWRSDSPRYXX,,,2,2031,,,,,,0.0
VariableCost,VGB,GLOBAL,PWRSDSPRYXX,,,2,2032,,,,,,0.0
VariableCost,VGB,GLOBAL,PWRSDSPRYXX,,,2,2033,,,,,,0.0
VariableCost,VGB,GLOBAL,PWRSDSPRYXX,,,2,2034,,,,,,0.0
VariableCost,VGB,GLOBAL,PWRSDSPRYXX,,,2,2035,,,,,,0.0
VariableCost,VGB,GLOBAL,PWRSDSPRYXX,,,2,2036,,,,,,0.0
VariableCost,VGB,GLOBAL,PWRSDSPRYXX,,,2,2037,,,,,,0.0
VariableCost,VGB,GLOBAL,PWRSDSPRYXX,,,2,2038,,,,,,0.0
VariableCost,VGB,GLOBAL,PWRSDSPRYXX,,,2,2039,,,,,,0.0
VariableCost,VGB,GLOBAL,PWRSDSPRYXX,,,2,2040,,,,,,0.0
VariableCost,VGB,GLOBAL,PWRSDSPRYXX,,,2,2041,,,,,,0.0
VariableCost,VGB,GLOBAL,PWRSDSPRYXX,,,2,2042,,,,,,0.0
VariableCost,VGB,GLOBAL,PWRSDSPRYXX,,,2,2043,,,,,,0.0
VariableCost,VGB,GLOBAL,PWRSDSPRYXX,,,2,2044,,,,,,0.0
VariableCost,VGB,GLOBAL,PWRSDSPRYXX,,,2,2045,,,,,,0.0
VariableCost,VGB,GLOBAL,PWRSDSPRYXX,,,2,2046,,,,,,0.0
VariableCost,VGB,GLOBAL,PWRSDSPRYXX,,,2,2047,,,,,,0.0
VariableCost,VGB,GLOBAL,PWRSDSPRYXX,,,2,2048,,,,,,0.0
VariableCost,VGB,GLOBAL,PWRSDSPRYXX,,,2,2049,,,,,,0.0
VariableCost,VGB,GLOBAL,PWRSDSPRYXX,,,2,2050,,,,,,0.0
VariableCost,VGB,GLOBAL,PWRSDSSLVXX,,,2,2023,,,,,,0.0
VariableCost,VGB,GLOBAL,PWRSDSSLVXX,,,2,2024,,,,,,0.0
VariableCost,VGB,GLOBAL,PWRSDSSLVXX,,,2,2025,,,,,,0.0
VariableCost,VGB,GLOBAL,PWRSDSSLVXX,,,2,2026,,,,,,0.0
VariableCost,VGB,GLOBAL,PWRSDSSLVXX,,,2,2027,,,,,,0.0
VariableCost,VGB,GLOBAL,PWRSDSSLVXX,,,2,2028,,,,,,0.0
VariableCost,VGB,GLOBAL,PWRSDSSLVXX,,,2,2029,,,,,,0.0
VariableCost,VGB,GLOBAL,PWRSDSSLVXX,,,2,2030,,,,,,0.0
VariableCost,VGB,GLOBAL,PWRSDSSLVXX,,,2,2031,,,,,,0.0
VariableCost,VGB,GLOBAL,PWRSDSSLVXX,,,2,2032,,,,,,0.0
VariableCost,VGB,GLOBAL,PWRSDSSLVXX,,,2,2033,,,,,,0.0
VariableCost,VGB,GLOBAL,PWRSDSSLVXX,,,2,2034,,,,,,0.0
VariableCost,VGB,GLOBAL,PWRSDSSLVXX,,,2,2035,,,,,,0.0
VariableCost,VGB,GLOBAL,PWRSDSSLVXX,,,2,2036,,,,,,0.0
VariableCost,VGB,GLOBAL,PWRSDSSLVXX,,,2,2037,,,,,,0.0
VariableCost,VGB,GLOBAL,PWRSDSSLVXX,,,2,2038,,,,,,0.0
VariableCost,VGB,GLOBAL,PWRSDSSLVXX,,,2,2039,,,,,,0.0
VariableCost,VGB,GLOBAL,PWRSDSSLVXX,,,2,2040,,,,,,0.0
VariableCost,VGB,GLOBAL,PWRSDSSLVXX,,,2,2041,,,,,,0.0
VariableCost,VGB,GLOBAL,PWRSDSSLVXX,,,2,2042,,,,,,0.0
VariableCost,VGB,GLOBAL,PWRSDSSLVXX,,,2,2043,,,,,,0.0
VariableCost,VGB,GLOBAL,PWRSDSSLVXX,,,2,2044,,,,,,0.0
VariableCost,VGB,GLOBAL,PWRSDSSLVXX,,,2,2045,,,,,,0.0
VariableCost,VGB,GLOBAL,PWRSDSSLVXX,,,2,2046,,,,,,0.0
VariableCost,VGB,GLOBAL,PWRSDSSLVXX,,,2,2047,,,,,,0.0
VariableCost,VGB,GLOBAL,PWRSDSSLVXX,,,2,2048,,,,,,0.0
VariableCost,VGB,GLOBAL,PWRSDSSLVXX,,,2,2049,,,,,,0.0
VariableCost,VGB,GLOBAL,PWRSDSSLVXX,,,2,2050,,,,,,0.0
VariableCost,VGB,GLOBAL,PWRSDSURYXX,,,2,2023,,,,,,0.0
VariableCost,VGB,GLOBAL,PWRSDSURYXX,,,2,2024,,,,,,0.0
VariableCost,VGB,GLOBAL,PWRSDSURYXX,,,2,2025,,,,,,0.0
VariableCost,VGB,GLOBAL,PWRSDSURYXX,,,2,2026,,,,,,0.0
VariableCost,VGB,GLOBAL,PWRSDSURYXX,,,2,2027,,,,,,0.0
VariableCost,VGB,GLOBAL,PWRSDSURYXX,,,2,2028,,,,,,0.0
VariableCost,VGB,GLOBAL,PWRSDSURYXX,,,2,2029,,,,,,0.0
VariableCost,VGB,GLOBAL,PWRSDSURYXX,,,2,2030,,,,,,0.0
VariableCost,VGB,GLOBAL,PWRSDSURYXX,,,2,2031,,,,,,0.0
VariableCost,VGB,GLOBAL,PWRSDSURYXX,,,2,2032,,,,,,0.0
VariableCost,VGB,GLOBAL,PWRSDSURYXX,,,2,2033,,,,,,0.0
VariableCost,VGB,GLOBAL,PWRSDSURYXX,,,2,2034,,,,,,0.0
VariableCost,VGB,GLOBAL,PWRSDSURYXX,,,2,2035,,,,,,0.0
VariableCost,VGB,GLOBAL,PWRSDSURYXX,,,2,2036,,,,,,0.0
VariableCost,VGB,GLOBAL,PWRSDSURYXX,,,2,2037,,,,,,0.0
VariableCost,VGB,GLOBAL,PWRSDSURYXX,,,2,2038,,,,,,0.0
VariableCost,VGB,GLOBAL,PWRSDSURYXX,,,2,2039,,,,,,0.0
VariableCost,VGB,GLOBAL,PWRSDSURYXX,,,2,2040,,,,,,0.0
VariableCost,VGB,GLOBAL,PWRSDSURYXX,,,2,2041,,,,,,0.0
VariableCost,VGB,GLOBAL,PWRSDSURYXX,,,2,2042,,,,,,0.0
VariableCost,VGB,GLOBAL,PWRSDSURYXX,,,2,2043,,,,,,0.0
VariableCost,VGB,GLOBAL,PWRSDSURYXX,,,2,2044,,,,,,0.0
VariableCost,VGB,GLOBAL,PWRSDSURYXX,,,2,2045,,,,,,0.0
VariableCost,VGB,GLOBAL,PWRSDSURYXX,,,2,2046,,,,,,0.0
VariableCost,VGB,GLOBAL,PWRSDSURYXX,,,2,2047,,,,,,0.0
VariableCost,VGB,GLOBAL,PWRSDSURYXX,,,2,2048,,,,,,0.0
VariableCost,VGB,GLOBAL,PWRSDSURYXX,,,2,2049,,,,,,0.0
VariableCost,VGB,GLOBAL,PWRSDSURYXX,,,2,2050,,,,,,0.0
VariableCost,VGB,GLOBAL,TRNARGXXBOLXX,,,1,2023,,,,,,1.1111
VariableCost,VGB,GLOBAL,TRNARGXXBOLXX,,,1,2024,,,,,,1.1111
VariableCost,VGB,GLOBAL,TRNARGXXBOLXX,,,1,2025,,,,,,1.1111
VariableCost,VGB,GLOBAL,TRNARGXXBOLXX,,,1,2026,,,,,,1.1111
VariableCost,VGB,GLOBAL,TRNARGXXBOLXX,,,1,2027,,,,,,1.1111
VariableCost,VGB,GLOBAL,TRNARGXXBOLXX,,,1,2028,,,,,,1.1111
VariableCost,VGB,GLOBAL,TRNARGXXBOLXX,,,1,2029,,,,,,1.1111
VariableCost,VGB,GLOBAL,TRNARGXXBOLXX,,,1,2030,,,,,,1.1111
VariableCost,VGB,GLOBAL,TRNARGXXBOLXX,,,1,2031,,,,,,1.1111
VariableCost,VGB,GLOBAL,TRNARGXXBOLXX,,,1,2032,,,,,,1.1111
VariableCost,VGB,GLOBAL,TRNARGXXBOLXX,,,1,2033,,,,,,1.1111
VariableCost,VGB,GLOBAL,TRNARGXXBOLXX,,,1,2034,,,,,,1.1111
VariableCost,VGB,GLOBAL,TRNARGXXBOLXX,,,1,2035,,,,,,1.1111
VariableCost,VGB,GLOBAL,TRNARGXXBOLXX,,,1,2036,,,,,,1.1111
VariableCost,VGB,GLOBAL,TRNARGXXBOLXX,,,1,2037,,,,,,1.1111
VariableCost,VGB,GLOBAL,TRNARGXXBOLXX,,,1,2038,,,,,,1.1111
VariableCost,VGB,GLOBAL,TRNARGXXBOLXX,,,1,2039,,,,,,1.1111
VariableCost,VGB,GLOBAL,TRNARGXXBOLXX,,,1,2040,,,,,,1.1111
VariableCost,VGB,GLOBAL,TRNARGXXBOLXX,,,1,2041,,,,,,1.1111
VariableCost,VGB,GLOBAL,TRNARGXXBOLXX,,,1,2042,,,,,,1.1111
VariableCost,VGB,GLOBAL,TRNARGXXBOLXX,,,1,2043,,,,,,1.1111
VariableCost,VGB,GLOBAL,TRNARGXXBOLXX,,,1,2044,,,,,,1.1111
VariableCost,VGB,GLOBAL,TRNARGXXBOLXX,,,1,2045,,,,,,1.1111
VariableCost,VGB,GLOBAL,TRNARGXXBOLXX,,,1,2046,,,,,,1.1111
VariableCost,VGB,GLOBAL,TRNARGXXBOLXX,,,1,2047,,,,,,1.1111
VariableCost,VGB,GLOBAL,TRNARGXXBOLXX,,,1,2048,,,,,,1.1111
VariableCost,VGB,GLOBAL,TRNARGXXBOLXX,,,1,2049,,,,,,1.1111
VariableCost,VGB,GLOBAL,TRNARGXXBOLXX,,,1,2050,,,,,,1.1111
VariableCost,VGB,GLOBAL,TRNARGXXBOLXX,,,2,2023,,,,,,1.1111
VariableCost,VGB,GLOBAL,TRNARGXXBOLXX,,,2,2024,,,,,,1.1111
VariableCost,VGB,GLOBAL,TRNARGXXBOLXX,,,2,2025,,,,,,1.1111
VariableCost,VGB,GLOBAL,TRNARGXXBOLXX,,,2,2026,,,,,,1.1111
VariableCost,VGB,GLOBAL,TRNARGXXBOLXX,,,2,2027,,,,,,1.1111
VariableCost,VGB,GLOBAL,TRNARGXXBOLXX,,,2,2028,,,,,,1.1111
VariableCost,VGB,GLOBAL,TRNARGXXBOLXX,,,2,2029,,,,,,1.1111
VariableCost,VGB,GLOBAL,TRNARGXXBOLXX,,,2,2030,,,,,,1.1111
VariableCost,VGB,GLOBAL,TRNARGXXBOLXX,,,2,2031,,,,,,1.1111
VariableCost,VGB,GLOBAL,TRNARGXXBOLXX,,,2,2032,,,,,,1.1111
VariableCost,VGB,GLOBAL,TRNARGXXBOLXX,,,2,2033,,,,,,1.1111
VariableCost,VGB,GLOBAL,TRNARGXXBOLXX,,,2,2034,,,,,,1.1111
VariableCost,VGB,GLOBAL,TRNARGXXBOLXX,,,2,2035,,,,,,1.1111
VariableCost,VGB,GLOBAL,TRNARGXXBOLXX,,,2,2036,,,,,,1.1111
VariableCost,VGB,GLOBAL,TRNARGXXBOLXX,,,2,2037,,,,,,1.1111
VariableCost,VGB,GLOBAL,TRNARGXXBOLXX,,,2,2038,,,,,,1.1111
VariableCost,VGB,GLOBAL,TRNARGXXBOLXX,,,2,2039,,,,,,1.1111
VariableCost,VGB,GLOBAL,TRNARGXXBOLXX,,,2,2040,,,,,,1.1111
VariableCost,VGB,GLOBAL,TRNARGXXBOLXX,,,2,2041,,,,,,1.1111
VariableCost,VGB,GLOBAL,TRNARGXXBOLXX,,,2,2042,,,,,,1.1111
VariableCost,VGB,GLOBAL,TRNARGXXBOLXX,,,2,2043,,,,,,1.1111
VariableCost,VGB,GLOBAL,TRNARGXXBOLXX,,,2,2044,,,,,,1.1111
VariableCost,VGB,GLOBAL,TRNARGXXBOLXX,,,2,2045,,,,,,1.1111
VariableCost,VGB,GLOBAL,TRNARGXXBOLXX,,,2,2046,,,,,,1.1111
VariableCost,VGB,GLOBAL,TRNARGXXBOLXX,,,2,2047,,,,,,1.1111
VariableCost,VGB,GLOBAL,TRNARGXXBOLXX,,,2,2048,,,,,,1.1111
VariableCost,VGB,GLOBAL,TRNARGXXBOLXX,,,2,2049,,,,,,1.1111
VariableCost,VGB,GLOBAL,TRNARGXXBOLXX,,,2,2050,,,,,,1.1111
VariableCost,VGB,GLOBAL,TRNARGXXBRAXX,,,1,2023,,,,,,1.1111
VariableCost,VGB,GLOBAL,TRNARGXXBRAXX,,,1,2024,,,,,,1.1111
VariableCost,VGB,GLOBAL,TRNARGXXBRAXX,,,1,2025,,,,,,1.1111
VariableCost,VGB,GLOBAL,TRNARGXXBRAXX,,,1,2026,,,,,,1.1111
VariableCost,VGB,GLOBAL,TRNARGXXBRAXX,,,1,2027,,,,,,1.1111
VariableCost,VGB,GLOBAL,TRNARGXXBRAXX,,,1,2028,,,,,,1.1111
VariableCost,VGB,GLOBAL,TRNARGXXBRAXX,,,1,2029,,,,,,1.1111
VariableCost,VGB,GLOBAL,TRNARGXXBRAXX,,,1,2030,,,,,,1.1111
VariableCost,VGB,GLOBAL,TRNARGXXBRAXX,,,1,2031,,,,,,1.1111
VariableCost,VGB,GLOBAL,TRNARGXXBRAXX,,,1,2032,,,,,,1.1111
VariableCost,VGB,GLOBAL,TRNARGXXBRAXX,,,1,2033,,,,,,1.1111
VariableCost,VGB,GLOBAL,TRNARGXXBRAXX,,,1,2034,,,,,,1.1111
VariableCost,VGB,GLOBAL,TRNARGXXBRAXX,,,1,2035,,,,,,1.1111
VariableCost,VGB,GLOBAL,TRNARGXXBRAXX,,,1,2036,,,,,,1.1111
VariableCost,VGB,GLOBAL,TRNARGXXBRAXX,,,1,2037,,,,,,1.1111
VariableCost,VGB,GLOBAL,TRNARGXXBRAXX,,,1,2038,,,,,,1.1111
VariableCost,VGB,GLOBAL,TRNARGXXBRAXX,,,1,2039,,,,,,1.1111
VariableCost,VGB,GLOBAL,TRNARGXXBRAXX,,,1,2040,,,,,,1.1111
VariableCost,VGB,GLOBAL,TRNARGXXBRAXX,,,1,2041,,,,,,1.1111
VariableCost,VGB,GLOBAL,TRNARGXXBRAXX,,,1,2042,,,,,,1.1111
VariableCost,VGB,GLOBAL,TRNARGXXBRAXX,,,1,2043,,,,,,1.1111
VariableCost,VGB,GLOBAL,TRNARGXXBRAXX,,,1,2044,,,,,,1.1111
VariableCost,VGB,GLOBAL,TRNARGXXBRAXX,,,1,2045,,,,,,1.1111
VariableCost,VGB,GLOBAL,TRNARGXXBRAXX,,,1,2046,,,,,,1.1111
VariableCost,VGB,GLOBAL,TRNARGXXBRAXX,,,1,2047,,,,,,1.1111
VariableCost,VGB,GLOBAL,TRNARGXXBRAXX,,,1,2048,,,,,,1.1111
VariableCost,VGB,GLOBAL,TRNARGXXBRAXX,,,1,2049,,,,,,1.1111
VariableCost,VGB,GLOBAL,TRNARGXXBRAXX,,,1,2050,,,,,,1.1111
VariableCost,VGB,GLOBAL,TRNARGXXBRAXX,,,2,2023,,,,,,1.1111
VariableCost,VGB,GLOBAL,TRNARGXXBRAXX,,,2,2024,,,,,,1.1111
VariableCost,VGB,GLOBAL,TRNARGXXBRAXX,,,2,2025,,,,,,1.1111
VariableCost,VGB,GLOBAL,TRNARGXXBRAXX,,,2,2026,,,,,,1.1111
VariableCost,VGB,GLOBAL,TRNARGXXBRAXX,,,2,2027,,,,,,1.1111
VariableCost,VGB,GLOBAL,TRNARGXXBRAXX,,,2,2028,,,,,,1.1111
VariableCost,VGB,GLOBAL,TRNARGXXBRAXX,,,2,2029,,,,,,1.1111
VariableCost,VGB,GLOBAL,TRNARGXXBRAXX,,,2,2030,,,,,,1.1111
VariableCost,VGB,GLOBAL,TRNARGXXBRAXX,,,2,2031,,,,,,1.1111
VariableCost,VGB,GLOBAL,TRNARGXXBRAXX,,,2,2032,,,,,,1.1111
VariableCost,VGB,GLOBAL,TRNARGXXBRAXX,,,2,2033,,,,,,1.1111
VariableCost,VGB,GLOBAL,TRNARGXXBRAXX,,,2,2034,,,,,,1.1111
VariableCost,VGB,GLOBAL,TRNARGXXBRAXX,,,2,2035,,,,,,1.1111
VariableCost,VGB,GLOBAL,TRNARGXXBRAXX,,,2,2036,,,,,,1.1111
VariableCost,VGB,GLOBAL,TRNARGXXBRAXX,,,2,2037,,,,,,1.1111
VariableCost,VGB,GLOBAL,TRNARGXXBRAXX,,,2,2038,,,,,,1.1111
VariableCost,VGB,GLOBAL,TRNARGXXBRAXX,,,2,2039,,,,,,1.1111
VariableCost,VGB,GLOBAL,TRNARGXXBRAXX,,,2,2040,,,,,,1.1111
VariableCost,VGB,GLOBAL,TRNARGXXBRAXX,,,2,2041,,,,,,1.1111
VariableCost,VGB,GLOBAL,TRNARGXXBRAXX,,,2,2042,,,,,,1.1111
VariableCost,VGB,GLOBAL,TRNARGXXBRAXX,,,2,2043,,,,,,1.1111
VariableCost,VGB,GLOBAL,TRNARGXXBRAXX,,,2,2044,,,,,,1.1111
VariableCost,VGB,GLOBAL,TRNARGXXBRAXX,,,2,2045,,,,,,1.1111
VariableCost,VGB,GLOBAL,TRNARGXXBRAXX,,,2,2046,,,,,,1.1111
VariableCost,VGB,GLOBAL,TRNARGXXBRAXX,,,2,2047,,,,,,1.1111
VariableCost,VGB,GLOBAL,TRNARGXXBRAXX,,,2,2048,,,,,,1.1111
VariableCost,VGB,GLOBAL,TRNARGXXBRAXX,,,2,2049,,,,,,1.1111
VariableCost,VGB,GLOBAL,TRNARGXXBRAXX,,,2,2050,,,,,,1.1111
VariableCost,VGB,GLOBAL,TRNARGXXCHLXX,,,1,2023,,,,,,1.1111
VariableCost,VGB,GLOBAL,TRNARGXXCHLXX,,,1,2024,,,,,,1.1111
VariableCost,VGB,GLOBAL,TRNARGXXCHLXX,,,1,2025,,,,,,1.1111
VariableCost,VGB,GLOBAL,TRNARGXXCHLXX,,,1,2026,,,,,,1.1111
VariableCost,VGB,GLOBAL,TRNARGXXCHLXX,,,1,2027,,,,,,1.1111
VariableCost,VGB,GLOBAL,TRNARGXXCHLXX,,,1,2028,,,,,,1.1111
VariableCost,VGB,GLOBAL,TRNARGXXCHLXX,,,1,2029,,,,,,1.1111
VariableCost,VGB,GLOBAL,TRNARGXXCHLXX,,,1,2030,,,,,,1.1111
VariableCost,VGB,GLOBAL,TRNARGXXCHLXX,,,1,2031,,,,,,1.1111
VariableCost,VGB,GLOBAL,TRNARGXXCHLXX,,,1,2032,,,,,,1.1111
VariableCost,VGB,GLOBAL,TRNARGXXCHLXX,,,1,2033,,,,,,1.1111
VariableCost,VGB,GLOBAL,TRNARGXXCHLXX,,,1,2034,,,,,,1.1111
VariableCost,VGB,GLOBAL,TRNARGXXCHLXX,,,1,2035,,,,,,1.1111
VariableCost,VGB,GLOBAL,TRNARGXXCHLXX,,,1,2036,,,,,,1.1111
VariableCost,VGB,GLOBAL,TRNARGXXCHLXX,,,1,2037,,,,,,1.1111
VariableCost,VGB,GLOBAL,TRNARGXXCHLXX,,,1,2038,,,,,,1.1111
VariableCost,VGB,GLOBAL,TRNARGXXCHLXX,,,1,2039,,,,,,1.1111
VariableCost,VGB,GLOBAL,TRNARGXXCHLXX,,,1,2040,,,,,,1.1111
VariableCost,VGB,GLOBAL,TRNARGXXCHLXX,,,1,2041,,,,,,1.1111
VariableCost,VGB,GLOBAL,TRNARGXXCHLXX,,,1,2042,,,,,,1.1111
VariableCost,VGB,GLOBAL,TRNARGXXCHLXX,,,1,2043,,,,,,1.1111
VariableCost,VGB,GLOBAL,TRNARGXXCHLXX,,,1,2044,,,,,,1.1111
VariableCost,VGB,GLOBAL,TRNARGXXCHLXX,,,1,2045,,,,,,1.1111
VariableCost,VGB,GLOBAL,TRNARGXXCHLXX,,,1,2046,,,,,,1.1111
VariableCost,VGB,GLOBAL,TRNARGXXCHLXX,,,1,2047,,,,,,1.1111
VariableCost,VGB,GLOBAL,TRNARGXXCHLXX,,,1,2048,,,,,,1.1111
VariableCost,VGB,GLOBAL,TRNARGXXCHLXX,,,1,2049,,,,,,1.1111
VariableCost,VGB,GLOBAL,TRNARGXXCHLXX,,,1,2050,,,,,,1.1111
VariableCost,VGB,GLOBAL,TRNARGXXCHLXX,,,2,2023,,,,,,1.1111
VariableCost,VGB,GLOBAL,TRNARGXXCHLXX,,,2,2024,,,,,,1.1111
VariableCost,VGB,GLOBAL,TRNARGXXCHLXX,,,2,2025,,,,,,1.1111
VariableCost,VGB,GLOBAL,TRNARGXXCHLXX,,,2,2026,,,,,,1.1111
VariableCost,VGB,GLOBAL,TRNARGXXCHLXX,,,2,2027,,,,,,1.1111
VariableCost,VGB,GLOBAL,TRNARGXXCHLXX,,,2,2028,,,,,,1.1111
VariableCost,VGB,GLOBAL,TRNARGXXCHLXX,,,2,2029,,,,,,1.1111
VariableCost,VGB,GLOBAL,TRNARGXXCHLXX,,,2,2030,,,,,,1.1111
VariableCost,VGB,GLOBAL,TRNARGXXCHLXX,,,2,2031,,,,,,1.1111
VariableCost,VGB,GLOBAL,TRNARGXXCHLXX,,,2,2032,,,,,,1.1111
VariableCost,VGB,GLOBAL,TRNARGXXCHLXX,,,2,2033,,,,,,1.1111
VariableCost,VGB,GLOBAL,TRNARGXXCHLXX,,,2,2034,,,,,,1.1111
VariableCost,VGB,GLOBAL,TRNARGXXCHLXX,,,2,2035,,,,,,1.1111
VariableCost,VGB,GLOBAL,TRNARGXXCHLXX,,,2,2036,,,,,,1.1111
VariableCost,VGB,GLOBAL,TRNARGXXCHLXX,,,2,2037,,,,,,1.1111
VariableCost,VGB,GLOBAL,TRNARGXXCHLXX,,,2,2038,,,,,,1.1111
VariableCost,VGB,GLOBAL,TRNARGXXCHLXX,,,2,2039,,,,,,1.1111
VariableCost,VGB,GLOBAL,TRNARGXXCHLXX,,,2,2040,,,,,,1.1111
VariableCost,VGB,GLOBAL,TRNARGXXCHLXX,,,2,2041,,,,,,1.1111
VariableCost,VGB,GLOBAL,TRNARGXXCHLXX,,,2,2042,,,,,,1.1111
VariableCost,VGB,GLOBAL,TRNARGXXCHLXX,,,2,2043,,,,,,1.1111
VariableCost,VGB,GLOBAL,TRNARGXXCHLXX,,,2,2044,,,,,,1.1111
VariableCost,VGB,GLOBAL,TRNARGXXCHLXX,,,2,2045,,,,,,1.1111
VariableCost,VGB,GLOBAL,TRNARGXXCHLXX,,,2,2046,,,,,,1.1111
VariableCost,VGB,GLOBAL,TRNARGXXCHLXX,,,2,2047,,,,,,1.1111
VariableCost,VGB,GLOBAL,TRNARGXXCHLXX,,,2,2048,,,,,,1.1111
VariableCost,VGB,GLOBAL,TRNARGXXCHLXX,,,2,2049,,,,,,1.1111
VariableCost,VGB,GLOBAL,TRNARGXXCHLXX,,,2,2050,,,,,,1.1111
VariableCost,VGB,GLOBAL,TRNARGXXPRYXX,,,1,2023,,,,,,1.1111
VariableCost,VGB,GLOBAL,TRNARGXXPRYXX,,,1,2024,,,,,,1.1111
VariableCost,VGB,GLOBAL,TRNARGXXPRYXX,,,1,2025,,,,,,1.1111
VariableCost,VGB,GLOBAL,TRNARGXXPRYXX,,,1,2026,,,,,,1.1111
VariableCost,VGB,GLOBAL,TRNARGXXPRYXX,,,1,2027,,,,,,1.1111
VariableCost,VGB,GLOBAL,TRNARGXXPRYXX,,,1,2028,,,,,,1.1111
VariableCost,VGB,GLOBAL,TRNARGXXPRYXX,,,1,2029,,,,,,1.1111
VariableCost,VGB,GLOBAL,TRNARGXXPRYXX,,,1,2030,,,,,,1.1111
VariableCost,VGB,GLOBAL,TRNARGXXPRYXX,,,1,2031,,,,,,1.1111
VariableCost,VGB,GLOBAL,TRNARGXXPRYXX,,,1,2032,,,,,,1.1111
VariableCost,VGB,GLOBAL,TRNARGXXPRYXX,,,1,2033,,,,,,1.1111
VariableCost,VGB,GLOBAL,TRNARGXXPRYXX,,,1,2034,,,,,,1.1111
VariableCost,VGB,GLOBAL,TRNARGXXPRYXX,,,1,2035,,,,,,1.1111
VariableCost,VGB,GLOBAL,TRNARGXXPRYXX,,,1,2036,,,,,,1.1111
VariableCost,VGB,GLOBAL,TRNARGXXPRYXX,,,1,2037,,,,,,1.1111
VariableCost,VGB,GLOBAL,TRNARGXXPRYXX,,,1,2038,,,,,,1.1111
VariableCost,VGB,GLOBAL,TRNARGXXPRYXX,,,1,2039,,,,,,1.1111
VariableCost,VGB,GLOBAL,TRNARGXXPRYXX,,,1,2040,,,,,,1.1111
VariableCost,VGB,GLOBAL,TRNARGXXPRYXX,,,1,2041,,,,,,1.1111
VariableCost,VGB,GLOBAL,TRNARGXXPRYXX,,,1,2042,,,,,,1.1111
VariableCost,VGB,GLOBAL,TRNARGXXPRYXX,,,1,2043,,,,,,1.1111
VariableCost,VGB,GLOBAL,TRNARGXXPRYXX,,,1,2044,,,,,,1.1111
VariableCost,VGB,GLOBAL,TRNARGXXPRYXX,,,1,2045,,,,,,1.1111
VariableCost,VGB,GLOBAL,TRNARGXXPRYXX,,,1,2046,,,,,,1.1111
VariableCost,VGB,GLOBAL,TRNARGXXPRYXX,,,1,2047,,,,,,1.1111
VariableCost,VGB,GLOBAL,TRNARGXXPRYXX,,,1,2048,,,,,,1.1111
VariableCost,VGB,GLOBAL,TRNARGXXPRYXX,,,1,2049,,,,,,1.1111
VariableCost,VGB,GLOBAL,TRNARGXXPRYXX,,,1,2050,,,,,,1.1111
VariableCost,VGB,GLOBAL,TRNARGXXPRYXX,,,2,2023,,,,,,1.1111
VariableCost,VGB,GLOBAL,TRNARGXXPRYXX,,,2,2024,,,,,,1.1111
VariableCost,VGB,GLOBAL,TRNARGXXPRYXX,,,2,2025,,,,,,1.1111
VariableCost,VGB,GLOBAL,TRNARGXXPRYXX,,,2,2026,,,,,,1.1111
VariableCost,VGB,GLOBAL,TRNARGXXPRYXX,,,2,2027,,,,,,1.1111
VariableCost,VGB,GLOBAL,TRNARGXXPRYXX,,,2,2028,,,,,,1.1111
VariableCost,VGB,GLOBAL,TRNARGXXPRYXX,,,2,2029,,,,,,1.1111
VariableCost,VGB,GLOBAL,TRNARGXXPRYXX,,,2,2030,,,,,,1.1111
VariableCost,VGB,GLOBAL,TRNARGXXPRYXX,,,2,2031,,,,,,1.1111
VariableCost,VGB,GLOBAL,TRNARGXXPRYXX,,,2,2032,,,,,,1.1111
VariableCost,VGB,GLOBAL,TRNARGXXPRYXX,,,2,2033,,,,,,1.1111
VariableCost,VGB,GLOBAL,TRNARGXXPRYXX,,,2,2034,,,,,,1.1111
VariableCost,VGB,GLOBAL,TRNARGXXPRYXX,,,2,2035,,,,,,1.1111
VariableCost,VGB,GLOBAL,TRNARGXXPRYXX,,,2,2036,,,,,,1.1111
VariableCost,VGB,GLOBAL,TRNARGXXPRYXX,,,2,2037,,,,,,1.1111
VariableCost,VGB,GLOBAL,TRNARGXXPRYXX,,,2,2038,,,,,,1.1111
VariableCost,VGB,GLOBAL,TRNARGXXPRYXX,,,2,2039,,,,,,1.1111
VariableCost,VGB,GLOBAL,TRNARGXXPRYXX,,,2,2040,,,,,,1.1111
VariableCost,VGB,GLOBAL,TRNARGXXPRYXX,,,2,2041,,,,,,1.1111
VariableCost,VGB,GLOBAL,TRNARGXXPRYXX,,,2,2042,,,,,,1.1111
VariableCost,VGB,GLOBAL,TRNARGXXPRYXX,,,2,2043,,,,,,1.1111
VariableCost,VGB,GLOBAL,TRNARGXXPRYXX,,,2,2044,,,,,,1.1111
VariableCost,VGB,GLOBAL,TRNARGXXPRYXX,,,2,2045,,,,,,1.1111
VariableCost,VGB,GLOBAL,TRNARGXXPRYXX,,,2,2046,,,,,,1.1111
VariableCost,VGB,GLOBAL,TRNARGXXPRYXX,,,2,2047,,,,,,1.1111
VariableCost,VGB,GLOBAL,TRNARGXXPRYXX,,,2,2048,,,,,,1.1111
VariableCost,VGB,GLOBAL,TRNARGXXPRYXX,,,2,2049,,,,,,1.1111
VariableCost,VGB,GLOBAL,TRNARGXXPRYXX,,,2,2050,,,,,,1.1111
VariableCost,VGB,GLOBAL,TRNARGXXURYXX,,,1,2023,,,,,,1.1111
VariableCost,VGB,GLOBAL,TRNARGXXURYXX,,,1,2024,,,,,,1.1111
VariableCost,VGB,GLOBAL,TRNARGXXURYXX,,,1,2025,,,,,,1.1111
VariableCost,VGB,GLOBAL,TRNARGXXURYXX,,,1,2026,,,,,,1.1111
VariableCost,VGB,GLOBAL,TRNARGXXURYXX,,,1,2027,,,,,,1.1111
VariableCost,VGB,GLOBAL,TRNARGXXURYXX,,,1,2028,,,,,,1.1111
VariableCost,VGB,GLOBAL,TRNARGXXURYXX,,,1,2029,,,,,,1.1111
VariableCost,VGB,GLOBAL,TRNARGXXURYXX,,,1,2030,,,,,,1.1111
VariableCost,VGB,GLOBAL,TRNARGXXURYXX,,,1,2031,,,,,,1.1111
VariableCost,VGB,GLOBAL,TRNARGXXURYXX,,,1,2032,,,,,,1.1111
VariableCost,VGB,GLOBAL,TRNARGXXURYXX,,,1,2033,,,,,,1.1111
VariableCost,VGB,GLOBAL,TRNARGXXURYXX,,,1,2034,,,,,,1.1111
VariableCost,VGB,GLOBAL,TRNARGXXURYXX,,,1,2035,,,,,,1.1111
VariableCost,VGB,GLOBAL,TRNARGXXURYXX,,,1,2036,,,,,,1.1111
VariableCost,VGB,GLOBAL,TRNARGXXURYXX,,,1,2037,,,,,,1.1111
VariableCost,VGB,GLOBAL,TRNARGXXURYXX,,,1,2038,,,,,,1.1111
VariableCost,VGB,GLOBAL,TRNARGXXURYXX,,,1,2039,,,,,,1.1111
VariableCost,VGB,GLOBAL,TRNARGXXURYXX,,,1,2040,,,,,,1.1111
VariableCost,VGB,GLOBAL,TRNARGXXURYXX,,,1,2041,,,,,,1.1111
VariableCost,VGB,GLOBAL,TRNARGXXURYXX,,,1,2042,,,,,,1.1111
VariableCost,VGB,GLOBAL,TRNARGXXURYXX,,,1,2043,,,,,,1.1111
VariableCost,VGB,GLOBAL,TRNARGXXURYXX,,,1,2044,,,,,,1.1111
VariableCost,VGB,GLOBAL,TRNARGXXURYXX,,,1,2045,,,,,,1.1111
VariableCost,VGB,GLOBAL,TRNARGXXURYXX,,,1,2046,,,,,,1.1111
VariableCost,VGB,GLOBAL,TRNARGXXURYXX,,,1,2047,,,,,,1.1111
VariableCost,VGB,GLOBAL,TRNARGXXURYXX,,,1,2048,,,,,,1.1111
VariableCost,VGB,GLOBAL,TRNARGXXURYXX,,,1,2049,,,,,,1.1111
VariableCost,VGB,GLOBAL,TRNARGXXURYXX,,,1,2050,,,,,,1.1111
VariableCost,VGB,GLOBAL,TRNARGXXURYXX,,,2,2023,,,,,,1.1111
VariableCost,VGB,GLOBAL,TRNARGXXURYXX,,,2,2024,,,,,,1.1111
VariableCost,VGB,GLOBAL,TRNARGXXURYXX,,,2,2025,,,,,,1.1111
VariableCost,VGB,GLOBAL,TRNARGXXURYXX,,,2,2026,,,,,,1.1111
VariableCost,VGB,GLOBAL,TRNARGXXURYXX,,,2,2027,,,,,,1.1111
VariableCost,VGB,GLOBAL,TRNARGXXURYXX,,,2,2028,,,,,,1.1111
VariableCost,VGB,GLOBAL,TRNARGXXURYXX,,,2,2029,,,,,,1.1111
VariableCost,VGB,GLOBAL,TRNARGXXURYXX,,,2,2030,,,,,,1.1111
VariableCost,VGB,GLOBAL,TRNARGXXURYXX,,,2,2031,,,,,,1.1111
VariableCost,VGB,GLOBAL,TRNARGXXURYXX,,,2,2032,,,,,,1.1111
VariableCost,VGB,GLOBAL,TRNARGXXURYXX,,,2,2033,,,,,,1.1111
VariableCost,VGB,GLOBAL,TRNARGXXURYXX,,,2,2034,,,,,,1.1111
VariableCost,VGB,GLOBAL,TRNARGXXURYXX,,,2,2035,,,,,,1.1111
VariableCost,VGB,GLOBAL,TRNARGXXURYXX,,,2,2036,,,,,,1.1111
VariableCost,VGB,GLOBAL,TRNARGXXURYXX,,,2,2037,,,,,,1.1111
VariableCost,VGB,GLOBAL,TRNARGXXURYXX,,,2,2038,,,,,,1.1111
VariableCost,VGB,GLOBAL,TRNARGXXURYXX,,,2,2039,,,,,,1.1111
VariableCost,VGB,GLOBAL,TRNARGXXURYXX,,,2,2040,,,,,,1.1111
VariableCost,VGB,GLOBAL,TRNARGXXURYXX,,,2,2041,,,,,,1.1111
VariableCost,VGB,GLOBAL,TRNARGXXURYXX,,,2,2042,,,,,,1.1111
VariableCost,VGB,GLOBAL,TRNARGXXURYXX,,,2,2043,,,,,,1.1111
VariableCost,VGB,GLOBAL,TRNARGXXURYXX,,,2,2044,,,,,,1.1111
VariableCost,VGB,GLOBAL,TRNARGXXURYXX,,,2,2045,,,,,,1.1111
VariableCost,VGB,GLOBAL,TRNARGXXURYXX,,,2,2046,,,,,,1.1111
VariableCost,VGB,GLOBAL,TRNARGXXURYXX,,,2,2047,,,,,,1.1111
VariableCost,VGB,GLOBAL,TRNARGXXURYXX,,,2,2048,,,,,,1.1111
VariableCost,VGB,GLOBAL,TRNARGXXURYXX,,,2,2049,,,,,,1.1111
VariableCost,VGB,GLOBAL,TRNARGXXURYXX,,,2,2050,,,,,,1.1111
VariableCost,VGB,GLOBAL,TRNBOLXXBRAXX,,,1,2023,,,,,,1.1111
VariableCost,VGB,GLOBAL,TRNBOLXXBRAXX,,,1,2024,,,,,,1.1111
VariableCost,VGB,GLOBAL,TRNBOLXXBRAXX,,,1,2025,,,,,,1.1111
VariableCost,VGB,GLOBAL,TRNBOLXXBRAXX,,,1,2026,,,,,,1.1111
VariableCost,VGB,GLOBAL,TRNBOLXXBRAXX,,,1,2027,,,,,,1.1111
VariableCost,VGB,GLOBAL,TRNBOLXXBRAXX,,,1,2028,,,,,,1.1111
VariableCost,VGB,GLOBAL,TRNBOLXXBRAXX,,,1,2029,,,,,,1.1111
VariableCost,VGB,GLOBAL,TRNBOLXXBRAXX,,,1,2030,,,,,,1.1111
VariableCost,VGB,GLOBAL,TRNBOLXXBRAXX,,,1,2031,,,,,,1.1111
VariableCost,VGB,GLOBAL,TRNBOLXXBRAXX,,,1,2032,,,,,,1.1111
VariableCost,VGB,GLOBAL,TRNBOLXXBRAXX,,,1,2033,,,,,,1.1111
VariableCost,VGB,GLOBAL,TRNBOLXXBRAXX,,,1,2034,,,,,,1.1111
VariableCost,VGB,GLOBAL,TRNBOLXXBRAXX,,,1,2035,,,,,,1.1111
VariableCost,VGB,GLOBAL,TRNBOLXXBRAXX,,,1,2036,,,,,,1.1111
VariableCost,VGB,GLOBAL,TRNBOLXXBRAXX,,,1,2037,,,,,,1.1111
VariableCost,VGB,GLOBAL,TRNBOLXXBRAXX,,,1,2038,,,,,,1.1111
VariableCost,VGB,GLOBAL,TRNBOLXXBRAXX,,,1,2039,,,,,,1.1111
VariableCost,VGB,GLOBAL,TRNBOLXXBRAXX,,,1,2040,,,,,,1.1111
VariableCost,VGB,GLOBAL,TRNBOLXXBRAXX,,,1,2041,,,,,,1.1111
VariableCost,VGB,GLOBAL,TRNBOLXXBRAXX,,,1,2042,,,,,,1.1111
VariableCost,VGB,GLOBAL,TRNBOLXXBRAXX,,,1,2043,,,,,,1.1111
VariableCost,VGB,GLOBAL,TRNBOLXXBRAXX,,,1,2044,,,,,,1.1111
VariableCost,VGB,GLOBAL,TRNBOLXXBRAXX,,,1,2045,,,,,,1.1111
VariableCost,VGB,GLOBAL,TRNBOLXXBRAXX,,,1,2046,,,,,,1.1111
VariableCost,VGB,GLOBAL,TRNBOLXXBRAXX,,,1,2047,,,,,,1.1111
VariableCost,VGB,GLOBAL,TRNBOLXXBRAXX,,,1,2048,,,,,,1.1111
VariableCost,VGB,GLOBAL,TRNBOLXXBRAXX,,,1,2049,,,,,,1.1111
VariableCost,VGB,GLOBAL,TRNBOLXXBRAXX,,,1,2050,,,,,,1.1111
VariableCost,VGB,GLOBAL,TRNBOLXXBRAXX,,,2,2023,,,,,,1.1111
VariableCost,VGB,GLOBAL,TRNBOLXXBRAXX,,,2,2024,,,,,,1.1111
VariableCost,VGB,GLOBAL,TRNBOLXXBRAXX,,,2,2025,,,,,,1.1111
VariableCost,VGB,GLOBAL,TRNBOLXXBRAXX,,,2,2026,,,,,,1.1111
VariableCost,VGB,GLOBAL,TRNBOLXXBRAXX,,,2,2027,,,,,,1.1111
VariableCost,VGB,GLOBAL,TRNBOLXXBRAXX,,,2,2028,,,,,,1.1111
VariableCost,VGB,GLOBAL,TRNBOLXXBRAXX,,,2,2029,,,,,,1.1111
VariableCost,VGB,GLOBAL,TRNBOLXXBRAXX,,,2,2030,,,,,,1.1111
VariableCost,VGB,GLOBAL,TRNBOLXXBRAXX,,,2,2031,,,,,,1.1111
VariableCost,VGB,GLOBAL,TRNBOLXXBRAXX,,,2,2032,,,,,,1.1111
VariableCost,VGB,GLOBAL,TRNBOLXXBRAXX,,,2,2033,,,,,,1.1111
VariableCost,VGB,GLOBAL,TRNBOLXXBRAXX,,,2,2034,,,,,,1.1111
VariableCost,VGB,GLOBAL,TRNBOLXXBRAXX,,,2,2035,,,,,,1.1111
VariableCost,VGB,GLOBAL,TRNBOLXXBRAXX,,,2,2036,,,,,,1.1111
VariableCost,VGB,GLOBAL,TRNBOLXXBRAXX,,,2,2037,,,,,,1.1111
VariableCost,VGB,GLOBAL,TRNBOLXXBRAXX,,,2,2038,,,,,,1.1111
VariableCost,VGB,GLOBAL,TRNBOLXXBRAXX,,,2,2039,,,,,,1.1111
VariableCost,VGB,GLOBAL,TRNBOLXXBRAXX,,,2,2040,,,,,,1.1111
VariableCost,VGB,GLOBAL,TRNBOLXXBRAXX,,,2,2041,,,,,,1.1111
VariableCost,VGB,GLOBAL,TRNBOLXXBRAXX,,,2,2042,,,,,,1.1111
VariableCost,VGB,GLOBAL,TRNBOLXXBRAXX,,,2,2043,,,,,,1.1111
VariableCost,VGB,GLOBAL,TRNBOLXXBRAXX,,,2,2044,,,,,,1.1111
VariableCost,VGB,GLOBAL,TRNBOLXXBRAXX,,,2,2045,,,,,,1.1111
VariableCost,VGB,GLOBAL,TRNBOLXXBRAXX,,,2,2046,,,,,,1.1111
VariableCost,VGB,GLOBAL,TRNBOLXXBRAXX,,,2,2047,,,,,,1.1111
VariableCost,VGB,GLOBAL,TRNBOLXXBRAXX,,,2,2048,,,,,,1.1111
VariableCost,VGB,GLOBAL,TRNBOLXXBRAXX,,,2,2049,,,,,,1.1111
VariableCost,VGB,GLOBAL,TRNBOLXXBRAXX,,,2,2050,,,,,,1.1111
VariableCost,VGB,GLOBAL,TRNBOLXXCHLXX,,,1,2023,,,,,,1.1111
VariableCost,VGB,GLOBAL,TRNBOLXXCHLXX,,,1,2024,,,,,,1.1111
VariableCost,VGB,GLOBAL,TRNBOLXXCHLXX,,,1,2025,,,,,,1.1111
VariableCost,VGB,GLOBAL,TRNBOLXXCHLXX,,,1,2026,,,,,,1.1111
VariableCost,VGB,GLOBAL,TRNBOLXXCHLXX,,,1,2027,,,,,,1.1111
VariableCost,VGB,GLOBAL,TRNBOLXXCHLXX,,,1,2028,,,,,,1.1111
VariableCost,VGB,GLOBAL,TRNBOLXXCHLXX,,,1,2029,,,,,,1.1111
VariableCost,VGB,GLOBAL,TRNBOLXXCHLXX,,,1,2030,,,,,,1.1111
VariableCost,VGB,GLOBAL,TRNBOLXXCHLXX,,,1,2031,,,,,,1.1111
VariableCost,VGB,GLOBAL,TRNBOLXXCHLXX,,,1,2032,,,,,,1.1111
VariableCost,VGB,GLOBAL,TRNBOLXXCHLXX,,,1,2033,,,,,,1.1111
VariableCost,VGB,GLOBAL,TRNBOLXXCHLXX,,,1,2034,,,,,,1.1111
VariableCost,VGB,GLOBAL,TRNBOLXXCHLXX,,,1,2035,,,,,,1.1111
VariableCost,VGB,GLOBAL,TRNBOLXXCHLXX,,,1,2036,,,,,,1.1111
VariableCost,VGB,GLOBAL,TRNBOLXXCHLXX,,,1,2037,,,,,,1.1111
VariableCost,VGB,GLOBAL,TRNBOLXXCHLXX,,,1,2038,,,,,,1.1111
VariableCost,VGB,GLOBAL,TRNBOLXXCHLXX,,,1,2039,,,,,,1.1111
VariableCost,VGB,GLOBAL,TRNBOLXXCHLXX,,,1,2040,,,,,,1.1111
VariableCost,VGB,GLOBAL,TRNBOLXXCHLXX,,,1,2041,,,,,,1.1111
VariableCost,VGB,GLOBAL,TRNBOLXXCHLXX,,,1,2042,,,,,,1.1111
VariableCost,VGB,GLOBAL,TRNBOLXXCHLXX,,,1,2043,,,,,,1.1111
VariableCost,VGB,GLOBAL,TRNBOLXXCHLXX,,,1,2044,,,,,,1.1111
VariableCost,VGB,GLOBAL,TRNBOLXXCHLXX,,,1,2045,,,,,,1.1111
VariableCost,VGB,GLOBAL,TRNBOLXXCHLXX,,,1,2046,,,,,,1.1111
VariableCost,VGB,GLOBAL,TRNBOLXXCHLXX,,,1,2047,,,,,,1.1111
VariableCost,VGB,GLOBAL,TRNBOLXXCHLXX,,,1,2048,,,,,,1.1111
VariableCost,VGB,GLOBAL,TRNBOLXXCHLXX,,,1,2049,,,,,,1.1111
VariableCost,VGB,GLOBAL,TRNBOLXXCHLXX,,,1,2050,,,,,,1.1111
VariableCost,VGB,GLOBAL,TRNBOLXXCHLXX,,,2,2023,,,,,,1.1111
VariableCost,VGB,GLOBAL,TRNBOLXXCHLXX,,,2,2024,,,,,,1.1111
VariableCost,VGB,GLOBAL,TRNBOLXXCHLXX,,,2,2025,,,,,,1.1111
VariableCost,VGB,GLOBAL,TRNBOLXXCHLXX,,,2,2026,,,,,,1.1111
VariableCost,VGB,GLOBAL,TRNBOLXXCHLXX,,,2,2027,,,,,,1.1111
VariableCost,VGB,GLOBAL,TRNBOLXXCHLXX,,,2,2028,,,,,,1.1111
VariableCost,VGB,GLOBAL,TRNBOLXXCHLXX,,,2,2029,,,,,,1.1111
VariableCost,VGB,GLOBAL,TRNBOLXXCHLXX,,,2,2030,,,,,,1.1111
VariableCost,VGB,GLOBAL,TRNBOLXXCHLXX,,,2,2031,,,,,,1.1111
VariableCost,VGB,GLOBAL,TRNBOLXXCHLXX,,,2,2032,,,,,,1.1111
VariableCost,VGB,GLOBAL,TRNBOLXXCHLXX,,,2,2033,,,,,,1.1111
VariableCost,VGB,GLOBAL,TRNBOLXXCHLXX,,,2,2034,,,,,,1.1111
VariableCost,VGB,GLOBAL,TRNBOLXXCHLXX,,,2,2035,,,,,,1.1111
VariableCost,VGB,GLOBAL,TRNBOLXXCHLXX,,,2,2036,,,,,,1.1111
VariableCost,VGB,GLOBAL,TRNBOLXXCHLXX,,,2,2037,,,,,,1.1111
VariableCost,VGB,GLOBAL,TRNBOLXXCHLXX,,,2,2038,,,,,,1.1111
VariableCost,VGB,GLOBAL,TRNBOLXXCHLXX,,,2,2039,,,,,,1.1111
VariableCost,VGB,GLOBAL,TRNBOLXXCHLXX,,,2,2040,,,,,,1.1111
VariableCost,VGB,GLOBAL,TRNBOLXXCHLXX,,,2,2041,,,,,,1.1111
VariableCost,VGB,GLOBAL,TRNBOLXXCHLXX,,,2,2042,,,,,,1.1111
VariableCost,VGB,GLOBAL,TRNBOLXXCHLXX,,,2,2043,,,,,,1.1111
VariableCost,VGB,GLOBAL,TRNBOLXXCHLXX,,,2,2044,,,,,,1.1111
VariableCost,VGB,GLOBAL,TRNBOLXXCHLXX,,,2,2045,,,,,,1.1111
VariableCost,VGB,GLOBAL,TRNBOLXXCHLXX,,,2,2046,,,,,,1.1111
VariableCost,VGB,GLOBAL,TRNBOLXXCHLXX,,,2,2047,,,,,,1.1111
VariableCost,VGB,GLOBAL,TRNBOLXXCHLXX,,,2,2048,,,,,,1.1111
VariableCost,VGB,GLOBAL,TRNBOLXXCHLXX,,,2,2049,,,,,,1.1111
VariableCost,VGB,GLOBAL,TRNBOLXXCHLXX,,,2,2050,,,,,,1.1111
VariableCost,VGB,GLOBAL,TRNBOLXXPERXX,,,1,2023,,,,,,1.1111
VariableCost,VGB,GLOBAL,TRNBOLXXPERXX,,,1,2024,,,,,,1.1111
VariableCost,VGB,GLOBAL,TRNBOLXXPERXX,,,1,2025,,,,,,1.1111
VariableCost,VGB,GLOBAL,TRNBOLXXPERXX,,,1,2026,,,,,,1.1111
VariableCost,VGB,GLOBAL,TRNBOLXXPERXX,,,1,2027,,,,,,1.1111
VariableCost,VGB,GLOBAL,TRNBOLXXPERXX,,,1,2028,,,,,,1.1111
VariableCost,VGB,GLOBAL,TRNBOLXXPERXX,,,1,2029,,,,,,1.1111
VariableCost,VGB,GLOBAL,TRNBOLXXPERXX,,,1,2030,,,,,,1.1111
VariableCost,VGB,GLOBAL,TRNBOLXXPERXX,,,1,2031,,,,,,1.1111
VariableCost,VGB,GLOBAL,TRNBOLXXPERXX,,,1,2032,,,,,,1.1111
VariableCost,VGB,GLOBAL,TRNBOLXXPERXX,,,1,2033,,,,,,1.1111
VariableCost,VGB,GLOBAL,TRNBOLXXPERXX,,,1,2034,,,,,,1.1111
VariableCost,VGB,GLOBAL,TRNBOLXXPERXX,,,1,2035,,,,,,1.1111
VariableCost,VGB,GLOBAL,TRNBOLXXPERXX,,,1,2036,,,,,,1.1111
VariableCost,VGB,GLOBAL,TRNBOLXXPERXX,,,1,2037,,,,,,1.1111
VariableCost,VGB,GLOBAL,TRNBOLXXPERXX,,,1,2038,,,,,,1.1111
VariableCost,VGB,GLOBAL,TRNBOLXXPERXX,,,1,2039,,,,,,1.1111
VariableCost,VGB,GLOBAL,TRNBOLXXPERXX,,,1,2040,,,,,,1.1111
VariableCost,VGB,GLOBAL,TRNBOLXXPERXX,,,1,2041,,,,,,1.1111
VariableCost,VGB,GLOBAL,TRNBOLXXPERXX,,,1,2042,,,,,,1.1111
VariableCost,VGB,GLOBAL,TRNBOLXXPERXX,,,1,2043,,,,,,1.1111
VariableCost,VGB,GLOBAL,TRNBOLXXPERXX,,,1,2044,,,,,,1.1111
VariableCost,VGB,GLOBAL,TRNBOLXXPERXX,,,1,2045,,,,,,1.1111
VariableCost,VGB,GLOBAL,TRNBOLXXPERXX,,,1,2046,,,,,,1.1111
VariableCost,VGB,GLOBAL,TRNBOLXXPERXX,,,1,2047,,,,,,1.1111
VariableCost,VGB,GLOBAL,TRNBOLXXPERXX,,,1,2048,,,,,,1.1111
VariableCost,VGB,GLOBAL,TRNBOLXXPERXX,,,1,2049,,,,,,1.1111
VariableCost,VGB,GLOBAL,TRNBOLXXPERXX,,,1,2050,,,,,,1.1111
VariableCost,VGB,GLOBAL,TRNBOLXXPERXX,,,2,2023,,,,,,1.1111
VariableCost,VGB,GLOBAL,TRNBOLXXPERXX,,,2,2024,,,,,,1.1111
VariableCost,VGB,GLOBAL,TRNBOLXXPERXX,,,2,2025,,,,,,1.1111
VariableCost,VGB,GLOBAL,TRNBOLXXPERXX,,,2,2026,,,,,,1.1111
VariableCost,VGB,GLOBAL,TRNBOLXXPERXX,,,2,2027,,,,,,1.1111
VariableCost,VGB,GLOBAL,TRNBOLXXPERXX,,,2,2028,,,,,,1.1111
VariableCost,VGB,GLOBAL,TRNBOLXXPERXX,,,2,2029,,,,,,1.1111
VariableCost,VGB,GLOBAL,TRNBOLXXPERXX,,,2,2030,,,,,,1.1111
VariableCost,VGB,GLOBAL,TRNBOLXXPERXX,,,2,2031,,,,,,1.1111
VariableCost,VGB,GLOBAL,TRNBOLXXPERXX,,,2,2032,,,,,,1.1111
VariableCost,VGB,GLOBAL,TRNBOLXXPERXX,,,2,2033,,,,,,1.1111
VariableCost,VGB,GLOBAL,TRNBOLXXPERXX,,,2,2034,,,,,,1.1111
VariableCost,VGB,GLOBAL,TRNBOLXXPERXX,,,2,2035,,,,,,1.1111
VariableCost,VGB,GLOBAL,TRNBOLXXPERXX,,,2,2036,,,,,,1.1111
VariableCost,VGB,GLOBAL,TRNBOLXXPERXX,,,2,2037,,,,,,1.1111
VariableCost,VGB,GLOBAL,TRNBOLXXPERXX,,,2,2038,,,,,,1.1111
VariableCost,VGB,GLOBAL,TRNBOLXXPERXX,,,2,2039,,,,,,1.1111
VariableCost,VGB,GLOBAL,TRNBOLXXPERXX,,,2,2040,,,,,,1.1111
VariableCost,VGB,GLOBAL,TRNBOLXXPERXX,,,2,2041,,,,,,1.1111
VariableCost,VGB,GLOBAL,TRNBOLXXPERXX,,,2,2042,,,,,,1.1111
VariableCost,VGB,GLOBAL,TRNBOLXXPERXX,,,2,2043,,,,,,1.1111
VariableCost,VGB,GLOBAL,TRNBOLXXPERXX,,,2,2044,,,,,,1.1111
VariableCost,VGB,GLOBAL,TRNBOLXXPERXX,,,2,2045,,,,,,1.1111
VariableCost,VGB,GLOBAL,TRNBOLXXPERXX,,,2,2046,,,,,,1.1111
VariableCost,VGB,GLOBAL,TRNBOLXXPERXX,,,2,2047,,,,,,1.1111
VariableCost,VGB,GLOBAL,TRNBOLXXPERXX,,,2,2048,,,,,,1.1111
VariableCost,VGB,GLOBAL,TRNBOLXXPERXX,,,2,2049,,,,,,1.1111
VariableCost,VGB,GLOBAL,TRNBOLXXPERXX,,,2,2050,,,,,,1.1111
VariableCost,VGB,GLOBAL,TRNBOLXXPRYXX,,,1,2023,,,,,,1.1111
VariableCost,VGB,GLOBAL,TRNBOLXXPRYXX,,,1,2024,,,,,,1.1111
VariableCost,VGB,GLOBAL,TRNBOLXXPRYXX,,,1,2025,,,,,,1.1111
VariableCost,VGB,GLOBAL,TRNBOLXXPRYXX,,,1,2026,,,,,,1.1111
VariableCost,VGB,GLOBAL,TRNBOLXXPRYXX,,,1,2027,,,,,,1.1111
VariableCost,VGB,GLOBAL,TRNBOLXXPRYXX,,,1,2028,,,,,,1.1111
VariableCost,VGB,GLOBAL,TRNBOLXXPRYXX,,,1,2029,,,,,,1.1111
VariableCost,VGB,GLOBAL,TRNBOLXXPRYXX,,,1,2030,,,,,,1.1111
VariableCost,VGB,GLOBAL,TRNBOLXXPRYXX,,,1,2031,,,,,,1.1111
VariableCost,VGB,GLOBAL,TRNBOLXXPRYXX,,,1,2032,,,,,,1.1111
VariableCost,VGB,GLOBAL,TRNBOLXXPRYXX,,,1,2033,,,,,,1.1111
VariableCost,VGB,GLOBAL,TRNBOLXXPRYXX,,,1,2034,,,,,,1.1111
VariableCost,VGB,GLOBAL,TRNBOLXXPRYXX,,,1,2035,,,,,,1.1111
VariableCost,VGB,GLOBAL,TRNBOLXXPRYXX,,,1,2036,,,,,,1.1111
VariableCost,VGB,GLOBAL,TRNBOLXXPRYXX,,,1,2037,,,,,,1.1111
VariableCost,VGB,GLOBAL,TRNBOLXXPRYXX,,,1,2038,,,,,,1.1111
VariableCost,VGB,GLOBAL,TRNBOLXXPRYXX,,,1,2039,,,,,,1.1111
VariableCost,VGB,GLOBAL,TRNBOLXXPRYXX,,,1,2040,,,,,,1.1111
VariableCost,VGB,GLOBAL,TRNBOLXXPRYXX,,,1,2041,,,,,,1.1111
VariableCost,VGB,GLOBAL,TRNBOLXXPRYXX,,,1,2042,,,,,,1.1111
VariableCost,VGB,GLOBAL,TRNBOLXXPRYXX,,,1,2043,,,,,,1.1111
VariableCost,VGB,GLOBAL,TRNBOLXXPRYXX,,,1,2044,,,,,,1.1111
VariableCost,VGB,GLOBAL,TRNBOLXXPRYXX,,,1,2045,,,,,,1.1111
VariableCost,VGB,GLOBAL,TRNBOLXXPRYXX,,,1,2046,,,,,,1.1111
VariableCost,VGB,GLOBAL,TRNBOLXXPRYXX,,,1,2047,,,,,,1.1111
VariableCost,VGB,GLOBAL,TRNBOLXXPRYXX,,,1,2048,,,,,,1.1111
VariableCost,VGB,GLOBAL,TRNBOLXXPRYXX,,,1,2049,,,,,,1.1111
VariableCost,VGB,GLOBAL,TRNBOLXXPRYXX,,,1,2050,,,,,,1.1111
VariableCost,VGB,GLOBAL,TRNBOLXXPRYXX,,,2,2023,,,,,,1.1111
VariableCost,VGB,GLOBAL,TRNBOLXXPRYXX,,,2,2024,,,,,,1.1111
VariableCost,VGB,GLOBAL,TRNBOLXXPRYXX,,,2,2025,,,,,,1.1111
VariableCost,VGB,GLOBAL,TRNBOLXXPRYXX,,,2,2026,,,,,,1.1111
VariableCost,VGB,GLOBAL,TRNBOLXXPRYXX,,,2,2027,,,,,,1.1111
VariableCost,VGB,GLOBAL,TRNBOLXXPRYXX,,,2,2028,,,,,,1.1111
VariableCost,VGB,GLOBAL,TRNBOLXXPRYXX,,,2,2029,,,,,,1.1111
VariableCost,VGB,GLOBAL,TRNBOLXXPRYXX,,,2,2030,,,,,,1.1111
VariableCost,VGB,GLOBAL,TRNBOLXXPRYXX,,,2,2031,,,,,,1.1111
VariableCost,VGB,GLOBAL,TRNBOLXXPRYXX,,,2,2032,,,,,,1.1111
VariableCost,VGB,GLOBAL,TRNBOLXXPRYXX,,,2,2033,,,,,,1.1111
VariableCost,VGB,GLOBAL,TRNBOLXXPRYXX,,,2,2034,,,,,,1.1111
VariableCost,VGB,GLOBAL,TRNBOLXXPRYXX,,,2,2035,,,,,,1.1111
VariableCost,VGB,GLOBAL,TRNBOLXXPRYXX,,,2,2036,,,,,,1.1111
VariableCost,VGB,GLOBAL,TRNBOLXXPRYXX,,,2,2037,,,,,,1.1111
VariableCost,VGB,GLOBAL,TRNBOLXXPRYXX,,,2,2038,,,,,,1.1111
VariableCost,VGB,GLOBAL,TRNBOLXXPRYXX,,,2,2039,,,,,,1.1111
VariableCost,VGB,GLOBAL,TRNBOLXXPRYXX,,,2,2040,,,,,,1.1111
VariableCost,VGB,GLOBAL,TRNBOLXXPRYXX,,,2,2041,,,,,,1.1111
VariableCost,VGB,GLOBAL,TRNBOLXXPRYXX,,,2,2042,,,,,,1.1111
VariableCost,VGB,GLOBAL,TRNBOLXXPRYXX,,,2,2043,,,,,,1.1111
VariableCost,VGB,GLOBAL,TRNBOLXXPRYXX,,,2,2044,,,,,,1.1111
VariableCost,VGB,GLOBAL,TRNBOLXXPRYXX,,,2,2045,,,,,,1.1111
VariableCost,VGB,GLOBAL,TRNBOLXXPRYXX,,,2,2046,,,,,,1.1111
VariableCost,VGB,GLOBAL,TRNBOLXXPRYXX,,,2,2047,,,,,,1.1111
VariableCost,VGB,GLOBAL,TRNBOLXXPRYXX,,,2,2048,,,,,,1.1111
VariableCost,VGB,GLOBAL,TRNBOLXXPRYXX,,,2,2049,,,,,,1.1111
VariableCost,VGB,GLOBAL,TRNBOLXXPRYXX,,,2,2050,,,,,,1.1111
VariableCost,VGB,GLOBAL,TRNBRAXXCOLXX,,,1,2023,,,,,,1.1111
VariableCost,VGB,GLOBAL,TRNBRAXXCOLXX,,,1,2024,,,,,,1.1111
VariableCost,VGB,GLOBAL,TRNBRAXXCOLXX,,,1,2025,,,,,,1.1111
VariableCost,VGB,GLOBAL,TRNBRAXXCOLXX,,,1,2026,,,,,,1.1111
VariableCost,VGB,GLOBAL,TRNBRAXXCOLXX,,,1,2027,,,,,,1.1111
VariableCost,VGB,GLOBAL,TRNBRAXXCOLXX,,,1,2028,,,,,,1.1111
VariableCost,VGB,GLOBAL,TRNBRAXXCOLXX,,,1,2029,,,,,,1.1111
VariableCost,VGB,GLOBAL,TRNBRAXXCOLXX,,,1,2030,,,,,,1.1111
VariableCost,VGB,GLOBAL,TRNBRAXXCOLXX,,,1,2031,,,,,,1.1111
VariableCost,VGB,GLOBAL,TRNBRAXXCOLXX,,,1,2032,,,,,,1.1111
VariableCost,VGB,GLOBAL,TRNBRAXXCOLXX,,,1,2033,,,,,,1.1111
VariableCost,VGB,GLOBAL,TRNBRAXXCOLXX,,,1,2034,,,,,,1.1111
VariableCost,VGB,GLOBAL,TRNBRAXXCOLXX,,,1,2035,,,,,,1.1111
VariableCost,VGB,GLOBAL,TRNBRAXXCOLXX,,,1,2036,,,,,,1.1111
VariableCost,VGB,GLOBAL,TRNBRAXXCOLXX,,,1,2037,,,,,,1.1111
VariableCost,VGB,GLOBAL,TRNBRAXXCOLXX,,,1,2038,,,,,,1.1111
VariableCost,VGB,GLOBAL,TRNBRAXXCOLXX,,,1,2039,,,,,,1.1111
VariableCost,VGB,GLOBAL,TRNBRAXXCOLXX,,,1,2040,,,,,,1.1111
VariableCost,VGB,GLOBAL,TRNBRAXXCOLXX,,,1,2041,,,,,,1.1111
VariableCost,VGB,GLOBAL,TRNBRAXXCOLXX,,,1,2042,,,,,,1.1111
VariableCost,VGB,GLOBAL,TRNBRAXXCOLXX,,,1,2043,,,,,,1.1111
VariableCost,VGB,GLOBAL,TRNBRAXXCOLXX,,,1,2044,,,,,,1.1111
VariableCost,VGB,GLOBAL,TRNBRAXXCOLXX,,,1,2045,,,,,,1.1111
VariableCost,VGB,GLOBAL,TRNBRAXXCOLXX,,,1,2046,,,,,,1.1111
VariableCost,VGB,GLOBAL,TRNBRAXXCOLXX,,,1,2047,,,,,,1.1111
VariableCost,VGB,GLOBAL,TRNBRAXXCOLXX,,,1,2048,,,,,,1.1111
VariableCost,VGB,GLOBAL,TRNBRAXXCOLXX,,,1,2049,,,,,,1.1111
VariableCost,VGB,GLOBAL,TRNBRAXXCOLXX,,,1,2050,,,,,,1.1111
VariableCost,VGB,GLOBAL,TRNBRAXXCOLXX,,,2,2023,,,,,,1.1111
VariableCost,VGB,GLOBAL,TRNBRAXXCOLXX,,,2,2024,,,,,,1.1111
VariableCost,VGB,GLOBAL,TRNBRAXXCOLXX,,,2,2025,,,,,,1.1111
VariableCost,VGB,GLOBAL,TRNBRAXXCOLXX,,,2,2026,,,,,,1.1111
VariableCost,VGB,GLOBAL,TRNBRAXXCOLXX,,,2,2027,,,,,,1.1111
VariableCost,VGB,GLOBAL,TRNBRAXXCOLXX,,,2,2028,,,,,,1.1111
VariableCost,VGB,GLOBAL,TRNBRAXXCOLXX,,,2,2029,,,,,,1.1111
VariableCost,VGB,GLOBAL,TRNBRAXXCOLXX,,,2,2030,,,,,,1.1111
VariableCost,VGB,GLOBAL,TRNBRAXXCOLXX,,,2,2031,,,,,,1.1111
VariableCost,VGB,GLOBAL,TRNBRAXXCOLXX,,,2,2032,,,,,,1.1111
VariableCost,VGB,GLOBAL,TRNBRAXXCOLXX,,,2,2033,,,,,,1.1111
VariableCost,VGB,GLOBAL,TRNBRAXXCOLXX,,,2,2034,,,,,,1.1111
VariableCost,VGB,GLOBAL,TRNBRAXXCOLXX,,,2,2035,,,,,,1.1111
VariableCost,VGB,GLOBAL,TRNBRAXXCOLXX,,,2,2036,,,,,,1.1111
VariableCost,VGB,GLOBAL,TRNBRAXXCOLXX,,,2,2037,,,,,,1.1111
VariableCost,VGB,GLOBAL,TRNBRAXXCOLXX,,,2,2038,,,,,,1.1111
VariableCost,VGB,GLOBAL,TRNBRAXXCOLXX,,,2,2039,,,,,,1.1111
VariableCost,VGB,GLOBAL,TRNBRAXXCOLXX,,,2,2040,,,,,,1.1111
VariableCost,VGB,GLOBAL,TRNBRAXXCOLXX,,,2,2041,,,,,,1.1111
VariableCost,VGB,GLOBAL,TRNBRAXXCOLXX,,,2,2042,,,,,,1.1111
VariableCost,VGB,GLOBAL,TRNBRAXXCOLXX,,,2,2043,,,,,,1.1111
VariableCost,VGB,GLOBAL,TRNBRAXXCOLXX,,,2,2044,,,,,,1.1111
VariableCost,VGB,GLOBAL,TRNBRAXXCOLXX,,,2,2045,,,,,,1.1111
VariableCost,VGB,GLOBAL,TRNBRAXXCOLXX,,,2,2046,,,,,,1.1111
VariableCost,VGB,GLOBAL,TRNBRAXXCOLXX,,,2,2047,,,,,,1.1111
VariableCost,VGB,GLOBAL,TRNBRAXXCOLXX,,,2,2048,,,,,,1.1111
VariableCost,VGB,GLOBAL,TRNBRAXXCOLXX,,,2,2049,,,,,,1.1111
VariableCost,VGB,GLOBAL,TRNBRAXXCOLXX,,,2,2050,,,,,,1.1111
VariableCost,VGB,GLOBAL,TRNBRAXXPERXX,,,1,2023,,,,,,1.1111
VariableCost,VGB,GLOBAL,TRNBRAXXPERXX,,,1,2024,,,,,,1.1111
VariableCost,VGB,GLOBAL,TRNBRAXXPERXX,,,1,2025,,,,,,1.1111
VariableCost,VGB,GLOBAL,TRNBRAXXPERXX,,,1,2026,,,,,,1.1111
VariableCost,VGB,GLOBAL,TRNBRAXXPERXX,,,1,2027,,,,,,1.1111
VariableCost,VGB,GLOBAL,TRNBRAXXPERXX,,,1,2028,,,,,,1.1111
VariableCost,VGB,GLOBAL,TRNBRAXXPERXX,,,1,2029,,,,,,1.1111
VariableCost,VGB,GLOBAL,TRNBRAXXPERXX,,,1,2030,,,,,,1.1111
VariableCost,VGB,GLOBAL,TRNBRAXXPERXX,,,1,2031,,,,,,1.1111
VariableCost,VGB,GLOBAL,TRNBRAXXPERXX,,,1,2032,,,,,,1.1111
VariableCost,VGB,GLOBAL,TRNBRAXXPERXX,,,1,2033,,,,,,1.1111
VariableCost,VGB,GLOBAL,TRNBRAXXPERXX,,,1,2034,,,,,,1.1111
VariableCost,VGB,GLOBAL,TRNBRAXXPERXX,,,1,2035,,,,,,1.1111
VariableCost,VGB,GLOBAL,TRNBRAXXPERXX,,,1,2036,,,,,,1.1111
VariableCost,VGB,GLOBAL,TRNBRAXXPERXX,,,1,2037,,,,,,1.1111
VariableCost,VGB,GLOBAL,TRNBRAXXPERXX,,,1,2038,,,,,,1.1111
VariableCost,VGB,GLOBAL,TRNBRAXXPERXX,,,1,2039,,,,,,1.1111
VariableCost,VGB,GLOBAL,TRNBRAXXPERXX,,,1,2040,,,,,,1.1111
VariableCost,VGB,GLOBAL,TRNBRAXXPERXX,,,1,2041,,,,,,1.1111
VariableCost,VGB,GLOBAL,TRNBRAXXPERXX,,,1,2042,,,,,,1.1111
VariableCost,VGB,GLOBAL,TRNBRAXXPERXX,,,1,2043,,,,,,1.1111
VariableCost,VGB,GLOBAL,TRNBRAXXPERXX,,,1,2044,,,,,,1.1111
VariableCost,VGB,GLOBAL,TRNBRAXXPERXX,,,1,2045,,,,,,1.1111
VariableCost,VGB,GLOBAL,TRNBRAXXPERXX,,,1,2046,,,,,,1.1111
VariableCost,VGB,GLOBAL,TRNBRAXXPERXX,,,1,2047,,,,,,1.1111
VariableCost,VGB,GLOBAL,TRNBRAXXPERXX,,,1,2048,,,,,,1.1111
VariableCost,VGB,GLOBAL,TRNBRAXXPERXX,,,1,2049,,,,,,1.1111
VariableCost,VGB,GLOBAL,TRNBRAXXPERXX,,,1,2050,,,,,,1.1111
VariableCost,VGB,GLOBAL,TRNBRAXXPERXX,,,2,2023,,,,,,1.1111
VariableCost,VGB,GLOBAL,TRNBRAXXPERXX,,,2,2024,,,,,,1.1111
VariableCost,VGB,GLOBAL,TRNBRAXXPERXX,,,2,2025,,,,,,1.1111
VariableCost,VGB,GLOBAL,TRNBRAXXPERXX,,,2,2026,,,,,,1.1111
VariableCost,VGB,GLOBAL,TRNBRAXXPERXX,,,2,2027,,,,,,1.1111
VariableCost,VGB,GLOBAL,TRNBRAXXPERXX,,,2,2028,,,,,,1.1111
VariableCost,VGB,GLOBAL,TRNBRAXXPERXX,,,2,2029,,,,,,1.1111
VariableCost,VGB,GLOBAL,TRNBRAXXPERXX,,,2,2030,,,,,,1.1111
VariableCost,VGB,GLOBAL,TRNBRAXXPERXX,,,2,2031,,,,,,1.1111
VariableCost,VGB,GLOBAL,TRNBRAXXPERXX,,,2,2032,,,,,,1.1111
VariableCost,VGB,GLOBAL,TRNBRAXXPERXX,,,2,2033,,,,,,1.1111
VariableCost,VGB,GLOBAL,TRNBRAXXPERXX,,,2,2034,,,,,,1.1111
VariableCost,VGB,GLOBAL,TRNBRAXXPERXX,,,2,2035,,,,,,1.1111
VariableCost,VGB,GLOBAL,TRNBRAXXPERXX,,,2,2036,,,,,,1.1111
VariableCost,VGB,GLOBAL,TRNBRAXXPERXX,,,2,2037,,,,,,1.1111
VariableCost,VGB,GLOBAL,TRNBRAXXPERXX,,,2,2038,,,,,,1.1111
VariableCost,VGB,GLOBAL,TRNBRAXXPERXX,,,2,2039,,,,,,1.1111
VariableCost,VGB,GLOBAL,TRNBRAXXPERXX,,,2,2040,,,,,,1.1111
VariableCost,VGB,GLOBAL,TRNBRAXXPERXX,,,2,2041,,,,,,1.1111
VariableCost,VGB,GLOBAL,TRNBRAXXPERXX,,,2,2042,,,,,,1.1111
VariableCost,VGB,GLOBAL,TRNBRAXXPERXX,,,2,2043,,,,,,1.1111
VariableCost,VGB,GLOBAL,TRNBRAXXPERXX,,,2,2044,,,,,,1.1111
VariableCost,VGB,GLOBAL,TRNBRAXXPERXX,,,2,2045,,,,,,1.1111
VariableCost,VGB,GLOBAL,TRNBRAXXPERXX,,,2,2046,,,,,,1.1111
VariableCost,VGB,GLOBAL,TRNBRAXXPERXX,,,2,2047,,,,,,1.1111
VariableCost,VGB,GLOBAL,TRNBRAXXPERXX,,,2,2048,,,,,,1.1111
VariableCost,VGB,GLOBAL,TRNBRAXXPERXX,,,2,2049,,,,,,1.1111
VariableCost,VGB,GLOBAL,TRNBRAXXPERXX,,,2,2050,,,,,,1.1111
VariableCost,VGB,GLOBAL,TRNBRAXXPRYXX,,,1,2023,,,,,,1.1111
VariableCost,VGB,GLOBAL,TRNBRAXXPRYXX,,,1,2024,,,,,,1.1111
VariableCost,VGB,GLOBAL,TRNBRAXXPRYXX,,,1,2025,,,,,,1.1111
VariableCost,VGB,GLOBAL,TRNBRAXXPRYXX,,,1,2026,,,,,,1.1111
VariableCost,VGB,GLOBAL,TRNBRAXXPRYXX,,,1,2027,,,,,,1.1111
VariableCost,VGB,GLOBAL,TRNBRAXXPRYXX,,,1,2028,,,,,,1.1111
VariableCost,VGB,GLOBAL,TRNBRAXXPRYXX,,,1,2029,,,,,,1.1111
VariableCost,VGB,GLOBAL,TRNBRAXXPRYXX,,,1,2030,,,,,,1.1111
VariableCost,VGB,GLOBAL,TRNBRAXXPRYXX,,,1,2031,,,,,,1.1111
VariableCost,VGB,GLOBAL,TRNBRAXXPRYXX,,,1,2032,,,,,,1.1111
VariableCost,VGB,GLOBAL,TRNBRAXXPRYXX,,,1,2033,,,,,,1.1111
VariableCost,VGB,GLOBAL,TRNBRAXXPRYXX,,,1,2034,,,,,,1.1111
VariableCost,VGB,GLOBAL,TRNBRAXXPRYXX,,,1,2035,,,,,,1.1111
VariableCost,VGB,GLOBAL,TRNBRAXXPRYXX,,,1,2036,,,,,,1.1111
VariableCost,VGB,GLOBAL,TRNBRAXXPRYXX,,,1,2037,,,,,,1.1111
VariableCost,VGB,GLOBAL,TRNBRAXXPRYXX,,,1,2038,,,,,,1.1111
VariableCost,VGB,GLOBAL,TRNBRAXXPRYXX,,,1,2039,,,,,,1.1111
VariableCost,VGB,GLOBAL,TRNBRAXXPRYXX,,,1,2040,,,,,,1.1111
VariableCost,VGB,GLOBAL,TRNBRAXXPRYXX,,,1,2041,,,,,,1.1111
VariableCost,VGB,GLOBAL,TRNBRAXXPRYXX,,,1,2042,,,,,,1.1111
VariableCost,VGB,GLOBAL,TRNBRAXXPRYXX,,,1,2043,,,,,,1.1111
VariableCost,VGB,GLOBAL,TRNBRAXXPRYXX,,,1,2044,,,,,,1.1111
VariableCost,VGB,GLOBAL,TRNBRAXXPRYXX,,,1,2045,,,,,,1.1111
VariableCost,VGB,GLOBAL,TRNBRAXXPRYXX,,,1,2046,,,,,,1.1111
VariableCost,VGB,GLOBAL,TRNBRAXXPRYXX,,,1,2047,,,,,,1.1111
VariableCost,VGB,GLOBAL,TRNBRAXXPRYXX,,,1,2048,,,,,,1.1111
VariableCost,VGB,GLOBAL,TRNBRAXXPRYXX,,,1,2049,,,,,,1.1111
VariableCost,VGB,GLOBAL,TRNBRAXXPRYXX,,,1,2050,,,,,,1.1111
VariableCost,VGB,GLOBAL,TRNBRAXXPRYXX,,,2,2023,,,,,,1.1111
VariableCost,VGB,GLOBAL,TRNBRAXXPRYXX,,,2,2024,,,,,,1.1111
VariableCost,VGB,GLOBAL,TRNBRAXXPRYXX,,,2,2025,,,,,,1.1111
VariableCost,VGB,GLOBAL,TRNBRAXXPRYXX,,,2,2026,,,,,,1.1111
VariableCost,VGB,GLOBAL,TRNBRAXXPRYXX,,,2,2027,,,,,,1.1111
VariableCost,VGB,GLOBAL,TRNBRAXXPRYXX,,,2,2028,,,,,,1.1111
VariableCost,VGB,GLOBAL,TRNBRAXXPRYXX,,,2,2029,,,,,,1.1111
VariableCost,VGB,GLOBAL,TRNBRAXXPRYXX,,,2,2030,,,,,,1.1111
VariableCost,VGB,GLOBAL,TRNBRAXXPRYXX,,,2,2031,,,,,,1.1111
VariableCost,VGB,GLOBAL,TRNBRAXXPRYXX,,,2,2032,,,,,,1.1111
VariableCost,VGB,GLOBAL,TRNBRAXXPRYXX,,,2,2033,,,,,,1.1111
VariableCost,VGB,GLOBAL,TRNBRAXXPRYXX,,,2,2034,,,,,,1.1111
VariableCost,VGB,GLOBAL,TRNBRAXXPRYXX,,,2,2035,,,,,,1.1111
VariableCost,VGB,GLOBAL,TRNBRAXXPRYXX,,,2,2036,,,,,,1.1111
VariableCost,VGB,GLOBAL,TRNBRAXXPRYXX,,,2,2037,,,,,,1.1111
VariableCost,VGB,GLOBAL,TRNBRAXXPRYXX,,,2,2038,,,,,,1.1111
VariableCost,VGB,GLOBAL,TRNBRAXXPRYXX,,,2,2039,,,,,,1.1111
VariableCost,VGB,GLOBAL,TRNBRAXXPRYXX,,,2,2040,,,,,,1.1111
VariableCost,VGB,GLOBAL,TRNBRAXXPRYXX,,,2,2041,,,,,,1.1111
VariableCost,VGB,GLOBAL,TRNBRAXXPRYXX,,,2,2042,,,,,,1.1111
VariableCost,VGB,GLOBAL,TRNBRAXXPRYXX,,,2,2043,,,,,,1.1111
VariableCost,VGB,GLOBAL,TRNBRAXXPRYXX,,,2,2044,,,,,,1.1111
VariableCost,VGB,GLOBAL,TRNBRAXXPRYXX,,,2,2045,,,,,,1.1111
VariableCost,VGB,GLOBAL,TRNBRAXXPRYXX,,,2,2046,,,,,,1.1111
VariableCost,VGB,GLOBAL,TRNBRAXXPRYXX,,,2,2047,,,,,,1.1111
VariableCost,VGB,GLOBAL,TRNBRAXXPRYXX,,,2,2048,,,,,,1.1111
VariableCost,VGB,GLOBAL,TRNBRAXXPRYXX,,,2,2049,,,,,,1.1111
VariableCost,VGB,GLOBAL,TRNBRAXXPRYXX,,,2,2050,,,,,,1.1111
VariableCost,VGB,GLOBAL,TRNBRAXXURYXX,,,1,2023,,,,,,1.1111
VariableCost,VGB,GLOBAL,TRNBRAXXURYXX,,,1,2024,,,,,,1.1111
VariableCost,VGB,GLOBAL,TRNBRAXXURYXX,,,1,2025,,,,,,1.1111
VariableCost,VGB,GLOBAL,TRNBRAXXURYXX,,,1,2026,,,,,,1.1111
VariableCost,VGB,GLOBAL,TRNBRAXXURYXX,,,1,2027,,,,,,1.1111
VariableCost,VGB,GLOBAL,TRNBRAXXURYXX,,,1,2028,,,,,,1.1111
VariableCost,VGB,GLOBAL,TRNBRAXXURYXX,,,1,2029,,,,,,1.1111
VariableCost,VGB,GLOBAL,TRNBRAXXURYXX,,,1,2030,,,,,,1.1111
VariableCost,VGB,GLOBAL,TRNBRAXXURYXX,,,1,2031,,,,,,1.1111
VariableCost,VGB,GLOBAL,TRNBRAXXURYXX,,,1,2032,,,,,,1.1111
VariableCost,VGB,GLOBAL,TRNBRAXXURYXX,,,1,2033,,,,,,1.1111
VariableCost,VGB,GLOBAL,TRNBRAXXURYXX,,,1,2034,,,,,,1.1111
VariableCost,VGB,GLOBAL,TRNBRAXXURYXX,,,1,2035,,,,,,1.1111
VariableCost,VGB,GLOBAL,TRNBRAXXURYXX,,,1,2036,,,,,,1.1111
VariableCost,VGB,GLOBAL,TRNBRAXXURYXX,,,1,2037,,,,,,1.1111
VariableCost,VGB,GLOBAL,TRNBRAXXURYXX,,,1,2038,,,,,,1.1111
VariableCost,VGB,GLOBAL,TRNBRAXXURYXX,,,1,2039,,,,,,1.1111
VariableCost,VGB,GLOBAL,TRNBRAXXURYXX,,,1,2040,,,,,,1.1111
VariableCost,VGB,GLOBAL,TRNBRAXXURYXX,,,1,2041,,,,,,1.1111
VariableCost,VGB,GLOBAL,TRNBRAXXURYXX,,,1,2042,,,,,,1.1111
VariableCost,VGB,GLOBAL,TRNBRAXXURYXX,,,1,2043,,,,,,1.1111
VariableCost,VGB,GLOBAL,TRNBRAXXURYXX,,,1,2044,,,,,,1.1111
VariableCost,VGB,GLOBAL,TRNBRAXXURYXX,,,1,2045,,,,,,1.1111
VariableCost,VGB,GLOBAL,TRNBRAXXURYXX,,,1,2046,,,,,,1.1111
VariableCost,VGB,GLOBAL,TRNBRAXXURYXX,,,1,2047,,,,,,1.1111
VariableCost,VGB,GLOBAL,TRNBRAXXURYXX,,,1,2048,,,,,,1.1111
VariableCost,VGB,GLOBAL,TRNBRAXXURYXX,,,1,2049,,,,,,1.1111
VariableCost,VGB,GLOBAL,TRNBRAXXURYXX,,,1,2050,,,,,,1.1111
VariableCost,VGB,GLOBAL,TRNBRAXXURYXX,,,2,2023,,,,,,1.1111
VariableCost,VGB,GLOBAL,TRNBRAXXURYXX,,,2,2024,,,,,,1.1111
VariableCost,VGB,GLOBAL,TRNBRAXXURYXX,,,2,2025,,,,,,1.1111
VariableCost,VGB,GLOBAL,TRNBRAXXURYXX,,,2,2026,,,,,,1.1111
VariableCost,VGB,GLOBAL,TRNBRAXXURYXX,,,2,2027,,,,,,1.1111
VariableCost,VGB,GLOBAL,TRNBRAXXURYXX,,,2,2028,,,,,,1.1111
VariableCost,VGB,GLOBAL,TRNBRAXXURYXX,,,2,2029,,,,,,1.1111
VariableCost,VGB,GLOBAL,TRNBRAXXURYXX,,,2,2030,,,,,,1.1111
VariableCost,VGB,GLOBAL,TRNBRAXXURYXX,,,2,2031,,,,,,1.1111
VariableCost,VGB,GLOBAL,TRNBRAXXURYXX,,,2,2032,,,,,,1.1111
VariableCost,VGB,GLOBAL,TRNBRAXXURYXX,,,2,2033,,,,,,1.1111
VariableCost,VGB,GLOBAL,TRNBRAXXURYXX,,,2,2034,,,,,,1.1111
VariableCost,VGB,GLOBAL,TRNBRAXXURYXX,,,2,2035,,,,,,1.1111
VariableCost,VGB,GLOBAL,TRNBRAXXURYXX,,,2,2036,,,,,,1.1111
VariableCost,VGB,GLOBAL,TRNBRAXXURYXX,,,2,2037,,,,,,1.1111
VariableCost,VGB,GLOBAL,TRNBRAXXURYXX,,,2,2038,,,,,,1.1111
VariableCost,VGB,GLOBAL,TRNBRAXXURYXX,,,2,2039,,,,,,1.1111
VariableCost,VGB,GLOBAL,TRNBRAXXURYXX,,,2,2040,,,,,,1.1111
VariableCost,VGB,GLOBAL,TRNBRAXXURYXX,,,2,2041,,,,,,1.1111
VariableCost,VGB,GLOBAL,TRNBRAXXURYXX,,,2,2042,,,,,,1.1111
VariableCost,VGB,GLOBAL,TRNBRAXXURYXX,,,2,2043,,,,,,1.1111
VariableCost,VGB,GLOBAL,TRNBRAXXURYXX,,,2,2044,,,,,,1.1111
VariableCost,VGB,GLOBAL,TRNBRAXXURYXX,,,2,2045,,,,,,1.1111
VariableCost,VGB,GLOBAL,TRNBRAXXURYXX,,,2,2046,,,,,,1.1111
VariableCost,VGB,GLOBAL,TRNBRAXXURYXX,,,2,2047,,,,,,1.1111
VariableCost,VGB,GLOBAL,TRNBRAXXURYXX,,,2,2048,,,,,,1.1111
VariableCost,VGB,GLOBAL,TRNBRAXXURYXX,,,2,2049,,,,,,1.1111
VariableCost,VGB,GLOBAL,TRNBRAXXURYXX,,,2,2050,,,,,,1.1111
VariableCost,VGB,GLOBAL,TRNCHLXXPERXX,,,1,2023,,,,,,1.1111
VariableCost,VGB,GLOBAL,TRNCHLXXPERXX,,,1,2024,,,,,,1.1111
VariableCost,VGB,GLOBAL,TRNCHLXXPERXX,,,1,2025,,,,,,1.1111
VariableCost,VGB,GLOBAL,TRNCHLXXPERXX,,,1,2026,,,,,,1.1111
VariableCost,VGB,GLOBAL,TRNCHLXXPERXX,,,1,2027,,,,,,1.1111
VariableCost,VGB,GLOBAL,TRNCHLXXPERXX,,,1,2028,,,,,,1.1111
VariableCost,VGB,GLOBAL,TRNCHLXXPERXX,,,1,2029,,,,,,1.1111
VariableCost,VGB,GLOBAL,TRNCHLXXPERXX,,,1,2030,,,,,,1.1111
VariableCost,VGB,GLOBAL,TRNCHLXXPERXX,,,1,2031,,,,,,1.1111
VariableCost,VGB,GLOBAL,TRNCHLXXPERXX,,,1,2032,,,,,,1.1111
VariableCost,VGB,GLOBAL,TRNCHLXXPERXX,,,1,2033,,,,,,1.1111
VariableCost,VGB,GLOBAL,TRNCHLXXPERXX,,,1,2034,,,,,,1.1111
VariableCost,VGB,GLOBAL,TRNCHLXXPERXX,,,1,2035,,,,,,1.1111
VariableCost,VGB,GLOBAL,TRNCHLXXPERXX,,,1,2036,,,,,,1.1111
VariableCost,VGB,GLOBAL,TRNCHLXXPERXX,,,1,2037,,,,,,1.1111
VariableCost,VGB,GLOBAL,TRNCHLXXPERXX,,,1,2038,,,,,,1.1111
VariableCost,VGB,GLOBAL,TRNCHLXXPERXX,,,1,2039,,,,,,1.1111
VariableCost,VGB,GLOBAL,TRNCHLXXPERXX,,,1,2040,,,,,,1.1111
VariableCost,VGB,GLOBAL,TRNCHLXXPERXX,,,1,2041,,,,,,1.1111
VariableCost,VGB,GLOBAL,TRNCHLXXPERXX,,,1,2042,,,,,,1.1111
VariableCost,VGB,GLOBAL,TRNCHLXXPERXX,,,1,2043,,,,,,1.1111
VariableCost,VGB,GLOBAL,TRNCHLXXPERXX,,,1,2044,,,,,,1.1111
VariableCost,VGB,GLOBAL,TRNCHLXXPERXX,,,1,2045,,,,,,1.1111
VariableCost,VGB,GLOBAL,TRNCHLXXPERXX,,,1,2046,,,,,,1.1111
VariableCost,VGB,GLOBAL,TRNCHLXXPERXX,,,1,2047,,,,,,1.1111
VariableCost,VGB,GLOBAL,TRNCHLXXPERXX,,,1,2048,,,,,,1.1111
VariableCost,VGB,GLOBAL,TRNCHLXXPERXX,,,1,2049,,,,,,1.1111
VariableCost,VGB,GLOBAL,TRNCHLXXPERXX,,,1,2050,,,,,,1.1111
VariableCost,VGB,GLOBAL,TRNCHLXXPERXX,,,2,2023,,,,,,1.1111
VariableCost,VGB,GLOBAL,TRNCHLXXPERXX,,,2,2024,,,,,,1.1111
VariableCost,VGB,GLOBAL,TRNCHLXXPERXX,,,2,2025,,,,,,1.1111
VariableCost,VGB,GLOBAL,TRNCHLXXPERXX,,,2,2026,,,,,,1.1111
VariableCost,VGB,GLOBAL,TRNCHLXXPERXX,,,2,2027,,,,,,1.1111
VariableCost,VGB,GLOBAL,TRNCHLXXPERXX,,,2,2028,,,,,,1.1111
VariableCost,VGB,GLOBAL,TRNCHLXXPERXX,,,2,2029,,,,,,1.1111
VariableCost,VGB,GLOBAL,TRNCHLXXPERXX,,,2,2030,,,,,,1.1111
VariableCost,VGB,GLOBAL,TRNCHLXXPERXX,,,2,2031,,,,,,1.1111
VariableCost,VGB,GLOBAL,TRNCHLXXPERXX,,,2,2032,,,,,,1.1111
VariableCost,VGB,GLOBAL,TRNCHLXXPERXX,,,2,2033,,,,,,1.1111
VariableCost,VGB,GLOBAL,TRNCHLXXPERXX,,,2,2034,,,,,,1.1111
VariableCost,VGB,GLOBAL,TRNCHLXXPERXX,,,2,2035,,,,,,1.1111
VariableCost,VGB,GLOBAL,TRNCHLXXPERXX,,,2,2036,,,,,,1.1111
VariableCost,VGB,GLOBAL,TRNCHLXXPERXX,,,2,2037,,,,,,1.1111
VariableCost,VGB,GLOBAL,TRNCHLXXPERXX,,,2,2038,,,,,,1.1111
VariableCost,VGB,GLOBAL,TRNCHLXXPERXX,,,2,2039,,,,,,1.1111
VariableCost,VGB,GLOBAL,TRNCHLXXPERXX,,,2,2040,,,,,,1.1111
VariableCost,VGB,GLOBAL,TRNCHLXXPERXX,,,2,2041,,,,,,1.1111
VariableCost,VGB,GLOBAL,TRNCHLXXPERXX,,,2,2042,,,,,,1.1111
VariableCost,VGB,GLOBAL,TRNCHLXXPERXX,,,2,2043,,,,,,1.1111
VariableCost,VGB,GLOBAL,TRNCHLXXPERXX,,,2,2044,,,,,,1.1111
VariableCost,VGB,GLOBAL,TRNCHLXXPERXX,,,2,2045,,,,,,1.1111
VariableCost,VGB,GLOBAL,TRNCHLXXPERXX,,,2,2046,,,,,,1.1111
VariableCost,VGB,GLOBAL,TRNCHLXXPERXX,,,2,2047,,,,,,1.1111
VariableCost,VGB,GLOBAL,TRNCHLXXPERXX,,,2,2048,,,,,,1.1111
VariableCost,VGB,GLOBAL,TRNCHLXXPERXX,,,2,2049,,,,,,1.1111
VariableCost,VGB,GLOBAL,TRNCHLXXPERXX,,,2,2050,,,,,,1.1111
VariableCost,VGB,GLOBAL,TRNCOLXXECUXX,,,1,2023,,,,,,1.1111
VariableCost,VGB,GLOBAL,TRNCOLXXECUXX,,,1,2024,,,,,,1.1111
VariableCost,VGB,GLOBAL,TRNCOLXXECUXX,,,1,2025,,,,,,1.1111
VariableCost,VGB,GLOBAL,TRNCOLXXECUXX,,,1,2026,,,,,,1.1111
VariableCost,VGB,GLOBAL,TRNCOLXXECUXX,,,1,2027,,,,,,1.1111
VariableCost,VGB,GLOBAL,TRNCOLXXECUXX,,,1,2028,,,,,,1.1111
VariableCost,VGB,GLOBAL,TRNCOLXXECUXX,,,1,2029,,,,,,1.1111
VariableCost,VGB,GLOBAL,TRNCOLXXECUXX,,,1,2030,,,,,,1.1111
VariableCost,VGB,GLOBAL,TRNCOLXXECUXX,,,1,2031,,,,,,1.1111
VariableCost,VGB,GLOBAL,TRNCOLXXECUXX,,,1,2032,,,,,,1.1111
VariableCost,VGB,GLOBAL,TRNCOLXXECUXX,,,1,2033,,,,,,1.1111
VariableCost,VGB,GLOBAL,TRNCOLXXECUXX,,,1,2034,,,,,,1.1111
VariableCost,VGB,GLOBAL,TRNCOLXXECUXX,,,1,2035,,,,,,1.1111
VariableCost,VGB,GLOBAL,TRNCOLXXECUXX,,,1,2036,,,,,,1.1111
VariableCost,VGB,GLOBAL,TRNCOLXXECUXX,,,1,2037,,,,,,1.1111
VariableCost,VGB,GLOBAL,TRNCOLXXECUXX,,,1,2038,,,,,,1.1111
VariableCost,VGB,GLOBAL,TRNCOLXXECUXX,,,1,2039,,,,,,1.1111
VariableCost,VGB,GLOBAL,TRNCOLXXECUXX,,,1,2040,,,,,,1.1111
VariableCost,VGB,GLOBAL,TRNCOLXXECUXX,,,1,2041,,,,,,1.1111
VariableCost,VGB,GLOBAL,TRNCOLXXECUXX,,,1,2042,,,,,,1.1111
VariableCost,VGB,GLOBAL,TRNCOLXXECUXX,,,1,2043,,,,,,1.1111
VariableCost,VGB,GLOBAL,TRNCOLXXECUXX,,,1,2044,,,,,,1.1111
VariableCost,VGB,GLOBAL,TRNCOLXXECUXX,,,1,2045,,,,,,1.1111
VariableCost,VGB,GLOBAL,TRNCOLXXECUXX,,,1,2046,,,,,,1.1111
VariableCost,VGB,GLOBAL,TRNCOLXXECUXX,,,1,2047,,,,,,1.1111
VariableCost,VGB,GLOBAL,TRNCOLXXECUXX,,,1,2048,,,,,,1.1111
VariableCost,VGB,GLOBAL,TRNCOLXXECUXX,,,1,2049,,,,,,1.1111
VariableCost,VGB,GLOBAL,TRNCOLXXECUXX,,,1,2050,,,,,,1.1111
VariableCost,VGB,GLOBAL,TRNCOLXXECUXX,,,2,2023,,,,,,1.1111
VariableCost,VGB,GLOBAL,TRNCOLXXECUXX,,,2,2024,,,,,,1.1111
VariableCost,VGB,GLOBAL,TRNCOLXXECUXX,,,2,2025,,,,,,1.1111
VariableCost,VGB,GLOBAL,TRNCOLXXECUXX,,,2,2026,,,,,,1.1111
VariableCost,VGB,GLOBAL,TRNCOLXXECUXX,,,2,2027,,,,,,1.1111
VariableCost,VGB,GLOBAL,TRNCOLXXECUXX,,,2,2028,,,,,,1.1111
VariableCost,VGB,GLOBAL,TRNCOLXXECUXX,,,2,2029,,,,,,1.1111
VariableCost,VGB,GLOBAL,TRNCOLXXECUXX,,,2,2030,,,,,,1.1111
VariableCost,VGB,GLOBAL,TRNCOLXXECUXX,,,2,2031,,,,,,1.1111
VariableCost,VGB,GLOBAL,TRNCOLXXECUXX,,,2,2032,,,,,,1.1111
VariableCost,VGB,GLOBAL,TRNCOLXXECUXX,,,2,2033,,,,,,1.1111
VariableCost,VGB,GLOBAL,TRNCOLXXECUXX,,,2,2034,,,,,,1.1111
VariableCost,VGB,GLOBAL,TRNCOLXXECUXX,,,2,2035,,,,,,1.1111
VariableCost,VGB,GLOBAL,TRNCOLXXECUXX,,,2,2036,,,,,,1.1111
VariableCost,VGB,GLOBAL,TRNCOLXXECUXX,,,2,2037,,,,,,1.1111
VariableCost,VGB,GLOBAL,TRNCOLXXECUXX,,,2,2038,,,,,,1.1111
VariableCost,VGB,GLOBAL,TRNCOLXXECUXX,,,2,2039,,,,,,1.1111
VariableCost,VGB,GLOBAL,TRNCOLXXECUXX,,,2,2040,,,,,,1.1111
VariableCost,VGB,GLOBAL,TRNCOLXXECUXX,,,2,2041,,,,,,1.1111
VariableCost,VGB,GLOBAL,TRNCOLXXECUXX,,,2,2042,,,,,,1.1111
VariableCost,VGB,GLOBAL,TRNCOLXXECUXX,,,2,2043,,,,,,1.1111
VariableCost,VGB,GLOBAL,TRNCOLXXECUXX,,,2,2044,,,,,,1.1111
VariableCost,VGB,GLOBAL,TRNCOLXXECUXX,,,2,2045,,,,,,1.1111
VariableCost,VGB,GLOBAL,TRNCOLXXECUXX,,,2,2046,,,,,,1.1111
VariableCost,VGB,GLOBAL,TRNCOLXXECUXX,,,2,2047,,,,,,1.1111
VariableCost,VGB,GLOBAL,TRNCOLXXECUXX,,,2,2048,,,,,,1.1111
VariableCost,VGB,GLOBAL,TRNCOLXXECUXX,,,2,2049,,,,,,1.1111
VariableCost,VGB,GLOBAL,TRNCOLXXECUXX,,,2,2050,,,,,,1.1111
VariableCost,VGB,GLOBAL,TRNCOLXXPANXX,,,1,2023,,,,,,1.1111
VariableCost,VGB,GLOBAL,TRNCOLXXPANXX,,,1,2024,,,,,,1.1111
VariableCost,VGB,GLOBAL,TRNCOLXXPANXX,,,1,2025,,,,,,1.1111
VariableCost,VGB,GLOBAL,TRNCOLXXPANXX,,,1,2026,,,,,,1.1111
VariableCost,VGB,GLOBAL,TRNCOLXXPANXX,,,1,2027,,,,,,1.1111
VariableCost,VGB,GLOBAL,TRNCOLXXPANXX,,,1,2028,,,,,,1.1111
VariableCost,VGB,GLOBAL,TRNCOLXXPANXX,,,1,2029,,,,,,1.1111
VariableCost,VGB,GLOBAL,TRNCOLXXPANXX,,,1,2030,,,,,,1.1111
VariableCost,VGB,GLOBAL,TRNCOLXXPANXX,,,1,2031,,,,,,1.1111
VariableCost,VGB,GLOBAL,TRNCOLXXPANXX,,,1,2032,,,,,,1.1111
VariableCost,VGB,GLOBAL,TRNCOLXXPANXX,,,1,2033,,,,,,1.1111
VariableCost,VGB,GLOBAL,TRNCOLXXPANXX,,,1,2034,,,,,,1.1111
VariableCost,VGB,GLOBAL,TRNCOLXXPANXX,,,1,2035,,,,,,1.1111
VariableCost,VGB,GLOBAL,TRNCOLXXPANXX,,,1,2036,,,,,,1.1111
VariableCost,VGB,GLOBAL,TRNCOLXXPANXX,,,1,2037,,,,,,1.1111
VariableCost,VGB,GLOBAL,TRNCOLXXPANXX,,,1,2038,,,,,,1.1111
VariableCost,VGB,GLOBAL,TRNCOLXXPANXX,,,1,2039,,,,,,1.1111
VariableCost,VGB,GLOBAL,TRNCOLXXPANXX,,,1,2040,,,,,,1.1111
VariableCost,VGB,GLOBAL,TRNCOLXXPANXX,,,1,2041,,,,,,1.1111
VariableCost,VGB,GLOBAL,TRNCOLXXPANXX,,,1,2042,,,,,,1.1111
VariableCost,VGB,GLOBAL,TRNCOLXXPANXX,,,1,2043,,,,,,1.1111
VariableCost,VGB,GLOBAL,TRNCOLXXPANXX,,,1,2044,,,,,,1.1111
VariableCost,VGB,GLOBAL,TRNCOLXXPANXX,,,1,2045,,,,,,1.1111
VariableCost,VGB,GLOBAL,TRNCOLXXPANXX,,,1,2046,,,,,,1.1111
VariableCost,VGB,GLOBAL,TRNCOLXXPANXX,,,1,2047,,,,,,1.1111
VariableCost,VGB,GLOBAL,TRNCOLXXPANXX,,,1,2048,,,,,,1.1111
VariableCost,VGB,GLOBAL,TRNCOLXXPANXX,,,1,2049,,,,,,1.1111
VariableCost,VGB,GLOBAL,TRNCOLXXPANXX,,,1,2050,,,,,,1.1111
VariableCost,VGB,GLOBAL,TRNCOLXXPANXX,,,2,2023,,,,,,1.1111
VariableCost,VGB,GLOBAL,TRNCOLXXPANXX,,,2,2024,,,,,,1.1111
VariableCost,VGB,GLOBAL,TRNCOLXXPANXX,,,2,2025,,,,,,1.1111
VariableCost,VGB,GLOBAL,TRNCOLXXPANXX,,,2,2026,,,,,,1.1111
VariableCost,VGB,GLOBAL,TRNCOLXXPANXX,,,2,2027,,,,,,1.1111
VariableCost,VGB,GLOBAL,TRNCOLXXPANXX,,,2,2028,,,,,,1.1111
VariableCost,VGB,GLOBAL,TRNCOLXXPANXX,,,2,2029,,,,,,1.1111
VariableCost,VGB,GLOBAL,TRNCOLXXPANXX,,,2,2030,,,,,,1.1111
VariableCost,VGB,GLOBAL,TRNCOLXXPANXX,,,2,2031,,,,,,1.1111
VariableCost,VGB,GLOBAL,TRNCOLXXPANXX,,,2,2032,,,,,,1.1111
VariableCost,VGB,GLOBAL,TRNCOLXXPANXX,,,2,2033,,,,,,1.1111
VariableCost,VGB,GLOBAL,TRNCOLXXPANXX,,,2,2034,,,,,,1.1111
VariableCost,VGB,GLOBAL,TRNCOLXXPANXX,,,2,2035,,,,,,1.1111
VariableCost,VGB,GLOBAL,TRNCOLXXPANXX,,,2,2036,,,,,,1.1111
VariableCost,VGB,GLOBAL,TRNCOLXXPANXX,,,2,2037,,,,,,1.1111
VariableCost,VGB,GLOBAL,TRNCOLXXPANXX,,,2,2038,,,,,,1.1111
VariableCost,VGB,GLOBAL,TRNCOLXXPANXX,,,2,2039,,,,,,1.1111
VariableCost,VGB,GLOBAL,TRNCOLXXPANXX,,,2,2040,,,,,,1.1111
VariableCost,VGB,GLOBAL,TRNCOLXXPANXX,,,2,2041,,,,,,1.1111
VariableCost,VGB,GLOBAL,TRNCOLXXPANXX,,,2,2042,,,,,,1.1111
VariableCost,VGB,GLOBAL,TRNCOLXXPANXX,,,2,2043,,,,,,1.1111
VariableCost,VGB,GLOBAL,TRNCOLXXPANXX,,,2,2044,,,,,,1.1111
VariableCost,VGB,GLOBAL,TRNCOLXXPANXX,,,2,2045,,,,,,1.1111
VariableCost,VGB,GLOBAL,TRNCOLXXPANXX,,,2,2046,,,,,,1.1111
VariableCost,VGB,GLOBAL,TRNCOLXXPANXX,,,2,2047,,,,,,1.1111
VariableCost,VGB,GLOBAL,TRNCOLXXPANXX,,,2,2048,,,,,,1.1111
VariableCost,VGB,GLOBAL,TRNCOLXXPANXX,,,2,2049,,,,,,1.1111
VariableCost,VGB,GLOBAL,TRNCOLXXPANXX,,,2,2050,,,,,,1.1111
VariableCost,VGB,GLOBAL,TRNCOLXXPERXX,,,1,2023,,,,,,1.1111
VariableCost,VGB,GLOBAL,TRNCOLXXPERXX,,,1,2024,,,,,,1.1111
VariableCost,VGB,GLOBAL,TRNCOLXXPERXX,,,1,2025,,,,,,1.1111
VariableCost,VGB,GLOBAL,TRNCOLXXPERXX,,,1,2026,,,,,,1.1111
VariableCost,VGB,GLOBAL,TRNCOLXXPERXX,,,1,2027,,,,,,1.1111
VariableCost,VGB,GLOBAL,TRNCOLXXPERXX,,,1,2028,,,,,,1.1111
VariableCost,VGB,GLOBAL,TRNCOLXXPERXX,,,1,2029,,,,,,1.1111
VariableCost,VGB,GLOBAL,TRNCOLXXPERXX,,,1,2030,,,,,,1.1111
VariableCost,VGB,GLOBAL,TRNCOLXXPERXX,,,1,2031,,,,,,1.1111
VariableCost,VGB,GLOBAL,TRNCOLXXPERXX,,,1,2032,,,,,,1.1111
VariableCost,VGB,GLOBAL,TRNCOLXXPERXX,,,1,2033,,,,,,1.1111
VariableCost,VGB,GLOBAL,TRNCOLXXPERXX,,,1,2034,,,,,,1.1111
VariableCost,VGB,GLOBAL,TRNCOLXXPERXX,,,1,2035,,,,,,1.1111
VariableCost,VGB,GLOBAL,TRNCOLXXPERXX,,,1,2036,,,,,,1.1111
VariableCost,VGB,GLOBAL,TRNCOLXXPERXX,,,1,2037,,,,,,1.1111
VariableCost,VGB,GLOBAL,TRNCOLXXPERXX,,,1,2038,,,,,,1.1111
VariableCost,VGB,GLOBAL,TRNCOLXXPERXX,,,1,2039,,,,,,1.1111
VariableCost,VGB,GLOBAL,TRNCOLXXPERXX,,,1,2040,,,,,,1.1111
VariableCost,VGB,GLOBAL,TRNCOLXXPERXX,,,1,2041,,,,,,1.1111
VariableCost,VGB,GLOBAL,TRNCOLXXPERXX,,,1,2042,,,,,,1.1111
VariableCost,VGB,GLOBAL,TRNCOLXXPERXX,,,1,2043,,,,,,1.1111
VariableCost,VGB,GLOBAL,TRNCOLXXPERXX,,,1,2044,,,,,,1.1111
VariableCost,VGB,GLOBAL,TRNCOLXXPERXX,,,1,2045,,,,,,1.1111
VariableCost,VGB,GLOBAL,TRNCOLXXPERXX,,,1,2046,,,,,,1.1111
VariableCost,VGB,GLOBAL,TRNCOLXXPERXX,,,1,2047,,,,,,1.1111
VariableCost,VGB,GLOBAL,TRNCOLXXPERXX,,,1,2048,,,,,,1.1111
VariableCost,VGB,GLOBAL,TRNCOLXXPERXX,,,1,2049,,,,,,1.1111
VariableCost,VGB,GLOBAL,TRNCOLXXPERXX,,,1,2050,,,,,,1.1111
VariableCost,VGB,GLOBAL,TRNCOLXXPERXX,,,2,2023,,,,,,1.1111
VariableCost,VGB,GLOBAL,TRNCOLXXPERXX,,,2,2024,,,,,,1.1111
VariableCost,VGB,GLOBAL,TRNCOLXXPERXX,,,2,2025,,,,,,1.1111
VariableCost,VGB,GLOBAL,TRNCOLXXPERXX,,,2,2026,,,,,,1.1111
VariableCost,VGB,GLOBAL,TRNCOLXXPERXX,,,2,2027,,,,,,1.1111
VariableCost,VGB,GLOBAL,TRNCOLXXPERXX,,,2,2028,,,,,,1.1111
VariableCost,VGB,GLOBAL,TRNCOLXXPERXX,,,2,2029,,,,,,1.1111
VariableCost,VGB,GLOBAL,TRNCOLXXPERXX,,,2,2030,,,,,,1.1111
VariableCost,VGB,GLOBAL,TRNCOLXXPERXX,,,2,2031,,,,,,1.1111
VariableCost,VGB,GLOBAL,TRNCOLXXPERXX,,,2,2032,,,,,,1.1111
VariableCost,VGB,GLOBAL,TRNCOLXXPERXX,,,2,2033,,,,,,1.1111
VariableCost,VGB,GLOBAL,TRNCOLXXPERXX,,,2,2034,,,,,,1.1111
VariableCost,VGB,GLOBAL,TRNCOLXXPERXX,,,2,2035,,,,,,1.1111
VariableCost,VGB,GLOBAL,TRNCOLXXPERXX,,,2,2036,,,,,,1.1111
VariableCost,VGB,GLOBAL,TRNCOLXXPERXX,,,2,2037,,,,,,1.1111
VariableCost,VGB,GLOBAL,TRNCOLXXPERXX,,,2,2038,,,,,,1.1111
VariableCost,VGB,GLOBAL,TRNCOLXXPERXX,,,2,2039,,,,,,1.1111
VariableCost,VGB,GLOBAL,TRNCOLXXPERXX,,,2,2040,,,,,,1.1111
VariableCost,VGB,GLOBAL,TRNCOLXXPERXX,,,2,2041,,,,,,1.1111
VariableCost,VGB,GLOBAL,TRNCOLXXPERXX,,,2,2042,,,,,,1.1111
VariableCost,VGB,GLOBAL,TRNCOLXXPERXX,,,2,2043,,,,,,1.1111
VariableCost,VGB,GLOBAL,TRNCOLXXPERXX,,,2,2044,,,,,,1.1111
VariableCost,VGB,GLOBAL,TRNCOLXXPERXX,,,2,2045,,,,,,1.1111
VariableCost,VGB,GLOBAL,TRNCOLXXPERXX,,,2,2046,,,,,,1.1111
VariableCost,VGB,GLOBAL,TRNCOLXXPERXX,,,2,2047,,,,,,1.1111
VariableCost,VGB,GLOBAL,TRNCOLXXPERXX,,,2,2048,,,,,,1.1111
VariableCost,VGB,GLOBAL,TRNCOLXXPERXX,,,2,2049,,,,,,1.1111
VariableCost,VGB,GLOBAL,TRNCOLXXPERXX,,,2,2050,,,,,,1.1111
VariableCost,VGB,GLOBAL,TRNCRIXXNICXX,,,1,2023,,,,,,1.1111
VariableCost,VGB,GLOBAL,TRNCRIXXNICXX,,,1,2024,,,,,,1.1111
VariableCost,VGB,GLOBAL,TRNCRIXXNICXX,,,1,2025,,,,,,1.1111
VariableCost,VGB,GLOBAL,TRNCRIXXNICXX,,,1,2026,,,,,,1.1111
VariableCost,VGB,GLOBAL,TRNCRIXXNICXX,,,1,2027,,,,,,1.1111
VariableCost,VGB,GLOBAL,TRNCRIXXNICXX,,,1,2028,,,,,,1.1111
VariableCost,VGB,GLOBAL,TRNCRIXXNICXX,,,1,2029,,,,,,1.1111
VariableCost,VGB,GLOBAL,TRNCRIXXNICXX,,,1,2030,,,,,,1.1111
VariableCost,VGB,GLOBAL,TRNCRIXXNICXX,,,1,2031,,,,,,1.1111
VariableCost,VGB,GLOBAL,TRNCRIXXNICXX,,,1,2032,,,,,,1.1111
VariableCost,VGB,GLOBAL,TRNCRIXXNICXX,,,1,2033,,,,,,1.1111
VariableCost,VGB,GLOBAL,TRNCRIXXNICXX,,,1,2034,,,,,,1.1111
VariableCost,VGB,GLOBAL,TRNCRIXXNICXX,,,1,2035,,,,,,1.1111
VariableCost,VGB,GLOBAL,TRNCRIXXNICXX,,,1,2036,,,,,,1.1111
VariableCost,VGB,GLOBAL,TRNCRIXXNICXX,,,1,2037,,,,,,1.1111
VariableCost,VGB,GLOBAL,TRNCRIXXNICXX,,,1,2038,,,,,,1.1111
VariableCost,VGB,GLOBAL,TRNCRIXXNICXX,,,1,2039,,,,,,1.1111
VariableCost,VGB,GLOBAL,TRNCRIXXNICXX,,,1,2040,,,,,,1.1111
VariableCost,VGB,GLOBAL,TRNCRIXXNICXX,,,1,2041,,,,,,1.1111
VariableCost,VGB,GLOBAL,TRNCRIXXNICXX,,,1,2042,,,,,,1.1111
VariableCost,VGB,GLOBAL,TRNCRIXXNICXX,,,1,2043,,,,,,1.1111
VariableCost,VGB,GLOBAL,TRNCRIXXNICXX,,,1,2044,,,,,,1.1111
VariableCost,VGB,GLOBAL,TRNCRIXXNICXX,,,1,2045,,,,,,1.1111
VariableCost,VGB,GLOBAL,TRNCRIXXNICXX,,,1,2046,,,,,,1.1111
VariableCost,VGB,GLOBAL,TRNCRIXXNICXX,,,1,2047,,,,,,1.1111
VariableCost,VGB,GLOBAL,TRNCRIXXNICXX,,,1,2048,,,,,,1.1111
VariableCost,VGB,GLOBAL,TRNCRIXXNICXX,,,1,2049,,,,,,1.1111
VariableCost,VGB,GLOBAL,TRNCRIXXNICXX,,,1,2050,,,,,,1.1111
VariableCost,VGB,GLOBAL,TRNCRIXXNICXX,,,2,2023,,,,,,1.1111
VariableCost,VGB,GLOBAL,TRNCRIXXNICXX,,,2,2024,,,,,,1.1111
VariableCost,VGB,GLOBAL,TRNCRIXXNICXX,,,2,2025,,,,,,1.1111
VariableCost,VGB,GLOBAL,TRNCRIXXNICXX,,,2,2026,,,,,,1.1111
VariableCost,VGB,GLOBAL,TRNCRIXXNICXX,,,2,2027,,,,,,1.1111
VariableCost,VGB,GLOBAL,TRNCRIXXNICXX,,,2,2028,,,,,,1.1111
VariableCost,VGB,GLOBAL,TRNCRIXXNICXX,,,2,2029,,,,,,1.1111
VariableCost,VGB,GLOBAL,TRNCRIXXNICXX,,,2,2030,,,,,,1.1111
VariableCost,VGB,GLOBAL,TRNCRIXXNICXX,,,2,2031,,,,,,1.1111
VariableCost,VGB,GLOBAL,TRNCRIXXNICXX,,,2,2032,,,,,,1.1111
VariableCost,VGB,GLOBAL,TRNCRIXXNICXX,,,2,2033,,,,,,1.1111
VariableCost,VGB,GLOBAL,TRNCRIXXNICXX,,,2,2034,,,,,,1.1111
VariableCost,VGB,GLOBAL,TRNCRIXXNICXX,,,2,2035,,,,,,1.1111
VariableCost,VGB,GLOBAL,TRNCRIXXNICXX,,,2,2036,,,,,,1.1111
VariableCost,VGB,GLOBAL,TRNCRIXXNICXX,,,2,2037,,,,,,1.1111
VariableCost,VGB,GLOBAL,TRNCRIXXNICXX,,,2,2038,,,,,,1.1111
VariableCost,VGB,GLOBAL,TRNCRIXXNICXX,,,2,2039,,,,,,1.1111
VariableCost,VGB,GLOBAL,TRNCRIXXNICXX,,,2,2040,,,,,,1.1111
VariableCost,VGB,GLOBAL,TRNCRIXXNICXX,,,2,2041,,,,,,1.1111
VariableCost,VGB,GLOBAL,TRNCRIXXNICXX,,,2,2042,,,,,,1.1111
VariableCost,VGB,GLOBAL,TRNCRIXXNICXX,,,2,2043,,,,,,1.1111
VariableCost,VGB,GLOBAL,TRNCRIXXNICXX,,,2,2044,,,,,,1.1111
VariableCost,VGB,GLOBAL,TRNCRIXXNICXX,,,2,2045,,,,,,1.1111
VariableCost,VGB,GLOBAL,TRNCRIXXNICXX,,,2,2046,,,,,,1.1111
VariableCost,VGB,GLOBAL,TRNCRIXXNICXX,,,2,2047,,,,,,1.1111
VariableCost,VGB,GLOBAL,TRNCRIXXNICXX,,,2,2048,,,,,,1.1111
VariableCost,VGB,GLOBAL,TRNCRIXXNICXX,,,2,2049,,,,,,1.1111
VariableCost,VGB,GLOBAL,TRNCRIXXNICXX,,,2,2050,,,,,,1.1111
VariableCost,VGB,GLOBAL,TRNCRIXXPANXX,,,1,2023,,,,,,1.1111
VariableCost,VGB,GLOBAL,TRNCRIXXPANXX,,,1,2024,,,,,,1.1111
VariableCost,VGB,GLOBAL,TRNCRIXXPANXX,,,1,2025,,,,,,1.1111
VariableCost,VGB,GLOBAL,TRNCRIXXPANXX,,,1,2026,,,,,,1.1111
VariableCost,VGB,GLOBAL,TRNCRIXXPANXX,,,1,2027,,,,,,1.1111
VariableCost,VGB,GLOBAL,TRNCRIXXPANXX,,,1,2028,,,,,,1.1111
VariableCost,VGB,GLOBAL,TRNCRIXXPANXX,,,1,2029,,,,,,1.1111
VariableCost,VGB,GLOBAL,TRNCRIXXPANXX,,,1,2030,,,,,,1.1111
VariableCost,VGB,GLOBAL,TRNCRIXXPANXX,,,1,2031,,,,,,1.1111
VariableCost,VGB,GLOBAL,TRNCRIXXPANXX,,,1,2032,,,,,,1.1111
VariableCost,VGB,GLOBAL,TRNCRIXXPANXX,,,1,2033,,,,,,1.1111
VariableCost,VGB,GLOBAL,TRNCRIXXPANXX,,,1,2034,,,,,,1.1111
VariableCost,VGB,GLOBAL,TRNCRIXXPANXX,,,1,2035,,,,,,1.1111
VariableCost,VGB,GLOBAL,TRNCRIXXPANXX,,,1,2036,,,,,,1.1111
VariableCost,VGB,GLOBAL,TRNCRIXXPANXX,,,1,2037,,,,,,1.1111
VariableCost,VGB,GLOBAL,TRNCRIXXPANXX,,,1,2038,,,,,,1.1111
VariableCost,VGB,GLOBAL,TRNCRIXXPANXX,,,1,2039,,,,,,1.1111
VariableCost,VGB,GLOBAL,TRNCRIXXPANXX,,,1,2040,,,,,,1.1111
VariableCost,VGB,GLOBAL,TRNCRIXXPANXX,,,1,2041,,,,,,1.1111
VariableCost,VGB,GLOBAL,TRNCRIXXPANXX,,,1,2042,,,,,,1.1111
VariableCost,VGB,GLOBAL,TRNCRIXXPANXX,,,1,2043,,,,,,1.1111
VariableCost,VGB,GLOBAL,TRNCRIXXPANXX,,,1,2044,,,,,,1.1111
VariableCost,VGB,GLOBAL,TRNCRIXXPANXX,,,1,2045,,,,,,1.1111
VariableCost,VGB,GLOBAL,TRNCRIXXPANXX,,,1,2046,,,,,,1.1111
VariableCost,VGB,GLOBAL,TRNCRIXXPANXX,,,1,2047,,,,,,1.1111
VariableCost,VGB,GLOBAL,TRNCRIXXPANXX,,,1,2048,,,,,,1.1111
VariableCost,VGB,GLOBAL,TRNCRIXXPANXX,,,1,2049,,,,,,1.1111
VariableCost,VGB,GLOBAL,TRNCRIXXPANXX,,,1,2050,,,,,,1.1111
VariableCost,VGB,GLOBAL,TRNCRIXXPANXX,,,2,2023,,,,,,1.1111
VariableCost,VGB,GLOBAL,TRNCRIXXPANXX,,,2,2024,,,,,,1.1111
VariableCost,VGB,GLOBAL,TRNCRIXXPANXX,,,2,2025,,,,,,1.1111
VariableCost,VGB,GLOBAL,TRNCRIXXPANXX,,,2,2026,,,,,,1.1111
VariableCost,VGB,GLOBAL,TRNCRIXXPANXX,,,2,2027,,,,,,1.1111
VariableCost,VGB,GLOBAL,TRNCRIXXPANXX,,,2,2028,,,,,,1.1111
VariableCost,VGB,GLOBAL,TRNCRIXXPANXX,,,2,2029,,,,,,1.1111
VariableCost,VGB,GLOBAL,TRNCRIXXPANXX,,,2,2030,,,,,,1.1111
VariableCost,VGB,GLOBAL,TRNCRIXXPANXX,,,2,2031,,,,,,1.1111
VariableCost,VGB,GLOBAL,TRNCRIXXPANXX,,,2,2032,,,,,,1.1111
VariableCost,VGB,GLOBAL,TRNCRIXXPANXX,,,2,2033,,,,,,1.1111
VariableCost,VGB,GLOBAL,TRNCRIXXPANXX,,,2,2034,,,,,,1.1111
VariableCost,VGB,GLOBAL,TRNCRIXXPANXX,,,2,2035,,,,,,1.1111
VariableCost,VGB,GLOBAL,TRNCRIXXPANXX,,,2,2036,,,,,,1.1111
VariableCost,VGB,GLOBAL,TRNCRIXXPANXX,,,2,2037,,,,,,1.1111
VariableCost,VGB,GLOBAL,TRNCRIXXPANXX,,,2,2038,,,,,,1.1111
VariableCost,VGB,GLOBAL,TRNCRIXXPANXX,,,2,2039,,,,,,1.1111
VariableCost,VGB,GLOBAL,TRNCRIXXPANXX,,,2,2040,,,,,,1.1111
VariableCost,VGB,GLOBAL,TRNCRIXXPANXX,,,2,2041,,,,,,1.1111
VariableCost,VGB,GLOBAL,TRNCRIXXPANXX,,,2,2042,,,,,,1.1111
VariableCost,VGB,GLOBAL,TRNCRIXXPANXX,,,2,2043,,,,,,1.1111
VariableCost,VGB,GLOBAL,TRNCRIXXPANXX,,,2,2044,,,,,,1.1111
VariableCost,VGB,GLOBAL,TRNCRIXXPANXX,,,2,2045,,,,,,1.1111
VariableCost,VGB,GLOBAL,TRNCRIXXPANXX,,,2,2046,,,,,,1.1111
VariableCost,VGB,GLOBAL,TRNCRIXXPANXX,,,2,2047,,,,,,1.1111
VariableCost,VGB,GLOBAL,TRNCRIXXPANXX,,,2,2048,,,,,,1.1111
VariableCost,VGB,GLOBAL,TRNCRIXXPANXX,,,2,2049,,,,,,1.1111
VariableCost,VGB,GLOBAL,TRNCRIXXPANXX,,,2,2050,,,,,,1.1111
VariableCost,VGB,GLOBAL,TRNDOMXXHTIXX,,,1,2023,,,,,,1.1111
VariableCost,VGB,GLOBAL,TRNDOMXXHTIXX,,,1,2024,,,,,,1.1111
VariableCost,VGB,GLOBAL,TRNDOMXXHTIXX,,,1,2025,,,,,,1.1111
VariableCost,VGB,GLOBAL,TRNDOMXXHTIXX,,,1,2026,,,,,,1.1111
VariableCost,VGB,GLOBAL,TRNDOMXXHTIXX,,,1,2027,,,,,,1.1111
VariableCost,VGB,GLOBAL,TRNDOMXXHTIXX,,,1,2028,,,,,,1.1111
VariableCost,VGB,GLOBAL,TRNDOMXXHTIXX,,,1,2029,,,,,,1.1111
VariableCost,VGB,GLOBAL,TRNDOMXXHTIXX,,,1,2030,,,,,,1.1111
VariableCost,VGB,GLOBAL,TRNDOMXXHTIXX,,,1,2031,,,,,,1.1111
VariableCost,VGB,GLOBAL,TRNDOMXXHTIXX,,,1,2032,,,,,,1.1111
VariableCost,VGB,GLOBAL,TRNDOMXXHTIXX,,,1,2033,,,,,,1.1111
VariableCost,VGB,GLOBAL,TRNDOMXXHTIXX,,,1,2034,,,,,,1.1111
VariableCost,VGB,GLOBAL,TRNDOMXXHTIXX,,,1,2035,,,,,,1.1111
VariableCost,VGB,GLOBAL,TRNDOMXXHTIXX,,,1,2036,,,,,,1.1111
VariableCost,VGB,GLOBAL,TRNDOMXXHTIXX,,,1,2037,,,,,,1.1111
VariableCost,VGB,GLOBAL,TRNDOMXXHTIXX,,,1,2038,,,,,,1.1111
VariableCost,VGB,GLOBAL,TRNDOMXXHTIXX,,,1,2039,,,,,,1.1111
VariableCost,VGB,GLOBAL,TRNDOMXXHTIXX,,,1,2040,,,,,,1.1111
VariableCost,VGB,GLOBAL,TRNDOMXXHTIXX,,,1,2041,,,,,,1.1111
VariableCost,VGB,GLOBAL,TRNDOMXXHTIXX,,,1,2042,,,,,,1.1111
VariableCost,VGB,GLOBAL,TRNDOMXXHTIXX,,,1,2043,,,,,,1.1111
VariableCost,VGB,GLOBAL,TRNDOMXXHTIXX,,,1,2044,,,,,,1.1111
VariableCost,VGB,GLOBAL,TRNDOMXXHTIXX,,,1,2045,,,,,,1.1111
VariableCost,VGB,GLOBAL,TRNDOMXXHTIXX,,,1,2046,,,,,,1.1111
VariableCost,VGB,GLOBAL,TRNDOMXXHTIXX,,,1,2047,,,,,,1.1111
VariableCost,VGB,GLOBAL,TRNDOMXXHTIXX,,,1,2048,,,,,,1.1111
VariableCost,VGB,GLOBAL,TRNDOMXXHTIXX,,,1,2049,,,,,,1.1111
VariableCost,VGB,GLOBAL,TRNDOMXXHTIXX,,,1,2050,,,,,,1.1111
VariableCost,VGB,GLOBAL,TRNDOMXXHTIXX,,,2,2023,,,,,,1.1111
VariableCost,VGB,GLOBAL,TRNDOMXXHTIXX,,,2,2024,,,,,,1.1111
VariableCost,VGB,GLOBAL,TRNDOMXXHTIXX,,,2,2025,,,,,,1.1111
VariableCost,VGB,GLOBAL,TRNDOMXXHTIXX,,,2,2026,,,,,,1.1111
VariableCost,VGB,GLOBAL,TRNDOMXXHTIXX,,,2,2027,,,,,,1.1111
VariableCost,VGB,GLOBAL,TRNDOMXXHTIXX,,,2,2028,,,,,,1.1111
VariableCost,VGB,GLOBAL,TRNDOMXXHTIXX,,,2,2029,,,,,,1.1111
VariableCost,VGB,GLOBAL,TRNDOMXXHTIXX,,,2,2030,,,,,,1.1111
VariableCost,VGB,GLOBAL,TRNDOMXXHTIXX,,,2,2031,,,,,,1.1111
VariableCost,VGB,GLOBAL,TRNDOMXXHTIXX,,,2,2032,,,,,,1.1111
VariableCost,VGB,GLOBAL,TRNDOMXXHTIXX,,,2,2033,,,,,,1.1111
VariableCost,VGB,GLOBAL,TRNDOMXXHTIXX,,,2,2034,,,,,,1.1111
VariableCost,VGB,GLOBAL,TRNDOMXXHTIXX,,,2,2035,,,,,,1.1111
VariableCost,VGB,GLOBAL,TRNDOMXXHTIXX,,,2,2036,,,,,,1.1111
VariableCost,VGB,GLOBAL,TRNDOMXXHTIXX,,,2,2037,,,,,,1.1111
VariableCost,VGB,GLOBAL,TRNDOMXXHTIXX,,,2,2038,,,,,,1.1111
VariableCost,VGB,GLOBAL,TRNDOMXXHTIXX,,,2,2039,,,,,,1.1111
VariableCost,VGB,GLOBAL,TRNDOMXXHTIXX,,,2,2040,,,,,,1.1111
VariableCost,VGB,GLOBAL,TRNDOMXXHTIXX,,,2,2041,,,,,,1.1111
VariableCost,VGB,GLOBAL,TRNDOMXXHTIXX,,,2,2042,,,,,,1.1111
VariableCost,VGB,GLOBAL,TRNDOMXXHTIXX,,,2,2043,,,,,,1.1111
VariableCost,VGB,GLOBAL,TRNDOMXXHTIXX,,,2,2044,,,,,,1.1111
VariableCost,VGB,GLOBAL,TRNDOMXXHTIXX,,,2,2045,,,,,,1.1111
VariableCost,VGB,GLOBAL,TRNDOMXXHTIXX,,,2,2046,,,,,,1.1111
VariableCost,VGB,GLOBAL,TRNDOMXXHTIXX,,,2,2047,,,,,,1.1111
VariableCost,VGB,GLOBAL,TRNDOMXXHTIXX,,,2,2048,,,,,,1.1111
VariableCost,VGB,GLOBAL,TRNDOMXXHTIXX,,,2,2049,,,,,,1.1111
VariableCost,VGB,GLOBAL,TRNDOMXXHTIXX,,,2,2050,,,,,,1.1111
VariableCost,VGB,GLOBAL,TRNECUXXPERXX,,,1,2023,,,,,,1.1111
VariableCost,VGB,GLOBAL,TRNECUXXPERXX,,,1,2024,,,,,,1.1111
VariableCost,VGB,GLOBAL,TRNECUXXPERXX,,,1,2025,,,,,,1.1111
VariableCost,VGB,GLOBAL,TRNECUXXPERXX,,,1,2026,,,,,,1.1111
VariableCost,VGB,GLOBAL,TRNECUXXPERXX,,,1,2027,,,,,,1.1111
VariableCost,VGB,GLOBAL,TRNECUXXPERXX,,,1,2028,,,,,,1.1111
VariableCost,VGB,GLOBAL,TRNECUXXPERXX,,,1,2029,,,,,,1.1111
VariableCost,VGB,GLOBAL,TRNECUXXPERXX,,,1,2030,,,,,,1.1111
VariableCost,VGB,GLOBAL,TRNECUXXPERXX,,,1,2031,,,,,,1.1111
VariableCost,VGB,GLOBAL,TRNECUXXPERXX,,,1,2032,,,,,,1.1111
VariableCost,VGB,GLOBAL,TRNECUXXPERXX,,,1,2033,,,,,,1.1111
VariableCost,VGB,GLOBAL,TRNECUXXPERXX,,,1,2034,,,,,,1.1111
VariableCost,VGB,GLOBAL,TRNECUXXPERXX,,,1,2035,,,,,,1.1111
VariableCost,VGB,GLOBAL,TRNECUXXPERXX,,,1,2036,,,,,,1.1111
VariableCost,VGB,GLOBAL,TRNECUXXPERXX,,,1,2037,,,,,,1.1111
VariableCost,VGB,GLOBAL,TRNECUXXPERXX,,,1,2038,,,,,,1.1111
VariableCost,VGB,GLOBAL,TRNECUXXPERXX,,,1,2039,,,,,,1.1111
VariableCost,VGB,GLOBAL,TRNECUXXPERXX,,,1,2040,,,,,,1.1111
VariableCost,VGB,GLOBAL,TRNECUXXPERXX,,,1,2041,,,,,,1.1111
VariableCost,VGB,GLOBAL,TRNECUXXPERXX,,,1,2042,,,,,,1.1111
VariableCost,VGB,GLOBAL,TRNECUXXPERXX,,,1,2043,,,,,,1.1111
VariableCost,VGB,GLOBAL,TRNECUXXPERXX,,,1,2044,,,,,,1.1111
VariableCost,VGB,GLOBAL,TRNECUXXPERXX,,,1,2045,,,,,,1.1111
VariableCost,VGB,GLOBAL,TRNECUXXPERXX,,,1,2046,,,,,,1.1111
VariableCost,VGB,GLOBAL,TRNECUXXPERXX,,,1,2047,,,,,,1.1111
VariableCost,VGB,GLOBAL,TRNECUXXPERXX,,,1,2048,,,,,,1.1111
VariableCost,VGB,GLOBAL,TRNECUXXPERXX,,,1,2049,,,,,,1.1111
VariableCost,VGB,GLOBAL,TRNECUXXPERXX,,,1,2050,,,,,,1.1111
VariableCost,VGB,GLOBAL,TRNECUXXPERXX,,,2,2023,,,,,,1.1111
VariableCost,VGB,GLOBAL,TRNECUXXPERXX,,,2,2024,,,,,,1.1111
VariableCost,VGB,GLOBAL,TRNECUXXPERXX,,,2,2025,,,,,,1.1111
VariableCost,VGB,GLOBAL,TRNECUXXPERXX,,,2,2026,,,,,,1.1111
VariableCost,VGB,GLOBAL,TRNECUXXPERXX,,,2,2027,,,,,,1.1111
VariableCost,VGB,GLOBAL,TRNECUXXPERXX,,,2,2028,,,,,,1.1111
VariableCost,VGB,GLOBAL,TRNECUXXPERXX,,,2,2029,,,,,,1.1111
VariableCost,VGB,GLOBAL,TRNECUXXPERXX,,,2,2030,,,,,,1.1111
VariableCost,VGB,GLOBAL,TRNECUXXPERXX,,,2,2031,,,,,,1.1111
VariableCost,VGB,GLOBAL,TRNECUXXPERXX,,,2,2032,,,,,,1.1111
VariableCost,VGB,GLOBAL,TRNECUXXPERXX,,,2,2033,,,,,,1.1111
VariableCost,VGB,GLOBAL,TRNECUXXPERXX,,,2,2034,,,,,,1.1111
VariableCost,VGB,GLOBAL,TRNECUXXPERXX,,,2,2035,,,,,,1.1111
VariableCost,VGB,GLOBAL,TRNECUXXPERXX,,,2,2036,,,,,,1.1111
VariableCost,VGB,GLOBAL,TRNECUXXPERXX,,,2,2037,,,,,,1.1111
VariableCost,VGB,GLOBAL,TRNECUXXPERXX,,,2,2038,,,,,,1.1111
VariableCost,VGB,GLOBAL,TRNECUXXPERXX,,,2,2039,,,,,,1.1111
VariableCost,VGB,GLOBAL,TRNECUXXPERXX,,,2,2040,,,,,,1.1111
VariableCost,VGB,GLOBAL,TRNECUXXPERXX,,,2,2041,,,,,,1.1111
VariableCost,VGB,GLOBAL,TRNECUXXPERXX,,,2,2042,,,,,,1.1111
VariableCost,VGB,GLOBAL,TRNECUXXPERXX,,,2,2043,,,,,,1.1111
VariableCost,VGB,GLOBAL,TRNECUXXPERXX,,,2,2044,,,,,,1.1111
VariableCost,VGB,GLOBAL,TRNECUXXPERXX,,,2,2045,,,,,,1.1111
VariableCost,VGB,GLOBAL,TRNECUXXPERXX,,,2,2046,,,,,,1.1111
VariableCost,VGB,GLOBAL,TRNECUXXPERXX,,,2,2047,,,,,,1.1111
VariableCost,VGB,GLOBAL,TRNECUXXPERXX,,,2,2048,,,,,,1.1111
VariableCost,VGB,GLOBAL,TRNECUXXPERXX,,,2,2049,,,,,,1.1111
VariableCost,VGB,GLOBAL,TRNECUXXPERXX,,,2,2050,,,,,,1.1111
VariableCost,VGB,GLOBAL,TRNGTMXXHNDXX,,,1,2023,,,,,,1.1111
VariableCost,VGB,GLOBAL,TRNGTMXXHNDXX,,,1,2024,,,,,,1.1111
VariableCost,VGB,GLOBAL,TRNGTMXXHNDXX,,,1,2025,,,,,,1.1111
VariableCost,VGB,GLOBAL,TRNGTMXXHNDXX,,,1,2026,,,,,,1.1111
VariableCost,VGB,GLOBAL,TRNGTMXXHNDXX,,,1,2027,,,,,,1.1111
VariableCost,VGB,GLOBAL,TRNGTMXXHNDXX,,,1,2028,,,,,,1.1111
VariableCost,VGB,GLOBAL,TRNGTMXXHNDXX,,,1,2029,,,,,,1.1111
VariableCost,VGB,GLOBAL,TRNGTMXXHNDXX,,,1,2030,,,,,,1.1111
VariableCost,VGB,GLOBAL,TRNGTMXXHNDXX,,,1,2031,,,,,,1.1111
VariableCost,VGB,GLOBAL,TRNGTMXXHNDXX,,,1,2032,,,,,,1.1111
VariableCost,VGB,GLOBAL,TRNGTMXXHNDXX,,,1,2033,,,,,,1.1111
VariableCost,VGB,GLOBAL,TRNGTMXXHNDXX,,,1,2034,,,,,,1.1111
VariableCost,VGB,GLOBAL,TRNGTMXXHNDXX,,,1,2035,,,,,,1.1111
VariableCost,VGB,GLOBAL,TRNGTMXXHNDXX,,,1,2036,,,,,,1.1111
VariableCost,VGB,GLOBAL,TRNGTMXXHNDXX,,,1,2037,,,,,,1.1111
VariableCost,VGB,GLOBAL,TRNGTMXXHNDXX,,,1,2038,,,,,,1.1111
VariableCost,VGB,GLOBAL,TRNGTMXXHNDXX,,,1,2039,,,,,,1.1111
VariableCost,VGB,GLOBAL,TRNGTMXXHNDXX,,,1,2040,,,,,,1.1111
VariableCost,VGB,GLOBAL,TRNGTMXXHNDXX,,,1,2041,,,,,,1.1111
VariableCost,VGB,GLOBAL,TRNGTMXXHNDXX,,,1,2042,,,,,,1.1111
VariableCost,VGB,GLOBAL,TRNGTMXXHNDXX,,,1,2043,,,,,,1.1111
VariableCost,VGB,GLOBAL,TRNGTMXXHNDXX,,,1,2044,,,,,,1.1111
VariableCost,VGB,GLOBAL,TRNGTMXXHNDXX,,,1,2045,,,,,,1.1111
VariableCost,VGB,GLOBAL,TRNGTMXXHNDXX,,,1,2046,,,,,,1.1111
VariableCost,VGB,GLOBAL,TRNGTMXXHNDXX,,,1,2047,,,,,,1.1111
VariableCost,VGB,GLOBAL,TRNGTMXXHNDXX,,,1,2048,,,,,,1.1111
VariableCost,VGB,GLOBAL,TRNGTMXXHNDXX,,,1,2049,,,,,,1.1111
VariableCost,VGB,GLOBAL,TRNGTMXXHNDXX,,,1,2050,,,,,,1.1111
VariableCost,VGB,GLOBAL,TRNGTMXXHNDXX,,,2,2023,,,,,,1.1111
VariableCost,VGB,GLOBAL,TRNGTMXXHNDXX,,,2,2024,,,,,,1.1111
VariableCost,VGB,GLOBAL,TRNGTMXXHNDXX,,,2,2025,,,,,,1.1111
VariableCost,VGB,GLOBAL,TRNGTMXXHNDXX,,,2,2026,,,,,,1.1111
VariableCost,VGB,GLOBAL,TRNGTMXXHNDXX,,,2,2027,,,,,,1.1111
VariableCost,VGB,GLOBAL,TRNGTMXXHNDXX,,,2,2028,,,,,,1.1111
VariableCost,VGB,GLOBAL,TRNGTMXXHNDXX,,,2,2029,,,,,,1.1111
VariableCost,VGB,GLOBAL,TRNGTMXXHNDXX,,,2,2030,,,,,,1.1111
VariableCost,VGB,GLOBAL,TRNGTMXXHNDXX,,,2,2031,,,,,,1.1111
VariableCost,VGB,GLOBAL,TRNGTMXXHNDXX,,,2,2032,,,,,,1.1111
VariableCost,VGB,GLOBAL,TRNGTMXXHNDXX,,,2,2033,,,,,,1.1111
VariableCost,VGB,GLOBAL,TRNGTMXXHNDXX,,,2,2034,,,,,,1.1111
VariableCost,VGB,GLOBAL,TRNGTMXXHNDXX,,,2,2035,,,,,,1.1111
VariableCost,VGB,GLOBAL,TRNGTMXXHNDXX,,,2,2036,,,,,,1.1111
VariableCost,VGB,GLOBAL,TRNGTMXXHNDXX,,,2,2037,,,,,,1.1111
VariableCost,VGB,GLOBAL,TRNGTMXXHNDXX,,,2,2038,,,,,,1.1111
VariableCost,VGB,GLOBAL,TRNGTMXXHNDXX,,,2,2039,,,,,,1.1111
VariableCost,VGB,GLOBAL,TRNGTMXXHNDXX,,,2,2040,,,,,,1.1111
VariableCost,VGB,GLOBAL,TRNGTMXXHNDXX,,,2,2041,,,,,,1.1111
VariableCost,VGB,GLOBAL,TRNGTMXXHNDXX,,,2,2042,,,,,,1.1111
VariableCost,VGB,GLOBAL,TRNGTMXXHNDXX,,,2,2043,,,,,,1.1111
VariableCost,VGB,GLOBAL,TRNGTMXXHNDXX,,,2,2044,,,,,,1.1111
VariableCost,VGB,GLOBAL,TRNGTMXXHNDXX,,,2,2045,,,,,,1.1111
VariableCost,VGB,GLOBAL,TRNGTMXXHNDXX,,,2,2046,,,,,,1.1111
VariableCost,VGB,GLOBAL,TRNGTMXXHNDXX,,,2,2047,,,,,,1.1111
VariableCost,VGB,GLOBAL,TRNGTMXXHNDXX,,,2,2048,,,,,,1.1111
VariableCost,VGB,GLOBAL,TRNGTMXXHNDXX,,,2,2049,,,,,,1.1111
VariableCost,VGB,GLOBAL,TRNGTMXXHNDXX,,,2,2050,,,,,,1.1111
VariableCost,VGB,GLOBAL,TRNGTMXXMEXXX,,,1,2023,,,,,,1.1111
VariableCost,VGB,GLOBAL,TRNGTMXXMEXXX,,,1,2024,,,,,,1.1111
VariableCost,VGB,GLOBAL,TRNGTMXXMEXXX,,,1,2025,,,,,,1.1111
VariableCost,VGB,GLOBAL,TRNGTMXXMEXXX,,,1,2026,,,,,,1.1111
VariableCost,VGB,GLOBAL,TRNGTMXXMEXXX,,,1,2027,,,,,,1.1111
VariableCost,VGB,GLOBAL,TRNGTMXXMEXXX,,,1,2028,,,,,,1.1111
VariableCost,VGB,GLOBAL,TRNGTMXXMEXXX,,,1,2029,,,,,,1.1111
VariableCost,VGB,GLOBAL,TRNGTMXXMEXXX,,,1,2030,,,,,,1.1111
VariableCost,VGB,GLOBAL,TRNGTMXXMEXXX,,,1,2031,,,,,,1.1111
VariableCost,VGB,GLOBAL,TRNGTMXXMEXXX,,,1,2032,,,,,,1.1111
VariableCost,VGB,GLOBAL,TRNGTMXXMEXXX,,,1,2033,,,,,,1.1111
VariableCost,VGB,GLOBAL,TRNGTMXXMEXXX,,,1,2034,,,,,,1.1111
VariableCost,VGB,GLOBAL,TRNGTMXXMEXXX,,,1,2035,,,,,,1.1111
VariableCost,VGB,GLOBAL,TRNGTMXXMEXXX,,,1,2036,,,,,,1.1111
VariableCost,VGB,GLOBAL,TRNGTMXXMEXXX,,,1,2037,,,,,,1.1111
VariableCost,VGB,GLOBAL,TRNGTMXXMEXXX,,,1,2038,,,,,,1.1111
VariableCost,VGB,GLOBAL,TRNGTMXXMEXXX,,,1,2039,,,,,,1.1111
VariableCost,VGB,GLOBAL,TRNGTMXXMEXXX,,,1,2040,,,,,,1.1111
VariableCost,VGB,GLOBAL,TRNGTMXXMEXXX,,,1,2041,,,,,,1.1111
VariableCost,VGB,GLOBAL,TRNGTMXXMEXXX,,,1,2042,,,,,,1.1111
VariableCost,VGB,GLOBAL,TRNGTMXXMEXXX,,,1,2043,,,,,,1.1111
VariableCost,VGB,GLOBAL,TRNGTMXXMEXXX,,,1,2044,,,,,,1.1111
VariableCost,VGB,GLOBAL,TRNGTMXXMEXXX,,,1,2045,,,,,,1.1111
VariableCost,VGB,GLOBAL,TRNGTMXXMEXXX,,,1,2046,,,,,,1.1111
VariableCost,VGB,GLOBAL,TRNGTMXXMEXXX,,,1,2047,,,,,,1.1111
VariableCost,VGB,GLOBAL,TRNGTMXXMEXXX,,,1,2048,,,,,,1.1111
VariableCost,VGB,GLOBAL,TRNGTMXXMEXXX,,,1,2049,,,,,,1.1111
VariableCost,VGB,GLOBAL,TRNGTMXXMEXXX,,,1,2050,,,,,,1.1111
VariableCost,VGB,GLOBAL,TRNGTMXXMEXXX,,,2,2023,,,,,,1.1111
VariableCost,VGB,GLOBAL,TRNGTMXXMEXXX,,,2,2024,,,,,,1.1111
VariableCost,VGB,GLOBAL,TRNGTMXXMEXXX,,,2,2025,,,,,,1.1111
VariableCost,VGB,GLOBAL,TRNGTMXXMEXXX,,,2,2026,,,,,,1.1111
VariableCost,VGB,GLOBAL,TRNGTMXXMEXXX,,,2,2027,,,,,,1.1111
VariableCost,VGB,GLOBAL,TRNGTMXXMEXXX,,,2,2028,,,,,,1.1111
VariableCost,VGB,GLOBAL,TRNGTMXXMEXXX,,,2,2029,,,,,,1.1111
VariableCost,VGB,GLOBAL,TRNGTMXXMEXXX,,,2,2030,,,,,,1.1111
VariableCost,VGB,GLOBAL,TRNGTMXXMEXXX,,,2,2031,,,,,,1.1111
VariableCost,VGB,GLOBAL,TRNGTMXXMEXXX,,,2,2032,,,,,,1.1111
VariableCost,VGB,GLOBAL,TRNGTMXXMEXXX,,,2,2033,,,,,,1.1111
VariableCost,VGB,GLOBAL,TRNGTMXXMEXXX,,,2,2034,,,,,,1.1111
VariableCost,VGB,GLOBAL,TRNGTMXXMEXXX,,,2,2035,,,,,,1.1111
VariableCost,VGB,GLOBAL,TRNGTMXXMEXXX,,,2,2036,,,,,,1.1111
VariableCost,VGB,GLOBAL,TRNGTMXXMEXXX,,,2,2037,,,,,,1.1111
VariableCost,VGB,GLOBAL,TRNGTMXXMEXXX,,,2,2038,,,,,,1.1111
VariableCost,VGB,GLOBAL,TRNGTMXXMEXXX,,,2,2039,,,,,,1.1111
VariableCost,VGB,GLOBAL,TRNGTMXXMEXXX,,,2,2040,,,,,,1.1111
VariableCost,VGB,GLOBAL,TRNGTMXXMEXXX,,,2,2041,,,,,,1.1111
VariableCost,VGB,GLOBAL,TRNGTMXXMEXXX,,,2,2042,,,,,,1.1111
VariableCost,VGB,GLOBAL,TRNGTMXXMEXXX,,,2,2043,,,,,,1.1111
VariableCost,VGB,GLOBAL,TRNGTMXXMEXXX,,,2,2044,,,,,,1.1111
VariableCost,VGB,GLOBAL,TRNGTMXXMEXXX,,,2,2045,,,,,,1.1111
VariableCost,VGB,GLOBAL,TRNGTMXXMEXXX,,,2,2046,,,,,,1.1111
VariableCost,VGB,GLOBAL,TRNGTMXXMEXXX,,,2,2047,,,,,,1.1111
VariableCost,VGB,GLOBAL,TRNGTMXXMEXXX,,,2,2048,,,,,,1.1111
VariableCost,VGB,GLOBAL,TRNGTMXXMEXXX,,,2,2049,,,,,,1.1111
VariableCost,VGB,GLOBAL,TRNGTMXXMEXXX,,,2,2050,,,,,,1.1111
VariableCost,VGB,GLOBAL,TRNGTMXXSLVXX,,,1,2023,,,,,,1.1111
VariableCost,VGB,GLOBAL,TRNGTMXXSLVXX,,,1,2024,,,,,,1.1111
VariableCost,VGB,GLOBAL,TRNGTMXXSLVXX,,,1,2025,,,,,,1.1111
VariableCost,VGB,GLOBAL,TRNGTMXXSLVXX,,,1,2026,,,,,,1.1111
VariableCost,VGB,GLOBAL,TRNGTMXXSLVXX,,,1,2027,,,,,,1.1111
VariableCost,VGB,GLOBAL,TRNGTMXXSLVXX,,,1,2028,,,,,,1.1111
VariableCost,VGB,GLOBAL,TRNGTMXXSLVXX,,,1,2029,,,,,,1.1111
VariableCost,VGB,GLOBAL,TRNGTMXXSLVXX,,,1,2030,,,,,,1.1111
VariableCost,VGB,GLOBAL,TRNGTMXXSLVXX,,,1,2031,,,,,,1.1111
VariableCost,VGB,GLOBAL,TRNGTMXXSLVXX,,,1,2032,,,,,,1.1111
VariableCost,VGB,GLOBAL,TRNGTMXXSLVXX,,,1,2033,,,,,,1.1111
VariableCost,VGB,GLOBAL,TRNGTMXXSLVXX,,,1,2034,,,,,,1.1111
VariableCost,VGB,GLOBAL,TRNGTMXXSLVXX,,,1,2035,,,,,,1.1111
VariableCost,VGB,GLOBAL,TRNGTMXXSLVXX,,,1,2036,,,,,,1.1111
VariableCost,VGB,GLOBAL,TRNGTMXXSLVXX,,,1,2037,,,,,,1.1111
VariableCost,VGB,GLOBAL,TRNGTMXXSLVXX,,,1,2038,,,,,,1.1111
VariableCost,VGB,GLOBAL,TRNGTMXXSLVXX,,,1,2039,,,,,,1.1111
VariableCost,VGB,GLOBAL,TRNGTMXXSLVXX,,,1,2040,,,,,,1.1111
VariableCost,VGB,GLOBAL,TRNGTMXXSLVXX,,,1,2041,,,,,,1.1111
VariableCost,VGB,GLOBAL,TRNGTMXXSLVXX,,,1,2042,,,,,,1.1111
VariableCost,VGB,GLOBAL,TRNGTMXXSLVXX,,,1,2043,,,,,,1.1111
VariableCost,VGB,GLOBAL,TRNGTMXXSLVXX,,,1,2044,,,,,,1.1111
VariableCost,VGB,GLOBAL,TRNGTMXXSLVXX,,,1,2045,,,,,,1.1111
VariableCost,VGB,GLOBAL,TRNGTMXXSLVXX,,,1,2046,,,,,,1.1111
VariableCost,VGB,GLOBAL,TRNGTMXXSLVXX,,,1,2047,,,,,,1.1111
VariableCost,VGB,GLOBAL,TRNGTMXXSLVXX,,,1,2048,,,,,,1.1111
VariableCost,VGB,GLOBAL,TRNGTMXXSLVXX,,,1,2049,,,,,,1.1111
VariableCost,VGB,GLOBAL,TRNGTMXXSLVXX,,,1,2050,,,,,,1.1111
VariableCost,VGB,GLOBAL,TRNGTMXXSLVXX,,,2,2023,,,,,,1.1111
VariableCost,VGB,GLOBAL,TRNGTMXXSLVXX,,,2,2024,,,,,,1.1111
VariableCost,VGB,GLOBAL,TRNGTMXXSLVXX,,,2,2025,,,,,,1.1111
VariableCost,VGB,GLOBAL,TRNGTMXXSLVXX,,,2,2026,,,,,,1.1111
VariableCost,VGB,GLOBAL,TRNGTMXXSLVXX,,,2,2027,,,,,,1.1111
VariableCost,VGB,GLOBAL,TRNGTMXXSLVXX,,,2,2028,,,,,,1.1111
VariableCost,VGB,GLOBAL,TRNGTMXXSLVXX,,,2,2029,,,,,,1.1111
VariableCost,VGB,GLOBAL,TRNGTMXXSLVXX,,,2,2030,,,,,,1.1111
VariableCost,VGB,GLOBAL,TRNGTMXXSLVXX,,,2,2031,,,,,,1.1111
VariableCost,VGB,GLOBAL,TRNGTMXXSLVXX,,,2,2032,,,,,,1.1111
VariableCost,VGB,GLOBAL,TRNGTMXXSLVXX,,,2,2033,,,,,,1.1111
VariableCost,VGB,GLOBAL,TRNGTMXXSLVXX,,,2,2034,,,,,,1.1111
VariableCost,VGB,GLOBAL,TRNGTMXXSLVXX,,,2,2035,,,,,,1.1111
VariableCost,VGB,GLOBAL,TRNGTMXXSLVXX,,,2,2036,,,,,,1.1111
VariableCost,VGB,GLOBAL,TRNGTMXXSLVXX,,,2,2037,,,,,,1.1111
VariableCost,VGB,GLOBAL,TRNGTMXXSLVXX,,,2,2038,,,,,,1.1111
VariableCost,VGB,GLOBAL,TRNGTMXXSLVXX,,,2,2039,,,,,,1.1111
VariableCost,VGB,GLOBAL,TRNGTMXXSLVXX,,,2,2040,,,,,,1.1111
VariableCost,VGB,GLOBAL,TRNGTMXXSLVXX,,,2,2041,,,,,,1.1111
VariableCost,VGB,GLOBAL,TRNGTMXXSLVXX,,,2,2042,,,,,,1.1111
VariableCost,VGB,GLOBAL,TRNGTMXXSLVXX,,,2,2043,,,,,,1.1111
VariableCost,VGB,GLOBAL,TRNGTMXXSLVXX,,,2,2044,,,,,,1.1111
VariableCost,VGB,GLOBAL,TRNGTMXXSLVXX,,,2,2045,,,,,,1.1111
VariableCost,VGB,GLOBAL,TRNGTMXXSLVXX,,,2,2046,,,,,,1.1111
VariableCost,VGB,GLOBAL,TRNGTMXXSLVXX,,,2,2047,,,,,,1.1111
VariableCost,VGB,GLOBAL,TRNGTMXXSLVXX,,,2,2048,,,,,,1.1111
VariableCost,VGB,GLOBAL,TRNGTMXXSLVXX,,,2,2049,,,,,,1.1111
VariableCost,VGB,GLOBAL,TRNGTMXXSLVXX,,,2,2050,,,,,,1.1111
VariableCost,VGB,GLOBAL,TRNHNDXXNICXX,,,1,2023,,,,,,1.1111
VariableCost,VGB,GLOBAL,TRNHNDXXNICXX,,,1,2024,,,,,,1.1111
VariableCost,VGB,GLOBAL,TRNHNDXXNICXX,,,1,2025,,,,,,1.1111
VariableCost,VGB,GLOBAL,TRNHNDXXNICXX,,,1,2026,,,,,,1.1111
VariableCost,VGB,GLOBAL,TRNHNDXXNICXX,,,1,2027,,,,,,1.1111
VariableCost,VGB,GLOBAL,TRNHNDXXNICXX,,,1,2028,,,,,,1.1111
VariableCost,VGB,GLOBAL,TRNHNDXXNICXX,,,1,2029,,,,,,1.1111
VariableCost,VGB,GLOBAL,TRNHNDXXNICXX,,,1,2030,,,,,,1.1111
VariableCost,VGB,GLOBAL,TRNHNDXXNICXX,,,1,2031,,,,,,1.1111
VariableCost,VGB,GLOBAL,TRNHNDXXNICXX,,,1,2032,,,,,,1.1111
VariableCost,VGB,GLOBAL,TRNHNDXXNICXX,,,1,2033,,,,,,1.1111
VariableCost,VGB,GLOBAL,TRNHNDXXNICXX,,,1,2034,,,,,,1.1111
VariableCost,VGB,GLOBAL,TRNHNDXXNICXX,,,1,2035,,,,,,1.1111
VariableCost,VGB,GLOBAL,TRNHNDXXNICXX,,,1,2036,,,,,,1.1111
VariableCost,VGB,GLOBAL,TRNHNDXXNICXX,,,1,2037,,,,,,1.1111
VariableCost,VGB,GLOBAL,TRNHNDXXNICXX,,,1,2038,,,,,,1.1111
VariableCost,VGB,GLOBAL,TRNHNDXXNICXX,,,1,2039,,,,,,1.1111
VariableCost,VGB,GLOBAL,TRNHNDXXNICXX,,,1,2040,,,,,,1.1111
VariableCost,VGB,GLOBAL,TRNHNDXXNICXX,,,1,2041,,,,,,1.1111
VariableCost,VGB,GLOBAL,TRNHNDXXNICXX,,,1,2042,,,,,,1.1111
VariableCost,VGB,GLOBAL,TRNHNDXXNICXX,,,1,2043,,,,,,1.1111
VariableCost,VGB,GLOBAL,TRNHNDXXNICXX,,,1,2044,,,,,,1.1111
VariableCost,VGB,GLOBAL,TRNHNDXXNICXX,,,1,2045,,,,,,1.1111
VariableCost,VGB,GLOBAL,TRNHNDXXNICXX,,,1,2046,,,,,,1.1111
VariableCost,VGB,GLOBAL,TRNHNDXXNICXX,,,1,2047,,,,,,1.1111
VariableCost,VGB,GLOBAL,TRNHNDXXNICXX,,,1,2048,,,,,,1.1111
VariableCost,VGB,GLOBAL,TRNHNDXXNICXX,,,1,2049,,,,,,1.1111
VariableCost,VGB,GLOBAL,TRNHNDXXNICXX,,,1,2050,,,,,,1.1111
VariableCost,VGB,GLOBAL,TRNHNDXXNICXX,,,2,2023,,,,,,1.1111
VariableCost,VGB,GLOBAL,TRNHNDXXNICXX,,,2,2024,,,,,,1.1111
VariableCost,VGB,GLOBAL,TRNHNDXXNICXX,,,2,2025,,,,,,1.1111
VariableCost,VGB,GLOBAL,TRNHNDXXNICXX,,,2,2026,,,,,,1.1111
VariableCost,VGB,GLOBAL,TRNHNDXXNICXX,,,2,2027,,,,,,1.1111
VariableCost,VGB,GLOBAL,TRNHNDXXNICXX,,,2,2028,,,,,,1.1111
VariableCost,VGB,GLOBAL,TRNHNDXXNICXX,,,2,2029,,,,,,1.1111
VariableCost,VGB,GLOBAL,TRNHNDXXNICXX,,,2,2030,,,,,,1.1111
VariableCost,VGB,GLOBAL,TRNHNDXXNICXX,,,2,2031,,,,,,1.1111
VariableCost,VGB,GLOBAL,TRNHNDXXNICXX,,,2,2032,,,,,,1.1111
VariableCost,VGB,GLOBAL,TRNHNDXXNICXX,,,2,2033,,,,,,1.1111
VariableCost,VGB,GLOBAL,TRNHNDXXNICXX,,,2,2034,,,,,,1.1111
VariableCost,VGB,GLOBAL,TRNHNDXXNICXX,,,2,2035,,,,,,1.1111
VariableCost,VGB,GLOBAL,TRNHNDXXNICXX,,,2,2036,,,,,,1.1111
VariableCost,VGB,GLOBAL,TRNHNDXXNICXX,,,2,2037,,,,,,1.1111
VariableCost,VGB,GLOBAL,TRNHNDXXNICXX,,,2,2038,,,,,,1.1111
VariableCost,VGB,GLOBAL,TRNHNDXXNICXX,,,2,2039,,,,,,1.1111
VariableCost,VGB,GLOBAL,TRNHNDXXNICXX,,,2,2040,,,,,,1.1111
VariableCost,VGB,GLOBAL,TRNHNDXXNICXX,,,2,2041,,,,,,1.1111
VariableCost,VGB,GLOBAL,TRNHNDXXNICXX,,,2,2042,,,,,,1.1111
VariableCost,VGB,GLOBAL,TRNHNDXXNICXX,,,2,2043,,,,,,1.1111
VariableCost,VGB,GLOBAL,TRNHNDXXNICXX,,,2,2044,,,,,,1.1111
VariableCost,VGB,GLOBAL,TRNHNDXXNICXX,,,2,2045,,,,,,1.1111
VariableCost,VGB,GLOBAL,TRNHNDXXNICXX,,,2,2046,,,,,,1.1111
VariableCost,VGB,GLOBAL,TRNHNDXXNICXX,,,2,2047,,,,,,1.1111
VariableCost,VGB,GLOBAL,TRNHNDXXNICXX,,,2,2048,,,,,,1.1111
VariableCost,VGB,GLOBAL,TRNHNDXXNICXX,,,2,2049,,,,,,1.1111
VariableCost,VGB,GLOBAL,TRNHNDXXNICXX,,,2,2050,,,,,,1.1111
VariableCost,VGB,GLOBAL,TRNHNDXXSLVXX,,,1,2023,,,,,,1.1111
VariableCost,VGB,GLOBAL,TRNHNDXXSLVXX,,,1,2024,,,,,,1.1111
VariableCost,VGB,GLOBAL,TRNHNDXXSLVXX,,,1,2025,,,,,,1.1111
VariableCost,VGB,GLOBAL,TRNHNDXXSLVXX,,,1,2026,,,,,,1.1111
VariableCost,VGB,GLOBAL,TRNHNDXXSLVXX,,,1,2027,,,,,,1.1111
VariableCost,VGB,GLOBAL,TRNHNDXXSLVXX,,,1,2028,,,,,,1.1111
VariableCost,VGB,GLOBAL,TRNHNDXXSLVXX,,,1,2029,,,,,,1.1111
VariableCost,VGB,GLOBAL,TRNHNDXXSLVXX,,,1,2030,,,,,,1.1111
VariableCost,VGB,GLOBAL,TRNHNDXXSLVXX,,,1,2031,,,,,,1.1111
VariableCost,VGB,GLOBAL,TRNHNDXXSLVXX,,,1,2032,,,,,,1.1111
VariableCost,VGB,GLOBAL,TRNHNDXXSLVXX,,,1,2033,,,,,,1.1111
VariableCost,VGB,GLOBAL,TRNHNDXXSLVXX,,,1,2034,,,,,,1.1111
VariableCost,VGB,GLOBAL,TRNHNDXXSLVXX,,,1,2035,,,,,,1.1111
VariableCost,VGB,GLOBAL,TRNHNDXXSLVXX,,,1,2036,,,,,,1.1111
VariableCost,VGB,GLOBAL,TRNHNDXXSLVXX,,,1,2037,,,,,,1.1111
VariableCost,VGB,GLOBAL,TRNHNDXXSLVXX,,,1,2038,,,,,,1.1111
VariableCost,VGB,GLOBAL,TRNHNDXXSLVXX,,,1,2039,,,,,,1.1111
VariableCost,VGB,GLOBAL,TRNHNDXXSLVXX,,,1,2040,,,,,,1.1111
VariableCost,VGB,GLOBAL,TRNHNDXXSLVXX,,,1,2041,,,,,,1.1111
VariableCost,VGB,GLOBAL,TRNHNDXXSLVXX,,,1,2042,,,,,,1.1111
VariableCost,VGB,GLOBAL,TRNHNDXXSLVXX,,,1,2043,,,,,,1.1111
VariableCost,VGB,GLOBAL,TRNHNDXXSLVXX,,,1,2044,,,,,,1.1111
VariableCost,VGB,GLOBAL,TRNHNDXXSLVXX,,,1,2045,,,,,,1.1111
VariableCost,VGB,GLOBAL,TRNHNDXXSLVXX,,,1,2046,,,,,,1.1111
VariableCost,VGB,GLOBAL,TRNHNDXXSLVXX,,,1,2047,,,,,,1.1111
VariableCost,VGB,GLOBAL,TRNHNDXXSLVXX,,,1,2048,,,,,,1.1111
VariableCost,VGB,GLOBAL,TRNHNDXXSLVXX,,,1,2049,,,,,,1.1111
VariableCost,VGB,GLOBAL,TRNHNDXXSLVXX,,,1,2050,,,,,,1.1111
VariableCost,VGB,GLOBAL,TRNHNDXXSLVXX,,,2,2023,,,,,,1.1111
VariableCost,VGB,GLOBAL,TRNHNDXXSLVXX,,,2,2024,,,,,,1.1111
VariableCost,VGB,GLOBAL,TRNHNDXXSLVXX,,,2,2025,,,,,,1.1111
VariableCost,VGB,GLOBAL,TRNHNDXXSLVXX,,,2,2026,,,,,,1.1111
VariableCost,VGB,GLOBAL,TRNHNDXXSLVXX,,,2,2027,,,,,,1.1111
VariableCost,VGB,GLOBAL,TRNHNDXXSLVXX,,,2,2028,,,,,,1.1111
VariableCost,VGB,GLOBAL,TRNHNDXXSLVXX,,,2,2029,,,,,,1.1111
VariableCost,VGB,GLOBAL,TRNHNDXXSLVXX,,,2,2030,,,,,,1.1111
VariableCost,VGB,GLOBAL,TRNHNDXXSLVXX,,,2,2031,,,,,,1.1111
VariableCost,VGB,GLOBAL,TRNHNDXXSLVXX,,,2,2032,,,,,,1.1111
VariableCost,VGB,GLOBAL,TRNHNDXXSLVXX,,,2,2033,,,,,,1.1111
VariableCost,VGB,GLOBAL,TRNHNDXXSLVXX,,,2,2034,,,,,,1.1111
VariableCost,VGB,GLOBAL,TRNHNDXXSLVXX,,,2,2035,,,,,,1.1111
VariableCost,VGB,GLOBAL,TRNHNDXXSLVXX,,,2,2036,,,,,,1.1111
VariableCost,VGB,GLOBAL,TRNHNDXXSLVXX,,,2,2037,,,,,,1.1111
VariableCost,VGB,GLOBAL,TRNHNDXXSLVXX,,,2,2038,,,,,,1.1111
VariableCost,VGB,GLOBAL,TRNHNDXXSLVXX,,,2,2039,,,,,,1.1111
VariableCost,VGB,GLOBAL,TRNHNDXXSLVXX,,,2,2040,,,,,,1.1111
VariableCost,VGB,GLOBAL,TRNHNDXXSLVXX,,,2,2041,,,,,,1.1111
VariableCost,VGB,GLOBAL,TRNHNDXXSLVXX,,,2,2042,,,,,,1.1111
VariableCost,VGB,GLOBAL,TRNHNDXXSLVXX,,,2,2043,,,,,,1.1111
VariableCost,VGB,GLOBAL,TRNHNDXXSLVXX,,,2,2044,,,,,,1.1111
VariableCost,VGB,GLOBAL,TRNHNDXXSLVXX,,,2,2045,,,,,,1.1111
VariableCost,VGB,GLOBAL,TRNHNDXXSLVXX,,,2,2046,,,,,,1.1111
VariableCost,VGB,GLOBAL,TRNHNDXXSLVXX,,,2,2047,,,,,,1.1111
VariableCost,VGB,GLOBAL,TRNHNDXXSLVXX,,,2,2048,,,,,,1.1111
VariableCost,VGB,GLOBAL,TRNHNDXXSLVXX,,,2,2049,,,,,,1.1111
VariableCost,VGB,GLOBAL,TRNHNDXXSLVXX,,,2,2050,,,,,,1.1111
VariableCost,VGB,GLOBAL,PWRBDSCHLXX,,,2,2023,,,,,,0.0
VariableCost,VGB,GLOBAL,PWRBDSCHLXX,,,2,2024,,,,,,0.0
VariableCost,VGB,GLOBAL,PWRBDSCHLXX,,,2,2025,,,,,,0.0
VariableCost,VGB,GLOBAL,PWRBDSCHLXX,,,2,2026,,,,,,0.0
VariableCost,VGB,GLOBAL,PWRBDSCHLXX,,,2,2027,,,,,,0.0
VariableCost,VGB,GLOBAL,PWRBDSCHLXX,,,2,2028,,,,,,0.0
VariableCost,VGB,GLOBAL,PWRBDSCHLXX,,,2,2029,,,,,,0.0
VariableCost,VGB,GLOBAL,PWRBDSCHLXX,,,2,2030,,,,,,0.0
VariableCost,VGB,GLOBAL,PWRBDSCHLXX,,,2,2031,,,,,,0.0
VariableCost,VGB,GLOBAL,PWRBDSCHLXX,,,2,2032,,,,,,0.0
VariableCost,VGB,GLOBAL,PWRBDSCHLXX,,,2,2033,,,,,,0.0
VariableCost,VGB,GLOBAL,PWRBDSCHLXX,,,2,2034,,,,,,0.0
VariableCost,VGB,GLOBAL,PWRBDSCHLXX,,,2,2035,,,,,,0.0
VariableCost,VGB,GLOBAL,PWRBDSCHLXX,,,2,2036,,,,,,0.0
VariableCost,VGB,GLOBAL,PWRBDSCHLXX,,,2,2037,,,,,,0.0
VariableCost,VGB,GLOBAL,PWRBDSCHLXX,,,2,2038,,,,,,0.0
VariableCost,VGB,GLOBAL,PWRBDSCHLXX,,,2,2039,,,,,,0.0
VariableCost,VGB,GLOBAL,PWRBDSCHLXX,,,2,2040,,,,,,0.0
VariableCost,VGB,GLOBAL,PWRBDSCHLXX,,,2,2041,,,,,,0.0
VariableCost,VGB,GLOBAL,PWRBDSCHLXX,,,2,2042,,,,,,0.0
VariableCost,VGB,GLOBAL,PWRBDSCHLXX,,,2,2043,,,,,,0.0
VariableCost,VGB,GLOBAL,PWRBDSCHLXX,,,2,2044,,,,,,0.0
VariableCost,VGB,GLOBAL,PWRBDSCHLXX,,,2,2045,,,,,,0.0
VariableCost,VGB,GLOBAL,PWRBDSCHLXX,,,2,2046,,,,,,0.0
VariableCost,VGB,GLOBAL,PWRBDSCHLXX,,,2,2047,,,,,,0.0
VariableCost,VGB,GLOBAL,PWRBDSCHLXX,,,2,2048,,,,,,0.0
VariableCost,VGB,GLOBAL,PWRBDSCHLXX,,,2,2049,,,,,,0.0
VariableCost,VGB,GLOBAL,PWRBDSCHLXX,,,2,2050,,,,,,0.0
VariableCost,VGB,GLOBAL,PWRBDSPERXX,,,2,2023,,,,,,0.0
VariableCost,VGB,GLOBAL,PWRBDSPERXX,,,2,2024,,,,,,0.0
VariableCost,VGB,GLOBAL,PWRBDSPERXX,,,2,2025,,,,,,0.0
VariableCost,VGB,GLOBAL,PWRBDSPERXX,,,2,2026,,,,,,0.0
VariableCost,VGB,GLOBAL,PWRBDSPERXX,,,2,2027,,,,,,0.0
VariableCost,VGB,GLOBAL,PWRBDSPERXX,,,2,2028,,,,,,0.0
VariableCost,VGB,GLOBAL,PWRBDSPERXX,,,2,2029,,,,,,0.0
VariableCost,VGB,GLOBAL,PWRBDSPERXX,,,2,2030,,,,,,0.0
VariableCost,VGB,GLOBAL,PWRBDSPERXX,,,2,2031,,,,,,0.0
VariableCost,VGB,GLOBAL,PWRBDSPERXX,,,2,2032,,,,,,0.0
VariableCost,VGB,GLOBAL,PWRBDSPERXX,,,2,2033,,,,,,0.0
VariableCost,VGB,GLOBAL,PWRBDSPERXX,,,2,2034,,,,,,0.0
VariableCost,VGB,GLOBAL,PWRBDSPERXX,,,2,2035,,,,,,0.0
VariableCost,VGB,GLOBAL,PWRBDSPERXX,,,2,2036,,,,,,0.0
VariableCost,VGB,GLOBAL,PWRBDSPERXX,,,2,2037,,,,,,0.0
VariableCost,VGB,GLOBAL,PWRBDSPERXX,,,2,2038,,,,,,0.0
VariableCost,VGB,GLOBAL,PWRBDSPERXX,,,2,2039,,,,,,0.0
VariableCost,VGB,GLOBAL,PWRBDSPERXX,,,2,2040,,,,,,0.0
VariableCost,VGB,GLOBAL,PWRBDSPERXX,,,2,2041,,,,,,0.0
VariableCost,VGB,GLOBAL,PWRBDSPERXX,,,2,2042,,,,,,0.0
VariableCost,VGB,GLOBAL,PWRBDSPERXX,,,2,2043,,,,,,0.0
VariableCost,VGB,GLOBAL,PWRBDSPERXX,,,2,2044,,,,,,0.0
VariableCost,VGB,GLOBAL,PWRBDSPERXX,,,2,2045,,,,,,0.0
VariableCost,VGB,GLOBAL,PWRBDSPERXX,,,2,2046,,,,,,0.0
VariableCost,VGB,GLOBAL,PWRBDSPERXX,,,2,2047,,,,,,0.0
VariableCost,VGB,GLOBAL,PWRBDSPERXX,,,2,2048,,,,,,0.0
VariableCost,VGB,GLOBAL,PWRBDSPERXX,,,2,2049,,,,,,0.0
VariableCost,VGB,GLOBAL,PWRBDSPERXX,,,2,2050,,,,,,0.0
