REGION,TECHNOLOGY,YEAR,VALUE
GLOBAL,DSPTRNARGXX,2023,0
GLOBAL,DSPTRNARGXX,2024,0
GLOBAL,DSPTRNARGXX,2025,0
GLOBAL,DSPTRNARGXX,2026,0
GLOBAL,DSPTRNARGXX,2027,0
GLOBAL,DSPTRNARGXX,2028,0
GLOBAL,DSPTRNARGXX,2029,0
GLOBAL,DSPTRNARGXX,2030,0
GLOBAL,DSPTRNARGXX,2031,0
GLOBAL,DSPTRNARGXX,2032,0
GLOBAL,DSPTRNARGXX,2033,0
GLOBAL,DSPTRNARGXX,2034,0
GLOBAL,DSPTRNARGXX,2035,0
GLOBAL,DSPTRNARGXX,2036,0
GLOBAL,DSPTRNARGXX,2037,0
GLOBAL,DSPTRNARGXX,2038,0
GLOBAL,DSPTRNARGXX,2039,0
GLOBAL,DSPTRNARGXX,2040,0
GLOBAL,DSPTRNARGXX,2041,0
GLOBAL,DSPTRNARGXX,2042,0
GLOBAL,DSPTRNARGXX,2043,0
GLOBAL,DSPTRNARGXX,2044,0
GLOBAL,DSPTRNARGXX,2045,0
GLOBAL,DSPTRNARGXX,2046,0
GLOBAL,DSPTRNARGXX,2047,0
GLOBAL,DSPTRNARGXX,2048,0
GLOBAL,DSPTRNARGXX,2049,0
GLOBAL,DSPTRNARGXX,2050,0
GLOBAL,DSPTRNBOLXX,2023,0
GLOBAL,DSPTRNBOLXX,2024,0
GLOBAL,DSPTRNBOLXX,2025,0
GLOBAL,DSPTRNBOLXX,2026,0
GLOBAL,DSPTRNBOLXX,2027,0
GLOBAL,DSPTRNBOLXX,2028,0
GLOBAL,DSPTRNBOLXX,2029,0
GLOBAL,DSPTRNBOLXX,2030,0
GLOBAL,DSPTRNBOLXX,2031,0
GLOBAL,DSPTRNBOLXX,2032,0
GLOBAL,DSPTRNBOLXX,2033,0
GLOBAL,DSPTRNBOLXX,2034,0
GLOBAL,DSPTRNBOLXX,2035,0
GLOBAL,DSPTRNBOLXX,2036,0
GLOBAL,DSPTRNBOLXX,2037,0
GLOBAL,DSPTRNBOLXX,2038,0
GLOBAL,DSPTRNBOLXX,2039,0
GLOBAL,DSPTRNBOLXX,2040,0
GLOBAL,DSPTRNBOLXX,2041,0
GLOBAL,DSPTRNBOLXX,2042,0
GLOBAL,DSPTRNBOLXX,2043,0
GLOBAL,DSPTRNBOLXX,2044,0
GLOBAL,DSPTRNBOLXX,2045,0
GLOBAL,DSPTRNBOLXX,2046,0
GLOBAL,DSPTRNBOLXX,2047,0
GLOBAL,DSPTRNBOLXX,2048,0
GLOBAL,DSPTRNBOLXX,2049,0
GLOBAL,DSPTRNBOLXX,2050,0
GLOBAL,DSPTRNBRAXX,2023,0
GLOBAL,DSPTRNBRAXX,2024,0
GLOBAL,DSPTRNBRAXX,2025,0
GLOBAL,DSPTRNBRAXX,2026,0
GLOBAL,DSPTRNBRAXX,2027,0
GLOBAL,DSPTRNBRAXX,2028,0
GLOBAL,DSPTRNBRAXX,2029,0
GLOBAL,DSPTRNBRAXX,2030,0
GLOBAL,DSPTRNBRAXX,2031,0
GLOBAL,DSPTRNBRAXX,2032,0
GLOBAL,DSPTRNBRAXX,2033,0
GLOBAL,DSPTRNBRAXX,2034,0
GLOBAL,DSPTRNBRAXX,2035,0
GLOBAL,DSPTRNBRAXX,2036,0
GLOBAL,DSPTRNBRAXX,2037,0
GLOBAL,DSPTRNBRAXX,2038,0
GLOBAL,DSPTRNBRAXX,2039,0
GLOBAL,DSPTRNBRAXX,2040,0
GLOBAL,DSPTRNBRAXX,2041,0
GLOBAL,DSPTRNBRAXX,2042,0
GLOBAL,DSPTRNBRAXX,2043,0
GLOBAL,DSPTRNBRAXX,2044,0
GLOBAL,DSPTRNBRAXX,2045,0
GLOBAL,DSPTRNBRAXX,2046,0
GLOBAL,DSPTRNBRAXX,2047,0
GLOBAL,DSPTRNBRAXX,2048,0
GLOBAL,DSPTRNBRAXX,2049,0
GLOBAL,DSPTRNBRAXX,2050,0
GLOBAL,DSPTRNBRBXX,2023,0
GLOBAL,DSPTRNBRBXX,2024,0
GLOBAL,DSPTRNBRBXX,2025,0
GLOBAL,DSPTRNBRBXX,2026,0
GLOBAL,DSPTRNBRBXX,2027,0
GLOBAL,DSPTRNBRBXX,2028,0
GLOBAL,DSPTRNBRBXX,2029,0
GLOBAL,DSPTRNBRBXX,2030,0
GLOBAL,DSPTRNBRBXX,2031,0
GLOBAL,DSPTRNBRBXX,2032,0
GLOBAL,DSPTRNBRBXX,2033,0
GLOBAL,DSPTRNBRBXX,2034,0
GLOBAL,DSPTRNBRBXX,2035,0
GLOBAL,DSPTRNBRBXX,2036,0
GLOBAL,DSPTRNBRBXX,2037,0
GLOBAL,DSPTRNBRBXX,2038,0
GLOBAL,DSPTRNBRBXX,2039,0
GLOBAL,DSPTRNBRBXX,2040,0
GLOBAL,DSPTRNBRBXX,2041,0
GLOBAL,DSPTRNBRBXX,2042,0
GLOBAL,DSPTRNBRBXX,2043,0
GLOBAL,DSPTRNBRBXX,2044,0
GLOBAL,DSPTRNBRBXX,2045,0
GLOBAL,DSPTRNBRBXX,2046,0
GLOBAL,DSPTRNBRBXX,2047,0
GLOBAL,DSPTRNBRBXX,2048,0
GLOBAL,DSPTRNBRBXX,2049,0
GLOBAL,DSPTRNBRBXX,2050,0
GLOBAL,DSPTRNCHLXX,2023,0
GLOBAL,DSPTRNCHLXX,2024,0
GLOBAL,DSPTRNCHLXX,2025,0
GLOBAL,DSPTRNCHLXX,2026,0
GLOBAL,DSPTRNCHLXX,2027,0
GLOBAL,DSPTRNCHLXX,2028,0
GLOBAL,DSPTRNCHLXX,2029,0
GLOBAL,DSPTRNCHLXX,2030,0
GLOBAL,DSPTRNCHLXX,2031,0
GLOBAL,DSPTRNCHLXX,2032,0
GLOBAL,DSPTRNCHLXX,2033,0
GLOBAL,DSPTRNCHLXX,2034,0
GLOBAL,DSPTRNCHLXX,2035,0
GLOBAL,DSPTRNCHLXX,2036,0
GLOBAL,DSPTRNCHLXX,2037,0
GLOBAL,DSPTRNCHLXX,2038,0
GLOBAL,DSPTRNCHLXX,2039,0
GLOBAL,DSPTRNCHLXX,2040,0
GLOBAL,DSPTRNCHLXX,2041,0
GLOBAL,DSPTRNCHLXX,2042,0
GLOBAL,DSPTRNCHLXX,2043,0
GLOBAL,DSPTRNCHLXX,2044,0
GLOBAL,DSPTRNCHLXX,2045,0
GLOBAL,DSPTRNCHLXX,2046,0
GLOBAL,DSPTRNCHLXX,2047,0
GLOBAL,DSPTRNCHLXX,2048,0
GLOBAL,DSPTRNCHLXX,2049,0
GLOBAL,DSPTRNCHLXX,2050,0
GLOBAL,DSPTRNCOLXX,2023,0
GLOBAL,DSPTRNCOLXX,2024,0
GLOBAL,DSPTRNCOLXX,2025,0
GLOBAL,DSPTRNCOLXX,2026,0
GLOBAL,DSPTRNCOLXX,2027,0
GLOBAL,DSPTRNCOLXX,2028,0
GLOBAL,DSPTRNCOLXX,2029,0
GLOBAL,DSPTRNCOLXX,2030,0
GLOBAL,DSPTRNCOLXX,2031,0
GLOBAL,DSPTRNCOLXX,2032,0
GLOBAL,DSPTRNCOLXX,2033,0
GLOBAL,DSPTRNCOLXX,2034,0
GLOBAL,DSPTRNCOLXX,2035,0
GLOBAL,DSPTRNCOLXX,2036,0
GLOBAL,DSPTRNCOLXX,2037,0
GLOBAL,DSPTRNCOLXX,2038,0
GLOBAL,DSPTRNCOLXX,2039,0
GLOBAL,DSPTRNCOLXX,2040,0
GLOBAL,DSPTRNCOLXX,2041,0
GLOBAL,DSPTRNCOLXX,2042,0
GLOBAL,DSPTRNCOLXX,2043,0
GLOBAL,DSPTRNCOLXX,2044,0
GLOBAL,DSPTRNCOLXX,2045,0
GLOBAL,DSPTRNCOLXX,2046,0
GLOBAL,DSPTRNCOLXX,2047,0
GLOBAL,DSPTRNCOLXX,2048,0
GLOBAL,DSPTRNCOLXX,2049,0
GLOBAL,DSPTRNCOLXX,2050,0
GLOBAL,DSPTRNCRIXX,2023,0
GLOBAL,DSPTRNCRIXX,2024,0
GLOBAL,DSPTRNCRIXX,2025,0
GLOBAL,DSPTRNCRIXX,2026,0
GLOBAL,DSPTRNCRIXX,2027,0
GLOBAL,DSPTRNCRIXX,2028,0
GLOBAL,DSPTRNCRIXX,2029,0
GLOBAL,DSPTRNCRIXX,2030,0
GLOBAL,DSPTRNCRIXX,2031,0
GLOBAL,DSPTRNCRIXX,2032,0
GLOBAL,DSPTRNCRIXX,2033,0
GLOBAL,DSPTRNCRIXX,2034,0
GLOBAL,DSPTRNCRIXX,2035,0
GLOBAL,DSPTRNCRIXX,2036,0
GLOBAL,DSPTRNCRIXX,2037,0
GLOBAL,DSPTRNCRIXX,2038,0
GLOBAL,DSPTRNCRIXX,2039,0
GLOBAL,DSPTRNCRIXX,2040,0
GLOBAL,DSPTRNCRIXX,2041,0
GLOBAL,DSPTRNCRIXX,2042,0
GLOBAL,DSPTRNCRIXX,2043,0
GLOBAL,DSPTRNCRIXX,2044,0
GLOBAL,DSPTRNCRIXX,2045,0
GLOBAL,DSPTRNCRIXX,2046,0
GLOBAL,DSPTRNCRIXX,2047,0
GLOBAL,DSPTRNCRIXX,2048,0
GLOBAL,DSPTRNCRIXX,2049,0
GLOBAL,DSPTRNCRIXX,2050,0
GLOBAL,DSPTRNDOMXX,2023,0
GLOBAL,DSPTRNDOMXX,2024,0
GLOBAL,DSPTRNDOMXX,2025,0
GLOBAL,DSPTRNDOMXX,2026,0
GLOBAL,DSPTRNDOMXX,2027,0
GLOBAL,DSPTRNDOMXX,2028,0
GLOBAL,DSPTRNDOMXX,2029,0
GLOBAL,DSPTRNDOMXX,2030,0
GLOBAL,DSPTRNDOMXX,2031,0
GLOBAL,DSPTRNDOMXX,2032,0
GLOBAL,DSPTRNDOMXX,2033,0
GLOBAL,DSPTRNDOMXX,2034,0
GLOBAL,DSPTRNDOMXX,2035,0
GLOBAL,DSPTRNDOMXX,2036,0
GLOBAL,DSPTRNDOMXX,2037,0
GLOBAL,DSPTRNDOMXX,2038,0
GLOBAL,DSPTRNDOMXX,2039,0
GLOBAL,DSPTRNDOMXX,2040,0
GLOBAL,DSPTRNDOMXX,2041,0
GLOBAL,DSPTRNDOMXX,2042,0
GLOBAL,DSPTRNDOMXX,2043,0
GLOBAL,DSPTRNDOMXX,2044,0
GLOBAL,DSPTRNDOMXX,2045,0
GLOBAL,DSPTRNDOMXX,2046,0
GLOBAL,DSPTRNDOMXX,2047,0
GLOBAL,DSPTRNDOMXX,2048,0
GLOBAL,DSPTRNDOMXX,2049,0
GLOBAL,DSPTRNDOMXX,2050,0
GLOBAL,DSPTRNECUXX,2023,0
GLOBAL,DSPTRNECUXX,2024,0
GLOBAL,DSPTRNECUXX,2025,0
GLOBAL,DSPTRNECUXX,2026,0
GLOBAL,DSPTRNECUXX,2027,0
GLOBAL,DSPTRNECUXX,2028,0
GLOBAL,DSPTRNECUXX,2029,0
GLOBAL,DSPTRNECUXX,2030,0
GLOBAL,DSPTRNECUXX,2031,0
GLOBAL,DSPTRNECUXX,2032,0
GLOBAL,DSPTRNECUXX,2033,0
GLOBAL,DSPTRNECUXX,2034,0
GLOBAL,DSPTRNECUXX,2035,0
GLOBAL,DSPTRNECUXX,2036,0
GLOBAL,DSPTRNECUXX,2037,0
GLOBAL,DSPTRNECUXX,2038,0
GLOBAL,DSPTRNECUXX,2039,0
GLOBAL,DSPTRNECUXX,2040,0
GLOBAL,DSPTRNECUXX,2041,0
GLOBAL,DSPTRNECUXX,2042,0
GLOBAL,DSPTRNECUXX,2043,0
GLOBAL,DSPTRNECUXX,2044,0
GLOBAL,DSPTRNECUXX,2045,0
GLOBAL,DSPTRNECUXX,2046,0
GLOBAL,DSPTRNECUXX,2047,0
GLOBAL,DSPTRNECUXX,2048,0
GLOBAL,DSPTRNECUXX,2049,0
GLOBAL,DSPTRNECUXX,2050,0
GLOBAL,DSPTRNGTMXX,2023,0
GLOBAL,DSPTRNGTMXX,2024,0
GLOBAL,DSPTRNGTMXX,2025,0
GLOBAL,DSPTRNGTMXX,2026,0
GLOBAL,DSPTRNGTMXX,2027,0
GLOBAL,DSPTRNGTMXX,2028,0
GLOBAL,DSPTRNGTMXX,2029,0
GLOBAL,DSPTRNGTMXX,2030,0
GLOBAL,DSPTRNGTMXX,2031,0
GLOBAL,DSPTRNGTMXX,2032,0
GLOBAL,DSPTRNGTMXX,2033,0
GLOBAL,DSPTRNGTMXX,2034,0
GLOBAL,DSPTRNGTMXX,2035,0
GLOBAL,DSPTRNGTMXX,2036,0
GLOBAL,DSPTRNGTMXX,2037,0
GLOBAL,DSPTRNGTMXX,2038,0
GLOBAL,DSPTRNGTMXX,2039,0
GLOBAL,DSPTRNGTMXX,2040,0
GLOBAL,DSPTRNGTMXX,2041,0
GLOBAL,DSPTRNGTMXX,2042,0
GLOBAL,DSPTRNGTMXX,2043,0
GLOBAL,DSPTRNGTMXX,2044,0
GLOBAL,DSPTRNGTMXX,2045,0
GLOBAL,DSPTRNGTMXX,2046,0
GLOBAL,DSPTRNGTMXX,2047,0
GLOBAL,DSPTRNGTMXX,2048,0
GLOBAL,DSPTRNGTMXX,2049,0
GLOBAL,DSPTRNGTMXX,2050,0
GLOBAL,DSPTRNHNDXX,2023,0
GLOBAL,DSPTRNHNDXX,2024,0
GLOBAL,DSPTRNHNDXX,2025,0
GLOBAL,DSPTRNHNDXX,2026,0
GLOBAL,DSPTRNHNDXX,2027,0
GLOBAL,DSPTRNHNDXX,2028,0
GLOBAL,DSPTRNHNDXX,2029,0
GLOBAL,DSPTRNHNDXX,2030,0
GLOBAL,DSPTRNHNDXX,2031,0
GLOBAL,DSPTRNHNDXX,2032,0
GLOBAL,DSPTRNHNDXX,2033,0
GLOBAL,DSPTRNHNDXX,2034,0
GLOBAL,DSPTRNHNDXX,2035,0
GLOBAL,DSPTRNHNDXX,2036,0
GLOBAL,DSPTRNHNDXX,2037,0
GLOBAL,DSPTRNHNDXX,2038,0
GLOBAL,DSPTRNHNDXX,2039,0
GLOBAL,DSPTRNHNDXX,2040,0
GLOBAL,DSPTRNHNDXX,2041,0
GLOBAL,DSPTRNHNDXX,2042,0
GLOBAL,DSPTRNHNDXX,2043,0
GLOBAL,DSPTRNHNDXX,2044,0
GLOBAL,DSPTRNHNDXX,2045,0
GLOBAL,DSPTRNHNDXX,2046,0
GLOBAL,DSPTRNHNDXX,2047,0
GLOBAL,DSPTRNHNDXX,2048,0
GLOBAL,DSPTRNHNDXX,2049,0
GLOBAL,DSPTRNHNDXX,2050,0
GLOBAL,DSPTRNHTIXX,2023,0
GLOBAL,DSPTRNHTIXX,2024,0
GLOBAL,DSPTRNHTIXX,2025,0
GLOBAL,DSPTRNHTIXX,2026,0
GLOBAL,DSPTRNHTIXX,2027,0
GLOBAL,DSPTRNHTIXX,2028,0
GLOBAL,DSPTRNHTIXX,2029,0
GLOBAL,DSPTRNHTIXX,2030,0
GLOBAL,DSPTRNHTIXX,2031,0
GLOBAL,DSPTRNHTIXX,2032,0
GLOBAL,DSPTRNHTIXX,2033,0
GLOBAL,DSPTRNHTIXX,2034,0
GLOBAL,DSPTRNHTIXX,2035,0
GLOBAL,DSPTRNHTIXX,2036,0
GLOBAL,DSPTRNHTIXX,2037,0
GLOBAL,DSPTRNHTIXX,2038,0
GLOBAL,DSPTRNHTIXX,2039,0
GLOBAL,DSPTRNHTIXX,2040,0
GLOBAL,DSPTRNHTIXX,2041,0
GLOBAL,DSPTRNHTIXX,2042,0
GLOBAL,DSPTRNHTIXX,2043,0
GLOBAL,DSPTRNHTIXX,2044,0
GLOBAL,DSPTRNHTIXX,2045,0
GLOBAL,DSPTRNHTIXX,2046,0
GLOBAL,DSPTRNHTIXX,2047,0
GLOBAL,DSPTRNHTIXX,2048,0
GLOBAL,DSPTRNHTIXX,2049,0
GLOBAL,DSPTRNHTIXX,2050,0
GLOBAL,DSPTRNMEXXX,2023,0
GLOBAL,DSPTRNMEXXX,2024,0
GLOBAL,DSPTRNMEXXX,2025,0
GLOBAL,DSPTRNMEXXX,2026,0
GLOBAL,DSPTRNMEXXX,2027,0
GLOBAL,DSPTRNMEXXX,2028,0
GLOBAL,DSPTRNMEXXX,2029,0
GLOBAL,DSPTRNMEXXX,2030,0
GLOBAL,DSPTRNMEXXX,2031,0
GLOBAL,DSPTRNMEXXX,2032,0
GLOBAL,DSPTRNMEXXX,2033,0
GLOBAL,DSPTRNMEXXX,2034,0
GLOBAL,DSPTRNMEXXX,2035,0
GLOBAL,DSPTRNMEXXX,2036,0
GLOBAL,DSPTRNMEXXX,2037,0
GLOBAL,DSPTRNMEXXX,2038,0
GLOBAL,DSPTRNMEXXX,2039,0
GLOBAL,DSPTRNMEXXX,2040,0
GLOBAL,DSPTRNMEXXX,2041,0
GLOBAL,DSPTRNMEXXX,2042,0
GLOBAL,DSPTRNMEXXX,2043,0
GLOBAL,DSPTRNMEXXX,2044,0
GLOBAL,DSPTRNMEXXX,2045,0
GLOBAL,DSPTRNMEXXX,2046,0
GLOBAL,DSPTRNMEXXX,2047,0
GLOBAL,DSPTRNMEXXX,2048,0
GLOBAL,DSPTRNMEXXX,2049,0
GLOBAL,DSPTRNMEXXX,2050,0
GLOBAL,DSPTRNNICXX,2023,0
GLOBAL,DSPTRNNICXX,2024,0
GLOBAL,DSPTRNNICXX,2025,0
GLOBAL,DSPTRNNICXX,2026,0
GLOBAL,DSPTRNNICXX,2027,0
GLOBAL,DSPTRNNICXX,2028,0
GLOBAL,DSPTRNNICXX,2029,0
GLOBAL,DSPTRNNICXX,2030,0
GLOBAL,DSPTRNNICXX,2031,0
GLOBAL,DSPTRNNICXX,2032,0
GLOBAL,DSPTRNNICXX,2033,0
GLOBAL,DSPTRNNICXX,2034,0
GLOBAL,DSPTRNNICXX,2035,0
GLOBAL,DSPTRNNICXX,2036,0
GLOBAL,DSPTRNNICXX,2037,0
GLOBAL,DSPTRNNICXX,2038,0
GLOBAL,DSPTRNNICXX,2039,0
GLOBAL,DSPTRNNICXX,2040,0
GLOBAL,DSPTRNNICXX,2041,0
GLOBAL,DSPTRNNICXX,2042,0
GLOBAL,DSPTRNNICXX,2043,0
GLOBAL,DSPTRNNICXX,2044,0
GLOBAL,DSPTRNNICXX,2045,0
GLOBAL,DSPTRNNICXX,2046,0
GLOBAL,DSPTRNNICXX,2047,0
GLOBAL,DSPTRNNICXX,2048,0
GLOBAL,DSPTRNNICXX,2049,0
GLOBAL,DSPTRNNICXX,2050,0
GLOBAL,DSPTRNPANXX,2023,0
GLOBAL,DSPTRNPANXX,2024,0
GLOBAL,DSPTRNPANXX,2025,0
GLOBAL,DSPTRNPANXX,2026,0
GLOBAL,DSPTRNPANXX,2027,0
GLOBAL,DSPTRNPANXX,2028,0
GLOBAL,DSPTRNPANXX,2029,0
GLOBAL,DSPTRNPANXX,2030,0
GLOBAL,DSPTRNPANXX,2031,0
GLOBAL,DSPTRNPANXX,2032,0
GLOBAL,DSPTRNPANXX,2033,0
GLOBAL,DSPTRNPANXX,2034,0
GLOBAL,DSPTRNPANXX,2035,0
GLOBAL,DSPTRNPANXX,2036,0
GLOBAL,DSPTRNPANXX,2037,0
GLOBAL,DSPTRNPANXX,2038,0
GLOBAL,DSPTRNPANXX,2039,0
GLOBAL,DSPTRNPANXX,2040,0
GLOBAL,DSPTRNPANXX,2041,0
GLOBAL,DSPTRNPANXX,2042,0
GLOBAL,DSPTRNPANXX,2043,0
GLOBAL,DSPTRNPANXX,2044,0
GLOBAL,DSPTRNPANXX,2045,0
GLOBAL,DSPTRNPANXX,2046,0
GLOBAL,DSPTRNPANXX,2047,0
GLOBAL,DSPTRNPANXX,2048,0
GLOBAL,DSPTRNPANXX,2049,0
GLOBAL,DSPTRNPANXX,2050,0
GLOBAL,DSPTRNPERXX,2023,0
GLOBAL,DSPTRNPERXX,2024,0
GLOBAL,DSPTRNPERXX,2025,0
GLOBAL,DSPTRNPERXX,2026,0
GLOBAL,DSPTRNPERXX,2027,0
GLOBAL,DSPTRNPERXX,2028,0
GLOBAL,DSPTRNPERXX,2029,0
GLOBAL,DSPTRNPERXX,2030,0
GLOBAL,DSPTRNPERXX,2031,0
GLOBAL,DSPTRNPERXX,2032,0
GLOBAL,DSPTRNPERXX,2033,0
GLOBAL,DSPTRNPERXX,2034,0
GLOBAL,DSPTRNPERXX,2035,0
GLOBAL,DSPTRNPERXX,2036,0
GLOBAL,DSPTRNPERXX,2037,0
GLOBAL,DSPTRNPERXX,2038,0
GLOBAL,DSPTRNPERXX,2039,0
GLOBAL,DSPTRNPERXX,2040,0
GLOBAL,DSPTRNPERXX,2041,0
GLOBAL,DSPTRNPERXX,2042,0
GLOBAL,DSPTRNPERXX,2043,0
GLOBAL,DSPTRNPERXX,2044,0
GLOBAL,DSPTRNPERXX,2045,0
GLOBAL,DSPTRNPERXX,2046,0
GLOBAL,DSPTRNPERXX,2047,0
GLOBAL,DSPTRNPERXX,2048,0
GLOBAL,DSPTRNPERXX,2049,0
GLOBAL,DSPTRNPERXX,2050,0
GLOBAL,DSPTRNPRYXX,2023,0
GLOBAL,DSPTRNPRYXX,2024,0
GLOBAL,DSPTRNPRYXX,2025,0
GLOBAL,DSPTRNPRYXX,2026,0
GLOBAL,DSPTRNPRYXX,2027,0
GLOBAL,DSPTRNPRYXX,2028,0
GLOBAL,DSPTRNPRYXX,2029,0
GLOBAL,DSPTRNPRYXX,2030,0
GLOBAL,DSPTRNPRYXX,2031,0
GLOBAL,DSPTRNPRYXX,2032,0
GLOBAL,DSPTRNPRYXX,2033,0
GLOBAL,DSPTRNPRYXX,2034,0
GLOBAL,DSPTRNPRYXX,2035,0
GLOBAL,DSPTRNPRYXX,2036,0
GLOBAL,DSPTRNPRYXX,2037,0
GLOBAL,DSPTRNPRYXX,2038,0
GLOBAL,DSPTRNPRYXX,2039,0
GLOBAL,DSPTRNPRYXX,2040,0
GLOBAL,DSPTRNPRYXX,2041,0
GLOBAL,DSPTRNPRYXX,2042,0
GLOBAL,DSPTRNPRYXX,2043,0
GLOBAL,DSPTRNPRYXX,2044,0
GLOBAL,DSPTRNPRYXX,2045,0
GLOBAL,DSPTRNPRYXX,2046,0
GLOBAL,DSPTRNPRYXX,2047,0
GLOBAL,DSPTRNPRYXX,2048,0
GLOBAL,DSPTRNPRYXX,2049,0
GLOBAL,DSPTRNPRYXX,2050,0
GLOBAL,DSPTRNSLVXX,2023,0
GLOBAL,DSPTRNSLVXX,2024,0
GLOBAL,DSPTRNSLVXX,2025,0
GLOBAL,DSPTRNSLVXX,2026,0
GLOBAL,DSPTRNSLVXX,2027,0
GLOBAL,DSPTRNSLVXX,2028,0
GLOBAL,DSPTRNSLVXX,2029,0
GLOBAL,DSPTRNSLVXX,2030,0
GLOBAL,DSPTRNSLVXX,2031,0
GLOBAL,DSPTRNSLVXX,2032,0
GLOBAL,DSPTRNSLVXX,2033,0
GLOBAL,DSPTRNSLVXX,2034,0
GLOBAL,DSPTRNSLVXX,2035,0
GLOBAL,DSPTRNSLVXX,2036,0
GLOBAL,DSPTRNSLVXX,2037,0
GLOBAL,DSPTRNSLVXX,2038,0
GLOBAL,DSPTRNSLVXX,2039,0
GLOBAL,DSPTRNSLVXX,2040,0
GLOBAL,DSPTRNSLVXX,2041,0
GLOBAL,DSPTRNSLVXX,2042,0
GLOBAL,DSPTRNSLVXX,2043,0
GLOBAL,DSPTRNSLVXX,2044,0
GLOBAL,DSPTRNSLVXX,2045,0
GLOBAL,DSPTRNSLVXX,2046,0
GLOBAL,DSPTRNSLVXX,2047,0
GLOBAL,DSPTRNSLVXX,2048,0
GLOBAL,DSPTRNSLVXX,2049,0
GLOBAL,DSPTRNSLVXX,2050,0
GLOBAL,DSPTRNURYXX,2023,0
GLOBAL,DSPTRNURYXX,2024,0
GLOBAL,DSPTRNURYXX,2025,0
GLOBAL,DSPTRNURYXX,2026,0
GLOBAL,DSPTRNURYXX,2027,0
GLOBAL,DSPTRNURYXX,2028,0
GLOBAL,DSPTRNURYXX,2029,0
GLOBAL,DSPTRNURYXX,2030,0
GLOBAL,DSPTRNURYXX,2031,0
GLOBAL,DSPTRNURYXX,2032,0
GLOBAL,DSPTRNURYXX,2033,0
GLOBAL,DSPTRNURYXX,2034,0
GLOBAL,DSPTRNURYXX,2035,0
GLOBAL,DSPTRNURYXX,2036,0
GLOBAL,DSPTRNURYXX,2037,0
GLOBAL,DSPTRNURYXX,2038,0
GLOBAL,DSPTRNURYXX,2039,0
GLOBAL,DSPTRNURYXX,2040,0
GLOBAL,DSPTRNURYXX,2041,0
GLOBAL,DSPTRNURYXX,2042,0
GLOBAL,DSPTRNURYXX,2043,0
GLOBAL,DSPTRNURYXX,2044,0
GLOBAL,DSPTRNURYXX,2045,0
GLOBAL,DSPTRNURYXX,2046,0
GLOBAL,DSPTRNURYXX,2047,0
GLOBAL,DSPTRNURYXX,2048,0
GLOBAL,DSPTRNURYXX,2049,0
GLOBAL,DSPTRNURYXX,2050,0
GLOBAL,PWRBCKARGXX,2023,999999
GLOBAL,PWRBCKARGXX,2024,999999
GLOBAL,PWRBCKARGXX,2025,999999
GLOBAL,PWRBCKARGXX,2026,999999
GLOBAL,PWRBCKARGXX,2027,999999
GLOBAL,PWRBCKARGXX,2028,999999
GLOBAL,PWRBCKARGXX,2029,999999
GLOBAL,PWRBCKARGXX,2030,999999
GLOBAL,PWRBCKARGXX,2031,999999
GLOBAL,PWRBCKARGXX,2032,999999
GLOBAL,PWRBCKARGXX,2033,999999
GLOBAL,PWRBCKARGXX,2034,999999
GLOBAL,PWRBCKARGXX,2035,999999
GLOBAL,PWRBCKARGXX,2036,999999
GLOBAL,PWRBCKARGXX,2037,999999
GLOBAL,PWRBCKARGXX,2038,999999
GLOBAL,PWRBCKARGXX,2039,999999
GLOBAL,PWRBCKARGXX,2040,999999
GLOBAL,PWRBCKARGXX,2041,999999
GLOBAL,PWRBCKARGXX,2042,999999
GLOBAL,PWRBCKARGXX,2043,999999
GLOBAL,PWRBCKARGXX,2044,999999
GLOBAL,PWRBCKARGXX,2045,999999
GLOBAL,PWRBCKARGXX,2046,999999
GLOBAL,PWRBCKARGXX,2047,999999
GLOBAL,PWRBCKARGXX,2048,999999
GLOBAL,PWRBCKARGXX,2049,999999
GLOBAL,PWRBCKARGXX,2050,999999
GLOBAL,PWRBCKBOLXX,2023,999999
GLOBAL,PWRBCKBOLXX,2024,999999
GLOBAL,PWRBCKBOLXX,2025,999999
GLOBAL,PWRBCKBOLXX,2026,999999
GLOBAL,PWRBCKBOLXX,2027,999999
GLOBAL,PWRBCKBOLXX,2028,999999
GLOBAL,PWRBCKBOLXX,2029,999999
GLOBAL,PWRBCKBOLXX,2030,999999
GLOBAL,PWRBCKBOLXX,2031,999999
GLOBAL,PWRBCKBOLXX,2032,999999
GLOBAL,PWRBCKBOLXX,2033,999999
GLOBAL,PWRBCKBOLXX,2034,999999
GLOBAL,PWRBCKBOLXX,2035,999999
GLOBAL,PWRBCKBOLXX,2036,999999
GLOBAL,PWRBCKBOLXX,2037,999999
GLOBAL,PWRBCKBOLXX,2038,999999
GLOBAL,PWRBCKBOLXX,2039,999999
GLOBAL,PWRBCKBOLXX,2040,999999
GLOBAL,PWRBCKBOLXX,2041,999999
GLOBAL,PWRBCKBOLXX,2042,999999
GLOBAL,PWRBCKBOLXX,2043,999999
GLOBAL,PWRBCKBOLXX,2044,999999
GLOBAL,PWRBCKBOLXX,2045,999999
GLOBAL,PWRBCKBOLXX,2046,999999
GLOBAL,PWRBCKBOLXX,2047,999999
GLOBAL,PWRBCKBOLXX,2048,999999
GLOBAL,PWRBCKBOLXX,2049,999999
GLOBAL,PWRBCKBOLXX,2050,999999
GLOBAL,PWRBCKBRAXX,2023,999999
GLOBAL,PWRBCKBRAXX,2024,999999
GLOBAL,PWRBCKBRAXX,2025,999999
GLOBAL,PWRBCKBRAXX,2026,999999
GLOBAL,PWRBCKBRAXX,2027,999999
GLOBAL,PWRBCKBRAXX,2028,999999
GLOBAL,PWRBCKBRAXX,2029,999999
GLOBAL,PWRBCKBRAXX,2030,999999
GLOBAL,PWRBCKBRAXX,2031,999999
GLOBAL,PWRBCKBRAXX,2032,999999
GLOBAL,PWRBCKBRAXX,2033,999999
GLOBAL,PWRBCKBRAXX,2034,999999
GLOBAL,PWRBCKBRAXX,2035,999999
GLOBAL,PWRBCKBRAXX,2036,999999
GLOBAL,PWRBCKBRAXX,2037,999999
GLOBAL,PWRBCKBRAXX,2038,999999
GLOBAL,PWRBCKBRAXX,2039,999999
GLOBAL,PWRBCKBRAXX,2040,999999
GLOBAL,PWRBCKBRAXX,2041,999999
GLOBAL,PWRBCKBRAXX,2042,999999
GLOBAL,PWRBCKBRAXX,2043,999999
GLOBAL,PWRBCKBRAXX,2044,999999
GLOBAL,PWRBCKBRAXX,2045,999999
GLOBAL,PWRBCKBRAXX,2046,999999
GLOBAL,PWRBCKBRAXX,2047,999999
GLOBAL,PWRBCKBRAXX,2048,999999
GLOBAL,PWRBCKBRAXX,2049,999999
GLOBAL,PWRBCKBRAXX,2050,999999
GLOBAL,PWRBCKBRBXX,2023,999999
GLOBAL,PWRBCKBRBXX,2024,999999
GLOBAL,PWRBCKBRBXX,2025,999999
GLOBAL,PWRBCKBRBXX,2026,999999
GLOBAL,PWRBCKBRBXX,2027,999999
GLOBAL,PWRBCKBRBXX,2028,999999
GLOBAL,PWRBCKBRBXX,2029,999999
GLOBAL,PWRBCKBRBXX,2030,999999
GLOBAL,PWRBCKBRBXX,2031,999999
GLOBAL,PWRBCKBRBXX,2032,999999
GLOBAL,PWRBCKBRBXX,2033,999999
GLOBAL,PWRBCKBRBXX,2034,999999
GLOBAL,PWRBCKBRBXX,2035,999999
GLOBAL,PWRBCKBRBXX,2036,999999
GLOBAL,PWRBCKBRBXX,2037,999999
GLOBAL,PWRBCKBRBXX,2038,999999
GLOBAL,PWRBCKBRBXX,2039,999999
GLOBAL,PWRBCKBRBXX,2040,999999
GLOBAL,PWRBCKBRBXX,2041,999999
GLOBAL,PWRBCKBRBXX,2042,999999
GLOBAL,PWRBCKBRBXX,2043,999999
GLOBAL,PWRBCKBRBXX,2044,999999
GLOBAL,PWRBCKBRBXX,2045,999999
GLOBAL,PWRBCKBRBXX,2046,999999
GLOBAL,PWRBCKBRBXX,2047,999999
GLOBAL,PWRBCKBRBXX,2048,999999
GLOBAL,PWRBCKBRBXX,2049,999999
GLOBAL,PWRBCKBRBXX,2050,999999
GLOBAL,PWRBCKCHLXX,2023,999999
GLOBAL,PWRBCKCHLXX,2024,999999
GLOBAL,PWRBCKCHLXX,2025,999999
GLOBAL,PWRBCKCHLXX,2026,999999
GLOBAL,PWRBCKCHLXX,2027,999999
GLOBAL,PWRBCKCHLXX,2028,999999
GLOBAL,PWRBCKCHLXX,2029,999999
GLOBAL,PWRBCKCHLXX,2030,999999
GLOBAL,PWRBCKCHLXX,2031,999999
GLOBAL,PWRBCKCHLXX,2032,999999
GLOBAL,PWRBCKCHLXX,2033,999999
GLOBAL,PWRBCKCHLXX,2034,999999
GLOBAL,PWRBCKCHLXX,2035,999999
GLOBAL,PWRBCKCHLXX,2036,999999
GLOBAL,PWRBCKCHLXX,2037,999999
GLOBAL,PWRBCKCHLXX,2038,999999
GLOBAL,PWRBCKCHLXX,2039,999999
GLOBAL,PWRBCKCHLXX,2040,999999
GLOBAL,PWRBCKCHLXX,2041,999999
GLOBAL,PWRBCKCHLXX,2042,999999
GLOBAL,PWRBCKCHLXX,2043,999999
GLOBAL,PWRBCKCHLXX,2044,999999
GLOBAL,PWRBCKCHLXX,2045,999999
GLOBAL,PWRBCKCHLXX,2046,999999
GLOBAL,PWRBCKCHLXX,2047,999999
GLOBAL,PWRBCKCHLXX,2048,999999
GLOBAL,PWRBCKCHLXX,2049,999999
GLOBAL,PWRBCKCHLXX,2050,999999
GLOBAL,PWRBCKCOLXX,2023,999999
GLOBAL,PWRBCKCOLXX,2024,999999
GLOBAL,PWRBCKCOLXX,2025,999999
GLOBAL,PWRBCKCOLXX,2026,999999
GLOBAL,PWRBCKCOLXX,2027,999999
GLOBAL,PWRBCKCOLXX,2028,999999
GLOBAL,PWRBCKCOLXX,2029,999999
GLOBAL,PWRBCKCOLXX,2030,999999
GLOBAL,PWRBCKCOLXX,2031,999999
GLOBAL,PWRBCKCOLXX,2032,999999
GLOBAL,PWRBCKCOLXX,2033,999999
GLOBAL,PWRBCKCOLXX,2034,999999
GLOBAL,PWRBCKCOLXX,2035,999999
GLOBAL,PWRBCKCOLXX,2036,999999
GLOBAL,PWRBCKCOLXX,2037,999999
GLOBAL,PWRBCKCOLXX,2038,999999
GLOBAL,PWRBCKCOLXX,2039,999999
GLOBAL,PWRBCKCOLXX,2040,999999
GLOBAL,PWRBCKCOLXX,2041,999999
GLOBAL,PWRBCKCOLXX,2042,999999
GLOBAL,PWRBCKCOLXX,2043,999999
GLOBAL,PWRBCKCOLXX,2044,999999
GLOBAL,PWRBCKCOLXX,2045,999999
GLOBAL,PWRBCKCOLXX,2046,999999
GLOBAL,PWRBCKCOLXX,2047,999999
GLOBAL,PWRBCKCOLXX,2048,999999
GLOBAL,PWRBCKCOLXX,2049,999999
GLOBAL,PWRBCKCOLXX,2050,999999
GLOBAL,PWRBCKCRIXX,2023,999999
GLOBAL,PWRBCKCRIXX,2024,999999
GLOBAL,PWRBCKCRIXX,2025,999999
GLOBAL,PWRBCKCRIXX,2026,999999
GLOBAL,PWRBCKCRIXX,2027,999999
GLOBAL,PWRBCKCRIXX,2028,999999
GLOBAL,PWRBCKCRIXX,2029,999999
GLOBAL,PWRBCKCRIXX,2030,999999
GLOBAL,PWRBCKCRIXX,2031,999999
GLOBAL,PWRBCKCRIXX,2032,999999
GLOBAL,PWRBCKCRIXX,2033,999999
GLOBAL,PWRBCKCRIXX,2034,999999
GLOBAL,PWRBCKCRIXX,2035,999999
GLOBAL,PWRBCKCRIXX,2036,999999
GLOBAL,PWRBCKCRIXX,2037,999999
GLOBAL,PWRBCKCRIXX,2038,999999
GLOBAL,PWRBCKCRIXX,2039,999999
GLOBAL,PWRBCKCRIXX,2040,999999
GLOBAL,PWRBCKCRIXX,2041,999999
GLOBAL,PWRBCKCRIXX,2042,999999
GLOBAL,PWRBCKCRIXX,2043,999999
GLOBAL,PWRBCKCRIXX,2044,999999
GLOBAL,PWRBCKCRIXX,2045,999999
GLOBAL,PWRBCKCRIXX,2046,999999
GLOBAL,PWRBCKCRIXX,2047,999999
GLOBAL,PWRBCKCRIXX,2048,999999
GLOBAL,PWRBCKCRIXX,2049,999999
GLOBAL,PWRBCKCRIXX,2050,999999
GLOBAL,PWRBCKDOMXX,2023,999999
GLOBAL,PWRBCKDOMXX,2024,999999
GLOBAL,PWRBCKDOMXX,2025,999999
GLOBAL,PWRBCKDOMXX,2026,999999
GLOBAL,PWRBCKDOMXX,2027,999999
GLOBAL,PWRBCKDOMXX,2028,999999
GLOBAL,PWRBCKDOMXX,2029,999999
GLOBAL,PWRBCKDOMXX,2030,999999
GLOBAL,PWRBCKDOMXX,2031,999999
GLOBAL,PWRBCKDOMXX,2032,999999
GLOBAL,PWRBCKDOMXX,2033,999999
GLOBAL,PWRBCKDOMXX,2034,999999
GLOBAL,PWRBCKDOMXX,2035,999999
GLOBAL,PWRBCKDOMXX,2036,999999
GLOBAL,PWRBCKDOMXX,2037,999999
GLOBAL,PWRBCKDOMXX,2038,999999
GLOBAL,PWRBCKDOMXX,2039,999999
GLOBAL,PWRBCKDOMXX,2040,999999
GLOBAL,PWRBCKDOMXX,2041,999999
GLOBAL,PWRBCKDOMXX,2042,999999
GLOBAL,PWRBCKDOMXX,2043,999999
GLOBAL,PWRBCKDOMXX,2044,999999
GLOBAL,PWRBCKDOMXX,2045,999999
GLOBAL,PWRBCKDOMXX,2046,999999
GLOBAL,PWRBCKDOMXX,2047,999999
GLOBAL,PWRBCKDOMXX,2048,999999
GLOBAL,PWRBCKDOMXX,2049,999999
GLOBAL,PWRBCKDOMXX,2050,999999
GLOBAL,PWRBCKECUXX,2023,999999
GLOBAL,PWRBCKECUXX,2024,999999
GLOBAL,PWRBCKECUXX,2025,999999
GLOBAL,PWRBCKECUXX,2026,999999
GLOBAL,PWRBCKECUXX,2027,999999
GLOBAL,PWRBCKECUXX,2028,999999
GLOBAL,PWRBCKECUXX,2029,999999
GLOBAL,PWRBCKECUXX,2030,999999
GLOBAL,PWRBCKECUXX,2031,999999
GLOBAL,PWRBCKECUXX,2032,999999
GLOBAL,PWRBCKECUXX,2033,999999
GLOBAL,PWRBCKECUXX,2034,999999
GLOBAL,PWRBCKECUXX,2035,999999
GLOBAL,PWRBCKECUXX,2036,999999
GLOBAL,PWRBCKECUXX,2037,999999
GLOBAL,PWRBCKECUXX,2038,999999
GLOBAL,PWRBCKECUXX,2039,999999
GLOBAL,PWRBCKECUXX,2040,999999
GLOBAL,PWRBCKECUXX,2041,999999
GLOBAL,PWRBCKECUXX,2042,999999
GLOBAL,PWRBCKECUXX,2043,999999
GLOBAL,PWRBCKECUXX,2044,999999
GLOBAL,PWRBCKECUXX,2045,999999
GLOBAL,PWRBCKECUXX,2046,999999
GLOBAL,PWRBCKECUXX,2047,999999
GLOBAL,PWRBCKECUXX,2048,999999
GLOBAL,PWRBCKECUXX,2049,999999
GLOBAL,PWRBCKECUXX,2050,999999
GLOBAL,PWRBCKGTMXX,2023,999999
GLOBAL,PWRBCKGTMXX,2024,999999
GLOBAL,PWRBCKGTMXX,2025,999999
GLOBAL,PWRBCKGTMXX,2026,999999
GLOBAL,PWRBCKGTMXX,2027,999999
GLOBAL,PWRBCKGTMXX,2028,999999
GLOBAL,PWRBCKGTMXX,2029,999999
GLOBAL,PWRBCKGTMXX,2030,999999
GLOBAL,PWRBCKGTMXX,2031,999999
GLOBAL,PWRBCKGTMXX,2032,999999
GLOBAL,PWRBCKGTMXX,2033,999999
GLOBAL,PWRBCKGTMXX,2034,999999
GLOBAL,PWRBCKGTMXX,2035,999999
GLOBAL,PWRBCKGTMXX,2036,999999
GLOBAL,PWRBCKGTMXX,2037,999999
GLOBAL,PWRBCKGTMXX,2038,999999
GLOBAL,PWRBCKGTMXX,2039,999999
GLOBAL,PWRBCKGTMXX,2040,999999
GLOBAL,PWRBCKGTMXX,2041,999999
GLOBAL,PWRBCKGTMXX,2042,999999
GLOBAL,PWRBCKGTMXX,2043,999999
GLOBAL,PWRBCKGTMXX,2044,999999
GLOBAL,PWRBCKGTMXX,2045,999999
GLOBAL,PWRBCKGTMXX,2046,999999
GLOBAL,PWRBCKGTMXX,2047,999999
GLOBAL,PWRBCKGTMXX,2048,999999
GLOBAL,PWRBCKGTMXX,2049,999999
GLOBAL,PWRBCKGTMXX,2050,999999
GLOBAL,PWRBCKHNDXX,2023,999999
GLOBAL,PWRBCKHNDXX,2024,999999
GLOBAL,PWRBCKHNDXX,2025,999999
GLOBAL,PWRBCKHNDXX,2026,999999
GLOBAL,PWRBCKHNDXX,2027,999999
GLOBAL,PWRBCKHNDXX,2028,999999
GLOBAL,PWRBCKHNDXX,2029,999999
GLOBAL,PWRBCKHNDXX,2030,999999
GLOBAL,PWRBCKHNDXX,2031,999999
GLOBAL,PWRBCKHNDXX,2032,999999
GLOBAL,PWRBCKHNDXX,2033,999999
GLOBAL,PWRBCKHNDXX,2034,999999
GLOBAL,PWRBCKHNDXX,2035,999999
GLOBAL,PWRBCKHNDXX,2036,999999
GLOBAL,PWRBCKHNDXX,2037,999999
GLOBAL,PWRBCKHNDXX,2038,999999
GLOBAL,PWRBCKHNDXX,2039,999999
GLOBAL,PWRBCKHNDXX,2040,999999
GLOBAL,PWRBCKHNDXX,2041,999999
GLOBAL,PWRBCKHNDXX,2042,999999
GLOBAL,PWRBCKHNDXX,2043,999999
GLOBAL,PWRBCKHNDXX,2044,999999
GLOBAL,PWRBCKHNDXX,2045,999999
GLOBAL,PWRBCKHNDXX,2046,999999
GLOBAL,PWRBCKHNDXX,2047,999999
GLOBAL,PWRBCKHNDXX,2048,999999
GLOBAL,PWRBCKHNDXX,2049,999999
GLOBAL,PWRBCKHNDXX,2050,999999
GLOBAL,PWRBCKHTIXX,2023,999999
GLOBAL,PWRBCKHTIXX,2024,999999
GLOBAL,PWRBCKHTIXX,2025,999999
GLOBAL,PWRBCKHTIXX,2026,999999
GLOBAL,PWRBCKHTIXX,2027,999999
GLOBAL,PWRBCKHTIXX,2028,999999
GLOBAL,PWRBCKHTIXX,2029,999999
GLOBAL,PWRBCKHTIXX,2030,999999
GLOBAL,PWRBCKHTIXX,2031,999999
GLOBAL,PWRBCKHTIXX,2032,999999
GLOBAL,PWRBCKHTIXX,2033,999999
GLOBAL,PWRBCKHTIXX,2034,999999
GLOBAL,PWRBCKHTIXX,2035,999999
GLOBAL,PWRBCKHTIXX,2036,999999
GLOBAL,PWRBCKHTIXX,2037,999999
GLOBAL,PWRBCKHTIXX,2038,999999
GLOBAL,PWRBCKHTIXX,2039,999999
GLOBAL,PWRBCKHTIXX,2040,999999
GLOBAL,PWRBCKHTIXX,2041,999999
GLOBAL,PWRBCKHTIXX,2042,999999
GLOBAL,PWRBCKHTIXX,2043,999999
GLOBAL,PWRBCKHTIXX,2044,999999
GLOBAL,PWRBCKHTIXX,2045,999999
GLOBAL,PWRBCKHTIXX,2046,999999
GLOBAL,PWRBCKHTIXX,2047,999999
GLOBAL,PWRBCKHTIXX,2048,999999
GLOBAL,PWRBCKHTIXX,2049,999999
GLOBAL,PWRBCKHTIXX,2050,999999
GLOBAL,PWRBCKMEXXX,2023,999999
GLOBAL,PWRBCKMEXXX,2024,999999
GLOBAL,PWRBCKMEXXX,2025,999999
GLOBAL,PWRBCKMEXXX,2026,999999
GLOBAL,PWRBCKMEXXX,2027,999999
GLOBAL,PWRBCKMEXXX,2028,999999
GLOBAL,PWRBCKMEXXX,2029,999999
GLOBAL,PWRBCKMEXXX,2030,999999
GLOBAL,PWRBCKMEXXX,2031,999999
GLOBAL,PWRBCKMEXXX,2032,999999
GLOBAL,PWRBCKMEXXX,2033,999999
GLOBAL,PWRBCKMEXXX,2034,999999
GLOBAL,PWRBCKMEXXX,2035,999999
GLOBAL,PWRBCKMEXXX,2036,999999
GLOBAL,PWRBCKMEXXX,2037,999999
GLOBAL,PWRBCKMEXXX,2038,999999
GLOBAL,PWRBCKMEXXX,2039,999999
GLOBAL,PWRBCKMEXXX,2040,999999
GLOBAL,PWRBCKMEXXX,2041,999999
GLOBAL,PWRBCKMEXXX,2042,999999
GLOBAL,PWRBCKMEXXX,2043,999999
GLOBAL,PWRBCKMEXXX,2044,999999
GLOBAL,PWRBCKMEXXX,2045,999999
GLOBAL,PWRBCKMEXXX,2046,999999
GLOBAL,PWRBCKMEXXX,2047,999999
GLOBAL,PWRBCKMEXXX,2048,999999
GLOBAL,PWRBCKMEXXX,2049,999999
GLOBAL,PWRBCKMEXXX,2050,999999
GLOBAL,PWRBCKNICXX,2023,999999
GLOBAL,PWRBCKNICXX,2024,999999
GLOBAL,PWRBCKNICXX,2025,999999
GLOBAL,PWRBCKNICXX,2026,999999
GLOBAL,PWRBCKNICXX,2027,999999
GLOBAL,PWRBCKNICXX,2028,999999
GLOBAL,PWRBCKNICXX,2029,999999
GLOBAL,PWRBCKNICXX,2030,999999
GLOBAL,PWRBCKNICXX,2031,999999
GLOBAL,PWRBCKNICXX,2032,999999
GLOBAL,PWRBCKNICXX,2033,999999
GLOBAL,PWRBCKNICXX,2034,999999
GLOBAL,PWRBCKNICXX,2035,999999
GLOBAL,PWRBCKNICXX,2036,999999
GLOBAL,PWRBCKNICXX,2037,999999
GLOBAL,PWRBCKNICXX,2038,999999
GLOBAL,PWRBCKNICXX,2039,999999
GLOBAL,PWRBCKNICXX,2040,999999
GLOBAL,PWRBCKNICXX,2041,999999
GLOBAL,PWRBCKNICXX,2042,999999
GLOBAL,PWRBCKNICXX,2043,999999
GLOBAL,PWRBCKNICXX,2044,999999
GLOBAL,PWRBCKNICXX,2045,999999
GLOBAL,PWRBCKNICXX,2046,999999
GLOBAL,PWRBCKNICXX,2047,999999
GLOBAL,PWRBCKNICXX,2048,999999
GLOBAL,PWRBCKNICXX,2049,999999
GLOBAL,PWRBCKNICXX,2050,999999
GLOBAL,PWRBCKPANXX,2023,999999
GLOBAL,PWRBCKPANXX,2024,999999
GLOBAL,PWRBCKPANXX,2025,999999
GLOBAL,PWRBCKPANXX,2026,999999
GLOBAL,PWRBCKPANXX,2027,999999
GLOBAL,PWRBCKPANXX,2028,999999
GLOBAL,PWRBCKPANXX,2029,999999
GLOBAL,PWRBCKPANXX,2030,999999
GLOBAL,PWRBCKPANXX,2031,999999
GLOBAL,PWRBCKPANXX,2032,999999
GLOBAL,PWRBCKPANXX,2033,999999
GLOBAL,PWRBCKPANXX,2034,999999
GLOBAL,PWRBCKPANXX,2035,999999
GLOBAL,PWRBCKPANXX,2036,999999
GLOBAL,PWRBCKPANXX,2037,999999
GLOBAL,PWRBCKPANXX,2038,999999
GLOBAL,PWRBCKPANXX,2039,999999
GLOBAL,PWRBCKPANXX,2040,999999
GLOBAL,PWRBCKPANXX,2041,999999
GLOBAL,PWRBCKPANXX,2042,999999
GLOBAL,PWRBCKPANXX,2043,999999
GLOBAL,PWRBCKPANXX,2044,999999
GLOBAL,PWRBCKPANXX,2045,999999
GLOBAL,PWRBCKPANXX,2046,999999
GLOBAL,PWRBCKPANXX,2047,999999
GLOBAL,PWRBCKPANXX,2048,999999
GLOBAL,PWRBCKPANXX,2049,999999
GLOBAL,PWRBCKPANXX,2050,999999
GLOBAL,PWRBCKPERXX,2023,999999
GLOBAL,PWRBCKPERXX,2024,999999
GLOBAL,PWRBCKPERXX,2025,999999
GLOBAL,PWRBCKPERXX,2026,999999
GLOBAL,PWRBCKPERXX,2027,999999
GLOBAL,PWRBCKPERXX,2028,999999
GLOBAL,PWRBCKPERXX,2029,999999
GLOBAL,PWRBCKPERXX,2030,999999
GLOBAL,PWRBCKPERXX,2031,999999
GLOBAL,PWRBCKPERXX,2032,999999
GLOBAL,PWRBCKPERXX,2033,999999
GLOBAL,PWRBCKPERXX,2034,999999
GLOBAL,PWRBCKPERXX,2035,999999
GLOBAL,PWRBCKPERXX,2036,999999
GLOBAL,PWRBCKPERXX,2037,999999
GLOBAL,PWRBCKPERXX,2038,999999
GLOBAL,PWRBCKPERXX,2039,999999
GLOBAL,PWRBCKPERXX,2040,999999
GLOBAL,PWRBCKPERXX,2041,999999
GLOBAL,PWRBCKPERXX,2042,999999
GLOBAL,PWRBCKPERXX,2043,999999
GLOBAL,PWRBCKPERXX,2044,999999
GLOBAL,PWRBCKPERXX,2045,999999
GLOBAL,PWRBCKPERXX,2046,999999
GLOBAL,PWRBCKPERXX,2047,999999
GLOBAL,PWRBCKPERXX,2048,999999
GLOBAL,PWRBCKPERXX,2049,999999
GLOBAL,PWRBCKPERXX,2050,999999
GLOBAL,PWRBCKPRYXX,2023,999999
GLOBAL,PWRBCKPRYXX,2024,999999
GLOBAL,PWRBCKPRYXX,2025,999999
GLOBAL,PWRBCKPRYXX,2026,999999
GLOBAL,PWRBCKPRYXX,2027,999999
GLOBAL,PWRBCKPRYXX,2028,999999
GLOBAL,PWRBCKPRYXX,2029,999999
GLOBAL,PWRBCKPRYXX,2030,999999
GLOBAL,PWRBCKPRYXX,2031,999999
GLOBAL,PWRBCKPRYXX,2032,999999
GLOBAL,PWRBCKPRYXX,2033,999999
GLOBAL,PWRBCKPRYXX,2034,999999
GLOBAL,PWRBCKPRYXX,2035,999999
GLOBAL,PWRBCKPRYXX,2036,999999
GLOBAL,PWRBCKPRYXX,2037,999999
GLOBAL,PWRBCKPRYXX,2038,999999
GLOBAL,PWRBCKPRYXX,2039,999999
GLOBAL,PWRBCKPRYXX,2040,999999
GLOBAL,PWRBCKPRYXX,2041,999999
GLOBAL,PWRBCKPRYXX,2042,999999
GLOBAL,PWRBCKPRYXX,2043,999999
GLOBAL,PWRBCKPRYXX,2044,999999
GLOBAL,PWRBCKPRYXX,2045,999999
GLOBAL,PWRBCKPRYXX,2046,999999
GLOBAL,PWRBCKPRYXX,2047,999999
GLOBAL,PWRBCKPRYXX,2048,999999
GLOBAL,PWRBCKPRYXX,2049,999999
GLOBAL,PWRBCKPRYXX,2050,999999
GLOBAL,PWRBCKSLVXX,2023,999999
GLOBAL,PWRBCKSLVXX,2024,999999
GLOBAL,PWRBCKSLVXX,2025,999999
GLOBAL,PWRBCKSLVXX,2026,999999
GLOBAL,PWRBCKSLVXX,2027,999999
GLOBAL,PWRBCKSLVXX,2028,999999
GLOBAL,PWRBCKSLVXX,2029,999999
GLOBAL,PWRBCKSLVXX,2030,999999
GLOBAL,PWRBCKSLVXX,2031,999999
GLOBAL,PWRBCKSLVXX,2032,999999
GLOBAL,PWRBCKSLVXX,2033,999999
GLOBAL,PWRBCKSLVXX,2034,999999
GLOBAL,PWRBCKSLVXX,2035,999999
GLOBAL,PWRBCKSLVXX,2036,999999
GLOBAL,PWRBCKSLVXX,2037,999999
GLOBAL,PWRBCKSLVXX,2038,999999
GLOBAL,PWRBCKSLVXX,2039,999999
GLOBAL,PWRBCKSLVXX,2040,999999
GLOBAL,PWRBCKSLVXX,2041,999999
GLOBAL,PWRBCKSLVXX,2042,999999
GLOBAL,PWRBCKSLVXX,2043,999999
GLOBAL,PWRBCKSLVXX,2044,999999
GLOBAL,PWRBCKSLVXX,2045,999999
GLOBAL,PWRBCKSLVXX,2046,999999
GLOBAL,PWRBCKSLVXX,2047,999999
GLOBAL,PWRBCKSLVXX,2048,999999
GLOBAL,PWRBCKSLVXX,2049,999999
GLOBAL,PWRBCKSLVXX,2050,999999
GLOBAL,PWRBCKURYXX,2023,999999
GLOBAL,PWRBCKURYXX,2024,999999
GLOBAL,PWRBCKURYXX,2025,999999
GLOBAL,PWRBCKURYXX,2026,999999
GLOBAL,PWRBCKURYXX,2027,999999
GLOBAL,PWRBCKURYXX,2028,999999
GLOBAL,PWRBCKURYXX,2029,999999
GLOBAL,PWRBCKURYXX,2030,999999
GLOBAL,PWRBCKURYXX,2031,999999
GLOBAL,PWRBCKURYXX,2032,999999
GLOBAL,PWRBCKURYXX,2033,999999
GLOBAL,PWRBCKURYXX,2034,999999
GLOBAL,PWRBCKURYXX,2035,999999
GLOBAL,PWRBCKURYXX,2036,999999
GLOBAL,PWRBCKURYXX,2037,999999
GLOBAL,PWRBCKURYXX,2038,999999
GLOBAL,PWRBCKURYXX,2039,999999
GLOBAL,PWRBCKURYXX,2040,999999
GLOBAL,PWRBCKURYXX,2041,999999
GLOBAL,PWRBCKURYXX,2042,999999
GLOBAL,PWRBCKURYXX,2043,999999
GLOBAL,PWRBCKURYXX,2044,999999
GLOBAL,PWRBCKURYXX,2045,999999
GLOBAL,PWRBCKURYXX,2046,999999
GLOBAL,PWRBCKURYXX,2047,999999
GLOBAL,PWRBCKURYXX,2048,999999
GLOBAL,PWRBCKURYXX,2049,999999
GLOBAL,PWRBCKURYXX,2050,999999
GLOBAL,PWRBDSCHLXX,2023,944
GLOBAL,PWRBDSCHLXX,2024,944
GLOBAL,PWRBDSCHLXX,2025,944
GLOBAL,PWRBDSCHLXX,2026,944
GLOBAL,PWRBDSCHLXX,2027,944
GLOBAL,PWRBDSCHLXX,2028,944
GLOBAL,PWRBDSCHLXX,2029,944
GLOBAL,PWRBDSCHLXX,2030,944
GLOBAL,PWRBDSCHLXX,2031,944
GLOBAL,PWRBDSCHLXX,2032,944
GLOBAL,PWRBDSCHLXX,2033,944
GLOBAL,PWRBDSCHLXX,2034,944
GLOBAL,PWRBDSCHLXX,2035,944
GLOBAL,PWRBDSCHLXX,2036,944
GLOBAL,PWRBDSCHLXX,2037,944
GLOBAL,PWRBDSCHLXX,2038,944
GLOBAL,PWRBDSCHLXX,2039,944
GLOBAL,PWRBDSCHLXX,2040,944
GLOBAL,PWRBDSCHLXX,2041,944
GLOBAL,PWRBDSCHLXX,2042,944
GLOBAL,PWRBDSCHLXX,2043,944
GLOBAL,PWRBDSCHLXX,2044,944
GLOBAL,PWRBDSCHLXX,2045,944
GLOBAL,PWRBDSCHLXX,2046,944
GLOBAL,PWRBDSCHLXX,2047,944
GLOBAL,PWRBDSCHLXX,2048,944
GLOBAL,PWRBDSCHLXX,2049,944
GLOBAL,PWRBDSCHLXX,2050,944
GLOBAL,PWRBDSPERXX,2023,944
GLOBAL,PWRBDSPERXX,2024,944
GLOBAL,PWRBDSPERXX,2025,944
GLOBAL,PWRBDSPERXX,2026,944
GLOBAL,PWRBDSPERXX,2027,944
GLOBAL,PWRBDSPERXX,2028,944
GLOBAL,PWRBDSPERXX,2029,944
GLOBAL,PWRBDSPERXX,2030,944
GLOBAL,PWRBDSPERXX,2031,944
GLOBAL,PWRBDSPERXX,2032,944
GLOBAL,PWRBDSPERXX,2033,944
GLOBAL,PWRBDSPERXX,2034,944
GLOBAL,PWRBDSPERXX,2035,944
GLOBAL,PWRBDSPERXX,2036,944
GLOBAL,PWRBDSPERXX,2037,944
GLOBAL,PWRBDSPERXX,2038,944
GLOBAL,PWRBDSPERXX,2039,944
GLOBAL,PWRBDSPERXX,2040,944
GLOBAL,PWRBDSPERXX,2041,944
GLOBAL,PWRBDSPERXX,2042,944
GLOBAL,PWRBDSPERXX,2043,944
GLOBAL,PWRBDSPERXX,2044,944
GLOBAL,PWRBDSPERXX,2045,944
GLOBAL,PWRBDSPERXX,2046,944
GLOBAL,PWRBDSPERXX,2047,944
GLOBAL,PWRBDSPERXX,2048,944
GLOBAL,PWRBDSPERXX,2049,944
GLOBAL,PWRBDSPERXX,2050,944
GLOBAL,PWRBIOARGXX,2023,2150
GLOBAL,PWRBIOARGXX,2024,2150
GLOBAL,PWRBIOARGXX,2025,2150
GLOBAL,PWRBIOARGXX,2026,2150
GLOBAL,PWRBIOARGXX,2027,2150
GLOBAL,PWRBIOARGXX,2028,2150
GLOBAL,PWRBIOARGXX,2029,2150
GLOBAL,PWRBIOARGXX,2030,2150
GLOBAL,PWRBIOARGXX,2031,2150
GLOBAL,PWRBIOARGXX,2032,2150
GLOBAL,PWRBIOARGXX,2033,2150
GLOBAL,PWRBIOARGXX,2034,2150
GLOBAL,PWRBIOARGXX,2035,2150
GLOBAL,PWRBIOARGXX,2036,2150
GLOBAL,PWRBIOARGXX,2037,2150
GLOBAL,PWRBIOARGXX,2038,2150
GLOBAL,PWRBIOARGXX,2039,2150
GLOBAL,PWRBIOARGXX,2040,2150
GLOBAL,PWRBIOARGXX,2041,2150
GLOBAL,PWRBIOARGXX,2042,2150
GLOBAL,PWRBIOARGXX,2043,2150
GLOBAL,PWRBIOARGXX,2044,2150
GLOBAL,PWRBIOARGXX,2045,2150
GLOBAL,PWRBIOARGXX,2046,2150
GLOBAL,PWRBIOARGXX,2047,2150
GLOBAL,PWRBIOARGXX,2048,2150
GLOBAL,PWRBIOARGXX,2049,2150
GLOBAL,PWRBIOARGXX,2050,2150
GLOBAL,PWRBIOBOLXX,2023,2150
GLOBAL,PWRBIOBOLXX,2024,2150
GLOBAL,PWRBIOBOLXX,2025,2150
GLOBAL,PWRBIOBOLXX,2026,2150
GLOBAL,PWRBIOBOLXX,2027,2150
GLOBAL,PWRBIOBOLXX,2028,2150
GLOBAL,PWRBIOBOLXX,2029,2150
GLOBAL,PWRBIOBOLXX,2030,2150
GLOBAL,PWRBIOBOLXX,2031,2150
GLOBAL,PWRBIOBOLXX,2032,2150
GLOBAL,PWRBIOBOLXX,2033,2150
GLOBAL,PWRBIOBOLXX,2034,2150
GLOBAL,PWRBIOBOLXX,2035,2150
GLOBAL,PWRBIOBOLXX,2036,2150
GLOBAL,PWRBIOBOLXX,2037,2150
GLOBAL,PWRBIOBOLXX,2038,2150
GLOBAL,PWRBIOBOLXX,2039,2150
GLOBAL,PWRBIOBOLXX,2040,2150
GLOBAL,PWRBIOBOLXX,2041,2150
GLOBAL,PWRBIOBOLXX,2042,2150
GLOBAL,PWRBIOBOLXX,2043,2150
GLOBAL,PWRBIOBOLXX,2044,2150
GLOBAL,PWRBIOBOLXX,2045,2150
GLOBAL,PWRBIOBOLXX,2046,2150
GLOBAL,PWRBIOBOLXX,2047,2150
GLOBAL,PWRBIOBOLXX,2048,2150
GLOBAL,PWRBIOBOLXX,2049,2150
GLOBAL,PWRBIOBOLXX,2050,2150
GLOBAL,PWRBIOBRAXX,2023,2150
GLOBAL,PWRBIOBRAXX,2024,2150
GLOBAL,PWRBIOBRAXX,2025,2150
GLOBAL,PWRBIOBRAXX,2026,2150
GLOBAL,PWRBIOBRAXX,2027,2150
GLOBAL,PWRBIOBRAXX,2028,2150
GLOBAL,PWRBIOBRAXX,2029,2150
GLOBAL,PWRBIOBRAXX,2030,2150
GLOBAL,PWRBIOBRAXX,2031,2150
GLOBAL,PWRBIOBRAXX,2032,2150
GLOBAL,PWRBIOBRAXX,2033,2150
GLOBAL,PWRBIOBRAXX,2034,2150
GLOBAL,PWRBIOBRAXX,2035,2150
GLOBAL,PWRBIOBRAXX,2036,2150
GLOBAL,PWRBIOBRAXX,2037,2150
GLOBAL,PWRBIOBRAXX,2038,2150
GLOBAL,PWRBIOBRAXX,2039,2150
GLOBAL,PWRBIOBRAXX,2040,2150
GLOBAL,PWRBIOBRAXX,2041,2150
GLOBAL,PWRBIOBRAXX,2042,2150
GLOBAL,PWRBIOBRAXX,2043,2150
GLOBAL,PWRBIOBRAXX,2044,2150
GLOBAL,PWRBIOBRAXX,2045,2150
GLOBAL,PWRBIOBRAXX,2046,2150
GLOBAL,PWRBIOBRAXX,2047,2150
GLOBAL,PWRBIOBRAXX,2048,2150
GLOBAL,PWRBIOBRAXX,2049,2150
GLOBAL,PWRBIOBRAXX,2050,2150
GLOBAL,PWRBIOBRBXX,2023,2400
GLOBAL,PWRBIOBRBXX,2024,2400
GLOBAL,PWRBIOBRBXX,2025,2400
GLOBAL,PWRBIOBRBXX,2026,2400
GLOBAL,PWRBIOBRBXX,2027,2400
GLOBAL,PWRBIOBRBXX,2028,2400
GLOBAL,PWRBIOBRBXX,2029,2400
GLOBAL,PWRBIOBRBXX,2030,2400
GLOBAL,PWRBIOBRBXX,2031,2395
GLOBAL,PWRBIOBRBXX,2032,2390
GLOBAL,PWRBIOBRBXX,2033,2385
GLOBAL,PWRBIOBRBXX,2034,2380
GLOBAL,PWRBIOBRBXX,2035,2375
GLOBAL,PWRBIOBRBXX,2036,2370
GLOBAL,PWRBIOBRBXX,2037,2365
GLOBAL,PWRBIOBRBXX,2038,2360
GLOBAL,PWRBIOBRBXX,2039,2355
GLOBAL,PWRBIOBRBXX,2040,2350
GLOBAL,PWRBIOBRBXX,2041,2350
GLOBAL,PWRBIOBRBXX,2042,2350
GLOBAL,PWRBIOBRBXX,2043,2350
GLOBAL,PWRBIOBRBXX,2044,2350
GLOBAL,PWRBIOBRBXX,2045,2350
GLOBAL,PWRBIOBRBXX,2046,2350
GLOBAL,PWRBIOBRBXX,2047,2350
GLOBAL,PWRBIOBRBXX,2048,2350
GLOBAL,PWRBIOBRBXX,2049,2350
GLOBAL,PWRBIOBRBXX,2050,2350
GLOBAL,PWRBIOCHLXX,2023,2150
GLOBAL,PWRBIOCHLXX,2024,2150
GLOBAL,PWRBIOCHLXX,2025,2150
GLOBAL,PWRBIOCHLXX,2026,2150
GLOBAL,PWRBIOCHLXX,2027,2150
GLOBAL,PWRBIOCHLXX,2028,2150
GLOBAL,PWRBIOCHLXX,2029,2150
GLOBAL,PWRBIOCHLXX,2030,2150
GLOBAL,PWRBIOCHLXX,2031,2150
GLOBAL,PWRBIOCHLXX,2032,2150
GLOBAL,PWRBIOCHLXX,2033,2150
GLOBAL,PWRBIOCHLXX,2034,2150
GLOBAL,PWRBIOCHLXX,2035,2150
GLOBAL,PWRBIOCHLXX,2036,2150
GLOBAL,PWRBIOCHLXX,2037,2150
GLOBAL,PWRBIOCHLXX,2038,2150
GLOBAL,PWRBIOCHLXX,2039,2150
GLOBAL,PWRBIOCHLXX,2040,2150
GLOBAL,PWRBIOCHLXX,2041,2150
GLOBAL,PWRBIOCHLXX,2042,2150
GLOBAL,PWRBIOCHLXX,2043,2150
GLOBAL,PWRBIOCHLXX,2044,2150
GLOBAL,PWRBIOCHLXX,2045,2150
GLOBAL,PWRBIOCHLXX,2046,2150
GLOBAL,PWRBIOCHLXX,2047,2150
GLOBAL,PWRBIOCHLXX,2048,2150
GLOBAL,PWRBIOCHLXX,2049,2150
GLOBAL,PWRBIOCHLXX,2050,2150
GLOBAL,PWRBIOCOLXX,2023,2150
GLOBAL,PWRBIOCOLXX,2024,2150
GLOBAL,PWRBIOCOLXX,2025,2150
GLOBAL,PWRBIOCOLXX,2026,2150
GLOBAL,PWRBIOCOLXX,2027,2150
GLOBAL,PWRBIOCOLXX,2028,2150
GLOBAL,PWRBIOCOLXX,2029,2150
GLOBAL,PWRBIOCOLXX,2030,2150
GLOBAL,PWRBIOCOLXX,2031,2150
GLOBAL,PWRBIOCOLXX,2032,2150
GLOBAL,PWRBIOCOLXX,2033,2150
GLOBAL,PWRBIOCOLXX,2034,2150
GLOBAL,PWRBIOCOLXX,2035,2150
GLOBAL,PWRBIOCOLXX,2036,2150
GLOBAL,PWRBIOCOLXX,2037,2150
GLOBAL,PWRBIOCOLXX,2038,2150
GLOBAL,PWRBIOCOLXX,2039,2150
GLOBAL,PWRBIOCOLXX,2040,2150
GLOBAL,PWRBIOCOLXX,2041,2150
GLOBAL,PWRBIOCOLXX,2042,2150
GLOBAL,PWRBIOCOLXX,2043,2150
GLOBAL,PWRBIOCOLXX,2044,2150
GLOBAL,PWRBIOCOLXX,2045,2150
GLOBAL,PWRBIOCOLXX,2046,2150
GLOBAL,PWRBIOCOLXX,2047,2150
GLOBAL,PWRBIOCOLXX,2048,2150
GLOBAL,PWRBIOCOLXX,2049,2150
GLOBAL,PWRBIOCOLXX,2050,2150
GLOBAL,PWRBIOCRIXX,2023,2400
GLOBAL,PWRBIOCRIXX,2024,2400
GLOBAL,PWRBIOCRIXX,2025,2400
GLOBAL,PWRBIOCRIXX,2026,2400
GLOBAL,PWRBIOCRIXX,2027,2400
GLOBAL,PWRBIOCRIXX,2028,2400
GLOBAL,PWRBIOCRIXX,2029,2400
GLOBAL,PWRBIOCRIXX,2030,2400
GLOBAL,PWRBIOCRIXX,2031,2395
GLOBAL,PWRBIOCRIXX,2032,2390
GLOBAL,PWRBIOCRIXX,2033,2385
GLOBAL,PWRBIOCRIXX,2034,2380
GLOBAL,PWRBIOCRIXX,2035,2375
GLOBAL,PWRBIOCRIXX,2036,2370
GLOBAL,PWRBIOCRIXX,2037,2365
GLOBAL,PWRBIOCRIXX,2038,2360
GLOBAL,PWRBIOCRIXX,2039,2355
GLOBAL,PWRBIOCRIXX,2040,2350
GLOBAL,PWRBIOCRIXX,2041,2350
GLOBAL,PWRBIOCRIXX,2042,2350
GLOBAL,PWRBIOCRIXX,2043,2350
GLOBAL,PWRBIOCRIXX,2044,2350
GLOBAL,PWRBIOCRIXX,2045,2350
GLOBAL,PWRBIOCRIXX,2046,2350
GLOBAL,PWRBIOCRIXX,2047,2350
GLOBAL,PWRBIOCRIXX,2048,2350
GLOBAL,PWRBIOCRIXX,2049,2350
GLOBAL,PWRBIOCRIXX,2050,2350
GLOBAL,PWRBIODOMXX,2023,2400
GLOBAL,PWRBIODOMXX,2024,2400
GLOBAL,PWRBIODOMXX,2025,2400
GLOBAL,PWRBIODOMXX,2026,2400
GLOBAL,PWRBIODOMXX,2027,2400
GLOBAL,PWRBIODOMXX,2028,2400
GLOBAL,PWRBIODOMXX,2029,2400
GLOBAL,PWRBIODOMXX,2030,2400
GLOBAL,PWRBIODOMXX,2031,2395
GLOBAL,PWRBIODOMXX,2032,2390
GLOBAL,PWRBIODOMXX,2033,2385
GLOBAL,PWRBIODOMXX,2034,2380
GLOBAL,PWRBIODOMXX,2035,2375
GLOBAL,PWRBIODOMXX,2036,2370
GLOBAL,PWRBIODOMXX,2037,2365
GLOBAL,PWRBIODOMXX,2038,2360
GLOBAL,PWRBIODOMXX,2039,2355
GLOBAL,PWRBIODOMXX,2040,2350
GLOBAL,PWRBIODOMXX,2041,2350
GLOBAL,PWRBIODOMXX,2042,2350
GLOBAL,PWRBIODOMXX,2043,2350
GLOBAL,PWRBIODOMXX,2044,2350
GLOBAL,PWRBIODOMXX,2045,2350
GLOBAL,PWRBIODOMXX,2046,2350
GLOBAL,PWRBIODOMXX,2047,2350
GLOBAL,PWRBIODOMXX,2048,2350
GLOBAL,PWRBIODOMXX,2049,2350
GLOBAL,PWRBIODOMXX,2050,2350
GLOBAL,PWRBIOECUXX,2023,2150
GLOBAL,PWRBIOECUXX,2024,2150
GLOBAL,PWRBIOECUXX,2025,2150
GLOBAL,PWRBIOECUXX,2026,2150
GLOBAL,PWRBIOECUXX,2027,2150
GLOBAL,PWRBIOECUXX,2028,2150
GLOBAL,PWRBIOECUXX,2029,2150
GLOBAL,PWRBIOECUXX,2030,2150
GLOBAL,PWRBIOECUXX,2031,2150
GLOBAL,PWRBIOECUXX,2032,2150
GLOBAL,PWRBIOECUXX,2033,2150
GLOBAL,PWRBIOECUXX,2034,2150
GLOBAL,PWRBIOECUXX,2035,2150
GLOBAL,PWRBIOECUXX,2036,2150
GLOBAL,PWRBIOECUXX,2037,2150
GLOBAL,PWRBIOECUXX,2038,2150
GLOBAL,PWRBIOECUXX,2039,2150
GLOBAL,PWRBIOECUXX,2040,2150
GLOBAL,PWRBIOECUXX,2041,2150
GLOBAL,PWRBIOECUXX,2042,2150
GLOBAL,PWRBIOECUXX,2043,2150
GLOBAL,PWRBIOECUXX,2044,2150
GLOBAL,PWRBIOECUXX,2045,2150
GLOBAL,PWRBIOECUXX,2046,2150
GLOBAL,PWRBIOECUXX,2047,2150
GLOBAL,PWRBIOECUXX,2048,2150
GLOBAL,PWRBIOECUXX,2049,2150
GLOBAL,PWRBIOECUXX,2050,2150
GLOBAL,PWRBIOGTMXX,2023,2400
GLOBAL,PWRBIOGTMXX,2024,2400
GLOBAL,PWRBIOGTMXX,2025,2400
GLOBAL,PWRBIOGTMXX,2026,2400
GLOBAL,PWRBIOGTMXX,2027,2400
GLOBAL,PWRBIOGTMXX,2028,2400
GLOBAL,PWRBIOGTMXX,2029,2400
GLOBAL,PWRBIOGTMXX,2030,2400
GLOBAL,PWRBIOGTMXX,2031,2395
GLOBAL,PWRBIOGTMXX,2032,2390
GLOBAL,PWRBIOGTMXX,2033,2385
GLOBAL,PWRBIOGTMXX,2034,2380
GLOBAL,PWRBIOGTMXX,2035,2375
GLOBAL,PWRBIOGTMXX,2036,2370
GLOBAL,PWRBIOGTMXX,2037,2365
GLOBAL,PWRBIOGTMXX,2038,2360
GLOBAL,PWRBIOGTMXX,2039,2355
GLOBAL,PWRBIOGTMXX,2040,2350
GLOBAL,PWRBIOGTMXX,2041,2350
GLOBAL,PWRBIOGTMXX,2042,2350
GLOBAL,PWRBIOGTMXX,2043,2350
GLOBAL,PWRBIOGTMXX,2044,2350
GLOBAL,PWRBIOGTMXX,2045,2350
GLOBAL,PWRBIOGTMXX,2046,2350
GLOBAL,PWRBIOGTMXX,2047,2350
GLOBAL,PWRBIOGTMXX,2048,2350
GLOBAL,PWRBIOGTMXX,2049,2350
GLOBAL,PWRBIOGTMXX,2050,2350
GLOBAL,PWRBIOHNDXX,2023,2400
GLOBAL,PWRBIOHNDXX,2024,2400
GLOBAL,PWRBIOHNDXX,2025,2400
GLOBAL,PWRBIOHNDXX,2026,2400
GLOBAL,PWRBIOHNDXX,2027,2400
GLOBAL,PWRBIOHNDXX,2028,2400
GLOBAL,PWRBIOHNDXX,2029,2400
GLOBAL,PWRBIOHNDXX,2030,2400
GLOBAL,PWRBIOHNDXX,2031,2395
GLOBAL,PWRBIOHNDXX,2032,2390
GLOBAL,PWRBIOHNDXX,2033,2385
GLOBAL,PWRBIOHNDXX,2034,2380
GLOBAL,PWRBIOHNDXX,2035,2375
GLOBAL,PWRBIOHNDXX,2036,2370
GLOBAL,PWRBIOHNDXX,2037,2365
GLOBAL,PWRBIOHNDXX,2038,2360
GLOBAL,PWRBIOHNDXX,2039,2355
GLOBAL,PWRBIOHNDXX,2040,2350
GLOBAL,PWRBIOHNDXX,2041,2350
GLOBAL,PWRBIOHNDXX,2042,2350
GLOBAL,PWRBIOHNDXX,2043,2350
GLOBAL,PWRBIOHNDXX,2044,2350
GLOBAL,PWRBIOHNDXX,2045,2350
GLOBAL,PWRBIOHNDXX,2046,2350
GLOBAL,PWRBIOHNDXX,2047,2350
GLOBAL,PWRBIOHNDXX,2048,2350
GLOBAL,PWRBIOHNDXX,2049,2350
GLOBAL,PWRBIOHNDXX,2050,2350
GLOBAL,PWRBIOHTIXX,2023,2400
GLOBAL,PWRBIOHTIXX,2024,2400
GLOBAL,PWRBIOHTIXX,2025,2400
GLOBAL,PWRBIOHTIXX,2026,2400
GLOBAL,PWRBIOHTIXX,2027,2400
GLOBAL,PWRBIOHTIXX,2028,2400
GLOBAL,PWRBIOHTIXX,2029,2400
GLOBAL,PWRBIOHTIXX,2030,2400
GLOBAL,PWRBIOHTIXX,2031,2395
GLOBAL,PWRBIOHTIXX,2032,2390
GLOBAL,PWRBIOHTIXX,2033,2385
GLOBAL,PWRBIOHTIXX,2034,2380
GLOBAL,PWRBIOHTIXX,2035,2375
GLOBAL,PWRBIOHTIXX,2036,2370
GLOBAL,PWRBIOHTIXX,2037,2365
GLOBAL,PWRBIOHTIXX,2038,2360
GLOBAL,PWRBIOHTIXX,2039,2355
GLOBAL,PWRBIOHTIXX,2040,2350
GLOBAL,PWRBIOHTIXX,2041,2350
GLOBAL,PWRBIOHTIXX,2042,2350
GLOBAL,PWRBIOHTIXX,2043,2350
GLOBAL,PWRBIOHTIXX,2044,2350
GLOBAL,PWRBIOHTIXX,2045,2350
GLOBAL,PWRBIOHTIXX,2046,2350
GLOBAL,PWRBIOHTIXX,2047,2350
GLOBAL,PWRBIOHTIXX,2048,2350
GLOBAL,PWRBIOHTIXX,2049,2350
GLOBAL,PWRBIOHTIXX,2050,2350
GLOBAL,PWRBIOMEXXX,2023,2400
GLOBAL,PWRBIOMEXXX,2024,2400
GLOBAL,PWRBIOMEXXX,2025,2400
GLOBAL,PWRBIOMEXXX,2026,2400
GLOBAL,PWRBIOMEXXX,2027,2400
GLOBAL,PWRBIOMEXXX,2028,2400
GLOBAL,PWRBIOMEXXX,2029,2400
GLOBAL,PWRBIOMEXXX,2030,2400
GLOBAL,PWRBIOMEXXX,2031,2395
GLOBAL,PWRBIOMEXXX,2032,2390
GLOBAL,PWRBIOMEXXX,2033,2385
GLOBAL,PWRBIOMEXXX,2034,2380
GLOBAL,PWRBIOMEXXX,2035,2375
GLOBAL,PWRBIOMEXXX,2036,2370
GLOBAL,PWRBIOMEXXX,2037,2365
GLOBAL,PWRBIOMEXXX,2038,2360
GLOBAL,PWRBIOMEXXX,2039,2355
GLOBAL,PWRBIOMEXXX,2040,2350
GLOBAL,PWRBIOMEXXX,2041,2350
GLOBAL,PWRBIOMEXXX,2042,2350
GLOBAL,PWRBIOMEXXX,2043,2350
GLOBAL,PWRBIOMEXXX,2044,2350
GLOBAL,PWRBIOMEXXX,2045,2350
GLOBAL,PWRBIOMEXXX,2046,2350
GLOBAL,PWRBIOMEXXX,2047,2350
GLOBAL,PWRBIOMEXXX,2048,2350
GLOBAL,PWRBIOMEXXX,2049,2350
GLOBAL,PWRBIOMEXXX,2050,2350
GLOBAL,PWRBIONICXX,2023,2150
GLOBAL,PWRBIONICXX,2024,2150
GLOBAL,PWRBIONICXX,2025,2150
GLOBAL,PWRBIONICXX,2026,2150
GLOBAL,PWRBIONICXX,2027,2150
GLOBAL,PWRBIONICXX,2028,2150
GLOBAL,PWRBIONICXX,2029,2150
GLOBAL,PWRBIONICXX,2030,2150
GLOBAL,PWRBIONICXX,2031,2150
GLOBAL,PWRBIONICXX,2032,2150
GLOBAL,PWRBIONICXX,2033,2150
GLOBAL,PWRBIONICXX,2034,2150
GLOBAL,PWRBIONICXX,2035,2150
GLOBAL,PWRBIONICXX,2036,2150
GLOBAL,PWRBIONICXX,2037,2150
GLOBAL,PWRBIONICXX,2038,2150
GLOBAL,PWRBIONICXX,2039,2150
GLOBAL,PWRBIONICXX,2040,2150
GLOBAL,PWRBIONICXX,2041,2150
GLOBAL,PWRBIONICXX,2042,2150
GLOBAL,PWRBIONICXX,2043,2150
GLOBAL,PWRBIONICXX,2044,2150
GLOBAL,PWRBIONICXX,2045,2150
GLOBAL,PWRBIONICXX,2046,2150
GLOBAL,PWRBIONICXX,2047,2150
GLOBAL,PWRBIONICXX,2048,2150
GLOBAL,PWRBIONICXX,2049,2150
GLOBAL,PWRBIONICXX,2050,2150
GLOBAL,PWRBIOPANXX,2023,2400
GLOBAL,PWRBIOPANXX,2024,2400
GLOBAL,PWRBIOPANXX,2025,2400
GLOBAL,PWRBIOPANXX,2026,2400
GLOBAL,PWRBIOPANXX,2027,2400
GLOBAL,PWRBIOPANXX,2028,2400
GLOBAL,PWRBIOPANXX,2029,2400
GLOBAL,PWRBIOPANXX,2030,2400
GLOBAL,PWRBIOPANXX,2031,2395
GLOBAL,PWRBIOPANXX,2032,2390
GLOBAL,PWRBIOPANXX,2033,2385
GLOBAL,PWRBIOPANXX,2034,2380
GLOBAL,PWRBIOPANXX,2035,2375
GLOBAL,PWRBIOPANXX,2036,2370
GLOBAL,PWRBIOPANXX,2037,2365
GLOBAL,PWRBIOPANXX,2038,2360
GLOBAL,PWRBIOPANXX,2039,2355
GLOBAL,PWRBIOPANXX,2040,2350
GLOBAL,PWRBIOPANXX,2041,2350
GLOBAL,PWRBIOPANXX,2042,2350
GLOBAL,PWRBIOPANXX,2043,2350
GLOBAL,PWRBIOPANXX,2044,2350
GLOBAL,PWRBIOPANXX,2045,2350
GLOBAL,PWRBIOPANXX,2046,2350
GLOBAL,PWRBIOPANXX,2047,2350
GLOBAL,PWRBIOPANXX,2048,2350
GLOBAL,PWRBIOPANXX,2049,2350
GLOBAL,PWRBIOPANXX,2050,2350
GLOBAL,PWRBIOPERXX,2023,2150
GLOBAL,PWRBIOPERXX,2024,2150
GLOBAL,PWRBIOPERXX,2025,2150
GLOBAL,PWRBIOPERXX,2026,2150
GLOBAL,PWRBIOPERXX,2027,2150
GLOBAL,PWRBIOPERXX,2028,2150
GLOBAL,PWRBIOPERXX,2029,2150
GLOBAL,PWRBIOPERXX,2030,2150
GLOBAL,PWRBIOPERXX,2031,2150
GLOBAL,PWRBIOPERXX,2032,2150
GLOBAL,PWRBIOPERXX,2033,2150
GLOBAL,PWRBIOPERXX,2034,2150
GLOBAL,PWRBIOPERXX,2035,2150
GLOBAL,PWRBIOPERXX,2036,2150
GLOBAL,PWRBIOPERXX,2037,2150
GLOBAL,PWRBIOPERXX,2038,2150
GLOBAL,PWRBIOPERXX,2039,2150
GLOBAL,PWRBIOPERXX,2040,2150
GLOBAL,PWRBIOPERXX,2041,2150
GLOBAL,PWRBIOPERXX,2042,2150
GLOBAL,PWRBIOPERXX,2043,2150
GLOBAL,PWRBIOPERXX,2044,2150
GLOBAL,PWRBIOPERXX,2045,2150
GLOBAL,PWRBIOPERXX,2046,2150
GLOBAL,PWRBIOPERXX,2047,2150
GLOBAL,PWRBIOPERXX,2048,2150
GLOBAL,PWRBIOPERXX,2049,2150
GLOBAL,PWRBIOPERXX,2050,2150
GLOBAL,PWRBIOPRYXX,2023,2150
GLOBAL,PWRBIOPRYXX,2024,2150
GLOBAL,PWRBIOPRYXX,2025,2150
GLOBAL,PWRBIOPRYXX,2026,2150
GLOBAL,PWRBIOPRYXX,2027,2150
GLOBAL,PWRBIOPRYXX,2028,2150
GLOBAL,PWRBIOPRYXX,2029,2150
GLOBAL,PWRBIOPRYXX,2030,2150
GLOBAL,PWRBIOPRYXX,2031,2150
GLOBAL,PWRBIOPRYXX,2032,2150
GLOBAL,PWRBIOPRYXX,2033,2150
GLOBAL,PWRBIOPRYXX,2034,2150
GLOBAL,PWRBIOPRYXX,2035,2150
GLOBAL,PWRBIOPRYXX,2036,2150
GLOBAL,PWRBIOPRYXX,2037,2150
GLOBAL,PWRBIOPRYXX,2038,2150
GLOBAL,PWRBIOPRYXX,2039,2150
GLOBAL,PWRBIOPRYXX,2040,2150
GLOBAL,PWRBIOPRYXX,2041,2150
GLOBAL,PWRBIOPRYXX,2042,2150
GLOBAL,PWRBIOPRYXX,2043,2150
GLOBAL,PWRBIOPRYXX,2044,2150
GLOBAL,PWRBIOPRYXX,2045,2150
GLOBAL,PWRBIOPRYXX,2046,2150
GLOBAL,PWRBIOPRYXX,2047,2150
GLOBAL,PWRBIOPRYXX,2048,2150
GLOBAL,PWRBIOPRYXX,2049,2150
GLOBAL,PWRBIOPRYXX,2050,2150
GLOBAL,PWRBIOSLVXX,2023,2400
GLOBAL,PWRBIOSLVXX,2024,2400
GLOBAL,PWRBIOSLVXX,2025,2400
GLOBAL,PWRBIOSLVXX,2026,2400
GLOBAL,PWRBIOSLVXX,2027,2400
GLOBAL,PWRBIOSLVXX,2028,2400
GLOBAL,PWRBIOSLVXX,2029,2400
GLOBAL,PWRBIOSLVXX,2030,2400
GLOBAL,PWRBIOSLVXX,2031,2395
GLOBAL,PWRBIOSLVXX,2032,2390
GLOBAL,PWRBIOSLVXX,2033,2385
GLOBAL,PWRBIOSLVXX,2034,2380
GLOBAL,PWRBIOSLVXX,2035,2375
GLOBAL,PWRBIOSLVXX,2036,2370
GLOBAL,PWRBIOSLVXX,2037,2365
GLOBAL,PWRBIOSLVXX,2038,2360
GLOBAL,PWRBIOSLVXX,2039,2355
GLOBAL,PWRBIOSLVXX,2040,2350
GLOBAL,PWRBIOSLVXX,2041,2350
GLOBAL,PWRBIOSLVXX,2042,2350
GLOBAL,PWRBIOSLVXX,2043,2350
GLOBAL,PWRBIOSLVXX,2044,2350
GLOBAL,PWRBIOSLVXX,2045,2350
GLOBAL,PWRBIOSLVXX,2046,2350
GLOBAL,PWRBIOSLVXX,2047,2350
GLOBAL,PWRBIOSLVXX,2048,2350
GLOBAL,PWRBIOSLVXX,2049,2350
GLOBAL,PWRBIOSLVXX,2050,2350
GLOBAL,PWRBIOURYXX,2023,2150
GLOBAL,PWRBIOURYXX,2024,2150
GLOBAL,PWRBIOURYXX,2025,2150
GLOBAL,PWRBIOURYXX,2026,2150
GLOBAL,PWRBIOURYXX,2027,2150
GLOBAL,PWRBIOURYXX,2028,2150
GLOBAL,PWRBIOURYXX,2029,2150
GLOBAL,PWRBIOURYXX,2030,2150
GLOBAL,PWRBIOURYXX,2031,2150
GLOBAL,PWRBIOURYXX,2032,2150
GLOBAL,PWRBIOURYXX,2033,2150
GLOBAL,PWRBIOURYXX,2034,2150
GLOBAL,PWRBIOURYXX,2035,2150
GLOBAL,PWRBIOURYXX,2036,2150
GLOBAL,PWRBIOURYXX,2037,2150
GLOBAL,PWRBIOURYXX,2038,2150
GLOBAL,PWRBIOURYXX,2039,2150
GLOBAL,PWRBIOURYXX,2040,2150
GLOBAL,PWRBIOURYXX,2041,2150
GLOBAL,PWRBIOURYXX,2042,2150
GLOBAL,PWRBIOURYXX,2043,2150
GLOBAL,PWRBIOURYXX,2044,2150
GLOBAL,PWRBIOURYXX,2045,2150
GLOBAL,PWRBIOURYXX,2046,2150
GLOBAL,PWRBIOURYXX,2047,2150
GLOBAL,PWRBIOURYXX,2048,2150
GLOBAL,PWRBIOURYXX,2049,2150
GLOBAL,PWRBIOURYXX,2050,2150
GLOBAL,PWRCCSARGXX,2023,5449.5
GLOBAL,PWRCCSARGXX,2024,5449.5
GLOBAL,PWRCCSARGXX,2025,5449.5
GLOBAL,PWRCCSARGXX,2026,5449.5
GLOBAL,PWRCCSARGXX,2027,5449.5
GLOBAL,PWRCCSARGXX,2028,5449.5
GLOBAL,PWRCCSARGXX,2029,5449.5
GLOBAL,PWRCCSARGXX,2030,5449.5
GLOBAL,PWRCCSARGXX,2031,5381.2
GLOBAL,PWRCCSARGXX,2032,5312.9
GLOBAL,PWRCCSARGXX,2033,5244.6
GLOBAL,PWRCCSARGXX,2034,5176.3
GLOBAL,PWRCCSARGXX,2035,5108
GLOBAL,PWRCCSARGXX,2036,5039.7
GLOBAL,PWRCCSARGXX,2037,4971.4
GLOBAL,PWRCCSARGXX,2038,4903.1
GLOBAL,PWRCCSARGXX,2039,4834.8
GLOBAL,PWRCCSARGXX,2040,4766.5
GLOBAL,PWRCCSARGXX,2041,4766.5
GLOBAL,PWRCCSARGXX,2042,4766.5
GLOBAL,PWRCCSARGXX,2043,4766.5
GLOBAL,PWRCCSARGXX,2044,4766.5
GLOBAL,PWRCCSARGXX,2045,4766.5
GLOBAL,PWRCCSARGXX,2046,4766.5
GLOBAL,PWRCCSARGXX,2047,4766.5
GLOBAL,PWRCCSARGXX,2048,4766.5
GLOBAL,PWRCCSARGXX,2049,4766.5
GLOBAL,PWRCCSARGXX,2050,4766.5
GLOBAL,PWRCCSBOLXX,2023,5449.5
GLOBAL,PWRCCSBOLXX,2024,5449.5
GLOBAL,PWRCCSBOLXX,2025,5449.5
GLOBAL,PWRCCSBOLXX,2026,5449.5
GLOBAL,PWRCCSBOLXX,2027,5449.5
GLOBAL,PWRCCSBOLXX,2028,5449.5
GLOBAL,PWRCCSBOLXX,2029,5449.5
GLOBAL,PWRCCSBOLXX,2030,5449.5
GLOBAL,PWRCCSBOLXX,2031,5381.2
GLOBAL,PWRCCSBOLXX,2032,5312.9
GLOBAL,PWRCCSBOLXX,2033,5244.6
GLOBAL,PWRCCSBOLXX,2034,5176.3
GLOBAL,PWRCCSBOLXX,2035,5108
GLOBAL,PWRCCSBOLXX,2036,5039.7
GLOBAL,PWRCCSBOLXX,2037,4971.4
GLOBAL,PWRCCSBOLXX,2038,4903.1
GLOBAL,PWRCCSBOLXX,2039,4834.8
GLOBAL,PWRCCSBOLXX,2040,4766.5
GLOBAL,PWRCCSBOLXX,2041,4766.5
GLOBAL,PWRCCSBOLXX,2042,4766.5
GLOBAL,PWRCCSBOLXX,2043,4766.5
GLOBAL,PWRCCSBOLXX,2044,4766.5
GLOBAL,PWRCCSBOLXX,2045,4766.5
GLOBAL,PWRCCSBOLXX,2046,4766.5
GLOBAL,PWRCCSBOLXX,2047,4766.5
GLOBAL,PWRCCSBOLXX,2048,4766.5
GLOBAL,PWRCCSBOLXX,2049,4766.5
GLOBAL,PWRCCSBOLXX,2050,4766.5
GLOBAL,PWRCCSBRAXX,2023,5449.5
GLOBAL,PWRCCSBRAXX,2024,5449.5
GLOBAL,PWRCCSBRAXX,2025,5449.5
GLOBAL,PWRCCSBRAXX,2026,5449.5
GLOBAL,PWRCCSBRAXX,2027,5449.5
GLOBAL,PWRCCSBRAXX,2028,5449.5
GLOBAL,PWRCCSBRAXX,2029,5449.5
GLOBAL,PWRCCSBRAXX,2030,5449.5
GLOBAL,PWRCCSBRAXX,2031,5381.2
GLOBAL,PWRCCSBRAXX,2032,5312.9
GLOBAL,PWRCCSBRAXX,2033,5244.6
GLOBAL,PWRCCSBRAXX,2034,5176.3
GLOBAL,PWRCCSBRAXX,2035,5108
GLOBAL,PWRCCSBRAXX,2036,5039.7
GLOBAL,PWRCCSBRAXX,2037,4971.4
GLOBAL,PWRCCSBRAXX,2038,4903.1
GLOBAL,PWRCCSBRAXX,2039,4834.8
GLOBAL,PWRCCSBRAXX,2040,4766.5
GLOBAL,PWRCCSBRAXX,2041,4766.5
GLOBAL,PWRCCSBRAXX,2042,4766.5
GLOBAL,PWRCCSBRAXX,2043,4766.5
GLOBAL,PWRCCSBRAXX,2044,4766.5
GLOBAL,PWRCCSBRAXX,2045,4766.5
GLOBAL,PWRCCSBRAXX,2046,4766.5
GLOBAL,PWRCCSBRAXX,2047,4766.5
GLOBAL,PWRCCSBRAXX,2048,4766.5
GLOBAL,PWRCCSBRAXX,2049,4766.5
GLOBAL,PWRCCSBRAXX,2050,4766.5
GLOBAL,PWRCCSBRBXX,2023,6246
GLOBAL,PWRCCSBRBXX,2024,6246
GLOBAL,PWRCCSBRBXX,2025,6246
GLOBAL,PWRCCSBRBXX,2026,6246
GLOBAL,PWRCCSBRBXX,2027,6246
GLOBAL,PWRCCSBRBXX,2028,6246
GLOBAL,PWRCCSBRBXX,2029,6246
GLOBAL,PWRCCSBRBXX,2030,6246
GLOBAL,PWRCCSBRBXX,2031,6169.5
GLOBAL,PWRCCSBRBXX,2032,6093
GLOBAL,PWRCCSBRBXX,2033,6016.5
GLOBAL,PWRCCSBRBXX,2034,5940
GLOBAL,PWRCCSBRBXX,2035,5863.5
GLOBAL,PWRCCSBRBXX,2036,5787
GLOBAL,PWRCCSBRBXX,2037,5710.5
GLOBAL,PWRCCSBRBXX,2038,5634
GLOBAL,PWRCCSBRBXX,2039,5557.5
GLOBAL,PWRCCSBRBXX,2040,5481
GLOBAL,PWRCCSBRBXX,2041,5481
GLOBAL,PWRCCSBRBXX,2042,5481
GLOBAL,PWRCCSBRBXX,2043,5481
GLOBAL,PWRCCSBRBXX,2044,5481
GLOBAL,PWRCCSBRBXX,2045,5481
GLOBAL,PWRCCSBRBXX,2046,5481
GLOBAL,PWRCCSBRBXX,2047,5481
GLOBAL,PWRCCSBRBXX,2048,5481
GLOBAL,PWRCCSBRBXX,2049,5481
GLOBAL,PWRCCSBRBXX,2050,5481
GLOBAL,PWRCCSCHLXX,2023,5449.5
GLOBAL,PWRCCSCHLXX,2024,5449.5
GLOBAL,PWRCCSCHLXX,2025,5449.5
GLOBAL,PWRCCSCHLXX,2026,5449.5
GLOBAL,PWRCCSCHLXX,2027,5449.5
GLOBAL,PWRCCSCHLXX,2028,5449.5
GLOBAL,PWRCCSCHLXX,2029,5449.5
GLOBAL,PWRCCSCHLXX,2030,5449.5
GLOBAL,PWRCCSCHLXX,2031,5381.2
GLOBAL,PWRCCSCHLXX,2032,5312.9
GLOBAL,PWRCCSCHLXX,2033,5244.6
GLOBAL,PWRCCSCHLXX,2034,5176.3
GLOBAL,PWRCCSCHLXX,2035,5108
GLOBAL,PWRCCSCHLXX,2036,5039.7
GLOBAL,PWRCCSCHLXX,2037,4971.4
GLOBAL,PWRCCSCHLXX,2038,4903.1
GLOBAL,PWRCCSCHLXX,2039,4834.8
GLOBAL,PWRCCSCHLXX,2040,4766.5
GLOBAL,PWRCCSCHLXX,2041,4766.5
GLOBAL,PWRCCSCHLXX,2042,4766.5
GLOBAL,PWRCCSCHLXX,2043,4766.5
GLOBAL,PWRCCSCHLXX,2044,4766.5
GLOBAL,PWRCCSCHLXX,2045,4766.5
GLOBAL,PWRCCSCHLXX,2046,4766.5
GLOBAL,PWRCCSCHLXX,2047,4766.5
GLOBAL,PWRCCSCHLXX,2048,4766.5
GLOBAL,PWRCCSCHLXX,2049,4766.5
GLOBAL,PWRCCSCHLXX,2050,4766.5
GLOBAL,PWRCCSCOLXX,2023,5449.5
GLOBAL,PWRCCSCOLXX,2024,5449.5
GLOBAL,PWRCCSCOLXX,2025,5449.5
GLOBAL,PWRCCSCOLXX,2026,5449.5
GLOBAL,PWRCCSCOLXX,2027,5449.5
GLOBAL,PWRCCSCOLXX,2028,5449.5
GLOBAL,PWRCCSCOLXX,2029,5449.5
GLOBAL,PWRCCSCOLXX,2030,5449.5
GLOBAL,PWRCCSCOLXX,2031,5381.2
GLOBAL,PWRCCSCOLXX,2032,5312.9
GLOBAL,PWRCCSCOLXX,2033,5244.6
GLOBAL,PWRCCSCOLXX,2034,5176.3
GLOBAL,PWRCCSCOLXX,2035,5108
GLOBAL,PWRCCSCOLXX,2036,5039.7
GLOBAL,PWRCCSCOLXX,2037,4971.4
GLOBAL,PWRCCSCOLXX,2038,4903.1
GLOBAL,PWRCCSCOLXX,2039,4834.8
GLOBAL,PWRCCSCOLXX,2040,4766.5
GLOBAL,PWRCCSCOLXX,2041,4766.5
GLOBAL,PWRCCSCOLXX,2042,4766.5
GLOBAL,PWRCCSCOLXX,2043,4766.5
GLOBAL,PWRCCSCOLXX,2044,4766.5
GLOBAL,PWRCCSCOLXX,2045,4766.5
GLOBAL,PWRCCSCOLXX,2046,4766.5
GLOBAL,PWRCCSCOLXX,2047,4766.5
GLOBAL,PWRCCSCOLXX,2048,4766.5
GLOBAL,PWRCCSCOLXX,2049,4766.5
GLOBAL,PWRCCSCOLXX,2050,4766.5
GLOBAL,PWRCCSCRIXX,2023,6246
GLOBAL,PWRCCSCRIXX,2024,6246
GLOBAL,PWRCCSCRIXX,2025,6246
GLOBAL,PWRCCSCRIXX,2026,6246
GLOBAL,PWRCCSCRIXX,2027,6246
GLOBAL,PWRCCSCRIXX,2028,6246
GLOBAL,PWRCCSCRIXX,2029,6246
GLOBAL,PWRCCSCRIXX,2030,6246
GLOBAL,PWRCCSCRIXX,2031,6169.5
GLOBAL,PWRCCSCRIXX,2032,6093
GLOBAL,PWRCCSCRIXX,2033,6016.5
GLOBAL,PWRCCSCRIXX,2034,5940
GLOBAL,PWRCCSCRIXX,2035,5863.5
GLOBAL,PWRCCSCRIXX,2036,5787
GLOBAL,PWRCCSCRIXX,2037,5710.5
GLOBAL,PWRCCSCRIXX,2038,5634
GLOBAL,PWRCCSCRIXX,2039,5557.5
GLOBAL,PWRCCSCRIXX,2040,5481
GLOBAL,PWRCCSCRIXX,2041,5481
GLOBAL,PWRCCSCRIXX,2042,5481
GLOBAL,PWRCCSCRIXX,2043,5481
GLOBAL,PWRCCSCRIXX,2044,5481
GLOBAL,PWRCCSCRIXX,2045,5481
GLOBAL,PWRCCSCRIXX,2046,5481
GLOBAL,PWRCCSCRIXX,2047,5481
GLOBAL,PWRCCSCRIXX,2048,5481
GLOBAL,PWRCCSCRIXX,2049,5481
GLOBAL,PWRCCSCRIXX,2050,5481
GLOBAL,PWRCCSDOMXX,2023,6246
GLOBAL,PWRCCSDOMXX,2024,6246
GLOBAL,PWRCCSDOMXX,2025,6246
GLOBAL,PWRCCSDOMXX,2026,6246
GLOBAL,PWRCCSDOMXX,2027,6246
GLOBAL,PWRCCSDOMXX,2028,6246
GLOBAL,PWRCCSDOMXX,2029,6246
GLOBAL,PWRCCSDOMXX,2030,6246
GLOBAL,PWRCCSDOMXX,2031,6169.5
GLOBAL,PWRCCSDOMXX,2032,6093
GLOBAL,PWRCCSDOMXX,2033,6016.5
GLOBAL,PWRCCSDOMXX,2034,5940
GLOBAL,PWRCCSDOMXX,2035,5863.5
GLOBAL,PWRCCSDOMXX,2036,5787
GLOBAL,PWRCCSDOMXX,2037,5710.5
GLOBAL,PWRCCSDOMXX,2038,5634
GLOBAL,PWRCCSDOMXX,2039,5557.5
GLOBAL,PWRCCSDOMXX,2040,5481
GLOBAL,PWRCCSDOMXX,2041,5481
GLOBAL,PWRCCSDOMXX,2042,5481
GLOBAL,PWRCCSDOMXX,2043,5481
GLOBAL,PWRCCSDOMXX,2044,5481
GLOBAL,PWRCCSDOMXX,2045,5481
GLOBAL,PWRCCSDOMXX,2046,5481
GLOBAL,PWRCCSDOMXX,2047,5481
GLOBAL,PWRCCSDOMXX,2048,5481
GLOBAL,PWRCCSDOMXX,2049,5481
GLOBAL,PWRCCSDOMXX,2050,5481
GLOBAL,PWRCCSECUXX,2023,5449.5
GLOBAL,PWRCCSECUXX,2024,5449.5
GLOBAL,PWRCCSECUXX,2025,5449.5
GLOBAL,PWRCCSECUXX,2026,5449.5
GLOBAL,PWRCCSECUXX,2027,5449.5
GLOBAL,PWRCCSECUXX,2028,5449.5
GLOBAL,PWRCCSECUXX,2029,5449.5
GLOBAL,PWRCCSECUXX,2030,5449.5
GLOBAL,PWRCCSECUXX,2031,5381.2
GLOBAL,PWRCCSECUXX,2032,5312.9
GLOBAL,PWRCCSECUXX,2033,5244.6
GLOBAL,PWRCCSECUXX,2034,5176.3
GLOBAL,PWRCCSECUXX,2035,5108
GLOBAL,PWRCCSECUXX,2036,5039.7
GLOBAL,PWRCCSECUXX,2037,4971.4
GLOBAL,PWRCCSECUXX,2038,4903.1
GLOBAL,PWRCCSECUXX,2039,4834.8
GLOBAL,PWRCCSECUXX,2040,4766.5
GLOBAL,PWRCCSECUXX,2041,4766.5
GLOBAL,PWRCCSECUXX,2042,4766.5
GLOBAL,PWRCCSECUXX,2043,4766.5
GLOBAL,PWRCCSECUXX,2044,4766.5
GLOBAL,PWRCCSECUXX,2045,4766.5
GLOBAL,PWRCCSECUXX,2046,4766.5
GLOBAL,PWRCCSECUXX,2047,4766.5
GLOBAL,PWRCCSECUXX,2048,4766.5
GLOBAL,PWRCCSECUXX,2049,4766.5
GLOBAL,PWRCCSECUXX,2050,4766.5
GLOBAL,PWRCCSGTMXX,2023,6246
GLOBAL,PWRCCSGTMXX,2024,6246
GLOBAL,PWRCCSGTMXX,2025,6246
GLOBAL,PWRCCSGTMXX,2026,6246
GLOBAL,PWRCCSGTMXX,2027,6246
GLOBAL,PWRCCSGTMXX,2028,6246
GLOBAL,PWRCCSGTMXX,2029,6246
GLOBAL,PWRCCSGTMXX,2030,6246
GLOBAL,PWRCCSGTMXX,2031,6169.5
GLOBAL,PWRCCSGTMXX,2032,6093
GLOBAL,PWRCCSGTMXX,2033,6016.5
GLOBAL,PWRCCSGTMXX,2034,5940
GLOBAL,PWRCCSGTMXX,2035,5863.5
GLOBAL,PWRCCSGTMXX,2036,5787
GLOBAL,PWRCCSGTMXX,2037,5710.5
GLOBAL,PWRCCSGTMXX,2038,5634
GLOBAL,PWRCCSGTMXX,2039,5557.5
GLOBAL,PWRCCSGTMXX,2040,5481
GLOBAL,PWRCCSGTMXX,2041,5481
GLOBAL,PWRCCSGTMXX,2042,5481
GLOBAL,PWRCCSGTMXX,2043,5481
GLOBAL,PWRCCSGTMXX,2044,5481
GLOBAL,PWRCCSGTMXX,2045,5481
GLOBAL,PWRCCSGTMXX,2046,5481
GLOBAL,PWRCCSGTMXX,2047,5481
GLOBAL,PWRCCSGTMXX,2048,5481
GLOBAL,PWRCCSGTMXX,2049,5481
GLOBAL,PWRCCSGTMXX,2050,5481
GLOBAL,PWRCCSHNDXX,2023,6246
GLOBAL,PWRCCSHNDXX,2024,6246
GLOBAL,PWRCCSHNDXX,2025,6246
GLOBAL,PWRCCSHNDXX,2026,6246
GLOBAL,PWRCCSHNDXX,2027,6246
GLOBAL,PWRCCSHNDXX,2028,6246
GLOBAL,PWRCCSHNDXX,2029,6246
GLOBAL,PWRCCSHNDXX,2030,6246
GLOBAL,PWRCCSHNDXX,2031,6169.5
GLOBAL,PWRCCSHNDXX,2032,6093
GLOBAL,PWRCCSHNDXX,2033,6016.5
GLOBAL,PWRCCSHNDXX,2034,5940
GLOBAL,PWRCCSHNDXX,2035,5863.5
GLOBAL,PWRCCSHNDXX,2036,5787
GLOBAL,PWRCCSHNDXX,2037,5710.5
GLOBAL,PWRCCSHNDXX,2038,5634
GLOBAL,PWRCCSHNDXX,2039,5557.5
GLOBAL,PWRCCSHNDXX,2040,5481
GLOBAL,PWRCCSHNDXX,2041,5481
GLOBAL,PWRCCSHNDXX,2042,5481
GLOBAL,PWRCCSHNDXX,2043,5481
GLOBAL,PWRCCSHNDXX,2044,5481
GLOBAL,PWRCCSHNDXX,2045,5481
GLOBAL,PWRCCSHNDXX,2046,5481
GLOBAL,PWRCCSHNDXX,2047,5481
GLOBAL,PWRCCSHNDXX,2048,5481
GLOBAL,PWRCCSHNDXX,2049,5481
GLOBAL,PWRCCSHNDXX,2050,5481
GLOBAL,PWRCCSHTIXX,2023,6246
GLOBAL,PWRCCSHTIXX,2024,6246
GLOBAL,PWRCCSHTIXX,2025,6246
GLOBAL,PWRCCSHTIXX,2026,6246
GLOBAL,PWRCCSHTIXX,2027,6246
GLOBAL,PWRCCSHTIXX,2028,6246
GLOBAL,PWRCCSHTIXX,2029,6246
GLOBAL,PWRCCSHTIXX,2030,6246
GLOBAL,PWRCCSHTIXX,2031,6169.5
GLOBAL,PWRCCSHTIXX,2032,6093
GLOBAL,PWRCCSHTIXX,2033,6016.5
GLOBAL,PWRCCSHTIXX,2034,5940
GLOBAL,PWRCCSHTIXX,2035,5863.5
GLOBAL,PWRCCSHTIXX,2036,5787
GLOBAL,PWRCCSHTIXX,2037,5710.5
GLOBAL,PWRCCSHTIXX,2038,5634
GLOBAL,PWRCCSHTIXX,2039,5557.5
GLOBAL,PWRCCSHTIXX,2040,5481
GLOBAL,PWRCCSHTIXX,2041,5481
GLOBAL,PWRCCSHTIXX,2042,5481
GLOBAL,PWRCCSHTIXX,2043,5481
GLOBAL,PWRCCSHTIXX,2044,5481
GLOBAL,PWRCCSHTIXX,2045,5481
GLOBAL,PWRCCSHTIXX,2046,5481
GLOBAL,PWRCCSHTIXX,2047,5481
GLOBAL,PWRCCSHTIXX,2048,5481
GLOBAL,PWRCCSHTIXX,2049,5481
GLOBAL,PWRCCSHTIXX,2050,5481
GLOBAL,PWRCCSMEXXX,2023,6246
GLOBAL,PWRCCSMEXXX,2024,6246
GLOBAL,PWRCCSMEXXX,2025,6246
GLOBAL,PWRCCSMEXXX,2026,6246
GLOBAL,PWRCCSMEXXX,2027,6246
GLOBAL,PWRCCSMEXXX,2028,6246
GLOBAL,PWRCCSMEXXX,2029,6246
GLOBAL,PWRCCSMEXXX,2030,6246
GLOBAL,PWRCCSMEXXX,2031,6169.5
GLOBAL,PWRCCSMEXXX,2032,6093
GLOBAL,PWRCCSMEXXX,2033,6016.5
GLOBAL,PWRCCSMEXXX,2034,5940
GLOBAL,PWRCCSMEXXX,2035,5863.5
GLOBAL,PWRCCSMEXXX,2036,5787
GLOBAL,PWRCCSMEXXX,2037,5710.5
GLOBAL,PWRCCSMEXXX,2038,5634
GLOBAL,PWRCCSMEXXX,2039,5557.5
GLOBAL,PWRCCSMEXXX,2040,5481
GLOBAL,PWRCCSMEXXX,2041,5481
GLOBAL,PWRCCSMEXXX,2042,5481
GLOBAL,PWRCCSMEXXX,2043,5481
GLOBAL,PWRCCSMEXXX,2044,5481
GLOBAL,PWRCCSMEXXX,2045,5481
GLOBAL,PWRCCSMEXXX,2046,5481
GLOBAL,PWRCCSMEXXX,2047,5481
GLOBAL,PWRCCSMEXXX,2048,5481
GLOBAL,PWRCCSMEXXX,2049,5481
GLOBAL,PWRCCSMEXXX,2050,5481
GLOBAL,PWRCCSNICXX,2023,5449.5
GLOBAL,PWRCCSNICXX,2024,5449.5
GLOBAL,PWRCCSNICXX,2025,5449.5
GLOBAL,PWRCCSNICXX,2026,5449.5
GLOBAL,PWRCCSNICXX,2027,5449.5
GLOBAL,PWRCCSNICXX,2028,5449.5
GLOBAL,PWRCCSNICXX,2029,5449.5
GLOBAL,PWRCCSNICXX,2030,5449.5
GLOBAL,PWRCCSNICXX,2031,5381.2
GLOBAL,PWRCCSNICXX,2032,5312.9
GLOBAL,PWRCCSNICXX,2033,5244.6
GLOBAL,PWRCCSNICXX,2034,5176.3
GLOBAL,PWRCCSNICXX,2035,5108
GLOBAL,PWRCCSNICXX,2036,5039.7
GLOBAL,PWRCCSNICXX,2037,4971.4
GLOBAL,PWRCCSNICXX,2038,4903.1
GLOBAL,PWRCCSNICXX,2039,4834.8
GLOBAL,PWRCCSNICXX,2040,4766.5
GLOBAL,PWRCCSNICXX,2041,4766.5
GLOBAL,PWRCCSNICXX,2042,4766.5
GLOBAL,PWRCCSNICXX,2043,4766.5
GLOBAL,PWRCCSNICXX,2044,4766.5
GLOBAL,PWRCCSNICXX,2045,4766.5
GLOBAL,PWRCCSNICXX,2046,4766.5
GLOBAL,PWRCCSNICXX,2047,4766.5
GLOBAL,PWRCCSNICXX,2048,4766.5
GLOBAL,PWRCCSNICXX,2049,4766.5
GLOBAL,PWRCCSNICXX,2050,4766.5
GLOBAL,PWRCCSPANXX,2023,6246
GLOBAL,PWRCCSPANXX,2024,6246
GLOBAL,PWRCCSPANXX,2025,6246
GLOBAL,PWRCCSPANXX,2026,6246
GLOBAL,PWRCCSPANXX,2027,6246
GLOBAL,PWRCCSPANXX,2028,6246
GLOBAL,PWRCCSPANXX,2029,6246
GLOBAL,PWRCCSPANXX,2030,6246
GLOBAL,PWRCCSPANXX,2031,6169.5
GLOBAL,PWRCCSPANXX,2032,6093
GLOBAL,PWRCCSPANXX,2033,6016.5
GLOBAL,PWRCCSPANXX,2034,5940
GLOBAL,PWRCCSPANXX,2035,5863.5
GLOBAL,PWRCCSPANXX,2036,5787
GLOBAL,PWRCCSPANXX,2037,5710.5
GLOBAL,PWRCCSPANXX,2038,5634
GLOBAL,PWRCCSPANXX,2039,5557.5
GLOBAL,PWRCCSPANXX,2040,5481
GLOBAL,PWRCCSPANXX,2041,5481
GLOBAL,PWRCCSPANXX,2042,5481
GLOBAL,PWRCCSPANXX,2043,5481
GLOBAL,PWRCCSPANXX,2044,5481
GLOBAL,PWRCCSPANXX,2045,5481
GLOBAL,PWRCCSPANXX,2046,5481
GLOBAL,PWRCCSPANXX,2047,5481
GLOBAL,PWRCCSPANXX,2048,5481
GLOBAL,PWRCCSPANXX,2049,5481
GLOBAL,PWRCCSPANXX,2050,5481
GLOBAL,PWRCCSPERXX,2023,5449.5
GLOBAL,PWRCCSPERXX,2024,5449.5
GLOBAL,PWRCCSPERXX,2025,5449.5
GLOBAL,PWRCCSPERXX,2026,5449.5
GLOBAL,PWRCCSPERXX,2027,5449.5
GLOBAL,PWRCCSPERXX,2028,5449.5
GLOBAL,PWRCCSPERXX,2029,5449.5
GLOBAL,PWRCCSPERXX,2030,5449.5
GLOBAL,PWRCCSPERXX,2031,5381.2
GLOBAL,PWRCCSPERXX,2032,5312.9
GLOBAL,PWRCCSPERXX,2033,5244.6
GLOBAL,PWRCCSPERXX,2034,5176.3
GLOBAL,PWRCCSPERXX,2035,5108
GLOBAL,PWRCCSPERXX,2036,5039.7
GLOBAL,PWRCCSPERXX,2037,4971.4
GLOBAL,PWRCCSPERXX,2038,4903.1
GLOBAL,PWRCCSPERXX,2039,4834.8
GLOBAL,PWRCCSPERXX,2040,4766.5
GLOBAL,PWRCCSPERXX,2041,4766.5
GLOBAL,PWRCCSPERXX,2042,4766.5
GLOBAL,PWRCCSPERXX,2043,4766.5
GLOBAL,PWRCCSPERXX,2044,4766.5
GLOBAL,PWRCCSPERXX,2045,4766.5
GLOBAL,PWRCCSPERXX,2046,4766.5
GLOBAL,PWRCCSPERXX,2047,4766.5
GLOBAL,PWRCCSPERXX,2048,4766.5
GLOBAL,PWRCCSPERXX,2049,4766.5
GLOBAL,PWRCCSPERXX,2050,4766.5
GLOBAL,PWRCCSPRYXX,2023,5449.5
GLOBAL,PWRCCSPRYXX,2024,5449.5
GLOBAL,PWRCCSPRYXX,2025,5449.5
GLOBAL,PWRCCSPRYXX,2026,5449.5
GLOBAL,PWRCCSPRYXX,2027,5449.5
GLOBAL,PWRCCSPRYXX,2028,5449.5
GLOBAL,PWRCCSPRYXX,2029,5449.5
GLOBAL,PWRCCSPRYXX,2030,5449.5
GLOBAL,PWRCCSPRYXX,2031,5381.2
GLOBAL,PWRCCSPRYXX,2032,5312.9
GLOBAL,PWRCCSPRYXX,2033,5244.6
GLOBAL,PWRCCSPRYXX,2034,5176.3
GLOBAL,PWRCCSPRYXX,2035,5108
GLOBAL,PWRCCSPRYXX,2036,5039.7
GLOBAL,PWRCCSPRYXX,2037,4971.4
GLOBAL,PWRCCSPRYXX,2038,4903.1
GLOBAL,PWRCCSPRYXX,2039,4834.8
GLOBAL,PWRCCSPRYXX,2040,4766.5
GLOBAL,PWRCCSPRYXX,2041,4766.5
GLOBAL,PWRCCSPRYXX,2042,4766.5
GLOBAL,PWRCCSPRYXX,2043,4766.5
GLOBAL,PWRCCSPRYXX,2044,4766.5
GLOBAL,PWRCCSPRYXX,2045,4766.5
GLOBAL,PWRCCSPRYXX,2046,4766.5
GLOBAL,PWRCCSPRYXX,2047,4766.5
GLOBAL,PWRCCSPRYXX,2048,4766.5
GLOBAL,PWRCCSPRYXX,2049,4766.5
GLOBAL,PWRCCSPRYXX,2050,4766.5
GLOBAL,PWRCCSSLVXX,2023,6246
GLOBAL,PWRCCSSLVXX,2024,6246
GLOBAL,PWRCCSSLVXX,2025,6246
GLOBAL,PWRCCSSLVXX,2026,6246
GLOBAL,PWRCCSSLVXX,2027,6246
GLOBAL,PWRCCSSLVXX,2028,6246
GLOBAL,PWRCCSSLVXX,2029,6246
GLOBAL,PWRCCSSLVXX,2030,6246
GLOBAL,PWRCCSSLVXX,2031,6169.5
GLOBAL,PWRCCSSLVXX,2032,6093
GLOBAL,PWRCCSSLVXX,2033,6016.5
GLOBAL,PWRCCSSLVXX,2034,5940
GLOBAL,PWRCCSSLVXX,2035,5863.5
GLOBAL,PWRCCSSLVXX,2036,5787
GLOBAL,PWRCCSSLVXX,2037,5710.5
GLOBAL,PWRCCSSLVXX,2038,5634
GLOBAL,PWRCCSSLVXX,2039,5557.5
GLOBAL,PWRCCSSLVXX,2040,5481
GLOBAL,PWRCCSSLVXX,2041,5481
GLOBAL,PWRCCSSLVXX,2042,5481
GLOBAL,PWRCCSSLVXX,2043,5481
GLOBAL,PWRCCSSLVXX,2044,5481
GLOBAL,PWRCCSSLVXX,2045,5481
GLOBAL,PWRCCSSLVXX,2046,5481
GLOBAL,PWRCCSSLVXX,2047,5481
GLOBAL,PWRCCSSLVXX,2048,5481
GLOBAL,PWRCCSSLVXX,2049,5481
GLOBAL,PWRCCSSLVXX,2050,5481
GLOBAL,PWRCCSURYXX,2023,5449.5
GLOBAL,PWRCCSURYXX,2024,5449.5
GLOBAL,PWRCCSURYXX,2025,5449.5
GLOBAL,PWRCCSURYXX,2026,5449.5
GLOBAL,PWRCCSURYXX,2027,5449.5
GLOBAL,PWRCCSURYXX,2028,5449.5
GLOBAL,PWRCCSURYXX,2029,5449.5
GLOBAL,PWRCCSURYXX,2030,5449.5
GLOBAL,PWRCCSURYXX,2031,5381.2
GLOBAL,PWRCCSURYXX,2032,5312.9
GLOBAL,PWRCCSURYXX,2033,5244.6
GLOBAL,PWRCCSURYXX,2034,5176.3
GLOBAL,PWRCCSURYXX,2035,5108
GLOBAL,PWRCCSURYXX,2036,5039.7
GLOBAL,PWRCCSURYXX,2037,4971.4
GLOBAL,PWRCCSURYXX,2038,4903.1
GLOBAL,PWRCCSURYXX,2039,4834.8
GLOBAL,PWRCCSURYXX,2040,4766.5
GLOBAL,PWRCCSURYXX,2041,4766.5
GLOBAL,PWRCCSURYXX,2042,4766.5
GLOBAL,PWRCCSURYXX,2043,4766.5
GLOBAL,PWRCCSURYXX,2044,4766.5
GLOBAL,PWRCCSURYXX,2045,4766.5
GLOBAL,PWRCCSURYXX,2046,4766.5
GLOBAL,PWRCCSURYXX,2047,4766.5
GLOBAL,PWRCCSURYXX,2048,4766.5
GLOBAL,PWRCCSURYXX,2049,4766.5
GLOBAL,PWRCCSURYXX,2050,4766.5
GLOBAL,PWRCOAARGXX,2023,1566.67
GLOBAL,PWRCOAARGXX,2024,1566.67
GLOBAL,PWRCOAARGXX,2025,1566.67
GLOBAL,PWRCOAARGXX,2026,1566.67
GLOBAL,PWRCOAARGXX,2027,1566.67
GLOBAL,PWRCOAARGXX,2028,1566.67
GLOBAL,PWRCOAARGXX,2029,1566.67
GLOBAL,PWRCOAARGXX,2030,1566.67
GLOBAL,PWRCOAARGXX,2031,1566.67
GLOBAL,PWRCOAARGXX,2032,1566.67
GLOBAL,PWRCOAARGXX,2033,1566.67
GLOBAL,PWRCOAARGXX,2034,1566.67
GLOBAL,PWRCOAARGXX,2035,1566.67
GLOBAL,PWRCOAARGXX,2036,1566.67
GLOBAL,PWRCOAARGXX,2037,1566.67
GLOBAL,PWRCOAARGXX,2038,1566.67
GLOBAL,PWRCOAARGXX,2039,1566.67
GLOBAL,PWRCOAARGXX,2040,1566.67
GLOBAL,PWRCOAARGXX,2041,1566.67
GLOBAL,PWRCOAARGXX,2042,1566.67
GLOBAL,PWRCOAARGXX,2043,1566.67
GLOBAL,PWRCOAARGXX,2044,1566.67
GLOBAL,PWRCOAARGXX,2045,1566.67
GLOBAL,PWRCOAARGXX,2046,1566.67
GLOBAL,PWRCOAARGXX,2047,1566.67
GLOBAL,PWRCOAARGXX,2048,1566.67
GLOBAL,PWRCOAARGXX,2049,1566.67
GLOBAL,PWRCOAARGXX,2050,1566.67
GLOBAL,PWRCOABOLXX,2023,1566.67
GLOBAL,PWRCOABOLXX,2024,1566.67
GLOBAL,PWRCOABOLXX,2025,1566.67
GLOBAL,PWRCOABOLXX,2026,1566.67
GLOBAL,PWRCOABOLXX,2027,1566.67
GLOBAL,PWRCOABOLXX,2028,1566.67
GLOBAL,PWRCOABOLXX,2029,1566.67
GLOBAL,PWRCOABOLXX,2030,1566.67
GLOBAL,PWRCOABOLXX,2031,1566.67
GLOBAL,PWRCOABOLXX,2032,1566.67
GLOBAL,PWRCOABOLXX,2033,1566.67
GLOBAL,PWRCOABOLXX,2034,1566.67
GLOBAL,PWRCOABOLXX,2035,1566.67
GLOBAL,PWRCOABOLXX,2036,1566.67
GLOBAL,PWRCOABOLXX,2037,1566.67
GLOBAL,PWRCOABOLXX,2038,1566.67
GLOBAL,PWRCOABOLXX,2039,1566.67
GLOBAL,PWRCOABOLXX,2040,1566.67
GLOBAL,PWRCOABOLXX,2041,1566.67
GLOBAL,PWRCOABOLXX,2042,1566.67
GLOBAL,PWRCOABOLXX,2043,1566.67
GLOBAL,PWRCOABOLXX,2044,1566.67
GLOBAL,PWRCOABOLXX,2045,1566.67
GLOBAL,PWRCOABOLXX,2046,1566.67
GLOBAL,PWRCOABOLXX,2047,1566.67
GLOBAL,PWRCOABOLXX,2048,1566.67
GLOBAL,PWRCOABOLXX,2049,1566.67
GLOBAL,PWRCOABOLXX,2050,1566.67
GLOBAL,PWRCOABRAXX,2023,1566.67
GLOBAL,PWRCOABRAXX,2024,1566.67
GLOBAL,PWRCOABRAXX,2025,1566.67
GLOBAL,PWRCOABRAXX,2026,1566.67
GLOBAL,PWRCOABRAXX,2027,1566.67
GLOBAL,PWRCOABRAXX,2028,1566.67
GLOBAL,PWRCOABRAXX,2029,1566.67
GLOBAL,PWRCOABRAXX,2030,1566.67
GLOBAL,PWRCOABRAXX,2031,1566.67
GLOBAL,PWRCOABRAXX,2032,1566.67
GLOBAL,PWRCOABRAXX,2033,1566.67
GLOBAL,PWRCOABRAXX,2034,1566.67
GLOBAL,PWRCOABRAXX,2035,1566.67
GLOBAL,PWRCOABRAXX,2036,1566.67
GLOBAL,PWRCOABRAXX,2037,1566.67
GLOBAL,PWRCOABRAXX,2038,1566.67
GLOBAL,PWRCOABRAXX,2039,1566.67
GLOBAL,PWRCOABRAXX,2040,1566.67
GLOBAL,PWRCOABRAXX,2041,1566.67
GLOBAL,PWRCOABRAXX,2042,1566.67
GLOBAL,PWRCOABRAXX,2043,1566.67
GLOBAL,PWRCOABRAXX,2044,1566.67
GLOBAL,PWRCOABRAXX,2045,1566.67
GLOBAL,PWRCOABRAXX,2046,1566.67
GLOBAL,PWRCOABRAXX,2047,1566.67
GLOBAL,PWRCOABRAXX,2048,1566.67
GLOBAL,PWRCOABRAXX,2049,1566.67
GLOBAL,PWRCOABRAXX,2050,1566.67
GLOBAL,PWRCOABRBXX,2023,2066.67
GLOBAL,PWRCOABRBXX,2024,2066.67
GLOBAL,PWRCOABRBXX,2025,2066.67
GLOBAL,PWRCOABRBXX,2026,2066.67
GLOBAL,PWRCOABRBXX,2027,2066.67
GLOBAL,PWRCOABRBXX,2028,2066.67
GLOBAL,PWRCOABRBXX,2029,2066.67
GLOBAL,PWRCOABRBXX,2030,2066.67
GLOBAL,PWRCOABRBXX,2031,2066.67
GLOBAL,PWRCOABRBXX,2032,2066.67
GLOBAL,PWRCOABRBXX,2033,2066.67
GLOBAL,PWRCOABRBXX,2034,2066.67
GLOBAL,PWRCOABRBXX,2035,2066.67
GLOBAL,PWRCOABRBXX,2036,2066.67
GLOBAL,PWRCOABRBXX,2037,2066.67
GLOBAL,PWRCOABRBXX,2038,2066.67
GLOBAL,PWRCOABRBXX,2039,2066.67
GLOBAL,PWRCOABRBXX,2040,2066.67
GLOBAL,PWRCOABRBXX,2041,2066.67
GLOBAL,PWRCOABRBXX,2042,2066.67
GLOBAL,PWRCOABRBXX,2043,2066.67
GLOBAL,PWRCOABRBXX,2044,2066.67
GLOBAL,PWRCOABRBXX,2045,2066.67
GLOBAL,PWRCOABRBXX,2046,2066.67
GLOBAL,PWRCOABRBXX,2047,2066.67
GLOBAL,PWRCOABRBXX,2048,2066.67
GLOBAL,PWRCOABRBXX,2049,2066.67
GLOBAL,PWRCOABRBXX,2050,2066.67
GLOBAL,PWRCOACHLXX,2023,1566.67
GLOBAL,PWRCOACHLXX,2024,1566.67
GLOBAL,PWRCOACHLXX,2025,1566.67
GLOBAL,PWRCOACHLXX,2026,1566.67
GLOBAL,PWRCOACHLXX,2027,1566.67
GLOBAL,PWRCOACHLXX,2028,1566.67
GLOBAL,PWRCOACHLXX,2029,1566.67
GLOBAL,PWRCOACHLXX,2030,1566.67
GLOBAL,PWRCOACHLXX,2031,1566.67
GLOBAL,PWRCOACHLXX,2032,1566.67
GLOBAL,PWRCOACHLXX,2033,1566.67
GLOBAL,PWRCOACHLXX,2034,1566.67
GLOBAL,PWRCOACHLXX,2035,1566.67
GLOBAL,PWRCOACHLXX,2036,1566.67
GLOBAL,PWRCOACHLXX,2037,1566.67
GLOBAL,PWRCOACHLXX,2038,1566.67
GLOBAL,PWRCOACHLXX,2039,1566.67
GLOBAL,PWRCOACHLXX,2040,1566.67
GLOBAL,PWRCOACHLXX,2041,1566.67
GLOBAL,PWRCOACHLXX,2042,1566.67
GLOBAL,PWRCOACHLXX,2043,1566.67
GLOBAL,PWRCOACHLXX,2044,1566.67
GLOBAL,PWRCOACHLXX,2045,1566.67
GLOBAL,PWRCOACHLXX,2046,1566.67
GLOBAL,PWRCOACHLXX,2047,1566.67
GLOBAL,PWRCOACHLXX,2048,1566.67
GLOBAL,PWRCOACHLXX,2049,1566.67
GLOBAL,PWRCOACHLXX,2050,1566.67
GLOBAL,PWRCOACOLXX,2023,1566.67
GLOBAL,PWRCOACOLXX,2024,1566.67
GLOBAL,PWRCOACOLXX,2025,1566.67
GLOBAL,PWRCOACOLXX,2026,1566.67
GLOBAL,PWRCOACOLXX,2027,1566.67
GLOBAL,PWRCOACOLXX,2028,1566.67
GLOBAL,PWRCOACOLXX,2029,1566.67
GLOBAL,PWRCOACOLXX,2030,1566.67
GLOBAL,PWRCOACOLXX,2031,1566.67
GLOBAL,PWRCOACOLXX,2032,1566.67
GLOBAL,PWRCOACOLXX,2033,1566.67
GLOBAL,PWRCOACOLXX,2034,1566.67
GLOBAL,PWRCOACOLXX,2035,1566.67
GLOBAL,PWRCOACOLXX,2036,1566.67
GLOBAL,PWRCOACOLXX,2037,1566.67
GLOBAL,PWRCOACOLXX,2038,1566.67
GLOBAL,PWRCOACOLXX,2039,1566.67
GLOBAL,PWRCOACOLXX,2040,1566.67
GLOBAL,PWRCOACOLXX,2041,1566.67
GLOBAL,PWRCOACOLXX,2042,1566.67
GLOBAL,PWRCOACOLXX,2043,1566.67
GLOBAL,PWRCOACOLXX,2044,1566.67
GLOBAL,PWRCOACOLXX,2045,1566.67
GLOBAL,PWRCOACOLXX,2046,1566.67
GLOBAL,PWRCOACOLXX,2047,1566.67
GLOBAL,PWRCOACOLXX,2048,1566.67
GLOBAL,PWRCOACOLXX,2049,1566.67
GLOBAL,PWRCOACOLXX,2050,1566.67
GLOBAL,PWRCOACRIXX,2023,2066.67
GLOBAL,PWRCOACRIXX,2024,2066.67
GLOBAL,PWRCOACRIXX,2025,2066.67
GLOBAL,PWRCOACRIXX,2026,2066.67
GLOBAL,PWRCOACRIXX,2027,2066.67
GLOBAL,PWRCOACRIXX,2028,2066.67
GLOBAL,PWRCOACRIXX,2029,2066.67
GLOBAL,PWRCOACRIXX,2030,2066.67
GLOBAL,PWRCOACRIXX,2031,2066.67
GLOBAL,PWRCOACRIXX,2032,2066.67
GLOBAL,PWRCOACRIXX,2033,2066.67
GLOBAL,PWRCOACRIXX,2034,2066.67
GLOBAL,PWRCOACRIXX,2035,2066.67
GLOBAL,PWRCOACRIXX,2036,2066.67
GLOBAL,PWRCOACRIXX,2037,2066.67
GLOBAL,PWRCOACRIXX,2038,2066.67
GLOBAL,PWRCOACRIXX,2039,2066.67
GLOBAL,PWRCOACRIXX,2040,2066.67
GLOBAL,PWRCOACRIXX,2041,2066.67
GLOBAL,PWRCOACRIXX,2042,2066.67
GLOBAL,PWRCOACRIXX,2043,2066.67
GLOBAL,PWRCOACRIXX,2044,2066.67
GLOBAL,PWRCOACRIXX,2045,2066.67
GLOBAL,PWRCOACRIXX,2046,2066.67
GLOBAL,PWRCOACRIXX,2047,2066.67
GLOBAL,PWRCOACRIXX,2048,2066.67
GLOBAL,PWRCOACRIXX,2049,2066.67
GLOBAL,PWRCOACRIXX,2050,2066.67
GLOBAL,PWRCOADOMXX,2023,2066.67
GLOBAL,PWRCOADOMXX,2024,2066.67
GLOBAL,PWRCOADOMXX,2025,2066.67
GLOBAL,PWRCOADOMXX,2026,2066.67
GLOBAL,PWRCOADOMXX,2027,2066.67
GLOBAL,PWRCOADOMXX,2028,2066.67
GLOBAL,PWRCOADOMXX,2029,2066.67
GLOBAL,PWRCOADOMXX,2030,2066.67
GLOBAL,PWRCOADOMXX,2031,2066.67
GLOBAL,PWRCOADOMXX,2032,2066.67
GLOBAL,PWRCOADOMXX,2033,2066.67
GLOBAL,PWRCOADOMXX,2034,2066.67
GLOBAL,PWRCOADOMXX,2035,2066.67
GLOBAL,PWRCOADOMXX,2036,2066.67
GLOBAL,PWRCOADOMXX,2037,2066.67
GLOBAL,PWRCOADOMXX,2038,2066.67
GLOBAL,PWRCOADOMXX,2039,2066.67
GLOBAL,PWRCOADOMXX,2040,2066.67
GLOBAL,PWRCOADOMXX,2041,2066.67
GLOBAL,PWRCOADOMXX,2042,2066.67
GLOBAL,PWRCOADOMXX,2043,2066.67
GLOBAL,PWRCOADOMXX,2044,2066.67
GLOBAL,PWRCOADOMXX,2045,2066.67
GLOBAL,PWRCOADOMXX,2046,2066.67
GLOBAL,PWRCOADOMXX,2047,2066.67
GLOBAL,PWRCOADOMXX,2048,2066.67
GLOBAL,PWRCOADOMXX,2049,2066.67
GLOBAL,PWRCOADOMXX,2050,2066.67
GLOBAL,PWRCOAECUXX,2023,1566.67
GLOBAL,PWRCOAECUXX,2024,1566.67
GLOBAL,PWRCOAECUXX,2025,1566.67
GLOBAL,PWRCOAECUXX,2026,1566.67
GLOBAL,PWRCOAECUXX,2027,1566.67
GLOBAL,PWRCOAECUXX,2028,1566.67
GLOBAL,PWRCOAECUXX,2029,1566.67
GLOBAL,PWRCOAECUXX,2030,1566.67
GLOBAL,PWRCOAECUXX,2031,1566.67
GLOBAL,PWRCOAECUXX,2032,1566.67
GLOBAL,PWRCOAECUXX,2033,1566.67
GLOBAL,PWRCOAECUXX,2034,1566.67
GLOBAL,PWRCOAECUXX,2035,1566.67
GLOBAL,PWRCOAECUXX,2036,1566.67
GLOBAL,PWRCOAECUXX,2037,1566.67
GLOBAL,PWRCOAECUXX,2038,1566.67
GLOBAL,PWRCOAECUXX,2039,1566.67
GLOBAL,PWRCOAECUXX,2040,1566.67
GLOBAL,PWRCOAECUXX,2041,1566.67
GLOBAL,PWRCOAECUXX,2042,1566.67
GLOBAL,PWRCOAECUXX,2043,1566.67
GLOBAL,PWRCOAECUXX,2044,1566.67
GLOBAL,PWRCOAECUXX,2045,1566.67
GLOBAL,PWRCOAECUXX,2046,1566.67
GLOBAL,PWRCOAECUXX,2047,1566.67
GLOBAL,PWRCOAECUXX,2048,1566.67
GLOBAL,PWRCOAECUXX,2049,1566.67
GLOBAL,PWRCOAECUXX,2050,1566.67
GLOBAL,PWRCOAGTMXX,2023,2066.67
GLOBAL,PWRCOAGTMXX,2024,2066.67
GLOBAL,PWRCOAGTMXX,2025,2066.67
GLOBAL,PWRCOAGTMXX,2026,2066.67
GLOBAL,PWRCOAGTMXX,2027,2066.67
GLOBAL,PWRCOAGTMXX,2028,2066.67
GLOBAL,PWRCOAGTMXX,2029,2066.67
GLOBAL,PWRCOAGTMXX,2030,2066.67
GLOBAL,PWRCOAGTMXX,2031,2066.67
GLOBAL,PWRCOAGTMXX,2032,2066.67
GLOBAL,PWRCOAGTMXX,2033,2066.67
GLOBAL,PWRCOAGTMXX,2034,2066.67
GLOBAL,PWRCOAGTMXX,2035,2066.67
GLOBAL,PWRCOAGTMXX,2036,2066.67
GLOBAL,PWRCOAGTMXX,2037,2066.67
GLOBAL,PWRCOAGTMXX,2038,2066.67
GLOBAL,PWRCOAGTMXX,2039,2066.67
GLOBAL,PWRCOAGTMXX,2040,2066.67
GLOBAL,PWRCOAGTMXX,2041,2066.67
GLOBAL,PWRCOAGTMXX,2042,2066.67
GLOBAL,PWRCOAGTMXX,2043,2066.67
GLOBAL,PWRCOAGTMXX,2044,2066.67
GLOBAL,PWRCOAGTMXX,2045,2066.67
GLOBAL,PWRCOAGTMXX,2046,2066.67
GLOBAL,PWRCOAGTMXX,2047,2066.67
GLOBAL,PWRCOAGTMXX,2048,2066.67
GLOBAL,PWRCOAGTMXX,2049,2066.67
GLOBAL,PWRCOAGTMXX,2050,2066.67
GLOBAL,PWRCOAHNDXX,2023,2066.67
GLOBAL,PWRCOAHNDXX,2024,2066.67
GLOBAL,PWRCOAHNDXX,2025,2066.67
GLOBAL,PWRCOAHNDXX,2026,2066.67
GLOBAL,PWRCOAHNDXX,2027,2066.67
GLOBAL,PWRCOAHNDXX,2028,2066.67
GLOBAL,PWRCOAHNDXX,2029,2066.67
GLOBAL,PWRCOAHNDXX,2030,2066.67
GLOBAL,PWRCOAHNDXX,2031,2066.67
GLOBAL,PWRCOAHNDXX,2032,2066.67
GLOBAL,PWRCOAHNDXX,2033,2066.67
GLOBAL,PWRCOAHNDXX,2034,2066.67
GLOBAL,PWRCOAHNDXX,2035,2066.67
GLOBAL,PWRCOAHNDXX,2036,2066.67
GLOBAL,PWRCOAHNDXX,2037,2066.67
GLOBAL,PWRCOAHNDXX,2038,2066.67
GLOBAL,PWRCOAHNDXX,2039,2066.67
GLOBAL,PWRCOAHNDXX,2040,2066.67
GLOBAL,PWRCOAHNDXX,2041,2066.67
GLOBAL,PWRCOAHNDXX,2042,2066.67
GLOBAL,PWRCOAHNDXX,2043,2066.67
GLOBAL,PWRCOAHNDXX,2044,2066.67
GLOBAL,PWRCOAHNDXX,2045,2066.67
GLOBAL,PWRCOAHNDXX,2046,2066.67
GLOBAL,PWRCOAHNDXX,2047,2066.67
GLOBAL,PWRCOAHNDXX,2048,2066.67
GLOBAL,PWRCOAHNDXX,2049,2066.67
GLOBAL,PWRCOAHNDXX,2050,2066.67
GLOBAL,PWRCOAHTIXX,2023,2066.67
GLOBAL,PWRCOAHTIXX,2024,2066.67
GLOBAL,PWRCOAHTIXX,2025,2066.67
GLOBAL,PWRCOAHTIXX,2026,2066.67
GLOBAL,PWRCOAHTIXX,2027,2066.67
GLOBAL,PWRCOAHTIXX,2028,2066.67
GLOBAL,PWRCOAHTIXX,2029,2066.67
GLOBAL,PWRCOAHTIXX,2030,2066.67
GLOBAL,PWRCOAHTIXX,2031,2066.67
GLOBAL,PWRCOAHTIXX,2032,2066.67
GLOBAL,PWRCOAHTIXX,2033,2066.67
GLOBAL,PWRCOAHTIXX,2034,2066.67
GLOBAL,PWRCOAHTIXX,2035,2066.67
GLOBAL,PWRCOAHTIXX,2036,2066.67
GLOBAL,PWRCOAHTIXX,2037,2066.67
GLOBAL,PWRCOAHTIXX,2038,2066.67
GLOBAL,PWRCOAHTIXX,2039,2066.67
GLOBAL,PWRCOAHTIXX,2040,2066.67
GLOBAL,PWRCOAHTIXX,2041,2066.67
GLOBAL,PWRCOAHTIXX,2042,2066.67
GLOBAL,PWRCOAHTIXX,2043,2066.67
GLOBAL,PWRCOAHTIXX,2044,2066.67
GLOBAL,PWRCOAHTIXX,2045,2066.67
GLOBAL,PWRCOAHTIXX,2046,2066.67
GLOBAL,PWRCOAHTIXX,2047,2066.67
GLOBAL,PWRCOAHTIXX,2048,2066.67
GLOBAL,PWRCOAHTIXX,2049,2066.67
GLOBAL,PWRCOAHTIXX,2050,2066.67
GLOBAL,PWRCOAMEXXX,2023,2066.67
GLOBAL,PWRCOAMEXXX,2024,2066.67
GLOBAL,PWRCOAMEXXX,2025,2066.67
GLOBAL,PWRCOAMEXXX,2026,2066.67
GLOBAL,PWRCOAMEXXX,2027,2066.67
GLOBAL,PWRCOAMEXXX,2028,2066.67
GLOBAL,PWRCOAMEXXX,2029,2066.67
GLOBAL,PWRCOAMEXXX,2030,2066.67
GLOBAL,PWRCOAMEXXX,2031,2066.67
GLOBAL,PWRCOAMEXXX,2032,2066.67
GLOBAL,PWRCOAMEXXX,2033,2066.67
GLOBAL,PWRCOAMEXXX,2034,2066.67
GLOBAL,PWRCOAMEXXX,2035,2066.67
GLOBAL,PWRCOAMEXXX,2036,2066.67
GLOBAL,PWRCOAMEXXX,2037,2066.67
GLOBAL,PWRCOAMEXXX,2038,2066.67
GLOBAL,PWRCOAMEXXX,2039,2066.67
GLOBAL,PWRCOAMEXXX,2040,2066.67
GLOBAL,PWRCOAMEXXX,2041,2066.67
GLOBAL,PWRCOAMEXXX,2042,2066.67
GLOBAL,PWRCOAMEXXX,2043,2066.67
GLOBAL,PWRCOAMEXXX,2044,2066.67
GLOBAL,PWRCOAMEXXX,2045,2066.67
GLOBAL,PWRCOAMEXXX,2046,2066.67
GLOBAL,PWRCOAMEXXX,2047,2066.67
GLOBAL,PWRCOAMEXXX,2048,2066.67
GLOBAL,PWRCOAMEXXX,2049,2066.67
GLOBAL,PWRCOAMEXXX,2050,2066.67
GLOBAL,PWRCOANICXX,2023,1566.67
GLOBAL,PWRCOANICXX,2024,1566.67
GLOBAL,PWRCOANICXX,2025,1566.67
GLOBAL,PWRCOANICXX,2026,1566.67
GLOBAL,PWRCOANICXX,2027,1566.67
GLOBAL,PWRCOANICXX,2028,1566.67
GLOBAL,PWRCOANICXX,2029,1566.67
GLOBAL,PWRCOANICXX,2030,1566.67
GLOBAL,PWRCOANICXX,2031,1566.67
GLOBAL,PWRCOANICXX,2032,1566.67
GLOBAL,PWRCOANICXX,2033,1566.67
GLOBAL,PWRCOANICXX,2034,1566.67
GLOBAL,PWRCOANICXX,2035,1566.67
GLOBAL,PWRCOANICXX,2036,1566.67
GLOBAL,PWRCOANICXX,2037,1566.67
GLOBAL,PWRCOANICXX,2038,1566.67
GLOBAL,PWRCOANICXX,2039,1566.67
GLOBAL,PWRCOANICXX,2040,1566.67
GLOBAL,PWRCOANICXX,2041,1566.67
GLOBAL,PWRCOANICXX,2042,1566.67
GLOBAL,PWRCOANICXX,2043,1566.67
GLOBAL,PWRCOANICXX,2044,1566.67
GLOBAL,PWRCOANICXX,2045,1566.67
GLOBAL,PWRCOANICXX,2046,1566.67
GLOBAL,PWRCOANICXX,2047,1566.67
GLOBAL,PWRCOANICXX,2048,1566.67
GLOBAL,PWRCOANICXX,2049,1566.67
GLOBAL,PWRCOANICXX,2050,1566.67
GLOBAL,PWRCOAPANXX,2023,2066.67
GLOBAL,PWRCOAPANXX,2024,2066.67
GLOBAL,PWRCOAPANXX,2025,2066.67
GLOBAL,PWRCOAPANXX,2026,2066.67
GLOBAL,PWRCOAPANXX,2027,2066.67
GLOBAL,PWRCOAPANXX,2028,2066.67
GLOBAL,PWRCOAPANXX,2029,2066.67
GLOBAL,PWRCOAPANXX,2030,2066.67
GLOBAL,PWRCOAPANXX,2031,2066.67
GLOBAL,PWRCOAPANXX,2032,2066.67
GLOBAL,PWRCOAPANXX,2033,2066.67
GLOBAL,PWRCOAPANXX,2034,2066.67
GLOBAL,PWRCOAPANXX,2035,2066.67
GLOBAL,PWRCOAPANXX,2036,2066.67
GLOBAL,PWRCOAPANXX,2037,2066.67
GLOBAL,PWRCOAPANXX,2038,2066.67
GLOBAL,PWRCOAPANXX,2039,2066.67
GLOBAL,PWRCOAPANXX,2040,2066.67
GLOBAL,PWRCOAPANXX,2041,2066.67
GLOBAL,PWRCOAPANXX,2042,2066.67
GLOBAL,PWRCOAPANXX,2043,2066.67
GLOBAL,PWRCOAPANXX,2044,2066.67
GLOBAL,PWRCOAPANXX,2045,2066.67
GLOBAL,PWRCOAPANXX,2046,2066.67
GLOBAL,PWRCOAPANXX,2047,2066.67
GLOBAL,PWRCOAPANXX,2048,2066.67
GLOBAL,PWRCOAPANXX,2049,2066.67
GLOBAL,PWRCOAPANXX,2050,2066.67
GLOBAL,PWRCOAPERXX,2023,1566.67
GLOBAL,PWRCOAPERXX,2024,1566.67
GLOBAL,PWRCOAPERXX,2025,1566.67
GLOBAL,PWRCOAPERXX,2026,1566.67
GLOBAL,PWRCOAPERXX,2027,1566.67
GLOBAL,PWRCOAPERXX,2028,1566.67
GLOBAL,PWRCOAPERXX,2029,1566.67
GLOBAL,PWRCOAPERXX,2030,1566.67
GLOBAL,PWRCOAPERXX,2031,1566.67
GLOBAL,PWRCOAPERXX,2032,1566.67
GLOBAL,PWRCOAPERXX,2033,1566.67
GLOBAL,PWRCOAPERXX,2034,1566.67
GLOBAL,PWRCOAPERXX,2035,1566.67
GLOBAL,PWRCOAPERXX,2036,1566.67
GLOBAL,PWRCOAPERXX,2037,1566.67
GLOBAL,PWRCOAPERXX,2038,1566.67
GLOBAL,PWRCOAPERXX,2039,1566.67
GLOBAL,PWRCOAPERXX,2040,1566.67
GLOBAL,PWRCOAPERXX,2041,1566.67
GLOBAL,PWRCOAPERXX,2042,1566.67
GLOBAL,PWRCOAPERXX,2043,1566.67
GLOBAL,PWRCOAPERXX,2044,1566.67
GLOBAL,PWRCOAPERXX,2045,1566.67
GLOBAL,PWRCOAPERXX,2046,1566.67
GLOBAL,PWRCOAPERXX,2047,1566.67
GLOBAL,PWRCOAPERXX,2048,1566.67
GLOBAL,PWRCOAPERXX,2049,1566.67
GLOBAL,PWRCOAPERXX,2050,1566.67
GLOBAL,PWRCOAPRYXX,2023,1566.67
GLOBAL,PWRCOAPRYXX,2024,1566.67
GLOBAL,PWRCOAPRYXX,2025,1566.67
GLOBAL,PWRCOAPRYXX,2026,1566.67
GLOBAL,PWRCOAPRYXX,2027,1566.67
GLOBAL,PWRCOAPRYXX,2028,1566.67
GLOBAL,PWRCOAPRYXX,2029,1566.67
GLOBAL,PWRCOAPRYXX,2030,1566.67
GLOBAL,PWRCOAPRYXX,2031,1566.67
GLOBAL,PWRCOAPRYXX,2032,1566.67
GLOBAL,PWRCOAPRYXX,2033,1566.67
GLOBAL,PWRCOAPRYXX,2034,1566.67
GLOBAL,PWRCOAPRYXX,2035,1566.67
GLOBAL,PWRCOAPRYXX,2036,1566.67
GLOBAL,PWRCOAPRYXX,2037,1566.67
GLOBAL,PWRCOAPRYXX,2038,1566.67
GLOBAL,PWRCOAPRYXX,2039,1566.67
GLOBAL,PWRCOAPRYXX,2040,1566.67
GLOBAL,PWRCOAPRYXX,2041,1566.67
GLOBAL,PWRCOAPRYXX,2042,1566.67
GLOBAL,PWRCOAPRYXX,2043,1566.67
GLOBAL,PWRCOAPRYXX,2044,1566.67
GLOBAL,PWRCOAPRYXX,2045,1566.67
GLOBAL,PWRCOAPRYXX,2046,1566.67
GLOBAL,PWRCOAPRYXX,2047,1566.67
GLOBAL,PWRCOAPRYXX,2048,1566.67
GLOBAL,PWRCOAPRYXX,2049,1566.67
GLOBAL,PWRCOAPRYXX,2050,1566.67
GLOBAL,PWRCOASLVXX,2023,2066.67
GLOBAL,PWRCOASLVXX,2024,2066.67
GLOBAL,PWRCOASLVXX,2025,2066.67
GLOBAL,PWRCOASLVXX,2026,2066.67
GLOBAL,PWRCOASLVXX,2027,2066.67
GLOBAL,PWRCOASLVXX,2028,2066.67
GLOBAL,PWRCOASLVXX,2029,2066.67
GLOBAL,PWRCOASLVXX,2030,2066.67
GLOBAL,PWRCOASLVXX,2031,2066.67
GLOBAL,PWRCOASLVXX,2032,2066.67
GLOBAL,PWRCOASLVXX,2033,2066.67
GLOBAL,PWRCOASLVXX,2034,2066.67
GLOBAL,PWRCOASLVXX,2035,2066.67
GLOBAL,PWRCOASLVXX,2036,2066.67
GLOBAL,PWRCOASLVXX,2037,2066.67
GLOBAL,PWRCOASLVXX,2038,2066.67
GLOBAL,PWRCOASLVXX,2039,2066.67
GLOBAL,PWRCOASLVXX,2040,2066.67
GLOBAL,PWRCOASLVXX,2041,2066.67
GLOBAL,PWRCOASLVXX,2042,2066.67
GLOBAL,PWRCOASLVXX,2043,2066.67
GLOBAL,PWRCOASLVXX,2044,2066.67
GLOBAL,PWRCOASLVXX,2045,2066.67
GLOBAL,PWRCOASLVXX,2046,2066.67
GLOBAL,PWRCOASLVXX,2047,2066.67
GLOBAL,PWRCOASLVXX,2048,2066.67
GLOBAL,PWRCOASLVXX,2049,2066.67
GLOBAL,PWRCOASLVXX,2050,2066.67
GLOBAL,PWRCOAURYXX,2023,1566.67
GLOBAL,PWRCOAURYXX,2024,1566.67
GLOBAL,PWRCOAURYXX,2025,1566.67
GLOBAL,PWRCOAURYXX,2026,1566.67
GLOBAL,PWRCOAURYXX,2027,1566.67
GLOBAL,PWRCOAURYXX,2028,1566.67
GLOBAL,PWRCOAURYXX,2029,1566.67
GLOBAL,PWRCOAURYXX,2030,1566.67
GLOBAL,PWRCOAURYXX,2031,1566.67
GLOBAL,PWRCOAURYXX,2032,1566.67
GLOBAL,PWRCOAURYXX,2033,1566.67
GLOBAL,PWRCOAURYXX,2034,1566.67
GLOBAL,PWRCOAURYXX,2035,1566.67
GLOBAL,PWRCOAURYXX,2036,1566.67
GLOBAL,PWRCOAURYXX,2037,1566.67
GLOBAL,PWRCOAURYXX,2038,1566.67
GLOBAL,PWRCOAURYXX,2039,1566.67
GLOBAL,PWRCOAURYXX,2040,1566.67
GLOBAL,PWRCOAURYXX,2041,1566.67
GLOBAL,PWRCOAURYXX,2042,1566.67
GLOBAL,PWRCOAURYXX,2043,1566.67
GLOBAL,PWRCOAURYXX,2044,1566.67
GLOBAL,PWRCOAURYXX,2045,1566.67
GLOBAL,PWRCOAURYXX,2046,1566.67
GLOBAL,PWRCOAURYXX,2047,1566.67
GLOBAL,PWRCOAURYXX,2048,1566.67
GLOBAL,PWRCOAURYXX,2049,1566.67
GLOBAL,PWRCOAURYXX,2050,1566.67
GLOBAL,PWRCOGARGXX,2023,920
GLOBAL,PWRCOGARGXX,2024,920
GLOBAL,PWRCOGARGXX,2025,920
GLOBAL,PWRCOGARGXX,2026,920
GLOBAL,PWRCOGARGXX,2027,920
GLOBAL,PWRCOGARGXX,2028,920
GLOBAL,PWRCOGARGXX,2029,920
GLOBAL,PWRCOGARGXX,2030,920
GLOBAL,PWRCOGARGXX,2031,920
GLOBAL,PWRCOGARGXX,2032,920
GLOBAL,PWRCOGARGXX,2033,920
GLOBAL,PWRCOGARGXX,2034,920
GLOBAL,PWRCOGARGXX,2035,920
GLOBAL,PWRCOGARGXX,2036,920
GLOBAL,PWRCOGARGXX,2037,920
GLOBAL,PWRCOGARGXX,2038,920
GLOBAL,PWRCOGARGXX,2039,920
GLOBAL,PWRCOGARGXX,2040,920
GLOBAL,PWRCOGARGXX,2041,920
GLOBAL,PWRCOGARGXX,2042,920
GLOBAL,PWRCOGARGXX,2043,920
GLOBAL,PWRCOGARGXX,2044,920
GLOBAL,PWRCOGARGXX,2045,920
GLOBAL,PWRCOGARGXX,2046,920
GLOBAL,PWRCOGARGXX,2047,920
GLOBAL,PWRCOGARGXX,2048,920
GLOBAL,PWRCOGARGXX,2049,920
GLOBAL,PWRCOGARGXX,2050,920
GLOBAL,PWRCOGBOLXX,2023,920
GLOBAL,PWRCOGBOLXX,2024,920
GLOBAL,PWRCOGBOLXX,2025,920
GLOBAL,PWRCOGBOLXX,2026,920
GLOBAL,PWRCOGBOLXX,2027,920
GLOBAL,PWRCOGBOLXX,2028,920
GLOBAL,PWRCOGBOLXX,2029,920
GLOBAL,PWRCOGBOLXX,2030,920
GLOBAL,PWRCOGBOLXX,2031,920
GLOBAL,PWRCOGBOLXX,2032,920
GLOBAL,PWRCOGBOLXX,2033,920
GLOBAL,PWRCOGBOLXX,2034,920
GLOBAL,PWRCOGBOLXX,2035,920
GLOBAL,PWRCOGBOLXX,2036,920
GLOBAL,PWRCOGBOLXX,2037,920
GLOBAL,PWRCOGBOLXX,2038,920
GLOBAL,PWRCOGBOLXX,2039,920
GLOBAL,PWRCOGBOLXX,2040,920
GLOBAL,PWRCOGBOLXX,2041,920
GLOBAL,PWRCOGBOLXX,2042,920
GLOBAL,PWRCOGBOLXX,2043,920
GLOBAL,PWRCOGBOLXX,2044,920
GLOBAL,PWRCOGBOLXX,2045,920
GLOBAL,PWRCOGBOLXX,2046,920
GLOBAL,PWRCOGBOLXX,2047,920
GLOBAL,PWRCOGBOLXX,2048,920
GLOBAL,PWRCOGBOLXX,2049,920
GLOBAL,PWRCOGBOLXX,2050,920
GLOBAL,PWRCOGBRAXX,2023,920
GLOBAL,PWRCOGBRAXX,2024,920
GLOBAL,PWRCOGBRAXX,2025,920
GLOBAL,PWRCOGBRAXX,2026,920
GLOBAL,PWRCOGBRAXX,2027,920
GLOBAL,PWRCOGBRAXX,2028,920
GLOBAL,PWRCOGBRAXX,2029,920
GLOBAL,PWRCOGBRAXX,2030,920
GLOBAL,PWRCOGBRAXX,2031,920
GLOBAL,PWRCOGBRAXX,2032,920
GLOBAL,PWRCOGBRAXX,2033,920
GLOBAL,PWRCOGBRAXX,2034,920
GLOBAL,PWRCOGBRAXX,2035,920
GLOBAL,PWRCOGBRAXX,2036,920
GLOBAL,PWRCOGBRAXX,2037,920
GLOBAL,PWRCOGBRAXX,2038,920
GLOBAL,PWRCOGBRAXX,2039,920
GLOBAL,PWRCOGBRAXX,2040,920
GLOBAL,PWRCOGBRAXX,2041,920
GLOBAL,PWRCOGBRAXX,2042,920
GLOBAL,PWRCOGBRAXX,2043,920
GLOBAL,PWRCOGBRAXX,2044,920
GLOBAL,PWRCOGBRAXX,2045,920
GLOBAL,PWRCOGBRAXX,2046,920
GLOBAL,PWRCOGBRAXX,2047,920
GLOBAL,PWRCOGBRAXX,2048,920
GLOBAL,PWRCOGBRAXX,2049,920
GLOBAL,PWRCOGBRAXX,2050,920
GLOBAL,PWRCOGBRBXX,2023,1300
GLOBAL,PWRCOGBRBXX,2024,1300
GLOBAL,PWRCOGBRBXX,2025,1300
GLOBAL,PWRCOGBRBXX,2026,1300
GLOBAL,PWRCOGBRBXX,2027,1300
GLOBAL,PWRCOGBRBXX,2028,1300
GLOBAL,PWRCOGBRBXX,2029,1300
GLOBAL,PWRCOGBRBXX,2030,1300
GLOBAL,PWRCOGBRBXX,2031,1300
GLOBAL,PWRCOGBRBXX,2032,1300
GLOBAL,PWRCOGBRBXX,2033,1300
GLOBAL,PWRCOGBRBXX,2034,1300
GLOBAL,PWRCOGBRBXX,2035,1300
GLOBAL,PWRCOGBRBXX,2036,1300
GLOBAL,PWRCOGBRBXX,2037,1300
GLOBAL,PWRCOGBRBXX,2038,1300
GLOBAL,PWRCOGBRBXX,2039,1300
GLOBAL,PWRCOGBRBXX,2040,1300
GLOBAL,PWRCOGBRBXX,2041,1300
GLOBAL,PWRCOGBRBXX,2042,1300
GLOBAL,PWRCOGBRBXX,2043,1300
GLOBAL,PWRCOGBRBXX,2044,1300
GLOBAL,PWRCOGBRBXX,2045,1300
GLOBAL,PWRCOGBRBXX,2046,1300
GLOBAL,PWRCOGBRBXX,2047,1300
GLOBAL,PWRCOGBRBXX,2048,1300
GLOBAL,PWRCOGBRBXX,2049,1300
GLOBAL,PWRCOGBRBXX,2050,1300
GLOBAL,PWRCOGCHLXX,2023,920
GLOBAL,PWRCOGCHLXX,2024,920
GLOBAL,PWRCOGCHLXX,2025,920
GLOBAL,PWRCOGCHLXX,2026,920
GLOBAL,PWRCOGCHLXX,2027,920
GLOBAL,PWRCOGCHLXX,2028,920
GLOBAL,PWRCOGCHLXX,2029,920
GLOBAL,PWRCOGCHLXX,2030,920
GLOBAL,PWRCOGCHLXX,2031,920
GLOBAL,PWRCOGCHLXX,2032,920
GLOBAL,PWRCOGCHLXX,2033,920
GLOBAL,PWRCOGCHLXX,2034,920
GLOBAL,PWRCOGCHLXX,2035,920
GLOBAL,PWRCOGCHLXX,2036,920
GLOBAL,PWRCOGCHLXX,2037,920
GLOBAL,PWRCOGCHLXX,2038,920
GLOBAL,PWRCOGCHLXX,2039,920
GLOBAL,PWRCOGCHLXX,2040,920
GLOBAL,PWRCOGCHLXX,2041,920
GLOBAL,PWRCOGCHLXX,2042,920
GLOBAL,PWRCOGCHLXX,2043,920
GLOBAL,PWRCOGCHLXX,2044,920
GLOBAL,PWRCOGCHLXX,2045,920
GLOBAL,PWRCOGCHLXX,2046,920
GLOBAL,PWRCOGCHLXX,2047,920
GLOBAL,PWRCOGCHLXX,2048,920
GLOBAL,PWRCOGCHLXX,2049,920
GLOBAL,PWRCOGCHLXX,2050,920
GLOBAL,PWRCOGCOLXX,2023,920
GLOBAL,PWRCOGCOLXX,2024,920
GLOBAL,PWRCOGCOLXX,2025,920
GLOBAL,PWRCOGCOLXX,2026,920
GLOBAL,PWRCOGCOLXX,2027,920
GLOBAL,PWRCOGCOLXX,2028,920
GLOBAL,PWRCOGCOLXX,2029,920
GLOBAL,PWRCOGCOLXX,2030,920
GLOBAL,PWRCOGCOLXX,2031,920
GLOBAL,PWRCOGCOLXX,2032,920
GLOBAL,PWRCOGCOLXX,2033,920
GLOBAL,PWRCOGCOLXX,2034,920
GLOBAL,PWRCOGCOLXX,2035,920
GLOBAL,PWRCOGCOLXX,2036,920
GLOBAL,PWRCOGCOLXX,2037,920
GLOBAL,PWRCOGCOLXX,2038,920
GLOBAL,PWRCOGCOLXX,2039,920
GLOBAL,PWRCOGCOLXX,2040,920
GLOBAL,PWRCOGCOLXX,2041,920
GLOBAL,PWRCOGCOLXX,2042,920
GLOBAL,PWRCOGCOLXX,2043,920
GLOBAL,PWRCOGCOLXX,2044,920
GLOBAL,PWRCOGCOLXX,2045,920
GLOBAL,PWRCOGCOLXX,2046,920
GLOBAL,PWRCOGCOLXX,2047,920
GLOBAL,PWRCOGCOLXX,2048,920
GLOBAL,PWRCOGCOLXX,2049,920
GLOBAL,PWRCOGCOLXX,2050,920
GLOBAL,PWRCOGCRIXX,2023,1300
GLOBAL,PWRCOGCRIXX,2024,1300
GLOBAL,PWRCOGCRIXX,2025,1300
GLOBAL,PWRCOGCRIXX,2026,1300
GLOBAL,PWRCOGCRIXX,2027,1300
GLOBAL,PWRCOGCRIXX,2028,1300
GLOBAL,PWRCOGCRIXX,2029,1300
GLOBAL,PWRCOGCRIXX,2030,1300
GLOBAL,PWRCOGCRIXX,2031,1300
GLOBAL,PWRCOGCRIXX,2032,1300
GLOBAL,PWRCOGCRIXX,2033,1300
GLOBAL,PWRCOGCRIXX,2034,1300
GLOBAL,PWRCOGCRIXX,2035,1300
GLOBAL,PWRCOGCRIXX,2036,1300
GLOBAL,PWRCOGCRIXX,2037,1300
GLOBAL,PWRCOGCRIXX,2038,1300
GLOBAL,PWRCOGCRIXX,2039,1300
GLOBAL,PWRCOGCRIXX,2040,1300
GLOBAL,PWRCOGCRIXX,2041,1300
GLOBAL,PWRCOGCRIXX,2042,1300
GLOBAL,PWRCOGCRIXX,2043,1300
GLOBAL,PWRCOGCRIXX,2044,1300
GLOBAL,PWRCOGCRIXX,2045,1300
GLOBAL,PWRCOGCRIXX,2046,1300
GLOBAL,PWRCOGCRIXX,2047,1300
GLOBAL,PWRCOGCRIXX,2048,1300
GLOBAL,PWRCOGCRIXX,2049,1300
GLOBAL,PWRCOGCRIXX,2050,1300
GLOBAL,PWRCOGDOMXX,2023,1300
GLOBAL,PWRCOGDOMXX,2024,1300
GLOBAL,PWRCOGDOMXX,2025,1300
GLOBAL,PWRCOGDOMXX,2026,1300
GLOBAL,PWRCOGDOMXX,2027,1300
GLOBAL,PWRCOGDOMXX,2028,1300
GLOBAL,PWRCOGDOMXX,2029,1300
GLOBAL,PWRCOGDOMXX,2030,1300
GLOBAL,PWRCOGDOMXX,2031,1300
GLOBAL,PWRCOGDOMXX,2032,1300
GLOBAL,PWRCOGDOMXX,2033,1300
GLOBAL,PWRCOGDOMXX,2034,1300
GLOBAL,PWRCOGDOMXX,2035,1300
GLOBAL,PWRCOGDOMXX,2036,1300
GLOBAL,PWRCOGDOMXX,2037,1300
GLOBAL,PWRCOGDOMXX,2038,1300
GLOBAL,PWRCOGDOMXX,2039,1300
GLOBAL,PWRCOGDOMXX,2040,1300
GLOBAL,PWRCOGDOMXX,2041,1300
GLOBAL,PWRCOGDOMXX,2042,1300
GLOBAL,PWRCOGDOMXX,2043,1300
GLOBAL,PWRCOGDOMXX,2044,1300
GLOBAL,PWRCOGDOMXX,2045,1300
GLOBAL,PWRCOGDOMXX,2046,1300
GLOBAL,PWRCOGDOMXX,2047,1300
GLOBAL,PWRCOGDOMXX,2048,1300
GLOBAL,PWRCOGDOMXX,2049,1300
GLOBAL,PWRCOGDOMXX,2050,1300
GLOBAL,PWRCOGECUXX,2023,920
GLOBAL,PWRCOGECUXX,2024,920
GLOBAL,PWRCOGECUXX,2025,920
GLOBAL,PWRCOGECUXX,2026,920
GLOBAL,PWRCOGECUXX,2027,920
GLOBAL,PWRCOGECUXX,2028,920
GLOBAL,PWRCOGECUXX,2029,920
GLOBAL,PWRCOGECUXX,2030,920
GLOBAL,PWRCOGECUXX,2031,920
GLOBAL,PWRCOGECUXX,2032,920
GLOBAL,PWRCOGECUXX,2033,920
GLOBAL,PWRCOGECUXX,2034,920
GLOBAL,PWRCOGECUXX,2035,920
GLOBAL,PWRCOGECUXX,2036,920
GLOBAL,PWRCOGECUXX,2037,920
GLOBAL,PWRCOGECUXX,2038,920
GLOBAL,PWRCOGECUXX,2039,920
GLOBAL,PWRCOGECUXX,2040,920
GLOBAL,PWRCOGECUXX,2041,920
GLOBAL,PWRCOGECUXX,2042,920
GLOBAL,PWRCOGECUXX,2043,920
GLOBAL,PWRCOGECUXX,2044,920
GLOBAL,PWRCOGECUXX,2045,920
GLOBAL,PWRCOGECUXX,2046,920
GLOBAL,PWRCOGECUXX,2047,920
GLOBAL,PWRCOGECUXX,2048,920
GLOBAL,PWRCOGECUXX,2049,920
GLOBAL,PWRCOGECUXX,2050,920
GLOBAL,PWRCOGGTMXX,2023,1300
GLOBAL,PWRCOGGTMXX,2024,1300
GLOBAL,PWRCOGGTMXX,2025,1300
GLOBAL,PWRCOGGTMXX,2026,1300
GLOBAL,PWRCOGGTMXX,2027,1300
GLOBAL,PWRCOGGTMXX,2028,1300
GLOBAL,PWRCOGGTMXX,2029,1300
GLOBAL,PWRCOGGTMXX,2030,1300
GLOBAL,PWRCOGGTMXX,2031,1300
GLOBAL,PWRCOGGTMXX,2032,1300
GLOBAL,PWRCOGGTMXX,2033,1300
GLOBAL,PWRCOGGTMXX,2034,1300
GLOBAL,PWRCOGGTMXX,2035,1300
GLOBAL,PWRCOGGTMXX,2036,1300
GLOBAL,PWRCOGGTMXX,2037,1300
GLOBAL,PWRCOGGTMXX,2038,1300
GLOBAL,PWRCOGGTMXX,2039,1300
GLOBAL,PWRCOGGTMXX,2040,1300
GLOBAL,PWRCOGGTMXX,2041,1300
GLOBAL,PWRCOGGTMXX,2042,1300
GLOBAL,PWRCOGGTMXX,2043,1300
GLOBAL,PWRCOGGTMXX,2044,1300
GLOBAL,PWRCOGGTMXX,2045,1300
GLOBAL,PWRCOGGTMXX,2046,1300
GLOBAL,PWRCOGGTMXX,2047,1300
GLOBAL,PWRCOGGTMXX,2048,1300
GLOBAL,PWRCOGGTMXX,2049,1300
GLOBAL,PWRCOGGTMXX,2050,1300
GLOBAL,PWRCOGHNDXX,2023,1300
GLOBAL,PWRCOGHNDXX,2024,1300
GLOBAL,PWRCOGHNDXX,2025,1300
GLOBAL,PWRCOGHNDXX,2026,1300
GLOBAL,PWRCOGHNDXX,2027,1300
GLOBAL,PWRCOGHNDXX,2028,1300
GLOBAL,PWRCOGHNDXX,2029,1300
GLOBAL,PWRCOGHNDXX,2030,1300
GLOBAL,PWRCOGHNDXX,2031,1300
GLOBAL,PWRCOGHNDXX,2032,1300
GLOBAL,PWRCOGHNDXX,2033,1300
GLOBAL,PWRCOGHNDXX,2034,1300
GLOBAL,PWRCOGHNDXX,2035,1300
GLOBAL,PWRCOGHNDXX,2036,1300
GLOBAL,PWRCOGHNDXX,2037,1300
GLOBAL,PWRCOGHNDXX,2038,1300
GLOBAL,PWRCOGHNDXX,2039,1300
GLOBAL,PWRCOGHNDXX,2040,1300
GLOBAL,PWRCOGHNDXX,2041,1300
GLOBAL,PWRCOGHNDXX,2042,1300
GLOBAL,PWRCOGHNDXX,2043,1300
GLOBAL,PWRCOGHNDXX,2044,1300
GLOBAL,PWRCOGHNDXX,2045,1300
GLOBAL,PWRCOGHNDXX,2046,1300
GLOBAL,PWRCOGHNDXX,2047,1300
GLOBAL,PWRCOGHNDXX,2048,1300
GLOBAL,PWRCOGHNDXX,2049,1300
GLOBAL,PWRCOGHNDXX,2050,1300
GLOBAL,PWRCOGHTIXX,2023,1300
GLOBAL,PWRCOGHTIXX,2024,1300
GLOBAL,PWRCOGHTIXX,2025,1300
GLOBAL,PWRCOGHTIXX,2026,1300
GLOBAL,PWRCOGHTIXX,2027,1300
GLOBAL,PWRCOGHTIXX,2028,1300
GLOBAL,PWRCOGHTIXX,2029,1300
GLOBAL,PWRCOGHTIXX,2030,1300
GLOBAL,PWRCOGHTIXX,2031,1300
GLOBAL,PWRCOGHTIXX,2032,1300
GLOBAL,PWRCOGHTIXX,2033,1300
GLOBAL,PWRCOGHTIXX,2034,1300
GLOBAL,PWRCOGHTIXX,2035,1300
GLOBAL,PWRCOGHTIXX,2036,1300
GLOBAL,PWRCOGHTIXX,2037,1300
GLOBAL,PWRCOGHTIXX,2038,1300
GLOBAL,PWRCOGHTIXX,2039,1300
GLOBAL,PWRCOGHTIXX,2040,1300
GLOBAL,PWRCOGHTIXX,2041,1300
GLOBAL,PWRCOGHTIXX,2042,1300
GLOBAL,PWRCOGHTIXX,2043,1300
GLOBAL,PWRCOGHTIXX,2044,1300
GLOBAL,PWRCOGHTIXX,2045,1300
GLOBAL,PWRCOGHTIXX,2046,1300
GLOBAL,PWRCOGHTIXX,2047,1300
GLOBAL,PWRCOGHTIXX,2048,1300
GLOBAL,PWRCOGHTIXX,2049,1300
GLOBAL,PWRCOGHTIXX,2050,1300
GLOBAL,PWRCOGMEXXX,2023,1300
GLOBAL,PWRCOGMEXXX,2024,1300
GLOBAL,PWRCOGMEXXX,2025,1300
GLOBAL,PWRCOGMEXXX,2026,1300
GLOBAL,PWRCOGMEXXX,2027,1300
GLOBAL,PWRCOGMEXXX,2028,1300
GLOBAL,PWRCOGMEXXX,2029,1300
GLOBAL,PWRCOGMEXXX,2030,1300
GLOBAL,PWRCOGMEXXX,2031,1300
GLOBAL,PWRCOGMEXXX,2032,1300
GLOBAL,PWRCOGMEXXX,2033,1300
GLOBAL,PWRCOGMEXXX,2034,1300
GLOBAL,PWRCOGMEXXX,2035,1300
GLOBAL,PWRCOGMEXXX,2036,1300
GLOBAL,PWRCOGMEXXX,2037,1300
GLOBAL,PWRCOGMEXXX,2038,1300
GLOBAL,PWRCOGMEXXX,2039,1300
GLOBAL,PWRCOGMEXXX,2040,1300
GLOBAL,PWRCOGMEXXX,2041,1300
GLOBAL,PWRCOGMEXXX,2042,1300
GLOBAL,PWRCOGMEXXX,2043,1300
GLOBAL,PWRCOGMEXXX,2044,1300
GLOBAL,PWRCOGMEXXX,2045,1300
GLOBAL,PWRCOGMEXXX,2046,1300
GLOBAL,PWRCOGMEXXX,2047,1300
GLOBAL,PWRCOGMEXXX,2048,1300
GLOBAL,PWRCOGMEXXX,2049,1300
GLOBAL,PWRCOGMEXXX,2050,1300
GLOBAL,PWRCOGNICXX,2023,920
GLOBAL,PWRCOGNICXX,2024,920
GLOBAL,PWRCOGNICXX,2025,920
GLOBAL,PWRCOGNICXX,2026,920
GLOBAL,PWRCOGNICXX,2027,920
GLOBAL,PWRCOGNICXX,2028,920
GLOBAL,PWRCOGNICXX,2029,920
GLOBAL,PWRCOGNICXX,2030,920
GLOBAL,PWRCOGNICXX,2031,920
GLOBAL,PWRCOGNICXX,2032,920
GLOBAL,PWRCOGNICXX,2033,920
GLOBAL,PWRCOGNICXX,2034,920
GLOBAL,PWRCOGNICXX,2035,920
GLOBAL,PWRCOGNICXX,2036,920
GLOBAL,PWRCOGNICXX,2037,920
GLOBAL,PWRCOGNICXX,2038,920
GLOBAL,PWRCOGNICXX,2039,920
GLOBAL,PWRCOGNICXX,2040,920
GLOBAL,PWRCOGNICXX,2041,920
GLOBAL,PWRCOGNICXX,2042,920
GLOBAL,PWRCOGNICXX,2043,920
GLOBAL,PWRCOGNICXX,2044,920
GLOBAL,PWRCOGNICXX,2045,920
GLOBAL,PWRCOGNICXX,2046,920
GLOBAL,PWRCOGNICXX,2047,920
GLOBAL,PWRCOGNICXX,2048,920
GLOBAL,PWRCOGNICXX,2049,920
GLOBAL,PWRCOGNICXX,2050,920
GLOBAL,PWRCOGPANXX,2023,1300
GLOBAL,PWRCOGPANXX,2024,1300
GLOBAL,PWRCOGPANXX,2025,1300
GLOBAL,PWRCOGPANXX,2026,1300
GLOBAL,PWRCOGPANXX,2027,1300
GLOBAL,PWRCOGPANXX,2028,1300
GLOBAL,PWRCOGPANXX,2029,1300
GLOBAL,PWRCOGPANXX,2030,1300
GLOBAL,PWRCOGPANXX,2031,1300
GLOBAL,PWRCOGPANXX,2032,1300
GLOBAL,PWRCOGPANXX,2033,1300
GLOBAL,PWRCOGPANXX,2034,1300
GLOBAL,PWRCOGPANXX,2035,1300
GLOBAL,PWRCOGPANXX,2036,1300
GLOBAL,PWRCOGPANXX,2037,1300
GLOBAL,PWRCOGPANXX,2038,1300
GLOBAL,PWRCOGPANXX,2039,1300
GLOBAL,PWRCOGPANXX,2040,1300
GLOBAL,PWRCOGPANXX,2041,1300
GLOBAL,PWRCOGPANXX,2042,1300
GLOBAL,PWRCOGPANXX,2043,1300
GLOBAL,PWRCOGPANXX,2044,1300
GLOBAL,PWRCOGPANXX,2045,1300
GLOBAL,PWRCOGPANXX,2046,1300
GLOBAL,PWRCOGPANXX,2047,1300
GLOBAL,PWRCOGPANXX,2048,1300
GLOBAL,PWRCOGPANXX,2049,1300
GLOBAL,PWRCOGPANXX,2050,1300
GLOBAL,PWRCOGPERXX,2023,920
GLOBAL,PWRCOGPERXX,2024,920
GLOBAL,PWRCOGPERXX,2025,920
GLOBAL,PWRCOGPERXX,2026,920
GLOBAL,PWRCOGPERXX,2027,920
GLOBAL,PWRCOGPERXX,2028,920
GLOBAL,PWRCOGPERXX,2029,920
GLOBAL,PWRCOGPERXX,2030,920
GLOBAL,PWRCOGPERXX,2031,920
GLOBAL,PWRCOGPERXX,2032,920
GLOBAL,PWRCOGPERXX,2033,920
GLOBAL,PWRCOGPERXX,2034,920
GLOBAL,PWRCOGPERXX,2035,920
GLOBAL,PWRCOGPERXX,2036,920
GLOBAL,PWRCOGPERXX,2037,920
GLOBAL,PWRCOGPERXX,2038,920
GLOBAL,PWRCOGPERXX,2039,920
GLOBAL,PWRCOGPERXX,2040,920
GLOBAL,PWRCOGPERXX,2041,920
GLOBAL,PWRCOGPERXX,2042,920
GLOBAL,PWRCOGPERXX,2043,920
GLOBAL,PWRCOGPERXX,2044,920
GLOBAL,PWRCOGPERXX,2045,920
GLOBAL,PWRCOGPERXX,2046,920
GLOBAL,PWRCOGPERXX,2047,920
GLOBAL,PWRCOGPERXX,2048,920
GLOBAL,PWRCOGPERXX,2049,920
GLOBAL,PWRCOGPERXX,2050,920
GLOBAL,PWRCOGPRYXX,2023,920
GLOBAL,PWRCOGPRYXX,2024,920
GLOBAL,PWRCOGPRYXX,2025,920
GLOBAL,PWRCOGPRYXX,2026,920
GLOBAL,PWRCOGPRYXX,2027,920
GLOBAL,PWRCOGPRYXX,2028,920
GLOBAL,PWRCOGPRYXX,2029,920
GLOBAL,PWRCOGPRYXX,2030,920
GLOBAL,PWRCOGPRYXX,2031,920
GLOBAL,PWRCOGPRYXX,2032,920
GLOBAL,PWRCOGPRYXX,2033,920
GLOBAL,PWRCOGPRYXX,2034,920
GLOBAL,PWRCOGPRYXX,2035,920
GLOBAL,PWRCOGPRYXX,2036,920
GLOBAL,PWRCOGPRYXX,2037,920
GLOBAL,PWRCOGPRYXX,2038,920
GLOBAL,PWRCOGPRYXX,2039,920
GLOBAL,PWRCOGPRYXX,2040,920
GLOBAL,PWRCOGPRYXX,2041,920
GLOBAL,PWRCOGPRYXX,2042,920
GLOBAL,PWRCOGPRYXX,2043,920
GLOBAL,PWRCOGPRYXX,2044,920
GLOBAL,PWRCOGPRYXX,2045,920
GLOBAL,PWRCOGPRYXX,2046,920
GLOBAL,PWRCOGPRYXX,2047,920
GLOBAL,PWRCOGPRYXX,2048,920
GLOBAL,PWRCOGPRYXX,2049,920
GLOBAL,PWRCOGPRYXX,2050,920
GLOBAL,PWRCOGSLVXX,2023,1300
GLOBAL,PWRCOGSLVXX,2024,1300
GLOBAL,PWRCOGSLVXX,2025,1300
GLOBAL,PWRCOGSLVXX,2026,1300
GLOBAL,PWRCOGSLVXX,2027,1300
GLOBAL,PWRCOGSLVXX,2028,1300
GLOBAL,PWRCOGSLVXX,2029,1300
GLOBAL,PWRCOGSLVXX,2030,1300
GLOBAL,PWRCOGSLVXX,2031,1300
GLOBAL,PWRCOGSLVXX,2032,1300
GLOBAL,PWRCOGSLVXX,2033,1300
GLOBAL,PWRCOGSLVXX,2034,1300
GLOBAL,PWRCOGSLVXX,2035,1300
GLOBAL,PWRCOGSLVXX,2036,1300
GLOBAL,PWRCOGSLVXX,2037,1300
GLOBAL,PWRCOGSLVXX,2038,1300
GLOBAL,PWRCOGSLVXX,2039,1300
GLOBAL,PWRCOGSLVXX,2040,1300
GLOBAL,PWRCOGSLVXX,2041,1300
GLOBAL,PWRCOGSLVXX,2042,1300
GLOBAL,PWRCOGSLVXX,2043,1300
GLOBAL,PWRCOGSLVXX,2044,1300
GLOBAL,PWRCOGSLVXX,2045,1300
GLOBAL,PWRCOGSLVXX,2046,1300
GLOBAL,PWRCOGSLVXX,2047,1300
GLOBAL,PWRCOGSLVXX,2048,1300
GLOBAL,PWRCOGSLVXX,2049,1300
GLOBAL,PWRCOGSLVXX,2050,1300
GLOBAL,PWRCOGURYXX,2023,920
GLOBAL,PWRCOGURYXX,2024,920
GLOBAL,PWRCOGURYXX,2025,920
GLOBAL,PWRCOGURYXX,2026,920
GLOBAL,PWRCOGURYXX,2027,920
GLOBAL,PWRCOGURYXX,2028,920
GLOBAL,PWRCOGURYXX,2029,920
GLOBAL,PWRCOGURYXX,2030,920
GLOBAL,PWRCOGURYXX,2031,920
GLOBAL,PWRCOGURYXX,2032,920
GLOBAL,PWRCOGURYXX,2033,920
GLOBAL,PWRCOGURYXX,2034,920
GLOBAL,PWRCOGURYXX,2035,920
GLOBAL,PWRCOGURYXX,2036,920
GLOBAL,PWRCOGURYXX,2037,920
GLOBAL,PWRCOGURYXX,2038,920
GLOBAL,PWRCOGURYXX,2039,920
GLOBAL,PWRCOGURYXX,2040,920
GLOBAL,PWRCOGURYXX,2041,920
GLOBAL,PWRCOGURYXX,2042,920
GLOBAL,PWRCOGURYXX,2043,920
GLOBAL,PWRCOGURYXX,2044,920
GLOBAL,PWRCOGURYXX,2045,920
GLOBAL,PWRCOGURYXX,2046,920
GLOBAL,PWRCOGURYXX,2047,920
GLOBAL,PWRCOGURYXX,2048,920
GLOBAL,PWRCOGURYXX,2049,920
GLOBAL,PWRCOGURYXX,2050,920
GLOBAL,PWRCSPARGXX,2023,4200
GLOBAL,PWRCSPARGXX,2024,4200
GLOBAL,PWRCSPARGXX,2025,4200
GLOBAL,PWRCSPARGXX,2026,4200
GLOBAL,PWRCSPARGXX,2027,4200
GLOBAL,PWRCSPARGXX,2028,4200
GLOBAL,PWRCSPARGXX,2029,4200
GLOBAL,PWRCSPARGXX,2030,4200
GLOBAL,PWRCSPARGXX,2031,4140
GLOBAL,PWRCSPARGXX,2032,4080
GLOBAL,PWRCSPARGXX,2033,4020
GLOBAL,PWRCSPARGXX,2034,3960
GLOBAL,PWRCSPARGXX,2035,3900
GLOBAL,PWRCSPARGXX,2036,3840
GLOBAL,PWRCSPARGXX,2037,3780
GLOBAL,PWRCSPARGXX,2038,3720
GLOBAL,PWRCSPARGXX,2039,3660
GLOBAL,PWRCSPARGXX,2040,3600
GLOBAL,PWRCSPARGXX,2041,3600
GLOBAL,PWRCSPARGXX,2042,3600
GLOBAL,PWRCSPARGXX,2043,3600
GLOBAL,PWRCSPARGXX,2044,3600
GLOBAL,PWRCSPARGXX,2045,3600
GLOBAL,PWRCSPARGXX,2046,3600
GLOBAL,PWRCSPARGXX,2047,3600
GLOBAL,PWRCSPARGXX,2048,3600
GLOBAL,PWRCSPARGXX,2049,3600
GLOBAL,PWRCSPARGXX,2050,3600
GLOBAL,PWRCSPBOLXX,2023,4200
GLOBAL,PWRCSPBOLXX,2024,4200
GLOBAL,PWRCSPBOLXX,2025,4200
GLOBAL,PWRCSPBOLXX,2026,4200
GLOBAL,PWRCSPBOLXX,2027,4200
GLOBAL,PWRCSPBOLXX,2028,4200
GLOBAL,PWRCSPBOLXX,2029,4200
GLOBAL,PWRCSPBOLXX,2030,4200
GLOBAL,PWRCSPBOLXX,2031,4140
GLOBAL,PWRCSPBOLXX,2032,4080
GLOBAL,PWRCSPBOLXX,2033,4020
GLOBAL,PWRCSPBOLXX,2034,3960
GLOBAL,PWRCSPBOLXX,2035,3900
GLOBAL,PWRCSPBOLXX,2036,3840
GLOBAL,PWRCSPBOLXX,2037,3780
GLOBAL,PWRCSPBOLXX,2038,3720
GLOBAL,PWRCSPBOLXX,2039,3660
GLOBAL,PWRCSPBOLXX,2040,3600
GLOBAL,PWRCSPBOLXX,2041,3600
GLOBAL,PWRCSPBOLXX,2042,3600
GLOBAL,PWRCSPBOLXX,2043,3600
GLOBAL,PWRCSPBOLXX,2044,3600
GLOBAL,PWRCSPBOLXX,2045,3600
GLOBAL,PWRCSPBOLXX,2046,3600
GLOBAL,PWRCSPBOLXX,2047,3600
GLOBAL,PWRCSPBOLXX,2048,3600
GLOBAL,PWRCSPBOLXX,2049,3600
GLOBAL,PWRCSPBOLXX,2050,3600
GLOBAL,PWRCSPBRAXX,2023,4200
GLOBAL,PWRCSPBRAXX,2024,4200
GLOBAL,PWRCSPBRAXX,2025,4200
GLOBAL,PWRCSPBRAXX,2026,4200
GLOBAL,PWRCSPBRAXX,2027,4200
GLOBAL,PWRCSPBRAXX,2028,4200
GLOBAL,PWRCSPBRAXX,2029,4200
GLOBAL,PWRCSPBRAXX,2030,4200
GLOBAL,PWRCSPBRAXX,2031,4140
GLOBAL,PWRCSPBRAXX,2032,4080
GLOBAL,PWRCSPBRAXX,2033,4020
GLOBAL,PWRCSPBRAXX,2034,3960
GLOBAL,PWRCSPBRAXX,2035,3900
GLOBAL,PWRCSPBRAXX,2036,3840
GLOBAL,PWRCSPBRAXX,2037,3780
GLOBAL,PWRCSPBRAXX,2038,3720
GLOBAL,PWRCSPBRAXX,2039,3660
GLOBAL,PWRCSPBRAXX,2040,3600
GLOBAL,PWRCSPBRAXX,2041,3600
GLOBAL,PWRCSPBRAXX,2042,3600
GLOBAL,PWRCSPBRAXX,2043,3600
GLOBAL,PWRCSPBRAXX,2044,3600
GLOBAL,PWRCSPBRAXX,2045,3600
GLOBAL,PWRCSPBRAXX,2046,3600
GLOBAL,PWRCSPBRAXX,2047,3600
GLOBAL,PWRCSPBRAXX,2048,3600
GLOBAL,PWRCSPBRAXX,2049,3600
GLOBAL,PWRCSPBRAXX,2050,3600
GLOBAL,PWRCSPBRBXX,2023,5300
GLOBAL,PWRCSPBRBXX,2024,5300
GLOBAL,PWRCSPBRBXX,2025,5300
GLOBAL,PWRCSPBRBXX,2026,5300
GLOBAL,PWRCSPBRBXX,2027,5300
GLOBAL,PWRCSPBRBXX,2028,5300
GLOBAL,PWRCSPBRBXX,2029,5300
GLOBAL,PWRCSPBRBXX,2030,5300
GLOBAL,PWRCSPBRBXX,2031,5230
GLOBAL,PWRCSPBRBXX,2032,5160
GLOBAL,PWRCSPBRBXX,2033,5090
GLOBAL,PWRCSPBRBXX,2034,5020
GLOBAL,PWRCSPBRBXX,2035,4950
GLOBAL,PWRCSPBRBXX,2036,4880
GLOBAL,PWRCSPBRBXX,2037,4810
GLOBAL,PWRCSPBRBXX,2038,4740
GLOBAL,PWRCSPBRBXX,2039,4670
GLOBAL,PWRCSPBRBXX,2040,4600
GLOBAL,PWRCSPBRBXX,2041,4600
GLOBAL,PWRCSPBRBXX,2042,4600
GLOBAL,PWRCSPBRBXX,2043,4600
GLOBAL,PWRCSPBRBXX,2044,4600
GLOBAL,PWRCSPBRBXX,2045,4600
GLOBAL,PWRCSPBRBXX,2046,4600
GLOBAL,PWRCSPBRBXX,2047,4600
GLOBAL,PWRCSPBRBXX,2048,4600
GLOBAL,PWRCSPBRBXX,2049,4600
GLOBAL,PWRCSPBRBXX,2050,4600
GLOBAL,PWRCSPCHLXX,2023,4200
GLOBAL,PWRCSPCHLXX,2024,4200
GLOBAL,PWRCSPCHLXX,2025,4200
GLOBAL,PWRCSPCHLXX,2026,4200
GLOBAL,PWRCSPCHLXX,2027,4200
GLOBAL,PWRCSPCHLXX,2028,4200
GLOBAL,PWRCSPCHLXX,2029,4200
GLOBAL,PWRCSPCHLXX,2030,4200
GLOBAL,PWRCSPCHLXX,2031,4140
GLOBAL,PWRCSPCHLXX,2032,4080
GLOBAL,PWRCSPCHLXX,2033,4020
GLOBAL,PWRCSPCHLXX,2034,3960
GLOBAL,PWRCSPCHLXX,2035,3900
GLOBAL,PWRCSPCHLXX,2036,3840
GLOBAL,PWRCSPCHLXX,2037,3780
GLOBAL,PWRCSPCHLXX,2038,3720
GLOBAL,PWRCSPCHLXX,2039,3660
GLOBAL,PWRCSPCHLXX,2040,3600
GLOBAL,PWRCSPCHLXX,2041,3600
GLOBAL,PWRCSPCHLXX,2042,3600
GLOBAL,PWRCSPCHLXX,2043,3600
GLOBAL,PWRCSPCHLXX,2044,3600
GLOBAL,PWRCSPCHLXX,2045,3600
GLOBAL,PWRCSPCHLXX,2046,3600
GLOBAL,PWRCSPCHLXX,2047,3600
GLOBAL,PWRCSPCHLXX,2048,3600
GLOBAL,PWRCSPCHLXX,2049,3600
GLOBAL,PWRCSPCHLXX,2050,3600
GLOBAL,PWRCSPCOLXX,2023,4200
GLOBAL,PWRCSPCOLXX,2024,4200
GLOBAL,PWRCSPCOLXX,2025,4200
GLOBAL,PWRCSPCOLXX,2026,4200
GLOBAL,PWRCSPCOLXX,2027,4200
GLOBAL,PWRCSPCOLXX,2028,4200
GLOBAL,PWRCSPCOLXX,2029,4200
GLOBAL,PWRCSPCOLXX,2030,4200
GLOBAL,PWRCSPCOLXX,2031,4140
GLOBAL,PWRCSPCOLXX,2032,4080
GLOBAL,PWRCSPCOLXX,2033,4020
GLOBAL,PWRCSPCOLXX,2034,3960
GLOBAL,PWRCSPCOLXX,2035,3900
GLOBAL,PWRCSPCOLXX,2036,3840
GLOBAL,PWRCSPCOLXX,2037,3780
GLOBAL,PWRCSPCOLXX,2038,3720
GLOBAL,PWRCSPCOLXX,2039,3660
GLOBAL,PWRCSPCOLXX,2040,3600
GLOBAL,PWRCSPCOLXX,2041,3600
GLOBAL,PWRCSPCOLXX,2042,3600
GLOBAL,PWRCSPCOLXX,2043,3600
GLOBAL,PWRCSPCOLXX,2044,3600
GLOBAL,PWRCSPCOLXX,2045,3600
GLOBAL,PWRCSPCOLXX,2046,3600
GLOBAL,PWRCSPCOLXX,2047,3600
GLOBAL,PWRCSPCOLXX,2048,3600
GLOBAL,PWRCSPCOLXX,2049,3600
GLOBAL,PWRCSPCOLXX,2050,3600
GLOBAL,PWRCSPCRIXX,2023,5300
GLOBAL,PWRCSPCRIXX,2024,5300
GLOBAL,PWRCSPCRIXX,2025,5300
GLOBAL,PWRCSPCRIXX,2026,5300
GLOBAL,PWRCSPCRIXX,2027,5300
GLOBAL,PWRCSPCRIXX,2028,5300
GLOBAL,PWRCSPCRIXX,2029,5300
GLOBAL,PWRCSPCRIXX,2030,5300
GLOBAL,PWRCSPCRIXX,2031,5230
GLOBAL,PWRCSPCRIXX,2032,5160
GLOBAL,PWRCSPCRIXX,2033,5090
GLOBAL,PWRCSPCRIXX,2034,5020
GLOBAL,PWRCSPCRIXX,2035,4950
GLOBAL,PWRCSPCRIXX,2036,4880
GLOBAL,PWRCSPCRIXX,2037,4810
GLOBAL,PWRCSPCRIXX,2038,4740
GLOBAL,PWRCSPCRIXX,2039,4670
GLOBAL,PWRCSPCRIXX,2040,4600
GLOBAL,PWRCSPCRIXX,2041,4600
GLOBAL,PWRCSPCRIXX,2042,4600
GLOBAL,PWRCSPCRIXX,2043,4600
GLOBAL,PWRCSPCRIXX,2044,4600
GLOBAL,PWRCSPCRIXX,2045,4600
GLOBAL,PWRCSPCRIXX,2046,4600
GLOBAL,PWRCSPCRIXX,2047,4600
GLOBAL,PWRCSPCRIXX,2048,4600
GLOBAL,PWRCSPCRIXX,2049,4600
GLOBAL,PWRCSPCRIXX,2050,4600
GLOBAL,PWRCSPDOMXX,2023,5300
GLOBAL,PWRCSPDOMXX,2024,5300
GLOBAL,PWRCSPDOMXX,2025,5300
GLOBAL,PWRCSPDOMXX,2026,5300
GLOBAL,PWRCSPDOMXX,2027,5300
GLOBAL,PWRCSPDOMXX,2028,5300
GLOBAL,PWRCSPDOMXX,2029,5300
GLOBAL,PWRCSPDOMXX,2030,5300
GLOBAL,PWRCSPDOMXX,2031,5230
GLOBAL,PWRCSPDOMXX,2032,5160
GLOBAL,PWRCSPDOMXX,2033,5090
GLOBAL,PWRCSPDOMXX,2034,5020
GLOBAL,PWRCSPDOMXX,2035,4950
GLOBAL,PWRCSPDOMXX,2036,4880
GLOBAL,PWRCSPDOMXX,2037,4810
GLOBAL,PWRCSPDOMXX,2038,4740
GLOBAL,PWRCSPDOMXX,2039,4670
GLOBAL,PWRCSPDOMXX,2040,4600
GLOBAL,PWRCSPDOMXX,2041,4600
GLOBAL,PWRCSPDOMXX,2042,4600
GLOBAL,PWRCSPDOMXX,2043,4600
GLOBAL,PWRCSPDOMXX,2044,4600
GLOBAL,PWRCSPDOMXX,2045,4600
GLOBAL,PWRCSPDOMXX,2046,4600
GLOBAL,PWRCSPDOMXX,2047,4600
GLOBAL,PWRCSPDOMXX,2048,4600
GLOBAL,PWRCSPDOMXX,2049,4600
GLOBAL,PWRCSPDOMXX,2050,4600
GLOBAL,PWRCSPECUXX,2023,4200
GLOBAL,PWRCSPECUXX,2024,4200
GLOBAL,PWRCSPECUXX,2025,4200
GLOBAL,PWRCSPECUXX,2026,4200
GLOBAL,PWRCSPECUXX,2027,4200
GLOBAL,PWRCSPECUXX,2028,4200
GLOBAL,PWRCSPECUXX,2029,4200
GLOBAL,PWRCSPECUXX,2030,4200
GLOBAL,PWRCSPECUXX,2031,4140
GLOBAL,PWRCSPECUXX,2032,4080
GLOBAL,PWRCSPECUXX,2033,4020
GLOBAL,PWRCSPECUXX,2034,3960
GLOBAL,PWRCSPECUXX,2035,3900
GLOBAL,PWRCSPECUXX,2036,3840
GLOBAL,PWRCSPECUXX,2037,3780
GLOBAL,PWRCSPECUXX,2038,3720
GLOBAL,PWRCSPECUXX,2039,3660
GLOBAL,PWRCSPECUXX,2040,3600
GLOBAL,PWRCSPECUXX,2041,3600
GLOBAL,PWRCSPECUXX,2042,3600
GLOBAL,PWRCSPECUXX,2043,3600
GLOBAL,PWRCSPECUXX,2044,3600
GLOBAL,PWRCSPECUXX,2045,3600
GLOBAL,PWRCSPECUXX,2046,3600
GLOBAL,PWRCSPECUXX,2047,3600
GLOBAL,PWRCSPECUXX,2048,3600
GLOBAL,PWRCSPECUXX,2049,3600
GLOBAL,PWRCSPECUXX,2050,3600
GLOBAL,PWRCSPGTMXX,2023,5300
GLOBAL,PWRCSPGTMXX,2024,5300
GLOBAL,PWRCSPGTMXX,2025,5300
GLOBAL,PWRCSPGTMXX,2026,5300
GLOBAL,PWRCSPGTMXX,2027,5300
GLOBAL,PWRCSPGTMXX,2028,5300
GLOBAL,PWRCSPGTMXX,2029,5300
GLOBAL,PWRCSPGTMXX,2030,5300
GLOBAL,PWRCSPGTMXX,2031,5230
GLOBAL,PWRCSPGTMXX,2032,5160
GLOBAL,PWRCSPGTMXX,2033,5090
GLOBAL,PWRCSPGTMXX,2034,5020
GLOBAL,PWRCSPGTMXX,2035,4950
GLOBAL,PWRCSPGTMXX,2036,4880
GLOBAL,PWRCSPGTMXX,2037,4810
GLOBAL,PWRCSPGTMXX,2038,4740
GLOBAL,PWRCSPGTMXX,2039,4670
GLOBAL,PWRCSPGTMXX,2040,4600
GLOBAL,PWRCSPGTMXX,2041,4600
GLOBAL,PWRCSPGTMXX,2042,4600
GLOBAL,PWRCSPGTMXX,2043,4600
GLOBAL,PWRCSPGTMXX,2044,4600
GLOBAL,PWRCSPGTMXX,2045,4600
GLOBAL,PWRCSPGTMXX,2046,4600
GLOBAL,PWRCSPGTMXX,2047,4600
GLOBAL,PWRCSPGTMXX,2048,4600
GLOBAL,PWRCSPGTMXX,2049,4600
GLOBAL,PWRCSPGTMXX,2050,4600
GLOBAL,PWRCSPHNDXX,2023,5300
GLOBAL,PWRCSPHNDXX,2024,5300
GLOBAL,PWRCSPHNDXX,2025,5300
GLOBAL,PWRCSPHNDXX,2026,5300
GLOBAL,PWRCSPHNDXX,2027,5300
GLOBAL,PWRCSPHNDXX,2028,5300
GLOBAL,PWRCSPHNDXX,2029,5300
GLOBAL,PWRCSPHNDXX,2030,5300
GLOBAL,PWRCSPHNDXX,2031,5230
GLOBAL,PWRCSPHNDXX,2032,5160
GLOBAL,PWRCSPHNDXX,2033,5090
GLOBAL,PWRCSPHNDXX,2034,5020
GLOBAL,PWRCSPHNDXX,2035,4950
GLOBAL,PWRCSPHNDXX,2036,4880
GLOBAL,PWRCSPHNDXX,2037,4810
GLOBAL,PWRCSPHNDXX,2038,4740
GLOBAL,PWRCSPHNDXX,2039,4670
GLOBAL,PWRCSPHNDXX,2040,4600
GLOBAL,PWRCSPHNDXX,2041,4600
GLOBAL,PWRCSPHNDXX,2042,4600
GLOBAL,PWRCSPHNDXX,2043,4600
GLOBAL,PWRCSPHNDXX,2044,4600
GLOBAL,PWRCSPHNDXX,2045,4600
GLOBAL,PWRCSPHNDXX,2046,4600
GLOBAL,PWRCSPHNDXX,2047,4600
GLOBAL,PWRCSPHNDXX,2048,4600
GLOBAL,PWRCSPHNDXX,2049,4600
GLOBAL,PWRCSPHNDXX,2050,4600
GLOBAL,PWRCSPHTIXX,2023,5300
GLOBAL,PWRCSPHTIXX,2024,5300
GLOBAL,PWRCSPHTIXX,2025,5300
GLOBAL,PWRCSPHTIXX,2026,5300
GLOBAL,PWRCSPHTIXX,2027,5300
GLOBAL,PWRCSPHTIXX,2028,5300
GLOBAL,PWRCSPHTIXX,2029,5300
GLOBAL,PWRCSPHTIXX,2030,5300
GLOBAL,PWRCSPHTIXX,2031,5230
GLOBAL,PWRCSPHTIXX,2032,5160
GLOBAL,PWRCSPHTIXX,2033,5090
GLOBAL,PWRCSPHTIXX,2034,5020
GLOBAL,PWRCSPHTIXX,2035,4950
GLOBAL,PWRCSPHTIXX,2036,4880
GLOBAL,PWRCSPHTIXX,2037,4810
GLOBAL,PWRCSPHTIXX,2038,4740
GLOBAL,PWRCSPHTIXX,2039,4670
GLOBAL,PWRCSPHTIXX,2040,4600
GLOBAL,PWRCSPHTIXX,2041,4600
GLOBAL,PWRCSPHTIXX,2042,4600
GLOBAL,PWRCSPHTIXX,2043,4600
GLOBAL,PWRCSPHTIXX,2044,4600
GLOBAL,PWRCSPHTIXX,2045,4600
GLOBAL,PWRCSPHTIXX,2046,4600
GLOBAL,PWRCSPHTIXX,2047,4600
GLOBAL,PWRCSPHTIXX,2048,4600
GLOBAL,PWRCSPHTIXX,2049,4600
GLOBAL,PWRCSPHTIXX,2050,4600
GLOBAL,PWRCSPMEXXX,2023,5300
GLOBAL,PWRCSPMEXXX,2024,5300
GLOBAL,PWRCSPMEXXX,2025,5300
GLOBAL,PWRCSPMEXXX,2026,5300
GLOBAL,PWRCSPMEXXX,2027,5300
GLOBAL,PWRCSPMEXXX,2028,5300
GLOBAL,PWRCSPMEXXX,2029,5300
GLOBAL,PWRCSPMEXXX,2030,5300
GLOBAL,PWRCSPMEXXX,2031,5230
GLOBAL,PWRCSPMEXXX,2032,5160
GLOBAL,PWRCSPMEXXX,2033,5090
GLOBAL,PWRCSPMEXXX,2034,5020
GLOBAL,PWRCSPMEXXX,2035,4950
GLOBAL,PWRCSPMEXXX,2036,4880
GLOBAL,PWRCSPMEXXX,2037,4810
GLOBAL,PWRCSPMEXXX,2038,4740
GLOBAL,PWRCSPMEXXX,2039,4670
GLOBAL,PWRCSPMEXXX,2040,4600
GLOBAL,PWRCSPMEXXX,2041,4600
GLOBAL,PWRCSPMEXXX,2042,4600
GLOBAL,PWRCSPMEXXX,2043,4600
GLOBAL,PWRCSPMEXXX,2044,4600
GLOBAL,PWRCSPMEXXX,2045,4600
GLOBAL,PWRCSPMEXXX,2046,4600
GLOBAL,PWRCSPMEXXX,2047,4600
GLOBAL,PWRCSPMEXXX,2048,4600
GLOBAL,PWRCSPMEXXX,2049,4600
GLOBAL,PWRCSPMEXXX,2050,4600
GLOBAL,PWRCSPNICXX,2023,4200
GLOBAL,PWRCSPNICXX,2024,4200
GLOBAL,PWRCSPNICXX,2025,4200
GLOBAL,PWRCSPNICXX,2026,4200
GLOBAL,PWRCSPNICXX,2027,4200
GLOBAL,PWRCSPNICXX,2028,4200
GLOBAL,PWRCSPNICXX,2029,4200
GLOBAL,PWRCSPNICXX,2030,4200
GLOBAL,PWRCSPNICXX,2031,4140
GLOBAL,PWRCSPNICXX,2032,4080
GLOBAL,PWRCSPNICXX,2033,4020
GLOBAL,PWRCSPNICXX,2034,3960
GLOBAL,PWRCSPNICXX,2035,3900
GLOBAL,PWRCSPNICXX,2036,3840
GLOBAL,PWRCSPNICXX,2037,3780
GLOBAL,PWRCSPNICXX,2038,3720
GLOBAL,PWRCSPNICXX,2039,3660
GLOBAL,PWRCSPNICXX,2040,3600
GLOBAL,PWRCSPNICXX,2041,3600
GLOBAL,PWRCSPNICXX,2042,3600
GLOBAL,PWRCSPNICXX,2043,3600
GLOBAL,PWRCSPNICXX,2044,3600
GLOBAL,PWRCSPNICXX,2045,3600
GLOBAL,PWRCSPNICXX,2046,3600
GLOBAL,PWRCSPNICXX,2047,3600
GLOBAL,PWRCSPNICXX,2048,3600
GLOBAL,PWRCSPNICXX,2049,3600
GLOBAL,PWRCSPNICXX,2050,3600
GLOBAL,PWRCSPPANXX,2023,5300
GLOBAL,PWRCSPPANXX,2024,5300
GLOBAL,PWRCSPPANXX,2025,5300
GLOBAL,PWRCSPPANXX,2026,5300
GLOBAL,PWRCSPPANXX,2027,5300
GLOBAL,PWRCSPPANXX,2028,5300
GLOBAL,PWRCSPPANXX,2029,5300
GLOBAL,PWRCSPPANXX,2030,5300
GLOBAL,PWRCSPPANXX,2031,5230
GLOBAL,PWRCSPPANXX,2032,5160
GLOBAL,PWRCSPPANXX,2033,5090
GLOBAL,PWRCSPPANXX,2034,5020
GLOBAL,PWRCSPPANXX,2035,4950
GLOBAL,PWRCSPPANXX,2036,4880
GLOBAL,PWRCSPPANXX,2037,4810
GLOBAL,PWRCSPPANXX,2038,4740
GLOBAL,PWRCSPPANXX,2039,4670
GLOBAL,PWRCSPPANXX,2040,4600
GLOBAL,PWRCSPPANXX,2041,4600
GLOBAL,PWRCSPPANXX,2042,4600
GLOBAL,PWRCSPPANXX,2043,4600
GLOBAL,PWRCSPPANXX,2044,4600
GLOBAL,PWRCSPPANXX,2045,4600
GLOBAL,PWRCSPPANXX,2046,4600
GLOBAL,PWRCSPPANXX,2047,4600
GLOBAL,PWRCSPPANXX,2048,4600
GLOBAL,PWRCSPPANXX,2049,4600
GLOBAL,PWRCSPPANXX,2050,4600
GLOBAL,PWRCSPPERXX,2023,4200
GLOBAL,PWRCSPPERXX,2024,4200
GLOBAL,PWRCSPPERXX,2025,4200
GLOBAL,PWRCSPPERXX,2026,4200
GLOBAL,PWRCSPPERXX,2027,4200
GLOBAL,PWRCSPPERXX,2028,4200
GLOBAL,PWRCSPPERXX,2029,4200
GLOBAL,PWRCSPPERXX,2030,4200
GLOBAL,PWRCSPPERXX,2031,4140
GLOBAL,PWRCSPPERXX,2032,4080
GLOBAL,PWRCSPPERXX,2033,4020
GLOBAL,PWRCSPPERXX,2034,3960
GLOBAL,PWRCSPPERXX,2035,3900
GLOBAL,PWRCSPPERXX,2036,3840
GLOBAL,PWRCSPPERXX,2037,3780
GLOBAL,PWRCSPPERXX,2038,3720
GLOBAL,PWRCSPPERXX,2039,3660
GLOBAL,PWRCSPPERXX,2040,3600
GLOBAL,PWRCSPPERXX,2041,3600
GLOBAL,PWRCSPPERXX,2042,3600
GLOBAL,PWRCSPPERXX,2043,3600
GLOBAL,PWRCSPPERXX,2044,3600
GLOBAL,PWRCSPPERXX,2045,3600
GLOBAL,PWRCSPPERXX,2046,3600
GLOBAL,PWRCSPPERXX,2047,3600
GLOBAL,PWRCSPPERXX,2048,3600
GLOBAL,PWRCSPPERXX,2049,3600
GLOBAL,PWRCSPPERXX,2050,3600
GLOBAL,PWRCSPPRYXX,2023,4200
GLOBAL,PWRCSPPRYXX,2024,4200
GLOBAL,PWRCSPPRYXX,2025,4200
GLOBAL,PWRCSPPRYXX,2026,4200
GLOBAL,PWRCSPPRYXX,2027,4200
GLOBAL,PWRCSPPRYXX,2028,4200
GLOBAL,PWRCSPPRYXX,2029,4200
GLOBAL,PWRCSPPRYXX,2030,4200
GLOBAL,PWRCSPPRYXX,2031,4140
GLOBAL,PWRCSPPRYXX,2032,4080
GLOBAL,PWRCSPPRYXX,2033,4020
GLOBAL,PWRCSPPRYXX,2034,3960
GLOBAL,PWRCSPPRYXX,2035,3900
GLOBAL,PWRCSPPRYXX,2036,3840
GLOBAL,PWRCSPPRYXX,2037,3780
GLOBAL,PWRCSPPRYXX,2038,3720
GLOBAL,PWRCSPPRYXX,2039,3660
GLOBAL,PWRCSPPRYXX,2040,3600
GLOBAL,PWRCSPPRYXX,2041,3600
GLOBAL,PWRCSPPRYXX,2042,3600
GLOBAL,PWRCSPPRYXX,2043,3600
GLOBAL,PWRCSPPRYXX,2044,3600
GLOBAL,PWRCSPPRYXX,2045,3600
GLOBAL,PWRCSPPRYXX,2046,3600
GLOBAL,PWRCSPPRYXX,2047,3600
GLOBAL,PWRCSPPRYXX,2048,3600
GLOBAL,PWRCSPPRYXX,2049,3600
GLOBAL,PWRCSPPRYXX,2050,3600
GLOBAL,PWRCSPSLVXX,2023,5300
GLOBAL,PWRCSPSLVXX,2024,5300
GLOBAL,PWRCSPSLVXX,2025,5300
GLOBAL,PWRCSPSLVXX,2026,5300
GLOBAL,PWRCSPSLVXX,2027,5300
GLOBAL,PWRCSPSLVXX,2028,5300
GLOBAL,PWRCSPSLVXX,2029,5300
GLOBAL,PWRCSPSLVXX,2030,5300
GLOBAL,PWRCSPSLVXX,2031,5230
GLOBAL,PWRCSPSLVXX,2032,5160
GLOBAL,PWRCSPSLVXX,2033,5090
GLOBAL,PWRCSPSLVXX,2034,5020
GLOBAL,PWRCSPSLVXX,2035,4950
GLOBAL,PWRCSPSLVXX,2036,4880
GLOBAL,PWRCSPSLVXX,2037,4810
GLOBAL,PWRCSPSLVXX,2038,4740
GLOBAL,PWRCSPSLVXX,2039,4670
GLOBAL,PWRCSPSLVXX,2040,4600
GLOBAL,PWRCSPSLVXX,2041,4600
GLOBAL,PWRCSPSLVXX,2042,4600
GLOBAL,PWRCSPSLVXX,2043,4600
GLOBAL,PWRCSPSLVXX,2044,4600
GLOBAL,PWRCSPSLVXX,2045,4600
GLOBAL,PWRCSPSLVXX,2046,4600
GLOBAL,PWRCSPSLVXX,2047,4600
GLOBAL,PWRCSPSLVXX,2048,4600
GLOBAL,PWRCSPSLVXX,2049,4600
GLOBAL,PWRCSPSLVXX,2050,4600
GLOBAL,PWRCSPURYXX,2023,4200
GLOBAL,PWRCSPURYXX,2024,4200
GLOBAL,PWRCSPURYXX,2025,4200
GLOBAL,PWRCSPURYXX,2026,4200
GLOBAL,PWRCSPURYXX,2027,4200
GLOBAL,PWRCSPURYXX,2028,4200
GLOBAL,PWRCSPURYXX,2029,4200
GLOBAL,PWRCSPURYXX,2030,4200
GLOBAL,PWRCSPURYXX,2031,4140
GLOBAL,PWRCSPURYXX,2032,4080
GLOBAL,PWRCSPURYXX,2033,4020
GLOBAL,PWRCSPURYXX,2034,3960
GLOBAL,PWRCSPURYXX,2035,3900
GLOBAL,PWRCSPURYXX,2036,3840
GLOBAL,PWRCSPURYXX,2037,3780
GLOBAL,PWRCSPURYXX,2038,3720
GLOBAL,PWRCSPURYXX,2039,3660
GLOBAL,PWRCSPURYXX,2040,3600
GLOBAL,PWRCSPURYXX,2041,3600
GLOBAL,PWRCSPURYXX,2042,3600
GLOBAL,PWRCSPURYXX,2043,3600
GLOBAL,PWRCSPURYXX,2044,3600
GLOBAL,PWRCSPURYXX,2045,3600
GLOBAL,PWRCSPURYXX,2046,3600
GLOBAL,PWRCSPURYXX,2047,3600
GLOBAL,PWRCSPURYXX,2048,3600
GLOBAL,PWRCSPURYXX,2049,3600
GLOBAL,PWRCSPURYXX,2050,3600
GLOBAL,PWRGEOARGXX,2023,2500
GLOBAL,PWRGEOARGXX,2024,2500
GLOBAL,PWRGEOARGXX,2025,2500
GLOBAL,PWRGEOARGXX,2026,2500
GLOBAL,PWRGEOARGXX,2027,2500
GLOBAL,PWRGEOARGXX,2028,2500
GLOBAL,PWRGEOARGXX,2029,2500
GLOBAL,PWRGEOARGXX,2030,2500
GLOBAL,PWRGEOARGXX,2031,2490
GLOBAL,PWRGEOARGXX,2032,2480
GLOBAL,PWRGEOARGXX,2033,2470
GLOBAL,PWRGEOARGXX,2034,2460
GLOBAL,PWRGEOARGXX,2035,2450
GLOBAL,PWRGEOARGXX,2036,2440
GLOBAL,PWRGEOARGXX,2037,2430
GLOBAL,PWRGEOARGXX,2038,2420
GLOBAL,PWRGEOARGXX,2039,2410
GLOBAL,PWRGEOARGXX,2040,2400
GLOBAL,PWRGEOARGXX,2041,2400
GLOBAL,PWRGEOARGXX,2042,2400
GLOBAL,PWRGEOARGXX,2043,2400
GLOBAL,PWRGEOARGXX,2044,2400
GLOBAL,PWRGEOARGXX,2045,2400
GLOBAL,PWRGEOARGXX,2046,2400
GLOBAL,PWRGEOARGXX,2047,2400
GLOBAL,PWRGEOARGXX,2048,2400
GLOBAL,PWRGEOARGXX,2049,2400
GLOBAL,PWRGEOARGXX,2050,2400
GLOBAL,PWRGEOBOLXX,2023,2500
GLOBAL,PWRGEOBOLXX,2024,2500
GLOBAL,PWRGEOBOLXX,2025,2500
GLOBAL,PWRGEOBOLXX,2026,2500
GLOBAL,PWRGEOBOLXX,2027,2500
GLOBAL,PWRGEOBOLXX,2028,2500
GLOBAL,PWRGEOBOLXX,2029,2500
GLOBAL,PWRGEOBOLXX,2030,2500
GLOBAL,PWRGEOBOLXX,2031,2490
GLOBAL,PWRGEOBOLXX,2032,2480
GLOBAL,PWRGEOBOLXX,2033,2470
GLOBAL,PWRGEOBOLXX,2034,2460
GLOBAL,PWRGEOBOLXX,2035,2450
GLOBAL,PWRGEOBOLXX,2036,2440
GLOBAL,PWRGEOBOLXX,2037,2430
GLOBAL,PWRGEOBOLXX,2038,2420
GLOBAL,PWRGEOBOLXX,2039,2410
GLOBAL,PWRGEOBOLXX,2040,2400
GLOBAL,PWRGEOBOLXX,2041,2400
GLOBAL,PWRGEOBOLXX,2042,2400
GLOBAL,PWRGEOBOLXX,2043,2400
GLOBAL,PWRGEOBOLXX,2044,2400
GLOBAL,PWRGEOBOLXX,2045,2400
GLOBAL,PWRGEOBOLXX,2046,2400
GLOBAL,PWRGEOBOLXX,2047,2400
GLOBAL,PWRGEOBOLXX,2048,2400
GLOBAL,PWRGEOBOLXX,2049,2400
GLOBAL,PWRGEOBOLXX,2050,2400
GLOBAL,PWRGEOBRAXX,2023,2500
GLOBAL,PWRGEOBRAXX,2024,2500
GLOBAL,PWRGEOBRAXX,2025,2500
GLOBAL,PWRGEOBRAXX,2026,2500
GLOBAL,PWRGEOBRAXX,2027,2500
GLOBAL,PWRGEOBRAXX,2028,2500
GLOBAL,PWRGEOBRAXX,2029,2500
GLOBAL,PWRGEOBRAXX,2030,2500
GLOBAL,PWRGEOBRAXX,2031,2490
GLOBAL,PWRGEOBRAXX,2032,2480
GLOBAL,PWRGEOBRAXX,2033,2470
GLOBAL,PWRGEOBRAXX,2034,2460
GLOBAL,PWRGEOBRAXX,2035,2450
GLOBAL,PWRGEOBRAXX,2036,2440
GLOBAL,PWRGEOBRAXX,2037,2430
GLOBAL,PWRGEOBRAXX,2038,2420
GLOBAL,PWRGEOBRAXX,2039,2410
GLOBAL,PWRGEOBRAXX,2040,2400
GLOBAL,PWRGEOBRAXX,2041,2400
GLOBAL,PWRGEOBRAXX,2042,2400
GLOBAL,PWRGEOBRAXX,2043,2400
GLOBAL,PWRGEOBRAXX,2044,2400
GLOBAL,PWRGEOBRAXX,2045,2400
GLOBAL,PWRGEOBRAXX,2046,2400
GLOBAL,PWRGEOBRAXX,2047,2400
GLOBAL,PWRGEOBRAXX,2048,2400
GLOBAL,PWRGEOBRAXX,2049,2400
GLOBAL,PWRGEOBRAXX,2050,2400
GLOBAL,PWRGEOBRBXX,2023,2100
GLOBAL,PWRGEOBRBXX,2024,2100
GLOBAL,PWRGEOBRBXX,2025,2100
GLOBAL,PWRGEOBRBXX,2026,2100
GLOBAL,PWRGEOBRBXX,2027,2100
GLOBAL,PWRGEOBRBXX,2028,2100
GLOBAL,PWRGEOBRBXX,2029,2100
GLOBAL,PWRGEOBRBXX,2030,2100
GLOBAL,PWRGEOBRBXX,2031,2090
GLOBAL,PWRGEOBRBXX,2032,2080
GLOBAL,PWRGEOBRBXX,2033,2070
GLOBAL,PWRGEOBRBXX,2034,2060
GLOBAL,PWRGEOBRBXX,2035,2050
GLOBAL,PWRGEOBRBXX,2036,2040
GLOBAL,PWRGEOBRBXX,2037,2030
GLOBAL,PWRGEOBRBXX,2038,2020
GLOBAL,PWRGEOBRBXX,2039,2010
GLOBAL,PWRGEOBRBXX,2040,2000
GLOBAL,PWRGEOBRBXX,2041,2000
GLOBAL,PWRGEOBRBXX,2042,2000
GLOBAL,PWRGEOBRBXX,2043,2000
GLOBAL,PWRGEOBRBXX,2044,2000
GLOBAL,PWRGEOBRBXX,2045,2000
GLOBAL,PWRGEOBRBXX,2046,2000
GLOBAL,PWRGEOBRBXX,2047,2000
GLOBAL,PWRGEOBRBXX,2048,2000
GLOBAL,PWRGEOBRBXX,2049,2000
GLOBAL,PWRGEOBRBXX,2050,2000
GLOBAL,PWRGEOCHLXX,2023,2500
GLOBAL,PWRGEOCHLXX,2024,2500
GLOBAL,PWRGEOCHLXX,2025,2500
GLOBAL,PWRGEOCHLXX,2026,2500
GLOBAL,PWRGEOCHLXX,2027,2500
GLOBAL,PWRGEOCHLXX,2028,2500
GLOBAL,PWRGEOCHLXX,2029,2500
GLOBAL,PWRGEOCHLXX,2030,2500
GLOBAL,PWRGEOCHLXX,2031,2490
GLOBAL,PWRGEOCHLXX,2032,2480
GLOBAL,PWRGEOCHLXX,2033,2470
GLOBAL,PWRGEOCHLXX,2034,2460
GLOBAL,PWRGEOCHLXX,2035,2450
GLOBAL,PWRGEOCHLXX,2036,2440
GLOBAL,PWRGEOCHLXX,2037,2430
GLOBAL,PWRGEOCHLXX,2038,2420
GLOBAL,PWRGEOCHLXX,2039,2410
GLOBAL,PWRGEOCHLXX,2040,2400
GLOBAL,PWRGEOCHLXX,2041,2400
GLOBAL,PWRGEOCHLXX,2042,2400
GLOBAL,PWRGEOCHLXX,2043,2400
GLOBAL,PWRGEOCHLXX,2044,2400
GLOBAL,PWRGEOCHLXX,2045,2400
GLOBAL,PWRGEOCHLXX,2046,2400
GLOBAL,PWRGEOCHLXX,2047,2400
GLOBAL,PWRGEOCHLXX,2048,2400
GLOBAL,PWRGEOCHLXX,2049,2400
GLOBAL,PWRGEOCHLXX,2050,2400
GLOBAL,PWRGEOCOLXX,2023,2500
GLOBAL,PWRGEOCOLXX,2024,2500
GLOBAL,PWRGEOCOLXX,2025,2500
GLOBAL,PWRGEOCOLXX,2026,2500
GLOBAL,PWRGEOCOLXX,2027,2500
GLOBAL,PWRGEOCOLXX,2028,2500
GLOBAL,PWRGEOCOLXX,2029,2500
GLOBAL,PWRGEOCOLXX,2030,2500
GLOBAL,PWRGEOCOLXX,2031,2490
GLOBAL,PWRGEOCOLXX,2032,2480
GLOBAL,PWRGEOCOLXX,2033,2470
GLOBAL,PWRGEOCOLXX,2034,2460
GLOBAL,PWRGEOCOLXX,2035,2450
GLOBAL,PWRGEOCOLXX,2036,2440
GLOBAL,PWRGEOCOLXX,2037,2430
GLOBAL,PWRGEOCOLXX,2038,2420
GLOBAL,PWRGEOCOLXX,2039,2410
GLOBAL,PWRGEOCOLXX,2040,2400
GLOBAL,PWRGEOCOLXX,2041,2400
GLOBAL,PWRGEOCOLXX,2042,2400
GLOBAL,PWRGEOCOLXX,2043,2400
GLOBAL,PWRGEOCOLXX,2044,2400
GLOBAL,PWRGEOCOLXX,2045,2400
GLOBAL,PWRGEOCOLXX,2046,2400
GLOBAL,PWRGEOCOLXX,2047,2400
GLOBAL,PWRGEOCOLXX,2048,2400
GLOBAL,PWRGEOCOLXX,2049,2400
GLOBAL,PWRGEOCOLXX,2050,2400
GLOBAL,PWRGEOCRIXX,2023,2100
GLOBAL,PWRGEOCRIXX,2024,2100
GLOBAL,PWRGEOCRIXX,2025,2100
GLOBAL,PWRGEOCRIXX,2026,2100
GLOBAL,PWRGEOCRIXX,2027,2100
GLOBAL,PWRGEOCRIXX,2028,2100
GLOBAL,PWRGEOCRIXX,2029,2100
GLOBAL,PWRGEOCRIXX,2030,2100
GLOBAL,PWRGEOCRIXX,2031,2090
GLOBAL,PWRGEOCRIXX,2032,2080
GLOBAL,PWRGEOCRIXX,2033,2070
GLOBAL,PWRGEOCRIXX,2034,2060
GLOBAL,PWRGEOCRIXX,2035,2050
GLOBAL,PWRGEOCRIXX,2036,2040
GLOBAL,PWRGEOCRIXX,2037,2030
GLOBAL,PWRGEOCRIXX,2038,2020
GLOBAL,PWRGEOCRIXX,2039,2010
GLOBAL,PWRGEOCRIXX,2040,2000
GLOBAL,PWRGEOCRIXX,2041,2000
GLOBAL,PWRGEOCRIXX,2042,2000
GLOBAL,PWRGEOCRIXX,2043,2000
GLOBAL,PWRGEOCRIXX,2044,2000
GLOBAL,PWRGEOCRIXX,2045,2000
GLOBAL,PWRGEOCRIXX,2046,2000
GLOBAL,PWRGEOCRIXX,2047,2000
GLOBAL,PWRGEOCRIXX,2048,2000
GLOBAL,PWRGEOCRIXX,2049,2000
GLOBAL,PWRGEOCRIXX,2050,2000
GLOBAL,PWRGEODOMXX,2023,2100
GLOBAL,PWRGEODOMXX,2024,2100
GLOBAL,PWRGEODOMXX,2025,2100
GLOBAL,PWRGEODOMXX,2026,2100
GLOBAL,PWRGEODOMXX,2027,2100
GLOBAL,PWRGEODOMXX,2028,2100
GLOBAL,PWRGEODOMXX,2029,2100
GLOBAL,PWRGEODOMXX,2030,2100
GLOBAL,PWRGEODOMXX,2031,2090
GLOBAL,PWRGEODOMXX,2032,2080
GLOBAL,PWRGEODOMXX,2033,2070
GLOBAL,PWRGEODOMXX,2034,2060
GLOBAL,PWRGEODOMXX,2035,2050
GLOBAL,PWRGEODOMXX,2036,2040
GLOBAL,PWRGEODOMXX,2037,2030
GLOBAL,PWRGEODOMXX,2038,2020
GLOBAL,PWRGEODOMXX,2039,2010
GLOBAL,PWRGEODOMXX,2040,2000
GLOBAL,PWRGEODOMXX,2041,2000
GLOBAL,PWRGEODOMXX,2042,2000
GLOBAL,PWRGEODOMXX,2043,2000
GLOBAL,PWRGEODOMXX,2044,2000
GLOBAL,PWRGEODOMXX,2045,2000
GLOBAL,PWRGEODOMXX,2046,2000
GLOBAL,PWRGEODOMXX,2047,2000
GLOBAL,PWRGEODOMXX,2048,2000
GLOBAL,PWRGEODOMXX,2049,2000
GLOBAL,PWRGEODOMXX,2050,2000
GLOBAL,PWRGEOECUXX,2023,2500
GLOBAL,PWRGEOECUXX,2024,2500
GLOBAL,PWRGEOECUXX,2025,2500
GLOBAL,PWRGEOECUXX,2026,2500
GLOBAL,PWRGEOECUXX,2027,2500
GLOBAL,PWRGEOECUXX,2028,2500
GLOBAL,PWRGEOECUXX,2029,2500
GLOBAL,PWRGEOECUXX,2030,2500
GLOBAL,PWRGEOECUXX,2031,2490
GLOBAL,PWRGEOECUXX,2032,2480
GLOBAL,PWRGEOECUXX,2033,2470
GLOBAL,PWRGEOECUXX,2034,2460
GLOBAL,PWRGEOECUXX,2035,2450
GLOBAL,PWRGEOECUXX,2036,2440
GLOBAL,PWRGEOECUXX,2037,2430
GLOBAL,PWRGEOECUXX,2038,2420
GLOBAL,PWRGEOECUXX,2039,2410
GLOBAL,PWRGEOECUXX,2040,2400
GLOBAL,PWRGEOECUXX,2041,2400
GLOBAL,PWRGEOECUXX,2042,2400
GLOBAL,PWRGEOECUXX,2043,2400
GLOBAL,PWRGEOECUXX,2044,2400
GLOBAL,PWRGEOECUXX,2045,2400
GLOBAL,PWRGEOECUXX,2046,2400
GLOBAL,PWRGEOECUXX,2047,2400
GLOBAL,PWRGEOECUXX,2048,2400
GLOBAL,PWRGEOECUXX,2049,2400
GLOBAL,PWRGEOECUXX,2050,2400
GLOBAL,PWRGEOGTMXX,2023,2100
GLOBAL,PWRGEOGTMXX,2024,2100
GLOBAL,PWRGEOGTMXX,2025,2100
GLOBAL,PWRGEOGTMXX,2026,2100
GLOBAL,PWRGEOGTMXX,2027,2100
GLOBAL,PWRGEOGTMXX,2028,2100
GLOBAL,PWRGEOGTMXX,2029,2100
GLOBAL,PWRGEOGTMXX,2030,2100
GLOBAL,PWRGEOGTMXX,2031,2090
GLOBAL,PWRGEOGTMXX,2032,2080
GLOBAL,PWRGEOGTMXX,2033,2070
GLOBAL,PWRGEOGTMXX,2034,2060
GLOBAL,PWRGEOGTMXX,2035,2050
GLOBAL,PWRGEOGTMXX,2036,2040
GLOBAL,PWRGEOGTMXX,2037,2030
GLOBAL,PWRGEOGTMXX,2038,2020
GLOBAL,PWRGEOGTMXX,2039,2010
GLOBAL,PWRGEOGTMXX,2040,2000
GLOBAL,PWRGEOGTMXX,2041,2000
GLOBAL,PWRGEOGTMXX,2042,2000
GLOBAL,PWRGEOGTMXX,2043,2000
GLOBAL,PWRGEOGTMXX,2044,2000
GLOBAL,PWRGEOGTMXX,2045,2000
GLOBAL,PWRGEOGTMXX,2046,2000
GLOBAL,PWRGEOGTMXX,2047,2000
GLOBAL,PWRGEOGTMXX,2048,2000
GLOBAL,PWRGEOGTMXX,2049,2000
GLOBAL,PWRGEOGTMXX,2050,2000
GLOBAL,PWRGEOHNDXX,2023,2100
GLOBAL,PWRGEOHNDXX,2024,2100
GLOBAL,PWRGEOHNDXX,2025,2100
GLOBAL,PWRGEOHNDXX,2026,2100
GLOBAL,PWRGEOHNDXX,2027,2100
GLOBAL,PWRGEOHNDXX,2028,2100
GLOBAL,PWRGEOHNDXX,2029,2100
GLOBAL,PWRGEOHNDXX,2030,2100
GLOBAL,PWRGEOHNDXX,2031,2090
GLOBAL,PWRGEOHNDXX,2032,2080
GLOBAL,PWRGEOHNDXX,2033,2070
GLOBAL,PWRGEOHNDXX,2034,2060
GLOBAL,PWRGEOHNDXX,2035,2050
GLOBAL,PWRGEOHNDXX,2036,2040
GLOBAL,PWRGEOHNDXX,2037,2030
GLOBAL,PWRGEOHNDXX,2038,2020
GLOBAL,PWRGEOHNDXX,2039,2010
GLOBAL,PWRGEOHNDXX,2040,2000
GLOBAL,PWRGEOHNDXX,2041,2000
GLOBAL,PWRGEOHNDXX,2042,2000
GLOBAL,PWRGEOHNDXX,2043,2000
GLOBAL,PWRGEOHNDXX,2044,2000
GLOBAL,PWRGEOHNDXX,2045,2000
GLOBAL,PWRGEOHNDXX,2046,2000
GLOBAL,PWRGEOHNDXX,2047,2000
GLOBAL,PWRGEOHNDXX,2048,2000
GLOBAL,PWRGEOHNDXX,2049,2000
GLOBAL,PWRGEOHNDXX,2050,2000
GLOBAL,PWRGEOHTIXX,2023,2100
GLOBAL,PWRGEOHTIXX,2024,2100
GLOBAL,PWRGEOHTIXX,2025,2100
GLOBAL,PWRGEOHTIXX,2026,2100
GLOBAL,PWRGEOHTIXX,2027,2100
GLOBAL,PWRGEOHTIXX,2028,2100
GLOBAL,PWRGEOHTIXX,2029,2100
GLOBAL,PWRGEOHTIXX,2030,2100
GLOBAL,PWRGEOHTIXX,2031,2090
GLOBAL,PWRGEOHTIXX,2032,2080
GLOBAL,PWRGEOHTIXX,2033,2070
GLOBAL,PWRGEOHTIXX,2034,2060
GLOBAL,PWRGEOHTIXX,2035,2050
GLOBAL,PWRGEOHTIXX,2036,2040
GLOBAL,PWRGEOHTIXX,2037,2030
GLOBAL,PWRGEOHTIXX,2038,2020
GLOBAL,PWRGEOHTIXX,2039,2010
GLOBAL,PWRGEOHTIXX,2040,2000
GLOBAL,PWRGEOHTIXX,2041,2000
GLOBAL,PWRGEOHTIXX,2042,2000
GLOBAL,PWRGEOHTIXX,2043,2000
GLOBAL,PWRGEOHTIXX,2044,2000
GLOBAL,PWRGEOHTIXX,2045,2000
GLOBAL,PWRGEOHTIXX,2046,2000
GLOBAL,PWRGEOHTIXX,2047,2000
GLOBAL,PWRGEOHTIXX,2048,2000
GLOBAL,PWRGEOHTIXX,2049,2000
GLOBAL,PWRGEOHTIXX,2050,2000
GLOBAL,PWRGEOMEXXX,2023,2100
GLOBAL,PWRGEOMEXXX,2024,2100
GLOBAL,PWRGEOMEXXX,2025,2100
GLOBAL,PWRGEOMEXXX,2026,2100
GLOBAL,PWRGEOMEXXX,2027,2100
GLOBAL,PWRGEOMEXXX,2028,2100
GLOBAL,PWRGEOMEXXX,2029,2100
GLOBAL,PWRGEOMEXXX,2030,2100
GLOBAL,PWRGEOMEXXX,2031,2090
GLOBAL,PWRGEOMEXXX,2032,2080
GLOBAL,PWRGEOMEXXX,2033,2070
GLOBAL,PWRGEOMEXXX,2034,2060
GLOBAL,PWRGEOMEXXX,2035,2050
GLOBAL,PWRGEOMEXXX,2036,2040
GLOBAL,PWRGEOMEXXX,2037,2030
GLOBAL,PWRGEOMEXXX,2038,2020
GLOBAL,PWRGEOMEXXX,2039,2010
GLOBAL,PWRGEOMEXXX,2040,2000
GLOBAL,PWRGEOMEXXX,2041,2000
GLOBAL,PWRGEOMEXXX,2042,2000
GLOBAL,PWRGEOMEXXX,2043,2000
GLOBAL,PWRGEOMEXXX,2044,2000
GLOBAL,PWRGEOMEXXX,2045,2000
GLOBAL,PWRGEOMEXXX,2046,2000
GLOBAL,PWRGEOMEXXX,2047,2000
GLOBAL,PWRGEOMEXXX,2048,2000
GLOBAL,PWRGEOMEXXX,2049,2000
GLOBAL,PWRGEOMEXXX,2050,2000
GLOBAL,PWRGEONICXX,2023,2500
GLOBAL,PWRGEONICXX,2024,2500
GLOBAL,PWRGEONICXX,2025,2500
GLOBAL,PWRGEONICXX,2026,2500
GLOBAL,PWRGEONICXX,2027,2500
GLOBAL,PWRGEONICXX,2028,2500
GLOBAL,PWRGEONICXX,2029,2500
GLOBAL,PWRGEONICXX,2030,2500
GLOBAL,PWRGEONICXX,2031,2490
GLOBAL,PWRGEONICXX,2032,2480
GLOBAL,PWRGEONICXX,2033,2470
GLOBAL,PWRGEONICXX,2034,2460
GLOBAL,PWRGEONICXX,2035,2450
GLOBAL,PWRGEONICXX,2036,2440
GLOBAL,PWRGEONICXX,2037,2430
GLOBAL,PWRGEONICXX,2038,2420
GLOBAL,PWRGEONICXX,2039,2410
GLOBAL,PWRGEONICXX,2040,2400
GLOBAL,PWRGEONICXX,2041,2400
GLOBAL,PWRGEONICXX,2042,2400
GLOBAL,PWRGEONICXX,2043,2400
GLOBAL,PWRGEONICXX,2044,2400
GLOBAL,PWRGEONICXX,2045,2400
GLOBAL,PWRGEONICXX,2046,2400
GLOBAL,PWRGEONICXX,2047,2400
GLOBAL,PWRGEONICXX,2048,2400
GLOBAL,PWRGEONICXX,2049,2400
GLOBAL,PWRGEONICXX,2050,2400
GLOBAL,PWRGEOPANXX,2023,2100
GLOBAL,PWRGEOPANXX,2024,2100
GLOBAL,PWRGEOPANXX,2025,2100
GLOBAL,PWRGEOPANXX,2026,2100
GLOBAL,PWRGEOPANXX,2027,2100
GLOBAL,PWRGEOPANXX,2028,2100
GLOBAL,PWRGEOPANXX,2029,2100
GLOBAL,PWRGEOPANXX,2030,2100
GLOBAL,PWRGEOPANXX,2031,2090
GLOBAL,PWRGEOPANXX,2032,2080
GLOBAL,PWRGEOPANXX,2033,2070
GLOBAL,PWRGEOPANXX,2034,2060
GLOBAL,PWRGEOPANXX,2035,2050
GLOBAL,PWRGEOPANXX,2036,2040
GLOBAL,PWRGEOPANXX,2037,2030
GLOBAL,PWRGEOPANXX,2038,2020
GLOBAL,PWRGEOPANXX,2039,2010
GLOBAL,PWRGEOPANXX,2040,2000
GLOBAL,PWRGEOPANXX,2041,2000
GLOBAL,PWRGEOPANXX,2042,2000
GLOBAL,PWRGEOPANXX,2043,2000
GLOBAL,PWRGEOPANXX,2044,2000
GLOBAL,PWRGEOPANXX,2045,2000
GLOBAL,PWRGEOPANXX,2046,2000
GLOBAL,PWRGEOPANXX,2047,2000
GLOBAL,PWRGEOPANXX,2048,2000
GLOBAL,PWRGEOPANXX,2049,2000
GLOBAL,PWRGEOPANXX,2050,2000
GLOBAL,PWRGEOPERXX,2023,2500
GLOBAL,PWRGEOPERXX,2024,2500
GLOBAL,PWRGEOPERXX,2025,2500
GLOBAL,PWRGEOPERXX,2026,2500
GLOBAL,PWRGEOPERXX,2027,2500
GLOBAL,PWRGEOPERXX,2028,2500
GLOBAL,PWRGEOPERXX,2029,2500
GLOBAL,PWRGEOPERXX,2030,2500
GLOBAL,PWRGEOPERXX,2031,2490
GLOBAL,PWRGEOPERXX,2032,2480
GLOBAL,PWRGEOPERXX,2033,2470
GLOBAL,PWRGEOPERXX,2034,2460
GLOBAL,PWRGEOPERXX,2035,2450
GLOBAL,PWRGEOPERXX,2036,2440
GLOBAL,PWRGEOPERXX,2037,2430
GLOBAL,PWRGEOPERXX,2038,2420
GLOBAL,PWRGEOPERXX,2039,2410
GLOBAL,PWRGEOPERXX,2040,2400
GLOBAL,PWRGEOPERXX,2041,2400
GLOBAL,PWRGEOPERXX,2042,2400
GLOBAL,PWRGEOPERXX,2043,2400
GLOBAL,PWRGEOPERXX,2044,2400
GLOBAL,PWRGEOPERXX,2045,2400
GLOBAL,PWRGEOPERXX,2046,2400
GLOBAL,PWRGEOPERXX,2047,2400
GLOBAL,PWRGEOPERXX,2048,2400
GLOBAL,PWRGEOPERXX,2049,2400
GLOBAL,PWRGEOPERXX,2050,2400
GLOBAL,PWRGEOPRYXX,2023,2500
GLOBAL,PWRGEOPRYXX,2024,2500
GLOBAL,PWRGEOPRYXX,2025,2500
GLOBAL,PWRGEOPRYXX,2026,2500
GLOBAL,PWRGEOPRYXX,2027,2500
GLOBAL,PWRGEOPRYXX,2028,2500
GLOBAL,PWRGEOPRYXX,2029,2500
GLOBAL,PWRGEOPRYXX,2030,2500
GLOBAL,PWRGEOPRYXX,2031,2490
GLOBAL,PWRGEOPRYXX,2032,2480
GLOBAL,PWRGEOPRYXX,2033,2470
GLOBAL,PWRGEOPRYXX,2034,2460
GLOBAL,PWRGEOPRYXX,2035,2450
GLOBAL,PWRGEOPRYXX,2036,2440
GLOBAL,PWRGEOPRYXX,2037,2430
GLOBAL,PWRGEOPRYXX,2038,2420
GLOBAL,PWRGEOPRYXX,2039,2410
GLOBAL,PWRGEOPRYXX,2040,2400
GLOBAL,PWRGEOPRYXX,2041,2400
GLOBAL,PWRGEOPRYXX,2042,2400
GLOBAL,PWRGEOPRYXX,2043,2400
GLOBAL,PWRGEOPRYXX,2044,2400
GLOBAL,PWRGEOPRYXX,2045,2400
GLOBAL,PWRGEOPRYXX,2046,2400
GLOBAL,PWRGEOPRYXX,2047,2400
GLOBAL,PWRGEOPRYXX,2048,2400
GLOBAL,PWRGEOPRYXX,2049,2400
GLOBAL,PWRGEOPRYXX,2050,2400
GLOBAL,PWRGEOSLVXX,2023,2100
GLOBAL,PWRGEOSLVXX,2024,2100
GLOBAL,PWRGEOSLVXX,2025,2100
GLOBAL,PWRGEOSLVXX,2026,2100
GLOBAL,PWRGEOSLVXX,2027,2100
GLOBAL,PWRGEOSLVXX,2028,2100
GLOBAL,PWRGEOSLVXX,2029,2100
GLOBAL,PWRGEOSLVXX,2030,2100
GLOBAL,PWRGEOSLVXX,2031,2090
GLOBAL,PWRGEOSLVXX,2032,2080
GLOBAL,PWRGEOSLVXX,2033,2070
GLOBAL,PWRGEOSLVXX,2034,2060
GLOBAL,PWRGEOSLVXX,2035,2050
GLOBAL,PWRGEOSLVXX,2036,2040
GLOBAL,PWRGEOSLVXX,2037,2030
GLOBAL,PWRGEOSLVXX,2038,2020
GLOBAL,PWRGEOSLVXX,2039,2010
GLOBAL,PWRGEOSLVXX,2040,2000
GLOBAL,PWRGEOSLVXX,2041,2000
GLOBAL,PWRGEOSLVXX,2042,2000
GLOBAL,PWRGEOSLVXX,2043,2000
GLOBAL,PWRGEOSLVXX,2044,2000
GLOBAL,PWRGEOSLVXX,2045,2000
GLOBAL,PWRGEOSLVXX,2046,2000
GLOBAL,PWRGEOSLVXX,2047,2000
GLOBAL,PWRGEOSLVXX,2048,2000
GLOBAL,PWRGEOSLVXX,2049,2000
GLOBAL,PWRGEOSLVXX,2050,2000
GLOBAL,PWRGEOURYXX,2023,2500
GLOBAL,PWRGEOURYXX,2024,2500
GLOBAL,PWRGEOURYXX,2025,2500
GLOBAL,PWRGEOURYXX,2026,2500
GLOBAL,PWRGEOURYXX,2027,2500
GLOBAL,PWRGEOURYXX,2028,2500
GLOBAL,PWRGEOURYXX,2029,2500
GLOBAL,PWRGEOURYXX,2030,2500
GLOBAL,PWRGEOURYXX,2031,2490
GLOBAL,PWRGEOURYXX,2032,2480
GLOBAL,PWRGEOURYXX,2033,2470
GLOBAL,PWRGEOURYXX,2034,2460
GLOBAL,PWRGEOURYXX,2035,2450
GLOBAL,PWRGEOURYXX,2036,2440
GLOBAL,PWRGEOURYXX,2037,2430
GLOBAL,PWRGEOURYXX,2038,2420
GLOBAL,PWRGEOURYXX,2039,2410
GLOBAL,PWRGEOURYXX,2040,2400
GLOBAL,PWRGEOURYXX,2041,2400
GLOBAL,PWRGEOURYXX,2042,2400
GLOBAL,PWRGEOURYXX,2043,2400
GLOBAL,PWRGEOURYXX,2044,2400
GLOBAL,PWRGEOURYXX,2045,2400
GLOBAL,PWRGEOURYXX,2046,2400
GLOBAL,PWRGEOURYXX,2047,2400
GLOBAL,PWRGEOURYXX,2048,2400
GLOBAL,PWRGEOURYXX,2049,2400
GLOBAL,PWRGEOURYXX,2050,2400
GLOBAL,PWRHYDARGXX,2023,2100
GLOBAL,PWRHYDARGXX,2024,2100
GLOBAL,PWRHYDARGXX,2025,2100
GLOBAL,PWRHYDARGXX,2026,2100
GLOBAL,PWRHYDARGXX,2027,2100
GLOBAL,PWRHYDARGXX,2028,2100
GLOBAL,PWRHYDARGXX,2029,2100
GLOBAL,PWRHYDARGXX,2030,2100
GLOBAL,PWRHYDARGXX,2031,2105
GLOBAL,PWRHYDARGXX,2032,2110
GLOBAL,PWRHYDARGXX,2033,2115
GLOBAL,PWRHYDARGXX,2034,2120
GLOBAL,PWRHYDARGXX,2035,2125
GLOBAL,PWRHYDARGXX,2036,2130
GLOBAL,PWRHYDARGXX,2037,2135
GLOBAL,PWRHYDARGXX,2038,2140
GLOBAL,PWRHYDARGXX,2039,2145
GLOBAL,PWRHYDARGXX,2040,2150
GLOBAL,PWRHYDARGXX,2041,2150
GLOBAL,PWRHYDARGXX,2042,2150
GLOBAL,PWRHYDARGXX,2043,2150
GLOBAL,PWRHYDARGXX,2044,2150
GLOBAL,PWRHYDARGXX,2045,2150
GLOBAL,PWRHYDARGXX,2046,2150
GLOBAL,PWRHYDARGXX,2047,2150
GLOBAL,PWRHYDARGXX,2048,2150
GLOBAL,PWRHYDARGXX,2049,2150
GLOBAL,PWRHYDARGXX,2050,2150
GLOBAL,PWRHYDBOLXX,2023,2100
GLOBAL,PWRHYDBOLXX,2024,2100
GLOBAL,PWRHYDBOLXX,2025,2100
GLOBAL,PWRHYDBOLXX,2026,2100
GLOBAL,PWRHYDBOLXX,2027,2100
GLOBAL,PWRHYDBOLXX,2028,2100
GLOBAL,PWRHYDBOLXX,2029,2100
GLOBAL,PWRHYDBOLXX,2030,2100
GLOBAL,PWRHYDBOLXX,2031,2105
GLOBAL,PWRHYDBOLXX,2032,2110
GLOBAL,PWRHYDBOLXX,2033,2115
GLOBAL,PWRHYDBOLXX,2034,2120
GLOBAL,PWRHYDBOLXX,2035,2125
GLOBAL,PWRHYDBOLXX,2036,2130
GLOBAL,PWRHYDBOLXX,2037,2135
GLOBAL,PWRHYDBOLXX,2038,2140
GLOBAL,PWRHYDBOLXX,2039,2145
GLOBAL,PWRHYDBOLXX,2040,2150
GLOBAL,PWRHYDBOLXX,2041,2150
GLOBAL,PWRHYDBOLXX,2042,2150
GLOBAL,PWRHYDBOLXX,2043,2150
GLOBAL,PWRHYDBOLXX,2044,2150
GLOBAL,PWRHYDBOLXX,2045,2150
GLOBAL,PWRHYDBOLXX,2046,2150
GLOBAL,PWRHYDBOLXX,2047,2150
GLOBAL,PWRHYDBOLXX,2048,2150
GLOBAL,PWRHYDBOLXX,2049,2150
GLOBAL,PWRHYDBOLXX,2050,2150
GLOBAL,PWRHYDBRAXX,2023,2100
GLOBAL,PWRHYDBRAXX,2024,2100
GLOBAL,PWRHYDBRAXX,2025,2100
GLOBAL,PWRHYDBRAXX,2026,2100
GLOBAL,PWRHYDBRAXX,2027,2100
GLOBAL,PWRHYDBRAXX,2028,2100
GLOBAL,PWRHYDBRAXX,2029,2100
GLOBAL,PWRHYDBRAXX,2030,2100
GLOBAL,PWRHYDBRAXX,2031,2105
GLOBAL,PWRHYDBRAXX,2032,2110
GLOBAL,PWRHYDBRAXX,2033,2115
GLOBAL,PWRHYDBRAXX,2034,2120
GLOBAL,PWRHYDBRAXX,2035,2125
GLOBAL,PWRHYDBRAXX,2036,2130
GLOBAL,PWRHYDBRAXX,2037,2135
GLOBAL,PWRHYDBRAXX,2038,2140
GLOBAL,PWRHYDBRAXX,2039,2145
GLOBAL,PWRHYDBRAXX,2040,2150
GLOBAL,PWRHYDBRAXX,2041,2150
GLOBAL,PWRHYDBRAXX,2042,2150
GLOBAL,PWRHYDBRAXX,2043,2150
GLOBAL,PWRHYDBRAXX,2044,2150
GLOBAL,PWRHYDBRAXX,2045,2150
GLOBAL,PWRHYDBRAXX,2046,2150
GLOBAL,PWRHYDBRAXX,2047,2150
GLOBAL,PWRHYDBRAXX,2048,2150
GLOBAL,PWRHYDBRAXX,2049,2150
GLOBAL,PWRHYDBRAXX,2050,2150
GLOBAL,PWRHYDBRBXX,2023,2700
GLOBAL,PWRHYDBRBXX,2024,2700
GLOBAL,PWRHYDBRBXX,2025,2700
GLOBAL,PWRHYDBRBXX,2026,2700
GLOBAL,PWRHYDBRBXX,2027,2700
GLOBAL,PWRHYDBRBXX,2028,2700
GLOBAL,PWRHYDBRBXX,2029,2700
GLOBAL,PWRHYDBRBXX,2030,2700
GLOBAL,PWRHYDBRBXX,2031,2700
GLOBAL,PWRHYDBRBXX,2032,2700
GLOBAL,PWRHYDBRBXX,2033,2700
GLOBAL,PWRHYDBRBXX,2034,2700
GLOBAL,PWRHYDBRBXX,2035,2700
GLOBAL,PWRHYDBRBXX,2036,2700
GLOBAL,PWRHYDBRBXX,2037,2700
GLOBAL,PWRHYDBRBXX,2038,2700
GLOBAL,PWRHYDBRBXX,2039,2700
GLOBAL,PWRHYDBRBXX,2040,2700
GLOBAL,PWRHYDBRBXX,2041,2700
GLOBAL,PWRHYDBRBXX,2042,2700
GLOBAL,PWRHYDBRBXX,2043,2700
GLOBAL,PWRHYDBRBXX,2044,2700
GLOBAL,PWRHYDBRBXX,2045,2700
GLOBAL,PWRHYDBRBXX,2046,2700
GLOBAL,PWRHYDBRBXX,2047,2700
GLOBAL,PWRHYDBRBXX,2048,2700
GLOBAL,PWRHYDBRBXX,2049,2700
GLOBAL,PWRHYDBRBXX,2050,2700
GLOBAL,PWRHYDCHLXX,2023,2100
GLOBAL,PWRHYDCHLXX,2024,2100
GLOBAL,PWRHYDCHLXX,2025,2100
GLOBAL,PWRHYDCHLXX,2026,2100
GLOBAL,PWRHYDCHLXX,2027,2100
GLOBAL,PWRHYDCHLXX,2028,2100
GLOBAL,PWRHYDCHLXX,2029,2100
GLOBAL,PWRHYDCHLXX,2030,2100
GLOBAL,PWRHYDCHLXX,2031,2105
GLOBAL,PWRHYDCHLXX,2032,2110
GLOBAL,PWRHYDCHLXX,2033,2115
GLOBAL,PWRHYDCHLXX,2034,2120
GLOBAL,PWRHYDCHLXX,2035,2125
GLOBAL,PWRHYDCHLXX,2036,2130
GLOBAL,PWRHYDCHLXX,2037,2135
GLOBAL,PWRHYDCHLXX,2038,2140
GLOBAL,PWRHYDCHLXX,2039,2145
GLOBAL,PWRHYDCHLXX,2040,2150
GLOBAL,PWRHYDCHLXX,2041,2150
GLOBAL,PWRHYDCHLXX,2042,2150
GLOBAL,PWRHYDCHLXX,2043,2150
GLOBAL,PWRHYDCHLXX,2044,2150
GLOBAL,PWRHYDCHLXX,2045,2150
GLOBAL,PWRHYDCHLXX,2046,2150
GLOBAL,PWRHYDCHLXX,2047,2150
GLOBAL,PWRHYDCHLXX,2048,2150
GLOBAL,PWRHYDCHLXX,2049,2150
GLOBAL,PWRHYDCHLXX,2050,2150
GLOBAL,PWRHYDCOLXX,2023,2100
GLOBAL,PWRHYDCOLXX,2024,2100
GLOBAL,PWRHYDCOLXX,2025,2100
GLOBAL,PWRHYDCOLXX,2026,2100
GLOBAL,PWRHYDCOLXX,2027,2100
GLOBAL,PWRHYDCOLXX,2028,2100
GLOBAL,PWRHYDCOLXX,2029,2100
GLOBAL,PWRHYDCOLXX,2030,2100
GLOBAL,PWRHYDCOLXX,2031,2105
GLOBAL,PWRHYDCOLXX,2032,2110
GLOBAL,PWRHYDCOLXX,2033,2115
GLOBAL,PWRHYDCOLXX,2034,2120
GLOBAL,PWRHYDCOLXX,2035,2125
GLOBAL,PWRHYDCOLXX,2036,2130
GLOBAL,PWRHYDCOLXX,2037,2135
GLOBAL,PWRHYDCOLXX,2038,2140
GLOBAL,PWRHYDCOLXX,2039,2145
GLOBAL,PWRHYDCOLXX,2040,2150
GLOBAL,PWRHYDCOLXX,2041,2150
GLOBAL,PWRHYDCOLXX,2042,2150
GLOBAL,PWRHYDCOLXX,2043,2150
GLOBAL,PWRHYDCOLXX,2044,2150
GLOBAL,PWRHYDCOLXX,2045,2150
GLOBAL,PWRHYDCOLXX,2046,2150
GLOBAL,PWRHYDCOLXX,2047,2150
GLOBAL,PWRHYDCOLXX,2048,2150
GLOBAL,PWRHYDCOLXX,2049,2150
GLOBAL,PWRHYDCOLXX,2050,2150
GLOBAL,PWRHYDCRIXX,2023,2700
GLOBAL,PWRHYDCRIXX,2024,2700
GLOBAL,PWRHYDCRIXX,2025,2700
GLOBAL,PWRHYDCRIXX,2026,2700
GLOBAL,PWRHYDCRIXX,2027,2700
GLOBAL,PWRHYDCRIXX,2028,2700
GLOBAL,PWRHYDCRIXX,2029,2700
GLOBAL,PWRHYDCRIXX,2030,2700
GLOBAL,PWRHYDCRIXX,2031,2700
GLOBAL,PWRHYDCRIXX,2032,2700
GLOBAL,PWRHYDCRIXX,2033,2700
GLOBAL,PWRHYDCRIXX,2034,2700
GLOBAL,PWRHYDCRIXX,2035,2700
GLOBAL,PWRHYDCRIXX,2036,2700
GLOBAL,PWRHYDCRIXX,2037,2700
GLOBAL,PWRHYDCRIXX,2038,2700
GLOBAL,PWRHYDCRIXX,2039,2700
GLOBAL,PWRHYDCRIXX,2040,2700
GLOBAL,PWRHYDCRIXX,2041,2700
GLOBAL,PWRHYDCRIXX,2042,2700
GLOBAL,PWRHYDCRIXX,2043,2700
GLOBAL,PWRHYDCRIXX,2044,2700
GLOBAL,PWRHYDCRIXX,2045,2700
GLOBAL,PWRHYDCRIXX,2046,2700
GLOBAL,PWRHYDCRIXX,2047,2700
GLOBAL,PWRHYDCRIXX,2048,2700
GLOBAL,PWRHYDCRIXX,2049,2700
GLOBAL,PWRHYDCRIXX,2050,2700
GLOBAL,PWRHYDDOMXX,2023,2700
GLOBAL,PWRHYDDOMXX,2024,2700
GLOBAL,PWRHYDDOMXX,2025,2700
GLOBAL,PWRHYDDOMXX,2026,2700
GLOBAL,PWRHYDDOMXX,2027,2700
GLOBAL,PWRHYDDOMXX,2028,2700
GLOBAL,PWRHYDDOMXX,2029,2700
GLOBAL,PWRHYDDOMXX,2030,2700
GLOBAL,PWRHYDDOMXX,2031,2700
GLOBAL,PWRHYDDOMXX,2032,2700
GLOBAL,PWRHYDDOMXX,2033,2700
GLOBAL,PWRHYDDOMXX,2034,2700
GLOBAL,PWRHYDDOMXX,2035,2700
GLOBAL,PWRHYDDOMXX,2036,2700
GLOBAL,PWRHYDDOMXX,2037,2700
GLOBAL,PWRHYDDOMXX,2038,2700
GLOBAL,PWRHYDDOMXX,2039,2700
GLOBAL,PWRHYDDOMXX,2040,2700
GLOBAL,PWRHYDDOMXX,2041,2700
GLOBAL,PWRHYDDOMXX,2042,2700
GLOBAL,PWRHYDDOMXX,2043,2700
GLOBAL,PWRHYDDOMXX,2044,2700
GLOBAL,PWRHYDDOMXX,2045,2700
GLOBAL,PWRHYDDOMXX,2046,2700
GLOBAL,PWRHYDDOMXX,2047,2700
GLOBAL,PWRHYDDOMXX,2048,2700
GLOBAL,PWRHYDDOMXX,2049,2700
GLOBAL,PWRHYDDOMXX,2050,2700
GLOBAL,PWRHYDECUXX,2023,2100
GLOBAL,PWRHYDECUXX,2024,2100
GLOBAL,PWRHYDECUXX,2025,2100
GLOBAL,PWRHYDECUXX,2026,2100
GLOBAL,PWRHYDECUXX,2027,2100
GLOBAL,PWRHYDECUXX,2028,2100
GLOBAL,PWRHYDECUXX,2029,2100
GLOBAL,PWRHYDECUXX,2030,2100
GLOBAL,PWRHYDECUXX,2031,2105
GLOBAL,PWRHYDECUXX,2032,2110
GLOBAL,PWRHYDECUXX,2033,2115
GLOBAL,PWRHYDECUXX,2034,2120
GLOBAL,PWRHYDECUXX,2035,2125
GLOBAL,PWRHYDECUXX,2036,2130
GLOBAL,PWRHYDECUXX,2037,2135
GLOBAL,PWRHYDECUXX,2038,2140
GLOBAL,PWRHYDECUXX,2039,2145
GLOBAL,PWRHYDECUXX,2040,2150
GLOBAL,PWRHYDECUXX,2041,2150
GLOBAL,PWRHYDECUXX,2042,2150
GLOBAL,PWRHYDECUXX,2043,2150
GLOBAL,PWRHYDECUXX,2044,2150
GLOBAL,PWRHYDECUXX,2045,2150
GLOBAL,PWRHYDECUXX,2046,2150
GLOBAL,PWRHYDECUXX,2047,2150
GLOBAL,PWRHYDECUXX,2048,2150
GLOBAL,PWRHYDECUXX,2049,2150
GLOBAL,PWRHYDECUXX,2050,2150
GLOBAL,PWRHYDGTMXX,2023,2700
GLOBAL,PWRHYDGTMXX,2024,2700
GLOBAL,PWRHYDGTMXX,2025,2700
GLOBAL,PWRHYDGTMXX,2026,2700
GLOBAL,PWRHYDGTMXX,2027,2700
GLOBAL,PWRHYDGTMXX,2028,2700
GLOBAL,PWRHYDGTMXX,2029,2700
GLOBAL,PWRHYDGTMXX,2030,2700
GLOBAL,PWRHYDGTMXX,2031,2700
GLOBAL,PWRHYDGTMXX,2032,2700
GLOBAL,PWRHYDGTMXX,2033,2700
GLOBAL,PWRHYDGTMXX,2034,2700
GLOBAL,PWRHYDGTMXX,2035,2700
GLOBAL,PWRHYDGTMXX,2036,2700
GLOBAL,PWRHYDGTMXX,2037,2700
GLOBAL,PWRHYDGTMXX,2038,2700
GLOBAL,PWRHYDGTMXX,2039,2700
GLOBAL,PWRHYDGTMXX,2040,2700
GLOBAL,PWRHYDGTMXX,2041,2700
GLOBAL,PWRHYDGTMXX,2042,2700
GLOBAL,PWRHYDGTMXX,2043,2700
GLOBAL,PWRHYDGTMXX,2044,2700
GLOBAL,PWRHYDGTMXX,2045,2700
GLOBAL,PWRHYDGTMXX,2046,2700
GLOBAL,PWRHYDGTMXX,2047,2700
GLOBAL,PWRHYDGTMXX,2048,2700
GLOBAL,PWRHYDGTMXX,2049,2700
GLOBAL,PWRHYDGTMXX,2050,2700
GLOBAL,PWRHYDHNDXX,2023,2700
GLOBAL,PWRHYDHNDXX,2024,2700
GLOBAL,PWRHYDHNDXX,2025,2700
GLOBAL,PWRHYDHNDXX,2026,2700
GLOBAL,PWRHYDHNDXX,2027,2700
GLOBAL,PWRHYDHNDXX,2028,2700
GLOBAL,PWRHYDHNDXX,2029,2700
GLOBAL,PWRHYDHNDXX,2030,2700
GLOBAL,PWRHYDHNDXX,2031,2700
GLOBAL,PWRHYDHNDXX,2032,2700
GLOBAL,PWRHYDHNDXX,2033,2700
GLOBAL,PWRHYDHNDXX,2034,2700
GLOBAL,PWRHYDHNDXX,2035,2700
GLOBAL,PWRHYDHNDXX,2036,2700
GLOBAL,PWRHYDHNDXX,2037,2700
GLOBAL,PWRHYDHNDXX,2038,2700
GLOBAL,PWRHYDHNDXX,2039,2700
GLOBAL,PWRHYDHNDXX,2040,2700
GLOBAL,PWRHYDHNDXX,2041,2700
GLOBAL,PWRHYDHNDXX,2042,2700
GLOBAL,PWRHYDHNDXX,2043,2700
GLOBAL,PWRHYDHNDXX,2044,2700
GLOBAL,PWRHYDHNDXX,2045,2700
GLOBAL,PWRHYDHNDXX,2046,2700
GLOBAL,PWRHYDHNDXX,2047,2700
GLOBAL,PWRHYDHNDXX,2048,2700
GLOBAL,PWRHYDHNDXX,2049,2700
GLOBAL,PWRHYDHNDXX,2050,2700
GLOBAL,PWRHYDHTIXX,2023,2700
GLOBAL,PWRHYDHTIXX,2024,2700
GLOBAL,PWRHYDHTIXX,2025,2700
GLOBAL,PWRHYDHTIXX,2026,2700
GLOBAL,PWRHYDHTIXX,2027,2700
GLOBAL,PWRHYDHTIXX,2028,2700
GLOBAL,PWRHYDHTIXX,2029,2700
GLOBAL,PWRHYDHTIXX,2030,2700
GLOBAL,PWRHYDHTIXX,2031,2700
GLOBAL,PWRHYDHTIXX,2032,2700
GLOBAL,PWRHYDHTIXX,2033,2700
GLOBAL,PWRHYDHTIXX,2034,2700
GLOBAL,PWRHYDHTIXX,2035,2700
GLOBAL,PWRHYDHTIXX,2036,2700
GLOBAL,PWRHYDHTIXX,2037,2700
GLOBAL,PWRHYDHTIXX,2038,2700
GLOBAL,PWRHYDHTIXX,2039,2700
GLOBAL,PWRHYDHTIXX,2040,2700
GLOBAL,PWRHYDHTIXX,2041,2700
GLOBAL,PWRHYDHTIXX,2042,2700
GLOBAL,PWRHYDHTIXX,2043,2700
GLOBAL,PWRHYDHTIXX,2044,2700
GLOBAL,PWRHYDHTIXX,2045,2700
GLOBAL,PWRHYDHTIXX,2046,2700
GLOBAL,PWRHYDHTIXX,2047,2700
GLOBAL,PWRHYDHTIXX,2048,2700
GLOBAL,PWRHYDHTIXX,2049,2700
GLOBAL,PWRHYDHTIXX,2050,2700
GLOBAL,PWRHYDMEXXX,2023,2700
GLOBAL,PWRHYDMEXXX,2024,2700
GLOBAL,PWRHYDMEXXX,2025,2700
GLOBAL,PWRHYDMEXXX,2026,2700
GLOBAL,PWRHYDMEXXX,2027,2700
GLOBAL,PWRHYDMEXXX,2028,2700
GLOBAL,PWRHYDMEXXX,2029,2700
GLOBAL,PWRHYDMEXXX,2030,2700
GLOBAL,PWRHYDMEXXX,2031,2700
GLOBAL,PWRHYDMEXXX,2032,2700
GLOBAL,PWRHYDMEXXX,2033,2700
GLOBAL,PWRHYDMEXXX,2034,2700
GLOBAL,PWRHYDMEXXX,2035,2700
GLOBAL,PWRHYDMEXXX,2036,2700
GLOBAL,PWRHYDMEXXX,2037,2700
GLOBAL,PWRHYDMEXXX,2038,2700
GLOBAL,PWRHYDMEXXX,2039,2700
GLOBAL,PWRHYDMEXXX,2040,2700
GLOBAL,PWRHYDMEXXX,2041,2700
GLOBAL,PWRHYDMEXXX,2042,2700
GLOBAL,PWRHYDMEXXX,2043,2700
GLOBAL,PWRHYDMEXXX,2044,2700
GLOBAL,PWRHYDMEXXX,2045,2700
GLOBAL,PWRHYDMEXXX,2046,2700
GLOBAL,PWRHYDMEXXX,2047,2700
GLOBAL,PWRHYDMEXXX,2048,2700
GLOBAL,PWRHYDMEXXX,2049,2700
GLOBAL,PWRHYDMEXXX,2050,2700
GLOBAL,PWRHYDNICXX,2023,2100
GLOBAL,PWRHYDNICXX,2024,2100
GLOBAL,PWRHYDNICXX,2025,2100
GLOBAL,PWRHYDNICXX,2026,2100
GLOBAL,PWRHYDNICXX,2027,2100
GLOBAL,PWRHYDNICXX,2028,2100
GLOBAL,PWRHYDNICXX,2029,2100
GLOBAL,PWRHYDNICXX,2030,2100
GLOBAL,PWRHYDNICXX,2031,2105
GLOBAL,PWRHYDNICXX,2032,2110
GLOBAL,PWRHYDNICXX,2033,2115
GLOBAL,PWRHYDNICXX,2034,2120
GLOBAL,PWRHYDNICXX,2035,2125
GLOBAL,PWRHYDNICXX,2036,2130
GLOBAL,PWRHYDNICXX,2037,2135
GLOBAL,PWRHYDNICXX,2038,2140
GLOBAL,PWRHYDNICXX,2039,2145
GLOBAL,PWRHYDNICXX,2040,2150
GLOBAL,PWRHYDNICXX,2041,2150
GLOBAL,PWRHYDNICXX,2042,2150
GLOBAL,PWRHYDNICXX,2043,2150
GLOBAL,PWRHYDNICXX,2044,2150
GLOBAL,PWRHYDNICXX,2045,2150
GLOBAL,PWRHYDNICXX,2046,2150
GLOBAL,PWRHYDNICXX,2047,2150
GLOBAL,PWRHYDNICXX,2048,2150
GLOBAL,PWRHYDNICXX,2049,2150
GLOBAL,PWRHYDNICXX,2050,2150
GLOBAL,PWRHYDPANXX,2023,2700
GLOBAL,PWRHYDPANXX,2024,2700
GLOBAL,PWRHYDPANXX,2025,2700
GLOBAL,PWRHYDPANXX,2026,2700
GLOBAL,PWRHYDPANXX,2027,2700
GLOBAL,PWRHYDPANXX,2028,2700
GLOBAL,PWRHYDPANXX,2029,2700
GLOBAL,PWRHYDPANXX,2030,2700
GLOBAL,PWRHYDPANXX,2031,2700
GLOBAL,PWRHYDPANXX,2032,2700
GLOBAL,PWRHYDPANXX,2033,2700
GLOBAL,PWRHYDPANXX,2034,2700
GLOBAL,PWRHYDPANXX,2035,2700
GLOBAL,PWRHYDPANXX,2036,2700
GLOBAL,PWRHYDPANXX,2037,2700
GLOBAL,PWRHYDPANXX,2038,2700
GLOBAL,PWRHYDPANXX,2039,2700
GLOBAL,PWRHYDPANXX,2040,2700
GLOBAL,PWRHYDPANXX,2041,2700
GLOBAL,PWRHYDPANXX,2042,2700
GLOBAL,PWRHYDPANXX,2043,2700
GLOBAL,PWRHYDPANXX,2044,2700
GLOBAL,PWRHYDPANXX,2045,2700
GLOBAL,PWRHYDPANXX,2046,2700
GLOBAL,PWRHYDPANXX,2047,2700
GLOBAL,PWRHYDPANXX,2048,2700
GLOBAL,PWRHYDPANXX,2049,2700
GLOBAL,PWRHYDPANXX,2050,2700
GLOBAL,PWRHYDPERXX,2023,2100
GLOBAL,PWRHYDPERXX,2024,2100
GLOBAL,PWRHYDPERXX,2025,2100
GLOBAL,PWRHYDPERXX,2026,2100
GLOBAL,PWRHYDPERXX,2027,2100
GLOBAL,PWRHYDPERXX,2028,2100
GLOBAL,PWRHYDPERXX,2029,2100
GLOBAL,PWRHYDPERXX,2030,2100
GLOBAL,PWRHYDPERXX,2031,2105
GLOBAL,PWRHYDPERXX,2032,2110
GLOBAL,PWRHYDPERXX,2033,2115
GLOBAL,PWRHYDPERXX,2034,2120
GLOBAL,PWRHYDPERXX,2035,2125
GLOBAL,PWRHYDPERXX,2036,2130
GLOBAL,PWRHYDPERXX,2037,2135
GLOBAL,PWRHYDPERXX,2038,2140
GLOBAL,PWRHYDPERXX,2039,2145
GLOBAL,PWRHYDPERXX,2040,2150
GLOBAL,PWRHYDPERXX,2041,2150
GLOBAL,PWRHYDPERXX,2042,2150
GLOBAL,PWRHYDPERXX,2043,2150
GLOBAL,PWRHYDPERXX,2044,2150
GLOBAL,PWRHYDPERXX,2045,2150
GLOBAL,PWRHYDPERXX,2046,2150
GLOBAL,PWRHYDPERXX,2047,2150
GLOBAL,PWRHYDPERXX,2048,2150
GLOBAL,PWRHYDPERXX,2049,2150
GLOBAL,PWRHYDPERXX,2050,2150
GLOBAL,PWRHYDPRYXX,2023,2100
GLOBAL,PWRHYDPRYXX,2024,2100
GLOBAL,PWRHYDPRYXX,2025,2100
GLOBAL,PWRHYDPRYXX,2026,2100
GLOBAL,PWRHYDPRYXX,2027,2100
GLOBAL,PWRHYDPRYXX,2028,2100
GLOBAL,PWRHYDPRYXX,2029,2100
GLOBAL,PWRHYDPRYXX,2030,2100
GLOBAL,PWRHYDPRYXX,2031,2105
GLOBAL,PWRHYDPRYXX,2032,2110
GLOBAL,PWRHYDPRYXX,2033,2115
GLOBAL,PWRHYDPRYXX,2034,2120
GLOBAL,PWRHYDPRYXX,2035,2125
GLOBAL,PWRHYDPRYXX,2036,2130
GLOBAL,PWRHYDPRYXX,2037,2135
GLOBAL,PWRHYDPRYXX,2038,2140
GLOBAL,PWRHYDPRYXX,2039,2145
GLOBAL,PWRHYDPRYXX,2040,2150
GLOBAL,PWRHYDPRYXX,2041,2150
GLOBAL,PWRHYDPRYXX,2042,2150
GLOBAL,PWRHYDPRYXX,2043,2150
GLOBAL,PWRHYDPRYXX,2044,2150
GLOBAL,PWRHYDPRYXX,2045,2150
GLOBAL,PWRHYDPRYXX,2046,2150
GLOBAL,PWRHYDPRYXX,2047,2150
GLOBAL,PWRHYDPRYXX,2048,2150
GLOBAL,PWRHYDPRYXX,2049,2150
GLOBAL,PWRHYDPRYXX,2050,2150
GLOBAL,PWRHYDSLVXX,2023,2700
GLOBAL,PWRHYDSLVXX,2024,2700
GLOBAL,PWRHYDSLVXX,2025,2700
GLOBAL,PWRHYDSLVXX,2026,2700
GLOBAL,PWRHYDSLVXX,2027,2700
GLOBAL,PWRHYDSLVXX,2028,2700
GLOBAL,PWRHYDSLVXX,2029,2700
GLOBAL,PWRHYDSLVXX,2030,2700
GLOBAL,PWRHYDSLVXX,2031,2700
GLOBAL,PWRHYDSLVXX,2032,2700
GLOBAL,PWRHYDSLVXX,2033,2700
GLOBAL,PWRHYDSLVXX,2034,2700
GLOBAL,PWRHYDSLVXX,2035,2700
GLOBAL,PWRHYDSLVXX,2036,2700
GLOBAL,PWRHYDSLVXX,2037,2700
GLOBAL,PWRHYDSLVXX,2038,2700
GLOBAL,PWRHYDSLVXX,2039,2700
GLOBAL,PWRHYDSLVXX,2040,2700
GLOBAL,PWRHYDSLVXX,2041,2700
GLOBAL,PWRHYDSLVXX,2042,2700
GLOBAL,PWRHYDSLVXX,2043,2700
GLOBAL,PWRHYDSLVXX,2044,2700
GLOBAL,PWRHYDSLVXX,2045,2700
GLOBAL,PWRHYDSLVXX,2046,2700
GLOBAL,PWRHYDSLVXX,2047,2700
GLOBAL,PWRHYDSLVXX,2048,2700
GLOBAL,PWRHYDSLVXX,2049,2700
GLOBAL,PWRHYDSLVXX,2050,2700
GLOBAL,PWRHYDURYXX,2023,2100
GLOBAL,PWRHYDURYXX,2024,2100
GLOBAL,PWRHYDURYXX,2025,2100
GLOBAL,PWRHYDURYXX,2026,2100
GLOBAL,PWRHYDURYXX,2027,2100
GLOBAL,PWRHYDURYXX,2028,2100
GLOBAL,PWRHYDURYXX,2029,2100
GLOBAL,PWRHYDURYXX,2030,2100
GLOBAL,PWRHYDURYXX,2031,2105
GLOBAL,PWRHYDURYXX,2032,2110
GLOBAL,PWRHYDURYXX,2033,2115
GLOBAL,PWRHYDURYXX,2034,2120
GLOBAL,PWRHYDURYXX,2035,2125
GLOBAL,PWRHYDURYXX,2036,2130
GLOBAL,PWRHYDURYXX,2037,2135
GLOBAL,PWRHYDURYXX,2038,2140
GLOBAL,PWRHYDURYXX,2039,2145
GLOBAL,PWRHYDURYXX,2040,2150
GLOBAL,PWRHYDURYXX,2041,2150
GLOBAL,PWRHYDURYXX,2042,2150
GLOBAL,PWRHYDURYXX,2043,2150
GLOBAL,PWRHYDURYXX,2044,2150
GLOBAL,PWRHYDURYXX,2045,2150
GLOBAL,PWRHYDURYXX,2046,2150
GLOBAL,PWRHYDURYXX,2047,2150
GLOBAL,PWRHYDURYXX,2048,2150
GLOBAL,PWRHYDURYXX,2049,2150
GLOBAL,PWRHYDURYXX,2050,2150
GLOBAL,PWRLDSARGXX,2023,4228
GLOBAL,PWRLDSARGXX,2024,3904
GLOBAL,PWRLDSARGXX,2025,3411
GLOBAL,PWRLDSARGXX,2026,3284
GLOBAL,PWRLDSARGXX,2027,3157
GLOBAL,PWRLDSARGXX,2028,3029
GLOBAL,PWRLDSARGXX,2029,2902
GLOBAL,PWRLDSARGXX,2030,2774
GLOBAL,PWRLDSARGXX,2031,2727
GLOBAL,PWRLDSARGXX,2032,2681
GLOBAL,PWRLDSARGXX,2033,2634
GLOBAL,PWRLDSARGXX,2034,2587
GLOBAL,PWRLDSARGXX,2035,2540
GLOBAL,PWRLDSARGXX,2036,2493
GLOBAL,PWRLDSARGXX,2037,2447
GLOBAL,PWRLDSARGXX,2038,2400
GLOBAL,PWRLDSARGXX,2039,2353
GLOBAL,PWRLDSARGXX,2040,2307
GLOBAL,PWRLDSARGXX,2041,2260
GLOBAL,PWRLDSARGXX,2042,2213
GLOBAL,PWRLDSARGXX,2043,2167
GLOBAL,PWRLDSARGXX,2044,2120
GLOBAL,PWRLDSARGXX,2045,2074
GLOBAL,PWRLDSARGXX,2046,2028
GLOBAL,PWRLDSARGXX,2047,1981
GLOBAL,PWRLDSARGXX,2048,1935
GLOBAL,PWRLDSARGXX,2049,1889
GLOBAL,PWRLDSARGXX,2050,1843
GLOBAL,PWRLDSBOLXX,2023,4228
GLOBAL,PWRLDSBOLXX,2024,3904
GLOBAL,PWRLDSBOLXX,2025,3411
GLOBAL,PWRLDSBOLXX,2026,3284
GLOBAL,PWRLDSBOLXX,2027,3157
GLOBAL,PWRLDSBOLXX,2028,3029
GLOBAL,PWRLDSBOLXX,2029,2902
GLOBAL,PWRLDSBOLXX,2030,2774
GLOBAL,PWRLDSBOLXX,2031,2727
GLOBAL,PWRLDSBOLXX,2032,2681
GLOBAL,PWRLDSBOLXX,2033,2634
GLOBAL,PWRLDSBOLXX,2034,2587
GLOBAL,PWRLDSBOLXX,2035,2540
GLOBAL,PWRLDSBOLXX,2036,2493
GLOBAL,PWRLDSBOLXX,2037,2447
GLOBAL,PWRLDSBOLXX,2038,2400
GLOBAL,PWRLDSBOLXX,2039,2353
GLOBAL,PWRLDSBOLXX,2040,2307
GLOBAL,PWRLDSBOLXX,2041,2260
GLOBAL,PWRLDSBOLXX,2042,2213
GLOBAL,PWRLDSBOLXX,2043,2167
GLOBAL,PWRLDSBOLXX,2044,2120
GLOBAL,PWRLDSBOLXX,2045,2074
GLOBAL,PWRLDSBOLXX,2046,2028
GLOBAL,PWRLDSBOLXX,2047,1981
GLOBAL,PWRLDSBOLXX,2048,1935
GLOBAL,PWRLDSBOLXX,2049,1889
GLOBAL,PWRLDSBOLXX,2050,1843
GLOBAL,PWRLDSBRAXX,2023,4228
GLOBAL,PWRLDSBRAXX,2024,3904
GLOBAL,PWRLDSBRAXX,2025,3411
GLOBAL,PWRLDSBRAXX,2026,3284
GLOBAL,PWRLDSBRAXX,2027,3157
GLOBAL,PWRLDSBRAXX,2028,3029
GLOBAL,PWRLDSBRAXX,2029,2902
GLOBAL,PWRLDSBRAXX,2030,2774
GLOBAL,PWRLDSBRAXX,2031,2727
GLOBAL,PWRLDSBRAXX,2032,2681
GLOBAL,PWRLDSBRAXX,2033,2634
GLOBAL,PWRLDSBRAXX,2034,2587
GLOBAL,PWRLDSBRAXX,2035,2540
GLOBAL,PWRLDSBRAXX,2036,2493
GLOBAL,PWRLDSBRAXX,2037,2447
GLOBAL,PWRLDSBRAXX,2038,2400
GLOBAL,PWRLDSBRAXX,2039,2353
GLOBAL,PWRLDSBRAXX,2040,2307
GLOBAL,PWRLDSBRAXX,2041,2260
GLOBAL,PWRLDSBRAXX,2042,2213
GLOBAL,PWRLDSBRAXX,2043,2167
GLOBAL,PWRLDSBRAXX,2044,2120
GLOBAL,PWRLDSBRAXX,2045,2074
GLOBAL,PWRLDSBRAXX,2046,2028
GLOBAL,PWRLDSBRAXX,2047,1981
GLOBAL,PWRLDSBRAXX,2048,1935
GLOBAL,PWRLDSBRAXX,2049,1889
GLOBAL,PWRLDSBRAXX,2050,1843
GLOBAL,PWRLDSBRBXX,2023,4228
GLOBAL,PWRLDSBRBXX,2024,3904
GLOBAL,PWRLDSBRBXX,2025,3411
GLOBAL,PWRLDSBRBXX,2026,3284
GLOBAL,PWRLDSBRBXX,2027,3157
GLOBAL,PWRLDSBRBXX,2028,3029
GLOBAL,PWRLDSBRBXX,2029,2902
GLOBAL,PWRLDSBRBXX,2030,2774
GLOBAL,PWRLDSBRBXX,2031,2727
GLOBAL,PWRLDSBRBXX,2032,2681
GLOBAL,PWRLDSBRBXX,2033,2634
GLOBAL,PWRLDSBRBXX,2034,2587
GLOBAL,PWRLDSBRBXX,2035,2540
GLOBAL,PWRLDSBRBXX,2036,2493
GLOBAL,PWRLDSBRBXX,2037,2447
GLOBAL,PWRLDSBRBXX,2038,2400
GLOBAL,PWRLDSBRBXX,2039,2353
GLOBAL,PWRLDSBRBXX,2040,2307
GLOBAL,PWRLDSBRBXX,2041,2260
GLOBAL,PWRLDSBRBXX,2042,2213
GLOBAL,PWRLDSBRBXX,2043,2167
GLOBAL,PWRLDSBRBXX,2044,2120
GLOBAL,PWRLDSBRBXX,2045,2074
GLOBAL,PWRLDSBRBXX,2046,2028
GLOBAL,PWRLDSBRBXX,2047,1981
GLOBAL,PWRLDSBRBXX,2048,1935
GLOBAL,PWRLDSBRBXX,2049,1889
GLOBAL,PWRLDSBRBXX,2050,1843
GLOBAL,PWRLDSCHLXX,2023,4228
GLOBAL,PWRLDSCHLXX,2024,3904
GLOBAL,PWRLDSCHLXX,2025,3411
GLOBAL,PWRLDSCHLXX,2026,3284
GLOBAL,PWRLDSCHLXX,2027,3157
GLOBAL,PWRLDSCHLXX,2028,3029
GLOBAL,PWRLDSCHLXX,2029,2902
GLOBAL,PWRLDSCHLXX,2030,2774
GLOBAL,PWRLDSCHLXX,2031,2727
GLOBAL,PWRLDSCHLXX,2032,2681
GLOBAL,PWRLDSCHLXX,2033,2634
GLOBAL,PWRLDSCHLXX,2034,2587
GLOBAL,PWRLDSCHLXX,2035,2540
GLOBAL,PWRLDSCHLXX,2036,2493
GLOBAL,PWRLDSCHLXX,2037,2447
GLOBAL,PWRLDSCHLXX,2038,2400
GLOBAL,PWRLDSCHLXX,2039,2353
GLOBAL,PWRLDSCHLXX,2040,2307
GLOBAL,PWRLDSCHLXX,2041,2260
GLOBAL,PWRLDSCHLXX,2042,2213
GLOBAL,PWRLDSCHLXX,2043,2167
GLOBAL,PWRLDSCHLXX,2044,2120
GLOBAL,PWRLDSCHLXX,2045,2074
GLOBAL,PWRLDSCHLXX,2046,2028
GLOBAL,PWRLDSCHLXX,2047,1981
GLOBAL,PWRLDSCHLXX,2048,1935
GLOBAL,PWRLDSCHLXX,2049,1889
GLOBAL,PWRLDSCHLXX,2050,1843
GLOBAL,PWRLDSCOLXX,2023,4228
GLOBAL,PWRLDSCOLXX,2024,3904
GLOBAL,PWRLDSCOLXX,2025,3411
GLOBAL,PWRLDSCOLXX,2026,3284
GLOBAL,PWRLDSCOLXX,2027,3157
GLOBAL,PWRLDSCOLXX,2028,3029
GLOBAL,PWRLDSCOLXX,2029,2902
GLOBAL,PWRLDSCOLXX,2030,2774
GLOBAL,PWRLDSCOLXX,2031,2727
GLOBAL,PWRLDSCOLXX,2032,2681
GLOBAL,PWRLDSCOLXX,2033,2634
GLOBAL,PWRLDSCOLXX,2034,2587
GLOBAL,PWRLDSCOLXX,2035,2540
GLOBAL,PWRLDSCOLXX,2036,2493
GLOBAL,PWRLDSCOLXX,2037,2447
GLOBAL,PWRLDSCOLXX,2038,2400
GLOBAL,PWRLDSCOLXX,2039,2353
GLOBAL,PWRLDSCOLXX,2040,2307
GLOBAL,PWRLDSCOLXX,2041,2260
GLOBAL,PWRLDSCOLXX,2042,2213
GLOBAL,PWRLDSCOLXX,2043,2167
GLOBAL,PWRLDSCOLXX,2044,2120
GLOBAL,PWRLDSCOLXX,2045,2074
GLOBAL,PWRLDSCOLXX,2046,2028
GLOBAL,PWRLDSCOLXX,2047,1981
GLOBAL,PWRLDSCOLXX,2048,1935
GLOBAL,PWRLDSCOLXX,2049,1889
GLOBAL,PWRLDSCOLXX,2050,1843
GLOBAL,PWRLDSCRIXX,2023,4228
GLOBAL,PWRLDSCRIXX,2024,3904
GLOBAL,PWRLDSCRIXX,2025,3411
GLOBAL,PWRLDSCRIXX,2026,3284
GLOBAL,PWRLDSCRIXX,2027,3157
GLOBAL,PWRLDSCRIXX,2028,3029
GLOBAL,PWRLDSCRIXX,2029,2902
GLOBAL,PWRLDSCRIXX,2030,2774
GLOBAL,PWRLDSCRIXX,2031,2727
GLOBAL,PWRLDSCRIXX,2032,2681
GLOBAL,PWRLDSCRIXX,2033,2634
GLOBAL,PWRLDSCRIXX,2034,2587
GLOBAL,PWRLDSCRIXX,2035,2540
GLOBAL,PWRLDSCRIXX,2036,2493
GLOBAL,PWRLDSCRIXX,2037,2447
GLOBAL,PWRLDSCRIXX,2038,2400
GLOBAL,PWRLDSCRIXX,2039,2353
GLOBAL,PWRLDSCRIXX,2040,2307
GLOBAL,PWRLDSCRIXX,2041,2260
GLOBAL,PWRLDSCRIXX,2042,2213
GLOBAL,PWRLDSCRIXX,2043,2167
GLOBAL,PWRLDSCRIXX,2044,2120
GLOBAL,PWRLDSCRIXX,2045,2074
GLOBAL,PWRLDSCRIXX,2046,2028
GLOBAL,PWRLDSCRIXX,2047,1981
GLOBAL,PWRLDSCRIXX,2048,1935
GLOBAL,PWRLDSCRIXX,2049,1889
GLOBAL,PWRLDSCRIXX,2050,1843
GLOBAL,PWRLDSDOMXX,2023,4228
GLOBAL,PWRLDSDOMXX,2024,3904
GLOBAL,PWRLDSDOMXX,2025,3411
GLOBAL,PWRLDSDOMXX,2026,3284
GLOBAL,PWRLDSDOMXX,2027,3157
GLOBAL,PWRLDSDOMXX,2028,3029
GLOBAL,PWRLDSDOMXX,2029,2902
GLOBAL,PWRLDSDOMXX,2030,2774
GLOBAL,PWRLDSDOMXX,2031,2727
GLOBAL,PWRLDSDOMXX,2032,2681
GLOBAL,PWRLDSDOMXX,2033,2634
GLOBAL,PWRLDSDOMXX,2034,2587
GLOBAL,PWRLDSDOMXX,2035,2540
GLOBAL,PWRLDSDOMXX,2036,2493
GLOBAL,PWRLDSDOMXX,2037,2447
GLOBAL,PWRLDSDOMXX,2038,2400
GLOBAL,PWRLDSDOMXX,2039,2353
GLOBAL,PWRLDSDOMXX,2040,2307
GLOBAL,PWRLDSDOMXX,2041,2260
GLOBAL,PWRLDSDOMXX,2042,2213
GLOBAL,PWRLDSDOMXX,2043,2167
GLOBAL,PWRLDSDOMXX,2044,2120
GLOBAL,PWRLDSDOMXX,2045,2074
GLOBAL,PWRLDSDOMXX,2046,2028
GLOBAL,PWRLDSDOMXX,2047,1981
GLOBAL,PWRLDSDOMXX,2048,1935
GLOBAL,PWRLDSDOMXX,2049,1889
GLOBAL,PWRLDSDOMXX,2050,1843
GLOBAL,PWRLDSECUXX,2023,4228
GLOBAL,PWRLDSECUXX,2024,3904
GLOBAL,PWRLDSECUXX,2025,3411
GLOBAL,PWRLDSECUXX,2026,3284
GLOBAL,PWRLDSECUXX,2027,3157
GLOBAL,PWRLDSECUXX,2028,3029
GLOBAL,PWRLDSECUXX,2029,2902
GLOBAL,PWRLDSECUXX,2030,2774
GLOBAL,PWRLDSECUXX,2031,2727
GLOBAL,PWRLDSECUXX,2032,2681
GLOBAL,PWRLDSECUXX,2033,2634
GLOBAL,PWRLDSECUXX,2034,2587
GLOBAL,PWRLDSECUXX,2035,2540
GLOBAL,PWRLDSECUXX,2036,2493
GLOBAL,PWRLDSECUXX,2037,2447
GLOBAL,PWRLDSECUXX,2038,2400
GLOBAL,PWRLDSECUXX,2039,2353
GLOBAL,PWRLDSECUXX,2040,2307
GLOBAL,PWRLDSECUXX,2041,2260
GLOBAL,PWRLDSECUXX,2042,2213
GLOBAL,PWRLDSECUXX,2043,2167
GLOBAL,PWRLDSECUXX,2044,2120
GLOBAL,PWRLDSECUXX,2045,2074
GLOBAL,PWRLDSECUXX,2046,2028
GLOBAL,PWRLDSECUXX,2047,1981
GLOBAL,PWRLDSECUXX,2048,1935
GLOBAL,PWRLDSECUXX,2049,1889
GLOBAL,PWRLDSECUXX,2050,1843
GLOBAL,PWRLDSGTMXX,2023,4228
GLOBAL,PWRLDSGTMXX,2024,3904
GLOBAL,PWRLDSGTMXX,2025,3411
GLOBAL,PWRLDSGTMXX,2026,3284
GLOBAL,PWRLDSGTMXX,2027,3157
GLOBAL,PWRLDSGTMXX,2028,3029
GLOBAL,PWRLDSGTMXX,2029,2902
GLOBAL,PWRLDSGTMXX,2030,2774
GLOBAL,PWRLDSGTMXX,2031,2727
GLOBAL,PWRLDSGTMXX,2032,2681
GLOBAL,PWRLDSGTMXX,2033,2634
GLOBAL,PWRLDSGTMXX,2034,2587
GLOBAL,PWRLDSGTMXX,2035,2540
GLOBAL,PWRLDSGTMXX,2036,2493
GLOBAL,PWRLDSGTMXX,2037,2447
GLOBAL,PWRLDSGTMXX,2038,2400
GLOBAL,PWRLDSGTMXX,2039,2353
GLOBAL,PWRLDSGTMXX,2040,2307
GLOBAL,PWRLDSGTMXX,2041,2260
GLOBAL,PWRLDSGTMXX,2042,2213
GLOBAL,PWRLDSGTMXX,2043,2167
GLOBAL,PWRLDSGTMXX,2044,2120
GLOBAL,PWRLDSGTMXX,2045,2074
GLOBAL,PWRLDSGTMXX,2046,2028
GLOBAL,PWRLDSGTMXX,2047,1981
GLOBAL,PWRLDSGTMXX,2048,1935
GLOBAL,PWRLDSGTMXX,2049,1889
GLOBAL,PWRLDSGTMXX,2050,1843
GLOBAL,PWRLDSHNDXX,2023,4228
GLOBAL,PWRLDSHNDXX,2024,3904
GLOBAL,PWRLDSHNDXX,2025,3411
GLOBAL,PWRLDSHNDXX,2026,3284
GLOBAL,PWRLDSHNDXX,2027,3157
GLOBAL,PWRLDSHNDXX,2028,3029
GLOBAL,PWRLDSHNDXX,2029,2902
GLOBAL,PWRLDSHNDXX,2030,2774
GLOBAL,PWRLDSHNDXX,2031,2727
GLOBAL,PWRLDSHNDXX,2032,2681
GLOBAL,PWRLDSHNDXX,2033,2634
GLOBAL,PWRLDSHNDXX,2034,2587
GLOBAL,PWRLDSHNDXX,2035,2540
GLOBAL,PWRLDSHNDXX,2036,2493
GLOBAL,PWRLDSHNDXX,2037,2447
GLOBAL,PWRLDSHNDXX,2038,2400
GLOBAL,PWRLDSHNDXX,2039,2353
GLOBAL,PWRLDSHNDXX,2040,2307
GLOBAL,PWRLDSHNDXX,2041,2260
GLOBAL,PWRLDSHNDXX,2042,2213
GLOBAL,PWRLDSHNDXX,2043,2167
GLOBAL,PWRLDSHNDXX,2044,2120
GLOBAL,PWRLDSHNDXX,2045,2074
GLOBAL,PWRLDSHNDXX,2046,2028
GLOBAL,PWRLDSHNDXX,2047,1981
GLOBAL,PWRLDSHNDXX,2048,1935
GLOBAL,PWRLDSHNDXX,2049,1889
GLOBAL,PWRLDSHNDXX,2050,1843
GLOBAL,PWRLDSHTIXX,2023,4228
GLOBAL,PWRLDSHTIXX,2024,3904
GLOBAL,PWRLDSHTIXX,2025,3411
GLOBAL,PWRLDSHTIXX,2026,3284
GLOBAL,PWRLDSHTIXX,2027,3157
GLOBAL,PWRLDSHTIXX,2028,3029
GLOBAL,PWRLDSHTIXX,2029,2902
GLOBAL,PWRLDSHTIXX,2030,2774
GLOBAL,PWRLDSHTIXX,2031,2727
GLOBAL,PWRLDSHTIXX,2032,2681
GLOBAL,PWRLDSHTIXX,2033,2634
GLOBAL,PWRLDSHTIXX,2034,2587
GLOBAL,PWRLDSHTIXX,2035,2540
GLOBAL,PWRLDSHTIXX,2036,2493
GLOBAL,PWRLDSHTIXX,2037,2447
GLOBAL,PWRLDSHTIXX,2038,2400
GLOBAL,PWRLDSHTIXX,2039,2353
GLOBAL,PWRLDSHTIXX,2040,2307
GLOBAL,PWRLDSHTIXX,2041,2260
GLOBAL,PWRLDSHTIXX,2042,2213
GLOBAL,PWRLDSHTIXX,2043,2167
GLOBAL,PWRLDSHTIXX,2044,2120
GLOBAL,PWRLDSHTIXX,2045,2074
GLOBAL,PWRLDSHTIXX,2046,2028
GLOBAL,PWRLDSHTIXX,2047,1981
GLOBAL,PWRLDSHTIXX,2048,1935
GLOBAL,PWRLDSHTIXX,2049,1889
GLOBAL,PWRLDSHTIXX,2050,1843
GLOBAL,PWRLDSMEXXX,2023,4228
GLOBAL,PWRLDSMEXXX,2024,3904
GLOBAL,PWRLDSMEXXX,2025,3411
GLOBAL,PWRLDSMEXXX,2026,3284
GLOBAL,PWRLDSMEXXX,2027,3157
GLOBAL,PWRLDSMEXXX,2028,3029
GLOBAL,PWRLDSMEXXX,2029,2902
GLOBAL,PWRLDSMEXXX,2030,2774
GLOBAL,PWRLDSMEXXX,2031,2727
GLOBAL,PWRLDSMEXXX,2032,2681
GLOBAL,PWRLDSMEXXX,2033,2634
GLOBAL,PWRLDSMEXXX,2034,2587
GLOBAL,PWRLDSMEXXX,2035,2540
GLOBAL,PWRLDSMEXXX,2036,2493
GLOBAL,PWRLDSMEXXX,2037,2447
GLOBAL,PWRLDSMEXXX,2038,2400
GLOBAL,PWRLDSMEXXX,2039,2353
GLOBAL,PWRLDSMEXXX,2040,2307
GLOBAL,PWRLDSMEXXX,2041,2260
GLOBAL,PWRLDSMEXXX,2042,2213
GLOBAL,PWRLDSMEXXX,2043,2167
GLOBAL,PWRLDSMEXXX,2044,2120
GLOBAL,PWRLDSMEXXX,2045,2074
GLOBAL,PWRLDSMEXXX,2046,2028
GLOBAL,PWRLDSMEXXX,2047,1981
GLOBAL,PWRLDSMEXXX,2048,1935
GLOBAL,PWRLDSMEXXX,2049,1889
GLOBAL,PWRLDSMEXXX,2050,1843
GLOBAL,PWRLDSNICXX,2023,4228
GLOBAL,PWRLDSNICXX,2024,3904
GLOBAL,PWRLDSNICXX,2025,3411
GLOBAL,PWRLDSNICXX,2026,3284
GLOBAL,PWRLDSNICXX,2027,3157
GLOBAL,PWRLDSNICXX,2028,3029
GLOBAL,PWRLDSNICXX,2029,2902
GLOBAL,PWRLDSNICXX,2030,2774
GLOBAL,PWRLDSNICXX,2031,2727
GLOBAL,PWRLDSNICXX,2032,2681
GLOBAL,PWRLDSNICXX,2033,2634
GLOBAL,PWRLDSNICXX,2034,2587
GLOBAL,PWRLDSNICXX,2035,2540
GLOBAL,PWRLDSNICXX,2036,2493
GLOBAL,PWRLDSNICXX,2037,2447
GLOBAL,PWRLDSNICXX,2038,2400
GLOBAL,PWRLDSNICXX,2039,2353
GLOBAL,PWRLDSNICXX,2040,2307
GLOBAL,PWRLDSNICXX,2041,2260
GLOBAL,PWRLDSNICXX,2042,2213
GLOBAL,PWRLDSNICXX,2043,2167
GLOBAL,PWRLDSNICXX,2044,2120
GLOBAL,PWRLDSNICXX,2045,2074
GLOBAL,PWRLDSNICXX,2046,2028
GLOBAL,PWRLDSNICXX,2047,1981
GLOBAL,PWRLDSNICXX,2048,1935
GLOBAL,PWRLDSNICXX,2049,1889
GLOBAL,PWRLDSNICXX,2050,1843
GLOBAL,PWRLDSPANXX,2023,4228
GLOBAL,PWRLDSPANXX,2024,3904
GLOBAL,PWRLDSPANXX,2025,3411
GLOBAL,PWRLDSPANXX,2026,3284
GLOBAL,PWRLDSPANXX,2027,3157
GLOBAL,PWRLDSPANXX,2028,3029
GLOBAL,PWRLDSPANXX,2029,2902
GLOBAL,PWRLDSPANXX,2030,2774
GLOBAL,PWRLDSPANXX,2031,2727
GLOBAL,PWRLDSPANXX,2032,2681
GLOBAL,PWRLDSPANXX,2033,2634
GLOBAL,PWRLDSPANXX,2034,2587
GLOBAL,PWRLDSPANXX,2035,2540
GLOBAL,PWRLDSPANXX,2036,2493
GLOBAL,PWRLDSPANXX,2037,2447
GLOBAL,PWRLDSPANXX,2038,2400
GLOBAL,PWRLDSPANXX,2039,2353
GLOBAL,PWRLDSPANXX,2040,2307
GLOBAL,PWRLDSPANXX,2041,2260
GLOBAL,PWRLDSPANXX,2042,2213
GLOBAL,PWRLDSPANXX,2043,2167
GLOBAL,PWRLDSPANXX,2044,2120
GLOBAL,PWRLDSPANXX,2045,2074
GLOBAL,PWRLDSPANXX,2046,2028
GLOBAL,PWRLDSPANXX,2047,1981
GLOBAL,PWRLDSPANXX,2048,1935
GLOBAL,PWRLDSPANXX,2049,1889
GLOBAL,PWRLDSPANXX,2050,1843
GLOBAL,PWRLDSPERXX,2023,4228
GLOBAL,PWRLDSPERXX,2024,3904
GLOBAL,PWRLDSPERXX,2025,3411
GLOBAL,PWRLDSPERXX,2026,3284
GLOBAL,PWRLDSPERXX,2027,3157
GLOBAL,PWRLDSPERXX,2028,3029
GLOBAL,PWRLDSPERXX,2029,2902
GLOBAL,PWRLDSPERXX,2030,2774
GLOBAL,PWRLDSPERXX,2031,2727
GLOBAL,PWRLDSPERXX,2032,2681
GLOBAL,PWRLDSPERXX,2033,2634
GLOBAL,PWRLDSPERXX,2034,2587
GLOBAL,PWRLDSPERXX,2035,2540
GLOBAL,PWRLDSPERXX,2036,2493
GLOBAL,PWRLDSPERXX,2037,2447
GLOBAL,PWRLDSPERXX,2038,2400
GLOBAL,PWRLDSPERXX,2039,2353
GLOBAL,PWRLDSPERXX,2040,2307
GLOBAL,PWRLDSPERXX,2041,2260
GLOBAL,PWRLDSPERXX,2042,2213
GLOBAL,PWRLDSPERXX,2043,2167
GLOBAL,PWRLDSPERXX,2044,2120
GLOBAL,PWRLDSPERXX,2045,2074
GLOBAL,PWRLDSPERXX,2046,2028
GLOBAL,PWRLDSPERXX,2047,1981
GLOBAL,PWRLDSPERXX,2048,1935
GLOBAL,PWRLDSPERXX,2049,1889
GLOBAL,PWRLDSPERXX,2050,1843
GLOBAL,PWRLDSPRYXX,2023,4228
GLOBAL,PWRLDSPRYXX,2024,3904
GLOBAL,PWRLDSPRYXX,2025,3411
GLOBAL,PWRLDSPRYXX,2026,3284
GLOBAL,PWRLDSPRYXX,2027,3157
GLOBAL,PWRLDSPRYXX,2028,3029
GLOBAL,PWRLDSPRYXX,2029,2902
GLOBAL,PWRLDSPRYXX,2030,2774
GLOBAL,PWRLDSPRYXX,2031,2727
GLOBAL,PWRLDSPRYXX,2032,2681
GLOBAL,PWRLDSPRYXX,2033,2634
GLOBAL,PWRLDSPRYXX,2034,2587
GLOBAL,PWRLDSPRYXX,2035,2540
GLOBAL,PWRLDSPRYXX,2036,2493
GLOBAL,PWRLDSPRYXX,2037,2447
GLOBAL,PWRLDSPRYXX,2038,2400
GLOBAL,PWRLDSPRYXX,2039,2353
GLOBAL,PWRLDSPRYXX,2040,2307
GLOBAL,PWRLDSPRYXX,2041,2260
GLOBAL,PWRLDSPRYXX,2042,2213
GLOBAL,PWRLDSPRYXX,2043,2167
GLOBAL,PWRLDSPRYXX,2044,2120
GLOBAL,PWRLDSPRYXX,2045,2074
GLOBAL,PWRLDSPRYXX,2046,2028
GLOBAL,PWRLDSPRYXX,2047,1981
GLOBAL,PWRLDSPRYXX,2048,1935
GLOBAL,PWRLDSPRYXX,2049,1889
GLOBAL,PWRLDSPRYXX,2050,1843
GLOBAL,PWRLDSSLVXX,2023,4228
GLOBAL,PWRLDSSLVXX,2024,3904
GLOBAL,PWRLDSSLVXX,2025,3411
GLOBAL,PWRLDSSLVXX,2026,3284
GLOBAL,PWRLDSSLVXX,2027,3157
GLOBAL,PWRLDSSLVXX,2028,3029
GLOBAL,PWRLDSSLVXX,2029,2902
GLOBAL,PWRLDSSLVXX,2030,2774
GLOBAL,PWRLDSSLVXX,2031,2727
GLOBAL,PWRLDSSLVXX,2032,2681
GLOBAL,PWRLDSSLVXX,2033,2634
GLOBAL,PWRLDSSLVXX,2034,2587
GLOBAL,PWRLDSSLVXX,2035,2540
GLOBAL,PWRLDSSLVXX,2036,2493
GLOBAL,PWRLDSSLVXX,2037,2447
GLOBAL,PWRLDSSLVXX,2038,2400
GLOBAL,PWRLDSSLVXX,2039,2353
GLOBAL,PWRLDSSLVXX,2040,2307
GLOBAL,PWRLDSSLVXX,2041,2260
GLOBAL,PWRLDSSLVXX,2042,2213
GLOBAL,PWRLDSSLVXX,2043,2167
GLOBAL,PWRLDSSLVXX,2044,2120
GLOBAL,PWRLDSSLVXX,2045,2074
GLOBAL,PWRLDSSLVXX,2046,2028
GLOBAL,PWRLDSSLVXX,2047,1981
GLOBAL,PWRLDSSLVXX,2048,1935
GLOBAL,PWRLDSSLVXX,2049,1889
GLOBAL,PWRLDSSLVXX,2050,1843
GLOBAL,PWRLDSURYXX,2023,4228
GLOBAL,PWRLDSURYXX,2024,3904
GLOBAL,PWRLDSURYXX,2025,3411
GLOBAL,PWRLDSURYXX,2026,3284
GLOBAL,PWRLDSURYXX,2027,3157
GLOBAL,PWRLDSURYXX,2028,3029
GLOBAL,PWRLDSURYXX,2029,2902
GLOBAL,PWRLDSURYXX,2030,2774
GLOBAL,PWRLDSURYXX,2031,2727
GLOBAL,PWRLDSURYXX,2032,2681
GLOBAL,PWRLDSURYXX,2033,2634
GLOBAL,PWRLDSURYXX,2034,2587
GLOBAL,PWRLDSURYXX,2035,2540
GLOBAL,PWRLDSURYXX,2036,2493
GLOBAL,PWRLDSURYXX,2037,2447
GLOBAL,PWRLDSURYXX,2038,2400
GLOBAL,PWRLDSURYXX,2039,2353
GLOBAL,PWRLDSURYXX,2040,2307
GLOBAL,PWRLDSURYXX,2041,2260
GLOBAL,PWRLDSURYXX,2042,2213
GLOBAL,PWRLDSURYXX,2043,2167
GLOBAL,PWRLDSURYXX,2044,2120
GLOBAL,PWRLDSURYXX,2045,2074
GLOBAL,PWRLDSURYXX,2046,2028
GLOBAL,PWRLDSURYXX,2047,1981
GLOBAL,PWRLDSURYXX,2048,1935
GLOBAL,PWRLDSURYXX,2049,1889
GLOBAL,PWRLDSURYXX,2050,1843
GLOBAL,PWRNGSARGXX,2023,550
GLOBAL,PWRNGSARGXX,2024,550
GLOBAL,PWRNGSARGXX,2025,550
GLOBAL,PWRNGSARGXX,2026,550
GLOBAL,PWRNGSARGXX,2027,550
GLOBAL,PWRNGSARGXX,2028,550
GLOBAL,PWRNGSARGXX,2029,550
GLOBAL,PWRNGSARGXX,2030,550
GLOBAL,PWRNGSARGXX,2031,550
GLOBAL,PWRNGSARGXX,2032,550
GLOBAL,PWRNGSARGXX,2033,550
GLOBAL,PWRNGSARGXX,2034,550
GLOBAL,PWRNGSARGXX,2035,550
GLOBAL,PWRNGSARGXX,2036,550
GLOBAL,PWRNGSARGXX,2037,550
GLOBAL,PWRNGSARGXX,2038,550
GLOBAL,PWRNGSARGXX,2039,550
GLOBAL,PWRNGSARGXX,2040,550
GLOBAL,PWRNGSARGXX,2041,550
GLOBAL,PWRNGSARGXX,2042,550
GLOBAL,PWRNGSARGXX,2043,550
GLOBAL,PWRNGSARGXX,2044,550
GLOBAL,PWRNGSARGXX,2045,550
GLOBAL,PWRNGSARGXX,2046,550
GLOBAL,PWRNGSARGXX,2047,550
GLOBAL,PWRNGSARGXX,2048,550
GLOBAL,PWRNGSARGXX,2049,550
GLOBAL,PWRNGSARGXX,2050,550
GLOBAL,PWRNGSBOLXX,2023,550
GLOBAL,PWRNGSBOLXX,2024,550
GLOBAL,PWRNGSBOLXX,2025,550
GLOBAL,PWRNGSBOLXX,2026,550
GLOBAL,PWRNGSBOLXX,2027,550
GLOBAL,PWRNGSBOLXX,2028,550
GLOBAL,PWRNGSBOLXX,2029,550
GLOBAL,PWRNGSBOLXX,2030,550
GLOBAL,PWRNGSBOLXX,2031,550
GLOBAL,PWRNGSBOLXX,2032,550
GLOBAL,PWRNGSBOLXX,2033,550
GLOBAL,PWRNGSBOLXX,2034,550
GLOBAL,PWRNGSBOLXX,2035,550
GLOBAL,PWRNGSBOLXX,2036,550
GLOBAL,PWRNGSBOLXX,2037,550
GLOBAL,PWRNGSBOLXX,2038,550
GLOBAL,PWRNGSBOLXX,2039,550
GLOBAL,PWRNGSBOLXX,2040,550
GLOBAL,PWRNGSBOLXX,2041,550
GLOBAL,PWRNGSBOLXX,2042,550
GLOBAL,PWRNGSBOLXX,2043,550
GLOBAL,PWRNGSBOLXX,2044,550
GLOBAL,PWRNGSBOLXX,2045,550
GLOBAL,PWRNGSBOLXX,2046,550
GLOBAL,PWRNGSBOLXX,2047,550
GLOBAL,PWRNGSBOLXX,2048,550
GLOBAL,PWRNGSBOLXX,2049,550
GLOBAL,PWRNGSBOLXX,2050,550
GLOBAL,PWRNGSBRAXX,2023,550
GLOBAL,PWRNGSBRAXX,2024,550
GLOBAL,PWRNGSBRAXX,2025,550
GLOBAL,PWRNGSBRAXX,2026,550
GLOBAL,PWRNGSBRAXX,2027,550
GLOBAL,PWRNGSBRAXX,2028,550
GLOBAL,PWRNGSBRAXX,2029,550
GLOBAL,PWRNGSBRAXX,2030,550
GLOBAL,PWRNGSBRAXX,2031,550
GLOBAL,PWRNGSBRAXX,2032,550
GLOBAL,PWRNGSBRAXX,2033,550
GLOBAL,PWRNGSBRAXX,2034,550
GLOBAL,PWRNGSBRAXX,2035,550
GLOBAL,PWRNGSBRAXX,2036,550
GLOBAL,PWRNGSBRAXX,2037,550
GLOBAL,PWRNGSBRAXX,2038,550
GLOBAL,PWRNGSBRAXX,2039,550
GLOBAL,PWRNGSBRAXX,2040,550
GLOBAL,PWRNGSBRAXX,2041,550
GLOBAL,PWRNGSBRAXX,2042,550
GLOBAL,PWRNGSBRAXX,2043,550
GLOBAL,PWRNGSBRAXX,2044,550
GLOBAL,PWRNGSBRAXX,2045,550
GLOBAL,PWRNGSBRAXX,2046,550
GLOBAL,PWRNGSBRAXX,2047,550
GLOBAL,PWRNGSBRAXX,2048,550
GLOBAL,PWRNGSBRAXX,2049,550
GLOBAL,PWRNGSBRAXX,2050,550
GLOBAL,PWRNGSBRBXX,2023,750
GLOBAL,PWRNGSBRBXX,2024,750
GLOBAL,PWRNGSBRBXX,2025,750
GLOBAL,PWRNGSBRBXX,2026,750
GLOBAL,PWRNGSBRBXX,2027,750
GLOBAL,PWRNGSBRBXX,2028,750
GLOBAL,PWRNGSBRBXX,2029,750
GLOBAL,PWRNGSBRBXX,2030,750
GLOBAL,PWRNGSBRBXX,2031,750
GLOBAL,PWRNGSBRBXX,2032,750
GLOBAL,PWRNGSBRBXX,2033,750
GLOBAL,PWRNGSBRBXX,2034,750
GLOBAL,PWRNGSBRBXX,2035,750
GLOBAL,PWRNGSBRBXX,2036,750
GLOBAL,PWRNGSBRBXX,2037,750
GLOBAL,PWRNGSBRBXX,2038,750
GLOBAL,PWRNGSBRBXX,2039,750
GLOBAL,PWRNGSBRBXX,2040,750
GLOBAL,PWRNGSBRBXX,2041,750
GLOBAL,PWRNGSBRBXX,2042,750
GLOBAL,PWRNGSBRBXX,2043,750
GLOBAL,PWRNGSBRBXX,2044,750
GLOBAL,PWRNGSBRBXX,2045,750
GLOBAL,PWRNGSBRBXX,2046,750
GLOBAL,PWRNGSBRBXX,2047,750
GLOBAL,PWRNGSBRBXX,2048,750
GLOBAL,PWRNGSBRBXX,2049,750
GLOBAL,PWRNGSBRBXX,2050,750
GLOBAL,PWRNGSCHLXX,2023,550
GLOBAL,PWRNGSCHLXX,2024,550
GLOBAL,PWRNGSCHLXX,2025,550
GLOBAL,PWRNGSCHLXX,2026,550
GLOBAL,PWRNGSCHLXX,2027,550
GLOBAL,PWRNGSCHLXX,2028,550
GLOBAL,PWRNGSCHLXX,2029,550
GLOBAL,PWRNGSCHLXX,2030,550
GLOBAL,PWRNGSCHLXX,2031,550
GLOBAL,PWRNGSCHLXX,2032,550
GLOBAL,PWRNGSCHLXX,2033,550
GLOBAL,PWRNGSCHLXX,2034,550
GLOBAL,PWRNGSCHLXX,2035,550
GLOBAL,PWRNGSCHLXX,2036,550
GLOBAL,PWRNGSCHLXX,2037,550
GLOBAL,PWRNGSCHLXX,2038,550
GLOBAL,PWRNGSCHLXX,2039,550
GLOBAL,PWRNGSCHLXX,2040,550
GLOBAL,PWRNGSCHLXX,2041,550
GLOBAL,PWRNGSCHLXX,2042,550
GLOBAL,PWRNGSCHLXX,2043,550
GLOBAL,PWRNGSCHLXX,2044,550
GLOBAL,PWRNGSCHLXX,2045,550
GLOBAL,PWRNGSCHLXX,2046,550
GLOBAL,PWRNGSCHLXX,2047,550
GLOBAL,PWRNGSCHLXX,2048,550
GLOBAL,PWRNGSCHLXX,2049,550
GLOBAL,PWRNGSCHLXX,2050,550
GLOBAL,PWRNGSCOLXX,2023,550
GLOBAL,PWRNGSCOLXX,2024,550
GLOBAL,PWRNGSCOLXX,2025,550
GLOBAL,PWRNGSCOLXX,2026,550
GLOBAL,PWRNGSCOLXX,2027,550
GLOBAL,PWRNGSCOLXX,2028,550
GLOBAL,PWRNGSCOLXX,2029,550
GLOBAL,PWRNGSCOLXX,2030,550
GLOBAL,PWRNGSCOLXX,2031,550
GLOBAL,PWRNGSCOLXX,2032,550
GLOBAL,PWRNGSCOLXX,2033,550
GLOBAL,PWRNGSCOLXX,2034,550
GLOBAL,PWRNGSCOLXX,2035,550
GLOBAL,PWRNGSCOLXX,2036,550
GLOBAL,PWRNGSCOLXX,2037,550
GLOBAL,PWRNGSCOLXX,2038,550
GLOBAL,PWRNGSCOLXX,2039,550
GLOBAL,PWRNGSCOLXX,2040,550
GLOBAL,PWRNGSCOLXX,2041,550
GLOBAL,PWRNGSCOLXX,2042,550
GLOBAL,PWRNGSCOLXX,2043,550
GLOBAL,PWRNGSCOLXX,2044,550
GLOBAL,PWRNGSCOLXX,2045,550
GLOBAL,PWRNGSCOLXX,2046,550
GLOBAL,PWRNGSCOLXX,2047,550
GLOBAL,PWRNGSCOLXX,2048,550
GLOBAL,PWRNGSCOLXX,2049,550
GLOBAL,PWRNGSCOLXX,2050,550
GLOBAL,PWRNGSCRIXX,2023,750
GLOBAL,PWRNGSCRIXX,2024,750
GLOBAL,PWRNGSCRIXX,2025,750
GLOBAL,PWRNGSCRIXX,2026,750
GLOBAL,PWRNGSCRIXX,2027,750
GLOBAL,PWRNGSCRIXX,2028,750
GLOBAL,PWRNGSCRIXX,2029,750
GLOBAL,PWRNGSCRIXX,2030,750
GLOBAL,PWRNGSCRIXX,2031,750
GLOBAL,PWRNGSCRIXX,2032,750
GLOBAL,PWRNGSCRIXX,2033,750
GLOBAL,PWRNGSCRIXX,2034,750
GLOBAL,PWRNGSCRIXX,2035,750
GLOBAL,PWRNGSCRIXX,2036,750
GLOBAL,PWRNGSCRIXX,2037,750
GLOBAL,PWRNGSCRIXX,2038,750
GLOBAL,PWRNGSCRIXX,2039,750
GLOBAL,PWRNGSCRIXX,2040,750
GLOBAL,PWRNGSCRIXX,2041,750
GLOBAL,PWRNGSCRIXX,2042,750
GLOBAL,PWRNGSCRIXX,2043,750
GLOBAL,PWRNGSCRIXX,2044,750
GLOBAL,PWRNGSCRIXX,2045,750
GLOBAL,PWRNGSCRIXX,2046,750
GLOBAL,PWRNGSCRIXX,2047,750
GLOBAL,PWRNGSCRIXX,2048,750
GLOBAL,PWRNGSCRIXX,2049,750
GLOBAL,PWRNGSCRIXX,2050,750
GLOBAL,PWRNGSDOMXX,2023,750
GLOBAL,PWRNGSDOMXX,2024,750
GLOBAL,PWRNGSDOMXX,2025,750
GLOBAL,PWRNGSDOMXX,2026,750
GLOBAL,PWRNGSDOMXX,2027,750
GLOBAL,PWRNGSDOMXX,2028,750
GLOBAL,PWRNGSDOMXX,2029,750
GLOBAL,PWRNGSDOMXX,2030,750
GLOBAL,PWRNGSDOMXX,2031,750
GLOBAL,PWRNGSDOMXX,2032,750
GLOBAL,PWRNGSDOMXX,2033,750
GLOBAL,PWRNGSDOMXX,2034,750
GLOBAL,PWRNGSDOMXX,2035,750
GLOBAL,PWRNGSDOMXX,2036,750
GLOBAL,PWRNGSDOMXX,2037,750
GLOBAL,PWRNGSDOMXX,2038,750
GLOBAL,PWRNGSDOMXX,2039,750
GLOBAL,PWRNGSDOMXX,2040,750
GLOBAL,PWRNGSDOMXX,2041,750
GLOBAL,PWRNGSDOMXX,2042,750
GLOBAL,PWRNGSDOMXX,2043,750
GLOBAL,PWRNGSDOMXX,2044,750
GLOBAL,PWRNGSDOMXX,2045,750
GLOBAL,PWRNGSDOMXX,2046,750
GLOBAL,PWRNGSDOMXX,2047,750
GLOBAL,PWRNGSDOMXX,2048,750
GLOBAL,PWRNGSDOMXX,2049,750
GLOBAL,PWRNGSDOMXX,2050,750
GLOBAL,PWRNGSECUXX,2023,550
GLOBAL,PWRNGSECUXX,2024,550
GLOBAL,PWRNGSECUXX,2025,550
GLOBAL,PWRNGSECUXX,2026,550
GLOBAL,PWRNGSECUXX,2027,550
GLOBAL,PWRNGSECUXX,2028,550
GLOBAL,PWRNGSECUXX,2029,550
GLOBAL,PWRNGSECUXX,2030,550
GLOBAL,PWRNGSECUXX,2031,550
GLOBAL,PWRNGSECUXX,2032,550
GLOBAL,PWRNGSECUXX,2033,550
GLOBAL,PWRNGSECUXX,2034,550
GLOBAL,PWRNGSECUXX,2035,550
GLOBAL,PWRNGSECUXX,2036,550
GLOBAL,PWRNGSECUXX,2037,550
GLOBAL,PWRNGSECUXX,2038,550
GLOBAL,PWRNGSECUXX,2039,550
GLOBAL,PWRNGSECUXX,2040,550
GLOBAL,PWRNGSECUXX,2041,550
GLOBAL,PWRNGSECUXX,2042,550
GLOBAL,PWRNGSECUXX,2043,550
GLOBAL,PWRNGSECUXX,2044,550
GLOBAL,PWRNGSECUXX,2045,550
GLOBAL,PWRNGSECUXX,2046,550
GLOBAL,PWRNGSECUXX,2047,550
GLOBAL,PWRNGSECUXX,2048,550
GLOBAL,PWRNGSECUXX,2049,550
GLOBAL,PWRNGSECUXX,2050,550
GLOBAL,PWRNGSGTMXX,2023,750
GLOBAL,PWRNGSGTMXX,2024,750
GLOBAL,PWRNGSGTMXX,2025,750
GLOBAL,PWRNGSGTMXX,2026,750
GLOBAL,PWRNGSGTMXX,2027,750
GLOBAL,PWRNGSGTMXX,2028,750
GLOBAL,PWRNGSGTMXX,2029,750
GLOBAL,PWRNGSGTMXX,2030,750
GLOBAL,PWRNGSGTMXX,2031,750
GLOBAL,PWRNGSGTMXX,2032,750
GLOBAL,PWRNGSGTMXX,2033,750
GLOBAL,PWRNGSGTMXX,2034,750
GLOBAL,PWRNGSGTMXX,2035,750
GLOBAL,PWRNGSGTMXX,2036,750
GLOBAL,PWRNGSGTMXX,2037,750
GLOBAL,PWRNGSGTMXX,2038,750
GLOBAL,PWRNGSGTMXX,2039,750
GLOBAL,PWRNGSGTMXX,2040,750
GLOBAL,PWRNGSGTMXX,2041,750
GLOBAL,PWRNGSGTMXX,2042,750
GLOBAL,PWRNGSGTMXX,2043,750
GLOBAL,PWRNGSGTMXX,2044,750
GLOBAL,PWRNGSGTMXX,2045,750
GLOBAL,PWRNGSGTMXX,2046,750
GLOBAL,PWRNGSGTMXX,2047,750
GLOBAL,PWRNGSGTMXX,2048,750
GLOBAL,PWRNGSGTMXX,2049,750
GLOBAL,PWRNGSGTMXX,2050,750
GLOBAL,PWRNGSHNDXX,2023,750
GLOBAL,PWRNGSHNDXX,2024,750
GLOBAL,PWRNGSHNDXX,2025,750
GLOBAL,PWRNGSHNDXX,2026,750
GLOBAL,PWRNGSHNDXX,2027,750
GLOBAL,PWRNGSHNDXX,2028,750
GLOBAL,PWRNGSHNDXX,2029,750
GLOBAL,PWRNGSHNDXX,2030,750
GLOBAL,PWRNGSHNDXX,2031,750
GLOBAL,PWRNGSHNDXX,2032,750
GLOBAL,PWRNGSHNDXX,2033,750
GLOBAL,PWRNGSHNDXX,2034,750
GLOBAL,PWRNGSHNDXX,2035,750
GLOBAL,PWRNGSHNDXX,2036,750
GLOBAL,PWRNGSHNDXX,2037,750
GLOBAL,PWRNGSHNDXX,2038,750
GLOBAL,PWRNGSHNDXX,2039,750
GLOBAL,PWRNGSHNDXX,2040,750
GLOBAL,PWRNGSHNDXX,2041,750
GLOBAL,PWRNGSHNDXX,2042,750
GLOBAL,PWRNGSHNDXX,2043,750
GLOBAL,PWRNGSHNDXX,2044,750
GLOBAL,PWRNGSHNDXX,2045,750
GLOBAL,PWRNGSHNDXX,2046,750
GLOBAL,PWRNGSHNDXX,2047,750
GLOBAL,PWRNGSHNDXX,2048,750
GLOBAL,PWRNGSHNDXX,2049,750
GLOBAL,PWRNGSHNDXX,2050,750
GLOBAL,PWRNGSHTIXX,2023,750
GLOBAL,PWRNGSHTIXX,2024,750
GLOBAL,PWRNGSHTIXX,2025,750
GLOBAL,PWRNGSHTIXX,2026,750
GLOBAL,PWRNGSHTIXX,2027,750
GLOBAL,PWRNGSHTIXX,2028,750
GLOBAL,PWRNGSHTIXX,2029,750
GLOBAL,PWRNGSHTIXX,2030,750
GLOBAL,PWRNGSHTIXX,2031,750
GLOBAL,PWRNGSHTIXX,2032,750
GLOBAL,PWRNGSHTIXX,2033,750
GLOBAL,PWRNGSHTIXX,2034,750
GLOBAL,PWRNGSHTIXX,2035,750
GLOBAL,PWRNGSHTIXX,2036,750
GLOBAL,PWRNGSHTIXX,2037,750
GLOBAL,PWRNGSHTIXX,2038,750
GLOBAL,PWRNGSHTIXX,2039,750
GLOBAL,PWRNGSHTIXX,2040,750
GLOBAL,PWRNGSHTIXX,2041,750
GLOBAL,PWRNGSHTIXX,2042,750
GLOBAL,PWRNGSHTIXX,2043,750
GLOBAL,PWRNGSHTIXX,2044,750
GLOBAL,PWRNGSHTIXX,2045,750
GLOBAL,PWRNGSHTIXX,2046,750
GLOBAL,PWRNGSHTIXX,2047,750
GLOBAL,PWRNGSHTIXX,2048,750
GLOBAL,PWRNGSHTIXX,2049,750
GLOBAL,PWRNGSHTIXX,2050,750
GLOBAL,PWRNGSMEXXX,2023,750
GLOBAL,PWRNGSMEXXX,2024,750
GLOBAL,PWRNGSMEXXX,2025,750
GLOBAL,PWRNGSMEXXX,2026,750
GLOBAL,PWRNGSMEXXX,2027,750
GLOBAL,PWRNGSMEXXX,2028,750
GLOBAL,PWRNGSMEXXX,2029,750
GLOBAL,PWRNGSMEXXX,2030,750
GLOBAL,PWRNGSMEXXX,2031,750
GLOBAL,PWRNGSMEXXX,2032,750
GLOBAL,PWRNGSMEXXX,2033,750
GLOBAL,PWRNGSMEXXX,2034,750
GLOBAL,PWRNGSMEXXX,2035,750
GLOBAL,PWRNGSMEXXX,2036,750
GLOBAL,PWRNGSMEXXX,2037,750
GLOBAL,PWRNGSMEXXX,2038,750
GLOBAL,PWRNGSMEXXX,2039,750
GLOBAL,PWRNGSMEXXX,2040,750
GLOBAL,PWRNGSMEXXX,2041,750
GLOBAL,PWRNGSMEXXX,2042,750
GLOBAL,PWRNGSMEXXX,2043,750
GLOBAL,PWRNGSMEXXX,2044,750
GLOBAL,PWRNGSMEXXX,2045,750
GLOBAL,PWRNGSMEXXX,2046,750
GLOBAL,PWRNGSMEXXX,2047,750
GLOBAL,PWRNGSMEXXX,2048,750
GLOBAL,PWRNGSMEXXX,2049,750
GLOBAL,PWRNGSMEXXX,2050,750
GLOBAL,PWRNGSNICXX,2023,550
GLOBAL,PWRNGSNICXX,2024,550
GLOBAL,PWRNGSNICXX,2025,550
GLOBAL,PWRNGSNICXX,2026,550
GLOBAL,PWRNGSNICXX,2027,550
GLOBAL,PWRNGSNICXX,2028,550
GLOBAL,PWRNGSNICXX,2029,550
GLOBAL,PWRNGSNICXX,2030,550
GLOBAL,PWRNGSNICXX,2031,550
GLOBAL,PWRNGSNICXX,2032,550
GLOBAL,PWRNGSNICXX,2033,550
GLOBAL,PWRNGSNICXX,2034,550
GLOBAL,PWRNGSNICXX,2035,550
GLOBAL,PWRNGSNICXX,2036,550
GLOBAL,PWRNGSNICXX,2037,550
GLOBAL,PWRNGSNICXX,2038,550
GLOBAL,PWRNGSNICXX,2039,550
GLOBAL,PWRNGSNICXX,2040,550
GLOBAL,PWRNGSNICXX,2041,550
GLOBAL,PWRNGSNICXX,2042,550
GLOBAL,PWRNGSNICXX,2043,550
GLOBAL,PWRNGSNICXX,2044,550
GLOBAL,PWRNGSNICXX,2045,550
GLOBAL,PWRNGSNICXX,2046,550
GLOBAL,PWRNGSNICXX,2047,550
GLOBAL,PWRNGSNICXX,2048,550
GLOBAL,PWRNGSNICXX,2049,550
GLOBAL,PWRNGSNICXX,2050,550
GLOBAL,PWRNGSPANXX,2023,750
GLOBAL,PWRNGSPANXX,2024,750
GLOBAL,PWRNGSPANXX,2025,750
GLOBAL,PWRNGSPANXX,2026,750
GLOBAL,PWRNGSPANXX,2027,750
GLOBAL,PWRNGSPANXX,2028,750
GLOBAL,PWRNGSPANXX,2029,750
GLOBAL,PWRNGSPANXX,2030,750
GLOBAL,PWRNGSPANXX,2031,750
GLOBAL,PWRNGSPANXX,2032,750
GLOBAL,PWRNGSPANXX,2033,750
GLOBAL,PWRNGSPANXX,2034,750
GLOBAL,PWRNGSPANXX,2035,750
GLOBAL,PWRNGSPANXX,2036,750
GLOBAL,PWRNGSPANXX,2037,750
GLOBAL,PWRNGSPANXX,2038,750
GLOBAL,PWRNGSPANXX,2039,750
GLOBAL,PWRNGSPANXX,2040,750
GLOBAL,PWRNGSPANXX,2041,750
GLOBAL,PWRNGSPANXX,2042,750
GLOBAL,PWRNGSPANXX,2043,750
GLOBAL,PWRNGSPANXX,2044,750
GLOBAL,PWRNGSPANXX,2045,750
GLOBAL,PWRNGSPANXX,2046,750
GLOBAL,PWRNGSPANXX,2047,750
GLOBAL,PWRNGSPANXX,2048,750
GLOBAL,PWRNGSPANXX,2049,750
GLOBAL,PWRNGSPANXX,2050,750
GLOBAL,PWRNGSPERXX,2023,550
GLOBAL,PWRNGSPERXX,2024,550
GLOBAL,PWRNGSPERXX,2025,550
GLOBAL,PWRNGSPERXX,2026,550
GLOBAL,PWRNGSPERXX,2027,550
GLOBAL,PWRNGSPERXX,2028,550
GLOBAL,PWRNGSPERXX,2029,550
GLOBAL,PWRNGSPERXX,2030,550
GLOBAL,PWRNGSPERXX,2031,550
GLOBAL,PWRNGSPERXX,2032,550
GLOBAL,PWRNGSPERXX,2033,550
GLOBAL,PWRNGSPERXX,2034,550
GLOBAL,PWRNGSPERXX,2035,550
GLOBAL,PWRNGSPERXX,2036,550
GLOBAL,PWRNGSPERXX,2037,550
GLOBAL,PWRNGSPERXX,2038,550
GLOBAL,PWRNGSPERXX,2039,550
GLOBAL,PWRNGSPERXX,2040,550
GLOBAL,PWRNGSPERXX,2041,550
GLOBAL,PWRNGSPERXX,2042,550
GLOBAL,PWRNGSPERXX,2043,550
GLOBAL,PWRNGSPERXX,2044,550
GLOBAL,PWRNGSPERXX,2045,550
GLOBAL,PWRNGSPERXX,2046,550
GLOBAL,PWRNGSPERXX,2047,550
GLOBAL,PWRNGSPERXX,2048,550
GLOBAL,PWRNGSPERXX,2049,550
GLOBAL,PWRNGSPERXX,2050,550
GLOBAL,PWRNGSPRYXX,2023,550
GLOBAL,PWRNGSPRYXX,2024,550
GLOBAL,PWRNGSPRYXX,2025,550
GLOBAL,PWRNGSPRYXX,2026,550
GLOBAL,PWRNGSPRYXX,2027,550
GLOBAL,PWRNGSPRYXX,2028,550
GLOBAL,PWRNGSPRYXX,2029,550
GLOBAL,PWRNGSPRYXX,2030,550
GLOBAL,PWRNGSPRYXX,2031,550
GLOBAL,PWRNGSPRYXX,2032,550
GLOBAL,PWRNGSPRYXX,2033,550
GLOBAL,PWRNGSPRYXX,2034,550
GLOBAL,PWRNGSPRYXX,2035,550
GLOBAL,PWRNGSPRYXX,2036,550
GLOBAL,PWRNGSPRYXX,2037,550
GLOBAL,PWRNGSPRYXX,2038,550
GLOBAL,PWRNGSPRYXX,2039,550
GLOBAL,PWRNGSPRYXX,2040,550
GLOBAL,PWRNGSPRYXX,2041,550
GLOBAL,PWRNGSPRYXX,2042,550
GLOBAL,PWRNGSPRYXX,2043,550
GLOBAL,PWRNGSPRYXX,2044,550
GLOBAL,PWRNGSPRYXX,2045,550
GLOBAL,PWRNGSPRYXX,2046,550
GLOBAL,PWRNGSPRYXX,2047,550
GLOBAL,PWRNGSPRYXX,2048,550
GLOBAL,PWRNGSPRYXX,2049,550
GLOBAL,PWRNGSPRYXX,2050,550
GLOBAL,PWRNGSSLVXX,2023,750
GLOBAL,PWRNGSSLVXX,2024,750
GLOBAL,PWRNGSSLVXX,2025,750
GLOBAL,PWRNGSSLVXX,2026,750
GLOBAL,PWRNGSSLVXX,2027,750
GLOBAL,PWRNGSSLVXX,2028,750
GLOBAL,PWRNGSSLVXX,2029,750
GLOBAL,PWRNGSSLVXX,2030,750
GLOBAL,PWRNGSSLVXX,2031,750
GLOBAL,PWRNGSSLVXX,2032,750
GLOBAL,PWRNGSSLVXX,2033,750
GLOBAL,PWRNGSSLVXX,2034,750
GLOBAL,PWRNGSSLVXX,2035,750
GLOBAL,PWRNGSSLVXX,2036,750
GLOBAL,PWRNGSSLVXX,2037,750
GLOBAL,PWRNGSSLVXX,2038,750
GLOBAL,PWRNGSSLVXX,2039,750
GLOBAL,PWRNGSSLVXX,2040,750
GLOBAL,PWRNGSSLVXX,2041,750
GLOBAL,PWRNGSSLVXX,2042,750
GLOBAL,PWRNGSSLVXX,2043,750
GLOBAL,PWRNGSSLVXX,2044,750
GLOBAL,PWRNGSSLVXX,2045,750
GLOBAL,PWRNGSSLVXX,2046,750
GLOBAL,PWRNGSSLVXX,2047,750
GLOBAL,PWRNGSSLVXX,2048,750
GLOBAL,PWRNGSSLVXX,2049,750
GLOBAL,PWRNGSSLVXX,2050,750
GLOBAL,PWRNGSURYXX,2023,550
GLOBAL,PWRNGSURYXX,2024,550
GLOBAL,PWRNGSURYXX,2025,550
GLOBAL,PWRNGSURYXX,2026,550
GLOBAL,PWRNGSURYXX,2027,550
GLOBAL,PWRNGSURYXX,2028,550
GLOBAL,PWRNGSURYXX,2029,550
GLOBAL,PWRNGSURYXX,2030,550
GLOBAL,PWRNGSURYXX,2031,550
GLOBAL,PWRNGSURYXX,2032,550
GLOBAL,PWRNGSURYXX,2033,550
GLOBAL,PWRNGSURYXX,2034,550
GLOBAL,PWRNGSURYXX,2035,550
GLOBAL,PWRNGSURYXX,2036,550
GLOBAL,PWRNGSURYXX,2037,550
GLOBAL,PWRNGSURYXX,2038,550
GLOBAL,PWRNGSURYXX,2039,550
GLOBAL,PWRNGSURYXX,2040,550
GLOBAL,PWRNGSURYXX,2041,550
GLOBAL,PWRNGSURYXX,2042,550
GLOBAL,PWRNGSURYXX,2043,550
GLOBAL,PWRNGSURYXX,2044,550
GLOBAL,PWRNGSURYXX,2045,550
GLOBAL,PWRNGSURYXX,2046,550
GLOBAL,PWRNGSURYXX,2047,550
GLOBAL,PWRNGSURYXX,2048,550
GLOBAL,PWRNGSURYXX,2049,550
GLOBAL,PWRNGSURYXX,2050,550
GLOBAL,PWROILARGXX,2023,1240
GLOBAL,PWROILARGXX,2024,1240
GLOBAL,PWROILARGXX,2025,1240
GLOBAL,PWROILARGXX,2026,1240
GLOBAL,PWROILARGXX,2027,1240
GLOBAL,PWROILARGXX,2028,1240
GLOBAL,PWROILARGXX,2029,1240
GLOBAL,PWROILARGXX,2030,1240
GLOBAL,PWROILARGXX,2031,1240
GLOBAL,PWROILARGXX,2032,1240
GLOBAL,PWROILARGXX,2033,1240
GLOBAL,PWROILARGXX,2034,1240
GLOBAL,PWROILARGXX,2035,1240
GLOBAL,PWROILARGXX,2036,1240
GLOBAL,PWROILARGXX,2037,1240
GLOBAL,PWROILARGXX,2038,1240
GLOBAL,PWROILARGXX,2039,1240
GLOBAL,PWROILARGXX,2040,1240
GLOBAL,PWROILARGXX,2041,1240
GLOBAL,PWROILARGXX,2042,1240
GLOBAL,PWROILARGXX,2043,1240
GLOBAL,PWROILARGXX,2044,1240
GLOBAL,PWROILARGXX,2045,1240
GLOBAL,PWROILARGXX,2046,1240
GLOBAL,PWROILARGXX,2047,1240
GLOBAL,PWROILARGXX,2048,1240
GLOBAL,PWROILARGXX,2049,1240
GLOBAL,PWROILARGXX,2050,1240
GLOBAL,PWROILBOLXX,2023,1240
GLOBAL,PWROILBOLXX,2024,1240
GLOBAL,PWROILBOLXX,2025,1240
GLOBAL,PWROILBOLXX,2026,1240
GLOBAL,PWROILBOLXX,2027,1240
GLOBAL,PWROILBOLXX,2028,1240
GLOBAL,PWROILBOLXX,2029,1240
GLOBAL,PWROILBOLXX,2030,1240
GLOBAL,PWROILBOLXX,2031,1240
GLOBAL,PWROILBOLXX,2032,1240
GLOBAL,PWROILBOLXX,2033,1240
GLOBAL,PWROILBOLXX,2034,1240
GLOBAL,PWROILBOLXX,2035,1240
GLOBAL,PWROILBOLXX,2036,1240
GLOBAL,PWROILBOLXX,2037,1240
GLOBAL,PWROILBOLXX,2038,1240
GLOBAL,PWROILBOLXX,2039,1240
GLOBAL,PWROILBOLXX,2040,1240
GLOBAL,PWROILBOLXX,2041,1240
GLOBAL,PWROILBOLXX,2042,1240
GLOBAL,PWROILBOLXX,2043,1240
GLOBAL,PWROILBOLXX,2044,1240
GLOBAL,PWROILBOLXX,2045,1240
GLOBAL,PWROILBOLXX,2046,1240
GLOBAL,PWROILBOLXX,2047,1240
GLOBAL,PWROILBOLXX,2048,1240
GLOBAL,PWROILBOLXX,2049,1240
GLOBAL,PWROILBOLXX,2050,1240
GLOBAL,PWROILBRAXX,2023,1240
GLOBAL,PWROILBRAXX,2024,1240
GLOBAL,PWROILBRAXX,2025,1240
GLOBAL,PWROILBRAXX,2026,1240
GLOBAL,PWROILBRAXX,2027,1240
GLOBAL,PWROILBRAXX,2028,1240
GLOBAL,PWROILBRAXX,2029,1240
GLOBAL,PWROILBRAXX,2030,1240
GLOBAL,PWROILBRAXX,2031,1240
GLOBAL,PWROILBRAXX,2032,1240
GLOBAL,PWROILBRAXX,2033,1240
GLOBAL,PWROILBRAXX,2034,1240
GLOBAL,PWROILBRAXX,2035,1240
GLOBAL,PWROILBRAXX,2036,1240
GLOBAL,PWROILBRAXX,2037,1240
GLOBAL,PWROILBRAXX,2038,1240
GLOBAL,PWROILBRAXX,2039,1240
GLOBAL,PWROILBRAXX,2040,1240
GLOBAL,PWROILBRAXX,2041,1240
GLOBAL,PWROILBRAXX,2042,1240
GLOBAL,PWROILBRAXX,2043,1240
GLOBAL,PWROILBRAXX,2044,1240
GLOBAL,PWROILBRAXX,2045,1240
GLOBAL,PWROILBRAXX,2046,1240
GLOBAL,PWROILBRAXX,2047,1240
GLOBAL,PWROILBRAXX,2048,1240
GLOBAL,PWROILBRAXX,2049,1240
GLOBAL,PWROILBRAXX,2050,1240
GLOBAL,PWROILBRBXX,2023,1240
GLOBAL,PWROILBRBXX,2024,1240
GLOBAL,PWROILBRBXX,2025,1240
GLOBAL,PWROILBRBXX,2026,1240
GLOBAL,PWROILBRBXX,2027,1240
GLOBAL,PWROILBRBXX,2028,1240
GLOBAL,PWROILBRBXX,2029,1240
GLOBAL,PWROILBRBXX,2030,1240
GLOBAL,PWROILBRBXX,2031,1240
GLOBAL,PWROILBRBXX,2032,1240
GLOBAL,PWROILBRBXX,2033,1240
GLOBAL,PWROILBRBXX,2034,1240
GLOBAL,PWROILBRBXX,2035,1240
GLOBAL,PWROILBRBXX,2036,1240
GLOBAL,PWROILBRBXX,2037,1240
GLOBAL,PWROILBRBXX,2038,1240
GLOBAL,PWROILBRBXX,2039,1240
GLOBAL,PWROILBRBXX,2040,1240
GLOBAL,PWROILBRBXX,2041,1240
GLOBAL,PWROILBRBXX,2042,1240
GLOBAL,PWROILBRBXX,2043,1240
GLOBAL,PWROILBRBXX,2044,1240
GLOBAL,PWROILBRBXX,2045,1240
GLOBAL,PWROILBRBXX,2046,1240
GLOBAL,PWROILBRBXX,2047,1240
GLOBAL,PWROILBRBXX,2048,1240
GLOBAL,PWROILBRBXX,2049,1240
GLOBAL,PWROILBRBXX,2050,1240
GLOBAL,PWROILCHLXX,2023,1240
GLOBAL,PWROILCHLXX,2024,1240
GLOBAL,PWROILCHLXX,2025,1240
GLOBAL,PWROILCHLXX,2026,1240
GLOBAL,PWROILCHLXX,2027,1240
GLOBAL,PWROILCHLXX,2028,1240
GLOBAL,PWROILCHLXX,2029,1240
GLOBAL,PWROILCHLXX,2030,1240
GLOBAL,PWROILCHLXX,2031,1240
GLOBAL,PWROILCHLXX,2032,1240
GLOBAL,PWROILCHLXX,2033,1240
GLOBAL,PWROILCHLXX,2034,1240
GLOBAL,PWROILCHLXX,2035,1240
GLOBAL,PWROILCHLXX,2036,1240
GLOBAL,PWROILCHLXX,2037,1240
GLOBAL,PWROILCHLXX,2038,1240
GLOBAL,PWROILCHLXX,2039,1240
GLOBAL,PWROILCHLXX,2040,1240
GLOBAL,PWROILCHLXX,2041,1240
GLOBAL,PWROILCHLXX,2042,1240
GLOBAL,PWROILCHLXX,2043,1240
GLOBAL,PWROILCHLXX,2044,1240
GLOBAL,PWROILCHLXX,2045,1240
GLOBAL,PWROILCHLXX,2046,1240
GLOBAL,PWROILCHLXX,2047,1240
GLOBAL,PWROILCHLXX,2048,1240
GLOBAL,PWROILCHLXX,2049,1240
GLOBAL,PWROILCHLXX,2050,1240
GLOBAL,PWROILCOLXX,2023,1240
GLOBAL,PWROILCOLXX,2024,1240
GLOBAL,PWROILCOLXX,2025,1240
GLOBAL,PWROILCOLXX,2026,1240
GLOBAL,PWROILCOLXX,2027,1240
GLOBAL,PWROILCOLXX,2028,1240
GLOBAL,PWROILCOLXX,2029,1240
GLOBAL,PWROILCOLXX,2030,1240
GLOBAL,PWROILCOLXX,2031,1240
GLOBAL,PWROILCOLXX,2032,1240
GLOBAL,PWROILCOLXX,2033,1240
GLOBAL,PWROILCOLXX,2034,1240
GLOBAL,PWROILCOLXX,2035,1240
GLOBAL,PWROILCOLXX,2036,1240
GLOBAL,PWROILCOLXX,2037,1240
GLOBAL,PWROILCOLXX,2038,1240
GLOBAL,PWROILCOLXX,2039,1240
GLOBAL,PWROILCOLXX,2040,1240
GLOBAL,PWROILCOLXX,2041,1240
GLOBAL,PWROILCOLXX,2042,1240
GLOBAL,PWROILCOLXX,2043,1240
GLOBAL,PWROILCOLXX,2044,1240
GLOBAL,PWROILCOLXX,2045,1240
GLOBAL,PWROILCOLXX,2046,1240
GLOBAL,PWROILCOLXX,2047,1240
GLOBAL,PWROILCOLXX,2048,1240
GLOBAL,PWROILCOLXX,2049,1240
GLOBAL,PWROILCOLXX,2050,1240
GLOBAL,PWROILCRIXX,2023,1240
GLOBAL,PWROILCRIXX,2024,1240
GLOBAL,PWROILCRIXX,2025,1240
GLOBAL,PWROILCRIXX,2026,1240
GLOBAL,PWROILCRIXX,2027,1240
GLOBAL,PWROILCRIXX,2028,1240
GLOBAL,PWROILCRIXX,2029,1240
GLOBAL,PWROILCRIXX,2030,1240
GLOBAL,PWROILCRIXX,2031,1240
GLOBAL,PWROILCRIXX,2032,1240
GLOBAL,PWROILCRIXX,2033,1240
GLOBAL,PWROILCRIXX,2034,1240
GLOBAL,PWROILCRIXX,2035,1240
GLOBAL,PWROILCRIXX,2036,1240
GLOBAL,PWROILCRIXX,2037,1240
GLOBAL,PWROILCRIXX,2038,1240
GLOBAL,PWROILCRIXX,2039,1240
GLOBAL,PWROILCRIXX,2040,1240
GLOBAL,PWROILCRIXX,2041,1240
GLOBAL,PWROILCRIXX,2042,1240
GLOBAL,PWROILCRIXX,2043,1240
GLOBAL,PWROILCRIXX,2044,1240
GLOBAL,PWROILCRIXX,2045,1240
GLOBAL,PWROILCRIXX,2046,1240
GLOBAL,PWROILCRIXX,2047,1240
GLOBAL,PWROILCRIXX,2048,1240
GLOBAL,PWROILCRIXX,2049,1240
GLOBAL,PWROILCRIXX,2050,1240
GLOBAL,PWROILDOMXX,2023,1240
GLOBAL,PWROILDOMXX,2024,1240
GLOBAL,PWROILDOMXX,2025,1240
GLOBAL,PWROILDOMXX,2026,1240
GLOBAL,PWROILDOMXX,2027,1240
GLOBAL,PWROILDOMXX,2028,1240
GLOBAL,PWROILDOMXX,2029,1240
GLOBAL,PWROILDOMXX,2030,1240
GLOBAL,PWROILDOMXX,2031,1240
GLOBAL,PWROILDOMXX,2032,1240
GLOBAL,PWROILDOMXX,2033,1240
GLOBAL,PWROILDOMXX,2034,1240
GLOBAL,PWROILDOMXX,2035,1240
GLOBAL,PWROILDOMXX,2036,1240
GLOBAL,PWROILDOMXX,2037,1240
GLOBAL,PWROILDOMXX,2038,1240
GLOBAL,PWROILDOMXX,2039,1240
GLOBAL,PWROILDOMXX,2040,1240
GLOBAL,PWROILDOMXX,2041,1240
GLOBAL,PWROILDOMXX,2042,1240
GLOBAL,PWROILDOMXX,2043,1240
GLOBAL,PWROILDOMXX,2044,1240
GLOBAL,PWROILDOMXX,2045,1240
GLOBAL,PWROILDOMXX,2046,1240
GLOBAL,PWROILDOMXX,2047,1240
GLOBAL,PWROILDOMXX,2048,1240
GLOBAL,PWROILDOMXX,2049,1240
GLOBAL,PWROILDOMXX,2050,1240
GLOBAL,PWROILECUXX,2023,1240
GLOBAL,PWROILECUXX,2024,1240
GLOBAL,PWROILECUXX,2025,1240
GLOBAL,PWROILECUXX,2026,1240
GLOBAL,PWROILECUXX,2027,1240
GLOBAL,PWROILECUXX,2028,1240
GLOBAL,PWROILECUXX,2029,1240
GLOBAL,PWROILECUXX,2030,1240
GLOBAL,PWROILECUXX,2031,1240
GLOBAL,PWROILECUXX,2032,1240
GLOBAL,PWROILECUXX,2033,1240
GLOBAL,PWROILECUXX,2034,1240
GLOBAL,PWROILECUXX,2035,1240
GLOBAL,PWROILECUXX,2036,1240
GLOBAL,PWROILECUXX,2037,1240
GLOBAL,PWROILECUXX,2038,1240
GLOBAL,PWROILECUXX,2039,1240
GLOBAL,PWROILECUXX,2040,1240
GLOBAL,PWROILECUXX,2041,1240
GLOBAL,PWROILECUXX,2042,1240
GLOBAL,PWROILECUXX,2043,1240
GLOBAL,PWROILECUXX,2044,1240
GLOBAL,PWROILECUXX,2045,1240
GLOBAL,PWROILECUXX,2046,1240
GLOBAL,PWROILECUXX,2047,1240
GLOBAL,PWROILECUXX,2048,1240
GLOBAL,PWROILECUXX,2049,1240
GLOBAL,PWROILECUXX,2050,1240
GLOBAL,PWROILGTMXX,2023,1240
GLOBAL,PWROILGTMXX,2024,1240
GLOBAL,PWROILGTMXX,2025,1240
GLOBAL,PWROILGTMXX,2026,1240
GLOBAL,PWROILGTMXX,2027,1240
GLOBAL,PWROILGTMXX,2028,1240
GLOBAL,PWROILGTMXX,2029,1240
GLOBAL,PWROILGTMXX,2030,1240
GLOBAL,PWROILGTMXX,2031,1240
GLOBAL,PWROILGTMXX,2032,1240
GLOBAL,PWROILGTMXX,2033,1240
GLOBAL,PWROILGTMXX,2034,1240
GLOBAL,PWROILGTMXX,2035,1240
GLOBAL,PWROILGTMXX,2036,1240
GLOBAL,PWROILGTMXX,2037,1240
GLOBAL,PWROILGTMXX,2038,1240
GLOBAL,PWROILGTMXX,2039,1240
GLOBAL,PWROILGTMXX,2040,1240
GLOBAL,PWROILGTMXX,2041,1240
GLOBAL,PWROILGTMXX,2042,1240
GLOBAL,PWROILGTMXX,2043,1240
GLOBAL,PWROILGTMXX,2044,1240
GLOBAL,PWROILGTMXX,2045,1240
GLOBAL,PWROILGTMXX,2046,1240
GLOBAL,PWROILGTMXX,2047,1240
GLOBAL,PWROILGTMXX,2048,1240
GLOBAL,PWROILGTMXX,2049,1240
GLOBAL,PWROILGTMXX,2050,1240
GLOBAL,PWROILHNDXX,2023,1240
GLOBAL,PWROILHNDXX,2024,1240
GLOBAL,PWROILHNDXX,2025,1240
GLOBAL,PWROILHNDXX,2026,1240
GLOBAL,PWROILHNDXX,2027,1240
GLOBAL,PWROILHNDXX,2028,1240
GLOBAL,PWROILHNDXX,2029,1240
GLOBAL,PWROILHNDXX,2030,1240
GLOBAL,PWROILHNDXX,2031,1240
GLOBAL,PWROILHNDXX,2032,1240
GLOBAL,PWROILHNDXX,2033,1240
GLOBAL,PWROILHNDXX,2034,1240
GLOBAL,PWROILHNDXX,2035,1240
GLOBAL,PWROILHNDXX,2036,1240
GLOBAL,PWROILHNDXX,2037,1240
GLOBAL,PWROILHNDXX,2038,1240
GLOBAL,PWROILHNDXX,2039,1240
GLOBAL,PWROILHNDXX,2040,1240
GLOBAL,PWROILHNDXX,2041,1240
GLOBAL,PWROILHNDXX,2042,1240
GLOBAL,PWROILHNDXX,2043,1240
GLOBAL,PWROILHNDXX,2044,1240
GLOBAL,PWROILHNDXX,2045,1240
GLOBAL,PWROILHNDXX,2046,1240
GLOBAL,PWROILHNDXX,2047,1240
GLOBAL,PWROILHNDXX,2048,1240
GLOBAL,PWROILHNDXX,2049,1240
GLOBAL,PWROILHNDXX,2050,1240
GLOBAL,PWROILHTIXX,2023,1240
GLOBAL,PWROILHTIXX,2024,1240
GLOBAL,PWROILHTIXX,2025,1240
GLOBAL,PWROILHTIXX,2026,1240
GLOBAL,PWROILHTIXX,2027,1240
GLOBAL,PWROILHTIXX,2028,1240
GLOBAL,PWROILHTIXX,2029,1240
GLOBAL,PWROILHTIXX,2030,1240
GLOBAL,PWROILHTIXX,2031,1240
GLOBAL,PWROILHTIXX,2032,1240
GLOBAL,PWROILHTIXX,2033,1240
GLOBAL,PWROILHTIXX,2034,1240
GLOBAL,PWROILHTIXX,2035,1240
GLOBAL,PWROILHTIXX,2036,1240
GLOBAL,PWROILHTIXX,2037,1240
GLOBAL,PWROILHTIXX,2038,1240
GLOBAL,PWROILHTIXX,2039,1240
GLOBAL,PWROILHTIXX,2040,1240
GLOBAL,PWROILHTIXX,2041,1240
GLOBAL,PWROILHTIXX,2042,1240
GLOBAL,PWROILHTIXX,2043,1240
GLOBAL,PWROILHTIXX,2044,1240
GLOBAL,PWROILHTIXX,2045,1240
GLOBAL,PWROILHTIXX,2046,1240
GLOBAL,PWROILHTIXX,2047,1240
GLOBAL,PWROILHTIXX,2048,1240
GLOBAL,PWROILHTIXX,2049,1240
GLOBAL,PWROILHTIXX,2050,1240
GLOBAL,PWROILMEXXX,2023,1240
GLOBAL,PWROILMEXXX,2024,1240
GLOBAL,PWROILMEXXX,2025,1240
GLOBAL,PWROILMEXXX,2026,1240
GLOBAL,PWROILMEXXX,2027,1240
GLOBAL,PWROILMEXXX,2028,1240
GLOBAL,PWROILMEXXX,2029,1240
GLOBAL,PWROILMEXXX,2030,1240
GLOBAL,PWROILMEXXX,2031,1240
GLOBAL,PWROILMEXXX,2032,1240
GLOBAL,PWROILMEXXX,2033,1240
GLOBAL,PWROILMEXXX,2034,1240
GLOBAL,PWROILMEXXX,2035,1240
GLOBAL,PWROILMEXXX,2036,1240
GLOBAL,PWROILMEXXX,2037,1240
GLOBAL,PWROILMEXXX,2038,1240
GLOBAL,PWROILMEXXX,2039,1240
GLOBAL,PWROILMEXXX,2040,1240
GLOBAL,PWROILMEXXX,2041,1240
GLOBAL,PWROILMEXXX,2042,1240
GLOBAL,PWROILMEXXX,2043,1240
GLOBAL,PWROILMEXXX,2044,1240
GLOBAL,PWROILMEXXX,2045,1240
GLOBAL,PWROILMEXXX,2046,1240
GLOBAL,PWROILMEXXX,2047,1240
GLOBAL,PWROILMEXXX,2048,1240
GLOBAL,PWROILMEXXX,2049,1240
GLOBAL,PWROILMEXXX,2050,1240
GLOBAL,PWROILNICXX,2023,1240
GLOBAL,PWROILNICXX,2024,1240
GLOBAL,PWROILNICXX,2025,1240
GLOBAL,PWROILNICXX,2026,1240
GLOBAL,PWROILNICXX,2027,1240
GLOBAL,PWROILNICXX,2028,1240
GLOBAL,PWROILNICXX,2029,1240
GLOBAL,PWROILNICXX,2030,1240
GLOBAL,PWROILNICXX,2031,1240
GLOBAL,PWROILNICXX,2032,1240
GLOBAL,PWROILNICXX,2033,1240
GLOBAL,PWROILNICXX,2034,1240
GLOBAL,PWROILNICXX,2035,1240
GLOBAL,PWROILNICXX,2036,1240
GLOBAL,PWROILNICXX,2037,1240
GLOBAL,PWROILNICXX,2038,1240
GLOBAL,PWROILNICXX,2039,1240
GLOBAL,PWROILNICXX,2040,1240
GLOBAL,PWROILNICXX,2041,1240
GLOBAL,PWROILNICXX,2042,1240
GLOBAL,PWROILNICXX,2043,1240
GLOBAL,PWROILNICXX,2044,1240
GLOBAL,PWROILNICXX,2045,1240
GLOBAL,PWROILNICXX,2046,1240
GLOBAL,PWROILNICXX,2047,1240
GLOBAL,PWROILNICXX,2048,1240
GLOBAL,PWROILNICXX,2049,1240
GLOBAL,PWROILNICXX,2050,1240
GLOBAL,PWROILPANXX,2023,1240
GLOBAL,PWROILPANXX,2024,1240
GLOBAL,PWROILPANXX,2025,1240
GLOBAL,PWROILPANXX,2026,1240
GLOBAL,PWROILPANXX,2027,1240
GLOBAL,PWROILPANXX,2028,1240
GLOBAL,PWROILPANXX,2029,1240
GLOBAL,PWROILPANXX,2030,1240
GLOBAL,PWROILPANXX,2031,1240
GLOBAL,PWROILPANXX,2032,1240
GLOBAL,PWROILPANXX,2033,1240
GLOBAL,PWROILPANXX,2034,1240
GLOBAL,PWROILPANXX,2035,1240
GLOBAL,PWROILPANXX,2036,1240
GLOBAL,PWROILPANXX,2037,1240
GLOBAL,PWROILPANXX,2038,1240
GLOBAL,PWROILPANXX,2039,1240
GLOBAL,PWROILPANXX,2040,1240
GLOBAL,PWROILPANXX,2041,1240
GLOBAL,PWROILPANXX,2042,1240
GLOBAL,PWROILPANXX,2043,1240
GLOBAL,PWROILPANXX,2044,1240
GLOBAL,PWROILPANXX,2045,1240
GLOBAL,PWROILPANXX,2046,1240
GLOBAL,PWROILPANXX,2047,1240
GLOBAL,PWROILPANXX,2048,1240
GLOBAL,PWROILPANXX,2049,1240
GLOBAL,PWROILPANXX,2050,1240
GLOBAL,PWROILPERXX,2023,1240
GLOBAL,PWROILPERXX,2024,1240
GLOBAL,PWROILPERXX,2025,1240
GLOBAL,PWROILPERXX,2026,1240
GLOBAL,PWROILPERXX,2027,1240
GLOBAL,PWROILPERXX,2028,1240
GLOBAL,PWROILPERXX,2029,1240
GLOBAL,PWROILPERXX,2030,1240
GLOBAL,PWROILPERXX,2031,1240
GLOBAL,PWROILPERXX,2032,1240
GLOBAL,PWROILPERXX,2033,1240
GLOBAL,PWROILPERXX,2034,1240
GLOBAL,PWROILPERXX,2035,1240
GLOBAL,PWROILPERXX,2036,1240
GLOBAL,PWROILPERXX,2037,1240
GLOBAL,PWROILPERXX,2038,1240
GLOBAL,PWROILPERXX,2039,1240
GLOBAL,PWROILPERXX,2040,1240
GLOBAL,PWROILPERXX,2041,1240
GLOBAL,PWROILPERXX,2042,1240
GLOBAL,PWROILPERXX,2043,1240
GLOBAL,PWROILPERXX,2044,1240
GLOBAL,PWROILPERXX,2045,1240
GLOBAL,PWROILPERXX,2046,1240
GLOBAL,PWROILPERXX,2047,1240
GLOBAL,PWROILPERXX,2048,1240
GLOBAL,PWROILPERXX,2049,1240
GLOBAL,PWROILPERXX,2050,1240
GLOBAL,PWROILPRYXX,2023,1240
GLOBAL,PWROILPRYXX,2024,1240
GLOBAL,PWROILPRYXX,2025,1240
GLOBAL,PWROILPRYXX,2026,1240
GLOBAL,PWROILPRYXX,2027,1240
GLOBAL,PWROILPRYXX,2028,1240
GLOBAL,PWROILPRYXX,2029,1240
GLOBAL,PWROILPRYXX,2030,1240
GLOBAL,PWROILPRYXX,2031,1240
GLOBAL,PWROILPRYXX,2032,1240
GLOBAL,PWROILPRYXX,2033,1240
GLOBAL,PWROILPRYXX,2034,1240
GLOBAL,PWROILPRYXX,2035,1240
GLOBAL,PWROILPRYXX,2036,1240
GLOBAL,PWROILPRYXX,2037,1240
GLOBAL,PWROILPRYXX,2038,1240
GLOBAL,PWROILPRYXX,2039,1240
GLOBAL,PWROILPRYXX,2040,1240
GLOBAL,PWROILPRYXX,2041,1240
GLOBAL,PWROILPRYXX,2042,1240
GLOBAL,PWROILPRYXX,2043,1240
GLOBAL,PWROILPRYXX,2044,1240
GLOBAL,PWROILPRYXX,2045,1240
GLOBAL,PWROILPRYXX,2046,1240
GLOBAL,PWROILPRYXX,2047,1240
GLOBAL,PWROILPRYXX,2048,1240
GLOBAL,PWROILPRYXX,2049,1240
GLOBAL,PWROILPRYXX,2050,1240
GLOBAL,PWROILSLVXX,2023,1240
GLOBAL,PWROILSLVXX,2024,1240
GLOBAL,PWROILSLVXX,2025,1240
GLOBAL,PWROILSLVXX,2026,1240
GLOBAL,PWROILSLVXX,2027,1240
GLOBAL,PWROILSLVXX,2028,1240
GLOBAL,PWROILSLVXX,2029,1240
GLOBAL,PWROILSLVXX,2030,1240
GLOBAL,PWROILSLVXX,2031,1240
GLOBAL,PWROILSLVXX,2032,1240
GLOBAL,PWROILSLVXX,2033,1240
GLOBAL,PWROILSLVXX,2034,1240
GLOBAL,PWROILSLVXX,2035,1240
GLOBAL,PWROILSLVXX,2036,1240
GLOBAL,PWROILSLVXX,2037,1240
GLOBAL,PWROILSLVXX,2038,1240
GLOBAL,PWROILSLVXX,2039,1240
GLOBAL,PWROILSLVXX,2040,1240
GLOBAL,PWROILSLVXX,2041,1240
GLOBAL,PWROILSLVXX,2042,1240
GLOBAL,PWROILSLVXX,2043,1240
GLOBAL,PWROILSLVXX,2044,1240
GLOBAL,PWROILSLVXX,2045,1240
GLOBAL,PWROILSLVXX,2046,1240
GLOBAL,PWROILSLVXX,2047,1240
GLOBAL,PWROILSLVXX,2048,1240
GLOBAL,PWROILSLVXX,2049,1240
GLOBAL,PWROILSLVXX,2050,1240
GLOBAL,PWROILURYXX,2023,1240
GLOBAL,PWROILURYXX,2024,1240
GLOBAL,PWROILURYXX,2025,1240
GLOBAL,PWROILURYXX,2026,1240
GLOBAL,PWROILURYXX,2027,1240
GLOBAL,PWROILURYXX,2028,1240
GLOBAL,PWROILURYXX,2029,1240
GLOBAL,PWROILURYXX,2030,1240
GLOBAL,PWROILURYXX,2031,1240
GLOBAL,PWROILURYXX,2032,1240
GLOBAL,PWROILURYXX,2033,1240
GLOBAL,PWROILURYXX,2034,1240
GLOBAL,PWROILURYXX,2035,1240
GLOBAL,PWROILURYXX,2036,1240
GLOBAL,PWROILURYXX,2037,1240
GLOBAL,PWROILURYXX,2038,1240
GLOBAL,PWROILURYXX,2039,1240
GLOBAL,PWROILURYXX,2040,1240
GLOBAL,PWROILURYXX,2041,1240
GLOBAL,PWROILURYXX,2042,1240
GLOBAL,PWROILURYXX,2043,1240
GLOBAL,PWROILURYXX,2044,1240
GLOBAL,PWROILURYXX,2045,1240
GLOBAL,PWROILURYXX,2046,1240
GLOBAL,PWROILURYXX,2047,1240
GLOBAL,PWROILURYXX,2048,1240
GLOBAL,PWROILURYXX,2049,1240
GLOBAL,PWROILURYXX,2050,1240
GLOBAL,PWROTHARGXX,2023,1240
GLOBAL,PWROTHARGXX,2024,1240
GLOBAL,PWROTHARGXX,2025,1240
GLOBAL,PWROTHARGXX,2026,1240
GLOBAL,PWROTHARGXX,2027,1240
GLOBAL,PWROTHARGXX,2028,1240
GLOBAL,PWROTHARGXX,2029,1240
GLOBAL,PWROTHARGXX,2030,1240
GLOBAL,PWROTHARGXX,2031,1240
GLOBAL,PWROTHARGXX,2032,1240
GLOBAL,PWROTHARGXX,2033,1240
GLOBAL,PWROTHARGXX,2034,1240
GLOBAL,PWROTHARGXX,2035,1240
GLOBAL,PWROTHARGXX,2036,1240
GLOBAL,PWROTHARGXX,2037,1240
GLOBAL,PWROTHARGXX,2038,1240
GLOBAL,PWROTHARGXX,2039,1240
GLOBAL,PWROTHARGXX,2040,1240
GLOBAL,PWROTHARGXX,2041,1240
GLOBAL,PWROTHARGXX,2042,1240
GLOBAL,PWROTHARGXX,2043,1240
GLOBAL,PWROTHARGXX,2044,1240
GLOBAL,PWROTHARGXX,2045,1240
GLOBAL,PWROTHARGXX,2046,1240
GLOBAL,PWROTHARGXX,2047,1240
GLOBAL,PWROTHARGXX,2048,1240
GLOBAL,PWROTHARGXX,2049,1240
GLOBAL,PWROTHARGXX,2050,1240
GLOBAL,PWROTHBOLXX,2023,1240
GLOBAL,PWROTHBOLXX,2024,1240
GLOBAL,PWROTHBOLXX,2025,1240
GLOBAL,PWROTHBOLXX,2026,1240
GLOBAL,PWROTHBOLXX,2027,1240
GLOBAL,PWROTHBOLXX,2028,1240
GLOBAL,PWROTHBOLXX,2029,1240
GLOBAL,PWROTHBOLXX,2030,1240
GLOBAL,PWROTHBOLXX,2031,1240
GLOBAL,PWROTHBOLXX,2032,1240
GLOBAL,PWROTHBOLXX,2033,1240
GLOBAL,PWROTHBOLXX,2034,1240
GLOBAL,PWROTHBOLXX,2035,1240
GLOBAL,PWROTHBOLXX,2036,1240
GLOBAL,PWROTHBOLXX,2037,1240
GLOBAL,PWROTHBOLXX,2038,1240
GLOBAL,PWROTHBOLXX,2039,1240
GLOBAL,PWROTHBOLXX,2040,1240
GLOBAL,PWROTHBOLXX,2041,1240
GLOBAL,PWROTHBOLXX,2042,1240
GLOBAL,PWROTHBOLXX,2043,1240
GLOBAL,PWROTHBOLXX,2044,1240
GLOBAL,PWROTHBOLXX,2045,1240
GLOBAL,PWROTHBOLXX,2046,1240
GLOBAL,PWROTHBOLXX,2047,1240
GLOBAL,PWROTHBOLXX,2048,1240
GLOBAL,PWROTHBOLXX,2049,1240
GLOBAL,PWROTHBOLXX,2050,1240
GLOBAL,PWROTHBRAXX,2023,1240
GLOBAL,PWROTHBRAXX,2024,1240
GLOBAL,PWROTHBRAXX,2025,1240
GLOBAL,PWROTHBRAXX,2026,1240
GLOBAL,PWROTHBRAXX,2027,1240
GLOBAL,PWROTHBRAXX,2028,1240
GLOBAL,PWROTHBRAXX,2029,1240
GLOBAL,PWROTHBRAXX,2030,1240
GLOBAL,PWROTHBRAXX,2031,1240
GLOBAL,PWROTHBRAXX,2032,1240
GLOBAL,PWROTHBRAXX,2033,1240
GLOBAL,PWROTHBRAXX,2034,1240
GLOBAL,PWROTHBRAXX,2035,1240
GLOBAL,PWROTHBRAXX,2036,1240
GLOBAL,PWROTHBRAXX,2037,1240
GLOBAL,PWROTHBRAXX,2038,1240
GLOBAL,PWROTHBRAXX,2039,1240
GLOBAL,PWROTHBRAXX,2040,1240
GLOBAL,PWROTHBRAXX,2041,1240
GLOBAL,PWROTHBRAXX,2042,1240
GLOBAL,PWROTHBRAXX,2043,1240
GLOBAL,PWROTHBRAXX,2044,1240
GLOBAL,PWROTHBRAXX,2045,1240
GLOBAL,PWROTHBRAXX,2046,1240
GLOBAL,PWROTHBRAXX,2047,1240
GLOBAL,PWROTHBRAXX,2048,1240
GLOBAL,PWROTHBRAXX,2049,1240
GLOBAL,PWROTHBRAXX,2050,1240
GLOBAL,PWROTHBRBXX,2023,1240
GLOBAL,PWROTHBRBXX,2024,1240
GLOBAL,PWROTHBRBXX,2025,1240
GLOBAL,PWROTHBRBXX,2026,1240
GLOBAL,PWROTHBRBXX,2027,1240
GLOBAL,PWROTHBRBXX,2028,1240
GLOBAL,PWROTHBRBXX,2029,1240
GLOBAL,PWROTHBRBXX,2030,1240
GLOBAL,PWROTHBRBXX,2031,1240
GLOBAL,PWROTHBRBXX,2032,1240
GLOBAL,PWROTHBRBXX,2033,1240
GLOBAL,PWROTHBRBXX,2034,1240
GLOBAL,PWROTHBRBXX,2035,1240
GLOBAL,PWROTHBRBXX,2036,1240
GLOBAL,PWROTHBRBXX,2037,1240
GLOBAL,PWROTHBRBXX,2038,1240
GLOBAL,PWROTHBRBXX,2039,1240
GLOBAL,PWROTHBRBXX,2040,1240
GLOBAL,PWROTHBRBXX,2041,1240
GLOBAL,PWROTHBRBXX,2042,1240
GLOBAL,PWROTHBRBXX,2043,1240
GLOBAL,PWROTHBRBXX,2044,1240
GLOBAL,PWROTHBRBXX,2045,1240
GLOBAL,PWROTHBRBXX,2046,1240
GLOBAL,PWROTHBRBXX,2047,1240
GLOBAL,PWROTHBRBXX,2048,1240
GLOBAL,PWROTHBRBXX,2049,1240
GLOBAL,PWROTHBRBXX,2050,1240
GLOBAL,PWROTHCHLXX,2023,1240
GLOBAL,PWROTHCHLXX,2024,1240
GLOBAL,PWROTHCHLXX,2025,1240
GLOBAL,PWROTHCHLXX,2026,1240
GLOBAL,PWROTHCHLXX,2027,1240
GLOBAL,PWROTHCHLXX,2028,1240
GLOBAL,PWROTHCHLXX,2029,1240
GLOBAL,PWROTHCHLXX,2030,1240
GLOBAL,PWROTHCHLXX,2031,1240
GLOBAL,PWROTHCHLXX,2032,1240
GLOBAL,PWROTHCHLXX,2033,1240
GLOBAL,PWROTHCHLXX,2034,1240
GLOBAL,PWROTHCHLXX,2035,1240
GLOBAL,PWROTHCHLXX,2036,1240
GLOBAL,PWROTHCHLXX,2037,1240
GLOBAL,PWROTHCHLXX,2038,1240
GLOBAL,PWROTHCHLXX,2039,1240
GLOBAL,PWROTHCHLXX,2040,1240
GLOBAL,PWROTHCHLXX,2041,1240
GLOBAL,PWROTHCHLXX,2042,1240
GLOBAL,PWROTHCHLXX,2043,1240
GLOBAL,PWROTHCHLXX,2044,1240
GLOBAL,PWROTHCHLXX,2045,1240
GLOBAL,PWROTHCHLXX,2046,1240
GLOBAL,PWROTHCHLXX,2047,1240
GLOBAL,PWROTHCHLXX,2048,1240
GLOBAL,PWROTHCHLXX,2049,1240
GLOBAL,PWROTHCHLXX,2050,1240
GLOBAL,PWROTHCOLXX,2023,1240
GLOBAL,PWROTHCOLXX,2024,1240
GLOBAL,PWROTHCOLXX,2025,1240
GLOBAL,PWROTHCOLXX,2026,1240
GLOBAL,PWROTHCOLXX,2027,1240
GLOBAL,PWROTHCOLXX,2028,1240
GLOBAL,PWROTHCOLXX,2029,1240
GLOBAL,PWROTHCOLXX,2030,1240
GLOBAL,PWROTHCOLXX,2031,1240
GLOBAL,PWROTHCOLXX,2032,1240
GLOBAL,PWROTHCOLXX,2033,1240
GLOBAL,PWROTHCOLXX,2034,1240
GLOBAL,PWROTHCOLXX,2035,1240
GLOBAL,PWROTHCOLXX,2036,1240
GLOBAL,PWROTHCOLXX,2037,1240
GLOBAL,PWROTHCOLXX,2038,1240
GLOBAL,PWROTHCOLXX,2039,1240
GLOBAL,PWROTHCOLXX,2040,1240
GLOBAL,PWROTHCOLXX,2041,1240
GLOBAL,PWROTHCOLXX,2042,1240
GLOBAL,PWROTHCOLXX,2043,1240
GLOBAL,PWROTHCOLXX,2044,1240
GLOBAL,PWROTHCOLXX,2045,1240
GLOBAL,PWROTHCOLXX,2046,1240
GLOBAL,PWROTHCOLXX,2047,1240
GLOBAL,PWROTHCOLXX,2048,1240
GLOBAL,PWROTHCOLXX,2049,1240
GLOBAL,PWROTHCOLXX,2050,1240
GLOBAL,PWROTHCRIXX,2023,1240
GLOBAL,PWROTHCRIXX,2024,1240
GLOBAL,PWROTHCRIXX,2025,1240
GLOBAL,PWROTHCRIXX,2026,1240
GLOBAL,PWROTHCRIXX,2027,1240
GLOBAL,PWROTHCRIXX,2028,1240
GLOBAL,PWROTHCRIXX,2029,1240
GLOBAL,PWROTHCRIXX,2030,1240
GLOBAL,PWROTHCRIXX,2031,1240
GLOBAL,PWROTHCRIXX,2032,1240
GLOBAL,PWROTHCRIXX,2033,1240
GLOBAL,PWROTHCRIXX,2034,1240
GLOBAL,PWROTHCRIXX,2035,1240
GLOBAL,PWROTHCRIXX,2036,1240
GLOBAL,PWROTHCRIXX,2037,1240
GLOBAL,PWROTHCRIXX,2038,1240
GLOBAL,PWROTHCRIXX,2039,1240
GLOBAL,PWROTHCRIXX,2040,1240
GLOBAL,PWROTHCRIXX,2041,1240
GLOBAL,PWROTHCRIXX,2042,1240
GLOBAL,PWROTHCRIXX,2043,1240
GLOBAL,PWROTHCRIXX,2044,1240
GLOBAL,PWROTHCRIXX,2045,1240
GLOBAL,PWROTHCRIXX,2046,1240
GLOBAL,PWROTHCRIXX,2047,1240
GLOBAL,PWROTHCRIXX,2048,1240
GLOBAL,PWROTHCRIXX,2049,1240
GLOBAL,PWROTHCRIXX,2050,1240
GLOBAL,PWROTHDOMXX,2023,1240
GLOBAL,PWROTHDOMXX,2024,1240
GLOBAL,PWROTHDOMXX,2025,1240
GLOBAL,PWROTHDOMXX,2026,1240
GLOBAL,PWROTHDOMXX,2027,1240
GLOBAL,PWROTHDOMXX,2028,1240
GLOBAL,PWROTHDOMXX,2029,1240
GLOBAL,PWROTHDOMXX,2030,1240
GLOBAL,PWROTHDOMXX,2031,1240
GLOBAL,PWROTHDOMXX,2032,1240
GLOBAL,PWROTHDOMXX,2033,1240
GLOBAL,PWROTHDOMXX,2034,1240
GLOBAL,PWROTHDOMXX,2035,1240
GLOBAL,PWROTHDOMXX,2036,1240
GLOBAL,PWROTHDOMXX,2037,1240
GLOBAL,PWROTHDOMXX,2038,1240
GLOBAL,PWROTHDOMXX,2039,1240
GLOBAL,PWROTHDOMXX,2040,1240
GLOBAL,PWROTHDOMXX,2041,1240
GLOBAL,PWROTHDOMXX,2042,1240
GLOBAL,PWROTHDOMXX,2043,1240
GLOBAL,PWROTHDOMXX,2044,1240
GLOBAL,PWROTHDOMXX,2045,1240
GLOBAL,PWROTHDOMXX,2046,1240
GLOBAL,PWROTHDOMXX,2047,1240
GLOBAL,PWROTHDOMXX,2048,1240
GLOBAL,PWROTHDOMXX,2049,1240
GLOBAL,PWROTHDOMXX,2050,1240
GLOBAL,PWROTHECUXX,2023,1240
GLOBAL,PWROTHECUXX,2024,1240
GLOBAL,PWROTHECUXX,2025,1240
GLOBAL,PWROTHECUXX,2026,1240
GLOBAL,PWROTHECUXX,2027,1240
GLOBAL,PWROTHECUXX,2028,1240
GLOBAL,PWROTHECUXX,2029,1240
GLOBAL,PWROTHECUXX,2030,1240
GLOBAL,PWROTHECUXX,2031,1240
GLOBAL,PWROTHECUXX,2032,1240
GLOBAL,PWROTHECUXX,2033,1240
GLOBAL,PWROTHECUXX,2034,1240
GLOBAL,PWROTHECUXX,2035,1240
GLOBAL,PWROTHECUXX,2036,1240
GLOBAL,PWROTHECUXX,2037,1240
GLOBAL,PWROTHECUXX,2038,1240
GLOBAL,PWROTHECUXX,2039,1240
GLOBAL,PWROTHECUXX,2040,1240
GLOBAL,PWROTHECUXX,2041,1240
GLOBAL,PWROTHECUXX,2042,1240
GLOBAL,PWROTHECUXX,2043,1240
GLOBAL,PWROTHECUXX,2044,1240
GLOBAL,PWROTHECUXX,2045,1240
GLOBAL,PWROTHECUXX,2046,1240
GLOBAL,PWROTHECUXX,2047,1240
GLOBAL,PWROTHECUXX,2048,1240
GLOBAL,PWROTHECUXX,2049,1240
GLOBAL,PWROTHECUXX,2050,1240
GLOBAL,PWROTHGTMXX,2023,1240
GLOBAL,PWROTHGTMXX,2024,1240
GLOBAL,PWROTHGTMXX,2025,1240
GLOBAL,PWROTHGTMXX,2026,1240
GLOBAL,PWROTHGTMXX,2027,1240
GLOBAL,PWROTHGTMXX,2028,1240
GLOBAL,PWROTHGTMXX,2029,1240
GLOBAL,PWROTHGTMXX,2030,1240
GLOBAL,PWROTHGTMXX,2031,1240
GLOBAL,PWROTHGTMXX,2032,1240
GLOBAL,PWROTHGTMXX,2033,1240
GLOBAL,PWROTHGTMXX,2034,1240
GLOBAL,PWROTHGTMXX,2035,1240
GLOBAL,PWROTHGTMXX,2036,1240
GLOBAL,PWROTHGTMXX,2037,1240
GLOBAL,PWROTHGTMXX,2038,1240
GLOBAL,PWROTHGTMXX,2039,1240
GLOBAL,PWROTHGTMXX,2040,1240
GLOBAL,PWROTHGTMXX,2041,1240
GLOBAL,PWROTHGTMXX,2042,1240
GLOBAL,PWROTHGTMXX,2043,1240
GLOBAL,PWROTHGTMXX,2044,1240
GLOBAL,PWROTHGTMXX,2045,1240
GLOBAL,PWROTHGTMXX,2046,1240
GLOBAL,PWROTHGTMXX,2047,1240
GLOBAL,PWROTHGTMXX,2048,1240
GLOBAL,PWROTHGTMXX,2049,1240
GLOBAL,PWROTHGTMXX,2050,1240
GLOBAL,PWROTHHNDXX,2023,1240
GLOBAL,PWROTHHNDXX,2024,1240
GLOBAL,PWROTHHNDXX,2025,1240
GLOBAL,PWROTHHNDXX,2026,1240
GLOBAL,PWROTHHNDXX,2027,1240
GLOBAL,PWROTHHNDXX,2028,1240
GLOBAL,PWROTHHNDXX,2029,1240
GLOBAL,PWROTHHNDXX,2030,1240
GLOBAL,PWROTHHNDXX,2031,1240
GLOBAL,PWROTHHNDXX,2032,1240
GLOBAL,PWROTHHNDXX,2033,1240
GLOBAL,PWROTHHNDXX,2034,1240
GLOBAL,PWROTHHNDXX,2035,1240
GLOBAL,PWROTHHNDXX,2036,1240
GLOBAL,PWROTHHNDXX,2037,1240
GLOBAL,PWROTHHNDXX,2038,1240
GLOBAL,PWROTHHNDXX,2039,1240
GLOBAL,PWROTHHNDXX,2040,1240
GLOBAL,PWROTHHNDXX,2041,1240
GLOBAL,PWROTHHNDXX,2042,1240
GLOBAL,PWROTHHNDXX,2043,1240
GLOBAL,PWROTHHNDXX,2044,1240
GLOBAL,PWROTHHNDXX,2045,1240
GLOBAL,PWROTHHNDXX,2046,1240
GLOBAL,PWROTHHNDXX,2047,1240
GLOBAL,PWROTHHNDXX,2048,1240
GLOBAL,PWROTHHNDXX,2049,1240
GLOBAL,PWROTHHNDXX,2050,1240
GLOBAL,PWROTHHTIXX,2023,1240
GLOBAL,PWROTHHTIXX,2024,1240
GLOBAL,PWROTHHTIXX,2025,1240
GLOBAL,PWROTHHTIXX,2026,1240
GLOBAL,PWROTHHTIXX,2027,1240
GLOBAL,PWROTHHTIXX,2028,1240
GLOBAL,PWROTHHTIXX,2029,1240
GLOBAL,PWROTHHTIXX,2030,1240
GLOBAL,PWROTHHTIXX,2031,1240
GLOBAL,PWROTHHTIXX,2032,1240
GLOBAL,PWROTHHTIXX,2033,1240
GLOBAL,PWROTHHTIXX,2034,1240
GLOBAL,PWROTHHTIXX,2035,1240
GLOBAL,PWROTHHTIXX,2036,1240
GLOBAL,PWROTHHTIXX,2037,1240
GLOBAL,PWROTHHTIXX,2038,1240
GLOBAL,PWROTHHTIXX,2039,1240
GLOBAL,PWROTHHTIXX,2040,1240
GLOBAL,PWROTHHTIXX,2041,1240
GLOBAL,PWROTHHTIXX,2042,1240
GLOBAL,PWROTHHTIXX,2043,1240
GLOBAL,PWROTHHTIXX,2044,1240
GLOBAL,PWROTHHTIXX,2045,1240
GLOBAL,PWROTHHTIXX,2046,1240
GLOBAL,PWROTHHTIXX,2047,1240
GLOBAL,PWROTHHTIXX,2048,1240
GLOBAL,PWROTHHTIXX,2049,1240
GLOBAL,PWROTHHTIXX,2050,1240
GLOBAL,PWROTHMEXXX,2023,1240
GLOBAL,PWROTHMEXXX,2024,1240
GLOBAL,PWROTHMEXXX,2025,1240
GLOBAL,PWROTHMEXXX,2026,1240
GLOBAL,PWROTHMEXXX,2027,1240
GLOBAL,PWROTHMEXXX,2028,1240
GLOBAL,PWROTHMEXXX,2029,1240
GLOBAL,PWROTHMEXXX,2030,1240
GLOBAL,PWROTHMEXXX,2031,1240
GLOBAL,PWROTHMEXXX,2032,1240
GLOBAL,PWROTHMEXXX,2033,1240
GLOBAL,PWROTHMEXXX,2034,1240
GLOBAL,PWROTHMEXXX,2035,1240
GLOBAL,PWROTHMEXXX,2036,1240
GLOBAL,PWROTHMEXXX,2037,1240
GLOBAL,PWROTHMEXXX,2038,1240
GLOBAL,PWROTHMEXXX,2039,1240
GLOBAL,PWROTHMEXXX,2040,1240
GLOBAL,PWROTHMEXXX,2041,1240
GLOBAL,PWROTHMEXXX,2042,1240
GLOBAL,PWROTHMEXXX,2043,1240
GLOBAL,PWROTHMEXXX,2044,1240
GLOBAL,PWROTHMEXXX,2045,1240
GLOBAL,PWROTHMEXXX,2046,1240
GLOBAL,PWROTHMEXXX,2047,1240
GLOBAL,PWROTHMEXXX,2048,1240
GLOBAL,PWROTHMEXXX,2049,1240
GLOBAL,PWROTHMEXXX,2050,1240
GLOBAL,PWROTHNICXX,2023,1240
GLOBAL,PWROTHNICXX,2024,1240
GLOBAL,PWROTHNICXX,2025,1240
GLOBAL,PWROTHNICXX,2026,1240
GLOBAL,PWROTHNICXX,2027,1240
GLOBAL,PWROTHNICXX,2028,1240
GLOBAL,PWROTHNICXX,2029,1240
GLOBAL,PWROTHNICXX,2030,1240
GLOBAL,PWROTHNICXX,2031,1240
GLOBAL,PWROTHNICXX,2032,1240
GLOBAL,PWROTHNICXX,2033,1240
GLOBAL,PWROTHNICXX,2034,1240
GLOBAL,PWROTHNICXX,2035,1240
GLOBAL,PWROTHNICXX,2036,1240
GLOBAL,PWROTHNICXX,2037,1240
GLOBAL,PWROTHNICXX,2038,1240
GLOBAL,PWROTHNICXX,2039,1240
GLOBAL,PWROTHNICXX,2040,1240
GLOBAL,PWROTHNICXX,2041,1240
GLOBAL,PWROTHNICXX,2042,1240
GLOBAL,PWROTHNICXX,2043,1240
GLOBAL,PWROTHNICXX,2044,1240
GLOBAL,PWROTHNICXX,2045,1240
GLOBAL,PWROTHNICXX,2046,1240
GLOBAL,PWROTHNICXX,2047,1240
GLOBAL,PWROTHNICXX,2048,1240
GLOBAL,PWROTHNICXX,2049,1240
GLOBAL,PWROTHNICXX,2050,1240
GLOBAL,PWROTHPANXX,2023,1240
GLOBAL,PWROTHPANXX,2024,1240
GLOBAL,PWROTHPANXX,2025,1240
GLOBAL,PWROTHPANXX,2026,1240
GLOBAL,PWROTHPANXX,2027,1240
GLOBAL,PWROTHPANXX,2028,1240
GLOBAL,PWROTHPANXX,2029,1240
GLOBAL,PWROTHPANXX,2030,1240
GLOBAL,PWROTHPANXX,2031,1240
GLOBAL,PWROTHPANXX,2032,1240
GLOBAL,PWROTHPANXX,2033,1240
GLOBAL,PWROTHPANXX,2034,1240
GLOBAL,PWROTHPANXX,2035,1240
GLOBAL,PWROTHPANXX,2036,1240
GLOBAL,PWROTHPANXX,2037,1240
GLOBAL,PWROTHPANXX,2038,1240
GLOBAL,PWROTHPANXX,2039,1240
GLOBAL,PWROTHPANXX,2040,1240
GLOBAL,PWROTHPANXX,2041,1240
GLOBAL,PWROTHPANXX,2042,1240
GLOBAL,PWROTHPANXX,2043,1240
GLOBAL,PWROTHPANXX,2044,1240
GLOBAL,PWROTHPANXX,2045,1240
GLOBAL,PWROTHPANXX,2046,1240
GLOBAL,PWROTHPANXX,2047,1240
GLOBAL,PWROTHPANXX,2048,1240
GLOBAL,PWROTHPANXX,2049,1240
GLOBAL,PWROTHPANXX,2050,1240
GLOBAL,PWROTHPERXX,2023,1240
GLOBAL,PWROTHPERXX,2024,1240
GLOBAL,PWROTHPERXX,2025,1240
GLOBAL,PWROTHPERXX,2026,1240
GLOBAL,PWROTHPERXX,2027,1240
GLOBAL,PWROTHPERXX,2028,1240
GLOBAL,PWROTHPERXX,2029,1240
GLOBAL,PWROTHPERXX,2030,1240
GLOBAL,PWROTHPERXX,2031,1240
GLOBAL,PWROTHPERXX,2032,1240
GLOBAL,PWROTHPERXX,2033,1240
GLOBAL,PWROTHPERXX,2034,1240
GLOBAL,PWROTHPERXX,2035,1240
GLOBAL,PWROTHPERXX,2036,1240
GLOBAL,PWROTHPERXX,2037,1240
GLOBAL,PWROTHPERXX,2038,1240
GLOBAL,PWROTHPERXX,2039,1240
GLOBAL,PWROTHPERXX,2040,1240
GLOBAL,PWROTHPERXX,2041,1240
GLOBAL,PWROTHPERXX,2042,1240
GLOBAL,PWROTHPERXX,2043,1240
GLOBAL,PWROTHPERXX,2044,1240
GLOBAL,PWROTHPERXX,2045,1240
GLOBAL,PWROTHPERXX,2046,1240
GLOBAL,PWROTHPERXX,2047,1240
GLOBAL,PWROTHPERXX,2048,1240
GLOBAL,PWROTHPERXX,2049,1240
GLOBAL,PWROTHPERXX,2050,1240
GLOBAL,PWROTHPRYXX,2023,1240
GLOBAL,PWROTHPRYXX,2024,1240
GLOBAL,PWROTHPRYXX,2025,1240
GLOBAL,PWROTHPRYXX,2026,1240
GLOBAL,PWROTHPRYXX,2027,1240
GLOBAL,PWROTHPRYXX,2028,1240
GLOBAL,PWROTHPRYXX,2029,1240
GLOBAL,PWROTHPRYXX,2030,1240
GLOBAL,PWROTHPRYXX,2031,1240
GLOBAL,PWROTHPRYXX,2032,1240
GLOBAL,PWROTHPRYXX,2033,1240
GLOBAL,PWROTHPRYXX,2034,1240
GLOBAL,PWROTHPRYXX,2035,1240
GLOBAL,PWROTHPRYXX,2036,1240
GLOBAL,PWROTHPRYXX,2037,1240
GLOBAL,PWROTHPRYXX,2038,1240
GLOBAL,PWROTHPRYXX,2039,1240
GLOBAL,PWROTHPRYXX,2040,1240
GLOBAL,PWROTHPRYXX,2041,1240
GLOBAL,PWROTHPRYXX,2042,1240
GLOBAL,PWROTHPRYXX,2043,1240
GLOBAL,PWROTHPRYXX,2044,1240
GLOBAL,PWROTHPRYXX,2045,1240
GLOBAL,PWROTHPRYXX,2046,1240
GLOBAL,PWROTHPRYXX,2047,1240
GLOBAL,PWROTHPRYXX,2048,1240
GLOBAL,PWROTHPRYXX,2049,1240
GLOBAL,PWROTHPRYXX,2050,1240
GLOBAL,PWROTHSLVXX,2023,1240
GLOBAL,PWROTHSLVXX,2024,1240
GLOBAL,PWROTHSLVXX,2025,1240
GLOBAL,PWROTHSLVXX,2026,1240
GLOBAL,PWROTHSLVXX,2027,1240
GLOBAL,PWROTHSLVXX,2028,1240
GLOBAL,PWROTHSLVXX,2029,1240
GLOBAL,PWROTHSLVXX,2030,1240
GLOBAL,PWROTHSLVXX,2031,1240
GLOBAL,PWROTHSLVXX,2032,1240
GLOBAL,PWROTHSLVXX,2033,1240
GLOBAL,PWROTHSLVXX,2034,1240
GLOBAL,PWROTHSLVXX,2035,1240
GLOBAL,PWROTHSLVXX,2036,1240
GLOBAL,PWROTHSLVXX,2037,1240
GLOBAL,PWROTHSLVXX,2038,1240
GLOBAL,PWROTHSLVXX,2039,1240
GLOBAL,PWROTHSLVXX,2040,1240
GLOBAL,PWROTHSLVXX,2041,1240
GLOBAL,PWROTHSLVXX,2042,1240
GLOBAL,PWROTHSLVXX,2043,1240
GLOBAL,PWROTHSLVXX,2044,1240
GLOBAL,PWROTHSLVXX,2045,1240
GLOBAL,PWROTHSLVXX,2046,1240
GLOBAL,PWROTHSLVXX,2047,1240
GLOBAL,PWROTHSLVXX,2048,1240
GLOBAL,PWROTHSLVXX,2049,1240
GLOBAL,PWROTHSLVXX,2050,1240
GLOBAL,PWROTHURYXX,2023,1240
GLOBAL,PWROTHURYXX,2024,1240
GLOBAL,PWROTHURYXX,2025,1240
GLOBAL,PWROTHURYXX,2026,1240
GLOBAL,PWROTHURYXX,2027,1240
GLOBAL,PWROTHURYXX,2028,1240
GLOBAL,PWROTHURYXX,2029,1240
GLOBAL,PWROTHURYXX,2030,1240
GLOBAL,PWROTHURYXX,2031,1240
GLOBAL,PWROTHURYXX,2032,1240
GLOBAL,PWROTHURYXX,2033,1240
GLOBAL,PWROTHURYXX,2034,1240
GLOBAL,PWROTHURYXX,2035,1240
GLOBAL,PWROTHURYXX,2036,1240
GLOBAL,PWROTHURYXX,2037,1240
GLOBAL,PWROTHURYXX,2038,1240
GLOBAL,PWROTHURYXX,2039,1240
GLOBAL,PWROTHURYXX,2040,1240
GLOBAL,PWROTHURYXX,2041,1240
GLOBAL,PWROTHURYXX,2042,1240
GLOBAL,PWROTHURYXX,2043,1240
GLOBAL,PWROTHURYXX,2044,1240
GLOBAL,PWROTHURYXX,2045,1240
GLOBAL,PWROTHURYXX,2046,1240
GLOBAL,PWROTHURYXX,2047,1240
GLOBAL,PWROTHURYXX,2048,1240
GLOBAL,PWROTHURYXX,2049,1240
GLOBAL,PWROTHURYXX,2050,1240
GLOBAL,PWRPETARGXX,2023,1240
GLOBAL,PWRPETARGXX,2024,1240
GLOBAL,PWRPETARGXX,2025,1240
GLOBAL,PWRPETARGXX,2026,1240
GLOBAL,PWRPETARGXX,2027,1240
GLOBAL,PWRPETARGXX,2028,1240
GLOBAL,PWRPETARGXX,2029,1240
GLOBAL,PWRPETARGXX,2030,1240
GLOBAL,PWRPETARGXX,2031,1240
GLOBAL,PWRPETARGXX,2032,1240
GLOBAL,PWRPETARGXX,2033,1240
GLOBAL,PWRPETARGXX,2034,1240
GLOBAL,PWRPETARGXX,2035,1240
GLOBAL,PWRPETARGXX,2036,1240
GLOBAL,PWRPETARGXX,2037,1240
GLOBAL,PWRPETARGXX,2038,1240
GLOBAL,PWRPETARGXX,2039,1240
GLOBAL,PWRPETARGXX,2040,1240
GLOBAL,PWRPETARGXX,2041,1240
GLOBAL,PWRPETARGXX,2042,1240
GLOBAL,PWRPETARGXX,2043,1240
GLOBAL,PWRPETARGXX,2044,1240
GLOBAL,PWRPETARGXX,2045,1240
GLOBAL,PWRPETARGXX,2046,1240
GLOBAL,PWRPETARGXX,2047,1240
GLOBAL,PWRPETARGXX,2048,1240
GLOBAL,PWRPETARGXX,2049,1240
GLOBAL,PWRPETARGXX,2050,1240
GLOBAL,PWRPETBOLXX,2023,1240
GLOBAL,PWRPETBOLXX,2024,1240
GLOBAL,PWRPETBOLXX,2025,1240
GLOBAL,PWRPETBOLXX,2026,1240
GLOBAL,PWRPETBOLXX,2027,1240
GLOBAL,PWRPETBOLXX,2028,1240
GLOBAL,PWRPETBOLXX,2029,1240
GLOBAL,PWRPETBOLXX,2030,1240
GLOBAL,PWRPETBOLXX,2031,1240
GLOBAL,PWRPETBOLXX,2032,1240
GLOBAL,PWRPETBOLXX,2033,1240
GLOBAL,PWRPETBOLXX,2034,1240
GLOBAL,PWRPETBOLXX,2035,1240
GLOBAL,PWRPETBOLXX,2036,1240
GLOBAL,PWRPETBOLXX,2037,1240
GLOBAL,PWRPETBOLXX,2038,1240
GLOBAL,PWRPETBOLXX,2039,1240
GLOBAL,PWRPETBOLXX,2040,1240
GLOBAL,PWRPETBOLXX,2041,1240
GLOBAL,PWRPETBOLXX,2042,1240
GLOBAL,PWRPETBOLXX,2043,1240
GLOBAL,PWRPETBOLXX,2044,1240
GLOBAL,PWRPETBOLXX,2045,1240
GLOBAL,PWRPETBOLXX,2046,1240
GLOBAL,PWRPETBOLXX,2047,1240
GLOBAL,PWRPETBOLXX,2048,1240
GLOBAL,PWRPETBOLXX,2049,1240
GLOBAL,PWRPETBOLXX,2050,1240
GLOBAL,PWRPETBRAXX,2023,1240
GLOBAL,PWRPETBRAXX,2024,1240
GLOBAL,PWRPETBRAXX,2025,1240
GLOBAL,PWRPETBRAXX,2026,1240
GLOBAL,PWRPETBRAXX,2027,1240
GLOBAL,PWRPETBRAXX,2028,1240
GLOBAL,PWRPETBRAXX,2029,1240
GLOBAL,PWRPETBRAXX,2030,1240
GLOBAL,PWRPETBRAXX,2031,1240
GLOBAL,PWRPETBRAXX,2032,1240
GLOBAL,PWRPETBRAXX,2033,1240
GLOBAL,PWRPETBRAXX,2034,1240
GLOBAL,PWRPETBRAXX,2035,1240
GLOBAL,PWRPETBRAXX,2036,1240
GLOBAL,PWRPETBRAXX,2037,1240
GLOBAL,PWRPETBRAXX,2038,1240
GLOBAL,PWRPETBRAXX,2039,1240
GLOBAL,PWRPETBRAXX,2040,1240
GLOBAL,PWRPETBRAXX,2041,1240
GLOBAL,PWRPETBRAXX,2042,1240
GLOBAL,PWRPETBRAXX,2043,1240
GLOBAL,PWRPETBRAXX,2044,1240
GLOBAL,PWRPETBRAXX,2045,1240
GLOBAL,PWRPETBRAXX,2046,1240
GLOBAL,PWRPETBRAXX,2047,1240
GLOBAL,PWRPETBRAXX,2048,1240
GLOBAL,PWRPETBRAXX,2049,1240
GLOBAL,PWRPETBRAXX,2050,1240
GLOBAL,PWRPETBRBXX,2023,1240
GLOBAL,PWRPETBRBXX,2024,1240
GLOBAL,PWRPETBRBXX,2025,1240
GLOBAL,PWRPETBRBXX,2026,1240
GLOBAL,PWRPETBRBXX,2027,1240
GLOBAL,PWRPETBRBXX,2028,1240
GLOBAL,PWRPETBRBXX,2029,1240
GLOBAL,PWRPETBRBXX,2030,1240
GLOBAL,PWRPETBRBXX,2031,1240
GLOBAL,PWRPETBRBXX,2032,1240
GLOBAL,PWRPETBRBXX,2033,1240
GLOBAL,PWRPETBRBXX,2034,1240
GLOBAL,PWRPETBRBXX,2035,1240
GLOBAL,PWRPETBRBXX,2036,1240
GLOBAL,PWRPETBRBXX,2037,1240
GLOBAL,PWRPETBRBXX,2038,1240
GLOBAL,PWRPETBRBXX,2039,1240
GLOBAL,PWRPETBRBXX,2040,1240
GLOBAL,PWRPETBRBXX,2041,1240
GLOBAL,PWRPETBRBXX,2042,1240
GLOBAL,PWRPETBRBXX,2043,1240
GLOBAL,PWRPETBRBXX,2044,1240
GLOBAL,PWRPETBRBXX,2045,1240
GLOBAL,PWRPETBRBXX,2046,1240
GLOBAL,PWRPETBRBXX,2047,1240
GLOBAL,PWRPETBRBXX,2048,1240
GLOBAL,PWRPETBRBXX,2049,1240
GLOBAL,PWRPETBRBXX,2050,1240
GLOBAL,PWRPETCHLXX,2023,1240
GLOBAL,PWRPETCHLXX,2024,1240
GLOBAL,PWRPETCHLXX,2025,1240
GLOBAL,PWRPETCHLXX,2026,1240
GLOBAL,PWRPETCHLXX,2027,1240
GLOBAL,PWRPETCHLXX,2028,1240
GLOBAL,PWRPETCHLXX,2029,1240
GLOBAL,PWRPETCHLXX,2030,1240
GLOBAL,PWRPETCHLXX,2031,1240
GLOBAL,PWRPETCHLXX,2032,1240
GLOBAL,PWRPETCHLXX,2033,1240
GLOBAL,PWRPETCHLXX,2034,1240
GLOBAL,PWRPETCHLXX,2035,1240
GLOBAL,PWRPETCHLXX,2036,1240
GLOBAL,PWRPETCHLXX,2037,1240
GLOBAL,PWRPETCHLXX,2038,1240
GLOBAL,PWRPETCHLXX,2039,1240
GLOBAL,PWRPETCHLXX,2040,1240
GLOBAL,PWRPETCHLXX,2041,1240
GLOBAL,PWRPETCHLXX,2042,1240
GLOBAL,PWRPETCHLXX,2043,1240
GLOBAL,PWRPETCHLXX,2044,1240
GLOBAL,PWRPETCHLXX,2045,1240
GLOBAL,PWRPETCHLXX,2046,1240
GLOBAL,PWRPETCHLXX,2047,1240
GLOBAL,PWRPETCHLXX,2048,1240
GLOBAL,PWRPETCHLXX,2049,1240
GLOBAL,PWRPETCHLXX,2050,1240
GLOBAL,PWRPETCOLXX,2023,1240
GLOBAL,PWRPETCOLXX,2024,1240
GLOBAL,PWRPETCOLXX,2025,1240
GLOBAL,PWRPETCOLXX,2026,1240
GLOBAL,PWRPETCOLXX,2027,1240
GLOBAL,PWRPETCOLXX,2028,1240
GLOBAL,PWRPETCOLXX,2029,1240
GLOBAL,PWRPETCOLXX,2030,1240
GLOBAL,PWRPETCOLXX,2031,1240
GLOBAL,PWRPETCOLXX,2032,1240
GLOBAL,PWRPETCOLXX,2033,1240
GLOBAL,PWRPETCOLXX,2034,1240
GLOBAL,PWRPETCOLXX,2035,1240
GLOBAL,PWRPETCOLXX,2036,1240
GLOBAL,PWRPETCOLXX,2037,1240
GLOBAL,PWRPETCOLXX,2038,1240
GLOBAL,PWRPETCOLXX,2039,1240
GLOBAL,PWRPETCOLXX,2040,1240
GLOBAL,PWRPETCOLXX,2041,1240
GLOBAL,PWRPETCOLXX,2042,1240
GLOBAL,PWRPETCOLXX,2043,1240
GLOBAL,PWRPETCOLXX,2044,1240
GLOBAL,PWRPETCOLXX,2045,1240
GLOBAL,PWRPETCOLXX,2046,1240
GLOBAL,PWRPETCOLXX,2047,1240
GLOBAL,PWRPETCOLXX,2048,1240
GLOBAL,PWRPETCOLXX,2049,1240
GLOBAL,PWRPETCOLXX,2050,1240
GLOBAL,PWRPETCRIXX,2023,1240
GLOBAL,PWRPETCRIXX,2024,1240
GLOBAL,PWRPETCRIXX,2025,1240
GLOBAL,PWRPETCRIXX,2026,1240
GLOBAL,PWRPETCRIXX,2027,1240
GLOBAL,PWRPETCRIXX,2028,1240
GLOBAL,PWRPETCRIXX,2029,1240
GLOBAL,PWRPETCRIXX,2030,1240
GLOBAL,PWRPETCRIXX,2031,1240
GLOBAL,PWRPETCRIXX,2032,1240
GLOBAL,PWRPETCRIXX,2033,1240
GLOBAL,PWRPETCRIXX,2034,1240
GLOBAL,PWRPETCRIXX,2035,1240
GLOBAL,PWRPETCRIXX,2036,1240
GLOBAL,PWRPETCRIXX,2037,1240
GLOBAL,PWRPETCRIXX,2038,1240
GLOBAL,PWRPETCRIXX,2039,1240
GLOBAL,PWRPETCRIXX,2040,1240
GLOBAL,PWRPETCRIXX,2041,1240
GLOBAL,PWRPETCRIXX,2042,1240
GLOBAL,PWRPETCRIXX,2043,1240
GLOBAL,PWRPETCRIXX,2044,1240
GLOBAL,PWRPETCRIXX,2045,1240
GLOBAL,PWRPETCRIXX,2046,1240
GLOBAL,PWRPETCRIXX,2047,1240
GLOBAL,PWRPETCRIXX,2048,1240
GLOBAL,PWRPETCRIXX,2049,1240
GLOBAL,PWRPETCRIXX,2050,1240
GLOBAL,PWRPETDOMXX,2023,1240
GLOBAL,PWRPETDOMXX,2024,1240
GLOBAL,PWRPETDOMXX,2025,1240
GLOBAL,PWRPETDOMXX,2026,1240
GLOBAL,PWRPETDOMXX,2027,1240
GLOBAL,PWRPETDOMXX,2028,1240
GLOBAL,PWRPETDOMXX,2029,1240
GLOBAL,PWRPETDOMXX,2030,1240
GLOBAL,PWRPETDOMXX,2031,1240
GLOBAL,PWRPETDOMXX,2032,1240
GLOBAL,PWRPETDOMXX,2033,1240
GLOBAL,PWRPETDOMXX,2034,1240
GLOBAL,PWRPETDOMXX,2035,1240
GLOBAL,PWRPETDOMXX,2036,1240
GLOBAL,PWRPETDOMXX,2037,1240
GLOBAL,PWRPETDOMXX,2038,1240
GLOBAL,PWRPETDOMXX,2039,1240
GLOBAL,PWRPETDOMXX,2040,1240
GLOBAL,PWRPETDOMXX,2041,1240
GLOBAL,PWRPETDOMXX,2042,1240
GLOBAL,PWRPETDOMXX,2043,1240
GLOBAL,PWRPETDOMXX,2044,1240
GLOBAL,PWRPETDOMXX,2045,1240
GLOBAL,PWRPETDOMXX,2046,1240
GLOBAL,PWRPETDOMXX,2047,1240
GLOBAL,PWRPETDOMXX,2048,1240
GLOBAL,PWRPETDOMXX,2049,1240
GLOBAL,PWRPETDOMXX,2050,1240
GLOBAL,PWRPETECUXX,2023,1240
GLOBAL,PWRPETECUXX,2024,1240
GLOBAL,PWRPETECUXX,2025,1240
GLOBAL,PWRPETECUXX,2026,1240
GLOBAL,PWRPETECUXX,2027,1240
GLOBAL,PWRPETECUXX,2028,1240
GLOBAL,PWRPETECUXX,2029,1240
GLOBAL,PWRPETECUXX,2030,1240
GLOBAL,PWRPETECUXX,2031,1240
GLOBAL,PWRPETECUXX,2032,1240
GLOBAL,PWRPETECUXX,2033,1240
GLOBAL,PWRPETECUXX,2034,1240
GLOBAL,PWRPETECUXX,2035,1240
GLOBAL,PWRPETECUXX,2036,1240
GLOBAL,PWRPETECUXX,2037,1240
GLOBAL,PWRPETECUXX,2038,1240
GLOBAL,PWRPETECUXX,2039,1240
GLOBAL,PWRPETECUXX,2040,1240
GLOBAL,PWRPETECUXX,2041,1240
GLOBAL,PWRPETECUXX,2042,1240
GLOBAL,PWRPETECUXX,2043,1240
GLOBAL,PWRPETECUXX,2044,1240
GLOBAL,PWRPETECUXX,2045,1240
GLOBAL,PWRPETECUXX,2046,1240
GLOBAL,PWRPETECUXX,2047,1240
GLOBAL,PWRPETECUXX,2048,1240
GLOBAL,PWRPETECUXX,2049,1240
GLOBAL,PWRPETECUXX,2050,1240
GLOBAL,PWRPETGTMXX,2023,1240
GLOBAL,PWRPETGTMXX,2024,1240
GLOBAL,PWRPETGTMXX,2025,1240
GLOBAL,PWRPETGTMXX,2026,1240
GLOBAL,PWRPETGTMXX,2027,1240
GLOBAL,PWRPETGTMXX,2028,1240
GLOBAL,PWRPETGTMXX,2029,1240
GLOBAL,PWRPETGTMXX,2030,1240
GLOBAL,PWRPETGTMXX,2031,1240
GLOBAL,PWRPETGTMXX,2032,1240
GLOBAL,PWRPETGTMXX,2033,1240
GLOBAL,PWRPETGTMXX,2034,1240
GLOBAL,PWRPETGTMXX,2035,1240
GLOBAL,PWRPETGTMXX,2036,1240
GLOBAL,PWRPETGTMXX,2037,1240
GLOBAL,PWRPETGTMXX,2038,1240
GLOBAL,PWRPETGTMXX,2039,1240
GLOBAL,PWRPETGTMXX,2040,1240
GLOBAL,PWRPETGTMXX,2041,1240
GLOBAL,PWRPETGTMXX,2042,1240
GLOBAL,PWRPETGTMXX,2043,1240
GLOBAL,PWRPETGTMXX,2044,1240
GLOBAL,PWRPETGTMXX,2045,1240
GLOBAL,PWRPETGTMXX,2046,1240
GLOBAL,PWRPETGTMXX,2047,1240
GLOBAL,PWRPETGTMXX,2048,1240
GLOBAL,PWRPETGTMXX,2049,1240
GLOBAL,PWRPETGTMXX,2050,1240
GLOBAL,PWRPETHNDXX,2023,1240
GLOBAL,PWRPETHNDXX,2024,1240
GLOBAL,PWRPETHNDXX,2025,1240
GLOBAL,PWRPETHNDXX,2026,1240
GLOBAL,PWRPETHNDXX,2027,1240
GLOBAL,PWRPETHNDXX,2028,1240
GLOBAL,PWRPETHNDXX,2029,1240
GLOBAL,PWRPETHNDXX,2030,1240
GLOBAL,PWRPETHNDXX,2031,1240
GLOBAL,PWRPETHNDXX,2032,1240
GLOBAL,PWRPETHNDXX,2033,1240
GLOBAL,PWRPETHNDXX,2034,1240
GLOBAL,PWRPETHNDXX,2035,1240
GLOBAL,PWRPETHNDXX,2036,1240
GLOBAL,PWRPETHNDXX,2037,1240
GLOBAL,PWRPETHNDXX,2038,1240
GLOBAL,PWRPETHNDXX,2039,1240
GLOBAL,PWRPETHNDXX,2040,1240
GLOBAL,PWRPETHNDXX,2041,1240
GLOBAL,PWRPETHNDXX,2042,1240
GLOBAL,PWRPETHNDXX,2043,1240
GLOBAL,PWRPETHNDXX,2044,1240
GLOBAL,PWRPETHNDXX,2045,1240
GLOBAL,PWRPETHNDXX,2046,1240
GLOBAL,PWRPETHNDXX,2047,1240
GLOBAL,PWRPETHNDXX,2048,1240
GLOBAL,PWRPETHNDXX,2049,1240
GLOBAL,PWRPETHNDXX,2050,1240
GLOBAL,PWRPETHTIXX,2023,1240
GLOBAL,PWRPETHTIXX,2024,1240
GLOBAL,PWRPETHTIXX,2025,1240
GLOBAL,PWRPETHTIXX,2026,1240
GLOBAL,PWRPETHTIXX,2027,1240
GLOBAL,PWRPETHTIXX,2028,1240
GLOBAL,PWRPETHTIXX,2029,1240
GLOBAL,PWRPETHTIXX,2030,1240
GLOBAL,PWRPETHTIXX,2031,1240
GLOBAL,PWRPETHTIXX,2032,1240
GLOBAL,PWRPETHTIXX,2033,1240
GLOBAL,PWRPETHTIXX,2034,1240
GLOBAL,PWRPETHTIXX,2035,1240
GLOBAL,PWRPETHTIXX,2036,1240
GLOBAL,PWRPETHTIXX,2037,1240
GLOBAL,PWRPETHTIXX,2038,1240
GLOBAL,PWRPETHTIXX,2039,1240
GLOBAL,PWRPETHTIXX,2040,1240
GLOBAL,PWRPETHTIXX,2041,1240
GLOBAL,PWRPETHTIXX,2042,1240
GLOBAL,PWRPETHTIXX,2043,1240
GLOBAL,PWRPETHTIXX,2044,1240
GLOBAL,PWRPETHTIXX,2045,1240
GLOBAL,PWRPETHTIXX,2046,1240
GLOBAL,PWRPETHTIXX,2047,1240
GLOBAL,PWRPETHTIXX,2048,1240
GLOBAL,PWRPETHTIXX,2049,1240
GLOBAL,PWRPETHTIXX,2050,1240
GLOBAL,PWRPETMEXXX,2023,1240
GLOBAL,PWRPETMEXXX,2024,1240
GLOBAL,PWRPETMEXXX,2025,1240
GLOBAL,PWRPETMEXXX,2026,1240
GLOBAL,PWRPETMEXXX,2027,1240
GLOBAL,PWRPETMEXXX,2028,1240
GLOBAL,PWRPETMEXXX,2029,1240
GLOBAL,PWRPETMEXXX,2030,1240
GLOBAL,PWRPETMEXXX,2031,1240
GLOBAL,PWRPETMEXXX,2032,1240
GLOBAL,PWRPETMEXXX,2033,1240
GLOBAL,PWRPETMEXXX,2034,1240
GLOBAL,PWRPETMEXXX,2035,1240
GLOBAL,PWRPETMEXXX,2036,1240
GLOBAL,PWRPETMEXXX,2037,1240
GLOBAL,PWRPETMEXXX,2038,1240
GLOBAL,PWRPETMEXXX,2039,1240
GLOBAL,PWRPETMEXXX,2040,1240
GLOBAL,PWRPETMEXXX,2041,1240
GLOBAL,PWRPETMEXXX,2042,1240
GLOBAL,PWRPETMEXXX,2043,1240
GLOBAL,PWRPETMEXXX,2044,1240
GLOBAL,PWRPETMEXXX,2045,1240
GLOBAL,PWRPETMEXXX,2046,1240
GLOBAL,PWRPETMEXXX,2047,1240
GLOBAL,PWRPETMEXXX,2048,1240
GLOBAL,PWRPETMEXXX,2049,1240
GLOBAL,PWRPETMEXXX,2050,1240
GLOBAL,PWRPETNICXX,2023,1240
GLOBAL,PWRPETNICXX,2024,1240
GLOBAL,PWRPETNICXX,2025,1240
GLOBAL,PWRPETNICXX,2026,1240
GLOBAL,PWRPETNICXX,2027,1240
GLOBAL,PWRPETNICXX,2028,1240
GLOBAL,PWRPETNICXX,2029,1240
GLOBAL,PWRPETNICXX,2030,1240
GLOBAL,PWRPETNICXX,2031,1240
GLOBAL,PWRPETNICXX,2032,1240
GLOBAL,PWRPETNICXX,2033,1240
GLOBAL,PWRPETNICXX,2034,1240
GLOBAL,PWRPETNICXX,2035,1240
GLOBAL,PWRPETNICXX,2036,1240
GLOBAL,PWRPETNICXX,2037,1240
GLOBAL,PWRPETNICXX,2038,1240
GLOBAL,PWRPETNICXX,2039,1240
GLOBAL,PWRPETNICXX,2040,1240
GLOBAL,PWRPETNICXX,2041,1240
GLOBAL,PWRPETNICXX,2042,1240
GLOBAL,PWRPETNICXX,2043,1240
GLOBAL,PWRPETNICXX,2044,1240
GLOBAL,PWRPETNICXX,2045,1240
GLOBAL,PWRPETNICXX,2046,1240
GLOBAL,PWRPETNICXX,2047,1240
GLOBAL,PWRPETNICXX,2048,1240
GLOBAL,PWRPETNICXX,2049,1240
GLOBAL,PWRPETNICXX,2050,1240
GLOBAL,PWRPETPANXX,2023,1240
GLOBAL,PWRPETPANXX,2024,1240
GLOBAL,PWRPETPANXX,2025,1240
GLOBAL,PWRPETPANXX,2026,1240
GLOBAL,PWRPETPANXX,2027,1240
GLOBAL,PWRPETPANXX,2028,1240
GLOBAL,PWRPETPANXX,2029,1240
GLOBAL,PWRPETPANXX,2030,1240
GLOBAL,PWRPETPANXX,2031,1240
GLOBAL,PWRPETPANXX,2032,1240
GLOBAL,PWRPETPANXX,2033,1240
GLOBAL,PWRPETPANXX,2034,1240
GLOBAL,PWRPETPANXX,2035,1240
GLOBAL,PWRPETPANXX,2036,1240
GLOBAL,PWRPETPANXX,2037,1240
GLOBAL,PWRPETPANXX,2038,1240
GLOBAL,PWRPETPANXX,2039,1240
GLOBAL,PWRPETPANXX,2040,1240
GLOBAL,PWRPETPANXX,2041,1240
GLOBAL,PWRPETPANXX,2042,1240
GLOBAL,PWRPETPANXX,2043,1240
GLOBAL,PWRPETPANXX,2044,1240
GLOBAL,PWRPETPANXX,2045,1240
GLOBAL,PWRPETPANXX,2046,1240
GLOBAL,PWRPETPANXX,2047,1240
GLOBAL,PWRPETPANXX,2048,1240
GLOBAL,PWRPETPANXX,2049,1240
GLOBAL,PWRPETPANXX,2050,1240
GLOBAL,PWRPETPERXX,2023,1240
GLOBAL,PWRPETPERXX,2024,1240
GLOBAL,PWRPETPERXX,2025,1240
GLOBAL,PWRPETPERXX,2026,1240
GLOBAL,PWRPETPERXX,2027,1240
GLOBAL,PWRPETPERXX,2028,1240
GLOBAL,PWRPETPERXX,2029,1240
GLOBAL,PWRPETPERXX,2030,1240
GLOBAL,PWRPETPERXX,2031,1240
GLOBAL,PWRPETPERXX,2032,1240
GLOBAL,PWRPETPERXX,2033,1240
GLOBAL,PWRPETPERXX,2034,1240
GLOBAL,PWRPETPERXX,2035,1240
GLOBAL,PWRPETPERXX,2036,1240
GLOBAL,PWRPETPERXX,2037,1240
GLOBAL,PWRPETPERXX,2038,1240
GLOBAL,PWRPETPERXX,2039,1240
GLOBAL,PWRPETPERXX,2040,1240
GLOBAL,PWRPETPERXX,2041,1240
GLOBAL,PWRPETPERXX,2042,1240
GLOBAL,PWRPETPERXX,2043,1240
GLOBAL,PWRPETPERXX,2044,1240
GLOBAL,PWRPETPERXX,2045,1240
GLOBAL,PWRPETPERXX,2046,1240
GLOBAL,PWRPETPERXX,2047,1240
GLOBAL,PWRPETPERXX,2048,1240
GLOBAL,PWRPETPERXX,2049,1240
GLOBAL,PWRPETPERXX,2050,1240
GLOBAL,PWRPETPRYXX,2023,1240
GLOBAL,PWRPETPRYXX,2024,1240
GLOBAL,PWRPETPRYXX,2025,1240
GLOBAL,PWRPETPRYXX,2026,1240
GLOBAL,PWRPETPRYXX,2027,1240
GLOBAL,PWRPETPRYXX,2028,1240
GLOBAL,PWRPETPRYXX,2029,1240
GLOBAL,PWRPETPRYXX,2030,1240
GLOBAL,PWRPETPRYXX,2031,1240
GLOBAL,PWRPETPRYXX,2032,1240
GLOBAL,PWRPETPRYXX,2033,1240
GLOBAL,PWRPETPRYXX,2034,1240
GLOBAL,PWRPETPRYXX,2035,1240
GLOBAL,PWRPETPRYXX,2036,1240
GLOBAL,PWRPETPRYXX,2037,1240
GLOBAL,PWRPETPRYXX,2038,1240
GLOBAL,PWRPETPRYXX,2039,1240
GLOBAL,PWRPETPRYXX,2040,1240
GLOBAL,PWRPETPRYXX,2041,1240
GLOBAL,PWRPETPRYXX,2042,1240
GLOBAL,PWRPETPRYXX,2043,1240
GLOBAL,PWRPETPRYXX,2044,1240
GLOBAL,PWRPETPRYXX,2045,1240
GLOBAL,PWRPETPRYXX,2046,1240
GLOBAL,PWRPETPRYXX,2047,1240
GLOBAL,PWRPETPRYXX,2048,1240
GLOBAL,PWRPETPRYXX,2049,1240
GLOBAL,PWRPETPRYXX,2050,1240
GLOBAL,PWRPETSLVXX,2023,1240
GLOBAL,PWRPETSLVXX,2024,1240
GLOBAL,PWRPETSLVXX,2025,1240
GLOBAL,PWRPETSLVXX,2026,1240
GLOBAL,PWRPETSLVXX,2027,1240
GLOBAL,PWRPETSLVXX,2028,1240
GLOBAL,PWRPETSLVXX,2029,1240
GLOBAL,PWRPETSLVXX,2030,1240
GLOBAL,PWRPETSLVXX,2031,1240
GLOBAL,PWRPETSLVXX,2032,1240
GLOBAL,PWRPETSLVXX,2033,1240
GLOBAL,PWRPETSLVXX,2034,1240
GLOBAL,PWRPETSLVXX,2035,1240
GLOBAL,PWRPETSLVXX,2036,1240
GLOBAL,PWRPETSLVXX,2037,1240
GLOBAL,PWRPETSLVXX,2038,1240
GLOBAL,PWRPETSLVXX,2039,1240
GLOBAL,PWRPETSLVXX,2040,1240
GLOBAL,PWRPETSLVXX,2041,1240
GLOBAL,PWRPETSLVXX,2042,1240
GLOBAL,PWRPETSLVXX,2043,1240
GLOBAL,PWRPETSLVXX,2044,1240
GLOBAL,PWRPETSLVXX,2045,1240
GLOBAL,PWRPETSLVXX,2046,1240
GLOBAL,PWRPETSLVXX,2047,1240
GLOBAL,PWRPETSLVXX,2048,1240
GLOBAL,PWRPETSLVXX,2049,1240
GLOBAL,PWRPETSLVXX,2050,1240
GLOBAL,PWRPETURYXX,2023,1240
GLOBAL,PWRPETURYXX,2024,1240
GLOBAL,PWRPETURYXX,2025,1240
GLOBAL,PWRPETURYXX,2026,1240
GLOBAL,PWRPETURYXX,2027,1240
GLOBAL,PWRPETURYXX,2028,1240
GLOBAL,PWRPETURYXX,2029,1240
GLOBAL,PWRPETURYXX,2030,1240
GLOBAL,PWRPETURYXX,2031,1240
GLOBAL,PWRPETURYXX,2032,1240
GLOBAL,PWRPETURYXX,2033,1240
GLOBAL,PWRPETURYXX,2034,1240
GLOBAL,PWRPETURYXX,2035,1240
GLOBAL,PWRPETURYXX,2036,1240
GLOBAL,PWRPETURYXX,2037,1240
GLOBAL,PWRPETURYXX,2038,1240
GLOBAL,PWRPETURYXX,2039,1240
GLOBAL,PWRPETURYXX,2040,1240
GLOBAL,PWRPETURYXX,2041,1240
GLOBAL,PWRPETURYXX,2042,1240
GLOBAL,PWRPETURYXX,2043,1240
GLOBAL,PWRPETURYXX,2044,1240
GLOBAL,PWRPETURYXX,2045,1240
GLOBAL,PWRPETURYXX,2046,1240
GLOBAL,PWRPETURYXX,2047,1240
GLOBAL,PWRPETURYXX,2048,1240
GLOBAL,PWRPETURYXX,2049,1240
GLOBAL,PWRPETURYXX,2050,1240
GLOBAL,PWRSDSARGXX,2023,944
GLOBAL,PWRSDSARGXX,2024,944
GLOBAL,PWRSDSARGXX,2025,944
GLOBAL,PWRSDSARGXX,2026,944
GLOBAL,PWRSDSARGXX,2027,944
GLOBAL,PWRSDSARGXX,2028,944
GLOBAL,PWRSDSARGXX,2029,944
GLOBAL,PWRSDSARGXX,2030,944
GLOBAL,PWRSDSARGXX,2031,944
GLOBAL,PWRSDSARGXX,2032,944
GLOBAL,PWRSDSARGXX,2033,944
GLOBAL,PWRSDSARGXX,2034,944
GLOBAL,PWRSDSARGXX,2035,944
GLOBAL,PWRSDSARGXX,2036,944
GLOBAL,PWRSDSARGXX,2037,944
GLOBAL,PWRSDSARGXX,2038,944
GLOBAL,PWRSDSARGXX,2039,944
GLOBAL,PWRSDSARGXX,2040,944
GLOBAL,PWRSDSARGXX,2041,944
GLOBAL,PWRSDSARGXX,2042,944
GLOBAL,PWRSDSARGXX,2043,944
GLOBAL,PWRSDSARGXX,2044,944
GLOBAL,PWRSDSARGXX,2045,944
GLOBAL,PWRSDSARGXX,2046,944
GLOBAL,PWRSDSARGXX,2047,944
GLOBAL,PWRSDSARGXX,2048,944
GLOBAL,PWRSDSARGXX,2049,944
GLOBAL,PWRSDSARGXX,2050,944
GLOBAL,PWRSDSBOLXX,2023,944
GLOBAL,PWRSDSBOLXX,2024,944
GLOBAL,PWRSDSBOLXX,2025,944
GLOBAL,PWRSDSBOLXX,2026,944
GLOBAL,PWRSDSBOLXX,2027,944
GLOBAL,PWRSDSBOLXX,2028,944
GLOBAL,PWRSDSBOLXX,2029,944
GLOBAL,PWRSDSBOLXX,2030,944
GLOBAL,PWRSDSBOLXX,2031,944
GLOBAL,PWRSDSBOLXX,2032,944
GLOBAL,PWRSDSBOLXX,2033,944
GLOBAL,PWRSDSBOLXX,2034,944
GLOBAL,PWRSDSBOLXX,2035,944
GLOBAL,PWRSDSBOLXX,2036,944
GLOBAL,PWRSDSBOLXX,2037,944
GLOBAL,PWRSDSBOLXX,2038,944
GLOBAL,PWRSDSBOLXX,2039,944
GLOBAL,PWRSDSBOLXX,2040,944
GLOBAL,PWRSDSBOLXX,2041,944
GLOBAL,PWRSDSBOLXX,2042,944
GLOBAL,PWRSDSBOLXX,2043,944
GLOBAL,PWRSDSBOLXX,2044,944
GLOBAL,PWRSDSBOLXX,2045,944
GLOBAL,PWRSDSBOLXX,2046,944
GLOBAL,PWRSDSBOLXX,2047,944
GLOBAL,PWRSDSBOLXX,2048,944
GLOBAL,PWRSDSBOLXX,2049,944
GLOBAL,PWRSDSBOLXX,2050,944
GLOBAL,PWRSDSBRAXX,2023,944
GLOBAL,PWRSDSBRAXX,2024,944
GLOBAL,PWRSDSBRAXX,2025,944
GLOBAL,PWRSDSBRAXX,2026,944
GLOBAL,PWRSDSBRAXX,2027,944
GLOBAL,PWRSDSBRAXX,2028,944
GLOBAL,PWRSDSBRAXX,2029,944
GLOBAL,PWRSDSBRAXX,2030,944
GLOBAL,PWRSDSBRAXX,2031,944
GLOBAL,PWRSDSBRAXX,2032,944
GLOBAL,PWRSDSBRAXX,2033,944
GLOBAL,PWRSDSBRAXX,2034,944
GLOBAL,PWRSDSBRAXX,2035,944
GLOBAL,PWRSDSBRAXX,2036,944
GLOBAL,PWRSDSBRAXX,2037,944
GLOBAL,PWRSDSBRAXX,2038,944
GLOBAL,PWRSDSBRAXX,2039,944
GLOBAL,PWRSDSBRAXX,2040,944
GLOBAL,PWRSDSBRAXX,2041,944
GLOBAL,PWRSDSBRAXX,2042,944
GLOBAL,PWRSDSBRAXX,2043,944
GLOBAL,PWRSDSBRAXX,2044,944
GLOBAL,PWRSDSBRAXX,2045,944
GLOBAL,PWRSDSBRAXX,2046,944
GLOBAL,PWRSDSBRAXX,2047,944
GLOBAL,PWRSDSBRAXX,2048,944
GLOBAL,PWRSDSBRAXX,2049,944
GLOBAL,PWRSDSBRAXX,2050,944
GLOBAL,PWRSDSBRBXX,2023,944
GLOBAL,PWRSDSBRBXX,2024,944
GLOBAL,PWRSDSBRBXX,2025,944
GLOBAL,PWRSDSBRBXX,2026,944
GLOBAL,PWRSDSBRBXX,2027,944
GLOBAL,PWRSDSBRBXX,2028,944
GLOBAL,PWRSDSBRBXX,2029,944
GLOBAL,PWRSDSBRBXX,2030,944
GLOBAL,PWRSDSBRBXX,2031,944
GLOBAL,PWRSDSBRBXX,2032,944
GLOBAL,PWRSDSBRBXX,2033,944
GLOBAL,PWRSDSBRBXX,2034,944
GLOBAL,PWRSDSBRBXX,2035,944
GLOBAL,PWRSDSBRBXX,2036,944
GLOBAL,PWRSDSBRBXX,2037,944
GLOBAL,PWRSDSBRBXX,2038,944
GLOBAL,PWRSDSBRBXX,2039,944
GLOBAL,PWRSDSBRBXX,2040,944
GLOBAL,PWRSDSBRBXX,2041,944
GLOBAL,PWRSDSBRBXX,2042,944
GLOBAL,PWRSDSBRBXX,2043,944
GLOBAL,PWRSDSBRBXX,2044,944
GLOBAL,PWRSDSBRBXX,2045,944
GLOBAL,PWRSDSBRBXX,2046,944
GLOBAL,PWRSDSBRBXX,2047,944
GLOBAL,PWRSDSBRBXX,2048,944
GLOBAL,PWRSDSBRBXX,2049,944
GLOBAL,PWRSDSBRBXX,2050,944
GLOBAL,PWRSDSCHLXX,2023,944
GLOBAL,PWRSDSCHLXX,2024,944
GLOBAL,PWRSDSCHLXX,2025,944
GLOBAL,PWRSDSCHLXX,2026,944
GLOBAL,PWRSDSCHLXX,2027,944
GLOBAL,PWRSDSCHLXX,2028,944
GLOBAL,PWRSDSCHLXX,2029,944
GLOBAL,PWRSDSCHLXX,2030,944
GLOBAL,PWRSDSCHLXX,2031,944
GLOBAL,PWRSDSCHLXX,2032,944
GLOBAL,PWRSDSCHLXX,2033,944
GLOBAL,PWRSDSCHLXX,2034,944
GLOBAL,PWRSDSCHLXX,2035,944
GLOBAL,PWRSDSCHLXX,2036,944
GLOBAL,PWRSDSCHLXX,2037,944
GLOBAL,PWRSDSCHLXX,2038,944
GLOBAL,PWRSDSCHLXX,2039,944
GLOBAL,PWRSDSCHLXX,2040,944
GLOBAL,PWRSDSCHLXX,2041,944
GLOBAL,PWRSDSCHLXX,2042,944
GLOBAL,PWRSDSCHLXX,2043,944
GLOBAL,PWRSDSCHLXX,2044,944
GLOBAL,PWRSDSCHLXX,2045,944
GLOBAL,PWRSDSCHLXX,2046,944
GLOBAL,PWRSDSCHLXX,2047,944
GLOBAL,PWRSDSCHLXX,2048,944
GLOBAL,PWRSDSCHLXX,2049,944
GLOBAL,PWRSDSCHLXX,2050,944
GLOBAL,PWRSDSCOLXX,2023,944
GLOBAL,PWRSDSCOLXX,2024,944
GLOBAL,PWRSDSCOLXX,2025,944
GLOBAL,PWRSDSCOLXX,2026,944
GLOBAL,PWRSDSCOLXX,2027,944
GLOBAL,PWRSDSCOLXX,2028,944
GLOBAL,PWRSDSCOLXX,2029,944
GLOBAL,PWRSDSCOLXX,2030,944
GLOBAL,PWRSDSCOLXX,2031,944
GLOBAL,PWRSDSCOLXX,2032,944
GLOBAL,PWRSDSCOLXX,2033,944
GLOBAL,PWRSDSCOLXX,2034,944
GLOBAL,PWRSDSCOLXX,2035,944
GLOBAL,PWRSDSCOLXX,2036,944
GLOBAL,PWRSDSCOLXX,2037,944
GLOBAL,PWRSDSCOLXX,2038,944
GLOBAL,PWRSDSCOLXX,2039,944
GLOBAL,PWRSDSCOLXX,2040,944
GLOBAL,PWRSDSCOLXX,2041,944
GLOBAL,PWRSDSCOLXX,2042,944
GLOBAL,PWRSDSCOLXX,2043,944
GLOBAL,PWRSDSCOLXX,2044,944
GLOBAL,PWRSDSCOLXX,2045,944
GLOBAL,PWRSDSCOLXX,2046,944
GLOBAL,PWRSDSCOLXX,2047,944
GLOBAL,PWRSDSCOLXX,2048,944
GLOBAL,PWRSDSCOLXX,2049,944
GLOBAL,PWRSDSCOLXX,2050,944
GLOBAL,PWRSDSCRIXX,2023,944
GLOBAL,PWRSDSCRIXX,2024,944
GLOBAL,PWRSDSCRIXX,2025,944
GLOBAL,PWRSDSCRIXX,2026,944
GLOBAL,PWRSDSCRIXX,2027,944
GLOBAL,PWRSDSCRIXX,2028,944
GLOBAL,PWRSDSCRIXX,2029,944
GLOBAL,PWRSDSCRIXX,2030,944
GLOBAL,PWRSDSCRIXX,2031,944
GLOBAL,PWRSDSCRIXX,2032,944
GLOBAL,PWRSDSCRIXX,2033,944
GLOBAL,PWRSDSCRIXX,2034,944
GLOBAL,PWRSDSCRIXX,2035,944
GLOBAL,PWRSDSCRIXX,2036,944
GLOBAL,PWRSDSCRIXX,2037,944
GLOBAL,PWRSDSCRIXX,2038,944
GLOBAL,PWRSDSCRIXX,2039,944
GLOBAL,PWRSDSCRIXX,2040,944
GLOBAL,PWRSDSCRIXX,2041,944
GLOBAL,PWRSDSCRIXX,2042,944
GLOBAL,PWRSDSCRIXX,2043,944
GLOBAL,PWRSDSCRIXX,2044,944
GLOBAL,PWRSDSCRIXX,2045,944
GLOBAL,PWRSDSCRIXX,2046,944
GLOBAL,PWRSDSCRIXX,2047,944
GLOBAL,PWRSDSCRIXX,2048,944
GLOBAL,PWRSDSCRIXX,2049,944
GLOBAL,PWRSDSCRIXX,2050,944
GLOBAL,PWRSDSDOMXX,2023,944
GLOBAL,PWRSDSDOMXX,2024,944
GLOBAL,PWRSDSDOMXX,2025,944
GLOBAL,PWRSDSDOMXX,2026,944
GLOBAL,PWRSDSDOMXX,2027,944
GLOBAL,PWRSDSDOMXX,2028,944
GLOBAL,PWRSDSDOMXX,2029,944
GLOBAL,PWRSDSDOMXX,2030,944
GLOBAL,PWRSDSDOMXX,2031,944
GLOBAL,PWRSDSDOMXX,2032,944
GLOBAL,PWRSDSDOMXX,2033,944
GLOBAL,PWRSDSDOMXX,2034,944
GLOBAL,PWRSDSDOMXX,2035,944
GLOBAL,PWRSDSDOMXX,2036,944
GLOBAL,PWRSDSDOMXX,2037,944
GLOBAL,PWRSDSDOMXX,2038,944
GLOBAL,PWRSDSDOMXX,2039,944
GLOBAL,PWRSDSDOMXX,2040,944
GLOBAL,PWRSDSDOMXX,2041,944
GLOBAL,PWRSDSDOMXX,2042,944
GLOBAL,PWRSDSDOMXX,2043,944
GLOBAL,PWRSDSDOMXX,2044,944
GLOBAL,PWRSDSDOMXX,2045,944
GLOBAL,PWRSDSDOMXX,2046,944
GLOBAL,PWRSDSDOMXX,2047,944
GLOBAL,PWRSDSDOMXX,2048,944
GLOBAL,PWRSDSDOMXX,2049,944
GLOBAL,PWRSDSDOMXX,2050,944
GLOBAL,PWRSDSECUXX,2023,944
GLOBAL,PWRSDSECUXX,2024,944
GLOBAL,PWRSDSECUXX,2025,944
GLOBAL,PWRSDSECUXX,2026,944
GLOBAL,PWRSDSECUXX,2027,944
GLOBAL,PWRSDSECUXX,2028,944
GLOBAL,PWRSDSECUXX,2029,944
GLOBAL,PWRSDSECUXX,2030,944
GLOBAL,PWRSDSECUXX,2031,944
GLOBAL,PWRSDSECUXX,2032,944
GLOBAL,PWRSDSECUXX,2033,944
GLOBAL,PWRSDSECUXX,2034,944
GLOBAL,PWRSDSECUXX,2035,944
GLOBAL,PWRSDSECUXX,2036,944
GLOBAL,PWRSDSECUXX,2037,944
GLOBAL,PWRSDSECUXX,2038,944
GLOBAL,PWRSDSECUXX,2039,944
GLOBAL,PWRSDSECUXX,2040,944
GLOBAL,PWRSDSECUXX,2041,944
GLOBAL,PWRSDSECUXX,2042,944
GLOBAL,PWRSDSECUXX,2043,944
GLOBAL,PWRSDSECUXX,2044,944
GLOBAL,PWRSDSECUXX,2045,944
GLOBAL,PWRSDSECUXX,2046,944
GLOBAL,PWRSDSECUXX,2047,944
GLOBAL,PWRSDSECUXX,2048,944
GLOBAL,PWRSDSECUXX,2049,944
GLOBAL,PWRSDSECUXX,2050,944
GLOBAL,PWRSDSGTMXX,2023,944
GLOBAL,PWRSDSGTMXX,2024,944
GLOBAL,PWRSDSGTMXX,2025,944
GLOBAL,PWRSDSGTMXX,2026,944
GLOBAL,PWRSDSGTMXX,2027,944
GLOBAL,PWRSDSGTMXX,2028,944
GLOBAL,PWRSDSGTMXX,2029,944
GLOBAL,PWRSDSGTMXX,2030,944
GLOBAL,PWRSDSGTMXX,2031,944
GLOBAL,PWRSDSGTMXX,2032,944
GLOBAL,PWRSDSGTMXX,2033,944
GLOBAL,PWRSDSGTMXX,2034,944
GLOBAL,PWRSDSGTMXX,2035,944
GLOBAL,PWRSDSGTMXX,2036,944
GLOBAL,PWRSDSGTMXX,2037,944
GLOBAL,PWRSDSGTMXX,2038,944
GLOBAL,PWRSDSGTMXX,2039,944
GLOBAL,PWRSDSGTMXX,2040,944
GLOBAL,PWRSDSGTMXX,2041,944
GLOBAL,PWRSDSGTMXX,2042,944
GLOBAL,PWRSDSGTMXX,2043,944
GLOBAL,PWRSDSGTMXX,2044,944
GLOBAL,PWRSDSGTMXX,2045,944
GLOBAL,PWRSDSGTMXX,2046,944
GLOBAL,PWRSDSGTMXX,2047,944
GLOBAL,PWRSDSGTMXX,2048,944
GLOBAL,PWRSDSGTMXX,2049,944
GLOBAL,PWRSDSGTMXX,2050,944
GLOBAL,PWRSDSHNDXX,2023,944
GLOBAL,PWRSDSHNDXX,2024,944
GLOBAL,PWRSDSHNDXX,2025,944
GLOBAL,PWRSDSHNDXX,2026,944
GLOBAL,PWRSDSHNDXX,2027,944
GLOBAL,PWRSDSHNDXX,2028,944
GLOBAL,PWRSDSHNDXX,2029,944
GLOBAL,PWRSDSHNDXX,2030,944
GLOBAL,PWRSDSHNDXX,2031,944
GLOBAL,PWRSDSHNDXX,2032,944
GLOBAL,PWRSDSHNDXX,2033,944
GLOBAL,PWRSDSHNDXX,2034,944
GLOBAL,PWRSDSHNDXX,2035,944
GLOBAL,PWRSDSHNDXX,2036,944
GLOBAL,PWRSDSHNDXX,2037,944
GLOBAL,PWRSDSHNDXX,2038,944
GLOBAL,PWRSDSHNDXX,2039,944
GLOBAL,PWRSDSHNDXX,2040,944
GLOBAL,PWRSDSHNDXX,2041,944
GLOBAL,PWRSDSHNDXX,2042,944
GLOBAL,PWRSDSHNDXX,2043,944
GLOBAL,PWRSDSHNDXX,2044,944
GLOBAL,PWRSDSHNDXX,2045,944
GLOBAL,PWRSDSHNDXX,2046,944
GLOBAL,PWRSDSHNDXX,2047,944
GLOBAL,PWRSDSHNDXX,2048,944
GLOBAL,PWRSDSHNDXX,2049,944
GLOBAL,PWRSDSHNDXX,2050,944
GLOBAL,PWRSDSHTIXX,2023,944
GLOBAL,PWRSDSHTIXX,2024,944
GLOBAL,PWRSDSHTIXX,2025,944
GLOBAL,PWRSDSHTIXX,2026,944
GLOBAL,PWRSDSHTIXX,2027,944
GLOBAL,PWRSDSHTIXX,2028,944
GLOBAL,PWRSDSHTIXX,2029,944
GLOBAL,PWRSDSHTIXX,2030,944
GLOBAL,PWRSDSHTIXX,2031,944
GLOBAL,PWRSDSHTIXX,2032,944
GLOBAL,PWRSDSHTIXX,2033,944
GLOBAL,PWRSDSHTIXX,2034,944
GLOBAL,PWRSDSHTIXX,2035,944
GLOBAL,PWRSDSHTIXX,2036,944
GLOBAL,PWRSDSHTIXX,2037,944
GLOBAL,PWRSDSHTIXX,2038,944
GLOBAL,PWRSDSHTIXX,2039,944
GLOBAL,PWRSDSHTIXX,2040,944
GLOBAL,PWRSDSHTIXX,2041,944
GLOBAL,PWRSDSHTIXX,2042,944
GLOBAL,PWRSDSHTIXX,2043,944
GLOBAL,PWRSDSHTIXX,2044,944
GLOBAL,PWRSDSHTIXX,2045,944
GLOBAL,PWRSDSHTIXX,2046,944
GLOBAL,PWRSDSHTIXX,2047,944
GLOBAL,PWRSDSHTIXX,2048,944
GLOBAL,PWRSDSHTIXX,2049,944
GLOBAL,PWRSDSHTIXX,2050,944
GLOBAL,PWRSDSMEXXX,2023,944
GLOBAL,PWRSDSMEXXX,2024,944
GLOBAL,PWRSDSMEXXX,2025,944
GLOBAL,PWRSDSMEXXX,2026,944
GLOBAL,PWRSDSMEXXX,2027,944
GLOBAL,PWRSDSMEXXX,2028,944
GLOBAL,PWRSDSMEXXX,2029,944
GLOBAL,PWRSDSMEXXX,2030,944
GLOBAL,PWRSDSMEXXX,2031,944
GLOBAL,PWRSDSMEXXX,2032,944
GLOBAL,PWRSDSMEXXX,2033,944
GLOBAL,PWRSDSMEXXX,2034,944
GLOBAL,PWRSDSMEXXX,2035,944
GLOBAL,PWRSDSMEXXX,2036,944
GLOBAL,PWRSDSMEXXX,2037,944
GLOBAL,PWRSDSMEXXX,2038,944
GLOBAL,PWRSDSMEXXX,2039,944
GLOBAL,PWRSDSMEXXX,2040,944
GLOBAL,PWRSDSMEXXX,2041,944
GLOBAL,PWRSDSMEXXX,2042,944
GLOBAL,PWRSDSMEXXX,2043,944
GLOBAL,PWRSDSMEXXX,2044,944
GLOBAL,PWRSDSMEXXX,2045,944
GLOBAL,PWRSDSMEXXX,2046,944
GLOBAL,PWRSDSMEXXX,2047,944
GLOBAL,PWRSDSMEXXX,2048,944
GLOBAL,PWRSDSMEXXX,2049,944
GLOBAL,PWRSDSMEXXX,2050,944
GLOBAL,PWRSDSNICXX,2023,944
GLOBAL,PWRSDSNICXX,2024,944
GLOBAL,PWRSDSNICXX,2025,944
GLOBAL,PWRSDSNICXX,2026,944
GLOBAL,PWRSDSNICXX,2027,944
GLOBAL,PWRSDSNICXX,2028,944
GLOBAL,PWRSDSNICXX,2029,944
GLOBAL,PWRSDSNICXX,2030,944
GLOBAL,PWRSDSNICXX,2031,944
GLOBAL,PWRSDSNICXX,2032,944
GLOBAL,PWRSDSNICXX,2033,944
GLOBAL,PWRSDSNICXX,2034,944
GLOBAL,PWRSDSNICXX,2035,944
GLOBAL,PWRSDSNICXX,2036,944
GLOBAL,PWRSDSNICXX,2037,944
GLOBAL,PWRSDSNICXX,2038,944
GLOBAL,PWRSDSNICXX,2039,944
GLOBAL,PWRSDSNICXX,2040,944
GLOBAL,PWRSDSNICXX,2041,944
GLOBAL,PWRSDSNICXX,2042,944
GLOBAL,PWRSDSNICXX,2043,944
GLOBAL,PWRSDSNICXX,2044,944
GLOBAL,PWRSDSNICXX,2045,944
GLOBAL,PWRSDSNICXX,2046,944
GLOBAL,PWRSDSNICXX,2047,944
GLOBAL,PWRSDSNICXX,2048,944
GLOBAL,PWRSDSNICXX,2049,944
GLOBAL,PWRSDSNICXX,2050,944
GLOBAL,PWRSDSPANXX,2023,944
GLOBAL,PWRSDSPANXX,2024,944
GLOBAL,PWRSDSPANXX,2025,944
GLOBAL,PWRSDSPANXX,2026,944
GLOBAL,PWRSDSPANXX,2027,944
GLOBAL,PWRSDSPANXX,2028,944
GLOBAL,PWRSDSPANXX,2029,944
GLOBAL,PWRSDSPANXX,2030,944
GLOBAL,PWRSDSPANXX,2031,944
GLOBAL,PWRSDSPANXX,2032,944
GLOBAL,PWRSDSPANXX,2033,944
GLOBAL,PWRSDSPANXX,2034,944
GLOBAL,PWRSDSPANXX,2035,944
GLOBAL,PWRSDSPANXX,2036,944
GLOBAL,PWRSDSPANXX,2037,944
GLOBAL,PWRSDSPANXX,2038,944
GLOBAL,PWRSDSPANXX,2039,944
GLOBAL,PWRSDSPANXX,2040,944
GLOBAL,PWRSDSPANXX,2041,944
GLOBAL,PWRSDSPANXX,2042,944
GLOBAL,PWRSDSPANXX,2043,944
GLOBAL,PWRSDSPANXX,2044,944
GLOBAL,PWRSDSPANXX,2045,944
GLOBAL,PWRSDSPANXX,2046,944
GLOBAL,PWRSDSPANXX,2047,944
GLOBAL,PWRSDSPANXX,2048,944
GLOBAL,PWRSDSPANXX,2049,944
GLOBAL,PWRSDSPANXX,2050,944
GLOBAL,PWRSDSPERXX,2023,944
GLOBAL,PWRSDSPERXX,2024,944
GLOBAL,PWRSDSPERXX,2025,944
GLOBAL,PWRSDSPERXX,2026,944
GLOBAL,PWRSDSPERXX,2027,944
GLOBAL,PWRSDSPERXX,2028,944
GLOBAL,PWRSDSPERXX,2029,944
GLOBAL,PWRSDSPERXX,2030,944
GLOBAL,PWRSDSPERXX,2031,944
GLOBAL,PWRSDSPERXX,2032,944
GLOBAL,PWRSDSPERXX,2033,944
GLOBAL,PWRSDSPERXX,2034,944
GLOBAL,PWRSDSPERXX,2035,944
GLOBAL,PWRSDSPERXX,2036,944
GLOBAL,PWRSDSPERXX,2037,944
GLOBAL,PWRSDSPERXX,2038,944
GLOBAL,PWRSDSPERXX,2039,944
GLOBAL,PWRSDSPERXX,2040,944
GLOBAL,PWRSDSPERXX,2041,944
GLOBAL,PWRSDSPERXX,2042,944
GLOBAL,PWRSDSPERXX,2043,944
GLOBAL,PWRSDSPERXX,2044,944
GLOBAL,PWRSDSPERXX,2045,944
GLOBAL,PWRSDSPERXX,2046,944
GLOBAL,PWRSDSPERXX,2047,944
GLOBAL,PWRSDSPERXX,2048,944
GLOBAL,PWRSDSPERXX,2049,944
GLOBAL,PWRSDSPERXX,2050,944
GLOBAL,PWRSDSPRYXX,2023,944
GLOBAL,PWRSDSPRYXX,2024,944
GLOBAL,PWRSDSPRYXX,2025,944
GLOBAL,PWRSDSPRYXX,2026,944
GLOBAL,PWRSDSPRYXX,2027,944
GLOBAL,PWRSDSPRYXX,2028,944
GLOBAL,PWRSDSPRYXX,2029,944
GLOBAL,PWRSDSPRYXX,2030,944
GLOBAL,PWRSDSPRYXX,2031,944
GLOBAL,PWRSDSPRYXX,2032,944
GLOBAL,PWRSDSPRYXX,2033,944
GLOBAL,PWRSDSPRYXX,2034,944
GLOBAL,PWRSDSPRYXX,2035,944
GLOBAL,PWRSDSPRYXX,2036,944
GLOBAL,PWRSDSPRYXX,2037,944
GLOBAL,PWRSDSPRYXX,2038,944
GLOBAL,PWRSDSPRYXX,2039,944
GLOBAL,PWRSDSPRYXX,2040,944
GLOBAL,PWRSDSPRYXX,2041,944
GLOBAL,PWRSDSPRYXX,2042,944
GLOBAL,PWRSDSPRYXX,2043,944
GLOBAL,PWRSDSPRYXX,2044,944
GLOBAL,PWRSDSPRYXX,2045,944
GLOBAL,PWRSDSPRYXX,2046,944
GLOBAL,PWRSDSPRYXX,2047,944
GLOBAL,PWRSDSPRYXX,2048,944
GLOBAL,PWRSDSPRYXX,2049,944
GLOBAL,PWRSDSPRYXX,2050,944
GLOBAL,PWRSDSSLVXX,2023,944
GLOBAL,PWRSDSSLVXX,2024,944
GLOBAL,PWRSDSSLVXX,2025,944
GLOBAL,PWRSDSSLVXX,2026,944
GLOBAL,PWRSDSSLVXX,2027,944
GLOBAL,PWRSDSSLVXX,2028,944
GLOBAL,PWRSDSSLVXX,2029,944
GLOBAL,PWRSDSSLVXX,2030,944
GLOBAL,PWRSDSSLVXX,2031,944
GLOBAL,PWRSDSSLVXX,2032,944
GLOBAL,PWRSDSSLVXX,2033,944
GLOBAL,PWRSDSSLVXX,2034,944
GLOBAL,PWRSDSSLVXX,2035,944
GLOBAL,PWRSDSSLVXX,2036,944
GLOBAL,PWRSDSSLVXX,2037,944
GLOBAL,PWRSDSSLVXX,2038,944
GLOBAL,PWRSDSSLVXX,2039,944
GLOBAL,PWRSDSSLVXX,2040,944
GLOBAL,PWRSDSSLVXX,2041,944
GLOBAL,PWRSDSSLVXX,2042,944
GLOBAL,PWRSDSSLVXX,2043,944
GLOBAL,PWRSDSSLVXX,2044,944
GLOBAL,PWRSDSSLVXX,2045,944
GLOBAL,PWRSDSSLVXX,2046,944
GLOBAL,PWRSDSSLVXX,2047,944
GLOBAL,PWRSDSSLVXX,2048,944
GLOBAL,PWRSDSSLVXX,2049,944
GLOBAL,PWRSDSSLVXX,2050,944
GLOBAL,PWRSDSURYXX,2023,944
GLOBAL,PWRSDSURYXX,2024,944
GLOBAL,PWRSDSURYXX,2025,944
GLOBAL,PWRSDSURYXX,2026,944
GLOBAL,PWRSDSURYXX,2027,944
GLOBAL,PWRSDSURYXX,2028,944
GLOBAL,PWRSDSURYXX,2029,944
GLOBAL,PWRSDSURYXX,2030,944
GLOBAL,PWRSDSURYXX,2031,944
GLOBAL,PWRSDSURYXX,2032,944
GLOBAL,PWRSDSURYXX,2033,944
GLOBAL,PWRSDSURYXX,2034,944
GLOBAL,PWRSDSURYXX,2035,944
GLOBAL,PWRSDSURYXX,2036,944
GLOBAL,PWRSDSURYXX,2037,944
GLOBAL,PWRSDSURYXX,2038,944
GLOBAL,PWRSDSURYXX,2039,944
GLOBAL,PWRSDSURYXX,2040,944
GLOBAL,PWRSDSURYXX,2041,944
GLOBAL,PWRSDSURYXX,2042,944
GLOBAL,PWRSDSURYXX,2043,944
GLOBAL,PWRSDSURYXX,2044,944
GLOBAL,PWRSDSURYXX,2045,944
GLOBAL,PWRSDSURYXX,2046,944
GLOBAL,PWRSDSURYXX,2047,944
GLOBAL,PWRSDSURYXX,2048,944
GLOBAL,PWRSDSURYXX,2049,944
GLOBAL,PWRSDSURYXX,2050,944
GLOBAL,PWRSPVARGXX,2023,510
GLOBAL,PWRSPVARGXX,2024,510
GLOBAL,PWRSPVARGXX,2025,510
GLOBAL,PWRSPVARGXX,2026,510
GLOBAL,PWRSPVARGXX,2027,510
GLOBAL,PWRSPVARGXX,2028,510
GLOBAL,PWRSPVARGXX,2029,510
GLOBAL,PWRSPVARGXX,2030,510
GLOBAL,PWRSPVARGXX,2031,496
GLOBAL,PWRSPVARGXX,2032,482
GLOBAL,PWRSPVARGXX,2033,468
GLOBAL,PWRSPVARGXX,2034,454
GLOBAL,PWRSPVARGXX,2035,440
GLOBAL,PWRSPVARGXX,2036,426
GLOBAL,PWRSPVARGXX,2037,412
GLOBAL,PWRSPVARGXX,2038,398
GLOBAL,PWRSPVARGXX,2039,384
GLOBAL,PWRSPVARGXX,2040,370
GLOBAL,PWRSPVARGXX,2041,370
GLOBAL,PWRSPVARGXX,2042,370
GLOBAL,PWRSPVARGXX,2043,370
GLOBAL,PWRSPVARGXX,2044,370
GLOBAL,PWRSPVARGXX,2045,370
GLOBAL,PWRSPVARGXX,2046,370
GLOBAL,PWRSPVARGXX,2047,370
GLOBAL,PWRSPVARGXX,2048,370
GLOBAL,PWRSPVARGXX,2049,370
GLOBAL,PWRSPVARGXX,2050,370
GLOBAL,PWRSPVBOLXX,2023,510
GLOBAL,PWRSPVBOLXX,2024,510
GLOBAL,PWRSPVBOLXX,2025,510
GLOBAL,PWRSPVBOLXX,2026,510
GLOBAL,PWRSPVBOLXX,2027,510
GLOBAL,PWRSPVBOLXX,2028,510
GLOBAL,PWRSPVBOLXX,2029,510
GLOBAL,PWRSPVBOLXX,2030,510
GLOBAL,PWRSPVBOLXX,2031,496
GLOBAL,PWRSPVBOLXX,2032,482
GLOBAL,PWRSPVBOLXX,2033,468
GLOBAL,PWRSPVBOLXX,2034,454
GLOBAL,PWRSPVBOLXX,2035,440
GLOBAL,PWRSPVBOLXX,2036,426
GLOBAL,PWRSPVBOLXX,2037,412
GLOBAL,PWRSPVBOLXX,2038,398
GLOBAL,PWRSPVBOLXX,2039,384
GLOBAL,PWRSPVBOLXX,2040,370
GLOBAL,PWRSPVBOLXX,2041,370
GLOBAL,PWRSPVBOLXX,2042,370
GLOBAL,PWRSPVBOLXX,2043,370
GLOBAL,PWRSPVBOLXX,2044,370
GLOBAL,PWRSPVBOLXX,2045,370
GLOBAL,PWRSPVBOLXX,2046,370
GLOBAL,PWRSPVBOLXX,2047,370
GLOBAL,PWRSPVBOLXX,2048,370
GLOBAL,PWRSPVBOLXX,2049,370
GLOBAL,PWRSPVBOLXX,2050,370
GLOBAL,PWRSPVBRAXX,2023,510
GLOBAL,PWRSPVBRAXX,2024,510
GLOBAL,PWRSPVBRAXX,2025,510
GLOBAL,PWRSPVBRAXX,2026,510
GLOBAL,PWRSPVBRAXX,2027,510
GLOBAL,PWRSPVBRAXX,2028,510
GLOBAL,PWRSPVBRAXX,2029,510
GLOBAL,PWRSPVBRAXX,2030,510
GLOBAL,PWRSPVBRAXX,2031,496
GLOBAL,PWRSPVBRAXX,2032,482
GLOBAL,PWRSPVBRAXX,2033,468
GLOBAL,PWRSPVBRAXX,2034,454
GLOBAL,PWRSPVBRAXX,2035,440
GLOBAL,PWRSPVBRAXX,2036,426
GLOBAL,PWRSPVBRAXX,2037,412
GLOBAL,PWRSPVBRAXX,2038,398
GLOBAL,PWRSPVBRAXX,2039,384
GLOBAL,PWRSPVBRAXX,2040,370
GLOBAL,PWRSPVBRAXX,2041,370
GLOBAL,PWRSPVBRAXX,2042,370
GLOBAL,PWRSPVBRAXX,2043,370
GLOBAL,PWRSPVBRAXX,2044,370
GLOBAL,PWRSPVBRAXX,2045,370
GLOBAL,PWRSPVBRAXX,2046,370
GLOBAL,PWRSPVBRAXX,2047,370
GLOBAL,PWRSPVBRAXX,2048,370
GLOBAL,PWRSPVBRAXX,2049,370
GLOBAL,PWRSPVBRAXX,2050,370
GLOBAL,PWRSPVBRBXX,2023,710
GLOBAL,PWRSPVBRBXX,2024,710
GLOBAL,PWRSPVBRBXX,2025,710
GLOBAL,PWRSPVBRBXX,2026,710
GLOBAL,PWRSPVBRBXX,2027,710
GLOBAL,PWRSPVBRBXX,2028,710
GLOBAL,PWRSPVBRBXX,2029,710
GLOBAL,PWRSPVBRBXX,2030,710
GLOBAL,PWRSPVBRBXX,2031,690
GLOBAL,PWRSPVBRBXX,2032,670
GLOBAL,PWRSPVBRBXX,2033,650
GLOBAL,PWRSPVBRBXX,2034,630
GLOBAL,PWRSPVBRBXX,2035,610
GLOBAL,PWRSPVBRBXX,2036,590
GLOBAL,PWRSPVBRBXX,2037,570
GLOBAL,PWRSPVBRBXX,2038,550
GLOBAL,PWRSPVBRBXX,2039,530
GLOBAL,PWRSPVBRBXX,2040,510
GLOBAL,PWRSPVBRBXX,2041,510
GLOBAL,PWRSPVBRBXX,2042,510
GLOBAL,PWRSPVBRBXX,2043,510
GLOBAL,PWRSPVBRBXX,2044,510
GLOBAL,PWRSPVBRBXX,2045,510
GLOBAL,PWRSPVBRBXX,2046,510
GLOBAL,PWRSPVBRBXX,2047,510
GLOBAL,PWRSPVBRBXX,2048,510
GLOBAL,PWRSPVBRBXX,2049,510
GLOBAL,PWRSPVBRBXX,2050,510
GLOBAL,PWRSPVCHLXX,2023,510
GLOBAL,PWRSPVCHLXX,2024,510
GLOBAL,PWRSPVCHLXX,2025,510
GLOBAL,PWRSPVCHLXX,2026,510
GLOBAL,PWRSPVCHLXX,2027,510
GLOBAL,PWRSPVCHLXX,2028,510
GLOBAL,PWRSPVCHLXX,2029,510
GLOBAL,PWRSPVCHLXX,2030,510
GLOBAL,PWRSPVCHLXX,2031,496
GLOBAL,PWRSPVCHLXX,2032,482
GLOBAL,PWRSPVCHLXX,2033,468
GLOBAL,PWRSPVCHLXX,2034,454
GLOBAL,PWRSPVCHLXX,2035,440
GLOBAL,PWRSPVCHLXX,2036,426
GLOBAL,PWRSPVCHLXX,2037,412
GLOBAL,PWRSPVCHLXX,2038,398
GLOBAL,PWRSPVCHLXX,2039,384
GLOBAL,PWRSPVCHLXX,2040,370
GLOBAL,PWRSPVCHLXX,2041,370
GLOBAL,PWRSPVCHLXX,2042,370
GLOBAL,PWRSPVCHLXX,2043,370
GLOBAL,PWRSPVCHLXX,2044,370
GLOBAL,PWRSPVCHLXX,2045,370
GLOBAL,PWRSPVCHLXX,2046,370
GLOBAL,PWRSPVCHLXX,2047,370
GLOBAL,PWRSPVCHLXX,2048,370
GLOBAL,PWRSPVCHLXX,2049,370
GLOBAL,PWRSPVCHLXX,2050,370
GLOBAL,PWRSPVCOLXX,2023,510
GLOBAL,PWRSPVCOLXX,2024,510
GLOBAL,PWRSPVCOLXX,2025,510
GLOBAL,PWRSPVCOLXX,2026,510
GLOBAL,PWRSPVCOLXX,2027,510
GLOBAL,PWRSPVCOLXX,2028,510
GLOBAL,PWRSPVCOLXX,2029,510
GLOBAL,PWRSPVCOLXX,2030,510
GLOBAL,PWRSPVCOLXX,2031,496
GLOBAL,PWRSPVCOLXX,2032,482
GLOBAL,PWRSPVCOLXX,2033,468
GLOBAL,PWRSPVCOLXX,2034,454
GLOBAL,PWRSPVCOLXX,2035,440
GLOBAL,PWRSPVCOLXX,2036,426
GLOBAL,PWRSPVCOLXX,2037,412
GLOBAL,PWRSPVCOLXX,2038,398
GLOBAL,PWRSPVCOLXX,2039,384
GLOBAL,PWRSPVCOLXX,2040,370
GLOBAL,PWRSPVCOLXX,2041,370
GLOBAL,PWRSPVCOLXX,2042,370
GLOBAL,PWRSPVCOLXX,2043,370
GLOBAL,PWRSPVCOLXX,2044,370
GLOBAL,PWRSPVCOLXX,2045,370
GLOBAL,PWRSPVCOLXX,2046,370
GLOBAL,PWRSPVCOLXX,2047,370
GLOBAL,PWRSPVCOLXX,2048,370
GLOBAL,PWRSPVCOLXX,2049,370
GLOBAL,PWRSPVCOLXX,2050,370
GLOBAL,PWRSPVCRIXX,2023,710
GLOBAL,PWRSPVCRIXX,2024,710
GLOBAL,PWRSPVCRIXX,2025,710
GLOBAL,PWRSPVCRIXX,2026,710
GLOBAL,PWRSPVCRIXX,2027,710
GLOBAL,PWRSPVCRIXX,2028,710
GLOBAL,PWRSPVCRIXX,2029,710
GLOBAL,PWRSPVCRIXX,2030,710
GLOBAL,PWRSPVCRIXX,2031,690
GLOBAL,PWRSPVCRIXX,2032,670
GLOBAL,PWRSPVCRIXX,2033,650
GLOBAL,PWRSPVCRIXX,2034,630
GLOBAL,PWRSPVCRIXX,2035,610
GLOBAL,PWRSPVCRIXX,2036,590
GLOBAL,PWRSPVCRIXX,2037,570
GLOBAL,PWRSPVCRIXX,2038,550
GLOBAL,PWRSPVCRIXX,2039,530
GLOBAL,PWRSPVCRIXX,2040,510
GLOBAL,PWRSPVCRIXX,2041,510
GLOBAL,PWRSPVCRIXX,2042,510
GLOBAL,PWRSPVCRIXX,2043,510
GLOBAL,PWRSPVCRIXX,2044,510
GLOBAL,PWRSPVCRIXX,2045,510
GLOBAL,PWRSPVCRIXX,2046,510
GLOBAL,PWRSPVCRIXX,2047,510
GLOBAL,PWRSPVCRIXX,2048,510
GLOBAL,PWRSPVCRIXX,2049,510
GLOBAL,PWRSPVCRIXX,2050,510
GLOBAL,PWRSPVDOMXX,2023,710
GLOBAL,PWRSPVDOMXX,2024,710
GLOBAL,PWRSPVDOMXX,2025,710
GLOBAL,PWRSPVDOMXX,2026,710
GLOBAL,PWRSPVDOMXX,2027,710
GLOBAL,PWRSPVDOMXX,2028,710
GLOBAL,PWRSPVDOMXX,2029,710
GLOBAL,PWRSPVDOMXX,2030,710
GLOBAL,PWRSPVDOMXX,2031,690
GLOBAL,PWRSPVDOMXX,2032,670
GLOBAL,PWRSPVDOMXX,2033,650
GLOBAL,PWRSPVDOMXX,2034,630
GLOBAL,PWRSPVDOMXX,2035,610
GLOBAL,PWRSPVDOMXX,2036,590
GLOBAL,PWRSPVDOMXX,2037,570
GLOBAL,PWRSPVDOMXX,2038,550
GLOBAL,PWRSPVDOMXX,2039,530
GLOBAL,PWRSPVDOMXX,2040,510
GLOBAL,PWRSPVDOMXX,2041,510
GLOBAL,PWRSPVDOMXX,2042,510
GLOBAL,PWRSPVDOMXX,2043,510
GLOBAL,PWRSPVDOMXX,2044,510
GLOBAL,PWRSPVDOMXX,2045,510
GLOBAL,PWRSPVDOMXX,2046,510
GLOBAL,PWRSPVDOMXX,2047,510
GLOBAL,PWRSPVDOMXX,2048,510
GLOBAL,PWRSPVDOMXX,2049,510
GLOBAL,PWRSPVDOMXX,2050,510
GLOBAL,PWRSPVECUXX,2023,510
GLOBAL,PWRSPVECUXX,2024,510
GLOBAL,PWRSPVECUXX,2025,510
GLOBAL,PWRSPVECUXX,2026,510
GLOBAL,PWRSPVECUXX,2027,510
GLOBAL,PWRSPVECUXX,2028,510
GLOBAL,PWRSPVECUXX,2029,510
GLOBAL,PWRSPVECUXX,2030,510
GLOBAL,PWRSPVECUXX,2031,496
GLOBAL,PWRSPVECUXX,2032,482
GLOBAL,PWRSPVECUXX,2033,468
GLOBAL,PWRSPVECUXX,2034,454
GLOBAL,PWRSPVECUXX,2035,440
GLOBAL,PWRSPVECUXX,2036,426
GLOBAL,PWRSPVECUXX,2037,412
GLOBAL,PWRSPVECUXX,2038,398
GLOBAL,PWRSPVECUXX,2039,384
GLOBAL,PWRSPVECUXX,2040,370
GLOBAL,PWRSPVECUXX,2041,370
GLOBAL,PWRSPVECUXX,2042,370
GLOBAL,PWRSPVECUXX,2043,370
GLOBAL,PWRSPVECUXX,2044,370
GLOBAL,PWRSPVECUXX,2045,370
GLOBAL,PWRSPVECUXX,2046,370
GLOBAL,PWRSPVECUXX,2047,370
GLOBAL,PWRSPVECUXX,2048,370
GLOBAL,PWRSPVECUXX,2049,370
GLOBAL,PWRSPVECUXX,2050,370
GLOBAL,PWRSPVGTMXX,2023,710
GLOBAL,PWRSPVGTMXX,2024,710
GLOBAL,PWRSPVGTMXX,2025,710
GLOBAL,PWRSPVGTMXX,2026,710
GLOBAL,PWRSPVGTMXX,2027,710
GLOBAL,PWRSPVGTMXX,2028,710
GLOBAL,PWRSPVGTMXX,2029,710
GLOBAL,PWRSPVGTMXX,2030,710
GLOBAL,PWRSPVGTMXX,2031,690
GLOBAL,PWRSPVGTMXX,2032,670
GLOBAL,PWRSPVGTMXX,2033,650
GLOBAL,PWRSPVGTMXX,2034,630
GLOBAL,PWRSPVGTMXX,2035,610
GLOBAL,PWRSPVGTMXX,2036,590
GLOBAL,PWRSPVGTMXX,2037,570
GLOBAL,PWRSPVGTMXX,2038,550
GLOBAL,PWRSPVGTMXX,2039,530
GLOBAL,PWRSPVGTMXX,2040,510
GLOBAL,PWRSPVGTMXX,2041,510
GLOBAL,PWRSPVGTMXX,2042,510
GLOBAL,PWRSPVGTMXX,2043,510
GLOBAL,PWRSPVGTMXX,2044,510
GLOBAL,PWRSPVGTMXX,2045,510
GLOBAL,PWRSPVGTMXX,2046,510
GLOBAL,PWRSPVGTMXX,2047,510
GLOBAL,PWRSPVGTMXX,2048,510
GLOBAL,PWRSPVGTMXX,2049,510
GLOBAL,PWRSPVGTMXX,2050,510
GLOBAL,PWRSPVHNDXX,2023,710
GLOBAL,PWRSPVHNDXX,2024,710
GLOBAL,PWRSPVHNDXX,2025,710
GLOBAL,PWRSPVHNDXX,2026,710
GLOBAL,PWRSPVHNDXX,2027,710
GLOBAL,PWRSPVHNDXX,2028,710
GLOBAL,PWRSPVHNDXX,2029,710
GLOBAL,PWRSPVHNDXX,2030,710
GLOBAL,PWRSPVHNDXX,2031,690
GLOBAL,PWRSPVHNDXX,2032,670
GLOBAL,PWRSPVHNDXX,2033,650
GLOBAL,PWRSPVHNDXX,2034,630
GLOBAL,PWRSPVHNDXX,2035,610
GLOBAL,PWRSPVHNDXX,2036,590
GLOBAL,PWRSPVHNDXX,2037,570
GLOBAL,PWRSPVHNDXX,2038,550
GLOBAL,PWRSPVHNDXX,2039,530
GLOBAL,PWRSPVHNDXX,2040,510
GLOBAL,PWRSPVHNDXX,2041,510
GLOBAL,PWRSPVHNDXX,2042,510
GLOBAL,PWRSPVHNDXX,2043,510
GLOBAL,PWRSPVHNDXX,2044,510
GLOBAL,PWRSPVHNDXX,2045,510
GLOBAL,PWRSPVHNDXX,2046,510
GLOBAL,PWRSPVHNDXX,2047,510
GLOBAL,PWRSPVHNDXX,2048,510
GLOBAL,PWRSPVHNDXX,2049,510
GLOBAL,PWRSPVHNDXX,2050,510
GLOBAL,PWRSPVHTIXX,2023,710
GLOBAL,PWRSPVHTIXX,2024,710
GLOBAL,PWRSPVHTIXX,2025,710
GLOBAL,PWRSPVHTIXX,2026,710
GLOBAL,PWRSPVHTIXX,2027,710
GLOBAL,PWRSPVHTIXX,2028,710
GLOBAL,PWRSPVHTIXX,2029,710
GLOBAL,PWRSPVHTIXX,2030,710
GLOBAL,PWRSPVHTIXX,2031,690
GLOBAL,PWRSPVHTIXX,2032,670
GLOBAL,PWRSPVHTIXX,2033,650
GLOBAL,PWRSPVHTIXX,2034,630
GLOBAL,PWRSPVHTIXX,2035,610
GLOBAL,PWRSPVHTIXX,2036,590
GLOBAL,PWRSPVHTIXX,2037,570
GLOBAL,PWRSPVHTIXX,2038,550
GLOBAL,PWRSPVHTIXX,2039,530
GLOBAL,PWRSPVHTIXX,2040,510
GLOBAL,PWRSPVHTIXX,2041,510
GLOBAL,PWRSPVHTIXX,2042,510
GLOBAL,PWRSPVHTIXX,2043,510
GLOBAL,PWRSPVHTIXX,2044,510
GLOBAL,PWRSPVHTIXX,2045,510
GLOBAL,PWRSPVHTIXX,2046,510
GLOBAL,PWRSPVHTIXX,2047,510
GLOBAL,PWRSPVHTIXX,2048,510
GLOBAL,PWRSPVHTIXX,2049,510
GLOBAL,PWRSPVHTIXX,2050,510
GLOBAL,PWRSPVMEXXX,2023,710
GLOBAL,PWRSPVMEXXX,2024,710
GLOBAL,PWRSPVMEXXX,2025,710
GLOBAL,PWRSPVMEXXX,2026,710
GLOBAL,PWRSPVMEXXX,2027,710
GLOBAL,PWRSPVMEXXX,2028,710
GLOBAL,PWRSPVMEXXX,2029,710
GLOBAL,PWRSPVMEXXX,2030,710
GLOBAL,PWRSPVMEXXX,2031,690
GLOBAL,PWRSPVMEXXX,2032,670
GLOBAL,PWRSPVMEXXX,2033,650
GLOBAL,PWRSPVMEXXX,2034,630
GLOBAL,PWRSPVMEXXX,2035,610
GLOBAL,PWRSPVMEXXX,2036,590
GLOBAL,PWRSPVMEXXX,2037,570
GLOBAL,PWRSPVMEXXX,2038,550
GLOBAL,PWRSPVMEXXX,2039,530
GLOBAL,PWRSPVMEXXX,2040,510
GLOBAL,PWRSPVMEXXX,2041,510
GLOBAL,PWRSPVMEXXX,2042,510
GLOBAL,PWRSPVMEXXX,2043,510
GLOBAL,PWRSPVMEXXX,2044,510
GLOBAL,PWRSPVMEXXX,2045,510
GLOBAL,PWRSPVMEXXX,2046,510
GLOBAL,PWRSPVMEXXX,2047,510
GLOBAL,PWRSPVMEXXX,2048,510
GLOBAL,PWRSPVMEXXX,2049,510
GLOBAL,PWRSPVMEXXX,2050,510
GLOBAL,PWRSPVNICXX,2023,510
GLOBAL,PWRSPVNICXX,2024,510
GLOBAL,PWRSPVNICXX,2025,510
GLOBAL,PWRSPVNICXX,2026,510
GLOBAL,PWRSPVNICXX,2027,510
GLOBAL,PWRSPVNICXX,2028,510
GLOBAL,PWRSPVNICXX,2029,510
GLOBAL,PWRSPVNICXX,2030,510
GLOBAL,PWRSPVNICXX,2031,496
GLOBAL,PWRSPVNICXX,2032,482
GLOBAL,PWRSPVNICXX,2033,468
GLOBAL,PWRSPVNICXX,2034,454
GLOBAL,PWRSPVNICXX,2035,440
GLOBAL,PWRSPVNICXX,2036,426
GLOBAL,PWRSPVNICXX,2037,412
GLOBAL,PWRSPVNICXX,2038,398
GLOBAL,PWRSPVNICXX,2039,384
GLOBAL,PWRSPVNICXX,2040,370
GLOBAL,PWRSPVNICXX,2041,370
GLOBAL,PWRSPVNICXX,2042,370
GLOBAL,PWRSPVNICXX,2043,370
GLOBAL,PWRSPVNICXX,2044,370
GLOBAL,PWRSPVNICXX,2045,370
GLOBAL,PWRSPVNICXX,2046,370
GLOBAL,PWRSPVNICXX,2047,370
GLOBAL,PWRSPVNICXX,2048,370
GLOBAL,PWRSPVNICXX,2049,370
GLOBAL,PWRSPVNICXX,2050,370
GLOBAL,PWRSPVPANXX,2023,710
GLOBAL,PWRSPVPANXX,2024,710
GLOBAL,PWRSPVPANXX,2025,710
GLOBAL,PWRSPVPANXX,2026,710
GLOBAL,PWRSPVPANXX,2027,710
GLOBAL,PWRSPVPANXX,2028,710
GLOBAL,PWRSPVPANXX,2029,710
GLOBAL,PWRSPVPANXX,2030,710
GLOBAL,PWRSPVPANXX,2031,690
GLOBAL,PWRSPVPANXX,2032,670
GLOBAL,PWRSPVPANXX,2033,650
GLOBAL,PWRSPVPANXX,2034,630
GLOBAL,PWRSPVPANXX,2035,610
GLOBAL,PWRSPVPANXX,2036,590
GLOBAL,PWRSPVPANXX,2037,570
GLOBAL,PWRSPVPANXX,2038,550
GLOBAL,PWRSPVPANXX,2039,530
GLOBAL,PWRSPVPANXX,2040,510
GLOBAL,PWRSPVPANXX,2041,510
GLOBAL,PWRSPVPANXX,2042,510
GLOBAL,PWRSPVPANXX,2043,510
GLOBAL,PWRSPVPANXX,2044,510
GLOBAL,PWRSPVPANXX,2045,510
GLOBAL,PWRSPVPANXX,2046,510
GLOBAL,PWRSPVPANXX,2047,510
GLOBAL,PWRSPVPANXX,2048,510
GLOBAL,PWRSPVPANXX,2049,510
GLOBAL,PWRSPVPANXX,2050,510
GLOBAL,PWRSPVPERXX,2023,510
GLOBAL,PWRSPVPERXX,2024,510
GLOBAL,PWRSPVPERXX,2025,510
GLOBAL,PWRSPVPERXX,2026,510
GLOBAL,PWRSPVPERXX,2027,510
GLOBAL,PWRSPVPERXX,2028,510
GLOBAL,PWRSPVPERXX,2029,510
GLOBAL,PWRSPVPERXX,2030,510
GLOBAL,PWRSPVPERXX,2031,496
GLOBAL,PWRSPVPERXX,2032,482
GLOBAL,PWRSPVPERXX,2033,468
GLOBAL,PWRSPVPERXX,2034,454
GLOBAL,PWRSPVPERXX,2035,440
GLOBAL,PWRSPVPERXX,2036,426
GLOBAL,PWRSPVPERXX,2037,412
GLOBAL,PWRSPVPERXX,2038,398
GLOBAL,PWRSPVPERXX,2039,384
GLOBAL,PWRSPVPERXX,2040,370
GLOBAL,PWRSPVPERXX,2041,370
GLOBAL,PWRSPVPERXX,2042,370
GLOBAL,PWRSPVPERXX,2043,370
GLOBAL,PWRSPVPERXX,2044,370
GLOBAL,PWRSPVPERXX,2045,370
GLOBAL,PWRSPVPERXX,2046,370
GLOBAL,PWRSPVPERXX,2047,370
GLOBAL,PWRSPVPERXX,2048,370
GLOBAL,PWRSPVPERXX,2049,370
GLOBAL,PWRSPVPERXX,2050,370
GLOBAL,PWRSPVPRYXX,2023,510
GLOBAL,PWRSPVPRYXX,2024,510
GLOBAL,PWRSPVPRYXX,2025,510
GLOBAL,PWRSPVPRYXX,2026,510
GLOBAL,PWRSPVPRYXX,2027,510
GLOBAL,PWRSPVPRYXX,2028,510
GLOBAL,PWRSPVPRYXX,2029,510
GLOBAL,PWRSPVPRYXX,2030,510
GLOBAL,PWRSPVPRYXX,2031,496
GLOBAL,PWRSPVPRYXX,2032,482
GLOBAL,PWRSPVPRYXX,2033,468
GLOBAL,PWRSPVPRYXX,2034,454
GLOBAL,PWRSPVPRYXX,2035,440
GLOBAL,PWRSPVPRYXX,2036,426
GLOBAL,PWRSPVPRYXX,2037,412
GLOBAL,PWRSPVPRYXX,2038,398
GLOBAL,PWRSPVPRYXX,2039,384
GLOBAL,PWRSPVPRYXX,2040,370
GLOBAL,PWRSPVPRYXX,2041,370
GLOBAL,PWRSPVPRYXX,2042,370
GLOBAL,PWRSPVPRYXX,2043,370
GLOBAL,PWRSPVPRYXX,2044,370
GLOBAL,PWRSPVPRYXX,2045,370
GLOBAL,PWRSPVPRYXX,2046,370
GLOBAL,PWRSPVPRYXX,2047,370
GLOBAL,PWRSPVPRYXX,2048,370
GLOBAL,PWRSPVPRYXX,2049,370
GLOBAL,PWRSPVPRYXX,2050,370
GLOBAL,PWRSPVSLVXX,2023,710
GLOBAL,PWRSPVSLVXX,2024,710
GLOBAL,PWRSPVSLVXX,2025,710
GLOBAL,PWRSPVSLVXX,2026,710
GLOBAL,PWRSPVSLVXX,2027,710
GLOBAL,PWRSPVSLVXX,2028,710
GLOBAL,PWRSPVSLVXX,2029,710
GLOBAL,PWRSPVSLVXX,2030,710
GLOBAL,PWRSPVSLVXX,2031,690
GLOBAL,PWRSPVSLVXX,2032,670
GLOBAL,PWRSPVSLVXX,2033,650
GLOBAL,PWRSPVSLVXX,2034,630
GLOBAL,PWRSPVSLVXX,2035,610
GLOBAL,PWRSPVSLVXX,2036,590
GLOBAL,PWRSPVSLVXX,2037,570
GLOBAL,PWRSPVSLVXX,2038,550
GLOBAL,PWRSPVSLVXX,2039,530
GLOBAL,PWRSPVSLVXX,2040,510
GLOBAL,PWRSPVSLVXX,2041,510
GLOBAL,PWRSPVSLVXX,2042,510
GLOBAL,PWRSPVSLVXX,2043,510
GLOBAL,PWRSPVSLVXX,2044,510
GLOBAL,PWRSPVSLVXX,2045,510
GLOBAL,PWRSPVSLVXX,2046,510
GLOBAL,PWRSPVSLVXX,2047,510
GLOBAL,PWRSPVSLVXX,2048,510
GLOBAL,PWRSPVSLVXX,2049,510
GLOBAL,PWRSPVSLVXX,2050,510
GLOBAL,PWRSPVURYXX,2023,510
GLOBAL,PWRSPVURYXX,2024,510
GLOBAL,PWRSPVURYXX,2025,510
GLOBAL,PWRSPVURYXX,2026,510
GLOBAL,PWRSPVURYXX,2027,510
GLOBAL,PWRSPVURYXX,2028,510
GLOBAL,PWRSPVURYXX,2029,510
GLOBAL,PWRSPVURYXX,2030,510
GLOBAL,PWRSPVURYXX,2031,496
GLOBAL,PWRSPVURYXX,2032,482
GLOBAL,PWRSPVURYXX,2033,468
GLOBAL,PWRSPVURYXX,2034,454
GLOBAL,PWRSPVURYXX,2035,440
GLOBAL,PWRSPVURYXX,2036,426
GLOBAL,PWRSPVURYXX,2037,412
GLOBAL,PWRSPVURYXX,2038,398
GLOBAL,PWRSPVURYXX,2039,384
GLOBAL,PWRSPVURYXX,2040,370
GLOBAL,PWRSPVURYXX,2041,370
GLOBAL,PWRSPVURYXX,2042,370
GLOBAL,PWRSPVURYXX,2043,370
GLOBAL,PWRSPVURYXX,2044,370
GLOBAL,PWRSPVURYXX,2045,370
GLOBAL,PWRSPVURYXX,2046,370
GLOBAL,PWRSPVURYXX,2047,370
GLOBAL,PWRSPVURYXX,2048,370
GLOBAL,PWRSPVURYXX,2049,370
GLOBAL,PWRSPVURYXX,2050,370
GLOBAL,PWRTRNARGXX,2023,935.585
GLOBAL,PWRTRNARGXX,2024,935.585
GLOBAL,PWRTRNARGXX,2025,935.585
GLOBAL,PWRTRNARGXX,2026,938.392
GLOBAL,PWRTRNARGXX,2027,941.207
GLOBAL,PWRTRNARGXX,2028,944.031
GLOBAL,PWRTRNARGXX,2029,946.863
GLOBAL,PWRTRNARGXX,2030,949.703
GLOBAL,PWRTRNARGXX,2031,952.552
GLOBAL,PWRTRNARGXX,2032,955.41
GLOBAL,PWRTRNARGXX,2033,958.276
GLOBAL,PWRTRNARGXX,2034,961.151
GLOBAL,PWRTRNARGXX,2035,964.035
GLOBAL,PWRTRNARGXX,2036,966.927
GLOBAL,PWRTRNARGXX,2037,969.827
GLOBAL,PWRTRNARGXX,2038,972.737
GLOBAL,PWRTRNARGXX,2039,975.655
GLOBAL,PWRTRNARGXX,2040,978.582
GLOBAL,PWRTRNARGXX,2041,981.518
GLOBAL,PWRTRNARGXX,2042,984.462
GLOBAL,PWRTRNARGXX,2043,987.416
GLOBAL,PWRTRNARGXX,2044,990.378
GLOBAL,PWRTRNARGXX,2045,993.349
GLOBAL,PWRTRNARGXX,2046,996.329
GLOBAL,PWRTRNARGXX,2047,999.318
GLOBAL,PWRTRNARGXX,2048,1002.32
GLOBAL,PWRTRNARGXX,2049,1005.32
GLOBAL,PWRTRNARGXX,2050,1008.34
GLOBAL,PWRTRNBOLXX,2023,131.506
GLOBAL,PWRTRNBOLXX,2024,131.506
GLOBAL,PWRTRNBOLXX,2025,131.506
GLOBAL,PWRTRNBOLXX,2026,131.9
GLOBAL,PWRTRNBOLXX,2027,132.296
GLOBAL,PWRTRNBOLXX,2028,132.693
GLOBAL,PWRTRNBOLXX,2029,133.091
GLOBAL,PWRTRNBOLXX,2030,133.49
GLOBAL,PWRTRNBOLXX,2031,133.891
GLOBAL,PWRTRNBOLXX,2032,134.293
GLOBAL,PWRTRNBOLXX,2033,134.695
GLOBAL,PWRTRNBOLXX,2034,135.1
GLOBAL,PWRTRNBOLXX,2035,135.505
GLOBAL,PWRTRNBOLXX,2036,135.911
GLOBAL,PWRTRNBOLXX,2037,136.319
GLOBAL,PWRTRNBOLXX,2038,136.728
GLOBAL,PWRTRNBOLXX,2039,137.138
GLOBAL,PWRTRNBOLXX,2040,137.55
GLOBAL,PWRTRNBOLXX,2041,137.962
GLOBAL,PWRTRNBOLXX,2042,138.376
GLOBAL,PWRTRNBOLXX,2043,138.791
GLOBAL,PWRTRNBOLXX,2044,139.208
GLOBAL,PWRTRNBOLXX,2045,139.625
GLOBAL,PWRTRNBOLXX,2046,140.044
GLOBAL,PWRTRNBOLXX,2047,140.464
GLOBAL,PWRTRNBOLXX,2048,140.886
GLOBAL,PWRTRNBOLXX,2049,141.308
GLOBAL,PWRTRNBOLXX,2050,141.732
GLOBAL,PWRTRNBRAXX,2023,442.131
GLOBAL,PWRTRNBRAXX,2024,442.131
GLOBAL,PWRTRNBRAXX,2025,442.131
GLOBAL,PWRTRNBRAXX,2026,443.457
GLOBAL,PWRTRNBRAXX,2027,444.787
GLOBAL,PWRTRNBRAXX,2028,446.122
GLOBAL,PWRTRNBRAXX,2029,447.46
GLOBAL,PWRTRNBRAXX,2030,448.802
GLOBAL,PWRTRNBRAXX,2031,450.149
GLOBAL,PWRTRNBRAXX,2032,451.499
GLOBAL,PWRTRNBRAXX,2033,452.854
GLOBAL,PWRTRNBRAXX,2034,454.212
GLOBAL,PWRTRNBRAXX,2035,455.575
GLOBAL,PWRTRNBRAXX,2036,456.942
GLOBAL,PWRTRNBRAXX,2037,458.313
GLOBAL,PWRTRNBRAXX,2038,459.687
GLOBAL,PWRTRNBRAXX,2039,461.067
GLOBAL,PWRTRNBRAXX,2040,462.45
GLOBAL,PWRTRNBRAXX,2041,463.837
GLOBAL,PWRTRNBRAXX,2042,465.229
GLOBAL,PWRTRNBRAXX,2043,466.624
GLOBAL,PWRTRNBRAXX,2044,468.024
GLOBAL,PWRTRNBRAXX,2045,469.428
GLOBAL,PWRTRNBRAXX,2046,470.837
GLOBAL,PWRTRNBRAXX,2047,472.249
GLOBAL,PWRTRNBRAXX,2048,473.666
GLOBAL,PWRTRNBRAXX,2049,475.087
GLOBAL,PWRTRNBRAXX,2050,476.512
GLOBAL,PWRTRNBRBXX,2023,44.0211
GLOBAL,PWRTRNBRBXX,2024,44.0211
GLOBAL,PWRTRNBRBXX,2025,44.0211
GLOBAL,PWRTRNBRBXX,2026,44.1532
GLOBAL,PWRTRNBRBXX,2027,44.2857
GLOBAL,PWRTRNBRBXX,2028,44.4185
GLOBAL,PWRTRNBRBXX,2029,44.5518
GLOBAL,PWRTRNBRBXX,2030,44.6854
GLOBAL,PWRTRNBRBXX,2031,44.8195
GLOBAL,PWRTRNBRBXX,2032,44.9539
GLOBAL,PWRTRNBRBXX,2033,45.0888
GLOBAL,PWRTRNBRBXX,2034,45.2241
GLOBAL,PWRTRNBRBXX,2035,45.3597
GLOBAL,PWRTRNBRBXX,2036,45.4958
GLOBAL,PWRTRNBRBXX,2037,45.6323
GLOBAL,PWRTRNBRBXX,2038,45.7692
GLOBAL,PWRTRNBRBXX,2039,45.9065
GLOBAL,PWRTRNBRBXX,2040,46.0442
GLOBAL,PWRTRNBRBXX,2041,46.1824
GLOBAL,PWRTRNBRBXX,2042,46.3209
GLOBAL,PWRTRNBRBXX,2043,46.4599
GLOBAL,PWRTRNBRBXX,2044,46.5993
GLOBAL,PWRTRNBRBXX,2045,46.739
GLOBAL,PWRTRNBRBXX,2046,46.8793
GLOBAL,PWRTRNBRBXX,2047,47.0199
GLOBAL,PWRTRNBRBXX,2048,47.161
GLOBAL,PWRTRNBRBXX,2049,47.3024
GLOBAL,PWRTRNBRBXX,2050,47.4444
GLOBAL,PWRTRNCHLXX,2023,635.95
GLOBAL,PWRTRNCHLXX,2024,635.95
GLOBAL,PWRTRNCHLXX,2025,635.95
GLOBAL,PWRTRNCHLXX,2026,637.858
GLOBAL,PWRTRNCHLXX,2027,639.772
GLOBAL,PWRTRNCHLXX,2028,641.691
GLOBAL,PWRTRNCHLXX,2029,643.616
GLOBAL,PWRTRNCHLXX,2030,645.547
GLOBAL,PWRTRNCHLXX,2031,647.484
GLOBAL,PWRTRNCHLXX,2032,649.426
GLOBAL,PWRTRNCHLXX,2033,651.374
GLOBAL,PWRTRNCHLXX,2034,653.329
GLOBAL,PWRTRNCHLXX,2035,655.289
GLOBAL,PWRTRNCHLXX,2036,657.254
GLOBAL,PWRTRNCHLXX,2037,659.226
GLOBAL,PWRTRNCHLXX,2038,661.204
GLOBAL,PWRTRNCHLXX,2039,663.187
GLOBAL,PWRTRNCHLXX,2040,665.177
GLOBAL,PWRTRNCHLXX,2041,667.173
GLOBAL,PWRTRNCHLXX,2042,669.174
GLOBAL,PWRTRNCHLXX,2043,671.182
GLOBAL,PWRTRNCHLXX,2044,673.195
GLOBAL,PWRTRNCHLXX,2045,675.215
GLOBAL,PWRTRNCHLXX,2046,677.24
GLOBAL,PWRTRNCHLXX,2047,679.272
GLOBAL,PWRTRNCHLXX,2048,681.31
GLOBAL,PWRTRNCHLXX,2049,683.354
GLOBAL,PWRTRNCHLXX,2050,685.404
GLOBAL,PWRTRNCOLXX,2023,167.775
GLOBAL,PWRTRNCOLXX,2024,167.775
GLOBAL,PWRTRNCOLXX,2025,167.775
GLOBAL,PWRTRNCOLXX,2026,168.279
GLOBAL,PWRTRNCOLXX,2027,168.784
GLOBAL,PWRTRNCOLXX,2028,169.29
GLOBAL,PWRTRNCOLXX,2029,169.798
GLOBAL,PWRTRNCOLXX,2030,170.307
GLOBAL,PWRTRNCOLXX,2031,170.818
GLOBAL,PWRTRNCOLXX,2032,171.331
GLOBAL,PWRTRNCOLXX,2033,171.845
GLOBAL,PWRTRNCOLXX,2034,172.36
GLOBAL,PWRTRNCOLXX,2035,172.877
GLOBAL,PWRTRNCOLXX,2036,173.396
GLOBAL,PWRTRNCOLXX,2037,173.916
GLOBAL,PWRTRNCOLXX,2038,174.438
GLOBAL,PWRTRNCOLXX,2039,174.961
GLOBAL,PWRTRNCOLXX,2040,175.486
GLOBAL,PWRTRNCOLXX,2041,176.012
GLOBAL,PWRTRNCOLXX,2042,176.54
GLOBAL,PWRTRNCOLXX,2043,177.07
GLOBAL,PWRTRNCOLXX,2044,177.601
GLOBAL,PWRTRNCOLXX,2045,178.134
GLOBAL,PWRTRNCOLXX,2046,178.668
GLOBAL,PWRTRNCOLXX,2047,179.204
GLOBAL,PWRTRNCOLXX,2048,179.742
GLOBAL,PWRTRNCOLXX,2049,180.281
GLOBAL,PWRTRNCOLXX,2050,180.822
GLOBAL,PWRTRNCRIXX,2023,497.914
GLOBAL,PWRTRNCRIXX,2024,497.914
GLOBAL,PWRTRNCRIXX,2025,497.914
GLOBAL,PWRTRNCRIXX,2026,499.408
GLOBAL,PWRTRNCRIXX,2027,500.906
GLOBAL,PWRTRNCRIXX,2028,502.409
GLOBAL,PWRTRNCRIXX,2029,503.916
GLOBAL,PWRTRNCRIXX,2030,505.428
GLOBAL,PWRTRNCRIXX,2031,506.944
GLOBAL,PWRTRNCRIXX,2032,508.465
GLOBAL,PWRTRNCRIXX,2033,509.99
GLOBAL,PWRTRNCRIXX,2034,511.52
GLOBAL,PWRTRNCRIXX,2035,513.055
GLOBAL,PWRTRNCRIXX,2036,514.594
GLOBAL,PWRTRNCRIXX,2037,516.138
GLOBAL,PWRTRNCRIXX,2038,517.686
GLOBAL,PWRTRNCRIXX,2039,519.239
GLOBAL,PWRTRNCRIXX,2040,520.797
GLOBAL,PWRTRNCRIXX,2041,522.359
GLOBAL,PWRTRNCRIXX,2042,523.926
GLOBAL,PWRTRNCRIXX,2043,525.498
GLOBAL,PWRTRNCRIXX,2044,527.075
GLOBAL,PWRTRNCRIXX,2045,528.656
GLOBAL,PWRTRNCRIXX,2046,530.242
GLOBAL,PWRTRNCRIXX,2047,531.833
GLOBAL,PWRTRNCRIXX,2048,533.428
GLOBAL,PWRTRNCRIXX,2049,535.028
GLOBAL,PWRTRNCRIXX,2050,536.634
GLOBAL,PWRTRNDOMXX,2023,44.0211
GLOBAL,PWRTRNDOMXX,2024,44.0211
GLOBAL,PWRTRNDOMXX,2025,44.0211
GLOBAL,PWRTRNDOMXX,2026,44.1532
GLOBAL,PWRTRNDOMXX,2027,44.2857
GLOBAL,PWRTRNDOMXX,2028,44.4185
GLOBAL,PWRTRNDOMXX,2029,44.5518
GLOBAL,PWRTRNDOMXX,2030,44.6854
GLOBAL,PWRTRNDOMXX,2031,44.8195
GLOBAL,PWRTRNDOMXX,2032,44.9539
GLOBAL,PWRTRNDOMXX,2033,45.0888
GLOBAL,PWRTRNDOMXX,2034,45.2241
GLOBAL,PWRTRNDOMXX,2035,45.3597
GLOBAL,PWRTRNDOMXX,2036,45.4958
GLOBAL,PWRTRNDOMXX,2037,45.6323
GLOBAL,PWRTRNDOMXX,2038,45.7692
GLOBAL,PWRTRNDOMXX,2039,45.9065
GLOBAL,PWRTRNDOMXX,2040,46.0442
GLOBAL,PWRTRNDOMXX,2041,46.1824
GLOBAL,PWRTRNDOMXX,2042,46.3209
GLOBAL,PWRTRNDOMXX,2043,46.4599
GLOBAL,PWRTRNDOMXX,2044,46.5993
GLOBAL,PWRTRNDOMXX,2045,46.739
GLOBAL,PWRTRNDOMXX,2046,46.8793
GLOBAL,PWRTRNDOMXX,2047,47.0199
GLOBAL,PWRTRNDOMXX,2048,47.161
GLOBAL,PWRTRNDOMXX,2049,47.3024
GLOBAL,PWRTRNDOMXX,2050,47.4444
GLOBAL,PWRTRNECUXX,2023,201.527
GLOBAL,PWRTRNECUXX,2024,201.527
GLOBAL,PWRTRNECUXX,2025,201.527
GLOBAL,PWRTRNECUXX,2026,202.132
GLOBAL,PWRTRNECUXX,2027,202.738
GLOBAL,PWRTRNECUXX,2028,203.346
GLOBAL,PWRTRNECUXX,2029,203.957
GLOBAL,PWRTRNECUXX,2030,204.568
GLOBAL,PWRTRNECUXX,2031,205.182
GLOBAL,PWRTRNECUXX,2032,205.798
GLOBAL,PWRTRNECUXX,2033,206.415
GLOBAL,PWRTRNECUXX,2034,207.034
GLOBAL,PWRTRNECUXX,2035,207.655
GLOBAL,PWRTRNECUXX,2036,208.278
GLOBAL,PWRTRNECUXX,2037,208.903
GLOBAL,PWRTRNECUXX,2038,209.53
GLOBAL,PWRTRNECUXX,2039,210.158
GLOBAL,PWRTRNECUXX,2040,210.789
GLOBAL,PWRTRNECUXX,2041,211.421
GLOBAL,PWRTRNECUXX,2042,212.056
GLOBAL,PWRTRNECUXX,2043,212.692
GLOBAL,PWRTRNECUXX,2044,213.33
GLOBAL,PWRTRNECUXX,2045,213.97
GLOBAL,PWRTRNECUXX,2046,214.612
GLOBAL,PWRTRNECUXX,2047,215.256
GLOBAL,PWRTRNECUXX,2048,215.901
GLOBAL,PWRTRNECUXX,2049,216.549
GLOBAL,PWRTRNECUXX,2050,217.199
GLOBAL,PWRTRNGTMXX,2023,212.716
GLOBAL,PWRTRNGTMXX,2024,212.716
GLOBAL,PWRTRNGTMXX,2025,212.716
GLOBAL,PWRTRNGTMXX,2026,213.354
GLOBAL,PWRTRNGTMXX,2027,213.994
GLOBAL,PWRTRNGTMXX,2028,214.636
GLOBAL,PWRTRNGTMXX,2029,215.28
GLOBAL,PWRTRNGTMXX,2030,215.926
GLOBAL,PWRTRNGTMXX,2031,216.574
GLOBAL,PWRTRNGTMXX,2032,217.223
GLOBAL,PWRTRNGTMXX,2033,217.875
GLOBAL,PWRTRNGTMXX,2034,218.529
GLOBAL,PWRTRNGTMXX,2035,219.184
GLOBAL,PWRTRNGTMXX,2036,219.842
GLOBAL,PWRTRNGTMXX,2037,220.501
GLOBAL,PWRTRNGTMXX,2038,221.163
GLOBAL,PWRTRNGTMXX,2039,221.826
GLOBAL,PWRTRNGTMXX,2040,222.492
GLOBAL,PWRTRNGTMXX,2041,223.159
GLOBAL,PWRTRNGTMXX,2042,223.829
GLOBAL,PWRTRNGTMXX,2043,224.5
GLOBAL,PWRTRNGTMXX,2044,225.174
GLOBAL,PWRTRNGTMXX,2045,225.849
GLOBAL,PWRTRNGTMXX,2046,226.527
GLOBAL,PWRTRNGTMXX,2047,227.206
GLOBAL,PWRTRNGTMXX,2048,227.888
GLOBAL,PWRTRNGTMXX,2049,228.572
GLOBAL,PWRTRNGTMXX,2050,229.257
GLOBAL,PWRTRNHNDXX,2023,266.503
GLOBAL,PWRTRNHNDXX,2024,266.503
GLOBAL,PWRTRNHNDXX,2025,266.503
GLOBAL,PWRTRNHNDXX,2026,267.303
GLOBAL,PWRTRNHNDXX,2027,268.105
GLOBAL,PWRTRNHNDXX,2028,268.909
GLOBAL,PWRTRNHNDXX,2029,269.716
GLOBAL,PWRTRNHNDXX,2030,270.525
GLOBAL,PWRTRNHNDXX,2031,271.336
GLOBAL,PWRTRNHNDXX,2032,272.15
GLOBAL,PWRTRNHNDXX,2033,272.967
GLOBAL,PWRTRNHNDXX,2034,273.786
GLOBAL,PWRTRNHNDXX,2035,274.607
GLOBAL,PWRTRNHNDXX,2036,275.431
GLOBAL,PWRTRNHNDXX,2037,276.257
GLOBAL,PWRTRNHNDXX,2038,277.086
GLOBAL,PWRTRNHNDXX,2039,277.917
GLOBAL,PWRTRNHNDXX,2040,278.751
GLOBAL,PWRTRNHNDXX,2041,279.587
GLOBAL,PWRTRNHNDXX,2042,280.426
GLOBAL,PWRTRNHNDXX,2043,281.267
GLOBAL,PWRTRNHNDXX,2044,282.111
GLOBAL,PWRTRNHNDXX,2045,282.957
GLOBAL,PWRTRNHNDXX,2046,283.806
GLOBAL,PWRTRNHNDXX,2047,284.658
GLOBAL,PWRTRNHNDXX,2048,285.512
GLOBAL,PWRTRNHNDXX,2049,286.368
GLOBAL,PWRTRNHNDXX,2050,287.227
GLOBAL,PWRTRNHTIXX,2023,44.0211
GLOBAL,PWRTRNHTIXX,2024,44.0211
GLOBAL,PWRTRNHTIXX,2025,44.0211
GLOBAL,PWRTRNHTIXX,2026,44.1532
GLOBAL,PWRTRNHTIXX,2027,44.2857
GLOBAL,PWRTRNHTIXX,2028,44.4185
GLOBAL,PWRTRNHTIXX,2029,44.5518
GLOBAL,PWRTRNHTIXX,2030,44.6854
GLOBAL,PWRTRNHTIXX,2031,44.8195
GLOBAL,PWRTRNHTIXX,2032,44.9539
GLOBAL,PWRTRNHTIXX,2033,45.0888
GLOBAL,PWRTRNHTIXX,2034,45.2241
GLOBAL,PWRTRNHTIXX,2035,45.3597
GLOBAL,PWRTRNHTIXX,2036,45.4958
GLOBAL,PWRTRNHTIXX,2037,45.6323
GLOBAL,PWRTRNHTIXX,2038,45.7692
GLOBAL,PWRTRNHTIXX,2039,45.9065
GLOBAL,PWRTRNHTIXX,2040,46.0442
GLOBAL,PWRTRNHTIXX,2041,46.1824
GLOBAL,PWRTRNHTIXX,2042,46.3209
GLOBAL,PWRTRNHTIXX,2043,46.4599
GLOBAL,PWRTRNHTIXX,2044,46.5993
GLOBAL,PWRTRNHTIXX,2045,46.739
GLOBAL,PWRTRNHTIXX,2046,46.8793
GLOBAL,PWRTRNHTIXX,2047,47.0199
GLOBAL,PWRTRNHTIXX,2048,47.161
GLOBAL,PWRTRNHTIXX,2049,47.3024
GLOBAL,PWRTRNHTIXX,2050,47.4444
GLOBAL,PWRTRNMEXXX,2023,176.149
GLOBAL,PWRTRNMEXXX,2024,176.149
GLOBAL,PWRTRNMEXXX,2025,176.149
GLOBAL,PWRTRNMEXXX,2026,176.678
GLOBAL,PWRTRNMEXXX,2027,177.208
GLOBAL,PWRTRNMEXXX,2028,177.739
GLOBAL,PWRTRNMEXXX,2029,178.273
GLOBAL,PWRTRNMEXXX,2030,178.807
GLOBAL,PWRTRNMEXXX,2031,179.344
GLOBAL,PWRTRNMEXXX,2032,179.882
GLOBAL,PWRTRNMEXXX,2033,180.422
GLOBAL,PWRTRNMEXXX,2034,180.963
GLOBAL,PWRTRNMEXXX,2035,181.506
GLOBAL,PWRTRNMEXXX,2036,182.05
GLOBAL,PWRTRNMEXXX,2037,182.596
GLOBAL,PWRTRNMEXXX,2038,183.144
GLOBAL,PWRTRNMEXXX,2039,183.694
GLOBAL,PWRTRNMEXXX,2040,184.245
GLOBAL,PWRTRNMEXXX,2041,184.797
GLOBAL,PWRTRNMEXXX,2042,185.352
GLOBAL,PWRTRNMEXXX,2043,185.908
GLOBAL,PWRTRNMEXXX,2044,186.466
GLOBAL,PWRTRNMEXXX,2045,187.025
GLOBAL,PWRTRNMEXXX,2046,187.586
GLOBAL,PWRTRNMEXXX,2047,188.149
GLOBAL,PWRTRNMEXXX,2048,188.713
GLOBAL,PWRTRNMEXXX,2049,189.279
GLOBAL,PWRTRNMEXXX,2050,189.847
GLOBAL,PWRTRNNICXX,2023,220.725
GLOBAL,PWRTRNNICXX,2024,220.725
GLOBAL,PWRTRNNICXX,2025,220.725
GLOBAL,PWRTRNNICXX,2026,221.387
GLOBAL,PWRTRNNICXX,2027,222.051
GLOBAL,PWRTRNNICXX,2028,222.718
GLOBAL,PWRTRNNICXX,2029,223.386
GLOBAL,PWRTRNNICXX,2030,224.056
GLOBAL,PWRTRNNICXX,2031,224.728
GLOBAL,PWRTRNNICXX,2032,225.402
GLOBAL,PWRTRNNICXX,2033,226.078
GLOBAL,PWRTRNNICXX,2034,226.757
GLOBAL,PWRTRNNICXX,2035,227.437
GLOBAL,PWRTRNNICXX,2036,228.119
GLOBAL,PWRTRNNICXX,2037,228.804
GLOBAL,PWRTRNNICXX,2038,229.49
GLOBAL,PWRTRNNICXX,2039,230.178
GLOBAL,PWRTRNNICXX,2040,230.869
GLOBAL,PWRTRNNICXX,2041,231.562
GLOBAL,PWRTRNNICXX,2042,232.256
GLOBAL,PWRTRNNICXX,2043,232.953
GLOBAL,PWRTRNNICXX,2044,233.652
GLOBAL,PWRTRNNICXX,2045,234.353
GLOBAL,PWRTRNNICXX,2046,235.056
GLOBAL,PWRTRNNICXX,2047,235.761
GLOBAL,PWRTRNNICXX,2048,236.468
GLOBAL,PWRTRNNICXX,2049,237.178
GLOBAL,PWRTRNNICXX,2050,237.889
GLOBAL,PWRTRNPANXX,2023,62.2839
GLOBAL,PWRTRNPANXX,2024,62.2839
GLOBAL,PWRTRNPANXX,2025,62.2839
GLOBAL,PWRTRNPANXX,2026,62.4707
GLOBAL,PWRTRNPANXX,2027,62.6582
GLOBAL,PWRTRNPANXX,2028,62.8461
GLOBAL,PWRTRNPANXX,2029,63.0347
GLOBAL,PWRTRNPANXX,2030,63.2238
GLOBAL,PWRTRNPANXX,2031,63.4134
GLOBAL,PWRTRNPANXX,2032,63.6037
GLOBAL,PWRTRNPANXX,2033,63.7945
GLOBAL,PWRTRNPANXX,2034,63.9859
GLOBAL,PWRTRNPANXX,2035,64.1778
GLOBAL,PWRTRNPANXX,2036,64.3704
GLOBAL,PWRTRNPANXX,2037,64.5635
GLOBAL,PWRTRNPANXX,2038,64.7572
GLOBAL,PWRTRNPANXX,2039,64.9514
GLOBAL,PWRTRNPANXX,2040,65.1463
GLOBAL,PWRTRNPANXX,2041,65.3417
GLOBAL,PWRTRNPANXX,2042,65.5378
GLOBAL,PWRTRNPANXX,2043,65.7344
GLOBAL,PWRTRNPANXX,2044,65.9316
GLOBAL,PWRTRNPANXX,2045,66.1294
GLOBAL,PWRTRNPANXX,2046,66.3278
GLOBAL,PWRTRNPANXX,2047,66.5267
GLOBAL,PWRTRNPANXX,2048,66.7263
GLOBAL,PWRTRNPANXX,2049,66.9265
GLOBAL,PWRTRNPANXX,2050,67.1273
GLOBAL,PWRTRNPERXX,2023,998.04
GLOBAL,PWRTRNPERXX,2024,998.04
GLOBAL,PWRTRNPERXX,2025,998.04
GLOBAL,PWRTRNPERXX,2026,1001.03
GLOBAL,PWRTRNPERXX,2027,1004.04
GLOBAL,PWRTRNPERXX,2028,1007.05
GLOBAL,PWRTRNPERXX,2029,1010.07
GLOBAL,PWRTRNPERXX,2030,1013.1
GLOBAL,PWRTRNPERXX,2031,1016.14
GLOBAL,PWRTRNPERXX,2032,1019.19
GLOBAL,PWRTRNPERXX,2033,1022.25
GLOBAL,PWRTRNPERXX,2034,1025.31
GLOBAL,PWRTRNPERXX,2035,1028.39
GLOBAL,PWRTRNPERXX,2036,1031.47
GLOBAL,PWRTRNPERXX,2037,1034.57
GLOBAL,PWRTRNPERXX,2038,1037.67
GLOBAL,PWRTRNPERXX,2039,1040.79
GLOBAL,PWRTRNPERXX,2040,1043.91
GLOBAL,PWRTRNPERXX,2041,1047.04
GLOBAL,PWRTRNPERXX,2042,1050.18
GLOBAL,PWRTRNPERXX,2043,1053.33
GLOBAL,PWRTRNPERXX,2044,1056.49
GLOBAL,PWRTRNPERXX,2045,1059.66
GLOBAL,PWRTRNPERXX,2046,1062.84
GLOBAL,PWRTRNPERXX,2047,1066.03
GLOBAL,PWRTRNPERXX,2048,1069.23
GLOBAL,PWRTRNPERXX,2049,1072.43
GLOBAL,PWRTRNPERXX,2050,1075.65
GLOBAL,PWRTRNPRYXX,2023,186.313
GLOBAL,PWRTRNPRYXX,2024,186.313
GLOBAL,PWRTRNPRYXX,2025,186.313
GLOBAL,PWRTRNPRYXX,2026,186.872
GLOBAL,PWRTRNPRYXX,2027,187.433
GLOBAL,PWRTRNPRYXX,2028,187.995
GLOBAL,PWRTRNPRYXX,2029,188.559
GLOBAL,PWRTRNPRYXX,2030,189.125
GLOBAL,PWRTRNPRYXX,2031,189.692
GLOBAL,PWRTRNPRYXX,2032,190.261
GLOBAL,PWRTRNPRYXX,2033,190.832
GLOBAL,PWRTRNPRYXX,2034,191.405
GLOBAL,PWRTRNPRYXX,2035,191.979
GLOBAL,PWRTRNPRYXX,2036,192.555
GLOBAL,PWRTRNPRYXX,2037,193.132
GLOBAL,PWRTRNPRYXX,2038,193.712
GLOBAL,PWRTRNPRYXX,2039,194.293
GLOBAL,PWRTRNPRYXX,2040,194.876
GLOBAL,PWRTRNPRYXX,2041,195.461
GLOBAL,PWRTRNPRYXX,2042,196.047
GLOBAL,PWRTRNPRYXX,2043,196.635
GLOBAL,PWRTRNPRYXX,2044,197.225
GLOBAL,PWRTRNPRYXX,2045,197.817
GLOBAL,PWRTRNPRYXX,2046,198.41
GLOBAL,PWRTRNPRYXX,2047,199.005
GLOBAL,PWRTRNPRYXX,2048,199.602
GLOBAL,PWRTRNPRYXX,2049,200.201
GLOBAL,PWRTRNPRYXX,2050,200.802
GLOBAL,PWRTRNSLVXX,2023,256.986
GLOBAL,PWRTRNSLVXX,2024,256.986
GLOBAL,PWRTRNSLVXX,2025,256.986
GLOBAL,PWRTRNSLVXX,2026,257.757
GLOBAL,PWRTRNSLVXX,2027,258.53
GLOBAL,PWRTRNSLVXX,2028,259.306
GLOBAL,PWRTRNSLVXX,2029,260.084
GLOBAL,PWRTRNSLVXX,2030,260.864
GLOBAL,PWRTRNSLVXX,2031,261.647
GLOBAL,PWRTRNSLVXX,2032,262.431
GLOBAL,PWRTRNSLVXX,2033,263.219
GLOBAL,PWRTRNSLVXX,2034,264.008
GLOBAL,PWRTRNSLVXX,2035,264.8
GLOBAL,PWRTRNSLVXX,2036,265.595
GLOBAL,PWRTRNSLVXX,2037,266.392
GLOBAL,PWRTRNSLVXX,2038,267.191
GLOBAL,PWRTRNSLVXX,2039,267.992
GLOBAL,PWRTRNSLVXX,2040,268.796
GLOBAL,PWRTRNSLVXX,2041,269.603
GLOBAL,PWRTRNSLVXX,2042,270.412
GLOBAL,PWRTRNSLVXX,2043,271.223
GLOBAL,PWRTRNSLVXX,2044,272.036
GLOBAL,PWRTRNSLVXX,2045,272.853
GLOBAL,PWRTRNSLVXX,2046,273.671
GLOBAL,PWRTRNSLVXX,2047,274.492
GLOBAL,PWRTRNSLVXX,2048,275.316
GLOBAL,PWRTRNSLVXX,2049,276.142
GLOBAL,PWRTRNSLVXX,2050,276.97
GLOBAL,PWRTRNURYXX,2023,185.821
GLOBAL,PWRTRNURYXX,2024,185.821
GLOBAL,PWRTRNURYXX,2025,185.821
GLOBAL,PWRTRNURYXX,2026,186.379
GLOBAL,PWRTRNURYXX,2027,186.938
GLOBAL,PWRTRNURYXX,2028,187.499
GLOBAL,PWRTRNURYXX,2029,188.061
GLOBAL,PWRTRNURYXX,2030,188.626
GLOBAL,PWRTRNURYXX,2031,189.191
GLOBAL,PWRTRNURYXX,2032,189.759
GLOBAL,PWRTRNURYXX,2033,190.328
GLOBAL,PWRTRNURYXX,2034,190.899
GLOBAL,PWRTRNURYXX,2035,191.472
GLOBAL,PWRTRNURYXX,2036,192.046
GLOBAL,PWRTRNURYXX,2037,192.623
GLOBAL,PWRTRNURYXX,2038,193.2
GLOBAL,PWRTRNURYXX,2039,193.78
GLOBAL,PWRTRNURYXX,2040,194.361
GLOBAL,PWRTRNURYXX,2041,194.944
GLOBAL,PWRTRNURYXX,2042,195.529
GLOBAL,PWRTRNURYXX,2043,196.116
GLOBAL,PWRTRNURYXX,2044,196.704
GLOBAL,PWRTRNURYXX,2045,197.294
GLOBAL,PWRTRNURYXX,2046,197.886
GLOBAL,PWRTRNURYXX,2047,198.48
GLOBAL,PWRTRNURYXX,2048,199.075
GLOBAL,PWRTRNURYXX,2049,199.673
GLOBAL,PWRTRNURYXX,2050,200.272
GLOBAL,PWRURNARGXX,2023,5628
GLOBAL,PWRURNARGXX,2024,5628
GLOBAL,PWRURNARGXX,2025,5628
GLOBAL,PWRURNARGXX,2026,5628
GLOBAL,PWRURNARGXX,2027,5628
GLOBAL,PWRURNARGXX,2028,5628
GLOBAL,PWRURNARGXX,2029,5628
GLOBAL,PWRURNARGXX,2030,5628
GLOBAL,PWRURNARGXX,2031,5628
GLOBAL,PWRURNARGXX,2032,5628
GLOBAL,PWRURNARGXX,2033,5628
GLOBAL,PWRURNARGXX,2034,5628
GLOBAL,PWRURNARGXX,2035,5628
GLOBAL,PWRURNARGXX,2036,5628
GLOBAL,PWRURNARGXX,2037,5628
GLOBAL,PWRURNARGXX,2038,5628
GLOBAL,PWRURNARGXX,2039,5628
GLOBAL,PWRURNARGXX,2040,5628
GLOBAL,PWRURNARGXX,2041,5628
GLOBAL,PWRURNARGXX,2042,5628
GLOBAL,PWRURNARGXX,2043,5628
GLOBAL,PWRURNARGXX,2044,5628
GLOBAL,PWRURNARGXX,2045,5628
GLOBAL,PWRURNARGXX,2046,5628
GLOBAL,PWRURNARGXX,2047,5628
GLOBAL,PWRURNARGXX,2048,5628
GLOBAL,PWRURNARGXX,2049,5628
GLOBAL,PWRURNARGXX,2050,5628
GLOBAL,PWRURNBOLXX,2023,5628
GLOBAL,PWRURNBOLXX,2024,5628
GLOBAL,PWRURNBOLXX,2025,5628
GLOBAL,PWRURNBOLXX,2026,5628
GLOBAL,PWRURNBOLXX,2027,5628
GLOBAL,PWRURNBOLXX,2028,5628
GLOBAL,PWRURNBOLXX,2029,5628
GLOBAL,PWRURNBOLXX,2030,5628
GLOBAL,PWRURNBOLXX,2031,5628
GLOBAL,PWRURNBOLXX,2032,5628
GLOBAL,PWRURNBOLXX,2033,5628
GLOBAL,PWRURNBOLXX,2034,5628
GLOBAL,PWRURNBOLXX,2035,5628
GLOBAL,PWRURNBOLXX,2036,5628
GLOBAL,PWRURNBOLXX,2037,5628
GLOBAL,PWRURNBOLXX,2038,5628
GLOBAL,PWRURNBOLXX,2039,5628
GLOBAL,PWRURNBOLXX,2040,5628
GLOBAL,PWRURNBOLXX,2041,5628
GLOBAL,PWRURNBOLXX,2042,5628
GLOBAL,PWRURNBOLXX,2043,5628
GLOBAL,PWRURNBOLXX,2044,5628
GLOBAL,PWRURNBOLXX,2045,5628
GLOBAL,PWRURNBOLXX,2046,5628
GLOBAL,PWRURNBOLXX,2047,5628
GLOBAL,PWRURNBOLXX,2048,5628
GLOBAL,PWRURNBOLXX,2049,5628
GLOBAL,PWRURNBOLXX,2050,5628
GLOBAL,PWRURNBRAXX,2023,5628
GLOBAL,PWRURNBRAXX,2024,5628
GLOBAL,PWRURNBRAXX,2025,5628
GLOBAL,PWRURNBRAXX,2026,5628
GLOBAL,PWRURNBRAXX,2027,5628
GLOBAL,PWRURNBRAXX,2028,5628
GLOBAL,PWRURNBRAXX,2029,5628
GLOBAL,PWRURNBRAXX,2030,5628
GLOBAL,PWRURNBRAXX,2031,5628
GLOBAL,PWRURNBRAXX,2032,5628
GLOBAL,PWRURNBRAXX,2033,5628
GLOBAL,PWRURNBRAXX,2034,5628
GLOBAL,PWRURNBRAXX,2035,5628
GLOBAL,PWRURNBRAXX,2036,5628
GLOBAL,PWRURNBRAXX,2037,5628
GLOBAL,PWRURNBRAXX,2038,5628
GLOBAL,PWRURNBRAXX,2039,5628
GLOBAL,PWRURNBRAXX,2040,5628
GLOBAL,PWRURNBRAXX,2041,5628
GLOBAL,PWRURNBRAXX,2042,5628
GLOBAL,PWRURNBRAXX,2043,5628
GLOBAL,PWRURNBRAXX,2044,5628
GLOBAL,PWRURNBRAXX,2045,5628
GLOBAL,PWRURNBRAXX,2046,5628
GLOBAL,PWRURNBRAXX,2047,5628
GLOBAL,PWRURNBRAXX,2048,5628
GLOBAL,PWRURNBRAXX,2049,5628
GLOBAL,PWRURNBRAXX,2050,5628
GLOBAL,PWRURNBRBXX,2023,6754
GLOBAL,PWRURNBRBXX,2024,6754
GLOBAL,PWRURNBRBXX,2025,6754
GLOBAL,PWRURNBRBXX,2026,6754
GLOBAL,PWRURNBRBXX,2027,6754
GLOBAL,PWRURNBRBXX,2028,6754
GLOBAL,PWRURNBRBXX,2029,6754
GLOBAL,PWRURNBRBXX,2030,6754
GLOBAL,PWRURNBRBXX,2031,6711.8
GLOBAL,PWRURNBRBXX,2032,6669.6
GLOBAL,PWRURNBRBXX,2033,6627.4
GLOBAL,PWRURNBRBXX,2034,6585.2
GLOBAL,PWRURNBRBXX,2035,6543
GLOBAL,PWRURNBRBXX,2036,6500.8
GLOBAL,PWRURNBRBXX,2037,6458.6
GLOBAL,PWRURNBRBXX,2038,6416.4
GLOBAL,PWRURNBRBXX,2039,6374.2
GLOBAL,PWRURNBRBXX,2040,6332
GLOBAL,PWRURNBRBXX,2041,6332
GLOBAL,PWRURNBRBXX,2042,6332
GLOBAL,PWRURNBRBXX,2043,6332
GLOBAL,PWRURNBRBXX,2044,6332
GLOBAL,PWRURNBRBXX,2045,6332
GLOBAL,PWRURNBRBXX,2046,6332
GLOBAL,PWRURNBRBXX,2047,6332
GLOBAL,PWRURNBRBXX,2048,6332
GLOBAL,PWRURNBRBXX,2049,6332
GLOBAL,PWRURNBRBXX,2050,6332
GLOBAL,PWRURNCHLXX,2023,5628
GLOBAL,PWRURNCHLXX,2024,5628
GLOBAL,PWRURNCHLXX,2025,5628
GLOBAL,PWRURNCHLXX,2026,5628
GLOBAL,PWRURNCHLXX,2027,5628
GLOBAL,PWRURNCHLXX,2028,5628
GLOBAL,PWRURNCHLXX,2029,5628
GLOBAL,PWRURNCHLXX,2030,5628
GLOBAL,PWRURNCHLXX,2031,5628
GLOBAL,PWRURNCHLXX,2032,5628
GLOBAL,PWRURNCHLXX,2033,5628
GLOBAL,PWRURNCHLXX,2034,5628
GLOBAL,PWRURNCHLXX,2035,5628
GLOBAL,PWRURNCHLXX,2036,5628
GLOBAL,PWRURNCHLXX,2037,5628
GLOBAL,PWRURNCHLXX,2038,5628
GLOBAL,PWRURNCHLXX,2039,5628
GLOBAL,PWRURNCHLXX,2040,5628
GLOBAL,PWRURNCHLXX,2041,5628
GLOBAL,PWRURNCHLXX,2042,5628
GLOBAL,PWRURNCHLXX,2043,5628
GLOBAL,PWRURNCHLXX,2044,5628
GLOBAL,PWRURNCHLXX,2045,5628
GLOBAL,PWRURNCHLXX,2046,5628
GLOBAL,PWRURNCHLXX,2047,5628
GLOBAL,PWRURNCHLXX,2048,5628
GLOBAL,PWRURNCHLXX,2049,5628
GLOBAL,PWRURNCHLXX,2050,5628
GLOBAL,PWRURNCOLXX,2023,5628
GLOBAL,PWRURNCOLXX,2024,5628
GLOBAL,PWRURNCOLXX,2025,5628
GLOBAL,PWRURNCOLXX,2026,5628
GLOBAL,PWRURNCOLXX,2027,5628
GLOBAL,PWRURNCOLXX,2028,5628
GLOBAL,PWRURNCOLXX,2029,5628
GLOBAL,PWRURNCOLXX,2030,5628
GLOBAL,PWRURNCOLXX,2031,5628
GLOBAL,PWRURNCOLXX,2032,5628
GLOBAL,PWRURNCOLXX,2033,5628
GLOBAL,PWRURNCOLXX,2034,5628
GLOBAL,PWRURNCOLXX,2035,5628
GLOBAL,PWRURNCOLXX,2036,5628
GLOBAL,PWRURNCOLXX,2037,5628
GLOBAL,PWRURNCOLXX,2038,5628
GLOBAL,PWRURNCOLXX,2039,5628
GLOBAL,PWRURNCOLXX,2040,5628
GLOBAL,PWRURNCOLXX,2041,5628
GLOBAL,PWRURNCOLXX,2042,5628
GLOBAL,PWRURNCOLXX,2043,5628
GLOBAL,PWRURNCOLXX,2044,5628
GLOBAL,PWRURNCOLXX,2045,5628
GLOBAL,PWRURNCOLXX,2046,5628
GLOBAL,PWRURNCOLXX,2047,5628
GLOBAL,PWRURNCOLXX,2048,5628
GLOBAL,PWRURNCOLXX,2049,5628
GLOBAL,PWRURNCOLXX,2050,5628
GLOBAL,PWRURNCRIXX,2023,6754
GLOBAL,PWRURNCRIXX,2024,6754
GLOBAL,PWRURNCRIXX,2025,6754
GLOBAL,PWRURNCRIXX,2026,6754
GLOBAL,PWRURNCRIXX,2027,6754
GLOBAL,PWRURNCRIXX,2028,6754
GLOBAL,PWRURNCRIXX,2029,6754
GLOBAL,PWRURNCRIXX,2030,6754
GLOBAL,PWRURNCRIXX,2031,6711.8
GLOBAL,PWRURNCRIXX,2032,6669.6
GLOBAL,PWRURNCRIXX,2033,6627.4
GLOBAL,PWRURNCRIXX,2034,6585.2
GLOBAL,PWRURNCRIXX,2035,6543
GLOBAL,PWRURNCRIXX,2036,6500.8
GLOBAL,PWRURNCRIXX,2037,6458.6
GLOBAL,PWRURNCRIXX,2038,6416.4
GLOBAL,PWRURNCRIXX,2039,6374.2
GLOBAL,PWRURNCRIXX,2040,6332
GLOBAL,PWRURNCRIXX,2041,6332
GLOBAL,PWRURNCRIXX,2042,6332
GLOBAL,PWRURNCRIXX,2043,6332
GLOBAL,PWRURNCRIXX,2044,6332
GLOBAL,PWRURNCRIXX,2045,6332
GLOBAL,PWRURNCRIXX,2046,6332
GLOBAL,PWRURNCRIXX,2047,6332
GLOBAL,PWRURNCRIXX,2048,6332
GLOBAL,PWRURNCRIXX,2049,6332
GLOBAL,PWRURNCRIXX,2050,6332
GLOBAL,PWRURNDOMXX,2023,6754
GLOBAL,PWRURNDOMXX,2024,6754
GLOBAL,PWRURNDOMXX,2025,6754
GLOBAL,PWRURNDOMXX,2026,6754
GLOBAL,PWRURNDOMXX,2027,6754
GLOBAL,PWRURNDOMXX,2028,6754
GLOBAL,PWRURNDOMXX,2029,6754
GLOBAL,PWRURNDOMXX,2030,6754
GLOBAL,PWRURNDOMXX,2031,6711.8
GLOBAL,PWRURNDOMXX,2032,6669.6
GLOBAL,PWRURNDOMXX,2033,6627.4
GLOBAL,PWRURNDOMXX,2034,6585.2
GLOBAL,PWRURNDOMXX,2035,6543
GLOBAL,PWRURNDOMXX,2036,6500.8
GLOBAL,PWRURNDOMXX,2037,6458.6
GLOBAL,PWRURNDOMXX,2038,6416.4
GLOBAL,PWRURNDOMXX,2039,6374.2
GLOBAL,PWRURNDOMXX,2040,6332
GLOBAL,PWRURNDOMXX,2041,6332
GLOBAL,PWRURNDOMXX,2042,6332
GLOBAL,PWRURNDOMXX,2043,6332
GLOBAL,PWRURNDOMXX,2044,6332
GLOBAL,PWRURNDOMXX,2045,6332
GLOBAL,PWRURNDOMXX,2046,6332
GLOBAL,PWRURNDOMXX,2047,6332
GLOBAL,PWRURNDOMXX,2048,6332
GLOBAL,PWRURNDOMXX,2049,6332
GLOBAL,PWRURNDOMXX,2050,6332
GLOBAL,PWRURNECUXX,2023,5628
GLOBAL,PWRURNECUXX,2024,5628
GLOBAL,PWRURNECUXX,2025,5628
GLOBAL,PWRURNECUXX,2026,5628
GLOBAL,PWRURNECUXX,2027,5628
GLOBAL,PWRURNECUXX,2028,5628
GLOBAL,PWRURNECUXX,2029,5628
GLOBAL,PWRURNECUXX,2030,5628
GLOBAL,PWRURNECUXX,2031,5628
GLOBAL,PWRURNECUXX,2032,5628
GLOBAL,PWRURNECUXX,2033,5628
GLOBAL,PWRURNECUXX,2034,5628
GLOBAL,PWRURNECUXX,2035,5628
GLOBAL,PWRURNECUXX,2036,5628
GLOBAL,PWRURNECUXX,2037,5628
GLOBAL,PWRURNECUXX,2038,5628
GLOBAL,PWRURNECUXX,2039,5628
GLOBAL,PWRURNECUXX,2040,5628
GLOBAL,PWRURNECUXX,2041,5628
GLOBAL,PWRURNECUXX,2042,5628
GLOBAL,PWRURNECUXX,2043,5628
GLOBAL,PWRURNECUXX,2044,5628
GLOBAL,PWRURNECUXX,2045,5628
GLOBAL,PWRURNECUXX,2046,5628
GLOBAL,PWRURNECUXX,2047,5628
GLOBAL,PWRURNECUXX,2048,5628
GLOBAL,PWRURNECUXX,2049,5628
GLOBAL,PWRURNECUXX,2050,5628
GLOBAL,PWRURNGTMXX,2023,6754
GLOBAL,PWRURNGTMXX,2024,6754
GLOBAL,PWRURNGTMXX,2025,6754
GLOBAL,PWRURNGTMXX,2026,6754
GLOBAL,PWRURNGTMXX,2027,6754
GLOBAL,PWRURNGTMXX,2028,6754
GLOBAL,PWRURNGTMXX,2029,6754
GLOBAL,PWRURNGTMXX,2030,6754
GLOBAL,PWRURNGTMXX,2031,6711.8
GLOBAL,PWRURNGTMXX,2032,6669.6
GLOBAL,PWRURNGTMXX,2033,6627.4
GLOBAL,PWRURNGTMXX,2034,6585.2
GLOBAL,PWRURNGTMXX,2035,6543
GLOBAL,PWRURNGTMXX,2036,6500.8
GLOBAL,PWRURNGTMXX,2037,6458.6
GLOBAL,PWRURNGTMXX,2038,6416.4
GLOBAL,PWRURNGTMXX,2039,6374.2
GLOBAL,PWRURNGTMXX,2040,6332
GLOBAL,PWRURNGTMXX,2041,6332
GLOBAL,PWRURNGTMXX,2042,6332
GLOBAL,PWRURNGTMXX,2043,6332
GLOBAL,PWRURNGTMXX,2044,6332
GLOBAL,PWRURNGTMXX,2045,6332
GLOBAL,PWRURNGTMXX,2046,6332
GLOBAL,PWRURNGTMXX,2047,6332
GLOBAL,PWRURNGTMXX,2048,6332
GLOBAL,PWRURNGTMXX,2049,6332
GLOBAL,PWRURNGTMXX,2050,6332
GLOBAL,PWRURNHNDXX,2023,6754
GLOBAL,PWRURNHNDXX,2024,6754
GLOBAL,PWRURNHNDXX,2025,6754
GLOBAL,PWRURNHNDXX,2026,6754
GLOBAL,PWRURNHNDXX,2027,6754
GLOBAL,PWRURNHNDXX,2028,6754
GLOBAL,PWRURNHNDXX,2029,6754
GLOBAL,PWRURNHNDXX,2030,6754
GLOBAL,PWRURNHNDXX,2031,6711.8
GLOBAL,PWRURNHNDXX,2032,6669.6
GLOBAL,PWRURNHNDXX,2033,6627.4
GLOBAL,PWRURNHNDXX,2034,6585.2
GLOBAL,PWRURNHNDXX,2035,6543
GLOBAL,PWRURNHNDXX,2036,6500.8
GLOBAL,PWRURNHNDXX,2037,6458.6
GLOBAL,PWRURNHNDXX,2038,6416.4
GLOBAL,PWRURNHNDXX,2039,6374.2
GLOBAL,PWRURNHNDXX,2040,6332
GLOBAL,PWRURNHNDXX,2041,6332
GLOBAL,PWRURNHNDXX,2042,6332
GLOBAL,PWRURNHNDXX,2043,6332
GLOBAL,PWRURNHNDXX,2044,6332
GLOBAL,PWRURNHNDXX,2045,6332
GLOBAL,PWRURNHNDXX,2046,6332
GLOBAL,PWRURNHNDXX,2047,6332
GLOBAL,PWRURNHNDXX,2048,6332
GLOBAL,PWRURNHNDXX,2049,6332
GLOBAL,PWRURNHNDXX,2050,6332
GLOBAL,PWRURNHTIXX,2023,6754
GLOBAL,PWRURNHTIXX,2024,6754
GLOBAL,PWRURNHTIXX,2025,6754
GLOBAL,PWRURNHTIXX,2026,6754
GLOBAL,PWRURNHTIXX,2027,6754
GLOBAL,PWRURNHTIXX,2028,6754
GLOBAL,PWRURNHTIXX,2029,6754
GLOBAL,PWRURNHTIXX,2030,6754
GLOBAL,PWRURNHTIXX,2031,6711.8
GLOBAL,PWRURNHTIXX,2032,6669.6
GLOBAL,PWRURNHTIXX,2033,6627.4
GLOBAL,PWRURNHTIXX,2034,6585.2
GLOBAL,PWRURNHTIXX,2035,6543
GLOBAL,PWRURNHTIXX,2036,6500.8
GLOBAL,PWRURNHTIXX,2037,6458.6
GLOBAL,PWRURNHTIXX,2038,6416.4
GLOBAL,PWRURNHTIXX,2039,6374.2
GLOBAL,PWRURNHTIXX,2040,6332
GLOBAL,PWRURNHTIXX,2041,6332
GLOBAL,PWRURNHTIXX,2042,6332
GLOBAL,PWRURNHTIXX,2043,6332
GLOBAL,PWRURNHTIXX,2044,6332
GLOBAL,PWRURNHTIXX,2045,6332
GLOBAL,PWRURNHTIXX,2046,6332
GLOBAL,PWRURNHTIXX,2047,6332
GLOBAL,PWRURNHTIXX,2048,6332
GLOBAL,PWRURNHTIXX,2049,6332
GLOBAL,PWRURNHTIXX,2050,6332
GLOBAL,PWRURNMEXXX,2023,6754
GLOBAL,PWRURNMEXXX,2024,6754
GLOBAL,PWRURNMEXXX,2025,6754
GLOBAL,PWRURNMEXXX,2026,6754
GLOBAL,PWRURNMEXXX,2027,6754
GLOBAL,PWRURNMEXXX,2028,6754
GLOBAL,PWRURNMEXXX,2029,6754
GLOBAL,PWRURNMEXXX,2030,6754
GLOBAL,PWRURNMEXXX,2031,6711.8
GLOBAL,PWRURNMEXXX,2032,6669.6
GLOBAL,PWRURNMEXXX,2033,6627.4
GLOBAL,PWRURNMEXXX,2034,6585.2
GLOBAL,PWRURNMEXXX,2035,6543
GLOBAL,PWRURNMEXXX,2036,6500.8
GLOBAL,PWRURNMEXXX,2037,6458.6
GLOBAL,PWRURNMEXXX,2038,6416.4
GLOBAL,PWRURNMEXXX,2039,6374.2
GLOBAL,PWRURNMEXXX,2040,6332
GLOBAL,PWRURNMEXXX,2041,6332
GLOBAL,PWRURNMEXXX,2042,6332
GLOBAL,PWRURNMEXXX,2043,6332
GLOBAL,PWRURNMEXXX,2044,6332
GLOBAL,PWRURNMEXXX,2045,6332
GLOBAL,PWRURNMEXXX,2046,6332
GLOBAL,PWRURNMEXXX,2047,6332
GLOBAL,PWRURNMEXXX,2048,6332
GLOBAL,PWRURNMEXXX,2049,6332
GLOBAL,PWRURNMEXXX,2050,6332
GLOBAL,PWRURNNICXX,2023,5628
GLOBAL,PWRURNNICXX,2024,5628
GLOBAL,PWRURNNICXX,2025,5628
GLOBAL,PWRURNNICXX,2026,5628
GLOBAL,PWRURNNICXX,2027,5628
GLOBAL,PWRURNNICXX,2028,5628
GLOBAL,PWRURNNICXX,2029,5628
GLOBAL,PWRURNNICXX,2030,5628
GLOBAL,PWRURNNICXX,2031,5628
GLOBAL,PWRURNNICXX,2032,5628
GLOBAL,PWRURNNICXX,2033,5628
GLOBAL,PWRURNNICXX,2034,5628
GLOBAL,PWRURNNICXX,2035,5628
GLOBAL,PWRURNNICXX,2036,5628
GLOBAL,PWRURNNICXX,2037,5628
GLOBAL,PWRURNNICXX,2038,5628
GLOBAL,PWRURNNICXX,2039,5628
GLOBAL,PWRURNNICXX,2040,5628
GLOBAL,PWRURNNICXX,2041,5628
GLOBAL,PWRURNNICXX,2042,5628
GLOBAL,PWRURNNICXX,2043,5628
GLOBAL,PWRURNNICXX,2044,5628
GLOBAL,PWRURNNICXX,2045,5628
GLOBAL,PWRURNNICXX,2046,5628
GLOBAL,PWRURNNICXX,2047,5628
GLOBAL,PWRURNNICXX,2048,5628
GLOBAL,PWRURNNICXX,2049,5628
GLOBAL,PWRURNNICXX,2050,5628
GLOBAL,PWRURNPANXX,2023,6754
GLOBAL,PWRURNPANXX,2024,6754
GLOBAL,PWRURNPANXX,2025,6754
GLOBAL,PWRURNPANXX,2026,6754
GLOBAL,PWRURNPANXX,2027,6754
GLOBAL,PWRURNPANXX,2028,6754
GLOBAL,PWRURNPANXX,2029,6754
GLOBAL,PWRURNPANXX,2030,6754
GLOBAL,PWRURNPANXX,2031,6711.8
GLOBAL,PWRURNPANXX,2032,6669.6
GLOBAL,PWRURNPANXX,2033,6627.4
GLOBAL,PWRURNPANXX,2034,6585.2
GLOBAL,PWRURNPANXX,2035,6543
GLOBAL,PWRURNPANXX,2036,6500.8
GLOBAL,PWRURNPANXX,2037,6458.6
GLOBAL,PWRURNPANXX,2038,6416.4
GLOBAL,PWRURNPANXX,2039,6374.2
GLOBAL,PWRURNPANXX,2040,6332
GLOBAL,PWRURNPANXX,2041,6332
GLOBAL,PWRURNPANXX,2042,6332
GLOBAL,PWRURNPANXX,2043,6332
GLOBAL,PWRURNPANXX,2044,6332
GLOBAL,PWRURNPANXX,2045,6332
GLOBAL,PWRURNPANXX,2046,6332
GLOBAL,PWRURNPANXX,2047,6332
GLOBAL,PWRURNPANXX,2048,6332
GLOBAL,PWRURNPANXX,2049,6332
GLOBAL,PWRURNPANXX,2050,6332
GLOBAL,PWRURNPERXX,2023,5628
GLOBAL,PWRURNPERXX,2024,5628
GLOBAL,PWRURNPERXX,2025,5628
GLOBAL,PWRURNPERXX,2026,5628
GLOBAL,PWRURNPERXX,2027,5628
GLOBAL,PWRURNPERXX,2028,5628
GLOBAL,PWRURNPERXX,2029,5628
GLOBAL,PWRURNPERXX,2030,5628
GLOBAL,PWRURNPERXX,2031,5628
GLOBAL,PWRURNPERXX,2032,5628
GLOBAL,PWRURNPERXX,2033,5628
GLOBAL,PWRURNPERXX,2034,5628
GLOBAL,PWRURNPERXX,2035,5628
GLOBAL,PWRURNPERXX,2036,5628
GLOBAL,PWRURNPERXX,2037,5628
GLOBAL,PWRURNPERXX,2038,5628
GLOBAL,PWRURNPERXX,2039,5628
GLOBAL,PWRURNPERXX,2040,5628
GLOBAL,PWRURNPERXX,2041,5628
GLOBAL,PWRURNPERXX,2042,5628
GLOBAL,PWRURNPERXX,2043,5628
GLOBAL,PWRURNPERXX,2044,5628
GLOBAL,PWRURNPERXX,2045,5628
GLOBAL,PWRURNPERXX,2046,5628
GLOBAL,PWRURNPERXX,2047,5628
GLOBAL,PWRURNPERXX,2048,5628
GLOBAL,PWRURNPERXX,2049,5628
GLOBAL,PWRURNPERXX,2050,5628
GLOBAL,PWRURNPRYXX,2023,5628
GLOBAL,PWRURNPRYXX,2024,5628
GLOBAL,PWRURNPRYXX,2025,5628
GLOBAL,PWRURNPRYXX,2026,5628
GLOBAL,PWRURNPRYXX,2027,5628
GLOBAL,PWRURNPRYXX,2028,5628
GLOBAL,PWRURNPRYXX,2029,5628
GLOBAL,PWRURNPRYXX,2030,5628
GLOBAL,PWRURNPRYXX,2031,5628
GLOBAL,PWRURNPRYXX,2032,5628
GLOBAL,PWRURNPRYXX,2033,5628
GLOBAL,PWRURNPRYXX,2034,5628
GLOBAL,PWRURNPRYXX,2035,5628
GLOBAL,PWRURNPRYXX,2036,5628
GLOBAL,PWRURNPRYXX,2037,5628
GLOBAL,PWRURNPRYXX,2038,5628
GLOBAL,PWRURNPRYXX,2039,5628
GLOBAL,PWRURNPRYXX,2040,5628
GLOBAL,PWRURNPRYXX,2041,5628
GLOBAL,PWRURNPRYXX,2042,5628
GLOBAL,PWRURNPRYXX,2043,5628
GLOBAL,PWRURNPRYXX,2044,5628
GLOBAL,PWRURNPRYXX,2045,5628
GLOBAL,PWRURNPRYXX,2046,5628
GLOBAL,PWRURNPRYXX,2047,5628
GLOBAL,PWRURNPRYXX,2048,5628
GLOBAL,PWRURNPRYXX,2049,5628
GLOBAL,PWRURNPRYXX,2050,5628
GLOBAL,PWRURNSLVXX,2023,6754
GLOBAL,PWRURNSLVXX,2024,6754
GLOBAL,PWRURNSLVXX,2025,6754
GLOBAL,PWRURNSLVXX,2026,6754
GLOBAL,PWRURNSLVXX,2027,6754
GLOBAL,PWRURNSLVXX,2028,6754
GLOBAL,PWRURNSLVXX,2029,6754
GLOBAL,PWRURNSLVXX,2030,6754
GLOBAL,PWRURNSLVXX,2031,6711.8
GLOBAL,PWRURNSLVXX,2032,6669.6
GLOBAL,PWRURNSLVXX,2033,6627.4
GLOBAL,PWRURNSLVXX,2034,6585.2
GLOBAL,PWRURNSLVXX,2035,6543
GLOBAL,PWRURNSLVXX,2036,6500.8
GLOBAL,PWRURNSLVXX,2037,6458.6
GLOBAL,PWRURNSLVXX,2038,6416.4
GLOBAL,PWRURNSLVXX,2039,6374.2
GLOBAL,PWRURNSLVXX,2040,6332
GLOBAL,PWRURNSLVXX,2041,6332
GLOBAL,PWRURNSLVXX,2042,6332
GLOBAL,PWRURNSLVXX,2043,6332
GLOBAL,PWRURNSLVXX,2044,6332
GLOBAL,PWRURNSLVXX,2045,6332
GLOBAL,PWRURNSLVXX,2046,6332
GLOBAL,PWRURNSLVXX,2047,6332
GLOBAL,PWRURNSLVXX,2048,6332
GLOBAL,PWRURNSLVXX,2049,6332
GLOBAL,PWRURNSLVXX,2050,6332
GLOBAL,PWRURNURYXX,2023,5628
GLOBAL,PWRURNURYXX,2024,5628
GLOBAL,PWRURNURYXX,2025,5628
GLOBAL,PWRURNURYXX,2026,5628
GLOBAL,PWRURNURYXX,2027,5628
GLOBAL,PWRURNURYXX,2028,5628
GLOBAL,PWRURNURYXX,2029,5628
GLOBAL,PWRURNURYXX,2030,5628
GLOBAL,PWRURNURYXX,2031,5628
GLOBAL,PWRURNURYXX,2032,5628
GLOBAL,PWRURNURYXX,2033,5628
GLOBAL,PWRURNURYXX,2034,5628
GLOBAL,PWRURNURYXX,2035,5628
GLOBAL,PWRURNURYXX,2036,5628
GLOBAL,PWRURNURYXX,2037,5628
GLOBAL,PWRURNURYXX,2038,5628
GLOBAL,PWRURNURYXX,2039,5628
GLOBAL,PWRURNURYXX,2040,5628
GLOBAL,PWRURNURYXX,2041,5628
GLOBAL,PWRURNURYXX,2042,5628
GLOBAL,PWRURNURYXX,2043,5628
GLOBAL,PWRURNURYXX,2044,5628
GLOBAL,PWRURNURYXX,2045,5628
GLOBAL,PWRURNURYXX,2046,5628
GLOBAL,PWRURNURYXX,2047,5628
GLOBAL,PWRURNURYXX,2048,5628
GLOBAL,PWRURNURYXX,2049,5628
GLOBAL,PWRURNURYXX,2050,5628
GLOBAL,PWRWASARGXX,2023,6550
GLOBAL,PWRWASARGXX,2024,6550
GLOBAL,PWRWASARGXX,2025,6550
GLOBAL,PWRWASARGXX,2026,6550
GLOBAL,PWRWASARGXX,2027,6550
GLOBAL,PWRWASARGXX,2028,6550
GLOBAL,PWRWASARGXX,2029,6550
GLOBAL,PWRWASARGXX,2030,6550
GLOBAL,PWRWASARGXX,2031,6545
GLOBAL,PWRWASARGXX,2032,6540
GLOBAL,PWRWASARGXX,2033,6535
GLOBAL,PWRWASARGXX,2034,6530
GLOBAL,PWRWASARGXX,2035,6525
GLOBAL,PWRWASARGXX,2036,6520
GLOBAL,PWRWASARGXX,2037,6515
GLOBAL,PWRWASARGXX,2038,6510
GLOBAL,PWRWASARGXX,2039,6505
GLOBAL,PWRWASARGXX,2040,6500
GLOBAL,PWRWASARGXX,2041,6500
GLOBAL,PWRWASARGXX,2042,6500
GLOBAL,PWRWASARGXX,2043,6500
GLOBAL,PWRWASARGXX,2044,6500
GLOBAL,PWRWASARGXX,2045,6500
GLOBAL,PWRWASARGXX,2046,6500
GLOBAL,PWRWASARGXX,2047,6500
GLOBAL,PWRWASARGXX,2048,6500
GLOBAL,PWRWASARGXX,2049,6500
GLOBAL,PWRWASARGXX,2050,6500
GLOBAL,PWRWASBOLXX,2023,6550
GLOBAL,PWRWASBOLXX,2024,6550
GLOBAL,PWRWASBOLXX,2025,6550
GLOBAL,PWRWASBOLXX,2026,6550
GLOBAL,PWRWASBOLXX,2027,6550
GLOBAL,PWRWASBOLXX,2028,6550
GLOBAL,PWRWASBOLXX,2029,6550
GLOBAL,PWRWASBOLXX,2030,6550
GLOBAL,PWRWASBOLXX,2031,6545
GLOBAL,PWRWASBOLXX,2032,6540
GLOBAL,PWRWASBOLXX,2033,6535
GLOBAL,PWRWASBOLXX,2034,6530
GLOBAL,PWRWASBOLXX,2035,6525
GLOBAL,PWRWASBOLXX,2036,6520
GLOBAL,PWRWASBOLXX,2037,6515
GLOBAL,PWRWASBOLXX,2038,6510
GLOBAL,PWRWASBOLXX,2039,6505
GLOBAL,PWRWASBOLXX,2040,6500
GLOBAL,PWRWASBOLXX,2041,6500
GLOBAL,PWRWASBOLXX,2042,6500
GLOBAL,PWRWASBOLXX,2043,6500
GLOBAL,PWRWASBOLXX,2044,6500
GLOBAL,PWRWASBOLXX,2045,6500
GLOBAL,PWRWASBOLXX,2046,6500
GLOBAL,PWRWASBOLXX,2047,6500
GLOBAL,PWRWASBOLXX,2048,6500
GLOBAL,PWRWASBOLXX,2049,6500
GLOBAL,PWRWASBOLXX,2050,6500
GLOBAL,PWRWASBRAXX,2023,6550
GLOBAL,PWRWASBRAXX,2024,6550
GLOBAL,PWRWASBRAXX,2025,6550
GLOBAL,PWRWASBRAXX,2026,6550
GLOBAL,PWRWASBRAXX,2027,6550
GLOBAL,PWRWASBRAXX,2028,6550
GLOBAL,PWRWASBRAXX,2029,6550
GLOBAL,PWRWASBRAXX,2030,6550
GLOBAL,PWRWASBRAXX,2031,6545
GLOBAL,PWRWASBRAXX,2032,6540
GLOBAL,PWRWASBRAXX,2033,6535
GLOBAL,PWRWASBRAXX,2034,6530
GLOBAL,PWRWASBRAXX,2035,6525
GLOBAL,PWRWASBRAXX,2036,6520
GLOBAL,PWRWASBRAXX,2037,6515
GLOBAL,PWRWASBRAXX,2038,6510
GLOBAL,PWRWASBRAXX,2039,6505
GLOBAL,PWRWASBRAXX,2040,6500
GLOBAL,PWRWASBRAXX,2041,6500
GLOBAL,PWRWASBRAXX,2042,6500
GLOBAL,PWRWASBRAXX,2043,6500
GLOBAL,PWRWASBRAXX,2044,6500
GLOBAL,PWRWASBRAXX,2045,6500
GLOBAL,PWRWASBRAXX,2046,6500
GLOBAL,PWRWASBRAXX,2047,6500
GLOBAL,PWRWASBRAXX,2048,6500
GLOBAL,PWRWASBRAXX,2049,6500
GLOBAL,PWRWASBRAXX,2050,6500
GLOBAL,PWRWASBRBXX,2023,7650
GLOBAL,PWRWASBRBXX,2024,7650
GLOBAL,PWRWASBRBXX,2025,7650
GLOBAL,PWRWASBRBXX,2026,7650
GLOBAL,PWRWASBRBXX,2027,7650
GLOBAL,PWRWASBRBXX,2028,7650
GLOBAL,PWRWASBRBXX,2029,7650
GLOBAL,PWRWASBRBXX,2030,7650
GLOBAL,PWRWASBRBXX,2031,7640
GLOBAL,PWRWASBRBXX,2032,7630
GLOBAL,PWRWASBRBXX,2033,7620
GLOBAL,PWRWASBRBXX,2034,7610
GLOBAL,PWRWASBRBXX,2035,7600
GLOBAL,PWRWASBRBXX,2036,7590
GLOBAL,PWRWASBRBXX,2037,7580
GLOBAL,PWRWASBRBXX,2038,7570
GLOBAL,PWRWASBRBXX,2039,7560
GLOBAL,PWRWASBRBXX,2040,7550
GLOBAL,PWRWASBRBXX,2041,7550
GLOBAL,PWRWASBRBXX,2042,7550
GLOBAL,PWRWASBRBXX,2043,7550
GLOBAL,PWRWASBRBXX,2044,7550
GLOBAL,PWRWASBRBXX,2045,7550
GLOBAL,PWRWASBRBXX,2046,7550
GLOBAL,PWRWASBRBXX,2047,7550
GLOBAL,PWRWASBRBXX,2048,7550
GLOBAL,PWRWASBRBXX,2049,7550
GLOBAL,PWRWASBRBXX,2050,7550
GLOBAL,PWRWASCHLXX,2023,6550
GLOBAL,PWRWASCHLXX,2024,6550
GLOBAL,PWRWASCHLXX,2025,6550
GLOBAL,PWRWASCHLXX,2026,6550
GLOBAL,PWRWASCHLXX,2027,6550
GLOBAL,PWRWASCHLXX,2028,6550
GLOBAL,PWRWASCHLXX,2029,6550
GLOBAL,PWRWASCHLXX,2030,6550
GLOBAL,PWRWASCHLXX,2031,6545
GLOBAL,PWRWASCHLXX,2032,6540
GLOBAL,PWRWASCHLXX,2033,6535
GLOBAL,PWRWASCHLXX,2034,6530
GLOBAL,PWRWASCHLXX,2035,6525
GLOBAL,PWRWASCHLXX,2036,6520
GLOBAL,PWRWASCHLXX,2037,6515
GLOBAL,PWRWASCHLXX,2038,6510
GLOBAL,PWRWASCHLXX,2039,6505
GLOBAL,PWRWASCHLXX,2040,6500
GLOBAL,PWRWASCHLXX,2041,6500
GLOBAL,PWRWASCHLXX,2042,6500
GLOBAL,PWRWASCHLXX,2043,6500
GLOBAL,PWRWASCHLXX,2044,6500
GLOBAL,PWRWASCHLXX,2045,6500
GLOBAL,PWRWASCHLXX,2046,6500
GLOBAL,PWRWASCHLXX,2047,6500
GLOBAL,PWRWASCHLXX,2048,6500
GLOBAL,PWRWASCHLXX,2049,6500
GLOBAL,PWRWASCHLXX,2050,6500
GLOBAL,PWRWASCOLXX,2023,6550
GLOBAL,PWRWASCOLXX,2024,6550
GLOBAL,PWRWASCOLXX,2025,6550
GLOBAL,PWRWASCOLXX,2026,6550
GLOBAL,PWRWASCOLXX,2027,6550
GLOBAL,PWRWASCOLXX,2028,6550
GLOBAL,PWRWASCOLXX,2029,6550
GLOBAL,PWRWASCOLXX,2030,6550
GLOBAL,PWRWASCOLXX,2031,6545
GLOBAL,PWRWASCOLXX,2032,6540
GLOBAL,PWRWASCOLXX,2033,6535
GLOBAL,PWRWASCOLXX,2034,6530
GLOBAL,PWRWASCOLXX,2035,6525
GLOBAL,PWRWASCOLXX,2036,6520
GLOBAL,PWRWASCOLXX,2037,6515
GLOBAL,PWRWASCOLXX,2038,6510
GLOBAL,PWRWASCOLXX,2039,6505
GLOBAL,PWRWASCOLXX,2040,6500
GLOBAL,PWRWASCOLXX,2041,6500
GLOBAL,PWRWASCOLXX,2042,6500
GLOBAL,PWRWASCOLXX,2043,6500
GLOBAL,PWRWASCOLXX,2044,6500
GLOBAL,PWRWASCOLXX,2045,6500
GLOBAL,PWRWASCOLXX,2046,6500
GLOBAL,PWRWASCOLXX,2047,6500
GLOBAL,PWRWASCOLXX,2048,6500
GLOBAL,PWRWASCOLXX,2049,6500
GLOBAL,PWRWASCOLXX,2050,6500
GLOBAL,PWRWASCRIXX,2023,7650
GLOBAL,PWRWASCRIXX,2024,7650
GLOBAL,PWRWASCRIXX,2025,7650
GLOBAL,PWRWASCRIXX,2026,7650
GLOBAL,PWRWASCRIXX,2027,7650
GLOBAL,PWRWASCRIXX,2028,7650
GLOBAL,PWRWASCRIXX,2029,7650
GLOBAL,PWRWASCRIXX,2030,7650
GLOBAL,PWRWASCRIXX,2031,7640
GLOBAL,PWRWASCRIXX,2032,7630
GLOBAL,PWRWASCRIXX,2033,7620
GLOBAL,PWRWASCRIXX,2034,7610
GLOBAL,PWRWASCRIXX,2035,7600
GLOBAL,PWRWASCRIXX,2036,7590
GLOBAL,PWRWASCRIXX,2037,7580
GLOBAL,PWRWASCRIXX,2038,7570
GLOBAL,PWRWASCRIXX,2039,7560
GLOBAL,PWRWASCRIXX,2040,7550
GLOBAL,PWRWASCRIXX,2041,7550
GLOBAL,PWRWASCRIXX,2042,7550
GLOBAL,PWRWASCRIXX,2043,7550
GLOBAL,PWRWASCRIXX,2044,7550
GLOBAL,PWRWASCRIXX,2045,7550
GLOBAL,PWRWASCRIXX,2046,7550
GLOBAL,PWRWASCRIXX,2047,7550
GLOBAL,PWRWASCRIXX,2048,7550
GLOBAL,PWRWASCRIXX,2049,7550
GLOBAL,PWRWASCRIXX,2050,7550
GLOBAL,PWRWASDOMXX,2023,7650
GLOBAL,PWRWASDOMXX,2024,7650
GLOBAL,PWRWASDOMXX,2025,7650
GLOBAL,PWRWASDOMXX,2026,7650
GLOBAL,PWRWASDOMXX,2027,7650
GLOBAL,PWRWASDOMXX,2028,7650
GLOBAL,PWRWASDOMXX,2029,7650
GLOBAL,PWRWASDOMXX,2030,7650
GLOBAL,PWRWASDOMXX,2031,7640
GLOBAL,PWRWASDOMXX,2032,7630
GLOBAL,PWRWASDOMXX,2033,7620
GLOBAL,PWRWASDOMXX,2034,7610
GLOBAL,PWRWASDOMXX,2035,7600
GLOBAL,PWRWASDOMXX,2036,7590
GLOBAL,PWRWASDOMXX,2037,7580
GLOBAL,PWRWASDOMXX,2038,7570
GLOBAL,PWRWASDOMXX,2039,7560
GLOBAL,PWRWASDOMXX,2040,7550
GLOBAL,PWRWASDOMXX,2041,7550
GLOBAL,PWRWASDOMXX,2042,7550
GLOBAL,PWRWASDOMXX,2043,7550
GLOBAL,PWRWASDOMXX,2044,7550
GLOBAL,PWRWASDOMXX,2045,7550
GLOBAL,PWRWASDOMXX,2046,7550
GLOBAL,PWRWASDOMXX,2047,7550
GLOBAL,PWRWASDOMXX,2048,7550
GLOBAL,PWRWASDOMXX,2049,7550
GLOBAL,PWRWASDOMXX,2050,7550
GLOBAL,PWRWASECUXX,2023,6550
GLOBAL,PWRWASECUXX,2024,6550
GLOBAL,PWRWASECUXX,2025,6550
GLOBAL,PWRWASECUXX,2026,6550
GLOBAL,PWRWASECUXX,2027,6550
GLOBAL,PWRWASECUXX,2028,6550
GLOBAL,PWRWASECUXX,2029,6550
GLOBAL,PWRWASECUXX,2030,6550
GLOBAL,PWRWASECUXX,2031,6545
GLOBAL,PWRWASECUXX,2032,6540
GLOBAL,PWRWASECUXX,2033,6535
GLOBAL,PWRWASECUXX,2034,6530
GLOBAL,PWRWASECUXX,2035,6525
GLOBAL,PWRWASECUXX,2036,6520
GLOBAL,PWRWASECUXX,2037,6515
GLOBAL,PWRWASECUXX,2038,6510
GLOBAL,PWRWASECUXX,2039,6505
GLOBAL,PWRWASECUXX,2040,6500
GLOBAL,PWRWASECUXX,2041,6500
GLOBAL,PWRWASECUXX,2042,6500
GLOBAL,PWRWASECUXX,2043,6500
GLOBAL,PWRWASECUXX,2044,6500
GLOBAL,PWRWASECUXX,2045,6500
GLOBAL,PWRWASECUXX,2046,6500
GLOBAL,PWRWASECUXX,2047,6500
GLOBAL,PWRWASECUXX,2048,6500
GLOBAL,PWRWASECUXX,2049,6500
GLOBAL,PWRWASECUXX,2050,6500
GLOBAL,PWRWASGTMXX,2023,7650
GLOBAL,PWRWASGTMXX,2024,7650
GLOBAL,PWRWASGTMXX,2025,7650
GLOBAL,PWRWASGTMXX,2026,7650
GLOBAL,PWRWASGTMXX,2027,7650
GLOBAL,PWRWASGTMXX,2028,7650
GLOBAL,PWRWASGTMXX,2029,7650
GLOBAL,PWRWASGTMXX,2030,7650
GLOBAL,PWRWASGTMXX,2031,7640
GLOBAL,PWRWASGTMXX,2032,7630
GLOBAL,PWRWASGTMXX,2033,7620
GLOBAL,PWRWASGTMXX,2034,7610
GLOBAL,PWRWASGTMXX,2035,7600
GLOBAL,PWRWASGTMXX,2036,7590
GLOBAL,PWRWASGTMXX,2037,7580
GLOBAL,PWRWASGTMXX,2038,7570
GLOBAL,PWRWASGTMXX,2039,7560
GLOBAL,PWRWASGTMXX,2040,7550
GLOBAL,PWRWASGTMXX,2041,7550
GLOBAL,PWRWASGTMXX,2042,7550
GLOBAL,PWRWASGTMXX,2043,7550
GLOBAL,PWRWASGTMXX,2044,7550
GLOBAL,PWRWASGTMXX,2045,7550
GLOBAL,PWRWASGTMXX,2046,7550
GLOBAL,PWRWASGTMXX,2047,7550
GLOBAL,PWRWASGTMXX,2048,7550
GLOBAL,PWRWASGTMXX,2049,7550
GLOBAL,PWRWASGTMXX,2050,7550
GLOBAL,PWRWASHNDXX,2023,7650
GLOBAL,PWRWASHNDXX,2024,7650
GLOBAL,PWRWASHNDXX,2025,7650
GLOBAL,PWRWASHNDXX,2026,7650
GLOBAL,PWRWASHNDXX,2027,7650
GLOBAL,PWRWASHNDXX,2028,7650
GLOBAL,PWRWASHNDXX,2029,7650
GLOBAL,PWRWASHNDXX,2030,7650
GLOBAL,PWRWASHNDXX,2031,7640
GLOBAL,PWRWASHNDXX,2032,7630
GLOBAL,PWRWASHNDXX,2033,7620
GLOBAL,PWRWASHNDXX,2034,7610
GLOBAL,PWRWASHNDXX,2035,7600
GLOBAL,PWRWASHNDXX,2036,7590
GLOBAL,PWRWASHNDXX,2037,7580
GLOBAL,PWRWASHNDXX,2038,7570
GLOBAL,PWRWASHNDXX,2039,7560
GLOBAL,PWRWASHNDXX,2040,7550
GLOBAL,PWRWASHNDXX,2041,7550
GLOBAL,PWRWASHNDXX,2042,7550
GLOBAL,PWRWASHNDXX,2043,7550
GLOBAL,PWRWASHNDXX,2044,7550
GLOBAL,PWRWASHNDXX,2045,7550
GLOBAL,PWRWASHNDXX,2046,7550
GLOBAL,PWRWASHNDXX,2047,7550
GLOBAL,PWRWASHNDXX,2048,7550
GLOBAL,PWRWASHNDXX,2049,7550
GLOBAL,PWRWASHNDXX,2050,7550
GLOBAL,PWRWASHTIXX,2023,7650
GLOBAL,PWRWASHTIXX,2024,7650
GLOBAL,PWRWASHTIXX,2025,7650
GLOBAL,PWRWASHTIXX,2026,7650
GLOBAL,PWRWASHTIXX,2027,7650
GLOBAL,PWRWASHTIXX,2028,7650
GLOBAL,PWRWASHTIXX,2029,7650
GLOBAL,PWRWASHTIXX,2030,7650
GLOBAL,PWRWASHTIXX,2031,7640
GLOBAL,PWRWASHTIXX,2032,7630
GLOBAL,PWRWASHTIXX,2033,7620
GLOBAL,PWRWASHTIXX,2034,7610
GLOBAL,PWRWASHTIXX,2035,7600
GLOBAL,PWRWASHTIXX,2036,7590
GLOBAL,PWRWASHTIXX,2037,7580
GLOBAL,PWRWASHTIXX,2038,7570
GLOBAL,PWRWASHTIXX,2039,7560
GLOBAL,PWRWASHTIXX,2040,7550
GLOBAL,PWRWASHTIXX,2041,7550
GLOBAL,PWRWASHTIXX,2042,7550
GLOBAL,PWRWASHTIXX,2043,7550
GLOBAL,PWRWASHTIXX,2044,7550
GLOBAL,PWRWASHTIXX,2045,7550
GLOBAL,PWRWASHTIXX,2046,7550
GLOBAL,PWRWASHTIXX,2047,7550
GLOBAL,PWRWASHTIXX,2048,7550
GLOBAL,PWRWASHTIXX,2049,7550
GLOBAL,PWRWASHTIXX,2050,7550
GLOBAL,PWRWASMEXXX,2023,7650
GLOBAL,PWRWASMEXXX,2024,7650
GLOBAL,PWRWASMEXXX,2025,7650
GLOBAL,PWRWASMEXXX,2026,7650
GLOBAL,PWRWASMEXXX,2027,7650
GLOBAL,PWRWASMEXXX,2028,7650
GLOBAL,PWRWASMEXXX,2029,7650
GLOBAL,PWRWASMEXXX,2030,7650
GLOBAL,PWRWASMEXXX,2031,7640
GLOBAL,PWRWASMEXXX,2032,7630
GLOBAL,PWRWASMEXXX,2033,7620
GLOBAL,PWRWASMEXXX,2034,7610
GLOBAL,PWRWASMEXXX,2035,7600
GLOBAL,PWRWASMEXXX,2036,7590
GLOBAL,PWRWASMEXXX,2037,7580
GLOBAL,PWRWASMEXXX,2038,7570
GLOBAL,PWRWASMEXXX,2039,7560
GLOBAL,PWRWASMEXXX,2040,7550
GLOBAL,PWRWASMEXXX,2041,7550
GLOBAL,PWRWASMEXXX,2042,7550
GLOBAL,PWRWASMEXXX,2043,7550
GLOBAL,PWRWASMEXXX,2044,7550
GLOBAL,PWRWASMEXXX,2045,7550
GLOBAL,PWRWASMEXXX,2046,7550
GLOBAL,PWRWASMEXXX,2047,7550
GLOBAL,PWRWASMEXXX,2048,7550
GLOBAL,PWRWASMEXXX,2049,7550
GLOBAL,PWRWASMEXXX,2050,7550
GLOBAL,PWRWASNICXX,2023,6550
GLOBAL,PWRWASNICXX,2024,6550
GLOBAL,PWRWASNICXX,2025,6550
GLOBAL,PWRWASNICXX,2026,6550
GLOBAL,PWRWASNICXX,2027,6550
GLOBAL,PWRWASNICXX,2028,6550
GLOBAL,PWRWASNICXX,2029,6550
GLOBAL,PWRWASNICXX,2030,6550
GLOBAL,PWRWASNICXX,2031,6545
GLOBAL,PWRWASNICXX,2032,6540
GLOBAL,PWRWASNICXX,2033,6535
GLOBAL,PWRWASNICXX,2034,6530
GLOBAL,PWRWASNICXX,2035,6525
GLOBAL,PWRWASNICXX,2036,6520
GLOBAL,PWRWASNICXX,2037,6515
GLOBAL,PWRWASNICXX,2038,6510
GLOBAL,PWRWASNICXX,2039,6505
GLOBAL,PWRWASNICXX,2040,6500
GLOBAL,PWRWASNICXX,2041,6500
GLOBAL,PWRWASNICXX,2042,6500
GLOBAL,PWRWASNICXX,2043,6500
GLOBAL,PWRWASNICXX,2044,6500
GLOBAL,PWRWASNICXX,2045,6500
GLOBAL,PWRWASNICXX,2046,6500
GLOBAL,PWRWASNICXX,2047,6500
GLOBAL,PWRWASNICXX,2048,6500
GLOBAL,PWRWASNICXX,2049,6500
GLOBAL,PWRWASNICXX,2050,6500
GLOBAL,PWRWASPANXX,2023,7650
GLOBAL,PWRWASPANXX,2024,7650
GLOBAL,PWRWASPANXX,2025,7650
GLOBAL,PWRWASPANXX,2026,7650
GLOBAL,PWRWASPANXX,2027,7650
GLOBAL,PWRWASPANXX,2028,7650
GLOBAL,PWRWASPANXX,2029,7650
GLOBAL,PWRWASPANXX,2030,7650
GLOBAL,PWRWASPANXX,2031,7640
GLOBAL,PWRWASPANXX,2032,7630
GLOBAL,PWRWASPANXX,2033,7620
GLOBAL,PWRWASPANXX,2034,7610
GLOBAL,PWRWASPANXX,2035,7600
GLOBAL,PWRWASPANXX,2036,7590
GLOBAL,PWRWASPANXX,2037,7580
GLOBAL,PWRWASPANXX,2038,7570
GLOBAL,PWRWASPANXX,2039,7560
GLOBAL,PWRWASPANXX,2040,7550
GLOBAL,PWRWASPANXX,2041,7550
GLOBAL,PWRWASPANXX,2042,7550
GLOBAL,PWRWASPANXX,2043,7550
GLOBAL,PWRWASPANXX,2044,7550
GLOBAL,PWRWASPANXX,2045,7550
GLOBAL,PWRWASPANXX,2046,7550
GLOBAL,PWRWASPANXX,2047,7550
GLOBAL,PWRWASPANXX,2048,7550
GLOBAL,PWRWASPANXX,2049,7550
GLOBAL,PWRWASPANXX,2050,7550
GLOBAL,PWRWASPERXX,2023,6550
GLOBAL,PWRWASPERXX,2024,6550
GLOBAL,PWRWASPERXX,2025,6550
GLOBAL,PWRWASPERXX,2026,6550
GLOBAL,PWRWASPERXX,2027,6550
GLOBAL,PWRWASPERXX,2028,6550
GLOBAL,PWRWASPERXX,2029,6550
GLOBAL,PWRWASPERXX,2030,6550
GLOBAL,PWRWASPERXX,2031,6545
GLOBAL,PWRWASPERXX,2032,6540
GLOBAL,PWRWASPERXX,2033,6535
GLOBAL,PWRWASPERXX,2034,6530
GLOBAL,PWRWASPERXX,2035,6525
GLOBAL,PWRWASPERXX,2036,6520
GLOBAL,PWRWASPERXX,2037,6515
GLOBAL,PWRWASPERXX,2038,6510
GLOBAL,PWRWASPERXX,2039,6505
GLOBAL,PWRWASPERXX,2040,6500
GLOBAL,PWRWASPERXX,2041,6500
GLOBAL,PWRWASPERXX,2042,6500
GLOBAL,PWRWASPERXX,2043,6500
GLOBAL,PWRWASPERXX,2044,6500
GLOBAL,PWRWASPERXX,2045,6500
GLOBAL,PWRWASPERXX,2046,6500
GLOBAL,PWRWASPERXX,2047,6500
GLOBAL,PWRWASPERXX,2048,6500
GLOBAL,PWRWASPERXX,2049,6500
GLOBAL,PWRWASPERXX,2050,6500
GLOBAL,PWRWASPRYXX,2023,6550
GLOBAL,PWRWASPRYXX,2024,6550
GLOBAL,PWRWASPRYXX,2025,6550
GLOBAL,PWRWASPRYXX,2026,6550
GLOBAL,PWRWASPRYXX,2027,6550
GLOBAL,PWRWASPRYXX,2028,6550
GLOBAL,PWRWASPRYXX,2029,6550
GLOBAL,PWRWASPRYXX,2030,6550
GLOBAL,PWRWASPRYXX,2031,6545
GLOBAL,PWRWASPRYXX,2032,6540
GLOBAL,PWRWASPRYXX,2033,6535
GLOBAL,PWRWASPRYXX,2034,6530
GLOBAL,PWRWASPRYXX,2035,6525
GLOBAL,PWRWASPRYXX,2036,6520
GLOBAL,PWRWASPRYXX,2037,6515
GLOBAL,PWRWASPRYXX,2038,6510
GLOBAL,PWRWASPRYXX,2039,6505
GLOBAL,PWRWASPRYXX,2040,6500
GLOBAL,PWRWASPRYXX,2041,6500
GLOBAL,PWRWASPRYXX,2042,6500
GLOBAL,PWRWASPRYXX,2043,6500
GLOBAL,PWRWASPRYXX,2044,6500
GLOBAL,PWRWASPRYXX,2045,6500
GLOBAL,PWRWASPRYXX,2046,6500
GLOBAL,PWRWASPRYXX,2047,6500
GLOBAL,PWRWASPRYXX,2048,6500
GLOBAL,PWRWASPRYXX,2049,6500
GLOBAL,PWRWASPRYXX,2050,6500
GLOBAL,PWRWASSLVXX,2023,7650
GLOBAL,PWRWASSLVXX,2024,7650
GLOBAL,PWRWASSLVXX,2025,7650
GLOBAL,PWRWASSLVXX,2026,7650
GLOBAL,PWRWASSLVXX,2027,7650
GLOBAL,PWRWASSLVXX,2028,7650
GLOBAL,PWRWASSLVXX,2029,7650
GLOBAL,PWRWASSLVXX,2030,7650
GLOBAL,PWRWASSLVXX,2031,7640
GLOBAL,PWRWASSLVXX,2032,7630
GLOBAL,PWRWASSLVXX,2033,7620
GLOBAL,PWRWASSLVXX,2034,7610
GLOBAL,PWRWASSLVXX,2035,7600
GLOBAL,PWRWASSLVXX,2036,7590
GLOBAL,PWRWASSLVXX,2037,7580
GLOBAL,PWRWASSLVXX,2038,7570
GLOBAL,PWRWASSLVXX,2039,7560
GLOBAL,PWRWASSLVXX,2040,7550
GLOBAL,PWRWASSLVXX,2041,7550
GLOBAL,PWRWASSLVXX,2042,7550
GLOBAL,PWRWASSLVXX,2043,7550
GLOBAL,PWRWASSLVXX,2044,7550
GLOBAL,PWRWASSLVXX,2045,7550
GLOBAL,PWRWASSLVXX,2046,7550
GLOBAL,PWRWASSLVXX,2047,7550
GLOBAL,PWRWASSLVXX,2048,7550
GLOBAL,PWRWASSLVXX,2049,7550
GLOBAL,PWRWASSLVXX,2050,7550
GLOBAL,PWRWASURYXX,2023,6550
GLOBAL,PWRWASURYXX,2024,6550
GLOBAL,PWRWASURYXX,2025,6550
GLOBAL,PWRWASURYXX,2026,6550
GLOBAL,PWRWASURYXX,2027,6550
GLOBAL,PWRWASURYXX,2028,6550
GLOBAL,PWRWASURYXX,2029,6550
GLOBAL,PWRWASURYXX,2030,6550
GLOBAL,PWRWASURYXX,2031,6545
GLOBAL,PWRWASURYXX,2032,6540
GLOBAL,PWRWASURYXX,2033,6535
GLOBAL,PWRWASURYXX,2034,6530
GLOBAL,PWRWASURYXX,2035,6525
GLOBAL,PWRWASURYXX,2036,6520
GLOBAL,PWRWASURYXX,2037,6515
GLOBAL,PWRWASURYXX,2038,6510
GLOBAL,PWRWASURYXX,2039,6505
GLOBAL,PWRWASURYXX,2040,6500
GLOBAL,PWRWASURYXX,2041,6500
GLOBAL,PWRWASURYXX,2042,6500
GLOBAL,PWRWASURYXX,2043,6500
GLOBAL,PWRWASURYXX,2044,6500
GLOBAL,PWRWASURYXX,2045,6500
GLOBAL,PWRWASURYXX,2046,6500
GLOBAL,PWRWASURYXX,2047,6500
GLOBAL,PWRWASURYXX,2048,6500
GLOBAL,PWRWASURYXX,2049,6500
GLOBAL,PWRWASURYXX,2050,6500
GLOBAL,PWRWAVARGXX,2023,4500
GLOBAL,PWRWAVARGXX,2024,4500
GLOBAL,PWRWAVARGXX,2025,4500
GLOBAL,PWRWAVARGXX,2026,4500
GLOBAL,PWRWAVARGXX,2027,4500
GLOBAL,PWRWAVARGXX,2028,4500
GLOBAL,PWRWAVARGXX,2029,4500
GLOBAL,PWRWAVARGXX,2030,4500
GLOBAL,PWRWAVARGXX,2031,4390
GLOBAL,PWRWAVARGXX,2032,4280
GLOBAL,PWRWAVARGXX,2033,4170
GLOBAL,PWRWAVARGXX,2034,4060
GLOBAL,PWRWAVARGXX,2035,3950
GLOBAL,PWRWAVARGXX,2036,3840
GLOBAL,PWRWAVARGXX,2037,3730
GLOBAL,PWRWAVARGXX,2038,3620
GLOBAL,PWRWAVARGXX,2039,3510
GLOBAL,PWRWAVARGXX,2040,3400
GLOBAL,PWRWAVARGXX,2041,3400
GLOBAL,PWRWAVARGXX,2042,3400
GLOBAL,PWRWAVARGXX,2043,3400
GLOBAL,PWRWAVARGXX,2044,3400
GLOBAL,PWRWAVARGXX,2045,3400
GLOBAL,PWRWAVARGXX,2046,3400
GLOBAL,PWRWAVARGXX,2047,3400
GLOBAL,PWRWAVARGXX,2048,3400
GLOBAL,PWRWAVARGXX,2049,3400
GLOBAL,PWRWAVARGXX,2050,3400
GLOBAL,PWRWAVBOLXX,2023,4500
GLOBAL,PWRWAVBOLXX,2024,4500
GLOBAL,PWRWAVBOLXX,2025,4500
GLOBAL,PWRWAVBOLXX,2026,4500
GLOBAL,PWRWAVBOLXX,2027,4500
GLOBAL,PWRWAVBOLXX,2028,4500
GLOBAL,PWRWAVBOLXX,2029,4500
GLOBAL,PWRWAVBOLXX,2030,4500
GLOBAL,PWRWAVBOLXX,2031,4390
GLOBAL,PWRWAVBOLXX,2032,4280
GLOBAL,PWRWAVBOLXX,2033,4170
GLOBAL,PWRWAVBOLXX,2034,4060
GLOBAL,PWRWAVBOLXX,2035,3950
GLOBAL,PWRWAVBOLXX,2036,3840
GLOBAL,PWRWAVBOLXX,2037,3730
GLOBAL,PWRWAVBOLXX,2038,3620
GLOBAL,PWRWAVBOLXX,2039,3510
GLOBAL,PWRWAVBOLXX,2040,3400
GLOBAL,PWRWAVBOLXX,2041,3400
GLOBAL,PWRWAVBOLXX,2042,3400
GLOBAL,PWRWAVBOLXX,2043,3400
GLOBAL,PWRWAVBOLXX,2044,3400
GLOBAL,PWRWAVBOLXX,2045,3400
GLOBAL,PWRWAVBOLXX,2046,3400
GLOBAL,PWRWAVBOLXX,2047,3400
GLOBAL,PWRWAVBOLXX,2048,3400
GLOBAL,PWRWAVBOLXX,2049,3400
GLOBAL,PWRWAVBOLXX,2050,3400
GLOBAL,PWRWAVBRAXX,2023,4500
GLOBAL,PWRWAVBRAXX,2024,4500
GLOBAL,PWRWAVBRAXX,2025,4500
GLOBAL,PWRWAVBRAXX,2026,4500
GLOBAL,PWRWAVBRAXX,2027,4500
GLOBAL,PWRWAVBRAXX,2028,4500
GLOBAL,PWRWAVBRAXX,2029,4500
GLOBAL,PWRWAVBRAXX,2030,4500
GLOBAL,PWRWAVBRAXX,2031,4390
GLOBAL,PWRWAVBRAXX,2032,4280
GLOBAL,PWRWAVBRAXX,2033,4170
GLOBAL,PWRWAVBRAXX,2034,4060
GLOBAL,PWRWAVBRAXX,2035,3950
GLOBAL,PWRWAVBRAXX,2036,3840
GLOBAL,PWRWAVBRAXX,2037,3730
GLOBAL,PWRWAVBRAXX,2038,3620
GLOBAL,PWRWAVBRAXX,2039,3510
GLOBAL,PWRWAVBRAXX,2040,3400
GLOBAL,PWRWAVBRAXX,2041,3400
GLOBAL,PWRWAVBRAXX,2042,3400
GLOBAL,PWRWAVBRAXX,2043,3400
GLOBAL,PWRWAVBRAXX,2044,3400
GLOBAL,PWRWAVBRAXX,2045,3400
GLOBAL,PWRWAVBRAXX,2046,3400
GLOBAL,PWRWAVBRAXX,2047,3400
GLOBAL,PWRWAVBRAXX,2048,3400
GLOBAL,PWRWAVBRAXX,2049,3400
GLOBAL,PWRWAVBRAXX,2050,3400
GLOBAL,PWRWAVBRBXX,2023,4400
GLOBAL,PWRWAVBRBXX,2024,4400
GLOBAL,PWRWAVBRBXX,2025,4400
GLOBAL,PWRWAVBRBXX,2026,4400
GLOBAL,PWRWAVBRBXX,2027,4400
GLOBAL,PWRWAVBRBXX,2028,4400
GLOBAL,PWRWAVBRBXX,2029,4400
GLOBAL,PWRWAVBRBXX,2030,4400
GLOBAL,PWRWAVBRBXX,2031,4290
GLOBAL,PWRWAVBRBXX,2032,4180
GLOBAL,PWRWAVBRBXX,2033,4070
GLOBAL,PWRWAVBRBXX,2034,3960
GLOBAL,PWRWAVBRBXX,2035,3850
GLOBAL,PWRWAVBRBXX,2036,3740
GLOBAL,PWRWAVBRBXX,2037,3630
GLOBAL,PWRWAVBRBXX,2038,3520
GLOBAL,PWRWAVBRBXX,2039,3410
GLOBAL,PWRWAVBRBXX,2040,3300
GLOBAL,PWRWAVBRBXX,2041,3300
GLOBAL,PWRWAVBRBXX,2042,3300
GLOBAL,PWRWAVBRBXX,2043,3300
GLOBAL,PWRWAVBRBXX,2044,3300
GLOBAL,PWRWAVBRBXX,2045,3300
GLOBAL,PWRWAVBRBXX,2046,3300
GLOBAL,PWRWAVBRBXX,2047,3300
GLOBAL,PWRWAVBRBXX,2048,3300
GLOBAL,PWRWAVBRBXX,2049,3300
GLOBAL,PWRWAVBRBXX,2050,3300
GLOBAL,PWRWAVCHLXX,2023,4500
GLOBAL,PWRWAVCHLXX,2024,4500
GLOBAL,PWRWAVCHLXX,2025,4500
GLOBAL,PWRWAVCHLXX,2026,4500
GLOBAL,PWRWAVCHLXX,2027,4500
GLOBAL,PWRWAVCHLXX,2028,4500
GLOBAL,PWRWAVCHLXX,2029,4500
GLOBAL,PWRWAVCHLXX,2030,4500
GLOBAL,PWRWAVCHLXX,2031,4390
GLOBAL,PWRWAVCHLXX,2032,4280
GLOBAL,PWRWAVCHLXX,2033,4170
GLOBAL,PWRWAVCHLXX,2034,4060
GLOBAL,PWRWAVCHLXX,2035,3950
GLOBAL,PWRWAVCHLXX,2036,3840
GLOBAL,PWRWAVCHLXX,2037,3730
GLOBAL,PWRWAVCHLXX,2038,3620
GLOBAL,PWRWAVCHLXX,2039,3510
GLOBAL,PWRWAVCHLXX,2040,3400
GLOBAL,PWRWAVCHLXX,2041,3400
GLOBAL,PWRWAVCHLXX,2042,3400
GLOBAL,PWRWAVCHLXX,2043,3400
GLOBAL,PWRWAVCHLXX,2044,3400
GLOBAL,PWRWAVCHLXX,2045,3400
GLOBAL,PWRWAVCHLXX,2046,3400
GLOBAL,PWRWAVCHLXX,2047,3400
GLOBAL,PWRWAVCHLXX,2048,3400
GLOBAL,PWRWAVCHLXX,2049,3400
GLOBAL,PWRWAVCHLXX,2050,3400
GLOBAL,PWRWAVCOLXX,2023,4500
GLOBAL,PWRWAVCOLXX,2024,4500
GLOBAL,PWRWAVCOLXX,2025,4500
GLOBAL,PWRWAVCOLXX,2026,4500
GLOBAL,PWRWAVCOLXX,2027,4500
GLOBAL,PWRWAVCOLXX,2028,4500
GLOBAL,PWRWAVCOLXX,2029,4500
GLOBAL,PWRWAVCOLXX,2030,4500
GLOBAL,PWRWAVCOLXX,2031,4390
GLOBAL,PWRWAVCOLXX,2032,4280
GLOBAL,PWRWAVCOLXX,2033,4170
GLOBAL,PWRWAVCOLXX,2034,4060
GLOBAL,PWRWAVCOLXX,2035,3950
GLOBAL,PWRWAVCOLXX,2036,3840
GLOBAL,PWRWAVCOLXX,2037,3730
GLOBAL,PWRWAVCOLXX,2038,3620
GLOBAL,PWRWAVCOLXX,2039,3510
GLOBAL,PWRWAVCOLXX,2040,3400
GLOBAL,PWRWAVCOLXX,2041,3400
GLOBAL,PWRWAVCOLXX,2042,3400
GLOBAL,PWRWAVCOLXX,2043,3400
GLOBAL,PWRWAVCOLXX,2044,3400
GLOBAL,PWRWAVCOLXX,2045,3400
GLOBAL,PWRWAVCOLXX,2046,3400
GLOBAL,PWRWAVCOLXX,2047,3400
GLOBAL,PWRWAVCOLXX,2048,3400
GLOBAL,PWRWAVCOLXX,2049,3400
GLOBAL,PWRWAVCOLXX,2050,3400
GLOBAL,PWRWAVCRIXX,2023,4400
GLOBAL,PWRWAVCRIXX,2024,4400
GLOBAL,PWRWAVCRIXX,2025,4400
GLOBAL,PWRWAVCRIXX,2026,4400
GLOBAL,PWRWAVCRIXX,2027,4400
GLOBAL,PWRWAVCRIXX,2028,4400
GLOBAL,PWRWAVCRIXX,2029,4400
GLOBAL,PWRWAVCRIXX,2030,4400
GLOBAL,PWRWAVCRIXX,2031,4290
GLOBAL,PWRWAVCRIXX,2032,4180
GLOBAL,PWRWAVCRIXX,2033,4070
GLOBAL,PWRWAVCRIXX,2034,3960
GLOBAL,PWRWAVCRIXX,2035,3850
GLOBAL,PWRWAVCRIXX,2036,3740
GLOBAL,PWRWAVCRIXX,2037,3630
GLOBAL,PWRWAVCRIXX,2038,3520
GLOBAL,PWRWAVCRIXX,2039,3410
GLOBAL,PWRWAVCRIXX,2040,3300
GLOBAL,PWRWAVCRIXX,2041,3300
GLOBAL,PWRWAVCRIXX,2042,3300
GLOBAL,PWRWAVCRIXX,2043,3300
GLOBAL,PWRWAVCRIXX,2044,3300
GLOBAL,PWRWAVCRIXX,2045,3300
GLOBAL,PWRWAVCRIXX,2046,3300
GLOBAL,PWRWAVCRIXX,2047,3300
GLOBAL,PWRWAVCRIXX,2048,3300
GLOBAL,PWRWAVCRIXX,2049,3300
GLOBAL,PWRWAVCRIXX,2050,3300
GLOBAL,PWRWAVDOMXX,2023,4400
GLOBAL,PWRWAVDOMXX,2024,4400
GLOBAL,PWRWAVDOMXX,2025,4400
GLOBAL,PWRWAVDOMXX,2026,4400
GLOBAL,PWRWAVDOMXX,2027,4400
GLOBAL,PWRWAVDOMXX,2028,4400
GLOBAL,PWRWAVDOMXX,2029,4400
GLOBAL,PWRWAVDOMXX,2030,4400
GLOBAL,PWRWAVDOMXX,2031,4290
GLOBAL,PWRWAVDOMXX,2032,4180
GLOBAL,PWRWAVDOMXX,2033,4070
GLOBAL,PWRWAVDOMXX,2034,3960
GLOBAL,PWRWAVDOMXX,2035,3850
GLOBAL,PWRWAVDOMXX,2036,3740
GLOBAL,PWRWAVDOMXX,2037,3630
GLOBAL,PWRWAVDOMXX,2038,3520
GLOBAL,PWRWAVDOMXX,2039,3410
GLOBAL,PWRWAVDOMXX,2040,3300
GLOBAL,PWRWAVDOMXX,2041,3300
GLOBAL,PWRWAVDOMXX,2042,3300
GLOBAL,PWRWAVDOMXX,2043,3300
GLOBAL,PWRWAVDOMXX,2044,3300
GLOBAL,PWRWAVDOMXX,2045,3300
GLOBAL,PWRWAVDOMXX,2046,3300
GLOBAL,PWRWAVDOMXX,2047,3300
GLOBAL,PWRWAVDOMXX,2048,3300
GLOBAL,PWRWAVDOMXX,2049,3300
GLOBAL,PWRWAVDOMXX,2050,3300
GLOBAL,PWRWAVECUXX,2023,4500
GLOBAL,PWRWAVECUXX,2024,4500
GLOBAL,PWRWAVECUXX,2025,4500
GLOBAL,PWRWAVECUXX,2026,4500
GLOBAL,PWRWAVECUXX,2027,4500
GLOBAL,PWRWAVECUXX,2028,4500
GLOBAL,PWRWAVECUXX,2029,4500
GLOBAL,PWRWAVECUXX,2030,4500
GLOBAL,PWRWAVECUXX,2031,4390
GLOBAL,PWRWAVECUXX,2032,4280
GLOBAL,PWRWAVECUXX,2033,4170
GLOBAL,PWRWAVECUXX,2034,4060
GLOBAL,PWRWAVECUXX,2035,3950
GLOBAL,PWRWAVECUXX,2036,3840
GLOBAL,PWRWAVECUXX,2037,3730
GLOBAL,PWRWAVECUXX,2038,3620
GLOBAL,PWRWAVECUXX,2039,3510
GLOBAL,PWRWAVECUXX,2040,3400
GLOBAL,PWRWAVECUXX,2041,3400
GLOBAL,PWRWAVECUXX,2042,3400
GLOBAL,PWRWAVECUXX,2043,3400
GLOBAL,PWRWAVECUXX,2044,3400
GLOBAL,PWRWAVECUXX,2045,3400
GLOBAL,PWRWAVECUXX,2046,3400
GLOBAL,PWRWAVECUXX,2047,3400
GLOBAL,PWRWAVECUXX,2048,3400
GLOBAL,PWRWAVECUXX,2049,3400
GLOBAL,PWRWAVECUXX,2050,3400
GLOBAL,PWRWAVGTMXX,2023,4400
GLOBAL,PWRWAVGTMXX,2024,4400
GLOBAL,PWRWAVGTMXX,2025,4400
GLOBAL,PWRWAVGTMXX,2026,4400
GLOBAL,PWRWAVGTMXX,2027,4400
GLOBAL,PWRWAVGTMXX,2028,4400
GLOBAL,PWRWAVGTMXX,2029,4400
GLOBAL,PWRWAVGTMXX,2030,4400
GLOBAL,PWRWAVGTMXX,2031,4290
GLOBAL,PWRWAVGTMXX,2032,4180
GLOBAL,PWRWAVGTMXX,2033,4070
GLOBAL,PWRWAVGTMXX,2034,3960
GLOBAL,PWRWAVGTMXX,2035,3850
GLOBAL,PWRWAVGTMXX,2036,3740
GLOBAL,PWRWAVGTMXX,2037,3630
GLOBAL,PWRWAVGTMXX,2038,3520
GLOBAL,PWRWAVGTMXX,2039,3410
GLOBAL,PWRWAVGTMXX,2040,3300
GLOBAL,PWRWAVGTMXX,2041,3300
GLOBAL,PWRWAVGTMXX,2042,3300
GLOBAL,PWRWAVGTMXX,2043,3300
GLOBAL,PWRWAVGTMXX,2044,3300
GLOBAL,PWRWAVGTMXX,2045,3300
GLOBAL,PWRWAVGTMXX,2046,3300
GLOBAL,PWRWAVGTMXX,2047,3300
GLOBAL,PWRWAVGTMXX,2048,3300
GLOBAL,PWRWAVGTMXX,2049,3300
GLOBAL,PWRWAVGTMXX,2050,3300
GLOBAL,PWRWAVHNDXX,2023,4400
GLOBAL,PWRWAVHNDXX,2024,4400
GLOBAL,PWRWAVHNDXX,2025,4400
GLOBAL,PWRWAVHNDXX,2026,4400
GLOBAL,PWRWAVHNDXX,2027,4400
GLOBAL,PWRWAVHNDXX,2028,4400
GLOBAL,PWRWAVHNDXX,2029,4400
GLOBAL,PWRWAVHNDXX,2030,4400
GLOBAL,PWRWAVHNDXX,2031,4290
GLOBAL,PWRWAVHNDXX,2032,4180
GLOBAL,PWRWAVHNDXX,2033,4070
GLOBAL,PWRWAVHNDXX,2034,3960
GLOBAL,PWRWAVHNDXX,2035,3850
GLOBAL,PWRWAVHNDXX,2036,3740
GLOBAL,PWRWAVHNDXX,2037,3630
GLOBAL,PWRWAVHNDXX,2038,3520
GLOBAL,PWRWAVHNDXX,2039,3410
GLOBAL,PWRWAVHNDXX,2040,3300
GLOBAL,PWRWAVHNDXX,2041,3300
GLOBAL,PWRWAVHNDXX,2042,3300
GLOBAL,PWRWAVHNDXX,2043,3300
GLOBAL,PWRWAVHNDXX,2044,3300
GLOBAL,PWRWAVHNDXX,2045,3300
GLOBAL,PWRWAVHNDXX,2046,3300
GLOBAL,PWRWAVHNDXX,2047,3300
GLOBAL,PWRWAVHNDXX,2048,3300
GLOBAL,PWRWAVHNDXX,2049,3300
GLOBAL,PWRWAVHNDXX,2050,3300
GLOBAL,PWRWAVHTIXX,2023,4400
GLOBAL,PWRWAVHTIXX,2024,4400
GLOBAL,PWRWAVHTIXX,2025,4400
GLOBAL,PWRWAVHTIXX,2026,4400
GLOBAL,PWRWAVHTIXX,2027,4400
GLOBAL,PWRWAVHTIXX,2028,4400
GLOBAL,PWRWAVHTIXX,2029,4400
GLOBAL,PWRWAVHTIXX,2030,4400
GLOBAL,PWRWAVHTIXX,2031,4290
GLOBAL,PWRWAVHTIXX,2032,4180
GLOBAL,PWRWAVHTIXX,2033,4070
GLOBAL,PWRWAVHTIXX,2034,3960
GLOBAL,PWRWAVHTIXX,2035,3850
GLOBAL,PWRWAVHTIXX,2036,3740
GLOBAL,PWRWAVHTIXX,2037,3630
GLOBAL,PWRWAVHTIXX,2038,3520
GLOBAL,PWRWAVHTIXX,2039,3410
GLOBAL,PWRWAVHTIXX,2040,3300
GLOBAL,PWRWAVHTIXX,2041,3300
GLOBAL,PWRWAVHTIXX,2042,3300
GLOBAL,PWRWAVHTIXX,2043,3300
GLOBAL,PWRWAVHTIXX,2044,3300
GLOBAL,PWRWAVHTIXX,2045,3300
GLOBAL,PWRWAVHTIXX,2046,3300
GLOBAL,PWRWAVHTIXX,2047,3300
GLOBAL,PWRWAVHTIXX,2048,3300
GLOBAL,PWRWAVHTIXX,2049,3300
GLOBAL,PWRWAVHTIXX,2050,3300
GLOBAL,PWRWAVMEXXX,2023,4400
GLOBAL,PWRWAVMEXXX,2024,4400
GLOBAL,PWRWAVMEXXX,2025,4400
GLOBAL,PWRWAVMEXXX,2026,4400
GLOBAL,PWRWAVMEXXX,2027,4400
GLOBAL,PWRWAVMEXXX,2028,4400
GLOBAL,PWRWAVMEXXX,2029,4400
GLOBAL,PWRWAVMEXXX,2030,4400
GLOBAL,PWRWAVMEXXX,2031,4290
GLOBAL,PWRWAVMEXXX,2032,4180
GLOBAL,PWRWAVMEXXX,2033,4070
GLOBAL,PWRWAVMEXXX,2034,3960
GLOBAL,PWRWAVMEXXX,2035,3850
GLOBAL,PWRWAVMEXXX,2036,3740
GLOBAL,PWRWAVMEXXX,2037,3630
GLOBAL,PWRWAVMEXXX,2038,3520
GLOBAL,PWRWAVMEXXX,2039,3410
GLOBAL,PWRWAVMEXXX,2040,3300
GLOBAL,PWRWAVMEXXX,2041,3300
GLOBAL,PWRWAVMEXXX,2042,3300
GLOBAL,PWRWAVMEXXX,2043,3300
GLOBAL,PWRWAVMEXXX,2044,3300
GLOBAL,PWRWAVMEXXX,2045,3300
GLOBAL,PWRWAVMEXXX,2046,3300
GLOBAL,PWRWAVMEXXX,2047,3300
GLOBAL,PWRWAVMEXXX,2048,3300
GLOBAL,PWRWAVMEXXX,2049,3300
GLOBAL,PWRWAVMEXXX,2050,3300
GLOBAL,PWRWAVNICXX,2023,4500
GLOBAL,PWRWAVNICXX,2024,4500
GLOBAL,PWRWAVNICXX,2025,4500
GLOBAL,PWRWAVNICXX,2026,4500
GLOBAL,PWRWAVNICXX,2027,4500
GLOBAL,PWRWAVNICXX,2028,4500
GLOBAL,PWRWAVNICXX,2029,4500
GLOBAL,PWRWAVNICXX,2030,4500
GLOBAL,PWRWAVNICXX,2031,4390
GLOBAL,PWRWAVNICXX,2032,4280
GLOBAL,PWRWAVNICXX,2033,4170
GLOBAL,PWRWAVNICXX,2034,4060
GLOBAL,PWRWAVNICXX,2035,3950
GLOBAL,PWRWAVNICXX,2036,3840
GLOBAL,PWRWAVNICXX,2037,3730
GLOBAL,PWRWAVNICXX,2038,3620
GLOBAL,PWRWAVNICXX,2039,3510
GLOBAL,PWRWAVNICXX,2040,3400
GLOBAL,PWRWAVNICXX,2041,3400
GLOBAL,PWRWAVNICXX,2042,3400
GLOBAL,PWRWAVNICXX,2043,3400
GLOBAL,PWRWAVNICXX,2044,3400
GLOBAL,PWRWAVNICXX,2045,3400
GLOBAL,PWRWAVNICXX,2046,3400
GLOBAL,PWRWAVNICXX,2047,3400
GLOBAL,PWRWAVNICXX,2048,3400
GLOBAL,PWRWAVNICXX,2049,3400
GLOBAL,PWRWAVNICXX,2050,3400
GLOBAL,PWRWAVPANXX,2023,4400
GLOBAL,PWRWAVPANXX,2024,4400
GLOBAL,PWRWAVPANXX,2025,4400
GLOBAL,PWRWAVPANXX,2026,4400
GLOBAL,PWRWAVPANXX,2027,4400
GLOBAL,PWRWAVPANXX,2028,4400
GLOBAL,PWRWAVPANXX,2029,4400
GLOBAL,PWRWAVPANXX,2030,4400
GLOBAL,PWRWAVPANXX,2031,4290
GLOBAL,PWRWAVPANXX,2032,4180
GLOBAL,PWRWAVPANXX,2033,4070
GLOBAL,PWRWAVPANXX,2034,3960
GLOBAL,PWRWAVPANXX,2035,3850
GLOBAL,PWRWAVPANXX,2036,3740
GLOBAL,PWRWAVPANXX,2037,3630
GLOBAL,PWRWAVPANXX,2038,3520
GLOBAL,PWRWAVPANXX,2039,3410
GLOBAL,PWRWAVPANXX,2040,3300
GLOBAL,PWRWAVPANXX,2041,3300
GLOBAL,PWRWAVPANXX,2042,3300
GLOBAL,PWRWAVPANXX,2043,3300
GLOBAL,PWRWAVPANXX,2044,3300
GLOBAL,PWRWAVPANXX,2045,3300
GLOBAL,PWRWAVPANXX,2046,3300
GLOBAL,PWRWAVPANXX,2047,3300
GLOBAL,PWRWAVPANXX,2048,3300
GLOBAL,PWRWAVPANXX,2049,3300
GLOBAL,PWRWAVPANXX,2050,3300
GLOBAL,PWRWAVPERXX,2023,4500
GLOBAL,PWRWAVPERXX,2024,4500
GLOBAL,PWRWAVPERXX,2025,4500
GLOBAL,PWRWAVPERXX,2026,4500
GLOBAL,PWRWAVPERXX,2027,4500
GLOBAL,PWRWAVPERXX,2028,4500
GLOBAL,PWRWAVPERXX,2029,4500
GLOBAL,PWRWAVPERXX,2030,4500
GLOBAL,PWRWAVPERXX,2031,4390
GLOBAL,PWRWAVPERXX,2032,4280
GLOBAL,PWRWAVPERXX,2033,4170
GLOBAL,PWRWAVPERXX,2034,4060
GLOBAL,PWRWAVPERXX,2035,3950
GLOBAL,PWRWAVPERXX,2036,3840
GLOBAL,PWRWAVPERXX,2037,3730
GLOBAL,PWRWAVPERXX,2038,3620
GLOBAL,PWRWAVPERXX,2039,3510
GLOBAL,PWRWAVPERXX,2040,3400
GLOBAL,PWRWAVPERXX,2041,3400
GLOBAL,PWRWAVPERXX,2042,3400
GLOBAL,PWRWAVPERXX,2043,3400
GLOBAL,PWRWAVPERXX,2044,3400
GLOBAL,PWRWAVPERXX,2045,3400
GLOBAL,PWRWAVPERXX,2046,3400
GLOBAL,PWRWAVPERXX,2047,3400
GLOBAL,PWRWAVPERXX,2048,3400
GLOBAL,PWRWAVPERXX,2049,3400
GLOBAL,PWRWAVPERXX,2050,3400
GLOBAL,PWRWAVPRYXX,2023,4500
GLOBAL,PWRWAVPRYXX,2024,4500
GLOBAL,PWRWAVPRYXX,2025,4500
GLOBAL,PWRWAVPRYXX,2026,4500
GLOBAL,PWRWAVPRYXX,2027,4500
GLOBAL,PWRWAVPRYXX,2028,4500
GLOBAL,PWRWAVPRYXX,2029,4500
GLOBAL,PWRWAVPRYXX,2030,4500
GLOBAL,PWRWAVPRYXX,2031,4390
GLOBAL,PWRWAVPRYXX,2032,4280
GLOBAL,PWRWAVPRYXX,2033,4170
GLOBAL,PWRWAVPRYXX,2034,4060
GLOBAL,PWRWAVPRYXX,2035,3950
GLOBAL,PWRWAVPRYXX,2036,3840
GLOBAL,PWRWAVPRYXX,2037,3730
GLOBAL,PWRWAVPRYXX,2038,3620
GLOBAL,PWRWAVPRYXX,2039,3510
GLOBAL,PWRWAVPRYXX,2040,3400
GLOBAL,PWRWAVPRYXX,2041,3400
GLOBAL,PWRWAVPRYXX,2042,3400
GLOBAL,PWRWAVPRYXX,2043,3400
GLOBAL,PWRWAVPRYXX,2044,3400
GLOBAL,PWRWAVPRYXX,2045,3400
GLOBAL,PWRWAVPRYXX,2046,3400
GLOBAL,PWRWAVPRYXX,2047,3400
GLOBAL,PWRWAVPRYXX,2048,3400
GLOBAL,PWRWAVPRYXX,2049,3400
GLOBAL,PWRWAVPRYXX,2050,3400
GLOBAL,PWRWAVSLVXX,2023,4400
GLOBAL,PWRWAVSLVXX,2024,4400
GLOBAL,PWRWAVSLVXX,2025,4400
GLOBAL,PWRWAVSLVXX,2026,4400
GLOBAL,PWRWAVSLVXX,2027,4400
GLOBAL,PWRWAVSLVXX,2028,4400
GLOBAL,PWRWAVSLVXX,2029,4400
GLOBAL,PWRWAVSLVXX,2030,4400
GLOBAL,PWRWAVSLVXX,2031,4290
GLOBAL,PWRWAVSLVXX,2032,4180
GLOBAL,PWRWAVSLVXX,2033,4070
GLOBAL,PWRWAVSLVXX,2034,3960
GLOBAL,PWRWAVSLVXX,2035,3850
GLOBAL,PWRWAVSLVXX,2036,3740
GLOBAL,PWRWAVSLVXX,2037,3630
GLOBAL,PWRWAVSLVXX,2038,3520
GLOBAL,PWRWAVSLVXX,2039,3410
GLOBAL,PWRWAVSLVXX,2040,3300
GLOBAL,PWRWAVSLVXX,2041,3300
GLOBAL,PWRWAVSLVXX,2042,3300
GLOBAL,PWRWAVSLVXX,2043,3300
GLOBAL,PWRWAVSLVXX,2044,3300
GLOBAL,PWRWAVSLVXX,2045,3300
GLOBAL,PWRWAVSLVXX,2046,3300
GLOBAL,PWRWAVSLVXX,2047,3300
GLOBAL,PWRWAVSLVXX,2048,3300
GLOBAL,PWRWAVSLVXX,2049,3300
GLOBAL,PWRWAVSLVXX,2050,3300
GLOBAL,PWRWAVURYXX,2023,4500
GLOBAL,PWRWAVURYXX,2024,4500
GLOBAL,PWRWAVURYXX,2025,4500
GLOBAL,PWRWAVURYXX,2026,4500
GLOBAL,PWRWAVURYXX,2027,4500
GLOBAL,PWRWAVURYXX,2028,4500
GLOBAL,PWRWAVURYXX,2029,4500
GLOBAL,PWRWAVURYXX,2030,4500
GLOBAL,PWRWAVURYXX,2031,4390
GLOBAL,PWRWAVURYXX,2032,4280
GLOBAL,PWRWAVURYXX,2033,4170
GLOBAL,PWRWAVURYXX,2034,4060
GLOBAL,PWRWAVURYXX,2035,3950
GLOBAL,PWRWAVURYXX,2036,3840
GLOBAL,PWRWAVURYXX,2037,3730
GLOBAL,PWRWAVURYXX,2038,3620
GLOBAL,PWRWAVURYXX,2039,3510
GLOBAL,PWRWAVURYXX,2040,3400
GLOBAL,PWRWAVURYXX,2041,3400
GLOBAL,PWRWAVURYXX,2042,3400
GLOBAL,PWRWAVURYXX,2043,3400
GLOBAL,PWRWAVURYXX,2044,3400
GLOBAL,PWRWAVURYXX,2045,3400
GLOBAL,PWRWAVURYXX,2046,3400
GLOBAL,PWRWAVURYXX,2047,3400
GLOBAL,PWRWAVURYXX,2048,3400
GLOBAL,PWRWAVURYXX,2049,3400
GLOBAL,PWRWAVURYXX,2050,3400
GLOBAL,PWRWOFARGXX,2023,2900
GLOBAL,PWRWOFARGXX,2024,2900
GLOBAL,PWRWOFARGXX,2025,2900
GLOBAL,PWRWOFARGXX,2026,2900
GLOBAL,PWRWOFARGXX,2027,2900
GLOBAL,PWRWOFARGXX,2028,2900
GLOBAL,PWRWOFARGXX,2029,2900
GLOBAL,PWRWOFARGXX,2030,2900
GLOBAL,PWRWOFARGXX,2031,2820
GLOBAL,PWRWOFARGXX,2032,2740
GLOBAL,PWRWOFARGXX,2033,2660
GLOBAL,PWRWOFARGXX,2034,2580
GLOBAL,PWRWOFARGXX,2035,2500
GLOBAL,PWRWOFARGXX,2036,2420
GLOBAL,PWRWOFARGXX,2037,2340
GLOBAL,PWRWOFARGXX,2038,2260
GLOBAL,PWRWOFARGXX,2039,2180
GLOBAL,PWRWOFARGXX,2040,2100
GLOBAL,PWRWOFARGXX,2041,2100
GLOBAL,PWRWOFARGXX,2042,2100
GLOBAL,PWRWOFARGXX,2043,2100
GLOBAL,PWRWOFARGXX,2044,2100
GLOBAL,PWRWOFARGXX,2045,2100
GLOBAL,PWRWOFARGXX,2046,2100
GLOBAL,PWRWOFARGXX,2047,2100
GLOBAL,PWRWOFARGXX,2048,2100
GLOBAL,PWRWOFARGXX,2049,2100
GLOBAL,PWRWOFARGXX,2050,2100
GLOBAL,PWRWOFBOLXX,2023,2900
GLOBAL,PWRWOFBOLXX,2024,2900
GLOBAL,PWRWOFBOLXX,2025,2900
GLOBAL,PWRWOFBOLXX,2026,2900
GLOBAL,PWRWOFBOLXX,2027,2900
GLOBAL,PWRWOFBOLXX,2028,2900
GLOBAL,PWRWOFBOLXX,2029,2900
GLOBAL,PWRWOFBOLXX,2030,2900
GLOBAL,PWRWOFBOLXX,2031,2820
GLOBAL,PWRWOFBOLXX,2032,2740
GLOBAL,PWRWOFBOLXX,2033,2660
GLOBAL,PWRWOFBOLXX,2034,2580
GLOBAL,PWRWOFBOLXX,2035,2500
GLOBAL,PWRWOFBOLXX,2036,2420
GLOBAL,PWRWOFBOLXX,2037,2340
GLOBAL,PWRWOFBOLXX,2038,2260
GLOBAL,PWRWOFBOLXX,2039,2180
GLOBAL,PWRWOFBOLXX,2040,2100
GLOBAL,PWRWOFBOLXX,2041,2100
GLOBAL,PWRWOFBOLXX,2042,2100
GLOBAL,PWRWOFBOLXX,2043,2100
GLOBAL,PWRWOFBOLXX,2044,2100
GLOBAL,PWRWOFBOLXX,2045,2100
GLOBAL,PWRWOFBOLXX,2046,2100
GLOBAL,PWRWOFBOLXX,2047,2100
GLOBAL,PWRWOFBOLXX,2048,2100
GLOBAL,PWRWOFBOLXX,2049,2100
GLOBAL,PWRWOFBOLXX,2050,2100
GLOBAL,PWRWOFBRAXX,2023,2900
GLOBAL,PWRWOFBRAXX,2024,2900
GLOBAL,PWRWOFBRAXX,2025,2900
GLOBAL,PWRWOFBRAXX,2026,2900
GLOBAL,PWRWOFBRAXX,2027,2900
GLOBAL,PWRWOFBRAXX,2028,2900
GLOBAL,PWRWOFBRAXX,2029,2900
GLOBAL,PWRWOFBRAXX,2030,2900
GLOBAL,PWRWOFBRAXX,2031,2820
GLOBAL,PWRWOFBRAXX,2032,2740
GLOBAL,PWRWOFBRAXX,2033,2660
GLOBAL,PWRWOFBRAXX,2034,2580
GLOBAL,PWRWOFBRAXX,2035,2500
GLOBAL,PWRWOFBRAXX,2036,2420
GLOBAL,PWRWOFBRAXX,2037,2340
GLOBAL,PWRWOFBRAXX,2038,2260
GLOBAL,PWRWOFBRAXX,2039,2180
GLOBAL,PWRWOFBRAXX,2040,2100
GLOBAL,PWRWOFBRAXX,2041,2100
GLOBAL,PWRWOFBRAXX,2042,2100
GLOBAL,PWRWOFBRAXX,2043,2100
GLOBAL,PWRWOFBRAXX,2044,2100
GLOBAL,PWRWOFBRAXX,2045,2100
GLOBAL,PWRWOFBRAXX,2046,2100
GLOBAL,PWRWOFBRAXX,2047,2100
GLOBAL,PWRWOFBRAXX,2048,2100
GLOBAL,PWRWOFBRAXX,2049,2100
GLOBAL,PWRWOFBRAXX,2050,2100
GLOBAL,PWRWOFBRBXX,2023,2460
GLOBAL,PWRWOFBRBXX,2024,2460
GLOBAL,PWRWOFBRBXX,2025,2460
GLOBAL,PWRWOFBRBXX,2026,2460
GLOBAL,PWRWOFBRBXX,2027,2460
GLOBAL,PWRWOFBRBXX,2028,2460
GLOBAL,PWRWOFBRBXX,2029,2460
GLOBAL,PWRWOFBRBXX,2030,2460
GLOBAL,PWRWOFBRBXX,2031,2396
GLOBAL,PWRWOFBRBXX,2032,2332
GLOBAL,PWRWOFBRBXX,2033,2268
GLOBAL,PWRWOFBRBXX,2034,2204
GLOBAL,PWRWOFBRBXX,2035,2140
GLOBAL,PWRWOFBRBXX,2036,2076
GLOBAL,PWRWOFBRBXX,2037,2012
GLOBAL,PWRWOFBRBXX,2038,1948
GLOBAL,PWRWOFBRBXX,2039,1884
GLOBAL,PWRWOFBRBXX,2040,1820
GLOBAL,PWRWOFBRBXX,2041,1820
GLOBAL,PWRWOFBRBXX,2042,1820
GLOBAL,PWRWOFBRBXX,2043,1820
GLOBAL,PWRWOFBRBXX,2044,1820
GLOBAL,PWRWOFBRBXX,2045,1820
GLOBAL,PWRWOFBRBXX,2046,1820
GLOBAL,PWRWOFBRBXX,2047,1820
GLOBAL,PWRWOFBRBXX,2048,1820
GLOBAL,PWRWOFBRBXX,2049,1820
GLOBAL,PWRWOFBRBXX,2050,1820
GLOBAL,PWRWOFCHLXX,2023,2900
GLOBAL,PWRWOFCHLXX,2024,2900
GLOBAL,PWRWOFCHLXX,2025,2900
GLOBAL,PWRWOFCHLXX,2026,2900
GLOBAL,PWRWOFCHLXX,2027,2900
GLOBAL,PWRWOFCHLXX,2028,2900
GLOBAL,PWRWOFCHLXX,2029,2900
GLOBAL,PWRWOFCHLXX,2030,2900
GLOBAL,PWRWOFCHLXX,2031,2820
GLOBAL,PWRWOFCHLXX,2032,2740
GLOBAL,PWRWOFCHLXX,2033,2660
GLOBAL,PWRWOFCHLXX,2034,2580
GLOBAL,PWRWOFCHLXX,2035,2500
GLOBAL,PWRWOFCHLXX,2036,2420
GLOBAL,PWRWOFCHLXX,2037,2340
GLOBAL,PWRWOFCHLXX,2038,2260
GLOBAL,PWRWOFCHLXX,2039,2180
GLOBAL,PWRWOFCHLXX,2040,2100
GLOBAL,PWRWOFCHLXX,2041,2100
GLOBAL,PWRWOFCHLXX,2042,2100
GLOBAL,PWRWOFCHLXX,2043,2100
GLOBAL,PWRWOFCHLXX,2044,2100
GLOBAL,PWRWOFCHLXX,2045,2100
GLOBAL,PWRWOFCHLXX,2046,2100
GLOBAL,PWRWOFCHLXX,2047,2100
GLOBAL,PWRWOFCHLXX,2048,2100
GLOBAL,PWRWOFCHLXX,2049,2100
GLOBAL,PWRWOFCHLXX,2050,2100
GLOBAL,PWRWOFCOLXX,2023,2900
GLOBAL,PWRWOFCOLXX,2024,2900
GLOBAL,PWRWOFCOLXX,2025,2900
GLOBAL,PWRWOFCOLXX,2026,2900
GLOBAL,PWRWOFCOLXX,2027,2900
GLOBAL,PWRWOFCOLXX,2028,2900
GLOBAL,PWRWOFCOLXX,2029,2900
GLOBAL,PWRWOFCOLXX,2030,2900
GLOBAL,PWRWOFCOLXX,2031,2820
GLOBAL,PWRWOFCOLXX,2032,2740
GLOBAL,PWRWOFCOLXX,2033,2660
GLOBAL,PWRWOFCOLXX,2034,2580
GLOBAL,PWRWOFCOLXX,2035,2500
GLOBAL,PWRWOFCOLXX,2036,2420
GLOBAL,PWRWOFCOLXX,2037,2340
GLOBAL,PWRWOFCOLXX,2038,2260
GLOBAL,PWRWOFCOLXX,2039,2180
GLOBAL,PWRWOFCOLXX,2040,2100
GLOBAL,PWRWOFCOLXX,2041,2100
GLOBAL,PWRWOFCOLXX,2042,2100
GLOBAL,PWRWOFCOLXX,2043,2100
GLOBAL,PWRWOFCOLXX,2044,2100
GLOBAL,PWRWOFCOLXX,2045,2100
GLOBAL,PWRWOFCOLXX,2046,2100
GLOBAL,PWRWOFCOLXX,2047,2100
GLOBAL,PWRWOFCOLXX,2048,2100
GLOBAL,PWRWOFCOLXX,2049,2100
GLOBAL,PWRWOFCOLXX,2050,2100
GLOBAL,PWRWOFCRIXX,2023,2460
GLOBAL,PWRWOFCRIXX,2024,2460
GLOBAL,PWRWOFCRIXX,2025,2460
GLOBAL,PWRWOFCRIXX,2026,2460
GLOBAL,PWRWOFCRIXX,2027,2460
GLOBAL,PWRWOFCRIXX,2028,2460
GLOBAL,PWRWOFCRIXX,2029,2460
GLOBAL,PWRWOFCRIXX,2030,2460
GLOBAL,PWRWOFCRIXX,2031,2396
GLOBAL,PWRWOFCRIXX,2032,2332
GLOBAL,PWRWOFCRIXX,2033,2268
GLOBAL,PWRWOFCRIXX,2034,2204
GLOBAL,PWRWOFCRIXX,2035,2140
GLOBAL,PWRWOFCRIXX,2036,2076
GLOBAL,PWRWOFCRIXX,2037,2012
GLOBAL,PWRWOFCRIXX,2038,1948
GLOBAL,PWRWOFCRIXX,2039,1884
GLOBAL,PWRWOFCRIXX,2040,1820
GLOBAL,PWRWOFCRIXX,2041,1820
GLOBAL,PWRWOFCRIXX,2042,1820
GLOBAL,PWRWOFCRIXX,2043,1820
GLOBAL,PWRWOFCRIXX,2044,1820
GLOBAL,PWRWOFCRIXX,2045,1820
GLOBAL,PWRWOFCRIXX,2046,1820
GLOBAL,PWRWOFCRIXX,2047,1820
GLOBAL,PWRWOFCRIXX,2048,1820
GLOBAL,PWRWOFCRIXX,2049,1820
GLOBAL,PWRWOFCRIXX,2050,1820
GLOBAL,PWRWOFDOMXX,2023,2460
GLOBAL,PWRWOFDOMXX,2024,2460
GLOBAL,PWRWOFDOMXX,2025,2460
GLOBAL,PWRWOFDOMXX,2026,2460
GLOBAL,PWRWOFDOMXX,2027,2460
GLOBAL,PWRWOFDOMXX,2028,2460
GLOBAL,PWRWOFDOMXX,2029,2460
GLOBAL,PWRWOFDOMXX,2030,2460
GLOBAL,PWRWOFDOMXX,2031,2396
GLOBAL,PWRWOFDOMXX,2032,2332
GLOBAL,PWRWOFDOMXX,2033,2268
GLOBAL,PWRWOFDOMXX,2034,2204
GLOBAL,PWRWOFDOMXX,2035,2140
GLOBAL,PWRWOFDOMXX,2036,2076
GLOBAL,PWRWOFDOMXX,2037,2012
GLOBAL,PWRWOFDOMXX,2038,1948
GLOBAL,PWRWOFDOMXX,2039,1884
GLOBAL,PWRWOFDOMXX,2040,1820
GLOBAL,PWRWOFDOMXX,2041,1820
GLOBAL,PWRWOFDOMXX,2042,1820
GLOBAL,PWRWOFDOMXX,2043,1820
GLOBAL,PWRWOFDOMXX,2044,1820
GLOBAL,PWRWOFDOMXX,2045,1820
GLOBAL,PWRWOFDOMXX,2046,1820
GLOBAL,PWRWOFDOMXX,2047,1820
GLOBAL,PWRWOFDOMXX,2048,1820
GLOBAL,PWRWOFDOMXX,2049,1820
GLOBAL,PWRWOFDOMXX,2050,1820
GLOBAL,PWRWOFECUXX,2023,2900
GLOBAL,PWRWOFECUXX,2024,2900
GLOBAL,PWRWOFECUXX,2025,2900
GLOBAL,PWRWOFECUXX,2026,2900
GLOBAL,PWRWOFECUXX,2027,2900
GLOBAL,PWRWOFECUXX,2028,2900
GLOBAL,PWRWOFECUXX,2029,2900
GLOBAL,PWRWOFECUXX,2030,2900
GLOBAL,PWRWOFECUXX,2031,2820
GLOBAL,PWRWOFECUXX,2032,2740
GLOBAL,PWRWOFECUXX,2033,2660
GLOBAL,PWRWOFECUXX,2034,2580
GLOBAL,PWRWOFECUXX,2035,2500
GLOBAL,PWRWOFECUXX,2036,2420
GLOBAL,PWRWOFECUXX,2037,2340
GLOBAL,PWRWOFECUXX,2038,2260
GLOBAL,PWRWOFECUXX,2039,2180
GLOBAL,PWRWOFECUXX,2040,2100
GLOBAL,PWRWOFECUXX,2041,2100
GLOBAL,PWRWOFECUXX,2042,2100
GLOBAL,PWRWOFECUXX,2043,2100
GLOBAL,PWRWOFECUXX,2044,2100
GLOBAL,PWRWOFECUXX,2045,2100
GLOBAL,PWRWOFECUXX,2046,2100
GLOBAL,PWRWOFECUXX,2047,2100
GLOBAL,PWRWOFECUXX,2048,2100
GLOBAL,PWRWOFECUXX,2049,2100
GLOBAL,PWRWOFECUXX,2050,2100
GLOBAL,PWRWOFGTMXX,2023,2460
GLOBAL,PWRWOFGTMXX,2024,2460
GLOBAL,PWRWOFGTMXX,2025,2460
GLOBAL,PWRWOFGTMXX,2026,2460
GLOBAL,PWRWOFGTMXX,2027,2460
GLOBAL,PWRWOFGTMXX,2028,2460
GLOBAL,PWRWOFGTMXX,2029,2460
GLOBAL,PWRWOFGTMXX,2030,2460
GLOBAL,PWRWOFGTMXX,2031,2396
GLOBAL,PWRWOFGTMXX,2032,2332
GLOBAL,PWRWOFGTMXX,2033,2268
GLOBAL,PWRWOFGTMXX,2034,2204
GLOBAL,PWRWOFGTMXX,2035,2140
GLOBAL,PWRWOFGTMXX,2036,2076
GLOBAL,PWRWOFGTMXX,2037,2012
GLOBAL,PWRWOFGTMXX,2038,1948
GLOBAL,PWRWOFGTMXX,2039,1884
GLOBAL,PWRWOFGTMXX,2040,1820
GLOBAL,PWRWOFGTMXX,2041,1820
GLOBAL,PWRWOFGTMXX,2042,1820
GLOBAL,PWRWOFGTMXX,2043,1820
GLOBAL,PWRWOFGTMXX,2044,1820
GLOBAL,PWRWOFGTMXX,2045,1820
GLOBAL,PWRWOFGTMXX,2046,1820
GLOBAL,PWRWOFGTMXX,2047,1820
GLOBAL,PWRWOFGTMXX,2048,1820
GLOBAL,PWRWOFGTMXX,2049,1820
GLOBAL,PWRWOFGTMXX,2050,1820
GLOBAL,PWRWOFHNDXX,2023,2460
GLOBAL,PWRWOFHNDXX,2024,2460
GLOBAL,PWRWOFHNDXX,2025,2460
GLOBAL,PWRWOFHNDXX,2026,2460
GLOBAL,PWRWOFHNDXX,2027,2460
GLOBAL,PWRWOFHNDXX,2028,2460
GLOBAL,PWRWOFHNDXX,2029,2460
GLOBAL,PWRWOFHNDXX,2030,2460
GLOBAL,PWRWOFHNDXX,2031,2396
GLOBAL,PWRWOFHNDXX,2032,2332
GLOBAL,PWRWOFHNDXX,2033,2268
GLOBAL,PWRWOFHNDXX,2034,2204
GLOBAL,PWRWOFHNDXX,2035,2140
GLOBAL,PWRWOFHNDXX,2036,2076
GLOBAL,PWRWOFHNDXX,2037,2012
GLOBAL,PWRWOFHNDXX,2038,1948
GLOBAL,PWRWOFHNDXX,2039,1884
GLOBAL,PWRWOFHNDXX,2040,1820
GLOBAL,PWRWOFHNDXX,2041,1820
GLOBAL,PWRWOFHNDXX,2042,1820
GLOBAL,PWRWOFHNDXX,2043,1820
GLOBAL,PWRWOFHNDXX,2044,1820
GLOBAL,PWRWOFHNDXX,2045,1820
GLOBAL,PWRWOFHNDXX,2046,1820
GLOBAL,PWRWOFHNDXX,2047,1820
GLOBAL,PWRWOFHNDXX,2048,1820
GLOBAL,PWRWOFHNDXX,2049,1820
GLOBAL,PWRWOFHNDXX,2050,1820
GLOBAL,PWRWOFHTIXX,2023,2460
GLOBAL,PWRWOFHTIXX,2024,2460
GLOBAL,PWRWOFHTIXX,2025,2460
GLOBAL,PWRWOFHTIXX,2026,2460
GLOBAL,PWRWOFHTIXX,2027,2460
GLOBAL,PWRWOFHTIXX,2028,2460
GLOBAL,PWRWOFHTIXX,2029,2460
GLOBAL,PWRWOFHTIXX,2030,2460
GLOBAL,PWRWOFHTIXX,2031,2396
GLOBAL,PWRWOFHTIXX,2032,2332
GLOBAL,PWRWOFHTIXX,2033,2268
GLOBAL,PWRWOFHTIXX,2034,2204
GLOBAL,PWRWOFHTIXX,2035,2140
GLOBAL,PWRWOFHTIXX,2036,2076
GLOBAL,PWRWOFHTIXX,2037,2012
GLOBAL,PWRWOFHTIXX,2038,1948
GLOBAL,PWRWOFHTIXX,2039,1884
GLOBAL,PWRWOFHTIXX,2040,1820
GLOBAL,PWRWOFHTIXX,2041,1820
GLOBAL,PWRWOFHTIXX,2042,1820
GLOBAL,PWRWOFHTIXX,2043,1820
GLOBAL,PWRWOFHTIXX,2044,1820
GLOBAL,PWRWOFHTIXX,2045,1820
GLOBAL,PWRWOFHTIXX,2046,1820
GLOBAL,PWRWOFHTIXX,2047,1820
GLOBAL,PWRWOFHTIXX,2048,1820
GLOBAL,PWRWOFHTIXX,2049,1820
GLOBAL,PWRWOFHTIXX,2050,1820
GLOBAL,PWRWOFMEXXX,2023,2460
GLOBAL,PWRWOFMEXXX,2024,2460
GLOBAL,PWRWOFMEXXX,2025,2460
GLOBAL,PWRWOFMEXXX,2026,2460
GLOBAL,PWRWOFMEXXX,2027,2460
GLOBAL,PWRWOFMEXXX,2028,2460
GLOBAL,PWRWOFMEXXX,2029,2460
GLOBAL,PWRWOFMEXXX,2030,2460
GLOBAL,PWRWOFMEXXX,2031,2396
GLOBAL,PWRWOFMEXXX,2032,2332
GLOBAL,PWRWOFMEXXX,2033,2268
GLOBAL,PWRWOFMEXXX,2034,2204
GLOBAL,PWRWOFMEXXX,2035,2140
GLOBAL,PWRWOFMEXXX,2036,2076
GLOBAL,PWRWOFMEXXX,2037,2012
GLOBAL,PWRWOFMEXXX,2038,1948
GLOBAL,PWRWOFMEXXX,2039,1884
GLOBAL,PWRWOFMEXXX,2040,1820
GLOBAL,PWRWOFMEXXX,2041,1820
GLOBAL,PWRWOFMEXXX,2042,1820
GLOBAL,PWRWOFMEXXX,2043,1820
GLOBAL,PWRWOFMEXXX,2044,1820
GLOBAL,PWRWOFMEXXX,2045,1820
GLOBAL,PWRWOFMEXXX,2046,1820
GLOBAL,PWRWOFMEXXX,2047,1820
GLOBAL,PWRWOFMEXXX,2048,1820
GLOBAL,PWRWOFMEXXX,2049,1820
GLOBAL,PWRWOFMEXXX,2050,1820
GLOBAL,PWRWOFNICXX,2023,2900
GLOBAL,PWRWOFNICXX,2024,2900
GLOBAL,PWRWOFNICXX,2025,2900
GLOBAL,PWRWOFNICXX,2026,2900
GLOBAL,PWRWOFNICXX,2027,2900
GLOBAL,PWRWOFNICXX,2028,2900
GLOBAL,PWRWOFNICXX,2029,2900
GLOBAL,PWRWOFNICXX,2030,2900
GLOBAL,PWRWOFNICXX,2031,2820
GLOBAL,PWRWOFNICXX,2032,2740
GLOBAL,PWRWOFNICXX,2033,2660
GLOBAL,PWRWOFNICXX,2034,2580
GLOBAL,PWRWOFNICXX,2035,2500
GLOBAL,PWRWOFNICXX,2036,2420
GLOBAL,PWRWOFNICXX,2037,2340
GLOBAL,PWRWOFNICXX,2038,2260
GLOBAL,PWRWOFNICXX,2039,2180
GLOBAL,PWRWOFNICXX,2040,2100
GLOBAL,PWRWOFNICXX,2041,2100
GLOBAL,PWRWOFNICXX,2042,2100
GLOBAL,PWRWOFNICXX,2043,2100
GLOBAL,PWRWOFNICXX,2044,2100
GLOBAL,PWRWOFNICXX,2045,2100
GLOBAL,PWRWOFNICXX,2046,2100
GLOBAL,PWRWOFNICXX,2047,2100
GLOBAL,PWRWOFNICXX,2048,2100
GLOBAL,PWRWOFNICXX,2049,2100
GLOBAL,PWRWOFNICXX,2050,2100
GLOBAL,PWRWOFPANXX,2023,2460
GLOBAL,PWRWOFPANXX,2024,2460
GLOBAL,PWRWOFPANXX,2025,2460
GLOBAL,PWRWOFPANXX,2026,2460
GLOBAL,PWRWOFPANXX,2027,2460
GLOBAL,PWRWOFPANXX,2028,2460
GLOBAL,PWRWOFPANXX,2029,2460
GLOBAL,PWRWOFPANXX,2030,2460
GLOBAL,PWRWOFPANXX,2031,2396
GLOBAL,PWRWOFPANXX,2032,2332
GLOBAL,PWRWOFPANXX,2033,2268
GLOBAL,PWRWOFPANXX,2034,2204
GLOBAL,PWRWOFPANXX,2035,2140
GLOBAL,PWRWOFPANXX,2036,2076
GLOBAL,PWRWOFPANXX,2037,2012
GLOBAL,PWRWOFPANXX,2038,1948
GLOBAL,PWRWOFPANXX,2039,1884
GLOBAL,PWRWOFPANXX,2040,1820
GLOBAL,PWRWOFPANXX,2041,1820
GLOBAL,PWRWOFPANXX,2042,1820
GLOBAL,PWRWOFPANXX,2043,1820
GLOBAL,PWRWOFPANXX,2044,1820
GLOBAL,PWRWOFPANXX,2045,1820
GLOBAL,PWRWOFPANXX,2046,1820
GLOBAL,PWRWOFPANXX,2047,1820
GLOBAL,PWRWOFPANXX,2048,1820
GLOBAL,PWRWOFPANXX,2049,1820
GLOBAL,PWRWOFPANXX,2050,1820
GLOBAL,PWRWOFPERXX,2023,2900
GLOBAL,PWRWOFPERXX,2024,2900
GLOBAL,PWRWOFPERXX,2025,2900
GLOBAL,PWRWOFPERXX,2026,2900
GLOBAL,PWRWOFPERXX,2027,2900
GLOBAL,PWRWOFPERXX,2028,2900
GLOBAL,PWRWOFPERXX,2029,2900
GLOBAL,PWRWOFPERXX,2030,2900
GLOBAL,PWRWOFPERXX,2031,2820
GLOBAL,PWRWOFPERXX,2032,2740
GLOBAL,PWRWOFPERXX,2033,2660
GLOBAL,PWRWOFPERXX,2034,2580
GLOBAL,PWRWOFPERXX,2035,2500
GLOBAL,PWRWOFPERXX,2036,2420
GLOBAL,PWRWOFPERXX,2037,2340
GLOBAL,PWRWOFPERXX,2038,2260
GLOBAL,PWRWOFPERXX,2039,2180
GLOBAL,PWRWOFPERXX,2040,2100
GLOBAL,PWRWOFPERXX,2041,2100
GLOBAL,PWRWOFPERXX,2042,2100
GLOBAL,PWRWOFPERXX,2043,2100
GLOBAL,PWRWOFPERXX,2044,2100
GLOBAL,PWRWOFPERXX,2045,2100
GLOBAL,PWRWOFPERXX,2046,2100
GLOBAL,PWRWOFPERXX,2047,2100
GLOBAL,PWRWOFPERXX,2048,2100
GLOBAL,PWRWOFPERXX,2049,2100
GLOBAL,PWRWOFPERXX,2050,2100
GLOBAL,PWRWOFPRYXX,2023,2900
GLOBAL,PWRWOFPRYXX,2024,2900
GLOBAL,PWRWOFPRYXX,2025,2900
GLOBAL,PWRWOFPRYXX,2026,2900
GLOBAL,PWRWOFPRYXX,2027,2900
GLOBAL,PWRWOFPRYXX,2028,2900
GLOBAL,PWRWOFPRYXX,2029,2900
GLOBAL,PWRWOFPRYXX,2030,2900
GLOBAL,PWRWOFPRYXX,2031,2820
GLOBAL,PWRWOFPRYXX,2032,2740
GLOBAL,PWRWOFPRYXX,2033,2660
GLOBAL,PWRWOFPRYXX,2034,2580
GLOBAL,PWRWOFPRYXX,2035,2500
GLOBAL,PWRWOFPRYXX,2036,2420
GLOBAL,PWRWOFPRYXX,2037,2340
GLOBAL,PWRWOFPRYXX,2038,2260
GLOBAL,PWRWOFPRYXX,2039,2180
GLOBAL,PWRWOFPRYXX,2040,2100
GLOBAL,PWRWOFPRYXX,2041,2100
GLOBAL,PWRWOFPRYXX,2042,2100
GLOBAL,PWRWOFPRYXX,2043,2100
GLOBAL,PWRWOFPRYXX,2044,2100
GLOBAL,PWRWOFPRYXX,2045,2100
GLOBAL,PWRWOFPRYXX,2046,2100
GLOBAL,PWRWOFPRYXX,2047,2100
GLOBAL,PWRWOFPRYXX,2048,2100
GLOBAL,PWRWOFPRYXX,2049,2100
GLOBAL,PWRWOFPRYXX,2050,2100
GLOBAL,PWRWOFSLVXX,2023,2460
GLOBAL,PWRWOFSLVXX,2024,2460
GLOBAL,PWRWOFSLVXX,2025,2460
GLOBAL,PWRWOFSLVXX,2026,2460
GLOBAL,PWRWOFSLVXX,2027,2460
GLOBAL,PWRWOFSLVXX,2028,2460
GLOBAL,PWRWOFSLVXX,2029,2460
GLOBAL,PWRWOFSLVXX,2030,2460
GLOBAL,PWRWOFSLVXX,2031,2396
GLOBAL,PWRWOFSLVXX,2032,2332
GLOBAL,PWRWOFSLVXX,2033,2268
GLOBAL,PWRWOFSLVXX,2034,2204
GLOBAL,PWRWOFSLVXX,2035,2140
GLOBAL,PWRWOFSLVXX,2036,2076
GLOBAL,PWRWOFSLVXX,2037,2012
GLOBAL,PWRWOFSLVXX,2038,1948
GLOBAL,PWRWOFSLVXX,2039,1884
GLOBAL,PWRWOFSLVXX,2040,1820
GLOBAL,PWRWOFSLVXX,2041,1820
GLOBAL,PWRWOFSLVXX,2042,1820
GLOBAL,PWRWOFSLVXX,2043,1820
GLOBAL,PWRWOFSLVXX,2044,1820
GLOBAL,PWRWOFSLVXX,2045,1820
GLOBAL,PWRWOFSLVXX,2046,1820
GLOBAL,PWRWOFSLVXX,2047,1820
GLOBAL,PWRWOFSLVXX,2048,1820
GLOBAL,PWRWOFSLVXX,2049,1820
GLOBAL,PWRWOFSLVXX,2050,1820
GLOBAL,PWRWOFURYXX,2023,2900
GLOBAL,PWRWOFURYXX,2024,2900
GLOBAL,PWRWOFURYXX,2025,2900
GLOBAL,PWRWOFURYXX,2026,2900
GLOBAL,PWRWOFURYXX,2027,2900
GLOBAL,PWRWOFURYXX,2028,2900
GLOBAL,PWRWOFURYXX,2029,2900
GLOBAL,PWRWOFURYXX,2030,2900
GLOBAL,PWRWOFURYXX,2031,2820
GLOBAL,PWRWOFURYXX,2032,2740
GLOBAL,PWRWOFURYXX,2033,2660
GLOBAL,PWRWOFURYXX,2034,2580
GLOBAL,PWRWOFURYXX,2035,2500
GLOBAL,PWRWOFURYXX,2036,2420
GLOBAL,PWRWOFURYXX,2037,2340
GLOBAL,PWRWOFURYXX,2038,2260
GLOBAL,PWRWOFURYXX,2039,2180
GLOBAL,PWRWOFURYXX,2040,2100
GLOBAL,PWRWOFURYXX,2041,2100
GLOBAL,PWRWOFURYXX,2042,2100
GLOBAL,PWRWOFURYXX,2043,2100
GLOBAL,PWRWOFURYXX,2044,2100
GLOBAL,PWRWOFURYXX,2045,2100
GLOBAL,PWRWOFURYXX,2046,2100
GLOBAL,PWRWOFURYXX,2047,2100
GLOBAL,PWRWOFURYXX,2048,2100
GLOBAL,PWRWOFURYXX,2049,2100
GLOBAL,PWRWOFURYXX,2050,2100
GLOBAL,PWRWONARGXX,2023,1090
GLOBAL,PWRWONARGXX,2024,1090
GLOBAL,PWRWONARGXX,2025,1090
GLOBAL,PWRWONARGXX,2026,1090
GLOBAL,PWRWONARGXX,2027,1090
GLOBAL,PWRWONARGXX,2028,1090
GLOBAL,PWRWONARGXX,2029,1090
GLOBAL,PWRWONARGXX,2030,1090
GLOBAL,PWRWONARGXX,2031,1085
GLOBAL,PWRWONARGXX,2032,1080
GLOBAL,PWRWONARGXX,2033,1075
GLOBAL,PWRWONARGXX,2034,1070
GLOBAL,PWRWONARGXX,2035,1065
GLOBAL,PWRWONARGXX,2036,1060
GLOBAL,PWRWONARGXX,2037,1055
GLOBAL,PWRWONARGXX,2038,1050
GLOBAL,PWRWONARGXX,2039,1045
GLOBAL,PWRWONARGXX,2040,1040
GLOBAL,PWRWONARGXX,2041,1040
GLOBAL,PWRWONARGXX,2042,1040
GLOBAL,PWRWONARGXX,2043,1040
GLOBAL,PWRWONARGXX,2044,1040
GLOBAL,PWRWONARGXX,2045,1040
GLOBAL,PWRWONARGXX,2046,1040
GLOBAL,PWRWONARGXX,2047,1040
GLOBAL,PWRWONARGXX,2048,1040
GLOBAL,PWRWONARGXX,2049,1040
GLOBAL,PWRWONARGXX,2050,1040
GLOBAL,PWRWONBOLXX,2023,1090
GLOBAL,PWRWONBOLXX,2024,1090
GLOBAL,PWRWONBOLXX,2025,1090
GLOBAL,PWRWONBOLXX,2026,1090
GLOBAL,PWRWONBOLXX,2027,1090
GLOBAL,PWRWONBOLXX,2028,1090
GLOBAL,PWRWONBOLXX,2029,1090
GLOBAL,PWRWONBOLXX,2030,1090
GLOBAL,PWRWONBOLXX,2031,1085
GLOBAL,PWRWONBOLXX,2032,1080
GLOBAL,PWRWONBOLXX,2033,1075
GLOBAL,PWRWONBOLXX,2034,1070
GLOBAL,PWRWONBOLXX,2035,1065
GLOBAL,PWRWONBOLXX,2036,1060
GLOBAL,PWRWONBOLXX,2037,1055
GLOBAL,PWRWONBOLXX,2038,1050
GLOBAL,PWRWONBOLXX,2039,1045
GLOBAL,PWRWONBOLXX,2040,1040
GLOBAL,PWRWONBOLXX,2041,1040
GLOBAL,PWRWONBOLXX,2042,1040
GLOBAL,PWRWONBOLXX,2043,1040
GLOBAL,PWRWONBOLXX,2044,1040
GLOBAL,PWRWONBOLXX,2045,1040
GLOBAL,PWRWONBOLXX,2046,1040
GLOBAL,PWRWONBOLXX,2047,1040
GLOBAL,PWRWONBOLXX,2048,1040
GLOBAL,PWRWONBOLXX,2049,1040
GLOBAL,PWRWONBOLXX,2050,1040
GLOBAL,PWRWONBRAXX,2023,1090
GLOBAL,PWRWONBRAXX,2024,1090
GLOBAL,PWRWONBRAXX,2025,1090
GLOBAL,PWRWONBRAXX,2026,1090
GLOBAL,PWRWONBRAXX,2027,1090
GLOBAL,PWRWONBRAXX,2028,1090
GLOBAL,PWRWONBRAXX,2029,1090
GLOBAL,PWRWONBRAXX,2030,1090
GLOBAL,PWRWONBRAXX,2031,1085
GLOBAL,PWRWONBRAXX,2032,1080
GLOBAL,PWRWONBRAXX,2033,1075
GLOBAL,PWRWONBRAXX,2034,1070
GLOBAL,PWRWONBRAXX,2035,1065
GLOBAL,PWRWONBRAXX,2036,1060
GLOBAL,PWRWONBRAXX,2037,1055
GLOBAL,PWRWONBRAXX,2038,1050
GLOBAL,PWRWONBRAXX,2039,1045
GLOBAL,PWRWONBRAXX,2040,1040
GLOBAL,PWRWONBRAXX,2041,1040
GLOBAL,PWRWONBRAXX,2042,1040
GLOBAL,PWRWONBRAXX,2043,1040
GLOBAL,PWRWONBRAXX,2044,1040
GLOBAL,PWRWONBRAXX,2045,1040
GLOBAL,PWRWONBRAXX,2046,1040
GLOBAL,PWRWONBRAXX,2047,1040
GLOBAL,PWRWONBRAXX,2048,1040
GLOBAL,PWRWONBRAXX,2049,1040
GLOBAL,PWRWONBRAXX,2050,1040
GLOBAL,PWRWONBRBXX,2023,1310
GLOBAL,PWRWONBRBXX,2024,1310
GLOBAL,PWRWONBRBXX,2025,1310
GLOBAL,PWRWONBRBXX,2026,1310
GLOBAL,PWRWONBRBXX,2027,1310
GLOBAL,PWRWONBRBXX,2028,1310
GLOBAL,PWRWONBRBXX,2029,1310
GLOBAL,PWRWONBRBXX,2030,1310
GLOBAL,PWRWONBRBXX,2031,1304
GLOBAL,PWRWONBRBXX,2032,1298
GLOBAL,PWRWONBRBXX,2033,1292
GLOBAL,PWRWONBRBXX,2034,1286
GLOBAL,PWRWONBRBXX,2035,1280
GLOBAL,PWRWONBRBXX,2036,1274
GLOBAL,PWRWONBRBXX,2037,1268
GLOBAL,PWRWONBRBXX,2038,1262
GLOBAL,PWRWONBRBXX,2039,1256
GLOBAL,PWRWONBRBXX,2040,1250
GLOBAL,PWRWONBRBXX,2041,1250
GLOBAL,PWRWONBRBXX,2042,1250
GLOBAL,PWRWONBRBXX,2043,1250
GLOBAL,PWRWONBRBXX,2044,1250
GLOBAL,PWRWONBRBXX,2045,1250
GLOBAL,PWRWONBRBXX,2046,1250
GLOBAL,PWRWONBRBXX,2047,1250
GLOBAL,PWRWONBRBXX,2048,1250
GLOBAL,PWRWONBRBXX,2049,1250
GLOBAL,PWRWONBRBXX,2050,1250
GLOBAL,PWRWONCHLXX,2023,1090
GLOBAL,PWRWONCHLXX,2024,1090
GLOBAL,PWRWONCHLXX,2025,1090
GLOBAL,PWRWONCHLXX,2026,1090
GLOBAL,PWRWONCHLXX,2027,1090
GLOBAL,PWRWONCHLXX,2028,1090
GLOBAL,PWRWONCHLXX,2029,1090
GLOBAL,PWRWONCHLXX,2030,1090
GLOBAL,PWRWONCHLXX,2031,1085
GLOBAL,PWRWONCHLXX,2032,1080
GLOBAL,PWRWONCHLXX,2033,1075
GLOBAL,PWRWONCHLXX,2034,1070
GLOBAL,PWRWONCHLXX,2035,1065
GLOBAL,PWRWONCHLXX,2036,1060
GLOBAL,PWRWONCHLXX,2037,1055
GLOBAL,PWRWONCHLXX,2038,1050
GLOBAL,PWRWONCHLXX,2039,1045
GLOBAL,PWRWONCHLXX,2040,1040
GLOBAL,PWRWONCHLXX,2041,1040
GLOBAL,PWRWONCHLXX,2042,1040
GLOBAL,PWRWONCHLXX,2043,1040
GLOBAL,PWRWONCHLXX,2044,1040
GLOBAL,PWRWONCHLXX,2045,1040
GLOBAL,PWRWONCHLXX,2046,1040
GLOBAL,PWRWONCHLXX,2047,1040
GLOBAL,PWRWONCHLXX,2048,1040
GLOBAL,PWRWONCHLXX,2049,1040
GLOBAL,PWRWONCHLXX,2050,1040
GLOBAL,PWRWONCOLXX,2023,1090
GLOBAL,PWRWONCOLXX,2024,1090
GLOBAL,PWRWONCOLXX,2025,1090
GLOBAL,PWRWONCOLXX,2026,1090
GLOBAL,PWRWONCOLXX,2027,1090
GLOBAL,PWRWONCOLXX,2028,1090
GLOBAL,PWRWONCOLXX,2029,1090
GLOBAL,PWRWONCOLXX,2030,1090
GLOBAL,PWRWONCOLXX,2031,1085
GLOBAL,PWRWONCOLXX,2032,1080
GLOBAL,PWRWONCOLXX,2033,1075
GLOBAL,PWRWONCOLXX,2034,1070
GLOBAL,PWRWONCOLXX,2035,1065
GLOBAL,PWRWONCOLXX,2036,1060
GLOBAL,PWRWONCOLXX,2037,1055
GLOBAL,PWRWONCOLXX,2038,1050
GLOBAL,PWRWONCOLXX,2039,1045
GLOBAL,PWRWONCOLXX,2040,1040
GLOBAL,PWRWONCOLXX,2041,1040
GLOBAL,PWRWONCOLXX,2042,1040
GLOBAL,PWRWONCOLXX,2043,1040
GLOBAL,PWRWONCOLXX,2044,1040
GLOBAL,PWRWONCOLXX,2045,1040
GLOBAL,PWRWONCOLXX,2046,1040
GLOBAL,PWRWONCOLXX,2047,1040
GLOBAL,PWRWONCOLXX,2048,1040
GLOBAL,PWRWONCOLXX,2049,1040
GLOBAL,PWRWONCOLXX,2050,1040
GLOBAL,PWRWONCRIXX,2023,1310
GLOBAL,PWRWONCRIXX,2024,1310
GLOBAL,PWRWONCRIXX,2025,1310
GLOBAL,PWRWONCRIXX,2026,1310
GLOBAL,PWRWONCRIXX,2027,1310
GLOBAL,PWRWONCRIXX,2028,1310
GLOBAL,PWRWONCRIXX,2029,1310
GLOBAL,PWRWONCRIXX,2030,1310
GLOBAL,PWRWONCRIXX,2031,1304
GLOBAL,PWRWONCRIXX,2032,1298
GLOBAL,PWRWONCRIXX,2033,1292
GLOBAL,PWRWONCRIXX,2034,1286
GLOBAL,PWRWONCRIXX,2035,1280
GLOBAL,PWRWONCRIXX,2036,1274
GLOBAL,PWRWONCRIXX,2037,1268
GLOBAL,PWRWONCRIXX,2038,1262
GLOBAL,PWRWONCRIXX,2039,1256
GLOBAL,PWRWONCRIXX,2040,1250
GLOBAL,PWRWONCRIXX,2041,1250
GLOBAL,PWRWONCRIXX,2042,1250
GLOBAL,PWRWONCRIXX,2043,1250
GLOBAL,PWRWONCRIXX,2044,1250
GLOBAL,PWRWONCRIXX,2045,1250
GLOBAL,PWRWONCRIXX,2046,1250
GLOBAL,PWRWONCRIXX,2047,1250
GLOBAL,PWRWONCRIXX,2048,1250
GLOBAL,PWRWONCRIXX,2049,1250
GLOBAL,PWRWONCRIXX,2050,1250
GLOBAL,PWRWONDOMXX,2023,1310
GLOBAL,PWRWONDOMXX,2024,1310
GLOBAL,PWRWONDOMXX,2025,1310
GLOBAL,PWRWONDOMXX,2026,1310
GLOBAL,PWRWONDOMXX,2027,1310
GLOBAL,PWRWONDOMXX,2028,1310
GLOBAL,PWRWONDOMXX,2029,1310
GLOBAL,PWRWONDOMXX,2030,1310
GLOBAL,PWRWONDOMXX,2031,1304
GLOBAL,PWRWONDOMXX,2032,1298
GLOBAL,PWRWONDOMXX,2033,1292
GLOBAL,PWRWONDOMXX,2034,1286
GLOBAL,PWRWONDOMXX,2035,1280
GLOBAL,PWRWONDOMXX,2036,1274
GLOBAL,PWRWONDOMXX,2037,1268
GLOBAL,PWRWONDOMXX,2038,1262
GLOBAL,PWRWONDOMXX,2039,1256
GLOBAL,PWRWONDOMXX,2040,1250
GLOBAL,PWRWONDOMXX,2041,1250
GLOBAL,PWRWONDOMXX,2042,1250
GLOBAL,PWRWONDOMXX,2043,1250
GLOBAL,PWRWONDOMXX,2044,1250
GLOBAL,PWRWONDOMXX,2045,1250
GLOBAL,PWRWONDOMXX,2046,1250
GLOBAL,PWRWONDOMXX,2047,1250
GLOBAL,PWRWONDOMXX,2048,1250
GLOBAL,PWRWONDOMXX,2049,1250
GLOBAL,PWRWONDOMXX,2050,1250
GLOBAL,PWRWONECUXX,2023,1090
GLOBAL,PWRWONECUXX,2024,1090
GLOBAL,PWRWONECUXX,2025,1090
GLOBAL,PWRWONECUXX,2026,1090
GLOBAL,PWRWONECUXX,2027,1090
GLOBAL,PWRWONECUXX,2028,1090
GLOBAL,PWRWONECUXX,2029,1090
GLOBAL,PWRWONECUXX,2030,1090
GLOBAL,PWRWONECUXX,2031,1085
GLOBAL,PWRWONECUXX,2032,1080
GLOBAL,PWRWONECUXX,2033,1075
GLOBAL,PWRWONECUXX,2034,1070
GLOBAL,PWRWONECUXX,2035,1065
GLOBAL,PWRWONECUXX,2036,1060
GLOBAL,PWRWONECUXX,2037,1055
GLOBAL,PWRWONECUXX,2038,1050
GLOBAL,PWRWONECUXX,2039,1045
GLOBAL,PWRWONECUXX,2040,1040
GLOBAL,PWRWONECUXX,2041,1040
GLOBAL,PWRWONECUXX,2042,1040
GLOBAL,PWRWONECUXX,2043,1040
GLOBAL,PWRWONECUXX,2044,1040
GLOBAL,PWRWONECUXX,2045,1040
GLOBAL,PWRWONECUXX,2046,1040
GLOBAL,PWRWONECUXX,2047,1040
GLOBAL,PWRWONECUXX,2048,1040
GLOBAL,PWRWONECUXX,2049,1040
GLOBAL,PWRWONECUXX,2050,1040
GLOBAL,PWRWONGTMXX,2023,1310
GLOBAL,PWRWONGTMXX,2024,1310
GLOBAL,PWRWONGTMXX,2025,1310
GLOBAL,PWRWONGTMXX,2026,1310
GLOBAL,PWRWONGTMXX,2027,1310
GLOBAL,PWRWONGTMXX,2028,1310
GLOBAL,PWRWONGTMXX,2029,1310
GLOBAL,PWRWONGTMXX,2030,1310
GLOBAL,PWRWONGTMXX,2031,1304
GLOBAL,PWRWONGTMXX,2032,1298
GLOBAL,PWRWONGTMXX,2033,1292
GLOBAL,PWRWONGTMXX,2034,1286
GLOBAL,PWRWONGTMXX,2035,1280
GLOBAL,PWRWONGTMXX,2036,1274
GLOBAL,PWRWONGTMXX,2037,1268
GLOBAL,PWRWONGTMXX,2038,1262
GLOBAL,PWRWONGTMXX,2039,1256
GLOBAL,PWRWONGTMXX,2040,1250
GLOBAL,PWRWONGTMXX,2041,1250
GLOBAL,PWRWONGTMXX,2042,1250
GLOBAL,PWRWONGTMXX,2043,1250
GLOBAL,PWRWONGTMXX,2044,1250
GLOBAL,PWRWONGTMXX,2045,1250
GLOBAL,PWRWONGTMXX,2046,1250
GLOBAL,PWRWONGTMXX,2047,1250
GLOBAL,PWRWONGTMXX,2048,1250
GLOBAL,PWRWONGTMXX,2049,1250
GLOBAL,PWRWONGTMXX,2050,1250
GLOBAL,PWRWONHNDXX,2023,1310
GLOBAL,PWRWONHNDXX,2024,1310
GLOBAL,PWRWONHNDXX,2025,1310
GLOBAL,PWRWONHNDXX,2026,1310
GLOBAL,PWRWONHNDXX,2027,1310
GLOBAL,PWRWONHNDXX,2028,1310
GLOBAL,PWRWONHNDXX,2029,1310
GLOBAL,PWRWONHNDXX,2030,1310
GLOBAL,PWRWONHNDXX,2031,1304
GLOBAL,PWRWONHNDXX,2032,1298
GLOBAL,PWRWONHNDXX,2033,1292
GLOBAL,PWRWONHNDXX,2034,1286
GLOBAL,PWRWONHNDXX,2035,1280
GLOBAL,PWRWONHNDXX,2036,1274
GLOBAL,PWRWONHNDXX,2037,1268
GLOBAL,PWRWONHNDXX,2038,1262
GLOBAL,PWRWONHNDXX,2039,1256
GLOBAL,PWRWONHNDXX,2040,1250
GLOBAL,PWRWONHNDXX,2041,1250
GLOBAL,PWRWONHNDXX,2042,1250
GLOBAL,PWRWONHNDXX,2043,1250
GLOBAL,PWRWONHNDXX,2044,1250
GLOBAL,PWRWONHNDXX,2045,1250
GLOBAL,PWRWONHNDXX,2046,1250
GLOBAL,PWRWONHNDXX,2047,1250
GLOBAL,PWRWONHNDXX,2048,1250
GLOBAL,PWRWONHNDXX,2049,1250
GLOBAL,PWRWONHNDXX,2050,1250
GLOBAL,PWRWONHTIXX,2023,1310
GLOBAL,PWRWONHTIXX,2024,1310
GLOBAL,PWRWONHTIXX,2025,1310
GLOBAL,PWRWONHTIXX,2026,1310
GLOBAL,PWRWONHTIXX,2027,1310
GLOBAL,PWRWONHTIXX,2028,1310
GLOBAL,PWRWONHTIXX,2029,1310
GLOBAL,PWRWONHTIXX,2030,1310
GLOBAL,PWRWONHTIXX,2031,1304
GLOBAL,PWRWONHTIXX,2032,1298
GLOBAL,PWRWONHTIXX,2033,1292
GLOBAL,PWRWONHTIXX,2034,1286
GLOBAL,PWRWONHTIXX,2035,1280
GLOBAL,PWRWONHTIXX,2036,1274
GLOBAL,PWRWONHTIXX,2037,1268
GLOBAL,PWRWONHTIXX,2038,1262
GLOBAL,PWRWONHTIXX,2039,1256
GLOBAL,PWRWONHTIXX,2040,1250
GLOBAL,PWRWONHTIXX,2041,1250
GLOBAL,PWRWONHTIXX,2042,1250
GLOBAL,PWRWONHTIXX,2043,1250
GLOBAL,PWRWONHTIXX,2044,1250
GLOBAL,PWRWONHTIXX,2045,1250
GLOBAL,PWRWONHTIXX,2046,1250
GLOBAL,PWRWONHTIXX,2047,1250
GLOBAL,PWRWONHTIXX,2048,1250
GLOBAL,PWRWONHTIXX,2049,1250
GLOBAL,PWRWONHTIXX,2050,1250
GLOBAL,PWRWONMEXXX,2023,1310
GLOBAL,PWRWONMEXXX,2024,1310
GLOBAL,PWRWONMEXXX,2025,1310
GLOBAL,PWRWONMEXXX,2026,1310
GLOBAL,PWRWONMEXXX,2027,1310
GLOBAL,PWRWONMEXXX,2028,1310
GLOBAL,PWRWONMEXXX,2029,1310
GLOBAL,PWRWONMEXXX,2030,1310
GLOBAL,PWRWONMEXXX,2031,1304
GLOBAL,PWRWONMEXXX,2032,1298
GLOBAL,PWRWONMEXXX,2033,1292
GLOBAL,PWRWONMEXXX,2034,1286
GLOBAL,PWRWONMEXXX,2035,1280
GLOBAL,PWRWONMEXXX,2036,1274
GLOBAL,PWRWONMEXXX,2037,1268
GLOBAL,PWRWONMEXXX,2038,1262
GLOBAL,PWRWONMEXXX,2039,1256
GLOBAL,PWRWONMEXXX,2040,1250
GLOBAL,PWRWONMEXXX,2041,1250
GLOBAL,PWRWONMEXXX,2042,1250
GLOBAL,PWRWONMEXXX,2043,1250
GLOBAL,PWRWONMEXXX,2044,1250
GLOBAL,PWRWONMEXXX,2045,1250
GLOBAL,PWRWONMEXXX,2046,1250
GLOBAL,PWRWONMEXXX,2047,1250
GLOBAL,PWRWONMEXXX,2048,1250
GLOBAL,PWRWONMEXXX,2049,1250
GLOBAL,PWRWONMEXXX,2050,1250
GLOBAL,PWRWONNICXX,2023,1090
GLOBAL,PWRWONNICXX,2024,1090
GLOBAL,PWRWONNICXX,2025,1090
GLOBAL,PWRWONNICXX,2026,1090
GLOBAL,PWRWONNICXX,2027,1090
GLOBAL,PWRWONNICXX,2028,1090
GLOBAL,PWRWONNICXX,2029,1090
GLOBAL,PWRWONNICXX,2030,1090
GLOBAL,PWRWONNICXX,2031,1085
GLOBAL,PWRWONNICXX,2032,1080
GLOBAL,PWRWONNICXX,2033,1075
GLOBAL,PWRWONNICXX,2034,1070
GLOBAL,PWRWONNICXX,2035,1065
GLOBAL,PWRWONNICXX,2036,1060
GLOBAL,PWRWONNICXX,2037,1055
GLOBAL,PWRWONNICXX,2038,1050
GLOBAL,PWRWONNICXX,2039,1045
GLOBAL,PWRWONNICXX,2040,1040
GLOBAL,PWRWONNICXX,2041,1040
GLOBAL,PWRWONNICXX,2042,1040
GLOBAL,PWRWONNICXX,2043,1040
GLOBAL,PWRWONNICXX,2044,1040
GLOBAL,PWRWONNICXX,2045,1040
GLOBAL,PWRWONNICXX,2046,1040
GLOBAL,PWRWONNICXX,2047,1040
GLOBAL,PWRWONNICXX,2048,1040
GLOBAL,PWRWONNICXX,2049,1040
GLOBAL,PWRWONNICXX,2050,1040
GLOBAL,PWRWONPANXX,2023,1310
GLOBAL,PWRWONPANXX,2024,1310
GLOBAL,PWRWONPANXX,2025,1310
GLOBAL,PWRWONPANXX,2026,1310
GLOBAL,PWRWONPANXX,2027,1310
GLOBAL,PWRWONPANXX,2028,1310
GLOBAL,PWRWONPANXX,2029,1310
GLOBAL,PWRWONPANXX,2030,1310
GLOBAL,PWRWONPANXX,2031,1304
GLOBAL,PWRWONPANXX,2032,1298
GLOBAL,PWRWONPANXX,2033,1292
GLOBAL,PWRWONPANXX,2034,1286
GLOBAL,PWRWONPANXX,2035,1280
GLOBAL,PWRWONPANXX,2036,1274
GLOBAL,PWRWONPANXX,2037,1268
GLOBAL,PWRWONPANXX,2038,1262
GLOBAL,PWRWONPANXX,2039,1256
GLOBAL,PWRWONPANXX,2040,1250
GLOBAL,PWRWONPANXX,2041,1250
GLOBAL,PWRWONPANXX,2042,1250
GLOBAL,PWRWONPANXX,2043,1250
GLOBAL,PWRWONPANXX,2044,1250
GLOBAL,PWRWONPANXX,2045,1250
GLOBAL,PWRWONPANXX,2046,1250
GLOBAL,PWRWONPANXX,2047,1250
GLOBAL,PWRWONPANXX,2048,1250
GLOBAL,PWRWONPANXX,2049,1250
GLOBAL,PWRWONPANXX,2050,1250
GLOBAL,PWRWONPERXX,2023,1090
GLOBAL,PWRWONPERXX,2024,1090
GLOBAL,PWRWONPERXX,2025,1090
GLOBAL,PWRWONPERXX,2026,1090
GLOBAL,PWRWONPERXX,2027,1090
GLOBAL,PWRWONPERXX,2028,1090
GLOBAL,PWRWONPERXX,2029,1090
GLOBAL,PWRWONPERXX,2030,1090
GLOBAL,PWRWONPERXX,2031,1085
GLOBAL,PWRWONPERXX,2032,1080
GLOBAL,PWRWONPERXX,2033,1075
GLOBAL,PWRWONPERXX,2034,1070
GLOBAL,PWRWONPERXX,2035,1065
GLOBAL,PWRWONPERXX,2036,1060
GLOBAL,PWRWONPERXX,2037,1055
GLOBAL,PWRWONPERXX,2038,1050
GLOBAL,PWRWONPERXX,2039,1045
GLOBAL,PWRWONPERXX,2040,1040
GLOBAL,PWRWONPERXX,2041,1040
GLOBAL,PWRWONPERXX,2042,1040
GLOBAL,PWRWONPERXX,2043,1040
GLOBAL,PWRWONPERXX,2044,1040
GLOBAL,PWRWONPERXX,2045,1040
GLOBAL,PWRWONPERXX,2046,1040
GLOBAL,PWRWONPERXX,2047,1040
GLOBAL,PWRWONPERXX,2048,1040
GLOBAL,PWRWONPERXX,2049,1040
GLOBAL,PWRWONPERXX,2050,1040
GLOBAL,PWRWONPRYXX,2023,1090
GLOBAL,PWRWONPRYXX,2024,1090
GLOBAL,PWRWONPRYXX,2025,1090
GLOBAL,PWRWONPRYXX,2026,1090
GLOBAL,PWRWONPRYXX,2027,1090
GLOBAL,PWRWONPRYXX,2028,1090
GLOBAL,PWRWONPRYXX,2029,1090
GLOBAL,PWRWONPRYXX,2030,1090
GLOBAL,PWRWONPRYXX,2031,1085
GLOBAL,PWRWONPRYXX,2032,1080
GLOBAL,PWRWONPRYXX,2033,1075
GLOBAL,PWRWONPRYXX,2034,1070
GLOBAL,PWRWONPRYXX,2035,1065
GLOBAL,PWRWONPRYXX,2036,1060
GLOBAL,PWRWONPRYXX,2037,1055
GLOBAL,PWRWONPRYXX,2038,1050
GLOBAL,PWRWONPRYXX,2039,1045
GLOBAL,PWRWONPRYXX,2040,1040
GLOBAL,PWRWONPRYXX,2041,1040
GLOBAL,PWRWONPRYXX,2042,1040
GLOBAL,PWRWONPRYXX,2043,1040
GLOBAL,PWRWONPRYXX,2044,1040
GLOBAL,PWRWONPRYXX,2045,1040
GLOBAL,PWRWONPRYXX,2046,1040
GLOBAL,PWRWONPRYXX,2047,1040
GLOBAL,PWRWONPRYXX,2048,1040
GLOBAL,PWRWONPRYXX,2049,1040
GLOBAL,PWRWONPRYXX,2050,1040
GLOBAL,PWRWONSLVXX,2023,1310
GLOBAL,PWRWONSLVXX,2024,1310
GLOBAL,PWRWONSLVXX,2025,1310
GLOBAL,PWRWONSLVXX,2026,1310
GLOBAL,PWRWONSLVXX,2027,1310
GLOBAL,PWRWONSLVXX,2028,1310
GLOBAL,PWRWONSLVXX,2029,1310
GLOBAL,PWRWONSLVXX,2030,1310
GLOBAL,PWRWONSLVXX,2031,1304
GLOBAL,PWRWONSLVXX,2032,1298
GLOBAL,PWRWONSLVXX,2033,1292
GLOBAL,PWRWONSLVXX,2034,1286
GLOBAL,PWRWONSLVXX,2035,1280
GLOBAL,PWRWONSLVXX,2036,1274
GLOBAL,PWRWONSLVXX,2037,1268
GLOBAL,PWRWONSLVXX,2038,1262
GLOBAL,PWRWONSLVXX,2039,1256
GLOBAL,PWRWONSLVXX,2040,1250
GLOBAL,PWRWONSLVXX,2041,1250
GLOBAL,PWRWONSLVXX,2042,1250
GLOBAL,PWRWONSLVXX,2043,1250
GLOBAL,PWRWONSLVXX,2044,1250
GLOBAL,PWRWONSLVXX,2045,1250
GLOBAL,PWRWONSLVXX,2046,1250
GLOBAL,PWRWONSLVXX,2047,1250
GLOBAL,PWRWONSLVXX,2048,1250
GLOBAL,PWRWONSLVXX,2049,1250
GLOBAL,PWRWONSLVXX,2050,1250
GLOBAL,PWRWONURYXX,2023,1090
GLOBAL,PWRWONURYXX,2024,1090
GLOBAL,PWRWONURYXX,2025,1090
GLOBAL,PWRWONURYXX,2026,1090
GLOBAL,PWRWONURYXX,2027,1090
GLOBAL,PWRWONURYXX,2028,1090
GLOBAL,PWRWONURYXX,2029,1090
GLOBAL,PWRWONURYXX,2030,1090
GLOBAL,PWRWONURYXX,2031,1085
GLOBAL,PWRWONURYXX,2032,1080
GLOBAL,PWRWONURYXX,2033,1075
GLOBAL,PWRWONURYXX,2034,1070
GLOBAL,PWRWONURYXX,2035,1065
GLOBAL,PWRWONURYXX,2036,1060
GLOBAL,PWRWONURYXX,2037,1055
GLOBAL,PWRWONURYXX,2038,1050
GLOBAL,PWRWONURYXX,2039,1045
GLOBAL,PWRWONURYXX,2040,1040
GLOBAL,PWRWONURYXX,2041,1040
GLOBAL,PWRWONURYXX,2042,1040
GLOBAL,PWRWONURYXX,2043,1040
GLOBAL,PWRWONURYXX,2044,1040
GLOBAL,PWRWONURYXX,2045,1040
GLOBAL,PWRWONURYXX,2046,1040
GLOBAL,PWRWONURYXX,2047,1040
GLOBAL,PWRWONURYXX,2048,1040
GLOBAL,PWRWONURYXX,2049,1040
GLOBAL,PWRWONURYXX,2050,1040
GLOBAL,RNWNLIARGXX,2023,1264.14
GLOBAL,RNWNLIARGXX,2024,1264.14
GLOBAL,RNWNLIARGXX,2025,1264.14
GLOBAL,RNWNLIARGXX,2026,1267.94
GLOBAL,RNWNLIARGXX,2027,1271.74
GLOBAL,RNWNLIARGXX,2028,1275.55
GLOBAL,RNWNLIARGXX,2029,1279.38
GLOBAL,RNWNLIARGXX,2030,1283.22
GLOBAL,RNWNLIARGXX,2031,1287.07
GLOBAL,RNWNLIARGXX,2032,1290.93
GLOBAL,RNWNLIARGXX,2033,1294.8
GLOBAL,RNWNLIARGXX,2034,1298.69
GLOBAL,RNWNLIARGXX,2035,1302.58
GLOBAL,RNWNLIARGXX,2036,1306.49
GLOBAL,RNWNLIARGXX,2037,1310.41
GLOBAL,RNWNLIARGXX,2038,1314.34
GLOBAL,RNWNLIARGXX,2039,1318.28
GLOBAL,RNWNLIARGXX,2040,1322.24
GLOBAL,RNWNLIARGXX,2041,1326.21
GLOBAL,RNWNLIARGXX,2042,1330.19
GLOBAL,RNWNLIARGXX,2043,1334.18
GLOBAL,RNWNLIARGXX,2044,1338.18
GLOBAL,RNWNLIARGXX,2045,1342.19
GLOBAL,RNWNLIARGXX,2046,1346.22
GLOBAL,RNWNLIARGXX,2047,1350.26
GLOBAL,RNWNLIARGXX,2048,1354.31
GLOBAL,RNWNLIARGXX,2049,1358.37
GLOBAL,RNWNLIARGXX,2050,1362.45
GLOBAL,RNWNLIBOLXX,2023,238.198
GLOBAL,RNWNLIBOLXX,2024,238.198
GLOBAL,RNWNLIBOLXX,2025,238.198
GLOBAL,RNWNLIBOLXX,2026,238.912
GLOBAL,RNWNLIBOLXX,2027,239.629
GLOBAL,RNWNLIBOLXX,2028,240.348
GLOBAL,RNWNLIBOLXX,2029,241.069
GLOBAL,RNWNLIBOLXX,2030,241.792
GLOBAL,RNWNLIBOLXX,2031,242.517
GLOBAL,RNWNLIBOLXX,2032,243.245
GLOBAL,RNWNLIBOLXX,2033,243.975
GLOBAL,RNWNLIBOLXX,2034,244.707
GLOBAL,RNWNLIBOLXX,2035,245.441
GLOBAL,RNWNLIBOLXX,2036,246.177
GLOBAL,RNWNLIBOLXX,2037,246.916
GLOBAL,RNWNLIBOLXX,2038,247.656
GLOBAL,RNWNLIBOLXX,2039,248.399
GLOBAL,RNWNLIBOLXX,2040,249.144
GLOBAL,RNWNLIBOLXX,2041,249.892
GLOBAL,RNWNLIBOLXX,2042,250.642
GLOBAL,RNWNLIBOLXX,2043,251.393
GLOBAL,RNWNLIBOLXX,2044,252.148
GLOBAL,RNWNLIBOLXX,2045,252.904
GLOBAL,RNWNLIBOLXX,2046,253.663
GLOBAL,RNWNLIBOLXX,2047,254.424
GLOBAL,RNWNLIBOLXX,2048,255.187
GLOBAL,RNWNLIBOLXX,2049,255.953
GLOBAL,RNWNLIBOLXX,2050,256.72
GLOBAL,RNWNLIBRAXX,2023,633.516
GLOBAL,RNWNLIBRAXX,2024,633.516
GLOBAL,RNWNLIBRAXX,2025,633.516
GLOBAL,RNWNLIBRAXX,2026,635.416
GLOBAL,RNWNLIBRAXX,2027,637.323
GLOBAL,RNWNLIBRAXX,2028,639.235
GLOBAL,RNWNLIBRAXX,2029,641.152
GLOBAL,RNWNLIBRAXX,2030,643.076
GLOBAL,RNWNLIBRAXX,2031,645.005
GLOBAL,RNWNLIBRAXX,2032,646.94
GLOBAL,RNWNLIBRAXX,2033,648.881
GLOBAL,RNWNLIBRAXX,2034,650.828
GLOBAL,RNWNLIBRAXX,2035,652.78
GLOBAL,RNWNLIBRAXX,2036,654.738
GLOBAL,RNWNLIBRAXX,2037,656.703
GLOBAL,RNWNLIBRAXX,2038,658.673
GLOBAL,RNWNLIBRAXX,2039,660.649
GLOBAL,RNWNLIBRAXX,2040,662.631
GLOBAL,RNWNLIBRAXX,2041,664.619
GLOBAL,RNWNLIBRAXX,2042,666.612
GLOBAL,RNWNLIBRAXX,2043,668.612
GLOBAL,RNWNLIBRAXX,2044,670.618
GLOBAL,RNWNLIBRAXX,2045,672.63
GLOBAL,RNWNLIBRAXX,2046,674.648
GLOBAL,RNWNLIBRAXX,2047,676.672
GLOBAL,RNWNLIBRAXX,2048,678.702
GLOBAL,RNWNLIBRAXX,2049,680.738
GLOBAL,RNWNLIBRAXX,2050,682.78
GLOBAL,RNWNLIBRBXX,2023,85.0535
GLOBAL,RNWNLIBRBXX,2024,85.0535
GLOBAL,RNWNLIBRBXX,2025,85.0535
GLOBAL,RNWNLIBRBXX,2026,85.3087
GLOBAL,RNWNLIBRBXX,2027,85.5646
GLOBAL,RNWNLIBRBXX,2028,85.8213
GLOBAL,RNWNLIBRBXX,2029,86.0788
GLOBAL,RNWNLIBRBXX,2030,86.337
GLOBAL,RNWNLIBRBXX,2031,86.596
GLOBAL,RNWNLIBRBXX,2032,86.8558
GLOBAL,RNWNLIBRBXX,2033,87.1164
GLOBAL,RNWNLIBRBXX,2034,87.3777
GLOBAL,RNWNLIBRBXX,2035,87.6399
GLOBAL,RNWNLIBRBXX,2036,87.9028
GLOBAL,RNWNLIBRBXX,2037,88.1665
GLOBAL,RNWNLIBRBXX,2038,88.431
GLOBAL,RNWNLIBRBXX,2039,88.6963
GLOBAL,RNWNLIBRBXX,2040,88.9624
GLOBAL,RNWNLIBRBXX,2041,89.2293
GLOBAL,RNWNLIBRBXX,2042,89.4969
GLOBAL,RNWNLIBRBXX,2043,89.7654
GLOBAL,RNWNLIBRBXX,2044,90.0347
GLOBAL,RNWNLIBRBXX,2045,90.3048
GLOBAL,RNWNLIBRBXX,2046,90.5758
GLOBAL,RNWNLIBRBXX,2047,90.8475
GLOBAL,RNWNLIBRBXX,2048,91.12
GLOBAL,RNWNLIBRBXX,2049,91.3934
GLOBAL,RNWNLIBRBXX,2050,91.6676
GLOBAL,RNWNLICHLXX,2023,706.02
GLOBAL,RNWNLICHLXX,2024,706.02
GLOBAL,RNWNLICHLXX,2025,706.02
GLOBAL,RNWNLICHLXX,2026,708.138
GLOBAL,RNWNLICHLXX,2027,710.262
GLOBAL,RNWNLICHLXX,2028,712.393
GLOBAL,RNWNLICHLXX,2029,714.53
GLOBAL,RNWNLICHLXX,2030,716.674
GLOBAL,RNWNLICHLXX,2031,718.824
GLOBAL,RNWNLICHLXX,2032,720.98
GLOBAL,RNWNLICHLXX,2033,723.143
GLOBAL,RNWNLICHLXX,2034,725.313
GLOBAL,RNWNLICHLXX,2035,727.488
GLOBAL,RNWNLICHLXX,2036,729.671
GLOBAL,RNWNLICHLXX,2037,731.86
GLOBAL,RNWNLICHLXX,2038,734.056
GLOBAL,RNWNLICHLXX,2039,736.258
GLOBAL,RNWNLICHLXX,2040,738.466
GLOBAL,RNWNLICHLXX,2041,740.682
GLOBAL,RNWNLICHLXX,2042,742.904
GLOBAL,RNWNLICHLXX,2043,745.133
GLOBAL,RNWNLICHLXX,2044,747.368
GLOBAL,RNWNLICHLXX,2045,749.61
GLOBAL,RNWNLICHLXX,2046,751.859
GLOBAL,RNWNLICHLXX,2047,754.115
GLOBAL,RNWNLICHLXX,2048,756.377
GLOBAL,RNWNLICHLXX,2049,758.646
GLOBAL,RNWNLICHLXX,2050,760.922
GLOBAL,RNWNLICOLXX,2023,158.943
GLOBAL,RNWNLICOLXX,2024,158.943
GLOBAL,RNWNLICOLXX,2025,158.943
GLOBAL,RNWNLICOLXX,2026,159.42
GLOBAL,RNWNLICOLXX,2027,159.898
GLOBAL,RNWNLICOLXX,2028,160.378
GLOBAL,RNWNLICOLXX,2029,160.859
GLOBAL,RNWNLICOLXX,2030,161.341
GLOBAL,RNWNLICOLXX,2031,161.825
GLOBAL,RNWNLICOLXX,2032,162.311
GLOBAL,RNWNLICOLXX,2033,162.798
GLOBAL,RNWNLICOLXX,2034,163.286
GLOBAL,RNWNLICOLXX,2035,163.776
GLOBAL,RNWNLICOLXX,2036,164.267
GLOBAL,RNWNLICOLXX,2037,164.76
GLOBAL,RNWNLICOLXX,2038,165.254
GLOBAL,RNWNLICOLXX,2039,165.75
GLOBAL,RNWNLICOLXX,2040,166.247
GLOBAL,RNWNLICOLXX,2041,166.746
GLOBAL,RNWNLICOLXX,2042,167.246
GLOBAL,RNWNLICOLXX,2043,167.748
GLOBAL,RNWNLICOLXX,2044,168.251
GLOBAL,RNWNLICOLXX,2045,168.756
GLOBAL,RNWNLICOLXX,2046,169.262
GLOBAL,RNWNLICOLXX,2047,169.77
GLOBAL,RNWNLICOLXX,2048,170.279
GLOBAL,RNWNLICOLXX,2049,170.79
GLOBAL,RNWNLICOLXX,2050,171.303
GLOBAL,RNWNLICRIXX,2023,458.479
GLOBAL,RNWNLICRIXX,2024,458.479
GLOBAL,RNWNLICRIXX,2025,458.479
GLOBAL,RNWNLICRIXX,2026,459.855
GLOBAL,RNWNLICRIXX,2027,461.234
GLOBAL,RNWNLICRIXX,2028,462.618
GLOBAL,RNWNLICRIXX,2029,464.006
GLOBAL,RNWNLICRIXX,2030,465.398
GLOBAL,RNWNLICRIXX,2031,466.794
GLOBAL,RNWNLICRIXX,2032,468.194
GLOBAL,RNWNLICRIXX,2033,469.599
GLOBAL,RNWNLICRIXX,2034,471.008
GLOBAL,RNWNLICRIXX,2035,472.421
GLOBAL,RNWNLICRIXX,2036,473.838
GLOBAL,RNWNLICRIXX,2037,475.259
GLOBAL,RNWNLICRIXX,2038,476.685
GLOBAL,RNWNLICRIXX,2039,478.115
GLOBAL,RNWNLICRIXX,2040,479.55
GLOBAL,RNWNLICRIXX,2041,480.988
GLOBAL,RNWNLICRIXX,2042,482.431
GLOBAL,RNWNLICRIXX,2043,483.879
GLOBAL,RNWNLICRIXX,2044,485.33
GLOBAL,RNWNLICRIXX,2045,486.786
GLOBAL,RNWNLICRIXX,2046,488.247
GLOBAL,RNWNLICRIXX,2047,489.711
GLOBAL,RNWNLICRIXX,2048,491.18
GLOBAL,RNWNLICRIXX,2049,492.654
GLOBAL,RNWNLICRIXX,2050,494.132
GLOBAL,RNWNLIDOMXX,2023,85.0535
GLOBAL,RNWNLIDOMXX,2024,85.0535
GLOBAL,RNWNLIDOMXX,2025,85.0535
GLOBAL,RNWNLIDOMXX,2026,85.3087
GLOBAL,RNWNLIDOMXX,2027,85.5646
GLOBAL,RNWNLIDOMXX,2028,85.8213
GLOBAL,RNWNLIDOMXX,2029,86.0788
GLOBAL,RNWNLIDOMXX,2030,86.337
GLOBAL,RNWNLIDOMXX,2031,86.596
GLOBAL,RNWNLIDOMXX,2032,86.8558
GLOBAL,RNWNLIDOMXX,2033,87.1164
GLOBAL,RNWNLIDOMXX,2034,87.3777
GLOBAL,RNWNLIDOMXX,2035,87.6399
GLOBAL,RNWNLIDOMXX,2036,87.9028
GLOBAL,RNWNLIDOMXX,2037,88.1665
GLOBAL,RNWNLIDOMXX,2038,88.431
GLOBAL,RNWNLIDOMXX,2039,88.6963
GLOBAL,RNWNLIDOMXX,2040,88.9624
GLOBAL,RNWNLIDOMXX,2041,89.2293
GLOBAL,RNWNLIDOMXX,2042,89.4969
GLOBAL,RNWNLIDOMXX,2043,89.7654
GLOBAL,RNWNLIDOMXX,2044,90.0347
GLOBAL,RNWNLIDOMXX,2045,90.3048
GLOBAL,RNWNLIDOMXX,2046,90.5758
GLOBAL,RNWNLIDOMXX,2047,90.8475
GLOBAL,RNWNLIDOMXX,2048,91.12
GLOBAL,RNWNLIDOMXX,2049,91.3934
GLOBAL,RNWNLIDOMXX,2050,91.6676
GLOBAL,RNWNLIECUXX,2023,533.789
GLOBAL,RNWNLIECUXX,2024,533.789
GLOBAL,RNWNLIECUXX,2025,533.789
GLOBAL,RNWNLIECUXX,2026,535.39
GLOBAL,RNWNLIECUXX,2027,536.997
GLOBAL,RNWNLIECUXX,2028,538.608
GLOBAL,RNWNLIECUXX,2029,540.223
GLOBAL,RNWNLIECUXX,2030,541.844
GLOBAL,RNWNLIECUXX,2031,543.47
GLOBAL,RNWNLIECUXX,2032,545.1
GLOBAL,RNWNLIECUXX,2033,546.735
GLOBAL,RNWNLIECUXX,2034,548.376
GLOBAL,RNWNLIECUXX,2035,550.021
GLOBAL,RNWNLIECUXX,2036,551.671
GLOBAL,RNWNLIECUXX,2037,553.326
GLOBAL,RNWNLIECUXX,2038,554.986
GLOBAL,RNWNLIECUXX,2039,556.651
GLOBAL,RNWNLIECUXX,2040,558.321
GLOBAL,RNWNLIECUXX,2041,559.996
GLOBAL,RNWNLIECUXX,2042,561.676
GLOBAL,RNWNLIECUXX,2043,563.361
GLOBAL,RNWNLIECUXX,2044,565.051
GLOBAL,RNWNLIECUXX,2045,566.746
GLOBAL,RNWNLIECUXX,2046,568.446
GLOBAL,RNWNLIECUXX,2047,570.151
GLOBAL,RNWNLIECUXX,2048,571.862
GLOBAL,RNWNLIECUXX,2049,573.577
GLOBAL,RNWNLIECUXX,2050,575.298
GLOBAL,RNWNLIGTMXX,2023,404.731
GLOBAL,RNWNLIGTMXX,2024,404.731
GLOBAL,RNWNLIGTMXX,2025,404.731
GLOBAL,RNWNLIGTMXX,2026,405.946
GLOBAL,RNWNLIGTMXX,2027,407.163
GLOBAL,RNWNLIGTMXX,2028,408.385
GLOBAL,RNWNLIGTMXX,2029,409.61
GLOBAL,RNWNLIGTMXX,2030,410.839
GLOBAL,RNWNLIGTMXX,2031,412.071
GLOBAL,RNWNLIGTMXX,2032,413.308
GLOBAL,RNWNLIGTMXX,2033,414.548
GLOBAL,RNWNLIGTMXX,2034,415.791
GLOBAL,RNWNLIGTMXX,2035,417.039
GLOBAL,RNWNLIGTMXX,2036,418.29
GLOBAL,RNWNLIGTMXX,2037,419.545
GLOBAL,RNWNLIGTMXX,2038,420.803
GLOBAL,RNWNLIGTMXX,2039,422.066
GLOBAL,RNWNLIGTMXX,2040,423.332
GLOBAL,RNWNLIGTMXX,2041,424.602
GLOBAL,RNWNLIGTMXX,2042,425.876
GLOBAL,RNWNLIGTMXX,2043,427.153
GLOBAL,RNWNLIGTMXX,2044,428.435
GLOBAL,RNWNLIGTMXX,2045,429.72
GLOBAL,RNWNLIGTMXX,2046,431.009
GLOBAL,RNWNLIGTMXX,2047,432.302
GLOBAL,RNWNLIGTMXX,2048,433.599
GLOBAL,RNWNLIGTMXX,2049,434.9
GLOBAL,RNWNLIGTMXX,2050,436.205
GLOBAL,RNWNLIHNDXX,2023,336.872
GLOBAL,RNWNLIHNDXX,2024,336.872
GLOBAL,RNWNLIHNDXX,2025,336.872
GLOBAL,RNWNLIHNDXX,2026,337.883
GLOBAL,RNWNLIHNDXX,2027,338.897
GLOBAL,RNWNLIHNDXX,2028,339.913
GLOBAL,RNWNLIHNDXX,2029,340.933
GLOBAL,RNWNLIHNDXX,2030,341.956
GLOBAL,RNWNLIHNDXX,2031,342.982
GLOBAL,RNWNLIHNDXX,2032,344.011
GLOBAL,RNWNLIHNDXX,2033,345.043
GLOBAL,RNWNLIHNDXX,2034,346.078
GLOBAL,RNWNLIHNDXX,2035,347.116
GLOBAL,RNWNLIHNDXX,2036,348.157
GLOBAL,RNWNLIHNDXX,2037,349.202
GLOBAL,RNWNLIHNDXX,2038,350.249
GLOBAL,RNWNLIHNDXX,2039,351.3
GLOBAL,RNWNLIHNDXX,2040,352.354
GLOBAL,RNWNLIHNDXX,2041,353.411
GLOBAL,RNWNLIHNDXX,2042,354.471
GLOBAL,RNWNLIHNDXX,2043,355.535
GLOBAL,RNWNLIHNDXX,2044,356.601
GLOBAL,RNWNLIHNDXX,2045,357.671
GLOBAL,RNWNLIHNDXX,2046,358.744
GLOBAL,RNWNLIHNDXX,2047,359.82
GLOBAL,RNWNLIHNDXX,2048,360.9
GLOBAL,RNWNLIHNDXX,2049,361.983
GLOBAL,RNWNLIHNDXX,2050,363.068
GLOBAL,RNWNLIHTIXX,2023,85.0535
GLOBAL,RNWNLIHTIXX,2024,85.0535
GLOBAL,RNWNLIHTIXX,2025,85.0535
GLOBAL,RNWNLIHTIXX,2026,85.3087
GLOBAL,RNWNLIHTIXX,2027,85.5646
GLOBAL,RNWNLIHTIXX,2028,85.8213
GLOBAL,RNWNLIHTIXX,2029,86.0788
GLOBAL,RNWNLIHTIXX,2030,86.337
GLOBAL,RNWNLIHTIXX,2031,86.596
GLOBAL,RNWNLIHTIXX,2032,86.8558
GLOBAL,RNWNLIHTIXX,2033,87.1164
GLOBAL,RNWNLIHTIXX,2034,87.3777
GLOBAL,RNWNLIHTIXX,2035,87.6399
GLOBAL,RNWNLIHTIXX,2036,87.9028
GLOBAL,RNWNLIHTIXX,2037,88.1665
GLOBAL,RNWNLIHTIXX,2038,88.431
GLOBAL,RNWNLIHTIXX,2039,88.6963
GLOBAL,RNWNLIHTIXX,2040,88.9624
GLOBAL,RNWNLIHTIXX,2041,89.2293
GLOBAL,RNWNLIHTIXX,2042,89.4969
GLOBAL,RNWNLIHTIXX,2043,89.7654
GLOBAL,RNWNLIHTIXX,2044,90.0347
GLOBAL,RNWNLIHTIXX,2045,90.3048
GLOBAL,RNWNLIHTIXX,2046,90.5758
GLOBAL,RNWNLIHTIXX,2047,90.8475
GLOBAL,RNWNLIHTIXX,2048,91.12
GLOBAL,RNWNLIHTIXX,2049,91.3934
GLOBAL,RNWNLIHTIXX,2050,91.6676
GLOBAL,RNWNLIMEXXX,2023,163.703
GLOBAL,RNWNLIMEXXX,2024,163.703
GLOBAL,RNWNLIMEXXX,2025,163.703
GLOBAL,RNWNLIMEXXX,2026,164.194
GLOBAL,RNWNLIMEXXX,2027,164.686
GLOBAL,RNWNLIMEXXX,2028,165.18
GLOBAL,RNWNLIMEXXX,2029,165.676
GLOBAL,RNWNLIMEXXX,2030,166.173
GLOBAL,RNWNLIMEXXX,2031,166.671
GLOBAL,RNWNLIMEXXX,2032,167.172
GLOBAL,RNWNLIMEXXX,2033,167.673
GLOBAL,RNWNLIMEXXX,2034,168.176
GLOBAL,RNWNLIMEXXX,2035,168.681
GLOBAL,RNWNLIMEXXX,2036,169.187
GLOBAL,RNWNLIMEXXX,2037,169.694
GLOBAL,RNWNLIMEXXX,2038,170.203
GLOBAL,RNWNLIMEXXX,2039,170.714
GLOBAL,RNWNLIMEXXX,2040,171.226
GLOBAL,RNWNLIMEXXX,2041,171.74
GLOBAL,RNWNLIMEXXX,2042,172.255
GLOBAL,RNWNLIMEXXX,2043,172.772
GLOBAL,RNWNLIMEXXX,2044,173.29
GLOBAL,RNWNLIMEXXX,2045,173.81
GLOBAL,RNWNLIMEXXX,2046,174.331
GLOBAL,RNWNLIMEXXX,2047,174.854
GLOBAL,RNWNLIMEXXX,2048,175.379
GLOBAL,RNWNLIMEXXX,2049,175.905
GLOBAL,RNWNLIMEXXX,2050,176.433
GLOBAL,RNWNLINICXX,2023,463.653
GLOBAL,RNWNLINICXX,2024,463.653
GLOBAL,RNWNLINICXX,2025,463.653
GLOBAL,RNWNLINICXX,2026,465.044
GLOBAL,RNWNLINICXX,2027,466.439
GLOBAL,RNWNLINICXX,2028,467.839
GLOBAL,RNWNLINICXX,2029,469.242
GLOBAL,RNWNLINICXX,2030,470.65
GLOBAL,RNWNLINICXX,2031,472.062
GLOBAL,RNWNLINICXX,2032,473.478
GLOBAL,RNWNLINICXX,2033,474.899
GLOBAL,RNWNLINICXX,2034,476.323
GLOBAL,RNWNLINICXX,2035,477.752
GLOBAL,RNWNLINICXX,2036,479.185
GLOBAL,RNWNLINICXX,2037,480.623
GLOBAL,RNWNLINICXX,2038,482.065
GLOBAL,RNWNLINICXX,2039,483.511
GLOBAL,RNWNLINICXX,2040,484.962
GLOBAL,RNWNLINICXX,2041,486.417
GLOBAL,RNWNLINICXX,2042,487.876
GLOBAL,RNWNLINICXX,2043,489.339
GLOBAL,RNWNLINICXX,2044,490.807
GLOBAL,RNWNLINICXX,2045,492.28
GLOBAL,RNWNLINICXX,2046,493.757
GLOBAL,RNWNLINICXX,2047,495.238
GLOBAL,RNWNLINICXX,2048,496.724
GLOBAL,RNWNLINICXX,2049,498.214
GLOBAL,RNWNLINICXX,2050,499.708
GLOBAL,RNWNLIPANXX,2023,93.4296
GLOBAL,RNWNLIPANXX,2024,93.4296
GLOBAL,RNWNLIPANXX,2025,93.4296
GLOBAL,RNWNLIPANXX,2026,93.7099
GLOBAL,RNWNLIPANXX,2027,93.991
GLOBAL,RNWNLIPANXX,2028,94.273
GLOBAL,RNWNLIPANXX,2029,94.5558
GLOBAL,RNWNLIPANXX,2030,94.8395
GLOBAL,RNWNLIPANXX,2031,95.124
GLOBAL,RNWNLIPANXX,2032,95.4094
GLOBAL,RNWNLIPANXX,2033,95.6956
GLOBAL,RNWNLIPANXX,2034,95.9827
GLOBAL,RNWNLIPANXX,2035,96.2706
GLOBAL,RNWNLIPANXX,2036,96.5594
GLOBAL,RNWNLIPANXX,2037,96.8491
GLOBAL,RNWNLIPANXX,2038,97.1397
GLOBAL,RNWNLIPANXX,2039,97.4311
GLOBAL,RNWNLIPANXX,2040,97.7234
GLOBAL,RNWNLIPANXX,2041,98.0166
GLOBAL,RNWNLIPANXX,2042,98.3106
GLOBAL,RNWNLIPANXX,2043,98.6055
GLOBAL,RNWNLIPANXX,2044,98.9014
GLOBAL,RNWNLIPANXX,2045,99.1981
GLOBAL,RNWNLIPANXX,2046,99.4956
GLOBAL,RNWNLIPANXX,2047,99.7941
GLOBAL,RNWNLIPANXX,2048,100.094
GLOBAL,RNWNLIPANXX,2049,100.394
GLOBAL,RNWNLIPANXX,2050,100.695
GLOBAL,RNWNLIPERXX,2023,1223.19
GLOBAL,RNWNLIPERXX,2024,1223.19
GLOBAL,RNWNLIPERXX,2025,1223.19
GLOBAL,RNWNLIPERXX,2026,1226.86
GLOBAL,RNWNLIPERXX,2027,1230.54
GLOBAL,RNWNLIPERXX,2028,1234.23
GLOBAL,RNWNLIPERXX,2029,1237.94
GLOBAL,RNWNLIPERXX,2030,1241.65
GLOBAL,RNWNLIPERXX,2031,1245.38
GLOBAL,RNWNLIPERXX,2032,1249.11
GLOBAL,RNWNLIPERXX,2033,1252.86
GLOBAL,RNWNLIPERXX,2034,1256.62
GLOBAL,RNWNLIPERXX,2035,1260.39
GLOBAL,RNWNLIPERXX,2036,1264.17
GLOBAL,RNWNLIPERXX,2037,1267.96
GLOBAL,RNWNLIPERXX,2038,1271.77
GLOBAL,RNWNLIPERXX,2039,1275.58
GLOBAL,RNWNLIPERXX,2040,1279.41
GLOBAL,RNWNLIPERXX,2041,1283.25
GLOBAL,RNWNLIPERXX,2042,1287.1
GLOBAL,RNWNLIPERXX,2043,1290.96
GLOBAL,RNWNLIPERXX,2044,1294.83
GLOBAL,RNWNLIPERXX,2045,1298.71
GLOBAL,RNWNLIPERXX,2046,1302.61
GLOBAL,RNWNLIPERXX,2047,1306.52
GLOBAL,RNWNLIPERXX,2048,1310.44
GLOBAL,RNWNLIPERXX,2049,1314.37
GLOBAL,RNWNLIPERXX,2050,1318.31
GLOBAL,RNWNLIPRYXX,2023,155.262
GLOBAL,RNWNLIPRYXX,2024,155.262
GLOBAL,RNWNLIPRYXX,2025,155.262
GLOBAL,RNWNLIPRYXX,2026,155.728
GLOBAL,RNWNLIPRYXX,2027,156.195
GLOBAL,RNWNLIPRYXX,2028,156.664
GLOBAL,RNWNLIPRYXX,2029,157.134
GLOBAL,RNWNLIPRYXX,2030,157.605
GLOBAL,RNWNLIPRYXX,2031,158.078
GLOBAL,RNWNLIPRYXX,2032,158.552
GLOBAL,RNWNLIPRYXX,2033,159.028
GLOBAL,RNWNLIPRYXX,2034,159.505
GLOBAL,RNWNLIPRYXX,2035,159.983
GLOBAL,RNWNLIPRYXX,2036,160.463
GLOBAL,RNWNLIPRYXX,2037,160.945
GLOBAL,RNWNLIPRYXX,2038,161.427
GLOBAL,RNWNLIPRYXX,2039,161.912
GLOBAL,RNWNLIPRYXX,2040,162.397
GLOBAL,RNWNLIPRYXX,2041,162.885
GLOBAL,RNWNLIPRYXX,2042,163.373
GLOBAL,RNWNLIPRYXX,2043,163.863
GLOBAL,RNWNLIPRYXX,2044,164.355
GLOBAL,RNWNLIPRYXX,2045,164.848
GLOBAL,RNWNLIPRYXX,2046,165.343
GLOBAL,RNWNLIPRYXX,2047,165.839
GLOBAL,RNWNLIPRYXX,2048,166.336
GLOBAL,RNWNLIPRYXX,2049,166.835
GLOBAL,RNWNLIPRYXX,2050,167.336
GLOBAL,RNWNLISLVXX,2023,418.216
GLOBAL,RNWNLISLVXX,2024,418.216
GLOBAL,RNWNLISLVXX,2025,418.216
GLOBAL,RNWNLISLVXX,2026,419.471
GLOBAL,RNWNLISLVXX,2027,420.729
GLOBAL,RNWNLISLVXX,2028,421.992
GLOBAL,RNWNLISLVXX,2029,423.258
GLOBAL,RNWNLISLVXX,2030,424.527
GLOBAL,RNWNLISLVXX,2031,425.801
GLOBAL,RNWNLISLVXX,2032,427.078
GLOBAL,RNWNLISLVXX,2033,428.36
GLOBAL,RNWNLISLVXX,2034,429.645
GLOBAL,RNWNLISLVXX,2035,430.934
GLOBAL,RNWNLISLVXX,2036,432.226
GLOBAL,RNWNLISLVXX,2037,433.523
GLOBAL,RNWNLISLVXX,2038,434.824
GLOBAL,RNWNLISLVXX,2039,436.128
GLOBAL,RNWNLISLVXX,2040,437.437
GLOBAL,RNWNLISLVXX,2041,438.749
GLOBAL,RNWNLISLVXX,2042,440.065
GLOBAL,RNWNLISLVXX,2043,441.385
GLOBAL,RNWNLISLVXX,2044,442.709
GLOBAL,RNWNLISLVXX,2045,444.038
GLOBAL,RNWNLISLVXX,2046,445.37
GLOBAL,RNWNLISLVXX,2047,446.706
GLOBAL,RNWNLISLVXX,2048,448.046
GLOBAL,RNWNLISLVXX,2049,449.39
GLOBAL,RNWNLISLVXX,2050,450.738
GLOBAL,RNWNLIURYXX,2023,338.756
GLOBAL,RNWNLIURYXX,2024,338.756
GLOBAL,RNWNLIURYXX,2025,338.756
GLOBAL,RNWNLIURYXX,2026,339.772
GLOBAL,RNWNLIURYXX,2027,340.791
GLOBAL,RNWNLIURYXX,2028,341.814
GLOBAL,RNWNLIURYXX,2029,342.839
GLOBAL,RNWNLIURYXX,2030,343.867
GLOBAL,RNWNLIURYXX,2031,344.899
GLOBAL,RNWNLIURYXX,2032,345.934
GLOBAL,RNWNLIURYXX,2033,346.972
GLOBAL,RNWNLIURYXX,2034,348.013
GLOBAL,RNWNLIURYXX,2035,349.057
GLOBAL,RNWNLIURYXX,2036,350.104
GLOBAL,RNWNLIURYXX,2037,351.154
GLOBAL,RNWNLIURYXX,2038,352.207
GLOBAL,RNWNLIURYXX,2039,353.264
GLOBAL,RNWNLIURYXX,2040,354.324
GLOBAL,RNWNLIURYXX,2041,355.387
GLOBAL,RNWNLIURYXX,2042,356.453
GLOBAL,RNWNLIURYXX,2043,357.522
GLOBAL,RNWNLIURYXX,2044,358.595
GLOBAL,RNWNLIURYXX,2045,359.671
GLOBAL,RNWNLIURYXX,2046,360.75
GLOBAL,RNWNLIURYXX,2047,361.832
GLOBAL,RNWNLIURYXX,2048,362.918
GLOBAL,RNWNLIURYXX,2049,364.006
GLOBAL,RNWNLIURYXX,2050,365.098
GLOBAL,RNWRPOARGXX,2023,568.865
GLOBAL,RNWRPOARGXX,2024,568.865
GLOBAL,RNWRPOARGXX,2025,568.865
GLOBAL,RNWRPOARGXX,2026,570.572
GLOBAL,RNWRPOARGXX,2027,572.283
GLOBAL,RNWRPOARGXX,2028,574
GLOBAL,RNWRPOARGXX,2029,575.722
GLOBAL,RNWRPOARGXX,2030,577.449
GLOBAL,RNWRPOARGXX,2031,579.182
GLOBAL,RNWRPOARGXX,2032,580.919
GLOBAL,RNWRPOARGXX,2033,582.662
GLOBAL,RNWRPOARGXX,2034,584.41
GLOBAL,RNWRPOARGXX,2035,586.163
GLOBAL,RNWRPOARGXX,2036,587.922
GLOBAL,RNWRPOARGXX,2037,589.685
GLOBAL,RNWRPOARGXX,2038,591.454
GLOBAL,RNWRPOARGXX,2039,593.229
GLOBAL,RNWRPOARGXX,2040,595.009
GLOBAL,RNWRPOARGXX,2041,596.794
GLOBAL,RNWRPOARGXX,2042,598.584
GLOBAL,RNWRPOARGXX,2043,600.38
GLOBAL,RNWRPOARGXX,2044,602.181
GLOBAL,RNWRPOARGXX,2045,603.987
GLOBAL,RNWRPOARGXX,2046,605.799
GLOBAL,RNWRPOARGXX,2047,607.617
GLOBAL,RNWRPOARGXX,2048,609.44
GLOBAL,RNWRPOARGXX,2049,611.268
GLOBAL,RNWRPOARGXX,2050,613.102
GLOBAL,RNWRPOBOLXX,2023,107.189
GLOBAL,RNWRPOBOLXX,2024,107.189
GLOBAL,RNWRPOBOLXX,2025,107.189
GLOBAL,RNWRPOBOLXX,2026,107.51
GLOBAL,RNWRPOBOLXX,2027,107.833
GLOBAL,RNWRPOBOLXX,2028,108.156
GLOBAL,RNWRPOBOLXX,2029,108.481
GLOBAL,RNWRPOBOLXX,2030,108.806
GLOBAL,RNWRPOBOLXX,2031,109.133
GLOBAL,RNWRPOBOLXX,2032,109.46
GLOBAL,RNWRPOBOLXX,2033,109.789
GLOBAL,RNWRPOBOLXX,2034,110.118
GLOBAL,RNWRPOBOLXX,2035,110.448
GLOBAL,RNWRPOBOLXX,2036,110.78
GLOBAL,RNWRPOBOLXX,2037,111.112
GLOBAL,RNWRPOBOLXX,2038,111.445
GLOBAL,RNWRPOBOLXX,2039,111.78
GLOBAL,RNWRPOBOLXX,2040,112.115
GLOBAL,RNWRPOBOLXX,2041,112.451
GLOBAL,RNWRPOBOLXX,2042,112.789
GLOBAL,RNWRPOBOLXX,2043,113.127
GLOBAL,RNWRPOBOLXX,2044,113.466
GLOBAL,RNWRPOBOLXX,2045,113.807
GLOBAL,RNWRPOBOLXX,2046,114.148
GLOBAL,RNWRPOBOLXX,2047,114.491
GLOBAL,RNWRPOBOLXX,2048,114.834
GLOBAL,RNWRPOBOLXX,2049,115.179
GLOBAL,RNWRPOBOLXX,2050,115.524
GLOBAL,RNWRPOBRAXX,2023,285.082
GLOBAL,RNWRPOBRAXX,2024,285.082
GLOBAL,RNWRPOBRAXX,2025,285.082
GLOBAL,RNWRPOBRAXX,2026,285.937
GLOBAL,RNWRPOBRAXX,2027,286.795
GLOBAL,RNWRPOBRAXX,2028,287.655
GLOBAL,RNWRPOBRAXX,2029,288.518
GLOBAL,RNWRPOBRAXX,2030,289.383
GLOBAL,RNWRPOBRAXX,2031,290.252
GLOBAL,RNWRPOBRAXX,2032,291.122
GLOBAL,RNWRPOBRAXX,2033,291.996
GLOBAL,RNWRPOBRAXX,2034,292.872
GLOBAL,RNWRPOBRAXX,2035,293.75
GLOBAL,RNWRPOBRAXX,2036,294.632
GLOBAL,RNWRPOBRAXX,2037,295.515
GLOBAL,RNWRPOBRAXX,2038,296.402
GLOBAL,RNWRPOBRAXX,2039,297.291
GLOBAL,RNWRPOBRAXX,2040,298.183
GLOBAL,RNWRPOBRAXX,2041,299.078
GLOBAL,RNWRPOBRAXX,2042,299.975
GLOBAL,RNWRPOBRAXX,2043,300.875
GLOBAL,RNWRPOBRAXX,2044,301.777
GLOBAL,RNWRPOBRAXX,2045,302.683
GLOBAL,RNWRPOBRAXX,2046,303.591
GLOBAL,RNWRPOBRAXX,2047,304.502
GLOBAL,RNWRPOBRAXX,2048,305.415
GLOBAL,RNWRPOBRAXX,2049,306.331
GLOBAL,RNWRPOBRAXX,2050,307.25
GLOBAL,RNWRPOBRBXX,2023,38.2742
GLOBAL,RNWRPOBRBXX,2024,38.2742
GLOBAL,RNWRPOBRBXX,2025,38.2742
GLOBAL,RNWRPOBRBXX,2026,38.389
GLOBAL,RNWRPOBRBXX,2027,38.5042
GLOBAL,RNWRPOBRBXX,2028,38.6197
GLOBAL,RNWRPOBRBXX,2029,38.7355
GLOBAL,RNWRPOBRBXX,2030,38.8518
GLOBAL,RNWRPOBRBXX,2031,38.9683
GLOBAL,RNWRPOBRBXX,2032,39.0852
GLOBAL,RNWRPOBRBXX,2033,39.2025
GLOBAL,RNWRPOBRBXX,2034,39.3201
GLOBAL,RNWRPOBRBXX,2035,39.438
GLOBAL,RNWRPOBRBXX,2036,39.5564
GLOBAL,RNWRPOBRBXX,2037,39.675
GLOBAL,RNWRPOBRBXX,2038,39.794
GLOBAL,RNWRPOBRBXX,2039,39.9134
GLOBAL,RNWRPOBRBXX,2040,40.0332
GLOBAL,RNWRPOBRBXX,2041,40.1533
GLOBAL,RNWRPOBRBXX,2042,40.2737
GLOBAL,RNWRPOBRBXX,2043,40.3946
GLOBAL,RNWRPOBRBXX,2044,40.5157
GLOBAL,RNWRPOBRBXX,2045,40.6373
GLOBAL,RNWRPOBRBXX,2046,40.7592
GLOBAL,RNWRPOBRBXX,2047,40.8815
GLOBAL,RNWRPOBRBXX,2048,41.0041
GLOBAL,RNWRPOBRBXX,2049,41.1271
GLOBAL,RNWRPOBRBXX,2050,41.2505
GLOBAL,RNWRPOCHLXX,2023,317.709
GLOBAL,RNWRPOCHLXX,2024,317.709
GLOBAL,RNWRPOCHLXX,2025,317.709
GLOBAL,RNWRPOCHLXX,2026,318.662
GLOBAL,RNWRPOCHLXX,2027,319.618
GLOBAL,RNWRPOCHLXX,2028,320.577
GLOBAL,RNWRPOCHLXX,2029,321.538
GLOBAL,RNWRPOCHLXX,2030,322.503
GLOBAL,RNWRPOCHLXX,2031,323.47
GLOBAL,RNWRPOCHLXX,2032,324.441
GLOBAL,RNWRPOCHLXX,2033,325.414
GLOBAL,RNWRPOCHLXX,2034,326.39
GLOBAL,RNWRPOCHLXX,2035,327.37
GLOBAL,RNWRPOCHLXX,2036,328.352
GLOBAL,RNWRPOCHLXX,2037,329.337
GLOBAL,RNWRPOCHLXX,2038,330.325
GLOBAL,RNWRPOCHLXX,2039,331.316
GLOBAL,RNWRPOCHLXX,2040,332.31
GLOBAL,RNWRPOCHLXX,2041,333.307
GLOBAL,RNWRPOCHLXX,2042,334.306
GLOBAL,RNWRPOCHLXX,2043,335.309
GLOBAL,RNWRPOCHLXX,2044,336.315
GLOBAL,RNWRPOCHLXX,2045,337.324
GLOBAL,RNWRPOCHLXX,2046,338.336
GLOBAL,RNWRPOCHLXX,2047,339.351
GLOBAL,RNWRPOCHLXX,2048,340.369
GLOBAL,RNWRPOCHLXX,2049,341.39
GLOBAL,RNWRPOCHLXX,2050,342.415
GLOBAL,RNWRPOCOLXX,2023,71.5242
GLOBAL,RNWRPOCOLXX,2024,71.5242
GLOBAL,RNWRPOCOLXX,2025,71.5242
GLOBAL,RNWRPOCOLXX,2026,71.7388
GLOBAL,RNWRPOCOLXX,2027,71.954
GLOBAL,RNWRPOCOLXX,2028,72.1699
GLOBAL,RNWRPOCOLXX,2029,72.3864
GLOBAL,RNWRPOCOLXX,2030,72.6036
GLOBAL,RNWRPOCOLXX,2031,72.8214
GLOBAL,RNWRPOCOLXX,2032,73.0398
GLOBAL,RNWRPOCOLXX,2033,73.259
GLOBAL,RNWRPOCOLXX,2034,73.4787
GLOBAL,RNWRPOCOLXX,2035,73.6992
GLOBAL,RNWRPOCOLXX,2036,73.9203
GLOBAL,RNWRPOCOLXX,2037,74.142
GLOBAL,RNWRPOCOLXX,2038,74.3645
GLOBAL,RNWRPOCOLXX,2039,74.5875
GLOBAL,RNWRPOCOLXX,2040,74.8113
GLOBAL,RNWRPOCOLXX,2041,75.0357
GLOBAL,RNWRPOCOLXX,2042,75.2609
GLOBAL,RNWRPOCOLXX,2043,75.4866
GLOBAL,RNWRPOCOLXX,2044,75.7131
GLOBAL,RNWRPOCOLXX,2045,75.9402
GLOBAL,RNWRPOCOLXX,2046,76.1681
GLOBAL,RNWRPOCOLXX,2047,76.3966
GLOBAL,RNWRPOCOLXX,2048,76.6257
GLOBAL,RNWRPOCOLXX,2049,76.8556
GLOBAL,RNWRPOCOLXX,2050,77.0862
GLOBAL,RNWRPOCRIXX,2023,206.316
GLOBAL,RNWRPOCRIXX,2024,206.316
GLOBAL,RNWRPOCRIXX,2025,206.316
GLOBAL,RNWRPOCRIXX,2026,206.934
GLOBAL,RNWRPOCRIXX,2027,207.555
GLOBAL,RNWRPOCRIXX,2028,208.178
GLOBAL,RNWRPOCRIXX,2029,208.802
GLOBAL,RNWRPOCRIXX,2030,209.429
GLOBAL,RNWRPOCRIXX,2031,210.057
GLOBAL,RNWRPOCRIXX,2032,210.687
GLOBAL,RNWRPOCRIXX,2033,211.319
GLOBAL,RNWRPOCRIXX,2034,211.953
GLOBAL,RNWRPOCRIXX,2035,212.589
GLOBAL,RNWRPOCRIXX,2036,213.227
GLOBAL,RNWRPOCRIXX,2037,213.867
GLOBAL,RNWRPOCRIXX,2038,214.508
GLOBAL,RNWRPOCRIXX,2039,215.152
GLOBAL,RNWRPOCRIXX,2040,215.797
GLOBAL,RNWRPOCRIXX,2041,216.445
GLOBAL,RNWRPOCRIXX,2042,217.094
GLOBAL,RNWRPOCRIXX,2043,217.745
GLOBAL,RNWRPOCRIXX,2044,218.398
GLOBAL,RNWRPOCRIXX,2045,219.054
GLOBAL,RNWRPOCRIXX,2046,219.711
GLOBAL,RNWRPOCRIXX,2047,220.37
GLOBAL,RNWRPOCRIXX,2048,221.031
GLOBAL,RNWRPOCRIXX,2049,221.694
GLOBAL,RNWRPOCRIXX,2050,222.359
GLOBAL,RNWRPODOMXX,2023,38.2742
GLOBAL,RNWRPODOMXX,2024,38.2742
GLOBAL,RNWRPODOMXX,2025,38.2742
GLOBAL,RNWRPODOMXX,2026,38.389
GLOBAL,RNWRPODOMXX,2027,38.5042
GLOBAL,RNWRPODOMXX,2028,38.6197
GLOBAL,RNWRPODOMXX,2029,38.7355
GLOBAL,RNWRPODOMXX,2030,38.8518
GLOBAL,RNWRPODOMXX,2031,38.9683
GLOBAL,RNWRPODOMXX,2032,39.0852
GLOBAL,RNWRPODOMXX,2033,39.2025
GLOBAL,RNWRPODOMXX,2034,39.3201
GLOBAL,RNWRPODOMXX,2035,39.438
GLOBAL,RNWRPODOMXX,2036,39.5564
GLOBAL,RNWRPODOMXX,2037,39.675
GLOBAL,RNWRPODOMXX,2038,39.794
GLOBAL,RNWRPODOMXX,2039,39.9134
GLOBAL,RNWRPODOMXX,2040,40.0332
GLOBAL,RNWRPODOMXX,2041,40.1533
GLOBAL,RNWRPODOMXX,2042,40.2737
GLOBAL,RNWRPODOMXX,2043,40.3946
GLOBAL,RNWRPODOMXX,2044,40.5157
GLOBAL,RNWRPODOMXX,2045,40.6373
GLOBAL,RNWRPODOMXX,2046,40.7592
GLOBAL,RNWRPODOMXX,2047,40.8815
GLOBAL,RNWRPODOMXX,2048,41.0041
GLOBAL,RNWRPODOMXX,2049,41.1271
GLOBAL,RNWRPODOMXX,2050,41.2505
GLOBAL,RNWRPOECUXX,2023,240.205
GLOBAL,RNWRPOECUXX,2024,240.205
GLOBAL,RNWRPOECUXX,2025,240.205
GLOBAL,RNWRPOECUXX,2026,240.925
GLOBAL,RNWRPOECUXX,2027,241.648
GLOBAL,RNWRPOECUXX,2028,242.373
GLOBAL,RNWRPOECUXX,2029,243.1
GLOBAL,RNWRPOECUXX,2030,243.829
GLOBAL,RNWRPOECUXX,2031,244.561
GLOBAL,RNWRPOECUXX,2032,245.295
GLOBAL,RNWRPOECUXX,2033,246.031
GLOBAL,RNWRPOECUXX,2034,246.769
GLOBAL,RNWRPOECUXX,2035,247.509
GLOBAL,RNWRPOECUXX,2036,248.251
GLOBAL,RNWRPOECUXX,2037,248.996
GLOBAL,RNWRPOECUXX,2038,249.743
GLOBAL,RNWRPOECUXX,2039,250.492
GLOBAL,RNWRPOECUXX,2040,251.244
GLOBAL,RNWRPOECUXX,2041,251.998
GLOBAL,RNWRPOECUXX,2042,252.754
GLOBAL,RNWRPOECUXX,2043,253.512
GLOBAL,RNWRPOECUXX,2044,254.272
GLOBAL,RNWRPOECUXX,2045,255.035
GLOBAL,RNWRPOECUXX,2046,255.8
GLOBAL,RNWRPOECUXX,2047,256.568
GLOBAL,RNWRPOECUXX,2048,257.337
GLOBAL,RNWRPOECUXX,2049,258.109
GLOBAL,RNWRPOECUXX,2050,258.884
GLOBAL,RNWRPOGTMXX,2023,182.128
GLOBAL,RNWRPOGTMXX,2024,182.128
GLOBAL,RNWRPOGTMXX,2025,182.128
GLOBAL,RNWRPOGTMXX,2026,182.675
GLOBAL,RNWRPOGTMXX,2027,183.223
GLOBAL,RNWRPOGTMXX,2028,183.773
GLOBAL,RNWRPOGTMXX,2029,184.324
GLOBAL,RNWRPOGTMXX,2030,184.877
GLOBAL,RNWRPOGTMXX,2031,185.431
GLOBAL,RNWRPOGTMXX,2032,185.988
GLOBAL,RNWRPOGTMXX,2033,186.546
GLOBAL,RNWRPOGTMXX,2034,187.105
GLOBAL,RNWRPOGTMXX,2035,187.667
GLOBAL,RNWRPOGTMXX,2036,188.23
GLOBAL,RNWRPOGTMXX,2037,188.794
GLOBAL,RNWRPOGTMXX,2038,189.361
GLOBAL,RNWRPOGTMXX,2039,189.929
GLOBAL,RNWRPOGTMXX,2040,190.499
GLOBAL,RNWRPOGTMXX,2041,191.07
GLOBAL,RNWRPOGTMXX,2042,191.643
GLOBAL,RNWRPOGTMXX,2043,192.218
GLOBAL,RNWRPOGTMXX,2044,192.795
GLOBAL,RNWRPOGTMXX,2045,193.373
GLOBAL,RNWRPOGTMXX,2046,193.953
GLOBAL,RNWRPOGTMXX,2047,194.535
GLOBAL,RNWRPOGTMXX,2048,195.119
GLOBAL,RNWRPOGTMXX,2049,195.704
GLOBAL,RNWRPOGTMXX,2050,196.291
GLOBAL,RNWRPOHNDXX,2023,151.592
GLOBAL,RNWRPOHNDXX,2024,151.592
GLOBAL,RNWRPOHNDXX,2025,151.592
GLOBAL,RNWRPOHNDXX,2026,152.047
GLOBAL,RNWRPOHNDXX,2027,152.503
GLOBAL,RNWRPOHNDXX,2028,152.961
GLOBAL,RNWRPOHNDXX,2029,153.42
GLOBAL,RNWRPOHNDXX,2030,153.88
GLOBAL,RNWRPOHNDXX,2031,154.342
GLOBAL,RNWRPOHNDXX,2032,154.805
GLOBAL,RNWRPOHNDXX,2033,155.269
GLOBAL,RNWRPOHNDXX,2034,155.735
GLOBAL,RNWRPOHNDXX,2035,156.202
GLOBAL,RNWRPOHNDXX,2036,156.671
GLOBAL,RNWRPOHNDXX,2037,157.141
GLOBAL,RNWRPOHNDXX,2038,157.612
GLOBAL,RNWRPOHNDXX,2039,158.085
GLOBAL,RNWRPOHNDXX,2040,158.559
GLOBAL,RNWRPOHNDXX,2041,159.035
GLOBAL,RNWRPOHNDXX,2042,159.512
GLOBAL,RNWRPOHNDXX,2043,159.991
GLOBAL,RNWRPOHNDXX,2044,160.471
GLOBAL,RNWRPOHNDXX,2045,160.952
GLOBAL,RNWRPOHNDXX,2046,161.435
GLOBAL,RNWRPOHNDXX,2047,161.919
GLOBAL,RNWRPOHNDXX,2048,162.405
GLOBAL,RNWRPOHNDXX,2049,162.892
GLOBAL,RNWRPOHNDXX,2050,163.381
GLOBAL,RNWRPOHTIXX,2023,38.2742
GLOBAL,RNWRPOHTIXX,2024,38.2742
GLOBAL,RNWRPOHTIXX,2025,38.2742
GLOBAL,RNWRPOHTIXX,2026,38.389
GLOBAL,RNWRPOHTIXX,2027,38.5042
GLOBAL,RNWRPOHTIXX,2028,38.6197
GLOBAL,RNWRPOHTIXX,2029,38.7355
GLOBAL,RNWRPOHTIXX,2030,38.8518
GLOBAL,RNWRPOHTIXX,2031,38.9683
GLOBAL,RNWRPOHTIXX,2032,39.0852
GLOBAL,RNWRPOHTIXX,2033,39.2025
GLOBAL,RNWRPOHTIXX,2034,39.3201
GLOBAL,RNWRPOHTIXX,2035,39.438
GLOBAL,RNWRPOHTIXX,2036,39.5564
GLOBAL,RNWRPOHTIXX,2037,39.675
GLOBAL,RNWRPOHTIXX,2038,39.794
GLOBAL,RNWRPOHTIXX,2039,39.9134
GLOBAL,RNWRPOHTIXX,2040,40.0332
GLOBAL,RNWRPOHTIXX,2041,40.1533
GLOBAL,RNWRPOHTIXX,2042,40.2737
GLOBAL,RNWRPOHTIXX,2043,40.3946
GLOBAL,RNWRPOHTIXX,2044,40.5157
GLOBAL,RNWRPOHTIXX,2045,40.6373
GLOBAL,RNWRPOHTIXX,2046,40.7592
GLOBAL,RNWRPOHTIXX,2047,40.8815
GLOBAL,RNWRPOHTIXX,2048,41.0041
GLOBAL,RNWRPOHTIXX,2049,41.1271
GLOBAL,RNWRPOHTIXX,2050,41.2505
GLOBAL,RNWRPOMEXXX,2023,73.6661
GLOBAL,RNWRPOMEXXX,2024,73.6661
GLOBAL,RNWRPOMEXXX,2025,73.6661
GLOBAL,RNWRPOMEXXX,2026,73.8871
GLOBAL,RNWRPOMEXXX,2027,74.1088
GLOBAL,RNWRPOMEXXX,2028,74.3311
GLOBAL,RNWRPOMEXXX,2029,74.5541
GLOBAL,RNWRPOMEXXX,2030,74.7777
GLOBAL,RNWRPOMEXXX,2031,75.0021
GLOBAL,RNWRPOMEXXX,2032,75.2271
GLOBAL,RNWRPOMEXXX,2033,75.4528
GLOBAL,RNWRPOMEXXX,2034,75.6791
GLOBAL,RNWRPOMEXXX,2035,75.9062
GLOBAL,RNWRPOMEXXX,2036,76.1339
GLOBAL,RNWRPOMEXXX,2037,76.3623
GLOBAL,RNWRPOMEXXX,2038,76.5914
GLOBAL,RNWRPOMEXXX,2039,76.8211
GLOBAL,RNWRPOMEXXX,2040,77.0516
GLOBAL,RNWRPOMEXXX,2041,77.2828
GLOBAL,RNWRPOMEXXX,2042,77.5146
GLOBAL,RNWRPOMEXXX,2043,77.7472
GLOBAL,RNWRPOMEXXX,2044,77.9804
GLOBAL,RNWRPOMEXXX,2045,78.2143
GLOBAL,RNWRPOMEXXX,2046,78.449
GLOBAL,RNWRPOMEXXX,2047,78.6843
GLOBAL,RNWRPOMEXXX,2048,78.9204
GLOBAL,RNWRPOMEXXX,2049,79.1571
GLOBAL,RNWRPOMEXXX,2050,79.3946
GLOBAL,RNWRPONICXX,2023,208.644
GLOBAL,RNWRPONICXX,2024,208.644
GLOBAL,RNWRPONICXX,2025,208.644
GLOBAL,RNWRPONICXX,2026,209.27
GLOBAL,RNWRPONICXX,2027,209.898
GLOBAL,RNWRPONICXX,2028,210.528
GLOBAL,RNWRPONICXX,2029,211.159
GLOBAL,RNWRPONICXX,2030,211.793
GLOBAL,RNWRPONICXX,2031,212.428
GLOBAL,RNWRPONICXX,2032,213.065
GLOBAL,RNWRPONICXX,2033,213.704
GLOBAL,RNWRPONICXX,2034,214.346
GLOBAL,RNWRPONICXX,2035,214.989
GLOBAL,RNWRPONICXX,2036,215.634
GLOBAL,RNWRPONICXX,2037,216.28
GLOBAL,RNWRPONICXX,2038,216.929
GLOBAL,RNWRPONICXX,2039,217.58
GLOBAL,RNWRPONICXX,2040,218.233
GLOBAL,RNWRPONICXX,2041,218.888
GLOBAL,RNWRPONICXX,2042,219.544
GLOBAL,RNWRPONICXX,2043,220.203
GLOBAL,RNWRPONICXX,2044,220.863
GLOBAL,RNWRPONICXX,2045,221.526
GLOBAL,RNWRPONICXX,2046,222.191
GLOBAL,RNWRPONICXX,2047,222.857
GLOBAL,RNWRPONICXX,2048,223.526
GLOBAL,RNWRPONICXX,2049,224.196
GLOBAL,RNWRPONICXX,2050,224.869
GLOBAL,RNWRPOPANXX,2023,42.0434
GLOBAL,RNWRPOPANXX,2024,42.0434
GLOBAL,RNWRPOPANXX,2025,42.0434
GLOBAL,RNWRPOPANXX,2026,42.1695
GLOBAL,RNWRPOPANXX,2027,42.296
GLOBAL,RNWRPOPANXX,2028,42.4229
GLOBAL,RNWRPOPANXX,2029,42.5502
GLOBAL,RNWRPOPANXX,2030,42.6778
GLOBAL,RNWRPOPANXX,2031,42.8058
GLOBAL,RNWRPOPANXX,2032,42.9343
GLOBAL,RNWRPOPANXX,2033,43.0631
GLOBAL,RNWRPOPANXX,2034,43.1923
GLOBAL,RNWRPOPANXX,2035,43.3218
GLOBAL,RNWRPOPANXX,2036,43.4518
GLOBAL,RNWRPOPANXX,2037,43.5822
GLOBAL,RNWRPOPANXX,2038,43.7129
GLOBAL,RNWRPOPANXX,2039,43.844
GLOBAL,RNWRPOPANXX,2040,43.9756
GLOBAL,RNWRPOPANXX,2041,44.1075
GLOBAL,RNWRPOPANXX,2042,44.2398
GLOBAL,RNWRPOPANXX,2043,44.3725
GLOBAL,RNWRPOPANXX,2044,44.5057
GLOBAL,RNWRPOPANXX,2045,44.6392
GLOBAL,RNWRPOPANXX,2046,44.7731
GLOBAL,RNWRPOPANXX,2047,44.9074
GLOBAL,RNWRPOPANXX,2048,45.0421
GLOBAL,RNWRPOPANXX,2049,45.1773
GLOBAL,RNWRPOPANXX,2050,45.3128
GLOBAL,RNWRPOPERXX,2023,550.437
GLOBAL,RNWRPOPERXX,2024,550.437
GLOBAL,RNWRPOPERXX,2025,550.437
GLOBAL,RNWRPOPERXX,2026,552.089
GLOBAL,RNWRPOPERXX,2027,553.745
GLOBAL,RNWRPOPERXX,2028,555.406
GLOBAL,RNWRPOPERXX,2029,557.072
GLOBAL,RNWRPOPERXX,2030,558.744
GLOBAL,RNWRPOPERXX,2031,560.42
GLOBAL,RNWRPOPERXX,2032,562.101
GLOBAL,RNWRPOPERXX,2033,563.787
GLOBAL,RNWRPOPERXX,2034,565.479
GLOBAL,RNWRPOPERXX,2035,567.175
GLOBAL,RNWRPOPERXX,2036,568.877
GLOBAL,RNWRPOPERXX,2037,570.583
GLOBAL,RNWRPOPERXX,2038,572.295
GLOBAL,RNWRPOPERXX,2039,574.012
GLOBAL,RNWRPOPERXX,2040,575.734
GLOBAL,RNWRPOPERXX,2041,577.461
GLOBAL,RNWRPOPERXX,2042,579.194
GLOBAL,RNWRPOPERXX,2043,580.931
GLOBAL,RNWRPOPERXX,2044,582.674
GLOBAL,RNWRPOPERXX,2045,584.422
GLOBAL,RNWRPOPERXX,2046,586.175
GLOBAL,RNWRPOPERXX,2047,587.934
GLOBAL,RNWRPOPERXX,2048,589.698
GLOBAL,RNWRPOPERXX,2049,591.467
GLOBAL,RNWRPOPERXX,2050,593.241
GLOBAL,RNWRPOPRYXX,2023,69.8678
GLOBAL,RNWRPOPRYXX,2024,69.8678
GLOBAL,RNWRPOPRYXX,2025,69.8678
GLOBAL,RNWRPOPRYXX,2026,70.0774
GLOBAL,RNWRPOPRYXX,2027,70.2877
GLOBAL,RNWRPOPRYXX,2028,70.4985
GLOBAL,RNWRPOPRYXX,2029,70.71
GLOBAL,RNWRPOPRYXX,2030,70.9222
GLOBAL,RNWRPOPRYXX,2031,71.1349
GLOBAL,RNWRPOPRYXX,2032,71.3483
GLOBAL,RNWRPOPRYXX,2033,71.5624
GLOBAL,RNWRPOPRYXX,2034,71.7771
GLOBAL,RNWRPOPRYXX,2035,71.9924
GLOBAL,RNWRPOPRYXX,2036,72.2084
GLOBAL,RNWRPOPRYXX,2037,72.425
GLOBAL,RNWRPOPRYXX,2038,72.6423
GLOBAL,RNWRPOPRYXX,2039,72.8602
GLOBAL,RNWRPOPRYXX,2040,73.0788
GLOBAL,RNWRPOPRYXX,2041,73.298
GLOBAL,RNWRPOPRYXX,2042,73.5179
GLOBAL,RNWRPOPRYXX,2043,73.7385
GLOBAL,RNWRPOPRYXX,2044,73.9597
GLOBAL,RNWRPOPRYXX,2045,74.1816
GLOBAL,RNWRPOPRYXX,2046,74.4041
GLOBAL,RNWRPOPRYXX,2047,74.6273
GLOBAL,RNWRPOPRYXX,2048,74.8512
GLOBAL,RNWRPOPRYXX,2049,75.0758
GLOBAL,RNWRPOPRYXX,2050,75.301
GLOBAL,RNWRPOSLVXX,2023,188.197
GLOBAL,RNWRPOSLVXX,2024,188.197
GLOBAL,RNWRPOSLVXX,2025,188.197
GLOBAL,RNWRPOSLVXX,2026,188.761
GLOBAL,RNWRPOSLVXX,2027,189.328
GLOBAL,RNWRPOSLVXX,2028,189.896
GLOBAL,RNWRPOSLVXX,2029,190.465
GLOBAL,RNWRPOSLVXX,2030,191.037
GLOBAL,RNWRPOSLVXX,2031,191.61
GLOBAL,RNWRPOSLVXX,2032,192.185
GLOBAL,RNWRPOSLVXX,2033,192.761
GLOBAL,RNWRPOSLVXX,2034,193.339
GLOBAL,RNWRPOSLVXX,2035,193.919
GLOBAL,RNWRPOSLVXX,2036,194.501
GLOBAL,RNWRPOSLVXX,2037,195.085
GLOBAL,RNWRPOSLVXX,2038,195.67
GLOBAL,RNWRPOSLVXX,2039,196.257
GLOBAL,RNWRPOSLVXX,2040,196.846
GLOBAL,RNWRPOSLVXX,2041,197.436
GLOBAL,RNWRPOSLVXX,2042,198.029
GLOBAL,RNWRPOSLVXX,2043,198.623
GLOBAL,RNWRPOSLVXX,2044,199.219
GLOBAL,RNWRPOSLVXX,2045,199.816
GLOBAL,RNWRPOSLVXX,2046,200.416
GLOBAL,RNWRPOSLVXX,2047,201.017
GLOBAL,RNWRPOSLVXX,2048,201.62
GLOBAL,RNWRPOSLVXX,2049,202.225
GLOBAL,RNWRPOSLVXX,2050,202.832
GLOBAL,RNWRPOURYXX,2023,152.44
GLOBAL,RNWRPOURYXX,2024,152.44
GLOBAL,RNWRPOURYXX,2025,152.44
GLOBAL,RNWRPOURYXX,2026,152.897
GLOBAL,RNWRPOURYXX,2027,153.356
GLOBAL,RNWRPOURYXX,2028,153.816
GLOBAL,RNWRPOURYXX,2029,154.277
GLOBAL,RNWRPOURYXX,2030,154.74
GLOBAL,RNWRPOURYXX,2031,155.204
GLOBAL,RNWRPOURYXX,2032,155.67
GLOBAL,RNWRPOURYXX,2033,156.137
GLOBAL,RNWRPOURYXX,2034,156.605
GLOBAL,RNWRPOURYXX,2035,157.075
GLOBAL,RNWRPOURYXX,2036,157.546
GLOBAL,RNWRPOURYXX,2037,158.019
GLOBAL,RNWRPOURYXX,2038,158.493
GLOBAL,RNWRPOURYXX,2039,158.969
GLOBAL,RNWRPOURYXX,2040,159.446
GLOBAL,RNWRPOURYXX,2041,159.924
GLOBAL,RNWRPOURYXX,2042,160.404
GLOBAL,RNWRPOURYXX,2043,160.885
GLOBAL,RNWRPOURYXX,2044,161.368
GLOBAL,RNWRPOURYXX,2045,161.852
GLOBAL,RNWRPOURYXX,2046,162.337
GLOBAL,RNWRPOURYXX,2047,162.824
GLOBAL,RNWRPOURYXX,2048,163.313
GLOBAL,RNWRPOURYXX,2049,163.803
GLOBAL,RNWRPOURYXX,2050,164.294
GLOBAL,RNWTRNARGXX,2023,1516.97
GLOBAL,RNWTRNARGXX,2024,1516.97
GLOBAL,RNWTRNARGXX,2025,1516.97
GLOBAL,RNWTRNARGXX,2026,1521.52
GLOBAL,RNWTRNARGXX,2027,1526.09
GLOBAL,RNWTRNARGXX,2028,1530.67
GLOBAL,RNWTRNARGXX,2029,1535.26
GLOBAL,RNWTRNARGXX,2030,1539.86
GLOBAL,RNWTRNARGXX,2031,1544.48
GLOBAL,RNWTRNARGXX,2032,1549.12
GLOBAL,RNWTRNARGXX,2033,1553.76
GLOBAL,RNWTRNARGXX,2034,1558.43
GLOBAL,RNWTRNARGXX,2035,1563.1
GLOBAL,RNWTRNARGXX,2036,1567.79
GLOBAL,RNWTRNARGXX,2037,1572.49
GLOBAL,RNWTRNARGXX,2038,1577.21
GLOBAL,RNWTRNARGXX,2039,1581.94
GLOBAL,RNWTRNARGXX,2040,1586.69
GLOBAL,RNWTRNARGXX,2041,1591.45
GLOBAL,RNWTRNARGXX,2042,1596.22
GLOBAL,RNWTRNARGXX,2043,1601.01
GLOBAL,RNWTRNARGXX,2044,1605.81
GLOBAL,RNWTRNARGXX,2045,1610.63
GLOBAL,RNWTRNARGXX,2046,1615.46
GLOBAL,RNWTRNARGXX,2047,1620.31
GLOBAL,RNWTRNARGXX,2048,1625.17
GLOBAL,RNWTRNARGXX,2049,1630.05
GLOBAL,RNWTRNARGXX,2050,1634.94
GLOBAL,RNWTRNBOLXX,2023,285.837
GLOBAL,RNWTRNBOLXX,2024,285.837
GLOBAL,RNWTRNBOLXX,2025,285.837
GLOBAL,RNWTRNBOLXX,2026,286.695
GLOBAL,RNWTRNBOLXX,2027,287.555
GLOBAL,RNWTRNBOLXX,2028,288.418
GLOBAL,RNWTRNBOLXX,2029,289.283
GLOBAL,RNWTRNBOLXX,2030,290.151
GLOBAL,RNWTRNBOLXX,2031,291.021
GLOBAL,RNWTRNBOLXX,2032,291.894
GLOBAL,RNWTRNBOLXX,2033,292.77
GLOBAL,RNWTRNBOLXX,2034,293.648
GLOBAL,RNWTRNBOLXX,2035,294.529
GLOBAL,RNWTRNBOLXX,2036,295.413
GLOBAL,RNWTRNBOLXX,2037,296.299
GLOBAL,RNWTRNBOLXX,2038,297.188
GLOBAL,RNWTRNBOLXX,2039,298.079
GLOBAL,RNWTRNBOLXX,2040,298.974
GLOBAL,RNWTRNBOLXX,2041,299.871
GLOBAL,RNWTRNBOLXX,2042,300.77
GLOBAL,RNWTRNBOLXX,2043,301.673
GLOBAL,RNWTRNBOLXX,2044,302.578
GLOBAL,RNWTRNBOLXX,2045,303.485
GLOBAL,RNWTRNBOLXX,2046,304.396
GLOBAL,RNWTRNBOLXX,2047,305.309
GLOBAL,RNWTRNBOLXX,2048,306.225
GLOBAL,RNWTRNBOLXX,2049,307.144
GLOBAL,RNWTRNBOLXX,2050,308.065
GLOBAL,RNWTRNBRAXX,2023,760.218
GLOBAL,RNWTRNBRAXX,2024,760.218
GLOBAL,RNWTRNBRAXX,2025,760.218
GLOBAL,RNWTRNBRAXX,2026,762.499
GLOBAL,RNWTRNBRAXX,2027,764.786
GLOBAL,RNWTRNBRAXX,2028,767.08
GLOBAL,RNWTRNBRAXX,2029,769.382
GLOBAL,RNWTRNBRAXX,2030,771.69
GLOBAL,RNWTRNBRAXX,2031,774.005
GLOBAL,RNWTRNBRAXX,2032,776.327
GLOBAL,RNWTRNBRAXX,2033,778.656
GLOBAL,RNWTRNBRAXX,2034,780.992
GLOBAL,RNWTRNBRAXX,2035,783.335
GLOBAL,RNWTRNBRAXX,2036,785.685
GLOBAL,RNWTRNBRAXX,2037,788.042
GLOBAL,RNWTRNBRAXX,2038,790.406
GLOBAL,RNWTRNBRAXX,2039,792.777
GLOBAL,RNWTRNBRAXX,2040,795.156
GLOBAL,RNWTRNBRAXX,2041,797.541
GLOBAL,RNWTRNBRAXX,2042,799.934
GLOBAL,RNWTRNBRAXX,2043,802.334
GLOBAL,RNWTRNBRAXX,2044,804.741
GLOBAL,RNWTRNBRAXX,2045,807.155
GLOBAL,RNWTRNBRAXX,2046,809.576
GLOBAL,RNWTRNBRAXX,2047,812.005
GLOBAL,RNWTRNBRAXX,2048,814.441
GLOBAL,RNWTRNBRAXX,2049,816.884
GLOBAL,RNWTRNBRAXX,2050,819.335
GLOBAL,RNWTRNBRBXX,2023,102.064
GLOBAL,RNWTRNBRBXX,2024,102.064
GLOBAL,RNWTRNBRBXX,2025,102.064
GLOBAL,RNWTRNBRBXX,2026,102.371
GLOBAL,RNWTRNBRBXX,2027,102.678
GLOBAL,RNWTRNBRBXX,2028,102.986
GLOBAL,RNWTRNBRBXX,2029,103.295
GLOBAL,RNWTRNBRBXX,2030,103.605
GLOBAL,RNWTRNBRBXX,2031,103.915
GLOBAL,RNWTRNBRBXX,2032,104.227
GLOBAL,RNWTRNBRBXX,2033,104.54
GLOBAL,RNWTRNBRBXX,2034,104.853
GLOBAL,RNWTRNBRBXX,2035,105.168
GLOBAL,RNWTRNBRBXX,2036,105.483
GLOBAL,RNWTRNBRBXX,2037,105.8
GLOBAL,RNWTRNBRBXX,2038,106.117
GLOBAL,RNWTRNBRBXX,2039,106.436
GLOBAL,RNWTRNBRBXX,2040,106.755
GLOBAL,RNWTRNBRBXX,2041,107.075
GLOBAL,RNWTRNBRBXX,2042,107.396
GLOBAL,RNWTRNBRBXX,2043,107.719
GLOBAL,RNWTRNBRBXX,2044,108.042
GLOBAL,RNWTRNBRBXX,2045,108.366
GLOBAL,RNWTRNBRBXX,2046,108.691
GLOBAL,RNWTRNBRBXX,2047,109.017
GLOBAL,RNWTRNBRBXX,2048,109.344
GLOBAL,RNWTRNBRBXX,2049,109.672
GLOBAL,RNWTRNBRBXX,2050,110.001
GLOBAL,RNWTRNCHLXX,2023,847.225
GLOBAL,RNWTRNCHLXX,2024,847.225
GLOBAL,RNWTRNCHLXX,2025,847.225
GLOBAL,RNWTRNCHLXX,2026,849.766
GLOBAL,RNWTRNCHLXX,2027,852.316
GLOBAL,RNWTRNCHLXX,2028,854.873
GLOBAL,RNWTRNCHLXX,2029,857.437
GLOBAL,RNWTRNCHLXX,2030,860.01
GLOBAL,RNWTRNCHLXX,2031,862.59
GLOBAL,RNWTRNCHLXX,2032,865.177
GLOBAL,RNWTRNCHLXX,2033,867.773
GLOBAL,RNWTRNCHLXX,2034,870.376
GLOBAL,RNWTRNCHLXX,2035,872.987
GLOBAL,RNWTRNCHLXX,2036,875.606
GLOBAL,RNWTRNCHLXX,2037,878.233
GLOBAL,RNWTRNCHLXX,2038,880.868
GLOBAL,RNWTRNCHLXX,2039,883.51
GLOBAL,RNWTRNCHLXX,2040,886.161
GLOBAL,RNWTRNCHLXX,2041,888.819
GLOBAL,RNWTRNCHLXX,2042,891.486
GLOBAL,RNWTRNCHLXX,2043,894.16
GLOBAL,RNWTRNCHLXX,2044,896.843
GLOBAL,RNWTRNCHLXX,2045,899.533
GLOBAL,RNWTRNCHLXX,2046,902.232
GLOBAL,RNWTRNCHLXX,2047,904.939
GLOBAL,RNWTRNCHLXX,2048,907.653
GLOBAL,RNWTRNCHLXX,2049,910.376
GLOBAL,RNWTRNCHLXX,2050,913.108
GLOBAL,RNWTRNCOLXX,2023,190.732
GLOBAL,RNWTRNCOLXX,2024,190.732
GLOBAL,RNWTRNCOLXX,2025,190.732
GLOBAL,RNWTRNCOLXX,2026,191.304
GLOBAL,RNWTRNCOLXX,2027,191.878
GLOBAL,RNWTRNCOLXX,2028,192.454
GLOBAL,RNWTRNCOLXX,2029,193.031
GLOBAL,RNWTRNCOLXX,2030,193.61
GLOBAL,RNWTRNCOLXX,2031,194.191
GLOBAL,RNWTRNCOLXX,2032,194.773
GLOBAL,RNWTRNCOLXX,2033,195.358
GLOBAL,RNWTRNCOLXX,2034,195.944
GLOBAL,RNWTRNCOLXX,2035,196.532
GLOBAL,RNWTRNCOLXX,2036,197.121
GLOBAL,RNWTRNCOLXX,2037,197.713
GLOBAL,RNWTRNCOLXX,2038,198.306
GLOBAL,RNWTRNCOLXX,2039,198.901
GLOBAL,RNWTRNCOLXX,2040,199.497
GLOBAL,RNWTRNCOLXX,2041,200.096
GLOBAL,RNWTRNCOLXX,2042,200.696
GLOBAL,RNWTRNCOLXX,2043,201.298
GLOBAL,RNWTRNCOLXX,2044,201.902
GLOBAL,RNWTRNCOLXX,2045,202.508
GLOBAL,RNWTRNCOLXX,2046,203.115
GLOBAL,RNWTRNCOLXX,2047,203.725
GLOBAL,RNWTRNCOLXX,2048,204.336
GLOBAL,RNWTRNCOLXX,2049,204.949
GLOBAL,RNWTRNCOLXX,2050,205.564
GLOBAL,RNWTRNCRIXX,2023,550.175
GLOBAL,RNWTRNCRIXX,2024,550.175
GLOBAL,RNWTRNCRIXX,2025,550.175
GLOBAL,RNWTRNCRIXX,2026,551.826
GLOBAL,RNWTRNCRIXX,2027,553.481
GLOBAL,RNWTRNCRIXX,2028,555.142
GLOBAL,RNWTRNCRIXX,2029,556.807
GLOBAL,RNWTRNCRIXX,2030,558.478
GLOBAL,RNWTRNCRIXX,2031,560.153
GLOBAL,RNWTRNCRIXX,2032,561.833
GLOBAL,RNWTRNCRIXX,2033,563.519
GLOBAL,RNWTRNCRIXX,2034,565.21
GLOBAL,RNWTRNCRIXX,2035,566.905
GLOBAL,RNWTRNCRIXX,2036,568.606
GLOBAL,RNWTRNCRIXX,2037,570.312
GLOBAL,RNWTRNCRIXX,2038,572.023
GLOBAL,RNWTRNCRIXX,2039,573.739
GLOBAL,RNWTRNCRIXX,2040,575.46
GLOBAL,RNWTRNCRIXX,2041,577.186
GLOBAL,RNWTRNCRIXX,2042,578.918
GLOBAL,RNWTRNCRIXX,2043,580.655
GLOBAL,RNWTRNCRIXX,2044,582.397
GLOBAL,RNWTRNCRIXX,2045,584.144
GLOBAL,RNWTRNCRIXX,2046,585.896
GLOBAL,RNWTRNCRIXX,2047,587.654
GLOBAL,RNWTRNCRIXX,2048,589.417
GLOBAL,RNWTRNCRIXX,2049,591.185
GLOBAL,RNWTRNCRIXX,2050,592.959
GLOBAL,RNWTRNDOMXX,2023,102.064
GLOBAL,RNWTRNDOMXX,2024,102.064
GLOBAL,RNWTRNDOMXX,2025,102.064
GLOBAL,RNWTRNDOMXX,2026,102.371
GLOBAL,RNWTRNDOMXX,2027,102.678
GLOBAL,RNWTRNDOMXX,2028,102.986
GLOBAL,RNWTRNDOMXX,2029,103.295
GLOBAL,RNWTRNDOMXX,2030,103.605
GLOBAL,RNWTRNDOMXX,2031,103.915
GLOBAL,RNWTRNDOMXX,2032,104.227
GLOBAL,RNWTRNDOMXX,2033,104.54
GLOBAL,RNWTRNDOMXX,2034,104.853
GLOBAL,RNWTRNDOMXX,2035,105.168
GLOBAL,RNWTRNDOMXX,2036,105.483
GLOBAL,RNWTRNDOMXX,2037,105.8
GLOBAL,RNWTRNDOMXX,2038,106.117
GLOBAL,RNWTRNDOMXX,2039,106.436
GLOBAL,RNWTRNDOMXX,2040,106.755
GLOBAL,RNWTRNDOMXX,2041,107.075
GLOBAL,RNWTRNDOMXX,2042,107.396
GLOBAL,RNWTRNDOMXX,2043,107.719
GLOBAL,RNWTRNDOMXX,2044,108.042
GLOBAL,RNWTRNDOMXX,2045,108.366
GLOBAL,RNWTRNDOMXX,2046,108.691
GLOBAL,RNWTRNDOMXX,2047,109.017
GLOBAL,RNWTRNDOMXX,2048,109.344
GLOBAL,RNWTRNDOMXX,2049,109.672
GLOBAL,RNWTRNDOMXX,2050,110.001
GLOBAL,RNWTRNECUXX,2023,640.548
GLOBAL,RNWTRNECUXX,2024,640.548
GLOBAL,RNWTRNECUXX,2025,640.548
GLOBAL,RNWTRNECUXX,2026,642.47
GLOBAL,RNWTRNECUXX,2027,644.397
GLOBAL,RNWTRNECUXX,2028,646.331
GLOBAL,RNWTRNECUXX,2029,648.27
GLOBAL,RNWTRNECUXX,2030,650.214
GLOBAL,RNWTRNECUXX,2031,652.165
GLOBAL,RNWTRNECUXX,2032,654.121
GLOBAL,RNWTRNECUXX,2033,656.084
GLOBAL,RNWTRNECUXX,2034,658.052
GLOBAL,RNWTRNECUXX,2035,660.026
GLOBAL,RNWTRNECUXX,2036,662.006
GLOBAL,RNWTRNECUXX,2037,663.992
GLOBAL,RNWTRNECUXX,2038,665.984
GLOBAL,RNWTRNECUXX,2039,667.982
GLOBAL,RNWTRNECUXX,2040,669.986
GLOBAL,RNWTRNECUXX,2041,671.996
GLOBAL,RNWTRNECUXX,2042,674.012
GLOBAL,RNWTRNECUXX,2043,676.034
GLOBAL,RNWTRNECUXX,2044,678.062
GLOBAL,RNWTRNECUXX,2045,680.097
GLOBAL,RNWTRNECUXX,2046,682.137
GLOBAL,RNWTRNECUXX,2047,684.183
GLOBAL,RNWTRNECUXX,2048,686.236
GLOBAL,RNWTRNECUXX,2049,688.294
GLOBAL,RNWTRNECUXX,2050,690.359
GLOBAL,RNWTRNGTMXX,2023,485.677
GLOBAL,RNWTRNGTMXX,2024,485.677
GLOBAL,RNWTRNGTMXX,2025,485.677
GLOBAL,RNWTRNGTMXX,2026,487.134
GLOBAL,RNWTRNGTMXX,2027,488.595
GLOBAL,RNWTRNGTMXX,2028,490.061
GLOBAL,RNWTRNGTMXX,2029,491.531
GLOBAL,RNWTRNGTMXX,2030,493.006
GLOBAL,RNWTRNGTMXX,2031,494.485
GLOBAL,RNWTRNGTMXX,2032,495.968
GLOBAL,RNWTRNGTMXX,2033,497.456
GLOBAL,RNWTRNGTMXX,2034,498.949
GLOBAL,RNWTRNGTMXX,2035,500.446
GLOBAL,RNWTRNGTMXX,2036,501.947
GLOBAL,RNWTRNGTMXX,2037,503.453
GLOBAL,RNWTRNGTMXX,2038,504.963
GLOBAL,RNWTRNGTMXX,2039,506.478
GLOBAL,RNWTRNGTMXX,2040,507.997
GLOBAL,RNWTRNGTMXX,2041,509.521
GLOBAL,RNWTRNGTMXX,2042,511.05
GLOBAL,RNWTRNGTMXX,2043,512.583
GLOBAL,RNWTRNGTMXX,2044,514.121
GLOBAL,RNWTRNGTMXX,2045,515.663
GLOBAL,RNWTRNGTMXX,2046,517.21
GLOBAL,RNWTRNGTMXX,2047,518.762
GLOBAL,RNWTRNGTMXX,2048,520.318
GLOBAL,RNWTRNGTMXX,2049,521.879
GLOBAL,RNWTRNGTMXX,2050,523.445
GLOBAL,RNWTRNHNDXX,2023,404.247
GLOBAL,RNWTRNHNDXX,2024,404.247
GLOBAL,RNWTRNHNDXX,2025,404.247
GLOBAL,RNWTRNHNDXX,2026,405.459
GLOBAL,RNWTRNHNDXX,2027,406.676
GLOBAL,RNWTRNHNDXX,2028,407.896
GLOBAL,RNWTRNHNDXX,2029,409.12
GLOBAL,RNWTRNHNDXX,2030,410.347
GLOBAL,RNWTRNHNDXX,2031,411.578
GLOBAL,RNWTRNHNDXX,2032,412.813
GLOBAL,RNWTRNHNDXX,2033,414.051
GLOBAL,RNWTRNHNDXX,2034,415.293
GLOBAL,RNWTRNHNDXX,2035,416.539
GLOBAL,RNWTRNHNDXX,2036,417.789
GLOBAL,RNWTRNHNDXX,2037,419.042
GLOBAL,RNWTRNHNDXX,2038,420.299
GLOBAL,RNWTRNHNDXX,2039,421.56
GLOBAL,RNWTRNHNDXX,2040,422.825
GLOBAL,RNWTRNHNDXX,2041,424.093
GLOBAL,RNWTRNHNDXX,2042,425.366
GLOBAL,RNWTRNHNDXX,2043,426.642
GLOBAL,RNWTRNHNDXX,2044,427.922
GLOBAL,RNWTRNHNDXX,2045,429.205
GLOBAL,RNWTRNHNDXX,2046,430.493
GLOBAL,RNWTRNHNDXX,2047,431.784
GLOBAL,RNWTRNHNDXX,2048,433.08
GLOBAL,RNWTRNHNDXX,2049,434.379
GLOBAL,RNWTRNHNDXX,2050,435.682
GLOBAL,RNWTRNHTIXX,2023,102.064
GLOBAL,RNWTRNHTIXX,2024,102.064
GLOBAL,RNWTRNHTIXX,2025,102.064
GLOBAL,RNWTRNHTIXX,2026,102.371
GLOBAL,RNWTRNHTIXX,2027,102.678
GLOBAL,RNWTRNHTIXX,2028,102.986
GLOBAL,RNWTRNHTIXX,2029,103.295
GLOBAL,RNWTRNHTIXX,2030,103.605
GLOBAL,RNWTRNHTIXX,2031,103.915
GLOBAL,RNWTRNHTIXX,2032,104.227
GLOBAL,RNWTRNHTIXX,2033,104.54
GLOBAL,RNWTRNHTIXX,2034,104.853
GLOBAL,RNWTRNHTIXX,2035,105.168
GLOBAL,RNWTRNHTIXX,2036,105.483
GLOBAL,RNWTRNHTIXX,2037,105.8
GLOBAL,RNWTRNHTIXX,2038,106.117
GLOBAL,RNWTRNHTIXX,2039,106.436
GLOBAL,RNWTRNHTIXX,2040,106.755
GLOBAL,RNWTRNHTIXX,2041,107.075
GLOBAL,RNWTRNHTIXX,2042,107.396
GLOBAL,RNWTRNHTIXX,2043,107.719
GLOBAL,RNWTRNHTIXX,2044,108.042
GLOBAL,RNWTRNHTIXX,2045,108.366
GLOBAL,RNWTRNHTIXX,2046,108.691
GLOBAL,RNWTRNHTIXX,2047,109.017
GLOBAL,RNWTRNHTIXX,2048,109.344
GLOBAL,RNWTRNHTIXX,2049,109.672
GLOBAL,RNWTRNHTIXX,2050,110.001
GLOBAL,RNWTRNMEXXX,2023,196.443
GLOBAL,RNWTRNMEXXX,2024,196.443
GLOBAL,RNWTRNMEXXX,2025,196.443
GLOBAL,RNWTRNMEXXX,2026,197.032
GLOBAL,RNWTRNMEXXX,2027,197.623
GLOBAL,RNWTRNMEXXX,2028,198.216
GLOBAL,RNWTRNMEXXX,2029,198.811
GLOBAL,RNWTRNMEXXX,2030,199.407
GLOBAL,RNWTRNMEXXX,2031,200.005
GLOBAL,RNWTRNMEXXX,2032,200.605
GLOBAL,RNWTRNMEXXX,2033,201.207
GLOBAL,RNWTRNMEXXX,2034,201.811
GLOBAL,RNWTRNMEXXX,2035,202.416
GLOBAL,RNWTRNMEXXX,2036,203.024
GLOBAL,RNWTRNMEXXX,2037,203.633
GLOBAL,RNWTRNMEXXX,2038,204.244
GLOBAL,RNWTRNMEXXX,2039,204.856
GLOBAL,RNWTRNMEXXX,2040,205.471
GLOBAL,RNWTRNMEXXX,2041,206.087
GLOBAL,RNWTRNMEXXX,2042,206.706
GLOBAL,RNWTRNMEXXX,2043,207.326
GLOBAL,RNWTRNMEXXX,2044,207.948
GLOBAL,RNWTRNMEXXX,2045,208.571
GLOBAL,RNWTRNMEXXX,2046,209.197
GLOBAL,RNWTRNMEXXX,2047,209.825
GLOBAL,RNWTRNMEXXX,2048,210.454
GLOBAL,RNWTRNMEXXX,2049,211.086
GLOBAL,RNWTRNMEXXX,2050,211.719
GLOBAL,RNWTRNNICXX,2023,556.384
GLOBAL,RNWTRNNICXX,2024,556.384
GLOBAL,RNWTRNNICXX,2025,556.384
GLOBAL,RNWTRNNICXX,2026,558.053
GLOBAL,RNWTRNNICXX,2027,559.727
GLOBAL,RNWTRNNICXX,2028,561.406
GLOBAL,RNWTRNNICXX,2029,563.09
GLOBAL,RNWTRNNICXX,2030,564.78
GLOBAL,RNWTRNNICXX,2031,566.474
GLOBAL,RNWTRNNICXX,2032,568.173
GLOBAL,RNWTRNNICXX,2033,569.878
GLOBAL,RNWTRNNICXX,2034,571.588
GLOBAL,RNWTRNNICXX,2035,573.302
GLOBAL,RNWTRNNICXX,2036,575.022
GLOBAL,RNWTRNNICXX,2037,576.747
GLOBAL,RNWTRNNICXX,2038,578.478
GLOBAL,RNWTRNNICXX,2039,580.213
GLOBAL,RNWTRNNICXX,2040,581.954
GLOBAL,RNWTRNNICXX,2041,583.699
GLOBAL,RNWTRNNICXX,2042,585.451
GLOBAL,RNWTRNNICXX,2043,587.207
GLOBAL,RNWTRNNICXX,2044,588.969
GLOBAL,RNWTRNNICXX,2045,590.735
GLOBAL,RNWTRNNICXX,2046,592.508
GLOBAL,RNWTRNNICXX,2047,594.285
GLOBAL,RNWTRNNICXX,2048,596.068
GLOBAL,RNWTRNNICXX,2049,597.856
GLOBAL,RNWTRNNICXX,2050,599.65
GLOBAL,RNWTRNPANXX,2023,112.115
GLOBAL,RNWTRNPANXX,2024,112.115
GLOBAL,RNWTRNPANXX,2025,112.115
GLOBAL,RNWTRNPANXX,2026,112.452
GLOBAL,RNWTRNPANXX,2027,112.789
GLOBAL,RNWTRNPANXX,2028,113.127
GLOBAL,RNWTRNPANXX,2029,113.467
GLOBAL,RNWTRNPANXX,2030,113.807
GLOBAL,RNWTRNPANXX,2031,114.149
GLOBAL,RNWTRNPANXX,2032,114.491
GLOBAL,RNWTRNPANXX,2033,114.835
GLOBAL,RNWTRNPANXX,2034,115.179
GLOBAL,RNWTRNPANXX,2035,115.525
GLOBAL,RNWTRNPANXX,2036,115.871
GLOBAL,RNWTRNPANXX,2037,116.219
GLOBAL,RNWTRNPANXX,2038,116.567
GLOBAL,RNWTRNPANXX,2039,116.917
GLOBAL,RNWTRNPANXX,2040,117.268
GLOBAL,RNWTRNPANXX,2041,117.62
GLOBAL,RNWTRNPANXX,2042,117.973
GLOBAL,RNWTRNPANXX,2043,118.326
GLOBAL,RNWTRNPANXX,2044,118.681
GLOBAL,RNWTRNPANXX,2045,119.037
GLOBAL,RNWTRNPANXX,2046,119.395
GLOBAL,RNWTRNPANXX,2047,119.753
GLOBAL,RNWTRNPANXX,2048,120.112
GLOBAL,RNWTRNPANXX,2049,120.472
GLOBAL,RNWTRNPANXX,2050,120.834
GLOBAL,RNWTRNPERXX,2023,1467.83
GLOBAL,RNWTRNPERXX,2024,1467.83
GLOBAL,RNWTRNPERXX,2025,1467.83
GLOBAL,RNWTRNPERXX,2026,1472.24
GLOBAL,RNWTRNPERXX,2027,1476.65
GLOBAL,RNWTRNPERXX,2028,1481.08
GLOBAL,RNWTRNPERXX,2029,1485.53
GLOBAL,RNWTRNPERXX,2030,1489.98
GLOBAL,RNWTRNPERXX,2031,1494.45
GLOBAL,RNWTRNPERXX,2032,1498.94
GLOBAL,RNWTRNPERXX,2033,1503.43
GLOBAL,RNWTRNPERXX,2034,1507.94
GLOBAL,RNWTRNPERXX,2035,1512.47
GLOBAL,RNWTRNPERXX,2036,1517
GLOBAL,RNWTRNPERXX,2037,1521.55
GLOBAL,RNWTRNPERXX,2038,1526.12
GLOBAL,RNWTRNPERXX,2039,1530.7
GLOBAL,RNWTRNPERXX,2040,1535.29
GLOBAL,RNWTRNPERXX,2041,1539.9
GLOBAL,RNWTRNPERXX,2042,1544.52
GLOBAL,RNWTRNPERXX,2043,1549.15
GLOBAL,RNWTRNPERXX,2044,1553.8
GLOBAL,RNWTRNPERXX,2045,1558.46
GLOBAL,RNWTRNPERXX,2046,1563.13
GLOBAL,RNWTRNPERXX,2047,1567.82
GLOBAL,RNWTRNPERXX,2048,1572.53
GLOBAL,RNWTRNPERXX,2049,1577.24
GLOBAL,RNWTRNPERXX,2050,1581.98
GLOBAL,RNWTRNPRYXX,2023,186.313
GLOBAL,RNWTRNPRYXX,2024,186.313
GLOBAL,RNWTRNPRYXX,2025,186.313
GLOBAL,RNWTRNPRYXX,2026,186.872
GLOBAL,RNWTRNPRYXX,2027,187.433
GLOBAL,RNWTRNPRYXX,2028,187.995
GLOBAL,RNWTRNPRYXX,2029,188.559
GLOBAL,RNWTRNPRYXX,2030,189.125
GLOBAL,RNWTRNPRYXX,2031,189.692
GLOBAL,RNWTRNPRYXX,2032,190.261
GLOBAL,RNWTRNPRYXX,2033,190.832
GLOBAL,RNWTRNPRYXX,2034,191.405
GLOBAL,RNWTRNPRYXX,2035,191.979
GLOBAL,RNWTRNPRYXX,2036,192.555
GLOBAL,RNWTRNPRYXX,2037,193.132
GLOBAL,RNWTRNPRYXX,2038,193.712
GLOBAL,RNWTRNPRYXX,2039,194.293
GLOBAL,RNWTRNPRYXX,2040,194.876
GLOBAL,RNWTRNPRYXX,2041,195.461
GLOBAL,RNWTRNPRYXX,2042,196.047
GLOBAL,RNWTRNPRYXX,2043,196.635
GLOBAL,RNWTRNPRYXX,2044,197.225
GLOBAL,RNWTRNPRYXX,2045,197.817
GLOBAL,RNWTRNPRYXX,2046,198.41
GLOBAL,RNWTRNPRYXX,2047,199.005
GLOBAL,RNWTRNPRYXX,2048,199.602
GLOBAL,RNWTRNPRYXX,2049,200.201
GLOBAL,RNWTRNPRYXX,2050,200.802
GLOBAL,RNWTRNSLVXX,2023,501.859
GLOBAL,RNWTRNSLVXX,2024,501.859
GLOBAL,RNWTRNSLVXX,2025,501.859
GLOBAL,RNWTRNSLVXX,2026,503.364
GLOBAL,RNWTRNSLVXX,2027,504.874
GLOBAL,RNWTRNSLVXX,2028,506.389
GLOBAL,RNWTRNSLVXX,2029,507.908
GLOBAL,RNWTRNSLVXX,2030,509.432
GLOBAL,RNWTRNSLVXX,2031,510.96
GLOBAL,RNWTRNSLVXX,2032,512.493
GLOBAL,RNWTRNSLVXX,2033,514.03
GLOBAL,RNWTRNSLVXX,2034,515.573
GLOBAL,RNWTRNSLVXX,2035,517.119
GLOBAL,RNWTRNSLVXX,2036,518.671
GLOBAL,RNWTRNSLVXX,2037,520.227
GLOBAL,RNWTRNSLVXX,2038,521.787
GLOBAL,RNWTRNSLVXX,2039,523.353
GLOBAL,RNWTRNSLVXX,2040,524.923
GLOBAL,RNWTRNSLVXX,2041,526.497
GLOBAL,RNWTRNSLVXX,2042,528.077
GLOBAL,RNWTRNSLVXX,2043,529.661
GLOBAL,RNWTRNSLVXX,2044,531.25
GLOBAL,RNWTRNSLVXX,2045,532.844
GLOBAL,RNWTRNSLVXX,2046,534.442
GLOBAL,RNWTRNSLVXX,2047,536.046
GLOBAL,RNWTRNSLVXX,2048,537.654
GLOBAL,RNWTRNSLVXX,2049,539.267
GLOBAL,RNWTRNSLVXX,2050,540.885
GLOBAL,RNWTRNURYXX,2023,406.507
GLOBAL,RNWTRNURYXX,2024,406.507
GLOBAL,RNWTRNURYXX,2025,406.507
GLOBAL,RNWTRNURYXX,2026,407.727
GLOBAL,RNWTRNURYXX,2027,408.95
GLOBAL,RNWTRNURYXX,2028,410.177
GLOBAL,RNWTRNURYXX,2029,411.407
GLOBAL,RNWTRNURYXX,2030,412.641
GLOBAL,RNWTRNURYXX,2031,413.879
GLOBAL,RNWTRNURYXX,2032,415.121
GLOBAL,RNWTRNURYXX,2033,416.366
GLOBAL,RNWTRNURYXX,2034,417.615
GLOBAL,RNWTRNURYXX,2035,418.868
GLOBAL,RNWTRNURYXX,2036,420.125
GLOBAL,RNWTRNURYXX,2037,421.385
GLOBAL,RNWTRNURYXX,2038,422.649
GLOBAL,RNWTRNURYXX,2039,423.917
GLOBAL,RNWTRNURYXX,2040,425.189
GLOBAL,RNWTRNURYXX,2041,426.465
GLOBAL,RNWTRNURYXX,2042,427.744
GLOBAL,RNWTRNURYXX,2043,429.027
GLOBAL,RNWTRNURYXX,2044,430.314
GLOBAL,RNWTRNURYXX,2045,431.605
GLOBAL,RNWTRNURYXX,2046,432.9
GLOBAL,RNWTRNURYXX,2047,434.199
GLOBAL,RNWTRNURYXX,2048,435.501
GLOBAL,RNWTRNURYXX,2049,436.808
GLOBAL,RNWTRNURYXX,2050,438.118
GLOBAL,TRNARGXXBOLXX,2023,756.135
GLOBAL,TRNARGXXBOLXX,2024,756.135
GLOBAL,TRNARGXXBOLXX,2025,756.135
GLOBAL,TRNARGXXBOLXX,2026,756.135
GLOBAL,TRNARGXXBOLXX,2027,756.135
GLOBAL,TRNARGXXBOLXX,2028,756.135
GLOBAL,TRNARGXXBOLXX,2029,756.135
GLOBAL,TRNARGXXBOLXX,2030,756.135
GLOBAL,TRNARGXXBOLXX,2031,756.135
GLOBAL,TRNARGXXBOLXX,2032,756.135
GLOBAL,TRNARGXXBOLXX,2033,756.135
GLOBAL,TRNARGXXBOLXX,2034,756.135
GLOBAL,TRNARGXXBOLXX,2035,756.135
GLOBAL,TRNARGXXBOLXX,2036,756.135
GLOBAL,TRNARGXXBOLXX,2037,756.135
GLOBAL,TRNARGXXBOLXX,2038,756.135
GLOBAL,TRNARGXXBOLXX,2039,756.135
GLOBAL,TRNARGXXBOLXX,2040,756.135
GLOBAL,TRNARGXXBOLXX,2041,756.135
GLOBAL,TRNARGXXBOLXX,2042,756.135
GLOBAL,TRNARGXXBOLXX,2043,756.135
GLOBAL,TRNARGXXBOLXX,2044,756.135
GLOBAL,TRNARGXXBOLXX,2045,756.135
GLOBAL,TRNARGXXBOLXX,2046,756.135
GLOBAL,TRNARGXXBOLXX,2047,756.135
GLOBAL,TRNARGXXBOLXX,2048,756.135
GLOBAL,TRNARGXXBOLXX,2049,756.135
GLOBAL,TRNARGXXBOLXX,2050,756.135
GLOBAL,TRNARGXXBRAXX,2023,616.667
GLOBAL,TRNARGXXBRAXX,2024,616.667
GLOBAL,TRNARGXXBRAXX,2025,616.667
GLOBAL,TRNARGXXBRAXX,2026,616.667
GLOBAL,TRNARGXXBRAXX,2027,616.667
GLOBAL,TRNARGXXBRAXX,2028,616.667
GLOBAL,TRNARGXXBRAXX,2029,616.667
GLOBAL,TRNARGXXBRAXX,2030,616.667
GLOBAL,TRNARGXXBRAXX,2031,616.667
GLOBAL,TRNARGXXBRAXX,2032,616.667
GLOBAL,TRNARGXXBRAXX,2033,616.667
GLOBAL,TRNARGXXBRAXX,2034,616.667
GLOBAL,TRNARGXXBRAXX,2035,616.667
GLOBAL,TRNARGXXBRAXX,2036,616.667
GLOBAL,TRNARGXXBRAXX,2037,616.667
GLOBAL,TRNARGXXBRAXX,2038,616.667
GLOBAL,TRNARGXXBRAXX,2039,616.667
GLOBAL,TRNARGXXBRAXX,2040,616.667
GLOBAL,TRNARGXXBRAXX,2041,616.667
GLOBAL,TRNARGXXBRAXX,2042,616.667
GLOBAL,TRNARGXXBRAXX,2043,616.667
GLOBAL,TRNARGXXBRAXX,2044,616.667
GLOBAL,TRNARGXXBRAXX,2045,616.667
GLOBAL,TRNARGXXBRAXX,2046,616.667
GLOBAL,TRNARGXXBRAXX,2047,616.667
GLOBAL,TRNARGXXBRAXX,2048,616.667
GLOBAL,TRNARGXXBRAXX,2049,616.667
GLOBAL,TRNARGXXBRAXX,2050,616.667
GLOBAL,TRNARGXXCHLXX,2023,568.829
GLOBAL,TRNARGXXCHLXX,2024,568.829
GLOBAL,TRNARGXXCHLXX,2025,568.829
GLOBAL,TRNARGXXCHLXX,2026,568.829
GLOBAL,TRNARGXXCHLXX,2027,568.829
GLOBAL,TRNARGXXCHLXX,2028,568.829
GLOBAL,TRNARGXXCHLXX,2029,568.829
GLOBAL,TRNARGXXCHLXX,2030,568.829
GLOBAL,TRNARGXXCHLXX,2031,568.829
GLOBAL,TRNARGXXCHLXX,2032,568.829
GLOBAL,TRNARGXXCHLXX,2033,568.829
GLOBAL,TRNARGXXCHLXX,2034,568.829
GLOBAL,TRNARGXXCHLXX,2035,568.829
GLOBAL,TRNARGXXCHLXX,2036,568.829
GLOBAL,TRNARGXXCHLXX,2037,568.829
GLOBAL,TRNARGXXCHLXX,2038,568.829
GLOBAL,TRNARGXXCHLXX,2039,568.829
GLOBAL,TRNARGXXCHLXX,2040,568.829
GLOBAL,TRNARGXXCHLXX,2041,568.829
GLOBAL,TRNARGXXCHLXX,2042,568.829
GLOBAL,TRNARGXXCHLXX,2043,568.829
GLOBAL,TRNARGXXCHLXX,2044,568.829
GLOBAL,TRNARGXXCHLXX,2045,568.829
GLOBAL,TRNARGXXCHLXX,2046,568.829
GLOBAL,TRNARGXXCHLXX,2047,568.829
GLOBAL,TRNARGXXCHLXX,2048,568.829
GLOBAL,TRNARGXXCHLXX,2049,568.829
GLOBAL,TRNARGXXCHLXX,2050,568.829
GLOBAL,TRNARGXXPRYXX,2023,543.601
GLOBAL,TRNARGXXPRYXX,2024,543.601
GLOBAL,TRNARGXXPRYXX,2025,543.601
GLOBAL,TRNARGXXPRYXX,2026,543.601
GLOBAL,TRNARGXXPRYXX,2027,543.601
GLOBAL,TRNARGXXPRYXX,2028,543.601
GLOBAL,TRNARGXXPRYXX,2029,543.601
GLOBAL,TRNARGXXPRYXX,2030,543.601
GLOBAL,TRNARGXXPRYXX,2031,543.601
GLOBAL,TRNARGXXPRYXX,2032,543.601
GLOBAL,TRNARGXXPRYXX,2033,543.601
GLOBAL,TRNARGXXPRYXX,2034,543.601
GLOBAL,TRNARGXXPRYXX,2035,543.601
GLOBAL,TRNARGXXPRYXX,2036,543.601
GLOBAL,TRNARGXXPRYXX,2037,543.601
GLOBAL,TRNARGXXPRYXX,2038,543.601
GLOBAL,TRNARGXXPRYXX,2039,543.601
GLOBAL,TRNARGXXPRYXX,2040,543.601
GLOBAL,TRNARGXXPRYXX,2041,543.601
GLOBAL,TRNARGXXPRYXX,2042,543.601
GLOBAL,TRNARGXXPRYXX,2043,543.601
GLOBAL,TRNARGXXPRYXX,2044,543.601
GLOBAL,TRNARGXXPRYXX,2045,543.601
GLOBAL,TRNARGXXPRYXX,2046,543.601
GLOBAL,TRNARGXXPRYXX,2047,543.601
GLOBAL,TRNARGXXPRYXX,2048,543.601
GLOBAL,TRNARGXXPRYXX,2049,543.601
GLOBAL,TRNARGXXPRYXX,2050,543.601
GLOBAL,TRNARGXXURYXX,2023,255.874
GLOBAL,TRNARGXXURYXX,2024,255.874
GLOBAL,TRNARGXXURYXX,2025,255.874
GLOBAL,TRNARGXXURYXX,2026,255.874
GLOBAL,TRNARGXXURYXX,2027,255.874
GLOBAL,TRNARGXXURYXX,2028,255.874
GLOBAL,TRNARGXXURYXX,2029,255.874
GLOBAL,TRNARGXXURYXX,2030,255.874
GLOBAL,TRNARGXXURYXX,2031,255.874
GLOBAL,TRNARGXXURYXX,2032,255.874
GLOBAL,TRNARGXXURYXX,2033,255.874
GLOBAL,TRNARGXXURYXX,2034,255.874
GLOBAL,TRNARGXXURYXX,2035,255.874
GLOBAL,TRNARGXXURYXX,2036,255.874
GLOBAL,TRNARGXXURYXX,2037,255.874
GLOBAL,TRNARGXXURYXX,2038,255.874
GLOBAL,TRNARGXXURYXX,2039,255.874
GLOBAL,TRNARGXXURYXX,2040,255.874
GLOBAL,TRNARGXXURYXX,2041,255.874
GLOBAL,TRNARGXXURYXX,2042,255.874
GLOBAL,TRNARGXXURYXX,2043,255.874
GLOBAL,TRNARGXXURYXX,2044,255.874
GLOBAL,TRNARGXXURYXX,2045,255.874
GLOBAL,TRNARGXXURYXX,2046,255.874
GLOBAL,TRNARGXXURYXX,2047,255.874
GLOBAL,TRNARGXXURYXX,2048,255.874
GLOBAL,TRNARGXXURYXX,2049,255.874
GLOBAL,TRNARGXXURYXX,2050,255.874
GLOBAL,TRNBOLXXBRAXX,2023,612.264
GLOBAL,TRNBOLXXBRAXX,2024,612.264
GLOBAL,TRNBOLXXBRAXX,2025,612.264
GLOBAL,TRNBOLXXBRAXX,2026,612.264
GLOBAL,TRNBOLXXBRAXX,2027,612.264
GLOBAL,TRNBOLXXBRAXX,2028,612.264
GLOBAL,TRNBOLXXBRAXX,2029,612.264
GLOBAL,TRNBOLXXBRAXX,2030,612.264
GLOBAL,TRNBOLXXBRAXX,2031,612.264
GLOBAL,TRNBOLXXBRAXX,2032,612.264
GLOBAL,TRNBOLXXBRAXX,2033,612.264
GLOBAL,TRNBOLXXBRAXX,2034,612.264
GLOBAL,TRNBOLXXBRAXX,2035,612.264
GLOBAL,TRNBOLXXBRAXX,2036,612.264
GLOBAL,TRNBOLXXBRAXX,2037,612.264
GLOBAL,TRNBOLXXBRAXX,2038,612.264
GLOBAL,TRNBOLXXBRAXX,2039,612.264
GLOBAL,TRNBOLXXBRAXX,2040,612.264
GLOBAL,TRNBOLXXBRAXX,2041,612.264
GLOBAL,TRNBOLXXBRAXX,2042,612.264
GLOBAL,TRNBOLXXBRAXX,2043,612.264
GLOBAL,TRNBOLXXBRAXX,2044,612.264
GLOBAL,TRNBOLXXBRAXX,2045,612.264
GLOBAL,TRNBOLXXBRAXX,2046,612.264
GLOBAL,TRNBOLXXBRAXX,2047,612.264
GLOBAL,TRNBOLXXBRAXX,2048,612.264
GLOBAL,TRNBOLXXBRAXX,2049,612.264
GLOBAL,TRNBOLXXBRAXX,2050,612.264
GLOBAL,TRNBOLXXCHLXX,2023,747.567
GLOBAL,TRNBOLXXCHLXX,2024,747.567
GLOBAL,TRNBOLXXCHLXX,2025,747.567
GLOBAL,TRNBOLXXCHLXX,2026,747.567
GLOBAL,TRNBOLXXCHLXX,2027,747.567
GLOBAL,TRNBOLXXCHLXX,2028,747.567
GLOBAL,TRNBOLXXCHLXX,2029,747.567
GLOBAL,TRNBOLXXCHLXX,2030,747.567
GLOBAL,TRNBOLXXCHLXX,2031,747.567
GLOBAL,TRNBOLXXCHLXX,2032,747.567
GLOBAL,TRNBOLXXCHLXX,2033,747.567
GLOBAL,TRNBOLXXCHLXX,2034,747.567
GLOBAL,TRNBOLXXCHLXX,2035,747.567
GLOBAL,TRNBOLXXCHLXX,2036,747.567
GLOBAL,TRNBOLXXCHLXX,2037,747.567
GLOBAL,TRNBOLXXCHLXX,2038,747.567
GLOBAL,TRNBOLXXCHLXX,2039,747.567
GLOBAL,TRNBOLXXCHLXX,2040,747.567
GLOBAL,TRNBOLXXCHLXX,2041,747.567
GLOBAL,TRNBOLXXCHLXX,2042,747.567
GLOBAL,TRNBOLXXCHLXX,2043,747.567
GLOBAL,TRNBOLXXCHLXX,2044,747.567
GLOBAL,TRNBOLXXCHLXX,2045,747.567
GLOBAL,TRNBOLXXCHLXX,2046,747.567
GLOBAL,TRNBOLXXCHLXX,2047,747.567
GLOBAL,TRNBOLXXCHLXX,2048,747.567
GLOBAL,TRNBOLXXCHLXX,2049,747.567
GLOBAL,TRNBOLXXCHLXX,2050,747.567
GLOBAL,TRNBOLXXPERXX,2023,681.879
GLOBAL,TRNBOLXXPERXX,2024,681.879
GLOBAL,TRNBOLXXPERXX,2025,681.879
GLOBAL,TRNBOLXXPERXX,2026,681.879
GLOBAL,TRNBOLXXPERXX,2027,681.879
GLOBAL,TRNBOLXXPERXX,2028,681.879
GLOBAL,TRNBOLXXPERXX,2029,681.879
GLOBAL,TRNBOLXXPERXX,2030,681.879
GLOBAL,TRNBOLXXPERXX,2031,681.879
GLOBAL,TRNBOLXXPERXX,2032,681.879
GLOBAL,TRNBOLXXPERXX,2033,681.879
GLOBAL,TRNBOLXXPERXX,2034,681.879
GLOBAL,TRNBOLXXPERXX,2035,681.879
GLOBAL,TRNBOLXXPERXX,2036,681.879
GLOBAL,TRNBOLXXPERXX,2037,681.879
GLOBAL,TRNBOLXXPERXX,2038,681.879
GLOBAL,TRNBOLXXPERXX,2039,681.879
GLOBAL,TRNBOLXXPERXX,2040,681.879
GLOBAL,TRNBOLXXPERXX,2041,681.879
GLOBAL,TRNBOLXXPERXX,2042,681.879
GLOBAL,TRNBOLXXPERXX,2043,681.879
GLOBAL,TRNBOLXXPERXX,2044,681.879
GLOBAL,TRNBOLXXPERXX,2045,681.879
GLOBAL,TRNBOLXXPERXX,2046,681.879
GLOBAL,TRNBOLXXPERXX,2047,681.879
GLOBAL,TRNBOLXXPERXX,2048,681.879
GLOBAL,TRNBOLXXPERXX,2049,681.879
GLOBAL,TRNBOLXXPERXX,2050,681.879
GLOBAL,TRNBOLXXPRYXX,2023,539.317
GLOBAL,TRNBOLXXPRYXX,2024,539.317
GLOBAL,TRNBOLXXPRYXX,2025,539.317
GLOBAL,TRNBOLXXPRYXX,2026,539.317
GLOBAL,TRNBOLXXPRYXX,2027,539.317
GLOBAL,TRNBOLXXPRYXX,2028,539.317
GLOBAL,TRNBOLXXPRYXX,2029,539.317
GLOBAL,TRNBOLXXPRYXX,2030,539.317
GLOBAL,TRNBOLXXPRYXX,2031,539.317
GLOBAL,TRNBOLXXPRYXX,2032,539.317
GLOBAL,TRNBOLXXPRYXX,2033,539.317
GLOBAL,TRNBOLXXPRYXX,2034,539.317
GLOBAL,TRNBOLXXPRYXX,2035,539.317
GLOBAL,TRNBOLXXPRYXX,2036,539.317
GLOBAL,TRNBOLXXPRYXX,2037,539.317
GLOBAL,TRNBOLXXPRYXX,2038,539.317
GLOBAL,TRNBOLXXPRYXX,2039,539.317
GLOBAL,TRNBOLXXPRYXX,2040,539.317
GLOBAL,TRNBOLXXPRYXX,2041,539.317
GLOBAL,TRNBOLXXPRYXX,2042,539.317
GLOBAL,TRNBOLXXPRYXX,2043,539.317
GLOBAL,TRNBOLXXPRYXX,2044,539.317
GLOBAL,TRNBOLXXPRYXX,2045,539.317
GLOBAL,TRNBOLXXPRYXX,2046,539.317
GLOBAL,TRNBOLXXPRYXX,2047,539.317
GLOBAL,TRNBOLXXPRYXX,2048,539.317
GLOBAL,TRNBOLXXPRYXX,2049,539.317
GLOBAL,TRNBOLXXPRYXX,2050,539.317
GLOBAL,TRNBRAXXCOLXX,2023,721.863
GLOBAL,TRNBRAXXCOLXX,2024,721.863
GLOBAL,TRNBRAXXCOLXX,2025,721.863
GLOBAL,TRNBRAXXCOLXX,2026,721.863
GLOBAL,TRNBRAXXCOLXX,2027,721.863
GLOBAL,TRNBRAXXCOLXX,2028,721.863
GLOBAL,TRNBRAXXCOLXX,2029,721.863
GLOBAL,TRNBRAXXCOLXX,2030,721.863
GLOBAL,TRNBRAXXCOLXX,2031,721.863
GLOBAL,TRNBRAXXCOLXX,2032,721.863
GLOBAL,TRNBRAXXCOLXX,2033,721.863
GLOBAL,TRNBRAXXCOLXX,2034,721.863
GLOBAL,TRNBRAXXCOLXX,2035,721.863
GLOBAL,TRNBRAXXCOLXX,2036,721.863
GLOBAL,TRNBRAXXCOLXX,2037,721.863
GLOBAL,TRNBRAXXCOLXX,2038,721.863
GLOBAL,TRNBRAXXCOLXX,2039,721.863
GLOBAL,TRNBRAXXCOLXX,2040,721.863
GLOBAL,TRNBRAXXCOLXX,2041,721.863
GLOBAL,TRNBRAXXCOLXX,2042,721.863
GLOBAL,TRNBRAXXCOLXX,2043,721.863
GLOBAL,TRNBRAXXCOLXX,2044,721.863
GLOBAL,TRNBRAXXCOLXX,2045,721.863
GLOBAL,TRNBRAXXCOLXX,2046,721.863
GLOBAL,TRNBRAXXCOLXX,2047,721.863
GLOBAL,TRNBRAXXCOLXX,2048,721.863
GLOBAL,TRNBRAXXCOLXX,2049,721.863
GLOBAL,TRNBRAXXCOLXX,2050,721.863
GLOBAL,TRNBRAXXPERXX,2023,726.98
GLOBAL,TRNBRAXXPERXX,2024,726.98
GLOBAL,TRNBRAXXPERXX,2025,726.98
GLOBAL,TRNBRAXXPERXX,2026,726.98
GLOBAL,TRNBRAXXPERXX,2027,726.98
GLOBAL,TRNBRAXXPERXX,2028,726.98
GLOBAL,TRNBRAXXPERXX,2029,726.98
GLOBAL,TRNBRAXXPERXX,2030,726.98
GLOBAL,TRNBRAXXPERXX,2031,726.98
GLOBAL,TRNBRAXXPERXX,2032,726.98
GLOBAL,TRNBRAXXPERXX,2033,726.98
GLOBAL,TRNBRAXXPERXX,2034,726.98
GLOBAL,TRNBRAXXPERXX,2035,726.98
GLOBAL,TRNBRAXXPERXX,2036,726.98
GLOBAL,TRNBRAXXPERXX,2037,726.98
GLOBAL,TRNBRAXXPERXX,2038,726.98
GLOBAL,TRNBRAXXPERXX,2039,726.98
GLOBAL,TRNBRAXXPERXX,2040,726.98
GLOBAL,TRNBRAXXPERXX,2041,726.98
GLOBAL,TRNBRAXXPERXX,2042,726.98
GLOBAL,TRNBRAXXPERXX,2043,726.98
GLOBAL,TRNBRAXXPERXX,2044,726.98
GLOBAL,TRNBRAXXPERXX,2045,726.98
GLOBAL,TRNBRAXXPERXX,2046,726.98
GLOBAL,TRNBRAXXPERXX,2047,726.98
GLOBAL,TRNBRAXXPERXX,2048,726.98
GLOBAL,TRNBRAXXPERXX,2049,726.98
GLOBAL,TRNBRAXXPERXX,2050,726.98
GLOBAL,TRNBRAXXPRYXX,2023,571.09
GLOBAL,TRNBRAXXPRYXX,2024,571.09
GLOBAL,TRNBRAXXPRYXX,2025,571.09
GLOBAL,TRNBRAXXPRYXX,2026,571.09
GLOBAL,TRNBRAXXPRYXX,2027,571.09
GLOBAL,TRNBRAXXPRYXX,2028,571.09
GLOBAL,TRNBRAXXPRYXX,2029,571.09
GLOBAL,TRNBRAXXPRYXX,2030,571.09
GLOBAL,TRNBRAXXPRYXX,2031,571.09
GLOBAL,TRNBRAXXPRYXX,2032,571.09
GLOBAL,TRNBRAXXPRYXX,2033,571.09
GLOBAL,TRNBRAXXPRYXX,2034,571.09
GLOBAL,TRNBRAXXPRYXX,2035,571.09
GLOBAL,TRNBRAXXPRYXX,2036,571.09
GLOBAL,TRNBRAXXPRYXX,2037,571.09
GLOBAL,TRNBRAXXPRYXX,2038,571.09
GLOBAL,TRNBRAXXPRYXX,2039,571.09
GLOBAL,TRNBRAXXPRYXX,2040,571.09
GLOBAL,TRNBRAXXPRYXX,2041,571.09
GLOBAL,TRNBRAXXPRYXX,2042,571.09
GLOBAL,TRNBRAXXPRYXX,2043,571.09
GLOBAL,TRNBRAXXPRYXX,2044,571.09
GLOBAL,TRNBRAXXPRYXX,2045,571.09
GLOBAL,TRNBRAXXPRYXX,2046,571.09
GLOBAL,TRNBRAXXPRYXX,2047,571.09
GLOBAL,TRNBRAXXPRYXX,2048,571.09
GLOBAL,TRNBRAXXPRYXX,2049,571.09
GLOBAL,TRNBRAXXPRYXX,2050,571.09
GLOBAL,TRNBRAXXURYXX,2023,591.677
GLOBAL,TRNBRAXXURYXX,2024,591.677
GLOBAL,TRNBRAXXURYXX,2025,591.677
GLOBAL,TRNBRAXXURYXX,2026,591.677
GLOBAL,TRNBRAXXURYXX,2027,591.677
GLOBAL,TRNBRAXXURYXX,2028,591.677
GLOBAL,TRNBRAXXURYXX,2029,591.677
GLOBAL,TRNBRAXXURYXX,2030,591.677
GLOBAL,TRNBRAXXURYXX,2031,591.677
GLOBAL,TRNBRAXXURYXX,2032,591.677
GLOBAL,TRNBRAXXURYXX,2033,591.677
GLOBAL,TRNBRAXXURYXX,2034,591.677
GLOBAL,TRNBRAXXURYXX,2035,591.677
GLOBAL,TRNBRAXXURYXX,2036,591.677
GLOBAL,TRNBRAXXURYXX,2037,591.677
GLOBAL,TRNBRAXXURYXX,2038,591.677
GLOBAL,TRNBRAXXURYXX,2039,591.677
GLOBAL,TRNBRAXXURYXX,2040,591.677
GLOBAL,TRNBRAXXURYXX,2041,591.677
GLOBAL,TRNBRAXXURYXX,2042,591.677
GLOBAL,TRNBRAXXURYXX,2043,591.677
GLOBAL,TRNBRAXXURYXX,2044,591.677
GLOBAL,TRNBRAXXURYXX,2045,591.677
GLOBAL,TRNBRAXXURYXX,2046,591.677
GLOBAL,TRNBRAXXURYXX,2047,591.677
GLOBAL,TRNBRAXXURYXX,2048,591.677
GLOBAL,TRNBRAXXURYXX,2049,591.677
GLOBAL,TRNBRAXXURYXX,2050,591.677
GLOBAL,TRNCHLXXPERXX,2023,882.513
GLOBAL,TRNCHLXXPERXX,2024,882.513
GLOBAL,TRNCHLXXPERXX,2025,882.513
GLOBAL,TRNCHLXXPERXX,2026,882.513
GLOBAL,TRNCHLXXPERXX,2027,882.513
GLOBAL,TRNCHLXXPERXX,2028,882.513
GLOBAL,TRNCHLXXPERXX,2029,882.513
GLOBAL,TRNCHLXXPERXX,2030,882.513
GLOBAL,TRNCHLXXPERXX,2031,882.513
GLOBAL,TRNCHLXXPERXX,2032,882.513
GLOBAL,TRNCHLXXPERXX,2033,882.513
GLOBAL,TRNCHLXXPERXX,2034,882.513
GLOBAL,TRNCHLXXPERXX,2035,882.513
GLOBAL,TRNCHLXXPERXX,2036,882.513
GLOBAL,TRNCHLXXPERXX,2037,882.513
GLOBAL,TRNCHLXXPERXX,2038,882.513
GLOBAL,TRNCHLXXPERXX,2039,882.513
GLOBAL,TRNCHLXXPERXX,2040,882.513
GLOBAL,TRNCHLXXPERXX,2041,882.513
GLOBAL,TRNCHLXXPERXX,2042,882.513
GLOBAL,TRNCHLXXPERXX,2043,882.513
GLOBAL,TRNCHLXXPERXX,2044,882.513
GLOBAL,TRNCHLXXPERXX,2045,882.513
GLOBAL,TRNCHLXXPERXX,2046,882.513
GLOBAL,TRNCHLXXPERXX,2047,882.513
GLOBAL,TRNCHLXXPERXX,2048,882.513
GLOBAL,TRNCHLXXPERXX,2049,882.513
GLOBAL,TRNCHLXXPERXX,2050,882.513
GLOBAL,TRNCOLXXECUXX,2023,534.319
GLOBAL,TRNCOLXXECUXX,2024,534.319
GLOBAL,TRNCOLXXECUXX,2025,534.319
GLOBAL,TRNCOLXXECUXX,2026,534.319
GLOBAL,TRNCOLXXECUXX,2027,534.319
GLOBAL,TRNCOLXXECUXX,2028,534.319
GLOBAL,TRNCOLXXECUXX,2029,534.319
GLOBAL,TRNCOLXXECUXX,2030,534.319
GLOBAL,TRNCOLXXECUXX,2031,534.319
GLOBAL,TRNCOLXXECUXX,2032,534.319
GLOBAL,TRNCOLXXECUXX,2033,534.319
GLOBAL,TRNCOLXXECUXX,2034,534.319
GLOBAL,TRNCOLXXECUXX,2035,534.319
GLOBAL,TRNCOLXXECUXX,2036,534.319
GLOBAL,TRNCOLXXECUXX,2037,534.319
GLOBAL,TRNCOLXXECUXX,2038,534.319
GLOBAL,TRNCOLXXECUXX,2039,534.319
GLOBAL,TRNCOLXXECUXX,2040,534.319
GLOBAL,TRNCOLXXECUXX,2041,534.319
GLOBAL,TRNCOLXXECUXX,2042,534.319
GLOBAL,TRNCOLXXECUXX,2043,534.319
GLOBAL,TRNCOLXXECUXX,2044,534.319
GLOBAL,TRNCOLXXECUXX,2045,534.319
GLOBAL,TRNCOLXXECUXX,2046,534.319
GLOBAL,TRNCOLXXECUXX,2047,534.319
GLOBAL,TRNCOLXXECUXX,2048,534.319
GLOBAL,TRNCOLXXECUXX,2049,534.319
GLOBAL,TRNCOLXXECUXX,2050,534.319
GLOBAL,TRNCOLXXPANXX,2023,481.245
GLOBAL,TRNCOLXXPANXX,2024,481.245
GLOBAL,TRNCOLXXPANXX,2025,481.245
GLOBAL,TRNCOLXXPANXX,2026,481.245
GLOBAL,TRNCOLXXPANXX,2027,481.245
GLOBAL,TRNCOLXXPANXX,2028,481.245
GLOBAL,TRNCOLXXPANXX,2029,481.245
GLOBAL,TRNCOLXXPANXX,2030,481.245
GLOBAL,TRNCOLXXPANXX,2031,481.245
GLOBAL,TRNCOLXXPANXX,2032,481.245
GLOBAL,TRNCOLXXPANXX,2033,481.245
GLOBAL,TRNCOLXXPANXX,2034,481.245
GLOBAL,TRNCOLXXPANXX,2035,481.245
GLOBAL,TRNCOLXXPANXX,2036,481.245
GLOBAL,TRNCOLXXPANXX,2037,481.245
GLOBAL,TRNCOLXXPANXX,2038,481.245
GLOBAL,TRNCOLXXPANXX,2039,481.245
GLOBAL,TRNCOLXXPANXX,2040,481.245
GLOBAL,TRNCOLXXPANXX,2041,481.245
GLOBAL,TRNCOLXXPANXX,2042,481.245
GLOBAL,TRNCOLXXPANXX,2043,481.245
GLOBAL,TRNCOLXXPANXX,2044,481.245
GLOBAL,TRNCOLXXPANXX,2045,481.245
GLOBAL,TRNCOLXXPANXX,2046,481.245
GLOBAL,TRNCOLXXPANXX,2047,481.245
GLOBAL,TRNCOLXXPANXX,2048,481.245
GLOBAL,TRNCOLXXPANXX,2049,481.245
GLOBAL,TRNCOLXXPANXX,2050,481.245
GLOBAL,TRNCOLXXPERXX,2023,742.569
GLOBAL,TRNCOLXXPERXX,2024,742.569
GLOBAL,TRNCOLXXPERXX,2025,742.569
GLOBAL,TRNCOLXXPERXX,2026,742.569
GLOBAL,TRNCOLXXPERXX,2027,742.569
GLOBAL,TRNCOLXXPERXX,2028,742.569
GLOBAL,TRNCOLXXPERXX,2029,742.569
GLOBAL,TRNCOLXXPERXX,2030,742.569
GLOBAL,TRNCOLXXPERXX,2031,742.569
GLOBAL,TRNCOLXXPERXX,2032,742.569
GLOBAL,TRNCOLXXPERXX,2033,742.569
GLOBAL,TRNCOLXXPERXX,2034,742.569
GLOBAL,TRNCOLXXPERXX,2035,742.569
GLOBAL,TRNCOLXXPERXX,2036,742.569
GLOBAL,TRNCOLXXPERXX,2037,742.569
GLOBAL,TRNCOLXXPERXX,2038,742.569
GLOBAL,TRNCOLXXPERXX,2039,742.569
GLOBAL,TRNCOLXXPERXX,2040,742.569
GLOBAL,TRNCOLXXPERXX,2041,742.569
GLOBAL,TRNCOLXXPERXX,2042,742.569
GLOBAL,TRNCOLXXPERXX,2043,742.569
GLOBAL,TRNCOLXXPERXX,2044,742.569
GLOBAL,TRNCOLXXPERXX,2045,742.569
GLOBAL,TRNCOLXXPERXX,2046,742.569
GLOBAL,TRNCOLXXPERXX,2047,742.569
GLOBAL,TRNCOLXXPERXX,2048,742.569
GLOBAL,TRNCOLXXPERXX,2049,742.569
GLOBAL,TRNCOLXXPERXX,2050,742.569
GLOBAL,TRNCRIXXNICXX,2023,361.818
GLOBAL,TRNCRIXXNICXX,2024,361.818
GLOBAL,TRNCRIXXNICXX,2025,361.818
GLOBAL,TRNCRIXXNICXX,2026,361.818
GLOBAL,TRNCRIXXNICXX,2027,361.818
GLOBAL,TRNCRIXXNICXX,2028,361.818
GLOBAL,TRNCRIXXNICXX,2029,361.818
GLOBAL,TRNCRIXXNICXX,2030,361.818
GLOBAL,TRNCRIXXNICXX,2031,361.818
GLOBAL,TRNCRIXXNICXX,2032,361.818
GLOBAL,TRNCRIXXNICXX,2033,361.818
GLOBAL,TRNCRIXXNICXX,2034,361.818
GLOBAL,TRNCRIXXNICXX,2035,361.818
GLOBAL,TRNCRIXXNICXX,2036,361.818
GLOBAL,TRNCRIXXNICXX,2037,361.818
GLOBAL,TRNCRIXXNICXX,2038,361.818
GLOBAL,TRNCRIXXNICXX,2039,361.818
GLOBAL,TRNCRIXXNICXX,2040,361.818
GLOBAL,TRNCRIXXNICXX,2041,361.818
GLOBAL,TRNCRIXXNICXX,2042,361.818
GLOBAL,TRNCRIXXNICXX,2043,361.818
GLOBAL,TRNCRIXXNICXX,2044,361.818
GLOBAL,TRNCRIXXNICXX,2045,361.818
GLOBAL,TRNCRIXXNICXX,2046,361.818
GLOBAL,TRNCRIXXNICXX,2047,361.818
GLOBAL,TRNCRIXXNICXX,2048,361.818
GLOBAL,TRNCRIXXNICXX,2049,361.818
GLOBAL,TRNCRIXXNICXX,2050,361.818
GLOBAL,TRNCRIXXPANXX,2023,419.127
GLOBAL,TRNCRIXXPANXX,2024,419.127
GLOBAL,TRNCRIXXPANXX,2025,419.127
GLOBAL,TRNCRIXXPANXX,2026,419.127
GLOBAL,TRNCRIXXPANXX,2027,419.127
GLOBAL,TRNCRIXXPANXX,2028,419.127
GLOBAL,TRNCRIXXPANXX,2029,419.127
GLOBAL,TRNCRIXXPANXX,2030,419.127
GLOBAL,TRNCRIXXPANXX,2031,419.127
GLOBAL,TRNCRIXXPANXX,2032,419.127
GLOBAL,TRNCRIXXPANXX,2033,419.127
GLOBAL,TRNCRIXXPANXX,2034,419.127
GLOBAL,TRNCRIXXPANXX,2035,419.127
GLOBAL,TRNCRIXXPANXX,2036,419.127
GLOBAL,TRNCRIXXPANXX,2037,419.127
GLOBAL,TRNCRIXXPANXX,2038,419.127
GLOBAL,TRNCRIXXPANXX,2039,419.127
GLOBAL,TRNCRIXXPANXX,2040,419.127
GLOBAL,TRNCRIXXPANXX,2041,419.127
GLOBAL,TRNCRIXXPANXX,2042,419.127
GLOBAL,TRNCRIXXPANXX,2043,419.127
GLOBAL,TRNCRIXXPANXX,2044,419.127
GLOBAL,TRNCRIXXPANXX,2045,419.127
GLOBAL,TRNCRIXXPANXX,2046,419.127
GLOBAL,TRNCRIXXPANXX,2047,419.127
GLOBAL,TRNCRIXXPANXX,2048,419.127
GLOBAL,TRNCRIXXPANXX,2049,419.127
GLOBAL,TRNCRIXXPANXX,2050,419.127
GLOBAL,TRNDOMXXHTIXX,2023,295.603
GLOBAL,TRNDOMXXHTIXX,2024,295.603
GLOBAL,TRNDOMXXHTIXX,2025,295.603
GLOBAL,TRNDOMXXHTIXX,2026,295.603
GLOBAL,TRNDOMXXHTIXX,2027,295.603
GLOBAL,TRNDOMXXHTIXX,2028,295.603
GLOBAL,TRNDOMXXHTIXX,2029,295.603
GLOBAL,TRNDOMXXHTIXX,2030,295.603
GLOBAL,TRNDOMXXHTIXX,2031,295.603
GLOBAL,TRNDOMXXHTIXX,2032,295.603
GLOBAL,TRNDOMXXHTIXX,2033,295.603
GLOBAL,TRNDOMXXHTIXX,2034,295.603
GLOBAL,TRNDOMXXHTIXX,2035,295.603
GLOBAL,TRNDOMXXHTIXX,2036,295.603
GLOBAL,TRNDOMXXHTIXX,2037,295.603
GLOBAL,TRNDOMXXHTIXX,2038,295.603
GLOBAL,TRNDOMXXHTIXX,2039,295.603
GLOBAL,TRNDOMXXHTIXX,2040,295.603
GLOBAL,TRNDOMXXHTIXX,2041,295.603
GLOBAL,TRNDOMXXHTIXX,2042,295.603
GLOBAL,TRNDOMXXHTIXX,2043,295.603
GLOBAL,TRNDOMXXHTIXX,2044,295.603
GLOBAL,TRNDOMXXHTIXX,2045,295.603
GLOBAL,TRNDOMXXHTIXX,2046,295.603
GLOBAL,TRNDOMXXHTIXX,2047,295.603
GLOBAL,TRNDOMXXHTIXX,2048,295.603
GLOBAL,TRNDOMXXHTIXX,2049,295.603
GLOBAL,TRNDOMXXHTIXX,2050,295.603
GLOBAL,TRNECUXXPERXX,2023,566.925
GLOBAL,TRNECUXXPERXX,2024,566.925
GLOBAL,TRNECUXXPERXX,2025,566.925
GLOBAL,TRNECUXXPERXX,2026,566.925
GLOBAL,TRNECUXXPERXX,2027,566.925
GLOBAL,TRNECUXXPERXX,2028,566.925
GLOBAL,TRNECUXXPERXX,2029,566.925
GLOBAL,TRNECUXXPERXX,2030,566.925
GLOBAL,TRNECUXXPERXX,2031,566.925
GLOBAL,TRNECUXXPERXX,2032,566.925
GLOBAL,TRNECUXXPERXX,2033,566.925
GLOBAL,TRNECUXXPERXX,2034,566.925
GLOBAL,TRNECUXXPERXX,2035,566.925
GLOBAL,TRNECUXXPERXX,2036,566.925
GLOBAL,TRNECUXXPERXX,2037,566.925
GLOBAL,TRNECUXXPERXX,2038,566.925
GLOBAL,TRNECUXXPERXX,2039,566.925
GLOBAL,TRNECUXXPERXX,2040,566.925
GLOBAL,TRNECUXXPERXX,2041,566.925
GLOBAL,TRNECUXXPERXX,2042,566.925
GLOBAL,TRNECUXXPERXX,2043,566.925
GLOBAL,TRNECUXXPERXX,2044,566.925
GLOBAL,TRNECUXXPERXX,2045,566.925
GLOBAL,TRNECUXXPERXX,2046,566.925
GLOBAL,TRNECUXXPERXX,2047,566.925
GLOBAL,TRNECUXXPERXX,2048,566.925
GLOBAL,TRNECUXXPERXX,2049,566.925
GLOBAL,TRNECUXXPERXX,2050,566.925
GLOBAL,TRNGTMXXHNDXX,2023,377.398
GLOBAL,TRNGTMXXHNDXX,2024,377.398
GLOBAL,TRNGTMXXHNDXX,2025,377.398
GLOBAL,TRNGTMXXHNDXX,2026,377.398
GLOBAL,TRNGTMXXHNDXX,2027,377.398
GLOBAL,TRNGTMXXHNDXX,2028,377.398
GLOBAL,TRNGTMXXHNDXX,2029,377.398
GLOBAL,TRNGTMXXHNDXX,2030,377.398
GLOBAL,TRNGTMXXHNDXX,2031,377.398
GLOBAL,TRNGTMXXHNDXX,2032,377.398
GLOBAL,TRNGTMXXHNDXX,2033,377.398
GLOBAL,TRNGTMXXHNDXX,2034,377.398
GLOBAL,TRNGTMXXHNDXX,2035,377.398
GLOBAL,TRNGTMXXHNDXX,2036,377.398
GLOBAL,TRNGTMXXHNDXX,2037,377.398
GLOBAL,TRNGTMXXHNDXX,2038,377.398
GLOBAL,TRNGTMXXHNDXX,2039,377.398
GLOBAL,TRNGTMXXHNDXX,2040,377.398
GLOBAL,TRNGTMXXHNDXX,2041,377.398
GLOBAL,TRNGTMXXHNDXX,2042,377.398
GLOBAL,TRNGTMXXHNDXX,2043,377.398
GLOBAL,TRNGTMXXHNDXX,2044,377.398
GLOBAL,TRNGTMXXHNDXX,2045,377.398
GLOBAL,TRNGTMXXHNDXX,2046,377.398
GLOBAL,TRNGTMXXHNDXX,2047,377.398
GLOBAL,TRNGTMXXHNDXX,2048,377.398
GLOBAL,TRNGTMXXHNDXX,2049,377.398
GLOBAL,TRNGTMXXHNDXX,2050,377.398
GLOBAL,TRNGTMXXMEXXX,2023,549.789
GLOBAL,TRNGTMXXMEXXX,2024,549.789
GLOBAL,TRNGTMXXMEXXX,2025,549.789
GLOBAL,TRNGTMXXMEXXX,2026,549.789
GLOBAL,TRNGTMXXMEXXX,2027,549.789
GLOBAL,TRNGTMXXMEXXX,2028,549.789
GLOBAL,TRNGTMXXMEXXX,2029,549.789
GLOBAL,TRNGTMXXMEXXX,2030,549.789
GLOBAL,TRNGTMXXMEXXX,2031,549.789
GLOBAL,TRNGTMXXMEXXX,2032,549.789
GLOBAL,TRNGTMXXMEXXX,2033,549.789
GLOBAL,TRNGTMXXMEXXX,2034,549.789
GLOBAL,TRNGTMXXMEXXX,2035,549.789
GLOBAL,TRNGTMXXMEXXX,2036,549.789
GLOBAL,TRNGTMXXMEXXX,2037,549.789
GLOBAL,TRNGTMXXMEXXX,2038,549.789
GLOBAL,TRNGTMXXMEXXX,2039,549.789
GLOBAL,TRNGTMXXMEXXX,2040,549.789
GLOBAL,TRNGTMXXMEXXX,2041,549.789
GLOBAL,TRNGTMXXMEXXX,2042,549.789
GLOBAL,TRNGTMXXMEXXX,2043,549.789
GLOBAL,TRNGTMXXMEXXX,2044,549.789
GLOBAL,TRNGTMXXMEXXX,2045,549.789
GLOBAL,TRNGTMXXMEXXX,2046,549.789
GLOBAL,TRNGTMXXMEXXX,2047,549.789
GLOBAL,TRNGTMXXMEXXX,2048,549.789
GLOBAL,TRNGTMXXMEXXX,2049,549.789
GLOBAL,TRNGTMXXMEXXX,2050,549.789
GLOBAL,TRNGTMXXSLVXX,2023,231.725
GLOBAL,TRNGTMXXSLVXX,2024,231.725
GLOBAL,TRNGTMXXSLVXX,2025,231.725
GLOBAL,TRNGTMXXSLVXX,2026,231.725
GLOBAL,TRNGTMXXSLVXX,2027,231.725
GLOBAL,TRNGTMXXSLVXX,2028,231.725
GLOBAL,TRNGTMXXSLVXX,2029,231.725
GLOBAL,TRNGTMXXSLVXX,2030,231.725
GLOBAL,TRNGTMXXSLVXX,2031,231.725
GLOBAL,TRNGTMXXSLVXX,2032,231.725
GLOBAL,TRNGTMXXSLVXX,2033,231.725
GLOBAL,TRNGTMXXSLVXX,2034,231.725
GLOBAL,TRNGTMXXSLVXX,2035,231.725
GLOBAL,TRNGTMXXSLVXX,2036,231.725
GLOBAL,TRNGTMXXSLVXX,2037,231.725
GLOBAL,TRNGTMXXSLVXX,2038,231.725
GLOBAL,TRNGTMXXSLVXX,2039,231.725
GLOBAL,TRNGTMXXSLVXX,2040,231.725
GLOBAL,TRNGTMXXSLVXX,2041,231.725
GLOBAL,TRNGTMXXSLVXX,2042,231.725
GLOBAL,TRNGTMXXSLVXX,2043,231.725
GLOBAL,TRNGTMXXSLVXX,2044,231.725
GLOBAL,TRNGTMXXSLVXX,2045,231.725
GLOBAL,TRNGTMXXSLVXX,2046,231.725
GLOBAL,TRNGTMXXSLVXX,2047,231.725
GLOBAL,TRNGTMXXSLVXX,2048,231.725
GLOBAL,TRNGTMXXSLVXX,2049,231.725
GLOBAL,TRNGTMXXSLVXX,2050,231.725
GLOBAL,TRNHNDXXNICXX,2023,281.581
GLOBAL,TRNHNDXXNICXX,2024,281.581
GLOBAL,TRNHNDXXNICXX,2025,281.581
GLOBAL,TRNHNDXXNICXX,2026,281.581
GLOBAL,TRNHNDXXNICXX,2027,281.581
GLOBAL,TRNHNDXXNICXX,2028,281.581
GLOBAL,TRNHNDXXNICXX,2029,281.581
GLOBAL,TRNHNDXXNICXX,2030,281.581
GLOBAL,TRNHNDXXNICXX,2031,281.581
GLOBAL,TRNHNDXXNICXX,2032,281.581
GLOBAL,TRNHNDXXNICXX,2033,281.581
GLOBAL,TRNHNDXXNICXX,2034,281.581
GLOBAL,TRNHNDXXNICXX,2035,281.581
GLOBAL,TRNHNDXXNICXX,2036,281.581
GLOBAL,TRNHNDXXNICXX,2037,281.581
GLOBAL,TRNHNDXXNICXX,2038,281.581
GLOBAL,TRNHNDXXNICXX,2039,281.581
GLOBAL,TRNHNDXXNICXX,2040,281.581
GLOBAL,TRNHNDXXNICXX,2041,281.581
GLOBAL,TRNHNDXXNICXX,2042,281.581
GLOBAL,TRNHNDXXNICXX,2043,281.581
GLOBAL,TRNHNDXXNICXX,2044,281.581
GLOBAL,TRNHNDXXNICXX,2045,281.581
GLOBAL,TRNHNDXXNICXX,2046,281.581
GLOBAL,TRNHNDXXNICXX,2047,281.581
GLOBAL,TRNHNDXXNICXX,2048,281.581
GLOBAL,TRNHNDXXNICXX,2049,281.581
GLOBAL,TRNHNDXXNICXX,2050,281.581
GLOBAL,TRNHNDXXSLVXX,2023,266.001
GLOBAL,TRNHNDXXSLVXX,2024,266.001
GLOBAL,TRNHNDXXSLVXX,2025,266.001
GLOBAL,TRNHNDXXSLVXX,2026,266.001
GLOBAL,TRNHNDXXSLVXX,2027,266.001
GLOBAL,TRNHNDXXSLVXX,2028,266.001
GLOBAL,TRNHNDXXSLVXX,2029,266.001
GLOBAL,TRNHNDXXSLVXX,2030,266.001
GLOBAL,TRNHNDXXSLVXX,2031,266.001
GLOBAL,TRNHNDXXSLVXX,2032,266.001
GLOBAL,TRNHNDXXSLVXX,2033,266.001
GLOBAL,TRNHNDXXSLVXX,2034,266.001
GLOBAL,TRNHNDXXSLVXX,2035,266.001
GLOBAL,TRNHNDXXSLVXX,2036,266.001
GLOBAL,TRNHNDXXSLVXX,2037,266.001
GLOBAL,TRNHNDXXSLVXX,2038,266.001
GLOBAL,TRNHNDXXSLVXX,2039,266.001
GLOBAL,TRNHNDXXSLVXX,2040,266.001
GLOBAL,TRNHNDXXSLVXX,2041,266.001
GLOBAL,TRNHNDXXSLVXX,2042,266.001
GLOBAL,TRNHNDXXSLVXX,2043,266.001
GLOBAL,TRNHNDXXSLVXX,2044,266.001
GLOBAL,TRNHNDXXSLVXX,2045,266.001
GLOBAL,TRNHNDXXSLVXX,2046,266.001
GLOBAL,TRNHNDXXSLVXX,2047,266.001
GLOBAL,TRNHNDXXSLVXX,2048,266.001
GLOBAL,TRNHNDXXSLVXX,2049,266.001
GLOBAL,TRNHNDXXSLVXX,2050,266.001
GLOBAL,TRNNLIARGXX,2023,779.655
GLOBAL,TRNNLIARGXX,2024,779.655
GLOBAL,TRNNLIARGXX,2025,779.655
GLOBAL,TRNNLIARGXX,2026,781.993
GLOBAL,TRNNLIARGXX,2027,784.339
GLOBAL,TRNNLIARGXX,2028,786.692
GLOBAL,TRNNLIARGXX,2029,789.053
GLOBAL,TRNNLIARGXX,2030,791.42
GLOBAL,TRNNLIARGXX,2031,793.794
GLOBAL,TRNNLIARGXX,2032,796.175
GLOBAL,TRNNLIARGXX,2033,798.564
GLOBAL,TRNNLIARGXX,2034,800.96
GLOBAL,TRNNLIARGXX,2035,803.362
GLOBAL,TRNNLIARGXX,2036,805.773
GLOBAL,TRNNLIARGXX,2037,808.19
GLOBAL,TRNNLIARGXX,2038,810.614
GLOBAL,TRNNLIARGXX,2039,813.046
GLOBAL,TRNNLIARGXX,2040,815.485
GLOBAL,TRNNLIARGXX,2041,817.932
GLOBAL,TRNNLIARGXX,2042,820.386
GLOBAL,TRNNLIARGXX,2043,822.847
GLOBAL,TRNNLIARGXX,2044,825.315
GLOBAL,TRNNLIARGXX,2045,827.791
GLOBAL,TRNNLIARGXX,2046,830.275
GLOBAL,TRNNLIARGXX,2047,832.766
GLOBAL,TRNNLIARGXX,2048,835.264
GLOBAL,TRNNLIARGXX,2049,837.77
GLOBAL,TRNNLIARGXX,2050,840.283
GLOBAL,TRNNLIBOLXX,2023,109.588
GLOBAL,TRNNLIBOLXX,2024,109.588
GLOBAL,TRNNLIBOLXX,2025,109.588
GLOBAL,TRNNLIBOLXX,2026,109.917
GLOBAL,TRNNLIBOLXX,2027,110.247
GLOBAL,TRNNLIBOLXX,2028,110.578
GLOBAL,TRNNLIBOLXX,2029,110.909
GLOBAL,TRNNLIBOLXX,2030,111.242
GLOBAL,TRNNLIBOLXX,2031,111.576
GLOBAL,TRNNLIBOLXX,2032,111.911
GLOBAL,TRNNLIBOLXX,2033,112.246
GLOBAL,TRNNLIBOLXX,2034,112.583
GLOBAL,TRNNLIBOLXX,2035,112.921
GLOBAL,TRNNLIBOLXX,2036,113.26
GLOBAL,TRNNLIBOLXX,2037,113.599
GLOBAL,TRNNLIBOLXX,2038,113.94
GLOBAL,TRNNLIBOLXX,2039,114.282
GLOBAL,TRNNLIBOLXX,2040,114.625
GLOBAL,TRNNLIBOLXX,2041,114.969
GLOBAL,TRNNLIBOLXX,2042,115.314
GLOBAL,TRNNLIBOLXX,2043,115.659
GLOBAL,TRNNLIBOLXX,2044,116.006
GLOBAL,TRNNLIBOLXX,2045,116.354
GLOBAL,TRNNLIBOLXX,2046,116.704
GLOBAL,TRNNLIBOLXX,2047,117.054
GLOBAL,TRNNLIBOLXX,2048,117.405
GLOBAL,TRNNLIBOLXX,2049,117.757
GLOBAL,TRNNLIBOLXX,2050,118.11
GLOBAL,TRNNLIBRAXX,2023,368.444
GLOBAL,TRNNLIBRAXX,2024,368.444
GLOBAL,TRNNLIBRAXX,2025,368.444
GLOBAL,TRNNLIBRAXX,2026,369.549
GLOBAL,TRNNLIBRAXX,2027,370.658
GLOBAL,TRNNLIBRAXX,2028,371.77
GLOBAL,TRNNLIBRAXX,2029,372.885
GLOBAL,TRNNLIBRAXX,2030,374.004
GLOBAL,TRNNLIBRAXX,2031,375.126
GLOBAL,TRNNLIBRAXX,2032,376.251
GLOBAL,TRNNLIBRAXX,2033,377.38
GLOBAL,TRNNLIBRAXX,2034,378.512
GLOBAL,TRNNLIBRAXX,2035,379.647
GLOBAL,TRNNLIBRAXX,2036,380.786
GLOBAL,TRNNLIBRAXX,2037,381.929
GLOBAL,TRNNLIBRAXX,2038,383.074
GLOBAL,TRNNLIBRAXX,2039,384.224
GLOBAL,TRNNLIBRAXX,2040,385.376
GLOBAL,TRNNLIBRAXX,2041,386.532
GLOBAL,TRNNLIBRAXX,2042,387.692
GLOBAL,TRNNLIBRAXX,2043,388.855
GLOBAL,TRNNLIBRAXX,2044,390.022
GLOBAL,TRNNLIBRAXX,2045,391.192
GLOBAL,TRNNLIBRAXX,2046,392.365
GLOBAL,TRNNLIBRAXX,2047,393.542
GLOBAL,TRNNLIBRAXX,2048,394.723
GLOBAL,TRNNLIBRAXX,2049,395.907
GLOBAL,TRNNLIBRAXX,2050,397.095
GLOBAL,TRNNLIBRBXX,2023,36.6842
GLOBAL,TRNNLIBRBXX,2024,36.6842
GLOBAL,TRNNLIBRBXX,2025,36.6842
GLOBAL,TRNNLIBRBXX,2026,36.7943
GLOBAL,TRNNLIBRBXX,2027,36.9047
GLOBAL,TRNNLIBRBXX,2028,37.0154
GLOBAL,TRNNLIBRBXX,2029,37.1264
GLOBAL,TRNNLIBRBXX,2030,37.2378
GLOBAL,TRNNLIBRBXX,2031,37.3495
GLOBAL,TRNNLIBRBXX,2032,37.4616
GLOBAL,TRNNLIBRBXX,2033,37.5739
GLOBAL,TRNNLIBRBXX,2034,37.6867
GLOBAL,TRNNLIBRBXX,2035,37.7997
GLOBAL,TRNNLIBRBXX,2036,37.9131
GLOBAL,TRNNLIBRBXX,2037,38.0269
GLOBAL,TRNNLIBRBXX,2038,38.1409
GLOBAL,TRNNLIBRBXX,2039,38.2554
GLOBAL,TRNNLIBRBXX,2040,38.3701
GLOBAL,TRNNLIBRBXX,2041,38.4852
GLOBAL,TRNNLIBRBXX,2042,38.6007
GLOBAL,TRNNLIBRBXX,2043,38.7165
GLOBAL,TRNNLIBRBXX,2044,38.8326
GLOBAL,TRNNLIBRBXX,2045,38.9491
GLOBAL,TRNNLIBRBXX,2046,39.066
GLOBAL,TRNNLIBRBXX,2047,39.1832
GLOBAL,TRNNLIBRBXX,2048,39.3007
GLOBAL,TRNNLIBRBXX,2049,39.4186
GLOBAL,TRNNLIBRBXX,2050,39.5369
GLOBAL,TRNNLICHLXX,2023,529.958
GLOBAL,TRNNLICHLXX,2024,529.958
GLOBAL,TRNNLICHLXX,2025,529.958
GLOBAL,TRNNLICHLXX,2026,531.548
GLOBAL,TRNNLICHLXX,2027,533.142
GLOBAL,TRNNLICHLXX,2028,534.742
GLOBAL,TRNNLICHLXX,2029,536.346
GLOBAL,TRNNLICHLXX,2030,537.955
GLOBAL,TRNNLICHLXX,2031,539.569
GLOBAL,TRNNLICHLXX,2032,541.188
GLOBAL,TRNNLICHLXX,2033,542.811
GLOBAL,TRNNLICHLXX,2034,544.44
GLOBAL,TRNNLICHLXX,2035,546.073
GLOBAL,TRNNLICHLXX,2036,547.711
GLOBAL,TRNNLICHLXX,2037,549.354
GLOBAL,TRNNLICHLXX,2038,551.002
GLOBAL,TRNNLICHLXX,2039,552.655
GLOBAL,TRNNLICHLXX,2040,554.313
GLOBAL,TRNNLICHLXX,2041,555.976
GLOBAL,TRNNLICHLXX,2042,557.644
GLOBAL,TRNNLICHLXX,2043,559.317
GLOBAL,TRNNLICHLXX,2044,560.995
GLOBAL,TRNNLICHLXX,2045,562.678
GLOBAL,TRNNLICHLXX,2046,564.366
GLOBAL,TRNNLICHLXX,2047,566.059
GLOBAL,TRNNLICHLXX,2048,567.757
GLOBAL,TRNNLICHLXX,2049,569.461
GLOBAL,TRNNLICHLXX,2050,571.169
GLOBAL,TRNNLICOLXX,2023,139.813
GLOBAL,TRNNLICOLXX,2024,139.813
GLOBAL,TRNNLICOLXX,2025,139.813
GLOBAL,TRNNLICOLXX,2026,140.232
GLOBAL,TRNNLICOLXX,2027,140.653
GLOBAL,TRNNLICOLXX,2028,141.075
GLOBAL,TRNNLICOLXX,2029,141.498
GLOBAL,TRNNLICOLXX,2030,141.923
GLOBAL,TRNNLICOLXX,2031,142.348
GLOBAL,TRNNLICOLXX,2032,142.776
GLOBAL,TRNNLICOLXX,2033,143.204
GLOBAL,TRNNLICOLXX,2034,143.633
GLOBAL,TRNNLICOLXX,2035,144.064
GLOBAL,TRNNLICOLXX,2036,144.497
GLOBAL,TRNNLICOLXX,2037,144.93
GLOBAL,TRNNLICOLXX,2038,145.365
GLOBAL,TRNNLICOLXX,2039,145.801
GLOBAL,TRNNLICOLXX,2040,146.238
GLOBAL,TRNNLICOLXX,2041,146.677
GLOBAL,TRNNLICOLXX,2042,147.117
GLOBAL,TRNNLICOLXX,2043,147.558
GLOBAL,TRNNLICOLXX,2044,148.001
GLOBAL,TRNNLICOLXX,2045,148.445
GLOBAL,TRNNLICOLXX,2046,148.89
GLOBAL,TRNNLICOLXX,2047,149.337
GLOBAL,TRNNLICOLXX,2048,149.785
GLOBAL,TRNNLICOLXX,2049,150.234
GLOBAL,TRNNLICOLXX,2050,150.685
GLOBAL,TRNNLICRIXX,2023,414.929
GLOBAL,TRNNLICRIXX,2024,414.929
GLOBAL,TRNNLICRIXX,2025,414.929
GLOBAL,TRNNLICRIXX,2026,416.174
GLOBAL,TRNNLICRIXX,2027,417.422
GLOBAL,TRNNLICRIXX,2028,418.675
GLOBAL,TRNNLICRIXX,2029,419.931
GLOBAL,TRNNLICRIXX,2030,421.19
GLOBAL,TRNNLICRIXX,2031,422.454
GLOBAL,TRNNLICRIXX,2032,423.721
GLOBAL,TRNNLICRIXX,2033,424.993
GLOBAL,TRNNLICRIXX,2034,426.268
GLOBAL,TRNNLICRIXX,2035,427.546
GLOBAL,TRNNLICRIXX,2036,428.829
GLOBAL,TRNNLICRIXX,2037,430.115
GLOBAL,TRNNLICRIXX,2038,431.406
GLOBAL,TRNNLICRIXX,2039,432.7
GLOBAL,TRNNLICRIXX,2040,433.998
GLOBAL,TRNNLICRIXX,2041,435.3
GLOBAL,TRNNLICRIXX,2042,436.606
GLOBAL,TRNNLICRIXX,2043,437.916
GLOBAL,TRNNLICRIXX,2044,439.23
GLOBAL,TRNNLICRIXX,2045,440.547
GLOBAL,TRNNLICRIXX,2046,441.869
GLOBAL,TRNNLICRIXX,2047,443.195
GLOBAL,TRNNLICRIXX,2048,444.524
GLOBAL,TRNNLICRIXX,2049,445.858
GLOBAL,TRNNLICRIXX,2050,447.195
GLOBAL,TRNNLIDOMXX,2023,36.6842
GLOBAL,TRNNLIDOMXX,2024,36.6842
GLOBAL,TRNNLIDOMXX,2025,36.6842
GLOBAL,TRNNLIDOMXX,2026,36.7943
GLOBAL,TRNNLIDOMXX,2027,36.9047
GLOBAL,TRNNLIDOMXX,2028,37.0154
GLOBAL,TRNNLIDOMXX,2029,37.1264
GLOBAL,TRNNLIDOMXX,2030,37.2378
GLOBAL,TRNNLIDOMXX,2031,37.3495
GLOBAL,TRNNLIDOMXX,2032,37.4616
GLOBAL,TRNNLIDOMXX,2033,37.5739
GLOBAL,TRNNLIDOMXX,2034,37.6867
GLOBAL,TRNNLIDOMXX,2035,37.7997
GLOBAL,TRNNLIDOMXX,2036,37.9131
GLOBAL,TRNNLIDOMXX,2037,38.0269
GLOBAL,TRNNLIDOMXX,2038,38.1409
GLOBAL,TRNNLIDOMXX,2039,38.2554
GLOBAL,TRNNLIDOMXX,2040,38.3701
GLOBAL,TRNNLIDOMXX,2041,38.4852
GLOBAL,TRNNLIDOMXX,2042,38.6007
GLOBAL,TRNNLIDOMXX,2043,38.7165
GLOBAL,TRNNLIDOMXX,2044,38.8326
GLOBAL,TRNNLIDOMXX,2045,38.9491
GLOBAL,TRNNLIDOMXX,2046,39.066
GLOBAL,TRNNLIDOMXX,2047,39.1832
GLOBAL,TRNNLIDOMXX,2048,39.3007
GLOBAL,TRNNLIDOMXX,2049,39.4186
GLOBAL,TRNNLIDOMXX,2050,39.5369
GLOBAL,TRNNLIECUXX,2023,167.939
GLOBAL,TRNNLIECUXX,2024,167.939
GLOBAL,TRNNLIECUXX,2025,167.939
GLOBAL,TRNNLIECUXX,2026,168.443
GLOBAL,TRNNLIECUXX,2027,168.948
GLOBAL,TRNNLIECUXX,2028,169.455
GLOBAL,TRNNLIECUXX,2029,169.963
GLOBAL,TRNNLIECUXX,2030,170.473
GLOBAL,TRNNLIECUXX,2031,170.984
GLOBAL,TRNNLIECUXX,2032,171.497
GLOBAL,TRNNLIECUXX,2033,172.012
GLOBAL,TRNNLIECUXX,2034,172.528
GLOBAL,TRNNLIECUXX,2035,173.046
GLOBAL,TRNNLIECUXX,2036,173.565
GLOBAL,TRNNLIECUXX,2037,174.085
GLOBAL,TRNNLIECUXX,2038,174.608
GLOBAL,TRNNLIECUXX,2039,175.131
GLOBAL,TRNNLIECUXX,2040,175.657
GLOBAL,TRNNLIECUXX,2041,176.184
GLOBAL,TRNNLIECUXX,2042,176.712
GLOBAL,TRNNLIECUXX,2043,177.242
GLOBAL,TRNNLIECUXX,2044,177.774
GLOBAL,TRNNLIECUXX,2045,178.308
GLOBAL,TRNNLIECUXX,2046,178.842
GLOBAL,TRNNLIECUXX,2047,179.379
GLOBAL,TRNNLIECUXX,2048,179.917
GLOBAL,TRNNLIECUXX,2049,180.457
GLOBAL,TRNNLIECUXX,2050,180.998
GLOBAL,TRNNLIGTMXX,2023,177.264
GLOBAL,TRNNLIGTMXX,2024,177.264
GLOBAL,TRNNLIGTMXX,2025,177.264
GLOBAL,TRNNLIGTMXX,2026,177.795
GLOBAL,TRNNLIGTMXX,2027,178.329
GLOBAL,TRNNLIGTMXX,2028,178.864
GLOBAL,TRNNLIGTMXX,2029,179.4
GLOBAL,TRNNLIGTMXX,2030,179.939
GLOBAL,TRNNLIGTMXX,2031,180.478
GLOBAL,TRNNLIGTMXX,2032,181.02
GLOBAL,TRNNLIGTMXX,2033,181.563
GLOBAL,TRNNLIGTMXX,2034,182.107
GLOBAL,TRNNLIGTMXX,2035,182.654
GLOBAL,TRNNLIGTMXX,2036,183.202
GLOBAL,TRNNLIGTMXX,2037,183.751
GLOBAL,TRNNLIGTMXX,2038,184.303
GLOBAL,TRNNLIGTMXX,2039,184.856
GLOBAL,TRNNLIGTMXX,2040,185.41
GLOBAL,TRNNLIGTMXX,2041,185.966
GLOBAL,TRNNLIGTMXX,2042,186.524
GLOBAL,TRNNLIGTMXX,2043,187.084
GLOBAL,TRNNLIGTMXX,2044,187.645
GLOBAL,TRNNLIGTMXX,2045,188.208
GLOBAL,TRNNLIGTMXX,2046,188.773
GLOBAL,TRNNLIGTMXX,2047,189.339
GLOBAL,TRNNLIGTMXX,2048,189.907
GLOBAL,TRNNLIGTMXX,2049,190.477
GLOBAL,TRNNLIGTMXX,2050,191.048
GLOBAL,TRNNLIHNDXX,2023,222.086
GLOBAL,TRNNLIHNDXX,2024,222.086
GLOBAL,TRNNLIHNDXX,2025,222.086
GLOBAL,TRNNLIHNDXX,2026,222.752
GLOBAL,TRNNLIHNDXX,2027,223.42
GLOBAL,TRNNLIHNDXX,2028,224.091
GLOBAL,TRNNLIHNDXX,2029,224.763
GLOBAL,TRNNLIHNDXX,2030,225.437
GLOBAL,TRNNLIHNDXX,2031,226.114
GLOBAL,TRNNLIHNDXX,2032,226.792
GLOBAL,TRNNLIHNDXX,2033,227.472
GLOBAL,TRNNLIHNDXX,2034,228.155
GLOBAL,TRNNLIHNDXX,2035,228.839
GLOBAL,TRNNLIHNDXX,2036,229.526
GLOBAL,TRNNLIHNDXX,2037,230.214
GLOBAL,TRNNLIHNDXX,2038,230.905
GLOBAL,TRNNLIHNDXX,2039,231.598
GLOBAL,TRNNLIHNDXX,2040,232.292
GLOBAL,TRNNLIHNDXX,2041,232.989
GLOBAL,TRNNLIHNDXX,2042,233.688
GLOBAL,TRNNLIHNDXX,2043,234.389
GLOBAL,TRNNLIHNDXX,2044,235.093
GLOBAL,TRNNLIHNDXX,2045,235.798
GLOBAL,TRNNLIHNDXX,2046,236.505
GLOBAL,TRNNLIHNDXX,2047,237.215
GLOBAL,TRNNLIHNDXX,2048,237.926
GLOBAL,TRNNLIHNDXX,2049,238.64
GLOBAL,TRNNLIHNDXX,2050,239.356
GLOBAL,TRNNLIHTIXX,2023,36.6842
GLOBAL,TRNNLIHTIXX,2024,36.6842
GLOBAL,TRNNLIHTIXX,2025,36.6842
GLOBAL,TRNNLIHTIXX,2026,36.7943
GLOBAL,TRNNLIHTIXX,2027,36.9047
GLOBAL,TRNNLIHTIXX,2028,37.0154
GLOBAL,TRNNLIHTIXX,2029,37.1264
GLOBAL,TRNNLIHTIXX,2030,37.2378
GLOBAL,TRNNLIHTIXX,2031,37.3495
GLOBAL,TRNNLIHTIXX,2032,37.4616
GLOBAL,TRNNLIHTIXX,2033,37.5739
GLOBAL,TRNNLIHTIXX,2034,37.6867
GLOBAL,TRNNLIHTIXX,2035,37.7997
GLOBAL,TRNNLIHTIXX,2036,37.9131
GLOBAL,TRNNLIHTIXX,2037,38.0269
GLOBAL,TRNNLIHTIXX,2038,38.1409
GLOBAL,TRNNLIHTIXX,2039,38.2554
GLOBAL,TRNNLIHTIXX,2040,38.3701
GLOBAL,TRNNLIHTIXX,2041,38.4852
GLOBAL,TRNNLIHTIXX,2042,38.6007
GLOBAL,TRNNLIHTIXX,2043,38.7165
GLOBAL,TRNNLIHTIXX,2044,38.8326
GLOBAL,TRNNLIHTIXX,2045,38.9491
GLOBAL,TRNNLIHTIXX,2046,39.066
GLOBAL,TRNNLIHTIXX,2047,39.1832
GLOBAL,TRNNLIHTIXX,2048,39.3007
GLOBAL,TRNNLIHTIXX,2049,39.4186
GLOBAL,TRNNLIHTIXX,2050,39.5369
GLOBAL,TRNNLIMEXXX,2023,146.791
GLOBAL,TRNNLIMEXXX,2024,146.791
GLOBAL,TRNNLIMEXXX,2025,146.791
GLOBAL,TRNNLIMEXXX,2026,147.231
GLOBAL,TRNNLIMEXXX,2027,147.673
GLOBAL,TRNNLIMEXXX,2028,148.116
GLOBAL,TRNNLIMEXXX,2029,148.561
GLOBAL,TRNNLIMEXXX,2030,149.006
GLOBAL,TRNNLIMEXXX,2031,149.453
GLOBAL,TRNNLIMEXXX,2032,149.902
GLOBAL,TRNNLIMEXXX,2033,150.351
GLOBAL,TRNNLIMEXXX,2034,150.802
GLOBAL,TRNNLIMEXXX,2035,151.255
GLOBAL,TRNNLIMEXXX,2036,151.709
GLOBAL,TRNNLIMEXXX,2037,152.164
GLOBAL,TRNNLIMEXXX,2038,152.62
GLOBAL,TRNNLIMEXXX,2039,153.078
GLOBAL,TRNNLIMEXXX,2040,153.537
GLOBAL,TRNNLIMEXXX,2041,153.998
GLOBAL,TRNNLIMEXXX,2042,154.46
GLOBAL,TRNNLIMEXXX,2043,154.923
GLOBAL,TRNNLIMEXXX,2044,155.388
GLOBAL,TRNNLIMEXXX,2045,155.854
GLOBAL,TRNNLIMEXXX,2046,156.322
GLOBAL,TRNNLIMEXXX,2047,156.791
GLOBAL,TRNNLIMEXXX,2048,157.261
GLOBAL,TRNNLIMEXXX,2049,157.733
GLOBAL,TRNNLIMEXXX,2050,158.206
GLOBAL,TRNNLINICXX,2023,183.938
GLOBAL,TRNNLINICXX,2024,183.938
GLOBAL,TRNNLINICXX,2025,183.938
GLOBAL,TRNNLINICXX,2026,184.49
GLOBAL,TRNNLINICXX,2027,185.043
GLOBAL,TRNNLINICXX,2028,185.599
GLOBAL,TRNNLINICXX,2029,186.155
GLOBAL,TRNNLINICXX,2030,186.714
GLOBAL,TRNNLINICXX,2031,187.274
GLOBAL,TRNNLINICXX,2032,187.836
GLOBAL,TRNNLINICXX,2033,188.399
GLOBAL,TRNNLINICXX,2034,188.964
GLOBAL,TRNNLINICXX,2035,189.531
GLOBAL,TRNNLINICXX,2036,190.1
GLOBAL,TRNNLINICXX,2037,190.67
GLOBAL,TRNNLINICXX,2038,191.242
GLOBAL,TRNNLINICXX,2039,191.816
GLOBAL,TRNNLINICXX,2040,192.391
GLOBAL,TRNNLINICXX,2041,192.969
GLOBAL,TRNNLINICXX,2042,193.548
GLOBAL,TRNNLINICXX,2043,194.128
GLOBAL,TRNNLINICXX,2044,194.711
GLOBAL,TRNNLINICXX,2045,195.295
GLOBAL,TRNNLINICXX,2046,195.881
GLOBAL,TRNNLINICXX,2047,196.468
GLOBAL,TRNNLINICXX,2048,197.058
GLOBAL,TRNNLINICXX,2049,197.649
GLOBAL,TRNNLINICXX,2050,198.242
GLOBAL,TRNNLIPANXX,2023,51.9033
GLOBAL,TRNNLIPANXX,2024,51.9033
GLOBAL,TRNNLIPANXX,2025,51.9033
GLOBAL,TRNNLIPANXX,2026,52.059
GLOBAL,TRNNLIPANXX,2027,52.2152
GLOBAL,TRNNLIPANXX,2028,52.3718
GLOBAL,TRNNLIPANXX,2029,52.5289
GLOBAL,TRNNLIPANXX,2030,52.6865
GLOBAL,TRNNLIPANXX,2031,52.8446
GLOBAL,TRNNLIPANXX,2032,53.0031
GLOBAL,TRNNLIPANXX,2033,53.1621
GLOBAL,TRNNLIPANXX,2034,53.3216
GLOBAL,TRNNLIPANXX,2035,53.4816
GLOBAL,TRNNLIPANXX,2036,53.642
GLOBAL,TRNNLIPANXX,2037,53.803
GLOBAL,TRNNLIPANXX,2038,53.9644
GLOBAL,TRNNLIPANXX,2039,54.1263
GLOBAL,TRNNLIPANXX,2040,54.2886
GLOBAL,TRNNLIPANXX,2041,54.4515
GLOBAL,TRNNLIPANXX,2042,54.6149
GLOBAL,TRNNLIPANXX,2043,54.7787
GLOBAL,TRNNLIPANXX,2044,54.943
GLOBAL,TRNNLIPANXX,2045,55.1079
GLOBAL,TRNNLIPANXX,2046,55.2732
GLOBAL,TRNNLIPANXX,2047,55.439
GLOBAL,TRNNLIPANXX,2048,55.6053
GLOBAL,TRNNLIPANXX,2049,55.7721
GLOBAL,TRNNLIPANXX,2050,55.9395
GLOBAL,TRNNLIPERXX,2023,831.7
GLOBAL,TRNNLIPERXX,2024,831.7
GLOBAL,TRNNLIPERXX,2025,831.7
GLOBAL,TRNNLIPERXX,2026,834.195
GLOBAL,TRNNLIPERXX,2027,836.698
GLOBAL,TRNNLIPERXX,2028,839.208
GLOBAL,TRNNLIPERXX,2029,841.726
GLOBAL,TRNNLIPERXX,2030,844.251
GLOBAL,TRNNLIPERXX,2031,846.784
GLOBAL,TRNNLIPERXX,2032,849.324
GLOBAL,TRNNLIPERXX,2033,851.872
GLOBAL,TRNNLIPERXX,2034,854.427
GLOBAL,TRNNLIPERXX,2035,856.991
GLOBAL,TRNNLIPERXX,2036,859.562
GLOBAL,TRNNLIPERXX,2037,862.14
GLOBAL,TRNNLIPERXX,2038,864.727
GLOBAL,TRNNLIPERXX,2039,867.321
GLOBAL,TRNNLIPERXX,2040,869.923
GLOBAL,TRNNLIPERXX,2041,872.533
GLOBAL,TRNNLIPERXX,2042,875.15
GLOBAL,TRNNLIPERXX,2043,877.776
GLOBAL,TRNNLIPERXX,2044,880.409
GLOBAL,TRNNLIPERXX,2045,883.05
GLOBAL,TRNNLIPERXX,2046,885.7
GLOBAL,TRNNLIPERXX,2047,888.357
GLOBAL,TRNNLIPERXX,2048,891.022
GLOBAL,TRNNLIPERXX,2049,893.695
GLOBAL,TRNNLIPERXX,2050,896.376
GLOBAL,TRNNLIPRYXX,2023,155.262
GLOBAL,TRNNLIPRYXX,2024,155.262
GLOBAL,TRNNLIPRYXX,2025,155.262
GLOBAL,TRNNLIPRYXX,2026,155.728
GLOBAL,TRNNLIPRYXX,2027,156.195
GLOBAL,TRNNLIPRYXX,2028,156.664
GLOBAL,TRNNLIPRYXX,2029,157.134
GLOBAL,TRNNLIPRYXX,2030,157.605
GLOBAL,TRNNLIPRYXX,2031,158.078
GLOBAL,TRNNLIPRYXX,2032,158.552
GLOBAL,TRNNLIPRYXX,2033,159.028
GLOBAL,TRNNLIPRYXX,2034,159.505
GLOBAL,TRNNLIPRYXX,2035,159.983
GLOBAL,TRNNLIPRYXX,2036,160.463
GLOBAL,TRNNLIPRYXX,2037,160.945
GLOBAL,TRNNLIPRYXX,2038,161.427
GLOBAL,TRNNLIPRYXX,2039,161.912
GLOBAL,TRNNLIPRYXX,2040,162.397
GLOBAL,TRNNLIPRYXX,2041,162.885
GLOBAL,TRNNLIPRYXX,2042,163.373
GLOBAL,TRNNLIPRYXX,2043,163.863
GLOBAL,TRNNLIPRYXX,2044,164.355
GLOBAL,TRNNLIPRYXX,2045,164.848
GLOBAL,TRNNLIPRYXX,2046,165.343
GLOBAL,TRNNLIPRYXX,2047,165.839
GLOBAL,TRNNLIPRYXX,2048,166.336
GLOBAL,TRNNLIPRYXX,2049,166.835
GLOBAL,TRNNLIPRYXX,2050,167.336
GLOBAL,TRNNLISLVXX,2023,214.156
GLOBAL,TRNNLISLVXX,2024,214.156
GLOBAL,TRNNLISLVXX,2025,214.156
GLOBAL,TRNNLISLVXX,2026,214.798
GLOBAL,TRNNLISLVXX,2027,215.443
GLOBAL,TRNNLISLVXX,2028,216.089
GLOBAL,TRNNLISLVXX,2029,216.737
GLOBAL,TRNNLISLVXX,2030,217.388
GLOBAL,TRNNLISLVXX,2031,218.04
GLOBAL,TRNNLISLVXX,2032,218.694
GLOBAL,TRNNLISLVXX,2033,219.35
GLOBAL,TRNNLISLVXX,2034,220.008
GLOBAL,TRNNLISLVXX,2035,220.668
GLOBAL,TRNNLISLVXX,2036,221.33
GLOBAL,TRNNLISLVXX,2037,221.994
GLOBAL,TRNNLISLVXX,2038,222.66
GLOBAL,TRNNLISLVXX,2039,223.328
GLOBAL,TRNNLISLVXX,2040,223.998
GLOBAL,TRNNLISLVXX,2041,224.67
GLOBAL,TRNNLISLVXX,2042,225.344
GLOBAL,TRNNLISLVXX,2043,226.02
GLOBAL,TRNNLISLVXX,2044,226.698
GLOBAL,TRNNLISLVXX,2045,227.378
GLOBAL,TRNNLISLVXX,2046,228.06
GLOBAL,TRNNLISLVXX,2047,228.744
GLOBAL,TRNNLISLVXX,2048,229.431
GLOBAL,TRNNLISLVXX,2049,230.119
GLOBAL,TRNNLISLVXX,2050,230.809
GLOBAL,TRNNLIURYXX,2023,154.852
GLOBAL,TRNNLIURYXX,2024,154.852
GLOBAL,TRNNLIURYXX,2025,154.852
GLOBAL,TRNNLIURYXX,2026,155.316
GLOBAL,TRNNLIURYXX,2027,155.782
GLOBAL,TRNNLIURYXX,2028,156.249
GLOBAL,TRNNLIURYXX,2029,156.718
GLOBAL,TRNNLIURYXX,2030,157.188
GLOBAL,TRNNLIURYXX,2031,157.66
GLOBAL,TRNNLIURYXX,2032,158.133
GLOBAL,TRNNLIURYXX,2033,158.607
GLOBAL,TRNNLIURYXX,2034,159.083
GLOBAL,TRNNLIURYXX,2035,159.56
GLOBAL,TRNNLIURYXX,2036,160.039
GLOBAL,TRNNLIURYXX,2037,160.519
GLOBAL,TRNNLIURYXX,2038,161.001
GLOBAL,TRNNLIURYXX,2039,161.484
GLOBAL,TRNNLIURYXX,2040,161.968
GLOBAL,TRNNLIURYXX,2041,162.454
GLOBAL,TRNNLIURYXX,2042,162.941
GLOBAL,TRNNLIURYXX,2043,163.43
GLOBAL,TRNNLIURYXX,2044,163.92
GLOBAL,TRNNLIURYXX,2045,164.412
GLOBAL,TRNNLIURYXX,2046,164.905
GLOBAL,TRNNLIURYXX,2047,165.4
GLOBAL,TRNNLIURYXX,2048,165.896
GLOBAL,TRNNLIURYXX,2049,166.394
GLOBAL,TRNNLIURYXX,2050,166.893
GLOBAL,TRNRPOARGXX,2023,350.844
GLOBAL,TRNRPOARGXX,2024,350.844
GLOBAL,TRNRPOARGXX,2025,350.844
GLOBAL,TRNRPOARGXX,2026,351.896
GLOBAL,TRNRPOARGXX,2027,352.952
GLOBAL,TRNRPOARGXX,2028,354.011
GLOBAL,TRNRPOARGXX,2029,355.073
GLOBAL,TRNRPOARGXX,2030,356.138
GLOBAL,TRNRPOARGXX,2031,357.206
GLOBAL,TRNRPOARGXX,2032,358.278
GLOBAL,TRNRPOARGXX,2033,359.353
GLOBAL,TRNRPOARGXX,2034,360.431
GLOBAL,TRNRPOARGXX,2035,361.512
GLOBAL,TRNRPOARGXX,2036,362.597
GLOBAL,TRNRPOARGXX,2037,363.685
GLOBAL,TRNRPOARGXX,2038,364.776
GLOBAL,TRNRPOARGXX,2039,365.87
GLOBAL,TRNRPOARGXX,2040,366.968
GLOBAL,TRNRPOARGXX,2041,368.069
GLOBAL,TRNRPOARGXX,2042,369.173
GLOBAL,TRNRPOARGXX,2043,370.28
GLOBAL,TRNRPOARGXX,2044,371.391
GLOBAL,TRNRPOARGXX,2045,372.505
GLOBAL,TRNRPOARGXX,2046,373.623
GLOBAL,TRNRPOARGXX,2047,374.744
GLOBAL,TRNRPOARGXX,2048,375.868
GLOBAL,TRNRPOARGXX,2049,376.995
GLOBAL,TRNRPOARGXX,2050,378.126
GLOBAL,TRNRPOBOLXX,2023,49.3148
GLOBAL,TRNRPOBOLXX,2024,49.3148
GLOBAL,TRNRPOBOLXX,2025,49.3148
GLOBAL,TRNRPOBOLXX,2026,49.4627
GLOBAL,TRNRPOBOLXX,2027,49.6111
GLOBAL,TRNRPOBOLXX,2028,49.7599
GLOBAL,TRNRPOBOLXX,2029,49.9092
GLOBAL,TRNRPOBOLXX,2030,50.0589
GLOBAL,TRNRPOBOLXX,2031,50.2091
GLOBAL,TRNRPOBOLXX,2032,50.3597
GLOBAL,TRNRPOBOLXX,2033,50.5108
GLOBAL,TRNRPOBOLXX,2034,50.6623
GLOBAL,TRNRPOBOLXX,2035,50.8143
GLOBAL,TRNRPOBOLXX,2036,50.9668
GLOBAL,TRNRPOBOLXX,2037,51.1197
GLOBAL,TRNRPOBOLXX,2038,51.273
GLOBAL,TRNRPOBOLXX,2039,51.4268
GLOBAL,TRNRPOBOLXX,2040,51.5811
GLOBAL,TRNRPOBOLXX,2041,51.7359
GLOBAL,TRNRPOBOLXX,2042,51.8911
GLOBAL,TRNRPOBOLXX,2043,52.0468
GLOBAL,TRNRPOBOLXX,2044,52.2029
GLOBAL,TRNRPOBOLXX,2045,52.3595
GLOBAL,TRNRPOBOLXX,2046,52.5166
GLOBAL,TRNRPOBOLXX,2047,52.6741
GLOBAL,TRNRPOBOLXX,2048,52.8322
GLOBAL,TRNRPOBOLXX,2049,52.9906
GLOBAL,TRNRPOBOLXX,2050,53.1496
GLOBAL,TRNRPOBRAXX,2023,165.799
GLOBAL,TRNRPOBRAXX,2024,165.799
GLOBAL,TRNRPOBRAXX,2025,165.799
GLOBAL,TRNRPOBRAXX,2026,166.297
GLOBAL,TRNRPOBRAXX,2027,166.796
GLOBAL,TRNRPOBRAXX,2028,167.296
GLOBAL,TRNRPOBRAXX,2029,167.798
GLOBAL,TRNRPOBRAXX,2030,168.301
GLOBAL,TRNRPOBRAXX,2031,168.806
GLOBAL,TRNRPOBRAXX,2032,169.313
GLOBAL,TRNRPOBRAXX,2033,169.82
GLOBAL,TRNRPOBRAXX,2034,170.33
GLOBAL,TRNRPOBRAXX,2035,170.841
GLOBAL,TRNRPOBRAXX,2036,171.353
GLOBAL,TRNRPOBRAXX,2037,171.868
GLOBAL,TRNRPOBRAXX,2038,172.383
GLOBAL,TRNRPOBRAXX,2039,172.9
GLOBAL,TRNRPOBRAXX,2040,173.419
GLOBAL,TRNRPOBRAXX,2041,173.939
GLOBAL,TRNRPOBRAXX,2042,174.461
GLOBAL,TRNRPOBRAXX,2043,174.984
GLOBAL,TRNRPOBRAXX,2044,175.509
GLOBAL,TRNRPOBRAXX,2045,176.036
GLOBAL,TRNRPOBRAXX,2046,176.564
GLOBAL,TRNRPOBRAXX,2047,177.094
GLOBAL,TRNRPOBRAXX,2048,177.625
GLOBAL,TRNRPOBRAXX,2049,178.158
GLOBAL,TRNRPOBRAXX,2050,178.692
GLOBAL,TRNRPOBRBXX,2023,16.508
GLOBAL,TRNRPOBRBXX,2024,16.508
GLOBAL,TRNRPOBRBXX,2025,16.508
GLOBAL,TRNRPOBRBXX,2026,16.5575
GLOBAL,TRNRPOBRBXX,2027,16.6072
GLOBAL,TRNRPOBRBXX,2028,16.657
GLOBAL,TRNRPOBRBXX,2029,16.707
GLOBAL,TRNRPOBRBXX,2030,16.7571
GLOBAL,TRNRPOBRBXX,2031,16.8074
GLOBAL,TRNRPOBRBXX,2032,16.8578
GLOBAL,TRNRPOBRBXX,2033,16.9083
GLOBAL,TRNRPOBRBXX,2034,16.9591
GLOBAL,TRNRPOBRBXX,2035,17.0099
GLOBAL,TRNRPOBRBXX,2036,17.061
GLOBAL,TRNRPOBRBXX,2037,17.1122
GLOBAL,TRNRPOBRBXX,2038,17.1635
GLOBAL,TRNRPOBRBXX,2039,17.215
GLOBAL,TRNRPOBRBXX,2040,17.2666
GLOBAL,TRNRPOBRBXX,2041,17.3184
GLOBAL,TRNRPOBRBXX,2042,17.3704
GLOBAL,TRNRPOBRBXX,2043,17.4225
GLOBAL,TRNRPOBRBXX,2044,17.4748
GLOBAL,TRNRPOBRBXX,2045,17.5272
GLOBAL,TRNRPOBRBXX,2046,17.5798
GLOBAL,TRNRPOBRBXX,2047,17.6325
GLOBAL,TRNRPOBRBXX,2048,17.6854
GLOBAL,TRNRPOBRBXX,2049,17.7385
GLOBAL,TRNRPOBRBXX,2050,17.7917
GLOBAL,TRNRPOCHLXX,2023,238.481
GLOBAL,TRNRPOCHLXX,2024,238.481
GLOBAL,TRNRPOCHLXX,2025,238.481
GLOBAL,TRNRPOCHLXX,2026,239.197
GLOBAL,TRNRPOCHLXX,2027,239.914
GLOBAL,TRNRPOCHLXX,2028,240.634
GLOBAL,TRNRPOCHLXX,2029,241.356
GLOBAL,TRNRPOCHLXX,2030,242.08
GLOBAL,TRNRPOCHLXX,2031,242.806
GLOBAL,TRNRPOCHLXX,2032,243.535
GLOBAL,TRNRPOCHLXX,2033,244.265
GLOBAL,TRNRPOCHLXX,2034,244.998
GLOBAL,TRNRPOCHLXX,2035,245.733
GLOBAL,TRNRPOCHLXX,2036,246.47
GLOBAL,TRNRPOCHLXX,2037,247.21
GLOBAL,TRNRPOCHLXX,2038,247.951
GLOBAL,TRNRPOCHLXX,2039,248.695
GLOBAL,TRNRPOCHLXX,2040,249.441
GLOBAL,TRNRPOCHLXX,2041,250.189
GLOBAL,TRNRPOCHLXX,2042,250.94
GLOBAL,TRNRPOCHLXX,2043,251.693
GLOBAL,TRNRPOCHLXX,2044,252.448
GLOBAL,TRNRPOCHLXX,2045,253.205
GLOBAL,TRNRPOCHLXX,2046,253.965
GLOBAL,TRNRPOCHLXX,2047,254.727
GLOBAL,TRNRPOCHLXX,2048,255.491
GLOBAL,TRNRPOCHLXX,2049,256.257
GLOBAL,TRNRPOCHLXX,2050,257.026
GLOBAL,TRNRPOCOLXX,2023,62.9159
GLOBAL,TRNRPOCOLXX,2024,62.9159
GLOBAL,TRNRPOCOLXX,2025,62.9159
GLOBAL,TRNRPOCOLXX,2026,63.1046
GLOBAL,TRNRPOCOLXX,2027,63.2939
GLOBAL,TRNRPOCOLXX,2028,63.4838
GLOBAL,TRNRPOCOLXX,2029,63.6742
GLOBAL,TRNRPOCOLXX,2030,63.8653
GLOBAL,TRNRPOCOLXX,2031,64.0569
GLOBAL,TRNRPOCOLXX,2032,64.249
GLOBAL,TRNRPOCOLXX,2033,64.4418
GLOBAL,TRNRPOCOLXX,2034,64.6351
GLOBAL,TRNRPOCOLXX,2035,64.829
GLOBAL,TRNRPOCOLXX,2036,65.0235
GLOBAL,TRNRPOCOLXX,2037,65.2186
GLOBAL,TRNRPOCOLXX,2038,65.4142
GLOBAL,TRNRPOCOLXX,2039,65.6105
GLOBAL,TRNRPOCOLXX,2040,65.8073
GLOBAL,TRNRPOCOLXX,2041,66.0047
GLOBAL,TRNRPOCOLXX,2042,66.2027
GLOBAL,TRNRPOCOLXX,2043,66.4013
GLOBAL,TRNRPOCOLXX,2044,66.6006
GLOBAL,TRNRPOCOLXX,2045,66.8004
GLOBAL,TRNRPOCOLXX,2046,67.0008
GLOBAL,TRNRPOCOLXX,2047,67.2018
GLOBAL,TRNRPOCOLXX,2048,67.4034
GLOBAL,TRNRPOCOLXX,2049,67.6056
GLOBAL,TRNRPOCOLXX,2050,67.8084
GLOBAL,TRNRPOCRIXX,2023,186.717
GLOBAL,TRNRPOCRIXX,2024,186.717
GLOBAL,TRNRPOCRIXX,2025,186.717
GLOBAL,TRNRPOCRIXX,2026,187.278
GLOBAL,TRNRPOCRIXX,2027,187.839
GLOBAL,TRNRPOCRIXX,2028,188.403
GLOBAL,TRNRPOCRIXX,2029,188.968
GLOBAL,TRNRPOCRIXX,2030,189.535
GLOBAL,TRNRPOCRIXX,2031,190.104
GLOBAL,TRNRPOCRIXX,2032,190.674
GLOBAL,TRNRPOCRIXX,2033,191.246
GLOBAL,TRNRPOCRIXX,2034,191.82
GLOBAL,TRNRPOCRIXX,2035,192.395
GLOBAL,TRNRPOCRIXX,2036,192.972
GLOBAL,TRNRPOCRIXX,2037,193.551
GLOBAL,TRNRPOCRIXX,2038,194.132
GLOBAL,TRNRPOCRIXX,2039,194.714
GLOBAL,TRNRPOCRIXX,2040,195.298
GLOBAL,TRNRPOCRIXX,2041,195.884
GLOBAL,TRNRPOCRIXX,2042,196.472
GLOBAL,TRNRPOCRIXX,2043,197.061
GLOBAL,TRNRPOCRIXX,2044,197.653
GLOBAL,TRNRPOCRIXX,2045,198.246
GLOBAL,TRNRPOCRIXX,2046,198.84
GLOBAL,TRNRPOCRIXX,2047,199.437
GLOBAL,TRNRPOCRIXX,2048,200.035
GLOBAL,TRNRPOCRIXX,2049,200.635
GLOBAL,TRNRPOCRIXX,2050,201.237
GLOBAL,TRNRPODOMXX,2023,16.508
GLOBAL,TRNRPODOMXX,2024,16.508
GLOBAL,TRNRPODOMXX,2025,16.508
GLOBAL,TRNRPODOMXX,2026,16.5575
GLOBAL,TRNRPODOMXX,2027,16.6072
GLOBAL,TRNRPODOMXX,2028,16.657
GLOBAL,TRNRPODOMXX,2029,16.707
GLOBAL,TRNRPODOMXX,2030,16.7571
GLOBAL,TRNRPODOMXX,2031,16.8074
GLOBAL,TRNRPODOMXX,2032,16.8578
GLOBAL,TRNRPODOMXX,2033,16.9083
GLOBAL,TRNRPODOMXX,2034,16.9591
GLOBAL,TRNRPODOMXX,2035,17.0099
GLOBAL,TRNRPODOMXX,2036,17.061
GLOBAL,TRNRPODOMXX,2037,17.1122
GLOBAL,TRNRPODOMXX,2038,17.1635
GLOBAL,TRNRPODOMXX,2039,17.215
GLOBAL,TRNRPODOMXX,2040,17.2666
GLOBAL,TRNRPODOMXX,2041,17.3184
GLOBAL,TRNRPODOMXX,2042,17.3704
GLOBAL,TRNRPODOMXX,2043,17.4225
GLOBAL,TRNRPODOMXX,2044,17.4748
GLOBAL,TRNRPODOMXX,2045,17.5272
GLOBAL,TRNRPODOMXX,2046,17.5798
GLOBAL,TRNRPODOMXX,2047,17.6325
GLOBAL,TRNRPODOMXX,2048,17.6854
GLOBAL,TRNRPODOMXX,2049,17.7385
GLOBAL,TRNRPODOMXX,2050,17.7917
GLOBAL,TRNRPOECUXX,2023,75.5724
GLOBAL,TRNRPOECUXX,2024,75.5724
GLOBAL,TRNRPOECUXX,2025,75.5724
GLOBAL,TRNRPOECUXX,2026,75.7991
GLOBAL,TRNRPOECUXX,2027,76.0265
GLOBAL,TRNRPOECUXX,2028,76.2546
GLOBAL,TRNRPOECUXX,2029,76.4834
GLOBAL,TRNRPOECUXX,2030,76.7128
GLOBAL,TRNRPOECUXX,2031,76.943
GLOBAL,TRNRPOECUXX,2032,77.1738
GLOBAL,TRNRPOECUXX,2033,77.4053
GLOBAL,TRNRPOECUXX,2034,77.6375
GLOBAL,TRNRPOECUXX,2035,77.8704
GLOBAL,TRNRPOECUXX,2036,78.1041
GLOBAL,TRNRPOECUXX,2037,78.3384
GLOBAL,TRNRPOECUXX,2038,78.5734
GLOBAL,TRNRPOECUXX,2039,78.8091
GLOBAL,TRNRPOECUXX,2040,79.0455
GLOBAL,TRNRPOECUXX,2041,79.2827
GLOBAL,TRNRPOECUXX,2042,79.5205
GLOBAL,TRNRPOECUXX,2043,79.7591
GLOBAL,TRNRPOECUXX,2044,79.9984
GLOBAL,TRNRPOECUXX,2045,80.2383
GLOBAL,TRNRPOECUXX,2046,80.4791
GLOBAL,TRNRPOECUXX,2047,80.7205
GLOBAL,TRNRPOECUXX,2048,80.9627
GLOBAL,TRNRPOECUXX,2049,81.2056
GLOBAL,TRNRPOECUXX,2050,81.4492
GLOBAL,TRNRPOGTMXX,2023,79.7685
GLOBAL,TRNRPOGTMXX,2024,79.7685
GLOBAL,TRNRPOGTMXX,2025,79.7685
GLOBAL,TRNRPOGTMXX,2026,80.0078
GLOBAL,TRNRPOGTMXX,2027,80.2479
GLOBAL,TRNRPOGTMXX,2028,80.4886
GLOBAL,TRNRPOGTMXX,2029,80.7301
GLOBAL,TRNRPOGTMXX,2030,80.9723
GLOBAL,TRNRPOGTMXX,2031,81.2152
GLOBAL,TRNRPOGTMXX,2032,81.4588
GLOBAL,TRNRPOGTMXX,2033,81.7032
GLOBAL,TRNRPOGTMXX,2034,81.9483
GLOBAL,TRNRPOGTMXX,2035,82.1942
GLOBAL,TRNRPOGTMXX,2036,82.4407
GLOBAL,TRNRPOGTMXX,2037,82.6881
GLOBAL,TRNRPOGTMXX,2038,82.9361
GLOBAL,TRNRPOGTMXX,2039,83.1849
GLOBAL,TRNRPOGTMXX,2040,83.4345
GLOBAL,TRNRPOGTMXX,2041,83.6848
GLOBAL,TRNRPOGTMXX,2042,83.9358
GLOBAL,TRNRPOGTMXX,2043,84.1877
GLOBAL,TRNRPOGTMXX,2044,84.4402
GLOBAL,TRNRPOGTMXX,2045,84.6935
GLOBAL,TRNRPOGTMXX,2046,84.9476
GLOBAL,TRNRPOGTMXX,2047,85.2025
GLOBAL,TRNRPOGTMXX,2048,85.4581
GLOBAL,TRNRPOGTMXX,2049,85.7144
GLOBAL,TRNRPOGTMXX,2050,85.9716
GLOBAL,TRNRPOHNDXX,2023,99.9385
GLOBAL,TRNRPOHNDXX,2024,99.9385
GLOBAL,TRNRPOHNDXX,2025,99.9385
GLOBAL,TRNRPOHNDXX,2026,100.238
GLOBAL,TRNRPOHNDXX,2027,100.539
GLOBAL,TRNRPOHNDXX,2028,100.841
GLOBAL,TRNRPOHNDXX,2029,101.143
GLOBAL,TRNRPOHNDXX,2030,101.447
GLOBAL,TRNRPOHNDXX,2031,101.751
GLOBAL,TRNRPOHNDXX,2032,102.056
GLOBAL,TRNRPOHNDXX,2033,102.362
GLOBAL,TRNRPOHNDXX,2034,102.669
GLOBAL,TRNRPOHNDXX,2035,102.977
GLOBAL,TRNRPOHNDXX,2036,103.286
GLOBAL,TRNRPOHNDXX,2037,103.596
GLOBAL,TRNRPOHNDXX,2038,103.907
GLOBAL,TRNRPOHNDXX,2039,104.219
GLOBAL,TRNRPOHNDXX,2040,104.531
GLOBAL,TRNRPOHNDXX,2041,104.845
GLOBAL,TRNRPOHNDXX,2042,105.16
GLOBAL,TRNRPOHNDXX,2043,105.475
GLOBAL,TRNRPOHNDXX,2044,105.791
GLOBAL,TRNRPOHNDXX,2045,106.109
GLOBAL,TRNRPOHNDXX,2046,106.427
GLOBAL,TRNRPOHNDXX,2047,106.746
GLOBAL,TRNRPOHNDXX,2048,107.067
GLOBAL,TRNRPOHNDXX,2049,107.388
GLOBAL,TRNRPOHNDXX,2050,107.71
GLOBAL,TRNRPOHTIXX,2023,16.508
GLOBAL,TRNRPOHTIXX,2024,16.508
GLOBAL,TRNRPOHTIXX,2025,16.508
GLOBAL,TRNRPOHTIXX,2026,16.5575
GLOBAL,TRNRPOHTIXX,2027,16.6072
GLOBAL,TRNRPOHTIXX,2028,16.657
GLOBAL,TRNRPOHTIXX,2029,16.707
GLOBAL,TRNRPOHTIXX,2030,16.7571
GLOBAL,TRNRPOHTIXX,2031,16.8074
GLOBAL,TRNRPOHTIXX,2032,16.8578
GLOBAL,TRNRPOHTIXX,2033,16.9083
GLOBAL,TRNRPOHTIXX,2034,16.9591
GLOBAL,TRNRPOHTIXX,2035,17.0099
GLOBAL,TRNRPOHTIXX,2036,17.061
GLOBAL,TRNRPOHTIXX,2037,17.1122
GLOBAL,TRNRPOHTIXX,2038,17.1635
GLOBAL,TRNRPOHTIXX,2039,17.215
GLOBAL,TRNRPOHTIXX,2040,17.2666
GLOBAL,TRNRPOHTIXX,2041,17.3184
GLOBAL,TRNRPOHTIXX,2042,17.3704
GLOBAL,TRNRPOHTIXX,2043,17.4225
GLOBAL,TRNRPOHTIXX,2044,17.4748
GLOBAL,TRNRPOHTIXX,2045,17.5272
GLOBAL,TRNRPOHTIXX,2046,17.5798
GLOBAL,TRNRPOHTIXX,2047,17.6325
GLOBAL,TRNRPOHTIXX,2048,17.6854
GLOBAL,TRNRPOHTIXX,2049,17.7385
GLOBAL,TRNRPOHTIXX,2050,17.7917
GLOBAL,TRNRPOMEXXX,2023,66.0559
GLOBAL,TRNRPOMEXXX,2024,66.0559
GLOBAL,TRNRPOMEXXX,2025,66.0559
GLOBAL,TRNRPOMEXXX,2026,66.2541
GLOBAL,TRNRPOMEXXX,2027,66.4529
GLOBAL,TRNRPOMEXXX,2028,66.6522
GLOBAL,TRNRPOMEXXX,2029,66.8522
GLOBAL,TRNRPOMEXXX,2030,67.0527
GLOBAL,TRNRPOMEXXX,2031,67.2539
GLOBAL,TRNRPOMEXXX,2032,67.4557
GLOBAL,TRNRPOMEXXX,2033,67.658
GLOBAL,TRNRPOMEXXX,2034,67.861
GLOBAL,TRNRPOMEXXX,2035,68.0646
GLOBAL,TRNRPOMEXXX,2036,68.2688
GLOBAL,TRNRPOMEXXX,2037,68.4736
GLOBAL,TRNRPOMEXXX,2038,68.679
GLOBAL,TRNRPOMEXXX,2039,68.885
GLOBAL,TRNRPOMEXXX,2040,69.0917
GLOBAL,TRNRPOMEXXX,2041,69.299
GLOBAL,TRNRPOMEXXX,2042,69.5069
GLOBAL,TRNRPOMEXXX,2043,69.7154
GLOBAL,TRNRPOMEXXX,2044,69.9245
GLOBAL,TRNRPOMEXXX,2045,70.1343
GLOBAL,TRNRPOMEXXX,2046,70.3447
GLOBAL,TRNRPOMEXXX,2047,70.5557
GLOBAL,TRNRPOMEXXX,2048,70.7674
GLOBAL,TRNRPOMEXXX,2049,70.9797
GLOBAL,TRNRPOMEXXX,2050,71.1927
GLOBAL,TRNRPONICXX,2023,82.7722
GLOBAL,TRNRPONICXX,2024,82.7722
GLOBAL,TRNRPONICXX,2025,82.7722
GLOBAL,TRNRPONICXX,2026,83.0205
GLOBAL,TRNRPONICXX,2027,83.2695
GLOBAL,TRNRPONICXX,2028,83.5194
GLOBAL,TRNRPONICXX,2029,83.7699
GLOBAL,TRNRPONICXX,2030,84.0212
GLOBAL,TRNRPONICXX,2031,84.2733
GLOBAL,TRNRPONICXX,2032,84.5261
GLOBAL,TRNRPONICXX,2033,84.7797
GLOBAL,TRNRPONICXX,2034,85.034
GLOBAL,TRNRPONICXX,2035,85.2891
GLOBAL,TRNRPONICXX,2036,85.545
GLOBAL,TRNRPONICXX,2037,85.8016
GLOBAL,TRNRPONICXX,2038,86.059
GLOBAL,TRNRPONICXX,2039,86.3172
GLOBAL,TRNRPONICXX,2040,86.5762
GLOBAL,TRNRPONICXX,2041,86.8359
GLOBAL,TRNRPONICXX,2042,87.0964
GLOBAL,TRNRPONICXX,2043,87.3577
GLOBAL,TRNRPONICXX,2044,87.6198
GLOBAL,TRNRPONICXX,2045,87.8826
GLOBAL,TRNRPONICXX,2046,88.1463
GLOBAL,TRNRPONICXX,2047,88.4107
GLOBAL,TRNRPONICXX,2048,88.6759
GLOBAL,TRNRPONICXX,2049,88.942
GLOBAL,TRNRPONICXX,2050,89.2088
GLOBAL,TRNRPOPANXX,2023,23.3565
GLOBAL,TRNRPOPANXX,2024,23.3565
GLOBAL,TRNRPOPANXX,2025,23.3565
GLOBAL,TRNRPOPANXX,2026,23.4266
GLOBAL,TRNRPOPANXX,2027,23.4969
GLOBAL,TRNRPOPANXX,2028,23.5674
GLOBAL,TRNRPOPANXX,2029,23.6381
GLOBAL,TRNRPOPANXX,2030,23.709
GLOBAL,TRNRPOPANXX,2031,23.7801
GLOBAL,TRNRPOPANXX,2032,23.8515
GLOBAL,TRNRPOPANXX,2033,23.923
GLOBAL,TRNRPOPANXX,2034,23.9948
GLOBAL,TRNRPOPANXX,2035,24.0668
GLOBAL,TRNRPOPANXX,2036,24.139
GLOBAL,TRNRPOPANXX,2037,24.2114
GLOBAL,TRNRPOPANXX,2038,24.284
GLOBAL,TRNRPOPANXX,2039,24.3569
GLOBAL,TRNRPOPANXX,2040,24.43
GLOBAL,TRNRPOPANXX,2041,24.5032
GLOBAL,TRNRPOPANXX,2042,24.5768
GLOBAL,TRNRPOPANXX,2043,24.6505
GLOBAL,TRNRPOPANXX,2044,24.7244
GLOBAL,TRNRPOPANXX,2045,24.7986
GLOBAL,TRNRPOPANXX,2046,24.873
GLOBAL,TRNRPOPANXX,2047,24.9476
GLOBAL,TRNRPOPANXX,2048,25.0225
GLOBAL,TRNRPOPANXX,2049,25.0975
GLOBAL,TRNRPOPANXX,2050,25.1728
GLOBAL,TRNRPOPERXX,2023,374.264
GLOBAL,TRNRPOPERXX,2024,374.264
GLOBAL,TRNRPOPERXX,2025,374.264
GLOBAL,TRNRPOPERXX,2026,375.387
GLOBAL,TRNRPOPERXX,2027,376.513
GLOBAL,TRNRPOPERXX,2028,377.643
GLOBAL,TRNRPOPERXX,2029,378.776
GLOBAL,TRNRPOPERXX,2030,379.912
GLOBAL,TRNRPOPERXX,2031,381.052
GLOBAL,TRNRPOPERXX,2032,382.195
GLOBAL,TRNRPOPERXX,2033,383.341
GLOBAL,TRNRPOPERXX,2034,384.491
GLOBAL,TRNRPOPERXX,2035,385.645
GLOBAL,TRNRPOPERXX,2036,386.802
GLOBAL,TRNRPOPERXX,2037,387.962
GLOBAL,TRNRPOPERXX,2038,389.126
GLOBAL,TRNRPOPERXX,2039,390.294
GLOBAL,TRNRPOPERXX,2040,391.464
GLOBAL,TRNRPOPERXX,2041,392.639
GLOBAL,TRNRPOPERXX,2042,393.817
GLOBAL,TRNRPOPERXX,2043,394.998
GLOBAL,TRNRPOPERXX,2044,396.183
GLOBAL,TRNRPOPERXX,2045,397.372
GLOBAL,TRNRPOPERXX,2046,398.564
GLOBAL,TRNRPOPERXX,2047,399.76
GLOBAL,TRNRPOPERXX,2048,400.959
GLOBAL,TRNRPOPERXX,2049,402.162
GLOBAL,TRNRPOPERXX,2050,403.368
GLOBAL,TRNRPOPRYXX,2023,69.8678
GLOBAL,TRNRPOPRYXX,2024,69.8678
GLOBAL,TRNRPOPRYXX,2025,69.8678
GLOBAL,TRNRPOPRYXX,2026,70.0774
GLOBAL,TRNRPOPRYXX,2027,70.2877
GLOBAL,TRNRPOPRYXX,2028,70.4985
GLOBAL,TRNRPOPRYXX,2029,70.71
GLOBAL,TRNRPOPRYXX,2030,70.9222
GLOBAL,TRNRPOPRYXX,2031,71.1349
GLOBAL,TRNRPOPRYXX,2032,71.3483
GLOBAL,TRNRPOPRYXX,2033,71.5624
GLOBAL,TRNRPOPRYXX,2034,71.7771
GLOBAL,TRNRPOPRYXX,2035,71.9924
GLOBAL,TRNRPOPRYXX,2036,72.2084
GLOBAL,TRNRPOPRYXX,2037,72.425
GLOBAL,TRNRPOPRYXX,2038,72.6423
GLOBAL,TRNRPOPRYXX,2039,72.8602
GLOBAL,TRNRPOPRYXX,2040,73.0788
GLOBAL,TRNRPOPRYXX,2041,73.298
GLOBAL,TRNRPOPRYXX,2042,73.5179
GLOBAL,TRNRPOPRYXX,2043,73.7385
GLOBAL,TRNRPOPRYXX,2044,73.9597
GLOBAL,TRNRPOPRYXX,2045,74.1816
GLOBAL,TRNRPOPRYXX,2046,74.4041
GLOBAL,TRNRPOPRYXX,2047,74.6273
GLOBAL,TRNRPOPRYXX,2048,74.8512
GLOBAL,TRNRPOPRYXX,2049,75.0758
GLOBAL,TRNRPOPRYXX,2050,75.301
GLOBAL,TRNRPOSLVXX,2023,96.3699
GLOBAL,TRNRPOSLVXX,2024,96.3699
GLOBAL,TRNRPOSLVXX,2025,96.3699
GLOBAL,TRNRPOSLVXX,2026,96.659
GLOBAL,TRNRPOSLVXX,2027,96.9489
GLOBAL,TRNRPOSLVXX,2028,97.2398
GLOBAL,TRNRPOSLVXX,2029,97.5315
GLOBAL,TRNRPOSLVXX,2030,97.8241
GLOBAL,TRNRPOSLVXX,2031,98.1176
GLOBAL,TRNRPOSLVXX,2032,98.4119
GLOBAL,TRNRPOSLVXX,2033,98.7072
GLOBAL,TRNRPOSLVXX,2034,99.0033
GLOBAL,TRNRPOSLVXX,2035,99.3003
GLOBAL,TRNRPOSLVXX,2036,99.5982
GLOBAL,TRNRPOSLVXX,2037,99.897
GLOBAL,TRNRPOSLVXX,2038,100.197
GLOBAL,TRNRPOSLVXX,2039,100.497
GLOBAL,TRNRPOSLVXX,2040,100.799
GLOBAL,TRNRPOSLVXX,2041,101.101
GLOBAL,TRNRPOSLVXX,2042,101.404
GLOBAL,TRNRPOSLVXX,2043,101.709
GLOBAL,TRNRPOSLVXX,2044,102.014
GLOBAL,TRNRPOSLVXX,2045,102.32
GLOBAL,TRNRPOSLVXX,2046,102.627
GLOBAL,TRNRPOSLVXX,2047,102.935
GLOBAL,TRNRPOSLVXX,2048,103.243
GLOBAL,TRNRPOSLVXX,2049,103.553
GLOBAL,TRNRPOSLVXX,2050,103.864
GLOBAL,TRNRPOURYXX,2023,69.6831
GLOBAL,TRNRPOURYXX,2024,69.6831
GLOBAL,TRNRPOURYXX,2025,69.6831
GLOBAL,TRNRPOURYXX,2026,69.8922
GLOBAL,TRNRPOURYXX,2027,70.1018
GLOBAL,TRNRPOURYXX,2028,70.3121
GLOBAL,TRNRPOURYXX,2029,70.5231
GLOBAL,TRNRPOURYXX,2030,70.7346
GLOBAL,TRNRPOURYXX,2031,70.9468
GLOBAL,TRNRPOURYXX,2032,71.1597
GLOBAL,TRNRPOURYXX,2033,71.3732
GLOBAL,TRNRPOURYXX,2034,71.5873
GLOBAL,TRNRPOURYXX,2035,71.802
GLOBAL,TRNRPOURYXX,2036,72.0174
GLOBAL,TRNRPOURYXX,2037,72.2335
GLOBAL,TRNRPOURYXX,2038,72.4502
GLOBAL,TRNRPOURYXX,2039,72.6676
GLOBAL,TRNRPOURYXX,2040,72.8856
GLOBAL,TRNRPOURYXX,2041,73.1042
GLOBAL,TRNRPOURYXX,2042,73.3235
GLOBAL,TRNRPOURYXX,2043,73.5435
GLOBAL,TRNRPOURYXX,2044,73.7641
GLOBAL,TRNRPOURYXX,2045,73.9854
GLOBAL,TRNRPOURYXX,2046,74.2074
GLOBAL,TRNRPOURYXX,2047,74.43
GLOBAL,TRNRPOURYXX,2048,74.6533
GLOBAL,TRNRPOURYXX,2049,74.8772
GLOBAL,TRNRPOURYXX,2050,75.1019
