REGION,TECHNOLOGY,YEAR,VALUE
GLOBAL,PWRBIOARGXX,2023,4.2004
GLOBAL,PWRBIOARGXX,2024,4.4407
GLOBAL,PWRBIOARGXX,2025,4.4407
GLOBAL,PWRBIOARGXX,2026,4.4407
GLOBAL,PWRBIOARGXX,2027,4.4407
GLOBAL,PWRBIOARGXX,2028,4.4407
GLOBAL,PWRBIOARGXX,2029,4.4407
GLOBAL,PWRBIOARGXX,2030,4.4407
GLOBAL,PWRBIOARGXX,2031,4.4407
GLOBAL,PWRBIOARGXX,2032,4.4407
GLOBAL,PWRBIOARGXX,2033,4.4407
GLOBAL,PWRBIOARGXX,2034,4.4407
GLOBAL,PWRBIOARGXX,2035,4.4407
GLOBAL,PWRBIOARGXX,2036,4.4407
GLOBAL,PWRBIOARGXX,2037,4.4407
GLOBAL,PWRBIOARGXX,2038,4.4407
GLOBAL,PWRBIOARGXX,2039,4.4407
GLOBAL,PWRBIOARGXX,2040,4.4407
GLOBAL,PWRBIOARGXX,2041,4.4407
GLOBAL,PWRBIOARGXX,2042,4.4407
GLOBAL,PWRBIOARGXX,2043,4.4407
GLOBAL,PWRBIOARGXX,2044,4.4407
GLOBAL,PWRBIOARGXX,2045,4.4407
GLOBAL,PWRBIOARGXX,2046,4.4407
GLOBAL,PWRBIOARGXX,2047,4.4407
GLOBAL,PWRBIOARGXX,2048,4.4407
GLOBAL,PWRBIOARGXX,2049,4.4407
GLOBAL,PWRBIOARGXX,2050,4.4407
GLOBAL,PWRBIOBOLXX,2023,1.5136
GLOBAL,PWRBIOBOLXX,2024,1.6239
GLOBAL,PWRBIOBOLXX,2025,1.6239
GLOBAL,PWRBIOBOLXX,2026,1.6239
GLOBAL,PWRBIOBOLXX,2027,1.6239
GLOBAL,PWRBIOBOLXX,2028,1.6239
GLOBAL,PWRBIOBOLXX,2029,1.6239
GLOBAL,PWRBIOBOLXX,2030,1.6239
GLOBAL,PWRBIOBOLXX,2031,1.6239
GLOBAL,PWRBIOBOLXX,2032,1.6239
GLOBAL,PWRBIOBOLXX,2033,1.6239
GLOBAL,PWRBIOBOLXX,2034,1.6239
GLOBAL,PWRBIOBOLXX,2035,1.6239
GLOBAL,PWRBIOBOLXX,2036,1.6239
GLOBAL,PWRBIOBOLXX,2037,1.6239
GLOBAL,PWRBIOBOLXX,2038,1.6239
GLOBAL,PWRBIOBOLXX,2039,1.6239
GLOBAL,PWRBIOBOLXX,2040,1.6239
GLOBAL,PWRBIOBOLXX,2041,1.6239
GLOBAL,PWRBIOBOLXX,2042,1.6239
GLOBAL,PWRBIOBOLXX,2043,1.6239
GLOBAL,PWRBIOBOLXX,2044,1.6239
GLOBAL,PWRBIOBOLXX,2045,1.6239
GLOBAL,PWRBIOBOLXX,2046,1.6239
GLOBAL,PWRBIOBOLXX,2047,1.6239
GLOBAL,PWRBIOBOLXX,2048,1.6239
GLOBAL,PWRBIOBOLXX,2049,1.6239
GLOBAL,PWRBIOBOLXX,2050,1.6239
GLOBAL,PWRBIOBRAXX,2023,207.922
GLOBAL,PWRBIOBRAXX,2024,214.024
GLOBAL,PWRBIOBRAXX,2025,214.024
GLOBAL,PWRBIOBRAXX,2026,214.024
GLOBAL,PWRBIOBRAXX,2027,214.024
GLOBAL,PWRBIOBRAXX,2028,214.024
GLOBAL,PWRBIOBRAXX,2029,214.024
GLOBAL,PWRBIOBRAXX,2030,214.024
GLOBAL,PWRBIOBRAXX,2031,214.024
GLOBAL,PWRBIOBRAXX,2032,214.024
GLOBAL,PWRBIOBRAXX,2033,214.024
GLOBAL,PWRBIOBRAXX,2034,214.024
GLOBAL,PWRBIOBRAXX,2035,214.024
GLOBAL,PWRBIOBRAXX,2036,214.024
GLOBAL,PWRBIOBRAXX,2037,214.024
GLOBAL,PWRBIOBRAXX,2038,214.024
GLOBAL,PWRBIOBRAXX,2039,214.024
GLOBAL,PWRBIOBRAXX,2040,214.024
GLOBAL,PWRBIOBRAXX,2041,214.024
GLOBAL,PWRBIOBRAXX,2042,214.024
GLOBAL,PWRBIOBRAXX,2043,214.024
GLOBAL,PWRBIOBRAXX,2044,214.024
GLOBAL,PWRBIOBRAXX,2045,214.024
GLOBAL,PWRBIOBRAXX,2046,214.024
GLOBAL,PWRBIOBRAXX,2047,214.024
GLOBAL,PWRBIOBRAXX,2048,214.024
GLOBAL,PWRBIOBRAXX,2049,214.024
GLOBAL,PWRBIOBRAXX,2050,214.024
GLOBAL,PWRBIOCHLXX,2023,7.8624
GLOBAL,PWRBIOCHLXX,2024,8.1487
GLOBAL,PWRBIOCHLXX,2025,8.1487
GLOBAL,PWRBIOCHLXX,2026,8.1487
GLOBAL,PWRBIOCHLXX,2027,8.1487
GLOBAL,PWRBIOCHLXX,2028,8.1487
GLOBAL,PWRBIOCHLXX,2029,8.1487
GLOBAL,PWRBIOCHLXX,2030,8.1487
GLOBAL,PWRBIOCHLXX,2031,8.1487
GLOBAL,PWRBIOCHLXX,2032,8.1487
GLOBAL,PWRBIOCHLXX,2033,8.1487
GLOBAL,PWRBIOCHLXX,2034,8.1487
GLOBAL,PWRBIOCHLXX,2035,8.1487
GLOBAL,PWRBIOCHLXX,2036,8.1487
GLOBAL,PWRBIOCHLXX,2037,8.1487
GLOBAL,PWRBIOCHLXX,2038,8.1487
GLOBAL,PWRBIOCHLXX,2039,8.1487
GLOBAL,PWRBIOCHLXX,2040,8.1487
GLOBAL,PWRBIOCHLXX,2041,8.1487
GLOBAL,PWRBIOCHLXX,2042,8.1487
GLOBAL,PWRBIOCHLXX,2043,8.1487
GLOBAL,PWRBIOCHLXX,2044,8.1487
GLOBAL,PWRBIOCHLXX,2045,8.1487
GLOBAL,PWRBIOCHLXX,2046,8.1487
GLOBAL,PWRBIOCHLXX,2047,8.1487
GLOBAL,PWRBIOCHLXX,2048,8.1487
GLOBAL,PWRBIOCHLXX,2049,8.1487
GLOBAL,PWRBIOCHLXX,2050,8.1487
GLOBAL,PWRBIOCOLXX,2023,1.7555
GLOBAL,PWRBIOCOLXX,2024,1.8083
GLOBAL,PWRBIOCOLXX,2025,1.8083
GLOBAL,PWRBIOCOLXX,2026,1.8083
GLOBAL,PWRBIOCOLXX,2027,1.8083
GLOBAL,PWRBIOCOLXX,2028,1.8083
GLOBAL,PWRBIOCOLXX,2029,1.8083
GLOBAL,PWRBIOCOLXX,2030,1.8083
GLOBAL,PWRBIOCOLXX,2031,1.8083
GLOBAL,PWRBIOCOLXX,2032,1.8083
GLOBAL,PWRBIOCOLXX,2033,1.8083
GLOBAL,PWRBIOCOLXX,2034,1.8083
GLOBAL,PWRBIOCOLXX,2035,1.8083
GLOBAL,PWRBIOCOLXX,2036,1.8083
GLOBAL,PWRBIOCOLXX,2037,1.8083
GLOBAL,PWRBIOCOLXX,2038,1.8083
GLOBAL,PWRBIOCOLXX,2039,1.8083
GLOBAL,PWRBIOCOLXX,2040,1.8083
GLOBAL,PWRBIOCOLXX,2041,1.8083
GLOBAL,PWRBIOCOLXX,2042,1.8083
GLOBAL,PWRBIOCOLXX,2043,1.8083
GLOBAL,PWRBIOCOLXX,2044,1.8083
GLOBAL,PWRBIOCOLXX,2045,1.8083
GLOBAL,PWRBIOCOLXX,2046,1.8083
GLOBAL,PWRBIOCOLXX,2047,1.8083
GLOBAL,PWRBIOCOLXX,2048,1.8083
GLOBAL,PWRBIOCOLXX,2049,1.8083
GLOBAL,PWRBIOCOLXX,2050,1.8083
GLOBAL,PWRBIOCRIXX,2023,0.1986
GLOBAL,PWRBIOCRIXX,2024,0.2081
GLOBAL,PWRBIOCRIXX,2025,0.2081
GLOBAL,PWRBIOCRIXX,2026,0.2081
GLOBAL,PWRBIOCRIXX,2027,0.2081
GLOBAL,PWRBIOCRIXX,2028,0.2081
GLOBAL,PWRBIOCRIXX,2029,0.2081
GLOBAL,PWRBIOCRIXX,2030,0.2081
GLOBAL,PWRBIOCRIXX,2031,0.2081
GLOBAL,PWRBIOCRIXX,2032,0.2081
GLOBAL,PWRBIOCRIXX,2033,0.2081
GLOBAL,PWRBIOCRIXX,2034,0.2081
GLOBAL,PWRBIOCRIXX,2035,0.2081
GLOBAL,PWRBIOCRIXX,2036,0.2081
GLOBAL,PWRBIOCRIXX,2037,0.2081
GLOBAL,PWRBIOCRIXX,2038,0.2081
GLOBAL,PWRBIOCRIXX,2039,0.2081
GLOBAL,PWRBIOCRIXX,2040,0.2081
GLOBAL,PWRBIOCRIXX,2041,0.2081
GLOBAL,PWRBIOCRIXX,2042,0.2081
GLOBAL,PWRBIOCRIXX,2043,0.2081
GLOBAL,PWRBIOCRIXX,2044,0.2081
GLOBAL,PWRBIOCRIXX,2045,0.2081
GLOBAL,PWRBIOCRIXX,2046,0.2081
GLOBAL,PWRBIOCRIXX,2047,0.2081
GLOBAL,PWRBIOCRIXX,2048,0.2081
GLOBAL,PWRBIOCRIXX,2049,0.2081
GLOBAL,PWRBIOCRIXX,2050,0.2081
GLOBAL,PWRBIODOMXX,2023,0.8136
GLOBAL,PWRBIODOMXX,2024,0.8506
GLOBAL,PWRBIODOMXX,2025,0.8506
GLOBAL,PWRBIODOMXX,2026,0.8506
GLOBAL,PWRBIODOMXX,2027,0.8506
GLOBAL,PWRBIODOMXX,2028,0.8506
GLOBAL,PWRBIODOMXX,2029,0.8506
GLOBAL,PWRBIODOMXX,2030,0.8506
GLOBAL,PWRBIODOMXX,2031,0.8506
GLOBAL,PWRBIODOMXX,2032,0.8506
GLOBAL,PWRBIODOMXX,2033,0.8506
GLOBAL,PWRBIODOMXX,2034,0.8506
GLOBAL,PWRBIODOMXX,2035,0.8506
GLOBAL,PWRBIODOMXX,2036,0.8506
GLOBAL,PWRBIODOMXX,2037,0.8506
GLOBAL,PWRBIODOMXX,2038,0.8506
GLOBAL,PWRBIODOMXX,2039,0.8506
GLOBAL,PWRBIODOMXX,2040,0.8506
GLOBAL,PWRBIODOMXX,2041,0.8506
GLOBAL,PWRBIODOMXX,2042,0.8506
GLOBAL,PWRBIODOMXX,2043,0.8506
GLOBAL,PWRBIODOMXX,2044,0.8506
GLOBAL,PWRBIODOMXX,2045,0.8506
GLOBAL,PWRBIODOMXX,2046,0.8506
GLOBAL,PWRBIODOMXX,2047,0.8506
GLOBAL,PWRBIODOMXX,2048,0.8506
GLOBAL,PWRBIODOMXX,2049,0.8506
GLOBAL,PWRBIODOMXX,2050,0.8506
GLOBAL,PWRBIOECUXX,2023,1.2829
GLOBAL,PWRBIOECUXX,2024,1.3045
GLOBAL,PWRBIOECUXX,2025,1.3045
GLOBAL,PWRBIOECUXX,2026,1.3045
GLOBAL,PWRBIOECUXX,2027,1.3045
GLOBAL,PWRBIOECUXX,2028,1.3045
GLOBAL,PWRBIOECUXX,2029,1.3045
GLOBAL,PWRBIOECUXX,2030,1.3045
GLOBAL,PWRBIOECUXX,2031,1.3045
GLOBAL,PWRBIOECUXX,2032,1.3045
GLOBAL,PWRBIOECUXX,2033,1.3045
GLOBAL,PWRBIOECUXX,2034,1.3045
GLOBAL,PWRBIOECUXX,2035,1.3045
GLOBAL,PWRBIOECUXX,2036,1.3045
GLOBAL,PWRBIOECUXX,2037,1.3045
GLOBAL,PWRBIOECUXX,2038,1.3045
GLOBAL,PWRBIOECUXX,2039,1.3045
GLOBAL,PWRBIOECUXX,2040,1.3045
GLOBAL,PWRBIOECUXX,2041,1.3045
GLOBAL,PWRBIOECUXX,2042,1.3045
GLOBAL,PWRBIOECUXX,2043,1.3045
GLOBAL,PWRBIOECUXX,2044,1.3045
GLOBAL,PWRBIOECUXX,2045,1.3045
GLOBAL,PWRBIOECUXX,2046,1.3045
GLOBAL,PWRBIOECUXX,2047,1.3045
GLOBAL,PWRBIOECUXX,2048,1.3045
GLOBAL,PWRBIOECUXX,2049,1.3045
GLOBAL,PWRBIOECUXX,2050,1.3045
GLOBAL,PWRBIOGTMXX,2023,5.936
GLOBAL,PWRBIOGTMXX,2024,6.1518
GLOBAL,PWRBIOGTMXX,2025,6.1518
GLOBAL,PWRBIOGTMXX,2026,6.1518
GLOBAL,PWRBIOGTMXX,2027,6.1518
GLOBAL,PWRBIOGTMXX,2028,6.1518
GLOBAL,PWRBIOGTMXX,2029,6.1518
GLOBAL,PWRBIOGTMXX,2030,6.1518
GLOBAL,PWRBIOGTMXX,2031,6.1518
GLOBAL,PWRBIOGTMXX,2032,6.1518
GLOBAL,PWRBIOGTMXX,2033,6.1518
GLOBAL,PWRBIOGTMXX,2034,6.1518
GLOBAL,PWRBIOGTMXX,2035,6.1518
GLOBAL,PWRBIOGTMXX,2036,6.1518
GLOBAL,PWRBIOGTMXX,2037,6.1518
GLOBAL,PWRBIOGTMXX,2038,6.1518
GLOBAL,PWRBIOGTMXX,2039,6.1518
GLOBAL,PWRBIOGTMXX,2040,6.1518
GLOBAL,PWRBIOGTMXX,2041,6.1518
GLOBAL,PWRBIOGTMXX,2042,6.1518
GLOBAL,PWRBIOGTMXX,2043,6.1518
GLOBAL,PWRBIOGTMXX,2044,6.1518
GLOBAL,PWRBIOGTMXX,2045,6.1518
GLOBAL,PWRBIOGTMXX,2046,6.1518
GLOBAL,PWRBIOGTMXX,2047,6.1518
GLOBAL,PWRBIOGTMXX,2048,6.1518
GLOBAL,PWRBIOGTMXX,2049,6.1518
GLOBAL,PWRBIOGTMXX,2050,6.1518
GLOBAL,PWRBIOHNDXX,2023,2.8725
GLOBAL,PWRBIOHNDXX,2024,2.9648
GLOBAL,PWRBIOHNDXX,2025,2.9648
GLOBAL,PWRBIOHNDXX,2026,2.9648
GLOBAL,PWRBIOHNDXX,2027,2.9648
GLOBAL,PWRBIOHNDXX,2028,2.9648
GLOBAL,PWRBIOHNDXX,2029,2.9648
GLOBAL,PWRBIOHNDXX,2030,2.9648
GLOBAL,PWRBIOHNDXX,2031,2.9648
GLOBAL,PWRBIOHNDXX,2032,2.9648
GLOBAL,PWRBIOHNDXX,2033,2.9648
GLOBAL,PWRBIOHNDXX,2034,2.9648
GLOBAL,PWRBIOHNDXX,2035,2.9648
GLOBAL,PWRBIOHNDXX,2036,2.9648
GLOBAL,PWRBIOHNDXX,2037,2.9648
GLOBAL,PWRBIOHNDXX,2038,2.9648
GLOBAL,PWRBIOHNDXX,2039,2.9648
GLOBAL,PWRBIOHNDXX,2040,2.9648
GLOBAL,PWRBIOHNDXX,2041,2.9648
GLOBAL,PWRBIOHNDXX,2042,2.9648
GLOBAL,PWRBIOHNDXX,2043,2.9648
GLOBAL,PWRBIOHNDXX,2044,2.9648
GLOBAL,PWRBIOHNDXX,2045,2.9648
GLOBAL,PWRBIOHNDXX,2046,2.9648
GLOBAL,PWRBIOHNDXX,2047,2.9648
GLOBAL,PWRBIOHNDXX,2048,2.9648
GLOBAL,PWRBIOHNDXX,2049,2.9648
GLOBAL,PWRBIOHNDXX,2050,2.9648
GLOBAL,PWRBIOMEXXX,2023,7.8419
GLOBAL,PWRBIOMEXXX,2024,8.072
GLOBAL,PWRBIOMEXXX,2025,8.072
GLOBAL,PWRBIOMEXXX,2026,8.072
GLOBAL,PWRBIOMEXXX,2027,8.072
GLOBAL,PWRBIOMEXXX,2028,8.072
GLOBAL,PWRBIOMEXXX,2029,8.072
GLOBAL,PWRBIOMEXXX,2030,8.072
GLOBAL,PWRBIOMEXXX,2031,8.072
GLOBAL,PWRBIOMEXXX,2032,8.072
GLOBAL,PWRBIOMEXXX,2033,8.072
GLOBAL,PWRBIOMEXXX,2034,8.072
GLOBAL,PWRBIOMEXXX,2035,8.072
GLOBAL,PWRBIOMEXXX,2036,8.072
GLOBAL,PWRBIOMEXXX,2037,8.072
GLOBAL,PWRBIOMEXXX,2038,8.072
GLOBAL,PWRBIOMEXXX,2039,8.072
GLOBAL,PWRBIOMEXXX,2040,8.072
GLOBAL,PWRBIOMEXXX,2041,8.072
GLOBAL,PWRBIOMEXXX,2042,8.072
GLOBAL,PWRBIOMEXXX,2043,8.072
GLOBAL,PWRBIOMEXXX,2044,8.072
GLOBAL,PWRBIOMEXXX,2045,8.072
GLOBAL,PWRBIOMEXXX,2046,8.072
GLOBAL,PWRBIOMEXXX,2047,8.072
GLOBAL,PWRBIOMEXXX,2048,8.072
GLOBAL,PWRBIOMEXXX,2049,8.072
GLOBAL,PWRBIOMEXXX,2050,8.072
GLOBAL,PWRBIONICXX,2023,3.2931
GLOBAL,PWRBIONICXX,2024,3.4371
GLOBAL,PWRBIONICXX,2025,3.4371
GLOBAL,PWRBIONICXX,2026,3.4371
GLOBAL,PWRBIONICXX,2027,3.4371
GLOBAL,PWRBIONICXX,2028,3.4371
GLOBAL,PWRBIONICXX,2029,3.4371
GLOBAL,PWRBIONICXX,2030,3.4371
GLOBAL,PWRBIONICXX,2031,3.4371
GLOBAL,PWRBIONICXX,2032,3.4371
GLOBAL,PWRBIONICXX,2033,3.4371
GLOBAL,PWRBIONICXX,2034,3.4371
GLOBAL,PWRBIONICXX,2035,3.4371
GLOBAL,PWRBIONICXX,2036,3.4371
GLOBAL,PWRBIONICXX,2037,3.4371
GLOBAL,PWRBIONICXX,2038,3.4371
GLOBAL,PWRBIONICXX,2039,3.4371
GLOBAL,PWRBIONICXX,2040,3.4371
GLOBAL,PWRBIONICXX,2041,3.4371
GLOBAL,PWRBIONICXX,2042,3.4371
GLOBAL,PWRBIONICXX,2043,3.4371
GLOBAL,PWRBIONICXX,2044,3.4371
GLOBAL,PWRBIONICXX,2045,3.4371
GLOBAL,PWRBIONICXX,2046,3.4371
GLOBAL,PWRBIONICXX,2047,3.4371
GLOBAL,PWRBIONICXX,2048,3.4371
GLOBAL,PWRBIONICXX,2049,3.4371
GLOBAL,PWRBIONICXX,2050,3.4371
GLOBAL,PWRBIOPANXX,2023,0.175
GLOBAL,PWRBIOPANXX,2024,0.1882
GLOBAL,PWRBIOPANXX,2025,0.1882
GLOBAL,PWRBIOPANXX,2026,0.1882
GLOBAL,PWRBIOPANXX,2027,0.1882
GLOBAL,PWRBIOPANXX,2028,0.1882
GLOBAL,PWRBIOPANXX,2029,0.1882
GLOBAL,PWRBIOPANXX,2030,0.1882
GLOBAL,PWRBIOPANXX,2031,0.1882
GLOBAL,PWRBIOPANXX,2032,0.1882
GLOBAL,PWRBIOPANXX,2033,0.1882
GLOBAL,PWRBIOPANXX,2034,0.1882
GLOBAL,PWRBIOPANXX,2035,0.1882
GLOBAL,PWRBIOPANXX,2036,0.1882
GLOBAL,PWRBIOPANXX,2037,0.1882
GLOBAL,PWRBIOPANXX,2038,0.1882
GLOBAL,PWRBIOPANXX,2039,0.1882
GLOBAL,PWRBIOPANXX,2040,0.1882
GLOBAL,PWRBIOPANXX,2041,0.1882
GLOBAL,PWRBIOPANXX,2042,0.1882
GLOBAL,PWRBIOPANXX,2043,0.1882
GLOBAL,PWRBIOPANXX,2044,0.1882
GLOBAL,PWRBIOPANXX,2045,0.1882
GLOBAL,PWRBIOPANXX,2046,0.1882
GLOBAL,PWRBIOPANXX,2047,0.1882
GLOBAL,PWRBIOPANXX,2048,0.1882
GLOBAL,PWRBIOPANXX,2049,0.1882
GLOBAL,PWRBIOPANXX,2050,0.1882
GLOBAL,PWRBIOPERXX,2023,2.1944
GLOBAL,PWRBIOPERXX,2024,2.2842
GLOBAL,PWRBIOPERXX,2025,2.2842
GLOBAL,PWRBIOPERXX,2026,2.2842
GLOBAL,PWRBIOPERXX,2027,2.2842
GLOBAL,PWRBIOPERXX,2028,2.2842
GLOBAL,PWRBIOPERXX,2029,2.2842
GLOBAL,PWRBIOPERXX,2030,2.2842
GLOBAL,PWRBIOPERXX,2031,2.2842
GLOBAL,PWRBIOPERXX,2032,2.2842
GLOBAL,PWRBIOPERXX,2033,2.2842
GLOBAL,PWRBIOPERXX,2034,2.2842
GLOBAL,PWRBIOPERXX,2035,2.2842
GLOBAL,PWRBIOPERXX,2036,2.2842
GLOBAL,PWRBIOPERXX,2037,2.2842
GLOBAL,PWRBIOPERXX,2038,2.2842
GLOBAL,PWRBIOPERXX,2039,2.2842
GLOBAL,PWRBIOPERXX,2040,2.2842
GLOBAL,PWRBIOPERXX,2041,2.2842
GLOBAL,PWRBIOPERXX,2042,2.2842
GLOBAL,PWRBIOPERXX,2043,2.2842
GLOBAL,PWRBIOPERXX,2044,2.2842
GLOBAL,PWRBIOPERXX,2045,2.2842
GLOBAL,PWRBIOPERXX,2046,2.2842
GLOBAL,PWRBIOPERXX,2047,2.2842
GLOBAL,PWRBIOPERXX,2048,2.2842
GLOBAL,PWRBIOPERXX,2049,2.2842
GLOBAL,PWRBIOPERXX,2050,2.2842
GLOBAL,PWRBIOPRYXX,2023,0.8239
GLOBAL,PWRBIOPRYXX,2024,0.6229
GLOBAL,PWRBIOPRYXX,2025,0.6229
GLOBAL,PWRBIOPRYXX,2026,0.6229
GLOBAL,PWRBIOPRYXX,2027,0.6229
GLOBAL,PWRBIOPRYXX,2028,0.6229
GLOBAL,PWRBIOPRYXX,2029,0.6229
GLOBAL,PWRBIOPRYXX,2030,0.6229
GLOBAL,PWRBIOPRYXX,2031,0.6229
GLOBAL,PWRBIOPRYXX,2032,0.6229
GLOBAL,PWRBIOPRYXX,2033,0.6229
GLOBAL,PWRBIOPRYXX,2034,0.6229
GLOBAL,PWRBIOPRYXX,2035,0.6229
GLOBAL,PWRBIOPRYXX,2036,0.6229
GLOBAL,PWRBIOPRYXX,2037,0.6229
GLOBAL,PWRBIOPRYXX,2038,0.6229
GLOBAL,PWRBIOPRYXX,2039,0.6229
GLOBAL,PWRBIOPRYXX,2040,0.6229
GLOBAL,PWRBIOPRYXX,2041,0.6229
GLOBAL,PWRBIOPRYXX,2042,0.6229
GLOBAL,PWRBIOPRYXX,2043,0.6229
GLOBAL,PWRBIOPRYXX,2044,0.6229
GLOBAL,PWRBIOPRYXX,2045,0.6229
GLOBAL,PWRBIOPRYXX,2046,0.6229
GLOBAL,PWRBIOPRYXX,2047,0.6229
GLOBAL,PWRBIOPRYXX,2048,0.6229
GLOBAL,PWRBIOPRYXX,2049,0.6229
GLOBAL,PWRBIOPRYXX,2050,0.6229
GLOBAL,PWRBIOSLVXX,2023,2.0008
GLOBAL,PWRBIOSLVXX,2024,1.9593
GLOBAL,PWRBIOSLVXX,2025,1.9593
GLOBAL,PWRBIOSLVXX,2026,1.9593
GLOBAL,PWRBIOSLVXX,2027,1.9593
GLOBAL,PWRBIOSLVXX,2028,1.9593
GLOBAL,PWRBIOSLVXX,2029,1.9593
GLOBAL,PWRBIOSLVXX,2030,1.9593
GLOBAL,PWRBIOSLVXX,2031,1.9593
GLOBAL,PWRBIOSLVXX,2032,1.9593
GLOBAL,PWRBIOSLVXX,2033,1.9593
GLOBAL,PWRBIOSLVXX,2034,1.9593
GLOBAL,PWRBIOSLVXX,2035,1.9593
GLOBAL,PWRBIOSLVXX,2036,1.9593
GLOBAL,PWRBIOSLVXX,2037,1.9593
GLOBAL,PWRBIOSLVXX,2038,1.9593
GLOBAL,PWRBIOSLVXX,2039,1.9593
GLOBAL,PWRBIOSLVXX,2040,1.9593
GLOBAL,PWRBIOSLVXX,2041,1.9593
GLOBAL,PWRBIOSLVXX,2042,1.9593
GLOBAL,PWRBIOSLVXX,2043,1.9593
GLOBAL,PWRBIOSLVXX,2044,1.9593
GLOBAL,PWRBIOSLVXX,2045,1.9593
GLOBAL,PWRBIOSLVXX,2046,1.9593
GLOBAL,PWRBIOSLVXX,2047,1.9593
GLOBAL,PWRBIOSLVXX,2048,1.9593
GLOBAL,PWRBIOSLVXX,2049,1.9593
GLOBAL,PWRBIOSLVXX,2050,1.9593
GLOBAL,PWRBIOURYXX,2023,11.1005
GLOBAL,PWRBIOURYXX,2024,13.2312
GLOBAL,PWRBIOURYXX,2025,13.6144
GLOBAL,PWRBIOURYXX,2026,14.1198
GLOBAL,PWRBIOURYXX,2027,14.1198
GLOBAL,PWRBIOURYXX,2028,14.1198
GLOBAL,PWRBIOURYXX,2029,14.1198
GLOBAL,PWRBIOURYXX,2030,14.1198
GLOBAL,PWRBIOURYXX,2031,14.1198
GLOBAL,PWRBIOURYXX,2032,14.1198
GLOBAL,PWRBIOURYXX,2033,14.1198
GLOBAL,PWRBIOURYXX,2034,14.1198
GLOBAL,PWRBIOURYXX,2035,14.1198
GLOBAL,PWRBIOURYXX,2036,14.1198
GLOBAL,PWRBIOURYXX,2037,14.1198
GLOBAL,PWRBIOURYXX,2038,14.1198
GLOBAL,PWRBIOURYXX,2039,14.1198
GLOBAL,PWRBIOURYXX,2040,14.1198
GLOBAL,PWRBIOURYXX,2041,14.1198
GLOBAL,PWRBIOURYXX,2042,14.1198
GLOBAL,PWRBIOURYXX,2043,14.1198
GLOBAL,PWRBIOURYXX,2044,14.1198
GLOBAL,PWRBIOURYXX,2045,14.1198
GLOBAL,PWRBIOURYXX,2046,14.1198
GLOBAL,PWRBIOURYXX,2047,14.1198
GLOBAL,PWRBIOURYXX,2048,14.1198
GLOBAL,PWRBIOURYXX,2049,14.1198
GLOBAL,PWRBIOURYXX,2050,14.1198
GLOBAL,PWRCOAARGXX,2023,3.6162
GLOBAL,PWRCOAARGXX,2024,3.823
GLOBAL,PWRCOAARGXX,2025,3.823
GLOBAL,PWRCOAARGXX,2026,3.823
GLOBAL,PWRCOABRAXX,2023,31.5709
GLOBAL,PWRCOABRAXX,2024,32.4974
GLOBAL,PWRCOABRAXX,2025,32.4974
GLOBAL,PWRCOABRAXX,2026,32.4974
GLOBAL,PWRCOACHLXX,2023,51.408
GLOBAL,PWRCOACHLXX,2024,53.2797
GLOBAL,PWRCOACHLXX,2025,53.2797
GLOBAL,PWRCOACHLXX,2026,53.2797
GLOBAL,PWRCOACOLXX,2023,26.7865
GLOBAL,PWRCOACOLXX,2024,27.5926
GLOBAL,PWRCOACOLXX,2025,27.5926
GLOBAL,PWRCOACOLXX,2026,27.5926
GLOBAL,PWRCOADOMXX,2023,26.7163
GLOBAL,PWRCOADOMXX,2024,27.9328
GLOBAL,PWRCOADOMXX,2025,27.9328
GLOBAL,PWRCOADOMXX,2026,27.9328
GLOBAL,PWRCOAGTMXX,2023,8.302
GLOBAL,PWRCOAGTMXX,2024,8.6039
GLOBAL,PWRCOAGTMXX,2025,8.6039
GLOBAL,PWRCOAGTMXX,2026,8.6039
GLOBAL,PWRCOAMEXXX,2023,51.2278
GLOBAL,PWRCOAMEXXX,2024,52.7313
GLOBAL,PWRCOAMEXXX,2025,52.7313
GLOBAL,PWRCOAMEXXX,2026,52.7313
GLOBAL,PWRCOAPANXX,2023,7.6317
GLOBAL,PWRCOAPANXX,2024,8.2064
GLOBAL,PWRCOAPANXX,2025,8.2064
GLOBAL,PWRCOAPANXX,2026,8.2064
GLOBAL,PWRCOAPERXX,2023,0.0788
GLOBAL,PWRCOAPERXX,2024,0.082
GLOBAL,PWRCOAPERXX,2025,0.082
GLOBAL,PWRCOAPERXX,2026,0.082
GLOBAL,PWRGEOCHLXX,2023,2.4182
GLOBAL,PWRGEOCHLXX,2024,2.5062
GLOBAL,PWRGEOCHLXX,2025,2.5062
GLOBAL,PWRGEOCHLXX,2026,2.5062
GLOBAL,PWRGEOCHLXX,2027,2.5062
GLOBAL,PWRGEOCHLXX,2028,2.5062
GLOBAL,PWRGEOCHLXX,2029,2.5062
GLOBAL,PWRGEOCHLXX,2030,2.5062
GLOBAL,PWRGEOCHLXX,2031,2.5062
GLOBAL,PWRGEOCHLXX,2032,2.5062
GLOBAL,PWRGEOCHLXX,2033,2.5062
GLOBAL,PWRGEOCHLXX,2034,2.5062
GLOBAL,PWRGEOCHLXX,2035,2.5062
GLOBAL,PWRGEOCHLXX,2036,2.5062
GLOBAL,PWRGEOCHLXX,2037,2.5062
GLOBAL,PWRGEOCHLXX,2038,2.5062
GLOBAL,PWRGEOCHLXX,2039,2.5062
GLOBAL,PWRGEOCHLXX,2040,2.5062
GLOBAL,PWRGEOCHLXX,2041,2.5062
GLOBAL,PWRGEOCHLXX,2042,2.5062
GLOBAL,PWRGEOCHLXX,2043,2.5062
GLOBAL,PWRGEOCHLXX,2044,2.5062
GLOBAL,PWRGEOCHLXX,2045,2.5062
GLOBAL,PWRGEOCHLXX,2046,2.5062
GLOBAL,PWRGEOCHLXX,2047,2.5062
GLOBAL,PWRGEOCHLXX,2048,2.5062
GLOBAL,PWRGEOCHLXX,2049,2.5062
GLOBAL,PWRGEOCHLXX,2050,2.5062
GLOBAL,PWRGEOCRIXX,2023,5.3249
GLOBAL,PWRGEOCRIXX,2024,5.5777
GLOBAL,PWRGEOCRIXX,2025,5.5777
GLOBAL,PWRGEOCRIXX,2026,5.5777
GLOBAL,PWRGEOCRIXX,2027,5.5777
GLOBAL,PWRGEOCRIXX,2028,5.5777
GLOBAL,PWRGEOCRIXX,2029,5.5777
GLOBAL,PWRGEOCRIXX,2030,5.5777
GLOBAL,PWRGEOCRIXX,2031,5.5777
GLOBAL,PWRGEOCRIXX,2032,5.5777
GLOBAL,PWRGEOCRIXX,2033,5.5777
GLOBAL,PWRGEOCRIXX,2034,5.5777
GLOBAL,PWRGEOCRIXX,2035,5.5777
GLOBAL,PWRGEOCRIXX,2036,5.5777
GLOBAL,PWRGEOCRIXX,2037,5.5777
GLOBAL,PWRGEOCRIXX,2038,5.5777
GLOBAL,PWRGEOCRIXX,2039,5.5777
GLOBAL,PWRGEOCRIXX,2040,5.5777
GLOBAL,PWRGEOCRIXX,2041,5.5777
GLOBAL,PWRGEOCRIXX,2042,5.5777
GLOBAL,PWRGEOCRIXX,2043,5.5777
GLOBAL,PWRGEOCRIXX,2044,5.5777
GLOBAL,PWRGEOCRIXX,2045,5.5777
GLOBAL,PWRGEOCRIXX,2046,5.5777
GLOBAL,PWRGEOCRIXX,2047,5.5777
GLOBAL,PWRGEOCRIXX,2048,5.5777
GLOBAL,PWRGEOCRIXX,2049,5.5777
GLOBAL,PWRGEOCRIXX,2050,5.5777
GLOBAL,PWRGEOGTMXX,2023,1.0275
GLOBAL,PWRGEOGTMXX,2024,1.0649
GLOBAL,PWRGEOGTMXX,2025,1.0649
GLOBAL,PWRGEOGTMXX,2026,1.0649
GLOBAL,PWRGEOGTMXX,2027,1.0649
GLOBAL,PWRGEOGTMXX,2028,1.0649
GLOBAL,PWRGEOGTMXX,2029,1.0649
GLOBAL,PWRGEOGTMXX,2030,1.0649
GLOBAL,PWRGEOGTMXX,2031,1.0649
GLOBAL,PWRGEOGTMXX,2032,1.0649
GLOBAL,PWRGEOGTMXX,2033,1.0649
GLOBAL,PWRGEOGTMXX,2034,1.0649
GLOBAL,PWRGEOGTMXX,2035,1.0649
GLOBAL,PWRGEOGTMXX,2036,1.0649
GLOBAL,PWRGEOGTMXX,2037,1.0649
GLOBAL,PWRGEOGTMXX,2038,1.0649
GLOBAL,PWRGEOGTMXX,2039,1.0649
GLOBAL,PWRGEOGTMXX,2040,1.0649
GLOBAL,PWRGEOGTMXX,2041,1.0649
GLOBAL,PWRGEOGTMXX,2042,1.0649
GLOBAL,PWRGEOGTMXX,2043,1.0649
GLOBAL,PWRGEOGTMXX,2044,1.0649
GLOBAL,PWRGEOGTMXX,2045,1.0649
GLOBAL,PWRGEOGTMXX,2046,1.0649
GLOBAL,PWRGEOGTMXX,2047,1.0649
GLOBAL,PWRGEOGTMXX,2048,1.0649
GLOBAL,PWRGEOGTMXX,2049,1.0649
GLOBAL,PWRGEOGTMXX,2050,1.0649
GLOBAL,PWRGEOHNDXX,2023,1.1458
GLOBAL,PWRGEOHNDXX,2024,1.1826
GLOBAL,PWRGEOHNDXX,2025,1.1826
GLOBAL,PWRGEOHNDXX,2026,1.1826
GLOBAL,PWRGEOHNDXX,2027,1.1826
GLOBAL,PWRGEOHNDXX,2028,1.1826
GLOBAL,PWRGEOHNDXX,2029,1.1826
GLOBAL,PWRGEOHNDXX,2030,1.1826
GLOBAL,PWRGEOHNDXX,2031,1.1826
GLOBAL,PWRGEOHNDXX,2032,1.1826
GLOBAL,PWRGEOHNDXX,2033,1.1826
GLOBAL,PWRGEOHNDXX,2034,1.1826
GLOBAL,PWRGEOHNDXX,2035,1.1826
GLOBAL,PWRGEOHNDXX,2036,1.1826
GLOBAL,PWRGEOHNDXX,2037,1.1826
GLOBAL,PWRGEOHNDXX,2038,1.1826
GLOBAL,PWRGEOHNDXX,2039,1.1826
GLOBAL,PWRGEOHNDXX,2040,1.1826
GLOBAL,PWRGEOHNDXX,2041,1.1826
GLOBAL,PWRGEOHNDXX,2042,1.1826
GLOBAL,PWRGEOHNDXX,2043,1.1826
GLOBAL,PWRGEOHNDXX,2044,1.1826
GLOBAL,PWRGEOHNDXX,2045,1.1826
GLOBAL,PWRGEOHNDXX,2046,1.1826
GLOBAL,PWRGEOHNDXX,2047,1.1826
GLOBAL,PWRGEOHNDXX,2048,1.1826
GLOBAL,PWRGEOHNDXX,2049,1.1826
GLOBAL,PWRGEOHNDXX,2050,1.1826
GLOBAL,PWRGEOMEXXX,2023,14.9795
GLOBAL,PWRGEOMEXXX,2024,15.4192
GLOBAL,PWRGEOMEXXX,2025,15.4192
GLOBAL,PWRGEOMEXXX,2026,15.4192
GLOBAL,PWRGEOMEXXX,2027,15.4192
GLOBAL,PWRGEOMEXXX,2028,15.4192
GLOBAL,PWRGEOMEXXX,2029,15.4192
GLOBAL,PWRGEOMEXXX,2030,15.4192
GLOBAL,PWRGEOMEXXX,2031,15.4192
GLOBAL,PWRGEOMEXXX,2032,15.4192
GLOBAL,PWRGEOMEXXX,2033,15.4192
GLOBAL,PWRGEOMEXXX,2034,15.4192
GLOBAL,PWRGEOMEXXX,2035,15.4192
GLOBAL,PWRGEOMEXXX,2036,15.4192
GLOBAL,PWRGEOMEXXX,2037,15.4192
GLOBAL,PWRGEOMEXXX,2038,15.4192
GLOBAL,PWRGEOMEXXX,2039,15.4192
GLOBAL,PWRGEOMEXXX,2040,15.4192
GLOBAL,PWRGEOMEXXX,2041,15.4192
GLOBAL,PWRGEOMEXXX,2042,15.4192
GLOBAL,PWRGEOMEXXX,2043,15.4192
GLOBAL,PWRGEOMEXXX,2044,15.4192
GLOBAL,PWRGEOMEXXX,2045,15.4192
GLOBAL,PWRGEOMEXXX,2046,15.4192
GLOBAL,PWRGEOMEXXX,2047,15.4192
GLOBAL,PWRGEOMEXXX,2048,15.4192
GLOBAL,PWRGEOMEXXX,2049,15.4192
GLOBAL,PWRGEOMEXXX,2050,15.4192
GLOBAL,PWRGEONICXX,2023,2.7047
GLOBAL,PWRGEONICXX,2024,2.8229
GLOBAL,PWRGEONICXX,2025,2.8229
GLOBAL,PWRGEONICXX,2026,2.8229
GLOBAL,PWRGEONICXX,2027,2.8229
GLOBAL,PWRGEONICXX,2028,2.8229
GLOBAL,PWRGEONICXX,2029,2.8229
GLOBAL,PWRGEONICXX,2030,2.8229
GLOBAL,PWRGEONICXX,2031,2.8229
GLOBAL,PWRGEONICXX,2032,2.8229
GLOBAL,PWRGEONICXX,2033,2.8229
GLOBAL,PWRGEONICXX,2034,2.8229
GLOBAL,PWRGEONICXX,2035,2.8229
GLOBAL,PWRGEONICXX,2036,2.8229
GLOBAL,PWRGEONICXX,2037,2.8229
GLOBAL,PWRGEONICXX,2038,2.8229
GLOBAL,PWRGEONICXX,2039,2.8229
GLOBAL,PWRGEONICXX,2040,2.8229
GLOBAL,PWRGEONICXX,2041,2.8229
GLOBAL,PWRGEONICXX,2042,2.8229
GLOBAL,PWRGEONICXX,2043,2.8229
GLOBAL,PWRGEONICXX,2044,2.8229
GLOBAL,PWRGEONICXX,2045,2.8229
GLOBAL,PWRGEONICXX,2046,2.8229
GLOBAL,PWRGEONICXX,2047,2.8229
GLOBAL,PWRGEONICXX,2048,2.8229
GLOBAL,PWRGEONICXX,2049,2.8229
GLOBAL,PWRGEONICXX,2050,2.8229
GLOBAL,PWRGEOSLVXX,2023,5.3384
GLOBAL,PWRGEOSLVXX,2024,5.2274
GLOBAL,PWRGEOSLVXX,2025,5.2274
GLOBAL,PWRGEOSLVXX,2026,5.2274
GLOBAL,PWRGEOSLVXX,2027,5.2274
GLOBAL,PWRGEOSLVXX,2028,5.2274
GLOBAL,PWRGEOSLVXX,2029,5.2274
GLOBAL,PWRGEOSLVXX,2030,5.2274
GLOBAL,PWRGEOSLVXX,2031,5.2274
GLOBAL,PWRGEOSLVXX,2032,5.2274
GLOBAL,PWRGEOSLVXX,2033,5.2274
GLOBAL,PWRGEOSLVXX,2034,5.2274
GLOBAL,PWRGEOSLVXX,2035,5.2274
GLOBAL,PWRGEOSLVXX,2036,5.2274
GLOBAL,PWRGEOSLVXX,2037,5.2274
GLOBAL,PWRGEOSLVXX,2038,5.2274
GLOBAL,PWRGEOSLVXX,2039,5.2274
GLOBAL,PWRGEOSLVXX,2040,5.2274
GLOBAL,PWRGEOSLVXX,2041,5.2274
GLOBAL,PWRGEOSLVXX,2042,5.2274
GLOBAL,PWRGEOSLVXX,2043,5.2274
GLOBAL,PWRGEOSLVXX,2044,5.2274
GLOBAL,PWRGEOSLVXX,2045,5.2274
GLOBAL,PWRGEOSLVXX,2046,5.2274
GLOBAL,PWRGEOSLVXX,2047,5.2274
GLOBAL,PWRGEOSLVXX,2048,5.2274
GLOBAL,PWRGEOSLVXX,2049,5.2274
GLOBAL,PWRGEOSLVXX,2050,5.2274
GLOBAL,PWRHYDARGXX,2023,106.312
GLOBAL,PWRHYDARGXX,2024,112.393
GLOBAL,PWRHYDARGXX,2025,112.393
GLOBAL,PWRHYDARGXX,2026,112.393
GLOBAL,PWRHYDARGXX,2027,112.393
GLOBAL,PWRHYDARGXX,2028,112.393
GLOBAL,PWRHYDARGXX,2029,112.393
GLOBAL,PWRHYDARGXX,2030,112.393
GLOBAL,PWRHYDARGXX,2031,112.393
GLOBAL,PWRHYDARGXX,2032,112.393
GLOBAL,PWRHYDARGXX,2033,112.393
GLOBAL,PWRHYDARGXX,2034,112.393
GLOBAL,PWRHYDARGXX,2035,112.393
GLOBAL,PWRHYDARGXX,2036,112.393
GLOBAL,PWRHYDARGXX,2037,112.393
GLOBAL,PWRHYDARGXX,2038,112.393
GLOBAL,PWRHYDARGXX,2039,112.393
GLOBAL,PWRHYDARGXX,2040,112.393
GLOBAL,PWRHYDARGXX,2041,112.393
GLOBAL,PWRHYDARGXX,2042,112.393
GLOBAL,PWRHYDARGXX,2043,112.393
GLOBAL,PWRHYDARGXX,2044,112.393
GLOBAL,PWRHYDARGXX,2045,112.393
GLOBAL,PWRHYDARGXX,2046,112.393
GLOBAL,PWRHYDARGXX,2047,112.393
GLOBAL,PWRHYDARGXX,2048,112.393
GLOBAL,PWRHYDARGXX,2049,112.393
GLOBAL,PWRHYDARGXX,2050,112.393
GLOBAL,PWRHYDBOLXX,2023,8.3647
GLOBAL,PWRHYDBOLXX,2024,8.9743
GLOBAL,PWRHYDBOLXX,2025,8.9743
GLOBAL,PWRHYDBOLXX,2026,8.9743
GLOBAL,PWRHYDBOLXX,2027,8.9743
GLOBAL,PWRHYDBOLXX,2028,8.9743
GLOBAL,PWRHYDBOLXX,2029,8.9743
GLOBAL,PWRHYDBOLXX,2030,8.9743
GLOBAL,PWRHYDBOLXX,2031,8.9743
GLOBAL,PWRHYDBOLXX,2032,8.9743
GLOBAL,PWRHYDBOLXX,2033,8.9743
GLOBAL,PWRHYDBOLXX,2034,8.9743
GLOBAL,PWRHYDBOLXX,2035,8.9743
GLOBAL,PWRHYDBOLXX,2036,8.9743
GLOBAL,PWRHYDBOLXX,2037,8.9743
GLOBAL,PWRHYDBOLXX,2038,8.9743
GLOBAL,PWRHYDBOLXX,2039,8.9743
GLOBAL,PWRHYDBOLXX,2040,8.9743
GLOBAL,PWRHYDBOLXX,2041,8.9743
GLOBAL,PWRHYDBOLXX,2042,8.9743
GLOBAL,PWRHYDBOLXX,2043,8.9743
GLOBAL,PWRHYDBOLXX,2044,8.9743
GLOBAL,PWRHYDBOLXX,2045,8.9743
GLOBAL,PWRHYDBOLXX,2046,8.9743
GLOBAL,PWRHYDBOLXX,2047,8.9743
GLOBAL,PWRHYDBOLXX,2048,8.9743
GLOBAL,PWRHYDBOLXX,2049,8.9743
GLOBAL,PWRHYDBOLXX,2050,8.9743
GLOBAL,PWRHYDBRAXX,2023,1533.59
GLOBAL,PWRHYDBRAXX,2024,1578.59
GLOBAL,PWRHYDBRAXX,2025,1578.59
GLOBAL,PWRHYDBRAXX,2026,1578.59
GLOBAL,PWRHYDBRAXX,2027,1578.59
GLOBAL,PWRHYDBRAXX,2028,1578.59
GLOBAL,PWRHYDBRAXX,2029,1578.59
GLOBAL,PWRHYDBRAXX,2030,1578.59
GLOBAL,PWRHYDBRAXX,2031,1578.59
GLOBAL,PWRHYDBRAXX,2032,1578.59
GLOBAL,PWRHYDBRAXX,2033,1578.59
GLOBAL,PWRHYDBRAXX,2034,1578.59
GLOBAL,PWRHYDBRAXX,2035,1578.59
GLOBAL,PWRHYDBRAXX,2036,1578.59
GLOBAL,PWRHYDBRAXX,2037,1578.59
GLOBAL,PWRHYDBRAXX,2038,1578.59
GLOBAL,PWRHYDBRAXX,2039,1578.59
GLOBAL,PWRHYDBRAXX,2040,1578.59
GLOBAL,PWRHYDBRAXX,2041,1578.59
GLOBAL,PWRHYDBRAXX,2042,1578.59
GLOBAL,PWRHYDBRAXX,2043,1578.59
GLOBAL,PWRHYDBRAXX,2044,1578.59
GLOBAL,PWRHYDBRAXX,2045,1578.59
GLOBAL,PWRHYDBRAXX,2046,1578.59
GLOBAL,PWRHYDBRAXX,2047,1578.59
GLOBAL,PWRHYDBRAXX,2048,1578.59
GLOBAL,PWRHYDBRAXX,2049,1578.59
GLOBAL,PWRHYDBRAXX,2050,1578.59
GLOBAL,PWRHYDCHLXX,2023,82.8017
GLOBAL,PWRHYDCHLXX,2024,85.8164
GLOBAL,PWRHYDCHLXX,2025,85.8164
GLOBAL,PWRHYDCHLXX,2026,85.8164
GLOBAL,PWRHYDCHLXX,2027,85.8164
GLOBAL,PWRHYDCHLXX,2028,85.8164
GLOBAL,PWRHYDCHLXX,2029,85.8164
GLOBAL,PWRHYDCHLXX,2030,85.8164
GLOBAL,PWRHYDCHLXX,2031,85.8164
GLOBAL,PWRHYDCHLXX,2032,85.8164
GLOBAL,PWRHYDCHLXX,2033,85.8164
GLOBAL,PWRHYDCHLXX,2034,85.8164
GLOBAL,PWRHYDCHLXX,2035,85.8164
GLOBAL,PWRHYDCHLXX,2036,85.8164
GLOBAL,PWRHYDCHLXX,2037,85.8164
GLOBAL,PWRHYDCHLXX,2038,85.8164
GLOBAL,PWRHYDCHLXX,2039,85.8164
GLOBAL,PWRHYDCHLXX,2040,85.8164
GLOBAL,PWRHYDCHLXX,2041,85.8164
GLOBAL,PWRHYDCHLXX,2042,85.8164
GLOBAL,PWRHYDCHLXX,2043,85.8164
GLOBAL,PWRHYDCHLXX,2044,85.8164
GLOBAL,PWRHYDCHLXX,2045,85.8164
GLOBAL,PWRHYDCHLXX,2046,85.8164
GLOBAL,PWRHYDCHLXX,2047,85.8164
GLOBAL,PWRHYDCHLXX,2048,85.8164
GLOBAL,PWRHYDCHLXX,2049,85.8164
GLOBAL,PWRHYDCHLXX,2050,85.8164
GLOBAL,PWRHYDCOLXX,2023,215.123
GLOBAL,PWRHYDCOLXX,2024,221.597
GLOBAL,PWRHYDCOLXX,2025,221.597
GLOBAL,PWRHYDCOLXX,2026,221.597
GLOBAL,PWRHYDCOLXX,2027,221.597
GLOBAL,PWRHYDCOLXX,2028,221.597
GLOBAL,PWRHYDCOLXX,2029,221.597
GLOBAL,PWRHYDCOLXX,2030,221.597
GLOBAL,PWRHYDCOLXX,2031,221.597
GLOBAL,PWRHYDCOLXX,2032,221.597
GLOBAL,PWRHYDCOLXX,2033,221.597
GLOBAL,PWRHYDCOLXX,2034,221.597
GLOBAL,PWRHYDCOLXX,2035,221.597
GLOBAL,PWRHYDCOLXX,2036,221.597
GLOBAL,PWRHYDCOLXX,2037,221.597
GLOBAL,PWRHYDCOLXX,2038,221.597
GLOBAL,PWRHYDCOLXX,2039,221.597
GLOBAL,PWRHYDCOLXX,2040,221.597
GLOBAL,PWRHYDCOLXX,2041,221.597
GLOBAL,PWRHYDCOLXX,2042,221.597
GLOBAL,PWRHYDCOLXX,2043,221.597
GLOBAL,PWRHYDCOLXX,2044,221.597
GLOBAL,PWRHYDCOLXX,2045,221.597
GLOBAL,PWRHYDCOLXX,2046,221.597
GLOBAL,PWRHYDCOLXX,2047,221.597
GLOBAL,PWRHYDCOLXX,2048,221.597
GLOBAL,PWRHYDCOLXX,2049,221.597
GLOBAL,PWRHYDCOLXX,2050,221.597
GLOBAL,PWRHYDCRIXX,2023,29.9752
GLOBAL,PWRHYDCRIXX,2024,31.3979
GLOBAL,PWRHYDCRIXX,2025,31.3979
GLOBAL,PWRHYDCRIXX,2026,31.3979
GLOBAL,PWRHYDCRIXX,2027,31.3979
GLOBAL,PWRHYDCRIXX,2028,31.3979
GLOBAL,PWRHYDCRIXX,2029,31.3979
GLOBAL,PWRHYDCRIXX,2030,31.3979
GLOBAL,PWRHYDCRIXX,2031,31.3979
GLOBAL,PWRHYDCRIXX,2032,31.3979
GLOBAL,PWRHYDCRIXX,2033,31.3979
GLOBAL,PWRHYDCRIXX,2034,31.3979
GLOBAL,PWRHYDCRIXX,2035,31.3979
GLOBAL,PWRHYDCRIXX,2036,31.3979
GLOBAL,PWRHYDCRIXX,2037,31.3979
GLOBAL,PWRHYDCRIXX,2038,31.3979
GLOBAL,PWRHYDCRIXX,2039,31.3979
GLOBAL,PWRHYDCRIXX,2040,31.3979
GLOBAL,PWRHYDCRIXX,2041,31.3979
GLOBAL,PWRHYDCRIXX,2042,31.3979
GLOBAL,PWRHYDCRIXX,2043,31.3979
GLOBAL,PWRHYDCRIXX,2044,31.3979
GLOBAL,PWRHYDCRIXX,2045,31.3979
GLOBAL,PWRHYDCRIXX,2046,31.3979
GLOBAL,PWRHYDCRIXX,2047,31.3979
GLOBAL,PWRHYDCRIXX,2048,31.3979
GLOBAL,PWRHYDCRIXX,2049,31.3979
GLOBAL,PWRHYDCRIXX,2050,31.3979
GLOBAL,PWRHYDDOMXX,2023,4.1648
GLOBAL,PWRHYDDOMXX,2024,4.3544
GLOBAL,PWRHYDDOMXX,2025,4.3544
GLOBAL,PWRHYDDOMXX,2026,4.3544
GLOBAL,PWRHYDDOMXX,2027,4.3544
GLOBAL,PWRHYDDOMXX,2028,4.3544
GLOBAL,PWRHYDDOMXX,2029,4.3544
GLOBAL,PWRHYDDOMXX,2030,4.3544
GLOBAL,PWRHYDDOMXX,2031,4.3544
GLOBAL,PWRHYDDOMXX,2032,4.3544
GLOBAL,PWRHYDDOMXX,2033,4.3544
GLOBAL,PWRHYDDOMXX,2034,4.3544
GLOBAL,PWRHYDDOMXX,2035,4.3544
GLOBAL,PWRHYDDOMXX,2036,4.3544
GLOBAL,PWRHYDDOMXX,2037,4.3544
GLOBAL,PWRHYDDOMXX,2038,4.3544
GLOBAL,PWRHYDDOMXX,2039,4.3544
GLOBAL,PWRHYDDOMXX,2040,4.3544
GLOBAL,PWRHYDDOMXX,2041,4.3544
GLOBAL,PWRHYDDOMXX,2042,4.3544
GLOBAL,PWRHYDDOMXX,2043,4.3544
GLOBAL,PWRHYDDOMXX,2044,4.3544
GLOBAL,PWRHYDDOMXX,2045,4.3544
GLOBAL,PWRHYDDOMXX,2046,4.3544
GLOBAL,PWRHYDDOMXX,2047,4.3544
GLOBAL,PWRHYDDOMXX,2048,4.3544
GLOBAL,PWRHYDDOMXX,2049,4.3544
GLOBAL,PWRHYDDOMXX,2050,4.3544
GLOBAL,PWRHYDECUXX,2023,91.2602
GLOBAL,PWRHYDECUXX,2024,92.7942
GLOBAL,PWRHYDECUXX,2025,92.7942
GLOBAL,PWRHYDECUXX,2026,92.7942
GLOBAL,PWRHYDECUXX,2027,92.7942
GLOBAL,PWRHYDECUXX,2028,92.7942
GLOBAL,PWRHYDECUXX,2029,92.7942
GLOBAL,PWRHYDECUXX,2030,92.7942
GLOBAL,PWRHYDECUXX,2031,92.7942
GLOBAL,PWRHYDECUXX,2032,92.7942
GLOBAL,PWRHYDECUXX,2033,92.7942
GLOBAL,PWRHYDECUXX,2034,92.7942
GLOBAL,PWRHYDECUXX,2035,92.7942
GLOBAL,PWRHYDECUXX,2036,92.7942
GLOBAL,PWRHYDECUXX,2037,92.7942
GLOBAL,PWRHYDECUXX,2038,92.7942
GLOBAL,PWRHYDECUXX,2039,92.7942
GLOBAL,PWRHYDECUXX,2040,92.7942
GLOBAL,PWRHYDECUXX,2041,92.7942
GLOBAL,PWRHYDECUXX,2042,92.7942
GLOBAL,PWRHYDECUXX,2043,92.7942
GLOBAL,PWRHYDECUXX,2044,92.7942
GLOBAL,PWRHYDECUXX,2045,92.7942
GLOBAL,PWRHYDECUXX,2046,92.7942
GLOBAL,PWRHYDECUXX,2047,92.7942
GLOBAL,PWRHYDECUXX,2048,92.7942
GLOBAL,PWRHYDECUXX,2049,92.7942
GLOBAL,PWRHYDECUXX,2050,92.7942
GLOBAL,PWRHYDGTMXX,2023,20.0577
GLOBAL,PWRHYDGTMXX,2024,20.787
GLOBAL,PWRHYDGTMXX,2025,20.787
GLOBAL,PWRHYDGTMXX,2026,20.787
GLOBAL,PWRHYDGTMXX,2027,20.787
GLOBAL,PWRHYDGTMXX,2028,20.787
GLOBAL,PWRHYDGTMXX,2029,20.787
GLOBAL,PWRHYDGTMXX,2030,20.787
GLOBAL,PWRHYDGTMXX,2031,20.787
GLOBAL,PWRHYDGTMXX,2032,20.787
GLOBAL,PWRHYDGTMXX,2033,20.787
GLOBAL,PWRHYDGTMXX,2034,20.787
GLOBAL,PWRHYDGTMXX,2035,20.787
GLOBAL,PWRHYDGTMXX,2036,20.787
GLOBAL,PWRHYDGTMXX,2037,20.787
GLOBAL,PWRHYDGTMXX,2038,20.787
GLOBAL,PWRHYDGTMXX,2039,20.787
GLOBAL,PWRHYDGTMXX,2040,20.787
GLOBAL,PWRHYDGTMXX,2041,20.787
GLOBAL,PWRHYDGTMXX,2042,20.787
GLOBAL,PWRHYDGTMXX,2043,20.787
GLOBAL,PWRHYDGTMXX,2044,20.787
GLOBAL,PWRHYDGTMXX,2045,20.787
GLOBAL,PWRHYDGTMXX,2046,20.787
GLOBAL,PWRHYDGTMXX,2047,20.787
GLOBAL,PWRHYDGTMXX,2048,20.787
GLOBAL,PWRHYDGTMXX,2049,20.787
GLOBAL,PWRHYDGTMXX,2050,20.787
GLOBAL,PWRHYDHNDXX,2023,11.5502
GLOBAL,PWRHYDHNDXX,2024,11.9213
GLOBAL,PWRHYDHNDXX,2025,11.9213
GLOBAL,PWRHYDHNDXX,2026,11.9213
GLOBAL,PWRHYDHNDXX,2027,11.9213
GLOBAL,PWRHYDHNDXX,2028,11.9213
GLOBAL,PWRHYDHNDXX,2029,11.9213
GLOBAL,PWRHYDHNDXX,2030,11.9213
GLOBAL,PWRHYDHNDXX,2031,11.9213
GLOBAL,PWRHYDHNDXX,2032,11.9213
GLOBAL,PWRHYDHNDXX,2033,11.9213
GLOBAL,PWRHYDHNDXX,2034,11.9213
GLOBAL,PWRHYDHNDXX,2035,11.9213
GLOBAL,PWRHYDHNDXX,2036,11.9213
GLOBAL,PWRHYDHNDXX,2037,11.9213
GLOBAL,PWRHYDHNDXX,2038,11.9213
GLOBAL,PWRHYDHNDXX,2039,11.9213
GLOBAL,PWRHYDHNDXX,2040,11.9213
GLOBAL,PWRHYDHNDXX,2041,11.9213
GLOBAL,PWRHYDHNDXX,2042,11.9213
GLOBAL,PWRHYDHNDXX,2043,11.9213
GLOBAL,PWRHYDHNDXX,2044,11.9213
GLOBAL,PWRHYDHNDXX,2045,11.9213
GLOBAL,PWRHYDHNDXX,2046,11.9213
GLOBAL,PWRHYDHNDXX,2047,11.9213
GLOBAL,PWRHYDHNDXX,2048,11.9213
GLOBAL,PWRHYDHNDXX,2049,11.9213
GLOBAL,PWRHYDHNDXX,2050,11.9213
GLOBAL,PWRHYDHTIXX,2023,0.7207
GLOBAL,PWRHYDHTIXX,2024,0.7668
GLOBAL,PWRHYDHTIXX,2025,0.7668
GLOBAL,PWRHYDHTIXX,2026,0.7668
GLOBAL,PWRHYDHTIXX,2027,0.7668
GLOBAL,PWRHYDHTIXX,2028,0.7668
GLOBAL,PWRHYDHTIXX,2029,0.7668
GLOBAL,PWRHYDHTIXX,2030,0.7668
GLOBAL,PWRHYDHTIXX,2031,0.7668
GLOBAL,PWRHYDHTIXX,2032,0.7668
GLOBAL,PWRHYDHTIXX,2033,0.7668
GLOBAL,PWRHYDHTIXX,2034,0.7668
GLOBAL,PWRHYDHTIXX,2035,0.7668
GLOBAL,PWRHYDHTIXX,2036,0.7668
GLOBAL,PWRHYDHTIXX,2037,0.7668
GLOBAL,PWRHYDHTIXX,2038,0.7668
GLOBAL,PWRHYDHTIXX,2039,0.7668
GLOBAL,PWRHYDHTIXX,2040,0.7668
GLOBAL,PWRHYDHTIXX,2041,0.7668
GLOBAL,PWRHYDHTIXX,2042,0.7668
GLOBAL,PWRHYDHTIXX,2043,0.7668
GLOBAL,PWRHYDHTIXX,2044,0.7668
GLOBAL,PWRHYDHTIXX,2045,0.7668
GLOBAL,PWRHYDHTIXX,2046,0.7668
GLOBAL,PWRHYDHTIXX,2047,0.7668
GLOBAL,PWRHYDHTIXX,2048,0.7668
GLOBAL,PWRHYDHTIXX,2049,0.7668
GLOBAL,PWRHYDHTIXX,2050,0.7668
GLOBAL,PWRHYDMEXXX,2023,74.1921
GLOBAL,PWRHYDMEXXX,2024,76.3696
GLOBAL,PWRHYDMEXXX,2025,76.3696
GLOBAL,PWRHYDMEXXX,2026,76.3696
GLOBAL,PWRHYDMEXXX,2027,76.3696
GLOBAL,PWRHYDMEXXX,2028,76.3696
GLOBAL,PWRHYDMEXXX,2029,76.3696
GLOBAL,PWRHYDMEXXX,2030,76.3696
GLOBAL,PWRHYDMEXXX,2031,76.3696
GLOBAL,PWRHYDMEXXX,2032,76.3696
GLOBAL,PWRHYDMEXXX,2033,76.3696
GLOBAL,PWRHYDMEXXX,2034,76.3696
GLOBAL,PWRHYDMEXXX,2035,76.3696
GLOBAL,PWRHYDMEXXX,2036,76.3696
GLOBAL,PWRHYDMEXXX,2037,76.3696
GLOBAL,PWRHYDMEXXX,2038,76.3696
GLOBAL,PWRHYDMEXXX,2039,76.3696
GLOBAL,PWRHYDMEXXX,2040,76.3696
GLOBAL,PWRHYDMEXXX,2041,76.3696
GLOBAL,PWRHYDMEXXX,2042,76.3696
GLOBAL,PWRHYDMEXXX,2043,76.3696
GLOBAL,PWRHYDMEXXX,2044,76.3696
GLOBAL,PWRHYDMEXXX,2045,76.3696
GLOBAL,PWRHYDMEXXX,2046,76.3696
GLOBAL,PWRHYDMEXXX,2047,76.3696
GLOBAL,PWRHYDMEXXX,2048,76.3696
GLOBAL,PWRHYDMEXXX,2049,76.3696
GLOBAL,PWRHYDMEXXX,2050,76.3696
GLOBAL,PWRHYDNICXX,2023,1.6907
GLOBAL,PWRHYDNICXX,2024,1.7646
GLOBAL,PWRHYDNICXX,2025,1.7646
GLOBAL,PWRHYDNICXX,2026,1.7646
GLOBAL,PWRHYDNICXX,2027,1.7646
GLOBAL,PWRHYDNICXX,2028,1.7646
GLOBAL,PWRHYDNICXX,2029,1.7646
GLOBAL,PWRHYDNICXX,2030,1.7646
GLOBAL,PWRHYDNICXX,2031,1.7646
GLOBAL,PWRHYDNICXX,2032,1.7646
GLOBAL,PWRHYDNICXX,2033,1.7646
GLOBAL,PWRHYDNICXX,2034,1.7646
GLOBAL,PWRHYDNICXX,2035,1.7646
GLOBAL,PWRHYDNICXX,2036,1.7646
GLOBAL,PWRHYDNICXX,2037,1.7646
GLOBAL,PWRHYDNICXX,2038,1.7646
GLOBAL,PWRHYDNICXX,2039,1.7646
GLOBAL,PWRHYDNICXX,2040,1.7646
GLOBAL,PWRHYDNICXX,2041,1.7646
GLOBAL,PWRHYDNICXX,2042,1.7646
GLOBAL,PWRHYDNICXX,2043,1.7646
GLOBAL,PWRHYDNICXX,2044,1.7646
GLOBAL,PWRHYDNICXX,2045,1.7646
GLOBAL,PWRHYDNICXX,2046,1.7646
GLOBAL,PWRHYDNICXX,2047,1.7646
GLOBAL,PWRHYDNICXX,2048,1.7646
GLOBAL,PWRHYDNICXX,2049,1.7646
GLOBAL,PWRHYDNICXX,2050,1.7646
GLOBAL,PWRHYDPANXX,2023,22.1099
GLOBAL,PWRHYDPANXX,2024,23.7749
GLOBAL,PWRHYDPANXX,2025,23.7749
GLOBAL,PWRHYDPANXX,2026,23.7749
GLOBAL,PWRHYDPANXX,2027,23.7749
GLOBAL,PWRHYDPANXX,2028,23.7749
GLOBAL,PWRHYDPANXX,2029,23.7749
GLOBAL,PWRHYDPANXX,2030,23.7749
GLOBAL,PWRHYDPANXX,2031,23.7749
GLOBAL,PWRHYDPANXX,2032,23.7749
GLOBAL,PWRHYDPANXX,2033,23.7749
GLOBAL,PWRHYDPANXX,2034,23.7749
GLOBAL,PWRHYDPANXX,2035,23.7749
GLOBAL,PWRHYDPANXX,2036,23.7749
GLOBAL,PWRHYDPANXX,2037,23.7749
GLOBAL,PWRHYDPANXX,2038,23.7749
GLOBAL,PWRHYDPANXX,2039,23.7749
GLOBAL,PWRHYDPANXX,2040,23.7749
GLOBAL,PWRHYDPANXX,2041,23.7749
GLOBAL,PWRHYDPANXX,2042,23.7749
GLOBAL,PWRHYDPANXX,2043,23.7749
GLOBAL,PWRHYDPANXX,2044,23.7749
GLOBAL,PWRHYDPANXX,2045,23.7749
GLOBAL,PWRHYDPANXX,2046,23.7749
GLOBAL,PWRHYDPANXX,2047,23.7749
GLOBAL,PWRHYDPANXX,2048,23.7749
GLOBAL,PWRHYDPANXX,2049,23.7749
GLOBAL,PWRHYDPANXX,2050,23.7749
GLOBAL,PWRHYDPERXX,2023,104.712
GLOBAL,PWRHYDPERXX,2024,108.995
GLOBAL,PWRHYDPERXX,2025,108.995
GLOBAL,PWRHYDPERXX,2026,108.995
GLOBAL,PWRHYDPERXX,2027,108.995
GLOBAL,PWRHYDPERXX,2028,108.995
GLOBAL,PWRHYDPERXX,2029,108.995
GLOBAL,PWRHYDPERXX,2030,108.995
GLOBAL,PWRHYDPERXX,2031,108.995
GLOBAL,PWRHYDPERXX,2032,108.995
GLOBAL,PWRHYDPERXX,2033,108.995
GLOBAL,PWRHYDPERXX,2034,108.995
GLOBAL,PWRHYDPERXX,2035,108.995
GLOBAL,PWRHYDPERXX,2036,108.995
GLOBAL,PWRHYDPERXX,2037,108.995
GLOBAL,PWRHYDPERXX,2038,108.995
GLOBAL,PWRHYDPERXX,2039,108.995
GLOBAL,PWRHYDPERXX,2040,108.995
GLOBAL,PWRHYDPERXX,2041,108.995
GLOBAL,PWRHYDPERXX,2042,108.995
GLOBAL,PWRHYDPERXX,2043,108.995
GLOBAL,PWRHYDPERXX,2044,108.995
GLOBAL,PWRHYDPERXX,2045,108.995
GLOBAL,PWRHYDPERXX,2046,108.995
GLOBAL,PWRHYDPERXX,2047,108.995
GLOBAL,PWRHYDPERXX,2048,108.995
GLOBAL,PWRHYDPERXX,2049,108.995
GLOBAL,PWRHYDPERXX,2050,108.995
GLOBAL,PWRHYDPRYXX,2023,190.122
GLOBAL,PWRHYDPRYXX,2024,143.724
GLOBAL,PWRHYDPRYXX,2025,143.724
GLOBAL,PWRHYDPRYXX,2026,143.724
GLOBAL,PWRHYDPRYXX,2027,143.724
GLOBAL,PWRHYDPRYXX,2028,143.724
GLOBAL,PWRHYDPRYXX,2029,143.724
GLOBAL,PWRHYDPRYXX,2030,143.724
GLOBAL,PWRHYDPRYXX,2031,143.724
GLOBAL,PWRHYDPRYXX,2032,143.724
GLOBAL,PWRHYDPRYXX,2033,143.724
GLOBAL,PWRHYDPRYXX,2034,143.724
GLOBAL,PWRHYDPRYXX,2035,143.724
GLOBAL,PWRHYDPRYXX,2036,143.724
GLOBAL,PWRHYDPRYXX,2037,143.724
GLOBAL,PWRHYDPRYXX,2038,143.724
GLOBAL,PWRHYDPRYXX,2039,143.724
GLOBAL,PWRHYDPRYXX,2040,143.724
GLOBAL,PWRHYDPRYXX,2041,143.724
GLOBAL,PWRHYDPRYXX,2042,143.724
GLOBAL,PWRHYDPRYXX,2043,143.724
GLOBAL,PWRHYDPRYXX,2044,143.724
GLOBAL,PWRHYDPRYXX,2045,143.724
GLOBAL,PWRHYDPRYXX,2046,143.724
GLOBAL,PWRHYDPRYXX,2047,143.724
GLOBAL,PWRHYDPRYXX,2048,143.724
GLOBAL,PWRHYDPRYXX,2049,143.724
GLOBAL,PWRHYDPRYXX,2050,143.724
GLOBAL,PWRHYDSLVXX,2023,5.6465
GLOBAL,PWRHYDSLVXX,2024,5.5292
GLOBAL,PWRHYDSLVXX,2025,5.5292
GLOBAL,PWRHYDSLVXX,2026,5.5292
GLOBAL,PWRHYDSLVXX,2027,5.5292
GLOBAL,PWRHYDSLVXX,2028,5.5292
GLOBAL,PWRHYDSLVXX,2029,5.5292
GLOBAL,PWRHYDSLVXX,2030,5.5292
GLOBAL,PWRHYDSLVXX,2031,5.5292
GLOBAL,PWRHYDSLVXX,2032,5.5292
GLOBAL,PWRHYDSLVXX,2033,5.5292
GLOBAL,PWRHYDSLVXX,2034,5.5292
GLOBAL,PWRHYDSLVXX,2035,5.5292
GLOBAL,PWRHYDSLVXX,2036,5.5292
GLOBAL,PWRHYDSLVXX,2037,5.5292
GLOBAL,PWRHYDSLVXX,2038,5.5292
GLOBAL,PWRHYDSLVXX,2039,5.5292
GLOBAL,PWRHYDSLVXX,2040,5.5292
GLOBAL,PWRHYDSLVXX,2041,5.5292
GLOBAL,PWRHYDSLVXX,2042,5.5292
GLOBAL,PWRHYDSLVXX,2043,5.5292
GLOBAL,PWRHYDSLVXX,2044,5.5292
GLOBAL,PWRHYDSLVXX,2045,5.5292
GLOBAL,PWRHYDSLVXX,2046,5.5292
GLOBAL,PWRHYDSLVXX,2047,5.5292
GLOBAL,PWRHYDSLVXX,2048,5.5292
GLOBAL,PWRHYDSLVXX,2049,5.5292
GLOBAL,PWRHYDSLVXX,2050,5.5292
GLOBAL,PWRHYDURYXX,2023,12.6595
GLOBAL,PWRHYDURYXX,2024,16.1029
GLOBAL,PWRHYDURYXX,2025,16.1029
GLOBAL,PWRHYDURYXX,2026,16.1029
GLOBAL,PWRHYDURYXX,2027,16.1029
GLOBAL,PWRHYDURYXX,2028,16.1029
GLOBAL,PWRHYDURYXX,2029,16.1029
GLOBAL,PWRHYDURYXX,2030,16.1029
GLOBAL,PWRHYDURYXX,2031,16.1029
GLOBAL,PWRHYDURYXX,2032,16.1029
GLOBAL,PWRHYDURYXX,2033,16.1029
GLOBAL,PWRHYDURYXX,2034,16.1029
GLOBAL,PWRHYDURYXX,2035,16.1029
GLOBAL,PWRHYDURYXX,2036,16.1029
GLOBAL,PWRHYDURYXX,2037,16.1029
GLOBAL,PWRHYDURYXX,2038,16.1029
GLOBAL,PWRHYDURYXX,2039,16.1029
GLOBAL,PWRHYDURYXX,2040,16.1029
GLOBAL,PWRHYDURYXX,2041,16.1029
GLOBAL,PWRHYDURYXX,2042,16.1029
GLOBAL,PWRHYDURYXX,2043,16.1029
GLOBAL,PWRHYDURYXX,2044,16.1029
GLOBAL,PWRHYDURYXX,2045,16.1029
GLOBAL,PWRHYDURYXX,2046,16.1029
GLOBAL,PWRHYDURYXX,2047,16.1029
GLOBAL,PWRHYDURYXX,2048,16.1029
GLOBAL,PWRHYDURYXX,2049,16.1029
GLOBAL,PWRHYDURYXX,2050,16.1029
GLOBAL,PWRNGSARGXX,2023,228.953
GLOBAL,PWRNGSARGXX,2024,242.049
GLOBAL,PWRNGSARGXX,2025,242.049
GLOBAL,PWRNGSARGXX,2026,242.049
GLOBAL,PWRNGSBOLXX,2023,29.4446
GLOBAL,PWRNGSBOLXX,2024,31.5908
GLOBAL,PWRNGSBOLXX,2025,31.5908
GLOBAL,PWRNGSBOLXX,2026,31.5908
GLOBAL,PWRNGSBRAXX,2023,138.919
GLOBAL,PWRNGSBRAXX,2024,142.995
GLOBAL,PWRNGSBRAXX,2025,142.995
GLOBAL,PWRNGSBRAXX,2026,142.995
GLOBAL,PWRNGSCHLXX,2023,54.432
GLOBAL,PWRNGSCHLXX,2024,56.4138
GLOBAL,PWRNGSCHLXX,2025,56.4138
GLOBAL,PWRNGSCHLXX,2026,56.4138
GLOBAL,PWRNGSCOLXX,2023,37.2586
GLOBAL,PWRNGSCOLXX,2024,38.3799
GLOBAL,PWRNGSCOLXX,2025,38.3799
GLOBAL,PWRNGSCOLXX,2026,38.3799
GLOBAL,PWRNGSDOMXX,2023,33.3184
GLOBAL,PWRNGSDOMXX,2024,34.8355
GLOBAL,PWRNGSDOMXX,2025,34.8355
GLOBAL,PWRNGSDOMXX,2026,34.8355
GLOBAL,PWRNGSECUXX,2023,2.1888
GLOBAL,PWRNGSECUXX,2024,2.2256
GLOBAL,PWRNGSECUXX,2025,2.2256
GLOBAL,PWRNGSECUXX,2026,2.2256
GLOBAL,PWRNGSMEXXX,2023,806.45
GLOBAL,PWRNGSMEXXX,2024,830.118
GLOBAL,PWRNGSMEXXX,2025,830.118
GLOBAL,PWRNGSMEXXX,2026,830.118
GLOBAL,PWRNGSPANXX,2023,10.0227
GLOBAL,PWRNGSPANXX,2024,10.7774
GLOBAL,PWRNGSPANXX,2025,10.7774
GLOBAL,PWRNGSPANXX,2026,10.7774
GLOBAL,PWRNGSPERXX,2023,98.7639
GLOBAL,PWRNGSPERXX,2024,102.804
GLOBAL,PWRNGSPERXX,2025,102.804
GLOBAL,PWRNGSPERXX,2026,102.804
GLOBAL,PWRNGSSLVXX,2023,8.9312
GLOBAL,PWRNGSSLVXX,2024,8.7456
GLOBAL,PWRNGSSLVXX,2025,8.7456
GLOBAL,PWRNGSSLVXX,2026,8.7456
GLOBAL,PWROILBRBXX,2023,3.4658
GLOBAL,PWROILBRBXX,2024,3.6539
GLOBAL,PWROILBRBXX,2025,3.6539
GLOBAL,PWROILBRBXX,2026,3.6539
GLOBAL,PWROILCRIXX,2023,2.1788
GLOBAL,PWROILCRIXX,2024,2.2822
GLOBAL,PWROILCRIXX,2025,2.2822
GLOBAL,PWROILCRIXX,2026,2.2822
GLOBAL,PWROILDOMXX,2023,13.0218
GLOBAL,PWROILDOMXX,2024,13.6148
GLOBAL,PWROILDOMXX,2025,13.6148
GLOBAL,PWROILDOMXX,2026,13.6148
GLOBAL,PWROILGTMXX,2023,6.5534
GLOBAL,PWROILGTMXX,2024,6.7917
GLOBAL,PWROILGTMXX,2025,6.7917
GLOBAL,PWROILGTMXX,2026,6.7917
GLOBAL,PWROILHNDXX,2023,5.8751
GLOBAL,PWROILHNDXX,2024,6.0638
GLOBAL,PWROILHNDXX,2025,6.0638
GLOBAL,PWROILHNDXX,2026,6.0638
GLOBAL,PWROILHTIXX,2023,2.3932
GLOBAL,PWROILHTIXX,2024,2.5462
GLOBAL,PWROILHTIXX,2025,2.5462
GLOBAL,PWROILHTIXX,2026,2.5462
GLOBAL,PWROILMEXXX,2023,100.096
GLOBAL,PWROILMEXXX,2024,103.033
GLOBAL,PWROILMEXXX,2025,103.033
GLOBAL,PWROILMEXXX,2026,103.033
GLOBAL,PWROILNICXX,2023,7.2076
GLOBAL,PWROILNICXX,2024,7.5226
GLOBAL,PWROILNICXX,2025,7.5226
GLOBAL,PWROILNICXX,2026,7.5226
GLOBAL,PWROILPANXX,2023,4.1356
GLOBAL,PWROILPANXX,2024,4.4471
GLOBAL,PWROILPANXX,2025,4.4471
GLOBAL,PWROILPANXX,2026,4.4471
GLOBAL,PWROILPERXX,2023,2.8841
GLOBAL,PWROILPERXX,2024,3.002
GLOBAL,PWROILPERXX,2025,3.002
GLOBAL,PWROILPERXX,2026,3.002
GLOBAL,PWROILSLVXX,2023,2.5651
GLOBAL,PWROILSLVXX,2024,2.5118
GLOBAL,PWROILSLVXX,2025,2.5118
GLOBAL,PWROILSLVXX,2026,2.5118
GLOBAL,PWRPETARGXX,2023,30.0377
GLOBAL,PWRPETARGXX,2024,31.7558
GLOBAL,PWRPETARGXX,2025,31.7558
GLOBAL,PWRPETARGXX,2026,31.7558
GLOBAL,PWRPETBOLXX,2023,0.6965
GLOBAL,PWRPETBOLXX,2024,0.7472
GLOBAL,PWRPETBOLXX,2025,0.7472
GLOBAL,PWRPETBOLXX,2026,0.7472
GLOBAL,PWRPETBRAXX,2023,57.8574
GLOBAL,PWRPETBRAXX,2024,59.5553
GLOBAL,PWRPETBRAXX,2025,59.5553
GLOBAL,PWRPETBRAXX,2026,59.5553
GLOBAL,PWRPETCHLXX,2023,7.4715
GLOBAL,PWRPETCHLXX,2024,7.7435
GLOBAL,PWRPETCHLXX,2025,7.7435
GLOBAL,PWRPETCHLXX,2026,7.7435
GLOBAL,PWRPETCOLXX,2023,4.5782
GLOBAL,PWRPETCOLXX,2024,4.7159
GLOBAL,PWRPETCOLXX,2025,4.7159
GLOBAL,PWRPETCOLXX,2026,4.7159
GLOBAL,PWRPETCRIXX,2023,0.0101
GLOBAL,PWRPETCRIXX,2024,0.0105
GLOBAL,PWRPETCRIXX,2025,0.0105
GLOBAL,PWRPETCRIXX,2026,0.0105
GLOBAL,PWRPETECUXX,2023,31.6811
GLOBAL,PWRPETECUXX,2024,32.2137
GLOBAL,PWRPETECUXX,2025,32.2137
GLOBAL,PWRPETECUXX,2026,32.2137
GLOBAL,PWRPETHNDXX,2023,9.1644
GLOBAL,PWRPETHNDXX,2024,12.2177
GLOBAL,PWRPETHNDXX,2025,12.2177
GLOBAL,PWRPETHNDXX,2026,12.2177
GLOBAL,PWRPETMEXXX,2023,9.1927
GLOBAL,PWRPETMEXXX,2024,9.4625
GLOBAL,PWRPETMEXXX,2025,9.4625
GLOBAL,PWRPETMEXXX,2026,9.4625
GLOBAL,PWRPETPANXX,2023,1.9138
GLOBAL,PWRPETPANXX,2024,2.058
GLOBAL,PWRPETPANXX,2025,2.058
GLOBAL,PWRPETPANXX,2026,2.058
GLOBAL,PWRPETPERXX,2023,2.8841
GLOBAL,PWRPETPERXX,2024,3.002
GLOBAL,PWRPETPERXX,2025,3.002
GLOBAL,PWRPETPERXX,2026,3.002
GLOBAL,PWRPETPRYXX,2023,0.0041
GLOBAL,PWRPETPRYXX,2024,0.0031
GLOBAL,PWRPETPRYXX,2025,0.0031
GLOBAL,PWRPETPRYXX,2026,0.0031
GLOBAL,PWRPETURYXX,2023,3.6744
GLOBAL,PWRPETURYXX,2024,4.6738
GLOBAL,PWRPETURYXX,2025,4.6738
GLOBAL,PWRPETURYXX,2026,4.6738
GLOBAL,PWRSPVARGXX,2023,8.9476
GLOBAL,PWRSPVARGXX,2024,10.7564
GLOBAL,PWRSPVARGXX,2025,11.982
GLOBAL,PWRSPVARGXX,2026,12.4045
GLOBAL,PWRSPVARGXX,2027,12.4045
GLOBAL,PWRSPVARGXX,2028,12.4045
GLOBAL,PWRSPVARGXX,2029,12.4045
GLOBAL,PWRSPVARGXX,2030,12.4045
GLOBAL,PWRSPVARGXX,2031,12.4045
GLOBAL,PWRSPVARGXX,2032,12.4045
GLOBAL,PWRSPVARGXX,2033,12.4045
GLOBAL,PWRSPVARGXX,2034,12.4045
GLOBAL,PWRSPVARGXX,2035,12.4045
GLOBAL,PWRSPVARGXX,2036,12.4045
GLOBAL,PWRSPVARGXX,2037,12.4045
GLOBAL,PWRSPVARGXX,2038,12.4045
GLOBAL,PWRSPVARGXX,2039,12.4045
GLOBAL,PWRSPVARGXX,2040,12.4045
GLOBAL,PWRSPVARGXX,2041,12.4045
GLOBAL,PWRSPVARGXX,2042,12.4045
GLOBAL,PWRSPVARGXX,2043,12.4045
GLOBAL,PWRSPVARGXX,2044,12.4045
GLOBAL,PWRSPVARGXX,2045,12.4045
GLOBAL,PWRSPVARGXX,2046,12.4045
GLOBAL,PWRSPVARGXX,2047,12.4045
GLOBAL,PWRSPVARGXX,2048,12.4045
GLOBAL,PWRSPVARGXX,2049,12.4045
GLOBAL,PWRSPVARGXX,2050,12.4045
GLOBAL,PWRSPVBOLXX,2023,1.3355
GLOBAL,PWRSPVBOLXX,2024,1.4328
GLOBAL,PWRSPVBOLXX,2025,1.4328
GLOBAL,PWRSPVBOLXX,2026,1.4328
GLOBAL,PWRSPVBOLXX,2027,1.4328
GLOBAL,PWRSPVBOLXX,2028,1.4328
GLOBAL,PWRSPVBOLXX,2029,1.4328
GLOBAL,PWRSPVBOLXX,2030,1.4328
GLOBAL,PWRSPVBOLXX,2031,1.4328
GLOBAL,PWRSPVBOLXX,2032,1.4328
GLOBAL,PWRSPVBOLXX,2033,1.4328
GLOBAL,PWRSPVBOLXX,2034,1.4328
GLOBAL,PWRSPVBOLXX,2035,1.4328
GLOBAL,PWRSPVBOLXX,2036,1.4328
GLOBAL,PWRSPVBOLXX,2037,1.4328
GLOBAL,PWRSPVBOLXX,2038,1.4328
GLOBAL,PWRSPVBOLXX,2039,1.4328
GLOBAL,PWRSPVBOLXX,2040,1.4328
GLOBAL,PWRSPVBOLXX,2041,1.4328
GLOBAL,PWRSPVBOLXX,2042,1.4328
GLOBAL,PWRSPVBOLXX,2043,1.4328
GLOBAL,PWRSPVBOLXX,2044,1.4328
GLOBAL,PWRSPVBOLXX,2045,1.4328
GLOBAL,PWRSPVBOLXX,2046,1.4328
GLOBAL,PWRSPVBOLXX,2047,1.4328
GLOBAL,PWRSPVBOLXX,2048,1.4328
GLOBAL,PWRSPVBOLXX,2049,1.4328
GLOBAL,PWRSPVBOLXX,2050,1.4328
GLOBAL,PWRSPVBRAXX,2023,182.279
GLOBAL,PWRSPVBRAXX,2024,187.628
GLOBAL,PWRSPVBRAXX,2025,187.628
GLOBAL,PWRSPVBRAXX,2026,187.628
GLOBAL,PWRSPVBRAXX,2027,187.628
GLOBAL,PWRSPVBRAXX,2028,187.628
GLOBAL,PWRSPVBRAXX,2029,187.628
GLOBAL,PWRSPVBRAXX,2030,187.628
GLOBAL,PWRSPVBRAXX,2031,187.628
GLOBAL,PWRSPVBRAXX,2032,187.628
GLOBAL,PWRSPVBRAXX,2033,187.628
GLOBAL,PWRSPVBRAXX,2034,187.628
GLOBAL,PWRSPVBRAXX,2035,187.628
GLOBAL,PWRSPVBRAXX,2036,187.628
GLOBAL,PWRSPVBRAXX,2037,187.628
GLOBAL,PWRSPVBRAXX,2038,187.628
GLOBAL,PWRSPVBRAXX,2039,187.628
GLOBAL,PWRSPVBRAXX,2040,187.628
GLOBAL,PWRSPVBRAXX,2041,187.628
GLOBAL,PWRSPVBRAXX,2042,187.628
GLOBAL,PWRSPVBRAXX,2043,187.628
GLOBAL,PWRSPVBRAXX,2044,187.628
GLOBAL,PWRSPVBRAXX,2045,187.628
GLOBAL,PWRSPVBRAXX,2046,187.628
GLOBAL,PWRSPVBRAXX,2047,187.628
GLOBAL,PWRSPVBRAXX,2048,187.628
GLOBAL,PWRSPVBRAXX,2049,187.628
GLOBAL,PWRSPVBRAXX,2050,187.628
GLOBAL,PWRSPVBRBXX,2023,0.4042
GLOBAL,PWRSPVBRBXX,2024,0.4261
GLOBAL,PWRSPVBRBXX,2025,0.4261
GLOBAL,PWRSPVBRBXX,2026,0.4261
GLOBAL,PWRSPVBRBXX,2027,0.4261
GLOBAL,PWRSPVBRBXX,2028,0.4261
GLOBAL,PWRSPVBRBXX,2029,0.4261
GLOBAL,PWRSPVBRBXX,2030,0.4261
GLOBAL,PWRSPVBRBXX,2031,0.4261
GLOBAL,PWRSPVBRBXX,2032,0.4261
GLOBAL,PWRSPVBRBXX,2033,0.4261
GLOBAL,PWRSPVBRBXX,2034,0.4261
GLOBAL,PWRSPVBRBXX,2035,0.4261
GLOBAL,PWRSPVBRBXX,2036,0.4261
GLOBAL,PWRSPVBRBXX,2037,0.4261
GLOBAL,PWRSPVBRBXX,2038,0.4261
GLOBAL,PWRSPVBRBXX,2039,0.4261
GLOBAL,PWRSPVBRBXX,2040,0.4261
GLOBAL,PWRSPVBRBXX,2041,0.4261
GLOBAL,PWRSPVBRBXX,2042,0.4261
GLOBAL,PWRSPVBRBXX,2043,0.4261
GLOBAL,PWRSPVBRBXX,2044,0.4261
GLOBAL,PWRSPVBRBXX,2045,0.4261
GLOBAL,PWRSPVBRBXX,2046,0.4261
GLOBAL,PWRSPVBRBXX,2047,0.4261
GLOBAL,PWRSPVBRBXX,2048,0.4261
GLOBAL,PWRSPVBRBXX,2049,0.4261
GLOBAL,PWRSPVBRBXX,2050,0.4261
GLOBAL,PWRSPVCHLXX,2023,60.192
GLOBAL,PWRSPVCHLXX,2024,62.3835
GLOBAL,PWRSPVCHLXX,2025,62.3835
GLOBAL,PWRSPVCHLXX,2026,62.3835
GLOBAL,PWRSPVCHLXX,2027,62.3835
GLOBAL,PWRSPVCHLXX,2028,62.3835
GLOBAL,PWRSPVCHLXX,2029,62.3835
GLOBAL,PWRSPVCHLXX,2030,62.3835
GLOBAL,PWRSPVCHLXX,2031,62.3835
GLOBAL,PWRSPVCHLXX,2032,62.3835
GLOBAL,PWRSPVCHLXX,2033,62.3835
GLOBAL,PWRSPVCHLXX,2034,62.3835
GLOBAL,PWRSPVCHLXX,2035,62.3835
GLOBAL,PWRSPVCHLXX,2036,62.3835
GLOBAL,PWRSPVCHLXX,2037,62.3835
GLOBAL,PWRSPVCHLXX,2038,62.3835
GLOBAL,PWRSPVCHLXX,2039,62.3835
GLOBAL,PWRSPVCHLXX,2040,62.3835
GLOBAL,PWRSPVCHLXX,2041,62.3835
GLOBAL,PWRSPVCHLXX,2042,62.3835
GLOBAL,PWRSPVCHLXX,2043,62.3835
GLOBAL,PWRSPVCHLXX,2044,62.3835
GLOBAL,PWRSPVCHLXX,2045,62.3835
GLOBAL,PWRSPVCHLXX,2046,62.3835
GLOBAL,PWRSPVCHLXX,2047,62.3835
GLOBAL,PWRSPVCHLXX,2048,62.3835
GLOBAL,PWRSPVCHLXX,2049,62.3835
GLOBAL,PWRSPVCHLXX,2050,62.3835
GLOBAL,PWRSPVCOLXX,2023,2.8338
GLOBAL,PWRSPVCOLXX,2024,3.6235
GLOBAL,PWRSPVCOLXX,2025,4.4655
GLOBAL,PWRSPVCOLXX,2026,4.4655
GLOBAL,PWRSPVCOLXX,2027,4.4655
GLOBAL,PWRSPVCOLXX,2028,4.4655
GLOBAL,PWRSPVCOLXX,2029,4.4655
GLOBAL,PWRSPVCOLXX,2030,4.4655
GLOBAL,PWRSPVCOLXX,2031,4.4655
GLOBAL,PWRSPVCOLXX,2032,4.4655
GLOBAL,PWRSPVCOLXX,2033,4.4655
GLOBAL,PWRSPVCOLXX,2034,4.4655
GLOBAL,PWRSPVCOLXX,2035,4.4655
GLOBAL,PWRSPVCOLXX,2036,4.4655
GLOBAL,PWRSPVCOLXX,2037,4.4655
GLOBAL,PWRSPVCOLXX,2038,4.4655
GLOBAL,PWRSPVCOLXX,2039,4.4655
GLOBAL,PWRSPVCOLXX,2040,4.4655
GLOBAL,PWRSPVCOLXX,2041,4.4655
GLOBAL,PWRSPVCOLXX,2042,4.4655
GLOBAL,PWRSPVCOLXX,2043,4.4655
GLOBAL,PWRSPVCOLXX,2044,4.4655
GLOBAL,PWRSPVCOLXX,2045,4.4655
GLOBAL,PWRSPVCOLXX,2046,4.4655
GLOBAL,PWRSPVCOLXX,2047,4.4655
GLOBAL,PWRSPVCOLXX,2048,4.4655
GLOBAL,PWRSPVCOLXX,2049,4.4655
GLOBAL,PWRSPVCOLXX,2050,4.4655
GLOBAL,PWRSPVCRIXX,2023,0.0322
GLOBAL,PWRSPVCRIXX,2024,0.0338
GLOBAL,PWRSPVCRIXX,2025,0.0338
GLOBAL,PWRSPVCRIXX,2026,0.0338
GLOBAL,PWRSPVCRIXX,2027,0.0338
GLOBAL,PWRSPVCRIXX,2028,0.0338
GLOBAL,PWRSPVCRIXX,2029,0.0338
GLOBAL,PWRSPVCRIXX,2030,0.0338
GLOBAL,PWRSPVCRIXX,2031,0.0338
GLOBAL,PWRSPVCRIXX,2032,0.0338
GLOBAL,PWRSPVCRIXX,2033,0.0338
GLOBAL,PWRSPVCRIXX,2034,0.0338
GLOBAL,PWRSPVCRIXX,2035,0.0338
GLOBAL,PWRSPVCRIXX,2036,0.0338
GLOBAL,PWRSPVCRIXX,2037,0.0338
GLOBAL,PWRSPVCRIXX,2038,0.0338
GLOBAL,PWRSPVCRIXX,2039,0.0338
GLOBAL,PWRSPVCRIXX,2040,0.0338
GLOBAL,PWRSPVCRIXX,2041,0.0338
GLOBAL,PWRSPVCRIXX,2042,0.0338
GLOBAL,PWRSPVCRIXX,2043,0.0338
GLOBAL,PWRSPVCRIXX,2044,0.0338
GLOBAL,PWRSPVCRIXX,2045,0.0338
GLOBAL,PWRSPVCRIXX,2046,0.0338
GLOBAL,PWRSPVCRIXX,2047,0.0338
GLOBAL,PWRSPVCRIXX,2048,0.0338
GLOBAL,PWRSPVCRIXX,2049,0.0338
GLOBAL,PWRSPVCRIXX,2050,0.0338
GLOBAL,PWRSPVDOMXX,2023,3.339
GLOBAL,PWRSPVDOMXX,2024,3.5988
GLOBAL,PWRSPVDOMXX,2025,4.1712
GLOBAL,PWRSPVDOMXX,2026,4.1712
GLOBAL,PWRSPVDOMXX,2027,4.1712
GLOBAL,PWRSPVDOMXX,2028,4.1712
GLOBAL,PWRSPVDOMXX,2029,4.1712
GLOBAL,PWRSPVDOMXX,2030,4.1712
GLOBAL,PWRSPVDOMXX,2031,4.1712
GLOBAL,PWRSPVDOMXX,2032,4.1712
GLOBAL,PWRSPVDOMXX,2033,4.1712
GLOBAL,PWRSPVDOMXX,2034,4.1712
GLOBAL,PWRSPVDOMXX,2035,4.1712
GLOBAL,PWRSPVDOMXX,2036,4.1712
GLOBAL,PWRSPVDOMXX,2037,4.1712
GLOBAL,PWRSPVDOMXX,2038,4.1712
GLOBAL,PWRSPVDOMXX,2039,4.1712
GLOBAL,PWRSPVDOMXX,2040,4.1712
GLOBAL,PWRSPVDOMXX,2041,4.1712
GLOBAL,PWRSPVDOMXX,2042,4.1712
GLOBAL,PWRSPVDOMXX,2043,4.1712
GLOBAL,PWRSPVDOMXX,2044,4.1712
GLOBAL,PWRSPVDOMXX,2045,4.1712
GLOBAL,PWRSPVDOMXX,2046,4.1712
GLOBAL,PWRSPVDOMXX,2047,4.1712
GLOBAL,PWRSPVDOMXX,2048,4.1712
GLOBAL,PWRSPVDOMXX,2049,4.1712
GLOBAL,PWRSPVDOMXX,2050,4.1712
GLOBAL,PWRSPVECUXX,2023,0.1461
GLOBAL,PWRSPVECUXX,2024,0.1485
GLOBAL,PWRSPVECUXX,2025,0.1485
GLOBAL,PWRSPVECUXX,2026,0.1485
GLOBAL,PWRSPVECUXX,2027,0.1485
GLOBAL,PWRSPVECUXX,2028,0.1485
GLOBAL,PWRSPVECUXX,2029,0.1485
GLOBAL,PWRSPVECUXX,2030,0.1485
GLOBAL,PWRSPVECUXX,2031,0.1485
GLOBAL,PWRSPVECUXX,2032,0.1485
GLOBAL,PWRSPVECUXX,2033,0.1485
GLOBAL,PWRSPVECUXX,2034,0.1485
GLOBAL,PWRSPVECUXX,2035,0.1485
GLOBAL,PWRSPVECUXX,2036,0.1485
GLOBAL,PWRSPVECUXX,2037,0.1485
GLOBAL,PWRSPVECUXX,2038,0.1485
GLOBAL,PWRSPVECUXX,2039,0.1485
GLOBAL,PWRSPVECUXX,2040,0.1485
GLOBAL,PWRSPVECUXX,2041,0.1485
GLOBAL,PWRSPVECUXX,2042,0.1485
GLOBAL,PWRSPVECUXX,2043,0.1485
GLOBAL,PWRSPVECUXX,2044,0.1485
GLOBAL,PWRSPVECUXX,2045,0.1485
GLOBAL,PWRSPVECUXX,2046,0.1485
GLOBAL,PWRSPVECUXX,2047,0.1485
GLOBAL,PWRSPVECUXX,2048,0.1485
GLOBAL,PWRSPVECUXX,2049,0.1485
GLOBAL,PWRSPVECUXX,2050,0.1485
GLOBAL,PWRSPVGTMXX,2023,0.8853
GLOBAL,PWRSPVGTMXX,2024,0.9174
GLOBAL,PWRSPVGTMXX,2025,0.9174
GLOBAL,PWRSPVGTMXX,2026,0.9174
GLOBAL,PWRSPVGTMXX,2027,0.9174
GLOBAL,PWRSPVGTMXX,2028,0.9174
GLOBAL,PWRSPVGTMXX,2029,0.9174
GLOBAL,PWRSPVGTMXX,2030,0.9174
GLOBAL,PWRSPVGTMXX,2031,0.9174
GLOBAL,PWRSPVGTMXX,2032,0.9174
GLOBAL,PWRSPVGTMXX,2033,0.9174
GLOBAL,PWRSPVGTMXX,2034,0.9174
GLOBAL,PWRSPVGTMXX,2035,0.9174
GLOBAL,PWRSPVGTMXX,2036,0.9174
GLOBAL,PWRSPVGTMXX,2037,0.9174
GLOBAL,PWRSPVGTMXX,2038,0.9174
GLOBAL,PWRSPVGTMXX,2039,0.9174
GLOBAL,PWRSPVGTMXX,2040,0.9174
GLOBAL,PWRSPVGTMXX,2041,0.9174
GLOBAL,PWRSPVGTMXX,2042,0.9174
GLOBAL,PWRSPVGTMXX,2043,0.9174
GLOBAL,PWRSPVGTMXX,2044,0.9174
GLOBAL,PWRSPVGTMXX,2045,0.9174
GLOBAL,PWRSPVGTMXX,2046,0.9174
GLOBAL,PWRSPVGTMXX,2047,0.9174
GLOBAL,PWRSPVGTMXX,2048,0.9174
GLOBAL,PWRSPVGTMXX,2049,0.9174
GLOBAL,PWRSPVGTMXX,2050,0.9174
GLOBAL,PWRSPVHNDXX,2023,3.9397
GLOBAL,PWRSPVHNDXX,2024,4.0663
GLOBAL,PWRSPVHNDXX,2025,4.0663
GLOBAL,PWRSPVHNDXX,2026,4.0663
GLOBAL,PWRSPVHNDXX,2027,4.0663
GLOBAL,PWRSPVHNDXX,2028,4.0663
GLOBAL,PWRSPVHNDXX,2029,4.0663
GLOBAL,PWRSPVHNDXX,2030,4.0663
GLOBAL,PWRSPVHNDXX,2031,4.0663
GLOBAL,PWRSPVHNDXX,2032,4.0663
GLOBAL,PWRSPVHNDXX,2033,4.0663
GLOBAL,PWRSPVHNDXX,2034,4.0663
GLOBAL,PWRSPVHNDXX,2035,4.0663
GLOBAL,PWRSPVHNDXX,2036,4.0663
GLOBAL,PWRSPVHNDXX,2037,4.0663
GLOBAL,PWRSPVHNDXX,2038,4.0663
GLOBAL,PWRSPVHNDXX,2039,4.0663
GLOBAL,PWRSPVHNDXX,2040,4.0663
GLOBAL,PWRSPVHNDXX,2041,4.0663
GLOBAL,PWRSPVHNDXX,2042,4.0663
GLOBAL,PWRSPVHNDXX,2043,4.0663
GLOBAL,PWRSPVHNDXX,2044,4.0663
GLOBAL,PWRSPVHNDXX,2045,4.0663
GLOBAL,PWRSPVHNDXX,2046,4.0663
GLOBAL,PWRSPVHNDXX,2047,4.0663
GLOBAL,PWRSPVHNDXX,2048,4.0663
GLOBAL,PWRSPVHNDXX,2049,4.0663
GLOBAL,PWRSPVHNDXX,2050,4.0663
GLOBAL,PWRSPVHTIXX,2023,0.0158
GLOBAL,PWRSPVHTIXX,2024,0.0168
GLOBAL,PWRSPVHTIXX,2025,0.0168
GLOBAL,PWRSPVHTIXX,2026,0.0168
GLOBAL,PWRSPVHTIXX,2027,0.0168
GLOBAL,PWRSPVHTIXX,2028,0.0168
GLOBAL,PWRSPVHTIXX,2029,0.0168
GLOBAL,PWRSPVHTIXX,2030,0.0168
GLOBAL,PWRSPVHTIXX,2031,0.0168
GLOBAL,PWRSPVHTIXX,2032,0.0168
GLOBAL,PWRSPVHTIXX,2033,0.0168
GLOBAL,PWRSPVHTIXX,2034,0.0168
GLOBAL,PWRSPVHTIXX,2035,0.0168
GLOBAL,PWRSPVHTIXX,2036,0.0168
GLOBAL,PWRSPVHTIXX,2037,0.0168
GLOBAL,PWRSPVHTIXX,2038,0.0168
GLOBAL,PWRSPVHTIXX,2039,0.0168
GLOBAL,PWRSPVHTIXX,2040,0.0168
GLOBAL,PWRSPVHTIXX,2041,0.0168
GLOBAL,PWRSPVHTIXX,2042,0.0168
GLOBAL,PWRSPVHTIXX,2043,0.0168
GLOBAL,PWRSPVHTIXX,2044,0.0168
GLOBAL,PWRSPVHTIXX,2045,0.0168
GLOBAL,PWRSPVHTIXX,2046,0.0168
GLOBAL,PWRSPVHTIXX,2047,0.0168
GLOBAL,PWRSPVHTIXX,2048,0.0168
GLOBAL,PWRSPVHTIXX,2049,0.0168
GLOBAL,PWRSPVHTIXX,2050,0.0168
GLOBAL,PWRSPVMEXXX,2023,65.5558
GLOBAL,PWRSPVMEXXX,2024,67.4798
GLOBAL,PWRSPVMEXXX,2025,67.4798
GLOBAL,PWRSPVMEXXX,2026,67.4798
GLOBAL,PWRSPVMEXXX,2027,67.4798
GLOBAL,PWRSPVMEXXX,2028,67.4798
GLOBAL,PWRSPVMEXXX,2029,67.4798
GLOBAL,PWRSPVMEXXX,2030,67.4798
GLOBAL,PWRSPVMEXXX,2031,67.4798
GLOBAL,PWRSPVMEXXX,2032,67.4798
GLOBAL,PWRSPVMEXXX,2033,67.4798
GLOBAL,PWRSPVMEXXX,2034,67.4798
GLOBAL,PWRSPVMEXXX,2035,67.4798
GLOBAL,PWRSPVMEXXX,2036,67.4798
GLOBAL,PWRSPVMEXXX,2037,67.4798
GLOBAL,PWRSPVMEXXX,2038,67.4798
GLOBAL,PWRSPVMEXXX,2039,67.4798
GLOBAL,PWRSPVMEXXX,2040,67.4798
GLOBAL,PWRSPVMEXXX,2041,67.4798
GLOBAL,PWRSPVMEXXX,2042,67.4798
GLOBAL,PWRSPVMEXXX,2043,67.4798
GLOBAL,PWRSPVMEXXX,2044,67.4798
GLOBAL,PWRSPVMEXXX,2045,67.4798
GLOBAL,PWRSPVMEXXX,2046,67.4798
GLOBAL,PWRSPVMEXXX,2047,67.4798
GLOBAL,PWRSPVMEXXX,2048,67.4798
GLOBAL,PWRSPVMEXXX,2049,67.4798
GLOBAL,PWRSPVMEXXX,2050,67.4798
GLOBAL,PWRSPVNICXX,2023,0.098
GLOBAL,PWRSPVNICXX,2024,0.1023
GLOBAL,PWRSPVNICXX,2025,0.1023
GLOBAL,PWRSPVNICXX,2026,0.1023
GLOBAL,PWRSPVNICXX,2027,0.1023
GLOBAL,PWRSPVNICXX,2028,0.1023
GLOBAL,PWRSPVNICXX,2029,0.1023
GLOBAL,PWRSPVNICXX,2030,0.1023
GLOBAL,PWRSPVNICXX,2031,0.1023
GLOBAL,PWRSPVNICXX,2032,0.1023
GLOBAL,PWRSPVNICXX,2033,0.1023
GLOBAL,PWRSPVNICXX,2034,0.1023
GLOBAL,PWRSPVNICXX,2035,0.1023
GLOBAL,PWRSPVNICXX,2036,0.1023
GLOBAL,PWRSPVNICXX,2037,0.1023
GLOBAL,PWRSPVNICXX,2038,0.1023
GLOBAL,PWRSPVNICXX,2039,0.1023
GLOBAL,PWRSPVNICXX,2040,0.1023
GLOBAL,PWRSPVNICXX,2041,0.1023
GLOBAL,PWRSPVNICXX,2042,0.1023
GLOBAL,PWRSPVNICXX,2043,0.1023
GLOBAL,PWRSPVNICXX,2044,0.1023
GLOBAL,PWRSPVNICXX,2045,0.1023
GLOBAL,PWRSPVNICXX,2046,0.1023
GLOBAL,PWRSPVNICXX,2047,0.1023
GLOBAL,PWRSPVNICXX,2048,0.1023
GLOBAL,PWRSPVNICXX,2049,0.1023
GLOBAL,PWRSPVNICXX,2050,0.1023
GLOBAL,PWRSPVPANXX,2023,2.3351
GLOBAL,PWRSPVPANXX,2024,2.5013
GLOBAL,PWRSPVPANXX,2025,3.356
GLOBAL,PWRSPVPANXX,2026,3.356
GLOBAL,PWRSPVPANXX,2027,3.356
GLOBAL,PWRSPVPANXX,2028,3.356
GLOBAL,PWRSPVPANXX,2029,3.356
GLOBAL,PWRSPVPANXX,2030,3.356
GLOBAL,PWRSPVPANXX,2031,3.356
GLOBAL,PWRSPVPANXX,2032,3.356
GLOBAL,PWRSPVPANXX,2033,3.356
GLOBAL,PWRSPVPANXX,2034,3.356
GLOBAL,PWRSPVPANXX,2035,3.356
GLOBAL,PWRSPVPANXX,2036,3.356
GLOBAL,PWRSPVPANXX,2037,3.356
GLOBAL,PWRSPVPANXX,2038,3.356
GLOBAL,PWRSPVPANXX,2039,3.356
GLOBAL,PWRSPVPANXX,2040,3.356
GLOBAL,PWRSPVPANXX,2041,3.356
GLOBAL,PWRSPVPANXX,2042,3.356
GLOBAL,PWRSPVPANXX,2043,3.356
GLOBAL,PWRSPVPANXX,2044,3.356
GLOBAL,PWRSPVPANXX,2045,3.356
GLOBAL,PWRSPVPANXX,2046,3.356
GLOBAL,PWRSPVPANXX,2047,3.356
GLOBAL,PWRSPVPANXX,2048,3.356
GLOBAL,PWRSPVPANXX,2049,3.356
GLOBAL,PWRSPVPANXX,2050,3.356
GLOBAL,PWRSPVPERXX,2023,3.4439
GLOBAL,PWRSPVPERXX,2024,3.5848
GLOBAL,PWRSPVPERXX,2025,3.5848
GLOBAL,PWRSPVPERXX,2026,3.5848
GLOBAL,PWRSPVPERXX,2027,3.5848
GLOBAL,PWRSPVPERXX,2028,3.5848
GLOBAL,PWRSPVPERXX,2029,3.5848
GLOBAL,PWRSPVPERXX,2030,3.5848
GLOBAL,PWRSPVPERXX,2031,3.5848
GLOBAL,PWRSPVPERXX,2032,3.5848
GLOBAL,PWRSPVPERXX,2033,3.5848
GLOBAL,PWRSPVPERXX,2034,3.5848
GLOBAL,PWRSPVPERXX,2035,3.5848
GLOBAL,PWRSPVPERXX,2036,3.5848
GLOBAL,PWRSPVPERXX,2037,3.5848
GLOBAL,PWRSPVPERXX,2038,3.5848
GLOBAL,PWRSPVPERXX,2039,3.5848
GLOBAL,PWRSPVPERXX,2040,3.5848
GLOBAL,PWRSPVPERXX,2041,3.5848
GLOBAL,PWRSPVPERXX,2042,3.5848
GLOBAL,PWRSPVPERXX,2043,3.5848
GLOBAL,PWRSPVPERXX,2044,3.5848
GLOBAL,PWRSPVPERXX,2045,3.5848
GLOBAL,PWRSPVPERXX,2046,3.5848
GLOBAL,PWRSPVPERXX,2047,3.5848
GLOBAL,PWRSPVPERXX,2048,3.5848
GLOBAL,PWRSPVPERXX,2049,3.5848
GLOBAL,PWRSPVPERXX,2050,3.5848
GLOBAL,PWRSPVSLVXX,2023,4.2674
GLOBAL,PWRSPVSLVXX,2024,4.1787
GLOBAL,PWRSPVSLVXX,2025,4.1787
GLOBAL,PWRSPVSLVXX,2026,4.1787
GLOBAL,PWRSPVSLVXX,2027,4.1787
GLOBAL,PWRSPVSLVXX,2028,4.1787
GLOBAL,PWRSPVSLVXX,2029,4.1787
GLOBAL,PWRSPVSLVXX,2030,4.1787
GLOBAL,PWRSPVSLVXX,2031,4.1787
GLOBAL,PWRSPVSLVXX,2032,4.1787
GLOBAL,PWRSPVSLVXX,2033,4.1787
GLOBAL,PWRSPVSLVXX,2034,4.1787
GLOBAL,PWRSPVSLVXX,2035,4.1787
GLOBAL,PWRSPVSLVXX,2036,4.1787
GLOBAL,PWRSPVSLVXX,2037,4.1787
GLOBAL,PWRSPVSLVXX,2038,4.1787
GLOBAL,PWRSPVSLVXX,2039,4.1787
GLOBAL,PWRSPVSLVXX,2040,4.1787
GLOBAL,PWRSPVSLVXX,2041,4.1787
GLOBAL,PWRSPVSLVXX,2042,4.1787
GLOBAL,PWRSPVSLVXX,2043,4.1787
GLOBAL,PWRSPVSLVXX,2044,4.1787
GLOBAL,PWRSPVSLVXX,2045,4.1787
GLOBAL,PWRSPVSLVXX,2046,4.1787
GLOBAL,PWRSPVSLVXX,2047,4.1787
GLOBAL,PWRSPVSLVXX,2048,4.1787
GLOBAL,PWRSPVSLVXX,2049,4.1787
GLOBAL,PWRSPVSLVXX,2050,4.1787
GLOBAL,PWRSPVURYXX,2023,1.6754
GLOBAL,PWRSPVURYXX,2024,1.9508
GLOBAL,PWRSPVURYXX,2025,2.2532
GLOBAL,PWRSPVURYXX,2026,2.2532
GLOBAL,PWRSPVURYXX,2027,2.2532
GLOBAL,PWRSPVURYXX,2028,2.2532
GLOBAL,PWRSPVURYXX,2029,2.2532
GLOBAL,PWRSPVURYXX,2030,2.2532
GLOBAL,PWRSPVURYXX,2031,2.2532
GLOBAL,PWRSPVURYXX,2032,2.2532
GLOBAL,PWRSPVURYXX,2033,2.2532
GLOBAL,PWRSPVURYXX,2034,2.2532
GLOBAL,PWRSPVURYXX,2035,2.2532
GLOBAL,PWRSPVURYXX,2036,2.2532
GLOBAL,PWRSPVURYXX,2037,2.2532
GLOBAL,PWRSPVURYXX,2038,2.2532
GLOBAL,PWRSPVURYXX,2039,2.2532
GLOBAL,PWRSPVURYXX,2040,2.2532
GLOBAL,PWRSPVURYXX,2041,2.2532
GLOBAL,PWRSPVURYXX,2042,2.2532
GLOBAL,PWRSPVURYXX,2043,2.2532
GLOBAL,PWRSPVURYXX,2044,2.2532
GLOBAL,PWRSPVURYXX,2045,2.2532
GLOBAL,PWRSPVURYXX,2046,2.2532
GLOBAL,PWRSPVURYXX,2047,2.2532
GLOBAL,PWRSPVURYXX,2048,2.2532
GLOBAL,PWRSPVURYXX,2049,2.2532
GLOBAL,PWRSPVURYXX,2050,2.2532
GLOBAL,PWRURNARGXX,2023,32.2662
GLOBAL,PWRURNARGXX,2024,34.1118
GLOBAL,PWRURNARGXX,2025,34.1118
GLOBAL,PWRURNARGXX,2026,34.1118
GLOBAL,PWRURNBRAXX,2023,52.2133
GLOBAL,PWRURNBRAXX,2024,53.7456
GLOBAL,PWRURNBRAXX,2025,53.7456
GLOBAL,PWRURNBRAXX,2026,53.7456
GLOBAL,PWRURNMEXXX,2023,43.3546
GLOBAL,PWRURNMEXXX,2024,44.6271
GLOBAL,PWRURNMEXXX,2025,44.6271
GLOBAL,PWRURNMEXXX,2026,44.6271
GLOBAL,PWRWASECUXX,2023,0.138
GLOBAL,PWRWASECUXX,2024,0.138
GLOBAL,PWRWASECUXX,2025,0.138
GLOBAL,PWRWASECUXX,2026,0.138
GLOBAL,PWRWASECUXX,2027,0.138
GLOBAL,PWRWASECUXX,2028,0.138
GLOBAL,PWRWASECUXX,2029,0.138
GLOBAL,PWRWASECUXX,2030,0.138
GLOBAL,PWRWASECUXX,2031,0.138
GLOBAL,PWRWASECUXX,2032,0.138
GLOBAL,PWRWASECUXX,2033,0.138
GLOBAL,PWRWASECUXX,2034,0.138
GLOBAL,PWRWASECUXX,2035,0.138
GLOBAL,PWRWASECUXX,2036,0.138
GLOBAL,PWRWASECUXX,2037,0.138
GLOBAL,PWRWASECUXX,2038,0.138
GLOBAL,PWRWASECUXX,2039,0.138
GLOBAL,PWRWASECUXX,2040,0.138
GLOBAL,PWRWASECUXX,2041,0.138
GLOBAL,PWRWASECUXX,2042,0.138
GLOBAL,PWRWASECUXX,2043,0.138
GLOBAL,PWRWASECUXX,2044,0.138
GLOBAL,PWRWASECUXX,2045,0.138
GLOBAL,PWRWASECUXX,2046,0.138
GLOBAL,PWRWASECUXX,2047,0.138
GLOBAL,PWRWASECUXX,2048,0.138
GLOBAL,PWRWASECUXX,2049,0.138
GLOBAL,PWRWASECUXX,2050,0.138
GLOBAL,PWRWONARGXX,2023,41.4953
GLOBAL,PWRWONARGXX,2024,46.7209
GLOBAL,PWRWONARGXX,2025,49.7563
GLOBAL,PWRWONARGXX,2026,52.7918
GLOBAL,PWRWONARGXX,2027,55.0918
GLOBAL,PWRWONARGXX,2028,55.0918
GLOBAL,PWRWONARGXX,2029,55.0918
GLOBAL,PWRWONARGXX,2030,55.0918
GLOBAL,PWRWONARGXX,2031,55.0918
GLOBAL,PWRWONARGXX,2032,55.0918
GLOBAL,PWRWONARGXX,2033,55.0918
GLOBAL,PWRWONARGXX,2034,55.0918
GLOBAL,PWRWONARGXX,2035,55.0918
GLOBAL,PWRWONARGXX,2036,55.0918
GLOBAL,PWRWONARGXX,2037,55.0918
GLOBAL,PWRWONARGXX,2038,55.0918
GLOBAL,PWRWONARGXX,2039,55.0918
GLOBAL,PWRWONARGXX,2040,55.0918
GLOBAL,PWRWONARGXX,2041,55.0918
GLOBAL,PWRWONARGXX,2042,55.0918
GLOBAL,PWRWONARGXX,2043,55.0918
GLOBAL,PWRWONARGXX,2044,55.0918
GLOBAL,PWRWONARGXX,2045,55.0918
GLOBAL,PWRWONARGXX,2046,55.0918
GLOBAL,PWRWONARGXX,2047,55.0918
GLOBAL,PWRWONARGXX,2048,55.0918
GLOBAL,PWRWONARGXX,2049,55.0918
GLOBAL,PWRWONARGXX,2050,55.0918
GLOBAL,PWRWONBOLXX,2023,1.7252
GLOBAL,PWRWONBOLXX,2024,1.8509
GLOBAL,PWRWONBOLXX,2025,1.8509
GLOBAL,PWRWONBOLXX,2026,1.8509
GLOBAL,PWRWONBOLXX,2027,1.8509
GLOBAL,PWRWONBOLXX,2028,1.8509
GLOBAL,PWRWONBOLXX,2029,1.8509
GLOBAL,PWRWONBOLXX,2030,1.8509
GLOBAL,PWRWONBOLXX,2031,1.8509
GLOBAL,PWRWONBOLXX,2032,1.8509
GLOBAL,PWRWONBOLXX,2033,1.8509
GLOBAL,PWRWONBOLXX,2034,1.8509
GLOBAL,PWRWONBOLXX,2035,1.8509
GLOBAL,PWRWONBOLXX,2036,1.8509
GLOBAL,PWRWONBOLXX,2037,1.8509
GLOBAL,PWRWONBOLXX,2038,1.8509
GLOBAL,PWRWONBOLXX,2039,1.8509
GLOBAL,PWRWONBOLXX,2040,1.8509
GLOBAL,PWRWONBOLXX,2041,1.8509
GLOBAL,PWRWONBOLXX,2042,1.8509
GLOBAL,PWRWONBOLXX,2043,1.8509
GLOBAL,PWRWONBOLXX,2044,1.8509
GLOBAL,PWRWONBOLXX,2045,1.8509
GLOBAL,PWRWONBOLXX,2046,1.8509
GLOBAL,PWRWONBOLXX,2047,1.8509
GLOBAL,PWRWONBOLXX,2048,1.8509
GLOBAL,PWRWONBOLXX,2049,1.8509
GLOBAL,PWRWONBOLXX,2050,1.8509
GLOBAL,PWRWONBRAXX,2023,344.883
GLOBAL,PWRWONBRAXX,2024,355.004
GLOBAL,PWRWONBRAXX,2025,355.004
GLOBAL,PWRWONBRAXX,2026,355.004
GLOBAL,PWRWONBRAXX,2027,355.004
GLOBAL,PWRWONBRAXX,2028,355.004
GLOBAL,PWRWONBRAXX,2029,355.004
GLOBAL,PWRWONBRAXX,2030,355.004
GLOBAL,PWRWONBRAXX,2031,355.004
GLOBAL,PWRWONBRAXX,2032,355.004
GLOBAL,PWRWONBRAXX,2033,355.004
GLOBAL,PWRWONBRAXX,2034,355.004
GLOBAL,PWRWONBRAXX,2035,355.004
GLOBAL,PWRWONBRAXX,2036,355.004
GLOBAL,PWRWONBRAXX,2037,355.004
GLOBAL,PWRWONBRAXX,2038,355.004
GLOBAL,PWRWONBRAXX,2039,355.004
GLOBAL,PWRWONBRAXX,2040,355.004
GLOBAL,PWRWONBRAXX,2041,355.004
GLOBAL,PWRWONBRAXX,2042,355.004
GLOBAL,PWRWONBRAXX,2043,355.004
GLOBAL,PWRWONBRAXX,2044,355.004
GLOBAL,PWRWONBRAXX,2045,355.004
GLOBAL,PWRWONBRAXX,2046,355.004
GLOBAL,PWRWONBRAXX,2047,355.004
GLOBAL,PWRWONBRAXX,2048,355.004
GLOBAL,PWRWONBRAXX,2049,355.004
GLOBAL,PWRWONBRAXX,2050,355.004
GLOBAL,PWRWONCHLXX,2023,35.8142
GLOBAL,PWRWONCHLXX,2024,37.1182
GLOBAL,PWRWONCHLXX,2025,37.1182
GLOBAL,PWRWONCHLXX,2026,37.1182
GLOBAL,PWRWONCHLXX,2027,37.1182
GLOBAL,PWRWONCHLXX,2028,37.1182
GLOBAL,PWRWONCHLXX,2029,37.1182
GLOBAL,PWRWONCHLXX,2030,37.1182
GLOBAL,PWRWONCHLXX,2031,37.1182
GLOBAL,PWRWONCHLXX,2032,37.1182
GLOBAL,PWRWONCHLXX,2033,37.1182
GLOBAL,PWRWONCHLXX,2034,37.1182
GLOBAL,PWRWONCHLXX,2035,37.1182
GLOBAL,PWRWONCHLXX,2036,37.1182
GLOBAL,PWRWONCHLXX,2037,37.1182
GLOBAL,PWRWONCHLXX,2038,37.1182
GLOBAL,PWRWONCHLXX,2039,37.1182
GLOBAL,PWRWONCHLXX,2040,37.1182
GLOBAL,PWRWONCHLXX,2041,37.1182
GLOBAL,PWRWONCHLXX,2042,37.1182
GLOBAL,PWRWONCHLXX,2043,37.1182
GLOBAL,PWRWONCHLXX,2044,37.1182
GLOBAL,PWRWONCHLXX,2045,37.1182
GLOBAL,PWRWONCHLXX,2046,37.1182
GLOBAL,PWRWONCHLXX,2047,37.1182
GLOBAL,PWRWONCHLXX,2048,37.1182
GLOBAL,PWRWONCHLXX,2049,37.1182
GLOBAL,PWRWONCHLXX,2050,37.1182
GLOBAL,PWRWONCOLXX,2023,0.2126
GLOBAL,PWRWONCOLXX,2024,0.2126
GLOBAL,PWRWONCOLXX,2025,0.2607
GLOBAL,PWRWONCOLXX,2026,0.2607
GLOBAL,PWRWONCOLXX,2027,0.2607
GLOBAL,PWRWONCOLXX,2028,0.2607
GLOBAL,PWRWONCOLXX,2029,0.2607
GLOBAL,PWRWONCOLXX,2030,0.2607
GLOBAL,PWRWONCOLXX,2031,0.2607
GLOBAL,PWRWONCOLXX,2032,0.2607
GLOBAL,PWRWONCOLXX,2033,0.2607
GLOBAL,PWRWONCOLXX,2034,0.2607
GLOBAL,PWRWONCOLXX,2035,0.2607
GLOBAL,PWRWONCOLXX,2036,0.2607
GLOBAL,PWRWONCOLXX,2037,0.2607
GLOBAL,PWRWONCOLXX,2038,0.2607
GLOBAL,PWRWONCOLXX,2039,0.2607
GLOBAL,PWRWONCOLXX,2040,0.2607
GLOBAL,PWRWONCOLXX,2041,0.2607
GLOBAL,PWRWONCOLXX,2042,0.2607
GLOBAL,PWRWONCOLXX,2043,0.2607
GLOBAL,PWRWONCOLXX,2044,0.2607
GLOBAL,PWRWONCOLXX,2045,0.2607
GLOBAL,PWRWONCOLXX,2046,0.2607
GLOBAL,PWRWONCOLXX,2047,0.2607
GLOBAL,PWRWONCOLXX,2048,0.2607
GLOBAL,PWRWONCOLXX,2049,0.2607
GLOBAL,PWRWONCOLXX,2050,0.2607
GLOBAL,PWRWONCRIXX,2023,5.2601
GLOBAL,PWRWONCRIXX,2024,5.5098
GLOBAL,PWRWONCRIXX,2025,5.5098
GLOBAL,PWRWONCRIXX,2026,5.5098
GLOBAL,PWRWONCRIXX,2027,5.5098
GLOBAL,PWRWONCRIXX,2028,5.5098
GLOBAL,PWRWONCRIXX,2029,5.5098
GLOBAL,PWRWONCRIXX,2030,5.5098
GLOBAL,PWRWONCRIXX,2031,5.5098
GLOBAL,PWRWONCRIXX,2032,5.5098
GLOBAL,PWRWONCRIXX,2033,5.5098
GLOBAL,PWRWONCRIXX,2034,5.5098
GLOBAL,PWRWONCRIXX,2035,5.5098
GLOBAL,PWRWONCRIXX,2036,5.5098
GLOBAL,PWRWONCRIXX,2037,5.5098
GLOBAL,PWRWONCRIXX,2038,5.5098
GLOBAL,PWRWONCRIXX,2039,5.5098
GLOBAL,PWRWONCRIXX,2040,5.5098
GLOBAL,PWRWONCRIXX,2041,5.5098
GLOBAL,PWRWONCRIXX,2042,5.5098
GLOBAL,PWRWONCRIXX,2043,5.5098
GLOBAL,PWRWONCRIXX,2044,5.5098
GLOBAL,PWRWONCRIXX,2045,5.5098
GLOBAL,PWRWONCRIXX,2046,5.5098
GLOBAL,PWRWONCRIXX,2047,5.5098
GLOBAL,PWRWONCRIXX,2048,5.5098
GLOBAL,PWRWONCRIXX,2049,5.5098
GLOBAL,PWRWONCRIXX,2050,5.5098
GLOBAL,PWRWONDOMXX,2023,4.0656
GLOBAL,PWRWONDOMXX,2024,4.2507
GLOBAL,PWRWONDOMXX,2025,4.2507
GLOBAL,PWRWONDOMXX,2026,4.2507
GLOBAL,PWRWONDOMXX,2027,4.2507
GLOBAL,PWRWONDOMXX,2028,4.2507
GLOBAL,PWRWONDOMXX,2029,4.2507
GLOBAL,PWRWONDOMXX,2030,4.2507
GLOBAL,PWRWONDOMXX,2031,4.2507
GLOBAL,PWRWONDOMXX,2032,4.2507
GLOBAL,PWRWONDOMXX,2033,4.2507
GLOBAL,PWRWONDOMXX,2034,4.2507
GLOBAL,PWRWONDOMXX,2035,4.2507
GLOBAL,PWRWONDOMXX,2036,4.2507
GLOBAL,PWRWONDOMXX,2037,4.2507
GLOBAL,PWRWONDOMXX,2038,4.2507
GLOBAL,PWRWONDOMXX,2039,4.2507
GLOBAL,PWRWONDOMXX,2040,4.2507
GLOBAL,PWRWONDOMXX,2041,4.2507
GLOBAL,PWRWONDOMXX,2042,4.2507
GLOBAL,PWRWONDOMXX,2043,4.2507
GLOBAL,PWRWONDOMXX,2044,4.2507
GLOBAL,PWRWONDOMXX,2045,4.2507
GLOBAL,PWRWONDOMXX,2046,4.2507
GLOBAL,PWRWONDOMXX,2047,4.2507
GLOBAL,PWRWONDOMXX,2048,4.2507
GLOBAL,PWRWONDOMXX,2049,4.2507
GLOBAL,PWRWONDOMXX,2050,4.2507
GLOBAL,PWRWONECUXX,2023,0.495
GLOBAL,PWRWONECUXX,2024,0.7636
GLOBAL,PWRWONECUXX,2025,0.7636
GLOBAL,PWRWONECUXX,2026,0.7636
GLOBAL,PWRWONECUXX,2027,0.7636
GLOBAL,PWRWONECUXX,2028,0.7636
GLOBAL,PWRWONECUXX,2029,0.7636
GLOBAL,PWRWONECUXX,2030,0.7636
GLOBAL,PWRWONECUXX,2031,0.7636
GLOBAL,PWRWONECUXX,2032,0.7636
GLOBAL,PWRWONECUXX,2033,0.7636
GLOBAL,PWRWONECUXX,2034,0.7636
GLOBAL,PWRWONECUXX,2035,0.7636
GLOBAL,PWRWONECUXX,2036,0.7636
GLOBAL,PWRWONECUXX,2037,0.7636
GLOBAL,PWRWONECUXX,2038,0.7636
GLOBAL,PWRWONECUXX,2039,0.7636
GLOBAL,PWRWONECUXX,2040,0.7636
GLOBAL,PWRWONECUXX,2041,0.7636
GLOBAL,PWRWONECUXX,2042,0.7636
GLOBAL,PWRWONECUXX,2043,0.7636
GLOBAL,PWRWONECUXX,2044,0.7636
GLOBAL,PWRWONECUXX,2045,0.7636
GLOBAL,PWRWONECUXX,2046,0.7636
GLOBAL,PWRWONECUXX,2047,0.7636
GLOBAL,PWRWONECUXX,2048,0.7636
GLOBAL,PWRWONECUXX,2049,0.7636
GLOBAL,PWRWONECUXX,2050,0.7636
GLOBAL,PWRWONGTMXX,2023,1.2382
GLOBAL,PWRWONGTMXX,2024,1.2832
GLOBAL,PWRWONGTMXX,2025,1.2832
GLOBAL,PWRWONGTMXX,2026,1.2832
GLOBAL,PWRWONGTMXX,2027,1.2832
GLOBAL,PWRWONGTMXX,2028,1.2832
GLOBAL,PWRWONGTMXX,2029,1.2832
GLOBAL,PWRWONGTMXX,2030,1.2832
GLOBAL,PWRWONGTMXX,2031,1.2832
GLOBAL,PWRWONGTMXX,2032,1.2832
GLOBAL,PWRWONGTMXX,2033,1.2832
GLOBAL,PWRWONGTMXX,2034,1.2832
GLOBAL,PWRWONGTMXX,2035,1.2832
GLOBAL,PWRWONGTMXX,2036,1.2832
GLOBAL,PWRWONGTMXX,2037,1.2832
GLOBAL,PWRWONGTMXX,2038,1.2832
GLOBAL,PWRWONGTMXX,2039,1.2832
GLOBAL,PWRWONGTMXX,2040,1.2832
GLOBAL,PWRWONGTMXX,2041,1.2832
GLOBAL,PWRWONGTMXX,2042,1.2832
GLOBAL,PWRWONGTMXX,2043,1.2832
GLOBAL,PWRWONGTMXX,2044,1.2832
GLOBAL,PWRWONGTMXX,2045,1.2832
GLOBAL,PWRWONGTMXX,2046,1.2832
GLOBAL,PWRWONGTMXX,2047,1.2832
GLOBAL,PWRWONGTMXX,2048,1.2832
GLOBAL,PWRWONGTMXX,2049,1.2832
GLOBAL,PWRWONGTMXX,2050,1.2832
GLOBAL,PWRWONHNDXX,2023,2.7726
GLOBAL,PWRWONHNDXX,2024,2.8617
GLOBAL,PWRWONHNDXX,2025,2.8617
GLOBAL,PWRWONHNDXX,2026,2.8617
GLOBAL,PWRWONHNDXX,2027,2.8617
GLOBAL,PWRWONHNDXX,2028,2.8617
GLOBAL,PWRWONHNDXX,2029,2.8617
GLOBAL,PWRWONHNDXX,2030,2.8617
GLOBAL,PWRWONHNDXX,2031,2.8617
GLOBAL,PWRWONHNDXX,2032,2.8617
GLOBAL,PWRWONHNDXX,2033,2.8617
GLOBAL,PWRWONHNDXX,2034,2.8617
GLOBAL,PWRWONHNDXX,2035,2.8617
GLOBAL,PWRWONHNDXX,2036,2.8617
GLOBAL,PWRWONHNDXX,2037,2.8617
GLOBAL,PWRWONHNDXX,2038,2.8617
GLOBAL,PWRWONHNDXX,2039,2.8617
GLOBAL,PWRWONHNDXX,2040,2.8617
GLOBAL,PWRWONHNDXX,2041,2.8617
GLOBAL,PWRWONHNDXX,2042,2.8617
GLOBAL,PWRWONHNDXX,2043,2.8617
GLOBAL,PWRWONHNDXX,2044,2.8617
GLOBAL,PWRWONHNDXX,2045,2.8617
GLOBAL,PWRWONHNDXX,2046,2.8617
GLOBAL,PWRWONHNDXX,2047,2.8617
GLOBAL,PWRWONHNDXX,2048,2.8617
GLOBAL,PWRWONHNDXX,2049,2.8617
GLOBAL,PWRWONHNDXX,2050,2.8617
GLOBAL,PWRWONHTIXX,2023,0.0003
GLOBAL,PWRWONHTIXX,2024,0.0003
GLOBAL,PWRWONHTIXX,2025,0.0003
GLOBAL,PWRWONHTIXX,2026,0.0003
GLOBAL,PWRWONHTIXX,2027,0.0003
GLOBAL,PWRWONHTIXX,2028,0.0003
GLOBAL,PWRWONHTIXX,2029,0.0003
GLOBAL,PWRWONHTIXX,2030,0.0003
GLOBAL,PWRWONHTIXX,2031,0.0003
GLOBAL,PWRWONHTIXX,2032,0.0003
GLOBAL,PWRWONHTIXX,2033,0.0003
GLOBAL,PWRWONHTIXX,2034,0.0003
GLOBAL,PWRWONHTIXX,2035,0.0003
GLOBAL,PWRWONHTIXX,2036,0.0003
GLOBAL,PWRWONHTIXX,2037,0.0003
GLOBAL,PWRWONHTIXX,2038,0.0003
GLOBAL,PWRWONHTIXX,2039,0.0003
GLOBAL,PWRWONHTIXX,2040,0.0003
GLOBAL,PWRWONHTIXX,2041,0.0003
GLOBAL,PWRWONHTIXX,2042,0.0003
GLOBAL,PWRWONHTIXX,2043,0.0003
GLOBAL,PWRWONHTIXX,2044,0.0003
GLOBAL,PWRWONHTIXX,2045,0.0003
GLOBAL,PWRWONHTIXX,2046,0.0003
GLOBAL,PWRWONHTIXX,2047,0.0003
GLOBAL,PWRWONHTIXX,2048,0.0003
GLOBAL,PWRWONHTIXX,2049,0.0003
GLOBAL,PWRWONHTIXX,2050,0.0003
GLOBAL,PWRWONMEXXX,2023,74.5197
GLOBAL,PWRWONMEXXX,2024,76.7068
GLOBAL,PWRWONMEXXX,2025,76.7068
GLOBAL,PWRWONMEXXX,2026,76.7068
GLOBAL,PWRWONMEXXX,2027,76.7068
GLOBAL,PWRWONMEXXX,2028,76.7068
GLOBAL,PWRWONMEXXX,2029,76.7068
GLOBAL,PWRWONMEXXX,2030,76.7068
GLOBAL,PWRWONMEXXX,2031,76.7068
GLOBAL,PWRWONMEXXX,2032,76.7068
GLOBAL,PWRWONMEXXX,2033,76.7068
GLOBAL,PWRWONMEXXX,2034,76.7068
GLOBAL,PWRWONMEXXX,2035,76.7068
GLOBAL,PWRWONMEXXX,2036,76.7068
GLOBAL,PWRWONMEXXX,2037,76.7068
GLOBAL,PWRWONMEXXX,2038,76.7068
GLOBAL,PWRWONMEXXX,2039,76.7068
GLOBAL,PWRWONMEXXX,2040,76.7068
GLOBAL,PWRWONMEXXX,2041,76.7068
GLOBAL,PWRWONMEXXX,2042,76.7068
GLOBAL,PWRWONMEXXX,2043,76.7068
GLOBAL,PWRWONMEXXX,2044,76.7068
GLOBAL,PWRWONMEXXX,2045,76.7068
GLOBAL,PWRWONMEXXX,2046,76.7068
GLOBAL,PWRWONMEXXX,2047,76.7068
GLOBAL,PWRWONMEXXX,2048,76.7068
GLOBAL,PWRWONMEXXX,2049,76.7068
GLOBAL,PWRWONMEXXX,2050,76.7068
GLOBAL,PWRWONNICXX,2023,2.3958
GLOBAL,PWRWONNICXX,2024,2.5005
GLOBAL,PWRWONNICXX,2025,2.5005
GLOBAL,PWRWONNICXX,2026,2.5005
GLOBAL,PWRWONNICXX,2027,2.5005
GLOBAL,PWRWONNICXX,2028,2.5005
GLOBAL,PWRWONNICXX,2029,2.5005
GLOBAL,PWRWONNICXX,2030,2.5005
GLOBAL,PWRWONNICXX,2031,2.5005
GLOBAL,PWRWONNICXX,2032,2.5005
GLOBAL,PWRWONNICXX,2033,2.5005
GLOBAL,PWRWONNICXX,2034,2.5005
GLOBAL,PWRWONNICXX,2035,2.5005
GLOBAL,PWRWONNICXX,2036,2.5005
GLOBAL,PWRWONNICXX,2037,2.5005
GLOBAL,PWRWONNICXX,2038,2.5005
GLOBAL,PWRWONNICXX,2039,2.5005
GLOBAL,PWRWONNICXX,2040,2.5005
GLOBAL,PWRWONNICXX,2041,2.5005
GLOBAL,PWRWONNICXX,2042,2.5005
GLOBAL,PWRWONNICXX,2043,2.5005
GLOBAL,PWRWONNICXX,2044,2.5005
GLOBAL,PWRWONNICXX,2045,2.5005
GLOBAL,PWRWONNICXX,2046,2.5005
GLOBAL,PWRWONNICXX,2047,2.5005
GLOBAL,PWRWONNICXX,2048,2.5005
GLOBAL,PWRWONNICXX,2049,2.5005
GLOBAL,PWRWONNICXX,2050,2.5005
GLOBAL,PWRWONPANXX,2023,2.2
GLOBAL,PWRWONPANXX,2024,2.4427
GLOBAL,PWRWONPANXX,2025,2.7978
GLOBAL,PWRWONPANXX,2026,3.0321
GLOBAL,PWRWONPANXX,2027,3.2665
GLOBAL,PWRWONPANXX,2028,3.4521
GLOBAL,PWRWONPANXX,2029,3.4521
GLOBAL,PWRWONPANXX,2030,3.4521
GLOBAL,PWRWONPANXX,2031,3.4521
GLOBAL,PWRWONPANXX,2032,3.4521
GLOBAL,PWRWONPANXX,2033,3.4521
GLOBAL,PWRWONPANXX,2034,3.4521
GLOBAL,PWRWONPANXX,2035,3.4521
GLOBAL,PWRWONPANXX,2036,3.4521
GLOBAL,PWRWONPANXX,2037,3.4521
GLOBAL,PWRWONPANXX,2038,3.4521
GLOBAL,PWRWONPANXX,2039,3.4521
GLOBAL,PWRWONPANXX,2040,3.4521
GLOBAL,PWRWONPANXX,2041,3.4521
GLOBAL,PWRWONPANXX,2042,3.4521
GLOBAL,PWRWONPANXX,2043,3.4521
GLOBAL,PWRWONPANXX,2044,3.4521
GLOBAL,PWRWONPANXX,2045,3.4521
GLOBAL,PWRWONPANXX,2046,3.4521
GLOBAL,PWRWONPANXX,2047,3.4521
GLOBAL,PWRWONPANXX,2048,3.4521
GLOBAL,PWRWONPANXX,2049,3.4521
GLOBAL,PWRWONPANXX,2050,3.4521
GLOBAL,PWRWONPERXX,2023,8.4788
GLOBAL,PWRWONPERXX,2024,8.8256
GLOBAL,PWRWONPERXX,2025,8.8256
GLOBAL,PWRWONPERXX,2026,8.8256
GLOBAL,PWRWONPERXX,2027,8.8256
GLOBAL,PWRWONPERXX,2028,8.8256
GLOBAL,PWRWONPERXX,2029,8.8256
GLOBAL,PWRWONPERXX,2030,8.8256
GLOBAL,PWRWONPERXX,2031,8.8256
GLOBAL,PWRWONPERXX,2032,8.8256
GLOBAL,PWRWONPERXX,2033,8.8256
GLOBAL,PWRWONPERXX,2034,8.8256
GLOBAL,PWRWONPERXX,2035,8.8256
GLOBAL,PWRWONPERXX,2036,8.8256
GLOBAL,PWRWONPERXX,2037,8.8256
GLOBAL,PWRWONPERXX,2038,8.8256
GLOBAL,PWRWONPERXX,2039,8.8256
GLOBAL,PWRWONPERXX,2040,8.8256
GLOBAL,PWRWONPERXX,2041,8.8256
GLOBAL,PWRWONPERXX,2042,8.8256
GLOBAL,PWRWONPERXX,2043,8.8256
GLOBAL,PWRWONPERXX,2044,8.8256
GLOBAL,PWRWONPERXX,2045,8.8256
GLOBAL,PWRWONPERXX,2046,8.8256
GLOBAL,PWRWONPERXX,2047,8.8256
GLOBAL,PWRWONPERXX,2048,8.8256
GLOBAL,PWRWONPERXX,2049,8.8256
GLOBAL,PWRWONPERXX,2050,8.8256
GLOBAL,PWRWONSLVXX,2023,0.5405
GLOBAL,PWRWONSLVXX,2024,0.5405
GLOBAL,PWRWONSLVXX,2025,0.5881
GLOBAL,PWRWONSLVXX,2026,0.5881
GLOBAL,PWRWONSLVXX,2027,0.5881
GLOBAL,PWRWONSLVXX,2028,0.5881
GLOBAL,PWRWONSLVXX,2029,0.5881
GLOBAL,PWRWONSLVXX,2030,0.5881
GLOBAL,PWRWONSLVXX,2031,0.5881
GLOBAL,PWRWONSLVXX,2032,0.5881
GLOBAL,PWRWONSLVXX,2033,0.5881
GLOBAL,PWRWONSLVXX,2034,0.5881
GLOBAL,PWRWONSLVXX,2035,0.5881
GLOBAL,PWRWONSLVXX,2036,0.5881
GLOBAL,PWRWONSLVXX,2037,0.5881
GLOBAL,PWRWONSLVXX,2038,0.5881
GLOBAL,PWRWONSLVXX,2039,0.5881
GLOBAL,PWRWONSLVXX,2040,0.5881
GLOBAL,PWRWONSLVXX,2041,0.5881
GLOBAL,PWRWONSLVXX,2042,0.5881
GLOBAL,PWRWONSLVXX,2043,0.5881
GLOBAL,PWRWONSLVXX,2044,0.5881
GLOBAL,PWRWONSLVXX,2045,0.5881
GLOBAL,PWRWONSLVXX,2046,0.5881
GLOBAL,PWRWONSLVXX,2047,0.5881
GLOBAL,PWRWONSLVXX,2048,0.5881
GLOBAL,PWRWONSLVXX,2049,0.5881
GLOBAL,PWRWONSLVXX,2050,0.5881
GLOBAL,PWRWONURYXX,2023,15.0716
GLOBAL,PWRWONURYXX,2024,15.6353
GLOBAL,PWRWONURYXX,2025,15.9225
GLOBAL,PWRWONURYXX,2026,16.2098
GLOBAL,PWRWONURYXX,2027,16.4971
GLOBAL,PWRWONURYXX,2028,16.7843
GLOBAL,PWRWONURYXX,2029,17.0716
GLOBAL,PWRWONURYXX,2030,18.087
GLOBAL,PWRWONURYXX,2031,19.1025
GLOBAL,PWRWONURYXX,2032,19.4855
GLOBAL,PWRWONURYXX,2033,19.8685
GLOBAL,PWRWONURYXX,2034,21.8203
GLOBAL,PWRWONURYXX,2035,21.8203
GLOBAL,PWRWONURYXX,2036,21.8203
GLOBAL,PWRWONURYXX,2037,21.8203
GLOBAL,PWRWONURYXX,2038,21.8203
GLOBAL,PWRWONURYXX,2039,21.8203
GLOBAL,PWRWONURYXX,2040,21.8203
GLOBAL,PWRWONURYXX,2041,21.8203
GLOBAL,PWRWONURYXX,2042,21.8203
GLOBAL,PWRWONURYXX,2043,21.8203
GLOBAL,PWRWONURYXX,2044,21.8203
GLOBAL,PWRWONURYXX,2045,21.8203
GLOBAL,PWRWONURYXX,2046,21.8203
GLOBAL,PWRWONURYXX,2047,21.8203
GLOBAL,PWRWONURYXX,2048,21.8203
GLOBAL,PWRWONURYXX,2049,21.8203
GLOBAL,PWRWONURYXX,2050,21.8203
GLOBAL,TRNARGXXBOLXX,2023,0.2542
GLOBAL,TRNARGXXBOLXX,2024,0.6273
GLOBAL,TRNARGXXBOLXX,2025,0.1712
GLOBAL,TRNARGXXBOLXX,2026,0.1677
GLOBAL,TRNARGXXBOLXX,2027,0.1643
GLOBAL,TRNARGXXBOLXX,2028,0.1678
GLOBAL,TRNARGXXBOLXX,2029,0.164
GLOBAL,TRNARGXXBOLXX,2030,0.1622
GLOBAL,TRNARGXXBOLXX,2031,0.1682
GLOBAL,TRNARGXXBOLXX,2032,0.17
GLOBAL,TRNARGXXBOLXX,2033,0.1718
GLOBAL,TRNARGXXBOLXX,2034,0.1736
GLOBAL,TRNARGXXBOLXX,2035,0.1741
GLOBAL,TRNARGXXBOLXX,2036,0.1739
GLOBAL,TRNARGXXBOLXX,2037,0.1739
GLOBAL,TRNARGXXBOLXX,2038,0.1741
GLOBAL,TRNARGXXBOLXX,2039,0.1746
GLOBAL,TRNARGXXBOLXX,2040,0.1753
GLOBAL,TRNARGXXBOLXX,2041,0.1725
GLOBAL,TRNARGXXBOLXX,2042,0.1699
GLOBAL,TRNARGXXBOLXX,2043,0.1674
GLOBAL,TRNARGXXBOLXX,2044,0.165
GLOBAL,TRNARGXXBOLXX,2045,0.1628
GLOBAL,TRNARGXXBOLXX,2046,0.1606
GLOBAL,TRNARGXXBOLXX,2047,0.1586
GLOBAL,TRNARGXXBOLXX,2048,0.1567
GLOBAL,TRNARGXXBOLXX,2049,0.1548
GLOBAL,TRNARGXXBOLXX,2050,0.1531
GLOBAL,TRNARGXXBRAXX,2023,13.8329
GLOBAL,TRNARGXXBRAXX,2024,11.6774
GLOBAL,TRNARGXXBRAXX,2025,11.7283
GLOBAL,TRNARGXXBRAXX,2026,11.6258
GLOBAL,TRNARGXXBRAXX,2027,11.5292
GLOBAL,TRNARGXXBRAXX,2028,11.4384
GLOBAL,TRNARGXXBRAXX,2029,11.353
GLOBAL,TRNARGXXBRAXX,2030,11.265
GLOBAL,TRNARGXXBRAXX,2031,11.4586
GLOBAL,TRNARGXXBRAXX,2032,11.6598
GLOBAL,TRNARGXXBRAXX,2033,11.8689
GLOBAL,TRNARGXXBRAXX,2034,12.0874
GLOBAL,TRNARGXXBRAXX,2035,12.2413
GLOBAL,TRNARGXXBRAXX,2036,12.3315
GLOBAL,TRNARGXXBRAXX,2037,12.4331
GLOBAL,TRNARGXXBRAXX,2038,12.5472
GLOBAL,TRNARGXXBRAXX,2039,12.6732
GLOBAL,TRNARGXXBRAXX,2040,12.8113
GLOBAL,TRNARGXXBRAXX,2041,12.7114
GLOBAL,TRNARGXXBRAXX,2042,12.6182
GLOBAL,TRNARGXXBRAXX,2043,12.5314
GLOBAL,TRNARGXXBRAXX,2044,12.4505
GLOBAL,TRNARGXXBRAXX,2045,12.3753
GLOBAL,TRNARGXXBRAXX,2046,12.3054
GLOBAL,TRNARGXXBRAXX,2047,12.2406
GLOBAL,TRNARGXXBRAXX,2048,12.1807
GLOBAL,TRNARGXXBRAXX,2049,12.1253
GLOBAL,TRNARGXXBRAXX,2050,12.0743
GLOBAL,TRNARGXXCHLXX,2023,0.1961
GLOBAL,TRNARGXXCHLXX,2025,0.045
GLOBAL,TRNARGXXCHLXX,2026,0.0445
GLOBAL,TRNARGXXCHLXX,2027,0.0439
GLOBAL,TRNARGXXCHLXX,2028,0.0434
GLOBAL,TRNARGXXCHLXX,2029,0.0428
GLOBAL,TRNARGXXCHLXX,2030,0.0425
GLOBAL,TRNARGXXCHLXX,2031,0.0447
GLOBAL,TRNARGXXCHLXX,2032,0.0471
GLOBAL,TRNARGXXCHLXX,2033,0.0496
GLOBAL,TRNARGXXCHLXX,2034,0.0523
GLOBAL,TRNARGXXCHLXX,2035,0.0551
GLOBAL,TRNARGXXCHLXX,2036,0.0559
GLOBAL,TRNARGXXCHLXX,2037,0.0566
GLOBAL,TRNARGXXCHLXX,2038,0.0575
GLOBAL,TRNARGXXCHLXX,2039,0.0584
GLOBAL,TRNARGXXCHLXX,2040,0.0593
GLOBAL,TRNARGXXCHLXX,2041,0.0596
GLOBAL,TRNARGXXCHLXX,2042,0.06
GLOBAL,TRNARGXXCHLXX,2043,0.0604
GLOBAL,TRNARGXXCHLXX,2044,0.0608
GLOBAL,TRNARGXXCHLXX,2045,0.0613
GLOBAL,TRNARGXXCHLXX,2046,0.0618
GLOBAL,TRNARGXXCHLXX,2047,0.0623
GLOBAL,TRNARGXXCHLXX,2048,0.0629
GLOBAL,TRNARGXXCHLXX,2049,0.0636
GLOBAL,TRNARGXXCHLXX,2050,0.0642
GLOBAL,TRNARGXXPRYXX,2023,38.846
GLOBAL,TRNARGXXPRYXX,2024,24.2863
GLOBAL,TRNARGXXPRYXX,2025,30.6935
GLOBAL,TRNARGXXPRYXX,2026,30.5059
GLOBAL,TRNARGXXPRYXX,2027,29.8728
GLOBAL,TRNARGXXPRYXX,2028,26.9998
GLOBAL,TRNARGXXPRYXX,2029,26.6086
GLOBAL,TRNARGXXPRYXX,2030,26.2299
GLOBAL,TRNARGXXPRYXX,2031,26.6372
GLOBAL,TRNARGXXPRYXX,2032,27.0864
GLOBAL,TRNARGXXPRYXX,2033,27.5296
GLOBAL,TRNARGXXPRYXX,2034,27.9529
GLOBAL,TRNARGXXPRYXX,2035,28.3779
GLOBAL,TRNARGXXPRYXX,2036,28.5976
GLOBAL,TRNARGXXPRYXX,2037,28.8841
GLOBAL,TRNARGXXPRYXX,2038,29.1544
GLOBAL,TRNARGXXPRYXX,2039,29.4119
GLOBAL,TRNARGXXPRYXX,2040,29.7606
GLOBAL,TRNARGXXPRYXX,2041,29.4223
GLOBAL,TRNARGXXPRYXX,2042,29.1601
GLOBAL,TRNARGXXPRYXX,2043,28.7312
GLOBAL,TRNARGXXPRYXX,2044,28.325
GLOBAL,TRNARGXXPRYXX,2045,27.9368
GLOBAL,TRNARGXXPRYXX,2046,27.5696
GLOBAL,TRNARGXXPRYXX,2047,27.2205
GLOBAL,TRNARGXXPRYXX,2048,26.8889
GLOBAL,TRNARGXXPRYXX,2049,26.5729
GLOBAL,TRNARGXXPRYXX,2050,26.2718
GLOBAL,TRNARGXXURYXX,2024,2.2356
GLOBAL,TRNARGXXURYXX,2025,1.1073
GLOBAL,TRNARGXXURYXX,2026,1.0893
GLOBAL,TRNARGXXURYXX,2027,1.0911
GLOBAL,TRNARGXXURYXX,2028,1.0742
GLOBAL,TRNARGXXURYXX,2029,1.0543
GLOBAL,TRNARGXXURYXX,2030,1.0345
GLOBAL,TRNARGXXURYXX,2031,1.0412
GLOBAL,TRNARGXXURYXX,2032,1.0487
GLOBAL,TRNARGXXURYXX,2033,1.057
GLOBAL,TRNARGXXURYXX,2034,1.0662
GLOBAL,TRNARGXXURYXX,2035,1.0764
GLOBAL,TRNARGXXURYXX,2036,1.08
GLOBAL,TRNARGXXURYXX,2037,1.0851
GLOBAL,TRNARGXXURYXX,2038,1.0914
GLOBAL,TRNARGXXURYXX,2039,1.0988
GLOBAL,TRNARGXXURYXX,2040,1.1078
GLOBAL,TRNARGXXURYXX,2041,1.0945
GLOBAL,TRNARGXXURYXX,2042,1.082
GLOBAL,TRNARGXXURYXX,2043,1.0702
GLOBAL,TRNARGXXURYXX,2044,1.0591
GLOBAL,TRNARGXXURYXX,2045,1.0486
GLOBAL,TRNARGXXURYXX,2046,1.0387
GLOBAL,TRNARGXXURYXX,2047,1.0294
GLOBAL,TRNARGXXURYXX,2048,1.0206
GLOBAL,TRNARGXXURYXX,2049,1.0122
GLOBAL,TRNARGXXURYXX,2050,1.0043
GLOBAL,TRNBRAXXPRYXX,2023,65.0871
GLOBAL,TRNBRAXXPRYXX,2024,34.2538
GLOBAL,TRNBRAXXPRYXX,2025,61.9944
GLOBAL,TRNBRAXXPRYXX,2026,62.3488
GLOBAL,TRNBRAXXPRYXX,2027,61.8335
GLOBAL,TRNBRAXXPRYXX,2028,57.0028
GLOBAL,TRNBRAXXPRYXX,2029,56.9266
GLOBAL,TRNBRAXXPRYXX,2030,56.898
GLOBAL,TRNBRAXXPRYXX,2031,57.1271
GLOBAL,TRNBRAXXPRYXX,2032,57.4141
GLOBAL,TRNBRAXXPRYXX,2033,57.6659
GLOBAL,TRNBRAXXPRYXX,2034,57.8605
GLOBAL,TRNBRAXXPRYXX,2035,57.7044
GLOBAL,TRNBRAXXPRYXX,2036,57.1656
GLOBAL,TRNBRAXXPRYXX,2037,56.7322
GLOBAL,TRNBRAXXPRYXX,2038,56.2493
GLOBAL,TRNBRAXXPRYXX,2039,55.7179
GLOBAL,TRNBRAXXPRYXX,2040,55.3355
GLOBAL,TRNBRAXXPRYXX,2041,54.7294
GLOBAL,TRNBRAXXPRYXX,2042,54.2643
GLOBAL,TRNBRAXXPRYXX,2043,53.4746
GLOBAL,TRNBRAXXPRYXX,2044,52.724
GLOBAL,TRNBRAXXPRYXX,2045,52.004
GLOBAL,TRNBRAXXPRYXX,2046,51.3209
GLOBAL,TRNBRAXXPRYXX,2047,50.6689
GLOBAL,TRNBRAXXPRYXX,2048,50.0475
GLOBAL,TRNBRAXXPRYXX,2049,49.453
GLOBAL,TRNBRAXXPRYXX,2050,48.8842
GLOBAL,TRNBRAXXURYXX,2023,5.6159
GLOBAL,TRNBRAXXURYXX,2024,4.9151
GLOBAL,TRNBRAXXURYXX,2025,5.7478
GLOBAL,TRNBRAXXURYXX,2026,5.7323
GLOBAL,TRNBRAXXURYXX,2027,5.8132
GLOBAL,TRNBRAXXURYXX,2028,5.8007
GLOBAL,TRNBRAXXURYXX,2029,5.7721
GLOBAL,TRNBRAXXURYXX,2030,5.7463
GLOBAL,TRNBRAXXURYXX,2031,5.7227
GLOBAL,TRNBRAXXURYXX,2032,5.7004
GLOBAL,TRNBRAXXURYXX,2033,5.6798
GLOBAL,TRNBRAXXURYXX,2034,5.6619
GLOBAL,TRNBRAXXURYXX,2035,5.6121
GLOBAL,TRNBRAXXURYXX,2036,5.5312
GLOBAL,TRNBRAXXURYXX,2037,5.4554
GLOBAL,TRNBRAXXURYXX,2038,5.3838
GLOBAL,TRNBRAXXURYXX,2039,5.3153
GLOBAL,TRNBRAXXURYXX,2040,5.2515
GLOBAL,TRNBRAXXURYXX,2041,5.1907
GLOBAL,TRNBRAXXURYXX,2042,5.1335
GLOBAL,TRNBRAXXURYXX,2043,5.0789
GLOBAL,TRNBRAXXURYXX,2044,5.0275
GLOBAL,TRNBRAXXURYXX,2045,4.9785
GLOBAL,TRNBRAXXURYXX,2046,4.9323
GLOBAL,TRNBRAXXURYXX,2047,4.8883
GLOBAL,TRNBRAXXURYXX,2048,4.8465
GLOBAL,TRNBRAXXURYXX,2049,4.8067
GLOBAL,TRNBRAXXURYXX,2050,4.769
GLOBAL,TRNCHLXXPERXX,2025,0.0007
GLOBAL,TRNCHLXXPERXX,2026,0.0007
GLOBAL,TRNCHLXXPERXX,2027,0.0007
GLOBAL,TRNCHLXXPERXX,2028,0.0007
GLOBAL,TRNCHLXXPERXX,2029,0.0007
GLOBAL,TRNCHLXXPERXX,2030,0.0007
GLOBAL,TRNCHLXXPERXX,2031,0.0007
GLOBAL,TRNCHLXXPERXX,2032,0.0007
GLOBAL,TRNCHLXXPERXX,2033,0.0008
GLOBAL,TRNCHLXXPERXX,2034,0.0008
GLOBAL,TRNCHLXXPERXX,2035,0.0008
GLOBAL,TRNCHLXXPERXX,2036,0.0008
GLOBAL,TRNCHLXXPERXX,2037,0.0008
GLOBAL,TRNCHLXXPERXX,2038,0.0008
GLOBAL,TRNCHLXXPERXX,2039,0.0008
GLOBAL,TRNCHLXXPERXX,2040,0.0008
GLOBAL,TRNCHLXXPERXX,2041,0.0008
GLOBAL,TRNCHLXXPERXX,2042,0.0008
GLOBAL,TRNCHLXXPERXX,2043,0.0008
GLOBAL,TRNCHLXXPERXX,2044,0.0008
GLOBAL,TRNCHLXXPERXX,2045,0.0008
GLOBAL,TRNCHLXXPERXX,2046,0.0009
GLOBAL,TRNCHLXXPERXX,2047,0.0009
GLOBAL,TRNCHLXXPERXX,2048,0.0009
GLOBAL,TRNCHLXXPERXX,2049,0.0009
GLOBAL,TRNCHLXXPERXX,2050,0.0009
GLOBAL,TRNCOLXXECUXX,2023,3.8163
GLOBAL,TRNCOLXXECUXX,2024,4.6538
GLOBAL,TRNCOLXXECUXX,2025,3.8796
GLOBAL,TRNCOLXXECUXX,2026,3.9614
GLOBAL,TRNCOLXXECUXX,2027,3.9663
GLOBAL,TRNCOLXXECUXX,2028,3.9307
GLOBAL,TRNCOLXXECUXX,2029,3.9102
GLOBAL,TRNCOLXXECUXX,2030,3.884
GLOBAL,TRNCOLXXECUXX,2031,3.8674
GLOBAL,TRNCOLXXECUXX,2032,3.8428
GLOBAL,TRNCOLXXECUXX,2033,3.8282
GLOBAL,TRNCOLXXECUXX,2034,3.8154
GLOBAL,TRNCOLXXECUXX,2035,3.804
GLOBAL,TRNCOLXXECUXX,2036,3.7693
GLOBAL,TRNCOLXXECUXX,2037,3.7506
GLOBAL,TRNCOLXXECUXX,2038,3.7274
GLOBAL,TRNCOLXXECUXX,2039,3.6917
GLOBAL,TRNCOLXXECUXX,2040,3.6594
GLOBAL,TRNCOLXXECUXX,2041,3.6302
GLOBAL,TRNCOLXXECUXX,2042,3.604
GLOBAL,TRNCOLXXECUXX,2043,3.5807
GLOBAL,TRNCOLXXECUXX,2044,3.5597
GLOBAL,TRNCOLXXECUXX,2045,3.5416
GLOBAL,TRNCOLXXECUXX,2046,3.5258
GLOBAL,TRNCOLXXECUXX,2047,3.5123
GLOBAL,TRNCOLXXECUXX,2048,3.5011
GLOBAL,TRNCOLXXECUXX,2049,3.492
GLOBAL,TRNCOLXXECUXX,2050,3.4849
GLOBAL,TRNCRIXXNICXX,2023,2.7533
GLOBAL,TRNCRIXXNICXX,2024,6.0413
GLOBAL,TRNCRIXXNICXX,2025,4.7374
GLOBAL,TRNCRIXXNICXX,2026,4.667
GLOBAL,TRNCRIXXNICXX,2027,4.5894
GLOBAL,TRNCRIXXNICXX,2028,4.5416
GLOBAL,TRNCRIXXNICXX,2029,4.4948
GLOBAL,TRNCRIXXNICXX,2030,4.4504
GLOBAL,TRNCRIXXNICXX,2031,4.4046
GLOBAL,TRNCRIXXNICXX,2032,4.3611
GLOBAL,TRNCRIXXNICXX,2033,4.3165
GLOBAL,TRNCRIXXNICXX,2034,4.2747
GLOBAL,TRNCRIXXNICXX,2035,4.2306
GLOBAL,TRNCRIXXNICXX,2036,4.168
GLOBAL,TRNCRIXXNICXX,2037,4.1062
GLOBAL,TRNCRIXXNICXX,2038,4.0447
GLOBAL,TRNCRIXXNICXX,2039,3.9855
GLOBAL,TRNCRIXXNICXX,2040,3.9266
GLOBAL,TRNCRIXXNICXX,2041,3.8724
GLOBAL,TRNCRIXXNICXX,2042,3.8223
GLOBAL,TRNCRIXXNICXX,2043,3.7744
GLOBAL,TRNCRIXXNICXX,2044,3.7302
GLOBAL,TRNCRIXXNICXX,2045,3.6886
GLOBAL,TRNCRIXXNICXX,2046,3.6496
GLOBAL,TRNCRIXXNICXX,2047,3.6137
GLOBAL,TRNCRIXXNICXX,2048,3.5804
GLOBAL,TRNCRIXXNICXX,2049,3.5493
GLOBAL,TRNCRIXXNICXX,2050,3.5203
GLOBAL,TRNCRIXXPANXX,2023,1.355
GLOBAL,TRNCRIXXPANXX,2024,2.065
GLOBAL,TRNCRIXXPANXX,2025,1.8563
GLOBAL,TRNCRIXXPANXX,2026,1.8079
GLOBAL,TRNCRIXXPANXX,2027,1.7677
GLOBAL,TRNCRIXXPANXX,2028,1.7449
GLOBAL,TRNCRIXXPANXX,2029,1.7256
GLOBAL,TRNCRIXXPANXX,2030,1.7082
GLOBAL,TRNCRIXXPANXX,2031,1.6905
GLOBAL,TRNCRIXXPANXX,2032,1.6716
GLOBAL,TRNCRIXXPANXX,2033,1.6508
GLOBAL,TRNCRIXXPANXX,2034,1.6285
GLOBAL,TRNCRIXXPANXX,2035,1.6036
GLOBAL,TRNCRIXXPANXX,2036,1.5716
GLOBAL,TRNCRIXXPANXX,2037,1.5388
GLOBAL,TRNCRIXXPANXX,2038,1.5111
GLOBAL,TRNCRIXXPANXX,2039,1.4809
GLOBAL,TRNCRIXXPANXX,2040,1.4512
GLOBAL,TRNCRIXXPANXX,2041,1.423
GLOBAL,TRNCRIXXPANXX,2042,1.3963
GLOBAL,TRNCRIXXPANXX,2043,1.371
GLOBAL,TRNCRIXXPANXX,2044,1.347
GLOBAL,TRNCRIXXPANXX,2045,1.324
GLOBAL,TRNCRIXXPANXX,2046,1.3024
GLOBAL,TRNCRIXXPANXX,2047,1.2817
GLOBAL,TRNCRIXXPANXX,2048,1.2621
GLOBAL,TRNCRIXXPANXX,2049,1.2433
GLOBAL,TRNCRIXXPANXX,2050,1.2254
GLOBAL,TRNECUXXPERXX,2023,1.3462
GLOBAL,TRNECUXXPERXX,2024,0.002
GLOBAL,TRNECUXXPERXX,2025,0.334
GLOBAL,TRNECUXXPERXX,2026,0.3361
GLOBAL,TRNECUXXPERXX,2027,0.3394
GLOBAL,TRNECUXXPERXX,2028,0.3395
GLOBAL,TRNECUXXPERXX,2029,0.3428
GLOBAL,TRNECUXXPERXX,2030,0.3424
GLOBAL,TRNECUXXPERXX,2031,0.3401
GLOBAL,TRNECUXXPERXX,2032,0.3399
GLOBAL,TRNECUXXPERXX,2033,0.3399
GLOBAL,TRNECUXXPERXX,2034,0.3399
GLOBAL,TRNECUXXPERXX,2035,0.34
GLOBAL,TRNECUXXPERXX,2036,0.3388
GLOBAL,TRNECUXXPERXX,2037,0.3379
GLOBAL,TRNECUXXPERXX,2038,0.3372
GLOBAL,TRNECUXXPERXX,2039,0.3367
GLOBAL,TRNECUXXPERXX,2040,0.3365
GLOBAL,TRNECUXXPERXX,2041,0.3364
GLOBAL,TRNECUXXPERXX,2042,0.3365
GLOBAL,TRNECUXXPERXX,2043,0.3368
GLOBAL,TRNECUXXPERXX,2044,0.3373
GLOBAL,TRNECUXXPERXX,2045,0.3379
GLOBAL,TRNECUXXPERXX,2046,0.3387
GLOBAL,TRNECUXXPERXX,2047,0.3397
GLOBAL,TRNECUXXPERXX,2048,0.3408
GLOBAL,TRNECUXXPERXX,2049,0.342
GLOBAL,TRNECUXXPERXX,2050,0.3434
GLOBAL,TRNGTMXXHNDXX,2023,2.197
GLOBAL,TRNGTMXXHNDXX,2024,2.3069
GLOBAL,TRNGTMXXHNDXX,2025,2.2247
GLOBAL,TRNGTMXXHNDXX,2026,2.1939
GLOBAL,TRNGTMXXHNDXX,2027,2.1632
GLOBAL,TRNGTMXXHNDXX,2028,2.1349
GLOBAL,TRNGTMXXHNDXX,2029,2.1064
GLOBAL,TRNGTMXXHNDXX,2030,2.0778
GLOBAL,TRNGTMXXHNDXX,2031,2.0504
GLOBAL,TRNGTMXXHNDXX,2032,2.025
GLOBAL,TRNGTMXXHNDXX,2033,1.9965
GLOBAL,TRNGTMXXHNDXX,2034,1.9684
GLOBAL,TRNGTMXXHNDXX,2035,1.942
GLOBAL,TRNGTMXXHNDXX,2036,1.9306
GLOBAL,TRNGTMXXHNDXX,2037,1.9011
GLOBAL,TRNGTMXXHNDXX,2038,1.8732
GLOBAL,TRNGTMXXHNDXX,2039,1.8484
GLOBAL,TRNGTMXXHNDXX,2040,1.8234
GLOBAL,TRNGTMXXHNDXX,2041,1.8026
GLOBAL,TRNGTMXXHNDXX,2042,1.7825
GLOBAL,TRNGTMXXHNDXX,2043,1.7635
GLOBAL,TRNGTMXXHNDXX,2044,1.7452
GLOBAL,TRNGTMXXHNDXX,2045,1.7286
GLOBAL,TRNGTMXXHNDXX,2046,1.7133
GLOBAL,TRNGTMXXHNDXX,2047,1.6964
GLOBAL,TRNGTMXXHNDXX,2048,1.6808
GLOBAL,TRNGTMXXHNDXX,2049,1.6663
GLOBAL,TRNGTMXXHNDXX,2050,1.6532
GLOBAL,TRNGTMXXMEXXX,2023,7.6081
GLOBAL,TRNGTMXXMEXXX,2024,7.9588
GLOBAL,TRNGTMXXMEXXX,2025,6.1638
GLOBAL,TRNGTMXXMEXXX,2026,6.1353
GLOBAL,TRNGTMXXMEXXX,2027,6.1171
GLOBAL,TRNGTMXXMEXXX,2028,6.0912
GLOBAL,TRNGTMXXMEXXX,2029,6.0652
GLOBAL,TRNGTMXXMEXXX,2030,6.0483
GLOBAL,TRNGTMXXMEXXX,2031,6.0349
GLOBAL,TRNGTMXXMEXXX,2032,6.0172
GLOBAL,TRNGTMXXMEXXX,2033,5.9959
GLOBAL,TRNGTMXXMEXXX,2034,5.9813
GLOBAL,TRNGTMXXMEXXX,2035,5.9663
GLOBAL,TRNGTMXXMEXXX,2036,5.9743
GLOBAL,TRNGTMXXMEXXX,2037,5.99
GLOBAL,TRNGTMXXMEXXX,2038,6.0102
GLOBAL,TRNGTMXXMEXXX,2039,6.0325
GLOBAL,TRNGTMXXMEXXX,2040,6.0522
GLOBAL,TRNGTMXXMEXXX,2041,6.0824
GLOBAL,TRNGTMXXMEXXX,2042,6.1129
GLOBAL,TRNGTMXXMEXXX,2043,6.145
GLOBAL,TRNGTMXXMEXXX,2044,6.178
GLOBAL,TRNGTMXXMEXXX,2045,6.2149
GLOBAL,TRNGTMXXMEXXX,2046,6.2538
GLOBAL,TRNGTMXXMEXXX,2047,6.2876
GLOBAL,TRNGTMXXMEXXX,2048,6.3242
GLOBAL,TRNGTMXXMEXXX,2049,6.3635
GLOBAL,TRNGTMXXMEXXX,2050,6.4055
GLOBAL,TRNGTMXXSLVXX,2023,0.484
GLOBAL,TRNGTMXXSLVXX,2024,0.0067
GLOBAL,TRNGTMXXSLVXX,2025,0.824
GLOBAL,TRNGTMXXSLVXX,2026,0.8358
GLOBAL,TRNGTMXXSLVXX,2027,0.8322
GLOBAL,TRNGTMXXSLVXX,2028,0.8249
GLOBAL,TRNGTMXXSLVXX,2029,0.8207
GLOBAL,TRNGTMXXSLVXX,2030,0.8289
GLOBAL,TRNGTMXXSLVXX,2031,0.8273
GLOBAL,TRNGTMXXSLVXX,2032,0.8253
GLOBAL,TRNGTMXXSLVXX,2033,0.8242
GLOBAL,TRNGTMXXSLVXX,2034,0.8233
GLOBAL,TRNGTMXXSLVXX,2035,0.8227
GLOBAL,TRNGTMXXSLVXX,2036,0.8286
GLOBAL,TRNGTMXXSLVXX,2037,0.8255
GLOBAL,TRNGTMXXSLVXX,2038,0.8226
GLOBAL,TRNGTMXXSLVXX,2039,0.8201
GLOBAL,TRNGTMXXSLVXX,2040,0.8176
GLOBAL,TRNGTMXXSLVXX,2041,0.8167
GLOBAL,TRNGTMXXSLVXX,2042,0.816
GLOBAL,TRNGTMXXSLVXX,2043,0.8157
GLOBAL,TRNGTMXXSLVXX,2044,0.8156
GLOBAL,TRNGTMXXSLVXX,2045,0.8161
GLOBAL,TRNGTMXXSLVXX,2046,0.8173
GLOBAL,TRNGTMXXSLVXX,2047,0.8177
GLOBAL,TRNGTMXXSLVXX,2048,0.8187
GLOBAL,TRNGTMXXSLVXX,2049,0.8202
GLOBAL,TRNGTMXXSLVXX,2050,0.822
GLOBAL,TRNHNDXXNICXX,2023,3.7283
GLOBAL,TRNHNDXXNICXX,2024,4.7509
GLOBAL,TRNHNDXXNICXX,2025,4.819
GLOBAL,TRNHNDXXNICXX,2026,4.7457
GLOBAL,TRNHNDXXNICXX,2027,4.6727
GLOBAL,TRNHNDXXNICXX,2028,4.6156
GLOBAL,TRNHNDXXNICXX,2029,4.5608
GLOBAL,TRNHNDXXNICXX,2030,4.5036
GLOBAL,TRNHNDXXNICXX,2031,4.4477
GLOBAL,TRNHNDXXNICXX,2032,4.4034
GLOBAL,TRNHNDXXNICXX,2033,4.3564
GLOBAL,TRNHNDXXNICXX,2034,4.3103
GLOBAL,TRNHNDXXNICXX,2035,4.2691
GLOBAL,TRNHNDXXNICXX,2036,4.2578
GLOBAL,TRNHNDXXNICXX,2037,4.2051
GLOBAL,TRNHNDXXNICXX,2038,4.1548
GLOBAL,TRNHNDXXNICXX,2039,4.1111
GLOBAL,TRNHNDXXNICXX,2040,4.0695
GLOBAL,TRNHNDXXNICXX,2041,4.0317
GLOBAL,TRNHNDXXNICXX,2042,3.997
GLOBAL,TRNHNDXXNICXX,2043,3.964
GLOBAL,TRNHNDXXNICXX,2044,3.9339
GLOBAL,TRNHNDXXNICXX,2045,3.9058
GLOBAL,TRNHNDXXNICXX,2046,3.8796
GLOBAL,TRNHNDXXNICXX,2047,3.8559
GLOBAL,TRNHNDXXNICXX,2048,3.8343
GLOBAL,TRNHNDXXNICXX,2049,3.8144
GLOBAL,TRNHNDXXNICXX,2050,3.7965
GLOBAL,TRNHNDXXSLVXX,2023,2.0095
GLOBAL,TRNHNDXXSLVXX,2024,1.6333
GLOBAL,TRNHNDXXSLVXX,2025,2.3932
GLOBAL,TRNHNDXXSLVXX,2026,2.423
GLOBAL,TRNHNDXXSLVXX,2027,2.4015
GLOBAL,TRNHNDXXSLVXX,2028,2.378
GLOBAL,TRNHNDXXSLVXX,2029,2.3627
GLOBAL,TRNHNDXXSLVXX,2030,2.3759
GLOBAL,TRNHNDXXSLVXX,2031,2.3602
GLOBAL,TRNHNDXXSLVXX,2032,2.3485
GLOBAL,TRNHNDXXSLVXX,2033,2.3387
GLOBAL,TRNHNDXXSLVXX,2034,2.325
GLOBAL,TRNHNDXXSLVXX,2035,2.3142
GLOBAL,TRNHNDXXSLVXX,2036,2.3436
GLOBAL,TRNHNDXXSLVXX,2037,2.3227
GLOBAL,TRNHNDXXSLVXX,2038,2.301
GLOBAL,TRNHNDXXSLVXX,2039,2.2827
GLOBAL,TRNHNDXXSLVXX,2040,2.2664
GLOBAL,TRNHNDXXSLVXX,2041,2.2516
GLOBAL,TRNHNDXXSLVXX,2042,2.2382
GLOBAL,TRNHNDXXSLVXX,2043,2.2262
GLOBAL,TRNHNDXXSLVXX,2044,2.2156
GLOBAL,TRNHNDXXSLVXX,2045,2.206
GLOBAL,TRNHNDXXSLVXX,2046,2.1982
GLOBAL,TRNHNDXXSLVXX,2047,2.1912
GLOBAL,TRNHNDXXSLVXX,2048,2.1855
GLOBAL,TRNHNDXXSLVXX,2049,2.1808
GLOBAL,TRNHNDXXSLVXX,2050,2.1771
GLOBAL,PWRCOAARGXX,2027,7.5844
GLOBAL,PWRCOAARGXX,2028,7.5844
GLOBAL,PWRCOAARGXX,2029,7.5844
GLOBAL,PWRCOAARGXX,2030,7.5844
GLOBAL,PWRCOAARGXX,2031,7.2564
GLOBAL,PWRCOAARGXX,2032,6.9285
GLOBAL,PWRCOAARGXX,2033,6.6005
GLOBAL,PWRCOAARGXX,2034,6.2725
GLOBAL,PWRCOAARGXX,2035,5.9445
GLOBAL,PWRCOAARGXX,2036,5.6166
GLOBAL,PWRCOAARGXX,2037,5.2886
GLOBAL,PWRCOAARGXX,2038,4.9606
GLOBAL,PWRCOAARGXX,2039,4.6326
GLOBAL,PWRCOAARGXX,2040,4.3047
GLOBAL,PWRCOAARGXX,2041,3.9767
GLOBAL,PWRCOAARGXX,2042,3.6487
GLOBAL,PWRCOAARGXX,2043,3.3207
GLOBAL,PWRCOAARGXX,2044,2.9928
GLOBAL,PWRCOAARGXX,2045,2.6648
GLOBAL,PWRCOAARGXX,2046,2.3368
GLOBAL,PWRCOAARGXX,2047,2.0088
GLOBAL,PWRCOAARGXX,2048,1.6809
GLOBAL,PWRCOAARGXX,2049,1.3529
GLOBAL,PWRCOAARGXX,2050,1.0249
GLOBAL,PWRCOABRAXX,2027,19.464
GLOBAL,PWRCOABRAXX,2028,19.464
GLOBAL,PWRCOABRAXX,2029,19.464
GLOBAL,PWRCOABRAXX,2030,19.464
GLOBAL,PWRCOABRAXX,2031,18.7341
GLOBAL,PWRCOABRAXX,2032,18.0042
GLOBAL,PWRCOABRAXX,2033,17.2743
GLOBAL,PWRCOABRAXX,2034,16.5444
GLOBAL,PWRCOABRAXX,2035,15.8145
GLOBAL,PWRCOABRAXX,2036,15.0846
GLOBAL,PWRCOABRAXX,2037,14.3547
GLOBAL,PWRCOABRAXX,2038,13.6248
GLOBAL,PWRCOABRAXX,2039,12.8949
GLOBAL,PWRCOABRAXX,2040,12.165
GLOBAL,PWRCOABRAXX,2041,11.4351
GLOBAL,PWRCOABRAXX,2042,10.7052
GLOBAL,PWRCOABRAXX,2043,9.9753
GLOBAL,PWRCOABRAXX,2044,9.2454
GLOBAL,PWRCOABRAXX,2045,8.5155
GLOBAL,PWRCOABRAXX,2046,7.7856
GLOBAL,PWRCOABRAXX,2047,7.0557
GLOBAL,PWRCOABRAXX,2048,6.3258
GLOBAL,PWRCOABRAXX,2049,5.5959
GLOBAL,PWRCOABRAXX,2050,4.866
GLOBAL,PWRCOACHLXX,2027,41.891
GLOBAL,PWRCOACHLXX,2028,41.891
GLOBAL,PWRCOACHLXX,2029,41.891
GLOBAL,PWRCOACHLXX,2030,41.891
GLOBAL,PWRCOACHLXX,2031,40.0957
GLOBAL,PWRCOACHLXX,2032,38.3003
GLOBAL,PWRCOACHLXX,2033,36.505
GLOBAL,PWRCOACHLXX,2034,34.7097
GLOBAL,PWRCOACHLXX,2035,32.9144
GLOBAL,PWRCOACHLXX,2036,31.119
GLOBAL,PWRCOACHLXX,2037,29.3237
GLOBAL,PWRCOACHLXX,2038,27.5284
GLOBAL,PWRCOACHLXX,2039,25.733
GLOBAL,PWRCOACHLXX,2040,23.9377
GLOBAL,PWRCOACHLXX,2041,22.1424
GLOBAL,PWRCOACHLXX,2042,20.3471
GLOBAL,PWRCOACHLXX,2043,18.5517
GLOBAL,PWRCOACHLXX,2044,16.7564
GLOBAL,PWRCOACHLXX,2045,14.9611
GLOBAL,PWRCOACHLXX,2046,13.1657
GLOBAL,PWRCOACHLXX,2047,11.3704
GLOBAL,PWRCOACHLXX,2048,9.5751
GLOBAL,PWRCOACHLXX,2049,7.7798
GLOBAL,PWRCOACHLXX,2050,5.9844
GLOBAL,PWRCOACOLXX,2027,14.7983
GLOBAL,PWRCOACOLXX,2028,14.7983
GLOBAL,PWRCOACOLXX,2029,14.7983
GLOBAL,PWRCOACOLXX,2030,14.7983
GLOBAL,PWRCOACOLXX,2031,14.1905
GLOBAL,PWRCOACOLXX,2032,13.5828
GLOBAL,PWRCOACOLXX,2033,12.975
GLOBAL,PWRCOACOLXX,2034,12.3672
GLOBAL,PWRCOACOLXX,2035,11.7594
GLOBAL,PWRCOACOLXX,2036,11.1516
GLOBAL,PWRCOACOLXX,2037,10.5438
GLOBAL,PWRCOACOLXX,2038,9.936
GLOBAL,PWRCOACOLXX,2039,9.3282
GLOBAL,PWRCOACOLXX,2040,8.7204
GLOBAL,PWRCOACOLXX,2041,8.1127
GLOBAL,PWRCOACOLXX,2042,7.5049
GLOBAL,PWRCOACOLXX,2043,6.8971
GLOBAL,PWRCOACOLXX,2044,6.2893
GLOBAL,PWRCOACOLXX,2045,5.6815
GLOBAL,PWRCOACOLXX,2046,5.0737
GLOBAL,PWRCOACOLXX,2047,4.4659
GLOBAL,PWRCOACOLXX,2048,3.8581
GLOBAL,PWRCOACOLXX,2049,3.2503
GLOBAL,PWRCOACOLXX,2050,2.6426
GLOBAL,PWRCOADOMXX,2027,23.488
GLOBAL,PWRCOADOMXX,2028,23.488
GLOBAL,PWRCOADOMXX,2029,23.488
GLOBAL,PWRCOADOMXX,2030,23.488
GLOBAL,PWRCOADOMXX,2031,22.3975
GLOBAL,PWRCOADOMXX,2032,21.307
GLOBAL,PWRCOADOMXX,2033,20.2165
GLOBAL,PWRCOADOMXX,2034,19.126
GLOBAL,PWRCOADOMXX,2035,18.0354
GLOBAL,PWRCOADOMXX,2036,16.9449
GLOBAL,PWRCOADOMXX,2037,15.8544
GLOBAL,PWRCOADOMXX,2038,14.7639
GLOBAL,PWRCOADOMXX,2039,13.6734
GLOBAL,PWRCOADOMXX,2040,12.5829
GLOBAL,PWRCOADOMXX,2041,11.4923
GLOBAL,PWRCOADOMXX,2042,10.4018
GLOBAL,PWRCOADOMXX,2043,9.3113
GLOBAL,PWRCOADOMXX,2044,8.2208
GLOBAL,PWRCOADOMXX,2045,7.1303
GLOBAL,PWRCOADOMXX,2046,6.0398
GLOBAL,PWRCOADOMXX,2047,4.9493
GLOBAL,PWRCOADOMXX,2048,3.8587
GLOBAL,PWRCOADOMXX,2049,2.7682
GLOBAL,PWRCOADOMXX,2050,1.6777
GLOBAL,PWRCOAGTMXX,2027,8.3287
GLOBAL,PWRCOAGTMXX,2028,8.3287
GLOBAL,PWRCOAGTMXX,2029,8.3287
GLOBAL,PWRCOAGTMXX,2030,8.3287
GLOBAL,PWRCOAGTMXX,2031,7.9539
GLOBAL,PWRCOAGTMXX,2032,7.5791
GLOBAL,PWRCOAGTMXX,2033,7.2043
GLOBAL,PWRCOAGTMXX,2034,6.8295
GLOBAL,PWRCOAGTMXX,2035,6.4547
GLOBAL,PWRCOAGTMXX,2036,6.0799
GLOBAL,PWRCOAGTMXX,2037,5.7051
GLOBAL,PWRCOAGTMXX,2038,5.3303
GLOBAL,PWRCOAGTMXX,2039,4.9556
GLOBAL,PWRCOAGTMXX,2040,4.5808
GLOBAL,PWRCOAGTMXX,2041,4.206
GLOBAL,PWRCOAGTMXX,2042,3.8312
GLOBAL,PWRCOAGTMXX,2043,3.4564
GLOBAL,PWRCOAGTMXX,2044,3.0816
GLOBAL,PWRCOAGTMXX,2045,2.7068
GLOBAL,PWRCOAGTMXX,2046,2.332
GLOBAL,PWRCOAGTMXX,2047,1.9572
GLOBAL,PWRCOAGTMXX,2048,1.5824
GLOBAL,PWRCOAGTMXX,2049,1.2077
GLOBAL,PWRCOAGTMXX,2050,0.8329
GLOBAL,PWRCOAMEXXX,2027,52.7313
GLOBAL,PWRCOAMEXXX,2028,52.7313
GLOBAL,PWRCOAMEXXX,2029,52.7313
GLOBAL,PWRCOAMEXXX,2030,52.7313
GLOBAL,PWRCOAMEXXX,2031,50.5254
GLOBAL,PWRCOAMEXXX,2032,48.3196
GLOBAL,PWRCOAMEXXX,2033,46.1137
GLOBAL,PWRCOAMEXXX,2034,43.9079
GLOBAL,PWRCOAMEXXX,2035,41.702
GLOBAL,PWRCOAMEXXX,2036,39.4961
GLOBAL,PWRCOAMEXXX,2037,37.2903
GLOBAL,PWRCOAMEXXX,2038,35.0844
GLOBAL,PWRCOAMEXXX,2039,32.8785
GLOBAL,PWRCOAMEXXX,2040,30.6727
GLOBAL,PWRCOAMEXXX,2041,28.4668
GLOBAL,PWRCOAMEXXX,2042,26.261
GLOBAL,PWRCOAMEXXX,2043,24.0551
GLOBAL,PWRCOAMEXXX,2044,21.8492
GLOBAL,PWRCOAMEXXX,2045,19.6434
GLOBAL,PWRCOAMEXXX,2046,17.4375
GLOBAL,PWRCOAMEXXX,2047,15.2316
GLOBAL,PWRCOAMEXXX,2048,13.0258
GLOBAL,PWRCOAMEXXX,2049,10.8199
GLOBAL,PWRCOAMEXXX,2050,8.6141
GLOBAL,PWRCOAPANXX,2027,0.0946
GLOBAL,PWRCOAPANXX,2028,0.0946
GLOBAL,PWRCOAPANXX,2029,0.0946
GLOBAL,PWRCOAPANXX,2030,0.0946
GLOBAL,PWRCOAPANXX,2031,0.0946
GLOBAL,PWRCOAPANXX,2032,0.0946
GLOBAL,PWRCOAPANXX,2033,0.0946
GLOBAL,PWRCOAPANXX,2034,0.0946
GLOBAL,PWRCOAPANXX,2035,0.0946
GLOBAL,PWRCOAPANXX,2036,0.0946
GLOBAL,PWRCOAPANXX,2037,0.0946
GLOBAL,PWRCOAPANXX,2038,0.0946
GLOBAL,PWRCOAPANXX,2039,0.0946
GLOBAL,PWRCOAPANXX,2040,0.0946
GLOBAL,PWRCOAPANXX,2041,0.0946
GLOBAL,PWRCOAPANXX,2042,0.0946
GLOBAL,PWRCOAPANXX,2043,0.0946
GLOBAL,PWRCOAPANXX,2044,0.0946
GLOBAL,PWRCOAPANXX,2045,0.0946
GLOBAL,PWRCOAPANXX,2046,0.0946
GLOBAL,PWRCOAPANXX,2047,0.0946
GLOBAL,PWRCOAPANXX,2048,0.0946
GLOBAL,PWRCOAPANXX,2049,0.0946
GLOBAL,PWRCOAPANXX,2050,0.0946
GLOBAL,PWRCOAPERXX,2027,0.082
GLOBAL,PWRCOAPERXX,2028,0.082
GLOBAL,PWRCOAPERXX,2029,0.082
GLOBAL,PWRCOAPERXX,2030,0.082
GLOBAL,PWRCOAPERXX,2031,0.0791
GLOBAL,PWRCOAPERXX,2032,0.0762
GLOBAL,PWRCOAPERXX,2033,0.0732
GLOBAL,PWRCOAPERXX,2034,0.0703
GLOBAL,PWRCOAPERXX,2035,0.0674
GLOBAL,PWRCOAPERXX,2036,0.0645
GLOBAL,PWRCOAPERXX,2037,0.0616
GLOBAL,PWRCOAPERXX,2038,0.0587
GLOBAL,PWRCOAPERXX,2039,0.0557
GLOBAL,PWRCOAPERXX,2040,0.0528
GLOBAL,PWRCOAPERXX,2041,0.0499
GLOBAL,PWRCOAPERXX,2042,0.047
GLOBAL,PWRCOAPERXX,2043,0.0441
GLOBAL,PWRCOAPERXX,2044,0.0412
GLOBAL,PWRCOAPERXX,2045,0.0382
GLOBAL,PWRCOAPERXX,2046,0.0353
GLOBAL,PWRCOAPERXX,2047,0.0324
GLOBAL,PWRCOAPERXX,2048,0.0295
GLOBAL,PWRCOAPERXX,2049,0.0266
GLOBAL,PWRCOAPERXX,2050,0.0237
GLOBAL,PWRNGSARGXX,2027,227.8356
GLOBAL,PWRNGSARGXX,2028,227.8356
GLOBAL,PWRNGSARGXX,2029,227.8356
GLOBAL,PWRNGSARGXX,2030,227.8356
GLOBAL,PWRNGSARGXX,2031,217.9833
GLOBAL,PWRNGSARGXX,2032,208.1309
GLOBAL,PWRNGSARGXX,2033,198.2786
GLOBAL,PWRNGSARGXX,2034,188.4262
GLOBAL,PWRNGSARGXX,2035,178.5739
GLOBAL,PWRNGSARGXX,2036,168.7215
GLOBAL,PWRNGSARGXX,2037,158.8692
GLOBAL,PWRNGSARGXX,2038,149.0168
GLOBAL,PWRNGSARGXX,2039,139.1645
GLOBAL,PWRNGSARGXX,2040,129.3121
GLOBAL,PWRNGSARGXX,2041,119.4598
GLOBAL,PWRNGSARGXX,2042,109.6074
GLOBAL,PWRNGSARGXX,2043,99.7551
GLOBAL,PWRNGSARGXX,2044,89.9027
GLOBAL,PWRNGSARGXX,2045,80.0504
GLOBAL,PWRNGSARGXX,2046,70.198
GLOBAL,PWRNGSARGXX,2047,60.3456
GLOBAL,PWRNGSARGXX,2048,50.4933
GLOBAL,PWRNGSARGXX,2049,40.6409
GLOBAL,PWRNGSARGXX,2050,30.7886
GLOBAL,PWRNGSBOLXX,2027,30.871
GLOBAL,PWRNGSBOLXX,2028,30.871
GLOBAL,PWRNGSBOLXX,2029,30.871
GLOBAL,PWRNGSBOLXX,2030,30.871
GLOBAL,PWRNGSBOLXX,2031,29.5418
GLOBAL,PWRNGSBOLXX,2032,28.2126
GLOBAL,PWRNGSBOLXX,2033,26.8835
GLOBAL,PWRNGSBOLXX,2034,25.5543
GLOBAL,PWRNGSBOLXX,2035,24.2251
GLOBAL,PWRNGSBOLXX,2036,22.896
GLOBAL,PWRNGSBOLXX,2037,21.5668
GLOBAL,PWRNGSBOLXX,2038,20.2376
GLOBAL,PWRNGSBOLXX,2039,18.9085
GLOBAL,PWRNGSBOLXX,2040,17.5793
GLOBAL,PWRNGSBOLXX,2041,16.2501
GLOBAL,PWRNGSBOLXX,2042,14.921
GLOBAL,PWRNGSBOLXX,2043,13.5918
GLOBAL,PWRNGSBOLXX,2044,12.2626
GLOBAL,PWRNGSBOLXX,2045,10.9335
GLOBAL,PWRNGSBOLXX,2046,9.6043
GLOBAL,PWRNGSBOLXX,2047,8.2751
GLOBAL,PWRNGSBOLXX,2048,6.946
GLOBAL,PWRNGSBOLXX,2049,5.6168
GLOBAL,PWRNGSBOLXX,2050,4.2876
GLOBAL,PWRNGSBRAXX,2027,71.3912
GLOBAL,PWRNGSBRAXX,2028,71.3912
GLOBAL,PWRNGSBRAXX,2029,71.3912
GLOBAL,PWRNGSBRAXX,2030,71.3912
GLOBAL,PWRNGSBRAXX,2031,69.309
GLOBAL,PWRNGSBRAXX,2032,67.2267
GLOBAL,PWRNGSBRAXX,2033,65.1445
GLOBAL,PWRNGSBRAXX,2034,63.0622
GLOBAL,PWRNGSBRAXX,2035,60.98
GLOBAL,PWRNGSBRAXX,2036,58.8977
GLOBAL,PWRNGSBRAXX,2037,56.8155
GLOBAL,PWRNGSBRAXX,2038,54.7333
GLOBAL,PWRNGSBRAXX,2039,52.651
GLOBAL,PWRNGSBRAXX,2040,50.5688
GLOBAL,PWRNGSBRAXX,2041,48.4865
GLOBAL,PWRNGSBRAXX,2042,46.4043
GLOBAL,PWRNGSBRAXX,2043,44.322
GLOBAL,PWRNGSBRAXX,2044,42.2398
GLOBAL,PWRNGSBRAXX,2045,40.1575
GLOBAL,PWRNGSBRAXX,2046,38.0753
GLOBAL,PWRNGSBRAXX,2047,35.9931
GLOBAL,PWRNGSBRAXX,2048,33.9108
GLOBAL,PWRNGSBRAXX,2049,31.8286
GLOBAL,PWRNGSBRAXX,2050,29.7463
GLOBAL,PWRNGSCHLXX,2027,52.2283
GLOBAL,PWRNGSCHLXX,2028,52.2283
GLOBAL,PWRNGSCHLXX,2029,52.2283
GLOBAL,PWRNGSCHLXX,2030,52.2283
GLOBAL,PWRNGSCHLXX,2031,50.0522
GLOBAL,PWRNGSCHLXX,2032,47.876
GLOBAL,PWRNGSCHLXX,2033,45.6998
GLOBAL,PWRNGSCHLXX,2034,43.5236
GLOBAL,PWRNGSCHLXX,2035,41.3474
GLOBAL,PWRNGSCHLXX,2036,39.1713
GLOBAL,PWRNGSCHLXX,2037,36.9951
GLOBAL,PWRNGSCHLXX,2038,34.8189
GLOBAL,PWRNGSCHLXX,2039,32.6427
GLOBAL,PWRNGSCHLXX,2040,30.4665
GLOBAL,PWRNGSCHLXX,2041,28.2904
GLOBAL,PWRNGSCHLXX,2042,26.1142
GLOBAL,PWRNGSCHLXX,2043,23.938
GLOBAL,PWRNGSCHLXX,2044,21.7618
GLOBAL,PWRNGSCHLXX,2045,19.5856
GLOBAL,PWRNGSCHLXX,2046,17.4094
GLOBAL,PWRNGSCHLXX,2047,15.2333
GLOBAL,PWRNGSCHLXX,2048,13.0571
GLOBAL,PWRNGSCHLXX,2049,10.8809
GLOBAL,PWRNGSCHLXX,2050,8.7047
GLOBAL,PWRNGSCOLXX,2027,14.6836
GLOBAL,PWRNGSCOLXX,2028,14.6836
GLOBAL,PWRNGSCOLXX,2029,14.6836
GLOBAL,PWRNGSCOLXX,2030,14.6836
GLOBAL,PWRNGSCOLXX,2031,14.1942
GLOBAL,PWRNGSCOLXX,2032,13.7047
GLOBAL,PWRNGSCOLXX,2033,13.2153
GLOBAL,PWRNGSCOLXX,2034,12.7258
GLOBAL,PWRNGSCOLXX,2035,12.2364
GLOBAL,PWRNGSCOLXX,2036,11.7469
GLOBAL,PWRNGSCOLXX,2037,11.2575
GLOBAL,PWRNGSCOLXX,2038,10.768
GLOBAL,PWRNGSCOLXX,2039,10.2785
GLOBAL,PWRNGSCOLXX,2040,9.7891
GLOBAL,PWRNGSCOLXX,2041,9.2996
GLOBAL,PWRNGSCOLXX,2042,8.8102
GLOBAL,PWRNGSCOLXX,2043,8.3207
GLOBAL,PWRNGSCOLXX,2044,7.8313
GLOBAL,PWRNGSCOLXX,2045,7.3418
GLOBAL,PWRNGSCOLXX,2046,6.8524
GLOBAL,PWRNGSCOLXX,2047,6.3629
GLOBAL,PWRNGSCOLXX,2048,5.8735
GLOBAL,PWRNGSCOLXX,2049,5.384
GLOBAL,PWRNGSCOLXX,2050,4.8945
GLOBAL,PWRNGSDOMXX,2027,30.5032
GLOBAL,PWRNGSDOMXX,2028,30.5032
GLOBAL,PWRNGSDOMXX,2029,30.5032
GLOBAL,PWRNGSDOMXX,2030,30.5032
GLOBAL,PWRNGSDOMXX,2031,29.1219
GLOBAL,PWRNGSDOMXX,2032,27.7406
GLOBAL,PWRNGSDOMXX,2033,26.3594
GLOBAL,PWRNGSDOMXX,2034,24.9781
GLOBAL,PWRNGSDOMXX,2035,23.5968
GLOBAL,PWRNGSDOMXX,2036,22.2155
GLOBAL,PWRNGSDOMXX,2037,20.8343
GLOBAL,PWRNGSDOMXX,2038,19.453
GLOBAL,PWRNGSDOMXX,2039,18.0717
GLOBAL,PWRNGSDOMXX,2040,16.6904
GLOBAL,PWRNGSDOMXX,2041,15.3092
GLOBAL,PWRNGSDOMXX,2042,13.9279
GLOBAL,PWRNGSDOMXX,2043,12.5466
GLOBAL,PWRNGSDOMXX,2044,11.1653
GLOBAL,PWRNGSDOMXX,2045,9.784
GLOBAL,PWRNGSDOMXX,2046,8.4028
GLOBAL,PWRNGSDOMXX,2047,7.0215
GLOBAL,PWRNGSDOMXX,2048,5.6402
GLOBAL,PWRNGSDOMXX,2049,4.2589
GLOBAL,PWRNGSDOMXX,2050,2.8777
GLOBAL,PWRNGSECUXX,2027,6.1229
GLOBAL,PWRNGSECUXX,2028,6.1229
GLOBAL,PWRNGSECUXX,2029,6.1229
GLOBAL,PWRNGSECUXX,2030,6.1229
GLOBAL,PWRNGSECUXX,2031,5.8913
GLOBAL,PWRNGSECUXX,2032,5.6596
GLOBAL,PWRNGSECUXX,2033,5.4279
GLOBAL,PWRNGSECUXX,2034,5.1963
GLOBAL,PWRNGSECUXX,2035,4.9646
GLOBAL,PWRNGSECUXX,2036,4.733
GLOBAL,PWRNGSECUXX,2037,4.5013
GLOBAL,PWRNGSECUXX,2038,4.2697
GLOBAL,PWRNGSECUXX,2039,4.038
GLOBAL,PWRNGSECUXX,2040,3.8063
GLOBAL,PWRNGSECUXX,2041,3.5747
GLOBAL,PWRNGSECUXX,2042,3.343
GLOBAL,PWRNGSECUXX,2043,3.1114
GLOBAL,PWRNGSECUXX,2044,2.8797
GLOBAL,PWRNGSECUXX,2045,2.648
GLOBAL,PWRNGSECUXX,2046,2.4164
GLOBAL,PWRNGSECUXX,2047,2.1847
GLOBAL,PWRNGSECUXX,2048,1.9531
GLOBAL,PWRNGSECUXX,2049,1.7214
GLOBAL,PWRNGSECUXX,2050,1.4898
GLOBAL,PWRNGSGTMXX,2027,0.0123
GLOBAL,PWRNGSGTMXX,2028,0.0123
GLOBAL,PWRNGSGTMXX,2029,0.0123
GLOBAL,PWRNGSGTMXX,2030,0.0123
GLOBAL,PWRNGSGTMXX,2031,0.0119
GLOBAL,PWRNGSGTMXX,2032,0.0115
GLOBAL,PWRNGSGTMXX,2033,0.0111
GLOBAL,PWRNGSGTMXX,2034,0.0107
GLOBAL,PWRNGSGTMXX,2035,0.0102
GLOBAL,PWRNGSGTMXX,2036,0.0098
GLOBAL,PWRNGSGTMXX,2037,0.0094
GLOBAL,PWRNGSGTMXX,2038,0.009
GLOBAL,PWRNGSGTMXX,2039,0.0086
GLOBAL,PWRNGSGTMXX,2040,0.0082
GLOBAL,PWRNGSGTMXX,2041,0.0078
GLOBAL,PWRNGSGTMXX,2042,0.0074
GLOBAL,PWRNGSGTMXX,2043,0.007
GLOBAL,PWRNGSGTMXX,2044,0.0066
GLOBAL,PWRNGSGTMXX,2045,0.0061
GLOBAL,PWRNGSGTMXX,2046,0.0057
GLOBAL,PWRNGSGTMXX,2047,0.0053
GLOBAL,PWRNGSGTMXX,2048,0.0049
GLOBAL,PWRNGSGTMXX,2049,0.0045
GLOBAL,PWRNGSGTMXX,2050,0.0041
GLOBAL,PWRNGSMEXXX,2027,617.8494
GLOBAL,PWRNGSMEXXX,2028,617.8494
GLOBAL,PWRNGSMEXXX,2029,617.8494
GLOBAL,PWRNGSMEXXX,2030,617.8494
GLOBAL,PWRNGSMEXXX,2031,590.3894
GLOBAL,PWRNGSMEXXX,2032,562.9294
GLOBAL,PWRNGSMEXXX,2033,535.4695
GLOBAL,PWRNGSMEXXX,2034,508.0095
GLOBAL,PWRNGSMEXXX,2035,480.5495
GLOBAL,PWRNGSMEXXX,2036,453.0895
GLOBAL,PWRNGSMEXXX,2037,425.6296
GLOBAL,PWRNGSMEXXX,2038,398.1696
GLOBAL,PWRNGSMEXXX,2039,370.7096
GLOBAL,PWRNGSMEXXX,2040,343.2497
GLOBAL,PWRNGSMEXXX,2041,315.7897
GLOBAL,PWRNGSMEXXX,2042,288.3297
GLOBAL,PWRNGSMEXXX,2043,260.8697
GLOBAL,PWRNGSMEXXX,2044,233.4098
GLOBAL,PWRNGSMEXXX,2045,205.9498
GLOBAL,PWRNGSMEXXX,2046,178.4898
GLOBAL,PWRNGSMEXXX,2047,151.0298
GLOBAL,PWRNGSMEXXX,2048,123.5699
GLOBAL,PWRNGSMEXXX,2049,96.1099
GLOBAL,PWRNGSMEXXX,2050,68.6499
GLOBAL,PWRNGSPANXX,2027,4.2053
GLOBAL,PWRNGSPANXX,2028,4.2053
GLOBAL,PWRNGSPANXX,2029,4.2053
GLOBAL,PWRNGSPANXX,2030,4.2053
GLOBAL,PWRNGSPANXX,2031,4.0251
GLOBAL,PWRNGSPANXX,2032,3.8449
GLOBAL,PWRNGSPANXX,2033,3.6646
GLOBAL,PWRNGSPANXX,2034,3.4844
GLOBAL,PWRNGSPANXX,2035,3.3042
GLOBAL,PWRNGSPANXX,2036,3.124
GLOBAL,PWRNGSPANXX,2037,2.9437
GLOBAL,PWRNGSPANXX,2038,2.7635
GLOBAL,PWRNGSPANXX,2039,2.5833
GLOBAL,PWRNGSPANXX,2040,2.403
GLOBAL,PWRNGSPANXX,2041,2.2228
GLOBAL,PWRNGSPANXX,2042,2.0426
GLOBAL,PWRNGSPANXX,2043,1.8624
GLOBAL,PWRNGSPANXX,2044,1.6821
GLOBAL,PWRNGSPANXX,2045,1.5019
GLOBAL,PWRNGSPANXX,2046,1.3217
GLOBAL,PWRNGSPANXX,2047,1.1414
GLOBAL,PWRNGSPANXX,2048,0.9612
GLOBAL,PWRNGSPANXX,2049,0.781
GLOBAL,PWRNGSPANXX,2050,0.6008
GLOBAL,PWRNGSPERXX,2027,45.1759
GLOBAL,PWRNGSPERXX,2028,45.1759
GLOBAL,PWRNGSPERXX,2029,45.1759
GLOBAL,PWRNGSPERXX,2030,45.1759
GLOBAL,PWRNGSPERXX,2031,43.3235
GLOBAL,PWRNGSPERXX,2032,41.4711
GLOBAL,PWRNGSPERXX,2033,39.6187
GLOBAL,PWRNGSPERXX,2034,37.7664
GLOBAL,PWRNGSPERXX,2035,35.914
GLOBAL,PWRNGSPERXX,2036,34.0616
GLOBAL,PWRNGSPERXX,2037,32.2092
GLOBAL,PWRNGSPERXX,2038,30.3568
GLOBAL,PWRNGSPERXX,2039,28.5044
GLOBAL,PWRNGSPERXX,2040,26.652
GLOBAL,PWRNGSPERXX,2041,24.7996
GLOBAL,PWRNGSPERXX,2042,22.9472
GLOBAL,PWRNGSPERXX,2043,21.0948
GLOBAL,PWRNGSPERXX,2044,19.2424
GLOBAL,PWRNGSPERXX,2045,17.39
GLOBAL,PWRNGSPERXX,2046,15.5377
GLOBAL,PWRNGSPERXX,2047,13.6853
GLOBAL,PWRNGSPERXX,2048,11.8329
GLOBAL,PWRNGSPERXX,2049,9.9805
GLOBAL,PWRNGSPERXX,2050,8.1281
GLOBAL,PWRNGSSLVXX,2027,1.834
GLOBAL,PWRNGSSLVXX,2028,1.834
GLOBAL,PWRNGSSLVXX,2029,1.834
GLOBAL,PWRNGSSLVXX,2030,1.834
GLOBAL,PWRNGSSLVXX,2031,1.7728
GLOBAL,PWRNGSSLVXX,2032,1.7117
GLOBAL,PWRNGSSLVXX,2033,1.6506
GLOBAL,PWRNGSSLVXX,2034,1.5894
GLOBAL,PWRNGSSLVXX,2035,1.5283
GLOBAL,PWRNGSSLVXX,2036,1.4672
GLOBAL,PWRNGSSLVXX,2037,1.406
GLOBAL,PWRNGSSLVXX,2038,1.3449
GLOBAL,PWRNGSSLVXX,2039,1.2838
GLOBAL,PWRNGSSLVXX,2040,1.2227
GLOBAL,PWRNGSSLVXX,2041,1.1615
GLOBAL,PWRNGSSLVXX,2042,1.1004
GLOBAL,PWRNGSSLVXX,2043,1.0393
GLOBAL,PWRNGSSLVXX,2044,0.9781
GLOBAL,PWRNGSSLVXX,2045,0.917
GLOBAL,PWRNGSSLVXX,2046,0.8559
GLOBAL,PWRNGSSLVXX,2047,0.7947
GLOBAL,PWRNGSSLVXX,2048,0.7336
GLOBAL,PWRNGSSLVXX,2049,0.6725
GLOBAL,PWRNGSSLVXX,2050,0.6113
GLOBAL,PWROILBRBXX,2027,3.6539
GLOBAL,PWROILBRBXX,2028,3.6539
GLOBAL,PWROILBRBXX,2029,3.6539
GLOBAL,PWROILBRBXX,2030,3.6539
GLOBAL,PWROILBRBXX,2031,3.4884
GLOBAL,PWROILBRBXX,2032,3.323
GLOBAL,PWROILBRBXX,2033,3.1575
GLOBAL,PWROILBRBXX,2034,2.9921
GLOBAL,PWROILBRBXX,2035,2.8266
GLOBAL,PWROILBRBXX,2036,2.6611
GLOBAL,PWROILBRBXX,2037,2.4957
GLOBAL,PWROILBRBXX,2038,2.3302
GLOBAL,PWROILBRBXX,2039,2.1648
GLOBAL,PWROILBRBXX,2040,1.9993
GLOBAL,PWROILBRBXX,2041,1.8338
GLOBAL,PWROILBRBXX,2042,1.6684
GLOBAL,PWROILBRBXX,2043,1.5029
GLOBAL,PWROILBRBXX,2044,1.3375
GLOBAL,PWROILBRBXX,2045,1.172
GLOBAL,PWROILBRBXX,2046,1.1603
GLOBAL,PWROILBRBXX,2047,0.9696
GLOBAL,PWROILBRBXX,2048,0.7788
GLOBAL,PWROILBRBXX,2049,0.5881
GLOBAL,PWROILBRBXX,2050,0.3974
GLOBAL,PWROILCHLXX,2046,2.0104
GLOBAL,PWROILCHLXX,2047,2.0104
GLOBAL,PWROILCHLXX,2048,2.0104
GLOBAL,PWROILCHLXX,2049,2.0104
GLOBAL,PWROILCHLXX,2050,2.0104
GLOBAL,PWROILCOLXX,2046,1.2505
GLOBAL,PWROILCOLXX,2047,1.209
GLOBAL,PWROILCOLXX,2048,1.1674
GLOBAL,PWROILCOLXX,2049,1.1259
GLOBAL,PWROILCOLXX,2050,1.0844
GLOBAL,PWROILCRIXX,2046,0.3588
GLOBAL,PWROILCRIXX,2047,0.3588
GLOBAL,PWROILCRIXX,2048,0.3588
GLOBAL,PWROILCRIXX,2049,0.3588
GLOBAL,PWROILCRIXX,2050,0.3588
GLOBAL,PWROILDOMXX,2046,1.8892
GLOBAL,PWROILDOMXX,2047,1.6316
GLOBAL,PWROILDOMXX,2048,1.374
GLOBAL,PWROILDOMXX,2049,1.1163
GLOBAL,PWROILDOMXX,2050,0.8587
GLOBAL,PWROILECUXX,2027,17.2596
GLOBAL,PWROILECUXX,2028,17.2596
GLOBAL,PWROILECUXX,2029,17.2596
GLOBAL,PWROILECUXX,2030,17.2596
GLOBAL,PWROILECUXX,2031,16.4954
GLOBAL,PWROILECUXX,2032,15.7311
GLOBAL,PWROILECUXX,2033,14.9669
GLOBAL,PWROILECUXX,2034,14.2026
GLOBAL,PWROILECUXX,2035,13.4384
GLOBAL,PWROILECUXX,2036,12.6742
GLOBAL,PWROILECUXX,2037,11.9099
GLOBAL,PWROILECUXX,2038,11.1457
GLOBAL,PWROILECUXX,2039,10.3814
GLOBAL,PWROILECUXX,2040,9.6172
GLOBAL,PWROILECUXX,2041,8.853
GLOBAL,PWROILECUXX,2042,8.0887
GLOBAL,PWROILECUXX,2043,7.3245
GLOBAL,PWROILECUXX,2044,6.5602
GLOBAL,PWROILECUXX,2046,4.2933
GLOBAL,PWROILECUXX,2047,3.6412
GLOBAL,PWROILECUXX,2048,2.9891
GLOBAL,PWROILECUXX,2049,2.3371
GLOBAL,PWROILECUXX,2050,1.685
GLOBAL,PWROILGTMXX,2027,1.296
GLOBAL,PWROILGTMXX,2028,1.296
GLOBAL,PWROILGTMXX,2029,1.2579
GLOBAL,PWROILGTMXX,2030,1.2579
GLOBAL,PWROILGTMXX,2031,1.1732
GLOBAL,PWROILGTMXX,2032,1.1508
GLOBAL,PWROILGTMXX,2033,1.1283
GLOBAL,PWROILGTMXX,2034,1.0642
GLOBAL,PWROILGTMXX,2035,1.0426
GLOBAL,PWROILGTMXX,2036,1.021
GLOBAL,PWROILGTMXX,2037,0.9994
GLOBAL,PWROILGTMXX,2038,0.9266
GLOBAL,PWROILGTMXX,2039,0.3349
GLOBAL,PWROILGTMXX,2040,0.3274
GLOBAL,PWROILGTMXX,2041,0.3198
GLOBAL,PWROILGTMXX,2042,0.3123
GLOBAL,PWROILGTMXX,2043,0.3047
GLOBAL,PWROILGTMXX,2046,0.7069
GLOBAL,PWROILGTMXX,2047,0.688
GLOBAL,PWROILGTMXX,2048,0.6691
GLOBAL,PWROILGTMXX,2049,0.6501
GLOBAL,PWROILGTMXX,2050,0.6312
GLOBAL,PWROILHNDXX,2046,1.3425
GLOBAL,PWROILHNDXX,2047,1.1594
GLOBAL,PWROILHNDXX,2048,0.9764
GLOBAL,PWROILHNDXX,2049,0.7933
GLOBAL,PWROILHNDXX,2050,0.6102
GLOBAL,PWROILHTIXX,2027,2.5462
GLOBAL,PWROILHTIXX,2028,2.5462
GLOBAL,PWROILHTIXX,2029,2.5462
GLOBAL,PWROILHTIXX,2030,2.5462
GLOBAL,PWROILHTIXX,2031,2.4505
GLOBAL,PWROILHTIXX,2032,2.3547
GLOBAL,PWROILHTIXX,2033,2.259
GLOBAL,PWROILHTIXX,2034,2.1632
GLOBAL,PWROILHTIXX,2035,2.0675
GLOBAL,PWROILHTIXX,2036,1.9717
GLOBAL,PWROILHTIXX,2037,1.876
GLOBAL,PWROILHTIXX,2038,1.7803
GLOBAL,PWROILHTIXX,2039,1.6845
GLOBAL,PWROILHTIXX,2040,1.5888
GLOBAL,PWROILHTIXX,2041,1.493
GLOBAL,PWROILHTIXX,2042,1.3973
GLOBAL,PWROILHTIXX,2043,1.3015
GLOBAL,PWROILHTIXX,2044,1.2058
GLOBAL,PWROILHTIXX,2045,1.1101
GLOBAL,PWROILHTIXX,2046,0.3884
GLOBAL,PWROILHTIXX,2047,0.3517
GLOBAL,PWROILHTIXX,2048,0.315
GLOBAL,PWROILHTIXX,2049,0.2784
GLOBAL,PWROILHTIXX,2050,0.2417
GLOBAL,PWROILNICXX,2046,1.8777
GLOBAL,PWROILNICXX,2047,1.7563
GLOBAL,PWROILNICXX,2048,1.6349
GLOBAL,PWROILNICXX,2049,1.5136
GLOBAL,PWROILNICXX,2050,1.3922
GLOBAL,PWROILPANXX,2046,0.3159
GLOBAL,PWROILPANXX,2047,0.3159
GLOBAL,PWROILPANXX,2048,0.3159
GLOBAL,PWROILPANXX,2049,0.3159
GLOBAL,PWROILPANXX,2050,0.3159
GLOBAL,PWROILPERXX,2046,4.8814
GLOBAL,PWROILPERXX,2047,4.7193
GLOBAL,PWROILPERXX,2048,4.5572
GLOBAL,PWROILPERXX,2049,4.395
GLOBAL,PWROILPERXX,2050,4.2329
GLOBAL,PWROILSLVXX,2046,2.4336
GLOBAL,PWROILSLVXX,2047,2.1294
GLOBAL,PWROILSLVXX,2048,1.8252
GLOBAL,PWROILSLVXX,2049,1.521
GLOBAL,PWROILSLVXX,2050,1.2168
GLOBAL,PWRPETARGXX,2027,61.5255
GLOBAL,PWRPETARGXX,2028,61.5255
GLOBAL,PWRPETARGXX,2029,61.5255
GLOBAL,PWRPETARGXX,2030,61.5255
GLOBAL,PWRPETARGXX,2031,58.9153
GLOBAL,PWRPETARGXX,2032,56.3051
GLOBAL,PWRPETARGXX,2033,53.695
GLOBAL,PWRPETARGXX,2034,51.0848
GLOBAL,PWRPETARGXX,2035,48.4746
GLOBAL,PWRPETARGXX,2036,45.8644
GLOBAL,PWRPETARGXX,2037,43.2543
GLOBAL,PWRPETARGXX,2038,40.6441
GLOBAL,PWRPETARGXX,2039,38.0339
GLOBAL,PWRPETARGXX,2040,35.4238
GLOBAL,PWRPETARGXX,2041,32.8136
GLOBAL,PWRPETARGXX,2042,30.2034
GLOBAL,PWRPETARGXX,2043,27.5932
GLOBAL,PWRPETARGXX,2044,24.9831
GLOBAL,PWRPETARGXX,2045,22.3729
GLOBAL,PWRPETBOLXX,2027,0.7472
GLOBAL,PWRPETBOLXX,2028,0.7472
GLOBAL,PWRPETBOLXX,2029,0.7472
GLOBAL,PWRPETBOLXX,2030,0.7472
GLOBAL,PWRPETBOLXX,2031,0.7213
GLOBAL,PWRPETBOLXX,2032,0.6954
GLOBAL,PWRPETBOLXX,2033,0.6694
GLOBAL,PWRPETBOLXX,2034,0.6435
GLOBAL,PWRPETBOLXX,2035,0.6176
GLOBAL,PWRPETBOLXX,2036,0.5917
GLOBAL,PWRPETBOLXX,2037,0.5658
GLOBAL,PWRPETBOLXX,2038,0.5398
GLOBAL,PWRPETBOLXX,2039,0.5139
GLOBAL,PWRPETBOLXX,2040,0.488
GLOBAL,PWRPETBOLXX,2041,0.4621
GLOBAL,PWRPETBOLXX,2042,0.4362
GLOBAL,PWRPETBOLXX,2043,0.4102
GLOBAL,PWRPETBOLXX,2044,0.3843
GLOBAL,PWRPETBOLXX,2045,0.3584
GLOBAL,PWRPETBOLXX,2046,0.3325
GLOBAL,PWRPETBOLXX,2047,0.3066
GLOBAL,PWRPETBOLXX,2048,0.2806
GLOBAL,PWRPETBOLXX,2049,0.2547
GLOBAL,PWRPETBOLXX,2050,0.2288
GLOBAL,PWRPETBRAXX,2027,59.5553
GLOBAL,PWRPETBRAXX,2028,59.5553
GLOBAL,PWRPETBRAXX,2029,59.5553
GLOBAL,PWRPETBRAXX,2030,59.5553
GLOBAL,PWRPETBRAXX,2031,57.3027
GLOBAL,PWRPETBRAXX,2032,55.0501
GLOBAL,PWRPETBRAXX,2033,52.7975
GLOBAL,PWRPETBRAXX,2034,50.5449
GLOBAL,PWRPETBRAXX,2035,48.2923
GLOBAL,PWRPETBRAXX,2036,46.0397
GLOBAL,PWRPETBRAXX,2037,43.7871
GLOBAL,PWRPETBRAXX,2038,41.5345
GLOBAL,PWRPETBRAXX,2039,39.2819
GLOBAL,PWRPETBRAXX,2040,37.0294
GLOBAL,PWRPETBRAXX,2041,34.7768
GLOBAL,PWRPETBRAXX,2042,32.5242
GLOBAL,PWRPETBRAXX,2043,30.2716
GLOBAL,PWRPETBRAXX,2044,28.019
GLOBAL,PWRPETBRAXX,2045,25.7664
GLOBAL,PWRPETBRBXX,2027,0.1053
GLOBAL,PWRPETBRBXX,2028,0.1053
GLOBAL,PWRPETBRBXX,2029,0.1053
GLOBAL,PWRPETBRBXX,2030,0.1053
GLOBAL,PWRPETBRBXX,2031,0.1027
GLOBAL,PWRPETBRBXX,2032,0.1001
GLOBAL,PWRPETBRBXX,2033,0.0974
GLOBAL,PWRPETBRBXX,2034,0.0948
GLOBAL,PWRPETBRBXX,2035,0.0922
GLOBAL,PWRPETBRBXX,2036,0.0895
GLOBAL,PWRPETBRBXX,2037,0.0869
GLOBAL,PWRPETBRBXX,2038,0.0843
GLOBAL,PWRPETBRBXX,2039,0.0816
GLOBAL,PWRPETBRBXX,2040,0.079
GLOBAL,PWRPETBRBXX,2041,0.0764
GLOBAL,PWRPETBRBXX,2042,0.0737
GLOBAL,PWRPETBRBXX,2043,0.0711
GLOBAL,PWRPETBRBXX,2044,0.0685
GLOBAL,PWRPETBRBXX,2045,0.0658
GLOBAL,PWRPETCHLXX,2027,7.7435
GLOBAL,PWRPETCHLXX,2028,7.7435
GLOBAL,PWRPETCHLXX,2029,7.7435
GLOBAL,PWRPETCHLXX,2030,7.7435
GLOBAL,PWRPETCHLXX,2031,7.6011
GLOBAL,PWRPETCHLXX,2032,7.4588
GLOBAL,PWRPETCHLXX,2033,7.3164
GLOBAL,PWRPETCHLXX,2046,1.7253
GLOBAL,PWRPETCHLXX,2047,1.6804
GLOBAL,PWRPETCHLXX,2048,1.6354
GLOBAL,PWRPETCHLXX,2049,1.5905
GLOBAL,PWRPETCHLXX,2050,1.5456
GLOBAL,PWRPETCOLXX,2027,0.3964
GLOBAL,PWRPETCOLXX,2028,0.3964
GLOBAL,PWRPETCOLXX,2029,0.3964
GLOBAL,PWRPETCOLXX,2030,0.3964
GLOBAL,PWRPETCOLXX,2031,0.3964
GLOBAL,PWRPETCOLXX,2032,0.3964
GLOBAL,PWRPETCOLXX,2033,0.3964
GLOBAL,PWRPETCOLXX,2034,0.3964
GLOBAL,PWRPETCOLXX,2035,0.3964
GLOBAL,PWRPETCOLXX,2036,0.3964
GLOBAL,PWRPETCOLXX,2037,0.3964
GLOBAL,PWRPETCOLXX,2038,0.3964
GLOBAL,PWRPETCOLXX,2039,0.3964
GLOBAL,PWRPETCOLXX,2040,0.3964
GLOBAL,PWRPETCOLXX,2041,0.3964
GLOBAL,PWRPETCOLXX,2042,0.3964
GLOBAL,PWRPETCOLXX,2043,0.3964
GLOBAL,PWRPETCOLXX,2044,0.3964
GLOBAL,PWRPETCOLXX,2045,0.3964
GLOBAL,PWRPETCOLXX,2046,0.1795
GLOBAL,PWRPETCOLXX,2047,0.1795
GLOBAL,PWRPETCOLXX,2048,0.1795
GLOBAL,PWRPETCOLXX,2049,0.1795
GLOBAL,PWRPETCOLXX,2050,0.1795
GLOBAL,PWRPETCRIXX,2027,1.2015
GLOBAL,PWRPETCRIXX,2028,1.2015
GLOBAL,PWRPETCRIXX,2029,1.2015
GLOBAL,PWRPETCRIXX,2030,1.2015
GLOBAL,PWRPETCRIXX,2031,1.1715
GLOBAL,PWRPETCRIXX,2032,1.1414
GLOBAL,PWRPETCRIXX,2033,1.1114
GLOBAL,PWRPETCRIXX,2034,1.0814
GLOBAL,PWRPETCRIXX,2035,1.0513
GLOBAL,PWRPETCRIXX,2036,1.0213
GLOBAL,PWRPETCRIXX,2037,0.9913
GLOBAL,PWRPETCRIXX,2038,0.9612
GLOBAL,PWRPETCRIXX,2039,0.9312
GLOBAL,PWRPETCRIXX,2040,0.9011
GLOBAL,PWRPETCRIXX,2041,0.8711
GLOBAL,PWRPETCRIXX,2042,0.8411
GLOBAL,PWRPETCRIXX,2043,0.811
GLOBAL,PWRPETCRIXX,2044,0.781
GLOBAL,PWRPETCRIXX,2045,0.751
GLOBAL,PWRPETCRIXX,2046,0.0032
GLOBAL,PWRPETCRIXX,2047,0.0031
GLOBAL,PWRPETCRIXX,2048,0.0029
GLOBAL,PWRPETCRIXX,2049,0.0028
GLOBAL,PWRPETCRIXX,2050,0.0027
GLOBAL,PWRPETDOMXX,2046,0.9393
GLOBAL,PWRPETDOMXX,2047,0.9001
GLOBAL,PWRPETDOMXX,2048,0.861
GLOBAL,PWRPETDOMXX,2049,0.8219
GLOBAL,PWRPETDOMXX,2050,0.7827
GLOBAL,PWRPETECUXX,2027,20.2858
GLOBAL,PWRPETECUXX,2028,21.2319
GLOBAL,PWRPETECUXX,2029,21.2319
GLOBAL,PWRPETECUXX,2030,21.2319
GLOBAL,PWRPETECUXX,2031,20.3473
GLOBAL,PWRPETECUXX,2032,19.4626
GLOBAL,PWRPETECUXX,2033,18.5779
GLOBAL,PWRPETECUXX,2034,17.6933
GLOBAL,PWRPETECUXX,2035,16.8086
GLOBAL,PWRPETECUXX,2036,15.9239
GLOBAL,PWRPETECUXX,2037,15.0393
GLOBAL,PWRPETECUXX,2038,14.1546
GLOBAL,PWRPETECUXX,2039,13.27
GLOBAL,PWRPETECUXX,2040,12.3853
GLOBAL,PWRPETECUXX,2041,11.5006
GLOBAL,PWRPETECUXX,2042,10.616
GLOBAL,PWRPETECUXX,2043,9.7313
GLOBAL,PWRPETECUXX,2044,8.8466
GLOBAL,PWRPETECUXX,2045,12.4052
GLOBAL,PWRPETECUXX,2046,7.6569
GLOBAL,PWRPETECUXX,2047,6.6998
GLOBAL,PWRPETECUXX,2048,5.7427
GLOBAL,PWRPETECUXX,2049,4.7856
GLOBAL,PWRPETECUXX,2050,3.8285
GLOBAL,PWRPETGTMXX,2027,0.175
GLOBAL,PWRPETGTMXX,2028,0.175
GLOBAL,PWRPETGTMXX,2029,0.2226
GLOBAL,PWRPETGTMXX,2030,0.2226
GLOBAL,PWRPETGTMXX,2031,0.293
GLOBAL,PWRPETGTMXX,2032,0.2855
GLOBAL,PWRPETGTMXX,2033,0.278
GLOBAL,PWRPETGTMXX,2034,0.3213
GLOBAL,PWRPETGTMXX,2035,0.3124
GLOBAL,PWRPETGTMXX,2036,0.3034
GLOBAL,PWRPETGTMXX,2037,0.2945
GLOBAL,PWRPETGTMXX,2038,0.3459
GLOBAL,PWRPETGTMXX,2039,1.0008
GLOBAL,PWRPETGTMXX,2040,0.9685
GLOBAL,PWRPETGTMXX,2041,0.9363
GLOBAL,PWRPETGTMXX,2042,0.904
GLOBAL,PWRPETGTMXX,2043,0.8717
GLOBAL,PWRPETGTMXX,2044,1.1668
GLOBAL,PWRPETGTMXX,2045,1.1219
GLOBAL,PWRPETGTMXX,2046,0.3196
GLOBAL,PWRPETGTMXX,2047,0.3063
GLOBAL,PWRPETGTMXX,2048,0.293
GLOBAL,PWRPETGTMXX,2049,0.2796
GLOBAL,PWRPETGTMXX,2050,0.2663
GLOBAL,PWRPETHNDXX,2027,13.1546
GLOBAL,PWRPETHNDXX,2028,13.1546
GLOBAL,PWRPETHNDXX,2029,13.1546
GLOBAL,PWRPETHNDXX,2030,13.1546
GLOBAL,PWRPETHNDXX,2031,12.5908
GLOBAL,PWRPETHNDXX,2032,12.0271
GLOBAL,PWRPETHNDXX,2033,11.4633
GLOBAL,PWRPETHNDXX,2034,10.8995
GLOBAL,PWRPETHNDXX,2035,10.3358
GLOBAL,PWRPETHNDXX,2036,9.772
GLOBAL,PWRPETHNDXX,2037,9.2082
GLOBAL,PWRPETHNDXX,2038,8.6445
GLOBAL,PWRPETHNDXX,2039,8.0807
GLOBAL,PWRPETHNDXX,2040,7.5169
GLOBAL,PWRPETHNDXX,2041,6.9532
GLOBAL,PWRPETHNDXX,2042,6.3894
GLOBAL,PWRPETHNDXX,2043,5.8256
GLOBAL,PWRPETHNDXX,2044,5.2618
GLOBAL,PWRPETHNDXX,2045,4.6981
GLOBAL,PWRPETHNDXX,2046,2.7918
GLOBAL,PWRPETHNDXX,2047,2.4111
GLOBAL,PWRPETHNDXX,2048,2.0304
GLOBAL,PWRPETHNDXX,2049,1.6497
GLOBAL,PWRPETHNDXX,2050,1.269
GLOBAL,PWRPETHTIXX,2046,0.4674
GLOBAL,PWRPETHTIXX,2047,0.4479
GLOBAL,PWRPETHTIXX,2048,0.4284
GLOBAL,PWRPETHTIXX,2049,0.4089
GLOBAL,PWRPETHTIXX,2050,0.3895
GLOBAL,PWRPETMEXXX,2027,33.6466
GLOBAL,PWRPETMEXXX,2028,33.6466
GLOBAL,PWRPETMEXXX,2029,33.6466
GLOBAL,PWRPETMEXXX,2030,33.6466
GLOBAL,PWRPETMEXXX,2031,32.8553
GLOBAL,PWRPETMEXXX,2032,32.0639
GLOBAL,PWRPETMEXXX,2033,31.2725
GLOBAL,PWRPETMEXXX,2034,30.4812
GLOBAL,PWRPETMEXXX,2035,29.6898
GLOBAL,PWRPETMEXXX,2036,28.8985
GLOBAL,PWRPETMEXXX,2037,28.1071
GLOBAL,PWRPETMEXXX,2038,27.3157
GLOBAL,PWRPETMEXXX,2039,26.5244
GLOBAL,PWRPETMEXXX,2040,25.733
GLOBAL,PWRPETMEXXX,2041,24.9417
GLOBAL,PWRPETMEXXX,2042,24.1503
GLOBAL,PWRPETMEXXX,2043,23.3589
GLOBAL,PWRPETMEXXX,2044,22.5676
GLOBAL,PWRPETMEXXX,2045,21.7762
GLOBAL,PWRPETPANXX,2046,0.5183
GLOBAL,PWRPETPANXX,2047,0.4478
GLOBAL,PWRPETPANXX,2048,0.3772
GLOBAL,PWRPETPANXX,2049,0.3066
GLOBAL,PWRPETPANXX,2050,0.236
GLOBAL,PWRPETPERXX,2027,3.002
GLOBAL,PWRPETPERXX,2028,3.002
GLOBAL,PWRPETPERXX,2029,3.002
GLOBAL,PWRPETPERXX,2030,3.002
GLOBAL,PWRPETPERXX,2031,3.002
GLOBAL,PWRPETPERXX,2032,3.002
GLOBAL,PWRPETPERXX,2033,3.002
GLOBAL,PWRPETPERXX,2034,3.002
GLOBAL,PWRPETPERXX,2035,3.002
GLOBAL,PWRPETPERXX,2036,3.002
GLOBAL,PWRPETPERXX,2037,3.002
GLOBAL,PWRPETPERXX,2038,3.002
GLOBAL,PWRPETPERXX,2039,3.002
GLOBAL,PWRPETPERXX,2040,3.002
GLOBAL,PWRPETPERXX,2041,3.002
GLOBAL,PWRPETPERXX,2042,3.002
GLOBAL,PWRPETPERXX,2043,3.002
GLOBAL,PWRPETPERXX,2044,3.002
GLOBAL,PWRPETPERXX,2045,3.002
GLOBAL,PWRPETPERXX,2046,1.0007
GLOBAL,PWRPETPERXX,2047,1.0007
GLOBAL,PWRPETPERXX,2048,1.0007
GLOBAL,PWRPETPERXX,2049,1.0007
GLOBAL,PWRPETPERXX,2050,1.0007
GLOBAL,PWRPETPRYXX,2027,0.0031
GLOBAL,PWRPETPRYXX,2028,0.0031
GLOBAL,PWRPETPRYXX,2029,0.0031
GLOBAL,PWRPETPRYXX,2030,0.0031
GLOBAL,PWRPETPRYXX,2031,0.003
GLOBAL,PWRPETPRYXX,2032,0.0029
GLOBAL,PWRPETPRYXX,2033,0.0028
GLOBAL,PWRPETPRYXX,2034,0.0026
GLOBAL,PWRPETPRYXX,2035,0.0025
GLOBAL,PWRPETPRYXX,2036,0.0024
GLOBAL,PWRPETPRYXX,2037,0.0023
GLOBAL,PWRPETPRYXX,2038,0.0022
GLOBAL,PWRPETPRYXX,2039,0.0021
GLOBAL,PWRPETPRYXX,2040,0.0019
GLOBAL,PWRPETPRYXX,2041,0.0018
GLOBAL,PWRPETPRYXX,2042,0.0017
GLOBAL,PWRPETPRYXX,2043,0.0016
GLOBAL,PWRPETPRYXX,2044,0.0015
GLOBAL,PWRPETPRYXX,2045,0.0014
GLOBAL,PWRPETPRYXX,2046,0.0013
GLOBAL,PWRPETPRYXX,2047,0.0011
GLOBAL,PWRPETPRYXX,2048,0.001
GLOBAL,PWRPETPRYXX,2049,0.0009
GLOBAL,PWRPETPRYXX,2050,0.0008
GLOBAL,PWRPETURYXX,2027,1.6699
GLOBAL,PWRPETURYXX,2028,1.6699
GLOBAL,PWRPETURYXX,2029,1.6699
GLOBAL,PWRPETURYXX,2030,1.6699
GLOBAL,PWRPETURYXX,2031,1.6699
GLOBAL,PWRPETURYXX,2032,1.6699
GLOBAL,PWRPETURYXX,2033,1.6699
GLOBAL,PWRPETURYXX,2034,1.6699
GLOBAL,PWRPETURYXX,2035,1.6699
GLOBAL,PWRPETURYXX,2036,1.6699
GLOBAL,PWRPETURYXX,2037,1.6699
GLOBAL,PWRPETURYXX,2038,1.6699
GLOBAL,PWRPETURYXX,2039,1.6699
GLOBAL,PWRPETURYXX,2040,1.6699
GLOBAL,PWRPETURYXX,2041,1.6699
GLOBAL,PWRPETURYXX,2042,1.6699
GLOBAL,PWRPETURYXX,2043,1.6699
GLOBAL,PWRPETURYXX,2044,1.6699
GLOBAL,PWRPETURYXX,2045,1.6699
GLOBAL,PWRPETURYXX,2046,1.6699
GLOBAL,PWRPETURYXX,2047,1.6699
GLOBAL,PWRPETURYXX,2048,1.6699
GLOBAL,PWRPETURYXX,2049,1.6699
GLOBAL,PWRPETURYXX,2050,1.6699
